{"uKEBA9utrlMzkvLSZihDb26SICDFIZki9hEw_ET-":{"id":"uKEBA9utrlMzkvLSZihDb26SICDFIZki9hEw_ET-","media_id":"","title":"Africas Hunters","description":"","first":"A","duration":"2768","type":"show","seasons":"","icon":"https:\/\/static-content.solocoo.tv\/vod\/lovenature\/publish\/posters\/73173en_serie_147_219.jpg","category":"Documentary","vidcollection":"","ord":"24","datum":"20160101"},"gRGEMeeuB4OW2bgEuaP5aR1y-I9bcqLYuYtW-KY5":{"id":"gRGEMeeuB4OW2bgEuaP5aR1y-I9bcqLYuYtW-KY5","media_id":"","title":"Africas Wild Year","description":"","first":"A","duration":"2883","type":"show","seasons":"","icon":"https:\/\/static-content.solocoo.tv\/vod\/lovenature\/publish\/posters\/44114en_serie_147_219.jpg","category":"Documentary","vidcollection":"","ord":"6","datum":"20210101"},"-0Rp2JzdvxrUJT6vhEaWj_2g_VqP_3LcN1PYOcLF":{"id":"-0Rp2JzdvxrUJT6vhEaWj_2g_VqP_3LcN1PYOcLF","media_id":"","title":"After the Wildfires","description":"","first":"A","duration":"3003","type":"show","seasons":"","icon":"https:\/\/static-content.solocoo.tv\/vod\/lovenature\/publish\/posters\/24114en_serie_147_219.jpg","category":"Documentary","vidcollection":"","ord":"5","datum":"20210101"},"vOxczJceXvIxqcm5Q5uSqy612I2rI2dLVom87Ylv":{"id":"vOxczJceXvIxqcm5Q5uSqy612I2rI2dLVom87Ylv","media_id":"","title":"Amazing Animal Friends","description":"","first":"A","duration":"2883","type":"show","seasons":"","icon":"https:\/\/static-content.solocoo.tv\/vod\/lovenature\/publish\/posters\/31493en_serie_147_219.jpg","category":"Documentary","vidcollection":"","ord":"12","datum":"20200101"},"Feal-Ceo3TaLuU05I3juwxSo1Zp8S4TUmgodaawC":{"id":"Feal-Ceo3TaLuU05I3juwxSo1Zp8S4TUmgodaawC","media_id":"","title":"Americas Wild Border Northern Exposure","description":"","first":"A","duration":"2880","type":"show","seasons":"","icon":"https:\/\/static-content.solocoo.tv\/vod\/lovenature\/publish\/posters\/77704en_serie_147_219.jpg","category":"Documentary","vidcollection":"","ord":"11","datum":"20200101"},"O3-AjAzY0UQDykCTxpB10NaZpAZr05rnDtYUnldN":{"id":"O3-AjAzY0UQDykCTxpB10NaZpAZr05rnDtYUnldN","media_id":"","title":"Arabian Seas","description":"","first":"A","duration":"2768","type":"show","seasons":"","icon":"https:\/\/static-content.solocoo.tv\/vod\/lovenature\/publish\/posters\/65783en_serie_147_219.jpg","category":"Documentary","vidcollection":"","ord":"19","datum":"20170101"},"xRKuMPrO2PgXDwC0TiRYCb1D30Z9lANt2MwowuSB":{"id":"xRKuMPrO2PgXDwC0TiRYCb1D30Z9lANt2MwowuSB","media_id":"","title":"Baboons Rules of the Troop","description":"","first":"B","duration":"2883","type":"show","seasons":"","icon":"https:\/\/static-content.solocoo.tv\/vod\/lovenature\/publish\/posters\/16914en_serie_147_219.jpg","category":"Documentary","vidcollection":"","ord":"3","datum":"20210101"},"aslAAJM4KzkZNYy8xKCm69R87YOvHVWnum5YysnI":{"id":"aslAAJM4KzkZNYy8xKCm69R87YOvHVWnum5YysnI","media_id":"","title":"Battle of the Alphas","description":"","first":"B","duration":"1442","type":"show","seasons":"","icon":"https:\/\/static-content.solocoo.tv\/vod\/lovenature\/publish\/posters\/05424en_serie_147_219.jpg","category":"Documentary","vidcollection":"","ord":"4","datum":"20210101"},"4-4Mdf-dWTnEJ-5_5xnD8DOZY-1KcHVpdQDwg7Er":{"id":"4-4Mdf-dWTnEJ-5_5xnD8DOZY-1KcHVpdQDwg7Er","media_id":"","title":"Big Cat Country","description":"","first":"B","duration":"2885","type":"show","seasons":"","icon":"https:\/\/static-content.solocoo.tv\/vod\/lovenature\/publish\/posters\/16073en_serie_147_219.jpg","category":"Documentary","vidcollection":"","ord":"13","datum":"20190101"},"AR1FyuifcKWTtb-ey4fGb8wETgBV157ZTHfN1BW0":{"id":"AR1FyuifcKWTtb-ey4fGb8wETgBV157ZTHfN1BW0","media_id":"","title":"Dawn to Dusk","description":"","first":"D","duration":"2880","type":"show","seasons":"","icon":"https:\/\/static-content.solocoo.tv\/vod\/lovenature\/publish\/posters\/77414en_serie_147_219.jpg","category":"Documentary","vidcollection":"","ord":"2","datum":"20210101"},"l96XWPAZxVEH3nyWHm9Ro-PjOtIxDWhsbyiDWemv":{"id":"l96XWPAZxVEH3nyWHm9Ro-PjOtIxDWhsbyiDWemv","media_id":"","title":"Dogs With Extraordinary Jobs","description":"","first":"D","duration":"2883","type":"show","seasons":"","icon":"https:\/\/static-content.solocoo.tv\/vod\/lovenature\/publish\/posters\/18563en_serie_147_219.jpg","category":"Documentary","vidcollection":"","ord":"14","datum":"20190101"},"-0TNQu2ouXPuJw3I61FrxuxwvuwtmTH-BMJ9LDqT":{"id":"-0TNQu2ouXPuJw3I61FrxuxwvuwtmTH-BMJ9LDqT","media_id":"","title":"Guardians of the Wild","description":"","first":"G","duration":"2765","type":"show","seasons":"","icon":"https:\/\/static-content.solocoo.tv\/vod\/lovenature\/publish\/posters\/64753en_serie_147_219.jpg","category":"Documentary","vidcollection":"","ord":"16","datum":"20180101"},"7kxdauS8lYlnPuxwfR5ZdbNqlXZceDbDKXwm9z9m":{"id":"7kxdauS8lYlnPuxwfR5ZdbNqlXZceDbDKXwm9z9m","media_id":"","title":"Kingdom of the Tide","description":"","first":"K","duration":"2912","type":"show","seasons":"","icon":"https:\/\/static-content.solocoo.tv\/vod\/lovenature\/publish\/posters\/90014en_serie_147_219.jpg","category":"Documentary","vidcollection":"","ord":"1","datum":"20210101"},"Y3xo-qrQairDFdXBMDrsojMpc9nsj8FkQkMLNQsn":{"id":"Y3xo-qrQairDFdXBMDrsojMpc9nsj8FkQkMLNQsn","media_id":"","title":"Land Of Gremlins","description":"","first":"L","duration":"2672","type":"show","seasons":"","icon":"https:\/\/static-content.solocoo.tv\/vod\/lovenature\/publish\/posters\/38630en_serie_147_219.jpg","category":"Documentary","vidcollection":"","ord":"25","datum":"20150101"},"C5fo3TyPU-ejiFMPKdlxSatgie1wfjtHVsKjIwqS":{"id":"C5fo3TyPU-ejiFMPKdlxSatgie1wfjtHVsKjIwqS","media_id":"","title":"Lifes Journey","description":"","first":"L","duration":"2764","type":"show","seasons":"","icon":"https:\/\/static-content.solocoo.tv\/vod\/lovenature\/publish\/posters\/24063en_serie_147_219.jpg","category":"Documentary","vidcollection":"","ord":"21","datum":"20170101"},"3FEFf4f-OxXypmo0Vkotrl1av1cvC9ZkexXygnmh":{"id":"3FEFf4f-OxXypmo0Vkotrl1av1cvC9ZkexXygnmh","media_id":"","title":"Malawi Wildlife Rescue","description":"","first":"M","duration":"2885","type":"show","seasons":"","icon":"https:\/\/static-content.solocoo.tv\/vod\/lovenature\/publish\/posters\/67883en_serie_147_219.jpg","category":"Documentary","vidcollection":"","ord":"15","datum":"20190101"},"54ao-N5YIEFMVQO8q_AJMD-kWeJY1YJ-yu0_gAWt":{"id":"54ao-N5YIEFMVQO8q_AJMD-kWeJY1YJ-yu0_gAWt","media_id":"","title":"New Kids in the Wild","description":"","first":"N","duration":"3003","type":"show","seasons":"","icon":"https:\/\/static-content.solocoo.tv\/vod\/lovenature\/publish\/posters\/21314en_serie_147_219.jpg","category":"Documentary","vidcollection":"","ord":"8","datum":"20200101"},"MdgZDlot8706XrIu4q6yTuumwt_TEYl6fjntxUBG":{"id":"MdgZDlot8706XrIu4q6yTuumwt_TEYl6fjntxUBG","media_id":"","title":"Orangutan Jungle School","description":"","first":"O","duration":"2766","type":"show","seasons":"","icon":"https:\/\/static-content.solocoo.tv\/vod\/lovenature\/publish\/posters\/37753en_serie_147_219.jpg","category":"Documentary","vidcollection":"","ord":"17","datum":"20180101"},"-ZJ8jtfLVyakv2gOEWUTZ-MgVZjAr_MRlJ0_PkHS":{"id":"-ZJ8jtfLVyakv2gOEWUTZ-MgVZjAr_MRlJ0_PkHS","media_id":"","title":"Over Australia","description":"","first":"O","duration":"2768","type":"show","seasons":"","icon":"https:\/\/static-content.solocoo.tv\/vod\/lovenature\/publish\/posters\/61463en_serie_147_219.jpg","category":"Documentary","vidcollection":"","ord":"18","datum":"20170101"},"6poNjTbmBlI5WhNYClvG-M8mhDkbYz_d8w-KYWRw":{"id":"6poNjTbmBlI5WhNYClvG-M8mhDkbYz_d8w-KYWRw","media_id":"","title":"Pridelands Wilderness Reborn","description":"","first":"P","duration":"3003","type":"show","seasons":"","icon":"https:\/\/static-content.solocoo.tv\/vod\/lovenature\/publish\/posters\/89193en_serie_147_219.jpg","category":"Documentary","vidcollection":"","ord":"7","datum":"20200101"},"lLR8wbXFeBJxn-mqgv_UTzFBJnniCvlFQBS5e77t":{"id":"lLR8wbXFeBJxn-mqgv_UTzFBJnniCvlFQBS5e77t","media_id":"","title":"Secret Life of the Kangaroo","description":"","first":"S","duration":"2739","type":"show","seasons":"","icon":"https:\/\/static-content.solocoo.tv\/vod\/lovenature\/publish\/posters\/59530en_serie_147_219.jpg","category":"Documentary","vidcollection":"","ord":"23","datum":"20160101"},"LMesMdO3Dy0mm2RbxfaUyR3JmaYwL-cJF-LQ4k8K":{"id":"LMesMdO3Dy0mm2RbxfaUyR3JmaYwL-cJF-LQ4k8K","media_id":"","title":"The Great Elephant Tale","description":"","first":"T","duration":"2883","type":"show","seasons":"","icon":"https:\/\/static-content.solocoo.tv\/vod\/lovenature\/publish\/posters\/25804en_serie_147_219.jpg","category":"Documentary","vidcollection":"","ord":"10","datum":"20200101"},"iZu7oA06AjavqOj273uXkgybTd8Hhha0NbuhuZEt":{"id":"iZu7oA06AjavqOj273uXkgybTd8Hhha0NbuhuZEt","media_id":"","title":"Untamed Valley","description":"","first":"U","duration":"2765","type":"show","seasons":"","icon":"https:\/\/static-content.solocoo.tv\/vod\/lovenature\/publish\/posters\/01263en_serie_147_219.jpg","category":"Documentary","vidcollection":"","ord":"20","datum":"20170101"},"o85gUrCvKZz8STZV7miO908U_-3MNuR2ExH6kQnH":{"id":"o85gUrCvKZz8STZV7miO908U_-3MNuR2ExH6kQnH","media_id":"","title":"Wild Pacific Rescue","description":"","first":"W","duration":"2881","type":"show","seasons":"","icon":"https:\/\/static-content.solocoo.tv\/vod\/lovenature\/publish\/posters\/33124en_serie_147_219.jpg","category":"Documentary","vidcollection":"","ord":"9","datum":"20200101"},"_VE1WF2pd_LeI7ZOd1FrBXVrlHsowPDAYsfbd0x8":{"id":"_VE1WF2pd_LeI7ZOd1FrBXVrlHsowPDAYsfbd0x8","media_id":"","title":"Wildlife Icons","description":"","first":"W","duration":"2672","type":"show","seasons":"","icon":"https:\/\/static-content.solocoo.tv\/vod\/lovenature\/publish\/posters\/21530en_serie_147_219.jpg","category":"Documentary","vidcollection":"","ord":"22","datum":"20160101"}}