<programme channel="161" start="20221229000000 +0000" stop="20221229030000 +0000" catchup-id="900869166"><title>Raazi</title><date></date><icon src="https://images.tv.kpn.com/epg/DmKP9BbAk57OpRET5qYACngFI9AgaaEr3b5bZHgi1VWgs/1920x1080.jpg?blurred=false"></icon><desc>Programmabeschrijving niet beschikbaar</desc><category></category></programme><programme channel="161" start="20221229030000 +0000" stop="20221229060000 +0000" catchup-id="900869169"><title>Ghayal</title><date></date><icon src="https://images.tv.kpn.com/epg/OLqYeGH7HPSPSoRrWorwkhcAxus6z1cbeiR9AxA9BD9ARc/1920x1080.jpg?blurred=false"></icon><desc>Programmabeschrijving niet beschikbaar</desc><category></category></programme><programme channel="161" start="20221229060000 +0000" stop="20221229090000 +0000" catchup-id="900869175"><title>Paraya Dhan</title><date></date><icon src="https://images.tv.kpn.com/epg/tQRQpLgtNTO0v1am66A13jss5dasIDqtVPHIX1I1FR8/1920x1080.jpg?blurred=false"></icon><desc>Programmabeschrijving niet beschikbaar</desc><category></category></programme><programme channel="161" start="20221229090000 +0000" stop="20221229120000 +0000" catchup-id="900869181"><title>Ra One</title><date></date><icon src="https://images.tv.kpn.com/epg/ipZ8kUXgET8qA81GFZwEcvAXDK8JEVnoIEotCBdEeT8/1920x1080.jpg?blurred=false"></icon><desc>Programmabeschrijving niet beschikbaar</desc><category></category></programme><programme channel="161" start="20221229120000 +0000" stop="20221229150000 +0000" catchup-id="900869187"><title>Mard</title><date></date><icon src="https://images.tv.kpn.com/epg/ipZ8kUXgET8qA81GFZwEcvAXDK8JEVnoIEotCBdEeT8/1920x1080.jpg?blurred=false"></icon><desc>Programmabeschrijving niet beschikbaar</desc><category></category></programme><programme channel="161" start="20221229150000 +0000" stop="20221229180000 +0000" catchup-id="900869193"><title>Shaadi Mein Zaroor Aana</title><date></date><icon src="https://images.tv.kpn.com/epg/13YaSo1V9AkC3ZQ0apFQIYHj2NwDeC7RcL29BJ3XerXF0/1920x1080.jpg?blurred=false"></icon><desc>Programmabeschrijving niet beschikbaar</desc><category></category></programme><programme channel="161" start="20221229180000 +0000" stop="20221229210000 +0000" catchup-id="900869199"><title>Antim: The Final Truth</title><date></date><icon src="https://images.tv.kpn.com/epg/13YaSo1V9AkC3ZQ0apFQIYHj2NwDeC7RcL29BJ3XerXF0/1920x1080.jpg?blurred=false"></icon><desc>Programmabeschrijving niet beschikbaar</desc><category></category></programme><programme channel="161" start="20221229210000 +0000" stop="20221230000000 +0000" catchup-id="900869205"><title>Gully Boy</title><date></date><icon src="https://images.tv.kpn.com/epg/OLqYeGH7HPSPSoRrWorwkhcAxus6z1cbeiR9AxA9BD9ARc/1920x1080.jpg?blurred=false"></icon><desc>Programmabeschrijving niet beschikbaar</desc><category></category></programme><programme channel="161" start="20221230000000 +0000" stop="20221230030000 +0000" catchup-id="900917145"><title>Vijay The Master</title><date></date><icon src="https://images.tv.kpn.com/epg/13YaSo1V9AkC3ZQ0apFQIYHj2NwDeC7RcL29BJ3XerXF0/1920x1080.jpg?blurred=false"></icon><desc>Programmabeschrijving niet beschikbaar</desc><category></category></programme><programme channel="161" start="20221230030000 +0000" stop="20221230060000 +0000" catchup-id="900917151"><title>Phool Aur Kaante</title><date></date><icon src="https://images.tv.kpn.com/epg/OLqYeGH7HPSPSoRrWorwkhcAxus6z1cbeiR9AxA9BD9ARc/1920x1080.jpg?blurred=false"></icon><desc>Programmabeschrijving niet beschikbaar</desc><category></category></programme><programme channel="161" start="20221230060000 +0000" stop="20221230090000 +0000" catchup-id="900917157"><title>Chitchor</title><date></date><icon src="https://images.tv.kpn.com/epg/ipZ8kUXgET8qA81GFZwEcvAXDK8JEVnoIEotCBdEeT8/1920x1080.jpg?blurred=false"></icon><desc>Programmabeschrijving niet beschikbaar</desc><category></category></programme><programme channel="161" start="20221230090000 +0000" stop="20221230120000 +0000" catchup-id="900917163"><title>Khiladi</title><date></date><icon src="https://images.tv.kpn.com/epg/OLqYeGH7HPSPSoRrWorwkhcAxus6z1cbeiR9AxA9BD9ARc/1920x1080.jpg?blurred=false"></icon><desc>Programmabeschrijving niet beschikbaar</desc><category></category></programme><programme channel="161" start="20221230120000 +0000" stop="20221230150000 +0000" catchup-id="900917169"><title>Saagar</title><date></date><icon src="https://images.tv.kpn.com/epg/13YaSo1V9AkC3ZQ0apFQIYHj2NwDeC7RcL29BJ3XerXF0/1920x1080.jpg?blurred=false"></icon><desc>Programmabeschrijving niet beschikbaar</desc><category></category></programme><programme channel="161" start="20221230150000 +0000" stop="20221230180000 +0000" catchup-id="900917175"><title>Baazigar</title><date></date><icon src="https://images.tv.kpn.com/epg/tQRQpLgtNTO0v1am66A13jss5dasIDqtVPHIX1I1FR8/1920x1080.jpg?blurred=false"></icon><desc>Programmabeschrijving niet beschikbaar</desc><category></category></programme><programme channel="161" start="20221230180000 +0000" stop="20221230210000 +0000" catchup-id="900917181"><title>Sharmaji Namkeen</title><date></date><icon src="https://images.tv.kpn.com/epg/ipZ8kUXgET8qA81GFZwEcvAXDK8JEVnoIEotCBdEeT8/1920x1080.jpg?blurred=false"></icon><desc>Programmabeschrijving niet beschikbaar</desc><category></category></programme><programme channel="161" start="20221230210000 +0000" stop="20221231000000 +0000" catchup-id="900917184"><title>Khaali Peeli</title><date></date><icon src="https://images.tv.kpn.com/epg/ipZ8kUXgET8qA81GFZwEcvAXDK8JEVnoIEotCBdEeT8/1920x1080.jpg?blurred=false"></icon><desc>Programmabeschrijving niet beschikbaar</desc><category></category></programme><programme channel="161" start="20221231000000 +0000" stop="20221231030000 +0000" catchup-id="900960321"><title>Vijay The Master</title><date></date><icon src="https://images.tv.kpn.com/epg/OLqYeGH7HPSPSoRrWorwkhcAxus6z1cbeiR9AxA9BD9ARc/1920x1080.jpg?blurred=false"></icon><desc>Programmabeschrijving niet beschikbaar</desc><category></category></programme><programme channel="161" start="20221231030000 +0000" stop="20221231060000 +0000" catchup-id="900960324"><title>Phool Aur Kaante</title><date></date><icon src="https://images.tv.kpn.com/epg/13YaSo1V9AkC3ZQ0apFQIYHj2NwDeC7RcL29BJ3XerXF0/1920x1080.jpg?blurred=false"></icon><desc>Programmabeschrijving niet beschikbaar</desc><category></category></programme><programme channel="161" start="20221231060000 +0000" stop="20221231090000 +0000" catchup-id="900960327"><title>Chitchor</title><date></date><icon src="https://images.tv.kpn.com/epg/tQRQpLgtNTO0v1am66A13jss5dasIDqtVPHIX1I1FR8/1920x1080.jpg?blurred=false"></icon><desc>Programmabeschrijving niet beschikbaar</desc><category></category></programme><programme channel="161" start="20221231090000 +0000" stop="20221231120000 +0000" catchup-id="900960330"><title>Khiladi</title><date></date><icon src="https://images.tv.kpn.com/epg/13YaSo1V9AkC3ZQ0apFQIYHj2NwDeC7RcL29BJ3XerXF0/1920x1080.jpg?blurred=false"></icon><desc>Programmabeschrijving niet beschikbaar</desc><category></category></programme><programme channel="161" start="20221231120000 +0000" stop="20221231150000 +0000" catchup-id="900960333"><title>Saagar</title><date></date><icon src="https://images.tv.kpn.com/epg/ipZ8kUXgET8qA81GFZwEcvAXDK8JEVnoIEotCBdEeT8/1920x1080.jpg?blurred=false"></icon><desc>Programmabeschrijving niet beschikbaar</desc><category></category></programme><programme channel="161" start="20221231150000 +0000" stop="20221231180000 +0000" catchup-id="900960336"><title>Baazigar</title><date></date><icon src="https://images.tv.kpn.com/epg/OLqYeGH7HPSPSoRrWorwkhcAxus6z1cbeiR9AxA9BD9ARc/1920x1080.jpg?blurred=false"></icon><desc>Programmabeschrijving niet beschikbaar</desc><category></category></programme><programme channel="161" start="20221231180000 +0000" stop="20221231210000 +0000" catchup-id="900960339"><title>Sharmaji Namkeen</title><date></date><icon src="https://images.tv.kpn.com/epg/OLqYeGH7HPSPSoRrWorwkhcAxus6z1cbeiR9AxA9BD9ARc/1920x1080.jpg?blurred=false"></icon><desc>Programmabeschrijving niet beschikbaar</desc><category></category></programme><programme channel="161" start="20221231210000 +0000" stop="20230101000000 +0000" catchup-id="900960342"><title>Khaali Peeli</title><date></date><icon src="https://images.tv.kpn.com/epg/tQRQpLgtNTO0v1am66A13jss5dasIDqtVPHIX1I1FR8/1920x1080.jpg?blurred=false"></icon><desc>Programmabeschrijving niet beschikbaar</desc><category></category></programme><programme channel="161" start="20230101000000 +0000" stop="20230101030000 +0000" catchup-id="901001274"><title>Dhaakad</title><date></date><icon src="https://images.tv.kpn.com/epg/OLqYeGH7HPSPSoRrWorwkhcAxus6z1cbeiR9AxA9BD9ARc/1920x1080.jpg?blurred=false"></icon><desc>Programmabeschrijving niet beschikbaar</desc><category></category></programme><programme channel="161" start="20230101030000 +0000" stop="20230101060000 +0000" catchup-id="901001277"><title>Lagaan</title><date></date><icon src="https://images.tv.kpn.com/epg/13YaSo1V9AkC3ZQ0apFQIYHj2NwDeC7RcL29BJ3XerXF0/1920x1080.jpg?blurred=false"></icon><desc>Programmabeschrijving niet beschikbaar</desc><category></category></programme><programme channel="161" start="20230101060000 +0000" stop="20230101090000 +0000" catchup-id="901001280"><title>Double Dhamaal</title><date></date><icon src="https://images.tv.kpn.com/epg/OLqYeGH7HPSPSoRrWorwkhcAxus6z1cbeiR9AxA9BD9ARc/1920x1080.jpg?blurred=false"></icon><desc>Programmabeschrijving niet beschikbaar</desc><category></category></programme><programme channel="161" start="20230101090000 +0000" stop="20230101120000 +0000" catchup-id="901001283"><title>Pardes</title><date></date><icon src="https://images.tv.kpn.com/epg/13YaSo1V9AkC3ZQ0apFQIYHj2NwDeC7RcL29BJ3XerXF0/1920x1080.jpg?blurred=false"></icon><desc>Programmabeschrijving niet beschikbaar</desc><category></category></programme><programme channel="161" start="20230101120000 +0000" stop="20230101150000 +0000" catchup-id="901001286"><title>Mann</title><date></date><icon src="https://images.tv.kpn.com/epg/13YaSo1V9AkC3ZQ0apFQIYHj2NwDeC7RcL29BJ3XerXF0/1920x1080.jpg?blurred=false"></icon><desc>Programmabeschrijving niet beschikbaar</desc><category></category></programme><programme channel="161" start="20230101150000 +0000" stop="20230101180000 +0000" catchup-id="901001289"><title>Waqt -race Against Time</title><date></date><icon src="https://images.tv.kpn.com/epg/OLqYeGH7HPSPSoRrWorwkhcAxus6z1cbeiR9AxA9BD9ARc/1920x1080.jpg?blurred=false"></icon><desc>Programmabeschrijving niet beschikbaar</desc><category></category></programme><programme channel="161" start="20230101180000 +0000" stop="20230101210000 +0000" catchup-id="901001292"><title>Darlings</title><date></date><icon src="https://images.tv.kpn.com/epg/tQRQpLgtNTO0v1am66A13jss5dasIDqtVPHIX1I1FR8/1920x1080.jpg?blurred=false"></icon><desc>Programmabeschrijving niet beschikbaar</desc><category></category></programme><programme channel="161" start="20230101210000 +0000" stop="20230102000000 +0000" catchup-id="901001295"><title>Tumbbad</title><date></date><icon src="https://images.tv.kpn.com/epg/xbOQUqpO1vZpe0BbyiA9C8VXOelvL6ij9BJvY5hTVPZt8/1920x1080.jpg?blurred=false"></icon><desc>Programmabeschrijving niet beschikbaar</desc><category></category></programme><programme channel="161" start="20230102000000 +0000" stop="20230102030000 +0000" catchup-id="901041585"><title>Karan Arjun</title><date></date><icon src="https://images.tv.kpn.com/epg/ipZ8kUXgET8qA81GFZwEcvAXDK8JEVnoIEotCBdEeT8/1920x1080.jpg?blurred=false"></icon><desc>Programmabeschrijving niet beschikbaar</desc><category></category></programme><programme channel="161" start="20230102030000 +0000" stop="20230102060000 +0000" catchup-id="901041588"><title>Tere Naam</title><date></date><icon src="https://images.tv.kpn.com/epg/13YaSo1V9AkC3ZQ0apFQIYHj2NwDeC7RcL29BJ3XerXF0/1920x1080.jpg?blurred=false"></icon><desc>Programmabeschrijving niet beschikbaar</desc><category></category></programme><programme channel="161" start="20230102060000 +0000" stop="20230102090000 +0000" catchup-id="901041591"><title>Hero</title><date></date><icon src="https://images.tv.kpn.com/epg/tQRQpLgtNTO0v1am66A13jss5dasIDqtVPHIX1I1FR8/1920x1080.jpg?blurred=false"></icon><desc>Programmabeschrijving niet beschikbaar</desc><category></category></programme><programme channel="161" start="20230102090000 +0000" stop="20230102120000 +0000" catchup-id="901041594"><title>Partner</title><date></date><icon src="https://images.tv.kpn.com/epg/tQRQpLgtNTO0v1am66A13jss5dasIDqtVPHIX1I1FR8/1920x1080.jpg?blurred=false"></icon><desc>Programmabeschrijving niet beschikbaar</desc><category></category></programme><programme channel="161" start="20230102120000 +0000" stop="20230102150000 +0000" catchup-id="901041597"><title>Bulandi</title><date></date><icon src="https://images.tv.kpn.com/epg/ipZ8kUXgET8qA81GFZwEcvAXDK8JEVnoIEotCBdEeT8/1920x1080.jpg?blurred=false"></icon><desc>Programmabeschrijving niet beschikbaar</desc><category></category></programme><programme channel="161" start="20230102150000 +0000" stop="20230102180000 +0000" catchup-id="901041600"><title>Jo Jeeta Wohi Sikandar</title><date></date><icon src="https://images.tv.kpn.com/epg/ipZ8kUXgET8qA81GFZwEcvAXDK8JEVnoIEotCBdEeT8/1920x1080.jpg?blurred=false"></icon><desc>Programmabeschrijving niet beschikbaar</desc><category></category></programme><programme channel="161" start="20230102180000 +0000" stop="20230102210000 +0000" catchup-id="901041603"><title>Hum Saath Saath Hain</title><date></date><icon src="https://images.tv.kpn.com/epg/OLqYeGH7HPSPSoRrWorwkhcAxus6z1cbeiR9AxA9BD9ARc/1920x1080.jpg?blurred=false"></icon><desc>Programmabeschrijving niet beschikbaar</desc><category></category></programme><programme channel="161" start="20230102210000 +0000" stop="20230103000000 +0000" catchup-id="901041606"><title>Singh Is Bliing</title><date></date><icon src="https://images.tv.kpn.com/epg/13YaSo1V9AkC3ZQ0apFQIYHj2NwDeC7RcL29BJ3XerXF0/1920x1080.jpg?blurred=false"></icon><desc>Programmabeschrijving niet beschikbaar</desc><category></category></programme><programme channel="161" start="20230103000000 +0000" stop="20230103030000 +0000" catchup-id="901083123"><title>Hum Aapke Hain Kaun</title><date></date><icon src="https://images.tv.kpn.com/epg/tQRQpLgtNTO0v1am66A13jss5dasIDqtVPHIX1I1FR8/1920x1080.jpg?blurred=false"></icon><desc>Programmabeschrijving niet beschikbaar</desc><category></category></programme><programme channel="161" start="20230103030000 +0000" stop="20230103060000 +0000" catchup-id="901083126"><title>Maine Pyar Kiya</title><date></date><icon src="https://images.tv.kpn.com/epg/OLqYeGH7HPSPSoRrWorwkhcAxus6z1cbeiR9AxA9BD9ARc/1920x1080.jpg?blurred=false"></icon><desc>Programmabeschrijving niet beschikbaar</desc><category></category></programme><programme channel="161" start="20230103060000 +0000" stop="20230103090000 +0000" catchup-id="901083129"><title>Uphaar</title><date></date><icon src="https://images.tv.kpn.com/epg/OLqYeGH7HPSPSoRrWorwkhcAxus6z1cbeiR9AxA9BD9ARc/1920x1080.jpg?blurred=false"></icon><desc>Programmabeschrijving niet beschikbaar</desc><category></category></programme><programme channel="161" start="20230103090000 +0000" stop="20230103120000 +0000" catchup-id="901083132"><title>God Tussi Great Ho</title><date></date><icon src="https://images.tv.kpn.com/epg/13YaSo1V9AkC3ZQ0apFQIYHj2NwDeC7RcL29BJ3XerXF0/1920x1080.jpg?blurred=false"></icon><desc>Programmabeschrijving niet beschikbaar</desc><category></category></programme><programme channel="161" start="20230103120000 +0000" stop="20230103150000 +0000" catchup-id="901083135"><title>Sangam</title><date></date><icon src="https://images.tv.kpn.com/epg/tQRQpLgtNTO0v1am66A13jss5dasIDqtVPHIX1I1FR8/1920x1080.jpg?blurred=false"></icon><desc>Programmabeschrijving niet beschikbaar</desc><category></category></programme><programme channel="161" start="20230103150000 +0000" stop="20230103180000 +0000" catchup-id="901083138"><title>Tridev</title><date></date><icon src="https://images.tv.kpn.com/epg/tQRQpLgtNTO0v1am66A13jss5dasIDqtVPHIX1I1FR8/1920x1080.jpg?blurred=false"></icon><desc>Programmabeschrijving niet beschikbaar</desc><category></category></programme><programme channel="161" start="20230103180000 +0000" stop="20230103210000 +0000" catchup-id="901083141"><title>Happy Bhaag Jaayegi</title><date></date><icon src="https://images.tv.kpn.com/epg/ipZ8kUXgET8qA81GFZwEcvAXDK8JEVnoIEotCBdEeT8/1920x1080.jpg?blurred=false"></icon><desc>Programmabeschrijving niet beschikbaar</desc><category></category></programme><programme channel="161" start="20230103210000 +0000" stop="20230104000000 +0000" catchup-id="901083144"><title>Deewar</title><date></date><icon src="https://images.tv.kpn.com/epg/13YaSo1V9AkC3ZQ0apFQIYHj2NwDeC7RcL29BJ3XerXF0/1920x1080.jpg?blurred=false"></icon><desc>Programmabeschrijving niet beschikbaar</desc><category></category></programme><programme channel="161" start="20230104000000 +0000" stop="20230104030000 +0000" catchup-id="901128345"><title>Raees</title><date></date><icon src="https://images.tv.kpn.com/epg/tQRQpLgtNTO0v1am66A13jss5dasIDqtVPHIX1I1FR8/1920x1080.jpg?blurred=false"></icon><desc>Programmabeschrijving niet beschikbaar</desc><category></category></programme><programme channel="161" start="20230104030000 +0000" stop="20230104060000 +0000" catchup-id="901128348"><title>Dil Dhadakne Do</title><date></date><icon src="https://images.tv.kpn.com/epg/OLqYeGH7HPSPSoRrWorwkhcAxus6z1cbeiR9AxA9BD9ARc/1920x1080.jpg?blurred=false"></icon><desc>Programmabeschrijving niet beschikbaar</desc><category></category></programme><programme channel="161" start="20230104060000 +0000" stop="20230104090000 +0000" catchup-id="901128351"><title>Yuddh</title><date></date><icon src="https://images.tv.kpn.com/epg/13YaSo1V9AkC3ZQ0apFQIYHj2NwDeC7RcL29BJ3XerXF0/1920x1080.jpg?blurred=false"></icon><desc>Programmabeschrijving niet beschikbaar</desc><category></category></programme><programme channel="161" start="20230104090000 +0000" stop="20230104120000 +0000" catchup-id="901128354"><title>Ujda Chaman</title><date></date><icon src="https://images.tv.kpn.com/epg/OLqYeGH7HPSPSoRrWorwkhcAxus6z1cbeiR9AxA9BD9ARc/1920x1080.jpg?blurred=false"></icon><desc>Programmabeschrijving niet beschikbaar</desc><category></category></programme><programme channel="161" start="20230104120000 +0000" stop="20230104150000 +0000" catchup-id="901128357"><title>Coolie No 1</title><date></date><icon src="https://images.tv.kpn.com/epg/OLqYeGH7HPSPSoRrWorwkhcAxus6z1cbeiR9AxA9BD9ARc/1920x1080.jpg?blurred=false"></icon><desc>Programmabeschrijving niet beschikbaar</desc><category></category></programme><programme channel="161" start="20230104150000 +0000" stop="20230104180000 +0000" catchup-id="901128360"><title>Don-the Chase Begins Again</title><date></date><icon src="https://images.tv.kpn.com/epg/ipZ8kUXgET8qA81GFZwEcvAXDK8JEVnoIEotCBdEeT8/1920x1080.jpg?blurred=false"></icon><desc>Programmabeschrijving niet beschikbaar</desc><category></category></programme><programme channel="161" start="20230104180000 +0000" stop="20230104210000 +0000" catchup-id="901128363"><title>Barsaat - A Sublime Love Story</title><date></date><icon src="https://images.tv.kpn.com/epg/ipZ8kUXgET8qA81GFZwEcvAXDK8JEVnoIEotCBdEeT8/1920x1080.jpg?blurred=false"></icon><desc>Programmabeschrijving niet beschikbaar</desc><category></category></programme><programme channel="161" start="20230104210000 +0000" stop="20230105000000 +0000" catchup-id="901128366"><title>Manmarziyaan</title><date></date><icon src="https://images.tv.kpn.com/epg/ipZ8kUXgET8qA81GFZwEcvAXDK8JEVnoIEotCBdEeT8/1920x1080.jpg?blurred=false"></icon><desc>Programmabeschrijving niet beschikbaar</desc><category></category></programme><programme channel="161" start="20230105000000 +0000" stop="20230105030000 +0000" catchup-id="901173267"><title>Antim: The Final Truth</title><date></date><icon src="https://images.tv.kpn.com/epg/13YaSo1V9AkC3ZQ0apFQIYHj2NwDeC7RcL29BJ3XerXF0/1920x1080.jpg?blurred=false"></icon><desc>Programmabeschrijving niet beschikbaar</desc><category></category></programme><programme channel="161" start="20230105030000 +0000" stop="20230105060000 +0000" catchup-id="901173273"><title>Gully Boy</title><date></date><icon src="https://images.tv.kpn.com/epg/13YaSo1V9AkC3ZQ0apFQIYHj2NwDeC7RcL29BJ3XerXF0/1920x1080.jpg?blurred=false"></icon><desc>Programmabeschrijving niet beschikbaar</desc><category></category></programme><programme channel="161" start="20230105060000 +0000" stop="20230105090000 +0000" catchup-id="901173279"><title>Yaadon Ki Baarat</title><date></date><icon src="https://images.tv.kpn.com/epg/OLqYeGH7HPSPSoRrWorwkhcAxus6z1cbeiR9AxA9BD9ARc/1920x1080.jpg?blurred=false"></icon><desc>Programmabeschrijving niet beschikbaar</desc><category></category></programme><programme channel="161" start="20230105090000 +0000" stop="20230105120000 +0000" catchup-id="901173282"><title>Dosti - Friends Forever</title><date></date><icon src="https://images.tv.kpn.com/epg/OLqYeGH7HPSPSoRrWorwkhcAxus6z1cbeiR9AxA9BD9ARc/1920x1080.jpg?blurred=false"></icon><desc>Programmabeschrijving niet beschikbaar</desc><category></category></programme><programme channel="161" start="20230105120000 +0000" stop="20230105150000 +0000" catchup-id="901173288"><title>Desi Boyz</title><date></date><icon src="https://images.tv.kpn.com/epg/OLqYeGH7HPSPSoRrWorwkhcAxus6z1cbeiR9AxA9BD9ARc/1920x1080.jpg?blurred=false"></icon><desc>Programmabeschrijving niet beschikbaar</desc><category></category></programme><programme channel="161" start="20230105150000 +0000" stop="20230105180000 +0000" catchup-id="901173291"><title>Happy New Year</title><date></date><icon src="https://images.tv.kpn.com/epg/OLqYeGH7HPSPSoRrWorwkhcAxus6z1cbeiR9AxA9BD9ARc/1920x1080.jpg?blurred=false"></icon><desc>Programmabeschrijving niet beschikbaar</desc><category></category></programme><programme channel="161" start="20230105180000 +0000" stop="20230105210000 +0000" catchup-id="901173297"><title>Cocktail</title><date></date><icon src="https://images.tv.kpn.com/epg/ipZ8kUXgET8qA81GFZwEcvAXDK8JEVnoIEotCBdEeT8/1920x1080.jpg?blurred=false"></icon><desc>Programmabeschrijving niet beschikbaar</desc><category></category></programme><programme channel="161" start="20230105210000 +0000" stop="20230106000000 +0000" catchup-id="901173303"><title>Tamasha</title><date></date><icon src="https://images.tv.kpn.com/epg/13YaSo1V9AkC3ZQ0apFQIYHj2NwDeC7RcL29BJ3XerXF0/1920x1080.jpg?blurred=false"></icon><desc>Programmabeschrijving niet beschikbaar</desc><category></category></programme><programme channel="161" start="20230106000000 +0000" stop="20230106030000 +0000" catchup-id="901220064"><title>Laadla</title><date></date><icon src="https://images.tv.kpn.com/epg/13YaSo1V9AkC3ZQ0apFQIYHj2NwDeC7RcL29BJ3XerXF0/1920x1080.jpg?blurred=false"></icon><desc>Programmabeschrijving niet beschikbaar</desc><category></category></programme><programme channel="161" start="20230106030000 +0000" stop="20230106060000 +0000" catchup-id="901220067"><title>Shaadi Mein Zaroor Aana</title><date></date><icon src="https://images.tv.kpn.com/epg/13YaSo1V9AkC3ZQ0apFQIYHj2NwDeC7RcL29BJ3XerXF0/1920x1080.jpg?blurred=false"></icon><desc>Programmabeschrijving niet beschikbaar</desc><category></category></programme><programme channel="161" start="20230106060000 +0000" stop="20230106090000 +0000" catchup-id="901220070"><title>Teesri Manzil</title><date></date><icon src="https://images.tv.kpn.com/epg/13YaSo1V9AkC3ZQ0apFQIYHj2NwDeC7RcL29BJ3XerXF0/1920x1080.jpg?blurred=false"></icon><desc>Programmabeschrijving niet beschikbaar</desc><category></category></programme><programme channel="161" start="20230106090000 +0000" stop="20230106120000 +0000" catchup-id="901220073"><title>Vivah - Journey From Engagment To Marriage - Future Rights</title><date></date><icon src="https://images.tv.kpn.com/epg/tQRQpLgtNTO0v1am66A13jss5dasIDqtVPHIX1I1FR8/1920x1080.jpg?blurred=false"></icon><desc>Programmabeschrijving niet beschikbaar</desc><category></category></programme><programme channel="161" start="20230106120000 +0000" stop="20230106150000 +0000" catchup-id="901220076"><title>Mohra</title><date></date><icon src="https://images.tv.kpn.com/epg/OLqYeGH7HPSPSoRrWorwkhcAxus6z1cbeiR9AxA9BD9ARc/1920x1080.jpg?blurred=false"></icon><desc>Programmabeschrijving niet beschikbaar</desc><category></category></programme><programme channel="161" start="20230106150000 +0000" stop="20230106180000 +0000" catchup-id="901220079"><title>Dosti</title><date></date><icon src="https://images.tv.kpn.com/epg/OLqYeGH7HPSPSoRrWorwkhcAxus6z1cbeiR9AxA9BD9ARc/1920x1080.jpg?blurred=false"></icon><desc>Programmabeschrijving niet beschikbaar</desc><category></category></programme><programme channel="161" start="20230106180000 +0000" stop="20230106210000 +0000" catchup-id="901220082"><title>Grand Masti</title><date></date><icon src="https://images.tv.kpn.com/epg/OLqYeGH7HPSPSoRrWorwkhcAxus6z1cbeiR9AxA9BD9ARc/1920x1080.jpg?blurred=false"></icon><desc>Programmabeschrijving niet beschikbaar</desc><category></category></programme><programme channel="161" start="20230106210000 +0000" stop="20230107000000 +0000" catchup-id="901220085"><title>Great Grand Masti</title><date></date><icon src="https://images.tv.kpn.com/epg/13YaSo1V9AkC3ZQ0apFQIYHj2NwDeC7RcL29BJ3XerXF0/1920x1080.jpg?blurred=false"></icon><desc>Programmabeschrijving niet beschikbaar</desc><category></category></programme><programme channel="161" start="20230107000000 +0000" stop="20230107030000 +0000" catchup-id="901266897"><title>Coolie No 1</title><date></date><icon src="https://images.tv.kpn.com/epg/OLqYeGH7HPSPSoRrWorwkhcAxus6z1cbeiR9AxA9BD9ARc/1920x1080.jpg?blurred=false"></icon><desc>Programmabeschrijving niet beschikbaar</desc><category></category></programme><programme channel="161" start="20230107030000 +0000" stop="20230107060000 +0000" catchup-id="901266903"><title>Ra One</title><date></date><icon src="https://images.tv.kpn.com/epg/tQRQpLgtNTO0v1am66A13jss5dasIDqtVPHIX1I1FR8/1920x1080.jpg?blurred=false"></icon><desc>Programmabeschrijving niet beschikbaar</desc><category></category></programme><programme channel="161" start="20230107060000 +0000" stop="20230107090000 +0000" catchup-id="901266909"><title>Karz</title><date></date><icon src="https://images.tv.kpn.com/epg/ipZ8kUXgET8qA81GFZwEcvAXDK8JEVnoIEotCBdEeT8/1920x1080.jpg?blurred=false"></icon><desc>Programmabeschrijving niet beschikbaar</desc><category></category></programme><programme channel="161" start="20230107090000 +0000" stop="20230107120000 +0000" catchup-id="901266921"><title>Golmaal -fun Unlimited</title><date></date><icon src="https://images.tv.kpn.com/epg/ipZ8kUXgET8qA81GFZwEcvAXDK8JEVnoIEotCBdEeT8/1920x1080.jpg?blurred=false"></icon><desc>Programmabeschrijving niet beschikbaar</desc><category></category></programme><programme channel="161" start="20230107120000 +0000" stop="20230107150000 +0000" catchup-id="901266927"><title>Don</title><date></date><icon src="https://images.tv.kpn.com/epg/OLqYeGH7HPSPSoRrWorwkhcAxus6z1cbeiR9AxA9BD9ARc/1920x1080.jpg?blurred=false"></icon><desc>Programmabeschrijving niet beschikbaar</desc><category></category></programme><programme channel="161" start="20230107150000 +0000" stop="20230107180000 +0000" catchup-id="901266933"><title>Gully Boy</title><date></date><icon src="https://images.tv.kpn.com/epg/ipZ8kUXgET8qA81GFZwEcvAXDK8JEVnoIEotCBdEeT8/1920x1080.jpg?blurred=false"></icon><desc>Programmabeschrijving niet beschikbaar</desc><category></category></programme><programme channel="161" start="20230107180000 +0000" stop="20230107210000 +0000" catchup-id="901266942"><title>Dil Chahta Hai</title><date></date><icon src="https://images.tv.kpn.com/epg/OLqYeGH7HPSPSoRrWorwkhcAxus6z1cbeiR9AxA9BD9ARc/1920x1080.jpg?blurred=false"></icon><desc>Programmabeschrijving niet beschikbaar</desc><category></category></programme><programme channel="161" start="20230107210000 +0000" stop="20230108000000 +0000" catchup-id="901266945"><title>Udta Punjab</title><date></date><icon src="https://images.tv.kpn.com/epg/ipZ8kUXgET8qA81GFZwEcvAXDK8JEVnoIEotCBdEeT8/1920x1080.jpg?blurred=false"></icon><desc>Programmabeschrijving niet beschikbaar</desc><category></category></programme><programme channel="161" start="20230108000000 +0000" stop="20230108030000 +0000" catchup-id="901310250"><title>Don-the Chase Begins Again</title><date></date><icon src="https://images.tv.kpn.com/epg/13YaSo1V9AkC3ZQ0apFQIYHj2NwDeC7RcL29BJ3XerXF0/1920x1080.jpg?blurred=false"></icon><desc>Programmabeschrijving niet beschikbaar</desc><category></category></programme><programme channel="161" start="20230108030000 +0000" stop="20230108060000 +0000" catchup-id="901310253"><title>Tumbbad</title><date></date><icon src="https://images.tv.kpn.com/epg/xbOQUqpO1vZpe0BbyiA9C8VXOelvL6ij9BJvY5hTVPZt8/1920x1080.jpg?blurred=false"></icon><desc>Programmabeschrijving niet beschikbaar</desc><category></category></programme><programme channel="161" start="20230108060000 +0000" stop="20230108090000 +0000" catchup-id="901310256"><title>Anari</title><date></date><icon src="https://images.tv.kpn.com/epg/13YaSo1V9AkC3ZQ0apFQIYHj2NwDeC7RcL29BJ3XerXF0/1920x1080.jpg?blurred=false"></icon><desc>Programmabeschrijving niet beschikbaar</desc><category></category></programme><programme channel="161" start="20230108090000 +0000" stop="20230108120000 +0000" catchup-id="901310259"><title>Guru</title><date></date><icon src="https://images.tv.kpn.com/epg/13YaSo1V9AkC3ZQ0apFQIYHj2NwDeC7RcL29BJ3XerXF0/1920x1080.jpg?blurred=false"></icon><desc>Programmabeschrijving niet beschikbaar</desc><category></category></programme><programme channel="161" start="20230108120000 +0000" stop="20230108150000 +0000" catchup-id="901310262"><title>Trishul</title><date></date><icon src="https://images.tv.kpn.com/epg/13YaSo1V9AkC3ZQ0apFQIYHj2NwDeC7RcL29BJ3XerXF0/1920x1080.jpg?blurred=false"></icon><desc>Programmabeschrijving niet beschikbaar</desc><category></category></programme><programme channel="161" start="20230108150000 +0000" stop="20230108180000 +0000" catchup-id="901310265"><title>Hum Aapke Hain Kaun</title><date></date><icon src="https://images.tv.kpn.com/epg/OLqYeGH7HPSPSoRrWorwkhcAxus6z1cbeiR9AxA9BD9ARc/1920x1080.jpg?blurred=false"></icon><desc>Programmabeschrijving niet beschikbaar</desc><category></category></programme><programme channel="161" start="20230108180000 +0000" stop="20230108210000 +0000" catchup-id="901310268"><title>Insaaf Ki Jung</title><date></date><icon src="https://images.tv.kpn.com/epg/13YaSo1V9AkC3ZQ0apFQIYHj2NwDeC7RcL29BJ3XerXF0/1920x1080.jpg?blurred=false"></icon><desc>Programmabeschrijving niet beschikbaar</desc><category></category></programme><programme channel="161" start="20230108210000 +0000" stop="20230109000000 +0000" catchup-id="901310271"><title>Raazi</title><date></date><icon src="https://images.tv.kpn.com/epg/DmKP9BbAk57OpRET5qYACngFI9AgaaEr3b5bZHgi1VWgs/1920x1080.jpg?blurred=false"></icon><desc>Programmabeschrijving niet beschikbaar</desc><category></category></programme><programme channel="161" start="20230109000000 +0000" stop="20230109030000 +0000" catchup-id="901351149"><title>Hum Saath Saath Hain</title><date></date><icon src="https://images.tv.kpn.com/epg/OLqYeGH7HPSPSoRrWorwkhcAxus6z1cbeiR9AxA9BD9ARc/1920x1080.jpg?blurred=false"></icon><desc>Programmabeschrijving niet beschikbaar</desc><category></category></programme><programme channel="161" start="20230109030000 +0000" stop="20230109060000 +0000" catchup-id="901351152"><title>Singh Is Bliing</title><date></date><icon src="https://images.tv.kpn.com/epg/13YaSo1V9AkC3ZQ0apFQIYHj2NwDeC7RcL29BJ3XerXF0/1920x1080.jpg?blurred=false"></icon><desc>Programmabeschrijving niet beschikbaar</desc><category></category></programme><programme channel="161" start="20230109060000 +0000" stop="20230109090000 +0000" catchup-id="901351155"><title>Taraana</title><date></date><icon src="https://images.tv.kpn.com/epg/13YaSo1V9AkC3ZQ0apFQIYHj2NwDeC7RcL29BJ3XerXF0/1920x1080.jpg?blurred=false"></icon><desc>Programmabeschrijving niet beschikbaar</desc><category></category></programme><programme channel="161" start="20230109090000 +0000" stop="20230109120000 +0000" catchup-id="901351158"><title>Hanste Zakhm</title><date></date><icon src="https://images.tv.kpn.com/epg/tQRQpLgtNTO0v1am66A13jss5dasIDqtVPHIX1I1FR8/1920x1080.jpg?blurred=false"></icon><desc>Programmabeschrijving niet beschikbaar</desc><category></category></programme><programme channel="161" start="20230109120000 +0000" stop="20230109150000 +0000" catchup-id="901351161"><title>Bulandi</title><date></date><icon src="https://images.tv.kpn.com/epg/OLqYeGH7HPSPSoRrWorwkhcAxus6z1cbeiR9AxA9BD9ARc/1920x1080.jpg?blurred=false"></icon><desc>Programmabeschrijving niet beschikbaar</desc><category></category></programme><programme channel="161" start="20230109150000 +0000" stop="20230109180000 +0000" catchup-id="901351164"><title>Love</title><date></date><icon src="https://images.tv.kpn.com/epg/13YaSo1V9AkC3ZQ0apFQIYHj2NwDeC7RcL29BJ3XerXF0/1920x1080.jpg?blurred=false"></icon><desc>Programmabeschrijving niet beschikbaar</desc><category></category></programme><programme channel="161" start="20230109180000 +0000" stop="20230109210000 +0000" catchup-id="901351167"><title>Padman</title><date></date><icon src="https://images.tv.kpn.com/epg/ipZ8kUXgET8qA81GFZwEcvAXDK8JEVnoIEotCBdEeT8/1920x1080.jpg?blurred=false"></icon><desc>Programmabeschrijving niet beschikbaar</desc><category></category></programme><programme channel="161" start="20230109210000 +0000" stop="20230110000000 +0000" catchup-id="901351170"><title>Baar Baar Dekho</title><date></date><icon src="https://images.tv.kpn.com/epg/ipZ8kUXgET8qA81GFZwEcvAXDK8JEVnoIEotCBdEeT8/1920x1080.jpg?blurred=false"></icon><desc>Programmabeschrijving niet beschikbaar</desc><category></category></programme><programme channel="161" start="20230110000000 +0000" stop="20230110030000 +0000" catchup-id="901396314"><title>Happy Bhaag Jaayegi</title><date></date><icon src="https://images.tv.kpn.com/epg/OLqYeGH7HPSPSoRrWorwkhcAxus6z1cbeiR9AxA9BD9ARc/1920x1080.jpg?blurred=false"></icon><desc>Programmabeschrijving niet beschikbaar</desc><category></category></programme><programme channel="161" start="20230110030000 +0000" stop="20230110060000 +0000" catchup-id="901396317"><title>Dil Dhadakne Do</title><date></date><icon src="https://images.tv.kpn.com/epg/tQRQpLgtNTO0v1am66A13jss5dasIDqtVPHIX1I1FR8/1920x1080.jpg?blurred=false"></icon><desc>Programmabeschrijving niet beschikbaar</desc><category></category></programme><programme channel="161" start="20230110060000 +0000" stop="20230110090000 +0000" catchup-id="901396320"><title>Paheli</title><date></date><icon src="https://images.tv.kpn.com/epg/tQRQpLgtNTO0v1am66A13jss5dasIDqtVPHIX1I1FR8/1920x1080.jpg?blurred=false"></icon><desc>Programmabeschrijving niet beschikbaar</desc><category></category></programme><programme channel="161" start="20230110090000 +0000" stop="20230110120000 +0000" catchup-id="901396323"><title>Aap Mujhe Achche Lagne Lage</title><date></date><icon src="https://images.tv.kpn.com/epg/OLqYeGH7HPSPSoRrWorwkhcAxus6z1cbeiR9AxA9BD9ARc/1920x1080.jpg?blurred=false"></icon><desc>Programmabeschrijving niet beschikbaar</desc><category></category></programme><programme channel="161" start="20230110120000 +0000" stop="20230110150000 +0000" catchup-id="901396326"><title>Kaho Naa Pyar Hai</title><date></date><icon src="https://images.tv.kpn.com/epg/ipZ8kUXgET8qA81GFZwEcvAXDK8JEVnoIEotCBdEeT8/1920x1080.jpg?blurred=false"></icon><desc>Programmabeschrijving niet beschikbaar</desc><category></category></programme><programme channel="161" start="20230110150000 +0000" stop="20230110180000 +0000" catchup-id="901396329"><title>Main Prem Ki Diwani Hoon</title><date></date><icon src="https://images.tv.kpn.com/epg/OLqYeGH7HPSPSoRrWorwkhcAxus6z1cbeiR9AxA9BD9ARc/1920x1080.jpg?blurred=false"></icon><desc>Programmabeschrijving niet beschikbaar</desc><category></category></programme><programme channel="161" start="20230110180000 +0000" stop="20230110210000 +0000" catchup-id="901396332"><title>Koi Mil Gaya</title><date></date><icon src="https://images.tv.kpn.com/epg/ipZ8kUXgET8qA81GFZwEcvAXDK8JEVnoIEotCBdEeT8/1920x1080.jpg?blurred=false"></icon><desc>Programmabeschrijving niet beschikbaar</desc><category></category></programme><programme channel="161" start="20230110210000 +0000" stop="20230111000000 +0000" catchup-id="901396335"><title>Lakshya</title><date></date><icon src="https://images.tv.kpn.com/epg/ipZ8kUXgET8qA81GFZwEcvAXDK8JEVnoIEotCBdEeT8/1920x1080.jpg?blurred=false"></icon><desc>Programmabeschrijving niet beschikbaar</desc><category></category></programme><programme channel="161" start="20230111000000 +0000" stop="20230111030000 +0000" catchup-id="901444746"><title>Barsaat - A Sublime Love Story</title><date></date><icon src="https://images.tv.kpn.com/epg/13YaSo1V9AkC3ZQ0apFQIYHj2NwDeC7RcL29BJ3XerXF0/1920x1080.jpg?blurred=false"></icon><desc>Programmabeschrijving niet beschikbaar</desc><category></category></programme><programme channel="161" start="20230111030000 +0000" stop="20230111060000 +0000" catchup-id="901444749"><title>Manmarziyaan</title><date></date><icon src="https://images.tv.kpn.com/epg/ipZ8kUXgET8qA81GFZwEcvAXDK8JEVnoIEotCBdEeT8/1920x1080.jpg?blurred=false"></icon><desc>Programmabeschrijving niet beschikbaar</desc><category></category></programme><programme channel="161" start="20230111060000 +0000" stop="20230111090000 +0000" catchup-id="901444752"><title>Parichay</title><date></date><icon src="https://images.tv.kpn.com/epg/13YaSo1V9AkC3ZQ0apFQIYHj2NwDeC7RcL29BJ3XerXF0/1920x1080.jpg?blurred=false"></icon><desc>Programmabeschrijving niet beschikbaar</desc><category></category></programme><programme channel="161" start="20230111090000 +0000" stop="20230111120000 +0000" catchup-id="901444755"><title>Chaalbaaz</title><date></date><icon src="https://images.tv.kpn.com/epg/13YaSo1V9AkC3ZQ0apFQIYHj2NwDeC7RcL29BJ3XerXF0/1920x1080.jpg?blurred=false"></icon><desc>Programmabeschrijving niet beschikbaar</desc><category></category></programme><programme channel="161" start="20230111120000 +0000" stop="20230111150000 +0000" catchup-id="901444758"><title>Mehboob Ki Mehandi</title><date></date><icon src="https://images.tv.kpn.com/epg/tQRQpLgtNTO0v1am66A13jss5dasIDqtVPHIX1I1FR8/1920x1080.jpg?blurred=false"></icon><desc>Programmabeschrijving niet beschikbaar</desc><category></category></programme><programme channel="161" start="20230111150000 +0000" stop="20230111180000 +0000" catchup-id="901444761"><title>Gopi Kishan</title><date></date><icon src="https://images.tv.kpn.com/epg/tQRQpLgtNTO0v1am66A13jss5dasIDqtVPHIX1I1FR8/1920x1080.jpg?blurred=false"></icon><desc>Programmabeschrijving niet beschikbaar</desc><category></category></programme><programme channel="161" start="20230111180000 +0000" stop="20230111210000 +0000" catchup-id="901444764"><title>Mughal-e-azam</title><date></date><icon src="https://images.tv.kpn.com/epg/tQRQpLgtNTO0v1am66A13jss5dasIDqtVPHIX1I1FR8/1920x1080.jpg?blurred=false"></icon><desc>Programmabeschrijving niet beschikbaar</desc><category></category></programme><programme channel="161" start="20230111210000 +0000" stop="20230112000000 +0000" catchup-id="901444767"><title>Wanted</title><date></date><icon src="https://images.tv.kpn.com/epg/OLqYeGH7HPSPSoRrWorwkhcAxus6z1cbeiR9AxA9BD9ARc/1920x1080.jpg?blurred=false"></icon><desc>Programmabeschrijving niet beschikbaar</desc><category></category></programme><programme channel="161" start="20230112000000 +0000" stop="20230112030000 +0000" catchup-id="901498620"><title>Cocktail</title><date></date><icon src="https://images.tv.kpn.com/epg/tQRQpLgtNTO0v1am66A13jss5dasIDqtVPHIX1I1FR8/1920x1080.jpg?blurred=false"></icon><desc>Programmabeschrijving niet beschikbaar</desc><category></category></programme><programme channel="161" start="20230112030000 +0000" stop="20230112060000 +0000" catchup-id="901498623"><title>Tamasha</title><date></date><icon src="https://images.tv.kpn.com/epg/ipZ8kUXgET8qA81GFZwEcvAXDK8JEVnoIEotCBdEeT8/1920x1080.jpg?blurred=false"></icon><desc>Programmabeschrijving niet beschikbaar</desc><category></category></programme><programme channel="161" start="20230112060000 +0000" stop="20230112090000 +0000" catchup-id="901498626"><title>Anjaan Raahen</title><date></date><icon src="https://images.tv.kpn.com/epg/OLqYeGH7HPSPSoRrWorwkhcAxus6z1cbeiR9AxA9BD9ARc/1920x1080.jpg?blurred=false"></icon><desc>Programmabeschrijving niet beschikbaar</desc><category></category></programme><programme channel="161" start="20230112090000 +0000" stop="20230112120000 +0000" catchup-id="901498629"><title>Khalnayak</title><date></date><icon src="https://images.tv.kpn.com/epg/ipZ8kUXgET8qA81GFZwEcvAXDK8JEVnoIEotCBdEeT8/1920x1080.jpg?blurred=false"></icon><desc>Programmabeschrijving niet beschikbaar</desc><category></category></programme><programme channel="161" start="20230112120000 +0000" stop="20230112150000 +0000" catchup-id="901498632"><title>Phool Bane Angare</title><date></date><icon src="https://images.tv.kpn.com/epg/tQRQpLgtNTO0v1am66A13jss5dasIDqtVPHIX1I1FR8/1920x1080.jpg?blurred=false"></icon><desc>Programmabeschrijving niet beschikbaar</desc><category></category></programme><programme channel="161" start="20230112150000 +0000" stop="20230112180000 +0000" catchup-id="901498635"><title>Aitraaz</title><date></date><icon src="https://images.tv.kpn.com/epg/ipZ8kUXgET8qA81GFZwEcvAXDK8JEVnoIEotCBdEeT8/1920x1080.jpg?blurred=false"></icon><desc>Programmabeschrijving niet beschikbaar</desc><category></category></programme><programme channel="161" start="20230112180000 +0000" stop="20230112210000 +0000" catchup-id="901498638"><title>Dear Zindagi</title><date></date><icon src="https://images.tv.kpn.com/epg/ipZ8kUXgET8qA81GFZwEcvAXDK8JEVnoIEotCBdEeT8/1920x1080.jpg?blurred=false"></icon><desc>Programmabeschrijving niet beschikbaar</desc><category></category></programme>