<programme channel="164" start="20221228230700 +0000" stop="20221229020600 +0000" catchup-id="900869937"><title>Shyam Singha Roy</title><date></date><icon src="https://images.tv.kpn.com/epg/OLqYeGH7HPSPSoRrWorwkhcAxus6z1cbeiR9AxA9BD9ARc/1920x1080.jpg?blurred=false"></icon><desc>A director accused of plagiarism finds a transcendental connection to his past life when he digs deeper into his subconscious mind.</desc><category></category></programme><programme channel="164" start="20221229020600 +0000" stop="20221229042200 +0000" catchup-id="900869940"><title>Badava Rascal</title><date></date><icon src="https://images.tv.kpn.com/epg/13YaSo1V9AkC3ZQ0apFQIYHj2NwDeC7RcL29BJ3XerXF0/1920x1080.jpg?blurred=false"></icon><desc>Shankar, a young man, is kidnapped by a gang of thugs. However, in order to escape his predicament, he narrates his life story to make his abductors rethink their decisions.</desc><category></category></programme><programme channel="164" start="20221229042200 +0000" stop="20221229044400 +0000" catchup-id="900869943"><title>The Making: Abcd 2</title><date></date><icon src="https://images.tv.kpn.com/epg/OLqYeGH7HPSPSoRrWorwkhcAxus6z1cbeiR9AxA9BD9ARc/1920x1080.jpg?blurred=false"></icon><desc>Watch behind the scenes and meet the cast and crew of the movie.</desc><category></category></programme><programme channel="164" start="20221229044400 +0000" stop="20221229071800 +0000" catchup-id="900869946"><title>Firangi</title><date></date><icon src="https://images.tv.kpn.com/epg/ipZ8kUXgET8qA81GFZwEcvAXDK8JEVnoIEotCBdEeT8/1920x1080.jpg?blurred=false"></icon><desc>In 1920 during India's freedom movement, one man firmly believes the British are not as bad as everyone believes.</desc><category></category></programme><programme channel="164" start="20221229071800 +0000" stop="20221229085500 +0000" catchup-id="900869949"><title>Don Ki Jung</title><date></date><icon src="https://images.tv.kpn.com/epg/OLqYeGH7HPSPSoRrWorwkhcAxus6z1cbeiR9AxA9BD9ARc/1920x1080.jpg?blurred=false"></icon><desc>Kavita, the daughter of the village headman, falls in love with Raju, a wayward youth. However, her father is against their union as he wants his daughters to marry the man of his choice.</desc><category></category></programme><programme channel="164" start="20221229085500 +0000" stop="20221229112000 +0000" catchup-id="900869952"><title>Amar Akbhar Anthoni</title><date></date><icon src="https://images.tv.kpn.com/epg/OLqYeGH7HPSPSoRrWorwkhcAxus6z1cbeiR9AxA9BD9ARc/1920x1080.jpg?blurred=false"></icon><desc>Amar, a man with dissociative identity disorder, sets out to seek revenge against people who murdered his family and meets his childhood love, Aishwarya, who suffers from the same disorder.</desc><category></category></programme><programme channel="164" start="20221229112000 +0000" stop="20221229144400 +0000" catchup-id="900869955"><title>Sultan</title><date></date><icon src="https://images.tv.kpn.com/epg/OLqYeGH7HPSPSoRrWorwkhcAxus6z1cbeiR9AxA9BD9ARc/1920x1080.jpg?blurred=false"></icon><desc>Salman Khan stars as the wrestler looking for a comeback with the help of Anushka Sharma. Classic box office topping underdog tale.</desc><category></category></programme><programme channel="164" start="20221229144400 +0000" stop="20221229172900 +0000" catchup-id="900869958"><title>Koi Jaane Na</title><date></date><icon src="https://images.tv.kpn.com/epg/tQRQpLgtNTO0v1am66A13jss5dasIDqtVPHIX1I1FR8/1920x1080.jpg?blurred=false"></icon><desc>A heartbroken writer struggling with writer's block goes to a hill station where he finds love again but uncovers a copycat serial killer who has mysteriously come alive.</desc><category></category></programme><programme channel="164" start="20221229172900 +0000" stop="20221229202300 +0000" catchup-id="900869961"><title>Aaja Nachle</title><date></date><icon src="https://images.tv.kpn.com/epg/13YaSo1V9AkC3ZQ0apFQIYHj2NwDeC7RcL29BJ3XerXF0/1920x1080.jpg?blurred=false"></icon><desc>A New York dance instructor returns to her home village in India after 11 years to find that the arts centre where she learned her craft is to be demolished and replaced with a shopping mall.</desc><category></category></programme><programme channel="164" start="20221229202300 +0000" stop="20221229230400 +0000" catchup-id="900869964"><title>Satellite Shankar</title><date></date><icon src="https://images.tv.kpn.com/epg/ipZ8kUXgET8qA81GFZwEcvAXDK8JEVnoIEotCBdEeT8/1920x1080.jpg?blurred=false"></icon><desc>The film based on the life of Indian soldiers, tells a story of the adventures of Indian soldier</desc><category></category></programme><programme channel="164" start="20221229230400 +0000" stop="20221230011600 +0000" catchup-id="900917997"><title>Naughty @ 40</title><date></date><icon src="https://images.tv.kpn.com/epg/OLqYeGH7HPSPSoRrWorwkhcAxus6z1cbeiR9AxA9BD9ARc/1920x1080.jpg?blurred=false"></icon><desc>Happy, a 40-year-old, marries Gauri, a childlike woman, and frustration leads him into the arms of a model. When Gauri finds out about their relation, she decides to change her attitude.</desc><category></category></programme><programme channel="164" start="20221230011600 +0000" stop="20221230035400 +0000" catchup-id="900918000"><title>Mera Balidan</title><date></date><icon src="https://images.tv.kpn.com/epg/tQRQpLgtNTO0v1am66A13jss5dasIDqtVPHIX1I1FR8/1920x1080.jpg?blurred=false"></icon><desc>Sarkar remains a psychoanalyst, he does not believe in ghosts, one day he saves a girl child from Baba.</desc><category></category></programme><programme channel="164" start="20221230035400 +0000" stop="20221230053300 +0000" catchup-id="900918003"><title>Jalebi</title><date></date><icon src="https://images.tv.kpn.com/epg/13YaSo1V9AkC3ZQ0apFQIYHj2NwDeC7RcL29BJ3XerXF0/1920x1080.jpg?blurred=false"></icon><desc>A woman boards an overnight train and gets placed in a compartment with her former lover and his wife.</desc><category></category></programme><programme channel="164" start="20221230053300 +0000" stop="20221230080000 +0000" catchup-id="900918006"><title>Krrish 3</title><date></date><icon src="https://images.tv.kpn.com/epg/13YaSo1V9AkC3ZQ0apFQIYHj2NwDeC7RcL29BJ3XerXF0/1920x1080.jpg?blurred=false"></icon><desc>Special effects laden sequel starring Hrithik Roshan as the superhero who must save the world from villains Kaal (Vivek Oberoi) and Kaya (Kangana Ranaut). Also starring Priyanka Chopra.</desc><category></category></programme><programme channel="164" start="20221230080000 +0000" stop="20221230101300 +0000" catchup-id="900918009"><title>Arjun Patiala</title><date></date><icon src="https://images.tv.kpn.com/epg/13YaSo1V9AkC3ZQ0apFQIYHj2NwDeC7RcL29BJ3XerXF0/1920x1080.jpg?blurred=false"></icon><desc>Arjun Patiala is a quirky small-town cop, who is fond of women and even more fond of his drinks. His original and unusual ideas help reduce crime rate in the town.</desc><category></category></programme><programme channel="164" start="20221230101300 +0000" stop="20221230132500 +0000" catchup-id="900918012"><title>Bahubali 2 The Conclusion</title><date></date><icon src="https://images.tv.kpn.com/epg/tQRQpLgtNTO0v1am66A13jss5dasIDqtVPHIX1I1FR8/1920x1080.jpg?blurred=false"></icon><desc>The story continues in this sequel as Bahubali's son Shiva (Prabhas), seeks revenge after learning about the reason behind his father's death</desc><category></category></programme><programme channel="164" start="20221230132500 +0000" stop="20221230153200 +0000" catchup-id="900918015"><title>Jai Mummy Di</title><date></date><icon src="https://images.tv.kpn.com/epg/OLqYeGH7HPSPSoRrWorwkhcAxus6z1cbeiR9AxA9BD9ARc/1920x1080.jpg?blurred=false"></icon><desc>The trials and tribulations a couple has to undergo due to the dynamics between their respective mothers.</desc><category></category></programme><programme channel="164" start="20221230153200 +0000" stop="20221230173300 +0000" catchup-id="900918018"><title>Wazir</title><date></date><icon src="https://images.tv.kpn.com/epg/ipZ8kUXgET8qA81GFZwEcvAXDK8JEVnoIEotCBdEeT8/1920x1080.jpg?blurred=false"></icon><desc>A grief-stricken cop and an amputee chess Grandmaster are brought together by a peculiar twist of fate as part of a wider conspiracy that has darkened their lives. Starring Amitabh Bachchan.</desc><category></category></programme><programme channel="164" start="20221230173300 +0000" stop="20221230200300 +0000" catchup-id="900918024"><title>Bell Bottom</title><date></date><icon src="https://images.tv.kpn.com/epg/OLqYeGH7HPSPSoRrWorwkhcAxus6z1cbeiR9AxA9BD9ARc/1920x1080.jpg?blurred=false"></icon><desc>An undercover agent code-named Bellbottom embarks on a covert mission to free 210 hostages held by hijackers.</desc><category></category></programme><programme channel="164" start="20221230200300 +0000" stop="20221230225200 +0000" catchup-id="900918027"><title>Phantom</title><date></date><icon src="https://images.tv.kpn.com/epg/ipZ8kUXgET8qA81GFZwEcvAXDK8JEVnoIEotCBdEeT8/1920x1080.jpg?blurred=false"></icon><desc>Action thriller starring Saif Ali Khan as a disgraced soldier carrying out an assassination in order to to restore his honour. Based on the book Mumbai Avengers: Aftermath of the 26/11 Attacks.</desc><category></category></programme><programme channel="164" start="20221230225200 +0000" stop="20221231010500 +0000" catchup-id="900918030"><title>Judwa No 1</title><date></date><icon src="https://images.tv.kpn.com/epg/13YaSo1V9AkC3ZQ0apFQIYHj2NwDeC7RcL29BJ3XerXF0/1920x1080.jpg?blurred=false"></icon><desc>Twin brothers who are separated at birth receive different upbringing. After they grow up, they chance upon each other when one of them gets kidnapped by hoodlums.</desc><category></category></programme><programme channel="164" start="20221231010500 +0000" stop="20221231032300 +0000" catchup-id="900960993"><title>Khel Kismat Ka</title><date></date><icon src="https://images.tv.kpn.com/epg/tQRQpLgtNTO0v1am66A13jss5dasIDqtVPHIX1I1FR8/1920x1080.jpg?blurred=false"></icon><desc>Michael, a criminal leader, gives up a life of crime and settles in Chennai under a different name. He soon falls in love with a woman but learns that she wants to marry a man who looks just like him.</desc><category></category></programme><programme channel="164" start="20221231032300 +0000" stop="20221231034000 +0000" catchup-id="900960996"><title>The Making: Saala Khadoos</title><date></date><icon src="https://images.tv.kpn.com/epg/tQRQpLgtNTO0v1am66A13jss5dasIDqtVPHIX1I1FR8/1920x1080.jpg?blurred=false"></icon><desc>Watch behind the scenes and meet the cast and crew of the movie.</desc><category></category></programme><programme channel="164" start="20221231034000 +0000" stop="20221231053100 +0000" catchup-id="900960999"><title>Run Raja Run</title><date></date><icon src="https://images.tv.kpn.com/epg/tQRQpLgtNTO0v1am66A13jss5dasIDqtVPHIX1I1FR8/1920x1080.jpg?blurred=false"></icon><desc>Raja, son of a vegetable vendor, is a simple man. His girlfriends dump him because of his honesty. However, things take a turn when he meets his true love Priya, the daughter of a police commissioner.</desc><category></category></programme><programme channel="164" start="20221231053100 +0000" stop="20221231080000 +0000" catchup-id="900961002"><title>Abcd 2</title><date></date><icon src="https://images.tv.kpn.com/epg/ipZ8kUXgET8qA81GFZwEcvAXDK8JEVnoIEotCBdEeT8/1920x1080.jpg?blurred=false"></icon><desc>Spectacular sequel telling the rollercoaster story of a fictitious dance group trying to prove Any Body Can Dance. Starring Shraddha Kapoor and Varun Dhawan.</desc><category></category></programme><programme channel="164" start="20221231080000 +0000" stop="20221231080800 +0000" catchup-id="900961005"><title>Extraa Shots Kabir Singh</title><date></date><icon src="https://images.tv.kpn.com/epg/OLqYeGH7HPSPSoRrWorwkhcAxus6z1cbeiR9AxA9BD9ARc/1920x1080.jpg?blurred=false"></icon><desc>Watch behind the scenes and meet the cast and crew of the movie.</desc><category></category></programme><programme channel="164" start="20221231080800 +0000" stop="20221231090300 +0000" catchup-id="900961008"><title>Making Of Fan - Intl; The</title><date></date><icon src="https://images.tv.kpn.com/epg/OLqYeGH7HPSPSoRrWorwkhcAxus6z1cbeiR9AxA9BD9ARc/1920x1080.jpg?blurred=false"></icon><desc>Watch behind the scenes and meet the cast and crew of the movie.</desc><category></category></programme><programme channel="164" start="20221231090300 +0000" stop="20221231113900 +0000" catchup-id="900961011"><title>Nehlle Pe Dehlla</title><date></date><icon src="https://images.tv.kpn.com/epg/ipZ8kUXgET8qA81GFZwEcvAXDK8JEVnoIEotCBdEeT8/1920x1080.jpg?blurred=false"></icon><desc>Two small-time crooks, Jimmy and Johny, blackmail hotel manager Balram Sahni aka Ballu in order to get a huge sum of money. But their plan goes haywire when Ballu is mysteriously murdered.</desc><category></category></programme><programme channel="164" start="20221231113900 +0000" stop="20221231143000 +0000" catchup-id="900961014"><title>TUM BIN 2</title><date></date><icon src="https://images.tv.kpn.com/epg/ipZ8kUXgET8qA81GFZwEcvAXDK8JEVnoIEotCBdEeT8/1920x1080.jpg?blurred=false"></icon><desc>After a skiing accident, Taran thinks her fiance Amar is dead and grieves for months. Soon, Shekhar enters her life, helps her rediscover happiness and falls in love with her.</desc><category></category></programme><programme channel="164" start="20221231143000 +0000" stop="20221231172900 +0000" catchup-id="900961017"><title>TUMHARI SULU</title><date></date><icon src="https://images.tv.kpn.com/epg/tQRQpLgtNTO0v1am66A13jss5dasIDqtVPHIX1I1FR8/1920x1080.jpg?blurred=false"></icon><desc>Vidya Balan (Sulu) essays the role of a beautiful, enthusiastic Mumbai housewife whose routine life changes when she unexpectedly lands herself with the job of a night RJ on a leading radio station.</desc><category></category></programme><programme channel="164" start="20221231172900 +0000" stop="20221231200400 +0000" catchup-id="900961020"><title>Haseen Dillruba</title><date></date><icon src="https://images.tv.kpn.com/epg/tQRQpLgtNTO0v1am66A13jss5dasIDqtVPHIX1I1FR8/1920x1080.jpg?blurred=false"></icon><desc>Under investigation as a suspect in her husband's murder, a wife reveals details of their thorny marriage that seem to only further blur the truth.</desc><category></category></programme><programme channel="164" start="20221231200400 +0000" stop="20221231210100 +0000" catchup-id="900961023"><title>Navrangi Navratri 2022</title><date></date><icon src="https://images.tv.kpn.com/epg/ipZ8kUXgET8qA81GFZwEcvAXDK8JEVnoIEotCBdEeT8/1920x1080.jpg?blurred=false"></icon><desc>Join us as we celebrate and honour the divine feminine, Goddess Durga during the great celebration of Navratri.</desc><category></category></programme><programme channel="164" start="20221231210100 +0000" stop="20221231215700 +0000" catchup-id="900961026"><title>Hey Gorgeous- 2022</title><date></date><icon src="https://images.tv.kpn.com/epg/13YaSo1V9AkC3ZQ0apFQIYHj2NwDeC7RcL29BJ3XerXF0/1920x1080.jpg?blurred=false"></icon><desc>Hey Gorgeous recognised as a magnet for craft, creativity and diversity, gives  talented local business's a chance to showcase their products.</desc><category></category></programme><programme channel="164" start="20221231215700 +0000" stop="20221231222700 +0000" catchup-id="900961029"><title>Mujhse Shaadi Karogi</title><date></date><icon src="https://images.tv.kpn.com/epg/OLqYeGH7HPSPSoRrWorwkhcAxus6z1cbeiR9AxA9BD9ARc/1920x1080.jpg?blurred=false"></icon><desc>Sameer, fast at losing his temper is re-located to Goa where he falls in love with Rani. But Sameer's new roommate Sunny, has some plans of his own.</desc><category></category></programme><programme channel="164" start="20221231222700 +0000" stop="20221231225100 +0000" catchup-id="901267146"><title>Programmabeschrijving niet beschikbaar</title><date></date><icon src="https://images.tv.kpn.com/epg/default/1920x1080.jpg?blurred=false"></icon><desc>Programmabeschrijving niet beschikbaar</desc><category></category></programme><programme channel="164" start="20221231225100 +0000" stop="20221231232100 +0000" catchup-id="900961035"><title>Kaithi</title><date></date><icon src="https://images.tv.kpn.com/epg/ipZ8kUXgET8qA81GFZwEcvAXDK8JEVnoIEotCBdEeT8/1920x1080.jpg?blurred=false"></icon><desc>Dilli, an ex-convict, endeavours to meet his daughter for the first time after leaving prison. However, his attempts are interrupted due to a drug raid planned by Inspector Bejoy.</desc><category></category></programme><programme channel="164" start="20221231232100 +0000" stop="20230101005400 +0000" catchup-id="901267152"><title>Programmabeschrijving niet beschikbaar</title><date></date><icon src="https://images.tv.kpn.com/epg/default/1920x1080.jpg?blurred=false"></icon><desc>Programmabeschrijving niet beschikbaar</desc><category></category></programme><programme channel="164" start="20230101005400 +0000" stop="20230101034500 +0000" catchup-id="901002153"><title>All The Best: Fun Begins</title><date></date><icon src="https://images.tv.kpn.com/epg/13YaSo1V9AkC3ZQ0apFQIYHj2NwDeC7RcL29BJ3XerXF0/1920x1080.jpg?blurred=false"></icon><desc>The unexpected arrival of his elder NRI brother and assorted characters complicates the life of a Goan male.</desc><category></category></programme><programme channel="164" start="20230101034500 +0000" stop="20230101055500 +0000" catchup-id="901002156"><title>Bluff Master</title><date></date><icon src="https://images.tv.kpn.com/epg/tQRQpLgtNTO0v1am66A13jss5dasIDqtVPHIX1I1FR8/1920x1080.jpg?blurred=false"></icon><desc>A conman effortlessly thinks up schemes to swindle greedy folks. But on a rare occasion, things don't go as planned and he ends up in the clutches of a bad guys who demand schemes from him for money.</desc><category></category></programme><programme channel="164" start="20230101055500 +0000" stop="20230101080000 +0000" catchup-id="901002159"><title>Ishaqzaade</title><date></date><icon src="https://images.tv.kpn.com/epg/13YaSo1V9AkC3ZQ0apFQIYHj2NwDeC7RcL29BJ3XerXF0/1920x1080.jpg?blurred=false"></icon><desc>While fighting for the political supremacy of their respective families, a Hindu man and a Muslim woman share a forbidden romance.</desc><category></category></programme><programme channel="164" start="20230101080000 +0000" stop="20230101080400 +0000" catchup-id="901002162"><title>The Making Of Sonu Ke Tittu Ki Sweety</title><date></date><icon src="https://images.tv.kpn.com/epg/13YaSo1V9AkC3ZQ0apFQIYHj2NwDeC7RcL29BJ3XerXF0/1920x1080.jpg?blurred=false"></icon><desc>Watch behind the scenes and meet the cast and crew of the movie.</desc><category></category></programme><programme channel="164" start="20230101080400 +0000" stop="20230101083200 +0000" catchup-id="901002165"><title>The Making Of Bewakoofiyan</title><date></date><icon src="https://images.tv.kpn.com/epg/OLqYeGH7HPSPSoRrWorwkhcAxus6z1cbeiR9AxA9BD9ARc/1920x1080.jpg?blurred=false"></icon><desc>Watch behind the scenes and meet the cast and crew of the movie.</desc><category></category></programme><programme channel="164" start="20230101083200 +0000" stop="20230101085200 +0000" catchup-id="901002168"><title>The Making Of Hichki</title><date></date><icon src="https://images.tv.kpn.com/epg/ipZ8kUXgET8qA81GFZwEcvAXDK8JEVnoIEotCBdEeT8/1920x1080.jpg?blurred=false"></icon><desc>Watch behind the scenes and meet the cast and crew of the movie.</desc><category></category></programme><programme channel="164" start="20230101085200 +0000" stop="20230101114500 +0000" catchup-id="901002171"><title>Aaja Nachle</title><date></date><icon src="https://images.tv.kpn.com/epg/ipZ8kUXgET8qA81GFZwEcvAXDK8JEVnoIEotCBdEeT8/1920x1080.jpg?blurred=false"></icon><desc>A New York dance instructor returns to her home village in India after 11 years to find that the arts centre where she learned her craft is to be demolished and replaced with a shopping mall.</desc><category></category></programme><programme channel="164" start="20230101114500 +0000" stop="20230101144800 +0000" catchup-id="901002174"><title>MUBARAKAN</title><date></date><icon src="https://images.tv.kpn.com/epg/tQRQpLgtNTO0v1am66A13jss5dasIDqtVPHIX1I1FR8/1920x1080.jpg?blurred=false"></icon><desc>Identical twin brothers turn to their eccentric uncle for help to make sure that they each marry the woman they love.</desc><category></category></programme><programme channel="164" start="20230101144800 +0000" stop="20230101173100 +0000" catchup-id="901002177"><title>Bhool Bhulaiyaa 2</title><date></date><icon src="https://images.tv.kpn.com/epg/tQRQpLgtNTO0v1am66A13jss5dasIDqtVPHIX1I1FR8/1920x1080.jpg?blurred=false"></icon><desc>When strangers Reet and Ruhan cross paths, their journey leads to an abandoned mansion and a dreaded spirit who has been trapped for 18 years.</desc><category></category></programme><programme channel="164" start="20230101173100 +0000" stop="20230101205300 +0000" catchup-id="901002180"><title>Munna Bhai M.b.b.s.</title><date></date><icon src="https://images.tv.kpn.com/epg/tQRQpLgtNTO0v1am66A13jss5dasIDqtVPHIX1I1FR8/1920x1080.jpg?blurred=false"></icon><desc>A gangster sets out to fulfill his father's dream of becoming a doctor.</desc><category></category></programme><programme channel="164" start="20230101205300 +0000" stop="20230101210000 +0000" catchup-id="901002183"><title>Extraa Shots Shakuntala Devi</title><date></date><icon src="https://images.tv.kpn.com/epg/ipZ8kUXgET8qA81GFZwEcvAXDK8JEVnoIEotCBdEeT8/1920x1080.jpg?blurred=false"></icon><desc>Watch behind the scenes and meet the cast and crew of the movie.</desc><category></category></programme><programme channel="164" start="20230101210000 +0000" stop="20230102000800 +0000" catchup-id="901002186"><title>Bahubali: The Beginning</title><date></date><icon src="https://images.tv.kpn.com/epg/tQRQpLgtNTO0v1am66A13jss5dasIDqtVPHIX1I1FR8/1920x1080.jpg?blurred=false"></icon><desc>In the kingdom of Mahishmati, while pursuing his love, Shivudu learns about the conflict-ridden past of his family and his legacy. He must now prepare himself to face his new-found archenemy.</desc><category></category></programme><programme channel="164" start="20230102000800 +0000" stop="20230102022200 +0000" catchup-id="901043121"><title>Dj Tillu</title><date></date><icon src="https://images.tv.kpn.com/epg/OLqYeGH7HPSPSoRrWorwkhcAxus6z1cbeiR9AxA9BD9ARc/1920x1080.jpg?blurred=false"></icon><desc>Bala Gangadhar Tilak, also known as DJ Tillu, is a young man who wishes to become a disc jockey someday. However, his life changes after he falls in love with Radhika.</desc><category></category></programme><programme channel="164" start="20230102022200 +0000" stop="20230102045100 +0000" catchup-id="901043124"><title>Meri Awargi</title><date></date><icon src="https://images.tv.kpn.com/epg/OLqYeGH7HPSPSoRrWorwkhcAxus6z1cbeiR9AxA9BD9ARc/1920x1080.jpg?blurred=false"></icon><desc>A village tough finally succumbs to the unconditional love of his angelic cousin, but his romance faces insurmountable challenges, including family opposition and his own delinquent personality.</desc><category></category></programme><programme channel="164" start="20230102045100 +0000" stop="20230102050200 +0000" catchup-id="901043130"><title>The Making Of Mubarakan</title><date></date><icon src="https://images.tv.kpn.com/epg/ipZ8kUXgET8qA81GFZwEcvAXDK8JEVnoIEotCBdEeT8/1920x1080.jpg?blurred=false"></icon><desc>Watch behind the scenes and meet the cast and crew of the movie.</desc><category></category></programme><programme channel="164" start="20230102050200 +0000" stop="20230102070000 +0000" catchup-id="901043136"><title>Amar Akbhar Anthoni</title><date></date><icon src="https://images.tv.kpn.com/epg/13YaSo1V9AkC3ZQ0apFQIYHj2NwDeC7RcL29BJ3XerXF0/1920x1080.jpg?blurred=false"></icon><desc>Amar, a man with dissociative identity disorder, sets out to seek revenge against people who murdered his family and meets his childhood love, Aishwarya, who suffers from the same disorder.</desc><category></category></programme><programme channel="164" start="20230102070000 +0000" stop="20230102095600 +0000" catchup-id="901043142"><title>Mujhse Shaadi Karogi</title><date></date><icon src="https://images.tv.kpn.com/epg/13YaSo1V9AkC3ZQ0apFQIYHj2NwDeC7RcL29BJ3XerXF0/1920x1080.jpg?blurred=false"></icon><desc>Sameer, fast at losing his temper is re-located to Goa where he falls in love with Rani. But Sameer's new roommate Sunny, has some plans of his own.</desc><category></category></programme><programme channel="164" start="20230102095600 +0000" stop="20230102125800 +0000" catchup-id="901043145"><title>Lage Raho Munna Bhai</title><date></date><icon src="https://images.tv.kpn.com/epg/tQRQpLgtNTO0v1am66A13jss5dasIDqtVPHIX1I1FR8/1920x1080.jpg?blurred=false"></icon><desc>The spirit of Gandhi comes to life in the sequel to Munna Bhai.</desc><category></category></programme><programme channel="164" start="20230102125800 +0000" stop="20230102160000 +0000" catchup-id="901043151"><title>Sultan</title><date></date><icon src="https://images.tv.kpn.com/epg/ipZ8kUXgET8qA81GFZwEcvAXDK8JEVnoIEotCBdEeT8/1920x1080.jpg?blurred=false"></icon><desc>Salman Khan stars as the wrestler looking for a comeback with the help of Anushka Sharma. Classic box office topping underdog tale.</desc><category></category></programme><programme channel="164" start="20230102160000 +0000" stop="20230102190000 +0000" catchup-id="901043154"><title>Chak De India</title><date></date><icon src="https://images.tv.kpn.com/epg/OLqYeGH7HPSPSoRrWorwkhcAxus6z1cbeiR9AxA9BD9ARc/1920x1080.jpg?blurred=false"></icon><desc>The story of a hockey player who returns to the game as a coach of a women's hockey team.</desc><category></category></programme><programme channel="164" start="20230102190000 +0000" stop="20230102220000 +0000" catchup-id="901043157"><title>Batla House</title><date></date><icon src="https://images.tv.kpn.com/epg/ipZ8kUXgET8qA81GFZwEcvAXDK8JEVnoIEotCBdEeT8/1920x1080.jpg?blurred=false"></icon><desc>Police conduct a raid on a house in Delhi, India, to search for terrorist suspects.</desc><category></category></programme><programme channel="164" start="20230102220000 +0000" stop="20230103010000 +0000" catchup-id="901043160"><title>The Digital Thief</title><date></date><icon src="https://images.tv.kpn.com/epg/ipZ8kUXgET8qA81GFZwEcvAXDK8JEVnoIEotCBdEeT8/1920x1080.jpg?blurred=false"></icon><desc>A young and honest police officer comes across a man who blackmails women for money. He tries to expose him and take him down but keeps getting beaten by him at his own game.</desc><category></category></programme><programme channel="164" start="20230103010000 +0000" stop="20230103040000 +0000" catchup-id="901084608"><title>Run Raja Run</title><date></date><icon src="https://images.tv.kpn.com/epg/tQRQpLgtNTO0v1am66A13jss5dasIDqtVPHIX1I1FR8/1920x1080.jpg?blurred=false"></icon><desc>Raja, son of a vegetable vendor, is a simple man. His girlfriends dump him because of his honesty. However, things take a turn when he meets his true love Priya, the daughter of a police commissioner.</desc><category></category></programme><programme channel="164" start="20230103040000 +0000" stop="20230103070000 +0000" catchup-id="901084614"><title>Pakk Pakk Pappaa</title><date></date><icon src="https://images.tv.kpn.com/epg/ipZ8kUXgET8qA81GFZwEcvAXDK8JEVnoIEotCBdEeT8/1920x1080.jpg?blurred=false"></icon><desc>When Kathiresan's family faces troubles, they begin to believe that it is due the ritual of slaughtering a rooster that they failed to perform.</desc><category></category></programme><programme channel="164" start="20230103070000 +0000" stop="20230103094500 +0000" catchup-id="901084620"><title>MUBARAKAN</title><date></date><icon src="https://images.tv.kpn.com/epg/13YaSo1V9AkC3ZQ0apFQIYHj2NwDeC7RcL29BJ3XerXF0/1920x1080.jpg?blurred=false"></icon><desc>Identical twin brothers turn to their eccentric uncle for help to make sure that they each marry the woman they love.</desc><category></category></programme><programme channel="164" start="20230103094500 +0000" stop="20230103124500 +0000" catchup-id="901084626"><title>Koi Jaane Na</title><date></date><icon src="https://images.tv.kpn.com/epg/ipZ8kUXgET8qA81GFZwEcvAXDK8JEVnoIEotCBdEeT8/1920x1080.jpg?blurred=false"></icon><desc>A heartbroken writer struggling with writer's block goes to a hill station where he finds love again but uncovers a copycat serial killer who has mysteriously come alive.</desc><category></category></programme><programme channel="164" start="20230103124500 +0000" stop="20230103154500 +0000" catchup-id="901084632"><title>Pyaar Impossible</title><date></date><icon src="https://images.tv.kpn.com/epg/13YaSo1V9AkC3ZQ0apFQIYHj2NwDeC7RcL29BJ3XerXF0/1920x1080.jpg?blurred=false"></icon><desc>The first time around, Abhay was too geeky for Alisha, the girl he secretly loved. Seven years later, she is a single mother and he is forced to become her kids' nanny. Will cupid succeed this time?</desc><category></category></programme><programme channel="164" start="20230103154500 +0000" stop="20230103184500 +0000" catchup-id="901084638"><title>Mere Brother Ki Dulhan</title><date></date><icon src="https://images.tv.kpn.com/epg/OLqYeGH7HPSPSoRrWorwkhcAxus6z1cbeiR9AxA9BD9ARc/1920x1080.jpg?blurred=false"></icon><desc>A quirky romcom where Kush (Imran Khan) finds the ideal Indian bride Dimple (Katrina Kaif) for his brother Luv (Ali Zafar) and a series of comical events follow.</desc><category></category></programme><programme channel="164" start="20230103184500 +0000" stop="20230103214500 +0000" catchup-id="901084644"><title>Malang</title><date></date><icon src="https://images.tv.kpn.com/epg/13YaSo1V9AkC3ZQ0apFQIYHj2NwDeC7RcL29BJ3XerXF0/1920x1080.jpg?blurred=false"></icon><desc>Advait visits Goa where he meets Sara, a free-spirited girl who lives life unshackled. Opposites attract and all goes well until life turns upside down</desc><category></category></programme><programme channel="164" start="20230103214500 +0000" stop="20230104004500 +0000" catchup-id="901084650"><title>Bulandi</title><date></date><icon src="https://images.tv.kpn.com/epg/13YaSo1V9AkC3ZQ0apFQIYHj2NwDeC7RcL29BJ3XerXF0/1920x1080.jpg?blurred=false"></icon><desc>Sangolli Rayanna, the army chief of the Kingdom of Kittur and a freedom fighter, revolts against the British in a bid to oust them from the country.</desc><category></category></programme><programme channel="164" start="20230104004500 +0000" stop="20230104030000 +0000" catchup-id="901130676"><title>Dashing Diljale</title><date></date><icon src="https://images.tv.kpn.com/epg/OLqYeGH7HPSPSoRrWorwkhcAxus6z1cbeiR9AxA9BD9ARc/1920x1080.jpg?blurred=false"></icon><desc>Vikram falls in love three times, at different phases of his life, experiencing the pain of separation and emotions.</desc><category></category></programme><programme channel="164" start="20230104030000 +0000" stop="20230104034100 +0000" catchup-id="901446201"><title>Har Din Diwali</title><date></date><icon src="https://images.tv.kpn.com/epg/tQRQpLgtNTO0v1am66A13jss5dasIDqtVPHIX1I1FR8/1920x1080.jpg?blurred=false"></icon><desc>A grandson, Sai, wishes to make the last few weeks for his dying grandfather, Raghu Ramayya, a time to remember. Since most of Raghu's children are too busy to visit him, Sai's gesture comforts him.</desc><category></category></programme><programme channel="164" start="20230104034100 +0000" stop="20230104042800 +0000" catchup-id="901446204"><title>The Making: Sultan</title><date></date><icon src="https://images.tv.kpn.com/epg/OLqYeGH7HPSPSoRrWorwkhcAxus6z1cbeiR9AxA9BD9ARc/1920x1080.jpg?blurred=false"></icon><desc>Watch behind the scenes and meet the cast and crew of the movie.</desc><category></category></programme><programme channel="164" start="20230104042800 +0000" stop="20230104044300 +0000" catchup-id="901446210"><title>Extraaa Storiez: Bhool Bhulaiyaa 2</title><date></date><icon src="https://images.tv.kpn.com/epg/ipZ8kUXgET8qA81GFZwEcvAXDK8JEVnoIEotCBdEeT8/1920x1080.jpg?blurred=false"></icon><desc>Watch behind the scenes and meet the cast and crew of the movie.</desc><category></category></programme><programme channel="164" start="20230104044300 +0000" stop="20230104070000 +0000" catchup-id="901446216"><title>TUM BIN 2</title><date></date><icon src="https://images.tv.kpn.com/epg/ipZ8kUXgET8qA81GFZwEcvAXDK8JEVnoIEotCBdEeT8/1920x1080.jpg?blurred=false"></icon><desc>After a skiing accident, Taran thinks her fiance Amar is dead and grieves for months. Soon, Shekhar enters her life, helps her rediscover happiness and falls in love with her.</desc><category></category></programme><programme channel="164" start="20230104070000 +0000" stop="20230104092900 +0000" catchup-id="901446222"><title>Pappu Passport</title><date></date><icon src="https://images.tv.kpn.com/epg/OLqYeGH7HPSPSoRrWorwkhcAxus6z1cbeiR9AxA9BD9ARc/1920x1080.jpg?blurred=false"></icon><desc>Gandhi uses a fake spouse name, Karmeghakuzhali, to apply for a passport to fly to London. However, he feels guilty of his actions and tries to find a girl with the same name to solve his problem.</desc><category></category></programme><programme channel="164" start="20230104092900 +0000" stop="20230104123900 +0000" catchup-id="901446228"><title>Ramji Londonwaley</title><date></date><icon src="https://images.tv.kpn.com/epg/13YaSo1V9AkC3ZQ0apFQIYHj2NwDeC7RcL29BJ3XerXF0/1920x1080.jpg?blurred=false"></icon><desc>This is the story about Ramji, who is a skilled cook and flies to London to try his luck in work. It is the story about his journey and life in London.</desc><category></category></programme><programme channel="164" start="20230104123900 +0000" stop="20230104145400 +0000" catchup-id="901446234"><title>Marjaavan</title><date></date><icon src="https://images.tv.kpn.com/epg/13YaSo1V9AkC3ZQ0apFQIYHj2NwDeC7RcL29BJ3XerXF0/1920x1080.jpg?blurred=false"></icon><desc>Young couple Raghu and Zoya enjoy their lives together until a vertically challenged gang leader with harmful intentions turns their world upside down.</desc><category></category></programme><programme channel="164" start="20230104145400 +0000" stop="20230104173400 +0000" catchup-id="901446240"><title>Azhar</title><date></date><icon src="https://images.tv.kpn.com/epg/OLqYeGH7HPSPSoRrWorwkhcAxus6z1cbeiR9AxA9BD9ARc/1920x1080.jpg?blurred=false"></icon><desc>Biographical sports drama based on the life of former Indian international cricketer, Mohammad Azharuddin. Starring Emraan Hashmi.</desc><category></category></programme><programme channel="164" start="20230104173400 +0000" stop="20230104200200 +0000" catchup-id="901446243"><title>Toolsidas Junior</title><date></date><icon src="https://images.tv.kpn.com/epg/OLqYeGH7HPSPSoRrWorwkhcAxus6z1cbeiR9AxA9BD9ARc/1920x1080.jpg?blurred=false"></icon><desc>Watching his father lose the 1994 Club Snooker Championship, 13-year-old Midi takes on the impossible journey to bring his father's name on the Winner's Board.</desc><category></category></programme><programme channel="164" start="20230104200200 +0000" stop="20230104225300 +0000" catchup-id="901446249"><title>Zameer-the Fire Within (2005)</title><date></date><icon src="https://images.tv.kpn.com/epg/OLqYeGH7HPSPSoRrWorwkhcAxus6z1cbeiR9AxA9BD9ARc/1920x1080.jpg?blurred=false"></icon><desc>A spoiled brat gets married to her professor despite several challenges. Soon after, he learns that his wife was responsible for the separation of his ex-girlfriend and he leaves her, never to return.</desc><category></category></programme><programme channel="164" start="20230104225300 +0000" stop="20230105015300 +0000" catchup-id="901446255"><title>Dushman</title><date></date><icon src="https://images.tv.kpn.com/epg/OLqYeGH7HPSPSoRrWorwkhcAxus6z1cbeiR9AxA9BD9ARc/1920x1080.jpg?blurred=false"></icon><desc>A woman goes on a hunt to find her twin sister's rapist and murderer.</desc><category></category></programme><programme channel="164" start="20230105015300 +0000" stop="20230105035300 +0000" catchup-id="901446261"><title>Ab Tak Chhappan 2</title><date></date><icon src="https://images.tv.kpn.com/epg/OLqYeGH7HPSPSoRrWorwkhcAxus6z1cbeiR9AxA9BD9ARc/1920x1080.jpg?blurred=false"></icon><desc>Sadhu Agashe, a retired encounter specialist, faces a series of challenges after he returns to Mumbai to solve various criminal cases growing in the city.</desc><category></category></programme><programme channel="164" start="20230105035300 +0000" stop="20230105042000 +0000" catchup-id="901446267"><title>The Making: Kill/dil</title><date></date><icon src="https://images.tv.kpn.com/epg/13YaSo1V9AkC3ZQ0apFQIYHj2NwDeC7RcL29BJ3XerXF0/1920x1080.jpg?blurred=false"></icon><desc>Watch behind the scenes and meet the cast and crew of the movie.</desc><category></category></programme><programme channel="164" start="20230105042000 +0000" stop="20230105042900 +0000" catchup-id="901446273"><title>The Making: Azhar</title><date></date><icon src="https://images.tv.kpn.com/epg/OLqYeGH7HPSPSoRrWorwkhcAxus6z1cbeiR9AxA9BD9ARc/1920x1080.jpg?blurred=false"></icon><desc>Watch behind the scenes and meet the cast and crew of the movie.</desc><category></category></programme><programme channel="164" start="20230105042900 +0000" stop="20230105070000 +0000" catchup-id="901446276"><title>MUBARAKAN</title><date></date><icon src="https://images.tv.kpn.com/epg/OLqYeGH7HPSPSoRrWorwkhcAxus6z1cbeiR9AxA9BD9ARc/1920x1080.jpg?blurred=false"></icon><desc>Identical twin brothers turn to their eccentric uncle for help to make sure that they each marry the woman they love.</desc><category></category></programme><programme channel="164" start="20230105070000 +0000" stop="20230105091600 +0000" catchup-id="901446282"><title>Ghajinikanth</title><date></date><icon src="https://images.tv.kpn.com/epg/tQRQpLgtNTO0v1am66A13jss5dasIDqtVPHIX1I1FR8/1920x1080.jpg?blurred=false"></icon><desc>Rajinikanth, who suffers from temporary memory loss, embarrasses his parents and peers often. However, the challenge arises when he falls in love with Vandhana and seeks her parents' acceptance.</desc><category></category></programme><programme channel="164" start="20230105091600 +0000" stop="20230105120700 +0000" catchup-id="901446288"><title>Dil Toh Baccha Hai Ji</title><date></date><icon src="https://images.tv.kpn.com/epg/tQRQpLgtNTO0v1am66A13jss5dasIDqtVPHIX1I1FR8/1920x1080.jpg?blurred=false"></icon><desc>Three roommates are in search of true love. They each find a girl with whom they fall head over heels in love with. Now they just have to get the women to reciprocate</desc><category></category></programme><programme channel="164" start="20230105120700 +0000" stop="20230105145000 +0000" catchup-id="901446294"><title>Saajan Chale Sasural</title><date></date><icon src="https://images.tv.kpn.com/epg/ipZ8kUXgET8qA81GFZwEcvAXDK8JEVnoIEotCBdEeT8/1920x1080.jpg?blurred=false"></icon><desc>A village-based singer attempts to find love and fame in the big city.</desc><category></category></programme><programme channel="164" start="20230105145000 +0000" stop="20230105172900 +0000" catchup-id="901446297"><title>Sherni</title><date></date><icon src="https://images.tv.kpn.com/epg/13YaSo1V9AkC3ZQ0apFQIYHj2NwDeC7RcL29BJ3XerXF0/1920x1080.jpg?blurred=false"></icon><desc>An upright Forest Officer who strives for balance in a world of man-animal conflict while she also seeks her true calling in a hostile environment.</desc><category></category></programme><programme channel="164" start="20230105172900 +0000" stop="20230105200400 +0000" catchup-id="901446303"><title>Piku</title><date></date><icon src="https://images.tv.kpn.com/epg/13YaSo1V9AkC3ZQ0apFQIYHj2NwDeC7RcL29BJ3XerXF0/1920x1080.jpg?blurred=false"></icon><desc>Critically acclaimed comedy about the relationship between a daughter (Deepika Padukone) and her aging father (Amitabh Bachchan), whose eccentricities drive everyone crazy.</desc><category></category></programme><programme channel="164" start="20230105200400 +0000" stop="20230105210000 +0000" catchup-id="901446309"><title>The Making Of Fan</title><date></date><icon src="https://images.tv.kpn.com/epg/OLqYeGH7HPSPSoRrWorwkhcAxus6z1cbeiR9AxA9BD9ARc/1920x1080.jpg?blurred=false"></icon><desc>Watch behind the scenes and meet the cast and crew of the movie.</desc><category></category></programme><programme channel="164" start="20230105210000 +0000" stop="20230105231400 +0000" catchup-id="901446315"><title>Helmet</title><date></date><icon src="https://images.tv.kpn.com/epg/OLqYeGH7HPSPSoRrWorwkhcAxus6z1cbeiR9AxA9BD9ARc/1920x1080.jpg?blurred=false"></icon><desc>A quirky comedy from the heartland of India, it touches upon a topic that is considered embarrassing for most people in India and will showcase the same in a hilariously entertaining manner.</desc><category></category></programme><programme channel="164" start="20230105231400 +0000" stop="20230106012300 +0000" catchup-id="901446321"><title>Aisi Deewangi</title><date></date><icon src="https://images.tv.kpn.com/epg/tQRQpLgtNTO0v1am66A13jss5dasIDqtVPHIX1I1FR8/1920x1080.jpg?blurred=false"></icon><desc>Murugaiyan, a goat shepherd, comes across a female thief, Pechi, who steals goats for livelihood. He falls in love with her but his mother Veerayi opposes their relationship.</desc><category></category></programme><programme channel="164" start="20230106012300 +0000" stop="20230106035800 +0000" catchup-id="901446330"><title>Jamba Lakidi Pamba</title><date></date><icon src="https://images.tv.kpn.com/epg/13YaSo1V9AkC3ZQ0apFQIYHj2NwDeC7RcL29BJ3XerXF0/1920x1080.jpg?blurred=false"></icon><desc>A man and woman who were joined by destiny are on the brink of divorce.</desc><category></category></programme><programme channel="164" start="20230106035800 +0000" stop="20230106042000 +0000" catchup-id="901446336"><title>Extraaa Storiez Kgf: Chapter 2</title><date></date><icon src="https://images.tv.kpn.com/epg/ipZ8kUXgET8qA81GFZwEcvAXDK8JEVnoIEotCBdEeT8/1920x1080.jpg?blurred=false"></icon><desc>Watch behind the scenes and meet the cast and crew of the movie.</desc><category></category></programme><programme channel="164" start="20230106042000 +0000" stop="20230106044200 +0000" catchup-id="901446339"><title>The Making: Katti Batti</title><date></date><icon src="https://images.tv.kpn.com/epg/OLqYeGH7HPSPSoRrWorwkhcAxus6z1cbeiR9AxA9BD9ARc/1920x1080.jpg?blurred=false"></icon><desc>Watch behind the scenes and meet the cast and crew of the movie.</desc><category></category></programme><programme channel="164" start="20230106044200 +0000" stop="20230106045300 +0000" catchup-id="901446345"><title>The Making Mubarakan; The</title><date></date><icon src="https://images.tv.kpn.com/epg/ipZ8kUXgET8qA81GFZwEcvAXDK8JEVnoIEotCBdEeT8/1920x1080.jpg?blurred=false"></icon><desc>Watch behind the scenes and meet the cast and crew of the movie.</desc><category></category></programme><programme channel="164" start="20230106045300 +0000" stop="20230106070800 +0000" catchup-id="901446351"><title>LOVE STORY</title><date></date><icon src="https://images.tv.kpn.com/epg/OLqYeGH7HPSPSoRrWorwkhcAxus6z1cbeiR9AxA9BD9ARc/1920x1080.jpg?blurred=false"></icon><desc>Two young lovers (Vijayata Pandit, Kumar Gaurav) run away to elope after their parents decide to oppose their relationship.</desc><category></category></programme><programme channel="164" start="20230106070800 +0000" stop="20230106100500 +0000" catchup-id="901446354"><title>Love Break Up Zindagi</title><date></date><icon src="https://images.tv.kpn.com/epg/13YaSo1V9AkC3ZQ0apFQIYHj2NwDeC7RcL29BJ3XerXF0/1920x1080.jpg?blurred=false"></icon><desc>A couple and many of their friends experience changes and challenges in their respective lives after attending a wedding.</desc><category></category></programme><programme channel="164" start="20230106100500 +0000" stop="20230106123100 +0000" catchup-id="901446360"><title>Ek Chalis Ki Last Local</title><date></date><icon src="https://images.tv.kpn.com/epg/13YaSo1V9AkC3ZQ0apFQIYHj2NwDeC7RcL29BJ3XerXF0/1920x1080.jpg?blurred=false"></icon><desc>A comic thriller about two people who miss the last local train at 1:40 am and how missing of their train changes their course of life forever.</desc><category></category></programme><programme channel="164" start="20230106123100 +0000" stop="20230106145800 +0000" catchup-id="901446366"><title>Nehlle Pe Dehlla</title><date></date><icon src="https://images.tv.kpn.com/epg/ipZ8kUXgET8qA81GFZwEcvAXDK8JEVnoIEotCBdEeT8/1920x1080.jpg?blurred=false"></icon><desc>Two small-time crooks, Jimmy and Johny, blackmail hotel manager Balram Sahni aka Ballu in order to get a huge sum of money. But their plan goes haywire when Ballu is mysteriously murdered.</desc><category></category></programme><programme channel="164" start="20230106145800 +0000" stop="20230106172900 +0000" catchup-id="901446372"><title>Prassthanam</title><date></date><icon src="https://images.tv.kpn.com/epg/tQRQpLgtNTO0v1am66A13jss5dasIDqtVPHIX1I1FR8/1920x1080.jpg?blurred=false"></icon><desc>A rural politician marries a widow with kids and gains a respectable position. He trusts his stepson more than his own in political matters; thus upsetting his son beyond limits.</desc><category></category></programme><programme channel="164" start="20230106172900 +0000" stop="20230106200400 +0000" catchup-id="901446378"><title>Hindi Medium</title><date></date><icon src="https://images.tv.kpn.com/epg/13YaSo1V9AkC3ZQ0apFQIYHj2NwDeC7RcL29BJ3XerXF0/1920x1080.jpg?blurred=false"></icon><desc>Raj and Mita Batra yearn to get Pia, their daughter, educated from a posh school. When they learn that their background is holding her back, they are willing to go to any lengths to change her fate.</desc><category></category></programme><programme channel="164" start="20230106200400 +0000" stop="20230106203400 +0000" catchup-id="901446384"><title>The Making Of Piku</title><date></date><icon src="https://images.tv.kpn.com/epg/OLqYeGH7HPSPSoRrWorwkhcAxus6z1cbeiR9AxA9BD9ARc/1920x1080.jpg?blurred=false"></icon><desc>Watch behind the scenes and meet the cast and crew of the movie.</desc><category></category></programme><programme channel="164" start="20230106203400 +0000" stop="20230106210200 +0000" catchup-id="901446390"><title>The Making Of Bewakoofiyan</title><date></date><icon src="https://images.tv.kpn.com/epg/OLqYeGH7HPSPSoRrWorwkhcAxus6z1cbeiR9AxA9BD9ARc/1920x1080.jpg?blurred=false"></icon><desc>Watch behind the scenes and meet the cast and crew of the movie.</desc><category></category></programme><programme channel="164" start="20230106210200 +0000" stop="20230106233600 +0000" catchup-id="901446396"><title>Ek Villain Returns</title><date></date><icon src="https://images.tv.kpn.com/epg/OLqYeGH7HPSPSoRrWorwkhcAxus6z1cbeiR9AxA9BD9ARc/1920x1080.jpg?blurred=false"></icon><desc>When a singer disappears during a serial killer spree, a taxidriver and a businessman's son cross paths in a disturbing tale where the lines between good and evil are blurred.</desc><category></category></programme><programme channel="164" start="20230106233600 +0000" stop="20230107015500 +0000" catchup-id="901446402"><title>Bewares</title><date></date><icon src="https://images.tv.kpn.com/epg/ipZ8kUXgET8qA81GFZwEcvAXDK8JEVnoIEotCBdEeT8/1920x1080.jpg?blurred=false"></icon><desc>Having a carefree attitude towards life, a man's life suddenly takes a turn for the worse when his sister commits suicide.</desc><category></category></programme><programme channel="164" start="20230107015500 +0000" stop="20230107044900 +0000" catchup-id="901446405"><title>Lucifer</title><date></date><icon src="https://images.tv.kpn.com/epg/tQRQpLgtNTO0v1am66A13jss5dasIDqtVPHIX1I1FR8/1920x1080.jpg?blurred=false"></icon><desc>When the leader of a ruling party dies, there is a power struggle to fill his shoes. His adopted son, the mysterious Stephen, steps in and faces challenges in all spheres of life.</desc><category></category></programme><programme channel="164" start="20230107044900 +0000" stop="20230107051100 +0000" catchup-id="901446411"><title>The Making: Wazir</title><date></date><icon src="https://images.tv.kpn.com/epg/13YaSo1V9AkC3ZQ0apFQIYHj2NwDeC7RcL29BJ3XerXF0/1920x1080.jpg?blurred=false"></icon><desc>Watch behind the scenes and meet the cast and crew of the movie.</desc><category></category></programme><programme channel="164" start="20230107051100 +0000" stop="20230107070700 +0000" catchup-id="901446417"><title>Ajab Gazabb Love</title><date></date><icon src="https://images.tv.kpn.com/epg/OLqYeGH7HPSPSoRrWorwkhcAxus6z1cbeiR9AxA9BD9ARc/1920x1080.jpg?blurred=false"></icon><desc>A wealthy young man falls in love with a woman who hates rich people, so he pretends to be poor to gain her affection.</desc><category></category></programme><programme channel="164" start="20230107070700 +0000" stop="20230107090200 +0000" catchup-id="901446423"><title>Tuesdays &amp; Fridays</title><date></date><icon src="https://images.tv.kpn.com/epg/13YaSo1V9AkC3ZQ0apFQIYHj2NwDeC7RcL29BJ3XerXF0/1920x1080.jpg?blurred=false"></icon><desc>Two millennials get into a relationship where they are allowed to meet only on 'Tuesdays &amp; Fridays'.</desc><category></category></programme><programme channel="164" start="20230107090200 +0000" stop="20230107112800 +0000" catchup-id="901446432"><title>Piku</title><date></date><icon src="https://images.tv.kpn.com/epg/OLqYeGH7HPSPSoRrWorwkhcAxus6z1cbeiR9AxA9BD9ARc/1920x1080.jpg?blurred=false"></icon><desc>Critically acclaimed comedy about the relationship between a daughter (Deepika Padukone) and her aging father (Amitabh Bachchan), whose eccentricities drive everyone crazy.</desc><category></category></programme><programme channel="164" start="20230107112800 +0000" stop="20230107142300 +0000" catchup-id="901446438"><title>All The Best: Fun Begins</title><date></date><icon src="https://images.tv.kpn.com/epg/13YaSo1V9AkC3ZQ0apFQIYHj2NwDeC7RcL29BJ3XerXF0/1920x1080.jpg?blurred=false"></icon><desc>The unexpected arrival of his elder NRI brother and assorted characters complicates the life of a Goan male.</desc><category></category></programme><programme channel="164" start="20230107142300 +0000" stop="20230107172900 +0000" catchup-id="901446441"><title>1942 A Love Story</title><date></date><icon src="https://images.tv.kpn.com/epg/tQRQpLgtNTO0v1am66A13jss5dasIDqtVPHIX1I1FR8/1920x1080.jpg?blurred=false"></icon><desc>Patriotic love story set during the British Raj, Naren (Anil Kapoor) and Rajjo (Manisha Koirala) are separated by a revolution when her father plots to assassinate a British General.</desc><category></category></programme><programme channel="164" start="20230107172900 +0000" stop="20230107203100 +0000" catchup-id="901446447"><title>Chak De India</title><date></date><icon src="https://images.tv.kpn.com/epg/tQRQpLgtNTO0v1am66A13jss5dasIDqtVPHIX1I1FR8/1920x1080.jpg?blurred=false"></icon><desc>The story of a hockey player who returns to the game as a coach of a women's hockey team.</desc><category></category></programme><programme channel="164" start="20230107203100 +0000" stop="20230107210000 +0000" catchup-id="901446453"><title>The Making Of Piku</title><date></date><icon src="https://images.tv.kpn.com/epg/13YaSo1V9AkC3ZQ0apFQIYHj2NwDeC7RcL29BJ3XerXF0/1920x1080.jpg?blurred=false"></icon><desc>Watch behind the scenes and meet the cast and crew of the movie.</desc><category></category></programme><programme channel="164" start="20230107210000 +0000" stop="20230108002700 +0000" catchup-id="901446462"><title>Panipat</title><date></date><icon src="https://images.tv.kpn.com/epg/13YaSo1V9AkC3ZQ0apFQIYHj2NwDeC7RcL29BJ3XerXF0/1920x1080.jpg?blurred=false"></icon><desc>When Ahmad Shah Abdali, the king of Afghanistan, announces war, the army chief of the Marathas, Gets ready for the battle by overcoming several obstacles</desc><category></category></programme><programme channel="164" start="20230108002700 +0000" stop="20230108025500 +0000" catchup-id="901446465"><title>Daku Bhairav Singh</title><date></date><icon src="https://images.tv.kpn.com/epg/OLqYeGH7HPSPSoRrWorwkhcAxus6z1cbeiR9AxA9BD9ARc/1920x1080.jpg?blurred=false"></icon><desc>To save her honour from Thakur, a village strongman, and his men, a beautiful young girl's mother makes her outwardly undesirable. After her mother's death, she joins the gang of a righteous man.</desc><category></category></programme><programme channel="164" start="20230108025500 +0000" stop="20230108052800 +0000" catchup-id="901446471"><title>Pappu Passport</title><date></date><icon src="https://images.tv.kpn.com/epg/ipZ8kUXgET8qA81GFZwEcvAXDK8JEVnoIEotCBdEeT8/1920x1080.jpg?blurred=false"></icon><desc>Gandhi uses a fake spouse name, Karmeghakuzhali, to apply for a passport to fly to London. However, he feels guilty of his actions and tries to find a girl with the same name to solve his problem.</desc><category></category></programme><programme channel="164" start="20230108052800 +0000" stop="20230108080000 +0000" catchup-id="901446477"><title>Ramji Londonwaley</title><date></date><icon src="https://images.tv.kpn.com/epg/13YaSo1V9AkC3ZQ0apFQIYHj2NwDeC7RcL29BJ3XerXF0/1920x1080.jpg?blurred=false"></icon><desc>This is the story about Ramji, who is a skilled cook and flies to London to try his luck in work. It is the story about his journey and life in London.</desc><category></category></programme><programme channel="164" start="20230108080000 +0000" stop="20230108083500 +0000" catchup-id="901446486"><title>The Making Of Fan</title><date></date><icon src="https://images.tv.kpn.com/epg/OLqYeGH7HPSPSoRrWorwkhcAxus6z1cbeiR9AxA9BD9ARc/1920x1080.jpg?blurred=false"></icon><desc>Watch behind the scenes and meet the cast and crew of the movie.</desc><category></category></programme><programme channel="164" start="20230108083500 +0000" stop="20230108111900 +0000" catchup-id="901446492"><title>Hindi Medium</title><date></date><icon src="https://images.tv.kpn.com/epg/ipZ8kUXgET8qA81GFZwEcvAXDK8JEVnoIEotCBdEeT8/1920x1080.jpg?blurred=false"></icon><desc>Raj and Mita Batra yearn to get Pia, their daughter, educated from a posh school. When they learn that their background is holding her back, they are willing to go to any lengths to change her fate.</desc><category></category></programme><programme channel="164" start="20230108111900 +0000" stop="20230108140700 +0000" catchup-id="901446498"><title>Sardar Ka Grandson</title><date></date><icon src="https://images.tv.kpn.com/epg/13YaSo1V9AkC3ZQ0apFQIYHj2NwDeC7RcL29BJ3XerXF0/1920x1080.jpg?blurred=false"></icon><desc>A devoted grandson embarks on a complicated and comic journey to fulfill his ailing grandmother's last wish.</desc><category></category></programme><programme channel="164" start="20230108140700 +0000" stop="20230108172900 +0000" catchup-id="901446504"><title>Kabir Singh</title><date></date><icon src="https://images.tv.kpn.com/epg/13YaSo1V9AkC3ZQ0apFQIYHj2NwDeC7RcL29BJ3XerXF0/1920x1080.jpg?blurred=false"></icon><desc>Kabir Singh, a senior medical student, is heartbroken when his girlfriend is forced to marry another man. Already struggling with anger issues, he falls into a self-destructive spiral</desc><category></category></programme><programme channel="164" start="20230108172900 +0000" stop="20230108200700 +0000" catchup-id="901446510"><title>Sonu Ke Titu Ki Sweety</title><date></date><icon src="https://images.tv.kpn.com/epg/ipZ8kUXgET8qA81GFZwEcvAXDK8JEVnoIEotCBdEeT8/1920x1080.jpg?blurred=false"></icon><desc>Titu is going to marry a perfect woman named Sweety. Titu's best-friend Sonu doubts Sweety's character and tries to break the marriage while Sweety tries to do opposite and it creates romantic comedy.</desc><category></category></programme><programme channel="164" start="20230108200700 +0000" stop="20230108203400 +0000" catchup-id="901446513"><title>Extraa Shots Gulabo Sitabo</title><date></date><icon src="https://images.tv.kpn.com/epg/13YaSo1V9AkC3ZQ0apFQIYHj2NwDeC7RcL29BJ3XerXF0/1920x1080.jpg?blurred=false"></icon><desc>Watch behind the scenes and meet the cast and crew of the movie.</desc><category></category></programme><programme channel="164" start="20230108203400 +0000" stop="20230108210200 +0000" catchup-id="901446519"><title>The Making Of Pk</title><date></date><icon src="https://images.tv.kpn.com/epg/13YaSo1V9AkC3ZQ0apFQIYHj2NwDeC7RcL29BJ3XerXF0/1920x1080.jpg?blurred=false"></icon><desc>Watch behind the scenes and meet the cast and crew of the movie.</desc><category></category></programme><programme channel="164" start="20230108210200 +0000" stop="20230108233200 +0000" catchup-id="901446525"><title>Mumbai Saga</title><date></date><icon src="https://images.tv.kpn.com/epg/13YaSo1V9AkC3ZQ0apFQIYHj2NwDeC7RcL29BJ3XerXF0/1920x1080.jpg?blurred=false"></icon><desc>The plot of the movie is set in the era of the 80s and 90s which were marked as a transformed period of Mumbai.</desc><category></category></programme><programme channel="164" start="20230108233200 +0000" stop="20230109014300 +0000" catchup-id="901446531"><title>Diljala Aashiq</title><date></date><icon src="https://images.tv.kpn.com/epg/ipZ8kUXgET8qA81GFZwEcvAXDK8JEVnoIEotCBdEeT8/1920x1080.jpg?blurred=false"></icon><desc>Meera a happy-go-lucky radio jockey falls in love with Varun who exudes confidence but is nothing like Meera. How far will the two go for the sake of their love?</desc><category></category></programme><programme channel="164" start="20230109014300 +0000" stop="20230109040500 +0000" catchup-id="901446537"><title>Premam 2</title><date></date><icon src="https://images.tv.kpn.com/epg/OLqYeGH7HPSPSoRrWorwkhcAxus6z1cbeiR9AxA9BD9ARc/1920x1080.jpg?blurred=false"></icon><desc>Shiva and Myla meet through their families and like each other. However, hurdles keep coming in the path of them getting married in the form of a past love affair and parental discontent.</desc><category></category></programme><programme channel="164" start="20230109040500 +0000" stop="20230109055100 +0000" catchup-id="901446543"><title>Wife Of Ram</title><date></date><icon src="https://images.tv.kpn.com/epg/tQRQpLgtNTO0v1am66A13jss5dasIDqtVPHIX1I1FR8/1920x1080.jpg?blurred=false"></icon><desc>Deeksha, a courageous lady, sets out on a journey to seek justice for all the women battling against the outrageous behaviour of others in modern society.</desc><category></category></programme><programme channel="164" start="20230109055100 +0000" stop="20230109055900 +0000" catchup-id="901446552"><title>Extraa Shots Kabir Singh</title><date></date><icon src="https://images.tv.kpn.com/epg/13YaSo1V9AkC3ZQ0apFQIYHj2NwDeC7RcL29BJ3XerXF0/1920x1080.jpg?blurred=false"></icon><desc>Watch behind the scenes and meet the cast and crew of the movie.</desc><category></category></programme><programme channel="164" start="20230109055900 +0000" stop="20230109080500 +0000" catchup-id="901446558"><title>Sherni</title><date></date><icon src="https://images.tv.kpn.com/epg/OLqYeGH7HPSPSoRrWorwkhcAxus6z1cbeiR9AxA9BD9ARc/1920x1080.jpg?blurred=false"></icon><desc>An upright Forest Officer who strives for balance in a world of man-animal conflict while she also seeks her true calling in a hostile environment.</desc><category></category></programme><programme channel="164" start="20230109080500 +0000" stop="20230109085900 +0000" catchup-id="901446564"><title>The Making Of Fan</title><date></date><icon src="https://images.tv.kpn.com/epg/ipZ8kUXgET8qA81GFZwEcvAXDK8JEVnoIEotCBdEeT8/1920x1080.jpg?blurred=false"></icon><desc>Watch behind the scenes and meet the cast and crew of the movie.</desc><category></category></programme><programme channel="164" start="20230109085900 +0000" stop="20230109113800 +0000" catchup-id="901446570"><title>Colour Photo</title><date></date><icon src="https://images.tv.kpn.com/epg/OLqYeGH7HPSPSoRrWorwkhcAxus6z1cbeiR9AxA9BD9ARc/1920x1080.jpg?blurred=false"></icon><desc>Jayakrishna and Deepthi are engineering students whose backgrounds differ greatly from each other. However, circumstances bring them together and make them fall in love.</desc><category></category></programme><programme channel="164" start="20230109113800 +0000" stop="20230109142700 +0000" catchup-id="901446576"><title>Ladies Vs Ricky Bahl</title><date></date><icon src="https://images.tv.kpn.com/epg/ipZ8kUXgET8qA81GFZwEcvAXDK8JEVnoIEotCBdEeT8/1920x1080.jpg?blurred=false"></icon><desc>It is a story about a con-man who earns his bread and butter by conning women but at the end gets conned himself.</desc><category></category></programme><programme channel="164" start="20230109142700 +0000" stop="20230109173000 +0000" catchup-id="901446582"><title>Paagalpanti</title><date></date><icon src="https://images.tv.kpn.com/epg/OLqYeGH7HPSPSoRrWorwkhcAxus6z1cbeiR9AxA9BD9ARc/1920x1080.jpg?blurred=false"></icon><desc>A tourist group from India sets out on a vacation to only have their trip to turn into a patriotic mission. Will it end well for them?</desc><category></category></programme><programme channel="164" start="20230109173000 +0000" stop="20230109200800 +0000" catchup-id="901446588"><title>Saajan Chale Sasural</title><date></date><icon src="https://images.tv.kpn.com/epg/ipZ8kUXgET8qA81GFZwEcvAXDK8JEVnoIEotCBdEeT8/1920x1080.jpg?blurred=false"></icon><desc>A village-based singer attempts to find love and fame in the big city.</desc><category></category></programme><programme channel="164" start="20230109200800 +0000" stop="20230109225200 +0000" catchup-id="901446594"><title>Jannat</title><date></date><icon src="https://images.tv.kpn.com/epg/tQRQpLgtNTO0v1am66A13jss5dasIDqtVPHIX1I1FR8/1920x1080.jpg?blurred=false"></icon><desc>A gambler turns into a cricket bookie banking on his sixth sense for the game. But his urge to make quick money pushes him into match fixing and he loses control of his life and love.</desc><category></category></programme><programme channel="164" start="20230109225200 +0000" stop="20230110013600 +0000" catchup-id="901446600"><title>My Brother Vicky</title><date></date><icon src="https://images.tv.kpn.com/epg/ipZ8kUXgET8qA81GFZwEcvAXDK8JEVnoIEotCBdEeT8/1920x1080.jpg?blurred=false"></icon><desc>Parvathy is elated when she finds out that her brother, Saravanan, who has been missing for 15 years, is in Goa. However, somebody has already hatched a plan to kill him.</desc><category></category></programme><programme channel="164" start="20230110013600 +0000" stop="20230110034700 +0000" catchup-id="901446603"><title>Jabardast Jodi</title><date></date><icon src="https://images.tv.kpn.com/epg/13YaSo1V9AkC3ZQ0apFQIYHj2NwDeC7RcL29BJ3XerXF0/1920x1080.jpg?blurred=false"></icon><desc>Two men are in love with a beautiful woman residing in their neighborhood. They desperately try to win her over in various ways.</desc><category></category></programme><programme channel="164" start="20230110034700 +0000" stop="20230110044000 +0000" catchup-id="901446609"><title>Extraa Shots Ludo</title><date></date><icon src="https://images.tv.kpn.com/epg/13YaSo1V9AkC3ZQ0apFQIYHj2NwDeC7RcL29BJ3XerXF0/1920x1080.jpg?blurred=false"></icon><desc>Watch behind the scenes and meet the cast and crew of the movie.</desc><category></category></programme><programme channel="164" start="20230110044000 +0000" stop="20230110050700 +0000" catchup-id="901446615"><title>Extraa Shots - Befikre</title><date></date><icon src="https://images.tv.kpn.com/epg/tQRQpLgtNTO0v1am66A13jss5dasIDqtVPHIX1I1FR8/1920x1080.jpg?blurred=false"></icon><desc>Watch behind the scenes and meet the cast and crew of the movie.</desc><category></category></programme><programme channel="164" start="20230110050700 +0000" stop="20230110070000 +0000" catchup-id="901446621"><title>Nehlle Pe Dehlla</title><date></date><icon src="https://images.tv.kpn.com/epg/OLqYeGH7HPSPSoRrWorwkhcAxus6z1cbeiR9AxA9BD9ARc/1920x1080.jpg?blurred=false"></icon><desc>Two small-time crooks, Jimmy and Johny, blackmail hotel manager Balram Sahni aka Ballu in order to get a huge sum of money. But their plan goes haywire when Ballu is mysteriously murdered.</desc><category></category></programme><programme channel="164" start="20230110070000 +0000" stop="20230110091600 +0000" catchup-id="901446627"><title>Jodi</title><date></date><icon src="https://images.tv.kpn.com/epg/OLqYeGH7HPSPSoRrWorwkhcAxus6z1cbeiR9AxA9BD9ARc/1920x1080.jpg?blurred=false"></icon><desc>Kapil falls for Kanchana Mala because of her ideals. But what happens when Kapil's father's ideals cause issues for them?</desc><category></category></programme><programme channel="164" start="20230110091600 +0000" stop="20230110120300 +0000" catchup-id="901446633"><title>Sonu Ke Titu Ki Sweety</title><date></date><icon src="https://images.tv.kpn.com/epg/ipZ8kUXgET8qA81GFZwEcvAXDK8JEVnoIEotCBdEeT8/1920x1080.jpg?blurred=false"></icon><desc>Titu is going to marry a perfect woman named Sweety. Titu's best-friend Sonu doubts Sweety's character and tries to break the marriage while Sweety tries to do opposite and it creates romantic comedy.</desc><category></category></programme><programme channel="164" start="20230110120300 +0000" stop="20230110143300 +0000" catchup-id="901446639"><title>Daawat-e-ishq</title><date></date><icon src="https://images.tv.kpn.com/epg/OLqYeGH7HPSPSoRrWorwkhcAxus6z1cbeiR9AxA9BD9ARc/1920x1080.jpg?blurred=false"></icon><desc>A story of Gullu (Parineeti Chopra) who, frustrated by dowry seeking men, decides to reverse the tables on Taru (Aditya Roy Kapoor), a charming chef who owns a restaurant in Lucknow.</desc><category></category></programme><programme channel="164" start="20230110143300 +0000" stop="20230110172900 +0000" catchup-id="901446642"><title>Fan</title><date></date><icon src="https://images.tv.kpn.com/epg/ipZ8kUXgET8qA81GFZwEcvAXDK8JEVnoIEotCBdEeT8/1920x1080.jpg?blurred=false"></icon><desc>Gaurav's world revolves around the superstar Aryan Khanna. What happens when his passion turns into a dangerous obsessions? Stylish action thriller starring Shahrukh Khan.</desc><category></category></programme><programme channel="164" start="20230110172900 +0000" stop="20230110203100 +0000" catchup-id="901398507"><title>Dhoom 2</title><date></date><icon src="https://images.tv.kpn.com/epg/tQRQpLgtNTO0v1am66A13jss5dasIDqtVPHIX1I1FR8/1920x1080.jpg?blurred=false"></icon><desc>Abhishek Bachchan and Uday Chopra return, this time on the trail of International thief Hrithik Roshan. Star studded sequel also starring Aishwarya Rai and Bipasha Basu.</desc><category></category></programme><programme channel="164" start="20230110203100 +0000" stop="20230110233300 +0000" catchup-id="901446648"><title>Krrish 3</title><date></date><icon src="https://images.tv.kpn.com/epg/tQRQpLgtNTO0v1am66A13jss5dasIDqtVPHIX1I1FR8/1920x1080.jpg?blurred=false"></icon><desc>Special effects laden sequel starring Hrithik Roshan as the superhero who must save the world from villains Kaal (Vivek Oberoi) and Kaya (Kangana Ranaut). Also starring Priyanka Chopra.</desc><category></category></programme><programme channel="164" start="20230110233300 +0000" stop="20230111015100 +0000" catchup-id="901446654"><title>Be Shakal</title><date></date><icon src="https://images.tv.kpn.com/epg/13YaSo1V9AkC3ZQ0apFQIYHj2NwDeC7RcL29BJ3XerXF0/1920x1080.jpg?blurred=false"></icon><desc>A woman who doesn't like harming even an ant is possessed with the ghost of the man who loves her, which wants to take revenge on the corrupt men who murdered him.</desc><category></category></programme><programme channel="164" start="20230111015100 +0000" stop="20230111041000 +0000" catchup-id="901446663"><title>Gold Thief</title><date></date><icon src="https://images.tv.kpn.com/epg/OLqYeGH7HPSPSoRrWorwkhcAxus6z1cbeiR9AxA9BD9ARc/1920x1080.jpg?blurred=false"></icon><desc>Bhavani Prasad, a gold appraiser, learns of his grandfather's secret from years ago. As a result, he decides to help him set things right but faces many challenges in his quest.</desc><category></category></programme><programme channel="164" start="20230111041000 +0000" stop="20230111043100 +0000" catchup-id="901446672"><title>Extraaa Storiez Kgf: Chapter 2</title><date></date><icon src="https://images.tv.kpn.com/epg/tQRQpLgtNTO0v1am66A13jss5dasIDqtVPHIX1I1FR8/1920x1080.jpg?blurred=false"></icon><desc>Watch behind the scenes and meet the cast and crew of the movie.</desc><category></category></programme><programme channel="164" start="20230111043100 +0000" stop="20230111045100 +0000" catchup-id="901446678"><title>Extraaa Storiez Sardar Udham</title><date></date><icon src="https://images.tv.kpn.com/epg/OLqYeGH7HPSPSoRrWorwkhcAxus6z1cbeiR9AxA9BD9ARc/1920x1080.jpg?blurred=false"></icon><desc>Watch behind the scenes and meet the cast and crew of the movie.</desc><category></category></programme><programme channel="164" start="20230111045100 +0000" stop="20230111050700 +0000" catchup-id="901446687"><title>Extraaa Storiez: Bhool Bhulaiyaa 2</title><date></date><icon src="https://images.tv.kpn.com/epg/tQRQpLgtNTO0v1am66A13jss5dasIDqtVPHIX1I1FR8/1920x1080.jpg?blurred=false"></icon><desc>Watch behind the scenes and meet the cast and crew of the movie.</desc><category></category></programme><programme channel="164" start="20230111050700 +0000" stop="20230111052000 +0000" catchup-id="901446696"><title>Extraa Shots Malang</title><date></date><icon src="https://images.tv.kpn.com/epg/tQRQpLgtNTO0v1am66A13jss5dasIDqtVPHIX1I1FR8/1920x1080.jpg?blurred=false"></icon><desc>Watch behind the scenes and meet the cast and crew of the movie.</desc><category></category></programme><programme channel="164" start="20230111052000 +0000" stop="20230111073300 +0000" catchup-id="901446702"><title>All The Best: Fun Begins</title><date></date><icon src="https://images.tv.kpn.com/epg/13YaSo1V9AkC3ZQ0apFQIYHj2NwDeC7RcL29BJ3XerXF0/1920x1080.jpg?blurred=false"></icon><desc>The unexpected arrival of his elder NRI brother and assorted characters complicates the life of a Goan male.</desc><category></category></programme><programme channel="164" start="20230111073300 +0000" stop="20230111100900 +0000" catchup-id="901446711"><title>Saajan Chale Sasural</title><date></date><icon src="https://images.tv.kpn.com/epg/13YaSo1V9AkC3ZQ0apFQIYHj2NwDeC7RcL29BJ3XerXF0/1920x1080.jpg?blurred=false"></icon><desc>A village-based singer attempts to find love and fame in the big city.</desc><category></category></programme><programme channel="164" start="20230111100900 +0000" stop="20230111124100 +0000" catchup-id="901446726"><title>Ishaqzaade</title><date></date><icon src="https://images.tv.kpn.com/epg/13YaSo1V9AkC3ZQ0apFQIYHj2NwDeC7RcL29BJ3XerXF0/1920x1080.jpg?blurred=false"></icon><desc>While fighting for the political supremacy of their respective families, a Hindu man and a Muslim woman share a forbidden romance.</desc><category></category></programme><programme channel="164" start="20230111124100 +0000" stop="20230111144800 +0000" catchup-id="901446735"><title>Arjun Patiala</title><date></date><icon src="https://images.tv.kpn.com/epg/ipZ8kUXgET8qA81GFZwEcvAXDK8JEVnoIEotCBdEeT8/1920x1080.jpg?blurred=false"></icon><desc>Arjun Patiala is a quirky small-town cop, who is fond of women and even more fond of his drinks. His original and unusual ideas help reduce crime rate in the town.</desc><category></category></programme><programme channel="164" start="20230111144800 +0000" stop="20230111173000 +0000" catchup-id="901446744"><title>Blackmail</title><date></date><icon src="https://images.tv.kpn.com/epg/tQRQpLgtNTO0v1am66A13jss5dasIDqtVPHIX1I1FR8/1920x1080.jpg?blurred=false"></icon><desc>When Dev discovers that his wife, Reena, has been cheating on him, he decides to blackmail her and her lover, Ranjit, as a part of his revenge plan.</desc><category></category></programme><programme channel="164" start="20230111173000 +0000" stop="20230111200600 +0000" catchup-id="901446753"><title>Malaal</title><date></date><icon src="https://images.tv.kpn.com/epg/tQRQpLgtNTO0v1am66A13jss5dasIDqtVPHIX1I1FR8/1920x1080.jpg?blurred=false"></icon><desc>Two very different people from contrasting backgrounds experience the innocence of love.</desc><category></category></programme><programme channel="164" start="20230111200600 +0000" stop="20230111230600 +0000" catchup-id="901446762"><title>Bahubali 2 The Conclusion</title><date></date><icon src="https://images.tv.kpn.com/epg/tQRQpLgtNTO0v1am66A13jss5dasIDqtVPHIX1I1FR8/1920x1080.jpg?blurred=false"></icon><desc>The story continues in this sequel as Bahubali's son Shiva (Prabhas), seeks revenge after learning about the reason behind his father's death</desc><category></category></programme><programme channel="164" start="20230111230600 +0000" stop="20230112015400 +0000" catchup-id="901499802"><title>Vajra The Bull</title><date></date><icon src="https://images.tv.kpn.com/epg/13YaSo1V9AkC3ZQ0apFQIYHj2NwDeC7RcL29BJ3XerXF0/1920x1080.jpg?blurred=false"></icon><desc>The story of a brother - Veerabhadra, who loves his only sister - Gowri a lot. Gowri marries a nice man and moves to Bangalore city. In spite of a warning Veerabhadra gets into violence and revenge.</desc><category></category></programme><programme channel="164" start="20230112015400 +0000" stop="20230112044200 +0000" catchup-id="901499805"><title>Dev</title><date></date><icon src="https://images.tv.kpn.com/epg/ipZ8kUXgET8qA81GFZwEcvAXDK8JEVnoIEotCBdEeT8/1920x1080.jpg?blurred=false"></icon><desc>Dev, an adventure-loving young man, often embarks on escapades with his best friend, Vicky. His life takes a turn when Vicky tries to set him up with Meghna, a USA-based businesswoman.</desc><category></category></programme><programme channel="164" start="20230112044200 +0000" stop="20230112050700 +0000" catchup-id="901499808"><title>The Making: Sultan</title><date></date><icon src="https://images.tv.kpn.com/epg/13YaSo1V9AkC3ZQ0apFQIYHj2NwDeC7RcL29BJ3XerXF0/1920x1080.jpg?blurred=false"></icon><desc>Watch behind the scenes and meet the cast and crew of the movie.</desc><category></category></programme><programme channel="164" start="20230112050700 +0000" stop="20230112052100 +0000" catchup-id="901499811"><title>The Making Of Hichki</title><date></date><icon src="https://images.tv.kpn.com/epg/OLqYeGH7HPSPSoRrWorwkhcAxus6z1cbeiR9AxA9BD9ARc/1920x1080.jpg?blurred=false"></icon><desc>Watch behind the scenes and meet the cast and crew of the movie.</desc><category></category></programme><programme channel="164" start="20230112052100 +0000" stop="20230112060100 +0000" catchup-id="901499814"><title>The Making Of Fan</title><date></date><icon src="https://images.tv.kpn.com/epg/ipZ8kUXgET8qA81GFZwEcvAXDK8JEVnoIEotCBdEeT8/1920x1080.jpg?blurred=false"></icon><desc>Watch behind the scenes and meet the cast and crew of the movie.</desc><category></category></programme><programme channel="164" start="20230112060100 +0000" stop="20230112081500 +0000" catchup-id="901499817"><title>Sardar Ka Grandson</title><date></date><icon src="https://images.tv.kpn.com/epg/13YaSo1V9AkC3ZQ0apFQIYHj2NwDeC7RcL29BJ3XerXF0/1920x1080.jpg?blurred=false"></icon><desc>A devoted grandson embarks on a complicated and comic journey to fulfill his ailing grandmother's last wish.</desc><category></category></programme><programme channel="164" start="20230112081500 +0000" stop="20230112085100 +0000" catchup-id="901499820"><title>The Making Of Piku</title><date></date><icon src="https://images.tv.kpn.com/epg/13YaSo1V9AkC3ZQ0apFQIYHj2NwDeC7RcL29BJ3XerXF0/1920x1080.jpg?blurred=false"></icon><desc>Watch behind the scenes and meet the cast and crew of the movie.</desc><category></category></programme><programme channel="164" start="20230112085100 +0000" stop="20230112111700 +0000" catchup-id="901499823"><title>Check</title><date></date><icon src="https://images.tv.kpn.com/epg/ipZ8kUXgET8qA81GFZwEcvAXDK8JEVnoIEotCBdEeT8/1920x1080.jpg?blurred=false"></icon><desc>The story of a prisoner on Death row fighting his wrongful conviction in the backdrop of Chess.</desc><category></category></programme><programme channel="164" start="20230112111700 +0000" stop="20230112142200 +0000" catchup-id="901499826"><title>Rocket Singh</title><date></date><icon src="https://images.tv.kpn.com/epg/13YaSo1V9AkC3ZQ0apFQIYHj2NwDeC7RcL29BJ3XerXF0/1920x1080.jpg?blurred=false"></icon><desc>Harpreet Singh Bedi is trying to pave a way for his future, only things never quite turn out as planned.</desc><category></category></programme><programme channel="164" start="20230112142200 +0000" stop="20230112173200 +0000" catchup-id="901499829"><title>Firangi</title><date></date><icon src="https://images.tv.kpn.com/epg/OLqYeGH7HPSPSoRrWorwkhcAxus6z1cbeiR9AxA9BD9ARc/1920x1080.jpg?blurred=false"></icon><desc>In 1920 during India's freedom movement, one man firmly believes the British are not as bad as everyone believes.</desc><category></category></programme><programme channel="164" start="20230112173200 +0000" stop="20230112210000 +0000" catchup-id="901499832"><title>Fanaa</title><date></date><icon src="https://images.tv.kpn.com/epg/OLqYeGH7HPSPSoRrWorwkhcAxus6z1cbeiR9AxA9BD9ARc/1920x1080.jpg?blurred=false"></icon><desc>Set in Delhi and the Kashmir Valley, a blind woman falls in love with a rakish tour guide who hides a terrible secret...</desc><category></category></programme>