<programme channel="191" start="20221228230000 +0000" stop="20221229000000 +0000" catchup-id="900870063"><title>Punto Final</title><date></date><icon src="https://images.tv.kpn.com/epg/default/1920x1080.jpg?blurred=false"></icon><desc>Programmabeschrijving niet beschikbaar</desc><category></category></programme><programme channel="191" start="20221229000000 +0000" stop="20221229010000 +0000" catchup-id="900870066"><title>Nahason</title><date></date><icon src="https://images.tv.kpn.com/epg/default/1920x1080.jpg?blurred=false"></icon><desc>Programmabeschrijving niet beschikbaar</desc><category></category></programme><programme channel="191" start="20221229010000 +0000" stop="20221229050000 +0000" catchup-id="900870069"><title>Tele Curacao</title><date></date><icon src="https://images.tv.kpn.com/epg/default/1920x1080.jpg?blurred=false"></icon><desc>Programmabeschrijving niet beschikbaar</desc><category></category></programme><programme channel="191" start="20221229050000 +0000" stop="20221229070000 +0000" catchup-id="900870072"><title>Tcfm</title><date></date><icon src="https://images.tv.kpn.com/epg/default/1920x1080.jpg?blurred=false"></icon><desc>Programmabeschrijving niet beschikbaar</desc><category></category></programme><programme channel="191" start="20221229070000 +0000" stop="20221229080000 +0000" catchup-id="900870075"><title>Herhaling Nieuws Curacao</title><date></date><icon src="https://images.tv.kpn.com/epg/default/1920x1080.jpg?blurred=false"></icon><desc>Programmabeschrijving niet beschikbaar</desc><category></category></programme><programme channel="191" start="20221229080000 +0000" stop="20221229090000 +0000" catchup-id="900870078"><title>Bonochi Korsou</title><date></date><icon src="https://images.tv.kpn.com/epg/default/1920x1080.jpg?blurred=false"></icon><desc>Programmabeschrijving niet beschikbaar</desc><category></category></programme><programme channel="191" start="20221229090000 +0000" stop="20221229100000 +0000" catchup-id="900870081"><title>Punto Final</title><date></date><icon src="https://images.tv.kpn.com/epg/default/1920x1080.jpg?blurred=false"></icon><desc>Programmabeschrijving niet beschikbaar</desc><category></category></programme><programme channel="191" start="20221229100000 +0000" stop="20221229110000 +0000" catchup-id="900870084"><title>Desiree</title><date></date><icon src="https://images.tv.kpn.com/epg/default/1920x1080.jpg?blurred=false"></icon><desc>Programmabeschrijving niet beschikbaar</desc><category></category></programme><programme channel="191" start="20221229110000 +0000" stop="20221229113000 +0000" catchup-id="900870087"><title>Music Varia</title><date></date><icon src="https://images.tv.kpn.com/epg/default/1920x1080.jpg?blurred=false"></icon><desc>Programmabeschrijving niet beschikbaar</desc><category></category></programme><programme channel="191" start="20221229113000 +0000" stop="20221229143000 +0000" catchup-id="900870090"><title>Moru Bondia</title><date></date><icon src="https://images.tv.kpn.com/epg/default/1920x1080.jpg?blurred=false"></icon><desc>Programmabeschrijving niet beschikbaar</desc><category></category></programme><programme channel="191" start="20221229143000 +0000" stop="20221229160000 +0000" catchup-id="900870093"><title>Mainta</title><date></date><icon src="https://images.tv.kpn.com/epg/default/1920x1080.jpg?blurred=false"></icon><desc>Programmabeschrijving niet beschikbaar</desc><category></category></programme><programme channel="191" start="20221229160000 +0000" stop="20221229170000 +0000" catchup-id="900870096"><title>Dune Un Chens</title><date></date><icon src="https://images.tv.kpn.com/epg/default/1920x1080.jpg?blurred=false"></icon><desc>Programmabeschrijving niet beschikbaar</desc><category></category></programme><programme channel="191" start="20221229170000 +0000" stop="20221229173000 +0000" catchup-id="900870099"><title>Nieuws Curacao</title><date></date><icon src="https://images.tv.kpn.com/epg/default/1920x1080.jpg?blurred=false"></icon><desc>Programmabeschrijving niet beschikbaar</desc><category></category></programme><programme channel="191" start="20221229173000 +0000" stop="20221229200000 +0000" catchup-id="900870102"><title>Bo Trai Merdia</title><date></date><icon src="https://images.tv.kpn.com/epg/default/1920x1080.jpg?blurred=false"></icon><desc>Programmabeschrijving niet beschikbaar</desc><category></category></programme><programme channel="191" start="20221229200000 +0000" stop="20221229210000 +0000" catchup-id="900870105"><title>We Talk</title><date></date><icon src="https://images.tv.kpn.com/epg/default/1920x1080.jpg?blurred=false"></icon><desc>Programmabeschrijving niet beschikbaar</desc><category></category></programme><programme channel="191" start="20221229210000 +0000" stop="20221229220000 +0000" catchup-id="900870108"><title>Nieuws Aruba</title><date></date><icon src="https://images.tv.kpn.com/epg/default/1920x1080.jpg?blurred=false"></icon><desc>Programmabeschrijving niet beschikbaar</desc><category></category></programme><programme channel="191" start="20221229220000 +0000" stop="20221229230000 +0000" catchup-id="900870111"><title>Nieuws Suriname</title><date></date><icon src="https://images.tv.kpn.com/epg/default/1920x1080.jpg?blurred=false"></icon><desc>Programmabeschrijving niet beschikbaar</desc><category></category></programme><programme channel="191" start="20221229230000 +0000" stop="20221230000000 +0000" catchup-id="900918342"><title>Punto Final</title><date></date><icon src="https://images.tv.kpn.com/epg/default/1920x1080.jpg?blurred=false"></icon><desc>Programmabeschrijving niet beschikbaar</desc><category></category></programme><programme channel="191" start="20221230000000 +0000" stop="20221230010000 +0000" catchup-id="900918345"><title>Vvrp Ta Informa</title><date></date><icon src="https://images.tv.kpn.com/epg/default/1920x1080.jpg?blurred=false"></icon><desc>Programmabeschrijving niet beschikbaar</desc><category></category></programme><programme channel="191" start="20221230010000 +0000" stop="20221230050000 +0000" catchup-id="900918348"><title>Tele Curacao</title><date></date><icon src="https://images.tv.kpn.com/epg/default/1920x1080.jpg?blurred=false"></icon><desc>Programmabeschrijving niet beschikbaar</desc><category></category></programme><programme channel="191" start="20221230050000 +0000" stop="20221230070000 +0000" catchup-id="900918351"><title>Tcfm</title><date></date><icon src="https://images.tv.kpn.com/epg/default/1920x1080.jpg?blurred=false"></icon><desc>Programmabeschrijving niet beschikbaar</desc><category></category></programme><programme channel="191" start="20221230070000 +0000" stop="20221230080000 +0000" catchup-id="900918354"><title>Herhaling Nieuws Curacao</title><date></date><icon src="https://images.tv.kpn.com/epg/default/1920x1080.jpg?blurred=false"></icon><desc>Programmabeschrijving niet beschikbaar</desc><category></category></programme><programme channel="191" start="20221230080000 +0000" stop="20221230090000 +0000" catchup-id="900918357"><title>Bonochi Korsou</title><date></date><icon src="https://images.tv.kpn.com/epg/default/1920x1080.jpg?blurred=false"></icon><desc>Programmabeschrijving niet beschikbaar</desc><category></category></programme><programme channel="191" start="20221230090000 +0000" stop="20221230100000 +0000" catchup-id="900918360"><title>Punto Final</title><date></date><icon src="https://images.tv.kpn.com/epg/default/1920x1080.jpg?blurred=false"></icon><desc>Programmabeschrijving niet beschikbaar</desc><category></category></programme><programme channel="191" start="20221230100000 +0000" stop="20221230110000 +0000" catchup-id="900918363"><title>Harhaling Nieuws Aruba</title><date></date><icon src="https://images.tv.kpn.com/epg/default/1920x1080.jpg?blurred=false"></icon><desc>Programmabeschrijving niet beschikbaar</desc><category></category></programme><programme channel="191" start="20221230110000 +0000" stop="20221230113000 +0000" catchup-id="900918366"><title>Music Varia</title><date></date><icon src="https://images.tv.kpn.com/epg/default/1920x1080.jpg?blurred=false"></icon><desc>Programmabeschrijving niet beschikbaar</desc><category></category></programme><programme channel="191" start="20221230113000 +0000" stop="20221230143000 +0000" catchup-id="900918369"><title>Moru Bondia</title><date></date><icon src="https://images.tv.kpn.com/epg/default/1920x1080.jpg?blurred=false"></icon><desc>Programmabeschrijving niet beschikbaar</desc><category></category></programme><programme channel="191" start="20221230143000 +0000" stop="20221230160000 +0000" catchup-id="900918372"><title>Mainta</title><date></date><icon src="https://images.tv.kpn.com/epg/default/1920x1080.jpg?blurred=false"></icon><desc>Programmabeschrijving niet beschikbaar</desc><category></category></programme><programme channel="191" start="20221230160000 +0000" stop="20221230170000 +0000" catchup-id="900918375"><title>Dune Un Chens</title><date></date><icon src="https://images.tv.kpn.com/epg/default/1920x1080.jpg?blurred=false"></icon><desc>Programmabeschrijving niet beschikbaar</desc><category></category></programme><programme channel="191" start="20221230170000 +0000" stop="20221230173000 +0000" catchup-id="900918378"><title>Nieuws Curacao</title><date></date><icon src="https://images.tv.kpn.com/epg/default/1920x1080.jpg?blurred=false"></icon><desc>Programmabeschrijving niet beschikbaar</desc><category></category></programme><programme channel="191" start="20221230173000 +0000" stop="20221230200000 +0000" catchup-id="900918381"><title>Bo Trai Merdia</title><date></date><icon src="https://images.tv.kpn.com/epg/default/1920x1080.jpg?blurred=false"></icon><desc>Programmabeschrijving niet beschikbaar</desc><category></category></programme><programme channel="191" start="20221230200000 +0000" stop="20221230210000 +0000" catchup-id="900918384"><title>We Talk</title><date></date><icon src="https://images.tv.kpn.com/epg/default/1920x1080.jpg?blurred=false"></icon><desc>Programmabeschrijving niet beschikbaar</desc><category></category></programme><programme channel="191" start="20221230210000 +0000" stop="20221230220000 +0000" catchup-id="900918387"><title>Nieuws Aruba</title><date></date><icon src="https://images.tv.kpn.com/epg/default/1920x1080.jpg?blurred=false"></icon><desc>Programmabeschrijving niet beschikbaar</desc><category></category></programme><programme channel="191" start="20221230220000 +0000" stop="20221230230000 +0000" catchup-id="900918390"><title>Nieuws Suriname</title><date></date><icon src="https://images.tv.kpn.com/epg/default/1920x1080.jpg?blurred=false"></icon><desc>Programmabeschrijving niet beschikbaar</desc><category></category></programme><programme channel="191" start="20221230230000 +0000" stop="20221231000000 +0000" catchup-id="900961308"><title>Punto Final</title><date></date><icon src="https://images.tv.kpn.com/epg/default/1920x1080.jpg?blurred=false"></icon><desc>Programmabeschrijving niet beschikbaar</desc><category></category></programme><programme channel="191" start="20221231000000 +0000" stop="20221231010000 +0000" catchup-id="900961314"><title>Caribbean Vibration</title><date></date><icon src="https://images.tv.kpn.com/epg/default/1920x1080.jpg?blurred=false"></icon><desc>Programmabeschrijving niet beschikbaar</desc><category></category></programme><programme channel="191" start="20221231010000 +0000" stop="20221231050000 +0000" catchup-id="900961320"><title>Tele Curacao</title><date></date><icon src="https://images.tv.kpn.com/epg/default/1920x1080.jpg?blurred=false"></icon><desc>Programmabeschrijving niet beschikbaar</desc><category></category></programme><programme channel="191" start="20221231050000 +0000" stop="20221231070000 +0000" catchup-id="900961323"><title>Tcfm</title><date></date><icon src="https://images.tv.kpn.com/epg/default/1920x1080.jpg?blurred=false"></icon><desc>Programmabeschrijving niet beschikbaar</desc><category></category></programme><programme channel="191" start="20221231070000 +0000" stop="20221231080000 +0000" catchup-id="900961329"><title>Herhaling Nieuws Curacao</title><date></date><icon src="https://images.tv.kpn.com/epg/default/1920x1080.jpg?blurred=false"></icon><desc>Programmabeschrijving niet beschikbaar</desc><category></category></programme><programme channel="191" start="20221231080000 +0000" stop="20221231090000 +0000" catchup-id="900961332"><title>Bonochi Korsou</title><date></date><icon src="https://images.tv.kpn.com/epg/default/1920x1080.jpg?blurred=false"></icon><desc>Programmabeschrijving niet beschikbaar</desc><category></category></programme><programme channel="191" start="20221231090000 +0000" stop="20221231100000 +0000" catchup-id="900961335"><title>Punto Final</title><date></date><icon src="https://images.tv.kpn.com/epg/default/1920x1080.jpg?blurred=false"></icon><desc>Programmabeschrijving niet beschikbaar</desc><category></category></programme><programme channel="191" start="20221231100000 +0000" stop="20221231110000 +0000" catchup-id="900961338"><title>Desiree</title><date></date><icon src="https://images.tv.kpn.com/epg/default/1920x1080.jpg?blurred=false"></icon><desc>Programmabeschrijving niet beschikbaar</desc><category></category></programme><programme channel="191" start="20221231110000 +0000" stop="20221231113000 +0000" catchup-id="900961341"><title>Music Varia</title><date></date><icon src="https://images.tv.kpn.com/epg/default/1920x1080.jpg?blurred=false"></icon><desc>Programmabeschrijving niet beschikbaar</desc><category></category></programme><programme channel="191" start="20221231113000 +0000" stop="20221231143000 +0000" catchup-id="900961344"><title>Moru Bondia</title><date></date><icon src="https://images.tv.kpn.com/epg/default/1920x1080.jpg?blurred=false"></icon><desc>Programmabeschrijving niet beschikbaar</desc><category></category></programme><programme channel="191" start="20221231143000 +0000" stop="20221231160000 +0000" catchup-id="900961347"><title>Mainta</title><date></date><icon src="https://images.tv.kpn.com/epg/default/1920x1080.jpg?blurred=false"></icon><desc>Programmabeschrijving niet beschikbaar</desc><category></category></programme><programme channel="191" start="20221231160000 +0000" stop="20221231170000 +0000" catchup-id="900961350"><title>Dune Un Chens</title><date></date><icon src="https://images.tv.kpn.com/epg/default/1920x1080.jpg?blurred=false"></icon><desc>Programmabeschrijving niet beschikbaar</desc><category></category></programme><programme channel="191" start="20221231170000 +0000" stop="20221231173000 +0000" catchup-id="900961353"><title>Nieuws Curacao</title><date></date><icon src="https://images.tv.kpn.com/epg/default/1920x1080.jpg?blurred=false"></icon><desc>Programmabeschrijving niet beschikbaar</desc><category></category></programme><programme channel="191" start="20221231173000 +0000" stop="20221231200000 +0000" catchup-id="900961356"><title>Bo Trai Merdia</title><date></date><icon src="https://images.tv.kpn.com/epg/default/1920x1080.jpg?blurred=false"></icon><desc>Programmabeschrijving niet beschikbaar</desc><category></category></programme><programme channel="191" start="20221231200000 +0000" stop="20221231210000 +0000" catchup-id="900961359"><title>We Talk</title><date></date><icon src="https://images.tv.kpn.com/epg/default/1920x1080.jpg?blurred=false"></icon><desc>Programmabeschrijving niet beschikbaar</desc><category></category></programme><programme channel="191" start="20221231210000 +0000" stop="20221231220000 +0000" catchup-id="900961362"><title>Nieuws Aruba</title><date></date><icon src="https://images.tv.kpn.com/epg/default/1920x1080.jpg?blurred=false"></icon><desc>Programmabeschrijving niet beschikbaar</desc><category></category></programme><programme channel="191" start="20221231220000 +0000" stop="20221231230000 +0000" catchup-id="900961365"><title>Nieuws Suriname</title><date></date><icon src="https://images.tv.kpn.com/epg/default/1920x1080.jpg?blurred=false"></icon><desc>Programmabeschrijving niet beschikbaar</desc><category></category></programme><programme channel="191" start="20221231230000 +0000" stop="20230101000000 +0000" catchup-id="901002471"><title>Punto Final</title><date></date><icon src="https://images.tv.kpn.com/epg/default/1920x1080.jpg?blurred=false"></icon><desc>Programmabeschrijving niet beschikbaar</desc><category></category></programme><programme channel="191" start="20230101000000 +0000" stop="20230101010000 +0000" catchup-id="901002474"><title>Gerard &amp; Wijngaarden</title><date></date><icon src="https://images.tv.kpn.com/epg/default/1920x1080.jpg?blurred=false"></icon><desc>Programmabeschrijving niet beschikbaar</desc><category></category></programme><programme channel="191" start="20230101010000 +0000" stop="20230101050000 +0000" catchup-id="901002477"><title>Tele Curacao</title><date></date><icon src="https://images.tv.kpn.com/epg/default/1920x1080.jpg?blurred=false"></icon><desc>Programmabeschrijving niet beschikbaar</desc><category></category></programme><programme channel="191" start="20230101050000 +0000" stop="20230101070000 +0000" catchup-id="901002480"><title>Tcfm</title><date></date><icon src="https://images.tv.kpn.com/epg/default/1920x1080.jpg?blurred=false"></icon><desc>Programmabeschrijving niet beschikbaar</desc><category></category></programme><programme channel="191" start="20230101070000 +0000" stop="20230101080000 +0000" catchup-id="901002483"><title>Herhaling Nieuws Curacao</title><date></date><icon src="https://images.tv.kpn.com/epg/default/1920x1080.jpg?blurred=false"></icon><desc>Programmabeschrijving niet beschikbaar</desc><category></category></programme><programme channel="191" start="20230101080000 +0000" stop="20230101090000 +0000" catchup-id="901002486"><title>Bonochi Korsou</title><date></date><icon src="https://images.tv.kpn.com/epg/default/1920x1080.jpg?blurred=false"></icon><desc>Programmabeschrijving niet beschikbaar</desc><category></category></programme><programme channel="191" start="20230101090000 +0000" stop="20230101100000 +0000" catchup-id="901002489"><title>Punto Final</title><date></date><icon src="https://images.tv.kpn.com/epg/default/1920x1080.jpg?blurred=false"></icon><desc>Programmabeschrijving niet beschikbaar</desc><category></category></programme><programme channel="191" start="20230101100000 +0000" stop="20230101110000 +0000" catchup-id="901002492"><title>Desiree</title><date></date><icon src="https://images.tv.kpn.com/epg/default/1920x1080.jpg?blurred=false"></icon><desc>Programmabeschrijving niet beschikbaar</desc><category></category></programme><programme channel="191" start="20230101110000 +0000" stop="20230101113000 +0000" catchup-id="901002495"><title>Music Varia</title><date></date><icon src="https://images.tv.kpn.com/epg/default/1920x1080.jpg?blurred=false"></icon><desc>Programmabeschrijving niet beschikbaar</desc><category></category></programme><programme channel="191" start="20230101113000 +0000" stop="20230101143000 +0000" catchup-id="901002498"><title>Moru Bondia</title><date></date><icon src="https://images.tv.kpn.com/epg/default/1920x1080.jpg?blurred=false"></icon><desc>Programmabeschrijving niet beschikbaar</desc><category></category></programme><programme channel="191" start="20230101143000 +0000" stop="20230101160000 +0000" catchup-id="901002501"><title>Mainta</title><date></date><icon src="https://images.tv.kpn.com/epg/default/1920x1080.jpg?blurred=false"></icon><desc>Programmabeschrijving niet beschikbaar</desc><category></category></programme><programme channel="191" start="20230101160000 +0000" stop="20230101170000 +0000" catchup-id="901002504"><title>Dune Un Chens</title><date></date><icon src="https://images.tv.kpn.com/epg/default/1920x1080.jpg?blurred=false"></icon><desc>Programmabeschrijving niet beschikbaar</desc><category></category></programme><programme channel="191" start="20230101170000 +0000" stop="20230101173000 +0000" catchup-id="901002507"><title>Nieuws Curacao</title><date></date><icon src="https://images.tv.kpn.com/epg/default/1920x1080.jpg?blurred=false"></icon><desc>Programmabeschrijving niet beschikbaar</desc><category></category></programme><programme channel="191" start="20230101173000 +0000" stop="20230101200000 +0000" catchup-id="901002510"><title>Bo Trai Merdia</title><date></date><icon src="https://images.tv.kpn.com/epg/default/1920x1080.jpg?blurred=false"></icon><desc>Programmabeschrijving niet beschikbaar</desc><category></category></programme><programme channel="191" start="20230101200000 +0000" stop="20230101210000 +0000" catchup-id="901002513"><title>We Talk</title><date></date><icon src="https://images.tv.kpn.com/epg/default/1920x1080.jpg?blurred=false"></icon><desc>Programmabeschrijving niet beschikbaar</desc><category></category></programme><programme channel="191" start="20230101210000 +0000" stop="20230101220000 +0000" catchup-id="901002516"><title>Nieuws Aruba</title><date></date><icon src="https://images.tv.kpn.com/epg/default/1920x1080.jpg?blurred=false"></icon><desc>Programmabeschrijving niet beschikbaar</desc><category></category></programme><programme channel="191" start="20230101220000 +0000" stop="20230101230000 +0000" catchup-id="901002519"><title>Nieuws Suriname</title><date></date><icon src="https://images.tv.kpn.com/epg/default/1920x1080.jpg?blurred=false"></icon><desc>Programmabeschrijving niet beschikbaar</desc><category></category></programme><programme channel="191" start="20230101230000 +0000" stop="20230102000000 +0000" catchup-id="901267545"><title>Bam</title><date></date><icon src="https://images.tv.kpn.com/epg/default/1920x1080.jpg?blurred=false"></icon><desc>Programmabeschrijving niet beschikbaar</desc><category></category></programme><programme channel="191" start="20230102000000 +0000" stop="20230102050000 +0000" catchup-id="901043310"><title>Tele Curacao</title><date></date><icon src="https://images.tv.kpn.com/epg/default/1920x1080.jpg?blurred=false"></icon><desc>Programmabeschrijving niet beschikbaar</desc><category></category></programme><programme channel="191" start="20230102050000 +0000" stop="20230102070000 +0000" catchup-id="901267551"><title>Tcfm</title><date></date><icon src="https://images.tv.kpn.com/epg/default/1920x1080.jpg?blurred=false"></icon><desc>Programmabeschrijving niet beschikbaar</desc><category></category></programme><programme channel="191" start="20230102070000 +0000" stop="20230102080000 +0000" catchup-id="901267557"><title>Herensia</title><date></date><icon src="https://images.tv.kpn.com/epg/default/1920x1080.jpg?blurred=false"></icon><desc>Programmabeschrijving niet beschikbaar</desc><category></category></programme><programme channel="191" start="20230102080000 +0000" stop="20230102090000 +0000" catchup-id="901267566"><title>Bonochi Korsou</title><date></date><icon src="https://images.tv.kpn.com/epg/default/1920x1080.jpg?blurred=false"></icon><desc>Programmabeschrijving niet beschikbaar</desc><category></category></programme><programme channel="191" start="20230102090000 +0000" stop="20230102100000 +0000" catchup-id="901043322"><title>Punto Final</title><date></date><icon src="https://images.tv.kpn.com/epg/default/1920x1080.jpg?blurred=false"></icon><desc>Programmabeschrijving niet beschikbaar</desc><category></category></programme><programme channel="191" start="20230102100000 +0000" stop="20230102110000 +0000" catchup-id="901267572"><title>Desiree</title><date></date><icon src="https://images.tv.kpn.com/epg/default/1920x1080.jpg?blurred=false"></icon><desc>Programmabeschrijving niet beschikbaar</desc><category></category></programme><programme channel="191" start="20230102110000 +0000" stop="20230102113000 +0000" catchup-id="901267578"><title>Music Varia</title><date></date><icon src="https://images.tv.kpn.com/epg/default/1920x1080.jpg?blurred=false"></icon><desc>Programmabeschrijving niet beschikbaar</desc><category></category></programme><programme channel="191" start="20230102113000 +0000" stop="20230102143000 +0000" catchup-id="901267584"><title>Moru Bondia</title><date></date><icon src="https://images.tv.kpn.com/epg/default/1920x1080.jpg?blurred=false"></icon><desc>Programmabeschrijving niet beschikbaar</desc><category></category></programme><programme channel="191" start="20230102143000 +0000" stop="20230102160000 +0000" catchup-id="901267590"><title>Mainta</title><date></date><icon src="https://images.tv.kpn.com/epg/default/1920x1080.jpg?blurred=false"></icon><desc>Programmabeschrijving niet beschikbaar</desc><category></category></programme><programme channel="191" start="20230102160000 +0000" stop="20230102170000 +0000" catchup-id="901267596"><title>Dune Un Chens</title><date></date><icon src="https://images.tv.kpn.com/epg/default/1920x1080.jpg?blurred=false"></icon><desc>Programmabeschrijving niet beschikbaar</desc><category></category></programme><programme channel="191" start="20230102170000 +0000" stop="20230102173000 +0000" catchup-id="901267605"><title>Nieuws Curacao</title><date></date><icon src="https://images.tv.kpn.com/epg/default/1920x1080.jpg?blurred=false"></icon><desc>Programmabeschrijving niet beschikbaar</desc><category></category></programme><programme channel="191" start="20230102173000 +0000" stop="20230102200000 +0000" catchup-id="901267608"><title>Bo Trai Merdia</title><date></date><icon src="https://images.tv.kpn.com/epg/default/1920x1080.jpg?blurred=false"></icon><desc>Programmabeschrijving niet beschikbaar</desc><category></category></programme><programme channel="191" start="20230102200000 +0000" stop="20230102210000 +0000" catchup-id="901267611"><title>We Talk</title><date></date><icon src="https://images.tv.kpn.com/epg/default/1920x1080.jpg?blurred=false"></icon><desc>Programmabeschrijving niet beschikbaar</desc><category></category></programme><programme channel="191" start="20230102210000 +0000" stop="20230102220000 +0000" catchup-id="901043349"><title>Nieuws Aruba</title><date></date><icon src="https://images.tv.kpn.com/epg/default/1920x1080.jpg?blurred=false"></icon><desc>Programmabeschrijving niet beschikbaar</desc><category></category></programme><programme channel="191" start="20230102220000 +0000" stop="20230102230000 +0000" catchup-id="901043352"><title>Nieuws Suriname</title><date></date><icon src="https://images.tv.kpn.com/epg/default/1920x1080.jpg?blurred=false"></icon><desc>Programmabeschrijving niet beschikbaar</desc><category></category></programme><programme channel="191" start="20230102230000 +0000" stop="20230103000000 +0000" catchup-id="901267614"><title>Punto Final</title><date></date><icon src="https://images.tv.kpn.com/epg/default/1920x1080.jpg?blurred=false"></icon><desc>Programmabeschrijving niet beschikbaar</desc><category></category></programme><programme channel="191" start="20230103000000 +0000" stop="20230103010000 +0000" catchup-id="901267617"><title>Nahason</title><date></date><icon src="https://images.tv.kpn.com/epg/default/1920x1080.jpg?blurred=false"></icon><desc>Programmabeschrijving niet beschikbaar</desc><category></category></programme><programme channel="191" start="20230103010000 +0000" stop="20230103050000 +0000" catchup-id="901084803"><title>Tele Curacao</title><date></date><icon src="https://images.tv.kpn.com/epg/default/1920x1080.jpg?blurred=false"></icon><desc>Programmabeschrijving niet beschikbaar</desc><category></category></programme><programme channel="191" start="20230103050000 +0000" stop="20230103070000 +0000" catchup-id="901267620"><title>Tcfm</title><date></date><icon src="https://images.tv.kpn.com/epg/default/1920x1080.jpg?blurred=false"></icon><desc>Programmabeschrijving niet beschikbaar</desc><category></category></programme><programme channel="191" start="20230103070000 +0000" stop="20230103080000 +0000" catchup-id="901267623"><title>Herhaling Nieuws Curacao</title><date></date><icon src="https://images.tv.kpn.com/epg/default/1920x1080.jpg?blurred=false"></icon><desc>Programmabeschrijving niet beschikbaar</desc><category></category></programme><programme channel="191" start="20230103080000 +0000" stop="20230103090000 +0000" catchup-id="901267626"><title>Bonochi Korsou</title><date></date><icon src="https://images.tv.kpn.com/epg/default/1920x1080.jpg?blurred=false"></icon><desc>Programmabeschrijving niet beschikbaar</desc><category></category></programme><programme channel="191" start="20230103090000 +0000" stop="20230103100000 +0000" catchup-id="901267629"><title>Punto Final</title><date></date><icon src="https://images.tv.kpn.com/epg/default/1920x1080.jpg?blurred=false"></icon><desc>Programmabeschrijving niet beschikbaar</desc><category></category></programme><programme channel="191" start="20230103100000 +0000" stop="20230103110000 +0000" catchup-id="901267632"><title>Desiree</title><date></date><icon src="https://images.tv.kpn.com/epg/default/1920x1080.jpg?blurred=false"></icon><desc>Programmabeschrijving niet beschikbaar</desc><category></category></programme><programme channel="191" start="20230103110000 +0000" stop="20230103113000 +0000" catchup-id="901267635"><title>Music Varia</title><date></date><icon src="https://images.tv.kpn.com/epg/default/1920x1080.jpg?blurred=false"></icon><desc>Programmabeschrijving niet beschikbaar</desc><category></category></programme><programme channel="191" start="20230103113000 +0000" stop="20230103143000 +0000" catchup-id="901267638"><title>Moru Bondia</title><date></date><icon src="https://images.tv.kpn.com/epg/default/1920x1080.jpg?blurred=false"></icon><desc>Programmabeschrijving niet beschikbaar</desc><category></category></programme><programme channel="191" start="20230103143000 +0000" stop="20230103160000 +0000" catchup-id="901267641"><title>Mainta</title><date></date><icon src="https://images.tv.kpn.com/epg/default/1920x1080.jpg?blurred=false"></icon><desc>Programmabeschrijving niet beschikbaar</desc><category></category></programme><programme channel="191" start="20230103160000 +0000" stop="20230103170000 +0000" catchup-id="901267644"><title>Dune Un Chens</title><date></date><icon src="https://images.tv.kpn.com/epg/default/1920x1080.jpg?blurred=false"></icon><desc>Programmabeschrijving niet beschikbaar</desc><category></category></programme><programme channel="191" start="20230103170000 +0000" stop="20230103173000 +0000" catchup-id="901267647"><title>Nieuws Curacao</title><date></date><icon src="https://images.tv.kpn.com/epg/default/1920x1080.jpg?blurred=false"></icon><desc>Programmabeschrijving niet beschikbaar</desc><category></category></programme><programme channel="191" start="20230103173000 +0000" stop="20230103200000 +0000" catchup-id="901267650"><title>Bo Trai Merdia</title><date></date><icon src="https://images.tv.kpn.com/epg/default/1920x1080.jpg?blurred=false"></icon><desc>Programmabeschrijving niet beschikbaar</desc><category></category></programme><programme channel="191" start="20230103200000 +0000" stop="20230103210000 +0000" catchup-id="901267653"><title>We Talk</title><date></date><icon src="https://images.tv.kpn.com/epg/default/1920x1080.jpg?blurred=false"></icon><desc>Programmabeschrijving niet beschikbaar</desc><category></category></programme><programme channel="191" start="20230103210000 +0000" stop="20230103220000 +0000" catchup-id="901084842"><title>Nieuws Aruba</title><date></date><icon src="https://images.tv.kpn.com/epg/default/1920x1080.jpg?blurred=false"></icon><desc>Programmabeschrijving niet beschikbaar</desc><category></category></programme><programme channel="191" start="20230103220000 +0000" stop="20230103230000 +0000" catchup-id="901267656"><title>Nieuws Suriname</title><date></date><icon src="https://images.tv.kpn.com/epg/default/1920x1080.jpg?blurred=false"></icon><desc>Programmabeschrijving niet beschikbaar</desc><category></category></programme><programme channel="191" start="20230103230000 +0000" stop="20230104000000 +0000" catchup-id="901267659"><title>Punto Final</title><date></date><icon src="https://images.tv.kpn.com/epg/default/1920x1080.jpg?blurred=false"></icon><desc>Programmabeschrijving niet beschikbaar</desc><category></category></programme><programme channel="191" start="20230104000000 +0000" stop="20230104010000 +0000" catchup-id="901267668"><title>Vvrp Ta Informa</title><date></date><icon src="https://images.tv.kpn.com/epg/default/1920x1080.jpg?blurred=false"></icon><desc>Programmabeschrijving niet beschikbaar</desc><category></category></programme><programme channel="191" start="20230104010000 +0000" stop="20230104050000 +0000" catchup-id="901267674"><title>Tele Curacao</title><date></date><icon src="https://images.tv.kpn.com/epg/default/1920x1080.jpg?blurred=false"></icon><desc>Programmabeschrijving niet beschikbaar</desc><category></category></programme><programme channel="191" start="20230104050000 +0000" stop="20230104070000 +0000" catchup-id="901267680"><title>Tcfm</title><date></date><icon src="https://images.tv.kpn.com/epg/default/1920x1080.jpg?blurred=false"></icon><desc>Programmabeschrijving niet beschikbaar</desc><category></category></programme><programme channel="191" start="20230104070000 +0000" stop="20230104080000 +0000" catchup-id="901267686"><title>Herhaling Nieuws Curacao</title><date></date><icon src="https://images.tv.kpn.com/epg/default/1920x1080.jpg?blurred=false"></icon><desc>Programmabeschrijving niet beschikbaar</desc><category></category></programme><programme channel="191" start="20230104080000 +0000" stop="20230104090000 +0000" catchup-id="901267692"><title>Bonochi Korsou</title><date></date><icon src="https://images.tv.kpn.com/epg/default/1920x1080.jpg?blurred=false"></icon><desc>Programmabeschrijving niet beschikbaar</desc><category></category></programme><programme channel="191" start="20230104090000 +0000" stop="20230104100000 +0000" catchup-id="901267698"><title>Punto Final</title><date></date><icon src="https://images.tv.kpn.com/epg/default/1920x1080.jpg?blurred=false"></icon><desc>Programmabeschrijving niet beschikbaar</desc><category></category></programme><programme channel="191" start="20230104100000 +0000" stop="20230104110000 +0000" catchup-id="901267704"><title>Harhaling Nieuws Aruba</title><date></date><icon src="https://images.tv.kpn.com/epg/default/1920x1080.jpg?blurred=false"></icon><desc>Programmabeschrijving niet beschikbaar</desc><category></category></programme><programme channel="191" start="20230104110000 +0000" stop="20230104113000 +0000" catchup-id="901267713"><title>Music Varia</title><date></date><icon src="https://images.tv.kpn.com/epg/default/1920x1080.jpg?blurred=false"></icon><desc>Programmabeschrijving niet beschikbaar</desc><category></category></programme><programme channel="191" start="20230104113000 +0000" stop="20230104143000 +0000" catchup-id="901267719"><title>Moru Bondia</title><date></date><icon src="https://images.tv.kpn.com/epg/default/1920x1080.jpg?blurred=false"></icon><desc>Programmabeschrijving niet beschikbaar</desc><category></category></programme><programme channel="191" start="20230104143000 +0000" stop="20230104160000 +0000" catchup-id="901267725"><title>Mainta</title><date></date><icon src="https://images.tv.kpn.com/epg/default/1920x1080.jpg?blurred=false"></icon><desc>Programmabeschrijving niet beschikbaar</desc><category></category></programme><programme channel="191" start="20230104160000 +0000" stop="20230104170000 +0000" catchup-id="901267728"><title>Dune Un Chens</title><date></date><icon src="https://images.tv.kpn.com/epg/default/1920x1080.jpg?blurred=false"></icon><desc>Programmabeschrijving niet beschikbaar</desc><category></category></programme><programme channel="191" start="20230104170000 +0000" stop="20230104173000 +0000" catchup-id="901267737"><title>Nieuws Curacao</title><date></date><icon src="https://images.tv.kpn.com/epg/default/1920x1080.jpg?blurred=false"></icon><desc>Programmabeschrijving niet beschikbaar</desc><category></category></programme><programme channel="191" start="20230104173000 +0000" stop="20230104200000 +0000" catchup-id="901267746"><title>Bo Trai Merdia</title><date></date><icon src="https://images.tv.kpn.com/epg/default/1920x1080.jpg?blurred=false"></icon><desc>Programmabeschrijving niet beschikbaar</desc><category></category></programme><programme channel="191" start="20230104200000 +0000" stop="20230104210000 +0000" catchup-id="901267755"><title>We Talk</title><date></date><icon src="https://images.tv.kpn.com/epg/default/1920x1080.jpg?blurred=false"></icon><desc>Programmabeschrijving niet beschikbaar</desc><category></category></programme><programme channel="191" start="20230104210000 +0000" stop="20230104220000 +0000" catchup-id="901267761"><title>Nieuws Aruba</title><date></date><icon src="https://images.tv.kpn.com/epg/default/1920x1080.jpg?blurred=false"></icon><desc>Programmabeschrijving niet beschikbaar</desc><category></category></programme><programme channel="191" start="20230104220000 +0000" stop="20230104230000 +0000" catchup-id="901267770"><title>Nieuws Suriname</title><date></date><icon src="https://images.tv.kpn.com/epg/default/1920x1080.jpg?blurred=false"></icon><desc>Programmabeschrijving niet beschikbaar</desc><category></category></programme><programme channel="191" start="20230104230000 +0000" stop="20230105000000 +0000" catchup-id="901267779"><title>Punto Final</title><date></date><icon src="https://images.tv.kpn.com/epg/default/1920x1080.jpg?blurred=false"></icon><desc>Programmabeschrijving niet beschikbaar</desc><category></category></programme><programme channel="191" start="20230105000000 +0000" stop="20230105010000 +0000" catchup-id="901267785"><title>Caribbean Vibration</title><date></date><icon src="https://images.tv.kpn.com/epg/default/1920x1080.jpg?blurred=false"></icon><desc>Programmabeschrijving niet beschikbaar</desc><category></category></programme><programme channel="191" start="20230105010000 +0000" stop="20230105050000 +0000" catchup-id="901267791"><title>Tele Curacao</title><date></date><icon src="https://images.tv.kpn.com/epg/default/1920x1080.jpg?blurred=false"></icon><desc>Programmabeschrijving niet beschikbaar</desc><category></category></programme><programme channel="191" start="20230105050000 +0000" stop="20230105070000 +0000" catchup-id="901267800"><title>Tcfm</title><date></date><icon src="https://images.tv.kpn.com/epg/default/1920x1080.jpg?blurred=false"></icon><desc>Programmabeschrijving niet beschikbaar</desc><category></category></programme><programme channel="191" start="20230105070000 +0000" stop="20230105080000 +0000" catchup-id="901267806"><title>Herhaling Nieuws Curacao</title><date></date><icon src="https://images.tv.kpn.com/epg/default/1920x1080.jpg?blurred=false"></icon><desc>Programmabeschrijving niet beschikbaar</desc><category></category></programme><programme channel="191" start="20230105080000 +0000" stop="20230105090000 +0000" catchup-id="901267815"><title>Bonochi Korsou</title><date></date><icon src="https://images.tv.kpn.com/epg/default/1920x1080.jpg?blurred=false"></icon><desc>Programmabeschrijving niet beschikbaar</desc><category></category></programme><programme channel="191" start="20230105090000 +0000" stop="20230105100000 +0000" catchup-id="901267824"><title>Punto Final</title><date></date><icon src="https://images.tv.kpn.com/epg/default/1920x1080.jpg?blurred=false"></icon><desc>Programmabeschrijving niet beschikbaar</desc><category></category></programme><programme channel="191" start="20230105100000 +0000" stop="20230105110000 +0000" catchup-id="901267842"><title>Desiree</title><date></date><icon src="https://images.tv.kpn.com/epg/default/1920x1080.jpg?blurred=false"></icon><desc>Programmabeschrijving niet beschikbaar</desc><category></category></programme><programme channel="191" start="20230105110000 +0000" stop="20230105113000 +0000" catchup-id="901267848"><title>Music Varia</title><date></date><icon src="https://images.tv.kpn.com/epg/default/1920x1080.jpg?blurred=false"></icon><desc>Programmabeschrijving niet beschikbaar</desc><category></category></programme><programme channel="191" start="20230105113000 +0000" stop="20230105143000 +0000" catchup-id="901267860"><title>Moru Bondia</title><date></date><icon src="https://images.tv.kpn.com/epg/default/1920x1080.jpg?blurred=false"></icon><desc>Programmabeschrijving niet beschikbaar</desc><category></category></programme><programme channel="191" start="20230105143000 +0000" stop="20230105160000 +0000" catchup-id="901267869"><title>Mainta</title><date></date><icon src="https://images.tv.kpn.com/epg/default/1920x1080.jpg?blurred=false"></icon><desc>Programmabeschrijving niet beschikbaar</desc><category></category></programme><programme channel="191" start="20230105160000 +0000" stop="20230105170000 +0000" catchup-id="901267878"><title>Dune Un Chens</title><date></date><icon src="https://images.tv.kpn.com/epg/default/1920x1080.jpg?blurred=false"></icon><desc>Programmabeschrijving niet beschikbaar</desc><category></category></programme><programme channel="191" start="20230105170000 +0000" stop="20230105173000 +0000" catchup-id="901267887"><title>Nieuws Curacao</title><date></date><icon src="https://images.tv.kpn.com/epg/default/1920x1080.jpg?blurred=false"></icon><desc>Programmabeschrijving niet beschikbaar</desc><category></category></programme><programme channel="191" start="20230105173000 +0000" stop="20230105200000 +0000" catchup-id="901267896"><title>Bo Trai Merdia</title><date></date><icon src="https://images.tv.kpn.com/epg/default/1920x1080.jpg?blurred=false"></icon><desc>Programmabeschrijving niet beschikbaar</desc><category></category></programme><programme channel="191" start="20230105200000 +0000" stop="20230105210000 +0000" catchup-id="901267899"><title>We Talk</title><date></date><icon src="https://images.tv.kpn.com/epg/default/1920x1080.jpg?blurred=false"></icon><desc>Programmabeschrijving niet beschikbaar</desc><category></category></programme><programme channel="191" start="20230105210000 +0000" stop="20230105220000 +0000" catchup-id="901267905"><title>Nieuws Aruba</title><date></date><icon src="https://images.tv.kpn.com/epg/default/1920x1080.jpg?blurred=false"></icon><desc>Programmabeschrijving niet beschikbaar</desc><category></category></programme><programme channel="191" start="20230105220000 +0000" stop="20230105230000 +0000" catchup-id="901267911"><title>Nieuws Suriname</title><date></date><icon src="https://images.tv.kpn.com/epg/default/1920x1080.jpg?blurred=false"></icon><desc>Programmabeschrijving niet beschikbaar</desc><category></category></programme><programme channel="191" start="20230105230000 +0000" stop="20230106000000 +0000" catchup-id="901267917"><title>Punto Final</title><date></date><icon src="https://images.tv.kpn.com/epg/default/1920x1080.jpg?blurred=false"></icon><desc>Programmabeschrijving niet beschikbaar</desc><category></category></programme><programme channel="191" start="20230106000000 +0000" stop="20230106010000 +0000" catchup-id="901267923"><title>Gerard &amp; Wijngaarden</title><date></date><icon src="https://images.tv.kpn.com/epg/default/1920x1080.jpg?blurred=false"></icon><desc>Programmabeschrijving niet beschikbaar</desc><category></category></programme><programme channel="191" start="20230106010000 +0000" stop="20230106050000 +0000" catchup-id="901267929"><title>Tele Curacao</title><date></date><icon src="https://images.tv.kpn.com/epg/default/1920x1080.jpg?blurred=false"></icon><desc>Programmabeschrijving niet beschikbaar</desc><category></category></programme><programme channel="191" start="20230106050000 +0000" stop="20230106070000 +0000" catchup-id="901267932"><title>Tcfm</title><date></date><icon src="https://images.tv.kpn.com/epg/default/1920x1080.jpg?blurred=false"></icon><desc>Programmabeschrijving niet beschikbaar</desc><category></category></programme><programme channel="191" start="20230106070000 +0000" stop="20230106080000 +0000" catchup-id="901267935"><title>Herhaling Nieuws Curacao</title><date></date><icon src="https://images.tv.kpn.com/epg/default/1920x1080.jpg?blurred=false"></icon><desc>Programmabeschrijving niet beschikbaar</desc><category></category></programme><programme channel="191" start="20230106080000 +0000" stop="20230106090000 +0000" catchup-id="901267938"><title>Bonochi Korsou</title><date></date><icon src="https://images.tv.kpn.com/epg/default/1920x1080.jpg?blurred=false"></icon><desc>Programmabeschrijving niet beschikbaar</desc><category></category></programme><programme channel="191" start="20230106090000 +0000" stop="20230106100000 +0000" catchup-id="901267941"><title>Punto Final</title><date></date><icon src="https://images.tv.kpn.com/epg/default/1920x1080.jpg?blurred=false"></icon><desc>Programmabeschrijving niet beschikbaar</desc><category></category></programme><programme channel="191" start="20230106100000 +0000" stop="20230106110000 +0000" catchup-id="901267944"><title>Desiree</title><date></date><icon src="https://images.tv.kpn.com/epg/default/1920x1080.jpg?blurred=false"></icon><desc>Programmabeschrijving niet beschikbaar</desc><category></category></programme><programme channel="191" start="20230106110000 +0000" stop="20230106113000 +0000" catchup-id="901267947"><title>Music Varia</title><date></date><icon src="https://images.tv.kpn.com/epg/default/1920x1080.jpg?blurred=false"></icon><desc>Programmabeschrijving niet beschikbaar</desc><category></category></programme><programme channel="191" start="20230106113000 +0000" stop="20230106143000 +0000" catchup-id="901267950"><title>Moru Bondia</title><date></date><icon src="https://images.tv.kpn.com/epg/default/1920x1080.jpg?blurred=false"></icon><desc>Programmabeschrijving niet beschikbaar</desc><category></category></programme><programme channel="191" start="20230106143000 +0000" stop="20230106160000 +0000" catchup-id="901267953"><title>Mainta</title><date></date><icon src="https://images.tv.kpn.com/epg/default/1920x1080.jpg?blurred=false"></icon><desc>Programmabeschrijving niet beschikbaar</desc><category></category></programme><programme channel="191" start="20230106160000 +0000" stop="20230106170000 +0000" catchup-id="901267956"><title>Dune Un Chens</title><date></date><icon src="https://images.tv.kpn.com/epg/default/1920x1080.jpg?blurred=false"></icon><desc>Programmabeschrijving niet beschikbaar</desc><category></category></programme><programme channel="191" start="20230106170000 +0000" stop="20230106173000 +0000" catchup-id="901267962"><title>Nieuws Curacao</title><date></date><icon src="https://images.tv.kpn.com/epg/default/1920x1080.jpg?blurred=false"></icon><desc>Programmabeschrijving niet beschikbaar</desc><category></category></programme><programme channel="191" start="20230106173000 +0000" stop="20230106200000 +0000" catchup-id="901267965"><title>Bo Trai Merdia</title><date></date><icon src="https://images.tv.kpn.com/epg/default/1920x1080.jpg?blurred=false"></icon><desc>Programmabeschrijving niet beschikbaar</desc><category></category></programme><programme channel="191" start="20230106200000 +0000" stop="20230106210000 +0000" catchup-id="901267968"><title>We Talk</title><date></date><icon src="https://images.tv.kpn.com/epg/default/1920x1080.jpg?blurred=false"></icon><desc>Programmabeschrijving niet beschikbaar</desc><category></category></programme><programme channel="191" start="20230106210000 +0000" stop="20230106220000 +0000" catchup-id="901267971"><title>Nieuws Aruba</title><date></date><icon src="https://images.tv.kpn.com/epg/default/1920x1080.jpg?blurred=false"></icon><desc>Programmabeschrijving niet beschikbaar</desc><category></category></programme><programme channel="191" start="20230106220000 +0000" stop="20230106230000 +0000" catchup-id="901267974"><title>Nieuws Suriname</title><date></date><icon src="https://images.tv.kpn.com/epg/default/1920x1080.jpg?blurred=false"></icon><desc>Programmabeschrijving niet beschikbaar</desc><category></category></programme><programme channel="191" start="20230106230000 +0000" stop="20230107000000 +0000" catchup-id="901267977"><title>Latin Lounge</title><date></date><icon src="https://images.tv.kpn.com/epg/default/1920x1080.jpg?blurred=false"></icon><desc>Programmabeschrijving niet beschikbaar</desc><category></category></programme><programme channel="191" start="20230107000000 +0000" stop="20230107010000 +0000" catchup-id="901267983"><title>Gerard &amp; Wijngaarden</title><date></date><icon src="https://images.tv.kpn.com/epg/default/1920x1080.jpg?blurred=false"></icon><desc>Programmabeschrijving niet beschikbaar</desc><category></category></programme><programme channel="191" start="20230107010000 +0000" stop="20230107050000 +0000" catchup-id="901267986"><title>Tele Curacao</title><date></date><icon src="https://images.tv.kpn.com/epg/default/1920x1080.jpg?blurred=false"></icon><desc>Programmabeschrijving niet beschikbaar</desc><category></category></programme><programme channel="191" start="20230107050000 +0000" stop="20230107070000 +0000" catchup-id="901267989"><title>Konsierto</title><date></date><icon src="https://images.tv.kpn.com/epg/default/1920x1080.jpg?blurred=false"></icon><desc>Programmabeschrijving niet beschikbaar</desc><category></category></programme><programme channel="191" start="20230107070000 +0000" stop="20230107080000 +0000" catchup-id="901267995"><title>Bam</title><date></date><icon src="https://images.tv.kpn.com/epg/default/1920x1080.jpg?blurred=false"></icon><desc>Programmabeschrijving niet beschikbaar</desc><category></category></programme><programme channel="191" start="20230107080000 +0000" stop="20230107090000 +0000" catchup-id="901268001"><title>Hptv</title><date></date><icon src="https://images.tv.kpn.com/epg/default/1920x1080.jpg?blurred=false"></icon><desc>Programmabeschrijving niet beschikbaar</desc><category></category></programme><programme channel="191" start="20230107090000 +0000" stop="20230107100000 +0000" catchup-id="901268004"><title>Punto Final</title><date></date><icon src="https://images.tv.kpn.com/epg/default/1920x1080.jpg?blurred=false"></icon><desc>Programmabeschrijving niet beschikbaar</desc><category></category></programme><programme channel="191" start="20230107100000 +0000" stop="20230107110000 +0000" catchup-id="901268007"><title>Herhaling Nieuws Aruba</title><date></date><icon src="https://images.tv.kpn.com/epg/default/1920x1080.jpg?blurred=false"></icon><desc>Programmabeschrijving niet beschikbaar</desc><category></category></programme><programme channel="191" start="20230107110000 +0000" stop="20230107113000 +0000" catchup-id="901268010"><title>Metabolismo</title><date></date><icon src="https://images.tv.kpn.com/epg/default/1920x1080.jpg?blurred=false"></icon><desc>Programmabeschrijving niet beschikbaar</desc><category></category></programme><programme channel="191" start="20230107113000 +0000" stop="20230107143000 +0000" catchup-id="901268013"><title>Belleza Y Maquina</title><date></date><icon src="https://images.tv.kpn.com/epg/default/1920x1080.jpg?blurred=false"></icon><desc>Programmabeschrijving niet beschikbaar</desc><category></category></programme><programme channel="191" start="20230107143000 +0000" stop="20230107160000 +0000" catchup-id="901268016"><title>Jolly Zone</title><date></date><icon src="https://images.tv.kpn.com/epg/default/1920x1080.jpg?blurred=false"></icon><desc>Programmabeschrijving niet beschikbaar</desc><category></category></programme><programme channel="191" start="20230107160000 +0000" stop="20230107180000 +0000" catchup-id="901268019"><title>A Te Zet</title><date></date><icon src="https://images.tv.kpn.com/epg/default/1920x1080.jpg?blurred=false"></icon><desc>Programmabeschrijving niet beschikbaar</desc><category></category></programme><programme channel="191" start="20230107180000 +0000" stop="20230107190000 +0000" catchup-id="901268022"><title>Herensia</title><date></date><icon src="https://images.tv.kpn.com/epg/default/1920x1080.jpg?blurred=false"></icon><desc>Programmabeschrijving niet beschikbaar</desc><category></category></programme><programme channel="191" start="20230107190000 +0000" stop="20230107200000 +0000" catchup-id="901268028"><title>Resumen Trai Merdia</title><date></date><icon src="https://images.tv.kpn.com/epg/default/1920x1080.jpg?blurred=false"></icon><desc>Programmabeschrijving niet beschikbaar</desc><category></category></programme><programme channel="191" start="20230107200000 +0000" stop="20230107210000 +0000" catchup-id="901268031"><title>Eldred &amp; Da Silva</title><date></date><icon src="https://images.tv.kpn.com/epg/default/1920x1080.jpg?blurred=false"></icon><desc>Programmabeschrijving niet beschikbaar</desc><category></category></programme><programme channel="191" start="20230107210000 +0000" stop="20230107220000 +0000" catchup-id="901268034"><title>Nieuws Aruba</title><date></date><icon src="https://images.tv.kpn.com/epg/default/1920x1080.jpg?blurred=false"></icon><desc>Programmabeschrijving niet beschikbaar</desc><category></category></programme><programme channel="191" start="20230107220000 +0000" stop="20230107230000 +0000" catchup-id="901268037"><title>Nieuws Suriname</title><date></date><icon src="https://images.tv.kpn.com/epg/default/1920x1080.jpg?blurred=false"></icon><desc>Programmabeschrijving niet beschikbaar</desc><category></category></programme><programme channel="191" start="20230107230000 +0000" stop="20230108010000 +0000" catchup-id="901311720"><title>Puurban</title><date></date><icon src="https://images.tv.kpn.com/epg/default/1920x1080.jpg?blurred=false"></icon><desc>Programmabeschrijving niet beschikbaar</desc><category></category></programme><programme channel="191" start="20230108010000 +0000" stop="20230108050000 +0000" catchup-id="901311729"><title>Tele Curacao</title><date></date><icon src="https://images.tv.kpn.com/epg/default/1920x1080.jpg?blurred=false"></icon><desc>Programmabeschrijving niet beschikbaar</desc><category></category></programme><programme channel="191" start="20230108050000 +0000" stop="20230108070000 +0000" catchup-id="901311732"><title>Konsierto</title><date></date><icon src="https://images.tv.kpn.com/epg/default/1920x1080.jpg?blurred=false"></icon><desc>Programmabeschrijving niet beschikbaar</desc><category></category></programme><programme channel="191" start="20230108070000 +0000" stop="20230108080000 +0000" catchup-id="901311738"><title>Bhes</title><date></date><icon src="https://images.tv.kpn.com/epg/default/1920x1080.jpg?blurred=false"></icon><desc>Programmabeschrijving niet beschikbaar</desc><category></category></programme><programme channel="191" start="20230108080000 +0000" stop="20230108090000 +0000" catchup-id="901311747"><title>Muhe</title><date></date><icon src="https://images.tv.kpn.com/epg/default/1920x1080.jpg?blurred=false"></icon><desc>Programmabeschrijving niet beschikbaar</desc><category></category></programme><programme channel="191" start="20230108090000 +0000" stop="20230108100000 +0000" catchup-id="901311753"><title>Lupe</title><date></date><icon src="https://images.tv.kpn.com/epg/default/1920x1080.jpg?blurred=false"></icon><desc>Programmabeschrijving niet beschikbaar</desc><category></category></programme><programme channel="191" start="20230108100000 +0000" stop="20230108110000 +0000" catchup-id="901311756"><title>Resumen Moru Bondia</title><date></date><icon src="https://images.tv.kpn.com/epg/default/1920x1080.jpg?blurred=false"></icon><desc>Programmabeschrijving niet beschikbaar</desc><category></category></programme><programme channel="191" start="20230108110000 +0000" stop="20230108130000 +0000" catchup-id="901311759"><title>Neetje &amp; Pieter</title><date></date><icon src="https://images.tv.kpn.com/epg/default/1920x1080.jpg?blurred=false"></icon><desc>Programmabeschrijving niet beschikbaar</desc><category></category></programme><programme channel="191" start="20230108130000 +0000" stop="20230108140000 +0000" catchup-id="901311765"><title>Santu Sacrifisio Di Misa</title><date></date><icon src="https://images.tv.kpn.com/epg/default/1920x1080.jpg?blurred=false"></icon><desc>Programmabeschrijving niet beschikbaar</desc><category></category></programme><programme channel="191" start="20230108140000 +0000" stop="20230108150000 +0000" catchup-id="901311768"><title>Gospel Music</title><date></date><icon src="https://images.tv.kpn.com/epg/HGO9CMBHlFgHBPyxL6qY2fMPkCTq7Y4i5Ht8b4O32ymw/1920x1080.jpg?blurred=false"></icon><desc>Programmabeschrijving niet beschikbaar</desc><category></category></programme><programme channel="191" start="20230108150000 +0000" stop="20230108170000 +0000" catchup-id="901311774"><title>Herensia</title><date></date><icon src="https://images.tv.kpn.com/epg/default/1920x1080.jpg?blurred=false"></icon><desc>Programmabeschrijving niet beschikbaar</desc><category></category></programme><programme channel="191" start="20230108170000 +0000" stop="20230108180000 +0000" catchup-id="901311783"><title>Youth</title><date></date><icon src="https://images.tv.kpn.com/epg/default/1920x1080.jpg?blurred=false"></icon><desc>Programmabeschrijving niet beschikbaar</desc><category></category></programme><programme channel="191" start="20230108180000 +0000" stop="20230108210000 +0000" catchup-id="901311786"><title>Show Musikal</title><date></date><icon src="https://images.tv.kpn.com/epg/default/1920x1080.jpg?blurred=false"></icon><desc>Programmabeschrijving niet beschikbaar</desc><category></category></programme><programme channel="191" start="20230108210000 +0000" stop="20230108220000 +0000" catchup-id="901311792"><title>Home Team</title><date></date><icon src="https://images.tv.kpn.com/epg/default/1920x1080.jpg?blurred=false"></icon><desc>Programmabeschrijving niet beschikbaar</desc><category></category></programme><programme channel="191" start="20230108220000 +0000" stop="20230108223000 +0000" catchup-id="901311798"><title>Nieuws Aruba</title><date></date><icon src="https://images.tv.kpn.com/epg/default/1920x1080.jpg?blurred=false"></icon><desc>Programmabeschrijving niet beschikbaar</desc><category></category></programme><programme channel="191" start="20230108223000 +0000" stop="20230108230000 +0000" catchup-id="901311804"><title>Wega Di Number Korsou</title><date></date><icon src="https://images.tv.kpn.com/epg/default/1920x1080.jpg?blurred=false"></icon><desc>Programmabeschrijving niet beschikbaar</desc><category></category></programme><programme channel="191" start="20230108230000 +0000" stop="20230109000000 +0000" catchup-id="901352823"><title>Bam</title><date></date><icon src="https://images.tv.kpn.com/epg/default/1920x1080.jpg?blurred=false"></icon><desc>Programmabeschrijving niet beschikbaar</desc><category></category></programme><programme channel="191" start="20230109000000 +0000" stop="20230109050000 +0000" catchup-id="901352826"><title>Tele Curacao</title><date></date><icon src="https://images.tv.kpn.com/epg/default/1920x1080.jpg?blurred=false"></icon><desc>Programmabeschrijving niet beschikbaar</desc><category></category></programme><programme channel="191" start="20230109050000 +0000" stop="20230109070000 +0000" catchup-id="901352829"><title>Tcfm</title><date></date><icon src="https://images.tv.kpn.com/epg/default/1920x1080.jpg?blurred=false"></icon><desc>Programmabeschrijving niet beschikbaar</desc><category></category></programme><programme channel="191" start="20230109070000 +0000" stop="20230109080000 +0000" catchup-id="901352832"><title>Herensia</title><date></date><icon src="https://images.tv.kpn.com/epg/default/1920x1080.jpg?blurred=false"></icon><desc>Programmabeschrijving niet beschikbaar</desc><category></category></programme><programme channel="191" start="20230109080000 +0000" stop="20230109090000 +0000" catchup-id="901352835"><title>Bonochi Korsou</title><date></date><icon src="https://images.tv.kpn.com/epg/default/1920x1080.jpg?blurred=false"></icon><desc>Programmabeschrijving niet beschikbaar</desc><category></category></programme><programme channel="191" start="20230109090000 +0000" stop="20230109100000 +0000" catchup-id="901352838"><title>Punto Final</title><date></date><icon src="https://images.tv.kpn.com/epg/default/1920x1080.jpg?blurred=false"></icon><desc>Programmabeschrijving niet beschikbaar</desc><category></category></programme><programme channel="191" start="20230109100000 +0000" stop="20230109110000 +0000" catchup-id="901352841"><title>Desiree</title><date></date><icon src="https://images.tv.kpn.com/epg/default/1920x1080.jpg?blurred=false"></icon><desc>Programmabeschrijving niet beschikbaar</desc><category></category></programme><programme channel="191" start="20230109110000 +0000" stop="20230109113000 +0000" catchup-id="901352844"><title>Music Varia</title><date></date><icon src="https://images.tv.kpn.com/epg/default/1920x1080.jpg?blurred=false"></icon><desc>Programmabeschrijving niet beschikbaar</desc><category></category></programme><programme channel="191" start="20230109113000 +0000" stop="20230109143000 +0000" catchup-id="901352847"><title>Moru Bondia</title><date></date><icon src="https://images.tv.kpn.com/epg/default/1920x1080.jpg?blurred=false"></icon><desc>Programmabeschrijving niet beschikbaar</desc><category></category></programme><programme channel="191" start="20230109143000 +0000" stop="20230109160000 +0000" catchup-id="901352850"><title>Mainta</title><date></date><icon src="https://images.tv.kpn.com/epg/default/1920x1080.jpg?blurred=false"></icon><desc>Programmabeschrijving niet beschikbaar</desc><category></category></programme><programme channel="191" start="20230109160000 +0000" stop="20230109170000 +0000" catchup-id="901352853"><title>Dune Un Chens</title><date></date><icon src="https://images.tv.kpn.com/epg/default/1920x1080.jpg?blurred=false"></icon><desc>Programmabeschrijving niet beschikbaar</desc><category></category></programme><programme channel="191" start="20230109170000 +0000" stop="20230109173000 +0000" catchup-id="901352856"><title>Nieuws Curacao</title><date></date><icon src="https://images.tv.kpn.com/epg/default/1920x1080.jpg?blurred=false"></icon><desc>Programmabeschrijving niet beschikbaar</desc><category></category></programme><programme channel="191" start="20230109173000 +0000" stop="20230109200000 +0000" catchup-id="901352859"><title>Bo Trai Merdia</title><date></date><icon src="https://images.tv.kpn.com/epg/default/1920x1080.jpg?blurred=false"></icon><desc>Programmabeschrijving niet beschikbaar</desc><category></category></programme><programme channel="191" start="20230109200000 +0000" stop="20230109210000 +0000" catchup-id="901352862"><title>We Talk</title><date></date><icon src="https://images.tv.kpn.com/epg/default/1920x1080.jpg?blurred=false"></icon><desc>Programmabeschrijving niet beschikbaar</desc><category></category></programme><programme channel="191" start="20230109210000 +0000" stop="20230109220000 +0000" catchup-id="901352865"><title>Nieuws Aruba</title><date></date><icon src="https://images.tv.kpn.com/epg/default/1920x1080.jpg?blurred=false"></icon><desc>Programmabeschrijving niet beschikbaar</desc><category></category></programme><programme channel="191" start="20230109220000 +0000" stop="20230109230000 +0000" catchup-id="901352868"><title>Nieuws Suriname</title><date></date><icon src="https://images.tv.kpn.com/epg/default/1920x1080.jpg?blurred=false"></icon><desc>Programmabeschrijving niet beschikbaar</desc><category></category></programme><programme channel="191" start="20230109230000 +0000" stop="20230110000000 +0000" catchup-id="901398705"><title>Punto Final</title><date></date><icon src="https://images.tv.kpn.com/epg/default/1920x1080.jpg?blurred=false"></icon><desc>Programmabeschrijving niet beschikbaar</desc><category></category></programme><programme channel="191" start="20230110000000 +0000" stop="20230110010000 +0000" catchup-id="901398708"><title>Nahason</title><date></date><icon src="https://images.tv.kpn.com/epg/default/1920x1080.jpg?blurred=false"></icon><desc>Programmabeschrijving niet beschikbaar</desc><category></category></programme><programme channel="191" start="20230110010000 +0000" stop="20230110050000 +0000" catchup-id="901398711"><title>Tele Curacao</title><date></date><icon src="https://images.tv.kpn.com/epg/default/1920x1080.jpg?blurred=false"></icon><desc>Programmabeschrijving niet beschikbaar</desc><category></category></programme><programme channel="191" start="20230110050000 +0000" stop="20230110070000 +0000" catchup-id="901398714"><title>Tcfm</title><date></date><icon src="https://images.tv.kpn.com/epg/default/1920x1080.jpg?blurred=false"></icon><desc>Programmabeschrijving niet beschikbaar</desc><category></category></programme><programme channel="191" start="20230110070000 +0000" stop="20230110080000 +0000" catchup-id="901398717"><title>Herhaling Nieuws Curacao</title><date></date><icon src="https://images.tv.kpn.com/epg/default/1920x1080.jpg?blurred=false"></icon><desc>Programmabeschrijving niet beschikbaar</desc><category></category></programme><programme channel="191" start="20230110080000 +0000" stop="20230110090000 +0000" catchup-id="901398720"><title>Bonochi Korsou</title><date></date><icon src="https://images.tv.kpn.com/epg/default/1920x1080.jpg?blurred=false"></icon><desc>Programmabeschrijving niet beschikbaar</desc><category></category></programme><programme channel="191" start="20230110090000 +0000" stop="20230110100000 +0000" catchup-id="901398723"><title>Punto Final</title><date></date><icon src="https://images.tv.kpn.com/epg/default/1920x1080.jpg?blurred=false"></icon><desc>Programmabeschrijving niet beschikbaar</desc><category></category></programme><programme channel="191" start="20230110100000 +0000" stop="20230110110000 +0000" catchup-id="901398726"><title>Desiree</title><date></date><icon src="https://images.tv.kpn.com/epg/default/1920x1080.jpg?blurred=false"></icon><desc>Programmabeschrijving niet beschikbaar</desc><category></category></programme><programme channel="191" start="20230110110000 +0000" stop="20230110113000 +0000" catchup-id="901398729"><title>Music Varia</title><date></date><icon src="https://images.tv.kpn.com/epg/default/1920x1080.jpg?blurred=false"></icon><desc>Programmabeschrijving niet beschikbaar</desc><category></category></programme><programme channel="191" start="20230110113000 +0000" stop="20230110143000 +0000" catchup-id="901398732"><title>Moru Bondia</title><date></date><icon src="https://images.tv.kpn.com/epg/default/1920x1080.jpg?blurred=false"></icon><desc>Programmabeschrijving niet beschikbaar</desc><category></category></programme><programme channel="191" start="20230110143000 +0000" stop="20230110160000 +0000" catchup-id="901398735"><title>Mainta</title><date></date><icon src="https://images.tv.kpn.com/epg/default/1920x1080.jpg?blurred=false"></icon><desc>Programmabeschrijving niet beschikbaar</desc><category></category></programme><programme channel="191" start="20230110160000 +0000" stop="20230110170000 +0000" catchup-id="901398738"><title>Dune Un Chens</title><date></date><icon src="https://images.tv.kpn.com/epg/default/1920x1080.jpg?blurred=false"></icon><desc>Programmabeschrijving niet beschikbaar</desc><category></category></programme><programme channel="191" start="20230110170000 +0000" stop="20230110173000 +0000" catchup-id="901398741"><title>Nieuws Curacao</title><date></date><icon src="https://images.tv.kpn.com/epg/default/1920x1080.jpg?blurred=false"></icon><desc>Programmabeschrijving niet beschikbaar</desc><category></category></programme><programme channel="191" start="20230110173000 +0000" stop="20230110200000 +0000" catchup-id="901398744"><title>Bo Trai Merdia</title><date></date><icon src="https://images.tv.kpn.com/epg/default/1920x1080.jpg?blurred=false"></icon><desc>Programmabeschrijving niet beschikbaar</desc><category></category></programme><programme channel="191" start="20230110200000 +0000" stop="20230110210000 +0000" catchup-id="901398747"><title>We Talk</title><date></date><icon src="https://images.tv.kpn.com/epg/default/1920x1080.jpg?blurred=false"></icon><desc>Programmabeschrijving niet beschikbaar</desc><category></category></programme><programme channel="191" start="20230110210000 +0000" stop="20230110220000 +0000" catchup-id="901398750"><title>Nieuws Aruba</title><date></date><icon src="https://images.tv.kpn.com/epg/default/1920x1080.jpg?blurred=false"></icon><desc>Programmabeschrijving niet beschikbaar</desc><category></category></programme><programme channel="191" start="20230110220000 +0000" stop="20230110230000 +0000" catchup-id="901398753"><title>Nieuws Suriname</title><date></date><icon src="https://images.tv.kpn.com/epg/default/1920x1080.jpg?blurred=false"></icon><desc>Programmabeschrijving niet beschikbaar</desc><category></category></programme><programme channel="191" start="20230110230000 +0000" stop="20230111000000 +0000" catchup-id="901447593"><title>Punto Final</title><date></date><icon src="https://images.tv.kpn.com/epg/default/1920x1080.jpg?blurred=false"></icon><desc>Programmabeschrijving niet beschikbaar</desc><category></category></programme><programme channel="191" start="20230111000000 +0000" stop="20230111010000 +0000" catchup-id="901447596"><title>Vvrp Ta Informa</title><date></date><icon src="https://images.tv.kpn.com/epg/default/1920x1080.jpg?blurred=false"></icon><desc>Programmabeschrijving niet beschikbaar</desc><category></category></programme><programme channel="191" start="20230111010000 +0000" stop="20230111050000 +0000" catchup-id="901447599"><title>Tele Curacao</title><date></date><icon src="https://images.tv.kpn.com/epg/default/1920x1080.jpg?blurred=false"></icon><desc>Programmabeschrijving niet beschikbaar</desc><category></category></programme><programme channel="191" start="20230111050000 +0000" stop="20230111070000 +0000" catchup-id="901447602"><title>Tcfm</title><date></date><icon src="https://images.tv.kpn.com/epg/default/1920x1080.jpg?blurred=false"></icon><desc>Programmabeschrijving niet beschikbaar</desc><category></category></programme><programme channel="191" start="20230111070000 +0000" stop="20230111080000 +0000" catchup-id="901447605"><title>Herhaling Nieuws Curacao</title><date></date><icon src="https://images.tv.kpn.com/epg/default/1920x1080.jpg?blurred=false"></icon><desc>Programmabeschrijving niet beschikbaar</desc><category></category></programme><programme channel="191" start="20230111080000 +0000" stop="20230111090000 +0000" catchup-id="901447608"><title>Bonochi Korsou</title><date></date><icon src="https://images.tv.kpn.com/epg/default/1920x1080.jpg?blurred=false"></icon><desc>Programmabeschrijving niet beschikbaar</desc><category></category></programme><programme channel="191" start="20230111090000 +0000" stop="20230111100000 +0000" catchup-id="901447611"><title>Punto Final</title><date></date><icon src="https://images.tv.kpn.com/epg/default/1920x1080.jpg?blurred=false"></icon><desc>Programmabeschrijving niet beschikbaar</desc><category></category></programme><programme channel="191" start="20230111100000 +0000" stop="20230111110000 +0000" catchup-id="901447614"><title>Harhaling Nieuws Aruba</title><date></date><icon src="https://images.tv.kpn.com/epg/default/1920x1080.jpg?blurred=false"></icon><desc>Programmabeschrijving niet beschikbaar</desc><category></category></programme><programme channel="191" start="20230111110000 +0000" stop="20230111113000 +0000" catchup-id="901447617"><title>Music Varia</title><date></date><icon src="https://images.tv.kpn.com/epg/default/1920x1080.jpg?blurred=false"></icon><desc>Programmabeschrijving niet beschikbaar</desc><category></category></programme><programme channel="191" start="20230111113000 +0000" stop="20230111143000 +0000" catchup-id="901447620"><title>Moru Bondia</title><date></date><icon src="https://images.tv.kpn.com/epg/default/1920x1080.jpg?blurred=false"></icon><desc>Programmabeschrijving niet beschikbaar</desc><category></category></programme><programme channel="191" start="20230111143000 +0000" stop="20230111160000 +0000" catchup-id="901447623"><title>Mainta</title><date></date><icon src="https://images.tv.kpn.com/epg/default/1920x1080.jpg?blurred=false"></icon><desc>Programmabeschrijving niet beschikbaar</desc><category></category></programme><programme channel="191" start="20230111160000 +0000" stop="20230111170000 +0000" catchup-id="901447626"><title>Dune Un Chens</title><date></date><icon src="https://images.tv.kpn.com/epg/default/1920x1080.jpg?blurred=false"></icon><desc>Programmabeschrijving niet beschikbaar</desc><category></category></programme><programme channel="191" start="20230111170000 +0000" stop="20230111173000 +0000" catchup-id="901447629"><title>Nieuws Curacao</title><date></date><icon src="https://images.tv.kpn.com/epg/default/1920x1080.jpg?blurred=false"></icon><desc>Programmabeschrijving niet beschikbaar</desc><category></category></programme><programme channel="191" start="20230111173000 +0000" stop="20230111200000 +0000" catchup-id="901447632"><title>Bo Trai Merdia</title><date></date><icon src="https://images.tv.kpn.com/epg/default/1920x1080.jpg?blurred=false"></icon><desc>Programmabeschrijving niet beschikbaar</desc><category></category></programme><programme channel="191" start="20230111200000 +0000" stop="20230111210000 +0000" catchup-id="901447635"><title>We Talk</title><date></date><icon src="https://images.tv.kpn.com/epg/default/1920x1080.jpg?blurred=false"></icon><desc>Programmabeschrijving niet beschikbaar</desc><category></category></programme><programme channel="191" start="20230111210000 +0000" stop="20230111220000 +0000" catchup-id="901447638"><title>Nieuws Aruba</title><date></date><icon src="https://images.tv.kpn.com/epg/default/1920x1080.jpg?blurred=false"></icon><desc>Programmabeschrijving niet beschikbaar</desc><category></category></programme><programme channel="191" start="20230111220000 +0000" stop="20230111230000 +0000" catchup-id="901447641"><title>Nieuws Suriname</title><date></date><icon src="https://images.tv.kpn.com/epg/default/1920x1080.jpg?blurred=false"></icon><desc>Programmabeschrijving niet beschikbaar</desc><category></category></programme><programme channel="191" start="20230111230000 +0000" stop="20230112000000 +0000" catchup-id="901500252"><title>Punto Final</title><date></date><icon src="https://images.tv.kpn.com/epg/default/1920x1080.jpg?blurred=false"></icon><desc>Programmabeschrijving niet beschikbaar</desc><category></category></programme><programme channel="191" start="20230112000000 +0000" stop="20230112010000 +0000" catchup-id="901500264"><title>Caribbean Vibration</title><date></date><icon src="https://images.tv.kpn.com/epg/default/1920x1080.jpg?blurred=false"></icon><desc>Programmabeschrijving niet beschikbaar</desc><category></category></programme><programme channel="191" start="20230112010000 +0000" stop="20230112050000 +0000" catchup-id="901500276"><title>Tele Curacao</title><date></date><icon src="https://images.tv.kpn.com/epg/default/1920x1080.jpg?blurred=false"></icon><desc>Programmabeschrijving niet beschikbaar</desc><category></category></programme><programme channel="191" start="20230112050000 +0000" stop="20230112070000 +0000" catchup-id="901500288"><title>Tcfm</title><date></date><icon src="https://images.tv.kpn.com/epg/default/1920x1080.jpg?blurred=false"></icon><desc>Programmabeschrijving niet beschikbaar</desc><category></category></programme><programme channel="191" start="20230112070000 +0000" stop="20230112080000 +0000" catchup-id="901500300"><title>Herhaling Nieuws Curacao</title><date></date><icon src="https://images.tv.kpn.com/epg/default/1920x1080.jpg?blurred=false"></icon><desc>Programmabeschrijving niet beschikbaar</desc><category></category></programme><programme channel="191" start="20230112080000 +0000" stop="20230112090000 +0000" catchup-id="901500306"><title>Bonochi Korsou</title><date></date><icon src="https://images.tv.kpn.com/epg/default/1920x1080.jpg?blurred=false"></icon><desc>Programmabeschrijving niet beschikbaar</desc><category></category></programme><programme channel="191" start="20230112090000 +0000" stop="20230112100000 +0000" catchup-id="901500318"><title>Punto Final</title><date></date><icon src="https://images.tv.kpn.com/epg/default/1920x1080.jpg?blurred=false"></icon><desc>Programmabeschrijving niet beschikbaar</desc><category></category></programme><programme channel="191" start="20230112100000 +0000" stop="20230112110000 +0000" catchup-id="901500324"><title>Desiree</title><date></date><icon src="https://images.tv.kpn.com/epg/default/1920x1080.jpg?blurred=false"></icon><desc>Programmabeschrijving niet beschikbaar</desc><category></category></programme><programme channel="191" start="20230112110000 +0000" stop="20230112113000 +0000" catchup-id="901500330"><title>Music Varia</title><date></date><icon src="https://images.tv.kpn.com/epg/default/1920x1080.jpg?blurred=false"></icon><desc>Programmabeschrijving niet beschikbaar</desc><category></category></programme><programme channel="191" start="20230112113000 +0000" stop="20230112143000 +0000" catchup-id="901500336"><title>Moru Bondia</title><date></date><icon src="https://images.tv.kpn.com/epg/default/1920x1080.jpg?blurred=false"></icon><desc>Programmabeschrijving niet beschikbaar</desc><category></category></programme><programme channel="191" start="20230112143000 +0000" stop="20230112160000 +0000" catchup-id="901500342"><title>Mainta</title><date></date><icon src="https://images.tv.kpn.com/epg/default/1920x1080.jpg?blurred=false"></icon><desc>Programmabeschrijving niet beschikbaar</desc><category></category></programme><programme channel="191" start="20230112160000 +0000" stop="20230112170000 +0000" catchup-id="901500351"><title>Dune Un Chens</title><date></date><icon src="https://images.tv.kpn.com/epg/default/1920x1080.jpg?blurred=false"></icon><desc>Programmabeschrijving niet beschikbaar</desc><category></category></programme><programme channel="191" start="20230112170000 +0000" stop="20230112173000 +0000" catchup-id="901500354"><title>Nieuws Curacao</title><date></date><icon src="https://images.tv.kpn.com/epg/default/1920x1080.jpg?blurred=false"></icon><desc>Programmabeschrijving niet beschikbaar</desc><category></category></programme><programme channel="191" start="20230112173000 +0000" stop="20230112200000 +0000" catchup-id="901500363"><title>Bo Trai Merdia</title><date></date><icon src="https://images.tv.kpn.com/epg/default/1920x1080.jpg?blurred=false"></icon><desc>Programmabeschrijving niet beschikbaar</desc><category></category></programme><programme channel="191" start="20230112200000 +0000" stop="20230112210000 +0000" catchup-id="901500369"><title>We Talk</title><date></date><icon src="https://images.tv.kpn.com/epg/default/1920x1080.jpg?blurred=false"></icon><desc>Programmabeschrijving niet beschikbaar</desc><category></category></programme><programme channel="191" start="20230112210000 +0000" stop="20230112220000 +0000" catchup-id="901500375"><title>Nieuws Aruba</title><date></date><icon src="https://images.tv.kpn.com/epg/default/1920x1080.jpg?blurred=false"></icon><desc>Programmabeschrijving niet beschikbaar</desc><category></category></programme>