<programme channel="103" start="20221228230000 +0000" stop="20221229010000 +0000" catchup-id="900861735"><title>Haagse politiek</title><date></date><icon src="https://images.tv.kpn.com/epg/8mP3F2F79AlClT1ZB1upDncdjrnwB1DVleC1p79BKLAmk/1920x1080.jpg?blurred=false"></icon><desc>Themazender van de NPO. De zender belicht dagelijks ontwikkelingen in de landelijke politiek inclusief liveverslag van debatten in de Tweede Kamer en andere politieke gebeurtenissen.</desc><category></category></programme><programme channel="103" start="20221229010000 +0000" stop="20221229030000 +0000" catchup-id="900861738"><title>Haagse politiek</title><date></date><icon src="https://images.tv.kpn.com/epg/8mP3F2F79AlClT1ZB1upDncdjrnwB1DVleC1p79BKLAmk/1920x1080.jpg?blurred=false"></icon><desc>Themazender van de NPO. De zender belicht dagelijks ontwikkelingen in de landelijke politiek inclusief liveverslag van debatten in de Tweede Kamer en andere politieke gebeurtenissen.</desc><category></category></programme><programme channel="103" start="20221229030000 +0000" stop="20221229050000 +0000" catchup-id="900861741"><title>Haagse politiek</title><date></date><icon src="https://images.tv.kpn.com/epg/8mP3F2F79AlClT1ZB1upDncdjrnwB1DVleC1p79BKLAmk/1920x1080.jpg?blurred=false"></icon><desc>Themazender van de NPO. De zender belicht dagelijks ontwikkelingen in de landelijke politiek inclusief liveverslag van debatten in de Tweede Kamer en andere politieke gebeurtenissen.</desc><category></category></programme><programme channel="103" start="20221229050000 +0000" stop="20221229070000 +0000" catchup-id="900861744"><title>Haagse politiek</title><date></date><icon src="https://images.tv.kpn.com/epg/8mP3F2F79AlClT1ZB1upDncdjrnwB1DVleC1p79BKLAmk/1920x1080.jpg?blurred=false"></icon><desc>Themazender van de NPO. De zender belicht dagelijks ontwikkelingen in de landelijke politiek inclusief liveverslag van debatten in de Tweede Kamer en andere politieke gebeurtenissen.</desc><category></category></programme><programme channel="103" start="20221229070000 +0000" stop="20221229090000 +0000" catchup-id="900861747"><title>Haagse politiek</title><date></date><icon src="https://images.tv.kpn.com/epg/8mP3F2F79AlClT1ZB1upDncdjrnwB1DVleC1p79BKLAmk/1920x1080.jpg?blurred=false"></icon><desc>Themazender van de NPO. De zender belicht dagelijks ontwikkelingen in de landelijke politiek inclusief liveverslag van debatten in de Tweede Kamer en andere politieke gebeurtenissen.</desc><category></category></programme><programme channel="103" start="20221229090000 +0000" stop="20221229110000 +0000" catchup-id="900861750"><title>Haagse politiek</title><date></date><icon src="https://images.tv.kpn.com/epg/8mP3F2F79AlClT1ZB1upDncdjrnwB1DVleC1p79BKLAmk/1920x1080.jpg?blurred=false"></icon><desc>Themazender van de NPO. De zender belicht dagelijks ontwikkelingen in de landelijke politiek inclusief liveverslag van debatten in de Tweede Kamer en andere politieke gebeurtenissen.</desc><category></category></programme><programme channel="103" start="20221229110000 +0000" stop="20221229130000 +0000" catchup-id="900861753"><title>Haagse politiek</title><date></date><icon src="https://images.tv.kpn.com/epg/8mP3F2F79AlClT1ZB1upDncdjrnwB1DVleC1p79BKLAmk/1920x1080.jpg?blurred=false"></icon><desc>Themazender van de NPO. De zender belicht dagelijks ontwikkelingen in de landelijke politiek inclusief liveverslag van debatten in de Tweede Kamer en andere politieke gebeurtenissen.</desc><category></category></programme><programme channel="103" start="20221229130000 +0000" stop="20221229150000 +0000" catchup-id="900861756"><title>Haagse politiek</title><date></date><icon src="https://images.tv.kpn.com/epg/8mP3F2F79AlClT1ZB1upDncdjrnwB1DVleC1p79BKLAmk/1920x1080.jpg?blurred=false"></icon><desc>Themazender van de NPO. De zender belicht dagelijks ontwikkelingen in de landelijke politiek inclusief liveverslag van debatten in de Tweede Kamer en andere politieke gebeurtenissen.</desc><category></category></programme><programme channel="103" start="20221229150000 +0000" stop="20221229170000 +0000" catchup-id="900861759"><title>Haagse politiek</title><date></date><icon src="https://images.tv.kpn.com/epg/8mP3F2F79AlClT1ZB1upDncdjrnwB1DVleC1p79BKLAmk/1920x1080.jpg?blurred=false"></icon><desc>Themazender van de NPO. De zender belicht dagelijks ontwikkelingen in de landelijke politiek inclusief liveverslag van debatten in de Tweede Kamer en andere politieke gebeurtenissen.</desc><category></category></programme><programme channel="103" start="20221229170000 +0000" stop="20221229180000 +0000" catchup-id="900861762"><title>Haagse politiek</title><date></date><icon src="https://images.tv.kpn.com/epg/8mP3F2F79AlClT1ZB1upDncdjrnwB1DVleC1p79BKLAmk/1920x1080.jpg?blurred=false"></icon><desc>Themazender van de NPO. De zender belicht dagelijks ontwikkelingen in de landelijke politiek inclusief liveverslag van debatten in de Tweede Kamer en andere politieke gebeurtenissen.</desc><category></category></programme><programme channel="103" start="20221229180000 +0000" stop="20221229190000 +0000" catchup-id="900861765"><title>NOS Jeugdjournaal met gebarentaal</title><date></date><icon src="https://images.tv.kpn.com/epg/ujqBG9Bb3H3Bc31RJF5ujN9CDfYXNHgudHusxETXD781U/1920x1080.jpg?blurred=false"></icon><desc>Het laatste nieuws uit binnen- en buitenland en het weer, speciaal voor de jonge kijkers met gebarentaal.</desc><category></category></programme><programme channel="103" start="20221229190000 +0000" stop="20221229193000 +0000" catchup-id="900861768"><title>NOS Journaal met gebarentaal</title><date></date><icon src="https://images.tv.kpn.com/epg/VGjS9Abs9B9CseCkLk7li9BlI0bMWyJ5uok2RKAyN9CB9BS5I/1920x1080.jpg?blurred=false"></icon><desc>Het laatste nieuws uit binnen- en buitenland en het weer. Met gebarentaal.</desc><category></category></programme><programme channel="103" start="20221229193000 +0000" stop="20221229210000 +0000" catchup-id="900861771"><title>Haagse politiek</title><date></date><icon src="https://images.tv.kpn.com/epg/8mP3F2F79AlClT1ZB1upDncdjrnwB1DVleC1p79BKLAmk/1920x1080.jpg?blurred=false"></icon><desc>Themazender van de NPO. De zender belicht dagelijks ontwikkelingen in de landelijke politiek inclusief liveverslag van debatten in de Tweede Kamer en andere politieke gebeurtenissen.</desc><category></category></programme><programme channel="103" start="20221229210000 +0000" stop="20221229230000 +0000" catchup-id="900861774"><title>Haagse politiek</title><date></date><icon src="https://images.tv.kpn.com/epg/8mP3F2F79AlClT1ZB1upDncdjrnwB1DVleC1p79BKLAmk/1920x1080.jpg?blurred=false"></icon><desc>Themazender van de NPO. De zender belicht dagelijks ontwikkelingen in de landelijke politiek inclusief liveverslag van debatten in de Tweede Kamer en andere politieke gebeurtenissen.</desc><category></category></programme><programme channel="103" start="20221229230000 +0000" stop="20221230010000 +0000" catchup-id="900910056"><title>Haagse politiek</title><date></date><icon src="https://images.tv.kpn.com/epg/8mP3F2F79AlClT1ZB1upDncdjrnwB1DVleC1p79BKLAmk/1920x1080.jpg?blurred=false"></icon><desc>Themazender van de NPO. De zender belicht dagelijks ontwikkelingen in de landelijke politiek inclusief liveverslag van debatten in de Tweede Kamer en andere politieke gebeurtenissen.</desc><category></category></programme><programme channel="103" start="20221230010000 +0000" stop="20221230030000 +0000" catchup-id="900910059"><title>Haagse politiek</title><date></date><icon src="https://images.tv.kpn.com/epg/8mP3F2F79AlClT1ZB1upDncdjrnwB1DVleC1p79BKLAmk/1920x1080.jpg?blurred=false"></icon><desc>Themazender van de NPO. De zender belicht dagelijks ontwikkelingen in de landelijke politiek inclusief liveverslag van debatten in de Tweede Kamer en andere politieke gebeurtenissen.</desc><category></category></programme><programme channel="103" start="20221230030000 +0000" stop="20221230050000 +0000" catchup-id="900910062"><title>Haagse politiek</title><date></date><icon src="https://images.tv.kpn.com/epg/8mP3F2F79AlClT1ZB1upDncdjrnwB1DVleC1p79BKLAmk/1920x1080.jpg?blurred=false"></icon><desc>Themazender van de NPO. De zender belicht dagelijks ontwikkelingen in de landelijke politiek inclusief liveverslag van debatten in de Tweede Kamer en andere politieke gebeurtenissen.</desc><category></category></programme><programme channel="103" start="20221230050000 +0000" stop="20221230070000 +0000" catchup-id="900910065"><title>Haagse politiek</title><date></date><icon src="https://images.tv.kpn.com/epg/8mP3F2F79AlClT1ZB1upDncdjrnwB1DVleC1p79BKLAmk/1920x1080.jpg?blurred=false"></icon><desc>Themazender van de NPO. De zender belicht dagelijks ontwikkelingen in de landelijke politiek inclusief liveverslag van debatten in de Tweede Kamer en andere politieke gebeurtenissen.</desc><category></category></programme><programme channel="103" start="20221230070000 +0000" stop="20221230090000 +0000" catchup-id="900910068"><title>Haagse politiek</title><date></date><icon src="https://images.tv.kpn.com/epg/8mP3F2F79AlClT1ZB1upDncdjrnwB1DVleC1p79BKLAmk/1920x1080.jpg?blurred=false"></icon><desc>Themazender van de NPO. De zender belicht dagelijks ontwikkelingen in de landelijke politiek inclusief liveverslag van debatten in de Tweede Kamer en andere politieke gebeurtenissen.</desc><category></category></programme><programme channel="103" start="20221230090000 +0000" stop="20221230110000 +0000" catchup-id="900910071"><title>Haagse politiek</title><date></date><icon src="https://images.tv.kpn.com/epg/8mP3F2F79AlClT1ZB1upDncdjrnwB1DVleC1p79BKLAmk/1920x1080.jpg?blurred=false"></icon><desc>Themazender van de NPO. De zender belicht dagelijks ontwikkelingen in de landelijke politiek inclusief liveverslag van debatten in de Tweede Kamer en andere politieke gebeurtenissen.</desc><category></category></programme><programme channel="103" start="20221230110000 +0000" stop="20221230130000 +0000" catchup-id="900910074"><title>Haagse politiek</title><date></date><icon src="https://images.tv.kpn.com/epg/8mP3F2F79AlClT1ZB1upDncdjrnwB1DVleC1p79BKLAmk/1920x1080.jpg?blurred=false"></icon><desc>Themazender van de NPO. De zender belicht dagelijks ontwikkelingen in de landelijke politiek inclusief liveverslag van debatten in de Tweede Kamer en andere politieke gebeurtenissen.</desc><category></category></programme><programme channel="103" start="20221230130000 +0000" stop="20221230150000 +0000" catchup-id="900910077"><title>Haagse politiek</title><date></date><icon src="https://images.tv.kpn.com/epg/8mP3F2F79AlClT1ZB1upDncdjrnwB1DVleC1p79BKLAmk/1920x1080.jpg?blurred=false"></icon><desc>Themazender van de NPO. De zender belicht dagelijks ontwikkelingen in de landelijke politiek inclusief liveverslag van debatten in de Tweede Kamer en andere politieke gebeurtenissen.</desc><category></category></programme><programme channel="103" start="20221230150000 +0000" stop="20221230170000 +0000" catchup-id="900910080"><title>Haagse politiek</title><date></date><icon src="https://images.tv.kpn.com/epg/8mP3F2F79AlClT1ZB1upDncdjrnwB1DVleC1p79BKLAmk/1920x1080.jpg?blurred=false"></icon><desc>Themazender van de NPO. De zender belicht dagelijks ontwikkelingen in de landelijke politiek inclusief liveverslag van debatten in de Tweede Kamer en andere politieke gebeurtenissen.</desc><category></category></programme><programme channel="103" start="20221230170000 +0000" stop="20221230180000 +0000" catchup-id="900910083"><title>Haagse politiek</title><date></date><icon src="https://images.tv.kpn.com/epg/8mP3F2F79AlClT1ZB1upDncdjrnwB1DVleC1p79BKLAmk/1920x1080.jpg?blurred=false"></icon><desc>Themazender van de NPO. De zender belicht dagelijks ontwikkelingen in de landelijke politiek inclusief liveverslag van debatten in de Tweede Kamer en andere politieke gebeurtenissen.</desc><category></category></programme><programme channel="103" start="20221230180000 +0000" stop="20221230190000 +0000" catchup-id="900910086"><title>NOS Jeugdjournaal met gebarentaal</title><date></date><icon src="https://images.tv.kpn.com/epg/ujqBG9Bb3H3Bc31RJF5ujN9CDfYXNHgudHusxETXD781U/1920x1080.jpg?blurred=false"></icon><desc>Het laatste nieuws uit binnen- en buitenland en het weer, speciaal voor de jonge kijkers met gebarentaal.</desc><category></category></programme><programme channel="103" start="20221230190000 +0000" stop="20221230193000 +0000" catchup-id="900910089"><title>NOS Journaal met gebarentaal</title><date></date><icon src="https://images.tv.kpn.com/epg/VGjS9Abs9B9CseCkLk7li9BlI0bMWyJ5uok2RKAyN9CB9BS5I/1920x1080.jpg?blurred=false"></icon><desc>Het laatste nieuws uit binnen- en buitenland en het weer. Met gebarentaal.</desc><category></category></programme><programme channel="103" start="20221230193000 +0000" stop="20221230210000 +0000" catchup-id="900910092"><title>Haagse politiek</title><date></date><icon src="https://images.tv.kpn.com/epg/8mP3F2F79AlClT1ZB1upDncdjrnwB1DVleC1p79BKLAmk/1920x1080.jpg?blurred=false"></icon><desc>Themazender van de NPO. De zender belicht dagelijks ontwikkelingen in de landelijke politiek inclusief liveverslag van debatten in de Tweede Kamer en andere politieke gebeurtenissen.</desc><category></category></programme><programme channel="103" start="20221230210000 +0000" stop="20221230230000 +0000" catchup-id="900910095"><title>Haagse politiek</title><date></date><icon src="https://images.tv.kpn.com/epg/8mP3F2F79AlClT1ZB1upDncdjrnwB1DVleC1p79BKLAmk/1920x1080.jpg?blurred=false"></icon><desc>Themazender van de NPO. De zender belicht dagelijks ontwikkelingen in de landelijke politiek inclusief liveverslag van debatten in de Tweede Kamer en andere politieke gebeurtenissen.</desc><category></category></programme><programme channel="103" start="20221230230000 +0000" stop="20221231010000 +0000" catchup-id="900953664"><title>Haagse politiek</title><date></date><icon src="https://images.tv.kpn.com/epg/8mP3F2F79AlClT1ZB1upDncdjrnwB1DVleC1p79BKLAmk/1920x1080.jpg?blurred=false"></icon><desc>Themazender van de NPO. De zender belicht dagelijks ontwikkelingen in de landelijke politiek inclusief liveverslag van debatten in de Tweede Kamer en andere politieke gebeurtenissen.</desc><category></category></programme><programme channel="103" start="20221231010000 +0000" stop="20221231030000 +0000" catchup-id="900953667"><title>Haagse politiek</title><date></date><icon src="https://images.tv.kpn.com/epg/8mP3F2F79AlClT1ZB1upDncdjrnwB1DVleC1p79BKLAmk/1920x1080.jpg?blurred=false"></icon><desc>Themazender van de NPO. De zender belicht dagelijks ontwikkelingen in de landelijke politiek inclusief liveverslag van debatten in de Tweede Kamer en andere politieke gebeurtenissen.</desc><category></category></programme><programme channel="103" start="20221231030000 +0000" stop="20221231050000 +0000" catchup-id="900953670"><title>Haagse politiek</title><date></date><icon src="https://images.tv.kpn.com/epg/8mP3F2F79AlClT1ZB1upDncdjrnwB1DVleC1p79BKLAmk/1920x1080.jpg?blurred=false"></icon><desc>Themazender van de NPO. De zender belicht dagelijks ontwikkelingen in de landelijke politiek inclusief liveverslag van debatten in de Tweede Kamer en andere politieke gebeurtenissen.</desc><category></category></programme><programme channel="103" start="20221231050000 +0000" stop="20221231070000 +0000" catchup-id="900953673"><title>Haagse politiek</title><date></date><icon src="https://images.tv.kpn.com/epg/8mP3F2F79AlClT1ZB1upDncdjrnwB1DVleC1p79BKLAmk/1920x1080.jpg?blurred=false"></icon><desc>Themazender van de NPO. De zender belicht dagelijks ontwikkelingen in de landelijke politiek inclusief liveverslag van debatten in de Tweede Kamer en andere politieke gebeurtenissen.</desc><category></category></programme><programme channel="103" start="20221231070000 +0000" stop="20221231090000 +0000" catchup-id="900953676"><title>Haagse politiek</title><date></date><icon src="https://images.tv.kpn.com/epg/8mP3F2F79AlClT1ZB1upDncdjrnwB1DVleC1p79BKLAmk/1920x1080.jpg?blurred=false"></icon><desc>Themazender van de NPO. De zender belicht dagelijks ontwikkelingen in de landelijke politiek inclusief liveverslag van debatten in de Tweede Kamer en andere politieke gebeurtenissen.</desc><category></category></programme><programme channel="103" start="20221231090000 +0000" stop="20221231110000 +0000" catchup-id="900953682"><title>Haagse politiek</title><date></date><icon src="https://images.tv.kpn.com/epg/8mP3F2F79AlClT1ZB1upDncdjrnwB1DVleC1p79BKLAmk/1920x1080.jpg?blurred=false"></icon><desc>Themazender van de NPO. De zender belicht dagelijks ontwikkelingen in de landelijke politiek inclusief liveverslag van debatten in de Tweede Kamer en andere politieke gebeurtenissen.</desc><category></category></programme><programme channel="103" start="20221231110000 +0000" stop="20221231130000 +0000" catchup-id="900953685"><title>Haagse politiek</title><date></date><icon src="https://images.tv.kpn.com/epg/8mP3F2F79AlClT1ZB1upDncdjrnwB1DVleC1p79BKLAmk/1920x1080.jpg?blurred=false"></icon><desc>Themazender van de NPO. De zender belicht dagelijks ontwikkelingen in de landelijke politiek inclusief liveverslag van debatten in de Tweede Kamer en andere politieke gebeurtenissen.</desc><category></category></programme><programme channel="103" start="20221231130000 +0000" stop="20221231150000 +0000" catchup-id="900953691"><title>Haagse politiek</title><date></date><icon src="https://images.tv.kpn.com/epg/8mP3F2F79AlClT1ZB1upDncdjrnwB1DVleC1p79BKLAmk/1920x1080.jpg?blurred=false"></icon><desc>Themazender van de NPO. De zender belicht dagelijks ontwikkelingen in de landelijke politiek inclusief liveverslag van debatten in de Tweede Kamer en andere politieke gebeurtenissen.</desc><category></category></programme><programme channel="103" start="20221231150000 +0000" stop="20221231170000 +0000" catchup-id="900953697"><title>Haagse politiek</title><date></date><icon src="https://images.tv.kpn.com/epg/8mP3F2F79AlClT1ZB1upDncdjrnwB1DVleC1p79BKLAmk/1920x1080.jpg?blurred=false"></icon><desc>Themazender van de NPO. De zender belicht dagelijks ontwikkelingen in de landelijke politiek inclusief liveverslag van debatten in de Tweede Kamer en andere politieke gebeurtenissen.</desc><category></category></programme><programme channel="103" start="20221231170000 +0000" stop="20221231180000 +0000" catchup-id="900953703"><title>Haagse politiek</title><date></date><icon src="https://images.tv.kpn.com/epg/8mP3F2F79AlClT1ZB1upDncdjrnwB1DVleC1p79BKLAmk/1920x1080.jpg?blurred=false"></icon><desc>Themazender van de NPO. De zender belicht dagelijks ontwikkelingen in de landelijke politiek inclusief liveverslag van debatten in de Tweede Kamer en andere politieke gebeurtenissen.</desc><category></category></programme><programme channel="103" start="20221231180000 +0000" stop="20221231190000 +0000" catchup-id="900953709"><title>NOS Jeugdjournaal met gebarentaal</title><date></date><icon src="https://images.tv.kpn.com/epg/ujqBG9Bb3H3Bc31RJF5ujN9CDfYXNHgudHusxETXD781U/1920x1080.jpg?blurred=false"></icon><desc>Het laatste nieuws uit binnen- en buitenland en het weer, speciaal voor de jonge kijkers met gebarentaal.</desc><category></category></programme><programme channel="103" start="20221231190000 +0000" stop="20221231193000 +0000" catchup-id="900953715"><title>NOS Journaal met gebarentaal</title><date></date><icon src="https://images.tv.kpn.com/epg/VGjS9Abs9B9CseCkLk7li9BlI0bMWyJ5uok2RKAyN9CB9BS5I/1920x1080.jpg?blurred=false"></icon><desc>Het laatste nieuws uit binnen- en buitenland en het weer. Met gebarentaal.</desc><category></category></programme><programme channel="103" start="20221231193000 +0000" stop="20221231210000 +0000" catchup-id="900953721"><title>Haagse politiek</title><date></date><icon src="https://images.tv.kpn.com/epg/8mP3F2F79AlClT1ZB1upDncdjrnwB1DVleC1p79BKLAmk/1920x1080.jpg?blurred=false"></icon><desc>Themazender van de NPO. De zender belicht dagelijks ontwikkelingen in de landelijke politiek inclusief liveverslag van debatten in de Tweede Kamer en andere politieke gebeurtenissen.</desc><category></category></programme><programme channel="103" start="20221231210000 +0000" stop="20221231230000 +0000" catchup-id="900953724"><title>Haagse politiek</title><date></date><icon src="https://images.tv.kpn.com/epg/8mP3F2F79AlClT1ZB1upDncdjrnwB1DVleC1p79BKLAmk/1920x1080.jpg?blurred=false"></icon><desc>Themazender van de NPO. De zender belicht dagelijks ontwikkelingen in de landelijke politiek inclusief liveverslag van debatten in de Tweede Kamer en andere politieke gebeurtenissen.</desc><category></category></programme><programme channel="103" start="20221231230000 +0000" stop="20230101010000 +0000" catchup-id="900995379"><title>Haagse politiek</title><date></date><icon src="https://images.tv.kpn.com/epg/8mP3F2F79AlClT1ZB1upDncdjrnwB1DVleC1p79BKLAmk/1920x1080.jpg?blurred=false"></icon><desc>Themazender van de NPO. De zender belicht dagelijks ontwikkelingen in de landelijke politiek inclusief liveverslag van debatten in de Tweede Kamer en andere politieke gebeurtenissen.</desc><category></category></programme><programme channel="103" start="20230101010000 +0000" stop="20230101030000 +0000" catchup-id="900995382"><title>Haagse politiek</title><date></date><icon src="https://images.tv.kpn.com/epg/8mP3F2F79AlClT1ZB1upDncdjrnwB1DVleC1p79BKLAmk/1920x1080.jpg?blurred=false"></icon><desc>Themazender van de NPO. De zender belicht dagelijks ontwikkelingen in de landelijke politiek inclusief liveverslag van debatten in de Tweede Kamer en andere politieke gebeurtenissen.</desc><category></category></programme><programme channel="103" start="20230101030000 +0000" stop="20230101050000 +0000" catchup-id="900995385"><title>Haagse politiek</title><date></date><icon src="https://images.tv.kpn.com/epg/8mP3F2F79AlClT1ZB1upDncdjrnwB1DVleC1p79BKLAmk/1920x1080.jpg?blurred=false"></icon><desc>Themazender van de NPO. De zender belicht dagelijks ontwikkelingen in de landelijke politiek inclusief liveverslag van debatten in de Tweede Kamer en andere politieke gebeurtenissen.</desc><category></category></programme><programme channel="103" start="20230101050000 +0000" stop="20230101070000 +0000" catchup-id="900995388"><title>Haagse politiek</title><date></date><icon src="https://images.tv.kpn.com/epg/8mP3F2F79AlClT1ZB1upDncdjrnwB1DVleC1p79BKLAmk/1920x1080.jpg?blurred=false"></icon><desc>Themazender van de NPO. De zender belicht dagelijks ontwikkelingen in de landelijke politiek inclusief liveverslag van debatten in de Tweede Kamer en andere politieke gebeurtenissen.</desc><category></category></programme><programme channel="103" start="20230101070000 +0000" stop="20230101090000 +0000" catchup-id="900995391"><title>Haagse politiek</title><date></date><icon src="https://images.tv.kpn.com/epg/8mP3F2F79AlClT1ZB1upDncdjrnwB1DVleC1p79BKLAmk/1920x1080.jpg?blurred=false"></icon><desc>Themazender van de NPO. De zender belicht dagelijks ontwikkelingen in de landelijke politiek inclusief liveverslag van debatten in de Tweede Kamer en andere politieke gebeurtenissen.</desc><category></category></programme><programme channel="103" start="20230101090000 +0000" stop="20230101110000 +0000" catchup-id="900995394"><title>Haagse politiek</title><date></date><icon src="https://images.tv.kpn.com/epg/8mP3F2F79AlClT1ZB1upDncdjrnwB1DVleC1p79BKLAmk/1920x1080.jpg?blurred=false"></icon><desc>Themazender van de NPO. De zender belicht dagelijks ontwikkelingen in de landelijke politiek inclusief liveverslag van debatten in de Tweede Kamer en andere politieke gebeurtenissen.</desc><category></category></programme><programme channel="103" start="20230101110000 +0000" stop="20230101130000 +0000" catchup-id="900995397"><title>Haagse politiek</title><date></date><icon src="https://images.tv.kpn.com/epg/8mP3F2F79AlClT1ZB1upDncdjrnwB1DVleC1p79BKLAmk/1920x1080.jpg?blurred=false"></icon><desc>Themazender van de NPO. De zender belicht dagelijks ontwikkelingen in de landelijke politiek inclusief liveverslag van debatten in de Tweede Kamer en andere politieke gebeurtenissen.</desc><category></category></programme><programme channel="103" start="20230101130000 +0000" stop="20230101150000 +0000" catchup-id="900995400"><title>Haagse politiek</title><date></date><icon src="https://images.tv.kpn.com/epg/8mP3F2F79AlClT1ZB1upDncdjrnwB1DVleC1p79BKLAmk/1920x1080.jpg?blurred=false"></icon><desc>Themazender van de NPO. De zender belicht dagelijks ontwikkelingen in de landelijke politiek inclusief liveverslag van debatten in de Tweede Kamer en andere politieke gebeurtenissen.</desc><category></category></programme><programme channel="103" start="20230101150000 +0000" stop="20230101170000 +0000" catchup-id="900995403"><title>Haagse politiek</title><date></date><icon src="https://images.tv.kpn.com/epg/8mP3F2F79AlClT1ZB1upDncdjrnwB1DVleC1p79BKLAmk/1920x1080.jpg?blurred=false"></icon><desc>Themazender van de NPO. De zender belicht dagelijks ontwikkelingen in de landelijke politiek inclusief liveverslag van debatten in de Tweede Kamer en andere politieke gebeurtenissen.</desc><category></category></programme><programme channel="103" start="20230101170000 +0000" stop="20230101180000 +0000" catchup-id="900995406"><title>Haagse politiek</title><date></date><icon src="https://images.tv.kpn.com/epg/8mP3F2F79AlClT1ZB1upDncdjrnwB1DVleC1p79BKLAmk/1920x1080.jpg?blurred=false"></icon><desc>Themazender van de NPO. De zender belicht dagelijks ontwikkelingen in de landelijke politiek inclusief liveverslag van debatten in de Tweede Kamer en andere politieke gebeurtenissen.</desc><category></category></programme><programme channel="103" start="20230101180000 +0000" stop="20230101190000 +0000" catchup-id="900995409"><title>Haagse politiek</title><date></date><icon src="https://images.tv.kpn.com/epg/8mP3F2F79AlClT1ZB1upDncdjrnwB1DVleC1p79BKLAmk/1920x1080.jpg?blurred=false"></icon><desc>Themazender van de NPO. De zender belicht dagelijks ontwikkelingen in de landelijke politiek inclusief liveverslag van debatten in de Tweede Kamer en andere politieke gebeurtenissen.</desc><category></category></programme><programme channel="103" start="20230101190000 +0000" stop="20230101210000 +0000" catchup-id="900995412"><title>Haagse politiek</title><date></date><icon src="https://images.tv.kpn.com/epg/8mP3F2F79AlClT1ZB1upDncdjrnwB1DVleC1p79BKLAmk/1920x1080.jpg?blurred=false"></icon><desc>Themazender van de NPO. De zender belicht dagelijks ontwikkelingen in de landelijke politiek inclusief liveverslag van debatten in de Tweede Kamer en andere politieke gebeurtenissen.</desc><category></category></programme><programme channel="103" start="20230101210000 +0000" stop="20230101230000 +0000" catchup-id="900995415"><title>Haagse politiek</title><date></date><icon src="https://images.tv.kpn.com/epg/8mP3F2F79AlClT1ZB1upDncdjrnwB1DVleC1p79BKLAmk/1920x1080.jpg?blurred=false"></icon><desc>Themazender van de NPO. De zender belicht dagelijks ontwikkelingen in de landelijke politiek inclusief liveverslag van debatten in de Tweede Kamer en andere politieke gebeurtenissen.</desc><category></category></programme><programme channel="103" start="20230101230000 +0000" stop="20230102010000 +0000" catchup-id="901035705"><title>Haagse politiek</title><date></date><icon src="https://images.tv.kpn.com/epg/8mP3F2F79AlClT1ZB1upDncdjrnwB1DVleC1p79BKLAmk/1920x1080.jpg?blurred=false"></icon><desc>Themazender van de NPO. De zender belicht dagelijks ontwikkelingen in de landelijke politiek inclusief liveverslag van debatten in de Tweede Kamer en andere politieke gebeurtenissen.</desc><category></category></programme><programme channel="103" start="20230102010000 +0000" stop="20230102030000 +0000" catchup-id="901035708"><title>Haagse politiek</title><date></date><icon src="https://images.tv.kpn.com/epg/8mP3F2F79AlClT1ZB1upDncdjrnwB1DVleC1p79BKLAmk/1920x1080.jpg?blurred=false"></icon><desc>Themazender van de NPO. De zender belicht dagelijks ontwikkelingen in de landelijke politiek inclusief liveverslag van debatten in de Tweede Kamer en andere politieke gebeurtenissen.</desc><category></category></programme><programme channel="103" start="20230102030000 +0000" stop="20230102050000 +0000" catchup-id="901035711"><title>Haagse politiek</title><date></date><icon src="https://images.tv.kpn.com/epg/8mP3F2F79AlClT1ZB1upDncdjrnwB1DVleC1p79BKLAmk/1920x1080.jpg?blurred=false"></icon><desc>Themazender van de NPO. De zender belicht dagelijks ontwikkelingen in de landelijke politiek inclusief liveverslag van debatten in de Tweede Kamer en andere politieke gebeurtenissen.</desc><category></category></programme><programme channel="103" start="20230102050000 +0000" stop="20230102070000 +0000" catchup-id="901035714"><title>Haagse politiek</title><date></date><icon src="https://images.tv.kpn.com/epg/8mP3F2F79AlClT1ZB1upDncdjrnwB1DVleC1p79BKLAmk/1920x1080.jpg?blurred=false"></icon><desc>Themazender van de NPO. De zender belicht dagelijks ontwikkelingen in de landelijke politiek inclusief liveverslag van debatten in de Tweede Kamer en andere politieke gebeurtenissen.</desc><category></category></programme><programme channel="103" start="20230102070000 +0000" stop="20230102090000 +0000" catchup-id="901035717"><title>Haagse politiek</title><date></date><icon src="https://images.tv.kpn.com/epg/8mP3F2F79AlClT1ZB1upDncdjrnwB1DVleC1p79BKLAmk/1920x1080.jpg?blurred=false"></icon><desc>Themazender van de NPO. De zender belicht dagelijks ontwikkelingen in de landelijke politiek inclusief liveverslag van debatten in de Tweede Kamer en andere politieke gebeurtenissen.</desc><category></category></programme><programme channel="103" start="20230102090000 +0000" stop="20230102110000 +0000" catchup-id="901035720"><title>Haagse politiek</title><date></date><icon src="https://images.tv.kpn.com/epg/8mP3F2F79AlClT1ZB1upDncdjrnwB1DVleC1p79BKLAmk/1920x1080.jpg?blurred=false"></icon><desc>Themazender van de NPO. De zender belicht dagelijks ontwikkelingen in de landelijke politiek inclusief liveverslag van debatten in de Tweede Kamer en andere politieke gebeurtenissen.</desc><category></category></programme><programme channel="103" start="20230102110000 +0000" stop="20230102130000 +0000" catchup-id="901035723"><title>Haagse politiek</title><date></date><icon src="https://images.tv.kpn.com/epg/8mP3F2F79AlClT1ZB1upDncdjrnwB1DVleC1p79BKLAmk/1920x1080.jpg?blurred=false"></icon><desc>Themazender van de NPO. De zender belicht dagelijks ontwikkelingen in de landelijke politiek inclusief liveverslag van debatten in de Tweede Kamer en andere politieke gebeurtenissen.</desc><category></category></programme><programme channel="103" start="20230102130000 +0000" stop="20230102150000 +0000" catchup-id="901035726"><title>Haagse politiek</title><date></date><icon src="https://images.tv.kpn.com/epg/8mP3F2F79AlClT1ZB1upDncdjrnwB1DVleC1p79BKLAmk/1920x1080.jpg?blurred=false"></icon><desc>Themazender van de NPO. De zender belicht dagelijks ontwikkelingen in de landelijke politiek inclusief liveverslag van debatten in de Tweede Kamer en andere politieke gebeurtenissen.</desc><category></category></programme><programme channel="103" start="20230102150000 +0000" stop="20230102170000 +0000" catchup-id="901035729"><title>Haagse politiek</title><date></date><icon src="https://images.tv.kpn.com/epg/8mP3F2F79AlClT1ZB1upDncdjrnwB1DVleC1p79BKLAmk/1920x1080.jpg?blurred=false"></icon><desc>Themazender van de NPO. De zender belicht dagelijks ontwikkelingen in de landelijke politiek inclusief liveverslag van debatten in de Tweede Kamer en andere politieke gebeurtenissen.</desc><category></category></programme><programme channel="103" start="20230102170000 +0000" stop="20230102180000 +0000" catchup-id="901035732"><title>Haagse politiek</title><date></date><icon src="https://images.tv.kpn.com/epg/8mP3F2F79AlClT1ZB1upDncdjrnwB1DVleC1p79BKLAmk/1920x1080.jpg?blurred=false"></icon><desc>Themazender van de NPO. De zender belicht dagelijks ontwikkelingen in de landelijke politiek inclusief liveverslag van debatten in de Tweede Kamer en andere politieke gebeurtenissen.</desc><category></category></programme><programme channel="103" start="20230102180000 +0000" stop="20230102190000 +0000" catchup-id="901035735"><title>Haagse politiek</title><date></date><icon src="https://images.tv.kpn.com/epg/8mP3F2F79AlClT1ZB1upDncdjrnwB1DVleC1p79BKLAmk/1920x1080.jpg?blurred=false"></icon><desc>Themazender van de NPO. De zender belicht dagelijks ontwikkelingen in de landelijke politiek inclusief liveverslag van debatten in de Tweede Kamer en andere politieke gebeurtenissen.</desc><category></category></programme><programme channel="103" start="20230102190000 +0000" stop="20230102210000 +0000" catchup-id="901035741"><title>Haagse politiek</title><date></date><icon src="https://images.tv.kpn.com/epg/8mP3F2F79AlClT1ZB1upDncdjrnwB1DVleC1p79BKLAmk/1920x1080.jpg?blurred=false"></icon><desc>Themazender van de NPO. De zender belicht dagelijks ontwikkelingen in de landelijke politiek inclusief liveverslag van debatten in de Tweede Kamer en andere politieke gebeurtenissen.</desc><category></category></programme><programme channel="103" start="20230102210000 +0000" stop="20230102230000 +0000" catchup-id="901035747"><title>Haagse politiek</title><date></date><icon src="https://images.tv.kpn.com/epg/8mP3F2F79AlClT1ZB1upDncdjrnwB1DVleC1p79BKLAmk/1920x1080.jpg?blurred=false"></icon><desc>Themazender van de NPO. De zender belicht dagelijks ontwikkelingen in de landelijke politiek inclusief liveverslag van debatten in de Tweede Kamer en andere politieke gebeurtenissen.</desc><category></category></programme><programme channel="103" start="20230102230000 +0000" stop="20230103010000 +0000" catchup-id="901076940"><title>Haagse politiek</title><date></date><icon src="https://images.tv.kpn.com/epg/8mP3F2F79AlClT1ZB1upDncdjrnwB1DVleC1p79BKLAmk/1920x1080.jpg?blurred=false"></icon><desc>Themazender van de NPO. De zender belicht dagelijks ontwikkelingen in de landelijke politiek inclusief liveverslag van debatten in de Tweede Kamer en andere politieke gebeurtenissen.</desc><category></category></programme><programme channel="103" start="20230103010000 +0000" stop="20230103030000 +0000" catchup-id="901076943"><title>Haagse politiek</title><date></date><icon src="https://images.tv.kpn.com/epg/8mP3F2F79AlClT1ZB1upDncdjrnwB1DVleC1p79BKLAmk/1920x1080.jpg?blurred=false"></icon><desc>Themazender van de NPO. De zender belicht dagelijks ontwikkelingen in de landelijke politiek inclusief liveverslag van debatten in de Tweede Kamer en andere politieke gebeurtenissen.</desc><category></category></programme><programme channel="103" start="20230103030000 +0000" stop="20230103050000 +0000" catchup-id="901076946"><title>Haagse politiek</title><date></date><icon src="https://images.tv.kpn.com/epg/8mP3F2F79AlClT1ZB1upDncdjrnwB1DVleC1p79BKLAmk/1920x1080.jpg?blurred=false"></icon><desc>Themazender van de NPO. De zender belicht dagelijks ontwikkelingen in de landelijke politiek inclusief liveverslag van debatten in de Tweede Kamer en andere politieke gebeurtenissen.</desc><category></category></programme><programme channel="103" start="20230103050000 +0000" stop="20230103070000 +0000" catchup-id="901076949"><title>Haagse politiek</title><date></date><icon src="https://images.tv.kpn.com/epg/8mP3F2F79AlClT1ZB1upDncdjrnwB1DVleC1p79BKLAmk/1920x1080.jpg?blurred=false"></icon><desc>Themazender van de NPO. De zender belicht dagelijks ontwikkelingen in de landelijke politiek inclusief liveverslag van debatten in de Tweede Kamer en andere politieke gebeurtenissen.</desc><category></category></programme><programme channel="103" start="20230103070000 +0000" stop="20230103090000 +0000" catchup-id="901076952"><title>Haagse politiek</title><date></date><icon src="https://images.tv.kpn.com/epg/8mP3F2F79AlClT1ZB1upDncdjrnwB1DVleC1p79BKLAmk/1920x1080.jpg?blurred=false"></icon><desc>Themazender van de NPO. De zender belicht dagelijks ontwikkelingen in de landelijke politiek inclusief liveverslag van debatten in de Tweede Kamer en andere politieke gebeurtenissen.</desc><category></category></programme><programme channel="103" start="20230103090000 +0000" stop="20230103110000 +0000" catchup-id="901076955"><title>Haagse politiek</title><date></date><icon src="https://images.tv.kpn.com/epg/8mP3F2F79AlClT1ZB1upDncdjrnwB1DVleC1p79BKLAmk/1920x1080.jpg?blurred=false"></icon><desc>Themazender van de NPO. De zender belicht dagelijks ontwikkelingen in de landelijke politiek inclusief liveverslag van debatten in de Tweede Kamer en andere politieke gebeurtenissen.</desc><category></category></programme><programme channel="103" start="20230103110000 +0000" stop="20230103130000 +0000" catchup-id="901076958"><title>Haagse politiek</title><date></date><icon src="https://images.tv.kpn.com/epg/8mP3F2F79AlClT1ZB1upDncdjrnwB1DVleC1p79BKLAmk/1920x1080.jpg?blurred=false"></icon><desc>Themazender van de NPO. De zender belicht dagelijks ontwikkelingen in de landelijke politiek inclusief liveverslag van debatten in de Tweede Kamer en andere politieke gebeurtenissen.</desc><category></category></programme><programme channel="103" start="20230103130000 +0000" stop="20230103150000 +0000" catchup-id="901076961"><title>Haagse politiek</title><date></date><icon src="https://images.tv.kpn.com/epg/8mP3F2F79AlClT1ZB1upDncdjrnwB1DVleC1p79BKLAmk/1920x1080.jpg?blurred=false"></icon><desc>Themazender van de NPO. De zender belicht dagelijks ontwikkelingen in de landelijke politiek inclusief liveverslag van debatten in de Tweede Kamer en andere politieke gebeurtenissen.</desc><category></category></programme><programme channel="103" start="20230103150000 +0000" stop="20230103170000 +0000" catchup-id="901076964"><title>Haagse politiek</title><date></date><icon src="https://images.tv.kpn.com/epg/8mP3F2F79AlClT1ZB1upDncdjrnwB1DVleC1p79BKLAmk/1920x1080.jpg?blurred=false"></icon><desc>Themazender van de NPO. De zender belicht dagelijks ontwikkelingen in de landelijke politiek inclusief liveverslag van debatten in de Tweede Kamer en andere politieke gebeurtenissen.</desc><category></category></programme><programme channel="103" start="20230103170000 +0000" stop="20230103180000 +0000" catchup-id="901076967"><title>Haagse politiek</title><date></date><icon src="https://images.tv.kpn.com/epg/8mP3F2F79AlClT1ZB1upDncdjrnwB1DVleC1p79BKLAmk/1920x1080.jpg?blurred=false"></icon><desc>Themazender van de NPO. De zender belicht dagelijks ontwikkelingen in de landelijke politiek inclusief liveverslag van debatten in de Tweede Kamer en andere politieke gebeurtenissen.</desc><category></category></programme><programme channel="103" start="20230103180000 +0000" stop="20230103190000 +0000" catchup-id="901076970"><title>Haagse politiek</title><date></date><icon src="https://images.tv.kpn.com/epg/8mP3F2F79AlClT1ZB1upDncdjrnwB1DVleC1p79BKLAmk/1920x1080.jpg?blurred=false"></icon><desc>Themazender van de NPO. De zender belicht dagelijks ontwikkelingen in de landelijke politiek inclusief liveverslag van debatten in de Tweede Kamer en andere politieke gebeurtenissen.</desc><category></category></programme><programme channel="103" start="20230103190000 +0000" stop="20230103210000 +0000" catchup-id="901076973"><title>Haagse politiek</title><date></date><icon src="https://images.tv.kpn.com/epg/8mP3F2F79AlClT1ZB1upDncdjrnwB1DVleC1p79BKLAmk/1920x1080.jpg?blurred=false"></icon><desc>Themazender van de NPO. De zender belicht dagelijks ontwikkelingen in de landelijke politiek inclusief liveverslag van debatten in de Tweede Kamer en andere politieke gebeurtenissen.</desc><category></category></programme><programme channel="103" start="20230103210000 +0000" stop="20230103230000 +0000" catchup-id="901076976"><title>Haagse politiek</title><date></date><icon src="https://images.tv.kpn.com/epg/8mP3F2F79AlClT1ZB1upDncdjrnwB1DVleC1p79BKLAmk/1920x1080.jpg?blurred=false"></icon><desc>Themazender van de NPO. De zender belicht dagelijks ontwikkelingen in de landelijke politiek inclusief liveverslag van debatten in de Tweede Kamer en andere politieke gebeurtenissen.</desc><category></category></programme><programme channel="103" start="20230103230000 +0000" stop="20230104010000 +0000" catchup-id="901122438"><title>Haagse politiek</title><date></date><icon src="https://images.tv.kpn.com/epg/8mP3F2F79AlClT1ZB1upDncdjrnwB1DVleC1p79BKLAmk/1920x1080.jpg?blurred=false"></icon><desc>Themazender van de NPO. De zender belicht dagelijks ontwikkelingen in de landelijke politiek inclusief liveverslag van debatten in de Tweede Kamer en andere politieke gebeurtenissen.</desc><category></category></programme><programme channel="103" start="20230104010000 +0000" stop="20230104030000 +0000" catchup-id="901122441"><title>Haagse politiek</title><date></date><icon src="https://images.tv.kpn.com/epg/8mP3F2F79AlClT1ZB1upDncdjrnwB1DVleC1p79BKLAmk/1920x1080.jpg?blurred=false"></icon><desc>Themazender van de NPO. De zender belicht dagelijks ontwikkelingen in de landelijke politiek inclusief liveverslag van debatten in de Tweede Kamer en andere politieke gebeurtenissen.</desc><category></category></programme><programme channel="103" start="20230104030000 +0000" stop="20230104050000 +0000" catchup-id="901122444"><title>Haagse politiek</title><date></date><icon src="https://images.tv.kpn.com/epg/8mP3F2F79AlClT1ZB1upDncdjrnwB1DVleC1p79BKLAmk/1920x1080.jpg?blurred=false"></icon><desc>Themazender van de NPO. De zender belicht dagelijks ontwikkelingen in de landelijke politiek inclusief liveverslag van debatten in de Tweede Kamer en andere politieke gebeurtenissen.</desc><category></category></programme><programme channel="103" start="20230104050000 +0000" stop="20230104070000 +0000" catchup-id="901122447"><title>Haagse politiek</title><date></date><icon src="https://images.tv.kpn.com/epg/8mP3F2F79AlClT1ZB1upDncdjrnwB1DVleC1p79BKLAmk/1920x1080.jpg?blurred=false"></icon><desc>Themazender van de NPO. De zender belicht dagelijks ontwikkelingen in de landelijke politiek inclusief liveverslag van debatten in de Tweede Kamer en andere politieke gebeurtenissen.</desc><category></category></programme><programme channel="103" start="20230104070000 +0000" stop="20230104090000 +0000" catchup-id="901122450"><title>Haagse politiek</title><date></date><icon src="https://images.tv.kpn.com/epg/8mP3F2F79AlClT1ZB1upDncdjrnwB1DVleC1p79BKLAmk/1920x1080.jpg?blurred=false"></icon><desc>Themazender van de NPO. De zender belicht dagelijks ontwikkelingen in de landelijke politiek inclusief liveverslag van debatten in de Tweede Kamer en andere politieke gebeurtenissen.</desc><category></category></programme><programme channel="103" start="20230104090000 +0000" stop="20230104110000 +0000" catchup-id="901122453"><title>Haagse politiek</title><date></date><icon src="https://images.tv.kpn.com/epg/8mP3F2F79AlClT1ZB1upDncdjrnwB1DVleC1p79BKLAmk/1920x1080.jpg?blurred=false"></icon><desc>Themazender van de NPO. De zender belicht dagelijks ontwikkelingen in de landelijke politiek inclusief liveverslag van debatten in de Tweede Kamer en andere politieke gebeurtenissen.</desc><category></category></programme><programme channel="103" start="20230104110000 +0000" stop="20230104130000 +0000" catchup-id="901122456"><title>Haagse politiek</title><date></date><icon src="https://images.tv.kpn.com/epg/8mP3F2F79AlClT1ZB1upDncdjrnwB1DVleC1p79BKLAmk/1920x1080.jpg?blurred=false"></icon><desc>Themazender van de NPO. De zender belicht dagelijks ontwikkelingen in de landelijke politiek inclusief liveverslag van debatten in de Tweede Kamer en andere politieke gebeurtenissen.</desc><category></category></programme><programme channel="103" start="20230104130000 +0000" stop="20230104150000 +0000" catchup-id="901122459"><title>Haagse politiek</title><date></date><icon src="https://images.tv.kpn.com/epg/8mP3F2F79AlClT1ZB1upDncdjrnwB1DVleC1p79BKLAmk/1920x1080.jpg?blurred=false"></icon><desc>Themazender van de NPO. De zender belicht dagelijks ontwikkelingen in de landelijke politiek inclusief liveverslag van debatten in de Tweede Kamer en andere politieke gebeurtenissen.</desc><category></category></programme><programme channel="103" start="20230104150000 +0000" stop="20230104170000 +0000" catchup-id="901122462"><title>Haagse politiek</title><date></date><icon src="https://images.tv.kpn.com/epg/8mP3F2F79AlClT1ZB1upDncdjrnwB1DVleC1p79BKLAmk/1920x1080.jpg?blurred=false"></icon><desc>Themazender van de NPO. De zender belicht dagelijks ontwikkelingen in de landelijke politiek inclusief liveverslag van debatten in de Tweede Kamer en andere politieke gebeurtenissen.</desc><category></category></programme><programme channel="103" start="20230104170000 +0000" stop="20230104180000 +0000" catchup-id="901122465"><title>Haagse politiek</title><date></date><icon src="https://images.tv.kpn.com/epg/8mP3F2F79AlClT1ZB1upDncdjrnwB1DVleC1p79BKLAmk/1920x1080.jpg?blurred=false"></icon><desc>Themazender van de NPO. De zender belicht dagelijks ontwikkelingen in de landelijke politiek inclusief liveverslag van debatten in de Tweede Kamer en andere politieke gebeurtenissen.</desc><category></category></programme><programme channel="103" start="20230104180000 +0000" stop="20230104190000 +0000" catchup-id="901122468"><title>Haagse politiek</title><date></date><icon src="https://images.tv.kpn.com/epg/8mP3F2F79AlClT1ZB1upDncdjrnwB1DVleC1p79BKLAmk/1920x1080.jpg?blurred=false"></icon><desc>Themazender van de NPO. De zender belicht dagelijks ontwikkelingen in de landelijke politiek inclusief liveverslag van debatten in de Tweede Kamer en andere politieke gebeurtenissen.</desc><category></category></programme><programme channel="103" start="20230104190000 +0000" stop="20230104210000 +0000" catchup-id="901122471"><title>Haagse politiek</title><date></date><icon src="https://images.tv.kpn.com/epg/8mP3F2F79AlClT1ZB1upDncdjrnwB1DVleC1p79BKLAmk/1920x1080.jpg?blurred=false"></icon><desc>Themazender van de NPO. De zender belicht dagelijks ontwikkelingen in de landelijke politiek inclusief liveverslag van debatten in de Tweede Kamer en andere politieke gebeurtenissen.</desc><category></category></programme><programme channel="103" start="20230104210000 +0000" stop="20230104230000 +0000" catchup-id="901122474"><title>Haagse politiek</title><date></date><icon src="https://images.tv.kpn.com/epg/8mP3F2F79AlClT1ZB1upDncdjrnwB1DVleC1p79BKLAmk/1920x1080.jpg?blurred=false"></icon><desc>Themazender van de NPO. De zender belicht dagelijks ontwikkelingen in de landelijke politiek inclusief liveverslag van debatten in de Tweede Kamer en andere politieke gebeurtenissen.</desc><category></category></programme><programme channel="103" start="20230104230000 +0000" stop="20230105010000 +0000" catchup-id="901167177"><title>Haagse politiek</title><date></date><icon src="https://images.tv.kpn.com/epg/8mP3F2F79AlClT1ZB1upDncdjrnwB1DVleC1p79BKLAmk/1920x1080.jpg?blurred=false"></icon><desc>Themazender van de NPO. De zender belicht dagelijks ontwikkelingen in de landelijke politiek inclusief liveverslag van debatten in de Tweede Kamer en andere politieke gebeurtenissen.</desc><category></category></programme><programme channel="103" start="20230105010000 +0000" stop="20230105030000 +0000" catchup-id="901167180"><title>Haagse politiek</title><date></date><icon src="https://images.tv.kpn.com/epg/8mP3F2F79AlClT1ZB1upDncdjrnwB1DVleC1p79BKLAmk/1920x1080.jpg?blurred=false"></icon><desc>Themazender van de NPO. De zender belicht dagelijks ontwikkelingen in de landelijke politiek inclusief liveverslag van debatten in de Tweede Kamer en andere politieke gebeurtenissen.</desc><category></category></programme><programme channel="103" start="20230105030000 +0000" stop="20230105050000 +0000" catchup-id="901167183"><title>Haagse politiek</title><date></date><icon src="https://images.tv.kpn.com/epg/8mP3F2F79AlClT1ZB1upDncdjrnwB1DVleC1p79BKLAmk/1920x1080.jpg?blurred=false"></icon><desc>Themazender van de NPO. De zender belicht dagelijks ontwikkelingen in de landelijke politiek inclusief liveverslag van debatten in de Tweede Kamer en andere politieke gebeurtenissen.</desc><category></category></programme><programme channel="103" start="20230105050000 +0000" stop="20230105070000 +0000" catchup-id="901167186"><title>Haagse politiek</title><date></date><icon src="https://images.tv.kpn.com/epg/8mP3F2F79AlClT1ZB1upDncdjrnwB1DVleC1p79BKLAmk/1920x1080.jpg?blurred=false"></icon><desc>Themazender van de NPO. De zender belicht dagelijks ontwikkelingen in de landelijke politiek inclusief liveverslag van debatten in de Tweede Kamer en andere politieke gebeurtenissen.</desc><category></category></programme><programme channel="103" start="20230105070000 +0000" stop="20230105090000 +0000" catchup-id="901167189"><title>Haagse politiek</title><date></date><icon src="https://images.tv.kpn.com/epg/8mP3F2F79AlClT1ZB1upDncdjrnwB1DVleC1p79BKLAmk/1920x1080.jpg?blurred=false"></icon><desc>Themazender van de NPO. De zender belicht dagelijks ontwikkelingen in de landelijke politiek inclusief liveverslag van debatten in de Tweede Kamer en andere politieke gebeurtenissen.</desc><category></category></programme><programme channel="103" start="20230105090000 +0000" stop="20230105110000 +0000" catchup-id="901167192"><title>Haagse politiek</title><date></date><icon src="https://images.tv.kpn.com/epg/8mP3F2F79AlClT1ZB1upDncdjrnwB1DVleC1p79BKLAmk/1920x1080.jpg?blurred=false"></icon><desc>Themazender van de NPO. De zender belicht dagelijks ontwikkelingen in de landelijke politiek inclusief liveverslag van debatten in de Tweede Kamer en andere politieke gebeurtenissen.</desc><category></category></programme><programme channel="103" start="20230105110000 +0000" stop="20230105130000 +0000" catchup-id="901167195"><title>Haagse politiek</title><date></date><icon src="https://images.tv.kpn.com/epg/8mP3F2F79AlClT1ZB1upDncdjrnwB1DVleC1p79BKLAmk/1920x1080.jpg?blurred=false"></icon><desc>Themazender van de NPO. De zender belicht dagelijks ontwikkelingen in de landelijke politiek inclusief liveverslag van debatten in de Tweede Kamer en andere politieke gebeurtenissen.</desc><category></category></programme><programme channel="103" start="20230105130000 +0000" stop="20230105150000 +0000" catchup-id="901167198"><title>Haagse politiek</title><date></date><icon src="https://images.tv.kpn.com/epg/8mP3F2F79AlClT1ZB1upDncdjrnwB1DVleC1p79BKLAmk/1920x1080.jpg?blurred=false"></icon><desc>Themazender van de NPO. De zender belicht dagelijks ontwikkelingen in de landelijke politiek inclusief liveverslag van debatten in de Tweede Kamer en andere politieke gebeurtenissen.</desc><category></category></programme><programme channel="103" start="20230105150000 +0000" stop="20230105170000 +0000" catchup-id="901167201"><title>Haagse politiek</title><date></date><icon src="https://images.tv.kpn.com/epg/8mP3F2F79AlClT1ZB1upDncdjrnwB1DVleC1p79BKLAmk/1920x1080.jpg?blurred=false"></icon><desc>Themazender van de NPO. De zender belicht dagelijks ontwikkelingen in de landelijke politiek inclusief liveverslag van debatten in de Tweede Kamer en andere politieke gebeurtenissen.</desc><category></category></programme><programme channel="103" start="20230105170000 +0000" stop="20230105180000 +0000" catchup-id="901167204"><title>Haagse politiek</title><date></date><icon src="https://images.tv.kpn.com/epg/8mP3F2F79AlClT1ZB1upDncdjrnwB1DVleC1p79BKLAmk/1920x1080.jpg?blurred=false"></icon><desc>Themazender van de NPO. De zender belicht dagelijks ontwikkelingen in de landelijke politiek inclusief liveverslag van debatten in de Tweede Kamer en andere politieke gebeurtenissen.</desc><category></category></programme><programme channel="103" start="20230105180000 +0000" stop="20230105190000 +0000" catchup-id="901167207"><title>Haagse politiek</title><date></date><icon src="https://images.tv.kpn.com/epg/8mP3F2F79AlClT1ZB1upDncdjrnwB1DVleC1p79BKLAmk/1920x1080.jpg?blurred=false"></icon><desc>Themazender van de NPO. De zender belicht dagelijks ontwikkelingen in de landelijke politiek inclusief liveverslag van debatten in de Tweede Kamer en andere politieke gebeurtenissen.</desc><category></category></programme><programme channel="103" start="20230105190000 +0000" stop="20230105210000 +0000" catchup-id="901167210"><title>Haagse politiek</title><date></date><icon src="https://images.tv.kpn.com/epg/8mP3F2F79AlClT1ZB1upDncdjrnwB1DVleC1p79BKLAmk/1920x1080.jpg?blurred=false"></icon><desc>Themazender van de NPO. De zender belicht dagelijks ontwikkelingen in de landelijke politiek inclusief liveverslag van debatten in de Tweede Kamer en andere politieke gebeurtenissen.</desc><category></category></programme><programme channel="103" start="20230105210000 +0000" stop="20230105230000 +0000" catchup-id="901167213"><title>Haagse politiek</title><date></date><icon src="https://images.tv.kpn.com/epg/8mP3F2F79AlClT1ZB1upDncdjrnwB1DVleC1p79BKLAmk/1920x1080.jpg?blurred=false"></icon><desc>Themazender van de NPO. De zender belicht dagelijks ontwikkelingen in de landelijke politiek inclusief liveverslag van debatten in de Tweede Kamer en andere politieke gebeurtenissen.</desc><category></category></programme><programme channel="103" start="20230105230000 +0000" stop="20230106010000 +0000" catchup-id="901214445"><title>Haagse politiek</title><date></date><icon src="https://images.tv.kpn.com/epg/8mP3F2F79AlClT1ZB1upDncdjrnwB1DVleC1p79BKLAmk/1920x1080.jpg?blurred=false"></icon><desc>Themazender van de NPO. De zender belicht dagelijks ontwikkelingen in de landelijke politiek inclusief liveverslag van debatten in de Tweede Kamer en andere politieke gebeurtenissen.</desc><category></category></programme><programme channel="103" start="20230106010000 +0000" stop="20230106030000 +0000" catchup-id="901214448"><title>Haagse politiek</title><date></date><icon src="https://images.tv.kpn.com/epg/8mP3F2F79AlClT1ZB1upDncdjrnwB1DVleC1p79BKLAmk/1920x1080.jpg?blurred=false"></icon><desc>Themazender van de NPO. De zender belicht dagelijks ontwikkelingen in de landelijke politiek inclusief liveverslag van debatten in de Tweede Kamer en andere politieke gebeurtenissen.</desc><category></category></programme><programme channel="103" start="20230106030000 +0000" stop="20230106050000 +0000" catchup-id="901214451"><title>Haagse politiek</title><date></date><icon src="https://images.tv.kpn.com/epg/8mP3F2F79AlClT1ZB1upDncdjrnwB1DVleC1p79BKLAmk/1920x1080.jpg?blurred=false"></icon><desc>Themazender van de NPO. De zender belicht dagelijks ontwikkelingen in de landelijke politiek inclusief liveverslag van debatten in de Tweede Kamer en andere politieke gebeurtenissen.</desc><category></category></programme><programme channel="103" start="20230106050000 +0000" stop="20230106070000 +0000" catchup-id="901214454"><title>Haagse politiek</title><date></date><icon src="https://images.tv.kpn.com/epg/8mP3F2F79AlClT1ZB1upDncdjrnwB1DVleC1p79BKLAmk/1920x1080.jpg?blurred=false"></icon><desc>Themazender van de NPO. De zender belicht dagelijks ontwikkelingen in de landelijke politiek inclusief liveverslag van debatten in de Tweede Kamer en andere politieke gebeurtenissen.</desc><category></category></programme><programme channel="103" start="20230106070000 +0000" stop="20230106090000 +0000" catchup-id="901214457"><title>Haagse politiek</title><date></date><icon src="https://images.tv.kpn.com/epg/8mP3F2F79AlClT1ZB1upDncdjrnwB1DVleC1p79BKLAmk/1920x1080.jpg?blurred=false"></icon><desc>Themazender van de NPO. De zender belicht dagelijks ontwikkelingen in de landelijke politiek inclusief liveverslag van debatten in de Tweede Kamer en andere politieke gebeurtenissen.</desc><category></category></programme><programme channel="103" start="20230106090000 +0000" stop="20230106110000 +0000" catchup-id="901214460"><title>Haagse politiek</title><date></date><icon src="https://images.tv.kpn.com/epg/8mP3F2F79AlClT1ZB1upDncdjrnwB1DVleC1p79BKLAmk/1920x1080.jpg?blurred=false"></icon><desc>Themazender van de NPO. De zender belicht dagelijks ontwikkelingen in de landelijke politiek inclusief liveverslag van debatten in de Tweede Kamer en andere politieke gebeurtenissen.</desc><category></category></programme><programme channel="103" start="20230106110000 +0000" stop="20230106130000 +0000" catchup-id="901214463"><title>Haagse politiek</title><date></date><icon src="https://images.tv.kpn.com/epg/8mP3F2F79AlClT1ZB1upDncdjrnwB1DVleC1p79BKLAmk/1920x1080.jpg?blurred=false"></icon><desc>Themazender van de NPO. De zender belicht dagelijks ontwikkelingen in de landelijke politiek inclusief liveverslag van debatten in de Tweede Kamer en andere politieke gebeurtenissen.</desc><category></category></programme><programme channel="103" start="20230106130000 +0000" stop="20230106150000 +0000" catchup-id="901214466"><title>Haagse politiek</title><date></date><icon src="https://images.tv.kpn.com/epg/8mP3F2F79AlClT1ZB1upDncdjrnwB1DVleC1p79BKLAmk/1920x1080.jpg?blurred=false"></icon><desc>Themazender van de NPO. De zender belicht dagelijks ontwikkelingen in de landelijke politiek inclusief liveverslag van debatten in de Tweede Kamer en andere politieke gebeurtenissen.</desc><category></category></programme><programme channel="103" start="20230106150000 +0000" stop="20230106170000 +0000" catchup-id="901214469"><title>Haagse politiek</title><date></date><icon src="https://images.tv.kpn.com/epg/8mP3F2F79AlClT1ZB1upDncdjrnwB1DVleC1p79BKLAmk/1920x1080.jpg?blurred=false"></icon><desc>Themazender van de NPO. De zender belicht dagelijks ontwikkelingen in de landelijke politiek inclusief liveverslag van debatten in de Tweede Kamer en andere politieke gebeurtenissen.</desc><category></category></programme><programme channel="103" start="20230106170000 +0000" stop="20230106180000 +0000" catchup-id="901214472"><title>Haagse politiek</title><date></date><icon src="https://images.tv.kpn.com/epg/8mP3F2F79AlClT1ZB1upDncdjrnwB1DVleC1p79BKLAmk/1920x1080.jpg?blurred=false"></icon><desc>Themazender van de NPO. De zender belicht dagelijks ontwikkelingen in de landelijke politiek inclusief liveverslag van debatten in de Tweede Kamer en andere politieke gebeurtenissen.</desc><category></category></programme><programme channel="103" start="20230106180000 +0000" stop="20230106190000 +0000" catchup-id="901214475"><title>Haagse politiek</title><date></date><icon src="https://images.tv.kpn.com/epg/8mP3F2F79AlClT1ZB1upDncdjrnwB1DVleC1p79BKLAmk/1920x1080.jpg?blurred=false"></icon><desc>Themazender van de NPO. De zender belicht dagelijks ontwikkelingen in de landelijke politiek inclusief liveverslag van debatten in de Tweede Kamer en andere politieke gebeurtenissen.</desc><category></category></programme><programme channel="103" start="20230106190000 +0000" stop="20230106210000 +0000" catchup-id="901214478"><title>Haagse politiek</title><date></date><icon src="https://images.tv.kpn.com/epg/8mP3F2F79AlClT1ZB1upDncdjrnwB1DVleC1p79BKLAmk/1920x1080.jpg?blurred=false"></icon><desc>Themazender van de NPO. De zender belicht dagelijks ontwikkelingen in de landelijke politiek inclusief liveverslag van debatten in de Tweede Kamer en andere politieke gebeurtenissen.</desc><category></category></programme><programme channel="103" start="20230106210000 +0000" stop="20230106230000 +0000" catchup-id="901214481"><title>Haagse politiek</title><date></date><icon src="https://images.tv.kpn.com/epg/8mP3F2F79AlClT1ZB1upDncdjrnwB1DVleC1p79BKLAmk/1920x1080.jpg?blurred=false"></icon><desc>Themazender van de NPO. De zender belicht dagelijks ontwikkelingen in de landelijke politiek inclusief liveverslag van debatten in de Tweede Kamer en andere politieke gebeurtenissen.</desc><category></category></programme><programme channel="103" start="20230106230000 +0000" stop="20230107010000 +0000" catchup-id="901259622"><title>Haagse politiek</title><date></date><icon src="https://images.tv.kpn.com/epg/8mP3F2F79AlClT1ZB1upDncdjrnwB1DVleC1p79BKLAmk/1920x1080.jpg?blurred=false"></icon><desc>Themazender van de NPO. De zender belicht dagelijks ontwikkelingen in de landelijke politiek inclusief liveverslag van debatten in de Tweede Kamer en andere politieke gebeurtenissen.</desc><category></category></programme><programme channel="103" start="20230107010000 +0000" stop="20230107030000 +0000" catchup-id="901259625"><title>Haagse politiek</title><date></date><icon src="https://images.tv.kpn.com/epg/8mP3F2F79AlClT1ZB1upDncdjrnwB1DVleC1p79BKLAmk/1920x1080.jpg?blurred=false"></icon><desc>Themazender van de NPO. De zender belicht dagelijks ontwikkelingen in de landelijke politiek inclusief liveverslag van debatten in de Tweede Kamer en andere politieke gebeurtenissen.</desc><category></category></programme><programme channel="103" start="20230107030000 +0000" stop="20230107050000 +0000" catchup-id="901259628"><title>Haagse politiek</title><date></date><icon src="https://images.tv.kpn.com/epg/8mP3F2F79AlClT1ZB1upDncdjrnwB1DVleC1p79BKLAmk/1920x1080.jpg?blurred=false"></icon><desc>Themazender van de NPO. De zender belicht dagelijks ontwikkelingen in de landelijke politiek inclusief liveverslag van debatten in de Tweede Kamer en andere politieke gebeurtenissen.</desc><category></category></programme><programme channel="103" start="20230107050000 +0000" stop="20230107070000 +0000" catchup-id="901259631"><title>Haagse politiek</title><date></date><icon src="https://images.tv.kpn.com/epg/8mP3F2F79AlClT1ZB1upDncdjrnwB1DVleC1p79BKLAmk/1920x1080.jpg?blurred=false"></icon><desc>Themazender van de NPO. De zender belicht dagelijks ontwikkelingen in de landelijke politiek inclusief liveverslag van debatten in de Tweede Kamer en andere politieke gebeurtenissen.</desc><category></category></programme><programme channel="103" start="20230107070000 +0000" stop="20230107090000 +0000" catchup-id="901259634"><title>Haagse politiek</title><date></date><icon src="https://images.tv.kpn.com/epg/8mP3F2F79AlClT1ZB1upDncdjrnwB1DVleC1p79BKLAmk/1920x1080.jpg?blurred=false"></icon><desc>Themazender van de NPO. De zender belicht dagelijks ontwikkelingen in de landelijke politiek inclusief liveverslag van debatten in de Tweede Kamer en andere politieke gebeurtenissen.</desc><category></category></programme><programme channel="103" start="20230107090000 +0000" stop="20230107110000 +0000" catchup-id="901259637"><title>Haagse politiek</title><date></date><icon src="https://images.tv.kpn.com/epg/8mP3F2F79AlClT1ZB1upDncdjrnwB1DVleC1p79BKLAmk/1920x1080.jpg?blurred=false"></icon><desc>Themazender van de NPO. De zender belicht dagelijks ontwikkelingen in de landelijke politiek inclusief liveverslag van debatten in de Tweede Kamer en andere politieke gebeurtenissen.</desc><category></category></programme><programme channel="103" start="20230107110000 +0000" stop="20230107130000 +0000" catchup-id="901259640"><title>Haagse politiek</title><date></date><icon src="https://images.tv.kpn.com/epg/8mP3F2F79AlClT1ZB1upDncdjrnwB1DVleC1p79BKLAmk/1920x1080.jpg?blurred=false"></icon><desc>Themazender van de NPO. De zender belicht dagelijks ontwikkelingen in de landelijke politiek inclusief liveverslag van debatten in de Tweede Kamer en andere politieke gebeurtenissen.</desc><category></category></programme><programme channel="103" start="20230107130000 +0000" stop="20230107150000 +0000" catchup-id="901259643"><title>Haagse politiek</title><date></date><icon src="https://images.tv.kpn.com/epg/8mP3F2F79AlClT1ZB1upDncdjrnwB1DVleC1p79BKLAmk/1920x1080.jpg?blurred=false"></icon><desc>Themazender van de NPO. De zender belicht dagelijks ontwikkelingen in de landelijke politiek inclusief liveverslag van debatten in de Tweede Kamer en andere politieke gebeurtenissen.</desc><category></category></programme><programme channel="103" start="20230107150000 +0000" stop="20230107170000 +0000" catchup-id="901259646"><title>Haagse politiek</title><date></date><icon src="https://images.tv.kpn.com/epg/8mP3F2F79AlClT1ZB1upDncdjrnwB1DVleC1p79BKLAmk/1920x1080.jpg?blurred=false"></icon><desc>Themazender van de NPO. De zender belicht dagelijks ontwikkelingen in de landelijke politiek inclusief liveverslag van debatten in de Tweede Kamer en andere politieke gebeurtenissen.</desc><category></category></programme><programme channel="103" start="20230107170000 +0000" stop="20230107180000 +0000" catchup-id="901259649"><title>Haagse politiek</title><date></date><icon src="https://images.tv.kpn.com/epg/8mP3F2F79AlClT1ZB1upDncdjrnwB1DVleC1p79BKLAmk/1920x1080.jpg?blurred=false"></icon><desc>Themazender van de NPO. De zender belicht dagelijks ontwikkelingen in de landelijke politiek inclusief liveverslag van debatten in de Tweede Kamer en andere politieke gebeurtenissen.</desc><category></category></programme><programme channel="103" start="20230107180000 +0000" stop="20230107190000 +0000" catchup-id="901259652"><title>Haagse politiek</title><date></date><icon src="https://images.tv.kpn.com/epg/8mP3F2F79AlClT1ZB1upDncdjrnwB1DVleC1p79BKLAmk/1920x1080.jpg?blurred=false"></icon><desc>Themazender van de NPO. De zender belicht dagelijks ontwikkelingen in de landelijke politiek inclusief liveverslag van debatten in de Tweede Kamer en andere politieke gebeurtenissen.</desc><category></category></programme><programme channel="103" start="20230107190000 +0000" stop="20230107210000 +0000" catchup-id="901259655"><title>Haagse politiek</title><date></date><icon src="https://images.tv.kpn.com/epg/8mP3F2F79AlClT1ZB1upDncdjrnwB1DVleC1p79BKLAmk/1920x1080.jpg?blurred=false"></icon><desc>Themazender van de NPO. De zender belicht dagelijks ontwikkelingen in de landelijke politiek inclusief liveverslag van debatten in de Tweede Kamer en andere politieke gebeurtenissen.</desc><category></category></programme><programme channel="103" start="20230107210000 +0000" stop="20230107230000 +0000" catchup-id="901259658"><title>Haagse politiek</title><date></date><icon src="https://images.tv.kpn.com/epg/8mP3F2F79AlClT1ZB1upDncdjrnwB1DVleC1p79BKLAmk/1920x1080.jpg?blurred=false"></icon><desc>Themazender van de NPO. De zender belicht dagelijks ontwikkelingen in de landelijke politiek inclusief liveverslag van debatten in de Tweede Kamer en andere politieke gebeurtenissen.</desc><category></category></programme><programme channel="103" start="20230107230000 +0000" stop="20230108010000 +0000" catchup-id="901304607"><title>Haagse politiek</title><date></date><icon src="https://images.tv.kpn.com/epg/8mP3F2F79AlClT1ZB1upDncdjrnwB1DVleC1p79BKLAmk/1920x1080.jpg?blurred=false"></icon><desc>Themazender van de NPO. De zender belicht dagelijks ontwikkelingen in de landelijke politiek inclusief liveverslag van debatten in de Tweede Kamer en andere politieke gebeurtenissen.</desc><category></category></programme><programme channel="103" start="20230108010000 +0000" stop="20230108030000 +0000" catchup-id="901304610"><title>Haagse politiek</title><date></date><icon src="https://images.tv.kpn.com/epg/8mP3F2F79AlClT1ZB1upDncdjrnwB1DVleC1p79BKLAmk/1920x1080.jpg?blurred=false"></icon><desc>Themazender van de NPO. De zender belicht dagelijks ontwikkelingen in de landelijke politiek inclusief liveverslag van debatten in de Tweede Kamer en andere politieke gebeurtenissen.</desc><category></category></programme><programme channel="103" start="20230108030000 +0000" stop="20230108050000 +0000" catchup-id="901304613"><title>Haagse politiek</title><date></date><icon src="https://images.tv.kpn.com/epg/8mP3F2F79AlClT1ZB1upDncdjrnwB1DVleC1p79BKLAmk/1920x1080.jpg?blurred=false"></icon><desc>Themazender van de NPO. De zender belicht dagelijks ontwikkelingen in de landelijke politiek inclusief liveverslag van debatten in de Tweede Kamer en andere politieke gebeurtenissen.</desc><category></category></programme><programme channel="103" start="20230108050000 +0000" stop="20230108070000 +0000" catchup-id="901304616"><title>Haagse politiek</title><date></date><icon src="https://images.tv.kpn.com/epg/8mP3F2F79AlClT1ZB1upDncdjrnwB1DVleC1p79BKLAmk/1920x1080.jpg?blurred=false"></icon><desc>Themazender van de NPO. De zender belicht dagelijks ontwikkelingen in de landelijke politiek inclusief liveverslag van debatten in de Tweede Kamer en andere politieke gebeurtenissen.</desc><category></category></programme><programme channel="103" start="20230108070000 +0000" stop="20230108090000 +0000" catchup-id="901304619"><title>Haagse politiek</title><date></date><icon src="https://images.tv.kpn.com/epg/8mP3F2F79AlClT1ZB1upDncdjrnwB1DVleC1p79BKLAmk/1920x1080.jpg?blurred=false"></icon><desc>Themazender van de NPO. De zender belicht dagelijks ontwikkelingen in de landelijke politiek inclusief liveverslag van debatten in de Tweede Kamer en andere politieke gebeurtenissen.</desc><category></category></programme><programme channel="103" start="20230108090000 +0000" stop="20230108110000 +0000" catchup-id="901304622"><title>Haagse politiek</title><date></date><icon src="https://images.tv.kpn.com/epg/8mP3F2F79AlClT1ZB1upDncdjrnwB1DVleC1p79BKLAmk/1920x1080.jpg?blurred=false"></icon><desc>Themazender van de NPO. De zender belicht dagelijks ontwikkelingen in de landelijke politiek inclusief liveverslag van debatten in de Tweede Kamer en andere politieke gebeurtenissen.</desc><category></category></programme><programme channel="103" start="20230108110000 +0000" stop="20230108130000 +0000" catchup-id="901304625"><title>Haagse politiek</title><date></date><icon src="https://images.tv.kpn.com/epg/8mP3F2F79AlClT1ZB1upDncdjrnwB1DVleC1p79BKLAmk/1920x1080.jpg?blurred=false"></icon><desc>Themazender van de NPO. De zender belicht dagelijks ontwikkelingen in de landelijke politiek inclusief liveverslag van debatten in de Tweede Kamer en andere politieke gebeurtenissen.</desc><category></category></programme><programme channel="103" start="20230108130000 +0000" stop="20230108150000 +0000" catchup-id="901304628"><title>Haagse politiek</title><date></date><icon src="https://images.tv.kpn.com/epg/8mP3F2F79AlClT1ZB1upDncdjrnwB1DVleC1p79BKLAmk/1920x1080.jpg?blurred=false"></icon><desc>Themazender van de NPO. De zender belicht dagelijks ontwikkelingen in de landelijke politiek inclusief liveverslag van debatten in de Tweede Kamer en andere politieke gebeurtenissen.</desc><category></category></programme><programme channel="103" start="20230108150000 +0000" stop="20230108170000 +0000" catchup-id="901304631"><title>Haagse politiek</title><date></date><icon src="https://images.tv.kpn.com/epg/8mP3F2F79AlClT1ZB1upDncdjrnwB1DVleC1p79BKLAmk/1920x1080.jpg?blurred=false"></icon><desc>Themazender van de NPO. De zender belicht dagelijks ontwikkelingen in de landelijke politiek inclusief liveverslag van debatten in de Tweede Kamer en andere politieke gebeurtenissen.</desc><category></category></programme><programme channel="103" start="20230108170000 +0000" stop="20230108180000 +0000" catchup-id="901304634"><title>Haagse politiek</title><date></date><icon src="https://images.tv.kpn.com/epg/8mP3F2F79AlClT1ZB1upDncdjrnwB1DVleC1p79BKLAmk/1920x1080.jpg?blurred=false"></icon><desc>Themazender van de NPO. De zender belicht dagelijks ontwikkelingen in de landelijke politiek inclusief liveverslag van debatten in de Tweede Kamer en andere politieke gebeurtenissen.</desc><category></category></programme><programme channel="103" start="20230108180000 +0000" stop="20230108190000 +0000" catchup-id="901304637"><title>Haagse politiek</title><date></date><icon src="https://images.tv.kpn.com/epg/8mP3F2F79AlClT1ZB1upDncdjrnwB1DVleC1p79BKLAmk/1920x1080.jpg?blurred=false"></icon><desc>Themazender van de NPO. De zender belicht dagelijks ontwikkelingen in de landelijke politiek inclusief liveverslag van debatten in de Tweede Kamer en andere politieke gebeurtenissen.</desc><category></category></programme><programme channel="103" start="20230108190000 +0000" stop="20230108210000 +0000" catchup-id="901304640"><title>Haagse politiek</title><date></date><icon src="https://images.tv.kpn.com/epg/8mP3F2F79AlClT1ZB1upDncdjrnwB1DVleC1p79BKLAmk/1920x1080.jpg?blurred=false"></icon><desc>Themazender van de NPO. De zender belicht dagelijks ontwikkelingen in de landelijke politiek inclusief liveverslag van debatten in de Tweede Kamer en andere politieke gebeurtenissen.</desc><category></category></programme><programme channel="103" start="20230108210000 +0000" stop="20230108230000 +0000" catchup-id="901304643"><title>Haagse politiek</title><date></date><icon src="https://images.tv.kpn.com/epg/8mP3F2F79AlClT1ZB1upDncdjrnwB1DVleC1p79BKLAmk/1920x1080.jpg?blurred=false"></icon><desc>Themazender van de NPO. De zender belicht dagelijks ontwikkelingen in de landelijke politiek inclusief liveverslag van debatten in de Tweede Kamer en andere politieke gebeurtenissen.</desc><category></category></programme><programme channel="103" start="20230108230000 +0000" stop="20230109010000 +0000" catchup-id="901345242"><title>Haagse politiek</title><date></date><icon src="https://images.tv.kpn.com/epg/8mP3F2F79AlClT1ZB1upDncdjrnwB1DVleC1p79BKLAmk/1920x1080.jpg?blurred=false"></icon><desc>Themazender van de NPO. De zender belicht dagelijks ontwikkelingen in de landelijke politiek inclusief liveverslag van debatten in de Tweede Kamer en andere politieke gebeurtenissen.</desc><category></category></programme><programme channel="103" start="20230109010000 +0000" stop="20230109030000 +0000" catchup-id="901345245"><title>Haagse politiek</title><date></date><icon src="https://images.tv.kpn.com/epg/8mP3F2F79AlClT1ZB1upDncdjrnwB1DVleC1p79BKLAmk/1920x1080.jpg?blurred=false"></icon><desc>Themazender van de NPO. De zender belicht dagelijks ontwikkelingen in de landelijke politiek inclusief liveverslag van debatten in de Tweede Kamer en andere politieke gebeurtenissen.</desc><category></category></programme><programme channel="103" start="20230109030000 +0000" stop="20230109050000 +0000" catchup-id="901345248"><title>Haagse politiek</title><date></date><icon src="https://images.tv.kpn.com/epg/8mP3F2F79AlClT1ZB1upDncdjrnwB1DVleC1p79BKLAmk/1920x1080.jpg?blurred=false"></icon><desc>Themazender van de NPO. De zender belicht dagelijks ontwikkelingen in de landelijke politiek inclusief liveverslag van debatten in de Tweede Kamer en andere politieke gebeurtenissen.</desc><category></category></programme><programme channel="103" start="20230109050000 +0000" stop="20230109070000 +0000" catchup-id="901345251"><title>Haagse politiek</title><date></date><icon src="https://images.tv.kpn.com/epg/8mP3F2F79AlClT1ZB1upDncdjrnwB1DVleC1p79BKLAmk/1920x1080.jpg?blurred=false"></icon><desc>Themazender van de NPO. De zender belicht dagelijks ontwikkelingen in de landelijke politiek inclusief liveverslag van debatten in de Tweede Kamer en andere politieke gebeurtenissen.</desc><category></category></programme><programme channel="103" start="20230109070000 +0000" stop="20230109090000 +0000" catchup-id="901345254"><title>Haagse politiek</title><date></date><icon src="https://images.tv.kpn.com/epg/8mP3F2F79AlClT1ZB1upDncdjrnwB1DVleC1p79BKLAmk/1920x1080.jpg?blurred=false"></icon><desc>Themazender van de NPO. De zender belicht dagelijks ontwikkelingen in de landelijke politiek inclusief liveverslag van debatten in de Tweede Kamer en andere politieke gebeurtenissen.</desc><category></category></programme><programme channel="103" start="20230109090000 +0000" stop="20230109110000 +0000" catchup-id="901345257"><title>Haagse politiek</title><date></date><icon src="https://images.tv.kpn.com/epg/8mP3F2F79AlClT1ZB1upDncdjrnwB1DVleC1p79BKLAmk/1920x1080.jpg?blurred=false"></icon><desc>Themazender van de NPO. De zender belicht dagelijks ontwikkelingen in de landelijke politiek inclusief liveverslag van debatten in de Tweede Kamer en andere politieke gebeurtenissen.</desc><category></category></programme><programme channel="103" start="20230109110000 +0000" stop="20230109130000 +0000" catchup-id="901345260"><title>Haagse politiek</title><date></date><icon src="https://images.tv.kpn.com/epg/8mP3F2F79AlClT1ZB1upDncdjrnwB1DVleC1p79BKLAmk/1920x1080.jpg?blurred=false"></icon><desc>Themazender van de NPO. De zender belicht dagelijks ontwikkelingen in de landelijke politiek inclusief liveverslag van debatten in de Tweede Kamer en andere politieke gebeurtenissen.</desc><category></category></programme><programme channel="103" start="20230109130000 +0000" stop="20230109150000 +0000" catchup-id="901345263"><title>Haagse politiek</title><date></date><icon src="https://images.tv.kpn.com/epg/8mP3F2F79AlClT1ZB1upDncdjrnwB1DVleC1p79BKLAmk/1920x1080.jpg?blurred=false"></icon><desc>Themazender van de NPO. De zender belicht dagelijks ontwikkelingen in de landelijke politiek inclusief liveverslag van debatten in de Tweede Kamer en andere politieke gebeurtenissen.</desc><category></category></programme><programme channel="103" start="20230109150000 +0000" stop="20230109170000 +0000" catchup-id="901345266"><title>Haagse politiek</title><date></date><icon src="https://images.tv.kpn.com/epg/8mP3F2F79AlClT1ZB1upDncdjrnwB1DVleC1p79BKLAmk/1920x1080.jpg?blurred=false"></icon><desc>Themazender van de NPO. De zender belicht dagelijks ontwikkelingen in de landelijke politiek inclusief liveverslag van debatten in de Tweede Kamer en andere politieke gebeurtenissen.</desc><category></category></programme><programme channel="103" start="20230109170000 +0000" stop="20230109180000 +0000" catchup-id="901345269"><title>Haagse politiek</title><date></date><icon src="https://images.tv.kpn.com/epg/8mP3F2F79AlClT1ZB1upDncdjrnwB1DVleC1p79BKLAmk/1920x1080.jpg?blurred=false"></icon><desc>Themazender van de NPO. De zender belicht dagelijks ontwikkelingen in de landelijke politiek inclusief liveverslag van debatten in de Tweede Kamer en andere politieke gebeurtenissen.</desc><category></category></programme><programme channel="103" start="20230109180000 +0000" stop="20230109190000 +0000" catchup-id="901345272"><title>Haagse politiek</title><date></date><icon src="https://images.tv.kpn.com/epg/8mP3F2F79AlClT1ZB1upDncdjrnwB1DVleC1p79BKLAmk/1920x1080.jpg?blurred=false"></icon><desc>Themazender van de NPO. De zender belicht dagelijks ontwikkelingen in de landelijke politiek inclusief liveverslag van debatten in de Tweede Kamer en andere politieke gebeurtenissen.</desc><category></category></programme><programme channel="103" start="20230109190000 +0000" stop="20230109210000 +0000" catchup-id="901345275"><title>Haagse politiek</title><date></date><icon src="https://images.tv.kpn.com/epg/8mP3F2F79AlClT1ZB1upDncdjrnwB1DVleC1p79BKLAmk/1920x1080.jpg?blurred=false"></icon><desc>Themazender van de NPO. De zender belicht dagelijks ontwikkelingen in de landelijke politiek inclusief liveverslag van debatten in de Tweede Kamer en andere politieke gebeurtenissen.</desc><category></category></programme><programme channel="103" start="20230109210000 +0000" stop="20230109230000 +0000" catchup-id="901345278"><title>Haagse politiek</title><date></date><icon src="https://images.tv.kpn.com/epg/8mP3F2F79AlClT1ZB1upDncdjrnwB1DVleC1p79BKLAmk/1920x1080.jpg?blurred=false"></icon><desc>Themazender van de NPO. De zender belicht dagelijks ontwikkelingen in de landelijke politiek inclusief liveverslag van debatten in de Tweede Kamer en andere politieke gebeurtenissen.</desc><category></category></programme><programme channel="103" start="20230109230000 +0000" stop="20230110010000 +0000" catchup-id="901387140"><title>Haagse politiek</title><date></date><icon src="https://images.tv.kpn.com/epg/8mP3F2F79AlClT1ZB1upDncdjrnwB1DVleC1p79BKLAmk/1920x1080.jpg?blurred=false"></icon><desc>Themazender van de NPO. De zender belicht dagelijks ontwikkelingen in de landelijke politiek inclusief liveverslag van debatten in de Tweede Kamer en andere politieke gebeurtenissen.</desc><category></category></programme><programme channel="103" start="20230110010000 +0000" stop="20230110030000 +0000" catchup-id="901387143"><title>Haagse politiek</title><date></date><icon src="https://images.tv.kpn.com/epg/8mP3F2F79AlClT1ZB1upDncdjrnwB1DVleC1p79BKLAmk/1920x1080.jpg?blurred=false"></icon><desc>Themazender van de NPO. De zender belicht dagelijks ontwikkelingen in de landelijke politiek inclusief liveverslag van debatten in de Tweede Kamer en andere politieke gebeurtenissen.</desc><category></category></programme><programme channel="103" start="20230110030000 +0000" stop="20230110050000 +0000" catchup-id="901387146"><title>Haagse politiek</title><date></date><icon src="https://images.tv.kpn.com/epg/8mP3F2F79AlClT1ZB1upDncdjrnwB1DVleC1p79BKLAmk/1920x1080.jpg?blurred=false"></icon><desc>Themazender van de NPO. De zender belicht dagelijks ontwikkelingen in de landelijke politiek inclusief liveverslag van debatten in de Tweede Kamer en andere politieke gebeurtenissen.</desc><category></category></programme><programme channel="103" start="20230110050000 +0000" stop="20230110070000 +0000" catchup-id="901387149"><title>Haagse politiek</title><date></date><icon src="https://images.tv.kpn.com/epg/8mP3F2F79AlClT1ZB1upDncdjrnwB1DVleC1p79BKLAmk/1920x1080.jpg?blurred=false"></icon><desc>Themazender van de NPO. De zender belicht dagelijks ontwikkelingen in de landelijke politiek inclusief liveverslag van debatten in de Tweede Kamer en andere politieke gebeurtenissen.</desc><category></category></programme><programme channel="103" start="20230110070000 +0000" stop="20230110090000 +0000" catchup-id="901387152"><title>Haagse politiek</title><date></date><icon src="https://images.tv.kpn.com/epg/8mP3F2F79AlClT1ZB1upDncdjrnwB1DVleC1p79BKLAmk/1920x1080.jpg?blurred=false"></icon><desc>Themazender van de NPO. De zender belicht dagelijks ontwikkelingen in de landelijke politiek inclusief liveverslag van debatten in de Tweede Kamer en andere politieke gebeurtenissen.</desc><category></category></programme><programme channel="103" start="20230110090000 +0000" stop="20230110110000 +0000" catchup-id="901387155"><title>Haagse politiek</title><date></date><icon src="https://images.tv.kpn.com/epg/8mP3F2F79AlClT1ZB1upDncdjrnwB1DVleC1p79BKLAmk/1920x1080.jpg?blurred=false"></icon><desc>Themazender van de NPO. De zender belicht dagelijks ontwikkelingen in de landelijke politiek inclusief liveverslag van debatten in de Tweede Kamer en andere politieke gebeurtenissen.</desc><category></category></programme><programme channel="103" start="20230110110000 +0000" stop="20230110130000 +0000" catchup-id="901387158"><title>Haagse politiek</title><date></date><icon src="https://images.tv.kpn.com/epg/8mP3F2F79AlClT1ZB1upDncdjrnwB1DVleC1p79BKLAmk/1920x1080.jpg?blurred=false"></icon><desc>Themazender van de NPO. De zender belicht dagelijks ontwikkelingen in de landelijke politiek inclusief liveverslag van debatten in de Tweede Kamer en andere politieke gebeurtenissen.</desc><category></category></programme><programme channel="103" start="20230110130000 +0000" stop="20230110150000 +0000" catchup-id="901387161"><title>Haagse politiek</title><date></date><icon src="https://images.tv.kpn.com/epg/8mP3F2F79AlClT1ZB1upDncdjrnwB1DVleC1p79BKLAmk/1920x1080.jpg?blurred=false"></icon><desc>Themazender van de NPO. De zender belicht dagelijks ontwikkelingen in de landelijke politiek inclusief liveverslag van debatten in de Tweede Kamer en andere politieke gebeurtenissen.</desc><category></category></programme><programme channel="103" start="20230110150000 +0000" stop="20230110170000 +0000" catchup-id="901387164"><title>Haagse politiek</title><date></date><icon src="https://images.tv.kpn.com/epg/8mP3F2F79AlClT1ZB1upDncdjrnwB1DVleC1p79BKLAmk/1920x1080.jpg?blurred=false"></icon><desc>Themazender van de NPO. De zender belicht dagelijks ontwikkelingen in de landelijke politiek inclusief liveverslag van debatten in de Tweede Kamer en andere politieke gebeurtenissen.</desc><category></category></programme><programme channel="103" start="20230110170000 +0000" stop="20230110180000 +0000" catchup-id="901387167"><title>Haagse politiek</title><date></date><icon src="https://images.tv.kpn.com/epg/8mP3F2F79AlClT1ZB1upDncdjrnwB1DVleC1p79BKLAmk/1920x1080.jpg?blurred=false"></icon><desc>Themazender van de NPO. De zender belicht dagelijks ontwikkelingen in de landelijke politiek inclusief liveverslag van debatten in de Tweede Kamer en andere politieke gebeurtenissen.</desc><category></category></programme><programme channel="103" start="20230110180000 +0000" stop="20230110190000 +0000" catchup-id="901387170"><title>Haagse politiek</title><date></date><icon src="https://images.tv.kpn.com/epg/8mP3F2F79AlClT1ZB1upDncdjrnwB1DVleC1p79BKLAmk/1920x1080.jpg?blurred=false"></icon><desc>Themazender van de NPO. De zender belicht dagelijks ontwikkelingen in de landelijke politiek inclusief liveverslag van debatten in de Tweede Kamer en andere politieke gebeurtenissen.</desc><category></category></programme><programme channel="103" start="20230110190000 +0000" stop="20230110210000 +0000" catchup-id="901387173"><title>Haagse politiek</title><date></date><icon src="https://images.tv.kpn.com/epg/8mP3F2F79AlClT1ZB1upDncdjrnwB1DVleC1p79BKLAmk/1920x1080.jpg?blurred=false"></icon><desc>Themazender van de NPO. De zender belicht dagelijks ontwikkelingen in de landelijke politiek inclusief liveverslag van debatten in de Tweede Kamer en andere politieke gebeurtenissen.</desc><category></category></programme><programme channel="103" start="20230110210000 +0000" stop="20230110230000 +0000" catchup-id="901387176"><title>Haagse politiek</title><date></date><icon src="https://images.tv.kpn.com/epg/8mP3F2F79AlClT1ZB1upDncdjrnwB1DVleC1p79BKLAmk/1920x1080.jpg?blurred=false"></icon><desc>Themazender van de NPO. De zender belicht dagelijks ontwikkelingen in de landelijke politiek inclusief liveverslag van debatten in de Tweede Kamer en andere politieke gebeurtenissen.</desc><category></category></programme><programme channel="103" start="20230110230000 +0000" stop="20230111010000 +0000" catchup-id="901437819"><title>Haagse politiek</title><date></date><icon src="https://images.tv.kpn.com/epg/8mP3F2F79AlClT1ZB1upDncdjrnwB1DVleC1p79BKLAmk/1920x1080.jpg?blurred=false"></icon><desc>Themazender van de NPO. De zender belicht dagelijks ontwikkelingen in de landelijke politiek inclusief liveverslag van debatten in de Tweede Kamer en andere politieke gebeurtenissen.</desc><category></category></programme><programme channel="103" start="20230111010000 +0000" stop="20230111030000 +0000" catchup-id="901437822"><title>Haagse politiek</title><date></date><icon src="https://images.tv.kpn.com/epg/8mP3F2F79AlClT1ZB1upDncdjrnwB1DVleC1p79BKLAmk/1920x1080.jpg?blurred=false"></icon><desc>Themazender van de NPO. De zender belicht dagelijks ontwikkelingen in de landelijke politiek inclusief liveverslag van debatten in de Tweede Kamer en andere politieke gebeurtenissen.</desc><category></category></programme><programme channel="103" start="20230111030000 +0000" stop="20230111050000 +0000" catchup-id="901437825"><title>Haagse politiek</title><date></date><icon src="https://images.tv.kpn.com/epg/8mP3F2F79AlClT1ZB1upDncdjrnwB1DVleC1p79BKLAmk/1920x1080.jpg?blurred=false"></icon><desc>Themazender van de NPO. De zender belicht dagelijks ontwikkelingen in de landelijke politiek inclusief liveverslag van debatten in de Tweede Kamer en andere politieke gebeurtenissen.</desc><category></category></programme><programme channel="103" start="20230111050000 +0000" stop="20230111070000 +0000" catchup-id="901437828"><title>Haagse politiek</title><date></date><icon src="https://images.tv.kpn.com/epg/8mP3F2F79AlClT1ZB1upDncdjrnwB1DVleC1p79BKLAmk/1920x1080.jpg?blurred=false"></icon><desc>Themazender van de NPO. De zender belicht dagelijks ontwikkelingen in de landelijke politiek inclusief liveverslag van debatten in de Tweede Kamer en andere politieke gebeurtenissen.</desc><category></category></programme><programme channel="103" start="20230111070000 +0000" stop="20230111090000 +0000" catchup-id="901437831"><title>Haagse politiek</title><date></date><icon src="https://images.tv.kpn.com/epg/8mP3F2F79AlClT1ZB1upDncdjrnwB1DVleC1p79BKLAmk/1920x1080.jpg?blurred=false"></icon><desc>Themazender van de NPO. De zender belicht dagelijks ontwikkelingen in de landelijke politiek inclusief liveverslag van debatten in de Tweede Kamer en andere politieke gebeurtenissen.</desc><category></category></programme><programme channel="103" start="20230111090000 +0000" stop="20230111110000 +0000" catchup-id="901437834"><title>Haagse politiek</title><date></date><icon src="https://images.tv.kpn.com/epg/8mP3F2F79AlClT1ZB1upDncdjrnwB1DVleC1p79BKLAmk/1920x1080.jpg?blurred=false"></icon><desc>Themazender van de NPO. De zender belicht dagelijks ontwikkelingen in de landelijke politiek inclusief liveverslag van debatten in de Tweede Kamer en andere politieke gebeurtenissen.</desc><category></category></programme><programme channel="103" start="20230111110000 +0000" stop="20230111130000 +0000" catchup-id="901437837"><title>Haagse politiek</title><date></date><icon src="https://images.tv.kpn.com/epg/8mP3F2F79AlClT1ZB1upDncdjrnwB1DVleC1p79BKLAmk/1920x1080.jpg?blurred=false"></icon><desc>Themazender van de NPO. De zender belicht dagelijks ontwikkelingen in de landelijke politiek inclusief liveverslag van debatten in de Tweede Kamer en andere politieke gebeurtenissen.</desc><category></category></programme><programme channel="103" start="20230111130000 +0000" stop="20230111150000 +0000" catchup-id="901437840"><title>Haagse politiek</title><date></date><icon src="https://images.tv.kpn.com/epg/8mP3F2F79AlClT1ZB1upDncdjrnwB1DVleC1p79BKLAmk/1920x1080.jpg?blurred=false"></icon><desc>Themazender van de NPO. De zender belicht dagelijks ontwikkelingen in de landelijke politiek inclusief liveverslag van debatten in de Tweede Kamer en andere politieke gebeurtenissen.</desc><category></category></programme><programme channel="103" start="20230111150000 +0000" stop="20230111170000 +0000" catchup-id="901437843"><title>Haagse politiek</title><date></date><icon src="https://images.tv.kpn.com/epg/8mP3F2F79AlClT1ZB1upDncdjrnwB1DVleC1p79BKLAmk/1920x1080.jpg?blurred=false"></icon><desc>Themazender van de NPO. De zender belicht dagelijks ontwikkelingen in de landelijke politiek inclusief liveverslag van debatten in de Tweede Kamer en andere politieke gebeurtenissen.</desc><category></category></programme><programme channel="103" start="20230111170000 +0000" stop="20230111180000 +0000" catchup-id="901437846"><title>Haagse politiek</title><date></date><icon src="https://images.tv.kpn.com/epg/8mP3F2F79AlClT1ZB1upDncdjrnwB1DVleC1p79BKLAmk/1920x1080.jpg?blurred=false"></icon><desc>Themazender van de NPO. De zender belicht dagelijks ontwikkelingen in de landelijke politiek inclusief liveverslag van debatten in de Tweede Kamer en andere politieke gebeurtenissen.</desc><category></category></programme><programme channel="103" start="20230111180000 +0000" stop="20230111190000 +0000" catchup-id="901437849"><title>Haagse politiek</title><date></date><icon src="https://images.tv.kpn.com/epg/8mP3F2F79AlClT1ZB1upDncdjrnwB1DVleC1p79BKLAmk/1920x1080.jpg?blurred=false"></icon><desc>Themazender van de NPO. De zender belicht dagelijks ontwikkelingen in de landelijke politiek inclusief liveverslag van debatten in de Tweede Kamer en andere politieke gebeurtenissen.</desc><category></category></programme><programme channel="103" start="20230111190000 +0000" stop="20230111210000 +0000" catchup-id="901437852"><title>Haagse politiek</title><date></date><icon src="https://images.tv.kpn.com/epg/8mP3F2F79AlClT1ZB1upDncdjrnwB1DVleC1p79BKLAmk/1920x1080.jpg?blurred=false"></icon><desc>Themazender van de NPO. De zender belicht dagelijks ontwikkelingen in de landelijke politiek inclusief liveverslag van debatten in de Tweede Kamer en andere politieke gebeurtenissen.</desc><category></category></programme><programme channel="103" start="20230111210000 +0000" stop="20230111230000 +0000" catchup-id="901437855"><title>Haagse politiek</title><date></date><icon src="https://images.tv.kpn.com/epg/8mP3F2F79AlClT1ZB1upDncdjrnwB1DVleC1p79BKLAmk/1920x1080.jpg?blurred=false"></icon><desc>Themazender van de NPO. De zender belicht dagelijks ontwikkelingen in de landelijke politiek inclusief liveverslag van debatten in de Tweede Kamer en andere politieke gebeurtenissen.</desc><category></category></programme><programme channel="103" start="20230111230000 +0000" stop="20230112010000 +0000" catchup-id="901491594"><title>Haagse politiek</title><date></date><icon src="https://images.tv.kpn.com/epg/8mP3F2F79AlClT1ZB1upDncdjrnwB1DVleC1p79BKLAmk/1920x1080.jpg?blurred=false"></icon><desc>Themazender van de NPO. De zender belicht dagelijks ontwikkelingen in de landelijke politiek inclusief liveverslag van debatten in de Tweede Kamer en andere politieke gebeurtenissen.</desc><category></category></programme><programme channel="103" start="20230112010000 +0000" stop="20230112030000 +0000" catchup-id="901491600"><title>Haagse politiek</title><date></date><icon src="https://images.tv.kpn.com/epg/8mP3F2F79AlClT1ZB1upDncdjrnwB1DVleC1p79BKLAmk/1920x1080.jpg?blurred=false"></icon><desc>Themazender van de NPO. De zender belicht dagelijks ontwikkelingen in de landelijke politiek inclusief liveverslag van debatten in de Tweede Kamer en andere politieke gebeurtenissen.</desc><category></category></programme><programme channel="103" start="20230112030000 +0000" stop="20230112050000 +0000" catchup-id="901491606"><title>Haagse politiek</title><date></date><icon src="https://images.tv.kpn.com/epg/8mP3F2F79AlClT1ZB1upDncdjrnwB1DVleC1p79BKLAmk/1920x1080.jpg?blurred=false"></icon><desc>Themazender van de NPO. De zender belicht dagelijks ontwikkelingen in de landelijke politiek inclusief liveverslag van debatten in de Tweede Kamer en andere politieke gebeurtenissen.</desc><category></category></programme><programme channel="103" start="20230112050000 +0000" stop="20230112070000 +0000" catchup-id="901491612"><title>Haagse politiek</title><date></date><icon src="https://images.tv.kpn.com/epg/8mP3F2F79AlClT1ZB1upDncdjrnwB1DVleC1p79BKLAmk/1920x1080.jpg?blurred=false"></icon><desc>Themazender van de NPO. De zender belicht dagelijks ontwikkelingen in de landelijke politiek inclusief liveverslag van debatten in de Tweede Kamer en andere politieke gebeurtenissen.</desc><category></category></programme><programme channel="103" start="20230112070000 +0000" stop="20230112090000 +0000" catchup-id="901491621"><title>Haagse politiek</title><date></date><icon src="https://images.tv.kpn.com/epg/8mP3F2F79AlClT1ZB1upDncdjrnwB1DVleC1p79BKLAmk/1920x1080.jpg?blurred=false"></icon><desc>Themazender van de NPO. De zender belicht dagelijks ontwikkelingen in de landelijke politiek inclusief liveverslag van debatten in de Tweede Kamer en andere politieke gebeurtenissen.</desc><category></category></programme><programme channel="103" start="20230112090000 +0000" stop="20230112110000 +0000" catchup-id="901491627"><title>Haagse politiek</title><date></date><icon src="https://images.tv.kpn.com/epg/8mP3F2F79AlClT1ZB1upDncdjrnwB1DVleC1p79BKLAmk/1920x1080.jpg?blurred=false"></icon><desc>Themazender van de NPO. De zender belicht dagelijks ontwikkelingen in de landelijke politiek inclusief liveverslag van debatten in de Tweede Kamer en andere politieke gebeurtenissen.</desc><category></category></programme><programme channel="103" start="20230112110000 +0000" stop="20230112130000 +0000" catchup-id="901491630"><title>Haagse politiek</title><date></date><icon src="https://images.tv.kpn.com/epg/8mP3F2F79AlClT1ZB1upDncdjrnwB1DVleC1p79BKLAmk/1920x1080.jpg?blurred=false"></icon><desc>Themazender van de NPO. De zender belicht dagelijks ontwikkelingen in de landelijke politiek inclusief liveverslag van debatten in de Tweede Kamer en andere politieke gebeurtenissen.</desc><category></category></programme><programme channel="103" start="20230112130000 +0000" stop="20230112150000 +0000" catchup-id="901491636"><title>Haagse politiek</title><date></date><icon src="https://images.tv.kpn.com/epg/8mP3F2F79AlClT1ZB1upDncdjrnwB1DVleC1p79BKLAmk/1920x1080.jpg?blurred=false"></icon><desc>Themazender van de NPO. De zender belicht dagelijks ontwikkelingen in de landelijke politiek inclusief liveverslag van debatten in de Tweede Kamer en andere politieke gebeurtenissen.</desc><category></category></programme><programme channel="103" start="20230112150000 +0000" stop="20230112170000 +0000" catchup-id="901491642"><title>Haagse politiek</title><date></date><icon src="https://images.tv.kpn.com/epg/8mP3F2F79AlClT1ZB1upDncdjrnwB1DVleC1p79BKLAmk/1920x1080.jpg?blurred=false"></icon><desc>Themazender van de NPO. De zender belicht dagelijks ontwikkelingen in de landelijke politiek inclusief liveverslag van debatten in de Tweede Kamer en andere politieke gebeurtenissen.</desc><category></category></programme><programme channel="103" start="20230112170000 +0000" stop="20230112180000 +0000" catchup-id="901491648"><title>Haagse politiek</title><date></date><icon src="https://images.tv.kpn.com/epg/8mP3F2F79AlClT1ZB1upDncdjrnwB1DVleC1p79BKLAmk/1920x1080.jpg?blurred=false"></icon><desc>Themazender van de NPO. De zender belicht dagelijks ontwikkelingen in de landelijke politiek inclusief liveverslag van debatten in de Tweede Kamer en andere politieke gebeurtenissen.</desc><category></category></programme><programme channel="103" start="20230112180000 +0000" stop="20230112190000 +0000" catchup-id="901491654"><title>Haagse politiek</title><date></date><icon src="https://images.tv.kpn.com/epg/8mP3F2F79AlClT1ZB1upDncdjrnwB1DVleC1p79BKLAmk/1920x1080.jpg?blurred=false"></icon><desc>Themazender van de NPO. De zender belicht dagelijks ontwikkelingen in de landelijke politiek inclusief liveverslag van debatten in de Tweede Kamer en andere politieke gebeurtenissen.</desc><category></category></programme><programme channel="103" start="20230112190000 +0000" stop="20230112210000 +0000" catchup-id="901491657"><title>Haagse politiek</title><date></date><icon src="https://images.tv.kpn.com/epg/8mP3F2F79AlClT1ZB1upDncdjrnwB1DVleC1p79BKLAmk/1920x1080.jpg?blurred=false"></icon><desc>Themazender van de NPO. De zender belicht dagelijks ontwikkelingen in de landelijke politiek inclusief liveverslag van debatten in de Tweede Kamer en andere politieke gebeurtenissen.</desc><category></category></programme>