<programme channel="136" start="20221229010000 +0000" stop="20221229030000 +0000" catchup-id="900863790"><title>... So 80s!</title><date></date><icon src="https://images.tv.kpn.com/epg/yZJCbdbpg2QvOTfLyL44vgteYww1nw2wxhuxR8tMx60/1920x1080.jpg?blurred=false"></icon><desc>Get ready because we're bringing you nothing but classic hits and iconic anthems from the 80s!</desc><category></category></programme><programme channel="136" start="20221229030000 +0000" stop="20221229070000 +0000" catchup-id="900863793"><title>Non-Stop 80s Hits!</title><date></date><icon src="https://images.tv.kpn.com/epg/yZJCbdbpg2QvOTfLyL44vgteYww1nw2wxhuxR8tMx60/1920x1080.jpg?blurred=false"></icon><desc>We got hits... We got hits from the 80s. And guess what? They don't stop! You're welcome!</desc><category></category></programme><programme channel="136" start="20221229070000 +0000" stop="20221229110000 +0000" catchup-id="900863796"><title>Gold! Greatest Hits Of The 80s</title><date></date><icon src="https://images.tv.kpn.com/epg/OcPLvsvi0Reh9BdmoELXdaGl9AzW8MwfEe8mxyzWSA9CEU/1920x1080.jpg?blurred=false"></icon><desc>Pencil us in because we've organised the greatest hits of the '80s for you...you're welcome!</desc><category></category></programme><programme channel="136" start="20221229110000 +0000" stop="20221229150000 +0000" catchup-id="900863799"><title>I Want My MTV 80s!</title><date></date><icon src="https://images.tv.kpn.com/epg/yZJCbdbpg2QvOTfLyL44vgteYww1nw2wxhuxR8tMx60/1920x1080.jpg?blurred=false"></icon><desc>It's non-stop nostalgia right here at MTV 80s - and that's what we want, right now!</desc><category></category></programme><programme channel="136" start="20221229150000 +0000" stop="20221229170200 +0000" catchup-id="900863802"><title>Forever 80s</title><date></date><icon src="https://images.tv.kpn.com/epg/VQZyvY9ACCS5eB9CJMp2EpXV1j42pasQY3MugdH5TxPz4/1920x1080.jpg?blurred=false"></icon><desc>Check out all of the best hits from one of the biggest decades in music!</desc><category></category></programme><programme channel="136" start="20221229170200 +0000" stop="20221229190100 +0000" catchup-id="900863805"><title>Wild Boys Of The 80s!</title><date></date><icon src="https://images.tv.kpn.com/epg/jee9CHLOREMmWBC4k8FA6SavQN9BOUHFIcJoARkuZVqY4/1920x1080.jpg?blurred=false"></icon><desc>These boys were born to be wild in the 80s! Check out all of their huge hits and iconic anthems right here!</desc><category></category></programme><programme channel="136" start="20221229190100 +0000" stop="20221229200000 +0000" catchup-id="900863808"><title>Greatest 80s Rock: Play It Loud!</title><date></date><icon src="https://images.tv.kpn.com/epg/dg4vH9CXjf1wPsvXg4L7Idb9Bbhcreumlj9AUADPjxh9Bng/1920x1080.jpg?blurred=false"></icon><desc>Hard! Alternative! Heavy! Post-punk! Metal! Indie! Goth! Call it what you want, but turn up the volume as we delve into the decade's best rock tracks in all their incarnations, right here on MTV80s!</desc><category></category></programme><programme channel="136" start="20221229200000 +0000" stop="20221230010000 +0000" catchup-id="900863811"><title>... So 80s!</title><date></date><icon src="https://images.tv.kpn.com/epg/VQZyvY9ACCS5eB9CJMp2EpXV1j42pasQY3MugdH5TxPz4/1920x1080.jpg?blurred=false"></icon><desc>Get ready because we're bringing you nothing but classic hits and iconic anthems from the 80s!</desc><category></category></programme><programme channel="136" start="20221230010000 +0000" stop="20221230030000 +0000" catchup-id="900911985"><title>... So 80s!</title><date></date><icon src="https://images.tv.kpn.com/epg/qKSx5qRInSdGGi9C2XuVfXp37zPdwY8sslkdMikvV4zY/1920x1080.jpg?blurred=false"></icon><desc>Get ready because we're bringing you nothing but classic hits and iconic anthems from the 80s!</desc><category></category></programme><programme channel="136" start="20221230030000 +0000" stop="20221230070000 +0000" catchup-id="900911988"><title>Non-Stop 80s Hits!</title><date></date><icon src="https://images.tv.kpn.com/epg/OcPLvsvi0Reh9BdmoELXdaGl9AzW8MwfEe8mxyzWSA9CEU/1920x1080.jpg?blurred=false"></icon><desc>We got hits... We got hits from the 80s. And guess what? They don't stop! You're welcome!</desc><category></category></programme><programme channel="136" start="20221230070000 +0000" stop="20221230110000 +0000" catchup-id="900911991"><title>Gold! Greatest Hits Of The 80s</title><date></date><icon src="https://images.tv.kpn.com/epg/jee9CHLOREMmWBC4k8FA6SavQN9BOUHFIcJoARkuZVqY4/1920x1080.jpg?blurred=false"></icon><desc>Pencil us in because we've organised the greatest hits of the '80s for you...you're welcome!</desc><category></category></programme><programme channel="136" start="20221230110000 +0000" stop="20221230150100 +0000" catchup-id="900911994"><title>I Want My MTV 80s!</title><date></date><icon src="https://images.tv.kpn.com/epg/jee9CHLOREMmWBC4k8FA6SavQN9BOUHFIcJoARkuZVqY4/1920x1080.jpg?blurred=false"></icon><desc>It's non-stop nostalgia right here at MTV 80s - and that's what we want, right now!</desc><category></category></programme><programme channel="136" start="20221230150100 +0000" stop="20221230200000 +0000" catchup-id="900911997"><title>Pump Up The 80s Party!</title><date></date><icon src="https://images.tv.kpn.com/epg/yZJCbdbpg2QvOTfLyL44vgteYww1nw2wxhuxR8tMx60/1920x1080.jpg?blurred=false"></icon><desc>We've chosen all of the best 80s hits to go into one epic 80s party playlist. So pump up the volume and get ready to dance with some classic 80s tunes!</desc><category></category></programme><programme channel="136" start="20221230200000 +0000" stop="20221230210100 +0000" catchup-id="900912000"><title>Pump Up The 80s Party!</title><date></date><icon src="https://images.tv.kpn.com/epg/yZJCbdbpg2QvOTfLyL44vgteYww1nw2wxhuxR8tMx60/1920x1080.jpg?blurred=false"></icon><desc>We've chosen all of the best 80s hits to go into one epic 80s party playlist. So pump up the volume and get ready to dance with some classic 80s tunes!</desc><category></category></programme><programme channel="136" start="20221230210100 +0000" stop="20221231015900 +0000" catchup-id="900912003"><title>... So 80s!</title><date></date><icon src="https://images.tv.kpn.com/epg/PSfKMEuFywb9B5hTpECZ9C7PvxG8iMdQ9BPf3xJbudI3us/1920x1080.jpg?blurred=false"></icon><desc>Get ready because we're bringing you nothing but classic hits and iconic anthems from the 80s!</desc><category></category></programme><programme channel="136" start="20221231015900 +0000" stop="20221231030000 +0000" catchup-id="900954969"><title>... So 80s!</title><date></date><icon src="https://images.tv.kpn.com/epg/PSfKMEuFywb9B5hTpECZ9C7PvxG8iMdQ9BPf3xJbudI3us/1920x1080.jpg?blurred=false"></icon><desc>Get ready because we're bringing you nothing but classic hits and iconic anthems from the 80s!</desc><category></category></programme><programme channel="136" start="20221231030000 +0000" stop="20221231085900 +0000" catchup-id="900954975"><title>It's An 80s New Year's Party!</title><date></date><icon src="https://images.tv.kpn.com/epg/dg4vH9CXjf1wPsvXg4L7Idb9Bbhcreumlj9AUADPjxh9Bng/1920x1080.jpg?blurred=false"></icon><desc>Let us lead you into New Year with the biggest party ever - filled with nothing but upbeat hits from 1980 to 1989... And that's an MTV80s guarantee!</desc><category></category></programme><programme channel="136" start="20221231085900 +0000" stop="20221231150100 +0000" catchup-id="900954981"><title>It's An 80s New Year's Party!</title><date></date><icon src="https://images.tv.kpn.com/epg/VQZyvY9ACCS5eB9CJMp2EpXV1j42pasQY3MugdH5TxPz4/1920x1080.jpg?blurred=false"></icon><desc>Let us lead you into New Year with the biggest party ever - filled with nothing but upbeat hits from 1980 to 1989... And that's an MTV80s guarantee!</desc><category></category></programme><programme channel="136" start="20221231150100 +0000" stop="20221231190000 +0000" catchup-id="900954984"><title>It's An 80s New Year's Party!</title><date></date><icon src="https://images.tv.kpn.com/epg/yZJCbdbpg2QvOTfLyL44vgteYww1nw2wxhuxR8tMx60/1920x1080.jpg?blurred=false"></icon><desc>Let us lead you into New Year with the biggest party ever - filled with nothing but upbeat hits from 1980 to 1989... And that's an MTV80s guarantee!</desc><category></category></programme><programme channel="136" start="20221231190000 +0000" stop="20230101000000 +0000" catchup-id="900954990"><title>Happy New Year from MTV 80s!</title><date></date><icon src="https://images.tv.kpn.com/epg/yZJCbdbpg2QvOTfLyL44vgteYww1nw2wxhuxR8tMx60/1920x1080.jpg?blurred=false"></icon><desc>It's the start of a new year so let's celebrate with one massive 80s party!</desc><category></category></programme><programme channel="136" start="20230101000000 +0000" stop="20230101030000 +0000" catchup-id="900996543"><title>Happy New Year from MTV 80s!</title><date></date><icon src="https://images.tv.kpn.com/epg/OcPLvsvi0Reh9BdmoELXdaGl9AzW8MwfEe8mxyzWSA9CEU/1920x1080.jpg?blurred=false"></icon><desc>It's the start of a new year so let's celebrate with one massive 80s party!</desc><category></category></programme><programme channel="136" start="20230101030000 +0000" stop="20230101070000 +0000" catchup-id="900996546"><title>Happy New Year from MTV 80s!</title><date></date><icon src="https://images.tv.kpn.com/epg/OcPLvsvi0Reh9BdmoELXdaGl9AzW8MwfEe8mxyzWSA9CEU/1920x1080.jpg?blurred=false"></icon><desc>It's the start of a new year so let's celebrate with one massive 80s party!</desc><category></category></programme><programme channel="136" start="20230101070000 +0000" stop="20230101105900 +0000" catchup-id="900996549"><title>Happy New Year from MTV 80s!</title><date></date><icon src="https://images.tv.kpn.com/epg/qKSx5qRInSdGGi9C2XuVfXp37zPdwY8sslkdMikvV4zY/1920x1080.jpg?blurred=false"></icon><desc>It's the start of a new year so let's celebrate with one massive 80s party!</desc><category></category></programme><programme channel="136" start="20230101105900 +0000" stop="20230101150000 +0000" catchup-id="900996552"><title>Happy New Year from MTV 80s!</title><date></date><icon src="https://images.tv.kpn.com/epg/dg4vH9CXjf1wPsvXg4L7Idb9Bbhcreumlj9AUADPjxh9Bng/1920x1080.jpg?blurred=false"></icon><desc>It's the start of a new year so let's celebrate with one massive 80s party!</desc><category></category></programme><programme channel="136" start="20230101150000 +0000" stop="20230101190200 +0000" catchup-id="900996555"><title>Pump Up The 80s Party!</title><date></date><icon src="https://images.tv.kpn.com/epg/jee9CHLOREMmWBC4k8FA6SavQN9BOUHFIcJoARkuZVqY4/1920x1080.jpg?blurred=false"></icon><desc>We've chosen all of the best 80s hits to go into one epic 80s party playlist. So pump up the volume and get ready to dance with some classic 80s tunes!</desc><category></category></programme><programme channel="136" start="20230101190200 +0000" stop="20230101195900 +0000" catchup-id="900996558"><title>80s Power Ballad Heaven!</title><date></date><icon src="https://images.tv.kpn.com/epg/PSfKMEuFywb9B5hTpECZ9C7PvxG8iMdQ9BPf3xJbudI3us/1920x1080.jpg?blurred=false"></icon><desc>We've selected some of the most iconic 80s power ballads ever recorded to play for you right now on MTV 80s!</desc><category></category></programme><programme channel="136" start="20230101195900 +0000" stop="20230102010100 +0000" catchup-id="900996561"><title>... So 80s!</title><date></date><icon src="https://images.tv.kpn.com/epg/yZJCbdbpg2QvOTfLyL44vgteYww1nw2wxhuxR8tMx60/1920x1080.jpg?blurred=false"></icon><desc>Get ready because we're bringing you nothing but classic hits and iconic anthems from the 80s!</desc><category></category></programme><programme channel="136" start="20230102010100 +0000" stop="20230102030000 +0000" catchup-id="901036821"><title>... So 80s!</title><date></date><icon src="https://images.tv.kpn.com/epg/jee9CHLOREMmWBC4k8FA6SavQN9BOUHFIcJoARkuZVqY4/1920x1080.jpg?blurred=false"></icon><desc>Get ready because we're bringing you nothing but classic hits and iconic anthems from the 80s!</desc><category></category></programme><programme channel="136" start="20230102030000 +0000" stop="20230102070300 +0000" catchup-id="901036824"><title>Non-Stop 80s Hits!</title><date></date><icon src="https://images.tv.kpn.com/epg/PSfKMEuFywb9B5hTpECZ9C7PvxG8iMdQ9BPf3xJbudI3us/1920x1080.jpg?blurred=false"></icon><desc>We got hits... We got hits from the 80s. And guess what? They don't stop! You're welcome!</desc><category></category></programme><programme channel="136" start="20230102070300 +0000" stop="20230102110100 +0000" catchup-id="901036827"><title>Gold! Greatest Hits Of The 80s</title><date></date><icon src="https://images.tv.kpn.com/epg/yZJCbdbpg2QvOTfLyL44vgteYww1nw2wxhuxR8tMx60/1920x1080.jpg?blurred=false"></icon><desc>Pencil us in because we've organised the greatest hits of the '80s for you...you're welcome!</desc><category></category></programme><programme channel="136" start="20230102110100 +0000" stop="20230102150000 +0000" catchup-id="901036830"><title>I Want My MTV 80s!</title><date></date><icon src="https://images.tv.kpn.com/epg/VQZyvY9ACCS5eB9CJMp2EpXV1j42pasQY3MugdH5TxPz4/1920x1080.jpg?blurred=false"></icon><desc>It's non-stop nostalgia right here at MTV 80s - and that's what we want, right now!</desc><category></category></programme><programme channel="136" start="20230102150000 +0000" stop="20230102170000 +0000" catchup-id="901036833"><title>Forever 80s</title><date></date><icon src="https://images.tv.kpn.com/epg/yZJCbdbpg2QvOTfLyL44vgteYww1nw2wxhuxR8tMx60/1920x1080.jpg?blurred=false"></icon><desc>Check out all of the best hits from one of the biggest decades in music!</desc><category></category></programme><programme channel="136" start="20230102170000 +0000" stop="20230102190100 +0000" catchup-id="901036836"><title>Who's That 80s Girl?</title><date></date><icon src="https://images.tv.kpn.com/epg/VQZyvY9ACCS5eB9CJMp2EpXV1j42pasQY3MugdH5TxPz4/1920x1080.jpg?blurred=false"></icon><desc>Check out all of the greatest hits from our favourite girls of the 80s!</desc><category></category></programme><programme channel="136" start="20230102190100 +0000" stop="20230102200200 +0000" catchup-id="901036839"><title>Greatest 80s Rock: Play It Loud!</title><date></date><icon src="https://images.tv.kpn.com/epg/yZJCbdbpg2QvOTfLyL44vgteYww1nw2wxhuxR8tMx60/1920x1080.jpg?blurred=false"></icon><desc>Hard! Alternative! Heavy! Post-punk! Metal! Indie! Goth! Call it what you want, but turn up the volume as we delve into the decade's best rock tracks in all their incarnations, right here on MTV80s!</desc><category></category></programme><programme channel="136" start="20230102200200 +0000" stop="20230103010100 +0000" catchup-id="901036842"><title>... So 80s!</title><date></date><icon src="https://images.tv.kpn.com/epg/PSfKMEuFywb9B5hTpECZ9C7PvxG8iMdQ9BPf3xJbudI3us/1920x1080.jpg?blurred=false"></icon><desc>Get ready because we're bringing you nothing but classic hits and iconic anthems from the 80s!</desc><category></category></programme><programme channel="136" start="20230103010100 +0000" stop="20230103030000 +0000" catchup-id="901078575"><title>... So 80s!</title><date></date><icon src="https://images.tv.kpn.com/epg/yZJCbdbpg2QvOTfLyL44vgteYww1nw2wxhuxR8tMx60/1920x1080.jpg?blurred=false"></icon><desc>Get ready because we're bringing you nothing but classic hits and iconic anthems from the 80s!</desc><category></category></programme><programme channel="136" start="20230103030000 +0000" stop="20230103065900 +0000" catchup-id="901078578"><title>Non-Stop 80s Hits!</title><date></date><icon src="https://images.tv.kpn.com/epg/dg4vH9CXjf1wPsvXg4L7Idb9Bbhcreumlj9AUADPjxh9Bng/1920x1080.jpg?blurred=false"></icon><desc>We got hits... We got hits from the 80s. And guess what? They don't stop! You're welcome!</desc><category></category></programme><programme channel="136" start="20230103065900 +0000" stop="20230103110100 +0000" catchup-id="901078581"><title>Gold! Greatest Hits Of The 80s</title><date></date><icon src="https://images.tv.kpn.com/epg/dg4vH9CXjf1wPsvXg4L7Idb9Bbhcreumlj9AUADPjxh9Bng/1920x1080.jpg?blurred=false"></icon><desc>Pencil us in because we've organised the greatest hits of the '80s for you...you're welcome!</desc><category></category></programme><programme channel="136" start="20230103110100 +0000" stop="20230103145900 +0000" catchup-id="901078584"><title>I Want My MTV 80s!</title><date></date><icon src="https://images.tv.kpn.com/epg/qKSx5qRInSdGGi9C2XuVfXp37zPdwY8sslkdMikvV4zY/1920x1080.jpg?blurred=false"></icon><desc>It's non-stop nostalgia right here at MTV 80s - and that's what we want, right now!</desc><category></category></programme><programme channel="136" start="20230103145900 +0000" stop="20230103170200 +0000" catchup-id="901078587"><title>Forever 80s</title><date></date><icon src="https://images.tv.kpn.com/epg/jee9CHLOREMmWBC4k8FA6SavQN9BOUHFIcJoARkuZVqY4/1920x1080.jpg?blurred=false"></icon><desc>Check out all of the best hits from one of the biggest decades in music!</desc><category></category></programme><programme channel="136" start="20230103170200 +0000" stop="20230103190100 +0000" catchup-id="901078590"><title>Electric 80s!</title><date></date><icon src="https://images.tv.kpn.com/epg/jee9CHLOREMmWBC4k8FA6SavQN9BOUHFIcJoARkuZVqY4/1920x1080.jpg?blurred=false"></icon><desc>Tune in as we play all of the biggest electronic and synth pop hits from the 80s!</desc><category></category></programme><programme channel="136" start="20230103190100 +0000" stop="20230103200200 +0000" catchup-id="901078593"><title>Greatest 80s Rock: Play It Loud!</title><date></date><icon src="https://images.tv.kpn.com/epg/yZJCbdbpg2QvOTfLyL44vgteYww1nw2wxhuxR8tMx60/1920x1080.jpg?blurred=false"></icon><desc>Hard! Alternative! Heavy! Post-punk! Metal! Indie! Goth! Call it what you want, but turn up the volume as we delve into the decade's best rock tracks in all their incarnations, right here on MTV80s!</desc><category></category></programme><programme channel="136" start="20230103200200 +0000" stop="20230104010100 +0000" catchup-id="901078596"><title>... So 80s!</title><date></date><icon src="https://images.tv.kpn.com/epg/OcPLvsvi0Reh9BdmoELXdaGl9AzW8MwfEe8mxyzWSA9CEU/1920x1080.jpg?blurred=false"></icon><desc>Get ready because we're bringing you nothing but classic hits and iconic anthems from the 80s!</desc><category></category></programme><programme channel="136" start="20230104010100 +0000" stop="20230104030000 +0000" catchup-id="901123851"><title>... So 80s!</title><date></date><icon src="https://images.tv.kpn.com/epg/jee9CHLOREMmWBC4k8FA6SavQN9BOUHFIcJoARkuZVqY4/1920x1080.jpg?blurred=false"></icon><desc>Get ready because we're bringing you nothing but classic hits and iconic anthems from the 80s!</desc><category></category></programme><programme channel="136" start="20230104030000 +0000" stop="20230104070100 +0000" catchup-id="901123857"><title>Non-Stop 80s Hits!</title><date></date><icon src="https://images.tv.kpn.com/epg/jee9CHLOREMmWBC4k8FA6SavQN9BOUHFIcJoARkuZVqY4/1920x1080.jpg?blurred=false"></icon><desc>We got hits... We got hits from the 80s. And guess what? They don't stop! You're welcome!</desc><category></category></programme><programme channel="136" start="20230104070100 +0000" stop="20230104110000 +0000" catchup-id="901123863"><title>Gold! Greatest Hits Of The 80s</title><date></date><icon src="https://images.tv.kpn.com/epg/qKSx5qRInSdGGi9C2XuVfXp37zPdwY8sslkdMikvV4zY/1920x1080.jpg?blurred=false"></icon><desc>Pencil us in because we've organised the greatest hits of the '80s for you...you're welcome!</desc><category></category></programme><programme channel="136" start="20230104110000 +0000" stop="20230104141600 +0000" catchup-id="901123869"><title>Top 50 Best 80s Debuts!</title><date></date><icon src="https://images.tv.kpn.com/epg/VQZyvY9ACCS5eB9CJMp2EpXV1j42pasQY3MugdH5TxPz4/1920x1080.jpg?blurred=false"></icon><desc>The first hit is always the best - so get ready as we bring you 50 of the most memorable debuts of the 1980s!</desc><category></category></programme><programme channel="136" start="20230104141600 +0000" stop="20230104170100 +0000" catchup-id="901123872"><title>Forever 80s</title><date></date><icon src="https://images.tv.kpn.com/epg/qKSx5qRInSdGGi9C2XuVfXp37zPdwY8sslkdMikvV4zY/1920x1080.jpg?blurred=false"></icon><desc>Check out all of the best hits from one of the biggest decades in music!</desc><category></category></programme><programme channel="136" start="20230104170100 +0000" stop="20230104190100 +0000" catchup-id="901123875"><title>The Power Of Love!</title><date></date><icon src="https://images.tv.kpn.com/epg/PSfKMEuFywb9B5hTpECZ9C7PvxG8iMdQ9BPf3xJbudI3us/1920x1080.jpg?blurred=false"></icon><desc>The power of love is strong here at MTV which is why we've put all of the best 80s love songs together in one playlist!</desc><category></category></programme><programme channel="136" start="20230104190100 +0000" stop="20230104200000 +0000" catchup-id="901123878"><title>Greatest 80s Rock: Play It Loud!</title><date></date><icon src="https://images.tv.kpn.com/epg/yZJCbdbpg2QvOTfLyL44vgteYww1nw2wxhuxR8tMx60/1920x1080.jpg?blurred=false"></icon><desc>Hard! Alternative! Heavy! Post-punk! Metal! Indie! Goth! Call it what you want, but turn up the volume as we delve into the decade's best rock tracks in all their incarnations, right here on MTV80s!</desc><category></category></programme><programme channel="136" start="20230104200000 +0000" stop="20230105005900 +0000" catchup-id="901123884"><title>... So 80s!</title><date></date><icon src="https://images.tv.kpn.com/epg/dg4vH9CXjf1wPsvXg4L7Idb9Bbhcreumlj9AUADPjxh9Bng/1920x1080.jpg?blurred=false"></icon><desc>Get ready because we're bringing you nothing but classic hits and iconic anthems from the 80s!</desc><category></category></programme><programme channel="136" start="20230105005900 +0000" stop="20230105030000 +0000" catchup-id="901168851"><title>... So 80s!</title><date></date><icon src="https://images.tv.kpn.com/epg/jee9CHLOREMmWBC4k8FA6SavQN9BOUHFIcJoARkuZVqY4/1920x1080.jpg?blurred=false"></icon><desc>Get ready because we're bringing you nothing but classic hits and iconic anthems from the 80s!</desc><category></category></programme><programme channel="136" start="20230105030000 +0000" stop="20230105065900 +0000" catchup-id="901168854"><title>Non-Stop 80s Hits!</title><date></date><icon src="https://images.tv.kpn.com/epg/VQZyvY9ACCS5eB9CJMp2EpXV1j42pasQY3MugdH5TxPz4/1920x1080.jpg?blurred=false"></icon><desc>We got hits... We got hits from the 80s. And guess what? They don't stop! You're welcome!</desc><category></category></programme><programme channel="136" start="20230105065900 +0000" stop="20230105110100 +0000" catchup-id="901168857"><title>Gold! Greatest Hits Of The 80s</title><date></date><icon src="https://images.tv.kpn.com/epg/OcPLvsvi0Reh9BdmoELXdaGl9AzW8MwfEe8mxyzWSA9CEU/1920x1080.jpg?blurred=false"></icon><desc>Pencil us in because we've organised the greatest hits of the '80s for you...you're welcome!</desc><category></category></programme><programme channel="136" start="20230105110100 +0000" stop="20230105145900 +0000" catchup-id="901168860"><title>I Want My MTV 80s!</title><date></date><icon src="https://images.tv.kpn.com/epg/jee9CHLOREMmWBC4k8FA6SavQN9BOUHFIcJoARkuZVqY4/1920x1080.jpg?blurred=false"></icon><desc>It's non-stop nostalgia right here at MTV 80s - and that's what we want, right now!</desc><category></category></programme><programme channel="136" start="20230105145900 +0000" stop="20230105170000 +0000" catchup-id="901168863"><title>Forever 80s</title><date></date><icon src="https://images.tv.kpn.com/epg/qKSx5qRInSdGGi9C2XuVfXp37zPdwY8sslkdMikvV4zY/1920x1080.jpg?blurred=false"></icon><desc>Check out all of the best hits from one of the biggest decades in music!</desc><category></category></programme><programme channel="136" start="20230105170000 +0000" stop="20230105190000 +0000" catchup-id="901168866"><title>Wild Boys Of The 80s!</title><date></date><icon src="https://images.tv.kpn.com/epg/OcPLvsvi0Reh9BdmoELXdaGl9AzW8MwfEe8mxyzWSA9CEU/1920x1080.jpg?blurred=false"></icon><desc>These boys were born to be wild in the 80s! Check out all of their huge hits and iconic anthems right here!</desc><category></category></programme><programme channel="136" start="20230105190000 +0000" stop="20230105200100 +0000" catchup-id="901168869"><title>Greatest 80s Rock: Play It Loud!</title><date></date><icon src="https://images.tv.kpn.com/epg/PSfKMEuFywb9B5hTpECZ9C7PvxG8iMdQ9BPf3xJbudI3us/1920x1080.jpg?blurred=false"></icon><desc>Hard! Alternative! Heavy! Post-punk! Metal! Indie! Goth! Call it what you want, but turn up the volume as we delve into the decade's best rock tracks in all their incarnations, right here on MTV80s!</desc><category></category></programme><programme channel="136" start="20230105200100 +0000" stop="20230106010000 +0000" catchup-id="901168872"><title>... So 80s!</title><date></date><icon src="https://images.tv.kpn.com/epg/qKSx5qRInSdGGi9C2XuVfXp37zPdwY8sslkdMikvV4zY/1920x1080.jpg?blurred=false"></icon><desc>Get ready because we're bringing you nothing but classic hits and iconic anthems from the 80s!</desc><category></category></programme><programme channel="136" start="20230106010000 +0000" stop="20230106030000 +0000" catchup-id="901216287"><title>... So 80s!</title><date></date><icon src="https://images.tv.kpn.com/epg/OcPLvsvi0Reh9BdmoELXdaGl9AzW8MwfEe8mxyzWSA9CEU/1920x1080.jpg?blurred=false"></icon><desc>Get ready because we're bringing you nothing but classic hits and iconic anthems from the 80s!</desc><category></category></programme><programme channel="136" start="20230106030000 +0000" stop="20230106070100 +0000" catchup-id="901216290"><title>Non-Stop 80s Hits!</title><date></date><icon src="https://images.tv.kpn.com/epg/PSfKMEuFywb9B5hTpECZ9C7PvxG8iMdQ9BPf3xJbudI3us/1920x1080.jpg?blurred=false"></icon><desc>We got hits... We got hits from the 80s. And guess what? They don't stop! You're welcome!</desc><category></category></programme><programme channel="136" start="20230106070100 +0000" stop="20230106110100 +0000" catchup-id="901216293"><title>Gold! Greatest Hits Of The 80s</title><date></date><icon src="https://images.tv.kpn.com/epg/jee9CHLOREMmWBC4k8FA6SavQN9BOUHFIcJoARkuZVqY4/1920x1080.jpg?blurred=false"></icon><desc>Pencil us in because we've organised the greatest hits of the '80s for you...you're welcome!</desc><category></category></programme><programme channel="136" start="20230106110100 +0000" stop="20230106150000 +0000" catchup-id="901216296"><title>I Want My MTV 80s!</title><date></date><icon src="https://images.tv.kpn.com/epg/PSfKMEuFywb9B5hTpECZ9C7PvxG8iMdQ9BPf3xJbudI3us/1920x1080.jpg?blurred=false"></icon><desc>It's non-stop nostalgia right here at MTV 80s - and that's what we want, right now!</desc><category></category></programme><programme channel="136" start="20230106150000 +0000" stop="20230106200000 +0000" catchup-id="901216299"><title>Pump Up The 80s Party!</title><date></date><icon src="https://images.tv.kpn.com/epg/dg4vH9CXjf1wPsvXg4L7Idb9Bbhcreumlj9AUADPjxh9Bng/1920x1080.jpg?blurred=false"></icon><desc>We've chosen all of the best 80s hits to go into one epic 80s party playlist. So pump up the volume and get ready to dance with some classic 80s tunes!</desc><category></category></programme><programme channel="136" start="20230106200000 +0000" stop="20230106210100 +0000" catchup-id="901216302"><title>Pump Up The 80s Party!</title><date></date><icon src="https://images.tv.kpn.com/epg/yZJCbdbpg2QvOTfLyL44vgteYww1nw2wxhuxR8tMx60/1920x1080.jpg?blurred=false"></icon><desc>We've chosen all of the best 80s hits to go into one epic 80s party playlist. So pump up the volume and get ready to dance with some classic 80s tunes!</desc><category></category></programme><programme channel="136" start="20230106210100 +0000" stop="20230107020000 +0000" catchup-id="901216305"><title>... So 80s!</title><date></date><icon src="https://images.tv.kpn.com/epg/VQZyvY9ACCS5eB9CJMp2EpXV1j42pasQY3MugdH5TxPz4/1920x1080.jpg?blurred=false"></icon><desc>Get ready because we're bringing you nothing but classic hits and iconic anthems from the 80s!</desc><category></category></programme><programme channel="136" start="20230107020000 +0000" stop="20230107030000 +0000" catchup-id="901260705"><title>... So 80s!</title><date></date><icon src="https://images.tv.kpn.com/epg/PSfKMEuFywb9B5hTpECZ9C7PvxG8iMdQ9BPf3xJbudI3us/1920x1080.jpg?blurred=false"></icon><desc>Get ready because we're bringing you nothing but classic hits and iconic anthems from the 80s!</desc><category></category></programme><programme channel="136" start="20230107030000 +0000" stop="20230107065900 +0000" catchup-id="901260708"><title>Non-Stop 80s Hits!</title><date></date><icon src="https://images.tv.kpn.com/epg/OcPLvsvi0Reh9BdmoELXdaGl9AzW8MwfEe8mxyzWSA9CEU/1920x1080.jpg?blurred=false"></icon><desc>We got hits... We got hits from the 80s. And guess what? They don't stop! You're welcome!</desc><category></category></programme><programme channel="136" start="20230107065900 +0000" stop="20230107110100 +0000" catchup-id="901260711"><title>Gold! Greatest Hits Of The 80s</title><date></date><icon src="https://images.tv.kpn.com/epg/jee9CHLOREMmWBC4k8FA6SavQN9BOUHFIcJoARkuZVqY4/1920x1080.jpg?blurred=false"></icon><desc>Pencil us in because we've organised the greatest hits of the '80s for you...you're welcome!</desc><category></category></programme><programme channel="136" start="20230107110100 +0000" stop="20230107145900 +0000" catchup-id="901260714"><title>I Want My MTV 80s!</title><date></date><icon src="https://images.tv.kpn.com/epg/dg4vH9CXjf1wPsvXg4L7Idb9Bbhcreumlj9AUADPjxh9Bng/1920x1080.jpg?blurred=false"></icon><desc>It's non-stop nostalgia right here at MTV 80s - and that's what we want, right now!</desc><category></category></programme><programme channel="136" start="20230107145900 +0000" stop="20230107170000 +0000" catchup-id="901260717"><title>Forever 80s</title><date></date><icon src="https://images.tv.kpn.com/epg/jee9CHLOREMmWBC4k8FA6SavQN9BOUHFIcJoARkuZVqY4/1920x1080.jpg?blurred=false"></icon><desc>Check out all of the best hits from one of the biggest decades in music!</desc><category></category></programme><programme channel="136" start="20230107170000 +0000" stop="20230107202000 +0000" catchup-id="901260720"><title>Dance Dance Dance! 50 Best...</title><date></date><icon src="https://images.tv.kpn.com/epg/yZJCbdbpg2QvOTfLyL44vgteYww1nw2wxhuxR8tMx60/1920x1080.jpg?blurred=false"></icon><desc>... Moves Of The 80s! We hope you are ready to get up and groove because we're bringing you 50 of the best dance moves of the 80s!</desc><category></category></programme><programme channel="136" start="20230107202000 +0000" stop="20230108015900 +0000" catchup-id="901260723"><title>... So 80s!</title><date></date><icon src="https://images.tv.kpn.com/epg/OcPLvsvi0Reh9BdmoELXdaGl9AzW8MwfEe8mxyzWSA9CEU/1920x1080.jpg?blurred=false"></icon><desc>Get ready because we're bringing you nothing but classic hits and iconic anthems from the 80s!</desc><category></category></programme><programme channel="136" start="20230108015900 +0000" stop="20230108030000 +0000" catchup-id="901305903"><title>... So 80s!</title><date></date><icon src="https://images.tv.kpn.com/epg/VQZyvY9ACCS5eB9CJMp2EpXV1j42pasQY3MugdH5TxPz4/1920x1080.jpg?blurred=false"></icon><desc>Get ready because we're bringing you nothing but classic hits and iconic anthems from the 80s!</desc><category></category></programme><programme channel="136" start="20230108030000 +0000" stop="20230108070000 +0000" catchup-id="901305915"><title>Non-Stop 80s Hits!</title><date></date><icon src="https://images.tv.kpn.com/epg/yZJCbdbpg2QvOTfLyL44vgteYww1nw2wxhuxR8tMx60/1920x1080.jpg?blurred=false"></icon><desc>We got hits... We got hits from the 80s. And guess what? They don't stop! You're welcome!</desc><category></category></programme><programme channel="136" start="20230108070000 +0000" stop="20230108102600 +0000" catchup-id="901305927"><title>Global No.1s Of The 80s! Top 50</title><date></date><icon src="https://images.tv.kpn.com/epg/VQZyvY9ACCS5eB9CJMp2EpXV1j42pasQY3MugdH5TxPz4/1920x1080.jpg?blurred=false"></icon><desc>Right now we're counting down 50 of the best 80s hits that made it to number 1 worldwide!</desc><category></category></programme><programme channel="136" start="20230108102600 +0000" stop="20230108150000 +0000" catchup-id="901305939"><title>I Want My MTV 80s!</title><date></date><icon src="https://images.tv.kpn.com/epg/jee9CHLOREMmWBC4k8FA6SavQN9BOUHFIcJoARkuZVqY4/1920x1080.jpg?blurred=false"></icon><desc>It's non-stop nostalgia right here at MTV 80s - and that's what we want, right now!</desc><category></category></programme><programme channel="136" start="20230108150000 +0000" stop="20230108170000 +0000" catchup-id="901305948"><title>Forever 80s</title><date></date><icon src="https://images.tv.kpn.com/epg/yZJCbdbpg2QvOTfLyL44vgteYww1nw2wxhuxR8tMx60/1920x1080.jpg?blurred=false"></icon><desc>Check out all of the best hits from one of the biggest decades in music!</desc><category></category></programme><programme channel="136" start="20230108170000 +0000" stop="20230108200100 +0000" catchup-id="901305954"><title>80s Power Ballad Heaven!</title><date></date><icon src="https://images.tv.kpn.com/epg/PSfKMEuFywb9B5hTpECZ9C7PvxG8iMdQ9BPf3xJbudI3us/1920x1080.jpg?blurred=false"></icon><desc>We've selected some of the most iconic 80s power ballads ever recorded to play for you right now on MTV 80s!</desc><category></category></programme><programme channel="136" start="20230108200100 +0000" stop="20230109010000 +0000" catchup-id="901305960"><title>... So 80s!</title><date></date><icon src="https://images.tv.kpn.com/epg/PSfKMEuFywb9B5hTpECZ9C7PvxG8iMdQ9BPf3xJbudI3us/1920x1080.jpg?blurred=false"></icon><desc>Get ready because we're bringing you nothing but classic hits and iconic anthems from the 80s!</desc><category></category></programme><programme channel="136" start="20230109010000 +0000" stop="20230109030000 +0000" catchup-id="901346547"><title>... So 80s!</title><date></date><icon src="https://images.tv.kpn.com/epg/OcPLvsvi0Reh9BdmoELXdaGl9AzW8MwfEe8mxyzWSA9CEU/1920x1080.jpg?blurred=false"></icon><desc>Get ready because we're bringing you nothing but classic hits and iconic anthems from the 80s!</desc><category></category></programme><programme channel="136" start="20230109030000 +0000" stop="20230109070000 +0000" catchup-id="901346550"><title>Non-Stop 80s Hits!</title><date></date><icon src="https://images.tv.kpn.com/epg/PSfKMEuFywb9B5hTpECZ9C7PvxG8iMdQ9BPf3xJbudI3us/1920x1080.jpg?blurred=false"></icon><desc>We got hits... We got hits from the 80s. And guess what? They don't stop! You're welcome!</desc><category></category></programme><programme channel="136" start="20230109070000 +0000" stop="20230109110000 +0000" catchup-id="901346553"><title>Gold! Greatest Hits Of The 80s</title><date></date><icon src="https://images.tv.kpn.com/epg/OcPLvsvi0Reh9BdmoELXdaGl9AzW8MwfEe8mxyzWSA9CEU/1920x1080.jpg?blurred=false"></icon><desc>Pencil us in because we've organised the greatest hits of the '80s for you...you're welcome!</desc><category></category></programme><programme channel="136" start="20230109110000 +0000" stop="20230109150000 +0000" catchup-id="901346556"><title>I Want My MTV 80s!</title><date></date><icon src="https://images.tv.kpn.com/epg/yZJCbdbpg2QvOTfLyL44vgteYww1nw2wxhuxR8tMx60/1920x1080.jpg?blurred=false"></icon><desc>It's non-stop nostalgia right here at MTV 80s - and that's what we want, right now!</desc><category></category></programme><programme channel="136" start="20230109150000 +0000" stop="20230109170000 +0000" catchup-id="901346559"><title>Forever 80s</title><date></date><icon src="https://images.tv.kpn.com/epg/jee9CHLOREMmWBC4k8FA6SavQN9BOUHFIcJoARkuZVqY4/1920x1080.jpg?blurred=false"></icon><desc>Check out all of the best hits from one of the biggest decades in music!</desc><category></category></programme><programme channel="136" start="20230109170000 +0000" stop="20230109190000 +0000" catchup-id="901346562"><title>Who's That 80s Girl?</title><date></date><icon src="https://images.tv.kpn.com/epg/qKSx5qRInSdGGi9C2XuVfXp37zPdwY8sslkdMikvV4zY/1920x1080.jpg?blurred=false"></icon><desc>Check out all of the greatest hits from our favourite girls of the 80s!</desc><category></category></programme><programme channel="136" start="20230109190000 +0000" stop="20230109200000 +0000" catchup-id="901346565"><title>Greatest 80s Rock: Play It Loud!</title><date></date><icon src="https://images.tv.kpn.com/epg/dg4vH9CXjf1wPsvXg4L7Idb9Bbhcreumlj9AUADPjxh9Bng/1920x1080.jpg?blurred=false"></icon><desc>Hard! Alternative! Heavy! Post-punk! Metal! Indie! Goth! Call it what you want, but turn up the volume as we delve into the decade's best rock tracks in all their incarnations, right here on MTV80s!</desc><category></category></programme><programme channel="136" start="20230109200000 +0000" stop="20230110010000 +0000" catchup-id="901346568"><title>... So 80s!</title><date></date><icon src="https://images.tv.kpn.com/epg/jee9CHLOREMmWBC4k8FA6SavQN9BOUHFIcJoARkuZVqY4/1920x1080.jpg?blurred=false"></icon><desc>Get ready because we're bringing you nothing but classic hits and iconic anthems from the 80s!</desc><category></category></programme><programme channel="136" start="20230110010000 +0000" stop="20230110030000 +0000" catchup-id="901388859"><title>... So 80s!</title><date></date><icon src="https://images.tv.kpn.com/epg/qKSx5qRInSdGGi9C2XuVfXp37zPdwY8sslkdMikvV4zY/1920x1080.jpg?blurred=false"></icon><desc>Get ready because we're bringing you nothing but classic hits and iconic anthems from the 80s!</desc><category></category></programme><programme channel="136" start="20230110030000 +0000" stop="20230110070000 +0000" catchup-id="901388865"><title>Non-Stop 80s Hits!</title><date></date><icon src="https://images.tv.kpn.com/epg/yZJCbdbpg2QvOTfLyL44vgteYww1nw2wxhuxR8tMx60/1920x1080.jpg?blurred=false"></icon><desc>We got hits... We got hits from the 80s. And guess what? They don't stop! You're welcome!</desc><category></category></programme><programme channel="136" start="20230110070000 +0000" stop="20230110110000 +0000" catchup-id="901388874"><title>Gold! Greatest Hits Of The 80s</title><date></date><icon src="https://images.tv.kpn.com/epg/jee9CHLOREMmWBC4k8FA6SavQN9BOUHFIcJoARkuZVqY4/1920x1080.jpg?blurred=false"></icon><desc>Pencil us in because we've organised the greatest hits of the '80s for you...you're welcome!</desc><category></category></programme><programme channel="136" start="20230110110000 +0000" stop="20230110150000 +0000" catchup-id="901388880"><title>I Want My MTV 80s!</title><date></date><icon src="https://images.tv.kpn.com/epg/yZJCbdbpg2QvOTfLyL44vgteYww1nw2wxhuxR8tMx60/1920x1080.jpg?blurred=false"></icon><desc>It's non-stop nostalgia right here at MTV 80s - and that's what we want, right now!</desc><category></category></programme><programme channel="136" start="20230110150000 +0000" stop="20230110170000 +0000" catchup-id="901388886"><title>Forever 80s</title><date></date><icon src="https://images.tv.kpn.com/epg/VQZyvY9ACCS5eB9CJMp2EpXV1j42pasQY3MugdH5TxPz4/1920x1080.jpg?blurred=false"></icon><desc>Check out all of the best hits from one of the biggest decades in music!</desc><category></category></programme><programme channel="136" start="20230110170000 +0000" stop="20230110190000 +0000" catchup-id="901388892"><title>Electric 80s!</title><date></date><icon src="https://images.tv.kpn.com/epg/jee9CHLOREMmWBC4k8FA6SavQN9BOUHFIcJoARkuZVqY4/1920x1080.jpg?blurred=false"></icon><desc>Tune in as we play all of the biggest electronic and synth pop hits from the 80s!</desc><category></category></programme><programme channel="136" start="20230110190000 +0000" stop="20230110200000 +0000" catchup-id="901388895"><title>Greatest 80s Rock: Play It Loud!</title><date></date><icon src="https://images.tv.kpn.com/epg/PSfKMEuFywb9B5hTpECZ9C7PvxG8iMdQ9BPf3xJbudI3us/1920x1080.jpg?blurred=false"></icon><desc>Hard! Alternative! Heavy! Post-punk! Metal! Indie! Goth! Call it what you want, but turn up the volume as we delve into the decade's best rock tracks in all their incarnations, right here on MTV80s!</desc><category></category></programme><programme channel="136" start="20230110200000 +0000" stop="20230111010000 +0000" catchup-id="901388898"><title>... So 80s!</title><date></date><icon src="https://images.tv.kpn.com/epg/PSfKMEuFywb9B5hTpECZ9C7PvxG8iMdQ9BPf3xJbudI3us/1920x1080.jpg?blurred=false"></icon><desc>Get ready because we're bringing you nothing but classic hits and iconic anthems from the 80s!</desc><category></category></programme><programme channel="136" start="20230111010000 +0000" stop="20230111030000 +0000" catchup-id="901439847"><title>... So 80s!</title><date></date><icon src="https://images.tv.kpn.com/epg/qKSx5qRInSdGGi9C2XuVfXp37zPdwY8sslkdMikvV4zY/1920x1080.jpg?blurred=false"></icon><desc>Get ready because we're bringing you nothing but classic hits and iconic anthems from the 80s!</desc><category></category></programme><programme channel="136" start="20230111030000 +0000" stop="20230111070000 +0000" catchup-id="901439853"><title>Non-Stop 80s Hits!</title><date></date><icon src="https://images.tv.kpn.com/epg/yZJCbdbpg2QvOTfLyL44vgteYww1nw2wxhuxR8tMx60/1920x1080.jpg?blurred=false"></icon><desc>We got hits... We got hits from the 80s. And guess what? They don't stop! You're welcome!</desc><category></category></programme><programme channel="136" start="20230111070000 +0000" stop="20230111110000 +0000" catchup-id="901439859"><title>Gold! Greatest Hits Of The 80s</title><date></date><icon src="https://images.tv.kpn.com/epg/VQZyvY9ACCS5eB9CJMp2EpXV1j42pasQY3MugdH5TxPz4/1920x1080.jpg?blurred=false"></icon><desc>Pencil us in because we've organised the greatest hits of the '80s for you...you're welcome!</desc><category></category></programme><programme channel="136" start="20230111110000 +0000" stop="20230111150000 +0000" catchup-id="901439865"><title>Top 50 Greatest Voices Of The 80s!</title><date></date><icon src="https://images.tv.kpn.com/epg/yZJCbdbpg2QvOTfLyL44vgteYww1nw2wxhuxR8tMx60/1920x1080.jpg?blurred=false"></icon><desc>They gave us their all in the '80s and we're here to celebrate them one more time - 50 powerful songs from the greatest voices of the decade!</desc><category></category></programme><programme channel="136" start="20230111150000 +0000" stop="20230111170000 +0000" catchup-id="901439871"><title>Forever 80s</title><date></date><icon src="https://images.tv.kpn.com/epg/OcPLvsvi0Reh9BdmoELXdaGl9AzW8MwfEe8mxyzWSA9CEU/1920x1080.jpg?blurred=false"></icon><desc>Check out all of the best hits from one of the biggest decades in music!</desc><category></category></programme><programme channel="136" start="20230111170000 +0000" stop="20230111190000 +0000" catchup-id="901439877"><title>The Power Of Love!</title><date></date><icon src="https://images.tv.kpn.com/epg/yZJCbdbpg2QvOTfLyL44vgteYww1nw2wxhuxR8tMx60/1920x1080.jpg?blurred=false"></icon><desc>The power of love is strong here at MTV which is why we've put all of the best 80s love songs together in one playlist!</desc><category></category></programme><programme channel="136" start="20230111190000 +0000" stop="20230111200000 +0000" catchup-id="901439883"><title>Greatest 80s Rock: Play It Loud!</title><date></date><icon src="https://images.tv.kpn.com/epg/PSfKMEuFywb9B5hTpECZ9C7PvxG8iMdQ9BPf3xJbudI3us/1920x1080.jpg?blurred=false"></icon><desc>Hard! Alternative! Heavy! Post-punk! Metal! Indie! Goth! Call it what you want, but turn up the volume as we delve into the decade's best rock tracks in all their incarnations, right here on MTV80s!</desc><category></category></programme><programme channel="136" start="20230111200000 +0000" stop="20230112010000 +0000" catchup-id="901439889"><title>... So 80s!</title><date></date><icon src="https://images.tv.kpn.com/epg/dg4vH9CXjf1wPsvXg4L7Idb9Bbhcreumlj9AUADPjxh9Bng/1920x1080.jpg?blurred=false"></icon><desc>Get ready because we're bringing you nothing but classic hits and iconic anthems from the 80s!</desc><category></category></programme><programme channel="136" start="20230112010000 +0000" stop="20230112030000 +0000" catchup-id="901493817"><title>... So 80s!</title><date></date><icon src="https://images.tv.kpn.com/epg/jee9CHLOREMmWBC4k8FA6SavQN9BOUHFIcJoARkuZVqY4/1920x1080.jpg?blurred=false"></icon><desc>Get ready because we're bringing you nothing but classic hits and iconic anthems from the 80s!</desc><category></category></programme><programme channel="136" start="20230112030000 +0000" stop="20230112070000 +0000" catchup-id="901493823"><title>Non-Stop 80s Hits!</title><date></date><icon src="https://images.tv.kpn.com/epg/yZJCbdbpg2QvOTfLyL44vgteYww1nw2wxhuxR8tMx60/1920x1080.jpg?blurred=false"></icon><desc>We got hits... We got hits from the 80s. And guess what? They don't stop! You're welcome!</desc><category></category></programme><programme channel="136" start="20230112070000 +0000" stop="20230112110000 +0000" catchup-id="901493826"><title>Gold! Greatest Hits Of The 80s</title><date></date><icon src="https://images.tv.kpn.com/epg/OcPLvsvi0Reh9BdmoELXdaGl9AzW8MwfEe8mxyzWSA9CEU/1920x1080.jpg?blurred=false"></icon><desc>Pencil us in because we've organised the greatest hits of the '80s for you...you're welcome!</desc><category></category></programme><programme channel="136" start="20230112110000 +0000" stop="20230112150000 +0000" catchup-id="901493829"><title>I Want My MTV 80s!</title><date></date><icon src="https://images.tv.kpn.com/epg/jee9CHLOREMmWBC4k8FA6SavQN9BOUHFIcJoARkuZVqY4/1920x1080.jpg?blurred=false"></icon><desc>It's non-stop nostalgia right here at MTV 80s - and that's what we want, right now!</desc><category></category></programme><programme channel="136" start="20230112150000 +0000" stop="20230112170000 +0000" catchup-id="901493832"><title>Forever 80s</title><date></date><icon src="https://images.tv.kpn.com/epg/VQZyvY9ACCS5eB9CJMp2EpXV1j42pasQY3MugdH5TxPz4/1920x1080.jpg?blurred=false"></icon><desc>Check out all of the best hits from one of the biggest decades in music!</desc><category></category></programme><programme channel="136" start="20230112170000 +0000" stop="20230112190000 +0000" catchup-id="901493835"><title>Wild Boys Of The 80s!</title><date></date><icon src="https://images.tv.kpn.com/epg/VQZyvY9ACCS5eB9CJMp2EpXV1j42pasQY3MugdH5TxPz4/1920x1080.jpg?blurred=false"></icon><desc>These boys were born to be wild in the 80s! Check out all of their huge hits and iconic anthems right here!</desc><category></category></programme><programme channel="136" start="20230112190000 +0000" stop="20230112200000 +0000" catchup-id="901493838"><title>Greatest 80s Rock: Play It Loud!</title><date></date><icon src="https://images.tv.kpn.com/epg/qKSx5qRInSdGGi9C2XuVfXp37zPdwY8sslkdMikvV4zY/1920x1080.jpg?blurred=false"></icon><desc>Hard! Alternative! Heavy! Post-punk! Metal! Indie! Goth! Call it what you want, but turn up the volume as we delve into the decade's best rock tracks in all their incarnations, right here on MTV80s!</desc><category></category></programme>