<programme channel="137" start="20221228230000 +0000" stop="20221229040000 +0000" catchup-id="900864582"><title>TV Oranje Nonstop</title><date></date><icon src="https://images.tv.kpn.com/epg/L3bcxCTL7g74ocIGYu5w5YC6pP6MEB34hyGZqUiD0ko/1920x1080.jpg?blurred=false"></icon><desc>Non-stop de beste muziek van eigen bodem.</desc><category></category></programme><programme channel="137" start="20221229040000 +0000" stop="20221229060000 +0000" catchup-id="900864585"><title>Wakker worden</title><date></date><icon src="https://images.tv.kpn.com/epg/L3bcxCTL7g74ocIGYu5w5YC6pP6MEB34hyGZqUiD0ko/1920x1080.jpg?blurred=false"></icon><desc>Opstaan met je favoriete artiesten en de beste hits van eigen bodem.</desc><category></category></programme><programme channel="137" start="20221229060000 +0000" stop="20221229070000 +0000" catchup-id="900864588"><title>Kinderclips</title><date></date><icon src="https://images.tv.kpn.com/epg/EOj5sQAp9CFfgFHabtdubH1beT9CQrEX6i0v8PR9AU15mI/1920x1080.jpg?blurred=false"></icon><desc>De leukste kinderclips zie je bij TV Oranje. Zing je mee?</desc><category></category></programme><programme channel="137" start="20221229070000 +0000" stop="20221229230000 +0000" catchup-id="900864591"><title>TV Oranje Top1000</title><date></date><icon src="https://images.tv.kpn.com/epg/L3bcxCTL7g74ocIGYu5w5YC6pP6MEB34hyGZqUiD0ko/1920x1080.jpg?blurred=false"></icon><desc>De 1000 meest aangevraagde clips van TV Oranje in 2022. Op vrijdag 23 december wordt de lijst traditiegetrouw bekendgemaakt. Kijk voor de hele lijst op tvoranje.nl</desc><category></category></programme><programme channel="137" start="20221229230000 +0000" stop="20221230230000 +0000" catchup-id="900912834"><title>TV Oranje Top1000</title><date></date><icon src="https://images.tv.kpn.com/epg/L3bcxCTL7g74ocIGYu5w5YC6pP6MEB34hyGZqUiD0ko/1920x1080.jpg?blurred=false"></icon><desc>De 1000 meest aangevraagde clips van TV Oranje in 2022. Op vrijdag 23 december wordt de lijst traditiegetrouw bekendgemaakt. Kijk voor de hele lijst op tvoranje.nl</desc><category></category></programme><programme channel="137" start="20221230230000 +0000" stop="20221231180000 +0000" catchup-id="900955920"><title>TV Oranje Top1000</title><date></date><icon src="https://images.tv.kpn.com/epg/L3bcxCTL7g74ocIGYu5w5YC6pP6MEB34hyGZqUiD0ko/1920x1080.jpg?blurred=false"></icon><desc>De 1000 meest aangevraagde clips van TV Oranje in 2022. Op vrijdag 23 december wordt de lijst traditiegetrouw bekendgemaakt. Kijk voor de hele lijst op tvoranje.nl</desc><category></category></programme><programme channel="137" start="20221231180000 +0000" stop="20221231190000 +0000" catchup-id="900955923"><title>Oranje Top 30</title><date></date><icon src="https://images.tv.kpn.com/epg/bWZl9ACunbi2y8aDVg9Bkr2NcjKFsW8MUvvBn3PTZaaak/1920x1080.jpg?blurred=false"></icon><desc>De 30 populairste nummers van eigen bodem, gebaseerd op gegevens van de media, handel en industrie. Kijk voor de gehele lijst op oranjetop30.nl.</desc><category></category></programme><programme channel="137" start="20221231190000 +0000" stop="20221231230000 +0000" catchup-id="900955926"><title>TV Oranje terugblik 2022</title><date></date><icon src="https://images.tv.kpn.com/epg/KRUQNgRQrT9AOeLB9CgZyW9CcFpzYeyc8ZAyuXa3R59CSPU/1920x1080.jpg?blurred=false"></icon><desc>TV Oranje blikt muzikaal terug op het afgelopen jaar.</desc><category></category></programme><programme channel="137" start="20221231230000 +0000" stop="20230101060000 +0000" catchup-id="900996930"><title>Feest in de tent</title><date></date><icon src="https://images.tv.kpn.com/epg/L3bcxCTL7g74ocIGYu5w5YC6pP6MEB34hyGZqUiD0ko/1920x1080.jpg?blurred=false"></icon><desc>Waar is dat feestje? Hier is dat feestje! De gezelligste clips zie je elk weekend bij TV Oranje.</desc><category></category></programme><programme channel="137" start="20230101060000 +0000" stop="20230101070000 +0000" catchup-id="900996933"><title>Kinderclips</title><date></date><icon src="https://images.tv.kpn.com/epg/EOj5sQAp9CFfgFHabtdubH1beT9CQrEX6i0v8PR9AU15mI/1920x1080.jpg?blurred=false"></icon><desc>De leukste kinderclips zie je bij TV Oranje. Zing je mee?</desc><category></category></programme><programme channel="137" start="20230101070000 +0000" stop="20230101100000 +0000" catchup-id="900996936"><title>TV Oranje terugblik 2022</title><date></date><icon src="https://images.tv.kpn.com/epg/KRUQNgRQrT9AOeLB9CgZyW9CcFpzYeyc8ZAyuXa3R59CSPU/1920x1080.jpg?blurred=false"></icon><desc>TV Oranje blikt muzikaal terug op het afgelopen jaar.</desc><category></category></programme><programme channel="137" start="20230101100000 +0000" stop="20230101110000 +0000" catchup-id="900996939"><title>Oranje Top 30</title><date></date><icon src="https://images.tv.kpn.com/epg/bWZl9ACunbi2y8aDVg9Bkr2NcjKFsW8MUvvBn3PTZaaak/1920x1080.jpg?blurred=false"></icon><desc>De 30 populairste nummers van eigen bodem, gebaseerd op gegevens van de media, handel en industrie. Kijk voor de gehele lijst op oranjetop30.nl.</desc><category></category></programme><programme channel="137" start="20230101110000 +0000" stop="20230101180000 +0000" catchup-id="900996942"><title>TV Oranje terugblik 2022</title><date></date><icon src="https://images.tv.kpn.com/epg/KRUQNgRQrT9AOeLB9CgZyW9CcFpzYeyc8ZAyuXa3R59CSPU/1920x1080.jpg?blurred=false"></icon><desc>TV Oranje blikt muzikaal terug op het afgelopen jaar.</desc><category></category></programme><programme channel="137" start="20230101180000 +0000" stop="20230101230000 +0000" catchup-id="900996945"><title>TV Oranje Top1000</title><date></date><icon src="https://images.tv.kpn.com/epg/L3bcxCTL7g74ocIGYu5w5YC6pP6MEB34hyGZqUiD0ko/1920x1080.jpg?blurred=false"></icon><desc>De 1000 meest aangevraagde clips van TV Oranje in 2022. Op vrijdag 23 december wordt de lijst traditiegetrouw bekendgemaakt. Kijk voor de hele lijst op tvoranje.nl</desc><category></category></programme><programme channel="137" start="20230101230000 +0000" stop="20230102230000 +0000" catchup-id="901037106"><title>TV Oranje Top1000</title><date></date><icon src="https://images.tv.kpn.com/epg/L3bcxCTL7g74ocIGYu5w5YC6pP6MEB34hyGZqUiD0ko/1920x1080.jpg?blurred=false"></icon><desc>De 1000 meest aangevraagde clips van TV Oranje in 2022. Op vrijdag 23 december wordt de lijst traditiegetrouw bekendgemaakt. Kijk voor de hele lijst op tvoranje.nl</desc><category></category></programme><programme channel="137" start="20230102230000 +0000" stop="20230103230000 +0000" catchup-id="901078620"><title>TV Oranje Top1000</title><date></date><icon src="https://images.tv.kpn.com/epg/L3bcxCTL7g74ocIGYu5w5YC6pP6MEB34hyGZqUiD0ko/1920x1080.jpg?blurred=false"></icon><desc>De 1000 meest aangevraagde clips van TV Oranje in 2022. Op vrijdag 23 december wordt de lijst traditiegetrouw bekendgemaakt. Kijk voor de hele lijst op tvoranje.nl</desc><category></category></programme><programme channel="137" start="20230103230000 +0000" stop="20230104050000 +0000" catchup-id="901123542"><title>TV Oranje Top1000</title><date></date><icon src="https://images.tv.kpn.com/epg/L3bcxCTL7g74ocIGYu5w5YC6pP6MEB34hyGZqUiD0ko/1920x1080.jpg?blurred=false"></icon><desc>De 1000 meest aangevraagde clips van TV Oranje in 2022. Op vrijdag 23 december wordt de lijst traditiegetrouw bekendgemaakt. Kijk voor de hele lijst op tvoranje.nl</desc><category></category></programme><programme channel="137" start="20230104050000 +0000" stop="20230104060000 +0000" catchup-id="901123545"><title>Wakker worden</title><date></date><icon src="https://images.tv.kpn.com/epg/L3bcxCTL7g74ocIGYu5w5YC6pP6MEB34hyGZqUiD0ko/1920x1080.jpg?blurred=false"></icon><desc>Opstaan met je favoriete artiesten en de beste hits van eigen bodem.</desc><category></category></programme><programme channel="137" start="20230104060000 +0000" stop="20230104070000 +0000" catchup-id="901123548"><title>Kinderclips</title><date></date><icon src="https://images.tv.kpn.com/epg/EOj5sQAp9CFfgFHabtdubH1beT9CQrEX6i0v8PR9AU15mI/1920x1080.jpg?blurred=false"></icon><desc>De leukste kinderclips zie je bij TV Oranje. Zing je mee?</desc><category></category></programme><programme channel="137" start="20230104070000 +0000" stop="20230104090000 +0000" catchup-id="901123551"><title>Koffieclips</title><date></date><icon src="https://images.tv.kpn.com/epg/L3bcxCTL7g74ocIGYu5w5YC6pP6MEB34hyGZqUiD0ko/1920x1080.jpg?blurred=false"></icon><desc>Lekkere muziek van eigen bodem voor bij de koffie.</desc><category></category></programme><programme channel="137" start="20230104090000 +0000" stop="20230104110000 +0000" catchup-id="901123554"><title>Aan het werk</title><date></date><icon src="https://images.tv.kpn.com/epg/L3bcxCTL7g74ocIGYu5w5YC6pP6MEB34hyGZqUiD0ko/1920x1080.jpg?blurred=false"></icon><desc>Lekker aan de slag met muziek van eigen bodem.</desc><category></category></programme><programme channel="137" start="20230104110000 +0000" stop="20230104130000 +0000" catchup-id="901123557"><title>Middagpauze</title><date></date><icon src="https://images.tv.kpn.com/epg/L3bcxCTL7g74ocIGYu5w5YC6pP6MEB34hyGZqUiD0ko/1920x1080.jpg?blurred=false"></icon><desc>TV Oranje maakt jouw lunchpauze compleet met smakelijke muziek van eigen bodem.</desc><category></category></programme><programme channel="137" start="20230104130000 +0000" stop="20230104150000 +0000" catchup-id="901123560"><title>Heel Hollands</title><date></date><icon src="https://images.tv.kpn.com/epg/IBySfqv9C0HDiGjx9BSUHe9BVsgfekQPiPZ3LwPF14wHDk/1920x1080.jpg?blurred=false"></icon><desc>Alleen maar muziek van eigen bodem, daarvoor moet je natuurlijk bij TV Oranje zijn!</desc><category></category></programme><programme channel="137" start="20230104150000 +0000" stop="20230104170000 +0000" catchup-id="901123563"><title>Tijd voor thuis</title><date></date><icon src="https://images.tv.kpn.com/epg/09AiCzfGfPNfyhWjQpFX9BGldgrx9CAOQ2DFJ9CB6qZ0430/1920x1080.jpg?blurred=false"></icon><desc>Voel je helemaal thuis met deze heerlijke muziek van eigen bodem.</desc><category></category></programme><programme channel="137" start="20230104170000 +0000" stop="20230104180000 +0000" catchup-id="901123566"><title>Verzoekparade</title><date></date><icon src="https://images.tv.kpn.com/epg/GEis1GLqMC9BMJHL01mlyF0TBKCh9A9BN7yVUMUEkdWPWs/1920x1080.jpg?blurred=false"></icon><desc>De meest aangevraagde clips van vandaag. Breng je stem uit via verzoekparade.nl en zie jouw favoriete clip morgen bij TV Oranje!</desc><category></category></programme><programme channel="137" start="20230104180000 +0000" stop="20230104210000 +0000" catchup-id="901123569"><title>Hollandse Hits</title><date></date><icon src="https://images.tv.kpn.com/epg/L3bcxCTL7g74ocIGYu5w5YC6pP6MEB34hyGZqUiD0ko/1920x1080.jpg?blurred=false"></icon><desc>Een heerlijke mix met Hollandse Hits van toen en nu.</desc><category></category></programme><programme channel="137" start="20230104210000 +0000" stop="20230104230000 +0000" catchup-id="901123572"><title>Voor het slapen</title><date></date><icon src="https://images.tv.kpn.com/epg/kwUWV3Y9BZ6CNam6Vl5pKKYcahvhwkoXQg9ARZHgTvPKc/1920x1080.jpg?blurred=false"></icon><desc>Nog even een paar clips van eigen bodem en dan naar bed.</desc><category></category></programme><programme channel="137" start="20230104230000 +0000" stop="20230105040000 +0000" catchup-id="901168101"><title>TV Oranje Nonstop</title><date></date><icon src="https://images.tv.kpn.com/epg/L3bcxCTL7g74ocIGYu5w5YC6pP6MEB34hyGZqUiD0ko/1920x1080.jpg?blurred=false"></icon><desc>Non-stop de beste muziek van eigen bodem.</desc><category></category></programme><programme channel="137" start="20230105040000 +0000" stop="20230105060000 +0000" catchup-id="901168104"><title>Wakker worden</title><date></date><icon src="https://images.tv.kpn.com/epg/L3bcxCTL7g74ocIGYu5w5YC6pP6MEB34hyGZqUiD0ko/1920x1080.jpg?blurred=false"></icon><desc>Opstaan met je favoriete artiesten en de beste hits van eigen bodem.</desc><category></category></programme><programme channel="137" start="20230105060000 +0000" stop="20230105070000 +0000" catchup-id="901168107"><title>Kinderclips</title><date></date><icon src="https://images.tv.kpn.com/epg/EOj5sQAp9CFfgFHabtdubH1beT9CQrEX6i0v8PR9AU15mI/1920x1080.jpg?blurred=false"></icon><desc>De leukste kinderclips zie je bij TV Oranje. Zing je mee?</desc><category></category></programme><programme channel="137" start="20230105070000 +0000" stop="20230105090000 +0000" catchup-id="901168110"><title>Koffieclips</title><date></date><icon src="https://images.tv.kpn.com/epg/L3bcxCTL7g74ocIGYu5w5YC6pP6MEB34hyGZqUiD0ko/1920x1080.jpg?blurred=false"></icon><desc>Lekkere muziek van eigen bodem voor bij de koffie.</desc><category></category></programme><programme channel="137" start="20230105090000 +0000" stop="20230105110000 +0000" catchup-id="901168113"><title>Aan het werk</title><date></date><icon src="https://images.tv.kpn.com/epg/L3bcxCTL7g74ocIGYu5w5YC6pP6MEB34hyGZqUiD0ko/1920x1080.jpg?blurred=false"></icon><desc>Lekker aan de slag met muziek van eigen bodem.</desc><category></category></programme><programme channel="137" start="20230105110000 +0000" stop="20230105130000 +0000" catchup-id="901168116"><title>Middagpauze</title><date></date><icon src="https://images.tv.kpn.com/epg/L3bcxCTL7g74ocIGYu5w5YC6pP6MEB34hyGZqUiD0ko/1920x1080.jpg?blurred=false"></icon><desc>TV Oranje maakt jouw lunchpauze compleet met smakelijke muziek van eigen bodem.</desc><category></category></programme><programme channel="137" start="20230105130000 +0000" stop="20230105150000 +0000" catchup-id="901168119"><title>Heel Hollands</title><date></date><icon src="https://images.tv.kpn.com/epg/IBySfqv9C0HDiGjx9BSUHe9BVsgfekQPiPZ3LwPF14wHDk/1920x1080.jpg?blurred=false"></icon><desc>Alleen maar muziek van eigen bodem, daarvoor moet je natuurlijk bij TV Oranje zijn!</desc><category></category></programme><programme channel="137" start="20230105150000 +0000" stop="20230105170000 +0000" catchup-id="901168122"><title>Tijd voor thuis</title><date></date><icon src="https://images.tv.kpn.com/epg/09AiCzfGfPNfyhWjQpFX9BGldgrx9CAOQ2DFJ9CB6qZ0430/1920x1080.jpg?blurred=false"></icon><desc>Voel je helemaal thuis met deze heerlijke muziek van eigen bodem.</desc><category></category></programme><programme channel="137" start="20230105170000 +0000" stop="20230105180000 +0000" catchup-id="901168125"><title>Verzoekparade</title><date></date><icon src="https://images.tv.kpn.com/epg/GEis1GLqMC9BMJHL01mlyF0TBKCh9A9BN7yVUMUEkdWPWs/1920x1080.jpg?blurred=false"></icon><desc>De meest aangevraagde clips van vandaag. Breng je stem uit via verzoekparade.nl en zie jouw favoriete clip morgen bij TV Oranje!</desc><category></category></programme><programme channel="137" start="20230105180000 +0000" stop="20230105210000 +0000" catchup-id="901168128"><title>Hollandse Hits</title><date></date><icon src="https://images.tv.kpn.com/epg/L3bcxCTL7g74ocIGYu5w5YC6pP6MEB34hyGZqUiD0ko/1920x1080.jpg?blurred=false"></icon><desc>Een heerlijke mix met Hollandse Hits van toen en nu.</desc><category></category></programme><programme channel="137" start="20230105210000 +0000" stop="20230105230000 +0000" catchup-id="901168131"><title>Voor het slapen</title><date></date><icon src="https://images.tv.kpn.com/epg/kwUWV3Y9BZ6CNam6Vl5pKKYcahvhwkoXQg9ARZHgTvPKc/1920x1080.jpg?blurred=false"></icon><desc>Nog even een paar clips van eigen bodem en dan naar bed.</desc><category></category></programme><programme channel="137" start="20230105230000 +0000" stop="20230106040000 +0000" catchup-id="901214997"><title>TV Oranje Nonstop</title><date></date><icon src="https://images.tv.kpn.com/epg/L3bcxCTL7g74ocIGYu5w5YC6pP6MEB34hyGZqUiD0ko/1920x1080.jpg?blurred=false"></icon><desc>Non-stop de beste muziek van eigen bodem.</desc><category></category></programme><programme channel="137" start="20230106040000 +0000" stop="20230106060000 +0000" catchup-id="901215000"><title>Wakker worden</title><date></date><icon src="https://images.tv.kpn.com/epg/L3bcxCTL7g74ocIGYu5w5YC6pP6MEB34hyGZqUiD0ko/1920x1080.jpg?blurred=false"></icon><desc>Opstaan met je favoriete artiesten en de beste hits van eigen bodem.</desc><category></category></programme><programme channel="137" start="20230106060000 +0000" stop="20230106070000 +0000" catchup-id="901215003"><title>Kinderclips</title><date></date><icon src="https://images.tv.kpn.com/epg/EOj5sQAp9CFfgFHabtdubH1beT9CQrEX6i0v8PR9AU15mI/1920x1080.jpg?blurred=false"></icon><desc>De leukste kinderclips zie je bij TV Oranje. Zing je mee?</desc><category></category></programme><programme channel="137" start="20230106070000 +0000" stop="20230106090000 +0000" catchup-id="901215006"><title>Koffieclips</title><date></date><icon src="https://images.tv.kpn.com/epg/L3bcxCTL7g74ocIGYu5w5YC6pP6MEB34hyGZqUiD0ko/1920x1080.jpg?blurred=false"></icon><desc>Lekkere muziek van eigen bodem voor bij de koffie.</desc><category></category></programme><programme channel="137" start="20230106090000 +0000" stop="20230106110000 +0000" catchup-id="901215009"><title>Aan het werk</title><date></date><icon src="https://images.tv.kpn.com/epg/L3bcxCTL7g74ocIGYu5w5YC6pP6MEB34hyGZqUiD0ko/1920x1080.jpg?blurred=false"></icon><desc>Lekker aan de slag met muziek van eigen bodem.</desc><category></category></programme><programme channel="137" start="20230106110000 +0000" stop="20230106130000 +0000" catchup-id="901215015"><title>Middagpauze</title><date></date><icon src="https://images.tv.kpn.com/epg/L3bcxCTL7g74ocIGYu5w5YC6pP6MEB34hyGZqUiD0ko/1920x1080.jpg?blurred=false"></icon><desc>TV Oranje maakt jouw lunchpauze compleet met smakelijke muziek van eigen bodem.</desc><category></category></programme><programme channel="137" start="20230106130000 +0000" stop="20230106150000 +0000" catchup-id="901215018"><title>Heel Hollands</title><date></date><icon src="https://images.tv.kpn.com/epg/IBySfqv9C0HDiGjx9BSUHe9BVsgfekQPiPZ3LwPF14wHDk/1920x1080.jpg?blurred=false"></icon><desc>Alleen maar muziek van eigen bodem, daarvoor moet je natuurlijk bij TV Oranje zijn!</desc><category></category></programme><programme channel="137" start="20230106150000 +0000" stop="20230106170000 +0000" catchup-id="901215021"><title>Tijd voor thuis</title><date></date><icon src="https://images.tv.kpn.com/epg/09AiCzfGfPNfyhWjQpFX9BGldgrx9CAOQ2DFJ9CB6qZ0430/1920x1080.jpg?blurred=false"></icon><desc>Voel je helemaal thuis met deze heerlijke muziek van eigen bodem.</desc><category></category></programme><programme channel="137" start="20230106170000 +0000" stop="20230106180000 +0000" catchup-id="901215024"><title>Verzoekparade</title><date></date><icon src="https://images.tv.kpn.com/epg/GEis1GLqMC9BMJHL01mlyF0TBKCh9A9BN7yVUMUEkdWPWs/1920x1080.jpg?blurred=false"></icon><desc>De meest aangevraagde clips van vandaag. Breng je stem uit via verzoekparade.nl en zie jouw favoriete clip morgen bij TV Oranje!</desc><category></category></programme><programme channel="137" start="20230106180000 +0000" stop="20230106190000 +0000" catchup-id="901215027"><title>TV Oranje live</title><date></date><icon src="https://images.tv.kpn.com/epg/L3bcxCTL7g74ocIGYu5w5YC6pP6MEB34hyGZqUiD0ko/1920x1080.jpg?blurred=false"></icon><desc>De beste live optredens van jouw favoriete Nederlandse artiesten.</desc><category></category></programme><programme channel="137" start="20230106190000 +0000" stop="20230106200000 +0000" catchup-id="901215030"><title>Oranje Top 30</title><date></date><icon src="https://images.tv.kpn.com/epg/bWZl9ACunbi2y8aDVg9Bkr2NcjKFsW8MUvvBn3PTZaaak/1920x1080.jpg?blurred=false"></icon><desc>De 30 populairste nummers van eigen bodem, gebaseerd op gegevens van de media, handel en industrie. Kijk voor de gehele lijst op oranjetop30.nl.</desc><category></category></programme><programme channel="137" start="20230106200000 +0000" stop="20230106230000 +0000" catchup-id="901215033"><title>Borreltijd</title><date></date><icon src="https://images.tv.kpn.com/epg/L3bcxCTL7g74ocIGYu5w5YC6pP6MEB34hyGZqUiD0ko/1920x1080.jpg?blurred=false"></icon><desc>Jouw uitgaansavond begint met deze feestelijke clips, die borrelen van energie.</desc><category></category></programme><programme channel="137" start="20230106230000 +0000" stop="20230107040000 +0000" catchup-id="901262442"><title>Feest in de tent</title><date></date><icon src="https://images.tv.kpn.com/epg/L3bcxCTL7g74ocIGYu5w5YC6pP6MEB34hyGZqUiD0ko/1920x1080.jpg?blurred=false"></icon><desc>Waar is dat feestje? Hier is dat feestje! De gezelligste clips zie je elk weekend bij TV Oranje.</desc><category></category></programme><programme channel="137" start="20230107040000 +0000" stop="20230107060000 +0000" catchup-id="901262445"><title>De laatste ronde</title><date></date><icon src="https://images.tv.kpn.com/epg/L3bcxCTL7g74ocIGYu5w5YC6pP6MEB34hyGZqUiD0ko/1920x1080.jpg?blurred=false"></icon><desc>Wie trekt er aan de bel en geeft het laatste rondje? TV Oranje gaat in elk geval door tot het einde.</desc><category></category></programme><programme channel="137" start="20230107060000 +0000" stop="20230107070000 +0000" catchup-id="901262448"><title>Kinderclips</title><date></date><icon src="https://images.tv.kpn.com/epg/EOj5sQAp9CFfgFHabtdubH1beT9CQrEX6i0v8PR9AU15mI/1920x1080.jpg?blurred=false"></icon><desc>De leukste kinderclips zie je bij TV Oranje. Zing je mee?</desc><category></category></programme><programme channel="137" start="20230107070000 +0000" stop="20230107090000 +0000" catchup-id="901262451"><title>Wakker in het weekend</title><date></date><icon src="https://images.tv.kpn.com/epg/L3bcxCTL7g74ocIGYu5w5YC6pP6MEB34hyGZqUiD0ko/1920x1080.jpg?blurred=false"></icon><desc>Ook voor de vroege vogels heeft TV Oranje volop clips van eigen bodem.</desc><category></category></programme><programme channel="137" start="20230107090000 +0000" stop="20230107110000 +0000" catchup-id="901262454"><title>Hit Explosie</title><date></date><icon src="https://images.tv.kpn.com/epg/L3bcxCTL7g74ocIGYu5w5YC6pP6MEB34hyGZqUiD0ko/1920x1080.jpg?blurred=false"></icon><desc>Een explosie van Nederlandse knallers: de nieuwste clips van eigen bodem zie je in de Hit Explosie op TV Oranje.</desc><category></category></programme><programme channel="137" start="20230107110000 +0000" stop="20230107130000 +0000" catchup-id="901262457"><title>Weekendpauze</title><date></date><icon src="https://images.tv.kpn.com/epg/L3bcxCTL7g74ocIGYu5w5YC6pP6MEB34hyGZqUiD0ko/1920x1080.jpg?blurred=false"></icon><desc>Even helemaal niks anders doen dan genieten van de leukste clips van eigen bodem!</desc><category></category></programme><programme channel="137" start="20230107130000 +0000" stop="20230107150000 +0000" catchup-id="901262460"><title>Groeten uit Holland</title><date></date><icon src="https://images.tv.kpn.com/epg/L3bcxCTL7g74ocIGYu5w5YC6pP6MEB34hyGZqUiD0ko/1920x1080.jpg?blurred=false"></icon><desc>Een muzikale ansichtkaart met de leukste clips van eigen bodem.</desc><category></category></programme><programme channel="137" start="20230107150000 +0000" stop="20230107163000 +0000" catchup-id="901262463"><title>Oranje Top 30</title><date></date><icon src="https://images.tv.kpn.com/epg/bWZl9ACunbi2y8aDVg9Bkr2NcjKFsW8MUvvBn3PTZaaak/1920x1080.jpg?blurred=false"></icon><desc>De 30 populairste nummers van eigen bodem, gebaseerd op gegevens van de media, handel en industrie. Kijk voor de gehele lijst op oranjetop30.nl.</desc><category></category></programme><programme channel="137" start="20230107163000 +0000" stop="20230107170000 +0000" catchup-id="901262466"><title>TV Oranje live</title><date></date><icon src="https://images.tv.kpn.com/epg/L3bcxCTL7g74ocIGYu5w5YC6pP6MEB34hyGZqUiD0ko/1920x1080.jpg?blurred=false"></icon><desc>De beste live optredens van jouw favoriete Nederlandse artiesten.</desc><category></category></programme><programme channel="137" start="20230107170000 +0000" stop="20230107180000 +0000" catchup-id="901262469"><title>Verzoekparade</title><date></date><icon src="https://images.tv.kpn.com/epg/GEis1GLqMC9BMJHL01mlyF0TBKCh9A9BN7yVUMUEkdWPWs/1920x1080.jpg?blurred=false"></icon><desc>De meest aangevraagde clips van vandaag. Breng je stem uit via verzoekparade.nl en zie jouw favoriete clip morgen bij TV Oranje!</desc><category></category></programme><programme channel="137" start="20230107180000 +0000" stop="20230107190000 +0000" catchup-id="901262472"><title>TV Oranje klassiekers</title><date></date><icon src="https://images.tv.kpn.com/epg/L3bcxCTL7g74ocIGYu5w5YC6pP6MEB34hyGZqUiD0ko/1920x1080.jpg?blurred=false"></icon><desc>Een selectie van Hollandse hits van weleer uit de archieven van TV Oranje.</desc><category></category></programme><programme channel="137" start="20230107190000 +0000" stop="20230107200000 +0000" catchup-id="901262475"><title>Het uur van...</title><date></date><icon src="https://images.tv.kpn.com/epg/jee9CHLOREMmWBC4k8FA6SavQN9BOUHFIcJoARkuZVqY4/1920x1080.jpg?blurred=false"></icon><desc>Elke zaterdag zie je tussen 19:00 en 20:00 uur op TV Oranje een uur lang non-stop je favoriete artiest.</desc><category></category></programme><programme channel="137" start="20230107200000 +0000" stop="20230107230000 +0000" catchup-id="901262478"><title>Borreltijd</title><date></date><icon src="https://images.tv.kpn.com/epg/L3bcxCTL7g74ocIGYu5w5YC6pP6MEB34hyGZqUiD0ko/1920x1080.jpg?blurred=false"></icon><desc>Jouw uitgaansavond begint met deze feestelijke clips, die borrelen van energie.</desc><category></category></programme><programme channel="137" start="20230107230000 +0000" stop="20230108040000 +0000" catchup-id="901305837"><title>Feest in de tent</title><date></date><icon src="https://images.tv.kpn.com/epg/L3bcxCTL7g74ocIGYu5w5YC6pP6MEB34hyGZqUiD0ko/1920x1080.jpg?blurred=false"></icon><desc>Waar is dat feestje? Hier is dat feestje! De gezelligste clips zie je elk weekend bij TV Oranje.</desc><category></category></programme><programme channel="137" start="20230108040000 +0000" stop="20230108060000 +0000" catchup-id="901305846"><title>De laatste ronde</title><date></date><icon src="https://images.tv.kpn.com/epg/L3bcxCTL7g74ocIGYu5w5YC6pP6MEB34hyGZqUiD0ko/1920x1080.jpg?blurred=false"></icon><desc>Wie trekt er aan de bel en geeft het laatste rondje? TV Oranje gaat in elk geval door tot het einde.</desc><category></category></programme><programme channel="137" start="20230108060000 +0000" stop="20230108070000 +0000" catchup-id="901305852"><title>Kinderclips</title><date></date><icon src="https://images.tv.kpn.com/epg/EOj5sQAp9CFfgFHabtdubH1beT9CQrEX6i0v8PR9AU15mI/1920x1080.jpg?blurred=false"></icon><desc>De leukste kinderclips zie je bij TV Oranje. Zing je mee?</desc><category></category></programme><programme channel="137" start="20230108070000 +0000" stop="20230108090000 +0000" catchup-id="901305858"><title>Wakker in het weekend</title><date></date><icon src="https://images.tv.kpn.com/epg/L3bcxCTL7g74ocIGYu5w5YC6pP6MEB34hyGZqUiD0ko/1920x1080.jpg?blurred=false"></icon><desc>Ook voor de vroege vogels heeft TV Oranje volop clips van eigen bodem.</desc><category></category></programme><programme channel="137" start="20230108090000 +0000" stop="20230108100000 +0000" catchup-id="901305864"><title>TV Oranje klassiekers</title><date></date><icon src="https://images.tv.kpn.com/epg/L3bcxCTL7g74ocIGYu5w5YC6pP6MEB34hyGZqUiD0ko/1920x1080.jpg?blurred=false"></icon><desc>Een selectie van Hollandse hits van weleer uit de archieven van TV Oranje.</desc><category></category></programme><programme channel="137" start="20230108100000 +0000" stop="20230108110000 +0000" catchup-id="901305870"><title>Oranje Top 30</title><date></date><icon src="https://images.tv.kpn.com/epg/bWZl9ACunbi2y8aDVg9Bkr2NcjKFsW8MUvvBn3PTZaaak/1920x1080.jpg?blurred=false"></icon><desc>De 30 populairste nummers van eigen bodem, gebaseerd op gegevens van de media, handel en industrie. Kijk voor de gehele lijst op oranjetop30.nl.</desc><category></category></programme><programme channel="137" start="20230108110000 +0000" stop="20230108130000 +0000" catchup-id="901305876"><title>Weekendpauze</title><date></date><icon src="https://images.tv.kpn.com/epg/L3bcxCTL7g74ocIGYu5w5YC6pP6MEB34hyGZqUiD0ko/1920x1080.jpg?blurred=false"></icon><desc>Even helemaal niks anders doen dan genieten van de leukste clips van eigen bodem!</desc><category></category></programme><programme channel="137" start="20230108130000 +0000" stop="20230108150000 +0000" catchup-id="901305885"><title>Groeten uit Holland</title><date></date><icon src="https://images.tv.kpn.com/epg/L3bcxCTL7g74ocIGYu5w5YC6pP6MEB34hyGZqUiD0ko/1920x1080.jpg?blurred=false"></icon><desc>Een muzikale ansichtkaart met de leukste clips van eigen bodem.</desc><category></category></programme><programme channel="137" start="20230108150000 +0000" stop="20230108170000 +0000" catchup-id="901305894"><title>SchlagerTV</title><date></date><icon src="https://images.tv.kpn.com/epg/L3bcxCTL7g74ocIGYu5w5YC6pP6MEB34hyGZqUiD0ko/1920x1080.jpg?blurred=false"></icon><desc>De gezelligste Duitstalige muziek van onze zusterzender SchlagerTV zie je elke zondag twee uur lang bij TV Oranje!</desc><category></category></programme><programme channel="137" start="20230108170000 +0000" stop="20230108180000 +0000" catchup-id="901305909"><title>Verzoekparade</title><date></date><icon src="https://images.tv.kpn.com/epg/GEis1GLqMC9BMJHL01mlyF0TBKCh9A9BN7yVUMUEkdWPWs/1920x1080.jpg?blurred=false"></icon><desc>De meest aangevraagde clips van vandaag. Breng je stem uit via verzoekparade.nl en zie jouw favoriete clip morgen bij TV Oranje!</desc><category></category></programme><programme channel="137" start="20230108180000 +0000" stop="20230108210000 +0000" catchup-id="901305921"><title>Hollandse Hits</title><date></date><icon src="https://images.tv.kpn.com/epg/L3bcxCTL7g74ocIGYu5w5YC6pP6MEB34hyGZqUiD0ko/1920x1080.jpg?blurred=false"></icon><desc>Een heerlijke mix met Hollandse Hits van toen en nu.</desc><category></category></programme><programme channel="137" start="20230108210000 +0000" stop="20230108230000 +0000" catchup-id="901305936"><title>Voor het slapen</title><date></date><icon src="https://images.tv.kpn.com/epg/kwUWV3Y9BZ6CNam6Vl5pKKYcahvhwkoXQg9ARZHgTvPKc/1920x1080.jpg?blurred=false"></icon><desc>Nog even een paar clips van eigen bodem en dan naar bed.</desc><category></category></programme><programme channel="137" start="20230108230000 +0000" stop="20230109040000 +0000" catchup-id="901346301"><title>TV Oranje Nonstop</title><date></date><icon src="https://images.tv.kpn.com/epg/L3bcxCTL7g74ocIGYu5w5YC6pP6MEB34hyGZqUiD0ko/1920x1080.jpg?blurred=false"></icon><desc>Non-stop de beste muziek van eigen bodem.</desc><category></category></programme><programme channel="137" start="20230109040000 +0000" stop="20230109060000 +0000" catchup-id="901346304"><title>Wakker worden</title><date></date><icon src="https://images.tv.kpn.com/epg/L3bcxCTL7g74ocIGYu5w5YC6pP6MEB34hyGZqUiD0ko/1920x1080.jpg?blurred=false"></icon><desc>Opstaan met je favoriete artiesten en de beste hits van eigen bodem.</desc><category></category></programme><programme channel="137" start="20230109060000 +0000" stop="20230109070000 +0000" catchup-id="901346307"><title>Kinderclips</title><date></date><icon src="https://images.tv.kpn.com/epg/EOj5sQAp9CFfgFHabtdubH1beT9CQrEX6i0v8PR9AU15mI/1920x1080.jpg?blurred=false"></icon><desc>De leukste kinderclips zie je bij TV Oranje. Zing je mee?</desc><category></category></programme><programme channel="137" start="20230109070000 +0000" stop="20230109090000 +0000" catchup-id="901346310"><title>Koffieclips</title><date></date><icon src="https://images.tv.kpn.com/epg/L3bcxCTL7g74ocIGYu5w5YC6pP6MEB34hyGZqUiD0ko/1920x1080.jpg?blurred=false"></icon><desc>Lekkere muziek van eigen bodem voor bij de koffie.</desc><category></category></programme><programme channel="137" start="20230109090000 +0000" stop="20230109110000 +0000" catchup-id="901346313"><title>Aan het werk</title><date></date><icon src="https://images.tv.kpn.com/epg/L3bcxCTL7g74ocIGYu5w5YC6pP6MEB34hyGZqUiD0ko/1920x1080.jpg?blurred=false"></icon><desc>Lekker aan de slag met muziek van eigen bodem.</desc><category></category></programme><programme channel="137" start="20230109110000 +0000" stop="20230109130000 +0000" catchup-id="901346316"><title>Middagpauze</title><date></date><icon src="https://images.tv.kpn.com/epg/L3bcxCTL7g74ocIGYu5w5YC6pP6MEB34hyGZqUiD0ko/1920x1080.jpg?blurred=false"></icon><desc>TV Oranje maakt jouw lunchpauze compleet met smakelijke muziek van eigen bodem.</desc><category></category></programme><programme channel="137" start="20230109130000 +0000" stop="20230109150000 +0000" catchup-id="901346319"><title>Heel Hollands</title><date></date><icon src="https://images.tv.kpn.com/epg/IBySfqv9C0HDiGjx9BSUHe9BVsgfekQPiPZ3LwPF14wHDk/1920x1080.jpg?blurred=false"></icon><desc>Alleen maar muziek van eigen bodem, daarvoor moet je natuurlijk bij TV Oranje zijn!</desc><category></category></programme><programme channel="137" start="20230109150000 +0000" stop="20230109170000 +0000" catchup-id="901346322"><title>Tijd voor thuis</title><date></date><icon src="https://images.tv.kpn.com/epg/09AiCzfGfPNfyhWjQpFX9BGldgrx9CAOQ2DFJ9CB6qZ0430/1920x1080.jpg?blurred=false"></icon><desc>Voel je helemaal thuis met deze heerlijke muziek van eigen bodem.</desc><category></category></programme><programme channel="137" start="20230109170000 +0000" stop="20230109180000 +0000" catchup-id="901346325"><title>Verzoekparade</title><date></date><icon src="https://images.tv.kpn.com/epg/GEis1GLqMC9BMJHL01mlyF0TBKCh9A9BN7yVUMUEkdWPWs/1920x1080.jpg?blurred=false"></icon><desc>De meest aangevraagde clips van vandaag. Breng je stem uit via verzoekparade.nl en zie jouw favoriete clip morgen bij TV Oranje!</desc><category></category></programme><programme channel="137" start="20230109180000 +0000" stop="20230109210000 +0000" catchup-id="901346331"><title>Hollandse Hits</title><date></date><icon src="https://images.tv.kpn.com/epg/L3bcxCTL7g74ocIGYu5w5YC6pP6MEB34hyGZqUiD0ko/1920x1080.jpg?blurred=false"></icon><desc>Een heerlijke mix met Hollandse Hits van toen en nu.</desc><category></category></programme><programme channel="137" start="20230109210000 +0000" stop="20230109230000 +0000" catchup-id="901346337"><title>Voor het slapen</title><date></date><icon src="https://images.tv.kpn.com/epg/kwUWV3Y9BZ6CNam6Vl5pKKYcahvhwkoXQg9ARZHgTvPKc/1920x1080.jpg?blurred=false"></icon><desc>Nog even een paar clips van eigen bodem en dan naar bed.</desc><category></category></programme><programme channel="137" start="20230109230000 +0000" stop="20230110040000 +0000" catchup-id="901493634"><title>TV Oranje Nonstop</title><date></date><icon src="https://images.tv.kpn.com/epg/default/1920x1080.jpg?blurred=false"></icon><desc>Non-stop de beste muziek van eigen bodem.</desc><category></category></programme><programme channel="137" start="20230110040000 +0000" stop="20230110060000 +0000" catchup-id="901493637"><title>Wakker worden</title><date></date><icon src="https://images.tv.kpn.com/epg/default/1920x1080.jpg?blurred=false"></icon><desc>Opstaan met je favoriete artiesten en de beste hits van eigen bodem.</desc><category></category></programme><programme channel="137" start="20230110060000 +0000" stop="20230110070000 +0000" catchup-id="901493640"><title>Kinderclips</title><date></date><icon src="https://images.tv.kpn.com/epg/default/1920x1080.jpg?blurred=false"></icon><desc>De leukste kinderclips zie je bij TV Oranje. Zing je mee?</desc><category></category></programme><programme channel="137" start="20230110070000 +0000" stop="20230110090000 +0000" catchup-id="901493643"><title>Koffieclips</title><date></date><icon src="https://images.tv.kpn.com/epg/default/1920x1080.jpg?blurred=false"></icon><desc>Lekkere muziek van eigen bodem voor bij de koffie.</desc><category></category></programme><programme channel="137" start="20230110090000 +0000" stop="20230110110000 +0000" catchup-id="901493646"><title>Aan het werk</title><date></date><icon src="https://images.tv.kpn.com/epg/default/1920x1080.jpg?blurred=false"></icon><desc>Lekker aan de slag met muziek van eigen bodem.</desc><category></category></programme><programme channel="137" start="20230110110000 +0000" stop="20230110130000 +0000" catchup-id="901493649"><title>Middagpauze</title><date></date><icon src="https://images.tv.kpn.com/epg/default/1920x1080.jpg?blurred=false"></icon><desc>TV Oranje maakt jouw lunchpauze compleet met smakelijke muziek van eigen bodem.</desc><category></category></programme><programme channel="137" start="20230110130000 +0000" stop="20230110150000 +0000" catchup-id="901493652"><title>Heel Hollands</title><date></date><icon src="https://images.tv.kpn.com/epg/default/1920x1080.jpg?blurred=false"></icon><desc>Alleen maar muziek van eigen bodem, daarvoor moet je natuurlijk bij TV Oranje zijn!</desc><category></category></programme><programme channel="137" start="20230110150000 +0000" stop="20230110170000 +0000" catchup-id="901493655"><title>Tijd voor thuis</title><date></date><icon src="https://images.tv.kpn.com/epg/default/1920x1080.jpg?blurred=false"></icon><desc>Voel je helemaal thuis met deze heerlijke muziek van eigen bodem.</desc><category></category></programme><programme channel="137" start="20230110170000 +0000" stop="20230110180000 +0000" catchup-id="901493658"><title>Verzoekparade</title><date></date><icon src="https://images.tv.kpn.com/epg/default/1920x1080.jpg?blurred=false"></icon><desc>De meest aangevraagde clips van vandaag. Breng je stem uit via verzoekparade.nl en zie jouw favoriete clip morgen bij TV Oranje!</desc><category></category></programme><programme channel="137" start="20230110180000 +0000" stop="20230110210000 +0000" catchup-id="901493661"><title>Hollandse Hits</title><date></date><icon src="https://images.tv.kpn.com/epg/default/1920x1080.jpg?blurred=false"></icon><desc>Een heerlijke mix met Hollandse Hits van toen en nu.</desc><category></category></programme><programme channel="137" start="20230110210000 +0000" stop="20230110230000 +0000" catchup-id="901493664"><title>Voor het slapen</title><date></date><icon src="https://images.tv.kpn.com/epg/default/1920x1080.jpg?blurred=false"></icon><desc>Nog even een paar clips van eigen bodem en dan naar bed.</desc><category></category></programme><programme channel="137" start="20230110230000 +0000" stop="20230111040000 +0000" catchup-id="901493667"><title>TV Oranje Nonstop</title><date></date><icon src="https://images.tv.kpn.com/epg/default/1920x1080.jpg?blurred=false"></icon><desc>Non-stop de beste muziek van eigen bodem.</desc><category></category></programme><programme channel="137" start="20230111040000 +0000" stop="20230111060000 +0000" catchup-id="901493670"><title>Wakker worden</title><date></date><icon src="https://images.tv.kpn.com/epg/default/1920x1080.jpg?blurred=false"></icon><desc>Opstaan met je favoriete artiesten en de beste hits van eigen bodem.</desc><category></category></programme><programme channel="137" start="20230111060000 +0000" stop="20230111070000 +0000" catchup-id="901493673"><title>Kinderclips</title><date></date><icon src="https://images.tv.kpn.com/epg/default/1920x1080.jpg?blurred=false"></icon><desc>De leukste kinderclips zie je bij TV Oranje. Zing je mee?</desc><category></category></programme><programme channel="137" start="20230111070000 +0000" stop="20230111090000 +0000" catchup-id="901493676"><title>Koffieclips</title><date></date><icon src="https://images.tv.kpn.com/epg/default/1920x1080.jpg?blurred=false"></icon><desc>Lekkere muziek van eigen bodem voor bij de koffie.</desc><category></category></programme><programme channel="137" start="20230111090000 +0000" stop="20230111110000 +0000" catchup-id="901493679"><title>Aan het werk</title><date></date><icon src="https://images.tv.kpn.com/epg/default/1920x1080.jpg?blurred=false"></icon><desc>Lekker aan de slag met muziek van eigen bodem.</desc><category></category></programme><programme channel="137" start="20230111110000 +0000" stop="20230111130000 +0000" catchup-id="901493682"><title>Middagpauze</title><date></date><icon src="https://images.tv.kpn.com/epg/default/1920x1080.jpg?blurred=false"></icon><desc>TV Oranje maakt jouw lunchpauze compleet met smakelijke muziek van eigen bodem.</desc><category></category></programme><programme channel="137" start="20230111130000 +0000" stop="20230111150000 +0000" catchup-id="901493685"><title>Heel Hollands</title><date></date><icon src="https://images.tv.kpn.com/epg/default/1920x1080.jpg?blurred=false"></icon><desc>Alleen maar muziek van eigen bodem, daarvoor moet je natuurlijk bij TV Oranje zijn!</desc><category></category></programme><programme channel="137" start="20230111150000 +0000" stop="20230111170000 +0000" catchup-id="901493688"><title>Tijd voor thuis</title><date></date><icon src="https://images.tv.kpn.com/epg/default/1920x1080.jpg?blurred=false"></icon><desc>Voel je helemaal thuis met deze heerlijke muziek van eigen bodem.</desc><category></category></programme><programme channel="137" start="20230111170000 +0000" stop="20230111180000 +0000" catchup-id="901493691"><title>Verzoekparade</title><date></date><icon src="https://images.tv.kpn.com/epg/default/1920x1080.jpg?blurred=false"></icon><desc>De meest aangevraagde clips van vandaag. Breng je stem uit via verzoekparade.nl en zie jouw favoriete clip morgen bij TV Oranje!</desc><category></category></programme><programme channel="137" start="20230111180000 +0000" stop="20230111210000 +0000" catchup-id="901493694"><title>Hollandse Hits</title><date></date><icon src="https://images.tv.kpn.com/epg/default/1920x1080.jpg?blurred=false"></icon><desc>Een heerlijke mix met Hollandse Hits van toen en nu.</desc><category></category></programme><programme channel="137" start="20230111210000 +0000" stop="20230111230000 +0000" catchup-id="901493697"><title>Voor het slapen</title><date></date><icon src="https://images.tv.kpn.com/epg/default/1920x1080.jpg?blurred=false"></icon><desc>Nog even een paar clips van eigen bodem en dan naar bed.</desc><category></category></programme><programme channel="137" start="20230111230000 +0000" stop="20230112040000 +0000" catchup-id="901493700"><title>TV Oranje Nonstop</title><date></date><icon src="https://images.tv.kpn.com/epg/default/1920x1080.jpg?blurred=false"></icon><desc>Non-stop de beste muziek van eigen bodem.</desc><category></category></programme><programme channel="137" start="20230112040000 +0000" stop="20230112060000 +0000" catchup-id="901493703"><title>Wakker worden</title><date></date><icon src="https://images.tv.kpn.com/epg/default/1920x1080.jpg?blurred=false"></icon><desc>Opstaan met je favoriete artiesten en de beste hits van eigen bodem.</desc><category></category></programme><programme channel="137" start="20230112060000 +0000" stop="20230112070000 +0000" catchup-id="901493706"><title>Kinderclips</title><date></date><icon src="https://images.tv.kpn.com/epg/default/1920x1080.jpg?blurred=false"></icon><desc>De leukste kinderclips zie je bij TV Oranje. Zing je mee?</desc><category></category></programme><programme channel="137" start="20230112070000 +0000" stop="20230112090000 +0000" catchup-id="901493709"><title>Koffieclips</title><date></date><icon src="https://images.tv.kpn.com/epg/default/1920x1080.jpg?blurred=false"></icon><desc>Lekkere muziek van eigen bodem voor bij de koffie.</desc><category></category></programme><programme channel="137" start="20230112090000 +0000" stop="20230112110000 +0000" catchup-id="901493712"><title>Aan het werk</title><date></date><icon src="https://images.tv.kpn.com/epg/default/1920x1080.jpg?blurred=false"></icon><desc>Lekker aan de slag met muziek van eigen bodem.</desc><category></category></programme><programme channel="137" start="20230112110000 +0000" stop="20230112130000 +0000" catchup-id="901493718"><title>Middagpauze</title><date></date><icon src="https://images.tv.kpn.com/epg/default/1920x1080.jpg?blurred=false"></icon><desc>TV Oranje maakt jouw lunchpauze compleet met smakelijke muziek van eigen bodem.</desc><category></category></programme><programme channel="137" start="20230112130000 +0000" stop="20230112150000 +0000" catchup-id="901493724"><title>Heel Hollands</title><date></date><icon src="https://images.tv.kpn.com/epg/default/1920x1080.jpg?blurred=false"></icon><desc>Alleen maar muziek van eigen bodem, daarvoor moet je natuurlijk bij TV Oranje zijn!</desc><category></category></programme><programme channel="137" start="20230112150000 +0000" stop="20230112170000 +0000" catchup-id="901493730"><title>Tijd voor thuis</title><date></date><icon src="https://images.tv.kpn.com/epg/default/1920x1080.jpg?blurred=false"></icon><desc>Voel je helemaal thuis met deze heerlijke muziek van eigen bodem.</desc><category></category></programme><programme channel="137" start="20230112170000 +0000" stop="20230112180000 +0000" catchup-id="901493736"><title>Verzoekparade</title><date></date><icon src="https://images.tv.kpn.com/epg/default/1920x1080.jpg?blurred=false"></icon><desc>De meest aangevraagde clips van vandaag. Breng je stem uit via verzoekparade.nl en zie jouw favoriete clip morgen bij TV Oranje!</desc><category></category></programme><programme channel="137" start="20230112180000 +0000" stop="20230112210000 +0000" catchup-id="901493742"><title>Hollandse Hits</title><date></date><icon src="https://images.tv.kpn.com/epg/default/1920x1080.jpg?blurred=false"></icon><desc>Een heerlijke mix met Hollandse Hits van toen en nu.</desc><category></category></programme>