<programme channel="2475" start="20221228230000 +0000" stop="20221229230000 +0000" catchup-id="900944349"><title>Let's make it happen!</title><date></date><icon src="https://images.tv.kpn.com/epg/misc-2021_EVENT/1920x1080.jpg?blurred=false"></icon><desc>Kijk Dinsdag 8 december TDO LIVE.</desc><category></category></programme><programme channel="2475" start="20221229230000 +0000" stop="20221230230000 +0000" catchup-id="900986550"><title>Let's make it happen!</title><date></date><icon src="https://images.tv.kpn.com/epg/misc-2021_EVENT/1920x1080.jpg?blurred=false"></icon><desc>Kijk Dinsdag 8 december TDO LIVE.</desc><category></category></programme><programme channel="2475" start="20221230230000 +0000" stop="20221231230000 +0000" catchup-id="901026459"><title>Let's make it happen!</title><date></date><icon src="https://images.tv.kpn.com/epg/misc-2021_EVENT/1920x1080.jpg?blurred=false"></icon><desc>Kijk Dinsdag 8 december TDO LIVE.</desc><category></category></programme><programme channel="2475" start="20221231230000 +0000" stop="20230101230000 +0000" catchup-id="901067070"><title>Let's make it happen!</title><date></date><icon src="https://images.tv.kpn.com/epg/misc-2021_EVENT/1920x1080.jpg?blurred=false"></icon><desc>Kijk Dinsdag 8 december TDO LIVE.</desc><category></category></programme><programme channel="2475" start="20230101230000 +0000" stop="20230102230000 +0000" catchup-id="901112049"><title>Let's make it happen!</title><date></date><icon src="https://images.tv.kpn.com/epg/misc-2021_EVENT/1920x1080.jpg?blurred=false"></icon><desc>Kijk Dinsdag 8 december TDO LIVE.</desc><category></category></programme><programme channel="2475" start="20230102230000 +0000" stop="20230103230000 +0000" catchup-id="901156374"><title>Let's make it happen!</title><date></date><icon src="https://images.tv.kpn.com/epg/misc-2021_EVENT/1920x1080.jpg?blurred=false"></icon><desc>Kijk Dinsdag 8 december TDO LIVE.</desc><category></category></programme><programme channel="2475" start="20230103230000 +0000" stop="20230104230000 +0000" catchup-id="901204086"><title>Let's make it happen!</title><date></date><icon src="https://images.tv.kpn.com/epg/misc-2021_EVENT/1920x1080.jpg?blurred=false"></icon><desc>Kijk Dinsdag 8 december TDO LIVE.</desc><category></category></programme><programme channel="2475" start="20230104230000 +0000" stop="20230105230000 +0000" catchup-id="901247850"><title>Let's make it happen!</title><date></date><icon src="https://images.tv.kpn.com/epg/misc-2021_EVENT/1920x1080.jpg?blurred=false"></icon><desc>Kijk Dinsdag 8 december TDO LIVE.</desc><category></category></programme><programme channel="2475" start="20230105230000 +0000" stop="20230106230000 +0000" catchup-id="901295217"><title>Let's make it happen!</title><date></date><icon src="https://images.tv.kpn.com/epg/misc-2021_EVENT/1920x1080.jpg?blurred=false"></icon><desc>Kijk Dinsdag 8 december TDO LIVE.</desc><category></category></programme><programme channel="2475" start="20230106230000 +0000" stop="20230107230000 +0000" catchup-id="901335333"><title>Let's make it happen!</title><date></date><icon src="https://images.tv.kpn.com/epg/misc-2021_EVENT/1920x1080.jpg?blurred=false"></icon><desc>Kijk Dinsdag 8 december TDO LIVE.</desc><category></category></programme><programme channel="2475" start="20230107230000 +0000" stop="20230108230000 +0000" catchup-id="901377198"><title>Let's make it happen!</title><date></date><icon src="https://images.tv.kpn.com/epg/misc-2021_EVENT/1920x1080.jpg?blurred=false"></icon><desc>Kijk Dinsdag 8 december TDO LIVE.</desc><category></category></programme><programme channel="2475" start="20230108230000 +0000" stop="20230109230000 +0000" catchup-id="901426731"><title>Let's make it happen!</title><date></date><icon src="https://images.tv.kpn.com/epg/misc-2021_EVENT/1920x1080.jpg?blurred=false"></icon><desc>Kijk Dinsdag 8 december TDO LIVE.</desc><category></category></programme><programme channel="2475" start="20230109230000 +0000" stop="20230110230000 +0000" catchup-id="901474788"><title>Let's make it happen!</title><date></date><icon src="https://images.tv.kpn.com/epg/misc-2021_EVENT/1920x1080.jpg?blurred=false"></icon><desc>Kijk Dinsdag 8 december TDO LIVE.</desc><category></category></programme><programme channel="2475" start="20230110230000 +0000" stop="20230111230000 +0000" catchup-id="901528623"><title>Let's make it happen!</title><date></date><icon src="https://images.tv.kpn.com/epg/misc-2021_EVENT/1920x1080.jpg?blurred=false"></icon><desc>Kijk Dinsdag 8 december TDO LIVE.</desc><category></category></programme>