<programme channel="2476" start="20221228230000 +0000" stop="20221229230000 +0000" catchup-id="900939855"><title>Let's make it happen!</title><date></date><icon src="https://images.tv.kpn.com/epg/misc-2021_EVENT/1920x1080.jpg?blurred=false"></icon><desc>Tuesday the 8th of December, TDO Live.</desc><category></category></programme><programme channel="2476" start="20221229230000 +0000" stop="20221230230000 +0000" catchup-id="900982527"><title>Let's make it happen!</title><date></date><icon src="https://images.tv.kpn.com/epg/misc-2021_EVENT/1920x1080.jpg?blurred=false"></icon><desc>Tuesday the 8th of December, TDO Live.</desc><category></category></programme><programme channel="2476" start="20221230230000 +0000" stop="20221231230000 +0000" catchup-id="901022886"><title>Let's make it happen!</title><date></date><icon src="https://images.tv.kpn.com/epg/misc-2021_EVENT/1920x1080.jpg?blurred=false"></icon><desc>Tuesday the 8th of December, TDO Live.</desc><category></category></programme><programme channel="2476" start="20221231230000 +0000" stop="20230101230000 +0000" catchup-id="901063332"><title>Let's make it happen!</title><date></date><icon src="https://images.tv.kpn.com/epg/misc-2021_EVENT/1920x1080.jpg?blurred=false"></icon><desc>Tuesday the 8th of December, TDO Live.</desc><category></category></programme><programme channel="2476" start="20230101230000 +0000" stop="20230102230000 +0000" catchup-id="901106943"><title>Let's make it happen!</title><date></date><icon src="https://images.tv.kpn.com/epg/misc-2021_EVENT/1920x1080.jpg?blurred=false"></icon><desc>Tuesday the 8th of December, TDO Live.</desc><category></category></programme><programme channel="2476" start="20230102230000 +0000" stop="20230103230000 +0000" catchup-id="901152039"><title>Let's make it happen!</title><date></date><icon src="https://images.tv.kpn.com/epg/misc-2021_EVENT/1920x1080.jpg?blurred=false"></icon><desc>Tuesday the 8th of December, TDO Live.</desc><category></category></programme><programme channel="2476" start="20230103230000 +0000" stop="20230104230000 +0000" catchup-id="901197993"><title>Let's make it happen!</title><date></date><icon src="https://images.tv.kpn.com/epg/misc-2021_EVENT/1920x1080.jpg?blurred=false"></icon><desc>Tuesday the 8th of December, TDO Live.</desc><category></category></programme><programme channel="2476" start="20230104230000 +0000" stop="20230105230000 +0000" catchup-id="901243590"><title>Let's make it happen!</title><date></date><icon src="https://images.tv.kpn.com/epg/misc-2021_EVENT/1920x1080.jpg?blurred=false"></icon><desc>Tuesday the 8th of December, TDO Live.</desc><category></category></programme><programme channel="2476" start="20230105230000 +0000" stop="20230106230000 +0000" catchup-id="901289196"><title>Let's make it happen!</title><date></date><icon src="https://images.tv.kpn.com/epg/misc-2021_EVENT/1920x1080.jpg?blurred=false"></icon><desc>Tuesday the 8th of December, TDO Live.</desc><category></category></programme><programme channel="2476" start="20230106230000 +0000" stop="20230107230000 +0000" catchup-id="901331340"><title>Let's make it happen!</title><date></date><icon src="https://images.tv.kpn.com/epg/misc-2021_EVENT/1920x1080.jpg?blurred=false"></icon><desc>Tuesday the 8th of December, TDO Live.</desc><category></category></programme><programme channel="2476" start="20230107230000 +0000" stop="20230108230000 +0000" catchup-id="901372743"><title>Let's make it happen!</title><date></date><icon src="https://images.tv.kpn.com/epg/misc-2021_EVENT/1920x1080.jpg?blurred=false"></icon><desc>Tuesday the 8th of December, TDO Live.</desc><category></category></programme><programme channel="2476" start="20230108230000 +0000" stop="20230109230000 +0000" catchup-id="901417896"><title>Let's make it happen!</title><date></date><icon src="https://images.tv.kpn.com/epg/misc-2021_EVENT/1920x1080.jpg?blurred=false"></icon><desc>Tuesday the 8th of December, TDO Live.</desc><category></category></programme><programme channel="2476" start="20230109230000 +0000" stop="20230110230000 +0000" catchup-id="901469091"><title>Let's make it happen!</title><date></date><icon src="https://images.tv.kpn.com/epg/misc-2021_EVENT/1920x1080.jpg?blurred=false"></icon><desc>Tuesday the 8th of December, TDO Live.</desc><category></category></programme><programme channel="2476" start="20230110230000 +0000" stop="20230111230000 +0000" catchup-id="901523064"><title>Let's make it happen!</title><date></date><icon src="https://images.tv.kpn.com/epg/misc-2021_EVENT/1920x1080.jpg?blurred=false"></icon><desc>Tuesday the 8th of December, TDO Live.</desc><category></category></programme>