<programme channel="259" start="20221229001000 +0000" stop="20221229024500 +0000" catchup-id="900878388"><title>Roohi</title><date></date><icon src="https://images.tv.kpn.com/epg/13YaSo1V9AkC3ZQ0apFQIYHj2NwDeC7RcL29BJ3XerXF0/1920x1080.jpg?blurred=false"></icon><desc>Bhawra and Kattanni kidnap Roohi on the orders of Guniya, who wants to marry her off to his client. However, they realise Roohi is possessed by a demon.</desc><category></category></programme><programme channel="259" start="20221229024500 +0000" stop="20221229052500 +0000" catchup-id="900878391"><title>Baby (2015)</title><date></date><icon src="https://images.tv.kpn.com/epg/tQRQpLgtNTO0v1am66A13jss5dasIDqtVPHIX1I1FR8/1920x1080.jpg?blurred=false"></icon><desc>An elite team of the Indian intelligence system perpetually strives to detect and eliminate terrorists and their plots. Officer Ajay leads a team to destroy one such potentially lethal operation.</desc><category></category></programme><programme channel="259" start="20221229052500 +0000" stop="20221229060000 +0000" catchup-id="900878394"><title>Chalo Jeete Hai</title><date></date><icon src="https://images.tv.kpn.com/epg/OLqYeGH7HPSPSoRrWorwkhcAxus6z1cbeiR9AxA9BD9ARc/1920x1080.jpg?blurred=false"></icon><desc>An impressionable young boy, Naru's pursuit of the meaning of life by doing the most he can for others. This film is inspired by true life events from Indian PM Modi's life.</desc><category></category></programme><programme channel="259" start="20221229060000 +0000" stop="20221229075500 +0000" catchup-id="900878397"><title>Ishwar Sakshi</title><date></date><icon src="https://images.tv.kpn.com/epg/ipZ8kUXgET8qA81GFZwEcvAXDK8JEVnoIEotCBdEeT8/1920x1080.jpg?blurred=false"></icon><desc>A man promises to marry his daughter to a young man in front of Vishnu idol. Later the father refuses and the young man appeals to Vishnu for help.</desc><category></category></programme><programme channel="259" start="20221229075500 +0000" stop="20221229103000 +0000" catchup-id="900878400"><title>Gunday (2014)</title><date></date><icon src="https://images.tv.kpn.com/epg/ipZ8kUXgET8qA81GFZwEcvAXDK8JEVnoIEotCBdEeT8/1920x1080.jpg?blurred=false"></icon><desc>Bikram and Bala aspire to take over the coal mafia. However, they fall in love with the same woman, which leads to a rift forming between the two.</desc><category></category></programme><programme channel="259" start="20221229103000 +0000" stop="20221229130000 +0000" catchup-id="900878403"><title>Sarkar Raj</title><date></date><icon src="https://images.tv.kpn.com/epg/tQRQpLgtNTO0v1am66A13jss5dasIDqtVPHIX1I1FR8/1920x1080.jpg?blurred=false"></icon><desc>Maharashtra's most powerful family faces conflict when Vishnu departs, never to return. The evil forces gang up to bring down the regime of Sarkar. Release Year: 2008 Director: Ram Gopal Varma</desc><category></category></programme><programme channel="259" start="20221229130000 +0000" stop="20221229154500 +0000" catchup-id="900878406"><title>Judwaa 2</title><date></date><icon src="https://images.tv.kpn.com/epg/ipZ8kUXgET8qA81GFZwEcvAXDK8JEVnoIEotCBdEeT8/1920x1080.jpg?blurred=false"></icon><desc>2017 Action-comedy. Raja and Prem Varun, twins separated at birth, join forces as adults to take down a smuggling kingpin, who threatens to destroy their family. Also stars Jacqueline and Taapsee. Release Year: 2017 Director: David Dhawan</desc><category></category></programme><programme channel="259" start="20221229154500 +0000" stop="20221229182000 +0000" catchup-id="900878409"><title>Tubelight</title><date></date><icon src="https://images.tv.kpn.com/epg/OLqYeGH7HPSPSoRrWorwkhcAxus6z1cbeiR9AxA9BD9ARc/1920x1080.jpg?blurred=false"></icon><desc>A small town in the hills of northern India, and tells the story of Laxman's Salman Khan love for his brother Bharat Sohail Khan and his unshakeable belief in himself. Release Year: 2017 Director: Kabir Khan</desc><category></category></programme><programme channel="259" start="20221229182000 +0000" stop="20221229210000 +0000" catchup-id="900878412"><title>Phillauri</title><date></date><icon src="https://images.tv.kpn.com/epg/ipZ8kUXgET8qA81GFZwEcvAXDK8JEVnoIEotCBdEeT8/1920x1080.jpg?blurred=false"></icon><desc>As he is a Manglik, NRI Kanan grudgingly gets married to a tree. Release Year: 2017 Director: Anshai Lal</desc><category></category></programme><programme channel="259" start="20221229210000 +0000" stop="20221229234500 +0000" catchup-id="900878415"><title>Bunty Aur Babli 2</title><date></date><icon src="https://images.tv.kpn.com/epg/13YaSo1V9AkC3ZQ0apFQIYHj2NwDeC7RcL29BJ3XerXF0/1920x1080.jpg?blurred=false"></icon><desc>The retired con couple Bunty and Babli are forced to rejoin the business to thwart the attempts of a young duo that robs people with their trademark sigil and bring them to justice.</desc><category></category></programme><programme channel="259" start="20221229234500 +0000" stop="20221230031000 +0000" catchup-id="900926595"><title>Vikram: Hitlist</title><date></date><icon src="https://images.tv.kpn.com/epg/tQRQpLgtNTO0v1am66A13jss5dasIDqtVPHIX1I1FR8/1920x1080.jpg?blurred=false"></icon><desc>A special agent investigates a murder committed by a masked group of serial killers. However, a tangled maze of clues soon leads him to the drug kingpin of Chennai.</desc><category></category></programme><programme channel="259" start="20221230031000 +0000" stop="20221230052000 +0000" catchup-id="900926598"><title>Daagdi Chaawl</title><date></date><icon src="https://images.tv.kpn.com/epg/tQRQpLgtNTO0v1am66A13jss5dasIDqtVPHIX1I1FR8/1920x1080.jpg?blurred=false"></icon><desc>An incident brings a simple man, Surya Ankush, to face-to-face with Daddy Makarand, an underworld don, which slowly and unwittingly drags him into the world of crime.</desc><category></category></programme><programme channel="259" start="20221230052000 +0000" stop="20221230060000 +0000" catchup-id="900926601"><title>The Front Row With Anupama Chopra S01</title><date></date><icon src="https://images.tv.kpn.com/epg/ipZ8kUXgET8qA81GFZwEcvAXDK8JEVnoIEotCBdEeT8/1920x1080.jpg?blurred=false"></icon><desc>Anupama Chopra, a renowned author and film critic, gives her take on the week's latest releases and interviews some of the biggest names in the industry.</desc><category></category></programme><programme channel="259" start="20221230060000 +0000" stop="20221230075000 +0000" catchup-id="900926604"><title>Taxi No. 9211</title><date></date><icon src="https://images.tv.kpn.com/epg/13YaSo1V9AkC3ZQ0apFQIYHj2NwDeC7RcL29BJ3XerXF0/1920x1080.jpg?blurred=false"></icon><desc>2006/Slice-of-life One day Jai John Abraham is to inherit his dad's property, he clashes with taxi driver Raghav Nana Patekar. Their fight teaches them a lesson, changing their lives forever.</desc><category></category></programme><programme channel="259" start="20221230075000 +0000" stop="20221230101500 +0000" catchup-id="900926607"><title>Sanam Re (2016)</title><date></date><icon src="https://images.tv.kpn.com/epg/13YaSo1V9AkC3ZQ0apFQIYHj2NwDeC7RcL29BJ3XerXF0/1920x1080.jpg?blurred=false"></icon><desc>A man focused on his career finds solace when he reunites with his childhood sweetheart.</desc><category></category></programme><programme channel="259" start="20221230101500 +0000" stop="20221230125500 +0000" catchup-id="900926610"><title>Shaadi Ke Side Effects</title><date></date><icon src="https://images.tv.kpn.com/epg/13YaSo1V9AkC3ZQ0apFQIYHj2NwDeC7RcL29BJ3XerXF0/1920x1080.jpg?blurred=false"></icon><desc>A complicated relationship develops between a man and woman after getting married and having a baby. Release Year: 2014 Director: Saket Chaudhary</desc><category></category></programme><programme channel="259" start="20221230125500 +0000" stop="20221230161000 +0000" catchup-id="900926613"><title>Hum Hai Rahi Pyar Ke</title><date></date><icon src="https://images.tv.kpn.com/epg/13YaSo1V9AkC3ZQ0apFQIYHj2NwDeC7RcL29BJ3XerXF0/1920x1080.jpg?blurred=false"></icon><desc>Rahul looks after his spoilt nephews, Sunny and Vicky, and niece, Munni. When they go to a funfair, they meet Vyjayanti, who has run away from home, and decide to shelter her without Rahul's consent.</desc><category></category></programme><programme channel="259" start="20221230161000 +0000" stop="20221230184000 +0000" catchup-id="900926616"><title>Guest Iin London</title><date></date><icon src="https://images.tv.kpn.com/epg/tQRQpLgtNTO0v1am66A13jss5dasIDqtVPHIX1I1FR8/1920x1080.jpg?blurred=false"></icon><desc>Aryan and his wife are saddled with the responsibility of uninvited guests, who have a dozen desi quirks and no sense of boundaries. Release Year: 2017 Director: Ashwani Dhir</desc><category></category></programme><programme channel="259" start="20221230184000 +0000" stop="20221230210000 +0000" catchup-id="900926619"><title>Gour Hari Dastaan</title><date></date><icon src="https://images.tv.kpn.com/epg/tQRQpLgtNTO0v1am66A13jss5dasIDqtVPHIX1I1FR8/1920x1080.jpg?blurred=false"></icon><desc>When the son of Gour Hari Das, a freedom fighter, is denied admission in school due to a lack of a Freedom Fighter's Certificate.</desc><category></category></programme><programme channel="259" start="20221230210000 +0000" stop="20221230233000 +0000" catchup-id="900926622"><title>Jayeshbhai Jordaar</title><date></date><icon src="https://images.tv.kpn.com/epg/OLqYeGH7HPSPSoRrWorwkhcAxus6z1cbeiR9AxA9BD9ARc/1920x1080.jpg?blurred=false"></icon><desc>A timid Jayesh must defy his patriarchal family as he flees with his wife to save their unborn daughter from foeticide.</desc><category></category></programme><programme channel="259" start="20221230233000 +0000" stop="20221231020000 +0000" catchup-id="900969768"><title>Tadap</title><date></date><icon src="https://images.tv.kpn.com/epg/OLqYeGH7HPSPSoRrWorwkhcAxus6z1cbeiR9AxA9BD9ARc/1920x1080.jpg?blurred=false"></icon><desc>Ishana and Ramisa share a passionate relationship, but everything changes between them when Ramisa's father learns about their secret affair.</desc><category></category></programme><programme channel="259" start="20221231020000 +0000" stop="20221231053000 +0000" catchup-id="900969774"><title>David</title><date></date><icon src="https://images.tv.kpn.com/epg/ipZ8kUXgET8qA81GFZwEcvAXDK8JEVnoIEotCBdEeT8/1920x1080.jpg?blurred=false"></icon><desc>Three different men named David, who are about to take a step which is going to change their lives forever. It stars Vikram, Neil Nitin Mukesh and Tabu. Release Year: 2013 Director: Bejoy Nambiar</desc><category></category></programme><programme channel="259" start="20221231053000 +0000" stop="20221231060000 +0000" catchup-id="900969780"><title>The Front Row With Anupama Chopra S01</title><date></date><icon src="https://images.tv.kpn.com/epg/13YaSo1V9AkC3ZQ0apFQIYHj2NwDeC7RcL29BJ3XerXF0/1920x1080.jpg?blurred=false"></icon><desc>Anupama Chopra, a renowned author and film critic, gives her take on the week's latest releases and interviews some of the biggest names in the industry.</desc><category></category></programme><programme channel="259" start="20221231060000 +0000" stop="20221231062500 +0000" catchup-id="900969786"><title>Chalo Jeete Hain</title><date></date><icon src="https://images.tv.kpn.com/epg/tQRQpLgtNTO0v1am66A13jss5dasIDqtVPHIX1I1FR8/1920x1080.jpg?blurred=false"></icon><desc>An impressionable boy is struck hard by Swami Vivekananda's quote, 'Wahi jeete hain, jo doosro ke liye jeete hain.' On the quest for purpose of life, he tries to pursue what he can do for others.</desc><category></category></programme><programme channel="259" start="20221231062500 +0000" stop="20221231085500 +0000" catchup-id="900969792"><title>Hum Do Humare Do</title><date></date><icon src="https://images.tv.kpn.com/epg/ipZ8kUXgET8qA81GFZwEcvAXDK8JEVnoIEotCBdEeT8/1920x1080.jpg?blurred=false"></icon><desc>Dhruv, who grew up an orphan, is in love with a woman who wishes to marry someone with a family. In order to fulfil his lover's wish, he hires two older individuals to pose as his parents.</desc><category></category></programme><programme channel="259" start="20221231085500 +0000" stop="20221231120000 +0000" catchup-id="900969795"><title>Housefull 2</title><date></date><icon src="https://images.tv.kpn.com/epg/OLqYeGH7HPSPSoRrWorwkhcAxus6z1cbeiR9AxA9BD9ARc/1920x1080.jpg?blurred=false"></icon><desc>Four men Akshay, John, Ritesh and Shreyas, who help each other to fool their prospective father-in-laws creating a cascade of confusion and mayhem. Film also stars Asin and Jacquiline. Release Year: 2012 Director: Sajid Khan Awards: Zee Cine Awards- Power Club - Box Office Award- Sajid Khan. Stardust Awards- Star of the Year - Male- Akshay Kumar, People's Choice Awards- Favorite Comedy Movie, Favorite Comedy Movie Star</desc><category></category></programme><programme channel="259" start="20221231120000 +0000" stop="20221231152000 +0000" catchup-id="900969801"><title>Ishq</title><date></date><icon src="https://images.tv.kpn.com/epg/tQRQpLgtNTO0v1am66A13jss5dasIDqtVPHIX1I1FR8/1920x1080.jpg?blurred=false"></icon><desc>Ranjit and Harbanslal want their children Ajay Devgan and Madhu Juhi to marry each other. But, Madhu falls in love with Raja Aamir while Ajay falls in love with Kajal Kajol. Release Year: 1997 Director: Indra Kumar</desc><category></category></programme><programme channel="259" start="20221231152000 +0000" stop="20221231175500 +0000" catchup-id="900969807"><title>Mimi</title><date></date><icon src="https://images.tv.kpn.com/epg/ipZ8kUXgET8qA81GFZwEcvAXDK8JEVnoIEotCBdEeT8/1920x1080.jpg?blurred=false"></icon><desc>An aspiring actress in a small town agrees to bear a child for a visiting couple seeking a surrogate mother, but her experience takes unexpected turns.</desc><category></category></programme><programme channel="259" start="20221231175500 +0000" stop="20221231210000 +0000" catchup-id="900969813"><title>The Big Bull</title><date></date><icon src="https://images.tv.kpn.com/epg/OLqYeGH7HPSPSoRrWorwkhcAxus6z1cbeiR9AxA9BD9ARc/1920x1080.jpg?blurred=false"></icon><desc>Hemant Shah, a man from a humble background, aspires to become rich. He soon devises a plan to exploit the loopholes in the banking system to fulfil his ambitions.</desc><category></category></programme><programme channel="259" start="20221231210000 +0000" stop="20221231233500 +0000" catchup-id="900969819"><title>A Thursday</title><date></date><icon src="https://images.tv.kpn.com/epg/OLqYeGH7HPSPSoRrWorwkhcAxus6z1cbeiR9AxA9BD9ARc/1920x1080.jpg?blurred=false"></icon><desc>One fateful Thursday in the city of Mumbai invites tremendous horror when Naina, a nursery school teacher, holds 16 children hostage and produces a list of unfathomable demands.</desc><category></category></programme><programme channel="259" start="20221231233500 +0000" stop="20230101021000 +0000" catchup-id="901009860"><title>Samrat Prithviraj</title><date></date><icon src="https://images.tv.kpn.com/epg/ipZ8kUXgET8qA81GFZwEcvAXDK8JEVnoIEotCBdEeT8/1920x1080.jpg?blurred=false"></icon><desc>A fearless warrior. An epic love story. Witness the grand saga of Samrat Prithviraj Chauhan.</desc><category></category></programme><programme channel="259" start="20230101021000 +0000" stop="20230101043500 +0000" catchup-id="901009866"><title>Murder 2</title><date></date><icon src="https://images.tv.kpn.com/epg/13YaSo1V9AkC3ZQ0apFQIYHj2NwDeC7RcL29BJ3XerXF0/1920x1080.jpg?blurred=false"></icon><desc>Arjun, an ex-cop, is hired by gangster Sameer to locate missing call-girls. His investigations lead him to Dheeraj, a psychopath. Release Year: 2011 Director: Mohit Suri Awards: Screen Awards- Best Actor In a negative Role- Prashant Narayanan. Stardust Awards- Best actor- Emraan Hashmi. Apsara Awards- Best Actor- Emraan Hashmi.</desc><category></category></programme><programme channel="259" start="20230101043500 +0000" stop="20230101060000 +0000" catchup-id="901009872"><title>The President Is Coming</title><date></date><icon src="https://images.tv.kpn.com/epg/OLqYeGH7HPSPSoRrWorwkhcAxus6z1cbeiR9AxA9BD9ARc/1920x1080.jpg?blurred=false"></icon><desc>Six young contestants undergo bizarre tests and stop at nothing to top the list of the young faces responsible for shaping 'The New India' and eventually meet George Bush.</desc><category></category></programme><programme channel="259" start="20230101060000 +0000" stop="20230101092000 +0000" catchup-id="901009878"><title>Kshatriya (1993)</title><date></date><icon src="https://images.tv.kpn.com/epg/13YaSo1V9AkC3ZQ0apFQIYHj2NwDeC7RcL29BJ3XerXF0/1920x1080.jpg?blurred=false"></icon><desc>The royal families of Mirtagarh and Surjangarh are at war with each other. Problems arise when their younger generations refuse to continue the feud.</desc><category></category></programme><programme channel="259" start="20230101092000 +0000" stop="20230101123500 +0000" catchup-id="901009884"><title>Bandhan (1998)</title><date></date><icon src="https://images.tv.kpn.com/epg/ipZ8kUXgET8qA81GFZwEcvAXDK8JEVnoIEotCBdEeT8/1920x1080.jpg?blurred=false"></icon><desc>Unable to bear a child, Pooja is asked to compromise with her husband's new mistress or leave the house. Pooja's brother, Raju, decides to fight for her and reunite her with her husband.</desc><category></category></programme><programme channel="259" start="20230101123500 +0000" stop="20230101154000 +0000" catchup-id="901009890"><title>Bhool Bhulaiyaa</title><date></date><icon src="https://images.tv.kpn.com/epg/tQRQpLgtNTO0v1am66A13jss5dasIDqtVPHIX1I1FR8/1920x1080.jpg?blurred=false"></icon><desc>An NRI couple decide to stay in his ancestral home. Inexplicable occurrences cause him to call a psychiatrist to solve the mystery. Release Year: 2007 Director: Nupur Asthana</desc><category></category></programme><programme channel="259" start="20230101154000 +0000" stop="20230101182000 +0000" catchup-id="901009899"><title>Jolly LLB 2</title><date></date><icon src="https://images.tv.kpn.com/epg/ipZ8kUXgET8qA81GFZwEcvAXDK8JEVnoIEotCBdEeT8/1920x1080.jpg?blurred=false"></icon><desc>A blunt, compassionate, struggling lawyer moves from Kanpur to Lucknow to pursue his dream of making it big-time. Release Year: 2017 Director: Subhash Kapoor</desc><category></category></programme><programme channel="259" start="20230101182000 +0000" stop="20230101210000 +0000" catchup-id="901009905"><title>Bala</title><date></date><icon src="https://images.tv.kpn.com/epg/tQRQpLgtNTO0v1am66A13jss5dasIDqtVPHIX1I1FR8/1920x1080.jpg?blurred=false"></icon><desc>Bala, a young man, suffers from premature balding and struggles to measure up to social beauty standards. When his insecurity threatens his marriage, he seeks the help of a dark-complexioned lawyer.</desc><category></category></programme><programme channel="259" start="20230101210000 +0000" stop="20230101234000 +0000" catchup-id="901009914"><title>A Thursday</title><date></date><icon src="https://images.tv.kpn.com/epg/ipZ8kUXgET8qA81GFZwEcvAXDK8JEVnoIEotCBdEeT8/1920x1080.jpg?blurred=false"></icon><desc>One fateful Thursday in the city of Mumbai invites tremendous horror when Naina, a nursery school teacher, holds 16 children hostage and produces a list of unfathomable demands.</desc><category></category></programme><programme channel="259" start="20230101234000 +0000" stop="20230102030000 +0000" catchup-id="901051470"><title>Kahin Pyar Na Ho Jaye</title><date></date><icon src="https://images.tv.kpn.com/epg/13YaSo1V9AkC3ZQ0apFQIYHj2NwDeC7RcL29BJ3XerXF0/1920x1080.jpg?blurred=false"></icon><desc>Prem is supposed to marry Nisha but she gets married to a rich NRI. He is devastated and takes to drinking. Later, he meets Priya and falls in love with her.</desc><category></category></programme><programme channel="259" start="20230102030000 +0000" stop="20230102060000 +0000" catchup-id="901051476"><title>Abhay</title><date></date><icon src="https://images.tv.kpn.com/epg/OLqYeGH7HPSPSoRrWorwkhcAxus6z1cbeiR9AxA9BD9ARc/1920x1080.jpg?blurred=false"></icon><desc>2001 Psychological thriller. Vijay's twin brother Abhay Kamal Hassan, who is mentally ill, decides to kill Vijay's fiancee, Teju Raveena Tandon as he visualizes her as his evil stepmother. Release Year: 2009 Director: Mahesh Babu</desc><category></category></programme><programme channel="259" start="20230102060000 +0000" stop="20230102083000 +0000" catchup-id="901051479"><title>Pyaar Karke Dekho</title><date></date><icon src="https://images.tv.kpn.com/epg/OLqYeGH7HPSPSoRrWorwkhcAxus6z1cbeiR9AxA9BD9ARc/1920x1080.jpg?blurred=false"></icon><desc>Ravi Kumar moves to Mumbai to pursue his lifelong dream of becoming a singer and dancer. He lies to his landlady that he is married but is baffled when Urvashi claims to be his wife.</desc><category></category></programme><programme channel="259" start="20230102083000 +0000" stop="20230102111000 +0000" catchup-id="901051488"><title>Phillauri</title><date></date><icon src="https://images.tv.kpn.com/epg/tQRQpLgtNTO0v1am66A13jss5dasIDqtVPHIX1I1FR8/1920x1080.jpg?blurred=false"></icon><desc>As he is a Manglik, NRI Kanan grudgingly gets married to a tree. Release Year: 2017 Director: Anshai Lal</desc><category></category></programme><programme channel="259" start="20230102111000 +0000" stop="20230102133500 +0000" catchup-id="901051494"><title>Hawaa Hawaai</title><date></date><icon src="https://images.tv.kpn.com/epg/OLqYeGH7HPSPSoRrWorwkhcAxus6z1cbeiR9AxA9BD9ARc/1920x1080.jpg?blurred=false"></icon><desc>2014 Sport-drama. Arjun Partho Gupte, a poor boy working at a tea stall, aspires to become a skating champion. His dream comes true when Aniket Saqib, a skating coach, decides to train him. Release Year: 2014 Director: Amole Gupte</desc><category></category></programme><programme channel="259" start="20230102133500 +0000" stop="20230102155500 +0000" catchup-id="901051500"><title>Madam Chief Minister</title><date></date><icon src="https://images.tv.kpn.com/epg/OLqYeGH7HPSPSoRrWorwkhcAxus6z1cbeiR9AxA9BD9ARc/1920x1080.jpg?blurred=false"></icon><desc>A feisty woman encounters political corruption at every level as she embarks on a journey to becoming the chief minister of Uttar Pradesh.</desc><category></category></programme><programme channel="259" start="20230102155500 +0000" stop="20230102175500 +0000" catchup-id="901051506"><title>Traffic</title><date></date><icon src="https://images.tv.kpn.com/epg/13YaSo1V9AkC3ZQ0apFQIYHj2NwDeC7RcL29BJ3XerXF0/1920x1080.jpg?blurred=false"></icon><desc>A thriller based various real incidents that happened at a crowded traffic junction in Kochi. Inspired from the real events that happened in Chennai. Release Year: 2016 Director: Rajesh Pillai</desc><category></category></programme><programme channel="259" start="20230102175500 +0000" stop="20230102210000 +0000" catchup-id="901051512"><title>Dhruva (2016)</title><date></date><icon src="https://images.tv.kpn.com/epg/13YaSo1V9AkC3ZQ0apFQIYHj2NwDeC7RcL29BJ3XerXF0/1920x1080.jpg?blurred=false"></icon><desc>Dhruva, an IPS officer, discovers a strong network of organized crime. He then intends to take down the mastermind behind a huge racket and encounters numerous challenges on his way.</desc><category></category></programme><programme channel="259" start="20230102210000 +0000" stop="20230103005000 +0000" catchup-id="901051518"><title>Dilwale Dulhaniya Le Jayenga</title><date></date><icon src="https://images.tv.kpn.com/epg/ipZ8kUXgET8qA81GFZwEcvAXDK8JEVnoIEotCBdEeT8/1920x1080.jpg?blurred=false"></icon><desc>Raj and Simran meet during a trip across Europe and the two fall in love. However, when Raj learns that Simran is already promised to another, he follows her to India to win her and her father over.</desc><category></category></programme><programme channel="259" start="20230103005000 +0000" stop="20230103033500 +0000" catchup-id="901093065"><title>Pink</title><date></date><icon src="https://images.tv.kpn.com/epg/ipZ8kUXgET8qA81GFZwEcvAXDK8JEVnoIEotCBdEeT8/1920x1080.jpg?blurred=false"></icon><desc>2016 Courtroom drama. When three young women Taapsee, Kirti and Andrea are involved in a crime, then a retired lawyer Amitabh Bachchan steps forward to help them clear their names. Release Year: 2016 Director: Aniruddha Roy Chowdhury</desc><category></category></programme><programme channel="259" start="20230103033500 +0000" stop="20230103060000 +0000" catchup-id="901093068"><title>Pyaar Ke Side Effects</title><date></date><icon src="https://images.tv.kpn.com/epg/tQRQpLgtNTO0v1am66A13jss5dasIDqtVPHIX1I1FR8/1920x1080.jpg?blurred=false"></icon><desc>A romantic comedy where two strangers meet and disappear, only to unite months later in the most unexpected way. Release Year: 2006 Director: Saket Chaudhary Awards: World Fest-Houston International Film Festival- Remi Award for Creative Excellence</desc><category></category></programme><programme channel="259" start="20230103060000 +0000" stop="20230103082000 +0000" catchup-id="901093071"><title>Vachan</title><date></date><icon src="https://images.tv.kpn.com/epg/13YaSo1V9AkC3ZQ0apFQIYHj2NwDeC7RcL29BJ3XerXF0/1920x1080.jpg?blurred=false"></icon><desc>After her elder brother dies and her father goes blind, Kamla sacrifices her love and happiness to look after the needs of her family, only to be betrayed by her loved ones. Release Year: 1955</desc><category></category></programme><programme channel="259" start="20230103082000 +0000" stop="20230103102000 +0000" catchup-id="901093074"><title>Vroom</title><date></date><icon src="https://images.tv.kpn.com/epg/OLqYeGH7HPSPSoRrWorwkhcAxus6z1cbeiR9AxA9BD9ARc/1920x1080.jpg?blurred=false"></icon><desc>A scientist hides a unique chip in a car to keep it from falling into the wrong hands. Why is car behaving strangely?</desc><category></category></programme><programme channel="259" start="20230103102000 +0000" stop="20230103130500 +0000" catchup-id="901093077"><title>Hero No. 1</title><date></date><icon src="https://images.tv.kpn.com/epg/13YaSo1V9AkC3ZQ0apFQIYHj2NwDeC7RcL29BJ3XerXF0/1920x1080.jpg?blurred=false"></icon><desc>1997/Comedy Wealthy Rajesh Govinda loves Dinanath's granddaughter Meena Karishma Kapoor. Due to a family feud he cannot marry her and decides to enter Meena's house as a servant to win approval. Release Year: 1997 Director: David Dhawan</desc><category></category></programme><programme channel="259" start="20230103130500 +0000" stop="20230103153000 +0000" catchup-id="901093080"><title>Sanam Re (2016)</title><date></date><icon src="https://images.tv.kpn.com/epg/ipZ8kUXgET8qA81GFZwEcvAXDK8JEVnoIEotCBdEeT8/1920x1080.jpg?blurred=false"></icon><desc>A man focused on his career finds solace when he reunites with his childhood sweetheart.</desc><category></category></programme><programme channel="259" start="20230103153000 +0000" stop="20230103172000 +0000" catchup-id="901093083"><title>Staying Alive</title><date></date><icon src="https://images.tv.kpn.com/epg/13YaSo1V9AkC3ZQ0apFQIYHj2NwDeC7RcL29BJ3XerXF0/1920x1080.jpg?blurred=false"></icon><desc>Aditya, who suffers from a heart attack for the third time, is admitted to a hospital where he meets a mafia member, Shaukat. As they struggle to survive, they develop a love-hate relationship. Release Year: 1983 Director: Sylvester Stallone</desc><category></category></programme><programme channel="259" start="20230103172000 +0000" stop="20230103210000 +0000" catchup-id="901093086"><title>Dil To Pagal Hai</title><date></date><icon src="https://images.tv.kpn.com/epg/13YaSo1V9AkC3ZQ0apFQIYHj2NwDeC7RcL29BJ3XerXF0/1920x1080.jpg?blurred=false"></icon><desc>Rahul, dancer-director of a dance troupe, is attracted to Pooja. His best friend Nisha is secretly in love with him. Release Year: 1997 Director: Yash Chopra Awards: Filmfare Awards- Best Film, Best Actor- Shah Rukh khan, best actreSSw- Madhuri Dixit, best ActreSS in a Supporting role- Karisma Kapoor, Best Music director- Uttam Singh, Best Dialogue, Best Art direction. Silver Lotus Awards- best supporting ActreSS- Karisma Kapoor.</desc><category></category></programme><programme channel="259" start="20230103210000 +0000" stop="20230103232500 +0000" catchup-id="901093089"><title>Raid</title><date></date><icon src="https://images.tv.kpn.com/epg/ipZ8kUXgET8qA81GFZwEcvAXDK8JEVnoIEotCBdEeT8/1920x1080.jpg?blurred=false"></icon><desc>An income tax officer raids the mansion of the most powerful man in Lucknow after someone mysteriously draws his attention towards the evidence. Release Year: 2018</desc><category></category></programme><programme channel="259" start="20230103232500 +0000" stop="20230104011500 +0000" catchup-id="901139088"><title>Mantostaan</title><date></date><icon src="https://images.tv.kpn.com/epg/tQRQpLgtNTO0v1am66A13jss5dasIDqtVPHIX1I1FR8/1920x1080.jpg?blurred=false"></icon><desc>2017 Historical drama is a dark satire based on 4 controversial short stories of legendary Urdu writer Saadat Hasan Manto. It sheds light on the inhumane side of mankind. It stars Raghubir Yadav. Release Year: 2016 Director: Rahat Kazmi</desc><category></category></programme><programme channel="259" start="20230104011500 +0000" stop="20230104034000 +0000" catchup-id="901139091"><title>Action Jackson</title><date></date><icon src="https://images.tv.kpn.com/epg/tQRQpLgtNTO0v1am66A13jss5dasIDqtVPHIX1I1FR8/1920x1080.jpg?blurred=false"></icon><desc>Vishi is a small-time goon who falls in love with Khushi, a rather clumsy girl. Before the two lovebirds can embark on a romantic journey, Vishi comes face-to-face with AJ, his lookalike Release Year: 2014 Director: Prabhu Deva</desc><category></category></programme><programme channel="259" start="20230104034000 +0000" stop="20230104060000 +0000" catchup-id="901139094"><title>Aunty No. 1</title><date></date><icon src="https://images.tv.kpn.com/epg/tQRQpLgtNTO0v1am66A13jss5dasIDqtVPHIX1I1FR8/1920x1080.jpg?blurred=false"></icon><desc>When Gopi is asked to pretend to his friend Aunt, he doesn't realize the mess he will get into when the real Aunt shows up.</desc><category></category></programme><programme channel="259" start="20230104060000 +0000" stop="20230104084000 +0000" catchup-id="901139097"><title>Chal Mere Bhai</title><date></date><icon src="https://images.tv.kpn.com/epg/OLqYeGH7HPSPSoRrWorwkhcAxus6z1cbeiR9AxA9BD9ARc/1920x1080.jpg?blurred=false"></icon><desc>Vicky and his younger brother Prem both love Sapna. The family arranges her wedding with Vicky. Will she give in to their wishes? Release Year: 2000 Director: David Dhawan</desc><category></category></programme><programme channel="259" start="20230104084000 +0000" stop="20230104120000 +0000" catchup-id="901139100"><title>Ishq</title><date></date><icon src="https://images.tv.kpn.com/epg/OLqYeGH7HPSPSoRrWorwkhcAxus6z1cbeiR9AxA9BD9ARc/1920x1080.jpg?blurred=false"></icon><desc>Ranjit and Harbanslal want their children Ajay Devgan and Madhu Juhi to marry each other. But, Madhu falls in love with Raja Aamir while Ajay falls in love with Kajal Kajol. Release Year: 1997 Director: Indra Kumar</desc><category></category></programme><programme channel="259" start="20230104120000 +0000" stop="20230104150500 +0000" catchup-id="901139103"><title>Humko Deewana Kar Gaye</title><date></date><icon src="https://images.tv.kpn.com/epg/tQRQpLgtNTO0v1am66A13jss5dasIDqtVPHIX1I1FR8/1920x1080.jpg?blurred=false"></icon><desc>Aditya and Jia fall in love but they are engaged to different people. At Jia's wedding reception, they realise that they still love each other. Release Year: 2006 Director: Raj Kanwar</desc><category></category></programme><programme channel="259" start="20230104150500 +0000" stop="20230104180000 +0000" catchup-id="901139106"><title>Patiala House</title><date></date><icon src="https://images.tv.kpn.com/epg/tQRQpLgtNTO0v1am66A13jss5dasIDqtVPHIX1I1FR8/1920x1080.jpg?blurred=false"></icon><desc>A victim Rishi Kapoor of British racial violence and profiling prevents his son Akshay Kumar from playing cricket for an English team. The film also stars Anushka Sharma. Release Year: 2011 Director: Nikhil Advani</desc><category></category></programme><programme channel="259" start="20230104180000 +0000" stop="20230104210000 +0000" catchup-id="901139109"><title>Bang Bang</title><date></date><icon src="https://images.tv.kpn.com/epg/OLqYeGH7HPSPSoRrWorwkhcAxus6z1cbeiR9AxA9BD9ARc/1920x1080.jpg?blurred=false"></icon><desc>A bank receptionist gets mixed up with Rajveer Hrithik Roshan, a man who has a mysterious background. The film also stars Jimmy Shergill and Danny Denzongpa. Release Year: 2014 Director: Siddharth Anand Awards: Surfers' Choice Award - Best Music Video--Bang Bang.</desc><category></category></programme><programme channel="259" start="20230104210000 +0000" stop="20230104235500 +0000" catchup-id="901139112"><title>Angrezi Medium</title><date></date><icon src="https://images.tv.kpn.com/epg/ipZ8kUXgET8qA81GFZwEcvAXDK8JEVnoIEotCBdEeT8/1920x1080.jpg?blurred=false"></icon><desc>Though Champak initially disapproves, he eventually does everything in his power while going through a series of hilarious mishaps to fulfil his daughter's dream of going to London to study further.</desc><category></category></programme><programme channel="259" start="20230104235500 +0000" stop="20230105024000 +0000" catchup-id="901184598"><title>Pink</title><date></date><icon src="https://images.tv.kpn.com/epg/tQRQpLgtNTO0v1am66A13jss5dasIDqtVPHIX1I1FR8/1920x1080.jpg?blurred=false"></icon><desc>2016 Courtroom drama. When three young women Taapsee, Kirti and Andrea are involved in a crime, then a retired lawyer Amitabh Bachchan steps forward to help them clear their names. Release Year: 2016 Director: Aniruddha Roy Chowdhury</desc><category></category></programme><programme channel="259" start="20230105024000 +0000" stop="20230105060000 +0000" catchup-id="901184601"><title>Arjun Reddy</title><date></date><icon src="https://images.tv.kpn.com/epg/tQRQpLgtNTO0v1am66A13jss5dasIDqtVPHIX1I1FR8/1920x1080.jpg?blurred=false"></icon><desc>Arjun Reddy, a successful young medical surgeon, sets out on the path of self-destruction when his lady-love is forced to marry another man.</desc><category></category></programme><programme channel="259" start="20230105060000 +0000" stop="20230105090000 +0000" catchup-id="901184604"><title>Bol Bachchan</title><date></date><icon src="https://images.tv.kpn.com/epg/OLqYeGH7HPSPSoRrWorwkhcAxus6z1cbeiR9AxA9BD9ARc/1920x1080.jpg?blurred=false"></icon><desc>Bol Bachchan</desc><category></category></programme><programme channel="259" start="20230105090000 +0000" stop="20230105120000 +0000" catchup-id="901184607"><title>Bang Bang</title><date></date><icon src="https://images.tv.kpn.com/epg/OLqYeGH7HPSPSoRrWorwkhcAxus6z1cbeiR9AxA9BD9ARc/1920x1080.jpg?blurred=false"></icon><desc>A bank receptionist gets mixed up with Rajveer Hrithik Roshan, a man who has a mysterious background. The film also stars Jimmy Shergill and Danny Denzongpa. Release Year: 2014 Director: Siddharth Anand Awards: Surfers' Choice Award - Best Music Video--Bang Bang.</desc><category></category></programme><programme channel="259" start="20230105120000 +0000" stop="20230105144000 +0000" catchup-id="901184610"><title>Janam Janam (1988)</title><date></date><icon src="https://images.tv.kpn.com/epg/tQRQpLgtNTO0v1am66A13jss5dasIDqtVPHIX1I1FR8/1920x1080.jpg?blurred=false"></icon><desc>Sunil, an architect, travels to Rajgarh for work. On the way, his car breaks down, forcing him to spend the night in an abandoned mansion where he recollects incidents from his past life.</desc><category></category></programme><programme channel="259" start="20230105144000 +0000" stop="20230105163500 +0000" catchup-id="901184613"><title>Dolly Ki Doli</title><date></date><icon src="https://images.tv.kpn.com/epg/tQRQpLgtNTO0v1am66A13jss5dasIDqtVPHIX1I1FR8/1920x1080.jpg?blurred=false"></icon><desc>Dolly Sonam Kapoor, who cons rich men into marrying her and then abandons them. Robin Pulkit Samrat, a cop, teams up with two of her victims in a bid to nab her. Release Year: 2015 Director: Abhishek Dogra</desc><category></category></programme><programme channel="259" start="20230105163500 +0000" stop="20230105184000 +0000" catchup-id="901184616"><title>Blood Money</title><date></date><icon src="https://images.tv.kpn.com/epg/ipZ8kUXgET8qA81GFZwEcvAXDK8JEVnoIEotCBdEeT8/1920x1080.jpg?blurred=false"></icon><desc>Kunal marries Aarzoo and they migrate to SA when he gets a job at a diamond trading firm. He gets involved in the illegal activities of the company.</desc><category></category></programme><programme channel="259" start="20230105184000 +0000" stop="20230105210000 +0000" catchup-id="901184619"><title>Dabangg 2</title><date></date><icon src="https://images.tv.kpn.com/epg/OLqYeGH7HPSPSoRrWorwkhcAxus6z1cbeiR9AxA9BD9ARc/1920x1080.jpg?blurred=false"></icon><desc>Chulbul Pandey Salman, a wayward cop, kills the brother of a don, Bachcha Prakash Raj. In retribution, Bachcha sends his cronies to attack Chulbul's wife Rajjo Sonakshi. Release Year: 2012 Director: Arbaaz Khan Awards: Zee Cine Awards- Best Actor - Salman Khan,</desc><category></category></programme><programme channel="259" start="20230105210000 +0000" stop="20230106000500 +0000" catchup-id="901184622"><title>The Big Bull</title><date></date><icon src="https://images.tv.kpn.com/epg/OLqYeGH7HPSPSoRrWorwkhcAxus6z1cbeiR9AxA9BD9ARc/1920x1080.jpg?blurred=false"></icon><desc>Hemant Shah, a man from a humble background, aspires to become rich. He soon devises a plan to exploit the loopholes in the banking system to fulfil his ambitions.</desc><category></category></programme><programme channel="259" start="20230106000500 +0000" stop="20230106034000 +0000" catchup-id="901230885"><title>Om Jai Jagdish</title><date></date><icon src="https://images.tv.kpn.com/epg/13YaSo1V9AkC3ZQ0apFQIYHj2NwDeC7RcL29BJ3XerXF0/1920x1080.jpg?blurred=false"></icon><desc>Three brothers come together to try and salvage what they can of their family business and estate while overcoming their selfish motives.</desc><category></category></programme><programme channel="259" start="20230106034000 +0000" stop="20230106060000 +0000" catchup-id="901230888"><title>Aisha</title><date></date><icon src="https://images.tv.kpn.com/epg/OLqYeGH7HPSPSoRrWorwkhcAxus6z1cbeiR9AxA9BD9ARc/1920x1080.jpg?blurred=false"></icon><desc>Aisha is a jet setter who tries her hand at match making. It takes a couple of disasters before she comes to her senses. Release Year: 2010 Director: Rajshree Ojha</desc><category></category></programme><programme channel="259" start="20230106060000 +0000" stop="20230106083500 +0000" catchup-id="901230891"><title>Aisha</title><date></date><icon src="https://images.tv.kpn.com/epg/OLqYeGH7HPSPSoRrWorwkhcAxus6z1cbeiR9AxA9BD9ARc/1920x1080.jpg?blurred=false"></icon><desc>Aisha is a jet setter who tries her hand at match making. It takes a couple of disasters before she comes to her senses. Release Year: 2010 Director: Rajshree Ojha</desc><category></category></programme><programme channel="259" start="20230106083500 +0000" stop="20230106103500 +0000" catchup-id="901230894"><title>VIP 2: Lalkar</title><date></date><icon src="https://images.tv.kpn.com/epg/tQRQpLgtNTO0v1am66A13jss5dasIDqtVPHIX1I1FR8/1920x1080.jpg?blurred=false"></icon><desc>Raghuvaran is an engineer whose life changes when his wife begins to control his decisions. To add to his troubles, Vasundhara, an egoistic entrepreneur, sets out to ruin his career.</desc><category></category></programme><programme channel="259" start="20230106103500 +0000" stop="20230106132500 +0000" catchup-id="901230897"><title>Jeena Sirf Mere Liye</title><date></date><icon src="https://images.tv.kpn.com/epg/tQRQpLgtNTO0v1am66A13jss5dasIDqtVPHIX1I1FR8/1920x1080.jpg?blurred=false"></icon><desc>Two friends, Pooja and Karan, get separated after Pooja relocates to the city. As grown-ups, although the two meet, they do not recognize each other and continue to search for one another.</desc><category></category></programme><programme channel="259" start="20230106132500 +0000" stop="20230106161000 +0000" catchup-id="901230900"><title>Ready</title><date></date><icon src="https://images.tv.kpn.com/epg/OLqYeGH7HPSPSoRrWorwkhcAxus6z1cbeiR9AxA9BD9ARc/1920x1080.jpg?blurred=false"></icon><desc>A man and his family concoct a grand scheme to win over the hearts of a woman and her greedy conniving uncles. Release Year: 2011 Director: Anees Bazmee Awards: Star of the Year Male: Salman Khan Stardust Awards</desc><category></category></programme><programme channel="259" start="20230106161000 +0000" stop="20230106185000 +0000" catchup-id="901230903"><title>The Zoya Factor</title><date></date><icon src="https://images.tv.kpn.com/epg/13YaSo1V9AkC3ZQ0apFQIYHj2NwDeC7RcL29BJ3XerXF0/1920x1080.jpg?blurred=false"></icon><desc>Zoya, who becomes the lucky charm of the Indian cricket team, has to choose between a career as the cricket goddess or her love, Nikhil, the captain of the Indian team.</desc><category></category></programme><programme channel="259" start="20230106185000 +0000" stop="20230106210000 +0000" catchup-id="901230906"><title>Dheeth Patangey</title><date></date><icon src="https://images.tv.kpn.com/epg/ipZ8kUXgET8qA81GFZwEcvAXDK8JEVnoIEotCBdEeT8/1920x1080.jpg?blurred=false"></icon><desc>Four cricket-crazy friends set out on a journey of self-discovery and soul-searching in order to write their own destinies.</desc><category></category></programme><programme channel="259" start="20230106210000 +0000" stop="20230106234000 +0000" catchup-id="901230909"><title>Tanhaji: The Unsung Warrior</title><date></date><icon src="https://images.tv.kpn.com/epg/ipZ8kUXgET8qA81GFZwEcvAXDK8JEVnoIEotCBdEeT8/1920x1080.jpg?blurred=false"></icon><desc>Tanhaji, a Maratha warrior, is Shivaji Maharaj's trusted lieutenant. When the Mughals invade and conquer Kondhana fort, he sets out to reclaim it for his king and country.</desc><category></category></programme><programme channel="259" start="20230106234000 +0000" stop="20230107021000 +0000" catchup-id="901276644"><title>Hate Story 3</title><date></date><icon src="https://images.tv.kpn.com/epg/OLqYeGH7HPSPSoRrWorwkhcAxus6z1cbeiR9AxA9BD9ARc/1920x1080.jpg?blurred=false"></icon><desc>A business tycoon, and his wife Zareen Khan meet a stranger named Saurav Karan Grover. He happens to be an enemy from his past plotting to seek revenge. Release Year: 2015 Director: Vishal Pandya</desc><category></category></programme><programme channel="259" start="20230107021000 +0000" stop="20230107060000 +0000" catchup-id="901276647"><title>23rd March 1931: Shaheed</title><date></date><icon src="https://images.tv.kpn.com/epg/ipZ8kUXgET8qA81GFZwEcvAXDK8JEVnoIEotCBdEeT8/1920x1080.jpg?blurred=false"></icon><desc>23rd March 1931: Shaheed is an Indian historical biographical film about Bhagat Singh, a freedom fighter who fought for Indian independence. Release Year: 2002</desc><category></category></programme><programme channel="259" start="20230107060000 +0000" stop="20230107065500 +0000" catchup-id="901276650"><title>Koffee With Karan S06</title><date></date><icon src="https://images.tv.kpn.com/epg/tQRQpLgtNTO0v1am66A13jss5dasIDqtVPHIX1I1FR8/1920x1080.jpg?blurred=false"></icon><desc>Karan is back with the sixth season of Koffee With Karan. Alia and Deepika grace the couch in the season opener and discuss their beaus, spill some beans and talk about their guilty pleasures.</desc><category></category></programme><programme channel="259" start="20230107065500 +0000" stop="20230107093000 +0000" catchup-id="901276653"><title>A New Love Ishtory (2013)</title><date></date><icon src="https://images.tv.kpn.com/epg/tQRQpLgtNTO0v1am66A13jss5dasIDqtVPHIX1I1FR8/1920x1080.jpg?blurred=false"></icon><desc>Sukku, who had once donated his sperm, is suddenly confronted by his daughter. After some reluctance, he begins to bond with her. But, her man-hating mother refuses to accept him.</desc><category></category></programme><programme channel="259" start="20230107093000 +0000" stop="20230107124500 +0000" catchup-id="901276656"><title>Housefull 2</title><date></date><icon src="https://images.tv.kpn.com/epg/13YaSo1V9AkC3ZQ0apFQIYHj2NwDeC7RcL29BJ3XerXF0/1920x1080.jpg?blurred=false"></icon><desc>Four men Akshay, John, Ritesh and Shreyas, who help each other to fool their prospective father-in-laws creating a cascade of confusion and mayhem. Film also stars Asin and Jacquiline. Release Year: 2012 Director: Sajid Khan Awards: Zee Cine Awards- Power Club - Box Office Award- Sajid Khan. Stardust Awards- Star of the Year - Male- Akshay Kumar, People's Choice Awards- Favorite Comedy Movie, Favorite Comedy Movie Star</desc><category></category></programme><programme channel="259" start="20230107124500 +0000" stop="20230107152500 +0000" catchup-id="901276659"><title>Aashiqui 2</title><date></date><icon src="https://images.tv.kpn.com/epg/ipZ8kUXgET8qA81GFZwEcvAXDK8JEVnoIEotCBdEeT8/1920x1080.jpg?blurred=false"></icon><desc>The turbulent relationship between musicians Rahul and Arohi is affected by Rahul's temperament and issues with alcohol abuse. Release Year: 2013 Director: Mohit Suri Awards: Apsara Award: Best Male Playback Singer: Arijit Singh: Tumse hi,Best Lyrics: Mithun Sharma for the song 'Tum Hi Ho' Special Awards: Jodi of the Year: Aditya Roy Kapoor and Shradha Kapoor, Best Music Director: Mithun Sharma.</desc><category></category></programme><programme channel="259" start="20230107152500 +0000" stop="20230107183000 +0000" catchup-id="901276662"><title>Drishyam</title><date></date><icon src="https://images.tv.kpn.com/epg/OLqYeGH7HPSPSoRrWorwkhcAxus6z1cbeiR9AxA9BD9ARc/1920x1080.jpg?blurred=false"></icon><desc>Desperate measures are taken by a man who tries to save his family from the dark side of the law, after they commit an unexpected crime. Release Year: 2015 Director: Nishikant Kamat</desc><category></category></programme><programme channel="259" start="20230107183000 +0000" stop="20230107210000 +0000" catchup-id="901276665"><title>Luka Chuppi</title><date></date><icon src="https://images.tv.kpn.com/epg/ipZ8kUXgET8qA81GFZwEcvAXDK8JEVnoIEotCBdEeT8/1920x1080.jpg?blurred=false"></icon><desc>It tells the story of a television reporter in Mathura who falls in love with a headstrong woman.</desc><category></category></programme><programme channel="259" start="20230107210000 +0000" stop="20230107231000 +0000" catchup-id="901276668"><title>Mardaani 2</title><date></date><icon src="https://images.tv.kpn.com/epg/13YaSo1V9AkC3ZQ0apFQIYHj2NwDeC7RcL29BJ3XerXF0/1920x1080.jpg?blurred=false"></icon><desc>Shivani Shivaji Roy locks horns with the devil incarnate, a young and remorseless serial killer who is raping and murdering young women.</desc><category></category></programme><programme channel="259" start="20230107231000 +0000" stop="20230108015500 +0000" catchup-id="901319538"><title>Lootera</title><date></date><icon src="https://images.tv.kpn.com/epg/ipZ8kUXgET8qA81GFZwEcvAXDK8JEVnoIEotCBdEeT8/1920x1080.jpg?blurred=false"></icon><desc>During 1953, Pakhi, an aristocrat's daughter, falls in love with an archaeologist. However, unbeknownst to her, he leads a double life that threatens their relationship. Release Year: 2013 Director: Vikramaditya Motwane Awards: Filmfare Awards- Best Playback Singer - Female- Monali Thakur for the song &quot;sanwaar loon&quot; . Zee Cine Awards- Best ActreSS- Sonakshi Sinha.</desc><category></category></programme><programme channel="259" start="20230108015500 +0000" stop="20230108040000 +0000" catchup-id="901319541"><title>Alif (2017)</title><date></date><icon src="https://images.tv.kpn.com/epg/ipZ8kUXgET8qA81GFZwEcvAXDK8JEVnoIEotCBdEeT8/1920x1080.jpg?blurred=false"></icon><desc>Hakim puts his son Ali in a regular school so that he can become a doctor. However, he faces a backlash from his family and neighbours who want Ali to become a scholar of the Quran.</desc><category></category></programme><programme channel="259" start="20230108040000 +0000" stop="20230108060000 +0000" catchup-id="901319544"><title>Break Ke Baad</title><date></date><icon src="https://images.tv.kpn.com/epg/OLqYeGH7HPSPSoRrWorwkhcAxus6z1cbeiR9AxA9BD9ARc/1920x1080.jpg?blurred=false"></icon><desc>A headstrong, wannabe actress Aalia wants personal space in her relationship with Abhay who wants proximity.</desc><category></category></programme><programme channel="259" start="20230108060000 +0000" stop="20230108075000 +0000" catchup-id="901319550"><title>I Me Aur Main</title><date></date><icon src="https://images.tv.kpn.com/epg/OLqYeGH7HPSPSoRrWorwkhcAxus6z1cbeiR9AxA9BD9ARc/1920x1080.jpg?blurred=false"></icon><desc>shaan, a self-centered flirtatious man, stays with his girlfriend Anushka. When she throws him out of her house, he meets Gauri and learns the importance of relationships.</desc><category></category></programme><programme channel="259" start="20230108075000 +0000" stop="20230108105000 +0000" catchup-id="901319553"><title>Prem Ratan Dhan Payo</title><date></date><icon src="https://images.tv.kpn.com/epg/ipZ8kUXgET8qA81GFZwEcvAXDK8JEVnoIEotCBdEeT8/1920x1080.jpg?blurred=false"></icon><desc>Prem, who looks like Prince Vijay, replaces him just before his coronation. Although Vijay is engaged to Princess Maithili Sonam Kapoor, she falls in love with Prem. Release Year: 2015 Director: Sooraj R. Barjatya</desc><category></category></programme><programme channel="259" start="20230108105000 +0000" stop="20230108132500 +0000" catchup-id="901319559"><title>I Love NY</title><date></date><icon src="https://images.tv.kpn.com/epg/13YaSo1V9AkC3ZQ0apFQIYHj2NwDeC7RcL29BJ3XerXF0/1920x1080.jpg?blurred=false"></icon><desc>A beautiful musician Kangana Ranaut and a serious Wall Street banker Sunny Deol. They cross paths on New Year's Eve and share their unique experiences. Release Year: 2015 Director: Radhika Rao</desc><category></category></programme><programme channel="259" start="20230108132500 +0000" stop="20230108155000 +0000" catchup-id="901319562"><title>Hero (2015)</title><date></date><icon src="https://images.tv.kpn.com/epg/OLqYeGH7HPSPSoRrWorwkhcAxus6z1cbeiR9AxA9BD9ARc/1920x1080.jpg?blurred=false"></icon><desc>Sooraj, the son of gangster Suryakant Pasha, kidnaps Radha, the daughter of the chief of police. They fall in love after spending some time together but the police and Pasha's men keep chasing them.</desc><category></category></programme><programme channel="259" start="20230108155000 +0000" stop="20230108182500 +0000" catchup-id="901319565"><title>Lootcase</title><date></date><icon src="https://images.tv.kpn.com/epg/ipZ8kUXgET8qA81GFZwEcvAXDK8JEVnoIEotCBdEeT8/1920x1080.jpg?blurred=false"></icon><desc>What will you do if you find a bag full of cash? Nandan Kumar faces a similar dilemma when a bag triggers a chain of chaos in his life.</desc><category></category></programme><programme channel="259" start="20230108182500 +0000" stop="20230108210000 +0000" catchup-id="901319568"><title>Jai Ho</title><date></date><icon src="https://images.tv.kpn.com/epg/tQRQpLgtNTO0v1am66A13jss5dasIDqtVPHIX1I1FR8/1920x1080.jpg?blurred=false"></icon><desc>An ex-army officer crosses a powerful political family when he propagates social responsibility among ordinary people. Release Year: 2014 Director: Sohail Khan</desc><category></category></programme><programme channel="259" start="20230108210000 +0000" stop="20230108233500 +0000" catchup-id="901319571"><title>Mimi</title><date></date><icon src="https://images.tv.kpn.com/epg/13YaSo1V9AkC3ZQ0apFQIYHj2NwDeC7RcL29BJ3XerXF0/1920x1080.jpg?blurred=false"></icon><desc>An aspiring actress in a small town agrees to bear a child for a visiting couple seeking a surrogate mother, but her experience takes unexpected turns.</desc><category></category></programme><programme channel="259" start="20230108233500 +0000" stop="20230109022000 +0000" catchup-id="901360935"><title>Baaghi 2</title><date></date><icon src="https://images.tv.kpn.com/epg/OLqYeGH7HPSPSoRrWorwkhcAxus6z1cbeiR9AxA9BD9ARc/1920x1080.jpg?blurred=false"></icon><desc>An army officer squares off against drug lords and Russian henchmen to save his ex-lover's kidnapped daughter in the underbelly of Goa, India. Release Year: 2018</desc><category></category></programme><programme channel="259" start="20230109022000 +0000" stop="20230109042000 +0000" catchup-id="901360938"><title>Hate Story 3</title><date></date><icon src="https://images.tv.kpn.com/epg/13YaSo1V9AkC3ZQ0apFQIYHj2NwDeC7RcL29BJ3XerXF0/1920x1080.jpg?blurred=false"></icon><desc>A business tycoon, and his wife Zareen Khan meet a stranger named Saurav Karan Grover. He happens to be an enemy from his past plotting to seek revenge. Release Year: 2015 Director: Vishal Pandya</desc><category></category></programme><programme channel="259" start="20230109042000 +0000" stop="20230109060000 +0000" catchup-id="901360941"><title>Kris Aur Krishna</title><date></date><icon src="https://images.tv.kpn.com/epg/13YaSo1V9AkC3ZQ0apFQIYHj2NwDeC7RcL29BJ3XerXF0/1920x1080.jpg?blurred=false"></icon><desc>When a young mischievous Krish is kidnapped by the local goons, Lord Krishna comes to his rescue.</desc><category></category></programme><programme channel="259" start="20230109060000 +0000" stop="20230109093000 +0000" catchup-id="901360944"><title>Chandni</title><date></date><icon src="https://images.tv.kpn.com/epg/ipZ8kUXgET8qA81GFZwEcvAXDK8JEVnoIEotCBdEeT8/1920x1080.jpg?blurred=false"></icon><desc>Chandni's fiance, Rohit, is paralysed in an accident and she is forced to relocate to Mumbai where her boss, Lalit, falls for her. However, she faces a dilemma when Rohit returns and woos her too. Release Year: 1989 Director: Yash Chopra Awards: Filmfare Awards- Best Cinematographer- Manmohan Singh</desc><category></category></programme><programme channel="259" start="20230109093000 +0000" stop="20230109123000 +0000" catchup-id="901360947"><title>Life Mein Kabhie Kabhie</title><date></date><icon src="https://images.tv.kpn.com/epg/OLqYeGH7HPSPSoRrWorwkhcAxus6z1cbeiR9AxA9BD9ARc/1920x1080.jpg?blurred=false"></icon><desc>On graduation day, Manish, Rajeev, Jai, Monica and Ishita get drunk and wonder which one of them would find real happiness in life. They decide to meet after five years in order to know the truth.</desc><category></category></programme><programme channel="259" start="20230109123000 +0000" stop="20230109151500 +0000" catchup-id="901360950"><title>Ekkees Toppon Ki Salaami</title><date></date><icon src="https://images.tv.kpn.com/epg/ipZ8kUXgET8qA81GFZwEcvAXDK8JEVnoIEotCBdEeT8/1920x1080.jpg?blurred=false"></icon><desc>Purushotam Joshi is a common man who fails to earn appreciation despite being an honest government employee. His sons however want to fulfil their father's last wish. But will they succeed? Release Year: 2014 Director: Ravindra Gautam</desc><category></category></programme><programme channel="259" start="20230109151500 +0000" stop="20230109175000 +0000" catchup-id="901360953"><title>Helicopter Eela</title><date></date><icon src="https://images.tv.kpn.com/epg/ipZ8kUXgET8qA81GFZwEcvAXDK8JEVnoIEotCBdEeT8/1920x1080.jpg?blurred=false"></icon><desc>An aspiring singer and single mother, Eela gives up her dream for her son. Years later, when she joins him in college to make-up for what's lost, she smothers him with attention he doesn't crave for.</desc><category></category></programme><programme channel="259" start="20230109175000 +0000" stop="20230109210000 +0000" catchup-id="901360956"><title>Bajrangi Bhaijaan</title><date></date><icon src="https://images.tv.kpn.com/epg/OLqYeGH7HPSPSoRrWorwkhcAxus6z1cbeiR9AxA9BD9ARc/1920x1080.jpg?blurred=false"></icon><desc>A man with a magnanimous spirit tries to take a young mute Pakistani girl back to her homeland to reunite her with her family. Release Year: 2015 Director: Kabir Khan</desc><category></category></programme><programme channel="259" start="20230109210000 +0000" stop="20230110000500 +0000" catchup-id="901360959"><title>War</title><date></date><icon src="https://images.tv.kpn.com/epg/13YaSo1V9AkC3ZQ0apFQIYHj2NwDeC7RcL29BJ3XerXF0/1920x1080.jpg?blurred=false"></icon><desc>Kabir, a secret agent, goes rogue after a mission to catch a terrorist goes awry. However, his boss sends Khalid, another agent and his student, to track him down.</desc><category></category></programme><programme channel="259" start="20230110000500 +0000" stop="20230110030500 +0000" catchup-id="901406856"><title>Kaabil</title><date></date><icon src="https://images.tv.kpn.com/epg/13YaSo1V9AkC3ZQ0apFQIYHj2NwDeC7RcL29BJ3XerXF0/1920x1080.jpg?blurred=false"></icon><desc>This is the story of a blind couple who lived, laughed and loved just like everyone in this world. Until one day, a terrible tragedy struck. Release Year: 2017 Director: Sanjay Gupta</desc><category></category></programme><programme channel="259" start="20230110030500 +0000" stop="20230110060000 +0000" catchup-id="901406859"><title>Baby (2015)</title><date></date><icon src="https://images.tv.kpn.com/epg/OLqYeGH7HPSPSoRrWorwkhcAxus6z1cbeiR9AxA9BD9ARc/1920x1080.jpg?blurred=false"></icon><desc>An elite team of the Indian intelligence system perpetually strives to detect and eliminate terrorists and their plots. Officer Ajay leads a team to destroy one such potentially lethal operation.</desc><category></category></programme><programme channel="259" start="20230110060000 +0000" stop="20230110073500 +0000" catchup-id="901406862"><title>Mahabali Bal Ganesh VI</title><date></date><icon src="https://images.tv.kpn.com/epg/OLqYeGH7HPSPSoRrWorwkhcAxus6z1cbeiR9AxA9BD9ARc/1920x1080.jpg?blurred=false"></icon><desc>Bal Ganesh, the mischievous son of Lord Shiva, embarks on several adventures with Mooshak the mouse, his friend and vehicle. Despite being young, he battles evil forces and protects the world.</desc><category></category></programme><programme channel="259" start="20230110073500 +0000" stop="20230110094500 +0000" catchup-id="901406865"><title>Moh Maya Money</title><date></date><icon src="https://images.tv.kpn.com/epg/OLqYeGH7HPSPSoRrWorwkhcAxus6z1cbeiR9AxA9BD9ARc/1920x1080.jpg?blurred=false"></icon><desc>Things don't work out as planned when a young real-estate broker tries to skim money from a multinational company. Release Year: 2016 Director: Munish Bhardwaj</desc><category></category></programme><programme channel="259" start="20230110094500 +0000" stop="20230110125000 +0000" catchup-id="901406868"><title>Maa Beti</title><date></date><icon src="https://images.tv.kpn.com/epg/tQRQpLgtNTO0v1am66A13jss5dasIDqtVPHIX1I1FR8/1920x1080.jpg?blurred=false"></icon><desc>Laxmi ill-treats her stepchildren, causing them to run away. However, her life changes forever when her brother throws her out of the house. It Stars Shashi Kapoor and Meenakshi Seshadri. Release Year: 1986</desc><category></category></programme><programme channel="259" start="20230110125000 +0000" stop="20230110154000 +0000" catchup-id="901406871"><title>Wah ! Tera Kya Kehna</title><date></date><icon src="https://images.tv.kpn.com/epg/tQRQpLgtNTO0v1am66A13jss5dasIDqtVPHIX1I1FR8/1920x1080.jpg?blurred=false"></icon><desc>Dilip and Ashish plan to prove that their brother Raj is mentally incompetent to inherit their father Kishan Oberoi's property. However, Raj's lookalike takes his place and reaps the benefits.</desc><category></category></programme><programme channel="259" start="20230110154000 +0000" stop="20230110183000 +0000" catchup-id="901406874"><title>Road To Sangam - Let's Re-Unite</title><date></date><icon src="https://images.tv.kpn.com/epg/13YaSo1V9AkC3ZQ0apFQIYHj2NwDeC7RcL29BJ3XerXF0/1920x1080.jpg?blurred=false"></icon><desc>A determined mechanic attempts to repair an antique truck to transport the last remains of Mahatma Gandhi in modern day India.</desc><category></category></programme><programme channel="259" start="20230110183000 +0000" stop="20230110210000 +0000" catchup-id="901406877"><title>Badhaai Ho</title><date></date><icon src="https://images.tv.kpn.com/epg/tQRQpLgtNTO0v1am66A13jss5dasIDqtVPHIX1I1FR8/1920x1080.jpg?blurred=false"></icon><desc>A 25-year-old man tries to suppress his embarrassment when his mother announces that she is pregnant.</desc><category></category></programme><programme channel="259" start="20230110210000 +0000" stop="20230111001000 +0000" catchup-id="901406880"><title>Super 30</title><date></date><icon src="https://images.tv.kpn.com/epg/ipZ8kUXgET8qA81GFZwEcvAXDK8JEVnoIEotCBdEeT8/1920x1080.jpg?blurred=false"></icon><desc>Brilliant mathematician Anand Kumar helps 30 smart but underprivileged students prepare for entrance exams for the Indian Institutes of Technology.</desc><category></category></programme><programme channel="259" start="20230111001000 +0000" stop="20230111032000 +0000" catchup-id="901456014"><title>Housefull 2</title><date></date><icon src="https://images.tv.kpn.com/epg/ipZ8kUXgET8qA81GFZwEcvAXDK8JEVnoIEotCBdEeT8/1920x1080.jpg?blurred=false"></icon><desc>Four men Akshay, John, Ritesh and Shreyas, who help each other to fool their prospective father-in-laws creating a cascade of confusion and mayhem. Film also stars Asin and Jacquiline. Release Year: 2012 Director: Sajid Khan Awards: Zee Cine Awards- Power Club - Box Office Award- Sajid Khan. Stardust Awards- Star of the Year - Male- Akshay Kumar, People's Choice Awards- Favorite Comedy Movie, Favorite Comedy Movie Star</desc><category></category></programme><programme channel="259" start="20230111032000 +0000" stop="20230111060000 +0000" catchup-id="901456017"><title>Road To Sangam - Let's Re-Unite</title><date></date><icon src="https://images.tv.kpn.com/epg/13YaSo1V9AkC3ZQ0apFQIYHj2NwDeC7RcL29BJ3XerXF0/1920x1080.jpg?blurred=false"></icon><desc>A determined mechanic attempts to repair an antique truck to transport the last remains of Mahatma Gandhi in modern day India.</desc><category></category></programme><programme channel="259" start="20230111060000 +0000" stop="20230111062500 +0000" catchup-id="901456020"><title>The Front Row With Anupama Chopra S01</title><date></date><icon src="https://images.tv.kpn.com/epg/OLqYeGH7HPSPSoRrWorwkhcAxus6z1cbeiR9AxA9BD9ARc/1920x1080.jpg?blurred=false"></icon><desc>Anupama Chopra, a renowned author and film critic, gives her take on the week's latest releases and interviews some of the biggest names in the industry.</desc><category></category></programme><programme channel="259" start="20230111062500 +0000" stop="20230111085500 +0000" catchup-id="901456023"><title>Sanam Re (2016)</title><date></date><icon src="https://images.tv.kpn.com/epg/tQRQpLgtNTO0v1am66A13jss5dasIDqtVPHIX1I1FR8/1920x1080.jpg?blurred=false"></icon><desc>A man focused on his career finds solace when he reunites with his childhood sweetheart.</desc><category></category></programme><programme channel="259" start="20230111085500 +0000" stop="20230111112000 +0000" catchup-id="901456026"><title>Legend Of Michel Mishra</title><date></date><icon src="https://images.tv.kpn.com/epg/OLqYeGH7HPSPSoRrWorwkhcAxus6z1cbeiR9AxA9BD9ARc/1920x1080.jpg?blurred=false"></icon><desc>As a child, Bhaiyyaji, a Bihari tailor-turned-kidnapper, falls in love with Varsa. When she moves to Mumbai to become an actress, he tries to discard his criminal image.</desc><category></category></programme><programme channel="259" start="20230111112000 +0000" stop="20230111144000 +0000" catchup-id="901456029"><title>Taqdeerwala</title><date></date><icon src="https://images.tv.kpn.com/epg/tQRQpLgtNTO0v1am66A13jss5dasIDqtVPHIX1I1FR8/1920x1080.jpg?blurred=false"></icon><desc>Yamraj and his assistant, Chitragupt come down to Earth to search for the book 'Bhavishya Vani' that they misplaced. Release Year: 1995 Director: K. Muralimohana Rao Awards: Best Perfomance in a Comic Role: Kader Khan Screen Weekly awards</desc><category></category></programme><programme channel="259" start="20230111144000 +0000" stop="20230111181500 +0000" catchup-id="901456032"><title>Baabul</title><date></date><icon src="https://images.tv.kpn.com/epg/tQRQpLgtNTO0v1am66A13jss5dasIDqtVPHIX1I1FR8/1920x1080.jpg?blurred=false"></icon><desc>After his son's death, Balraj tries to get Millie, his daughter-in-law, to marry Rajat, her childhood friend. However, Millie's reluctance and opposition from his family members obstruct his plan. Release Year: 2006 Director: Ravi Chopra</desc><category></category></programme><programme channel="259" start="20230111181500 +0000" stop="20230111210000 +0000" catchup-id="901456035"><title>Bunty Aur Babli 2</title><date></date><icon src="https://images.tv.kpn.com/epg/13YaSo1V9AkC3ZQ0apFQIYHj2NwDeC7RcL29BJ3XerXF0/1920x1080.jpg?blurred=false"></icon><desc>The retired con couple Bunty and Babli are forced to rejoin the business to thwart the attempts of a young duo that robs people with their trademark sigil and bring them to justice.</desc><category></category></programme><programme channel="259" start="20230111210000 +0000" stop="20230111234500 +0000" catchup-id="901456038"><title>Baadshaho</title><date></date><icon src="https://images.tv.kpn.com/epg/tQRQpLgtNTO0v1am66A13jss5dasIDqtVPHIX1I1FR8/1920x1080.jpg?blurred=false"></icon><desc>An Indian queen Ileana D'Cruz asks her bodyguard Ajay Devgn to steal back gold taken from her by the Indian government during The Emergency period in 1975. Release Year: 2017 Director: Milan Luthria</desc><category></category></programme><programme channel="259" start="20230111234500 +0000" stop="20230112025000 +0000" catchup-id="901508436"><title>Bang Bang</title><date></date><icon src="https://images.tv.kpn.com/epg/13YaSo1V9AkC3ZQ0apFQIYHj2NwDeC7RcL29BJ3XerXF0/1920x1080.jpg?blurred=false"></icon><desc>A bank receptionist gets mixed up with Rajveer Hrithik Roshan, a man who has a mysterious background. The film also stars Jimmy Shergill and Danny Denzongpa. Release Year: 2014 Director: Siddharth Anand Awards: Surfers' Choice Award - Best Music Video--Bang Bang.</desc><category></category></programme><programme channel="259" start="20230112025000 +0000" stop="20230112060000 +0000" catchup-id="901508439"><title>2 States</title><date></date><icon src="https://images.tv.kpn.com/epg/OLqYeGH7HPSPSoRrWorwkhcAxus6z1cbeiR9AxA9BD9ARc/1920x1080.jpg?blurred=false"></icon><desc>Coming from two very different cultural backgrounds, Krish and Ananya find it difficult to convince their parents about their love. Release Year: 2014 Director: Abhishek Varman Awards: Best Music Director: Shankar, Ehsaan: Loy , Best Debut Director: Abhishek Varman.</desc><category></category></programme><programme channel="259" start="20230112060000 +0000" stop="20230112063500 +0000" catchup-id="901508442"><title>Chalo Jeete Hai</title><date></date><icon src="https://images.tv.kpn.com/epg/OLqYeGH7HPSPSoRrWorwkhcAxus6z1cbeiR9AxA9BD9ARc/1920x1080.jpg?blurred=false"></icon><desc>An impressionable young boy, Naru's pursuit of the meaning of life by doing the most he can for others. This film is inspired by true life events from Indian PM Modi's life.</desc><category></category></programme><programme channel="259" start="20230112063500 +0000" stop="20230112095000 +0000" catchup-id="901508445"><title>Hum Aapke Dil Mein Rehte Hain</title><date></date><icon src="https://images.tv.kpn.com/epg/OLqYeGH7HPSPSoRrWorwkhcAxus6z1cbeiR9AxA9BD9ARc/1920x1080.jpg?blurred=false"></icon><desc>A spoiled playboy agrees to marry a woman for one year to please his ailing but wealthy father. Release Year: 1999 Director: Satish Kaushik</desc><category></category></programme><programme channel="259" start="20230112095000 +0000" stop="20230112122000 +0000" catchup-id="901508448"><title>Luka Chuppi</title><date></date><icon src="https://images.tv.kpn.com/epg/tQRQpLgtNTO0v1am66A13jss5dasIDqtVPHIX1I1FR8/1920x1080.jpg?blurred=false"></icon><desc>It tells the story of a television reporter in Mathura who falls in love with a headstrong woman.</desc><category></category></programme><programme channel="259" start="20230112122000 +0000" stop="20230112145500 +0000" catchup-id="901508451"><title>Phillauri</title><date></date><icon src="https://images.tv.kpn.com/epg/tQRQpLgtNTO0v1am66A13jss5dasIDqtVPHIX1I1FR8/1920x1080.jpg?blurred=false"></icon><desc>As he is a Manglik, NRI Kanan grudgingly gets married to a tree. Release Year: 2017 Director: Anshai Lal</desc><category></category></programme><programme channel="259" start="20230112145500 +0000" stop="20230112181000 +0000" catchup-id="901508454"><title>Ishq</title><date></date><icon src="https://images.tv.kpn.com/epg/ipZ8kUXgET8qA81GFZwEcvAXDK8JEVnoIEotCBdEeT8/1920x1080.jpg?blurred=false"></icon><desc>Ranjit and Harbanslal want their children Ajay Devgan and Madhu Juhi to marry each other. But, Madhu falls in love with Raja Aamir while Ajay falls in love with Kajal Kajol. Release Year: 1997 Director: Indra Kumar</desc><category></category></programme><programme channel="259" start="20230112181000 +0000" stop="20230112210000 +0000" catchup-id="901508457"><title>Housefull 4</title><date></date><icon src="https://images.tv.kpn.com/epg/OLqYeGH7HPSPSoRrWorwkhcAxus6z1cbeiR9AxA9BD9ARc/1920x1080.jpg?blurred=false"></icon><desc>Three pairs of reincarnated lovers reunite in the present day -- but the men wind up falling for the wrong women.</desc><category></category></programme>