<programme channel="2670" start="20221228230000 +0000" stop="20221229060000 +0000" catchup-id="900889950"><title>100% Muzieknacht</title><date></date><icon src="https://images.tv.kpn.com/epg/PSfKMEuFywb9B5hTpECZ9C7PvxG8iMdQ9BPf3xJbudI3us/1920x1080.jpg?blurred=false"></icon><desc>De beste muziek van Nederland bekijk je op 100% NL TV! Met een gevarieerd aanbod zie je de nieuwste hits van Davina Michelle, Suzan &amp; Freek en Nielson. Maar ook de klassiekers van Marco Borsato, De Kast, André Hazes sr. en Acda en De Munnik voorbijkomen. Geniet 7 dagen per week en 24 uur per dag van de lekkerste liedjes die Nederland te bieden heeft op 100% NL TV.</desc><category></category></programme><programme channel="2670" start="20221229060000 +0000" stop="20221229090000 +0000" catchup-id="900889953"><title>100% Ochtendshow</title><date></date><icon src="https://images.tv.kpn.com/epg/qKSx5qRInSdGGi9C2XuVfXp37zPdwY8sslkdMikvV4zY/1920x1080.jpg?blurred=false"></icon><desc>De beste muziek van Nederland bekijk je op 100% NL TV! Met een gevarieerd aanbod zie je de nieuwste hits van Davina Michelle, Suzan &amp; Freek en Nielson. Maar ook de klassiekers van Marco Borsato, De Kast, André Hazes sr. en Acda en De Munnik voorbijkomen. Geniet 7 dagen per week en 24 uur per dag van de lekkerste liedjes die Nederland te bieden heeft op 100% NL TV.</desc><category></category></programme><programme channel="2670" start="20221229090000 +0000" stop="20221229110000 +0000" catchup-id="900889956"><title>100% VIP Ochtend</title><date></date><icon src="https://images.tv.kpn.com/epg/OcPLvsvi0Reh9BdmoELXdaGl9AzW8MwfEe8mxyzWSA9CEU/1920x1080.jpg?blurred=false"></icon><desc>De beste muziek van Nederland bekijk je op 100% NL TV! Met een gevarieerd aanbod zie je de nieuwste hits van Davina Michelle, Suzan &amp; Freek en Nielson. Maar ook de klassiekers van Marco Borsato, De Kast, André Hazes sr. en Acda en De Munnik voorbijkomen. Geniet 7 dagen per week en 24 uur per dag van de lekkerste liedjes die Nederland te bieden heeft op 100% NL TV.</desc><category></category></programme><programme channel="2670" start="20221229110000 +0000" stop="20221229150000 +0000" catchup-id="900889959"><title>100% Muziek</title><date></date><icon src="https://images.tv.kpn.com/epg/jee9CHLOREMmWBC4k8FA6SavQN9BOUHFIcJoARkuZVqY4/1920x1080.jpg?blurred=false"></icon><desc>De beste muziek van Nederland bekijk je op 100% NL TV! Met een gevarieerd aanbod zie je de nieuwste hits van Davina Michelle, Suzan &amp; Freek en Nielson. Maar ook de klassiekers van Marco Borsato, De Kast, André Hazes sr. en Acda en De Munnik voorbijkomen. Geniet 7 dagen per week en 24 uur per dag van de lekkerste liedjes die Nederland te bieden heeft op 100% NL TV.</desc><category></category></programme><programme channel="2670" start="20221229150000 +0000" stop="20221229180000 +0000" catchup-id="900889962"><title>100% De week van 100% NL</title><date></date><icon src="https://images.tv.kpn.com/epg/jee9CHLOREMmWBC4k8FA6SavQN9BOUHFIcJoARkuZVqY4/1920x1080.jpg?blurred=false"></icon><desc>De beste muziek van Nederland bekijk je op 100% NL TV! Met een gevarieerd aanbod zie je de nieuwste hits van Davina Michelle, Suzan &amp; Freek en Nielson. Maar ook de klassiekers van Marco Borsato, De Kast, André Hazes sr. en Acda en De Munnik voorbijkomen. Geniet 7 dagen per week en 24 uur per dag van de lekkerste liedjes die Nederland te bieden heeft op 100% NL TV.</desc><category></category></programme><programme channel="2670" start="20221229180000 +0000" stop="20221229210000 +0000" catchup-id="900889965"><title>100% De muziek van Nederland</title><date></date><icon src="https://images.tv.kpn.com/epg/dg4vH9CXjf1wPsvXg4L7Idb9Bbhcreumlj9AUADPjxh9Bng/1920x1080.jpg?blurred=false"></icon><desc>De beste muziek van Nederland bekijk je op 100% NL TV! Met een gevarieerd aanbod zie je de nieuwste hits van Davina Michelle, Suzan &amp; Freek en Nielson. Maar ook de klassiekers van Marco Borsato, De Kast, André Hazes sr. en Acda en De Munnik voorbijkomen. Geniet 7 dagen per week en 24 uur per dag van de lekkerste liedjes die Nederland te bieden heeft op 100% NL TV.</desc><category></category></programme><programme channel="2670" start="20221229210000 +0000" stop="20221229230000 +0000" catchup-id="900889968"><title>100% Relax</title><date></date><icon src="https://images.tv.kpn.com/epg/qKSx5qRInSdGGi9C2XuVfXp37zPdwY8sslkdMikvV4zY/1920x1080.jpg?blurred=false"></icon><desc>De beste muziek van Nederland bekijk je op 100% NL TV! Met een gevarieerd aanbod zie je de nieuwste hits van Davina Michelle, Suzan &amp; Freek en Nielson. Maar ook de klassiekers van Marco Borsato, De Kast, André Hazes sr. en Acda en De Munnik voorbijkomen. Geniet 7 dagen per week en 24 uur per dag van de lekkerste liedjes die Nederland te bieden heeft op 100% NL TV.</desc><category></category></programme><programme channel="2670" start="20221229230000 +0000" stop="20221230060000 +0000" catchup-id="900938397"><title>100% Muzieknacht</title><date></date><icon src="https://images.tv.kpn.com/epg/qKSx5qRInSdGGi9C2XuVfXp37zPdwY8sslkdMikvV4zY/1920x1080.jpg?blurred=false"></icon><desc>De beste muziek van Nederland bekijk je op 100% NL TV! Met een gevarieerd aanbod zie je de nieuwste hits van Davina Michelle, Suzan &amp; Freek en Nielson. Maar ook de klassiekers van Marco Borsato, De Kast, André Hazes sr. en Acda en De Munnik voorbijkomen. Geniet 7 dagen per week en 24 uur per dag van de lekkerste liedjes die Nederland te bieden heeft op 100% NL TV.</desc><category></category></programme><programme channel="2670" start="20221230060000 +0000" stop="20221230090000 +0000" catchup-id="900938400"><title>100% Ochtendshow</title><date></date><icon src="https://images.tv.kpn.com/epg/qKSx5qRInSdGGi9C2XuVfXp37zPdwY8sslkdMikvV4zY/1920x1080.jpg?blurred=false"></icon><desc>De beste muziek van Nederland bekijk je op 100% NL TV! Met een gevarieerd aanbod zie je de nieuwste hits van Davina Michelle, Suzan &amp; Freek en Nielson. Maar ook de klassiekers van Marco Borsato, De Kast, André Hazes sr. en Acda en De Munnik voorbijkomen. Geniet 7 dagen per week en 24 uur per dag van de lekkerste liedjes die Nederland te bieden heeft op 100% NL TV.</desc><category></category></programme><programme channel="2670" start="20221230090000 +0000" stop="20221230110000 +0000" catchup-id="900938403"><title>100% VIP Ochtend</title><date></date><icon src="https://images.tv.kpn.com/epg/VQZyvY9ACCS5eB9CJMp2EpXV1j42pasQY3MugdH5TxPz4/1920x1080.jpg?blurred=false"></icon><desc>De beste muziek van Nederland bekijk je op 100% NL TV! Met een gevarieerd aanbod zie je de nieuwste hits van Davina Michelle, Suzan &amp; Freek en Nielson. Maar ook de klassiekers van Marco Borsato, De Kast, André Hazes sr. en Acda en De Munnik voorbijkomen. Geniet 7 dagen per week en 24 uur per dag van de lekkerste liedjes die Nederland te bieden heeft op 100% NL TV.</desc><category></category></programme><programme channel="2670" start="20221230110000 +0000" stop="20221230150000 +0000" catchup-id="900938406"><title>100% Muziek</title><date></date><icon src="https://images.tv.kpn.com/epg/PSfKMEuFywb9B5hTpECZ9C7PvxG8iMdQ9BPf3xJbudI3us/1920x1080.jpg?blurred=false"></icon><desc>De beste muziek van Nederland bekijk je op 100% NL TV! Met een gevarieerd aanbod zie je de nieuwste hits van Davina Michelle, Suzan &amp; Freek en Nielson. Maar ook de klassiekers van Marco Borsato, De Kast, André Hazes sr. en Acda en De Munnik voorbijkomen. Geniet 7 dagen per week en 24 uur per dag van de lekkerste liedjes die Nederland te bieden heeft op 100% NL TV.</desc><category></category></programme><programme channel="2670" start="20221230150000 +0000" stop="20221230180000 +0000" catchup-id="900938409"><title>100% De week van 100% NL</title><date></date><icon src="https://images.tv.kpn.com/epg/jee9CHLOREMmWBC4k8FA6SavQN9BOUHFIcJoARkuZVqY4/1920x1080.jpg?blurred=false"></icon><desc>De beste muziek van Nederland bekijk je op 100% NL TV! Met een gevarieerd aanbod zie je de nieuwste hits van Davina Michelle, Suzan &amp; Freek en Nielson. Maar ook de klassiekers van Marco Borsato, De Kast, André Hazes sr. en Acda en De Munnik voorbijkomen. Geniet 7 dagen per week en 24 uur per dag van de lekkerste liedjes die Nederland te bieden heeft op 100% NL TV.</desc><category></category></programme><programme channel="2670" start="20221230180000 +0000" stop="20221230210000 +0000" catchup-id="900938412"><title>100% De muziek van Nederland</title><date></date><icon src="https://images.tv.kpn.com/epg/yZJCbdbpg2QvOTfLyL44vgteYww1nw2wxhuxR8tMx60/1920x1080.jpg?blurred=false"></icon><desc>De beste muziek van Nederland bekijk je op 100% NL TV! Met een gevarieerd aanbod zie je de nieuwste hits van Davina Michelle, Suzan &amp; Freek en Nielson. Maar ook de klassiekers van Marco Borsato, De Kast, André Hazes sr. en Acda en De Munnik voorbijkomen. Geniet 7 dagen per week en 24 uur per dag van de lekkerste liedjes die Nederland te bieden heeft op 100% NL TV.</desc><category></category></programme><programme channel="2670" start="20221230210000 +0000" stop="20221230230000 +0000" catchup-id="900938415"><title>100% Relax</title><date></date><icon src="https://images.tv.kpn.com/epg/VQZyvY9ACCS5eB9CJMp2EpXV1j42pasQY3MugdH5TxPz4/1920x1080.jpg?blurred=false"></icon><desc>De beste muziek van Nederland bekijk je op 100% NL TV! Met een gevarieerd aanbod zie je de nieuwste hits van Davina Michelle, Suzan &amp; Freek en Nielson. Maar ook de klassiekers van Marco Borsato, De Kast, André Hazes sr. en Acda en De Munnik voorbijkomen. Geniet 7 dagen per week en 24 uur per dag van de lekkerste liedjes die Nederland te bieden heeft op 100% NL TV.</desc><category></category></programme><programme channel="2670" start="20221230230000 +0000" stop="20221231060000 +0000" catchup-id="900980676"><title>100% Muzieknacht</title><date></date><icon src="https://images.tv.kpn.com/epg/OcPLvsvi0Reh9BdmoELXdaGl9AzW8MwfEe8mxyzWSA9CEU/1920x1080.jpg?blurred=false"></icon><desc>De beste muziek van Nederland bekijk je op 100% NL TV! Met een gevarieerd aanbod zie je de nieuwste hits van Davina Michelle, Suzan &amp; Freek en Nielson. Maar ook de klassiekers van Marco Borsato, De Kast, André Hazes sr. en Acda en De Munnik voorbijkomen. Geniet 7 dagen per week en 24 uur per dag van de lekkerste liedjes die Nederland te bieden heeft op 100% NL TV.</desc><category></category></programme><programme channel="2670" start="20221231060000 +0000" stop="20221231090000 +0000" catchup-id="900980682"><title>100% Ochtendshow</title><date></date><icon src="https://images.tv.kpn.com/epg/VQZyvY9ACCS5eB9CJMp2EpXV1j42pasQY3MugdH5TxPz4/1920x1080.jpg?blurred=false"></icon><desc>De beste muziek van Nederland bekijk je op 100% NL TV! Met een gevarieerd aanbod zie je de nieuwste hits van Davina Michelle, Suzan &amp; Freek en Nielson. Maar ook de klassiekers van Marco Borsato, De Kast, André Hazes sr. en Acda en De Munnik voorbijkomen. Geniet 7 dagen per week en 24 uur per dag van de lekkerste liedjes die Nederland te bieden heeft op 100% NL TV.</desc><category></category></programme><programme channel="2670" start="20221231090000 +0000" stop="20221231110000 +0000" catchup-id="900980688"><title>100% VIP Ochtend</title><date></date><icon src="https://images.tv.kpn.com/epg/dg4vH9CXjf1wPsvXg4L7Idb9Bbhcreumlj9AUADPjxh9Bng/1920x1080.jpg?blurred=false"></icon><desc>De beste muziek van Nederland bekijk je op 100% NL TV! Met een gevarieerd aanbod zie je de nieuwste hits van Davina Michelle, Suzan &amp; Freek en Nielson. Maar ook de klassiekers van Marco Borsato, De Kast, André Hazes sr. en Acda en De Munnik voorbijkomen. Geniet 7 dagen per week en 24 uur per dag van de lekkerste liedjes die Nederland te bieden heeft op 100% NL TV.</desc><category></category></programme><programme channel="2670" start="20221231110000 +0000" stop="20221231150000 +0000" catchup-id="900980694"><title>100% Muziek</title><date></date><icon src="https://images.tv.kpn.com/epg/VQZyvY9ACCS5eB9CJMp2EpXV1j42pasQY3MugdH5TxPz4/1920x1080.jpg?blurred=false"></icon><desc>De beste muziek van Nederland bekijk je op 100% NL TV! Met een gevarieerd aanbod zie je de nieuwste hits van Davina Michelle, Suzan &amp; Freek en Nielson. Maar ook de klassiekers van Marco Borsato, De Kast, André Hazes sr. en Acda en De Munnik voorbijkomen. Geniet 7 dagen per week en 24 uur per dag van de lekkerste liedjes die Nederland te bieden heeft op 100% NL TV.</desc><category></category></programme><programme channel="2670" start="20221231150000 +0000" stop="20221231180000 +0000" catchup-id="900980700"><title>100% De week van 100% NL</title><date></date><icon src="https://images.tv.kpn.com/epg/jee9CHLOREMmWBC4k8FA6SavQN9BOUHFIcJoARkuZVqY4/1920x1080.jpg?blurred=false"></icon><desc>De beste muziek van Nederland bekijk je op 100% NL TV! Met een gevarieerd aanbod zie je de nieuwste hits van Davina Michelle, Suzan &amp; Freek en Nielson. Maar ook de klassiekers van Marco Borsato, De Kast, André Hazes sr. en Acda en De Munnik voorbijkomen. Geniet 7 dagen per week en 24 uur per dag van de lekkerste liedjes die Nederland te bieden heeft op 100% NL TV.</desc><category></category></programme><programme channel="2670" start="20221231180000 +0000" stop="20221231210000 +0000" catchup-id="900980709"><title>100% De muziek van Nederland</title><date></date><icon src="https://images.tv.kpn.com/epg/VQZyvY9ACCS5eB9CJMp2EpXV1j42pasQY3MugdH5TxPz4/1920x1080.jpg?blurred=false"></icon><desc>De beste muziek van Nederland bekijk je op 100% NL TV! Met een gevarieerd aanbod zie je de nieuwste hits van Davina Michelle, Suzan &amp; Freek en Nielson. Maar ook de klassiekers van Marco Borsato, De Kast, André Hazes sr. en Acda en De Munnik voorbijkomen. Geniet 7 dagen per week en 24 uur per dag van de lekkerste liedjes die Nederland te bieden heeft op 100% NL TV.</desc><category></category></programme><programme channel="2670" start="20221231210000 +0000" stop="20221231230000 +0000" catchup-id="900980715"><title>100% Relax</title><date></date><icon src="https://images.tv.kpn.com/epg/PSfKMEuFywb9B5hTpECZ9C7PvxG8iMdQ9BPf3xJbudI3us/1920x1080.jpg?blurred=false"></icon><desc>De beste muziek van Nederland bekijk je op 100% NL TV! Met een gevarieerd aanbod zie je de nieuwste hits van Davina Michelle, Suzan &amp; Freek en Nielson. Maar ook de klassiekers van Marco Borsato, De Kast, André Hazes sr. en Acda en De Munnik voorbijkomen. Geniet 7 dagen per week en 24 uur per dag van de lekkerste liedjes die Nederland te bieden heeft op 100% NL TV.</desc><category></category></programme><programme channel="2670" start="20221231230000 +0000" stop="20230101060000 +0000" catchup-id="901019133"><title>100% Muzieknacht</title><date></date><icon src="https://images.tv.kpn.com/epg/dg4vH9CXjf1wPsvXg4L7Idb9Bbhcreumlj9AUADPjxh9Bng/1920x1080.jpg?blurred=false"></icon><desc>De beste muziek van Nederland bekijk je op 100% NL TV! Met een gevarieerd aanbod zie je de nieuwste hits van Davina Michelle, Suzan &amp; Freek en Nielson. Maar ook de klassiekers van Marco Borsato, De Kast, André Hazes sr. en Acda en De Munnik voorbijkomen. Geniet 7 dagen per week en 24 uur per dag van de lekkerste liedjes die Nederland te bieden heeft op 100% NL TV.</desc><category></category></programme><programme channel="2670" start="20230101060000 +0000" stop="20230101090000 +0000" catchup-id="901019136"><title>100% Ochtendshow</title><date></date><icon src="https://images.tv.kpn.com/epg/OcPLvsvi0Reh9BdmoELXdaGl9AzW8MwfEe8mxyzWSA9CEU/1920x1080.jpg?blurred=false"></icon><desc>De beste muziek van Nederland bekijk je op 100% NL TV! Met een gevarieerd aanbod zie je de nieuwste hits van Davina Michelle, Suzan &amp; Freek en Nielson. Maar ook de klassiekers van Marco Borsato, De Kast, André Hazes sr. en Acda en De Munnik voorbijkomen. Geniet 7 dagen per week en 24 uur per dag van de lekkerste liedjes die Nederland te bieden heeft op 100% NL TV.</desc><category></category></programme><programme channel="2670" start="20230101090000 +0000" stop="20230101110000 +0000" catchup-id="901019139"><title>100% VIP Ochtend</title><date></date><icon src="https://images.tv.kpn.com/epg/OcPLvsvi0Reh9BdmoELXdaGl9AzW8MwfEe8mxyzWSA9CEU/1920x1080.jpg?blurred=false"></icon><desc>De beste muziek van Nederland bekijk je op 100% NL TV! Met een gevarieerd aanbod zie je de nieuwste hits van Davina Michelle, Suzan &amp; Freek en Nielson. Maar ook de klassiekers van Marco Borsato, De Kast, André Hazes sr. en Acda en De Munnik voorbijkomen. Geniet 7 dagen per week en 24 uur per dag van de lekkerste liedjes die Nederland te bieden heeft op 100% NL TV.</desc><category></category></programme><programme channel="2670" start="20230101110000 +0000" stop="20230101150000 +0000" catchup-id="901019142"><title>100% Muziek</title><date></date><icon src="https://images.tv.kpn.com/epg/dg4vH9CXjf1wPsvXg4L7Idb9Bbhcreumlj9AUADPjxh9Bng/1920x1080.jpg?blurred=false"></icon><desc>De beste muziek van Nederland bekijk je op 100% NL TV! Met een gevarieerd aanbod zie je de nieuwste hits van Davina Michelle, Suzan &amp; Freek en Nielson. Maar ook de klassiekers van Marco Borsato, De Kast, André Hazes sr. en Acda en De Munnik voorbijkomen. Geniet 7 dagen per week en 24 uur per dag van de lekkerste liedjes die Nederland te bieden heeft op 100% NL TV.</desc><category></category></programme><programme channel="2670" start="20230101150000 +0000" stop="20230101180000 +0000" catchup-id="901019145"><title>100% De week van 100% NL</title><date></date><icon src="https://images.tv.kpn.com/epg/VQZyvY9ACCS5eB9CJMp2EpXV1j42pasQY3MugdH5TxPz4/1920x1080.jpg?blurred=false"></icon><desc>De beste muziek van Nederland bekijk je op 100% NL TV! Met een gevarieerd aanbod zie je de nieuwste hits van Davina Michelle, Suzan &amp; Freek en Nielson. Maar ook de klassiekers van Marco Borsato, De Kast, André Hazes sr. en Acda en De Munnik voorbijkomen. Geniet 7 dagen per week en 24 uur per dag van de lekkerste liedjes die Nederland te bieden heeft op 100% NL TV.</desc><category></category></programme><programme channel="2670" start="20230101180000 +0000" stop="20230101210000 +0000" catchup-id="901019148"><title>100% De muziek van Nederland</title><date></date><icon src="https://images.tv.kpn.com/epg/qKSx5qRInSdGGi9C2XuVfXp37zPdwY8sslkdMikvV4zY/1920x1080.jpg?blurred=false"></icon><desc>De beste muziek van Nederland bekijk je op 100% NL TV! Met een gevarieerd aanbod zie je de nieuwste hits van Davina Michelle, Suzan &amp; Freek en Nielson. Maar ook de klassiekers van Marco Borsato, De Kast, André Hazes sr. en Acda en De Munnik voorbijkomen. Geniet 7 dagen per week en 24 uur per dag van de lekkerste liedjes die Nederland te bieden heeft op 100% NL TV.</desc><category></category></programme><programme channel="2670" start="20230101210000 +0000" stop="20230101230000 +0000" catchup-id="901019151"><title>100% Relax</title><date></date><icon src="https://images.tv.kpn.com/epg/OcPLvsvi0Reh9BdmoELXdaGl9AzW8MwfEe8mxyzWSA9CEU/1920x1080.jpg?blurred=false"></icon><desc>De beste muziek van Nederland bekijk je op 100% NL TV! Met een gevarieerd aanbod zie je de nieuwste hits van Davina Michelle, Suzan &amp; Freek en Nielson. Maar ook de klassiekers van Marco Borsato, De Kast, André Hazes sr. en Acda en De Munnik voorbijkomen. Geniet 7 dagen per week en 24 uur per dag van de lekkerste liedjes die Nederland te bieden heeft op 100% NL TV.</desc><category></category></programme><programme channel="2670" start="20230101230000 +0000" stop="20230102060000 +0000" catchup-id="901060743"><title>100% Muzieknacht</title><date></date><icon src="https://images.tv.kpn.com/epg/OcPLvsvi0Reh9BdmoELXdaGl9AzW8MwfEe8mxyzWSA9CEU/1920x1080.jpg?blurred=false"></icon><desc>De beste muziek van Nederland bekijk je op 100% NL TV! Met een gevarieerd aanbod zie je de nieuwste hits van Davina Michelle, Suzan &amp; Freek en Nielson. Maar ook de klassiekers van Marco Borsato, De Kast, André Hazes sr. en Acda en De Munnik voorbijkomen. Geniet 7 dagen per week en 24 uur per dag van de lekkerste liedjes die Nederland te bieden heeft op 100% NL TV.</desc><category></category></programme><programme channel="2670" start="20230102060000 +0000" stop="20230102090000 +0000" catchup-id="901060749"><title>100% Ochtendshow</title><date></date><icon src="https://images.tv.kpn.com/epg/VQZyvY9ACCS5eB9CJMp2EpXV1j42pasQY3MugdH5TxPz4/1920x1080.jpg?blurred=false"></icon><desc>De beste muziek van Nederland bekijk je op 100% NL TV! Met een gevarieerd aanbod zie je de nieuwste hits van Davina Michelle, Suzan &amp; Freek en Nielson. Maar ook de klassiekers van Marco Borsato, De Kast, André Hazes sr. en Acda en De Munnik voorbijkomen. Geniet 7 dagen per week en 24 uur per dag van de lekkerste liedjes die Nederland te bieden heeft op 100% NL TV.</desc><category></category></programme><programme channel="2670" start="20230102090000 +0000" stop="20230102110000 +0000" catchup-id="901060755"><title>100% VIP Ochtend</title><date></date><icon src="https://images.tv.kpn.com/epg/yZJCbdbpg2QvOTfLyL44vgteYww1nw2wxhuxR8tMx60/1920x1080.jpg?blurred=false"></icon><desc>De beste muziek van Nederland bekijk je op 100% NL TV! Met een gevarieerd aanbod zie je de nieuwste hits van Davina Michelle, Suzan &amp; Freek en Nielson. Maar ook de klassiekers van Marco Borsato, De Kast, André Hazes sr. en Acda en De Munnik voorbijkomen. Geniet 7 dagen per week en 24 uur per dag van de lekkerste liedjes die Nederland te bieden heeft op 100% NL TV.</desc><category></category></programme><programme channel="2670" start="20230102110000 +0000" stop="20230102150000 +0000" catchup-id="901060761"><title>100% Muziek</title><date></date><icon src="https://images.tv.kpn.com/epg/dg4vH9CXjf1wPsvXg4L7Idb9Bbhcreumlj9AUADPjxh9Bng/1920x1080.jpg?blurred=false"></icon><desc>De beste muziek van Nederland bekijk je op 100% NL TV! Met een gevarieerd aanbod zie je de nieuwste hits van Davina Michelle, Suzan &amp; Freek en Nielson. Maar ook de klassiekers van Marco Borsato, De Kast, André Hazes sr. en Acda en De Munnik voorbijkomen. Geniet 7 dagen per week en 24 uur per dag van de lekkerste liedjes die Nederland te bieden heeft op 100% NL TV.</desc><category></category></programme><programme channel="2670" start="20230102150000 +0000" stop="20230102180000 +0000" catchup-id="901060770"><title>100% De week van 100% NL</title><date></date><icon src="https://images.tv.kpn.com/epg/PSfKMEuFywb9B5hTpECZ9C7PvxG8iMdQ9BPf3xJbudI3us/1920x1080.jpg?blurred=false"></icon><desc>De beste muziek van Nederland bekijk je op 100% NL TV! Met een gevarieerd aanbod zie je de nieuwste hits van Davina Michelle, Suzan &amp; Freek en Nielson. Maar ook de klassiekers van Marco Borsato, De Kast, André Hazes sr. en Acda en De Munnik voorbijkomen. Geniet 7 dagen per week en 24 uur per dag van de lekkerste liedjes die Nederland te bieden heeft op 100% NL TV.</desc><category></category></programme><programme channel="2670" start="20230102180000 +0000" stop="20230102210000 +0000" catchup-id="901060776"><title>100% De muziek van Nederland</title><date></date><icon src="https://images.tv.kpn.com/epg/OcPLvsvi0Reh9BdmoELXdaGl9AzW8MwfEe8mxyzWSA9CEU/1920x1080.jpg?blurred=false"></icon><desc>De beste muziek van Nederland bekijk je op 100% NL TV! Met een gevarieerd aanbod zie je de nieuwste hits van Davina Michelle, Suzan &amp; Freek en Nielson. Maar ook de klassiekers van Marco Borsato, De Kast, André Hazes sr. en Acda en De Munnik voorbijkomen. Geniet 7 dagen per week en 24 uur per dag van de lekkerste liedjes die Nederland te bieden heeft op 100% NL TV.</desc><category></category></programme><programme channel="2670" start="20230102210000 +0000" stop="20230102230000 +0000" catchup-id="901060782"><title>100% Relax</title><date></date><icon src="https://images.tv.kpn.com/epg/dg4vH9CXjf1wPsvXg4L7Idb9Bbhcreumlj9AUADPjxh9Bng/1920x1080.jpg?blurred=false"></icon><desc>De beste muziek van Nederland bekijk je op 100% NL TV! Met een gevarieerd aanbod zie je de nieuwste hits van Davina Michelle, Suzan &amp; Freek en Nielson. Maar ook de klassiekers van Marco Borsato, De Kast, André Hazes sr. en Acda en De Munnik voorbijkomen. Geniet 7 dagen per week en 24 uur per dag van de lekkerste liedjes die Nederland te bieden heeft op 100% NL TV.</desc><category></category></programme><programme channel="2670" start="20230102230000 +0000" stop="20230103060000 +0000" catchup-id="901102857"><title>100% Muzieknacht</title><date></date><icon src="https://images.tv.kpn.com/epg/jee9CHLOREMmWBC4k8FA6SavQN9BOUHFIcJoARkuZVqY4/1920x1080.jpg?blurred=false"></icon><desc>De beste muziek van Nederland bekijk je op 100% NL TV! Met een gevarieerd aanbod zie je de nieuwste hits van Davina Michelle, Suzan &amp; Freek en Nielson. Maar ook de klassiekers van Marco Borsato, De Kast, André Hazes sr. en Acda en De Munnik voorbijkomen. Geniet 7 dagen per week en 24 uur per dag van de lekkerste liedjes die Nederland te bieden heeft op 100% NL TV.</desc><category></category></programme><programme channel="2670" start="20230103060000 +0000" stop="20230103090000 +0000" catchup-id="901102860"><title>100% Ochtendshow</title><date></date><icon src="https://images.tv.kpn.com/epg/yZJCbdbpg2QvOTfLyL44vgteYww1nw2wxhuxR8tMx60/1920x1080.jpg?blurred=false"></icon><desc>De beste muziek van Nederland bekijk je op 100% NL TV! Met een gevarieerd aanbod zie je de nieuwste hits van Davina Michelle, Suzan &amp; Freek en Nielson. Maar ook de klassiekers van Marco Borsato, De Kast, André Hazes sr. en Acda en De Munnik voorbijkomen. Geniet 7 dagen per week en 24 uur per dag van de lekkerste liedjes die Nederland te bieden heeft op 100% NL TV.</desc><category></category></programme><programme channel="2670" start="20230103090000 +0000" stop="20230103110000 +0000" catchup-id="901102863"><title>100% VIP Ochtend</title><date></date><icon src="https://images.tv.kpn.com/epg/jee9CHLOREMmWBC4k8FA6SavQN9BOUHFIcJoARkuZVqY4/1920x1080.jpg?blurred=false"></icon><desc>De beste muziek van Nederland bekijk je op 100% NL TV! Met een gevarieerd aanbod zie je de nieuwste hits van Davina Michelle, Suzan &amp; Freek en Nielson. Maar ook de klassiekers van Marco Borsato, De Kast, André Hazes sr. en Acda en De Munnik voorbijkomen. Geniet 7 dagen per week en 24 uur per dag van de lekkerste liedjes die Nederland te bieden heeft op 100% NL TV.</desc><category></category></programme><programme channel="2670" start="20230103110000 +0000" stop="20230103150000 +0000" catchup-id="901102866"><title>100% Muziek</title><date></date><icon src="https://images.tv.kpn.com/epg/dg4vH9CXjf1wPsvXg4L7Idb9Bbhcreumlj9AUADPjxh9Bng/1920x1080.jpg?blurred=false"></icon><desc>De beste muziek van Nederland bekijk je op 100% NL TV! Met een gevarieerd aanbod zie je de nieuwste hits van Davina Michelle, Suzan &amp; Freek en Nielson. Maar ook de klassiekers van Marco Borsato, De Kast, André Hazes sr. en Acda en De Munnik voorbijkomen. Geniet 7 dagen per week en 24 uur per dag van de lekkerste liedjes die Nederland te bieden heeft op 100% NL TV.</desc><category></category></programme><programme channel="2670" start="20230103150000 +0000" stop="20230103180000 +0000" catchup-id="901102869"><title>100% De week van 100% NL</title><date></date><icon src="https://images.tv.kpn.com/epg/dg4vH9CXjf1wPsvXg4L7Idb9Bbhcreumlj9AUADPjxh9Bng/1920x1080.jpg?blurred=false"></icon><desc>De beste muziek van Nederland bekijk je op 100% NL TV! Met een gevarieerd aanbod zie je de nieuwste hits van Davina Michelle, Suzan &amp; Freek en Nielson. Maar ook de klassiekers van Marco Borsato, De Kast, André Hazes sr. en Acda en De Munnik voorbijkomen. Geniet 7 dagen per week en 24 uur per dag van de lekkerste liedjes die Nederland te bieden heeft op 100% NL TV.</desc><category></category></programme><programme channel="2670" start="20230103180000 +0000" stop="20230103210000 +0000" catchup-id="901102872"><title>100% De muziek van Nederland</title><date></date><icon src="https://images.tv.kpn.com/epg/PSfKMEuFywb9B5hTpECZ9C7PvxG8iMdQ9BPf3xJbudI3us/1920x1080.jpg?blurred=false"></icon><desc>De beste muziek van Nederland bekijk je op 100% NL TV! Met een gevarieerd aanbod zie je de nieuwste hits van Davina Michelle, Suzan &amp; Freek en Nielson. Maar ook de klassiekers van Marco Borsato, De Kast, André Hazes sr. en Acda en De Munnik voorbijkomen. Geniet 7 dagen per week en 24 uur per dag van de lekkerste liedjes die Nederland te bieden heeft op 100% NL TV.</desc><category></category></programme><programme channel="2670" start="20230103210000 +0000" stop="20230103230000 +0000" catchup-id="901102875"><title>100% Relax</title><date></date><icon src="https://images.tv.kpn.com/epg/dg4vH9CXjf1wPsvXg4L7Idb9Bbhcreumlj9AUADPjxh9Bng/1920x1080.jpg?blurred=false"></icon><desc>De beste muziek van Nederland bekijk je op 100% NL TV! Met een gevarieerd aanbod zie je de nieuwste hits van Davina Michelle, Suzan &amp; Freek en Nielson. Maar ook de klassiekers van Marco Borsato, De Kast, André Hazes sr. en Acda en De Munnik voorbijkomen. Geniet 7 dagen per week en 24 uur per dag van de lekkerste liedjes die Nederland te bieden heeft op 100% NL TV.</desc><category></category></programme><programme channel="2670" start="20230103230000 +0000" stop="20230104060000 +0000" catchup-id="901148883"><title>100% Muzieknacht</title><date></date><icon src="https://images.tv.kpn.com/epg/OcPLvsvi0Reh9BdmoELXdaGl9AzW8MwfEe8mxyzWSA9CEU/1920x1080.jpg?blurred=false"></icon><desc>De beste muziek van Nederland bekijk je op 100% NL TV! Met een gevarieerd aanbod zie je de nieuwste hits van Davina Michelle, Suzan &amp; Freek en Nielson. Maar ook de klassiekers van Marco Borsato, De Kast, André Hazes sr. en Acda en De Munnik voorbijkomen. Geniet 7 dagen per week en 24 uur per dag van de lekkerste liedjes die Nederland te bieden heeft op 100% NL TV.</desc><category></category></programme><programme channel="2670" start="20230104060000 +0000" stop="20230104090000 +0000" catchup-id="901148892"><title>100% Ochtendshow</title><date></date><icon src="https://images.tv.kpn.com/epg/jee9CHLOREMmWBC4k8FA6SavQN9BOUHFIcJoARkuZVqY4/1920x1080.jpg?blurred=false"></icon><desc>De beste muziek van Nederland bekijk je op 100% NL TV! Met een gevarieerd aanbod zie je de nieuwste hits van Davina Michelle, Suzan &amp; Freek en Nielson. Maar ook de klassiekers van Marco Borsato, De Kast, André Hazes sr. en Acda en De Munnik voorbijkomen. Geniet 7 dagen per week en 24 uur per dag van de lekkerste liedjes die Nederland te bieden heeft op 100% NL TV.</desc><category></category></programme><programme channel="2670" start="20230104090000 +0000" stop="20230104110000 +0000" catchup-id="901148901"><title>100% VIP Ochtend</title><date></date><icon src="https://images.tv.kpn.com/epg/PSfKMEuFywb9B5hTpECZ9C7PvxG8iMdQ9BPf3xJbudI3us/1920x1080.jpg?blurred=false"></icon><desc>De beste muziek van Nederland bekijk je op 100% NL TV! Met een gevarieerd aanbod zie je de nieuwste hits van Davina Michelle, Suzan &amp; Freek en Nielson. Maar ook de klassiekers van Marco Borsato, De Kast, André Hazes sr. en Acda en De Munnik voorbijkomen. Geniet 7 dagen per week en 24 uur per dag van de lekkerste liedjes die Nederland te bieden heeft op 100% NL TV.</desc><category></category></programme><programme channel="2670" start="20230104110000 +0000" stop="20230104150000 +0000" catchup-id="901148907"><title>100% Muziek</title><date></date><icon src="https://images.tv.kpn.com/epg/jee9CHLOREMmWBC4k8FA6SavQN9BOUHFIcJoARkuZVqY4/1920x1080.jpg?blurred=false"></icon><desc>De beste muziek van Nederland bekijk je op 100% NL TV! Met een gevarieerd aanbod zie je de nieuwste hits van Davina Michelle, Suzan &amp; Freek en Nielson. Maar ook de klassiekers van Marco Borsato, De Kast, André Hazes sr. en Acda en De Munnik voorbijkomen. Geniet 7 dagen per week en 24 uur per dag van de lekkerste liedjes die Nederland te bieden heeft op 100% NL TV.</desc><category></category></programme><programme channel="2670" start="20230104150000 +0000" stop="20230104180000 +0000" catchup-id="901148913"><title>100% De week van 100% NL</title><date></date><icon src="https://images.tv.kpn.com/epg/qKSx5qRInSdGGi9C2XuVfXp37zPdwY8sslkdMikvV4zY/1920x1080.jpg?blurred=false"></icon><desc>De beste muziek van Nederland bekijk je op 100% NL TV! Met een gevarieerd aanbod zie je de nieuwste hits van Davina Michelle, Suzan &amp; Freek en Nielson. Maar ook de klassiekers van Marco Borsato, De Kast, André Hazes sr. en Acda en De Munnik voorbijkomen. Geniet 7 dagen per week en 24 uur per dag van de lekkerste liedjes die Nederland te bieden heeft op 100% NL TV.</desc><category></category></programme><programme channel="2670" start="20230104180000 +0000" stop="20230104210000 +0000" catchup-id="901148919"><title>100% De muziek van Nederland</title><date></date><icon src="https://images.tv.kpn.com/epg/qKSx5qRInSdGGi9C2XuVfXp37zPdwY8sslkdMikvV4zY/1920x1080.jpg?blurred=false"></icon><desc>De beste muziek van Nederland bekijk je op 100% NL TV! Met een gevarieerd aanbod zie je de nieuwste hits van Davina Michelle, Suzan &amp; Freek en Nielson. Maar ook de klassiekers van Marco Borsato, De Kast, André Hazes sr. en Acda en De Munnik voorbijkomen. Geniet 7 dagen per week en 24 uur per dag van de lekkerste liedjes die Nederland te bieden heeft op 100% NL TV.</desc><category></category></programme><programme channel="2670" start="20230104210000 +0000" stop="20230104230000 +0000" catchup-id="901148925"><title>100% Relax</title><date></date><icon src="https://images.tv.kpn.com/epg/jee9CHLOREMmWBC4k8FA6SavQN9BOUHFIcJoARkuZVqY4/1920x1080.jpg?blurred=false"></icon><desc>De beste muziek van Nederland bekijk je op 100% NL TV! Met een gevarieerd aanbod zie je de nieuwste hits van Davina Michelle, Suzan &amp; Freek en Nielson. Maar ook de klassiekers van Marco Borsato, De Kast, André Hazes sr. en Acda en De Munnik voorbijkomen. Geniet 7 dagen per week en 24 uur per dag van de lekkerste liedjes die Nederland te bieden heeft op 100% NL TV.</desc><category></category></programme><programme channel="2670" start="20230104230000 +0000" stop="20230105060000 +0000" catchup-id="901194630"><title>100% Muzieknacht</title><date></date><icon src="https://images.tv.kpn.com/epg/yZJCbdbpg2QvOTfLyL44vgteYww1nw2wxhuxR8tMx60/1920x1080.jpg?blurred=false"></icon><desc>De beste muziek van Nederland bekijk je op 100% NL TV! Met een gevarieerd aanbod zie je de nieuwste hits van Davina Michelle, Suzan &amp; Freek en Nielson. Maar ook de klassiekers van Marco Borsato, De Kast, André Hazes sr. en Acda en De Munnik voorbijkomen. Geniet 7 dagen per week en 24 uur per dag van de lekkerste liedjes die Nederland te bieden heeft op 100% NL TV.</desc><category></category></programme><programme channel="2670" start="20230105060000 +0000" stop="20230105090000 +0000" catchup-id="901194636"><title>100% Ochtendshow</title><date></date><icon src="https://images.tv.kpn.com/epg/PSfKMEuFywb9B5hTpECZ9C7PvxG8iMdQ9BPf3xJbudI3us/1920x1080.jpg?blurred=false"></icon><desc>De beste muziek van Nederland bekijk je op 100% NL TV! Met een gevarieerd aanbod zie je de nieuwste hits van Davina Michelle, Suzan &amp; Freek en Nielson. Maar ook de klassiekers van Marco Borsato, De Kast, André Hazes sr. en Acda en De Munnik voorbijkomen. Geniet 7 dagen per week en 24 uur per dag van de lekkerste liedjes die Nederland te bieden heeft op 100% NL TV.</desc><category></category></programme><programme channel="2670" start="20230105090000 +0000" stop="20230105110000 +0000" catchup-id="901194645"><title>100% VIP Ochtend</title><date></date><icon src="https://images.tv.kpn.com/epg/PSfKMEuFywb9B5hTpECZ9C7PvxG8iMdQ9BPf3xJbudI3us/1920x1080.jpg?blurred=false"></icon><desc>De beste muziek van Nederland bekijk je op 100% NL TV! Met een gevarieerd aanbod zie je de nieuwste hits van Davina Michelle, Suzan &amp; Freek en Nielson. Maar ook de klassiekers van Marco Borsato, De Kast, André Hazes sr. en Acda en De Munnik voorbijkomen. Geniet 7 dagen per week en 24 uur per dag van de lekkerste liedjes die Nederland te bieden heeft op 100% NL TV.</desc><category></category></programme><programme channel="2670" start="20230105110000 +0000" stop="20230105150000 +0000" catchup-id="901194651"><title>100% Muziek</title><date></date><icon src="https://images.tv.kpn.com/epg/qKSx5qRInSdGGi9C2XuVfXp37zPdwY8sslkdMikvV4zY/1920x1080.jpg?blurred=false"></icon><desc>De beste muziek van Nederland bekijk je op 100% NL TV! Met een gevarieerd aanbod zie je de nieuwste hits van Davina Michelle, Suzan &amp; Freek en Nielson. Maar ook de klassiekers van Marco Borsato, De Kast, André Hazes sr. en Acda en De Munnik voorbijkomen. Geniet 7 dagen per week en 24 uur per dag van de lekkerste liedjes die Nederland te bieden heeft op 100% NL TV.</desc><category></category></programme><programme channel="2670" start="20230105150000 +0000" stop="20230105180000 +0000" catchup-id="901194660"><title>100% De week van 100% NL</title><date></date><icon src="https://images.tv.kpn.com/epg/PSfKMEuFywb9B5hTpECZ9C7PvxG8iMdQ9BPf3xJbudI3us/1920x1080.jpg?blurred=false"></icon><desc>De beste muziek van Nederland bekijk je op 100% NL TV! Met een gevarieerd aanbod zie je de nieuwste hits van Davina Michelle, Suzan &amp; Freek en Nielson. Maar ook de klassiekers van Marco Borsato, De Kast, André Hazes sr. en Acda en De Munnik voorbijkomen. Geniet 7 dagen per week en 24 uur per dag van de lekkerste liedjes die Nederland te bieden heeft op 100% NL TV.</desc><category></category></programme><programme channel="2670" start="20230105180000 +0000" stop="20230105210000 +0000" catchup-id="901194666"><title>100% De muziek van Nederland</title><date></date><icon src="https://images.tv.kpn.com/epg/jee9CHLOREMmWBC4k8FA6SavQN9BOUHFIcJoARkuZVqY4/1920x1080.jpg?blurred=false"></icon><desc>De beste muziek van Nederland bekijk je op 100% NL TV! Met een gevarieerd aanbod zie je de nieuwste hits van Davina Michelle, Suzan &amp; Freek en Nielson. Maar ook de klassiekers van Marco Borsato, De Kast, André Hazes sr. en Acda en De Munnik voorbijkomen. Geniet 7 dagen per week en 24 uur per dag van de lekkerste liedjes die Nederland te bieden heeft op 100% NL TV.</desc><category></category></programme><programme channel="2670" start="20230105210000 +0000" stop="20230105230000 +0000" catchup-id="901194681"><title>100% Relax</title><date></date><icon src="https://images.tv.kpn.com/epg/dg4vH9CXjf1wPsvXg4L7Idb9Bbhcreumlj9AUADPjxh9Bng/1920x1080.jpg?blurred=false"></icon><desc>De beste muziek van Nederland bekijk je op 100% NL TV! Met een gevarieerd aanbod zie je de nieuwste hits van Davina Michelle, Suzan &amp; Freek en Nielson. Maar ook de klassiekers van Marco Borsato, De Kast, André Hazes sr. en Acda en De Munnik voorbijkomen. Geniet 7 dagen per week en 24 uur per dag van de lekkerste liedjes die Nederland te bieden heeft op 100% NL TV.</desc><category></category></programme><programme channel="2670" start="20230105230000 +0000" stop="20230106060000 +0000" catchup-id="901240383"><title>100% Muzieknacht</title><date></date><icon src="https://images.tv.kpn.com/epg/VQZyvY9ACCS5eB9CJMp2EpXV1j42pasQY3MugdH5TxPz4/1920x1080.jpg?blurred=false"></icon><desc>De beste muziek van Nederland bekijk je op 100% NL TV! Met een gevarieerd aanbod zie je de nieuwste hits van Davina Michelle, Suzan &amp; Freek en Nielson. Maar ook de klassiekers van Marco Borsato, De Kast, André Hazes sr. en Acda en De Munnik voorbijkomen. Geniet 7 dagen per week en 24 uur per dag van de lekkerste liedjes die Nederland te bieden heeft op 100% NL TV.</desc><category></category></programme><programme channel="2670" start="20230106060000 +0000" stop="20230106090000 +0000" catchup-id="901240395"><title>100% Ochtendshow</title><date></date><icon src="https://images.tv.kpn.com/epg/yZJCbdbpg2QvOTfLyL44vgteYww1nw2wxhuxR8tMx60/1920x1080.jpg?blurred=false"></icon><desc>De beste muziek van Nederland bekijk je op 100% NL TV! Met een gevarieerd aanbod zie je de nieuwste hits van Davina Michelle, Suzan &amp; Freek en Nielson. Maar ook de klassiekers van Marco Borsato, De Kast, André Hazes sr. en Acda en De Munnik voorbijkomen. Geniet 7 dagen per week en 24 uur per dag van de lekkerste liedjes die Nederland te bieden heeft op 100% NL TV.</desc><category></category></programme><programme channel="2670" start="20230106090000 +0000" stop="20230106110000 +0000" catchup-id="901240410"><title>100% VIP Ochtend</title><date></date><icon src="https://images.tv.kpn.com/epg/VQZyvY9ACCS5eB9CJMp2EpXV1j42pasQY3MugdH5TxPz4/1920x1080.jpg?blurred=false"></icon><desc>De beste muziek van Nederland bekijk je op 100% NL TV! Met een gevarieerd aanbod zie je de nieuwste hits van Davina Michelle, Suzan &amp; Freek en Nielson. Maar ook de klassiekers van Marco Borsato, De Kast, André Hazes sr. en Acda en De Munnik voorbijkomen. Geniet 7 dagen per week en 24 uur per dag van de lekkerste liedjes die Nederland te bieden heeft op 100% NL TV.</desc><category></category></programme><programme channel="2670" start="20230106110000 +0000" stop="20230106150000 +0000" catchup-id="901240422"><title>100% Muziek</title><date></date><icon src="https://images.tv.kpn.com/epg/OcPLvsvi0Reh9BdmoELXdaGl9AzW8MwfEe8mxyzWSA9CEU/1920x1080.jpg?blurred=false"></icon><desc>De beste muziek van Nederland bekijk je op 100% NL TV! Met een gevarieerd aanbod zie je de nieuwste hits van Davina Michelle, Suzan &amp; Freek en Nielson. Maar ook de klassiekers van Marco Borsato, De Kast, André Hazes sr. en Acda en De Munnik voorbijkomen. Geniet 7 dagen per week en 24 uur per dag van de lekkerste liedjes die Nederland te bieden heeft op 100% NL TV.</desc><category></category></programme><programme channel="2670" start="20230106150000 +0000" stop="20230106180000 +0000" catchup-id="901240434"><title>100% De week van 100% NL</title><date></date><icon src="https://images.tv.kpn.com/epg/dg4vH9CXjf1wPsvXg4L7Idb9Bbhcreumlj9AUADPjxh9Bng/1920x1080.jpg?blurred=false"></icon><desc>De beste muziek van Nederland bekijk je op 100% NL TV! Met een gevarieerd aanbod zie je de nieuwste hits van Davina Michelle, Suzan &amp; Freek en Nielson. Maar ook de klassiekers van Marco Borsato, De Kast, André Hazes sr. en Acda en De Munnik voorbijkomen. Geniet 7 dagen per week en 24 uur per dag van de lekkerste liedjes die Nederland te bieden heeft op 100% NL TV.</desc><category></category></programme><programme channel="2670" start="20230106180000 +0000" stop="20230106210000 +0000" catchup-id="901240449"><title>100% De muziek van Nederland</title><date></date><icon src="https://images.tv.kpn.com/epg/qKSx5qRInSdGGi9C2XuVfXp37zPdwY8sslkdMikvV4zY/1920x1080.jpg?blurred=false"></icon><desc>De beste muziek van Nederland bekijk je op 100% NL TV! Met een gevarieerd aanbod zie je de nieuwste hits van Davina Michelle, Suzan &amp; Freek en Nielson. Maar ook de klassiekers van Marco Borsato, De Kast, André Hazes sr. en Acda en De Munnik voorbijkomen. Geniet 7 dagen per week en 24 uur per dag van de lekkerste liedjes die Nederland te bieden heeft op 100% NL TV.</desc><category></category></programme><programme channel="2670" start="20230106210000 +0000" stop="20230106230000 +0000" catchup-id="901240458"><title>100% Relax</title><date></date><icon src="https://images.tv.kpn.com/epg/PSfKMEuFywb9B5hTpECZ9C7PvxG8iMdQ9BPf3xJbudI3us/1920x1080.jpg?blurred=false"></icon><desc>De beste muziek van Nederland bekijk je op 100% NL TV! Met een gevarieerd aanbod zie je de nieuwste hits van Davina Michelle, Suzan &amp; Freek en Nielson. Maar ook de klassiekers van Marco Borsato, De Kast, André Hazes sr. en Acda en De Munnik voorbijkomen. Geniet 7 dagen per week en 24 uur per dag van de lekkerste liedjes die Nederland te bieden heeft op 100% NL TV.</desc><category></category></programme><programme channel="2670" start="20230106230000 +0000" stop="20230107060000 +0000" catchup-id="901285458"><title>100% Muzieknacht</title><date></date><icon src="https://images.tv.kpn.com/epg/dg4vH9CXjf1wPsvXg4L7Idb9Bbhcreumlj9AUADPjxh9Bng/1920x1080.jpg?blurred=false"></icon><desc>De beste muziek van Nederland bekijk je op 100% NL TV! Met een gevarieerd aanbod zie je de nieuwste hits van Davina Michelle, Suzan &amp; Freek en Nielson. Maar ook de klassiekers van Marco Borsato, De Kast, André Hazes sr. en Acda en De Munnik voorbijkomen. Geniet 7 dagen per week en 24 uur per dag van de lekkerste liedjes die Nederland te bieden heeft op 100% NL TV.</desc><category></category></programme><programme channel="2670" start="20230107060000 +0000" stop="20230107090000 +0000" catchup-id="901285461"><title>100% Ochtendshow</title><date></date><icon src="https://images.tv.kpn.com/epg/jee9CHLOREMmWBC4k8FA6SavQN9BOUHFIcJoARkuZVqY4/1920x1080.jpg?blurred=false"></icon><desc>De beste muziek van Nederland bekijk je op 100% NL TV! Met een gevarieerd aanbod zie je de nieuwste hits van Davina Michelle, Suzan &amp; Freek en Nielson. Maar ook de klassiekers van Marco Borsato, De Kast, André Hazes sr. en Acda en De Munnik voorbijkomen. Geniet 7 dagen per week en 24 uur per dag van de lekkerste liedjes die Nederland te bieden heeft op 100% NL TV.</desc><category></category></programme><programme channel="2670" start="20230107090000 +0000" stop="20230107110000 +0000" catchup-id="901285464"><title>100% VIP Ochtend</title><date></date><icon src="https://images.tv.kpn.com/epg/jee9CHLOREMmWBC4k8FA6SavQN9BOUHFIcJoARkuZVqY4/1920x1080.jpg?blurred=false"></icon><desc>De beste muziek van Nederland bekijk je op 100% NL TV! Met een gevarieerd aanbod zie je de nieuwste hits van Davina Michelle, Suzan &amp; Freek en Nielson. Maar ook de klassiekers van Marco Borsato, De Kast, André Hazes sr. en Acda en De Munnik voorbijkomen. Geniet 7 dagen per week en 24 uur per dag van de lekkerste liedjes die Nederland te bieden heeft op 100% NL TV.</desc><category></category></programme><programme channel="2670" start="20230107110000 +0000" stop="20230107150000 +0000" catchup-id="901285467"><title>100% Muziek</title><date></date><icon src="https://images.tv.kpn.com/epg/PSfKMEuFywb9B5hTpECZ9C7PvxG8iMdQ9BPf3xJbudI3us/1920x1080.jpg?blurred=false"></icon><desc>De beste muziek van Nederland bekijk je op 100% NL TV! Met een gevarieerd aanbod zie je de nieuwste hits van Davina Michelle, Suzan &amp; Freek en Nielson. Maar ook de klassiekers van Marco Borsato, De Kast, André Hazes sr. en Acda en De Munnik voorbijkomen. Geniet 7 dagen per week en 24 uur per dag van de lekkerste liedjes die Nederland te bieden heeft op 100% NL TV.</desc><category></category></programme><programme channel="2670" start="20230107150000 +0000" stop="20230107180000 +0000" catchup-id="901285470"><title>100% De week van 100% NL</title><date></date><icon src="https://images.tv.kpn.com/epg/OcPLvsvi0Reh9BdmoELXdaGl9AzW8MwfEe8mxyzWSA9CEU/1920x1080.jpg?blurred=false"></icon><desc>De beste muziek van Nederland bekijk je op 100% NL TV! Met een gevarieerd aanbod zie je de nieuwste hits van Davina Michelle, Suzan &amp; Freek en Nielson. Maar ook de klassiekers van Marco Borsato, De Kast, André Hazes sr. en Acda en De Munnik voorbijkomen. Geniet 7 dagen per week en 24 uur per dag van de lekkerste liedjes die Nederland te bieden heeft op 100% NL TV.</desc><category></category></programme><programme channel="2670" start="20230107180000 +0000" stop="20230107210000 +0000" catchup-id="901285473"><title>100% De muziek van Nederland</title><date></date><icon src="https://images.tv.kpn.com/epg/yZJCbdbpg2QvOTfLyL44vgteYww1nw2wxhuxR8tMx60/1920x1080.jpg?blurred=false"></icon><desc>De beste muziek van Nederland bekijk je op 100% NL TV! Met een gevarieerd aanbod zie je de nieuwste hits van Davina Michelle, Suzan &amp; Freek en Nielson. Maar ook de klassiekers van Marco Borsato, De Kast, André Hazes sr. en Acda en De Munnik voorbijkomen. Geniet 7 dagen per week en 24 uur per dag van de lekkerste liedjes die Nederland te bieden heeft op 100% NL TV.</desc><category></category></programme><programme channel="2670" start="20230107210000 +0000" stop="20230107230000 +0000" catchup-id="901285476"><title>100% Relax</title><date></date><icon src="https://images.tv.kpn.com/epg/jee9CHLOREMmWBC4k8FA6SavQN9BOUHFIcJoARkuZVqY4/1920x1080.jpg?blurred=false"></icon><desc>De beste muziek van Nederland bekijk je op 100% NL TV! Met een gevarieerd aanbod zie je de nieuwste hits van Davina Michelle, Suzan &amp; Freek en Nielson. Maar ook de klassiekers van Marco Borsato, De Kast, André Hazes sr. en Acda en De Munnik voorbijkomen. Geniet 7 dagen per week en 24 uur per dag van de lekkerste liedjes die Nederland te bieden heeft op 100% NL TV.</desc><category></category></programme><programme channel="2670" start="20230107230000 +0000" stop="20230108060000 +0000" catchup-id="901328190"><title>100% Muzieknacht</title><date></date><icon src="https://images.tv.kpn.com/epg/yZJCbdbpg2QvOTfLyL44vgteYww1nw2wxhuxR8tMx60/1920x1080.jpg?blurred=false"></icon><desc>De beste muziek van Nederland bekijk je op 100% NL TV! Met een gevarieerd aanbod zie je de nieuwste hits van Davina Michelle, Suzan &amp; Freek en Nielson. Maar ook de klassiekers van Marco Borsato, De Kast, André Hazes sr. en Acda en De Munnik voorbijkomen. Geniet 7 dagen per week en 24 uur per dag van de lekkerste liedjes die Nederland te bieden heeft op 100% NL TV.</desc><category></category></programme><programme channel="2670" start="20230108060000 +0000" stop="20230108090000 +0000" catchup-id="901328196"><title>100% Ochtendshow</title><date></date><icon src="https://images.tv.kpn.com/epg/VQZyvY9ACCS5eB9CJMp2EpXV1j42pasQY3MugdH5TxPz4/1920x1080.jpg?blurred=false"></icon><desc>De beste muziek van Nederland bekijk je op 100% NL TV! Met een gevarieerd aanbod zie je de nieuwste hits van Davina Michelle, Suzan &amp; Freek en Nielson. Maar ook de klassiekers van Marco Borsato, De Kast, André Hazes sr. en Acda en De Munnik voorbijkomen. Geniet 7 dagen per week en 24 uur per dag van de lekkerste liedjes die Nederland te bieden heeft op 100% NL TV.</desc><category></category></programme><programme channel="2670" start="20230108090000 +0000" stop="20230108110000 +0000" catchup-id="901328199"><title>100% VIP Ochtend</title><date></date><icon src="https://images.tv.kpn.com/epg/PSfKMEuFywb9B5hTpECZ9C7PvxG8iMdQ9BPf3xJbudI3us/1920x1080.jpg?blurred=false"></icon><desc>De beste muziek van Nederland bekijk je op 100% NL TV! Met een gevarieerd aanbod zie je de nieuwste hits van Davina Michelle, Suzan &amp; Freek en Nielson. Maar ook de klassiekers van Marco Borsato, De Kast, André Hazes sr. en Acda en De Munnik voorbijkomen. Geniet 7 dagen per week en 24 uur per dag van de lekkerste liedjes die Nederland te bieden heeft op 100% NL TV.</desc><category></category></programme><programme channel="2670" start="20230108110000 +0000" stop="20230108150000 +0000" catchup-id="901328202"><title>100% Muziek</title><date></date><icon src="https://images.tv.kpn.com/epg/qKSx5qRInSdGGi9C2XuVfXp37zPdwY8sslkdMikvV4zY/1920x1080.jpg?blurred=false"></icon><desc>De beste muziek van Nederland bekijk je op 100% NL TV! Met een gevarieerd aanbod zie je de nieuwste hits van Davina Michelle, Suzan &amp; Freek en Nielson. Maar ook de klassiekers van Marco Borsato, De Kast, André Hazes sr. en Acda en De Munnik voorbijkomen. Geniet 7 dagen per week en 24 uur per dag van de lekkerste liedjes die Nederland te bieden heeft op 100% NL TV.</desc><category></category></programme><programme channel="2670" start="20230108150000 +0000" stop="20230108180000 +0000" catchup-id="901328205"><title>100% De week van 100% NL</title><date></date><icon src="https://images.tv.kpn.com/epg/PSfKMEuFywb9B5hTpECZ9C7PvxG8iMdQ9BPf3xJbudI3us/1920x1080.jpg?blurred=false"></icon><desc>De beste muziek van Nederland bekijk je op 100% NL TV! Met een gevarieerd aanbod zie je de nieuwste hits van Davina Michelle, Suzan &amp; Freek en Nielson. Maar ook de klassiekers van Marco Borsato, De Kast, André Hazes sr. en Acda en De Munnik voorbijkomen. Geniet 7 dagen per week en 24 uur per dag van de lekkerste liedjes die Nederland te bieden heeft op 100% NL TV.</desc><category></category></programme><programme channel="2670" start="20230108180000 +0000" stop="20230108210000 +0000" catchup-id="901328208"><title>100% De muziek van Nederland</title><date></date><icon src="https://images.tv.kpn.com/epg/qKSx5qRInSdGGi9C2XuVfXp37zPdwY8sslkdMikvV4zY/1920x1080.jpg?blurred=false"></icon><desc>De beste muziek van Nederland bekijk je op 100% NL TV! Met een gevarieerd aanbod zie je de nieuwste hits van Davina Michelle, Suzan &amp; Freek en Nielson. Maar ook de klassiekers van Marco Borsato, De Kast, André Hazes sr. en Acda en De Munnik voorbijkomen. Geniet 7 dagen per week en 24 uur per dag van de lekkerste liedjes die Nederland te bieden heeft op 100% NL TV.</desc><category></category></programme><programme channel="2670" start="20230108210000 +0000" stop="20230108230000 +0000" catchup-id="901328211"><title>100% Relax</title><date></date><icon src="https://images.tv.kpn.com/epg/yZJCbdbpg2QvOTfLyL44vgteYww1nw2wxhuxR8tMx60/1920x1080.jpg?blurred=false"></icon><desc>De beste muziek van Nederland bekijk je op 100% NL TV! Met een gevarieerd aanbod zie je de nieuwste hits van Davina Michelle, Suzan &amp; Freek en Nielson. Maar ook de klassiekers van Marco Borsato, De Kast, André Hazes sr. en Acda en De Munnik voorbijkomen. Geniet 7 dagen per week en 24 uur per dag van de lekkerste liedjes die Nederland te bieden heeft op 100% NL TV.</desc><category></category></programme><programme channel="2670" start="20230108230000 +0000" stop="20230109060000 +0000" catchup-id="901369305"><title>100% Muzieknacht</title><date></date><icon src="https://images.tv.kpn.com/epg/dg4vH9CXjf1wPsvXg4L7Idb9Bbhcreumlj9AUADPjxh9Bng/1920x1080.jpg?blurred=false"></icon><desc>De beste muziek van Nederland bekijk je op 100% NL TV! Met een gevarieerd aanbod zie je de nieuwste hits van Davina Michelle, Suzan &amp; Freek en Nielson. Maar ook de klassiekers van Marco Borsato, De Kast, André Hazes sr. en Acda en De Munnik voorbijkomen. Geniet 7 dagen per week en 24 uur per dag van de lekkerste liedjes die Nederland te bieden heeft op 100% NL TV.</desc><category></category></programme><programme channel="2670" start="20230109060000 +0000" stop="20230109090000 +0000" catchup-id="901369308"><title>100% Ochtendshow</title><date></date><icon src="https://images.tv.kpn.com/epg/PSfKMEuFywb9B5hTpECZ9C7PvxG8iMdQ9BPf3xJbudI3us/1920x1080.jpg?blurred=false"></icon><desc>De beste muziek van Nederland bekijk je op 100% NL TV! Met een gevarieerd aanbod zie je de nieuwste hits van Davina Michelle, Suzan &amp; Freek en Nielson. Maar ook de klassiekers van Marco Borsato, De Kast, André Hazes sr. en Acda en De Munnik voorbijkomen. Geniet 7 dagen per week en 24 uur per dag van de lekkerste liedjes die Nederland te bieden heeft op 100% NL TV.</desc><category></category></programme><programme channel="2670" start="20230109090000 +0000" stop="20230109110000 +0000" catchup-id="901369311"><title>100% VIP Ochtend</title><date></date><icon src="https://images.tv.kpn.com/epg/dg4vH9CXjf1wPsvXg4L7Idb9Bbhcreumlj9AUADPjxh9Bng/1920x1080.jpg?blurred=false"></icon><desc>De beste muziek van Nederland bekijk je op 100% NL TV! Met een gevarieerd aanbod zie je de nieuwste hits van Davina Michelle, Suzan &amp; Freek en Nielson. Maar ook de klassiekers van Marco Borsato, De Kast, André Hazes sr. en Acda en De Munnik voorbijkomen. Geniet 7 dagen per week en 24 uur per dag van de lekkerste liedjes die Nederland te bieden heeft op 100% NL TV.</desc><category></category></programme><programme channel="2670" start="20230109110000 +0000" stop="20230109150000 +0000" catchup-id="901369314"><title>100% Muziek</title><date></date><icon src="https://images.tv.kpn.com/epg/VQZyvY9ACCS5eB9CJMp2EpXV1j42pasQY3MugdH5TxPz4/1920x1080.jpg?blurred=false"></icon><desc>De beste muziek van Nederland bekijk je op 100% NL TV! Met een gevarieerd aanbod zie je de nieuwste hits van Davina Michelle, Suzan &amp; Freek en Nielson. Maar ook de klassiekers van Marco Borsato, De Kast, André Hazes sr. en Acda en De Munnik voorbijkomen. Geniet 7 dagen per week en 24 uur per dag van de lekkerste liedjes die Nederland te bieden heeft op 100% NL TV.</desc><category></category></programme><programme channel="2670" start="20230109150000 +0000" stop="20230109180000 +0000" catchup-id="901369317"><title>100% De week van 100% NL</title><date></date><icon src="https://images.tv.kpn.com/epg/qKSx5qRInSdGGi9C2XuVfXp37zPdwY8sslkdMikvV4zY/1920x1080.jpg?blurred=false"></icon><desc>De beste muziek van Nederland bekijk je op 100% NL TV! Met een gevarieerd aanbod zie je de nieuwste hits van Davina Michelle, Suzan &amp; Freek en Nielson. Maar ook de klassiekers van Marco Borsato, De Kast, André Hazes sr. en Acda en De Munnik voorbijkomen. Geniet 7 dagen per week en 24 uur per dag van de lekkerste liedjes die Nederland te bieden heeft op 100% NL TV.</desc><category></category></programme><programme channel="2670" start="20230109180000 +0000" stop="20230109210000 +0000" catchup-id="901369320"><title>100% De muziek van Nederland</title><date></date><icon src="https://images.tv.kpn.com/epg/OcPLvsvi0Reh9BdmoELXdaGl9AzW8MwfEe8mxyzWSA9CEU/1920x1080.jpg?blurred=false"></icon><desc>De beste muziek van Nederland bekijk je op 100% NL TV! Met een gevarieerd aanbod zie je de nieuwste hits van Davina Michelle, Suzan &amp; Freek en Nielson. Maar ook de klassiekers van Marco Borsato, De Kast, André Hazes sr. en Acda en De Munnik voorbijkomen. Geniet 7 dagen per week en 24 uur per dag van de lekkerste liedjes die Nederland te bieden heeft op 100% NL TV.</desc><category></category></programme><programme channel="2670" start="20230109210000 +0000" stop="20230109230000 +0000" catchup-id="901369323"><title>100% Relax</title><date></date><icon src="https://images.tv.kpn.com/epg/OcPLvsvi0Reh9BdmoELXdaGl9AzW8MwfEe8mxyzWSA9CEU/1920x1080.jpg?blurred=false"></icon><desc>De beste muziek van Nederland bekijk je op 100% NL TV! Met een gevarieerd aanbod zie je de nieuwste hits van Davina Michelle, Suzan &amp; Freek en Nielson. Maar ook de klassiekers van Marco Borsato, De Kast, André Hazes sr. en Acda en De Munnik voorbijkomen. Geniet 7 dagen per week en 24 uur per dag van de lekkerste liedjes die Nederland te bieden heeft op 100% NL TV.</desc><category></category></programme><programme channel="2670" start="20230109230000 +0000" stop="20230110060000 +0000" catchup-id="901417860"><title>100% Muzieknacht</title><date></date><icon src="https://images.tv.kpn.com/epg/jee9CHLOREMmWBC4k8FA6SavQN9BOUHFIcJoARkuZVqY4/1920x1080.jpg?blurred=false"></icon><desc>De beste muziek van Nederland bekijk je op 100% NL TV! Met een gevarieerd aanbod zie je de nieuwste hits van Davina Michelle, Suzan &amp; Freek en Nielson. Maar ook de klassiekers van Marco Borsato, De Kast, André Hazes sr. en Acda en De Munnik voorbijkomen. Geniet 7 dagen per week en 24 uur per dag van de lekkerste liedjes die Nederland te bieden heeft op 100% NL TV.</desc><category></category></programme><programme channel="2670" start="20230110060000 +0000" stop="20230110090000 +0000" catchup-id="901417863"><title>100% Ochtendshow</title><date></date><icon src="https://images.tv.kpn.com/epg/jee9CHLOREMmWBC4k8FA6SavQN9BOUHFIcJoARkuZVqY4/1920x1080.jpg?blurred=false"></icon><desc>De beste muziek van Nederland bekijk je op 100% NL TV! Met een gevarieerd aanbod zie je de nieuwste hits van Davina Michelle, Suzan &amp; Freek en Nielson. Maar ook de klassiekers van Marco Borsato, De Kast, André Hazes sr. en Acda en De Munnik voorbijkomen. Geniet 7 dagen per week en 24 uur per dag van de lekkerste liedjes die Nederland te bieden heeft op 100% NL TV.</desc><category></category></programme><programme channel="2670" start="20230110090000 +0000" stop="20230110110000 +0000" catchup-id="901417866"><title>100% VIP Ochtend</title><date></date><icon src="https://images.tv.kpn.com/epg/PSfKMEuFywb9B5hTpECZ9C7PvxG8iMdQ9BPf3xJbudI3us/1920x1080.jpg?blurred=false"></icon><desc>De beste muziek van Nederland bekijk je op 100% NL TV! Met een gevarieerd aanbod zie je de nieuwste hits van Davina Michelle, Suzan &amp; Freek en Nielson. Maar ook de klassiekers van Marco Borsato, De Kast, André Hazes sr. en Acda en De Munnik voorbijkomen. Geniet 7 dagen per week en 24 uur per dag van de lekkerste liedjes die Nederland te bieden heeft op 100% NL TV.</desc><category></category></programme><programme channel="2670" start="20230110110000 +0000" stop="20230110150000 +0000" catchup-id="901417869"><title>100% Muziek</title><date></date><icon src="https://images.tv.kpn.com/epg/OcPLvsvi0Reh9BdmoELXdaGl9AzW8MwfEe8mxyzWSA9CEU/1920x1080.jpg?blurred=false"></icon><desc>De beste muziek van Nederland bekijk je op 100% NL TV! Met een gevarieerd aanbod zie je de nieuwste hits van Davina Michelle, Suzan &amp; Freek en Nielson. Maar ook de klassiekers van Marco Borsato, De Kast, André Hazes sr. en Acda en De Munnik voorbijkomen. Geniet 7 dagen per week en 24 uur per dag van de lekkerste liedjes die Nederland te bieden heeft op 100% NL TV.</desc><category></category></programme><programme channel="2670" start="20230110150000 +0000" stop="20230110180000 +0000" catchup-id="901417872"><title>100% De week van 100% NL</title><date></date><icon src="https://images.tv.kpn.com/epg/qKSx5qRInSdGGi9C2XuVfXp37zPdwY8sslkdMikvV4zY/1920x1080.jpg?blurred=false"></icon><desc>De beste muziek van Nederland bekijk je op 100% NL TV! Met een gevarieerd aanbod zie je de nieuwste hits van Davina Michelle, Suzan &amp; Freek en Nielson. Maar ook de klassiekers van Marco Borsato, De Kast, André Hazes sr. en Acda en De Munnik voorbijkomen. Geniet 7 dagen per week en 24 uur per dag van de lekkerste liedjes die Nederland te bieden heeft op 100% NL TV.</desc><category></category></programme><programme channel="2670" start="20230110180000 +0000" stop="20230110210000 +0000" catchup-id="901417875"><title>100% De muziek van Nederland</title><date></date><icon src="https://images.tv.kpn.com/epg/VQZyvY9ACCS5eB9CJMp2EpXV1j42pasQY3MugdH5TxPz4/1920x1080.jpg?blurred=false"></icon><desc>De beste muziek van Nederland bekijk je op 100% NL TV! Met een gevarieerd aanbod zie je de nieuwste hits van Davina Michelle, Suzan &amp; Freek en Nielson. Maar ook de klassiekers van Marco Borsato, De Kast, André Hazes sr. en Acda en De Munnik voorbijkomen. Geniet 7 dagen per week en 24 uur per dag van de lekkerste liedjes die Nederland te bieden heeft op 100% NL TV.</desc><category></category></programme><programme channel="2670" start="20230110210000 +0000" stop="20230110230000 +0000" catchup-id="901417878"><title>100% Relax</title><date></date><icon src="https://images.tv.kpn.com/epg/dg4vH9CXjf1wPsvXg4L7Idb9Bbhcreumlj9AUADPjxh9Bng/1920x1080.jpg?blurred=false"></icon><desc>De beste muziek van Nederland bekijk je op 100% NL TV! Met een gevarieerd aanbod zie je de nieuwste hits van Davina Michelle, Suzan &amp; Freek en Nielson. Maar ook de klassiekers van Marco Borsato, De Kast, André Hazes sr. en Acda en De Munnik voorbijkomen. Geniet 7 dagen per week en 24 uur per dag van de lekkerste liedjes die Nederland te bieden heeft op 100% NL TV.</desc><category></category></programme><programme channel="2670" start="20230110230000 +0000" stop="20230111060000 +0000" catchup-id="901466448"><title>100% Muzieknacht</title><date></date><icon src="https://images.tv.kpn.com/epg/PSfKMEuFywb9B5hTpECZ9C7PvxG8iMdQ9BPf3xJbudI3us/1920x1080.jpg?blurred=false"></icon><desc>De beste muziek van Nederland bekijk je op 100% NL TV! Met een gevarieerd aanbod zie je de nieuwste hits van Davina Michelle, Suzan &amp; Freek en Nielson. Maar ook de klassiekers van Marco Borsato, De Kast, André Hazes sr. en Acda en De Munnik voorbijkomen. Geniet 7 dagen per week en 24 uur per dag van de lekkerste liedjes die Nederland te bieden heeft op 100% NL TV.</desc><category></category></programme><programme channel="2670" start="20230111060000 +0000" stop="20230111090000 +0000" catchup-id="901466454"><title>100% Ochtendshow</title><date></date><icon src="https://images.tv.kpn.com/epg/qKSx5qRInSdGGi9C2XuVfXp37zPdwY8sslkdMikvV4zY/1920x1080.jpg?blurred=false"></icon><desc>De beste muziek van Nederland bekijk je op 100% NL TV! Met een gevarieerd aanbod zie je de nieuwste hits van Davina Michelle, Suzan &amp; Freek en Nielson. Maar ook de klassiekers van Marco Borsato, De Kast, André Hazes sr. en Acda en De Munnik voorbijkomen. Geniet 7 dagen per week en 24 uur per dag van de lekkerste liedjes die Nederland te bieden heeft op 100% NL TV.</desc><category></category></programme><programme channel="2670" start="20230111090000 +0000" stop="20230111110000 +0000" catchup-id="901466457"><title>100% VIP Ochtend</title><date></date><icon src="https://images.tv.kpn.com/epg/jee9CHLOREMmWBC4k8FA6SavQN9BOUHFIcJoARkuZVqY4/1920x1080.jpg?blurred=false"></icon><desc>De beste muziek van Nederland bekijk je op 100% NL TV! Met een gevarieerd aanbod zie je de nieuwste hits van Davina Michelle, Suzan &amp; Freek en Nielson. Maar ook de klassiekers van Marco Borsato, De Kast, André Hazes sr. en Acda en De Munnik voorbijkomen. Geniet 7 dagen per week en 24 uur per dag van de lekkerste liedjes die Nederland te bieden heeft op 100% NL TV.</desc><category></category></programme><programme channel="2670" start="20230111110000 +0000" stop="20230111150000 +0000" catchup-id="901466466"><title>100% Muziek</title><date></date><icon src="https://images.tv.kpn.com/epg/yZJCbdbpg2QvOTfLyL44vgteYww1nw2wxhuxR8tMx60/1920x1080.jpg?blurred=false"></icon><desc>De beste muziek van Nederland bekijk je op 100% NL TV! Met een gevarieerd aanbod zie je de nieuwste hits van Davina Michelle, Suzan &amp; Freek en Nielson. Maar ook de klassiekers van Marco Borsato, De Kast, André Hazes sr. en Acda en De Munnik voorbijkomen. Geniet 7 dagen per week en 24 uur per dag van de lekkerste liedjes die Nederland te bieden heeft op 100% NL TV.</desc><category></category></programme><programme channel="2670" start="20230111150000 +0000" stop="20230111180000 +0000" catchup-id="901466472"><title>100% De week van 100% NL</title><date></date><icon src="https://images.tv.kpn.com/epg/qKSx5qRInSdGGi9C2XuVfXp37zPdwY8sslkdMikvV4zY/1920x1080.jpg?blurred=false"></icon><desc>De beste muziek van Nederland bekijk je op 100% NL TV! Met een gevarieerd aanbod zie je de nieuwste hits van Davina Michelle, Suzan &amp; Freek en Nielson. Maar ook de klassiekers van Marco Borsato, De Kast, André Hazes sr. en Acda en De Munnik voorbijkomen. Geniet 7 dagen per week en 24 uur per dag van de lekkerste liedjes die Nederland te bieden heeft op 100% NL TV.</desc><category></category></programme><programme channel="2670" start="20230111180000 +0000" stop="20230111210000 +0000" catchup-id="901466481"><title>100% De muziek van Nederland</title><date></date><icon src="https://images.tv.kpn.com/epg/yZJCbdbpg2QvOTfLyL44vgteYww1nw2wxhuxR8tMx60/1920x1080.jpg?blurred=false"></icon><desc>De beste muziek van Nederland bekijk je op 100% NL TV! Met een gevarieerd aanbod zie je de nieuwste hits van Davina Michelle, Suzan &amp; Freek en Nielson. Maar ook de klassiekers van Marco Borsato, De Kast, André Hazes sr. en Acda en De Munnik voorbijkomen. Geniet 7 dagen per week en 24 uur per dag van de lekkerste liedjes die Nederland te bieden heeft op 100% NL TV.</desc><category></category></programme><programme channel="2670" start="20230111210000 +0000" stop="20230111230000 +0000" catchup-id="901466487"><title>100% Relax</title><date></date><icon src="https://images.tv.kpn.com/epg/PSfKMEuFywb9B5hTpECZ9C7PvxG8iMdQ9BPf3xJbudI3us/1920x1080.jpg?blurred=false"></icon><desc>De beste muziek van Nederland bekijk je op 100% NL TV! Met een gevarieerd aanbod zie je de nieuwste hits van Davina Michelle, Suzan &amp; Freek en Nielson. Maar ook de klassiekers van Marco Borsato, De Kast, André Hazes sr. en Acda en De Munnik voorbijkomen. Geniet 7 dagen per week en 24 uur per dag van de lekkerste liedjes die Nederland te bieden heeft op 100% NL TV.</desc><category></category></programme><programme channel="2670" start="20230111230000 +0000" stop="20230112060000 +0000" catchup-id="901522479"><title>100% Muzieknacht</title><date></date><icon src="https://images.tv.kpn.com/epg/jee9CHLOREMmWBC4k8FA6SavQN9BOUHFIcJoARkuZVqY4/1920x1080.jpg?blurred=false"></icon><desc>De beste muziek van Nederland bekijk je op 100% NL TV! Met een gevarieerd aanbod zie je de nieuwste hits van Davina Michelle, Suzan &amp; Freek en Nielson. Maar ook de klassiekers van Marco Borsato, De Kast, André Hazes sr. en Acda en De Munnik voorbijkomen. Geniet 7 dagen per week en 24 uur per dag van de lekkerste liedjes die Nederland te bieden heeft op 100% NL TV.</desc><category></category></programme><programme channel="2670" start="20230112060000 +0000" stop="20230112090000 +0000" catchup-id="901522485"><title>100% Ochtendshow</title><date></date><icon src="https://images.tv.kpn.com/epg/yZJCbdbpg2QvOTfLyL44vgteYww1nw2wxhuxR8tMx60/1920x1080.jpg?blurred=false"></icon><desc>De beste muziek van Nederland bekijk je op 100% NL TV! Met een gevarieerd aanbod zie je de nieuwste hits van Davina Michelle, Suzan &amp; Freek en Nielson. Maar ook de klassiekers van Marco Borsato, De Kast, André Hazes sr. en Acda en De Munnik voorbijkomen. Geniet 7 dagen per week en 24 uur per dag van de lekkerste liedjes die Nederland te bieden heeft op 100% NL TV.</desc><category></category></programme><programme channel="2670" start="20230112090000 +0000" stop="20230112110000 +0000" catchup-id="901522491"><title>100% VIP Ochtend</title><date></date><icon src="https://images.tv.kpn.com/epg/qKSx5qRInSdGGi9C2XuVfXp37zPdwY8sslkdMikvV4zY/1920x1080.jpg?blurred=false"></icon><desc>De beste muziek van Nederland bekijk je op 100% NL TV! Met een gevarieerd aanbod zie je de nieuwste hits van Davina Michelle, Suzan &amp; Freek en Nielson. Maar ook de klassiekers van Marco Borsato, De Kast, André Hazes sr. en Acda en De Munnik voorbijkomen. Geniet 7 dagen per week en 24 uur per dag van de lekkerste liedjes die Nederland te bieden heeft op 100% NL TV.</desc><category></category></programme><programme channel="2670" start="20230112110000 +0000" stop="20230112150000 +0000" catchup-id="901522497"><title>100% Muziek</title><date></date><icon src="https://images.tv.kpn.com/epg/VQZyvY9ACCS5eB9CJMp2EpXV1j42pasQY3MugdH5TxPz4/1920x1080.jpg?blurred=false"></icon><desc>De beste muziek van Nederland bekijk je op 100% NL TV! Met een gevarieerd aanbod zie je de nieuwste hits van Davina Michelle, Suzan &amp; Freek en Nielson. Maar ook de klassiekers van Marco Borsato, De Kast, André Hazes sr. en Acda en De Munnik voorbijkomen. Geniet 7 dagen per week en 24 uur per dag van de lekkerste liedjes die Nederland te bieden heeft op 100% NL TV.</desc><category></category></programme><programme channel="2670" start="20230112150000 +0000" stop="20230112180000 +0000" catchup-id="901522503"><title>100% De week van 100% NL</title><date></date><icon src="https://images.tv.kpn.com/epg/VQZyvY9ACCS5eB9CJMp2EpXV1j42pasQY3MugdH5TxPz4/1920x1080.jpg?blurred=false"></icon><desc>De beste muziek van Nederland bekijk je op 100% NL TV! Met een gevarieerd aanbod zie je de nieuwste hits van Davina Michelle, Suzan &amp; Freek en Nielson. Maar ook de klassiekers van Marco Borsato, De Kast, André Hazes sr. en Acda en De Munnik voorbijkomen. Geniet 7 dagen per week en 24 uur per dag van de lekkerste liedjes die Nederland te bieden heeft op 100% NL TV.</desc><category></category></programme><programme channel="2670" start="20230112180000 +0000" stop="20230112210000 +0000" catchup-id="901522509"><title>100% De muziek van Nederland</title><date></date><icon src="https://images.tv.kpn.com/epg/PSfKMEuFywb9B5hTpECZ9C7PvxG8iMdQ9BPf3xJbudI3us/1920x1080.jpg?blurred=false"></icon><desc>De beste muziek van Nederland bekijk je op 100% NL TV! Met een gevarieerd aanbod zie je de nieuwste hits van Davina Michelle, Suzan &amp; Freek en Nielson. Maar ook de klassiekers van Marco Borsato, De Kast, André Hazes sr. en Acda en De Munnik voorbijkomen. Geniet 7 dagen per week en 24 uur per dag van de lekkerste liedjes die Nederland te bieden heeft op 100% NL TV.</desc><category></category></programme>