<programme channel="292" start="20221228230000 +0000" stop="20221229050000 +0000" catchup-id="900881136"><title>Nick Music</title><date></date><icon src="https://images.tv.kpn.com/epg/3LuKGKDMRZXqLgmKzNFB9CNXlOqVAb9Cban3BWO7eOq9BE/1920x1080.jpg?blurred=false"></icon><desc>De leukste videoclips van de grootste artiesten, 24 uur per dag op Nick Music!</desc><category></category></programme><programme channel="292" start="20221229050000 +0000" stop="20221229110000 +0000" catchup-id="900881139"><title>Nick Music</title><date></date><icon src="https://images.tv.kpn.com/epg/XG3XVccTu9CGdQ8J29CksEWL9BsGBPkblbrAN0KdSiN5bs/1920x1080.jpg?blurred=false"></icon><desc>De leukste videoclips van de grootste artiesten, 24 uur per dag op Nick Music!</desc><category></category></programme><programme channel="292" start="20221229110000 +0000" stop="20221229170000 +0000" catchup-id="900881142"><title>Nick Music</title><date></date><icon src="https://images.tv.kpn.com/epg/3LuKGKDMRZXqLgmKzNFB9CNXlOqVAb9Cban3BWO7eOq9BE/1920x1080.jpg?blurred=false"></icon><desc>De leukste videoclips van de grootste artiesten, 24 uur per dag op Nick Music!</desc><category></category></programme><programme channel="292" start="20221229170000 +0000" stop="20221229230000 +0000" catchup-id="900881148"><title>Nick Music</title><date></date><icon src="https://images.tv.kpn.com/epg/XG3XVccTu9CGdQ8J29CksEWL9BsGBPkblbrAN0KdSiN5bs/1920x1080.jpg?blurred=false"></icon><desc>De leukste videoclips van de grootste artiesten, 24 uur per dag op Nick Music!</desc><category></category></programme><programme channel="292" start="20221229230000 +0000" stop="20221230050000 +0000" catchup-id="900929277"><title>Nick Music</title><date></date><icon src="https://images.tv.kpn.com/epg/3LuKGKDMRZXqLgmKzNFB9CNXlOqVAb9Cban3BWO7eOq9BE/1920x1080.jpg?blurred=false"></icon><desc>De leukste videoclips van de grootste artiesten, 24 uur per dag op Nick Music!</desc><category></category></programme><programme channel="292" start="20221230050000 +0000" stop="20221230110000 +0000" catchup-id="900929280"><title>Nick Music</title><date></date><icon src="https://images.tv.kpn.com/epg/XG3XVccTu9CGdQ8J29CksEWL9BsGBPkblbrAN0KdSiN5bs/1920x1080.jpg?blurred=false"></icon><desc>De leukste videoclips van de grootste artiesten, 24 uur per dag op Nick Music!</desc><category></category></programme><programme channel="292" start="20221230110000 +0000" stop="20221230170000 +0000" catchup-id="900929283"><title>Nick Music</title><date></date><icon src="https://images.tv.kpn.com/epg/3LuKGKDMRZXqLgmKzNFB9CNXlOqVAb9Cban3BWO7eOq9BE/1920x1080.jpg?blurred=false"></icon><desc>De leukste videoclips van de grootste artiesten, 24 uur per dag op Nick Music!</desc><category></category></programme><programme channel="292" start="20221230170000 +0000" stop="20221230230000 +0000" catchup-id="900929286"><title>Nick Music</title><date></date><icon src="https://images.tv.kpn.com/epg/XG3XVccTu9CGdQ8J29CksEWL9BsGBPkblbrAN0KdSiN5bs/1920x1080.jpg?blurred=false"></icon><desc>De leukste videoclips van de grootste artiesten, 24 uur per dag op Nick Music!</desc><category></category></programme><programme channel="292" start="20221230230000 +0000" stop="20221231050000 +0000" catchup-id="900972465"><title>Nick Music</title><date></date><icon src="https://images.tv.kpn.com/epg/3LuKGKDMRZXqLgmKzNFB9CNXlOqVAb9Cban3BWO7eOq9BE/1920x1080.jpg?blurred=false"></icon><desc>De leukste videoclips van de grootste artiesten, 24 uur per dag op Nick Music!</desc><category></category></programme><programme channel="292" start="20221231050000 +0000" stop="20221231110000 +0000" catchup-id="900972468"><title>Nick Music</title><date></date><icon src="https://images.tv.kpn.com/epg/XG3XVccTu9CGdQ8J29CksEWL9BsGBPkblbrAN0KdSiN5bs/1920x1080.jpg?blurred=false"></icon><desc>De leukste videoclips van de grootste artiesten, 24 uur per dag op Nick Music!</desc><category></category></programme><programme channel="292" start="20221231110000 +0000" stop="20221231170000 +0000" catchup-id="900972471"><title>Nick Music</title><date></date><icon src="https://images.tv.kpn.com/epg/3LuKGKDMRZXqLgmKzNFB9CNXlOqVAb9Cban3BWO7eOq9BE/1920x1080.jpg?blurred=false"></icon><desc>De leukste videoclips van de grootste artiesten, 24 uur per dag op Nick Music!</desc><category></category></programme><programme channel="292" start="20221231170000 +0000" stop="20221231230000 +0000" catchup-id="900972477"><title>Nick Music</title><date></date><icon src="https://images.tv.kpn.com/epg/XG3XVccTu9CGdQ8J29CksEWL9BsGBPkblbrAN0KdSiN5bs/1920x1080.jpg?blurred=false"></icon><desc>De leukste videoclips van de grootste artiesten, 24 uur per dag op Nick Music!</desc><category></category></programme><programme channel="292" start="20221231230000 +0000" stop="20230101050000 +0000" catchup-id="901012434"><title>Nick Music</title><date></date><icon src="https://images.tv.kpn.com/epg/3LuKGKDMRZXqLgmKzNFB9CNXlOqVAb9Cban3BWO7eOq9BE/1920x1080.jpg?blurred=false"></icon><desc>De leukste videoclips van de grootste artiesten, 24 uur per dag op Nick Music!</desc><category></category></programme><programme channel="292" start="20230101050000 +0000" stop="20230101110000 +0000" catchup-id="901012437"><title>Nick Music</title><date></date><icon src="https://images.tv.kpn.com/epg/XG3XVccTu9CGdQ8J29CksEWL9BsGBPkblbrAN0KdSiN5bs/1920x1080.jpg?blurred=false"></icon><desc>De leukste videoclips van de grootste artiesten, 24 uur per dag op Nick Music!</desc><category></category></programme><programme channel="292" start="20230101110000 +0000" stop="20230101170000 +0000" catchup-id="901012443"><title>Nick Music</title><date></date><icon src="https://images.tv.kpn.com/epg/3LuKGKDMRZXqLgmKzNFB9CNXlOqVAb9Cban3BWO7eOq9BE/1920x1080.jpg?blurred=false"></icon><desc>De leukste videoclips van de grootste artiesten, 24 uur per dag op Nick Music!</desc><category></category></programme><programme channel="292" start="20230101170000 +0000" stop="20230101230000 +0000" catchup-id="901012446"><title>Nick Music</title><date></date><icon src="https://images.tv.kpn.com/epg/XG3XVccTu9CGdQ8J29CksEWL9BsGBPkblbrAN0KdSiN5bs/1920x1080.jpg?blurred=false"></icon><desc>De leukste videoclips van de grootste artiesten, 24 uur per dag op Nick Music!</desc><category></category></programme><programme channel="292" start="20230101230000 +0000" stop="20230102050000 +0000" catchup-id="901054158"><title>Nick Music</title><date></date><icon src="https://images.tv.kpn.com/epg/3LuKGKDMRZXqLgmKzNFB9CNXlOqVAb9Cban3BWO7eOq9BE/1920x1080.jpg?blurred=false"></icon><desc>De leukste videoclips van de grootste artiesten, 24 uur per dag op Nick Music!</desc><category></category></programme><programme channel="292" start="20230102050000 +0000" stop="20230102110000 +0000" catchup-id="901054161"><title>Nick Music</title><date></date><icon src="https://images.tv.kpn.com/epg/XG3XVccTu9CGdQ8J29CksEWL9BsGBPkblbrAN0KdSiN5bs/1920x1080.jpg?blurred=false"></icon><desc>De leukste videoclips van de grootste artiesten, 24 uur per dag op Nick Music!</desc><category></category></programme><programme channel="292" start="20230102110000 +0000" stop="20230102170000 +0000" catchup-id="901054164"><title>Nick Music</title><date></date><icon src="https://images.tv.kpn.com/epg/3LuKGKDMRZXqLgmKzNFB9CNXlOqVAb9Cban3BWO7eOq9BE/1920x1080.jpg?blurred=false"></icon><desc>De leukste videoclips van de grootste artiesten, 24 uur per dag op Nick Music!</desc><category></category></programme><programme channel="292" start="20230102170000 +0000" stop="20230102230000 +0000" catchup-id="901054167"><title>Nick Music</title><date></date><icon src="https://images.tv.kpn.com/epg/XG3XVccTu9CGdQ8J29CksEWL9BsGBPkblbrAN0KdSiN5bs/1920x1080.jpg?blurred=false"></icon><desc>De leukste videoclips van de grootste artiesten, 24 uur per dag op Nick Music!</desc><category></category></programme><programme channel="292" start="20230102230000 +0000" stop="20230103050000 +0000" catchup-id="901095483"><title>Nick Music</title><date></date><icon src="https://images.tv.kpn.com/epg/3LuKGKDMRZXqLgmKzNFB9CNXlOqVAb9Cban3BWO7eOq9BE/1920x1080.jpg?blurred=false"></icon><desc>De leukste videoclips van de grootste artiesten, 24 uur per dag op Nick Music!</desc><category></category></programme><programme channel="292" start="20230103050000 +0000" stop="20230103110000 +0000" catchup-id="901095486"><title>Nick Music</title><date></date><icon src="https://images.tv.kpn.com/epg/XG3XVccTu9CGdQ8J29CksEWL9BsGBPkblbrAN0KdSiN5bs/1920x1080.jpg?blurred=false"></icon><desc>De leukste videoclips van de grootste artiesten, 24 uur per dag op Nick Music!</desc><category></category></programme><programme channel="292" start="20230103110000 +0000" stop="20230103170000 +0000" catchup-id="901095492"><title>Nick Music</title><date></date><icon src="https://images.tv.kpn.com/epg/3LuKGKDMRZXqLgmKzNFB9CNXlOqVAb9Cban3BWO7eOq9BE/1920x1080.jpg?blurred=false"></icon><desc>De leukste videoclips van de grootste artiesten, 24 uur per dag op Nick Music!</desc><category></category></programme><programme channel="292" start="20230103170000 +0000" stop="20230103230000 +0000" catchup-id="901095498"><title>Nick Music</title><date></date><icon src="https://images.tv.kpn.com/epg/XG3XVccTu9CGdQ8J29CksEWL9BsGBPkblbrAN0KdSiN5bs/1920x1080.jpg?blurred=false"></icon><desc>De leukste videoclips van de grootste artiesten, 24 uur per dag op Nick Music!</desc><category></category></programme><programme channel="292" start="20230103230000 +0000" stop="20230104050000 +0000" catchup-id="901141524"><title>Nick Music</title><date></date><icon src="https://images.tv.kpn.com/epg/3LuKGKDMRZXqLgmKzNFB9CNXlOqVAb9Cban3BWO7eOq9BE/1920x1080.jpg?blurred=false"></icon><desc>De leukste videoclips van de grootste artiesten, 24 uur per dag op Nick Music!</desc><category></category></programme><programme channel="292" start="20230104050000 +0000" stop="20230104110000 +0000" catchup-id="901141530"><title>Nick Music</title><date></date><icon src="https://images.tv.kpn.com/epg/XG3XVccTu9CGdQ8J29CksEWL9BsGBPkblbrAN0KdSiN5bs/1920x1080.jpg?blurred=false"></icon><desc>De leukste videoclips van de grootste artiesten, 24 uur per dag op Nick Music!</desc><category></category></programme><programme channel="292" start="20230104110000 +0000" stop="20230104170000 +0000" catchup-id="901141536"><title>Nick Music</title><date></date><icon src="https://images.tv.kpn.com/epg/3LuKGKDMRZXqLgmKzNFB9CNXlOqVAb9Cban3BWO7eOq9BE/1920x1080.jpg?blurred=false"></icon><desc>De leukste videoclips van de grootste artiesten, 24 uur per dag op Nick Music!</desc><category></category></programme><programme channel="292" start="20230104170000 +0000" stop="20230104230000 +0000" catchup-id="901141542"><title>Nick Music</title><date></date><icon src="https://images.tv.kpn.com/epg/XG3XVccTu9CGdQ8J29CksEWL9BsGBPkblbrAN0KdSiN5bs/1920x1080.jpg?blurred=false"></icon><desc>De leukste videoclips van de grootste artiesten, 24 uur per dag op Nick Music!</desc><category></category></programme><programme channel="292" start="20230104230000 +0000" stop="20230105050000 +0000" catchup-id="901187220"><title>Nick Music</title><date></date><icon src="https://images.tv.kpn.com/epg/3LuKGKDMRZXqLgmKzNFB9CNXlOqVAb9Cban3BWO7eOq9BE/1920x1080.jpg?blurred=false"></icon><desc>De leukste videoclips van de grootste artiesten, 24 uur per dag op Nick Music!</desc><category></category></programme><programme channel="292" start="20230105050000 +0000" stop="20230105110000 +0000" catchup-id="901187226"><title>Nick Music</title><date></date><icon src="https://images.tv.kpn.com/epg/XG3XVccTu9CGdQ8J29CksEWL9BsGBPkblbrAN0KdSiN5bs/1920x1080.jpg?blurred=false"></icon><desc>De leukste videoclips van de grootste artiesten, 24 uur per dag op Nick Music!</desc><category></category></programme><programme channel="292" start="20230105110000 +0000" stop="20230105170000 +0000" catchup-id="901187232"><title>Nick Music</title><date></date><icon src="https://images.tv.kpn.com/epg/3LuKGKDMRZXqLgmKzNFB9CNXlOqVAb9Cban3BWO7eOq9BE/1920x1080.jpg?blurred=false"></icon><desc>De leukste videoclips van de grootste artiesten, 24 uur per dag op Nick Music!</desc><category></category></programme><programme channel="292" start="20230105170000 +0000" stop="20230105230000 +0000" catchup-id="901187238"><title>Nick Music</title><date></date><icon src="https://images.tv.kpn.com/epg/XG3XVccTu9CGdQ8J29CksEWL9BsGBPkblbrAN0KdSiN5bs/1920x1080.jpg?blurred=false"></icon><desc>De leukste videoclips van de grootste artiesten, 24 uur per dag op Nick Music!</desc><category></category></programme><programme channel="292" start="20230105230000 +0000" stop="20230106050000 +0000" catchup-id="901233399"><title>Nick Music</title><date></date><icon src="https://images.tv.kpn.com/epg/3LuKGKDMRZXqLgmKzNFB9CNXlOqVAb9Cban3BWO7eOq9BE/1920x1080.jpg?blurred=false"></icon><desc>De leukste videoclips van de grootste artiesten, 24 uur per dag op Nick Music!</desc><category></category></programme><programme channel="292" start="20230106050000 +0000" stop="20230106110000 +0000" catchup-id="901233402"><title>Nick Music</title><date></date><icon src="https://images.tv.kpn.com/epg/XG3XVccTu9CGdQ8J29CksEWL9BsGBPkblbrAN0KdSiN5bs/1920x1080.jpg?blurred=false"></icon><desc>De leukste videoclips van de grootste artiesten, 24 uur per dag op Nick Music!</desc><category></category></programme><programme channel="292" start="20230106110000 +0000" stop="20230106170000 +0000" catchup-id="901233405"><title>Nick Music</title><date></date><icon src="https://images.tv.kpn.com/epg/3LuKGKDMRZXqLgmKzNFB9CNXlOqVAb9Cban3BWO7eOq9BE/1920x1080.jpg?blurred=false"></icon><desc>De leukste videoclips van de grootste artiesten, 24 uur per dag op Nick Music!</desc><category></category></programme><programme channel="292" start="20230106170000 +0000" stop="20230106230000 +0000" catchup-id="901233408"><title>Nick Music</title><date></date><icon src="https://images.tv.kpn.com/epg/XG3XVccTu9CGdQ8J29CksEWL9BsGBPkblbrAN0KdSiN5bs/1920x1080.jpg?blurred=false"></icon><desc>De leukste videoclips van de grootste artiesten, 24 uur per dag op Nick Music!</desc><category></category></programme><programme channel="292" start="20230106230000 +0000" stop="20230107050000 +0000" catchup-id="901278867"><title>Nick Music</title><date></date><icon src="https://images.tv.kpn.com/epg/3LuKGKDMRZXqLgmKzNFB9CNXlOqVAb9Cban3BWO7eOq9BE/1920x1080.jpg?blurred=false"></icon><desc>De leukste videoclips van de grootste artiesten, 24 uur per dag op Nick Music!</desc><category></category></programme><programme channel="292" start="20230107050000 +0000" stop="20230107110000 +0000" catchup-id="901278870"><title>Nick Music</title><date></date><icon src="https://images.tv.kpn.com/epg/XG3XVccTu9CGdQ8J29CksEWL9BsGBPkblbrAN0KdSiN5bs/1920x1080.jpg?blurred=false"></icon><desc>De leukste videoclips van de grootste artiesten, 24 uur per dag op Nick Music!</desc><category></category></programme><programme channel="292" start="20230107110000 +0000" stop="20230107170000 +0000" catchup-id="901278873"><title>Nick Music</title><date></date><icon src="https://images.tv.kpn.com/epg/3LuKGKDMRZXqLgmKzNFB9CNXlOqVAb9Cban3BWO7eOq9BE/1920x1080.jpg?blurred=false"></icon><desc>De leukste videoclips van de grootste artiesten, 24 uur per dag op Nick Music!</desc><category></category></programme><programme channel="292" start="20230107170000 +0000" stop="20230107230000 +0000" catchup-id="901278876"><title>Nick Music</title><date></date><icon src="https://images.tv.kpn.com/epg/XG3XVccTu9CGdQ8J29CksEWL9BsGBPkblbrAN0KdSiN5bs/1920x1080.jpg?blurred=false"></icon><desc>De leukste videoclips van de grootste artiesten, 24 uur per dag op Nick Music!</desc><category></category></programme><programme channel="292" start="20230107230000 +0000" stop="20230108050000 +0000" catchup-id="901322097"><title>Nick Music</title><date></date><icon src="https://images.tv.kpn.com/epg/3LuKGKDMRZXqLgmKzNFB9CNXlOqVAb9Cban3BWO7eOq9BE/1920x1080.jpg?blurred=false"></icon><desc>De leukste videoclips van de grootste artiesten, 24 uur per dag op Nick Music!</desc><category></category></programme><programme channel="292" start="20230108050000 +0000" stop="20230108110000 +0000" catchup-id="901322100"><title>Nick Music</title><date></date><icon src="https://images.tv.kpn.com/epg/XG3XVccTu9CGdQ8J29CksEWL9BsGBPkblbrAN0KdSiN5bs/1920x1080.jpg?blurred=false"></icon><desc>De leukste videoclips van de grootste artiesten, 24 uur per dag op Nick Music!</desc><category></category></programme><programme channel="292" start="20230108110000 +0000" stop="20230108170000 +0000" catchup-id="901322103"><title>Nick Music</title><date></date><icon src="https://images.tv.kpn.com/epg/3LuKGKDMRZXqLgmKzNFB9CNXlOqVAb9Cban3BWO7eOq9BE/1920x1080.jpg?blurred=false"></icon><desc>De leukste videoclips van de grootste artiesten, 24 uur per dag op Nick Music!</desc><category></category></programme><programme channel="292" start="20230108170000 +0000" stop="20230108230000 +0000" catchup-id="901322106"><title>Nick Music</title><date></date><icon src="https://images.tv.kpn.com/epg/XG3XVccTu9CGdQ8J29CksEWL9BsGBPkblbrAN0KdSiN5bs/1920x1080.jpg?blurred=false"></icon><desc>De leukste videoclips van de grootste artiesten, 24 uur per dag op Nick Music!</desc><category></category></programme><programme channel="292" start="20230108230000 +0000" stop="20230109050000 +0000" catchup-id="901363038"><title>Nick Music</title><date></date><icon src="https://images.tv.kpn.com/epg/3LuKGKDMRZXqLgmKzNFB9CNXlOqVAb9Cban3BWO7eOq9BE/1920x1080.jpg?blurred=false"></icon><desc>De leukste videoclips van de grootste artiesten, 24 uur per dag op Nick Music!</desc><category></category></programme><programme channel="292" start="20230109050000 +0000" stop="20230109110000 +0000" catchup-id="901363041"><title>Nick Music</title><date></date><icon src="https://images.tv.kpn.com/epg/XG3XVccTu9CGdQ8J29CksEWL9BsGBPkblbrAN0KdSiN5bs/1920x1080.jpg?blurred=false"></icon><desc>De leukste videoclips van de grootste artiesten, 24 uur per dag op Nick Music!</desc><category></category></programme><programme channel="292" start="20230109110000 +0000" stop="20230109170000 +0000" catchup-id="901363044"><title>Nick Music</title><date></date><icon src="https://images.tv.kpn.com/epg/3LuKGKDMRZXqLgmKzNFB9CNXlOqVAb9Cban3BWO7eOq9BE/1920x1080.jpg?blurred=false"></icon><desc>De leukste videoclips van de grootste artiesten, 24 uur per dag op Nick Music!</desc><category></category></programme><programme channel="292" start="20230109170000 +0000" stop="20230109230000 +0000" catchup-id="901363050"><title>Nick Music</title><date></date><icon src="https://images.tv.kpn.com/epg/XG3XVccTu9CGdQ8J29CksEWL9BsGBPkblbrAN0KdSiN5bs/1920x1080.jpg?blurred=false"></icon><desc>De leukste videoclips van de grootste artiesten, 24 uur per dag op Nick Music!</desc><category></category></programme><programme channel="292" start="20230109230000 +0000" stop="20230110050000 +0000" catchup-id="901408479"><title>Nick Music</title><date></date><icon src="https://images.tv.kpn.com/epg/3LuKGKDMRZXqLgmKzNFB9CNXlOqVAb9Cban3BWO7eOq9BE/1920x1080.jpg?blurred=false"></icon><desc>De leukste videoclips van de grootste artiesten, 24 uur per dag op Nick Music!</desc><category></category></programme><programme channel="292" start="20230110050000 +0000" stop="20230110110000 +0000" catchup-id="901408482"><title>Nick Music</title><date></date><icon src="https://images.tv.kpn.com/epg/XG3XVccTu9CGdQ8J29CksEWL9BsGBPkblbrAN0KdSiN5bs/1920x1080.jpg?blurred=false"></icon><desc>De leukste videoclips van de grootste artiesten, 24 uur per dag op Nick Music!</desc><category></category></programme><programme channel="292" start="20230110110000 +0000" stop="20230110170000 +0000" catchup-id="901408485"><title>Nick Music</title><date></date><icon src="https://images.tv.kpn.com/epg/3LuKGKDMRZXqLgmKzNFB9CNXlOqVAb9Cban3BWO7eOq9BE/1920x1080.jpg?blurred=false"></icon><desc>De leukste videoclips van de grootste artiesten, 24 uur per dag op Nick Music!</desc><category></category></programme><programme channel="292" start="20230110170000 +0000" stop="20230110230000 +0000" catchup-id="901408488"><title>Nick Music</title><date></date><icon src="https://images.tv.kpn.com/epg/XG3XVccTu9CGdQ8J29CksEWL9BsGBPkblbrAN0KdSiN5bs/1920x1080.jpg?blurred=false"></icon><desc>De leukste videoclips van de grootste artiesten, 24 uur per dag op Nick Music!</desc><category></category></programme><programme channel="292" start="20230110230000 +0000" stop="20230111050000 +0000" catchup-id="901458759"><title>Nick Music</title><date></date><icon src="https://images.tv.kpn.com/epg/3LuKGKDMRZXqLgmKzNFB9CNXlOqVAb9Cban3BWO7eOq9BE/1920x1080.jpg?blurred=false"></icon><desc>De leukste videoclips van de grootste artiesten, 24 uur per dag op Nick Music!</desc><category></category></programme><programme channel="292" start="20230111050000 +0000" stop="20230111110000 +0000" catchup-id="901458765"><title>Nick Music</title><date></date><icon src="https://images.tv.kpn.com/epg/XG3XVccTu9CGdQ8J29CksEWL9BsGBPkblbrAN0KdSiN5bs/1920x1080.jpg?blurred=false"></icon><desc>De leukste videoclips van de grootste artiesten, 24 uur per dag op Nick Music!</desc><category></category></programme><programme channel="292" start="20230111110000 +0000" stop="20230111170000 +0000" catchup-id="901458771"><title>Nick Music</title><date></date><icon src="https://images.tv.kpn.com/epg/3LuKGKDMRZXqLgmKzNFB9CNXlOqVAb9Cban3BWO7eOq9BE/1920x1080.jpg?blurred=false"></icon><desc>De leukste videoclips van de grootste artiesten, 24 uur per dag op Nick Music!</desc><category></category></programme><programme channel="292" start="20230111170000 +0000" stop="20230111230000 +0000" catchup-id="901458777"><title>Nick Music</title><date></date><icon src="https://images.tv.kpn.com/epg/XG3XVccTu9CGdQ8J29CksEWL9BsGBPkblbrAN0KdSiN5bs/1920x1080.jpg?blurred=false"></icon><desc>De leukste videoclips van de grootste artiesten, 24 uur per dag op Nick Music!</desc><category></category></programme><programme channel="292" start="20230111230000 +0000" stop="20230112050000 +0000" catchup-id="901511421"><title>Nick Music</title><date></date><icon src="https://images.tv.kpn.com/epg/3LuKGKDMRZXqLgmKzNFB9CNXlOqVAb9Cban3BWO7eOq9BE/1920x1080.jpg?blurred=false"></icon><desc>De leukste videoclips van de grootste artiesten, 24 uur per dag op Nick Music!</desc><category></category></programme><programme channel="292" start="20230112050000 +0000" stop="20230112110000 +0000" catchup-id="901511424"><title>Nick Music</title><date></date><icon src="https://images.tv.kpn.com/epg/XG3XVccTu9CGdQ8J29CksEWL9BsGBPkblbrAN0KdSiN5bs/1920x1080.jpg?blurred=false"></icon><desc>De leukste videoclips van de grootste artiesten, 24 uur per dag op Nick Music!</desc><category></category></programme><programme channel="292" start="20230112110000 +0000" stop="20230112170000 +0000" catchup-id="901511427"><title>Nick Music</title><date></date><icon src="https://images.tv.kpn.com/epg/3LuKGKDMRZXqLgmKzNFB9CNXlOqVAb9Cban3BWO7eOq9BE/1920x1080.jpg?blurred=false"></icon><desc>De leukste videoclips van de grootste artiesten, 24 uur per dag op Nick Music!</desc><category></category></programme>