<programme channel="2213" start="20221228230000 +0000" stop="20221229230000 +0000" catchup-id="900917469"><title>Programmabeschrijving niet beschikbaar</title><date></date><icon src="https://images.tv.kpn.com/epg/default/1920x1080.jpg?blurred=false"></icon><desc>Programmabeschrijving niet beschikbaar</desc><category></category></programme><programme channel="2213" start="20221229230000 +0000" stop="20221230230000 +0000" catchup-id="900960474"><title>Programmabeschrijving niet beschikbaar</title><date></date><icon src="https://images.tv.kpn.com/epg/default/1920x1080.jpg?blurred=false"></icon><desc>Programmabeschrijving niet beschikbaar</desc><category></category></programme><programme channel="2213" start="20221230230000 +0000" stop="20221231230000 +0000" catchup-id="901001346"><title>Programmabeschrijving niet beschikbaar</title><date></date><icon src="https://images.tv.kpn.com/epg/default/1920x1080.jpg?blurred=false"></icon><desc>Programmabeschrijving niet beschikbaar</desc><category></category></programme><programme channel="2213" start="20221231230000 +0000" stop="20230101230000 +0000" catchup-id="901041618"><title>Programmabeschrijving niet beschikbaar</title><date></date><icon src="https://images.tv.kpn.com/epg/default/1920x1080.jpg?blurred=false"></icon><desc>Programmabeschrijving niet beschikbaar</desc><category></category></programme><programme channel="2213" start="20230101230000 +0000" stop="20230102230000 +0000" catchup-id="901083249"><title>Programmabeschrijving niet beschikbaar</title><date></date><icon src="https://images.tv.kpn.com/epg/default/1920x1080.jpg?blurred=false"></icon><desc>Programmabeschrijving niet beschikbaar</desc><category></category></programme><programme channel="2213" start="20230102230000 +0000" stop="20230103230000 +0000" catchup-id="901128600"><title>Programmabeschrijving niet beschikbaar</title><date></date><icon src="https://images.tv.kpn.com/epg/default/1920x1080.jpg?blurred=false"></icon><desc>Programmabeschrijving niet beschikbaar</desc><category></category></programme><programme channel="2213" start="20230103230000 +0000" stop="20230104230000 +0000" catchup-id="901173432"><title>Programmabeschrijving niet beschikbaar</title><date></date><icon src="https://images.tv.kpn.com/epg/default/1920x1080.jpg?blurred=false"></icon><desc>Programmabeschrijving niet beschikbaar</desc><category></category></programme><programme channel="2213" start="20230104230000 +0000" stop="20230105230000 +0000" catchup-id="901220274"><title>Programmabeschrijving niet beschikbaar</title><date></date><icon src="https://images.tv.kpn.com/epg/default/1920x1080.jpg?blurred=false"></icon><desc>Programmabeschrijving niet beschikbaar</desc><category></category></programme><programme channel="2213" start="20230105230000 +0000" stop="20230106230000 +0000" catchup-id="901266954"><title>Programmabeschrijving niet beschikbaar</title><date></date><icon src="https://images.tv.kpn.com/epg/default/1920x1080.jpg?blurred=false"></icon><desc>Programmabeschrijving niet beschikbaar</desc><category></category></programme><programme channel="2213" start="20230106230000 +0000" stop="20230107230000 +0000" catchup-id="901310304"><title>Programmabeschrijving niet beschikbaar</title><date></date><icon src="https://images.tv.kpn.com/epg/default/1920x1080.jpg?blurred=false"></icon><desc>Programmabeschrijving niet beschikbaar</desc><category></category></programme><programme channel="2213" start="20230107230000 +0000" stop="20230108230000 +0000" catchup-id="901351197"><title>Programmabeschrijving niet beschikbaar</title><date></date><icon src="https://images.tv.kpn.com/epg/default/1920x1080.jpg?blurred=false"></icon><desc>Programmabeschrijving niet beschikbaar</desc><category></category></programme><programme channel="2213" start="20230108230000 +0000" stop="20230109230000 +0000" catchup-id="901396341"><title>Programmabeschrijving niet beschikbaar</title><date></date><icon src="https://images.tv.kpn.com/epg/default/1920x1080.jpg?blurred=false"></icon><desc>Programmabeschrijving niet beschikbaar</desc><category></category></programme><programme channel="2213" start="20230109230000 +0000" stop="20230110230000 +0000" catchup-id="901444824"><title>Programmabeschrijving niet beschikbaar</title><date></date><icon src="https://images.tv.kpn.com/epg/default/1920x1080.jpg?blurred=false"></icon><desc>Programmabeschrijving niet beschikbaar</desc><category></category></programme><programme channel="2213" start="20230110230000 +0000" stop="20230111230000 +0000" catchup-id="901498740"><title>Programmabeschrijving niet beschikbaar</title><date></date><icon src="https://images.tv.kpn.com/epg/default/1920x1080.jpg?blurred=false"></icon><desc>Programmabeschrijving niet beschikbaar</desc><category></category></programme>