<programme channel="2212" start="20221228230000 +0000" stop="20221229230000 +0000" catchup-id="900943872"><title>Programmabeschrijving niet beschikbaar</title><date></date><icon src="https://images.tv.kpn.com/epg/default/1920x1080.jpg?blurred=false"></icon><desc>Programmabeschrijving niet beschikbaar</desc><category></category></programme><programme channel="2212" start="20221229230000 +0000" stop="20221230230000 +0000" catchup-id="900986346"><title>Programmabeschrijving niet beschikbaar</title><date></date><icon src="https://images.tv.kpn.com/epg/default/1920x1080.jpg?blurred=false"></icon><desc>Programmabeschrijving niet beschikbaar</desc><category></category></programme><programme channel="2212" start="20221230230000 +0000" stop="20221231230000 +0000" catchup-id="901025874"><title>Programmabeschrijving niet beschikbaar</title><date></date><icon src="https://images.tv.kpn.com/epg/default/1920x1080.jpg?blurred=false"></icon><desc>Programmabeschrijving niet beschikbaar</desc><category></category></programme><programme channel="2212" start="20221231230000 +0000" stop="20230101230000 +0000" catchup-id="901066458"><title>Programmabeschrijving niet beschikbaar</title><date></date><icon src="https://images.tv.kpn.com/epg/default/1920x1080.jpg?blurred=false"></icon><desc>Programmabeschrijving niet beschikbaar</desc><category></category></programme><programme channel="2212" start="20230101230000 +0000" stop="20230102230000 +0000" catchup-id="901111092"><title>Programmabeschrijving niet beschikbaar</title><date></date><icon src="https://images.tv.kpn.com/epg/default/1920x1080.jpg?blurred=false"></icon><desc>Programmabeschrijving niet beschikbaar</desc><category></category></programme><programme channel="2212" start="20230102230000 +0000" stop="20230103230000 +0000" catchup-id="901155492"><title>Programmabeschrijving niet beschikbaar</title><date></date><icon src="https://images.tv.kpn.com/epg/default/1920x1080.jpg?blurred=false"></icon><desc>Programmabeschrijving niet beschikbaar</desc><category></category></programme><programme channel="2212" start="20230103230000 +0000" stop="20230104230000 +0000" catchup-id="901203534"><title>Programmabeschrijving niet beschikbaar</title><date></date><icon src="https://images.tv.kpn.com/epg/default/1920x1080.jpg?blurred=false"></icon><desc>Programmabeschrijving niet beschikbaar</desc><category></category></programme><programme channel="2212" start="20230104230000 +0000" stop="20230105230000 +0000" catchup-id="901247157"><title>Programmabeschrijving niet beschikbaar</title><date></date><icon src="https://images.tv.kpn.com/epg/default/1920x1080.jpg?blurred=false"></icon><desc>Programmabeschrijving niet beschikbaar</desc><category></category></programme><programme channel="2212" start="20230105230000 +0000" stop="20230106230000 +0000" catchup-id="901294200"><title>Programmabeschrijving niet beschikbaar</title><date></date><icon src="https://images.tv.kpn.com/epg/default/1920x1080.jpg?blurred=false"></icon><desc>Programmabeschrijving niet beschikbaar</desc><category></category></programme><programme channel="2212" start="20230106230000 +0000" stop="20230107230000 +0000" catchup-id="901334523"><title>Programmabeschrijving niet beschikbaar</title><date></date><icon src="https://images.tv.kpn.com/epg/default/1920x1080.jpg?blurred=false"></icon><desc>Programmabeschrijving niet beschikbaar</desc><category></category></programme><programme channel="2212" start="20230107230000 +0000" stop="20230108230000 +0000" catchup-id="901376229"><title>Programmabeschrijving niet beschikbaar</title><date></date><icon src="https://images.tv.kpn.com/epg/default/1920x1080.jpg?blurred=false"></icon><desc>Programmabeschrijving niet beschikbaar</desc><category></category></programme><programme channel="2212" start="20230108230000 +0000" stop="20230109230000 +0000" catchup-id="901422240"><title>Programmabeschrijving niet beschikbaar</title><date></date><icon src="https://images.tv.kpn.com/epg/default/1920x1080.jpg?blurred=false"></icon><desc>Programmabeschrijving niet beschikbaar</desc><category></category></programme><programme channel="2212" start="20230109230000 +0000" stop="20230110230000 +0000" catchup-id="901473609"><title>Programmabeschrijving niet beschikbaar</title><date></date><icon src="https://images.tv.kpn.com/epg/default/1920x1080.jpg?blurred=false"></icon><desc>Programmabeschrijving niet beschikbaar</desc><category></category></programme><programme channel="2212" start="20230110230000 +0000" stop="20230111230000 +0000" catchup-id="901527255"><title>Programmabeschrijving niet beschikbaar</title><date></date><icon src="https://images.tv.kpn.com/epg/default/1920x1080.jpg?blurred=false"></icon><desc>Programmabeschrijving niet beschikbaar</desc><category></category></programme>