<programme channel="3044" start="20221229003000 +0000" stop="20221229013000 +0000" catchup-id="900899262"><title>The Wild Show</title><date></date><icon src="https://images.tv.kpn.com/epg/YByUc5A9CRlFRBYmEvGuoIZF4ST0NC5XAuH6sIoCLRRM/1920x1080.jpg?blurred=false"></icon><desc>Join host and expert naturalist James Hendry as he takes us on a journey into the wild looking at the best WildEarth animal encounters from over the years.</desc><category></category></programme><programme channel="3044" start="20221229013000 +0000" stop="20221229023000 +0000" catchup-id="900899265"><title>The Wild Show</title><date></date><icon src="https://images.tv.kpn.com/epg/YByUc5A9CRlFRBYmEvGuoIZF4ST0NC5XAuH6sIoCLRRM/1920x1080.jpg?blurred=false"></icon><desc>Join host and expert naturalist James Hendry as he takes us on a journey into the wild looking at the best WildEarth animal encounters from over the years.</desc><category></category></programme><programme channel="3044" start="20221229023000 +0000" stop="20221229033000 +0000" catchup-id="900899268"><title>The Wild Show</title><date></date><icon src="https://images.tv.kpn.com/epg/YByUc5A9CRlFRBYmEvGuoIZF4ST0NC5XAuH6sIoCLRRM/1920x1080.jpg?blurred=false"></icon><desc>Join host and expert naturalist James Hendry as he takes us on a journey into the wild looking at the best WildEarth animal encounters from over the years.</desc><category></category></programme><programme channel="3044" start="20221229033000 +0000" stop="20221229063000 +0000" catchup-id="900899271"><title>Thursday SafariLIVE Sunrise</title><date></date><icon src="https://images.tv.kpn.com/epg/KLC9CBKetKLtZknVY2YwPY9ClgVf9Bq3sXNRTDRI645adA/1920x1080.jpg?blurred=false"></icon><desc>Jump on board a real LIVE safari from Africa as the sun is rising. Follow and interact with the real life stories of some of Africa’s most iconic animals.</desc><category></category></programme><programme channel="3044" start="20221229063000 +0000" stop="20221229093000 +0000" catchup-id="900899274"><title>Escape to Nature</title><date></date><icon src="https://images.tv.kpn.com/epg/zXr4jkKtYGDA6JRkvZP719BU23g0itx438mF4hNGY9BSU/1920x1080.jpg?blurred=false"></icon><desc>A relaxing show that allows you to escape to nature by immersing yourself in the sights and sounds of the wilderness.</desc><category></category></programme><programme channel="3044" start="20221229093000 +0000" stop="20221229123000 +0000" catchup-id="900899277"><title>Escape to Nature</title><date></date><icon src="https://images.tv.kpn.com/epg/zXr4jkKtYGDA6JRkvZP719BU23g0itx438mF4hNGY9BSU/1920x1080.jpg?blurred=false"></icon><desc>A relaxing show that allows you to escape to nature by immersing yourself in the sights and sounds of the wilderness.</desc><category></category></programme><programme channel="3044" start="20221229123000 +0000" stop="20221229133000 +0000" catchup-id="900899280"><title>Penguin Beach</title><date></date><icon src="https://images.tv.kpn.com/epg/MSH5bfdwNINL7OOmal8KaPNl1YlJKhDKA0Fw9BYMcvis/1920x1080.jpg?blurred=false"></icon><desc>A real-time look at the unfolding story of a group of wild penguins who live on a beach in South Africa. Completely LIVE, you can interact with an expert to find out more.</desc><category></category></programme><programme channel="3044" start="20221229133000 +0000" stop="20221229173000 +0000" catchup-id="900899283"><title>Thursday SafariLIVE Sunset</title><date></date><icon src="https://images.tv.kpn.com/epg/8DRF9CrIQM1Oy61w9BpDGBwVSU0IpsjIE83ucnnc8DotA/1920x1080.jpg?blurred=false"></icon><desc>Join an safari LIVE and ask the guide questions in real time. As the sun goes down the wild cats wake up and go on the hunt. All completely LIVE and unscripted.</desc><category></category></programme><programme channel="3044" start="20221229173000 +0000" stop="20221229183000 +0000" catchup-id="900899286"><title>The Wild Show</title><date></date><icon src="https://images.tv.kpn.com/epg/YByUc5A9CRlFRBYmEvGuoIZF4ST0NC5XAuH6sIoCLRRM/1920x1080.jpg?blurred=false"></icon><desc>Join host and expert naturalist James Hendry as he takes us on a journey into the wild looking at the best WildEarth animal encounters from over the years.</desc><category></category></programme><programme channel="3044" start="20221229183000 +0000" stop="20221229193000 +0000" catchup-id="900899289"><title>The Wild Show</title><date></date><icon src="https://images.tv.kpn.com/epg/YByUc5A9CRlFRBYmEvGuoIZF4ST0NC5XAuH6sIoCLRRM/1920x1080.jpg?blurred=false"></icon><desc>Join host and expert naturalist James Hendry as he takes us on a journey into the wild looking at the best WildEarth animal encounters from over the years.</desc><category></category></programme><programme channel="3044" start="20221229193000 +0000" stop="20221229203000 +0000" catchup-id="900899292"><title>The Wild Show</title><date></date><icon src="https://images.tv.kpn.com/epg/YByUc5A9CRlFRBYmEvGuoIZF4ST0NC5XAuH6sIoCLRRM/1920x1080.jpg?blurred=false"></icon><desc>Join host and expert naturalist James Hendry as he takes us on a journey into the wild looking at the best WildEarth animal encounters from over the years.</desc><category></category></programme><programme channel="3044" start="20221229203000 +0000" stop="20221230003000 +0000" catchup-id="900899295"><title>Thursday SafariLIVE Sunset REPEAT</title><date></date><icon src="https://images.tv.kpn.com/epg/8DRF9CrIQM1Oy61w9BpDGBwVSU0IpsjIE83ucnnc8DotA/1920x1080.jpg?blurred=false"></icon><desc>If you missed the LIVE show then catch up with your sunset safari here.</desc><category></category></programme><programme channel="3044" start="20221230003000 +0000" stop="20221230013000 +0000" catchup-id="900942918"><title>The Wild Show</title><date></date><icon src="https://images.tv.kpn.com/epg/YByUc5A9CRlFRBYmEvGuoIZF4ST0NC5XAuH6sIoCLRRM/1920x1080.jpg?blurred=false"></icon><desc>Join host and expert naturalist James Hendry as he takes us on a journey into the wild looking at the best WildEarth animal encounters from over the years.</desc><category></category></programme><programme channel="3044" start="20221230013000 +0000" stop="20221230023000 +0000" catchup-id="900942921"><title>The Wild Show</title><date></date><icon src="https://images.tv.kpn.com/epg/YByUc5A9CRlFRBYmEvGuoIZF4ST0NC5XAuH6sIoCLRRM/1920x1080.jpg?blurred=false"></icon><desc>Join host and expert naturalist James Hendry as he takes us on a journey into the wild looking at the best WildEarth animal encounters from over the years.</desc><category></category></programme><programme channel="3044" start="20221230023000 +0000" stop="20221230033000 +0000" catchup-id="900942924"><title>The Wild Show</title><date></date><icon src="https://images.tv.kpn.com/epg/YByUc5A9CRlFRBYmEvGuoIZF4ST0NC5XAuH6sIoCLRRM/1920x1080.jpg?blurred=false"></icon><desc>Join host and expert naturalist James Hendry as he takes us on a journey into the wild looking at the best WildEarth animal encounters from over the years.</desc><category></category></programme><programme channel="3044" start="20221230033000 +0000" stop="20221230063000 +0000" catchup-id="900942927"><title>Friday SafariLIVE Sunrise</title><date></date><icon src="https://images.tv.kpn.com/epg/KLC9CBKetKLtZknVY2YwPY9ClgVf9Bq3sXNRTDRI645adA/1920x1080.jpg?blurred=false"></icon><desc>Jump on board a real LIVE safari from Africa as the sun is rising. Follow and interact with the real life stories of some of Africa’s most iconic animals.</desc><category></category></programme><programme channel="3044" start="20221230063000 +0000" stop="20221230093000 +0000" catchup-id="900942930"><title>Escape to Nature</title><date></date><icon src="https://images.tv.kpn.com/epg/zXr4jkKtYGDA6JRkvZP719BU23g0itx438mF4hNGY9BSU/1920x1080.jpg?blurred=false"></icon><desc>A relaxing show that allows you to escape to nature by immersing yourself in the sights and sounds of the wilderness.</desc><category></category></programme><programme channel="3044" start="20221230093000 +0000" stop="20221230123000 +0000" catchup-id="900942933"><title>Escape to Nature</title><date></date><icon src="https://images.tv.kpn.com/epg/zXr4jkKtYGDA6JRkvZP719BU23g0itx438mF4hNGY9BSU/1920x1080.jpg?blurred=false"></icon><desc>A relaxing show that allows you to escape to nature by immersing yourself in the sights and sounds of the wilderness.</desc><category></category></programme><programme channel="3044" start="20221230123000 +0000" stop="20221230133000 +0000" catchup-id="900942936"><title>Penguin Beach</title><date></date><icon src="https://images.tv.kpn.com/epg/MSH5bfdwNINL7OOmal8KaPNl1YlJKhDKA0Fw9BYMcvis/1920x1080.jpg?blurred=false"></icon><desc>A real-time look at the unfolding story of a group of wild penguins who live on a beach in South Africa. Completely LIVE, you can interact with an expert to find out more.</desc><category></category></programme><programme channel="3044" start="20221230133000 +0000" stop="20221230173000 +0000" catchup-id="900942939"><title>Friday SafariLIVE Sunset</title><date></date><icon src="https://images.tv.kpn.com/epg/8DRF9CrIQM1Oy61w9BpDGBwVSU0IpsjIE83ucnnc8DotA/1920x1080.jpg?blurred=false"></icon><desc>Join an safari LIVE and ask the guide questions in real time. As the sun goes down the wild cats wake up and go on the hunt. All completely LIVE and unscripted.</desc><category></category></programme><programme channel="3044" start="20221230173000 +0000" stop="20221230183000 +0000" catchup-id="900942942"><title>The Wild Show</title><date></date><icon src="https://images.tv.kpn.com/epg/YByUc5A9CRlFRBYmEvGuoIZF4ST0NC5XAuH6sIoCLRRM/1920x1080.jpg?blurred=false"></icon><desc>Join host and expert naturalist James Hendry as he takes us on a journey into the wild looking at the best WildEarth animal encounters from over the years.</desc><category></category></programme><programme channel="3044" start="20221230183000 +0000" stop="20221230193000 +0000" catchup-id="900942945"><title>The Wild Show</title><date></date><icon src="https://images.tv.kpn.com/epg/YByUc5A9CRlFRBYmEvGuoIZF4ST0NC5XAuH6sIoCLRRM/1920x1080.jpg?blurred=false"></icon><desc>Join host and expert naturalist James Hendry as he takes us on a journey into the wild looking at the best WildEarth animal encounters from over the years.</desc><category></category></programme><programme channel="3044" start="20221230193000 +0000" stop="20221230203000 +0000" catchup-id="900942948"><title>The Wild Show</title><date></date><icon src="https://images.tv.kpn.com/epg/YByUc5A9CRlFRBYmEvGuoIZF4ST0NC5XAuH6sIoCLRRM/1920x1080.jpg?blurred=false"></icon><desc>Join host and expert naturalist James Hendry as he takes us on a journey into the wild looking at the best WildEarth animal encounters from over the years.</desc><category></category></programme><programme channel="3044" start="20221230203000 +0000" stop="20221231003000 +0000" catchup-id="900942951"><title>Friday SafariLIVE Sunset REPEAT</title><date></date><icon src="https://images.tv.kpn.com/epg/8DRF9CrIQM1Oy61w9BpDGBwVSU0IpsjIE83ucnnc8DotA/1920x1080.jpg?blurred=false"></icon><desc>If you missed the LIVE show then catch up with your sunset safari here.</desc><category></category></programme><programme channel="3044" start="20221231003000 +0000" stop="20221231013000 +0000" catchup-id="900985119"><title>The Wild Show</title><date></date><icon src="https://images.tv.kpn.com/epg/YByUc5A9CRlFRBYmEvGuoIZF4ST0NC5XAuH6sIoCLRRM/1920x1080.jpg?blurred=false"></icon><desc>Join host and expert naturalist James Hendry as he takes us on a journey into the wild looking at the best WildEarth animal encounters from over the years.</desc><category></category></programme><programme channel="3044" start="20221231013000 +0000" stop="20221231023000 +0000" catchup-id="900985122"><title>The Wild Show</title><date></date><icon src="https://images.tv.kpn.com/epg/YByUc5A9CRlFRBYmEvGuoIZF4ST0NC5XAuH6sIoCLRRM/1920x1080.jpg?blurred=false"></icon><desc>Join host and expert naturalist James Hendry as he takes us on a journey into the wild looking at the best WildEarth animal encounters from over the years.</desc><category></category></programme><programme channel="3044" start="20221231023000 +0000" stop="20221231033000 +0000" catchup-id="900985125"><title>The Wild Show</title><date></date><icon src="https://images.tv.kpn.com/epg/YByUc5A9CRlFRBYmEvGuoIZF4ST0NC5XAuH6sIoCLRRM/1920x1080.jpg?blurred=false"></icon><desc>Join host and expert naturalist James Hendry as he takes us on a journey into the wild looking at the best WildEarth animal encounters from over the years.</desc><category></category></programme><programme channel="3044" start="20221231033000 +0000" stop="20221231063000 +0000" catchup-id="900985128"><title>Saturday SafariLIVE Sunrise</title><date></date><icon src="https://images.tv.kpn.com/epg/KLC9CBKetKLtZknVY2YwPY9ClgVf9Bq3sXNRTDRI645adA/1920x1080.jpg?blurred=false"></icon><desc>Jump on board a real LIVE safari from Africa as the sun is rising. Follow and interact with the real life stories of some of Africa’s most iconic animals.</desc><category></category></programme><programme channel="3044" start="20221231063000 +0000" stop="20221231093000 +0000" catchup-id="900985131"><title>Escape to Nature</title><date></date><icon src="https://images.tv.kpn.com/epg/zXr4jkKtYGDA6JRkvZP719BU23g0itx438mF4hNGY9BSU/1920x1080.jpg?blurred=false"></icon><desc>A relaxing show that allows you to escape to nature by immersing yourself in the sights and sounds of the wilderness.</desc><category></category></programme><programme channel="3044" start="20221231093000 +0000" stop="20221231123000 +0000" catchup-id="900985134"><title>Escape to Nature</title><date></date><icon src="https://images.tv.kpn.com/epg/zXr4jkKtYGDA6JRkvZP719BU23g0itx438mF4hNGY9BSU/1920x1080.jpg?blurred=false"></icon><desc>A relaxing show that allows you to escape to nature by immersing yourself in the sights and sounds of the wilderness.</desc><category></category></programme><programme channel="3044" start="20221231123000 +0000" stop="20221231133000 +0000" catchup-id="900985137"><title>Penguin Beach</title><date></date><icon src="https://images.tv.kpn.com/epg/MSH5bfdwNINL7OOmal8KaPNl1YlJKhDKA0Fw9BYMcvis/1920x1080.jpg?blurred=false"></icon><desc>A real-time look at the unfolding story of a group of wild penguins who live on a beach in South Africa. Completely LIVE, you can interact with an expert to find out more.</desc><category></category></programme><programme channel="3044" start="20221231133000 +0000" stop="20221231173000 +0000" catchup-id="900985140"><title>Saturday SafariLIVE Sunset</title><date></date><icon src="https://images.tv.kpn.com/epg/8DRF9CrIQM1Oy61w9BpDGBwVSU0IpsjIE83ucnnc8DotA/1920x1080.jpg?blurred=false"></icon><desc>Join an safari LIVE and ask the guide questions in real time. As the sun goes down the wild cats wake up and go on the hunt. All completely LIVE and unscripted.</desc><category></category></programme><programme channel="3044" start="20221231173000 +0000" stop="20221231183000 +0000" catchup-id="900985143"><title>The Wild Show</title><date></date><icon src="https://images.tv.kpn.com/epg/YByUc5A9CRlFRBYmEvGuoIZF4ST0NC5XAuH6sIoCLRRM/1920x1080.jpg?blurred=false"></icon><desc>Join host and expert naturalist James Hendry as he takes us on a journey into the wild looking at the best WildEarth animal encounters from over the years.</desc><category></category></programme><programme channel="3044" start="20221231183000 +0000" stop="20221231193000 +0000" catchup-id="900985146"><title>The Wild Show</title><date></date><icon src="https://images.tv.kpn.com/epg/YByUc5A9CRlFRBYmEvGuoIZF4ST0NC5XAuH6sIoCLRRM/1920x1080.jpg?blurred=false"></icon><desc>Join host and expert naturalist James Hendry as he takes us on a journey into the wild looking at the best WildEarth animal encounters from over the years.</desc><category></category></programme><programme channel="3044" start="20221231193000 +0000" stop="20221231203000 +0000" catchup-id="900985149"><title>The Wild Show</title><date></date><icon src="https://images.tv.kpn.com/epg/YByUc5A9CRlFRBYmEvGuoIZF4ST0NC5XAuH6sIoCLRRM/1920x1080.jpg?blurred=false"></icon><desc>Join host and expert naturalist James Hendry as he takes us on a journey into the wild looking at the best WildEarth animal encounters from over the years.</desc><category></category></programme><programme channel="3044" start="20221231203000 +0000" stop="20230101003000 +0000" catchup-id="900985152"><title>Saturday SafariLIVE Sunset REPEAT</title><date></date><icon src="https://images.tv.kpn.com/epg/8DRF9CrIQM1Oy61w9BpDGBwVSU0IpsjIE83ucnnc8DotA/1920x1080.jpg?blurred=false"></icon><desc>If you missed the LIVE show then catch up with your sunset safari here.</desc><category></category></programme><programme channel="3044" start="20230101003000 +0000" stop="20230101013000 +0000" catchup-id="901025037"><title>The Wild Show</title><date></date><icon src="https://images.tv.kpn.com/epg/YByUc5A9CRlFRBYmEvGuoIZF4ST0NC5XAuH6sIoCLRRM/1920x1080.jpg?blurred=false"></icon><desc>Join host and expert naturalist James Hendry as he takes us on a journey into the wild looking at the best WildEarth animal encounters from over the years.</desc><category></category></programme><programme channel="3044" start="20230101013000 +0000" stop="20230101023000 +0000" catchup-id="901025040"><title>The Wild Show</title><date></date><icon src="https://images.tv.kpn.com/epg/YByUc5A9CRlFRBYmEvGuoIZF4ST0NC5XAuH6sIoCLRRM/1920x1080.jpg?blurred=false"></icon><desc>Join host and expert naturalist James Hendry as he takes us on a journey into the wild looking at the best WildEarth animal encounters from over the years.</desc><category></category></programme><programme channel="3044" start="20230101023000 +0000" stop="20230101033000 +0000" catchup-id="901025043"><title>The Wild Show</title><date></date><icon src="https://images.tv.kpn.com/epg/YByUc5A9CRlFRBYmEvGuoIZF4ST0NC5XAuH6sIoCLRRM/1920x1080.jpg?blurred=false"></icon><desc>Join host and expert naturalist James Hendry as he takes us on a journey into the wild looking at the best WildEarth animal encounters from over the years.</desc><category></category></programme><programme channel="3044" start="20230101033000 +0000" stop="20230101063000 +0000" catchup-id="901025046"><title>Sunday SafariLIVE Sunrise</title><date></date><icon src="https://images.tv.kpn.com/epg/KLC9CBKetKLtZknVY2YwPY9ClgVf9Bq3sXNRTDRI645adA/1920x1080.jpg?blurred=false"></icon><desc>Jump on board a real LIVE safari from Africa as the sun is rising. Follow and interact with the real life stories of some of Africa’s most iconic animals.</desc><category></category></programme><programme channel="3044" start="20230101063000 +0000" stop="20230101093000 +0000" catchup-id="901025049"><title>Escape to Nature</title><date></date><icon src="https://images.tv.kpn.com/epg/zXr4jkKtYGDA6JRkvZP719BU23g0itx438mF4hNGY9BSU/1920x1080.jpg?blurred=false"></icon><desc>A relaxing show that allows you to escape to nature by immersing yourself in the sights and sounds of the wilderness.</desc><category></category></programme><programme channel="3044" start="20230101093000 +0000" stop="20230101123000 +0000" catchup-id="901025052"><title>Escape to Nature</title><date></date><icon src="https://images.tv.kpn.com/epg/zXr4jkKtYGDA6JRkvZP719BU23g0itx438mF4hNGY9BSU/1920x1080.jpg?blurred=false"></icon><desc>A relaxing show that allows you to escape to nature by immersing yourself in the sights and sounds of the wilderness.</desc><category></category></programme><programme channel="3044" start="20230101123000 +0000" stop="20230101133000 +0000" catchup-id="901025055"><title>Penguin Beach</title><date></date><icon src="https://images.tv.kpn.com/epg/MSH5bfdwNINL7OOmal8KaPNl1YlJKhDKA0Fw9BYMcvis/1920x1080.jpg?blurred=false"></icon><desc>A real-time look at the unfolding story of a group of wild penguins who live on a beach in South Africa. Completely LIVE, you can interact with an expert to find out more.</desc><category></category></programme><programme channel="3044" start="20230101133000 +0000" stop="20230101173000 +0000" catchup-id="901025058"><title>Sunday SafariLIVE Sunset</title><date></date><icon src="https://images.tv.kpn.com/epg/8DRF9CrIQM1Oy61w9BpDGBwVSU0IpsjIE83ucnnc8DotA/1920x1080.jpg?blurred=false"></icon><desc>Join an safari LIVE and ask the guide questions in real time. As the sun goes down the wild cats wake up and go on the hunt. All completely LIVE and unscripted.</desc><category></category></programme><programme channel="3044" start="20230101173000 +0000" stop="20230101183000 +0000" catchup-id="901025061"><title>The Wild Show</title><date></date><icon src="https://images.tv.kpn.com/epg/YByUc5A9CRlFRBYmEvGuoIZF4ST0NC5XAuH6sIoCLRRM/1920x1080.jpg?blurred=false"></icon><desc>Join host and expert naturalist James Hendry as he takes us on a journey into the wild looking at the best WildEarth animal encounters from over the years.</desc><category></category></programme><programme channel="3044" start="20230101183000 +0000" stop="20230101193000 +0000" catchup-id="901025064"><title>The Wild Show</title><date></date><icon src="https://images.tv.kpn.com/epg/YByUc5A9CRlFRBYmEvGuoIZF4ST0NC5XAuH6sIoCLRRM/1920x1080.jpg?blurred=false"></icon><desc>Join host and expert naturalist James Hendry as he takes us on a journey into the wild looking at the best WildEarth animal encounters from over the years.</desc><category></category></programme><programme channel="3044" start="20230101193000 +0000" stop="20230101203000 +0000" catchup-id="901025067"><title>The Wild Show</title><date></date><icon src="https://images.tv.kpn.com/epg/YByUc5A9CRlFRBYmEvGuoIZF4ST0NC5XAuH6sIoCLRRM/1920x1080.jpg?blurred=false"></icon><desc>Join host and expert naturalist James Hendry as he takes us on a journey into the wild looking at the best WildEarth animal encounters from over the years.</desc><category></category></programme><programme channel="3044" start="20230101203000 +0000" stop="20230102003000 +0000" catchup-id="901025070"><title>Sunday SafariLIVE Sunset REPEAT</title><date></date><icon src="https://images.tv.kpn.com/epg/8DRF9CrIQM1Oy61w9BpDGBwVSU0IpsjIE83ucnnc8DotA/1920x1080.jpg?blurred=false"></icon><desc>If you missed the LIVE show then catch up with your sunset safari here.</desc><category></category></programme><programme channel="3044" start="20230102003000 +0000" stop="20230102013000 +0000" catchup-id="901065552"><title>The Wild Show</title><date></date><icon src="https://images.tv.kpn.com/epg/YByUc5A9CRlFRBYmEvGuoIZF4ST0NC5XAuH6sIoCLRRM/1920x1080.jpg?blurred=false"></icon><desc>Join host and expert naturalist James Hendry as he takes us on a journey into the wild looking at the best WildEarth animal encounters from over the years.</desc><category></category></programme><programme channel="3044" start="20230102013000 +0000" stop="20230102023000 +0000" catchup-id="901065555"><title>The Wild Show</title><date></date><icon src="https://images.tv.kpn.com/epg/YByUc5A9CRlFRBYmEvGuoIZF4ST0NC5XAuH6sIoCLRRM/1920x1080.jpg?blurred=false"></icon><desc>Join host and expert naturalist James Hendry as he takes us on a journey into the wild looking at the best WildEarth animal encounters from over the years.</desc><category></category></programme><programme channel="3044" start="20230102023000 +0000" stop="20230102033000 +0000" catchup-id="901065558"><title>The Wild Show</title><date></date><icon src="https://images.tv.kpn.com/epg/YByUc5A9CRlFRBYmEvGuoIZF4ST0NC5XAuH6sIoCLRRM/1920x1080.jpg?blurred=false"></icon><desc>Join host and expert naturalist James Hendry as he takes us on a journey into the wild looking at the best WildEarth animal encounters from over the years.</desc><category></category></programme><programme channel="3044" start="20230102033000 +0000" stop="20230102063000 +0000" catchup-id="901065561"><title>Monday SafariLIVE Sunrise</title><date></date><icon src="https://images.tv.kpn.com/epg/KLC9CBKetKLtZknVY2YwPY9ClgVf9Bq3sXNRTDRI645adA/1920x1080.jpg?blurred=false"></icon><desc>Jump on board a real LIVE safari from Africa as the sun is rising. Follow and interact with the real life stories of some of Africa’s most iconic animals.</desc><category></category></programme><programme channel="3044" start="20230102063000 +0000" stop="20230102093000 +0000" catchup-id="901065564"><title>Escape to Nature</title><date></date><icon src="https://images.tv.kpn.com/epg/zXr4jkKtYGDA6JRkvZP719BU23g0itx438mF4hNGY9BSU/1920x1080.jpg?blurred=false"></icon><desc>A relaxing show that allows you to escape to nature by immersing yourself in the sights and sounds of the wilderness.</desc><category></category></programme><programme channel="3044" start="20230102093000 +0000" stop="20230102123000 +0000" catchup-id="901065567"><title>Escape to Nature</title><date></date><icon src="https://images.tv.kpn.com/epg/zXr4jkKtYGDA6JRkvZP719BU23g0itx438mF4hNGY9BSU/1920x1080.jpg?blurred=false"></icon><desc>A relaxing show that allows you to escape to nature by immersing yourself in the sights and sounds of the wilderness.</desc><category></category></programme><programme channel="3044" start="20230102123000 +0000" stop="20230102133000 +0000" catchup-id="901065570"><title>Penguin Beach</title><date></date><icon src="https://images.tv.kpn.com/epg/MSH5bfdwNINL7OOmal8KaPNl1YlJKhDKA0Fw9BYMcvis/1920x1080.jpg?blurred=false"></icon><desc>A real-time look at the unfolding story of a group of wild penguins who live on a beach in South Africa. Completely LIVE, you can interact with an expert to find out more.</desc><category></category></programme><programme channel="3044" start="20230102133000 +0000" stop="20230102173000 +0000" catchup-id="901065573"><title>Monday SafariLIVE Sunset</title><date></date><icon src="https://images.tv.kpn.com/epg/8DRF9CrIQM1Oy61w9BpDGBwVSU0IpsjIE83ucnnc8DotA/1920x1080.jpg?blurred=false"></icon><desc>Join an safari LIVE and ask the guide questions in real time. As the sun goes down the wild cats wake up and go on the hunt. All completely LIVE and unscripted.</desc><category></category></programme><programme channel="3044" start="20230102173000 +0000" stop="20230102183000 +0000" catchup-id="901065576"><title>The Wild Show</title><date></date><icon src="https://images.tv.kpn.com/epg/YByUc5A9CRlFRBYmEvGuoIZF4ST0NC5XAuH6sIoCLRRM/1920x1080.jpg?blurred=false"></icon><desc>Join host and expert naturalist James Hendry as he takes us on a journey into the wild looking at the best WildEarth animal encounters from over the years.</desc><category></category></programme><programme channel="3044" start="20230102183000 +0000" stop="20230102193000 +0000" catchup-id="901065579"><title>The Wild Show</title><date></date><icon src="https://images.tv.kpn.com/epg/YByUc5A9CRlFRBYmEvGuoIZF4ST0NC5XAuH6sIoCLRRM/1920x1080.jpg?blurred=false"></icon><desc>Join host and expert naturalist James Hendry as he takes us on a journey into the wild looking at the best WildEarth animal encounters from over the years.</desc><category></category></programme><programme channel="3044" start="20230102193000 +0000" stop="20230102203000 +0000" catchup-id="901065582"><title>The Wild Show</title><date></date><icon src="https://images.tv.kpn.com/epg/YByUc5A9CRlFRBYmEvGuoIZF4ST0NC5XAuH6sIoCLRRM/1920x1080.jpg?blurred=false"></icon><desc>Join host and expert naturalist James Hendry as he takes us on a journey into the wild looking at the best WildEarth animal encounters from over the years.</desc><category></category></programme><programme channel="3044" start="20230102203000 +0000" stop="20230103003000 +0000" catchup-id="901065585"><title>Monday SafariLIVE Sunset REPEAT</title><date></date><icon src="https://images.tv.kpn.com/epg/8DRF9CrIQM1Oy61w9BpDGBwVSU0IpsjIE83ucnnc8DotA/1920x1080.jpg?blurred=false"></icon><desc>If you missed the LIVE show then catch up with your sunset safari here.</desc><category></category></programme><programme channel="3044" start="20230103003000 +0000" stop="20230103013000 +0000" catchup-id="901110555"><title>The Wild Show</title><date></date><icon src="https://images.tv.kpn.com/epg/YByUc5A9CRlFRBYmEvGuoIZF4ST0NC5XAuH6sIoCLRRM/1920x1080.jpg?blurred=false"></icon><desc>Join host and expert naturalist James Hendry as he takes us on a journey into the wild looking at the best WildEarth animal encounters from over the years.</desc><category></category></programme><programme channel="3044" start="20230103013000 +0000" stop="20230103023000 +0000" catchup-id="901110558"><title>The Wild Show</title><date></date><icon src="https://images.tv.kpn.com/epg/YByUc5A9CRlFRBYmEvGuoIZF4ST0NC5XAuH6sIoCLRRM/1920x1080.jpg?blurred=false"></icon><desc>Join host and expert naturalist James Hendry as he takes us on a journey into the wild looking at the best WildEarth animal encounters from over the years.</desc><category></category></programme><programme channel="3044" start="20230103023000 +0000" stop="20230103033000 +0000" catchup-id="901110561"><title>The Wild Show</title><date></date><icon src="https://images.tv.kpn.com/epg/YByUc5A9CRlFRBYmEvGuoIZF4ST0NC5XAuH6sIoCLRRM/1920x1080.jpg?blurred=false"></icon><desc>Join host and expert naturalist James Hendry as he takes us on a journey into the wild looking at the best WildEarth animal encounters from over the years.</desc><category></category></programme><programme channel="3044" start="20230103033000 +0000" stop="20230103063000 +0000" catchup-id="901110564"><title>Tuesday SafariLIVE Sunrise</title><date></date><icon src="https://images.tv.kpn.com/epg/KLC9CBKetKLtZknVY2YwPY9ClgVf9Bq3sXNRTDRI645adA/1920x1080.jpg?blurred=false"></icon><desc>Jump on board a real LIVE safari from Africa as the sun is rising. Follow and interact with the real life stories of some of Africa’s most iconic animals.</desc><category></category></programme><programme channel="3044" start="20230103063000 +0000" stop="20230103093000 +0000" catchup-id="901110567"><title>Escape to Nature</title><date></date><icon src="https://images.tv.kpn.com/epg/zXr4jkKtYGDA6JRkvZP719BU23g0itx438mF4hNGY9BSU/1920x1080.jpg?blurred=false"></icon><desc>A relaxing show that allows you to escape to nature by immersing yourself in the sights and sounds of the wilderness.</desc><category></category></programme><programme channel="3044" start="20230103093000 +0000" stop="20230103123000 +0000" catchup-id="901110570"><title>Escape to Nature</title><date></date><icon src="https://images.tv.kpn.com/epg/zXr4jkKtYGDA6JRkvZP719BU23g0itx438mF4hNGY9BSU/1920x1080.jpg?blurred=false"></icon><desc>A relaxing show that allows you to escape to nature by immersing yourself in the sights and sounds of the wilderness.</desc><category></category></programme><programme channel="3044" start="20230103123000 +0000" stop="20230103133000 +0000" catchup-id="901110573"><title>Penguin Beach</title><date></date><icon src="https://images.tv.kpn.com/epg/MSH5bfdwNINL7OOmal8KaPNl1YlJKhDKA0Fw9BYMcvis/1920x1080.jpg?blurred=false"></icon><desc>A real-time look at the unfolding story of a group of wild penguins who live on a beach in South Africa. Completely LIVE, you can interact with an expert to find out more.</desc><category></category></programme><programme channel="3044" start="20230103133000 +0000" stop="20230103173000 +0000" catchup-id="901110576"><title>Tuesday SafariLIVE Sunset</title><date></date><icon src="https://images.tv.kpn.com/epg/8DRF9CrIQM1Oy61w9BpDGBwVSU0IpsjIE83ucnnc8DotA/1920x1080.jpg?blurred=false"></icon><desc>Join an safari LIVE and ask the guide questions in real time. As the sun goes down the wild cats wake up and go on the hunt. All completely LIVE and unscripted.</desc><category></category></programme><programme channel="3044" start="20230103173000 +0000" stop="20230103183000 +0000" catchup-id="901110579"><title>The Wild Show</title><date></date><icon src="https://images.tv.kpn.com/epg/YByUc5A9CRlFRBYmEvGuoIZF4ST0NC5XAuH6sIoCLRRM/1920x1080.jpg?blurred=false"></icon><desc>Join host and expert naturalist James Hendry as he takes us on a journey into the wild looking at the best WildEarth animal encounters from over the years.</desc><category></category></programme><programme channel="3044" start="20230103183000 +0000" stop="20230103193000 +0000" catchup-id="901110582"><title>The Wild Show</title><date></date><icon src="https://images.tv.kpn.com/epg/YByUc5A9CRlFRBYmEvGuoIZF4ST0NC5XAuH6sIoCLRRM/1920x1080.jpg?blurred=false"></icon><desc>Join host and expert naturalist James Hendry as he takes us on a journey into the wild looking at the best WildEarth animal encounters from over the years.</desc><category></category></programme><programme channel="3044" start="20230103193000 +0000" stop="20230103203000 +0000" catchup-id="901110585"><title>The Wild Show</title><date></date><icon src="https://images.tv.kpn.com/epg/YByUc5A9CRlFRBYmEvGuoIZF4ST0NC5XAuH6sIoCLRRM/1920x1080.jpg?blurred=false"></icon><desc>Join host and expert naturalist James Hendry as he takes us on a journey into the wild looking at the best WildEarth animal encounters from over the years.</desc><category></category></programme><programme channel="3044" start="20230103203000 +0000" stop="20230104003000 +0000" catchup-id="901110588"><title>Tuesday SafariLIVE Sunset REPEAT</title><date></date><icon src="https://images.tv.kpn.com/epg/8DRF9CrIQM1Oy61w9BpDGBwVSU0IpsjIE83ucnnc8DotA/1920x1080.jpg?blurred=false"></icon><desc>If you missed the LIVE show then catch up with your sunset safari here.</desc><category></category></programme><programme channel="3044" start="20230104003000 +0000" stop="20230104013000 +0000" catchup-id="901154412"><title>The Wild Show</title><date></date><icon src="https://images.tv.kpn.com/epg/YByUc5A9CRlFRBYmEvGuoIZF4ST0NC5XAuH6sIoCLRRM/1920x1080.jpg?blurred=false"></icon><desc>Join host and expert naturalist James Hendry as he takes us on a journey into the wild looking at the best WildEarth animal encounters from over the years.</desc><category></category></programme><programme channel="3044" start="20230104013000 +0000" stop="20230104023000 +0000" catchup-id="901154415"><title>The Wild Show</title><date></date><icon src="https://images.tv.kpn.com/epg/YByUc5A9CRlFRBYmEvGuoIZF4ST0NC5XAuH6sIoCLRRM/1920x1080.jpg?blurred=false"></icon><desc>Join host and expert naturalist James Hendry as he takes us on a journey into the wild looking at the best WildEarth animal encounters from over the years.</desc><category></category></programme><programme channel="3044" start="20230104023000 +0000" stop="20230104033000 +0000" catchup-id="901154418"><title>The Wild Show</title><date></date><icon src="https://images.tv.kpn.com/epg/YByUc5A9CRlFRBYmEvGuoIZF4ST0NC5XAuH6sIoCLRRM/1920x1080.jpg?blurred=false"></icon><desc>Join host and expert naturalist James Hendry as he takes us on a journey into the wild looking at the best WildEarth animal encounters from over the years.</desc><category></category></programme><programme channel="3044" start="20230104033000 +0000" stop="20230104063000 +0000" catchup-id="901154421"><title>Wednesday SafariLIVE Sunrise</title><date></date><icon src="https://images.tv.kpn.com/epg/KLC9CBKetKLtZknVY2YwPY9ClgVf9Bq3sXNRTDRI645adA/1920x1080.jpg?blurred=false"></icon><desc>Jump on board a real LIVE safari from Africa as the sun is rising. Follow and interact with the real life stories of some of Africa’s most iconic animals.</desc><category></category></programme><programme channel="3044" start="20230104063000 +0000" stop="20230104093000 +0000" catchup-id="901154424"><title>Escape to Nature</title><date></date><icon src="https://images.tv.kpn.com/epg/zXr4jkKtYGDA6JRkvZP719BU23g0itx438mF4hNGY9BSU/1920x1080.jpg?blurred=false"></icon><desc>A relaxing show that allows you to escape to nature by immersing yourself in the sights and sounds of the wilderness.</desc><category></category></programme><programme channel="3044" start="20230104093000 +0000" stop="20230104123000 +0000" catchup-id="901154427"><title>Escape to Nature</title><date></date><icon src="https://images.tv.kpn.com/epg/zXr4jkKtYGDA6JRkvZP719BU23g0itx438mF4hNGY9BSU/1920x1080.jpg?blurred=false"></icon><desc>A relaxing show that allows you to escape to nature by immersing yourself in the sights and sounds of the wilderness.</desc><category></category></programme><programme channel="3044" start="20230104123000 +0000" stop="20230104133000 +0000" catchup-id="901154430"><title>Penguin Beach</title><date></date><icon src="https://images.tv.kpn.com/epg/MSH5bfdwNINL7OOmal8KaPNl1YlJKhDKA0Fw9BYMcvis/1920x1080.jpg?blurred=false"></icon><desc>A real-time look at the unfolding story of a group of wild penguins who live on a beach in South Africa. Completely LIVE, you can interact with an expert to find out more.</desc><category></category></programme><programme channel="3044" start="20230104133000 +0000" stop="20230104173000 +0000" catchup-id="901154433"><title>Wednesday SafariLIVE Sunset</title><date></date><icon src="https://images.tv.kpn.com/epg/8DRF9CrIQM1Oy61w9BpDGBwVSU0IpsjIE83ucnnc8DotA/1920x1080.jpg?blurred=false"></icon><desc>Join an safari LIVE and ask the guide questions in real time. As the sun goes down the wild cats wake up and go on the hunt. All completely LIVE and unscripted.</desc><category></category></programme><programme channel="3044" start="20230104173000 +0000" stop="20230104183000 +0000" catchup-id="901154436"><title>The Wild Show</title><date></date><icon src="https://images.tv.kpn.com/epg/YByUc5A9CRlFRBYmEvGuoIZF4ST0NC5XAuH6sIoCLRRM/1920x1080.jpg?blurred=false"></icon><desc>Join host and expert naturalist James Hendry as he takes us on a journey into the wild looking at the best WildEarth animal encounters from over the years.</desc><category></category></programme><programme channel="3044" start="20230104183000 +0000" stop="20230104193000 +0000" catchup-id="901154439"><title>The Wild Show</title><date></date><icon src="https://images.tv.kpn.com/epg/YByUc5A9CRlFRBYmEvGuoIZF4ST0NC5XAuH6sIoCLRRM/1920x1080.jpg?blurred=false"></icon><desc>Join host and expert naturalist James Hendry as he takes us on a journey into the wild looking at the best WildEarth animal encounters from over the years.</desc><category></category></programme><programme channel="3044" start="20230104193000 +0000" stop="20230104203000 +0000" catchup-id="901154442"><title>The Wild Show</title><date></date><icon src="https://images.tv.kpn.com/epg/YByUc5A9CRlFRBYmEvGuoIZF4ST0NC5XAuH6sIoCLRRM/1920x1080.jpg?blurred=false"></icon><desc>Join host and expert naturalist James Hendry as he takes us on a journey into the wild looking at the best WildEarth animal encounters from over the years.</desc><category></category></programme><programme channel="3044" start="20230104203000 +0000" stop="20230105003000 +0000" catchup-id="901154445"><title>Wednesday SafariLIVE Sunset REPEAT</title><date></date><icon src="https://images.tv.kpn.com/epg/8DRF9CrIQM1Oy61w9BpDGBwVSU0IpsjIE83ucnnc8DotA/1920x1080.jpg?blurred=false"></icon><desc>If you missed the LIVE show then catch up with your sunset safari here.</desc><category></category></programme><programme channel="3044" start="20230105003000 +0000" stop="20230105013000 +0000" catchup-id="901202742"><title>The Wild Show</title><date></date><icon src="https://images.tv.kpn.com/epg/YByUc5A9CRlFRBYmEvGuoIZF4ST0NC5XAuH6sIoCLRRM/1920x1080.jpg?blurred=false"></icon><desc>Join host and expert naturalist James Hendry as he takes us on a journey into the wild looking at the best WildEarth animal encounters from over the years.</desc><category></category></programme><programme channel="3044" start="20230105013000 +0000" stop="20230105023000 +0000" catchup-id="901202745"><title>The Wild Show</title><date></date><icon src="https://images.tv.kpn.com/epg/YByUc5A9CRlFRBYmEvGuoIZF4ST0NC5XAuH6sIoCLRRM/1920x1080.jpg?blurred=false"></icon><desc>Join host and expert naturalist James Hendry as he takes us on a journey into the wild looking at the best WildEarth animal encounters from over the years.</desc><category></category></programme><programme channel="3044" start="20230105023000 +0000" stop="20230105033000 +0000" catchup-id="901202748"><title>The Wild Show</title><date></date><icon src="https://images.tv.kpn.com/epg/YByUc5A9CRlFRBYmEvGuoIZF4ST0NC5XAuH6sIoCLRRM/1920x1080.jpg?blurred=false"></icon><desc>Join host and expert naturalist James Hendry as he takes us on a journey into the wild looking at the best WildEarth animal encounters from over the years.</desc><category></category></programme><programme channel="3044" start="20230105033000 +0000" stop="20230105063000 +0000" catchup-id="901202751"><title>Thursday SafariLIVE Sunrise</title><date></date><icon src="https://images.tv.kpn.com/epg/KLC9CBKetKLtZknVY2YwPY9ClgVf9Bq3sXNRTDRI645adA/1920x1080.jpg?blurred=false"></icon><desc>Jump on board a real LIVE safari from Africa as the sun is rising. Follow and interact with the real life stories of some of Africa’s most iconic animals.</desc><category></category></programme><programme channel="3044" start="20230105063000 +0000" stop="20230105093000 +0000" catchup-id="901202754"><title>Escape to Nature</title><date></date><icon src="https://images.tv.kpn.com/epg/zXr4jkKtYGDA6JRkvZP719BU23g0itx438mF4hNGY9BSU/1920x1080.jpg?blurred=false"></icon><desc>A relaxing show that allows you to escape to nature by immersing yourself in the sights and sounds of the wilderness.</desc><category></category></programme><programme channel="3044" start="20230105093000 +0000" stop="20230105123000 +0000" catchup-id="901202757"><title>Escape to Nature</title><date></date><icon src="https://images.tv.kpn.com/epg/zXr4jkKtYGDA6JRkvZP719BU23g0itx438mF4hNGY9BSU/1920x1080.jpg?blurred=false"></icon><desc>A relaxing show that allows you to escape to nature by immersing yourself in the sights and sounds of the wilderness.</desc><category></category></programme><programme channel="3044" start="20230105123000 +0000" stop="20230105133000 +0000" catchup-id="901202760"><title>Penguin Beach</title><date></date><icon src="https://images.tv.kpn.com/epg/MSH5bfdwNINL7OOmal8KaPNl1YlJKhDKA0Fw9BYMcvis/1920x1080.jpg?blurred=false"></icon><desc>A real-time look at the unfolding story of a group of wild penguins who live on a beach in South Africa. Completely LIVE, you can interact with an expert to find out more.</desc><category></category></programme><programme channel="3044" start="20230105133000 +0000" stop="20230105173000 +0000" catchup-id="901202763"><title>Thursday SafariLIVE Sunset</title><date></date><icon src="https://images.tv.kpn.com/epg/8DRF9CrIQM1Oy61w9BpDGBwVSU0IpsjIE83ucnnc8DotA/1920x1080.jpg?blurred=false"></icon><desc>Join an safari LIVE and ask the guide questions in real time. As the sun goes down the wild cats wake up and go on the hunt. All completely LIVE and unscripted.</desc><category></category></programme><programme channel="3044" start="20230105173000 +0000" stop="20230105183000 +0000" catchup-id="901202766"><title>The Wild Show</title><date></date><icon src="https://images.tv.kpn.com/epg/YByUc5A9CRlFRBYmEvGuoIZF4ST0NC5XAuH6sIoCLRRM/1920x1080.jpg?blurred=false"></icon><desc>Join host and expert naturalist James Hendry as he takes us on a journey into the wild looking at the best WildEarth animal encounters from over the years.</desc><category></category></programme><programme channel="3044" start="20230105183000 +0000" stop="20230105193000 +0000" catchup-id="901202769"><title>The Wild Show</title><date></date><icon src="https://images.tv.kpn.com/epg/YByUc5A9CRlFRBYmEvGuoIZF4ST0NC5XAuH6sIoCLRRM/1920x1080.jpg?blurred=false"></icon><desc>Join host and expert naturalist James Hendry as he takes us on a journey into the wild looking at the best WildEarth animal encounters from over the years.</desc><category></category></programme><programme channel="3044" start="20230105193000 +0000" stop="20230105203000 +0000" catchup-id="901202772"><title>The Wild Show</title><date></date><icon src="https://images.tv.kpn.com/epg/YByUc5A9CRlFRBYmEvGuoIZF4ST0NC5XAuH6sIoCLRRM/1920x1080.jpg?blurred=false"></icon><desc>Join host and expert naturalist James Hendry as he takes us on a journey into the wild looking at the best WildEarth animal encounters from over the years.</desc><category></category></programme><programme channel="3044" start="20230105203000 +0000" stop="20230106003000 +0000" catchup-id="901202775"><title>Thursday SafariLIVE Sunset REPEAT</title><date></date><icon src="https://images.tv.kpn.com/epg/8DRF9CrIQM1Oy61w9BpDGBwVSU0IpsjIE83ucnnc8DotA/1920x1080.jpg?blurred=false"></icon><desc>If you missed the LIVE show then catch up with your sunset safari here.</desc><category></category></programme><programme channel="3044" start="20230106003000 +0000" stop="20230106013000 +0000" catchup-id="901246236"><title>The Wild Show</title><date></date><icon src="https://images.tv.kpn.com/epg/YByUc5A9CRlFRBYmEvGuoIZF4ST0NC5XAuH6sIoCLRRM/1920x1080.jpg?blurred=false"></icon><desc>Join host and expert naturalist James Hendry as he takes us on a journey into the wild looking at the best WildEarth animal encounters from over the years.</desc><category></category></programme><programme channel="3044" start="20230106013000 +0000" stop="20230106023000 +0000" catchup-id="901246239"><title>The Wild Show</title><date></date><icon src="https://images.tv.kpn.com/epg/YByUc5A9CRlFRBYmEvGuoIZF4ST0NC5XAuH6sIoCLRRM/1920x1080.jpg?blurred=false"></icon><desc>Join host and expert naturalist James Hendry as he takes us on a journey into the wild looking at the best WildEarth animal encounters from over the years.</desc><category></category></programme><programme channel="3044" start="20230106023000 +0000" stop="20230106033000 +0000" catchup-id="901246242"><title>The Wild Show</title><date></date><icon src="https://images.tv.kpn.com/epg/YByUc5A9CRlFRBYmEvGuoIZF4ST0NC5XAuH6sIoCLRRM/1920x1080.jpg?blurred=false"></icon><desc>Join host and expert naturalist James Hendry as he takes us on a journey into the wild looking at the best WildEarth animal encounters from over the years.</desc><category></category></programme><programme channel="3044" start="20230106033000 +0000" stop="20230106063000 +0000" catchup-id="901246245"><title>Friday SafariLIVE Sunrise</title><date></date><icon src="https://images.tv.kpn.com/epg/KLC9CBKetKLtZknVY2YwPY9ClgVf9Bq3sXNRTDRI645adA/1920x1080.jpg?blurred=false"></icon><desc>Jump on board a real LIVE safari from Africa as the sun is rising. Follow and interact with the real life stories of some of Africa’s most iconic animals.</desc><category></category></programme><programme channel="3044" start="20230106063000 +0000" stop="20230106093000 +0000" catchup-id="901246248"><title>Escape to Nature</title><date></date><icon src="https://images.tv.kpn.com/epg/zXr4jkKtYGDA6JRkvZP719BU23g0itx438mF4hNGY9BSU/1920x1080.jpg?blurred=false"></icon><desc>A relaxing show that allows you to escape to nature by immersing yourself in the sights and sounds of the wilderness.</desc><category></category></programme><programme channel="3044" start="20230106093000 +0000" stop="20230106123000 +0000" catchup-id="901246251"><title>Escape to Nature</title><date></date><icon src="https://images.tv.kpn.com/epg/zXr4jkKtYGDA6JRkvZP719BU23g0itx438mF4hNGY9BSU/1920x1080.jpg?blurred=false"></icon><desc>A relaxing show that allows you to escape to nature by immersing yourself in the sights and sounds of the wilderness.</desc><category></category></programme><programme channel="3044" start="20230106123000 +0000" stop="20230106133000 +0000" catchup-id="901246254"><title>Penguin Beach</title><date></date><icon src="https://images.tv.kpn.com/epg/MSH5bfdwNINL7OOmal8KaPNl1YlJKhDKA0Fw9BYMcvis/1920x1080.jpg?blurred=false"></icon><desc>A real-time look at the unfolding story of a group of wild penguins who live on a beach in South Africa. Completely LIVE, you can interact with an expert to find out more.</desc><category></category></programme><programme channel="3044" start="20230106133000 +0000" stop="20230106173000 +0000" catchup-id="901246257"><title>Friday SafariLIVE Sunset</title><date></date><icon src="https://images.tv.kpn.com/epg/8DRF9CrIQM1Oy61w9BpDGBwVSU0IpsjIE83ucnnc8DotA/1920x1080.jpg?blurred=false"></icon><desc>Join an safari LIVE and ask the guide questions in real time. As the sun goes down the wild cats wake up and go on the hunt. All completely LIVE and unscripted.</desc><category></category></programme><programme channel="3044" start="20230106173000 +0000" stop="20230106183000 +0000" catchup-id="901246260"><title>The Wild Show</title><date></date><icon src="https://images.tv.kpn.com/epg/YByUc5A9CRlFRBYmEvGuoIZF4ST0NC5XAuH6sIoCLRRM/1920x1080.jpg?blurred=false"></icon><desc>Join host and expert naturalist James Hendry as he takes us on a journey into the wild looking at the best WildEarth animal encounters from over the years.</desc><category></category></programme><programme channel="3044" start="20230106183000 +0000" stop="20230106193000 +0000" catchup-id="901246263"><title>The Wild Show</title><date></date><icon src="https://images.tv.kpn.com/epg/YByUc5A9CRlFRBYmEvGuoIZF4ST0NC5XAuH6sIoCLRRM/1920x1080.jpg?blurred=false"></icon><desc>Join host and expert naturalist James Hendry as he takes us on a journey into the wild looking at the best WildEarth animal encounters from over the years.</desc><category></category></programme><programme channel="3044" start="20230106193000 +0000" stop="20230106203000 +0000" catchup-id="901246269"><title>The Wild Show</title><date></date><icon src="https://images.tv.kpn.com/epg/YByUc5A9CRlFRBYmEvGuoIZF4ST0NC5XAuH6sIoCLRRM/1920x1080.jpg?blurred=false"></icon><desc>Join host and expert naturalist James Hendry as he takes us on a journey into the wild looking at the best WildEarth animal encounters from over the years.</desc><category></category></programme><programme channel="3044" start="20230106203000 +0000" stop="20230107003000 +0000" catchup-id="901246275"><title>Friday SafariLIVE Sunset REPEAT</title><date></date><icon src="https://images.tv.kpn.com/epg/8DRF9CrIQM1Oy61w9BpDGBwVSU0IpsjIE83ucnnc8DotA/1920x1080.jpg?blurred=false"></icon><desc>If you missed the LIVE show then catch up with your sunset safari here.</desc><category></category></programme><programme channel="3044" start="20230107003000 +0000" stop="20230107013000 +0000" catchup-id="901293390"><title>The Wild Show</title><date></date><icon src="https://images.tv.kpn.com/epg/YByUc5A9CRlFRBYmEvGuoIZF4ST0NC5XAuH6sIoCLRRM/1920x1080.jpg?blurred=false"></icon><desc>Join host and expert naturalist James Hendry as he takes us on a journey into the wild looking at the best WildEarth animal encounters from over the years.</desc><category></category></programme><programme channel="3044" start="20230107013000 +0000" stop="20230107023000 +0000" catchup-id="901293393"><title>The Wild Show</title><date></date><icon src="https://images.tv.kpn.com/epg/YByUc5A9CRlFRBYmEvGuoIZF4ST0NC5XAuH6sIoCLRRM/1920x1080.jpg?blurred=false"></icon><desc>Join host and expert naturalist James Hendry as he takes us on a journey into the wild looking at the best WildEarth animal encounters from over the years.</desc><category></category></programme><programme channel="3044" start="20230107023000 +0000" stop="20230107033000 +0000" catchup-id="901293396"><title>The Wild Show</title><date></date><icon src="https://images.tv.kpn.com/epg/YByUc5A9CRlFRBYmEvGuoIZF4ST0NC5XAuH6sIoCLRRM/1920x1080.jpg?blurred=false"></icon><desc>Join host and expert naturalist James Hendry as he takes us on a journey into the wild looking at the best WildEarth animal encounters from over the years.</desc><category></category></programme><programme channel="3044" start="20230107033000 +0000" stop="20230107063000 +0000" catchup-id="901293399"><title>Saturday SafariLIVE Sunrise</title><date></date><icon src="https://images.tv.kpn.com/epg/KLC9CBKetKLtZknVY2YwPY9ClgVf9Bq3sXNRTDRI645adA/1920x1080.jpg?blurred=false"></icon><desc>Jump on board a real LIVE safari from Africa as the sun is rising. Follow and interact with the real life stories of some of Africa’s most iconic animals.</desc><category></category></programme><programme channel="3044" start="20230107063000 +0000" stop="20230107093000 +0000" catchup-id="901293402"><title>Escape to Nature</title><date></date><icon src="https://images.tv.kpn.com/epg/zXr4jkKtYGDA6JRkvZP719BU23g0itx438mF4hNGY9BSU/1920x1080.jpg?blurred=false"></icon><desc>A relaxing show that allows you to escape to nature by immersing yourself in the sights and sounds of the wilderness.</desc><category></category></programme><programme channel="3044" start="20230107093000 +0000" stop="20230107123000 +0000" catchup-id="901293405"><title>Escape to Nature</title><date></date><icon src="https://images.tv.kpn.com/epg/zXr4jkKtYGDA6JRkvZP719BU23g0itx438mF4hNGY9BSU/1920x1080.jpg?blurred=false"></icon><desc>A relaxing show that allows you to escape to nature by immersing yourself in the sights and sounds of the wilderness.</desc><category></category></programme><programme channel="3044" start="20230107123000 +0000" stop="20230107133000 +0000" catchup-id="901293408"><title>Penguin Beach</title><date></date><icon src="https://images.tv.kpn.com/epg/MSH5bfdwNINL7OOmal8KaPNl1YlJKhDKA0Fw9BYMcvis/1920x1080.jpg?blurred=false"></icon><desc>A real-time look at the unfolding story of a group of wild penguins who live on a beach in South Africa. Completely LIVE, you can interact with an expert to find out more.</desc><category></category></programme><programme channel="3044" start="20230107133000 +0000" stop="20230107173000 +0000" catchup-id="901293411"><title>Saturday SafariLIVE Sunset</title><date></date><icon src="https://images.tv.kpn.com/epg/8DRF9CrIQM1Oy61w9BpDGBwVSU0IpsjIE83ucnnc8DotA/1920x1080.jpg?blurred=false"></icon><desc>Join an safari LIVE and ask the guide questions in real time. As the sun goes down the wild cats wake up and go on the hunt. All completely LIVE and unscripted.</desc><category></category></programme><programme channel="3044" start="20230107173000 +0000" stop="20230107183000 +0000" catchup-id="901293414"><title>The Wild Show</title><date></date><icon src="https://images.tv.kpn.com/epg/YByUc5A9CRlFRBYmEvGuoIZF4ST0NC5XAuH6sIoCLRRM/1920x1080.jpg?blurred=false"></icon><desc>Join host and expert naturalist James Hendry as he takes us on a journey into the wild looking at the best WildEarth animal encounters from over the years.</desc><category></category></programme><programme channel="3044" start="20230107183000 +0000" stop="20230107193000 +0000" catchup-id="901293417"><title>The Wild Show</title><date></date><icon src="https://images.tv.kpn.com/epg/YByUc5A9CRlFRBYmEvGuoIZF4ST0NC5XAuH6sIoCLRRM/1920x1080.jpg?blurred=false"></icon><desc>Join host and expert naturalist James Hendry as he takes us on a journey into the wild looking at the best WildEarth animal encounters from over the years.</desc><category></category></programme><programme channel="3044" start="20230107193000 +0000" stop="20230107203000 +0000" catchup-id="901293423"><title>The Wild Show</title><date></date><icon src="https://images.tv.kpn.com/epg/YByUc5A9CRlFRBYmEvGuoIZF4ST0NC5XAuH6sIoCLRRM/1920x1080.jpg?blurred=false"></icon><desc>Join host and expert naturalist James Hendry as he takes us on a journey into the wild looking at the best WildEarth animal encounters from over the years.</desc><category></category></programme><programme channel="3044" start="20230107203000 +0000" stop="20230108003000 +0000" catchup-id="901293426"><title>Saturday SafariLIVE Sunset REPEAT</title><date></date><icon src="https://images.tv.kpn.com/epg/8DRF9CrIQM1Oy61w9BpDGBwVSU0IpsjIE83ucnnc8DotA/1920x1080.jpg?blurred=false"></icon><desc>If you missed the LIVE show then catch up with your sunset safari here.</desc><category></category></programme><programme channel="3044" start="20230108003000 +0000" stop="20230108013000 +0000" catchup-id="901333662"><title>The Wild Show</title><date></date><icon src="https://images.tv.kpn.com/epg/YByUc5A9CRlFRBYmEvGuoIZF4ST0NC5XAuH6sIoCLRRM/1920x1080.jpg?blurred=false"></icon><desc>Join host and expert naturalist James Hendry as he takes us on a journey into the wild looking at the best WildEarth animal encounters from over the years.</desc><category></category></programme><programme channel="3044" start="20230108013000 +0000" stop="20230108023000 +0000" catchup-id="901333665"><title>The Wild Show</title><date></date><icon src="https://images.tv.kpn.com/epg/YByUc5A9CRlFRBYmEvGuoIZF4ST0NC5XAuH6sIoCLRRM/1920x1080.jpg?blurred=false"></icon><desc>Join host and expert naturalist James Hendry as he takes us on a journey into the wild looking at the best WildEarth animal encounters from over the years.</desc><category></category></programme><programme channel="3044" start="20230108023000 +0000" stop="20230108033000 +0000" catchup-id="901333668"><title>The Wild Show</title><date></date><icon src="https://images.tv.kpn.com/epg/YByUc5A9CRlFRBYmEvGuoIZF4ST0NC5XAuH6sIoCLRRM/1920x1080.jpg?blurred=false"></icon><desc>Join host and expert naturalist James Hendry as he takes us on a journey into the wild looking at the best WildEarth animal encounters from over the years.</desc><category></category></programme><programme channel="3044" start="20230108033000 +0000" stop="20230108063000 +0000" catchup-id="901333671"><title>Sunday SafariLIVE Sunrise</title><date></date><icon src="https://images.tv.kpn.com/epg/KLC9CBKetKLtZknVY2YwPY9ClgVf9Bq3sXNRTDRI645adA/1920x1080.jpg?blurred=false"></icon><desc>Jump on board a real LIVE safari from Africa as the sun is rising. Follow and interact with the real life stories of some of Africa’s most iconic animals.</desc><category></category></programme><programme channel="3044" start="20230108063000 +0000" stop="20230108093000 +0000" catchup-id="901333677"><title>Escape to Nature</title><date></date><icon src="https://images.tv.kpn.com/epg/zXr4jkKtYGDA6JRkvZP719BU23g0itx438mF4hNGY9BSU/1920x1080.jpg?blurred=false"></icon><desc>A relaxing show that allows you to escape to nature by immersing yourself in the sights and sounds of the wilderness.</desc><category></category></programme><programme channel="3044" start="20230108093000 +0000" stop="20230108123000 +0000" catchup-id="901333680"><title>Escape to Nature</title><date></date><icon src="https://images.tv.kpn.com/epg/zXr4jkKtYGDA6JRkvZP719BU23g0itx438mF4hNGY9BSU/1920x1080.jpg?blurred=false"></icon><desc>A relaxing show that allows you to escape to nature by immersing yourself in the sights and sounds of the wilderness.</desc><category></category></programme><programme channel="3044" start="20230108123000 +0000" stop="20230108133000 +0000" catchup-id="901333683"><title>Penguin Beach</title><date></date><icon src="https://images.tv.kpn.com/epg/MSH5bfdwNINL7OOmal8KaPNl1YlJKhDKA0Fw9BYMcvis/1920x1080.jpg?blurred=false"></icon><desc>A real-time look at the unfolding story of a group of wild penguins who live on a beach in South Africa. Completely LIVE, you can interact with an expert to find out more.</desc><category></category></programme><programme channel="3044" start="20230108133000 +0000" stop="20230108173000 +0000" catchup-id="901333686"><title>Sunday SafariLIVE Sunset</title><date></date><icon src="https://images.tv.kpn.com/epg/8DRF9CrIQM1Oy61w9BpDGBwVSU0IpsjIE83ucnnc8DotA/1920x1080.jpg?blurred=false"></icon><desc>Join an safari LIVE and ask the guide questions in real time. As the sun goes down the wild cats wake up and go on the hunt. All completely LIVE and unscripted.</desc><category></category></programme><programme channel="3044" start="20230108173000 +0000" stop="20230108183000 +0000" catchup-id="901333689"><title>The Wild Show</title><date></date><icon src="https://images.tv.kpn.com/epg/YByUc5A9CRlFRBYmEvGuoIZF4ST0NC5XAuH6sIoCLRRM/1920x1080.jpg?blurred=false"></icon><desc>Join host and expert naturalist James Hendry as he takes us on a journey into the wild looking at the best WildEarth animal encounters from over the years.</desc><category></category></programme><programme channel="3044" start="20230108183000 +0000" stop="20230108193000 +0000" catchup-id="901333692"><title>The Wild Show</title><date></date><icon src="https://images.tv.kpn.com/epg/YByUc5A9CRlFRBYmEvGuoIZF4ST0NC5XAuH6sIoCLRRM/1920x1080.jpg?blurred=false"></icon><desc>Join host and expert naturalist James Hendry as he takes us on a journey into the wild looking at the best WildEarth animal encounters from over the years.</desc><category></category></programme><programme channel="3044" start="20230108193000 +0000" stop="20230108203000 +0000" catchup-id="901333695"><title>The Wild Show</title><date></date><icon src="https://images.tv.kpn.com/epg/YByUc5A9CRlFRBYmEvGuoIZF4ST0NC5XAuH6sIoCLRRM/1920x1080.jpg?blurred=false"></icon><desc>Join host and expert naturalist James Hendry as he takes us on a journey into the wild looking at the best WildEarth animal encounters from over the years.</desc><category></category></programme><programme channel="3044" start="20230108203000 +0000" stop="20230109003000 +0000" catchup-id="901333698"><title>Sunday SafariLIVE Sunset REPEAT</title><date></date><icon src="https://images.tv.kpn.com/epg/8DRF9CrIQM1Oy61w9BpDGBwVSU0IpsjIE83ucnnc8DotA/1920x1080.jpg?blurred=false"></icon><desc>If you missed the LIVE show then catch up with your sunset safari here.</desc><category></category></programme><programme channel="3044" start="20230109003000 +0000" stop="20230109013000 +0000" catchup-id="901375089"><title>The Wild Show</title><date></date><icon src="https://images.tv.kpn.com/epg/YByUc5A9CRlFRBYmEvGuoIZF4ST0NC5XAuH6sIoCLRRM/1920x1080.jpg?blurred=false"></icon><desc>Join host and expert naturalist James Hendry as he takes us on a journey into the wild looking at the best WildEarth animal encounters from over the years.</desc><category></category></programme><programme channel="3044" start="20230109013000 +0000" stop="20230109023000 +0000" catchup-id="901375092"><title>The Wild Show</title><date></date><icon src="https://images.tv.kpn.com/epg/YByUc5A9CRlFRBYmEvGuoIZF4ST0NC5XAuH6sIoCLRRM/1920x1080.jpg?blurred=false"></icon><desc>Join host and expert naturalist James Hendry as he takes us on a journey into the wild looking at the best WildEarth animal encounters from over the years.</desc><category></category></programme><programme channel="3044" start="20230109023000 +0000" stop="20230109033000 +0000" catchup-id="901375095"><title>The Wild Show</title><date></date><icon src="https://images.tv.kpn.com/epg/YByUc5A9CRlFRBYmEvGuoIZF4ST0NC5XAuH6sIoCLRRM/1920x1080.jpg?blurred=false"></icon><desc>Join host and expert naturalist James Hendry as he takes us on a journey into the wild looking at the best WildEarth animal encounters from over the years.</desc><category></category></programme><programme channel="3044" start="20230109033000 +0000" stop="20230109063000 +0000" catchup-id="901375098"><title>Monday SafariLIVE Sunrise</title><date></date><icon src="https://images.tv.kpn.com/epg/KLC9CBKetKLtZknVY2YwPY9ClgVf9Bq3sXNRTDRI645adA/1920x1080.jpg?blurred=false"></icon><desc>Jump on board a real LIVE safari from Africa as the sun is rising. Follow and interact with the real life stories of some of Africa’s most iconic animals.</desc><category></category></programme><programme channel="3044" start="20230109063000 +0000" stop="20230109093000 +0000" catchup-id="901375101"><title>Escape to Nature</title><date></date><icon src="https://images.tv.kpn.com/epg/zXr4jkKtYGDA6JRkvZP719BU23g0itx438mF4hNGY9BSU/1920x1080.jpg?blurred=false"></icon><desc>A relaxing show that allows you to escape to nature by immersing yourself in the sights and sounds of the wilderness.</desc><category></category></programme><programme channel="3044" start="20230109093000 +0000" stop="20230109123000 +0000" catchup-id="901375104"><title>Escape to Nature</title><date></date><icon src="https://images.tv.kpn.com/epg/zXr4jkKtYGDA6JRkvZP719BU23g0itx438mF4hNGY9BSU/1920x1080.jpg?blurred=false"></icon><desc>A relaxing show that allows you to escape to nature by immersing yourself in the sights and sounds of the wilderness.</desc><category></category></programme><programme channel="3044" start="20230109123000 +0000" stop="20230109133000 +0000" catchup-id="901375107"><title>Penguin Beach</title><date></date><icon src="https://images.tv.kpn.com/epg/MSH5bfdwNINL7OOmal8KaPNl1YlJKhDKA0Fw9BYMcvis/1920x1080.jpg?blurred=false"></icon><desc>A real-time look at the unfolding story of a group of wild penguins who live on a beach in South Africa. Completely LIVE, you can interact with an expert to find out more.</desc><category></category></programme><programme channel="3044" start="20230109133000 +0000" stop="20230109173000 +0000" catchup-id="901375110"><title>Monday SafariLIVE Sunset</title><date></date><icon src="https://images.tv.kpn.com/epg/8DRF9CrIQM1Oy61w9BpDGBwVSU0IpsjIE83ucnnc8DotA/1920x1080.jpg?blurred=false"></icon><desc>Join an safari LIVE and ask the guide questions in real time. As the sun goes down the wild cats wake up and go on the hunt. All completely LIVE and unscripted.</desc><category></category></programme><programme channel="3044" start="20230109173000 +0000" stop="20230109183000 +0000" catchup-id="901375113"><title>The Wild Show</title><date></date><icon src="https://images.tv.kpn.com/epg/YByUc5A9CRlFRBYmEvGuoIZF4ST0NC5XAuH6sIoCLRRM/1920x1080.jpg?blurred=false"></icon><desc>Join host and expert naturalist James Hendry as he takes us on a journey into the wild looking at the best WildEarth animal encounters from over the years.</desc><category></category></programme><programme channel="3044" start="20230109183000 +0000" stop="20230109193000 +0000" catchup-id="901375116"><title>The Wild Show</title><date></date><icon src="https://images.tv.kpn.com/epg/YByUc5A9CRlFRBYmEvGuoIZF4ST0NC5XAuH6sIoCLRRM/1920x1080.jpg?blurred=false"></icon><desc>Join host and expert naturalist James Hendry as he takes us on a journey into the wild looking at the best WildEarth animal encounters from over the years.</desc><category></category></programme><programme channel="3044" start="20230109193000 +0000" stop="20230109203000 +0000" catchup-id="901375119"><title>The Wild Show</title><date></date><icon src="https://images.tv.kpn.com/epg/YByUc5A9CRlFRBYmEvGuoIZF4ST0NC5XAuH6sIoCLRRM/1920x1080.jpg?blurred=false"></icon><desc>Join host and expert naturalist James Hendry as he takes us on a journey into the wild looking at the best WildEarth animal encounters from over the years.</desc><category></category></programme><programme channel="3044" start="20230109203000 +0000" stop="20230110003000 +0000" catchup-id="901375122"><title>Monday SafariLIVE Sunset REPEAT</title><date></date><icon src="https://images.tv.kpn.com/epg/8DRF9CrIQM1Oy61w9BpDGBwVSU0IpsjIE83ucnnc8DotA/1920x1080.jpg?blurred=false"></icon><desc>If you missed the LIVE show then catch up with your sunset safari here.</desc><category></category></programme><programme channel="3044" start="20230110003000 +0000" stop="20230110013000 +0000" catchup-id="901421451"><title>The Wild Show</title><date></date><icon src="https://images.tv.kpn.com/epg/YByUc5A9CRlFRBYmEvGuoIZF4ST0NC5XAuH6sIoCLRRM/1920x1080.jpg?blurred=false"></icon><desc>Join host and expert naturalist James Hendry as he takes us on a journey into the wild looking at the best WildEarth animal encounters from over the years.</desc><category></category></programme><programme channel="3044" start="20230110013000 +0000" stop="20230110023000 +0000" catchup-id="901421454"><title>The Wild Show</title><date></date><icon src="https://images.tv.kpn.com/epg/YByUc5A9CRlFRBYmEvGuoIZF4ST0NC5XAuH6sIoCLRRM/1920x1080.jpg?blurred=false"></icon><desc>Join host and expert naturalist James Hendry as he takes us on a journey into the wild looking at the best WildEarth animal encounters from over the years.</desc><category></category></programme><programme channel="3044" start="20230110023000 +0000" stop="20230110033000 +0000" catchup-id="901421457"><title>The Wild Show</title><date></date><icon src="https://images.tv.kpn.com/epg/YByUc5A9CRlFRBYmEvGuoIZF4ST0NC5XAuH6sIoCLRRM/1920x1080.jpg?blurred=false"></icon><desc>Join host and expert naturalist James Hendry as he takes us on a journey into the wild looking at the best WildEarth animal encounters from over the years.</desc><category></category></programme><programme channel="3044" start="20230110033000 +0000" stop="20230110063000 +0000" catchup-id="901421460"><title>Tuesday SafariLIVE Sunrise</title><date></date><icon src="https://images.tv.kpn.com/epg/KLC9CBKetKLtZknVY2YwPY9ClgVf9Bq3sXNRTDRI645adA/1920x1080.jpg?blurred=false"></icon><desc>Jump on board a real LIVE safari from Africa as the sun is rising. Follow and interact with the real life stories of some of Africa’s most iconic animals.</desc><category></category></programme><programme channel="3044" start="20230110063000 +0000" stop="20230110093000 +0000" catchup-id="901421463"><title>Escape to Nature</title><date></date><icon src="https://images.tv.kpn.com/epg/zXr4jkKtYGDA6JRkvZP719BU23g0itx438mF4hNGY9BSU/1920x1080.jpg?blurred=false"></icon><desc>A relaxing show that allows you to escape to nature by immersing yourself in the sights and sounds of the wilderness.</desc><category></category></programme><programme channel="3044" start="20230110093000 +0000" stop="20230110123000 +0000" catchup-id="901421466"><title>Escape to Nature</title><date></date><icon src="https://images.tv.kpn.com/epg/zXr4jkKtYGDA6JRkvZP719BU23g0itx438mF4hNGY9BSU/1920x1080.jpg?blurred=false"></icon><desc>A relaxing show that allows you to escape to nature by immersing yourself in the sights and sounds of the wilderness.</desc><category></category></programme><programme channel="3044" start="20230110123000 +0000" stop="20230110133000 +0000" catchup-id="901421469"><title>Penguin Beach</title><date></date><icon src="https://images.tv.kpn.com/epg/MSH5bfdwNINL7OOmal8KaPNl1YlJKhDKA0Fw9BYMcvis/1920x1080.jpg?blurred=false"></icon><desc>A real-time look at the unfolding story of a group of wild penguins who live on a beach in South Africa. Completely LIVE, you can interact with an expert to find out more.</desc><category></category></programme><programme channel="3044" start="20230110133000 +0000" stop="20230110173000 +0000" catchup-id="901421472"><title>Tuesday SafariLIVE Sunset</title><date></date><icon src="https://images.tv.kpn.com/epg/8DRF9CrIQM1Oy61w9BpDGBwVSU0IpsjIE83ucnnc8DotA/1920x1080.jpg?blurred=false"></icon><desc>Join an safari LIVE and ask the guide questions in real time. As the sun goes down the wild cats wake up and go on the hunt. All completely LIVE and unscripted.</desc><category></category></programme><programme channel="3044" start="20230110173000 +0000" stop="20230110183000 +0000" catchup-id="901421475"><title>The Wild Show</title><date></date><icon src="https://images.tv.kpn.com/epg/YByUc5A9CRlFRBYmEvGuoIZF4ST0NC5XAuH6sIoCLRRM/1920x1080.jpg?blurred=false"></icon><desc>Join host and expert naturalist James Hendry as he takes us on a journey into the wild looking at the best WildEarth animal encounters from over the years.</desc><category></category></programme><programme channel="3044" start="20230110183000 +0000" stop="20230110193000 +0000" catchup-id="901421478"><title>The Wild Show</title><date></date><icon src="https://images.tv.kpn.com/epg/YByUc5A9CRlFRBYmEvGuoIZF4ST0NC5XAuH6sIoCLRRM/1920x1080.jpg?blurred=false"></icon><desc>Join host and expert naturalist James Hendry as he takes us on a journey into the wild looking at the best WildEarth animal encounters from over the years.</desc><category></category></programme><programme channel="3044" start="20230110193000 +0000" stop="20230110203000 +0000" catchup-id="901421481"><title>The Wild Show</title><date></date><icon src="https://images.tv.kpn.com/epg/YByUc5A9CRlFRBYmEvGuoIZF4ST0NC5XAuH6sIoCLRRM/1920x1080.jpg?blurred=false"></icon><desc>Join host and expert naturalist James Hendry as he takes us on a journey into the wild looking at the best WildEarth animal encounters from over the years.</desc><category></category></programme><programme channel="3044" start="20230110203000 +0000" stop="20230111003000 +0000" catchup-id="901421484"><title>Tuesday SafariLIVE Sunset REPEAT</title><date></date><icon src="https://images.tv.kpn.com/epg/8DRF9CrIQM1Oy61w9BpDGBwVSU0IpsjIE83ucnnc8DotA/1920x1080.jpg?blurred=false"></icon><desc>If you missed the LIVE show then catch up with your sunset safari here.</desc><category></category></programme><programme channel="3044" start="20230111003000 +0000" stop="20230111013000 +0000" catchup-id="901472736"><title>The Wild Show</title><date></date><icon src="https://images.tv.kpn.com/epg/YByUc5A9CRlFRBYmEvGuoIZF4ST0NC5XAuH6sIoCLRRM/1920x1080.jpg?blurred=false"></icon><desc>Join host and expert naturalist James Hendry as he takes us on a journey into the wild looking at the best WildEarth animal encounters from over the years.</desc><category></category></programme><programme channel="3044" start="20230111013000 +0000" stop="20230111023000 +0000" catchup-id="901472739"><title>The Wild Show</title><date></date><icon src="https://images.tv.kpn.com/epg/YByUc5A9CRlFRBYmEvGuoIZF4ST0NC5XAuH6sIoCLRRM/1920x1080.jpg?blurred=false"></icon><desc>Join host and expert naturalist James Hendry as he takes us on a journey into the wild looking at the best WildEarth animal encounters from over the years.</desc><category></category></programme><programme channel="3044" start="20230111023000 +0000" stop="20230111033000 +0000" catchup-id="901472742"><title>The Wild Show</title><date></date><icon src="https://images.tv.kpn.com/epg/YByUc5A9CRlFRBYmEvGuoIZF4ST0NC5XAuH6sIoCLRRM/1920x1080.jpg?blurred=false"></icon><desc>Join host and expert naturalist James Hendry as he takes us on a journey into the wild looking at the best WildEarth animal encounters from over the years.</desc><category></category></programme><programme channel="3044" start="20230111033000 +0000" stop="20230111063000 +0000" catchup-id="901472745"><title>Wednesday SafariLIVE Sunrise</title><date></date><icon src="https://images.tv.kpn.com/epg/KLC9CBKetKLtZknVY2YwPY9ClgVf9Bq3sXNRTDRI645adA/1920x1080.jpg?blurred=false"></icon><desc>Jump on board a real LIVE safari from Africa as the sun is rising. Follow and interact with the real life stories of some of Africa’s most iconic animals.</desc><category></category></programme><programme channel="3044" start="20230111063000 +0000" stop="20230111093000 +0000" catchup-id="901472748"><title>Escape to Nature</title><date></date><icon src="https://images.tv.kpn.com/epg/zXr4jkKtYGDA6JRkvZP719BU23g0itx438mF4hNGY9BSU/1920x1080.jpg?blurred=false"></icon><desc>A relaxing show that allows you to escape to nature by immersing yourself in the sights and sounds of the wilderness.</desc><category></category></programme><programme channel="3044" start="20230111093000 +0000" stop="20230111123000 +0000" catchup-id="901472751"><title>Escape to Nature</title><date></date><icon src="https://images.tv.kpn.com/epg/zXr4jkKtYGDA6JRkvZP719BU23g0itx438mF4hNGY9BSU/1920x1080.jpg?blurred=false"></icon><desc>A relaxing show that allows you to escape to nature by immersing yourself in the sights and sounds of the wilderness.</desc><category></category></programme><programme channel="3044" start="20230111123000 +0000" stop="20230111133000 +0000" catchup-id="901472754"><title>Penguin Beach</title><date></date><icon src="https://images.tv.kpn.com/epg/MSH5bfdwNINL7OOmal8KaPNl1YlJKhDKA0Fw9BYMcvis/1920x1080.jpg?blurred=false"></icon><desc>A real-time look at the unfolding story of a group of wild penguins who live on a beach in South Africa. Completely LIVE, you can interact with an expert to find out more.</desc><category></category></programme><programme channel="3044" start="20230111133000 +0000" stop="20230111173000 +0000" catchup-id="901472757"><title>Wednesday SafariLIVE Sunset</title><date></date><icon src="https://images.tv.kpn.com/epg/8DRF9CrIQM1Oy61w9BpDGBwVSU0IpsjIE83ucnnc8DotA/1920x1080.jpg?blurred=false"></icon><desc>Join an safari LIVE and ask the guide questions in real time. As the sun goes down the wild cats wake up and go on the hunt. All completely LIVE and unscripted.</desc><category></category></programme><programme channel="3044" start="20230111173000 +0000" stop="20230111183000 +0000" catchup-id="901472760"><title>The Wild Show</title><date></date><icon src="https://images.tv.kpn.com/epg/YByUc5A9CRlFRBYmEvGuoIZF4ST0NC5XAuH6sIoCLRRM/1920x1080.jpg?blurred=false"></icon><desc>Join host and expert naturalist James Hendry as he takes us on a journey into the wild looking at the best WildEarth animal encounters from over the years.</desc><category></category></programme><programme channel="3044" start="20230111183000 +0000" stop="20230111193000 +0000" catchup-id="901472763"><title>The Wild Show</title><date></date><icon src="https://images.tv.kpn.com/epg/YByUc5A9CRlFRBYmEvGuoIZF4ST0NC5XAuH6sIoCLRRM/1920x1080.jpg?blurred=false"></icon><desc>Join host and expert naturalist James Hendry as he takes us on a journey into the wild looking at the best WildEarth animal encounters from over the years.</desc><category></category></programme><programme channel="3044" start="20230111193000 +0000" stop="20230111203000 +0000" catchup-id="901472766"><title>The Wild Show</title><date></date><icon src="https://images.tv.kpn.com/epg/YByUc5A9CRlFRBYmEvGuoIZF4ST0NC5XAuH6sIoCLRRM/1920x1080.jpg?blurred=false"></icon><desc>Join host and expert naturalist James Hendry as he takes us on a journey into the wild looking at the best WildEarth animal encounters from over the years.</desc><category></category></programme><programme channel="3044" start="20230111203000 +0000" stop="20230112003000 +0000" catchup-id="901472769"><title>Wednesday SafariLIVE Sunset REPEAT</title><date></date><icon src="https://images.tv.kpn.com/epg/8DRF9CrIQM1Oy61w9BpDGBwVSU0IpsjIE83ucnnc8DotA/1920x1080.jpg?blurred=false"></icon><desc>If you missed the LIVE show then catch up with your sunset safari here.</desc><category></category></programme><programme channel="3044" start="20230112003000 +0000" stop="20230112013000 +0000" catchup-id="901526517"><title>The Wild Show</title><date></date><icon src="https://images.tv.kpn.com/epg/YByUc5A9CRlFRBYmEvGuoIZF4ST0NC5XAuH6sIoCLRRM/1920x1080.jpg?blurred=false"></icon><desc>Join host and expert naturalist James Hendry as he takes us on a journey into the wild looking at the best WildEarth animal encounters from over the years.</desc><category></category></programme><programme channel="3044" start="20230112013000 +0000" stop="20230112023000 +0000" catchup-id="901526523"><title>The Wild Show</title><date></date><icon src="https://images.tv.kpn.com/epg/YByUc5A9CRlFRBYmEvGuoIZF4ST0NC5XAuH6sIoCLRRM/1920x1080.jpg?blurred=false"></icon><desc>Join host and expert naturalist James Hendry as he takes us on a journey into the wild looking at the best WildEarth animal encounters from over the years.</desc><category></category></programme><programme channel="3044" start="20230112023000 +0000" stop="20230112033000 +0000" catchup-id="901526529"><title>The Wild Show</title><date></date><icon src="https://images.tv.kpn.com/epg/YByUc5A9CRlFRBYmEvGuoIZF4ST0NC5XAuH6sIoCLRRM/1920x1080.jpg?blurred=false"></icon><desc>Join host and expert naturalist James Hendry as he takes us on a journey into the wild looking at the best WildEarth animal encounters from over the years.</desc><category></category></programme><programme channel="3044" start="20230112033000 +0000" stop="20230112063000 +0000" catchup-id="901526535"><title>Thursday SafariLIVE Sunrise</title><date></date><icon src="https://images.tv.kpn.com/epg/KLC9CBKetKLtZknVY2YwPY9ClgVf9Bq3sXNRTDRI645adA/1920x1080.jpg?blurred=false"></icon><desc>Jump on board a real LIVE safari from Africa as the sun is rising. Follow and interact with the real life stories of some of Africa’s most iconic animals.</desc><category></category></programme><programme channel="3044" start="20230112063000 +0000" stop="20230112093000 +0000" catchup-id="901526544"><title>Escape to Nature</title><date></date><icon src="https://images.tv.kpn.com/epg/zXr4jkKtYGDA6JRkvZP719BU23g0itx438mF4hNGY9BSU/1920x1080.jpg?blurred=false"></icon><desc>A relaxing show that allows you to escape to nature by immersing yourself in the sights and sounds of the wilderness.</desc><category></category></programme><programme channel="3044" start="20230112093000 +0000" stop="20230112123000 +0000" catchup-id="901526547"><title>Escape to Nature</title><date></date><icon src="https://images.tv.kpn.com/epg/zXr4jkKtYGDA6JRkvZP719BU23g0itx438mF4hNGY9BSU/1920x1080.jpg?blurred=false"></icon><desc>A relaxing show that allows you to escape to nature by immersing yourself in the sights and sounds of the wilderness.</desc><category></category></programme><programme channel="3044" start="20230112123000 +0000" stop="20230112133000 +0000" catchup-id="901526553"><title>Penguin Beach</title><date></date><icon src="https://images.tv.kpn.com/epg/MSH5bfdwNINL7OOmal8KaPNl1YlJKhDKA0Fw9BYMcvis/1920x1080.jpg?blurred=false"></icon><desc>A real-time look at the unfolding story of a group of wild penguins who live on a beach in South Africa. Completely LIVE, you can interact with an expert to find out more.</desc><category></category></programme><programme channel="3044" start="20230112133000 +0000" stop="20230112173000 +0000" catchup-id="901526559"><title>Thursday SafariLIVE Sunset</title><date></date><icon src="https://images.tv.kpn.com/epg/8DRF9CrIQM1Oy61w9BpDGBwVSU0IpsjIE83ucnnc8DotA/1920x1080.jpg?blurred=false"></icon><desc>Join an safari LIVE and ask the guide questions in real time. As the sun goes down the wild cats wake up and go on the hunt. All completely LIVE and unscripted.</desc><category></category></programme><programme channel="3044" start="20230112173000 +0000" stop="20230112183000 +0000" catchup-id="901526565"><title>The Wild Show</title><date></date><icon src="https://images.tv.kpn.com/epg/YByUc5A9CRlFRBYmEvGuoIZF4ST0NC5XAuH6sIoCLRRM/1920x1080.jpg?blurred=false"></icon><desc>Join host and expert naturalist James Hendry as he takes us on a journey into the wild looking at the best WildEarth animal encounters from over the years.</desc><category></category></programme><programme channel="3044" start="20230112183000 +0000" stop="20230112193000 +0000" catchup-id="901526574"><title>The Wild Show</title><date></date><icon src="https://images.tv.kpn.com/epg/YByUc5A9CRlFRBYmEvGuoIZF4ST0NC5XAuH6sIoCLRRM/1920x1080.jpg?blurred=false"></icon><desc>Join host and expert naturalist James Hendry as he takes us on a journey into the wild looking at the best WildEarth animal encounters from over the years.</desc><category></category></programme><programme channel="3044" start="20230112193000 +0000" stop="20230112203000 +0000" catchup-id="901526580"><title>The Wild Show</title><date></date><icon src="https://images.tv.kpn.com/epg/YByUc5A9CRlFRBYmEvGuoIZF4ST0NC5XAuH6sIoCLRRM/1920x1080.jpg?blurred=false"></icon><desc>Join host and expert naturalist James Hendry as he takes us on a journey into the wild looking at the best WildEarth animal encounters from over the years.</desc><category></category></programme>