<programme channel="3268" start="20221228230000 +0000" stop="20221229050000 +0000" catchup-id="900943638"><title>Zendpauze</title><date></date><icon src="https://images.tv.kpn.com/epg/1ea8JAFvDqu2MlW9BFC7j2LGHpyIAF17IQKVS0G7nZXU/1920x1080.jpg?blurred=false"></icon><desc>Zendpauze</desc><category></category></programme><programme channel="3268" start="20221229050000 +0000" stop="20221229110000 +0000" catchup-id="900985887"><title>Zendpauze</title><date></date><icon src="https://images.tv.kpn.com/epg/1ea8JAFvDqu2MlW9BFC7j2LGHpyIAF17IQKVS0G7nZXU/1920x1080.jpg?blurred=false"></icon><desc>Zendpauze</desc><category></category></programme><programme channel="3268" start="20221229110000 +0000" stop="20221229123000 +0000" catchup-id="900985890"><title>Zendpauze</title><date></date><icon src="https://images.tv.kpn.com/epg/1ea8JAFvDqu2MlW9BFC7j2LGHpyIAF17IQKVS0G7nZXU/1920x1080.jpg?blurred=false"></icon><desc>Zendpauze</desc><category></category></programme><programme channel="3268" start="20221229123000 +0000" stop="20221229163000 +0000" catchup-id="900985896"><title>PDC World Darts Championship</title><date></date><icon src="https://images.tv.kpn.com/epg/Fy0j7vBCVW9BAAykpM9Bn4XHMDnowZYXUMXUGHwQ9AeEDU/1920x1080.jpg?blurred=false"></icon><desc>De beste darters ter wereld komen samen in het legendarische Alexandra Palace in Londen voor de 30e editie van de PDC World Darts Championship, dat van 15 december tot 3 januari gehouden wordt. De Schot Peter Wright is heersend wereldkampioen.</desc><category></category></programme><programme channel="3268" start="20221229163000 +0000" stop="20221229190000 +0000" catchup-id="900985899"><title>Zendpauze</title><date></date><icon src="https://images.tv.kpn.com/epg/1ea8JAFvDqu2MlW9BFC7j2LGHpyIAF17IQKVS0G7nZXU/1920x1080.jpg?blurred=false"></icon><desc>Zendpauze</desc><category></category></programme><programme channel="3268" start="20221229190000 +0000" stop="20221229230000 +0000" catchup-id="900985905"><title>PDC World Darts Championship</title><date></date><icon src="https://images.tv.kpn.com/epg/OPC9CtfrrA0Ry4cZ6PAKVFBOzBgzY6e2p1lbE1jl26Xg/1920x1080.jpg?blurred=false"></icon><desc>De beste darters ter wereld komen samen in het legendarische Alexandra Palace in Londen voor de 30e editie van de PDC World Darts Championship, dat van 15 december tot 3 januari gehouden wordt. De Schot Peter Wright is heersend wereldkampioen.</desc><category></category></programme><programme channel="3268" start="20221229230000 +0000" stop="20221230050000 +0000" catchup-id="900985911"><title>Zendpauze</title><date></date><icon src="https://images.tv.kpn.com/epg/1ea8JAFvDqu2MlW9BFC7j2LGHpyIAF17IQKVS0G7nZXU/1920x1080.jpg?blurred=false"></icon><desc>Zendpauze</desc><category></category></programme><programme channel="3268" start="20221230050000 +0000" stop="20221230110000 +0000" catchup-id="901025826"><title>Zendpauze</title><date></date><icon src="https://images.tv.kpn.com/epg/1ea8JAFvDqu2MlW9BFC7j2LGHpyIAF17IQKVS0G7nZXU/1920x1080.jpg?blurred=false"></icon><desc>Zendpauze</desc><category></category></programme><programme channel="3268" start="20221230110000 +0000" stop="20221230123000 +0000" catchup-id="901025829"><title>Zendpauze</title><date></date><icon src="https://images.tv.kpn.com/epg/1ea8JAFvDqu2MlW9BFC7j2LGHpyIAF17IQKVS0G7nZXU/1920x1080.jpg?blurred=false"></icon><desc>Zendpauze</desc><category></category></programme><programme channel="3268" start="20221230123000 +0000" stop="20221230163000 +0000" catchup-id="901025832"><title>PDC World Darts Championship</title><date></date><icon src="https://images.tv.kpn.com/epg/Fy0j7vBCVW9BAAykpM9Bn4XHMDnowZYXUMXUGHwQ9AeEDU/1920x1080.jpg?blurred=false"></icon><desc>De beste darters ter wereld komen samen in het legendarische Alexandra Palace in Londen voor de 30e editie van de PDC World Darts Championship, dat van 15 december tot 3 januari gehouden wordt. De Schot Peter Wright is heersend wereldkampioen.</desc><category></category></programme><programme channel="3268" start="20221230163000 +0000" stop="20221230190000 +0000" catchup-id="901025835"><title>Zendpauze</title><date></date><icon src="https://images.tv.kpn.com/epg/1ea8JAFvDqu2MlW9BFC7j2LGHpyIAF17IQKVS0G7nZXU/1920x1080.jpg?blurred=false"></icon><desc>Zendpauze</desc><category></category></programme><programme channel="3268" start="20221230190000 +0000" stop="20221230230000 +0000" catchup-id="901025838"><title>PDC World Darts Championship</title><date></date><icon src="https://images.tv.kpn.com/epg/Fy0j7vBCVW9BAAykpM9Bn4XHMDnowZYXUMXUGHwQ9AeEDU/1920x1080.jpg?blurred=false"></icon><desc>De beste darters ter wereld komen samen in het legendarische Alexandra Palace in Londen voor de 30e editie van de PDC World Darts Championship, dat van 15 december tot 3 januari gehouden wordt. De Schot Peter Wright is heersend wereldkampioen.</desc><category></category></programme><programme channel="3268" start="20221230230000 +0000" stop="20221231050000 +0000" catchup-id="901025841"><title>Zendpauze</title><date></date><icon src="https://images.tv.kpn.com/epg/1ea8JAFvDqu2MlW9BFC7j2LGHpyIAF17IQKVS0G7nZXU/1920x1080.jpg?blurred=false"></icon><desc>Zendpauze</desc><category></category></programme><programme channel="3268" start="20221231050000 +0000" stop="20221231110000 +0000" catchup-id="901066305"><title>Zendpauze</title><date></date><icon src="https://images.tv.kpn.com/epg/1ea8JAFvDqu2MlW9BFC7j2LGHpyIAF17IQKVS0G7nZXU/1920x1080.jpg?blurred=false"></icon><desc>Zendpauze</desc><category></category></programme><programme channel="3268" start="20221231110000 +0000" stop="20221231170000 +0000" catchup-id="901066308"><title>Zendpauze</title><date></date><icon src="https://images.tv.kpn.com/epg/1ea8JAFvDqu2MlW9BFC7j2LGHpyIAF17IQKVS0G7nZXU/1920x1080.jpg?blurred=false"></icon><desc>Zendpauze</desc><category></category></programme><programme channel="3268" start="20221231170000 +0000" stop="20221231230000 +0000" catchup-id="901066311"><title>Zendpauze</title><date></date><icon src="https://images.tv.kpn.com/epg/1ea8JAFvDqu2MlW9BFC7j2LGHpyIAF17IQKVS0G7nZXU/1920x1080.jpg?blurred=false"></icon><desc>Zendpauze</desc><category></category></programme><programme channel="3268" start="20221231230000 +0000" stop="20230101050000 +0000" catchup-id="901066314"><title>Zendpauze</title><date></date><icon src="https://images.tv.kpn.com/epg/1ea8JAFvDqu2MlW9BFC7j2LGHpyIAF17IQKVS0G7nZXU/1920x1080.jpg?blurred=false"></icon><desc>Zendpauze</desc><category></category></programme><programme channel="3268" start="20230101050000 +0000" stop="20230101110000 +0000" catchup-id="901110987"><title>Zendpauze</title><date></date><icon src="https://images.tv.kpn.com/epg/1ea8JAFvDqu2MlW9BFC7j2LGHpyIAF17IQKVS0G7nZXU/1920x1080.jpg?blurred=false"></icon><desc>Zendpauze</desc><category></category></programme><programme channel="3268" start="20230101110000 +0000" stop="20230101123000 +0000" catchup-id="901110990"><title>Zendpauze</title><date></date><icon src="https://images.tv.kpn.com/epg/1ea8JAFvDqu2MlW9BFC7j2LGHpyIAF17IQKVS0G7nZXU/1920x1080.jpg?blurred=false"></icon><desc>Zendpauze</desc><category></category></programme><programme channel="3268" start="20230101123000 +0000" stop="20230101163000 +0000" catchup-id="901110996"><title>PDC World Darts Championship</title><date></date><icon src="https://images.tv.kpn.com/epg/OPC9CtfrrA0Ry4cZ6PAKVFBOzBgzY6e2p1lbE1jl26Xg/1920x1080.jpg?blurred=false"></icon><desc>De beste darters ter wereld komen samen in het legendarische Alexandra Palace in Londen voor de 30e editie van de PDC World Darts Championship, dat van 15 december tot 3 januari gehouden wordt. De Schot Peter Wright is heersend wereldkampioen.</desc><category></category></programme><programme channel="3268" start="20230101163000 +0000" stop="20230101190000 +0000" catchup-id="901110999"><title>Zendpauze</title><date></date><icon src="https://images.tv.kpn.com/epg/1ea8JAFvDqu2MlW9BFC7j2LGHpyIAF17IQKVS0G7nZXU/1920x1080.jpg?blurred=false"></icon><desc>Zendpauze</desc><category></category></programme><programme channel="3268" start="20230101190000 +0000" stop="20230101230000 +0000" catchup-id="901111002"><title>PDC World Darts Championship</title><date></date><icon src="https://images.tv.kpn.com/epg/OPC9CtfrrA0Ry4cZ6PAKVFBOzBgzY6e2p1lbE1jl26Xg/1920x1080.jpg?blurred=false"></icon><desc>De beste darters ter wereld komen samen in het legendarische Alexandra Palace in Londen voor de 30e editie van de PDC World Darts Championship, dat van 15 december tot 3 januari gehouden wordt. De Schot Peter Wright is heersend wereldkampioen.</desc><category></category></programme><programme channel="3268" start="20230101230000 +0000" stop="20230102050000 +0000" catchup-id="901111005"><title>Zendpauze</title><date></date><icon src="https://images.tv.kpn.com/epg/1ea8JAFvDqu2MlW9BFC7j2LGHpyIAF17IQKVS0G7nZXU/1920x1080.jpg?blurred=false"></icon><desc>Zendpauze</desc><category></category></programme><programme channel="3268" start="20230102050000 +0000" stop="20230102110000 +0000" catchup-id="901155315"><title>Zendpauze</title><date></date><icon src="https://images.tv.kpn.com/epg/1ea8JAFvDqu2MlW9BFC7j2LGHpyIAF17IQKVS0G7nZXU/1920x1080.jpg?blurred=false"></icon><desc>Zendpauze</desc><category></category></programme><programme channel="3268" start="20230102110000 +0000" stop="20230102170000 +0000" catchup-id="901155318"><title>Zendpauze</title><date></date><icon src="https://images.tv.kpn.com/epg/1ea8JAFvDqu2MlW9BFC7j2LGHpyIAF17IQKVS0G7nZXU/1920x1080.jpg?blurred=false"></icon><desc>Zendpauze</desc><category></category></programme><programme channel="3268" start="20230102170000 +0000" stop="20230102193000 +0000" catchup-id="901155321"><title>Zendpauze</title><date></date><icon src="https://images.tv.kpn.com/epg/1ea8JAFvDqu2MlW9BFC7j2LGHpyIAF17IQKVS0G7nZXU/1920x1080.jpg?blurred=false"></icon><desc>Zendpauze</desc><category></category></programme><programme channel="3268" start="20230102193000 +0000" stop="20230102233000 +0000" catchup-id="901155324"><title>PDC World Darts Championship</title><date></date><icon src="https://images.tv.kpn.com/epg/Fy0j7vBCVW9BAAykpM9Bn4XHMDnowZYXUMXUGHwQ9AeEDU/1920x1080.jpg?blurred=false"></icon><desc>De beste darters ter wereld komen samen in het legendarische Alexandra Palace in Londen voor de 30e editie van de PDC World Darts Championship, dat van 15 december tot 3 januari gehouden wordt. De Schot Peter Wright is heersend wereldkampioen.</desc><category></category></programme><programme channel="3268" start="20230102233000 +0000" stop="20230103050000 +0000" catchup-id="901155327"><title>Zendpauze</title><date></date><icon src="https://images.tv.kpn.com/epg/1ea8JAFvDqu2MlW9BFC7j2LGHpyIAF17IQKVS0G7nZXU/1920x1080.jpg?blurred=false"></icon><desc>Zendpauze</desc><category></category></programme><programme channel="3268" start="20230103050000 +0000" stop="20230103110000 +0000" catchup-id="901203492"><title>Zendpauze</title><date></date><icon src="https://images.tv.kpn.com/epg/1ea8JAFvDqu2MlW9BFC7j2LGHpyIAF17IQKVS0G7nZXU/1920x1080.jpg?blurred=false"></icon><desc>Zendpauze</desc><category></category></programme><programme channel="3268" start="20230103110000 +0000" stop="20230103170000 +0000" catchup-id="901203495"><title>Zendpauze</title><date></date><icon src="https://images.tv.kpn.com/epg/1ea8JAFvDqu2MlW9BFC7j2LGHpyIAF17IQKVS0G7nZXU/1920x1080.jpg?blurred=false"></icon><desc>Zendpauze</desc><category></category></programme><programme channel="3268" start="20230103170000 +0000" stop="20230103200000 +0000" catchup-id="901203498"><title>Zendpauze</title><date></date><icon src="https://images.tv.kpn.com/epg/1ea8JAFvDqu2MlW9BFC7j2LGHpyIAF17IQKVS0G7nZXU/1920x1080.jpg?blurred=false"></icon><desc>Zendpauze</desc><category></category></programme><programme channel="3268" start="20230103200000 +0000" stop="20230104000000 +0000" catchup-id="901203501"><title>PDC World Darts Championship</title><date></date><icon src="https://images.tv.kpn.com/epg/OPC9CtfrrA0Ry4cZ6PAKVFBOzBgzY6e2p1lbE1jl26Xg/1920x1080.jpg?blurred=false"></icon><desc>De beste darters ter wereld komen samen in het legendarische Alexandra Palace in Londen voor de 30e editie van de PDC World Darts Championship, dat van 15 december tot 3 januari gehouden wordt. De Schot Peter Wright is heersend wereldkampioen.</desc><category></category></programme><programme channel="3268" start="20230104000000 +0000" stop="20230104050000 +0000" catchup-id="901203504"><title>Zendpauze</title><date></date><icon src="https://images.tv.kpn.com/epg/1ea8JAFvDqu2MlW9BFC7j2LGHpyIAF17IQKVS0G7nZXU/1920x1080.jpg?blurred=false"></icon><desc>Zendpauze</desc><category></category></programme><programme channel="3268" start="20230104050000 +0000" stop="20230104110000 +0000" catchup-id="901246944"><title>Zendpauze</title><date></date><icon src="https://images.tv.kpn.com/epg/1ea8JAFvDqu2MlW9BFC7j2LGHpyIAF17IQKVS0G7nZXU/1920x1080.jpg?blurred=false"></icon><desc>Zendpauze</desc><category></category></programme><programme channel="3268" start="20230104110000 +0000" stop="20230104170000 +0000" catchup-id="901246947"><title>Zendpauze</title><date></date><icon src="https://images.tv.kpn.com/epg/1ea8JAFvDqu2MlW9BFC7j2LGHpyIAF17IQKVS0G7nZXU/1920x1080.jpg?blurred=false"></icon><desc>Zendpauze</desc><category></category></programme><programme channel="3268" start="20230104170000 +0000" stop="20230104230000 +0000" catchup-id="901246950"><title>Zendpauze</title><date></date><icon src="https://images.tv.kpn.com/epg/1ea8JAFvDqu2MlW9BFC7j2LGHpyIAF17IQKVS0G7nZXU/1920x1080.jpg?blurred=false"></icon><desc>Zendpauze</desc><category></category></programme><programme channel="3268" start="20230104230000 +0000" stop="20230105050000 +0000" catchup-id="901246953"><title>Zendpauze</title><date></date><icon src="https://images.tv.kpn.com/epg/1ea8JAFvDqu2MlW9BFC7j2LGHpyIAF17IQKVS0G7nZXU/1920x1080.jpg?blurred=false"></icon><desc>Zendpauze</desc><category></category></programme><programme channel="3268" start="20230105050000 +0000" stop="20230105110000 +0000" catchup-id="901294104"><title>Zendpauze</title><date></date><icon src="https://images.tv.kpn.com/epg/1ea8JAFvDqu2MlW9BFC7j2LGHpyIAF17IQKVS0G7nZXU/1920x1080.jpg?blurred=false"></icon><desc>Zendpauze</desc><category></category></programme><programme channel="3268" start="20230105110000 +0000" stop="20230105170000 +0000" catchup-id="901294107"><title>Zendpauze</title><date></date><icon src="https://images.tv.kpn.com/epg/1ea8JAFvDqu2MlW9BFC7j2LGHpyIAF17IQKVS0G7nZXU/1920x1080.jpg?blurred=false"></icon><desc>Zendpauze</desc><category></category></programme><programme channel="3268" start="20230105170000 +0000" stop="20230105230000 +0000" catchup-id="901294110"><title>Zendpauze</title><date></date><icon src="https://images.tv.kpn.com/epg/1ea8JAFvDqu2MlW9BFC7j2LGHpyIAF17IQKVS0G7nZXU/1920x1080.jpg?blurred=false"></icon><desc>Zendpauze</desc><category></category></programme><programme channel="3268" start="20230105230000 +0000" stop="20230106050000 +0000" catchup-id="901294113"><title>Zendpauze</title><date></date><icon src="https://images.tv.kpn.com/epg/1ea8JAFvDqu2MlW9BFC7j2LGHpyIAF17IQKVS0G7nZXU/1920x1080.jpg?blurred=false"></icon><desc>Zendpauze</desc><category></category></programme><programme channel="3268" start="20230106050000 +0000" stop="20230106110000 +0000" catchup-id="901334394"><title>Zendpauze</title><date></date><icon src="https://images.tv.kpn.com/epg/1ea8JAFvDqu2MlW9BFC7j2LGHpyIAF17IQKVS0G7nZXU/1920x1080.jpg?blurred=false"></icon><desc>Zendpauze</desc><category></category></programme><programme channel="3268" start="20230106110000 +0000" stop="20230106170000 +0000" catchup-id="901334397"><title>Zendpauze</title><date></date><icon src="https://images.tv.kpn.com/epg/1ea8JAFvDqu2MlW9BFC7j2LGHpyIAF17IQKVS0G7nZXU/1920x1080.jpg?blurred=false"></icon><desc>Zendpauze</desc><category></category></programme><programme channel="3268" start="20230106170000 +0000" stop="20230106230000 +0000" catchup-id="901334403"><title>Zendpauze</title><date></date><icon src="https://images.tv.kpn.com/epg/1ea8JAFvDqu2MlW9BFC7j2LGHpyIAF17IQKVS0G7nZXU/1920x1080.jpg?blurred=false"></icon><desc>Zendpauze</desc><category></category></programme><programme channel="3268" start="20230106230000 +0000" stop="20230107050000 +0000" catchup-id="901334409"><title>Zendpauze</title><date></date><icon src="https://images.tv.kpn.com/epg/1ea8JAFvDqu2MlW9BFC7j2LGHpyIAF17IQKVS0G7nZXU/1920x1080.jpg?blurred=false"></icon><desc>Zendpauze</desc><category></category></programme><programme channel="3268" start="20230107050000 +0000" stop="20230107110000 +0000" catchup-id="901376046"><title>Zendpauze</title><date></date><icon src="https://images.tv.kpn.com/epg/1ea8JAFvDqu2MlW9BFC7j2LGHpyIAF17IQKVS0G7nZXU/1920x1080.jpg?blurred=false"></icon><desc>Zendpauze</desc><category></category></programme><programme channel="3268" start="20230107110000 +0000" stop="20230107170000 +0000" catchup-id="901376049"><title>Zendpauze</title><date></date><icon src="https://images.tv.kpn.com/epg/1ea8JAFvDqu2MlW9BFC7j2LGHpyIAF17IQKVS0G7nZXU/1920x1080.jpg?blurred=false"></icon><desc>Zendpauze</desc><category></category></programme><programme channel="3268" start="20230107170000 +0000" stop="20230107230000 +0000" catchup-id="901376052"><title>Zendpauze</title><date></date><icon src="https://images.tv.kpn.com/epg/1ea8JAFvDqu2MlW9BFC7j2LGHpyIAF17IQKVS0G7nZXU/1920x1080.jpg?blurred=false"></icon><desc>Zendpauze</desc><category></category></programme><programme channel="3268" start="20230107230000 +0000" stop="20230108050000 +0000" catchup-id="901376055"><title>Zendpauze</title><date></date><icon src="https://images.tv.kpn.com/epg/1ea8JAFvDqu2MlW9BFC7j2LGHpyIAF17IQKVS0G7nZXU/1920x1080.jpg?blurred=false"></icon><desc>Zendpauze</desc><category></category></programme><programme channel="3268" start="20230108050000 +0000" stop="20230108110000 +0000" catchup-id="901422138"><title>Zendpauze</title><date></date><icon src="https://images.tv.kpn.com/epg/1ea8JAFvDqu2MlW9BFC7j2LGHpyIAF17IQKVS0G7nZXU/1920x1080.jpg?blurred=false"></icon><desc>Zendpauze</desc><category></category></programme><programme channel="3268" start="20230108110000 +0000" stop="20230108170000 +0000" catchup-id="901422141"><title>Zendpauze</title><date></date><icon src="https://images.tv.kpn.com/epg/1ea8JAFvDqu2MlW9BFC7j2LGHpyIAF17IQKVS0G7nZXU/1920x1080.jpg?blurred=false"></icon><desc>Zendpauze</desc><category></category></programme><programme channel="3268" start="20230108170000 +0000" stop="20230108230000 +0000" catchup-id="901422147"><title>Zendpauze</title><date></date><icon src="https://images.tv.kpn.com/epg/1ea8JAFvDqu2MlW9BFC7j2LGHpyIAF17IQKVS0G7nZXU/1920x1080.jpg?blurred=false"></icon><desc>Zendpauze</desc><category></category></programme><programme channel="3268" start="20230108230000 +0000" stop="20230109050000 +0000" catchup-id="901422156"><title>Zendpauze</title><date></date><icon src="https://images.tv.kpn.com/epg/1ea8JAFvDqu2MlW9BFC7j2LGHpyIAF17IQKVS0G7nZXU/1920x1080.jpg?blurred=false"></icon><desc>Zendpauze</desc><category></category></programme><programme channel="3268" start="20230109050000 +0000" stop="20230109110000 +0000" catchup-id="901481400"><title>Zendpauze</title><date></date><icon src="https://images.tv.kpn.com/epg/1ea8JAFvDqu2MlW9BFC7j2LGHpyIAF17IQKVS0G7nZXU/1920x1080.jpg?blurred=false"></icon><desc>Zendpauze</desc><category></category></programme><programme channel="3268" start="20230109110000 +0000" stop="20230109170000 +0000" catchup-id="901481403"><title>Zendpauze</title><date></date><icon src="https://images.tv.kpn.com/epg/1ea8JAFvDqu2MlW9BFC7j2LGHpyIAF17IQKVS0G7nZXU/1920x1080.jpg?blurred=false"></icon><desc>Zendpauze</desc><category></category></programme><programme channel="3268" start="20230109170000 +0000" stop="20230109230000 +0000" catchup-id="901481406"><title>Zendpauze</title><date></date><icon src="https://images.tv.kpn.com/epg/1ea8JAFvDqu2MlW9BFC7j2LGHpyIAF17IQKVS0G7nZXU/1920x1080.jpg?blurred=false"></icon><desc>Zendpauze</desc><category></category></programme><programme channel="3268" start="20230109230000 +0000" stop="20230110050000 +0000" catchup-id="901481409"><title>Zendpauze</title><date></date><icon src="https://images.tv.kpn.com/epg/1ea8JAFvDqu2MlW9BFC7j2LGHpyIAF17IQKVS0G7nZXU/1920x1080.jpg?blurred=false"></icon><desc>Zendpauze</desc><category></category></programme><programme channel="3268" start="20230110050000 +0000" stop="20230110110000 +0000" catchup-id="901481412"><title>Zendpauze</title><date></date><icon src="https://images.tv.kpn.com/epg/1ea8JAFvDqu2MlW9BFC7j2LGHpyIAF17IQKVS0G7nZXU/1920x1080.jpg?blurred=false"></icon><desc>Zendpauze</desc><category></category></programme><programme channel="3268" start="20230110110000 +0000" stop="20230110170000 +0000" catchup-id="901481415"><title>Zendpauze</title><date></date><icon src="https://images.tv.kpn.com/epg/1ea8JAFvDqu2MlW9BFC7j2LGHpyIAF17IQKVS0G7nZXU/1920x1080.jpg?blurred=false"></icon><desc>Zendpauze</desc><category></category></programme><programme channel="3268" start="20230110170000 +0000" stop="20230110230000 +0000" catchup-id="901481418"><title>Zendpauze</title><date></date><icon src="https://images.tv.kpn.com/epg/1ea8JAFvDqu2MlW9BFC7j2LGHpyIAF17IQKVS0G7nZXU/1920x1080.jpg?blurred=false"></icon><desc>Zendpauze</desc><category></category></programme><programme channel="3268" start="20230110230000 +0000" stop="20230111050000 +0000" catchup-id="901481421"><title>Zendpauze</title><date></date><icon src="https://images.tv.kpn.com/epg/1ea8JAFvDqu2MlW9BFC7j2LGHpyIAF17IQKVS0G7nZXU/1920x1080.jpg?blurred=false"></icon><desc>Zendpauze</desc><category></category></programme><programme channel="3268" start="20230111050000 +0000" stop="20230111230000 +0000" catchup-id="901527240"><title>Formula 1® bij Viaplay</title><date></date><icon src="https://images.tv.kpn.com/epg/misc-0225_VIAPLAY/1920x1080.jpg?blurred=false"></icon><desc>Kijk tijdelijk live Formule 1 op zaterdag en zondag op Viaplay Xtra</desc><category></category></programme>