<programme channel="58" start="20221228230000 +0000" stop="20221229050000 +0000" catchup-id="900961887"><title>SLAM! - Boost Your Night!</title><date></date><icon src="https://images.tv.kpn.com/epg/dg4vH9CXjf1wPsvXg4L7Idb9Bbhcreumlj9AUADPjxh9Bng/1920x1080.jpg?blurred=false"></icon><desc>Nog geen zin om het licht uit te doen? Deze videoclips houden je nog wel even wakker!</desc><category></category></programme><programme channel="58" start="20221229050000 +0000" stop="20221229090000 +0000" catchup-id="900961890"><title>SLAM! - Early Birds</title><date></date><icon src="https://images.tv.kpn.com/epg/707AXsgsTOJc6T7zUh9BUozdf6MH9BrhEJPHcfCZUHsig/1920x1080.jpg?blurred=false"></icon><desc>Nonstop de populairste videoclips van dit moment.</desc><category></category></programme><programme channel="58" start="20221229090000 +0000" stop="20221229180000 +0000" catchup-id="900961899"><title>SLAM! - Early Birds</title><date></date><icon src="https://images.tv.kpn.com/epg/707AXsgsTOJc6T7zUh9BUozdf6MH9BrhEJPHcfCZUHsig/1920x1080.jpg?blurred=false"></icon><desc>Nonstop de populairste videoclips van dit moment.</desc><category></category></programme><programme channel="58" start="20221229180000 +0000" stop="20221229210000 +0000" catchup-id="900961905"><title>SLAM! - Early Birds</title><date></date><icon src="https://images.tv.kpn.com/epg/jee9CHLOREMmWBC4k8FA6SavQN9BOUHFIcJoARkuZVqY4/1920x1080.jpg?blurred=false"></icon><desc>Nonstop de populairste videoclips van dit moment.</desc><category></category></programme><programme channel="58" start="20221229210000 +0000" stop="20221229230000 +0000" catchup-id="900961911"><title>SLAM! - Boost Your Night!</title><date></date><icon src="https://images.tv.kpn.com/epg/dg4vH9CXjf1wPsvXg4L7Idb9Bbhcreumlj9AUADPjxh9Bng/1920x1080.jpg?blurred=false"></icon><desc>Nog geen zin om het licht uit te doen? Deze videoclips houden je nog wel even wakker!</desc><category></category></programme><programme channel="58" start="20221229230000 +0000" stop="20221230050000 +0000" catchup-id="901002570"><title>SLAM! - Boost Your Night!</title><date></date><icon src="https://images.tv.kpn.com/epg/dg4vH9CXjf1wPsvXg4L7Idb9Bbhcreumlj9AUADPjxh9Bng/1920x1080.jpg?blurred=false"></icon><desc>Nog geen zin om het licht uit te doen? Deze videoclips houden je nog wel even wakker!</desc><category></category></programme><programme channel="58" start="20221230050000 +0000" stop="20221230090000 +0000" catchup-id="901002573"><title>SLAM! - Early Birds</title><date></date><icon src="https://images.tv.kpn.com/epg/707AXsgsTOJc6T7zUh9BUozdf6MH9BrhEJPHcfCZUHsig/1920x1080.jpg?blurred=false"></icon><desc>Nonstop de populairste videoclips van dit moment.</desc><category></category></programme><programme channel="58" start="20221230090000 +0000" stop="20221230190000 +0000" catchup-id="901002582"><title>SLAM! - Early Birds</title><date></date><icon src="https://images.tv.kpn.com/epg/5uYu4FuNQwrz4akasYc2UYFQz0qZtgCuzC4weYlFda4/1920x1080.jpg?blurred=false"></icon><desc>Nonstop de populairste videoclips van dit moment.</desc><category></category></programme><programme channel="58" start="20221230190000 +0000" stop="20221230230000 +0000" catchup-id="901002588"><title>SLAM! MixMarathon</title><date></date><icon src="https://images.tv.kpn.com/epg/5uYu4FuNQwrz4akasYc2UYFQz0qZtgCuzC4weYlFda4/1920x1080.jpg?blurred=false"></icon><desc>De allerbeste livesets van nationale- en internationale DJ’s. Iedere vrijdag op je radio, nu op SLAM!TV.</desc><category></category></programme><programme channel="58" start="20221230230000 +0000" stop="20221231050000 +0000" catchup-id="901043205"><title>SLAM! - Boost Your Night!</title><date></date><icon src="https://images.tv.kpn.com/epg/dg4vH9CXjf1wPsvXg4L7Idb9Bbhcreumlj9AUADPjxh9Bng/1920x1080.jpg?blurred=false"></icon><desc>Nog geen zin om het licht uit te doen? Deze videoclips houden je nog wel even wakker!</desc><category></category></programme><programme channel="58" start="20221231050000 +0000" stop="20221231090000 +0000" catchup-id="901043208"><title>SLAM! - Early Birds</title><date></date><icon src="https://images.tv.kpn.com/epg/707AXsgsTOJc6T7zUh9BUozdf6MH9BrhEJPHcfCZUHsig/1920x1080.jpg?blurred=false"></icon><desc>Nonstop de populairste videoclips van dit moment.</desc><category></category></programme><programme channel="58" start="20221231090000 +0000" stop="20221231190000 +0000" catchup-id="901043211"><title>SLAM! - Boost Your Weekend!</title><date></date><icon src="https://images.tv.kpn.com/epg/707AXsgsTOJc6T7zUh9BUozdf6MH9BrhEJPHcfCZUHsig/1920x1080.jpg?blurred=false"></icon><desc>Klaar voor de stapavond of bijkomen van je kater? Het weekend kan niet meer stuk met de beste videoclips van dit moment.</desc><category></category></programme><programme channel="58" start="20221231190000 +0000" stop="20221231230000 +0000" catchup-id="901043214"><title>SLAM! MixMarathon</title><date></date><icon src="https://images.tv.kpn.com/epg/5uYu4FuNQwrz4akasYc2UYFQz0qZtgCuzC4weYlFda4/1920x1080.jpg?blurred=false"></icon><desc>De allerbeste livesets van nationale- en internationale DJ’s. Iedere vrijdag op je radio, nu op SLAM!TV.</desc><category></category></programme><programme channel="58" start="20221231230000 +0000" stop="20230101050000 +0000" catchup-id="901084935"><title>SLAM! - Boost Your Night!</title><date></date><icon src="https://images.tv.kpn.com/epg/dg4vH9CXjf1wPsvXg4L7Idb9Bbhcreumlj9AUADPjxh9Bng/1920x1080.jpg?blurred=false"></icon><desc>Nog geen zin om het licht uit te doen? Deze videoclips houden je nog wel even wakker!</desc><category></category></programme><programme channel="58" start="20230101050000 +0000" stop="20230101090000 +0000" catchup-id="901084938"><title>SLAM! - Early Birds</title><date></date><icon src="https://images.tv.kpn.com/epg/VQZyvY9ACCS5eB9CJMp2EpXV1j42pasQY3MugdH5TxPz4/1920x1080.jpg?blurred=false"></icon><desc>Nonstop de populairste videoclips van dit moment.</desc><category></category></programme><programme channel="58" start="20230101090000 +0000" stop="20230101190000 +0000" catchup-id="901084941"><title>SLAM! - Boost Your Weekend!</title><date></date><icon src="https://images.tv.kpn.com/epg/FdcNG9C1imKZNaUG7ROw2OFsYJegGPdQdnbkUCBVtiqI/1920x1080.jpg?blurred=false"></icon><desc>Klaar voor de stapavond of bijkomen van je kater? Het weekend kan niet meer stuk met de beste videoclips van dit moment.</desc><category></category></programme><programme channel="58" start="20230101190000 +0000" stop="20230101230000 +0000" catchup-id="901084944"><title>SLAM! MixMarathon</title><date></date><icon src="https://images.tv.kpn.com/epg/5uYu4FuNQwrz4akasYc2UYFQz0qZtgCuzC4weYlFda4/1920x1080.jpg?blurred=false"></icon><desc>De allerbeste livesets van nationale- en internationale DJ’s. Iedere vrijdag op je radio, nu op SLAM!TV.</desc><category></category></programme><programme channel="58" start="20230101230000 +0000" stop="20230102050000 +0000" catchup-id="901130868"><title>SLAM! - Boost Your Night!</title><date></date><icon src="https://images.tv.kpn.com/epg/dg4vH9CXjf1wPsvXg4L7Idb9Bbhcreumlj9AUADPjxh9Bng/1920x1080.jpg?blurred=false"></icon><desc>Nog geen zin om het licht uit te doen? Deze videoclips houden je nog wel even wakker!</desc><category></category></programme><programme channel="58" start="20230102050000 +0000" stop="20230102090000 +0000" catchup-id="901130871"><title>SLAM! - Early Birds</title><date></date><icon src="https://images.tv.kpn.com/epg/jee9CHLOREMmWBC4k8FA6SavQN9BOUHFIcJoARkuZVqY4/1920x1080.jpg?blurred=false"></icon><desc>Nonstop de populairste videoclips van dit moment.</desc><category></category></programme><programme channel="58" start="20230102090000 +0000" stop="20230102180000 +0000" catchup-id="901130874"><title>SLAM! - Early Birds</title><date></date><icon src="https://images.tv.kpn.com/epg/jee9CHLOREMmWBC4k8FA6SavQN9BOUHFIcJoARkuZVqY4/1920x1080.jpg?blurred=false"></icon><desc>Nonstop de populairste videoclips van dit moment.</desc><category></category></programme><programme channel="58" start="20230102180000 +0000" stop="20230102210000 +0000" catchup-id="901130877"><title>Visual Radio</title><date></date><icon src="https://images.tv.kpn.com/epg/7xBSYy0zPvyVotxCLAyM9BouUiMjxsBvGiFe9BTH9AfQGM/1920x1080.jpg?blurred=false"></icon><desc>SLAM! - Het Avondcircus</desc><category></category></programme><programme channel="58" start="20230102210000 +0000" stop="20230102230000 +0000" catchup-id="901130880"><title>SLAM! - Boost Your Night!</title><date></date><icon src="https://images.tv.kpn.com/epg/dg4vH9CXjf1wPsvXg4L7Idb9Bbhcreumlj9AUADPjxh9Bng/1920x1080.jpg?blurred=false"></icon><desc>Nog geen zin om het licht uit te doen? Deze videoclips houden je nog wel even wakker!</desc><category></category></programme><programme channel="58" start="20230102230000 +0000" stop="20230103050000 +0000" catchup-id="901175724"><title>SLAM! - Boost Your Night!</title><date></date><icon src="https://images.tv.kpn.com/epg/dg4vH9CXjf1wPsvXg4L7Idb9Bbhcreumlj9AUADPjxh9Bng/1920x1080.jpg?blurred=false"></icon><desc>Nog geen zin om het licht uit te doen? Deze videoclips houden je nog wel even wakker!</desc><category></category></programme><programme channel="58" start="20230103050000 +0000" stop="20230103090000 +0000" catchup-id="901175727"><title>SLAM! - Early Birds</title><date></date><icon src="https://images.tv.kpn.com/epg/5uYu4FuNQwrz4akasYc2UYFQz0qZtgCuzC4weYlFda4/1920x1080.jpg?blurred=false"></icon><desc>Nonstop de populairste videoclips van dit moment.</desc><category></category></programme><programme channel="58" start="20230103090000 +0000" stop="20230103180000 +0000" catchup-id="901175730"><title>SLAM! - Early Birds</title><date></date><icon src="https://images.tv.kpn.com/epg/5uYu4FuNQwrz4akasYc2UYFQz0qZtgCuzC4weYlFda4/1920x1080.jpg?blurred=false"></icon><desc>Nonstop de populairste videoclips van dit moment.</desc><category></category></programme><programme channel="58" start="20230103180000 +0000" stop="20230103210000 +0000" catchup-id="901175733"><title>Visual Radio</title><date></date><icon src="https://images.tv.kpn.com/epg/7xBSYy0zPvyVotxCLAyM9BouUiMjxsBvGiFe9BTH9AfQGM/1920x1080.jpg?blurred=false"></icon><desc>SLAM! - Het Avondcircus</desc><category></category></programme><programme channel="58" start="20230103210000 +0000" stop="20230103230000 +0000" catchup-id="901175736"><title>SLAM! - Boost Your Night!</title><date></date><icon src="https://images.tv.kpn.com/epg/dg4vH9CXjf1wPsvXg4L7Idb9Bbhcreumlj9AUADPjxh9Bng/1920x1080.jpg?blurred=false"></icon><desc>Nog geen zin om het licht uit te doen? Deze videoclips houden je nog wel even wakker!</desc><category></category></programme><programme channel="58" start="20230103230000 +0000" stop="20230104050000 +0000" catchup-id="901222569"><title>SLAM! - Boost Your Night!</title><date></date><icon src="https://images.tv.kpn.com/epg/dg4vH9CXjf1wPsvXg4L7Idb9Bbhcreumlj9AUADPjxh9Bng/1920x1080.jpg?blurred=false"></icon><desc>Nog geen zin om het licht uit te doen? Deze videoclips houden je nog wel even wakker!</desc><category></category></programme><programme channel="58" start="20230104050000 +0000" stop="20230104090000 +0000" catchup-id="901222572"><title>SLAM! - Early Birds</title><date></date><icon src="https://images.tv.kpn.com/epg/5uYu4FuNQwrz4akasYc2UYFQz0qZtgCuzC4weYlFda4/1920x1080.jpg?blurred=false"></icon><desc>Nonstop de populairste videoclips van dit moment.</desc><category></category></programme><programme channel="58" start="20230104090000 +0000" stop="20230104180000 +0000" catchup-id="901222575"><title>SLAM! - Early Birds</title><date></date><icon src="https://images.tv.kpn.com/epg/jee9CHLOREMmWBC4k8FA6SavQN9BOUHFIcJoARkuZVqY4/1920x1080.jpg?blurred=false"></icon><desc>Nonstop de populairste videoclips van dit moment.</desc><category></category></programme><programme channel="58" start="20230104180000 +0000" stop="20230104210000 +0000" catchup-id="901447905"><title>Het Avondcircus</title><date></date><icon src="https://images.tv.kpn.com/epg/RlN3i3WrJuvUZSk9BR9CE7kGPD3F0llkYq6etkpb39CGkw/1920x1080.jpg?blurred=false"></icon><desc>Het Avondcircus staat voor gezellige chaos. Spannend, onvoorspelbaar, tikkie vreemd, maar wel lachen! Daniël Lippens, Erik-Jan Rosendahl en Julia Maan houden je op de hoogte van het laatste nieuws en er komen verschillende toffe gasten langs!Het Avondcircus gemist? Check hier de laatste fragmenten.Live meekijken? Bekijk Het Avondcircus live op Twitch.</desc><category></category></programme><programme channel="58" start="20230104210000 +0000" stop="20230104230000 +0000" catchup-id="901222581"><title>SLAM! - Boost Your Night!</title><date></date><icon src="https://images.tv.kpn.com/epg/dg4vH9CXjf1wPsvXg4L7Idb9Bbhcreumlj9AUADPjxh9Bng/1920x1080.jpg?blurred=false"></icon><desc>Nog geen zin om het licht uit te doen? Deze videoclips houden je nog wel even wakker!</desc><category></category></programme><programme channel="58" start="20230104230000 +0000" stop="20230105050000 +0000" catchup-id="901267122"><title>SLAM! - Boost Your Night!</title><date></date><icon src="https://images.tv.kpn.com/epg/dg4vH9CXjf1wPsvXg4L7Idb9Bbhcreumlj9AUADPjxh9Bng/1920x1080.jpg?blurred=false"></icon><desc>Nog geen zin om het licht uit te doen? Deze videoclips houden je nog wel even wakker!</desc><category></category></programme><programme channel="58" start="20230105050000 +0000" stop="20230105090000 +0000" catchup-id="901267125"><title>SLAM! - Early Birds</title><date></date><icon src="https://images.tv.kpn.com/epg/VQZyvY9ACCS5eB9CJMp2EpXV1j42pasQY3MugdH5TxPz4/1920x1080.jpg?blurred=false"></icon><desc>Nonstop de populairste videoclips van dit moment.</desc><category></category></programme><programme channel="58" start="20230105090000 +0000" stop="20230105180000 +0000" catchup-id="901267128"><title>SLAM! - Early Birds</title><date></date><icon src="https://images.tv.kpn.com/epg/5uYu4FuNQwrz4akasYc2UYFQz0qZtgCuzC4weYlFda4/1920x1080.jpg?blurred=false"></icon><desc>Nonstop de populairste videoclips van dit moment.</desc><category></category></programme><programme channel="58" start="20230105180000 +0000" stop="20230105210000 +0000" catchup-id="901447908"><title>Het Avondcircus</title><date></date><icon src="https://images.tv.kpn.com/epg/RlN3i3WrJuvUZSk9BR9CE7kGPD3F0llkYq6etkpb39CGkw/1920x1080.jpg?blurred=false"></icon><desc>Het Avondcircus staat voor gezellige chaos. Spannend, onvoorspelbaar, tikkie vreemd, maar wel lachen! Daniël Lippens, Erik-Jan Rosendahl en Julia Maan houden je op de hoogte van het laatste nieuws en er komen verschillende toffe gasten langs!Het Avondcircus gemist? Check hier de laatste fragmenten.Live meekijken? Bekijk Het Avondcircus live op Twitch.</desc><category></category></programme><programme channel="58" start="20230105210000 +0000" stop="20230105230000 +0000" catchup-id="901267134"><title>SLAM! - Boost Your Night!</title><date></date><icon src="https://images.tv.kpn.com/epg/dg4vH9CXjf1wPsvXg4L7Idb9Bbhcreumlj9AUADPjxh9Bng/1920x1080.jpg?blurred=false"></icon><desc>Nog geen zin om het licht uit te doen? Deze videoclips houden je nog wel even wakker!</desc><category></category></programme><programme channel="58" start="20230105230000 +0000" stop="20230106050000 +0000" catchup-id="901311219"><title>SLAM! - Boost Your Night!</title><date></date><icon src="https://images.tv.kpn.com/epg/dg4vH9CXjf1wPsvXg4L7Idb9Bbhcreumlj9AUADPjxh9Bng/1920x1080.jpg?blurred=false"></icon><desc>Nog geen zin om het licht uit te doen? Deze videoclips houden je nog wel even wakker!</desc><category></category></programme><programme channel="58" start="20230106050000 +0000" stop="20230106090000 +0000" catchup-id="901311222"><title>SLAM! - Early Birds</title><date></date><icon src="https://images.tv.kpn.com/epg/5uYu4FuNQwrz4akasYc2UYFQz0qZtgCuzC4weYlFda4/1920x1080.jpg?blurred=false"></icon><desc>Nonstop de populairste videoclips van dit moment.</desc><category></category></programme><programme channel="58" start="20230106090000 +0000" stop="20230106190000 +0000" catchup-id="901311225"><title>SLAM! - Early Birds</title><date></date><icon src="https://images.tv.kpn.com/epg/5uYu4FuNQwrz4akasYc2UYFQz0qZtgCuzC4weYlFda4/1920x1080.jpg?blurred=false"></icon><desc>Nonstop de populairste videoclips van dit moment.</desc><category></category></programme><programme channel="58" start="20230106190000 +0000" stop="20230106230000 +0000" catchup-id="901311231"><title>SLAM! MixMarathon</title><date></date><icon src="https://images.tv.kpn.com/epg/5uYu4FuNQwrz4akasYc2UYFQz0qZtgCuzC4weYlFda4/1920x1080.jpg?blurred=false"></icon><desc>De allerbeste livesets van nationale- en internationale DJ’s. Iedere vrijdag op je radio, nu op SLAM!TV.</desc><category></category></programme><programme channel="58" start="20230106230000 +0000" stop="20230107050000 +0000" catchup-id="901352097"><title>SLAM! - Boost Your Night!</title><date></date><icon src="https://images.tv.kpn.com/epg/dg4vH9CXjf1wPsvXg4L7Idb9Bbhcreumlj9AUADPjxh9Bng/1920x1080.jpg?blurred=false"></icon><desc>Nog geen zin om het licht uit te doen? Deze videoclips houden je nog wel even wakker!</desc><category></category></programme><programme channel="58" start="20230107050000 +0000" stop="20230107090000 +0000" catchup-id="901352103"><title>SLAM! - Early Birds</title><date></date><icon src="https://images.tv.kpn.com/epg/VQZyvY9ACCS5eB9CJMp2EpXV1j42pasQY3MugdH5TxPz4/1920x1080.jpg?blurred=false"></icon><desc>Nonstop de populairste videoclips van dit moment.</desc><category></category></programme><programme channel="58" start="20230107090000 +0000" stop="20230107190000 +0000" catchup-id="901352109"><title>SLAM! - Boost Your Weekend!</title><date></date><icon src="https://images.tv.kpn.com/epg/FdcNG9C1imKZNaUG7ROw2OFsYJegGPdQdnbkUCBVtiqI/1920x1080.jpg?blurred=false"></icon><desc>Klaar voor de stapavond of bijkomen van je kater? Het weekend kan niet meer stuk met de beste videoclips van dit moment.</desc><category></category></programme><programme channel="58" start="20230107190000 +0000" stop="20230107230000 +0000" catchup-id="901352115"><title>SLAM! MixMarathon</title><date></date><icon src="https://images.tv.kpn.com/epg/5uYu4FuNQwrz4akasYc2UYFQz0qZtgCuzC4weYlFda4/1920x1080.jpg?blurred=false"></icon><desc>De allerbeste livesets van nationale- en internationale DJ’s. Iedere vrijdag op je radio, nu op SLAM!TV.</desc><category></category></programme><programme channel="58" start="20230107230000 +0000" stop="20230108050000 +0000" catchup-id="901399971"><title>SLAM! - Boost Your Night!</title><date></date><icon src="https://images.tv.kpn.com/epg/dg4vH9CXjf1wPsvXg4L7Idb9Bbhcreumlj9AUADPjxh9Bng/1920x1080.jpg?blurred=false"></icon><desc>Nog geen zin om het licht uit te doen? Deze videoclips houden je nog wel even wakker!</desc><category></category></programme><programme channel="58" start="20230108050000 +0000" stop="20230108090000 +0000" catchup-id="901399974"><title>SLAM! - Early Birds</title><date></date><icon src="https://images.tv.kpn.com/epg/707AXsgsTOJc6T7zUh9BUozdf6MH9BrhEJPHcfCZUHsig/1920x1080.jpg?blurred=false"></icon><desc>Nonstop de populairste videoclips van dit moment.</desc><category></category></programme><programme channel="58" start="20230108090000 +0000" stop="20230108190000 +0000" catchup-id="901399977"><title>SLAM! - Boost Your Weekend!</title><date></date><icon src="https://images.tv.kpn.com/epg/FdcNG9C1imKZNaUG7ROw2OFsYJegGPdQdnbkUCBVtiqI/1920x1080.jpg?blurred=false"></icon><desc>Klaar voor de stapavond of bijkomen van je kater? Het weekend kan niet meer stuk met de beste videoclips van dit moment.</desc><category></category></programme><programme channel="58" start="20230108190000 +0000" stop="20230108230000 +0000" catchup-id="901399980"><title>SLAM! MixMarathon</title><date></date><icon src="https://images.tv.kpn.com/epg/5uYu4FuNQwrz4akasYc2UYFQz0qZtgCuzC4weYlFda4/1920x1080.jpg?blurred=false"></icon><desc>De allerbeste livesets van nationale- en internationale DJ’s. Iedere vrijdag op je radio, nu op SLAM!TV.</desc><category></category></programme><programme channel="58" start="20230108230000 +0000" stop="20230109050000 +0000" catchup-id="901447911"><title>SLAM! - Boost Your Night!</title><date></date><icon src="https://images.tv.kpn.com/epg/dg4vH9CXjf1wPsvXg4L7Idb9Bbhcreumlj9AUADPjxh9Bng/1920x1080.jpg?blurred=false"></icon><desc>Nog geen zin om het licht uit te doen? Deze videoclips houden je nog wel even wakker!</desc><category></category></programme><programme channel="58" start="20230109050000 +0000" stop="20230109090000 +0000" catchup-id="901447914"><title>SLAM! - Early Birds</title><date></date><icon src="https://images.tv.kpn.com/epg/707AXsgsTOJc6T7zUh9BUozdf6MH9BrhEJPHcfCZUHsig/1920x1080.jpg?blurred=false"></icon><desc>Nonstop de populairste videoclips van dit moment.</desc><category></category></programme><programme channel="58" start="20230109090000 +0000" stop="20230109180000 +0000" catchup-id="901447917"><title>SLAM! - Early Birds</title><date></date><icon src="https://images.tv.kpn.com/epg/VQZyvY9ACCS5eB9CJMp2EpXV1j42pasQY3MugdH5TxPz4/1920x1080.jpg?blurred=false"></icon><desc>Nonstop de populairste videoclips van dit moment.</desc><category></category></programme><programme channel="58" start="20230109180000 +0000" stop="20230109210000 +0000" catchup-id="901531788"><title>Programmabeschrijving niet beschikbaar</title><date></date><icon src="https://images.tv.kpn.com/epg/default/1920x1080.jpg?blurred=false"></icon><desc>Programmabeschrijving niet beschikbaar</desc><category></category></programme><programme channel="58" start="20230109210000 +0000" stop="20230109230000 +0000" catchup-id="901447923"><title>SLAM! - Boost Your Night!</title><date></date><icon src="https://images.tv.kpn.com/epg/dg4vH9CXjf1wPsvXg4L7Idb9Bbhcreumlj9AUADPjxh9Bng/1920x1080.jpg?blurred=false"></icon><desc>Nog geen zin om het licht uit te doen? Deze videoclips houden je nog wel even wakker!</desc><category></category></programme><programme channel="58" start="20230109230000 +0000" stop="20230110050000 +0000" catchup-id="901502259"><title>SLAM! - Boost Your Night!</title><date></date><icon src="https://images.tv.kpn.com/epg/default/1920x1080.jpg?blurred=false"></icon><desc>Nog geen zin om het licht uit te doen? Deze videoclips houden je nog wel even wakker!</desc><category></category></programme><programme channel="58" start="20230110050000 +0000" stop="20230110090000 +0000" catchup-id="901502262"><title>SLAM! - Early Birds</title><date></date><icon src="https://images.tv.kpn.com/epg/default/1920x1080.jpg?blurred=false"></icon><desc>Nonstop de populairste videoclips van dit moment.</desc><category></category></programme><programme channel="58" start="20230110090000 +0000" stop="20230110180000 +0000" catchup-id="901502265"><title>SLAM! - Early Birds</title><date></date><icon src="https://images.tv.kpn.com/epg/default/1920x1080.jpg?blurred=false"></icon><desc>Nonstop de populairste videoclips van dit moment.</desc><category></category></programme><programme channel="58" start="20230110180000 +0000" stop="20230110210000 +0000" catchup-id="901531791"><title>Programmabeschrijving niet beschikbaar</title><date></date><icon src="https://images.tv.kpn.com/epg/default/1920x1080.jpg?blurred=false"></icon><desc>Programmabeschrijving niet beschikbaar</desc><category></category></programme><programme channel="58" start="20230110210000 +0000" stop="20230110230000 +0000" catchup-id="901502271"><title>SLAM! - Boost Your Night!</title><date></date><icon src="https://images.tv.kpn.com/epg/default/1920x1080.jpg?blurred=false"></icon><desc>Nog geen zin om het licht uit te doen? Deze videoclips houden je nog wel even wakker!</desc><category></category></programme><programme channel="58" start="20230110230000 +0000" stop="20230111230000 +0000" catchup-id="901502274"><title>Programmabeschrijving niet beschikbaar</title><date></date><icon src="https://images.tv.kpn.com/epg/default/1920x1080.jpg?blurred=false"></icon><desc>Programmabeschrijving niet beschikbaar</desc><category></category></programme>