{"1251421065":{"id":"1251421065","media_id":"","title":"Building Alaska","first":"B","description":"Drie mannen bouwen ieder eigenhandig een blokhut op een afgelegen locatie in Alaska. De blokhutten moeten klaar zijn voordat de winter invalt.","duration":"0","type":"show","seasons":"","icon":"https:\/\/t-mobiletv.nl:443\/CPS\/images\/universal\/film\/poster\/202207\/20220728\/52\/202207281905147158ie.jpg","category":"Documentaire","vidcollection":"","ord":"47","datum":"20201229"},"1251417943":{"id":"1251417943","media_id":"","title":"Citizen P.I.","first":"C","description":"In Malibu Creek State Park wordt een kamperende jonge vader in zijn tent doodgeschoten. Journalist CeCe Woods ontdekt vervolgens een reeks andere niet-aangegeven beschietingen.","duration":"0","type":"show","seasons":"","icon":"https:\/\/t-mobiletv.nl:443\/CPS\/images\/universal\/film\/poster\/202207\/20220728\/93\/20220728180515514eae.jpg","category":"Documentaire","vidcollection":"","ord":"5","datum":"20211229"},"1251421066":{"id":"1251421066","media_id":"","title":"Code Of The Wild","first":"C","description":"Chris en Casey gaan in het hart van Alaska op zoek naar sporen van een vliegtuig dat 47 jaar geleden neerstortte met twee politici aan boord. Kunnen ze het oude mysterie oplossen?","duration":"0","type":"show","seasons":"","icon":"https:\/\/t-mobiletv.nl:443\/CPS\/images\/universal\/film\/poster\/202207\/20220728\/33\/20220728190515515dwy.jpg","category":"Documentaire","vidcollection":"","ord":"48","datum":"20201018"},"1251418831":{"id":"1251418831","media_id":"","title":"Crime Scene Confidential","first":"C","description":"Forensisch onderzoeker Alina Burroughs kijkt terug op een van haar beruchtste zaken, de tragische dood van de 2-jarige Caylee Anthony, en vertelt de onbekende kant van het verhaal.","duration":"0","type":"show","seasons":"","icon":"https:\/\/t-mobiletv.nl:443\/CPS\/images\/universal\/film\/poster\/202207\/20220728\/21\/202207281805147109g7.jpg","category":"Documentaire","vidcollection":"","ord":"4","datum":"20220420"},"1283132452":{"id":"1283132452","media_id":"","title":"Evan Goes Wild","first":"E","description":"Evan is op een Tahitiaans eiland waar hij met bultruggen zwemt. Hij helpt ook bij het verzamelen van DNA-materiaal van citroenhaaien en redt kittens die op straat zijn gedumpt.","duration":"0","type":"show","seasons":"","icon":"https:\/\/t-mobiletv.nl:443\/CPS\/images\/universal\/film\/poster\/202210\/20221013\/65\/20221013220515518ms6.jpg","category":"Documentaire","vidcollection":"","ord":"28","datum":"20201124"},"1299773484":{"id":"1299773484","media_id":"","title":"Glory Hounds","first":"G","description":"Een blik op militaire honden en de band met hun menselijke strijdmakkers. Verbaas je over de taken die ze in de zinderende hitte van de Afghaanse woestijn uitvoeren.","duration":"0","type":"show","seasons":"","icon":"https:\/\/t-mobiletv.nl:443\/CPS\/images\/universal\/film\/poster\/202211\/20221122\/79\/202211222105155163pq.jpg","category":"Documentaire","vidcollection":"","ord":"4","datum":"20220508"},"1251397898":{"id":"1251397898","media_id":"","title":"Gold Rush: Dave Turin's Lost Mine","first":"G","description":"Uitgerust met een nieuwe wasinstallatie gaat team Turin aan het werk in een mijn in Colorado. Maar het project komt in gevaar door ongewenste aandacht van de lokale gemeenschap.","duration":"0","type":"show","seasons":"","icon":"https:\/\/t-mobiletv.nl:443\/CPS\/images\/universal\/film\/poster\/202207\/20220728\/47\/20220728170515516lzz.jpg","category":"Documentaire","vidcollection":"","ord":"46","datum":"20210816"},"1299760776":{"id":"1299760776","media_id":"","title":"Home Town","first":"H","description":"Ben en Erin helpen een stel bij het vinden van hun droomhuis met een veranda en ruimte voor hun pottenbakkerij. Ze renoveren het huis en richten het in met dierbare familiestukken.","duration":"0","type":"show","seasons":"","icon":"https:\/\/t-mobiletv.nl:443\/CPS\/images\/universal\/film\/poster\/202211\/20221122\/43\/202211222005305169zg.jpg","category":"Documentaire","vidcollection":"","ord":"6","datum":"20211222"},"1283132478":{"id":"1283132478","media_id":"","title":"Hot & Heavy","first":"H","description":"Het is spannend om een relatie met iemand te hebben, maar ook uitdagend. Wat gebeurt er als een van de partners aan extreem overgewicht lijdt en de ander zeer aantrekkelijk is?","duration":"0","type":"show","seasons":"","icon":"https:\/\/t-mobiletv.nl:443\/CPS\/images\/universal\/film\/poster\/202210\/20221013\/57\/20221013220514720wcr.jpg","category":"Documentaire","vidcollection":"","ord":"30","datum":"20201109"},"1251421064":{"id":"1251421064","media_id":"","title":"I Love a Mama's Boy","first":"I","description":"Vrouwen die daten met een moederskindje ondervinden dat de moeder van hun vriend soms zo overheersend is dat het lijkt alsof ze een driehoeksverhouding hebben!","duration":"0","type":"show","seasons":"","icon":"https:\/\/t-mobiletv.nl:443\/CPS\/images\/universal\/film\/poster\/202207\/20220728\/26\/20220728190515516e26.jpg","category":"Documentaire","vidcollection":"","ord":"2","datum":"20211111"},"1283129199":{"id":"1283129199","media_id":"","title":"Kevin Hart's Muscle Car Crew","first":"K","description":"Kevin Hart en zijn Plastic Cup Boyz willen van hun passie voor auto's hun werk maken, maar daarvoor hebben ze een gedegen kennis van auto's en de autocultuur nodig.","duration":"0","type":"show","seasons":"","icon":"https:\/\/t-mobiletv.nl:443\/CPS\/images\/universal\/film\/poster\/202210\/20221013\/26\/20221013210519707qy6.jpg","category":"Documentaire","vidcollection":"","ord":"25","datum":"20220701"},"1251418832":{"id":"1251418832","media_id":"","title":"Kids Baking Championship","first":"K","description":"De bakkers moeten twee overheerlijke meesterwerken afleveren voor de verkoop. Tijdens de wedstrijd geven Duff en Valerie de kinderen nog een verrassingsopdracht.","duration":"0","type":"show","seasons":"","icon":"https:\/\/t-mobiletv.nl:443\/CPS\/images\/universal\/film\/poster\/202207\/20220728\/52\/202207281805147475kj.jpg","category":"Documentaire","vidcollection":"","ord":"1","datum":"20210101"},"1283132479":{"id":"1283132479","media_id":"","title":"Life at Vet University","first":"L","description":"Het studiejaar is in volle gang en over een paar maanden zullen de studenten afstuderen. Ze staan onder grote druk omdat ze ook nog moeten slagen voor hun laatste stage.","duration":"0","type":"show","seasons":"","icon":"https:\/\/t-mobiletv.nl:443\/CPS\/images\/universal\/film\/poster\/202210\/20221013\/77\/20221013220514728gwr.jpg","category":"Documentaire","vidcollection":"","ord":"27","datum":"20210130"},"1299760557":{"id":"1299760557","media_id":"","title":"Murder In The Heartland","first":"M","description":"De inwoners van Wagoner in Oklahoma reageren geschokt wanneer Stacy Shoemaker dood wordt aangetroffen door haar dochter. Wie heeft de gruwelijke moord op zijn geweten?","duration":"0","type":"show","seasons":"","icon":"https:\/\/t-mobiletv.nl:443\/CPS\/images\/universal\/film\/poster\/202211\/20221122\/94\/202211221905148514hc.jpg","category":"Documentaire","vidcollection":"","ord":"8","datum":"20221007"},"1251418833":{"id":"1251418833","media_id":"","title":"My Fat Pet","first":"M","description":"Travis moet alle zeilen bijzetten om een kat van elf kilo te helpen. Het dier misdraagt zich als er niet 24 uur per dag eten voor hem klaarstaat.","duration":"0","type":"show","seasons":"","icon":"https:\/\/t-mobiletv.nl:443\/CPS\/images\/universal\/film\/poster\/202207\/20220728\/15\/20220728180514710yk7.jpg","category":"Documentaire","vidcollection":"","ord":"49","datum":"20220308"},"1299748836":{"id":"1299748836","media_id":"","title":"My Lottery Dream Home","first":"M","description":"David Bromstad helpt Amerikaanse geluksvogels om hun droomhuis te verwezenlijken. Deze families, echtparen en alleenstaanden hebben een grote geldprijs gewonnen met kraskaarten.","duration":"0","type":"show","seasons":"","icon":"https:\/\/t-mobiletv.nl:443\/CPS\/images\/universal\/film\/poster\/202211\/20221122\/48\/202211221905147521lf.jpg","category":"Documentaire","vidcollection":"","ord":"5","datum":"20220121"},"1290509385":{"id":"1290509385","media_id":"","title":"Nuclear Shark","first":"N","description":"Philippe Cousteau en zeebioloog Luke Tipple doen bij het eiland Bikini onderzoek naar het zeemilieu, dat lang geleden tijdens de Koude Oorlog verwoest werd door kernproeven.","duration":"0","type":"show","seasons":"","icon":"https:\/\/t-mobiletv.nl:443\/CPS\/images\/universal\/film\/poster\/202210\/20221031\/12\/20221031220514710kgk.jpg","category":"Documentaire","vidcollection":"","ord":"9","datum":"20211118"},"1283128413":{"id":"1283128413","media_id":"","title":"Outback Opal Hunters","first":"O","description":"De toekomst van de Young Guns is onzeker wanneer James gewond raakt. De Bushmen vinden opaal bij de grens van hun concessie en de Cheals worden gehinderd door zware regenval.","duration":"0","type":"show","seasons":"","icon":"https:\/\/t-mobiletv.nl:443\/CPS\/images\/universal\/film\/poster\/202210\/20221013\/75\/20221013210520524hhe.jpg","category":"Documentaire","vidcollection":"","ord":"26","datum":"20221007"},"1251421063":{"id":"1251421063","media_id":"","title":"Predator At Large","first":"P","description":"Een kind wordt ontvoerd tijdens het spelen met een vriend voor hun rustige appartementencomplex. De politie moet duizenden sporen uitzoeken om de waarheid te achterhalen.","duration":"0","type":"show","seasons":"","icon":"https:\/\/t-mobiletv.nl:443\/CPS\/images\/universal\/film\/poster\/202207\/20220728\/28\/20220728190514716qbl.jpg","category":"Documentaire","vidcollection":"","ord":"6","datum":"20210510"},"1299773141":{"id":"1299773141","media_id":"","title":"Preposterous Pets","first":"P","description":"In Tsjechi\u00eb wordt een baasje bedreigd door opgroeiende grote katten. Maak ook kennis met een Texaanse cowboy die een buffel in huis heeft.","duration":"0","type":"show","seasons":"","icon":"https:\/\/t-mobiletv.nl:443\/CPS\/images\/universal\/film\/poster\/202211\/20221122\/62\/202211222105147139it.jpg","category":"Documentaire","vidcollection":"","ord":"3","datum":"20210209"},"1251400278":{"id":"1251400278","media_id":"","title":"Reasonable Doubt","first":"R","description":"Veteraan Tim Wright zit in de gevangenis voor de moord op de ex van zijn vriendin, maar volgens zijn familie is hij onschuldig. Ze vragen onderzoekers om de zaak te heropenen.","duration":"0","type":"show","seasons":"","icon":"https:\/\/t-mobiletv.nl:443\/CPS\/images\/universal\/film\/poster\/202207\/20220728\/79\/20220728170514710ccm.jpg","category":"Documentaire","vidcollection":"","ord":"3","datum":"20220131"},"1299773483":{"id":"1299773483","media_id":"","title":"Rock The Block","first":"R","description":"De renovatiewedstrijd gaat van start en de eerste opdracht voor de teams is de transformatie van de keuken. Tarek El Moussa en Heather Rae Young kiezen de winnaar.","duration":"0","type":"show","seasons":"","icon":"https:\/\/t-mobiletv.nl:443\/CPS\/images\/universal\/film\/poster\/202211\/20221122\/45\/20221122210515517s14.jpg","category":"Documentaire","vidcollection":"","ord":"7","datum":"20211005"},"1299760778":{"id":"1299760778","media_id":"","title":"Salvage Hunters","first":"S","description":"Antiekhandelaar Drew Pritchard speurt het Verenigd Koninkrijk af naar bijzondere objecten. Het gelukkigst wordt hij van grote schuren die tot de nok toe vol staan met oude spullen.","duration":"0","type":"show","seasons":"","icon":"https:\/\/t-mobiletv.nl:443\/CPS\/images\/universal\/film\/poster\/202211\/20221122\/88\/20221122200530520i4f.jpg","category":"Documentaire","vidcollection":"","ord":"2","datum":"20220728"},"1283132451":{"id":"1283132451","media_id":"","title":"The Blended Bunch","first":"T","description":"In een stadje in Utah vormen Erica en Spencer Shemwell met hun elf kinderen een hedendaagse 'Brady Bunch'. Maar het samenvoegen van twee gezinnen verloopt niet altijd vlekkeloos!","duration":"0","type":"show","seasons":"","icon":"https:\/\/t-mobiletv.nl:443\/CPS\/images\/universal\/film\/poster\/202210\/20221013\/58\/20221013220515519e9w.jpg","category":"Documentaire","vidcollection":"","ord":"29","datum":"20220309"},"1251417942":{"id":"1251417942","media_id":"","title":"Too Large","first":"T","description":"Meghan kampt met gezondheidsproblemen en hoopt samen met haar beste vriendin Vanessa, die eveneens obesitas heeft, een gewichtsverminderende operatie te ondergaan.","duration":"0","type":"show","seasons":"","icon":"https:\/\/t-mobiletv.nl:443\/CPS\/images\/universal\/film\/poster\/202207\/20220728\/4\/20220728180515516iis.jpg","category":"Documentaire","vidcollection":"","ord":"50","datum":"20220117"},"1299760777":{"id":"1299760777","media_id":"","title":"Vintage Voltage","first":"V","description":"Ondernemers Mark en Charlie hebben het plan opgevat om elektrische Porsches 911 te gaan verkopen. Ze vragen Moggy en het team om een high-performance prototype te ontwikkelen.","duration":"0","type":"show","seasons":"","icon":"https:\/\/t-mobiletv.nl:443\/CPS\/images\/universal\/film\/poster\/202211\/20221122\/51\/20221122200529713mq5.jpg","category":"Documentaire","vidcollection":"","ord":"1","datum":"20220321"},"1283129198":{"id":"1283129198","media_id":"","title":"Who Killed Biggie and Tupac?","first":"W","description":"Na 25 jaar van controverses en speculaties blijft nog altijd de vraag wie Biggie en Tupac heeft vermoord. Een nieuwe kijk op de twee schietincidenten biedt antwoorden.","duration":"0","type":"show","seasons":"","icon":"https:\/\/t-mobiletv.nl:443\/CPS\/images\/universal\/film\/poster\/202210\/20221013\/62\/202210132105197114kj.jpg","category":"Documentaire","vidcollection":"","ord":"31","datum":"20220907"}}