{"8y_IbkGXEyZbOTPCGvqHCkkRRLcZHzVpXgtI3Hsr":{"id":"8y_IbkGXEyZbOTPCGvqHCkkRRLcZHzVpXgtI3Hsr","media_id":"","title":"47 Ronin","description":"","first":"other","duration":"6820","type":"movie","seasons":"","icon":"https:\/\/static-content.solocoo.tv\/vod\/starz_nl\/publish\/posters\/MV00034532_147_219.jpg","category":"Science Fiction","vidcollection":"","ord":"78","datum":"20130101"},"YyCa8agR7TNVVFe0bxDqUAE5o1NT8kxHwxOcSpFU":{"id":"YyCa8agR7TNVVFe0bxDqUAE5o1NT8kxHwxOcSpFU","media_id":"","title":"8 Tage","description":"","first":"other","duration":"2627","type":"show","seasons":"","icon":"https:\/\/static-content.solocoo.tv\/vod\/starz_nl\/publish\/posters\/SER00000590_147_219.jpg","category":"Drama","vidcollection":"","ord":"27","datum":"20190101"},"vPNR80ZqUVAgH5UoW2IcMvv_ShJOhNSfTj4PWlZt":{"id":"vPNR80ZqUVAgH5UoW2IcMvv_ShJOhNSfTj4PWlZt","media_id":"","title":"A Christmas in Royal Fashion","description":"","first":"A","duration":"4960","type":"movie","seasons":"","icon":"https:\/\/static-content.solocoo.tv\/vod\/starz_nl\/publish\/posters\/AS00042152_147_219.jpg","category":"Romance","vidcollection":"","ord":"40","datum":"20180101"},"RiKZJEcp__E_nHIzD3HHC1jpEzR7lSozohbUP0O9":{"id":"RiKZJEcp__E_nHIzD3HHC1jpEzR7lSozohbUP0O9","media_id":"","title":"A French Case","description":"","first":"A","duration":"3150","type":"show","seasons":"","icon":"https:\/\/static-content.solocoo.tv\/vod\/starz_nl\/publish\/posters\/SER00000784_147_219.jpg","category":"Drama","vidcollection":"","ord":"1","datum":"20210101"},"prIjHd5fl296kLf-5UwGebysbo2VoV-wJBdn7Qwk":{"id":"prIjHd5fl296kLf-5UwGebysbo2VoV-wJBdn7Qwk","media_id":"","title":"Abre los ojos","description":"","first":"A","duration":"7163","type":"movie","seasons":"","icon":"https:\/\/static-content.solocoo.tv\/vod\/starz_nl\/publish\/posters\/MV00002280_147_219.jpg","category":"Drama","vidcollection":"","ord":"151","datum":"19990101"},"T04EAdqqAAuSuBZFJXBz5sIlIxSUCBjboNdgavLQ":{"id":"T04EAdqqAAuSuBZFJXBz5sIlIxSUCBjboNdgavLQ","media_id":"","title":"Addicted","description":"","first":"A","duration":"0","type":"movie","seasons":"","icon":"https:\/\/static-content.solocoo.tv\/vod\/starz_nl\/publish\/posters\/MV00000011_147_219.jpg","category":"Thriller","vidcollection":"","ord":"70","datum":"20140101"},"ElyKoDbscHHEMDJZ1kaxCiI1AjAbE-0ZOuoVnBm3":{"id":"ElyKoDbscHHEMDJZ1kaxCiI1AjAbE-0ZOuoVnBm3","media_id":"","title":"After Dark, My Sweet","description":"","first":"A","duration":"6686","type":"movie","seasons":"","icon":"https:\/\/static-content.solocoo.tv\/vod\/starz_nl\/publish\/posters\/MV00002210_147_219.jpg","category":"Crime","vidcollection":"","ord":"161","datum":"19900101"},"ea-S4xjEJSWyXK5P0NyNzwUdq6-zLev6g5FSeTNe":{"id":"ea-S4xjEJSWyXK5P0NyNzwUdq6-zLev6g5FSeTNe","media_id":"","title":"Ali","description":"","first":"A","duration":"9010","type":"movie","seasons":"","icon":"https:\/\/static-content.solocoo.tv\/vod\/starz_nl\/publish\/posters\/MV00001909_147_219.jpg","category":"Drama","vidcollection":"","ord":"145","datum":"20010101"},"bwHLRjBAlDQCVGkHu_25km4UXxD-l5n9ZONwRfAg":{"id":"bwHLRjBAlDQCVGkHu_25km4UXxD-l5n9ZONwRfAg","media_id":"","title":"All About Christmas Eve","description":"","first":"A","duration":"5041","type":"movie","seasons":"","icon":"https:\/\/static-content.solocoo.tv\/vod\/starz_nl\/publish\/posters\/MV00043325_147_219.jpg","category":"Comedy","vidcollection":"","ord":"82","datum":"20120101"},"ACnCWWHawGT2zBGe8J7Yv0B02SpMaiENQNt2GBxL":{"id":"ACnCWWHawGT2zBGe8J7Yv0B02SpMaiENQNt2GBxL","media_id":"","title":"Almost Christmas","description":"","first":"A","duration":"6371","type":"movie","seasons":"","icon":"https:\/\/static-content.solocoo.tv\/vod\/starz_nl\/publish\/posters\/AS00044822_147_219.jpg","category":"Family","vidcollection":"","ord":"56","datum":"20160101"},"Qof5RCr8Y-ZtPM-XeSoGFeTiudp97IKy0AKJ3W5S":{"id":"Qof5RCr8Y-ZtPM-XeSoGFeTiudp97IKy0AKJ3W5S","media_id":"","title":"America To Me","description":"","first":"A","duration":"3485","type":"show","seasons":"","icon":"https:\/\/static-content.solocoo.tv\/vod\/starz_nl\/publish\/posters\/SER00000080_147_219.jpg","category":"Drama","vidcollection":"","ord":"45","datum":"20180101"},"6qvgoifZUcGSzKV1sDGpY7z8uUe6greLBAVMeoGq":{"id":"6qvgoifZUcGSzKV1sDGpY7z8uUe6greLBAVMeoGq","media_id":"","title":"American Pie","description":"","first":"A","duration":"5700","type":"movie","seasons":"","icon":"https:\/\/static-content.solocoo.tv\/vod\/starz_nl\/publish\/posters\/MV00000244_147_219.jpg","category":"Comedy","vidcollection":"","ord":"152","datum":"19990101"},"1qktHnpuMN3xTGhk4N8lqlArr9e76zoRvVwB1CxT":{"id":"1qktHnpuMN3xTGhk4N8lqlArr9e76zoRvVwB1CxT","media_id":"","title":"Amores Perros","description":"","first":"A","duration":"0","type":"movie","seasons":"","icon":"https:\/\/static-content.solocoo.tv\/vod\/starz_nl\/publish\/posters\/MV00001797_147_219.jpg","category":"Drama","vidcollection":"","ord":"143","datum":"20010101"},"E-ijqJK34WWH4JIutM2zT_6RR8423XMQ8hsAYFIS":{"id":"E-ijqJK34WWH4JIutM2zT_6RR8423XMQ8hsAYFIS","media_id":"","title":"An American Werewolf in London","description":"","first":"A","duration":"0","type":"movie","seasons":"","icon":"https:\/\/static-content.solocoo.tv\/vod\/starz_nl\/publish\/posters\/MV00002612_147_219.jpg","category":"Comedy","vidcollection":"","ord":"172","datum":"19810101"},"242eejhHMpEkFBCcw2npZmE6DWbVdXv-1tzN0Wox":{"id":"242eejhHMpEkFBCcw2npZmE6DWbVdXv-1tzN0Wox","media_id":"","title":"An Unfinished Life","description":"","first":"A","duration":"6466","type":"movie","seasons":"","icon":"https:\/\/static-content.solocoo.tv\/vod\/starz_nl\/publish\/posters\/MV00010512_147_219.jpg","category":"Drama","vidcollection":"","ord":"125","datum":"20050101"},"tit1TLN8MzGDoJnxQsKM3XIav2vEdn6SkBUu1-Ol":{"id":"tit1TLN8MzGDoJnxQsKM3XIav2vEdn6SkBUu1-Ol","media_id":"","title":"Animal Kingdom","description":"","first":"A","duration":"3295","type":"show","seasons":"","icon":"https:\/\/static-content.solocoo.tv\/vod\/starz_nl\/publish\/posters\/SER00000592_147_219.jpg","category":"Crime","vidcollection":"","ord":"63","datum":"20160101"},"jtdfKhiOilMiZblMl9gDfJHDNqDAg2Ue6jJas_sx":{"id":"jtdfKhiOilMiZblMl9gDfJHDNqDAg2Ue6jJas_sx","media_id":"","title":"Anna Karenina","description":"","first":"A","duration":"7452","type":"movie","seasons":"","icon":"https:\/\/static-content.solocoo.tv\/vod\/starz_nl\/publish\/posters\/MV00000440_147_219.jpg","category":"Romance","vidcollection":"","ord":"81","datum":"20120101"},"VExca6K4qDdO3Hn1qkoF29l5otIzSz09m3rvN9_-":{"id":"VExca6K4qDdO3Hn1qkoF29l5otIzSz09m3rvN9_-","media_id":"","title":"Around The World In 80 Days","description":"","first":"A","duration":"6893","type":"movie","seasons":"","icon":"https:\/\/static-content.solocoo.tv\/vod\/starz_nl\/publish\/posters\/MV00000010_147_219.jpg","category":"Action","vidcollection":"","ord":"133","datum":"20040101"},"-LWwODX9FZNiAUNUVBJ_7xNR0wjelSGhZtYSFiiO":{"id":"-LWwODX9FZNiAUNUVBJ_7xNR0wjelSGhZtYSFiiO","media_id":"","title":"Arrival","description":"","first":"A","duration":"6703","type":"movie","seasons":"","icon":"https:\/\/static-content.solocoo.tv\/vod\/starz_nl\/publish\/posters\/MV00043576_147_219.jpg","category":"Drama","vidcollection":"","ord":"57","datum":"20160101"},"jifOG49DW9bSn_IzGxoCQUb1vdNdBBaeBK1ZpM7e":{"id":"jifOG49DW9bSn_IzGxoCQUb1vdNdBBaeBK1ZpM7e","media_id":"","title":"Babel","description":"","first":"B","duration":"8238","type":"movie","seasons":"","icon":"https:\/\/static-content.solocoo.tv\/vod\/starz_nl\/publish\/posters\/MV00010499_147_219.jpg","category":"Drama","vidcollection":"","ord":"122","datum":"20060101"},"G7qCmdTJCQOZ5Zbd541pUe-pkLrEyMingPqXvBaA":{"id":"G7qCmdTJCQOZ5Zbd541pUe-pkLrEyMingPqXvBaA","media_id":"","title":"Black Sails","description":"","first":"B","duration":"3893","type":"show","seasons":"","icon":"https:\/\/static-content.solocoo.tv\/vod\/starz_nl\/publish\/posters\/SER00000187_147_219.jpg","category":"Drama","vidcollection":"","ord":"75","datum":"20140101"},"uLsjmpbntftZDC-Y-eAycPsDUBocG5PkiM-nXNKB":{"id":"uLsjmpbntftZDC-Y-eAycPsDUBocG5PkiM-nXNKB","media_id":"","title":"Blindspotting","description":"","first":"B","duration":"2025","type":"show","seasons":"","icon":"https:\/\/static-content.solocoo.tv\/vod\/starz_nl\/publish\/posters\/SER00000778_147_219.jpg","category":"Drama","vidcollection":"","ord":"7","datum":"20210101"},"CWYY7mFRfdo2ACsWIKjgySMKgVbo7lH4shwwsiaF":{"id":"CWYY7mFRfdo2ACsWIKjgySMKgVbo7lH4shwwsiaF","media_id":"","title":"Blue Mountain State","description":"","first":"B","duration":"1284","type":"show","seasons":"","icon":"https:\/\/static-content.solocoo.tv\/vod\/starz_nl\/publish\/posters\/SER00000128_147_219.jpg","category":"Comedy","vidcollection":"","ord":"97","datum":"20100101"},"2keHKZJBaQK5VEqZOd22KxZlKQAhk1aEfO28iUrI":{"id":"2keHKZJBaQK5VEqZOd22KxZlKQAhk1aEfO28iUrI","media_id":"","title":"Blue Mountain State: The Rise Of Thadland","description":"","first":"B","duration":"5400","type":"movie","seasons":"","icon":"https:\/\/static-content.solocoo.tv\/vod\/starz_nl\/publish\/posters\/MV00037628_147_219.jpg","category":"Comedy","vidcollection":"","ord":"59","datum":"20160101"},"GZKJe-RMB04WOgGC6Aq_gBZyfi8hde83EZZWmUL-":{"id":"GZKJe-RMB04WOgGC6Aq_gBZyfi8hde83EZZWmUL-","media_id":"","title":"BMF","description":"","first":"B","duration":"2958","type":"show","seasons":"","icon":"https:\/\/static-content.solocoo.tv\/vod\/starz_nl\/publish\/posters\/SER00000792_147_219.jpg","category":"Drama","vidcollection":"","ord":"3","datum":"20210101"},"gx3Cu3QUb_8HfUs-iqrgc1hjbjHZ63dHbY7-w9N8":{"id":"gx3Cu3QUb_8HfUs-iqrgc1hjbjHZ63dHbY7-w9N8","media_id":"","title":"Book of Shadows: The Blair Witch 2","description":"","first":"B","duration":"0","type":"movie","seasons":"","icon":"https:\/\/static-content.solocoo.tv\/vod\/starz_nl\/publish\/posters\/MV00003567_147_219.jpg","category":"Adventure","vidcollection":"","ord":"147","datum":"20000101"},"E4-pyL2v9agm0c8-pIk1l_tpBRNawAsvO80Dp5pq":{"id":"E4-pyL2v9agm0c8-pIk1l_tpBRNawAsvO80Dp5pq","media_id":"","title":"Brave New World","description":"","first":"B","duration":"3600","type":"show","seasons":"","icon":"https:\/\/static-content.solocoo.tv\/vod\/starz_nl\/publish\/posters\/SER00000674_147_219.jpg","category":"Drama","vidcollection":"","ord":"14","datum":"20200101"},"bxBhaKl9uID6wxTtad0aa7oIesJIMP4-dn3oGITT":{"id":"bxBhaKl9uID6wxTtad0aa7oIesJIMP4-dn3oGITT","media_id":"","title":"Castle Rock","description":"","first":"C","duration":"3263","type":"show","seasons":"","icon":"https:\/\/static-content.solocoo.tv\/vod\/starz_nl\/publish\/posters\/SER00000071_147_219.jpg","category":"Fantasy","vidcollection":"","ord":"51","datum":"20180101"},"3cprSJvObG4pRAm7HkkNgvFulIJLEMDeC_WJxAGM":{"id":"3cprSJvObG4pRAm7HkkNgvFulIJLEMDeC_WJxAGM","media_id":"","title":"Catch-22","description":"","first":"C","duration":"2720","type":"show","seasons":"","icon":"https:\/\/static-content.solocoo.tv\/vod\/starz_nl\/publish\/posters\/SER00000012_147_219.jpg","category":"Comedy","vidcollection":"","ord":"35","datum":"20190101"},"_-ez0PySBLdg9EWYYPD5ufwPQ8zSr8oA_MW6211B":{"id":"_-ez0PySBLdg9EWYYPD5ufwPQ8zSr8oA_MW6211B","media_id":"","title":"Catherine The Great","description":"","first":"C","duration":"2957","type":"show","seasons":"","icon":"https:\/\/static-content.solocoo.tv\/vod\/starz_nl\/publish\/posters\/SER00000609_147_219.jpg","category":"Drama","vidcollection":"","ord":"30","datum":"20190101"},"qVUT8r1OLqs5W9MMz00vI16GZHdKDghQ-TRr_83x":{"id":"qVUT8r1OLqs5W9MMz00vI16GZHdKDghQ-TRr_83x","media_id":"","title":"Chasing Life","description":"","first":"C","duration":"2598","type":"show","seasons":"","icon":"https:\/\/static-content.solocoo.tv\/vod\/starz_nl\/publish\/posters\/SER00000102_147_219.jpg","category":"Drama","vidcollection":"","ord":"72","datum":"20140101"},"IySf6rKrblMPrZ66BE7xT33RZ6O9_HVTYIclD-71":{"id":"IySf6rKrblMPrZ66BE7xT33RZ6O9_HVTYIclD-71","media_id":"","title":"Christmas Under Wraps","description":"","first":"C","duration":"4953","type":"movie","seasons":"","icon":"https:\/\/static-content.solocoo.tv\/vod\/starz_nl\/publish\/posters\/AS00042997_147_219.jpg","category":"Romance","vidcollection":"","ord":"68","datum":"20140101"},"lvGjsaYfXYaqkUYHA1hD3AWF8a1WAObnbDgoiv1f":{"id":"lvGjsaYfXYaqkUYHA1hD3AWF8a1WAObnbDgoiv1f","media_id":"","title":"Christmas Wonderland","description":"","first":"C","duration":"4883","type":"movie","seasons":"","icon":"https:\/\/static-content.solocoo.tv\/vod\/starz_nl\/publish\/posters\/AS00042995_147_219.jpg","category":"Romance","vidcollection":"","ord":"39","datum":"20180101"},"1eSd8jSrlwALVCIldavo8Q_hWnvmLgq4v6piBcHQ":{"id":"1eSd8jSrlwALVCIldavo8Q_hWnvmLgq4v6piBcHQ","media_id":"","title":"Communion","description":"","first":"C","duration":"0","type":"movie","seasons":"","icon":"https:\/\/static-content.solocoo.tv\/vod\/starz_nl\/publish\/posters\/MV00001773_147_219.jpg","category":"Drama","vidcollection":"","ord":"163","datum":"19890101"},"zBC9K1IlOZjp6eMKpClvtoLEHGbgliwNOP3elhVe":{"id":"zBC9K1IlOZjp6eMKpClvtoLEHGbgliwNOP3elhVe","media_id":"","title":"Confronting a Serial Killer","description":"","first":"C","duration":"3976","type":"show","seasons":"","icon":"https:\/\/static-content.solocoo.tv\/vod\/starz_nl\/publish\/posters\/SER00000749_147_219.jpg","category":"Crime","vidcollection":"","ord":"9","datum":"20210101"},"abO92exUnxgjwGdFPM0gjQ008VB3MHoR9ap6A9NB":{"id":"abO92exUnxgjwGdFPM0gjQ008VB3MHoR9ap6A9NB","media_id":"","title":"Crank","description":"","first":"C","duration":"5044","type":"movie","seasons":"","icon":"https:\/\/static-content.solocoo.tv\/vod\/starz_nl\/publish\/posters\/AS00039116_147_219.jpg","category":"Thriller","vidcollection":"","ord":"118","datum":"20060101"},"M7ctilxwAWsmTU9YG8YSgFjoTaPAv19vw4kQUq7-":{"id":"M7ctilxwAWsmTU9YG8YSgFjoTaPAv19vw4kQUq7-","media_id":"","title":"Cube","description":"","first":"C","duration":"0","type":"movie","seasons":"","icon":"https:\/\/static-content.solocoo.tv\/vod\/starz_nl\/publish\/posters\/MV00003138_147_219.jpg","category":"Fantasy","vidcollection":"","ord":"156","datum":"19970101"},"jbk9jlud1-7AREq-00_dhafYkQS6jzsmrPq_6nYt":{"id":"jbk9jlud1-7AREq-00_dhafYkQS6jzsmrPq_6nYt","media_id":"","title":"Daddy Day Camp","description":"","first":"D","duration":"0","type":"movie","seasons":"","icon":"https:\/\/static-content.solocoo.tv\/vod\/starz_nl\/publish\/posters\/MV00002206_147_219.jpg","category":"Comedy","vidcollection":"","ord":"114","datum":"20070101"},"MvGl7vWjQMCJGF5b6zXGurZheGAGjDBu18p_FVMY":{"id":"MvGl7vWjQMCJGF5b6zXGurZheGAGjDBu18p_FVMY","media_id":"","title":"Daddy Day Care","description":"","first":"D","duration":"0","type":"movie","seasons":"","icon":"https:\/\/static-content.solocoo.tv\/vod\/starz_nl\/publish\/posters\/MV00035312_147_219.jpg","category":"Comedy","vidcollection":"","ord":"138","datum":"20030101"},"LdQ9zwuxwqXGNevwFKb_szezFR7C8TXVWaS32sKO":{"id":"LdQ9zwuxwqXGNevwFKb_szezFR7C8TXVWaS32sKO","media_id":"","title":"Dear Secret Santa","description":"","first":"D","duration":"5164","type":"movie","seasons":"","icon":"https:\/\/static-content.solocoo.tv\/vod\/starz_nl\/publish\/posters\/MV00043350_147_219.jpg","category":"Drama","vidcollection":"","ord":"77","datum":"20130101"},"bYHtKc_CKI6j_LOIB1TUX5RiUffwNYQysgfWJC7n":{"id":"bYHtKc_CKI6j_LOIB1TUX5RiUffwNYQysgfWJC7n","media_id":"","title":"Deception","description":"","first":"D","duration":"6170","type":"movie","seasons":"","icon":"https:\/\/static-content.solocoo.tv\/vod\/starz_nl\/publish\/posters\/MV00038376_147_219.jpg","category":"Thriller","vidcollection":"","ord":"109","datum":"20080101"},"gciCPpbktc0FBOsB9B9LghYrZy4nAyVspD-JM1g3":{"id":"gciCPpbktc0FBOsB9B9LghYrZy4nAyVspD-JM1g3","media_id":"","title":"Dirty Dancing","description":"","first":"D","duration":"6028","type":"movie","seasons":"","icon":"https:\/\/static-content.solocoo.tv\/vod\/starz_nl\/publish\/posters\/MV00000790_147_219.jpg","category":"Drama","vidcollection":"","ord":"167","datum":"19870101"},"e-ftf0y5pXpwqZ33PKUWx5Uqv2oDGIqpst4r6j_7":{"id":"e-ftf0y5pXpwqZ33PKUWx5Uqv2oDGIqpst4r6j_7","media_id":"","title":"Dr. Death","description":"","first":"D","duration":"2507","type":"show","seasons":"","icon":"https:\/\/static-content.solocoo.tv\/vod\/starz_nl\/publish\/posters\/SER00000795_147_219.jpg","category":"Drama","vidcollection":"","ord":"4","datum":"20210101"},"c88b5tFGPxkDvu3Dp1l76_eoJldD2Jhto9NY7Fhu":{"id":"c88b5tFGPxkDvu3Dp1l76_eoJldD2Jhto9NY7Fhu","media_id":"","title":"Dr. Death: The Undoctored Story","description":"","first":"D","duration":"2746","type":"show","seasons":"","icon":"https:\/\/static-content.solocoo.tv\/vod\/starz_nl\/publish\/posters\/SER00000806_147_219.jpg","category":"Documentary","vidcollection":"","ord":"2","datum":"20210101"},"WFbWZ569BPvPhD_bannRp0rYFUo2_iGoIpX8sB17":{"id":"WFbWZ569BPvPhD_bannRp0rYFUo2_iGoIpX8sB17","media_id":"","title":"Dresden Files","description":"","first":"D","duration":"2615","type":"show","seasons":"","icon":"https:\/\/static-content.solocoo.tv\/vod\/starz_nl\/publish\/posters\/SER00000146_147_219.jpg","category":"Crime","vidcollection":"","ord":"115","datum":"20070101"},"tM5KWCZ4YHQQn3S91H4LEk9snIvw4aHAkFsEqaXl":{"id":"tM5KWCZ4YHQQn3S91H4LEk9snIvw4aHAkFsEqaXl","media_id":"","title":"Dublin Murders","description":"","first":"D","duration":"3477","type":"show","seasons":"","icon":"https:\/\/static-content.solocoo.tv\/vod\/starz_nl\/publish\/posters\/SER00000602_147_219.jpg","category":"Crime","vidcollection":"","ord":"31","datum":"20190101"},"zO0Ssh2tEPu5YzDZMRLwmXor6i_Z3w7yZ5qKXQDm":{"id":"zO0Ssh2tEPu5YzDZMRLwmXor6i_Z3w7yZ5qKXQDm","media_id":"","title":"Dune","description":"","first":"D","duration":"7848","type":"movie","seasons":"","icon":"https:\/\/static-content.solocoo.tv\/vod\/starz_nl\/publish\/posters\/MV00003075_147_219.jpg","category":"Action","vidcollection":"","ord":"168","datum":"19840101"},"50nRDJX8AJXQEAkjWJCGQiPFhKp6HURcNEeKn1y9":{"id":"50nRDJX8AJXQEAkjWJCGQiPFhKp6HURcNEeKn1y9","media_id":"","title":"F6: Twister","description":"","first":"F","duration":"5304","type":"movie","seasons":"","icon":"https:\/\/static-content.solocoo.tv\/vod\/starz_nl\/publish\/posters\/MV00001730_147_219.jpg","category":"Drama","vidcollection":"","ord":"89","datum":"20120101"},"GVqsqhwXClw62BkNks_5FtSQe2o8rqS-h_9bBtaN":{"id":"GVqsqhwXClw62BkNks_5FtSQe2o8rqS-h_9bBtaN","media_id":"","title":"Faster","description":"","first":"F","duration":"0","type":"movie","seasons":"","icon":"https:\/\/static-content.solocoo.tv\/vod\/starz_nl\/publish\/posters\/MV00043369_147_219.jpg","category":"Crime","vidcollection":"","ord":"93","datum":"20100101"},"5DMdhuFGXnwi_9J1uC2q8g6NNo-tLVSPBgyJcEXU":{"id":"5DMdhuFGXnwi_9J1uC2q8g6NNo-tLVSPBgyJcEXU","media_id":"","title":"Flesh And Bone","description":"","first":"F","duration":"3838","type":"show","seasons":"","icon":"https:\/\/static-content.solocoo.tv\/vod\/starz_nl\/publish\/posters\/SER00000179_147_219.jpg","category":"Drama","vidcollection":"","ord":"66","datum":"20150101"},"OuYlN7UAmzHopUGgcuPuLtl7OuIoNKILNkbv_6H8":{"id":"OuYlN7UAmzHopUGgcuPuLtl7OuIoNKILNkbv_6H8","media_id":"","title":"Gangs of London","description":"","first":"G","duration":"5580","type":"show","seasons":"","icon":"https:\/\/static-content.solocoo.tv\/vod\/starz_nl\/publish\/posters\/SER00000669_147_219.jpg","category":"Crime","vidcollection":"","ord":"17","datum":"20200101"},"gnC7ArcQm052R31muvNAuR78tubu1CZkXcdFs2od":{"id":"gnC7ArcQm052R31muvNAuR78tubu1CZkXcdFs2od","media_id":"","title":"Gangs of New York","description":"","first":"G","duration":"9595","type":"movie","seasons":"","icon":"https:\/\/static-content.solocoo.tv\/vod\/starz_nl\/publish\/posters\/MV00023531_147_219.jpg","category":"Crime","vidcollection":"","ord":"142","datum":"20020101"},"ARmztWoZnMoiSKyJ-aZxCJOFvxPQBxI2Tkr-qknQ":{"id":"ARmztWoZnMoiSKyJ-aZxCJOFvxPQBxI2Tkr-qknQ","media_id":"","title":"Get A Job","description":"","first":"G","duration":"4759","type":"movie","seasons":"","icon":"https:\/\/static-content.solocoo.tv\/vod\/starz_nl\/publish\/posters\/MV00003476_147_219.jpg","category":"Comedy","vidcollection":"","ord":"61","datum":"20160101"},"CuUuKFV7hUGNLnFzSPSCmsPjqHOMDD00UQlLM16f":{"id":"CuUuKFV7hUGNLnFzSPSCmsPjqHOMDD00UQlLM16f","media_id":"","title":"Girl In Progress","description":"","first":"G","duration":"5350","type":"movie","seasons":"","icon":"https:\/\/static-content.solocoo.tv\/vod\/starz_nl\/publish\/posters\/MV00000654_147_219.jpg","category":"Drama","vidcollection":"","ord":"87","datum":"20120101"},"ARpr9OaPVhVTpnqfdSQsXdP2SRF_kmrrpV49EKnb":{"id":"ARpr9OaPVhVTpnqfdSQsXdP2SRF_kmrrpV49EKnb","media_id":"","title":"Good Deeds","description":"","first":"G","duration":"0","type":"movie","seasons":"","icon":"https:\/\/static-content.solocoo.tv\/vod\/starz_nl\/publish\/posters\/MV00037378_147_219.jpg","category":"Comedy","vidcollection":"","ord":"86","datum":"20120101"},"tmGkoAVQlwgYf489eOWxyGVQ3secHAbpgc6OHyZ4":{"id":"tmGkoAVQlwgYf489eOWxyGVQ3secHAbpgc6OHyZ4","media_id":"","title":"Grown Ups","description":"","first":"G","duration":"0","type":"movie","seasons":"","icon":"https:\/\/static-content.solocoo.tv\/vod\/starz_nl\/publish\/posters\/MV00002932_147_219.jpg","category":"Comedy","vidcollection":"","ord":"94","datum":"20100101"},"J7TXqGVv09vTNatp1msPGXtzCvL6Z2t0OP-l1tP5":{"id":"J7TXqGVv09vTNatp1msPGXtzCvL6Z2t0OP-l1tP5","media_id":"","title":"Grown Ups 2","description":"","first":"G","duration":"0","type":"movie","seasons":"","icon":"https:\/\/static-content.solocoo.tv\/vod\/starz_nl\/publish\/posters\/MV00037163_147_219.jpg","category":"Comedy","vidcollection":"","ord":"79","datum":"20130101"},"7Eac0p4IFzBSWQXHwBR33TTqOWJcY-AAvW8kZ5vS":{"id":"7Eac0p4IFzBSWQXHwBR33TTqOWJcY-AAvW8kZ5vS","media_id":"","title":"Halloween","description":"","first":"H","duration":"5251","type":"movie","seasons":"","icon":"https:\/\/static-content.solocoo.tv\/vod\/starz_nl\/publish\/posters\/MV00003224_147_219.jpg","category":"Horror","vidcollection":"","ord":"173","datum":"19780101"},"-tCl-OP-Ty6ur6ROq7bfQLppqabKyQdib2JueKlK":{"id":"-tCl-OP-Ty6ur6ROq7bfQLppqabKyQdib2JueKlK","media_id":"","title":"Halloween 4: The Return Of Michael Myers","description":"","first":"H","duration":"5077","type":"movie","seasons":"","icon":"https:\/\/static-content.solocoo.tv\/vod\/starz_nl\/publish\/posters\/MV00002067_147_219.jpg","category":"Horror","vidcollection":"","ord":"164","datum":"19880101"},"RDN9rXzOx4Ve5jjkT9-Z-HzRZ4gESVlI2b3JMUcM":{"id":"RDN9rXzOx4Ve5jjkT9-Z-HzRZ4gESVlI2b3JMUcM","media_id":"","title":"Halloween 5: The Revenge Of Michael Myers","description":"","first":"H","duration":"5582","type":"movie","seasons":"","icon":"https:\/\/static-content.solocoo.tv\/vod\/starz_nl\/publish\/posters\/MV00001364_147_219.jpg","category":"Horror","vidcollection":"","ord":"162","datum":"19890101"},"morvixgaxsBNT35WZavdCLNQyVwZ4ot5aoMxsc72":{"id":"morvixgaxsBNT35WZavdCLNQyVwZ4ot5aoMxsc72","media_id":"","title":"Halloween II","description":"","first":"H","duration":"0","type":"movie","seasons":"","icon":"https:\/\/static-content.solocoo.tv\/vod\/starz_nl\/publish\/posters\/MV00000023_147_219.jpg","category":"Horror","vidcollection":"","ord":"171","datum":"19810101"},"zj9XYvc72Bs4xGTC94A1BKhYxxTWxCYcvBvZPNum":{"id":"zj9XYvc72Bs4xGTC94A1BKhYxxTWxCYcvBvZPNum","media_id":"","title":"Halloween III: Season of the Witch","description":"","first":"H","duration":"0","type":"movie","seasons":"","icon":"https:\/\/static-content.solocoo.tv\/vod\/starz_nl\/publish\/posters\/MV00003667_147_219.jpg","category":"Horror","vidcollection":"","ord":"170","datum":"19820101"},"732pwWv1M_NzHfyXiC4S-bJypfVoYHLnWR3g9Yn_":{"id":"732pwWv1M_NzHfyXiC4S-bJypfVoYHLnWR3g9Yn_","media_id":"","title":"Hamburger Hill","description":"","first":"H","duration":"6600","type":"movie","seasons":"","icon":"https:\/\/static-content.solocoo.tv\/vod\/starz_nl\/publish\/posters\/MV00000206_147_219.jpg","category":"Drama","vidcollection":"","ord":"166","datum":"19870101"},"BssqIpuOKd8Ly6h7ZJT5lLhalVoPrClSZ3XHKv2S":{"id":"BssqIpuOKd8Ly6h7ZJT5lLhalVoPrClSZ3XHKv2S","media_id":"","title":"Hanna","description":"","first":"H","duration":"6392","type":"movie","seasons":"","icon":"https:\/\/static-content.solocoo.tv\/vod\/starz_nl\/publish\/posters\/MV00003587_147_219.jpg","category":"Adventure","vidcollection":"","ord":"90","datum":"20110101"},"WUMOYXIv_no1ppkKQRnklLQGyaRyeIFzOwLwH7mR":{"id":"WUMOYXIv_no1ppkKQRnklLQGyaRyeIFzOwLwH7mR","media_id":"","title":"Heathers","description":"","first":"H","duration":"2482","type":"show","seasons":"","icon":"https:\/\/static-content.solocoo.tv\/vod\/starz_nl\/publish\/posters\/SER00000178_147_219.jpg","category":"Comedy","vidcollection":"","ord":"46","datum":"20180101"},"5T6JgkFvefVZcBne9POTxdiGcvUph3AnCYj7RUfW":{"id":"5T6JgkFvefVZcBne9POTxdiGcvUph3AnCYj7RUfW","media_id":"","title":"Heels","description":"","first":"H","duration":"3578","type":"show","seasons":"","icon":"https:\/\/static-content.solocoo.tv\/vod\/starz_nl\/publish\/posters\/SER00000772_147_219.jpg","category":"Drama","vidcollection":"","ord":"5","datum":"20210101"},"bjSkw0hpA4BE8pCVzz4fpLr0OnxdkGIqUYldSEq8":{"id":"bjSkw0hpA4BE8pCVzz4fpLr0OnxdkGIqUYldSEq8","media_id":"","title":"Hellboy","description":"","first":"H","duration":"7016","type":"movie","seasons":"","icon":"https:\/\/static-content.solocoo.tv\/vod\/starz_nl\/publish\/posters\/MV00004090_147_219.jpg","category":"Action","vidcollection":"","ord":"128","datum":"20040101"},"P8WsMheEKvS_OM7EF_ba7ZHZFtD7McSkrsPF-z5h":{"id":"P8WsMheEKvS_OM7EF_ba7ZHZFtD7McSkrsPF-z5h","media_id":"","title":"Hercules In New York","description":"","first":"H","duration":"5460","type":"movie","seasons":"","icon":"https:\/\/static-content.solocoo.tv\/vod\/starz_nl\/publish\/posters\/MV00002065_147_219.jpg","category":"Comedy","vidcollection":"","ord":"174","datum":"19690101"},"01Jly-UswT0pDt4QYQsOWtTlaVFEmhBBjk2YAz_z":{"id":"01Jly-UswT0pDt4QYQsOWtTlaVFEmhBBjk2YAz_z","media_id":"","title":"High Fidelity","description":"","first":"H","duration":"2044","type":"show","seasons":"","icon":"https:\/\/static-content.solocoo.tv\/vod\/starz_nl\/publish\/posters\/SER00000668_147_219.jpg","category":"Comedy","vidcollection":"","ord":"18","datum":"20200101"},"05lWd1ODPSHebZO3BPrL5uDUNXei1FhRNrZQOle-":{"id":"05lWd1ODPSHebZO3BPrL5uDUNXei1FhRNrZQOle-","media_id":"","title":"Hightown","description":"","first":"H","duration":"3405","type":"show","seasons":"","icon":"https:\/\/static-content.solocoo.tv\/vod\/starz_nl\/publish\/posters\/SER00000645_147_219.jpg","category":"Crime","vidcollection":"","ord":"23","datum":"20200101"},"j3ZM60ZUNOjViyiUQmnIKIflsL9lFscqM_SDBl4U":{"id":"j3ZM60ZUNOjViyiUQmnIKIflsL9lFscqM_SDBl4U","media_id":"","title":"Hitch","description":"","first":"H","duration":"6804","type":"movie","seasons":"","icon":"https:\/\/static-content.solocoo.tv\/vod\/starz_nl\/publish\/posters\/MV00002072_147_219.jpg","category":"Comedy","vidcollection":"","ord":"124","datum":"20050101"},"_Pkbl3Xj6B6TxwsU8N2TZ84V1V8AOCLH9Gi_XGn6":{"id":"_Pkbl3Xj6B6TxwsU8N2TZ84V1V8AOCLH9Gi_XGn6","media_id":"","title":"Houdini","description":"","first":"H","duration":"5167","type":"show","seasons":"","icon":"https:\/\/static-content.solocoo.tv\/vod\/starz_nl\/publish\/posters\/SER00000160_147_219.jpg","category":"Drama","vidcollection":"","ord":"74","datum":"20140101"},"Sq91iCeObqVeniycNkC_gTkN7o_ljt7-_35b__by":{"id":"Sq91iCeObqVeniycNkC_gTkN7o_ljt7-_35b__by","media_id":"","title":"Howards End","description":"","first":"H","duration":"3243","type":"show","seasons":"","icon":"https:\/\/static-content.solocoo.tv\/vod\/starz_nl\/publish\/posters\/SER00000129_147_219.jpg","category":"Drama","vidcollection":"","ord":"54","datum":"20170101"},"BHsb3vEF9W5NVSNG9S5CK7giOGbUc2ZhA4aJfmDP":{"id":"BHsb3vEF9W5NVSNG9S5CK7giOGbUc2ZhA4aJfmDP","media_id":"","title":"Inferno","description":"","first":"I","duration":"6994","type":"movie","seasons":"","icon":"https:\/\/static-content.solocoo.tv\/vod\/starz_nl\/publish\/posters\/MV00001233_147_219.jpg","category":"Drama","vidcollection":"","ord":"58","datum":"20160101"},"rcLDHXb1OGssWs8MpcTKFFBypaWSuQhyQH53UJQh":{"id":"rcLDHXb1OGssWs8MpcTKFFBypaWSuQhyQH53UJQh","media_id":"","title":"Instinto","description":"","first":"I","duration":"2695","type":"show","seasons":"","icon":"https:\/\/static-content.solocoo.tv\/vod\/starz_nl\/publish\/posters\/SER00000612_147_219.jpg","category":"Drama","vidcollection":"","ord":"26","datum":"20190101"},"uxMnqEN-MAIdPPCflTExkwFp3pnmE-JOkhdWeiT4":{"id":"uxMnqEN-MAIdPPCflTExkwFp3pnmE-JOkhdWeiT4","media_id":"","title":"Krampus","description":"","first":"K","duration":"5616","type":"movie","seasons":"","icon":"https:\/\/static-content.solocoo.tv\/vod\/starz_nl\/publish\/posters\/AS00044836_147_219.jpg","category":"Horror","vidcollection":"","ord":"64","datum":"20150101"},"Vp7S-G_g9mAMcdPqNVWHLnsZAgjDBCmeq8Wx2hYo":{"id":"Vp7S-G_g9mAMcdPqNVWHLnsZAgjDBCmeq8Wx2hYo","media_id":"","title":"Laws Of Attraction","description":"","first":"L","duration":"5181","type":"movie","seasons":"","icon":"https:\/\/static-content.solocoo.tv\/vod\/starz_nl\/publish\/posters\/MV00002806_147_219.jpg","category":"Romance","vidcollection":"","ord":"137","datum":"20030101"},"_2zw7jyUaGWKzvzJ_GMbWjF3VeBvOtLVgILq0vZ6":{"id":"_2zw7jyUaGWKzvzJ_GMbWjF3VeBvOtLVgILq0vZ6","media_id":"","title":"Leavenworth","description":"","first":"L","duration":"3088","type":"show","seasons":"","icon":"https:\/\/static-content.solocoo.tv\/vod\/starz_nl\/publish\/posters\/SER00000287_147_219.jpg","category":"Drama","vidcollection":"","ord":"33","datum":"20190101"},"sv4wvdDwoCZHI3CwP6qPOZmo6RtMDYVW21k1c2zt":{"id":"sv4wvdDwoCZHI3CwP6qPOZmo6RtMDYVW21k1c2zt","media_id":"","title":"Leprechaun","description":"","first":"L","duration":"5489","type":"movie","seasons":"","icon":"https:\/\/static-content.solocoo.tv\/vod\/starz_nl\/publish\/posters\/MV00000068_147_219.jpg","category":"Comedy","vidcollection":"","ord":"160","datum":"19920101"},"61UZsKKkC9uV_MxP2Qo0j9KSQlIXBtbeYyJ20FOP":{"id":"61UZsKKkC9uV_MxP2Qo0j9KSQlIXBtbeYyJ20FOP","media_id":"","title":"Leprechaun 4: Lost In Space","description":"","first":"L","duration":"5714","type":"movie","seasons":"","icon":"https:\/\/static-content.solocoo.tv\/vod\/starz_nl\/publish\/posters\/MV00004181_147_219.jpg","category":"Comedy","vidcollection":"","ord":"158","datum":"19960101"},"bAWu6JhW2u8IhPeGoSeY-bJnFL9RbnRYwubUlX0Y":{"id":"bAWu6JhW2u8IhPeGoSeY-bJnFL9RbnRYwubUlX0Y","media_id":"","title":"Little Birds","description":"","first":"L","duration":"3000","type":"show","seasons":"","icon":"https:\/\/static-content.solocoo.tv\/vod\/starz_nl\/publish\/posters\/SER00000746_147_219.jpg","category":"Drama","vidcollection":"","ord":"11","datum":"20210101"},"O1aGaJwbuyWUeV1LctA1UuWle39PyogqK9OZas9g":{"id":"O1aGaJwbuyWUeV1LctA1UuWle39PyogqK9OZas9g","media_id":"","title":"Little Drummer Girl","description":"","first":"L","duration":"3356","type":"show","seasons":"","icon":"https:\/\/static-content.solocoo.tv\/vod\/starz_nl\/publish\/posters\/SER00000155_147_219.jpg","category":"Drama","vidcollection":"","ord":"47","datum":"20180101"},"NjMOxbxkckzNsDi2YvskGi_miwFqljaiO-DUS0wa":{"id":"NjMOxbxkckzNsDi2YvskGi_miwFqljaiO-DUS0wa","media_id":"","title":"Lock, Stock and Two Smoking Barrels","description":"","first":"L","duration":"6420","type":"movie","seasons":"","icon":"https:\/\/static-content.solocoo.tv\/vod\/starz_nl\/publish\/posters\/MV00002506_147_219.jpg","category":"Comedy","vidcollection":"","ord":"155","datum":"19980101"},"BwlMFT5Y1l12bzweTXuOOcwKzTYjEvTWpeIJEXsb":{"id":"BwlMFT5Y1l12bzweTXuOOcwKzTYjEvTWpeIJEXsb","media_id":"","title":"Manhunt: Deadly Games","description":"","first":"M","duration":"3600","type":"show","seasons":"","icon":"https:\/\/static-content.solocoo.tv\/vod\/starz_nl\/publish\/posters\/SER00000646_147_219.jpg","category":"Drama","vidcollection":"","ord":"24","datum":"20200101"},"mL0hqu_ypLZMysGLx3pSnbvKPrl4dkj9JU4grReB":{"id":"mL0hqu_ypLZMysGLx3pSnbvKPrl4dkj9JU4grReB","media_id":"","title":"Monster's Ball","description":"","first":"M","duration":"0","type":"movie","seasons":"","icon":"https:\/\/static-content.solocoo.tv\/vod\/starz_nl\/publish\/posters\/MV00002261_147_219.jpg","category":"Drama","vidcollection":"","ord":"140","datum":"20020101"},"ObOdftCBZvuNJdwrFhGbeqDsibUbsm6HGPmmgfFB":{"id":"ObOdftCBZvuNJdwrFhGbeqDsibUbsm6HGPmmgfFB","media_id":"","title":"My Christmas Inn","description":"","first":"M","duration":"5031","type":"movie","seasons":"","icon":"https:\/\/static-content.solocoo.tv\/vod\/starz_nl\/publish\/posters\/AS00042994_147_219.jpg","category":"Comedy","vidcollection":"","ord":"38","datum":"20180101"},"udGA113HBhXXdEv6k8pzHGWS-W6-sP0RJiHyq6Hw":{"id":"udGA113HBhXXdEv6k8pzHGWS-W6-sP0RJiHyq6Hw","media_id":"","title":"New France","description":"","first":"N","duration":"0","type":"movie","seasons":"","icon":"https:\/\/static-content.solocoo.tv\/vod\/starz_nl\/publish\/posters\/MV00004336_147_219.jpg","category":"Drama","vidcollection":"","ord":"130","datum":"20040101"},"pt-B3WD0sU1HaVCJCN6qsdjTEhTUjdP0aJ0uZWM7":{"id":"pt-B3WD0sU1HaVCJCN6qsdjTEhTUjdP0aJ0uZWM7","media_id":"","title":"No Man's Land","description":"","first":"N","duration":"2578","type":"show","seasons":"","icon":"https:\/\/static-content.solocoo.tv\/vod\/starz_nl\/publish\/posters\/SER00000738_147_219.jpg","category":"Drama","vidcollection":"","ord":"15","datum":"20200101"},"8OVfc8dACYRUNA8hmjbDa-2fJXlgWZTY-p4DwOea":{"id":"8OVfc8dACYRUNA8hmjbDa-2fJXlgWZTY-p4DwOea","media_id":"","title":"Normal People","description":"","first":"N","duration":"1724","type":"show","seasons":"","icon":"https:\/\/static-content.solocoo.tv\/vod\/starz_nl\/publish\/posters\/SER00000662_147_219.jpg","category":"Drama","vidcollection":"","ord":"20","datum":"20200101"},"oPr3jg1byIxHL0MOuMae7jZorYkUhLWQ_EIQf_L-":{"id":"oPr3jg1byIxHL0MOuMae7jZorYkUhLWQ_EIQf_L-","media_id":"","title":"Now Apocalypse","description":"","first":"N","duration":"1779","type":"show","seasons":"","icon":"https:\/\/static-content.solocoo.tv\/vod\/starz_nl\/publish\/posters\/SER00000207_147_219.jpg","category":"Comedy","vidcollection":"","ord":"37","datum":"20190101"},"rpP4oIQ-HwzwnJHcEscET-nt4DHl7nu-P5Axra1a":{"id":"rpP4oIQ-HwzwnJHcEscET-nt4DHl7nu-P5Axra1a","media_id":"","title":"P-Valley","description":"","first":"P","duration":"3563","type":"show","seasons":"","icon":"https:\/\/static-content.solocoo.tv\/vod\/starz_nl\/publish\/posters\/SER00000625_147_219.jpg","category":"Drama","vidcollection":"","ord":"21","datum":"20200101"},"7mrUQw770wFtMINpticez9KPY2M19uZxjrU-S_rB":{"id":"7mrUQw770wFtMINpticez9KPY2M19uZxjrU-S_rB","media_id":"","title":"Pennyworth","description":"","first":"P","duration":"4287","type":"show","seasons":"","icon":"https:\/\/static-content.solocoo.tv\/vod\/starz_nl\/publish\/posters\/SER00000599_147_219.jpg","category":"Drama","vidcollection":"","ord":"32","datum":"20190101"},"2QThKSmlW6ZaZxLeV8e0qz_hiRst1BvLIr5aO37P":{"id":"2QThKSmlW6ZaZxLeV8e0qz_hiRst1BvLIr5aO37P","media_id":"","title":"Power","description":"","first":"P","duration":"3327","type":"show","seasons":"","icon":"https:\/\/static-content.solocoo.tv\/vod\/starz_nl\/publish\/posters\/SER00000141_147_219.jpg","category":"Drama","vidcollection":"","ord":"76","datum":"20140101"},"zJsd3HD_lsxu2tWO_s0bDTLGCwCNuhPSpjI032Hy":{"id":"zJsd3HD_lsxu2tWO_s0bDTLGCwCNuhPSpjI032Hy","media_id":"","title":"Power Book II: Ghost","description":"","first":"P","duration":"3976","type":"show","seasons":"","icon":"https:\/\/static-content.solocoo.tv\/vod\/starz_nl\/publish\/posters\/SER00000643_147_219.jpg","category":"Drama","vidcollection":"","ord":"19","datum":"20200101"},"m7toU7-2TLKD10ZiVEGPj-HiAWK8vYkWeGYgRP6x":{"id":"m7toU7-2TLKD10ZiVEGPj-HiAWK8vYkWeGYgRP6x","media_id":"","title":"Power Book III: Raising Kanan","description":"","first":"P","duration":"3460","type":"show","seasons":"","icon":"https:\/\/static-content.solocoo.tv\/vod\/starz_nl\/publish\/posters\/SER00000779_147_219.jpg","category":"Crime","vidcollection":"","ord":"6","datum":"20210101"},"wEXUmPY1EcjN8yUofuIX4oWAr3R32DgZP6PiLNaZ":{"id":"wEXUmPY1EcjN8yUofuIX4oWAr3R32DgZP6PiLNaZ","media_id":"","title":"Ramy","description":"","first":"R","duration":"1589","type":"show","seasons":"","icon":"https:\/\/static-content.solocoo.tv\/vod\/starz_nl\/publish\/posters\/SER00000600_147_219.jpg","category":"Comedy","vidcollection":"","ord":"29","datum":"20190101"},"XRnKO1VjO3Rdj_bzFp6u7BlR2SrNpT2zK2FsOPPd":{"id":"XRnKO1VjO3Rdj_bzFp6u7BlR2SrNpT2zK2FsOPPd","media_id":"","title":"Riddle","description":"","first":"R","duration":"6000","type":"movie","seasons":"","icon":"https:\/\/static-content.solocoo.tv\/vod\/starz_nl\/publish\/posters\/MV00038918_147_219.jpg","category":"Thriller","vidcollection":"","ord":"80","datum":"20130101"},"wj5LmlQWDBOR9GZWwrnZkwffTZ6Pgxghzq9wO1CY":{"id":"wj5LmlQWDBOR9GZWwrnZkwffTZ6Pgxghzq9wO1CY","media_id":"","title":"Ride Upon The Storm","description":"","first":"R","duration":"3566","type":"show","seasons":"","icon":"https:\/\/static-content.solocoo.tv\/vod\/starz_nl\/publish\/posters\/SER00000288_147_219.jpg","category":"Drama","vidcollection":"","ord":"55","datum":"20170101"},"R15SEpu3hMP-Fqw52oE0IGBZFvPgWiHNkVNXxMUy":{"id":"R15SEpu3hMP-Fqw52oE0IGBZFvPgWiHNkVNXxMUy","media_id":"","title":"Rosemary's Baby","description":"","first":"R","duration":"5071","type":"show","seasons":"","icon":"https:\/\/static-content.solocoo.tv\/vod\/starz_nl\/publish\/posters\/SER00000231_147_219.jpg","category":"Thriller","vidcollection":"","ord":"73","datum":"20140101"},"Jo-oEyv3MfI4ynnTw9hjGNpdbtzfJ91qdMH-d5es":{"id":"Jo-oEyv3MfI4ynnTw9hjGNpdbtzfJ91qdMH-d5es","media_id":"","title":"Run The World","description":"","first":"R","duration":"1690","type":"show","seasons":"","icon":"https:\/\/static-content.solocoo.tv\/vod\/starz_nl\/publish\/posters\/SER00000770_147_219.jpg","category":"Drama","vidcollection":"","ord":"8","datum":"20210101"},"Myg1ToW86rf_Uk3tyKZsULzLKTHYum5gGdGlC9Dn":{"id":"Myg1ToW86rf_Uk3tyKZsULzLKTHYum5gGdGlC9Dn","media_id":"","title":"Sahara","description":"","first":"S","duration":"7130","type":"movie","seasons":"","icon":"https:\/\/static-content.solocoo.tv\/vod\/starz_nl\/publish\/posters\/MV00035379_147_219.jpg","category":"Action","vidcollection":"","ord":"127","datum":"20050101"},"SfLfYymL6mHNspdDIw14gG3Wbf5lMeWJRYm9sq6Q":{"id":"SfLfYymL6mHNspdDIw14gG3Wbf5lMeWJRYm9sq6Q","media_id":"","title":"Saw","description":"","first":"S","duration":"6193","type":"movie","seasons":"","icon":"https:\/\/static-content.solocoo.tv\/vod\/starz_nl\/publish\/posters\/MV00003569_147_219.jpg","category":"Horror","vidcollection":"","ord":"131","datum":"20040101"},"vrqwO8MaVouFkEuBDOnmGO52i0etjD1cRT15rlp0":{"id":"vrqwO8MaVouFkEuBDOnmGO52i0etjD1cRT15rlp0","media_id":"","title":"Saw 3D","description":"","first":"S","duration":"0","type":"movie","seasons":"","icon":"https:\/\/static-content.solocoo.tv\/vod\/starz_nl\/publish\/posters\/MV00003917_147_219.jpg","category":"Thriller","vidcollection":"","ord":"96","datum":"20100101"},"HotdLO9vtLpE9E8mh_zZRHUZvgOIigly0buYrWMD":{"id":"HotdLO9vtLpE9E8mh_zZRHUZvgOIigly0buYrWMD","media_id":"","title":"Scarface","description":"","first":"S","duration":"9772","type":"movie","seasons":"","icon":"https:\/\/static-content.solocoo.tv\/vod\/starz_nl\/publish\/posters\/MV00000983_147_219.jpg","category":"Drama","vidcollection":"","ord":"169","datum":"19830101"},"kZOOudBqnLMb4ZZvdAMO5XGIdV8r3M5ekQw1gciI":{"id":"kZOOudBqnLMb4ZZvdAMO5XGIdV8r3M5ekQw1gciI","media_id":"","title":"Secretary","description":"","first":"S","duration":"6420","type":"movie","seasons":"","icon":"https:\/\/static-content.solocoo.tv\/vod\/starz_nl\/publish\/posters\/MV00000081_147_219.jpg","category":"Comedy","vidcollection":"","ord":"144","datum":"20010101"},"wXsBS6WBtef-euYC5Z5Jh84cFTpKCvIOD_gHye3O":{"id":"wXsBS6WBtef-euYC5Z5Jh84cFTpKCvIOD_gHye3O","media_id":"","title":"SEDUCED: INSIDE THE NXIVM CULT","description":"","first":"S","duration":"3219","type":"show","seasons":"","icon":"https:\/\/static-content.solocoo.tv\/vod\/starz_nl\/publish\/posters\/SER00000728_147_219.jpg","category":"Documentary","vidcollection":"","ord":"16","datum":"20200101"},"F_UPUB4rhSPM-QB9ChnbJxsKNLoHXLgCCYgmytUg":{"id":"F_UPUB4rhSPM-QB9ChnbJxsKNLoHXLgCCYgmytUg","media_id":"","title":"Silent Witness","description":"","first":"S","duration":"0","type":"movie","seasons":"","icon":"https:\/\/static-content.solocoo.tv\/vod\/starz_nl\/publish\/posters\/MV00003654_147_219.jpg","category":"Thriller","vidcollection":"","ord":"91","datum":"20110101"},"yK4e3QjMz9r394pSt1-pUzt-R5vyILYIn4-rnDcK":{"id":"yK4e3QjMz9r394pSt1-pUzt-R5vyILYIn4-rnDcK","media_id":"","title":"Snatch","description":"","first":"S","duration":"0","type":"movie","seasons":"","icon":"https:\/\/static-content.solocoo.tv\/vod\/starz_nl\/publish\/posters\/MV00000698_147_219.jpg","category":"Crime","vidcollection":"","ord":"148","datum":"20000101"},"GzkppmCtL4n3alIcRSPOkgNYN9Jykee8v8lboJYO":{"id":"GzkppmCtL4n3alIcRSPOkgNYN9Jykee8v8lboJYO","media_id":"","title":"Spartacus","description":"","first":"S","duration":"3267","type":"show","seasons":"","icon":"https:\/\/static-content.solocoo.tv\/vod\/starz_nl\/publish\/posters\/SER00000271_147_219.jpg","category":"Drama","vidcollection":"","ord":"98","datum":"20100101"},"LhSdQjaDvJ4iGLGCtKCpFAWlxEWM6UdN_I-xXH5N":{"id":"LhSdQjaDvJ4iGLGCtKCpFAWlxEWM6UdN_I-xXH5N","media_id":"","title":"Spider-Man 2","description":"","first":"S","duration":"7331","type":"movie","seasons":"","icon":"https:\/\/static-content.solocoo.tv\/vod\/starz_nl\/publish\/posters\/MV00034317_147_219.jpg","category":"Action","vidcollection":"","ord":"129","datum":"20040101"},"yJ8uYfFri63QZxcQkpA4IrLx8hzX-DxpSRAIge5H":{"id":"yJ8uYfFri63QZxcQkpA4IrLx8hzX-DxpSRAIge5H","media_id":"","title":"Spider-Man 3","description":"","first":"S","duration":"8006","type":"movie","seasons":"","icon":"https:\/\/static-content.solocoo.tv\/vod\/starz_nl\/publish\/posters\/MV00002771_147_219.jpg","category":"Action","vidcollection":"","ord":"112","datum":"20070101"},"l72Zh7tyrfcLaJB7BGxjjdQ8E8zUkaUSgnbkY5CA":{"id":"l72Zh7tyrfcLaJB7BGxjjdQ8E8zUkaUSgnbkY5CA","media_id":"","title":"Step Brothers","description":"","first":"S","duration":"5628","type":"movie","seasons":"","icon":"https:\/\/static-content.solocoo.tv\/vod\/starz_nl\/publish\/posters\/MV00036060_147_219.jpg","category":"Comedy","vidcollection":"","ord":"106","datum":"20080101"},"KO6uuZqHU8Wak0dsbVyQP9MdywMyNMKFlCgQRelL":{"id":"KO6uuZqHU8Wak0dsbVyQP9MdywMyNMKFlCgQRelL","media_id":"","title":"Step Up","description":"","first":"S","duration":"0","type":"movie","seasons":"","icon":"https:\/\/static-content.solocoo.tv\/vod\/starz_nl\/publish\/posters\/MV00003331_147_219.jpg","category":"Music","vidcollection":"","ord":"121","datum":"20060101"},"2nNGPpFSMK7vs5zEnHGDuAL20YUsLmsRuO5RGEp4":{"id":"2nNGPpFSMK7vs5zEnHGDuAL20YUsLmsRuO5RGEp4","media_id":"","title":"Step Up 2: The Streets","description":"","first":"S","duration":"5611","type":"movie","seasons":"","icon":"https:\/\/static-content.solocoo.tv\/vod\/starz_nl\/publish\/posters\/MV00003533_147_219.jpg","category":"Romance","vidcollection":"","ord":"108","datum":"20080101"},"jHbqnxne7KiMqBeWqjQiaMGFlGj743zuFtAVh6FF":{"id":"jHbqnxne7KiMqBeWqjQiaMGFlGj743zuFtAVh6FF","media_id":"","title":"Step Up 3D","description":"","first":"S","duration":"0","type":"movie","seasons":"","icon":"https:\/\/static-content.solocoo.tv\/vod\/starz_nl\/publish\/posters\/MV00000436_147_219.jpg","category":"Music","vidcollection":"","ord":"95","datum":"20100101"},"mT2Sjryf66VEJS3hZIFultwsqD8iLWxom5PCSPdB":{"id":"mT2Sjryf66VEJS3hZIFultwsqD8iLWxom5PCSPdB","media_id":"","title":"Step Up 4 Miami Heat","description":"","first":"S","duration":"5675","type":"movie","seasons":"","icon":"https:\/\/static-content.solocoo.tv\/vod\/starz_nl\/publish\/posters\/MV00035236_147_219.jpg","category":"Drama","vidcollection":"","ord":"84","datum":"20120101"},"D8D2HxIKOaSst76hx_-8P6XuXvtrwIdMfaah8Qdv":{"id":"D8D2HxIKOaSst76hx_-8P6XuXvtrwIdMfaah8Qdv","media_id":"","title":"Step Up: All In","description":"","first":"S","duration":"0","type":"movie","seasons":"","icon":"https:\/\/static-content.solocoo.tv\/vod\/starz_nl\/publish\/posters\/MV00036103_147_219.jpg","category":"Music","vidcollection":"","ord":"71","datum":"20140101"},"tZ5uTmLd7IBHkg9JPQ4kl13WwgJpP-GgUoxaTqSr":{"id":"tZ5uTmLd7IBHkg9JPQ4kl13WwgJpP-GgUoxaTqSr","media_id":"","title":"Step Up: High Water","description":"","first":"S","duration":"3420","type":"show","seasons":"","icon":"https:\/\/static-content.solocoo.tv\/vod\/starz_nl\/publish\/posters\/SER00000750_147_219.jpg","category":"Drama","vidcollection":"","ord":"42","datum":"20180101"},"6MpjUDQDhnWE3HLfa5uZQwUQ93vvjhn-bX-iPwRU":{"id":"6MpjUDQDhnWE3HLfa5uZQwUQ93vvjhn-bX-iPwRU","media_id":"","title":"Straight Outta Compton","description":"","first":"S","duration":"8431","type":"movie","seasons":"","icon":"https:\/\/static-content.solocoo.tv\/vod\/starz_nl\/publish\/posters\/MV00045219_147_219.jpg","category":"Crime","vidcollection":"","ord":"65","datum":"20150101"},"L2aq6GCrh9gp0RZ6pCHMpYn_QDHIXNzqC4pxYcBH":{"id":"L2aq6GCrh9gp0RZ6pCHMpYn_QDHIXNzqC4pxYcBH","media_id":"","title":"Superbad","description":"","first":"S","duration":"6506","type":"movie","seasons":"","icon":"https:\/\/static-content.solocoo.tv\/vod\/starz_nl\/publish\/posters\/MV00001394_147_219.jpg","category":"Comedy","vidcollection":"","ord":"113","datum":"20070101"},"bRMpAZHdw04y71A2V8d_eG4iCQEsvQq6jBYMgTmX":{"id":"bRMpAZHdw04y71A2V8d_eG4iCQEsvQq6jBYMgTmX","media_id":"","title":"Sweetbitter","description":"","first":"S","duration":"1704","type":"show","seasons":"","icon":"https:\/\/static-content.solocoo.tv\/vod\/starz_nl\/publish\/posters\/SER00000046_147_219.jpg","category":"Drama","vidcollection":"","ord":"49","datum":"20180101"},"fDXrfG3V6vgGCUJmwPgXaGkhxKNksuJBwWqJQN9T":{"id":"fDXrfG3V6vgGCUJmwPgXaGkhxKNksuJBwWqJQN9T","media_id":"","title":"The Act","description":"","first":"T","duration":"3042","type":"show","seasons":"","icon":"https:\/\/static-content.solocoo.tv\/vod\/starz_nl\/publish\/posters\/SER00000212_147_219.jpg","category":"Drama","vidcollection":"","ord":"34","datum":"20190101"},"lD1a40ZH-A-owuWXvgS4FzdzfiCIRuZoPn44jBPm":{"id":"lD1a40ZH-A-owuWXvgS4FzdzfiCIRuZoPn44jBPm","media_id":"","title":"The Amazing Spider-Man","description":"","first":"T","duration":"7842","type":"movie","seasons":"","icon":"https:\/\/static-content.solocoo.tv\/vod\/starz_nl\/publish\/posters\/MV00036742_147_219.jpg","category":"Action","vidcollection":"","ord":"83","datum":"20120101"},"A9X6jfHE3DP-woMjf2x57LyyorNMa8ryNl2DZs1L":{"id":"A9X6jfHE3DP-woMjf2x57LyyorNMa8ryNl2DZs1L","media_id":"","title":"The Amazing Spider-Man 2","description":"","first":"T","duration":"8146","type":"movie","seasons":"","icon":"https:\/\/static-content.solocoo.tv\/vod\/starz_nl\/publish\/posters\/MV00036822_147_219.jpg","category":"Adventure","vidcollection":"","ord":"69","datum":"20140101"},"W8CMGQlKtfac7UBuhnVbf4f65vlSAa_FIkMNmYLF":{"id":"W8CMGQlKtfac7UBuhnVbf4f65vlSAa_FIkMNmYLF","media_id":"","title":"The Attach\u00e9","description":"","first":"T","duration":"1666","type":"show","seasons":"","icon":"https:\/\/static-content.solocoo.tv\/vod\/starz_nl\/publish\/posters\/SER00000742_147_219.jpg","category":"Drama","vidcollection":"","ord":"10","datum":"20210101"},"IQHiPKv3khKxav5wZ-uxqtjQRM_itiXEJd8SsdvU":{"id":"IQHiPKv3khKxav5wZ-uxqtjQRM_itiXEJd8SsdvU","media_id":"","title":"The Aviator","description":"","first":"T","duration":"9788","type":"movie","seasons":"","icon":"https:\/\/static-content.solocoo.tv\/vod\/starz_nl\/publish\/posters\/MV00034971_147_219.jpg","category":"Drama","vidcollection":"","ord":"136","datum":"20040101"},"_HATJEQV-7wynssrs_xx-q6WN3-nV2twGbQqTaJY":{"id":"_HATJEQV-7wynssrs_xx-q6WN3-nV2twGbQqTaJY","media_id":"","title":"The Blair Witch Project","description":"","first":"T","duration":"0","type":"movie","seasons":"","icon":"https:\/\/static-content.solocoo.tv\/vod\/starz_nl\/publish\/posters\/MV00003151_147_219.jpg","category":"Drama","vidcollection":"","ord":"150","datum":"19990101"},"67sjsjmZBjz9dH_KCREvfE7mIn-rQTdDaLPn7XX4":{"id":"67sjsjmZBjz9dH_KCREvfE7mIn-rQTdDaLPn7XX4","media_id":"","title":"The Capture","description":"","first":"T","duration":"3334","type":"show","seasons":"","icon":"https:\/\/static-content.solocoo.tv\/vod\/starz_nl\/publish\/posters\/SER00000618_147_219.jpg","category":"Drama","vidcollection":"","ord":"28","datum":"20190101"},"c_gihoksiI73Qzt9kq0E0YDVPh3056huEC1yZqNm":{"id":"c_gihoksiI73Qzt9kq0E0YDVPh3056huEC1yZqNm","media_id":"","title":"The Cookout","description":"","first":"T","duration":"5280","type":"movie","seasons":"","icon":"https:\/\/static-content.solocoo.tv\/vod\/starz_nl\/publish\/posters\/MV00001796_147_219.jpg","category":"Comedy","vidcollection":"","ord":"132","datum":"20040101"},"3L926knQVowzRh0MLozmCCjtSa4XnlIiWpNVYv7y":{"id":"3L926knQVowzRh0MLozmCCjtSa4XnlIiWpNVYv7y","media_id":"","title":"The Da Vinci Code","description":"","first":"T","duration":"8562","type":"movie","seasons":"","icon":"https:\/\/static-content.solocoo.tv\/vod\/starz_nl\/publish\/posters\/MV00001462_147_219.jpg","category":"Thriller","vidcollection":"","ord":"120","datum":"20060101"},"hbElW1R8J3bolWM9WHzUa7tw_sKBrMQCBFDxcChg":{"id":"hbElW1R8J3bolWM9WHzUa7tw_sKBrMQCBFDxcChg","media_id":"","title":"The Dark","description":"","first":"T","duration":"5596","type":"movie","seasons":"","icon":"https:\/\/static-content.solocoo.tv\/vod\/starz_nl\/publish\/posters\/MV00035351_147_219.jpg","category":"Horror","vidcollection":"","ord":"126","datum":"20050101"},"dD4dz2voxrB1hJy2ZFs5nZKMxivX8MEsV6iCW7wu":{"id":"dD4dz2voxrB1hJy2ZFs5nZKMxivX8MEsV6iCW7wu","media_id":"","title":"The Dentist","description":"","first":"T","duration":"0","type":"movie","seasons":"","icon":"https:\/\/static-content.solocoo.tv\/vod\/starz_nl\/publish\/posters\/MV00003337_147_219.jpg","category":"Thriller","vidcollection":"","ord":"157","datum":"19960101"},"07qzAa7L4lS83YjlyjHN9_mo03unzCu_SnOwCThZ":{"id":"07qzAa7L4lS83YjlyjHN9_mo03unzCu_SnOwCThZ","media_id":"","title":"The Dentist 2","description":"","first":"T","duration":"0","type":"movie","seasons":"","icon":"https:\/\/static-content.solocoo.tv\/vod\/starz_nl\/publish\/posters\/MV00000370_147_219.jpg","category":"Horror","vidcollection":"","ord":"153","datum":"19980101"},"odrczp4F-5pLbl9wCHJPLmgGnvBax8NzZzNhOSce":{"id":"odrczp4F-5pLbl9wCHJPLmgGnvBax8NzZzNhOSce","media_id":"","title":"The Girlfriend Experience","description":"","first":"T","duration":"1632","type":"show","seasons":"","icon":"https:\/\/static-content.solocoo.tv\/vod\/starz_nl\/publish\/posters\/SER00000073_147_219.jpg","category":"Drama","vidcollection":"","ord":"62","datum":"20160101"},"o3jMlFjDc9c2gLd4GcHco5SkAQV5ST_nRAiB73eH":{"id":"o3jMlFjDc9c2gLd4GcHco5SkAQV5ST_nRAiB73eH","media_id":"","title":"The Great","description":"","first":"T","duration":"3002","type":"show","seasons":"","icon":"https:\/\/static-content.solocoo.tv\/vod\/starz_nl\/publish\/posters\/SER00000659_147_219.jpg","category":"Drama","vidcollection":"","ord":"22","datum":"20200101"},"ZsdTBJyPoRCBgzVCArdfPGdIBgilG5BTA-S3TDBW":{"id":"ZsdTBJyPoRCBgzVCArdfPGdIBgilG5BTA-S3TDBW","media_id":"","title":"The Grudge","description":"","first":"T","duration":"5252","type":"movie","seasons":"","icon":"https:\/\/static-content.solocoo.tv\/vod\/starz_nl\/publish\/posters\/MV00000688_147_219.jpg","category":"Thriller","vidcollection":"","ord":"135","datum":"20040101"},"iGyhIqCFhk6QmQf9fCKgBpzBjOPUpivjxh2tk0uZ":{"id":"iGyhIqCFhk6QmQf9fCKgBpzBjOPUpivjxh2tk0uZ","media_id":"","title":"The Grudge 2","description":"","first":"T","duration":"5873","type":"movie","seasons":"","icon":"https:\/\/static-content.solocoo.tv\/vod\/starz_nl\/publish\/posters\/MV00037373_147_219.jpg","category":"Horror","vidcollection":"","ord":"117","datum":"20060101"},"8mwYJJfpBUAnkeU5MN8JwStB7xchSYuFKf3U2mf6":{"id":"8mwYJJfpBUAnkeU5MN8JwStB7xchSYuFKf3U2mf6","media_id":"","title":"The Holiday Tree","description":"","first":"T","duration":"5063","type":"movie","seasons":"","icon":"https:\/\/static-content.solocoo.tv\/vod\/starz_nl\/publish\/posters\/MV00043351_147_219.jpg","category":"Family","vidcollection":"","ord":"67","datum":"20140101"},"Y2RToLoFXRSm8pwG3nxz6cG209VElLqQVTy-FeP0":{"id":"Y2RToLoFXRSm8pwG3nxz6cG209VElLqQVTy-FeP0","media_id":"","title":"The Hottie & the Nottie","description":"","first":"T","duration":"5239","type":"movie","seasons":"","icon":"https:\/\/static-content.solocoo.tv\/vod\/starz_nl\/publish\/posters\/MV00043349_147_219.jpg","category":"Comedy","vidcollection":"","ord":"107","datum":"20080101"},"1w7VHyF2GrJmVi5tQ5_tlnXKXdR1KBXFdPMSn6P-":{"id":"1w7VHyF2GrJmVi5tQ5_tlnXKXdR1KBXFdPMSn6P-","media_id":"","title":"The Lost Room","description":"","first":"T","duration":"2508","type":"show","seasons":"","icon":"https:\/\/static-content.solocoo.tv\/vod\/starz_nl\/publish\/posters\/SER00000775_147_219.jpg","category":"Fantasy","vidcollection":"","ord":"119","datum":"20060101"},"bOGtW50DMP_WAIu5cZfhWhuqGRGXYKtohubCIRh7":{"id":"bOGtW50DMP_WAIu5cZfhWhuqGRGXYKtohubCIRh7","media_id":"","title":"The Ninth Gate","description":"","first":"T","duration":"0","type":"movie","seasons":"","icon":"https:\/\/static-content.solocoo.tv\/vod\/starz_nl\/publish\/posters\/MV00000419_147_219.jpg","category":"Thriller","vidcollection":"","ord":"149","datum":"19990101"},"U1Cu2QGgDVD43hmonwXvtzRBIMHEm8bcSI6kQctT":{"id":"U1Cu2QGgDVD43hmonwXvtzRBIMHEm8bcSI6kQctT","media_id":"","title":"The Other Boleyn Girl","description":"","first":"T","duration":"6639","type":"movie","seasons":"","icon":"https:\/\/static-content.solocoo.tv\/vod\/starz_nl\/publish\/posters\/MV00038742_147_219.jpg","category":"Romance","vidcollection":"","ord":"104","datum":"20080101"},"MVbCOwWRRjegxA5CqgqSfJYECOnWG9JIYFHXpQ96":{"id":"MVbCOwWRRjegxA5CqgqSfJYECOnWG9JIYFHXpQ96","media_id":"","title":"The Perfect Match","description":"","first":"T","duration":"0","type":"movie","seasons":"","icon":"https:\/\/static-content.solocoo.tv\/vod\/starz_nl\/publish\/posters\/MV00002641_147_219.jpg","category":"Comedy","vidcollection":"","ord":"60","datum":"20160101"},"d0Ym33ehwbIlQkMwV3HPhwoB6OkUejuroy7vINUX":{"id":"d0Ym33ehwbIlQkMwV3HPhwoB6OkUejuroy7vINUX","media_id":"","title":"The Perfect Student","description":"","first":"T","duration":"5280","type":"movie","seasons":"","icon":"https:\/\/static-content.solocoo.tv\/vod\/starz_nl\/publish\/posters\/MV00000036_147_219.jpg","category":"Crime","vidcollection":"","ord":"100","datum":"20100101"},"dNszaBs-e34jQHipYS2FvaGE3ghed52PMFUDifu-":{"id":"dNszaBs-e34jQHipYS2FvaGE3ghed52PMFUDifu-","media_id":"","title":"The Prince And Me","description":"","first":"T","duration":"6373","type":"movie","seasons":"","icon":"https:\/\/static-content.solocoo.tv\/vod\/starz_nl\/publish\/posters\/MV00002325_147_219.jpg","category":"Romance","vidcollection":"","ord":"134","datum":"20040101"},"L_FCgzM8rGxeaR1c8c7DqL5fc9jbVc6aTPnQ9vIc":{"id":"L_FCgzM8rGxeaR1c8c7DqL5fc9jbVc6aTPnQ9vIc","media_id":"","title":"The Princess Bride","description":"","first":"T","duration":"5880","type":"movie","seasons":"","icon":"https:\/\/static-content.solocoo.tv\/vod\/starz_nl\/publish\/posters\/MV00003369_147_219.jpg","category":"Fantasy","vidcollection":"","ord":"165","datum":"19870101"},"rL__hmNpYRtgMFLzxi7ZqLWsgyVwyb57aixQUB_u":{"id":"rL__hmNpYRtgMFLzxi7ZqLWsgyVwyb57aixQUB_u","media_id":"","title":"The Rules of Attraction","description":"","first":"T","duration":"6346","type":"movie","seasons":"","icon":"https:\/\/static-content.solocoo.tv\/vod\/starz_nl\/publish\/posters\/MV00000533_147_219.jpg","category":"Drama","vidcollection":"","ord":"141","datum":"20020101"},"ivAeKkBkKJkD2L_1Fh90y9-QVtFc7bX0Vg2z-ZNd":{"id":"ivAeKkBkKJkD2L_1Fh90y9-QVtFc7bX0Vg2z-ZNd","media_id":"","title":"The Spanish Princess","description":"","first":"T","duration":"3316","type":"show","seasons":"","icon":"https:\/\/static-content.solocoo.tv\/vod\/starz_nl\/publish\/posters\/SER00000144_147_219.jpg","category":"Drama","vidcollection":"","ord":"36","datum":"20190101"},"k760X2EPw6ys3hqsSoBAXL3BIdZu-f-DrPIl7WiZ":{"id":"k760X2EPw6ys3hqsSoBAXL3BIdZu-f-DrPIl7WiZ","media_id":"","title":"The Stand","description":"","first":"T","duration":"3393","type":"show","seasons":"","icon":"https:\/\/static-content.solocoo.tv\/vod\/starz_nl\/publish\/posters\/SER00000744_147_219.jpg","category":"Drama","vidcollection":"","ord":"13","datum":"20210101"},"KR0echXQRqc2IevM6QBV9NCssILSQcCfzQIuwNo3":{"id":"KR0echXQRqc2IevM6QBV9NCssILSQcCfzQIuwNo3","media_id":"","title":"The Tudors","description":"","first":"T","duration":"3342","type":"show","seasons":"","icon":"https:\/\/static-content.solocoo.tv\/vod\/starz_nl\/publish\/posters\/SER00000057_147_219.jpg","category":"Drama","vidcollection":"","ord":"116","datum":"20070101"},"MjpnQxnsCwj0Wnsd8rl2Px7g0ToLUiC4qY4uwuPs":{"id":"MjpnQxnsCwj0Wnsd8rl2Px7g0ToLUiC4qY4uwuPs","media_id":"","title":"The Twilight Saga: New Moon","description":"","first":"T","duration":"7494","type":"movie","seasons":"","icon":"https:\/\/static-content.solocoo.tv\/vod\/starz_nl\/publish\/posters\/MV00001440_147_219.jpg","category":"Drama","vidcollection":"","ord":"101","datum":"20090101"},"8imvBBbSENEgxq0qCWoTu8uTMuA7C0em6LfLsJQ3":{"id":"8imvBBbSENEgxq0qCWoTu8uTMuA7C0em6LfLsJQ3","media_id":"","title":"The Way Of The Gun","description":"","first":"T","duration":"6910","type":"movie","seasons":"","icon":"https:\/\/static-content.solocoo.tv\/vod\/starz_nl\/publish\/posters\/MV00003263_147_219.jpg","category":"Action","vidcollection":"","ord":"146","datum":"20000101"},"RDqcT6kchaSQkSlHFB8IAo9Gdm4eKwzf254WC6sQ":{"id":"RDqcT6kchaSQkSlHFB8IAo9Gdm4eKwzf254WC6sQ","media_id":"","title":"The White Princess","description":"","first":"T","duration":"3476","type":"show","seasons":"","icon":"https:\/\/static-content.solocoo.tv\/vod\/starz_nl\/publish\/posters\/SER00000246_147_219.jpg","category":"Drama","vidcollection":"","ord":"53","datum":"20170101"},"12Ox4p_8ysuCL0QimQHu5BV7EAe0VbFg5myQ9qmN":{"id":"12Ox4p_8ysuCL0QimQHu5BV7EAe0VbFg5myQ9qmN","media_id":"","title":"Thomas Kinkade's Christmas Cottage","description":"","first":"T","duration":"5967","type":"movie","seasons":"","icon":"https:\/\/static-content.solocoo.tv\/vod\/starz_nl\/publish\/posters\/MV00043000_147_219.jpg","category":"Drama","vidcollection":"","ord":"105","datum":"20080101"},"07DdJSz2MsnP0RReCi_GgmwSsYsM8zfkJtpmVObC":{"id":"07DdJSz2MsnP0RReCi_GgmwSsYsM8zfkJtpmVObC","media_id":"","title":"Traffik","description":"","first":"T","duration":"5760","type":"movie","seasons":"","icon":"https:\/\/static-content.solocoo.tv\/vod\/starz_nl\/publish\/posters\/MV00002491_147_219.jpg","category":"Thriller","vidcollection":"","ord":"44","datum":"20180101"},"_A8XptOMEHEMQK_1xnvzd7ECJrRgA-U2O-HBHFjA":{"id":"_A8XptOMEHEMQK_1xnvzd7ECJrRgA-U2O-HBHFjA","media_id":"","title":"True Crime","description":"","first":"T","duration":"0","type":"movie","seasons":"","icon":"https:\/\/static-content.solocoo.tv\/vod\/starz_nl\/publish\/posters\/MV00002087_147_219.jpg","category":"Drama","vidcollection":"","ord":"159","datum":"19950101"},"eOzRWqC6sbl1Ims566P9VDMbdNokwPWQGRb2sDu6":{"id":"eOzRWqC6sbl1Ims566P9VDMbdNokwPWQGRb2sDu6","media_id":"","title":"Twilight","description":"","first":"T","duration":"7007","type":"movie","seasons":"","icon":"https:\/\/static-content.solocoo.tv\/vod\/starz_nl\/publish\/posters\/MV00002703_147_219.jpg","category":"Drama","vidcollection":"","ord":"110","datum":"20080101"},"J842a6e7jayLGNM8rgh3qGB1S09cla7p5SGVeLSX":{"id":"J842a6e7jayLGNM8rgh3qGB1S09cla7p5SGVeLSX","media_id":"","title":"Twilight Saga: Breaking Dawn - Part 1","description":"","first":"T","duration":"6737","type":"movie","seasons":"","icon":"https:\/\/static-content.solocoo.tv\/vod\/starz_nl\/publish\/posters\/MV00003258_147_219.jpg","category":"Drama","vidcollection":"","ord":"92","datum":"20110101"},"4mgntQQU7fphX5iINia-thUuHXYbHc-yKg25lOFb":{"id":"4mgntQQU7fphX5iINia-thUuHXYbHc-yKg25lOFb","media_id":"","title":"Twilight Saga: Breaking Dawn - Part 2","description":"","first":"T","duration":"6627","type":"movie","seasons":"","icon":"https:\/\/static-content.solocoo.tv\/vod\/starz_nl\/publish\/posters\/MV00000453_147_219.jpg","category":"Fantasy","vidcollection":"","ord":"88","datum":"20120101"},"QaYLCl8iwTf1FsO5QZzCGglqtKT64Kxd0BWx1R-8":{"id":"QaYLCl8iwTf1FsO5QZzCGglqtKT64Kxd0BWx1R-8","media_id":"","title":"Twilight Saga: Eclipse","description":"","first":"T","duration":"7124","type":"movie","seasons":"","icon":"https:\/\/static-content.solocoo.tv\/vod\/starz_nl\/publish\/posters\/MV00003959_147_219.jpg","category":"Fantasy","vidcollection":"","ord":"99","datum":"20100101"},"Fd1Wjnqp-elHduI7Cl-wM_A_iShq1Jg38g8OBBsH":{"id":"Fd1Wjnqp-elHduI7Cl-wM_A_iShq1Jg38g8OBBsH","media_id":"","title":"Tyler Perry's Why Did I Get Married?","description":"","first":"T","duration":"6808","type":"movie","seasons":"","icon":"https:\/\/static-content.solocoo.tv\/vod\/starz_nl\/publish\/posters\/MV00000957_147_219.jpg","category":"Drama","vidcollection":"","ord":"111","datum":"20070101"},"mCKleHTn0SkSsz3461I1n7S3ox3MLgaVwngbKIai":{"id":"mCKleHTn0SkSsz3461I1n7S3ox3MLgaVwngbKIai","media_id":"","title":"Tyler Perry\u2019s Acrimony","description":"","first":"T","duration":"6930","type":"movie","seasons":"","icon":"https:\/\/static-content.solocoo.tv\/vod\/starz_nl\/publish\/posters\/MV00034469_147_219.jpg","category":"Drama","vidcollection":"","ord":"43","datum":"20180101"},"YZkXmSD8o1bcUgBJ9iVrfJw2NS3fylTdcVLBwkJ9":{"id":"YZkXmSD8o1bcUgBJ9iVrfJw2NS3fylTdcVLBwkJ9","media_id":"","title":"Uncle Drew","description":"","first":"U","duration":"5945","type":"movie","seasons":"","icon":"https:\/\/static-content.solocoo.tv\/vod\/starz_nl\/publish\/posters\/AS00042171_147_219.jpg","category":"Sport","vidcollection":"","ord":"41","datum":"20180101"},"IAs-SBf08Mb9o3B5dAA4rsRwVEBpw-c4xvG8Q6Ii":{"id":"IAs-SBf08Mb9o3B5dAA4rsRwVEBpw-c4xvG8Q6Ii","media_id":"","title":"Unstable","description":"","first":"U","duration":"0","type":"movie","seasons":"","icon":"https:\/\/static-content.solocoo.tv\/vod\/starz_nl\/publish\/posters\/MV00001039_147_219.jpg","category":"Crime","vidcollection":"","ord":"85","datum":"20120101"},"5x2APhpj-tzNjJODdVWaNWjh1UlfgTbR2nbXsj4x":{"id":"5x2APhpj-tzNjJODdVWaNWjh1UlfgTbR2nbXsj4x","media_id":"","title":"Vida","description":"","first":"V","duration":"2004","type":"show","seasons":"","icon":"https:\/\/static-content.solocoo.tv\/vod\/starz_nl\/publish\/posters\/SER00000166_147_219.jpg","category":"Comedy","vidcollection":"","ord":"50","datum":"20180101"},"fEF7Y0gaTIMK7iaGZMDIMCb6qr-dmuS6Os_EnuK0":{"id":"fEF7Y0gaTIMK7iaGZMDIMCb6qr-dmuS6Os_EnuK0","media_id":"","title":"Waar Is Het Geld?","description":"","first":"W","duration":"5391","type":"movie","seasons":"","icon":"https:\/\/static-content.solocoo.tv\/vod\/starz_nl\/publish\/posters\/MV00037390_147_219.jpg","category":"Comedy","vidcollection":"","ord":"52","datum":"20170101"},"gjRQ3PMLuOzdnMqRpUm_Zo4uFwsGMBL2OPTgGgey":{"id":"gjRQ3PMLuOzdnMqRpUm_Zo4uFwsGMBL2OPTgGgey","media_id":"","title":"Warlock III: The End of Innocence","description":"","first":"W","duration":"0","type":"movie","seasons":"","icon":"https:\/\/static-content.solocoo.tv\/vod\/starz_nl\/publish\/posters\/MV00001979_147_219.jpg","category":"Fantasy","vidcollection":"","ord":"154","datum":"19980101"},"HxptwsVTzK-Z2PybWmKLsqsY8RYk06K67bp7KDzN":{"id":"HxptwsVTzK-Z2PybWmKLsqsY8RYk06K67bp7KDzN","media_id":"","title":"Warriors Of Liberty City","description":"","first":"W","duration":"3337","type":"show","seasons":"","icon":"https:\/\/static-content.solocoo.tv\/vod\/starz_nl\/publish\/posters\/SER00000093_147_219.jpg","category":"Sport","vidcollection":"","ord":"48","datum":"20180101"},"KeM5JzkcNz7Q8HHo7LwFoC26cpKIxJPuvzlZV8S5":{"id":"KeM5JzkcNz7Q8HHo7LwFoC26cpKIxJPuvzlZV8S5","media_id":"","title":"We Are Who We Are","description":"","first":"W","duration":"3348","type":"show","seasons":"","icon":"https:\/\/static-content.solocoo.tv\/vod\/starz_nl\/publish\/posters\/SER00000739_147_219.jpg","category":"Drama","vidcollection":"","ord":"12","datum":"20200101"},"aGwc_EgcRxx8a97WzzDvvh-ScbmEfQqa7rS2g8dj":{"id":"aGwc_EgcRxx8a97WzzDvvh-ScbmEfQqa7rS2g8dj","media_id":"","title":"Whip It","description":"","first":"W","duration":"6380","type":"movie","seasons":"","icon":"https:\/\/static-content.solocoo.tv\/vod\/starz_nl\/publish\/posters\/MV00003237_147_219.jpg","category":"Sport","vidcollection":"","ord":"103","datum":"20090101"},"ruM5hUra1L3kKL2gN11PlulJxR4x29tmpal1tPdy":{"id":"ruM5hUra1L3kKL2gN11PlulJxR4x29tmpal1tPdy","media_id":"","title":"Wrong Man","description":"","first":"W","duration":"3065","type":"show","seasons":"","icon":"https:\/\/static-content.solocoo.tv\/vod\/starz_nl\/publish\/posters\/SER00000243_147_219.jpg","category":"Crime","vidcollection":"","ord":"25","datum":"20200101"},"uA8Gvtc78A0dRMpn6LZYFoKVrX-0dVTUmX_diiqh":{"id":"uA8Gvtc78A0dRMpn6LZYFoKVrX-0dVTUmX_diiqh","media_id":"","title":"XXX","description":"","first":"X","duration":"7141","type":"movie","seasons":"","icon":"https:\/\/static-content.solocoo.tv\/vod\/starz_nl\/publish\/posters\/MV00035133_147_219.jpg","category":"Action","vidcollection":"","ord":"139","datum":"20020101"},"0KsQqsD0RcxtYcrqhSeMpZE7kzqYbLJFwFheXIAP":{"id":"0KsQqsD0RcxtYcrqhSeMpZE7kzqYbLJFwFheXIAP","media_id":"","title":"Xxx : The Next Level","description":"","first":"X","duration":"5808","type":"movie","seasons":"","icon":"https:\/\/static-content.solocoo.tv\/vod\/starz_nl\/publish\/posters\/MV00010539_147_219.jpg","category":"Adventure","vidcollection":"","ord":"123","datum":"20050101"},"LxcSQydYik1640vv0voVkZrglt615AB_JICfoD7f":{"id":"LxcSQydYik1640vv0voVkZrglt615AB_JICfoD7f","media_id":"","title":"Zombieland","description":"","first":"Z","duration":"0","type":"movie","seasons":"","icon":"https:\/\/static-content.solocoo.tv\/vod\/starz_nl\/publish\/posters\/MV00002371_147_219.jpg","category":"Horror","vidcollection":"","ord":"102","datum":"20090101"}}