{"result":{"retMsg":"QueryEpisodes success.","retCode":"000000000"},"total":"23","episodes":[{"VOD":{"isSubscribed":"0","extensionFields":[],"price":"-1","ID":"1009935225","contentType":"VIDEO_VOD","bizDomains":["2"],"clipNumbers":[{"values":["0"],"key":"WONDERFULMOMENTS"},{"values":["0"],"key":"WONDERFULCLIPS"},{"values":["0"],"key":"ACTORSEGMENTS"}],"name":"Soul Survivor","code":"EHD_178332D","customFields":[{"values":["2021-12-31T00:00:00"],"key":"Licensing_Window_End"}],"cpId":"310303","mediaFiles":[{"preview":"0","isDownload":"0","code":"EHD_178332D_dash","customFields":[],"maxBitrate":"4.398","bitrate":"4398","userGroupIds":["-1"],"elapseTime":"2664","multiBitrates":[],"extensionFields":[],"formatOf3D":"1","encrypt":"1","uploadType":"0","definition":"1","ID":"1009935226","dimension":"2","videoCodec":"H.264","bizDomains":["2"],"CGMSA":"0","fps":"30.0","macrovision":"0","mediaHDRType":"0","isVRContent":"0","supportTerminals":[],"fileSize":"1464534000","analogOutputEnable":"1","HDCPEnable":"0","fileFormat":"4"}],"custContentType":"1","preRelease":"0","averageScore":"0.0","areaCodes":["21"],"picture":{"hcsSlaveAddrs":[],"posters":["https:\/\/t-mobiletv.nl:443\/CPS\/images\/universal\/film\/poster\/202108\/20210803\/66\/20210803231924652wow.jpg"],"icons":["https:\/\/t-mobiletv.nl:443\/CPS\/images\/universal\/film\/poster\/202108\/20210803\/38\/20210803231924652tyn.png"],"extensionFields":[],"backgrounds":["https:\/\/t-mobiletv.nl:443\/CPS\/images\/universal\/film\/poster\/202108\/20210803\/39\/202108032319246520k5.jpg"],"others":[]}},"sitcomNO":"1"},{"VOD":{"isSubscribed":"0","extensionFields":[],"price":"-1","ID":"1009935310","contentType":"VIDEO_VOD","bizDomains":["2"],"clipNumbers":[{"values":["0"],"key":"WONDERFULMOMENTS"},{"values":["0"],"key":"WONDERFULCLIPS"},{"values":["0"],"key":"ACTORSEGMENTS"}],"name":"The Dogs Who Made Us","code":"EHD_178333D","customFields":[{"values":["2021-12-31T00:00:00"],"key":"Licensing_Window_End"}],"cpId":"310303","mediaFiles":[{"preview":"0","isDownload":"0","code":"EHD_178333D_dash","customFields":[],"maxBitrate":"4.398","bitrate":"4398","userGroupIds":["-1"],"elapseTime":"2621","multiBitrates":[],"extensionFields":[],"formatOf3D":"1","encrypt":"1","uploadType":"0","definition":"1","ID":"1009935311","dimension":"2","videoCodec":"H.264","bizDomains":["2"],"CGMSA":"0","fps":"30.0","macrovision":"0","mediaHDRType":"0","isVRContent":"0","supportTerminals":[],"fileSize":"1440894750","analogOutputEnable":"1","HDCPEnable":"0","fileFormat":"4"}],"custContentType":"1","preRelease":"0","averageScore":"0.0","areaCodes":["21"],"picture":{"hcsSlaveAddrs":[],"posters":["https:\/\/t-mobiletv.nl:443\/CPS\/images\/universal\/film\/poster\/202108\/20210803\/62\/202108031945091006q7.jpg"],"icons":["https:\/\/t-mobiletv.nl:443\/CPS\/images\/universal\/film\/poster\/202108\/20210803\/22\/202108031945091009l2.png"],"extensionFields":[],"backgrounds":["https:\/\/t-mobiletv.nl:443\/CPS\/images\/universal\/film\/poster\/202108\/20210803\/15\/20210803194509100mwc.jpg"],"others":[]}},"sitcomNO":"2"},{"VOD":{"isSubscribed":"0","extensionFields":[],"price":"-1","ID":"1009935244","contentType":"VIDEO_VOD","bizDomains":["2"],"clipNumbers":[{"values":["0"],"key":"WONDERFULMOMENTS"},{"values":["0"],"key":"WONDERFULCLIPS"},{"values":["0"],"key":"ACTORSEGMENTS"}],"name":"A Brother's Lifeline","code":"EHD_178334E","customFields":[{"values":["2021-12-31T00:00:00"],"key":"Licensing_Window_End"}],"cpId":"310303","mediaFiles":[{"preview":"0","isDownload":"0","code":"EHD_178334E_dash","customFields":[],"maxBitrate":"4.398","bitrate":"4398","userGroupIds":["-1"],"elapseTime":"2661","multiBitrates":[],"extensionFields":[],"formatOf3D":"1","encrypt":"1","uploadType":"0","definition":"1","ID":"1009935245","dimension":"2","videoCodec":"H.264","bizDomains":["2"],"CGMSA":"0","fps":"30.0","macrovision":"0","mediaHDRType":"0","isVRContent":"0","supportTerminals":[],"fileSize":"1462884750","analogOutputEnable":"1","HDCPEnable":"0","fileFormat":"4"}],"custContentType":"1","preRelease":"0","averageScore":"0.0","areaCodes":["21"],"picture":{"hcsSlaveAddrs":[],"posters":["https:\/\/t-mobiletv.nl:443\/CPS\/images\/universal\/film\/poster\/202108\/20210803\/83\/20210803191533605fy4.jpg"],"icons":["https:\/\/t-mobiletv.nl:443\/CPS\/images\/universal\/film\/poster\/202108\/20210803\/3\/20210803191533606i8t.png"],"extensionFields":[],"backgrounds":["https:\/\/t-mobiletv.nl:443\/CPS\/images\/universal\/film\/poster\/202108\/20210803\/89\/202108031915336064j3.jpg"],"others":[]}},"sitcomNO":"3"},{"VOD":{"isSubscribed":"0","extensionFields":[],"price":"-1","ID":"1009935301","contentType":"VIDEO_VOD","bizDomains":["2"],"clipNumbers":[{"values":["0"],"key":"WONDERFULMOMENTS"},{"values":["0"],"key":"WONDERFULCLIPS"},{"values":["0"],"key":"ACTORSEGMENTS"}],"name":"Midnight Savior","code":"EHD_178335D","customFields":[{"values":["2021-12-31T00:00:00"],"key":"Licensing_Window_End"}],"cpId":"310303","mediaFiles":[{"preview":"0","isDownload":"0","code":"EHD_178335D_dash","customFields":[],"maxBitrate":"4.398","bitrate":"4398","userGroupIds":["-1"],"elapseTime":"2663","multiBitrates":[],"extensionFields":[],"formatOf3D":"1","encrypt":"1","uploadType":"0","definition":"1","ID":"1009935302","dimension":"2","videoCodec":"H.264","bizDomains":["2"],"CGMSA":"0","fps":"30.0","macrovision":"0","mediaHDRType":"0","isVRContent":"0","supportTerminals":[],"fileSize":"1463984250","analogOutputEnable":"1","HDCPEnable":"0","fileFormat":"4"}],"custContentType":"1","preRelease":"0","averageScore":"0.0","areaCodes":["21"],"picture":{"hcsSlaveAddrs":[],"posters":["https:\/\/t-mobiletv.nl:443\/CPS\/images\/universal\/film\/poster\/202108\/20210803\/94\/202108031849403892vx.jpg"],"icons":["https:\/\/t-mobiletv.nl:443\/CPS\/images\/universal\/film\/poster\/202108\/20210803\/47\/20210803184940389ktm.png"],"extensionFields":[],"backgrounds":["https:\/\/t-mobiletv.nl:443\/CPS\/images\/universal\/film\/poster\/202108\/20210803\/42\/20210803184940389em4.jpg"],"others":[]}},"sitcomNO":"4"},{"VOD":{"isSubscribed":"0","extensionFields":[],"price":"-1","ID":"1009935198","contentType":"VIDEO_VOD","bizDomains":["2"],"clipNumbers":[{"values":["0"],"key":"WONDERFULMOMENTS"},{"values":["0"],"key":"WONDERFULCLIPS"},{"values":["0"],"key":"ACTORSEGMENTS"}],"name":"Mama Drama","code":"EHD_178336E","customFields":[{"values":["2021-12-31T00:00:00"],"key":"Licensing_Window_End"}],"cpId":"310303","mediaFiles":[{"preview":"0","isDownload":"0","code":"EHD_178336E_dash","customFields":[],"maxBitrate":"4.398","bitrate":"4398","userGroupIds":["-1"],"elapseTime":"2635","multiBitrates":[],"extensionFields":[],"formatOf3D":"1","encrypt":"1","uploadType":"0","definition":"1","ID":"1009935199","dimension":"2","videoCodec":"H.264","bizDomains":["2"],"CGMSA":"0","fps":"30.0","macrovision":"0","mediaHDRType":"0","isVRContent":"0","supportTerminals":[],"fileSize":"1448591250","analogOutputEnable":"1","HDCPEnable":"0","fileFormat":"4"}],"custContentType":"1","preRelease":"0","averageScore":"0.0","areaCodes":["21"],"picture":{"hcsSlaveAddrs":[],"posters":["https:\/\/t-mobiletv.nl:443\/CPS\/images\/universal\/film\/poster\/202108\/20210803\/51\/20210803230412225pee.jpg"],"icons":["https:\/\/t-mobiletv.nl:443\/CPS\/images\/universal\/film\/poster\/202108\/20210803\/43\/20210803230412225i79.png"],"extensionFields":[],"backgrounds":["https:\/\/t-mobiletv.nl:443\/CPS\/images\/universal\/film\/poster\/202108\/20210803\/93\/20210803230412225jfp.jpg"],"others":[]}},"sitcomNO":"5"},{"VOD":{"isSubscribed":"0","extensionFields":[],"price":"-1","ID":"1009931633","contentType":"VIDEO_VOD","bizDomains":["2"],"clipNumbers":[{"values":["0"],"key":"WONDERFULMOMENTS"},{"values":["0"],"key":"WONDERFULCLIPS"},{"values":["0"],"key":"ACTORSEGMENTS"}],"name":"Never Let Go","code":"EHD_178337E","customFields":[{"values":["2021-12-31T00:00:00"],"key":"Licensing_Window_End"}],"cpId":"310303","mediaFiles":[{"preview":"0","isDownload":"0","code":"EHD_178337E_dash","customFields":[],"maxBitrate":"4.398","bitrate":"4398","userGroupIds":["-1"],"elapseTime":"2649","multiBitrates":[],"extensionFields":[],"formatOf3D":"1","encrypt":"1","uploadType":"0","definition":"1","ID":"1009931634","dimension":"2","videoCodec":"H.264","bizDomains":["2"],"CGMSA":"0","fps":"30.0","macrovision":"0","mediaHDRType":"0","isVRContent":"0","supportTerminals":[],"fileSize":"1456287750","analogOutputEnable":"1","HDCPEnable":"0","fileFormat":"4"}],"custContentType":"1","preRelease":"0","averageScore":"0.0","areaCodes":["21"],"picture":{"hcsSlaveAddrs":[],"posters":["https:\/\/t-mobiletv.nl:443\/CPS\/images\/universal\/film\/poster\/202108\/20210803\/51\/20210803225127548553.jpg"],"icons":["https:\/\/t-mobiletv.nl:443\/CPS\/images\/universal\/film\/poster\/202108\/20210803\/80\/20210803225127548me7.png"],"extensionFields":[],"backgrounds":["https:\/\/t-mobiletv.nl:443\/CPS\/images\/universal\/film\/poster\/202108\/20210803\/74\/202108032251275488eh.jpg"],"others":[]}},"sitcomNO":"6"},{"VOD":{"isSubscribed":"0","extensionFields":[],"price":"-1","ID":"1009931630","contentType":"VIDEO_VOD","bizDomains":["2"],"clipNumbers":[{"values":["0"],"key":"WONDERFULMOMENTS"},{"values":["0"],"key":"WONDERFULCLIPS"},{"values":["0"],"key":"ACTORSEGMENTS"}],"name":"A Brother's Return","code":"EHD_178338E","customFields":[{"values":["2021-12-31T00:00:00"],"key":"Licensing_Window_End"}],"cpId":"310303","mediaFiles":[{"preview":"0","isDownload":"0","code":"EHD_178338E_dash","customFields":[],"maxBitrate":"4.398","bitrate":"4398","userGroupIds":["-1"],"elapseTime":"2651","multiBitrates":[],"extensionFields":[],"formatOf3D":"1","encrypt":"1","uploadType":"0","definition":"1","ID":"1009931631","dimension":"2","videoCodec":"H.264","bizDomains":["2"],"CGMSA":"0","fps":"30.0","macrovision":"0","mediaHDRType":"0","isVRContent":"0","supportTerminals":[],"fileSize":"1457387250","analogOutputEnable":"1","HDCPEnable":"0","fileFormat":"4"}],"custContentType":"1","preRelease":"0","averageScore":"0.0","areaCodes":["21"],"picture":{"hcsSlaveAddrs":[],"posters":["https:\/\/t-mobiletv.nl:443\/CPS\/images\/universal\/film\/poster\/202108\/20210803\/56\/20210803220429947vju.jpg"],"icons":["https:\/\/t-mobiletv.nl:443\/CPS\/images\/universal\/film\/poster\/202108\/20210803\/73\/20210803220429947nyq.png"],"extensionFields":[],"backgrounds":["https:\/\/t-mobiletv.nl:443\/CPS\/images\/universal\/film\/poster\/202108\/20210803\/92\/20210803220429947doc.jpg"],"others":[]}},"sitcomNO":"7"},{"VOD":{"isSubscribed":"0","extensionFields":[],"price":"-1","ID":"1009931612","contentType":"VIDEO_VOD","bizDomains":["2"],"clipNumbers":[{"values":["0"],"key":"WONDERFULMOMENTS"},{"values":["0"],"key":"WONDERFULCLIPS"},{"values":["0"],"key":"ACTORSEGMENTS"}],"name":"Shelter From The Storm","code":"EHD_178339E","customFields":[{"values":["2021-12-31T00:00:00"],"key":"Licensing_Window_End"}],"cpId":"310303","mediaFiles":[{"preview":"0","isDownload":"0","code":"EHD_178339E_dash","customFields":[],"maxBitrate":"4.398","bitrate":"4398","userGroupIds":["-1"],"elapseTime":"2657","multiBitrates":[],"extensionFields":[],"formatOf3D":"1","encrypt":"1","uploadType":"0","definition":"1","ID":"1009931613","dimension":"2","videoCodec":"H.264","bizDomains":["2"],"CGMSA":"0","fps":"30.0","macrovision":"0","mediaHDRType":"0","isVRContent":"0","supportTerminals":[],"fileSize":"1460685750","analogOutputEnable":"1","HDCPEnable":"0","fileFormat":"4"}],"custContentType":"1","preRelease":"0","averageScore":"0.0","areaCodes":["21"],"picture":{"hcsSlaveAddrs":[],"posters":["https:\/\/t-mobiletv.nl:443\/CPS\/images\/universal\/film\/poster\/202108\/20210803\/83\/2021080318494331345u.jpg"],"icons":["https:\/\/t-mobiletv.nl:443\/CPS\/images\/universal\/film\/poster\/202108\/20210803\/28\/20210803184943313qr1.png"],"extensionFields":[],"backgrounds":["https:\/\/t-mobiletv.nl:443\/CPS\/images\/universal\/film\/poster\/202108\/20210803\/28\/20210803184943313sru.jpg"],"others":[]}},"sitcomNO":"8"},{"VOD":{"isSubscribed":"0","extensionFields":[],"price":"-1","ID":"1009935228","contentType":"VIDEO_VOD","bizDomains":["2"],"clipNumbers":[{"values":["0"],"key":"WONDERFULMOMENTS"},{"values":["0"],"key":"WONDERFULCLIPS"},{"values":["0"],"key":"ACTORSEGMENTS"}],"name":"New Arrivals","code":"EHD_178340E","customFields":[{"values":["2021-12-31T00:00:00"],"key":"Licensing_Window_End"}],"cpId":"310303","mediaFiles":[{"preview":"0","isDownload":"0","code":"EHD_178340E_dash","customFields":[],"maxBitrate":"4.398","bitrate":"4398","userGroupIds":["-1"],"elapseTime":"2650","multiBitrates":[],"extensionFields":[],"formatOf3D":"1","encrypt":"1","uploadType":"0","definition":"1","ID":"1009935229","dimension":"2","videoCodec":"H.264","bizDomains":["2"],"CGMSA":"0","fps":"30.0","macrovision":"0","mediaHDRType":"0","isVRContent":"0","supportTerminals":[],"fileSize":"1456837500","analogOutputEnable":"1","HDCPEnable":"0","fileFormat":"4"}],"custContentType":"1","preRelease":"0","averageScore":"0.0","areaCodes":["21"],"picture":{"hcsSlaveAddrs":[],"posters":["https:\/\/t-mobiletv.nl:443\/CPS\/images\/universal\/film\/poster\/202108\/20210803\/21\/20210803212545680qjk.jpg"],"icons":["https:\/\/t-mobiletv.nl:443\/CPS\/images\/universal\/film\/poster\/202108\/20210803\/62\/202108032125456804s4.png"],"extensionFields":[],"backgrounds":["https:\/\/t-mobiletv.nl:443\/CPS\/images\/universal\/film\/poster\/202108\/20210803\/88\/20210803212545680f3s.jpg"],"others":[]}},"sitcomNO":"9"},{"VOD":{"isSubscribed":"0","extensionFields":[],"price":"-1","ID":"1009931621","contentType":"VIDEO_VOD","bizDomains":["2"],"clipNumbers":[{"values":["0"],"key":"WONDERFULMOMENTS"},{"values":["0"],"key":"WONDERFULCLIPS"},{"values":["0"],"key":"ACTORSEGMENTS"}],"name":"Village Of Wolves","code":"EHD_178341E","customFields":[{"values":["2021-12-31T00:00:00"],"key":"Licensing_Window_End"}],"cpId":"310303","mediaFiles":[{"preview":"0","isDownload":"0","code":"EHD_178341E_dash","customFields":[],"maxBitrate":"4.398","bitrate":"4398","userGroupIds":["-1"],"elapseTime":"2665","multiBitrates":[],"extensionFields":[],"formatOf3D":"1","encrypt":"1","uploadType":"0","definition":"1","ID":"1009931622","dimension":"2","videoCodec":"H.264","bizDomains":["2"],"CGMSA":"0","fps":"30.0","macrovision":"0","mediaHDRType":"0","isVRContent":"0","supportTerminals":[],"fileSize":"1465083750","analogOutputEnable":"1","HDCPEnable":"0","fileFormat":"4"}],"custContentType":"1","preRelease":"0","averageScore":"0.0","areaCodes":["21"],"picture":{"hcsSlaveAddrs":[],"posters":["https:\/\/t-mobiletv.nl:443\/CPS\/images\/universal\/film\/poster\/202108\/20210803\/74\/202108031755378453vm.jpg"],"icons":["https:\/\/t-mobiletv.nl:443\/CPS\/images\/universal\/film\/poster\/202108\/20210803\/59\/20210803175537845xuu.png"],"extensionFields":[],"backgrounds":["https:\/\/t-mobiletv.nl:443\/CPS\/images\/universal\/film\/poster\/202108\/20210803\/11\/202108031755378450vy.jpg"],"others":[]}},"sitcomNO":"10"},{"VOD":{"isSubscribed":"0","extensionFields":[],"price":"-1","ID":"1009935222","contentType":"VIDEO_VOD","bizDomains":["2"],"clipNumbers":[{"values":["0"],"key":"WONDERFULMOMENTS"},{"values":["0"],"key":"WONDERFULCLIPS"},{"values":["0"],"key":"ACTORSEGMENTS"}],"name":"Left For Dead","code":"EHD_178342E","customFields":[{"values":["2021-12-31T00:00:00"],"key":"Licensing_Window_End"}],"cpId":"310303","mediaFiles":[{"preview":"0","isDownload":"0","code":"EHD_178342E_dash","customFields":[],"maxBitrate":"4.398","bitrate":"4398","userGroupIds":["-1"],"elapseTime":"2647","multiBitrates":[],"extensionFields":[],"formatOf3D":"1","encrypt":"1","uploadType":"0","definition":"1","ID":"1009935223","dimension":"2","videoCodec":"H.264","bizDomains":["2"],"CGMSA":"0","fps":"30.0","macrovision":"0","mediaHDRType":"0","isVRContent":"0","supportTerminals":[],"fileSize":"1455188250","analogOutputEnable":"1","HDCPEnable":"0","fileFormat":"4"}],"custContentType":"1","preRelease":"0","averageScore":"0.0","areaCodes":["21"],"picture":{"hcsSlaveAddrs":[],"posters":["https:\/\/t-mobiletv.nl:443\/CPS\/images\/universal\/film\/poster\/202108\/20210803\/50\/20210803232553220d2b.jpg"],"icons":["https:\/\/t-mobiletv.nl:443\/CPS\/images\/universal\/film\/poster\/202108\/20210803\/2\/20210803232553221lju.png"],"extensionFields":[],"backgrounds":["https:\/\/t-mobiletv.nl:443\/CPS\/images\/universal\/film\/poster\/202108\/20210803\/63\/20210803232553220d2g.jpg"],"others":[]}},"sitcomNO":"11"},{"VOD":{"isSubscribed":"0","extensionFields":[],"price":"-1","ID":"1010037805","contentType":"VIDEO_VOD","bizDomains":["2"],"clipNumbers":[{"values":["0"],"key":"WONDERFULMOMENTS"},{"values":["0"],"key":"WONDERFULCLIPS"},{"values":["0"],"key":"ACTORSEGMENTS"}],"name":"Treading Water","code":"EHD_178343E","customFields":[{"values":["2021-12-31T00:00:00"],"key":"Licensing_Window_End"}],"cpId":"310303","mediaFiles":[{"preview":"0","isDownload":"0","code":"EHD_178343E_dash","customFields":[],"maxBitrate":"4.398","bitrate":"4398","userGroupIds":["-1"],"elapseTime":"2661","multiBitrates":[],"extensionFields":[],"formatOf3D":"1","encrypt":"1","uploadType":"0","definition":"1","ID":"1010037806","dimension":"2","videoCodec":"H.264","bizDomains":["2"],"CGMSA":"0","fps":"30.0","macrovision":"0","mediaHDRType":"0","isVRContent":"0","supportTerminals":[],"fileSize":"1462884750","analogOutputEnable":"1","HDCPEnable":"0","fileFormat":"4"}],"custContentType":"1","preRelease":"0","averageScore":"0.0","areaCodes":["21"],"picture":{"hcsSlaveAddrs":[],"posters":["https:\/\/t-mobiletv.nl:443\/CPS\/images\/universal\/film\/poster\/202108\/20210803\/18\/20210803235434095h1u.jpg"],"icons":["https:\/\/t-mobiletv.nl:443\/CPS\/images\/universal\/film\/poster\/202108\/20210803\/52\/20210803235434095uhx.png"],"extensionFields":[],"backgrounds":["https:\/\/t-mobiletv.nl:443\/CPS\/images\/universal\/film\/poster\/202108\/20210803\/20\/20210803235434095wqx.jpg"],"others":[]}},"sitcomNO":"12"},{"VOD":{"isSubscribed":"0","extensionFields":[],"price":"-1","ID":"1009931636","contentType":"VIDEO_VOD","bizDomains":["2"],"clipNumbers":[{"values":["0"],"key":"WONDERFULMOMENTS"},{"values":["0"],"key":"WONDERFULCLIPS"},{"values":["0"],"key":"ACTORSEGMENTS"}],"name":"A New Year For Villalobos","code":"EHD_178344E","customFields":[{"values":["2021-12-31T00:00:00"],"key":"Licensing_Window_End"}],"cpId":"310303","mediaFiles":[{"preview":"0","isDownload":"0","code":"EHD_178344E_dash","customFields":[],"maxBitrate":"4.398","bitrate":"4398","userGroupIds":["-1"],"elapseTime":"2657","multiBitrates":[],"extensionFields":[],"formatOf3D":"1","encrypt":"1","uploadType":"0","definition":"1","ID":"1009931637","dimension":"2","videoCodec":"H.264","bizDomains":["2"],"CGMSA":"0","fps":"30.0","macrovision":"0","mediaHDRType":"0","isVRContent":"0","supportTerminals":[],"fileSize":"1460685750","analogOutputEnable":"1","HDCPEnable":"0","fileFormat":"4"}],"custContentType":"1","preRelease":"0","averageScore":"0.0","areaCodes":["21"],"picture":{"hcsSlaveAddrs":[],"posters":["https:\/\/t-mobiletv.nl:443\/CPS\/images\/universal\/film\/poster\/202108\/20210803\/47\/20210803203425994yjf.jpg"],"icons":["https:\/\/t-mobiletv.nl:443\/CPS\/images\/universal\/film\/poster\/202108\/20210803\/2\/20210803203425994qv9.png"],"extensionFields":[],"backgrounds":["https:\/\/t-mobiletv.nl:443\/CPS\/images\/universal\/film\/poster\/202108\/20210803\/81\/20210803203425994uaq.jpg"],"others":[]}},"sitcomNO":"13"},{"VOD":{"isSubscribed":"0","extensionFields":[],"price":"-1","ID":"1009931642","contentType":"VIDEO_VOD","bizDomains":["2"],"clipNumbers":[{"values":["0"],"key":"WONDERFULMOMENTS"},{"values":["0"],"key":"WONDERFULCLIPS"},{"values":["0"],"key":"ACTORSEGMENTS"}],"name":"Most Valuable Puppy","code":"EHD_178345E","customFields":[{"values":["2021-12-31T00:00:00"],"key":"Licensing_Window_End"}],"cpId":"310303","mediaFiles":[{"preview":"0","isDownload":"0","code":"EHD_178345E_dash","customFields":[],"maxBitrate":"4.398","bitrate":"4398","userGroupIds":["-1"],"elapseTime":"2653","multiBitrates":[],"extensionFields":[],"formatOf3D":"1","encrypt":"1","uploadType":"0","definition":"1","ID":"1009931643","dimension":"2","videoCodec":"H.264","bizDomains":["2"],"CGMSA":"0","fps":"30.0","macrovision":"0","mediaHDRType":"0","isVRContent":"0","supportTerminals":[],"fileSize":"1458486750","analogOutputEnable":"1","HDCPEnable":"0","fileFormat":"4"}],"custContentType":"1","preRelease":"0","averageScore":"0.0","areaCodes":["21"],"picture":{"hcsSlaveAddrs":[],"posters":["https:\/\/t-mobiletv.nl:443\/CPS\/images\/universal\/film\/poster\/202108\/20210803\/78\/20210803231957609uxj.jpg"],"icons":["https:\/\/t-mobiletv.nl:443\/CPS\/images\/universal\/film\/poster\/202108\/20210803\/46\/202108032319576092x5.png"],"extensionFields":[],"backgrounds":["https:\/\/t-mobiletv.nl:443\/CPS\/images\/universal\/film\/poster\/202108\/20210803\/48\/2021080323195760960n.jpg"],"others":[]}},"sitcomNO":"14"},{"VOD":{"isSubscribed":"0","extensionFields":[],"price":"-1","ID":"1009935235","contentType":"VIDEO_VOD","bizDomains":["2"],"clipNumbers":[{"values":["0"],"key":"WONDERFULMOMENTS"},{"values":["0"],"key":"WONDERFULCLIPS"},{"values":["0"],"key":"ACTORSEGMENTS"}],"name":"Cutest Moments Ever","code":"EHD_178346E","customFields":[{"values":["2021-12-31T00:00:00"],"key":"Licensing_Window_End"}],"cpId":"310303","mediaFiles":[{"preview":"0","isDownload":"0","code":"EHD_178346E_dash","customFields":[],"maxBitrate":"4.398","bitrate":"4398","userGroupIds":["-1"],"elapseTime":"2659","multiBitrates":[],"extensionFields":[],"formatOf3D":"1","encrypt":"1","uploadType":"0","definition":"1","ID":"1009935236","dimension":"2","videoCodec":"H.264","bizDomains":["2"],"CGMSA":"0","fps":"30.0","macrovision":"0","mediaHDRType":"0","isVRContent":"0","supportTerminals":[],"fileSize":"1461785250","analogOutputEnable":"1","HDCPEnable":"0","fileFormat":"4"}],"custContentType":"1","preRelease":"0","averageScore":"0.0","areaCodes":["21"],"picture":{"hcsSlaveAddrs":[],"posters":["https:\/\/t-mobiletv.nl:443\/CPS\/images\/universal\/film\/poster\/202108\/20210803\/47\/20210803215549011xm6.jpg"],"icons":["https:\/\/t-mobiletv.nl:443\/CPS\/images\/universal\/film\/poster\/202108\/20210803\/94\/20210803215549011boy.png"],"extensionFields":[],"backgrounds":["https:\/\/t-mobiletv.nl:443\/CPS\/images\/universal\/film\/poster\/202108\/20210803\/55\/20210803215549011k0g.jpg"],"others":[]}},"sitcomNO":"15"},{"VOD":{"isSubscribed":"0","extensionFields":[],"price":"-1","ID":"1009935307","contentType":"VIDEO_VOD","bizDomains":["2"],"clipNumbers":[{"values":["0"],"key":"WONDERFULMOMENTS"},{"values":["0"],"key":"WONDERFULCLIPS"},{"values":["0"],"key":"ACTORSEGMENTS"}],"name":"A Puppy's Journey Home","code":"EHD_178347E","customFields":[{"values":["2021-12-31T00:00:00"],"key":"Licensing_Window_End"}],"cpId":"310303","mediaFiles":[{"preview":"0","isDownload":"0","code":"EHD_178347E_dash","customFields":[],"maxBitrate":"4.398","bitrate":"4398","userGroupIds":["-1"],"elapseTime":"2664","multiBitrates":[],"extensionFields":[],"formatOf3D":"1","encrypt":"1","uploadType":"0","definition":"1","ID":"1009935308","dimension":"2","videoCodec":"H.264","bizDomains":["2"],"CGMSA":"0","fps":"30.0","macrovision":"0","mediaHDRType":"0","isVRContent":"0","supportTerminals":[],"fileSize":"1464534000","analogOutputEnable":"1","HDCPEnable":"0","fileFormat":"4"}],"custContentType":"1","preRelease":"0","averageScore":"0.0","areaCodes":["21"],"picture":{"hcsSlaveAddrs":[],"posters":["https:\/\/t-mobiletv.nl:443\/CPS\/images\/universal\/film\/poster\/202108\/20210803\/59\/202108032136411722ic.jpg"],"icons":["https:\/\/t-mobiletv.nl:443\/CPS\/images\/universal\/film\/poster\/202108\/20210803\/5\/20210803213641172muo.png"],"extensionFields":[],"backgrounds":["https:\/\/t-mobiletv.nl:443\/CPS\/images\/universal\/film\/poster\/202108\/20210803\/89\/20210803213641172owp.jpg"],"others":[]}},"sitcomNO":"16"},{"VOD":{"isSubscribed":"0","extensionFields":[],"price":"-1","ID":"1009935210","contentType":"VIDEO_VOD","bizDomains":["2"],"clipNumbers":[{"values":["0"],"key":"WONDERFULMOMENTS"},{"values":["0"],"key":"WONDERFULCLIPS"},{"values":["0"],"key":"ACTORSEGMENTS"}],"name":"Under Earl's Wing","code":"EHD_178348E","customFields":[{"values":["2021-12-31T00:00:00"],"key":"Licensing_Window_End"}],"cpId":"310303","mediaFiles":[{"preview":"0","isDownload":"0","code":"EHD_178348E_dash","customFields":[],"maxBitrate":"4.398","bitrate":"4398","userGroupIds":["-1"],"elapseTime":"2652","multiBitrates":[],"extensionFields":[],"formatOf3D":"1","encrypt":"1","uploadType":"0","definition":"1","ID":"1009935211","dimension":"2","videoCodec":"H.264","bizDomains":["2"],"CGMSA":"0","fps":"30.0","macrovision":"0","mediaHDRType":"0","isVRContent":"0","supportTerminals":[],"fileSize":"1457937000","analogOutputEnable":"1","HDCPEnable":"0","fileFormat":"4"}],"custContentType":"1","preRelease":"0","averageScore":"0.0","areaCodes":["21"],"picture":{"hcsSlaveAddrs":[],"posters":["https:\/\/t-mobiletv.nl:443\/CPS\/images\/universal\/film\/poster\/202108\/20210803\/82\/20210803232557041e0o.jpg"],"icons":["https:\/\/t-mobiletv.nl:443\/CPS\/images\/universal\/film\/poster\/202108\/20210803\/6\/2021080323255704120e.png"],"extensionFields":[],"backgrounds":["https:\/\/t-mobiletv.nl:443\/CPS\/images\/universal\/film\/poster\/202108\/20210803\/65\/20210803232557041va0.jpg"],"others":[]}},"sitcomNO":"17"},{"VOD":{"isSubscribed":"0","extensionFields":[],"price":"-1","ID":"1009935241","contentType":"VIDEO_VOD","bizDomains":["2"],"clipNumbers":[{"values":["0"],"key":"WONDERFULMOMENTS"},{"values":["0"],"key":"WONDERFULCLIPS"},{"values":["0"],"key":"ACTORSEGMENTS"}],"name":"Finding A Hero","code":"EHD_178349E","customFields":[{"values":["2021-12-31T00:00:00"],"key":"Licensing_Window_End"}],"cpId":"310303","mediaFiles":[{"preview":"0","isDownload":"0","code":"EHD_178349E_dash","customFields":[],"maxBitrate":"4.398","bitrate":"4398","userGroupIds":["-1"],"elapseTime":"2643","multiBitrates":[],"extensionFields":[],"formatOf3D":"1","encrypt":"1","uploadType":"0","definition":"1","ID":"1009935242","dimension":"2","videoCodec":"H.264","bizDomains":["2"],"CGMSA":"0","fps":"30.0","macrovision":"0","mediaHDRType":"0","isVRContent":"0","supportTerminals":[],"fileSize":"1452989250","analogOutputEnable":"1","HDCPEnable":"0","fileFormat":"4"}],"custContentType":"1","preRelease":"0","averageScore":"0.0","areaCodes":["21"],"picture":{"hcsSlaveAddrs":[],"posters":["https:\/\/t-mobiletv.nl:443\/CPS\/images\/universal\/film\/poster\/202108\/20210803\/38\/20210803191833954zbx.jpg"],"icons":["https:\/\/t-mobiletv.nl:443\/CPS\/images\/universal\/film\/poster\/202108\/20210803\/25\/20210803191833954scv.png"],"extensionFields":[],"backgrounds":["https:\/\/t-mobiletv.nl:443\/CPS\/images\/universal\/film\/poster\/202108\/20210803\/91\/20210803191833954kaz.jpg"],"others":[]}},"sitcomNO":"18"},{"VOD":{"isSubscribed":"0","extensionFields":[],"price":"-1","ID":"1009931639","contentType":"VIDEO_VOD","bizDomains":["2"],"clipNumbers":[{"values":["0"],"key":"WONDERFULMOMENTS"},{"values":["0"],"key":"WONDERFULCLIPS"},{"values":["0"],"key":"ACTORSEGMENTS"}],"name":"A Clean Slate","code":"EHD_178350E","customFields":[{"values":["2021-12-31T00:00:00"],"key":"Licensing_Window_End"}],"cpId":"310303","mediaFiles":[{"preview":"0","isDownload":"0","code":"EHD_178350E_dash","customFields":[],"maxBitrate":"4.398","bitrate":"4398","userGroupIds":["-1"],"elapseTime":"2651","multiBitrates":[],"extensionFields":[],"formatOf3D":"1","encrypt":"1","uploadType":"0","definition":"1","ID":"1009931640","dimension":"2","videoCodec":"H.264","bizDomains":["2"],"CGMSA":"0","fps":"30.0","macrovision":"0","mediaHDRType":"0","isVRContent":"0","supportTerminals":[],"fileSize":"1457387250","analogOutputEnable":"1","HDCPEnable":"0","fileFormat":"4"}],"custContentType":"1","preRelease":"0","averageScore":"0.0","areaCodes":["21"],"picture":{"hcsSlaveAddrs":[],"posters":["https:\/\/t-mobiletv.nl:443\/CPS\/images\/universal\/film\/poster\/202108\/20210803\/46\/20210803194053594e9w.jpg"],"icons":["https:\/\/t-mobiletv.nl:443\/CPS\/images\/universal\/film\/poster\/202108\/20210803\/41\/20210803194053594jof.png"],"extensionFields":[],"backgrounds":["https:\/\/t-mobiletv.nl:443\/CPS\/images\/universal\/film\/poster\/202108\/20210803\/29\/20210803194053594q6a.jpg"],"others":[]}},"sitcomNO":"19"},{"VOD":{"isSubscribed":"0","extensionFields":[],"price":"-1","ID":"1009931627","contentType":"VIDEO_VOD","bizDomains":["2"],"clipNumbers":[{"values":["0"],"key":"WONDERFULMOMENTS"},{"values":["0"],"key":"WONDERFULCLIPS"},{"values":["0"],"key":"ACTORSEGMENTS"}],"name":"A Family Connection","code":"EHD_178351E","customFields":[{"values":["2021-12-31T00:00:00"],"key":"Licensing_Window_End"}],"cpId":"310303","mediaFiles":[{"preview":"0","isDownload":"0","code":"EHD_178351E_dash","customFields":[],"maxBitrate":"4.398","bitrate":"4398","userGroupIds":["-1"],"elapseTime":"2640","multiBitrates":[],"extensionFields":[],"formatOf3D":"1","encrypt":"1","uploadType":"0","definition":"1","ID":"1009931628","dimension":"2","videoCodec":"H.264","bizDomains":["2"],"CGMSA":"0","fps":"30.0","macrovision":"0","mediaHDRType":"0","isVRContent":"0","supportTerminals":[],"fileSize":"1451340000","analogOutputEnable":"1","HDCPEnable":"0","fileFormat":"4"}],"custContentType":"1","preRelease":"0","averageScore":"0.0","areaCodes":["21"],"picture":{"hcsSlaveAddrs":[],"posters":["https:\/\/t-mobiletv.nl:443\/CPS\/images\/universal\/film\/poster\/202108\/20210803\/24\/20210803235402693hqx.jpg"],"icons":["https:\/\/t-mobiletv.nl:443\/CPS\/images\/universal\/film\/poster\/202108\/20210803\/98\/20210803235402693jtl.png"],"extensionFields":[],"backgrounds":["https:\/\/t-mobiletv.nl:443\/CPS\/images\/universal\/film\/poster\/202108\/20210803\/65\/20210803235402693pz1.jpg"],"others":[]}},"sitcomNO":"20"},{"VOD":{"isSubscribed":"0","extensionFields":[],"price":"-1","ID":"1009935201","contentType":"VIDEO_VOD","bizDomains":["2"],"clipNumbers":[{"values":["0"],"key":"WONDERFULMOMENTS"},{"values":["0"],"key":"WONDERFULCLIPS"},{"values":["0"],"key":"ACTORSEGMENTS"}],"name":"Finally Free","code":"EHD_178352E","customFields":[{"values":["2021-12-31T00:00:00"],"key":"Licensing_Window_End"}],"cpId":"310303","mediaFiles":[{"preview":"0","isDownload":"0","code":"EHD_178352E_dash","customFields":[],"maxBitrate":"4.398","bitrate":"4398","userGroupIds":["-1"],"elapseTime":"2663","multiBitrates":[],"extensionFields":[],"formatOf3D":"1","encrypt":"1","uploadType":"0","definition":"1","ID":"1009935202","dimension":"2","videoCodec":"H.264","bizDomains":["2"],"CGMSA":"0","fps":"30.0","macrovision":"0","mediaHDRType":"0","isVRContent":"0","supportTerminals":[],"fileSize":"1463984250","analogOutputEnable":"1","HDCPEnable":"0","fileFormat":"4"}],"custContentType":"1","preRelease":"0","averageScore":"0.0","areaCodes":["21"],"picture":{"hcsSlaveAddrs":[],"posters":["https:\/\/t-mobiletv.nl:443\/CPS\/images\/universal\/film\/poster\/202108\/20210803\/21\/20210803232143203ie5.jpg"],"icons":["https:\/\/t-mobiletv.nl:443\/CPS\/images\/universal\/film\/poster\/202108\/20210803\/53\/20210803232143203w9g.png"],"extensionFields":[],"backgrounds":["https:\/\/t-mobiletv.nl:443\/CPS\/images\/universal\/film\/poster\/202108\/20210803\/67\/20210803232143203dkh.jpg"],"others":[]}},"sitcomNO":"21"},{"VOD":{"isSubscribed":"0","extensionFields":[],"price":"-1","ID":"1009935204","contentType":"VIDEO_VOD","bizDomains":["2"],"clipNumbers":[{"values":["0"],"key":"WONDERFULMOMENTS"},{"values":["0"],"key":"WONDERFULCLIPS"},{"values":["0"],"key":"ACTORSEGMENTS"}],"name":"Divine Rescue","code":"EHD_178353E","customFields":[{"values":["2021-12-31T00:00:00"],"key":"Licensing_Window_End"}],"cpId":"310303","mediaFiles":[{"preview":"0","isDownload":"0","code":"EHD_178353E_dash","customFields":[],"maxBitrate":"4.398","bitrate":"4398","userGroupIds":["-1"],"elapseTime":"2636","multiBitrates":[],"extensionFields":[],"formatOf3D":"1","encrypt":"1","uploadType":"0","definition":"1","ID":"1009935205","dimension":"2","videoCodec":"H.264","bizDomains":["2"],"CGMSA":"0","fps":"30.0","macrovision":"0","mediaHDRType":"0","isVRContent":"0","supportTerminals":[],"fileSize":"1449141000","analogOutputEnable":"1","HDCPEnable":"0","fileFormat":"4"}],"custContentType":"1","preRelease":"0","averageScore":"0.0","areaCodes":["21"],"picture":{"hcsSlaveAddrs":[],"posters":["https:\/\/t-mobiletv.nl:443\/CPS\/images\/universal\/film\/poster\/202108\/20210803\/42\/20210803211210910pjs.jpg"],"icons":["https:\/\/t-mobiletv.nl:443\/CPS\/images\/universal\/film\/poster\/202108\/20210803\/39\/20210803211210911sj2.png"],"extensionFields":[],"backgrounds":["https:\/\/t-mobiletv.nl:443\/CPS\/images\/universal\/film\/poster\/202108\/20210803\/91\/20210803211210911trc.jpg"],"others":[]}},"sitcomNO":"22"},{"VOD":{"isSubscribed":"0","extensionFields":[],"price":"-1","ID":"1009931624","contentType":"VIDEO_VOD","bizDomains":["2"],"clipNumbers":[{"values":["0"],"key":"WONDERFULMOMENTS"},{"values":["0"],"key":"WONDERFULCLIPS"},{"values":["0"],"key":"ACTORSEGMENTS"}],"name":"From The Ashes","code":"EHD_178354E","customFields":[{"values":["2021-12-31T00:00:00"],"key":"Licensing_Window_End"}],"cpId":"310303","mediaFiles":[{"preview":"0","isDownload":"0","code":"EHD_178354E_dash","customFields":[],"maxBitrate":"4.398","bitrate":"4398","userGroupIds":["-1"],"elapseTime":"2655","multiBitrates":[],"extensionFields":[],"formatOf3D":"1","encrypt":"1","uploadType":"0","definition":"1","ID":"1009931625","dimension":"2","videoCodec":"H.264","bizDomains":["2"],"CGMSA":"0","fps":"30.0","macrovision":"0","mediaHDRType":"0","isVRContent":"0","supportTerminals":[],"fileSize":"1459586250","analogOutputEnable":"1","HDCPEnable":"0","fileFormat":"4"}],"custContentType":"1","preRelease":"0","averageScore":"0.0","areaCodes":["21"],"picture":{"hcsSlaveAddrs":[],"posters":["https:\/\/t-mobiletv.nl:443\/CPS\/images\/universal\/film\/poster\/202108\/20210803\/35\/20210803200143119p4h.jpg"],"icons":["https:\/\/t-mobiletv.nl:443\/CPS\/images\/universal\/film\/poster\/202108\/20210803\/86\/202108032001431191iq.png"],"extensionFields":[],"backgrounds":["https:\/\/t-mobiletv.nl:443\/CPS\/images\/universal\/film\/poster\/202108\/20210803\/10\/202108032001431199wz.jpg"],"others":[]}},"sitcomNO":"23"}]}