{"result":{"retMsg":"QueryEpisodes success.","retCode":"000000000"},"total":"1","episodes":[{"VOD":{"isSubscribed":"0","extensionFields":[],"price":"-1","ID":"1042050048","contentType":"VIDEO_VOD","bizDomains":["2"],"clipNumbers":[{"values":["0"],"key":"WONDERFULMOMENTS"},{"values":["0"],"key":"WONDERFULCLIPS"},{"values":["0"],"key":"ACTORSEGMENTS"}],"name":"Say Yes to the Dress Lancashire","maxSitcomNO":"20","code":"25498720","customFields":[{"values":["a,g"],"key":"advisories"}],"cpId":"310303","preRelease":"0","averageScore":"5.0","areaCodes":["21"],"picture":{"hcsSlaveAddrs":[],"posters":["https:\/\/t-mobiletv.nl:443\/CPS\/images\/universal\/film\/poster\/202109\/20210908\/46\/20210908172515143nlv.jpg"],"icons":["https:\/\/t-mobiletv.nl:443\/CPS\/images\/universal\/film\/poster\/202109\/20210908\/56\/20210908172515143cgj.png"],"ads":["https:\/\/t-mobiletv.nl:443\/CPS\/images\/universal\/film\/poster\/202109\/20210908\/8\/20210908172515143a86.jpg"],"extensionFields":[],"others":[]}},"sitcomNO":"20"}]}