{"result":{"retMsg":"QueryEpisodes success.","retCode":"000000000"},"total":"9","episodes":[{"VOD":{"isSubscribed":"0","extensionFields":[],"price":"-1","ID":"1107440627","contentType":"VIDEO_VOD","bizDomains":["2"],"clipNumbers":[{"values":["0"],"key":"WONDERFULMOMENTS"},{"values":["0"],"key":"WONDERFULCLIPS"},{"values":["0"],"key":"ACTORSEGMENTS"}],"name":"A Family Divided","code":"EHD_324524E","cpId":"310303","customFields":[{"values":["2022-04-30T00:00:00"],"key":"Licensing_Window_End"}],"mediaFiles":[{"preview":"0","isDownload":"0","code":"EHD_324524E_dash","customFields":[],"maxBitrate":"4.398","bitrate":"4398","userGroupIds":["-1"],"elapseTime":"2657","multiBitrates":[],"extensionFields":[],"formatOf3D":"1","encrypt":"1","uploadType":"0","definition":"1","ID":"1107440628","dimension":"2","videoCodec":"H.264","bizDomains":["2"],"CGMSA":"0","fps":"30.0","macrovision":"0","mediaHDRType":"0","isVRContent":"0","supportTerminals":[],"analogOutputEnable":"1","fileSize":"1460685750","HDCPEnable":"0","fileFormat":"4"}],"custContentType":"1","preRelease":"0","averageScore":"0.0","areaCodes":["21"],"picture":{"hcsSlaveAddrs":[],"posters":["https:\/\/t-mobiletv.nl:443\/CPS\/images\/universal\/film\/poster\/202112\/20211215\/4\/2021121515111638413j.jpg"],"drafts":["https:\/\/t-mobiletv.nl:443\/CPS\/images\/universal\/film\/poster\/202112\/20211215\/51\/202112151511163843wj.jpg"],"extensionFields":[],"stills":["https:\/\/t-mobiletv.nl:443\/CPS\/images\/universal\/film\/poster\/202112\/20211215\/0\/20211215151116384qrd.jpg"],"others":[]}},"sitcomNO":"1"},{"VOD":{"isSubscribed":"0","extensionFields":[],"price":"-1","ID":"1107440619","contentType":"VIDEO_VOD","bizDomains":["2"],"clipNumbers":[{"values":["0"],"key":"WONDERFULMOMENTS"},{"values":["0"],"key":"WONDERFULCLIPS"},{"values":["0"],"key":"ACTORSEGMENTS"}],"name":"My Mystery Man","code":"EHD_324525E","cpId":"310303","customFields":[{"values":["2022-04-30T00:00:00"],"key":"Licensing_Window_End"}],"mediaFiles":[{"preview":"0","isDownload":"0","code":"EHD_324525E_dash","customFields":[],"maxBitrate":"4.398","bitrate":"4398","userGroupIds":["-1"],"elapseTime":"2643","multiBitrates":[],"extensionFields":[],"formatOf3D":"1","encrypt":"1","uploadType":"0","definition":"1","ID":"1107440623","dimension":"2","videoCodec":"H.264","bizDomains":["2"],"CGMSA":"0","fps":"30.0","macrovision":"0","mediaHDRType":"0","isVRContent":"0","supportTerminals":[],"analogOutputEnable":"1","fileSize":"1452989250","HDCPEnable":"0","fileFormat":"4"}],"custContentType":"1","preRelease":"0","averageScore":"0.0","areaCodes":["21"],"picture":{"hcsSlaveAddrs":[],"posters":["https:\/\/t-mobiletv.nl:443\/CPS\/images\/universal\/film\/poster\/202112\/20211215\/89\/20211215164934547qc7.jpg"],"drafts":["https:\/\/t-mobiletv.nl:443\/CPS\/images\/universal\/film\/poster\/202112\/20211215\/32\/20211215164934547i22.jpg"],"extensionFields":[],"stills":["https:\/\/t-mobiletv.nl:443\/CPS\/images\/universal\/film\/poster\/202112\/20211215\/32\/20211215164934547vzl.jpg"],"others":[]}},"sitcomNO":"2"},{"VOD":{"isSubscribed":"0","extensionFields":[],"price":"-1","ID":"1107440639","contentType":"VIDEO_VOD","bizDomains":["2"],"clipNumbers":[{"values":["0"],"key":"WONDERFULMOMENTS"},{"values":["0"],"key":"WONDERFULCLIPS"},{"values":["0"],"key":"ACTORSEGMENTS"}],"name":"You Can't Stop The Girl","code":"EHD_324526E","cpId":"310303","customFields":[{"values":["2022-04-30T00:00:00"],"key":"Licensing_Window_End"}],"mediaFiles":[{"preview":"0","isDownload":"0","code":"EHD_324526E_dash","customFields":[],"maxBitrate":"4.398","bitrate":"4398","userGroupIds":["-1"],"elapseTime":"2648","multiBitrates":[],"extensionFields":[],"formatOf3D":"1","encrypt":"1","uploadType":"0","definition":"1","ID":"1107440640","dimension":"2","videoCodec":"H.264","bizDomains":["2"],"CGMSA":"0","fps":"30.0","macrovision":"0","mediaHDRType":"0","isVRContent":"0","supportTerminals":[],"analogOutputEnable":"1","fileSize":"1455738000","HDCPEnable":"0","fileFormat":"4"}],"custContentType":"1","preRelease":"0","averageScore":"0.0","areaCodes":["21"],"picture":{"hcsSlaveAddrs":[],"posters":["https:\/\/t-mobiletv.nl:443\/CPS\/images\/universal\/film\/poster\/202112\/20211215\/71\/202112151823004420r7.jpg"],"drafts":["https:\/\/t-mobiletv.nl:443\/CPS\/images\/universal\/film\/poster\/202112\/20211215\/11\/20211215182300442lc2.jpg"],"extensionFields":[],"stills":["https:\/\/t-mobiletv.nl:443\/CPS\/images\/universal\/film\/poster\/202112\/20211215\/43\/20211215182300442nt4.jpg"],"others":[]}},"sitcomNO":"3"},{"VOD":{"isSubscribed":"0","extensionFields":[],"price":"-1","ID":"1107440888","contentType":"VIDEO_VOD","bizDomains":["2"],"clipNumbers":[{"values":["0"],"key":"WONDERFULMOMENTS"},{"values":["0"],"key":"WONDERFULCLIPS"},{"values":["0"],"key":"ACTORSEGMENTS"}],"name":"Open To Falling In Love","code":"EHD_324527E","cpId":"310303","customFields":[{"values":["2022-04-30T00:00:00"],"key":"Licensing_Window_End"}],"mediaFiles":[{"preview":"0","isDownload":"0","code":"EHD_324527E_dash","customFields":[],"maxBitrate":"4.398","bitrate":"4398","userGroupIds":["-1"],"elapseTime":"2656","multiBitrates":[],"extensionFields":[],"formatOf3D":"1","encrypt":"1","uploadType":"0","definition":"1","ID":"1107440891","dimension":"2","videoCodec":"H.264","bizDomains":["2"],"CGMSA":"0","fps":"30.0","macrovision":"0","mediaHDRType":"0","isVRContent":"0","supportTerminals":[],"analogOutputEnable":"1","fileSize":"1460136000","HDCPEnable":"0","fileFormat":"4"}],"custContentType":"1","preRelease":"0","averageScore":"0.0","areaCodes":["21"],"picture":{"hcsSlaveAddrs":[],"posters":["https:\/\/t-mobiletv.nl:443\/CPS\/images\/universal\/film\/poster\/202112\/20211215\/86\/20211215162741494ndm.jpg"],"drafts":["https:\/\/t-mobiletv.nl:443\/CPS\/images\/universal\/film\/poster\/202112\/20211215\/20\/202112151627414946jn.jpg"],"extensionFields":[],"stills":["https:\/\/t-mobiletv.nl:443\/CPS\/images\/universal\/film\/poster\/202112\/20211215\/0\/20211215162741494w7m.jpg"],"others":[]}},"sitcomNO":"4"},{"VOD":{"isSubscribed":"0","extensionFields":[],"price":"-1","ID":"1107440630","contentType":"VIDEO_VOD","bizDomains":["2"],"clipNumbers":[{"values":["0"],"key":"WONDERFULMOMENTS"},{"values":["0"],"key":"WONDERFULCLIPS"},{"values":["0"],"key":"ACTORSEGMENTS"}],"name":"Friend Or Boyfriend","code":"EHD_324528E","cpId":"310303","customFields":[{"values":["2022-04-30T00:00:00"],"key":"Licensing_Window_End"}],"mediaFiles":[{"preview":"0","isDownload":"0","code":"EHD_324528E_dash","customFields":[],"maxBitrate":"4.398","bitrate":"4398","userGroupIds":["-1"],"elapseTime":"2638","multiBitrates":[],"extensionFields":[],"formatOf3D":"1","encrypt":"1","uploadType":"0","definition":"1","ID":"1107440631","dimension":"2","videoCodec":"H.264","bizDomains":["2"],"CGMSA":"0","fps":"30.0","macrovision":"0","mediaHDRType":"0","isVRContent":"0","supportTerminals":[],"analogOutputEnable":"1","fileSize":"1450240500","HDCPEnable":"0","fileFormat":"4"}],"custContentType":"1","preRelease":"0","averageScore":"0.0","areaCodes":["21"],"picture":{"hcsSlaveAddrs":[],"posters":["https:\/\/t-mobiletv.nl:443\/CPS\/images\/universal\/film\/poster\/202112\/20211215\/25\/20211215153351931353.jpg"],"drafts":["https:\/\/t-mobiletv.nl:443\/CPS\/images\/universal\/film\/poster\/202112\/20211215\/81\/20211215153351931wf1.jpg"],"extensionFields":[],"stills":["https:\/\/t-mobiletv.nl:443\/CPS\/images\/universal\/film\/poster\/202112\/20211215\/49\/20211215153351931t7k.jpg"],"others":[]}},"sitcomNO":"5"},{"VOD":{"isSubscribed":"0","extensionFields":[],"price":"-1","ID":"1107440894","contentType":"VIDEO_VOD","bizDomains":["2"],"clipNumbers":[{"values":["0"],"key":"WONDERFULMOMENTS"},{"values":["0"],"key":"WONDERFULCLIPS"},{"values":["0"],"key":"ACTORSEGMENTS"}],"name":"A Moment Of Doubt","code":"EHD_324529E","cpId":"310303","customFields":[{"values":["2022-04-30T00:00:00"],"key":"Licensing_Window_End"}],"mediaFiles":[{"preview":"0","isDownload":"0","code":"EHD_324529E_dash","customFields":[],"maxBitrate":"4.398","bitrate":"4398","userGroupIds":["-1"],"elapseTime":"2645","multiBitrates":[],"extensionFields":[],"formatOf3D":"1","encrypt":"1","uploadType":"0","definition":"1","ID":"1107440900","dimension":"2","videoCodec":"H.264","bizDomains":["2"],"CGMSA":"0","fps":"30.0","macrovision":"0","mediaHDRType":"0","isVRContent":"0","supportTerminals":[],"analogOutputEnable":"1","fileSize":"1454088750","HDCPEnable":"0","fileFormat":"4"}],"custContentType":"1","preRelease":"0","averageScore":"0.0","areaCodes":["21"],"picture":{"hcsSlaveAddrs":[],"posters":["https:\/\/t-mobiletv.nl:443\/CPS\/images\/universal\/film\/poster\/202112\/20211215\/29\/202112151604005349b2.jpg"],"drafts":["https:\/\/t-mobiletv.nl:443\/CPS\/images\/universal\/film\/poster\/202112\/20211215\/36\/20211215160400534v2q.jpg"],"extensionFields":[],"stills":["https:\/\/t-mobiletv.nl:443\/CPS\/images\/universal\/film\/poster\/202112\/20211215\/70\/20211215160400534976.jpg"],"others":[]}},"sitcomNO":"6"},{"VOD":{"isSubscribed":"0","extensionFields":[],"price":"-1","ID":"1107440902","contentType":"VIDEO_VOD","bizDomains":["2"],"clipNumbers":[{"values":["0"],"key":"WONDERFULMOMENTS"},{"values":["0"],"key":"WONDERFULCLIPS"},{"values":["0"],"key":"ACTORSEGMENTS"}],"name":"The Open Road","code":"EHD_324530F","cpId":"310303","customFields":[{"values":["2022-04-30T00:00:00"],"key":"Licensing_Window_End"}],"mediaFiles":[{"preview":"0","isDownload":"0","code":"EHD_324530F_dash","customFields":[],"maxBitrate":"4.398","bitrate":"4398","userGroupIds":["-1"],"elapseTime":"2645","multiBitrates":[],"extensionFields":[],"formatOf3D":"1","encrypt":"1","uploadType":"0","definition":"1","ID":"1107440903","dimension":"2","videoCodec":"H.264","bizDomains":["2"],"CGMSA":"0","fps":"30.0","macrovision":"0","mediaHDRType":"0","isVRContent":"0","supportTerminals":[],"analogOutputEnable":"1","fileSize":"1454088750","HDCPEnable":"0","fileFormat":"4"}],"custContentType":"1","preRelease":"0","averageScore":"0.0","areaCodes":["21"],"picture":{"hcsSlaveAddrs":[],"posters":["https:\/\/t-mobiletv.nl:443\/CPS\/images\/universal\/film\/poster\/202112\/20211215\/33\/202112151646301123ar.jpg"],"drafts":["https:\/\/t-mobiletv.nl:443\/CPS\/images\/universal\/film\/poster\/202112\/20211215\/49\/20211215164630112kbn.jpg"],"extensionFields":[],"stills":["https:\/\/t-mobiletv.nl:443\/CPS\/images\/universal\/film\/poster\/202112\/20211215\/10\/20211215164630112p1e.jpg"],"others":[]}},"sitcomNO":"7"},{"VOD":{"isSubscribed":"0","extensionFields":[],"price":"-1","ID":"1107440887","contentType":"VIDEO_VOD","bizDomains":["2"],"clipNumbers":[{"values":["0"],"key":"WONDERFULMOMENTS"},{"values":["0"],"key":"WONDERFULCLIPS"},{"values":["0"],"key":"ACTORSEGMENTS"}],"name":"My Everything","code":"EHD_324531F","cpId":"310303","customFields":[{"values":["2022-04-30T00:00:00"],"key":"Licensing_Window_End"}],"mediaFiles":[{"preview":"0","isDownload":"0","code":"EHD_324531F_dash","customFields":[],"maxBitrate":"4.398","bitrate":"4398","userGroupIds":["-1"],"elapseTime":"2639","multiBitrates":[],"extensionFields":[],"formatOf3D":"1","encrypt":"1","uploadType":"0","definition":"1","ID":"1107440889","dimension":"2","videoCodec":"H.264","bizDomains":["2"],"CGMSA":"0","fps":"30.0","macrovision":"0","mediaHDRType":"0","isVRContent":"0","supportTerminals":[],"analogOutputEnable":"1","fileSize":"1450790250","HDCPEnable":"0","fileFormat":"4"}],"custContentType":"1","preRelease":"0","averageScore":"0.0","areaCodes":["21"],"picture":{"hcsSlaveAddrs":[],"posters":["https:\/\/t-mobiletv.nl:443\/CPS\/images\/universal\/film\/poster\/202112\/20211215\/83\/202112151518355542w3.jpg"],"drafts":["https:\/\/t-mobiletv.nl:443\/CPS\/images\/universal\/film\/poster\/202112\/20211215\/21\/202112151518355539sn.jpg"],"extensionFields":[],"stills":["https:\/\/t-mobiletv.nl:443\/CPS\/images\/universal\/film\/poster\/202112\/20211215\/56\/20211215151835553eja.jpg"],"others":[]}},"sitcomNO":"8"},{"VOD":{"isSubscribed":"0","extensionFields":[],"price":"-1","ID":"1107440895","contentType":"VIDEO_VOD","bizDomains":["2"],"clipNumbers":[{"values":["0"],"key":"WONDERFULMOMENTS"},{"values":["0"],"key":"WONDERFULCLIPS"},{"values":["0"],"key":"ACTORSEGMENTS"}],"name":"I Came To Say Goodbye","code":"EHD_333027D","cpId":"310303","customFields":[{"values":["2022-04-30T00:00:00"],"key":"Licensing_Window_End"}],"mediaFiles":[{"preview":"0","isDownload":"0","code":"EHD_333027D_dash","customFields":[],"maxBitrate":"4.398","bitrate":"4398","userGroupIds":["-1"],"elapseTime":"2643","multiBitrates":[],"extensionFields":[],"formatOf3D":"1","encrypt":"1","uploadType":"0","definition":"1","ID":"1107440898","dimension":"2","videoCodec":"H.264","bizDomains":["2"],"CGMSA":"0","fps":"30.0","macrovision":"0","mediaHDRType":"0","isVRContent":"0","supportTerminals":[],"analogOutputEnable":"1","fileSize":"1452989250","HDCPEnable":"0","fileFormat":"4"}],"custContentType":"1","preRelease":"0","averageScore":"0.0","areaCodes":["21"],"picture":{"hcsSlaveAddrs":[],"posters":["https:\/\/t-mobiletv.nl:443\/CPS\/images\/universal\/film\/poster\/202112\/20211215\/81\/20211215152149700xdm.jpg"],"drafts":["https:\/\/t-mobiletv.nl:443\/CPS\/images\/universal\/film\/poster\/202112\/20211215\/31\/20211215152149700ap0.jpg"],"extensionFields":[],"stills":["https:\/\/t-mobiletv.nl:443\/CPS\/images\/universal\/film\/poster\/202112\/20211215\/17\/20211215152149700hur.jpg"],"others":[]}},"sitcomNO":"9"}]}