{"result":{"retMsg":"QueryEpisodes success.","retCode":"000000000"},"total":"1","episodes":[{"VOD":{"isSubscribed":"0","extensionFields":[],"price":"-1","ID":"1010015389","contentType":"VIDEO_VOD","bizDomains":["2"],"clipNumbers":[{"values":["0"],"key":"WONDERFULMOMENTS"},{"values":["0"],"key":"WONDERFULCLIPS"},{"values":["0"],"key":"ACTORSEGMENTS"}],"name":"Gold Divers","maxSitcomNO":"10","code":"2462268","customFields":[{"values":["a,g"],"key":"advisories"}],"cpId":"310303","preRelease":"0","averageScore":"6.2","areaCodes":["21"],"picture":{"hcsSlaveAddrs":[],"posters":["https:\/\/t-mobiletv.nl:443\/CPS\/images\/universal\/film\/poster\/202108\/20210803\/10\/202108031725124324g4.jpg"],"icons":["https:\/\/t-mobiletv.nl:443\/CPS\/images\/universal\/film\/poster\/202108\/20210803\/74\/20210803172512432bql.png"],"ads":["https:\/\/t-mobiletv.nl:443\/CPS\/images\/universal\/film\/poster\/202108\/20210803\/31\/202108031725124328jq.jpg"],"extensionFields":[],"others":[]}},"sitcomNO":"8"}]}