{"result":{"retMsg":"QueryEpisodes success.","retCode":"000000000"},"total":"10","episodes":[{"VOD":{"isSubscribed":"0","extensionFields":[],"price":"-1","ID":"1010037802","contentType":"VIDEO_VOD","bizDomains":["2"],"clipNumbers":[{"values":["0"],"key":"WONDERFULMOMENTS"},{"values":["0"],"key":"WONDERFULCLIPS"},{"values":["0"],"key":"ACTORSEGMENTS"}],"name":"Double Down","code":"EHD_264810C","customFields":[{"values":["2021-12-31T00:00:00"],"key":"Licensing_Window_End"}],"cpId":"310303","mediaFiles":[{"preview":"0","isDownload":"0","code":"EHD_264810C_dash","customFields":[],"maxBitrate":"4.398","bitrate":"4398","userGroupIds":["-1"],"elapseTime":"2627","multiBitrates":[],"extensionFields":[],"formatOf3D":"1","encrypt":"1","uploadType":"0","definition":"1","ID":"1010037803","dimension":"2","videoCodec":"H.264","bizDomains":["2"],"CGMSA":"0","fps":"30.0","macrovision":"0","mediaHDRType":"0","isVRContent":"0","supportTerminals":[],"fileSize":"1444193250","analogOutputEnable":"1","HDCPEnable":"0","fileFormat":"4"}],"custContentType":"1","preRelease":"0","averageScore":"0.0","areaCodes":["21"],"picture":{"hcsSlaveAddrs":[],"posters":["https:\/\/t-mobiletv.nl:443\/CPS\/images\/universal\/film\/poster\/202108\/20210803\/73\/20210803205805451j19.jpg"],"icons":["https:\/\/t-mobiletv.nl:443\/CPS\/images\/universal\/film\/poster\/202108\/20210803\/38\/20210803205805452f4c.png"],"extensionFields":[],"backgrounds":["https:\/\/t-mobiletv.nl:443\/CPS\/images\/universal\/film\/poster\/202108\/20210803\/97\/20210803205805451j57.jpg"],"others":[]}},"sitcomNO":"1"},{"VOD":{"isSubscribed":"0","extensionFields":[],"price":"-1","ID":"1009931609","contentType":"VIDEO_VOD","bizDomains":["2"],"clipNumbers":[{"values":["0"],"key":"WONDERFULMOMENTS"},{"values":["0"],"key":"WONDERFULCLIPS"},{"values":["0"],"key":"ACTORSEGMENTS"}],"name":"Unleash The Beast","code":"EHD_264811C","customFields":[{"values":["2021-12-31T00:00:00"],"key":"Licensing_Window_End"}],"cpId":"310303","mediaFiles":[{"preview":"0","isDownload":"0","code":"EHD_264811C_dash","customFields":[],"maxBitrate":"4.398","bitrate":"4398","userGroupIds":["-1"],"elapseTime":"2637","multiBitrates":[],"extensionFields":[],"formatOf3D":"1","encrypt":"1","uploadType":"0","definition":"1","ID":"1009931610","dimension":"2","videoCodec":"H.264","bizDomains":["2"],"CGMSA":"0","fps":"30.0","macrovision":"0","mediaHDRType":"0","isVRContent":"0","supportTerminals":[],"fileSize":"1449690750","analogOutputEnable":"1","HDCPEnable":"0","fileFormat":"4"}],"custContentType":"1","preRelease":"0","averageScore":"0.0","areaCodes":["21"],"picture":{"hcsSlaveAddrs":[],"posters":["https:\/\/t-mobiletv.nl:443\/CPS\/images\/universal\/film\/poster\/202108\/20210803\/70\/20210803174723611jyp.jpg"],"icons":["https:\/\/t-mobiletv.nl:443\/CPS\/images\/universal\/film\/poster\/202108\/20210803\/28\/20210803174723611c61.png"],"extensionFields":[],"backgrounds":["https:\/\/t-mobiletv.nl:443\/CPS\/images\/universal\/film\/poster\/202108\/20210803\/77\/202108031747236117se.jpg"],"others":[]}},"sitcomNO":"2"},{"VOD":{"isSubscribed":"0","extensionFields":[],"price":"-1","ID":"1009931615","contentType":"VIDEO_VOD","bizDomains":["2"],"clipNumbers":[{"values":["0"],"key":"WONDERFULMOMENTS"},{"values":["0"],"key":"WONDERFULCLIPS"},{"values":["0"],"key":"ACTORSEGMENTS"}],"name":"Clash Of The Titans","code":"EHD_264812C","customFields":[{"values":["2021-12-31T00:00:00"],"key":"Licensing_Window_End"}],"cpId":"310303","mediaFiles":[{"preview":"0","isDownload":"0","code":"EHD_264812C_dash","customFields":[],"maxBitrate":"4.398","bitrate":"4398","userGroupIds":["-1"],"elapseTime":"2653","multiBitrates":[],"extensionFields":[],"formatOf3D":"1","encrypt":"1","uploadType":"0","definition":"1","ID":"1009931616","dimension":"2","videoCodec":"H.264","bizDomains":["2"],"CGMSA":"0","fps":"30.0","macrovision":"0","mediaHDRType":"0","isVRContent":"0","supportTerminals":[],"fileSize":"1458486750","analogOutputEnable":"1","HDCPEnable":"0","fileFormat":"4"}],"custContentType":"1","preRelease":"0","averageScore":"0.0","areaCodes":["21"],"picture":{"hcsSlaveAddrs":[],"posters":["https:\/\/t-mobiletv.nl:443\/CPS\/images\/universal\/film\/poster\/202108\/20210803\/33\/20210803184530598k46.jpg"],"icons":["https:\/\/t-mobiletv.nl:443\/CPS\/images\/universal\/film\/poster\/202108\/20210803\/96\/20210803184530598cok.png"],"extensionFields":[],"backgrounds":["https:\/\/t-mobiletv.nl:443\/CPS\/images\/universal\/film\/poster\/202108\/20210803\/32\/20210803184530598roa.jpg"],"others":[]}},"sitcomNO":"3"},{"VOD":{"isSubscribed":"0","extensionFields":[],"price":"-1","ID":"1009931648","contentType":"VIDEO_VOD","bizDomains":["2"],"clipNumbers":[{"values":["0"],"key":"WONDERFULMOMENTS"},{"values":["0"],"key":"WONDERFULCLIPS"},{"values":["0"],"key":"ACTORSEGMENTS"}],"name":"The Sound Of Money","code":"EHD_264813C","customFields":[{"values":["2021-12-31T00:00:00"],"key":"Licensing_Window_End"}],"cpId":"310303","mediaFiles":[{"preview":"0","isDownload":"0","code":"EHD_264813C_dash","customFields":[],"maxBitrate":"4.398","bitrate":"4398","userGroupIds":["-1"],"elapseTime":"2650","multiBitrates":[],"extensionFields":[],"formatOf3D":"1","encrypt":"1","uploadType":"0","definition":"1","ID":"1009935233","dimension":"2","videoCodec":"H.264","bizDomains":["2"],"CGMSA":"0","fps":"30.0","macrovision":"0","mediaHDRType":"0","isVRContent":"0","supportTerminals":[],"fileSize":"1456837500","analogOutputEnable":"1","HDCPEnable":"0","fileFormat":"4"}],"custContentType":"1","preRelease":"0","averageScore":"0.0","areaCodes":["21"],"picture":{"hcsSlaveAddrs":[],"posters":["https:\/\/t-mobiletv.nl:443\/CPS\/images\/universal\/film\/poster\/202108\/20210803\/2\/20210803201232172c8y.jpg"],"icons":["https:\/\/t-mobiletv.nl:443\/CPS\/images\/universal\/film\/poster\/202108\/20210803\/38\/20210803201232173pdq.png"],"extensionFields":[],"backgrounds":["https:\/\/t-mobiletv.nl:443\/CPS\/images\/universal\/film\/poster\/202108\/20210803\/44\/20210803201232173w0s.jpg"],"others":[]}},"sitcomNO":"4"},{"VOD":{"isSubscribed":"0","extensionFields":[],"price":"-1","ID":"1009935298","contentType":"VIDEO_VOD","bizDomains":["2"],"clipNumbers":[{"values":["0"],"key":"WONDERFULMOMENTS"},{"values":["0"],"key":"WONDERFULCLIPS"},{"values":["0"],"key":"ACTORSEGMENTS"}],"name":"Storm Ravaged","code":"EHD_264814C","customFields":[{"values":["2021-12-31T00:00:00"],"key":"Licensing_Window_End"}],"cpId":"310303","mediaFiles":[{"preview":"0","isDownload":"0","code":"EHD_264814C_dash","customFields":[],"maxBitrate":"4.398","bitrate":"4398","userGroupIds":["-1"],"elapseTime":"2656","multiBitrates":[],"extensionFields":[],"formatOf3D":"1","encrypt":"1","uploadType":"0","definition":"1","ID":"1009935299","dimension":"2","videoCodec":"H.264","bizDomains":["2"],"CGMSA":"0","fps":"30.0","macrovision":"0","mediaHDRType":"0","isVRContent":"0","supportTerminals":[],"fileSize":"1460136000","analogOutputEnable":"1","HDCPEnable":"0","fileFormat":"4"}],"custContentType":"1","preRelease":"0","averageScore":"0.0","areaCodes":["21"],"picture":{"hcsSlaveAddrs":[],"posters":["https:\/\/t-mobiletv.nl:443\/CPS\/images\/universal\/film\/poster\/202108\/20210803\/19\/20210803230151332l5d.jpg"],"icons":["https:\/\/t-mobiletv.nl:443\/CPS\/images\/universal\/film\/poster\/202108\/20210803\/52\/2021080323015133373n.png"],"extensionFields":[],"backgrounds":["https:\/\/t-mobiletv.nl:443\/CPS\/images\/universal\/film\/poster\/202108\/20210803\/67\/20210803230151333m5k.jpg"],"others":[]}},"sitcomNO":"5"},{"VOD":{"isSubscribed":"0","extensionFields":[],"price":"-1","ID":"1009935186","contentType":"VIDEO_VOD","bizDomains":["2"],"clipNumbers":[{"values":["0"],"key":"WONDERFULMOMENTS"},{"values":["0"],"key":"WONDERFULCLIPS"},{"values":["0"],"key":"ACTORSEGMENTS"}],"name":"Guts & Gravel","code":"EHD_264815C","customFields":[{"values":["2021-12-31T00:00:00"],"key":"Licensing_Window_End"}],"cpId":"310303","mediaFiles":[{"preview":"0","isDownload":"0","code":"EHD_264815C_dash","customFields":[],"maxBitrate":"4.398","bitrate":"4398","userGroupIds":["-1"],"elapseTime":"2637","multiBitrates":[],"extensionFields":[],"formatOf3D":"1","encrypt":"1","uploadType":"0","definition":"1","ID":"1009935187","dimension":"2","videoCodec":"H.264","bizDomains":["2"],"CGMSA":"0","fps":"30.0","macrovision":"0","mediaHDRType":"0","isVRContent":"0","supportTerminals":[],"fileSize":"1449690750","analogOutputEnable":"1","HDCPEnable":"0","fileFormat":"4"}],"custContentType":"1","preRelease":"0","averageScore":"0.0","areaCodes":["21"],"picture":{"hcsSlaveAddrs":[],"posters":["https:\/\/t-mobiletv.nl:443\/CPS\/images\/universal\/film\/poster\/202108\/20210803\/93\/20210803182121360mva.jpg"],"icons":["https:\/\/t-mobiletv.nl:443\/CPS\/images\/universal\/film\/poster\/202108\/20210803\/40\/202108031821213607do.png"],"extensionFields":[],"backgrounds":["https:\/\/t-mobiletv.nl:443\/CPS\/images\/universal\/film\/poster\/202108\/20210803\/11\/20210803182121360kf9.jpg"],"others":[]}},"sitcomNO":"6"},{"VOD":{"isSubscribed":"0","extensionFields":[],"price":"-1","ID":"1009931606","contentType":"VIDEO_VOD","bizDomains":["2"],"clipNumbers":[{"values":["0"],"key":"WONDERFULMOMENTS"},{"values":["0"],"key":"WONDERFULCLIPS"},{"values":["0"],"key":"ACTORSEGMENTS"}],"name":"Gold Blooded","code":"EHD_264816C","customFields":[{"values":["2021-12-31T00:00:00"],"key":"Licensing_Window_End"}],"cpId":"310303","mediaFiles":[{"preview":"0","isDownload":"0","code":"EHD_264816C_dash","customFields":[],"maxBitrate":"4.398","bitrate":"4398","userGroupIds":["-1"],"elapseTime":"2656","multiBitrates":[],"extensionFields":[],"formatOf3D":"1","encrypt":"1","uploadType":"0","definition":"1","ID":"1009931607","dimension":"2","videoCodec":"H.264","bizDomains":["2"],"CGMSA":"0","fps":"30.0","macrovision":"0","mediaHDRType":"0","isVRContent":"0","supportTerminals":[],"fileSize":"1460136000","analogOutputEnable":"1","HDCPEnable":"0","fileFormat":"4"}],"custContentType":"1","preRelease":"0","averageScore":"0.0","areaCodes":["21"],"picture":{"hcsSlaveAddrs":[],"posters":["https:\/\/t-mobiletv.nl:443\/CPS\/images\/universal\/film\/poster\/202108\/20210803\/79\/20210803182437338knl.jpg"],"icons":["https:\/\/t-mobiletv.nl:443\/CPS\/images\/universal\/film\/poster\/202108\/20210803\/57\/20210803182437338yzq.png"],"extensionFields":[],"backgrounds":["https:\/\/t-mobiletv.nl:443\/CPS\/images\/universal\/film\/poster\/202108\/20210803\/33\/2021080318243733873y.jpg"],"others":[]}},"sitcomNO":"7"},{"VOD":{"isSubscribed":"0","extensionFields":[],"price":"-1","ID":"1009935313","contentType":"VIDEO_VOD","bizDomains":["2"],"clipNumbers":[{"values":["0"],"key":"WONDERFULMOMENTS"},{"values":["0"],"key":"WONDERFULCLIPS"},{"values":["0"],"key":"ACTORSEGMENTS"}],"name":"Missing In Action","code":"EHD_264817C","customFields":[{"values":["2021-12-31T00:00:00"],"key":"Licensing_Window_End"}],"cpId":"310303","mediaFiles":[{"preview":"0","isDownload":"0","code":"EHD_264817C_dash","customFields":[],"maxBitrate":"4.398","bitrate":"4398","userGroupIds":["-1"],"elapseTime":"2642","multiBitrates":[],"extensionFields":[],"formatOf3D":"1","encrypt":"1","uploadType":"0","definition":"1","ID":"1009935314","dimension":"2","videoCodec":"H.264","bizDomains":["2"],"CGMSA":"0","fps":"30.0","macrovision":"0","mediaHDRType":"0","isVRContent":"0","supportTerminals":[],"fileSize":"1452439500","analogOutputEnable":"1","HDCPEnable":"0","fileFormat":"4"}],"custContentType":"1","preRelease":"0","averageScore":"0.0","areaCodes":["21"],"picture":{"hcsSlaveAddrs":[],"posters":["https:\/\/t-mobiletv.nl:443\/CPS\/images\/universal\/film\/poster\/202108\/20210803\/4\/20210803194225175ed2.jpg"],"icons":["https:\/\/t-mobiletv.nl:443\/CPS\/images\/universal\/film\/poster\/202108\/20210803\/18\/20210803194225175dfu.png"],"extensionFields":[],"backgrounds":["https:\/\/t-mobiletv.nl:443\/CPS\/images\/universal\/film\/poster\/202108\/20210803\/82\/2021080319422517532q.jpg"],"others":[]}},"sitcomNO":"8"},{"VOD":{"isSubscribed":"0","extensionFields":[],"price":"-1","ID":"1009935213","contentType":"VIDEO_VOD","bizDomains":["2"],"clipNumbers":[{"values":["0"],"key":"WONDERFULMOMENTS"},{"values":["0"],"key":"WONDERFULCLIPS"},{"values":["0"],"key":"ACTORSEGMENTS"}],"name":"Battle Plan","code":"EHD_264818D","customFields":[{"values":["2021-12-31T00:00:00"],"key":"Licensing_Window_End"}],"cpId":"310303","mediaFiles":[{"preview":"0","isDownload":"0","code":"EHD_264818D_dash","customFields":[],"maxBitrate":"4.398","bitrate":"4398","userGroupIds":["-1"],"elapseTime":"2641","multiBitrates":[],"extensionFields":[],"formatOf3D":"1","encrypt":"1","uploadType":"0","definition":"1","ID":"1009935214","dimension":"2","videoCodec":"H.264","bizDomains":["2"],"CGMSA":"0","fps":"30.0","macrovision":"0","mediaHDRType":"0","isVRContent":"0","supportTerminals":[],"fileSize":"1451889750","analogOutputEnable":"1","HDCPEnable":"0","fileFormat":"4"}],"custContentType":"1","preRelease":"0","averageScore":"0.0","areaCodes":["21"],"picture":{"hcsSlaveAddrs":[],"posters":["https:\/\/t-mobiletv.nl:443\/CPS\/images\/universal\/film\/poster\/202108\/20210803\/11\/20210803215505695nmw.jpg"],"icons":["https:\/\/t-mobiletv.nl:443\/CPS\/images\/universal\/film\/poster\/202108\/20210803\/96\/2021080321550569578x.png"],"extensionFields":[],"backgrounds":["https:\/\/t-mobiletv.nl:443\/CPS\/images\/universal\/film\/poster\/202108\/20210803\/21\/202108032155056954by.jpg"],"others":[]}},"sitcomNO":"9"},{"VOD":{"isSubscribed":"0","extensionFields":[],"price":"-1","ID":"1009935304","contentType":"VIDEO_VOD","bizDomains":["2"],"clipNumbers":[{"values":["0"],"key":"WONDERFULMOMENTS"},{"values":["0"],"key":"WONDERFULCLIPS"},{"values":["0"],"key":"ACTORSEGMENTS"}],"name":"Race The Storm","code":"EHD_264819D","customFields":[{"values":["2021-12-31T00:00:00"],"key":"Licensing_Window_End"}],"cpId":"310303","mediaFiles":[{"preview":"0","isDownload":"0","code":"EHD_264819D_dash","customFields":[],"maxBitrate":"4.398","bitrate":"4398","userGroupIds":["-1"],"elapseTime":"5287","multiBitrates":[],"extensionFields":[],"formatOf3D":"1","encrypt":"1","uploadType":"0","definition":"1","ID":"1009935305","dimension":"2","videoCodec":"H.264","bizDomains":["2"],"CGMSA":"0","fps":"30.0","macrovision":"0","mediaHDRType":"0","isVRContent":"0","supportTerminals":[],"fileSize":"2906528250","analogOutputEnable":"1","HDCPEnable":"0","fileFormat":"4"}],"custContentType":"1","preRelease":"0","averageScore":"0.0","areaCodes":["21"],"picture":{"hcsSlaveAddrs":[],"posters":["https:\/\/t-mobiletv.nl:443\/CPS\/images\/universal\/film\/poster\/202108\/20210803\/84\/20210803224319712tsj.jpg"],"icons":["https:\/\/t-mobiletv.nl:443\/CPS\/images\/universal\/film\/poster\/202108\/20210803\/68\/202108032243197123yb.png"],"extensionFields":[],"backgrounds":["https:\/\/t-mobiletv.nl:443\/CPS\/images\/universal\/film\/poster\/202108\/20210803\/81\/20210803224319712b1w.jpg"],"others":[]}},"sitcomNO":"10"}]}