{"result":{"retMsg":"QueryEpisodes success.","retCode":"000000000"},"total":"21","episodes":[{"VOD":{"isSubscribed":"0","extensionFields":[],"price":"-1","ID":"1042069115","contentType":"VIDEO_VOD","bizDomains":["2"],"clipNumbers":[{"values":["0"],"key":"WONDERFULMOMENTS"},{"values":["0"],"key":"WONDERFULCLIPS"},{"values":["0"],"key":"ACTORSEGMENTS"}],"name":"The Perfect Storm","code":"EHD_296653F","customFields":[{"values":["2022-01-31T00:00:00"],"key":"Licensing_Window_End"}],"cpId":"310303","mediaFiles":[{"preview":"0","isDownload":"0","code":"EHD_296653F_dash","customFields":[],"maxBitrate":"4.398","bitrate":"4398","userGroupIds":["-1"],"elapseTime":"5276","multiBitrates":[],"extensionFields":[],"formatOf3D":"1","encrypt":"1","uploadType":"0","definition":"1","ID":"1042069116","dimension":"2","videoCodec":"H.264","bizDomains":["2"],"CGMSA":"0","fps":"30.0","macrovision":"0","mediaHDRType":"0","isVRContent":"0","supportTerminals":[],"fileSize":"2900481000","analogOutputEnable":"1","HDCPEnable":"0","fileFormat":"4"}],"custContentType":"1","preRelease":"0","averageScore":"0.0","areaCodes":["21"],"picture":{"hcsSlaveAddrs":[],"drafts":["https:\/\/t-mobiletv.nl:443\/CPS\/images\/universal\/film\/poster\/202109\/20210910\/52\/202109101845151523g6.jpg"],"extensionFields":[],"stills":["https:\/\/t-mobiletv.nl:443\/CPS\/images\/universal\/film\/poster\/202109\/20210910\/47\/20210910184515152j52.jpg"],"others":[]}},"sitcomNO":"1"},{"VOD":{"isSubscribed":"0","extensionFields":[],"price":"-1","ID":"1042069124","contentType":"VIDEO_VOD","bizDomains":["2"],"clipNumbers":[{"values":["0"],"key":"WONDERFULMOMENTS"},{"values":["0"],"key":"WONDERFULCLIPS"},{"values":["0"],"key":"ACTORSEGMENTS"}],"name":"Promised Land","code":"EHD_296654H","customFields":[{"values":["2022-01-31T00:00:00"],"key":"Licensing_Window_End"}],"cpId":"310303","mediaFiles":[{"preview":"0","isDownload":"0","code":"EHD_296654H_dash","customFields":[],"maxBitrate":"4.398","bitrate":"4398","userGroupIds":["-1"],"elapseTime":"5282","multiBitrates":[],"extensionFields":[],"formatOf3D":"1","encrypt":"1","uploadType":"0","definition":"1","ID":"1042069125","dimension":"2","videoCodec":"H.264","bizDomains":["2"],"CGMSA":"0","fps":"30.0","macrovision":"0","mediaHDRType":"0","isVRContent":"0","supportTerminals":[],"fileSize":"2903779500","analogOutputEnable":"1","HDCPEnable":"0","fileFormat":"4"}],"custContentType":"1","preRelease":"0","averageScore":"0.0","areaCodes":["21"],"picture":{"hcsSlaveAddrs":[],"posters":["https:\/\/t-mobiletv.nl:443\/CPS\/images\/universal\/film\/poster\/202109\/20210909\/90\/20210909015853386my8.jpg"],"icons":["https:\/\/t-mobiletv.nl:443\/CPS\/images\/universal\/film\/poster\/202109\/20210909\/61\/20210909015853386n9i.png"],"extensionFields":[],"backgrounds":["https:\/\/t-mobiletv.nl:443\/CPS\/images\/universal\/film\/poster\/202109\/20210909\/36\/20210909015853386fy8.jpg"],"others":[]}},"sitcomNO":"2"},{"VOD":{"isSubscribed":"0","extensionFields":[],"price":"-1","ID":"1042069148","contentType":"VIDEO_VOD","bizDomains":["2"],"clipNumbers":[{"values":["0"],"key":"WONDERFULMOMENTS"},{"values":["0"],"key":"WONDERFULCLIPS"},{"values":["0"],"key":"ACTORSEGMENTS"}],"name":"The Fast And The Furious","code":"EHD_296655H","customFields":[{"values":["2022-01-31T00:00:00"],"key":"Licensing_Window_End"}],"cpId":"310303","mediaFiles":[{"preview":"0","isDownload":"0","code":"EHD_296655H_dash","customFields":[],"maxBitrate":"4.398","bitrate":"4398","userGroupIds":["-1"],"elapseTime":"2649","multiBitrates":[],"extensionFields":[],"formatOf3D":"1","encrypt":"1","uploadType":"0","definition":"1","ID":"1042069149","dimension":"2","videoCodec":"H.264","bizDomains":["2"],"CGMSA":"0","fps":"30.0","macrovision":"0","mediaHDRType":"0","isVRContent":"0","supportTerminals":[],"fileSize":"1456287750","analogOutputEnable":"1","HDCPEnable":"0","fileFormat":"4"}],"custContentType":"1","preRelease":"0","averageScore":"0.0","areaCodes":["21"],"picture":{"hcsSlaveAddrs":[],"posters":["https:\/\/t-mobiletv.nl:443\/CPS\/images\/universal\/film\/poster\/202109\/20210909\/32\/202109090027535260ie.jpg"],"icons":["https:\/\/t-mobiletv.nl:443\/CPS\/images\/universal\/film\/poster\/202109\/20210909\/62\/2021090900275352688z.png"],"extensionFields":[],"backgrounds":["https:\/\/t-mobiletv.nl:443\/CPS\/images\/universal\/film\/poster\/202109\/20210909\/12\/20210909002753526dzv.jpg"],"others":[]}},"sitcomNO":"3"},{"VOD":{"isSubscribed":"0","extensionFields":[],"price":"-1","ID":"1042069100","contentType":"VIDEO_VOD","bizDomains":["2"],"clipNumbers":[{"values":["0"],"key":"WONDERFULMOMENTS"},{"values":["0"],"key":"WONDERFULCLIPS"},{"values":["0"],"key":"ACTORSEGMENTS"}],"name":"Breaking The Piggy Bank","code":"EHD_296656I","customFields":[{"values":["2022-01-31T00:00:00"],"key":"Licensing_Window_End"}],"cpId":"310303","mediaFiles":[{"preview":"0","isDownload":"0","code":"EHD_296656I_dash","customFields":[],"maxBitrate":"4.398","bitrate":"4398","userGroupIds":["-1"],"elapseTime":"2647","multiBitrates":[],"extensionFields":[],"formatOf3D":"1","encrypt":"1","uploadType":"0","definition":"1","ID":"1042069102","dimension":"2","videoCodec":"H.264","bizDomains":["2"],"CGMSA":"0","fps":"30.0","macrovision":"0","mediaHDRType":"0","isVRContent":"0","supportTerminals":[],"fileSize":"1455188250","analogOutputEnable":"1","HDCPEnable":"0","fileFormat":"4"}],"custContentType":"1","preRelease":"0","averageScore":"0.0","areaCodes":["21"],"picture":{"hcsSlaveAddrs":[],"posters":["https:\/\/t-mobiletv.nl:443\/CPS\/images\/universal\/film\/poster\/202109\/20210909\/39\/20210909002143968l51.jpg"],"icons":["https:\/\/t-mobiletv.nl:443\/CPS\/images\/universal\/film\/poster\/202109\/20210909\/0\/20210909002143968jqy.png"],"extensionFields":[],"backgrounds":["https:\/\/t-mobiletv.nl:443\/CPS\/images\/universal\/film\/poster\/202109\/20210909\/27\/20210909002143968pow.jpg"],"others":[]}},"sitcomNO":"4"},{"VOD":{"isSubscribed":"0","extensionFields":[],"price":"-1","ID":"1042069086","contentType":"VIDEO_VOD","bizDomains":["2"],"clipNumbers":[{"values":["0"],"key":"WONDERFULMOMENTS"},{"values":["0"],"key":"WONDERFULCLIPS"},{"values":["0"],"key":"ACTORSEGMENTS"}],"name":"It's Alive","code":"EHD_296657I","customFields":[{"values":["2022-01-31T00:00:00"],"key":"Licensing_Window_End"}],"cpId":"310303","mediaFiles":[{"preview":"0","isDownload":"0","code":"EHD_296657I_dash","customFields":[],"maxBitrate":"4.398","bitrate":"4398","userGroupIds":["-1"],"elapseTime":"2665","multiBitrates":[],"extensionFields":[],"formatOf3D":"1","encrypt":"1","uploadType":"0","definition":"1","ID":"1042069089","dimension":"2","videoCodec":"H.264","bizDomains":["2"],"CGMSA":"0","fps":"30.0","macrovision":"0","mediaHDRType":"0","isVRContent":"0","supportTerminals":[],"fileSize":"1465083750","analogOutputEnable":"1","HDCPEnable":"0","fileFormat":"4"}],"custContentType":"1","preRelease":"0","averageScore":"0.0","areaCodes":["21"],"picture":{"hcsSlaveAddrs":[],"posters":["https:\/\/t-mobiletv.nl:443\/CPS\/images\/universal\/film\/poster\/202109\/20210909\/24\/20210909021255320ymm.jpg"],"icons":["https:\/\/t-mobiletv.nl:443\/CPS\/images\/universal\/film\/poster\/202109\/20210909\/89\/202109090212553212oh.png"],"extensionFields":[],"backgrounds":["https:\/\/t-mobiletv.nl:443\/CPS\/images\/universal\/film\/poster\/202109\/20210909\/89\/20210909021255321pee.jpg"],"others":[]}},"sitcomNO":"5"},{"VOD":{"isSubscribed":"0","extensionFields":[],"price":"-1","ID":"1042068399","contentType":"VIDEO_VOD","bizDomains":["2"],"clipNumbers":[{"values":["0"],"key":"WONDERFULMOMENTS"},{"values":["0"],"key":"WONDERFULCLIPS"},{"values":["0"],"key":"ACTORSEGMENTS"}],"name":"Big Red vs. Sluicifer","code":"EHD_296658I","customFields":[{"values":["2022-01-31T00:00:00"],"key":"Licensing_Window_End"}],"cpId":"310303","mediaFiles":[{"preview":"0","isDownload":"0","code":"EHD_296658I_dash","customFields":[],"maxBitrate":"4.398","bitrate":"4398","userGroupIds":["-1"],"elapseTime":"2652","multiBitrates":[],"extensionFields":[],"formatOf3D":"1","encrypt":"1","uploadType":"0","definition":"1","ID":"1042068400","dimension":"2","videoCodec":"H.264","bizDomains":["2"],"CGMSA":"0","fps":"30.0","macrovision":"0","mediaHDRType":"0","isVRContent":"0","supportTerminals":[],"fileSize":"1457937000","analogOutputEnable":"1","HDCPEnable":"0","fileFormat":"4"}],"custContentType":"1","preRelease":"0","averageScore":"0.0","areaCodes":["21"],"picture":{"hcsSlaveAddrs":[],"posters":["https:\/\/t-mobiletv.nl:443\/CPS\/images\/universal\/film\/poster\/202109\/20210908\/16\/20210908214256714i64.jpg"],"icons":["https:\/\/t-mobiletv.nl:443\/CPS\/images\/universal\/film\/poster\/202109\/20210908\/99\/20210908214256714iph.png"],"extensionFields":[],"backgrounds":["https:\/\/t-mobiletv.nl:443\/CPS\/images\/universal\/film\/poster\/202109\/20210908\/96\/20210908214256714qzk.jpg"],"others":[]}},"sitcomNO":"6"},{"VOD":{"isSubscribed":"0","extensionFields":[],"price":"-1","ID":"1042069079","contentType":"VIDEO_VOD","bizDomains":["2"],"clipNumbers":[{"values":["0"],"key":"WONDERFULMOMENTS"},{"values":["0"],"key":"WONDERFULCLIPS"},{"values":["0"],"key":"ACTORSEGMENTS"}],"name":"Rick's Sixth Sense","code":"EHD_296659J","customFields":[{"values":["2022-01-31T00:00:00"],"key":"Licensing_Window_End"}],"cpId":"310303","mediaFiles":[{"preview":"0","isDownload":"0","code":"EHD_296659J_dash","customFields":[],"maxBitrate":"4.398","bitrate":"4398","userGroupIds":["-1"],"elapseTime":"2653","multiBitrates":[],"extensionFields":[],"formatOf3D":"1","encrypt":"1","uploadType":"0","definition":"1","ID":"1042069080","dimension":"2","videoCodec":"H.264","bizDomains":["2"],"CGMSA":"0","fps":"30.0","macrovision":"0","mediaHDRType":"0","isVRContent":"0","supportTerminals":[],"fileSize":"1458486750","analogOutputEnable":"1","HDCPEnable":"0","fileFormat":"4"}],"custContentType":"1","preRelease":"0","averageScore":"0.0","areaCodes":["21"],"picture":{"hcsSlaveAddrs":[],"posters":["https:\/\/t-mobiletv.nl:443\/CPS\/images\/universal\/film\/poster\/202109\/20210909\/76\/20210909020635636v27.jpg"],"icons":["https:\/\/t-mobiletv.nl:443\/CPS\/images\/universal\/film\/poster\/202109\/20210909\/93\/20210909020635636uom.png"],"extensionFields":[],"backgrounds":["https:\/\/t-mobiletv.nl:443\/CPS\/images\/universal\/film\/poster\/202109\/20210909\/71\/20210909020635636h28.jpg"],"others":[]}},"sitcomNO":"7"},{"VOD":{"isSubscribed":"0","extensionFields":[],"price":"-1","ID":"1042069097","contentType":"VIDEO_VOD","bizDomains":["2"],"clipNumbers":[{"values":["0"],"key":"WONDERFULMOMENTS"},{"values":["0"],"key":"WONDERFULCLIPS"},{"values":["0"],"key":"ACTORSEGMENTS"}],"name":"Lost Gold Of Paradise Hill","code":"EHD_296660J","customFields":[{"values":["2022-01-31T00:00:00"],"key":"Licensing_Window_End"}],"cpId":"310303","mediaFiles":[{"preview":"0","isDownload":"0","code":"EHD_296660J_dash","customFields":[],"maxBitrate":"4.398","bitrate":"4398","userGroupIds":["-1"],"elapseTime":"2646","multiBitrates":[],"extensionFields":[],"formatOf3D":"1","encrypt":"1","uploadType":"0","definition":"1","ID":"1042069098","dimension":"2","videoCodec":"H.264","bizDomains":["2"],"CGMSA":"0","fps":"30.0","macrovision":"0","mediaHDRType":"0","isVRContent":"0","supportTerminals":[],"fileSize":"1454638500","analogOutputEnable":"1","HDCPEnable":"0","fileFormat":"4"}],"custContentType":"1","preRelease":"0","averageScore":"0.0","areaCodes":["21"],"picture":{"hcsSlaveAddrs":[],"posters":["https:\/\/t-mobiletv.nl:443\/CPS\/images\/universal\/film\/poster\/202109\/20210908\/77\/20210908210358117hee.jpg"],"icons":["https:\/\/t-mobiletv.nl:443\/CPS\/images\/universal\/film\/poster\/202109\/20210908\/71\/20210908210358117moc.png"],"extensionFields":[],"backgrounds":["https:\/\/t-mobiletv.nl:443\/CPS\/images\/universal\/film\/poster\/202109\/20210908\/48\/202109082103581175s9.jpg"],"others":[]}},"sitcomNO":"8"},{"VOD":{"isSubscribed":"0","extensionFields":[],"price":"-1","ID":"1042069142","contentType":"VIDEO_VOD","bizDomains":["2"],"clipNumbers":[{"values":["0"],"key":"WONDERFULMOMENTS"},{"values":["0"],"key":"WONDERFULCLIPS"},{"values":["0"],"key":"ACTORSEGMENTS"}],"name":"Back To Alaska","code":"EHD_296661I","customFields":[{"values":["2022-01-31T00:00:00"],"key":"Licensing_Window_End"}],"cpId":"310303","mediaFiles":[{"preview":"0","isDownload":"0","code":"EHD_296661I_dash","customFields":[],"maxBitrate":"4.398","bitrate":"4398","userGroupIds":["-1"],"elapseTime":"2660","multiBitrates":[],"extensionFields":[],"formatOf3D":"1","encrypt":"1","uploadType":"0","definition":"1","ID":"1042069143","dimension":"2","videoCodec":"H.264","bizDomains":["2"],"CGMSA":"0","fps":"30.0","macrovision":"0","mediaHDRType":"0","isVRContent":"0","supportTerminals":[],"fileSize":"1462335000","analogOutputEnable":"1","HDCPEnable":"0","fileFormat":"4"}],"custContentType":"1","preRelease":"0","averageScore":"0.0","areaCodes":["21"],"picture":{"hcsSlaveAddrs":[],"posters":["https:\/\/t-mobiletv.nl:443\/CPS\/images\/universal\/film\/poster\/202109\/20210909\/89\/20210909014001859m58.jpg"],"icons":["https:\/\/t-mobiletv.nl:443\/CPS\/images\/universal\/film\/poster\/202109\/20210909\/10\/2021090901400185920e.png"],"extensionFields":[],"backgrounds":["https:\/\/t-mobiletv.nl:443\/CPS\/images\/universal\/film\/poster\/202109\/20210909\/24\/20210909014001859213.jpg"],"others":[]}},"sitcomNO":"9"},{"VOD":{"isSubscribed":"0","extensionFields":[],"price":"-1","ID":"1042069185","contentType":"VIDEO_VOD","bizDomains":["2"],"clipNumbers":[{"values":["0"],"key":"WONDERFULMOMENTS"},{"values":["0"],"key":"WONDERFULCLIPS"},{"values":["0"],"key":"ACTORSEGMENTS"}],"name":"Record Breaker","code":"EHD_296662I","customFields":[{"values":["2022-01-31T00:00:00"],"key":"Licensing_Window_End"}],"cpId":"310303","mediaFiles":[{"preview":"0","isDownload":"0","code":"EHD_296662I_dash","customFields":[],"maxBitrate":"4.398","bitrate":"4398","userGroupIds":["-1"],"elapseTime":"5275","multiBitrates":[],"extensionFields":[],"formatOf3D":"1","encrypt":"1","uploadType":"0","definition":"1","ID":"1042069186","dimension":"2","videoCodec":"H.264","bizDomains":["2"],"CGMSA":"0","fps":"30.0","macrovision":"0","mediaHDRType":"0","isVRContent":"0","supportTerminals":[],"fileSize":"2899931250","analogOutputEnable":"1","HDCPEnable":"0","fileFormat":"4"}],"custContentType":"1","preRelease":"0","averageScore":"0.0","areaCodes":["21"],"picture":{"hcsSlaveAddrs":[],"posters":["https:\/\/t-mobiletv.nl:443\/CPS\/images\/universal\/film\/poster\/202109\/20210908\/15\/20210908203235117nn8.jpg"],"icons":["https:\/\/t-mobiletv.nl:443\/CPS\/images\/universal\/film\/poster\/202109\/20210908\/11\/20210908203235117b7g.png"],"extensionFields":[],"backgrounds":["https:\/\/t-mobiletv.nl:443\/CPS\/images\/universal\/film\/poster\/202109\/20210908\/44\/20210908203235117f8u.jpg"],"others":[]}},"sitcomNO":"10"},{"VOD":{"isSubscribed":"0","extensionFields":[],"price":"-1","ID":"1042069106","contentType":"VIDEO_VOD","bizDomains":["2"],"clipNumbers":[{"values":["0"],"key":"WONDERFULMOMENTS"},{"values":["0"],"key":"WONDERFULCLIPS"},{"values":["0"],"key":"ACTORSEGMENTS"}],"name":"Frenemies","code":"EHD_296663I","customFields":[{"values":["2022-01-31T00:00:00"],"key":"Licensing_Window_End"}],"cpId":"310303","mediaFiles":[{"preview":"0","isDownload":"0","code":"EHD_296663I_dash","customFields":[],"maxBitrate":"4.398","bitrate":"4398","userGroupIds":["-1"],"elapseTime":"2665","multiBitrates":[],"extensionFields":[],"formatOf3D":"1","encrypt":"1","uploadType":"0","definition":"1","ID":"1042069107","dimension":"2","videoCodec":"H.264","bizDomains":["2"],"CGMSA":"0","fps":"30.0","macrovision":"0","mediaHDRType":"0","isVRContent":"0","supportTerminals":[],"fileSize":"1465083750","analogOutputEnable":"1","HDCPEnable":"0","fileFormat":"4"}],"custContentType":"1","preRelease":"0","averageScore":"0.0","areaCodes":["21"],"picture":{"hcsSlaveAddrs":[],"posters":["https:\/\/t-mobiletv.nl:443\/CPS\/images\/universal\/film\/poster\/202109\/20210909\/92\/20210909003401577x1u.jpg"],"icons":["https:\/\/t-mobiletv.nl:443\/CPS\/images\/universal\/film\/poster\/202109\/20210909\/11\/202109090034015770tm.png"],"extensionFields":[],"backgrounds":["https:\/\/t-mobiletv.nl:443\/CPS\/images\/universal\/film\/poster\/202109\/20210909\/36\/202109090034015779a3.jpg"],"others":[]}},"sitcomNO":"11"},{"VOD":{"isSubscribed":"0","extensionFields":[],"price":"-1","ID":"1042069094","contentType":"VIDEO_VOD","bizDomains":["2"],"clipNumbers":[{"values":["0"],"key":"WONDERFULMOMENTS"},{"values":["0"],"key":"WONDERFULCLIPS"},{"values":["0"],"key":"ACTORSEGMENTS"}],"name":"Resurrecting Monsters","code":"EHD_296664I","customFields":[{"values":["2022-01-31T00:00:00"],"key":"Licensing_Window_End"}],"cpId":"310303","mediaFiles":[{"preview":"0","isDownload":"0","code":"EHD_296664I_dash","customFields":[],"maxBitrate":"4.398","bitrate":"4398","userGroupIds":["-1"],"elapseTime":"2641","multiBitrates":[],"extensionFields":[],"formatOf3D":"1","encrypt":"1","uploadType":"0","definition":"1","ID":"1042069095","dimension":"2","videoCodec":"H.264","bizDomains":["2"],"CGMSA":"0","fps":"30.0","macrovision":"0","mediaHDRType":"0","isVRContent":"0","supportTerminals":[],"fileSize":"1451889750","analogOutputEnable":"1","HDCPEnable":"0","fileFormat":"4"}],"custContentType":"1","preRelease":"0","averageScore":"0.0","areaCodes":["21"],"picture":{"hcsSlaveAddrs":[],"posters":["https:\/\/t-mobiletv.nl:443\/CPS\/images\/universal\/film\/poster\/202109\/20210909\/92\/202109090101049388vk.jpg"],"icons":["https:\/\/t-mobiletv.nl:443\/CPS\/images\/universal\/film\/poster\/202109\/20210909\/9\/20210909010104938kzo.png"],"extensionFields":[],"backgrounds":["https:\/\/t-mobiletv.nl:443\/CPS\/images\/universal\/film\/poster\/202109\/20210909\/99\/20210909010104938929.jpg"],"others":[]}},"sitcomNO":"12"},{"VOD":{"isSubscribed":"0","extensionFields":[],"price":"-1","ID":"1042069109","contentType":"VIDEO_VOD","bizDomains":["2"],"clipNumbers":[{"values":["0"],"key":"WONDERFULMOMENTS"},{"values":["0"],"key":"WONDERFULCLIPS"},{"values":["0"],"key":"ACTORSEGMENTS"}],"name":"Got Your Six","code":"EHD_296665H","customFields":[{"values":["2022-01-31T00:00:00"],"key":"Licensing_Window_End"}],"cpId":"310303","mediaFiles":[{"preview":"0","isDownload":"0","code":"EHD_296665H_dash","customFields":[],"maxBitrate":"4.398","bitrate":"4398","userGroupIds":["-1"],"elapseTime":"2663","multiBitrates":[],"extensionFields":[],"formatOf3D":"1","encrypt":"1","uploadType":"0","definition":"1","ID":"1042069110","dimension":"2","videoCodec":"H.264","bizDomains":["2"],"CGMSA":"0","fps":"30.0","macrovision":"0","mediaHDRType":"0","isVRContent":"0","supportTerminals":[],"fileSize":"1463984250","analogOutputEnable":"1","HDCPEnable":"0","fileFormat":"4"}],"custContentType":"1","preRelease":"0","averageScore":"0.0","areaCodes":["21"],"picture":{"hcsSlaveAddrs":[],"posters":["https:\/\/t-mobiletv.nl:443\/CPS\/images\/universal\/film\/poster\/202109\/20210908\/89\/20210908202444215yo3.jpg"],"icons":["https:\/\/t-mobiletv.nl:443\/CPS\/images\/universal\/film\/poster\/202109\/20210908\/47\/20210908202444215wzx.png"],"extensionFields":[],"backgrounds":["https:\/\/t-mobiletv.nl:443\/CPS\/images\/universal\/film\/poster\/202109\/20210908\/96\/202109082024442152pr.jpg"],"others":[]}},"sitcomNO":"13"},{"VOD":{"isSubscribed":"0","extensionFields":[],"price":"-1","ID":"1042069139","contentType":"VIDEO_VOD","bizDomains":["2"],"clipNumbers":[{"values":["0"],"key":"WONDERFULMOMENTS"},{"values":["0"],"key":"WONDERFULCLIPS"},{"values":["0"],"key":"ACTORSEGMENTS"}],"name":"Freddy To The Rescue","code":"EHD_296666H","customFields":[{"values":["2022-01-31T00:00:00"],"key":"Licensing_Window_End"}],"cpId":"310303","mediaFiles":[{"preview":"0","isDownload":"0","code":"EHD_296666H_dash","customFields":[],"maxBitrate":"4.398","bitrate":"4398","userGroupIds":["-1"],"elapseTime":"2665","multiBitrates":[],"extensionFields":[],"formatOf3D":"1","encrypt":"1","uploadType":"0","definition":"1","ID":"1042069140","dimension":"2","videoCodec":"H.264","bizDomains":["2"],"CGMSA":"0","fps":"30.0","macrovision":"0","mediaHDRType":"0","isVRContent":"0","supportTerminals":[],"fileSize":"1465083750","analogOutputEnable":"1","HDCPEnable":"0","fileFormat":"4"}],"custContentType":"1","preRelease":"0","averageScore":"0.0","areaCodes":["21"],"picture":{"hcsSlaveAddrs":[],"posters":["https:\/\/t-mobiletv.nl:443\/CPS\/images\/universal\/film\/poster\/202109\/20210909\/86\/20210909004907473jb4.jpg"],"icons":["https:\/\/t-mobiletv.nl:443\/CPS\/images\/universal\/film\/poster\/202109\/20210909\/57\/202109090049074734df.png"],"extensionFields":[],"backgrounds":["https:\/\/t-mobiletv.nl:443\/CPS\/images\/universal\/film\/poster\/202109\/20210909\/13\/20210909004907473rjx.jpg"],"others":[]}},"sitcomNO":"14"},{"VOD":{"isSubscribed":"0","extensionFields":[],"price":"-1","ID":"1042069136","contentType":"VIDEO_VOD","bizDomains":["2"],"clipNumbers":[{"values":["0"],"key":"WONDERFULMOMENTS"},{"values":["0"],"key":"WONDERFULCLIPS"},{"values":["0"],"key":"ACTORSEGMENTS"}],"name":"The Viking Detective","code":"EHD_296667J","customFields":[{"values":["2022-01-31T00:00:00"],"key":"Licensing_Window_End"}],"cpId":"310303","mediaFiles":[{"preview":"0","isDownload":"0","code":"EHD_296667J_dash","customFields":[],"maxBitrate":"4.398","bitrate":"4398","userGroupIds":["-1"],"elapseTime":"2635","multiBitrates":[],"extensionFields":[],"formatOf3D":"1","encrypt":"1","uploadType":"0","definition":"1","ID":"1042069137","dimension":"2","videoCodec":"H.264","bizDomains":["2"],"CGMSA":"0","fps":"30.0","macrovision":"0","mediaHDRType":"0","isVRContent":"0","supportTerminals":[],"fileSize":"1448591250","analogOutputEnable":"1","HDCPEnable":"0","fileFormat":"4"}],"custContentType":"1","preRelease":"0","averageScore":"0.0","areaCodes":["21"],"picture":{"hcsSlaveAddrs":[],"posters":["https:\/\/t-mobiletv.nl:443\/CPS\/images\/universal\/film\/poster\/202109\/20210909\/8\/20210909014837688bfx.jpg"],"icons":["https:\/\/t-mobiletv.nl:443\/CPS\/images\/universal\/film\/poster\/202109\/20210909\/86\/202109090148376888y2.png"],"extensionFields":[],"backgrounds":["https:\/\/t-mobiletv.nl:443\/CPS\/images\/universal\/film\/poster\/202109\/20210909\/99\/202109090148376889o3.jpg"],"others":[]}},"sitcomNO":"15"},{"VOD":{"isSubscribed":"0","extensionFields":[],"price":"-1","ID":"1042069130","contentType":"VIDEO_VOD","bizDomains":["2"],"clipNumbers":[{"values":["0"],"key":"WONDERFULMOMENTS"},{"values":["0"],"key":"WONDERFULCLIPS"},{"values":["0"],"key":"ACTORSEGMENTS"}],"name":"No Questions Asked","code":"EHD_296668J","customFields":[{"values":["2022-01-31T00:00:00"],"key":"Licensing_Window_End"}],"cpId":"310303","mediaFiles":[{"preview":"0","isDownload":"0","code":"EHD_296668J_dash","customFields":[],"maxBitrate":"4.398","bitrate":"4398","userGroupIds":["-1"],"elapseTime":"2642","multiBitrates":[],"extensionFields":[],"formatOf3D":"1","encrypt":"1","uploadType":"0","definition":"1","ID":"1042069131","dimension":"2","videoCodec":"H.264","bizDomains":["2"],"CGMSA":"0","fps":"30.0","macrovision":"0","mediaHDRType":"0","isVRContent":"0","supportTerminals":[],"fileSize":"1452439500","analogOutputEnable":"1","HDCPEnable":"0","fileFormat":"4"}],"custContentType":"1","preRelease":"0","averageScore":"0.0","areaCodes":["21"],"picture":{"hcsSlaveAddrs":[],"posters":["https:\/\/t-mobiletv.nl:443\/CPS\/images\/universal\/film\/poster\/202109\/20210909\/4\/20210909021838982xh4.jpg"],"icons":["https:\/\/t-mobiletv.nl:443\/CPS\/images\/universal\/film\/poster\/202109\/20210909\/27\/20210909021838982v7i.png"],"extensionFields":[],"backgrounds":["https:\/\/t-mobiletv.nl:443\/CPS\/images\/universal\/film\/poster\/202109\/20210909\/39\/20210909021838982cm6.jpg"],"others":[]}},"sitcomNO":"16"},{"VOD":{"isSubscribed":"0","extensionFields":[],"price":"-1","ID":"1042069085","contentType":"VIDEO_VOD","bizDomains":["2"],"clipNumbers":[{"values":["0"],"key":"WONDERFULMOMENTS"},{"values":["0"],"key":"WONDERFULCLIPS"},{"values":["0"],"key":"ACTORSEGMENTS"}],"name":"Growing Pains","code":"EHD_296669J","customFields":[{"values":["2022-01-31T00:00:00"],"key":"Licensing_Window_End"}],"cpId":"310303","mediaFiles":[{"preview":"0","isDownload":"0","code":"EHD_296669J_dash","customFields":[],"maxBitrate":"4.398","bitrate":"4398","userGroupIds":["-1"],"elapseTime":"2659","multiBitrates":[],"extensionFields":[],"formatOf3D":"1","encrypt":"1","uploadType":"0","definition":"1","ID":"1042069087","dimension":"2","videoCodec":"H.264","bizDomains":["2"],"CGMSA":"0","fps":"30.0","macrovision":"0","mediaHDRType":"0","isVRContent":"0","supportTerminals":[],"fileSize":"1461785250","analogOutputEnable":"1","HDCPEnable":"0","fileFormat":"4"}],"custContentType":"1","preRelease":"0","averageScore":"0.0","areaCodes":["21"],"picture":{"hcsSlaveAddrs":[],"posters":["https:\/\/t-mobiletv.nl:443\/CPS\/images\/universal\/film\/poster\/202109\/20210909\/76\/20210909004304294k9t.jpg"],"icons":["https:\/\/t-mobiletv.nl:443\/CPS\/images\/universal\/film\/poster\/202109\/20210909\/80\/20210909004304294jvx.png"],"extensionFields":[],"backgrounds":["https:\/\/t-mobiletv.nl:443\/CPS\/images\/universal\/film\/poster\/202109\/20210909\/59\/202109090043042949kq.jpg"],"others":[]}},"sitcomNO":"17"},{"VOD":{"isSubscribed":"0","extensionFields":[],"price":"-1","ID":"1042069076","contentType":"VIDEO_VOD","bizDomains":["2"],"clipNumbers":[{"values":["0"],"key":"WONDERFULMOMENTS"},{"values":["0"],"key":"WONDERFULCLIPS"},{"values":["0"],"key":"ACTORSEGMENTS"}],"name":"The $6 Million Cut","code":"EHD_296670B","customFields":[{"values":["2022-01-31T00:00:00"],"key":"Licensing_Window_End"}],"cpId":"310303","mediaFiles":[{"preview":"0","isDownload":"0","code":"EHD_296670B_dash","customFields":[],"maxBitrate":"4.398","bitrate":"4398","userGroupIds":["-1"],"elapseTime":"2652","multiBitrates":[],"extensionFields":[],"formatOf3D":"1","encrypt":"1","uploadType":"0","definition":"1","ID":"1042069077","dimension":"2","videoCodec":"H.264","bizDomains":["2"],"CGMSA":"0","fps":"30.0","macrovision":"0","mediaHDRType":"0","isVRContent":"0","supportTerminals":[],"fileSize":"1457937000","analogOutputEnable":"1","HDCPEnable":"0","fileFormat":"4"}],"custContentType":"1","preRelease":"0","averageScore":"0.0","areaCodes":["21"],"picture":{"hcsSlaveAddrs":[],"posters":["https:\/\/t-mobiletv.nl:443\/CPS\/images\/universal\/film\/poster\/202109\/20210908\/63\/20210908214836190bny.jpg"],"icons":["https:\/\/t-mobiletv.nl:443\/CPS\/images\/universal\/film\/poster\/202109\/20210908\/14\/20210908214836190wac.png"],"extensionFields":[],"backgrounds":["https:\/\/t-mobiletv.nl:443\/CPS\/images\/universal\/film\/poster\/202109\/20210908\/22\/20210908214836190rcy.jpg"],"others":[]}},"sitcomNO":"18"},{"VOD":{"isSubscribed":"0","extensionFields":[],"price":"-1","ID":"1042069101","contentType":"VIDEO_VOD","bizDomains":["2"],"clipNumbers":[{"values":["0"],"key":"WONDERFULMOMENTS"},{"values":["0"],"key":"WONDERFULCLIPS"},{"values":["0"],"key":"ACTORSEGMENTS"}],"name":"Clear Eyes, Full Pans","code":"EHD_296671J","customFields":[{"values":["2022-01-31T00:00:00"],"key":"Licensing_Window_End"}],"cpId":"310303","mediaFiles":[{"preview":"0","isDownload":"0","code":"EHD_296671J_dash","customFields":[],"maxBitrate":"4.398","bitrate":"4398","userGroupIds":["-1"],"elapseTime":"2653","multiBitrates":[],"extensionFields":[],"formatOf3D":"1","encrypt":"1","uploadType":"0","definition":"1","ID":"1042069104","dimension":"2","videoCodec":"H.264","bizDomains":["2"],"CGMSA":"0","fps":"30.0","macrovision":"0","mediaHDRType":"0","isVRContent":"0","supportTerminals":[],"fileSize":"1458486750","analogOutputEnable":"1","HDCPEnable":"0","fileFormat":"4"}],"custContentType":"1","preRelease":"0","averageScore":"0.0","areaCodes":["21"],"picture":{"hcsSlaveAddrs":[],"posters":["https:\/\/t-mobiletv.nl:443\/CPS\/images\/universal\/film\/poster\/202109\/20210909\/22\/20210909001255449cvn.jpg"],"icons":["https:\/\/t-mobiletv.nl:443\/CPS\/images\/universal\/film\/poster\/202109\/20210909\/7\/20210909001255449c32.png"],"extensionFields":[],"backgrounds":["https:\/\/t-mobiletv.nl:443\/CPS\/images\/universal\/film\/poster\/202109\/20210909\/20\/2021090900125544994k.jpg"],"others":[]}},"sitcomNO":"19"},{"VOD":{"isSubscribed":"0","extensionFields":[],"price":"-1","ID":"1042068408","contentType":"VIDEO_VOD","bizDomains":["2"],"clipNumbers":[{"values":["0"],"key":"WONDERFULMOMENTS"},{"values":["0"],"key":"WONDERFULCLIPS"},{"values":["0"],"key":"ACTORSEGMENTS"}],"name":"Attack Or Retreat","code":"EHD_296672J","customFields":[{"values":["2022-01-31T00:00:00"],"key":"Licensing_Window_End"}],"cpId":"310303","mediaFiles":[{"preview":"0","isDownload":"0","code":"EHD_296672J_dash","customFields":[],"maxBitrate":"4.398","bitrate":"4398","userGroupIds":["-1"],"elapseTime":"2663","multiBitrates":[],"extensionFields":[],"formatOf3D":"1","encrypt":"1","uploadType":"0","definition":"1","ID":"1042068409","dimension":"2","videoCodec":"H.264","bizDomains":["2"],"CGMSA":"0","fps":"30.0","macrovision":"0","mediaHDRType":"0","isVRContent":"0","supportTerminals":[],"fileSize":"1463984250","analogOutputEnable":"1","HDCPEnable":"0","fileFormat":"4"}],"custContentType":"1","preRelease":"0","averageScore":"0.0","areaCodes":["21"],"picture":{"hcsSlaveAddrs":[],"posters":["https:\/\/t-mobiletv.nl:443\/CPS\/images\/universal\/film\/poster\/202109\/20210909\/10\/20210909015502033gjo.jpg"],"icons":["https:\/\/t-mobiletv.nl:443\/CPS\/images\/universal\/film\/poster\/202109\/20210909\/40\/20210909015502033s48.png"],"extensionFields":[],"backgrounds":["https:\/\/t-mobiletv.nl:443\/CPS\/images\/universal\/film\/poster\/202109\/20210909\/47\/202109090155020338ym.jpg"],"others":[]}},"sitcomNO":"20"},{"VOD":{"isSubscribed":"0","extensionFields":[],"price":"-1","ID":"1042069064","contentType":"VIDEO_VOD","bizDomains":["2"],"clipNumbers":[{"values":["0"],"key":"WONDERFULMOMENTS"},{"values":["0"],"key":"WONDERFULCLIPS"},{"values":["0"],"key":"ACTORSEGMENTS"}],"name":"Endgame","code":"EHD_318003J","customFields":[{"values":["2022-01-31T00:00:00"],"key":"Licensing_Window_End"}],"cpId":"310303","mediaFiles":[{"preview":"0","isDownload":"0","code":"EHD_318003J_dash","customFields":[],"maxBitrate":"4.398","bitrate":"4398","userGroupIds":["-1"],"elapseTime":"3955","multiBitrates":[],"extensionFields":[],"formatOf3D":"1","encrypt":"1","uploadType":"0","definition":"1","ID":"1042069065","dimension":"2","videoCodec":"H.264","bizDomains":["2"],"CGMSA":"0","fps":"30.0","macrovision":"0","mediaHDRType":"0","isVRContent":"0","supportTerminals":[],"fileSize":"2174261250","analogOutputEnable":"1","HDCPEnable":"0","fileFormat":"4"}],"custContentType":"1","preRelease":"0","averageScore":"0.0","areaCodes":["21"],"picture":{"hcsSlaveAddrs":[],"posters":["https:\/\/t-mobiletv.nl:443\/CPS\/images\/universal\/film\/poster\/202109\/20210908\/19\/20210908200324812tyi.jpg"],"icons":["https:\/\/t-mobiletv.nl:443\/CPS\/images\/universal\/film\/poster\/202109\/20210908\/53\/20210908200324813u4a.png"],"extensionFields":[],"backgrounds":["https:\/\/t-mobiletv.nl:443\/CPS\/images\/universal\/film\/poster\/202109\/20210908\/39\/20210908200324813ycj.jpg"],"others":[]}},"sitcomNO":"21"}]}