{"0K8B4s-4z7iV5U6FW5Xtpvxf1tGcC01ny8NgUb47":{"id":"0K8B4s-4z7iV5U6FW5Xtpvxf1tGcC01ny8NgUb47","media_id":"","title":"Agatha Raisin","description":"","first":"A","duration":"2940","type":"show","seasons":"","icon":"https:\/\/static-content.solocoo.tv\/vod\/bbc_nl\/publish\/posters\/EBS202521_147_219.jpg","category":"Drama","vidcollection":"","ord":"4","datum":"20200101"},"6ZRvl--GQVA7INMYycjdi1YIzbDQp4EsAONXjP0f":{"id":"6ZRvl--GQVA7INMYycjdi1YIzbDQp4EsAONXjP0f","media_id":"","title":"All Creatures Great and Small","description":"","first":"A","duration":"2820","type":"show","seasons":"","icon":"https:\/\/static-content.solocoo.tv\/vod\/bbc_nl\/publish\/posters\/EBS204004_147_219.jpg","category":"Drama","vidcollection":"","ord":"3","datum":"20200101"},"mF0AfQZ27LXlzpS9Bj9pt-I2oseDUo_CXWwIl87a":{"id":"mF0AfQZ27LXlzpS9Bj9pt-I2oseDUo_CXWwIl87a","media_id":"","title":"Death in Paradise","description":"","first":"D","duration":"3480","type":"show","seasons":"","icon":"https:\/\/static-content.solocoo.tv\/vod\/bbc_nl\/publish\/posters\/EBS202836_147_219.jpg","category":"Drama","vidcollection":"","ord":"1","datum":"20210101"},"kXVO9uMNJM6v4JhsuWvsPxXwUichDjFDWFchcV_G":{"id":"kXVO9uMNJM6v4JhsuWvsPxXwUichDjFDWFchcV_G","media_id":"","title":"Silent Witness","description":"","first":"S","duration":"3060","type":"show","seasons":"","icon":"https:\/\/static-content.solocoo.tv\/vod\/bbc_nl\/publish\/posters\/EBS105127_147_219.jpg","category":"Drama","vidcollection":"","ord":"5","datum":"20100101"},"bZHM17SyXkEjQROEY-dZ8sUBijqSXaX4E7wPmvJC":{"id":"bZHM17SyXkEjQROEY-dZ8sUBijqSXaX4E7wPmvJC","media_id":"","title":"The North Water","description":"","first":"T","duration":"2820","type":"show","seasons":"","icon":"https:\/\/static-content.solocoo.tv\/vod\/bbc_nl\/publish\/posters\/EBS204211_147_219.jpg","category":"Drama","vidcollection":"","ord":"2","datum":"20210101"}}