{"ov_CBxPUY0DWEdAdfxvGP85EYeyPLeV2Ok-_HEel":{"id":"ov_CBxPUY0DWEdAdfxvGP85EYeyPLeV2Ok-_HEel","media_id":"","title":"About Last Night","description":"","first":"A","duration":"923","type":"show","seasons":"","icon":"https:\/\/static-content.solocoo.tv\/vod\/canalseries\/publish\/posters\/STC_About_Last_Night_147_219.jpg","category":"Comedy","vidcollection":"","ord":"6","datum":"20200101"},"OwwW_aKc8ck7raeYF4Ornf2OXPJYYmSBCTsXDc6G":{"id":"OwwW_aKc8ck7raeYF4Ornf2OXPJYYmSBCTsXDc6G","media_id":"","title":"All The Way Up","description":"","first":"A","duration":"1826","type":"show","seasons":"","icon":"https:\/\/static-content.solocoo.tv\/vod\/canalseries\/publish\/posters\/STC_All_The_Way_Up_147_219.jpg","category":"Drama","vidcollection":"","ord":"5","datum":"20200101"},"-tniGVnWpxflVkWdHpjnemsMTMbwOnLUhTL2C8CP":{"id":"-tniGVnWpxflVkWdHpjnemsMTMbwOnLUhTL2C8CP","media_id":"","title":"Als De Dijken Breken","description":"","first":"A","duration":"0","type":"show","seasons":"","icon":"https:\/\/static-content.solocoo.tv\/vod\/canalseries\/publish\/posters\/DUC_Als_De_Dijken_Breken_147_219.jpg","category":"Drama","vidcollection":"","ord":"17","datum":"20160101"},"uKlhb0v61r2GaxqbzJ4UdXYqxnqu7vhJx8iPgx3g":{"id":"uKlhb0v61r2GaxqbzJ4UdXYqxnqu7vhJx8iPgx3g","media_id":"","title":"Baron Noir","description":"","first":"B","duration":"3329","type":"show","seasons":"","icon":"https:\/\/static-content.solocoo.tv\/vod\/canalseries\/publish\/posters\/STC_Baron_Noir_147_219.jpg","category":"Drama","vidcollection":"","ord":"15","datum":"20160101"},"IP9ytWRXAnnsFxNAs22Bx0EwPOXVY6mJoIHEpmSo":{"id":"IP9ytWRXAnnsFxNAs22Bx0EwPOXVY6mJoIHEpmSo","media_id":"","title":"Bellicher","description":"","first":"B","duration":"2824","type":"show","seasons":"","icon":"https:\/\/static-content.solocoo.tv\/vod\/canalseries\/publish\/posters\/DUC_Bellicher_147_219.jpg","category":"Drama","vidcollection":"","ord":"29","datum":"20100101"},"98XVKr0P90XTVJ1e2SOC_4o4eoEYhHFBM6aCeQMt":{"id":"98XVKr0P90XTVJ1e2SOC_4o4eoEYhHFBM6aCeQMt","media_id":"","title":"Bevergem","description":"","first":"B","duration":"2608","type":"show","seasons":"","icon":"https:\/\/static-content.solocoo.tv\/vod\/canalseries\/publish\/posters\/VRT_Bevergem_147_219.jpg","category":"Drama","vidcollection":"","ord":"21","datum":"20150101"},"2Xq4Hknw6myDr9x3vU37dTpJrQrWCM-qQ7OivbsE":{"id":"2Xq4Hknw6myDr9x3vU37dTpJrQrWCM-qQ7OivbsE","media_id":"","title":"Fiskepark","description":"","first":"F","duration":"1870","type":"show","seasons":"","icon":"https:\/\/static-content.solocoo.tv\/vod\/canalseries\/publish\/posters\/VRT_Fiskepark_147_219.jpg","category":"Action","vidcollection":"","ord":"9","datum":"20190101"},"_GbLRtAnR7Urri7gNEBl7HJzcuoZUmZp8cz4zmkR":{"id":"_GbLRtAnR7Urri7gNEBl7HJzcuoZUmZp8cz4zmkR","media_id":"","title":"Gevoel voor tumor","description":"","first":"G","duration":"3151","type":"show","seasons":"","icon":"https:\/\/static-content.solocoo.tv\/vod\/canalseries\/publish\/posters\/VRT_Gevoel_Voor_Tumor_147_219.jpg","category":"Comedy","vidcollection":"","ord":"11","datum":"20180101"},"U4ZCJmAmILt4bvmWC58r3mMkX_Vk5WZT_r5X5zm4":{"id":"U4ZCJmAmILt4bvmWC58r3mMkX_Vk5WZT_r5X5zm4","media_id":"","title":"Heer & Meester","description":"","first":"H","duration":"4038","type":"show","seasons":"","icon":"https:\/\/static-content.solocoo.tv\/vod\/canalseries\/publish\/posters\/DUC_Heer_en_Meester_147_219.jpg","category":"Drama","vidcollection":"","ord":"26","datum":"20140101"},"M6KYFt2MYfSNqRmF6AIdUjBu3us_DTqEjWEnhvUE":{"id":"M6KYFt2MYfSNqRmF6AIdUjBu3us_DTqEjWEnhvUE","media_id":"","title":"Interns","description":"","first":"I","duration":"3144","type":"show","seasons":"","icon":"https:\/\/static-content.solocoo.tv\/vod\/canalseries\/publish\/posters\/STC_Interns_147_219.jpg","category":"Drama","vidcollection":"","ord":"10","datum":"20180101"},"dQes0F_H_i5y_hGqBCKvfHR5d3NVdNNN-XsKcu9e":{"id":"dQes0F_H_i5y_hGqBCKvfHR5d3NVdNNN-XsKcu9e","media_id":"","title":"Interns 2","description":"","first":"I","duration":"2998","type":"show","seasons":"","icon":"https:\/\/static-content.solocoo.tv\/vod\/canalseries\/publish\/posters\/STC_Interns_2_147_219.jpg","category":"Drama","vidcollection":"","ord":"2","datum":"20210101"},"uYf3BEMxGog962dnJTwBqrmV4dc1ndFIMsMzqYqn":{"id":"uYf3BEMxGog962dnJTwBqrmV4dc1ndFIMsMzqYqn","media_id":"","title":"La Porta Rossa","description":"","first":"L","duration":"2957","type":"show","seasons":"","icon":"https:\/\/static-content.solocoo.tv\/vod\/canalseries\/publish\/posters\/STC_La_Porta_Rossa_147_219.jpg","category":"","vidcollection":"","ord":"13","datum":"20170101"},"nxzfTWJfUiwtaGBniP5G7c6__qmjtYlIWNNAbDUF":{"id":"nxzfTWJfUiwtaGBniP5G7c6__qmjtYlIWNNAbDUF","media_id":"","title":"Marsman","description":"","first":"M","duration":"2648","type":"show","seasons":"","icon":"https:\/\/static-content.solocoo.tv\/vod\/canalseries\/publish\/posters\/VRT_Marsman_147_219.jpg","category":"Drama","vidcollection":"","ord":"24","datum":"20140101"},"nak5hgYOkmVbrtMN9SlFpmwjrImIOz8s0H3oqOYU":{"id":"nak5hgYOkmVbrtMN9SlFpmwjrImIOz8s0H3oqOYU","media_id":"","title":"Nieuw Texas","description":"","first":"N","duration":"1696","type":"show","seasons":"","icon":"https:\/\/static-content.solocoo.tv\/vod\/canalseries\/publish\/posters\/VRT_Nieuw_Texas_147_219.jpg","category":"Comedy","vidcollection":"","ord":"20","datum":"20150101"},"GP1yG7ERJmbtlv1BRA_20kcOHwjfxJ9Zr24jwS6H":{"id":"GP1yG7ERJmbtlv1BRA_20kcOHwjfxJ9Zr24jwS6H","media_id":"","title":"Overspel","description":"","first":"O","duration":"2846","type":"show","seasons":"","icon":"https:\/\/static-content.solocoo.tv\/vod\/canalseries\/publish\/posters\/DUC_Overspel_147_219.jpg","category":"Drama","vidcollection":"","ord":"28","datum":"20110101"},"PABjtI2oT6l1EGC9J7fokwaHdZR-NVaiIixNvU6l":{"id":"PABjtI2oT6l1EGC9J7fokwaHdZR-NVaiIixNvU6l","media_id":"","title":"Paris Police 1900","description":"","first":"P","duration":"3445","type":"show","seasons":"","icon":"https:\/\/static-content.solocoo.tv\/vod\/canalseries\/publish\/posters\/STC_Paris_Police_1900_147_219.jpg","category":"Crime","vidcollection":"","ord":"1","datum":"20210101"},"4AYIJGfVVAOHN60MbxovHmkgTFaLWGhwhnMWwgtw":{"id":"4AYIJGfVVAOHN60MbxovHmkgTFaLWGhwhnMWwgtw","media_id":"","title":"Possessions","description":"","first":"P","duration":"3107","type":"show","seasons":"","icon":"https:\/\/static-content.solocoo.tv\/vod\/canalseries\/publish\/posters\/STC_Possessions_147_219.jpg","category":"Crime","vidcollection":"","ord":"3","datum":"20200101"},"Y_IY6bzrIiakD5yudL_eO9YuONuZ6y240-a76NZ3":{"id":"Y_IY6bzrIiakD5yudL_eO9YuONuZ6y240-a76NZ3","media_id":"","title":"Pros and Cons","description":"","first":"P","duration":"2511","type":"show","seasons":"","icon":"https:\/\/static-content.solocoo.tv\/vod\/canalseries\/publish\/posters\/STC_Pros_And_Cons_2_147_219.jpg","category":"Crime","vidcollection":"","ord":"4","datum":"20200101"},"fhntrRK2YA53kFWdSA0GaAl7Me5IbApUKopSE_Lr":{"id":"fhntrRK2YA53kFWdSA0GaAl7Me5IbApUKopSE_Lr","media_id":"","title":"Sanctuary","description":"","first":"S","duration":"2738","type":"show","seasons":"","icon":"https:\/\/static-content.solocoo.tv\/vod\/canalseries\/publish\/posters\/STC_Sanctuary_147_219.jpg","category":"Drama","vidcollection":"","ord":"8","datum":"20190101"},"SLg6DzmrOFZ1YmHiJMznUP16GJ_U2ymbhUO5HfLN":{"id":"SLg6DzmrOFZ1YmHiJMznUP16GJ_U2ymbhUO5HfLN","media_id":"","title":"Spiral","description":"","first":"S","duration":"2869","type":"show","seasons":"","icon":"https:\/\/static-content.solocoo.tv\/vod\/canalseries\/publish\/posters\/STC_Spiral_147_219.jpg","category":"Drama","vidcollection":"","ord":"30","datum":"20050101"},"IrMDsxy4rNSickN9bnEvOTm5bfZgVa560LacgFLL":{"id":"IrMDsxy4rNSickN9bnEvOTm5bfZgVa560LacgFLL","media_id":"","title":"Spotless","description":"","first":"S","duration":"3298","type":"show","seasons":"","icon":"https:\/\/static-content.solocoo.tv\/vod\/canalseries\/publish\/posters\/STC_Spotless_147_219.jpg","category":"Crime","vidcollection":"","ord":"18","datum":"20150101"},"t3lqoQlXOrtLim0JVhxceHMv-I0dfzE-ZqY-F1t6":{"id":"t3lqoQlXOrtLim0JVhxceHMv-I0dfzE-ZqY-F1t6","media_id":"","title":"Tessa","description":"","first":"T","duration":"2545","type":"show","seasons":"","icon":"https:\/\/static-content.solocoo.tv\/vod\/canalseries\/publish\/posters\/DUC_Tessa_147_219.jpg","category":"Drama","vidcollection":"","ord":"23","datum":"20150101"},"7sJ5qtIOkiZmr3bLhtUANdaJ3DrE0zNsbAhZ9Bmz":{"id":"7sJ5qtIOkiZmr3bLhtUANdaJ3DrE0zNsbAhZ9Bmz","media_id":"","title":"The Five","description":"","first":"T","duration":"0","type":"show","seasons":"","icon":"https:\/\/static-content.solocoo.tv\/vod\/canalseries\/publish\/posters\/STC_The_Five_147_219.jpg","category":"Crime","vidcollection":"","ord":"14","datum":"20160101"},"JFnXC-nGzPQuZEYz3neFzSwmxZjTxTJswrvwic6R":{"id":"JFnXC-nGzPQuZEYz3neFzSwmxZjTxTJswrvwic6R","media_id":"","title":"The Last Panthers","description":"","first":"T","duration":"3016","type":"show","seasons":"","icon":"https:\/\/static-content.solocoo.tv\/vod\/canalseries\/publish\/posters\/STC_The_Last_Panthers_147_219.jpg","category":"Action","vidcollection":"","ord":"19","datum":"20150101"},"LMNMouCFEAhhXHOmCx3Nqty6JHPpt-oe155-Jr_x":{"id":"LMNMouCFEAhhXHOmCx3Nqty6JHPpt-oe155-Jr_x","media_id":"","title":"The Teach","description":"","first":"T","duration":"3119","type":"show","seasons":"","icon":"https:\/\/static-content.solocoo.tv\/vod\/canalseries\/publish\/posters\/STC_The_Teach_147_219.jpg","category":"Crime","vidcollection":"","ord":"16","datum":"20160101"},"AvWTOeYfFlNtZPE9WW_7IYXfsI5R3GkSJNKgimqz":{"id":"AvWTOeYfFlNtZPE9WW_7IYXfsI5R3GkSJNKgimqz","media_id":"","title":"Tom & Harry","description":"","first":"T","duration":"2335","type":"show","seasons":"","icon":"https:\/\/static-content.solocoo.tv\/vod\/canalseries\/publish\/posters\/VRT_Tom_Harry_147_219.jpg","category":"Drama","vidcollection":"","ord":"25","datum":"20140101"},"9O7g2TmmO-R9XGJ0dtGtGw0TPrUP8ffvcVNpQD-j":{"id":"9O7g2TmmO-R9XGJ0dtGtGw0TPrUP8ffvcVNpQD-j","media_id":"","title":"Trust Me","description":"","first":"T","duration":"3336","type":"show","seasons":"","icon":"https:\/\/static-content.solocoo.tv\/vod\/canalseries\/publish\/posters\/STC_Trust_Me_147_219.jpg","category":"Drama","vidcollection":"","ord":"12","datum":"20170101"},"qnrh-8umVCV6a8VqLi60Rdc1unfpY2izrhXcpqPu":{"id":"qnrh-8umVCV6a8VqLi60Rdc1unfpY2izrhXcpqPu","media_id":"","title":"Voor wat hoort wat","description":"","first":"V","duration":"3004","type":"show","seasons":"","icon":"https:\/\/static-content.solocoo.tv\/vod\/canalseries\/publish\/posters\/VRT_Voor_Wat_Hoort_Wat_147_219.jpg","category":"Comedy","vidcollection":"","ord":"22","datum":"20150101"},"G9cC1T66Spyxq00r3ZLDtHmNRaboWREWaJiTIRcx":{"id":"G9cC1T66Spyxq00r3ZLDtHmNRaboWREWaJiTIRcx","media_id":"","title":"When the Dust Settles","description":"","first":"W","duration":"3323","type":"show","seasons":"","icon":"https:\/\/static-content.solocoo.tv\/vod\/canalseries\/publish\/posters\/DRS_When_the_Dust_Settles_147_219.jpg","category":"Drama","vidcollection":"","ord":"7","datum":"20200101"},"ENb7nojz5AVPRS3Y9sfvEc2ot8NHNp8TC4ManjBf":{"id":"ENb7nojz5AVPRS3Y9sfvEc2ot8NHNp8TC4ManjBf","media_id":"","title":"Wolven","description":"","first":"W","duration":"2941","type":"show","seasons":"","icon":"https:\/\/static-content.solocoo.tv\/vod\/canalseries\/publish\/posters\/VRT_Wolven_147_219.jpg","category":"Action","vidcollection":"","ord":"27","datum":"20120101"}}