[{"id":"mHqefR7yeUOApomEhaFLgg","type":"Vod","title":"De Eindmusical","subtitle":"De Eindmusical","description":"AVROTROS - Een groep 8 uit Schiedam gaat samen met musicalprofessionals Maurice Wijnen en Carline Brouwer naar een vakantiehuis in Friesland om daar hun groep 8 musical in te studeren. De klas begint met veel plezier aan de musicalrepetities en de rollen worden verdeeld. Maar wie kan er het beste zingen en krijgt uiteindelijk de hoofdrol? Wordt het Daniel, de stille jongen die leeft voor zijn muziek? Of wordt het Gijs, die alleen maar de hoofdrol wil spelen, zodat hij met Luna mag zoenen, het meisje waar hij al jarenlang stiekem verliefd op is? De musical dreigt niet door te gaan als blijkt dat er allerlei spullen van de leerlingen gestolen zijn.","formattedEpisodeNumbering":null,"formattedDate":"Zo 6 jun. 2021","formattedDateShort":"Jun. 2021","formattedTime":"15:10","formattedDuration":"8m","formattedAvailabilityWindow":null,"formattedAvailabilityWindowShort":null,"image":{"portraitUrl":null,"landscapeUrl":"https:\/\/images.nlziet.nl\/metadataimportimages\/source\/4377326649141BF2DAE43A8DC4AA6742E67770EF0F2FFCBF2633C5D471F2FF15.jpg"},"logo":{"normalUrl":"https:\/\/cdn.nlziet.nl\/static\/assets\/contentproviders\/npo.png","darkUrl":"https:\/\/cdn.nlziet.nl\/static\/assets\/contentproviders\/dark\/npo.png","flatUrl":"https:\/\/cdn.nlziet.nl\/static\/assets\/contentproviders\/flat\/npo.png"},"tags":[],"seriesId":"7d5yUz7290i2ZYGYqJN28g"},{"id":"6Zucu5d2-UukC6bIzoochg","type":"Vod","title":"De Eindmusical","subtitle":"De Eindmusical","description":"AVROTROS - Een groep 8 uit Schiedam gaat samen met musicalprofessionals Maurice Wijnen en Carline Brouwer naar een vakantiehuis in Friesland om daar hun groep 8 musical in te studeren. De klas begint met veel plezier aan de musicalrepetities en de rollen worden verdeeld. Maar wie kan er het beste zingen en krijgt uiteindelijk de hoofdrol? Wordt het Daniel, de stille jongen die leeft voor zijn muziek? Of wordt het Gijs, die alleen maar de hoofdrol wil spelen, zodat hij met Luna mag zoenen, het meisje waar hij al jarenlang stiekem verliefd op is? De musical dreigt niet door te gaan als blijkt dat er allerlei spullen van de leerlingen gestolen zijn.","formattedEpisodeNumbering":null,"formattedDate":"Zo 6 jun. 2021","formattedDateShort":"Jun. 2021","formattedTime":"15:05","formattedDuration":"8m","formattedAvailabilityWindow":null,"formattedAvailabilityWindowShort":null,"image":{"portraitUrl":null,"landscapeUrl":"https:\/\/images.nlziet.nl\/metadataimportimages\/source\/E032D9438F026448FFEA574FF9A17020B70D2A9FD8CE926CD8C9289F860B5CB3.jpg"},"logo":{"normalUrl":"https:\/\/cdn.nlziet.nl\/static\/assets\/contentproviders\/npo.png","darkUrl":"https:\/\/cdn.nlziet.nl\/static\/assets\/contentproviders\/dark\/npo.png","flatUrl":"https:\/\/cdn.nlziet.nl\/static\/assets\/contentproviders\/flat\/npo.png"},"tags":[],"seriesId":"7d5yUz7290i2ZYGYqJN28g"},{"id":"ZUI2RbCZTke6JDNhAPB72w","type":"Vod","title":"De Eindmusical","subtitle":"De Eindmusical","description":"AVROTROS - Een groep 8 uit Schiedam gaat samen met musicalprofessionals Maurice Wijnen en Carline Brouwer naar een vakantiehuis in Friesland om daar hun groep 8 musical in te studeren. De klas begint met veel plezier aan de musicalrepetities en de rollen worden verdeeld. Maar wie kan er het beste zingen en krijgt uiteindelijk de hoofdrol? Wordt het Daniel, de stille jongen die leeft voor zijn muziek? Of wordt het Gijs, die alleen maar de hoofdrol wil spelen, zodat hij met Luna mag zoenen, het meisje waar hij al jarenlang stiekem verliefd op is? De musical dreigt niet door te gaan als blijkt dat er allerlei spullen van de leerlingen gestolen zijn.","formattedEpisodeNumbering":null,"formattedDate":"Zo 6 jun. 2021","formattedDateShort":"Jun. 2021","formattedTime":"14:55","formattedDuration":"8m","formattedAvailabilityWindow":null,"formattedAvailabilityWindowShort":null,"image":{"portraitUrl":null,"landscapeUrl":"https:\/\/images.nlziet.nl\/metadataimportimages\/source\/3F7CD429DE52593BAF3B750DC08C72580D11514C79399155F4C90D8FE2C63760.jpg"},"logo":{"normalUrl":"https:\/\/cdn.nlziet.nl\/static\/assets\/contentproviders\/npo.png","darkUrl":"https:\/\/cdn.nlziet.nl\/static\/assets\/contentproviders\/dark\/npo.png","flatUrl":"https:\/\/cdn.nlziet.nl\/static\/assets\/contentproviders\/flat\/npo.png"},"tags":[],"seriesId":"7d5yUz7290i2ZYGYqJN28g"},{"id":"0oeyniDIREi3Skt8uR19Lg","type":"Vod","title":"De Eindmusical","subtitle":"De Eindmusical","description":"AVROTROS - Een groep 8 uit Schiedam gaat samen met musicalprofessionals Maurice Wijnen en Carline Brouwer naar een vakantiehuis in Friesland om daar hun groep 8 musical in te studeren. De klas begint met veel plezier aan de musicalrepetities en de rollen worden verdeeld. Maar wie kan er het beste zingen en krijgt uiteindelijk de hoofdrol? Wordt het Daniel, de stille jongen die leeft voor zijn muziek? Of wordt het Gijs, die alleen maar de hoofdrol wil spelen, zodat hij met Luna mag zoenen, het meisje waar hij al jarenlang stiekem verliefd op is? De musical dreigt niet door te gaan als blijkt dat er allerlei spullen van de leerlingen gestolen zijn.","formattedEpisodeNumbering":null,"formattedDate":"Zo 6 jun. 2021","formattedDateShort":"Jun. 2021","formattedTime":"14:45","formattedDuration":"8m","formattedAvailabilityWindow":null,"formattedAvailabilityWindowShort":null,"image":{"portraitUrl":null,"landscapeUrl":"https:\/\/images.nlziet.nl\/metadataimportimages\/source\/49FE24E9413187F15D1FAE7F659F3CED7011BCA46A7F634D4A641F04A1C914FC.jpg"},"logo":{"normalUrl":"https:\/\/cdn.nlziet.nl\/static\/assets\/contentproviders\/npo.png","darkUrl":"https:\/\/cdn.nlziet.nl\/static\/assets\/contentproviders\/dark\/npo.png","flatUrl":"https:\/\/cdn.nlziet.nl\/static\/assets\/contentproviders\/flat\/npo.png"},"tags":[],"seriesId":"7d5yUz7290i2ZYGYqJN28g"},{"id":"0amRP0VCkUGm3I8vJ1gDGg","type":"Vod","title":"De Eindmusical","subtitle":"De Eindmusical","description":"AVROTROS - Een groep 8 uit Schiedam gaat samen met musicalprofessionals Maurice Wijnen en Carline Brouwer naar een vakantiehuis in Friesland om daar hun groep 8 musical in te studeren. De klas begint met veel plezier aan de musicalrepetities en de rollen worden verdeeld. Maar wie kan er het beste zingen en krijgt uiteindelijk de hoofdrol? Wordt het Daniel, de stille jongen die leeft voor zijn muziek? Of wordt het Gijs, die alleen maar de hoofdrol wil spelen, zodat hij met Luna mag zoenen, het meisje waar hij al jarenlang stiekem verliefd op is? De musical dreigt niet door te gaan als blijkt dat er allerlei spullen van de leerlingen gestolen zijn.","formattedEpisodeNumbering":null,"formattedDate":"Zo 6 jun. 2021","formattedDateShort":"Jun. 2021","formattedTime":"14:40","formattedDuration":"7m","formattedAvailabilityWindow":null,"formattedAvailabilityWindowShort":null,"image":{"portraitUrl":null,"landscapeUrl":"https:\/\/images.nlziet.nl\/metadataimportimages\/source\/84045E7692BEC9B9832E05E64B95BA0DA184C32FE8A240B917D3191AF880C655.jpg"},"logo":{"normalUrl":"https:\/\/cdn.nlziet.nl\/static\/assets\/contentproviders\/npo.png","darkUrl":"https:\/\/cdn.nlziet.nl\/static\/assets\/contentproviders\/dark\/npo.png","flatUrl":"https:\/\/cdn.nlziet.nl\/static\/assets\/contentproviders\/flat\/npo.png"},"tags":[],"seriesId":"7d5yUz7290i2ZYGYqJN28g"},{"id":"CD7OyC7TK0q3Lzz3Ex-8Og","type":"Vod","title":"De Eindmusical","subtitle":"De Eindmusical","description":"AVROTROS - Een groep 8 klas uit Schiedam gaat samen met musicalprofessionals Maurice Wijnen en Carline Brouwer naar een vakantiehuis in Friesland om daar hun groep 8 musical in te studeren. De klas begint met veel plezier aan de musicalrepetities en de rollen worden verdeeld. Maar wie kan er het beste zingen en krijgt uiteindelijk de hoofdrol? Wordt het Daniel, de stille jongen die leeft voor zijn muziek? Of wordt het Gijs, die alleen maar de hoofdrol wil spelen, zodat hij met Luna mag zoenen, het meisje waar hij al jarenlang stiekem verliefd op is?","formattedEpisodeNumbering":null,"formattedDate":"Zo 6 jun. 2021","formattedDateShort":"Jun. 2021","formattedTime":"14:30","formattedDuration":"7m","formattedAvailabilityWindow":null,"formattedAvailabilityWindowShort":null,"image":{"portraitUrl":null,"landscapeUrl":"https:\/\/images.nlziet.nl\/metadataimportimages\/source\/D01DA5D99E4042FC98215A36D9D6F26688C388F0AA40B8DF3224C87CD35666EE.jpg"},"logo":{"normalUrl":"https:\/\/cdn.nlziet.nl\/static\/assets\/contentproviders\/npo.png","darkUrl":"https:\/\/cdn.nlziet.nl\/static\/assets\/contentproviders\/dark\/npo.png","flatUrl":"https:\/\/cdn.nlziet.nl\/static\/assets\/contentproviders\/flat\/npo.png"},"tags":[],"seriesId":"7d5yUz7290i2ZYGYqJN28g"}]