[{"id":"m2bRcdN4-0W4IZ_LPE2CvQ","type":"Vod","title":"Vermist","subtitle":"Vermist","description":"TROS - Jaap Jongbloed spoort vermiste dierbaren op, brengt ontvoerde kinderen terug en bevrijdt slachtoffers van loverboys. Er wordt gejaagd op kidnappers, er wordt nieuw leven geblazen in cold case zaken, misdaad wordt aangepakt, achterblijvers worden gesteund en er wordt wereldwijd naar roots gezocht.","formattedEpisodeNumbering":null,"formattedDate":"Vr 12 dec. 2008","formattedDateShort":"Dec. 2008","formattedTime":"20:30","formattedDuration":"1u 0m","formattedAvailabilityWindow":null,"formattedAvailabilityWindowShort":null,"image":{"portraitUrl":null,"landscapeUrl":"https:\/\/images.nlziet.nl\/metadataimportimages\/source\/AEB6770DBBF46039E3D8651964B920257874378D0D5598FB9791D1BAEFEF7853.jpg"},"logo":{"normalUrl":"https:\/\/cdn.nlziet.nl\/static\/assets\/contentproviders\/npo.png","darkUrl":"https:\/\/cdn.nlziet.nl\/static\/assets\/contentproviders\/dark\/npo.png","flatUrl":"https:\/\/cdn.nlziet.nl\/static\/assets\/contentproviders\/flat\/npo.png"},"tags":[],"seriesId":"52q75TpNoE-2XJjFtpxYGg"},{"id":"OQ_6knwaWUSc9VCp9b5O5w","type":"Vod","title":"Vermist","subtitle":"Vermist","description":"TROS - Jaap Jongbloed spoort vermiste dierbaren op, brengt ontvoerde kinderen terug en bevrijdt slachtoffers van loverboys. Er wordt gejaagd op kidnappers, er wordt nieuw leven geblazen in cold case zaken, misdaad wordt aangepakt, achterblijvers worden gesteund en er wordt wereldwijd naar roots gezocht.","formattedEpisodeNumbering":null,"formattedDate":"Vr 28 nov. 2008","formattedDateShort":"Nov. 2008","formattedTime":"20:30","formattedDuration":"1u 0m","formattedAvailabilityWindow":null,"formattedAvailabilityWindowShort":null,"image":{"portraitUrl":null,"landscapeUrl":"https:\/\/images.nlziet.nl\/metadataimportimages\/source\/AEB6770DBBF46039E3D8651964B920257874378D0D5598FB9791D1BAEFEF7853.jpg"},"logo":{"normalUrl":"https:\/\/cdn.nlziet.nl\/static\/assets\/contentproviders\/npo.png","darkUrl":"https:\/\/cdn.nlziet.nl\/static\/assets\/contentproviders\/dark\/npo.png","flatUrl":"https:\/\/cdn.nlziet.nl\/static\/assets\/contentproviders\/flat\/npo.png"},"tags":[],"seriesId":"52q75TpNoE-2XJjFtpxYGg"},{"id":"y0nNHwnzmUm4OA8XBm92Fw","type":"Vod","title":"Vermist","subtitle":"Vermist","description":"TROS - Jaap Jongbloed spoort vermiste dierbaren op, brengt ontvoerde kinderen terug en bevrijdt slachtoffers van loverboys. Er wordt gejaagd op kidnappers, er wordt nieuw leven geblazen in cold case zaken, misdaad wordt aangepakt, achterblijvers worden gesteund en er wordt wereldwijd naar roots gezocht.","formattedEpisodeNumbering":null,"formattedDate":"Vr 14 nov. 2008","formattedDateShort":"Nov. 2008","formattedTime":"20:30","formattedDuration":"1u 0m","formattedAvailabilityWindow":null,"formattedAvailabilityWindowShort":null,"image":{"portraitUrl":null,"landscapeUrl":"https:\/\/images.nlziet.nl\/metadataimportimages\/source\/AEB6770DBBF46039E3D8651964B920257874378D0D5598FB9791D1BAEFEF7853.jpg"},"logo":{"normalUrl":"https:\/\/cdn.nlziet.nl\/static\/assets\/contentproviders\/npo.png","darkUrl":"https:\/\/cdn.nlziet.nl\/static\/assets\/contentproviders\/dark\/npo.png","flatUrl":"https:\/\/cdn.nlziet.nl\/static\/assets\/contentproviders\/flat\/npo.png"},"tags":[],"seriesId":"52q75TpNoE-2XJjFtpxYGg"},{"id":"BvBlM1n0HEGjJFXk5UnbPw","type":"Vod","title":"Vermist","subtitle":"Vermist","description":"TROS - Jaap Jongbloed spoort vermiste dierbaren op, brengt ontvoerde kinderen terug en bevrijdt slachtoffers van loverboys. Er wordt gejaagd op kidnappers, er wordt nieuw leven geblazen in cold case zaken, misdaad wordt aangepakt, achterblijvers worden gesteund en er wordt wereldwijd naar roots gezocht.","formattedEpisodeNumbering":null,"formattedDate":"Vr 31 okt. 2008","formattedDateShort":"Okt. 2008","formattedTime":"20:30","formattedDuration":"1u 0m","formattedAvailabilityWindow":null,"formattedAvailabilityWindowShort":null,"image":{"portraitUrl":null,"landscapeUrl":"https:\/\/images.nlziet.nl\/metadataimportimages\/source\/AEB6770DBBF46039E3D8651964B920257874378D0D5598FB9791D1BAEFEF7853.jpg"},"logo":{"normalUrl":"https:\/\/cdn.nlziet.nl\/static\/assets\/contentproviders\/npo.png","darkUrl":"https:\/\/cdn.nlziet.nl\/static\/assets\/contentproviders\/dark\/npo.png","flatUrl":"https:\/\/cdn.nlziet.nl\/static\/assets\/contentproviders\/flat\/npo.png"},"tags":[],"seriesId":"52q75TpNoE-2XJjFtpxYGg"},{"id":"GesszscfNkuUSSUzw-YryQ","type":"Vod","title":"Vermist","subtitle":"Vermist","description":"TROS - Jaap Jongbloed spoort vermiste dierbaren op, brengt ontvoerde kinderen terug en bevrijdt slachtoffers van loverboys. Er wordt gejaagd op kidnappers, er wordt nieuw leven geblazen in cold case zaken, misdaad wordt aangepakt, achterblijvers worden gesteund en er wordt wereldwijd naar roots gezocht.","formattedEpisodeNumbering":null,"formattedDate":"Vr 17 okt. 2008","formattedDateShort":"Okt. 2008","formattedTime":"20:30","formattedDuration":"1u 0m","formattedAvailabilityWindow":null,"formattedAvailabilityWindowShort":null,"image":{"portraitUrl":null,"landscapeUrl":"https:\/\/images.nlziet.nl\/metadataimportimages\/source\/AEB6770DBBF46039E3D8651964B920257874378D0D5598FB9791D1BAEFEF7853.jpg"},"logo":{"normalUrl":"https:\/\/cdn.nlziet.nl\/static\/assets\/contentproviders\/npo.png","darkUrl":"https:\/\/cdn.nlziet.nl\/static\/assets\/contentproviders\/dark\/npo.png","flatUrl":"https:\/\/cdn.nlziet.nl\/static\/assets\/contentproviders\/flat\/npo.png"},"tags":[],"seriesId":"52q75TpNoE-2XJjFtpxYGg"},{"id":"PuFxFblFTk-G9fnxAXXQfQ","type":"Vod","title":"Vermist","subtitle":"Vermist","description":"TROS - Jaap Jongbloed spoort vermiste dierbaren op, brengt ontvoerde kinderen terug en bevrijdt slachtoffers van loverboys. Er wordt gejaagd op kidnappers, er wordt nieuw leven geblazen in cold case zaken, misdaad wordt aangepakt, achterblijvers worden gesteund en er wordt wereldwijd naar roots gezocht. -Getuige wijst graf aan van Eefke Wolf. Het is dit jaar vijfentwintig jaar geleden dat de 25-jarige Eefke Wolf uit Wezep verdween. Ze is voor het laatst gezien toen ze 's avonds rond 23.00 uur haar werk in het gezinsvervangend tehuis in Hattem verliet om naar huis te gaan. Haar bromfiets werd in de stalling aangetroffen, maar Eefke was -met haar bromfietshelm- verdwenen. Ondanks grootscheepse zoektochten is nooit een spoor gevonden. Een kwart eeuw later besluit dorpsgenoot Gerrie Vermist te benaderen: 'Ik denk te weten waar Eefke begraven ligt.' Gerrie komt nu naar buiten met haar verhaal omdat het terrein rond de plek waar ze op doelt momenteel bouwrijp wordt gemaakt voor een industrieterrein en verbreding van de snelweg. 'Kort na de verdwijning zag ik dat er graszoden van mijn terrein gejat waren en ik vond ze terug aan de nabijgelegen visvijver. Het was die avond mistig en ik schrok van de man die op de plek stond waar mijn plaggen lagen. Vroeger was daar een gat, maar nu was het dichtgegooid.' Gerrie meldde dit voorval niet aan de politie omdat die volgens haar ook niet kwam kijken toen ze meldde dat ze een bromfietshelm had gevonden in de sloot. 'Het gonsde in die tijd van de geruchten in het dorp. De politie zal haar handen vol gehad hebben, maar de gedachte dat Eefke daar begraven ligt heeft me nooit los gelaten. Nu de bouwmachines oprukken moet ik het wel zeggen anders verdwijnt ze misschien voorgoed.' -Drie ontvoerde kinderen na negen maanden uit hel verlost. Een week nadat Marie-Louise een oproep deed voor haar drie ontvoerde kinderen, zijn ze gevonden. Marie-Louise vertelde dat haar ex -die hun drie dochters in januari uit Antwerpen meenam- dankzij Vermist was getraceerd in Portugal. Hij speelde er op een draaiorgeltje en de kinderen bedelden om geld. Na een oproep op de Portugese tv wist de politie deze week de vader te arresteren en kon Marie-Louise haar kinderen weer omhelzen. Marie-Louise: 'De meisjes vielen huilend in mijn armen. Vooral de oudste. Presentatie: Jaap Jongbloed. Actuele acties op internet.","formattedEpisodeNumbering":null,"formattedDate":"Vr 3 okt. 2008","formattedDateShort":"Okt. 2008","formattedTime":"20:30","formattedDuration":"1u 0m","formattedAvailabilityWindow":null,"formattedAvailabilityWindowShort":null,"image":{"portraitUrl":null,"landscapeUrl":"https:\/\/images.nlziet.nl\/metadataimportimages\/source\/AEB6770DBBF46039E3D8651964B920257874378D0D5598FB9791D1BAEFEF7853.jpg"},"logo":{"normalUrl":"https:\/\/cdn.nlziet.nl\/static\/assets\/contentproviders\/npo.png","darkUrl":"https:\/\/cdn.nlziet.nl\/static\/assets\/contentproviders\/dark\/npo.png","flatUrl":"https:\/\/cdn.nlziet.nl\/static\/assets\/contentproviders\/flat\/npo.png"},"tags":[],"seriesId":"52q75TpNoE-2XJjFtpxYGg"},{"id":"yTFfJvien0acN1L36UgGOQ","type":"Vod","title":"Vermist","subtitle":"Vermist","description":"TROS - Jaap Jongbloed spoort vermiste dierbaren op, brengt ontvoerde kinderen terug en bevrijdt slachtoffers van loverboys. Er wordt gejaagd op kidnappers, er wordt nieuw leven geblazen in cold case zaken, misdaad wordt aangepakt, achterblijvers worden gesteund en er wordt wereldwijd naar roots gezocht.","formattedEpisodeNumbering":null,"formattedDate":"Vr 19 sep. 2008","formattedDateShort":"Sep. 2008","formattedTime":"20:30","formattedDuration":"1u 0m","formattedAvailabilityWindow":null,"formattedAvailabilityWindowShort":null,"image":{"portraitUrl":null,"landscapeUrl":"https:\/\/images.nlziet.nl\/metadataimportimages\/source\/AEB6770DBBF46039E3D8651964B920257874378D0D5598FB9791D1BAEFEF7853.jpg"},"logo":{"normalUrl":"https:\/\/cdn.nlziet.nl\/static\/assets\/contentproviders\/npo.png","darkUrl":"https:\/\/cdn.nlziet.nl\/static\/assets\/contentproviders\/dark\/npo.png","flatUrl":"https:\/\/cdn.nlziet.nl\/static\/assets\/contentproviders\/flat\/npo.png"},"tags":[],"seriesId":"52q75TpNoE-2XJjFtpxYGg"},{"id":"hfVpUReldEy3OviSazTaXQ","type":"Vod","title":"Vermist","subtitle":"Vermist","description":"TROS - Jaap Jongbloed spoort vermiste dierbaren op, brengt ontvoerde kinderen terug en bevrijdt slachtoffers van loverboys. Er wordt gejaagd op kidnappers, er wordt nieuw leven geblazen in cold case zaken, misdaad wordt aangepakt, achterblijvers worden gesteund en er wordt wereldwijd naar roots gezocht.","formattedEpisodeNumbering":null,"formattedDate":"Vr 5 sep. 2008","formattedDateShort":"Sep. 2008","formattedTime":"20:30","formattedDuration":"1u 0m","formattedAvailabilityWindow":null,"formattedAvailabilityWindowShort":null,"image":{"portraitUrl":null,"landscapeUrl":"https:\/\/images.nlziet.nl\/metadataimportimages\/source\/AEB6770DBBF46039E3D8651964B920257874378D0D5598FB9791D1BAEFEF7853.jpg"},"logo":{"normalUrl":"https:\/\/cdn.nlziet.nl\/static\/assets\/contentproviders\/npo.png","darkUrl":"https:\/\/cdn.nlziet.nl\/static\/assets\/contentproviders\/dark\/npo.png","flatUrl":"https:\/\/cdn.nlziet.nl\/static\/assets\/contentproviders\/flat\/npo.png"},"tags":[],"seriesId":"52q75TpNoE-2XJjFtpxYGg"},{"id":"8GJqGCu6vUqNKXqNTfsw4Q","type":"Vod","title":"Vermist","subtitle":"Vermist","description":"TROS - Vermiste personen worden opgespoord. Verder aandacht voor achterblijvers, actuele vermissingszaken en langdurige vermissingen waarbij jaren geleden alle sporen doodliepen.","formattedEpisodeNumbering":null,"formattedDate":"Vr 30 mei. 2008","formattedDateShort":"Mei. 2008","formattedTime":"20:30","formattedDuration":"1u 0m","formattedAvailabilityWindow":null,"formattedAvailabilityWindowShort":null,"image":{"portraitUrl":null,"landscapeUrl":"https:\/\/images.nlziet.nl\/metadataimportimages\/source\/AEB6770DBBF46039E3D8651964B920257874378D0D5598FB9791D1BAEFEF7853.jpg"},"logo":{"normalUrl":"https:\/\/cdn.nlziet.nl\/static\/assets\/contentproviders\/npo.png","darkUrl":"https:\/\/cdn.nlziet.nl\/static\/assets\/contentproviders\/dark\/npo.png","flatUrl":"https:\/\/cdn.nlziet.nl\/static\/assets\/contentproviders\/flat\/npo.png"},"tags":[],"seriesId":"52q75TpNoE-2XJjFtpxYGg"},{"id":"spLKLUNoTES8vC-HXhO41Q","type":"Vod","title":"Vermist","subtitle":"Exclusief interview met dochter van verdwenen Corrie van der Valk.","description":"TROS - Vermiste personen worden opgespoord. Verder aandacht voor achterblijvers, actuele vermissingszaken en langdurige vermissingen waarbij jaren geleden alle sporen doodliepen.","formattedEpisodeNumbering":null,"formattedDate":"Vr 16 mei. 2008","formattedDateShort":"Mei. 2008","formattedTime":"20:30","formattedDuration":"1u 0m","formattedAvailabilityWindow":null,"formattedAvailabilityWindowShort":null,"image":{"portraitUrl":null,"landscapeUrl":"https:\/\/images.nlziet.nl\/metadataimportimages\/source\/AEB6770DBBF46039E3D8651964B920257874378D0D5598FB9791D1BAEFEF7853.jpg"},"logo":{"normalUrl":"https:\/\/cdn.nlziet.nl\/static\/assets\/contentproviders\/npo.png","darkUrl":"https:\/\/cdn.nlziet.nl\/static\/assets\/contentproviders\/dark\/npo.png","flatUrl":"https:\/\/cdn.nlziet.nl\/static\/assets\/contentproviders\/flat\/npo.png"},"tags":[],"seriesId":"52q75TpNoE-2XJjFtpxYGg"},{"id":"yUOlkuGoP0amPFxBvgVmlw","type":"Vod","title":"Vermist","subtitle":"Vermist","description":"TROS - Vermiste personen worden opgespoord. Verder aandacht voor achterblijvers, actuele vermissingszaken en langdurige vermissingen waarbij jaren geleden alle sporen doodliepen.","formattedEpisodeNumbering":null,"formattedDate":"Vr 2 mei. 2008","formattedDateShort":"Mei. 2008","formattedTime":"20:30","formattedDuration":"1u 0m","formattedAvailabilityWindow":null,"formattedAvailabilityWindowShort":null,"image":{"portraitUrl":null,"landscapeUrl":"https:\/\/images.nlziet.nl\/metadataimportimages\/source\/AEB6770DBBF46039E3D8651964B920257874378D0D5598FB9791D1BAEFEF7853.jpg"},"logo":{"normalUrl":"https:\/\/cdn.nlziet.nl\/static\/assets\/contentproviders\/npo.png","darkUrl":"https:\/\/cdn.nlziet.nl\/static\/assets\/contentproviders\/dark\/npo.png","flatUrl":"https:\/\/cdn.nlziet.nl\/static\/assets\/contentproviders\/flat\/npo.png"},"tags":[],"seriesId":"52q75TpNoE-2XJjFtpxYGg"},{"id":"Y65N1V0RakmbpRC2DpFCkw","type":"Vod","title":"Vermist","subtitle":"Vermist","description":"TROS - Vermiste personen worden opgespoord. Verder aandacht voor achterblijvers, actuele vermissingszaken en langdurige vermissingen waarbij jaren geleden alle sporen doodliepen.","formattedEpisodeNumbering":null,"formattedDate":"Vr 18 apr. 2008","formattedDateShort":"Apr. 2008","formattedTime":"20:30","formattedDuration":"1u 0m","formattedAvailabilityWindow":null,"formattedAvailabilityWindowShort":null,"image":{"portraitUrl":null,"landscapeUrl":"https:\/\/images.nlziet.nl\/metadataimportimages\/source\/AEB6770DBBF46039E3D8651964B920257874378D0D5598FB9791D1BAEFEF7853.jpg"},"logo":{"normalUrl":"https:\/\/cdn.nlziet.nl\/static\/assets\/contentproviders\/npo.png","darkUrl":"https:\/\/cdn.nlziet.nl\/static\/assets\/contentproviders\/dark\/npo.png","flatUrl":"https:\/\/cdn.nlziet.nl\/static\/assets\/contentproviders\/flat\/npo.png"},"tags":[],"seriesId":"52q75TpNoE-2XJjFtpxYGg"},{"id":"nSPuvqZVk0CrCDq4g-6fqA","type":"Vod","title":"Vermist","subtitle":"Vermist","description":"TROS - Vermiste personen worden opgespoord. Verder aandacht voor achterblijvers, actuele vermissingszaken en langdurige vermissingen waarbij jaren geleden alle sporen doodliepen.","formattedEpisodeNumbering":null,"formattedDate":"Vr 4 apr. 2008","formattedDateShort":"Apr. 2008","formattedTime":"20:30","formattedDuration":"55m","formattedAvailabilityWindow":null,"formattedAvailabilityWindowShort":null,"image":{"portraitUrl":null,"landscapeUrl":"https:\/\/images.nlziet.nl\/metadataimportimages\/source\/AEB6770DBBF46039E3D8651964B920257874378D0D5598FB9791D1BAEFEF7853.jpg"},"logo":{"normalUrl":"https:\/\/cdn.nlziet.nl\/static\/assets\/contentproviders\/npo.png","darkUrl":"https:\/\/cdn.nlziet.nl\/static\/assets\/contentproviders\/dark\/npo.png","flatUrl":"https:\/\/cdn.nlziet.nl\/static\/assets\/contentproviders\/flat\/npo.png"},"tags":[],"seriesId":"52q75TpNoE-2XJjFtpxYGg"},{"id":"Jb6KUZJDmEyFFqc890A8sA","type":"Vod","title":"Vermist","subtitle":"Vermist","description":"TROS - Vermiste personen worden opgespoord. Verder aandacht voor achterblijvers, actuele vermissingszaken en langdurige vermissingen waarbij jaren geleden alle sporen doodliepen.","formattedEpisodeNumbering":null,"formattedDate":"Vr 21 mrt. 2008","formattedDateShort":"Mrt. 2008","formattedTime":"20:30","formattedDuration":"1u 0m","formattedAvailabilityWindow":null,"formattedAvailabilityWindowShort":null,"image":{"portraitUrl":null,"landscapeUrl":"https:\/\/images.nlziet.nl\/metadataimportimages\/source\/AEB6770DBBF46039E3D8651964B920257874378D0D5598FB9791D1BAEFEF7853.jpg"},"logo":{"normalUrl":"https:\/\/cdn.nlziet.nl\/static\/assets\/contentproviders\/npo.png","darkUrl":"https:\/\/cdn.nlziet.nl\/static\/assets\/contentproviders\/dark\/npo.png","flatUrl":"https:\/\/cdn.nlziet.nl\/static\/assets\/contentproviders\/flat\/npo.png"},"tags":[],"seriesId":"52q75TpNoE-2XJjFtpxYGg"},{"id":"Erk7bjkbG0OAnO9MwiFxZw","type":"Vod","title":"Vermist","subtitle":"Vermist","description":"TROS - Vermiste personen worden opgespoord. Verder aandacht voor achterblijvers, actuele vermissingszaken en langdurige vermissingen waarbij jaren geleden alle sporen doodliepen.","formattedEpisodeNumbering":null,"formattedDate":"Vr 7 mrt. 2008","formattedDateShort":"Mrt. 2008","formattedTime":"20:30","formattedDuration":"1u 0m","formattedAvailabilityWindow":null,"formattedAvailabilityWindowShort":null,"image":{"portraitUrl":null,"landscapeUrl":"https:\/\/images.nlziet.nl\/metadataimportimages\/source\/AEB6770DBBF46039E3D8651964B920257874378D0D5598FB9791D1BAEFEF7853.jpg"},"logo":{"normalUrl":"https:\/\/cdn.nlziet.nl\/static\/assets\/contentproviders\/npo.png","darkUrl":"https:\/\/cdn.nlziet.nl\/static\/assets\/contentproviders\/dark\/npo.png","flatUrl":"https:\/\/cdn.nlziet.nl\/static\/assets\/contentproviders\/flat\/npo.png"},"tags":[],"seriesId":"52q75TpNoE-2XJjFtpxYGg"},{"id":"_xaPLM7YuEeiUR236lASrg","type":"Vod","title":"Vermist","subtitle":"Vermist","description":"TROS - Vermiste personen worden opgespoord. Verder aandacht voor achterblijvers, actuele vermissingszaken en langdurige vermissingen waarbij jaren geleden alle sporen doodliepen.","formattedEpisodeNumbering":null,"formattedDate":"Vr 22 feb. 2008","formattedDateShort":"Feb. 2008","formattedTime":"20:30","formattedDuration":"1u 0m","formattedAvailabilityWindow":null,"formattedAvailabilityWindowShort":null,"image":{"portraitUrl":null,"landscapeUrl":"https:\/\/images.nlziet.nl\/metadataimportimages\/source\/AEB6770DBBF46039E3D8651964B920257874378D0D5598FB9791D1BAEFEF7853.jpg"},"logo":{"normalUrl":"https:\/\/cdn.nlziet.nl\/static\/assets\/contentproviders\/npo.png","darkUrl":"https:\/\/cdn.nlziet.nl\/static\/assets\/contentproviders\/dark\/npo.png","flatUrl":"https:\/\/cdn.nlziet.nl\/static\/assets\/contentproviders\/flat\/npo.png"},"tags":[],"seriesId":"52q75TpNoE-2XJjFtpxYGg"},{"id":"r8n8fZz1YUadFD9XJhfOhA","type":"Vod","title":"Vermist","subtitle":"Vermist","description":"TROS - Vermiste personen worden opgespoord. Verder aandacht voor achterblijvers, actuele vermissingszaken en langdurige vermissingen waarbij jaren geleden alle sporen doodliepen.","formattedEpisodeNumbering":null,"formattedDate":"Vr 8 feb. 2008","formattedDateShort":"Feb. 2008","formattedTime":"20:30","formattedDuration":"1u 0m","formattedAvailabilityWindow":null,"formattedAvailabilityWindowShort":null,"image":{"portraitUrl":null,"landscapeUrl":"https:\/\/images.nlziet.nl\/metadataimportimages\/source\/AEB6770DBBF46039E3D8651964B920257874378D0D5598FB9791D1BAEFEF7853.jpg"},"logo":{"normalUrl":"https:\/\/cdn.nlziet.nl\/static\/assets\/contentproviders\/npo.png","darkUrl":"https:\/\/cdn.nlziet.nl\/static\/assets\/contentproviders\/dark\/npo.png","flatUrl":"https:\/\/cdn.nlziet.nl\/static\/assets\/contentproviders\/flat\/npo.png"},"tags":[],"seriesId":"52q75TpNoE-2XJjFtpxYGg"}]