[{"id":"EvSBvrFd8kCxYW6IkrXIkA","type":"Vod","title":"Anna's brains","subtitle":"Kan je een reallife actieheld worden?","description":"VPRO - Acteur Andr\u00e9 Dongelmans vraagt zich af of hij een keer een echte actieheld kan worden. Iemand die de wereld kan redden. Daarvoor maken Anna Gimbr\u00e8re en haar brains een speciale uitrusting met gadgets. Anna spreekt wetenschapsjournalist George van Hal die helemaal thuis is in films. \"Interstellar\" blijkt de wetenschap aan nieuwe kennis geholpen te hebben. Uiteindelijk is een speciale, explosieve actiesc\u00e8ne opgezet waarin Andr\u00e9 Dongelmans tot superactieheld wordt omgetoverd. Het is de vraag of de uitrusting goed genoeg is om een eerste stap te nemen om Anna te redden of dat het voorlopig toch nog alleen fictie blijft.","formattedEpisodeNumbering":null,"formattedDate":"Ma 25 okt.","formattedDateShort":"Ma 25 okt.","formattedTime":"20:25","formattedDuration":"42m","formattedAvailabilityWindow":null,"formattedAvailabilityWindowShort":null,"image":{"portraitUrl":null,"landscapeUrl":"https:\/\/images.nlziet.nl\/metadataimportimages\/source\/104C1636B7421002F541CAF98F5E456738F66DB5239820C5BE5A2AACDEF5547F.jpg"},"logo":{"normalUrl":"https:\/\/cdn.nlziet.nl\/static\/assets\/contentproviders\/npo.png","darkUrl":"https:\/\/cdn.nlziet.nl\/static\/assets\/contentproviders\/dark\/npo.png","flatUrl":"https:\/\/cdn.nlziet.nl\/static\/assets\/contentproviders\/flat\/npo.png"},"tags":[],"seriesId":"7-804m2BdUG_NZBgVvlilQ"},{"id":"Kz2e9qMd2U6FcvrStX8GKQ","type":"Vod","title":"Anna's brains","subtitle":"Kan je surfen op lucht?","description":"VPRO - Presentatrice Sosha Duysker vraagt zich af of ze zich net zo vrij als een vogel kan voelen door te surfen op lucht. Anna Gimbr\u00e8re wint kennis in over aerodynamica, onder meer bij een zweefvliegtuigbouwer. In het lab worden proeven gedaan met zwavelhexafluoride om aan te tonen dat het mogelijk is om op lucht te surfen. Anna en de brains werken aan een vleugel om deze vervolgens op verschillende manieren te testen. Het blijkt lastiger dan gedacht. Uiteindelijk gooien Anna met haar brains het over een andere boeg en bieden Sosha de unieke ervaring op lucht te surfen met een speciaal airsurfboard.","formattedEpisodeNumbering":null,"formattedDate":"Ma 18 okt.","formattedDateShort":"Ma 18 okt.","formattedTime":"20:25","formattedDuration":"43m","formattedAvailabilityWindow":null,"formattedAvailabilityWindowShort":null,"image":{"portraitUrl":null,"landscapeUrl":"https:\/\/images.nlziet.nl\/metadataimportimages\/source\/5D05C7C95A0B904218C764254A43580A034AFC683D3CF96C3C2F853AD2593026.jpg"},"logo":{"normalUrl":"https:\/\/cdn.nlziet.nl\/static\/assets\/contentproviders\/npo.png","darkUrl":"https:\/\/cdn.nlziet.nl\/static\/assets\/contentproviders\/dark\/npo.png","flatUrl":"https:\/\/cdn.nlziet.nl\/static\/assets\/contentproviders\/flat\/npo.png"},"tags":[],"seriesId":"7-804m2BdUG_NZBgVvlilQ"},{"id":"reFkgE6OB0ihfzWkbQwXTA","type":"Vod","title":"Anna's brains","subtitle":"Kan je een zelfrijdende fiets maken?","description":"VPRO - Comedian Pieter Derks vraagt zich af of een zelfrijdende fiets te realiseren valt. In het lab bouwt Anna Gimbr\u00e8re met haar brains Edwin en Joseph aan het vervoermiddel door eerst het meest stabiele frame te kiezen en die vervolgens vol te hangen met apparatuur en sensoren. Ze ontmoet verkeersexpert Marco te Br\u00f6mmelstroet, fietsprofessor Arend Schwab, en ze gaat naar het autonoom raceteam van de TU Eindhoven. Gijs Dubbelman vertelt over hoe een computer verkeerssituaties kan aanleren. Uiteindelijk komt Pieter met de zelfrijdende fiets oog in oog te staan met kwetsbare senioren op e-bikes. Zal hij als winnaar de eindstreep bereiken?","formattedEpisodeNumbering":null,"formattedDate":"Ma 27 sep.","formattedDateShort":"Ma 27 sep.","formattedTime":"20:25","formattedDuration":"43m","formattedAvailabilityWindow":null,"formattedAvailabilityWindowShort":null,"image":{"portraitUrl":null,"landscapeUrl":"https:\/\/images.nlziet.nl\/metadataimportimages\/source\/EDA7A9EBE7A191B6BA50625E3EDE5141270AF39D5A312DFFA17E97283BA7F815.jpg"},"logo":{"normalUrl":"https:\/\/cdn.nlziet.nl\/static\/assets\/contentproviders\/npo.png","darkUrl":"https:\/\/cdn.nlziet.nl\/static\/assets\/contentproviders\/dark\/npo.png","flatUrl":"https:\/\/cdn.nlziet.nl\/static\/assets\/contentproviders\/flat\/npo.png"},"tags":[],"seriesId":"7-804m2BdUG_NZBgVvlilQ"},{"id":"H2JpnUFiy0e4bK4AIZD5aw","type":"Vod","title":"Anna's brains","subtitle":"Kan je goedkoop naar de ruimte?","description":"VPRO - Edson da Gra\u00e7a vraagt zich af of hij voor weinig geld de ruimte in kan, om zo bepaalde miljardairs te slim af te zijn. Anna Gimbr\u00e8re bedenkt met haar brains een unieke belevenis die tot op grote hoogte gaat. Eerst onderzoekt het team de mogelijkheden van een raket, dan die van een luchtballon. Vervolgens wordt Anna bijgepraat over de parachute. En ze gaat langs bij een club die weerballonnen lanceert. Is dat de beste optie om Edson de ruimte in te krijgen? In de finale wordt Edson voorzien van een speciale uitrusting om de ruimte te trotseren. Daarvoor wordt uitgepakt met een speciale lancering. Gaat hij de ruimte bereiken?","formattedEpisodeNumbering":null,"formattedDate":"Ma 4 okt.","formattedDateShort":"Ma 4 okt.","formattedTime":"20:25","formattedDuration":"42m","formattedAvailabilityWindow":null,"formattedAvailabilityWindowShort":null,"image":{"portraitUrl":null,"landscapeUrl":"https:\/\/images.nlziet.nl\/metadataimportimages\/source\/E3F14B8FAA173BB3A6D9448C8ECE5D8B939B7C8DC6DCDB114813F2438F043C12.jpg"},"logo":{"normalUrl":"https:\/\/cdn.nlziet.nl\/static\/assets\/contentproviders\/npo.png","darkUrl":"https:\/\/cdn.nlziet.nl\/static\/assets\/contentproviders\/dark\/npo.png","flatUrl":"https:\/\/cdn.nlziet.nl\/static\/assets\/contentproviders\/flat\/npo.png"},"tags":[],"seriesId":"7-804m2BdUG_NZBgVvlilQ"},{"id":"7vDnqZSpnEWYvjNJFhBEfw","type":"Vod","title":"Anna's brains","subtitle":"Kan je een auto opladen met de bliksem?","description":"VPRO - Raven van Dorst vraagt zich af of je de accu van je elektrische auto kunt opladen met bliksem. Anna Gimbr\u00e8re leert bij een radiotelescoop in Drenthe alles over bliksem. Het Eindhovense snellaadbedrijf Inmotion onderzoekt met Anna hoe ze het oplaadproces van een accu zodanig kunnen versnellen dat ze met bliksem de accu kunnen opladen. Stormchaser Reinier van den Berg zoekt samen met Anna uit of het mogelijk is om bliksem in de natuur te vangen met een zelfgemaakte bliksemvanger. Uiteindelijk bouwt de spanning zich op in de finale, waarin bliksem wordt gegeneerd om de constructie uit te testen. Komt de 'auto' vooruit op bliksem?","formattedEpisodeNumbering":null,"formattedDate":"Ma 13 sep.","formattedDateShort":"Ma 13 sep.","formattedTime":"20:25","formattedDuration":"42m","formattedAvailabilityWindow":null,"formattedAvailabilityWindowShort":null,"image":{"portraitUrl":null,"landscapeUrl":"https:\/\/images.nlziet.nl\/metadataimportimages\/source\/B05382DBE94836205C6E54E0E638AA8C017E0870F6B50E4E44FD21741245F350.jpg"},"logo":{"normalUrl":"https:\/\/cdn.nlziet.nl\/static\/assets\/contentproviders\/npo.png","darkUrl":"https:\/\/cdn.nlziet.nl\/static\/assets\/contentproviders\/dark\/npo.png","flatUrl":"https:\/\/cdn.nlziet.nl\/static\/assets\/contentproviders\/flat\/npo.png"},"tags":[],"seriesId":"7-804m2BdUG_NZBgVvlilQ"},{"id":"Hoh84BdR4kWzlo2fxxo9tg","type":"Vod","title":"Anna's brains","subtitle":"Kan je een artiest vervangen door een robot?","description":"VPRO - Kun je een auto opladen met de bliksem? Waarom is er nog geen zelfrijdende fiets? Wetenschapsjournalist Anna Gimbr\u00e8re werpt samen met een team jonge uitvinders en wetenschappers alles in de strijd om dit soort prikkelende technische vragen van verschillende bekende Nederlanders te beantwoorden.","formattedEpisodeNumbering":null,"formattedDate":"Ma 20 sep.","formattedDateShort":"Ma 20 sep.","formattedTime":"20:25","formattedDuration":"42m","formattedAvailabilityWindow":null,"formattedAvailabilityWindowShort":null,"image":{"portraitUrl":null,"landscapeUrl":"https:\/\/images.nlziet.nl\/metadataimportimages\/source\/6546BD430D4C502825103EC7A6696E0A8D5CA9F3906AFF0477A81FAA3BD69A2E.jpg"},"logo":{"normalUrl":"https:\/\/cdn.nlziet.nl\/static\/assets\/contentproviders\/npo.png","darkUrl":"https:\/\/cdn.nlziet.nl\/static\/assets\/contentproviders\/dark\/npo.png","flatUrl":"https:\/\/cdn.nlziet.nl\/static\/assets\/contentproviders\/flat\/npo.png"},"tags":[],"seriesId":"7-804m2BdUG_NZBgVvlilQ"},{"id":"1BR4dIDjzEO05D4QzQPYtg","type":"Vod","title":"Anna's brains","subtitle":"Kan je praten met dieren?","description":"VPRO - Cabaretier en kleinkunstenaar Stefano Keizers vraagt zich af of je kunt praten met dieren. Na een aantal experimenten besluit het team wetenschappers een spraakcomputer voor honden te bouwen. De computer bepaalt op basis van hoe de hond zich gedraagt welke zin daarbij past die ook daadwerkelijk uitgesproken wordt. Een talkshow met honden zal hierdoor tot de mogelijkheden behoren.","formattedEpisodeNumbering":null,"formattedDate":"Ma 6 sep.","formattedDateShort":"Ma 6 sep.","formattedTime":"20:20","formattedDuration":"42m","formattedAvailabilityWindow":null,"formattedAvailabilityWindowShort":null,"image":{"portraitUrl":null,"landscapeUrl":"https:\/\/images.nlziet.nl\/metadataimportimages\/source\/B19334BED6E11417B15CB61E8119104C739D3A229D39A34AF0F69727E0483038.jpg"},"logo":{"normalUrl":"https:\/\/cdn.nlziet.nl\/static\/assets\/contentproviders\/npo.png","darkUrl":"https:\/\/cdn.nlziet.nl\/static\/assets\/contentproviders\/dark\/npo.png","flatUrl":"https:\/\/cdn.nlziet.nl\/static\/assets\/contentproviders\/flat\/npo.png"},"tags":[],"seriesId":"7-804m2BdUG_NZBgVvlilQ"},{"id":"_-z54SLLU0e5qOoD7zMhtw","type":"Vod","title":"Anna's brains","subtitle":"Kan je leven onder water?","description":"VPRO - Kun je een auto opladen met de bliksem? Waarom is er nog geen zelfrijdende fiets? Wetenschapsjournalist Anna Gimbr\u00e8re werpt samen met een team jonge uitvinders en wetenschappers alles in de strijd om dit soort prikkelende technische vragen van verschillende bekende Nederlanders te beantwoorden.","formattedEpisodeNumbering":null,"formattedDate":"Ma 30 aug.","formattedDateShort":"Ma 30 aug.","formattedTime":"20:30","formattedDuration":"42m","formattedAvailabilityWindow":null,"formattedAvailabilityWindowShort":null,"image":{"portraitUrl":null,"landscapeUrl":"https:\/\/images.nlziet.nl\/metadataimportimages\/source\/D787C91BDB4CC34E83FF588C08FE7C8D639200F209B16E0B0425FB220ECB4FF2.jpg"},"logo":{"normalUrl":"https:\/\/cdn.nlziet.nl\/static\/assets\/contentproviders\/npo.png","darkUrl":"https:\/\/cdn.nlziet.nl\/static\/assets\/contentproviders\/dark\/npo.png","flatUrl":"https:\/\/cdn.nlziet.nl\/static\/assets\/contentproviders\/flat\/npo.png"},"tags":[],"seriesId":"7-804m2BdUG_NZBgVvlilQ"}]