[{"id":"CY5EKmIcnE-zKHeNiekfQA","type":"Vod","title":"Heel Vlaanderen bakt kids","subtitle":"Finale","description":"MAX - Acht jonge bakkers gaan de strijd aan en doen er alles aan om uitgeroepen te worden tot beste bakker van Vlaanderen.","formattedEpisodeNumbering":null,"formattedDate":"Za 30 jul.","formattedDateShort":"Za 30 jul.","formattedTime":"19:20","formattedDuration":"41m","formattedAvailabilityWindow":null,"formattedAvailabilityWindowShort":null,"image":{"portraitUrl":null,"landscapeUrl":"https:\/\/images.nlziet.nl\/metadataimportimages\/source\/6120EF355682D7633564EF000DDBD4FC3102997DDEE858714943779BAF8D7D43.jpg"},"logo":{"normalUrl":"https:\/\/cdn.nlziet.nl\/static\/assets\/contentproviders\/npo.png","darkUrl":"https:\/\/cdn.nlziet.nl\/static\/assets\/contentproviders\/dark\/npo.png","flatUrl":"https:\/\/cdn.nlziet.nl\/static\/assets\/contentproviders\/flat\/npo.png"},"tags":[],"seriesId":"4A1LZI_IF0-R-PnYXPmWzQ"},{"id":"-NFAWvKpCkO_e7kJJRWOOA","type":"Vod","title":"Heel Vlaanderen bakt kids","subtitle":"Flower power","description":"MAX - Acht jonge bakkers gaan de strijd aan en doen er alles aan om uitgeroepen te worden tot beste bakker van Vlaanderen.","formattedEpisodeNumbering":null,"formattedDate":"Za 23 jul.","formattedDateShort":"Za 23 jul.","formattedTime":"19:20","formattedDuration":"40m","formattedAvailabilityWindow":null,"formattedAvailabilityWindowShort":null,"image":{"portraitUrl":null,"landscapeUrl":"https:\/\/images.nlziet.nl\/metadataimportimages\/source\/F77A50BF45BC4FAAE77FBDD795CDBA43DD140E19696770CA64D5D975B710EA0D.jpg"},"logo":{"normalUrl":"https:\/\/cdn.nlziet.nl\/static\/assets\/contentproviders\/npo.png","darkUrl":"https:\/\/cdn.nlziet.nl\/static\/assets\/contentproviders\/dark\/npo.png","flatUrl":"https:\/\/cdn.nlziet.nl\/static\/assets\/contentproviders\/flat\/npo.png"},"tags":[],"seriesId":"4A1LZI_IF0-R-PnYXPmWzQ"},{"id":"N2Og0ucZfkagx_G7OP3GbQ","type":"Vod","title":"Heel Vlaanderen bakt kids","subtitle":"Love is in the air","description":"MAX - Acht jonge bakkers gaan de strijd aan en doen er alles aan om uitgeroepen te worden tot beste bakker van Vlaanderen.","formattedEpisodeNumbering":null,"formattedDate":"Za 16 jul.","formattedDateShort":"Za 16 jul.","formattedTime":"19:20","formattedDuration":"40m","formattedAvailabilityWindow":null,"formattedAvailabilityWindowShort":null,"image":{"portraitUrl":null,"landscapeUrl":"https:\/\/images.nlziet.nl\/metadataimportimages\/source\/6D52CBC86140F79B4D89A799795BA9E3A746C7DA1EC5B48E64ABE7BCF2BFA740.jpg"},"logo":{"normalUrl":"https:\/\/cdn.nlziet.nl\/static\/assets\/contentproviders\/npo.png","darkUrl":"https:\/\/cdn.nlziet.nl\/static\/assets\/contentproviders\/dark\/npo.png","flatUrl":"https:\/\/cdn.nlziet.nl\/static\/assets\/contentproviders\/flat\/npo.png"},"tags":[],"seriesId":"4A1LZI_IF0-R-PnYXPmWzQ"},{"id":"gBCsh5YInUCi63giB9ItVg","type":"Vod","title":"Heel Vlaanderen bakt kids","subtitle":"School is cool","description":"MAX - Acht jonge bakkers gaan de strijd aan en doen er alles aan om uitgeroepen te worden tot beste bakker van Vlaanderen.","formattedEpisodeNumbering":null,"formattedDate":"Za 9 jul.","formattedDateShort":"Za 9 jul.","formattedTime":"19:20","formattedDuration":"42m","formattedAvailabilityWindow":null,"formattedAvailabilityWindowShort":null,"image":{"portraitUrl":null,"landscapeUrl":"https:\/\/images.nlziet.nl\/metadataimportimages\/source\/B5D90660712B372D1FEB91CC83DA4502ADCEA92749D76E7933045717B8D753E1.jpg"},"logo":{"normalUrl":"https:\/\/cdn.nlziet.nl\/static\/assets\/contentproviders\/npo.png","darkUrl":"https:\/\/cdn.nlziet.nl\/static\/assets\/contentproviders\/dark\/npo.png","flatUrl":"https:\/\/cdn.nlziet.nl\/static\/assets\/contentproviders\/flat\/npo.png"},"tags":[],"seriesId":"4A1LZI_IF0-R-PnYXPmWzQ"},{"id":"Fl7e8IdA_0OTOH7pGLFv1g","type":"Vod","title":"Heel Vlaanderen bakt kids","subtitle":"Reis rond de wereld","description":"MAX - Acht jonge bakkers gaan de strijd aan en doen er alles aan om uitgeroepen te worden tot beste bakker van Vlaanderen.","formattedEpisodeNumbering":null,"formattedDate":"Za 2 jul.","formattedDateShort":"Za 2 jul.","formattedTime":"19:20","formattedDuration":"41m","formattedAvailabilityWindow":null,"formattedAvailabilityWindowShort":null,"image":{"portraitUrl":null,"landscapeUrl":"https:\/\/images.nlziet.nl\/metadataimportimages\/source\/1AC3CA0C6E867CA3E9CD6C55DC77F9BE7354B0361FD9DBB8DE4688BEB3E34B9F.jpg"},"logo":{"normalUrl":"https:\/\/cdn.nlziet.nl\/static\/assets\/contentproviders\/npo.png","darkUrl":"https:\/\/cdn.nlziet.nl\/static\/assets\/contentproviders\/dark\/npo.png","flatUrl":"https:\/\/cdn.nlziet.nl\/static\/assets\/contentproviders\/flat\/npo.png"},"tags":[],"seriesId":"4A1LZI_IF0-R-PnYXPmWzQ"},{"id":"UMjCgTDC6UmfUXACLmZGYA","type":"Vod","title":"Heel Vlaanderen bakt kids","subtitle":"Emoji-koekjes en een verrassingscake","description":"MAX - Acht jonge bakkers gaan de strijd aan en doen er alles aan om uitgeroepen te worden tot beste bakker van Vlaanderen.","formattedEpisodeNumbering":null,"formattedDate":"Za 25 jun.","formattedDateShort":"Za 25 jun.","formattedTime":"19:20","formattedDuration":"42m","formattedAvailabilityWindow":null,"formattedAvailabilityWindowShort":null,"image":{"portraitUrl":null,"landscapeUrl":"https:\/\/images.nlziet.nl\/metadataimportimages\/source\/2CF63A6B9D078B793ADC60A366E677981A7DB4DB6BFEFD856EAF7DD715C19E24.jpg"},"logo":{"normalUrl":"https:\/\/cdn.nlziet.nl\/static\/assets\/contentproviders\/npo.png","darkUrl":"https:\/\/cdn.nlziet.nl\/static\/assets\/contentproviders\/dark\/npo.png","flatUrl":"https:\/\/cdn.nlziet.nl\/static\/assets\/contentproviders\/flat\/npo.png"},"tags":[],"seriesId":"4A1LZI_IF0-R-PnYXPmWzQ"}]