[{"id":"V5DVDc0giU27CwogXnppZA","type":"Vod","title":"Border Security: Canada","subtitle":"Aflevering 10","description":"Agenten ontdekken het strafblad van een reiziger en een passagier is niet zeker van de inhoud van zijn bagage.","formattedEpisodeNumbering":null,"formattedDate":"Za 29 mei. 2021","formattedDateShort":"Mei. 2021","formattedTime":"19:30","formattedDuration":"21m","formattedAvailabilityWindow":null,"formattedAvailabilityWindowShort":null,"image":{"portraitUrl":"https:\/\/images.nlziet.nl\/metadataimportimages\/source\/715EC8C8939EE4FB336B82192F9E10A61118587C739F00EAB304008BFD7A0364.jpg","landscapeUrl":"https:\/\/images.nlziet.nl\/metadataimportimages\/source\/46D87C42AD922C44CE9979D2B75E7BCF200754A8D97406C422F587CF9ACB9D92.jpg"},"logo":{"normalUrl":"https:\/\/cdn.nlziet.nl\/static\/assets\/contentproviders\/sbs.png","darkUrl":"https:\/\/cdn.nlziet.nl\/static\/assets\/contentproviders\/dark\/sbs.png","flatUrl":"https:\/\/cdn.nlziet.nl\/static\/assets\/contentproviders\/flat\/sbs.png"},"tags":[],"seriesId":"6EBfsFV_3EqMK8x9C1vHew"}]