[{"id":"IdxDjelnokOEz5sJlZ3HDw","type":"Vod","title":"Pingu in de stad","subtitle":"Pingu redt Kerstmis","description":"NTR - De kleine pingu\u00efn Pingu is verhuisd naar de stad en moet erg wennen aan zijn nieuwe leefomgeving.","formattedEpisodeNumbering":null,"formattedDate":"Vr 18 dec. 2020","formattedDateShort":"Dec. 2020","formattedTime":"09:50","formattedDuration":"6m","formattedAvailabilityWindow":null,"formattedAvailabilityWindowShort":null,"image":{"portraitUrl":null,"landscapeUrl":"https:\/\/images.nlziet.nl\/metadataimportimages\/source\/B9406F5A2C8B5B54738B5FC1B8D95108AEC4A5D6BE0C1BE197B68F1DCD01AF63.jpg"},"logo":{"normalUrl":"https:\/\/cdn.nlziet.nl\/static\/assets\/contentproviders\/npo.png","darkUrl":"https:\/\/cdn.nlziet.nl\/static\/assets\/contentproviders\/dark\/npo.png","flatUrl":"https:\/\/cdn.nlziet.nl\/static\/assets\/contentproviders\/flat\/npo.png"},"tags":[],"seriesId":"8CpDesE8Gk22rycQ5YifPA"},{"id":"yx3ptEyLlkqM-PkcOHGDeA","type":"Vod","title":"Pingu in de stad","subtitle":"Pingu's bezorgdienst","description":"NTR - De kleine pingu\u00efn Pingu is verhuisd naar de stad en moet erg wennen aan zijn nieuwe leefomgeving.","formattedEpisodeNumbering":null,"formattedDate":"Ma 10 sep. 2018","formattedDateShort":"Sep. 2018","formattedTime":"07:15","formattedDuration":"6m","formattedAvailabilityWindow":null,"formattedAvailabilityWindowShort":null,"image":{"portraitUrl":null,"landscapeUrl":"https:\/\/images.nlziet.nl\/metadataimportimages\/source\/414DD6C2F4076B46A1D2DF00D5E476FE644F27456001A19849BE98B797C7EB2F.jpg"},"logo":{"normalUrl":"https:\/\/cdn.nlziet.nl\/static\/assets\/contentproviders\/npo.png","darkUrl":"https:\/\/cdn.nlziet.nl\/static\/assets\/contentproviders\/dark\/npo.png","flatUrl":"https:\/\/cdn.nlziet.nl\/static\/assets\/contentproviders\/flat\/npo.png"},"tags":[],"seriesId":"8CpDesE8Gk22rycQ5YifPA"},{"id":"K-RFMHzSHECTGQHO_8gDKg","type":"Vod","title":"Pingu in de stad","subtitle":"Pingu de super invaller","description":"NTR - De kleine pingu\u00efn Pingu is verhuisd naar de stad en moet erg wennen aan zijn nieuwe leefomgeving.","formattedEpisodeNumbering":null,"formattedDate":"Vr 7 sep. 2018","formattedDateShort":"Sep. 2018","formattedTime":"07:15","formattedDuration":"6m","formattedAvailabilityWindow":"Nog 6 dagen beschikbaar","formattedAvailabilityWindowShort":"Nog 6 d. beschikbaar","image":{"portraitUrl":null,"landscapeUrl":"https:\/\/images.nlziet.nl\/metadataimportimages\/source\/7409A635F8624D37640501C0027DCE628684131E27B9138D0EC89D1E4AE5EA33.jpg"},"logo":{"normalUrl":"https:\/\/cdn.nlziet.nl\/static\/assets\/contentproviders\/npo.png","darkUrl":"https:\/\/cdn.nlziet.nl\/static\/assets\/contentproviders\/dark\/npo.png","flatUrl":"https:\/\/cdn.nlziet.nl\/static\/assets\/contentproviders\/flat\/npo.png"},"tags":[],"seriesId":"8CpDesE8Gk22rycQ5YifPA"},{"id":"nC_4esxmV0289uj5wtwa1g","type":"Vod","title":"Pingu in de stad","subtitle":"Bakker Pingu","description":"NTR - De kleine pingu\u00efn Pingu is verhuisd naar de stad en moet erg wennen aan zijn nieuwe leefomgeving.","formattedEpisodeNumbering":null,"formattedDate":"Do 6 sep. 2018","formattedDateShort":"Sep. 2018","formattedTime":"07:15","formattedDuration":"6m","formattedAvailabilityWindow":"Nog 5 dagen beschikbaar","formattedAvailabilityWindowShort":"Nog 5 d. beschikbaar","image":{"portraitUrl":null,"landscapeUrl":"https:\/\/images.nlziet.nl\/metadataimportimages\/source\/CFCB64D38FD03B5C3F1DECBFF720C43D99B6706C008448916289E7C4795C70B5.jpg"},"logo":{"normalUrl":"https:\/\/cdn.nlziet.nl\/static\/assets\/contentproviders\/npo.png","darkUrl":"https:\/\/cdn.nlziet.nl\/static\/assets\/contentproviders\/dark\/npo.png","flatUrl":"https:\/\/cdn.nlziet.nl\/static\/assets\/contentproviders\/flat\/npo.png"},"tags":[],"seriesId":"8CpDesE8Gk22rycQ5YifPA"},{"id":"P_8MqmAS5UShIYclGRvOLw","type":"Vod","title":"Pingu in de stad","subtitle":"Pingu gaat babysitten","description":"NTR - De kleine pingu\u00efn Pingu is verhuisd naar de stad en moet erg wennen aan zijn nieuwe leefomgeving.","formattedEpisodeNumbering":null,"formattedDate":"Wo 5 sep. 2018","formattedDateShort":"Sep. 2018","formattedTime":"07:15","formattedDuration":"6m","formattedAvailabilityWindow":"Nog 4 dagen beschikbaar","formattedAvailabilityWindowShort":"Nog 4 d. beschikbaar","image":{"portraitUrl":null,"landscapeUrl":"https:\/\/images.nlziet.nl\/metadataimportimages\/source\/3456728E891B9019A2D0789B401723FEE50FC4EEB895EE7BE4738FCC9425F71E.jpg"},"logo":{"normalUrl":"https:\/\/cdn.nlziet.nl\/static\/assets\/contentproviders\/npo.png","darkUrl":"https:\/\/cdn.nlziet.nl\/static\/assets\/contentproviders\/dark\/npo.png","flatUrl":"https:\/\/cdn.nlziet.nl\/static\/assets\/contentproviders\/flat\/npo.png"},"tags":[],"seriesId":"8CpDesE8Gk22rycQ5YifPA"},{"id":"9UslppzRcEOHL24DW9s--w","type":"Vod","title":"Pingu in de stad","subtitle":"Kijk uit waar je loopt, Pingu!","description":"NTR - De kleine pingu\u00efn Pingu is verhuisd naar de stad en moet erg wennen aan zijn nieuwe leefomgeving.","formattedEpisodeNumbering":null,"formattedDate":"Di 4 sep. 2018","formattedDateShort":"Sep. 2018","formattedTime":"07:15","formattedDuration":"6m","formattedAvailabilityWindow":"Nog 3 dagen beschikbaar","formattedAvailabilityWindowShort":"Nog 3 d. beschikbaar","image":{"portraitUrl":null,"landscapeUrl":"https:\/\/images.nlziet.nl\/metadataimportimages\/source\/FDC2A5E3429C363D9EA6865D7D410ECDFC6B4D836F486C31E439A05AAB2C80FE.jpg"},"logo":{"normalUrl":"https:\/\/cdn.nlziet.nl\/static\/assets\/contentproviders\/npo.png","darkUrl":"https:\/\/cdn.nlziet.nl\/static\/assets\/contentproviders\/dark\/npo.png","flatUrl":"https:\/\/cdn.nlziet.nl\/static\/assets\/contentproviders\/flat\/npo.png"},"tags":[],"seriesId":"8CpDesE8Gk22rycQ5YifPA"},{"id":"4KnQ7hhO90u0ObrNAdWZ6A","type":"Vod","title":"Pingu in de stad","subtitle":"Pingu leeft zich uit in de keuken!","description":"NTR - De kleine pingu\u00efn Pingu is verhuisd naar de stad en moet erg wennen aan zijn nieuwe leefomgeving.","formattedEpisodeNumbering":null,"formattedDate":"Ma 3 sep. 2018","formattedDateShort":"Sep. 2018","formattedTime":"07:15","formattedDuration":"6m","formattedAvailabilityWindow":"Nog 2 dagen beschikbaar","formattedAvailabilityWindowShort":"Nog 2 d. beschikbaar","image":{"portraitUrl":null,"landscapeUrl":"https:\/\/images.nlziet.nl\/metadataimportimages\/source\/0364E61BF50CE498187D1E5241CB3828F6D48F17881448F6B258BD7DDFCE76EA.jpg"},"logo":{"normalUrl":"https:\/\/cdn.nlziet.nl\/static\/assets\/contentproviders\/npo.png","darkUrl":"https:\/\/cdn.nlziet.nl\/static\/assets\/contentproviders\/dark\/npo.png","flatUrl":"https:\/\/cdn.nlziet.nl\/static\/assets\/contentproviders\/flat\/npo.png"},"tags":[],"seriesId":"8CpDesE8Gk22rycQ5YifPA"}]