[{"id":"zg0TXO9ORU-K0pPo1KaQqg","type":"Vod","title":"De proefkeuken","subtitle":"Fototoestel","description":"VPRO - Iedereen maakt oneindig veel foto's met zijn telefoon, maar wat gebeurt er precies als je klikt? Willem en Pieter besluiten hun eigen fotocamera te gaan bouwen. Hoe maak je eigenlijk een lens, en waar vang je dat licht precies mee op? Dat is niet in een klik en een flits voor elkaar. De jongens gaan op zoek naar het perfecte plaatje.","formattedEpisodeNumbering":"S3:A10","formattedDate":"Zo 14 mei. 2017","formattedDateShort":"Mei. 2017","formattedTime":"09:25","formattedDuration":"25m","formattedAvailabilityWindow":null,"formattedAvailabilityWindowShort":null,"image":{"portraitUrl":null,"landscapeUrl":"https:\/\/images.nlziet.nl\/metadataimportimages\/source\/B61D69CA0BF4CA6C9F8AAF57430E799B704BE66887551F3B6443C405EE54B1AB.jpg"},"logo":{"normalUrl":"https:\/\/cdn.nlziet.nl\/static\/assets\/contentproviders\/npo.png","darkUrl":"https:\/\/cdn.nlziet.nl\/static\/assets\/contentproviders\/dark\/npo.png","flatUrl":"https:\/\/cdn.nlziet.nl\/static\/assets\/contentproviders\/flat\/npo.png"},"tags":[],"seriesId":"7prtXvf9wkyY3ry-8KQESg"},{"id":"VhJnwMLGzUOE22Vu1lcRXA","type":"Vod","title":"De proefkeuken","subtitle":"Skateboard","description":"VPRO - Willem Voogd en Pieter Hulst proberen een skateboard helemaal zelf te maken. Dat lijkt onmogelijk, maar is het niet! Ze schaven hout tot hele dunne plakjes en ontdekken hoe ze die met een plastic zak, wat lijm en een stofzuiger de juiste vorm kunnen geven. Ook smelten ze aluminium in hun eigen metaalgieterij. Lege blikjes vormen ze om tot de assen voor de wielen.","formattedEpisodeNumbering":"S3:A9","formattedDate":"Zo 7 mei. 2017","formattedDateShort":"Mei. 2017","formattedTime":"09:25","formattedDuration":"25m","formattedAvailabilityWindow":null,"formattedAvailabilityWindowShort":null,"image":{"portraitUrl":null,"landscapeUrl":"https:\/\/images.nlziet.nl\/metadataimportimages\/source\/AA060EF7413C65A4DA411026AD5FE4E8AD6073638CE4DE22161564177513317B.jpg"},"logo":{"normalUrl":"https:\/\/cdn.nlziet.nl\/static\/assets\/contentproviders\/npo.png","darkUrl":"https:\/\/cdn.nlziet.nl\/static\/assets\/contentproviders\/dark\/npo.png","flatUrl":"https:\/\/cdn.nlziet.nl\/static\/assets\/contentproviders\/flat\/npo.png"},"tags":[],"seriesId":"7prtXvf9wkyY3ry-8KQESg"},{"id":"YSr422KyjUy5rFP0bUWpMQ","type":"Vod","title":"De proefkeuken","subtitle":"D\u00f6ner kebab","description":"VPRO - Willem Voogd en Pieter Hulst willen zelf een broodje d\u00f6ner kebab maken maar welk beest zit er in die grote ronddraaiende hompen vlees? Voornamelijk lamsvlees blijkt. Maar die lammeren blijken er vreemd genoeg toch uit te zien als schapen. En hoe blijft dat vlees eigenlijk aan die draaiende spies hangen?","formattedEpisodeNumbering":"S3:A8","formattedDate":"Zo 30 apr. 2017","formattedDateShort":"Apr. 2017","formattedTime":"09:25","formattedDuration":"24m","formattedAvailabilityWindow":null,"formattedAvailabilityWindowShort":null,"image":{"portraitUrl":null,"landscapeUrl":"https:\/\/images.nlziet.nl\/metadataimportimages\/source\/4E66A8818E44BC21EB378671DEDF4A39090772B5FFAEB2C89C0C20C62B223D16.jpg"},"logo":{"normalUrl":"https:\/\/cdn.nlziet.nl\/static\/assets\/contentproviders\/npo.png","darkUrl":"https:\/\/cdn.nlziet.nl\/static\/assets\/contentproviders\/dark\/npo.png","flatUrl":"https:\/\/cdn.nlziet.nl\/static\/assets\/contentproviders\/flat\/npo.png"},"tags":[],"seriesId":"7prtXvf9wkyY3ry-8KQESg"},{"id":"TFp3Y82cFkGSNb5XCmcGSA","type":"Vod","title":"De proefkeuken","subtitle":"Vuurwerk","description":"VPRO - Het is feest en Pieter Hulst en Willem Voogd moeten een vuurwerkshow verzorgen. Maar hoe werkt een vuurpijl eigenlijk? En wat zit erin? Pieter reist van koeienstal tot lanceerplatform en zelfs naar een vulkaan om erachter te komen! Samen zetten ze alles op alles om een epische vuurwerkshow neer te zetten. En dat blijkt niet zonder gevaar.","formattedEpisodeNumbering":"S3:A7","formattedDate":"Zo 23 apr. 2017","formattedDateShort":"Apr. 2017","formattedTime":"09:25","formattedDuration":"25m","formattedAvailabilityWindow":null,"formattedAvailabilityWindowShort":null,"image":{"portraitUrl":null,"landscapeUrl":"https:\/\/images.nlziet.nl\/metadataimportimages\/source\/F2790007319656E1E324842CC77F4C1D734421F0E872E42827D69E2203FFD2C1.jpg"},"logo":{"normalUrl":"https:\/\/cdn.nlziet.nl\/static\/assets\/contentproviders\/npo.png","darkUrl":"https:\/\/cdn.nlziet.nl\/static\/assets\/contentproviders\/dark\/npo.png","flatUrl":"https:\/\/cdn.nlziet.nl\/static\/assets\/contentproviders\/flat\/npo.png"},"tags":[],"seriesId":"7prtXvf9wkyY3ry-8KQESg"},{"id":"8DryLKosQ0KEYqre9cjWOA","type":"Vod","title":"De proefkeuken","subtitle":"Sushi","description":"VPRO - Helemaal in de ban van Japan besluiten Pieter Hulst en Willem Voogd hun eigen sushi te maken. Waar maak je sushi eigenlijk van? Pieter gaat op zoek naar rijst, zeewier, rauwe vis en krabsticks.","formattedEpisodeNumbering":"S3:A6","formattedDate":"Zo 16 apr. 2017","formattedDateShort":"Apr. 2017","formattedTime":"09:25","formattedDuration":"25m","formattedAvailabilityWindow":null,"formattedAvailabilityWindowShort":null,"image":{"portraitUrl":null,"landscapeUrl":"https:\/\/images.nlziet.nl\/metadataimportimages\/source\/BE90953BCED852DCE72C0A6381E6E5FD2FCE720C06BC45DD8D606F17F994E958.jpg"},"logo":{"normalUrl":"https:\/\/cdn.nlziet.nl\/static\/assets\/contentproviders\/npo.png","darkUrl":"https:\/\/cdn.nlziet.nl\/static\/assets\/contentproviders\/dark\/npo.png","flatUrl":"https:\/\/cdn.nlziet.nl\/static\/assets\/contentproviders\/flat\/npo.png"},"tags":[],"seriesId":"7prtXvf9wkyY3ry-8KQESg"},{"id":"9bGxKt5CfU6Emc3i46mQwQ","type":"Vod","title":"De proefkeuken","subtitle":"Spijkerbroek","description":"VPRO - Het is net zo logisch om je te verwonderen over wat er in een dropje gaat als over hoe je een spijkerbroek maakt. Willem Voogd en Pieter Hulst gaan naast voedingswaren ook kijken naar niet-eetbare producten. Voorwerpen die alle kinderen kennen of gebruiken. Hoe maak je het zelf? Kan dat wel? Wat gaat erin en wat heb je er allemaal voor nodig om het zelf in de schuur in elkaar te knutselen? Het recept blijft hetzelfde: op pad naar spannende en wonderlijke plekken om de juiste ingredi\u00ebnten te halen. Om ze vervolgens op grappige wijze te verwerken tot iets wat niemand zelf maakt. Pieter trekt het land in om de juiste ingredi\u00ebnten of onderdelen te verzamelen en probeert vervolgens samen met Willem het product helemaal zelf te maken, van grondstof tot eindproduct. Zonder ingewikkelde machines en grote fabrieken, maar gewoon in een oude schuur met rondslingerend gereedschap. Om dat voor elkaar te krijgen bedenken ze de gekste experimenten en meest ongewone technieken.","formattedEpisodeNumbering":"S3:A5","formattedDate":"Zo 9 apr. 2017","formattedDateShort":"Apr. 2017","formattedTime":"09:25","formattedDuration":"25m","formattedAvailabilityWindow":null,"formattedAvailabilityWindowShort":null,"image":{"portraitUrl":null,"landscapeUrl":"https:\/\/images.nlziet.nl\/metadataimportimages\/source\/A02D938E8047D7D8039D2A4EEC819D13EDB43297C1233801A3166BC4FFBD88FC.jpg"},"logo":{"normalUrl":"https:\/\/cdn.nlziet.nl\/static\/assets\/contentproviders\/npo.png","darkUrl":"https:\/\/cdn.nlziet.nl\/static\/assets\/contentproviders\/dark\/npo.png","flatUrl":"https:\/\/cdn.nlziet.nl\/static\/assets\/contentproviders\/flat\/npo.png"},"tags":[],"seriesId":"7prtXvf9wkyY3ry-8KQESg"},{"id":"l9dX-o3Sjkep6XR6X4PF8g","type":"Vod","title":"De proefkeuken","subtitle":"Kip","description":"VPRO - Pieter Hulst en Willem Voogd zijn dol op chicken wings. Maar hoe maak je zelf eigenlijk een kip? Van een boerin krijgen ze een bevrucht ei, dat ze liefdevol adopteren en niet veel later uitkomt. De kersverse ouders storten zich vol overgave op de opvoeding, maar een sappig stuk kip grootbrengen blijkt nog best lastig. En uiteindelijk komt het onvermijdelijke moment van de slacht en krijgen ze het zwaar. Kunnen ze het over hun hart verkrijgen om hun eigen kip op te eten?","formattedEpisodeNumbering":"S3:A4","formattedDate":"Zo 2 apr. 2017","formattedDateShort":"Apr. 2017","formattedTime":"09:25","formattedDuration":"25m","formattedAvailabilityWindow":null,"formattedAvailabilityWindowShort":null,"image":{"portraitUrl":null,"landscapeUrl":"https:\/\/images.nlziet.nl\/metadataimportimages\/source\/9BA19A75378075AA0848D46319A49E94CA23D3BA3318A7105B6D6F5352DAA393.jpg"},"logo":{"normalUrl":"https:\/\/cdn.nlziet.nl\/static\/assets\/contentproviders\/npo.png","darkUrl":"https:\/\/cdn.nlziet.nl\/static\/assets\/contentproviders\/dark\/npo.png","flatUrl":"https:\/\/cdn.nlziet.nl\/static\/assets\/contentproviders\/flat\/npo.png"},"tags":[],"seriesId":"7prtXvf9wkyY3ry-8KQESg"},{"id":"7vS_yv15S0qvOJsgUt7YCA","type":"Vod","title":"De proefkeuken","subtitle":"Parfum","description":"VPRO - Pieter Hulst helpt Willem Voogd indruk te maken op een meisje door haar te verleiden met een heerlijk zelfgemaakt parfum. Maar wat zit er allemaal in parfum? Ze beginnen met een paar bossen bloemen. Maar er moeten ook hele gekke dingen in een goed parfum. Pieter gaat op onderzoek uit en ontdekt dat hij op zoek moet naar walviskots.","formattedEpisodeNumbering":"S3:A3","formattedDate":"Zo 26 mrt. 2017","formattedDateShort":"Mrt. 2017","formattedTime":"09:25","formattedDuration":"25m","formattedAvailabilityWindow":null,"formattedAvailabilityWindowShort":null,"image":{"portraitUrl":null,"landscapeUrl":"https:\/\/images.nlziet.nl\/metadataimportimages\/source\/708A9363A5065257ADF8CA91214BB9C6EF1C3420868FBFE005322A7D2E9411D3.jpg"},"logo":{"normalUrl":"https:\/\/cdn.nlziet.nl\/static\/assets\/contentproviders\/npo.png","darkUrl":"https:\/\/cdn.nlziet.nl\/static\/assets\/contentproviders\/dark\/npo.png","flatUrl":"https:\/\/cdn.nlziet.nl\/static\/assets\/contentproviders\/flat\/npo.png"},"tags":[],"seriesId":"7prtXvf9wkyY3ry-8KQESg"},{"id":"bMgitxq1WEqhT3ZB7wMEQQ","type":"Vod","title":"De proefkeuken","subtitle":"Voetbal","description":"VPRO - Willem Voogd en Pieter Hulst proberen hun eigen voetbal te maken. Van echt leer! Ze beginnen met een dampende koeienhuid, maar hoe maak je daar een voetbal van? Ze ontdekken dat ze de huid moeten looien om er leer van te maken, maar hoe moet dat precies? En hoe maak je een ronde bal van een platte lap leer? Ze blijken er de ballen verstand van te hebben. Maar na lang proberen komen ze eruit.","formattedEpisodeNumbering":"S3:A2","formattedDate":"Zo 19 mrt. 2017","formattedDateShort":"Mrt. 2017","formattedTime":"09:25","formattedDuration":"25m","formattedAvailabilityWindow":null,"formattedAvailabilityWindowShort":null,"image":{"portraitUrl":null,"landscapeUrl":"https:\/\/images.nlziet.nl\/metadataimportimages\/source\/6E2379AFCF5B284A1B834AEB4C39643B13A6273EC212BA9EDF077971F6C6D0ED.jpg"},"logo":{"normalUrl":"https:\/\/cdn.nlziet.nl\/static\/assets\/contentproviders\/npo.png","darkUrl":"https:\/\/cdn.nlziet.nl\/static\/assets\/contentproviders\/dark\/npo.png","flatUrl":"https:\/\/cdn.nlziet.nl\/static\/assets\/contentproviders\/flat\/npo.png"},"tags":[],"seriesId":"7prtXvf9wkyY3ry-8KQESg"},{"id":"5mlHG7_DpE-WFRWbRc5Dog","type":"Vod","title":"De proefkeuken","subtitle":"Pizza","description":"VPRO - Pieter Hulst en Willem Voogd krijgen een bestelling binnen voor een traditionele houtoven pizza. Verkeerd verbonden, maar dat maakt volgens Pieter niet uit. Dan maken ze toch gewoon hun eigen pizza, hoe moeilijk kan dat zijn? Ze ontdekken hoe tomaten groeien, dat je schimmels nodig hebt voor deeg en dat buffels zich lastig laten melken.","formattedEpisodeNumbering":"S3:A1","formattedDate":"Zo 12 mrt. 2017","formattedDateShort":"Mrt. 2017","formattedTime":"09:25","formattedDuration":"25m","formattedAvailabilityWindow":null,"formattedAvailabilityWindowShort":null,"image":{"portraitUrl":null,"landscapeUrl":"https:\/\/images.nlziet.nl\/metadataimportimages\/source\/0A77811244EC1042C2714B2DAD5CB5C024A78A2A17AC16A360C34203F5DD31CE.jpg"},"logo":{"normalUrl":"https:\/\/cdn.nlziet.nl\/static\/assets\/contentproviders\/npo.png","darkUrl":"https:\/\/cdn.nlziet.nl\/static\/assets\/contentproviders\/dark\/npo.png","flatUrl":"https:\/\/cdn.nlziet.nl\/static\/assets\/contentproviders\/flat\/npo.png"},"tags":[],"seriesId":"7prtXvf9wkyY3ry-8KQESg"}]