[{"id":"LY4o9Wbw1Euw1lcLfKaKIg","type":"Vod","title":"Appels en sinaasappels, de aantrekkingskracht van de Isra\u00eblische kibboets","subtitle":"Appels en sinaasappels, de aantrekkingskracht van de Isra\u00eblische kibboets","description":"EO - Idealistische en opstandige jongeren van over de hele wereld kwamen vanaf de jaren zeventig naar Isra\u00ebl om voor kortere of langere tijd te wonen en te werken in een kibboets. De populaire Isra\u00eblische leefgemeenschappen waren op socialistische leest geschoeid. Vrijwilligers beleefden daar hun 'coming of age'. Naast de toenmalige vrijwilligers uit Zweden, Denemarken en Engeland, zijn ook twee Nederlanders te zien die hun herinnering aan hun collectieve bestaan delen.","formattedEpisodeNumbering":null,"formattedDate":"Zo 27 mrt.","formattedDateShort":"Zo 27 mrt.","formattedTime":"15:30","formattedDuration":"48m","formattedAvailabilityWindow":null,"formattedAvailabilityWindowShort":null,"image":{"portraitUrl":null,"landscapeUrl":"https:\/\/images.nlziet.nl\/metadataimportimages\/source\/810CAFCDF7581AE85AEEF1623601A998DE161B30D2DDFECD91D923E6798C6200.jpg"},"logo":{"normalUrl":"https:\/\/cdn.nlziet.nl\/static\/assets\/contentproviders\/npo.png","darkUrl":"https:\/\/cdn.nlziet.nl\/static\/assets\/contentproviders\/dark\/npo.png","flatUrl":"https:\/\/cdn.nlziet.nl\/static\/assets\/contentproviders\/flat\/npo.png"},"tags":[],"seriesId":"6l7_EgwpkUuKZou5DoFyrw"},{"id":"jyrw-_Aawk6mOfnjVkFX2A","type":"Vod","title":"Appels en sinaasappels, de aantrekkingskracht van de Isra\u00eblische kibboets","subtitle":"Appels en sinaasappels, de aantrekkingskracht van de Isra\u00eblische kibboets","description":"EO - Idealistische en opstandige jongeren van over de hele wereld kwamen vanaf de jaren zeventig naar Isra\u00ebl om voor kortere of langere tijd te wonen en te werken in een kibboets. De populaire Isra\u00eblische leefgemeenschappen waren op socialistische leest geschoeid. Vrijwilligers beleefden daar hun 'coming of age'. Naast de toenmalige vrijwilligers uit Zweden, Denemarken en Engeland, zijn ook twee Nederlanders te zien die hun herinnering aan hun collectieve bestaan delen.","formattedEpisodeNumbering":null,"formattedDate":"Zo 20 mrt.","formattedDateShort":"Zo 20 mrt.","formattedTime":"15:35","formattedDuration":"50m","formattedAvailabilityWindow":null,"formattedAvailabilityWindowShort":null,"image":{"portraitUrl":null,"landscapeUrl":"https:\/\/images.nlziet.nl\/metadataimportimages\/source\/FB0AB82D374641633BD3B58EEEB270B33E19D69779307925A9857056A283552C.jpg"},"logo":{"normalUrl":"https:\/\/cdn.nlziet.nl\/static\/assets\/contentproviders\/npo.png","darkUrl":"https:\/\/cdn.nlziet.nl\/static\/assets\/contentproviders\/dark\/npo.png","flatUrl":"https:\/\/cdn.nlziet.nl\/static\/assets\/contentproviders\/flat\/npo.png"},"tags":[],"seriesId":"6l7_EgwpkUuKZou5DoFyrw"}]