[{"id":"NoDt1-3Bz0-G9Dz90TeB_w","type":"Vod","title":"Veronica Offside","subtitle":"Aflevering 28","description":"Wim Kieft, Wesley Sneijder en Andy van der Meijde schuiven aan bij Wilfred Genee.","formattedEpisodeNumbering":null,"formattedDate":"Vr 18 nov.","formattedDateShort":"Vr 18 nov.","formattedTime":"20:25","formattedDuration":"1u 5m","formattedAvailabilityWindow":null,"formattedAvailabilityWindowShort":null,"image":{"portraitUrl":null,"landscapeUrl":"https:\/\/images.nlziet.nl\/metadataimportimages\/source\/01E3AFE65883AAF20F5CD1780D66473AF6677BDCD976757148673E2A71341497.jpg"},"logo":{"normalUrl":"https:\/\/cdn.nlziet.nl\/static\/assets\/contentproviders\/sbs.png","darkUrl":"https:\/\/cdn.nlziet.nl\/static\/assets\/contentproviders\/dark\/sbs.png","flatUrl":"https:\/\/cdn.nlziet.nl\/static\/assets\/contentproviders\/flat\/sbs.png"},"tags":[],"seriesId":"6ZPOSHOmKUevr07kOd_wiw"},{"id":"Y8Fb2edGUE6G2G_XI26sDQ","type":"Vod","title":"Veronica Offside","subtitle":"Aflevering 27","description":"Kees Jansma, Wesley Sneijder en Andy van der Meijde schuiven aan bij Wilfred Genee.","formattedEpisodeNumbering":null,"formattedDate":"Ma 14 nov.","formattedDateShort":"Ma 14 nov.","formattedTime":"20:25","formattedDuration":"56m","formattedAvailabilityWindow":null,"formattedAvailabilityWindowShort":null,"image":{"portraitUrl":null,"landscapeUrl":"https:\/\/images.nlziet.nl\/metadataimportimages\/source\/D28D9E7CF5BD8F2540315A8E66BCFC9CE280AC681EA74A246E44C73BA331FE52.jpg"},"logo":{"normalUrl":"https:\/\/cdn.nlziet.nl\/static\/assets\/contentproviders\/sbs.png","darkUrl":"https:\/\/cdn.nlziet.nl\/static\/assets\/contentproviders\/dark\/sbs.png","flatUrl":"https:\/\/cdn.nlziet.nl\/static\/assets\/contentproviders\/flat\/sbs.png"},"tags":[],"seriesId":"6ZPOSHOmKUevr07kOd_wiw"},{"id":"MwkaF0HrX0y7xG1cmP8s9Q","type":"Vod","title":"Veronica Offside","subtitle":"Aflevering 26","description":"Wim Kieft, Wesley Sneijder en Andy van der Meijde schuiven aan bij Wilfred Genee.","formattedEpisodeNumbering":null,"formattedDate":"Vr 11 nov.","formattedDateShort":"Vr 11 nov.","formattedTime":"20:25","formattedDuration":"1u 5m","formattedAvailabilityWindow":null,"formattedAvailabilityWindowShort":null,"image":{"portraitUrl":null,"landscapeUrl":"https:\/\/images.nlziet.nl\/metadataimportimages\/source\/2DE047A74A363C4ABF4214017F0E9FEA1FA4947467EBFB5872AC03A8FA06A795.jpg"},"logo":{"normalUrl":"https:\/\/cdn.nlziet.nl\/static\/assets\/contentproviders\/sbs.png","darkUrl":"https:\/\/cdn.nlziet.nl\/static\/assets\/contentproviders\/dark\/sbs.png","flatUrl":"https:\/\/cdn.nlziet.nl\/static\/assets\/contentproviders\/flat\/sbs.png"},"tags":[],"seriesId":"6ZPOSHOmKUevr07kOd_wiw"},{"id":"sXb-TIBn3kKJ7YgC-QDolg","type":"Vod","title":"Veronica Offside","subtitle":"Aflevering 25","description":"Kees Jansma, Wesley Sneijder en Andy van der Meijde bespreken met Wilfred Genee de actualiteiten op het gebied van voetbal: de overwinning van PSV tegen Ajax, de foto van Sneijder en Ihattaren en de zege van Feyenoord op Volendam.","formattedEpisodeNumbering":null,"formattedDate":"Ma 7 nov.","formattedDateShort":"Ma 7 nov.","formattedTime":"20:25","formattedDuration":"56m","formattedAvailabilityWindow":null,"formattedAvailabilityWindowShort":null,"image":{"portraitUrl":null,"landscapeUrl":"https:\/\/images.nlziet.nl\/metadataimportimages\/source\/00276896D693F153473115452D647D13922DA89CC22B2CF3512CD8E59AD5DE92.jpg"},"logo":{"normalUrl":"https:\/\/cdn.nlziet.nl\/static\/assets\/contentproviders\/sbs.png","darkUrl":"https:\/\/cdn.nlziet.nl\/static\/assets\/contentproviders\/dark\/sbs.png","flatUrl":"https:\/\/cdn.nlziet.nl\/static\/assets\/contentproviders\/flat\/sbs.png"},"tags":[],"seriesId":"6ZPOSHOmKUevr07kOd_wiw"},{"id":"gj0kih_qR0SdYMUbGplSxg","type":"Vod","title":"Veronica Offside","subtitle":"Aflevering 24","description":"Wim Kieft, Wesley Sneijder en Andy van der Meijde schuiven aan bij Wilfred Genee.","formattedEpisodeNumbering":null,"formattedDate":"Vr 4 nov.","formattedDateShort":"Vr 4 nov.","formattedTime":"20:25","formattedDuration":"1u 6m","formattedAvailabilityWindow":null,"formattedAvailabilityWindowShort":null,"image":{"portraitUrl":null,"landscapeUrl":"https:\/\/images.nlziet.nl\/metadataimportimages\/source\/B9142BAF6FD975443D938C391C777809B537415405D5760CCC3A6C986D5B4D1A.jpg"},"logo":{"normalUrl":"https:\/\/cdn.nlziet.nl\/static\/assets\/contentproviders\/sbs.png","darkUrl":"https:\/\/cdn.nlziet.nl\/static\/assets\/contentproviders\/dark\/sbs.png","flatUrl":"https:\/\/cdn.nlziet.nl\/static\/assets\/contentproviders\/flat\/sbs.png"},"tags":[],"seriesId":"6ZPOSHOmKUevr07kOd_wiw"},{"id":"Q8sogVx8WEqWm4nTIXhmgA","type":"Vod","title":"Veronica Offside","subtitle":"Aflevering 23","description":"Wim Kieft, Wesley Sneijder en Andy van der Meijde schuiven aan bij Wilfred Genee en bespreken het aanstaande vertrek van Ihattaren bij Ajax, het interview van Cillessen en er wordt gebeld met Mart Hoogkamer.","formattedEpisodeNumbering":null,"formattedDate":"Ma 31 okt.","formattedDateShort":"Ma 31 okt.","formattedTime":"20:24","formattedDuration":"56m","formattedAvailabilityWindow":null,"formattedAvailabilityWindowShort":null,"image":{"portraitUrl":null,"landscapeUrl":"https:\/\/images.nlziet.nl\/metadataimportimages\/source\/6E75FC5A3AA44ABA63EB6EBA63C85A439739965DFEFBA30FD0065EDE254FD4D5.jpg"},"logo":{"normalUrl":"https:\/\/cdn.nlziet.nl\/static\/assets\/contentproviders\/sbs.png","darkUrl":"https:\/\/cdn.nlziet.nl\/static\/assets\/contentproviders\/dark\/sbs.png","flatUrl":"https:\/\/cdn.nlziet.nl\/static\/assets\/contentproviders\/flat\/sbs.png"},"tags":[],"seriesId":"6ZPOSHOmKUevr07kOd_wiw"},{"id":"krV67J7J0kyMPUF3fQZbLw","type":"Vod","title":"Veronica Offside","subtitle":"Aflevering 22","description":"Jan Boskamp en Ralf Seuntjens schuiven aan als tafelgasten bij Wilfred Genee, Andy van der Meijde en Wim Kieft.","formattedEpisodeNumbering":null,"formattedDate":"Vr 28 okt.","formattedDateShort":"Vr 28 okt.","formattedTime":"20:25","formattedDuration":"1u 5m","formattedAvailabilityWindow":null,"formattedAvailabilityWindowShort":null,"image":{"portraitUrl":null,"landscapeUrl":"https:\/\/images.nlziet.nl\/metadataimportimages\/source\/F4700AFCB59004F92E35225068E83B009293BCE7B7005526A2CB23D02ED3BC0F.jpg"},"logo":{"normalUrl":"https:\/\/cdn.nlziet.nl\/static\/assets\/contentproviders\/sbs.png","darkUrl":"https:\/\/cdn.nlziet.nl\/static\/assets\/contentproviders\/dark\/sbs.png","flatUrl":"https:\/\/cdn.nlziet.nl\/static\/assets\/contentproviders\/flat\/sbs.png"},"tags":[],"seriesId":"6ZPOSHOmKUevr07kOd_wiw"},{"id":"5JhYtpg3bE-9juqx2QTWnw","type":"Vod","title":"Veronica Offside","subtitle":"Aflevering 21","description":"Wilfred Genee, Andy van der Meijde, Wesley Sneijder en Wim Kieft bespreken de actualiteiten op het gebied van voetbal: de nederlaag van PSV, de rode kaart van Karsdorp en een bijzondere uitspraak van Arne Slot.","formattedEpisodeNumbering":null,"formattedDate":"Ma 24 okt.","formattedDateShort":"Ma 24 okt.","formattedTime":"20:25","formattedDuration":"56m","formattedAvailabilityWindow":null,"formattedAvailabilityWindowShort":null,"image":{"portraitUrl":null,"landscapeUrl":"https:\/\/images.nlziet.nl\/metadataimportimages\/source\/6D54933170FCDFE75D653C47D1F0AC17D7088A397BAE88EEC717DCB89A2E69F5.jpg"},"logo":{"normalUrl":"https:\/\/cdn.nlziet.nl\/static\/assets\/contentproviders\/sbs.png","darkUrl":"https:\/\/cdn.nlziet.nl\/static\/assets\/contentproviders\/dark\/sbs.png","flatUrl":"https:\/\/cdn.nlziet.nl\/static\/assets\/contentproviders\/flat\/sbs.png"},"tags":[],"seriesId":"6ZPOSHOmKUevr07kOd_wiw"},{"id":"jNSUyRMlq0GUG5k1IjSk5w","type":"Vod","title":"Veronica Offside","subtitle":"Aflevering 20","description":"Dick Advocaat en Martijn Krabbendam schuiven aan als tafelgasten bij Wilfred Genee en Andy van der Meijde.","formattedEpisodeNumbering":null,"formattedDate":"Vr 21 okt.","formattedDateShort":"Vr 21 okt.","formattedTime":"20:25","formattedDuration":"1u 9m","formattedAvailabilityWindow":null,"formattedAvailabilityWindowShort":null,"image":{"portraitUrl":null,"landscapeUrl":"https:\/\/images.nlziet.nl\/metadataimportimages\/source\/461FF94F588DD03DF39FD02B4427A09379FE9B9E3E5A9967B5A2CB8EB8A06FEE.jpg"},"logo":{"normalUrl":"https:\/\/cdn.nlziet.nl\/static\/assets\/contentproviders\/sbs.png","darkUrl":"https:\/\/cdn.nlziet.nl\/static\/assets\/contentproviders\/dark\/sbs.png","flatUrl":"https:\/\/cdn.nlziet.nl\/static\/assets\/contentproviders\/flat\/sbs.png"},"tags":[],"seriesId":"6ZPOSHOmKUevr07kOd_wiw"},{"id":"DcT2eJHU2ESdoQxPI_BJeA","type":"Vod","title":"Veronica Offside","subtitle":"Aflevering 19","description":"Wilfred Genee, Andy van der Meijde, Wim Kieft en Jan Boskamp bespreken de actualiteiten op het gebied van voetbal: de tirade van Schreuder, K\u00f6k\u00e7\u00fc die de One Love-band weigerde en de zege van Liverpool op Manchester City.","formattedEpisodeNumbering":null,"formattedDate":"Ma 17 okt.","formattedDateShort":"Ma 17 okt.","formattedTime":"20:25","formattedDuration":"56m","formattedAvailabilityWindow":null,"formattedAvailabilityWindowShort":null,"image":{"portraitUrl":null,"landscapeUrl":"https:\/\/images.nlziet.nl\/metadataimportimages\/source\/51123039E0ED0BC4375073AA32DB2C8B5B88C18362C77F0D63F2CB7DCB017131.jpg"},"logo":{"normalUrl":"https:\/\/cdn.nlziet.nl\/static\/assets\/contentproviders\/sbs.png","darkUrl":"https:\/\/cdn.nlziet.nl\/static\/assets\/contentproviders\/dark\/sbs.png","flatUrl":"https:\/\/cdn.nlziet.nl\/static\/assets\/contentproviders\/flat\/sbs.png"},"tags":[],"seriesId":"6ZPOSHOmKUevr07kOd_wiw"},{"id":"WFrjU4hlakOadZbhahVrEg","type":"Vod","title":"Veronica Offside","subtitle":"Aflevering 18","description":"Kees Jansma schuift aan als tafelgast bij Wilfred Genee, Andy van der Meijde en Wesley Sneijder.","formattedEpisodeNumbering":null,"formattedDate":"Vr 14 okt.","formattedDateShort":"Vr 14 okt.","formattedTime":"20:25","formattedDuration":"1u 5m","formattedAvailabilityWindow":null,"formattedAvailabilityWindowShort":null,"image":{"portraitUrl":null,"landscapeUrl":"https:\/\/images.nlziet.nl\/metadataimportimages\/source\/B510A3248F216966B12223A3764DB7A6D447669B4D2A8388CABBEF1E97FA00F7.jpg"},"logo":{"normalUrl":"https:\/\/cdn.nlziet.nl\/static\/assets\/contentproviders\/sbs.png","darkUrl":"https:\/\/cdn.nlziet.nl\/static\/assets\/contentproviders\/dark\/sbs.png","flatUrl":"https:\/\/cdn.nlziet.nl\/static\/assets\/contentproviders\/flat\/sbs.png"},"tags":[],"seriesId":"6ZPOSHOmKUevr07kOd_wiw"},{"id":"9ehocoQTvkWbx18w5sClQg","type":"Vod","title":"Veronica Offside","subtitle":"Aflevering 17","description":"Dick Advocaat schuift aan als tafelgast bij Wilfred Genee, Wim Kieft en Andy van der Meijde.","formattedEpisodeNumbering":null,"formattedDate":"Ma 10 okt.","formattedDateShort":"Ma 10 okt.","formattedTime":"20:25","formattedDuration":"56m","formattedAvailabilityWindow":null,"formattedAvailabilityWindowShort":null,"image":{"portraitUrl":null,"landscapeUrl":"https:\/\/images.nlziet.nl\/metadataimportimages\/source\/EA71509E4E1283F3D868C55D3AF78245EBE2DB1C1F374F0A782033F24BE0FEA6.jpg"},"logo":{"normalUrl":"https:\/\/cdn.nlziet.nl\/static\/assets\/contentproviders\/sbs.png","darkUrl":"https:\/\/cdn.nlziet.nl\/static\/assets\/contentproviders\/dark\/sbs.png","flatUrl":"https:\/\/cdn.nlziet.nl\/static\/assets\/contentproviders\/flat\/sbs.png"},"tags":[],"seriesId":"6ZPOSHOmKUevr07kOd_wiw"},{"id":"s-g10OV48UKxxCz_5bzhgg","type":"Vod","title":"Veronica Offside","subtitle":"Aflevering 16","description":"Talkshow over voetbal. Met vaste tafelgasten Andy van der Meijde, Wesley Sneijder en Wim Kieft.","formattedEpisodeNumbering":null,"formattedDate":"Vr 7 okt.","formattedDateShort":"Vr 7 okt.","formattedTime":"20:25","formattedDuration":"1u 4m","formattedAvailabilityWindow":null,"formattedAvailabilityWindowShort":null,"image":{"portraitUrl":null,"landscapeUrl":"https:\/\/images.nlziet.nl\/metadataimportimages\/source\/1354175E8B2F4CA561DF3E9D8D43ED0A2B4379A4BE148C11E8DF3495E10A50C0.jpg"},"logo":{"normalUrl":"https:\/\/cdn.nlziet.nl\/static\/assets\/contentproviders\/sbs.png","darkUrl":"https:\/\/cdn.nlziet.nl\/static\/assets\/contentproviders\/dark\/sbs.png","flatUrl":"https:\/\/cdn.nlziet.nl\/static\/assets\/contentproviders\/flat\/sbs.png"},"tags":[],"seriesId":"6ZPOSHOmKUevr07kOd_wiw"},{"id":"FjjMWE4wokK80TpUU-inpw","type":"Vod","title":"Veronica Offside","subtitle":"Aflevering 15","description":"Wilfred Genee, Andy van der Meijde, Wim Kieft en Valentijn Driessen bespreken de actualiteiten op het gebied van voetbal: het puntenverlies van PSV, Ajax en Feyenoord, de stadionramp in Indonesi\u00eb en de ruime nederlaag van Manchester United.","formattedEpisodeNumbering":null,"formattedDate":"Ma 3 okt.","formattedDateShort":"Ma 3 okt.","formattedTime":"20:25","formattedDuration":"56m","formattedAvailabilityWindow":null,"formattedAvailabilityWindowShort":null,"image":{"portraitUrl":null,"landscapeUrl":"https:\/\/images.nlziet.nl\/metadataimportimages\/source\/4C698765D58EB53BD680BBCC9866306FB40D79D8933ADA405DCDB366B44FB682.jpg"},"logo":{"normalUrl":"https:\/\/cdn.nlziet.nl\/static\/assets\/contentproviders\/sbs.png","darkUrl":"https:\/\/cdn.nlziet.nl\/static\/assets\/contentproviders\/dark\/sbs.png","flatUrl":"https:\/\/cdn.nlziet.nl\/static\/assets\/contentproviders\/flat\/sbs.png"},"tags":[],"seriesId":"6ZPOSHOmKUevr07kOd_wiw"},{"id":"UqDCJdkQWkaiXHdDPoil2g","type":"Vod","title":"Veronica Offside","subtitle":"Aflevering 14","description":"Kees Jansma schuift aan als tafelgast bij Wilfred Genee, Andy van der Meijde en Wim Kieft.","formattedEpisodeNumbering":null,"formattedDate":"Vr 30 sep.","formattedDateShort":"Vr 30 sep.","formattedTime":"20:24","formattedDuration":"1u 3m","formattedAvailabilityWindow":null,"formattedAvailabilityWindowShort":null,"image":{"portraitUrl":null,"landscapeUrl":"https:\/\/images.nlziet.nl\/metadataimportimages\/source\/7BCDD868B108F0416490D1EF2BA79CEEA56F0E5552F7097159298A4C9E5FEA44.jpg"},"logo":{"normalUrl":"https:\/\/cdn.nlziet.nl\/static\/assets\/contentproviders\/sbs.png","darkUrl":"https:\/\/cdn.nlziet.nl\/static\/assets\/contentproviders\/dark\/sbs.png","flatUrl":"https:\/\/cdn.nlziet.nl\/static\/assets\/contentproviders\/flat\/sbs.png"},"tags":[],"seriesId":"6ZPOSHOmKUevr07kOd_wiw"},{"id":"bDOC_O6_JUKq8fxieUkFIg","type":"Vod","title":"Veronica Offside","subtitle":"Aflevering 13","description":"Jan Boskamp schuift aan als tafelgast bij Wilfred Genee, Andy van der Meijde en Wim Kieft.","formattedEpisodeNumbering":null,"formattedDate":"Ma 26 sep.","formattedDateShort":"Ma 26 sep.","formattedTime":"20:24","formattedDuration":"56m","formattedAvailabilityWindow":null,"formattedAvailabilityWindowShort":null,"image":{"portraitUrl":null,"landscapeUrl":"https:\/\/images.nlziet.nl\/metadataimportimages\/source\/ED5099985E8CCC0B409C04EA1C16F9607498068658C877E50BCE0C5D18E036DE.jpg"},"logo":{"normalUrl":"https:\/\/cdn.nlziet.nl\/static\/assets\/contentproviders\/sbs.png","darkUrl":"https:\/\/cdn.nlziet.nl\/static\/assets\/contentproviders\/dark\/sbs.png","flatUrl":"https:\/\/cdn.nlziet.nl\/static\/assets\/contentproviders\/flat\/sbs.png"},"tags":[],"seriesId":"6ZPOSHOmKUevr07kOd_wiw"},{"id":"jL4loTjAnEK5uOB2-VRWmg","type":"Vod","title":"Veronica Offside","subtitle":"Aflevering 12","description":"Veronica - Dick Advocaat en Martijn Krabbendam schuiven aan als tafelgasten bij Wilfred Genee en Andy van der Meijde.","formattedEpisodeNumbering":null,"formattedDate":"Vr 23 sep.","formattedDateShort":"Vr 23 sep.","formattedTime":"20:25","formattedDuration":"56m","formattedAvailabilityWindow":null,"formattedAvailabilityWindowShort":null,"image":{"portraitUrl":null,"landscapeUrl":"https:\/\/images.nlziet.nl\/metadataimportimages\/source\/21930C3E618F2E359CB492AA2EFC8DD9EC81B9D654C8B4EB24371056998D8355.jpg"},"logo":{"normalUrl":"https:\/\/cdn.nlziet.nl\/static\/assets\/contentproviders\/sbs.png","darkUrl":"https:\/\/cdn.nlziet.nl\/static\/assets\/contentproviders\/dark\/sbs.png","flatUrl":"https:\/\/cdn.nlziet.nl\/static\/assets\/contentproviders\/flat\/sbs.png"},"tags":[],"seriesId":"6ZPOSHOmKUevr07kOd_wiw"},{"id":"rg327i0Aj0WODxjCY2u_cg","type":"Vod","title":"Veronica Offside","subtitle":"Aflevering 11","description":"Veronica - Jan Boskamp is te gast bij 'Veronica Offside'.","formattedEpisodeNumbering":null,"formattedDate":"Ma 19 sep.","formattedDateShort":"Ma 19 sep.","formattedTime":"20:25","formattedDuration":"56m","formattedAvailabilityWindow":null,"formattedAvailabilityWindowShort":null,"image":{"portraitUrl":null,"landscapeUrl":"https:\/\/images.nlziet.nl\/metadataimportimages\/source\/66D8C693EBA5A2522A965DEEA6769BE91EE0A51F088CB014D6E06A86723C793A.jpg"},"logo":{"normalUrl":"https:\/\/cdn.nlziet.nl\/static\/assets\/contentproviders\/sbs.png","darkUrl":"https:\/\/cdn.nlziet.nl\/static\/assets\/contentproviders\/dark\/sbs.png","flatUrl":"https:\/\/cdn.nlziet.nl\/static\/assets\/contentproviders\/flat\/sbs.png"},"tags":[],"seriesId":"6ZPOSHOmKUevr07kOd_wiw"},{"id":"KTB-E13h7USHBVgAQvM8Gg","type":"Vod","title":"Veronica Offside","subtitle":"Aflevering 10","description":"Veronica - Wim Kieft schuift aan als tafelgast bij Wilfred Genee, Wesley Sneijder en Andy van der Meijde.","formattedEpisodeNumbering":null,"formattedDate":"Vr 16 sep.","formattedDateShort":"Vr 16 sep.","formattedTime":"20:25","formattedDuration":"57m","formattedAvailabilityWindow":null,"formattedAvailabilityWindowShort":null,"image":{"portraitUrl":null,"landscapeUrl":"https:\/\/images.nlziet.nl\/metadataimportimages\/source\/2CEB985F3C0AEA6B4DCED362C7957E3FF2329E55C73CA7005C669F1B70953F5D.jpg"},"logo":{"normalUrl":"https:\/\/cdn.nlziet.nl\/static\/assets\/contentproviders\/sbs.png","darkUrl":"https:\/\/cdn.nlziet.nl\/static\/assets\/contentproviders\/dark\/sbs.png","flatUrl":"https:\/\/cdn.nlziet.nl\/static\/assets\/contentproviders\/flat\/sbs.png"},"tags":[],"seriesId":"6ZPOSHOmKUevr07kOd_wiw"},{"id":"IBwImdNkM0CxJ-5-aONyog","type":"Vod","title":"Veronica Offside","subtitle":"Aflevering 9","description":"Veronica - Kees Jansma schuift aan als tafelgast bij Wilfred Genee, Wesley Sneijder en Andy van der Meijde.","formattedEpisodeNumbering":null,"formattedDate":"Ma 12 sep.","formattedDateShort":"Ma 12 sep.","formattedTime":"20:25","formattedDuration":"55m","formattedAvailabilityWindow":null,"formattedAvailabilityWindowShort":null,"image":{"portraitUrl":null,"landscapeUrl":"https:\/\/images.nlziet.nl\/metadataimportimages\/source\/967579DFC5B126F9676AEC7D1FB26B140B1D280A91608D62C4A0C8AD71812CE5.jpg"},"logo":{"normalUrl":"https:\/\/cdn.nlziet.nl\/static\/assets\/contentproviders\/sbs.png","darkUrl":"https:\/\/cdn.nlziet.nl\/static\/assets\/contentproviders\/dark\/sbs.png","flatUrl":"https:\/\/cdn.nlziet.nl\/static\/assets\/contentproviders\/flat\/sbs.png"},"tags":[],"seriesId":"6ZPOSHOmKUevr07kOd_wiw"},{"id":"Ar3Jay79pEypl9W0bTtc5w","type":"Vod","title":"Veronica Offside","subtitle":"Aflevering 8","description":"Veronica - Wim Kieft schuift aan als tafelgast bij Wilfred Genee, Wesley Sneijder en Andy van der Meijde.","formattedEpisodeNumbering":null,"formattedDate":"Vr 9 sep.","formattedDateShort":"Vr 9 sep.","formattedTime":"20:25","formattedDuration":"56m","formattedAvailabilityWindow":null,"formattedAvailabilityWindowShort":null,"image":{"portraitUrl":null,"landscapeUrl":"https:\/\/images.nlziet.nl\/metadataimportimages\/source\/CC56FE56C8160F809079922CDFC61C029205CB6081BBC9704ECBD161E779E714.jpg"},"logo":{"normalUrl":"https:\/\/cdn.nlziet.nl\/static\/assets\/contentproviders\/sbs.png","darkUrl":"https:\/\/cdn.nlziet.nl\/static\/assets\/contentproviders\/dark\/sbs.png","flatUrl":"https:\/\/cdn.nlziet.nl\/static\/assets\/contentproviders\/flat\/sbs.png"},"tags":[],"seriesId":"6ZPOSHOmKUevr07kOd_wiw"},{"id":"K5xkGi_BzU-w1Y5sf_MS6Q","type":"Vod","title":"Veronica Offside","subtitle":"Aflevering 7","description":"Veronica - Erik Dijkstra schuift aan als tafelgast bij Wilfred Genee, Wim Kieft en Andy van der Meijde.","formattedEpisodeNumbering":null,"formattedDate":"Ma 5 sep.","formattedDateShort":"Ma 5 sep.","formattedTime":"20:25","formattedDuration":"55m","formattedAvailabilityWindow":null,"formattedAvailabilityWindowShort":null,"image":{"portraitUrl":null,"landscapeUrl":"https:\/\/images.nlziet.nl\/metadataimportimages\/source\/0830FC9856C00764480D80B65B4F6771D393E47A8282F9AFB4D26B4021362B34.jpg"},"logo":{"normalUrl":"https:\/\/cdn.nlziet.nl\/static\/assets\/contentproviders\/sbs.png","darkUrl":"https:\/\/cdn.nlziet.nl\/static\/assets\/contentproviders\/dark\/sbs.png","flatUrl":"https:\/\/cdn.nlziet.nl\/static\/assets\/contentproviders\/flat\/sbs.png"},"tags":[],"seriesId":"6ZPOSHOmKUevr07kOd_wiw"},{"id":"SJCC2CLZxUeRnk9CXvTGfw","type":"Vod","title":"Veronica Offside","subtitle":"Aflevering 6","description":"Veronica - John de Bever schuift aan als tafelgast bij Wilfred Genee, Wim Kieft en Andy van der Meijde.","formattedEpisodeNumbering":null,"formattedDate":"Vr 2 sep.","formattedDateShort":"Vr 2 sep.","formattedTime":"20:25","formattedDuration":"55m","formattedAvailabilityWindow":null,"formattedAvailabilityWindowShort":null,"image":{"portraitUrl":null,"landscapeUrl":"https:\/\/images.nlziet.nl\/metadataimportimages\/source\/2B7EAF9AB341A05E46835F2FF0B5CBCE1E60E99F1D17C48F18E0C0CB4E770E32.jpg"},"logo":{"normalUrl":"https:\/\/cdn.nlziet.nl\/static\/assets\/contentproviders\/sbs.png","darkUrl":"https:\/\/cdn.nlziet.nl\/static\/assets\/contentproviders\/dark\/sbs.png","flatUrl":"https:\/\/cdn.nlziet.nl\/static\/assets\/contentproviders\/flat\/sbs.png"},"tags":[],"seriesId":"6ZPOSHOmKUevr07kOd_wiw"},{"id":"UUiefQVNz0eqT-HXj4UFBA","type":"Vod","title":"Veronica Offside","subtitle":"Aflevering 5","description":"Veronica - Martijn Krabbendam en Kees Jansma schuiven aan als tafelgast bij Wilfred Genee en Andy van der Meijde.","formattedEpisodeNumbering":null,"formattedDate":"Ma 29 aug.","formattedDateShort":"Ma 29 aug.","formattedTime":"20:25","formattedDuration":"55m","formattedAvailabilityWindow":null,"formattedAvailabilityWindowShort":null,"image":{"portraitUrl":null,"landscapeUrl":"https:\/\/images.nlziet.nl\/metadataimportimages\/source\/6371C6D2D4505545A05F155F4EB37260A851D03E3E70C937E0212C188D7878CC.jpg"},"logo":{"normalUrl":"https:\/\/cdn.nlziet.nl\/static\/assets\/contentproviders\/sbs.png","darkUrl":"https:\/\/cdn.nlziet.nl\/static\/assets\/contentproviders\/dark\/sbs.png","flatUrl":"https:\/\/cdn.nlziet.nl\/static\/assets\/contentproviders\/flat\/sbs.png"},"tags":[],"seriesId":"6ZPOSHOmKUevr07kOd_wiw"},{"id":"b_i7Gzod_k6zm4eJGNoLzA","type":"Vod","title":"Veronica Offside","subtitle":"Aflevering 4","description":"Veronica - Wilfred Genee ontvangt Andy van der Meijde, Dick Advocaat \u00e9n Kees Jansma.","formattedEpisodeNumbering":null,"formattedDate":"Vr 26 aug.","formattedDateShort":"Vr 26 aug.","formattedTime":"20:25","formattedDuration":"56m","formattedAvailabilityWindow":null,"formattedAvailabilityWindowShort":null,"image":{"portraitUrl":null,"landscapeUrl":"https:\/\/images.nlziet.nl\/metadataimportimages\/source\/AEF2CE517848027C8BF752303DA3C72FA87D5C0431CB9557476966312D5F84E9.jpg"},"logo":{"normalUrl":"https:\/\/cdn.nlziet.nl\/static\/assets\/contentproviders\/sbs.png","darkUrl":"https:\/\/cdn.nlziet.nl\/static\/assets\/contentproviders\/dark\/sbs.png","flatUrl":"https:\/\/cdn.nlziet.nl\/static\/assets\/contentproviders\/flat\/sbs.png"},"tags":[],"seriesId":"6ZPOSHOmKUevr07kOd_wiw"},{"id":"yJPadTBAqU64V-ZE9j_fIg","type":"Vod","title":"Veronica Offside","subtitle":"Aflevering 3","description":"Veronica - Talkshow over voetbal. Met vaste tafelgasten Andy van der Meijde, Wesley Sneijder en Wim Kieft.","formattedEpisodeNumbering":null,"formattedDate":"Ma 22 aug.","formattedDateShort":"Ma 22 aug.","formattedTime":"20:25","formattedDuration":"54m","formattedAvailabilityWindow":null,"formattedAvailabilityWindowShort":null,"image":{"portraitUrl":null,"landscapeUrl":"https:\/\/images.nlziet.nl\/metadataimportimages\/source\/DA8376D2F5A83553D17AF58C24B95D4A7E80DA35D0414701091E65133CCC3DD7.jpg"},"logo":{"normalUrl":"https:\/\/cdn.nlziet.nl\/static\/assets\/contentproviders\/sbs.png","darkUrl":"https:\/\/cdn.nlziet.nl\/static\/assets\/contentproviders\/dark\/sbs.png","flatUrl":"https:\/\/cdn.nlziet.nl\/static\/assets\/contentproviders\/flat\/sbs.png"},"tags":[],"seriesId":"6ZPOSHOmKUevr07kOd_wiw"},{"id":"YO0OIwfv20WDk3n1nNeNIw","type":"Vod","title":"Veronica Offside","subtitle":"Aflevering 2","description":"Veronica - Talkshow over voetbal. Met vaste tafelgasten Andy van der Meijde, Wesley Sneijder en Wim Kieft.","formattedEpisodeNumbering":null,"formattedDate":"Vr 19 aug.","formattedDateShort":"Vr 19 aug.","formattedTime":"20:25","formattedDuration":"1u 6m","formattedAvailabilityWindow":null,"formattedAvailabilityWindowShort":null,"image":{"portraitUrl":null,"landscapeUrl":"https:\/\/images.nlziet.nl\/metadataimportimages\/source\/6A80C2DDC5340523C0376E67CE3F1892FBE13E222787E97A2D934980F4E94E8C.jpg"},"logo":{"normalUrl":"https:\/\/cdn.nlziet.nl\/static\/assets\/contentproviders\/sbs.png","darkUrl":"https:\/\/cdn.nlziet.nl\/static\/assets\/contentproviders\/dark\/sbs.png","flatUrl":"https:\/\/cdn.nlziet.nl\/static\/assets\/contentproviders\/flat\/sbs.png"},"tags":[],"seriesId":"6ZPOSHOmKUevr07kOd_wiw"},{"id":"v9NzbjgTAEK3-PardUxeow","type":"Vod","title":"Veronica Offside","subtitle":"Aflevering 1","description":"Veronica - Wilfred Genee ontvangt analisten Andy van der Meijde, Wesley Sneijder en Wim Kieft in wisselende samenstelling, aangevuld met actuele gasten uit de voetballerij in de gezellige 'voetbalkantine', met amateurclubs in tenue in het publiek en een biertje op tafel. De sfeer is luchtig en er is ruimte voor een grap, maar als het om voetbal gaat, is de toon natuurlijk bloedserieus.","formattedEpisodeNumbering":null,"formattedDate":"Ma 15 aug.","formattedDateShort":"Ma 15 aug.","formattedTime":"20:25","formattedDuration":"55m","formattedAvailabilityWindow":null,"formattedAvailabilityWindowShort":null,"image":{"portraitUrl":null,"landscapeUrl":"https:\/\/images.nlziet.nl\/metadataimportimages\/source\/983F62466F2F3531C5FA5FC99F4B69A69C70D2B9522134E960768415D08AC439.jpg"},"logo":{"normalUrl":"https:\/\/cdn.nlziet.nl\/static\/assets\/contentproviders\/sbs.png","darkUrl":"https:\/\/cdn.nlziet.nl\/static\/assets\/contentproviders\/dark\/sbs.png","flatUrl":"https:\/\/cdn.nlziet.nl\/static\/assets\/contentproviders\/flat\/sbs.png"},"tags":[],"seriesId":"6ZPOSHOmKUevr07kOd_wiw"}]