[{"id":"QyRPEf9ebEe7jN5w_Nw4uw","type":"Vod","title":"Manhunt","subtitle":"Nightstalker","description":"KRO-NCRV - Colins team blijft surveilleren, maar de hoop om Minstead Man te pakken begint te vervliegen. Wanneer een auto wordt gespot die van de dader zou kunnen zijn, zet de politie de achtervolging in. Voor Colin staat er veel op het spel. Een geldverslindend politieonderzoek zonder resultaat kan hij vlak voor zijn pensioen niet gebruiken.","formattedEpisodeNumbering":"S2:A4","formattedDate":"Do 17 mrt.","formattedDateShort":"Do 17 mrt.","formattedTime":"11:36","formattedDuration":"46m","formattedAvailabilityWindow":null,"formattedAvailabilityWindowShort":null,"image":{"portraitUrl":null,"landscapeUrl":"https:\/\/images.nlziet.nl\/metadataimportimages\/source\/197C0F7535AB8F103F8B9FB25458BB427755552B537912A8D9A177B1837CB28F.jpg"},"logo":{"normalUrl":"https:\/\/cdn.nlziet.nl\/static\/assets\/contentproviders\/npo.png","darkUrl":"https:\/\/cdn.nlziet.nl\/static\/assets\/contentproviders\/dark\/npo.png","flatUrl":"https:\/\/cdn.nlziet.nl\/static\/assets\/contentproviders\/flat\/npo.png"},"tags":[],"seriesId":"5Wjx7Lf4yEK7AnwSQGl8oQ"},{"id":"gyxLAuWwV0OKfvF7WBn5jg","type":"Vod","title":"Manhunt","subtitle":"Nightstalker","description":"KRO-NCRV - Colin en zijn team hebben goede hoop dat de nieuwe aanpak vruchten gaat afwerpen, maar dan wordt duidelijk dat er opnieuw een brute aanval is gepleegd op een oudere vrouw. Colin moet zorgen voor extra mankracht om Minstead Man te kunnen pakken, en al snel blijkt dat ze dichter bij een arrestatie zijn dan verwacht. Het wordt de politie niet makkelijk gemaakt, en de tijd begint nu echt te dringen.","formattedEpisodeNumbering":"S2:A3","formattedDate":"Do 17 mrt.","formattedDateShort":"Do 17 mrt.","formattedTime":"11:36","formattedDuration":"46m","formattedAvailabilityWindow":null,"formattedAvailabilityWindowShort":null,"image":{"portraitUrl":null,"landscapeUrl":"https:\/\/images.nlziet.nl\/metadataimportimages\/source\/3EF0A73BEAEE984C8159AD26AA3A9B0CEA8D3423E68DA3B6B4A96253A49BB299.jpg"},"logo":{"normalUrl":"https:\/\/cdn.nlziet.nl\/static\/assets\/contentproviders\/npo.png","darkUrl":"https:\/\/cdn.nlziet.nl\/static\/assets\/contentproviders\/dark\/npo.png","flatUrl":"https:\/\/cdn.nlziet.nl\/static\/assets\/contentproviders\/flat\/npo.png"},"tags":[],"seriesId":"5Wjx7Lf4yEK7AnwSQGl8oQ"},{"id":"aSgIiUmLTUSBMXuQSYR2UQ","type":"Vod","title":"Manhunt","subtitle":"Nightstalker","description":"KRO-NCRV - Colins echtgenote komt met een bruikbare suggestie om het onderzoek naar Minstead Man op gang te krijgen. De bewakingsbeelden van een mogelijke verdachte leveren nog niet de gehoopte duidelijkheid op. Colin wordt gevraagd om verder te gaan met het onderzoek, en besluit dat een andere aanpak nodig is. Een gesprek met een slachtoffer van Minstead Man brengt Colin op een idee.","formattedEpisodeNumbering":"S2:A2","formattedDate":"Do 17 mrt.","formattedDateShort":"Do 17 mrt.","formattedTime":"11:36","formattedDuration":"46m","formattedAvailabilityWindow":null,"formattedAvailabilityWindowShort":null,"image":{"portraitUrl":null,"landscapeUrl":"https:\/\/images.nlziet.nl\/metadataimportimages\/source\/91B2076FF746DBE49B81A57BDB33B121F6066BB7A9F6BE30CC12E809E11A4F1E.jpg"},"logo":{"normalUrl":"https:\/\/cdn.nlziet.nl\/static\/assets\/contentproviders\/npo.png","darkUrl":"https:\/\/cdn.nlziet.nl\/static\/assets\/contentproviders\/dark\/npo.png","flatUrl":"https:\/\/cdn.nlziet.nl\/static\/assets\/contentproviders\/flat\/npo.png"},"tags":[],"seriesId":"5Wjx7Lf4yEK7AnwSQGl8oQ"},{"id":"dh9wsigW40Kkc23xayLgGA","type":"Vod","title":"Manhunt","subtitle":"Nightstalker","description":"KRO-NCRV - Inspecteur Colin Sutton wordt gevraagd uit te zoeken waarom een elf jaar durend geldverslindend onderzoek genaamd Operatie Minstead nog altijd zonder resultaat is. De jacht wordt hervat op de Night Stalker, een serieverkrachter die actief is in Oost-Londen, wanneer er opnieuw een slachtoffer valt. Alles wijst erop dat de Night Stalker weer heeft toegeslagen.","formattedEpisodeNumbering":"S2:A1","formattedDate":"Do 17 mrt.","formattedDateShort":"Do 17 mrt.","formattedTime":"11:36","formattedDuration":"46m","formattedAvailabilityWindow":null,"formattedAvailabilityWindowShort":null,"image":{"portraitUrl":null,"landscapeUrl":"https:\/\/images.nlziet.nl\/metadataimportimages\/source\/6DB891B6C9EA6AE40527BFD7FDB6F6B2E3239FE97EA12DAD5EBE65EE049525EB.jpg"},"logo":{"normalUrl":"https:\/\/cdn.nlziet.nl\/static\/assets\/contentproviders\/npo.png","darkUrl":"https:\/\/cdn.nlziet.nl\/static\/assets\/contentproviders\/dark\/npo.png","flatUrl":"https:\/\/cdn.nlziet.nl\/static\/assets\/contentproviders\/flat\/npo.png"},"tags":[],"seriesId":"5Wjx7Lf4yEK7AnwSQGl8oQ"}]