[{"id":"xzt785lnJkqn3rMgTe6XdQ","type":"Vod","title":"Ambulance UK","subtitle":"Afl. 6","description":"Britse realityserie over een Engelse ambulancedienst. Zowel de medewerkers van de hectische meldkamer als de ambulancediensten op straat worden op de voet gevolgd.","formattedEpisodeNumbering":null,"formattedDate":"Vr 14 okt.","formattedDateShort":"Vr 14 okt.","formattedTime":"23:00","formattedDuration":"56m","formattedAvailabilityWindow":null,"formattedAvailabilityWindowShort":null,"image":{"portraitUrl":null,"landscapeUrl":"https:\/\/images.nlziet.nl\/metadataimportimages\/source\/4F3E31ED71443DCB05B06E8B57EFD85DDF6944327C10E9ACEAD9FA41C1EFC33B.jpg"},"logo":{"normalUrl":"https:\/\/cdn.nlziet.nl\/static\/assets\/contentproviders\/rtl.png","darkUrl":"https:\/\/cdn.nlziet.nl\/static\/assets\/contentproviders\/dark\/rtl.png","flatUrl":"https:\/\/cdn.nlziet.nl\/static\/assets\/contentproviders\/flat\/rtl.png"},"tags":[],"seriesId":"6xUGPtvFHE2E7juM6r4QgQ"},{"id":"edvzOm4UokyEVeRSFBODIA","type":"Vod","title":"Ambulance UK","subtitle":"Afl. 5","description":"Britse realityserie over een Engelse ambulancedienst. Zowel de medewerkers van de hectische meldkamer als de ambulancediensten op straat worden op de voet gevolgd.","formattedEpisodeNumbering":null,"formattedDate":"Do 13 okt.","formattedDateShort":"Do 13 okt.","formattedTime":"23:00","formattedDuration":"57m","formattedAvailabilityWindow":null,"formattedAvailabilityWindowShort":null,"image":{"portraitUrl":null,"landscapeUrl":"https:\/\/images.nlziet.nl\/metadataimportimages\/source\/2C7C61AF6CABF23775A7BB2C7261CA06393073318EC8B6D75DD3CF2749E5797F.jpg"},"logo":{"normalUrl":"https:\/\/cdn.nlziet.nl\/static\/assets\/contentproviders\/rtl.png","darkUrl":"https:\/\/cdn.nlziet.nl\/static\/assets\/contentproviders\/dark\/rtl.png","flatUrl":"https:\/\/cdn.nlziet.nl\/static\/assets\/contentproviders\/flat\/rtl.png"},"tags":[],"seriesId":"6xUGPtvFHE2E7juM6r4QgQ"},{"id":"nE1lAlaed0mCkkVDMaeAdg","type":"Vod","title":"Ambulance UK","subtitle":"Afl. 4","description":"Britse realityserie waarin we de de North West Ambulance Service volgen. De medewerkers van de hectische meldkamer en de ambulancediensten op straat zetten zich iedere dag weer in voor hulpbehoevende mensen.","formattedEpisodeNumbering":null,"formattedDate":"Wo 12 okt.","formattedDateShort":"Wo 12 okt.","formattedTime":"23:00","formattedDuration":"57m","formattedAvailabilityWindow":null,"formattedAvailabilityWindowShort":null,"image":{"portraitUrl":null,"landscapeUrl":"https:\/\/images.nlziet.nl\/metadataimportimages\/source\/FA496CA5319556D6F2E0C70D549A586A60B9F866B25ED7DB592D3B1102EC5B87.jpg"},"logo":{"normalUrl":"https:\/\/cdn.nlziet.nl\/static\/assets\/contentproviders\/rtl.png","darkUrl":"https:\/\/cdn.nlziet.nl\/static\/assets\/contentproviders\/dark\/rtl.png","flatUrl":"https:\/\/cdn.nlziet.nl\/static\/assets\/contentproviders\/flat\/rtl.png"},"tags":[],"seriesId":"6xUGPtvFHE2E7juM6r4QgQ"},{"id":"GaEtwu8It0iTDQcISRnt4A","type":"Vod","title":"Ambulance UK","subtitle":"Afl. 3","description":"Britse realityserie over een Engelse ambulancedienst. Zowel de medewerkers van de hectische meldkamer als de ambulancediensten op straat worden op de voet gevolgd.","formattedEpisodeNumbering":null,"formattedDate":"Di 11 okt.","formattedDateShort":"Di 11 okt.","formattedTime":"23:05","formattedDuration":"57m","formattedAvailabilityWindow":null,"formattedAvailabilityWindowShort":null,"image":{"portraitUrl":null,"landscapeUrl":"https:\/\/images.nlziet.nl\/metadataimportimages\/source\/C735FF6E319CEC7D35F8BAD8D17AC9CFF43C71B8D5060980641956F3BDE68486.jpg"},"logo":{"normalUrl":"https:\/\/cdn.nlziet.nl\/static\/assets\/contentproviders\/rtl.png","darkUrl":"https:\/\/cdn.nlziet.nl\/static\/assets\/contentproviders\/dark\/rtl.png","flatUrl":"https:\/\/cdn.nlziet.nl\/static\/assets\/contentproviders\/flat\/rtl.png"},"tags":[],"seriesId":"6xUGPtvFHE2E7juM6r4QgQ"},{"id":"Ut8z7YbXPEqQqqGpTnrTTg","type":"Vod","title":"Ambulance UK","subtitle":"Afl. 2","description":"De tweede golf van coronabesmettingen geeft een grote druk op de ambulancedienst.","formattedEpisodeNumbering":null,"formattedDate":"Ma 10 okt.","formattedDateShort":"Ma 10 okt.","formattedTime":"23:00","formattedDuration":"56m","formattedAvailabilityWindow":null,"formattedAvailabilityWindowShort":null,"image":{"portraitUrl":null,"landscapeUrl":"https:\/\/images.nlziet.nl\/metadataimportimages\/source\/E754969DC56FEC710165A8E75C06466237F75DD0DB94B2A3AF38534C79EF2453.jpg"},"logo":{"normalUrl":"https:\/\/cdn.nlziet.nl\/static\/assets\/contentproviders\/rtl.png","darkUrl":"https:\/\/cdn.nlziet.nl\/static\/assets\/contentproviders\/dark\/rtl.png","flatUrl":"https:\/\/cdn.nlziet.nl\/static\/assets\/contentproviders\/flat\/rtl.png"},"tags":[],"seriesId":"6xUGPtvFHE2E7juM6r4QgQ"},{"id":"FcbFffedzEOqm7X0cdrpNA","type":"Vod","title":"Ambulance UK","subtitle":"Afl. 1","description":"Britse realityserie over een Engelse ambulancedienst. Zowel de medewerkers van de hectische meldkamer als de ambulancediensten op straat worden op de voet gevolgd.","formattedEpisodeNumbering":null,"formattedDate":"Vr 7 okt.","formattedDateShort":"Vr 7 okt.","formattedTime":"22:55","formattedDuration":"57m","formattedAvailabilityWindow":null,"formattedAvailabilityWindowShort":null,"image":{"portraitUrl":null,"landscapeUrl":"https:\/\/images.nlziet.nl\/metadataimportimages\/source\/4E28E6A0CE399DA176F4F1208365B6C50382986B79CD559E1DF8CF53082A230E.jpg"},"logo":{"normalUrl":"https:\/\/cdn.nlziet.nl\/static\/assets\/contentproviders\/rtl.png","darkUrl":"https:\/\/cdn.nlziet.nl\/static\/assets\/contentproviders\/dark\/rtl.png","flatUrl":"https:\/\/cdn.nlziet.nl\/static\/assets\/contentproviders\/flat\/rtl.png"},"tags":[],"seriesId":"6xUGPtvFHE2E7juM6r4QgQ"}]