[{"id":"KM7ur4ya4UW9xWUsRFSFWw","type":"Vod","title":"Zappsport","subtitle":"Z@ppSport","description":"TROS - Sportmagazine voor de jeugd. Vast element is de spannende battle: Wie zijn er beter in een bepaalde sport: de jongens of de meisjes? Tevens kunnen kinderen met een sportprobleem de hulp inroepen van hun idool en stelt Ron Boszhard vragen tijdens een supersnel interview. Verder aandacht voor jong sporttalent, belangrijke kampioenschappen en je ziet de coolste sporttricks in The Move.","formattedEpisodeNumbering":null,"formattedDate":"Za 27 dec. 2008","formattedDateShort":"Dec. 2008","formattedTime":"08:50","formattedDuration":"20m","formattedAvailabilityWindow":null,"formattedAvailabilityWindowShort":null,"image":{"portraitUrl":null,"landscapeUrl":"https:\/\/images.nlziet.nl\/metadataimportimages\/source\/76A5BAF5BB8570AD4AFD5C0D9D931F94506306A13562C7A61D53B0513AF683DE.jpg"},"logo":{"normalUrl":"https:\/\/cdn.nlziet.nl\/static\/assets\/contentproviders\/npo.png","darkUrl":"https:\/\/cdn.nlziet.nl\/static\/assets\/contentproviders\/dark\/npo.png","flatUrl":"https:\/\/cdn.nlziet.nl\/static\/assets\/contentproviders\/flat\/npo.png"},"tags":[],"seriesId":"7QrOqPrilEGeM3pgWB1w1A"},{"id":"NQaOX_PTzkqR-XNsKmta6g","type":"Vod","title":"Zappsport","subtitle":"Z@ppSport","description":"TROS - Sportmagazine voor de jeugd. Vast element is de spannende battle: Wie zijn er beter in een bepaalde sport: de jongens of de meisjes? Tevens kunnen kinderen met een sportprobleem de hulp inroepen van hun idool en stelt Ron Boszhard vragen tijdens een supersnel interview. Verder aandacht voor jong sporttalent, belangrijke kampioenschappen en je ziet de coolste sporttricks in The Move.","formattedEpisodeNumbering":null,"formattedDate":"Za 20 dec. 2008","formattedDateShort":"Dec. 2008","formattedTime":"08:50","formattedDuration":"20m","formattedAvailabilityWindow":null,"formattedAvailabilityWindowShort":null,"image":{"portraitUrl":null,"landscapeUrl":"https:\/\/images.nlziet.nl\/metadataimportimages\/source\/76A5BAF5BB8570AD4AFD5C0D9D931F94506306A13562C7A61D53B0513AF683DE.jpg"},"logo":{"normalUrl":"https:\/\/cdn.nlziet.nl\/static\/assets\/contentproviders\/npo.png","darkUrl":"https:\/\/cdn.nlziet.nl\/static\/assets\/contentproviders\/dark\/npo.png","flatUrl":"https:\/\/cdn.nlziet.nl\/static\/assets\/contentproviders\/flat\/npo.png"},"tags":[],"seriesId":"7QrOqPrilEGeM3pgWB1w1A"},{"id":"WSiNnTgj8ka8brT-SXPYFA","type":"Vod","title":"Zappsport","subtitle":"Z@ppSport","description":"TROS - Sportmagazine voor de jeugd. Vast element is de spannende battle: Wie zijn er beter in een bepaalde sport: de jongens of de meisjes? Tevens kunnen kinderen met een sportprobleem de hulp inroepen van hun idool en stelt Ron Boszhard vragen tijdens een supersnel interview. Verder aandacht voor jong sporttalent, belangrijke kampioenschappen en je ziet de coolste sporttricks in The Move.","formattedEpisodeNumbering":null,"formattedDate":"Zo 14 dec. 2008","formattedDateShort":"Dec. 2008","formattedTime":"08:50","formattedDuration":"20m","formattedAvailabilityWindow":null,"formattedAvailabilityWindowShort":null,"image":{"portraitUrl":null,"landscapeUrl":"https:\/\/images.nlziet.nl\/metadataimportimages\/source\/76A5BAF5BB8570AD4AFD5C0D9D931F94506306A13562C7A61D53B0513AF683DE.jpg"},"logo":{"normalUrl":"https:\/\/cdn.nlziet.nl\/static\/assets\/contentproviders\/npo.png","darkUrl":"https:\/\/cdn.nlziet.nl\/static\/assets\/contentproviders\/dark\/npo.png","flatUrl":"https:\/\/cdn.nlziet.nl\/static\/assets\/contentproviders\/flat\/npo.png"},"tags":[],"seriesId":"7QrOqPrilEGeM3pgWB1w1A"},{"id":"25HWCgoxWkuWBvshNuO4Nw","type":"Vod","title":"Zappsport","subtitle":"Z@ppSport","description":"TROS - Sportmagazine voor de jeugd. Vast element is de spannende battle: Wie zijn er beter in een bepaalde sport: de jongens of de meisjes? Tevens kunnen kinderen met een sportprobleem de hulp inroepen van hun idool en stelt Ron Boszhard vragen tijdens een supersnel interview. Verder aandacht voor jong sporttalent, belangrijke kampioenschappen en je ziet de coolste sporttricks in The Move.","formattedEpisodeNumbering":null,"formattedDate":"Za 13 dec. 2008","formattedDateShort":"Dec. 2008","formattedTime":"08:50","formattedDuration":"20m","formattedAvailabilityWindow":null,"formattedAvailabilityWindowShort":null,"image":{"portraitUrl":null,"landscapeUrl":"https:\/\/images.nlziet.nl\/metadataimportimages\/source\/76A5BAF5BB8570AD4AFD5C0D9D931F94506306A13562C7A61D53B0513AF683DE.jpg"},"logo":{"normalUrl":"https:\/\/cdn.nlziet.nl\/static\/assets\/contentproviders\/npo.png","darkUrl":"https:\/\/cdn.nlziet.nl\/static\/assets\/contentproviders\/dark\/npo.png","flatUrl":"https:\/\/cdn.nlziet.nl\/static\/assets\/contentproviders\/flat\/npo.png"},"tags":[],"seriesId":"7QrOqPrilEGeM3pgWB1w1A"},{"id":"Sx4q-qPrqk2FznDNRlnOsw","type":"Vod","title":"Zappsport","subtitle":"Z@ppSport","description":"TROS - Sportmagazine voor de jeugd. Vast element is de spannende battle: Wie zijn er beter in een bepaalde sport: de jongens of de meisjes? Tevens kunnen kinderen met een sportprobleem de hulp inroepen van hun idool en stelt Ron Boszhard vragen tijdens een supersnel interview. Verder aandacht voor jong sporttalent, belangrijke kampioenschappen en je ziet de coolste sporttricks in The Move.","formattedEpisodeNumbering":null,"formattedDate":"Zo 7 dec. 2008","formattedDateShort":"Dec. 2008","formattedTime":"08:50","formattedDuration":"20m","formattedAvailabilityWindow":null,"formattedAvailabilityWindowShort":null,"image":{"portraitUrl":null,"landscapeUrl":"https:\/\/images.nlziet.nl\/metadataimportimages\/source\/76A5BAF5BB8570AD4AFD5C0D9D931F94506306A13562C7A61D53B0513AF683DE.jpg"},"logo":{"normalUrl":"https:\/\/cdn.nlziet.nl\/static\/assets\/contentproviders\/npo.png","darkUrl":"https:\/\/cdn.nlziet.nl\/static\/assets\/contentproviders\/dark\/npo.png","flatUrl":"https:\/\/cdn.nlziet.nl\/static\/assets\/contentproviders\/flat\/npo.png"},"tags":[],"seriesId":"7QrOqPrilEGeM3pgWB1w1A"},{"id":"3F5QgFauOkGeAaczSwG1Mg","type":"Vod","title":"Zappsport","subtitle":"Z@ppSport","description":"TROS - Sportmagazine voor de jeugd. Vast element is de spannende battle: Wie zijn er beter in een bepaalde sport: de jongens of de meisjes? Tevens kunnen kinderen met een sportprobleem de hulp inroepen van hun idool en stelt Ron Boszhard vragen tijdens een supersnel interview. Verder aandacht voor jong sporttalent, belangrijke kampioenschappen en je ziet de coolste sporttricks in The Move.","formattedEpisodeNumbering":null,"formattedDate":"Za 6 dec. 2008","formattedDateShort":"Dec. 2008","formattedTime":"08:50","formattedDuration":"20m","formattedAvailabilityWindow":null,"formattedAvailabilityWindowShort":null,"image":{"portraitUrl":null,"landscapeUrl":"https:\/\/images.nlziet.nl\/metadataimportimages\/source\/76A5BAF5BB8570AD4AFD5C0D9D931F94506306A13562C7A61D53B0513AF683DE.jpg"},"logo":{"normalUrl":"https:\/\/cdn.nlziet.nl\/static\/assets\/contentproviders\/npo.png","darkUrl":"https:\/\/cdn.nlziet.nl\/static\/assets\/contentproviders\/dark\/npo.png","flatUrl":"https:\/\/cdn.nlziet.nl\/static\/assets\/contentproviders\/flat\/npo.png"},"tags":[],"seriesId":"7QrOqPrilEGeM3pgWB1w1A"},{"id":"v9BY85frrke2Q6s0x-PmQA","type":"Vod","title":"Zappsport","subtitle":"Z@ppSport","description":"TROS - Sportmagazine voor de jeugd. Vast element is de spannende battle: Wie zijn er beter in een bepaalde sport: de jongens of de meisjes? Tevens kunnen kinderen met een sportprobleem de hulp inroepen van hun idool en stelt Ron Boszhard vragen tijdens een supersnel interview. Verder aandacht voor jong sporttalent, belangrijke kampioenschappen en je ziet de coolste sporttricks in The Move.","formattedEpisodeNumbering":null,"formattedDate":"Zo 23 nov. 2008","formattedDateShort":"Nov. 2008","formattedTime":"08:50","formattedDuration":"20m","formattedAvailabilityWindow":null,"formattedAvailabilityWindowShort":null,"image":{"portraitUrl":null,"landscapeUrl":"https:\/\/images.nlziet.nl\/metadataimportimages\/source\/76A5BAF5BB8570AD4AFD5C0D9D931F94506306A13562C7A61D53B0513AF683DE.jpg"},"logo":{"normalUrl":"https:\/\/cdn.nlziet.nl\/static\/assets\/contentproviders\/npo.png","darkUrl":"https:\/\/cdn.nlziet.nl\/static\/assets\/contentproviders\/dark\/npo.png","flatUrl":"https:\/\/cdn.nlziet.nl\/static\/assets\/contentproviders\/flat\/npo.png"},"tags":[],"seriesId":"7QrOqPrilEGeM3pgWB1w1A"},{"id":"snCy9qypskudDfcRso5hqg","type":"Vod","title":"Zappsport","subtitle":"Z@ppSport","description":"TROS - Sportmagazine voor de jeugd. Vast element is de spannende battle: Wie zijn er beter in een bepaalde sport: de jongens of de meisjes? Tevens kunnen kinderen met een sportprobleem de hulp inroepen van hun idool en stelt Ron Boszhard vragen tijdens een supersnel interview. Verder aandacht voor jong sporttalent, belangrijke kampioenschappen en je ziet de coolste sporttricks in The Move.","formattedEpisodeNumbering":null,"formattedDate":"Za 22 nov. 2008","formattedDateShort":"Nov. 2008","formattedTime":"08:50","formattedDuration":"20m","formattedAvailabilityWindow":null,"formattedAvailabilityWindowShort":null,"image":{"portraitUrl":null,"landscapeUrl":"https:\/\/images.nlziet.nl\/metadataimportimages\/source\/76A5BAF5BB8570AD4AFD5C0D9D931F94506306A13562C7A61D53B0513AF683DE.jpg"},"logo":{"normalUrl":"https:\/\/cdn.nlziet.nl\/static\/assets\/contentproviders\/npo.png","darkUrl":"https:\/\/cdn.nlziet.nl\/static\/assets\/contentproviders\/dark\/npo.png","flatUrl":"https:\/\/cdn.nlziet.nl\/static\/assets\/contentproviders\/flat\/npo.png"},"tags":[],"seriesId":"7QrOqPrilEGeM3pgWB1w1A"},{"id":"aXgoknhHak-dphbyrKSZWA","type":"Vod","title":"Zappsport","subtitle":"Z@ppSport","description":"TROS - Sportmagazine voor de jeugd. Vast element is de spannende battle: Wie zijn er beter in een bepaalde sport: de jongens of de meisjes? Tevens kunnen kinderen met een sportprobleem de hulp inroepen van hun idool en stelt Ron Boszhard vragen tijdens een supersnel interview. Verder aandacht voor jong sporttalent, belangrijke kampioenschappen en je ziet de coolste sporttricks in The Move.","formattedEpisodeNumbering":null,"formattedDate":"Za 15 nov. 2008","formattedDateShort":"Nov. 2008","formattedTime":"08:45","formattedDuration":"20m","formattedAvailabilityWindow":null,"formattedAvailabilityWindowShort":null,"image":{"portraitUrl":null,"landscapeUrl":"https:\/\/images.nlziet.nl\/metadataimportimages\/source\/76A5BAF5BB8570AD4AFD5C0D9D931F94506306A13562C7A61D53B0513AF683DE.jpg"},"logo":{"normalUrl":"https:\/\/cdn.nlziet.nl\/static\/assets\/contentproviders\/npo.png","darkUrl":"https:\/\/cdn.nlziet.nl\/static\/assets\/contentproviders\/dark\/npo.png","flatUrl":"https:\/\/cdn.nlziet.nl\/static\/assets\/contentproviders\/flat\/npo.png"},"tags":[],"seriesId":"7QrOqPrilEGeM3pgWB1w1A"},{"id":"nWHrf2YWMEqfQU5ALyrfVA","type":"Vod","title":"Zappsport","subtitle":"Z@ppSport","description":"TROS - Sportmagazine voor de jeugd. Vast element is de spannende battle: Wie zijn er beter in een bepaalde sport: de jongens of de meisjes? Tevens kunnen kinderen met een sportprobleem de hulp inroepen van hun idool en stelt Ron Boszhard vragen tijdens een supersnel interview. Verder aandacht voor jong sporttalent, belangrijke kampioenschappen en je ziet de coolste sporttricks in The Move.","formattedEpisodeNumbering":null,"formattedDate":"Zo 9 nov. 2008","formattedDateShort":"Nov. 2008","formattedTime":"08:50","formattedDuration":"20m","formattedAvailabilityWindow":null,"formattedAvailabilityWindowShort":null,"image":{"portraitUrl":null,"landscapeUrl":"https:\/\/images.nlziet.nl\/metadataimportimages\/source\/76A5BAF5BB8570AD4AFD5C0D9D931F94506306A13562C7A61D53B0513AF683DE.jpg"},"logo":{"normalUrl":"https:\/\/cdn.nlziet.nl\/static\/assets\/contentproviders\/npo.png","darkUrl":"https:\/\/cdn.nlziet.nl\/static\/assets\/contentproviders\/dark\/npo.png","flatUrl":"https:\/\/cdn.nlziet.nl\/static\/assets\/contentproviders\/flat\/npo.png"},"tags":[],"seriesId":"7QrOqPrilEGeM3pgWB1w1A"},{"id":"ovaZZLbmIka0w-p1zulY2g","type":"Vod","title":"Zappsport","subtitle":"Z@ppSport","description":"TROS - Sportmagazine voor de jeugd. Vast element is de spannende battle: Wie zijn er beter in een bepaalde sport: de jongens of de meisjes? Tevens kunnen kinderen met een sportprobleem de hulp inroepen van hun idool en stelt Ron Boszhard vragen tijdens een supersnel interview. Verder aandacht voor jong sporttalent, belangrijke kampioenschappen en je ziet de coolste sporttricks in The Move.","formattedEpisodeNumbering":null,"formattedDate":"Za 8 nov. 2008","formattedDateShort":"Nov. 2008","formattedTime":"08:50","formattedDuration":"20m","formattedAvailabilityWindow":null,"formattedAvailabilityWindowShort":null,"image":{"portraitUrl":null,"landscapeUrl":"https:\/\/images.nlziet.nl\/metadataimportimages\/source\/76A5BAF5BB8570AD4AFD5C0D9D931F94506306A13562C7A61D53B0513AF683DE.jpg"},"logo":{"normalUrl":"https:\/\/cdn.nlziet.nl\/static\/assets\/contentproviders\/npo.png","darkUrl":"https:\/\/cdn.nlziet.nl\/static\/assets\/contentproviders\/dark\/npo.png","flatUrl":"https:\/\/cdn.nlziet.nl\/static\/assets\/contentproviders\/flat\/npo.png"},"tags":[],"seriesId":"7QrOqPrilEGeM3pgWB1w1A"},{"id":"KFT1qRGZuU6NKaOVjADTjQ","type":"Vod","title":"Zappsport","subtitle":"Z@ppSport","description":"TROS - Sportmagazine voor de jeugd. Vast element is de spannende battle: Wie zijn er beter in een bepaalde sport: de jongens of de meisjes? Tevens kunnen kinderen met een sportprobleem de hulp inroepen van hun idool en stelt Ron Boszhard vragen tijdens een supersnel interview. Verder aandacht voor jong sporttalent, belangrijke kampioenschappen en je ziet de coolste sporttricks in The Move.","formattedEpisodeNumbering":null,"formattedDate":"Zo 2 nov. 2008","formattedDateShort":"Nov. 2008","formattedTime":"08:50","formattedDuration":"20m","formattedAvailabilityWindow":null,"formattedAvailabilityWindowShort":null,"image":{"portraitUrl":null,"landscapeUrl":"https:\/\/images.nlziet.nl\/metadataimportimages\/source\/76A5BAF5BB8570AD4AFD5C0D9D931F94506306A13562C7A61D53B0513AF683DE.jpg"},"logo":{"normalUrl":"https:\/\/cdn.nlziet.nl\/static\/assets\/contentproviders\/npo.png","darkUrl":"https:\/\/cdn.nlziet.nl\/static\/assets\/contentproviders\/dark\/npo.png","flatUrl":"https:\/\/cdn.nlziet.nl\/static\/assets\/contentproviders\/flat\/npo.png"},"tags":[],"seriesId":"7QrOqPrilEGeM3pgWB1w1A"},{"id":"YvMRWVyHUEKyWZVH7At83Q","type":"Vod","title":"Zappsport","subtitle":"Z@ppSport","description":"TROS - Sportmagazine voor de jeugd. Vast element is de spannende battle: Wie zijn er beter in een bepaalde sport: de jongens of de meisjes? Tevens kunnen kinderen met een sportprobleem de hulp inroepen van hun idool en stelt Ron Boszhard vragen tijdens een supersnel interview. Verder aandacht voor jong sporttalent, belangrijke kampioenschappen en je ziet de coolste sporttricks in The Move.","formattedEpisodeNumbering":null,"formattedDate":"Za 1 nov. 2008","formattedDateShort":"Nov. 2008","formattedTime":"08:50","formattedDuration":"15m","formattedAvailabilityWindow":null,"formattedAvailabilityWindowShort":null,"image":{"portraitUrl":null,"landscapeUrl":"https:\/\/images.nlziet.nl\/metadataimportimages\/source\/76A5BAF5BB8570AD4AFD5C0D9D931F94506306A13562C7A61D53B0513AF683DE.jpg"},"logo":{"normalUrl":"https:\/\/cdn.nlziet.nl\/static\/assets\/contentproviders\/npo.png","darkUrl":"https:\/\/cdn.nlziet.nl\/static\/assets\/contentproviders\/dark\/npo.png","flatUrl":"https:\/\/cdn.nlziet.nl\/static\/assets\/contentproviders\/flat\/npo.png"},"tags":[],"seriesId":"7QrOqPrilEGeM3pgWB1w1A"},{"id":"1Ts6ioyhDEqFWZc7VIxesg","type":"Vod","title":"Zappsport","subtitle":"Z@ppSport","description":"TROS - Sportmagazine voor de jeugd. Vast element is de spannende battle: Wie zijn er beter in een bepaalde sport: de jongens of de meisjes? Tevens kunnen kinderen met een sportprobleem de hulp inroepen van hun idool en stelt Ron Boszhard vragen tijdens een supersnel interview. Verder aandacht voor jong sporttalent, belangrijke kampioenschappen en je ziet de coolste sporttricks in The Move.","formattedEpisodeNumbering":null,"formattedDate":"Zo 26 okt. 2008","formattedDateShort":"Okt. 2008","formattedTime":"08:50","formattedDuration":"15m","formattedAvailabilityWindow":null,"formattedAvailabilityWindowShort":null,"image":{"portraitUrl":null,"landscapeUrl":"https:\/\/images.nlziet.nl\/metadataimportimages\/source\/76A5BAF5BB8570AD4AFD5C0D9D931F94506306A13562C7A61D53B0513AF683DE.jpg"},"logo":{"normalUrl":"https:\/\/cdn.nlziet.nl\/static\/assets\/contentproviders\/npo.png","darkUrl":"https:\/\/cdn.nlziet.nl\/static\/assets\/contentproviders\/dark\/npo.png","flatUrl":"https:\/\/cdn.nlziet.nl\/static\/assets\/contentproviders\/flat\/npo.png"},"tags":[],"seriesId":"7QrOqPrilEGeM3pgWB1w1A"},{"id":"pPEOz9NmW026FntRT5dgOA","type":"Vod","title":"Zappsport","subtitle":"Z@ppSport","description":"TROS - Sportmagazine voor de jeugd. Vast element is de spannende battle: Wie zijn er beter in een bepaalde sport: de jongens of de meisjes? Tevens kunnen kinderen met een sportprobleem de hulp inroepen van hun idool en stelt Ron Boszhard vragen tijdens een supersnel interview. Verder aandacht voor jong sporttalent, belangrijke kampioenschappen en je ziet de coolste sporttricks in The Move.","formattedEpisodeNumbering":null,"formattedDate":"Za 25 okt. 2008","formattedDateShort":"Okt. 2008","formattedTime":"08:50","formattedDuration":"15m","formattedAvailabilityWindow":null,"formattedAvailabilityWindowShort":null,"image":{"portraitUrl":null,"landscapeUrl":"https:\/\/images.nlziet.nl\/metadataimportimages\/source\/76A5BAF5BB8570AD4AFD5C0D9D931F94506306A13562C7A61D53B0513AF683DE.jpg"},"logo":{"normalUrl":"https:\/\/cdn.nlziet.nl\/static\/assets\/contentproviders\/npo.png","darkUrl":"https:\/\/cdn.nlziet.nl\/static\/assets\/contentproviders\/dark\/npo.png","flatUrl":"https:\/\/cdn.nlziet.nl\/static\/assets\/contentproviders\/flat\/npo.png"},"tags":[],"seriesId":"7QrOqPrilEGeM3pgWB1w1A"},{"id":"al9JyomEu0eAWp77EysIUg","type":"Vod","title":"Zappsport","subtitle":"Z@ppSport","description":"TROS - Sportmagazine voor de jeugd. Vast element is de spannende battle: Wie zijn er beter in een bepaalde sport: de jongens of de meisjes? Tevens kunnen kinderen met een sportprobleem de hulp inroepen van hun idool en stelt Ron Boszhard vragen tijdens een supersnel interview. Verder aandacht voor jong sporttalent, belangrijke kampioenschappen en je ziet de coolste sporttricks in The Move.","formattedEpisodeNumbering":null,"formattedDate":"Zo 19 okt. 2008","formattedDateShort":"Okt. 2008","formattedTime":"08:48","formattedDuration":"17m","formattedAvailabilityWindow":null,"formattedAvailabilityWindowShort":null,"image":{"portraitUrl":null,"landscapeUrl":"https:\/\/images.nlziet.nl\/metadataimportimages\/source\/76A5BAF5BB8570AD4AFD5C0D9D931F94506306A13562C7A61D53B0513AF683DE.jpg"},"logo":{"normalUrl":"https:\/\/cdn.nlziet.nl\/static\/assets\/contentproviders\/npo.png","darkUrl":"https:\/\/cdn.nlziet.nl\/static\/assets\/contentproviders\/dark\/npo.png","flatUrl":"https:\/\/cdn.nlziet.nl\/static\/assets\/contentproviders\/flat\/npo.png"},"tags":[],"seriesId":"7QrOqPrilEGeM3pgWB1w1A"},{"id":"ft5Iaf-iHkaV68lBP53Imw","type":"Vod","title":"Zappsport","subtitle":"Z@ppSport","description":"TROS - Sportmagazine voor de jeugd. Vast element is de spannende battle: Wie zijn er beter in een bepaalde sport: de jongens of de meisjes? Tevens kunnen kinderen met een sportprobleem de hulp inroepen van hun idool en stelt Ron Boszhard vragen tijdens een supersnel interview. Verder aandacht voor jong sporttalent, belangrijke kampioenschappen en je ziet de coolste sporttricks in The Move.","formattedEpisodeNumbering":null,"formattedDate":"Za 18 okt. 2008","formattedDateShort":"Okt. 2008","formattedTime":"08:50","formattedDuration":"18m","formattedAvailabilityWindow":null,"formattedAvailabilityWindowShort":null,"image":{"portraitUrl":null,"landscapeUrl":"https:\/\/images.nlziet.nl\/metadataimportimages\/source\/76A5BAF5BB8570AD4AFD5C0D9D931F94506306A13562C7A61D53B0513AF683DE.jpg"},"logo":{"normalUrl":"https:\/\/cdn.nlziet.nl\/static\/assets\/contentproviders\/npo.png","darkUrl":"https:\/\/cdn.nlziet.nl\/static\/assets\/contentproviders\/dark\/npo.png","flatUrl":"https:\/\/cdn.nlziet.nl\/static\/assets\/contentproviders\/flat\/npo.png"},"tags":[],"seriesId":"7QrOqPrilEGeM3pgWB1w1A"},{"id":"-BovszKZYEOfhk_zUS1fAw","type":"Vod","title":"Zappsport","subtitle":"Z@ppSport","description":"TROS - Sportmagazine voor de jeugd. Vast element is de spannende battle: Wie zijn er beter in een bepaalde sport: de jongens of de meisjes? Tevens kunnen kinderen met een sportprobleem de hulp inroepen van hun idool en stelt Ron Boszhard vragen tijdens een supersnel interview. Verder aandacht voor jong sporttalent, belangrijke kampioenschappen en je ziet de coolste sporttricks in The Move.","formattedEpisodeNumbering":null,"formattedDate":"Zo 12 okt. 2008","formattedDateShort":"Okt. 2008","formattedTime":"08:55","formattedDuration":"20m","formattedAvailabilityWindow":null,"formattedAvailabilityWindowShort":null,"image":{"portraitUrl":null,"landscapeUrl":"https:\/\/images.nlziet.nl\/metadataimportimages\/source\/76A5BAF5BB8570AD4AFD5C0D9D931F94506306A13562C7A61D53B0513AF683DE.jpg"},"logo":{"normalUrl":"https:\/\/cdn.nlziet.nl\/static\/assets\/contentproviders\/npo.png","darkUrl":"https:\/\/cdn.nlziet.nl\/static\/assets\/contentproviders\/dark\/npo.png","flatUrl":"https:\/\/cdn.nlziet.nl\/static\/assets\/contentproviders\/flat\/npo.png"},"tags":[],"seriesId":"7QrOqPrilEGeM3pgWB1w1A"},{"id":"IdklDS6AAkSOAmFlyKaZvQ","type":"Vod","title":"Zappsport","subtitle":"Z@ppSport","description":"TROS - Sportmagazine voor de jeugd. Vast element is de spannende battle: Wie zijn er beter in een bepaalde sport: de jongens of de meisjes? Tevens kunnen kinderen met een sportprobleem de hulp inroepen van hun idool en stelt Ron Boszhard vragen tijdens een supersnel interview. Verder aandacht voor jong sporttalent, belangrijke kampioenschappen en je ziet de coolste sporttricks in The Move.","formattedEpisodeNumbering":null,"formattedDate":"Za 11 okt. 2008","formattedDateShort":"Okt. 2008","formattedTime":"08:50","formattedDuration":"20m","formattedAvailabilityWindow":null,"formattedAvailabilityWindowShort":null,"image":{"portraitUrl":null,"landscapeUrl":"https:\/\/images.nlziet.nl\/metadataimportimages\/source\/76A5BAF5BB8570AD4AFD5C0D9D931F94506306A13562C7A61D53B0513AF683DE.jpg"},"logo":{"normalUrl":"https:\/\/cdn.nlziet.nl\/static\/assets\/contentproviders\/npo.png","darkUrl":"https:\/\/cdn.nlziet.nl\/static\/assets\/contentproviders\/dark\/npo.png","flatUrl":"https:\/\/cdn.nlziet.nl\/static\/assets\/contentproviders\/flat\/npo.png"},"tags":[],"seriesId":"7QrOqPrilEGeM3pgWB1w1A"},{"id":"lMEHn0QBvEudZ1pU4cM8fA","type":"Vod","title":"Zappsport","subtitle":"Z@ppSport","description":"TROS - Sportmagazine voor de jeugd. Vast element is de spannende battle: Wie zijn er beter in een bepaalde sport: de jongens of de meisjes? Tevens kunnen kinderen met een sportprobleem de hulp inroepen van hun idool en stelt Ron Boszhard vragen tijdens een supersnel interview. Verder aandacht voor jong sporttalent, belangrijke kampioenschappen en je ziet de coolste sporttricks in The Move.","formattedEpisodeNumbering":null,"formattedDate":"Zo 5 okt. 2008","formattedDateShort":"Okt. 2008","formattedTime":"08:55","formattedDuration":"20m","formattedAvailabilityWindow":null,"formattedAvailabilityWindowShort":null,"image":{"portraitUrl":null,"landscapeUrl":"https:\/\/images.nlziet.nl\/metadataimportimages\/source\/76A5BAF5BB8570AD4AFD5C0D9D931F94506306A13562C7A61D53B0513AF683DE.jpg"},"logo":{"normalUrl":"https:\/\/cdn.nlziet.nl\/static\/assets\/contentproviders\/npo.png","darkUrl":"https:\/\/cdn.nlziet.nl\/static\/assets\/contentproviders\/dark\/npo.png","flatUrl":"https:\/\/cdn.nlziet.nl\/static\/assets\/contentproviders\/flat\/npo.png"},"tags":[],"seriesId":"7QrOqPrilEGeM3pgWB1w1A"},{"id":"eVPg1vteA0uZh0OREVOOfw","type":"Vod","title":"Zappsport","subtitle":"Z@ppSport","description":"TROS - Sportmagazine voor de jeugd. Vast element is de spannende battle: Wie zijn er beter in een bepaalde sport: de jongens of de meisjes? Tevens kunnen kinderen met een sportprobleem de hulp inroepen van hun idool en stelt Ron Boszhard vragen tijdens een supersnel interview. Verder aandacht voor jong sporttalent, belangrijke kampioenschappen en je ziet de coolste sporttricks in The Move.","formattedEpisodeNumbering":null,"formattedDate":"Za 4 okt. 2008","formattedDateShort":"Okt. 2008","formattedTime":"08:50","formattedDuration":"20m","formattedAvailabilityWindow":null,"formattedAvailabilityWindowShort":null,"image":{"portraitUrl":null,"landscapeUrl":"https:\/\/images.nlziet.nl\/metadataimportimages\/source\/76A5BAF5BB8570AD4AFD5C0D9D931F94506306A13562C7A61D53B0513AF683DE.jpg"},"logo":{"normalUrl":"https:\/\/cdn.nlziet.nl\/static\/assets\/contentproviders\/npo.png","darkUrl":"https:\/\/cdn.nlziet.nl\/static\/assets\/contentproviders\/dark\/npo.png","flatUrl":"https:\/\/cdn.nlziet.nl\/static\/assets\/contentproviders\/flat\/npo.png"},"tags":[],"seriesId":"7QrOqPrilEGeM3pgWB1w1A"},{"id":"VNw5hbDC-UycrMi6Kc5Y9Q","type":"Vod","title":"Zappsport","subtitle":"Z@ppSport","description":"TROS - Sportmagazine voor de jeugd. Vast element is de spannende battle: Wie zijn er beter in een bepaalde sport: de jongens of de meisjes? Tevens kunnen kinderen met een sportprobleem de hulp inroepen van hun idool en stelt Ron Boszhard vragen tijdens een supersnel interview. Verder aandacht voor jong sporttalent, belangrijke kampioenschappen en je ziet de coolste sporttricks in The Move.","formattedEpisodeNumbering":null,"formattedDate":"Zo 28 sep. 2008","formattedDateShort":"Sep. 2008","formattedTime":"09:00","formattedDuration":"20m","formattedAvailabilityWindow":null,"formattedAvailabilityWindowShort":null,"image":{"portraitUrl":null,"landscapeUrl":"https:\/\/images.nlziet.nl\/metadataimportimages\/source\/76A5BAF5BB8570AD4AFD5C0D9D931F94506306A13562C7A61D53B0513AF683DE.jpg"},"logo":{"normalUrl":"https:\/\/cdn.nlziet.nl\/static\/assets\/contentproviders\/npo.png","darkUrl":"https:\/\/cdn.nlziet.nl\/static\/assets\/contentproviders\/dark\/npo.png","flatUrl":"https:\/\/cdn.nlziet.nl\/static\/assets\/contentproviders\/flat\/npo.png"},"tags":[],"seriesId":"7QrOqPrilEGeM3pgWB1w1A"},{"id":"iw0xseDTdUW4yncvdXJjnw","type":"Vod","title":"Zappsport","subtitle":"Z@ppSport","description":"TROS - Sportmagazine voor de jeugd. Vast element is de spannende battle: Wie zijn er beter in een bepaalde sport: de jongens of de meisjes? Tevens kunnen kinderen met een sportprobleem de hulp inroepen van hun idool en stelt Ron Boszhard vragen tijdens een supersnel interview. Verder aandacht voor jong sporttalent, belangrijke kampioenschappen en je ziet de coolste sporttricks in The Move.","formattedEpisodeNumbering":null,"formattedDate":"Za 27 sep. 2008","formattedDateShort":"Sep. 2008","formattedTime":"08:50","formattedDuration":"20m","formattedAvailabilityWindow":null,"formattedAvailabilityWindowShort":null,"image":{"portraitUrl":null,"landscapeUrl":"https:\/\/images.nlziet.nl\/metadataimportimages\/source\/76A5BAF5BB8570AD4AFD5C0D9D931F94506306A13562C7A61D53B0513AF683DE.jpg"},"logo":{"normalUrl":"https:\/\/cdn.nlziet.nl\/static\/assets\/contentproviders\/npo.png","darkUrl":"https:\/\/cdn.nlziet.nl\/static\/assets\/contentproviders\/dark\/npo.png","flatUrl":"https:\/\/cdn.nlziet.nl\/static\/assets\/contentproviders\/flat\/npo.png"},"tags":[],"seriesId":"7QrOqPrilEGeM3pgWB1w1A"},{"id":"5z6H0UdT6kSe9zk_fn1kvQ","type":"Vod","title":"Zappsport","subtitle":"Z@ppSport","description":"TROS - Sportmagazine voor de jeugd. Vast element is de spannende battle: Wie zijn er beter in een bepaalde sport: de jongens of de meisjes? Tevens kunnen kinderen met een sportprobleem de hulp inroepen van hun idool en stelt Ron Boszhard vragen tijdens een supersnel interview. Verder aandacht voor jong sporttalent, belangrijke kampioenschappen en je ziet de coolste sporttricks in The Move.","formattedEpisodeNumbering":null,"formattedDate":"Zo 21 sep. 2008","formattedDateShort":"Sep. 2008","formattedTime":"09:00","formattedDuration":"20m","formattedAvailabilityWindow":null,"formattedAvailabilityWindowShort":null,"image":{"portraitUrl":null,"landscapeUrl":"https:\/\/images.nlziet.nl\/metadataimportimages\/source\/76A5BAF5BB8570AD4AFD5C0D9D931F94506306A13562C7A61D53B0513AF683DE.jpg"},"logo":{"normalUrl":"https:\/\/cdn.nlziet.nl\/static\/assets\/contentproviders\/npo.png","darkUrl":"https:\/\/cdn.nlziet.nl\/static\/assets\/contentproviders\/dark\/npo.png","flatUrl":"https:\/\/cdn.nlziet.nl\/static\/assets\/contentproviders\/flat\/npo.png"},"tags":[],"seriesId":"7QrOqPrilEGeM3pgWB1w1A"},{"id":"7TURiadLtkahdTnYgrLJsA","type":"Vod","title":"Zappsport","subtitle":"Z@ppSport","description":"TROS - Sportmagazine voor de jeugd. Vast element is de spannende battle: Wie zijn er beter in een bepaalde sport: de jongens of de meisjes? Tevens kunnen kinderen met een sportprobleem de hulp inroepen van hun idool en stelt Ron Boszhard vragen tijdens een supersnel interview. Verder aandacht voor jong sporttalent, belangrijke kampioenschappen en je ziet de coolste sporttricks in The Move.","formattedEpisodeNumbering":null,"formattedDate":"Za 20 sep. 2008","formattedDateShort":"Sep. 2008","formattedTime":"08:50","formattedDuration":"15m","formattedAvailabilityWindow":null,"formattedAvailabilityWindowShort":null,"image":{"portraitUrl":null,"landscapeUrl":"https:\/\/images.nlziet.nl\/metadataimportimages\/source\/76A5BAF5BB8570AD4AFD5C0D9D931F94506306A13562C7A61D53B0513AF683DE.jpg"},"logo":{"normalUrl":"https:\/\/cdn.nlziet.nl\/static\/assets\/contentproviders\/npo.png","darkUrl":"https:\/\/cdn.nlziet.nl\/static\/assets\/contentproviders\/dark\/npo.png","flatUrl":"https:\/\/cdn.nlziet.nl\/static\/assets\/contentproviders\/flat\/npo.png"},"tags":[],"seriesId":"7QrOqPrilEGeM3pgWB1w1A"},{"id":"E_ecXE_FvE685860z81zrg","type":"Vod","title":"Zappsport","subtitle":"Z@ppSport","description":"TROS - Sportmagazine voor de jeugd. Vast element is de spannende battle: Wie zijn er beter in een bepaalde sport: de jongens of de meisjes? Tevens kunnen kinderen met een sportprobleem de hulp inroepen van hun idool en stelt Ron Boszhard vragen tijdens een supersnel interview. Verder aandacht voor jong sporttalent, belangrijke kampioenschappen en je ziet de coolste sporttricks in The Move.","formattedEpisodeNumbering":null,"formattedDate":"Zo 14 sep. 2008","formattedDateShort":"Sep. 2008","formattedTime":"09:00","formattedDuration":"15m","formattedAvailabilityWindow":null,"formattedAvailabilityWindowShort":null,"image":{"portraitUrl":null,"landscapeUrl":"https:\/\/images.nlziet.nl\/metadataimportimages\/source\/76A5BAF5BB8570AD4AFD5C0D9D931F94506306A13562C7A61D53B0513AF683DE.jpg"},"logo":{"normalUrl":"https:\/\/cdn.nlziet.nl\/static\/assets\/contentproviders\/npo.png","darkUrl":"https:\/\/cdn.nlziet.nl\/static\/assets\/contentproviders\/dark\/npo.png","flatUrl":"https:\/\/cdn.nlziet.nl\/static\/assets\/contentproviders\/flat\/npo.png"},"tags":[],"seriesId":"7QrOqPrilEGeM3pgWB1w1A"},{"id":"GIYcY44azk2DpuCFEH-UBw","type":"Vod","title":"Zappsport","subtitle":"Z@ppSport","description":"TROS - Sportmagazine voor de jeugd. Vast element is de spannende battle: Wie zijn er beter in een bepaalde sport: de jongens of de meisjes? Tevens kunnen kinderen met een sportprobleem de hulp inroepen van hun idool en stelt Ron Boszhard vragen tijdens een supersnel interview. Verder aandacht voor jong sporttalent, belangrijke kampioenschappen en je ziet de coolste sporttricks in The Move.","formattedEpisodeNumbering":null,"formattedDate":"Za 13 sep. 2008","formattedDateShort":"Sep. 2008","formattedTime":"08:50","formattedDuration":"20m","formattedAvailabilityWindow":null,"formattedAvailabilityWindowShort":null,"image":{"portraitUrl":null,"landscapeUrl":"https:\/\/images.nlziet.nl\/metadataimportimages\/source\/76A5BAF5BB8570AD4AFD5C0D9D931F94506306A13562C7A61D53B0513AF683DE.jpg"},"logo":{"normalUrl":"https:\/\/cdn.nlziet.nl\/static\/assets\/contentproviders\/npo.png","darkUrl":"https:\/\/cdn.nlziet.nl\/static\/assets\/contentproviders\/dark\/npo.png","flatUrl":"https:\/\/cdn.nlziet.nl\/static\/assets\/contentproviders\/flat\/npo.png"},"tags":[],"seriesId":"7QrOqPrilEGeM3pgWB1w1A"},{"id":"43F7KlvmaUCzaIfyScvbZw","type":"Vod","title":"Zappsport","subtitle":"Z@ppSport","description":"TROS - Sportmagazine voor de jeugd. Vast element is de spannende battle: Wie zijn er beter in een bepaalde sport: de jongens of de meisjes? Tevens kunnen kinderen met een sportprobleem de hulp inroepen van hun idool en stelt Ron Boszhard vragen tijdens een supersnel interview. Verder aandacht voor jong sporttalent, belangrijke kampioenschappen en je ziet de coolste sporttricks in The Move.","formattedEpisodeNumbering":null,"formattedDate":"Zo 7 sep. 2008","formattedDateShort":"Sep. 2008","formattedTime":"08:58","formattedDuration":"17m","formattedAvailabilityWindow":null,"formattedAvailabilityWindowShort":null,"image":{"portraitUrl":null,"landscapeUrl":"https:\/\/images.nlziet.nl\/metadataimportimages\/source\/76A5BAF5BB8570AD4AFD5C0D9D931F94506306A13562C7A61D53B0513AF683DE.jpg"},"logo":{"normalUrl":"https:\/\/cdn.nlziet.nl\/static\/assets\/contentproviders\/npo.png","darkUrl":"https:\/\/cdn.nlziet.nl\/static\/assets\/contentproviders\/dark\/npo.png","flatUrl":"https:\/\/cdn.nlziet.nl\/static\/assets\/contentproviders\/flat\/npo.png"},"tags":[],"seriesId":"7QrOqPrilEGeM3pgWB1w1A"},{"id":"ua34q2L0tU6WXCl6sP8AYw","type":"Vod","title":"Zappsport","subtitle":"Z@ppSport","description":"TROS - Sportmagazine voor de jeugd. Vast element is de spannende battle: Wie zijn er beter in een bepaalde sport: de jongens of de meisjes? Tevens kunnen kinderen met een sportprobleem de hulp inroepen van hun idool en stelt Ron Boszhard vragen tijdens een supersnel interview. Verder aandacht voor jong sporttalent, belangrijke kampioenschappen en je ziet de coolste sporttricks in The Move.","formattedEpisodeNumbering":null,"formattedDate":"Za 6 sep. 2008","formattedDateShort":"Sep. 2008","formattedTime":"08:50","formattedDuration":"15m","formattedAvailabilityWindow":null,"formattedAvailabilityWindowShort":null,"image":{"portraitUrl":null,"landscapeUrl":"https:\/\/images.nlziet.nl\/metadataimportimages\/source\/76A5BAF5BB8570AD4AFD5C0D9D931F94506306A13562C7A61D53B0513AF683DE.jpg"},"logo":{"normalUrl":"https:\/\/cdn.nlziet.nl\/static\/assets\/contentproviders\/npo.png","darkUrl":"https:\/\/cdn.nlziet.nl\/static\/assets\/contentproviders\/dark\/npo.png","flatUrl":"https:\/\/cdn.nlziet.nl\/static\/assets\/contentproviders\/flat\/npo.png"},"tags":[],"seriesId":"7QrOqPrilEGeM3pgWB1w1A"},{"id":"Z_ICbxb2GEuVLWXM4ceQGQ","type":"Vod","title":"Zappsport","subtitle":"Z@ppSport: Olympische Spelen","description":"TROS - serie specials waarin alles draait om de Olympische Zomerspelen, het grootste sportevenement van de wereld. Ook op de laatste dag van de Olympische Spelen staat in Z@ppsport het grootste sportevenement van de wereld centraal! Voordat hockeyster Minke Booij naar China ging, stapte ze bij Ron in zijn Peking Eend. In dit knalrode wagentje karden ze richting het trainingskamp, waar het Nederlands dameshockeyteam trainde voor de Spelen. Jong Oranje-voetballers Nordin Amrabat en Erik Pieters spelen Latjuh Trap. Daarna wordt bekend wie de winnaar is van een speciale award! Een portret van de vijftienjarige judoka Jordy. Hij droomt ervan om ooit deel te nemen aan de Spelen. Wordt hij de nieuwe Ruben Houkes? Verder antwoord op de vragen: welke filmsterren deden mee aan de Spelen en wat gebeurt er op de Olympische dagen in Amsterdam?","formattedEpisodeNumbering":null,"formattedDate":"Zo 24 aug. 2008","formattedDateShort":"Aug. 2008","formattedTime":"08:55","formattedDuration":"20m","formattedAvailabilityWindow":null,"formattedAvailabilityWindowShort":null,"image":{"portraitUrl":null,"landscapeUrl":"https:\/\/images.nlziet.nl\/metadataimportimages\/source\/76A5BAF5BB8570AD4AFD5C0D9D931F94506306A13562C7A61D53B0513AF683DE.jpg"},"logo":{"normalUrl":"https:\/\/cdn.nlziet.nl\/static\/assets\/contentproviders\/npo.png","darkUrl":"https:\/\/cdn.nlziet.nl\/static\/assets\/contentproviders\/dark\/npo.png","flatUrl":"https:\/\/cdn.nlziet.nl\/static\/assets\/contentproviders\/flat\/npo.png"},"tags":[],"seriesId":"7QrOqPrilEGeM3pgWB1w1A"},{"id":"55dxBQPMXEaCpx2Ri15I8A","type":"Vod","title":"Zappsport","subtitle":"Z@ppSport: Olympische Spelen","description":"TROS - serie specials waarin alles draait om de Olympische Zomerspelen, het grootste sportevenement van de wereld. We zien Ron Boszhard op pad in zijn Peking Eend, hij geeft een aantal topsporters een lift in dit knalrode wagentje. Met hockeyster Minke Booij, kogelstoter Rutger Smith, judoka Edith Bosch, zwemster Femke Heemskerk, zeilsters Lobke Berkhout en Marcelien de Koning en honkballer Sydney de Jong crosst hij naar het trainingskamp en ziet hij hoe ze zich klaarstomen voor de Spelen. Met het elftal van Jong Oranje speelt Ron Latje Trap. Welke speler scoort de meeste medailles? Verder aandacht voor kids die meedoen aan hun eigen Olympische Spelen en allerlei interessante en grappige weetjes over dit sportevenement.","formattedEpisodeNumbering":null,"formattedDate":"Zo 17 aug. 2008","formattedDateShort":"Aug. 2008","formattedTime":"08:45","formattedDuration":"15m","formattedAvailabilityWindow":null,"formattedAvailabilityWindowShort":null,"image":{"portraitUrl":null,"landscapeUrl":"https:\/\/images.nlziet.nl\/metadataimportimages\/source\/76A5BAF5BB8570AD4AFD5C0D9D931F94506306A13562C7A61D53B0513AF683DE.jpg"},"logo":{"normalUrl":"https:\/\/cdn.nlziet.nl\/static\/assets\/contentproviders\/npo.png","darkUrl":"https:\/\/cdn.nlziet.nl\/static\/assets\/contentproviders\/dark\/npo.png","flatUrl":"https:\/\/cdn.nlziet.nl\/static\/assets\/contentproviders\/flat\/npo.png"},"tags":[],"seriesId":"7QrOqPrilEGeM3pgWB1w1A"},{"id":"GmqBopfpBEKJpH7rCgP2Yw","type":"Vod","title":"Zappsport","subtitle":"Z@ppSport: Olympische Spelen","description":"TROS - serie specials waarin alles draait om de Olympische Zomerspelen, het grootste sportevenement van de wereld. We zien Ron Boszhard op pad in zijn Peking Eend, hij geeft een aantal topsporters een lift in dit knalrode wagentje. Met hockeyster Minke Booij, kogelstoter Rutger Smith, judoka Edith Bosch, zwemster Femke Heemskerk, zeilsters Lobke Berkhout en Marcelien de Koning en honkballer Sydney de Jong crosst hij naar het trainingskamp en ziet hij hoe ze zich klaarstomen voor de Spelen. Met het elftal van Jong Oranje speelt Ron Latje Trap. Welke speler scoort de meeste medailles? Verder aandacht voor kids die meedoen aan hun eigen Olympische Spelen en allerlei interessante en grappige weetjes over dit sportevenement.","formattedEpisodeNumbering":null,"formattedDate":"Za 16 aug. 2008","formattedDateShort":"Aug. 2008","formattedTime":"08:45","formattedDuration":"20m","formattedAvailabilityWindow":null,"formattedAvailabilityWindowShort":null,"image":{"portraitUrl":null,"landscapeUrl":"https:\/\/images.nlziet.nl\/metadataimportimages\/source\/76A5BAF5BB8570AD4AFD5C0D9D931F94506306A13562C7A61D53B0513AF683DE.jpg"},"logo":{"normalUrl":"https:\/\/cdn.nlziet.nl\/static\/assets\/contentproviders\/npo.png","darkUrl":"https:\/\/cdn.nlziet.nl\/static\/assets\/contentproviders\/dark\/npo.png","flatUrl":"https:\/\/cdn.nlziet.nl\/static\/assets\/contentproviders\/flat\/npo.png"},"tags":[],"seriesId":"7QrOqPrilEGeM3pgWB1w1A"},{"id":"Cu1bopl8EUKkzMJwtHJp0g","type":"Vod","title":"Zappsport","subtitle":"Z@ppSport: Olympische Spelen","description":"TROS - serie specials waarin alles draait om de Olympische Zomerspelen, het grootste sportevenement van de wereld. We zien Ron Boszhard op pad in zijn Peking Eend, hij geeft een aantal topsporters een lift in dit knalrode wagentje. Met hockeyster Minke Booij, kogelstoter Rutger Smith, judoka Edith Bosch, zwemster Femke Heemskerk, zeilsters Lobke Berkhout en Marcelien de Koning en honkballer Sydney de Jong crosst hij naar het trainingskamp en ziet hij hoe ze zich klaarstomen voor de Spelen. Met het elftal van Jong Oranje speelt Ron Latje Trap. Welke speler scoort de meeste medailles? Verder aandacht voor kids die meedoen aan hun eigen Olympische Spelen en allerlei interessante en grappige weetjes over dit sportevenement.","formattedEpisodeNumbering":null,"formattedDate":"Zo 10 aug. 2008","formattedDateShort":"Aug. 2008","formattedTime":"08:45","formattedDuration":"20m","formattedAvailabilityWindow":null,"formattedAvailabilityWindowShort":null,"image":{"portraitUrl":null,"landscapeUrl":"https:\/\/images.nlziet.nl\/metadataimportimages\/source\/76A5BAF5BB8570AD4AFD5C0D9D931F94506306A13562C7A61D53B0513AF683DE.jpg"},"logo":{"normalUrl":"https:\/\/cdn.nlziet.nl\/static\/assets\/contentproviders\/npo.png","darkUrl":"https:\/\/cdn.nlziet.nl\/static\/assets\/contentproviders\/dark\/npo.png","flatUrl":"https:\/\/cdn.nlziet.nl\/static\/assets\/contentproviders\/flat\/npo.png"},"tags":[],"seriesId":"7QrOqPrilEGeM3pgWB1w1A"},{"id":"K7_onhK_2kGlTIUSjxcRWw","type":"Vod","title":"Zappsport","subtitle":"Z@ppSport: Olympische Spelen","description":"TROS - serie specials waarin alles draait om de Olympische Zomerspelen, het grootste sportevenement van de wereld. We zien Ron Boszhard op pad in zijn Peking Eend, hij geeft een aantal topsporters een lift in dit knalrode wagentje. Met hockeyster Minke Booij, kogelstoter Rutger Smith, judoka Edith Bosch, zwemster Femke Heemskerk, zeilsters Lobke Berkhout en Marcelien de Koning en honkballer Sydney de Jong crosst hij naar het trainingskamp en ziet hij hoe ze zich klaarstomen voor de Spelen. Met het elftal van Jong Oranje speelt Ron Latje Trap. Welke speler scoort de meeste medailles? Verder aandacht voor kids die meedoen aan hun eigen Olympische Spelen en allerlei interessante en grappige weetjes over dit sportevenement.","formattedEpisodeNumbering":null,"formattedDate":"Za 9 aug. 2008","formattedDateShort":"Aug. 2008","formattedTime":"08:52","formattedDuration":"18m","formattedAvailabilityWindow":null,"formattedAvailabilityWindowShort":null,"image":{"portraitUrl":null,"landscapeUrl":"https:\/\/images.nlziet.nl\/metadataimportimages\/source\/76A5BAF5BB8570AD4AFD5C0D9D931F94506306A13562C7A61D53B0513AF683DE.jpg"},"logo":{"normalUrl":"https:\/\/cdn.nlziet.nl\/static\/assets\/contentproviders\/npo.png","darkUrl":"https:\/\/cdn.nlziet.nl\/static\/assets\/contentproviders\/dark\/npo.png","flatUrl":"https:\/\/cdn.nlziet.nl\/static\/assets\/contentproviders\/flat\/npo.png"},"tags":[],"seriesId":"7QrOqPrilEGeM3pgWB1w1A"},{"id":"7pJa-OuBMkuUwXyB74xMVQ","type":"Vod","title":"Zappsport","subtitle":"Z@ppSport","description":"TROS - Sportmagazine voor de jeugd. Vast element is de spannende battle: Wie zijn er beter in een bepaalde sport: de jongens of de meisjes? Tevens kunnen kinderen met een sportprobleem de hulp inroepen van hun idool en stelt Ron Boszhard vragen tijdens een supersnel interview. Ook is er aandacht voor Kids Soccer, h\u00e9t voetbalevenement voor de jeugd waar grote talenten zijn ontdekt. De deelnemers dromen er dan ook van om prof te worden! Verder volgen we jong sporttalent dat meedoet aan een belangrijk toernooi en zie je de coolste sporttricks in de Move.","formattedEpisodeNumbering":null,"formattedDate":"Zo 1 jun. 2008","formattedDateShort":"Jun. 2008","formattedTime":"08:50","formattedDuration":"15m","formattedAvailabilityWindow":null,"formattedAvailabilityWindowShort":null,"image":{"portraitUrl":null,"landscapeUrl":"https:\/\/images.nlziet.nl\/metadataimportimages\/source\/76A5BAF5BB8570AD4AFD5C0D9D931F94506306A13562C7A61D53B0513AF683DE.jpg"},"logo":{"normalUrl":"https:\/\/cdn.nlziet.nl\/static\/assets\/contentproviders\/npo.png","darkUrl":"https:\/\/cdn.nlziet.nl\/static\/assets\/contentproviders\/dark\/npo.png","flatUrl":"https:\/\/cdn.nlziet.nl\/static\/assets\/contentproviders\/flat\/npo.png"},"tags":[],"seriesId":"7QrOqPrilEGeM3pgWB1w1A"},{"id":"1ZGPOyB-OEyeJOJYpANQzg","type":"Vod","title":"Zappsport","subtitle":"Z@ppSport","description":"TROS - Sportmagazine voor de jeugd. Vast element is de spannende battle: Wie zijn er beter in een bepaalde sport: de jongens of de meisjes? Tevens kunnen kinderen met een sportprobleem de hulp inroepen van hun idool en stelt Ron Boszhard vragen tijdens een supersnel interview. Ook is er aandacht voor Kids Soccer, h\u00e9t voetbalevenement voor de jeugd waar grote talenten zijn ontdekt. De deelnemers dromen er dan ook van om prof te worden! Verder volgen we jong sporttalent dat meedoet aan een belangrijk toernooi en zie je de coolste sporttricks in de Move.","formattedEpisodeNumbering":null,"formattedDate":"Za 31 mei. 2008","formattedDateShort":"Mei. 2008","formattedTime":"08:45","formattedDuration":"20m","formattedAvailabilityWindow":null,"formattedAvailabilityWindowShort":null,"image":{"portraitUrl":null,"landscapeUrl":"https:\/\/images.nlziet.nl\/metadataimportimages\/source\/76A5BAF5BB8570AD4AFD5C0D9D931F94506306A13562C7A61D53B0513AF683DE.jpg"},"logo":{"normalUrl":"https:\/\/cdn.nlziet.nl\/static\/assets\/contentproviders\/npo.png","darkUrl":"https:\/\/cdn.nlziet.nl\/static\/assets\/contentproviders\/dark\/npo.png","flatUrl":"https:\/\/cdn.nlziet.nl\/static\/assets\/contentproviders\/flat\/npo.png"},"tags":[],"seriesId":"7QrOqPrilEGeM3pgWB1w1A"},{"id":"QrT1WOzBP0i04QGkrTgTRw","type":"Vod","title":"Zappsport","subtitle":"Z@ppSport","description":"TROS - Sportmagazine voor de jeugd. Vast element is de spannende battle: Wie zijn er beter in een bepaalde sport: de jongens of de meisjes? Tevens kunnen kinderen met een sportprobleem de hulp inroepen van hun idool en stelt Ron Boszhard vragen tijdens een supersnel interview. Ook is er aandacht voor Kids Soccer, h\u00e9t voetbalevenement voor de jeugd waar grote talenten zijn ontdekt. De deelnemers dromen er dan ook van om prof te worden! Verder volgen we jong sporttalent dat meedoet aan een belangrijk toernooi en zie je de coolste sporttricks in de Move.","formattedEpisodeNumbering":null,"formattedDate":"Zo 25 mei. 2008","formattedDateShort":"Mei. 2008","formattedTime":"08:50","formattedDuration":"20m","formattedAvailabilityWindow":null,"formattedAvailabilityWindowShort":null,"image":{"portraitUrl":null,"landscapeUrl":"https:\/\/images.nlziet.nl\/metadataimportimages\/source\/76A5BAF5BB8570AD4AFD5C0D9D931F94506306A13562C7A61D53B0513AF683DE.jpg"},"logo":{"normalUrl":"https:\/\/cdn.nlziet.nl\/static\/assets\/contentproviders\/npo.png","darkUrl":"https:\/\/cdn.nlziet.nl\/static\/assets\/contentproviders\/dark\/npo.png","flatUrl":"https:\/\/cdn.nlziet.nl\/static\/assets\/contentproviders\/flat\/npo.png"},"tags":[],"seriesId":"7QrOqPrilEGeM3pgWB1w1A"},{"id":"W_vWmoqsJkqGWItcOfQ8Og","type":"Vod","title":"Zappsport","subtitle":"Z@ppSport","description":"TROS - Sportmagazine voor de jeugd. Vast element is de spannende battle: Wie zijn er beter in een bepaalde sport: de jongens of de meisjes? Tevens kunnen kinderen met een sportprobleem de hulp inroepen van hun idool en stelt Ron Boszhard vragen tijdens een supersnel interview. Ook is er aandacht voor Kids Soccer, h\u00e9t voetbalevenement voor de jeugd waar grote talenten zijn ontdekt. De deelnemers dromen er dan ook van om prof te worden! Verder volgen we jong sporttalent dat meedoet aan een belangrijk toernooi en zie je de coolste sporttricks in de Move.","formattedEpisodeNumbering":null,"formattedDate":"Za 24 mei. 2008","formattedDateShort":"Mei. 2008","formattedTime":"08:45","formattedDuration":"20m","formattedAvailabilityWindow":null,"formattedAvailabilityWindowShort":null,"image":{"portraitUrl":null,"landscapeUrl":"https:\/\/images.nlziet.nl\/metadataimportimages\/source\/76A5BAF5BB8570AD4AFD5C0D9D931F94506306A13562C7A61D53B0513AF683DE.jpg"},"logo":{"normalUrl":"https:\/\/cdn.nlziet.nl\/static\/assets\/contentproviders\/npo.png","darkUrl":"https:\/\/cdn.nlziet.nl\/static\/assets\/contentproviders\/dark\/npo.png","flatUrl":"https:\/\/cdn.nlziet.nl\/static\/assets\/contentproviders\/flat\/npo.png"},"tags":[],"seriesId":"7QrOqPrilEGeM3pgWB1w1A"},{"id":"NHBNridu9UirBHKK4rI6TQ","type":"Vod","title":"Zappsport","subtitle":"Z@ppSport","description":"TROS - Sportmagazine voor de jeugd. Vast element is de spannende battle: Wie zijn er beter in een bepaalde sport: de jongens of de meisjes? Tevens kunnen kinderen met een sportprobleem de hulp inroepen van hun idool en stelt Ron Boszhard vragen tijdens een supersnel interview. Ook is er aandacht voor Kids Soccer, h\u00e9t voetbalevenement voor de jeugd waar grote talenten zijn ontdekt. De deelnemers dromen er dan ook van om prof te worden! Verder volgen we jong sporttalent dat meedoet aan een belangrijk toernooi en zie je de coolste sporttricks in de Move.","formattedEpisodeNumbering":null,"formattedDate":"Zo 18 mei. 2008","formattedDateShort":"Mei. 2008","formattedTime":"08:50","formattedDuration":"15m","formattedAvailabilityWindow":null,"formattedAvailabilityWindowShort":null,"image":{"portraitUrl":null,"landscapeUrl":"https:\/\/images.nlziet.nl\/metadataimportimages\/source\/76A5BAF5BB8570AD4AFD5C0D9D931F94506306A13562C7A61D53B0513AF683DE.jpg"},"logo":{"normalUrl":"https:\/\/cdn.nlziet.nl\/static\/assets\/contentproviders\/npo.png","darkUrl":"https:\/\/cdn.nlziet.nl\/static\/assets\/contentproviders\/dark\/npo.png","flatUrl":"https:\/\/cdn.nlziet.nl\/static\/assets\/contentproviders\/flat\/npo.png"},"tags":[],"seriesId":"7QrOqPrilEGeM3pgWB1w1A"},{"id":"HhkM3jkI7EiHQvHeEnprsA","type":"Vod","title":"Zappsport","subtitle":"Z@ppSport","description":"TROS - Sportmagazine voor de jeugd. Vast element is de spannende battle: Wie zijn er beter in een bepaalde sport: de jongens of de meisjes? Tevens kunnen kinderen met een sportprobleem de hulp inroepen van hun idool en stelt Ron Boszhard vragen tijdens een supersnel interview. Ook is er aandacht voor Kids Soccer, h\u00e9t voetbalevenement voor de jeugd waar grote talenten zijn ontdekt. De deelnemers dromen er dan ook van om prof te worden! Verder volgen we jong sporttalent dat meedoet aan een belangrijk toernooi en zie je de coolste sporttricks in de Move.","formattedEpisodeNumbering":null,"formattedDate":"Za 17 mei. 2008","formattedDateShort":"Mei. 2008","formattedTime":"08:48","formattedDuration":"17m","formattedAvailabilityWindow":null,"formattedAvailabilityWindowShort":null,"image":{"portraitUrl":null,"landscapeUrl":"https:\/\/images.nlziet.nl\/metadataimportimages\/source\/76A5BAF5BB8570AD4AFD5C0D9D931F94506306A13562C7A61D53B0513AF683DE.jpg"},"logo":{"normalUrl":"https:\/\/cdn.nlziet.nl\/static\/assets\/contentproviders\/npo.png","darkUrl":"https:\/\/cdn.nlziet.nl\/static\/assets\/contentproviders\/dark\/npo.png","flatUrl":"https:\/\/cdn.nlziet.nl\/static\/assets\/contentproviders\/flat\/npo.png"},"tags":[],"seriesId":"7QrOqPrilEGeM3pgWB1w1A"},{"id":"-AcVONtLjEGanC7vfrZQtw","type":"Vod","title":"Zappsport","subtitle":"Z@ppSport","description":"TROS - Sportmagazine voor de jeugd. Vast element is de spannende battle: Wie zijn er beter in een bepaalde sport: de jongens of de meisjes? Tevens kunnen kinderen met een sportprobleem de hulp inroepen van hun idool en stelt Ron Boszhard vragen tijdens een supersnel interview. Ook is er aandacht voor Kids Soccer, h\u00e9t voetbalevenement voor de jeugd waar grote talenten zijn ontdekt. De deelnemers dromen er dan ook van om prof te worden! Verder volgen we jong sporttalent dat meedoet aan een belangrijk toernooi en zie je de coolste sporttricks in de Move.","formattedEpisodeNumbering":null,"formattedDate":"Zo 11 mei. 2008","formattedDateShort":"Mei. 2008","formattedTime":"08:50","formattedDuration":"15m","formattedAvailabilityWindow":null,"formattedAvailabilityWindowShort":null,"image":{"portraitUrl":null,"landscapeUrl":"https:\/\/images.nlziet.nl\/metadataimportimages\/source\/76A5BAF5BB8570AD4AFD5C0D9D931F94506306A13562C7A61D53B0513AF683DE.jpg"},"logo":{"normalUrl":"https:\/\/cdn.nlziet.nl\/static\/assets\/contentproviders\/npo.png","darkUrl":"https:\/\/cdn.nlziet.nl\/static\/assets\/contentproviders\/dark\/npo.png","flatUrl":"https:\/\/cdn.nlziet.nl\/static\/assets\/contentproviders\/flat\/npo.png"},"tags":[],"seriesId":"7QrOqPrilEGeM3pgWB1w1A"},{"id":"yDgrH-eWFkK8_E1hbbHvHQ","type":"Vod","title":"Zappsport","subtitle":"Z@ppSport","description":"TROS - Sportmagazine voor de jeugd. Vast element is de spannende battle: Wie zijn er beter in een bepaalde sport: de jongens of de meisjes? Tevens kunnen kinderen met een sportprobleem de hulp inroepen van hun idool en stelt Ron Boszhard vragen tijdens een supersnel interview. Ook is er aandacht voor Kids Soccer, h\u00e9t voetbalevenement voor de jeugd waar grote talenten zijn ontdekt. De deelnemers dromen er dan ook van om prof te worden! Verder volgen we jong sporttalent dat meedoet aan een belangrijk toernooi en zie je de coolste sporttricks in de Move.","formattedEpisodeNumbering":null,"formattedDate":"Za 10 mei. 2008","formattedDateShort":"Mei. 2008","formattedTime":"08:45","formattedDuration":"20m","formattedAvailabilityWindow":null,"formattedAvailabilityWindowShort":null,"image":{"portraitUrl":null,"landscapeUrl":"https:\/\/images.nlziet.nl\/metadataimportimages\/source\/76A5BAF5BB8570AD4AFD5C0D9D931F94506306A13562C7A61D53B0513AF683DE.jpg"},"logo":{"normalUrl":"https:\/\/cdn.nlziet.nl\/static\/assets\/contentproviders\/npo.png","darkUrl":"https:\/\/cdn.nlziet.nl\/static\/assets\/contentproviders\/dark\/npo.png","flatUrl":"https:\/\/cdn.nlziet.nl\/static\/assets\/contentproviders\/flat\/npo.png"},"tags":[],"seriesId":"7QrOqPrilEGeM3pgWB1w1A"},{"id":"jHOX0mtzP0SsVE3Iog7UKg","type":"Vod","title":"Zappsport","subtitle":"Z@ppSport","description":"TROS - Sportmagazine voor de jeugd. Vast element is de spannende battle: Wie zijn er beter in een bepaalde sport: de jongens of de meisjes? Tevens kunnen kinderen met een sportprobleem de hulp inroepen van hun idool en stelt Ron Boszhard vragen tijdens een supersnel interview. Ook is er aandacht voor Kids Soccer, h\u00e9t voetbalevenement voor de jeugd waar grote talenten zijn ontdekt. De deelnemers dromen er dan ook van om prof te worden! Verder volgen we jong sporttalent dat meedoet aan een belangrijk toernooi en zie je de coolste sporttricks in de Move.","formattedEpisodeNumbering":null,"formattedDate":"Zo 4 mei. 2008","formattedDateShort":"Mei. 2008","formattedTime":"08:45","formattedDuration":"20m","formattedAvailabilityWindow":null,"formattedAvailabilityWindowShort":null,"image":{"portraitUrl":null,"landscapeUrl":"https:\/\/images.nlziet.nl\/metadataimportimages\/source\/76A5BAF5BB8570AD4AFD5C0D9D931F94506306A13562C7A61D53B0513AF683DE.jpg"},"logo":{"normalUrl":"https:\/\/cdn.nlziet.nl\/static\/assets\/contentproviders\/npo.png","darkUrl":"https:\/\/cdn.nlziet.nl\/static\/assets\/contentproviders\/dark\/npo.png","flatUrl":"https:\/\/cdn.nlziet.nl\/static\/assets\/contentproviders\/flat\/npo.png"},"tags":[],"seriesId":"7QrOqPrilEGeM3pgWB1w1A"},{"id":"gtsyj9YAhUOmujzoeUY2hg","type":"Vod","title":"Zappsport","subtitle":"Z@ppSport","description":"TROS - Sportmagazine voor de jeugd. Vast element is de spannende battle: Wie zijn er beter in een bepaalde sport: de jongens of de meisjes? Tevens kunnen kinderen met een sportprobleem de hulp inroepen van hun idool en stelt Ron Boszhard vragen tijdens een supersnel interview. Ook is er aandacht voor Kids Soccer, h\u00e9t voetbalevenement voor de jeugd waar grote talenten zijn ontdekt. De deelnemers dromen er dan ook van om prof te worden! Verder volgen we jong sporttalent dat meedoet aan een belangrijk toernooi en zie je de coolste sporttricks in de Move.","formattedEpisodeNumbering":null,"formattedDate":"Za 3 mei. 2008","formattedDateShort":"Mei. 2008","formattedTime":"08:45","formattedDuration":"20m","formattedAvailabilityWindow":null,"formattedAvailabilityWindowShort":null,"image":{"portraitUrl":null,"landscapeUrl":"https:\/\/images.nlziet.nl\/metadataimportimages\/source\/76A5BAF5BB8570AD4AFD5C0D9D931F94506306A13562C7A61D53B0513AF683DE.jpg"},"logo":{"normalUrl":"https:\/\/cdn.nlziet.nl\/static\/assets\/contentproviders\/npo.png","darkUrl":"https:\/\/cdn.nlziet.nl\/static\/assets\/contentproviders\/dark\/npo.png","flatUrl":"https:\/\/cdn.nlziet.nl\/static\/assets\/contentproviders\/flat\/npo.png"},"tags":[],"seriesId":"7QrOqPrilEGeM3pgWB1w1A"},{"id":"FqVb35ctxkW1_Z46tOy1Sg","type":"Vod","title":"Zappsport","subtitle":"Z@ppSport","description":"TROS - Sportmagazine voor de jeugd. Vast element is de spannende battle: Wie zijn er beter in een bepaalde sport: de jongens of de meisjes? Tevens kunnen kinderen met een sportprobleem de hulp inroepen van hun idool en stelt Ron Boszhard vragen tijdens een supersnel interview. Ook is er aandacht voor Kids Soccer, h\u00e9t voetbalevenement voor de jeugd waar grote talenten zijn ontdekt. De deelnemers dromen er dan ook van om prof te worden! Verder volgen we jong sporttalent dat meedoet aan een belangrijk toernooi en zie je de coolste sporttricks in de Move.","formattedEpisodeNumbering":null,"formattedDate":"Zo 27 apr. 2008","formattedDateShort":"Apr. 2008","formattedTime":"08:50","formattedDuration":"15m","formattedAvailabilityWindow":null,"formattedAvailabilityWindowShort":null,"image":{"portraitUrl":null,"landscapeUrl":"https:\/\/images.nlziet.nl\/metadataimportimages\/source\/76A5BAF5BB8570AD4AFD5C0D9D931F94506306A13562C7A61D53B0513AF683DE.jpg"},"logo":{"normalUrl":"https:\/\/cdn.nlziet.nl\/static\/assets\/contentproviders\/npo.png","darkUrl":"https:\/\/cdn.nlziet.nl\/static\/assets\/contentproviders\/dark\/npo.png","flatUrl":"https:\/\/cdn.nlziet.nl\/static\/assets\/contentproviders\/flat\/npo.png"},"tags":[],"seriesId":"7QrOqPrilEGeM3pgWB1w1A"},{"id":"zHkbb__7FUW7sRIgn3WBEg","type":"Vod","title":"Zappsport","subtitle":"Z@ppSport","description":"TROS - Sportmagazine voor de jeugd. Vast element is de spannende battle: Wie zijn er beter in een bepaalde sport: de jongens of de meisjes? Tevens kunnen kinderen met een sportprobleem de hulp inroepen van hun idool en stelt Ron Boszhard vragen tijdens een supersnel interview. Ook is er aandacht voor Kids Soccer, h\u00e9t voetbalevenement voor de jeugd waar grote talenten zijn ontdekt. De deelnemers dromen er dan ook van om prof te worden! Verder volgen we jong sporttalent dat meedoet aan een belangrijk toernooi en zie je de coolste sporttricks in de Move.","formattedEpisodeNumbering":null,"formattedDate":"Za 26 apr. 2008","formattedDateShort":"Apr. 2008","formattedTime":"08:45","formattedDuration":"20m","formattedAvailabilityWindow":null,"formattedAvailabilityWindowShort":null,"image":{"portraitUrl":null,"landscapeUrl":"https:\/\/images.nlziet.nl\/metadataimportimages\/source\/76A5BAF5BB8570AD4AFD5C0D9D931F94506306A13562C7A61D53B0513AF683DE.jpg"},"logo":{"normalUrl":"https:\/\/cdn.nlziet.nl\/static\/assets\/contentproviders\/npo.png","darkUrl":"https:\/\/cdn.nlziet.nl\/static\/assets\/contentproviders\/dark\/npo.png","flatUrl":"https:\/\/cdn.nlziet.nl\/static\/assets\/contentproviders\/flat\/npo.png"},"tags":[],"seriesId":"7QrOqPrilEGeM3pgWB1w1A"},{"id":"ADdy7fPUJk-CEfT7i9h66A","type":"Vod","title":"Zappsport","subtitle":"Z@ppSport","description":"TROS - Sportmagazine voor de jeugd. Vast element is de spannende battle: Wie zijn er beter in een bepaalde sport: de jongens of de meisjes? Tevens kunnen kinderen met een sportprobleem de hulp inroepen van hun idool en stelt Ron Boszhard vragen tijdens een supersnel interview. Ook is er aandacht voor Kids Soccer, h\u00e9t voetbalevenement voor de jeugd waar grote talenten zijn ontdekt. De deelnemers dromen er dan ook van om prof te worden! Verder volgen we jong sporttalent dat meedoet aan een belangrijk toernooi en zie je de coolste sporttricks in de Move.","formattedEpisodeNumbering":null,"formattedDate":"Zo 20 apr. 2008","formattedDateShort":"Apr. 2008","formattedTime":"08:45","formattedDuration":"20m","formattedAvailabilityWindow":null,"formattedAvailabilityWindowShort":null,"image":{"portraitUrl":null,"landscapeUrl":"https:\/\/images.nlziet.nl\/metadataimportimages\/source\/76A5BAF5BB8570AD4AFD5C0D9D931F94506306A13562C7A61D53B0513AF683DE.jpg"},"logo":{"normalUrl":"https:\/\/cdn.nlziet.nl\/static\/assets\/contentproviders\/npo.png","darkUrl":"https:\/\/cdn.nlziet.nl\/static\/assets\/contentproviders\/dark\/npo.png","flatUrl":"https:\/\/cdn.nlziet.nl\/static\/assets\/contentproviders\/flat\/npo.png"},"tags":[],"seriesId":"7QrOqPrilEGeM3pgWB1w1A"},{"id":"MJzciyFOoEOnH6MWsV9CFg","type":"Vod","title":"Zappsport","subtitle":"Z@ppSport","description":"TROS - Sportmagazine voor de jeugd. Vast element is de spannende battle: Wie zijn er beter in een bepaalde sport: de jongens of de meisjes? Tevens kunnen kinderen met een sportprobleem de hulp inroepen van hun idool en stelt Ron Boszhard vragen tijdens een supersnel interview. Ook is er aandacht voor Kids Soccer, h\u00e9t voetbalevenement voor de jeugd waar grote talenten zijn ontdekt. De deelnemers dromen er dan ook van om prof te worden! Verder volgen we jong sporttalent dat meedoet aan een belangrijk toernooi en zie je de coolste sporttricks in de Move.","formattedEpisodeNumbering":null,"formattedDate":"Za 19 apr. 2008","formattedDateShort":"Apr. 2008","formattedTime":"08:45","formattedDuration":"20m","formattedAvailabilityWindow":null,"formattedAvailabilityWindowShort":null,"image":{"portraitUrl":null,"landscapeUrl":"https:\/\/images.nlziet.nl\/metadataimportimages\/source\/76A5BAF5BB8570AD4AFD5C0D9D931F94506306A13562C7A61D53B0513AF683DE.jpg"},"logo":{"normalUrl":"https:\/\/cdn.nlziet.nl\/static\/assets\/contentproviders\/npo.png","darkUrl":"https:\/\/cdn.nlziet.nl\/static\/assets\/contentproviders\/dark\/npo.png","flatUrl":"https:\/\/cdn.nlziet.nl\/static\/assets\/contentproviders\/flat\/npo.png"},"tags":[],"seriesId":"7QrOqPrilEGeM3pgWB1w1A"},{"id":"N5zvOKN_AUeFjeaooJp_SQ","type":"Vod","title":"Zappsport","subtitle":"Z@ppSport","description":"TROS - Sportmagazine voor de jeugd. Vast element is de spannende battle: Wie zijn er beter in een bepaalde sport: de jongens of de meisjes? Tevens kunnen kinderen met een sportprobleem de hulp inroepen van hun idool en stelt Ron Boszhard vragen tijdens een supersnel interview. Ook is er aandacht voor Kids Soccer, h\u00e9t voetbalevenement voor de jeugd waar grote talenten zijn ontdekt. De deelnemers dromen er dan ook van om prof te worden! Verder volgen we jong sporttalent dat meedoet aan een belangrijk toernooi en zie je de coolste sporttricks in de Move.","formattedEpisodeNumbering":null,"formattedDate":"Zo 13 apr. 2008","formattedDateShort":"Apr. 2008","formattedTime":"08:48","formattedDuration":"17m","formattedAvailabilityWindow":null,"formattedAvailabilityWindowShort":null,"image":{"portraitUrl":null,"landscapeUrl":"https:\/\/images.nlziet.nl\/metadataimportimages\/source\/76A5BAF5BB8570AD4AFD5C0D9D931F94506306A13562C7A61D53B0513AF683DE.jpg"},"logo":{"normalUrl":"https:\/\/cdn.nlziet.nl\/static\/assets\/contentproviders\/npo.png","darkUrl":"https:\/\/cdn.nlziet.nl\/static\/assets\/contentproviders\/dark\/npo.png","flatUrl":"https:\/\/cdn.nlziet.nl\/static\/assets\/contentproviders\/flat\/npo.png"},"tags":[],"seriesId":"7QrOqPrilEGeM3pgWB1w1A"},{"id":"HTMPLR3rak-neKzqZ0ww5A","type":"Vod","title":"Zappsport","subtitle":"Z@ppSport","description":"TROS - Sportmagazine voor de jeugd. Vast element is de spannende battle: Wie zijn er beter in een bepaalde sport: de jongens of de meisjes? Tevens kunnen kinderen met een sportprobleem de hulp inroepen van hun idool en stelt Ron Boszhard vragen tijdens een supersnel interview. Ook is er aandacht voor Kids Soccer, h\u00e9t voetbalevenement voor de jeugd waar grote talenten zijn ontdekt. De deelnemers dromen er dan ook van om prof te worden! Verder volgen we jong sporttalent dat meedoet aan een belangrijk toernooi en zie je de coolste sporttricks in de Move.","formattedEpisodeNumbering":null,"formattedDate":"Za 12 apr. 2008","formattedDateShort":"Apr. 2008","formattedTime":"08:45","formattedDuration":"20m","formattedAvailabilityWindow":null,"formattedAvailabilityWindowShort":null,"image":{"portraitUrl":null,"landscapeUrl":"https:\/\/images.nlziet.nl\/metadataimportimages\/source\/76A5BAF5BB8570AD4AFD5C0D9D931F94506306A13562C7A61D53B0513AF683DE.jpg"},"logo":{"normalUrl":"https:\/\/cdn.nlziet.nl\/static\/assets\/contentproviders\/npo.png","darkUrl":"https:\/\/cdn.nlziet.nl\/static\/assets\/contentproviders\/dark\/npo.png","flatUrl":"https:\/\/cdn.nlziet.nl\/static\/assets\/contentproviders\/flat\/npo.png"},"tags":[],"seriesId":"7QrOqPrilEGeM3pgWB1w1A"},{"id":"PFC3vcGhq0Sq7-vFcexFxA","type":"Vod","title":"Zappsport","subtitle":"Z@ppSport","description":"TROS - Sportmagazine voor de jeugd. Vast element is de spannende battle: Wie zijn er beter in een bepaalde sport: de jongens of de meisjes? Tevens kunnen kinderen met een sportprobleem de hulp inroepen van hun idool en stelt Ron Boszhard vragen tijdens een supersnel interview. Ook is er aandacht voor Kids Soccer, h\u00e9t voetbalevenement voor de jeugd waar grote talenten zijn ontdekt. De deelnemers dromen er dan ook van om prof te worden! Verder volgen we jong sporttalent dat meedoet aan een belangrijk toernooi en zie je de coolste sporttricks in de Move.","formattedEpisodeNumbering":null,"formattedDate":"Zo 6 apr. 2008","formattedDateShort":"Apr. 2008","formattedTime":"08:50","formattedDuration":"15m","formattedAvailabilityWindow":null,"formattedAvailabilityWindowShort":null,"image":{"portraitUrl":null,"landscapeUrl":"https:\/\/images.nlziet.nl\/metadataimportimages\/source\/76A5BAF5BB8570AD4AFD5C0D9D931F94506306A13562C7A61D53B0513AF683DE.jpg"},"logo":{"normalUrl":"https:\/\/cdn.nlziet.nl\/static\/assets\/contentproviders\/npo.png","darkUrl":"https:\/\/cdn.nlziet.nl\/static\/assets\/contentproviders\/dark\/npo.png","flatUrl":"https:\/\/cdn.nlziet.nl\/static\/assets\/contentproviders\/flat\/npo.png"},"tags":[],"seriesId":"7QrOqPrilEGeM3pgWB1w1A"},{"id":"KXnYzdwwvUC0s742KaqWgQ","type":"Vod","title":"Zappsport","subtitle":"Z@ppSport","description":"TROS - Sportmagazine voor de jeugd. Vast element is de spannende battle: Wie zijn er beter in een bepaalde sport: de jongens of de meisjes? Tevens kunnen kinderen met een sportprobleem de hulp inroepen van hun idool en stelt Ron Boszhard vragen tijdens een supersnel interview. Ook is er aandacht voor Kids Soccer, h\u00e9t voetbalevenement voor de jeugd waar grote talenten zijn ontdekt. De deelnemers dromen er dan ook van om prof te worden! Verder volgen we jong sporttalent dat meedoet aan een belangrijk toernooi en zie je de coolste sporttricks in de Move.","formattedEpisodeNumbering":null,"formattedDate":"Za 5 apr. 2008","formattedDateShort":"Apr. 2008","formattedTime":"08:45","formattedDuration":"20m","formattedAvailabilityWindow":null,"formattedAvailabilityWindowShort":null,"image":{"portraitUrl":null,"landscapeUrl":"https:\/\/images.nlziet.nl\/metadataimportimages\/source\/76A5BAF5BB8570AD4AFD5C0D9D931F94506306A13562C7A61D53B0513AF683DE.jpg"},"logo":{"normalUrl":"https:\/\/cdn.nlziet.nl\/static\/assets\/contentproviders\/npo.png","darkUrl":"https:\/\/cdn.nlziet.nl\/static\/assets\/contentproviders\/dark\/npo.png","flatUrl":"https:\/\/cdn.nlziet.nl\/static\/assets\/contentproviders\/flat\/npo.png"},"tags":[],"seriesId":"7QrOqPrilEGeM3pgWB1w1A"},{"id":"ylorPKVqhEaApknxoJff6Q","type":"Vod","title":"Zappsport","subtitle":"Z@ppSport","description":"TROS - Sportmagazine voor de jeugd. Vast element is de spannende battle: Wie zijn er beter in een bepaalde sport: de jongens of de meisjes? Tevens kunnen kinderen met een sportprobleem de hulp inroepen van hun idool en stelt Ron Boszhard vragen tijdens een supersnel interview. Ook is er aandacht voor Kids Soccer, h\u00e9t voetbalevenement voor de jeugd waar grote talenten zijn ontdekt. De deelnemers dromen er dan ook van om prof te worden! Verder volgen we jong sporttalent dat meedoet aan een belangrijk toernooi en zie je de coolste sporttricks in de Move.","formattedEpisodeNumbering":null,"formattedDate":"Zo 30 mrt. 2008","formattedDateShort":"Mrt. 2008","formattedTime":"08:45","formattedDuration":"20m","formattedAvailabilityWindow":null,"formattedAvailabilityWindowShort":null,"image":{"portraitUrl":null,"landscapeUrl":"https:\/\/images.nlziet.nl\/metadataimportimages\/source\/76A5BAF5BB8570AD4AFD5C0D9D931F94506306A13562C7A61D53B0513AF683DE.jpg"},"logo":{"normalUrl":"https:\/\/cdn.nlziet.nl\/static\/assets\/contentproviders\/npo.png","darkUrl":"https:\/\/cdn.nlziet.nl\/static\/assets\/contentproviders\/dark\/npo.png","flatUrl":"https:\/\/cdn.nlziet.nl\/static\/assets\/contentproviders\/flat\/npo.png"},"tags":[],"seriesId":"7QrOqPrilEGeM3pgWB1w1A"},{"id":"XK_VPVbLTkugjrJ-virFOQ","type":"Vod","title":"Zappsport","subtitle":"Z@ppSport","description":"TROS - Sportmagazine voor de jeugd. Vast element is de spannende battle: Wie zijn er beter in een bepaalde sport: de jongens of de meisjes? Tevens kunnen kinderen met een sportprobleem de hulp inroepen van hun idool en stelt Ron Boszhard vragen tijdens een supersnel interview. Ook is er aandacht voor Kids Soccer, h\u00e9t voetbalevenement voor de jeugd waar grote talenten zijn ontdekt. De deelnemers dromen er dan ook van om prof te worden! Verder volgen we jong sporttalent dat meedoet aan een belangrijk toernooi en zie je de coolste sporttricks in de Move.","formattedEpisodeNumbering":null,"formattedDate":"Za 29 mrt. 2008","formattedDateShort":"Mrt. 2008","formattedTime":"08:45","formattedDuration":"20m","formattedAvailabilityWindow":null,"formattedAvailabilityWindowShort":null,"image":{"portraitUrl":null,"landscapeUrl":"https:\/\/images.nlziet.nl\/metadataimportimages\/source\/76A5BAF5BB8570AD4AFD5C0D9D931F94506306A13562C7A61D53B0513AF683DE.jpg"},"logo":{"normalUrl":"https:\/\/cdn.nlziet.nl\/static\/assets\/contentproviders\/npo.png","darkUrl":"https:\/\/cdn.nlziet.nl\/static\/assets\/contentproviders\/dark\/npo.png","flatUrl":"https:\/\/cdn.nlziet.nl\/static\/assets\/contentproviders\/flat\/npo.png"},"tags":[],"seriesId":"7QrOqPrilEGeM3pgWB1w1A"},{"id":"AgpwtpIIjUqbyYHjrmmoSg","type":"Vod","title":"Zappsport","subtitle":"Z@ppSport","description":"TROS - Sportmagazine voor de jeugd. Vast element is de spannende battle: Wie zijn er beter in een bepaalde sport: de jongens of de meisjes? Tevens kunnen kinderen met een sportprobleem de hulp inroepen van hun idool en stelt Ron Boszhard vragen tijdens een supersnel interview. Ook is er aandacht voor Kids Soccer, h\u00e9t voetbalevenement voor de jeugd waar grote talenten zijn ontdekt. De deelnemers dromen er dan ook van om prof te worden! Verder volgen we jong sporttalent dat meedoet aan een belangrijk toernooi en zie je de coolste sporttricks in de Move.","formattedEpisodeNumbering":null,"formattedDate":"Zo 23 mrt. 2008","formattedDateShort":"Mrt. 2008","formattedTime":"08:45","formattedDuration":"20m","formattedAvailabilityWindow":null,"formattedAvailabilityWindowShort":null,"image":{"portraitUrl":null,"landscapeUrl":"https:\/\/images.nlziet.nl\/metadataimportimages\/source\/76A5BAF5BB8570AD4AFD5C0D9D931F94506306A13562C7A61D53B0513AF683DE.jpg"},"logo":{"normalUrl":"https:\/\/cdn.nlziet.nl\/static\/assets\/contentproviders\/npo.png","darkUrl":"https:\/\/cdn.nlziet.nl\/static\/assets\/contentproviders\/dark\/npo.png","flatUrl":"https:\/\/cdn.nlziet.nl\/static\/assets\/contentproviders\/flat\/npo.png"},"tags":[],"seriesId":"7QrOqPrilEGeM3pgWB1w1A"},{"id":"htcr5H7b-E6ruQCtIc8DfA","type":"Vod","title":"Zappsport","subtitle":"Z@ppSport","description":"TROS - Sportmagazine voor de jeugd. Vast element is de spannende battle: Wie zijn er beter in een bepaalde sport: de jongens of de meisjes? Tevens kunnen kinderen met een sportprobleem de hulp inroepen van hun idool en stelt Ron Boszhard vragen tijdens een supersnel interview. Ook is er aandacht voor Kids Soccer, h\u00e9t voetbalevenement voor de jeugd waar grote talenten zijn ontdekt. De deelnemers dromen er dan ook van om prof te worden! Verder volgen we jong sporttalent dat meedoet aan een belangrijk toernooi en zie je de coolste sporttricks in de Move.","formattedEpisodeNumbering":null,"formattedDate":"Za 22 mrt. 2008","formattedDateShort":"Mrt. 2008","formattedTime":"08:45","formattedDuration":"20m","formattedAvailabilityWindow":null,"formattedAvailabilityWindowShort":null,"image":{"portraitUrl":null,"landscapeUrl":"https:\/\/images.nlziet.nl\/metadataimportimages\/source\/76A5BAF5BB8570AD4AFD5C0D9D931F94506306A13562C7A61D53B0513AF683DE.jpg"},"logo":{"normalUrl":"https:\/\/cdn.nlziet.nl\/static\/assets\/contentproviders\/npo.png","darkUrl":"https:\/\/cdn.nlziet.nl\/static\/assets\/contentproviders\/dark\/npo.png","flatUrl":"https:\/\/cdn.nlziet.nl\/static\/assets\/contentproviders\/flat\/npo.png"},"tags":[],"seriesId":"7QrOqPrilEGeM3pgWB1w1A"},{"id":"dQmizPgEq0GHmwrHHBseQQ","type":"Vod","title":"Zappsport","subtitle":"Z@ppSport","description":"TROS - Sportmagazine voor de jeugd. Vast element is de spannende battle: Wie zijn er beter in een bepaalde sport: de jongens of de meisjes? Tevens kunnen kinderen met een sportprobleem de hulp inroepen van hun idool en stelt Ron Boszhard vragen tijdens een supersnel interview. Ook is er aandacht voor Kids Soccer, h\u00e9t voetbalevenement voor de jeugd waar grote talenten zijn ontdekt. De deelnemers dromen er dan ook van om prof te worden! Verder volgen we jong sporttalent dat meedoet aan een belangrijk toernooi en zie je de coolste sporttricks in de Move.","formattedEpisodeNumbering":null,"formattedDate":"Zo 16 mrt. 2008","formattedDateShort":"Mrt. 2008","formattedTime":"08:45","formattedDuration":"20m","formattedAvailabilityWindow":null,"formattedAvailabilityWindowShort":null,"image":{"portraitUrl":null,"landscapeUrl":"https:\/\/images.nlziet.nl\/metadataimportimages\/source\/76A5BAF5BB8570AD4AFD5C0D9D931F94506306A13562C7A61D53B0513AF683DE.jpg"},"logo":{"normalUrl":"https:\/\/cdn.nlziet.nl\/static\/assets\/contentproviders\/npo.png","darkUrl":"https:\/\/cdn.nlziet.nl\/static\/assets\/contentproviders\/dark\/npo.png","flatUrl":"https:\/\/cdn.nlziet.nl\/static\/assets\/contentproviders\/flat\/npo.png"},"tags":[],"seriesId":"7QrOqPrilEGeM3pgWB1w1A"},{"id":"RXK0ttEGkkye1Y0T0-LtQQ","type":"Vod","title":"Zappsport","subtitle":"Z@ppSport","description":"TROS - Sportmagazine voor de jeugd. Vast element is de spannende battle: Wie zijn er beter in een bepaalde sport: de jongens of de meisjes? Tevens kunnen kinderen met een sportprobleem de hulp inroepen van hun idool en stelt Ron Boszhard vragen tijdens een supersnel interview. Ook is er aandacht voor Kids Soccer, h\u00e9t voetbalevenement voor de jeugd waar grote talenten zijn ontdekt. De deelnemers dromen er dan ook van om prof te worden! Verder volgen we jong sporttalent dat meedoet aan een belangrijk toernooi en zie je de coolste sporttricks in de Move.","formattedEpisodeNumbering":null,"formattedDate":"Za 15 mrt. 2008","formattedDateShort":"Mrt. 2008","formattedTime":"08:45","formattedDuration":"20m","formattedAvailabilityWindow":null,"formattedAvailabilityWindowShort":null,"image":{"portraitUrl":null,"landscapeUrl":"https:\/\/images.nlziet.nl\/metadataimportimages\/source\/76A5BAF5BB8570AD4AFD5C0D9D931F94506306A13562C7A61D53B0513AF683DE.jpg"},"logo":{"normalUrl":"https:\/\/cdn.nlziet.nl\/static\/assets\/contentproviders\/npo.png","darkUrl":"https:\/\/cdn.nlziet.nl\/static\/assets\/contentproviders\/dark\/npo.png","flatUrl":"https:\/\/cdn.nlziet.nl\/static\/assets\/contentproviders\/flat\/npo.png"},"tags":[],"seriesId":"7QrOqPrilEGeM3pgWB1w1A"},{"id":"SfrSnnO2JUO-Ew6qEHO4fA","type":"Vod","title":"Zappsport","subtitle":"Z@ppSport","description":"TROS - Sportmagazine voor de jeugd. Vast element is de spannende battle: Wie zijn er beter in een bepaalde sport: de jongens of de meisjes? Tevens kunnen kinderen met een sportprobleem de hulp inroepen van hun idool en stelt Ron Boszhard vragen tijdens een supersnel interview. Ook is er aandacht voor Kids Soccer, h\u00e9t voetbalevenement voor de jeugd waar grote talenten zijn ontdekt. De deelnemers dromen er dan ook van om prof te worden! Verder volgen we jong sporttalent dat meedoet aan een belangrijk toernooi en zie je de coolste sporttricks in de Move.","formattedEpisodeNumbering":null,"formattedDate":"Zo 9 mrt. 2008","formattedDateShort":"Mrt. 2008","formattedTime":"08:45","formattedDuration":"20m","formattedAvailabilityWindow":null,"formattedAvailabilityWindowShort":null,"image":{"portraitUrl":null,"landscapeUrl":"https:\/\/images.nlziet.nl\/metadataimportimages\/source\/76A5BAF5BB8570AD4AFD5C0D9D931F94506306A13562C7A61D53B0513AF683DE.jpg"},"logo":{"normalUrl":"https:\/\/cdn.nlziet.nl\/static\/assets\/contentproviders\/npo.png","darkUrl":"https:\/\/cdn.nlziet.nl\/static\/assets\/contentproviders\/dark\/npo.png","flatUrl":"https:\/\/cdn.nlziet.nl\/static\/assets\/contentproviders\/flat\/npo.png"},"tags":[],"seriesId":"7QrOqPrilEGeM3pgWB1w1A"},{"id":"QgbQ4HZ3rEOFOqtlnuDEfQ","type":"Vod","title":"Zappsport","subtitle":"Z@ppSport","description":"TROS - Sportmagazine voor de jeugd. Vast element is de spannende battle: Wie zijn er beter in een bepaalde sport: de jongens of de meisjes? Tevens kunnen kinderen met een sportprobleem de hulp inroepen van hun idool en stelt Ron Boszhard vragen tijdens een supersnel interview. Ook is er aandacht voor Kids Soccer, h\u00e9t voetbalevenement voor de jeugd waar grote talenten zijn ontdekt. De deelnemers dromen er dan ook van om prof te worden! Verder volgen we jong sporttalent dat meedoet aan een belangrijk toernooi en zie je de coolste sporttricks in de Move.","formattedEpisodeNumbering":null,"formattedDate":"Za 8 mrt. 2008","formattedDateShort":"Mrt. 2008","formattedTime":"08:45","formattedDuration":"20m","formattedAvailabilityWindow":null,"formattedAvailabilityWindowShort":null,"image":{"portraitUrl":null,"landscapeUrl":"https:\/\/images.nlziet.nl\/metadataimportimages\/source\/76A5BAF5BB8570AD4AFD5C0D9D931F94506306A13562C7A61D53B0513AF683DE.jpg"},"logo":{"normalUrl":"https:\/\/cdn.nlziet.nl\/static\/assets\/contentproviders\/npo.png","darkUrl":"https:\/\/cdn.nlziet.nl\/static\/assets\/contentproviders\/dark\/npo.png","flatUrl":"https:\/\/cdn.nlziet.nl\/static\/assets\/contentproviders\/flat\/npo.png"},"tags":[],"seriesId":"7QrOqPrilEGeM3pgWB1w1A"},{"id":"ws0bus6kqUSk6D2BglGYow","type":"Vod","title":"Zappsport","subtitle":"Z@ppSport","description":"TROS - Sportmagazine voor de jeugd. Vast element is de spannende battle: Wie zijn er beter in een bepaalde sport: de jongens of de meisjes? Tevens kunnen kinderen met een sportprobleem de hulp inroepen van hun idool en stelt Ron Boszhard vragen tijdens een supersnel interview. Ook is er aandacht voor Kids Soccer, h\u00e9t voetbalevenement voor de jeugd waar grote talenten zijn ontdekt. De deelnemers dromen er dan ook van om prof te worden! Verder volgen we jong sporttalent dat meedoet aan een belangrijk toernooi en zie je de coolste sporttricks in de Move.","formattedEpisodeNumbering":null,"formattedDate":"Zo 2 mrt. 2008","formattedDateShort":"Mrt. 2008","formattedTime":"08:50","formattedDuration":"15m","formattedAvailabilityWindow":null,"formattedAvailabilityWindowShort":null,"image":{"portraitUrl":null,"landscapeUrl":"https:\/\/images.nlziet.nl\/metadataimportimages\/source\/76A5BAF5BB8570AD4AFD5C0D9D931F94506306A13562C7A61D53B0513AF683DE.jpg"},"logo":{"normalUrl":"https:\/\/cdn.nlziet.nl\/static\/assets\/contentproviders\/npo.png","darkUrl":"https:\/\/cdn.nlziet.nl\/static\/assets\/contentproviders\/dark\/npo.png","flatUrl":"https:\/\/cdn.nlziet.nl\/static\/assets\/contentproviders\/flat\/npo.png"},"tags":[],"seriesId":"7QrOqPrilEGeM3pgWB1w1A"},{"id":"Qw8aoNk4Lke2E6QfILXmJw","type":"Vod","title":"Zappsport","subtitle":"Z@ppSport","description":"TROS - Sportmagazine voor de jeugd. Vast element is de spannende battle: Wie zijn er beter in een bepaalde sport: de jongens of de meisjes? Tevens kunnen kinderen met een sportprobleem de hulp inroepen van hun idool. Ron Boszhard stelt vragen aan een topsporter tijdens een supersnel interview. Verder volgen we jong sporttalent dat meedoet aan een belangrijk toernooi en zie je de coolste sporttricks in The Move. Presentatie: Ron Boszhard en Angela Esajas.","formattedEpisodeNumbering":null,"formattedDate":"Za 1 mrt. 2008","formattedDateShort":"Mrt. 2008","formattedTime":"08:45","formattedDuration":"20m","formattedAvailabilityWindow":null,"formattedAvailabilityWindowShort":null,"image":{"portraitUrl":null,"landscapeUrl":"https:\/\/images.nlziet.nl\/metadataimportimages\/source\/76A5BAF5BB8570AD4AFD5C0D9D931F94506306A13562C7A61D53B0513AF683DE.jpg"},"logo":{"normalUrl":"https:\/\/cdn.nlziet.nl\/static\/assets\/contentproviders\/npo.png","darkUrl":"https:\/\/cdn.nlziet.nl\/static\/assets\/contentproviders\/dark\/npo.png","flatUrl":"https:\/\/cdn.nlziet.nl\/static\/assets\/contentproviders\/flat\/npo.png"},"tags":[],"seriesId":"7QrOqPrilEGeM3pgWB1w1A"},{"id":"UcD89cUXzEGhPXNhemJYPA","type":"Vod","title":"Zappsport","subtitle":"Z@ppSport","description":"TROS - Sportmagazine voor de jeugd. Vast element is de spannende battle: Wie zijn er beter in een bepaalde sport: de jongens of de meisjes? Tevens kunnen kinderen met een sportprobleem de hulp inroepen van hun idool en stelt Ron Boszhard vragen tijdens een supersnel interview. Ook is er aandacht voor Kids Soccer, h\u00e9t voetbalevenement voor de jeugd waar grote talenten zijn ontdekt. De deelnemers dromen er dan ook van om prof te worden! Verder volgen we jong sporttalent dat meedoet aan een belangrijk toernooi en zie je de coolste sporttricks in de Move.","formattedEpisodeNumbering":null,"formattedDate":"Zo 24 feb. 2008","formattedDateShort":"Feb. 2008","formattedTime":"08:45","formattedDuration":"20m","formattedAvailabilityWindow":null,"formattedAvailabilityWindowShort":null,"image":{"portraitUrl":null,"landscapeUrl":"https:\/\/images.nlziet.nl\/metadataimportimages\/source\/76A5BAF5BB8570AD4AFD5C0D9D931F94506306A13562C7A61D53B0513AF683DE.jpg"},"logo":{"normalUrl":"https:\/\/cdn.nlziet.nl\/static\/assets\/contentproviders\/npo.png","darkUrl":"https:\/\/cdn.nlziet.nl\/static\/assets\/contentproviders\/dark\/npo.png","flatUrl":"https:\/\/cdn.nlziet.nl\/static\/assets\/contentproviders\/flat\/npo.png"},"tags":[],"seriesId":"7QrOqPrilEGeM3pgWB1w1A"},{"id":"RSmJIqzCkEeIupgBDJDcrA","type":"Vod","title":"Zappsport","subtitle":"Z@ppSport","description":"TROS - Sportmagazine voor de jeugd. Vast element is de spannende battle: Wie zijn er beter in een bepaalde sport: de jongens of de meisjes? Tevens kunnen kinderen met een sportprobleem de hulp inroepen van hun idool en stelt Ron Boszhard vragen tijdens een supersnel interview. Ook is er aandacht voor Kids Soccer, h\u00e9t voetbalevenement voor de jeugd waar grote talenten zijn ontdekt. De deelnemers dromen er dan ook van om prof te worden! Verder volgen we jong sporttalent dat meedoet aan een belangrijk toernooi en zie je de coolste sporttricks in de Move.","formattedEpisodeNumbering":null,"formattedDate":"Za 23 feb. 2008","formattedDateShort":"Feb. 2008","formattedTime":"08:45","formattedDuration":"20m","formattedAvailabilityWindow":null,"formattedAvailabilityWindowShort":null,"image":{"portraitUrl":null,"landscapeUrl":"https:\/\/images.nlziet.nl\/metadataimportimages\/source\/76A5BAF5BB8570AD4AFD5C0D9D931F94506306A13562C7A61D53B0513AF683DE.jpg"},"logo":{"normalUrl":"https:\/\/cdn.nlziet.nl\/static\/assets\/contentproviders\/npo.png","darkUrl":"https:\/\/cdn.nlziet.nl\/static\/assets\/contentproviders\/dark\/npo.png","flatUrl":"https:\/\/cdn.nlziet.nl\/static\/assets\/contentproviders\/flat\/npo.png"},"tags":[],"seriesId":"7QrOqPrilEGeM3pgWB1w1A"},{"id":"TCwT3wpJskm9PunmtABtDA","type":"Vod","title":"Zappsport","subtitle":"Z@ppSport","description":"TROS - Sportmagazine voor de jeugd. Vast element is de spannende battle: Wie zijn er beter in een bepaalde sport: de jongens of de meisjes? Tevens kunnen kinderen met een sportprobleem de hulp inroepen van hun idool en stelt Ron Boszhard vragen tijdens een supersnel interview. Ook is er aandacht voor Kids Soccer, h\u00e9t voetbalevenement voor de jeugd waar grote talenten zijn ontdekt. De deelnemers dromen er dan ook van om prof te worden! Verder volgen we jong sporttalent dat meedoet aan een belangrijk toernooi en zie je de coolste sporttricks in de Move.","formattedEpisodeNumbering":null,"formattedDate":"Zo 17 feb. 2008","formattedDateShort":"Feb. 2008","formattedTime":"08:45","formattedDuration":"20m","formattedAvailabilityWindow":null,"formattedAvailabilityWindowShort":null,"image":{"portraitUrl":null,"landscapeUrl":"https:\/\/images.nlziet.nl\/metadataimportimages\/source\/76A5BAF5BB8570AD4AFD5C0D9D931F94506306A13562C7A61D53B0513AF683DE.jpg"},"logo":{"normalUrl":"https:\/\/cdn.nlziet.nl\/static\/assets\/contentproviders\/npo.png","darkUrl":"https:\/\/cdn.nlziet.nl\/static\/assets\/contentproviders\/dark\/npo.png","flatUrl":"https:\/\/cdn.nlziet.nl\/static\/assets\/contentproviders\/flat\/npo.png"},"tags":[],"seriesId":"7QrOqPrilEGeM3pgWB1w1A"},{"id":"3J4DPLQh6USTRNgNe2Iyug","type":"Vod","title":"Zappsport","subtitle":"Z@ppSport","description":"TROS - Sportmagazine voor de jeugd. Vast element is de spannende battle: Wie zijn er beter in een bepaalde sport: de jongens of de meisjes? Tevens kunnen kinderen met een sportprobleem de hulp inroepen van hun idool en stelt Ron Boszhard vragen tijdens een supersnel interview. Ook is er aandacht voor Kids Soccer, h\u00e9t voetbalevenement voor de jeugd waar grote talenten zijn ontdekt. De deelnemers dromen er dan ook van om prof te worden! Verder volgen we jong sporttalent dat meedoet aan een belangrijk toernooi en zie je de coolste sporttricks in de Move.","formattedEpisodeNumbering":null,"formattedDate":"Za 16 feb. 2008","formattedDateShort":"Feb. 2008","formattedTime":"08:45","formattedDuration":"18m","formattedAvailabilityWindow":null,"formattedAvailabilityWindowShort":null,"image":{"portraitUrl":null,"landscapeUrl":"https:\/\/images.nlziet.nl\/metadataimportimages\/source\/76A5BAF5BB8570AD4AFD5C0D9D931F94506306A13562C7A61D53B0513AF683DE.jpg"},"logo":{"normalUrl":"https:\/\/cdn.nlziet.nl\/static\/assets\/contentproviders\/npo.png","darkUrl":"https:\/\/cdn.nlziet.nl\/static\/assets\/contentproviders\/dark\/npo.png","flatUrl":"https:\/\/cdn.nlziet.nl\/static\/assets\/contentproviders\/flat\/npo.png"},"tags":[],"seriesId":"7QrOqPrilEGeM3pgWB1w1A"},{"id":"kM2OCQWfzUWJpMJ_OHf19Q","type":"Vod","title":"Zappsport","subtitle":"Z@ppSport","description":"TROS - Sportmagazine voor de jeugd. Vast element is de spannende battle: Wie zijn er beter in een bepaalde sport: de jongens of de meisjes? Tevens kunnen kinderen met een sportprobleem de hulp inroepen van hun idool en stelt Ron Boszhard vragen tijdens een supersnel interview. Ook is er aandacht voor Kids Soccer, h\u00e9t voetbalevenement voor de jeugd waar grote talenten zijn ontdekt. De deelnemers dromen er dan ook van om prof te worden! Verder volgen we jong sporttalent dat meedoet aan een belangrijk toernooi en zie je de coolste sporttricks in de Move.","formattedEpisodeNumbering":null,"formattedDate":"Zo 10 feb. 2008","formattedDateShort":"Feb. 2008","formattedTime":"08:50","formattedDuration":"15m","formattedAvailabilityWindow":null,"formattedAvailabilityWindowShort":null,"image":{"portraitUrl":null,"landscapeUrl":"https:\/\/images.nlziet.nl\/metadataimportimages\/source\/76A5BAF5BB8570AD4AFD5C0D9D931F94506306A13562C7A61D53B0513AF683DE.jpg"},"logo":{"normalUrl":"https:\/\/cdn.nlziet.nl\/static\/assets\/contentproviders\/npo.png","darkUrl":"https:\/\/cdn.nlziet.nl\/static\/assets\/contentproviders\/dark\/npo.png","flatUrl":"https:\/\/cdn.nlziet.nl\/static\/assets\/contentproviders\/flat\/npo.png"},"tags":[],"seriesId":"7QrOqPrilEGeM3pgWB1w1A"},{"id":"p1619LWjHUCEmhmSm9guVQ","type":"Vod","title":"Zappsport","subtitle":"Z@ppSport","description":"TROS - Sportmagazine voor de jeugd. Vast element is de spannende battle: Wie zijn er beter in een bepaalde sport: de jongens of de meisjes? Tevens kunnen kinderen met een sportprobleem de hulp inroepen van hun idool en stelt Ron Boszhard vragen tijdens een supersnel interview. Ook is er aandacht voor Kids Soccer, h\u00e9t voetbalevenement voor de jeugd waar grote talenten zijn ontdekt. De deelnemers dromen er dan ook van om prof te worden! Verder volgen we wekelijks jong sporttalent dat meedoet aan een belangrijk toernooi en zie je de coolste sporttricks in de Move.","formattedEpisodeNumbering":null,"formattedDate":"Za 9 feb. 2008","formattedDateShort":"Feb. 2008","formattedTime":"08:45","formattedDuration":"20m","formattedAvailabilityWindow":null,"formattedAvailabilityWindowShort":null,"image":{"portraitUrl":null,"landscapeUrl":"https:\/\/images.nlziet.nl\/metadataimportimages\/source\/76A5BAF5BB8570AD4AFD5C0D9D931F94506306A13562C7A61D53B0513AF683DE.jpg"},"logo":{"normalUrl":"https:\/\/cdn.nlziet.nl\/static\/assets\/contentproviders\/npo.png","darkUrl":"https:\/\/cdn.nlziet.nl\/static\/assets\/contentproviders\/dark\/npo.png","flatUrl":"https:\/\/cdn.nlziet.nl\/static\/assets\/contentproviders\/flat\/npo.png"},"tags":[],"seriesId":"7QrOqPrilEGeM3pgWB1w1A"},{"id":"waaO70x9IkaFWfIN_-Z85A","type":"Vod","title":"Zappsport","subtitle":"Z@ppSport","description":"TROS - Sportmagazine voor de jeugd. Vast element is de spannende battle: Wie zijn er beter in een bepaalde sport: de jongens of de meisjes? Tevens kunnen kinderen met een sportprobleem de hulp inroepen van hun idool en stelt Ron Boszhard vragen tijdens een supersnel interview. Ook is er aandacht voor Kids Soccer, h\u00e9t voetbalevenement voor de jeugd waar grote talenten zijn ontdekt. De deelnemers dromen er dan ook van om prof te worden! Verder volgen we jong sporttalent dat meedoet aan een belangrijk toernooi en zie je de coolste sporttricks in de Move.","formattedEpisodeNumbering":null,"formattedDate":"Zo 3 feb. 2008","formattedDateShort":"Feb. 2008","formattedTime":"08:50","formattedDuration":"20m","formattedAvailabilityWindow":null,"formattedAvailabilityWindowShort":null,"image":{"portraitUrl":null,"landscapeUrl":"https:\/\/images.nlziet.nl\/metadataimportimages\/source\/76A5BAF5BB8570AD4AFD5C0D9D931F94506306A13562C7A61D53B0513AF683DE.jpg"},"logo":{"normalUrl":"https:\/\/cdn.nlziet.nl\/static\/assets\/contentproviders\/npo.png","darkUrl":"https:\/\/cdn.nlziet.nl\/static\/assets\/contentproviders\/dark\/npo.png","flatUrl":"https:\/\/cdn.nlziet.nl\/static\/assets\/contentproviders\/flat\/npo.png"},"tags":[],"seriesId":"7QrOqPrilEGeM3pgWB1w1A"},{"id":"hL-peL1LsU-GhYVI-KNw4A","type":"Vod","title":"Zappsport","subtitle":"Z@ppSport","description":"TROS - Sportmagazine voor de jeugd. Vast element is de spannende battle: Wie zijn er beter in een bepaalde sport: de jongens of de meisjes? Tevens kunnen kinderen met een sportprobleem de hulp inroepen van hun idool. Ron Boszhard stelt vragen aan een topsporter tijdens een supersnel interview. Verder volgen we jong sporttalent dat meedoet aan een belangrijk toernooi en zie je de coolste sporttricks in The Move. Presentatie: Ron Boszhard en Angela Esajas.","formattedEpisodeNumbering":null,"formattedDate":"Za 2 feb. 2008","formattedDateShort":"Feb. 2008","formattedTime":"08:45","formattedDuration":"20m","formattedAvailabilityWindow":null,"formattedAvailabilityWindowShort":null,"image":{"portraitUrl":null,"landscapeUrl":"https:\/\/images.nlziet.nl\/metadataimportimages\/source\/76A5BAF5BB8570AD4AFD5C0D9D931F94506306A13562C7A61D53B0513AF683DE.jpg"},"logo":{"normalUrl":"https:\/\/cdn.nlziet.nl\/static\/assets\/contentproviders\/npo.png","darkUrl":"https:\/\/cdn.nlziet.nl\/static\/assets\/contentproviders\/dark\/npo.png","flatUrl":"https:\/\/cdn.nlziet.nl\/static\/assets\/contentproviders\/flat\/npo.png"},"tags":[],"seriesId":"7QrOqPrilEGeM3pgWB1w1A"},{"id":"eihEKXz_gE6QvXRSes-L-g","type":"Vod","title":"Zappsport","subtitle":"Z@ppSport","description":"TROS - Kindersportprogramma waarin alle takken van sport voorbijkomen. In het onderdeel The Battle strijden de jongens tegen de meiden in een bepaalde sport. Ron staat in dit onderdeel tegenover de bloedfanatieke 'teamcaptain' Britt Dekker. Kinderen met een sportprobleem krijgen hulp van een beroemde topsporter in de Hellup en er zijn regelmatig specials te zien rondom grote sporttoernooien.","formattedEpisodeNumbering":null,"formattedDate":"Zo 27 jan. 2008","formattedDateShort":"Jan. 2008","formattedTime":"08:50","formattedDuration":"15m","formattedAvailabilityWindow":null,"formattedAvailabilityWindowShort":null,"image":{"portraitUrl":null,"landscapeUrl":"https:\/\/images.nlziet.nl\/metadataimportimages\/source\/76A5BAF5BB8570AD4AFD5C0D9D931F94506306A13562C7A61D53B0513AF683DE.jpg"},"logo":{"normalUrl":"https:\/\/cdn.nlziet.nl\/static\/assets\/contentproviders\/npo.png","darkUrl":"https:\/\/cdn.nlziet.nl\/static\/assets\/contentproviders\/dark\/npo.png","flatUrl":"https:\/\/cdn.nlziet.nl\/static\/assets\/contentproviders\/flat\/npo.png"},"tags":[],"seriesId":"7QrOqPrilEGeM3pgWB1w1A"},{"id":"zgsTAuOvY0eq0GhPrLDSFw","type":"Vod","title":"Zappsport","subtitle":"Z@ppSport","description":"TROS - Kindersportprogramma waarin alle takken van sport voorbijkomen. In het onderdeel The Battle strijden de jongens tegen de meiden in een bepaalde sport. Ron staat in dit onderdeel tegenover de bloedfanatieke 'teamcaptain' Britt Dekker. Kinderen met een sportprobleem krijgen hulp van een beroemde topsporter in de Hellup en er zijn regelmatig specials te zien rondom grote sporttoernooien.","formattedEpisodeNumbering":null,"formattedDate":"Za 26 jan. 2008","formattedDateShort":"Jan. 2008","formattedTime":"08:45","formattedDuration":"20m","formattedAvailabilityWindow":null,"formattedAvailabilityWindowShort":null,"image":{"portraitUrl":null,"landscapeUrl":"https:\/\/images.nlziet.nl\/metadataimportimages\/source\/76A5BAF5BB8570AD4AFD5C0D9D931F94506306A13562C7A61D53B0513AF683DE.jpg"},"logo":{"normalUrl":"https:\/\/cdn.nlziet.nl\/static\/assets\/contentproviders\/npo.png","darkUrl":"https:\/\/cdn.nlziet.nl\/static\/assets\/contentproviders\/dark\/npo.png","flatUrl":"https:\/\/cdn.nlziet.nl\/static\/assets\/contentproviders\/flat\/npo.png"},"tags":[],"seriesId":"7QrOqPrilEGeM3pgWB1w1A"},{"id":"wXqrKWeN_0K7dhKYwGODUQ","type":"Vod","title":"Zappsport","subtitle":"Z@ppSport","description":"TROS - Kindersportprogramma waarin alle takken van sport voorbijkomen. In het onderdeel The Battle strijden de jongens tegen de meiden in een bepaalde sport. Ron staat in dit onderdeel tegenover de bloedfanatieke 'teamcaptain' Britt Dekker. Kinderen met een sportprobleem krijgen hulp van een beroemde topsporter in de Hellup en er zijn regelmatig specials te zien rondom grote sporttoernooien.","formattedEpisodeNumbering":null,"formattedDate":"Zo 20 jan. 2008","formattedDateShort":"Jan. 2008","formattedTime":"08:48","formattedDuration":"17m","formattedAvailabilityWindow":null,"formattedAvailabilityWindowShort":null,"image":{"portraitUrl":null,"landscapeUrl":"https:\/\/images.nlziet.nl\/metadataimportimages\/source\/76A5BAF5BB8570AD4AFD5C0D9D931F94506306A13562C7A61D53B0513AF683DE.jpg"},"logo":{"normalUrl":"https:\/\/cdn.nlziet.nl\/static\/assets\/contentproviders\/npo.png","darkUrl":"https:\/\/cdn.nlziet.nl\/static\/assets\/contentproviders\/dark\/npo.png","flatUrl":"https:\/\/cdn.nlziet.nl\/static\/assets\/contentproviders\/flat\/npo.png"},"tags":[],"seriesId":"7QrOqPrilEGeM3pgWB1w1A"},{"id":"wFiewWuC_k2j0nhLUZAPqQ","type":"Vod","title":"Zappsport","subtitle":"Z@ppSport","description":"TROS - Kindersportprogramma waarin alle takken van sport voorbijkomen. In het onderdeel The Battle strijden de jongens tegen de meiden in een bepaalde sport. Ron staat in dit onderdeel tegenover de bloedfanatieke 'teamcaptain' Britt Dekker. Kinderen met een sportprobleem krijgen hulp van een beroemde topsporter in de Hellup en er zijn regelmatig specials te zien rondom grote sporttoernooien.","formattedEpisodeNumbering":null,"formattedDate":"Za 19 jan. 2008","formattedDateShort":"Jan. 2008","formattedTime":"08:45","formattedDuration":"20m","formattedAvailabilityWindow":null,"formattedAvailabilityWindowShort":null,"image":{"portraitUrl":null,"landscapeUrl":"https:\/\/images.nlziet.nl\/metadataimportimages\/source\/76A5BAF5BB8570AD4AFD5C0D9D931F94506306A13562C7A61D53B0513AF683DE.jpg"},"logo":{"normalUrl":"https:\/\/cdn.nlziet.nl\/static\/assets\/contentproviders\/npo.png","darkUrl":"https:\/\/cdn.nlziet.nl\/static\/assets\/contentproviders\/dark\/npo.png","flatUrl":"https:\/\/cdn.nlziet.nl\/static\/assets\/contentproviders\/flat\/npo.png"},"tags":[],"seriesId":"7QrOqPrilEGeM3pgWB1w1A"},{"id":"U7twl4FIEEO0IRkzWBuawQ","type":"Vod","title":"Zappsport","subtitle":"Z@ppSport","description":"TROS - Kindersportprogramma waarin alle takken van sport voorbijkomen. In het onderdeel The Battle strijden de jongens tegen de meiden in een bepaalde sport. Ron staat in dit onderdeel tegenover de bloedfanatieke 'teamcaptain' Britt Dekker. Kinderen met een sportprobleem krijgen hulp van een beroemde topsporter in de Hellup en er zijn regelmatig specials te zien rondom grote sporttoernooien.","formattedEpisodeNumbering":null,"formattedDate":"Zo 13 jan. 2008","formattedDateShort":"Jan. 2008","formattedTime":"08:50","formattedDuration":"20m","formattedAvailabilityWindow":null,"formattedAvailabilityWindowShort":null,"image":{"portraitUrl":null,"landscapeUrl":"https:\/\/images.nlziet.nl\/metadataimportimages\/source\/76A5BAF5BB8570AD4AFD5C0D9D931F94506306A13562C7A61D53B0513AF683DE.jpg"},"logo":{"normalUrl":"https:\/\/cdn.nlziet.nl\/static\/assets\/contentproviders\/npo.png","darkUrl":"https:\/\/cdn.nlziet.nl\/static\/assets\/contentproviders\/dark\/npo.png","flatUrl":"https:\/\/cdn.nlziet.nl\/static\/assets\/contentproviders\/flat\/npo.png"},"tags":[],"seriesId":"7QrOqPrilEGeM3pgWB1w1A"},{"id":"9mJ6oeVw1EKYGFcSIV3xfg","type":"Vod","title":"Zappsport","subtitle":"Z@ppSport","description":"TROS - Kindersportprogramma waarin alle takken van sport voorbijkomen. In het onderdeel The Battle strijden de jongens tegen de meiden in een bepaalde sport. Ron staat in dit onderdeel tegenover de bloedfanatieke 'teamcaptain' Britt Dekker. Kinderen met een sportprobleem krijgen hulp van een beroemde topsporter in de Hellup en er zijn regelmatig specials te zien rondom grote sporttoernooien.","formattedEpisodeNumbering":null,"formattedDate":"Za 12 jan. 2008","formattedDateShort":"Jan. 2008","formattedTime":"08:45","formattedDuration":"20m","formattedAvailabilityWindow":null,"formattedAvailabilityWindowShort":null,"image":{"portraitUrl":null,"landscapeUrl":"https:\/\/images.nlziet.nl\/metadataimportimages\/source\/76A5BAF5BB8570AD4AFD5C0D9D931F94506306A13562C7A61D53B0513AF683DE.jpg"},"logo":{"normalUrl":"https:\/\/cdn.nlziet.nl\/static\/assets\/contentproviders\/npo.png","darkUrl":"https:\/\/cdn.nlziet.nl\/static\/assets\/contentproviders\/dark\/npo.png","flatUrl":"https:\/\/cdn.nlziet.nl\/static\/assets\/contentproviders\/flat\/npo.png"},"tags":[],"seriesId":"7QrOqPrilEGeM3pgWB1w1A"}]