[{"id":"lAiBnKDtrUyXOI4REye4MA","type":"Vod","title":"Way Of Living","subtitle":"Afl. 4","description":"Aan de Costa Blanca kijken Sanne Heijen en Arno Raymakers terug naar hun bezoeken aan die regio met expat en pensionado Theo. In Vorarlberg ontdekt Arno de geneugten van de stad Bludenz. In de studio op de Second Home Beurs schuift Tom aan van de beursorganisatie, vertelt Gerard over vakantiehuismogelijkheden in de Algarve en heeft financieel expert Laurens weer vermogenstips. Tot slot sluiten we af met een interieurtip van Sanne.","formattedEpisodeNumbering":null,"formattedDate":"Zo 11 sep.","formattedDateShort":"Zo 11 sep.","formattedTime":"13:00","formattedDuration":"21m","formattedAvailabilityWindow":null,"formattedAvailabilityWindowShort":null,"image":{"portraitUrl":null,"landscapeUrl":"https:\/\/images.nlziet.nl\/metadataimportimages\/source\/54593D0965547B4A306E0B40547C4115EDBEC80A264A8660AF80C7280BB6FD1D.jpg"},"logo":{"normalUrl":"https:\/\/cdn.nlziet.nl\/static\/assets\/contentproviders\/rtl.png","darkUrl":"https:\/\/cdn.nlziet.nl\/static\/assets\/contentproviders\/dark\/rtl.png","flatUrl":"https:\/\/cdn.nlziet.nl\/static\/assets\/contentproviders\/flat\/rtl.png"},"tags":[],"seriesId":"5iq64M0KqESDSVKax8Q3FA"},{"id":"nPjNXGLAR06Fq1NU_nCVhg","type":"Vod","title":"Way Of Living","subtitle":"Afl. 3","description":"Sanne Heijen is in Loul\u00e9, Portugal, waar Gerard haar de bouw van een nieuw vijfsterrenresort laat zien. Vervolgens vliegt ze naar de besneeuwde hellingen van het Silvretta Montafon-skigebied. In de wekelijkse Second Home-rubriek schuift Theodora aan voor tips over Florida, viert Mark feest vanwege het 25-jarig bestaan van zijn Spaanse organisatie en geeft Arno Raymakers uitleg over FIRE, de nieuwe trend in beleggen. Tot slot heeft Sanne nog interieurtips.","formattedEpisodeNumbering":null,"formattedDate":"Zo 4 sep.","formattedDateShort":"Zo 4 sep.","formattedTime":"12:55","formattedDuration":"21m","formattedAvailabilityWindow":null,"formattedAvailabilityWindowShort":null,"image":{"portraitUrl":null,"landscapeUrl":"https:\/\/images.nlziet.nl\/metadataimportimages\/source\/2FF90F65FE30C434274DCCDC0AFD27B62A2E205E1A1EA2F5F75B806CB4415E77.jpg"},"logo":{"normalUrl":"https:\/\/cdn.nlziet.nl\/static\/assets\/contentproviders\/rtl.png","darkUrl":"https:\/\/cdn.nlziet.nl\/static\/assets\/contentproviders\/dark\/rtl.png","flatUrl":"https:\/\/cdn.nlziet.nl\/static\/assets\/contentproviders\/flat\/rtl.png"},"tags":[],"seriesId":"5iq64M0KqESDSVKax8Q3FA"},{"id":"n2XQV3YPaE2ouRthFcK_YA","type":"Vod","title":"Way Of Living","subtitle":"Afl. 2","description":"Arno Raymakers bezoekt de Costa Blanca en Fred laat er zien dat je hier in Spanje meer huis voor je geld krijgt. Sanne Heijen zit nog in de sneeuw en krijgt haar eerste lessen langlaufen. Ook geeft Ralph haar een rondleiding in een showwoning. Arno onderzoekt de mogelijkheden voor een woning in Dubai tijdens een launch party. Op de SH Beurs praten Jeroen, Maarten en Patricia over hun bijzondere bedrijf en schuift Laurens aan voor advies over vermogensopbouw.","formattedEpisodeNumbering":null,"formattedDate":"Zo 14 aug.","formattedDateShort":"Zo 14 aug.","formattedTime":"12:50","formattedDuration":"21m","formattedAvailabilityWindow":null,"formattedAvailabilityWindowShort":null,"image":{"portraitUrl":null,"landscapeUrl":"https:\/\/images.nlziet.nl\/metadataimportimages\/source\/92C2EE72B7501B54B80EB76C1B76B8C209CB4E00A9121C40378E1F59357A3461.jpg"},"logo":{"normalUrl":"https:\/\/cdn.nlziet.nl\/static\/assets\/contentproviders\/rtl.png","darkUrl":"https:\/\/cdn.nlziet.nl\/static\/assets\/contentproviders\/dark\/rtl.png","flatUrl":"https:\/\/cdn.nlziet.nl\/static\/assets\/contentproviders\/flat\/rtl.png"},"tags":[],"seriesId":"5iq64M0KqESDSVKax8Q3FA"},{"id":"KJEg_1AZ3k6xnQ9jrzZv-Q","type":"Vod","title":"Way Of Living","subtitle":"Afl. 1","description":"Sanne Heijen en Fred laten zien waarom investeren in een vakantiewoning aan de Costa Blanca zo lucratief is. Arno Raymakers belandt verder in het hoogste skidorp van Oostenrijk, waar Ralph aan de piste een nieuw resort gaat bouwen. Na alle beperkingen kon de Second Home Beurs onlangs weer ouderwets van start. Ambassadeurs Arno en Sanne waren ook weer van de partij en lieten diverse gasten aanschuiven aan hun beursstudiotafel.","formattedEpisodeNumbering":null,"formattedDate":"Zo 7 aug.","formattedDateShort":"Zo 7 aug.","formattedTime":"12:55","formattedDuration":"22m","formattedAvailabilityWindow":null,"formattedAvailabilityWindowShort":null,"image":{"portraitUrl":null,"landscapeUrl":"https:\/\/images.nlziet.nl\/metadataimportimages\/source\/392A102563653A2F1CA686FDBA8B0B0AAE01202826CF378A931A47A20FDD8265.jpg"},"logo":{"normalUrl":"https:\/\/cdn.nlziet.nl\/static\/assets\/contentproviders\/rtl.png","darkUrl":"https:\/\/cdn.nlziet.nl\/static\/assets\/contentproviders\/dark\/rtl.png","flatUrl":"https:\/\/cdn.nlziet.nl\/static\/assets\/contentproviders\/flat\/rtl.png"},"tags":[],"seriesId":"5iq64M0KqESDSVKax8Q3FA"}]