[{"id":"2-l_GAdI5Uuwhwe6lhSGFA","type":"Vod","title":"Erica op Reis","subtitle":"Patagoni\u00eb","description":"MAX - Erica Terpstra reist naar Patagoni\u00eb, het zuidelijke deel van Argentini\u00eb en Chili. Ze laat zich overweldigen door de indrukwekkende natuur, bezoekt de gaucho's en de Mapuche-indianen, en maakt kennis met een Nederlandse vrouw die alles heeft achtergelaten voor een nieuw bestaan in de ruige natuur van Patagoni\u00eb. Ze sluit de serie af bij de spectaculaire Perito Moreno-gletsjer, in het uiterste puntje van Zuid-Amerika, niet ver van de Zuidpool.","formattedEpisodeNumbering":"S3:A6","formattedDate":"Vr 18 dec. 2015","formattedDateShort":"Dec. 2015","formattedTime":"22:10","formattedDuration":"40m","formattedAvailabilityWindow":null,"formattedAvailabilityWindowShort":null,"image":{"portraitUrl":null,"landscapeUrl":"https:\/\/images.nlziet.nl\/metadataimportimages\/source\/760C3545D4ED176E9DE335479513BC9A08E5FDF8E79E6B3E9FED8CD16E44A5C8.jpg"},"logo":{"normalUrl":"https:\/\/cdn.nlziet.nl\/static\/assets\/contentproviders\/npo.png","darkUrl":"https:\/\/cdn.nlziet.nl\/static\/assets\/contentproviders\/dark\/npo.png","flatUrl":"https:\/\/cdn.nlziet.nl\/static\/assets\/contentproviders\/flat\/npo.png"},"tags":[],"seriesId":"6JNC-1-6i0KUh0PX3tUNkg"},{"id":"vEKsTs3p_EKOGHwUYzzMqA","type":"Vod","title":"Erica op Reis","subtitle":"Turkije","description":"MAX - Erica Terpstra reist af naar Turkije. Hier bezoekt zij onder meer het prachtige Topkapi paleis, een kleurrijke kruidenmarkt en neemt ze een bad in de oudste en mooiste hamam ter wereld.","formattedEpisodeNumbering":"S3:A5","formattedDate":"Zo 15 mei. 2016","formattedDateShort":"Mei. 2016","formattedTime":"18:10","formattedDuration":"39m","formattedAvailabilityWindow":null,"formattedAvailabilityWindowShort":null,"image":{"portraitUrl":null,"landscapeUrl":"https:\/\/images.nlziet.nl\/metadataimportimages\/source\/BEB3033455A4668BC5091645D1D2E7DA3EFF8EB730C520577913E7637B6E829D.jpg"},"logo":{"normalUrl":"https:\/\/cdn.nlziet.nl\/static\/assets\/contentproviders\/npo.png","darkUrl":"https:\/\/cdn.nlziet.nl\/static\/assets\/contentproviders\/dark\/npo.png","flatUrl":"https:\/\/cdn.nlziet.nl\/static\/assets\/contentproviders\/flat\/npo.png"},"tags":[],"seriesId":"6JNC-1-6i0KUh0PX3tUNkg"},{"id":"t33U2NWs80uAC5wo-ZFxag","type":"Vod","title":"Erica op Reis","subtitle":"Mongoli\u00eb","description":"MAX - Erica Terpstra reist naar Mongoli\u00eb, het dunst bevolkte land op aarde, en een land dat buiten de hoofdstad nog nauwelijks door de moderne tijd lijkt aangeraakt. Ze ondergaat een wonderbaarlijke ceremonie bij een traditionele sjamaan, ontmoet boeddhistische monniken, en brengt de nacht door in een tent bij de nomaden. Ze ontdekt dat de roemruchte krijgsheer Dzjengis Khan, die bij ons te boek staat als een van de meest bloeddorstige heersers uit de geschiedenis, maar hier nog altijd op een voetstuk staat. Op de markt van de hoofdstad Ulaanbaatar komt ze terecht op de afdeling waar de Mongoolse sjamanen de lugubere inkopen voor hun ceremonie\u00ebn doen.","formattedEpisodeNumbering":"S3:A4","formattedDate":"Vr 13 dec. 2013","formattedDateShort":"Dec. 2013","formattedTime":"22:19","formattedDuration":"45m","formattedAvailabilityWindow":null,"formattedAvailabilityWindowShort":null,"image":{"portraitUrl":null,"landscapeUrl":"https:\/\/images.nlziet.nl\/metadataimportimages\/source\/394F97E7EA1735E7F46E35C44ADF24A3BE1B75DD760294C625C976AB3D637EE4.jpg"},"logo":{"normalUrl":"https:\/\/cdn.nlziet.nl\/static\/assets\/contentproviders\/npo.png","darkUrl":"https:\/\/cdn.nlziet.nl\/static\/assets\/contentproviders\/dark\/npo.png","flatUrl":"https:\/\/cdn.nlziet.nl\/static\/assets\/contentproviders\/flat\/npo.png"},"tags":[],"seriesId":"6JNC-1-6i0KUh0PX3tUNkg"},{"id":"xOjRiz5I30yqeRGZfS-P3Q","type":"Vod","title":"Erica op Reis","subtitle":"Namibi\u00eb ","description":"MAX - In de voormalige Duitse kolonie Namibi\u00eb, in het zuiden van Afrika, bezoekt Erica Terpstra onder meer de Himba. De leden van die stam leven nog altijd op exact dezelfde wijze als eeuwen geleden. Ook heeft ze een ontmoeting met leden van de Herero-stam, die de wonderlijke gewoonte hebben om eens per jaar in Duitse uniformen door de straten te paraderen. In Etosha, een van de mooiste wildparken van de wereld, gaat ze op safari, en ze ontmoet de oorspronkelijke bewoners van dat gebied: de Bosjesmannen. Zij staan bekend als het oudste volk op aarde.","formattedEpisodeNumbering":"S3:A3","formattedDate":"Vr 6 dec. 2013","formattedDateShort":"Dec. 2013","formattedTime":"22:33","formattedDuration":"50m","formattedAvailabilityWindow":null,"formattedAvailabilityWindowShort":null,"image":{"portraitUrl":null,"landscapeUrl":"https:\/\/images.nlziet.nl\/metadataimportimages\/source\/E935A54A7903D8C0FB6D9A90BD91C7AE3CED5DBD71F5846062C326DA7BCD62F7.jpg"},"logo":{"normalUrl":"https:\/\/cdn.nlziet.nl\/static\/assets\/contentproviders\/npo.png","darkUrl":"https:\/\/cdn.nlziet.nl\/static\/assets\/contentproviders\/dark\/npo.png","flatUrl":"https:\/\/cdn.nlziet.nl\/static\/assets\/contentproviders\/flat\/npo.png"},"tags":[],"seriesId":"6JNC-1-6i0KUh0PX3tUNkg"},{"id":"91xCHQiOZUqqCwK7_1yleA","type":"Vod","title":"Erica op Reis","subtitle":"Sulawesi","description":"MAX - Op het Indonesische eiland Sulawesi - het voormalige Celebes - bezoekt Erica Terpstra het land van de Toraja: het volk dat bekend staat om de bijzonder uitgebreide begrafenisrituelen. Ze maakt daar als gast een even indrukwekkende als wonderlijke begrafenisceremonie mee, waarbij tientallen waterbuffels en varkens worden geofferd. Ook bezoekt ze de Bugis, volk van zeevaarders en piraten, die hun huizen op het water hebben gebouwd. Ze heeft daar onder meer een ontmoeting met een Bissu: een transseksuele priester die een bijzondere plaats inneemt in de gemeenschap.","formattedEpisodeNumbering":"S3:A2","formattedDate":"Vr 29 nov. 2013","formattedDateShort":"Nov. 2013","formattedTime":"22:24","formattedDuration":"50m","formattedAvailabilityWindow":null,"formattedAvailabilityWindowShort":null,"image":{"portraitUrl":null,"landscapeUrl":"https:\/\/images.nlziet.nl\/metadataimportimages\/source\/DC7CAB05432B6D1EECDA26666EDAC9C971C1C1AC55F9F08DA1F58346102705F7.jpg"},"logo":{"normalUrl":"https:\/\/cdn.nlziet.nl\/static\/assets\/contentproviders\/npo.png","darkUrl":"https:\/\/cdn.nlziet.nl\/static\/assets\/contentproviders\/dark\/npo.png","flatUrl":"https:\/\/cdn.nlziet.nl\/static\/assets\/contentproviders\/flat\/npo.png"},"tags":[],"seriesId":"6JNC-1-6i0KUh0PX3tUNkg"}]