[{"id":"u--LRt5iNE207MIPJsmRHA","type":"Vod","title":"Het mooiste meisje van de klas","subtitle":"Miriam","description":"AVROTROS - Miriam wordt geboren in de jaren zeventig. Het Algerijnse bloed van haar vader en het Texelse bloed van haar moeder geven haar een exotische look waar menig student in de jaren negentig zijn studieboek even voor neerlegt. Miriam focust zich vooral op school, want thuis gaat niet alles even goed. Als Miriam drie jaar is, verdwijnt haar vader uit haar leven. Vier jaar later duikt hij weer op en komt weer bij haar moeder wonen, maar daarmee breekt een onrustige thuissituatie aan. Miriam probeert zo goed als het kan de boel onder controle te houden, maar tegelijkertijd ook volop van het leven te genieten. Jaap ontmoet de Amsterdamse Miriam in Barcelona.","formattedEpisodeNumbering":"S2022:A5","formattedDate":"Di 31 mei.","formattedDateShort":"Di 31 mei.","formattedTime":"21:20","formattedDuration":"45m","formattedAvailabilityWindow":null,"formattedAvailabilityWindowShort":null,"image":{"portraitUrl":null,"landscapeUrl":"https:\/\/images.nlziet.nl\/metadataimportimages\/source\/89414DFD40F68C705782B8D0AC24D16501281E716D672F1CF5C563BFFCCA1F2C.jpg"},"logo":{"normalUrl":"https:\/\/cdn.nlziet.nl\/static\/assets\/contentproviders\/npo.png","darkUrl":"https:\/\/cdn.nlziet.nl\/static\/assets\/contentproviders\/dark\/npo.png","flatUrl":"https:\/\/cdn.nlziet.nl\/static\/assets\/contentproviders\/flat\/npo.png"},"tags":[],"seriesId":"6QApQZDaZ0Gc_9gWZDJFZA"},{"id":"jhi11yML80ecGZG3LCHIpA","type":"Vod","title":"Het mooiste meisje van de klas","subtitle":"Alexandra","description":"AVROTROS - Alexandra Leijs staat in haar dorp Langedijk bekend als het balletmeisje met de lichtgroene ogen. Op 11-jarige leeftijd wordt ze gevraagd voor het Koninklijk Conservatorium in Den Haag. Ze weet niet hoe snel ze de stap moet zetten en verhuist naar een pleeggezin. Het zijn lange dagen die Alexandra doorbrengt op de dansvloer en daarnaast volgt ze ook nog gewone lessen. Terwijl ze haar tijd in Den Haag dansend doorbrengt, gaat het thuis in Langedijk mis. Haar zus Roswitha is ernstig ziek en onthult op haar sterfbed een familiegeheim. Een geheim dat Alexandra haar leven voorgoed verandert.","formattedEpisodeNumbering":"S2022:A4","formattedDate":"Di 24 mei.","formattedDateShort":"Di 24 mei.","formattedTime":"21:26","formattedDuration":"44m","formattedAvailabilityWindow":null,"formattedAvailabilityWindowShort":null,"image":{"portraitUrl":null,"landscapeUrl":"https:\/\/images.nlziet.nl\/metadataimportimages\/source\/1A587BB567EFD2477A794F5122E7AC4A896EB8F0CB485DA8C03246D428B22FE0.jpg"},"logo":{"normalUrl":"https:\/\/cdn.nlziet.nl\/static\/assets\/contentproviders\/npo.png","darkUrl":"https:\/\/cdn.nlziet.nl\/static\/assets\/contentproviders\/dark\/npo.png","flatUrl":"https:\/\/cdn.nlziet.nl\/static\/assets\/contentproviders\/flat\/npo.png"},"tags":[],"seriesId":"6QApQZDaZ0Gc_9gWZDJFZA"},{"id":"RthiWeW98Ui0vMHMZuWWMw","type":"Vod","title":"Het mooiste meisje van de klas","subtitle":"Femke","description":"AVROTROS - Femke Huijsmans, het meisje met de stralende lach en de mooie ogen, wordt op haar achtste wees. Samen met haar zus wordt ze in een pleeggezin geplaatst. Maar wat haar klasgenoten op 't Hooghe Landt in Amersfoort niet weten, is dat het opgroeien in het pleeggezin een traumatische ervaring is voor Femke. Ondanks het overlijden van haar ouders en de vervelende ervaring van het pleeggezin is Femke geen meisje dat bij de pakken neer gaat zitten en wil ze alles uit het leven halen. Wat Femke in haar hoofd heeft moet en zal gebeuren. Deze karaktereigenschap brengt haar letterlijk heel ver en over zee.","formattedEpisodeNumbering":"S2022:A2","formattedDate":"Do 21 apr.","formattedDateShort":"Do 21 apr.","formattedTime":"21:36","formattedDuration":"45m","formattedAvailabilityWindow":null,"formattedAvailabilityWindowShort":null,"image":{"portraitUrl":null,"landscapeUrl":"https:\/\/images.nlziet.nl\/metadataimportimages\/source\/6AE3F9049FC17C6BFDF378DE054F24F0E5F06805545EDBBD6A80332B785E85A3.jpg"},"logo":{"normalUrl":"https:\/\/cdn.nlziet.nl\/static\/assets\/contentproviders\/npo.png","darkUrl":"https:\/\/cdn.nlziet.nl\/static\/assets\/contentproviders\/dark\/npo.png","flatUrl":"https:\/\/cdn.nlziet.nl\/static\/assets\/contentproviders\/flat\/npo.png"},"tags":[],"seriesId":"6QApQZDaZ0Gc_9gWZDJFZA"},{"id":"095NW8jk2Uemn-m6ZaUeZw","type":"Vod","title":"Het mooiste meisje van de klas","subtitle":"Esther","description":"AVROTROS - In de jaren negentig trekt de vrolijke Esther met haar lange blonde haren op het Sint-Michiel in Geleen de aandacht van veel jongens. Hoewel Esther de aandacht van de jongens leuk vindt, heeft ze nooit vriendjes. Ze is vooral bezig met \u00e9\u00e9n man in haar leven en dat is haar vader. Hij krijgt als Esther twaalf jaar is te horen dat hij een hersentumor heeft. Een leven met pieken en dalen volgt. Maar als ze veertig is, slaat het onheil opnieuw toe. Ook Esther krijgt te maken met een hersentumor. Desondanks blijft Esther vrienden en familie verbazen met de levenslust en positiviteit waarmee ze in het leven blijft staan.","formattedEpisodeNumbering":"S2022:A1","formattedDate":"Ma 31 jan.","formattedDateShort":"Ma 31 jan.","formattedTime":"21:30","formattedDuration":"44m","formattedAvailabilityWindow":null,"formattedAvailabilityWindowShort":null,"image":{"portraitUrl":null,"landscapeUrl":"https:\/\/images.nlziet.nl\/metadataimportimages\/source\/5A95054063B2CA85EC0A2F6E82DEEB3FCF5B770D5F17A08FDF77870D53075EFF.jpg"},"logo":{"normalUrl":"https:\/\/cdn.nlziet.nl\/static\/assets\/contentproviders\/npo.png","darkUrl":"https:\/\/cdn.nlziet.nl\/static\/assets\/contentproviders\/dark\/npo.png","flatUrl":"https:\/\/cdn.nlziet.nl\/static\/assets\/contentproviders\/flat\/npo.png"},"tags":[],"seriesId":"6QApQZDaZ0Gc_9gWZDJFZA"}]