[{"id":"qfzvEkQNK0y178E71AND5A","type":"Vod","title":"24 Uur In De E.R.","subtitle":"Afl. 11","description":"RTL5 - Realityserie over de eerstehulpafdeling van St. George's Hospital in Zuid-Londen, een van de grootste ziekenhuizen van Groot-Brittanni\u00eb. De artsen en hulpbehoevende pati\u00ebnten worden 24 uur per dag van dichtbij gevolgd.","formattedEpisodeNumbering":null,"formattedDate":"Ma 30 mei.","formattedDateShort":"Ma 30 mei.","formattedTime":"21:50","formattedDuration":"45m","formattedAvailabilityWindow":"Vandaag nog beschikbaar","formattedAvailabilityWindowShort":"Nog 1 d. beschikbaar","image":{"portraitUrl":null,"landscapeUrl":"https:\/\/images.nlziet.nl\/metadataimportimages\/source\/4BF62868E94CA64AEFEC2D8736F1A769693EEE67BC2B28FB6BBADA17799C458F.jpg"},"logo":{"normalUrl":"https:\/\/cdn.nlziet.nl\/static\/assets\/contentproviders\/rtl.png","darkUrl":"https:\/\/cdn.nlziet.nl\/static\/assets\/contentproviders\/dark\/rtl.png","flatUrl":"https:\/\/cdn.nlziet.nl\/static\/assets\/contentproviders\/flat\/rtl.png"},"tags":[],"seriesId":"6xFPBKN0Xk-0sU6crWAQ3A"}]