[{"id":"aUBkc2ZWpkCgHJ0qo-esqw","type":"Vod","title":"Heidi","subtitle":"Mijn beste vriendin","description":"AVROTROS - Peter beschrijft in een opstel hoe zijn leven is veranderd sinds Heidi in zijn leven stapte.","formattedEpisodeNumbering":null,"formattedDate":"Ma 5 okt. 2020","formattedDateShort":"Okt. 2020","formattedTime":"12:35","formattedDuration":"21m","formattedAvailabilityWindow":null,"formattedAvailabilityWindowShort":null,"image":{"portraitUrl":null,"landscapeUrl":"https:\/\/images.nlziet.nl\/metadataimportimages\/source\/81D931584C74DCE6081E8C6A0D0A5A256DE3B96C0D68E245AF626869BD1502AB.jpg"},"logo":{"normalUrl":"https:\/\/cdn.nlziet.nl\/static\/assets\/contentproviders\/npo.png","darkUrl":"https:\/\/cdn.nlziet.nl\/static\/assets\/contentproviders\/dark\/npo.png","flatUrl":"https:\/\/cdn.nlziet.nl\/static\/assets\/contentproviders\/flat\/npo.png"},"tags":[],"seriesId":"8NR_GQDFb0CoXfz_78JLNQ"},{"id":"_GocR6rC3ka1SXzQpV9Atg","type":"Vod","title":"Heidi","subtitle":"Een moeilijke keuze","description":"AVROTROS - Heidi mag een test doen voor een toelatingsexamen voor een academie in Zurich, maar is ze echt bereid haar geliefde bergen te verlaten?","formattedEpisodeNumbering":null,"formattedDate":"Vr 2 okt. 2020","formattedDateShort":"Okt. 2020","formattedTime":"12:35","formattedDuration":"23m","formattedAvailabilityWindow":null,"formattedAvailabilityWindowShort":null,"image":{"portraitUrl":null,"landscapeUrl":"https:\/\/images.nlziet.nl\/metadataimportimages\/source\/704B327988580D2FB1FE24FDCEC1437276CA964E0AD8DC62BEBFB1690E33430E.jpg"},"logo":{"normalUrl":"https:\/\/cdn.nlziet.nl\/static\/assets\/contentproviders\/npo.png","darkUrl":"https:\/\/cdn.nlziet.nl\/static\/assets\/contentproviders\/dark\/npo.png","flatUrl":"https:\/\/cdn.nlziet.nl\/static\/assets\/contentproviders\/flat\/npo.png"},"tags":[],"seriesId":"8NR_GQDFb0CoXfz_78JLNQ"},{"id":"b_rgU_3EjkuYdoHi9fh2iQ","type":"Vod","title":"Heidi","subtitle":"Een tegenslag","description":"AVROTROS - Peter besluit de Witte Piek te beklimmen om kwarts te zoeken. Hij komt in de mist terecht en verliest zijn uitrusting en de gevonden kwarts. Gelukkig had Heidi door wat hij van plan was en ze redt hem, met hulp van Anton.","formattedEpisodeNumbering":null,"formattedDate":"Do 1 okt. 2020","formattedDateShort":"Okt. 2020","formattedTime":"12:35","formattedDuration":"24m","formattedAvailabilityWindow":null,"formattedAvailabilityWindowShort":null,"image":{"portraitUrl":null,"landscapeUrl":"https:\/\/images.nlziet.nl\/metadataimportimages\/source\/69862FCC6152F96CD3B22019A8D239F54A159E90BC5BFEA7DFA38192BC84DBB0.jpg"},"logo":{"normalUrl":"https:\/\/cdn.nlziet.nl\/static\/assets\/contentproviders\/npo.png","darkUrl":"https:\/\/cdn.nlziet.nl\/static\/assets\/contentproviders\/dark\/npo.png","flatUrl":"https:\/\/cdn.nlziet.nl\/static\/assets\/contentproviders\/flat\/npo.png"},"tags":[],"seriesId":"8NR_GQDFb0CoXfz_78JLNQ"},{"id":"D7oXMI-GnkW6mwcJVSJlnA","type":"Vod","title":"Heidi","subtitle":"De bijenkast","description":"AVROTROS - Peter komt terug uit Frankfurt en besluit imker te worden en kaas te gaan maken, terwijl Rico en Heidi de geiten verzorgen.","formattedEpisodeNumbering":null,"formattedDate":"Wo 30 sep. 2020","formattedDateShort":"Sep. 2020","formattedTime":"13:35","formattedDuration":"22m","formattedAvailabilityWindow":null,"formattedAvailabilityWindowShort":null,"image":{"portraitUrl":null,"landscapeUrl":"https:\/\/images.nlziet.nl\/metadataimportimages\/source\/0A9D59BE5B614BD797840745F0697064141FD6FBB50E0236E6C4C0A11FF2F7CB.jpg"},"logo":{"normalUrl":"https:\/\/cdn.nlziet.nl\/static\/assets\/contentproviders\/npo.png","darkUrl":"https:\/\/cdn.nlziet.nl\/static\/assets\/contentproviders\/dark\/npo.png","flatUrl":"https:\/\/cdn.nlziet.nl\/static\/assets\/contentproviders\/flat\/npo.png"},"tags":[],"seriesId":"8NR_GQDFb0CoXfz_78JLNQ"},{"id":"9ro5TIF6MkGD1jWOTjM4EA","type":"Vod","title":"Heidi","subtitle":"Anna","description":"AVROTROS - Heidi heeft een kaart gestuurd naar Alice di Borgo. Ze vraagt Alice om naar D\u00f6rfli te komen.","formattedEpisodeNumbering":null,"formattedDate":"Di 29 sep. 2020","formattedDateShort":"Sep. 2020","formattedTime":"12:35","formattedDuration":"23m","formattedAvailabilityWindow":null,"formattedAvailabilityWindowShort":null,"image":{"portraitUrl":null,"landscapeUrl":"https:\/\/images.nlziet.nl\/metadataimportimages\/source\/53F798331462B0C38E08239F0D7BC89BE96DBE55D855B9676994F5A03E0C0F36.jpg"},"logo":{"normalUrl":"https:\/\/cdn.nlziet.nl\/static\/assets\/contentproviders\/npo.png","darkUrl":"https:\/\/cdn.nlziet.nl\/static\/assets\/contentproviders\/dark\/npo.png","flatUrl":"https:\/\/cdn.nlziet.nl\/static\/assets\/contentproviders\/flat\/npo.png"},"tags":[],"seriesId":"8NR_GQDFb0CoXfz_78JLNQ"},{"id":"lwEZ1vZUr06cPfqk_nbWyA","type":"Vod","title":"Heidi","subtitle":"De wolpertinger","description":"AVROTROS - Francesco en Rico verhuizen naar hun eigen chalet, vlak voor de start van het jaarlijkse Wolpertinger festival.","formattedEpisodeNumbering":null,"formattedDate":"Ma 28 sep. 2020","formattedDateShort":"Sep. 2020","formattedTime":"12:35","formattedDuration":"23m","formattedAvailabilityWindow":null,"formattedAvailabilityWindowShort":null,"image":{"portraitUrl":null,"landscapeUrl":"https:\/\/images.nlziet.nl\/metadataimportimages\/source\/F020FDACC3304A02C1987BADA92141C37A6AFEE9C359C3C2E3BCDDCFCB6B679D.jpg"},"logo":{"normalUrl":"https:\/\/cdn.nlziet.nl\/static\/assets\/contentproviders\/npo.png","darkUrl":"https:\/\/cdn.nlziet.nl\/static\/assets\/contentproviders\/dark\/npo.png","flatUrl":"https:\/\/cdn.nlziet.nl\/static\/assets\/contentproviders\/flat\/npo.png"},"tags":[],"seriesId":"8NR_GQDFb0CoXfz_78JLNQ"},{"id":"Npa_STbK-US9Qh6tq6MEOA","type":"Vod","title":"Heidi","subtitle":"Het ongeluk","description":"AVROTROS - Meneer Keller komt onder een boom terecht en mevrouw Keller gaat met hem naar het ziekenhuis. Heidi helpt Theresa in de winkel.","formattedEpisodeNumbering":null,"formattedDate":"Vr 25 sep. 2020","formattedDateShort":"Sep. 2020","formattedTime":"12:30","formattedDuration":"22m","formattedAvailabilityWindow":null,"formattedAvailabilityWindowShort":null,"image":{"portraitUrl":null,"landscapeUrl":"https:\/\/images.nlziet.nl\/metadataimportimages\/source\/790F18AC44A7EC956B69ACFF48D2660788096B5A4DEC20E1B4512929D561E468.jpg"},"logo":{"normalUrl":"https:\/\/cdn.nlziet.nl\/static\/assets\/contentproviders\/npo.png","darkUrl":"https:\/\/cdn.nlziet.nl\/static\/assets\/contentproviders\/dark\/npo.png","flatUrl":"https:\/\/cdn.nlziet.nl\/static\/assets\/contentproviders\/flat\/npo.png"},"tags":[],"seriesId":"8NR_GQDFb0CoXfz_78JLNQ"},{"id":"fX5u1AMpNUWIj1368dRxOw","type":"Vod","title":"Heidi","subtitle":"De berg in gevaar","description":"AVROTROS - Heidi en Rico achtervolgen meneer Mason als hij de berg opklimt.","formattedEpisodeNumbering":null,"formattedDate":"Do 24 sep. 2020","formattedDateShort":"Sep. 2020","formattedTime":"12:25","formattedDuration":"22m","formattedAvailabilityWindow":null,"formattedAvailabilityWindowShort":null,"image":{"portraitUrl":null,"landscapeUrl":"https:\/\/images.nlziet.nl\/metadataimportimages\/source\/671508B9E9A9114298C0AB346C70EDE33EA1D305B622EA7FED4C266FF6C5D23A.jpg"},"logo":{"normalUrl":"https:\/\/cdn.nlziet.nl\/static\/assets\/contentproviders\/npo.png","darkUrl":"https:\/\/cdn.nlziet.nl\/static\/assets\/contentproviders\/dark\/npo.png","flatUrl":"https:\/\/cdn.nlziet.nl\/static\/assets\/contentproviders\/flat\/npo.png"},"tags":[],"seriesId":"8NR_GQDFb0CoXfz_78JLNQ"},{"id":"WyFHyD_zSkGD2LKq758XBQ","type":"Vod","title":"Heidi","subtitle":"Het chalet","description":"AVROTROS - Heidi en grootvader zijn eindelijk terug in de bergen. Tot hun grote schrik blijkt hun chalet verwoest te zijn door een lawine.","formattedEpisodeNumbering":null,"formattedDate":"Wo 23 sep. 2020","formattedDateShort":"Sep. 2020","formattedTime":"12:30","formattedDuration":"22m","formattedAvailabilityWindow":null,"formattedAvailabilityWindowShort":null,"image":{"portraitUrl":null,"landscapeUrl":"https:\/\/images.nlziet.nl\/metadataimportimages\/source\/CE844122F8204F535A70D3E522C436B7E512658694663AE80FF9715B4B3A149A.jpg"},"logo":{"normalUrl":"https:\/\/cdn.nlziet.nl\/static\/assets\/contentproviders\/npo.png","darkUrl":"https:\/\/cdn.nlziet.nl\/static\/assets\/contentproviders\/dark\/npo.png","flatUrl":"https:\/\/cdn.nlziet.nl\/static\/assets\/contentproviders\/flat\/npo.png"},"tags":[],"seriesId":"8NR_GQDFb0CoXfz_78JLNQ"},{"id":"JCTl7BI_I0Kme7h3lt6gGA","type":"Vod","title":"Heidi","subtitle":"Onder de kerstboom","description":"AVROTROS - Grootvader en Heidi vragen Frieda of ze de kerstdagen in hun chalet in D\u00f6rfli door wil brengen.","formattedEpisodeNumbering":null,"formattedDate":"Di 22 sep. 2020","formattedDateShort":"Sep. 2020","formattedTime":"12:30","formattedDuration":"23m","formattedAvailabilityWindow":null,"formattedAvailabilityWindowShort":null,"image":{"portraitUrl":null,"landscapeUrl":"https:\/\/images.nlziet.nl\/metadataimportimages\/source\/E874004A17F5E0030A9FD11FA3F7354622F2D1837C76F877CEEAF390767F8DA6.jpg"},"logo":{"normalUrl":"https:\/\/cdn.nlziet.nl\/static\/assets\/contentproviders\/npo.png","darkUrl":"https:\/\/cdn.nlziet.nl\/static\/assets\/contentproviders\/dark\/npo.png","flatUrl":"https:\/\/cdn.nlziet.nl\/static\/assets\/contentproviders\/flat\/npo.png"},"tags":[],"seriesId":"8NR_GQDFb0CoXfz_78JLNQ"},{"id":"NXDhPddQPkmtR0iZUdlBHQ","type":"Vod","title":"Heidi","subtitle":"Een kwestie van tijd","description":"AVROTROS - Peter is op stap met zijn vader Anton. De klok van de bibliotheek gaat stuk en Peter en mag helpen met de reparatie.","formattedEpisodeNumbering":null,"formattedDate":"Ma 21 sep. 2020","formattedDateShort":"Sep. 2020","formattedTime":"12:30","formattedDuration":"23m","formattedAvailabilityWindow":null,"formattedAvailabilityWindowShort":null,"image":{"portraitUrl":null,"landscapeUrl":"https:\/\/images.nlziet.nl\/metadataimportimages\/source\/99A25887949334BAED4F94412EB73C3042A69C2F180E760EC06F78FFDEE8CACD.jpg"},"logo":{"normalUrl":"https:\/\/cdn.nlziet.nl\/static\/assets\/contentproviders\/npo.png","darkUrl":"https:\/\/cdn.nlziet.nl\/static\/assets\/contentproviders\/dark\/npo.png","flatUrl":"https:\/\/cdn.nlziet.nl\/static\/assets\/contentproviders\/flat\/npo.png"},"tags":[],"seriesId":"8NR_GQDFb0CoXfz_78JLNQ"},{"id":"oRGfDD-xqEW1VkCQG6V_hg","type":"Vod","title":"Heidi","subtitle":"Herenigd","description":"AVROTROS - Heidi komt erachter dat haar grootmoeder Anna toch wel Alice di Borgo is, de vrouw die ze in Frankfurt ontmoette.","formattedEpisodeNumbering":null,"formattedDate":"Vr 18 sep. 2020","formattedDateShort":"Sep. 2020","formattedTime":"12:30","formattedDuration":"23m","formattedAvailabilityWindow":null,"formattedAvailabilityWindowShort":null,"image":{"portraitUrl":null,"landscapeUrl":"https:\/\/images.nlziet.nl\/metadataimportimages\/source\/631C1827953C508209676A484F719EA5EE119FDBEB877C0AA60A174CE2A163BC.jpg"},"logo":{"normalUrl":"https:\/\/cdn.nlziet.nl\/static\/assets\/contentproviders\/npo.png","darkUrl":"https:\/\/cdn.nlziet.nl\/static\/assets\/contentproviders\/dark\/npo.png","flatUrl":"https:\/\/cdn.nlziet.nl\/static\/assets\/contentproviders\/flat\/npo.png"},"tags":[],"seriesId":"8NR_GQDFb0CoXfz_78JLNQ"},{"id":"xT3v7ihRE0W6lz2UdoVa6A","type":"Vod","title":"Heidi","subtitle":"Het huwelijk is aangekondigd","description":"AVROTROS - Klara doet alsof ze weer verlamd is geraakt om de trouwerij van haar vader en Elizabeth te voorkomen.","formattedEpisodeNumbering":null,"formattedDate":"Do 17 sep. 2020","formattedDateShort":"Sep. 2020","formattedTime":"12:30","formattedDuration":"22m","formattedAvailabilityWindow":null,"formattedAvailabilityWindowShort":null,"image":{"portraitUrl":null,"landscapeUrl":"https:\/\/images.nlziet.nl\/metadataimportimages\/source\/C4238B9103B15F647DE41A525C9C4563F82378B5B2CEEB844CD21457F3D971C8.jpg"},"logo":{"normalUrl":"https:\/\/cdn.nlziet.nl\/static\/assets\/contentproviders\/npo.png","darkUrl":"https:\/\/cdn.nlziet.nl\/static\/assets\/contentproviders\/dark\/npo.png","flatUrl":"https:\/\/cdn.nlziet.nl\/static\/assets\/contentproviders\/flat\/npo.png"},"tags":[],"seriesId":"8NR_GQDFb0CoXfz_78JLNQ"},{"id":"DsIc_lEA3Ea5L5lbb7RkcQ","type":"Vod","title":"Heidi","subtitle":"De koppelaars","description":"AVROTROS - Heidi en Klara proberen meneer Sesemann te koppelen aan juffrouw Linke.","formattedEpisodeNumbering":null,"formattedDate":"Wo 16 sep. 2020","formattedDateShort":"Sep. 2020","formattedTime":"12:25","formattedDuration":"23m","formattedAvailabilityWindow":null,"formattedAvailabilityWindowShort":null,"image":{"portraitUrl":null,"landscapeUrl":"https:\/\/images.nlziet.nl\/metadataimportimages\/source\/D2F21E6ABE23850BCA1AE75C21B69ABCFFD6E28DDD089131E1B0E36F39BFEABD.jpg"},"logo":{"normalUrl":"https:\/\/cdn.nlziet.nl\/static\/assets\/contentproviders\/npo.png","darkUrl":"https:\/\/cdn.nlziet.nl\/static\/assets\/contentproviders\/dark\/npo.png","flatUrl":"https:\/\/cdn.nlziet.nl\/static\/assets\/contentproviders\/flat\/npo.png"},"tags":[],"seriesId":"8NR_GQDFb0CoXfz_78JLNQ"},{"id":"8KArq9SGt0GIrL9nMP7fmA","type":"Vod","title":"Heidi","subtitle":"De dame in het rood","description":"AVROTROS - Tijdens een wandeling ziet grootvader een dame in rood lopen die enorm lijkt op zijn verdwenen vrouw Anna. Heidi gaat op onderzoek uit.","formattedEpisodeNumbering":null,"formattedDate":"Di 15 sep. 2020","formattedDateShort":"Sep. 2020","formattedTime":"12:35","formattedDuration":"23m","formattedAvailabilityWindow":null,"formattedAvailabilityWindowShort":null,"image":{"portraitUrl":null,"landscapeUrl":"https:\/\/images.nlziet.nl\/metadataimportimages\/source\/03A9E7FA5678BACFE3A9AD4CD65ED090EB0BE8896C30684C3AF12A78544587C6.jpg"},"logo":{"normalUrl":"https:\/\/cdn.nlziet.nl\/static\/assets\/contentproviders\/npo.png","darkUrl":"https:\/\/cdn.nlziet.nl\/static\/assets\/contentproviders\/dark\/npo.png","flatUrl":"https:\/\/cdn.nlziet.nl\/static\/assets\/contentproviders\/flat\/npo.png"},"tags":[],"seriesId":"8NR_GQDFb0CoXfz_78JLNQ"},{"id":"CzpGOTRNj0OMFqG-C-5GEA","type":"Vod","title":"Heidi","subtitle":"De operatie","description":"AVROTROS - Grootvader heeft toegestemd in een operatie en schrijft een testament voor als er iets fout gaat.","formattedEpisodeNumbering":null,"formattedDate":"Ma 14 sep. 2020","formattedDateShort":"Sep. 2020","formattedTime":"12:30","formattedDuration":"21m","formattedAvailabilityWindow":null,"formattedAvailabilityWindowShort":null,"image":{"portraitUrl":null,"landscapeUrl":"https:\/\/images.nlziet.nl\/metadataimportimages\/source\/A8EE98A63C638D52C3B8C907ED043BF43EE3370F584F3402868BFBA9DB907BB3.jpg"},"logo":{"normalUrl":"https:\/\/cdn.nlziet.nl\/static\/assets\/contentproviders\/npo.png","darkUrl":"https:\/\/cdn.nlziet.nl\/static\/assets\/contentproviders\/dark\/npo.png","flatUrl":"https:\/\/cdn.nlziet.nl\/static\/assets\/contentproviders\/flat\/npo.png"},"tags":[],"seriesId":"8NR_GQDFb0CoXfz_78JLNQ"},{"id":"XuimEyQGrEaYK5hBWZTl7g","type":"Vod","title":"Heidi","subtitle":"De keuze","description":"AVROTROS - Heidi en grootvader zijn in Frankfurt. Dokter Beckmann vertelt grootvader dat hij geopereerd moet worden.","formattedEpisodeNumbering":null,"formattedDate":"Vr 11 sep. 2020","formattedDateShort":"Sep. 2020","formattedTime":"12:35","formattedDuration":"22m","formattedAvailabilityWindow":null,"formattedAvailabilityWindowShort":null,"image":{"portraitUrl":null,"landscapeUrl":"https:\/\/images.nlziet.nl\/metadataimportimages\/source\/A0017712B35C2F332F19B7018339AC5D7E4124A5D793CE564E56B3295ABBCFF5.jpg"},"logo":{"normalUrl":"https:\/\/cdn.nlziet.nl\/static\/assets\/contentproviders\/npo.png","darkUrl":"https:\/\/cdn.nlziet.nl\/static\/assets\/contentproviders\/dark\/npo.png","flatUrl":"https:\/\/cdn.nlziet.nl\/static\/assets\/contentproviders\/flat\/npo.png"},"tags":[],"seriesId":"8NR_GQDFb0CoXfz_78JLNQ"},{"id":"KY1AeWNwLEi7oM72P5rNNw","type":"Vod","title":"Heidi","subtitle":"Het besluit","description":"AVROTROS - Grootvader moet geopereerd worden en wil in zijn eentje naar Frankfurt gaan. Heidi ziet dit niet zitten en ze besluit met hem mee te reizen.","formattedEpisodeNumbering":null,"formattedDate":"Do 10 sep. 2020","formattedDateShort":"Sep. 2020","formattedTime":"12:30","formattedDuration":"22m","formattedAvailabilityWindow":null,"formattedAvailabilityWindowShort":null,"image":{"portraitUrl":null,"landscapeUrl":"https:\/\/images.nlziet.nl\/metadataimportimages\/source\/99D55F66364289414849F827EE2058E926164EF3DF1D6BCFBD07E520E7DA6529.jpg"},"logo":{"normalUrl":"https:\/\/cdn.nlziet.nl\/static\/assets\/contentproviders\/npo.png","darkUrl":"https:\/\/cdn.nlziet.nl\/static\/assets\/contentproviders\/dark\/npo.png","flatUrl":"https:\/\/cdn.nlziet.nl\/static\/assets\/contentproviders\/flat\/npo.png"},"tags":[],"seriesId":"8NR_GQDFb0CoXfz_78JLNQ"},{"id":"cFHhYsE5UUqaqvFno-etQA","type":"Vod","title":"Heidi","subtitle":"Het horloge","description":"AVROTROS - Het horloge van Peter gaat stuk. Hij vraagt grootvader of het horloge gerepareerd kan worden.","formattedEpisodeNumbering":null,"formattedDate":"Wo 9 sep. 2020","formattedDateShort":"Sep. 2020","formattedTime":"12:30","formattedDuration":"22m","formattedAvailabilityWindow":null,"formattedAvailabilityWindowShort":null,"image":{"portraitUrl":null,"landscapeUrl":"https:\/\/images.nlziet.nl\/metadataimportimages\/source\/632ED0A69FC44CEEFBA9C69A4CAE528A7F79BDCEB734C2F58614F871C0C6DA72.jpg"},"logo":{"normalUrl":"https:\/\/cdn.nlziet.nl\/static\/assets\/contentproviders\/npo.png","darkUrl":"https:\/\/cdn.nlziet.nl\/static\/assets\/contentproviders\/dark\/npo.png","flatUrl":"https:\/\/cdn.nlziet.nl\/static\/assets\/contentproviders\/flat\/npo.png"},"tags":[],"seriesId":"8NR_GQDFb0CoXfz_78JLNQ"},{"id":"HoGz8eDfMUmCCoKYQSmrBg","type":"Vod","title":"Heidi","subtitle":"Francesco","description":"AVROTROS - Eindelijk arriveert Francesco, de vader van Rico, in het dorp. Heidi en Peter schrikken als ze horen dat Francesco gelijk wil doorreizen naar Marseille.","formattedEpisodeNumbering":null,"formattedDate":"Di 8 sep. 2020","formattedDateShort":"Sep. 2020","formattedTime":"12:35","formattedDuration":"21m","formattedAvailabilityWindow":null,"formattedAvailabilityWindowShort":null,"image":{"portraitUrl":null,"landscapeUrl":"https:\/\/images.nlziet.nl\/metadataimportimages\/source\/C539D097BB60FF70A74A97556D57E9272576B1EC7B8736136731DA0B2D3CE35F.jpg"},"logo":{"normalUrl":"https:\/\/cdn.nlziet.nl\/static\/assets\/contentproviders\/npo.png","darkUrl":"https:\/\/cdn.nlziet.nl\/static\/assets\/contentproviders\/dark\/npo.png","flatUrl":"https:\/\/cdn.nlziet.nl\/static\/assets\/contentproviders\/flat\/npo.png"},"tags":[],"seriesId":"8NR_GQDFb0CoXfz_78JLNQ"},{"id":"poQF9JPuYECnu4orTrtZfw","type":"Vod","title":"Heidi","subtitle":"De viool","description":"AVROTROS - Het feest om het nieuwe schooljaar te openen staat voor de deur en Rico mag optreden met zijn viool. Theresa is jaloers en besluit de viool te stelen.","formattedEpisodeNumbering":null,"formattedDate":"Ma 7 sep. 2020","formattedDateShort":"Sep. 2020","formattedTime":"12:35","formattedDuration":"22m","formattedAvailabilityWindow":null,"formattedAvailabilityWindowShort":null,"image":{"portraitUrl":null,"landscapeUrl":"https:\/\/images.nlziet.nl\/metadataimportimages\/source\/166B23051FEB4B83BF1440600EC519E28F5217DF934DA6F5EE0AB58C5085AF69.jpg"},"logo":{"normalUrl":"https:\/\/cdn.nlziet.nl\/static\/assets\/contentproviders\/npo.png","darkUrl":"https:\/\/cdn.nlziet.nl\/static\/assets\/contentproviders\/dark\/npo.png","flatUrl":"https:\/\/cdn.nlziet.nl\/static\/assets\/contentproviders\/flat\/npo.png"},"tags":[],"seriesId":"8NR_GQDFb0CoXfz_78JLNQ"},{"id":"_AcDaH3oQ0Gyck09xP9MtQ","type":"Vod","title":"Heidi","subtitle":"Het geheim van Brigitte","description":"AVROTROS - Peter sluit zijn boomhut voor de winter. Hij vraagt zijn moeder Brigitte hoe het nu eigenlijk zit met zijn vader en wil op onderzoek uit.","formattedEpisodeNumbering":null,"formattedDate":"Vr 4 sep. 2020","formattedDateShort":"Sep. 2020","formattedTime":"12:30","formattedDuration":"21m","formattedAvailabilityWindow":null,"formattedAvailabilityWindowShort":null,"image":{"portraitUrl":null,"landscapeUrl":"https:\/\/images.nlziet.nl\/metadataimportimages\/source\/A6AB30639254B218AC8DEEE1C11F876C9300FC7468AF76B00D4A1461AD00FC93.jpg"},"logo":{"normalUrl":"https:\/\/cdn.nlziet.nl\/static\/assets\/contentproviders\/npo.png","darkUrl":"https:\/\/cdn.nlziet.nl\/static\/assets\/contentproviders\/dark\/npo.png","flatUrl":"https:\/\/cdn.nlziet.nl\/static\/assets\/contentproviders\/flat\/npo.png"},"tags":[],"seriesId":"8NR_GQDFb0CoXfz_78JLNQ"},{"id":"MEgp0BHY_Ea7B-ILDzZfgQ","type":"Vod","title":"Heidi","subtitle":"De wedstrijd","description":"AVROTROS - Heidi en Peter gaan met de geiten naar een wedstrijd. Door toedoen van mevrouw Keller mogen ze zich niet inschrijven, maar dat laten ze niet op zich zitten.","formattedEpisodeNumbering":null,"formattedDate":"Do 3 sep. 2020","formattedDateShort":"Sep. 2020","formattedTime":"12:35","formattedDuration":"21m","formattedAvailabilityWindow":null,"formattedAvailabilityWindowShort":null,"image":{"portraitUrl":null,"landscapeUrl":"https:\/\/images.nlziet.nl\/metadataimportimages\/source\/C50BAD0B03D80FC4B3D6292218E663929099A0AA5F15BE426911C26A0AE2C18B.jpg"},"logo":{"normalUrl":"https:\/\/cdn.nlziet.nl\/static\/assets\/contentproviders\/npo.png","darkUrl":"https:\/\/cdn.nlziet.nl\/static\/assets\/contentproviders\/dark\/npo.png","flatUrl":"https:\/\/cdn.nlziet.nl\/static\/assets\/contentproviders\/flat\/npo.png"},"tags":[],"seriesId":"8NR_GQDFb0CoXfz_78JLNQ"},{"id":"cdE31cwzC0mzSrHXwPj2oA","type":"Vod","title":"Heidi","subtitle":"De bergwandeling","description":"AVROTROS - Grootvader valt tijdens een bergwandeling in een diepe kloof. Gelukkig weet Heidi hem op te sporen.","formattedEpisodeNumbering":null,"formattedDate":"Wo 2 sep. 2020","formattedDateShort":"Sep. 2020","formattedTime":"12:35","formattedDuration":"21m","formattedAvailabilityWindow":null,"formattedAvailabilityWindowShort":null,"image":{"portraitUrl":null,"landscapeUrl":"https:\/\/images.nlziet.nl\/metadataimportimages\/source\/604714698F5B70545146C1E610A5C1E876C81F36B8FC01B1F0EE814DCCA99E1E.jpg"},"logo":{"normalUrl":"https:\/\/cdn.nlziet.nl\/static\/assets\/contentproviders\/npo.png","darkUrl":"https:\/\/cdn.nlziet.nl\/static\/assets\/contentproviders\/dark\/npo.png","flatUrl":"https:\/\/cdn.nlziet.nl\/static\/assets\/contentproviders\/flat\/npo.png"},"tags":[],"seriesId":"8NR_GQDFb0CoXfz_78JLNQ"},{"id":"AVqd0NACQEuNaD7mRWkJ3w","type":"Vod","title":"Heidi","subtitle":"Rico","description":"AVROTROS - Heidi, Peter en grootvader gaan naar de markt om een nieuwe geit te kopen. Het Italiaanse jongetje Rico duikt op in D\u00f6rfli.","formattedEpisodeNumbering":null,"formattedDate":"Di 1 sep. 2020","formattedDateShort":"Sep. 2020","formattedTime":"12:35","formattedDuration":"21m","formattedAvailabilityWindow":null,"formattedAvailabilityWindowShort":null,"image":{"portraitUrl":null,"landscapeUrl":"https:\/\/images.nlziet.nl\/metadataimportimages\/source\/D88E79E0A667DFEF8B0D853D43F4DB7C2F46775BA6513CE48FE635CF2F813853.jpg"},"logo":{"normalUrl":"https:\/\/cdn.nlziet.nl\/static\/assets\/contentproviders\/npo.png","darkUrl":"https:\/\/cdn.nlziet.nl\/static\/assets\/contentproviders\/dark\/npo.png","flatUrl":"https:\/\/cdn.nlziet.nl\/static\/assets\/contentproviders\/flat\/npo.png"},"tags":[],"seriesId":"8NR_GQDFb0CoXfz_78JLNQ"},{"id":"NZgBBspG5E6XZ9cCs0BeJg","type":"Vod","title":"Heidi","subtitle":"Vaarwel Schweanli","description":"AVROTROS - Schweanli overlijdt en Bearli voelt zich alleen. Heidi en Peter willen een nieuwe geit kopen. Peter bedenkt een plan om geld te verdienen, maar brengt zichzelf daarbij in gevaar.","formattedEpisodeNumbering":null,"formattedDate":"Ma 31 aug. 2020","formattedDateShort":"Aug. 2020","formattedTime":"12:30","formattedDuration":"21m","formattedAvailabilityWindow":null,"formattedAvailabilityWindowShort":null,"image":{"portraitUrl":null,"landscapeUrl":"https:\/\/images.nlziet.nl\/metadataimportimages\/source\/75141E0BA07E36401FCA5DF037B175578D814FD8200F62384F29982EFEA2ACE4.jpg"},"logo":{"normalUrl":"https:\/\/cdn.nlziet.nl\/static\/assets\/contentproviders\/npo.png","darkUrl":"https:\/\/cdn.nlziet.nl\/static\/assets\/contentproviders\/dark\/npo.png","flatUrl":"https:\/\/cdn.nlziet.nl\/static\/assets\/contentproviders\/flat\/npo.png"},"tags":[],"seriesId":"8NR_GQDFb0CoXfz_78JLNQ"}]