[{"id":"qu3G8HKuOkKe-B0bgH2Xiw","type":"Vod","title":"Hot Tubs","subtitle":"Afl. 2","description":"RTLZ - Reportage over de wereld van bubbelbaden.","formattedEpisodeNumbering":null,"formattedDate":"Di 19 apr.","formattedDateShort":"Di 19 apr.","formattedTime":"22:25","formattedDuration":"42m","formattedAvailabilityWindow":null,"formattedAvailabilityWindowShort":null,"image":{"portraitUrl":null,"landscapeUrl":"https:\/\/images.nlziet.nl\/metadataimportimages\/source\/45BD83030D01D24ECA88F532FB7CDF026470D133DAC5B685FBBCCD2FBA315AEA.jpg"},"logo":{"normalUrl":"https:\/\/cdn.nlziet.nl\/static\/assets\/contentproviders\/rtl.png","darkUrl":"https:\/\/cdn.nlziet.nl\/static\/assets\/contentproviders\/dark\/rtl.png","flatUrl":"https:\/\/cdn.nlziet.nl\/static\/assets\/contentproviders\/flat\/rtl.png"},"tags":[],"seriesId":"7BNBuw9L_060-fToTMVUCg"},{"id":"pv5ypyRvCECme0LchYWCGg","type":"Vod","title":"Hot Tubs","subtitle":"Afl. 1","description":"RTLZ - Over de explosieve stijging van de verkoop van hottubs in Groot-Brittanni\u00eb. Een gesprek met hottub-liefhebbers en met mensen die rijk zijn geworden door de toenemende vraag naar deze bubbelbaden.","formattedEpisodeNumbering":null,"formattedDate":"Di 19 apr.","formattedDateShort":"Di 19 apr.","formattedTime":"21:25","formattedDuration":"42m","formattedAvailabilityWindow":null,"formattedAvailabilityWindowShort":null,"image":{"portraitUrl":null,"landscapeUrl":"https:\/\/images.nlziet.nl\/metadataimportimages\/source\/E7AF7622F7652973BB45627DBC5F8C5CD5190E276888B45EA3FD3EA52F4A2E47.jpg"},"logo":{"normalUrl":"https:\/\/cdn.nlziet.nl\/static\/assets\/contentproviders\/rtl.png","darkUrl":"https:\/\/cdn.nlziet.nl\/static\/assets\/contentproviders\/dark\/rtl.png","flatUrl":"https:\/\/cdn.nlziet.nl\/static\/assets\/contentproviders\/flat\/rtl.png"},"tags":[],"seriesId":"7BNBuw9L_060-fToTMVUCg"}]