[{"id":"Nz1VQsPew0qJIVSu9QspUA","type":"Vod","title":"NOS WK-kwalificatie Voetbal (v) Tsjechi\u00eb - Nederland voorbeschouwing en eerste helft","subtitle":"NOS WK-kwalificatie Voetbal (v) Tsjechi\u00eb - Nederland voorbeschouwing en eerste helft","description":"NOS - Voorbeschouwing en rechtstreeks verslag van de eerste helft van deze WK-kwalificatiewedstrijd vrouwen.","formattedEpisodeNumbering":null,"formattedDate":"Za 27 nov. 2021","formattedDateShort":"Nov. 2021","formattedTime":"11:45","formattedDuration":"1u 3m","formattedAvailabilityWindow":null,"formattedAvailabilityWindowShort":null,"image":{"portraitUrl":null,"landscapeUrl":"https:\/\/images.nlziet.nl\/metadataimportimages\/source\/2ABC6067E7D75E8294A9ACB326FD7AFC53D74A3A74DE52FA5CA1EC2E9A1906F1.jpg"},"logo":{"normalUrl":"https:\/\/cdn.nlziet.nl\/static\/assets\/contentproviders\/npo.png","darkUrl":"https:\/\/cdn.nlziet.nl\/static\/assets\/contentproviders\/dark\/npo.png","flatUrl":"https:\/\/cdn.nlziet.nl\/static\/assets\/contentproviders\/flat\/npo.png"},"tags":[],"seriesId":"5Ys7Jwg3_EKAiS07ctyJhw"},{"id":"D_T9If0jPUCwC1OTExosuA","type":"Vod","title":"NOS WK-kwalificatie Voetbal (v) Wit-Rusland - Nederland voorbeschouwing en eerste helft","subtitle":"NOS WK-kwalificatie Voetbal (v) Wit-Rusland - Nederland voorbeschouwing en eerste helft","description":"NOS - Voorbeschouwing en rechtstreeks verslag van de eerste helft van de wedstrijd  Wit-Rusland - Nederland vanuit het Dinamostadion in Minsk, Wit-Rusland.","formattedEpisodeNumbering":null,"formattedDate":"Di 26 okt. 2021","formattedDateShort":"Okt. 2021","formattedTime":"19:50","formattedDuration":"55m","formattedAvailabilityWindow":null,"formattedAvailabilityWindowShort":null,"image":{"portraitUrl":null,"landscapeUrl":"https:\/\/images.nlziet.nl\/metadataimportimages\/source\/E8D77D2E63A1140D49FC67A575E505883124F6F25C081D982C7D030CA517BC91.jpg"},"logo":{"normalUrl":"https:\/\/cdn.nlziet.nl\/static\/assets\/contentproviders\/npo.png","darkUrl":"https:\/\/cdn.nlziet.nl\/static\/assets\/contentproviders\/dark\/npo.png","flatUrl":"https:\/\/cdn.nlziet.nl\/static\/assets\/contentproviders\/flat\/npo.png"},"tags":[],"seriesId":"5Ys7Jwg3_EKAiS07ctyJhw"},{"id":"aXLFNKpwc0GgdrimVM3V-g","type":"Vod","title":"NOS WK-kwalificatie Voetbal (v) Cyprus - Nederland voorbeschouwing en eerste helft","subtitle":"NOS WK-kwalificatie Voetbal (v) Cyprus - Nederland voorbeschouwing en eerste helft","description":"NOS - Rechtstreeks verslag van de voorbeschouwing en eerste helft van de WK-kwalificatiewedstrijd vanuit AEK Arena - Georgios Karapatakis in Larnaca, Cyprus.","formattedEpisodeNumbering":null,"formattedDate":"Vr 22 okt. 2021","formattedDateShort":"Okt. 2021","formattedTime":"20:20","formattedDuration":"1u 9m","formattedAvailabilityWindow":null,"formattedAvailabilityWindowShort":null,"image":{"portraitUrl":null,"landscapeUrl":"https:\/\/images.nlziet.nl\/metadataimportimages\/source\/2E1B8938401A1B2287CB093090559BCDDC3B47747B17DA7601416D20DB632617.jpg"},"logo":{"normalUrl":"https:\/\/cdn.nlziet.nl\/static\/assets\/contentproviders\/npo.png","darkUrl":"https:\/\/cdn.nlziet.nl\/static\/assets\/contentproviders\/dark\/npo.png","flatUrl":"https:\/\/cdn.nlziet.nl\/static\/assets\/contentproviders\/flat\/npo.png"},"tags":[],"seriesId":"5Ys7Jwg3_EKAiS07ctyJhw"},{"id":"q6M5AOonZUK_EIPyvsG9pg","type":"Vod","title":"NOS WK-kwalificatie Voetbal (v) IJsland - Nederland voorbeschouwing en eerste helft","subtitle":"NOS WK-kwalificatie Voetbal (v) IJsland - Nederland voorbeschouwing en eerste helft","description":"NOS - Voorbeschouwing en rechtstreeks verslag van de eerste helft van de WK-kwalificatiewedstrijd IJsland - Nederland (vrouwen).","formattedEpisodeNumbering":null,"formattedDate":"Di 21 sep. 2021","formattedDateShort":"Sep. 2021","formattedTime":"20:20","formattedDuration":"1u 10m","formattedAvailabilityWindow":null,"formattedAvailabilityWindowShort":null,"image":{"portraitUrl":null,"landscapeUrl":"https:\/\/images.nlziet.nl\/metadataimportimages\/source\/EE41D0E3EE71AEE0C41C009332EEF19141BBFBA2AC6734C8BB825500876B44E6.jpg"},"logo":{"normalUrl":"https:\/\/cdn.nlziet.nl\/static\/assets\/contentproviders\/npo.png","darkUrl":"https:\/\/cdn.nlziet.nl\/static\/assets\/contentproviders\/dark\/npo.png","flatUrl":"https:\/\/cdn.nlziet.nl\/static\/assets\/contentproviders\/flat\/npo.png"},"tags":[],"seriesId":"5Ys7Jwg3_EKAiS07ctyJhw"},{"id":"bhoe99l9DUKW_swbTGJWMg","type":"Vod","title":"NOS WK-kwalificatie Voetbal (v) Nederland - Tsjechi\u00eb voorbeschouwing en eerste helft","subtitle":"NOS WK-kwalificatie Voetbal (v) Nederland - Tsjechi\u00eb voorbeschouwing en eerste helft","description":"NOS - Voorbeschouwing en rechtstreeks verslag van de eerste helft van de WK-kwalificatiewedstrijd vrouwen: Nederland - Tsjechi\u00eb.","formattedEpisodeNumbering":null,"formattedDate":"Vr 17 sep. 2021","formattedDateShort":"Sep. 2021","formattedTime":"20:20","formattedDuration":"1u 8m","formattedAvailabilityWindow":null,"formattedAvailabilityWindowShort":null,"image":{"portraitUrl":null,"landscapeUrl":"https:\/\/images.nlziet.nl\/metadataimportimages\/source\/EF429654A239D600D64A694459E7506B5ADC33EEB03269B31CA904220B745737.jpg"},"logo":{"normalUrl":"https:\/\/cdn.nlziet.nl\/static\/assets\/contentproviders\/npo.png","darkUrl":"https:\/\/cdn.nlziet.nl\/static\/assets\/contentproviders\/dark\/npo.png","flatUrl":"https:\/\/cdn.nlziet.nl\/static\/assets\/contentproviders\/flat\/npo.png"},"tags":[],"seriesId":"5Ys7Jwg3_EKAiS07ctyJhw"}]