[{"id":"NsLbL1T4o0uYDDZUO9jZhw","type":"Vod","title":"De proefkeuken","subtitle":"Chocozoen","description":"VPRO - Pieter Hulst en Willem Voogd proberen zelf een chocozoen te maken. Eentje die zo groot mogelijk is, want Pieter wil indruk maken op een meisje. Ze proberen uit te vinden hoe je van cacaobonen chocolade maakt. Ze maken suiker uit enorme bieten, en gaan op zoek naar de juiste eieren om het witte schuim te maken. Alles voor de perfecte zoen!","formattedEpisodeNumbering":"S1:A6","formattedDate":"Zo 22 nov. 2015","formattedDateShort":"Nov. 2015","formattedTime":"09:10","formattedDuration":"25m","formattedAvailabilityWindow":null,"formattedAvailabilityWindowShort":null,"image":{"portraitUrl":null,"landscapeUrl":"https:\/\/images.nlziet.nl\/metadataimportimages\/source\/BFAAABA81E7371EA1F12E2D8757ABC46FE62A8FDB1F77ED75BF544B25415E97F.jpg"},"logo":{"normalUrl":"https:\/\/cdn.nlziet.nl\/static\/assets\/contentproviders\/npo.png","darkUrl":"https:\/\/cdn.nlziet.nl\/static\/assets\/contentproviders\/dark\/npo.png","flatUrl":"https:\/\/cdn.nlziet.nl\/static\/assets\/contentproviders\/flat\/npo.png"},"tags":[],"seriesId":"7prtXvf9wkyY3ry-8KQESg"},{"id":"H7QR1z55tE-TZPGNQL7x5Q","type":"Vod","title":"De proefkeuken","subtitle":"Kaas","description":"VPRO - Pieter Hulst en Willem Voogd willen kaas maken van een dier waar ze nog nooit kaas van zagen. Ze proberen om kamelenkaas te maken.","formattedEpisodeNumbering":"S1:A5","formattedDate":"Zo 15 nov. 2015","formattedDateShort":"Nov. 2015","formattedTime":"09:10","formattedDuration":"25m","formattedAvailabilityWindow":null,"formattedAvailabilityWindowShort":null,"image":{"portraitUrl":null,"landscapeUrl":"https:\/\/images.nlziet.nl\/metadataimportimages\/source\/B179F021096F24677438C8A1CA4FDE8F4AC43AB88B6437C018A078A68E71543E.jpg"},"logo":{"normalUrl":"https:\/\/cdn.nlziet.nl\/static\/assets\/contentproviders\/npo.png","darkUrl":"https:\/\/cdn.nlziet.nl\/static\/assets\/contentproviders\/dark\/npo.png","flatUrl":"https:\/\/cdn.nlziet.nl\/static\/assets\/contentproviders\/flat\/npo.png"},"tags":[],"seriesId":"7prtXvf9wkyY3ry-8KQESg"},{"id":"ZGXLgB7BaEuqWc_K0DJEEA","type":"Vod","title":"De proefkeuken","subtitle":"Chips","description":"VPRO - Pieter Hulst en Willem Voogd proberen zelf chips te maken. En dan niet chips uit een zak, maar die uit een koker; van die chipjes die allemaal exact hetzelfde zijn. Hoe kan dat eigenlijk? Worden die uit identieke aardappelen gesneden? De jongens gaan op zoek naar de ideale aardappel, persen de juiste olie en maken hun eigen paprikapoeder.","formattedEpisodeNumbering":"S1:A4","formattedDate":"Zo 8 nov. 2015","formattedDateShort":"Nov. 2015","formattedTime":"09:15","formattedDuration":"25m","formattedAvailabilityWindow":null,"formattedAvailabilityWindowShort":null,"image":{"portraitUrl":null,"landscapeUrl":"https:\/\/images.nlziet.nl\/metadataimportimages\/source\/41E5F7DE74AC53DA610358388E27C906CCF3C9BC61E740CA5726FAAD3CBD3302.jpg"},"logo":{"normalUrl":"https:\/\/cdn.nlziet.nl\/static\/assets\/contentproviders\/npo.png","darkUrl":"https:\/\/cdn.nlziet.nl\/static\/assets\/contentproviders\/dark\/npo.png","flatUrl":"https:\/\/cdn.nlziet.nl\/static\/assets\/contentproviders\/flat\/npo.png"},"tags":[],"seriesId":"7prtXvf9wkyY3ry-8KQESg"},{"id":"7PMf7Gb_FkS57YmXg9jIwg","type":"Vod","title":"De proefkeuken","subtitle":"Kauwgom","description":"VPRO - Pieter en Willem proberen kauwgomballen te maken. Ballen waarmee je enorme bellen kunt blazen. Alleen, waar maak je kauwgom van? Niemand die de ingredi\u00ebnten voor een kauwgombal in zijn keukenkastje heeft staan.","formattedEpisodeNumbering":"S1:A3","formattedDate":"Zo 1 nov. 2015","formattedDateShort":"Nov. 2015","formattedTime":"09:10","formattedDuration":"25m","formattedAvailabilityWindow":null,"formattedAvailabilityWindowShort":null,"image":{"portraitUrl":null,"landscapeUrl":"https:\/\/images.nlziet.nl\/metadataimportimages\/source\/4B6D76EA8CE570573ABC14D3D3C2CAA46E1DB3D26C165C5CC9CA82E049C083E2.jpg"},"logo":{"normalUrl":"https:\/\/cdn.nlziet.nl\/static\/assets\/contentproviders\/npo.png","darkUrl":"https:\/\/cdn.nlziet.nl\/static\/assets\/contentproviders\/dark\/npo.png","flatUrl":"https:\/\/cdn.nlziet.nl\/static\/assets\/contentproviders\/flat\/npo.png"},"tags":[],"seriesId":"7prtXvf9wkyY3ry-8KQESg"},{"id":"ZpT_x8Sn3U69LISWlcZaPw","type":"Vod","title":"De proefkeuken","subtitle":"Drop","description":"VPRO - Pieter Hulst en Willem Voogd proberen hun eigen drop te maken.","formattedEpisodeNumbering":"S1:A2","formattedDate":"Zo 25 okt. 2015","formattedDateShort":"Okt. 2015","formattedTime":"09:10","formattedDuration":"25m","formattedAvailabilityWindow":null,"formattedAvailabilityWindowShort":null,"image":{"portraitUrl":null,"landscapeUrl":"https:\/\/images.nlziet.nl\/metadataimportimages\/source\/9DC75CB1E5A9E78D5022158AC69B829D6B48EE96EA612E5896428FB560F557B9.jpg"},"logo":{"normalUrl":"https:\/\/cdn.nlziet.nl\/static\/assets\/contentproviders\/npo.png","darkUrl":"https:\/\/cdn.nlziet.nl\/static\/assets\/contentproviders\/dark\/npo.png","flatUrl":"https:\/\/cdn.nlziet.nl\/static\/assets\/contentproviders\/flat\/npo.png"},"tags":[],"seriesId":"7prtXvf9wkyY3ry-8KQESg"},{"id":"pwoVjKsix0K5SR5FqiXH2Q","type":"Vod","title":"De proefkeuken","subtitle":"Knakworst","description":"VPRO - Pieter Hulst en Willem Voogd gaan de lekkernijen die nooit iemand zelf maakt toch eigenhandig in elkaar sleutelen. Deze keer proberen ze een knakworst te maken die w\u00e9l knakt, zonder ingewikkelde machines en grote fabrieken, maar gewoon in een oude schuur met rondslingerend gereedschap. Om dat voor elkaar te krijgen bedenken ze de gekste experimenten en meest ongewone technieken.","formattedEpisodeNumbering":"S1:A1","formattedDate":"Zo 18 okt. 2015","formattedDateShort":"Okt. 2015","formattedTime":"09:10","formattedDuration":"24m","formattedAvailabilityWindow":null,"formattedAvailabilityWindowShort":null,"image":{"portraitUrl":null,"landscapeUrl":"https:\/\/images.nlziet.nl\/metadataimportimages\/source\/3CAD05160DACFEE80E77158CD1F06BCFE2489A703B755BF5B276BA3988B85211.jpg"},"logo":{"normalUrl":"https:\/\/cdn.nlziet.nl\/static\/assets\/contentproviders\/npo.png","darkUrl":"https:\/\/cdn.nlziet.nl\/static\/assets\/contentproviders\/dark\/npo.png","flatUrl":"https:\/\/cdn.nlziet.nl\/static\/assets\/contentproviders\/flat\/npo.png"},"tags":[],"seriesId":"7prtXvf9wkyY3ry-8KQESg"}]