[{"id":"WweBEEisgEaC91anFAGj2w","contentProvider":"Npo","type":"Vod","title":"DREAM SCHOOL","subtitle":"DREAM SCHOOL","description":"Lucia Rijker en Eric van 't Zelfde maken met de leerlingen de balans op. Wat heeft 'Dream school' ze geleerd? En uiteraard wordt de rap- en dansclip gepresenteerd.","formattedEpisodeNumbering":"S5:A12","formattedDate":"Wo 8 dec. 2021","formattedDateShort":"Dec. 2021","formattedTime":"23:08","formattedDuration":"1u 9m","formattedAvailabilityWindow":null,"formattedAvailabilityWindowShort":null,"availableUntil":"2100-12-31T23:59:00+00:00","image":{"portraitUrl":null,"landscapeUrl":"https:\/\/images.nlziet.nl\/metadataimportimages\/source\/BC8D34E4A66D570FF673EFAA3EE90F7F9E58248E7E16E356EE9D7728C2767BE8.jpg"},"logo":{"normalUrl":"https:\/\/cdn.nlziet.nl\/static\/assets\/contentproviders\/npo.png","darkUrl":"https:\/\/cdn.nlziet.nl\/static\/assets\/contentproviders\/dark\/npo.png","flatUrl":"https:\/\/cdn.nlziet.nl\/static\/assets\/contentproviders\/flat\/npo.png"},"tags":[],"seriesId":"4m5opRLDFkeeqa97TACkAg","seasonId":"q6gHbx2Yi0OHZzAa2fBh_Q","isAvailable":true}]