[{"id":"CdQU5zRyu0yuuWv23CP3yQ","type":"Vod","title":"Het Mooiste Meisje van de Klas","subtitle":"Lilly","description":"AVROTROS - Jaap Jongbloed is in Bergen waar Lilly (1977) woont. Als klein meisje heeft ze twee grote dromen: ballerina worden en moeder. Door haar prachtige lange benen wordt ze 'long legged Lilly' genoemd. Die benen gooit ze regelmatig de lucht in, wat bewonderende blikken oplevert van de jongens. Maar lang kunnen die daar niet van genieten op de Bergense Scholengemeenschap, want Lilly vertrekt naar de balletacademie in Arnhem. Ze danst de sterren van de hemel tot ze de ziekte van Pfeiffer krijgt. Lilly wordt zo ziek dat ze ruim een jaar lang niet kan dansen. Ze krijgt hierdoor zo'n achterstand dat ze haar droom om ballerina te worden moet opgeven. Als Lily amper 18 jaar is, schrikt ze Bergen op door in de Penthouse te gaan staan. Ze heeft dan al een relatie met Almar met wie ze samen haar droom om moeder te worden, hoopt waar te maken. Lilly is dolgelukkig als ze zwanger is, maar na zes maanden krijgt ze zwangerschapsvergiftiging en moet ze de laatste maanden in het ziekenhuis doorbrengen. Het gaat steeds slechter met Lilly en tijdens de bevalling wordt voor haar leven gevreesd. Lilly haalt het wel maar haar dochter Faye komt helaas te overlijden. Lilly en Almar zijn verscheurd van verdriet. Gelukkig krijgen ze nog drie prachtige dochters, maar hun relatie blijkt niet bestand tegen het enorme verlies...","formattedEpisodeNumbering":"S2015:A5","formattedDate":"Do 19 feb. 2015","formattedDateShort":"Feb. 2015","formattedTime":"21:36","formattedDuration":"43m","formattedAvailabilityWindow":null,"formattedAvailabilityWindowShort":null,"image":{"portraitUrl":null,"landscapeUrl":"https:\/\/images.nlziet.nl\/metadataimportimages\/source\/DCF6369CED4472C6EA4964FE0F03C1411AC41C43989A0E7C0C2033FBDE3CE69D.jpg"},"logo":{"normalUrl":"https:\/\/cdn.nlziet.nl\/static\/assets\/contentproviders\/npo.png","darkUrl":"https:\/\/cdn.nlziet.nl\/static\/assets\/contentproviders\/dark\/npo.png","flatUrl":"https:\/\/cdn.nlziet.nl\/static\/assets\/contentproviders\/flat\/npo.png"},"tags":[],"seriesId":"6QApQZDaZ0Gc_9gWZDJFZA"},{"id":"VAsc6rHQVUqiPW4vY7lu1g","type":"Vod","title":"Het Mooiste Meisje van de Klas","subtitle":"Karin en Mirjam","description":"AVROTROS - Ook dit seizoen staan er wederom niet \u00e9\u00e9n maar twee mooiste meisjes van de klas centraal: Mirjam en Karin. Als Mirjam in 1970 wordt geboren, worden haar ouders verrast met de komst van nog een meisje: Karin. De meisjes verhuizen van de Rotterdamse volkswijk Spangen naar het veel kleinere Maassluis. Niet alleen voor de tweeling is dit een omslag, ook hun nieuwe mannelijke klasgenoten worden wakker geschud door de mooie blonde meisjes. Het gezin is fervent naturist en al op haar 13e wordt Karin op een naaktstrand ontdekt door een fotograaf. Vier jaar later, als Karin en Mirjam pas 17 zijn, worden ze wereldwijd voor Playboy gefotografeerd. De meisjes zijn immens populair en verschijnen overal op de covers, van Amerika tot China en Japan. Jaap Jongbloed praat met de tweeling over hoe hun leven na de Playboy is verlopen. Want hoewel de wereld niets meer heeft vernomen van deze bijzondere tweeling, blijkt hun leven niet kalm verlopen te zijn. Vooral Mirjam vertelt heel open over hoe haar jarenlange kinderwens uiteindelijk toch werd vervuld, maar hoe moeilijk ze het vond om daarvan te genieten.","formattedEpisodeNumbering":"S2015:A4","formattedDate":"Do 12 feb. 2015","formattedDateShort":"Feb. 2015","formattedTime":"21:34","formattedDuration":"43m","formattedAvailabilityWindow":null,"formattedAvailabilityWindowShort":null,"image":{"portraitUrl":null,"landscapeUrl":"https:\/\/images.nlziet.nl\/metadataimportimages\/source\/27015E42E7911DBB23AB097295C4DE4346CF090800F1026260D06A4BF46ECDD3.jpg"},"logo":{"normalUrl":"https:\/\/cdn.nlziet.nl\/static\/assets\/contentproviders\/npo.png","darkUrl":"https:\/\/cdn.nlziet.nl\/static\/assets\/contentproviders\/dark\/npo.png","flatUrl":"https:\/\/cdn.nlziet.nl\/static\/assets\/contentproviders\/flat\/npo.png"},"tags":[],"seriesId":"6QApQZDaZ0Gc_9gWZDJFZA"},{"id":"EQwcBNiuQEKSwNoAhnYT3g","type":"Vod","title":"Het Mooiste Meisje van de Klas","subtitle":"Brigitte","description":"AVROTROS - In deze aflevering van Het Mooiste Meisje van de Klas reist Jaap af naar tropisch Aruba, waar Brigitte Bergman lang geleden verliefd op is geworden en haar familie in Utrecht voor achter heeft gelaten. Brigitte wordt in 1963 in de Utrechtse wijk Zuilen geboren. Samen met haar broertje en haar ouders woont ze boven de herenkapsalon van haar vader. Haar ouders geloven in het belang van een strenge opvoeding en een goede opleiding. Thuis wordt Brigitte dan ook strak aan de teugels gehouden. Maar die gaan los in de weekenden als het gezin verkast naar hun vaste plek op een camping aan het Veersche Meer. Hier cirkelen de jongens als bijen om haar heen. Op het Thorbecke Lyceum is er ook geen twijfel wie het mooiste meisje van de school is. Het is dan ook niet verwonderlijk dat Brigitte naast haar schoolcarri\u00e8re succes boekt als ronde miss en later gekroond wordt tot Miss Holland. Ze mag ons land vertegenwoordigen bij de internationale Miss verkiezing op Aruba. Het zal haar leven definitief veranderen. Op het eiland ontmoet Jaap de Utrechtse schone en praat met haar onder andere over haar spraakmakende relatie met acteur David Hasselhoff. Hij bezocht op een dag zo maar de kapperszaak van haar vader en kan zich dat bij navraag nog heel goed herinneren. Verder horen we over de Italiaanse zanger Umberto Tozzi, die tot over zijn oren verliefd op Brigitte was. En Jaap brengt een bezoek aan haar ouders in Utrecht, die nog altijd verdriet hebben over het vertrek van hun dochter uit Nederland.","formattedEpisodeNumbering":"S2015:A2","formattedDate":"Do 18 jun. 2015","formattedDateShort":"Jun. 2015","formattedTime":"21:10","formattedDuration":"43m","formattedAvailabilityWindow":null,"formattedAvailabilityWindowShort":null,"image":{"portraitUrl":null,"landscapeUrl":"https:\/\/images.nlziet.nl\/metadataimportimages\/source\/D9A59CB43DB1A8752F2C7B3F5FE5C995718ED651476EC4AB5B1AF6F3DA1D8F1F.jpg"},"logo":{"normalUrl":"https:\/\/cdn.nlziet.nl\/static\/assets\/contentproviders\/npo.png","darkUrl":"https:\/\/cdn.nlziet.nl\/static\/assets\/contentproviders\/dark\/npo.png","flatUrl":"https:\/\/cdn.nlziet.nl\/static\/assets\/contentproviders\/flat\/npo.png"},"tags":[],"seriesId":"6QApQZDaZ0Gc_9gWZDJFZA"},{"id":"0SLLjBQBfkegyRFF1HRUQA","type":"Vod","title":"Het Mooiste Meisje van de Klas","subtitle":"Mariska","description":"AVROTROS - Mariska Versteegh groeit eind jaren 70 op in Rijswijk. Op school wordt zij als het mooiste, maar vooral ook als het vrolijkste meisje van de klas gezien. Met haar innemende lach weet ze niet alleen vele jongensharten op hol te brengen, maar ook te verbergen welke zorgen ze werkelijk met zich meedraagt. De sfeer thuis is slecht vanwege een dominante vader en wanneer hij van de een op andere dag het gezin verlaat, worden de problemen nog erger. Mariska en haar broer blijven achter met een moeder die volledig instort en met veel financi\u00eble problemen. Al dansend zet Mariska haar zorgen aan de kant en richt zich op de normale tienerperikelen; een eerste zoen, een nieuwe danspartner en uitgaan. Als Mariska in haar weg naar volwassenheid nog meer tegenslagen op haar pad krijgt, blijkt het soms moeilijk te blijven lachen. Teleurgesteld in het leven tot dan toe besluit zij tien jaar geleden het roer om te gooien en te gaan doen wat haar hart haar ingeeft. Ge\u00efnspireerd door haar eigen jeugd vertrekt zij naar Ecuador om daar de kinderen uit de sloppenwijken van Quito iets van hun dagelijkse zorgen weg te nemen. Met haar stichting Villa Ticca helpt zijn inmiddels 150 kinderen aan dagopvang, voeding en onderwijs.","formattedEpisodeNumbering":"S2015:A1","formattedDate":"Do 27 aug. 2015","formattedDateShort":"Aug. 2015","formattedTime":"21:30","formattedDuration":"42m","formattedAvailabilityWindow":null,"formattedAvailabilityWindowShort":null,"image":{"portraitUrl":null,"landscapeUrl":"https:\/\/images.nlziet.nl\/metadataimportimages\/source\/83E0E5EDE712B95140785127876C2A213490157D511FD8B4FACB58A83435EC3E.jpg"},"logo":{"normalUrl":"https:\/\/cdn.nlziet.nl\/static\/assets\/contentproviders\/npo.png","darkUrl":"https:\/\/cdn.nlziet.nl\/static\/assets\/contentproviders\/dark\/npo.png","flatUrl":"https:\/\/cdn.nlziet.nl\/static\/assets\/contentproviders\/flat\/npo.png"},"tags":[],"seriesId":"6QApQZDaZ0Gc_9gWZDJFZA"},{"id":"0SPE2_tej0-E5ekgtzxCRw","type":"Vod","title":"Het Mooiste Meisje van de Klas","subtitle":"Irene","description":"AVROTROS - Jaap Jongbloed portretteert elke aflevering het ooit aanbeden mooiste meisje van de klas. Hoe is het haar vergaan? Wat maakte haar zo speciaal en wie kreeg haar eerste zoen?","formattedEpisodeNumbering":"S2015:A1","formattedDate":"Do 25 jun. 2015","formattedDateShort":"Jun. 2015","formattedTime":"21:15","formattedDuration":"41m","formattedAvailabilityWindow":null,"formattedAvailabilityWindowShort":null,"image":{"portraitUrl":null,"landscapeUrl":"https:\/\/images.nlziet.nl\/metadataimportimages\/source\/2F04724B36D592ECA05D354270FF4FA1A9110DF4A38D4CEAC4B8A073107835DA.jpg"},"logo":{"normalUrl":"https:\/\/cdn.nlziet.nl\/static\/assets\/contentproviders\/npo.png","darkUrl":"https:\/\/cdn.nlziet.nl\/static\/assets\/contentproviders\/dark\/npo.png","flatUrl":"https:\/\/cdn.nlziet.nl\/static\/assets\/contentproviders\/flat\/npo.png"},"tags":[],"seriesId":"6QApQZDaZ0Gc_9gWZDJFZA"},{"id":"K-3VvZfek0SIUV0Unlqbgg","type":"Vod","title":"Het Mooiste Meisje van de Klas","subtitle":"Gudrun","description":"AVROTROS - Opnieuw zoekt Jaap Jongbloed naar het verhaal achter dit ooit aanbeden meisje uit de klas. Hoe is het haar vergaan? Is haar schoonheid een garantie voor succes in het leven geweest of werd het juist als belemmering ervaren? Klasgenoten en bekenden halen herinneringen aan haar en de oude schooltijd op. Nostalgie, bijzondere verhalen en veel liefde in dit programma, dat iedere kijker terugvoert naar de overzichtelijke tijd op school.","formattedEpisodeNumbering":"S2015:A1","formattedDate":"Do 2 jul. 2015","formattedDateShort":"Jul. 2015","formattedTime":"21:10","formattedDuration":"42m","formattedAvailabilityWindow":null,"formattedAvailabilityWindowShort":null,"image":{"portraitUrl":null,"landscapeUrl":"https:\/\/images.nlziet.nl\/metadataimportimages\/source\/9487C1AD1CC2E3E969C49FBE2BAB334D20801984AEBC47B05E5B9674287D97D2.jpg"},"logo":{"normalUrl":"https:\/\/cdn.nlziet.nl\/static\/assets\/contentproviders\/npo.png","darkUrl":"https:\/\/cdn.nlziet.nl\/static\/assets\/contentproviders\/dark\/npo.png","flatUrl":"https:\/\/cdn.nlziet.nl\/static\/assets\/contentproviders\/flat\/npo.png"},"tags":[],"seriesId":"6QApQZDaZ0Gc_9gWZDJFZA"},{"id":"9wku4klHS0mI4LD_tYX0ZQ","type":"Vod","title":"Het Mooiste Meisje van de Klas","subtitle":"Daniella","description":"AVROTROS - Jaap Jongbloed portretteert elke aflevering het ooit aanbeden mooiste meisje van de klas. Hoe is het haar vergaan? Wat maakte haar zo speciaal en wie kreeg haar eerste zoen?","formattedEpisodeNumbering":"S2015:A1","formattedDate":"Do 11 jun. 2015","formattedDateShort":"Jun. 2015","formattedTime":"21:10","formattedDuration":"50m","formattedAvailabilityWindow":null,"formattedAvailabilityWindowShort":null,"image":{"portraitUrl":null,"landscapeUrl":"https:\/\/images.nlziet.nl\/metadataimportimages\/source\/6C92E8C3D3A467AD203D962B20B02034E1593CBA3998D8CA8B867F2F3C658279.jpg"},"logo":{"normalUrl":"https:\/\/cdn.nlziet.nl\/static\/assets\/contentproviders\/npo.png","darkUrl":"https:\/\/cdn.nlziet.nl\/static\/assets\/contentproviders\/dark\/npo.png","flatUrl":"https:\/\/cdn.nlziet.nl\/static\/assets\/contentproviders\/flat\/npo.png"},"tags":[],"seriesId":"6QApQZDaZ0Gc_9gWZDJFZA"},{"id":"EygtVMA2EEOPfb1YnD4mYQ","type":"Vod","title":"Het Mooiste Meisje van de Klas","subtitle":"Rachel","description":"AVROTROS - Jaap Jongbloed zoekt naar het verhaal achter het ooit aanbeden meisje uit de klas. Hoe is het haar vergaan? Is haar schoonheid een garantie voor succes in het leven geweest of werd het juist als belemmering ervaren? Klasgenoten en bekenden halen herinneringen aan haar en de oude schooltijd op. Nostalgie, bijzondere verhalen en veel liefde in dit programma, dat iedere kijker terugvoert naar de overzichtelijke tijd op school.","formattedEpisodeNumbering":"S2015:A1","formattedDate":"Do 6 aug. 2015","formattedDateShort":"Aug. 2015","formattedTime":"21:30","formattedDuration":"40m","formattedAvailabilityWindow":null,"formattedAvailabilityWindowShort":null,"image":{"portraitUrl":null,"landscapeUrl":"https:\/\/images.nlziet.nl\/metadataimportimages\/source\/2B996679D65C2B3A218DAFEC9FEB15A1BBE0DFFA2A4654373E312B0946082733.jpg"},"logo":{"normalUrl":"https:\/\/cdn.nlziet.nl\/static\/assets\/contentproviders\/npo.png","darkUrl":"https:\/\/cdn.nlziet.nl\/static\/assets\/contentproviders\/dark\/npo.png","flatUrl":"https:\/\/cdn.nlziet.nl\/static\/assets\/contentproviders\/flat\/npo.png"},"tags":[],"seriesId":"6QApQZDaZ0Gc_9gWZDJFZA"},{"id":"Lvi3JX36MkiG1mAoOBxPkA","type":"Vod","title":"Het Mooiste Meisje van de Klas","subtitle":"Barbara","description":"AVROTROS - Opnieuw zoekt Jaap Jongbloed naar het verhaal achter dit ooit aanbeden meisje uit de klas. Hoe is het haar vergaan? Is haar schoonheid een garantie voor succes in het leven geweest of werd het juist als belemmering ervaren? Klasgenoten en bekenden halen herinneringen aan haar en de oude schooltijd op. Nostalgie, bijzondere verhalen en veel liefde in dit programma, dat iedere kijker terugvoert naar de overzichtelijke tijd op school.","formattedEpisodeNumbering":"S2015:A1","formattedDate":"Do 30 jul. 2015","formattedDateShort":"Jul. 2015","formattedTime":"21:30","formattedDuration":"42m","formattedAvailabilityWindow":null,"formattedAvailabilityWindowShort":null,"image":{"portraitUrl":null,"landscapeUrl":"https:\/\/images.nlziet.nl\/metadataimportimages\/source\/74CF166ECA96FD63D674DAB885B3F316F9FCAD64B728FF28E741BD5B372A32AB.jpg"},"logo":{"normalUrl":"https:\/\/cdn.nlziet.nl\/static\/assets\/contentproviders\/npo.png","darkUrl":"https:\/\/cdn.nlziet.nl\/static\/assets\/contentproviders\/dark\/npo.png","flatUrl":"https:\/\/cdn.nlziet.nl\/static\/assets\/contentproviders\/flat\/npo.png"},"tags":[],"seriesId":"6QApQZDaZ0Gc_9gWZDJFZA"},{"id":"2S-wYTZ7BkSEL4ipdntMfA","type":"Vod","title":"Het Mooiste Meisje van de Klas","subtitle":"Sylvia","description":"AVROTROS - Opnieuw zoekt Jaap Jongbloed naar het verhaal achter dit ooit aanbeden meisje uit de klas. Hoe is het haar vergaan? Is haar schoonheid een garantie voor succes in het leven geweest of werd het juist als belemmering ervaren? Klasgenoten en bekenden halen herinneringen aan haar en de oude schooltijd op. Nostalgie, bijzondere verhalen en veel liefde in dit programma, dat iedere kijker terugvoert naar de overzichtelijke tijd op school.","formattedEpisodeNumbering":"S2015:A1","formattedDate":"Do 9 jul. 2015","formattedDateShort":"Jul. 2015","formattedTime":"21:30","formattedDuration":"41m","formattedAvailabilityWindow":null,"formattedAvailabilityWindowShort":null,"image":{"portraitUrl":null,"landscapeUrl":"https:\/\/images.nlziet.nl\/metadataimportimages\/source\/E5A552A5D1D1793078FA3373BE04616008C6DEB2041CC46257D1533819BD73A1.jpg"},"logo":{"normalUrl":"https:\/\/cdn.nlziet.nl\/static\/assets\/contentproviders\/npo.png","darkUrl":"https:\/\/cdn.nlziet.nl\/static\/assets\/contentproviders\/dark\/npo.png","flatUrl":"https:\/\/cdn.nlziet.nl\/static\/assets\/contentproviders\/flat\/npo.png"},"tags":[],"seriesId":"6QApQZDaZ0Gc_9gWZDJFZA"},{"id":"PX6VAQK85UyapnmwLYrTqw","type":"Vod","title":"Het Mooiste Meisje van de Klas","subtitle":"Joyce","description":"AVROTROS - De Gooise Joyce (1974) staat centraal. Met haar blonde verschijning en humor behoort ze tot de populaire meiden van de Godelinde Scholengemeenschap in Naarden. Voor haar klasgenoten komt Joyce over als een echt Goois meisje; ze draagt de mooiste kleding en heeft een vader met een succesvol cateringbedrijf die haar met zijn Jaguar op school afzet. Door haar humor weten maar weinig klasgenoten welk verhaal er werkelijk schuil gaat achter dit perfecte plaatje. Als kind van gescheiden ouders voelt ze zich namelijk nergens thuis. Als de situatie onhoudbaar wordt, sturen haar ouders de dan 15-jarige Joyce naar het St. Louis internaat in Oudenbosch. Jaap Jongbloed reist naar Kaapstad waar Joyce acht jaar geleden halsoverkop naar toe ge\u00ebmigreerd nadat ze tijdens een vakantie verliefd geworden is op het land. Jaap praat met Joyce over haar zoektocht naar liefde en bevestiging van haar ouders, maar ook van mannen. Haar zoektocht naar de prins op het witte paard levert Joyce een turbulent liefdesleven op, en zelfs een echte prins! Maar als ze haar droomman dan eindelijk gevonden lijkt te hebben en de trouwjurk al gekocht is, gebeurt er iets onverwachts.","formattedEpisodeNumbering":"S2015:A1","formattedDate":"Do 13 aug. 2015","formattedDateShort":"Aug. 2015","formattedTime":"21:30","formattedDuration":"43m","formattedAvailabilityWindow":null,"formattedAvailabilityWindowShort":null,"image":{"portraitUrl":null,"landscapeUrl":"https:\/\/images.nlziet.nl\/metadataimportimages\/source\/742849FB450079587D9DCE6C3B0A8422B93C8B6F91431AB23DB2EF9815B0A3AB.jpg"},"logo":{"normalUrl":"https:\/\/cdn.nlziet.nl\/static\/assets\/contentproviders\/npo.png","darkUrl":"https:\/\/cdn.nlziet.nl\/static\/assets\/contentproviders\/dark\/npo.png","flatUrl":"https:\/\/cdn.nlziet.nl\/static\/assets\/contentproviders\/flat\/npo.png"},"tags":[],"seriesId":"6QApQZDaZ0Gc_9gWZDJFZA"},{"id":"G9laDaZVt0arfZDLEC-hAw","type":"Vod","title":"Het Mooiste Meisje van de Klas","subtitle":"Lisenka","description":"AVROTROS - Op haar middelbare school in Zaandijk is 'mooiste meisje' Lisenka nog wat onzeker over haar lengte, maar niet veel later komt het haar maar wat goed uit als ze merkt dat ze daardoor ouder wordt ingeschat dan ze in werkelijkheid is. Probleemloos komt ze elke disco binnen. Al snel schudt ze haar verlegenheid van zich af en verandert zij in een extraverte flirt. De combinatie leren en uitgaan gaat haar moeiteloos af. Ze rondt haar VWO af en gaat uiteindelijk diergeneeskunde studeren, maar is 's nachts een bekende verschijning in de houseclubs van die tijd. De Roxy, de It, overal kennen ze Lisenka. Daarnaast verschijnt ze als model in menig modeblad. Na haar studie en stage in Zuid-Afrika wordt ze dierenarts in Amsterdam. Het leven lacht haar tegemoet en ze wil graag kinderen met haar oude liefde Marc. Tot ze op een feestelijke avond een onfortuinlijke val maakt...","formattedEpisodeNumbering":"S2015:A1","formattedDate":"Do 20 aug. 2015","formattedDateShort":"Aug. 2015","formattedTime":"21:15","formattedDuration":"40m","formattedAvailabilityWindow":null,"formattedAvailabilityWindowShort":null,"image":{"portraitUrl":null,"landscapeUrl":"https:\/\/images.nlziet.nl\/metadataimportimages\/source\/9508DD72DA28F545A4E82A628881ACC9F52799A1267ED886A16F10A2388B1BCF.jpg"},"logo":{"normalUrl":"https:\/\/cdn.nlziet.nl\/static\/assets\/contentproviders\/npo.png","darkUrl":"https:\/\/cdn.nlziet.nl\/static\/assets\/contentproviders\/dark\/npo.png","flatUrl":"https:\/\/cdn.nlziet.nl\/static\/assets\/contentproviders\/flat\/npo.png"},"tags":[],"seriesId":"6QApQZDaZ0Gc_9gWZDJFZA"}]