[{"id":"sJifisKF8UeowSqF8L8Tew","type":"Vod","title":"13 in de oorlog","subtitle":"Marathon","description":"NTR - Marathonuitzending.","formattedEpisodeNumbering":null,"formattedDate":"Zo 1 mei.","formattedDateShort":"Zo 1 mei.","formattedTime":"12:25","formattedDuration":"2u 15m","formattedAvailabilityWindow":null,"formattedAvailabilityWindowShort":null,"image":{"portraitUrl":null,"landscapeUrl":"https:\/\/images.nlziet.nl\/metadataimportimages\/source\/78B3305D6DF06637B128C507DA0F75B1E7B03056DFA18BB399B1DDC132DD2221.jpg"},"logo":{"normalUrl":"https:\/\/cdn.nlziet.nl\/static\/assets\/contentproviders\/npo.png","darkUrl":"https:\/\/cdn.nlziet.nl\/static\/assets\/contentproviders\/dark\/npo.png","flatUrl":"https:\/\/cdn.nlziet.nl\/static\/assets\/contentproviders\/flat\/npo.png"},"tags":[],"seriesId":"84zdLrZnAkuxHG2Ed7BG_Q"},{"id":"WOAzFpP-B0ynlVvaRA8zAQ","type":"Vod","title":"13 in de oorlog","subtitle":"Marathon","description":"NTR - Geschiedenisserie voor kinderen over de Tweede Wereldoorlog. De presentatie ligt in handen van Lisa Wade. Vanaf historische locaties presenteert zij het programma, omlijst door authentieke archiefbeelden en aangrijpende dramasc\u00e8nes. In de dramasc\u00e8nes staat elke aflevering \u00e9\u00e9n kind centraal. Door elk gedramatiseerd verhaal af te wisselen met archiefbeelden en verhalen op locatie hoopt de serie de Tweede Wereldoorlog toegankelijk en invoelbaar te maken voor kinderen.","formattedEpisodeNumbering":null,"formattedDate":"Za 30 apr.","formattedDateShort":"Za 30 apr.","formattedTime":"12:30","formattedDuration":"1u 56m","formattedAvailabilityWindow":null,"formattedAvailabilityWindowShort":null,"image":{"portraitUrl":null,"landscapeUrl":"https:\/\/images.nlziet.nl\/metadataimportimages\/source\/66BF9BF559F6367C2D0EA34511AB5F0C4DD95A1B9DA77ABB1E9EDB71CC25BC93.jpg"},"logo":{"normalUrl":"https:\/\/cdn.nlziet.nl\/static\/assets\/contentproviders\/npo.png","darkUrl":"https:\/\/cdn.nlziet.nl\/static\/assets\/contentproviders\/dark\/npo.png","flatUrl":"https:\/\/cdn.nlziet.nl\/static\/assets\/contentproviders\/flat\/npo.png"},"tags":[],"seriesId":"84zdLrZnAkuxHG2Ed7BG_Q"}]