[{"id":"pNgCbLJgbEKDNAOLwTE9nQ","type":"Vod","title":"EO Metterdaad","subtitle":"Kenia: Samson","description":"EO - Boer Samson en zijn gezin konden soms een jaar lang vrijwel niets eten. Op het dieptepunt hadden ze drie dagen lang helemaal geen eten. Toen wist hij dat er iets moest gebeuren. Hij vroeg om hulp bij World Vision, de partnerorganisatie van EO Metterdaad. Samson leerde een simpele snoeimethode, waardoor de kale vlaktes snel begroeid raken met bomen. Hij gaat er vaak met zijn dorpsgenoten op uit om de snoeimethode toe te passen. Van het snoeiafval maakt Samson houtskool, die hij kan verkopen. Hij verbouwt nu ma\u00efs en heeft koeien. Ook wil hij een bijenkast aanschaffen.","formattedEpisodeNumbering":null,"formattedDate":"Za 22 okt.","formattedDateShort":"Za 22 okt.","formattedTime":"18:20","formattedDuration":"10m","formattedAvailabilityWindow":null,"formattedAvailabilityWindowShort":null,"image":{"portraitUrl":null,"landscapeUrl":"https:\/\/images.nlziet.nl\/metadataimportimages\/source\/E6B3EACCA9E2FE0DE8BA253BF7CA24B9539C40685CAEDDC48ECE81E7B6975E22.jpg"},"logo":{"normalUrl":"https:\/\/cdn.nlziet.nl\/static\/assets\/contentproviders\/npo.png","darkUrl":"https:\/\/cdn.nlziet.nl\/static\/assets\/contentproviders\/dark\/npo.png","flatUrl":"https:\/\/cdn.nlziet.nl\/static\/assets\/contentproviders\/flat\/npo.png"},"tags":[],"seriesId":"67IaRe4ka0e8Pr-f7Cjp1w"},{"id":"66fFzqPyo0WjUC1kIynfnw","type":"Vod","title":"EO Metterdaad","subtitle":"Kenia: Shamza","description":"EO - EO-directeur en presentator Arjan Lock is in Kenia. Hij loopt over een kale zandvlakte naar Shamza. Zij heeft op school geleerd hoe ze versneld bomen kan laten groeien door de beginnende struikjes op een bepaalde manier te snoeien. Ze brengt, samen met andere leerlingen, haar kennis in de praktijk tijdens een examen. Ook de theorie is belangrijk, dus de leerlingen worden onderworpen aan een vragenlijst over deze snoeimethode.","formattedEpisodeNumbering":null,"formattedDate":"Za 8 okt.","formattedDateShort":"Za 8 okt.","formattedTime":"18:20","formattedDuration":"10m","formattedAvailabilityWindow":null,"formattedAvailabilityWindowShort":null,"image":{"portraitUrl":null,"landscapeUrl":"https:\/\/images.nlziet.nl\/metadataimportimages\/source\/E6B3EACCA9E2FE0DE8BA253BF7CA24B9539C40685CAEDDC48ECE81E7B6975E22.jpg"},"logo":{"normalUrl":"https:\/\/cdn.nlziet.nl\/static\/assets\/contentproviders\/npo.png","darkUrl":"https:\/\/cdn.nlziet.nl\/static\/assets\/contentproviders\/dark\/npo.png","flatUrl":"https:\/\/cdn.nlziet.nl\/static\/assets\/contentproviders\/flat\/npo.png"},"tags":[],"seriesId":"67IaRe4ka0e8Pr-f7Cjp1w"},{"id":"EnMlg447AEWGzyyGfPkpMg","type":"Vod","title":"EO Metterdaad","subtitle":"Kenia: Rose","description":"EO - De droogte in Kenia is de ergste in veertig jaar tijd. Overal liggen karkassen van koeien en geiten die zijn omgekomen door honger en dorst. Door veesterfte lopen de mensen inkomsten mis. Gelukkig heeft Rose een snoeimethode geleerd waardoor er nieuwe bomen kunnen groeien. Zij mocht twee jaar geleden op een piepklein stukje grond beginnen met het experiment. Rose en de vrouwen in het dorp zijn enthousiast en willen meer grond tot hun beschikking om de snoeimethode op toe te passen, dus Rose stapt naar de dorpsraad. Krijgt ze de benodigde toestemming?","formattedEpisodeNumbering":null,"formattedDate":"Za 1 okt.","formattedDateShort":"Za 1 okt.","formattedTime":"18:20","formattedDuration":"10m","formattedAvailabilityWindow":null,"formattedAvailabilityWindowShort":null,"image":{"portraitUrl":null,"landscapeUrl":"https:\/\/images.nlziet.nl\/metadataimportimages\/source\/08E094C0440D2B4D91B55425CCF2B725C75DDF65163241F7C2ABBE1ABA295568.jpg"},"logo":{"normalUrl":"https:\/\/cdn.nlziet.nl\/static\/assets\/contentproviders\/npo.png","darkUrl":"https:\/\/cdn.nlziet.nl\/static\/assets\/contentproviders\/dark\/npo.png","flatUrl":"https:\/\/cdn.nlziet.nl\/static\/assets\/contentproviders\/flat\/npo.png"},"tags":[],"seriesId":"67IaRe4ka0e8Pr-f7Cjp1w"},{"id":"XSTUWsQr1UKMEokCO9AkNQ","type":"Vod","title":"EO Metterdaad","subtitle":"Kenia: Nathan","description":"EO - In het 50-jarig bestaan van EO Metterdaad is de filmploeg vaak naar heel droge plekken gereisd. Zo ook dit keer, maar: er is hoop. In Marsabit in Kenia woont Nathan, die door een nieuwe snoeimethode een beginnend bos liet groeien. EO-directeur Arjan Lock reist af naar Kenia om met eigen ogen te zien wat voor wonder hier gebeurt. Nathan laat aan Arjan zien hoe hij de snoeimethode toepast. Door deze methode is er in zo'n zes jaar tijd een groene oase in het droge gebied gegroeid. Nathan en zijn gezin kunnen door de schaduw nu kippen houden en zijn vrouw kan makkelijk hout sprokkelen.","formattedEpisodeNumbering":null,"formattedDate":"Zo 25 sep.","formattedDateShort":"Zo 25 sep.","formattedTime":"11:55","formattedDuration":"3m","formattedAvailabilityWindow":null,"formattedAvailabilityWindowShort":null,"image":{"portraitUrl":null,"landscapeUrl":"https:\/\/images.nlziet.nl\/metadataimportimages\/source\/571B66C10BDFB26F2C126C00BB79B615364C18A83DBFD24A5575A84ED7A216C9.jpg"},"logo":{"normalUrl":"https:\/\/cdn.nlziet.nl\/static\/assets\/contentproviders\/npo.png","darkUrl":"https:\/\/cdn.nlziet.nl\/static\/assets\/contentproviders\/dark\/npo.png","flatUrl":"https:\/\/cdn.nlziet.nl\/static\/assets\/contentproviders\/flat\/npo.png"},"tags":[],"seriesId":"67IaRe4ka0e8Pr-f7Cjp1w"},{"id":"ITHwRBS2OEOH4EQEif-KWw","type":"Vod","title":"EO Metterdaad","subtitle":"Kenia","description":"EO - 'EO Metterdaad' helpt mensen in armoede of onrechtvaardige omstandigheden te overleven en hun leven weer op te bouwen. Via televisie en radio werft Metterdaad geld voor hulpverleningsprojecten wereldwijd.","formattedEpisodeNumbering":null,"formattedDate":"Za 24 sep.","formattedDateShort":"Za 24 sep.","formattedTime":"18:25","formattedDuration":"10m","formattedAvailabilityWindow":null,"formattedAvailabilityWindowShort":null,"image":{"portraitUrl":null,"landscapeUrl":"https:\/\/images.nlziet.nl\/metadataimportimages\/source\/7A9F0C5F075049029E57FFC1D486D3F3320A5F71EB3B0F6C78C54A634A1A0B79.jpg"},"logo":{"normalUrl":"https:\/\/cdn.nlziet.nl\/static\/assets\/contentproviders\/npo.png","darkUrl":"https:\/\/cdn.nlziet.nl\/static\/assets\/contentproviders\/dark\/npo.png","flatUrl":"https:\/\/cdn.nlziet.nl\/static\/assets\/contentproviders\/flat\/npo.png"},"tags":[],"seriesId":"67IaRe4ka0e8Pr-f7Cjp1w"},{"id":"_OL3EK6gI02wtHyydeb9aQ","type":"Vod","title":"EO Metterdaad","subtitle":"Raquel","description":"EO - Raquel woont in het dorpje Bergvallei in Zuid-Afrika. Er heerst veel armoede en er is veel drank- en drugsgebruik en seksueel misbruik. Veel families zijn zo arm dat zij elke week voedselhulp krijgen, ook Raquel en haar familieleden. Zij vindt het leuk om met meiden op straat te hangen en met buurtjongen Poen. Ze houdt ook van dansen. Als er jongens bij zijn, nemen ze alcohol mee; iets wat haar moeder niet mag weten. Er is een plek waar Raquel open kan praten over haar interesses: het zomerkamp. Hier krijgen jongeren voorlichting over drank, drugs, ongezonde relaties en seksualiteit.","formattedEpisodeNumbering":null,"formattedDate":"Za 17 sep.","formattedDateShort":"Za 17 sep.","formattedTime":"18:25","formattedDuration":"10m","formattedAvailabilityWindow":null,"formattedAvailabilityWindowShort":null,"image":{"portraitUrl":null,"landscapeUrl":"https:\/\/images.nlziet.nl\/metadataimportimages\/source\/4624E839C7EA70EE5935DEC956CA09894236928C86873452B0566470C926A49C.jpg"},"logo":{"normalUrl":"https:\/\/cdn.nlziet.nl\/static\/assets\/contentproviders\/npo.png","darkUrl":"https:\/\/cdn.nlziet.nl\/static\/assets\/contentproviders\/dark\/npo.png","flatUrl":"https:\/\/cdn.nlziet.nl\/static\/assets\/contentproviders\/flat\/npo.png"},"tags":[],"seriesId":"67IaRe4ka0e8Pr-f7Cjp1w"},{"id":"U3mqboTJMEenjI7a8ELMYQ","type":"Vod","title":"EO Metterdaad","subtitle":"Zuid-Afrika","description":"EO - 'EO Metterdaad' helpt mensen in armoede of onrechtvaardige omstandigheden te overleven en hun leven weer op te bouwen. Via televisie en radio werft Metterdaad geld voor hulpverleningsprojecten wereldwijd.","formattedEpisodeNumbering":null,"formattedDate":"Wo 14 sep.","formattedDateShort":"Wo 14 sep.","formattedTime":"09:39","formattedDuration":"3m","formattedAvailabilityWindow":null,"formattedAvailabilityWindowShort":null,"image":{"portraitUrl":null,"landscapeUrl":"https:\/\/images.nlziet.nl\/metadataimportimages\/source\/5953C79A2C206E45CDE041D9FA99E22171AF35C8FC63653A2281940D9E6C8FA4.jpg"},"logo":{"normalUrl":"https:\/\/cdn.nlziet.nl\/static\/assets\/contentproviders\/npo.png","darkUrl":"https:\/\/cdn.nlziet.nl\/static\/assets\/contentproviders\/dark\/npo.png","flatUrl":"https:\/\/cdn.nlziet.nl\/static\/assets\/contentproviders\/flat\/npo.png"},"tags":[],"seriesId":"67IaRe4ka0e8Pr-f7Cjp1w"},{"id":"T38j7rItzECdzdjMic7MHw","type":"Vod","title":"EO Metterdaad","subtitle":"Zuid-Afrika: Lazarus","description":"EO - 'EO Metterdaad' helpt mensen in armoede of onrechtvaardige omstandigheden te overleven en hun leven weer op te bouwen. Via televisie en radio werft Metterdaad geld voor hulpverleningsprojecten wereldwijd.","formattedEpisodeNumbering":null,"formattedDate":"Za 10 sep.","formattedDateShort":"Za 10 sep.","formattedTime":"18:25","formattedDuration":"10m","formattedAvailabilityWindow":null,"formattedAvailabilityWindowShort":null,"image":{"portraitUrl":null,"landscapeUrl":"https:\/\/images.nlziet.nl\/metadataimportimages\/source\/5AD81C9CDDEB5B028E433B4C2425434EE0B2F59A22330BB6672FEFA61A652833.jpg"},"logo":{"normalUrl":"https:\/\/cdn.nlziet.nl\/static\/assets\/contentproviders\/npo.png","darkUrl":"https:\/\/cdn.nlziet.nl\/static\/assets\/contentproviders\/dark\/npo.png","flatUrl":"https:\/\/cdn.nlziet.nl\/static\/assets\/contentproviders\/flat\/npo.png"},"tags":[],"seriesId":"67IaRe4ka0e8Pr-f7Cjp1w"},{"id":"X6icHmHGP0y3OADySFSDoA","type":"Vod","title":"EO Metterdaad","subtitle":"Zuid-Afrika: Tisetsu","description":"EO - 'EO Metterdaad' helpt mensen in armoede of onrechtvaardige omstandigheden te overleven en hun leven weer op te bouwen. Via televisie en radio werft Metterdaad geld voor hulpverleningsprojecten wereldwijd.","formattedEpisodeNumbering":null,"formattedDate":"Za 3 sep.","formattedDateShort":"Za 3 sep.","formattedTime":"18:25","formattedDuration":"10m","formattedAvailabilityWindow":null,"formattedAvailabilityWindowShort":null,"image":{"portraitUrl":null,"landscapeUrl":"https:\/\/images.nlziet.nl\/metadataimportimages\/source\/5ED92A471D3B6C2FA4B6ECD26A0246091478055D1524DB09BD0C71EFCE14065E.jpg"},"logo":{"normalUrl":"https:\/\/cdn.nlziet.nl\/static\/assets\/contentproviders\/npo.png","darkUrl":"https:\/\/cdn.nlziet.nl\/static\/assets\/contentproviders\/dark\/npo.png","flatUrl":"https:\/\/cdn.nlziet.nl\/static\/assets\/contentproviders\/flat\/npo.png"},"tags":[],"seriesId":"67IaRe4ka0e8Pr-f7Cjp1w"},{"id":"WFxr-rMrrkSzzBZSonsg1g","type":"Vod","title":"EO Metterdaad","subtitle":"Zuid-Afrika: George","description":"EO - George is een bevlogen pastor in Pretoria. Hij leidt de kerkdiensten in de winterse buitenlucht, waar een zeil als muur dient. De gemeenteleden hebben het koud en vragen of de dienst volgende week later kan beginnen. Hopelijk is het koukleumen binnenkort verleden tijd, want George is bezig met het ontwikkelen van een echt gebouw, dat ook als buurtcentrum dient. De ouderen die ook van dit centrum gebruik kunnen maken, komen nu nog samen op een klein binnenplaatsje. Ze voelen zich vaak gestrest en eenzaam. In deze groep praten ze over wat hen persoonlijk bezighoudt.","formattedEpisodeNumbering":null,"formattedDate":"Za 27 aug.","formattedDateShort":"Za 27 aug.","formattedTime":"18:25","formattedDuration":"10m","formattedAvailabilityWindow":null,"formattedAvailabilityWindowShort":null,"image":{"portraitUrl":null,"landscapeUrl":"https:\/\/images.nlziet.nl\/metadataimportimages\/source\/8F216BEA42F10C2E784D1E00BE36A69DF48082EEA9822A3FEDEED85C85AFCF63.jpg"},"logo":{"normalUrl":"https:\/\/cdn.nlziet.nl\/static\/assets\/contentproviders\/npo.png","darkUrl":"https:\/\/cdn.nlziet.nl\/static\/assets\/contentproviders\/dark\/npo.png","flatUrl":"https:\/\/cdn.nlziet.nl\/static\/assets\/contentproviders\/flat\/npo.png"},"tags":[],"seriesId":"67IaRe4ka0e8Pr-f7Cjp1w"},{"id":"zyYcA2KCVUysLB8zRNIxbA","type":"Vod","title":"EO Metterdaad","subtitle":"Vrouwen in de oorlog","description":"EO - Martha Zonneveld werkt voor Tearfund en heeft Rohingya-vrouwen uit Myanmar ontmoet. Zij hebben gruwelijke dingen meegemaakt door geweld van het leger. Hun mannen werden vermoord, hun kinderen afgepakt of verbrand. De vrouwen zelf werden verkracht. Het overkwam ook Hasina. Ze werd bewusteloos geslagen en misbruikt. Totaal getraumatiseerd vluchten deze vrouwen naar Bangladesh, waar het grootste vluchtelingenkamp ter wereld is. Ze verblijven op een te klein stukje aarde, waar een tekort is aan alle basisbehoeften door geldgebrek. Ook is hierdoor psychologische hulp voor Hasina en andere vrouwen gestopt.","formattedEpisodeNumbering":null,"formattedDate":"Za 20 aug.","formattedDateShort":"Za 20 aug.","formattedTime":"18:25","formattedDuration":"10m","formattedAvailabilityWindow":null,"formattedAvailabilityWindowShort":null,"image":{"portraitUrl":null,"landscapeUrl":"https:\/\/images.nlziet.nl\/metadataimportimages\/source\/DE6E004990120A00190C9C7F67BA274806F499FF1A4AFBA56AE81C405D69C5F9.jpg"},"logo":{"normalUrl":"https:\/\/cdn.nlziet.nl\/static\/assets\/contentproviders\/npo.png","darkUrl":"https:\/\/cdn.nlziet.nl\/static\/assets\/contentproviders\/dark\/npo.png","flatUrl":"https:\/\/cdn.nlziet.nl\/static\/assets\/contentproviders\/flat\/npo.png"},"tags":[],"seriesId":"67IaRe4ka0e8Pr-f7Cjp1w"},{"id":"OV9v7F4zJkq2shH7FcEQyg","type":"Vod","title":"EO Metterdaad","subtitle":"Vrouwen in de oorlog","description":"EO - Sinds de oorlog in Oekra\u00efne zijn vrouwelijke vluchtelingen in een kwetsbare positie terechtgekomen. Ze zijn op zoek naar een veilige plek en daardoor lopen ze het gevaar slachtoffer te worden van human trafficking. De meeste vrouwen laten alles achter en hebben geen geld of slaapplek. Alle hulp nemen ze aan. Sommige chauffeurs op de grens hebben echter geen goede motieven en vrouwen die worden meegenomen, moeten soms gedwongen de prostitutie in. Partnerorganisatie van 'EO Metterdaad' Next Step Romania biedt hulp aan deze vrouwen door ze naar veilige opvanghuizen te brengen, taallessen te geven en te begeleiden bij het zoeken naar werk.","formattedEpisodeNumbering":null,"formattedDate":"Zo 14 aug.","formattedDateShort":"Zo 14 aug.","formattedTime":"17:40","formattedDuration":"10m","formattedAvailabilityWindow":null,"formattedAvailabilityWindowShort":null,"image":{"portraitUrl":null,"landscapeUrl":"https:\/\/images.nlziet.nl\/metadataimportimages\/source\/CB6492ED57F9CF945931D43A1071DD2CE6460D91B41397D901360523883FB54B.jpg"},"logo":{"normalUrl":"https:\/\/cdn.nlziet.nl\/static\/assets\/contentproviders\/npo.png","darkUrl":"https:\/\/cdn.nlziet.nl\/static\/assets\/contentproviders\/dark\/npo.png","flatUrl":"https:\/\/cdn.nlziet.nl\/static\/assets\/contentproviders\/flat\/npo.png"},"tags":[],"seriesId":"67IaRe4ka0e8Pr-f7Cjp1w"},{"id":"mK6VCr1P7k2UYDoK2PX--g","type":"Vod","title":"EO Metterdaad","subtitle":"Vrouwen in de oorlog","description":"EO - 'EO Metterdaad' helpt mensen in armoede of onrechtvaardige omstandigheden te overleven en hun leven weer op te bouwen. Via televisie en radio werft Metterdaad geld voor hulpverleningsprojecten wereldwijd.","formattedEpisodeNumbering":null,"formattedDate":"Zo 14 aug.","formattedDateShort":"Zo 14 aug.","formattedTime":"11:56","formattedDuration":"3m","formattedAvailabilityWindow":null,"formattedAvailabilityWindowShort":null,"image":{"portraitUrl":null,"landscapeUrl":"https:\/\/images.nlziet.nl\/metadataimportimages\/source\/CB6492ED57F9CF945931D43A1071DD2CE6460D91B41397D901360523883FB54B.jpg"},"logo":{"normalUrl":"https:\/\/cdn.nlziet.nl\/static\/assets\/contentproviders\/npo.png","darkUrl":"https:\/\/cdn.nlziet.nl\/static\/assets\/contentproviders\/dark\/npo.png","flatUrl":"https:\/\/cdn.nlziet.nl\/static\/assets\/contentproviders\/flat\/npo.png"},"tags":[],"seriesId":"67IaRe4ka0e8Pr-f7Cjp1w"},{"id":"JKU_K2a47k-XTckoB0AOBQ","type":"Vod","title":"EO Metterdaad","subtitle":"Vrouwen in de oorlog","description":"EO - 'EO Metterdaad' helpt mensen in armoede of onrechtvaardige omstandigheden te overleven en hun leven weer op te bouwen. Via televisie en radio werft Metterdaad geld voor hulpverleningsprojecten wereldwijd.","formattedEpisodeNumbering":null,"formattedDate":"Za 6 aug.","formattedDateShort":"Za 6 aug.","formattedTime":"18:20","formattedDuration":"9m","formattedAvailabilityWindow":null,"formattedAvailabilityWindowShort":null,"image":{"portraitUrl":null,"landscapeUrl":"https:\/\/images.nlziet.nl\/metadataimportimages\/source\/E94DB3F6D6F7C294C2DE74A971639F1A5108FD7C23A4EDBB90A0CCDE9796A7F0.jpg"},"logo":{"normalUrl":"https:\/\/cdn.nlziet.nl\/static\/assets\/contentproviders\/npo.png","darkUrl":"https:\/\/cdn.nlziet.nl\/static\/assets\/contentproviders\/dark\/npo.png","flatUrl":"https:\/\/cdn.nlziet.nl\/static\/assets\/contentproviders\/flat\/npo.png"},"tags":[],"seriesId":"67IaRe4ka0e8Pr-f7Cjp1w"},{"id":"5JqpXbbA606m-qDPSeVn4w","type":"Vod","title":"EO Metterdaad","subtitle":"Bedankt!","description":"EO - Alvard en haar dochter van vijf vluchtten tijdens de oorlog tussen Armeni\u00eb en Azerbeidzjan naar een huis met dertien mensen. Zonder iets mee te kunnen nemen en vader achterlatend, moeten ze hier een nieuw leven opbouwen. Gelukkig krijgen ze hulp van Mission Impossible, die hen onder andere brandhout, voedsel, winterkleding en matrassen aanbiedt. Nu, anderhalf later, woont Alvard met haar man en dochter nog steeds in dezelfde stad waar ze destijds naar toe is gevlucht en heeft ze een baan als juf op de lokale school. Kleine boerengezinnen worden ook geholpen door de organisatie.","formattedEpisodeNumbering":null,"formattedDate":"Za 30 jul.","formattedDateShort":"Za 30 jul.","formattedTime":"18:20","formattedDuration":"9m","formattedAvailabilityWindow":null,"formattedAvailabilityWindowShort":null,"image":{"portraitUrl":null,"landscapeUrl":"https:\/\/images.nlziet.nl\/metadataimportimages\/source\/6F227F63F6DE29A985E0B87A00A026B6BB45DF05B51CF3B842D3E19AD79D6963.jpg"},"logo":{"normalUrl":"https:\/\/cdn.nlziet.nl\/static\/assets\/contentproviders\/npo.png","darkUrl":"https:\/\/cdn.nlziet.nl\/static\/assets\/contentproviders\/dark\/npo.png","flatUrl":"https:\/\/cdn.nlziet.nl\/static\/assets\/contentproviders\/flat\/npo.png"},"tags":[],"seriesId":"67IaRe4ka0e8Pr-f7Cjp1w"},{"id":"oL56wKYC3Ei2fKzSL4LCEA","type":"Vod","title":"EO Metterdaad","subtitle":"Bedankt!","description":"EO - Ramesh uit Nepal heeft een lichamelijke beperking opgelopen door kinderaids. Daardoor kan hij niet goed lopen en komt hij niet aan een baan, hoewel hij wel graag wil werken. Drie jaar geleden had hij nooit durven dromen dat hij vandaag de dag kleermaker zou zijn. Hij komt in contact met hulpverlener Adikadi, die hem uitnodigt voor een zorghulpgroep. Na het krijgen van een lening voor een naaimachine, verhuist Ramesh naar de stad. Daar heeft hij nu zijn eigen werkplek en huisje, die hij vol trots en geluk laat zien.","formattedEpisodeNumbering":null,"formattedDate":"Za 23 jul.","formattedDateShort":"Za 23 jul.","formattedTime":"18:20","formattedDuration":"10m","formattedAvailabilityWindow":null,"formattedAvailabilityWindowShort":null,"image":{"portraitUrl":null,"landscapeUrl":"https:\/\/images.nlziet.nl\/metadataimportimages\/source\/2168F453B6E69CB32115144942B552EDD7553833FED20CA908CB70710CA16837.jpg"},"logo":{"normalUrl":"https:\/\/cdn.nlziet.nl\/static\/assets\/contentproviders\/npo.png","darkUrl":"https:\/\/cdn.nlziet.nl\/static\/assets\/contentproviders\/dark\/npo.png","flatUrl":"https:\/\/cdn.nlziet.nl\/static\/assets\/contentproviders\/flat\/npo.png"},"tags":[],"seriesId":"67IaRe4ka0e8Pr-f7Cjp1w"},{"id":"mSg-YkuXPkiVS4b90LuhpQ","type":"Vod","title":"EO Metterdaad","subtitle":"Bedankt!","description":"EO - De Onobasulu-stam in Papoea-Nieuw-Guinea at mensen. Dat stopte toen de stam in aanraking kwam met het goede nieuws van Jezus, mede dankzij het werk van Bijbelvertaalster Anne Stoppels. Als tiener las Anne het boek Vredeskind, waardoor ze wist: ik wil dit werk doen. Ze reist opnieuw naar de stam. Ook vertelt ze over oma Haiga, die de grote veranderingen in de gemeenschap heeft meegemaakt.","formattedEpisodeNumbering":null,"formattedDate":"Za 16 jul.","formattedDateShort":"Za 16 jul.","formattedTime":"18:20","formattedDuration":"10m","formattedAvailabilityWindow":null,"formattedAvailabilityWindowShort":null,"image":{"portraitUrl":null,"landscapeUrl":"https:\/\/images.nlziet.nl\/metadataimportimages\/source\/2168F453B6E69CB32115144942B552EDD7553833FED20CA908CB70710CA16837.jpg"},"logo":{"normalUrl":"https:\/\/cdn.nlziet.nl\/static\/assets\/contentproviders\/npo.png","darkUrl":"https:\/\/cdn.nlziet.nl\/static\/assets\/contentproviders\/dark\/npo.png","flatUrl":"https:\/\/cdn.nlziet.nl\/static\/assets\/contentproviders\/flat\/npo.png"},"tags":[],"seriesId":"67IaRe4ka0e8Pr-f7Cjp1w"},{"id":"YOfgNTop6km_shdiPx8qkw","type":"Vod","title":"EO Metterdaad","subtitle":"Nepal: Seesam","description":"EO - Dokter Seesam werkt sinds 2015 als gynaecoloog in het United Mission Hospital in Tansen, Nepal. De kraamafdeling is de enige plek in de wijde omgeving waar vrouwen veilig kunnen bevallen, maar er zijn te weinig ziekenhuisbedden beschikbaar. Dokter Seesam moet regelmatig op zoek naar een beschikbaar bed op een andere afdeling of naar haar pati\u00ebnt die is verplaatst. Soms moeten vrouwen op een houten bed of op de vloer bevallen. Naast het zoeken van ziekenhuisbedden houdt Seesam zich bezig met de nieuwe vaders; in de Nepalese cultuur geven vaders de voorkeur aan een zoon boven een dochter.","formattedEpisodeNumbering":null,"formattedDate":"Zo 10 jul.","formattedDateShort":"Zo 10 jul.","formattedTime":"11:55","formattedDuration":"10m","formattedAvailabilityWindow":null,"formattedAvailabilityWindowShort":null,"image":{"portraitUrl":null,"landscapeUrl":"https:\/\/images.nlziet.nl\/metadataimportimages\/source\/5E6A65E5A6D75425EB2506CDC2EEEC67D8A9AEB1CBAA6D4CFA18A0199E38C356.jpg"},"logo":{"normalUrl":"https:\/\/cdn.nlziet.nl\/static\/assets\/contentproviders\/npo.png","darkUrl":"https:\/\/cdn.nlziet.nl\/static\/assets\/contentproviders\/dark\/npo.png","flatUrl":"https:\/\/cdn.nlziet.nl\/static\/assets\/contentproviders\/flat\/npo.png"},"tags":[],"seriesId":"67IaRe4ka0e8Pr-f7Cjp1w"},{"id":"8hHwdDYCIkqYczDU5v_FOw","type":"Vod","title":"EO Metterdaad","subtitle":"Nepal: Rima","description":"EO - De Amerikaanse dokter Rima is een jaar geleden naar Nepal verhuisd, waar ze werkt in het United Mission Hospital Tansen. Een uitdaging vanwege de Nepalese taal en cultuur. Rima vergeet vaak haar geleerde woorden. Dokter Rima bezoekt met haar vriendin, dokter Sonika, een dorpje in de bergen. Al gauw hebben de zwangere vrouwen hen gevonden; ze willen graag hun baby en buik laten onderzoeken. Een van hen is Rupa. Zij maakt zich zorgen om haar baby, omdat die niet goed lijkt te groeien. Ze wordt naar het ziekenhuis gestuurd, maar kan pas een dag later komen, omdat het ziekenhuis nu te vol is.","formattedEpisodeNumbering":null,"formattedDate":"Vr 8 jul.","formattedDateShort":"Vr 8 jul.","formattedTime":"14:28","formattedDuration":"3m","formattedAvailabilityWindow":null,"formattedAvailabilityWindowShort":null,"image":{"portraitUrl":null,"landscapeUrl":"https:\/\/images.nlziet.nl\/metadataimportimages\/source\/AFDEB442A682B5B7026C68EA5CC7E991DDCB4359EB55808F32617980541AA2E7.jpg"},"logo":{"normalUrl":"https:\/\/cdn.nlziet.nl\/static\/assets\/contentproviders\/npo.png","darkUrl":"https:\/\/cdn.nlziet.nl\/static\/assets\/contentproviders\/dark\/npo.png","flatUrl":"https:\/\/cdn.nlziet.nl\/static\/assets\/contentproviders\/flat\/npo.png"},"tags":[],"seriesId":"67IaRe4ka0e8Pr-f7Cjp1w"},{"id":"gO7JVFlrUEiNO8WRfRJeSg","type":"Vod","title":"EO Metterdaad","subtitle":"Nepal: Rima","description":"EO - De Amerikaanse dokter Rima is een jaar geleden naar Nepal verhuisd, waar ze werkt in het United Mission Hospital Tansen. Een uitdaging vanwege de Nepalese taal en cultuur. Rima vergeet vaak haar geleerde woorden. Dokter Rima bezoekt met haar vriendin, dokter Sonika, een dorpje in de bergen. Al gauw hebben de zwangere vrouwen hen gevonden; ze willen graag hun baby en buik laten onderzoeken. Een van hen is Rupa. Zij maakt zich zorgen om haar baby, omdat die niet goed lijkt te groeien. Ze wordt naar het ziekenhuis gestuurd, maar kan pas een dag later komen, omdat het ziekenhuis nu te vol is.","formattedEpisodeNumbering":null,"formattedDate":"Za 2 jul.","formattedDateShort":"Za 2 jul.","formattedTime":"18:55","formattedDuration":"15m","formattedAvailabilityWindow":null,"formattedAvailabilityWindowShort":null,"image":{"portraitUrl":null,"landscapeUrl":"https:\/\/images.nlziet.nl\/metadataimportimages\/source\/08720A43D4B76D209A5092C0F16A67C31EE799FA7D412C96580C79F77B0DE8EC.jpg"},"logo":{"normalUrl":"https:\/\/cdn.nlziet.nl\/static\/assets\/contentproviders\/npo.png","darkUrl":"https:\/\/cdn.nlziet.nl\/static\/assets\/contentproviders\/dark\/npo.png","flatUrl":"https:\/\/cdn.nlziet.nl\/static\/assets\/contentproviders\/flat\/npo.png"},"tags":[],"seriesId":"67IaRe4ka0e8Pr-f7Cjp1w"},{"id":"6oIYVkNatka3Vk-rKbplOg","type":"Vod","title":"EO Metterdaad","subtitle":"Nepal","description":"EO - De Amerikaanse dokter Rima is een jaar geleden naar Nepal verhuisd, waar ze werkt in het United Mission Hospital Tansen. Een uitdaging vanwege de Nepalese taal en cultuur. Rima vergeet vaak haar geleerde woorden. Dokter Rima bezoekt met haar vriendin, dokter Sonika, een dorpje in de bergen. Al gauw hebben de zwangere vrouwen hen gevonden; ze willen graag hun baby en buik laten onderzoeken. Een van hen is Rupa. Zij maakt zich zorgen om haar baby, omdat die niet goed lijkt te groeien. Ze wordt naar het ziekenhuis gestuurd, maar kan pas een dag later komen, omdat het ziekenhuis nu te vol is.","formattedEpisodeNumbering":null,"formattedDate":"Vr 1 jul.","formattedDateShort":"Vr 1 jul.","formattedTime":"14:16","formattedDuration":"3m","formattedAvailabilityWindow":null,"formattedAvailabilityWindowShort":null,"image":{"portraitUrl":null,"landscapeUrl":"https:\/\/images.nlziet.nl\/metadataimportimages\/source\/740F9123929DEBA073C6EAE2C89D40FB73DCA583E7E8B1102835AE0C2CE3B48C.jpg"},"logo":{"normalUrl":"https:\/\/cdn.nlziet.nl\/static\/assets\/contentproviders\/npo.png","darkUrl":"https:\/\/cdn.nlziet.nl\/static\/assets\/contentproviders\/dark\/npo.png","flatUrl":"https:\/\/cdn.nlziet.nl\/static\/assets\/contentproviders\/flat\/npo.png"},"tags":[],"seriesId":"67IaRe4ka0e8Pr-f7Cjp1w"},{"id":"HfoQdrkupEKpbdJMkr9rtA","type":"Vod","title":"EO Metterdaad","subtitle":"Nepal: Ranjana","description":"EO - Bevallen in de bergen van Nepal kan levensgevaarlijk zijn: het is uren lopen naar het dichtstbijzijnde ziekenhuis. Voor assistent verloskundige Ranjana, die ook in de bergen woont, reden genoeg om een opleiding te volgen in het United Mission Hospital Tansen. Ranjana leert hoe ze vrouwen moet ondersteunen die ver weg van een ziekenhuis wonen, bevallen en last hebben van complicaties. Ook doet ze examen, dat ze afsluit met een moeilijk onderdeel: reanimatie van baby's. Zal ze slagen voor haar examen?","formattedEpisodeNumbering":null,"formattedDate":"Za 25 jun.","formattedDateShort":"Za 25 jun.","formattedTime":"18:00","formattedDuration":"15m","formattedAvailabilityWindow":null,"formattedAvailabilityWindowShort":null,"image":{"portraitUrl":null,"landscapeUrl":"https:\/\/images.nlziet.nl\/metadataimportimages\/source\/30F6CFE9B68C81C6BC2A060DD9B3B9615E9560CC2A4A46C26A2528C838D7F39B.jpg"},"logo":{"normalUrl":"https:\/\/cdn.nlziet.nl\/static\/assets\/contentproviders\/npo.png","darkUrl":"https:\/\/cdn.nlziet.nl\/static\/assets\/contentproviders\/dark\/npo.png","flatUrl":"https:\/\/cdn.nlziet.nl\/static\/assets\/contentproviders\/flat\/npo.png"},"tags":[],"seriesId":"67IaRe4ka0e8Pr-f7Cjp1w"},{"id":"ZJa071WiPkaXiTzABtZlZw","type":"Vod","title":"EO Metterdaad","subtitle":"Nepal: Laxmi","description":"EO - EO Metterdaad helpt mensen in armoede of onrechtvaardige omstandigheden te overleven en hun leven weer op te bouwen. Via televisie en radio werft Metterdaad geld voor hulpverleningsprojecten wereldwijd.","formattedEpisodeNumbering":null,"formattedDate":"Za 18 jun.","formattedDateShort":"Za 18 jun.","formattedTime":"18:25","formattedDuration":"10m","formattedAvailabilityWindow":null,"formattedAvailabilityWindowShort":null,"image":{"portraitUrl":"https:\/\/images.nlziet.nl\/metadataimportimages\/source\/B6379DA05CFF18DA02F0D3085A5D52D29AF562042DE1BBFE0D9C40A943CB9981.jpg","landscapeUrl":"https:\/\/images.nlziet.nl\/metadataimportimages\/source\/6AF90ADF8DCAED5159E6485BA92E498A4656E4F2926D9E33053F08DBF59230BD.jpg"},"logo":{"normalUrl":"https:\/\/cdn.nlziet.nl\/static\/assets\/contentproviders\/npo.png","darkUrl":"https:\/\/cdn.nlziet.nl\/static\/assets\/contentproviders\/dark\/npo.png","flatUrl":"https:\/\/cdn.nlziet.nl\/static\/assets\/contentproviders\/flat\/npo.png"},"tags":[],"seriesId":"67IaRe4ka0e8Pr-f7Cjp1w"},{"id":"PE-zK9_GQkqmmTwIDpg8jA","type":"Vod","title":"EO Metterdaad","subtitle":"Oeganda: Godfrey","description":"EO - Het Victoriameer in Oeganda is flink vervuild door plastic afval, want er is geen goede afvalverwerking. Visser Godfrey merkt dat hij door al dit plastic minder vissen vangt. Het water raakt vervuild, vissen planten zich minder voort en voor de vissers is het moeilijker om rond te komen. Godfrey besluit het plastic op te ruimen. Ook bezoekt hij vissersdorpen op eilanden in de buurt waar ze het aangespoelde plastic opruimen. Hij brengt al het verzamelde plastic afval naar recyclebedrijf Eco Brixs. Godfrey hoopt dat zijn zoontje ook visser wordt, dus hij legt hem uit hoe het vissen in zijn werk gaat.","formattedEpisodeNumbering":null,"formattedDate":"Za 11 jun.","formattedDateShort":"Za 11 jun.","formattedTime":"18:25","formattedDuration":"10m","formattedAvailabilityWindow":null,"formattedAvailabilityWindowShort":null,"image":{"portraitUrl":null,"landscapeUrl":"https:\/\/images.nlziet.nl\/metadataimportimages\/source\/2394B00C81BF9B1890C1D9AADAA0F2305A891457CEFA96CDFEC353FDB7923B65.jpg"},"logo":{"normalUrl":"https:\/\/cdn.nlziet.nl\/static\/assets\/contentproviders\/npo.png","darkUrl":"https:\/\/cdn.nlziet.nl\/static\/assets\/contentproviders\/dark\/npo.png","flatUrl":"https:\/\/cdn.nlziet.nl\/static\/assets\/contentproviders\/flat\/npo.png"},"tags":[],"seriesId":"67IaRe4ka0e8Pr-f7Cjp1w"},{"id":"dhCzvQvBu0GtmYiA2H4RtA","type":"Vod","title":"EO Metterdaad","subtitle":"Oeganda","description":"EO - EO Metterdaad helpt mensen in armoede of onrechtvaardige omstandigheden te overleven en hun leven weer op te bouwen. Via televisie en radio werft Metterdaad geld voor hulpverleningsprojecten wereldwijd.","formattedEpisodeNumbering":null,"formattedDate":"Za 11 jun.","formattedDateShort":"Za 11 jun.","formattedTime":"09:26","formattedDuration":"3m","formattedAvailabilityWindow":null,"formattedAvailabilityWindowShort":null,"image":{"portraitUrl":null,"landscapeUrl":"https:\/\/images.nlziet.nl\/metadataimportimages\/source\/DDD8D17048F5B14B136E4B2203CAA881A569A34701608FEE4E2E8D5C4FFE253C.jpg"},"logo":{"normalUrl":"https:\/\/cdn.nlziet.nl\/static\/assets\/contentproviders\/npo.png","darkUrl":"https:\/\/cdn.nlziet.nl\/static\/assets\/contentproviders\/dark\/npo.png","flatUrl":"https:\/\/cdn.nlziet.nl\/static\/assets\/contentproviders\/flat\/npo.png"},"tags":[],"seriesId":"67IaRe4ka0e8Pr-f7Cjp1w"},{"id":"VfSEJUD8YEuL7j_Om6Xf7w","type":"Vod","title":"EO Metterdaad","subtitle":"Oeganda","description":"EO - Mukalazi en zijn vrouw Sarah zijn beiden lichamelijk beperkt, maar dat houdt hen niet tegen om te werken. Ze zijn succesvolle ondernemers geworden door het inzamelen van plastic afval. Sara runt een inzamelpunt bij hen thuis, Mukalazi midden in de stad. Dit plastic afval inzamelen is hard nodig in Oeganda, want door een slechte afvalverwerking liggen er bergen afval in de natuur. Daardoor komen er schadelijke stoffen in het milieu terecht. Dankzij dit werk wordt de natuur opgeruimd \u00e9n kan Mukalazi een goed leven opbouwen met zijn gezin.","formattedEpisodeNumbering":null,"formattedDate":"Za 4 jun.","formattedDateShort":"Za 4 jun.","formattedTime":"18:25","formattedDuration":"10m","formattedAvailabilityWindow":null,"formattedAvailabilityWindowShort":null,"image":{"portraitUrl":null,"landscapeUrl":"https:\/\/images.nlziet.nl\/metadataimportimages\/source\/A471CA93CB14EAD5A8E23DF68088F767401062A049B0AF8FAFDB2B74B6153B39.jpg"},"logo":{"normalUrl":"https:\/\/cdn.nlziet.nl\/static\/assets\/contentproviders\/npo.png","darkUrl":"https:\/\/cdn.nlziet.nl\/static\/assets\/contentproviders\/dark\/npo.png","flatUrl":"https:\/\/cdn.nlziet.nl\/static\/assets\/contentproviders\/flat\/npo.png"},"tags":[],"seriesId":"67IaRe4ka0e8Pr-f7Cjp1w"},{"id":"VuTCIgbN30aAe67nu1xUyA","type":"Vod","title":"EO Metterdaad","subtitle":"Oeganda: Irene","description":"EO - Als de Britse Andy Bownds deelneemt aan een marathon voor het goede doel in Oeganda ziet hij bergen afval langs de route liggen. Hij wil het plastic recyclen. Zijn idee groeit uit tot het bedrijf Eco Brixs. Het bedrijf maakt de leefomgeving schoner, maakt van plastic nieuwe producten en helpt meer dan drieduizend kwetsbare mensen aan een inkomen en dus een beter leven. Een van die mensen is Irene. Zij is doof en kan niet praten, maar dankzij haar werk bij Eco Brixs kan ze eten en kleding kopen. En zuster Christine verzamelt elke dag minstens twee kilogram plastic. Dankzij haar helpt de hele buurt mee.","formattedEpisodeNumbering":null,"formattedDate":"Za 21 mei.","formattedDateShort":"Za 21 mei.","formattedTime":"18:20","formattedDuration":"10m","formattedAvailabilityWindow":null,"formattedAvailabilityWindowShort":null,"image":{"portraitUrl":null,"landscapeUrl":"https:\/\/images.nlziet.nl\/metadataimportimages\/source\/42F8AF84CAF1D2AAF55AAA8CA1A92645D21925722F3A941E9D195D6F52849525.jpg"},"logo":{"normalUrl":"https:\/\/cdn.nlziet.nl\/static\/assets\/contentproviders\/npo.png","darkUrl":"https:\/\/cdn.nlziet.nl\/static\/assets\/contentproviders\/dark\/npo.png","flatUrl":"https:\/\/cdn.nlziet.nl\/static\/assets\/contentproviders\/flat\/npo.png"},"tags":[],"seriesId":"67IaRe4ka0e8Pr-f7Cjp1w"},{"id":"U0JTNLCfbECygV-o79yI7w","type":"Vod","title":"EO Metterdaad","subtitle":"Madagaskar: Marikelene","description":"EO - Marikelene woont met haar drie kinderen in het zuiden van Madagaskar. Het is daar al vijf jaar lang droog, waardoor oogsten mislukken. Op een dag wordt het dorp verrast door cyclonen die veel regen meebrengen. Dit lost echter niks op, want de grond is z\u00f3 droog, dat het water direct wegspoelt. Door de storm zitten gezinnen zonder eten \u00e9n zonder huis. Om toch aan eten te komen, kookt Marikelene cactusbladeren. Totdat daar hulp is van organisatie ADRA, die voedselpakketten uitdeelt aan honderden gezinnen. Daar kan een familie een maand mee vooruit.","formattedEpisodeNumbering":null,"formattedDate":"Za 7 mei.","formattedDateShort":"Za 7 mei.","formattedTime":"18:20","formattedDuration":"10m","formattedAvailabilityWindow":null,"formattedAvailabilityWindowShort":null,"image":{"portraitUrl":null,"landscapeUrl":"https:\/\/images.nlziet.nl\/metadataimportimages\/source\/9B5011CD8C05B83C1825A3186985BE2046EE7553635EC81DB863EED286EE8688.jpg"},"logo":{"normalUrl":"https:\/\/cdn.nlziet.nl\/static\/assets\/contentproviders\/npo.png","darkUrl":"https:\/\/cdn.nlziet.nl\/static\/assets\/contentproviders\/dark\/npo.png","flatUrl":"https:\/\/cdn.nlziet.nl\/static\/assets\/contentproviders\/flat\/npo.png"},"tags":[],"seriesId":"67IaRe4ka0e8Pr-f7Cjp1w"},{"id":"IS4KxGdei0S7HLCsstulpg","type":"Vod","title":"EO Metterdaad","subtitle":"Madagaskar: Tafemassie","description":"EO - Vognaheree is moeder van vijf kinderen, waaronder Tafemassie. Het meisje voelt zich niet lekker, maar er is niets te eten. Ook is het water op, dus loopt haar moeder uren door de hitte voor een emmer water. Een zusje plukt cactusvijgen, maar Tafemassie voelt zich te ziek om die te eten. Dokter Gilbert komt als geroepen: hij onderzoekt de kinderen en vraagt het gezin om de volgende dag naar de mobiele kliniek te komen. Hier worden de kinderen gewogen en gemeten. Ondervoede kinderen zoals Tafemassie krijgen een speciale notenpasta met extra voedingsstoffen om aan te sterken.","formattedEpisodeNumbering":null,"formattedDate":"Za 30 apr.","formattedDateShort":"Za 30 apr.","formattedTime":"18:15","formattedDuration":"10m","formattedAvailabilityWindow":null,"formattedAvailabilityWindowShort":null,"image":{"portraitUrl":"https:\/\/images.nlziet.nl\/metadataimportimages\/source\/B2429CFFBE9B90BBFD06E2D434663BA0EC6AC6B41FC97BC1C317CF0AFBF71F1E.jpg","landscapeUrl":"https:\/\/images.nlziet.nl\/metadataimportimages\/source\/6AF90ADF8DCAED5159E6485BA92E498A4656E4F2926D9E33053F08DBF59230BD.jpg"},"logo":{"normalUrl":"https:\/\/cdn.nlziet.nl\/static\/assets\/contentproviders\/npo.png","darkUrl":"https:\/\/cdn.nlziet.nl\/static\/assets\/contentproviders\/dark\/npo.png","flatUrl":"https:\/\/cdn.nlziet.nl\/static\/assets\/contentproviders\/flat\/npo.png"},"tags":[],"seriesId":"67IaRe4ka0e8Pr-f7Cjp1w"},{"id":"1ei3cGm810yU2xM_wM-j0A","type":"Vod","title":"EO Metterdaad","subtitle":"Madagaskar: Tovo","description":"EO - 'EO Metterdaad' helpt mensen in armoede of onrechtvaardige omstandigheden te overleven en hun leven weer op te bouwen. Via televisie en radio werft Metterdaad geld voor hulpverleningsprojecten wereldwijd.","formattedEpisodeNumbering":null,"formattedDate":"Za 23 apr.","formattedDateShort":"Za 23 apr.","formattedTime":"18:20","formattedDuration":"9m","formattedAvailabilityWindow":null,"formattedAvailabilityWindowShort":null,"image":{"portraitUrl":"https:\/\/images.nlziet.nl\/metadataimportimages\/source\/55024E8DE799F7AA84A4001FF5D87DCFB24BF9E0BA2DB46194C40CC94454DC70.jpg","landscapeUrl":"https:\/\/images.nlziet.nl\/metadataimportimages\/source\/6AF90ADF8DCAED5159E6485BA92E498A4656E4F2926D9E33053F08DBF59230BD.jpg"},"logo":{"normalUrl":"https:\/\/cdn.nlziet.nl\/static\/assets\/contentproviders\/npo.png","darkUrl":"https:\/\/cdn.nlziet.nl\/static\/assets\/contentproviders\/dark\/npo.png","flatUrl":"https:\/\/cdn.nlziet.nl\/static\/assets\/contentproviders\/flat\/npo.png"},"tags":[],"seriesId":"67IaRe4ka0e8Pr-f7Cjp1w"},{"id":"fHIWcvHzCkii248WgTOqMg","type":"Vod","title":"EO Metterdaad","subtitle":"Sierra Leone: Hawanatu en Isatur","description":"EO - Hawanatu heeft beide ouders verloren en woont bij een oma uit het dorp. Ze moet veel werk doen voor de stiefoma, zoals 's ochtends vroeg rijst stampen. Hierdoor komt ze altijd te laat op school, waarvoor ze wordt gestraft door de meester. Een andere vrouw in het dorp, Isatur, heeft nooit kinderen gekregen. Op haar oude dag hebben de buren zich om haar ontfermd, maar ze voelt zich nutteloos. Een rijstmachine verandert het leven van beide vrouwen. Hawanatu kan weer op tijd naar school en Isatur mag meewerken \u00e9n krijgt de afgekeurde rijst voor haar eigen maaltijd.","formattedEpisodeNumbering":null,"formattedDate":"Za 16 apr.","formattedDateShort":"Za 16 apr.","formattedTime":"18:20","formattedDuration":"10m","formattedAvailabilityWindow":null,"formattedAvailabilityWindowShort":null,"image":{"portraitUrl":null,"landscapeUrl":"https:\/\/images.nlziet.nl\/metadataimportimages\/source\/9B7D934756F9829EB278C2E30501C4075A3CF8A8FAF3E54906A4D01AE727E48C.jpg"},"logo":{"normalUrl":"https:\/\/cdn.nlziet.nl\/static\/assets\/contentproviders\/npo.png","darkUrl":"https:\/\/cdn.nlziet.nl\/static\/assets\/contentproviders\/dark\/npo.png","flatUrl":"https:\/\/cdn.nlziet.nl\/static\/assets\/contentproviders\/flat\/npo.png"},"tags":[],"seriesId":"67IaRe4ka0e8Pr-f7Cjp1w"},{"id":"uk18x2uaaUuxKyJJdv7FAQ","type":"Vod","title":"EO Metterdaad","subtitle":"Sierra Leone","description":"EO - 'EO Metterdaad' helpt mensen in armoede of onrechtvaardige omstandigheden te overleven en hun leven weer op te bouwen. Via televisie en radio werft Metterdaad geld voor hulpverleningsprojecten wereldwijd.","formattedEpisodeNumbering":null,"formattedDate":"Za 2 apr.","formattedDateShort":"Za 2 apr.","formattedTime":"18:20","formattedDuration":"10m","formattedAvailabilityWindow":null,"formattedAvailabilityWindowShort":null,"image":{"portraitUrl":null,"landscapeUrl":"https:\/\/images.nlziet.nl\/metadataimportimages\/source\/2524711779AFA7B07AE2D607152EA06F5CF2AEEE6C2AEBB3C690022800F637C2.jpg"},"logo":{"normalUrl":"https:\/\/cdn.nlziet.nl\/static\/assets\/contentproviders\/npo.png","darkUrl":"https:\/\/cdn.nlziet.nl\/static\/assets\/contentproviders\/dark\/npo.png","flatUrl":"https:\/\/cdn.nlziet.nl\/static\/assets\/contentproviders\/flat\/npo.png"},"tags":[],"seriesId":"67IaRe4ka0e8Pr-f7Cjp1w"},{"id":"XSu_e9JFwkOhcsVTIH39LQ","type":"Vod","title":"EO Metterdaad","subtitle":"Sierra Leone","description":"EO - 'EO Metterdaad' helpt mensen in armoede of onrechtvaardige omstandigheden te overleven en hun leven weer op te bouwen. Via televisie en radio werft Metterdaad geld voor hulpverleningsprojecten wereldwijd.","formattedEpisodeNumbering":null,"formattedDate":"Zo 27 mrt.","formattedDateShort":"Zo 27 mrt.","formattedTime":"15:25","formattedDuration":"3m","formattedAvailabilityWindow":null,"formattedAvailabilityWindowShort":null,"image":{"portraitUrl":null,"landscapeUrl":"https:\/\/images.nlziet.nl\/metadataimportimages\/source\/6F0354900B00E82475F1BB6F83AAFF21B3F9CCEAED85DD1FABEDD280BDA081F1.jpg"},"logo":{"normalUrl":"https:\/\/cdn.nlziet.nl\/static\/assets\/contentproviders\/npo.png","darkUrl":"https:\/\/cdn.nlziet.nl\/static\/assets\/contentproviders\/dark\/npo.png","flatUrl":"https:\/\/cdn.nlziet.nl\/static\/assets\/contentproviders\/flat\/npo.png"},"tags":[],"seriesId":"67IaRe4ka0e8Pr-f7Cjp1w"},{"id":"tDbJJ1Ary0-knGpjuZkaBw","type":"Vod","title":"EO Metterdaad","subtitle":"Sierra Leone: Augustine","description":"EO - De rijstboeren in regio Masimera, Sierra Leone, hebben geen goede rijstopslag in de buurt. Zij moeten daarom zo snel mogelijk hun rijst naar een verwerkingsfabriek brengen, anders komt er ongedierte in en raakt het onverkoopbaar. Op aanraden van landbouwdeskundige en hulpverlener Augustine gingen zeven boeren naar een rijstfabriek in Lunsar. Ze staken de rivier over - die op dat moment wild stroomde - waardoor de kano kapseisde. Zes boeren kwamen om het leven. Augustine voelt zich verantwoordelijk, dus helpt hij de achtergeblevenen, zoals weduwe Mariatu. Haar kind mag niet naar school omdat ze geen uniform meer kan betalen.","formattedEpisodeNumbering":null,"formattedDate":"Za 26 mrt.","formattedDateShort":"Za 26 mrt.","formattedTime":"18:20","formattedDuration":"9m","formattedAvailabilityWindow":null,"formattedAvailabilityWindowShort":null,"image":{"portraitUrl":null,"landscapeUrl":"https:\/\/images.nlziet.nl\/metadataimportimages\/source\/2CEF918C3BA9415C3AC54D7902D46C13A8A776344CE02CF087AB68D5DA5FBFCC.jpg"},"logo":{"normalUrl":"https:\/\/cdn.nlziet.nl\/static\/assets\/contentproviders\/npo.png","darkUrl":"https:\/\/cdn.nlziet.nl\/static\/assets\/contentproviders\/dark\/npo.png","flatUrl":"https:\/\/cdn.nlziet.nl\/static\/assets\/contentproviders\/flat\/npo.png"},"tags":[],"seriesId":"67IaRe4ka0e8Pr-f7Cjp1w"},{"id":"sK9FKpJ2gkuHFPFef_6Q2g","type":"Vod","title":"EO Metterdaad","subtitle":"Oekra\u00efne","description":"EO - Het is oorlog in Oekra\u00efne. EO-directeur Arjan Lock reisde naar Moldavi\u00eb naar de grens met Oekra\u00efne. Moldavi\u00eb, een buurland van Oekra\u00efne, riep direct na de inval van Rusland in Oekra\u00efne de noodtoestand uit. We zien hoe hulporganisaties de vluchtelingen opvangen die opgelucht de grens overstaken.","formattedEpisodeNumbering":null,"formattedDate":"Za 19 mrt.","formattedDateShort":"Za 19 mrt.","formattedTime":"18:20","formattedDuration":"10m","formattedAvailabilityWindow":null,"formattedAvailabilityWindowShort":null,"image":{"portraitUrl":null,"landscapeUrl":"https:\/\/images.nlziet.nl\/metadataimportimages\/source\/E288EE5D3F1BBE4E70E004C657C580DBDCEE5FAD3153B61B0CCD82222DF76FC1.jpg"},"logo":{"normalUrl":"https:\/\/cdn.nlziet.nl\/static\/assets\/contentproviders\/npo.png","darkUrl":"https:\/\/cdn.nlziet.nl\/static\/assets\/contentproviders\/dark\/npo.png","flatUrl":"https:\/\/cdn.nlziet.nl\/static\/assets\/contentproviders\/flat\/npo.png"},"tags":[],"seriesId":"67IaRe4ka0e8Pr-f7Cjp1w"},{"id":"sZuqUK4ZTEy4fCnrmBr5YA","type":"Vod","title":"EO Metterdaad","subtitle":"Oekra\u00efne","description":"EO - Het is oorlog in Oekra\u00efne. EO-directeur Arjan Lock reisde naar Moldavi\u00eb naar de grens met Oekra\u00efne. Moldavi\u00eb, een buurland van Oekra\u00efne, riep direct na de inval van Rusland in Oekra\u00efne de noodtoestand uit. We zien hoe hulporganisaties de vluchtelingen opvangen die opgelucht de grens overstaken.","formattedEpisodeNumbering":null,"formattedDate":"Za 12 mrt.","formattedDateShort":"Za 12 mrt.","formattedTime":"18:20","formattedDuration":"9m","formattedAvailabilityWindow":null,"formattedAvailabilityWindowShort":null,"image":{"portraitUrl":null,"landscapeUrl":"https:\/\/images.nlziet.nl\/metadataimportimages\/source\/F2E2108DB4B135EAA69C9535517F761CF7409AE4AC89CE59C0633BB74B78640C.jpg"},"logo":{"normalUrl":"https:\/\/cdn.nlziet.nl\/static\/assets\/contentproviders\/npo.png","darkUrl":"https:\/\/cdn.nlziet.nl\/static\/assets\/contentproviders\/dark\/npo.png","flatUrl":"https:\/\/cdn.nlziet.nl\/static\/assets\/contentproviders\/flat\/npo.png"},"tags":[],"seriesId":"67IaRe4ka0e8Pr-f7Cjp1w"},{"id":"XDfBI9JevE-LwSMXx0k2VQ","type":"Vod","title":"EO Metterdaad","subtitle":"Oekra\u00efne","description":"EO - Het is oorlog in Oekra\u00efne. 'EO Metterdaad' komt in actie om de Oekra\u00efners in nood en de Oekra\u00efense vluchtelingen te helpen. Onder het gezag van Russische president Vladimir Poetin heeft Rusland vanuit het noorden, oosten en zuiden aanvallen gedaan op heel Oekra\u00efne. Daardoor is er een grote vluchtelingenstroom op gang gekomen van mensen die vrezen voor hun leven. Oekra\u00efners zoeken de veiligheid op in het westen van hun land of in een buurland, zoals Polen en Hongarije. Donaties komen ten goede aan opvang van vluchtelingen, het uitdelen van dekens, bedden, voedsel en drinken, en traumazorg.","formattedEpisodeNumbering":null,"formattedDate":"Za 5 mrt.","formattedDateShort":"Za 5 mrt.","formattedTime":"18:50","formattedDuration":"10m","formattedAvailabilityWindow":null,"formattedAvailabilityWindowShort":null,"image":{"portraitUrl":null,"landscapeUrl":"https:\/\/images.nlziet.nl\/metadataimportimages\/source\/B14AAF6F59206010B7C16292545B32A40F469E9A117630BAC4C586C3F17B66CD.jpg"},"logo":{"normalUrl":"https:\/\/cdn.nlziet.nl\/static\/assets\/contentproviders\/npo.png","darkUrl":"https:\/\/cdn.nlziet.nl\/static\/assets\/contentproviders\/dark\/npo.png","flatUrl":"https:\/\/cdn.nlziet.nl\/static\/assets\/contentproviders\/flat\/npo.png"},"tags":[],"seriesId":"67IaRe4ka0e8Pr-f7Cjp1w"},{"id":"TayCATOh_EScYb_GFmWVOA","type":"Vod","title":"EO Metterdaad","subtitle":"Oekra\u00efne","description":"EO - Het is oorlog in Oekra\u00efne. 'EO Metterdaad' komt in actie om de Oekra\u00efners in nood en de Oekra\u00efense vluchtelingen te helpen. Onder het gezag van Russische president Vladimir Poetin heeft Rusland vanuit het noorden, oosten en zuiden aanvallen gedaan op heel Oekra\u00efne. Daardoor is er een grote vluchtelingenstroom op gang gekomen van mensen die vrezen voor hun leven. Oekra\u00efners zoeken de veiligheid op in het westen van hun land of in een buurland, zoals Polen en Hongarije. Donaties komen ten goede aan opvang van vluchtelingen, het uitdelen van dekens, bedden, voedsel en drinken, en traumazorg.","formattedEpisodeNumbering":null,"formattedDate":"Vr 4 mrt.","formattedDateShort":"Vr 4 mrt.","formattedTime":"14:42","formattedDuration":"3m","formattedAvailabilityWindow":null,"formattedAvailabilityWindowShort":null,"image":{"portraitUrl":null,"landscapeUrl":"https:\/\/images.nlziet.nl\/metadataimportimages\/source\/83D0556E9D97584EF3DDB28A4338F0B845ECAC2B122B085D085037758948C505.jpg"},"logo":{"normalUrl":"https:\/\/cdn.nlziet.nl\/static\/assets\/contentproviders\/npo.png","darkUrl":"https:\/\/cdn.nlziet.nl\/static\/assets\/contentproviders\/dark\/npo.png","flatUrl":"https:\/\/cdn.nlziet.nl\/static\/assets\/contentproviders\/flat\/npo.png"},"tags":[],"seriesId":"67IaRe4ka0e8Pr-f7Cjp1w"},{"id":"SlCOzQmb4E2IqygeJieNyA","type":"Vod","title":"EO Metterdaad","subtitle":"Rwanda: Chris","description":"EO - Chris vluchtte op zijn zestiende uit Burundi naar Rwanda vanwege onveiligheid. Hier krijgt hij de kans om een hotelopleiding te volgen, zonder ervoor te hoeven betalen. Een unicum in Rwanda, waar het voor veel jongeren na de middelbare school stopt. Chris is zenuwachtig, want hij moet koken voor overheidsofficials. De stress loopt op: zijn meester kan er niet bij zijn en er gebeuren onverwachte dingen, maar Chris zet door. Ook presenteert hij zijn project om ondervoeding bij kinderen aan te pakken door een handel in tofu te beginnen. Dankzij deze opleiding heeft Chris later werk en een toekomst.","formattedEpisodeNumbering":null,"formattedDate":"Za 26 feb.","formattedDateShort":"Za 26 feb.","formattedTime":"18:25","formattedDuration":"10m","formattedAvailabilityWindow":null,"formattedAvailabilityWindowShort":null,"image":{"portraitUrl":null,"landscapeUrl":"https:\/\/images.nlziet.nl\/metadataimportimages\/source\/E6150CD2772E8B9E99F296A355B948B7493FAEBE7D4D23ABDBF4730AC58B3E3C.jpg"},"logo":{"normalUrl":"https:\/\/cdn.nlziet.nl\/static\/assets\/contentproviders\/npo.png","darkUrl":"https:\/\/cdn.nlziet.nl\/static\/assets\/contentproviders\/dark\/npo.png","flatUrl":"https:\/\/cdn.nlziet.nl\/static\/assets\/contentproviders\/flat\/npo.png"},"tags":[],"seriesId":"67IaRe4ka0e8Pr-f7Cjp1w"},{"id":"2aetpi5v-0KVhTQVRi7gOA","type":"Vod","title":"EO Metterdaad","subtitle":"Rwanda: Nadia","description":"EO - Nadia solliciteert bij een vijfsterrenhotel, waar Dani\u00ebl haar laat zien hoe je een kamer schoonmaakt. Als ze het goed doet, mag ze hier stage lopen, dankzij hulporganisatie Cornerstone Foundation.","formattedEpisodeNumbering":null,"formattedDate":"Za 19 feb.","formattedDateShort":"Za 19 feb.","formattedTime":"18:20","formattedDuration":"10m","formattedAvailabilityWindow":null,"formattedAvailabilityWindowShort":null,"image":{"portraitUrl":null,"landscapeUrl":"https:\/\/images.nlziet.nl\/metadataimportimages\/source\/F633BAE5751E887609D437CCBDE86662784EE83FAE719424F4CAC3ED707DCD7F.jpg"},"logo":{"normalUrl":"https:\/\/cdn.nlziet.nl\/static\/assets\/contentproviders\/npo.png","darkUrl":"https:\/\/cdn.nlziet.nl\/static\/assets\/contentproviders\/dark\/npo.png","flatUrl":"https:\/\/cdn.nlziet.nl\/static\/assets\/contentproviders\/flat\/npo.png"},"tags":[],"seriesId":"67IaRe4ka0e8Pr-f7Cjp1w"},{"id":"DzL6v_dY_0KZ4DsL2CU5zA","type":"Vod","title":"EO Metterdaad","subtitle":"Rwanda: Dieudonne","description":"EO - Na een jaar middelbare school moet Dieudonne ermee stoppen, want er is geen geld voor schoolspullen. Hij besluit suikerriet te verkopen. Totdat hij in contact komt met hulpverleningsorganisatie Red een Kind, die hem een timmermansopleiding aanbiedt. Sindsdien zit Dieudonne geen dag zonder werk. Hij krijgt persoonlijke begeleiding van zijn mentor. Die geeft de tip om een Facebookaccount aan te maken, zodat mensen vanuit andere steden orders kunnen plaatsen. Met zijn verdiende geld wil Dieudonne een stuk land kopen, waarop hij een huis voor zichzelf kan bouwen. Hij bezoekt iemand die zijn land verkoopt en gaat in onderhandeling.","formattedEpisodeNumbering":null,"formattedDate":"Za 12 feb.","formattedDateShort":"Za 12 feb.","formattedTime":"18:20","formattedDuration":"10m","formattedAvailabilityWindow":null,"formattedAvailabilityWindowShort":null,"image":{"portraitUrl":null,"landscapeUrl":"https:\/\/images.nlziet.nl\/metadataimportimages\/source\/E1289620487F1CDF2ABB942DCDAACC3716539EAF4B5021236CB2083DD93627DD.jpg"},"logo":{"normalUrl":"https:\/\/cdn.nlziet.nl\/static\/assets\/contentproviders\/npo.png","darkUrl":"https:\/\/cdn.nlziet.nl\/static\/assets\/contentproviders\/dark\/npo.png","flatUrl":"https:\/\/cdn.nlziet.nl\/static\/assets\/contentproviders\/flat\/npo.png"},"tags":[],"seriesId":"67IaRe4ka0e8Pr-f7Cjp1w"},{"id":"sFngzpGPmk6VPdDmX1028g","type":"Vod","title":"EO Metterdaad","subtitle":"Rwanda","description":"EO - 'EO Metterdaad' helpt mensen in armoede of onrechtvaardige omstandigheden te overleven en hun leven weer op te bouwen. Via televisie en radio werft Metterdaad geld voor hulpverleningsprojecten wereldwijd.","formattedEpisodeNumbering":null,"formattedDate":"Do 10 feb.","formattedDateShort":"Do 10 feb.","formattedTime":"11:48","formattedDuration":"3m","formattedAvailabilityWindow":null,"formattedAvailabilityWindowShort":null,"image":{"portraitUrl":null,"landscapeUrl":"https:\/\/images.nlziet.nl\/metadataimportimages\/source\/6AF90ADF8DCAED5159E6485BA92E498A4656E4F2926D9E33053F08DBF59230BD.jpg"},"logo":{"normalUrl":"https:\/\/cdn.nlziet.nl\/static\/assets\/contentproviders\/npo.png","darkUrl":"https:\/\/cdn.nlziet.nl\/static\/assets\/contentproviders\/dark\/npo.png","flatUrl":"https:\/\/cdn.nlziet.nl\/static\/assets\/contentproviders\/flat\/npo.png"},"tags":[],"seriesId":"67IaRe4ka0e8Pr-f7Cjp1w"},{"id":"wTUEe8lNjEGh1MKbuarHMA","type":"Vod","title":"EO Metterdaad","subtitle":"Rwanda: Angel","description":"EO - 'EO Metterdaad' helpt mensen in armoede of onrechtvaardige omstandigheden te overleven en hun leven weer op te bouwen. Via televisie en radio werft Metterdaad geld voor hulpverleningsprojecten wereldwijd.","formattedEpisodeNumbering":null,"formattedDate":"Za 5 feb.","formattedDateShort":"Za 5 feb.","formattedTime":"18:20","formattedDuration":"9m","formattedAvailabilityWindow":null,"formattedAvailabilityWindowShort":null,"image":{"portraitUrl":null,"landscapeUrl":"https:\/\/images.nlziet.nl\/metadataimportimages\/source\/9B9725AF49B72054370367252D98C17A13ACE88277B6540BD4C17BB55464D33E.jpg"},"logo":{"normalUrl":"https:\/\/cdn.nlziet.nl\/static\/assets\/contentproviders\/npo.png","darkUrl":"https:\/\/cdn.nlziet.nl\/static\/assets\/contentproviders\/dark\/npo.png","flatUrl":"https:\/\/cdn.nlziet.nl\/static\/assets\/contentproviders\/flat\/npo.png"},"tags":[],"seriesId":"67IaRe4ka0e8Pr-f7Cjp1w"},{"id":"aDao9tAzFUuOhJSLQWX12A","type":"Vod","title":"EO Metterdaad","subtitle":"Moldavi\u00eb","description":"EO - Vica is 21 jaar en heeft een lichamelijke beperking, waardoor zij hele dagen doorbrengt op de bank. Tot haar zestiende ging Vica naar opvangcentrum Nieuwe Hoop in Moldavi\u00eb, waar ze blij werd van het spelen met andere kinderen en dingen leren. Nu ze te oud is, kan ze nergens meer terecht. Regelmatig bidt het meisje tot God of ze mag sterven. Haar voormalige juf bezoekt Vica met een verrassing namens de klas. Ook neemt de juf haar mee naar het grote gebouw dat als nieuw opvangcentrum gaat dienen, zodat kinderen als Vica weer een plek hebben om tot bloei te komen.","formattedEpisodeNumbering":null,"formattedDate":"Za 29 jan.","formattedDateShort":"Za 29 jan.","formattedTime":"18:25","formattedDuration":"10m","formattedAvailabilityWindow":null,"formattedAvailabilityWindowShort":null,"image":{"portraitUrl":"https:\/\/images.nlziet.nl\/metadataimportimages\/source\/5E2C16DB36AF101F4E17DC41AC4FE31B77009F2DC762B55516186A0AC22A831E.jpg","landscapeUrl":"https:\/\/images.nlziet.nl\/metadataimportimages\/source\/6AF90ADF8DCAED5159E6485BA92E498A4656E4F2926D9E33053F08DBF59230BD.jpg"},"logo":{"normalUrl":"https:\/\/cdn.nlziet.nl\/static\/assets\/contentproviders\/npo.png","darkUrl":"https:\/\/cdn.nlziet.nl\/static\/assets\/contentproviders\/dark\/npo.png","flatUrl":"https:\/\/cdn.nlziet.nl\/static\/assets\/contentproviders\/flat\/npo.png"},"tags":[],"seriesId":"67IaRe4ka0e8Pr-f7Cjp1w"},{"id":"KVZC7in7OUafMt9KiCXuHA","type":"Vod","title":"EO Metterdaad","subtitle":"Moldavi\u00eb: Gabi","description":"EO - Overdag zit Gabi alleen thuis, omdat zijn ouders werken om rond te komen. Gabi heeft een beperking, waardoor het eigenlijk niet veilig voor hem is om alleen te zijn, maar er is geen school in Moldavi\u00eb waar hij naartoe kan. Tot zijn zestiende ging hij naar opvangcentrum Nieuwe Hoop, maar daar is hij nu te oud voor. Hij mist zijn vrienden en de activiteiten en zit depressief en eenzaam thuis. Af en toe komt zijn voormalige juf langs om een oogje in het zeil te houden. Zij heeft een verrassing voor Gabi geregeld, zodat hij zijn vrienden weer kan ontmoeten.","formattedEpisodeNumbering":null,"formattedDate":"Za 22 jan.","formattedDateShort":"Za 22 jan.","formattedTime":"18:20","formattedDuration":"10m","formattedAvailabilityWindow":null,"formattedAvailabilityWindowShort":null,"image":{"portraitUrl":null,"landscapeUrl":"https:\/\/images.nlziet.nl\/metadataimportimages\/source\/5238DC7B09E83EB987CEFE7A4A86AD84EC9C3756E8FE69609DB99BCB176062E8.jpg"},"logo":{"normalUrl":"https:\/\/cdn.nlziet.nl\/static\/assets\/contentproviders\/npo.png","darkUrl":"https:\/\/cdn.nlziet.nl\/static\/assets\/contentproviders\/dark\/npo.png","flatUrl":"https:\/\/cdn.nlziet.nl\/static\/assets\/contentproviders\/flat\/npo.png"},"tags":[],"seriesId":"67IaRe4ka0e8Pr-f7Cjp1w"},{"id":"S6PcIfDgtU6BwXG8Eg1THQ","type":"Vod","title":"EO Metterdaad","subtitle":"Moldavi\u00eb: Gabi","description":"EO - Overdag zit Gabi alleen thuis, omdat zijn ouders werken om rond te komen. Gabi heeft een beperking, waardoor het eigenlijk niet veilig voor hem is om alleen te zijn, maar is er geen school in Moldavi\u00eb waar hij naartoe kan. Tot zijn zestiende ging hij naar opvangcentrum Nieuwe Hoop, maar daar is hij nu te oud voor. Hij mist zijn vrienden en de activiteiten en zit depressief en eenzaam thuis. Af en toe komt zijn voormalige juf langs om een oogje in het zeil te houden. Zij heeft een verrassing voor Gabi geregeld, zodat hij zijn vrienden weer kan ontmoeten.","formattedEpisodeNumbering":null,"formattedDate":"Za 22 jan.","formattedDateShort":"Za 22 jan.","formattedTime":"08:37","formattedDuration":"3m","formattedAvailabilityWindow":null,"formattedAvailabilityWindowShort":null,"image":{"portraitUrl":null,"landscapeUrl":"https:\/\/images.nlziet.nl\/metadataimportimages\/source\/0AF54655F34B4D5593EE85E33000B2EA98A7C0A30E9D449FA07472996AB7BF13.jpg"},"logo":{"normalUrl":"https:\/\/cdn.nlziet.nl\/static\/assets\/contentproviders\/npo.png","darkUrl":"https:\/\/cdn.nlziet.nl\/static\/assets\/contentproviders\/dark\/npo.png","flatUrl":"https:\/\/cdn.nlziet.nl\/static\/assets\/contentproviders\/flat\/npo.png"},"tags":[],"seriesId":"67IaRe4ka0e8Pr-f7Cjp1w"},{"id":"hyruFaeqs0qbG0v6xshEWA","type":"Vod","title":"EO Metterdaad","subtitle":"Moldavi\u00eb: Adelina","description":"EO - Olga maakt haar elfjarige dochter Adelina klaar voor school. Ze gaat naar opvangcentrum Nieuwe Hoop, de enige plek in de wijde omgeving voor kinderen met een beperking. Adelina loopt achter in haar ontwikkeling en is zwaar getraumatiseerd door mishandelingen van haar vader, maar in het opvangcentrum komt ze tot bloei. Ze speelt met andere kinderen en juf Lilia doet spraakoefeningen met haar. Olga had niet verwacht dat zij dit geluk zouden vinden. Het meisje heeft geluk gehad, want er is slechts plek voor acht kinderen, terwijl er tweehonderd op de wachtlijst staan. Voor hen wordt een nieuw centrum gebouwd.","formattedEpisodeNumbering":null,"formattedDate":"Za 15 jan.","formattedDateShort":"Za 15 jan.","formattedTime":"18:20","formattedDuration":"10m","formattedAvailabilityWindow":null,"formattedAvailabilityWindowShort":null,"image":{"portraitUrl":null,"landscapeUrl":"https:\/\/images.nlziet.nl\/metadataimportimages\/source\/679413590BACDB680A8DB7BA0EC3653BF230EF35BB4DD1B70862534BE4D868B0.jpg"},"logo":{"normalUrl":"https:\/\/cdn.nlziet.nl\/static\/assets\/contentproviders\/npo.png","darkUrl":"https:\/\/cdn.nlziet.nl\/static\/assets\/contentproviders\/dark\/npo.png","flatUrl":"https:\/\/cdn.nlziet.nl\/static\/assets\/contentproviders\/flat\/npo.png"},"tags":[],"seriesId":"67IaRe4ka0e8Pr-f7Cjp1w"},{"id":"qe3wmZpX4k6l5Ls6hcPEFA","type":"Vod","title":"EO Metterdaad","subtitle":"Moldavi\u00eb Dumi","description":"EO - EO Metterdaad helpt mensen in armoede of onrechtvaardige omstandigheden te overleven en hun leven weer op te bouwen. Via televisie en radio werft Metterdaad geld voor hulpverleningsprojecten wereldwijd.","formattedEpisodeNumbering":null,"formattedDate":"Vr 14 jan.","formattedDateShort":"Vr 14 jan.","formattedTime":"11:23","formattedDuration":"3m","formattedAvailabilityWindow":null,"formattedAvailabilityWindowShort":null,"image":{"portraitUrl":null,"landscapeUrl":"https:\/\/images.nlziet.nl\/metadataimportimages\/source\/4ED37E209CC71FB801D5DDD12F30299FD6B1EB23C0FB060314C3EF6167513343.jpg"},"logo":{"normalUrl":"https:\/\/cdn.nlziet.nl\/static\/assets\/contentproviders\/npo.png","darkUrl":"https:\/\/cdn.nlziet.nl\/static\/assets\/contentproviders\/dark\/npo.png","flatUrl":"https:\/\/cdn.nlziet.nl\/static\/assets\/contentproviders\/flat\/npo.png"},"tags":[],"seriesId":"67IaRe4ka0e8Pr-f7Cjp1w"},{"id":"h-5wVEjbX0KTeFQ_2xVgqA","type":"Vod","title":"EO Metterdaad","subtitle":"Moldavi\u00eb: Dumi","description":"EO - In Moldavi\u00eb is er vrijwel geen speciaal onderwijs voor kinderen met een beperking. Dumi heeft het syndroom van Down en kan niet goed praten. Als zijn ouders werken, zit hij alleen thuis bij de eenden en hond. Hierdoor neemt hij het gedrag van de dieren over. Totdat hij naar opvangcentrum Nieuwe Hoop gaat, de enige opvang in de wijde omgeving, waar hij vaardigheden opdoet en socialer wordt. Als hij straks zestien jaar is, kan hij er niet meer heen: de opvang is te klein voor grotere kinderen. Zijn moeder maakt zich zorgen dat Dumi ontspoort als hij veel alleen thuis zit.","formattedEpisodeNumbering":null,"formattedDate":"Za 8 jan.","formattedDateShort":"Za 8 jan.","formattedTime":"18:20","formattedDuration":"10m","formattedAvailabilityWindow":null,"formattedAvailabilityWindowShort":null,"image":{"portraitUrl":null,"landscapeUrl":"https:\/\/images.nlziet.nl\/metadataimportimages\/source\/4ED37E209CC71FB801D5DDD12F30299FD6B1EB23C0FB060314C3EF6167513343.jpg"},"logo":{"normalUrl":"https:\/\/cdn.nlziet.nl\/static\/assets\/contentproviders\/npo.png","darkUrl":"https:\/\/cdn.nlziet.nl\/static\/assets\/contentproviders\/dark\/npo.png","flatUrl":"https:\/\/cdn.nlziet.nl\/static\/assets\/contentproviders\/flat\/npo.png"},"tags":[],"seriesId":"67IaRe4ka0e8Pr-f7Cjp1w"}]