[{"id":"_5lW51Maz0StHjqJDVJ3kA","type":"Vod","title":"Frans Bauer","subtitle":"Joost Eerdmans","description":"TROS - De laatste dagen van hun reis verblijven Frans en Dorus aan de kust waar ze politicus Joost Eerdmans zullen ontvangen. De broers hebben geen idee wat ze moeten verwachten van dit oud-LPF- kamerlid. 'Hij is toch rechts? Zal er wel een klik zijn?' De zorgen blijken voor niets, want Joost en Frans kunnen het direct goed met elkaar vinden. Frans neemt hem mee naar de Camargue, een gebied waar Joost als jonge jongen met zijn vader vogels ging kijken. Frans vindt dat de nieuwsverslaafde Joost eens los moet komen van zijn werk en moet ontspannen. Van top tot teen besmeurd met de 'heilzame' Camargue-modder praten ze over de politiek in Nederland en Joost zijn ambities. Ook sportief gezien heeft Frans nog het een en ander in petto voor zijn gast. De waterski blijkt voor beide heren een beproeving, maar op de jeu-de-boulbaan wordt het allemaal weer goedgemaakt.","formattedEpisodeNumbering":null,"formattedDate":"Za 19 okt. 2013","formattedDateShort":"Okt. 2013","formattedTime":"20:28","formattedDuration":"45m","formattedAvailabilityWindow":null,"formattedAvailabilityWindowShort":null,"image":{"portraitUrl":null,"landscapeUrl":"https:\/\/images.nlziet.nl\/metadataimportimages\/source\/B2D90284A806EF407C0C55DE8FE6C561B363CF932411F99F1AD77A542751516D.jpg"},"logo":{"normalUrl":"https:\/\/cdn.nlziet.nl\/static\/assets\/contentproviders\/npo.png","darkUrl":"https:\/\/cdn.nlziet.nl\/static\/assets\/contentproviders\/dark\/npo.png","flatUrl":"https:\/\/cdn.nlziet.nl\/static\/assets\/contentproviders\/flat\/npo.png"},"tags":[],"seriesId":"7Bo7rh5OEkOpLxfhtJa7bQ"},{"id":"fiS6av3zykyTqRqfzJu1NQ","type":"Vod","title":"Frans Bauer","subtitle":"Josje Huisman","description":"TROS - Vandaag worden Frans en zijn broer verrast door een jonge vrouwelijke gast. Het is zangeres Josje Huisman met een J, die de meidengroep K3 heeft aangevuld na het wegvallen van Kathleen. Ze vertelt over haar jeugd als dochter van een dominee in Steenwijk. Samen met Frans en een speciaal getraind varken gaan ze op zoek naar truffels voor de maaltijd. In het plaatsje Arles proberen ze te schilderen in de geest van Van Gogh. Het resultaat mag dan niet echt in de buurt komen, het geeft Frans genoeg aanknopingspunten voor een mooi gesprek over haar zoektocht naar liefde.","formattedEpisodeNumbering":null,"formattedDate":"Za 12 okt. 2013","formattedDateShort":"Okt. 2013","formattedTime":"20:28","formattedDuration":"45m","formattedAvailabilityWindow":null,"formattedAvailabilityWindowShort":null,"image":{"portraitUrl":null,"landscapeUrl":"https:\/\/images.nlziet.nl\/metadataimportimages\/source\/3818E317C98C7E539DC7297E9DEE568DF0DD8FB5EB7A906278226E28B3201DA7.jpg"},"logo":{"normalUrl":"https:\/\/cdn.nlziet.nl\/static\/assets\/contentproviders\/npo.png","darkUrl":"https:\/\/cdn.nlziet.nl\/static\/assets\/contentproviders\/dark\/npo.png","flatUrl":"https:\/\/cdn.nlziet.nl\/static\/assets\/contentproviders\/flat\/npo.png"},"tags":[],"seriesId":"7Bo7rh5OEkOpLxfhtJa7bQ"},{"id":"I8vgD6BFz0u8f-uNdx_Gtg","type":"Vod","title":"Frans Bauer","subtitle":"Philippe Geubels","description":"TROS - Frans en Dorus hebben hun vouwwagen opgezet op de camping waar Philippe Geubels hen zal vergezellen. De Vlaamse cabaretier heeft last van heel wat angsten, zoals vliegangst en pleinvrees, maar komt toch graag een nachtje kamperen bij de gebroeders Bauer. Frans en Dorus maken het hem niet gemakkelijk, hij wordt geconfronteerd met paarden, stieren, het lokale eten en een schaars geklede buurman. Ook wordt zijn creativiteit getest wanneer Frans Philippe meeneemt om potten te gaan bakken in het keramiek dorp in de buurt. De activiteiten van Frans worden af en toe vervloekt door Philippe, maar er wordt vooral heel veel gelachen en aan het einde van zijn verblijf wil Philippe eigenlijk niet meer weg.","formattedEpisodeNumbering":null,"formattedDate":"Za 5 okt. 2013","formattedDateShort":"Okt. 2013","formattedTime":"20:28","formattedDuration":"45m","formattedAvailabilityWindow":null,"formattedAvailabilityWindowShort":null,"image":{"portraitUrl":null,"landscapeUrl":"https:\/\/images.nlziet.nl\/metadataimportimages\/source\/FE726AF24F9ADB18EE4F08411263A37A427590DDAD720E2E72D06E046857798B.jpg"},"logo":{"normalUrl":"https:\/\/cdn.nlziet.nl\/static\/assets\/contentproviders\/npo.png","darkUrl":"https:\/\/cdn.nlziet.nl\/static\/assets\/contentproviders\/dark\/npo.png","flatUrl":"https:\/\/cdn.nlziet.nl\/static\/assets\/contentproviders\/flat\/npo.png"},"tags":[],"seriesId":"7Bo7rh5OEkOpLxfhtJa7bQ"},{"id":"AyeIM01pVk-7HJEudhx29Q","type":"Vod","title":"Frans Bauer","subtitle":"Natasja Froger","description":"TROS - De vouwwagen van Frans en Dorus wordt deze aflevering opgezet op een mooie plek aan de kust. Natasja Froger is de gelukkige die hier mag komen logeren. Frans weet dat Natasja thuis een heel verzorgend type is, dus hij wil de rollen eens omdraaien tijdens haar verblijf: ze moet alles loslaten en Frans en Dorus gaan voor haar zorgen, maar dan wel in Bauer-stijl. Gelukkig kan Natasja de maaltijd uit de frituurpan wel waarderen. Als dan ook nog de satelliet-tv ge\u00efnstalleerd wordt om een voetbalwedstrijd te kijken, voelt Natasja zich helemaal thuis en blijkt ze toch niet de glamourvrouw te zijn waar veel mensen haar voor aanzien. Ook buiten het kampeerterrein zorgt Frans goed voor Natasja. Hij bezorgt haar een bijzondere ervaring wanneer hij haar meeneemt naar het circus van Alexis Gruss dat in heel Frankrijk bekend staat om zijn paardenshow. Paardenliefhebster Natasja krijgt een training van hem om vervolgens deel te nemen aan de show en dit maakt erg veel indruk op haar.","formattedEpisodeNumbering":null,"formattedDate":"Za 28 sep. 2013","formattedDateShort":"Sep. 2013","formattedTime":"20:28","formattedDuration":"45m","formattedAvailabilityWindow":null,"formattedAvailabilityWindowShort":null,"image":{"portraitUrl":null,"landscapeUrl":"https:\/\/images.nlziet.nl\/metadataimportimages\/source\/713A99E272880CBE44E3D04B0E2B71F81BB816F636AE3E4B8924201618A8DC11.jpg"},"logo":{"normalUrl":"https:\/\/cdn.nlziet.nl\/static\/assets\/contentproviders\/npo.png","darkUrl":"https:\/\/cdn.nlziet.nl\/static\/assets\/contentproviders\/dark\/npo.png","flatUrl":"https:\/\/cdn.nlziet.nl\/static\/assets\/contentproviders\/flat\/npo.png"},"tags":[],"seriesId":"7Bo7rh5OEkOpLxfhtJa7bQ"},{"id":"MIpAuYUTDkezk58obQtN9w","type":"Vod","title":"Frans Bauer","subtitle":"Churandy Martina","description":"TROS - Frans en Dorus komen terug op de camping. Terwijl Dorus sprintkampioen Churandy Martina ophaalt, probeert Frans kennis te maken met zijn buren. Maar als enige Nederlander tussen allemaal Fransen valt dat niet mee. Gelukkig arriveert Nederlands snelste man met zijn bekende glimlach en is de sfeer meteen goed. De op Cura\u00e7ao geboren en getogen Churandy heeft nog nooit op een camping gestaan, maar kamperen is hem niet vreemd, hij blijkt vroeger zelfs bij de padvinders te hebben gezeten. Frans en Dorus doen er alles aan om ervoor te zorgen dat de topsporter een goed verblijf op de camping heeft. Het beste bed wordt voor hem klaargemaakt en het lekkerste vlees gaat op de barbecue. Frans zorgt voor nieuwe 'loopuitdagingen' voor Churandy; druiven stampen op blote voeten, een sprintwedstrijd met de Franse slag en een nachtelijke dropping op kilometers van de camping. Frans blijft zich verbazen over de snelheid van zijn gast. Ze praten over zijn successen en de bijbehorende (vrouwelijke) fans. Ook hebben ze het over zijn familie die Churandy door zijn carri\u00e8re moet missen en de plannen die hij heeft voor na zijn 'sportpensioen'.","formattedEpisodeNumbering":null,"formattedDate":"Za 21 sep. 2013","formattedDateShort":"Sep. 2013","formattedTime":"20:28","formattedDuration":"45m","formattedAvailabilityWindow":null,"formattedAvailabilityWindowShort":null,"image":{"portraitUrl":null,"landscapeUrl":"https:\/\/images.nlziet.nl\/metadataimportimages\/source\/623D4D99B8424F552DD64831A500CACC92081F3C589C87117D8CB767ECFC660A.jpg"},"logo":{"normalUrl":"https:\/\/cdn.nlziet.nl\/static\/assets\/contentproviders\/npo.png","darkUrl":"https:\/\/cdn.nlziet.nl\/static\/assets\/contentproviders\/dark\/npo.png","flatUrl":"https:\/\/cdn.nlziet.nl\/static\/assets\/contentproviders\/flat\/npo.png"},"tags":[],"seriesId":"7Bo7rh5OEkOpLxfhtJa7bQ"},{"id":"fEyZbBJMok6AYBC-zt450w","type":"Vod","title":"Frans Bauer","subtitle":"Jeroen van der Boom","description":"TROS - De vouwwagen van Frans en broer Dorus wordt deze keer opgezet op het terrein van een Franse boer. Of boerin in dit geval. In ruil voor wat hand- en spandiensten mogen de twee er gratis kamperen en dat is niet aan dovemansoren besteed. De luxe is wel wat minder en dat ondervindt ook de tweede gast van de broers. Zanger Jeroen van der Boom krijgt een rondleiding langs onder andere het aanwezige hurktoilet en maakt daar kennis met het indrukwekkende gevoel voor humor van broer Dorus. Op het programma met fietsliefhebber Jeroen staat onder andere een 'potje Tour de France'. De mannen hijsen zich in een wieleroutfit en gaan de strijd met elkaar aan om als eerste de top te bereiken. Maar of dit nou helemaal eerlijk gaat, valt te betwijfelen... Verder maken ze jam voor de boerin en mag lekker eten en drinken niet ontbreken. En natuurlijk maakt ook deze gast het ultieme kampeergevoel mee door te overnachten in het kleine tentje naast de vouwwagen van Frans. Maar dan blijkt Jeroen een lange kampeertraditie te hebben als hij onthult zijn hele jeugd op naturistencampings te hebben doorgebracht.","formattedEpisodeNumbering":null,"formattedDate":"Za 14 sep. 2013","formattedDateShort":"Sep. 2013","formattedTime":"20:30","formattedDuration":"45m","formattedAvailabilityWindow":null,"formattedAvailabilityWindowShort":null,"image":{"portraitUrl":null,"landscapeUrl":"https:\/\/images.nlziet.nl\/metadataimportimages\/source\/EC4F6C61BD27A9B85275B4E98083864AB2C04618F98807AB5014B7A86F0B3B19.jpg"},"logo":{"normalUrl":"https:\/\/cdn.nlziet.nl\/static\/assets\/contentproviders\/npo.png","darkUrl":"https:\/\/cdn.nlziet.nl\/static\/assets\/contentproviders\/dark\/npo.png","flatUrl":"https:\/\/cdn.nlziet.nl\/static\/assets\/contentproviders\/flat\/npo.png"},"tags":[],"seriesId":"7Bo7rh5OEkOpLxfhtJa7bQ"},{"id":"Amk5ZadjoUep0PiNMI4Cwg","type":"Vod","title":"Frans Bauer","subtitle":"Inge de Bruijn","description":"TROS - Voordat hun gast op de camping arriveert, leren Frans en zijn broer hun Belgische buurman beter kennen. Hij leert hen wat zoal de gewoonten op een camping zijn. Dat het bijvoorbeeld heel normaal is om de hele dag in een minuscule zwembroek rond te lopen en dat leeftijd en figuur dan geen rol spelen... Dorus haalt de eerste gast van het vliegveld. Het is onze Olympische vedette Inge de Bruijn, de koningin van het zwembad. De Barendrechtse is ondanks haar successen altijd zichzelf gebleven en daarmee weet ze Frans en zijn broer direct te ontwapenen. Op het programma heeft Frans diverse activiteiten staan, waarbij water de verbindende factor is. Zo mag 'het zwembad' natuurlijk niet ontbreken en leert Inge Frans de fijne kneepjes van het wedstrijdzwemmen. Bij het avondeten verrast Frans met zijn keus voor fondue op de camping. Het is kaasfondue voor de liefhebster van kilo's kaas. En dat in de Zuid-Franse hitte... Na dit culinaire hoogstandje is het tijd voor entertainment. Inge, Frans, Dorus \u00e9n de Belgische buurman laten zich van hun beste kant zien tijdens een avondje onvervalste karaoke. Tijdens de gesprekken met Inge ontpopt Frans zich, als zanger van het Levenslied, wederom als een invoelende interviewer en neemt het gesprek een bijzondere wending wanneer het gaat over kansen en gemiste kansen in het leven van de Olympisch kampioene.","formattedEpisodeNumbering":null,"formattedDate":"Za 7 sep. 2013","formattedDateShort":"Sep. 2013","formattedTime":"20:28","formattedDuration":"45m","formattedAvailabilityWindow":null,"formattedAvailabilityWindowShort":null,"image":{"portraitUrl":null,"landscapeUrl":"https:\/\/images.nlziet.nl\/metadataimportimages\/source\/C645ED863DE99A7A241FBB2981B41442FD9C7B80BF84609B51CA62869624BA7F.jpg"},"logo":{"normalUrl":"https:\/\/cdn.nlziet.nl\/static\/assets\/contentproviders\/npo.png","darkUrl":"https:\/\/cdn.nlziet.nl\/static\/assets\/contentproviders\/dark\/npo.png","flatUrl":"https:\/\/cdn.nlziet.nl\/static\/assets\/contentproviders\/flat\/npo.png"},"tags":[],"seriesId":"7Bo7rh5OEkOpLxfhtJa7bQ"},{"id":"o85lpcIyFkSTFnCM2UGfZg","type":"Vod","title":"Frans Bauer","subtitle":"Vive la Frans","description":"TROS - De eerste aflevering van Vive la Frans staat in het teken van het vertrek naar het land van kaas, wijn en chansons. Frans Bauer en zijn broer Dorus gaan er ouderwets kamperen en dat betekent dat er volop spulletjes moeten worden aangeschaft. Van anti-muggenolie tot een originele vouwwagen uit de jaren '70. Want ondanks hun verleden als woonwagenbewoners, is kamperen duidelijk andere koek. Na een nachtje proefkamperen in de tuin van huize Bauer, vertrekken de twee in hun vertrouwde oranje Mercedes richting het zuiden. Nauwelijks de Franse grens over blijkt meteen dat Frans deze trip grote taalproblemen zal ondervinden. Hij doet zijn naam in dit geval bepaald geen eer aan, maar met handen en voeten, goede wil en een rake opmerking van broer Dorus komt hij een heel eind. In ieder geval tot in Parijs en uiteindelijk op de camping in Zuid-Frankrijk, waar hij de eerste gast zal ontmoeten. Die komt logeren in het tentje naast de vouwwagen van Frans en zijn broer.","formattedEpisodeNumbering":null,"formattedDate":"Za 31 aug. 2013","formattedDateShort":"Aug. 2013","formattedTime":"20:28","formattedDuration":"45m","formattedAvailabilityWindow":null,"formattedAvailabilityWindowShort":null,"image":{"portraitUrl":null,"landscapeUrl":"https:\/\/images.nlziet.nl\/metadataimportimages\/source\/D9C35A8BFC257FCF0583CA290ECCE3A34ADF57876D2811BE1AD52CE4B9FDDA44.jpg"},"logo":{"normalUrl":"https:\/\/cdn.nlziet.nl\/static\/assets\/contentproviders\/npo.png","darkUrl":"https:\/\/cdn.nlziet.nl\/static\/assets\/contentproviders\/dark\/npo.png","flatUrl":"https:\/\/cdn.nlziet.nl\/static\/assets\/contentproviders\/flat\/npo.png"},"tags":[],"seriesId":"7Bo7rh5OEkOpLxfhtJa7bQ"}]