[{"id":"d-4KYKpTzkm8LwRC1FykyA","type":"Vod","title":"Border Security: Australi\u00eb","subtitle":"Aflevering 7","description":"Veronica - Een Italiaanse man wil illegaal de clown uithangen. Het nerveuze gedrag van een Duitse passagier laat alarmbellen afgaan. Een stel wordt verdacht van het binnensmokkelen van traktaties.","formattedEpisodeNumbering":null,"formattedDate":"Za 23 okt. 2021","formattedDateShort":"Okt. 2021","formattedTime":"19:03","formattedDuration":"20m","formattedAvailabilityWindow":null,"formattedAvailabilityWindowShort":null,"image":{"portraitUrl":null,"landscapeUrl":"https:\/\/images.nlziet.nl\/metadataimportimages\/source\/32094D317970468D7CE8AB669AE957596FE7244091159BA3C276C8AC58C424E8.jpg"},"logo":{"normalUrl":"https:\/\/cdn.nlziet.nl\/static\/assets\/contentproviders\/sbs.png","darkUrl":"https:\/\/cdn.nlziet.nl\/static\/assets\/contentproviders\/dark\/sbs.png","flatUrl":"https:\/\/cdn.nlziet.nl\/static\/assets\/contentproviders\/flat\/sbs.png"},"tags":[],"seriesId":"6EBfsFV_3EqMK8x9C1vHew"},{"id":"AMExYFKkyEGjsrcWqgXp2A","type":"Vod","title":"Border Security: Australi\u00eb","subtitle":"Aflevering 7","description":"Veronica - Een Italiaanse man wil illegaal de clown uithangen. Het nerveuze gedrag van een Duitse passagier laat alarmbellen afgaan. Een stel wordt verdacht van het binnensmokkelen van traktaties.","formattedEpisodeNumbering":null,"formattedDate":"Za 27 nov. 2021","formattedDateShort":"Nov. 2021","formattedTime":"19:00","formattedDuration":"21m","formattedAvailabilityWindow":null,"formattedAvailabilityWindowShort":null,"image":{"portraitUrl":null,"landscapeUrl":"https:\/\/images.nlziet.nl\/metadataimportimages\/source\/5449333282ADCD0723B5EA641DD0F44BFB96D06522874788CF3D4FEA1783EA5B.jpg"},"logo":{"normalUrl":"https:\/\/cdn.nlziet.nl\/static\/assets\/contentproviders\/sbs.png","darkUrl":"https:\/\/cdn.nlziet.nl\/static\/assets\/contentproviders\/dark\/sbs.png","flatUrl":"https:\/\/cdn.nlziet.nl\/static\/assets\/contentproviders\/flat\/sbs.png"},"tags":[],"seriesId":"6EBfsFV_3EqMK8x9C1vHew"},{"id":"8YYDtmT7ZkiCPmpa8gik9A","type":"Vod","title":"Border Security: Australi\u00eb","subtitle":"Aflevering 6","description":"Veronica - Het mysterie van het Roemeens toetsenbord wordt verklaard. Een Australi\u00ebr wordt ondervraagd, nadat hij hard heeft gefeest in Mexico. Een reiziger beweert dat hij niet is wie men denkt dat hij is.","formattedEpisodeNumbering":null,"formattedDate":"Za 16 okt. 2021","formattedDateShort":"Okt. 2021","formattedTime":"19:32","formattedDuration":"20m","formattedAvailabilityWindow":null,"formattedAvailabilityWindowShort":null,"image":{"portraitUrl":null,"landscapeUrl":"https:\/\/images.nlziet.nl\/metadataimportimages\/source\/7EECC0C8B938F4831BB343F2337C7A823CC3199F8A16956CEAFC7AF1B3E26396.jpg"},"logo":{"normalUrl":"https:\/\/cdn.nlziet.nl\/static\/assets\/contentproviders\/sbs.png","darkUrl":"https:\/\/cdn.nlziet.nl\/static\/assets\/contentproviders\/dark\/sbs.png","flatUrl":"https:\/\/cdn.nlziet.nl\/static\/assets\/contentproviders\/flat\/sbs.png"},"tags":[],"seriesId":"6EBfsFV_3EqMK8x9C1vHew"},{"id":"d2ouFBYhm0ip5zryEItYyQ","type":"Vod","title":"Border Security: Australi\u00eb","subtitle":"Aflevering 5","description":"Veronica - Douanebeambten inspecteren een merkwaardig toetsenbord. Later leidt een vertraging bij quarantaine tot een ruzie tussen geliefden en verdachte brieven uit India wekken de aandacht van het postcentrum.","formattedEpisodeNumbering":null,"formattedDate":"Za 28 nov. 2020","formattedDateShort":"Nov. 2020","formattedTime":"18:58","formattedDuration":"22m","formattedAvailabilityWindow":null,"formattedAvailabilityWindowShort":null,"image":{"portraitUrl":null,"landscapeUrl":"https:\/\/images.nlziet.nl\/metadataimportimages\/source\/24F9ACAD0F6C7FA35E875FCA35339AFB4BEF51B2C91546D2934B9C52683BE1DC.jpg"},"logo":{"normalUrl":"https:\/\/cdn.nlziet.nl\/static\/assets\/contentproviders\/sbs.png","darkUrl":"https:\/\/cdn.nlziet.nl\/static\/assets\/contentproviders\/dark\/sbs.png","flatUrl":"https:\/\/cdn.nlziet.nl\/static\/assets\/contentproviders\/flat\/sbs.png"},"tags":[],"seriesId":"6EBfsFV_3EqMK8x9C1vHew"},{"id":"VY0H3ZH-M0mxRRd6DbfN8g","type":"Vod","title":"Border Security: Australi\u00eb","subtitle":"Aflevering 4","description":"Veronica - Een nerveuze reiziger uit China wekt argwaan. Een familie uit de Verenigde Staten heeft niets aan te geven, maar hun bagage suggereert anders.","formattedEpisodeNumbering":null,"formattedDate":"Za 21 nov. 2020","formattedDateShort":"Nov. 2020","formattedTime":"19:29","formattedDuration":"22m","formattedAvailabilityWindow":null,"formattedAvailabilityWindowShort":null,"image":{"portraitUrl":null,"landscapeUrl":"https:\/\/images.nlziet.nl\/metadataimportimages\/source\/D048880172DD5C75C5379B7747A397FB9B995D220A61E9D76F0C969F78793796.jpg"},"logo":{"normalUrl":"https:\/\/cdn.nlziet.nl\/static\/assets\/contentproviders\/sbs.png","darkUrl":"https:\/\/cdn.nlziet.nl\/static\/assets\/contentproviders\/dark\/sbs.png","flatUrl":"https:\/\/cdn.nlziet.nl\/static\/assets\/contentproviders\/flat\/sbs.png"},"tags":[],"seriesId":"6EBfsFV_3EqMK8x9C1vHew"},{"id":"IICkLgpdtkSkuylxg5C5Dw","type":"Vod","title":"Border Security: Australi\u00eb","subtitle":"Aflevering 3","description":"Veronica - Medewerkers vermoeden dat er een bom in iemands bagage zit en de hele luchthaven wordt gesloten.","formattedEpisodeNumbering":null,"formattedDate":"Za 26 dec. 2020","formattedDateShort":"Dec. 2020","formattedTime":"19:30","formattedDuration":"22m","formattedAvailabilityWindow":null,"formattedAvailabilityWindowShort":null,"image":{"portraitUrl":null,"landscapeUrl":"https:\/\/images.nlziet.nl\/metadataimportimages\/source\/545434D5D70034517A0D49BBC80914ABD492C92CCA3D871E1FB51A041AFA0305.jpg"},"logo":{"normalUrl":"https:\/\/cdn.nlziet.nl\/static\/assets\/contentproviders\/sbs.png","darkUrl":"https:\/\/cdn.nlziet.nl\/static\/assets\/contentproviders\/dark\/sbs.png","flatUrl":"https:\/\/cdn.nlziet.nl\/static\/assets\/contentproviders\/flat\/sbs.png"},"tags":[],"seriesId":"6EBfsFV_3EqMK8x9C1vHew"},{"id":"FOe_GQrV5kOLWvOQDp43hA","type":"Vod","title":"Border Security: Australi\u00eb","subtitle":"Aflevering 1","description":"Veronica - Een Libanese passagier die terugkomt van Egypte probeert een voedselgevecht te beginnen.","formattedEpisodeNumbering":null,"formattedDate":"Za 14 nov. 2020","formattedDateShort":"Nov. 2020","formattedTime":"18:59","formattedDuration":"22m","formattedAvailabilityWindow":null,"formattedAvailabilityWindowShort":null,"image":{"portraitUrl":null,"landscapeUrl":"https:\/\/images.nlziet.nl\/metadataimportimages\/source\/C97B087ADBEA34C2252B409BAD2FFB1F9DA2A95AFB1B20614254947F7771A553.jpg"},"logo":{"normalUrl":"https:\/\/cdn.nlziet.nl\/static\/assets\/contentproviders\/sbs.png","darkUrl":"https:\/\/cdn.nlziet.nl\/static\/assets\/contentproviders\/dark\/sbs.png","flatUrl":"https:\/\/cdn.nlziet.nl\/static\/assets\/contentproviders\/flat\/sbs.png"},"tags":[],"seriesId":"6EBfsFV_3EqMK8x9C1vHew"}]