[{"id":"B_vQFWkcV0WQg2uJ5QMyVA","type":"Vod","title":"Border Security","subtitle":"Aflevering 20","description":"De landsgrenzen worden voortdurend bedreigd. Of het nu gaat om drugssmokkel, illegale immigratie, inspecties of het meenemen van verboden voorwerpen, de douaniers houden het allemaal in de gaten. Het gaat er soms heftig aan toe en de douaniers hebben er dan ook hun handen vol aan.","formattedEpisodeNumbering":null,"formattedDate":"Zo 8 aug. 2021","formattedDateShort":"Aug. 2021","formattedTime":"19:30","formattedDuration":"21m","formattedAvailabilityWindow":null,"formattedAvailabilityWindowShort":null,"image":{"portraitUrl":null,"landscapeUrl":"https:\/\/images.nlziet.nl\/metadataimportimages\/source\/1133C31ED8F624FB20ECE3EFD4A9CE251DC55582C625EC65218C39E15AEB5DEE.jpg"},"logo":{"normalUrl":"https:\/\/cdn.nlziet.nl\/static\/assets\/contentproviders\/sbs.png","darkUrl":"https:\/\/cdn.nlziet.nl\/static\/assets\/contentproviders\/dark\/sbs.png","flatUrl":"https:\/\/cdn.nlziet.nl\/static\/assets\/contentproviders\/flat\/sbs.png"},"tags":[],"seriesId":"6EBfsFV_3EqMK8x9C1vHew"},{"id":"uyelSJaOjEeIN7_q18OenQ","type":"Vod","title":"Border Security","subtitle":"Aflevering 19","description":"De landsgrenzen worden voortdurend bedreigd. Of het nu gaat om drugssmokkel, illegale immigratie, inspecties of het meenemen van verboden voorwerpen, de douaniers houden het allemaal in de gaten. Het gaat er soms heftig aan toe en de douaniers hebben er dan ook hun handen vol aan.","formattedEpisodeNumbering":null,"formattedDate":"Zo 8 aug. 2021","formattedDateShort":"Aug. 2021","formattedTime":"18:59","formattedDuration":"23m","formattedAvailabilityWindow":null,"formattedAvailabilityWindowShort":null,"image":{"portraitUrl":null,"landscapeUrl":"https:\/\/images.nlziet.nl\/metadataimportimages\/source\/98A96038299944C0F016177D8151AA983CF7DD48E9F64DBD8FC57E347F0A0436.jpg"},"logo":{"normalUrl":"https:\/\/cdn.nlziet.nl\/static\/assets\/contentproviders\/sbs.png","darkUrl":"https:\/\/cdn.nlziet.nl\/static\/assets\/contentproviders\/dark\/sbs.png","flatUrl":"https:\/\/cdn.nlziet.nl\/static\/assets\/contentproviders\/flat\/sbs.png"},"tags":[],"seriesId":"6EBfsFV_3EqMK8x9C1vHew"},{"id":"aE4SSmq5GE-rjHrHSz8lFg","type":"Vod","title":"Border Security","subtitle":"Aflevering 18","description":"De landsgrenzen worden voortdurend bedreigd. Of het nu gaat om drugssmokkel, illegale immigratie, inspecties of het meenemen van verboden voorwerpen, de douaniers houden het allemaal in de gaten. Het gaat er soms heftig aan toe en de douaniers hebben er dan ook hun handen vol aan.","formattedEpisodeNumbering":null,"formattedDate":"Zo 1 aug. 2021","formattedDateShort":"Aug. 2021","formattedTime":"19:29","formattedDuration":"22m","formattedAvailabilityWindow":null,"formattedAvailabilityWindowShort":null,"image":{"portraitUrl":null,"landscapeUrl":"https:\/\/images.nlziet.nl\/metadataimportimages\/source\/6D7C8138B228C4241532507E0E62B9E087037662F1E9A2471C75E0D4BB0848B7.jpg"},"logo":{"normalUrl":"https:\/\/cdn.nlziet.nl\/static\/assets\/contentproviders\/sbs.png","darkUrl":"https:\/\/cdn.nlziet.nl\/static\/assets\/contentproviders\/dark\/sbs.png","flatUrl":"https:\/\/cdn.nlziet.nl\/static\/assets\/contentproviders\/flat\/sbs.png"},"tags":[],"seriesId":"6EBfsFV_3EqMK8x9C1vHew"},{"id":"WJExHcy-Z0GAwLU96-3VuA","type":"Vod","title":"Border Security","subtitle":"Aflevering 14","description":"De landsgrenzen worden voortdurend bedreigd. Of het nu gaat om drugssmokkel, illegale immigratie, inspecties of het meenemen van verboden voorwerpen, de douaniers houden het allemaal in de gaten. Het gaat er soms heftig aan toe en de douaniers hebben er dan ook hun handen vol aan.","formattedEpisodeNumbering":null,"formattedDate":"Zo 18 jul. 2021","formattedDateShort":"Jul. 2021","formattedTime":"19:28","formattedDuration":"22m","formattedAvailabilityWindow":null,"formattedAvailabilityWindowShort":null,"image":{"portraitUrl":null,"landscapeUrl":"https:\/\/images.nlziet.nl\/metadataimportimages\/source\/16453CB63C9DA8D92958D232A3AF4EB561391441785108695C55B1C842867B3D.jpg"},"logo":{"normalUrl":"https:\/\/cdn.nlziet.nl\/static\/assets\/contentproviders\/sbs.png","darkUrl":"https:\/\/cdn.nlziet.nl\/static\/assets\/contentproviders\/dark\/sbs.png","flatUrl":"https:\/\/cdn.nlziet.nl\/static\/assets\/contentproviders\/flat\/sbs.png"},"tags":[],"seriesId":"6EBfsFV_3EqMK8x9C1vHew"},{"id":"jJ3tr5JJbE-3LI1Bw4s8lQ","type":"Vod","title":"Border Security","subtitle":"Aflevering 13","description":"De landsgrenzen worden voortdurend bedreigd. Of het nu gaat om drugssmokkel, illegale immigratie, inspecties of het meenemen van verboden voorwerpen, de douaniers houden het allemaal in de gaten. Het gaat er soms heftig aan toe en de douaniers hebben er dan ook hun handen vol aan.","formattedEpisodeNumbering":null,"formattedDate":"Zo 18 jul. 2021","formattedDateShort":"Jul. 2021","formattedTime":"18:58","formattedDuration":"22m","formattedAvailabilityWindow":null,"formattedAvailabilityWindowShort":null,"image":{"portraitUrl":null,"landscapeUrl":"https:\/\/images.nlziet.nl\/metadataimportimages\/source\/04C09473BD90CC9C3DDF7984F0C18C831D2BC9355C2860CC2BF452A590D113E3.jpg"},"logo":{"normalUrl":"https:\/\/cdn.nlziet.nl\/static\/assets\/contentproviders\/sbs.png","darkUrl":"https:\/\/cdn.nlziet.nl\/static\/assets\/contentproviders\/dark\/sbs.png","flatUrl":"https:\/\/cdn.nlziet.nl\/static\/assets\/contentproviders\/flat\/sbs.png"},"tags":[],"seriesId":"6EBfsFV_3EqMK8x9C1vHew"},{"id":"cV97ZGKLuEG-VgS9TC3APg","type":"Vod","title":"Border Security","subtitle":"Aflevering 12","description":"Een reiziger heeft een onbekende stof ingeslikt. Een Thaise vakantiegids biedt meer dan alleen vakantieadvies.","formattedEpisodeNumbering":null,"formattedDate":"Zo 11 jul. 2021","formattedDateShort":"Jul. 2021","formattedTime":"19:29","formattedDuration":"22m","formattedAvailabilityWindow":null,"formattedAvailabilityWindowShort":null,"image":{"portraitUrl":null,"landscapeUrl":"https:\/\/images.nlziet.nl\/metadataimportimages\/source\/EE8137BA5668205BE168EA8BA24C6B5E468DA4DE9137EF392D6E5920B40E9507.jpg"},"logo":{"normalUrl":"https:\/\/cdn.nlziet.nl\/static\/assets\/contentproviders\/sbs.png","darkUrl":"https:\/\/cdn.nlziet.nl\/static\/assets\/contentproviders\/dark\/sbs.png","flatUrl":"https:\/\/cdn.nlziet.nl\/static\/assets\/contentproviders\/flat\/sbs.png"},"tags":[],"seriesId":"6EBfsFV_3EqMK8x9C1vHew"},{"id":"rhqhEQsJPEO9v9JRjKSHBg","type":"Vod","title":"Border Security","subtitle":"Aflevering 11","description":"De landsgrenzen worden voortdurend bedreigd. Of het nu gaat om drugssmokkel, illegale immigratie, inspecties of het meenemen van verboden voorwerpen, de douaniers houden het allemaal in de gaten. Het gaat er soms heftig aan toe en de douaniers hebben er dan ook hun handen vol aan.","formattedEpisodeNumbering":null,"formattedDate":"Zo 11 jul. 2021","formattedDateShort":"Jul. 2021","formattedTime":"18:59","formattedDuration":"23m","formattedAvailabilityWindow":null,"formattedAvailabilityWindowShort":null,"image":{"portraitUrl":null,"landscapeUrl":"https:\/\/images.nlziet.nl\/metadataimportimages\/source\/2374D6FDBD2AC3DCDA4C9D0654A6A76C05C0257842E93250538C0266ECFC6D8F.jpg"},"logo":{"normalUrl":"https:\/\/cdn.nlziet.nl\/static\/assets\/contentproviders\/sbs.png","darkUrl":"https:\/\/cdn.nlziet.nl\/static\/assets\/contentproviders\/dark\/sbs.png","flatUrl":"https:\/\/cdn.nlziet.nl\/static\/assets\/contentproviders\/flat\/sbs.png"},"tags":[],"seriesId":"6EBfsFV_3EqMK8x9C1vHew"},{"id":"65WmoMHKtEeFIPxh3EquZw","type":"Vod","title":"Border Security","subtitle":"Aflevering 10","description":"De landsgrenzen worden voortdurend bedreigd. Of het nu gaat om drugssmokkel, illegale immigratie, inspecties of het meenemen van verboden voorwerpen, de douaniers houden het allemaal in de gaten. Het gaat er soms heftig aan toe en de douaniers hebben er dan ook hun handen vol aan.","formattedEpisodeNumbering":null,"formattedDate":"Zo 4 jul. 2021","formattedDateShort":"Jul. 2021","formattedTime":"19:28","formattedDuration":"23m","formattedAvailabilityWindow":null,"formattedAvailabilityWindowShort":null,"image":{"portraitUrl":null,"landscapeUrl":"https:\/\/images.nlziet.nl\/metadataimportimages\/source\/AA23C9CD572339B49900199F9DC776BB1FBAA5FFD0465DBFB64AEE1175F4AEFC.jpg"},"logo":{"normalUrl":"https:\/\/cdn.nlziet.nl\/static\/assets\/contentproviders\/sbs.png","darkUrl":"https:\/\/cdn.nlziet.nl\/static\/assets\/contentproviders\/dark\/sbs.png","flatUrl":"https:\/\/cdn.nlziet.nl\/static\/assets\/contentproviders\/flat\/sbs.png"},"tags":[],"seriesId":"6EBfsFV_3EqMK8x9C1vHew"},{"id":"D0WLz9yX8EOxl-p5dx-syA","type":"Vod","title":"Border Security","subtitle":"Aflevering 9","description":"De landsgrenzen worden voortdurend bedreigd. Of het nu gaat om drugssmokkel, illegale immigratie, inspecties of het meenemen van verboden voorwerpen, de douaniers houden het allemaal in de gaten. Het gaat er soms heftig aan toe en de douaniers hebben er dan ook hun handen vol aan.","formattedEpisodeNumbering":null,"formattedDate":"Zo 4 jul. 2021","formattedDateShort":"Jul. 2021","formattedTime":"18:58","formattedDuration":"21m","formattedAvailabilityWindow":null,"formattedAvailabilityWindowShort":null,"image":{"portraitUrl":null,"landscapeUrl":"https:\/\/images.nlziet.nl\/metadataimportimages\/source\/8432AD94125C77A7EF125EE13FE782859F8B09A4CC265F5B4C53BEE955EE4651.jpg"},"logo":{"normalUrl":"https:\/\/cdn.nlziet.nl\/static\/assets\/contentproviders\/sbs.png","darkUrl":"https:\/\/cdn.nlziet.nl\/static\/assets\/contentproviders\/dark\/sbs.png","flatUrl":"https:\/\/cdn.nlziet.nl\/static\/assets\/contentproviders\/flat\/sbs.png"},"tags":[],"seriesId":"6EBfsFV_3EqMK8x9C1vHew"},{"id":"w0-7VsCiPUezvHf8JMPOVw","type":"Vod","title":"Border Security: Australi\u00eb","subtitle":"Aflevering 6","description":"Een reiziger heeft een onbekende stof ingeslikt en een Thaise vakantiegids biedt meer dan alleen vakantieadvies.","formattedEpisodeNumbering":null,"formattedDate":"Zo 4 dec.","formattedDateShort":"Zo 4 dec.","formattedTime":"18:59","formattedDuration":"44m","formattedAvailabilityWindow":null,"formattedAvailabilityWindowShort":null,"image":{"portraitUrl":null,"landscapeUrl":"https:\/\/images.nlziet.nl\/metadataimportimages\/source\/57DBB355D18F01A3801EC9B8595FEDBD423A24588BCE8BEA2EB26A01E37BBD73.jpg"},"logo":{"normalUrl":"https:\/\/cdn.nlziet.nl\/static\/assets\/contentproviders\/sbs.png","darkUrl":"https:\/\/cdn.nlziet.nl\/static\/assets\/contentproviders\/dark\/sbs.png","flatUrl":"https:\/\/cdn.nlziet.nl\/static\/assets\/contentproviders\/flat\/sbs.png"},"tags":[],"seriesId":"6EBfsFV_3EqMK8x9C1vHew"},{"id":"h4ERk8xu0Ey6T5-1sgnaRg","type":"Vod","title":"Border Security: Australi\u00eb","subtitle":"Aflevering 5","description":"Een jonge Australi\u00ebr wordt tegengehouden bij de grens; hij zegt dat er met zijn tassen is geknoeid. Agenten staan versteld over hoe ver smokkelaars gaan.","formattedEpisodeNumbering":null,"formattedDate":"Zo 4 dec.","formattedDateShort":"Zo 4 dec.","formattedTime":"18:00","formattedDuration":"43m","formattedAvailabilityWindow":null,"formattedAvailabilityWindowShort":null,"image":{"portraitUrl":null,"landscapeUrl":"https:\/\/images.nlziet.nl\/metadataimportimages\/source\/0EE459ECF20C3F04072CF5DA1901D7DAC8E2874A549A7FB3D6E06F8AD896A204.jpg"},"logo":{"normalUrl":"https:\/\/cdn.nlziet.nl\/static\/assets\/contentproviders\/sbs.png","darkUrl":"https:\/\/cdn.nlziet.nl\/static\/assets\/contentproviders\/dark\/sbs.png","flatUrl":"https:\/\/cdn.nlziet.nl\/static\/assets\/contentproviders\/flat\/sbs.png"},"tags":[],"seriesId":"6EBfsFV_3EqMK8x9C1vHew"},{"id":"KQo8S9-f4EWWMHhp2iRPdg","type":"Vod","title":"Border Security: Australi\u00eb","subtitle":"Aflevering 4","description":"Een advocaat lijkt weg te kunnen komen met misdaad, maar agenten ontdekken een klein detail dat het verschil kan maken. En er is een vreemde reden waarom een passagier geobsedeerd is met de kleur paars. Een vrouw uit Kuala Lumpur bezit verdachte botten. Een Vietnamese chef-kok reist vaak en wordt gek als zijn tassen worden ge\u00efnspecteerd. Een Amerikaanse man komt zijn internetliefde opzoeken.","formattedEpisodeNumbering":null,"formattedDate":"Zo 27 nov.","formattedDateShort":"Zo 27 nov.","formattedTime":"18:59","formattedDuration":"44m","formattedAvailabilityWindow":null,"formattedAvailabilityWindowShort":null,"image":{"portraitUrl":null,"landscapeUrl":"https:\/\/images.nlziet.nl\/metadataimportimages\/source\/565D74CAFD9BA2B0E334E7726E892FE5639E7715F1487FB39EBA3AB5D0C8B9F3.jpg"},"logo":{"normalUrl":"https:\/\/cdn.nlziet.nl\/static\/assets\/contentproviders\/sbs.png","darkUrl":"https:\/\/cdn.nlziet.nl\/static\/assets\/contentproviders\/dark\/sbs.png","flatUrl":"https:\/\/cdn.nlziet.nl\/static\/assets\/contentproviders\/flat\/sbs.png"},"tags":[],"seriesId":"6EBfsFV_3EqMK8x9C1vHew"},{"id":"Idj-GkptQ0qNrESLM41ZuQ","type":"Vod","title":"Border Security: Australi\u00eb","subtitle":"Aflevering 3","description":"De douanebeveiliging vermoedt dat een vrouw iets onder haar kleding verbergt. Een passagier die vanuit Vietnam reist, beweert niets te hebben om aan te geven, dus wat kan er in zijn koffers zitten? Er worden ongebruikelijke maatregelen genomen om een ge\u00efrriteerde reiziger te kalmeren met problemen met een werkvisum. Een pakketformulier uit India heeft de aandacht getrokken van de douanebeveiliging. De mascara flesjes die erin zitten, onthullen een grote verrassing.","formattedEpisodeNumbering":null,"formattedDate":"Zo 20 nov.","formattedDateShort":"Zo 20 nov.","formattedTime":"18:59","formattedDuration":"44m","formattedAvailabilityWindow":null,"formattedAvailabilityWindowShort":null,"image":{"portraitUrl":null,"landscapeUrl":"https:\/\/images.nlziet.nl\/metadataimportimages\/source\/4EC48C9FCBBA592A90E9A23615D3616B31491B4BFC5DFA9B2ED404099824EF4D.jpg"},"logo":{"normalUrl":"https:\/\/cdn.nlziet.nl\/static\/assets\/contentproviders\/sbs.png","darkUrl":"https:\/\/cdn.nlziet.nl\/static\/assets\/contentproviders\/dark\/sbs.png","flatUrl":"https:\/\/cdn.nlziet.nl\/static\/assets\/contentproviders\/flat\/sbs.png"},"tags":[],"seriesId":"6EBfsFV_3EqMK8x9C1vHew"},{"id":"2u2pUl2uF0GIqM9vNSxxcw","type":"Vod","title":"Border Security: Australi\u00eb","subtitle":"Aflevering 2","description":"De immigratiedienst betrapt een vrouw op het liegen over haar reisgenoten.","formattedEpisodeNumbering":null,"formattedDate":"Zo 13 nov.","formattedDateShort":"Zo 13 nov.","formattedTime":"18:59","formattedDuration":"44m","formattedAvailabilityWindow":"Nog 6 dagen beschikbaar","formattedAvailabilityWindowShort":"Nog 6 d. beschikbaar","image":{"portraitUrl":null,"landscapeUrl":"https:\/\/images.nlziet.nl\/metadataimportimages\/source\/7522C5902D87287440B48C56D3B0B3E47413D6EA76EF694FABC1A39D976AC42C.jpg"},"logo":{"normalUrl":"https:\/\/cdn.nlziet.nl\/static\/assets\/contentproviders\/sbs.png","darkUrl":"https:\/\/cdn.nlziet.nl\/static\/assets\/contentproviders\/dark\/sbs.png","flatUrl":"https:\/\/cdn.nlziet.nl\/static\/assets\/contentproviders\/flat\/sbs.png"},"tags":[],"seriesId":"6EBfsFV_3EqMK8x9C1vHew"},{"id":"EL06NWbkoU2enZEr8bWM7g","type":"Vod","title":"Border Security: Australi\u00eb","subtitle":"Aflevering 1","description":"Een Maleisische passagier accepteert geen 'nee'.","formattedEpisodeNumbering":null,"formattedDate":"Zo 6 nov.","formattedDateShort":"Zo 6 nov.","formattedTime":"18:59","formattedDuration":"44m","formattedAvailabilityWindow":null,"formattedAvailabilityWindowShort":null,"image":{"portraitUrl":null,"landscapeUrl":"https:\/\/images.nlziet.nl\/metadataimportimages\/source\/987B57852AA6ECD1BAAE96F87B3F32D30FF99F6DEE898DB6B0C7B0300D67F566.jpg"},"logo":{"normalUrl":"https:\/\/cdn.nlziet.nl\/static\/assets\/contentproviders\/sbs.png","darkUrl":"https:\/\/cdn.nlziet.nl\/static\/assets\/contentproviders\/dark\/sbs.png","flatUrl":"https:\/\/cdn.nlziet.nl\/static\/assets\/contentproviders\/flat\/sbs.png"},"tags":["NewEpisode"],"seriesId":"6EBfsFV_3EqMK8x9C1vHew"}]