[{"id":"qEjgHGSb7UiwbVIc3z3OmQ","type":"Vod","title":"NOS Kamerdebat","subtitle":"NOS Kamerdebat misdaadcijfers asielzoekers","description":null,"formattedEpisodeNumbering":null,"formattedDate":"Di 21 mei. 2019","formattedDateShort":"Mei. 2019","formattedTime":"16:40","formattedDuration":"1u 20m","formattedAvailabilityWindow":null,"formattedAvailabilityWindowShort":null,"image":{"portraitUrl":null,"landscapeUrl":"https:\/\/images.nlziet.nl\/metadataimportimages\/source\/9CD5A0C688CB05DF22C9A301736EA4CE7830F9F750DE7C84EE74B1E1A7EF948E.jpg"},"logo":{"normalUrl":"https:\/\/cdn.nlziet.nl\/static\/assets\/contentproviders\/npo.png","darkUrl":"https:\/\/cdn.nlziet.nl\/static\/assets\/contentproviders\/dark\/npo.png","flatUrl":"https:\/\/cdn.nlziet.nl\/static\/assets\/contentproviders\/flat\/npo.png"},"tags":[],"seriesId":"7w7QGJy-_kmjD1dwmjwvsA"},{"id":"chq38KDqZ0yXCcUXQQk4ng","type":"Vod","title":"NOS Kamerdebat","subtitle":"NOS Kamerdebat misdaadcijfers asielzoekers","description":null,"formattedEpisodeNumbering":null,"formattedDate":"Za 1 jan. 2000","formattedDateShort":"Jan. 2000","formattedTime":"01:00","formattedDuration":"19m","formattedAvailabilityWindow":null,"formattedAvailabilityWindowShort":null,"image":{"portraitUrl":null,"landscapeUrl":"https:\/\/images.nlziet.nl\/metadataimportimages\/source\/B6CA6AF2D9E4DED289ADF64DEF7CA04512F67760A8CA6A9724508C8A7FA59A08.jpg"},"logo":{"normalUrl":"https:\/\/cdn.nlziet.nl\/static\/assets\/contentproviders\/npo.png","darkUrl":"https:\/\/cdn.nlziet.nl\/static\/assets\/contentproviders\/dark\/npo.png","flatUrl":"https:\/\/cdn.nlziet.nl\/static\/assets\/contentproviders\/flat\/npo.png"},"tags":[],"seriesId":"7w7QGJy-_kmjD1dwmjwvsA"}]