[{"id":"2I1MMNnT2EKqQuD7cJ-EaQ","type":"Vod","title":"Waffel de wonderhond","subtitle":"Plasje doen met Waffel","description":"KRO-NCRV - Waffel houdt veel van plasjes doen en maakt de Brooklyn Bells elke ochtend vroeg wakker met zijn geblaf. Mevrouw Hobbs is daar niet blij mee.","formattedEpisodeNumbering":null,"formattedDate":"Do 13 sep. 2018","formattedDateShort":"Sep. 2018","formattedTime":"15:25","formattedDuration":"10m","formattedAvailabilityWindow":null,"formattedAvailabilityWindowShort":null,"image":{"portraitUrl":null,"landscapeUrl":"https:\/\/images.nlziet.nl\/metadataimportimages\/source\/A6D72F2FFF46890BD9BA1A880181500F6AEB3188105640501BA94AF558A3816B.jpg"},"logo":{"normalUrl":"https:\/\/cdn.nlziet.nl\/static\/assets\/contentproviders\/npo.png","darkUrl":"https:\/\/cdn.nlziet.nl\/static\/assets\/contentproviders\/dark\/npo.png","flatUrl":"https:\/\/cdn.nlziet.nl\/static\/assets\/contentproviders\/flat\/npo.png"},"tags":[],"seriesId":"5_Dtakii_E6hQJPpQ8Ftrw"},{"id":"orWw3JfNCkStoS1J_-rF1g","type":"Vod","title":"Waffel de wonderhond","subtitle":"Waffel groeit","description":"KRO-NCRV - Jess en Simon besluiten dat Waffel mag blijven. Het gezin ontdekt dat Waffel via een gat in de kast op bezoek gaat bij George.","formattedEpisodeNumbering":null,"formattedDate":"Ma 10 sep. 2018","formattedDateShort":"Sep. 2018","formattedTime":"15:25","formattedDuration":"10m","formattedAvailabilityWindow":null,"formattedAvailabilityWindowShort":null,"image":{"portraitUrl":null,"landscapeUrl":"https:\/\/images.nlziet.nl\/metadataimportimages\/source\/83D4ED64048BD77B2280B1A359AA8D86F9DD33A5BF0C953E64C47AFBA580047D.jpg"},"logo":{"normalUrl":"https:\/\/cdn.nlziet.nl\/static\/assets\/contentproviders\/npo.png","darkUrl":"https:\/\/cdn.nlziet.nl\/static\/assets\/contentproviders\/dark\/npo.png","flatUrl":"https:\/\/cdn.nlziet.nl\/static\/assets\/contentproviders\/flat\/npo.png"},"tags":[],"seriesId":"5_Dtakii_E6hQJPpQ8Ftrw"}]