[{"id":"13zRgmzJoUCosl0kKCuCIw","type":"Vod","title":"Uitstel Van Executie","subtitle":"Afl. 9","description":"RTL4 - Na veertien seizoenen komt er een einde aan 'Uitstel van executie' en daarom is er vanavond een bijzondere aflevering. Martijn Krabb\u00e9, Eef van Opdorp, Alex van Keulen en Duncan Abrahams blikken terug op de afgelopen jaren en gaan ook langs bij oude bekenden. Zijn hun levens daadwerkelijk veranderd nadat het team hen heeft geholpen?","formattedEpisodeNumbering":null,"formattedDate":"Ma 9 mei.","formattedDateShort":"Ma 9 mei.","formattedTime":"20:30","formattedDuration":"57m","formattedAvailabilityWindow":null,"formattedAvailabilityWindowShort":null,"image":{"portraitUrl":null,"landscapeUrl":"https:\/\/images.nlziet.nl\/metadataimportimages\/source\/546AC42E1BB0B76FF06A8D6C0FEC4C7DBEF0ACE96E6E990CE99BE2025C23FD55.jpg"},"logo":{"normalUrl":"https:\/\/cdn.nlziet.nl\/static\/assets\/contentproviders\/rtl.png","darkUrl":"https:\/\/cdn.nlziet.nl\/static\/assets\/contentproviders\/dark\/rtl.png","flatUrl":"https:\/\/cdn.nlziet.nl\/static\/assets\/contentproviders\/flat\/rtl.png"},"tags":[],"seriesId":"7kFjMkND8kuYeLNUTgr5JA"},{"id":"fgvS2QYsX02HFdPLLbBFHA","type":"Vod","title":"Uitstel Van Executie","subtitle":"Afl. 8","description":"RTL4 - Realityprogramma waarin Martijn Krabb\u00e9 samen met makelaar Alex van Keulen, bouwkundige Duncan Abrahams en professioneel budgetcoach Eef van Opdorp mensen te hulp schiet die in financi\u00eble problemen terecht zijn gekomen. Ze dreigen hun woning kwijt te raken en staan onder grote druk van hun hypotheekverstrekker. Het team gaat aan de slag om de enorme financi\u00eble schade te beperken. Annekes ex verdwijnt plotseling en laat haar met hun drie kinderen alleen achter. Haar huis blijkt een bedrijfswoning te zijn en is daardoor onverkoopbaar. Zal het Martijn en zijn team lukken Anneke en haar kinderen uit deze uitzichtloze situatie te krijgen?","formattedEpisodeNumbering":null,"formattedDate":"Ma 2 mei.","formattedDateShort":"Ma 2 mei.","formattedTime":"20:30","formattedDuration":"1u 0m","formattedAvailabilityWindow":null,"formattedAvailabilityWindowShort":null,"image":{"portraitUrl":null,"landscapeUrl":"https:\/\/images.nlziet.nl\/metadataimportimages\/source\/3A68BBC909BCA23D2BB982F5B865088BAE6EF8F101868E416F85CFB80C212642.jpg"},"logo":{"normalUrl":"https:\/\/cdn.nlziet.nl\/static\/assets\/contentproviders\/rtl.png","darkUrl":"https:\/\/cdn.nlziet.nl\/static\/assets\/contentproviders\/dark\/rtl.png","flatUrl":"https:\/\/cdn.nlziet.nl\/static\/assets\/contentproviders\/flat\/rtl.png"},"tags":[],"seriesId":"7kFjMkND8kuYeLNUTgr5JA"},{"id":"DUtyoQwJO0iXU5MmdqqeXw","type":"Vod","title":"Uitstel Van Executie","subtitle":"Afl. 7","description":"RTL4 - Fred raakt na een fout gelopen operatie linkszijdig verlamd. Hierdoor is zijn drive-inwoning een fysiek obstakel geworden. Lukt het Martijn Krabb\u00e9 en zijn team een geschikte nieuwe woning te vinden?","formattedEpisodeNumbering":null,"formattedDate":"Ma 25 apr.","formattedDateShort":"Ma 25 apr.","formattedTime":"20:35","formattedDuration":"1u 1m","formattedAvailabilityWindow":null,"formattedAvailabilityWindowShort":null,"image":{"portraitUrl":null,"landscapeUrl":"https:\/\/images.nlziet.nl\/metadataimportimages\/source\/5034B452DD23BF2D743B961136474612A5B94A8F23F9E9A9507B76827EA0C0E4.jpg"},"logo":{"normalUrl":"https:\/\/cdn.nlziet.nl\/static\/assets\/contentproviders\/rtl.png","darkUrl":"https:\/\/cdn.nlziet.nl\/static\/assets\/contentproviders\/dark\/rtl.png","flatUrl":"https:\/\/cdn.nlziet.nl\/static\/assets\/contentproviders\/flat\/rtl.png"},"tags":[],"seriesId":"7kFjMkND8kuYeLNUTgr5JA"},{"id":"rgHRQFHlgEuBQgtvx8oigw","type":"Vod","title":"Uitstel Van Executie","subtitle":"Afl. 6","description":"RTL4 - Thea's man zegt een week voor zijn overlijden zijn levensverzekering op. Hierdoor kan Thea onmogelijk nog de hypotheek betalen. Zal het Martijn  en zijn team lukken de woning te verkopen en een nieuwe woning te vinden?","formattedEpisodeNumbering":null,"formattedDate":"Ma 18 apr.","formattedDateShort":"Ma 18 apr.","formattedTime":"20:30","formattedDuration":"1u 2m","formattedAvailabilityWindow":null,"formattedAvailabilityWindowShort":null,"image":{"portraitUrl":null,"landscapeUrl":"https:\/\/images.nlziet.nl\/metadataimportimages\/source\/9D1C296A1CBACB9DEF8DE15753EBB83BBB87DFA704C31296A6BF27FA1E8BDF4A.jpg"},"logo":{"normalUrl":"https:\/\/cdn.nlziet.nl\/static\/assets\/contentproviders\/rtl.png","darkUrl":"https:\/\/cdn.nlziet.nl\/static\/assets\/contentproviders\/dark\/rtl.png","flatUrl":"https:\/\/cdn.nlziet.nl\/static\/assets\/contentproviders\/flat\/rtl.png"},"tags":[],"seriesId":"7kFjMkND8kuYeLNUTgr5JA"},{"id":"iG5Pt7sjHkuiG4KsoobG7w","type":"Vod","title":"Uitstel Van Executie","subtitle":"Afl. 5","description":"RTL4 - Robin en Rasha wonen samen met hun twee kinderen van drie en vijf al een jaar lang noodgedwongen en illegaal in een vakantiechalet. Over een week staat het gezin op straat. Zal het Martijn Krabb\u00e9 en zijn team lukken om op tijd een nieuwe woning te vinden?","formattedEpisodeNumbering":null,"formattedDate":"Ma 11 apr.","formattedDateShort":"Ma 11 apr.","formattedTime":"20:35","formattedDuration":"1u 3m","formattedAvailabilityWindow":null,"formattedAvailabilityWindowShort":null,"image":{"portraitUrl":null,"landscapeUrl":"https:\/\/images.nlziet.nl\/metadataimportimages\/source\/054D2D1FBA107A0C994D32468E7F2A6A4ACEF4CBB44FE27F554BDFF84AE5A382.jpg"},"logo":{"normalUrl":"https:\/\/cdn.nlziet.nl\/static\/assets\/contentproviders\/rtl.png","darkUrl":"https:\/\/cdn.nlziet.nl\/static\/assets\/contentproviders\/dark\/rtl.png","flatUrl":"https:\/\/cdn.nlziet.nl\/static\/assets\/contentproviders\/flat\/rtl.png"},"tags":[],"seriesId":"7kFjMkND8kuYeLNUTgr5JA"},{"id":"FlTOopIcCEmTEvX5xzoHeA","type":"Vod","title":"Uitstel Van Executie","subtitle":"Afl. 4","description":"RTL4 - Marjo raakt in grote financi\u00eble problemen als zij wordt opgelicht door haar ex-man en haar baan verliest. Ze blijft achter met een opgehoogde hypotheek die zij onmogelijk nog kan betalen. Lukt het Martijn Krabb\u00e9 en zijn team om Marjo haar dak boven het hoofd te houden?","formattedEpisodeNumbering":null,"formattedDate":"Ma 4 apr.","formattedDateShort":"Ma 4 apr.","formattedTime":"20:35","formattedDuration":"59m","formattedAvailabilityWindow":null,"formattedAvailabilityWindowShort":null,"image":{"portraitUrl":null,"landscapeUrl":"https:\/\/images.nlziet.nl\/metadataimportimages\/source\/BBC94D45E14C8732BF48950BA7ECA7EFBD7B3AC8A3BB1E4369A62904F60B23E0.jpg"},"logo":{"normalUrl":"https:\/\/cdn.nlziet.nl\/static\/assets\/contentproviders\/rtl.png","darkUrl":"https:\/\/cdn.nlziet.nl\/static\/assets\/contentproviders\/dark\/rtl.png","flatUrl":"https:\/\/cdn.nlziet.nl\/static\/assets\/contentproviders\/flat\/rtl.png"},"tags":[],"seriesId":"7kFjMkND8kuYeLNUTgr5JA"},{"id":"CI1yZUkV6EK7GPZG0_j7Mg","type":"Vod","title":"Uitstel Van Executie","subtitle":"Afl. 3","description":"RTL4 - Realityprogramma waarin Martijn Krabb\u00e9 samen met makelaar Alex van Keulen, bouwkundige Duncan Abrahams en professioneel budgetcoach Eef van Opdorp mensen te hulp schiet die in financi\u00eble problemen terecht zijn gekomen. Ze dreigen hun woning kwijt te raken en staan onder grote druk van hun hypotheekverstrekker. Het team gaat aan de slag om de enorme financi\u00eble schade te beperken.","formattedEpisodeNumbering":null,"formattedDate":"Ma 28 mrt.","formattedDateShort":"Ma 28 mrt.","formattedTime":"20:30","formattedDuration":"1u 2m","formattedAvailabilityWindow":null,"formattedAvailabilityWindowShort":null,"image":{"portraitUrl":null,"landscapeUrl":"https:\/\/images.nlziet.nl\/metadataimportimages\/source\/801CB39C0280D303716D253E592E5052DBD01C198D1484ABFF98F8FA3AAA8F55.jpg"},"logo":{"normalUrl":"https:\/\/cdn.nlziet.nl\/static\/assets\/contentproviders\/rtl.png","darkUrl":"https:\/\/cdn.nlziet.nl\/static\/assets\/contentproviders\/dark\/rtl.png","flatUrl":"https:\/\/cdn.nlziet.nl\/static\/assets\/contentproviders\/flat\/rtl.png"},"tags":[],"seriesId":"7kFjMkND8kuYeLNUTgr5JA"},{"id":"ztAP72HsPEW9iJvF63UDeg","type":"Vod","title":"Uitstel Van Executie","subtitle":"Afl. 2","description":"RTL4 - Lieve verliest haar kindje, raakt daarna haar baan kwijt en dreigt nu ook haar huurwoning kwijt te raken. Door de grote financi\u00eble stress blijft haar post brievenbus maandenlang ongeopend. Zal het Martijn Krabb\u00e9 en zijn team lukken om Lieve uit de financi\u00eble problemen te halen?","formattedEpisodeNumbering":null,"formattedDate":"Ma 21 mrt.","formattedDateShort":"Ma 21 mrt.","formattedTime":"20:35","formattedDuration":"1u 2m","formattedAvailabilityWindow":null,"formattedAvailabilityWindowShort":null,"image":{"portraitUrl":null,"landscapeUrl":"https:\/\/images.nlziet.nl\/metadataimportimages\/source\/3B37359B37100C3DBE06615985607888FFC5CAA6135694362523C14D0D846458.jpg"},"logo":{"normalUrl":"https:\/\/cdn.nlziet.nl\/static\/assets\/contentproviders\/rtl.png","darkUrl":"https:\/\/cdn.nlziet.nl\/static\/assets\/contentproviders\/dark\/rtl.png","flatUrl":"https:\/\/cdn.nlziet.nl\/static\/assets\/contentproviders\/flat\/rtl.png"},"tags":[],"seriesId":"7kFjMkND8kuYeLNUTgr5JA"},{"id":"hSSUjIUKB02mDyvbB4AjYA","type":"Vod","title":"Uitstel Van Executie","subtitle":"Afl. 1","description":"RTL4 - Andrea is ongeneeslijk ziek en gaat fysiek in rap tempo achteruit. Hierdoor is haar woning een groot obstakel geworden. En door het verliezen van haar baan kan zij haar hypotheek niet meer betalen. Lukt het Martijn en zijn team wel om de woning te verkopen en een geschikte nieuwe woning te vinden?","formattedEpisodeNumbering":null,"formattedDate":"Ma 14 mrt.","formattedDateShort":"Ma 14 mrt.","formattedTime":"20:30","formattedDuration":"1u 4m","formattedAvailabilityWindow":null,"formattedAvailabilityWindowShort":null,"image":{"portraitUrl":null,"landscapeUrl":"https:\/\/images.nlziet.nl\/metadataimportimages\/source\/FEAD0844F8E00DDB35A79BBC18F8C6F9164E410D9805EDFBF5E638EAAE30D83E.jpg"},"logo":{"normalUrl":"https:\/\/cdn.nlziet.nl\/static\/assets\/contentproviders\/rtl.png","darkUrl":"https:\/\/cdn.nlziet.nl\/static\/assets\/contentproviders\/dark\/rtl.png","flatUrl":"https:\/\/cdn.nlziet.nl\/static\/assets\/contentproviders\/flat\/rtl.png"},"tags":[],"seriesId":"7kFjMkND8kuYeLNUTgr5JA"}]