[{"id":"WeUlOadaPUuL_rfa7D54cA","type":"Vod","title":"Border Security: Australi\u00eb","subtitle":"Aflevering 143","description":"Veronica - De landsgrenzen worden voortdurend bedreigd. Of het nu gaat om drugssmokkel, illegale immigratie, infecties of het meenemen van verboden voorwerpen, de douaniers houden het allemaal in de gaten. Het gaat er soms heftig aan toe en de douaniers hebben er dan ook hun handen vol aan.","formattedEpisodeNumbering":null,"formattedDate":"Za 3 okt. 2020","formattedDateShort":"Okt. 2020","formattedTime":"19:30","formattedDuration":"22m","formattedAvailabilityWindow":null,"formattedAvailabilityWindowShort":null,"image":{"portraitUrl":null,"landscapeUrl":"https:\/\/images.nlziet.nl\/metadataimportimages\/source\/E9674D05DC1CDED671A21640DFFEFBE72B1C854698E41356D1B5D7CAAB697886.jpg"},"logo":{"normalUrl":"https:\/\/cdn.nlziet.nl\/static\/assets\/contentproviders\/sbs.png","darkUrl":"https:\/\/cdn.nlziet.nl\/static\/assets\/contentproviders\/dark\/sbs.png","flatUrl":"https:\/\/cdn.nlziet.nl\/static\/assets\/contentproviders\/flat\/sbs.png"},"tags":[],"seriesId":"6EBfsFV_3EqMK8x9C1vHew"},{"id":"jDjjyYeym0awvvN-hkXJ8w","type":"Vod","title":"Border Security: Australi\u00eb","subtitle":"Aflevering 142","description":"Veronica - De douane zet drugshonden in om duizenden passagiers te screenen die door de paspoortcontroles gaan en wachten bij de bagageband.","formattedEpisodeNumbering":null,"formattedDate":"Za 3 okt. 2020","formattedDateShort":"Okt. 2020","formattedTime":"19:01","formattedDuration":"20m","formattedAvailabilityWindow":null,"formattedAvailabilityWindowShort":null,"image":{"portraitUrl":null,"landscapeUrl":"https:\/\/images.nlziet.nl\/metadataimportimages\/source\/C807959E00BA33EDDF5EB5AEABE510D60A7FBB84065D2C02DD0112D6416139C2.jpg"},"logo":{"normalUrl":"https:\/\/cdn.nlziet.nl\/static\/assets\/contentproviders\/sbs.png","darkUrl":"https:\/\/cdn.nlziet.nl\/static\/assets\/contentproviders\/dark\/sbs.png","flatUrl":"https:\/\/cdn.nlziet.nl\/static\/assets\/contentproviders\/flat\/sbs.png"},"tags":[],"seriesId":"6EBfsFV_3EqMK8x9C1vHew"}]