[{"id":"GFwPLHaevE-O8llp_d0Zsg","type":"Vod","title":"Nieuwe baasjes","subtitle":"","description":"KRO-NCRV - Isa en haar zusje Jet zijn dol op dieren. Ze hebben thuis al twee katten en een hamster, maar willen dolgraag nog een hond erbij. Tijd voor Edson da Gra\u00e7a om de meiden hierbij te helpen. Hij gaat samen met de dierenexpert voor ze op zoek naar de allerliefste hond.","formattedEpisodeNumbering":"S3:A10","formattedDate":"Vr 23 apr. 2021","formattedDateShort":"Apr. 2021","formattedTime":"18:15","formattedDuration":"12m","formattedAvailabilityWindow":null,"formattedAvailabilityWindowShort":null,"image":{"portraitUrl":null,"landscapeUrl":"https:\/\/images.nlziet.nl\/metadataimportimages\/source\/6E69EC68384936B8DFEC63E5B7BB0845FA99BBDEC535F74F636DED4DA30FC425.jpg"},"logo":{"normalUrl":"https:\/\/cdn.nlziet.nl\/static\/assets\/contentproviders\/npo.png","darkUrl":"https:\/\/cdn.nlziet.nl\/static\/assets\/contentproviders\/dark\/npo.png","flatUrl":"https:\/\/cdn.nlziet.nl\/static\/assets\/contentproviders\/flat\/npo.png"},"tags":[],"seriesId":"5QTTaclExEOGhOjVBnYBRg"},{"id":"gu937_OepE2q-5NvfMngyg","type":"Vod","title":"Nieuwe baasjes","subtitle":"","description":"KRO-NCRV - Tessa en Lieke hadden twee konijnen, maar daar is er helaas al \u00e9\u00e9n van naar de konijnenhemel gegaan. Nu is konijn Snuffie alleen over, en dat vinden ze zielig, dus daarom gaan ze voor Snuffie op zoek naar een speelmaatje. Edson da Gra\u00e7a gaat hier samen met de dierenexpert zijn best voor doen.","formattedEpisodeNumbering":"S3:A9","formattedDate":"Do 22 apr. 2021","formattedDateShort":"Apr. 2021","formattedTime":"18:15","formattedDuration":"12m","formattedAvailabilityWindow":null,"formattedAvailabilityWindowShort":null,"image":{"portraitUrl":null,"landscapeUrl":"https:\/\/images.nlziet.nl\/metadataimportimages\/source\/85C929A2CCD0E81FF05C8163FBD6C953E026790B67834C1C6B94266154CCCD99.jpg"},"logo":{"normalUrl":"https:\/\/cdn.nlziet.nl\/static\/assets\/contentproviders\/npo.png","darkUrl":"https:\/\/cdn.nlziet.nl\/static\/assets\/contentproviders\/dark\/npo.png","flatUrl":"https:\/\/cdn.nlziet.nl\/static\/assets\/contentproviders\/flat\/npo.png"},"tags":[],"seriesId":"5QTTaclExEOGhOjVBnYBRg"},{"id":"Mcpv9yupwkmxg4NTBjeAqQ","type":"Vod","title":"Nieuwe baasjes","subtitle":"","description":"KRO-NCRV - Bij Mees, zijn broertje Melle en hun twee moeders is het thuis een beestenboel: ze hebben katten, kippen en een hond. En daar willen ze nog heel graag twee geitjes bij. Ze schakelen de hulp van Edson da Gra\u00e7a in, die samen met de dierenexpert voor ze op zoek gaat.","formattedEpisodeNumbering":"S3:A8","formattedDate":"Wo 21 apr. 2021","formattedDateShort":"Apr. 2021","formattedTime":"18:15","formattedDuration":"11m","formattedAvailabilityWindow":null,"formattedAvailabilityWindowShort":null,"image":{"portraitUrl":null,"landscapeUrl":"https:\/\/images.nlziet.nl\/metadataimportimages\/source\/E3C1B293D086DC98AACC88DD77A81028606429061BE4C886D2970867520AC9D1.jpg"},"logo":{"normalUrl":"https:\/\/cdn.nlziet.nl\/static\/assets\/contentproviders\/npo.png","darkUrl":"https:\/\/cdn.nlziet.nl\/static\/assets\/contentproviders\/dark\/npo.png","flatUrl":"https:\/\/cdn.nlziet.nl\/static\/assets\/contentproviders\/flat\/npo.png"},"tags":[],"seriesId":"5QTTaclExEOGhOjVBnYBRg"},{"id":"CJEra3Ir6UmbrhfsGg4TdQ","type":"Vod","title":"Nieuwe baasjes","subtitle":"","description":"KRO-NCRV - Pepijn en Cato hebben nog geen huisdieren, maar dromen al jaren van twee lieve kittens. Ze hebben hulp van Edson da Gra\u00e7a gevraagd, en hij gaat samen met de dierenexpert voor ze op zoek in de dierenopvang. Gaat het Edson lukken, en hebben Pepijn en Cato binnenkort twee kleine katjes om mee te spelen en kroelen?","formattedEpisodeNumbering":"S3:A7","formattedDate":"Di 20 apr. 2021","formattedDateShort":"Apr. 2021","formattedTime":"18:15","formattedDuration":"13m","formattedAvailabilityWindow":null,"formattedAvailabilityWindowShort":null,"image":{"portraitUrl":null,"landscapeUrl":"https:\/\/images.nlziet.nl\/metadataimportimages\/source\/B96BBB714431C59947AE4D044B3003FBF434968B78969EAAE09AD4E0F5B66E12.jpg"},"logo":{"normalUrl":"https:\/\/cdn.nlziet.nl\/static\/assets\/contentproviders\/npo.png","darkUrl":"https:\/\/cdn.nlziet.nl\/static\/assets\/contentproviders\/dark\/npo.png","flatUrl":"https:\/\/cdn.nlziet.nl\/static\/assets\/contentproviders\/flat\/npo.png"},"tags":[],"seriesId":"5QTTaclExEOGhOjVBnYBRg"},{"id":"rhVldSSm90yzoz0WnfTq6Q","type":"Vod","title":"Nieuwe baasjes","subtitle":"","description":"KRO-NCRV - Lex en Stan roepen de hulp van Edson Gra\u00e7a in, omdat ze dolgraag een huisdier willen. Eigenlijk weten ze nog niet precies welk huisdier, als het maar lief en aaibaar is. Daar weet Edson wel raad mee. Hij gaat samen met de dierenexpert op zoek.","formattedEpisodeNumbering":"S3:A6","formattedDate":"Ma 19 apr. 2021","formattedDateShort":"Apr. 2021","formattedTime":"18:15","formattedDuration":"12m","formattedAvailabilityWindow":null,"formattedAvailabilityWindowShort":null,"image":{"portraitUrl":null,"landscapeUrl":"https:\/\/images.nlziet.nl\/metadataimportimages\/source\/8B7354034930B871BEA8B37F4242D86AB8DD39321CC1CA8B834306455BD68716.jpg"},"logo":{"normalUrl":"https:\/\/cdn.nlziet.nl\/static\/assets\/contentproviders\/npo.png","darkUrl":"https:\/\/cdn.nlziet.nl\/static\/assets\/contentproviders\/dark\/npo.png","flatUrl":"https:\/\/cdn.nlziet.nl\/static\/assets\/contentproviders\/flat\/npo.png"},"tags":[],"seriesId":"5QTTaclExEOGhOjVBnYBRg"},{"id":"5k7mDshfVEKxlg3lVu4-CQ","type":"Vod","title":"Nieuwe baasjes","subtitle":"","description":"KRO-NCRV - Fardau is negen jaar en woont met haar moeder in Friesland. Ze hebben al katten, konijnen en hamsters, maar willen dolgraag nog een huisdier, namelijk een hond. Lukt het Edson da Gra\u00e7a om een geschikte hond voor Fardau en haar moeder te vinden?","formattedEpisodeNumbering":"S3:A5","formattedDate":"Vr 16 apr. 2021","formattedDateShort":"Apr. 2021","formattedTime":"18:15","formattedDuration":"13m","formattedAvailabilityWindow":null,"formattedAvailabilityWindowShort":null,"image":{"portraitUrl":null,"landscapeUrl":"https:\/\/images.nlziet.nl\/metadataimportimages\/source\/FA1F45C011A5C1BBABFDD5165CF3C997E33D4393AC55FF553DD9810515E5AB5F.jpg"},"logo":{"normalUrl":"https:\/\/cdn.nlziet.nl\/static\/assets\/contentproviders\/npo.png","darkUrl":"https:\/\/cdn.nlziet.nl\/static\/assets\/contentproviders\/dark\/npo.png","flatUrl":"https:\/\/cdn.nlziet.nl\/static\/assets\/contentproviders\/flat\/npo.png"},"tags":[],"seriesId":"5QTTaclExEOGhOjVBnYBRg"},{"id":"_go4K6WNh0asQdJZiqTbFw","type":"Vod","title":"Nieuwe baasjes","subtitle":"","description":"KRO-NCRV - Edson da Gra\u00e7a gaat in Brabant bij Justin en Elynn op visite. Justin wil namelijk al jarenlang een reptiel, en niet zomaar een, maar een echte slang. Maar ja, een slang mag je niet zomaar als huisdier houden, dus Edson da Gra\u00e7a checkt bij de dierenexpert of het wel of geen goede match zou zijn.","formattedEpisodeNumbering":"S3:A4","formattedDate":"Do 15 apr. 2021","formattedDateShort":"Apr. 2021","formattedTime":"18:15","formattedDuration":"12m","formattedAvailabilityWindow":null,"formattedAvailabilityWindowShort":null,"image":{"portraitUrl":null,"landscapeUrl":"https:\/\/images.nlziet.nl\/metadataimportimages\/source\/210C0AADF4B68410B19B5AE2F46A5C2FF5BE63669575D3D76E83453F25090C48.jpg"},"logo":{"normalUrl":"https:\/\/cdn.nlziet.nl\/static\/assets\/contentproviders\/npo.png","darkUrl":"https:\/\/cdn.nlziet.nl\/static\/assets\/contentproviders\/dark\/npo.png","flatUrl":"https:\/\/cdn.nlziet.nl\/static\/assets\/contentproviders\/flat\/npo.png"},"tags":[],"seriesId":"5QTTaclExEOGhOjVBnYBRg"},{"id":"IfdjIvdIBEO3UnpZUGAWaw","type":"Vod","title":"Nieuwe baasjes","subtitle":"","description":"KRO-NCRV - Robertio is een grote dierenvriend en wil samen met zijn broer en moeder dan ook niets liever dan een kat. Ze hebben nog geen huisdier, dus een kat waar ze mee kunnen knuffelen zou een leuke nieuwe huisgenoot voor ze kunnen zijn. Lukt het Edson da Gra\u00e7a om Robertio gelukkig te maken met een kat?","formattedEpisodeNumbering":"S3:A3","formattedDate":"Wo 14 apr. 2021","formattedDateShort":"Apr. 2021","formattedTime":"18:15","formattedDuration":"12m","formattedAvailabilityWindow":null,"formattedAvailabilityWindowShort":null,"image":{"portraitUrl":null,"landscapeUrl":"https:\/\/images.nlziet.nl\/metadataimportimages\/source\/4EA0E48F74FBE23C31F716974FBF82AB1378A73191B55D514F8C2AF73216A5B3.jpg"},"logo":{"normalUrl":"https:\/\/cdn.nlziet.nl\/static\/assets\/contentproviders\/npo.png","darkUrl":"https:\/\/cdn.nlziet.nl\/static\/assets\/contentproviders\/dark\/npo.png","flatUrl":"https:\/\/cdn.nlziet.nl\/static\/assets\/contentproviders\/flat\/npo.png"},"tags":[],"seriesId":"5QTTaclExEOGhOjVBnYBRg"},{"id":"rkk4TDrINkuuEe-qbzM0ng","type":"Vod","title":"Nieuwe baasjes","subtitle":"","description":"KRO-NCRV - Edson da Gra\u00e7a gaat op bezoek bij Juulke, die samen met haar broertje Guus en zusje Dieke een ezel wil. Ze hebben nog nooit een ezel gehad en zeggen dat ze genoeg ruimte hebben voor hun nieuwe huisgenoot. Edson gaat samen met de dierenexpert op onderzoek uit. Wordt het een match en hebben Juulke en haar familie straks twee ezels?","formattedEpisodeNumbering":"S3:A2","formattedDate":"Di 13 apr. 2021","formattedDateShort":"Apr. 2021","formattedTime":"18:15","formattedDuration":"12m","formattedAvailabilityWindow":null,"formattedAvailabilityWindowShort":null,"image":{"portraitUrl":null,"landscapeUrl":"https:\/\/images.nlziet.nl\/metadataimportimages\/source\/E96640C7264854013CB223FC33207D470F99435949425241DB3DA4D866C4EFF2.jpg"},"logo":{"normalUrl":"https:\/\/cdn.nlziet.nl\/static\/assets\/contentproviders\/npo.png","darkUrl":"https:\/\/cdn.nlziet.nl\/static\/assets\/contentproviders\/dark\/npo.png","flatUrl":"https:\/\/cdn.nlziet.nl\/static\/assets\/contentproviders\/flat\/npo.png"},"tags":[],"seriesId":"5QTTaclExEOGhOjVBnYBRg"},{"id":"m5AFB6wU9UGjKB6V43tbaA","type":"Vod","title":"Nieuwe baasjes","subtitle":"","description":"KRO-NCRV - Edson da Gra\u00e7a gaat in Brabant bij Sam langs. Sam wil namelijk dolgraag een hond om mee te spelen, maar de vraag is of het Edson en de dierenexpert lukt om een geschikte hond voor Sam te vinden.","formattedEpisodeNumbering":"S3:A1","formattedDate":"Ma 12 apr. 2021","formattedDateShort":"Apr. 2021","formattedTime":"18:15","formattedDuration":"12m","formattedAvailabilityWindow":null,"formattedAvailabilityWindowShort":null,"image":{"portraitUrl":null,"landscapeUrl":"https:\/\/images.nlziet.nl\/metadataimportimages\/source\/3497B8EC8AD25EB6DBE8E4653264375973F18F74B15A512CBA6DFBD52B2C747E.jpg"},"logo":{"normalUrl":"https:\/\/cdn.nlziet.nl\/static\/assets\/contentproviders\/npo.png","darkUrl":"https:\/\/cdn.nlziet.nl\/static\/assets\/contentproviders\/dark\/npo.png","flatUrl":"https:\/\/cdn.nlziet.nl\/static\/assets\/contentproviders\/flat\/npo.png"},"tags":[],"seriesId":"5QTTaclExEOGhOjVBnYBRg"}]