[{"id":"iROwPKQOpkmCrCvzzFQg4Q","type":"Vod","title":"Below the Surface","subtitle":"","description":"KRO-NCRV - De antiterreureenheid is erin geslaagd om een terroristische aanslag te voorkomen. De overlevende gijzelaars zijn uit hun benarde positie bevrijd. June is echter nog niet klaar met haar zoektocht naar gerechtigheid, en dat zou tot gevolg kunnen hebben dat de internationale politieke verhoudingen op scherp komen te staan. Opnieuw moet N\u00f8rgaard zich van zijn beste kant laten zien.","formattedEpisodeNumbering":"S2:A8","formattedDate":"Za 2 nov. 2019","formattedDateShort":"Nov. 2019","formattedTime":"22:00","formattedDuration":"44m","formattedAvailabilityWindow":null,"formattedAvailabilityWindowShort":null,"image":{"portraitUrl":null,"landscapeUrl":"https:\/\/images.nlziet.nl\/metadataimportimages\/source\/A6989B76229FFA1C85A3C35BD19EF68E875DEACC94EBF3609C19293774DACCDC.jpg"},"logo":{"normalUrl":"https:\/\/cdn.nlziet.nl\/static\/assets\/contentproviders\/npo.png","darkUrl":"https:\/\/cdn.nlziet.nl\/static\/assets\/contentproviders\/dark\/npo.png","flatUrl":"https:\/\/cdn.nlziet.nl\/static\/assets\/contentproviders\/flat\/npo.png"},"tags":[],"seriesId":"5gjygJ6PTUiHIH0TR4xv-Q"},{"id":"x67NNxq-Lk6TVW_Dppufhw","type":"Vod","title":"Below the Surface","subtitle":"","description":"KRO-NCRV - Wanneer SP en Simon eindelijk de telefoon van June op het spoor komen, begint een race tegen de klok om te voorkomen dat de terroristen de compromitterende beelden in handen krijgen. Ondertussen koerst de veerboot af op de kust, en moet N\u00f8rgaard zijn leven riskeren om de gijzelaars te bevrijden en zo te voorkomen dat er nog meer slachtoffers vallen.","formattedEpisodeNumbering":"S2:A7","formattedDate":"Za 2 nov. 2019","formattedDateShort":"Nov. 2019","formattedTime":"22:00","formattedDuration":"44m","formattedAvailabilityWindow":null,"formattedAvailabilityWindowShort":null,"image":{"portraitUrl":null,"landscapeUrl":"https:\/\/images.nlziet.nl\/metadataimportimages\/source\/67EDB605FDA744F2905B9EB05852D3A0B4E67322188A676163D278185A8547A7.jpg"},"logo":{"normalUrl":"https:\/\/cdn.nlziet.nl\/static\/assets\/contentproviders\/npo.png","darkUrl":"https:\/\/cdn.nlziet.nl\/static\/assets\/contentproviders\/dark\/npo.png","flatUrl":"https:\/\/cdn.nlziet.nl\/static\/assets\/contentproviders\/flat\/npo.png"},"tags":[],"seriesId":"5gjygJ6PTUiHIH0TR4xv-Q"},{"id":"Lc5MSMpBjkeUGztNoRAUfg","type":"Vod","title":"Below the Surface","subtitle":"","description":"KRO-NCRV - Een schokkend jihadfilmpje op internet zorgt voor verbijstering en verdriet. A, de leider van de terroristische groepering die June ontvoerd heeft, probeert nog steeds haar telefoon in handen te krijgen. De druk op de Deense antiterreureenheid TTF om een ramp te voorkomen, loopt steeds verder op. De terroristen ruiken hun kans en zetten alles op scherp met nieuwe eisen en voorwaarden.","formattedEpisodeNumbering":"S2:A6","formattedDate":"Do 10 dec. 2020","formattedDateShort":"Dec. 2020","formattedTime":"16:30","formattedDuration":"44m","formattedAvailabilityWindow":null,"formattedAvailabilityWindowShort":null,"image":{"portraitUrl":null,"landscapeUrl":"https:\/\/images.nlziet.nl\/metadataimportimages\/source\/9015CF0264D7C9D81F8F9F36C2B44B8165F7D73CAA9274A7AF4BDB8BD40C8FFF.jpg"},"logo":{"normalUrl":"https:\/\/cdn.nlziet.nl\/static\/assets\/contentproviders\/npo.png","darkUrl":"https:\/\/cdn.nlziet.nl\/static\/assets\/contentproviders\/dark\/npo.png","flatUrl":"https:\/\/cdn.nlziet.nl\/static\/assets\/contentproviders\/flat\/npo.png"},"tags":[],"seriesId":"5gjygJ6PTUiHIH0TR4xv-Q"},{"id":"HhJQmtSJhU-t4srEM0rXVg","type":"Vod","title":"Below the Surface","subtitle":"","description":"KRO-NCRV - Bij een speciale politie-actie om de ontvoerders van June uit te schakelen, vallen er meerdere slachtoffers. De frustratie bij de ontvoerders loopt hoog op, en het leven van June hangt aan een zijden draadje. Als de terroristen belangrijke informatie toegespeeld krijgen over N\u00f8rgaard en zijn rol bij de antiterreureenheid, wordt zijn positie nog benarder.","formattedEpisodeNumbering":"S2:A5","formattedDate":"Do 10 dec. 2020","formattedDateShort":"Dec. 2020","formattedTime":"16:30","formattedDuration":"44m","formattedAvailabilityWindow":null,"formattedAvailabilityWindowShort":null,"image":{"portraitUrl":null,"landscapeUrl":"https:\/\/images.nlziet.nl\/metadataimportimages\/source\/28CA341355D960D8A764F69A227C2AD472A3F1E0B25EC4642251B17E40935299.jpg"},"logo":{"normalUrl":"https:\/\/cdn.nlziet.nl\/static\/assets\/contentproviders\/npo.png","darkUrl":"https:\/\/cdn.nlziet.nl\/static\/assets\/contentproviders\/dark\/npo.png","flatUrl":"https:\/\/cdn.nlziet.nl\/static\/assets\/contentproviders\/flat\/npo.png"},"tags":[],"seriesId":"5gjygJ6PTUiHIH0TR4xv-Q"},{"id":"9UMWaHm220We_Ughb8uvoQ","type":"Vod","title":"Below the Surface","subtitle":"","description":"KRO-NCRV - N\u00f8rgaard lijkt te zijn uitgeschakeld, en de ontvoerders van June hebben de veerboot gekaapt. Ze doen verwoede pogingen om haar telefoon in handen te krijgen. Terwijl de Deense politie probeert om de identiteit en motieven van de ontvoerders te achterhalen, krijgt de antiterreureenheid toestemming van de regering om de ontvoerders uit te schakelen en zo de gijzelaars te bevrijden.","formattedEpisodeNumbering":"S2:A4","formattedDate":"Za 2 nov. 2019","formattedDateShort":"Nov. 2019","formattedTime":"23:00","formattedDuration":"44m","formattedAvailabilityWindow":null,"formattedAvailabilityWindowShort":null,"image":{"portraitUrl":null,"landscapeUrl":"https:\/\/images.nlziet.nl\/metadataimportimages\/source\/E94D1DC72E65A97EA9DABD6DC35A2584CBA3FED28758C005CB9DE723AA203169.jpg"},"logo":{"normalUrl":"https:\/\/cdn.nlziet.nl\/static\/assets\/contentproviders\/npo.png","darkUrl":"https:\/\/cdn.nlziet.nl\/static\/assets\/contentproviders\/dark\/npo.png","flatUrl":"https:\/\/cdn.nlziet.nl\/static\/assets\/contentproviders\/flat\/npo.png"},"tags":[],"seriesId":"5gjygJ6PTUiHIH0TR4xv-Q"},{"id":"4UJAtrTUx0qz3HWKegjRBA","type":"Vod","title":"Below the Surface","subtitle":"","description":"KRO-NCRV - Er lijkt een terroristische moslimorganisatie achter de ontvoering van June te zitten, waarop de Deense antiterreureenheid TTF wordt ingeschakeld. Philip N\u00f8rgaard bevindt zich aan boord van de Zweedse veerboot, waar June aan haar ontvoerders is ontsnapt. Ze schuwen geen enkel middel om haar te vinden, en N\u00f8rgaard beseft dat het lot van June, de passagiers en de bemanning in zijn handen ligt.","formattedEpisodeNumbering":"S2:A3","formattedDate":"Do 10 dec. 2020","formattedDateShort":"Dec. 2020","formattedTime":"16:30","formattedDuration":"43m","formattedAvailabilityWindow":null,"formattedAvailabilityWindowShort":null,"image":{"portraitUrl":null,"landscapeUrl":"https:\/\/images.nlziet.nl\/metadataimportimages\/source\/E1668A8F3317A15D9AAC0B39BD4BA527687104C8AC8C3C8724889F45EEAEC1D4.jpg"},"logo":{"normalUrl":"https:\/\/cdn.nlziet.nl\/static\/assets\/contentproviders\/npo.png","darkUrl":"https:\/\/cdn.nlziet.nl\/static\/assets\/contentproviders\/dark\/npo.png","flatUrl":"https:\/\/cdn.nlziet.nl\/static\/assets\/contentproviders\/flat\/npo.png"},"tags":[],"seriesId":"5gjygJ6PTUiHIH0TR4xv-Q"},{"id":"WzefaaMYrU6VVKAUTCoBxA","type":"Vod","title":"Below the Surface","subtitle":"","description":"KRO-NCRV - Kort nadat de jonge Syri\u00eb-strijdster June belangrijke informatie weet door te spelen aan Philip N\u00f8rgaard, verdwijnt ze spoorloos. N\u00f8rgaards zoektocht naar June voert hem naar een veerboot die op weg is naar Zweden. Aan boord zint June op een mogelijkheid om te ontsnappen aan haar ontvoerders, maar dat kan levensgevaarlijke gevolgen hebben voor de passagiers en bemanning.","formattedEpisodeNumbering":"S2:A2","formattedDate":"Do 10 dec. 2020","formattedDateShort":"Dec. 2020","formattedTime":"16:30","formattedDuration":"43m","formattedAvailabilityWindow":null,"formattedAvailabilityWindowShort":null,"image":{"portraitUrl":null,"landscapeUrl":"https:\/\/images.nlziet.nl\/metadataimportimages\/source\/EE1F06AE22A05C1AE39E2E9E0D05BEF6CC28C54C342F14401BC2127EA2042FF9.jpg"},"logo":{"normalUrl":"https:\/\/cdn.nlziet.nl\/static\/assets\/contentproviders\/npo.png","darkUrl":"https:\/\/cdn.nlziet.nl\/static\/assets\/contentproviders\/dark\/npo.png","flatUrl":"https:\/\/cdn.nlziet.nl\/static\/assets\/contentproviders\/flat\/npo.png"},"tags":[],"seriesId":"5gjygJ6PTUiHIH0TR4xv-Q"},{"id":"1gQkbBmOC02jI4QN_y7tPg","type":"Vod","title":"Below the Surface","subtitle":"","description":"KRO-NCRV - Philip N\u00f8rgaard heeft zijn werk voor de antiterreureenheid op een laag pitje gezet. Als een jonge Syri\u00eb-strijdster na haar terugkeer in Denemarken belangrijke informatie aan hem doorspeelt, kan hij niet anders dan op onderzoek uitgaan. Al snel blijkt dat het leven van vele Deense burgers op het spel staat en begint er een klopjacht op een terroristische groepering.","formattedEpisodeNumbering":"S2:A1","formattedDate":"Do 10 dec. 2020","formattedDateShort":"Dec. 2020","formattedTime":"16:30","formattedDuration":"44m","formattedAvailabilityWindow":null,"formattedAvailabilityWindowShort":null,"image":{"portraitUrl":null,"landscapeUrl":"https:\/\/images.nlziet.nl\/metadataimportimages\/source\/7A9A240129258EB5A309A8EA12762631E4BA11A2AE86B8B5DDEBD53389B049D9.jpg"},"logo":{"normalUrl":"https:\/\/cdn.nlziet.nl\/static\/assets\/contentproviders\/npo.png","darkUrl":"https:\/\/cdn.nlziet.nl\/static\/assets\/contentproviders\/dark\/npo.png","flatUrl":"https:\/\/cdn.nlziet.nl\/static\/assets\/contentproviders\/flat\/npo.png"},"tags":[],"seriesId":"5gjygJ6PTUiHIH0TR4xv-Q"}]