[{"id":"CR8J-kZ3MEaFX2DgowUNxg","type":"Vod","title":"Binnen In De Fabriek","subtitle":"Afl. 4","description":"RTLZ - Een kijkje achter de schermen bij een aantal van de grootste fabrieken in Groot-Brittanni\u00eb. Wat komt er allemaal kijken bij het maken van het perfecte eindproduct?","formattedEpisodeNumbering":"S1:A4","formattedDate":"Do 21 jul.","formattedDateShort":"Do 21 jul.","formattedTime":"21:30","formattedDuration":"43m","formattedAvailabilityWindow":null,"formattedAvailabilityWindowShort":null,"image":{"portraitUrl":null,"landscapeUrl":"https:\/\/images.nlziet.nl\/metadataimportimages\/source\/F9ED3E6EB0DECEA187D66EE5CD1247995BD48C2DB53B692DF3BC2253857463E5.jpg"},"logo":{"normalUrl":"https:\/\/cdn.nlziet.nl\/static\/assets\/contentproviders\/rtl.png","darkUrl":"https:\/\/cdn.nlziet.nl\/static\/assets\/contentproviders\/dark\/rtl.png","flatUrl":"https:\/\/cdn.nlziet.nl\/static\/assets\/contentproviders\/flat\/rtl.png"},"tags":[],"seriesId":"4rS9uDyRl0CGiBvBEXqt6w"},{"id":"As5gn8I3qEeSWSc4VXV0RA","type":"Vod","title":"Binnen In De Fabriek","subtitle":"Afl. 3","description":"RTLZ - Een kijkje achter de schermen bij een aantal van de grootste fabrieken in Groot-Brittanni\u00eb. Wat komt er allemaal kijken bij het maken van het perfecte eindproduct?","formattedEpisodeNumbering":"S1:A3","formattedDate":"Do 21 jul.","formattedDateShort":"Do 21 jul.","formattedTime":"20:30","formattedDuration":"44m","formattedAvailabilityWindow":null,"formattedAvailabilityWindowShort":null,"image":{"portraitUrl":null,"landscapeUrl":"https:\/\/images.nlziet.nl\/metadataimportimages\/source\/6DF848EEF8C9BE74423319F0FD0CF4DA969137F8B2688BCF3175124D4D8B3D06.jpg"},"logo":{"normalUrl":"https:\/\/cdn.nlziet.nl\/static\/assets\/contentproviders\/rtl.png","darkUrl":"https:\/\/cdn.nlziet.nl\/static\/assets\/contentproviders\/dark\/rtl.png","flatUrl":"https:\/\/cdn.nlziet.nl\/static\/assets\/contentproviders\/flat\/rtl.png"},"tags":[],"seriesId":"4rS9uDyRl0CGiBvBEXqt6w"},{"id":"4VPTUz9bEkKpIlVvlAIr5g","type":"Vod","title":"Binnen In De Fabriek","subtitle":"Afl. 2","description":"RTLZ - Een kijkje achter de schermen bij een aantal van de grootste fabrieken in Groot-Brittanni\u00eb. Wat komt er allemaal kijken bij het maken van het perfecte eindproduct?","formattedEpisodeNumbering":"S1:A2","formattedDate":"Do 14 jul.","formattedDateShort":"Do 14 jul.","formattedTime":"22:25","formattedDuration":"44m","formattedAvailabilityWindow":null,"formattedAvailabilityWindowShort":null,"image":{"portraitUrl":null,"landscapeUrl":"https:\/\/images.nlziet.nl\/metadataimportimages\/source\/8414FC8B95BF181534DC1E0A0319EDF0B80C7FBE164E84A7F0B0B449E9F2D65A.jpg"},"logo":{"normalUrl":"https:\/\/cdn.nlziet.nl\/static\/assets\/contentproviders\/rtl.png","darkUrl":"https:\/\/cdn.nlziet.nl\/static\/assets\/contentproviders\/dark\/rtl.png","flatUrl":"https:\/\/cdn.nlziet.nl\/static\/assets\/contentproviders\/flat\/rtl.png"},"tags":[],"seriesId":"4rS9uDyRl0CGiBvBEXqt6w"},{"id":"MRu-T3Cs-EyE46aBcH68_g","type":"Vod","title":"Binnen In De Fabriek","subtitle":"Afl. 1","description":"RTLZ - Een kijkje achter de schermen bij een aantal van de grootste fabrieken in Groot-Brittanni\u00eb. Wat komt er allemaal kijken bij het maken van het perfecte eindproduct?","formattedEpisodeNumbering":"S1:A1","formattedDate":"Do 14 jul.","formattedDateShort":"Do 14 jul.","formattedTime":"21:25","formattedDuration":"43m","formattedAvailabilityWindow":null,"formattedAvailabilityWindowShort":null,"image":{"portraitUrl":null,"landscapeUrl":"https:\/\/images.nlziet.nl\/metadataimportimages\/source\/B9A79386D6DE7A22BAA014A0C8C8139078D784BC90698841671C828E8FEDCEB5.jpg"},"logo":{"normalUrl":"https:\/\/cdn.nlziet.nl\/static\/assets\/contentproviders\/rtl.png","darkUrl":"https:\/\/cdn.nlziet.nl\/static\/assets\/contentproviders\/dark\/rtl.png","flatUrl":"https:\/\/cdn.nlziet.nl\/static\/assets\/contentproviders\/flat\/rtl.png"},"tags":[],"seriesId":"4rS9uDyRl0CGiBvBEXqt6w"}]