[{"id":"seOBZduXgUyXP78gLEjkLA","type":"Vod","title":"Zappsport","subtitle":"Kantine - Gaslek","description":"AVROTROS - Femke (8) doet aan boulderen en durft eenmaal boven niet naar beneden te springen. Pleun Frank is Nederlands kampioen boulderen, d\u00e9 vrouw die Femke daarbij kan helpen. FC Twente gaat dit keer latjetrappen. Lukt het ze de lat flink te raken in een vol stadion? En in de kantine lopen een aantal mannen in vreemde pakken rond.","formattedEpisodeNumbering":null,"formattedDate":"Wo 12 jan.","formattedDateShort":"Wo 12 jan.","formattedTime":"17:00","formattedDuration":"17m","formattedAvailabilityWindow":null,"formattedAvailabilityWindowShort":null,"image":{"portraitUrl":null,"landscapeUrl":"https:\/\/images.nlziet.nl\/metadataimportimages\/source\/9AF8FC82D141EAD01C0BF551BAC8541CAC3DDC49C3477044C8EF5AEBBE123B2E.jpg"},"logo":{"normalUrl":"https:\/\/cdn.nlziet.nl\/static\/assets\/contentproviders\/npo.png","darkUrl":"https:\/\/cdn.nlziet.nl\/static\/assets\/contentproviders\/dark\/npo.png","flatUrl":"https:\/\/cdn.nlziet.nl\/static\/assets\/contentproviders\/flat\/npo.png"},"tags":[],"seriesId":"7QrOqPrilEGeM3pgWB1w1A"}]