[{"id":"54MIu7ydSEWU3cyvHuwqYQ","type":"Vod","title":"Het Instituut","subtitle":"Zijn wij nog steeds kuddedieren?","description":"NTR, BNNVARA - Groepsgedrag. Krijg je een groep mensen zover dat ze vrijwillig hele nare teksten meezingen? Wat is de beste manier om samen te brainstormen? En hoe klop je mensen het meeste geld uit hun zak?","formattedEpisodeNumbering":null,"formattedDate":"Do 14 dec. 2017","formattedDateShort":"Dec. 2017","formattedTime":"21:35","formattedDuration":"39m","formattedAvailabilityWindow":null,"formattedAvailabilityWindowShort":null,"image":{"portraitUrl":null,"landscapeUrl":"https:\/\/images.nlziet.nl\/metadataimportimages\/source\/2BBF6FCCF6E8C06DB6E582580D51A40F8C26512704CFA033220A62A23120F470.jpg"},"logo":{"normalUrl":"https:\/\/cdn.nlziet.nl\/static\/assets\/contentproviders\/npo.png","darkUrl":"https:\/\/cdn.nlziet.nl\/static\/assets\/contentproviders\/dark\/npo.png","flatUrl":"https:\/\/cdn.nlziet.nl\/static\/assets\/contentproviders\/flat\/npo.png"},"tags":[],"seriesId":"4TjDOILMrE-zasJhbXnusA"},{"id":"bxfADV9yk0SL6Be-kTjl_w","type":"Vod","title":"Het Instituut","subtitle":"Zijn mooie mensen beter dan lelijke?","description":"NTR, BNNVARA - Zijn mooie mensen ook beter in andere dingen? Of zijn lelijke mensen juist beter omdat die altijd veel harder hun best moeten doen? En wat is de beste plek voor een eerste date: in de kroeg of op een hangbrug?","formattedEpisodeNumbering":null,"formattedDate":"Do 30 nov. 2017","formattedDateShort":"Nov. 2017","formattedTime":"21:35","formattedDuration":"41m","formattedAvailabilityWindow":null,"formattedAvailabilityWindowShort":null,"image":{"portraitUrl":null,"landscapeUrl":"https:\/\/images.nlziet.nl\/metadataimportimages\/source\/90EF18BFC69BB94FB84C0254FD6B8B83E6DAAD89A3E54E601DDB244F3C262E33.jpg"},"logo":{"normalUrl":"https:\/\/cdn.nlziet.nl\/static\/assets\/contentproviders\/npo.png","darkUrl":"https:\/\/cdn.nlziet.nl\/static\/assets\/contentproviders\/dark\/npo.png","flatUrl":"https:\/\/cdn.nlziet.nl\/static\/assets\/contentproviders\/flat\/npo.png"},"tags":[],"seriesId":"4TjDOILMrE-zasJhbXnusA"},{"id":"bpXpuuZ8Y0eGmkM0pJf-aQ","type":"Vod","title":"Het Instituut","subtitle":"Kunnen we de wereld redden met muziek?","description":"NTR, BNNVARA - Worden we minder bang voor terroristen als we samen zingen? Na welke muziek vertrouw je een messenwerper? En wat is eigenlijk de snelste manier om je oortje te ontwarren?","formattedEpisodeNumbering":null,"formattedDate":"Do 23 nov. 2017","formattedDateShort":"Nov. 2017","formattedTime":"21:35","formattedDuration":"39m","formattedAvailabilityWindow":null,"formattedAvailabilityWindowShort":null,"image":{"portraitUrl":null,"landscapeUrl":"https:\/\/images.nlziet.nl\/metadataimportimages\/source\/436E2BA80A349F3C5916B11A80D042F0D59A611712D2EC62F906D00A51AA4880.jpg"},"logo":{"normalUrl":"https:\/\/cdn.nlziet.nl\/static\/assets\/contentproviders\/npo.png","darkUrl":"https:\/\/cdn.nlziet.nl\/static\/assets\/contentproviders\/dark\/npo.png","flatUrl":"https:\/\/cdn.nlziet.nl\/static\/assets\/contentproviders\/flat\/npo.png"},"tags":[],"seriesId":"4TjDOILMrE-zasJhbXnusA"},{"id":"PxV2RfRj9kimGMQykNk89Q","type":"Vod","title":"Het Instituut","subtitle":"Hoe maak je van een dubbeltje een kwartje?","description":"NTR, BNNVARA - Als je voor een dubbeltje geboren bent, hoe kun je dan een kwartje worden? Heeft toejuichen zin als je hard moet fietsen? Ga je slechter darten als je wordt uitgescholden? En wat is eigenlijk het Henkjan-Smits-effect?","formattedEpisodeNumbering":null,"formattedDate":"Do 16 nov. 2017","formattedDateShort":"Nov. 2017","formattedTime":"21:30","formattedDuration":"40m","formattedAvailabilityWindow":null,"formattedAvailabilityWindowShort":null,"image":{"portraitUrl":null,"landscapeUrl":"https:\/\/images.nlziet.nl\/metadataimportimages\/source\/3E24EA63ED6A7BDBE727B4137C2078EA2812FDB87042508C4DBDBAD903B0FE2D.jpg"},"logo":{"normalUrl":"https:\/\/cdn.nlziet.nl\/static\/assets\/contentproviders\/npo.png","darkUrl":"https:\/\/cdn.nlziet.nl\/static\/assets\/contentproviders\/dark\/npo.png","flatUrl":"https:\/\/cdn.nlziet.nl\/static\/assets\/contentproviders\/flat\/npo.png"},"tags":[],"seriesId":"4TjDOILMrE-zasJhbXnusA"},{"id":"ySV0TC_JO0etZBwhdUjjVQ","type":"Vod","title":"Het Instituut","subtitle":"Zijn vrouwen al beter dan mannen?","description":"NTR, BNNVARA - Zijn vrouwen in onze maatschappij de mannen niet allang gepasseerd? Rob en Joep testen beide geslachten op effici\u00ebntie, werkgeheugen, opmerkzaamheid, stiptheid en sociaal gevoel. En wie vangt eigenlijk het best een baby?","formattedEpisodeNumbering":null,"formattedDate":"Do 9 nov. 2017","formattedDateShort":"Nov. 2017","formattedTime":"21:35","formattedDuration":"39m","formattedAvailabilityWindow":null,"formattedAvailabilityWindowShort":null,"image":{"portraitUrl":null,"landscapeUrl":"https:\/\/images.nlziet.nl\/metadataimportimages\/source\/3DC2212DCB5E8FCDED69521C8D239A2676BA2FDFF95FE848A465DBDC039B070E.jpg"},"logo":{"normalUrl":"https:\/\/cdn.nlziet.nl\/static\/assets\/contentproviders\/npo.png","darkUrl":"https:\/\/cdn.nlziet.nl\/static\/assets\/contentproviders\/dark\/npo.png","flatUrl":"https:\/\/cdn.nlziet.nl\/static\/assets\/contentproviders\/flat\/npo.png"},"tags":[],"seriesId":"4TjDOILMrE-zasJhbXnusA"},{"id":"p7ikfyrrXk2peSeuC_nWwA","type":"Vod","title":"Het Instituut","subtitle":"Heeft het zin om iemand te martelen?","description":"NTR, BNNVARA - Deze aflevering: wat is de ultieme leugendetector? Is martelen wel zinvol als je de waarheid wilt achterhalen? En wat is eigenlijk De Slettentest?","formattedEpisodeNumbering":null,"formattedDate":"Do 2 nov. 2017","formattedDateShort":"Nov. 2017","formattedTime":"21:30","formattedDuration":"40m","formattedAvailabilityWindow":null,"formattedAvailabilityWindowShort":null,"image":{"portraitUrl":null,"landscapeUrl":"https:\/\/images.nlziet.nl\/metadataimportimages\/source\/B1ECE51BA46D0E5093852701B303D051B4EA93727D791D9A4B9109256D6A4923.jpg"},"logo":{"normalUrl":"https:\/\/cdn.nlziet.nl\/static\/assets\/contentproviders\/npo.png","darkUrl":"https:\/\/cdn.nlziet.nl\/static\/assets\/contentproviders\/dark\/npo.png","flatUrl":"https:\/\/cdn.nlziet.nl\/static\/assets\/contentproviders\/flat\/npo.png"},"tags":[],"seriesId":"4TjDOILMrE-zasJhbXnusA"}]