[{"id":"3b4sTTrJvE2__5fmQKaShA","type":"Vod","title":"Heidi","subtitle":"De edelweiss","description":"AVROTROS - De sfeer tussen Dete en grootvader blijft gespannen. Als Sebastian onder een lawine bedolven raakt en grootvader hem redt, groeien ze eindelijk naar elkaar toe.","formattedEpisodeNumbering":null,"formattedDate":"Vr 24 jul. 2015","formattedDateShort":"Jul. 2015","formattedTime":"07:49","formattedDuration":"21m","formattedAvailabilityWindow":"Nog 3 dagen beschikbaar","formattedAvailabilityWindowShort":"Nog 3 d. beschikbaar","image":{"portraitUrl":null,"landscapeUrl":"https:\/\/images.nlziet.nl\/metadataimportimages\/source\/3493A05A93343890F8ED646CA634C6A9333DF0C8058D29567B75E81B4FFAB1AF.jpg"},"logo":{"normalUrl":"https:\/\/cdn.nlziet.nl\/static\/assets\/contentproviders\/npo.png","darkUrl":"https:\/\/cdn.nlziet.nl\/static\/assets\/contentproviders\/dark\/npo.png","flatUrl":"https:\/\/cdn.nlziet.nl\/static\/assets\/contentproviders\/flat\/npo.png"},"tags":[],"seriesId":"8NR_GQDFb0CoXfz_78JLNQ"},{"id":"8CaEDZ_hPEavXs0J6OZ4jQ","type":"Vod","title":"Heidi","subtitle":"Vergiffenis","description":"AVROTROS - Het vijfjarige weesmeisje Heidi wordt door haar tante naar de Zwitserse Alpen gebracht om bij haar opa te wonen. Heidi groeit op in de natuur. Omringd door haar vrienden Peter en Clara ontdekt ze de schoonheid van de Alpen en later van Frankfurt. Ze leert wat vriendschap, vertrouwen en gulheid zijn.","formattedEpisodeNumbering":null,"formattedDate":"Do 23 jul. 2015","formattedDateShort":"Jul. 2015","formattedTime":"07:51","formattedDuration":"21m","formattedAvailabilityWindow":"Vandaag nog beschikbaar","formattedAvailabilityWindowShort":"Nog 1 d. beschikbaar","image":{"portraitUrl":null,"landscapeUrl":"https:\/\/images.nlziet.nl\/metadataimportimages\/source\/5E72AFD4C69A970E89C1008B041359CFA348B06A2237F6C10810F8BB8456EA0F.jpg"},"logo":{"normalUrl":"https:\/\/cdn.nlziet.nl\/static\/assets\/contentproviders\/npo.png","darkUrl":"https:\/\/cdn.nlziet.nl\/static\/assets\/contentproviders\/dark\/npo.png","flatUrl":"https:\/\/cdn.nlziet.nl\/static\/assets\/contentproviders\/flat\/npo.png"},"tags":[],"seriesId":"8NR_GQDFb0CoXfz_78JLNQ"}]