[{"id":"Cf0LYlX_Qk-5BOTheP02fg","type":"Vod","title":"Hart in aktie","subtitle":"Aflevering 7","description":"SBS6 - Jennie heeft Wendy van Dijks hulp ingeroepen voor haar nicht Diana. Diana staat voor iedereen klaar, maar tijd voor zichzelf neemt ze niet en dat is goed te zien aan haar slaapkamer: Er is geen vloerbedekking, de muren zijn niet geverfd en ze heeft een oud bed. Wendy komt op een creatieve manier achter de wensen van Diana en maakt ze dezelfde dag nog waar. Ook Tons grote droom komt uit. Ton heeft een hersentumor gehad en heeft een spraakachterstand. Toch staat dit zijn grote hobby niet in de weg: tuinieren. Hij is vrijwilliger bij een zorgvilla. Zijn collega's van de zorgvilla hebben Wendy gevraagd om Tons grote wens uit te laten komen: Het gras in het AZ-voetbalstadion maaien. Het wordt een onvergetelijke dag voor Ton. De 92-jarige Gerard van Wezel heeft vele prachtige kunstwerken gemaakt van zijn geliefde stad Dordrecht, maar zijn droom om deze werken te exposeren is nooit uitgekomen. Wendy regelt samen met zijn dochters Hedwig en Ilse een waardige expositie van de kunstwerken.","formattedEpisodeNumbering":null,"formattedDate":"Wo 3 mrt. 2021","formattedDateShort":"Mrt. 2021","formattedTime":"21:29","formattedDuration":"42m","formattedAvailabilityWindow":null,"formattedAvailabilityWindowShort":null,"image":{"portraitUrl":null,"landscapeUrl":"https:\/\/images.nlziet.nl\/metadataimportimages\/source\/272702979D0DB68F084DC19F3E68D3EBEBCA26AEDE080851CD53179FB5ACE43B.jpg"},"logo":{"normalUrl":"https:\/\/cdn.nlziet.nl\/static\/assets\/contentproviders\/sbs.png","darkUrl":"https:\/\/cdn.nlziet.nl\/static\/assets\/contentproviders\/dark\/sbs.png","flatUrl":"https:\/\/cdn.nlziet.nl\/static\/assets\/contentproviders\/flat\/sbs.png"},"tags":[],"seriesId":"4nNZEJ5-QUOe4WViFcg82A"},{"id":"nXC4b7BXsECeGRClRjZgEg","type":"Vod","title":"Hart in aktie","subtitle":"Aflevering 6","description":"SBS6 - Wendy verrast de 48-jarige Judith. Ze is halfzijdig verlamd geraakt nadat ze twee TIA's kreeg. Hierdoor zit Judith in een rolstoel, maar dat weerhoudt haar niet om bezig te zijn met haar grootste hobby: Het bakken van taarten. Vanwege haar verlamming en een kapotte oven is dat niet altijd makkelijk. Terwijl Judith met haar dochter een bakworkshop van Rudolph van Veen krijgt, regelt Wendy een nieuwe oven en bakspullen voor Judith. Maaike heeft terminale kanker en heeft niet lang meer te leven. Wendy regelt een Shire-paard en mooie locatie om de wens van Maaike uit te laten komen: Een fotoshoot met haar man Wim, haar eigen paard en een Shire. Toos maakt met de opbrengsten van haar haakwerken steunpakketten voor arme ouderen. Aangezien ze dit jaar geen haakwerken heeft kunnen verkopen, kan ze waarschijnlijk minder steunpakketten vullen. Wendy schiet te hulp en zorgt ervoor dat Toos haar haakwerken mag verkopen en dat ze ook dit jaar weer veel mensen blij kan maken met haar steunpakketten.","formattedEpisodeNumbering":null,"formattedDate":"Wo 10 feb. 2021","formattedDateShort":"Feb. 2021","formattedTime":"21:30","formattedDuration":"40m","formattedAvailabilityWindow":null,"formattedAvailabilityWindowShort":null,"image":{"portraitUrl":null,"landscapeUrl":"https:\/\/images.nlziet.nl\/metadataimportimages\/source\/057C51B0E036A7F6F6B6F1665B90510BFA7BEE0E425D06EC45EADB06CF3ADD2C.jpg"},"logo":{"normalUrl":"https:\/\/cdn.nlziet.nl\/static\/assets\/contentproviders\/sbs.png","darkUrl":"https:\/\/cdn.nlziet.nl\/static\/assets\/contentproviders\/dark\/sbs.png","flatUrl":"https:\/\/cdn.nlziet.nl\/static\/assets\/contentproviders\/flat\/sbs.png"},"tags":[],"seriesId":"4nNZEJ5-QUOe4WViFcg82A"},{"id":"ovgkmdNhkE6HIuG5UJs4_Q","type":"Vod","title":"Hart in Aktie","subtitle":"Aflevering 5","description":"SBS6 - Jennie heeft Wendy van Dijks hulp ingeroepen voor haar nicht Diana. Diana staat voor iedereen klaar, maar tijd voor zichzelf neemt ze niet en dat is goed te zien aan haar slaapkamer: Er is geen vloerbedekking, de muren zijn niet geverfd en ze heeft een oud bed. Wendy komt op een creatieve manier achter de wensen van Diana en maakt ze dezelfde dag nog waar. Ook Tons grote droom komt uit. Ton heeft een hersentumor gehad en heeft een spraakachterstand. Toch staat dit zijn grote hobby niet in de weg: tuinieren. Hij is vrijwilliger bij een zorgvilla. Zijn collega's van de zorgvilla hebben Wendy gevraagd om Tons grote wens uit te laten komen: Het gras in het AZ-voetbalstadion maaien. Het wordt een onvergetelijke dag voor Ton. De 92-jarige Gerard van Wezel heeft vele prachtige kunstwerken gemaakt van zijn geliefde stad Dordrecht, maar zijn droom om deze werken te exposeren is nooit uitgekomen. Wendy regelt samen met zijn dochters Hedwig en Ilse een waardige expositie van de kunstwerken.","formattedEpisodeNumbering":null,"formattedDate":"Wo 3 feb. 2021","formattedDateShort":"Feb. 2021","formattedTime":"21:29","formattedDuration":"40m","formattedAvailabilityWindow":null,"formattedAvailabilityWindowShort":null,"image":{"portraitUrl":null,"landscapeUrl":"https:\/\/images.nlziet.nl\/metadataimportimages\/source\/A4C1D887B2C26B0A5272F5C202E5DCAF9263DEB5FFB334BB91FC31C54252B8CE.jpg"},"logo":{"normalUrl":"https:\/\/cdn.nlziet.nl\/static\/assets\/contentproviders\/sbs.png","darkUrl":"https:\/\/cdn.nlziet.nl\/static\/assets\/contentproviders\/dark\/sbs.png","flatUrl":"https:\/\/cdn.nlziet.nl\/static\/assets\/contentproviders\/flat\/sbs.png"},"tags":[],"seriesId":"4nNZEJ5-QUOe4WViFcg82A"},{"id":"2G1VpQfWOEyeWHQ4mnC-HQ","type":"Vod","title":"Hart in Aktie","subtitle":"Aflevering 4","description":"SBS6 - Wendy van Dijk verrast Janita en Meine. Het stel, dat al achttien jaar getrouwd is, heeft vijf zware jaren achter de rug, omdat Janita in deze periode meerdere keren kanker heeft gehad. Ondanks alles blijft de liefde tussen Janita en Meine erg sterk. Janita's zus Gerlinda heeft Wendy's hulp ingeschakeld om Janita's grote wens in vervulling te laten gaan: trouwjurken passen met haar drie dochters. Maar daar laat Wendy het niet bij. Janita en Meine krijgen een onvergetelijke dag die volledig in het teken staat van hun liefde voor elkaar. Twee vrouwen die ook zeker Wendy's hulp verdienen, zijn de Friezinnen Ytsje en Baukje. Zij runnen een logeerhuis voor kinderen met een verstandelijke beperking of een gedragsstoornis, waar ze dag en nacht voor klaarstaan. In de tuin van het logeerhuis staan verouderde speeltoestellen die wel een upgrade kunnen gebruiken. Terwijl de vrouwen een ontspannende dag krijgen, wordt de tuin omgetoverd tot een fijne speelplaats voor de kinderen.","formattedEpisodeNumbering":null,"formattedDate":"Wo 27 jan. 2021","formattedDateShort":"Jan. 2021","formattedTime":"21:27","formattedDuration":"40m","formattedAvailabilityWindow":null,"formattedAvailabilityWindowShort":null,"image":{"portraitUrl":null,"landscapeUrl":"https:\/\/images.nlziet.nl\/metadataimportimages\/source\/7705FD485156F0B70BF5C682FF7B8C49279EE4747AC447B2812CE5F5CB3F6E77.jpg"},"logo":{"normalUrl":"https:\/\/cdn.nlziet.nl\/static\/assets\/contentproviders\/sbs.png","darkUrl":"https:\/\/cdn.nlziet.nl\/static\/assets\/contentproviders\/dark\/sbs.png","flatUrl":"https:\/\/cdn.nlziet.nl\/static\/assets\/contentproviders\/flat\/sbs.png"},"tags":[],"seriesId":"4nNZEJ5-QUOe4WViFcg82A"},{"id":"FmUz630RakSo7KI8LIse1g","type":"Vod","title":"Hart in Aktie","subtitle":"Aflevering 3","description":"SBS6 - Wendy van Dijk gaat langs bij Lucas. Een 19-jarige jongen die Wendy wel een heel bijzondere brief stuurde voor zijn jongere, autistische broertje Mathijs. Naast zijn autisme leidt hij ook aan depressiviteit en is sporten bij de dagbesteding zijn uitlaatklep. Maar de sportruimte is verouderd, dus Wendy wordt ingeschakeld. Ze gaat keihard aan de slag met het team om de sportruimte op te knappen. De acht kanjers van het restaurant Brownies&downieS kunnen wel een onvergetelijke dag gebruiken. Ze hebben allemaal een verstandelijke beperking en keken erg uit naar de viering van het vijfjarige jubileum van het restaurant. Door corona kon dat helaas niet doorgaan. Daarom vond Marja, de kok van het restaurant, het een goed moment om de hulp van Wendy in te roepen. Ook Sonja kan door haar goede werk voor anderen wel een steuntje in de rug gebruiken. Terwijl zij aan het koken is voor mensen die het financieel niet breed hebben, gebeuren er allerlei dingen die zij totaal niet had verwacht.","formattedEpisodeNumbering":null,"formattedDate":"Wo 20 jan. 2021","formattedDateShort":"Jan. 2021","formattedTime":"21:31","formattedDuration":"40m","formattedAvailabilityWindow":null,"formattedAvailabilityWindowShort":null,"image":{"portraitUrl":null,"landscapeUrl":"https:\/\/images.nlziet.nl\/metadataimportimages\/source\/F6152EB3517EBC6331EFF90E77B8A622F1AC6F1AB9CE62E949974301FDE715BD.jpg"},"logo":{"normalUrl":"https:\/\/cdn.nlziet.nl\/static\/assets\/contentproviders\/sbs.png","darkUrl":"https:\/\/cdn.nlziet.nl\/static\/assets\/contentproviders\/dark\/sbs.png","flatUrl":"https:\/\/cdn.nlziet.nl\/static\/assets\/contentproviders\/flat\/sbs.png"},"tags":[],"seriesId":"4nNZEJ5-QUOe4WViFcg82A"},{"id":"KslQHmnDXkm0DwLQnhzLIA","type":"Vod","title":"Hart in Aktie","subtitle":"Aflevering 2","description":"SBS6 - Wendy ontmoet Sjon, een 44-jarige man die altijd met veel liefde als vrachtwagenchauffeur aan het werk was. Tot het noodlot in 2003 toesloeg en hij een hartstilstand kreeg waardoor hij niet meer in grote vrachtwagens kon rijden. Iets wat Sjon nog elke dag mist. Voor zijn moeder een goede reden om Wendy te schrijven. Jaydee is een bijzonder 10-jarig meisje die door haar zieke broer niet de aandacht krijgt die ze verdient. Jaydee is gek op zingen en misschien nog wel gekker op Ronnie Flex. Voor Wendy een \u00e9\u00e9n-tweetje en ze weet Jaydee een dag te bezorgen die zij niet snel zal vergeten. Esther is thuiszorgmedewerker en ze heeft Rachel elf jaar lang verzorgd. Rachel is een meervoudig gehandicapt meisje en is twintig jaar wanneer ze overlijdt. Esther vraagt Wendy om hulp, want Esther en heel veel dorpsgenoten willen hun steun betuigen op de eerste gedenkdag. Maar hoe doe je dat in deze moeilijke tijd? Wendy mobiliseert daarom het hele dorp voor een bijzondere dag vol mooie herinneringen.","formattedEpisodeNumbering":null,"formattedDate":"Wo 13 jan. 2021","formattedDateShort":"Jan. 2021","formattedTime":"21:27","formattedDuration":"40m","formattedAvailabilityWindow":null,"formattedAvailabilityWindowShort":null,"image":{"portraitUrl":null,"landscapeUrl":"https:\/\/images.nlziet.nl\/metadataimportimages\/source\/93F2A20701EE3EA412CBAAE20AC6307CD12F9FA85B61B0D3900240CB100E8452.jpg"},"logo":{"normalUrl":"https:\/\/cdn.nlziet.nl\/static\/assets\/contentproviders\/sbs.png","darkUrl":"https:\/\/cdn.nlziet.nl\/static\/assets\/contentproviders\/dark\/sbs.png","flatUrl":"https:\/\/cdn.nlziet.nl\/static\/assets\/contentproviders\/flat\/sbs.png"},"tags":[],"seriesId":"4nNZEJ5-QUOe4WViFcg82A"},{"id":"Knn2TcytQ0eNP6yMFkFe6g","type":"Vod","title":"Hart in Aktie","subtitle":"Aflevering 1","description":"SBS6 - Wendy van Dijk gaat langs bij Mitchel. Een 21-jarige jongen met een verstandelijke beperking, die dit jaar zijn tweelingbroer verloor door een verkeersongeluk. Zijn tante nam contact op met Wendy met de vraag of ze iets positiefs kon regelen voor Mitchel en Wendy zou Wendy niet zijn als ze zijn passies niet wist te combineren en hem een onvergeeflijke dag weet te bezorgen. Ook weet Wendy de 12-jarige Daimy te verrassen door haar mee te nemen naar een bekend modehuis om daar haar eigen exclusieve label te shoppen. Shoppen is namelijk iets wat Daimy bijna niet kan door haar zeldzame spierziekte. Zingen en Shirma Rouse is een perfecte combinatie om Bettine, een moeder van twee jongen kinderen, die ernstig ziek is te overvallen met een prachtig optreden. Een wens die haar vriendin en mede-koorlid heeft ingestuurd om Bettine een hart onder de riem te steken in deze moeilijke tijd.","formattedEpisodeNumbering":null,"formattedDate":"Wo 6 jan. 2021","formattedDateShort":"Jan. 2021","formattedTime":"21:29","formattedDuration":"40m","formattedAvailabilityWindow":null,"formattedAvailabilityWindowShort":null,"image":{"portraitUrl":null,"landscapeUrl":"https:\/\/images.nlziet.nl\/metadataimportimages\/source\/F7BAF95CF91A5CBB8270F406A6C0FB7A49B145BD50B94AC10EEE24487B32E056.jpg"},"logo":{"normalUrl":"https:\/\/cdn.nlziet.nl\/static\/assets\/contentproviders\/sbs.png","darkUrl":"https:\/\/cdn.nlziet.nl\/static\/assets\/contentproviders\/dark\/sbs.png","flatUrl":"https:\/\/cdn.nlziet.nl\/static\/assets\/contentproviders\/flat\/sbs.png"},"tags":[],"seriesId":"4nNZEJ5-QUOe4WViFcg82A"}]