[{"id":"Wq04tD_qwEKx0uW2Z2c9Zw","type":"Vod","title":"Steenrijk, straatarm","subtitle":"Aflevering 19","description":"SBS6 - Net over de grens, in het Belgische Loenhout, woont de Brabantse volkszanger Rob van Daal. Rob zit al ruim dertig jaar in het vak, en staat bekend om zijn kaskrakers als: 'He trut, Ik ga leven', 'Ik mis je zo' en 'Schatje'. Daarnaast is Rob een nieuwe weg ingeslagen door kunst te gaan maken. En met succes. Zijn Vandaalistische kunst vindt gretig aftrek in binnen- en buitenland. Robs levensgeluk werd vorig jaar compleet toen hij Karen Jurriens ontmoette. Het stel brengt zoveel mogelijk tijd met elkaar door en geniet met volle teugen van het goede leven. In het Drentse Emmen woont alleenstaande vader Bjorn met zijn kinderen Wesley van veertien en Jolijn van twaalf. Na de scheiding raakt Bjorn financieel het overzicht kwijt, wat uiteindelijk zorgt voor een behoorlijke schuld. Hierdoor moet het gezin rondkomen van 45 euro per week. Een bedrag waardoor voornamelijk veel 'nee' verkocht moet worden aan de kinderen.","formattedEpisodeNumbering":null,"formattedDate":"Wo 9 jun. 2021","formattedDateShort":"Jun. 2021","formattedTime":"21:27","formattedDuration":"41m","formattedAvailabilityWindow":null,"formattedAvailabilityWindowShort":null,"image":{"portraitUrl":null,"landscapeUrl":"https:\/\/images.nlziet.nl\/metadataimportimages\/source\/9F959A97707A126DE0B8D4D40300D56DD97BE3A67EC11A690ABDB3CE1F03BD9E.jpg"},"logo":{"normalUrl":"https:\/\/cdn.nlziet.nl\/static\/assets\/contentproviders\/sbs.png","darkUrl":"https:\/\/cdn.nlziet.nl\/static\/assets\/contentproviders\/dark\/sbs.png","flatUrl":"https:\/\/cdn.nlziet.nl\/static\/assets\/contentproviders\/flat\/sbs.png"},"tags":[],"seriesId":"6g186RhGL0ennx2vCJvE-g"},{"id":"8hnu2AywxUaHi5HDBizRvA","type":"Vod","title":"Steenrijk, straatarm","subtitle":"Aflevering 18","description":"SBS6 - Twee families met een volledig tegengesteld inkomen ruilen een week lang van huis, budget en dagelijks leven. Maakt geld werkelijk gelukkig? Aan het einde van de week wordt duidelijk hoeveel ze achteraf, ondanks hun verschillende financi\u00eble omstandigheden, toch gemeen hebben. En of geld inderdaad het verschil kan maken.","formattedEpisodeNumbering":null,"formattedDate":"Wo 2 jun. 2021","formattedDateShort":"Jun. 2021","formattedTime":"21:28","formattedDuration":"41m","formattedAvailabilityWindow":null,"formattedAvailabilityWindowShort":null,"image":{"portraitUrl":null,"landscapeUrl":"https:\/\/images.nlziet.nl\/metadataimportimages\/source\/4D2EBAE7E5256842AB1207A6CEF3D9F8A156A1CA0E0F022930A4951E182FDE46.jpg"},"logo":{"normalUrl":"https:\/\/cdn.nlziet.nl\/static\/assets\/contentproviders\/sbs.png","darkUrl":"https:\/\/cdn.nlziet.nl\/static\/assets\/contentproviders\/dark\/sbs.png","flatUrl":"https:\/\/cdn.nlziet.nl\/static\/assets\/contentproviders\/flat\/sbs.png"},"tags":[],"seriesId":"6g186RhGL0ennx2vCJvE-g"},{"id":"NgMY9xhK_02IHxeQZqZSDQ","type":"Vod","title":"Steenrijk, straatarm","subtitle":"Aflevering 17","description":"SBS6 - Twee families met een volledig tegengesteld inkomen ruilen een week lang van huis, budget en dagelijks leven. Maakt geld werkelijk gelukkig? Aan het einde van de week wordt duidelijk hoeveel ze achteraf, ondanks hun verschillende financi\u00eble omstandigheden, toch gemeen hebben. En of geld inderdaad het verschil kan maken.","formattedEpisodeNumbering":null,"formattedDate":"Wo 3 mrt. 2021","formattedDateShort":"Mrt. 2021","formattedTime":"20:30","formattedDuration":"42m","formattedAvailabilityWindow":null,"formattedAvailabilityWindowShort":null,"image":{"portraitUrl":null,"landscapeUrl":"https:\/\/images.nlziet.nl\/metadataimportimages\/source\/1C0112944C1F6B31A09FF75970667A50919094AB0C723FCDF48045A8C6007C30.jpg"},"logo":{"normalUrl":"https:\/\/cdn.nlziet.nl\/static\/assets\/contentproviders\/sbs.png","darkUrl":"https:\/\/cdn.nlziet.nl\/static\/assets\/contentproviders\/dark\/sbs.png","flatUrl":"https:\/\/cdn.nlziet.nl\/static\/assets\/contentproviders\/flat\/sbs.png"},"tags":[],"seriesId":"6g186RhGL0ennx2vCJvE-g"},{"id":"ngpdbaIChEmiotPqu-8h9g","type":"Vod","title":"Steenrijk, straatarm","subtitle":"Aflevering 16","description":"SBS6 - De Vlaamse Atoessa woont al jaren in Monaco. Ze runt er een exclusief cateringbedrijf voor de private jets van de rijken der aarde. Ze is onafscheidelijk met haar beste vriend, visagist Joe Ghannam en samen zijn ze op alle exclusieve feesten in Monaco te vinden. Daarnaast organiseren Atoessa en Joe graag botoxfeestjes bij Atoessa thuis. Ze pakken regelmatig de helikopter om te gaan shoppen in Saint-Tropez. Activiteiten waar ze in het rustige Nieuw-Weerdinge geen geld voor hebben. Hier woont de familie Veltman bestaande uit vader Hans, moeder Ada, haar dochter Ashley en schoonzoon Ezra. De gepensioneerde Hans torst, naast lichamelijke problemen, ook groot leed met zich mee: Hij verloor twee van zijn drie kinderen. Zijn grote liefde Ada werd op jonge leeftijd getroffen door meerdere infarcten en is afgekeurd. Toch proberen Hans en Ada zich als vrijwilliger verdienstelijk te maken. Kunnen de Veltmannetjes al hun zorgen achter zich laten als ze een week in Monaco vertoeven?","formattedEpisodeNumbering":null,"formattedDate":"Wo 10 feb. 2021","formattedDateShort":"Feb. 2021","formattedTime":"20:30","formattedDuration":"43m","formattedAvailabilityWindow":null,"formattedAvailabilityWindowShort":null,"image":{"portraitUrl":null,"landscapeUrl":"https:\/\/images.nlziet.nl\/metadataimportimages\/source\/5E484403A3CB59F56A8F7F00639AF7D22CE833629056F84613C612742BCFD456.jpg"},"logo":{"normalUrl":"https:\/\/cdn.nlziet.nl\/static\/assets\/contentproviders\/sbs.png","darkUrl":"https:\/\/cdn.nlziet.nl\/static\/assets\/contentproviders\/dark\/sbs.png","flatUrl":"https:\/\/cdn.nlziet.nl\/static\/assets\/contentproviders\/flat\/sbs.png"},"tags":[],"seriesId":"6g186RhGL0ennx2vCJvE-g"},{"id":"iLwxu09bPEK1NmOqienziA","type":"Vod","title":"Steenrijk, straatarm","subtitle":"Aflevering 15","description":"SBS6 - Twee families met een volledig tegengesteld welstandniveau ruilen een week lang van huis, budget en dagelijks leven. Maakt geld werkelijk gelukkig? Aan het einde van de week wordt duidelijk hoeveel ze achteraf, ondanks hun verschillende financiele omstandigheden, toch gemeen hebben. En of geld inderdaad het verschil kan maken.","formattedEpisodeNumbering":null,"formattedDate":"Wo 3 feb. 2021","formattedDateShort":"Feb. 2021","formattedTime":"20:30","formattedDuration":"42m","formattedAvailabilityWindow":null,"formattedAvailabilityWindowShort":null,"image":{"portraitUrl":null,"landscapeUrl":"https:\/\/images.nlziet.nl\/metadataimportimages\/source\/886E8E3B7E584F0EE5594097B95F4CEAE9A5C140FEE8EAA171E33E0910CD8103.jpg"},"logo":{"normalUrl":"https:\/\/cdn.nlziet.nl\/static\/assets\/contentproviders\/sbs.png","darkUrl":"https:\/\/cdn.nlziet.nl\/static\/assets\/contentproviders\/dark\/sbs.png","flatUrl":"https:\/\/cdn.nlziet.nl\/static\/assets\/contentproviders\/flat\/sbs.png"},"tags":[],"seriesId":"6g186RhGL0ennx2vCJvE-g"},{"id":"mS39yV5Dikef4vzuZqt7wg","type":"Vod","title":"Steenrijk, straatarm","subtitle":"Aflevering 14","description":"SBS6 - Twee families met een volledig tegengesteld welstandniveau ruilen een week lang van huis, budget en dagelijks leven. Maakt geld werkelijk gelukkig? Aan het einde van de week wordt duidelijk hoeveel ze achteraf, ondanks hun verschillende financiele omstandigheden, toch gemeen hebben. En of geld inderdaad het verschil kan maken.","formattedEpisodeNumbering":null,"formattedDate":"Wo 20 jan. 2021","formattedDateShort":"Jan. 2021","formattedTime":"20:30","formattedDuration":"42m","formattedAvailabilityWindow":null,"formattedAvailabilityWindowShort":null,"image":{"portraitUrl":null,"landscapeUrl":"https:\/\/images.nlziet.nl\/metadataimportimages\/source\/185F1B76AC05C152E5A5BA97A6F3B5E4129B092A5D40D536EDB4DD206A7C2184.jpg"},"logo":{"normalUrl":"https:\/\/cdn.nlziet.nl\/static\/assets\/contentproviders\/sbs.png","darkUrl":"https:\/\/cdn.nlziet.nl\/static\/assets\/contentproviders\/dark\/sbs.png","flatUrl":"https:\/\/cdn.nlziet.nl\/static\/assets\/contentproviders\/flat\/sbs.png"},"tags":[],"seriesId":"6g186RhGL0ennx2vCJvE-g"},{"id":"qtvKEXSli0-3CiSfa3TIrQ","type":"Vod","title":"Steenrijk, straatarm","subtitle":"Aflevering 13","description":"SBS6 - Twee families met een volledig tegengesteld welstandniveau ruilen een week lang van huis, budget en dagelijks leven. Maakt geld werkelijk gelukkig? Aan het einde van de week wordt duidelijk hoeveel ze achteraf, ondanks hun verschillende financiele omstandigheden, toch gemeen hebben. En of geld inderdaad het verschil kan maken.","formattedEpisodeNumbering":null,"formattedDate":"Wo 13 jan. 2021","formattedDateShort":"Jan. 2021","formattedTime":"20:29","formattedDuration":"41m","formattedAvailabilityWindow":null,"formattedAvailabilityWindowShort":null,"image":{"portraitUrl":null,"landscapeUrl":"https:\/\/images.nlziet.nl\/metadataimportimages\/source\/24202340A9B78E3C28FD6C4CE996934695A09289ED03329E6DF9B7416893E882.jpg"},"logo":{"normalUrl":"https:\/\/cdn.nlziet.nl\/static\/assets\/contentproviders\/sbs.png","darkUrl":"https:\/\/cdn.nlziet.nl\/static\/assets\/contentproviders\/dark\/sbs.png","flatUrl":"https:\/\/cdn.nlziet.nl\/static\/assets\/contentproviders\/flat\/sbs.png"},"tags":[],"seriesId":"6g186RhGL0ennx2vCJvE-g"},{"id":"xoZEuUlb50G7Q99J68Ve3w","type":"Vod","title":"Steenrijk, straatarm","subtitle":"Aflevering 12","description":"SBS6 - Twee families met een volledig tegengesteld welstandniveau ruilen een week lang van huis, budget en dagelijks leven. Maakt geld werkelijk gelukkig? Aan het einde van de week wordt duidelijk hoeveel ze achteraf, ondanks hun verschillende financiele omstandigheden, toch gemeen hebben. En of geld inderdaad het verschil kan maken.","formattedEpisodeNumbering":null,"formattedDate":"Wo 6 jan. 2021","formattedDateShort":"Jan. 2021","formattedTime":"20:30","formattedDuration":"41m","formattedAvailabilityWindow":null,"formattedAvailabilityWindowShort":null,"image":{"portraitUrl":null,"landscapeUrl":"https:\/\/images.nlziet.nl\/metadataimportimages\/source\/9A0CE203597238EAEAEEF60E25E6E7A41A2F9532DB9B3B63C6BC999E6C296ED1.jpg"},"logo":{"normalUrl":"https:\/\/cdn.nlziet.nl\/static\/assets\/contentproviders\/sbs.png","darkUrl":"https:\/\/cdn.nlziet.nl\/static\/assets\/contentproviders\/dark\/sbs.png","flatUrl":"https:\/\/cdn.nlziet.nl\/static\/assets\/contentproviders\/flat\/sbs.png"},"tags":[],"seriesId":"6g186RhGL0ennx2vCJvE-g"},{"id":"hxCkJKr530O-kyF_ePs5ZA","type":"Vod","title":"Steenrijk, straatarm","subtitle":"Aflevering 11","description":"SBS6 - Twee families met een volledig tegengesteld welstandniveau ruilen een week lang van huis, budget en dagelijks leven. Maakt geld werkelijk gelukkig? Aan het einde van de week wordt duidelijk hoeveel ze achteraf, ondanks hun verschillende financiele omstandigheden, toch gemeen hebben. En of geld inderdaad het verschil kan maken.","formattedEpisodeNumbering":null,"formattedDate":"Wo 16 dec. 2020","formattedDateShort":"Dec. 2020","formattedTime":"20:29","formattedDuration":"42m","formattedAvailabilityWindow":null,"formattedAvailabilityWindowShort":null,"image":{"portraitUrl":null,"landscapeUrl":"https:\/\/images.nlziet.nl\/metadataimportimages\/source\/25ED4435BDBA15B327FE2292B9DBDD991EDF1C83BC200B1547A8977D53408025.jpg"},"logo":{"normalUrl":"https:\/\/cdn.nlziet.nl\/static\/assets\/contentproviders\/sbs.png","darkUrl":"https:\/\/cdn.nlziet.nl\/static\/assets\/contentproviders\/dark\/sbs.png","flatUrl":"https:\/\/cdn.nlziet.nl\/static\/assets\/contentproviders\/flat\/sbs.png"},"tags":[],"seriesId":"6g186RhGL0ennx2vCJvE-g"},{"id":"vuGZTE4BG0-ii6e5_Ilsuw","type":"Vod","title":"Steenrijk, straatarm","subtitle":"Aflevering 10","description":"SBS6 - Twee families met een volledig tegengesteld welstandniveau ruilen een week lang van huis, budget en dagelijks leven. Maakt geld werkelijk gelukkig? Aan het einde van de week wordt duidelijk hoeveel ze achteraf, ondanks hun verschillende financiele omstandigheden, toch gemeen hebben. En of geld inderdaad het verschil kan maken.","formattedEpisodeNumbering":null,"formattedDate":"Wo 9 dec. 2020","formattedDateShort":"Dec. 2020","formattedTime":"21:04","formattedDuration":"37m","formattedAvailabilityWindow":null,"formattedAvailabilityWindowShort":null,"image":{"portraitUrl":null,"landscapeUrl":"https:\/\/images.nlziet.nl\/metadataimportimages\/source\/5D1D10F1C6E0C7A23D96A7BA243C7FECA6BD5368510AC2CBD54FE416740E869F.jpg"},"logo":{"normalUrl":"https:\/\/cdn.nlziet.nl\/static\/assets\/contentproviders\/sbs.png","darkUrl":"https:\/\/cdn.nlziet.nl\/static\/assets\/contentproviders\/dark\/sbs.png","flatUrl":"https:\/\/cdn.nlziet.nl\/static\/assets\/contentproviders\/flat\/sbs.png"},"tags":[],"seriesId":"6g186RhGL0ennx2vCJvE-g"},{"id":"vP2Xm9N7cECzmbTOneyKKw","type":"Vod","title":"Steenrijk, straatarm","subtitle":"Aflevering 9","description":"SBS6 - Twee families met een volledig tegengesteld welstandniveau ruilen een week lang van huis, budget en dagelijks leven. Maakt geld werkelijk gelukkig? Aan het einde van de week wordt duidelijk hoeveel ze achteraf, ondanks hun verschillende financiele omstandigheden, toch gemeen hebben. En of geld inderdaad het verschil kan maken.","formattedEpisodeNumbering":null,"formattedDate":"Wo 18 nov. 2020","formattedDateShort":"Nov. 2020","formattedTime":"20:30","formattedDuration":"41m","formattedAvailabilityWindow":null,"formattedAvailabilityWindowShort":null,"image":{"portraitUrl":null,"landscapeUrl":"https:\/\/images.nlziet.nl\/metadataimportimages\/source\/273898A27C93B427F9A1198A305D86BBD5E80A18C7E7FB6B79D59484F2085C73.jpg"},"logo":{"normalUrl":"https:\/\/cdn.nlziet.nl\/static\/assets\/contentproviders\/sbs.png","darkUrl":"https:\/\/cdn.nlziet.nl\/static\/assets\/contentproviders\/dark\/sbs.png","flatUrl":"https:\/\/cdn.nlziet.nl\/static\/assets\/contentproviders\/flat\/sbs.png"},"tags":[],"seriesId":"6g186RhGL0ennx2vCJvE-g"},{"id":"D2PEf2Bz8E-vkNWFAXXczw","type":"Vod","title":"Steenrijk, straatarm","subtitle":"Aflevering 8","description":"SBS6 - Twee families met een volledig tegengesteld welstandniveau ruilen een week lang van huis, budget en dagelijks leven. Maakt geld werkelijk gelukkig? Aan het einde van de week wordt duidelijk hoeveel ze achteraf, ondanks hun verschillende financiele omstandigheden, toch gemeen hebben. En of geld inderdaad het verschil kan maken.","formattedEpisodeNumbering":null,"formattedDate":"Wo 11 nov. 2020","formattedDateShort":"Nov. 2020","formattedTime":"20:29","formattedDuration":"42m","formattedAvailabilityWindow":null,"formattedAvailabilityWindowShort":null,"image":{"portraitUrl":null,"landscapeUrl":"https:\/\/images.nlziet.nl\/metadataimportimages\/source\/40E51FF9DDDEC444853E880543046E4FAC09ECE8D37A8157086DF671E5DF9CCC.jpg"},"logo":{"normalUrl":"https:\/\/cdn.nlziet.nl\/static\/assets\/contentproviders\/sbs.png","darkUrl":"https:\/\/cdn.nlziet.nl\/static\/assets\/contentproviders\/dark\/sbs.png","flatUrl":"https:\/\/cdn.nlziet.nl\/static\/assets\/contentproviders\/flat\/sbs.png"},"tags":[],"seriesId":"6g186RhGL0ennx2vCJvE-g"},{"id":"jgxN6sRZUky1dNC5TRdgvw","type":"Vod","title":"Steenrijk, straatarm","subtitle":"Aflevering 7","description":"In Tilburg woont Tamara Straatman met haar beste vriend en zakenpartner Ronnie Willemen. Ze runnen een succesvol bedrijf. Tamara woont in een villa met grote tuin en zwembad en is van alle gemakken voorzien. In het Groningse Loppersum is het wel anders voor de familie Stuts, bestaande uit moeder Anita, vader Johnnie en hun vier kinderen, waarvan er een al op zichzelf woont. Momenteel woont het gezin in een wisselwoning, omdat hun eigen woning door de gaswinning onbewoonbaar is verklaard. Dit was een grote klap voor de familie en zorgde bij Johnnie zelfs voor een depressie, waardoor hij arbeidsongeschikt raakte. Het gezin heeft een weekbudget van 70 euro. Hoe zal het Tamara en Ronnie vergaan als zij met huis en haard ruilen met het leven van de familie Stuts? En komt de familie Stuts even tot rust in de Tilburgse luxe?","formattedEpisodeNumbering":null,"formattedDate":"Wo 14 okt. 2020","formattedDateShort":"Okt. 2020","formattedTime":"20:31","formattedDuration":"41m","formattedAvailabilityWindow":null,"formattedAvailabilityWindowShort":null,"image":{"portraitUrl":null,"landscapeUrl":"https:\/\/images.nlziet.nl\/metadataimportimages\/source\/EF8B579804111492EE6A77E19345DA5435BC099A47E28F5190CB6FFE86C1D7BF.jpg"},"logo":{"normalUrl":"https:\/\/cdn.nlziet.nl\/static\/assets\/contentproviders\/sbs.png","darkUrl":"https:\/\/cdn.nlziet.nl\/static\/assets\/contentproviders\/dark\/sbs.png","flatUrl":"https:\/\/cdn.nlziet.nl\/static\/assets\/contentproviders\/flat\/sbs.png"},"tags":[],"seriesId":"6g186RhGL0ennx2vCJvE-g"},{"id":"hmxrQKN4Q0-TT9yArxtdiA","type":"Vod","title":"Steenrijk, straatarm","subtitle":"Aflevering 6","description":"De in Itali\u00eb woonachtige familie van der Linden ruilt van huis, haard en budget met de familie Bakker uit Nijswiller. In het noorden van Itali\u00eb, in de regio Piemonte, hebben Fred & Irma hun droom verwezenlijkt: een droomhuis en daarbij vier appartementen om te verhuren. 1000 kilometer verderop, in het Limburgse dorpje Nijswiller, woont de familie Bakker. Ze lieten de randstad achter zich, omdat hun kinderen te maken kregen met pesterijen. Pesterijen die alles te maken hebben met het autisme van de kinderen. In Nijswiller bouwden de Bakkers een nieuw bestaan op. En dan slaat ook daar het noodlot opnieuw toe. Het zorgbedrijf dat Andre en Sylvia runnen gaat failliet en zorgt ervoor dat de familie van een paar tientjes per week moet rondkomen. Hoe zal de familie van der Linden de ruil ervaren en kan het gezin Bakker even optimaal genieten van de luxe?","formattedEpisodeNumbering":null,"formattedDate":"Wo 7 okt. 2020","formattedDateShort":"Okt. 2020","formattedTime":"20:31","formattedDuration":"41m","formattedAvailabilityWindow":null,"formattedAvailabilityWindowShort":null,"image":{"portraitUrl":null,"landscapeUrl":"https:\/\/images.nlziet.nl\/metadataimportimages\/source\/9B6CE88380076C85A73A17E2518B4204CF47143FEF50B38F336BB9561874EB36.jpg"},"logo":{"normalUrl":"https:\/\/cdn.nlziet.nl\/static\/assets\/contentproviders\/sbs.png","darkUrl":"https:\/\/cdn.nlziet.nl\/static\/assets\/contentproviders\/dark\/sbs.png","flatUrl":"https:\/\/cdn.nlziet.nl\/static\/assets\/contentproviders\/flat\/sbs.png"},"tags":[],"seriesId":"6g186RhGL0ennx2vCJvE-g"},{"id":"_z2coAhVWUmEgytUBna62g","type":"Vod","title":"Steenrijk, straatarm","subtitle":"Aflevering 5","description":"De welgestelde Jeanet Wolf en John Slabbekoorn wonen minimaal acht maanden per jaar in het buitenland en bevinden zich momenteel op een luxe woonboerderij met zwembad in Itter, Belgi\u00eb. Het stel runt een succesvol coachingsbedrijf, wat hen veel financi\u00eble vrijheid biedt. Ze spenderen rond de \u20ac 1700 per week en dit geld gaat op aan gezonde superfoods en luxe kleding. Jeanet en John ruilen met de familie Janssen uit Duiven. Het samengestelde gezin, bestaande uit moeder Xandra, vader Sietse en hun kinderen zoon JJ en drie dochters Charissa, Xayenne en Yaylin, moet rondkomen van \u20ac 120 per week. Zowel Xandra als Sietse hebben uit een eerdere relatie schulden opgebouwd. Voor de kinderen betekent dit dat uitjes een grote luxe zijn en dat er niet altijd geld is voor hun eigen kinderfeestjes. Naast financi\u00eble stress, kampt het gezin ook met gezondheidsproblemen. Wat (financi\u00eble) rust is voor het gezin dan ook wel erg welkom.","formattedEpisodeNumbering":null,"formattedDate":"Wo 30 sep. 2020","formattedDateShort":"Sep. 2020","formattedTime":"20:30","formattedDuration":"41m","formattedAvailabilityWindow":null,"formattedAvailabilityWindowShort":null,"image":{"portraitUrl":null,"landscapeUrl":"https:\/\/images.nlziet.nl\/metadataimportimages\/source\/58E859823037A75082C69B2925CC5D68BA88E9D20E0CF628998DC74099DC9A52.jpg"},"logo":{"normalUrl":"https:\/\/cdn.nlziet.nl\/static\/assets\/contentproviders\/sbs.png","darkUrl":"https:\/\/cdn.nlziet.nl\/static\/assets\/contentproviders\/dark\/sbs.png","flatUrl":"https:\/\/cdn.nlziet.nl\/static\/assets\/contentproviders\/flat\/sbs.png"},"tags":[],"seriesId":"6g186RhGL0ennx2vCJvE-g"},{"id":"gtUij262nkKWg_M0g3eRwQ","type":"Vod","title":"Steenrijk, straatarm","subtitle":"Aflevering 4","description":"In Spanje genieten Marco en Maureen van Eijkelenborg van het leven onder de zon. Twee jaar geleden verkochten zij hun bedrijf en vertrokken naar het zuiden. Sindsdien genieten ze van hun riante villa met zwembad, maken mooie reisjes en houden er een luxe levensstijl op na. In Zoetermeer woont de familie Spaanbroek, bestaande uit moeder Miranda, vader Mario en hun twee zoontjes Tobias, Sylvano en Bentley. Het hechte gezin probeert al jaren de touwtjes aan elkaar te knopen. Het gezin heeft het niet breed en moet rondkomen van \u20ac 85 per week. Ondanks de schulden die Mario en Miranda hebben, zorgen ze dat er voor de kinderen altijd eten klaar staat. Hoe gaat de familie Spaanbroek het vinden om een week in luxe te leven, onder de Spaanse zon? En zullen Marco en Maureen rond kunnen komen met zo'n klein bedrag per week?","formattedEpisodeNumbering":null,"formattedDate":"Wo 16 sep. 2020","formattedDateShort":"Sep. 2020","formattedTime":"20:30","formattedDuration":"41m","formattedAvailabilityWindow":null,"formattedAvailabilityWindowShort":null,"image":{"portraitUrl":null,"landscapeUrl":"https:\/\/images.nlziet.nl\/metadataimportimages\/source\/BFA470B95685FC192E8AD8918EF5B87A327007FEFAF24BB39F804713822C7118.jpg"},"logo":{"normalUrl":"https:\/\/cdn.nlziet.nl\/static\/assets\/contentproviders\/sbs.png","darkUrl":"https:\/\/cdn.nlziet.nl\/static\/assets\/contentproviders\/dark\/sbs.png","flatUrl":"https:\/\/cdn.nlziet.nl\/static\/assets\/contentproviders\/flat\/sbs.png"},"tags":[],"seriesId":"6g186RhGL0ennx2vCJvE-g"},{"id":"yUSX3f3x-kesImTP8vSt9A","type":"Vod","title":"Steenrijk, straatarm","subtitle":"Aflevering 3","description":"In Oudekerk aan de Amstel woont het gezin Van Delft, moeder Denise, vader Nick en hun drie kinderen. Ze wonen op een groot stuk land, waar ze ook hun paardenbedrijf runnen. Ze genieten van het leven door lekker te eten, varen, vakanties en sociale aangelegenheden. Hun weekbudget is 1000-1200 euro per week. In Hoorn woont de familie Van Krimpen in een sociale huurwoning. Het gezin bestaat uit moeder Vera, dochters Maudie en Danique en zoon Finn. Na de scheiding heeft Vera gedeeld ouderschap. Ze is zelfstandig ondernemer, maar na financi\u00eble missers heeft Vera een flinke schuld en probeert ze rond te komen met zeventig euro en maken ze gebruik van de voedselbank. Ondanks dat ze het niet breed hebben, is het gezin hecht en gelukkig.","formattedEpisodeNumbering":null,"formattedDate":"Wo 9 sep. 2020","formattedDateShort":"Sep. 2020","formattedTime":"20:32","formattedDuration":"41m","formattedAvailabilityWindow":null,"formattedAvailabilityWindowShort":null,"image":{"portraitUrl":null,"landscapeUrl":"https:\/\/images.nlziet.nl\/metadataimportimages\/source\/84EE58F468F49CC36092DFE22FE2AA14B43577FA6BE0AC98E938B563E5E3FD9D.jpg"},"logo":{"normalUrl":"https:\/\/cdn.nlziet.nl\/static\/assets\/contentproviders\/sbs.png","darkUrl":"https:\/\/cdn.nlziet.nl\/static\/assets\/contentproviders\/dark\/sbs.png","flatUrl":"https:\/\/cdn.nlziet.nl\/static\/assets\/contentproviders\/flat\/sbs.png"},"tags":[],"seriesId":"6g186RhGL0ennx2vCJvE-g"},{"id":"Fy25DfaJskGAxT5Is766Qg","type":"Vod","title":"Steenrijk, straatarm","subtitle":"Aflevering 2","description":"Twee families met een volledig tegengesteld inkomen ruilen een week lang van huis, budget en dagelijks leven. Maakt geld werkelijk gelukkig? Aan het einde van de week wordt duidelijk hoeveel ze achteraf, ondanks hun verschillende financi\u00eble omstandigheden, toch gemeen hebben. En of geld inderdaad het verschil kan maken.","formattedEpisodeNumbering":null,"formattedDate":"Wo 2 sep. 2020","formattedDateShort":"Sep. 2020","formattedTime":"20:30","formattedDuration":"41m","formattedAvailabilityWindow":null,"formattedAvailabilityWindowShort":null,"image":{"portraitUrl":null,"landscapeUrl":"https:\/\/images.nlziet.nl\/metadataimportimages\/source\/4B956FB89886BDF4A6E207A39FF7CF1B1B448A2D796F88DF1FE1B7CD58BDE5EF.jpg"},"logo":{"normalUrl":"https:\/\/cdn.nlziet.nl\/static\/assets\/contentproviders\/sbs.png","darkUrl":"https:\/\/cdn.nlziet.nl\/static\/assets\/contentproviders\/dark\/sbs.png","flatUrl":"https:\/\/cdn.nlziet.nl\/static\/assets\/contentproviders\/flat\/sbs.png"},"tags":[],"seriesId":"6g186RhGL0ennx2vCJvE-g"},{"id":"DMXGwvZBs0OHmOX7SkI6_g","type":"Vod","title":"Steenrijk, straatarm","subtitle":"Aflevering 1","description":"Twee families met een volledig tegengesteld inkomen ruilen een week lang van huis, budget en dagelijks leven. Maakt geld werkelijk gelukkig? Aan het einde van de week wordt duidelijk hoeveel ze achteraf, ondanks hun verschillende financi\u00eble omstandigheden, toch gemeen hebben. En of geld inderdaad het verschil kan maken.","formattedEpisodeNumbering":null,"formattedDate":"Wo 26 aug. 2020","formattedDateShort":"Aug. 2020","formattedTime":"20:30","formattedDuration":"41m","formattedAvailabilityWindow":null,"formattedAvailabilityWindowShort":null,"image":{"portraitUrl":null,"landscapeUrl":"https:\/\/images.nlziet.nl\/metadataimportimages\/source\/436BECDC2FE0AC6A876161EDDD1B3ED63D31355CA8B1DB01B42DF32EB27B94AF.jpg"},"logo":{"normalUrl":"https:\/\/cdn.nlziet.nl\/static\/assets\/contentproviders\/sbs.png","darkUrl":"https:\/\/cdn.nlziet.nl\/static\/assets\/contentproviders\/dark\/sbs.png","flatUrl":"https:\/\/cdn.nlziet.nl\/static\/assets\/contentproviders\/flat\/sbs.png"},"tags":[],"seriesId":"6g186RhGL0ennx2vCJvE-g"}]