[{"id":"Jp4b5QN5k0GxbInHMRjxyw","type":"Vod","title":"Het Mooiste Meisje van de Klas","subtitle":"Linda","description":"AVROTROS - Na de middelbare school gaat de carri\u00e8re van de Limburgse Linda als een speer; van Miss Limburg naar Miss Nederland naar Miss World. Ook priv\u00e9 vindt Linda het geluk, een man, een zoon en een leven in Orlando. Haar grootste wens om een tweede kindje te krijgen, brengt haar eigen leven in gevaar.","formattedEpisodeNumbering":"S2017:A6","formattedDate":"Ma 8 mei. 2017","formattedDateShort":"Mei. 2017","formattedTime":"22:10","formattedDuration":"44m","formattedAvailabilityWindow":null,"formattedAvailabilityWindowShort":null,"image":{"portraitUrl":null,"landscapeUrl":"https:\/\/images.nlziet.nl\/metadataimportimages\/source\/3C685EA1EFE32E17788F33BEE16DB7C592048D16B1214314690FC90C29062B0D.jpg"},"logo":{"normalUrl":"https:\/\/cdn.nlziet.nl\/static\/assets\/contentproviders\/npo.png","darkUrl":"https:\/\/cdn.nlziet.nl\/static\/assets\/contentproviders\/dark\/npo.png","flatUrl":"https:\/\/cdn.nlziet.nl\/static\/assets\/contentproviders\/flat\/npo.png"},"tags":[],"seriesId":"6QApQZDaZ0Gc_9gWZDJFZA"},{"id":"MFQOTpNkA0e6bXbiaZHQaA","type":"Vod","title":"Het Mooiste Meisje van de Klas","subtitle":"Anouk","description":"AVROTROS - Anouk, uit Berkel-Enschot, trekt met haar mooie uitstraling meteen de aandacht op het Cobbenhagen College in Tilburg. Met een vwo-diploma op zak ruilt Anouk het dorp in voor Amsterdam, waar ze met vriendin Tanja Jess het nachtleven onveilig maakt. Het gaat Anouk voor de wind. Maar dan slaat het noodlot toe. Op 28-jarige leeftijd wordt Anouk getroffen door een zware hersenbloeding. Noodgedwongen verhuist ze terug naar Berkel-Enschot.","formattedEpisodeNumbering":"S2017:A5","formattedDate":"Ma 1 mei. 2017","formattedDateShort":"Mei. 2017","formattedTime":"22:15","formattedDuration":"44m","formattedAvailabilityWindow":null,"formattedAvailabilityWindowShort":null,"image":{"portraitUrl":null,"landscapeUrl":"https:\/\/images.nlziet.nl\/metadataimportimages\/source\/FB1D0945F298902C1D4BD33F96DAD9DF0D6925902F698A9C2A7D4A79BB9F11BF.jpg"},"logo":{"normalUrl":"https:\/\/cdn.nlziet.nl\/static\/assets\/contentproviders\/npo.png","darkUrl":"https:\/\/cdn.nlziet.nl\/static\/assets\/contentproviders\/dark\/npo.png","flatUrl":"https:\/\/cdn.nlziet.nl\/static\/assets\/contentproviders\/flat\/npo.png"},"tags":[],"seriesId":"6QApQZDaZ0Gc_9gWZDJFZA"},{"id":"AaiWOb-RVEOm6_DtckTnZw","type":"Vod","title":"Het Mooiste Meisje van de Klas","subtitle":"Esther J Ending","description":"AVROTROS - Jaap bezoekt Esther. Zij beleefde haar schoolperiode niet in Nederland maar op Ibiza. Een roerige jeugd, waar het destijds normaal was om met George Michael en Prince te feesten, ontneemt Esther haar blik op de realiteit. Een verschrikkelijk, dodelijk motorongeluk van een goede vriend maakt een einde aan de onbezorgde tijd op Ibiza en Esther keert terug naar Nederland.","formattedEpisodeNumbering":"S2017:A4","formattedDate":"Ma 24 apr. 2017","formattedDateShort":"Apr. 2017","formattedTime":"22:15","formattedDuration":"45m","formattedAvailabilityWindow":null,"formattedAvailabilityWindowShort":null,"image":{"portraitUrl":null,"landscapeUrl":"https:\/\/images.nlziet.nl\/metadataimportimages\/source\/D494C736AAD39FDC0500B5EF1A408BFA5E4B56672A03444B5702135CAF253370.jpg"},"logo":{"normalUrl":"https:\/\/cdn.nlziet.nl\/static\/assets\/contentproviders\/npo.png","darkUrl":"https:\/\/cdn.nlziet.nl\/static\/assets\/contentproviders\/dark\/npo.png","flatUrl":"https:\/\/cdn.nlziet.nl\/static\/assets\/contentproviders\/flat\/npo.png"},"tags":[],"seriesId":"6QApQZDaZ0Gc_9gWZDJFZA"},{"id":"fCQX_5QGrEWyt1nOUuCurg","type":"Vod","title":"Het Mooiste Meisje van de Klas","subtitle":"Esther Jonker","description":"AVROTROS - Hoe mooi Esther ook is, het is een teruggetrokken en verlegen meisje. Het tij keert wanneer Esther op 17-jarige leeftijd ontdekt wordt als model en vertrekt naar New York. Ze krijgt de kans zich te ontworstelen aan haar jeugd. Tien jaar lang woont en werkt ze in New York totdat Esther de behoefte heeft aan een eigen gezin en terugkeert naar Nederland.","formattedEpisodeNumbering":"S2017:A3","formattedDate":"Ma 17 apr. 2017","formattedDateShort":"Apr. 2017","formattedTime":"22:00","formattedDuration":"44m","formattedAvailabilityWindow":null,"formattedAvailabilityWindowShort":null,"image":{"portraitUrl":null,"landscapeUrl":"https:\/\/images.nlziet.nl\/metadataimportimages\/source\/8ACE2F591919E1954D80DE33A2F12358A3617A8CEFE2FA28A10C49A5FDE361DE.jpg"},"logo":{"normalUrl":"https:\/\/cdn.nlziet.nl\/static\/assets\/contentproviders\/npo.png","darkUrl":"https:\/\/cdn.nlziet.nl\/static\/assets\/contentproviders\/dark\/npo.png","flatUrl":"https:\/\/cdn.nlziet.nl\/static\/assets\/contentproviders\/flat\/npo.png"},"tags":[],"seriesId":"6QApQZDaZ0Gc_9gWZDJFZA"},{"id":"aYWZIZt6sUeQuTJxTdQf2g","type":"Vod","title":"Het Mooiste Meisje van de Klas","subtitle":"Natascha","description":"AVROTROS - Natascha ervaart een rebelse puberteit, waarin de verleiding van drugs een rol beginnen te spelen. Toch knokt ze zich naar een beter leven. Na een carri\u00e8re als artiest, meidengroep Close II You, stapt Natascha in een ander avontuur door met een profvoetballer te emigreren naar Itali\u00eb. Het leven als voetbalvrouw kent helaas ook geen happy end. Als bijstandsmoeder bouwt ze in Heerlen weer een nieuw bestaan op, wat haar uiteindelijk opnieuw in de wereld van glamour brengt.","formattedEpisodeNumbering":"S2017:A2","formattedDate":"Ma 10 apr. 2017","formattedDateShort":"Apr. 2017","formattedTime":"22:10","formattedDuration":"44m","formattedAvailabilityWindow":null,"formattedAvailabilityWindowShort":null,"image":{"portraitUrl":null,"landscapeUrl":"https:\/\/images.nlziet.nl\/metadataimportimages\/source\/2892A5037363493BCC653DB302B21A3A0D7D1DEADB45ECC298983D4C734D072F.jpg"},"logo":{"normalUrl":"https:\/\/cdn.nlziet.nl\/static\/assets\/contentproviders\/npo.png","darkUrl":"https:\/\/cdn.nlziet.nl\/static\/assets\/contentproviders\/dark\/npo.png","flatUrl":"https:\/\/cdn.nlziet.nl\/static\/assets\/contentproviders\/flat\/npo.png"},"tags":[],"seriesId":"6QApQZDaZ0Gc_9gWZDJFZA"},{"id":"_rDr_v3Fx0W7-vxQR2IJRQ","type":"Vod","title":"Het Mooiste Meisje van de Klas","subtitle":"Caroline","description":"AVROTROS - Het nieuwe seizoen van 'Het Mooiste Meisje van de Klas' start met het levensverhaal van Caroline de Kroes uit Rijswijk. Caroline is slagersdochter, haar ouders beginnen met een slagerij, maar in rap tempo breidt het bedrijf zich uit tot een groot concern. De familie de Kroes staat bekend als een familie met geld en allure. Die allure heeft ook Caroline over zich en wanneer zij begin jaren '70 haar opwachting maakt op het Huygens Lyceum in Voorburg blijft dat niet onopgemerkt.","formattedEpisodeNumbering":"S2017:A1","formattedDate":"Ma 3 apr. 2017","formattedDateShort":"Apr. 2017","formattedTime":"22:10","formattedDuration":"45m","formattedAvailabilityWindow":null,"formattedAvailabilityWindowShort":null,"image":{"portraitUrl":null,"landscapeUrl":"https:\/\/images.nlziet.nl\/metadataimportimages\/source\/73FBED7ED92722BF810FB644766B9A3AFA727BBD1E8C2875F41476D55B42E02F.jpg"},"logo":{"normalUrl":"https:\/\/cdn.nlziet.nl\/static\/assets\/contentproviders\/npo.png","darkUrl":"https:\/\/cdn.nlziet.nl\/static\/assets\/contentproviders\/dark\/npo.png","flatUrl":"https:\/\/cdn.nlziet.nl\/static\/assets\/contentproviders\/flat\/npo.png"},"tags":[],"seriesId":"6QApQZDaZ0Gc_9gWZDJFZA"}]