[{"id":"5CWyVw8nIUGlutR-gcxaCg","type":"Vod","title":"Welkom in de jaren 60","subtitle":"Protest","description":"NTR - De anti-rookmagi\u00ebr Robert Jasper Grootveld, de man achter provo en opstand op het Spui, zit op de bank bij Dorine en vertelt alles over 'zijn' woelige jaren 60, toen hij met grappige acties de politie tot wanhoop bracht. Hij onthult alles over zijn verleden als ijscoman en hoe hij eigenlijk Sinterklaas had willen worden. Dan wordt hij verrast door zijn grote idool. Met onder andere de katholieke kerk, Hit of Herrie met Boudewijn de Groot, de hippies en de anti-autoritaire kresj.","formattedEpisodeNumbering":null,"formattedDate":"Zo 22 aug. 2021","formattedDateShort":"Aug. 2021","formattedTime":"18:50","formattedDuration":"25m","formattedAvailabilityWindow":null,"formattedAvailabilityWindowShort":null,"image":{"portraitUrl":null,"landscapeUrl":"https:\/\/images.nlziet.nl\/metadataimportimages\/source\/3B2237CD4FCB22C709DEDADCCE1A89DD3A2347B4185EF7F1D1658E6B81C63AC9.jpg"},"logo":{"normalUrl":"https:\/\/cdn.nlziet.nl\/static\/assets\/contentproviders\/npo.png","darkUrl":"https:\/\/cdn.nlziet.nl\/static\/assets\/contentproviders\/dark\/npo.png","flatUrl":"https:\/\/cdn.nlziet.nl\/static\/assets\/contentproviders\/flat\/npo.png"},"tags":[],"seriesId":"7DM5ExIf6U2kzxUyJoi8yA"},{"id":"3YktxTcWp0KoEkIRBbGyfg","type":"Vod","title":"Welkom in de jaren 60","subtitle":"Welvaart","description":"NTR - Annie M.G. Schmidt zit op de bank bij Dorine en vertelt over de enorme welvaart in 'haar' jaren 60. Maar als blijkt dat ze niet in beeld mag roken en drinken is ze verbijsterd: zijn we terug naar de jaren 50? Tot slot komen haar fans haar smeken om een handtekening, tot blijdschap van Annie. Met o.a. Dolle Mina's, gastarbeiders, de bermtoeristen en de modepolitie.","formattedEpisodeNumbering":null,"formattedDate":"Zo 1 aug. 2021","formattedDateShort":"Aug. 2021","formattedTime":"17:55","formattedDuration":"24m","formattedAvailabilityWindow":null,"formattedAvailabilityWindowShort":null,"image":{"portraitUrl":null,"landscapeUrl":"https:\/\/images.nlziet.nl\/metadataimportimages\/source\/BF0BC58823991D5A3C728F3F87D926853F47BA0D924771D41B2A12334D78806A.jpg"},"logo":{"normalUrl":"https:\/\/cdn.nlziet.nl\/static\/assets\/contentproviders\/npo.png","darkUrl":"https:\/\/cdn.nlziet.nl\/static\/assets\/contentproviders\/dark\/npo.png","flatUrl":"https:\/\/cdn.nlziet.nl\/static\/assets\/contentproviders\/flat\/npo.png"},"tags":[],"seriesId":"7DM5ExIf6U2kzxUyJoi8yA"}]