[{"id":"dc61qSyXLEuz6KOHbNRgqA","type":"Vod","title":"Border Security Australi\u00eb","subtitle":"Aflevering 12","description":"De landsgrenzen van Australi\u00eb worden voortdurend bedreigd. Of het nu gaat om drugssmokkel, illegale immigratie, inspecties of het meenemen van verboden voorwerpen, de douaniers houden het allemaal in de gaten.","formattedEpisodeNumbering":null,"formattedDate":"Zo 2 mei. 2021","formattedDateShort":"Mei. 2021","formattedTime":"19:27","formattedDuration":"23m","formattedAvailabilityWindow":null,"formattedAvailabilityWindowShort":null,"image":{"portraitUrl":"https:\/\/images.nlziet.nl\/metadataimportimages\/source\/D867DF2135ECA03A254E1108D9DFE3003F2FFEAB8FE2664C1CC16DFDB7F01765.jpg","landscapeUrl":"https:\/\/images.nlziet.nl\/metadataimportimages\/source\/5E310817834A5AE1A210016768302855D5EFBC692DA1EFA30A5238B2E9C6AF7F.jpg"},"logo":{"normalUrl":"https:\/\/cdn.nlziet.nl\/static\/assets\/contentproviders\/sbs.png","darkUrl":"https:\/\/cdn.nlziet.nl\/static\/assets\/contentproviders\/dark\/sbs.png","flatUrl":"https:\/\/cdn.nlziet.nl\/static\/assets\/contentproviders\/flat\/sbs.png"},"tags":[],"seriesId":"6EBfsFV_3EqMK8x9C1vHew"},{"id":"PAcg7tgC8kKePWD59g8Iew","type":"Vod","title":"Border Security Australi\u00eb","subtitle":"Aflevering 11","description":"De landsgrenzen van Australi\u00eb worden voortdurend bedreigd. Of het nu gaat om drugssmokkel, illegale immigratie, inspecties of het meenemen van verboden voorwerpen, de douaniers houden het allemaal in de gaten.","formattedEpisodeNumbering":null,"formattedDate":"Zo 2 mei. 2021","formattedDateShort":"Mei. 2021","formattedTime":"18:56","formattedDuration":"22m","formattedAvailabilityWindow":null,"formattedAvailabilityWindowShort":null,"image":{"portraitUrl":"https:\/\/images.nlziet.nl\/metadataimportimages\/source\/832D2102EADB550F98B85A31B8A6D791FE91C9897459657BF87FF5EEB84FA613.jpg","landscapeUrl":"https:\/\/images.nlziet.nl\/metadataimportimages\/source\/B4F0551460DE94704F06D4B9F141C186A3294202F49BEAFFFEEAC7919CD493F4.jpg"},"logo":{"normalUrl":"https:\/\/cdn.nlziet.nl\/static\/assets\/contentproviders\/sbs.png","darkUrl":"https:\/\/cdn.nlziet.nl\/static\/assets\/contentproviders\/dark\/sbs.png","flatUrl":"https:\/\/cdn.nlziet.nl\/static\/assets\/contentproviders\/flat\/sbs.png"},"tags":[],"seriesId":"6EBfsFV_3EqMK8x9C1vHew"},{"id":"pMtHdmAaxEW4OUUVaA7-Uw","type":"Vod","title":"Border Security Australi\u00eb","subtitle":"Aflevering 9","description":"De landsgrenzen van Australi\u00eb worden voortdurend bedreigd. Of het nu gaat om drugssmokkel, illegale immigratie, inspecties of het meenemen van verboden voorwerpen, de douaniers houden het allemaal in de gaten.","formattedEpisodeNumbering":null,"formattedDate":"Zo 25 apr. 2021","formattedDateShort":"Apr. 2021","formattedTime":"18:59","formattedDuration":"22m","formattedAvailabilityWindow":null,"formattedAvailabilityWindowShort":null,"image":{"portraitUrl":"https:\/\/images.nlziet.nl\/metadataimportimages\/source\/3E5176BC18C4E8E38C9EF6738FA32CA234BA94748C039821CE1BC81257917E78.jpg","landscapeUrl":"https:\/\/images.nlziet.nl\/metadataimportimages\/source\/7D0D2EA5EB2BA558003A72BAC92154F755297B4F50BE4D9133A3422DF5F097B9.jpg"},"logo":{"normalUrl":"https:\/\/cdn.nlziet.nl\/static\/assets\/contentproviders\/sbs.png","darkUrl":"https:\/\/cdn.nlziet.nl\/static\/assets\/contentproviders\/dark\/sbs.png","flatUrl":"https:\/\/cdn.nlziet.nl\/static\/assets\/contentproviders\/flat\/sbs.png"},"tags":[],"seriesId":"6EBfsFV_3EqMK8x9C1vHew"},{"id":"kf-bCWIgkEeLCjVKAj1ILA","type":"Vod","title":"Border Security Australi\u00eb","subtitle":"Aflevering 8","description":"Een zwarte tas met messen komt zonder eigenaar aan in Perth. Een pakket met brandstoffilters uit Ecuador arriveert bij het postcentrum.","formattedEpisodeNumbering":null,"formattedDate":"Zo 18 apr. 2021","formattedDateShort":"Apr. 2021","formattedTime":"19:29","formattedDuration":"22m","formattedAvailabilityWindow":null,"formattedAvailabilityWindowShort":null,"image":{"portraitUrl":"https:\/\/images.nlziet.nl\/metadataimportimages\/source\/EDE9E1BE697481BB3EA174FF6D4EE848943E4A73A5594492C48BBEC53863EFC1.jpg","landscapeUrl":"https:\/\/images.nlziet.nl\/metadataimportimages\/source\/64865F52A5E60BD5A28F8B4A7A9A59547B257D82CB989A90D75F5E057E05240B.jpg"},"logo":{"normalUrl":"https:\/\/cdn.nlziet.nl\/static\/assets\/contentproviders\/sbs.png","darkUrl":"https:\/\/cdn.nlziet.nl\/static\/assets\/contentproviders\/dark\/sbs.png","flatUrl":"https:\/\/cdn.nlziet.nl\/static\/assets\/contentproviders\/flat\/sbs.png"},"tags":[],"seriesId":"6EBfsFV_3EqMK8x9C1vHew"},{"id":"-22_5YIKH0COvI9722MFFQ","type":"Vod","title":"Border Security Australi\u00eb","subtitle":"Aflevering 6","description":"Na een vakantie met vrienden op Bali, komt een passagier terug met een tas vol kattenkwaad. Een ongelooflijke onthulling shockeert de modewereld. En een onderzoek kan bewijzen dat een Ierse backpacker betrokken is bij oplichterij.","formattedEpisodeNumbering":null,"formattedDate":"Zo 11 apr. 2021","formattedDateShort":"Apr. 2021","formattedTime":"19:29","formattedDuration":"23m","formattedAvailabilityWindow":null,"formattedAvailabilityWindowShort":null,"image":{"portraitUrl":"https:\/\/images.nlziet.nl\/metadataimportimages\/source\/5980564A3999B58C12C77E9E38B75DEE503F47A1A24FAD5E651FCFB3955F5A90.jpg","landscapeUrl":"https:\/\/images.nlziet.nl\/metadataimportimages\/source\/FAAB1A135194FE7C4672EDA9ACE856FABF80565C34AC9344F2DA851F158D34DE.jpg"},"logo":{"normalUrl":"https:\/\/cdn.nlziet.nl\/static\/assets\/contentproviders\/sbs.png","darkUrl":"https:\/\/cdn.nlziet.nl\/static\/assets\/contentproviders\/dark\/sbs.png","flatUrl":"https:\/\/cdn.nlziet.nl\/static\/assets\/contentproviders\/flat\/sbs.png"},"tags":[],"seriesId":"6EBfsFV_3EqMK8x9C1vHew"},{"id":"CeaRuKv4C0WkwGakmRFe7A","type":"Vod","title":"Border Security","subtitle":"Aflevering 5","description":"Een vrouw probeert zich over de grens te praten, maar de agenten vinden alle antwoorden die ze nodig hebben. Dit is niet de eerste keer dat immigratie een probleem heeft met deze passagier. En een verrassende vondst eindigt in tranen.","formattedEpisodeNumbering":null,"formattedDate":"Zo 11 apr. 2021","formattedDateShort":"Apr. 2021","formattedTime":"18:58","formattedDuration":"22m","formattedAvailabilityWindow":null,"formattedAvailabilityWindowShort":null,"image":{"portraitUrl":"https:\/\/images.nlziet.nl\/metadataimportimages\/source\/C78C611D0B2930C166A90DC9E7324BFD13613662D10F77AE4148F1AB504ED536.jpg","landscapeUrl":"https:\/\/images.nlziet.nl\/metadataimportimages\/source\/D377AB0F7AC28D84AD0C5B34692C2508E106BC33727E7D52FFA4DE2FD383AEA9.jpg"},"logo":{"normalUrl":"https:\/\/cdn.nlziet.nl\/static\/assets\/contentproviders\/sbs.png","darkUrl":"https:\/\/cdn.nlziet.nl\/static\/assets\/contentproviders\/dark\/sbs.png","flatUrl":"https:\/\/cdn.nlziet.nl\/static\/assets\/contentproviders\/flat\/sbs.png"},"tags":[],"seriesId":"6EBfsFV_3EqMK8x9C1vHew"},{"id":"HWc4ArsId0ChvsHNfbnczw","type":"Vod","title":"Border Security: Australi\u00eb","subtitle":"Aflevering 4","description":"De landsgrenzen worden voortdurend bedreigd. Of het nu gaat om drugssmokkel, illegale immigratie, infecties of het meenemen van verboden voorwerpen, de douaniers houden het allemaal in de gaten. Het gaat er soms heftig aan toe en de douaniers hebben er dan ook hun handen vol aan.","formattedEpisodeNumbering":null,"formattedDate":"Zo 28 aug.","formattedDateShort":"Zo 28 aug.","formattedTime":"18:30","formattedDuration":"1u 8m","formattedAvailabilityWindow":null,"formattedAvailabilityWindowShort":null,"image":{"portraitUrl":null,"landscapeUrl":"https:\/\/images.nlziet.nl\/metadataimportimages\/source\/9841F51C4BDA6C08E5BD70655C16013CA2917AA6A5346246DA482914AD6D3970.jpg"},"logo":{"normalUrl":"https:\/\/cdn.nlziet.nl\/static\/assets\/contentproviders\/sbs.png","darkUrl":"https:\/\/cdn.nlziet.nl\/static\/assets\/contentproviders\/dark\/sbs.png","flatUrl":"https:\/\/cdn.nlziet.nl\/static\/assets\/contentproviders\/flat\/sbs.png"},"tags":[],"seriesId":"6EBfsFV_3EqMK8x9C1vHew"},{"id":"Z7I5Vawmg02JL3VBYb7V-w","type":"Vod","title":"Border Security: Australi\u00eb","subtitle":"Aflevering 3","description":"Veronica - De landsgrenzen worden voortdurend bedreigd. Of het nu gaat om drugssmokkel, illegale immigratie, infecties of het meenemen van verboden voorwerpen, de douaniers houden het allemaal in de gaten. Het gaat er soms heftig aan toe en de douaniers hebben er dan ook hun handen vol aan.","formattedEpisodeNumbering":null,"formattedDate":"Zo 21 aug.","formattedDateShort":"Zo 21 aug.","formattedTime":"18:32","formattedDuration":"1u 5m","formattedAvailabilityWindow":null,"formattedAvailabilityWindowShort":null,"image":{"portraitUrl":null,"landscapeUrl":"https:\/\/images.nlziet.nl\/metadataimportimages\/source\/8F89D92D91D2DB6D1CD7F661F5410B1119A95DBBA86CE8106337423F643EC78D.jpg"},"logo":{"normalUrl":"https:\/\/cdn.nlziet.nl\/static\/assets\/contentproviders\/sbs.png","darkUrl":"https:\/\/cdn.nlziet.nl\/static\/assets\/contentproviders\/dark\/sbs.png","flatUrl":"https:\/\/cdn.nlziet.nl\/static\/assets\/contentproviders\/flat\/sbs.png"},"tags":[],"seriesId":"6EBfsFV_3EqMK8x9C1vHew"},{"id":"lMw-0HOBxU6Vo-dFYxcAfA","type":"Vod","title":"Border Security: Australi\u00eb","subtitle":"Aflevering 3","description":"De landsgrenzen worden voortdurend bedreigd. Of het nu gaat om drugssmokkel, illegale immigratie, infecties of het meenemen van verboden voorwerpen, de douaniers houden het allemaal in de gaten. Het gaat er soms heftig aan toe en de douaniers hebben er dan ook hun handen vol aan.","formattedEpisodeNumbering":null,"formattedDate":"Zo 18 sep.","formattedDateShort":"Zo 18 sep.","formattedTime":"19:01","formattedDuration":"42m","formattedAvailabilityWindow":null,"formattedAvailabilityWindowShort":null,"image":{"portraitUrl":null,"landscapeUrl":"https:\/\/images.nlziet.nl\/metadataimportimages\/source\/6C7A666FC22243C59F2C0F90AC39ABDCE7B8EC23386CD80CD3D52C1FF835144C.jpg"},"logo":{"normalUrl":"https:\/\/cdn.nlziet.nl\/static\/assets\/contentproviders\/sbs.png","darkUrl":"https:\/\/cdn.nlziet.nl\/static\/assets\/contentproviders\/dark\/sbs.png","flatUrl":"https:\/\/cdn.nlziet.nl\/static\/assets\/contentproviders\/flat\/sbs.png"},"tags":[],"seriesId":"6EBfsFV_3EqMK8x9C1vHew"},{"id":"IicKW5nhTEqZfm-NdeGLRQ","type":"Vod","title":"Border Security: Australi\u00eb","subtitle":"Aflevering 2","description":"Een Australische passagier die terugkeert uit Libanon heeft een tas vol verrassingen. Een jonge Amerikaan komt erachter dat je iemand nooit helemaal kent.","formattedEpisodeNumbering":null,"formattedDate":"Zo 28 mrt. 2021","formattedDateShort":"Mrt. 2021","formattedTime":"19:29","formattedDuration":"22m","formattedAvailabilityWindow":null,"formattedAvailabilityWindowShort":null,"image":{"portraitUrl":"https:\/\/images.nlziet.nl\/metadataimportimages\/source\/9D508451D70EE6B8EF6449155361EE62E47703B51581470C8BAF06D1482C5D27.jpg","landscapeUrl":"https:\/\/images.nlziet.nl\/metadataimportimages\/source\/B712E05C256DEA77292281653924E134C1BD00C0BEEE6CC1E6AD9C8040AE6FAC.jpg"},"logo":{"normalUrl":"https:\/\/cdn.nlziet.nl\/static\/assets\/contentproviders\/sbs.png","darkUrl":"https:\/\/cdn.nlziet.nl\/static\/assets\/contentproviders\/dark\/sbs.png","flatUrl":"https:\/\/cdn.nlziet.nl\/static\/assets\/contentproviders\/flat\/sbs.png"},"tags":[],"seriesId":"6EBfsFV_3EqMK8x9C1vHew"},{"id":"Z97TbwxtckGvSFhR093hng","type":"Vod","title":"Border Security: Australi\u00eb","subtitle":"Aflevering 2","description":"Veronica - Na een vakantie met vrienden op Bali, komt een passagier terug met een tas vol kattenkwaad. Een ongelooflijke onthulling shockeert de modewereld. En een onderzoek kan bewijzen dat een Ierse backpacker betrokken is bij oplichterij. Een Maleisische reiziger komt aan op de luchthaven Gold Coast met een vreemd voorwerp aan zijn lichaam vastgebonden. Een pakket uit Brazili\u00eb met een juwelendoosje wekt argwaan bij de douanebeambten.","formattedEpisodeNumbering":null,"formattedDate":"Zo 14 aug.","formattedDateShort":"Zo 14 aug.","formattedTime":"18:32","formattedDuration":"1u 5m","formattedAvailabilityWindow":null,"formattedAvailabilityWindowShort":null,"image":{"portraitUrl":null,"landscapeUrl":"https:\/\/images.nlziet.nl\/metadataimportimages\/source\/93856671A1278350564A5E007C56D33E7DC4CEB70DB0F6787A0959FE042BA77B.jpg"},"logo":{"normalUrl":"https:\/\/cdn.nlziet.nl\/static\/assets\/contentproviders\/sbs.png","darkUrl":"https:\/\/cdn.nlziet.nl\/static\/assets\/contentproviders\/dark\/sbs.png","flatUrl":"https:\/\/cdn.nlziet.nl\/static\/assets\/contentproviders\/flat\/sbs.png"},"tags":[],"seriesId":"6EBfsFV_3EqMK8x9C1vHew"},{"id":"dwTOrRK_SUKMn2Tbao6NIA","type":"Vod","title":"Border Security: Australi\u00eb","subtitle":"Aflevering 2","description":"Een Australische passagier die terugkeert uit Libanon heeft een tas vol verrassingen. Een jonge Amerikaan komt erachter dat je iemand nooit helemaal kent.","formattedEpisodeNumbering":null,"formattedDate":"Zo 11 sep.","formattedDateShort":"Zo 11 sep.","formattedTime":"19:02","formattedDuration":"43m","formattedAvailabilityWindow":null,"formattedAvailabilityWindowShort":null,"image":{"portraitUrl":null,"landscapeUrl":"https:\/\/images.nlziet.nl\/metadataimportimages\/source\/265CFF6351D8227E7DD7D07B203E105B3CB9724D1CC59D7ED0769181660DCA32.jpg"},"logo":{"normalUrl":"https:\/\/cdn.nlziet.nl\/static\/assets\/contentproviders\/sbs.png","darkUrl":"https:\/\/cdn.nlziet.nl\/static\/assets\/contentproviders\/dark\/sbs.png","flatUrl":"https:\/\/cdn.nlziet.nl\/static\/assets\/contentproviders\/flat\/sbs.png"},"tags":[],"seriesId":"6EBfsFV_3EqMK8x9C1vHew"},{"id":"7Ys2I7CBy0GUPaF-SVJTXg","type":"Vod","title":"Border Security: Australi\u00eb","subtitle":"Aflevering 1","description":"Een Singaporese passagier is op vakantie, maar de douane is ge\u00efnteresseerd in het voedsel dat hij heeft meegenomen. Een inval door immigratie verrast een paar mensen. Een vrouw die terugkeert uit Itali\u00eb moet eerst bij de quarantainebeambten komen voordat ze haar man kan wederzien.","formattedEpisodeNumbering":null,"formattedDate":"Zo 28 mrt. 2021","formattedDateShort":"Mrt. 2021","formattedTime":"18:59","formattedDuration":"21m","formattedAvailabilityWindow":null,"formattedAvailabilityWindowShort":null,"image":{"portraitUrl":"https:\/\/images.nlziet.nl\/metadataimportimages\/source\/329AB00537BA2338DEA1C61CD71439891066B212B1B37082F8566FFE0FE3671C.jpg","landscapeUrl":"https:\/\/images.nlziet.nl\/metadataimportimages\/source\/84781FB528122ACF988040C097FDD195BF07D23747E54BB4C358CE0F5BDDAAC4.jpg"},"logo":{"normalUrl":"https:\/\/cdn.nlziet.nl\/static\/assets\/contentproviders\/sbs.png","darkUrl":"https:\/\/cdn.nlziet.nl\/static\/assets\/contentproviders\/dark\/sbs.png","flatUrl":"https:\/\/cdn.nlziet.nl\/static\/assets\/contentproviders\/flat\/sbs.png"},"tags":[],"seriesId":"6EBfsFV_3EqMK8x9C1vHew"},{"id":"zizesLTy1k-AoKkBsUfrcQ","type":"Vod","title":"Border Security: Australi\u00eb","subtitle":"Aflevering 1","description":"Veronica - Een zoektocht eindigt met een dramatische uitval. En agenten denken dat een laptop het bewijs voor oplichterij verbergt, maar de passagier beweert dat hij onschuldig is. Een passagier geeft toe dat hij verdovende middelen heeft gebruikt, maar agenten vinden iets anders dat hij moeilijk uit kan leggen. En de ontdekking van een mysterieuze substantie zet agenten op hun hoede. Een vrouw probeert zich door de grenscontrole te praten, maar de agenten vinden alle antwoorden die ze nodig hebben. Dit is niet de eerste keer dat immigratie een probleem heeft met deze passagier. En een verrassende vondst eindigt in tranen.","formattedEpisodeNumbering":null,"formattedDate":"Zo 7 aug.","formattedDateShort":"Zo 7 aug.","formattedTime":"18:30","formattedDuration":"1u 7m","formattedAvailabilityWindow":null,"formattedAvailabilityWindowShort":null,"image":{"portraitUrl":null,"landscapeUrl":"https:\/\/images.nlziet.nl\/metadataimportimages\/source\/44EF9D2AEF2AA54F97EF6F9015DC7CC58E18EAC33A1C887AED0D8888CEBC510C.jpg"},"logo":{"normalUrl":"https:\/\/cdn.nlziet.nl\/static\/assets\/contentproviders\/sbs.png","darkUrl":"https:\/\/cdn.nlziet.nl\/static\/assets\/contentproviders\/dark\/sbs.png","flatUrl":"https:\/\/cdn.nlziet.nl\/static\/assets\/contentproviders\/flat\/sbs.png"},"tags":[],"seriesId":"6EBfsFV_3EqMK8x9C1vHew"},{"id":"6t5oVQbvp0q7l04VGo83jA","type":"Vod","title":"Border Security: Australi\u00eb","subtitle":"Aflevering 1","description":"Een Singaporese passagier is op vakantie, maar de douane is ge\u00efnteresseerd in het voedsel dat hij heeft meegenomen. Een inval door immigratie verrast een paar mensen. Een vrouw die terugkeert uit Itali\u00eb moet eerst bij de quarantainebeambten komen voordat ze haar man kan wederzien.","formattedEpisodeNumbering":null,"formattedDate":"Zo 4 sep.","formattedDateShort":"Zo 4 sep.","formattedTime":"19:02","formattedDuration":"41m","formattedAvailabilityWindow":null,"formattedAvailabilityWindowShort":null,"image":{"portraitUrl":null,"landscapeUrl":"https:\/\/images.nlziet.nl\/metadataimportimages\/source\/ADD90C1845FB2B4970CAB1BF07689917E374F03DE05A7B60C545021DCC39E36E.jpg"},"logo":{"normalUrl":"https:\/\/cdn.nlziet.nl\/static\/assets\/contentproviders\/sbs.png","darkUrl":"https:\/\/cdn.nlziet.nl\/static\/assets\/contentproviders\/dark\/sbs.png","flatUrl":"https:\/\/cdn.nlziet.nl\/static\/assets\/contentproviders\/flat\/sbs.png"},"tags":[],"seriesId":"6EBfsFV_3EqMK8x9C1vHew"}]