[{"id":"k0KgVtNEuUC3d62eldYK4A","type":"Vod","title":"Zappsport","subtitle":"Z@ppSport","description":"TROS - Sportmagazine voor de jeugd. Vast element is de spannende battle: Wie zijn er beter in een bepaalde sport: de jongens of de meisjes? Tevens kunnen kinderen met een sportprobleem de hulp inroepen van hun idool en stelt Ron Boszhard vragen tijdens een supersnel interview. Verder aandacht voor jong sporttalent, belangrijke kampioenschappen en je ziet de coolste sporttricks in The Move.","formattedEpisodeNumbering":null,"formattedDate":"Zo 4 jan. 2009","formattedDateShort":"Jan. 2009","formattedTime":"08:50","formattedDuration":"15m","formattedAvailabilityWindow":null,"formattedAvailabilityWindowShort":null,"image":{"portraitUrl":null,"landscapeUrl":"https:\/\/images.nlziet.nl\/metadataimportimages\/source\/76A5BAF5BB8570AD4AFD5C0D9D931F94506306A13562C7A61D53B0513AF683DE.jpg"},"logo":{"normalUrl":"https:\/\/cdn.nlziet.nl\/static\/assets\/contentproviders\/npo.png","darkUrl":"https:\/\/cdn.nlziet.nl\/static\/assets\/contentproviders\/dark\/npo.png","flatUrl":"https:\/\/cdn.nlziet.nl\/static\/assets\/contentproviders\/flat\/npo.png"},"tags":[],"seriesId":"7QrOqPrilEGeM3pgWB1w1A"},{"id":"eIDOfDrKvkerBvZIhSbKjg","type":"Vod","title":"Zappsport","subtitle":"Z@ppSport","description":"TROS - Sportmagazine voor de jeugd. Vast element is de spannende battle: Wie zijn er beter in een bepaalde sport: de jongens of de meisjes? Tevens kunnen kinderen met een sportprobleem de hulp inroepen van hun idool en stelt Ron Boszhard vragen tijdens een supersnel interview. Verder aandacht voor jong sporttalent, belangrijke kampioenschappen en je ziet de coolste sporttricks in The Move.","formattedEpisodeNumbering":null,"formattedDate":"Zo 28 dec. 2008","formattedDateShort":"Dec. 2008","formattedTime":"08:45","formattedDuration":"15m","formattedAvailabilityWindow":null,"formattedAvailabilityWindowShort":null,"image":{"portraitUrl":null,"landscapeUrl":"https:\/\/images.nlziet.nl\/metadataimportimages\/source\/76A5BAF5BB8570AD4AFD5C0D9D931F94506306A13562C7A61D53B0513AF683DE.jpg"},"logo":{"normalUrl":"https:\/\/cdn.nlziet.nl\/static\/assets\/contentproviders\/npo.png","darkUrl":"https:\/\/cdn.nlziet.nl\/static\/assets\/contentproviders\/dark\/npo.png","flatUrl":"https:\/\/cdn.nlziet.nl\/static\/assets\/contentproviders\/flat\/npo.png"},"tags":[],"seriesId":"7QrOqPrilEGeM3pgWB1w1A"},{"id":"VWqTMum6rkO4VZ9sC8CN6w","type":"Vod","title":"Zappsport","subtitle":"Z@ppSport","description":"TROS - Sportmagazine voor de jeugd. Vast element is de spannende battle: Wie zijn er beter in een bepaalde sport: de jongens of de meisjes? Tevens kunnen kinderen met een sportprobleem de hulp inroepen van hun idool en stelt Ron Boszhard vragen tijdens een supersnel interview. Verder aandacht voor jong sporttalent, belangrijke kampioenschappen en je ziet de coolste sporttricks in The Move.","formattedEpisodeNumbering":null,"formattedDate":"Zo 31 aug. 2008","formattedDateShort":"Aug. 2008","formattedTime":"08:45","formattedDuration":"20m","formattedAvailabilityWindow":null,"formattedAvailabilityWindowShort":null,"image":{"portraitUrl":null,"landscapeUrl":"https:\/\/images.nlziet.nl\/metadataimportimages\/source\/76A5BAF5BB8570AD4AFD5C0D9D931F94506306A13562C7A61D53B0513AF683DE.jpg"},"logo":{"normalUrl":"https:\/\/cdn.nlziet.nl\/static\/assets\/contentproviders\/npo.png","darkUrl":"https:\/\/cdn.nlziet.nl\/static\/assets\/contentproviders\/dark\/npo.png","flatUrl":"https:\/\/cdn.nlziet.nl\/static\/assets\/contentproviders\/flat\/npo.png"},"tags":[],"seriesId":"7QrOqPrilEGeM3pgWB1w1A"},{"id":"zA_7sWG_3UeNiGeO3IhXUQ","type":"Vod","title":"Zappsport","subtitle":"Z@ppSport","description":"TROS - Sportmagazine voor de jeugd. Vast element is de spannende battle: Wie zijn er beter in een bepaalde sport: de jongens of de meisjes? Tevens kunnen kinderen met een sportprobleem de hulp inroepen van hun idool en stelt Ron Boszhard vragen tijdens een supersnel interview. Verder aandacht voor jong sporttalent, belangrijke kampioenschappen en je ziet de coolste sporttricks in The Move.","formattedEpisodeNumbering":null,"formattedDate":"Za 30 aug. 2008","formattedDateShort":"Aug. 2008","formattedTime":"08:50","formattedDuration":"20m","formattedAvailabilityWindow":null,"formattedAvailabilityWindowShort":null,"image":{"portraitUrl":null,"landscapeUrl":"https:\/\/images.nlziet.nl\/metadataimportimages\/source\/76A5BAF5BB8570AD4AFD5C0D9D931F94506306A13562C7A61D53B0513AF683DE.jpg"},"logo":{"normalUrl":"https:\/\/cdn.nlziet.nl\/static\/assets\/contentproviders\/npo.png","darkUrl":"https:\/\/cdn.nlziet.nl\/static\/assets\/contentproviders\/dark\/npo.png","flatUrl":"https:\/\/cdn.nlziet.nl\/static\/assets\/contentproviders\/flat\/npo.png"},"tags":[],"seriesId":"7QrOqPrilEGeM3pgWB1w1A"},{"id":"uV_yAsNGbkWnlrTaJHcH8Q","type":"Vod","title":"Zappsport","subtitle":"Z@ppSport","description":"TROS - Sportmagazine voor de jeugd. Vast element is de spannende battle: Wie zijn er beter in een bepaalde sport: de jongens of de meisjes? Tevens kunnen kinderen met een sportprobleem de hulp inroepen van hun idool en stelt Ron Boszhard vragen tijdens een supersnel interview. Ook is er aandacht voor Kids Soccer, h\u00e9t voetbalevenement voor de jeugd waar grote talenten zijn ontdekt. De deelnemers dromen er dan ook van om prof te worden! Verder volgen we jong sporttalent dat meedoet aan een belangrijk toernooi en zie je de coolste sporttricks in de Move.","formattedEpisodeNumbering":null,"formattedDate":"Zo 3 aug. 2008","formattedDateShort":"Aug. 2008","formattedTime":"08:50","formattedDuration":"18m","formattedAvailabilityWindow":null,"formattedAvailabilityWindowShort":null,"image":{"portraitUrl":null,"landscapeUrl":"https:\/\/images.nlziet.nl\/metadataimportimages\/source\/76A5BAF5BB8570AD4AFD5C0D9D931F94506306A13562C7A61D53B0513AF683DE.jpg"},"logo":{"normalUrl":"https:\/\/cdn.nlziet.nl\/static\/assets\/contentproviders\/npo.png","darkUrl":"https:\/\/cdn.nlziet.nl\/static\/assets\/contentproviders\/dark\/npo.png","flatUrl":"https:\/\/cdn.nlziet.nl\/static\/assets\/contentproviders\/flat\/npo.png"},"tags":[],"seriesId":"7QrOqPrilEGeM3pgWB1w1A"},{"id":"8ROGMCOBEkexn8mDJcWn7w","type":"Vod","title":"Zappsport","subtitle":"Z@ppSport","description":"TROS - Sportmagazine voor de jeugd. Vast element is de spannende battle: Wie zijn er beter in een bepaalde sport: de jongens of de meisjes? Tevens kunnen kinderen met een sportprobleem de hulp inroepen van hun idool en stelt Ron Boszhard vragen tijdens een supersnel interview. Ook is er aandacht voor Kids Soccer, h\u00e9t voetbalevenement voor de jeugd waar grote talenten zijn ontdekt. De deelnemers dromen er dan ook van om prof te worden! Verder volgen we jong sporttalent dat meedoet aan een belangrijk toernooi en zie je de coolste sporttricks in de Move.","formattedEpisodeNumbering":null,"formattedDate":"Za 2 aug. 2008","formattedDateShort":"Aug. 2008","formattedTime":"08:50","formattedDuration":"20m","formattedAvailabilityWindow":null,"formattedAvailabilityWindowShort":null,"image":{"portraitUrl":null,"landscapeUrl":"https:\/\/images.nlziet.nl\/metadataimportimages\/source\/76A5BAF5BB8570AD4AFD5C0D9D931F94506306A13562C7A61D53B0513AF683DE.jpg"},"logo":{"normalUrl":"https:\/\/cdn.nlziet.nl\/static\/assets\/contentproviders\/npo.png","darkUrl":"https:\/\/cdn.nlziet.nl\/static\/assets\/contentproviders\/dark\/npo.png","flatUrl":"https:\/\/cdn.nlziet.nl\/static\/assets\/contentproviders\/flat\/npo.png"},"tags":[],"seriesId":"7QrOqPrilEGeM3pgWB1w1A"},{"id":"lo03Y7u0nkq9RTAWdxMhgQ","type":"Vod","title":"Zappsport","subtitle":"Z@ppSport","description":"TROS - Sportmagazine voor de jeugd. Vast element is de spannende battle: Wie zijn er beter in een bepaalde sport: de jongens of de meisjes? Tevens kunnen kinderen met een sportprobleem de hulp inroepen van hun idool en stelt Ron Boszhard vragen tijdens een supersnel interview. Ook is er aandacht voor Kids Soccer, h\u00e9t voetbalevenement voor de jeugd waar grote talenten zijn ontdekt. De deelnemers dromen er dan ook van om prof te worden! Verder volgen we jong sporttalent dat meedoet aan een belangrijk toernooi en zie je de coolste sporttricks in de Move.","formattedEpisodeNumbering":null,"formattedDate":"Zo 27 jul. 2008","formattedDateShort":"Jul. 2008","formattedTime":"08:50","formattedDuration":"20m","formattedAvailabilityWindow":null,"formattedAvailabilityWindowShort":null,"image":{"portraitUrl":null,"landscapeUrl":"https:\/\/images.nlziet.nl\/metadataimportimages\/source\/76A5BAF5BB8570AD4AFD5C0D9D931F94506306A13562C7A61D53B0513AF683DE.jpg"},"logo":{"normalUrl":"https:\/\/cdn.nlziet.nl\/static\/assets\/contentproviders\/npo.png","darkUrl":"https:\/\/cdn.nlziet.nl\/static\/assets\/contentproviders\/dark\/npo.png","flatUrl":"https:\/\/cdn.nlziet.nl\/static\/assets\/contentproviders\/flat\/npo.png"},"tags":[],"seriesId":"7QrOqPrilEGeM3pgWB1w1A"},{"id":"CE1wfrPjJUaYVmffR1plQg","type":"Vod","title":"Zappsport","subtitle":"Z@ppSport","description":"TROS - Sportmagazine voor de jeugd. Vast element is de spannende battle: Wie zijn er beter in een bepaalde sport: de jongens of de meisjes? Tevens kunnen kinderen met een sportprobleem de hulp inroepen van hun idool en stelt Ron Boszhard vragen tijdens een supersnel interview. Ook is er aandacht voor Kids Soccer, h\u00e9t voetbalevenement voor de jeugd waar grote talenten zijn ontdekt. De deelnemers dromen er dan ook van om prof te worden! Verder volgen we jong sporttalent dat meedoet aan een belangrijk toernooi en zie je de coolste sporttricks in de Move.","formattedEpisodeNumbering":null,"formattedDate":"Za 26 jul. 2008","formattedDateShort":"Jul. 2008","formattedTime":"08:50","formattedDuration":"20m","formattedAvailabilityWindow":null,"formattedAvailabilityWindowShort":null,"image":{"portraitUrl":null,"landscapeUrl":"https:\/\/images.nlziet.nl\/metadataimportimages\/source\/76A5BAF5BB8570AD4AFD5C0D9D931F94506306A13562C7A61D53B0513AF683DE.jpg"},"logo":{"normalUrl":"https:\/\/cdn.nlziet.nl\/static\/assets\/contentproviders\/npo.png","darkUrl":"https:\/\/cdn.nlziet.nl\/static\/assets\/contentproviders\/dark\/npo.png","flatUrl":"https:\/\/cdn.nlziet.nl\/static\/assets\/contentproviders\/flat\/npo.png"},"tags":[],"seriesId":"7QrOqPrilEGeM3pgWB1w1A"},{"id":"OzI_fcqz7EqneAtdVwnIUg","type":"Vod","title":"Zappsport","subtitle":"Z@ppSport","description":"TROS - Sportmagazine voor de jeugd. Vast element is de spannende battle: Wie zijn er beter in een bepaalde sport: de jongens of de meisjes? Tevens kunnen kinderen met een sportprobleem de hulp inroepen van hun idool en stelt Ron Boszhard vragen tijdens een supersnel interview. Ook is er aandacht voor Kids Soccer, h\u00e9t voetbalevenement voor de jeugd waar grote talenten zijn ontdekt. De deelnemers dromen er dan ook van om prof te worden! Verder volgen we jong sporttalent dat meedoet aan een belangrijk toernooi en zie je de coolste sporttricks in de Move.","formattedEpisodeNumbering":null,"formattedDate":"Zo 20 jul. 2008","formattedDateShort":"Jul. 2008","formattedTime":"08:50","formattedDuration":"20m","formattedAvailabilityWindow":null,"formattedAvailabilityWindowShort":null,"image":{"portraitUrl":null,"landscapeUrl":"https:\/\/images.nlziet.nl\/metadataimportimages\/source\/76A5BAF5BB8570AD4AFD5C0D9D931F94506306A13562C7A61D53B0513AF683DE.jpg"},"logo":{"normalUrl":"https:\/\/cdn.nlziet.nl\/static\/assets\/contentproviders\/npo.png","darkUrl":"https:\/\/cdn.nlziet.nl\/static\/assets\/contentproviders\/dark\/npo.png","flatUrl":"https:\/\/cdn.nlziet.nl\/static\/assets\/contentproviders\/flat\/npo.png"},"tags":[],"seriesId":"7QrOqPrilEGeM3pgWB1w1A"},{"id":"_ezhcu6mj0WpyAyWldbGzw","type":"Vod","title":"Zappsport","subtitle":"Z@ppSport","description":"TROS - Sportmagazine voor de jeugd. Vast element is de spannende battle: Wie zijn er beter in een bepaalde sport: de jongens of de meisjes? Tevens kunnen kinderen met een sportprobleem de hulp inroepen van hun idool en stelt Ron Boszhard vragen tijdens een supersnel interview. Ook is er aandacht voor Kids Soccer, h\u00e9t voetbalevenement voor de jeugd waar grote talenten zijn ontdekt. De deelnemers dromen er dan ook van om prof te worden! Verder volgen we jong sporttalent dat meedoet aan een belangrijk toernooi en zie je de coolste sporttricks in de Move.","formattedEpisodeNumbering":null,"formattedDate":"Za 19 jul. 2008","formattedDateShort":"Jul. 2008","formattedTime":"08:50","formattedDuration":"20m","formattedAvailabilityWindow":null,"formattedAvailabilityWindowShort":null,"image":{"portraitUrl":null,"landscapeUrl":"https:\/\/images.nlziet.nl\/metadataimportimages\/source\/76A5BAF5BB8570AD4AFD5C0D9D931F94506306A13562C7A61D53B0513AF683DE.jpg"},"logo":{"normalUrl":"https:\/\/cdn.nlziet.nl\/static\/assets\/contentproviders\/npo.png","darkUrl":"https:\/\/cdn.nlziet.nl\/static\/assets\/contentproviders\/dark\/npo.png","flatUrl":"https:\/\/cdn.nlziet.nl\/static\/assets\/contentproviders\/flat\/npo.png"},"tags":[],"seriesId":"7QrOqPrilEGeM3pgWB1w1A"},{"id":"Pe_SWWrJyUqHJNcPe4_xvQ","type":"Vod","title":"Zappsport","subtitle":"Z@ppSport","description":"TROS - Sportmagazine voor de jeugd. Vast element is de spannende battle: Wie zijn er beter in een bepaalde sport: de jongens of de meisjes? Tevens kunnen kinderen met een sportprobleem de hulp inroepen van hun idool en stelt Ron Boszhard vragen tijdens een supersnel interview. Ook is er aandacht voor Kids Soccer, h\u00e9t voetbalevenement voor de jeugd waar grote talenten zijn ontdekt. De deelnemers dromen er dan ook van om prof te worden! Verder volgen we jong sporttalent dat meedoet aan een belangrijk toernooi en zie je de coolste sporttricks in de Move.","formattedEpisodeNumbering":null,"formattedDate":"Zo 13 jul. 2008","formattedDateShort":"Jul. 2008","formattedTime":"08:50","formattedDuration":"20m","formattedAvailabilityWindow":null,"formattedAvailabilityWindowShort":null,"image":{"portraitUrl":null,"landscapeUrl":"https:\/\/images.nlziet.nl\/metadataimportimages\/source\/76A5BAF5BB8570AD4AFD5C0D9D931F94506306A13562C7A61D53B0513AF683DE.jpg"},"logo":{"normalUrl":"https:\/\/cdn.nlziet.nl\/static\/assets\/contentproviders\/npo.png","darkUrl":"https:\/\/cdn.nlziet.nl\/static\/assets\/contentproviders\/dark\/npo.png","flatUrl":"https:\/\/cdn.nlziet.nl\/static\/assets\/contentproviders\/flat\/npo.png"},"tags":[],"seriesId":"7QrOqPrilEGeM3pgWB1w1A"},{"id":"zkaB7eiBukqqhfRRRHgKnQ","type":"Vod","title":"Zappsport","subtitle":"Z@ppSport","description":"TROS - Sportmagazine voor de jeugd. Vast element is de spannende battle: Wie zijn er beter in een bepaalde sport: de jongens of de meisjes? Tevens kunnen kinderen met een sportprobleem de hulp inroepen van hun idool en stelt Ron Boszhard vragen tijdens een supersnel interview. Ook is er aandacht voor Kids Soccer, h\u00e9t voetbalevenement voor de jeugd waar grote talenten zijn ontdekt. De deelnemers dromen er dan ook van om prof te worden! Verder volgen we jong sporttalent dat meedoet aan een belangrijk toernooi en zie je de coolste sporttricks in de Move.","formattedEpisodeNumbering":null,"formattedDate":"Za 12 jul. 2008","formattedDateShort":"Jul. 2008","formattedTime":"08:50","formattedDuration":"20m","formattedAvailabilityWindow":null,"formattedAvailabilityWindowShort":null,"image":{"portraitUrl":null,"landscapeUrl":"https:\/\/images.nlziet.nl\/metadataimportimages\/source\/76A5BAF5BB8570AD4AFD5C0D9D931F94506306A13562C7A61D53B0513AF683DE.jpg"},"logo":{"normalUrl":"https:\/\/cdn.nlziet.nl\/static\/assets\/contentproviders\/npo.png","darkUrl":"https:\/\/cdn.nlziet.nl\/static\/assets\/contentproviders\/dark\/npo.png","flatUrl":"https:\/\/cdn.nlziet.nl\/static\/assets\/contentproviders\/flat\/npo.png"},"tags":[],"seriesId":"7QrOqPrilEGeM3pgWB1w1A"},{"id":"S1cQApnITE6thkvAqtOzvg","type":"Vod","title":"Zappsport","subtitle":"Z@ppSport","description":"TROS - Sportmagazine voor de jeugd. Vast element is de spannende battle: Wie zijn er beter in een bepaalde sport: de jongens of de meisjes? Tevens kunnen kinderen met een sportprobleem de hulp inroepen van hun idool en stelt Ron Boszhard vragen tijdens een supersnel interview. Ook is er aandacht voor Kids Soccer, h\u00e9t voetbalevenement voor de jeugd waar grote talenten zijn ontdekt. De deelnemers dromen er dan ook van om prof te worden! Verder volgen we jong sporttalent dat meedoet aan een belangrijk toernooi en zie je de coolste sporttricks in de Move.","formattedEpisodeNumbering":null,"formattedDate":"Zo 6 jul. 2008","formattedDateShort":"Jul. 2008","formattedTime":"08:50","formattedDuration":"20m","formattedAvailabilityWindow":null,"formattedAvailabilityWindowShort":null,"image":{"portraitUrl":null,"landscapeUrl":"https:\/\/images.nlziet.nl\/metadataimportimages\/source\/76A5BAF5BB8570AD4AFD5C0D9D931F94506306A13562C7A61D53B0513AF683DE.jpg"},"logo":{"normalUrl":"https:\/\/cdn.nlziet.nl\/static\/assets\/contentproviders\/npo.png","darkUrl":"https:\/\/cdn.nlziet.nl\/static\/assets\/contentproviders\/dark\/npo.png","flatUrl":"https:\/\/cdn.nlziet.nl\/static\/assets\/contentproviders\/flat\/npo.png"},"tags":[],"seriesId":"7QrOqPrilEGeM3pgWB1w1A"},{"id":"0ZQj_e9Tg0itYO7gbCKdwg","type":"Vod","title":"Zappsport","subtitle":"Z@ppSport","description":"TROS - Sportmagazine voor de jeugd. Vast element is de spannende battle: Wie zijn er beter in een bepaalde sport: de jongens of de meisjes? Tevens kunnen kinderen met een sportprobleem de hulp inroepen van hun idool en stelt Ron Boszhard vragen tijdens een supersnel interview. Ook is er aandacht voor Kids Soccer, h\u00e9t voetbalevenement voor de jeugd waar grote talenten zijn ontdekt. De deelnemers dromen er dan ook van om prof te worden! Verder volgen we jong sporttalent dat meedoet aan een belangrijk toernooi en zie je de coolste sporttricks in de Move.","formattedEpisodeNumbering":null,"formattedDate":"Za 5 jul. 2008","formattedDateShort":"Jul. 2008","formattedTime":"08:48","formattedDuration":"17m","formattedAvailabilityWindow":null,"formattedAvailabilityWindowShort":null,"image":{"portraitUrl":null,"landscapeUrl":"https:\/\/images.nlziet.nl\/metadataimportimages\/source\/76A5BAF5BB8570AD4AFD5C0D9D931F94506306A13562C7A61D53B0513AF683DE.jpg"},"logo":{"normalUrl":"https:\/\/cdn.nlziet.nl\/static\/assets\/contentproviders\/npo.png","darkUrl":"https:\/\/cdn.nlziet.nl\/static\/assets\/contentproviders\/dark\/npo.png","flatUrl":"https:\/\/cdn.nlziet.nl\/static\/assets\/contentproviders\/flat\/npo.png"},"tags":[],"seriesId":"7QrOqPrilEGeM3pgWB1w1A"},{"id":"1YxDvos1RkmDA0U67RuxBg","type":"Vod","title":"Zappsport","subtitle":"Z@ppSport","description":"TROS - Sportmagazine voor de jeugd. Vast element is de spannende battle: Wie zijn er beter in een bepaalde sport: de jongens of de meisjes? Tevens kunnen kinderen met een sportprobleem de hulp inroepen van hun idool en stelt Ron Boszhard vragen tijdens een supersnel interview. Ook is er aandacht voor Kids Soccer, h\u00e9t voetbalevenement voor de jeugd waar grote talenten zijn ontdekt. De deelnemers dromen er dan ook van om prof te worden! Verder volgen we jong sporttalent dat meedoet aan een belangrijk toernooi en zie je de coolste sporttricks in de Move.","formattedEpisodeNumbering":null,"formattedDate":"Zo 29 jun. 2008","formattedDateShort":"Jun. 2008","formattedTime":"08:50","formattedDuration":"15m","formattedAvailabilityWindow":null,"formattedAvailabilityWindowShort":null,"image":{"portraitUrl":null,"landscapeUrl":"https:\/\/images.nlziet.nl\/metadataimportimages\/source\/76A5BAF5BB8570AD4AFD5C0D9D931F94506306A13562C7A61D53B0513AF683DE.jpg"},"logo":{"normalUrl":"https:\/\/cdn.nlziet.nl\/static\/assets\/contentproviders\/npo.png","darkUrl":"https:\/\/cdn.nlziet.nl\/static\/assets\/contentproviders\/dark\/npo.png","flatUrl":"https:\/\/cdn.nlziet.nl\/static\/assets\/contentproviders\/flat\/npo.png"},"tags":[],"seriesId":"7QrOqPrilEGeM3pgWB1w1A"},{"id":"X0ZpmLa_g0-fxr9wYJh7aw","type":"Vod","title":"Zappsport","subtitle":"Z@ppSport","description":"TROS - Sportmagazine voor de jeugd. Vast element is de spannende battle: Wie zijn er beter in een bepaalde sport: de jongens of de meisjes? Tevens kunnen kinderen met een sportprobleem de hulp inroepen van hun idool en stelt Ron Boszhard vragen tijdens een supersnel interview. Ook is er aandacht voor Kids Soccer, h\u00e9t voetbalevenement voor de jeugd waar grote talenten zijn ontdekt. De deelnemers dromen er dan ook van om prof te worden! Verder volgen we jong sporttalent dat meedoet aan een belangrijk toernooi en zie je de coolste sporttricks in de Move.","formattedEpisodeNumbering":null,"formattedDate":"Za 28 jun. 2008","formattedDateShort":"Jun. 2008","formattedTime":"08:50","formattedDuration":"20m","formattedAvailabilityWindow":null,"formattedAvailabilityWindowShort":null,"image":{"portraitUrl":null,"landscapeUrl":"https:\/\/images.nlziet.nl\/metadataimportimages\/source\/76A5BAF5BB8570AD4AFD5C0D9D931F94506306A13562C7A61D53B0513AF683DE.jpg"},"logo":{"normalUrl":"https:\/\/cdn.nlziet.nl\/static\/assets\/contentproviders\/npo.png","darkUrl":"https:\/\/cdn.nlziet.nl\/static\/assets\/contentproviders\/dark\/npo.png","flatUrl":"https:\/\/cdn.nlziet.nl\/static\/assets\/contentproviders\/flat\/npo.png"},"tags":[],"seriesId":"7QrOqPrilEGeM3pgWB1w1A"},{"id":"XZLwbJMQUkKONXuQHCP4kA","type":"Vod","title":"Zappsport","subtitle":"Z@ppSport","description":"TROS - Sportmagazine voor de jeugd. Vast element is de spannende battle: Wie zijn er beter in een bepaalde sport: de jongens of de meisjes? Tevens kunnen kinderen met een sportprobleem de hulp inroepen van hun idool en stelt Ron Boszhard vragen tijdens een supersnel interview. Ook is er aandacht voor Kids Soccer, h\u00e9t voetbalevenement voor de jeugd waar grote talenten zijn ontdekt. De deelnemers dromen er dan ook van om prof te worden! Verder volgen we wekelijks jong sporttalent dat meedoet aan een belangrijk toernooi en zie je de coolste sporttricks in de Move.","formattedEpisodeNumbering":null,"formattedDate":"Za 21 jun. 2008","formattedDateShort":"Jun. 2008","formattedTime":"08:50","formattedDuration":"20m","formattedAvailabilityWindow":null,"formattedAvailabilityWindowShort":null,"image":{"portraitUrl":null,"landscapeUrl":"https:\/\/images.nlziet.nl\/metadataimportimages\/source\/76A5BAF5BB8570AD4AFD5C0D9D931F94506306A13562C7A61D53B0513AF683DE.jpg"},"logo":{"normalUrl":"https:\/\/cdn.nlziet.nl\/static\/assets\/contentproviders\/npo.png","darkUrl":"https:\/\/cdn.nlziet.nl\/static\/assets\/contentproviders\/dark\/npo.png","flatUrl":"https:\/\/cdn.nlziet.nl\/static\/assets\/contentproviders\/flat\/npo.png"},"tags":[],"seriesId":"7QrOqPrilEGeM3pgWB1w1A"},{"id":"WLz04zcjD02FrJ8U17juWg","type":"Vod","title":"Zappsport","subtitle":"Z@ppSport","description":"TROS - Sportmagazine voor de jeugd. Vast element is de spannende battle: Wie zijn er beter in een bepaalde sport: de jongens of de meisjes? Tevens kunnen kinderen met een sportprobleem de hulp inroepen van hun idool en stelt Ron Boszhard vragen tijdens een supersnel interview. Ook is er aandacht voor Kids Soccer, h\u00e9t voetbalevenement voor de jeugd waar grote talenten zijn ontdekt. De deelnemers dromen er dan ook van om prof te worden! Verder volgen we jong sporttalent dat meedoet aan een belangrijk toernooi en zie je de coolste sporttricks in de Move.","formattedEpisodeNumbering":null,"formattedDate":"Zo 15 jun. 2008","formattedDateShort":"Jun. 2008","formattedTime":"08:48","formattedDuration":"20m","formattedAvailabilityWindow":null,"formattedAvailabilityWindowShort":null,"image":{"portraitUrl":null,"landscapeUrl":"https:\/\/images.nlziet.nl\/metadataimportimages\/source\/76A5BAF5BB8570AD4AFD5C0D9D931F94506306A13562C7A61D53B0513AF683DE.jpg"},"logo":{"normalUrl":"https:\/\/cdn.nlziet.nl\/static\/assets\/contentproviders\/npo.png","darkUrl":"https:\/\/cdn.nlziet.nl\/static\/assets\/contentproviders\/dark\/npo.png","flatUrl":"https:\/\/cdn.nlziet.nl\/static\/assets\/contentproviders\/flat\/npo.png"},"tags":[],"seriesId":"7QrOqPrilEGeM3pgWB1w1A"},{"id":"jVDt5-Bay0mduTDZS8x3dg","type":"Vod","title":"Zappsport","subtitle":"Z@ppSport","description":"TROS - Sportmagazine voor de jeugd. Vast element is de spannende battle: Wie zijn er beter in een bepaalde sport: de jongens of de meisjes? Tevens kunnen kinderen met een sportprobleem de hulp inroepen van hun idool en stelt Ron Boszhard vragen tijdens een supersnel interview. Ook is er aandacht voor Kids Soccer, h\u00e9t voetbalevenement voor de jeugd waar grote talenten zijn ontdekt. De deelnemers dromen er dan ook van om prof te worden! Verder volgen we jong sporttalent dat meedoet aan een belangrijk toernooi en zie je de coolste sporttricks in de Move.","formattedEpisodeNumbering":null,"formattedDate":"Za 14 jun. 2008","formattedDateShort":"Jun. 2008","formattedTime":"08:50","formattedDuration":"20m","formattedAvailabilityWindow":null,"formattedAvailabilityWindowShort":null,"image":{"portraitUrl":null,"landscapeUrl":"https:\/\/images.nlziet.nl\/metadataimportimages\/source\/76A5BAF5BB8570AD4AFD5C0D9D931F94506306A13562C7A61D53B0513AF683DE.jpg"},"logo":{"normalUrl":"https:\/\/cdn.nlziet.nl\/static\/assets\/contentproviders\/npo.png","darkUrl":"https:\/\/cdn.nlziet.nl\/static\/assets\/contentproviders\/dark\/npo.png","flatUrl":"https:\/\/cdn.nlziet.nl\/static\/assets\/contentproviders\/flat\/npo.png"},"tags":[],"seriesId":"7QrOqPrilEGeM3pgWB1w1A"},{"id":"K_v0j2NxYUKCVETx6ogNyA","type":"Vod","title":"Zappsport","subtitle":"Z@ppSport","description":"TROS - Sportmagazine voor de jeugd. Vast element is de spannende battle: Wie zijn er beter in een bepaalde sport: de jongens of de meisjes? Tevens kunnen kinderen met een sportprobleem de hulp inroepen van hun idool en stelt Ron Boszhard vragen tijdens een supersnel interview. Ook is er aandacht voor Kids Soccer, h\u00e9t voetbalevenement voor de jeugd waar grote talenten zijn ontdekt. De deelnemers dromen er dan ook van om prof te worden! Verder volgen we jong sporttalent dat meedoet aan een belangrijk toernooi en zie je de coolste sporttricks in de Move.","formattedEpisodeNumbering":null,"formattedDate":"Zo 8 jun. 2008","formattedDateShort":"Jun. 2008","formattedTime":"08:50","formattedDuration":"15m","formattedAvailabilityWindow":null,"formattedAvailabilityWindowShort":null,"image":{"portraitUrl":null,"landscapeUrl":"https:\/\/images.nlziet.nl\/metadataimportimages\/source\/76A5BAF5BB8570AD4AFD5C0D9D931F94506306A13562C7A61D53B0513AF683DE.jpg"},"logo":{"normalUrl":"https:\/\/cdn.nlziet.nl\/static\/assets\/contentproviders\/npo.png","darkUrl":"https:\/\/cdn.nlziet.nl\/static\/assets\/contentproviders\/dark\/npo.png","flatUrl":"https:\/\/cdn.nlziet.nl\/static\/assets\/contentproviders\/flat\/npo.png"},"tags":[],"seriesId":"7QrOqPrilEGeM3pgWB1w1A"},{"id":"c53RRQv4CEa8pBumLtRUTQ","type":"Vod","title":"Zappsport","subtitle":"Z@ppSport","description":"TROS - Sportmagazine voor de jeugd. Vast element is de spannende battle: Wie zijn er beter in een bepaalde sport: de jongens of de meisjes? Tevens kunnen kinderen met een sportprobleem de hulp inroepen van hun idool en stelt Ron Boszhard vragen tijdens een supersnel interview. Ook is er aandacht voor Kids Soccer, h\u00e9t voetbalevenement voor de jeugd waar grote talenten zijn ontdekt. De deelnemers dromen er dan ook van om prof te worden! Verder volgen we jong sporttalent dat meedoet aan een belangrijk toernooi en zie je de coolste sporttricks in de Move.","formattedEpisodeNumbering":null,"formattedDate":"Za 7 jun. 2008","formattedDateShort":"Jun. 2008","formattedTime":"08:50","formattedDuration":"20m","formattedAvailabilityWindow":null,"formattedAvailabilityWindowShort":null,"image":{"portraitUrl":null,"landscapeUrl":"https:\/\/images.nlziet.nl\/metadataimportimages\/source\/76A5BAF5BB8570AD4AFD5C0D9D931F94506306A13562C7A61D53B0513AF683DE.jpg"},"logo":{"normalUrl":"https:\/\/cdn.nlziet.nl\/static\/assets\/contentproviders\/npo.png","darkUrl":"https:\/\/cdn.nlziet.nl\/static\/assets\/contentproviders\/dark\/npo.png","flatUrl":"https:\/\/cdn.nlziet.nl\/static\/assets\/contentproviders\/flat\/npo.png"},"tags":[],"seriesId":"7QrOqPrilEGeM3pgWB1w1A"}]