[{"id":"NTPi6WWdrka2_TbnT5SO3Q","contentProvider":"Npo","type":"Vod","title":"DREAM SCHOOL","subtitle":"Als de kwartjes vallen","description":"In de laatste aflevering proberen Lucia en Eric nog \u00e9\u00e9n keer tot een aantal leerlingen door te dringen. Er wordt nog les gegeven door Eva Jinek, Lodewijk Hoekstra en Leo Blokhuis.","formattedEpisodeNumbering":"S2:A10","formattedDate":"Ma 30 apr. 2018","formattedDateShort":"Apr. 2018","formattedTime":"20:25","formattedDuration":"1u 0m","formattedAvailabilityWindow":null,"formattedAvailabilityWindowShort":null,"availableUntil":"2038-01-01T00:00:00+00:00","image":{"portraitUrl":null,"landscapeUrl":"https:\/\/images.nlziet.nl\/metadataimportimages\/source\/42A84FED34B1FB9EEE4EE67B588698AE49ED061360600741EA0D3B346A773C93.jpg"},"logo":{"normalUrl":"https:\/\/cdn.nlziet.nl\/static\/assets\/contentproviders\/npo.png","darkUrl":"https:\/\/cdn.nlziet.nl\/static\/assets\/contentproviders\/dark\/npo.png","flatUrl":"https:\/\/cdn.nlziet.nl\/static\/assets\/contentproviders\/flat\/npo.png"},"tags":[],"seriesId":"4m5opRLDFkeeqa97TACkAg","seasonId":"DcoUfj7lZUGHM48db9EBDg","isAvailable":true},{"id":"vMLhGiKS90upbM4D_QCoKQ","contentProvider":"Npo","type":"Vod","title":"DREAM SCHOOL","subtitle":"Oorzaak en gevolg","description":"Docenten Tania Kross, Thijs Borsten, Roos Schlikker met Jeroen Spitzenberger en Ferry Doedens werken prettig met de leerlingen die op tijd kwamen, maar Duncan Stutterheim dreigt het feest te cancelen.","formattedEpisodeNumbering":"S2:A9","formattedDate":"Ma 23 apr. 2018","formattedDateShort":"Apr. 2018","formattedTime":"20:25","formattedDuration":"49m","formattedAvailabilityWindow":null,"formattedAvailabilityWindowShort":null,"availableUntil":"9999-12-31T23:59:59.9999999+00:00","image":{"portraitUrl":null,"landscapeUrl":"https:\/\/images.nlziet.nl\/metadataimportimages\/source\/E9A5E8838EB007B492DB29FBA1C4516664365D59B919A1CEBCEB7BDA11796085.jpg"},"logo":{"normalUrl":"https:\/\/cdn.nlziet.nl\/static\/assets\/contentproviders\/npo.png","darkUrl":"https:\/\/cdn.nlziet.nl\/static\/assets\/contentproviders\/dark\/npo.png","flatUrl":"https:\/\/cdn.nlziet.nl\/static\/assets\/contentproviders\/flat\/npo.png"},"tags":[],"seriesId":"4m5opRLDFkeeqa97TACkAg","seasonId":"DcoUfj7lZUGHM48db9EBDg","isAvailable":true},{"id":"vuFpQb3mV0ee9wGtc5RV1A","contentProvider":"Npo","type":"Vod","title":"DREAM SCHOOL","subtitle":"Kantelmoment","description":"De groep volgt lessen van Diederik Jekel, Eva Jinek, Duncan Stutterheim en Rob\u00e8rt van Beckhoven. Niet alles loopt even soepel.","formattedEpisodeNumbering":"S2:A8","formattedDate":"Ma 16 apr. 2018","formattedDateShort":"Apr. 2018","formattedTime":"20:25","formattedDuration":"54m","formattedAvailabilityWindow":null,"formattedAvailabilityWindowShort":null,"availableUntil":"9999-12-31T23:59:59.9999999+00:00","image":{"portraitUrl":null,"landscapeUrl":"https:\/\/images.nlziet.nl\/metadataimportimages\/source\/E9BF658E5E4B07CB3764D2EE62624FED9EC4A45F3CD9A8021F37A06A22FA2500.jpg"},"logo":{"normalUrl":"https:\/\/cdn.nlziet.nl\/static\/assets\/contentproviders\/npo.png","darkUrl":"https:\/\/cdn.nlziet.nl\/static\/assets\/contentproviders\/dark\/npo.png","flatUrl":"https:\/\/cdn.nlziet.nl\/static\/assets\/contentproviders\/flat\/npo.png"},"tags":[],"seriesId":"4m5opRLDFkeeqa97TACkAg","seasonId":"DcoUfj7lZUGHM48db9EBDg","isAvailable":true},{"id":"9FPdvW8Z8kydeqMGK6nHhQ","contentProvider":"Npo","type":"Vod","title":"DREAM SCHOOL","subtitle":"Proberen of doen","description":"Gastdocenten zijn Jeroen Spitzenberger, Tania Kross, Erik Scherder en Joseph Klibansky.","formattedEpisodeNumbering":"S2:A7","formattedDate":"Ma 9 apr. 2018","formattedDateShort":"Apr. 2018","formattedTime":"20:25","formattedDuration":"55m","formattedAvailabilityWindow":null,"formattedAvailabilityWindowShort":null,"availableUntil":"9999-12-31T23:59:59.9999999+00:00","image":{"portraitUrl":null,"landscapeUrl":"https:\/\/images.nlziet.nl\/metadataimportimages\/source\/A158C9B4170E3B1C5EA9F4AC8639FB9CDC35B5CD1E73062A75F03F97AA59A81E.jpg"},"logo":{"normalUrl":"https:\/\/cdn.nlziet.nl\/static\/assets\/contentproviders\/npo.png","darkUrl":"https:\/\/cdn.nlziet.nl\/static\/assets\/contentproviders\/dark\/npo.png","flatUrl":"https:\/\/cdn.nlziet.nl\/static\/assets\/contentproviders\/flat\/npo.png"},"tags":[],"seriesId":"4m5opRLDFkeeqa97TACkAg","seasonId":"DcoUfj7lZUGHM48db9EBDg","isAvailable":true},{"id":"an96pmXfcEapfHYWkEzGKQ","contentProvider":"Npo","type":"Vod","title":"DREAM SCHOOL","subtitle":"Verandering doet pijn","description":"Met Diana Matroos en Ferry Doedens als gastdocenten.","formattedEpisodeNumbering":"S2:A6","formattedDate":"Ma 2 apr. 2018","formattedDateShort":"Apr. 2018","formattedTime":"20:25","formattedDuration":"50m","formattedAvailabilityWindow":null,"formattedAvailabilityWindowShort":null,"availableUntil":"9999-12-31T23:59:59.9999999+00:00","image":{"portraitUrl":null,"landscapeUrl":"https:\/\/images.nlziet.nl\/metadataimportimages\/source\/7987E157F1791A3F1045E87F0A9B8BA2DE2EE3E27EF6257BB3CD2B489F5C88F6.jpg"},"logo":{"normalUrl":"https:\/\/cdn.nlziet.nl\/static\/assets\/contentproviders\/npo.png","darkUrl":"https:\/\/cdn.nlziet.nl\/static\/assets\/contentproviders\/dark\/npo.png","flatUrl":"https:\/\/cdn.nlziet.nl\/static\/assets\/contentproviders\/flat\/npo.png"},"tags":[],"seriesId":"4m5opRLDFkeeqa97TACkAg","seasonId":"DcoUfj7lZUGHM48db9EBDg","isAvailable":true},{"id":"xpzp8PUUpEC22Dc0AieqBQ","contentProvider":"Npo","type":"Vod","title":"DREAM SCHOOL","subtitle":"Negatieve overtuigingen","description":"Lessen van Jeroen Spitzenberger, Kim Feenstra, Lucia Rijker en Duncan Stutterheim.","formattedEpisodeNumbering":"S2:A5","formattedDate":"Ma 26 mrt. 2018","formattedDateShort":"Mrt. 2018","formattedTime":"20:25","formattedDuration":"50m","formattedAvailabilityWindow":null,"formattedAvailabilityWindowShort":null,"availableUntil":"9999-12-31T23:59:59.9999999+00:00","image":{"portraitUrl":null,"landscapeUrl":"https:\/\/images.nlziet.nl\/metadataimportimages\/source\/8FECBB7E227E1C9B808FDFDB30DF393FA3B66C48F2294B9184225847D617D21B.jpg"},"logo":{"normalUrl":"https:\/\/cdn.nlziet.nl\/static\/assets\/contentproviders\/npo.png","darkUrl":"https:\/\/cdn.nlziet.nl\/static\/assets\/contentproviders\/dark\/npo.png","flatUrl":"https:\/\/cdn.nlziet.nl\/static\/assets\/contentproviders\/flat\/npo.png"},"tags":[],"seriesId":"4m5opRLDFkeeqa97TACkAg","seasonId":"DcoUfj7lZUGHM48db9EBDg","isAvailable":true},{"id":"_1Ql1GIjW0eJw2UCazNQrA","contentProvider":"Npo","type":"Vod","title":"DREAM SCHOOL","subtitle":"Aangaan of vermijden","description":"Lessen van Annemarie van Gaal, Roos Schlikker, Bas Haring en Maarten van der Weijden.","formattedEpisodeNumbering":"S2:A4","formattedDate":"Ma 19 mrt. 2018","formattedDateShort":"Mrt. 2018","formattedTime":"20:25","formattedDuration":"51m","formattedAvailabilityWindow":null,"formattedAvailabilityWindowShort":null,"availableUntil":"9999-12-31T23:59:59.9999999+00:00","image":{"portraitUrl":null,"landscapeUrl":"https:\/\/images.nlziet.nl\/metadataimportimages\/source\/9FF59242C5DF2B73D06B27D6AA5FD6EF475892A560255C9A2D2400850F661DCB.jpg"},"logo":{"normalUrl":"https:\/\/cdn.nlziet.nl\/static\/assets\/contentproviders\/npo.png","darkUrl":"https:\/\/cdn.nlziet.nl\/static\/assets\/contentproviders\/dark\/npo.png","flatUrl":"https:\/\/cdn.nlziet.nl\/static\/assets\/contentproviders\/flat\/npo.png"},"tags":[],"seriesId":"4m5opRLDFkeeqa97TACkAg","seasonId":"DcoUfj7lZUGHM48db9EBDg","isAvailable":true},{"id":"baPtS6b_ZkO7pA40lMDWbw","contentProvider":"Npo","type":"Vod","title":"DREAM SCHOOL","subtitle":"Zelfsabotage","description":"Lessen van Kim Feenstra, Lucia Rijker, Erik Scherder, Joseph Klibansky en Diana Matroos.","formattedEpisodeNumbering":"S2:A3","formattedDate":"Ma 12 mrt. 2018","formattedDateShort":"Mrt. 2018","formattedTime":"20:30","formattedDuration":"49m","formattedAvailabilityWindow":null,"formattedAvailabilityWindowShort":null,"availableUntil":"9999-12-31T23:59:59.9999999+00:00","image":{"portraitUrl":null,"landscapeUrl":"https:\/\/images.nlziet.nl\/metadataimportimages\/source\/070EF206CC3482928A8B3F5DBC6E75C48B47F473CC1D142D5B6089DB312E3FF3.jpg"},"logo":{"normalUrl":"https:\/\/cdn.nlziet.nl\/static\/assets\/contentproviders\/npo.png","darkUrl":"https:\/\/cdn.nlziet.nl\/static\/assets\/contentproviders\/dark\/npo.png","flatUrl":"https:\/\/cdn.nlziet.nl\/static\/assets\/contentproviders\/flat\/npo.png"},"tags":[],"seriesId":"4m5opRLDFkeeqa97TACkAg","seasonId":"DcoUfj7lZUGHM48db9EBDg","isAvailable":true},{"id":"WB0T6MzWY0OwjDJOKRO7mA","contentProvider":"Npo","type":"Vod","title":"DREAM SCHOOL","subtitle":"Tijd om op te staan","description":"Weerstand en meegaandheid! Hoe raak je de juiste snaar?","formattedEpisodeNumbering":"S2:A2","formattedDate":"Ma 5 mrt. 2018","formattedDateShort":"Mrt. 2018","formattedTime":"20:30","formattedDuration":"50m","formattedAvailabilityWindow":null,"formattedAvailabilityWindowShort":null,"availableUntil":"9999-12-31T23:59:59.9999999+00:00","image":{"portraitUrl":null,"landscapeUrl":"https:\/\/images.nlziet.nl\/metadataimportimages\/source\/BFCCCEE7B4832B63B575B3175C2520D17D79242A38D9385DB1B2C32F15A76068.jpg"},"logo":{"normalUrl":"https:\/\/cdn.nlziet.nl\/static\/assets\/contentproviders\/npo.png","darkUrl":"https:\/\/cdn.nlziet.nl\/static\/assets\/contentproviders\/dark\/npo.png","flatUrl":"https:\/\/cdn.nlziet.nl\/static\/assets\/contentproviders\/flat\/npo.png"},"tags":[],"seriesId":"4m5opRLDFkeeqa97TACkAg","seasonId":"DcoUfj7lZUGHM48db9EBDg","isAvailable":true},{"id":"qUlHfzAfbEq9SwF6-fpbcg","contentProvider":"Npo","type":"Vod","title":"DREAM SCHOOL","subtitle":"Verwachtingen","description":"De jongeren maken kennis met elkaar en al snel blijkt dat ze meer gemeen hebben dan alleen hun problemen op school.","formattedEpisodeNumbering":"S2:A1","formattedDate":"Ma 26 feb. 2018","formattedDateShort":"Feb. 2018","formattedTime":"20:30","formattedDuration":"51m","formattedAvailabilityWindow":null,"formattedAvailabilityWindowShort":null,"availableUntil":"9999-12-31T23:59:59.9999999+00:00","image":{"portraitUrl":null,"landscapeUrl":"https:\/\/images.nlziet.nl\/metadataimportimages\/source\/060C120805A031E6076B9C990125E87FB64B656C3CA2BE16243AD67D4F731FA0.jpg"},"logo":{"normalUrl":"https:\/\/cdn.nlziet.nl\/static\/assets\/contentproviders\/npo.png","darkUrl":"https:\/\/cdn.nlziet.nl\/static\/assets\/contentproviders\/dark\/npo.png","flatUrl":"https:\/\/cdn.nlziet.nl\/static\/assets\/contentproviders\/flat\/npo.png"},"tags":[],"seriesId":"4m5opRLDFkeeqa97TACkAg","seasonId":"DcoUfj7lZUGHM48db9EBDg","isAvailable":true}]