[{"id":"Vc5ZiY9NbUuGvPT2vqddMw","contentProvider":"Npo","type":"Vod","title":"DREAM SCHOOL","subtitle":"DREAM SCHOOL, Terugblik","description":"Voorafgaand aan het nieuwe seizoen kijken we eerst hoe het gaat met de klas van vorig jaar.","formattedEpisodeNumbering":"S1:A9","formattedDate":"Di 3 okt. 2017","formattedDateShort":"Okt. 2017","formattedTime":"21:25","formattedDuration":"49m","formattedAvailabilityWindow":null,"formattedAvailabilityWindowShort":null,"availableUntil":"9999-12-31T23:59:59.9999999+00:00","image":{"portraitUrl":null,"landscapeUrl":"https:\/\/images.nlziet.nl\/metadataimportimages\/source\/621ADF07A6831E90F68DEB61F81C8183D943B33EDDAD663FCB3DB064A8B69E64.jpg"},"logo":{"normalUrl":"https:\/\/cdn.nlziet.nl\/static\/assets\/contentproviders\/npo.png","darkUrl":"https:\/\/cdn.nlziet.nl\/static\/assets\/contentproviders\/dark\/npo.png","flatUrl":"https:\/\/cdn.nlziet.nl\/static\/assets\/contentproviders\/flat\/npo.png"},"tags":[],"seriesId":"4m5opRLDFkeeqa97TACkAg","seasonId":"DkSLVGuLg02I3Zfrrhtiuw","isAvailable":true},{"id":"z0KZutoK2ki1vOXEe465BA","contentProvider":"Npo","type":"Vod","title":"DREAM SCHOOL","subtitle":"DREAM SCHOOL","description":"De laatste dag van Dream School breekt aan. De dag waarop de leerlingen hun portfolio's bespreken met een aantal van de BN'ers die daarvoor speciaal terugkomen.","formattedEpisodeNumbering":"S1:A8","formattedDate":"Wo 1 mrt. 2017","formattedDateShort":"Mrt. 2017","formattedTime":"21:25","formattedDuration":"54m","formattedAvailabilityWindow":null,"formattedAvailabilityWindowShort":null,"availableUntil":"9999-12-31T23:59:59.9999999+00:00","image":{"portraitUrl":null,"landscapeUrl":"https:\/\/images.nlziet.nl\/metadataimportimages\/source\/065D194C4F1CDE517E156975B4E900F929374923638E2B4EB521B157DB8D6CE2.jpg"},"logo":{"normalUrl":"https:\/\/cdn.nlziet.nl\/static\/assets\/contentproviders\/npo.png","darkUrl":"https:\/\/cdn.nlziet.nl\/static\/assets\/contentproviders\/dark\/npo.png","flatUrl":"https:\/\/cdn.nlziet.nl\/static\/assets\/contentproviders\/flat\/npo.png"},"tags":[],"seriesId":"4m5opRLDFkeeqa97TACkAg","seasonId":"DkSLVGuLg02I3Zfrrhtiuw","isAvailable":true},{"id":"aGcws9b8oE2keqwk3DQiUA","contentProvider":"Npo","type":"Vod","title":"DREAM SCHOOL","subtitle":"DREAM SCHOOL","description":"Na de confrontatie met Maarten van Rossem is de maat vol voor Eric. Lucia laat in een emotionele uitbarsting merken wat hun gedrag met haar doet. De boodschap lijkt aan te komen.","formattedEpisodeNumbering":"S1:A7","formattedDate":"Wo 22 feb. 2017","formattedDateShort":"Feb. 2017","formattedTime":"21:30","formattedDuration":"54m","formattedAvailabilityWindow":null,"formattedAvailabilityWindowShort":null,"availableUntil":"9999-12-31T23:59:59.9999999+00:00","image":{"portraitUrl":null,"landscapeUrl":"https:\/\/images.nlziet.nl\/metadataimportimages\/source\/41DA2790B6FCC0298673B0A21DEE8EC552A5139383B3108D4F054C09396ABEE9.jpg"},"logo":{"normalUrl":"https:\/\/cdn.nlziet.nl\/static\/assets\/contentproviders\/npo.png","darkUrl":"https:\/\/cdn.nlziet.nl\/static\/assets\/contentproviders\/dark\/npo.png","flatUrl":"https:\/\/cdn.nlziet.nl\/static\/assets\/contentproviders\/flat\/npo.png"},"tags":[],"seriesId":"4m5opRLDFkeeqa97TACkAg","seasonId":"DkSLVGuLg02I3Zfrrhtiuw","isAvailable":true},{"id":"Md655M-mRkaETCdHRXLXFA","contentProvider":"Npo","type":"Vod","title":"DREAM SCHOOL","subtitle":"DREAM SCHOOL","description":"Na de afwikkeling van de vechtpartij in Amsterdam lijkt het rustig te worden en begint de aanpak van Lucia en Eric te werken. DJ Laidback Luke weigert laatkomers in de les.","formattedEpisodeNumbering":"S1:A6","formattedDate":"Wo 15 feb. 2017","formattedDateShort":"Feb. 2017","formattedTime":"21:30","formattedDuration":"50m","formattedAvailabilityWindow":null,"formattedAvailabilityWindowShort":null,"availableUntil":"9999-12-31T23:59:59.9999999+00:00","image":{"portraitUrl":null,"landscapeUrl":"https:\/\/images.nlziet.nl\/metadataimportimages\/source\/A1F8343A32A847828D1A6BD3F74129B97B394CC8C77CE5008CA90C127083A348.jpg"},"logo":{"normalUrl":"https:\/\/cdn.nlziet.nl\/static\/assets\/contentproviders\/npo.png","darkUrl":"https:\/\/cdn.nlziet.nl\/static\/assets\/contentproviders\/dark\/npo.png","flatUrl":"https:\/\/cdn.nlziet.nl\/static\/assets\/contentproviders\/flat\/npo.png"},"tags":[],"seriesId":"4m5opRLDFkeeqa97TACkAg","seasonId":"DkSLVGuLg02I3Zfrrhtiuw","isAvailable":true},{"id":"nVKmxTwRIUa7vhi0gytz3w","contentProvider":"Npo","type":"Vod","title":"DREAM SCHOOL","subtitle":"DREAM SCHOOL","description":"De gebeurtenissen in Amsterdam stellen Lucia en Eric voor hele moeilijke keuzes. Johnny Heitinga komt een bootcamp geven. Lange Frans raakt met zijn tweede muziekles een aantal zeer gevoelige snaren.","formattedEpisodeNumbering":"S1:A5","formattedDate":"Wo 8 feb. 2017","formattedDateShort":"Feb. 2017","formattedTime":"21:30","formattedDuration":"54m","formattedAvailabilityWindow":null,"formattedAvailabilityWindowShort":null,"availableUntil":"9999-12-31T23:59:59.9999999+00:00","image":{"portraitUrl":null,"landscapeUrl":"https:\/\/images.nlziet.nl\/metadataimportimages\/source\/89B1912711E3DF35A835DBF87F992D49F6E6F5DFAC84E0E3E36DA3E280EFE33F.jpg"},"logo":{"normalUrl":"https:\/\/cdn.nlziet.nl\/static\/assets\/contentproviders\/npo.png","darkUrl":"https:\/\/cdn.nlziet.nl\/static\/assets\/contentproviders\/dark\/npo.png","flatUrl":"https:\/\/cdn.nlziet.nl\/static\/assets\/contentproviders\/flat\/npo.png"},"tags":[],"seriesId":"4m5opRLDFkeeqa97TACkAg","seasonId":"DkSLVGuLg02I3Zfrrhtiuw","isAvailable":true},{"id":"qEUP9iHEykScwkVVne-3FQ","contentProvider":"Npo","type":"Vod","title":"DREAM SCHOOL","subtitle":"DREAM SCHOOL","description":"Lucia pakt de jongeren opnieuw behoorlijk hard aan. Jack de Vries neemt debatleider Donatello Piras mee naar Dream School. Bij de tweede les van schrijver Abdelkader Benali lopen de emoties hoog op.","formattedEpisodeNumbering":"S1:A4","formattedDate":"Wo 1 feb. 2017","formattedDateShort":"Feb. 2017","formattedTime":"21:30","formattedDuration":"50m","formattedAvailabilityWindow":null,"formattedAvailabilityWindowShort":null,"availableUntil":"9999-12-31T23:59:59.9999999+00:00","image":{"portraitUrl":null,"landscapeUrl":"https:\/\/images.nlziet.nl\/metadataimportimages\/source\/1B67015D6F52365E28B77D344C2FE04640AC5C4411E26227D5F5F6F82B0223B4.jpg"},"logo":{"normalUrl":"https:\/\/cdn.nlziet.nl\/static\/assets\/contentproviders\/npo.png","darkUrl":"https:\/\/cdn.nlziet.nl\/static\/assets\/contentproviders\/dark\/npo.png","flatUrl":"https:\/\/cdn.nlziet.nl\/static\/assets\/contentproviders\/flat\/npo.png"},"tags":[],"seriesId":"4m5opRLDFkeeqa97TACkAg","seasonId":"DkSLVGuLg02I3Zfrrhtiuw","isAvailable":true},{"id":"Xxj7K8zkrECrTHbggzGv0w","contentProvider":"Npo","type":"Vod","title":"DREAM SCHOOL","subtitle":"DREAM SCHOOL","description":"Cabareti\u00e8re Karin Bloemen weet de leerlingen te raken als ze haar eigen jeugdtrauma deelt. Ook rapper Lange Frans gaat de confrontatie aan, vooral met de weerbarstige Demi.","formattedEpisodeNumbering":"S1:A3","formattedDate":"Wo 25 jan. 2017","formattedDateShort":"Jan. 2017","formattedTime":"21:20","formattedDuration":"50m","formattedAvailabilityWindow":null,"formattedAvailabilityWindowShort":null,"availableUntil":"9999-12-31T23:59:59.9999999+00:00","image":{"portraitUrl":null,"landscapeUrl":"https:\/\/images.nlziet.nl\/metadataimportimages\/source\/C1EEA0663ED487A8A172CF7B34B2DF2F12DCAB104F73E7A11562D1B67638B8BB.jpg"},"logo":{"normalUrl":"https:\/\/cdn.nlziet.nl\/static\/assets\/contentproviders\/npo.png","darkUrl":"https:\/\/cdn.nlziet.nl\/static\/assets\/contentproviders\/dark\/npo.png","flatUrl":"https:\/\/cdn.nlziet.nl\/static\/assets\/contentproviders\/flat\/npo.png"},"tags":[],"seriesId":"4m5opRLDFkeeqa97TACkAg","seasonId":"DkSLVGuLg02I3Zfrrhtiuw","isAvailable":true},{"id":"k0MlGMiP4UK4WBFwBIlGkQ","contentProvider":"Npo","type":"Vod","title":"DREAM SCHOOL","subtitle":"DREAM SCHOOL","description":"De jongeren blijken geraakt te zijn door de donderpreek van Lucia. Ze doen beloftes voor de komende weken. Maar de volgende dag gaat het bij een paar gelijk al mis.","formattedEpisodeNumbering":"S1:A2","formattedDate":"Wo 18 jan. 2017","formattedDateShort":"Jan. 2017","formattedTime":"21:30","formattedDuration":"50m","formattedAvailabilityWindow":null,"formattedAvailabilityWindowShort":null,"availableUntil":"9999-12-31T23:59:59.9999999+00:00","image":{"portraitUrl":null,"landscapeUrl":"https:\/\/images.nlziet.nl\/metadataimportimages\/source\/630E2529DBA4819C80B2BA16CB5631A6B699D3905E52B0A862646668EDDEBDC0.jpg"},"logo":{"normalUrl":"https:\/\/cdn.nlziet.nl\/static\/assets\/contentproviders\/npo.png","darkUrl":"https:\/\/cdn.nlziet.nl\/static\/assets\/contentproviders\/dark\/npo.png","flatUrl":"https:\/\/cdn.nlziet.nl\/static\/assets\/contentproviders\/flat\/npo.png"},"tags":[],"seriesId":"4m5opRLDFkeeqa97TACkAg","seasonId":"DkSLVGuLg02I3Zfrrhtiuw","isAvailable":true},{"id":"sT9E-7kOA0qhOnIdYPo5_w","contentProvider":"Npo","type":"Vod","title":"DREAM SCHOOL","subtitle":"DREAM SCHOOL","description":"Strafpleiter Inez Weski worstelt zich door een rumoerige les recht, voormalig spindoctor en staatssecretaris Jack de Vries heeft moeite om de discussie over Geert Wilders in bedwang te houden.","formattedEpisodeNumbering":"S1:A1","formattedDate":"Wo 11 jan. 2017","formattedDateShort":"Jan. 2017","formattedTime":"21:20","formattedDuration":"50m","formattedAvailabilityWindow":null,"formattedAvailabilityWindowShort":null,"availableUntil":"9999-12-31T23:59:59.9999999+00:00","image":{"portraitUrl":null,"landscapeUrl":"https:\/\/images.nlziet.nl\/metadataimportimages\/source\/BA4738DD3FDD2763767F00283AE351D7D3C122AE1B5699304B4B3CFCD25054ED.jpg"},"logo":{"normalUrl":"https:\/\/cdn.nlziet.nl\/static\/assets\/contentproviders\/npo.png","darkUrl":"https:\/\/cdn.nlziet.nl\/static\/assets\/contentproviders\/dark\/npo.png","flatUrl":"https:\/\/cdn.nlziet.nl\/static\/assets\/contentproviders\/flat\/npo.png"},"tags":[],"seriesId":"4m5opRLDFkeeqa97TACkAg","seasonId":"DkSLVGuLg02I3Zfrrhtiuw","isAvailable":true}]