[{"id":"x58KZdcSrkSpZlHzGoCpmg","type":"Vod","title":"Carnavalshart","subtitle":"Carnavalshart","description":"KRO-NCRV - Ze is het levende bewijs dat carnaval geen leeftijdsgrens heeft: Corrie Vermeer (95) loopt al jaren mee met de optocht in Geleen, met nummer 111 en op hoge hakken. Ze won op haar 82e het carnavalsliedjesconcours met 'Waereldsjtad van goud'. Verder de Brabantse Alpenzusjes. De twee klassiek geschoolde zangeressen draaien hun hand niet om voor lekkere carnavalskrakers. En hoe een meisjesdroom werkelijkheid wordt voor Kelly uit Sittard. Dit jaar is zij Prinses Carnaval. Heel bijzonder, want ze is de eerste vrouw in de geschiedenis van Sittard die de scepter mag zwaaien, net nu het verbindende volksfeest toch mag doorgaan.","formattedEpisodeNumbering":null,"formattedDate":"Vr 25 feb.","formattedDateShort":"Vr 25 feb.","formattedTime":"18:40","formattedDuration":"20m","formattedAvailabilityWindow":null,"formattedAvailabilityWindowShort":null,"image":{"portraitUrl":null,"landscapeUrl":"https:\/\/images.nlziet.nl\/metadataimportimages\/source\/F725BBC09C6AD25AF759D02F55AFAABACDFB2B816FE4E4641DF47C1256C20B77.jpg"},"logo":{"normalUrl":"https:\/\/cdn.nlziet.nl\/static\/assets\/contentproviders\/npo.png","darkUrl":"https:\/\/cdn.nlziet.nl\/static\/assets\/contentproviders\/dark\/npo.png","flatUrl":"https:\/\/cdn.nlziet.nl\/static\/assets\/contentproviders\/flat\/npo.png"},"tags":[],"seriesId":"87BkEnuNg0qw_9DjBMpPSA"},{"id":"pxOruGtldUi-TjTnbadOUQ","type":"Vod","title":"Carnavalshart","subtitle":"Carnavalshart","description":"KRO-NCRV - Dat carnaval het feest van de verbinding is, zie je in het Limburgse dorp Kronenberg. Mensen worden verrast door de plaatselijke carnavalsvereniging met de actie All you need is carnaval. Zo willen ze iedereen een hart onder de riem steken. Zo duikt er opeens een blaaskapel op voor deur van iemand die jarenlang actief is voor de club. Verder het verhaal van Pieter Roberts, voor wie het volksfeest een mogelijkheid biedt om zichzelf te zijn door verkleed te gaan als vrouw. En hoe de Limburgse band Rowwen H\u00e8ze in de jaren tachtig landelijke bekend werd dankzij een relletje over een carnavalsnummer.","formattedEpisodeNumbering":null,"formattedDate":"Do 24 feb.","formattedDateShort":"Do 24 feb.","formattedTime":"18:42","formattedDuration":"20m","formattedAvailabilityWindow":null,"formattedAvailabilityWindowShort":null,"image":{"portraitUrl":null,"landscapeUrl":"https:\/\/images.nlziet.nl\/metadataimportimages\/source\/D146A3218D71B543306670293F4D355EB27A3E2F5F67FD6D158BEDE787B508D4.jpg"},"logo":{"normalUrl":"https:\/\/cdn.nlziet.nl\/static\/assets\/contentproviders\/npo.png","darkUrl":"https:\/\/cdn.nlziet.nl\/static\/assets\/contentproviders\/dark\/npo.png","flatUrl":"https:\/\/cdn.nlziet.nl\/static\/assets\/contentproviders\/flat\/npo.png"},"tags":[],"seriesId":"87BkEnuNg0qw_9DjBMpPSA"},{"id":"-3StKfCQkU2acaPLSn8znw","type":"Vod","title":"Carnavalshart","subtitle":"Carnavalshart","description":"KRO-NCRV - Het verhaal van een heel bijzondere Prins Carnaval. Danny Horsch uit Landgraaf werd vorig jaar tot priester gewijd. Hij zette er zijn ICT-baan en vriendin voor opzij, maar van het carnaval nam hij geen afscheid, het zit in zijn bloed. Verder aandacht voor de carnavalskrakers van de Maastrichtse Beppie Kraft en de carnavalsliefde van Sylvia en Marc uit Aalst. Voor hen is het getal 11 belangrijk. De vonk slaat over met carnaval als zij Prinses Carnaval is. Ze trouwen in stijl op 11-11-2011. Maar twee jaar later krijgt het getal ineens een hele andere lading als hun dochter 11 weken te vroeg wordt geboren.","formattedEpisodeNumbering":null,"formattedDate":"Wo 23 feb.","formattedDateShort":"Wo 23 feb.","formattedTime":"18:32","formattedDuration":"20m","formattedAvailabilityWindow":null,"formattedAvailabilityWindowShort":null,"image":{"portraitUrl":null,"landscapeUrl":"https:\/\/images.nlziet.nl\/metadataimportimages\/source\/9A5DE3D60FBB1692A2830047B0E82CBC4FE55E65B77C5E5F98BB5B30DE5839E5.jpg"},"logo":{"normalUrl":"https:\/\/cdn.nlziet.nl\/static\/assets\/contentproviders\/npo.png","darkUrl":"https:\/\/cdn.nlziet.nl\/static\/assets\/contentproviders\/dark\/npo.png","flatUrl":"https:\/\/cdn.nlziet.nl\/static\/assets\/contentproviders\/flat\/npo.png"},"tags":[],"seriesId":"87BkEnuNg0qw_9DjBMpPSA"},{"id":"Cd6HGWejIk-MHL9thzHaBQ","type":"Vod","title":"Carnavalshart","subtitle":"Carnavalshart","description":"KRO-NCRV - Onder meer het verhaal van Ad van Dalen (89). Hij is gek op carnaval \u00e9n muziek. Iedere dag speelt hij op zijn trombone, totdat hij wordt opgenomen in een hospice. Ad heeft nog \u00e9\u00e9n laatste wens: carnaval vieren! Stralend ligt hij in de muziektent bij de Sint Jan in Den Bosch. Omringd door carnavalsmuzikanten geniet hij vanaf zijn brancard van zijn laatste feest. Verder laat de Limburgse acteur Huub Stapel zijn licht schijnen over de liefde in carnavalsliedjes en zien we hoe concurrerende carnavalsverenigingen in het Kielegat (Breda) noodgedwongen samenwerken om er een mooi carnaval van te maken.","formattedEpisodeNumbering":null,"formattedDate":"Di 22 feb.","formattedDateShort":"Di 22 feb.","formattedTime":"18:30","formattedDuration":"20m","formattedAvailabilityWindow":null,"formattedAvailabilityWindowShort":null,"image":{"portraitUrl":null,"landscapeUrl":"https:\/\/images.nlziet.nl\/metadataimportimages\/source\/F63AD0704C2257331C24EDA5E94D52F9802872B3CC11308F2EAFFE6CDC388910.jpg"},"logo":{"normalUrl":"https:\/\/cdn.nlziet.nl\/static\/assets\/contentproviders\/npo.png","darkUrl":"https:\/\/cdn.nlziet.nl\/static\/assets\/contentproviders\/dark\/npo.png","flatUrl":"https:\/\/cdn.nlziet.nl\/static\/assets\/contentproviders\/flat\/npo.png"},"tags":[],"seriesId":"87BkEnuNg0qw_9DjBMpPSA"}]