[{"id":"kyVgWGpTvUW-bDtWkyV_YA","type":"Vod","title":"Frans Bauer","subtitle":"Andr\u00e9 Hazes Junior","description":"AVROTROS - De laatste dagen op de camping krijgen Frans en Dorus bezoek van Andr\u00e9 Hazes junior. Dat Andr\u00e9 geen klein Dreetje meer is wordt al snel duidelijk. Door zijn sportverslaving heeft hij een indrukwekkend postuur en de gesprekken tussen Frans en de zanger zijn behoorlijk volwassen. Natuurlijk hebben ze het over het verlies van zijn vader, maar ook over vrouwen en zijn eigen carri\u00e8re in de muziek. In de oude gladiatorarena van Nimes daagt Frans Andre uit voor een boogschiet- duel. Ook wordt er samengewerkt door de mannen wanneer ze een vlot bouwen om de rivier mee over te steken.","formattedEpisodeNumbering":null,"formattedDate":"Za 25 okt. 2014","formattedDateShort":"Okt. 2014","formattedTime":"20:29","formattedDuration":"35m","formattedAvailabilityWindow":null,"formattedAvailabilityWindowShort":null,"image":{"portraitUrl":null,"landscapeUrl":"https:\/\/images.nlziet.nl\/metadataimportimages\/source\/54754675C1650F156C6A4833C317B7ACE7070D16F4F683921DCC02816FC2DA3E.jpg"},"logo":{"normalUrl":"https:\/\/cdn.nlziet.nl\/static\/assets\/contentproviders\/npo.png","darkUrl":"https:\/\/cdn.nlziet.nl\/static\/assets\/contentproviders\/dark\/npo.png","flatUrl":"https:\/\/cdn.nlziet.nl\/static\/assets\/contentproviders\/flat\/npo.png"},"tags":[],"seriesId":"7Bo7rh5OEkOpLxfhtJa7bQ"},{"id":"Y_Nt7lcSqkCOK_mKmCQT4Q","type":"Vod","title":"Frans Bauer","subtitle":"Marlijn Weerdenburg","description":"AVROTROS - Actrice Marlijn Weerdenburg die vooral bekend is van haar rol als Danni Lowinski komt op bezoek bij Frans en Dorus. Tijdens een tandemtocht langs de prachtige kustlijn leert Frans Marlijn beter kennen en ontdekt hij dat zij heel veel ambities heeft. Naast haar acteerwerk staat ze namelijk het allerliefst met haar bandje op het podium en droomt ze van een doorbraak in het buitenland. Dat Marlijn een multitalent is bewijst ze ook 's avonds op de camping, ze werpt zich op als kok wanner de pasta di Dorus volledig lijkt te mislukken om vervolgens als een volleerd lid van het entertainment team de bingo avond te leiden. De dag wordt afgesloten met Frans in de jacuzzi waar ze hem, en de rest van de camping ongevraagd ook, laat genieten van haar zangkunsten.","formattedEpisodeNumbering":null,"formattedDate":"Za 18 okt. 2014","formattedDateShort":"Okt. 2014","formattedTime":"20:29","formattedDuration":"35m","formattedAvailabilityWindow":null,"formattedAvailabilityWindowShort":null,"image":{"portraitUrl":null,"landscapeUrl":"https:\/\/images.nlziet.nl\/metadataimportimages\/source\/AE557D744361FD0EA33004EA50CA33C8047034795E5BB6341A4DD47A6775C54F.jpg"},"logo":{"normalUrl":"https:\/\/cdn.nlziet.nl\/static\/assets\/contentproviders\/npo.png","darkUrl":"https:\/\/cdn.nlziet.nl\/static\/assets\/contentproviders\/dark\/npo.png","flatUrl":"https:\/\/cdn.nlziet.nl\/static\/assets\/contentproviders\/flat\/npo.png"},"tags":[],"seriesId":"7Bo7rh5OEkOpLxfhtJa7bQ"},{"id":"dfnCVd5SGESqt6EFxpLE_A","type":"Vod","title":"Frans Bauer","subtitle":"Victoria Koblenko","description":"AVROTROS - Frans en Dorus staan met hun vouwwagen op een camping aan de C\u00f4te d'Azur waar zij Victoria Koblenko verwelkomen. Dat zij geen standaard campinggast is blijkt meteen wanneer ze haar entree maakt. Geen campingslippers en joggingpak, maar gehuld in strakke rok en plateauzolen arriveert de actrice en presentatrice. Ook met campingvoedsel als patat en pizza maken Frans en Dorus haar niet blij. Waar ze wel gelukkig van wordt? Macarons, zelfgemaakte Tarte Tropezienne en een tochtje op een jetski. In de festivalstad Cannes laat Frans een peperdure haute couture jurk maken voor Victoria, maar het eindresultaat is niet helemaal naar verwachting.","formattedEpisodeNumbering":null,"formattedDate":"Za 11 okt. 2014","formattedDateShort":"Okt. 2014","formattedTime":"20:29","formattedDuration":"35m","formattedAvailabilityWindow":null,"formattedAvailabilityWindowShort":null,"image":{"portraitUrl":null,"landscapeUrl":"https:\/\/images.nlziet.nl\/metadataimportimages\/source\/9554BE3D16AFEF019D25A45591F2BAD326F51B1B7CFE9DAEF349B5F0E535EFFF.jpg"},"logo":{"normalUrl":"https:\/\/cdn.nlziet.nl\/static\/assets\/contentproviders\/npo.png","darkUrl":"https:\/\/cdn.nlziet.nl\/static\/assets\/contentproviders\/dark\/npo.png","flatUrl":"https:\/\/cdn.nlziet.nl\/static\/assets\/contentproviders\/flat\/npo.png"},"tags":[],"seriesId":"7Bo7rh5OEkOpLxfhtJa7bQ"},{"id":"910NnBeNLUe0fIVosBCuRA","type":"Vod","title":"Frans Bauer","subtitle":"Tygo Gernandt","description":"AVROTROS - Frans en Dorus verblijven op een zonovergoten camping aan de Cote d'Azur waar zij deze aflevering Tygo Gernandt ontvangen. De acteur kijkt erg uit naar zijn bezoekje aan Frans en Dorus. Frans heeft op zijn beurt van alles gepland, want dat Tygo niet te lang stil kan zitten is bekend. De activiteiten vinden voornamelijk plaats op het water en dat blijkt een schot in de roos want Tygo is een echte waterrat. Als een kind zo blij is hij als hij zelf met een bootje naar een eiland voor de kust van Cannes mag varen. Op dit eiland staat een oude gevangenis waar 'De Man in het IJzeren Masker' heeft vastgezeten. De bijzondere sfeer op het eiland levert genoeg gespreksstof op, van een openhartig gesprek over Tygo's drugsverslaving tot een emotioneel moment als het gaat over het verlies van dierbaren. Ook is er tijd voor het typische campingleven. Tygo maakt een visje klaar voor de broers Bauer en terwijl deze op de barbecue ligt nemen Frans en Dorus hem mee naar de broertjes Kuiper. Frans en Dorus blijken namelijk niet de enige broers uit Brabant die met een gedateerde vouwwagen kamperen in Frankrijk.","formattedEpisodeNumbering":null,"formattedDate":"Za 4 okt. 2014","formattedDateShort":"Okt. 2014","formattedTime":"20:28","formattedDuration":"35m","formattedAvailabilityWindow":null,"formattedAvailabilityWindowShort":null,"image":{"portraitUrl":null,"landscapeUrl":"https:\/\/images.nlziet.nl\/metadataimportimages\/source\/FBAB7861F1017566A77D443A4F93D073DFCA89E3A0F1DA7F525760C29BFFBB08.jpg"},"logo":{"normalUrl":"https:\/\/cdn.nlziet.nl\/static\/assets\/contentproviders\/npo.png","darkUrl":"https:\/\/cdn.nlziet.nl\/static\/assets\/contentproviders\/dark\/npo.png","flatUrl":"https:\/\/cdn.nlziet.nl\/static\/assets\/contentproviders\/flat\/npo.png"},"tags":[],"seriesId":"7Bo7rh5OEkOpLxfhtJa7bQ"},{"id":"MQ44W-fdxkqHB8HDaDokjw","type":"Vod","title":"Frans Bauer","subtitle":"Goedele Liekens","description":"AVROTROS - De Belgische seksuologe Goedele Liekens komt bij Frans en Dorus op bezoek in Frankrijk. In tegenstelling tot wat de mannen verwachten, voelt Goedele zich direct thuis op de camping. Als kind was zij al een echte tomboy en zat ze liever in een boom dan dat ze met poppen speelde. Deze avontuurlijke kant ontdekken Frans en Dorus als ze haar meenemen voor een tocht door de boomtoppen en Goedele zich zonder angst van boom tot boom laat glijden aan een kabel. Natuurlijk wordt er ook gesproken over Goedeles beroep en wat haar tienerdochters daar eigenlijk van vinden. Ook wordt Goedele aan het werk gezet op een geitenboerderij in de buurt, waar zij samen met Frans geitenkaas gaat maken. Goedele had een romantisch beeld van het boerenleven en droomde ervan een boerinnetje te worden op haar oude dag. Ze ontdekt dat ze deze toekomstplannen misschien toch maar moet aanpassen.","formattedEpisodeNumbering":null,"formattedDate":"Za 27 sep. 2014","formattedDateShort":"Sep. 2014","formattedTime":"20:29","formattedDuration":"35m","formattedAvailabilityWindow":null,"formattedAvailabilityWindowShort":null,"image":{"portraitUrl":null,"landscapeUrl":"https:\/\/images.nlziet.nl\/metadataimportimages\/source\/36A8C0152653DD4E762BBB68FE65D7DA15CE8656DEEEFAA2EB3779A903C8B311.jpg"},"logo":{"normalUrl":"https:\/\/cdn.nlziet.nl\/static\/assets\/contentproviders\/npo.png","darkUrl":"https:\/\/cdn.nlziet.nl\/static\/assets\/contentproviders\/dark\/npo.png","flatUrl":"https:\/\/cdn.nlziet.nl\/static\/assets\/contentproviders\/flat\/npo.png"},"tags":[],"seriesId":"7Bo7rh5OEkOpLxfhtJa7bQ"},{"id":"slKuvGV2VEe5RfoZ3Oa76A","type":"Vod","title":"Frans Bauer","subtitle":"Herman den Blijker","description":"AVROTROS - Frans en Dorus staan met hun vouwwagen nog steeds op een camping aan de rivier de Ceze in de Franse Provence. Vandaag komt Herman op bezoek en daar zijn de mannen eigenlijk best een beetje nerveus voor. Zal hij uit de voeten kunnen op hun kampeerplaatsje? Ze realiseren zich dat ze er vooral voor moeten zorgen dat het Herman aan niks ontbreekt om lekker te kunnen koken. Van hun eigen kookkwaliteiten zal hij niet blij worden. Dat ze dit juist hebben ingeschat blijkt direct wanneer Herman op de camping arriveert. Hij is nog geen minuut uit de auto gestapt of er worden al omeletten gebakken. Er wordt gekookt, gegeten en gepraat over eten. Maar Frans heeft ook nog een aantal bijzondere activiteiten gepland. Zo wordt op een Solex de beruchte Mont Ventoux getrotseerd en dat schept een band, na afloop praten de mannen over de andere dingen in het leven, van carri\u00e8rekeuzes tot het vaderschap.","formattedEpisodeNumbering":null,"formattedDate":"Za 20 sep. 2014","formattedDateShort":"Sep. 2014","formattedTime":"20:30","formattedDuration":"35m","formattedAvailabilityWindow":null,"formattedAvailabilityWindowShort":null,"image":{"portraitUrl":null,"landscapeUrl":"https:\/\/images.nlziet.nl\/metadataimportimages\/source\/7528EDA6869DF01EE177F2F14D8002C97F8CF05051A17589F09AC057A64AD866.jpg"},"logo":{"normalUrl":"https:\/\/cdn.nlziet.nl\/static\/assets\/contentproviders\/npo.png","darkUrl":"https:\/\/cdn.nlziet.nl\/static\/assets\/contentproviders\/dark\/npo.png","flatUrl":"https:\/\/cdn.nlziet.nl\/static\/assets\/contentproviders\/flat\/npo.png"},"tags":[],"seriesId":"7Bo7rh5OEkOpLxfhtJa7bQ"},{"id":"bkBlFZTCXUGu_5e-HEi9Ww","type":"Vod","title":"Frans Bauer","subtitle":"Ireen W\u00fcst","description":"AVROTROS - Frans en Dorus ontvangen Ireen W\u00fcst op een mooie groene camping in de Franse Provence. Ze kijken enorm uit naar de komst van deze meervoudig Olympisch kampioene en Frans verheugt zich al op een zomers schaatstochtje met haar. Er worden skeelers aangeschaft met als doel een rondje om het dorpsplein, maar dat blijkt nog een stuk lastiger dan verwacht! Naast een fantastische schaatster blijkt Ireen ook nog eens een hele enthousiaste persoonlijkheid. Hoe gek Frans het ook verzint, Ireen staat overal voor open; op een ezel naar een rivier om goud te zoeken, racen door een labyrinth, ze doet er allemaal aan mee en dat vol fanatisme. Wat het spel ook is, ze zal zich niet zomaar laten verslaan. Natuurlijk moet er ook getraind worden want een topsporter word je niet zomaar. Terwijl Frans en Dorus de barbecue aanzetten werkt Ireen zich in het zweet en dat levert bijzondere beelden op.","formattedEpisodeNumbering":null,"formattedDate":"Za 13 sep. 2014","formattedDateShort":"Sep. 2014","formattedTime":"20:30","formattedDuration":"35m","formattedAvailabilityWindow":null,"formattedAvailabilityWindowShort":null,"image":{"portraitUrl":null,"landscapeUrl":"https:\/\/images.nlziet.nl\/metadataimportimages\/source\/2B780ACFB0DDE7D1E03B9F56428B4A68D2AE92123F94EDB511899B2EB5A92141.jpg"},"logo":{"normalUrl":"https:\/\/cdn.nlziet.nl\/static\/assets\/contentproviders\/npo.png","darkUrl":"https:\/\/cdn.nlziet.nl\/static\/assets\/contentproviders\/dark\/npo.png","flatUrl":"https:\/\/cdn.nlziet.nl\/static\/assets\/contentproviders\/flat\/npo.png"},"tags":[],"seriesId":"7Bo7rh5OEkOpLxfhtJa7bQ"},{"id":"Uo5YhZw0CkK9uFUob19Ilw","type":"Vod","title":"Frans Bauer","subtitle":"Gordon","description":"TROS - Frans en Dorus verblijven op een camping aan de Franse Cote d'Azur waar zij Gordon ontvangen. Ze realiseren zich maar al te goed dat ze Gordon met een verblijf op een camping behoorlijk uit zijn comfort zone halen en dus doen ze er alles aan om het hem naar de zin te maken. Van aanpassingen aan de tent tot een goede lunch en hoofdmassages in een beachclub. En met succes! Gordon lijkt zich op zijn gemak te voelen bij de broertjes Bauer en er ontstaan mooie gesprekken over liefde en familie. Om Gordon ook nog wat cultuur mee te geven neemt Frans hem mee naar de lokale rugbyclub. Rugby is een van de meest populaire sporten in Frankrijk en het komt Gordon niet slecht uit dat er veel fysiek contact is in het spel....","formattedEpisodeNumbering":null,"formattedDate":"Za 30 aug. 2014","formattedDateShort":"Aug. 2014","formattedTime":"20:29","formattedDuration":"35m","formattedAvailabilityWindow":null,"formattedAvailabilityWindowShort":null,"image":{"portraitUrl":null,"landscapeUrl":"https:\/\/images.nlziet.nl\/metadataimportimages\/source\/20BE53C8B32784AC8CD3E5FE248A550ECAB118D88930F8E44087E1A1B6F9A996.jpg"},"logo":{"normalUrl":"https:\/\/cdn.nlziet.nl\/static\/assets\/contentproviders\/npo.png","darkUrl":"https:\/\/cdn.nlziet.nl\/static\/assets\/contentproviders\/dark\/npo.png","flatUrl":"https:\/\/cdn.nlziet.nl\/static\/assets\/contentproviders\/flat\/npo.png"},"tags":[],"seriesId":"7Bo7rh5OEkOpLxfhtJa7bQ"}]