[{"id":"vD_X-oDimE2JQob3eTNMkg","type":"Vod","title":"Evenblij","subtitle":"1 jaar voor het WK Voetbal: Evenblij in Rio","description":"VARA - Met het WK Voetbal in 2014 en de Olympische Spelen van 2016 is Rio de Janeiro de komende jaren d\u00e9 sporthoofdstad van de wereld. E\u00e9n jaar voordat het zover is, gaat Frank Evenblij alvast naar Brazili\u00eb om te kijken hoe de stad er voor staat. Hij bezoekt een training en een wedstrijd van Clarence Seedorf, superster bij Botafogo. Hoe gaat het in de favela's: moeten zij wijken voor al het sportgeweld of profiteren zij juist van de grote nieuwbouwprojecten in de stad? Voor de meeste Brazilianen blijft Garrincha d\u00e9 voetballer aller tijden. Samen met oud NOS-correspondent Marjon van Royen gaat Frank op bezoek bij zijn familie en naar zijn graf.","formattedEpisodeNumbering":null,"formattedDate":"Do 13 jun. 2013","formattedDateShort":"Jun. 2013","formattedTime":"21:50","formattedDuration":"50m","formattedAvailabilityWindow":null,"formattedAvailabilityWindowShort":null,"image":{"portraitUrl":null,"landscapeUrl":"https:\/\/images.nlziet.nl\/metadataimportimages\/source\/CD1CF9706D9A44A4B1E107DB40F9DCEF2547083BD5572302BDF68E266942077B.jpg"},"logo":{"normalUrl":"https:\/\/cdn.nlziet.nl\/static\/assets\/contentproviders\/npo.png","darkUrl":"https:\/\/cdn.nlziet.nl\/static\/assets\/contentproviders\/dark\/npo.png","flatUrl":"https:\/\/cdn.nlziet.nl\/static\/assets\/contentproviders\/flat\/npo.png"},"tags":[],"seriesId":"85Wn5bmJCU6rzgmD6oEP-w"}]