[{"id":"LAboBjWO-UWfJipeHG6_bg","type":"Vod","title":"Natuur Op Z: Big Cat Country","subtitle":"Afl. 6","description":"RTLZ - In het Luangwa National Park in Zambia volgt een filmploeg drie maanden lang een troep leeuwen op de voet.","formattedEpisodeNumbering":null,"formattedDate":"Ma 17 jan.","formattedDateShort":"Ma 17 jan.","formattedTime":"21:35","formattedDuration":"45m","formattedAvailabilityWindow":null,"formattedAvailabilityWindowShort":null,"image":{"portraitUrl":null,"landscapeUrl":"https:\/\/images.nlziet.nl\/metadataimportimages\/source\/1839057E9EA32D7C6EE30E190C84572235C9FDE89587175DA29DF361ECDFC7E4.jpg"},"logo":{"normalUrl":"https:\/\/cdn.nlziet.nl\/static\/assets\/contentproviders\/rtl.png","darkUrl":"https:\/\/cdn.nlziet.nl\/static\/assets\/contentproviders\/dark\/rtl.png","flatUrl":"https:\/\/cdn.nlziet.nl\/static\/assets\/contentproviders\/flat\/rtl.png"},"tags":[],"seriesId":"4XkwzfnjfUaMsoo798Itpw"},{"id":"vEeY0Hn8OEGo0zCNRittEQ","type":"Vod","title":"Natuur Op Z: Big Cat Country","subtitle":"Afl. 5","description":"RTLZ - In het Luangwa National Park in Zambia volgt een filmploeg drie maanden lang een troep leeuwen op de voet.","formattedEpisodeNumbering":null,"formattedDate":"Ma 17 jan.","formattedDateShort":"Ma 17 jan.","formattedTime":"20:35","formattedDuration":"44m","formattedAvailabilityWindow":null,"formattedAvailabilityWindowShort":null,"image":{"portraitUrl":null,"landscapeUrl":"https:\/\/images.nlziet.nl\/metadataimportimages\/source\/25EAE3497DA1599E42B1B321113ECD88925677BF197845857056BA8C1220433E.jpg"},"logo":{"normalUrl":"https:\/\/cdn.nlziet.nl\/static\/assets\/contentproviders\/rtl.png","darkUrl":"https:\/\/cdn.nlziet.nl\/static\/assets\/contentproviders\/dark\/rtl.png","flatUrl":"https:\/\/cdn.nlziet.nl\/static\/assets\/contentproviders\/flat\/rtl.png"},"tags":[],"seriesId":"4XkwzfnjfUaMsoo798Itpw"},{"id":"w32XaD0zLECasNDWVUErJg","type":"Vod","title":"Natuur Op Z: Big Cat Country","subtitle":"Afl. 4","description":"RTLZ - Zesdelige documentaireserie over de leeuwen die leven in de Luangwa-vallei in Zambia.","formattedEpisodeNumbering":null,"formattedDate":"Ma 10 jan.","formattedDateShort":"Ma 10 jan.","formattedTime":"22:30","formattedDuration":"45m","formattedAvailabilityWindow":null,"formattedAvailabilityWindowShort":null,"image":{"portraitUrl":null,"landscapeUrl":"https:\/\/images.nlziet.nl\/metadataimportimages\/source\/9DEE3085B30CFF86C0CF784B5D7841CCFCC4755C15BA86FA020CBD9AF81B92BB.jpg"},"logo":{"normalUrl":"https:\/\/cdn.nlziet.nl\/static\/assets\/contentproviders\/rtl.png","darkUrl":"https:\/\/cdn.nlziet.nl\/static\/assets\/contentproviders\/dark\/rtl.png","flatUrl":"https:\/\/cdn.nlziet.nl\/static\/assets\/contentproviders\/flat\/rtl.png"},"tags":[],"seriesId":"4XkwzfnjfUaMsoo798Itpw"},{"id":"T1sj-Hn7lk2_naqQ6dXH3w","type":"Vod","title":"Natuur Op Z: Big Cat Country","subtitle":"Afl. 3","description":"RTLZ - Zesdelige documentaireserie over de leeuwen die leven in de Luangwa-vallei in Zambia.","formattedEpisodeNumbering":null,"formattedDate":"Ma 10 jan.","formattedDateShort":"Ma 10 jan.","formattedTime":"21:30","formattedDuration":"44m","formattedAvailabilityWindow":null,"formattedAvailabilityWindowShort":null,"image":{"portraitUrl":null,"landscapeUrl":"https:\/\/images.nlziet.nl\/metadataimportimages\/source\/BC08F576FCEFE499158FDDEAEC03016B10E689E7299394154111EC83BD0470A0.jpg"},"logo":{"normalUrl":"https:\/\/cdn.nlziet.nl\/static\/assets\/contentproviders\/rtl.png","darkUrl":"https:\/\/cdn.nlziet.nl\/static\/assets\/contentproviders\/dark\/rtl.png","flatUrl":"https:\/\/cdn.nlziet.nl\/static\/assets\/contentproviders\/flat\/rtl.png"},"tags":[],"seriesId":"4XkwzfnjfUaMsoo798Itpw"},{"id":"e_aUzrGFVU2_JN4IlPjw6A","type":"Vod","title":"Natuur Op Z: Big Cat Country","subtitle":"Afl. 2","description":"RTLZ - Zesdelige documentaireserie over de leeuwen die leven in de Luangwa-vallei in Zambia.","formattedEpisodeNumbering":null,"formattedDate":"Ma 10 jan.","formattedDateShort":"Ma 10 jan.","formattedTime":"20:30","formattedDuration":"44m","formattedAvailabilityWindow":null,"formattedAvailabilityWindowShort":null,"image":{"portraitUrl":null,"landscapeUrl":"https:\/\/images.nlziet.nl\/metadataimportimages\/source\/C9257867A2187ED7D3557C468988F59A60202FB92CE1981CFCC3E4165F96C8A9.jpg"},"logo":{"normalUrl":"https:\/\/cdn.nlziet.nl\/static\/assets\/contentproviders\/rtl.png","darkUrl":"https:\/\/cdn.nlziet.nl\/static\/assets\/contentproviders\/dark\/rtl.png","flatUrl":"https:\/\/cdn.nlziet.nl\/static\/assets\/contentproviders\/flat\/rtl.png"},"tags":[],"seriesId":"4XkwzfnjfUaMsoo798Itpw"},{"id":"YJbAm5npVEqHcP2Ta2Wjjw","type":"Vod","title":"Natuur Op Z: Big Cat Country","subtitle":"Afl. 1","description":"RTLZ - De reis door het Luangwa National Park in Zambia begint. Daar zal voor een periode van drie maanden van dichtbij een troep leeuwen worden gevolgd.","formattedEpisodeNumbering":null,"formattedDate":"Ma 3 jan.","formattedDateShort":"Ma 3 jan.","formattedTime":"22:25","formattedDuration":"44m","formattedAvailabilityWindow":"Nog 5 dagen beschikbaar","formattedAvailabilityWindowShort":"Nog 5 d. beschikbaar","image":{"portraitUrl":null,"landscapeUrl":"https:\/\/images.nlziet.nl\/metadataimportimages\/source\/44C5C94B0BCD383C2345F93FEA390FAC12992263D88B764A616BB9CE9A964F4D.jpg"},"logo":{"normalUrl":"https:\/\/cdn.nlziet.nl\/static\/assets\/contentproviders\/rtl.png","darkUrl":"https:\/\/cdn.nlziet.nl\/static\/assets\/contentproviders\/dark\/rtl.png","flatUrl":"https:\/\/cdn.nlziet.nl\/static\/assets\/contentproviders\/flat\/rtl.png"},"tags":[],"seriesId":"4XkwzfnjfUaMsoo798Itpw"}]