[{"id":"8PgOWp9V6UmUoPQqU6_C5Q","type":"Vod","title":"Hoi Duggee","subtitle":"De hiksticker","description":"AVROTROS - Animatieserie over de Guppie club, een activiteitenclub voor kinderen. Ze beleven tal van avonturen en ontvangen een sticker wanneer ze een opdracht goed hebben uitgevoerd.","formattedEpisodeNumbering":null,"formattedDate":"Ma 1 okt. 2018","formattedDateShort":"Okt. 2018","formattedTime":"07:15","formattedDuration":"6m","formattedAvailabilityWindow":null,"formattedAvailabilityWindowShort":null,"image":{"portraitUrl":null,"landscapeUrl":"https:\/\/images.nlziet.nl\/metadataimportimages\/source\/23DEC2E1C5ACF79ED9524F6C78073D08C3E8BB5A21A31C0CD34FC3A9C59DAA03.jpg"},"logo":{"normalUrl":"https:\/\/cdn.nlziet.nl\/static\/assets\/contentproviders\/npo.png","darkUrl":"https:\/\/cdn.nlziet.nl\/static\/assets\/contentproviders\/dark\/npo.png","flatUrl":"https:\/\/cdn.nlziet.nl\/static\/assets\/contentproviders\/flat\/npo.png"},"tags":[],"seriesId":"7k7v--gUfk62uMaKobCPoQ"},{"id":"8ldxPWCNyEehLdgHCi5u4A","type":"Vod","title":"Hoi Duggee","subtitle":"De kasteelsticker","description":"AVROTROS - Animatieserie over de Guppie club, een activiteitenclub voor kinderen. Ze beleven tal van avonturen en ontvangen een sticker wanneer ze een opdracht goed hebben uitgevoerd.","formattedEpisodeNumbering":null,"formattedDate":"Di 25 sep. 2018","formattedDateShort":"Sep. 2018","formattedTime":"07:15","formattedDuration":"6m","formattedAvailabilityWindow":null,"formattedAvailabilityWindowShort":null,"image":{"portraitUrl":null,"landscapeUrl":"https:\/\/images.nlziet.nl\/metadataimportimages\/source\/3776551246DEE288CC86EF3E2490D12C26326EFBF7D538E21B6EC7F685FA6B9E.jpg"},"logo":{"normalUrl":"https:\/\/cdn.nlziet.nl\/static\/assets\/contentproviders\/npo.png","darkUrl":"https:\/\/cdn.nlziet.nl\/static\/assets\/contentproviders\/dark\/npo.png","flatUrl":"https:\/\/cdn.nlziet.nl\/static\/assets\/contentproviders\/flat\/npo.png"},"tags":[],"seriesId":"7k7v--gUfk62uMaKobCPoQ"},{"id":"KjBge3Vufk2B4_uA4uIq_g","type":"Vod","title":"Hoi Duggee","subtitle":"De bladsticker","description":"AVROTROS - Animatieserie over de Guppie club, een activiteitenclub voor kinderen. Ze beleven tal van avonturen en ontvangen een sticker wanneer ze een opdracht goed hebben uitgevoerd.","formattedEpisodeNumbering":null,"formattedDate":"Di 18 sep. 2018","formattedDateShort":"Sep. 2018","formattedTime":"07:15","formattedDuration":"6m","formattedAvailabilityWindow":null,"formattedAvailabilityWindowShort":null,"image":{"portraitUrl":null,"landscapeUrl":"https:\/\/images.nlziet.nl\/metadataimportimages\/source\/6CBED43D788D85949B9905B6C508527C8F196A6EC9FB07E05A4EF2A69A0D0520.jpg"},"logo":{"normalUrl":"https:\/\/cdn.nlziet.nl\/static\/assets\/contentproviders\/npo.png","darkUrl":"https:\/\/cdn.nlziet.nl\/static\/assets\/contentproviders\/dark\/npo.png","flatUrl":"https:\/\/cdn.nlziet.nl\/static\/assets\/contentproviders\/flat\/npo.png"},"tags":[],"seriesId":"7k7v--gUfk62uMaKobCPoQ"},{"id":"0go4kKe-LkylkdgHAU1b-Q","type":"Vod","title":"Hoi Duggee","subtitle":"De jamsticker","description":"AVROTROS - Animatieserie over de Guppie club, een activiteitenclub voor kinderen. Ze beleven tal van avonturen en ontvangen een sticker wanneer ze een opdracht goed hebben uitgevoerd.","formattedEpisodeNumbering":null,"formattedDate":"Di 11 sep. 2018","formattedDateShort":"Sep. 2018","formattedTime":"07:05","formattedDuration":"6m","formattedAvailabilityWindow":null,"formattedAvailabilityWindowShort":null,"image":{"portraitUrl":null,"landscapeUrl":"https:\/\/images.nlziet.nl\/metadataimportimages\/source\/D10B361A63888D7714A6AAB9A5E7EB62CA01BBCD274A580C536E9248B24B3B0D.jpg"},"logo":{"normalUrl":"https:\/\/cdn.nlziet.nl\/static\/assets\/contentproviders\/npo.png","darkUrl":"https:\/\/cdn.nlziet.nl\/static\/assets\/contentproviders\/dark\/npo.png","flatUrl":"https:\/\/cdn.nlziet.nl\/static\/assets\/contentproviders\/flat\/npo.png"},"tags":[],"seriesId":"7k7v--gUfk62uMaKobCPoQ"},{"id":"5tiMyegAPkiQUJd38HDuLQ","type":"Vod","title":"Hoi Duggee","subtitle":"De reddingssticker","description":"AVROTROS - Animatieserie over de Guppie club, een activiteitenclub voor kinderen. Ze beleven tal van avonturen en ontvangen een sticker wanneer ze een opdracht goed hebben uitgevoerd.","formattedEpisodeNumbering":null,"formattedDate":"Vr 7 sep. 2018","formattedDateShort":"Sep. 2018","formattedTime":"07:05","formattedDuration":"6m","formattedAvailabilityWindow":null,"formattedAvailabilityWindowShort":null,"image":{"portraitUrl":null,"landscapeUrl":"https:\/\/images.nlziet.nl\/metadataimportimages\/source\/BB91DE17BE4954BB22DF2F650B9EBE691E1431AF244960DACDB73FAA773E430F.jpg"},"logo":{"normalUrl":"https:\/\/cdn.nlziet.nl\/static\/assets\/contentproviders\/npo.png","darkUrl":"https:\/\/cdn.nlziet.nl\/static\/assets\/contentproviders\/dark\/npo.png","flatUrl":"https:\/\/cdn.nlziet.nl\/static\/assets\/contentproviders\/flat\/npo.png"},"tags":[],"seriesId":"7k7v--gUfk62uMaKobCPoQ"},{"id":"L-FZWh3-6kGfcrwLBZwxuQ","type":"Vod","title":"Hoi Duggee","subtitle":"De haarsticker","description":"AVROTROS - Animatieserie over de Guppie club, een activiteitenclub voor kinderen. Ze beleven tal van avonturen en ontvangen een sticker wanneer ze een opdracht goed hebben uitgevoerd.","formattedEpisodeNumbering":null,"formattedDate":"Wo 5 sep. 2018","formattedDateShort":"Sep. 2018","formattedTime":"07:10","formattedDuration":"6m","formattedAvailabilityWindow":null,"formattedAvailabilityWindowShort":null,"image":{"portraitUrl":null,"landscapeUrl":"https:\/\/images.nlziet.nl\/metadataimportimages\/source\/DF8EF9AB51F0AA0E86E580623D2E44CFC3CF7FF8A21BE2CDA5066E001D302E88.jpg"},"logo":{"normalUrl":"https:\/\/cdn.nlziet.nl\/static\/assets\/contentproviders\/npo.png","darkUrl":"https:\/\/cdn.nlziet.nl\/static\/assets\/contentproviders\/dark\/npo.png","flatUrl":"https:\/\/cdn.nlziet.nl\/static\/assets\/contentproviders\/flat\/npo.png"},"tags":[],"seriesId":"7k7v--gUfk62uMaKobCPoQ"},{"id":"7xEQ6RPN60CDCnO337o8vw","type":"Vod","title":"Hoi Duggee","subtitle":"De tekensticker","description":"AVROTROS - Animatieserie over de Guppie club, een activiteitenclub voor kinderen. Ze beleven tal van avonturen en ontvangen een sticker wanneer ze een opdracht goed hebben uitgevoerd.","formattedEpisodeNumbering":null,"formattedDate":"Ma 3 sep. 2018","formattedDateShort":"Sep. 2018","formattedTime":"07:10","formattedDuration":"6m","formattedAvailabilityWindow":null,"formattedAvailabilityWindowShort":null,"image":{"portraitUrl":null,"landscapeUrl":"https:\/\/images.nlziet.nl\/metadataimportimages\/source\/7E1EF9825E0AE1C0A6F23CF49B15929307C4DA35DB11AEA73637DD48BCB92D7F.jpg"},"logo":{"normalUrl":"https:\/\/cdn.nlziet.nl\/static\/assets\/contentproviders\/npo.png","darkUrl":"https:\/\/cdn.nlziet.nl\/static\/assets\/contentproviders\/dark\/npo.png","flatUrl":"https:\/\/cdn.nlziet.nl\/static\/assets\/contentproviders\/flat\/npo.png"},"tags":[],"seriesId":"7k7v--gUfk62uMaKobCPoQ"}]