[{"id":"Qi3b_qPW2kinXZeVZXZO4g","type":"Vod","title":"Burgers' Zoo: Drukte in de Dierentuin","subtitle":"Aflevering 11","description":"SBS9 - De camera volgt het leven van de dieren en de werkzaamheden van de verzorgers in dierenpark Burgers' Zoo.","formattedEpisodeNumbering":null,"formattedDate":"Za 6 okt. 2018","formattedDateShort":"Okt. 2018","formattedTime":"17:55","formattedDuration":"25m","formattedAvailabilityWindow":null,"formattedAvailabilityWindowShort":null,"image":{"portraitUrl":null,"landscapeUrl":"https:\/\/images.nlziet.nl\/metadataimportimages\/source\/112508B6B5430592FEFFE79EE4EA021E7387D53B2184859E9708D862F38C2DFE.jpg"},"logo":{"normalUrl":"https:\/\/cdn.nlziet.nl\/static\/assets\/contentproviders\/sbs.png","darkUrl":"https:\/\/cdn.nlziet.nl\/static\/assets\/contentproviders\/dark\/sbs.png","flatUrl":"https:\/\/cdn.nlziet.nl\/static\/assets\/contentproviders\/flat\/sbs.png"},"tags":[],"seriesId":"7WYoe94LKECClKQdB1TlZw"},{"id":"dAdDAA_Ojkmm5NUDeHeGnQ","type":"Vod","title":"Burgers' Zoo: Drukte in de Dierentuin","subtitle":"Aflevering 10","description":"SBS9 - De camera volgt het leven van de dieren en de werkzaamheden van de verzorgers in dierenpark Burgers' Zoo.","formattedEpisodeNumbering":null,"formattedDate":"Za 29 sep. 2018","formattedDateShort":"Sep. 2018","formattedTime":"17:57","formattedDuration":"24m","formattedAvailabilityWindow":null,"formattedAvailabilityWindowShort":null,"image":{"portraitUrl":null,"landscapeUrl":"https:\/\/images.nlziet.nl\/metadataimportimages\/source\/A82F25D1627C6A1E81821BAB84A41E6E9A842DB5BDCDD1C74EDDB25B8DC9B69E.jpg"},"logo":{"normalUrl":"https:\/\/cdn.nlziet.nl\/static\/assets\/contentproviders\/sbs.png","darkUrl":"https:\/\/cdn.nlziet.nl\/static\/assets\/contentproviders\/dark\/sbs.png","flatUrl":"https:\/\/cdn.nlziet.nl\/static\/assets\/contentproviders\/flat\/sbs.png"},"tags":[],"seriesId":"7WYoe94LKECClKQdB1TlZw"},{"id":"hw3ZOqlSGEaxf5C1z_-QwA","type":"Vod","title":"Burgers' Zoo: Drukte in de Dierentuin","subtitle":"Aflevering 8","description":"SBS9 - De camera volgt het leven van de dieren en de werkzaamheden van de verzorgers in dierenpark Burgers' Zoo.","formattedEpisodeNumbering":null,"formattedDate":"Za 15 sep. 2018","formattedDateShort":"Sep. 2018","formattedTime":"18:12","formattedDuration":"0m","formattedAvailabilityWindow":null,"formattedAvailabilityWindowShort":null,"image":{"portraitUrl":null,"landscapeUrl":"https:\/\/images.nlziet.nl\/metadataimportimages\/source\/715D371D1483CD646230D1CB1B0CEF53906C163E9B1FDFA4B3E04AC140278B6E.jpg"},"logo":{"normalUrl":"https:\/\/cdn.nlziet.nl\/static\/assets\/contentproviders\/sbs.png","darkUrl":"https:\/\/cdn.nlziet.nl\/static\/assets\/contentproviders\/dark\/sbs.png","flatUrl":"https:\/\/cdn.nlziet.nl\/static\/assets\/contentproviders\/flat\/sbs.png"},"tags":[],"seriesId":"7WYoe94LKECClKQdB1TlZw"},{"id":"VaVV1Rgu2UWYo06MWwrcsw","type":"Vod","title":"Burgers' Zoo: Drukte in de Dierentuin","subtitle":"Aflevering 7","description":"SBS9 - De camera volgt het leven van de dieren en de werkzaamheden van de verzorgers in dierenpark Burgers' Zoo.","formattedEpisodeNumbering":null,"formattedDate":"Za 15 sep. 2018","formattedDateShort":"Sep. 2018","formattedTime":"17:47","formattedDuration":"0m","formattedAvailabilityWindow":null,"formattedAvailabilityWindowShort":null,"image":{"portraitUrl":null,"landscapeUrl":"https:\/\/images.nlziet.nl\/metadataimportimages\/source\/F1A455BE9B0B12823BFC3F618016F4FC2DA05EF60DC0AFA03E269FB2CA7B5003.jpg"},"logo":{"normalUrl":"https:\/\/cdn.nlziet.nl\/static\/assets\/contentproviders\/sbs.png","darkUrl":"https:\/\/cdn.nlziet.nl\/static\/assets\/contentproviders\/dark\/sbs.png","flatUrl":"https:\/\/cdn.nlziet.nl\/static\/assets\/contentproviders\/flat\/sbs.png"},"tags":[],"seriesId":"7WYoe94LKECClKQdB1TlZw"},{"id":"YhrfsJT3k0yJFNmN45U6UA","type":"Vod","title":"Burgers' Zoo: Drukte in de Dierentuin","subtitle":"Aflevering 6","description":"SBS9 - De camera volgt het leven van de dieren en de werkzaamheden van de verzorgers in dierenpark Burgers' Zoo.","formattedEpisodeNumbering":null,"formattedDate":"Za 8 sep. 2018","formattedDateShort":"Sep. 2018","formattedTime":"18:09","formattedDuration":"0m","formattedAvailabilityWindow":null,"formattedAvailabilityWindowShort":null,"image":{"portraitUrl":null,"landscapeUrl":"https:\/\/images.nlziet.nl\/metadataimportimages\/source\/DA91E995E6122DDDBDBB5F8F81FD96763448054F1418834A0E4FFDAD0BE842DF.jpg"},"logo":{"normalUrl":"https:\/\/cdn.nlziet.nl\/static\/assets\/contentproviders\/sbs.png","darkUrl":"https:\/\/cdn.nlziet.nl\/static\/assets\/contentproviders\/dark\/sbs.png","flatUrl":"https:\/\/cdn.nlziet.nl\/static\/assets\/contentproviders\/flat\/sbs.png"},"tags":[],"seriesId":"7WYoe94LKECClKQdB1TlZw"},{"id":"a9Mf74SjcUaLPdRFgLXGew","type":"Vod","title":"Burgers' Zoo: Drukte in de Dierentuin","subtitle":"Aflevering 5","description":"SBS9 - De camera volgt het leven van de dieren en de werkzaamheden van de verzorgers in dierenpark Burgers' Zoo.","formattedEpisodeNumbering":null,"formattedDate":"Za 8 sep. 2018","formattedDateShort":"Sep. 2018","formattedTime":"17:44","formattedDuration":"0m","formattedAvailabilityWindow":null,"formattedAvailabilityWindowShort":null,"image":{"portraitUrl":null,"landscapeUrl":"https:\/\/images.nlziet.nl\/metadataimportimages\/source\/0164F8A886C37439976A130E445CF657172BF4351F7711E9007217D555F9FEDE.jpg"},"logo":{"normalUrl":"https:\/\/cdn.nlziet.nl\/static\/assets\/contentproviders\/sbs.png","darkUrl":"https:\/\/cdn.nlziet.nl\/static\/assets\/contentproviders\/dark\/sbs.png","flatUrl":"https:\/\/cdn.nlziet.nl\/static\/assets\/contentproviders\/flat\/sbs.png"},"tags":[],"seriesId":"7WYoe94LKECClKQdB1TlZw"},{"id":"THw6onXt4UK1PIkg__9I4A","type":"Vod","title":"Burgers' Zoo: Drukte in de Dierentuin","subtitle":"Aflevering 4","description":"SBS9 - De camera volgt het leven van de dieren en de werkzaamheden van de verzorgers in dierenpark Burgers' Zoo.","formattedEpisodeNumbering":null,"formattedDate":"Za 1 sep. 2018","formattedDateShort":"Sep. 2018","formattedTime":"18:12","formattedDuration":"0m","formattedAvailabilityWindow":null,"formattedAvailabilityWindowShort":null,"image":{"portraitUrl":null,"landscapeUrl":"https:\/\/images.nlziet.nl\/metadataimportimages\/source\/444A97ED3C6C8B961E2AA0EE75D508E7A92CD6225156A08DECFD61592CE1E67F.jpg"},"logo":{"normalUrl":"https:\/\/cdn.nlziet.nl\/static\/assets\/contentproviders\/sbs.png","darkUrl":"https:\/\/cdn.nlziet.nl\/static\/assets\/contentproviders\/dark\/sbs.png","flatUrl":"https:\/\/cdn.nlziet.nl\/static\/assets\/contentproviders\/flat\/sbs.png"},"tags":[],"seriesId":"7WYoe94LKECClKQdB1TlZw"},{"id":"nxMJiStLoEOeVOVXiW6O6w","type":"Vod","title":"Burgers' Zoo: Drukte in de Dierentuin","subtitle":"Aflevering 3","description":"SBS9 - De camera volgt het leven van de dieren en de werkzaamheden van de verzorgers in dierenpark Burgers' Zoo.","formattedEpisodeNumbering":null,"formattedDate":"Za 1 sep. 2018","formattedDateShort":"Sep. 2018","formattedTime":"17:47","formattedDuration":"0m","formattedAvailabilityWindow":null,"formattedAvailabilityWindowShort":null,"image":{"portraitUrl":null,"landscapeUrl":"https:\/\/images.nlziet.nl\/metadataimportimages\/source\/13DCCC689DA654381C9A4E03D32A93C0CED98DC0BCDAF4921E483710EFDC7FA9.jpg"},"logo":{"normalUrl":"https:\/\/cdn.nlziet.nl\/static\/assets\/contentproviders\/sbs.png","darkUrl":"https:\/\/cdn.nlziet.nl\/static\/assets\/contentproviders\/dark\/sbs.png","flatUrl":"https:\/\/cdn.nlziet.nl\/static\/assets\/contentproviders\/flat\/sbs.png"},"tags":[],"seriesId":"7WYoe94LKECClKQdB1TlZw"},{"id":"waTTAuXxhE-LA5n5gJb0uA","type":"Vod","title":"Burgers' Zoo: Drukte in de Dierentuin","subtitle":"Aflevering 2","description":"SBS9 - De camera volgt het leven van de dieren en de werkzaamheden van de verzorgers in dierenpark Burgers' Zoo.","formattedEpisodeNumbering":null,"formattedDate":"Za 25 aug. 2018","formattedDateShort":"Aug. 2018","formattedTime":"18:14","formattedDuration":"0m","formattedAvailabilityWindow":null,"formattedAvailabilityWindowShort":null,"image":{"portraitUrl":null,"landscapeUrl":"https:\/\/images.nlziet.nl\/metadataimportimages\/source\/9719A4E6E65387DAA05629FCD29E29BE671F9CF14F56D2C69740C55F3887181F.jpg"},"logo":{"normalUrl":"https:\/\/cdn.nlziet.nl\/static\/assets\/contentproviders\/sbs.png","darkUrl":"https:\/\/cdn.nlziet.nl\/static\/assets\/contentproviders\/dark\/sbs.png","flatUrl":"https:\/\/cdn.nlziet.nl\/static\/assets\/contentproviders\/flat\/sbs.png"},"tags":[],"seriesId":"7WYoe94LKECClKQdB1TlZw"},{"id":"SdRbk2SAAke3iY2xo2I7fg","type":"Vod","title":"Burgers' Zoo: Drukte in de Dierentuin","subtitle":"Aflevering 1","description":"SBS9 - De camera volgt het leven van de dieren en de werkzaamheden van de verzorgers in dierenpark Burgers' Zoo.","formattedEpisodeNumbering":null,"formattedDate":"Za 25 aug. 2018","formattedDateShort":"Aug. 2018","formattedTime":"17:50","formattedDuration":"0m","formattedAvailabilityWindow":null,"formattedAvailabilityWindowShort":null,"image":{"portraitUrl":null,"landscapeUrl":"https:\/\/images.nlziet.nl\/metadataimportimages\/source\/B184DE4E846C0ECCA8E931538ABC932B7366C43629BF6F76B9D3F235C1991BE7.jpg"},"logo":{"normalUrl":"https:\/\/cdn.nlziet.nl\/static\/assets\/contentproviders\/sbs.png","darkUrl":"https:\/\/cdn.nlziet.nl\/static\/assets\/contentproviders\/dark\/sbs.png","flatUrl":"https:\/\/cdn.nlziet.nl\/static\/assets\/contentproviders\/flat\/sbs.png"},"tags":[],"seriesId":"7WYoe94LKECClKQdB1TlZw"},{"id":"kZ8aVdMTskmS_43_YBCDSQ","type":"Vod","title":"Burgers' Zoo: Drukte in de Dierentuin","subtitle":"Aflevering 9","description":"SBS9 - De camera volgt het leven van de dieren en de werkzaamheden van de verzorgers in dierenpark Burgers' Zoo.","formattedEpisodeNumbering":null,"formattedDate":"Za 21 apr. 2018","formattedDateShort":"Apr. 2018","formattedTime":"18:05","formattedDuration":"25m","formattedAvailabilityWindow":null,"formattedAvailabilityWindowShort":null,"image":{"portraitUrl":null,"landscapeUrl":"https:\/\/images.nlziet.nl\/metadataimportimages\/source\/97776D2276FA2CF893A08CE2FB00D71978F0BB3AD7E9BB01B2448857203CD451.jpg"},"logo":{"normalUrl":"https:\/\/cdn.nlziet.nl\/static\/assets\/contentproviders\/sbs.png","darkUrl":"https:\/\/cdn.nlziet.nl\/static\/assets\/contentproviders\/dark\/sbs.png","flatUrl":"https:\/\/cdn.nlziet.nl\/static\/assets\/contentproviders\/flat\/sbs.png"},"tags":[],"seriesId":"7WYoe94LKECClKQdB1TlZw"}]