[{"id":"bv3rFYcrgUmVLEa6u74TMA","type":"Vod","title":"Van Woonvilla Naar Droomvilla","subtitle":"Afl. 8","description":"RTL4 - Inspirerend woonprogramma waarin topontwerper Bertram Terpstra en zijn team je meenemen in de wereld van design, architectuur en interieur. Iedere week is er aandacht voor een nieuw project, van schets tot en met het eindresultaat. Alle facetten van bouwen, verbouwen en bouwmanagement, maar ook styling en ontwerpen voor interieur, verlichting en meubilering komen aan bod. Bertram Terpstra, Pauline Jorritsma en Jeroen Overmars zullen hiervoor verschillende leveranciers bezoeken, waar zij geadviseerd worden door de specialisten.","formattedEpisodeNumbering":null,"formattedDate":"Ma 4 jul.","formattedDateShort":"Ma 4 jul.","formattedTime":"12:55","formattedDuration":"21m","formattedAvailabilityWindow":null,"formattedAvailabilityWindowShort":null,"image":{"portraitUrl":null,"landscapeUrl":"https:\/\/images.nlziet.nl\/metadataimportimages\/source\/1B067DFE4A2CFD9A9F8417F2188B1FE907D310CBA531294E09D9541242138ABB.jpg"},"logo":{"normalUrl":"https:\/\/cdn.nlziet.nl\/static\/assets\/contentproviders\/rtl.png","darkUrl":"https:\/\/cdn.nlziet.nl\/static\/assets\/contentproviders\/dark\/rtl.png","flatUrl":"https:\/\/cdn.nlziet.nl\/static\/assets\/contentproviders\/flat\/rtl.png"},"tags":[],"seriesId":"6Es68NJdnEeZUuUOcm-_zQ"},{"id":"bl3SgOABdUODUkRc60Odfg","type":"Vod","title":"Van Woonvilla Naar Droomvilla","subtitle":"Afl. 7","description":"RTL4 - Inspirerend woonprogramma waarin topontwerper Bertram Terpstra en zijn team je meenemen in de wereld van design, architectuur en interieur. Iedere week is er aandacht voor een nieuw project, van schets tot en met het eindresultaat. Alle facetten van bouwen, verbouwen en bouwmanagement, maar ook styling en ontwerpen voor interieur, verlichting en meubilering komen aan bod. Bertram Terpstra, Pauline Jorritsma en Jeroen Overmars zullen hiervoor verschillende leveranciers bezoeken, waar zij geadviseerd worden door de specialisten.","formattedEpisodeNumbering":null,"formattedDate":"Vr 1 jul.","formattedDateShort":"Vr 1 jul.","formattedTime":"12:50","formattedDuration":"21m","formattedAvailabilityWindow":null,"formattedAvailabilityWindowShort":null,"image":{"portraitUrl":null,"landscapeUrl":"https:\/\/images.nlziet.nl\/metadataimportimages\/source\/25643B0A952F4D041BD8A77B5899927310A5D6519F4A717FC19D5BC67B75AD01.jpg"},"logo":{"normalUrl":"https:\/\/cdn.nlziet.nl\/static\/assets\/contentproviders\/rtl.png","darkUrl":"https:\/\/cdn.nlziet.nl\/static\/assets\/contentproviders\/dark\/rtl.png","flatUrl":"https:\/\/cdn.nlziet.nl\/static\/assets\/contentproviders\/flat\/rtl.png"},"tags":[],"seriesId":"6Es68NJdnEeZUuUOcm-_zQ"},{"id":"-taTfOLQDEChy1GL2KhTUA","type":"Vod","title":"Van Woonvilla Naar Droomvilla","subtitle":"Afl. 6","description":"RTL4 - Inspirerend woonprogramma waarin topontwerper Bertram Terpstra en zijn team je meenemen in de wereld van design, architectuur en interieur. Iedere week is er aandacht voor een nieuw project, van schets tot en met het eindresultaat. Alle facetten van bouwen, verbouwen en bouwmanagement, maar ook styling en ontwerpen voor interieur, verlichting en meubilering komen aan bod. Bertram Terpstra, Pauline Jorritsma en Jeroen Overmars zullen hiervoor verschillende leveranciers bezoeken, waar zij geadviseerd worden door de specialisten.","formattedEpisodeNumbering":null,"formattedDate":"Do 30 jun.","formattedDateShort":"Do 30 jun.","formattedTime":"12:40","formattedDuration":"22m","formattedAvailabilityWindow":null,"formattedAvailabilityWindowShort":null,"image":{"portraitUrl":null,"landscapeUrl":"https:\/\/images.nlziet.nl\/metadataimportimages\/source\/C04E84B3AD94F4AB5D70D2955BC3C9C21D2C551C3DFDFA6C1B01A5679ADB799C.jpg"},"logo":{"normalUrl":"https:\/\/cdn.nlziet.nl\/static\/assets\/contentproviders\/rtl.png","darkUrl":"https:\/\/cdn.nlziet.nl\/static\/assets\/contentproviders\/dark\/rtl.png","flatUrl":"https:\/\/cdn.nlziet.nl\/static\/assets\/contentproviders\/flat\/rtl.png"},"tags":[],"seriesId":"6Es68NJdnEeZUuUOcm-_zQ"},{"id":"avnndyv0v0yeaBAxA_-IVw","type":"Vod","title":"Van Woonvilla Naar Droomvilla","subtitle":"Afl. 5","description":"RTL4 - Inspirerend woonprogramma waarin topontwerper Bertram Terpstra en zijn team je meenemen in de wereld van design, architectuur en interieur. Iedere week is er aandacht voor een nieuw project, van schets tot en met het eindresultaat. Alle facetten van bouwen, verbouwen en bouwmanagement, maar ook styling en ontwerpen voor interieur, verlichting en meubilering komen aan bod. Bertram Terpstra, Pauline Jorritsma en Jeroen Overmars zullen hiervoor verschillende leveranciers bezoeken, waar zij geadviseerd worden door de specialisten.","formattedEpisodeNumbering":null,"formattedDate":"Wo 29 jun.","formattedDateShort":"Wo 29 jun.","formattedTime":"12:40","formattedDuration":"21m","formattedAvailabilityWindow":null,"formattedAvailabilityWindowShort":null,"image":{"portraitUrl":null,"landscapeUrl":"https:\/\/images.nlziet.nl\/metadataimportimages\/source\/64A27554718BF06B209747A2A3ACFD7A96D1695E6BEB225B3D8A03648E088890.jpg"},"logo":{"normalUrl":"https:\/\/cdn.nlziet.nl\/static\/assets\/contentproviders\/rtl.png","darkUrl":"https:\/\/cdn.nlziet.nl\/static\/assets\/contentproviders\/dark\/rtl.png","flatUrl":"https:\/\/cdn.nlziet.nl\/static\/assets\/contentproviders\/flat\/rtl.png"},"tags":[],"seriesId":"6Es68NJdnEeZUuUOcm-_zQ"},{"id":"usaloo0SJUmXtBBcQRWR9g","type":"Vod","title":"Van Woonvilla Naar Droomvilla","subtitle":"Afl. 4","description":"RTL4 - Inspirerend woonprogramma waarin topontwerper Bertram Terpstra en zijn team je meenemen in de wereld van design, architectuur en interieur. Iedere week is er aandacht voor een nieuw project, van schets tot en met het eindresultaat. Alle facetten van bouwen, verbouwen en bouwmanagement, maar ook styling en ontwerpen voor interieur, verlichting en meubilering komen aan bod. Bertram Terpstra, Pauline Jorritsma en Jeroen Overmars zullen hiervoor verschillende leveranciers bezoeken, waar zij geadviseerd worden door de specialisten.","formattedEpisodeNumbering":null,"formattedDate":"Di 28 jun.","formattedDateShort":"Di 28 jun.","formattedTime":"12:50","formattedDuration":"21m","formattedAvailabilityWindow":null,"formattedAvailabilityWindowShort":null,"image":{"portraitUrl":null,"landscapeUrl":"https:\/\/images.nlziet.nl\/metadataimportimages\/source\/9BC68F03D09546E7A013DE8597E012FFEB415E5EA3A55AC58EEB26BBA34DFD2E.jpg"},"logo":{"normalUrl":"https:\/\/cdn.nlziet.nl\/static\/assets\/contentproviders\/rtl.png","darkUrl":"https:\/\/cdn.nlziet.nl\/static\/assets\/contentproviders\/dark\/rtl.png","flatUrl":"https:\/\/cdn.nlziet.nl\/static\/assets\/contentproviders\/flat\/rtl.png"},"tags":[],"seriesId":"6Es68NJdnEeZUuUOcm-_zQ"},{"id":"yqBciAerG0Gie43fmQXL2A","type":"Vod","title":"Van Woonvilla Naar Droomvilla","subtitle":"Afl. 3","description":"RTL4 - Inspirerend woonprogramma waarin topontwerper Bertram Terpstra en zijn team je meenemen in de wereld van design, architectuur en interieur. Iedere week is er aandacht voor een nieuw project, van schets tot en met het eindresultaat. Alle facetten van bouwen, verbouwen en bouwmanagement, maar ook styling en ontwerpen voor interieur, verlichting en meubilering komen aan bod. Bertram Terpstra, Pauline Jorritsma en Jeroen Overmars zullen hiervoor verschillende leveranciers bezoeken, waar zij geadviseerd worden door de specialisten.","formattedEpisodeNumbering":null,"formattedDate":"Ma 27 jun.","formattedDateShort":"Ma 27 jun.","formattedTime":"12:35","formattedDuration":"21m","formattedAvailabilityWindow":null,"formattedAvailabilityWindowShort":null,"image":{"portraitUrl":null,"landscapeUrl":"https:\/\/images.nlziet.nl\/metadataimportimages\/source\/3F53F0DA27B81675BE0FBA0B318734DE14488DBC0B297179EA77C3955ACB6EC0.jpg"},"logo":{"normalUrl":"https:\/\/cdn.nlziet.nl\/static\/assets\/contentproviders\/rtl.png","darkUrl":"https:\/\/cdn.nlziet.nl\/static\/assets\/contentproviders\/dark\/rtl.png","flatUrl":"https:\/\/cdn.nlziet.nl\/static\/assets\/contentproviders\/flat\/rtl.png"},"tags":[],"seriesId":"6Es68NJdnEeZUuUOcm-_zQ"},{"id":"JzGCBTla2kS0p85xx9ox2Q","type":"Vod","title":"Van Woonvilla Naar Droomvilla","subtitle":"Afl. 2","description":"RTL4 - Inspirerend woonprogramma waarin topontwerper Bertram Terpstra en zijn team je meenemen in de wereld van design, architectuur en interieur. Iedere week is er aandacht voor een nieuw project, van schets tot en met het eindresultaat. Alle facetten van bouwen, verbouwen en bouwmanagement, maar ook styling en ontwerpen voor interieur, verlichting en meubilering komen aan bod. Bertram Terpstra, Pauline Jorritsma en Jeroen Overmars zullen hiervoor verschillende leveranciers bezoeken, waar zij geadviseerd worden door de specialisten.","formattedEpisodeNumbering":null,"formattedDate":"Vr 24 jun.","formattedDateShort":"Vr 24 jun.","formattedTime":"12:55","formattedDuration":"22m","formattedAvailabilityWindow":null,"formattedAvailabilityWindowShort":null,"image":{"portraitUrl":null,"landscapeUrl":"https:\/\/images.nlziet.nl\/metadataimportimages\/source\/6C7BA71431B7856B08DCAEAAF8C4D6E67E44EBF6400363341AAC3EDF7AB0206F.jpg"},"logo":{"normalUrl":"https:\/\/cdn.nlziet.nl\/static\/assets\/contentproviders\/rtl.png","darkUrl":"https:\/\/cdn.nlziet.nl\/static\/assets\/contentproviders\/dark\/rtl.png","flatUrl":"https:\/\/cdn.nlziet.nl\/static\/assets\/contentproviders\/flat\/rtl.png"},"tags":[],"seriesId":"6Es68NJdnEeZUuUOcm-_zQ"},{"id":"0lL4X4xYckGHN8dil8403g","type":"Vod","title":"Van Woonvilla Naar Droomvilla","subtitle":"Afl. 1","description":"RTL4 - Inspirerend woonprogramma waarin topontwerper Bertram Terpstra en zijn team je meenemen in de wereld van design, architectuur en interieur. Iedere week is er aandacht voor een nieuw project, van schets tot en met het eindresultaat. Alle facetten van bouwen, verbouwen en bouwmanagement, maar ook styling en ontwerpen voor interieur, verlichting en meubilering komen aan bod. Bertram Terpstra, Pauline Jorritsma en Jeroen Overmars zullen hiervoor verschillende leveranciers bezoeken, waar zij geadviseerd worden door de specialisten.","formattedEpisodeNumbering":null,"formattedDate":"Do 23 jun.","formattedDateShort":"Do 23 jun.","formattedTime":"12:55","formattedDuration":"22m","formattedAvailabilityWindow":null,"formattedAvailabilityWindowShort":null,"image":{"portraitUrl":null,"landscapeUrl":"https:\/\/images.nlziet.nl\/metadataimportimages\/source\/1C3EDAF5B7C44DA8DF1A626C95B998D582B113553945F5514E1ED3F333ACC7D8.jpg"},"logo":{"normalUrl":"https:\/\/cdn.nlziet.nl\/static\/assets\/contentproviders\/rtl.png","darkUrl":"https:\/\/cdn.nlziet.nl\/static\/assets\/contentproviders\/dark\/rtl.png","flatUrl":"https:\/\/cdn.nlziet.nl\/static\/assets\/contentproviders\/flat\/rtl.png"},"tags":[],"seriesId":"6Es68NJdnEeZUuUOcm-_zQ"}]