[{"id":"jhm8wjEXSEaqcVICGCOkEA","type":"Vod","title":"24 Uur In De E.R.","subtitle":"Afl. 17","description":"RTL5 - Realityserie over de eerstehulpafdeling van St. George's Hospital in Zuid-Londen, een van de grootste ziekenhuizen van Groot-Brittanni\u00eb. De artsen en hulpbehoevende pati\u00ebnten worden 24 uur per dag van dichtbij gevolgd.","formattedEpisodeNumbering":null,"formattedDate":"Ma 12 sep.","formattedDateShort":"Ma 12 sep.","formattedTime":"21:55","formattedDuration":"46m","formattedAvailabilityWindow":"Vandaag nog beschikbaar","formattedAvailabilityWindowShort":"Nog 1 d. beschikbaar","image":{"portraitUrl":null,"landscapeUrl":"https:\/\/images.nlziet.nl\/metadataimportimages\/source\/05372CB88E43E853D74B7D0AAD704A80877758CE2539347C09BC88CD06A24595.jpg"},"logo":{"normalUrl":"https:\/\/cdn.nlziet.nl\/static\/assets\/contentproviders\/rtl.png","darkUrl":"https:\/\/cdn.nlziet.nl\/static\/assets\/contentproviders\/dark\/rtl.png","flatUrl":"https:\/\/cdn.nlziet.nl\/static\/assets\/contentproviders\/flat\/rtl.png"},"tags":[],"seriesId":"6xFPBKN0Xk-0sU6crWAQ3A"}]