[{"id":"RTRuB04SbkqFVQgnNvB4Ew","type":"Vod","title":"Het Mooiste Meisje van de Klas","subtitle":"Claudia","description":"AVROTROS - Claudia Rademaker groeide op als Indisch meisje in het Haarlemse Parkwijk. Op de lagere school had ze het niet makkelijk, ze was het enige meisje in de klas met een ander kleurtje en dit leidde tot pesterijen van haar klasgenoten. Dit had een grote impact op Claudia. Op de middelbare school ontwikkelde ze zich tot een prachtige tiener en maakte ze veel nieuwe vrienden. Ze was ze door iedereen geliefd, maar Claudia bleef onzeker. Nadat ze haar havodiploma had gehaald vonden haar ouders het tijd dat Claudia uit haar schulp zou kruipen, ze gaven haar op voor de Miss Haarlem verkiezing die zij ook meteen won. Toen Claudia eindelijk ook in zichzelf begon te geloven ging het snel. Het modellenwerk bracht haar naar Azi\u00eb en in Indonesi\u00eb groeide zij uit tot een van de meest bekende modellen. Ze trouwde met een welgestelde man en Claudia leefde als een prinses. Maar het sprookje kende ook een keerzijde; als je opgroeit met een minderwaardigheidscomplex dan is het moeilijk om je eigen grenzen aan te geven en Claudia voelde zich gevangen in een gouden kooi... Na vele jaren van verdriet en angst heeft Claudia zich weten te ontworstelen uit het milieu waarin zij niet zichzelf kon zijn. Momenteel leidt ze een leven in het Zweedse Stockholm.","formattedEpisodeNumbering":"S2020:A6","formattedDate":"Ma 27 jul. 2020","formattedDateShort":"Jul. 2020","formattedTime":"21:30","formattedDuration":"45m","formattedAvailabilityWindow":null,"formattedAvailabilityWindowShort":null,"image":{"portraitUrl":null,"landscapeUrl":"https:\/\/images.nlziet.nl\/metadataimportimages\/source\/D922BB8317E7044D704F67F4ACDB9219299168F07B4A546E7DCDC8E22E3F5871.jpg"},"logo":{"normalUrl":"https:\/\/cdn.nlziet.nl\/static\/assets\/contentproviders\/npo.png","darkUrl":"https:\/\/cdn.nlziet.nl\/static\/assets\/contentproviders\/dark\/npo.png","flatUrl":"https:\/\/cdn.nlziet.nl\/static\/assets\/contentproviders\/flat\/npo.png"},"tags":[],"seriesId":"6QApQZDaZ0Gc_9gWZDJFZA"},{"id":"RQ45CRS-jk2hcEhJfzKL2w","type":"Vod","title":"Het Mooiste Meisje van de Klas","subtitle":"Yvonne","description":"AVROTROS - In de bossen van Epe groeit in de jaren 70 een mooi, mysterieus meisje op: Yvonne. Yvonne hoort bij een bijzonder, artistiek gezin. Nieuwsgierige Yvonne heeft als jong meisje met de uitgestrekte bossen een groot speelterrein. Maar na de middelbare school is er een hele wereld die verkend moet worden. Daarom vertrekt ze na de middelbare school voor twee jaar als au pair naar Marseille. Niet de meest veilige stad voor een jong meisje in de jaren 80, maar Yvonne ziet vooral het avontuur. Een Frans vriendje, afkomstig van Martinique, laat Yvonne dromen naar de eilanden in Cara\u00efben. En ook deze droom weet Yvonne weer om te zetten in avontuur, door bij terugkomst in Nederland een baan aan te nemen als stewardess op een zeiljacht. Acht jaar lang bevaart Yvonne de wereldzee\u00ebn en ziet de meest schitterende plekken. Maar haar hart wordt veroverd op Malta, door een Zuidafrikaanse Brit die ook de wereld over vaart. Yvonne raakt zwanger van hem en hoewel er getrouwd wordt, staat huisje-boompje-beestje nog niet in hun woordenboek. Verschillende huisjes in verschillende landen worden bewoond, maar haar man blijft altijd varen, waardoor Yvonne soms maandenlang alleen met haar dochter is. Maar ook met z'n tweetjes staat Yvonne altijd haar mannetje. Jaap ontmoet Yvonne in haar huidige woonplaats: Epe. Waarom is Yvonne na zo'n turbulent leven toch weer teruggekeerd naar haar geboortegrond? En is hiermee haar leven ook in een rustiger vaarwater gekomen?","formattedEpisodeNumbering":"S2020:A5","formattedDate":"Ma 20 jul. 2020","formattedDateShort":"Jul. 2020","formattedTime":"21:30","formattedDuration":"45m","formattedAvailabilityWindow":null,"formattedAvailabilityWindowShort":null,"image":{"portraitUrl":null,"landscapeUrl":"https:\/\/images.nlziet.nl\/metadataimportimages\/source\/83226064D6EFD54FA0ED0F165F72D0A0DE1322B00768E81885B69F9D8D33DE0A.jpg"},"logo":{"normalUrl":"https:\/\/cdn.nlziet.nl\/static\/assets\/contentproviders\/npo.png","darkUrl":"https:\/\/cdn.nlziet.nl\/static\/assets\/contentproviders\/dark\/npo.png","flatUrl":"https:\/\/cdn.nlziet.nl\/static\/assets\/contentproviders\/flat\/npo.png"},"tags":[],"seriesId":"6QApQZDaZ0Gc_9gWZDJFZA"},{"id":"OAe8t7ZrYUGMLLehwBhgHw","type":"Vod","title":"Het Mooiste Meisje van de Klas","subtitle":"Verona","description":"AVROTROS - Lief, mooi en stralend; dat is hoe de meeste klasgenoten zich Verona uit Nijmegen herinneren. Maar die stralende lach gebruikte ze ook om iets te verhullen. Zij groeide namelijk op met de strenge regels van de Jehova's getuigen. Ondanks de strikte regels kon dit alles haar niet tegenhouden en heeft ze er op 16-jarige leeftijd voor gekozen om het huis uit te vluchten en de wereld zelf te gaan ontdekken. Door dit besluit hebben haar ouders al het contact verbroken en werd zij verstoten door de gemeenschap waarin ze opgroeide. Verona kwam al jong op eigen benen te staan en dit alles heeft geleid tot een leven vol pieken en dalen, maar wel een leven waarin ze haar eigen keuzes kon maken. Al op haar 18e verliet Verona Nederland en vanaf dat moment is ze steeds van het ene in het andere avontuur gevallen. Als model reisde ze de wereld over en het was voor haar geen probleem om voor een nieuwe liefde alles achter zich te laten en ergens opnieuw te beginnen. Telkens op zoek naar haar eigen geluk en een familie om zich bij thuis te voelen.","formattedEpisodeNumbering":"S2020:A4","formattedDate":"Ma 13 jul. 2020","formattedDateShort":"Jul. 2020","formattedTime":"21:30","formattedDuration":"45m","formattedAvailabilityWindow":null,"formattedAvailabilityWindowShort":null,"image":{"portraitUrl":null,"landscapeUrl":"https:\/\/images.nlziet.nl\/metadataimportimages\/source\/5F2B90A5722EE2DA65E99001D32BA424CC4D992B177C49DF2A95BD9E504A1558.jpg"},"logo":{"normalUrl":"https:\/\/cdn.nlziet.nl\/static\/assets\/contentproviders\/npo.png","darkUrl":"https:\/\/cdn.nlziet.nl\/static\/assets\/contentproviders\/dark\/npo.png","flatUrl":"https:\/\/cdn.nlziet.nl\/static\/assets\/contentproviders\/flat\/npo.png"},"tags":[],"seriesId":"6QApQZDaZ0Gc_9gWZDJFZA"},{"id":"Pd02Fb_mnEKZ5bjksAdmEw","type":"Vod","title":"Het Mooiste Meisje van de Klas","subtitle":"Babiche","description":"AVROTROS - Babiche Bakker lijkt als jong meisje alles mee te hebben: vanaf haar negende is ze een succesvol kindmodel en ze krijgt haar eerste zoen al op de lagere school. Maar weinig mensen weten echter dat achter het vrolijke lachebekje een triest verleden schuilt. Haar eigen vader heeft ze sinds ze acht maanden was nooit meer gezien en samen met haar moeder en broertje is ze gevlucht voor haar stiefvader. Op de Amsterdamse van Baerlestraat lijkt alles op zijn plek te vallen bij haar derde vader. Al op jonge leeftijd bepaalt Babiche hoe ze haar leven wil leven. Dat bestaat in haar jeugd voornamelijk uit plezier maken, uitgaan en lange zomervakanties in Ibiza. De hele school denkt dat Babiche later een succesvol model wordt \u00f3f een rijke man trouwt. Maar er is ook een keerzijde die weinig mensen zien. Zo wordt ze vaak aan haar lot overgelaten en moet dan de zorg over haar kleine broertje dragen. Na de middelbare school heeft Babiche veel verschillende banen gehad. Die kenmerken zich vooral door hard werken en veel plezier maken. Zo komt ze terecht in een fameuze Amsterdamse coffeeshop, waar ze de dagelijkse leiding in handen krijgt. Ze heeft altijd veel plezier gehad in haar werk, maar realiseert zich ook dat het waarschijnlijk niet het pad is dat haar klasgenoten en familieleden voor ogen hadden. Jaap ontmoet Babiche in Amsterdam. Nu de samenleving even gepauzeerd lijkt, neemt ook Babiche een stap terug en reflecteert zij samen met Jaap het verleden en vooral ook de belangrijke stappen die nu gaan komen.","formattedEpisodeNumbering":"S2020:A3","formattedDate":"Ma 6 jul. 2020","formattedDateShort":"Jul. 2020","formattedTime":"21:35","formattedDuration":"45m","formattedAvailabilityWindow":null,"formattedAvailabilityWindowShort":null,"image":{"portraitUrl":null,"landscapeUrl":"https:\/\/images.nlziet.nl\/metadataimportimages\/source\/B19246E9F7C52BCDCBDFA94549E3107B8671A9E5F560A1A1304BAED11E707767.jpg"},"logo":{"normalUrl":"https:\/\/cdn.nlziet.nl\/static\/assets\/contentproviders\/npo.png","darkUrl":"https:\/\/cdn.nlziet.nl\/static\/assets\/contentproviders\/dark\/npo.png","flatUrl":"https:\/\/cdn.nlziet.nl\/static\/assets\/contentproviders\/flat\/npo.png"},"tags":[],"seriesId":"6QApQZDaZ0Gc_9gWZDJFZA"},{"id":"uYxs4FbLFE6eFSCAg_0o4g","type":"Vod","title":"Het Mooiste Meisje van de Klas","subtitle":"Juliette","description":"AVROTROS - Het bijzondere verhaal van Juliette begint in het hoge noorden van Nederland. In de jaren 70 is Juliette de eyecatcher op Rijksscholengemeenschap Het Kamerlingh Onnes in Groningen. Juliette valt niet alleen op door haar mooie, vrolijke uitstraling, maar ook door haar hippe modecreaties. Hele truien worden er tijdens de les gebreid. School heeft niet haar prioriteit. Gezelligheid is belangrijker en dat vinden haar vriendinnen gelukkig ook, dus wordt er besloten om samen te blijven zitten. Hoewel haar ambities er op het Kamerlingh Onnes nog niet uitkomen, wordt na school duidelijk dat deze toch wel verder reiken dan Groningen. Als ze in de Randstad een baan bij een hip, nieuw, Amerikaans modemerk krijgt, doet grote regelaar Juliette haar intrede. Alles wordt vanaf dan tot in de puntjes geregeld, zowel op het werk als priv\u00e9. Als de nuchtere Groningse Juliette een bekende Amsterdamse reclameman ontmoet, laat ze zich in eerste instantie dan ook niet zomaar versieren. Uiteindelijk blijken zij de ideale combinatie en kan zij haar mans carri\u00e8re nog meer laten ontplooien. Ze krijgen samen twee prachtige kinderen en bouwen een leven op in Amsterdam en Saint-Tropez. Hun levensgeluk wordt met zoveel mogelijk mensen gedeeld en het lijkt eindeloos. Dit geluk wordt echter wreed verstoord als niet alleen zij, maar ook haar man op dezelfde dag een verschrikkelijke diagnose krijgen. Ondanks deze periode laat Juliette haar hoofd zeker niet zakken. Optimistisch als ze is blijft ze niet bij de pakken neerzitten en blijft ze altijd op zoek naar de lichtpuntjes in haar leven. Als bekend wordt dat Juliette deelneemt aan het programma, is zij al terminaal ziek. Haar gezondheid gaat snel achteruit, maar ze wil hoe dan ook meewerken. Er zijn verschillende manieren gevonden om dit bijzondere interview met een krachtige vrouw, waarbij de positiviteit ondanks alles blijft zegevieren, te laten plaatsvinden.","formattedEpisodeNumbering":"S2020:A2","formattedDate":"Ma 29 jun. 2020","formattedDateShort":"Jun. 2020","formattedTime":"21:30","formattedDuration":"46m","formattedAvailabilityWindow":null,"formattedAvailabilityWindowShort":null,"image":{"portraitUrl":null,"landscapeUrl":"https:\/\/images.nlziet.nl\/metadataimportimages\/source\/B164588DE9F9E3AB552B4FCB31DE5DC1EFCD920D67953B89D617117CED3B16E7.jpg"},"logo":{"normalUrl":"https:\/\/cdn.nlziet.nl\/static\/assets\/contentproviders\/npo.png","darkUrl":"https:\/\/cdn.nlziet.nl\/static\/assets\/contentproviders\/dark\/npo.png","flatUrl":"https:\/\/cdn.nlziet.nl\/static\/assets\/contentproviders\/flat\/npo.png"},"tags":[],"seriesId":"6QApQZDaZ0Gc_9gWZDJFZA"},{"id":"SqiMKoUlREaBwCfNsrmqxQ","type":"Vod","title":"Het Mooiste Meisje van de Klas","subtitle":"Charlotte","description":"AVROTROS - Nog voor de coronacrisis ontmoet Jaap de Roosendaalse Charlotte (34) op Ibiza. Een eiland dat haar veel mooie momenten brengt, maar waar ze ook haar dieptepunt kent. Hier krijgt ze te horen dat als ze doorgaat met haar huidige levensstijl, ze in een rolstoel eindigt. De 34-jarige Charlotte Labee weet van jongs af aan heel duidelijk wat ze wel en niet wil. Al op jonge leeftijd is Charlotte bezig om manieren te vinden om geld te verdienen. Op haar negentiende heeft ze al een serieuze baan, een koopwoning, een auto en is ze bezig met plannen voor een modewinkel. Tot Miss Nederland op haar pad komt. Charlotte wint glansrijk de titel, waardoor er vele deuren geopend worden. Zo start ze haar eigen modemerk. Charlotte gaat er voor 200% voor en de omzet van het modemerk explodeert al snel. Als er onder andere problemen met leveranciers ontstaan, moet Charlotte aan zichzelf toegeven dat ze het niet meer kan bolwerken. Ze verklaart het merk failliet en ze ziet het als groot falen. Ook op priv\u00e9gebied krijgt ze het voor haar kiezen. Ze krijgt baarmoederhalskanker en haar woning brandt af. Charlotte krijgt een burn-out. Maar haar zelfgenezing wordt haar nieuwste project, waar ze nu ook weer vol overtuiging haar schouders onder zet.","formattedEpisodeNumbering":"S2020:A1","formattedDate":"Ma 22 jun. 2020","formattedDateShort":"Jun. 2020","formattedTime":"21:30","formattedDuration":"45m","formattedAvailabilityWindow":null,"formattedAvailabilityWindowShort":null,"image":{"portraitUrl":null,"landscapeUrl":"https:\/\/images.nlziet.nl\/metadataimportimages\/source\/52C6AD5E8CB560456E97FDD3687948162276DEB3952C33985D9090640BCDC151.jpg"},"logo":{"normalUrl":"https:\/\/cdn.nlziet.nl\/static\/assets\/contentproviders\/npo.png","darkUrl":"https:\/\/cdn.nlziet.nl\/static\/assets\/contentproviders\/dark\/npo.png","flatUrl":"https:\/\/cdn.nlziet.nl\/static\/assets\/contentproviders\/flat\/npo.png"},"tags":[],"seriesId":"6QApQZDaZ0Gc_9gWZDJFZA"}]