[{"id":"sJLGbtPcUkGI4M9GLxc6vw","type":"Vod","title":"Hart Van Goud","subtitle":"Afl. 6","description":"RTL4 - Programma waarin Stephanie Tency, influencer Dutch Performante en Joey Neve zes gezinnen met een aangrijpend verhaal in het zonnetje zetten en verrassen met een compleet nieuwe droombadkamer.","formattedEpisodeNumbering":null,"formattedDate":"Za 19 feb.","formattedDateShort":"Za 19 feb.","formattedTime":"16:55","formattedDuration":"23m","formattedAvailabilityWindow":null,"formattedAvailabilityWindowShort":null,"image":{"portraitUrl":null,"landscapeUrl":"https:\/\/images.nlziet.nl\/metadataimportimages\/source\/188D4984D17073A143CEA15DD82B4E6083DBA51628D6E12B5B971F057CCAF26E.jpg"},"logo":{"normalUrl":"https:\/\/cdn.nlziet.nl\/static\/assets\/contentproviders\/rtl.png","darkUrl":"https:\/\/cdn.nlziet.nl\/static\/assets\/contentproviders\/dark\/rtl.png","flatUrl":"https:\/\/cdn.nlziet.nl\/static\/assets\/contentproviders\/flat\/rtl.png"},"tags":[],"seriesId":"5AvdedTXQUqdQmPoUIDmwA"},{"id":"gFX8Hlp75E2VElUGAOuDUw","type":"Vod","title":"Hart Van Goud","subtitle":"Afl. 5","description":"RTL4 - Programma waarin Stephanie Tency, influencer Dutch Performante en Joey Neve zes gezinnen met een aangrijpend verhaal in het zonnetje zetten en verrassen met een compleet nieuwe droombadkamer.","formattedEpisodeNumbering":null,"formattedDate":"Za 12 feb.","formattedDateShort":"Za 12 feb.","formattedTime":"17:00","formattedDuration":"23m","formattedAvailabilityWindow":null,"formattedAvailabilityWindowShort":null,"image":{"portraitUrl":null,"landscapeUrl":"https:\/\/images.nlziet.nl\/metadataimportimages\/source\/9851755E6A3A2BFE8404A788BAB1618E72B15A194DE764DBD4D5621843287364.jpg"},"logo":{"normalUrl":"https:\/\/cdn.nlziet.nl\/static\/assets\/contentproviders\/rtl.png","darkUrl":"https:\/\/cdn.nlziet.nl\/static\/assets\/contentproviders\/dark\/rtl.png","flatUrl":"https:\/\/cdn.nlziet.nl\/static\/assets\/contentproviders\/flat\/rtl.png"},"tags":[],"seriesId":"5AvdedTXQUqdQmPoUIDmwA"},{"id":"qgabRBFtkkmNMRfsBZh8ZQ","type":"Vod","title":"Hart Van Goud","subtitle":"Afl. 4","description":"RTL4 - Programma waarin Stephanie Tency, influencer Dutch Performante en Joey Neve zes gezinnen met een aangrijpend verhaal in het zonnetje zetten en verrassen met een compleet nieuwe droombadkamer.","formattedEpisodeNumbering":null,"formattedDate":"Za 5 feb.","formattedDateShort":"Za 5 feb.","formattedTime":"17:00","formattedDuration":"22m","formattedAvailabilityWindow":null,"formattedAvailabilityWindowShort":null,"image":{"portraitUrl":null,"landscapeUrl":"https:\/\/images.nlziet.nl\/metadataimportimages\/source\/C08B91D621CF10234E4DC280AC67D44EE23DF683F6865E00B540EF1B50B7C06F.jpg"},"logo":{"normalUrl":"https:\/\/cdn.nlziet.nl\/static\/assets\/contentproviders\/rtl.png","darkUrl":"https:\/\/cdn.nlziet.nl\/static\/assets\/contentproviders\/dark\/rtl.png","flatUrl":"https:\/\/cdn.nlziet.nl\/static\/assets\/contentproviders\/flat\/rtl.png"},"tags":[],"seriesId":"5AvdedTXQUqdQmPoUIDmwA"},{"id":"X3qCY705dkmNgDaGchrUvg","type":"Vod","title":"Hart Van Goud","subtitle":"Afl. 3","description":"RTL4 - Programma waarin Stephanie Tency, influencer Dutch Performante en Joey Neve zes gezinnen met een aangrijpend verhaal in het zonnetje zetten en verrassen met een compleet nieuwe droombadkamer.","formattedEpisodeNumbering":null,"formattedDate":"Za 29 jan.","formattedDateShort":"Za 29 jan.","formattedTime":"17:00","formattedDuration":"22m","formattedAvailabilityWindow":null,"formattedAvailabilityWindowShort":null,"image":{"portraitUrl":null,"landscapeUrl":"https:\/\/images.nlziet.nl\/metadataimportimages\/source\/F23A36336FD6956D457A1D95B9B5FA482D0A8ED9D652F63BE561507E7FAF33F9.jpg"},"logo":{"normalUrl":"https:\/\/cdn.nlziet.nl\/static\/assets\/contentproviders\/rtl.png","darkUrl":"https:\/\/cdn.nlziet.nl\/static\/assets\/contentproviders\/dark\/rtl.png","flatUrl":"https:\/\/cdn.nlziet.nl\/static\/assets\/contentproviders\/flat\/rtl.png"},"tags":[],"seriesId":"5AvdedTXQUqdQmPoUIDmwA"},{"id":"ZjomzS7Ys0e7eKHp71ktzw","type":"Vod","title":"Hart Van Goud","subtitle":"Afl. 2","description":"RTL4 - Programma waarin Stephanie Tency, influencer Dutch Performante en Joey Neve zes gezinnen met een aangrijpend verhaal in het zonnetje zetten en verrassen met een compleet nieuwe droombadkamer.","formattedEpisodeNumbering":null,"formattedDate":"Za 22 jan.","formattedDateShort":"Za 22 jan.","formattedTime":"17:00","formattedDuration":"23m","formattedAvailabilityWindow":null,"formattedAvailabilityWindowShort":null,"image":{"portraitUrl":null,"landscapeUrl":"https:\/\/images.nlziet.nl\/metadataimportimages\/source\/5BCC7273CE6BD3B5EEB4426A186019B35DDEA6D1AE2EE5ECBD09626BCFCA32B6.jpg"},"logo":{"normalUrl":"https:\/\/cdn.nlziet.nl\/static\/assets\/contentproviders\/rtl.png","darkUrl":"https:\/\/cdn.nlziet.nl\/static\/assets\/contentproviders\/dark\/rtl.png","flatUrl":"https:\/\/cdn.nlziet.nl\/static\/assets\/contentproviders\/flat\/rtl.png"},"tags":[],"seriesId":"5AvdedTXQUqdQmPoUIDmwA"},{"id":"uSiDPVIhfkGFVtL-Vv2PzQ","type":"Vod","title":"Hart Van Goud","subtitle":"Afl. 1","description":"RTL4 - Programma waarin Stephanie Tency, influencer Dutch Performante en Joey Neve zes gezinnen met een aangrijpend verhaal in het zonnetje zetten en verrassen met een compleet nieuwe droombadkamer.","formattedEpisodeNumbering":null,"formattedDate":"Za 15 jan.","formattedDateShort":"Za 15 jan.","formattedTime":"16:55","formattedDuration":"24m","formattedAvailabilityWindow":null,"formattedAvailabilityWindowShort":null,"image":{"portraitUrl":null,"landscapeUrl":"https:\/\/images.nlziet.nl\/metadataimportimages\/source\/EA1A27205AFF87555BBA43C0E08747B178589097214F330EFA83B2094F54A63A.jpg"},"logo":{"normalUrl":"https:\/\/cdn.nlziet.nl\/static\/assets\/contentproviders\/rtl.png","darkUrl":"https:\/\/cdn.nlziet.nl\/static\/assets\/contentproviders\/dark\/rtl.png","flatUrl":"https:\/\/cdn.nlziet.nl\/static\/assets\/contentproviders\/flat\/rtl.png"},"tags":[],"seriesId":"5AvdedTXQUqdQmPoUIDmwA"}]