[{"id":"6Wp-HwzArEGa5PNQewPaXQ","type":"Vod","title":"Brainwash","subtitle":"Ann Demeester: Fictie is noodzakelijk voor ons leven","description":"HUMAN - Kunstcritica en museumdirecteur Ann Demeester leerde van de Duitse filosoof Hans Vaihinger hoe noodzakelijk fictie is voor ons leven.","formattedEpisodeNumbering":null,"formattedDate":"Zo 16 sep. 2018","formattedDateShort":"Sep. 2018","formattedTime":"13:35","formattedDuration":"12m","formattedAvailabilityWindow":null,"formattedAvailabilityWindowShort":null,"image":{"portraitUrl":null,"landscapeUrl":"https:\/\/images.nlziet.nl\/metadataimportimages\/source\/0FAE33BC56156A0F6E5799692E3641A901F015F5EABBB149D47098117672F773.jpg"},"logo":{"normalUrl":"https:\/\/cdn.nlziet.nl\/static\/assets\/contentproviders\/npo.png","darkUrl":"https:\/\/cdn.nlziet.nl\/static\/assets\/contentproviders\/dark\/npo.png","flatUrl":"https:\/\/cdn.nlziet.nl\/static\/assets\/contentproviders\/flat\/npo.png"},"tags":[],"seriesId":"6t7SFiAmnEOB-25LX_yXzg"},{"id":"kg5cewJlhk-dCcofodqq4Q","type":"Vod","title":"Brainwash","subtitle":"Dan Ariely: Geld en gedrag","description":"HUMAN - Gedragswetenschapper Dan Ariely laat zien hoe de mens over geld denkt en met geld omgaat.","formattedEpisodeNumbering":null,"formattedDate":"Zo 9 sep. 2018","formattedDateShort":"Sep. 2018","formattedTime":"13:35","formattedDuration":"15m","formattedAvailabilityWindow":null,"formattedAvailabilityWindowShort":null,"image":{"portraitUrl":null,"landscapeUrl":"https:\/\/images.nlziet.nl\/metadataimportimages\/source\/D1BA5A89DDEE3DCAE37C120006C30DEB359BA732F4E494BF4968F09239497E2C.jpg"},"logo":{"normalUrl":"https:\/\/cdn.nlziet.nl\/static\/assets\/contentproviders\/npo.png","darkUrl":"https:\/\/cdn.nlziet.nl\/static\/assets\/contentproviders\/dark\/npo.png","flatUrl":"https:\/\/cdn.nlziet.nl\/static\/assets\/contentproviders\/flat\/npo.png"},"tags":[],"seriesId":"6t7SFiAmnEOB-25LX_yXzg"},{"id":"SpDXlO6B_E679tJ_no9tYw","type":"Vod","title":"Brainwash","subtitle":"Bert Wagendorp: Verzet in voetbal","description":"HUMAN - Bert Wagendorp over de laatste profvoetballer met principes: Oeki Hoekema. Niet alleen draagt de eigenzinnige Fries de mooiste Nederlandse voetbalnaam, ook wordt hij gezien als de laatste profvoetballer met principes. Hij weigerde in 1978 deel te nemen aan het WK, dat gespeeld werd in het Argentini\u00eb van dictator Jorge Videla. Trouw blijven aan jezelf en je eigen opvattingen: journalist en schrijver Bert Wagendorp over Oeki Hoekema.","formattedEpisodeNumbering":null,"formattedDate":"Zo 15 jul. 2018","formattedDateShort":"Jul. 2018","formattedTime":"13:25","formattedDuration":"13m","formattedAvailabilityWindow":null,"formattedAvailabilityWindowShort":null,"image":{"portraitUrl":null,"landscapeUrl":"https:\/\/images.nlziet.nl\/metadataimportimages\/source\/A7A2ECD531997A84276A7B6FD9976A6A191AD52CCD8596FA23020DC0390C10C8.jpg"},"logo":{"normalUrl":"https:\/\/cdn.nlziet.nl\/static\/assets\/contentproviders\/npo.png","darkUrl":"https:\/\/cdn.nlziet.nl\/static\/assets\/contentproviders\/dark\/npo.png","flatUrl":"https:\/\/cdn.nlziet.nl\/static\/assets\/contentproviders\/flat\/npo.png"},"tags":[],"seriesId":"6t7SFiAmnEOB-25LX_yXzg"},{"id":"FjVNYUbLcUGt3ltMH3om1A","type":"Vod","title":"Brainwash","subtitle":"Ren\u00e9 Appel: De taal van Cruijff","description":"HUMAN - Johan Cruijff is niet alleen een van de grootste voetballers aller tijden, hij is ook woordkunstenaar. Schrijver en taalwetenschapper Ren\u00e9 Appel legt uit wat er zo cruijffiaans is aan het spreken van Cruijff en doet uit de doeken hoe zijn zinnen echt begrepen moeten worden.","formattedEpisodeNumbering":null,"formattedDate":"Zo 8 jul. 2018","formattedDateShort":"Jul. 2018","formattedTime":"13:30","formattedDuration":"9m","formattedAvailabilityWindow":null,"formattedAvailabilityWindowShort":null,"image":{"portraitUrl":null,"landscapeUrl":"https:\/\/images.nlziet.nl\/metadataimportimages\/source\/1046985726E23C2F76753D29FBED7AB22C4A1343FFB1BB83AACB82993AC055BC.jpg"},"logo":{"normalUrl":"https:\/\/cdn.nlziet.nl\/static\/assets\/contentproviders\/npo.png","darkUrl":"https:\/\/cdn.nlziet.nl\/static\/assets\/contentproviders\/dark\/npo.png","flatUrl":"https:\/\/cdn.nlziet.nl\/static\/assets\/contentproviders\/flat\/npo.png"},"tags":[],"seriesId":"6t7SFiAmnEOB-25LX_yXzg"},{"id":"8MT66hpJPUeJWyhFPZjWng","type":"Vod","title":"Brainwash","subtitle":"Abdelkader Benali: Leeuwen van de Atlas","description":"HUMAN - Schrijver Abdelkader Benali is trots. Trots op de huidige generatie Marokkaanse voetballers. Zo trots was hij ook in 1986, toen de Leeuwen van de Atlas als eerste Afrikaanse ploeg ooit doordrongen tot de tweede ronde van het WK in Mexico. Benali was toen elf jaar oud en stond 's nachts op om zijn helden te zien spelen. Nu ziet hij dezelfde bevlogenheid als toen. En daar kunnen we ook in Nederland nog wat van leren.","formattedEpisodeNumbering":null,"formattedDate":"Zo 24 jun. 2018","formattedDateShort":"Jun. 2018","formattedTime":"13:45","formattedDuration":"9m","formattedAvailabilityWindow":null,"formattedAvailabilityWindowShort":null,"image":{"portraitUrl":null,"landscapeUrl":"https:\/\/images.nlziet.nl\/metadataimportimages\/source\/4EFAD5F006CF48FA9009214E11A2B6C633871F45CAA0D7D73596EFE079031990.jpg"},"logo":{"normalUrl":"https:\/\/cdn.nlziet.nl\/static\/assets\/contentproviders\/npo.png","darkUrl":"https:\/\/cdn.nlziet.nl\/static\/assets\/contentproviders\/dark\/npo.png","flatUrl":"https:\/\/cdn.nlziet.nl\/static\/assets\/contentproviders\/flat\/npo.png"},"tags":[],"seriesId":"6t7SFiAmnEOB-25LX_yXzg"},{"id":"7kPk9OqyW0SAd-MnthnidA","type":"Vod","title":"Brainwash","subtitle":"Lammert Kamphuis: Kuipvrees","description":"HUMAN - Kuipvrees: een vorm van faalangst die zo breed gedeeld is dat er een naam voor is bedacht. Menig veelbelovend voetbaltalent ging eraan ten onder en zou de hooggespannen verwachtingen nooit helemaal waarmaken bij Feyenoord. In een poging om die ban te doorbreken gaat filosoof \u00e9n Feyenoorder Lammert Kamphuis te rade bij de Cynici, de oude Griekse filosofen die oefenden in onafhankelijkheid. In De Kuip zet hij een aantal levenslessen op een rij waar niet alleen Feyenoorders bij gebaat zijn.","formattedEpisodeNumbering":null,"formattedDate":"Zo 17 jun. 2018","formattedDateShort":"Jun. 2018","formattedTime":"13:35","formattedDuration":"11m","formattedAvailabilityWindow":null,"formattedAvailabilityWindowShort":null,"image":{"portraitUrl":null,"landscapeUrl":"https:\/\/images.nlziet.nl\/metadataimportimages\/source\/5F2EB553E9C04C66434740E824828875AF6B8C5B58127A7363E4A6E935133361.jpg"},"logo":{"normalUrl":"https:\/\/cdn.nlziet.nl\/static\/assets\/contentproviders\/npo.png","darkUrl":"https:\/\/cdn.nlziet.nl\/static\/assets\/contentproviders\/dark\/npo.png","flatUrl":"https:\/\/cdn.nlziet.nl\/static\/assets\/contentproviders\/flat\/npo.png"},"tags":[],"seriesId":"6t7SFiAmnEOB-25LX_yXzg"}]