[{"id":"8Mc4WR_fGUKixCZPro5OhA","type":"Vod","title":"Hoi Duggee","subtitle":"De sleutelsticker","description":"AVROTROS - Animatieserie over de Guppie club, een activiteitenclub voor kinderen. Ze beleven tal van avonturen en ontvangen een sticker wanneer ze een opdracht goed hebben uitgevoerd.","formattedEpisodeNumbering":null,"formattedDate":"Ma 12 aug. 2019","formattedDateShort":"Aug. 2019","formattedTime":"09:25","formattedDuration":"6m","formattedAvailabilityWindow":null,"formattedAvailabilityWindowShort":null,"image":{"portraitUrl":null,"landscapeUrl":"https:\/\/images.nlziet.nl\/metadataimportimages\/source\/CFAA69DB3DE51781751C6B3B00C532145C55C6879FA5BC6D466FFF0AFFA97425.jpg"},"logo":{"normalUrl":"https:\/\/cdn.nlziet.nl\/static\/assets\/contentproviders\/npo.png","darkUrl":"https:\/\/cdn.nlziet.nl\/static\/assets\/contentproviders\/dark\/npo.png","flatUrl":"https:\/\/cdn.nlziet.nl\/static\/assets\/contentproviders\/flat\/npo.png"},"tags":[],"seriesId":"7k7v--gUfk62uMaKobCPoQ"},{"id":"lSGYIyRkjkanVKxeFB0esw","type":"Vod","title":"Hoi Duggee","subtitle":"De zeilsticker","description":"AVROTROS - Animatieserie over de Guppie club, een activiteitenclub voor kinderen. Ze beleven tal van avonturen en ontvangen een sticker wanneer ze een opdracht goed hebben uitgevoerd.","formattedEpisodeNumbering":null,"formattedDate":"Vr 9 aug. 2019","formattedDateShort":"Aug. 2019","formattedTime":"09:20","formattedDuration":"6m","formattedAvailabilityWindow":null,"formattedAvailabilityWindowShort":null,"image":{"portraitUrl":null,"landscapeUrl":"https:\/\/images.nlziet.nl\/metadataimportimages\/source\/180DF8C8AF132C6D222AAA72A4EEAD0ADB1C46D22B1679BDB2E3AE702D002FD8.jpg"},"logo":{"normalUrl":"https:\/\/cdn.nlziet.nl\/static\/assets\/contentproviders\/npo.png","darkUrl":"https:\/\/cdn.nlziet.nl\/static\/assets\/contentproviders\/dark\/npo.png","flatUrl":"https:\/\/cdn.nlziet.nl\/static\/assets\/contentproviders\/flat\/npo.png"},"tags":[],"seriesId":"7k7v--gUfk62uMaKobCPoQ"},{"id":"1KMcOH04LUSYC4JSyPpQvg","type":"Vod","title":"Hoi Duggee","subtitle":"De rondleidingsticker","description":"AVROTROS - Animatieserie over de Guppie club, een activiteitenclub voor kinderen. Ze beleven tal van avonturen en ontvangen een sticker wanneer ze een opdracht goed hebben uitgevoerd.","formattedEpisodeNumbering":null,"formattedDate":"Do 8 aug. 2019","formattedDateShort":"Aug. 2019","formattedTime":"09:20","formattedDuration":"6m","formattedAvailabilityWindow":null,"formattedAvailabilityWindowShort":null,"image":{"portraitUrl":null,"landscapeUrl":"https:\/\/images.nlziet.nl\/metadataimportimages\/source\/6E5B990741B1F59DFC425D33C7ABB1B1159351F5B93D2D869C9AB7861CB08F3A.jpg"},"logo":{"normalUrl":"https:\/\/cdn.nlziet.nl\/static\/assets\/contentproviders\/npo.png","darkUrl":"https:\/\/cdn.nlziet.nl\/static\/assets\/contentproviders\/dark\/npo.png","flatUrl":"https:\/\/cdn.nlziet.nl\/static\/assets\/contentproviders\/flat\/npo.png"},"tags":[],"seriesId":"7k7v--gUfk62uMaKobCPoQ"},{"id":"FhoAD_bZkUuKvoVQO0HwMQ","type":"Vod","title":"Hoi Duggee","subtitle":"De feeststicker","description":"AVROTROS - Animatieserie over de Guppie club, een activiteitenclub voor kinderen. Ze beleven tal van avonturen en ontvangen een sticker wanneer ze een opdracht goed hebben uitgevoerd.","formattedEpisodeNumbering":null,"formattedDate":"Wo 7 aug. 2019","formattedDateShort":"Aug. 2019","formattedTime":"09:20","formattedDuration":"6m","formattedAvailabilityWindow":null,"formattedAvailabilityWindowShort":null,"image":{"portraitUrl":null,"landscapeUrl":"https:\/\/images.nlziet.nl\/metadataimportimages\/source\/5D304E20FE8018DB19A6D56DB9E7017F67FA74EC49EDF1EACA5D2C86E7A6B416.jpg"},"logo":{"normalUrl":"https:\/\/cdn.nlziet.nl\/static\/assets\/contentproviders\/npo.png","darkUrl":"https:\/\/cdn.nlziet.nl\/static\/assets\/contentproviders\/dark\/npo.png","flatUrl":"https:\/\/cdn.nlziet.nl\/static\/assets\/contentproviders\/flat\/npo.png"},"tags":[],"seriesId":"7k7v--gUfk62uMaKobCPoQ"},{"id":"2p2fuQFnxke9hVi42rMGxQ","type":"Vod","title":"Hoi Duggee","subtitle":"De speelgoedsticker","description":"AVROTROS - Animatieserie over de Guppie club, een activiteitenclub voor kinderen. Ze beleven tal van avonturen en ontvangen een sticker wanneer ze een opdracht goed hebben uitgevoerd.","formattedEpisodeNumbering":null,"formattedDate":"Di 6 aug. 2019","formattedDateShort":"Aug. 2019","formattedTime":"09:20","formattedDuration":"6m","formattedAvailabilityWindow":null,"formattedAvailabilityWindowShort":null,"image":{"portraitUrl":null,"landscapeUrl":"https:\/\/images.nlziet.nl\/metadataimportimages\/source\/ACD9B97FCBE6A7542C83B5DAAF11C68422BA1AA6DEDD83EC14839FF70FC6487A.jpg"},"logo":{"normalUrl":"https:\/\/cdn.nlziet.nl\/static\/assets\/contentproviders\/npo.png","darkUrl":"https:\/\/cdn.nlziet.nl\/static\/assets\/contentproviders\/dark\/npo.png","flatUrl":"https:\/\/cdn.nlziet.nl\/static\/assets\/contentproviders\/flat\/npo.png"},"tags":[],"seriesId":"7k7v--gUfk62uMaKobCPoQ"},{"id":"cR_FQacZ0UiJeJc7KM10BA","type":"Vod","title":"Hoi Duggee","subtitle":"De zangsticker","description":"AVROTROS - Animatieserie over de Guppie club, een activiteitenclub voor kinderen. Ze beleven tal van avonturen en ontvangen een sticker wanneer ze een opdracht goed hebben uitgevoerd.","formattedEpisodeNumbering":null,"formattedDate":"Ma 5 aug. 2019","formattedDateShort":"Aug. 2019","formattedTime":"09:25","formattedDuration":"6m","formattedAvailabilityWindow":null,"formattedAvailabilityWindowShort":null,"image":{"portraitUrl":null,"landscapeUrl":"https:\/\/images.nlziet.nl\/metadataimportimages\/source\/70508975A10172DFB89CA6C472717D5AEBCAF4FBDEC34DF30AF8994A2B2646A7.jpg"},"logo":{"normalUrl":"https:\/\/cdn.nlziet.nl\/static\/assets\/contentproviders\/npo.png","darkUrl":"https:\/\/cdn.nlziet.nl\/static\/assets\/contentproviders\/dark\/npo.png","flatUrl":"https:\/\/cdn.nlziet.nl\/static\/assets\/contentproviders\/flat\/npo.png"},"tags":[],"seriesId":"7k7v--gUfk62uMaKobCPoQ"},{"id":"2IkBZZ56sEGqwtWNHoHEPg","type":"Vod","title":"Hoi Duggee","subtitle":"De komediesticker","description":"AVROTROS - Animatieserie over de Guppie club, een activiteitenclub voor kinderen. Ze beleven tal van avonturen en ontvangen een sticker wanneer ze een opdracht goed hebben uitgevoerd.","formattedEpisodeNumbering":null,"formattedDate":"Vr 2 aug. 2019","formattedDateShort":"Aug. 2019","formattedTime":"09:25","formattedDuration":"6m","formattedAvailabilityWindow":null,"formattedAvailabilityWindowShort":null,"image":{"portraitUrl":null,"landscapeUrl":"https:\/\/images.nlziet.nl\/metadataimportimages\/source\/6738B67A6469B48FC8F6FB3EA785BE733A978D29A0AC90FF8F4929B1AEC5DE5B.jpg"},"logo":{"normalUrl":"https:\/\/cdn.nlziet.nl\/static\/assets\/contentproviders\/npo.png","darkUrl":"https:\/\/cdn.nlziet.nl\/static\/assets\/contentproviders\/dark\/npo.png","flatUrl":"https:\/\/cdn.nlziet.nl\/static\/assets\/contentproviders\/flat\/npo.png"},"tags":[],"seriesId":"7k7v--gUfk62uMaKobCPoQ"},{"id":"dXJT7KpZhECBWGGJo0_wIA","type":"Vod","title":"Hoi Duggee","subtitle":"De plantenverzorgsticker","description":"AVROTROS - Animatieserie over de Guppie club, een activiteitenclub voor kinderen. Ze beleven tal van avonturen en ontvangen een sticker wanneer ze een opdracht goed hebben uitgevoerd.","formattedEpisodeNumbering":null,"formattedDate":"Do 1 aug. 2019","formattedDateShort":"Aug. 2019","formattedTime":"09:25","formattedDuration":"6m","formattedAvailabilityWindow":null,"formattedAvailabilityWindowShort":null,"image":{"portraitUrl":null,"landscapeUrl":"https:\/\/images.nlziet.nl\/metadataimportimages\/source\/8A740B24B25D99690370CCCCADE9D6E8A97BB742C29BBD2016BCA0A5DBB489F7.jpg"},"logo":{"normalUrl":"https:\/\/cdn.nlziet.nl\/static\/assets\/contentproviders\/npo.png","darkUrl":"https:\/\/cdn.nlziet.nl\/static\/assets\/contentproviders\/dark\/npo.png","flatUrl":"https:\/\/cdn.nlziet.nl\/static\/assets\/contentproviders\/flat\/npo.png"},"tags":[],"seriesId":"7k7v--gUfk62uMaKobCPoQ"},{"id":"pFcVud8twEWmpZ7M6rDf4w","type":"Vod","title":"Hoi Duggee","subtitle":"De opruimsticker","description":"AVROTROS - Animatieserie over de Guppie club, een activiteitenclub voor kinderen. Ze beleven tal van avonturen en ontvangen een sticker wanneer ze een opdracht goed hebben uitgevoerd.","formattedEpisodeNumbering":null,"formattedDate":"Wo 31 jul. 2019","formattedDateShort":"Jul. 2019","formattedTime":"09:30","formattedDuration":"6m","formattedAvailabilityWindow":null,"formattedAvailabilityWindowShort":null,"image":{"portraitUrl":null,"landscapeUrl":"https:\/\/images.nlziet.nl\/metadataimportimages\/source\/10EA3F479E1C136337E5CCE525660DA535B2E10874F78557679A6AD28E0D0A79.jpg"},"logo":{"normalUrl":"https:\/\/cdn.nlziet.nl\/static\/assets\/contentproviders\/npo.png","darkUrl":"https:\/\/cdn.nlziet.nl\/static\/assets\/contentproviders\/dark\/npo.png","flatUrl":"https:\/\/cdn.nlziet.nl\/static\/assets\/contentproviders\/flat\/npo.png"},"tags":[],"seriesId":"7k7v--gUfk62uMaKobCPoQ"},{"id":"TP24BuwoCkqRTJ_B254PdQ","type":"Vod","title":"Hoi Duggee","subtitle":"De grootouderssticker","description":"AVROTROS - Animatieserie over de Guppie club, een activiteitenclub voor kinderen. Ze beleven tal van avonturen en ontvangen een sticker wanneer ze een opdracht goed hebben uitgevoerd.","formattedEpisodeNumbering":null,"formattedDate":"Di 30 jul. 2019","formattedDateShort":"Jul. 2019","formattedTime":"09:20","formattedDuration":"6m","formattedAvailabilityWindow":null,"formattedAvailabilityWindowShort":null,"image":{"portraitUrl":null,"landscapeUrl":"https:\/\/images.nlziet.nl\/metadataimportimages\/source\/FABFC9BC03938CC652F126ACAA7A7227752C61E766386013543D43997D1A664D.jpg"},"logo":{"normalUrl":"https:\/\/cdn.nlziet.nl\/static\/assets\/contentproviders\/npo.png","darkUrl":"https:\/\/cdn.nlziet.nl\/static\/assets\/contentproviders\/dark\/npo.png","flatUrl":"https:\/\/cdn.nlziet.nl\/static\/assets\/contentproviders\/flat\/npo.png"},"tags":[],"seriesId":"7k7v--gUfk62uMaKobCPoQ"},{"id":"vqam3TfON0GjNLm8hVvCBA","type":"Vod","title":"Hoi Duggee","subtitle":"De bruiloftsticker","description":"AVROTROS - Animatieserie over de Guppie club, een activiteitenclub voor kinderen. Ze beleven tal van avonturen en ontvangen een sticker wanneer ze een opdracht goed hebben uitgevoerd.","formattedEpisodeNumbering":null,"formattedDate":"Ma 29 jul. 2019","formattedDateShort":"Jul. 2019","formattedTime":"09:20","formattedDuration":"6m","formattedAvailabilityWindow":null,"formattedAvailabilityWindowShort":null,"image":{"portraitUrl":null,"landscapeUrl":"https:\/\/images.nlziet.nl\/metadataimportimages\/source\/B32AE981253C97F5B567C2456D9600FBA0D3EB123DE88187B32929E19135098D.jpg"},"logo":{"normalUrl":"https:\/\/cdn.nlziet.nl\/static\/assets\/contentproviders\/npo.png","darkUrl":"https:\/\/cdn.nlziet.nl\/static\/assets\/contentproviders\/dark\/npo.png","flatUrl":"https:\/\/cdn.nlziet.nl\/static\/assets\/contentproviders\/flat\/npo.png"},"tags":[],"seriesId":"7k7v--gUfk62uMaKobCPoQ"},{"id":"kJgrSEnfv0WczT_zEf9J8w","type":"Vod","title":"Hoi Duggee","subtitle":"De goedmaaksticker","description":"AVROTROS - Animatieserie over de Guppie club, een activiteitenclub voor kinderen. Ze beleven tal van avonturen en ontvangen een sticker wanneer ze een opdracht goed hebben uitgevoerd.","formattedEpisodeNumbering":null,"formattedDate":"Vr 26 jul. 2019","formattedDateShort":"Jul. 2019","formattedTime":"09:25","formattedDuration":"6m","formattedAvailabilityWindow":null,"formattedAvailabilityWindowShort":null,"image":{"portraitUrl":null,"landscapeUrl":"https:\/\/images.nlziet.nl\/metadataimportimages\/source\/08EFC57B3A54686EBEA59A4F72011186590EEB93C6159CF9F961C7E65D06CF51.jpg"},"logo":{"normalUrl":"https:\/\/cdn.nlziet.nl\/static\/assets\/contentproviders\/npo.png","darkUrl":"https:\/\/cdn.nlziet.nl\/static\/assets\/contentproviders\/dark\/npo.png","flatUrl":"https:\/\/cdn.nlziet.nl\/static\/assets\/contentproviders\/flat\/npo.png"},"tags":[],"seriesId":"7k7v--gUfk62uMaKobCPoQ"},{"id":"DL39SzA_gkShf2pRuuPWzg","type":"Vod","title":"Hoi Duggee","subtitle":"De verkleedsticker","description":"AVROTROS - Animatieserie over de Guppie club, een activiteitenclub voor kinderen. Ze beleven tal van avonturen en ontvangen een sticker wanneer ze een opdracht goed hebben uitgevoerd.","formattedEpisodeNumbering":null,"formattedDate":"Do 25 jul. 2019","formattedDateShort":"Jul. 2019","formattedTime":"09:25","formattedDuration":"6m","formattedAvailabilityWindow":null,"formattedAvailabilityWindowShort":null,"image":{"portraitUrl":null,"landscapeUrl":"https:\/\/images.nlziet.nl\/metadataimportimages\/source\/1FF5D4EEF300837AF0AE5620BFE150622EDFB8FE5CAD5CCE937ACACECD6D64D9.jpg"},"logo":{"normalUrl":"https:\/\/cdn.nlziet.nl\/static\/assets\/contentproviders\/npo.png","darkUrl":"https:\/\/cdn.nlziet.nl\/static\/assets\/contentproviders\/dark\/npo.png","flatUrl":"https:\/\/cdn.nlziet.nl\/static\/assets\/contentproviders\/flat\/npo.png"},"tags":[],"seriesId":"7k7v--gUfk62uMaKobCPoQ"},{"id":"V2vMqWPNy0SrYrphoPRZrQ","type":"Vod","title":"Hoi Duggee","subtitle":"De verkeersticker","description":"AVROTROS - Animatieserie over de Guppie club, een activiteitenclub voor kinderen. Ze beleven tal van avonturen en ontvangen een sticker wanneer ze een opdracht goed hebben uitgevoerd.","formattedEpisodeNumbering":null,"formattedDate":"Wo 24 jul. 2019","formattedDateShort":"Jul. 2019","formattedTime":"09:20","formattedDuration":"6m","formattedAvailabilityWindow":null,"formattedAvailabilityWindowShort":null,"image":{"portraitUrl":null,"landscapeUrl":"https:\/\/images.nlziet.nl\/metadataimportimages\/source\/5525BDBD50CCFA27D541DBA5AA327871993BEED58DEC5B0F51C9E0279C4F6203.jpg"},"logo":{"normalUrl":"https:\/\/cdn.nlziet.nl\/static\/assets\/contentproviders\/npo.png","darkUrl":"https:\/\/cdn.nlziet.nl\/static\/assets\/contentproviders\/dark\/npo.png","flatUrl":"https:\/\/cdn.nlziet.nl\/static\/assets\/contentproviders\/flat\/npo.png"},"tags":[],"seriesId":"7k7v--gUfk62uMaKobCPoQ"},{"id":"jlN0jUbtdUuYCo5ug4FueQ","type":"Vod","title":"Hoi Duggee","subtitle":"De watersticker","description":"AVROTROS - Animatieserie over de Guppie club, een activiteitenclub voor kinderen. Ze beleven tal van avonturen en ontvangen een sticker wanneer ze een opdracht goed hebben uitgevoerd.","formattedEpisodeNumbering":null,"formattedDate":"Di 23 jul. 2019","formattedDateShort":"Jul. 2019","formattedTime":"09:25","formattedDuration":"6m","formattedAvailabilityWindow":null,"formattedAvailabilityWindowShort":null,"image":{"portraitUrl":null,"landscapeUrl":"https:\/\/images.nlziet.nl\/metadataimportimages\/source\/48747D9C42E71A6AA14EB04AEA4377B9B8EFD05393F079F38C7F0593FDC3D0DB.jpg"},"logo":{"normalUrl":"https:\/\/cdn.nlziet.nl\/static\/assets\/contentproviders\/npo.png","darkUrl":"https:\/\/cdn.nlziet.nl\/static\/assets\/contentproviders\/dark\/npo.png","flatUrl":"https:\/\/cdn.nlziet.nl\/static\/assets\/contentproviders\/flat\/npo.png"},"tags":[],"seriesId":"7k7v--gUfk62uMaKobCPoQ"},{"id":"rxrMrDDGBEOUqDXNbhF59A","type":"Vod","title":"Hoi Duggee","subtitle":"De dapperebananensticker","description":"AVROTROS - Animatieserie over de Guppie club, een activiteitenclub voor kinderen. Ze beleven tal van avonturen en ontvangen een sticker wanneer ze een opdracht goed hebben uitgevoerd.","formattedEpisodeNumbering":null,"formattedDate":"Ma 22 jul. 2019","formattedDateShort":"Jul. 2019","formattedTime":"09:25","formattedDuration":"6m","formattedAvailabilityWindow":null,"formattedAvailabilityWindowShort":null,"image":{"portraitUrl":null,"landscapeUrl":"https:\/\/images.nlziet.nl\/metadataimportimages\/source\/C69A56203E4B11C0928B9986CE08B890AD60DD1C78A7143C2292E5507C364ED4.jpg"},"logo":{"normalUrl":"https:\/\/cdn.nlziet.nl\/static\/assets\/contentproviders\/npo.png","darkUrl":"https:\/\/cdn.nlziet.nl\/static\/assets\/contentproviders\/dark\/npo.png","flatUrl":"https:\/\/cdn.nlziet.nl\/static\/assets\/contentproviders\/flat\/npo.png"},"tags":[],"seriesId":"7k7v--gUfk62uMaKobCPoQ"},{"id":"C6vN5WYM3UalcjGiAOHqNA","type":"Vod","title":"Hoi Duggee","subtitle":"De pottenbaksticker","description":"AVROTROS - Animatieserie over de Guppie club, een activiteitenclub voor kinderen. Ze beleven tal van avonturen en ontvangen een sticker wanneer ze een opdracht goed hebben uitgevoerd.","formattedEpisodeNumbering":null,"formattedDate":"Di 18 jun. 2019","formattedDateShort":"Jun. 2019","formattedTime":"09:20","formattedDuration":"6m","formattedAvailabilityWindow":null,"formattedAvailabilityWindowShort":null,"image":{"portraitUrl":null,"landscapeUrl":"https:\/\/images.nlziet.nl\/metadataimportimages\/source\/FD70A9CF7C484BB44CCC3FE12DE01496980E87D588F501DF94B1E0CDBD9CA2BE.jpg"},"logo":{"normalUrl":"https:\/\/cdn.nlziet.nl\/static\/assets\/contentproviders\/npo.png","darkUrl":"https:\/\/cdn.nlziet.nl\/static\/assets\/contentproviders\/dark\/npo.png","flatUrl":"https:\/\/cdn.nlziet.nl\/static\/assets\/contentproviders\/flat\/npo.png"},"tags":[],"seriesId":"7k7v--gUfk62uMaKobCPoQ"},{"id":"i1eNWh-dSEKJ7fdoQM1QjA","type":"Vod","title":"Hoi Duggee","subtitle":"De honingsticker","description":"AVROTROS - Animatieserie over de Guppie club, een activiteitenclub voor kinderen. Ze beleven tal van avonturen en ontvangen een sticker wanneer ze een opdracht goed hebben uitgevoerd.","formattedEpisodeNumbering":null,"formattedDate":"Ma 17 jun. 2019","formattedDateShort":"Jun. 2019","formattedTime":"09:20","formattedDuration":"6m","formattedAvailabilityWindow":null,"formattedAvailabilityWindowShort":null,"image":{"portraitUrl":null,"landscapeUrl":"https:\/\/images.nlziet.nl\/metadataimportimages\/source\/311321048C5198D7C633C7603448EDB78148E0A5090A14613B36972F7D786C32.jpg"},"logo":{"normalUrl":"https:\/\/cdn.nlziet.nl\/static\/assets\/contentproviders\/npo.png","darkUrl":"https:\/\/cdn.nlziet.nl\/static\/assets\/contentproviders\/dark\/npo.png","flatUrl":"https:\/\/cdn.nlziet.nl\/static\/assets\/contentproviders\/flat\/npo.png"},"tags":[],"seriesId":"7k7v--gUfk62uMaKobCPoQ"},{"id":"bjglpi4pHkS5t7eSRApbbg","type":"Vod","title":"Hoi Duggee","subtitle":"De kikkervissticker","description":"AVROTROS - Animatieserie over de Guppie club, een activiteitenclub voor kinderen. Ze beleven tal van avonturen en ontvangen een sticker wanneer ze een opdracht goed hebben uitgevoerd.","formattedEpisodeNumbering":null,"formattedDate":"Vr 14 jun. 2019","formattedDateShort":"Jun. 2019","formattedTime":"09:20","formattedDuration":"6m","formattedAvailabilityWindow":null,"formattedAvailabilityWindowShort":null,"image":{"portraitUrl":null,"landscapeUrl":"https:\/\/images.nlziet.nl\/metadataimportimages\/source\/A33B8BA206D38683E4630B0418B4F3EF97308CE5472D4BB245B22C48B7B49339.jpg"},"logo":{"normalUrl":"https:\/\/cdn.nlziet.nl\/static\/assets\/contentproviders\/npo.png","darkUrl":"https:\/\/cdn.nlziet.nl\/static\/assets\/contentproviders\/dark\/npo.png","flatUrl":"https:\/\/cdn.nlziet.nl\/static\/assets\/contentproviders\/flat\/npo.png"},"tags":[],"seriesId":"7k7v--gUfk62uMaKobCPoQ"},{"id":"sGglPexP4kSO6ODtxOY8oQ","type":"Vod","title":"Hoi Duggee","subtitle":"De vliegersticker","description":"AVROTROS - Animatieserie over de Guppie club, een activiteitenclub voor kinderen. Ze beleven tal van avonturen en ontvangen een sticker wanneer ze een opdracht goed hebben uitgevoerd.","formattedEpisodeNumbering":null,"formattedDate":"Do 13 jun. 2019","formattedDateShort":"Jun. 2019","formattedTime":"09:15","formattedDuration":"6m","formattedAvailabilityWindow":null,"formattedAvailabilityWindowShort":null,"image":{"portraitUrl":null,"landscapeUrl":"https:\/\/images.nlziet.nl\/metadataimportimages\/source\/572A691872F3B4CE85B5328BADDE562864BD833D450A4E084D8F9B89B95C6270.jpg"},"logo":{"normalUrl":"https:\/\/cdn.nlziet.nl\/static\/assets\/contentproviders\/npo.png","darkUrl":"https:\/\/cdn.nlziet.nl\/static\/assets\/contentproviders\/dark\/npo.png","flatUrl":"https:\/\/cdn.nlziet.nl\/static\/assets\/contentproviders\/flat\/npo.png"},"tags":[],"seriesId":"7k7v--gUfk62uMaKobCPoQ"},{"id":"QOreax4iNECk6CDRIZ-6Kg","type":"Vod","title":"Hoi Duggee","subtitle":"De boomhutsticker","description":"AVROTROS - Animatieserie over de Guppie club, een activiteitenclub voor kinderen. Ze beleven tal van avonturen en ontvangen een sticker wanneer ze een opdracht goed hebben uitgevoerd.","formattedEpisodeNumbering":null,"formattedDate":"Wo 12 jun. 2019","formattedDateShort":"Jun. 2019","formattedTime":"09:20","formattedDuration":"6m","formattedAvailabilityWindow":null,"formattedAvailabilityWindowShort":null,"image":{"portraitUrl":null,"landscapeUrl":"https:\/\/images.nlziet.nl\/metadataimportimages\/source\/612B5921C658448D7BC19FEB4500D154D5A9A2BC010CBC56BE482A765AEC89DA.jpg"},"logo":{"normalUrl":"https:\/\/cdn.nlziet.nl\/static\/assets\/contentproviders\/npo.png","darkUrl":"https:\/\/cdn.nlziet.nl\/static\/assets\/contentproviders\/dark\/npo.png","flatUrl":"https:\/\/cdn.nlziet.nl\/static\/assets\/contentproviders\/flat\/npo.png"},"tags":[],"seriesId":"7k7v--gUfk62uMaKobCPoQ"},{"id":"AI-7ivwF_0qfNfSlls6RDg","type":"Vod","title":"Hoi Duggee","subtitle":"De fossielsticker","description":"AVROTROS - Animatieserie over de Guppie club, een activiteitenclub voor kinderen. Ze beleven tal van avonturen en ontvangen een sticker wanneer ze een opdracht goed hebben uitgevoerd.","formattedEpisodeNumbering":null,"formattedDate":"Di 11 jun. 2019","formattedDateShort":"Jun. 2019","formattedTime":"09:15","formattedDuration":"6m","formattedAvailabilityWindow":null,"formattedAvailabilityWindowShort":null,"image":{"portraitUrl":null,"landscapeUrl":"https:\/\/images.nlziet.nl\/metadataimportimages\/source\/33959C9F0C03865214741CC8F0C46AE47406656AB72FDF6A2B2ABF52C81D1AB9.jpg"},"logo":{"normalUrl":"https:\/\/cdn.nlziet.nl\/static\/assets\/contentproviders\/npo.png","darkUrl":"https:\/\/cdn.nlziet.nl\/static\/assets\/contentproviders\/dark\/npo.png","flatUrl":"https:\/\/cdn.nlziet.nl\/static\/assets\/contentproviders\/flat\/npo.png"},"tags":[],"seriesId":"7k7v--gUfk62uMaKobCPoQ"},{"id":"WfvApiAdqEiCMPc9o1UAVg","type":"Vod","title":"Hoi Duggee","subtitle":"De voetstapsticker","description":"AVROTROS - Animatieserie over de Guppie club, een activiteitenclub voor kinderen. Ze beleven tal van avonturen en ontvangen een sticker wanneer ze een opdracht goed hebben uitgevoerd.","formattedEpisodeNumbering":null,"formattedDate":"Vr 7 jun. 2019","formattedDateShort":"Jun. 2019","formattedTime":"09:15","formattedDuration":"6m","formattedAvailabilityWindow":null,"formattedAvailabilityWindowShort":null,"image":{"portraitUrl":null,"landscapeUrl":"https:\/\/images.nlziet.nl\/metadataimportimages\/source\/49895FB200370BC8541E01820A1668E9C5E0C97893128058ED535279A2AAA0DF.jpg"},"logo":{"normalUrl":"https:\/\/cdn.nlziet.nl\/static\/assets\/contentproviders\/npo.png","darkUrl":"https:\/\/cdn.nlziet.nl\/static\/assets\/contentproviders\/dark\/npo.png","flatUrl":"https:\/\/cdn.nlziet.nl\/static\/assets\/contentproviders\/flat\/npo.png"},"tags":[],"seriesId":"7k7v--gUfk62uMaKobCPoQ"},{"id":"ZsUKmcJtaUiB6w3syLXthw","type":"Vod","title":"Hoi Duggee","subtitle":"De sapsticker","description":"AVROTROS - Animatieserie over de Guppie club, een activiteitenclub voor kinderen. Ze beleven tal van avonturen en ontvangen een sticker wanneer ze een opdracht goed hebben uitgevoerd.","formattedEpisodeNumbering":null,"formattedDate":"Do 6 jun. 2019","formattedDateShort":"Jun. 2019","formattedTime":"09:20","formattedDuration":"6m","formattedAvailabilityWindow":null,"formattedAvailabilityWindowShort":null,"image":{"portraitUrl":null,"landscapeUrl":"https:\/\/images.nlziet.nl\/metadataimportimages\/source\/AE8D82868ACEF73993E30860D2B361F7C8D1ADA1BC8C49420575EB9D9F2583F1.jpg"},"logo":{"normalUrl":"https:\/\/cdn.nlziet.nl\/static\/assets\/contentproviders\/npo.png","darkUrl":"https:\/\/cdn.nlziet.nl\/static\/assets\/contentproviders\/dark\/npo.png","flatUrl":"https:\/\/cdn.nlziet.nl\/static\/assets\/contentproviders\/flat\/npo.png"},"tags":[],"seriesId":"7k7v--gUfk62uMaKobCPoQ"},{"id":"YPkNLirU40WKb6TMPQZ12A","type":"Vod","title":"Hoi Duggee","subtitle":"De vormsticker","description":"AVROTROS - Animatieserie over de Guppie club, een activiteitenclub voor kinderen. Ze beleven tal van avonturen en ontvangen een sticker wanneer ze een opdracht goed hebben uitgevoerd.","formattedEpisodeNumbering":null,"formattedDate":"Wo 5 jun. 2019","formattedDateShort":"Jun. 2019","formattedTime":"09:20","formattedDuration":"6m","formattedAvailabilityWindow":null,"formattedAvailabilityWindowShort":null,"image":{"portraitUrl":null,"landscapeUrl":"https:\/\/images.nlziet.nl\/metadataimportimages\/source\/45761AE322C45234333D9013883E36AE7DDAA61A636C11F57B5150AD555BD4F7.jpg"},"logo":{"normalUrl":"https:\/\/cdn.nlziet.nl\/static\/assets\/contentproviders\/npo.png","darkUrl":"https:\/\/cdn.nlziet.nl\/static\/assets\/contentproviders\/dark\/npo.png","flatUrl":"https:\/\/cdn.nlziet.nl\/static\/assets\/contentproviders\/flat\/npo.png"},"tags":[],"seriesId":"7k7v--gUfk62uMaKobCPoQ"},{"id":"42kKVcZ4tEylqBTmbiKOEQ","type":"Vod","title":"Hoi Duggee","subtitle":"De fluitsticker","description":"AVROTROS - Animatieserie over de Guppie club, een activiteitenclub voor kinderen. Ze beleven tal van avonturen en ontvangen een sticker wanneer ze een opdracht goed hebben uitgevoerd.","formattedEpisodeNumbering":null,"formattedDate":"Di 4 jun. 2019","formattedDateShort":"Jun. 2019","formattedTime":"09:15","formattedDuration":"6m","formattedAvailabilityWindow":null,"formattedAvailabilityWindowShort":null,"image":{"portraitUrl":null,"landscapeUrl":"https:\/\/images.nlziet.nl\/metadataimportimages\/source\/A686F7031D50471802B9767B2C9352E18FDA44DFE05A33FF7F5EF61BF520F65E.jpg"},"logo":{"normalUrl":"https:\/\/cdn.nlziet.nl\/static\/assets\/contentproviders\/npo.png","darkUrl":"https:\/\/cdn.nlziet.nl\/static\/assets\/contentproviders\/dark\/npo.png","flatUrl":"https:\/\/cdn.nlziet.nl\/static\/assets\/contentproviders\/flat\/npo.png"},"tags":[],"seriesId":"7k7v--gUfk62uMaKobCPoQ"},{"id":"gOeGweXWMEWDO7K-ztbgZA","type":"Vod","title":"Hoi Duggee","subtitle":"De muziekmaaksticker","description":"AVROTROS - Animatieserie over de Guppie club, een activiteitenclub voor kinderen. Ze beleven tal van avonturen en ontvangen een sticker wanneer ze een opdracht goed hebben uitgevoerd.","formattedEpisodeNumbering":null,"formattedDate":"Ma 3 jun. 2019","formattedDateShort":"Jun. 2019","formattedTime":"09:20","formattedDuration":"6m","formattedAvailabilityWindow":null,"formattedAvailabilityWindowShort":null,"image":{"portraitUrl":null,"landscapeUrl":"https:\/\/images.nlziet.nl\/metadataimportimages\/source\/D0B06A75803C9918D31124E1B7D862D39FC2D98D94BFA6CE5ACF97B916E9FA9E.jpg"},"logo":{"normalUrl":"https:\/\/cdn.nlziet.nl\/static\/assets\/contentproviders\/npo.png","darkUrl":"https:\/\/cdn.nlziet.nl\/static\/assets\/contentproviders\/dark\/npo.png","flatUrl":"https:\/\/cdn.nlziet.nl\/static\/assets\/contentproviders\/flat\/npo.png"},"tags":[],"seriesId":"7k7v--gUfk62uMaKobCPoQ"}]