[{"id":"XvQ6EYt40k-7yDZ4Pxj7vg","type":"Vod","title":"Frans Bauer","subtitle":"Memphis","description":"AVROTROS - Frans en Mariska zijn aangekomen op hun eindbestemming van deze rondreis door Amerika. Ze zijn in Memphis! Hier staat alles in het teken van de beroemdste inwoner die de stad ooit gekend heeft: Elvis Presley. Het is een droom voor Frans om Graceland, het huis van Elvis, te bezoeken. Maar voor het zover is leren ze eerst nog meer over deze legende. Ze ontmoeten zijn stiefbroer die vertelt over hoe het was om op te groeien met een broer als Elvis, maar ook hoe het later ging toen hij samen met Elvis de wereld over vloog naar shows en concerten. Ook bezoeken ze de begraafplaats net buiten de stad waar Elvis in eerste instantie in een mausoleum lag. Toen fans zijn lichaam wilden stelen, is hij overgebracht naar Graceland. Het bezoek aan Graceland is de ultieme afsluiting van de bijzondere reis die Frans en Mariska de afgelopen weken hebben gemaakt. Van Pennsylvania tot New York en van New Orleans tot aan het huis van The King of Rock and Roll in Memphis...","formattedEpisodeNumbering":null,"formattedDate":"Za 5 mei. 2018","formattedDateShort":"Mei. 2018","formattedTime":"22:20","formattedDuration":"25m","formattedAvailabilityWindow":null,"formattedAvailabilityWindowShort":null,"image":{"portraitUrl":null,"landscapeUrl":"https:\/\/images.nlziet.nl\/metadataimportimages\/source\/8940372215E6DCF446006A7B2FC1CA103A0EC3FDABFE7FA62C46A0048659D7BC.jpg"},"logo":{"normalUrl":"https:\/\/cdn.nlziet.nl\/static\/assets\/contentproviders\/npo.png","darkUrl":"https:\/\/cdn.nlziet.nl\/static\/assets\/contentproviders\/dark\/npo.png","flatUrl":"https:\/\/cdn.nlziet.nl\/static\/assets\/contentproviders\/flat\/npo.png"},"tags":[],"seriesId":"7Bo7rh5OEkOpLxfhtJa7bQ"},{"id":"pBjhhwg0AUunFtb5Z6MQLw","type":"Vod","title":"Frans Bauer","subtitle":"Frans Bauer in Amerika","description":"AVROTROS - Frans en Mariska zijn in Mississippi, dit is de staat van katoen, gospelmuziek, indianen en het strijdtoneel van de bloedige burgeroorlog tussen het noorden en zuiden van de VS. Jaarlijks vindt er hier ook een 're-enactment' plaats. Compleet met paarden en kanonnen spelen de inwoners de strijd tussen het noorden en zuiden na. Frans en Mariska vinden dat het er behoorlijk heftig aan toe gaat en zijn op hun hoede wanneer ze het oorlogsveld betreden... Het zuiden van de VS staat vol met kerken. Waar je ook kijkt, je ziet altijd wel een kruis, kerk of religieuze instelling. Alle geloofsovertuigingen binnen de christelijke kerk zijn er vertegenwoordigd. Frans en Mariska willen heel graag een dienst bijwonen van een gospelkoor en dat is een ervaring die ze niet snel meer zullen vergeten. De volgende dag maken de Bauers kennis met de echte 'native Americans'. Het stadje Natchez waar Frans en Mariska verblijven is vernoemd naar de Natchez indianenstam. De indianen zelf zijn al eeuwen geleden verjaagd naar het midwesten van Amerika, maar ieder jaar komen leden van de stam terug om hun voorouders te eren. Frans en Mariska worden uitgenodigd om deel te nemen aan deze ceremonie.","formattedEpisodeNumbering":null,"formattedDate":"Za 28 apr. 2018","formattedDateShort":"Apr. 2018","formattedTime":"21:25","formattedDuration":"24m","formattedAvailabilityWindow":null,"formattedAvailabilityWindowShort":null,"image":{"portraitUrl":null,"landscapeUrl":"https:\/\/images.nlziet.nl\/metadataimportimages\/source\/9095B56112B61D97D331EEC7AFDAC6E37282CBF1DCBEBCD69478F4800B679BE4.jpg"},"logo":{"normalUrl":"https:\/\/cdn.nlziet.nl\/static\/assets\/contentproviders\/npo.png","darkUrl":"https:\/\/cdn.nlziet.nl\/static\/assets\/contentproviders\/dark\/npo.png","flatUrl":"https:\/\/cdn.nlziet.nl\/static\/assets\/contentproviders\/flat\/npo.png"},"tags":[],"seriesId":"7Bo7rh5OEkOpLxfhtJa7bQ"},{"id":"0TYDrkIH3EKrVR-b7K1PEg","type":"Vod","title":"Frans Bauer","subtitle":"Frans Bauer in Amerika","description":"AVROTROS - Tijdens hun rondreis door de Verenigde Staten zijn Frans en Mariska terechtgekomen in New Orleans. De stad van jazz, voodoo, cajun food, maar ook van orkaan Katrina. Dertien jaar na dato is nog steeds goed te zien wat voor enorme schade deze orkaan heeft aangericht. Dat zie je aan de wegen en de huizen, maar dat hoor je vooral van de mensen. In \u00e9\u00e9n van zwaarst getroffen wijken ontmoeten Frans en Mariska twee bewoners die de orkaan ternauwernood konden ontvluchten. Een indrukwekkend verhaal. Inmiddels heeft New Orleans verregaande maatregelen getroffen om een ramp als Katrina in de toekomst te voorkomen. Nederlanders hebben de afgelopen jaren een gigantische waterkering gebouwd. Rene Dolfsma is \u00e9\u00e9n van die Nederlanders die hier aan heeft gewerkt en hij neemt de Bauers mee naar deze plek. Wat Frans en Mariska opvalt is dat muziek de mensen in New Orleans er altijd weer bovenop helpt, wat ze ook meemaken. Muziek speelt een grote rol in deze stad en dus kunnen ze hier niet weg zonder een bezoek aan een de wereldberoemde jazzmuzikant Kermit Ruffins. Hij staat er om bekend te houden van muziek en eten... Laten dat nou net twee dingen zijn waar de Bauers ook niet vies van zijn!","formattedEpisodeNumbering":null,"formattedDate":"Za 21 apr. 2018","formattedDateShort":"Apr. 2018","formattedTime":"22:10","formattedDuration":"24m","formattedAvailabilityWindow":null,"formattedAvailabilityWindowShort":null,"image":{"portraitUrl":null,"landscapeUrl":"https:\/\/images.nlziet.nl\/metadataimportimages\/source\/21E9BDA825CE5A7C06E9FB0183579F6128683F19FF77A6C5D90E2150C5A6CA0C.jpg"},"logo":{"normalUrl":"https:\/\/cdn.nlziet.nl\/static\/assets\/contentproviders\/npo.png","darkUrl":"https:\/\/cdn.nlziet.nl\/static\/assets\/contentproviders\/dark\/npo.png","flatUrl":"https:\/\/cdn.nlziet.nl\/static\/assets\/contentproviders\/flat\/npo.png"},"tags":[],"seriesId":"7Bo7rh5OEkOpLxfhtJa7bQ"},{"id":"r1hnfoO1Xk-bRObQRW_Uqg","type":"Vod","title":"Frans Bauer","subtitle":"Frans Bauer in Amerika","description":"AVROTROS - Frans en Mariska zijn nog steeds in New York waar zij een aantal bijzondere ontmoetingen hebben met kleurrijke figuren. Zo worden zij rondgeleid door de zelfbenoemde burgemeester van de wijk Little Italy: Vinny Vela. Deze New Yorker van Italiaanse afkomst is als acteur bekend geworden met rollen in onder andere Casino en The Soprano's. Op geheel eigen wijze vertelt hij de Bauers over de Italiaanse maffia, maar ook hoe de Chinezen z\u00edjn wijk langzaam overnemen. De volgende New Yorkse beroemdheid die Frans en Mariska ontmoeten is The Naked Cowboy. De meeste mensen die ooit in New York zijn geweest hebben hem wel eens zien staan op Times Square, slechts gehuld in een onderbroek, cowboyhoed en cowboylaarzen speelt hij liedjes op zijn gitaar. Weer of geen weer... Daarna nemen de Bauers afscheid van New York en reizen ze door naar het warmere zuiden waar zij in een totaal andere sfeer te kunnen. Hun reis daar begint in New Orleans, stad van de voodoo, jazz, cajun food, maar ook de plaats waar orkaan Katrina enorme schade heeft aangericht...","formattedEpisodeNumbering":null,"formattedDate":"Za 14 apr. 2018","formattedDateShort":"Apr. 2018","formattedTime":"22:15","formattedDuration":"25m","formattedAvailabilityWindow":null,"formattedAvailabilityWindowShort":null,"image":{"portraitUrl":null,"landscapeUrl":"https:\/\/images.nlziet.nl\/metadataimportimages\/source\/3CAEA8276AD43013414BC2D1D85C6C2B85E284931C0A43E99831F019E49F9751.jpg"},"logo":{"normalUrl":"https:\/\/cdn.nlziet.nl\/static\/assets\/contentproviders\/npo.png","darkUrl":"https:\/\/cdn.nlziet.nl\/static\/assets\/contentproviders\/dark\/npo.png","flatUrl":"https:\/\/cdn.nlziet.nl\/static\/assets\/contentproviders\/flat\/npo.png"},"tags":[],"seriesId":"7Bo7rh5OEkOpLxfhtJa7bQ"},{"id":"lMjxxe65QEmuENUylfAjLQ","type":"Vod","title":"Frans Bauer","subtitle":"Frans Bauer in Amerika","description":"AVROTROS - Na de bijzondere ontmoeting met Chuck Wepner worden Frans en Mariska ook nog uitgenodigd om naar een boksgala te komen waar Wepner wordt ge\u00eberd voor zijn bijzondere bokscarri\u00e8re. De dag erna steken ze de Hudson over naar New York waar ze worden rondgeleid door niemand minder dan Amerika-deskundige Max Westerman. Hij neemt ze mee door Manhattan en laat zien hoeveel er hier nog herinnert aan de tijd dat New York nog New Amsterdam was. De Nederlandse invloeden zijn overal terug te vinden. Wie weet bijvoorbeeld nog dat het woord dollar komt van het woord daalder? In New York staan Frans en Mariska ook stil bij een van de grootste tragedies in de Amerikaanse geschiedenis. Ze bezoeken het 9\/11 memorial waar ze de slachtoffers herdenken die zijn omgekomen bij de aanslagen op de Twin Towers zeventien jaar geleden. En dat maakt indruk...","formattedEpisodeNumbering":null,"formattedDate":"Za 7 apr. 2018","formattedDateShort":"Apr. 2018","formattedTime":"22:15","formattedDuration":"25m","formattedAvailabilityWindow":null,"formattedAvailabilityWindowShort":null,"image":{"portraitUrl":null,"landscapeUrl":"https:\/\/images.nlziet.nl\/metadataimportimages\/source\/2A5B29429626CEE79CBA9A83A65AB6E2BB1C05147D7BDBFB66EAF430AB275E76.jpg"},"logo":{"normalUrl":"https:\/\/cdn.nlziet.nl\/static\/assets\/contentproviders\/npo.png","darkUrl":"https:\/\/cdn.nlziet.nl\/static\/assets\/contentproviders\/dark\/npo.png","flatUrl":"https:\/\/cdn.nlziet.nl\/static\/assets\/contentproviders\/flat\/npo.png"},"tags":[],"seriesId":"7Bo7rh5OEkOpLxfhtJa7bQ"},{"id":"TY877q5_0Eyc60jlJ6b2-w","type":"Vod","title":"Frans Bauer","subtitle":"Frans Bauer in Amerika","description":"AVROTROS - Frans en Mariska brengen een bezoek aan een traditionele pretzelfabriek. Zodra Frans en Mariska de fabriek betreden, horen ze het fluweelzachte gezang van de amish meisjes die hier de hele dag pretzels staan te kneden terwijl ze voor God zingen. Mariska steekt meteen de handen uit de mouwen en helpt mee terwijl Frans een rondleiding krijgt door dit familiebedrijf. De reis wordt voortgezet naar New Jersey waar Frans en Mariska in een Airbnb verblijven. Ze bereiden zich voor op een bijzondere dag. Jersey is namelijk de stad van bokslegende Chuck Wepner. Op zijn levensverhaal zijn de Rocky films gebaseerd. Frans is een groot fan, omdat hij zoveel herkent in het verhaal. Ook hij is een jongen van eenvoudige komaf die vanuit het niets de top heeft bereikt. Het is dan ook een droom die uitkomt als Frans Chuck Wepner mag ontmoeten.","formattedEpisodeNumbering":null,"formattedDate":"Za 31 mrt. 2018","formattedDateShort":"Mrt. 2018","formattedTime":"22:15","formattedDuration":"25m","formattedAvailabilityWindow":null,"formattedAvailabilityWindowShort":null,"image":{"portraitUrl":null,"landscapeUrl":"https:\/\/images.nlziet.nl\/metadataimportimages\/source\/51D5B2419F1A598B50F08018E26024614E5756D00DAACB8EAB661F0C5EA13D21.jpg"},"logo":{"normalUrl":"https:\/\/cdn.nlziet.nl\/static\/assets\/contentproviders\/npo.png","darkUrl":"https:\/\/cdn.nlziet.nl\/static\/assets\/contentproviders\/dark\/npo.png","flatUrl":"https:\/\/cdn.nlziet.nl\/static\/assets\/contentproviders\/flat\/npo.png"},"tags":[],"seriesId":"7Bo7rh5OEkOpLxfhtJa7bQ"},{"id":"AEA7Qpu0KUCWUVJSXsleEA","type":"Vod","title":"Frans Bauer","subtitle":"Frans Bauer in Amerika","description":"AVROTROS - De Bauers rijden door Pennsylvania, de staat met de meeste ufowaarnemingen ter wereld. Om die reden bezoeken zij Kecksburg, waar zij een getuige van een ufocrash ontmoeten. Over vreemde verschijningen gesproken. Die avond slapen de Bauers in datzelfde Pennsylvania bij een echte amishfamilie. Aan de ene kant bekend terrein: geen schoenen aan in huis, sober leven, aan de andere kant moeten ze even wennen zonder wifi en zonder tv. De meeste amish hebben zelfs geen auto, een mooie gelegenheid voor Frans en Mariska om in paard en wagen mee te reizen door de omgeving. Tijdens dat ritje horen ze een aantal opmerkelijke dingen van de berijdster, die bekent dat ze een iPhone heeft, Netflix kijkt en Snapchat gebruikt.","formattedEpisodeNumbering":null,"formattedDate":"Za 24 mrt. 2018","formattedDateShort":"Mrt. 2018","formattedTime":"22:10","formattedDuration":"25m","formattedAvailabilityWindow":null,"formattedAvailabilityWindowShort":null,"image":{"portraitUrl":null,"landscapeUrl":"https:\/\/images.nlziet.nl\/metadataimportimages\/source\/C147B2C73B7EAC1718B9E29401E8256F5159C3F6D3089192F44A78A81DFA34C5.jpg"},"logo":{"normalUrl":"https:\/\/cdn.nlziet.nl\/static\/assets\/contentproviders\/npo.png","darkUrl":"https:\/\/cdn.nlziet.nl\/static\/assets\/contentproviders\/dark\/npo.png","flatUrl":"https:\/\/cdn.nlziet.nl\/static\/assets\/contentproviders\/flat\/npo.png"},"tags":[],"seriesId":"7Bo7rh5OEkOpLxfhtJa7bQ"},{"id":"XOVFjLqNzkq4ELlp1PADYw","type":"Vod","title":"Frans Bauer","subtitle":"Frans Bauer in Amerika","description":"AVROTROS - Deze aflevering staat in het teken van de voorbereidingen op de reis. Voor het eerst gaan Frans en Mariska samen op reis zonder kinderen en daar moeten de nodige dingen voor geregeld worden. Naar Amerika reis je niet zomaar, er moet een visum aangevraagd worden en dat begint met het maken van een pasfoto...; nooit lachen voor de Amerikaanse douane. Een beetje bang geworden voor alle formaliteiten gaan ze te rade bij Amerikadeskundige Michiel Vos, die hen nog een paar handige do's-and-don'ts meegeeft. Na aankomst in Amerika ontmoeten Frans en Mariska de zoon van de bedenker van de Big Mac nabij Pittsburgh. Hun reis kon niet beter beginnen.","formattedEpisodeNumbering":null,"formattedDate":"Za 17 mrt. 2018","formattedDateShort":"Mrt. 2018","formattedTime":"22:15","formattedDuration":"25m","formattedAvailabilityWindow":null,"formattedAvailabilityWindowShort":null,"image":{"portraitUrl":null,"landscapeUrl":"https:\/\/images.nlziet.nl\/metadataimportimages\/source\/4201E2F11C8D251B9ABC959040D181658B83C5199955CBB1496CF09AB3B6893C.jpg"},"logo":{"normalUrl":"https:\/\/cdn.nlziet.nl\/static\/assets\/contentproviders\/npo.png","darkUrl":"https:\/\/cdn.nlziet.nl\/static\/assets\/contentproviders\/dark\/npo.png","flatUrl":"https:\/\/cdn.nlziet.nl\/static\/assets\/contentproviders\/flat\/npo.png"},"tags":[],"seriesId":"7Bo7rh5OEkOpLxfhtJa7bQ"}]