[{"id":"pilvaCz58UGQxU8NwZ1xfw","type":"Vod","title":"NOS Journaal met gebarentaal","subtitle":"NOS Journaal met gebarentolk","description":"NOS - Met het laatste nieuws en de weersverwachting.","formattedEpisodeNumbering":null,"formattedDate":"Wo 30 dec. 2020","formattedDateShort":"Dec. 2020","formattedTime":"08:30","formattedDuration":"4m","formattedAvailabilityWindow":null,"formattedAvailabilityWindowShort":null,"image":{"portraitUrl":null,"landscapeUrl":"https:\/\/images.nlziet.nl\/metadataimportimages\/source\/B1EB0D053E5CB1F1AFBB5DC3E6FBABC2A96B52173806CCA2621F24E296DF3919.jpg"},"logo":{"normalUrl":"https:\/\/cdn.nlziet.nl\/static\/assets\/contentproviders\/npo.png","darkUrl":"https:\/\/cdn.nlziet.nl\/static\/assets\/contentproviders\/dark\/npo.png","flatUrl":"https:\/\/cdn.nlziet.nl\/static\/assets\/contentproviders\/flat\/npo.png"},"tags":[],"seriesId":"6pbrb5qCSEmKJooY61Bb_Q"},{"id":"DEeDd-Rdc0Ga9kMqciBoBg","type":"Vod","title":"NOS Journaal met gebarentaal","subtitle":"NOS Journaal met gebarentolk","description":"NOS - Met het laatste nieuws en de weersverwachting.","formattedEpisodeNumbering":null,"formattedDate":"Di 29 dec. 2020","formattedDateShort":"Dec. 2020","formattedTime":"08:30","formattedDuration":"3m","formattedAvailabilityWindow":null,"formattedAvailabilityWindowShort":null,"image":{"portraitUrl":null,"landscapeUrl":"https:\/\/images.nlziet.nl\/metadataimportimages\/source\/8FE67A095D7EB557ACA79D4F4720CE6D109061651485FC94FF7FBE9E89FCDFDD.jpg"},"logo":{"normalUrl":"https:\/\/cdn.nlziet.nl\/static\/assets\/contentproviders\/npo.png","darkUrl":"https:\/\/cdn.nlziet.nl\/static\/assets\/contentproviders\/dark\/npo.png","flatUrl":"https:\/\/cdn.nlziet.nl\/static\/assets\/contentproviders\/flat\/npo.png"},"tags":[],"seriesId":"6pbrb5qCSEmKJooY61Bb_Q"},{"id":"au_wIbhtgkSAIILpSAF9Tg","type":"Vod","title":"NOS Journaal met gebarentaal","subtitle":"NOS Journaal met gebarentolk","description":"NOS - Met het laatste nieuws en de weersverwachting.","formattedEpisodeNumbering":null,"formattedDate":"Ma 28 dec. 2020","formattedDateShort":"Dec. 2020","formattedTime":"08:30","formattedDuration":"4m","formattedAvailabilityWindow":null,"formattedAvailabilityWindowShort":null,"image":{"portraitUrl":null,"landscapeUrl":"https:\/\/images.nlziet.nl\/metadataimportimages\/source\/AEAB4881CDD41160F9915917CB5465C3F61AAF83A1DDAF9B238594A0E4278961.jpg"},"logo":{"normalUrl":"https:\/\/cdn.nlziet.nl\/static\/assets\/contentproviders\/npo.png","darkUrl":"https:\/\/cdn.nlziet.nl\/static\/assets\/contentproviders\/dark\/npo.png","flatUrl":"https:\/\/cdn.nlziet.nl\/static\/assets\/contentproviders\/flat\/npo.png"},"tags":[],"seriesId":"6pbrb5qCSEmKJooY61Bb_Q"},{"id":"-RuSy5U5-02-0XNolwNaSQ","type":"Vod","title":"NOS Journaal met gebarentaal","subtitle":"NOS Journaal met gebarentolk","description":"NOS - Met het laatste nieuws en de weersverwachting.","formattedEpisodeNumbering":null,"formattedDate":"Wo 23 dec. 2020","formattedDateShort":"Dec. 2020","formattedTime":"08:30","formattedDuration":"4m","formattedAvailabilityWindow":null,"formattedAvailabilityWindowShort":null,"image":{"portraitUrl":null,"landscapeUrl":"https:\/\/images.nlziet.nl\/metadataimportimages\/source\/87F91C3F195A57E529A7E4D2BFC50DAE5A5BAE94A81E6E815EB3EC1208382FE6.jpg"},"logo":{"normalUrl":"https:\/\/cdn.nlziet.nl\/static\/assets\/contentproviders\/npo.png","darkUrl":"https:\/\/cdn.nlziet.nl\/static\/assets\/contentproviders\/dark\/npo.png","flatUrl":"https:\/\/cdn.nlziet.nl\/static\/assets\/contentproviders\/flat\/npo.png"},"tags":[],"seriesId":"6pbrb5qCSEmKJooY61Bb_Q"},{"id":"3j9k5hoL30Sz2pgCWBLfvA","type":"Vod","title":"NOS Journaal met gebarentaal","subtitle":"NOS Journaal met gebarentolk","description":"NOS - Met het laatste nieuws en de weersverwachting.","formattedEpisodeNumbering":null,"formattedDate":"Di 22 dec. 2020","formattedDateShort":"Dec. 2020","formattedTime":"08:30","formattedDuration":"3m","formattedAvailabilityWindow":null,"formattedAvailabilityWindowShort":null,"image":{"portraitUrl":null,"landscapeUrl":"https:\/\/images.nlziet.nl\/metadataimportimages\/source\/4FA33515DAF95E4EB21D3F335CEC8E182F271AD11CAC3117152E8ACAF57D0029.jpg"},"logo":{"normalUrl":"https:\/\/cdn.nlziet.nl\/static\/assets\/contentproviders\/npo.png","darkUrl":"https:\/\/cdn.nlziet.nl\/static\/assets\/contentproviders\/dark\/npo.png","flatUrl":"https:\/\/cdn.nlziet.nl\/static\/assets\/contentproviders\/flat\/npo.png"},"tags":[],"seriesId":"6pbrb5qCSEmKJooY61Bb_Q"},{"id":"8DGn4Xy7N0iQK4ZnawiTbA","type":"Vod","title":"NOS Journaal met gebarentaal","subtitle":"NOS Journaal met gebarentolk","description":"NOS - Met het laatste nieuws en de weersverwachting.","formattedEpisodeNumbering":null,"formattedDate":"Ma 21 dec. 2020","formattedDateShort":"Dec. 2020","formattedTime":"08:30","formattedDuration":"3m","formattedAvailabilityWindow":null,"formattedAvailabilityWindowShort":null,"image":{"portraitUrl":null,"landscapeUrl":"https:\/\/images.nlziet.nl\/metadataimportimages\/source\/EC0AC12D01CDFE4796C02B64C78CDF8B46347D1A79AC406C55C9C32D83F522A6.jpg"},"logo":{"normalUrl":"https:\/\/cdn.nlziet.nl\/static\/assets\/contentproviders\/npo.png","darkUrl":"https:\/\/cdn.nlziet.nl\/static\/assets\/contentproviders\/dark\/npo.png","flatUrl":"https:\/\/cdn.nlziet.nl\/static\/assets\/contentproviders\/flat\/npo.png"},"tags":[],"seriesId":"6pbrb5qCSEmKJooY61Bb_Q"},{"id":"lg_MoeFOIU2QYdl7QaG_Jg","type":"Vod","title":"NOS Journaal met gebarentaal","subtitle":"NOS Journaal met gebarentolk","description":"NOS - Met het laatste nieuws en de weersverwachting.","formattedEpisodeNumbering":null,"formattedDate":"Vr 23 okt. 2020","formattedDateShort":"Okt. 2020","formattedTime":"08:29","formattedDuration":"3m","formattedAvailabilityWindow":null,"formattedAvailabilityWindowShort":null,"image":{"portraitUrl":null,"landscapeUrl":"https:\/\/images.nlziet.nl\/metadataimportimages\/source\/5CEEA4513A4C70BD9A59619FB16740C3C4AE8A9913F08735ABAF296F18573270.jpg"},"logo":{"normalUrl":"https:\/\/cdn.nlziet.nl\/static\/assets\/contentproviders\/npo.png","darkUrl":"https:\/\/cdn.nlziet.nl\/static\/assets\/contentproviders\/dark\/npo.png","flatUrl":"https:\/\/cdn.nlziet.nl\/static\/assets\/contentproviders\/flat\/npo.png"},"tags":[],"seriesId":"6pbrb5qCSEmKJooY61Bb_Q"},{"id":"cX1baNdSgkeAv96fQur8EA","type":"Vod","title":"NOS Journaal met gebarentaal","subtitle":"NOS Journaal met gebarentolk","description":"NOS - Met het laatste nieuws en de weersverwachting.","formattedEpisodeNumbering":null,"formattedDate":"Do 22 okt. 2020","formattedDateShort":"Okt. 2020","formattedTime":"08:30","formattedDuration":"3m","formattedAvailabilityWindow":null,"formattedAvailabilityWindowShort":null,"image":{"portraitUrl":null,"landscapeUrl":"https:\/\/images.nlziet.nl\/metadataimportimages\/source\/77D4D9205501A78EF49A3076C12C14F09FCC64B0735D3CF0F3415BAF5AA6EC16.jpg"},"logo":{"normalUrl":"https:\/\/cdn.nlziet.nl\/static\/assets\/contentproviders\/npo.png","darkUrl":"https:\/\/cdn.nlziet.nl\/static\/assets\/contentproviders\/dark\/npo.png","flatUrl":"https:\/\/cdn.nlziet.nl\/static\/assets\/contentproviders\/flat\/npo.png"},"tags":[],"seriesId":"6pbrb5qCSEmKJooY61Bb_Q"},{"id":"5ILUmnTQXkmSltbJlgpEjg","type":"Vod","title":"NOS Journaal met gebarentaal","subtitle":"NOS Journaal met gebarentolk","description":"NOS - Met het laatste nieuws en de weersverwachting.","formattedEpisodeNumbering":null,"formattedDate":"Wo 21 okt. 2020","formattedDateShort":"Okt. 2020","formattedTime":"08:30","formattedDuration":"3m","formattedAvailabilityWindow":null,"formattedAvailabilityWindowShort":null,"image":{"portraitUrl":null,"landscapeUrl":"https:\/\/images.nlziet.nl\/metadataimportimages\/source\/2A246C9D743CF62BBC49DF194C3142AFA239468EFC03AC56F3DD70C7958FDD54.jpg"},"logo":{"normalUrl":"https:\/\/cdn.nlziet.nl\/static\/assets\/contentproviders\/npo.png","darkUrl":"https:\/\/cdn.nlziet.nl\/static\/assets\/contentproviders\/dark\/npo.png","flatUrl":"https:\/\/cdn.nlziet.nl\/static\/assets\/contentproviders\/flat\/npo.png"},"tags":[],"seriesId":"6pbrb5qCSEmKJooY61Bb_Q"},{"id":"LYs-N86_LUCUiSvvljY1lA","type":"Vod","title":"NOS Journaal met gebarentaal","subtitle":"NOS Journaal met gebarentolk","description":"NOS - Met het laatste nieuws en de weersverwachting.","formattedEpisodeNumbering":null,"formattedDate":"Di 20 okt. 2020","formattedDateShort":"Okt. 2020","formattedTime":"08:29","formattedDuration":"4m","formattedAvailabilityWindow":null,"formattedAvailabilityWindowShort":null,"image":{"portraitUrl":null,"landscapeUrl":"https:\/\/images.nlziet.nl\/metadataimportimages\/source\/62FE0B056494AD81B72C3E8B05E2D77A684AFA8C2E05DAA1D777FF23DD64DD72.jpg"},"logo":{"normalUrl":"https:\/\/cdn.nlziet.nl\/static\/assets\/contentproviders\/npo.png","darkUrl":"https:\/\/cdn.nlziet.nl\/static\/assets\/contentproviders\/dark\/npo.png","flatUrl":"https:\/\/cdn.nlziet.nl\/static\/assets\/contentproviders\/flat\/npo.png"},"tags":[],"seriesId":"6pbrb5qCSEmKJooY61Bb_Q"},{"id":"ygeHPBOWekSOL8EOjIJVnQ","type":"Vod","title":"NOS Journaal met gebarentaal","subtitle":"NOS Journaal met gebarentolk","description":"NOS - Met het laatste nieuws en de weersverwachting.","formattedEpisodeNumbering":null,"formattedDate":"Ma 19 okt. 2020","formattedDateShort":"Okt. 2020","formattedTime":"08:30","formattedDuration":"4m","formattedAvailabilityWindow":null,"formattedAvailabilityWindowShort":null,"image":{"portraitUrl":null,"landscapeUrl":"https:\/\/images.nlziet.nl\/metadataimportimages\/source\/6ABFC07B74428FEFC8F4D3A6FA6721E17642FAC503146198314B4A664A9A539F.jpg"},"logo":{"normalUrl":"https:\/\/cdn.nlziet.nl\/static\/assets\/contentproviders\/npo.png","darkUrl":"https:\/\/cdn.nlziet.nl\/static\/assets\/contentproviders\/dark\/npo.png","flatUrl":"https:\/\/cdn.nlziet.nl\/static\/assets\/contentproviders\/flat\/npo.png"},"tags":[],"seriesId":"6pbrb5qCSEmKJooY61Bb_Q"},{"id":"zoUldBiwSE67CUJjELjOrA","type":"Vod","title":"NOS Journaal met gebarentaal","subtitle":"NOS Journaal met gebarentolk","description":"NOS - Met het laatste nieuws en de weersverwachting.","formattedEpisodeNumbering":null,"formattedDate":"Vr 16 okt. 2020","formattedDateShort":"Okt. 2020","formattedTime":"08:29","formattedDuration":"4m","formattedAvailabilityWindow":null,"formattedAvailabilityWindowShort":null,"image":{"portraitUrl":null,"landscapeUrl":"https:\/\/images.nlziet.nl\/metadataimportimages\/source\/B0245C31F1F7CDACA7D12F952471ABF5EDCDECCB4A7FEDF35DF99DCAF29E1F2C.jpg"},"logo":{"normalUrl":"https:\/\/cdn.nlziet.nl\/static\/assets\/contentproviders\/npo.png","darkUrl":"https:\/\/cdn.nlziet.nl\/static\/assets\/contentproviders\/dark\/npo.png","flatUrl":"https:\/\/cdn.nlziet.nl\/static\/assets\/contentproviders\/flat\/npo.png"},"tags":[],"seriesId":"6pbrb5qCSEmKJooY61Bb_Q"},{"id":"LZhfDOhDMU-ObvlUf4lxQA","type":"Vod","title":"NOS Journaal met gebarentaal","subtitle":"NOS Journaal met gebarentolk","description":"NOS - Met het laatste nieuws en de weersverwachting.","formattedEpisodeNumbering":null,"formattedDate":"Do 15 okt. 2020","formattedDateShort":"Okt. 2020","formattedTime":"08:29","formattedDuration":"3m","formattedAvailabilityWindow":null,"formattedAvailabilityWindowShort":null,"image":{"portraitUrl":null,"landscapeUrl":"https:\/\/images.nlziet.nl\/metadataimportimages\/source\/1ECEF694E075AFBC6EECA6A1D9EAB4E139EA9970C64358584438CBFD18DEB0C7.jpg"},"logo":{"normalUrl":"https:\/\/cdn.nlziet.nl\/static\/assets\/contentproviders\/npo.png","darkUrl":"https:\/\/cdn.nlziet.nl\/static\/assets\/contentproviders\/dark\/npo.png","flatUrl":"https:\/\/cdn.nlziet.nl\/static\/assets\/contentproviders\/flat\/npo.png"},"tags":[],"seriesId":"6pbrb5qCSEmKJooY61Bb_Q"},{"id":"1HNTe3p60ECKdGsQKA3csA","type":"Vod","title":"NOS Journaal met gebarentaal","subtitle":"NOS Journaal met gebarentolk","description":"NOS - Met het laatste nieuws en de weersverwachting.","formattedEpisodeNumbering":null,"formattedDate":"Wo 14 okt. 2020","formattedDateShort":"Okt. 2020","formattedTime":"08:29","formattedDuration":"3m","formattedAvailabilityWindow":null,"formattedAvailabilityWindowShort":null,"image":{"portraitUrl":null,"landscapeUrl":"https:\/\/images.nlziet.nl\/metadataimportimages\/source\/1EDF28763574EA957DDF0F4342A7B463006BEB6C93741610259B9CAC4AEF9D22.jpg"},"logo":{"normalUrl":"https:\/\/cdn.nlziet.nl\/static\/assets\/contentproviders\/npo.png","darkUrl":"https:\/\/cdn.nlziet.nl\/static\/assets\/contentproviders\/dark\/npo.png","flatUrl":"https:\/\/cdn.nlziet.nl\/static\/assets\/contentproviders\/flat\/npo.png"},"tags":[],"seriesId":"6pbrb5qCSEmKJooY61Bb_Q"},{"id":"MuCM7NbHME-sgP5pflKd2w","type":"Vod","title":"NOS Journaal met gebarentaal","subtitle":"NOS Journaal met gebarentolk","description":"NOS - Met het laatste nieuws en de weersverwachting.","formattedEpisodeNumbering":null,"formattedDate":"Di 13 okt. 2020","formattedDateShort":"Okt. 2020","formattedTime":"08:30","formattedDuration":"4m","formattedAvailabilityWindow":null,"formattedAvailabilityWindowShort":null,"image":{"portraitUrl":null,"landscapeUrl":"https:\/\/images.nlziet.nl\/metadataimportimages\/source\/5DBF79FFE9694E44D32676AB455855B52601F3896B543B762FFFD2C1F6528DF3.jpg"},"logo":{"normalUrl":"https:\/\/cdn.nlziet.nl\/static\/assets\/contentproviders\/npo.png","darkUrl":"https:\/\/cdn.nlziet.nl\/static\/assets\/contentproviders\/dark\/npo.png","flatUrl":"https:\/\/cdn.nlziet.nl\/static\/assets\/contentproviders\/flat\/npo.png"},"tags":[],"seriesId":"6pbrb5qCSEmKJooY61Bb_Q"},{"id":"i9WlHakEXk-9NaXXvNN0cg","type":"Vod","title":"NOS Journaal met gebarentaal","subtitle":"NOS Journaal met gebarentolk","description":"NOS - Met het laatste nieuws en de weersverwachting.","formattedEpisodeNumbering":null,"formattedDate":"Ma 12 okt. 2020","formattedDateShort":"Okt. 2020","formattedTime":"08:30","formattedDuration":"3m","formattedAvailabilityWindow":null,"formattedAvailabilityWindowShort":null,"image":{"portraitUrl":null,"landscapeUrl":"https:\/\/images.nlziet.nl\/metadataimportimages\/source\/0F479DDC0472F6B02C7178C026EC00F0524E3368D5A615A0C5780BD94AA62449.jpg"},"logo":{"normalUrl":"https:\/\/cdn.nlziet.nl\/static\/assets\/contentproviders\/npo.png","darkUrl":"https:\/\/cdn.nlziet.nl\/static\/assets\/contentproviders\/dark\/npo.png","flatUrl":"https:\/\/cdn.nlziet.nl\/static\/assets\/contentproviders\/flat\/npo.png"},"tags":[],"seriesId":"6pbrb5qCSEmKJooY61Bb_Q"},{"id":"5N5ZXZ4FJkio8dmzNpYETw","type":"Vod","title":"NOS Journaal met gebarentaal","subtitle":"NOS Journaal met gebarentolk","description":"NOS - Met het laatste nieuws en de weersverwachting.","formattedEpisodeNumbering":null,"formattedDate":"Vr 22 mei. 2020","formattedDateShort":"Mei. 2020","formattedTime":"08:30","formattedDuration":"3m","formattedAvailabilityWindow":null,"formattedAvailabilityWindowShort":null,"image":{"portraitUrl":null,"landscapeUrl":"https:\/\/images.nlziet.nl\/metadataimportimages\/source\/0BEB729C5AB77FB05ED5E7224DD7750A5C0F5AFE91EA43DE3880893CB29EE890.jpg"},"logo":{"normalUrl":"https:\/\/cdn.nlziet.nl\/static\/assets\/contentproviders\/npo.png","darkUrl":"https:\/\/cdn.nlziet.nl\/static\/assets\/contentproviders\/dark\/npo.png","flatUrl":"https:\/\/cdn.nlziet.nl\/static\/assets\/contentproviders\/flat\/npo.png"},"tags":[],"seriesId":"6pbrb5qCSEmKJooY61Bb_Q"},{"id":"pwuuechNmEe6P9rpOKrZZA","type":"Vod","title":"NOS Journaal met gebarentaal","subtitle":"NOS Journaal met gebarentolk","description":"NOS - Met het laatste nieuws en de weersverwachting.","formattedEpisodeNumbering":null,"formattedDate":"Di 5 mei. 2020","formattedDateShort":"Mei. 2020","formattedTime":"08:30","formattedDuration":"4m","formattedAvailabilityWindow":null,"formattedAvailabilityWindowShort":null,"image":{"portraitUrl":null,"landscapeUrl":"https:\/\/images.nlziet.nl\/metadataimportimages\/source\/A4014608E0F540A00FCCF39AC63F10689C042350B3FBDB1FB68CDB2AF7C7EE84.jpg"},"logo":{"normalUrl":"https:\/\/cdn.nlziet.nl\/static\/assets\/contentproviders\/npo.png","darkUrl":"https:\/\/cdn.nlziet.nl\/static\/assets\/contentproviders\/dark\/npo.png","flatUrl":"https:\/\/cdn.nlziet.nl\/static\/assets\/contentproviders\/flat\/npo.png"},"tags":[],"seriesId":"6pbrb5qCSEmKJooY61Bb_Q"},{"id":"viUfLBhizkC1f3N14jtMXA","type":"Vod","title":"NOS Journaal met gebarentaal","subtitle":"NOS Journaal met gebarentolk","description":"NOS - Met het laatste nieuws en de weersverwachting.","formattedEpisodeNumbering":null,"formattedDate":"Ma 4 mei. 2020","formattedDateShort":"Mei. 2020","formattedTime":"08:30","formattedDuration":"3m","formattedAvailabilityWindow":null,"formattedAvailabilityWindowShort":null,"image":{"portraitUrl":null,"landscapeUrl":"https:\/\/images.nlziet.nl\/metadataimportimages\/source\/4D7C040CD95C2B0E24F9E7B51B5CFBE146880C5462E069F4964D1F7B0113F78E.jpg"},"logo":{"normalUrl":"https:\/\/cdn.nlziet.nl\/static\/assets\/contentproviders\/npo.png","darkUrl":"https:\/\/cdn.nlziet.nl\/static\/assets\/contentproviders\/dark\/npo.png","flatUrl":"https:\/\/cdn.nlziet.nl\/static\/assets\/contentproviders\/flat\/npo.png"},"tags":[],"seriesId":"6pbrb5qCSEmKJooY61Bb_Q"},{"id":"X-yhEQS6HkS4ftqHck5p-Q","type":"Vod","title":"NOS Journaal met gebarentaal","subtitle":"NOS Journaal met gebarentolk","description":"NOS - Met het laatste nieuws en de weersverwachting.","formattedEpisodeNumbering":null,"formattedDate":"Vr 1 mei. 2020","formattedDateShort":"Mei. 2020","formattedTime":"08:29","formattedDuration":"3m","formattedAvailabilityWindow":null,"formattedAvailabilityWindowShort":null,"image":{"portraitUrl":null,"landscapeUrl":"https:\/\/images.nlziet.nl\/metadataimportimages\/source\/903B5A93E6F34B6B376808BE0613CDD4B584F17A4B178C122D30EBC286CA0776.jpg"},"logo":{"normalUrl":"https:\/\/cdn.nlziet.nl\/static\/assets\/contentproviders\/npo.png","darkUrl":"https:\/\/cdn.nlziet.nl\/static\/assets\/contentproviders\/dark\/npo.png","flatUrl":"https:\/\/cdn.nlziet.nl\/static\/assets\/contentproviders\/flat\/npo.png"},"tags":[],"seriesId":"6pbrb5qCSEmKJooY61Bb_Q"},{"id":"HT6LllX89E65B0jCIZHYBA","type":"Vod","title":"NOS Journaal met gebarentaal","subtitle":"NOS Journaal met gebarentolk","description":"NOS - Met het laatste nieuws en de weersverwachting.","formattedEpisodeNumbering":null,"formattedDate":"Do 30 apr. 2020","formattedDateShort":"Apr. 2020","formattedTime":"08:29","formattedDuration":"4m","formattedAvailabilityWindow":null,"formattedAvailabilityWindowShort":null,"image":{"portraitUrl":null,"landscapeUrl":"https:\/\/images.nlziet.nl\/metadataimportimages\/source\/52F7C096F1219097F166C9F14187928B473306B25C05B9FD5E025F8C930CC802.jpg"},"logo":{"normalUrl":"https:\/\/cdn.nlziet.nl\/static\/assets\/contentproviders\/npo.png","darkUrl":"https:\/\/cdn.nlziet.nl\/static\/assets\/contentproviders\/dark\/npo.png","flatUrl":"https:\/\/cdn.nlziet.nl\/static\/assets\/contentproviders\/flat\/npo.png"},"tags":[],"seriesId":"6pbrb5qCSEmKJooY61Bb_Q"},{"id":"n_Gr_7ZK6UGsk13tReQXeQ","type":"Vod","title":"NOS Journaal met gebarentaal","subtitle":"NOS Journaal met gebarentolk","description":"NOS - Met het laatste nieuws en de weersverwachting.","formattedEpisodeNumbering":null,"formattedDate":"Wo 29 apr. 2020","formattedDateShort":"Apr. 2020","formattedTime":"08:30","formattedDuration":"3m","formattedAvailabilityWindow":null,"formattedAvailabilityWindowShort":null,"image":{"portraitUrl":null,"landscapeUrl":"https:\/\/images.nlziet.nl\/metadataimportimages\/source\/DAE1E9F7E72970BC8BFD6915A3619B8B7C948E5644D749C2528541313B9CA96E.jpg"},"logo":{"normalUrl":"https:\/\/cdn.nlziet.nl\/static\/assets\/contentproviders\/npo.png","darkUrl":"https:\/\/cdn.nlziet.nl\/static\/assets\/contentproviders\/dark\/npo.png","flatUrl":"https:\/\/cdn.nlziet.nl\/static\/assets\/contentproviders\/flat\/npo.png"},"tags":[],"seriesId":"6pbrb5qCSEmKJooY61Bb_Q"},{"id":"hXn3cKYuAUydQw6dKIUEsA","type":"Vod","title":"NOS Journaal met gebarentaal","subtitle":"NOS Journaal met gebarentolk","description":"NOS - Met het laatste nieuws en de weersverwachting.","formattedEpisodeNumbering":null,"formattedDate":"Di 28 apr. 2020","formattedDateShort":"Apr. 2020","formattedTime":"08:30","formattedDuration":"3m","formattedAvailabilityWindow":null,"formattedAvailabilityWindowShort":null,"image":{"portraitUrl":null,"landscapeUrl":"https:\/\/images.nlziet.nl\/metadataimportimages\/source\/7FACD697B247A69E424AFD2A4EDBDBB92919388586D2735E9B16215EC2C9C156.jpg"},"logo":{"normalUrl":"https:\/\/cdn.nlziet.nl\/static\/assets\/contentproviders\/npo.png","darkUrl":"https:\/\/cdn.nlziet.nl\/static\/assets\/contentproviders\/dark\/npo.png","flatUrl":"https:\/\/cdn.nlziet.nl\/static\/assets\/contentproviders\/flat\/npo.png"},"tags":[],"seriesId":"6pbrb5qCSEmKJooY61Bb_Q"},{"id":"6HGsSZE_JEq1N38w3WsV6Q","type":"Vod","title":"NOS Journaal met gebarentaal","subtitle":"NOS Journaal met gebarentolk","description":"NOS - Met het laatste nieuws en de weersverwachting.","formattedEpisodeNumbering":null,"formattedDate":"Ma 27 apr. 2020","formattedDateShort":"Apr. 2020","formattedTime":"10:05","formattedDuration":"8m","formattedAvailabilityWindow":null,"formattedAvailabilityWindowShort":null,"image":{"portraitUrl":null,"landscapeUrl":"https:\/\/images.nlziet.nl\/metadataimportimages\/source\/BD847E2264BE305B35136AB5833B83A8AB11173E948686C158F3C255AAF6D52D.jpg"},"logo":{"normalUrl":"https:\/\/cdn.nlziet.nl\/static\/assets\/contentproviders\/npo.png","darkUrl":"https:\/\/cdn.nlziet.nl\/static\/assets\/contentproviders\/dark\/npo.png","flatUrl":"https:\/\/cdn.nlziet.nl\/static\/assets\/contentproviders\/flat\/npo.png"},"tags":[],"seriesId":"6pbrb5qCSEmKJooY61Bb_Q"},{"id":"GPhF49RKS0GXzSg5i8amCA","type":"Vod","title":"NOS Journaal met gebarentaal","subtitle":"NOS Journaal met gebarentolk","description":"NOS - Met het laatste nieuws en de weersverwachting.","formattedEpisodeNumbering":null,"formattedDate":"Ma 27 apr. 2020","formattedDateShort":"Apr. 2020","formattedTime":"08:30","formattedDuration":"4m","formattedAvailabilityWindow":null,"formattedAvailabilityWindowShort":null,"image":{"portraitUrl":null,"landscapeUrl":"https:\/\/images.nlziet.nl\/metadataimportimages\/source\/16B04A95D2E8F57690E2AF87AFB497C34AF6D724DF39DC99F9008E496D4C09A7.jpg"},"logo":{"normalUrl":"https:\/\/cdn.nlziet.nl\/static\/assets\/contentproviders\/npo.png","darkUrl":"https:\/\/cdn.nlziet.nl\/static\/assets\/contentproviders\/dark\/npo.png","flatUrl":"https:\/\/cdn.nlziet.nl\/static\/assets\/contentproviders\/flat\/npo.png"},"tags":[],"seriesId":"6pbrb5qCSEmKJooY61Bb_Q"},{"id":"NNq3hTUzqUelKJKnFmbhYQ","type":"Vod","title":"NOS Journaal met gebarentaal","subtitle":"NOS Journaal met gebarentolk","description":"NOS - Met het laatste nieuws en de weersverwachting.","formattedEpisodeNumbering":null,"formattedDate":"Vr 28 feb. 2020","formattedDateShort":"Feb. 2020","formattedTime":"08:30","formattedDuration":"3m","formattedAvailabilityWindow":null,"formattedAvailabilityWindowShort":null,"image":{"portraitUrl":null,"landscapeUrl":"https:\/\/images.nlziet.nl\/metadataimportimages\/source\/828784BA3724C456EB367BE761C9E0EA32A19A44632268300F7FB8C92F73700D.jpg"},"logo":{"normalUrl":"https:\/\/cdn.nlziet.nl\/static\/assets\/contentproviders\/npo.png","darkUrl":"https:\/\/cdn.nlziet.nl\/static\/assets\/contentproviders\/dark\/npo.png","flatUrl":"https:\/\/cdn.nlziet.nl\/static\/assets\/contentproviders\/flat\/npo.png"},"tags":[],"seriesId":"6pbrb5qCSEmKJooY61Bb_Q"},{"id":"BrUkNaM4ikuN8WD0YUxUoA","type":"Vod","title":"NOS Journaal met gebarentaal","subtitle":"NOS Journaal met gebarentolk","description":"NOS - Met het laatste nieuws en de weersverwachting.","formattedEpisodeNumbering":null,"formattedDate":"Do 27 feb. 2020","formattedDateShort":"Feb. 2020","formattedTime":"08:30","formattedDuration":"3m","formattedAvailabilityWindow":null,"formattedAvailabilityWindowShort":null,"image":{"portraitUrl":null,"landscapeUrl":"https:\/\/images.nlziet.nl\/metadataimportimages\/source\/453C92052B042F4BB4BD126820A605F3208729BBA053C6847436A5CDC162B633.jpg"},"logo":{"normalUrl":"https:\/\/cdn.nlziet.nl\/static\/assets\/contentproviders\/npo.png","darkUrl":"https:\/\/cdn.nlziet.nl\/static\/assets\/contentproviders\/dark\/npo.png","flatUrl":"https:\/\/cdn.nlziet.nl\/static\/assets\/contentproviders\/flat\/npo.png"},"tags":[],"seriesId":"6pbrb5qCSEmKJooY61Bb_Q"},{"id":"l9Gu14WK0kGTQEQNcNM6SQ","type":"Vod","title":"NOS Journaal met gebarentaal","subtitle":"NOS Journaal met gebarentolk","description":"NOS - Met het laatste nieuws en de weersverwachting.","formattedEpisodeNumbering":null,"formattedDate":"Wo 26 feb. 2020","formattedDateShort":"Feb. 2020","formattedTime":"08:30","formattedDuration":"4m","formattedAvailabilityWindow":null,"formattedAvailabilityWindowShort":null,"image":{"portraitUrl":null,"landscapeUrl":"https:\/\/images.nlziet.nl\/metadataimportimages\/source\/4B2EBB84FFF3E8A3B0B0B869F786BDB243364BE8890E068EB710CA3E8623377D.jpg"},"logo":{"normalUrl":"https:\/\/cdn.nlziet.nl\/static\/assets\/contentproviders\/npo.png","darkUrl":"https:\/\/cdn.nlziet.nl\/static\/assets\/contentproviders\/dark\/npo.png","flatUrl":"https:\/\/cdn.nlziet.nl\/static\/assets\/contentproviders\/flat\/npo.png"},"tags":[],"seriesId":"6pbrb5qCSEmKJooY61Bb_Q"},{"id":"ZqThe4l3gkGopU11WdxzZA","type":"Vod","title":"NOS Journaal met gebarentaal","subtitle":"NOS Journaal met gebarentolk","description":"NOS - Met het laatste nieuws en de weersverwachting.","formattedEpisodeNumbering":null,"formattedDate":"Di 25 feb. 2020","formattedDateShort":"Feb. 2020","formattedTime":"08:29","formattedDuration":"4m","formattedAvailabilityWindow":null,"formattedAvailabilityWindowShort":null,"image":{"portraitUrl":null,"landscapeUrl":"https:\/\/images.nlziet.nl\/metadataimportimages\/source\/D361A2574CC07A690A3E2F48CFEFBDF2302E102222FD4DC0FE0AEDA79B71FEF5.jpg"},"logo":{"normalUrl":"https:\/\/cdn.nlziet.nl\/static\/assets\/contentproviders\/npo.png","darkUrl":"https:\/\/cdn.nlziet.nl\/static\/assets\/contentproviders\/dark\/npo.png","flatUrl":"https:\/\/cdn.nlziet.nl\/static\/assets\/contentproviders\/flat\/npo.png"},"tags":[],"seriesId":"6pbrb5qCSEmKJooY61Bb_Q"},{"id":"WchUcir9n0OYiKimmHE9gQ","type":"Vod","title":"NOS Journaal met gebarentaal","subtitle":"NOS Journaal met gebarentolk","description":"NOS - Met het laatste nieuws en de weersverwachting.","formattedEpisodeNumbering":null,"formattedDate":"Ma 24 feb. 2020","formattedDateShort":"Feb. 2020","formattedTime":"08:29","formattedDuration":"3m","formattedAvailabilityWindow":null,"formattedAvailabilityWindowShort":null,"image":{"portraitUrl":null,"landscapeUrl":"https:\/\/images.nlziet.nl\/metadataimportimages\/source\/B33DBDF0B052CDAC95853B4AD69A594760542A8D5372703BDA58427E63980996.jpg"},"logo":{"normalUrl":"https:\/\/cdn.nlziet.nl\/static\/assets\/contentproviders\/npo.png","darkUrl":"https:\/\/cdn.nlziet.nl\/static\/assets\/contentproviders\/dark\/npo.png","flatUrl":"https:\/\/cdn.nlziet.nl\/static\/assets\/contentproviders\/flat\/npo.png"},"tags":[],"seriesId":"6pbrb5qCSEmKJooY61Bb_Q"},{"id":"0h7FSkxN606RWg8hrd5mKg","type":"Vod","title":"NOS Journaal met gebarentaal","subtitle":"NOS Journaal met gebarentolk","description":"NOS - Met het laatste nieuws en de weersverwachting.","formattedEpisodeNumbering":null,"formattedDate":"Vr 21 feb. 2020","formattedDateShort":"Feb. 2020","formattedTime":"08:30","formattedDuration":"4m","formattedAvailabilityWindow":null,"formattedAvailabilityWindowShort":null,"image":{"portraitUrl":null,"landscapeUrl":"https:\/\/images.nlziet.nl\/metadataimportimages\/source\/F865FA2DAA8AC30C80F12FD5DD17F9094C11366B6485F230FBFF82BF2F4F428B.jpg"},"logo":{"normalUrl":"https:\/\/cdn.nlziet.nl\/static\/assets\/contentproviders\/npo.png","darkUrl":"https:\/\/cdn.nlziet.nl\/static\/assets\/contentproviders\/dark\/npo.png","flatUrl":"https:\/\/cdn.nlziet.nl\/static\/assets\/contentproviders\/flat\/npo.png"},"tags":[],"seriesId":"6pbrb5qCSEmKJooY61Bb_Q"},{"id":"C7rciNSm2UmeN_8-dagfCw","type":"Vod","title":"NOS Journaal met gebarentaal","subtitle":"NOS Journaal met gebarentolk","description":"NOS - Met het laatste nieuws en de weersverwachting.","formattedEpisodeNumbering":null,"formattedDate":"Do 20 feb. 2020","formattedDateShort":"Feb. 2020","formattedTime":"08:29","formattedDuration":"4m","formattedAvailabilityWindow":null,"formattedAvailabilityWindowShort":null,"image":{"portraitUrl":null,"landscapeUrl":"https:\/\/images.nlziet.nl\/metadataimportimages\/source\/8999776C63D41C9765CAEC9C0624088BEB0F93B39AFF17BCD65D1529ABB08578.jpg"},"logo":{"normalUrl":"https:\/\/cdn.nlziet.nl\/static\/assets\/contentproviders\/npo.png","darkUrl":"https:\/\/cdn.nlziet.nl\/static\/assets\/contentproviders\/dark\/npo.png","flatUrl":"https:\/\/cdn.nlziet.nl\/static\/assets\/contentproviders\/flat\/npo.png"},"tags":[],"seriesId":"6pbrb5qCSEmKJooY61Bb_Q"},{"id":"uKGEOWLbMEG-QUpbkPH2TA","type":"Vod","title":"NOS Journaal met gebarentaal","subtitle":"NOS Journaal met gebarentolk","description":"NOS - Met het laatste nieuws en de weersverwachting.","formattedEpisodeNumbering":null,"formattedDate":"Wo 19 feb. 2020","formattedDateShort":"Feb. 2020","formattedTime":"08:29","formattedDuration":"4m","formattedAvailabilityWindow":null,"formattedAvailabilityWindowShort":null,"image":{"portraitUrl":null,"landscapeUrl":"https:\/\/images.nlziet.nl\/metadataimportimages\/source\/E0D8F33C43DA09B505B326B5CB37169DEE9C70B48C2B63F5655B812268916983.jpg"},"logo":{"normalUrl":"https:\/\/cdn.nlziet.nl\/static\/assets\/contentproviders\/npo.png","darkUrl":"https:\/\/cdn.nlziet.nl\/static\/assets\/contentproviders\/dark\/npo.png","flatUrl":"https:\/\/cdn.nlziet.nl\/static\/assets\/contentproviders\/flat\/npo.png"},"tags":[],"seriesId":"6pbrb5qCSEmKJooY61Bb_Q"},{"id":"AEmJBfqxOUC6edr-3JFc1g","type":"Vod","title":"NOS Journaal met gebarentaal","subtitle":"NOS Journaal met gebarentolk","description":"NOS - Met het laatste nieuws en de weersverwachting.","formattedEpisodeNumbering":null,"formattedDate":"Di 18 feb. 2020","formattedDateShort":"Feb. 2020","formattedTime":"08:29","formattedDuration":"3m","formattedAvailabilityWindow":null,"formattedAvailabilityWindowShort":null,"image":{"portraitUrl":null,"landscapeUrl":"https:\/\/images.nlziet.nl\/metadataimportimages\/source\/B676EBC5F9DBDBF39D2C0953A923ABF8C0688AD1DA947268026678995239CE28.jpg"},"logo":{"normalUrl":"https:\/\/cdn.nlziet.nl\/static\/assets\/contentproviders\/npo.png","darkUrl":"https:\/\/cdn.nlziet.nl\/static\/assets\/contentproviders\/dark\/npo.png","flatUrl":"https:\/\/cdn.nlziet.nl\/static\/assets\/contentproviders\/flat\/npo.png"},"tags":[],"seriesId":"6pbrb5qCSEmKJooY61Bb_Q"},{"id":"GII4bVfJakOcBy6emy9SjQ","type":"Vod","title":"NOS Journaal met gebarentaal","subtitle":"NOS Journaal met gebarentolk","description":"NOS - Met het laatste nieuws en de weersverwachting.","formattedEpisodeNumbering":null,"formattedDate":"Ma 17 feb. 2020","formattedDateShort":"Feb. 2020","formattedTime":"08:30","formattedDuration":"4m","formattedAvailabilityWindow":null,"formattedAvailabilityWindowShort":null,"image":{"portraitUrl":null,"landscapeUrl":"https:\/\/images.nlziet.nl\/metadataimportimages\/source\/3E52B57A6B1C4DF66564A28888DDE58EFE54C702299B007DFDE2318D180F0323.jpg"},"logo":{"normalUrl":"https:\/\/cdn.nlziet.nl\/static\/assets\/contentproviders\/npo.png","darkUrl":"https:\/\/cdn.nlziet.nl\/static\/assets\/contentproviders\/dark\/npo.png","flatUrl":"https:\/\/cdn.nlziet.nl\/static\/assets\/contentproviders\/flat\/npo.png"},"tags":[],"seriesId":"6pbrb5qCSEmKJooY61Bb_Q"}]