[{"id":"mFyf7nUNC0-Ypb524Vm6eg","type":"Vod","title":"NOS Journaal met gebarentaal","subtitle":"NOS Journaal met gebarentolk","description":"NOS - Met het laatste nieuws en de weersverwachting.","formattedEpisodeNumbering":null,"formattedDate":"Vr 26 okt. 2018","formattedDateShort":"Okt. 2018","formattedTime":"08:29","formattedDuration":"4m","formattedAvailabilityWindow":null,"formattedAvailabilityWindowShort":null,"image":{"portraitUrl":null,"landscapeUrl":"https:\/\/images.nlziet.nl\/metadataimportimages\/source\/954BCF84D591705263BF2F5AC1CDEE442BB297C9CEB6521D005B2A747567390B.jpg"},"logo":{"normalUrl":"https:\/\/cdn.nlziet.nl\/static\/assets\/contentproviders\/npo.png","darkUrl":"https:\/\/cdn.nlziet.nl\/static\/assets\/contentproviders\/dark\/npo.png","flatUrl":"https:\/\/cdn.nlziet.nl\/static\/assets\/contentproviders\/flat\/npo.png"},"tags":[],"seriesId":"6pbrb5qCSEmKJooY61Bb_Q"},{"id":"f11itwuCG0ix-mzi87fLAg","type":"Vod","title":"NOS Journaal met gebarentaal","subtitle":"NOS Journaal met gebarentolk","description":"NOS - Met het laatste nieuws en de weersverwachting.","formattedEpisodeNumbering":null,"formattedDate":"Do 25 okt. 2018","formattedDateShort":"Okt. 2018","formattedTime":"08:29","formattedDuration":"3m","formattedAvailabilityWindow":null,"formattedAvailabilityWindowShort":null,"image":{"portraitUrl":null,"landscapeUrl":"https:\/\/images.nlziet.nl\/metadataimportimages\/source\/DF1B5FEDCA43FF68469B49FBBE4F8F81416D8CCFC7189330B4A50E644D74CFC9.jpg"},"logo":{"normalUrl":"https:\/\/cdn.nlziet.nl\/static\/assets\/contentproviders\/npo.png","darkUrl":"https:\/\/cdn.nlziet.nl\/static\/assets\/contentproviders\/dark\/npo.png","flatUrl":"https:\/\/cdn.nlziet.nl\/static\/assets\/contentproviders\/flat\/npo.png"},"tags":[],"seriesId":"6pbrb5qCSEmKJooY61Bb_Q"},{"id":"EgxCWyOAe0CK66yPd8VeSQ","type":"Vod","title":"NOS Journaal met gebarentaal","subtitle":"NOS Journaal met gebarentolk","description":"NOS - Met het laatste nieuws en de weersverwachting.","formattedEpisodeNumbering":null,"formattedDate":"Wo 24 okt. 2018","formattedDateShort":"Okt. 2018","formattedTime":"08:30","formattedDuration":"3m","formattedAvailabilityWindow":null,"formattedAvailabilityWindowShort":null,"image":{"portraitUrl":null,"landscapeUrl":"https:\/\/images.nlziet.nl\/metadataimportimages\/source\/99FCD4E318AEF838E315102AE6153CBA469D9842A545256D68509F74211D7DB7.jpg"},"logo":{"normalUrl":"https:\/\/cdn.nlziet.nl\/static\/assets\/contentproviders\/npo.png","darkUrl":"https:\/\/cdn.nlziet.nl\/static\/assets\/contentproviders\/dark\/npo.png","flatUrl":"https:\/\/cdn.nlziet.nl\/static\/assets\/contentproviders\/flat\/npo.png"},"tags":[],"seriesId":"6pbrb5qCSEmKJooY61Bb_Q"},{"id":"5cM-1itskEyfE8J4eqElbQ","type":"Vod","title":"NOS Journaal met gebarentaal","subtitle":"NOS Journaal met gebarentolk","description":"NOS - Met het laatste nieuws en de weersverwachting.","formattedEpisodeNumbering":null,"formattedDate":"Di 23 okt. 2018","formattedDateShort":"Okt. 2018","formattedTime":"08:29","formattedDuration":"4m","formattedAvailabilityWindow":null,"formattedAvailabilityWindowShort":null,"image":{"portraitUrl":null,"landscapeUrl":"https:\/\/images.nlziet.nl\/metadataimportimages\/source\/E7F8E8EEB600F2B3E0E877556022F1E50D1A145A4CAA7ED014442BF25A5915C4.jpg"},"logo":{"normalUrl":"https:\/\/cdn.nlziet.nl\/static\/assets\/contentproviders\/npo.png","darkUrl":"https:\/\/cdn.nlziet.nl\/static\/assets\/contentproviders\/dark\/npo.png","flatUrl":"https:\/\/cdn.nlziet.nl\/static\/assets\/contentproviders\/flat\/npo.png"},"tags":[],"seriesId":"6pbrb5qCSEmKJooY61Bb_Q"},{"id":"RAfdh4W1JU6ikAXl56Dq5w","type":"Vod","title":"NOS Journaal met gebarentaal","subtitle":"NOS Journaal met gebarentolk","description":"NOS - Met het laatste nieuws en de weersverwachting.","formattedEpisodeNumbering":null,"formattedDate":"Ma 22 okt. 2018","formattedDateShort":"Okt. 2018","formattedTime":"08:30","formattedDuration":"3m","formattedAvailabilityWindow":null,"formattedAvailabilityWindowShort":null,"image":{"portraitUrl":null,"landscapeUrl":"https:\/\/images.nlziet.nl\/metadataimportimages\/source\/C7C9BD9D5F1CF3E996EC50876713A8F2E1A580C0209C4B7A381BDC957A9D9994.jpg"},"logo":{"normalUrl":"https:\/\/cdn.nlziet.nl\/static\/assets\/contentproviders\/npo.png","darkUrl":"https:\/\/cdn.nlziet.nl\/static\/assets\/contentproviders\/dark\/npo.png","flatUrl":"https:\/\/cdn.nlziet.nl\/static\/assets\/contentproviders\/flat\/npo.png"},"tags":[],"seriesId":"6pbrb5qCSEmKJooY61Bb_Q"},{"id":"DpfAW5vkzEup4LbFXwsgKg","type":"Vod","title":"NOS Journaal met gebarentaal","subtitle":"NOS Journaal met gebarentolk","description":"NOS - Met het laatste nieuws en de weersverwachting.","formattedEpisodeNumbering":null,"formattedDate":"Vr 19 okt. 2018","formattedDateShort":"Okt. 2018","formattedTime":"08:30","formattedDuration":"4m","formattedAvailabilityWindow":null,"formattedAvailabilityWindowShort":null,"image":{"portraitUrl":null,"landscapeUrl":"https:\/\/images.nlziet.nl\/metadataimportimages\/source\/621D5EEA257A890A57D273A80E3BAE19662446F95B6C437C31D72A93C0FB2F38.jpg"},"logo":{"normalUrl":"https:\/\/cdn.nlziet.nl\/static\/assets\/contentproviders\/npo.png","darkUrl":"https:\/\/cdn.nlziet.nl\/static\/assets\/contentproviders\/dark\/npo.png","flatUrl":"https:\/\/cdn.nlziet.nl\/static\/assets\/contentproviders\/flat\/npo.png"},"tags":[],"seriesId":"6pbrb5qCSEmKJooY61Bb_Q"},{"id":"-BNc-2YnykC3XKf-gFpoIg","type":"Vod","title":"NOS Journaal met gebarentaal","subtitle":"NOS Journaal met gebarentolk","description":"NOS - Met het laatste nieuws en de weersverwachting.","formattedEpisodeNumbering":null,"formattedDate":"Do 18 okt. 2018","formattedDateShort":"Okt. 2018","formattedTime":"08:29","formattedDuration":"3m","formattedAvailabilityWindow":null,"formattedAvailabilityWindowShort":null,"image":{"portraitUrl":null,"landscapeUrl":"https:\/\/images.nlziet.nl\/metadataimportimages\/source\/7668C19F3C451DB1395E1F7E1BC943820C9CC3AC1D3FF33476F3BAB9C4128488.jpg"},"logo":{"normalUrl":"https:\/\/cdn.nlziet.nl\/static\/assets\/contentproviders\/npo.png","darkUrl":"https:\/\/cdn.nlziet.nl\/static\/assets\/contentproviders\/dark\/npo.png","flatUrl":"https:\/\/cdn.nlziet.nl\/static\/assets\/contentproviders\/flat\/npo.png"},"tags":[],"seriesId":"6pbrb5qCSEmKJooY61Bb_Q"},{"id":"bBbBcjcqWkS-OVhTo5DL3g","type":"Vod","title":"NOS Journaal met gebarentaal","subtitle":"NOS Journaal met gebarentolk","description":"NOS - Met het laatste nieuws en de weersverwachting.","formattedEpisodeNumbering":null,"formattedDate":"Wo 17 okt. 2018","formattedDateShort":"Okt. 2018","formattedTime":"09:30","formattedDuration":"3m","formattedAvailabilityWindow":null,"formattedAvailabilityWindowShort":null,"image":{"portraitUrl":null,"landscapeUrl":"https:\/\/images.nlziet.nl\/metadataimportimages\/source\/760495BBFE0A1D86F613F228F1AB7D6C7F4FF8ED5FF6F29E1D8F10C33FBA15DF.jpg"},"logo":{"normalUrl":"https:\/\/cdn.nlziet.nl\/static\/assets\/contentproviders\/npo.png","darkUrl":"https:\/\/cdn.nlziet.nl\/static\/assets\/contentproviders\/dark\/npo.png","flatUrl":"https:\/\/cdn.nlziet.nl\/static\/assets\/contentproviders\/flat\/npo.png"},"tags":[],"seriesId":"6pbrb5qCSEmKJooY61Bb_Q"},{"id":"8vN3Huaj2Eipb2GUphgvfg","type":"Vod","title":"NOS Journaal met gebarentaal","subtitle":"NOS Journaal met gebarentolk","description":"NOS - Met het laatste nieuws en de weersverwachting.","formattedEpisodeNumbering":null,"formattedDate":"Di 16 okt. 2018","formattedDateShort":"Okt. 2018","formattedTime":"08:29","formattedDuration":"4m","formattedAvailabilityWindow":null,"formattedAvailabilityWindowShort":null,"image":{"portraitUrl":null,"landscapeUrl":"https:\/\/images.nlziet.nl\/metadataimportimages\/source\/F5B3AF99BE22C33658A87242A4C078B6393E220DEAF193F52CDAA0A5625FDA31.jpg"},"logo":{"normalUrl":"https:\/\/cdn.nlziet.nl\/static\/assets\/contentproviders\/npo.png","darkUrl":"https:\/\/cdn.nlziet.nl\/static\/assets\/contentproviders\/dark\/npo.png","flatUrl":"https:\/\/cdn.nlziet.nl\/static\/assets\/contentproviders\/flat\/npo.png"},"tags":[],"seriesId":"6pbrb5qCSEmKJooY61Bb_Q"},{"id":"yw9UW72D90G36cmo6nPbMQ","type":"Vod","title":"NOS Journaal met gebarentaal","subtitle":"NOS Journaal met gebarentolk","description":"NOS - Met het laatste nieuws en de weersverwachting.","formattedEpisodeNumbering":null,"formattedDate":"Ma 15 okt. 2018","formattedDateShort":"Okt. 2018","formattedTime":"08:30","formattedDuration":"3m","formattedAvailabilityWindow":null,"formattedAvailabilityWindowShort":null,"image":{"portraitUrl":null,"landscapeUrl":"https:\/\/images.nlziet.nl\/metadataimportimages\/source\/65E59697E22B006A98372B2DCD1952067C293ED7D8B052B420D07D86D4E9F424.jpg"},"logo":{"normalUrl":"https:\/\/cdn.nlziet.nl\/static\/assets\/contentproviders\/npo.png","darkUrl":"https:\/\/cdn.nlziet.nl\/static\/assets\/contentproviders\/dark\/npo.png","flatUrl":"https:\/\/cdn.nlziet.nl\/static\/assets\/contentproviders\/flat\/npo.png"},"tags":[],"seriesId":"6pbrb5qCSEmKJooY61Bb_Q"},{"id":"b0vhSeiDMkOBJUqv4PwngQ","type":"Vod","title":"NOS Journaal met gebarentaal","subtitle":"NOS Journaal met gebarentolk","description":"NOS - Met het laatste nieuws en de weersverwachting.","formattedEpisodeNumbering":null,"formattedDate":"Vr 30 mrt. 2018","formattedDateShort":"Mrt. 2018","formattedTime":"08:29","formattedDuration":"3m","formattedAvailabilityWindow":null,"formattedAvailabilityWindowShort":null,"image":{"portraitUrl":null,"landscapeUrl":"https:\/\/images.nlziet.nl\/metadataimportimages\/source\/65BB7E8B63E2824AF324B45EB38D4DE9FF87341E094867585400B27B59D8249C.jpg"},"logo":{"normalUrl":"https:\/\/cdn.nlziet.nl\/static\/assets\/contentproviders\/npo.png","darkUrl":"https:\/\/cdn.nlziet.nl\/static\/assets\/contentproviders\/dark\/npo.png","flatUrl":"https:\/\/cdn.nlziet.nl\/static\/assets\/contentproviders\/flat\/npo.png"},"tags":[],"seriesId":"6pbrb5qCSEmKJooY61Bb_Q"},{"id":"t3iLjhKBA0eMPMHBkMUddg","type":"Vod","title":"NOS Journaal met gebarentaal","subtitle":"NOS Journaal met gebarentolk","description":"NOS - Met het laatste nieuws en de weersverwachting.","formattedEpisodeNumbering":null,"formattedDate":"Vr 2 mrt. 2018","formattedDateShort":"Mrt. 2018","formattedTime":"08:30","formattedDuration":"3m","formattedAvailabilityWindow":null,"formattedAvailabilityWindowShort":null,"image":{"portraitUrl":null,"landscapeUrl":"https:\/\/images.nlziet.nl\/metadataimportimages\/source\/301A6422685DF6C2EADB95EB95EA21F5200CE24B732237D79FF4AA5012431054.jpg"},"logo":{"normalUrl":"https:\/\/cdn.nlziet.nl\/static\/assets\/contentproviders\/npo.png","darkUrl":"https:\/\/cdn.nlziet.nl\/static\/assets\/contentproviders\/dark\/npo.png","flatUrl":"https:\/\/cdn.nlziet.nl\/static\/assets\/contentproviders\/flat\/npo.png"},"tags":[],"seriesId":"6pbrb5qCSEmKJooY61Bb_Q"},{"id":"f-BXOnm4KUqtQwVGsuUrGw","type":"Vod","title":"NOS Journaal met gebarentaal","subtitle":"NOS Journaal met gebarentolk","description":"NOS - Met het laatste nieuws en de weersverwachting.","formattedEpisodeNumbering":null,"formattedDate":"Do 1 mrt. 2018","formattedDateShort":"Mrt. 2018","formattedTime":"08:29","formattedDuration":"3m","formattedAvailabilityWindow":null,"formattedAvailabilityWindowShort":null,"image":{"portraitUrl":null,"landscapeUrl":"https:\/\/images.nlziet.nl\/metadataimportimages\/source\/6C769798DB372847797DD182F600ECE2EFC7843F9A97E0601016E4C70CA64C4E.jpg"},"logo":{"normalUrl":"https:\/\/cdn.nlziet.nl\/static\/assets\/contentproviders\/npo.png","darkUrl":"https:\/\/cdn.nlziet.nl\/static\/assets\/contentproviders\/dark\/npo.png","flatUrl":"https:\/\/cdn.nlziet.nl\/static\/assets\/contentproviders\/flat\/npo.png"},"tags":[],"seriesId":"6pbrb5qCSEmKJooY61Bb_Q"},{"id":"-ZFQP1Qhgkao0VhCMv-mKA","type":"Vod","title":"NOS Journaal met gebarentaal","subtitle":"NOS Journaal met gebarentolk","description":"NOS - Met het laatste nieuws en de weersverwachting.","formattedEpisodeNumbering":null,"formattedDate":"Wo 28 feb. 2018","formattedDateShort":"Feb. 2018","formattedTime":"08:29","formattedDuration":"3m","formattedAvailabilityWindow":null,"formattedAvailabilityWindowShort":null,"image":{"portraitUrl":null,"landscapeUrl":"https:\/\/images.nlziet.nl\/metadataimportimages\/source\/94153EC2A4528867E2888CC6CA177C1F30CE86A13E4511946AEF915C3A4EE648.jpg"},"logo":{"normalUrl":"https:\/\/cdn.nlziet.nl\/static\/assets\/contentproviders\/npo.png","darkUrl":"https:\/\/cdn.nlziet.nl\/static\/assets\/contentproviders\/dark\/npo.png","flatUrl":"https:\/\/cdn.nlziet.nl\/static\/assets\/contentproviders\/flat\/npo.png"},"tags":[],"seriesId":"6pbrb5qCSEmKJooY61Bb_Q"},{"id":"xNZRPdQEK0e6qYsRYSqqMA","type":"Vod","title":"NOS Journaal met gebarentaal","subtitle":"NOS Journaal met gebarentolk","description":"NOS - Met het laatste nieuws en de weersverwachting.","formattedEpisodeNumbering":null,"formattedDate":"Di 27 feb. 2018","formattedDateShort":"Feb. 2018","formattedTime":"08:29","formattedDuration":"4m","formattedAvailabilityWindow":null,"formattedAvailabilityWindowShort":null,"image":{"portraitUrl":null,"landscapeUrl":"https:\/\/images.nlziet.nl\/metadataimportimages\/source\/2BF6CABB424DE920C8CA85554F1262FA2EDA3EE6D9EAC236C2D0278787F9FE3D.jpg"},"logo":{"normalUrl":"https:\/\/cdn.nlziet.nl\/static\/assets\/contentproviders\/npo.png","darkUrl":"https:\/\/cdn.nlziet.nl\/static\/assets\/contentproviders\/dark\/npo.png","flatUrl":"https:\/\/cdn.nlziet.nl\/static\/assets\/contentproviders\/flat\/npo.png"},"tags":[],"seriesId":"6pbrb5qCSEmKJooY61Bb_Q"},{"id":"lLlmpuPg70GQnlsd6SLCOw","type":"Vod","title":"NOS Journaal met gebarentaal","subtitle":"NOS Journaal met gebarentolk","description":"NOS - Met het laatste nieuws en de weersverwachting.","formattedEpisodeNumbering":null,"formattedDate":"Ma 26 feb. 2018","formattedDateShort":"Feb. 2018","formattedTime":"08:29","formattedDuration":"4m","formattedAvailabilityWindow":null,"formattedAvailabilityWindowShort":null,"image":{"portraitUrl":null,"landscapeUrl":"https:\/\/images.nlziet.nl\/metadataimportimages\/source\/3942D908A45CDA662D16910058B17D9CFEADFDB1743D64442B80957C0AD6E97A.jpg"},"logo":{"normalUrl":"https:\/\/cdn.nlziet.nl\/static\/assets\/contentproviders\/npo.png","darkUrl":"https:\/\/cdn.nlziet.nl\/static\/assets\/contentproviders\/dark\/npo.png","flatUrl":"https:\/\/cdn.nlziet.nl\/static\/assets\/contentproviders\/flat\/npo.png"},"tags":[],"seriesId":"6pbrb5qCSEmKJooY61Bb_Q"},{"id":"ZcnGuBZHwk-3TmjZ0aRcnQ","type":"Vod","title":"NOS Journaal met gebarentaal","subtitle":"NOS Journaal met gebarentolk","description":"NOS - Met het laatste nieuws en de weersverwachting.","formattedEpisodeNumbering":null,"formattedDate":"Vr 23 feb. 2018","formattedDateShort":"Feb. 2018","formattedTime":"08:30","formattedDuration":"8m","formattedAvailabilityWindow":null,"formattedAvailabilityWindowShort":null,"image":{"portraitUrl":null,"landscapeUrl":"https:\/\/images.nlziet.nl\/metadataimportimages\/source\/2410C8EA3471A4441EAEA030453995CCB62756C7E3ACD5C2A81076B4D1BF3384.jpg"},"logo":{"normalUrl":"https:\/\/cdn.nlziet.nl\/static\/assets\/contentproviders\/npo.png","darkUrl":"https:\/\/cdn.nlziet.nl\/static\/assets\/contentproviders\/dark\/npo.png","flatUrl":"https:\/\/cdn.nlziet.nl\/static\/assets\/contentproviders\/flat\/npo.png"},"tags":[],"seriesId":"6pbrb5qCSEmKJooY61Bb_Q"},{"id":"bM-WSx7lVU6qSOCCAlo4Yg","type":"Vod","title":"NOS Journaal met gebarentaal","subtitle":"NOS Journaal met gebarentolk","description":"NOS - Met het laatste nieuws en de weersverwachting.","formattedEpisodeNumbering":null,"formattedDate":"Do 22 feb. 2018","formattedDateShort":"Feb. 2018","formattedTime":"08:30","formattedDuration":"10m","formattedAvailabilityWindow":null,"formattedAvailabilityWindowShort":null,"image":{"portraitUrl":null,"landscapeUrl":"https:\/\/images.nlziet.nl\/metadataimportimages\/source\/819437B4DB4860537920F66F9FA289441DC18D1E8E4AAB3B1CFB89339415C316.jpg"},"logo":{"normalUrl":"https:\/\/cdn.nlziet.nl\/static\/assets\/contentproviders\/npo.png","darkUrl":"https:\/\/cdn.nlziet.nl\/static\/assets\/contentproviders\/dark\/npo.png","flatUrl":"https:\/\/cdn.nlziet.nl\/static\/assets\/contentproviders\/flat\/npo.png"},"tags":[],"seriesId":"6pbrb5qCSEmKJooY61Bb_Q"},{"id":"O6wlt_gPTEWSxMBy_vAeLA","type":"Vod","title":"NOS Journaal met gebarentaal","subtitle":"NOS Journaal met gebarentolk","description":"NOS - Met het laatste nieuws en de weersverwachting.","formattedEpisodeNumbering":null,"formattedDate":"Wo 21 feb. 2018","formattedDateShort":"Feb. 2018","formattedTime":"08:30","formattedDuration":"10m","formattedAvailabilityWindow":null,"formattedAvailabilityWindowShort":null,"image":{"portraitUrl":null,"landscapeUrl":"https:\/\/images.nlziet.nl\/metadataimportimages\/source\/1DE493738D1D92E5B2D198A92563A55E525FEF74ADB03AA7342933F27E647B2C.jpg"},"logo":{"normalUrl":"https:\/\/cdn.nlziet.nl\/static\/assets\/contentproviders\/npo.png","darkUrl":"https:\/\/cdn.nlziet.nl\/static\/assets\/contentproviders\/dark\/npo.png","flatUrl":"https:\/\/cdn.nlziet.nl\/static\/assets\/contentproviders\/flat\/npo.png"},"tags":[],"seriesId":"6pbrb5qCSEmKJooY61Bb_Q"},{"id":"vP1ZmBETJk-6GSLDcV7T9A","type":"Vod","title":"NOS Journaal met gebarentaal","subtitle":"NOS Journaal met gebarentolk","description":"NOS - Met het laatste nieuws en de weersverwachting.","formattedEpisodeNumbering":null,"formattedDate":"Di 20 feb. 2018","formattedDateShort":"Feb. 2018","formattedTime":"08:30","formattedDuration":"9m","formattedAvailabilityWindow":null,"formattedAvailabilityWindowShort":null,"image":{"portraitUrl":null,"landscapeUrl":"https:\/\/images.nlziet.nl\/metadataimportimages\/source\/4BACA1C9A450BA4CA878E208C18B7F5EFB8168B7D9FE5BCE4A1C2239B1C9AF68.jpg"},"logo":{"normalUrl":"https:\/\/cdn.nlziet.nl\/static\/assets\/contentproviders\/npo.png","darkUrl":"https:\/\/cdn.nlziet.nl\/static\/assets\/contentproviders\/dark\/npo.png","flatUrl":"https:\/\/cdn.nlziet.nl\/static\/assets\/contentproviders\/flat\/npo.png"},"tags":[],"seriesId":"6pbrb5qCSEmKJooY61Bb_Q"},{"id":"dBqvK17vY02Ey8jToi99eg","type":"Vod","title":"NOS Journaal met gebarentaal","subtitle":"NOS Journaal met gebarentolk","description":"NOS - Met het laatste nieuws en de weersverwachting.","formattedEpisodeNumbering":null,"formattedDate":"Ma 19 feb. 2018","formattedDateShort":"Feb. 2018","formattedTime":"08:30","formattedDuration":"9m","formattedAvailabilityWindow":null,"formattedAvailabilityWindowShort":null,"image":{"portraitUrl":null,"landscapeUrl":"https:\/\/images.nlziet.nl\/metadataimportimages\/source\/0926C64137DE0CDFE0B261DA0D6908344B9A7B0EDAD6ED4F7461C7155A03FED1.jpg"},"logo":{"normalUrl":"https:\/\/cdn.nlziet.nl\/static\/assets\/contentproviders\/npo.png","darkUrl":"https:\/\/cdn.nlziet.nl\/static\/assets\/contentproviders\/dark\/npo.png","flatUrl":"https:\/\/cdn.nlziet.nl\/static\/assets\/contentproviders\/flat\/npo.png"},"tags":[],"seriesId":"6pbrb5qCSEmKJooY61Bb_Q"},{"id":"4FwsPYaErEikLwpTffTlXA","type":"Vod","title":"NOS Journaal met gebarentaal","subtitle":"NOS Journaal met gebarentolk","description":"NOS - Met het laatste nieuws en de weersverwachting.","formattedEpisodeNumbering":null,"formattedDate":"Vr 16 feb. 2018","formattedDateShort":"Feb. 2018","formattedTime":"08:30","formattedDuration":"10m","formattedAvailabilityWindow":null,"formattedAvailabilityWindowShort":null,"image":{"portraitUrl":null,"landscapeUrl":"https:\/\/images.nlziet.nl\/metadataimportimages\/source\/FC5EBC91417F37DDE10222BA94A219E1B8D2694850A22650C849D55815B6F5EC.jpg"},"logo":{"normalUrl":"https:\/\/cdn.nlziet.nl\/static\/assets\/contentproviders\/npo.png","darkUrl":"https:\/\/cdn.nlziet.nl\/static\/assets\/contentproviders\/dark\/npo.png","flatUrl":"https:\/\/cdn.nlziet.nl\/static\/assets\/contentproviders\/flat\/npo.png"},"tags":[],"seriesId":"6pbrb5qCSEmKJooY61Bb_Q"},{"id":"fKVbYTvAD0yKVb4EgoEDNw","type":"Vod","title":"NOS Journaal met gebarentaal","subtitle":"NOS Journaal met gebarentolk","description":"NOS - Met het laatste nieuws en de weersverwachting.","formattedEpisodeNumbering":null,"formattedDate":"Do 15 feb. 2018","formattedDateShort":"Feb. 2018","formattedTime":"08:30","formattedDuration":"10m","formattedAvailabilityWindow":null,"formattedAvailabilityWindowShort":null,"image":{"portraitUrl":null,"landscapeUrl":"https:\/\/images.nlziet.nl\/metadataimportimages\/source\/D64FCF6F6F326CD4E8FEF639AFBC917BF7F10B255C86EBA7BDB3E06FBCBB3AFB.jpg"},"logo":{"normalUrl":"https:\/\/cdn.nlziet.nl\/static\/assets\/contentproviders\/npo.png","darkUrl":"https:\/\/cdn.nlziet.nl\/static\/assets\/contentproviders\/dark\/npo.png","flatUrl":"https:\/\/cdn.nlziet.nl\/static\/assets\/contentproviders\/flat\/npo.png"},"tags":[],"seriesId":"6pbrb5qCSEmKJooY61Bb_Q"},{"id":"dp_LP4NZjEKXaARio8Hw2g","type":"Vod","title":"NOS Journaal met gebarentaal","subtitle":"NOS Journaal met gebarentolk","description":"NOS - Met het laatste nieuws en de weersverwachting.","formattedEpisodeNumbering":null,"formattedDate":"Wo 14 feb. 2018","formattedDateShort":"Feb. 2018","formattedTime":"08:30","formattedDuration":"9m","formattedAvailabilityWindow":null,"formattedAvailabilityWindowShort":null,"image":{"portraitUrl":null,"landscapeUrl":"https:\/\/images.nlziet.nl\/metadataimportimages\/source\/A957B8B88698B6F2E571DB5953622C31AFFAC0DEDA29DAE4EB35EFFE9BD6D6A2.jpg"},"logo":{"normalUrl":"https:\/\/cdn.nlziet.nl\/static\/assets\/contentproviders\/npo.png","darkUrl":"https:\/\/cdn.nlziet.nl\/static\/assets\/contentproviders\/dark\/npo.png","flatUrl":"https:\/\/cdn.nlziet.nl\/static\/assets\/contentproviders\/flat\/npo.png"},"tags":[],"seriesId":"6pbrb5qCSEmKJooY61Bb_Q"},{"id":"PhMaPA6Zy0-1XItHzIGr1Q","type":"Vod","title":"NOS Journaal met gebarentaal","subtitle":"NOS Journaal met gebarentolk","description":"NOS - Met het laatste nieuws en de weersverwachting.","formattedEpisodeNumbering":null,"formattedDate":"Di 13 feb. 2018","formattedDateShort":"Feb. 2018","formattedTime":"08:30","formattedDuration":"8m","formattedAvailabilityWindow":null,"formattedAvailabilityWindowShort":null,"image":{"portraitUrl":null,"landscapeUrl":"https:\/\/images.nlziet.nl\/metadataimportimages\/source\/CB6E1318A83AB2C524B4A127E08ED2253B40CE2B0628C618BC22EC4C519591B1.jpg"},"logo":{"normalUrl":"https:\/\/cdn.nlziet.nl\/static\/assets\/contentproviders\/npo.png","darkUrl":"https:\/\/cdn.nlziet.nl\/static\/assets\/contentproviders\/dark\/npo.png","flatUrl":"https:\/\/cdn.nlziet.nl\/static\/assets\/contentproviders\/flat\/npo.png"},"tags":[],"seriesId":"6pbrb5qCSEmKJooY61Bb_Q"},{"id":"1IRi0dHSPUC5Cy3x9YU7Pw","type":"Vod","title":"NOS Journaal met gebarentaal","subtitle":"NOS Journaal met gebarentolk","description":"NOS - Met het laatste nieuws en de weersverwachting.","formattedEpisodeNumbering":null,"formattedDate":"Ma 12 feb. 2018","formattedDateShort":"Feb. 2018","formattedTime":"08:15","formattedDuration":"9m","formattedAvailabilityWindow":null,"formattedAvailabilityWindowShort":null,"image":{"portraitUrl":null,"landscapeUrl":"https:\/\/images.nlziet.nl\/metadataimportimages\/source\/A952AFD765EFFBB4E013008497321F6C4865D31B7EC466DF697CB78E80BB1F6A.jpg"},"logo":{"normalUrl":"https:\/\/cdn.nlziet.nl\/static\/assets\/contentproviders\/npo.png","darkUrl":"https:\/\/cdn.nlziet.nl\/static\/assets\/contentproviders\/dark\/npo.png","flatUrl":"https:\/\/cdn.nlziet.nl\/static\/assets\/contentproviders\/flat\/npo.png"},"tags":[],"seriesId":"6pbrb5qCSEmKJooY61Bb_Q"}]