[{"id":"eLy0SQM_-EGsYQUa7v56kA","type":"Vod","title":"Natuur op 2: Waterhole: Africa's Animal Oasis","subtitle":"Natuur op 2: Waterhole: Africa's Animal Oasis","description":"EO - Als het regenseizoen start, verandert het leven drastisch voor de wilde dieren. Voor het eerst in een half jaar begint er gras te groeien en is er water in overvloed. De explosie van leven die erop volgt lokt andere diersoorten naar de savanne, waaronder de gnoe op zijn trektocht.","formattedEpisodeNumbering":null,"formattedDate":"Zo 29 aug. 2021","formattedDateShort":"Aug. 2021","formattedTime":"19:30","formattedDuration":"49m","formattedAvailabilityWindow":"Nog 2 dagen beschikbaar","formattedAvailabilityWindowShort":"Nog 2 d. beschikbaar","image":{"portraitUrl":null,"landscapeUrl":"https:\/\/images.nlziet.nl\/metadataimportimages\/source\/DA28AF49C759F37B8D8ED48B97B7A705B5B856881E30BF71625447BB1B633244.jpg"},"logo":{"normalUrl":"https:\/\/cdn.nlziet.nl\/static\/assets\/contentproviders\/npo.png","darkUrl":"https:\/\/cdn.nlziet.nl\/static\/assets\/contentproviders\/dark\/npo.png","flatUrl":"https:\/\/cdn.nlziet.nl\/static\/assets\/contentproviders\/flat\/npo.png"},"tags":[],"seriesId":"7EBxzEVcR0GXan-TWestCw"},{"id":"mQ4rDqUE70yh9HiqZ4TrQw","type":"Vod","title":"Natuur op 2: Waterhole: Africa's Animal Oasis","subtitle":"Natuur op 2: Waterhole: Africa's Animal Oasis","description":"EO - Rond de warmste tijd van het jaar wordt het bij zonsondergang steeds drukker bij de poel. In de schaduw houdt zich een nieuw roofdier schuil. Het is de hyena, die een ingrijpende invloed heeft op het leven in deze nieuwe oase. En de waterpoel is niet alleen om uit te drinken, maar fungeert ook als modderbad voor de olifanten.","formattedEpisodeNumbering":null,"formattedDate":"Zo 22 aug. 2021","formattedDateShort":"Aug. 2021","formattedTime":"19:25","formattedDuration":"48m","formattedAvailabilityWindow":"Vandaag nog beschikbaar","formattedAvailabilityWindowShort":"Nog 1 d. beschikbaar","image":{"portraitUrl":null,"landscapeUrl":"https:\/\/images.nlziet.nl\/metadataimportimages\/source\/3AB4262075E444E77A6A9AE5C4E5B01F1E1F8E9C06BAE259A8D1AFD322BE3D0C.jpg"},"logo":{"normalUrl":"https:\/\/cdn.nlziet.nl\/static\/assets\/contentproviders\/npo.png","darkUrl":"https:\/\/cdn.nlziet.nl\/static\/assets\/contentproviders\/dark\/npo.png","flatUrl":"https:\/\/cdn.nlziet.nl\/static\/assets\/contentproviders\/flat\/npo.png"},"tags":[],"seriesId":"7EBxzEVcR0GXan-TWestCw"}]