[{"id":"DzWfUX7U5kewmJaEgKtPpA","type":"Vod","title":"Het betoverde dorp van Pinokkio","subtitle":"Kinderdag","description":"AVROTROS - Het dorp viert Kinderdag, de dag dat kinderen de baas zijn. Victor weet door een valse streek van zijn moeder de troon voor een dag te bemachtigen. Pinokkio komt in actie om de situatie op te lossen.","formattedEpisodeNumbering":null,"formattedDate":"Gisteren","formattedDateShort":"Gisteren","formattedTime":"14:18","formattedDuration":"11m","formattedAvailabilityWindow":null,"formattedAvailabilityWindowShort":null,"image":{"portraitUrl":null,"landscapeUrl":"https:\/\/images.nlziet.nl\/metadataimportimages\/source\/1208DF89F930E2D69CC399CDF55A5C03B5762CF54B525D3FE201E4623C566D80.jpg"},"logo":{"normalUrl":"https:\/\/cdn.nlziet.nl\/static\/assets\/contentproviders\/npo.png","darkUrl":"https:\/\/cdn.nlziet.nl\/static\/assets\/contentproviders\/dark\/npo.png","flatUrl":"https:\/\/cdn.nlziet.nl\/static\/assets\/contentproviders\/flat\/npo.png"},"tags":[],"seriesId":"6FghO86GDUuid3vZxn6OtA"},{"id":"DnEkCAHSNEGs6axyIgJeMw","type":"Vod","title":"Het betoverde dorp van Pinokkio","subtitle":"De ring","description":"AVROTROS - Een gestolen toverring komt per ongeluk bij Koenraad terecht. Die vindt het zo fijn om eindelijk eens succesvol te zijn dat hij de ring voor zichzelf houdt en daarmee het dorp in gevaar brengt.","formattedEpisodeNumbering":null,"formattedDate":"Eergisteren","formattedDateShort":"Eergisteren","formattedTime":"14:15","formattedDuration":"11m","formattedAvailabilityWindow":null,"formattedAvailabilityWindowShort":null,"image":{"portraitUrl":null,"landscapeUrl":"https:\/\/images.nlziet.nl\/metadataimportimages\/source\/0AA85EAC13B1D1DB6CCEE02E7D975A23D9B1D8CD6E4E52D1BC3730A6AB2B4E9D.jpg"},"logo":{"normalUrl":"https:\/\/cdn.nlziet.nl\/static\/assets\/contentproviders\/npo.png","darkUrl":"https:\/\/cdn.nlziet.nl\/static\/assets\/contentproviders\/dark\/npo.png","flatUrl":"https:\/\/cdn.nlziet.nl\/static\/assets\/contentproviders\/flat\/npo.png"},"tags":[],"seriesId":"6FghO86GDUuid3vZxn6OtA"},{"id":"hLGKaXV81USbPosEa1pUCg","type":"Vod","title":"Het betoverde dorp van Pinokkio","subtitle":"De verhuizing!","description":"AVROTROS - Pinokkio woont in een betoverd dorp, dat bewoond wordt door sprookjesfiguren en hun kinderen. Hij beleeft hier spannende avonturen, samen met zijn vrienden. Hij is nogal goedgelovig en komt vaak in de problemen. Maar de avonturen die hij beleeft helpen hem volwassen te worden.","formattedEpisodeNumbering":null,"formattedDate":"Wo 18 mei.","formattedDateShort":"Wo 18 mei.","formattedTime":"14:11","formattedDuration":"11m","formattedAvailabilityWindow":null,"formattedAvailabilityWindowShort":null,"image":{"portraitUrl":null,"landscapeUrl":"https:\/\/images.nlziet.nl\/metadataimportimages\/source\/2AB7CDD45E5FE626FE9AEF4AD07FCF38E27CBB5305EB9D68F5D33CE6FD463747.jpg"},"logo":{"normalUrl":"https:\/\/cdn.nlziet.nl\/static\/assets\/contentproviders\/npo.png","darkUrl":"https:\/\/cdn.nlziet.nl\/static\/assets\/contentproviders\/dark\/npo.png","flatUrl":"https:\/\/cdn.nlziet.nl\/static\/assets\/contentproviders\/flat\/npo.png"},"tags":[],"seriesId":"6FghO86GDUuid3vZxn6OtA"},{"id":"jBws92uT1UCkgfiBt6zGvQ","type":"Vod","title":"Het betoverde dorp van Pinokkio","subtitle":"De liefdesbast","description":"AVROTROS - Kasimir is in de ban van Somnella en besluit haar een stuk liefdesbast te sturen. Helaas loopt zijn romantische actie helemaal in de soep.","formattedEpisodeNumbering":null,"formattedDate":"Di 17 mei.","formattedDateShort":"Di 17 mei.","formattedTime":"14:15","formattedDuration":"11m","formattedAvailabilityWindow":null,"formattedAvailabilityWindowShort":null,"image":{"portraitUrl":null,"landscapeUrl":"https:\/\/images.nlziet.nl\/metadataimportimages\/source\/C1EC5874E9BCD506F00473CB1704AA604B115C49854FFA900C41565ADF90BAC7.jpg"},"logo":{"normalUrl":"https:\/\/cdn.nlziet.nl\/static\/assets\/contentproviders\/npo.png","darkUrl":"https:\/\/cdn.nlziet.nl\/static\/assets\/contentproviders\/dark\/npo.png","flatUrl":"https:\/\/cdn.nlziet.nl\/static\/assets\/contentproviders\/flat\/npo.png"},"tags":[],"seriesId":"6FghO86GDUuid3vZxn6OtA"},{"id":"UsZ55f_rBEu1GRwE4MTs6w","type":"Vod","title":"Het betoverde dorp van Pinokkio","subtitle":"Geestige problemen","description":"AVROTROS - Pinokkio vindt een bijzondere lamp en mag drie wensen doen.","formattedEpisodeNumbering":null,"formattedDate":"Vr 4 feb.","formattedDateShort":"Vr 4 feb.","formattedTime":"14:35","formattedDuration":"11m","formattedAvailabilityWindow":null,"formattedAvailabilityWindowShort":null,"image":{"portraitUrl":null,"landscapeUrl":"https:\/\/images.nlziet.nl\/metadataimportimages\/source\/BE05E6037ECC03F8552AF12D8249A10025A257EE29C69CEF513B6397369BFD69.jpg"},"logo":{"normalUrl":"https:\/\/cdn.nlziet.nl\/static\/assets\/contentproviders\/npo.png","darkUrl":"https:\/\/cdn.nlziet.nl\/static\/assets\/contentproviders\/dark\/npo.png","flatUrl":"https:\/\/cdn.nlziet.nl\/static\/assets\/contentproviders\/flat\/npo.png"},"tags":[],"seriesId":"6FghO86GDUuid3vZxn6OtA"},{"id":"8aL36qRhi0SrEa5x8GScGQ","type":"Vod","title":"Het betoverde dorp van Pinokkio","subtitle":"De spookridder","description":"AVROTROS - Lucile heeft een spook gekocht om het kasteel meer aanzien te geven. Helaas doet het spook zijn naam niet echt eer aan. Lukt het hem om eng te zijn zodat hij mag blijven?","formattedEpisodeNumbering":null,"formattedDate":"Do 3 feb.","formattedDateShort":"Do 3 feb.","formattedTime":"14:29","formattedDuration":"11m","formattedAvailabilityWindow":null,"formattedAvailabilityWindowShort":null,"image":{"portraitUrl":null,"landscapeUrl":"https:\/\/images.nlziet.nl\/metadataimportimages\/source\/B6CF8B299F476C8CD4F8083ECB05F92E5E916C5CFD3EA599210D37D7631D47CF.jpg"},"logo":{"normalUrl":"https:\/\/cdn.nlziet.nl\/static\/assets\/contentproviders\/npo.png","darkUrl":"https:\/\/cdn.nlziet.nl\/static\/assets\/contentproviders\/dark\/npo.png","flatUrl":"https:\/\/cdn.nlziet.nl\/static\/assets\/contentproviders\/flat\/npo.png"},"tags":[],"seriesId":"6FghO86GDUuid3vZxn6OtA"},{"id":"qZxO1GWDwEe6Ld9ZNYSwHw","type":"Vod","title":"Het betoverde dorp van Pinokkio","subtitle":"Je hebt er een neusje voor","description":"AVROTROS - Als de neus van Pinokkio wordt betoverd kan hij ineens liegen. Daar maakt hij behoorlijk misbruik van, waardoor iedereen in de problemen komt.","formattedEpisodeNumbering":null,"formattedDate":"Wo 2 feb.","formattedDateShort":"Wo 2 feb.","formattedTime":"14:35","formattedDuration":"11m","formattedAvailabilityWindow":null,"formattedAvailabilityWindowShort":null,"image":{"portraitUrl":null,"landscapeUrl":"https:\/\/images.nlziet.nl\/metadataimportimages\/source\/399EE8F8EB2E0F66147D54864E7DFD086C5A8F561032BC37381C84146D88D191.jpg"},"logo":{"normalUrl":"https:\/\/cdn.nlziet.nl\/static\/assets\/contentproviders\/npo.png","darkUrl":"https:\/\/cdn.nlziet.nl\/static\/assets\/contentproviders\/dark\/npo.png","flatUrl":"https:\/\/cdn.nlziet.nl\/static\/assets\/contentproviders\/flat\/npo.png"},"tags":[],"seriesId":"6FghO86GDUuid3vZxn6OtA"},{"id":"w_rkZJUTP0iJudsqWZWX8Q","type":"Vod","title":"Het betoverde dorp van Pinokkio","subtitle":"Een wilde avond","description":"AVROTROS - Wanneer alle volwassenen in het dorpshuis zijn vanwege een vergadering, willen de kinderen een feestje geven zonder Victor. Dus Victor zet alles op alles om ze terug te pakken.","formattedEpisodeNumbering":null,"formattedDate":"Di 1 feb.","formattedDateShort":"Di 1 feb.","formattedTime":"14:25","formattedDuration":"11m","formattedAvailabilityWindow":null,"formattedAvailabilityWindowShort":null,"image":{"portraitUrl":null,"landscapeUrl":"https:\/\/images.nlziet.nl\/metadataimportimages\/source\/AF976C0EF43BB0382E024E2B11161C09FF4BAB0A1042C05C019E81FA4DBC4DF3.jpg"},"logo":{"normalUrl":"https:\/\/cdn.nlziet.nl\/static\/assets\/contentproviders\/npo.png","darkUrl":"https:\/\/cdn.nlziet.nl\/static\/assets\/contentproviders\/dark\/npo.png","flatUrl":"https:\/\/cdn.nlziet.nl\/static\/assets\/contentproviders\/flat\/npo.png"},"tags":[],"seriesId":"6FghO86GDUuid3vZxn6OtA"},{"id":"GfJXxndCCE6_RLnLRXdJtA","type":"Vod","title":"Het betoverde dorp van Pinokkio","subtitle":"Liefde en ridderlijkheid","description":"AVROTROS - Er komt een nieuw boek uit van Pixie Potlood en alle meisjes willen een exemplaar hebben. Victor en Pinokkio vinden dit overdreven, maar zodra ze zelf een paar zinnen gelezen hebben, zijn ze verkocht.","formattedEpisodeNumbering":null,"formattedDate":"Ma 31 jan.","formattedDateShort":"Ma 31 jan.","formattedTime":"14:35","formattedDuration":"11m","formattedAvailabilityWindow":null,"formattedAvailabilityWindowShort":null,"image":{"portraitUrl":null,"landscapeUrl":"https:\/\/images.nlziet.nl\/metadataimportimages\/source\/0EC1F30E129401F05A4D3ECFF80AD337CA2DDC20D89EC5A36F98E56B83AA1E3E.jpg"},"logo":{"normalUrl":"https:\/\/cdn.nlziet.nl\/static\/assets\/contentproviders\/npo.png","darkUrl":"https:\/\/cdn.nlziet.nl\/static\/assets\/contentproviders\/dark\/npo.png","flatUrl":"https:\/\/cdn.nlziet.nl\/static\/assets\/contentproviders\/flat\/npo.png"},"tags":[],"seriesId":"6FghO86GDUuid3vZxn6OtA"},{"id":"tKri616WGkqkez5FLs1-FQ","type":"Vod","title":"Het betoverde dorp van Pinokkio","subtitle":"De kikkerprins","description":"AVROTROS - Als Pinokkio een kikker vindt, denkt Prins dat het een betoverde Prins is die is veranderd in een kikker.","formattedEpisodeNumbering":null,"formattedDate":"Vr 28 jan.","formattedDateShort":"Vr 28 jan.","formattedTime":"14:45","formattedDuration":"11m","formattedAvailabilityWindow":null,"formattedAvailabilityWindowShort":null,"image":{"portraitUrl":null,"landscapeUrl":"https:\/\/images.nlziet.nl\/metadataimportimages\/source\/839C973B212175B80EA2E03FBB65E5EDD96625E92ABCD8941FF6F0C5642F9E7D.jpg"},"logo":{"normalUrl":"https:\/\/cdn.nlziet.nl\/static\/assets\/contentproviders\/npo.png","darkUrl":"https:\/\/cdn.nlziet.nl\/static\/assets\/contentproviders\/dark\/npo.png","flatUrl":"https:\/\/cdn.nlziet.nl\/static\/assets\/contentproviders\/flat\/npo.png"},"tags":[],"seriesId":"6FghO86GDUuid3vZxn6OtA"},{"id":"Qu2ha095oEm_02D6GhrLiQ","type":"Vod","title":"Het betoverde dorp van Pinokkio","subtitle":"De kleine boze wolf","description":"AVROTROS - Als Pinokkio beweert dat hij een monster heeft verslagen in het bos, is hij de grote held. Maar wanneer er een wolf in het dorp verschijnt, maakt hij die heldenstatus niet helemaal waar.","formattedEpisodeNumbering":null,"formattedDate":"Do 27 jan.","formattedDateShort":"Do 27 jan.","formattedTime":"14:42","formattedDuration":"11m","formattedAvailabilityWindow":null,"formattedAvailabilityWindowShort":null,"image":{"portraitUrl":null,"landscapeUrl":"https:\/\/images.nlziet.nl\/metadataimportimages\/source\/74E1BB4AF6A03436F3FFC805A5FF66CD84B21BF67F92E2C6282C3AAD1B556B04.jpg"},"logo":{"normalUrl":"https:\/\/cdn.nlziet.nl\/static\/assets\/contentproviders\/npo.png","darkUrl":"https:\/\/cdn.nlziet.nl\/static\/assets\/contentproviders\/dark\/npo.png","flatUrl":"https:\/\/cdn.nlziet.nl\/static\/assets\/contentproviders\/flat\/npo.png"},"tags":[],"seriesId":"6FghO86GDUuid3vZxn6OtA"},{"id":"SZrokvfqEE6GHmbNqVw1GQ","type":"Vod","title":"Het betoverde dorp van Pinokkio","subtitle":"Koekie de onweerstaanbare","description":"AVROTROS - Niemand kan Koekie weerstaan. Dat weten Pinokkio en Kasimir ook en daar maken ze misbruik van bij de heks.","formattedEpisodeNumbering":null,"formattedDate":"Wo 26 jan.","formattedDateShort":"Wo 26 jan.","formattedTime":"14:45","formattedDuration":"11m","formattedAvailabilityWindow":null,"formattedAvailabilityWindowShort":null,"image":{"portraitUrl":null,"landscapeUrl":"https:\/\/images.nlziet.nl\/metadataimportimages\/source\/6A4B2AC42ED26B3633DEADA6F6B3FE0D1DAF7A570B9E70B6261217FCDDADE9D8.jpg"},"logo":{"normalUrl":"https:\/\/cdn.nlziet.nl\/static\/assets\/contentproviders\/npo.png","darkUrl":"https:\/\/cdn.nlziet.nl\/static\/assets\/contentproviders\/dark\/npo.png","flatUrl":"https:\/\/cdn.nlziet.nl\/static\/assets\/contentproviders\/flat\/npo.png"},"tags":[],"seriesId":"6FghO86GDUuid3vZxn6OtA"},{"id":"c8wdNKa9JEq269HPRYGzpw","type":"Vod","title":"Het betoverde dorp van Pinokkio","subtitle":"Ware aard","description":"AVROTROS - Pinokkio komt in de problemen als hij expres de haarkleur van Jodelle en Nettel verandert.","formattedEpisodeNumbering":null,"formattedDate":"Di 25 jan.","formattedDateShort":"Di 25 jan.","formattedTime":"14:45","formattedDuration":"11m","formattedAvailabilityWindow":null,"formattedAvailabilityWindowShort":null,"image":{"portraitUrl":null,"landscapeUrl":"https:\/\/images.nlziet.nl\/metadataimportimages\/source\/6773451F520520032291ABB7D6B45D046A07A976A841786806BE9AE2FDDC4AFE.jpg"},"logo":{"normalUrl":"https:\/\/cdn.nlziet.nl\/static\/assets\/contentproviders\/npo.png","darkUrl":"https:\/\/cdn.nlziet.nl\/static\/assets\/contentproviders\/dark\/npo.png","flatUrl":"https:\/\/cdn.nlziet.nl\/static\/assets\/contentproviders\/flat\/npo.png"},"tags":[],"seriesId":"6FghO86GDUuid3vZxn6OtA"},{"id":"9wpSh4vIIk2eMbXQYIxYvA","type":"Vod","title":"Het betoverde dorp van Pinokkio","subtitle":"Een lesje in goede manieren","description":"AVROTROS - Er wordt een feestje gegeven omdat prinses Betilda op bezoek komt. Er mogen alleen prinsen en prinsessen komen, maar Pinokkio en Kasimir besluiten toch naar het feest te gaan.","formattedEpisodeNumbering":null,"formattedDate":"Ma 24 jan.","formattedDateShort":"Ma 24 jan.","formattedTime":"14:35","formattedDuration":"11m","formattedAvailabilityWindow":null,"formattedAvailabilityWindowShort":null,"image":{"portraitUrl":null,"landscapeUrl":"https:\/\/images.nlziet.nl\/metadataimportimages\/source\/FA06734146E72D5EACC018BFBCE61A3E301932BCAD015EB37BB8B41B68FF3AD7.jpg"},"logo":{"normalUrl":"https:\/\/cdn.nlziet.nl\/static\/assets\/contentproviders\/npo.png","darkUrl":"https:\/\/cdn.nlziet.nl\/static\/assets\/contentproviders\/dark\/npo.png","flatUrl":"https:\/\/cdn.nlziet.nl\/static\/assets\/contentproviders\/flat\/npo.png"},"tags":[],"seriesId":"6FghO86GDUuid3vZxn6OtA"},{"id":"FRfcNZJCW0WCXq7AfNuqJw","type":"Vod","title":"Het betoverde dorp van Pinokkio","subtitle":"Mijn vader de held","description":"AVROTROS - Alle ouders mogen op school komen vertellen over hun werk. Maar Pinokkio schaamt zich een beetje voor Geppetto, de simpele timmerman.","formattedEpisodeNumbering":null,"formattedDate":"Vr 21 jan.","formattedDateShort":"Vr 21 jan.","formattedTime":"14:45","formattedDuration":"11m","formattedAvailabilityWindow":null,"formattedAvailabilityWindowShort":null,"image":{"portraitUrl":null,"landscapeUrl":"https:\/\/images.nlziet.nl\/metadataimportimages\/source\/AA6B89CA47E4E3BB0763E6CC4197ABDFDA25E09ADE189E7403CF18C273717773.jpg"},"logo":{"normalUrl":"https:\/\/cdn.nlziet.nl\/static\/assets\/contentproviders\/npo.png","darkUrl":"https:\/\/cdn.nlziet.nl\/static\/assets\/contentproviders\/dark\/npo.png","flatUrl":"https:\/\/cdn.nlziet.nl\/static\/assets\/contentproviders\/flat\/npo.png"},"tags":[],"seriesId":"6FghO86GDUuid3vZxn6OtA"},{"id":"tne8gY0Rg0qOqIclHcy5cw","type":"Vod","title":"Het betoverde dorp van Pinokkio","subtitle":"De verlaten hut","description":"AVROTROS - Als Kasimir en Pinokkio een verlaten hut vinden, weten ze niet dat die eigenlijk van een enge heks is. Als ze maar niet betrapt worden.","formattedEpisodeNumbering":null,"formattedDate":"Do 20 jan.","formattedDateShort":"Do 20 jan.","formattedTime":"07:52","formattedDuration":"11m","formattedAvailabilityWindow":null,"formattedAvailabilityWindowShort":null,"image":{"portraitUrl":null,"landscapeUrl":"https:\/\/images.nlziet.nl\/metadataimportimages\/source\/990B3409BB767FF4977C832012F1C6114A19B41A4729E329D6BB81F03E7726E3.jpg"},"logo":{"normalUrl":"https:\/\/cdn.nlziet.nl\/static\/assets\/contentproviders\/npo.png","darkUrl":"https:\/\/cdn.nlziet.nl\/static\/assets\/contentproviders\/dark\/npo.png","flatUrl":"https:\/\/cdn.nlziet.nl\/static\/assets\/contentproviders\/flat\/npo.png"},"tags":[],"seriesId":"6FghO86GDUuid3vZxn6OtA"},{"id":"0ikv8Q3UF0WqwxITOE5obQ","type":"Vod","title":"Het betoverde dorp van Pinokkio","subtitle":"De twee Pinokkio's","description":"AVROTROS - Pinokkio heeft een probleem. Hij moet op twee plaatsen tegelijk zijn.","formattedEpisodeNumbering":null,"formattedDate":"Wo 19 jan.","formattedDateShort":"Wo 19 jan.","formattedTime":"07:55","formattedDuration":"11m","formattedAvailabilityWindow":null,"formattedAvailabilityWindowShort":null,"image":{"portraitUrl":null,"landscapeUrl":"https:\/\/images.nlziet.nl\/metadataimportimages\/source\/772FE8A6E307CF5DACBECE78613AE85CA7D99EA24DB47D7322DBE250E2B6B6CE.jpg"},"logo":{"normalUrl":"https:\/\/cdn.nlziet.nl\/static\/assets\/contentproviders\/npo.png","darkUrl":"https:\/\/cdn.nlziet.nl\/static\/assets\/contentproviders\/dark\/npo.png","flatUrl":"https:\/\/cdn.nlziet.nl\/static\/assets\/contentproviders\/flat\/npo.png"},"tags":[],"seriesId":"6FghO86GDUuid3vZxn6OtA"},{"id":"CKq3PYv2nkiScgowtfX_6A","type":"Vod","title":"Het betoverde dorp van Pinokkio","subtitle":"De verloren bal","description":"AVROTROS - Als Pinokkio een bal door het raam van de Oger schopt, moet hij hem terug gaan halen. Zal hij de verschrikkelijke Oger tegen het lijf lopen?","formattedEpisodeNumbering":null,"formattedDate":"Di 18 jan.","formattedDateShort":"Di 18 jan.","formattedTime":"07:50","formattedDuration":"11m","formattedAvailabilityWindow":null,"formattedAvailabilityWindowShort":null,"image":{"portraitUrl":null,"landscapeUrl":"https:\/\/images.nlziet.nl\/metadataimportimages\/source\/43AA8FE2849DE44E950BF5DA14FBE5C158223411E57AC2CE5210E7652427193F.jpg"},"logo":{"normalUrl":"https:\/\/cdn.nlziet.nl\/static\/assets\/contentproviders\/npo.png","darkUrl":"https:\/\/cdn.nlziet.nl\/static\/assets\/contentproviders\/dark\/npo.png","flatUrl":"https:\/\/cdn.nlziet.nl\/static\/assets\/contentproviders\/flat\/npo.png"},"tags":[],"seriesId":"6FghO86GDUuid3vZxn6OtA"},{"id":"DZrbVKjIdEyMatr-HPfJwg","type":"Vod","title":"Het betoverde dorp van Pinokkio","subtitle":"De stomme hoed","description":"AVROTROS - Floris traint iedereen voor het jaarlijkse Elven Festival. Pinokkio is echter niet zo goed, en wordt uit het team gezet. Hij verzint een list om toch mee te mogen doen.","formattedEpisodeNumbering":null,"formattedDate":"Ma 17 jan.","formattedDateShort":"Ma 17 jan.","formattedTime":"07:50","formattedDuration":"11m","formattedAvailabilityWindow":null,"formattedAvailabilityWindowShort":null,"image":{"portraitUrl":null,"landscapeUrl":"https:\/\/images.nlziet.nl\/metadataimportimages\/source\/3A535C0FDA1381AFB0BE8C089D7373FE1759F9FE3B14CED5275385FEF8234FA9.jpg"},"logo":{"normalUrl":"https:\/\/cdn.nlziet.nl\/static\/assets\/contentproviders\/npo.png","darkUrl":"https:\/\/cdn.nlziet.nl\/static\/assets\/contentproviders\/dark\/npo.png","flatUrl":"https:\/\/cdn.nlziet.nl\/static\/assets\/contentproviders\/flat\/npo.png"},"tags":[],"seriesId":"6FghO86GDUuid3vZxn6OtA"},{"id":"fl6HI7MXN0madIoah1EGaQ","type":"Vod","title":"Het betoverde dorp van Pinokkio","subtitle":"De heks van het jaar","description":"AVROTROS - Als de heks per ongeluk verandert in een kikker, doet Bettina zich voor als de heks, met alle gevolgen van dien.","formattedEpisodeNumbering":null,"formattedDate":"Vr 14 jan.","formattedDateShort":"Vr 14 jan.","formattedTime":"07:50","formattedDuration":"11m","formattedAvailabilityWindow":null,"formattedAvailabilityWindowShort":null,"image":{"portraitUrl":null,"landscapeUrl":"https:\/\/images.nlziet.nl\/metadataimportimages\/source\/DEEF3F299ECA72501357ACA155ED3A2EF76D0DB55C59513866420E6F96047D7E.jpg"},"logo":{"normalUrl":"https:\/\/cdn.nlziet.nl\/static\/assets\/contentproviders\/npo.png","darkUrl":"https:\/\/cdn.nlziet.nl\/static\/assets\/contentproviders\/dark\/npo.png","flatUrl":"https:\/\/cdn.nlziet.nl\/static\/assets\/contentproviders\/flat\/npo.png"},"tags":[],"seriesId":"6FghO86GDUuid3vZxn6OtA"},{"id":"5AH5pfXORUGSPu6Ze4M7zA","type":"Vod","title":"Het betoverde dorp van Pinokkio","subtitle":"Diep in het duistere woud","description":"AVROTROS - Kasimir en Pinokkio moeten bewijzen dat ze niet bang zijn voor een uil. Daarvoor moeten ze diep het duistere bos in.","formattedEpisodeNumbering":null,"formattedDate":"Do 13 jan.","formattedDateShort":"Do 13 jan.","formattedTime":"07:56","formattedDuration":"11m","formattedAvailabilityWindow":null,"formattedAvailabilityWindowShort":null,"image":{"portraitUrl":null,"landscapeUrl":"https:\/\/images.nlziet.nl\/metadataimportimages\/source\/C94872E820BD37044DDD40B4416EA89536D408700023242317883DF329317FD9.jpg"},"logo":{"normalUrl":"https:\/\/cdn.nlziet.nl\/static\/assets\/contentproviders\/npo.png","darkUrl":"https:\/\/cdn.nlziet.nl\/static\/assets\/contentproviders\/dark\/npo.png","flatUrl":"https:\/\/cdn.nlziet.nl\/static\/assets\/contentproviders\/flat\/npo.png"},"tags":[],"seriesId":"6FghO86GDUuid3vZxn6OtA"},{"id":"ddt7g7x4F0uu-_N97qbHCQ","type":"Vod","title":"Het betoverde dorp van Pinokkio","subtitle":"De valsspelers","description":"AVROTROS - Kasimir en Pinokkio hebben geen zin om hun wiskunde huiswerk te maken en schakelen hulp in.","formattedEpisodeNumbering":null,"formattedDate":"Wo 12 jan.","formattedDateShort":"Wo 12 jan.","formattedTime":"07:50","formattedDuration":"11m","formattedAvailabilityWindow":null,"formattedAvailabilityWindowShort":null,"image":{"portraitUrl":null,"landscapeUrl":"https:\/\/images.nlziet.nl\/metadataimportimages\/source\/DA2EC029000841BB6387FEDDED28FB1C7FAE6FD7192F665063036EDD4BD8FE08.jpg"},"logo":{"normalUrl":"https:\/\/cdn.nlziet.nl\/static\/assets\/contentproviders\/npo.png","darkUrl":"https:\/\/cdn.nlziet.nl\/static\/assets\/contentproviders\/dark\/npo.png","flatUrl":"https:\/\/cdn.nlziet.nl\/static\/assets\/contentproviders\/flat\/npo.png"},"tags":[],"seriesId":"6FghO86GDUuid3vZxn6OtA"},{"id":"o3vGpe5nQEOCyaWuLXHPnA","type":"Vod","title":"Het betoverde dorp van Pinokkio","subtitle":"De gouden vis","description":"AVROTROS - Een keer per jaar wordt er gevist naar de gouden vis. Degene die hem vangt, mag een wens doen.","formattedEpisodeNumbering":null,"formattedDate":"Di 11 jan.","formattedDateShort":"Di 11 jan.","formattedTime":"07:50","formattedDuration":"11m","formattedAvailabilityWindow":null,"formattedAvailabilityWindowShort":null,"image":{"portraitUrl":null,"landscapeUrl":"https:\/\/images.nlziet.nl\/metadataimportimages\/source\/F224AECED791FB188A6A32D9820A60F7EE351326B776CB87CF42CA08C5A842E4.jpg"},"logo":{"normalUrl":"https:\/\/cdn.nlziet.nl\/static\/assets\/contentproviders\/npo.png","darkUrl":"https:\/\/cdn.nlziet.nl\/static\/assets\/contentproviders\/dark\/npo.png","flatUrl":"https:\/\/cdn.nlziet.nl\/static\/assets\/contentproviders\/flat\/npo.png"},"tags":[],"seriesId":"6FghO86GDUuid3vZxn6OtA"},{"id":"6PjzCI-zdUKSLMFpHkTPtg","type":"Vod","title":"Het betoverde dorp van Pinokkio","subtitle":"Een simpel klusje","description":"AVROTROS - Pinokkio gaat een nieuwe toverstaf bij de heks afleveren. Maar als hij zijn vriendjes tegenkomt loopt het anders dan gepland.","formattedEpisodeNumbering":null,"formattedDate":"Ma 10 jan.","formattedDateShort":"Ma 10 jan.","formattedTime":"07:55","formattedDuration":"11m","formattedAvailabilityWindow":null,"formattedAvailabilityWindowShort":null,"image":{"portraitUrl":null,"landscapeUrl":"https:\/\/images.nlziet.nl\/metadataimportimages\/source\/26078B7EB14A627EFFCFF445DA32A099C7ADF9E0218D89DE43B2D874DEFBB1F4.jpg"},"logo":{"normalUrl":"https:\/\/cdn.nlziet.nl\/static\/assets\/contentproviders\/npo.png","darkUrl":"https:\/\/cdn.nlziet.nl\/static\/assets\/contentproviders\/dark\/npo.png","flatUrl":"https:\/\/cdn.nlziet.nl\/static\/assets\/contentproviders\/flat\/npo.png"},"tags":[],"seriesId":"6FghO86GDUuid3vZxn6OtA"}]