[{"id":"OqQ8o5zVd0GsrJjQVmi9QQ","type":"Vod","title":"Andr\u00e9 Rieu concerten","subtitle":"Christmas Down Under","description":"AVROTROS - Andr\u00e9 viert Kerstmis in Australi\u00eb met een concert in het historische stadhuis van Sydney. In deze feestelijke special beproeft het orkest hun geluk bij het surfen, Andr\u00e9 verrast iedereen wanneer een babykoala en kangoeroe backstage aankomen en ze genieten allemaal van een kerstfeest op het strand en een reis rond de haven van Sydney. Een niet te missen feest!","formattedEpisodeNumbering":null,"formattedDate":"Vr 20 dec. 2019","formattedDateShort":"Dec. 2019","formattedTime":"21:35","formattedDuration":"44m","formattedAvailabilityWindow":null,"formattedAvailabilityWindowShort":null,"image":{"portraitUrl":null,"landscapeUrl":"https:\/\/images.nlziet.nl\/metadataimportimages\/source\/58E1C40C52BA718C4E91E91BF9FD6759023C85EC748DA1D31308CE8D3AC993CF.jpg"},"logo":{"normalUrl":"https:\/\/cdn.nlziet.nl\/static\/assets\/contentproviders\/npo.png","darkUrl":"https:\/\/cdn.nlziet.nl\/static\/assets\/contentproviders\/dark\/npo.png","flatUrl":"https:\/\/cdn.nlziet.nl\/static\/assets\/contentproviders\/flat\/npo.png"},"tags":[],"seriesId":"6nYNguFY_Eiaeu9gIcxSyg"},{"id":"hDU_v6ytlUS8josH0scqBw","type":"Vod","title":"Andr\u00e9 Rieu concerten","subtitle":"Dreams come true","description":"AVROTROS - Andr\u00e9 helpt dromen uitkomen. Zo verrast hij een blozende bruid met haar droomtrouwjurk, kunnen zijn fans een plaats in het orkest innemen en Franco, zijn contrabassist, reist naar Itali\u00eb om zijn moeder te verrassen. Hij brengt haar terug naar Maastricht om te zien hoe hij voor het eerst in meer dan 30 jaar speelt op het podium. De emoties lopen hoog op terwijl Andr\u00e9 dromen waarmaakt.","formattedEpisodeNumbering":null,"formattedDate":"Vr 13 dec. 2019","formattedDateShort":"Dec. 2019","formattedTime":"21:35","formattedDuration":"45m","formattedAvailabilityWindow":null,"formattedAvailabilityWindowShort":null,"image":{"portraitUrl":null,"landscapeUrl":"https:\/\/images.nlziet.nl\/metadataimportimages\/source\/CE3DEA00E03C75AD2989F63989E29B8B96A50C26FC760D02022FE73D2471829A.jpg"},"logo":{"normalUrl":"https:\/\/cdn.nlziet.nl\/static\/assets\/contentproviders\/npo.png","darkUrl":"https:\/\/cdn.nlziet.nl\/static\/assets\/contentproviders\/dark\/npo.png","flatUrl":"https:\/\/cdn.nlziet.nl\/static\/assets\/contentproviders\/flat\/npo.png"},"tags":[],"seriesId":"6nYNguFY_Eiaeu9gIcxSyg"},{"id":"vcyDCqyW2EafyvYu0jJojQ","type":"Vod","title":"Andr\u00e9 Rieu concerten","subtitle":"Amore","description":"AVROTROS - Andr\u00e9 is in de stemming voor liefde terwijl hij zich voorbereidt op een romantisch concert in Maastricht. Sopraan Donij van Doorn repeteert een aria over liefdesverdriet, Andr\u00e9's broer Robert treedt toe tot het orkest en herinnert zich de tijd toen hij opgroeide met een jonge Andr\u00e9. En David Hasselhoff verleidt het publiek met een liefdeslied.","formattedEpisodeNumbering":null,"formattedDate":"Vr 6 dec. 2019","formattedDateShort":"Dec. 2019","formattedTime":"21:35","formattedDuration":"43m","formattedAvailabilityWindow":null,"formattedAvailabilityWindowShort":null,"image":{"portraitUrl":null,"landscapeUrl":"https:\/\/images.nlziet.nl\/metadataimportimages\/source\/A0CBFFA3E2648280C2FD10A29D55B098456441E99F12E7CEB7FB6470A342F679.jpg"},"logo":{"normalUrl":"https:\/\/cdn.nlziet.nl\/static\/assets\/contentproviders\/npo.png","darkUrl":"https:\/\/cdn.nlziet.nl\/static\/assets\/contentproviders\/dark\/npo.png","flatUrl":"https:\/\/cdn.nlziet.nl\/static\/assets\/contentproviders\/flat\/npo.png"},"tags":[],"seriesId":"6nYNguFY_Eiaeu9gIcxSyg"},{"id":"UgmbzvxaqE2Hg_yjfdRIow","type":"Vod","title":"Andr\u00e9 Rieu concerten","subtitle":"American dream\u00a0","description":"AVROTROS - Andr\u00e9 toert door Amerika en heeft veel plezier onderweg. In Arizona trekt het orkest hun cowboylaarzen aan en ontdekt het wilde westen en in Florida komen de sopranen in de sfeer van Halloween. Tijdens het concert brengt Andr\u00e9 hulde aan de Amerikaanse veteranen die zijn geboortestad Maastricht hebben helpen bevrijden.","formattedEpisodeNumbering":null,"formattedDate":"Vr 29 nov. 2019","formattedDateShort":"Nov. 2019","formattedTime":"21:35","formattedDuration":"44m","formattedAvailabilityWindow":null,"formattedAvailabilityWindowShort":null,"image":{"portraitUrl":null,"landscapeUrl":"https:\/\/images.nlziet.nl\/metadataimportimages\/source\/A741FC5296E6B2EEF8152DC103F3D9B715969D620330B18B72F3B1FF95E49190.jpg"},"logo":{"normalUrl":"https:\/\/cdn.nlziet.nl\/static\/assets\/contentproviders\/npo.png","darkUrl":"https:\/\/cdn.nlziet.nl\/static\/assets\/contentproviders\/dark\/npo.png","flatUrl":"https:\/\/cdn.nlziet.nl\/static\/assets\/contentproviders\/flat\/npo.png"},"tags":[],"seriesId":"6nYNguFY_Eiaeu9gIcxSyg"},{"id":"Ww8TrmVoHEuR-lYYJC3TZQ","type":"Vod","title":"Andr\u00e9 Rieu concerten","subtitle":"A night to remember\u00a0","description":"AVROTROS - Andr\u00e9 onthult de geheimen achter het cre\u00ebren van een gedenkwaardige nacht op het Vrijthof in Maastricht; inclusief repetities, het ontwerpen van de jurken en het cre\u00ebren van de speciale effecten voor het podium. Samen met het Spaanse duo Los Del Rio, dat chaos veroorzaakt in de studio terwijl ze hun klassieke Macarena repeteren, wordt dit een onvergetelijke avond.","formattedEpisodeNumbering":null,"formattedDate":"Vr 22 nov. 2019","formattedDateShort":"Nov. 2019","formattedTime":"21:30","formattedDuration":"43m","formattedAvailabilityWindow":null,"formattedAvailabilityWindowShort":null,"image":{"portraitUrl":null,"landscapeUrl":"https:\/\/images.nlziet.nl\/metadataimportimages\/source\/C0AF320B136956D140F383D3C07036551E417BC6B7D50C2AF09DD86F74F10191.jpg"},"logo":{"normalUrl":"https:\/\/cdn.nlziet.nl\/static\/assets\/contentproviders\/npo.png","darkUrl":"https:\/\/cdn.nlziet.nl\/static\/assets\/contentproviders\/dark\/npo.png","flatUrl":"https:\/\/cdn.nlziet.nl\/static\/assets\/contentproviders\/flat\/npo.png"},"tags":[],"seriesId":"6nYNguFY_Eiaeu9gIcxSyg"},{"id":"XB__HEF4XESyHugSvnGwbA","type":"Vod","title":"Andr\u00e9 Rieu concerten","subtitle":"California dreaming","description":"AVROTROS - Andr\u00e9 tourt door Californi\u00eb en geeft een speciaal concert in Los Angeles. In Hollywood bezoekt Andr\u00e9 de Walk of Fame en herinnert zich dat hij enkele van zijn favoriete films speelde. Het orkest geniet van al het plezier op het strand van Santa Monica en probeert zelfs hun geluk uit voor goud.","formattedEpisodeNumbering":null,"formattedDate":"Vr 15 nov. 2019","formattedDateShort":"Nov. 2019","formattedTime":"21:30","formattedDuration":"43m","formattedAvailabilityWindow":null,"formattedAvailabilityWindowShort":null,"image":{"portraitUrl":null,"landscapeUrl":"https:\/\/images.nlziet.nl\/metadataimportimages\/source\/705D0DBF8DB4A22932F73114940BADE325B968DD6272677FA8AA201EE227DA2D.jpg"},"logo":{"normalUrl":"https:\/\/cdn.nlziet.nl\/static\/assets\/contentproviders\/npo.png","darkUrl":"https:\/\/cdn.nlziet.nl\/static\/assets\/contentproviders\/dark\/npo.png","flatUrl":"https:\/\/cdn.nlziet.nl\/static\/assets\/contentproviders\/flat\/npo.png"},"tags":[],"seriesId":"6nYNguFY_Eiaeu9gIcxSyg"},{"id":"J-vWyn5yy0SwZA89PSEY0Q","type":"Vod","title":"Andr\u00e9 Rieu concerten","subtitle":"Love from Lisbon","description":"AVROTROS - Andr\u00e9 keert triomfantelijk terug naar Lissabon en kan niet wachten om de stad te verkennen. Het orkest maakt een historische tramrit door de pittoreske straatjes en Andr\u00e9 wordt uitgenodigd in Queluz Palace, ooit de thuisbasis van de muziekliefhebbende koningin Maria. Die avond geeft hij een concert dat geschikt is voor koningen en koninginnen.","formattedEpisodeNumbering":null,"formattedDate":"Vr 8 nov. 2019","formattedDateShort":"Nov. 2019","formattedTime":"21:30","formattedDuration":"43m","formattedAvailabilityWindow":null,"formattedAvailabilityWindowShort":null,"image":{"portraitUrl":null,"landscapeUrl":"https:\/\/images.nlziet.nl\/metadataimportimages\/source\/9821607BC79F714A7CAA352C8F25538F778A62985A251624055961E5F2712950.jpg"},"logo":{"normalUrl":"https:\/\/cdn.nlziet.nl\/static\/assets\/contentproviders\/npo.png","darkUrl":"https:\/\/cdn.nlziet.nl\/static\/assets\/contentproviders\/dark\/npo.png","flatUrl":"https:\/\/cdn.nlziet.nl\/static\/assets\/contentproviders\/flat\/npo.png"},"tags":[],"seriesId":"6nYNguFY_Eiaeu9gIcxSyg"},{"id":"oZEb3dE3QECXdpE0bPp0OQ","type":"Vod","title":"Andr\u00e9 Rieu concerten","subtitle":"Happy birthday\u00a0","description":"AVROTROS - Andr\u00e9 viert het 30-jarig jubileum van het Johann Strauss-orkest met een speciaal concert. En backstage roept het orkest enkele van hun meest memorabele momenten op. Een echte trip down memory lane.","formattedEpisodeNumbering":null,"formattedDate":"Vr 1 nov. 2019","formattedDateShort":"Nov. 2019","formattedTime":"21:30","formattedDuration":"44m","formattedAvailabilityWindow":null,"formattedAvailabilityWindowShort":null,"image":{"portraitUrl":null,"landscapeUrl":"https:\/\/images.nlziet.nl\/metadataimportimages\/source\/85B271E3154B3E16BC62B0D86EF05F0C98DD709679B130CFE2E540991A94EE1C.jpg"},"logo":{"normalUrl":"https:\/\/cdn.nlziet.nl\/static\/assets\/contentproviders\/npo.png","darkUrl":"https:\/\/cdn.nlziet.nl\/static\/assets\/contentproviders\/dark\/npo.png","flatUrl":"https:\/\/cdn.nlziet.nl\/static\/assets\/contentproviders\/flat\/npo.png"},"tags":[],"seriesId":"6nYNguFY_Eiaeu9gIcxSyg"},{"id":"iMg2IitSXk6YIY3hhNvtBQ","type":"Vod","title":"Andr\u00e9 Rieu concerten","subtitle":"Tel Aviv party","description":"AVROTROS - Andr\u00e9 geeft een feest in Tel Aviv met veel muziek en games vanwege zijn allereerste concert in Isra\u00ebl. Hij brengt zijn Isra\u00eblische fans een geschenk uit Nederland; de klompendans. Tussen concerten door bezoeken Andr\u00e9 en het Johann Strauss-orkest de heilige stad Jeruzalem en zingt een koor Hallelujah vanaf de toren van David. En het is een emotionele reis voor Pierre als hij zich verenigt met Joodse families die door zijn grootmoeder tijdens de Tweede Wereldoorlog voor de nazi's waren verborgen. Er zijn tranen en er is veel gelach als Andr\u00e9 een Tel Aviv-feest organiseert.","formattedEpisodeNumbering":null,"formattedDate":"Vr 25 okt. 2019","formattedDateShort":"Okt. 2019","formattedTime":"21:35","formattedDuration":"44m","formattedAvailabilityWindow":null,"formattedAvailabilityWindowShort":null,"image":{"portraitUrl":null,"landscapeUrl":"https:\/\/images.nlziet.nl\/metadataimportimages\/source\/4B3BEB8CD31710E5915ABBB986306BD86E881DCB5CE203FC33C60BAB6E93B1AD.jpg"},"logo":{"normalUrl":"https:\/\/cdn.nlziet.nl\/static\/assets\/contentproviders\/npo.png","darkUrl":"https:\/\/cdn.nlziet.nl\/static\/assets\/contentproviders\/dark\/npo.png","flatUrl":"https:\/\/cdn.nlziet.nl\/static\/assets\/contentproviders\/flat\/npo.png"},"tags":[],"seriesId":"6nYNguFY_Eiaeu9gIcxSyg"},{"id":"B-hBfvXwLk-EPmlXw4906Q","type":"Vod","title":"Andr\u00e9 Rieu concerten","subtitle":"Wonderful world\u00a0","description":"AVROTROS - Andr\u00e9 viert muziek van over de hele wereld tijdens zijn zomerconcerten in Maastricht. Repetities met sopraan Donij van Doorn, die een aria uit La Traviata zingt, zorgen bij Andr\u00e9 voor tranen en op het podium wordt hij vergezeld door de Corioallum Pipe Band voor een ongelooflijke uitvoering van Highland Cathedral. En het orkest krijgt de verrassing van hun leven wanneer de Amerikaanse superster David Hasselhoff in KITT, de Knightrider-auto, aankomt in de studio. Ondertussen bereidt Andr\u00e9 een spectaculaire entree voor, voor David Hasselfhoff op het podium.","formattedEpisodeNumbering":null,"formattedDate":"Vr 18 okt. 2019","formattedDateShort":"Okt. 2019","formattedTime":"21:30","formattedDuration":"43m","formattedAvailabilityWindow":null,"formattedAvailabilityWindowShort":null,"image":{"portraitUrl":null,"landscapeUrl":"https:\/\/images.nlziet.nl\/metadataimportimages\/source\/556009E85F8C9D67DB028094A399AC6A0CB6A3EEA287B45F466D81E0B8BAFCA2.jpg"},"logo":{"normalUrl":"https:\/\/cdn.nlziet.nl\/static\/assets\/contentproviders\/npo.png","darkUrl":"https:\/\/cdn.nlziet.nl\/static\/assets\/contentproviders\/dark\/npo.png","flatUrl":"https:\/\/cdn.nlziet.nl\/static\/assets\/contentproviders\/flat\/npo.png"},"tags":[],"seriesId":"6nYNguFY_Eiaeu9gIcxSyg"}]