[{"id":"qwikVYLz8UWS3rZhYi3ryQ","type":"Vod","title":"Legends vs Modern Icons","subtitle":"Towers","description":"Experts onderzoeken een legendarisch, ouder, bouwwerk en vergelijken dit met een hedendaags werk.","formattedEpisodeNumbering":null,"formattedDate":"Ma 26 sep.","formattedDateShort":"Ma 26 sep.","formattedTime":"22:35","formattedDuration":"48m","formattedAvailabilityWindow":null,"formattedAvailabilityWindowShort":null,"image":{"portraitUrl":null,"landscapeUrl":"https:\/\/images.nlziet.nl\/metadataimportimages\/source\/C7CF12E4AAA2B627C895C66958176DB68C11572A86F415EBC861010A91D0FA9B.jpg"},"logo":{"normalUrl":"https:\/\/cdn.nlziet.nl\/static\/assets\/contentproviders\/rtl.png","darkUrl":"https:\/\/cdn.nlziet.nl\/static\/assets\/contentproviders\/dark\/rtl.png","flatUrl":"https:\/\/cdn.nlziet.nl\/static\/assets\/contentproviders\/flat\/rtl.png"},"tags":[],"seriesId":"6JB913Ot-0WwKJeAOOX3Ag"},{"id":"L9nWkLF-Xk6vE0rNeyZZSA","type":"Vod","title":"Legends vs Modern Icons","subtitle":"Ports","description":"Experts onderzoeken een legendarisch, ouder, bouwwerk en vergelijken dit met een hedendaags werk.","formattedEpisodeNumbering":null,"formattedDate":"Ma 26 sep.","formattedDateShort":"Ma 26 sep.","formattedTime":"21:35","formattedDuration":"48m","formattedAvailabilityWindow":null,"formattedAvailabilityWindowShort":null,"image":{"portraitUrl":null,"landscapeUrl":"https:\/\/images.nlziet.nl\/metadataimportimages\/source\/240D6BC8D64FC0E5D6304E21A97982ED808539F2F518A7EF74B251F08B97458B.jpg"},"logo":{"normalUrl":"https:\/\/cdn.nlziet.nl\/static\/assets\/contentproviders\/rtl.png","darkUrl":"https:\/\/cdn.nlziet.nl\/static\/assets\/contentproviders\/dark\/rtl.png","flatUrl":"https:\/\/cdn.nlziet.nl\/static\/assets\/contentproviders\/flat\/rtl.png"},"tags":[],"seriesId":"6JB913Ot-0WwKJeAOOX3Ag"},{"id":"HMWUk-TDqEOFNj04KXZ4sw","type":"Vod","title":"Legends vs Modern Icons","subtitle":"Bridges","description":"Experts onderzoeken een legendarisch, ouder, bouwwerk en vergelijken dit met een hedendaags werk.","formattedEpisodeNumbering":null,"formattedDate":"Ma 26 sep.","formattedDateShort":"Ma 26 sep.","formattedTime":"20:30","formattedDuration":"48m","formattedAvailabilityWindow":null,"formattedAvailabilityWindowShort":null,"image":{"portraitUrl":null,"landscapeUrl":"https:\/\/images.nlziet.nl\/metadataimportimages\/source\/78B14B665D0CA88DB0C795E534AC5FD663C5C1DCB043D5B2DE469092B49F7186.jpg"},"logo":{"normalUrl":"https:\/\/cdn.nlziet.nl\/static\/assets\/contentproviders\/rtl.png","darkUrl":"https:\/\/cdn.nlziet.nl\/static\/assets\/contentproviders\/dark\/rtl.png","flatUrl":"https:\/\/cdn.nlziet.nl\/static\/assets\/contentproviders\/flat\/rtl.png"},"tags":[],"seriesId":"6JB913Ot-0WwKJeAOOX3Ag"},{"id":"2NYuSENx00q5XTFz1ov_Ug","type":"Vod","title":"Legends vs Modern Icons","subtitle":"Skyscrapers","description":"RTLZ - Experts onderzoeken een legendarisch, ouder, bouwwerk en vergelijken dit met een hedendaags werk.","formattedEpisodeNumbering":null,"formattedDate":"Ma 19 sep.","formattedDateShort":"Ma 19 sep.","formattedTime":"22:35","formattedDuration":"48m","formattedAvailabilityWindow":null,"formattedAvailabilityWindowShort":null,"image":{"portraitUrl":null,"landscapeUrl":"https:\/\/images.nlziet.nl\/metadataimportimages\/source\/7EBCCD22EE58DBA1954BF58B80D77EA7518E87447D43D25B546BE52A789F55CB.jpg"},"logo":{"normalUrl":"https:\/\/cdn.nlziet.nl\/static\/assets\/contentproviders\/rtl.png","darkUrl":"https:\/\/cdn.nlziet.nl\/static\/assets\/contentproviders\/dark\/rtl.png","flatUrl":"https:\/\/cdn.nlziet.nl\/static\/assets\/contentproviders\/flat\/rtl.png"},"tags":[],"seriesId":"6JB913Ot-0WwKJeAOOX3Ag"},{"id":"cZufj0a4sU2qX9rOrBzYVw","type":"Vod","title":"Legends vs Modern Icons","subtitle":"Planes","description":"RTLZ - Experts onderzoeken een legendarisch, ouder, bouwwerk en vergelijken dit met een hedendaags werk.","formattedEpisodeNumbering":null,"formattedDate":"Ma 19 sep.","formattedDateShort":"Ma 19 sep.","formattedTime":"21:35","formattedDuration":"47m","formattedAvailabilityWindow":null,"formattedAvailabilityWindowShort":null,"image":{"portraitUrl":null,"landscapeUrl":"https:\/\/images.nlziet.nl\/metadataimportimages\/source\/CCE5AB513D2CAA74C2175F872C0AB93D808EC4BEE34BF07766F0CA856A6FCA0C.jpg"},"logo":{"normalUrl":"https:\/\/cdn.nlziet.nl\/static\/assets\/contentproviders\/rtl.png","darkUrl":"https:\/\/cdn.nlziet.nl\/static\/assets\/contentproviders\/dark\/rtl.png","flatUrl":"https:\/\/cdn.nlziet.nl\/static\/assets\/contentproviders\/flat\/rtl.png"},"tags":[],"seriesId":"6JB913Ot-0WwKJeAOOX3Ag"},{"id":"fxiU_5ImG0i_nrFRzDNL_A","type":"Vod","title":"Legends vs Modern Icons","subtitle":"Stadiums","description":"RTLZ - Experts onderzoeken een legendarisch, ouder, bouwwerk en vergelijken dit met een hedendaags werk.","formattedEpisodeNumbering":null,"formattedDate":"Ma 19 sep.","formattedDateShort":"Ma 19 sep.","formattedTime":"20:30","formattedDuration":"48m","formattedAvailabilityWindow":null,"formattedAvailabilityWindowShort":null,"image":{"portraitUrl":null,"landscapeUrl":"https:\/\/images.nlziet.nl\/metadataimportimages\/source\/1CA3AE285C242E4D4A047BD9D87CA4205C2F489B80182535B5749223F6CA7D17.jpg"},"logo":{"normalUrl":"https:\/\/cdn.nlziet.nl\/static\/assets\/contentproviders\/rtl.png","darkUrl":"https:\/\/cdn.nlziet.nl\/static\/assets\/contentproviders\/dark\/rtl.png","flatUrl":"https:\/\/cdn.nlziet.nl\/static\/assets\/contentproviders\/flat\/rtl.png"},"tags":[],"seriesId":"6JB913Ot-0WwKJeAOOX3Ag"}]