[{"id":"WxRP9NMy1UWy3oVL-4-KHw","type":"Vod","title":"NOS Kamerdebat","subtitle":"Vragenuurtje Tweede Kamer","description":null,"formattedEpisodeNumbering":null,"formattedDate":"Di 20 dec. 2016","formattedDateShort":"Dec. 2016","formattedTime":"14:05","formattedDuration":"55m","formattedAvailabilityWindow":null,"formattedAvailabilityWindowShort":null,"image":{"portraitUrl":null,"landscapeUrl":"https:\/\/images.nlziet.nl\/metadataimportimages\/source\/C87F843806C31D1516A612689BCB5AF36C3CFB1396478EE70F293ADE5858D4DC.jpg"},"logo":{"normalUrl":"https:\/\/cdn.nlziet.nl\/static\/assets\/contentproviders\/npo.png","darkUrl":"https:\/\/cdn.nlziet.nl\/static\/assets\/contentproviders\/dark\/npo.png","flatUrl":"https:\/\/cdn.nlziet.nl\/static\/assets\/contentproviders\/flat\/npo.png"},"tags":[],"seriesId":"7w7QGJy-_kmjD1dwmjwvsA"}]