[{"id":"b4-k9yuqQ0mkVVVpCHlJBA","type":"Vod","title":"Zomergasten","subtitle":"Floris Alkemade in het kort","description":"VPRO - Architect en Rijksbouwmeester Floris Alkemade is de eerste Zomergast van 2021. Janine Abbring sprak met hem op 18 juli. Zijn avond ging over het inzetten van verandering, vrijheid en de verantwoordelijkheid die daarbij hoort.","formattedEpisodeNumbering":null,"formattedDate":"Wo 21 jul. 2021","formattedDateShort":"Jul. 2021","formattedTime":"00:00","formattedDuration":"26m","formattedAvailabilityWindow":null,"formattedAvailabilityWindowShort":null,"image":{"portraitUrl":null,"landscapeUrl":"https:\/\/images.nlziet.nl\/metadataimportimages\/source\/B8CFD6C1902099D3DD17FC23EEFD6CADE736EDE89EB0FFA875834AC38FF2B9D8.jpg"},"logo":{"normalUrl":"https:\/\/cdn.nlziet.nl\/static\/assets\/contentproviders\/npo.png","darkUrl":"https:\/\/cdn.nlziet.nl\/static\/assets\/contentproviders\/dark\/npo.png","flatUrl":"https:\/\/cdn.nlziet.nl\/static\/assets\/contentproviders\/flat\/npo.png"},"tags":[],"seriesId":"5tjHWtFIpUKZMtCqv30tog"},{"id":"SVEjzZNs20amK0ox4ZN9nA","type":"Vod","title":"Zomergasten","subtitle":"Roxane van Iperen in het kort","description":"VPRO - Schrijver en jurist Roxane van Iperen (Nijmegen, 1976) was op 25 juli de tweede gast in VPRO Zomergasten. Haar avond ging over schuld en onschuld, de strijd om macht, en verzet.","formattedEpisodeNumbering":null,"formattedDate":"Di 27 jul. 2021","formattedDateShort":"Jul. 2021","formattedTime":"13:07","formattedDuration":"22m","formattedAvailabilityWindow":null,"formattedAvailabilityWindowShort":null,"image":{"portraitUrl":null,"landscapeUrl":"https:\/\/images.nlziet.nl\/metadataimportimages\/source\/52C870041BB65C3DABA28A843CFCEBBD6B4CD0C7039A9FBB777310A54C05F662.jpg"},"logo":{"normalUrl":"https:\/\/cdn.nlziet.nl\/static\/assets\/contentproviders\/npo.png","darkUrl":"https:\/\/cdn.nlziet.nl\/static\/assets\/contentproviders\/dark\/npo.png","flatUrl":"https:\/\/cdn.nlziet.nl\/static\/assets\/contentproviders\/flat\/npo.png"},"tags":[],"seriesId":"5tjHWtFIpUKZMtCqv30tog"},{"id":"6Rt3PInKekq23AZ1aAFkCw","type":"Vod","title":"Zomergasten","subtitle":"Robert Vermeiren in het kort","description":"VPRO - Hoogleraar kinder- en jeugdpsychiatrie Robert Vermeiren (Gent, 1968) was op 1 augustus de derde gast in VPRO Zomergasten. Zijn avond stond in het teken van de kracht en kwetsbaarheid van jongeren.","formattedEpisodeNumbering":null,"formattedDate":"Ma 2 aug. 2021","formattedDateShort":"Aug. 2021","formattedTime":"07:00","formattedDuration":"17m","formattedAvailabilityWindow":null,"formattedAvailabilityWindowShort":null,"image":{"portraitUrl":null,"landscapeUrl":"https:\/\/images.nlziet.nl\/metadataimportimages\/source\/DD6BE556631C1D7271085FB7C779A7FB466F847F1A654E009FF4F7928074E4E1.jpg"},"logo":{"normalUrl":"https:\/\/cdn.nlziet.nl\/static\/assets\/contentproviders\/npo.png","darkUrl":"https:\/\/cdn.nlziet.nl\/static\/assets\/contentproviders\/dark\/npo.png","flatUrl":"https:\/\/cdn.nlziet.nl\/static\/assets\/contentproviders\/flat\/npo.png"},"tags":[],"seriesId":"5tjHWtFIpUKZMtCqv30tog"},{"id":"EANGAP7isE2H2WOKEYofRA","type":"Vod","title":"Zomergasten","subtitle":"Sevdaliza in het kort","description":"VPRO - Zangeres, componist en producer Sevdaliza (Teheran, 1987) was op 8 augustus de vierde gast in VPRO Zomergasten. Centraal in haar avond stonden een kunstenaarsblik, killer mentaliteit en betekenis vinden in het leven.","formattedEpisodeNumbering":null,"formattedDate":"Ma 9 aug. 2021","formattedDateShort":"Aug. 2021","formattedTime":"13:43","formattedDuration":"11m","formattedAvailabilityWindow":null,"formattedAvailabilityWindowShort":null,"image":{"portraitUrl":null,"landscapeUrl":"https:\/\/images.nlziet.nl\/metadataimportimages\/source\/468DC4BDF5CB919C016F71122D7AA9AD1B6BC2787A792B8E745FA0B4F562433B.jpg"},"logo":{"normalUrl":"https:\/\/cdn.nlziet.nl\/static\/assets\/contentproviders\/npo.png","darkUrl":"https:\/\/cdn.nlziet.nl\/static\/assets\/contentproviders\/dark\/npo.png","flatUrl":"https:\/\/cdn.nlziet.nl\/static\/assets\/contentproviders\/flat\/npo.png"},"tags":[],"seriesId":"5tjHWtFIpUKZMtCqv30tog"},{"id":"a9ypX_Na50GjOt7kLdXXgw","type":"Vod","title":"Zomergasten","subtitle":"Alfred Birney in het kort","description":"VPRO - Schrijver Alfred Birney (Den Haag, 1951) was op 15 augustus de vijfde gast in VPRO Zomergasten. In zijn avond stonden de Nederlands-Indische geschiedenis, de oorlog en de bagage die je meedraagt in het leven centraal.","formattedEpisodeNumbering":null,"formattedDate":"Ma 16 aug. 2021","formattedDateShort":"Aug. 2021","formattedTime":"10:55","formattedDuration":"14m","formattedAvailabilityWindow":null,"formattedAvailabilityWindowShort":null,"image":{"portraitUrl":null,"landscapeUrl":"https:\/\/images.nlziet.nl\/metadataimportimages\/source\/3F8AAE085892CFA11D938BA848B05D73D3091BACAEDCD7CC01279BFC7C522014.jpg"},"logo":{"normalUrl":"https:\/\/cdn.nlziet.nl\/static\/assets\/contentproviders\/npo.png","darkUrl":"https:\/\/cdn.nlziet.nl\/static\/assets\/contentproviders\/dark\/npo.png","flatUrl":"https:\/\/cdn.nlziet.nl\/static\/assets\/contentproviders\/flat\/npo.png"},"tags":[],"seriesId":"5tjHWtFIpUKZMtCqv30tog"},{"id":"IcGaIju0QEGe_ShyWoeOHw","type":"Vod","title":"Zomergasten","subtitle":"Hans Klok in het kort","description":"VPRO - De zesde en laatste Zomergast van 2021 is illusionist Hans Klok (1969). Zijn avond draait om magie, een reis door de tijd en een ode aan het vari\u00e9t\u00e9.","formattedEpisodeNumbering":null,"formattedDate":"Ma 23 aug. 2021","formattedDateShort":"Aug. 2021","formattedTime":"11:41","formattedDuration":"13m","formattedAvailabilityWindow":null,"formattedAvailabilityWindowShort":null,"image":{"portraitUrl":null,"landscapeUrl":"https:\/\/images.nlziet.nl\/metadataimportimages\/source\/84FB9DFCE2946972A49572A5F4FC6E9EE803E267EA9667A58A821DB2D7785E07.jpg"},"logo":{"normalUrl":"https:\/\/cdn.nlziet.nl\/static\/assets\/contentproviders\/npo.png","darkUrl":"https:\/\/cdn.nlziet.nl\/static\/assets\/contentproviders\/dark\/npo.png","flatUrl":"https:\/\/cdn.nlziet.nl\/static\/assets\/contentproviders\/flat\/npo.png"},"tags":[],"seriesId":"5tjHWtFIpUKZMtCqv30tog"}]