[{"id":"7ziBjq0b_E2mCDQ8FawspA","type":"Vod","title":"NOS Kamerdebat","subtitle":"NOS Kamerdebat Zorgcrisis","description":null,"formattedEpisodeNumbering":null,"formattedDate":"Vr 19 dec. 2014","formattedDateShort":"Dec. 2014","formattedTime":"00:26","formattedDuration":"5u 4m","formattedAvailabilityWindow":null,"formattedAvailabilityWindowShort":null,"image":{"portraitUrl":null,"landscapeUrl":"https:\/\/images.nlziet.nl\/metadataimportimages\/source\/E509B222C1E14326589DBA6397C5D42C341ABF95CB4EF5CB333E8D8E92A9DE1F.jpg"},"logo":{"normalUrl":"https:\/\/cdn.nlziet.nl\/static\/assets\/contentproviders\/npo.png","darkUrl":"https:\/\/cdn.nlziet.nl\/static\/assets\/contentproviders\/dark\/npo.png","flatUrl":"https:\/\/cdn.nlziet.nl\/static\/assets\/contentproviders\/flat\/npo.png"},"tags":[],"seriesId":"7w7QGJy-_kmjD1dwmjwvsA"}]