[{"id":"lPaVpLcoJkKT9C9F9OoFCw","type":"Vod","title":"Muzikale Tour van de Vrijheid","subtitle":"Joe Buck & Josine van Aggelen","description":"EO - Singer-songwriter Joe Buck ontmoet Josine van Aggelen. Als zevenjarig meisje zit Josine, op 3 maart 1942, samen met haar ouders in een vliegboot uit het Indonesische Java. Het gezin Van Aggelen wordt ge\u00ebvacueerd, omdat de Japanse bezetting van Nederlands-Indi\u00eb aanstaande is. Bij een Japanse luchtaanval komen haar beide ouders om. Josine wordt op wonderbaarlijke wijze gered. Josine deelt het verhaal van haar bijzonder redding met Joe Buck, die vervolgens aan de slag gaat om er een indrukwekkende song te schrijven.","formattedEpisodeNumbering":null,"formattedDate":"Vr 6 mei.","formattedDateShort":"Vr 6 mei.","formattedTime":"18:30","formattedDuration":"29m","formattedAvailabilityWindow":null,"formattedAvailabilityWindowShort":null,"image":{"portraitUrl":null,"landscapeUrl":"https:\/\/images.nlziet.nl\/metadataimportimages\/source\/681DC95553D83AD8F32B5DAA07BE681603FFBACAAF33A481924F178053C32397.jpg"},"logo":{"normalUrl":"https:\/\/cdn.nlziet.nl\/static\/assets\/contentproviders\/npo.png","darkUrl":"https:\/\/cdn.nlziet.nl\/static\/assets\/contentproviders\/dark\/npo.png","flatUrl":"https:\/\/cdn.nlziet.nl\/static\/assets\/contentproviders\/flat\/npo.png"},"tags":[],"seriesId":"5VXdLkw-EUqay1j3T2i4Rg"},{"id":"MlPeyP6f9EmASRHwJr3BAw","type":"Vod","title":"Muzikale Tour van de Vrijheid","subtitle":"Chris Hordijk & Robin Imthorn","description":"EO - Zanger Chris Hordijk ontmoet Robin Imthorn, die een aantal malen op missie is geweest in Afghanistan. Als een van zijn collega-mariniers zwaargewond raakt, overleeft deze dankzij het levensreddende handelen van Robin. Deze traumatische gebeurtenis leidt uiteindelijk tot een psychisch litteken bij Robin zelf. Na heftige paniek- en angstaanvallen wordt er een posttraumatische stressstoornis vastgesteld. Na hun ontmoeting verwerkt Chris het indrukwekkende verhaal van Robin in een bijzondere song.","formattedEpisodeNumbering":null,"formattedDate":"Do 5 mei.","formattedDateShort":"Do 5 mei.","formattedTime":"18:33","formattedDuration":"29m","formattedAvailabilityWindow":null,"formattedAvailabilityWindowShort":null,"image":{"portraitUrl":null,"landscapeUrl":"https:\/\/images.nlziet.nl\/metadataimportimages\/source\/7B8D51155F8935584D9CEB21E4514133DE95968BF514F096F5A291985C6AC239.jpg"},"logo":{"normalUrl":"https:\/\/cdn.nlziet.nl\/static\/assets\/contentproviders\/npo.png","darkUrl":"https:\/\/cdn.nlziet.nl\/static\/assets\/contentproviders\/dark\/npo.png","flatUrl":"https:\/\/cdn.nlziet.nl\/static\/assets\/contentproviders\/flat\/npo.png"},"tags":[],"seriesId":"5VXdLkw-EUqay1j3T2i4Rg"},{"id":"90kGXVucsU-YPzFg9FswQw","type":"Vod","title":"De muzikale Tour van de Vrijheid","subtitle":"Laura van Kaam & Adam Versteeg","description":"EO - Zangeres Laura van Kaam ontmoet Adam Versteeg. De vader van Adam leidt in april 1943 een grote staking in Oost-Nederland tegen de Duitse plannen om Nederlandse arbeiders in te zetten in de Duitse oorlogsindustrie. De staking wordt op bloedige wijze neergeslagen en de vader van Adam wordt samen met de andere stakingsleiders gefusilleerd. Deze oorlogservaring tekent Adams leven tot op de dag van vandaag. Laura van Kaam verwerkt zijn levensverhaal in een speciaal voor hem geschreven nummer.","formattedEpisodeNumbering":null,"formattedDate":"Wo 4 mei.","formattedDateShort":"Wo 4 mei.","formattedTime":"18:30","formattedDuration":"27m","formattedAvailabilityWindow":null,"formattedAvailabilityWindowShort":null,"image":{"portraitUrl":null,"landscapeUrl":"https:\/\/images.nlziet.nl\/metadataimportimages\/source\/E61F276E7A29B8538BB0C549965C51135A10C8EFA387B00CE9FE2B12C7277389.jpg"},"logo":{"normalUrl":"https:\/\/cdn.nlziet.nl\/static\/assets\/contentproviders\/npo.png","darkUrl":"https:\/\/cdn.nlziet.nl\/static\/assets\/contentproviders\/dark\/npo.png","flatUrl":"https:\/\/cdn.nlziet.nl\/static\/assets\/contentproviders\/flat\/npo.png"},"tags":[],"seriesId":"5VXdLkw-EUqay1j3T2i4Rg"},{"id":"kF_lj9kn1kKkdhjAbTfgyg","type":"Vod","title":"Muzikale Tour van de Vrijheid","subtitle":"Navarone & Bart Jansen","description":"EO - De leden van de Nijmeegse rockband Navarone ontmoeten Bart Janssen. Als baby overleeft Bart ternauwernood het bombardement van 22 februari 1944 op de Nijmeegse binnenstad. Op die dag komen meer dan 800 inwoners om. Het bombardement is een opmaat naar een onrustig laatste oorlogsjaar. Ondanks het feit dat Bart indertijd nog maar een baby is, draagt hij deze geschiedenis tot op de dag van vandaag met zich mee. De bandleden van Navarone verwerken zijn verhaal tot een nieuwe song.","formattedEpisodeNumbering":null,"formattedDate":"Di 3 mei.","formattedDateShort":"Di 3 mei.","formattedTime":"18:30","formattedDuration":"29m","formattedAvailabilityWindow":null,"formattedAvailabilityWindowShort":null,"image":{"portraitUrl":null,"landscapeUrl":"https:\/\/images.nlziet.nl\/metadataimportimages\/source\/B75E8D1410C7B1809283644D149E16E1EF93B0C65C8BBE5484E0537FECC302CD.jpg"},"logo":{"normalUrl":"https:\/\/cdn.nlziet.nl\/static\/assets\/contentproviders\/npo.png","darkUrl":"https:\/\/cdn.nlziet.nl\/static\/assets\/contentproviders\/dark\/npo.png","flatUrl":"https:\/\/cdn.nlziet.nl\/static\/assets\/contentproviders\/flat\/npo.png"},"tags":[],"seriesId":"5VXdLkw-EUqay1j3T2i4Rg"},{"id":"BgBmSC6oU0izszhbe4-CdQ","type":"Vod","title":"Muzikale Tour van de Vrijheid","subtitle":"Coosje Smid & Ada Terpstra","description":"EO - Zangeres Coosje Smid ontmoet Ada Terpstra. De tante van Ada, Ad\u00e8le, werkt in de oorlog als verpleegkundige in het Apeldoornsche Bosch, een Joods-psychiatrische instelling. In de nacht van 21 op 22 januari 1943 worden hier bijna dertienhonderd pati\u00ebnten en personeelsleden door de Duitsers afgevoerd naar Auschwitz. Ook de tante van Ada keert niet meer terug. Coosje Smid wordt door Ada meegenomen door het verhaal van tante Ad\u00e8le, waarna de zangeres deze indrukwekkende ontmoeting vertaalt naar een bijzondere, muzikale ode.","formattedEpisodeNumbering":null,"formattedDate":"Ma 2 mei.","formattedDateShort":"Ma 2 mei.","formattedTime":"18:30","formattedDuration":"28m","formattedAvailabilityWindow":null,"formattedAvailabilityWindowShort":null,"image":{"portraitUrl":null,"landscapeUrl":"https:\/\/images.nlziet.nl\/metadataimportimages\/source\/2FE3FDAFE04286328D835341A45419C53DD1A565EF5D0DC996D0D202749D3BE3.jpg"},"logo":{"normalUrl":"https:\/\/cdn.nlziet.nl\/static\/assets\/contentproviders\/npo.png","darkUrl":"https:\/\/cdn.nlziet.nl\/static\/assets\/contentproviders\/dark\/npo.png","flatUrl":"https:\/\/cdn.nlziet.nl\/static\/assets\/contentproviders\/flat\/npo.png"},"tags":[],"seriesId":"5VXdLkw-EUqay1j3T2i4Rg"}]