[{"id":"jv3TJuT1FEuLvwK9BJVckQ","type":"Vod","title":"The Legacy","subtitle":"The Legacy","description":"NTR - Frederik moet zijn aandacht verdelen tussen de lokale bevolking, Pitu en zijn familie. Het kost Emil moeite om de vrede te bewaren voor Melody. Als Karin de samenwerking opzegt, staat Signe met lege handen. Dan komt er nieuws met grote gevolgen voor iedereen op Gr\u00f8nnegaard.","formattedEpisodeNumbering":null,"formattedDate":"Ma 1 jan. 2018","formattedDateShort":"Jan. 2018","formattedTime":"22:50","formattedDuration":"57m","formattedAvailabilityWindow":null,"formattedAvailabilityWindowShort":null,"image":{"portraitUrl":null,"landscapeUrl":"https:\/\/images.nlziet.nl\/metadataimportimages\/source\/5D8DCC11F447B6BCDCC950784A40B67538BABE1341CEDE1C6DF4C2A2454C8FDD.jpg"},"logo":{"normalUrl":"https:\/\/cdn.nlziet.nl\/static\/assets\/contentproviders\/npo.png","darkUrl":"https:\/\/cdn.nlziet.nl\/static\/assets\/contentproviders\/dark\/npo.png","flatUrl":"https:\/\/cdn.nlziet.nl\/static\/assets\/contentproviders\/flat\/npo.png"},"tags":[],"seriesId":"7AXJxg0jCkiyt2dT_4Kgww"},{"id":"s4nSLUonGk6c9q-CelWFxQ","type":"Vod","title":"The Legacy","subtitle":"The Legacy","description":"NTR - De vijandigheid van de lokale gemeenschap wordt Signe te veel. Emil keert terug voor Melody en probeert intussen de broers en zussen weer samen te brengen om Signe te helpen. Dat kost hem grote moeite: Gro is druk met een nieuw kunstwerk dat haar helpt bij de rouwverwerking en Frederik heeft zijn handen vol aan Villads en Solveig.","formattedEpisodeNumbering":null,"formattedDate":"Ma 25 dec. 2017","formattedDateShort":"Dec. 2017","formattedTime":"23:50","formattedDuration":"58m","formattedAvailabilityWindow":null,"formattedAvailabilityWindowShort":null,"image":{"portraitUrl":null,"landscapeUrl":"https:\/\/images.nlziet.nl\/metadataimportimages\/source\/D4BCBCA965A2A7BBB1254F439EE07EA48160DAE37934B42D031FEB4978919ABE.jpg"},"logo":{"normalUrl":"https:\/\/cdn.nlziet.nl\/static\/assets\/contentproviders\/npo.png","darkUrl":"https:\/\/cdn.nlziet.nl\/static\/assets\/contentproviders\/dark\/npo.png","flatUrl":"https:\/\/cdn.nlziet.nl\/static\/assets\/contentproviders\/flat\/npo.png"},"tags":[],"seriesId":"7AXJxg0jCkiyt2dT_4Kgww"},{"id":"zv13x5Ecy06l2MOfrvEi8w","type":"Vod","title":"The Legacy","subtitle":"The Legacy","description":"NTR - Emil zit in onzekerheid over zijn toekomst met Melody, maar ook over de gevolgen van zijn daden. De nabijheid van de familie bij het kunstenaarscollectief is namelijk niet onopgemerkt gebleven en dat brengt hen in de problemen. Vooral Signe wordt verrast door de consequenties, waaruit een zakelijk meningsverschil met Karin ontstaat.","formattedEpisodeNumbering":null,"formattedDate":"Ma 18 dec. 2017","formattedDateShort":"Dec. 2017","formattedTime":"23:00","formattedDuration":"56m","formattedAvailabilityWindow":null,"formattedAvailabilityWindowShort":null,"image":{"portraitUrl":null,"landscapeUrl":"https:\/\/images.nlziet.nl\/metadataimportimages\/source\/8DAB3D337A1F1D273B9632FF373F44C87C3F51DAC701D5186E9D4A02F28F8C3C.jpg"},"logo":{"normalUrl":"https:\/\/cdn.nlziet.nl\/static\/assets\/contentproviders\/npo.png","darkUrl":"https:\/\/cdn.nlziet.nl\/static\/assets\/contentproviders\/dark\/npo.png","flatUrl":"https:\/\/cdn.nlziet.nl\/static\/assets\/contentproviders\/flat\/npo.png"},"tags":[],"seriesId":"7AXJxg0jCkiyt2dT_4Kgww"},{"id":"Fm0cRBJNh0GZ6yIDjzNUzg","type":"Vod","title":"The Legacy","subtitle":"The Legacy","description":"NTR - Verschillende ruzies worden bijgelegd, maar Gro en Emil worden het niet eens over de toekomst van Melody. Signe is verrast als Aksel een aanbod overweegt dat hun toekomst samen kan veranderen. Frederik en Emil helpen de kunstenaars een handje bij het project, maar dat gaat verder dan ze in eerste instantie hadden verwacht.","formattedEpisodeNumbering":null,"formattedDate":"Ma 11 dec. 2017","formattedDateShort":"Dec. 2017","formattedTime":"22:55","formattedDuration":"56m","formattedAvailabilityWindow":null,"formattedAvailabilityWindowShort":null,"image":{"portraitUrl":null,"landscapeUrl":"https:\/\/images.nlziet.nl\/metadataimportimages\/source\/5B7F25902F6D1DD5D0CB2A2FC50CA3445809FF7F2D695EFE12FB50508F6F07B8.jpg"},"logo":{"normalUrl":"https:\/\/cdn.nlziet.nl\/static\/assets\/contentproviders\/npo.png","darkUrl":"https:\/\/cdn.nlziet.nl\/static\/assets\/contentproviders\/dark\/npo.png","flatUrl":"https:\/\/cdn.nlziet.nl\/static\/assets\/contentproviders\/flat\/npo.png"},"tags":[],"seriesId":"7AXJxg0jCkiyt2dT_4Kgww"},{"id":"jQvxRBwO9EanSPbxg9jjnw","type":"Vod","title":"The Legacy","subtitle":"The Legacy","description":"NTR - De samenwerking van Frederik en Pitu is succesvol, maar ze balanceren op het randje van de wet. Gro en Robert hebben Melody meegenomen op vakantie: Emil voelt zich verloren en gaat op zoek naar afleiding. Hij stort zich op Frederiks welzijn, maar dat werkt averechts. Signe's bereidheid om de familie te helpen wordt gewaardeerd.","formattedEpisodeNumbering":null,"formattedDate":"Ma 4 dec. 2017","formattedDateShort":"Dec. 2017","formattedTime":"22:55","formattedDuration":"53m","formattedAvailabilityWindow":null,"formattedAvailabilityWindowShort":null,"image":{"portraitUrl":null,"landscapeUrl":"https:\/\/images.nlziet.nl\/metadataimportimages\/source\/4C1C7F4B2AD617142763F5B30AF0738BD92D4D17489D64FF842CEA0F80B8F3A7.jpg"},"logo":{"normalUrl":"https:\/\/cdn.nlziet.nl\/static\/assets\/contentproviders\/npo.png","darkUrl":"https:\/\/cdn.nlziet.nl\/static\/assets\/contentproviders\/dark\/npo.png","flatUrl":"https:\/\/cdn.nlziet.nl\/static\/assets\/contentproviders\/flat\/npo.png"},"tags":[],"seriesId":"7AXJxg0jCkiyt2dT_4Kgww"},{"id":"xAYWVEpVpEOd5WzjNMvoOQ","type":"Vod","title":"The Legacy","subtitle":"The Legacy","description":"NTR - Ondanks de weerstand die Jensen cre\u00ebert, bereikt Signe met hulp van Karin een professionele mijlpaal. Ook Gro maakt een grote carri\u00e8rebeslissing; Kim maakt echter gauw duidelijk dat het grote gevolgen zal hebben. Frederik is bereid het kunstenaarscollectief te beschermen tot in de rechtszaal. Net wanneer de zaak verloren lijkt, wordt hem hulp geboden.","formattedEpisodeNumbering":null,"formattedDate":"Ma 27 nov. 2017","formattedDateShort":"Nov. 2017","formattedTime":"22:55","formattedDuration":"56m","formattedAvailabilityWindow":null,"formattedAvailabilityWindowShort":null,"image":{"portraitUrl":null,"landscapeUrl":"https:\/\/images.nlziet.nl\/metadataimportimages\/source\/13A2779D58D2EDB38D7198261D13864F2FC888F7B3F09F194E8C976082A31E65.jpg"},"logo":{"normalUrl":"https:\/\/cdn.nlziet.nl\/static\/assets\/contentproviders\/npo.png","darkUrl":"https:\/\/cdn.nlziet.nl\/static\/assets\/contentproviders\/dark\/npo.png","flatUrl":"https:\/\/cdn.nlziet.nl\/static\/assets\/contentproviders\/flat\/npo.png"},"tags":[],"seriesId":"7AXJxg0jCkiyt2dT_4Kgww"},{"id":"wITYJ5jVtEKRtpI0QiN38g","type":"Vod","title":"The Legacy","subtitle":"The Legacy","description":"NTR - De familieleden zoeken allemaal een manier om met hun verdriet om te gaan. Bij Gro ontstaan twijfels over wat ze nog voor de jonge kunstenaars kan betekenen; Frederik reageert zich juist op hen af en verjaagt ze uit Gr\u00f8nnegaard. Emil probeert daarbij de vrede te bewaren, maar zijn rol drukt zwaar op zijn geweten. Moet hij Frederik de waarheid vertellen?","formattedEpisodeNumbering":null,"formattedDate":"Ma 20 nov. 2017","formattedDateShort":"Nov. 2017","formattedTime":"23:05","formattedDuration":"55m","formattedAvailabilityWindow":null,"formattedAvailabilityWindowShort":null,"image":{"portraitUrl":null,"landscapeUrl":"https:\/\/images.nlziet.nl\/metadataimportimages\/source\/98515AB5E16B60C8044F2D7B5F4FE8A9514482C2C041AF480EE379BCDF52FFB2.jpg"},"logo":{"normalUrl":"https:\/\/cdn.nlziet.nl\/static\/assets\/contentproviders\/npo.png","darkUrl":"https:\/\/cdn.nlziet.nl\/static\/assets\/contentproviders\/dark\/npo.png","flatUrl":"https:\/\/cdn.nlziet.nl\/static\/assets\/contentproviders\/flat\/npo.png"},"tags":[],"seriesId":"7AXJxg0jCkiyt2dT_4Kgww"},{"id":"aRJeryBs7EWoK0cHCTsWvw","type":"Vod","title":"The Legacy","subtitle":"The Legacy","description":"NTR - Emil probeert een leuke dag te organiseren voor Melody's verjaardag op Gr\u00f8nnegaard, maar Hannah's verdwijning laat hem niet los: is het nodig om haar vertrouwen te schaden? Frederik realiseert zich het effect van zijn afwezigheid en probeert het vertrouwen van zijn familie terug te winnen. Signe's plannen krijgen vorm door de hulp van Karin. Gro heeft haar handen vol aan de reacties op de grensoverschrijdende expositie van de jonge kunstenaars.","formattedEpisodeNumbering":null,"formattedDate":"Ma 13 nov. 2017","formattedDateShort":"Nov. 2017","formattedTime":"22:55","formattedDuration":"56m","formattedAvailabilityWindow":null,"formattedAvailabilityWindowShort":null,"image":{"portraitUrl":null,"landscapeUrl":"https:\/\/images.nlziet.nl\/metadataimportimages\/source\/8822571B28D53C32F646E36BBF6B821B38FEDE56579266FFB3F58666ACCAC7F0.jpg"},"logo":{"normalUrl":"https:\/\/cdn.nlziet.nl\/static\/assets\/contentproviders\/npo.png","darkUrl":"https:\/\/cdn.nlziet.nl\/static\/assets\/contentproviders\/dark\/npo.png","flatUrl":"https:\/\/cdn.nlziet.nl\/static\/assets\/contentproviders\/flat\/npo.png"},"tags":[],"seriesId":"7AXJxg0jCkiyt2dT_4Kgww"},{"id":"-om9ahUlk0qHPtkllgxRTw","type":"Vod","title":"The Legacy","subtitle":"The Legacy","description":"NTR - Drie jaar later hebben de broers en zussen grote stappen gezet: Gro heeft een expositieruimte opgericht, Signe legt zich volledig toe op de ecologische landbouw, Emil heeft de zorg voor Melody op zich genomen en Frederik heeft een carri\u00e8re in de Verenigde Staten opgebouwd. Hannah's kunstenaarscollectief maakt zich op voor een progressieve tentoonstelling die maanden voorbereiding heeft gekost, maar de euforie lijkt verstoord te worden als Frederik onaangekondigd terugkeert. Maar ook Frederik onderschat wat hem te wachten staat.","formattedEpisodeNumbering":null,"formattedDate":"Ma 6 nov. 2017","formattedDateShort":"Nov. 2017","formattedTime":"22:55","formattedDuration":"57m","formattedAvailabilityWindow":null,"formattedAvailabilityWindowShort":null,"image":{"portraitUrl":null,"landscapeUrl":"https:\/\/images.nlziet.nl\/metadataimportimages\/source\/0E89A634E0871B98CEDF04F60D302E851983D5915D10CD1E2F012331FCB8B7CB.jpg"},"logo":{"normalUrl":"https:\/\/cdn.nlziet.nl\/static\/assets\/contentproviders\/npo.png","darkUrl":"https:\/\/cdn.nlziet.nl\/static\/assets\/contentproviders\/dark\/npo.png","flatUrl":"https:\/\/cdn.nlziet.nl\/static\/assets\/contentproviders\/flat\/npo.png"},"tags":[],"seriesId":"7AXJxg0jCkiyt2dT_4Kgww"}]