[{"id":"NdBxySlITEu_S7eyCjEO0A","type":"Vod","title":"Zappsport","subtitle":"Z@ppSport","description":"TROS, NPO Zapp - Sportmagazine voor de jeugd. Kinderen met een sportprobleem worden geholpen door een beroemde topsporter. In de reportage doen jonge talenten verslag van een belangrijk toernooi waar ze hopen nummer \u00e9\u00e9n te worden. De coolste tricks worden uitgelegd in The Move. Kids die een bijzondere sport doen, laten zien wat ze kunnen. Verder zijn er kortlopende series, zoals de Multisportkampsoap. Hierin zijn de belevenissen te volgen van een groep eigenwijze vrienden die op zomerkamp gaan.","formattedEpisodeNumbering":null,"formattedDate":"Za 1 sep. 2012","formattedDateShort":"Sep. 2012","formattedTime":"08:40","formattedDuration":"20m","formattedAvailabilityWindow":null,"formattedAvailabilityWindowShort":null,"image":{"portraitUrl":null,"landscapeUrl":"https:\/\/images.nlziet.nl\/metadataimportimages\/source\/5BB7F8AA2F042E7AA6ED99A0D93275369B962B738065639A6EC1DB6136988E4A.jpg"},"logo":{"normalUrl":"https:\/\/cdn.nlziet.nl\/static\/assets\/contentproviders\/npo.png","darkUrl":"https:\/\/cdn.nlziet.nl\/static\/assets\/contentproviders\/dark\/npo.png","flatUrl":"https:\/\/cdn.nlziet.nl\/static\/assets\/contentproviders\/flat\/npo.png"},"tags":[],"seriesId":"7QrOqPrilEGeM3pgWB1w1A"},{"id":"xbov2ILIn0aYOvHmjrWE0w","type":"Vod","title":"Zappsport","subtitle":"Z@ppSport","description":"TROS, NPO Zapp - Sportmagazine voor de jeugd. Kinderen met een sportprobleem worden geholpen door een beroemde topsporter. In de reportage doen jonge talenten verslag van een belangrijk toernooi waar ze hopen nummer \u00e9\u00e9n te worden. De coolste tricks worden uitgelegd in The Move. Kids die een bijzondere sport doen, laten zien wat ze kunnen. Verder zijn er kortlopende series, zoals de Multisportkampsoap. Hierin zijn de belevenissen te volgen van een groep eigenwijze vrienden die op zomerkamp gaan.","formattedEpisodeNumbering":null,"formattedDate":"Zo 26 aug. 2012","formattedDateShort":"Aug. 2012","formattedTime":"08:40","formattedDuration":"20m","formattedAvailabilityWindow":null,"formattedAvailabilityWindowShort":null,"image":{"portraitUrl":null,"landscapeUrl":"https:\/\/images.nlziet.nl\/metadataimportimages\/source\/66B1107B8CC168AD40DA59EEF51412F80984E6832755B0E22F4D00FC1AA14F0D.jpg"},"logo":{"normalUrl":"https:\/\/cdn.nlziet.nl\/static\/assets\/contentproviders\/npo.png","darkUrl":"https:\/\/cdn.nlziet.nl\/static\/assets\/contentproviders\/dark\/npo.png","flatUrl":"https:\/\/cdn.nlziet.nl\/static\/assets\/contentproviders\/flat\/npo.png"},"tags":[],"seriesId":"7QrOqPrilEGeM3pgWB1w1A"},{"id":"YfjTOgzAZESmyokfRwEvkg","type":"Vod","title":"Zappsport","subtitle":"Z@ppSport","description":"TROS, NPO Zapp - Ron Boszhard en Vivienne van den Assem presenteren Z@PPSPORT, een gevarieerd sportmagazine voor de jeugd. Kinderen met een sportprobleem worden geholpen door een beroemde topsporter. In de reportage doen jonge talenten verslag van een belangrijk toernooi waar ze hopen nummer \u00e9\u00e9n te worden. De coolste tricks worden uitgelegd in The Move. Kids die een bijzondere sport doen, laten zien wat ze kunnen. Verder zijn er kortlopende series, zoals de Multisportkampsoap. Hierin zijn de belevenissen te volgen van een groep eigenwijze vrienden die op zomerkamp gaan.","formattedEpisodeNumbering":null,"formattedDate":"Za 25 aug. 2012","formattedDateShort":"Aug. 2012","formattedTime":"08:40","formattedDuration":"20m","formattedAvailabilityWindow":null,"formattedAvailabilityWindowShort":null,"image":{"portraitUrl":null,"landscapeUrl":"https:\/\/images.nlziet.nl\/metadataimportimages\/source\/AA7CBC527E8B4FA237900E0D16085281758C26592C946A15A8684DAD5CBFC4B8.jpg"},"logo":{"normalUrl":"https:\/\/cdn.nlziet.nl\/static\/assets\/contentproviders\/npo.png","darkUrl":"https:\/\/cdn.nlziet.nl\/static\/assets\/contentproviders\/dark\/npo.png","flatUrl":"https:\/\/cdn.nlziet.nl\/static\/assets\/contentproviders\/flat\/npo.png"},"tags":[],"seriesId":"7QrOqPrilEGeM3pgWB1w1A"},{"id":"uN_pQK9etEeLGYowaypCYg","type":"Vod","title":"Zappsport","subtitle":"Z@ppSport","description":"TROS, NPO Zapp - Sportmagazine voor de jeugd. Kinderen met een sportprobleem worden geholpen door een beroemde topsporter. In de reportage doen jonge talenten verslag van een belangrijk toernooi waar ze hopen nummer \u00e9\u00e9n te worden. De coolste tricks worden uitgelegd in The Move. Kids die een bijzondere sport doen, laten zien wat ze kunnen. Verder zijn er kortlopende series, zoals de Multisportkampsoap. Hierin zijn de belevenissen te volgen van een groep eigenwijze vrienden die op zomerkamp gaan.","formattedEpisodeNumbering":null,"formattedDate":"Zo 19 aug. 2012","formattedDateShort":"Aug. 2012","formattedTime":"08:40","formattedDuration":"20m","formattedAvailabilityWindow":null,"formattedAvailabilityWindowShort":null,"image":{"portraitUrl":null,"landscapeUrl":"https:\/\/images.nlziet.nl\/metadataimportimages\/source\/108863D53820AA2EA57656E3DF27BDFA18453E9DD5A8A4464DA902F77E5B8ECD.jpg"},"logo":{"normalUrl":"https:\/\/cdn.nlziet.nl\/static\/assets\/contentproviders\/npo.png","darkUrl":"https:\/\/cdn.nlziet.nl\/static\/assets\/contentproviders\/dark\/npo.png","flatUrl":"https:\/\/cdn.nlziet.nl\/static\/assets\/contentproviders\/flat\/npo.png"},"tags":[],"seriesId":"7QrOqPrilEGeM3pgWB1w1A"},{"id":"uwBgvKmSmUqz8plJvPWs2A","type":"Vod","title":"Zappsport","subtitle":"Z@ppSport","description":"TROS, NPO Zapp - Sportmagazine voor de jeugd. Kinderen met een sportprobleem worden geholpen door een beroemde topsporter. In de reportage doen jonge talenten verslag van een belangrijk toernooi waar ze hopen nummer \u00e9\u00e9n te worden. De coolste tricks worden uitgelegd in The Move. Kids die een bijzondere sport doen, laten zien wat ze kunnen. Verder zijn er kortlopende series, zoals de Multisportkampsoap. Hierin zijn de belevenissen te volgen van een groep eigenwijze vrienden die op zomerkamp gaan.","formattedEpisodeNumbering":null,"formattedDate":"Za 18 aug. 2012","formattedDateShort":"Aug. 2012","formattedTime":"08:40","formattedDuration":"20m","formattedAvailabilityWindow":null,"formattedAvailabilityWindowShort":null,"image":{"portraitUrl":null,"landscapeUrl":"https:\/\/images.nlziet.nl\/metadataimportimages\/source\/394D36C9B72A642CCB039245D0B00707DD1D16C5FCE9D20EEE99F4EFAC37E148.jpg"},"logo":{"normalUrl":"https:\/\/cdn.nlziet.nl\/static\/assets\/contentproviders\/npo.png","darkUrl":"https:\/\/cdn.nlziet.nl\/static\/assets\/contentproviders\/dark\/npo.png","flatUrl":"https:\/\/cdn.nlziet.nl\/static\/assets\/contentproviders\/flat\/npo.png"},"tags":[],"seriesId":"7QrOqPrilEGeM3pgWB1w1A"},{"id":"3V1vQtMj-0CZNDdzdd2GnQ","type":"Vod","title":"Zappsport","subtitle":"Z@ppSport","description":"TROS, NPO Zapp - Sportmagazine voor de jeugd. Kinderen met een sportprobleem worden geholpen door een beroemde topsporter. In de reportage doen jonge talenten verslag van een belangrijk toernooi waar ze hopen nummer \u00e9\u00e9n te worden. De coolste tricks worden uitgelegd in The Move. Kids die een bijzondere sport doen, laten zien wat ze kunnen. Verder zijn er kortlopende series, zoals de Multisportkampsoap. Hierin zijn de belevenissen te volgen van een groep eigenwijze vrienden die op zomerkamp gaan.","formattedEpisodeNumbering":null,"formattedDate":"Zo 12 aug. 2012","formattedDateShort":"Aug. 2012","formattedTime":"08:40","formattedDuration":"20m","formattedAvailabilityWindow":null,"formattedAvailabilityWindowShort":null,"image":{"portraitUrl":null,"landscapeUrl":"https:\/\/images.nlziet.nl\/metadataimportimages\/source\/CBA42EBF2033D0E850561CA75BC27D5DEAA474DD12EB0819198A7E03743C89C6.jpg"},"logo":{"normalUrl":"https:\/\/cdn.nlziet.nl\/static\/assets\/contentproviders\/npo.png","darkUrl":"https:\/\/cdn.nlziet.nl\/static\/assets\/contentproviders\/dark\/npo.png","flatUrl":"https:\/\/cdn.nlziet.nl\/static\/assets\/contentproviders\/flat\/npo.png"},"tags":[],"seriesId":"7QrOqPrilEGeM3pgWB1w1A"},{"id":"62wygB7yK0SShW3P6A2j7w","type":"Vod","title":"Zappsport","subtitle":"Sportdag","description":"TROS, NPO Zapp - Sportmagazine voor de jeugd. Kinderen met een sportprobleem worden geholpen door een beroemde topsporter. In de reportage doen jonge talenten verslag van een belangrijk toernooi waar ze hopen nummer \u00e9\u00e9n te worden. De coolste tricks worden uitgelegd in The Move. Kids die een bijzondere sport doen, laten zien wat ze kunnen. Verder zijn er kortlopende series, zoals de Multisportkampsoap. Hierin zijn de belevenissen te volgen van een groep eigenwijze vrienden die op zomerkamp gaan.","formattedEpisodeNumbering":null,"formattedDate":"Za 11 aug. 2012","formattedDateShort":"Aug. 2012","formattedTime":"08:40","formattedDuration":"20m","formattedAvailabilityWindow":null,"formattedAvailabilityWindowShort":null,"image":{"portraitUrl":null,"landscapeUrl":"https:\/\/images.nlziet.nl\/metadataimportimages\/source\/6EDAF15EFD8A0FF4C31ED6B7477C3BE6C667847E8D190FD792384A83A4071061.jpg"},"logo":{"normalUrl":"https:\/\/cdn.nlziet.nl\/static\/assets\/contentproviders\/npo.png","darkUrl":"https:\/\/cdn.nlziet.nl\/static\/assets\/contentproviders\/dark\/npo.png","flatUrl":"https:\/\/cdn.nlziet.nl\/static\/assets\/contentproviders\/flat\/npo.png"},"tags":[],"seriesId":"7QrOqPrilEGeM3pgWB1w1A"},{"id":"C5ek8tUkRk-KPcpe8bVw1Q","type":"Vod","title":"Zappsport","subtitle":"Z@ppSport","description":"TROS, NPO Zapp - Sportmagazine voor de jeugd. Kinderen met een sportprobleem worden geholpen door een beroemde topsporter. In de reportage doen jonge talenten verslag van een belangrijk toernooi waar ze hopen nummer \u00e9\u00e9n te worden. De coolste tricks worden uitgelegd in The Move. Kids die een bijzondere sport doen, laten zien wat ze kunnen. Verder zijn er kortlopende series, zoals de Multisportkampsoap. Hierin zijn de belevenissen te volgen van een groep eigenwijze vrienden die op zomerkamp gaan.","formattedEpisodeNumbering":null,"formattedDate":"Za 4 aug. 2012","formattedDateShort":"Aug. 2012","formattedTime":"17:45","formattedDuration":"15m","formattedAvailabilityWindow":null,"formattedAvailabilityWindowShort":null,"image":{"portraitUrl":null,"landscapeUrl":"https:\/\/images.nlziet.nl\/metadataimportimages\/source\/ED8898849BE8D7EC40B206C2044E46157EE536ACC1953E3B2ED475D6F700597A.jpg"},"logo":{"normalUrl":"https:\/\/cdn.nlziet.nl\/static\/assets\/contentproviders\/npo.png","darkUrl":"https:\/\/cdn.nlziet.nl\/static\/assets\/contentproviders\/dark\/npo.png","flatUrl":"https:\/\/cdn.nlziet.nl\/static\/assets\/contentproviders\/flat\/npo.png"},"tags":[],"seriesId":"7QrOqPrilEGeM3pgWB1w1A"},{"id":"bEPJtRjTZ0CzvmHQkBikIw","type":"Vod","title":"Zappsport","subtitle":"Survival","description":"TROS, NPO Zapp - Sportmagazine voor de jeugd. Kinderen met een sportprobleem worden geholpen door een beroemde topsporter. In de reportage doen jonge talenten verslag van een belangrijk toernooi waar ze hopen nummer \u00e9\u00e9n te worden. De coolste tricks worden uitgelegd in The Move. Kids die een bijzondere sport doen, laten zien wat ze kunnen. Verder zijn er kortlopende series, zoals de Multisportkampsoap. Hierin zijn de belevenissen te volgen van een groep eigenwijze vrienden die op zomerkamp gaan.","formattedEpisodeNumbering":null,"formattedDate":"Za 4 aug. 2012","formattedDateShort":"Aug. 2012","formattedTime":"08:40","formattedDuration":"20m","formattedAvailabilityWindow":null,"formattedAvailabilityWindowShort":null,"image":{"portraitUrl":null,"landscapeUrl":"https:\/\/images.nlziet.nl\/metadataimportimages\/source\/9A340E3727F29651DECD0279421EC32F4A26A8F6EB11A4FD69683079947304D2.jpg"},"logo":{"normalUrl":"https:\/\/cdn.nlziet.nl\/static\/assets\/contentproviders\/npo.png","darkUrl":"https:\/\/cdn.nlziet.nl\/static\/assets\/contentproviders\/dark\/npo.png","flatUrl":"https:\/\/cdn.nlziet.nl\/static\/assets\/contentproviders\/flat\/npo.png"},"tags":[],"seriesId":"7QrOqPrilEGeM3pgWB1w1A"},{"id":"QtQq8CDXmE25Xh9wp9egYA","type":"Vod","title":"Zappsport","subtitle":"Padel","description":"TROS, NPO Zapp - Sportmagazine voor de jeugd. Kinderen met een sportprobleem worden geholpen door een beroemde topsporter. In de reportage doen jonge talenten verslag van een belangrijk toernooi waar ze hopen nummer \u00e9\u00e9n te worden. De coolste tricks worden uitgelegd in The Move. Kids die een bijzondere sport doen, laten zien wat ze kunnen. Verder zijn er kortlopende series, zoals de Multisportkampsoap. Hierin zijn de belevenissen te volgen van een groep eigenwijze vrienden die op zomerkamp gaan.","formattedEpisodeNumbering":null,"formattedDate":"Za 28 jul. 2012","formattedDateShort":"Jul. 2012","formattedTime":"08:40","formattedDuration":"20m","formattedAvailabilityWindow":null,"formattedAvailabilityWindowShort":null,"image":{"portraitUrl":null,"landscapeUrl":"https:\/\/images.nlziet.nl\/metadataimportimages\/source\/E0E2FF4C0E34E2C9C670070403A60E4999C98AEC271E322965FEDC3F64740C4A.jpg"},"logo":{"normalUrl":"https:\/\/cdn.nlziet.nl\/static\/assets\/contentproviders\/npo.png","darkUrl":"https:\/\/cdn.nlziet.nl\/static\/assets\/contentproviders\/dark\/npo.png","flatUrl":"https:\/\/cdn.nlziet.nl\/static\/assets\/contentproviders\/flat\/npo.png"},"tags":[],"seriesId":"7QrOqPrilEGeM3pgWB1w1A"},{"id":"5BiaNpCBskqP6ERtzgz27w","type":"Vod","title":"Zappsport","subtitle":"Speerwerpen","description":"TROS, NPO Zapp - Een gevarieerd sportmagazine voor de jeugd. Kinderen met een sportprobleem worden geholpen door een beroemde topsporter. In de reportage doen jonge talenten verslag van een belangrijk toernooi waar ze hopen nummer \u00e9\u00e9n te worden. De coolste tricks worden uitgelegd in The Move. Kids die een bijzondere sport doen, laten zien wat ze kunnen. Verder zijn er kortlopende series, zoals de Multisportkampsoap. Hierin zijn de belevenissen te volgen van een groep eigenwijze vrienden die op zomerkamp gaan.","formattedEpisodeNumbering":null,"formattedDate":"Zo 22 jul. 2012","formattedDateShort":"Jul. 2012","formattedTime":"08:40","formattedDuration":"20m","formattedAvailabilityWindow":null,"formattedAvailabilityWindowShort":null,"image":{"portraitUrl":null,"landscapeUrl":"https:\/\/images.nlziet.nl\/metadataimportimages\/source\/3EB9F5532B42E5D3617546EB8625CBF44A3FB15D5FCE52B2663AF0103A20F982.jpg"},"logo":{"normalUrl":"https:\/\/cdn.nlziet.nl\/static\/assets\/contentproviders\/npo.png","darkUrl":"https:\/\/cdn.nlziet.nl\/static\/assets\/contentproviders\/dark\/npo.png","flatUrl":"https:\/\/cdn.nlziet.nl\/static\/assets\/contentproviders\/flat\/npo.png"},"tags":[],"seriesId":"7QrOqPrilEGeM3pgWB1w1A"},{"id":"5mlMVCtNc0mq0QuFOb9VEg","type":"Vod","title":"Zappsport","subtitle":"Z@ppSport","description":"TROS, NPO Zapp - Sportmagazine voor de jeugd. Kinderen met een sportprobleem worden geholpen door een beroemde topsporter. In de reportage doen jonge talenten verslag van een belangrijk toernooi waar ze hopen nummer \u00e9\u00e9n te worden. De coolste tricks worden uitgelegd in The Move. Kids die een bijzondere sport doen, laten zien wat ze kunnen. Verder zijn er kortlopende series, zoals de Multisportkampsoap. Hierin zijn de belevenissen te volgen van een groep eigenwijze vrienden die op zomerkamp gaan.","formattedEpisodeNumbering":null,"formattedDate":"Za 21 jul. 2012","formattedDateShort":"Jul. 2012","formattedTime":"08:40","formattedDuration":"20m","formattedAvailabilityWindow":null,"formattedAvailabilityWindowShort":null,"image":{"portraitUrl":null,"landscapeUrl":"https:\/\/images.nlziet.nl\/metadataimportimages\/source\/8FDEFABFAC7C1A6BD2139BB38C02FE97CD4D65C6A223BC21355A780681A854EF.jpg"},"logo":{"normalUrl":"https:\/\/cdn.nlziet.nl\/static\/assets\/contentproviders\/npo.png","darkUrl":"https:\/\/cdn.nlziet.nl\/static\/assets\/contentproviders\/dark\/npo.png","flatUrl":"https:\/\/cdn.nlziet.nl\/static\/assets\/contentproviders\/flat\/npo.png"},"tags":[],"seriesId":"7QrOqPrilEGeM3pgWB1w1A"},{"id":"pyzrrpObH0qhyzLimNMvFA","type":"Vod","title":"Zappsport","subtitle":"Z@ppSport","description":"TROS, NPO Zapp - Sportmagazine voor de jeugd. Kinderen met een sportprobleem worden geholpen door een beroemde topsporter. In de reportage doen jonge talenten verslag van een belangrijk toernooi waar ze hopen nummer \u00e9\u00e9n te worden. De coolste tricks worden uitgelegd in The Move. Kids die een bijzondere sport doen, laten zien wat ze kunnen. Verder zijn er kortlopende series, zoals de Multisportkampsoap. Hierin zijn de belevenissen te volgen van een groep eigenwijze vrienden die op zomerkamp gaan.","formattedEpisodeNumbering":null,"formattedDate":"Zo 15 jul. 2012","formattedDateShort":"Jul. 2012","formattedTime":"08:40","formattedDuration":"20m","formattedAvailabilityWindow":null,"formattedAvailabilityWindowShort":null,"image":{"portraitUrl":null,"landscapeUrl":"https:\/\/images.nlziet.nl\/metadataimportimages\/source\/2CAF16486E2623109CEAD3F6285485306036B80BB3610E56414CCBA8FCBF7A7F.jpg"},"logo":{"normalUrl":"https:\/\/cdn.nlziet.nl\/static\/assets\/contentproviders\/npo.png","darkUrl":"https:\/\/cdn.nlziet.nl\/static\/assets\/contentproviders\/dark\/npo.png","flatUrl":"https:\/\/cdn.nlziet.nl\/static\/assets\/contentproviders\/flat\/npo.png"},"tags":[],"seriesId":"7QrOqPrilEGeM3pgWB1w1A"},{"id":"_sNWL-qBdECabNtV-Igq9w","type":"Vod","title":"Zappsport","subtitle":"Z@ppSport","description":"TROS, NPO Zapp - Sportmagazine voor de jeugd. Kinderen met een sportprobleem worden geholpen door een beroemde topsporter. In de reportage doen jonge talenten verslag van een belangrijk toernooi waar ze hopen nummer \u00e9\u00e9n te worden. De coolste tricks worden uitgelegd in The Move. Kids die een bijzondere sport doen, laten zien wat ze kunnen. Verder zijn er kortlopende series, zoals de Multisportkampsoap. Hierin zijn de belevenissen te volgen van een groep eigenwijze vrienden die op zomerkamp gaan.","formattedEpisodeNumbering":null,"formattedDate":"Za 14 jul. 2012","formattedDateShort":"Jul. 2012","formattedTime":"08:40","formattedDuration":"20m","formattedAvailabilityWindow":null,"formattedAvailabilityWindowShort":null,"image":{"portraitUrl":null,"landscapeUrl":"https:\/\/images.nlziet.nl\/metadataimportimages\/source\/20D27C1C2CB8CE5251608AD6D2F7C149569C30D750333E56CA4966535115CF3D.jpg"},"logo":{"normalUrl":"https:\/\/cdn.nlziet.nl\/static\/assets\/contentproviders\/npo.png","darkUrl":"https:\/\/cdn.nlziet.nl\/static\/assets\/contentproviders\/dark\/npo.png","flatUrl":"https:\/\/cdn.nlziet.nl\/static\/assets\/contentproviders\/flat\/npo.png"},"tags":[],"seriesId":"7QrOqPrilEGeM3pgWB1w1A"},{"id":"i64-Zrahj0mpIENg7JUWKQ","type":"Vod","title":"Zappsport","subtitle":"Z@ppSport","description":"TROS, NPO Zapp - Sportmagazine voor de jeugd. Kinderen met een sportprobleem worden geholpen door een beroemde topsporter. In de reportage doen jonge talenten verslag van een belangrijk toernooi waar ze hopen nummer \u00e9\u00e9n te worden. De coolste tricks worden uitgelegd in The Move. Kids die een bijzondere sport doen, laten zien wat ze kunnen. Verder zijn er kortlopende series, zoals de Multisportkampsoap. Hierin zijn de belevenissen te volgen van een groep eigenwijze vrienden die op zomerkamp gaan.","formattedEpisodeNumbering":null,"formattedDate":"Za 7 jul. 2012","formattedDateShort":"Jul. 2012","formattedTime":"08:40","formattedDuration":"20m","formattedAvailabilityWindow":null,"formattedAvailabilityWindowShort":null,"image":{"portraitUrl":null,"landscapeUrl":"https:\/\/images.nlziet.nl\/metadataimportimages\/source\/20D27C1C2CB8CE5251608AD6D2F7C149569C30D750333E56CA4966535115CF3D.jpg"},"logo":{"normalUrl":"https:\/\/cdn.nlziet.nl\/static\/assets\/contentproviders\/npo.png","darkUrl":"https:\/\/cdn.nlziet.nl\/static\/assets\/contentproviders\/dark\/npo.png","flatUrl":"https:\/\/cdn.nlziet.nl\/static\/assets\/contentproviders\/flat\/npo.png"},"tags":[],"seriesId":"7QrOqPrilEGeM3pgWB1w1A"},{"id":"Q68_SJOXtUGLNmYlveoNrg","type":"Vod","title":"Zappsport","subtitle":"Z@ppSport","description":"TROS, NPO Zapp - Sportmagazine voor de jeugd. Kinderen met een sportprobleem worden geholpen door een beroemde topsporter. In de reportage doen jonge talenten verslag van een belangrijk toernooi waar ze hopen nummer \u00e9\u00e9n te worden. De coolste tricks worden uitgelegd in The Move. Kids die een bijzondere sport doen, laten zien wat ze kunnen. Verder zijn er kortlopende series, zoals de Multisportkampsoap. Hierin zijn de belevenissen te volgen van een groep eigenwijze vrienden die op zomerkamp gaan.","formattedEpisodeNumbering":null,"formattedDate":"Zo 1 jul. 2012","formattedDateShort":"Jul. 2012","formattedTime":"15:15","formattedDuration":"15m","formattedAvailabilityWindow":null,"formattedAvailabilityWindowShort":null,"image":{"portraitUrl":null,"landscapeUrl":"https:\/\/images.nlziet.nl\/metadataimportimages\/source\/52088E68F881017E18C8234C579FC8A23E12F40A616D268ED5DD5FC754792E13.jpg"},"logo":{"normalUrl":"https:\/\/cdn.nlziet.nl\/static\/assets\/contentproviders\/npo.png","darkUrl":"https:\/\/cdn.nlziet.nl\/static\/assets\/contentproviders\/dark\/npo.png","flatUrl":"https:\/\/cdn.nlziet.nl\/static\/assets\/contentproviders\/flat\/npo.png"},"tags":[],"seriesId":"7QrOqPrilEGeM3pgWB1w1A"},{"id":"d9fNsXpW8kiv9E9Sy-3K9Q","type":"Vod","title":"Zappsport","subtitle":"Z@ppSport","description":"TROS - Kindersportprogramma waarin alle takken van sport voorbijkomen. In het onderdeel The Battle strijden de jongens tegen de meiden in een bepaalde sport. Ron staat in dit onderdeel tegenover de bloedfanatieke 'teamcaptain' Britt Dekker. Kinderen met een sportprobleem krijgen hulp van een beroemde topsporter in de Hellup en er zijn regelmatig specials te zien rondom grote sporttoernooien.","formattedEpisodeNumbering":null,"formattedDate":"Zo 30 dec. 2007","formattedDateShort":"Dec. 2007","formattedTime":"08:50","formattedDuration":"20m","formattedAvailabilityWindow":null,"formattedAvailabilityWindowShort":null,"image":{"portraitUrl":null,"landscapeUrl":"https:\/\/images.nlziet.nl\/metadataimportimages\/source\/76A5BAF5BB8570AD4AFD5C0D9D931F94506306A13562C7A61D53B0513AF683DE.jpg"},"logo":{"normalUrl":"https:\/\/cdn.nlziet.nl\/static\/assets\/contentproviders\/npo.png","darkUrl":"https:\/\/cdn.nlziet.nl\/static\/assets\/contentproviders\/dark\/npo.png","flatUrl":"https:\/\/cdn.nlziet.nl\/static\/assets\/contentproviders\/flat\/npo.png"},"tags":[],"seriesId":"7QrOqPrilEGeM3pgWB1w1A"},{"id":"qTCBDQFDRE-WIaFfUrvFdw","type":"Vod","title":"Zappsport","subtitle":"Z@ppSport","description":"TROS - Compilatie van de Z@PP Zomerspelen 2007. Deze werden op 25 augustus voor de vijfde keer gehouden in h\u00e9t sportcentrum van Nederland: Papendal. 528 kinderen tussen de 8 en 12 jaar deden mee aan dit spektakel dat tevens de start van een nieuw seizoen Z@ppSport inluidde. Alle deelnemers vormden verschillende teams die onder aanvoering stonden van topsporters als judoka \u00e9n sporttalent van het jaar Marvin de la Croes, taekwondoka Patrick Stevens en atlete Najla Jaber. Ook bekende Z@PP-presentatoren als Marcel Kuijer en Renate Schutte, Ron Boszhard en Angela Esajas traden op als teamcaptains. Kinderen konden actief bezig zijn met stoere sporten als sumoworstelen en bmx, minder bekende sporten als geocaching en pocketbike, maar ook met basketbal trampolinespringen. Onder meer is te zien hoe de teams van Ron en Angela dit sportfestijn beleven. Ook krijgt men antwoord op vragen als: Hoe zwaar zijn sumoworstelaars? en Waarom sportten atleten vroeger tijdens de Olympische Spelen in hun blootje? De Z@PP Zomerspelen zijn een initiatief van het NOC in samenwerking met Z@ppSport. Deze Olympische Spelen voor kinderen zijn inmiddels een traditie. Compleet met een openingsceremonie met Erica Terpstra, verschillende sportclinics en een feestelijke afsluiting met de Nederlands Kampioen Jumpstyle Remco Sanders en de Z@PP Jump! Doel is om kinderen enthousiast te maken voor de georganiseerde sport.","formattedEpisodeNumbering":null,"formattedDate":"Za 8 sep. 2007","formattedDateShort":"Sep. 2007","formattedTime":"17:15","formattedDuration":"30m","formattedAvailabilityWindow":null,"formattedAvailabilityWindowShort":null,"image":{"portraitUrl":null,"landscapeUrl":"https:\/\/images.nlziet.nl\/metadataimportimages\/source\/76A5BAF5BB8570AD4AFD5C0D9D931F94506306A13562C7A61D53B0513AF683DE.jpg"},"logo":{"normalUrl":"https:\/\/cdn.nlziet.nl\/static\/assets\/contentproviders\/npo.png","darkUrl":"https:\/\/cdn.nlziet.nl\/static\/assets\/contentproviders\/dark\/npo.png","flatUrl":"https:\/\/cdn.nlziet.nl\/static\/assets\/contentproviders\/flat\/npo.png"},"tags":[],"seriesId":"7QrOqPrilEGeM3pgWB1w1A"},{"id":"PigzSQ0EbEiaCJxB76GvRQ","type":"Vod","title":"Zappsport","subtitle":"Z@ppSport","description":"TROS - Kindersportprogramma waarin alle takken van sport voorbijkomen. In het onderdeel The Battle strijden de jongens tegen de meiden in een bepaalde sport. Ron staat in dit onderdeel tegenover de bloedfanatieke 'teamcaptain' Britt Dekker. Kinderen met een sportprobleem krijgen hulp van een beroemde topsporter in de Hellup en er zijn regelmatig specials te zien rondom grote sporttoernooien.","formattedEpisodeNumbering":null,"formattedDate":"Zo 2 sep. 2007","formattedDateShort":"Sep. 2007","formattedTime":"09:20","formattedDuration":"40m","formattedAvailabilityWindow":null,"formattedAvailabilityWindowShort":null,"image":{"portraitUrl":null,"landscapeUrl":"https:\/\/images.nlziet.nl\/metadataimportimages\/source\/76A5BAF5BB8570AD4AFD5C0D9D931F94506306A13562C7A61D53B0513AF683DE.jpg"},"logo":{"normalUrl":"https:\/\/cdn.nlziet.nl\/static\/assets\/contentproviders\/npo.png","darkUrl":"https:\/\/cdn.nlziet.nl\/static\/assets\/contentproviders\/dark\/npo.png","flatUrl":"https:\/\/cdn.nlziet.nl\/static\/assets\/contentproviders\/flat\/npo.png"},"tags":[],"seriesId":"7QrOqPrilEGeM3pgWB1w1A"},{"id":"mi7Mp8noyUeECSLAfJkxXQ","type":"Vod","title":"Zappsport","subtitle":"Compilatie.","description":"TROS - Afl.: Compilatie.","formattedEpisodeNumbering":null,"formattedDate":"Za 1 sep. 2007","formattedDateShort":"Sep. 2007","formattedTime":"17:23","formattedDuration":"27m","formattedAvailabilityWindow":null,"formattedAvailabilityWindowShort":null,"image":{"portraitUrl":null,"landscapeUrl":"https:\/\/images.nlziet.nl\/metadataimportimages\/source\/76A5BAF5BB8570AD4AFD5C0D9D931F94506306A13562C7A61D53B0513AF683DE.jpg"},"logo":{"normalUrl":"https:\/\/cdn.nlziet.nl\/static\/assets\/contentproviders\/npo.png","darkUrl":"https:\/\/cdn.nlziet.nl\/static\/assets\/contentproviders\/dark\/npo.png","flatUrl":"https:\/\/cdn.nlziet.nl\/static\/assets\/contentproviders\/flat\/npo.png"},"tags":[],"seriesId":"7QrOqPrilEGeM3pgWB1w1A"},{"id":"FqIm0VWo-UWH_JzH7F3ROA","type":"Vod","title":"Zappsport","subtitle":"Z@ppSport","description":"TROS - Kindersportprogramma waarin alle takken van sport voorbijkomen. In het onderdeel The Battle strijden de jongens tegen de meiden in een bepaalde sport. Ron staat in dit onderdeel tegenover de bloedfanatieke 'teamcaptain' Britt Dekker. Kinderen met een sportprobleem krijgen hulp van een beroemde topsporter in de Hellup en er zijn regelmatig specials te zien rondom grote sporttoernooien.","formattedEpisodeNumbering":null,"formattedDate":"Za 1 sep. 2007","formattedDateShort":"Sep. 2007","formattedTime":"08:40","formattedDuration":"30m","formattedAvailabilityWindow":null,"formattedAvailabilityWindowShort":null,"image":{"portraitUrl":null,"landscapeUrl":"https:\/\/images.nlziet.nl\/metadataimportimages\/source\/76A5BAF5BB8570AD4AFD5C0D9D931F94506306A13562C7A61D53B0513AF683DE.jpg"},"logo":{"normalUrl":"https:\/\/cdn.nlziet.nl\/static\/assets\/contentproviders\/npo.png","darkUrl":"https:\/\/cdn.nlziet.nl\/static\/assets\/contentproviders\/dark\/npo.png","flatUrl":"https:\/\/cdn.nlziet.nl\/static\/assets\/contentproviders\/flat\/npo.png"},"tags":[],"seriesId":"7QrOqPrilEGeM3pgWB1w1A"},{"id":"h0yRHe-Hw0ydfnS_vyqUIQ","type":"Vod","title":"Zappsport","subtitle":"Z@ppSport","description":"TROS - Kindersportprogramma waarin alle takken van sport voorbijkomen. In het onderdeel The Battle strijden de jongens tegen de meiden in een bepaalde sport. Ron staat in dit onderdeel tegenover de bloedfanatieke 'teamcaptain' Britt Dekker. Kinderen met een sportprobleem krijgen hulp van een beroemde topsporter in de Hellup en er zijn regelmatig specials te zien rondom grote sporttoernooien.","formattedEpisodeNumbering":null,"formattedDate":"Zo 26 aug. 2007","formattedDateShort":"Aug. 2007","formattedTime":"09:25","formattedDuration":"35m","formattedAvailabilityWindow":null,"formattedAvailabilityWindowShort":null,"image":{"portraitUrl":null,"landscapeUrl":"https:\/\/images.nlziet.nl\/metadataimportimages\/source\/76A5BAF5BB8570AD4AFD5C0D9D931F94506306A13562C7A61D53B0513AF683DE.jpg"},"logo":{"normalUrl":"https:\/\/cdn.nlziet.nl\/static\/assets\/contentproviders\/npo.png","darkUrl":"https:\/\/cdn.nlziet.nl\/static\/assets\/contentproviders\/dark\/npo.png","flatUrl":"https:\/\/cdn.nlziet.nl\/static\/assets\/contentproviders\/flat\/npo.png"},"tags":[],"seriesId":"7QrOqPrilEGeM3pgWB1w1A"},{"id":"WDcu6tYxW0G86nBlMNgBhw","type":"Vod","title":"Zappsport","subtitle":"Z@ppSport","description":"TROS - Kindersportprogramma waarin alle takken van sport voorbijkomen. In het onderdeel The Battle strijden de jongens tegen de meiden in een bepaalde sport. Ron staat in dit onderdeel tegenover de bloedfanatieke 'teamcaptain' Britt Dekker. Kinderen met een sportprobleem krijgen hulp van een beroemde topsporter in de Hellup en er zijn regelmatig specials te zien rondom grote sporttoernooien.","formattedEpisodeNumbering":null,"formattedDate":"Za 25 aug. 2007","formattedDateShort":"Aug. 2007","formattedTime":"17:20","formattedDuration":"30m","formattedAvailabilityWindow":null,"formattedAvailabilityWindowShort":null,"image":{"portraitUrl":null,"landscapeUrl":"https:\/\/images.nlziet.nl\/metadataimportimages\/source\/76A5BAF5BB8570AD4AFD5C0D9D931F94506306A13562C7A61D53B0513AF683DE.jpg"},"logo":{"normalUrl":"https:\/\/cdn.nlziet.nl\/static\/assets\/contentproviders\/npo.png","darkUrl":"https:\/\/cdn.nlziet.nl\/static\/assets\/contentproviders\/dark\/npo.png","flatUrl":"https:\/\/cdn.nlziet.nl\/static\/assets\/contentproviders\/flat\/npo.png"},"tags":[],"seriesId":"7QrOqPrilEGeM3pgWB1w1A"},{"id":"bIaXDO0lyEauqnvNopu7ug","type":"Vod","title":"Zappsport","subtitle":"Z@ppSport","description":"TROS - Kindersportprogramma waarin alle takken van sport voorbijkomen. In het onderdeel The Battle strijden de jongens tegen de meiden in een bepaalde sport. Ron staat in dit onderdeel tegenover de bloedfanatieke 'teamcaptain' Britt Dekker. Kinderen met een sportprobleem krijgen hulp van een beroemde topsporter in de Hellup en er zijn regelmatig specials te zien rondom grote sporttoernooien.","formattedEpisodeNumbering":null,"formattedDate":"Zo 5 aug. 2007","formattedDateShort":"Aug. 2007","formattedTime":"09:20","formattedDuration":"35m","formattedAvailabilityWindow":null,"formattedAvailabilityWindowShort":null,"image":{"portraitUrl":null,"landscapeUrl":"https:\/\/images.nlziet.nl\/metadataimportimages\/source\/76A5BAF5BB8570AD4AFD5C0D9D931F94506306A13562C7A61D53B0513AF683DE.jpg"},"logo":{"normalUrl":"https:\/\/cdn.nlziet.nl\/static\/assets\/contentproviders\/npo.png","darkUrl":"https:\/\/cdn.nlziet.nl\/static\/assets\/contentproviders\/dark\/npo.png","flatUrl":"https:\/\/cdn.nlziet.nl\/static\/assets\/contentproviders\/flat\/npo.png"},"tags":[],"seriesId":"7QrOqPrilEGeM3pgWB1w1A"},{"id":"0IL9UYk4BEK8Cmld8KItYA","type":"Vod","title":"Zappsport","subtitle":"Compilatie.","description":"TROS - Kindersportprogramma waarin alle takken van sport voorbijkomen. In het onderdeel The Battle strijden de jongens tegen de meiden in een bepaalde sport. Ron staat in dit onderdeel tegenover de bloedfanatieke 'teamcaptain' Britt Dekker. Kinderen met een sportprobleem krijgen hulp van een beroemde topsporter in de Hellup en er zijn regelmatig specials te zien rondom grote sporttoernooien.","formattedEpisodeNumbering":null,"formattedDate":"Za 4 aug. 2007","formattedDateShort":"Aug. 2007","formattedTime":"17:20","formattedDuration":"35m","formattedAvailabilityWindow":null,"formattedAvailabilityWindowShort":null,"image":{"portraitUrl":null,"landscapeUrl":"https:\/\/images.nlziet.nl\/metadataimportimages\/source\/76A5BAF5BB8570AD4AFD5C0D9D931F94506306A13562C7A61D53B0513AF683DE.jpg"},"logo":{"normalUrl":"https:\/\/cdn.nlziet.nl\/static\/assets\/contentproviders\/npo.png","darkUrl":"https:\/\/cdn.nlziet.nl\/static\/assets\/contentproviders\/dark\/npo.png","flatUrl":"https:\/\/cdn.nlziet.nl\/static\/assets\/contentproviders\/flat\/npo.png"},"tags":[],"seriesId":"7QrOqPrilEGeM3pgWB1w1A"},{"id":"B4p81WzfP0Wl6WITLd1tvQ","type":"Vod","title":"Zappsport","subtitle":"Z@ppSport","description":"TROS - Kindersportprogramma waarin alle takken van sport voorbijkomen. In het onderdeel The Battle strijden de jongens tegen de meiden in een bepaalde sport. Ron staat in dit onderdeel tegenover de bloedfanatieke 'teamcaptain' Britt Dekker. Kinderen met een sportprobleem krijgen hulp van een beroemde topsporter in de Hellup en er zijn regelmatig specials te zien rondom grote sporttoernooien.","formattedEpisodeNumbering":null,"formattedDate":"Za 4 aug. 2007","formattedDateShort":"Aug. 2007","formattedTime":"08:40","formattedDuration":"30m","formattedAvailabilityWindow":null,"formattedAvailabilityWindowShort":null,"image":{"portraitUrl":null,"landscapeUrl":"https:\/\/images.nlziet.nl\/metadataimportimages\/source\/76A5BAF5BB8570AD4AFD5C0D9D931F94506306A13562C7A61D53B0513AF683DE.jpg"},"logo":{"normalUrl":"https:\/\/cdn.nlziet.nl\/static\/assets\/contentproviders\/npo.png","darkUrl":"https:\/\/cdn.nlziet.nl\/static\/assets\/contentproviders\/dark\/npo.png","flatUrl":"https:\/\/cdn.nlziet.nl\/static\/assets\/contentproviders\/flat\/npo.png"},"tags":[],"seriesId":"7QrOqPrilEGeM3pgWB1w1A"},{"id":"rSsK_f1SAk6XEnRP-S_7wg","type":"Vod","title":"Zappsport","subtitle":"Z@ppSport","description":"TROS - Kindersportprogramma waarin alle takken van sport voorbijkomen. In het onderdeel The Battle strijden de jongens tegen de meiden in een bepaalde sport. Ron staat in dit onderdeel tegenover de bloedfanatieke 'teamcaptain' Britt Dekker. Kinderen met een sportprobleem krijgen hulp van een beroemde topsporter in de Hellup en er zijn regelmatig specials te zien rondom grote sporttoernooien.","formattedEpisodeNumbering":null,"formattedDate":"Zo 29 jul. 2007","formattedDateShort":"Jul. 2007","formattedTime":"09:25","formattedDuration":"35m","formattedAvailabilityWindow":null,"formattedAvailabilityWindowShort":null,"image":{"portraitUrl":null,"landscapeUrl":"https:\/\/images.nlziet.nl\/metadataimportimages\/source\/76A5BAF5BB8570AD4AFD5C0D9D931F94506306A13562C7A61D53B0513AF683DE.jpg"},"logo":{"normalUrl":"https:\/\/cdn.nlziet.nl\/static\/assets\/contentproviders\/npo.png","darkUrl":"https:\/\/cdn.nlziet.nl\/static\/assets\/contentproviders\/dark\/npo.png","flatUrl":"https:\/\/cdn.nlziet.nl\/static\/assets\/contentproviders\/flat\/npo.png"},"tags":[],"seriesId":"7QrOqPrilEGeM3pgWB1w1A"},{"id":"M22Ir2osTkm6eTc0asx3oQ","type":"Vod","title":"Zappsport","subtitle":"Compilatie.","description":"TROS - Kindersportprogramma waarin alle takken van sport voorbijkomen. In het onderdeel The Battle strijden de jongens tegen de meiden in een bepaalde sport. Ron staat in dit onderdeel tegenover de bloedfanatieke 'teamcaptain' Britt Dekker. Kinderen met een sportprobleem krijgen hulp van een beroemde topsporter in de Hellup en er zijn regelmatig specials te zien rondom grote sporttoernooien.","formattedEpisodeNumbering":null,"formattedDate":"Za 28 jul. 2007","formattedDateShort":"Jul. 2007","formattedTime":"17:10","formattedDuration":"35m","formattedAvailabilityWindow":null,"formattedAvailabilityWindowShort":null,"image":{"portraitUrl":null,"landscapeUrl":"https:\/\/images.nlziet.nl\/metadataimportimages\/source\/76A5BAF5BB8570AD4AFD5C0D9D931F94506306A13562C7A61D53B0513AF683DE.jpg"},"logo":{"normalUrl":"https:\/\/cdn.nlziet.nl\/static\/assets\/contentproviders\/npo.png","darkUrl":"https:\/\/cdn.nlziet.nl\/static\/assets\/contentproviders\/dark\/npo.png","flatUrl":"https:\/\/cdn.nlziet.nl\/static\/assets\/contentproviders\/flat\/npo.png"},"tags":[],"seriesId":"7QrOqPrilEGeM3pgWB1w1A"},{"id":"IR34m2Wf90adYBgx8C_trw","type":"Vod","title":"Zappsport","subtitle":"Z@ppSport","description":"TROS - Afl.: Compilatie.","formattedEpisodeNumbering":null,"formattedDate":"Za 28 jul. 2007","formattedDateShort":"Jul. 2007","formattedTime":"08:40","formattedDuration":"30m","formattedAvailabilityWindow":null,"formattedAvailabilityWindowShort":null,"image":{"portraitUrl":null,"landscapeUrl":"https:\/\/images.nlziet.nl\/metadataimportimages\/source\/76A5BAF5BB8570AD4AFD5C0D9D931F94506306A13562C7A61D53B0513AF683DE.jpg"},"logo":{"normalUrl":"https:\/\/cdn.nlziet.nl\/static\/assets\/contentproviders\/npo.png","darkUrl":"https:\/\/cdn.nlziet.nl\/static\/assets\/contentproviders\/dark\/npo.png","flatUrl":"https:\/\/cdn.nlziet.nl\/static\/assets\/contentproviders\/flat\/npo.png"},"tags":[],"seriesId":"7QrOqPrilEGeM3pgWB1w1A"},{"id":"_ekDL-WTbE-bKyNhAO5G8g","type":"Vod","title":"Zappsport","subtitle":"Z@ppSport","description":"TROS - Kindersportprogramma waarin alle takken van sport voorbijkomen. In het onderdeel The Battle strijden de jongens tegen de meiden in een bepaalde sport. Ron staat in dit onderdeel tegenover de bloedfanatieke 'teamcaptain' Britt Dekker. Kinderen met een sportprobleem krijgen hulp van een beroemde topsporter in de Hellup en er zijn regelmatig specials te zien rondom grote sporttoernooien.","formattedEpisodeNumbering":null,"formattedDate":"Zo 22 jul. 2007","formattedDateShort":"Jul. 2007","formattedTime":"09:25","formattedDuration":"35m","formattedAvailabilityWindow":null,"formattedAvailabilityWindowShort":null,"image":{"portraitUrl":null,"landscapeUrl":"https:\/\/images.nlziet.nl\/metadataimportimages\/source\/76A5BAF5BB8570AD4AFD5C0D9D931F94506306A13562C7A61D53B0513AF683DE.jpg"},"logo":{"normalUrl":"https:\/\/cdn.nlziet.nl\/static\/assets\/contentproviders\/npo.png","darkUrl":"https:\/\/cdn.nlziet.nl\/static\/assets\/contentproviders\/dark\/npo.png","flatUrl":"https:\/\/cdn.nlziet.nl\/static\/assets\/contentproviders\/flat\/npo.png"},"tags":[],"seriesId":"7QrOqPrilEGeM3pgWB1w1A"},{"id":"pomJgQs6eEmlFJV6-UU4Tg","type":"Vod","title":"Zappsport","subtitle":"Compilatie.","description":"TROS - Afl.: Compilatie.","formattedEpisodeNumbering":null,"formattedDate":"Za 21 jul. 2007","formattedDateShort":"Jul. 2007","formattedTime":"17:18","formattedDuration":"27m","formattedAvailabilityWindow":null,"formattedAvailabilityWindowShort":null,"image":{"portraitUrl":null,"landscapeUrl":"https:\/\/images.nlziet.nl\/metadataimportimages\/source\/76A5BAF5BB8570AD4AFD5C0D9D931F94506306A13562C7A61D53B0513AF683DE.jpg"},"logo":{"normalUrl":"https:\/\/cdn.nlziet.nl\/static\/assets\/contentproviders\/npo.png","darkUrl":"https:\/\/cdn.nlziet.nl\/static\/assets\/contentproviders\/dark\/npo.png","flatUrl":"https:\/\/cdn.nlziet.nl\/static\/assets\/contentproviders\/flat\/npo.png"},"tags":[],"seriesId":"7QrOqPrilEGeM3pgWB1w1A"},{"id":"MFjA8_wfZkq47GnY5TITvQ","type":"Vod","title":"Zappsport","subtitle":"Z@ppSport","description":"TROS - Kindersportprogramma waarin alle takken van sport voorbijkomen. In het onderdeel The Battle strijden de jongens tegen de meiden in een bepaalde sport. Ron staat in dit onderdeel tegenover de bloedfanatieke 'teamcaptain' Britt Dekker. Kinderen met een sportprobleem krijgen hulp van een beroemde topsporter in de Hellup en er zijn regelmatig specials te zien rondom grote sporttoernooien.","formattedEpisodeNumbering":null,"formattedDate":"Zo 15 jul. 2007","formattedDateShort":"Jul. 2007","formattedTime":"09:45","formattedDuration":"15m","formattedAvailabilityWindow":null,"formattedAvailabilityWindowShort":null,"image":{"portraitUrl":null,"landscapeUrl":"https:\/\/images.nlziet.nl\/metadataimportimages\/source\/76A5BAF5BB8570AD4AFD5C0D9D931F94506306A13562C7A61D53B0513AF683DE.jpg"},"logo":{"normalUrl":"https:\/\/cdn.nlziet.nl\/static\/assets\/contentproviders\/npo.png","darkUrl":"https:\/\/cdn.nlziet.nl\/static\/assets\/contentproviders\/dark\/npo.png","flatUrl":"https:\/\/cdn.nlziet.nl\/static\/assets\/contentproviders\/flat\/npo.png"},"tags":[],"seriesId":"7QrOqPrilEGeM3pgWB1w1A"},{"id":"WxF_nnM7Aki2-lpkGlqqpQ","type":"Vod","title":"Zappsport","subtitle":"Z@ppSport","description":"TROS - Kindersportprogramma waarin alle takken van sport voorbijkomen. In het onderdeel The Battle strijden de jongens tegen de meiden in een bepaalde sport. Ron staat in dit onderdeel tegenover de bloedfanatieke 'teamcaptain' Britt Dekker. Kinderen met een sportprobleem krijgen hulp van een beroemde topsporter in de Hellup en er zijn regelmatig specials te zien rondom grote sporttoernooien.","formattedEpisodeNumbering":null,"formattedDate":"Za 14 jul. 2007","formattedDateShort":"Jul. 2007","formattedTime":"08:45","formattedDuration":"15m","formattedAvailabilityWindow":null,"formattedAvailabilityWindowShort":null,"image":{"portraitUrl":null,"landscapeUrl":"https:\/\/images.nlziet.nl\/metadataimportimages\/source\/76A5BAF5BB8570AD4AFD5C0D9D931F94506306A13562C7A61D53B0513AF683DE.jpg"},"logo":{"normalUrl":"https:\/\/cdn.nlziet.nl\/static\/assets\/contentproviders\/npo.png","darkUrl":"https:\/\/cdn.nlziet.nl\/static\/assets\/contentproviders\/dark\/npo.png","flatUrl":"https:\/\/cdn.nlziet.nl\/static\/assets\/contentproviders\/flat\/npo.png"},"tags":[],"seriesId":"7QrOqPrilEGeM3pgWB1w1A"},{"id":"DnMKiGfRdkCS_rX-VjlypA","type":"Vod","title":"Zappsport","subtitle":"Z@ppSport","description":"TROS - Kindersportprogramma waarin alle takken van sport voorbijkomen. In het onderdeel The Battle strijden de jongens tegen de meiden in een bepaalde sport. Ron staat in dit onderdeel tegenover de bloedfanatieke 'teamcaptain' Britt Dekker. Kinderen met een sportprobleem krijgen hulp van een beroemde topsporter in de Hellup en er zijn regelmatig specials te zien rondom grote sporttoernooien.","formattedEpisodeNumbering":null,"formattedDate":"Zo 8 jul. 2007","formattedDateShort":"Jul. 2007","formattedTime":"09:40","formattedDuration":"20m","formattedAvailabilityWindow":null,"formattedAvailabilityWindowShort":null,"image":{"portraitUrl":null,"landscapeUrl":"https:\/\/images.nlziet.nl\/metadataimportimages\/source\/76A5BAF5BB8570AD4AFD5C0D9D931F94506306A13562C7A61D53B0513AF683DE.jpg"},"logo":{"normalUrl":"https:\/\/cdn.nlziet.nl\/static\/assets\/contentproviders\/npo.png","darkUrl":"https:\/\/cdn.nlziet.nl\/static\/assets\/contentproviders\/dark\/npo.png","flatUrl":"https:\/\/cdn.nlziet.nl\/static\/assets\/contentproviders\/flat\/npo.png"},"tags":[],"seriesId":"7QrOqPrilEGeM3pgWB1w1A"},{"id":"BcDP01prm0y8TosnFbU_Yg","type":"Vod","title":"Zappsport","subtitle":"Z@ppSport","description":"TROS - Kindersportprogramma waarin alle takken van sport voorbijkomen. In het onderdeel The Battle strijden de jongens tegen de meiden in een bepaalde sport. Ron staat in dit onderdeel tegenover de bloedfanatieke 'teamcaptain' Britt Dekker. Kinderen met een sportprobleem krijgen hulp van een beroemde topsporter in de Hellup en er zijn regelmatig specials te zien rondom grote sporttoernooien.","formattedEpisodeNumbering":null,"formattedDate":"Zo 1 jul. 2007","formattedDateShort":"Jul. 2007","formattedTime":"09:35","formattedDuration":"25m","formattedAvailabilityWindow":null,"formattedAvailabilityWindowShort":null,"image":{"portraitUrl":null,"landscapeUrl":"https:\/\/images.nlziet.nl\/metadataimportimages\/source\/76A5BAF5BB8570AD4AFD5C0D9D931F94506306A13562C7A61D53B0513AF683DE.jpg"},"logo":{"normalUrl":"https:\/\/cdn.nlziet.nl\/static\/assets\/contentproviders\/npo.png","darkUrl":"https:\/\/cdn.nlziet.nl\/static\/assets\/contentproviders\/dark\/npo.png","flatUrl":"https:\/\/cdn.nlziet.nl\/static\/assets\/contentproviders\/flat\/npo.png"},"tags":[],"seriesId":"7QrOqPrilEGeM3pgWB1w1A"},{"id":"AqwxA-UErUaTXcL-MiOZlw","type":"Vod","title":"Zappsport","subtitle":"Z@ppSport","description":"TROS - Kindersportprogramma waarin alle takken van sport voorbijkomen. In het onderdeel The Battle strijden de jongens tegen de meiden in een bepaalde sport. Ron staat in dit onderdeel tegenover de bloedfanatieke 'teamcaptain' Britt Dekker. Kinderen met een sportprobleem krijgen hulp van een beroemde topsporter in de Hellup en er zijn regelmatig specials te zien rondom grote sporttoernooien.","formattedEpisodeNumbering":null,"formattedDate":"Za 30 jun. 2007","formattedDateShort":"Jun. 2007","formattedTime":"08:45","formattedDuration":"15m","formattedAvailabilityWindow":null,"formattedAvailabilityWindowShort":null,"image":{"portraitUrl":null,"landscapeUrl":"https:\/\/images.nlziet.nl\/metadataimportimages\/source\/76A5BAF5BB8570AD4AFD5C0D9D931F94506306A13562C7A61D53B0513AF683DE.jpg"},"logo":{"normalUrl":"https:\/\/cdn.nlziet.nl\/static\/assets\/contentproviders\/npo.png","darkUrl":"https:\/\/cdn.nlziet.nl\/static\/assets\/contentproviders\/dark\/npo.png","flatUrl":"https:\/\/cdn.nlziet.nl\/static\/assets\/contentproviders\/flat\/npo.png"},"tags":[],"seriesId":"7QrOqPrilEGeM3pgWB1w1A"},{"id":"ulIN-cPVi0iGiurkBW5jQw","type":"Vod","title":"Zappsport","subtitle":"Z@ppSport","description":"TROS - Kindersportprogramma waarin alle takken van sport voorbijkomen. In het onderdeel The Battle strijden de jongens tegen de meiden in een bepaalde sport. Ron staat in dit onderdeel tegenover de bloedfanatieke 'teamcaptain' Britt Dekker. Kinderen met een sportprobleem krijgen hulp van een beroemde topsporter in de Hellup en er zijn regelmatig specials te zien rondom grote sporttoernooien.","formattedEpisodeNumbering":null,"formattedDate":"Di 11 jul. 2006","formattedDateShort":"Jul. 2006","formattedTime":"11:00","formattedDuration":"15m","formattedAvailabilityWindow":null,"formattedAvailabilityWindowShort":null,"image":{"portraitUrl":null,"landscapeUrl":"https:\/\/images.nlziet.nl\/metadataimportimages\/source\/76A5BAF5BB8570AD4AFD5C0D9D931F94506306A13562C7A61D53B0513AF683DE.jpg"},"logo":{"normalUrl":"https:\/\/cdn.nlziet.nl\/static\/assets\/contentproviders\/npo.png","darkUrl":"https:\/\/cdn.nlziet.nl\/static\/assets\/contentproviders\/dark\/npo.png","flatUrl":"https:\/\/cdn.nlziet.nl\/static\/assets\/contentproviders\/flat\/npo.png"},"tags":[],"seriesId":"7QrOqPrilEGeM3pgWB1w1A"},{"id":"RqT1AOEYi0S8Xv8ArC6cYQ","type":"Vod","title":"Zappsport","subtitle":"Z@ppSport","description":"TROS - Kindersportprogramma waarin alle takken van sport voorbijkomen. In het onderdeel The Battle strijden de jongens tegen de meiden in een bepaalde sport. Ron staat in dit onderdeel tegenover de bloedfanatieke 'teamcaptain' Britt Dekker. Kinderen met een sportprobleem krijgen hulp van een beroemde topsporter in de Hellup en er zijn regelmatig specials te zien rondom grote sporttoernooien.","formattedEpisodeNumbering":null,"formattedDate":"Ma 10 jul. 2006","formattedDateShort":"Jul. 2006","formattedTime":"11:00","formattedDuration":"15m","formattedAvailabilityWindow":null,"formattedAvailabilityWindowShort":null,"image":{"portraitUrl":null,"landscapeUrl":"https:\/\/images.nlziet.nl\/metadataimportimages\/source\/76A5BAF5BB8570AD4AFD5C0D9D931F94506306A13562C7A61D53B0513AF683DE.jpg"},"logo":{"normalUrl":"https:\/\/cdn.nlziet.nl\/static\/assets\/contentproviders\/npo.png","darkUrl":"https:\/\/cdn.nlziet.nl\/static\/assets\/contentproviders\/dark\/npo.png","flatUrl":"https:\/\/cdn.nlziet.nl\/static\/assets\/contentproviders\/flat\/npo.png"},"tags":[],"seriesId":"7QrOqPrilEGeM3pgWB1w1A"},{"id":"R1TNLeJuO0GBQ4v-2fej3g","type":"Vod","title":"Zappsport","subtitle":"Z@ppSport","description":"TROS - Kindersportprogramma waarin alle takken van sport voorbijkomen. In het onderdeel The Battle strijden de jongens tegen de meiden in een bepaalde sport. Ron staat in dit onderdeel tegenover de bloedfanatieke 'teamcaptain' Britt Dekker. Kinderen met een sportprobleem krijgen hulp van een beroemde topsporter in de Hellup en er zijn regelmatig specials te zien rondom grote sporttoernooien.","formattedEpisodeNumbering":null,"formattedDate":"Di 4 jul. 2006","formattedDateShort":"Jul. 2006","formattedTime":"11:03","formattedDuration":"15m","formattedAvailabilityWindow":null,"formattedAvailabilityWindowShort":null,"image":{"portraitUrl":null,"landscapeUrl":"https:\/\/images.nlziet.nl\/metadataimportimages\/source\/76A5BAF5BB8570AD4AFD5C0D9D931F94506306A13562C7A61D53B0513AF683DE.jpg"},"logo":{"normalUrl":"https:\/\/cdn.nlziet.nl\/static\/assets\/contentproviders\/npo.png","darkUrl":"https:\/\/cdn.nlziet.nl\/static\/assets\/contentproviders\/dark\/npo.png","flatUrl":"https:\/\/cdn.nlziet.nl\/static\/assets\/contentproviders\/flat\/npo.png"},"tags":[],"seriesId":"7QrOqPrilEGeM3pgWB1w1A"},{"id":"LALOZFwJKEuvhviW0i7yLg","type":"Vod","title":"Zappsport","subtitle":"Z@ppSport","description":"TROS - Kindersportprogramma waarin alle takken van sport voorbijkomen. In het onderdeel The Battle strijden de jongens tegen de meiden in een bepaalde sport. Ron staat in dit onderdeel tegenover de bloedfanatieke 'teamcaptain' Britt Dekker. Kinderen met een sportprobleem krijgen hulp van een beroemde topsporter in de Hellup en er zijn regelmatig specials te zien rondom grote sporttoernooien.","formattedEpisodeNumbering":null,"formattedDate":"Ma 3 jul. 2006","formattedDateShort":"Jul. 2006","formattedTime":"11:00","formattedDuration":"15m","formattedAvailabilityWindow":null,"formattedAvailabilityWindowShort":null,"image":{"portraitUrl":null,"landscapeUrl":"https:\/\/images.nlziet.nl\/metadataimportimages\/source\/76A5BAF5BB8570AD4AFD5C0D9D931F94506306A13562C7A61D53B0513AF683DE.jpg"},"logo":{"normalUrl":"https:\/\/cdn.nlziet.nl\/static\/assets\/contentproviders\/npo.png","darkUrl":"https:\/\/cdn.nlziet.nl\/static\/assets\/contentproviders\/dark\/npo.png","flatUrl":"https:\/\/cdn.nlziet.nl\/static\/assets\/contentproviders\/flat\/npo.png"},"tags":[],"seriesId":"7QrOqPrilEGeM3pgWB1w1A"},{"id":"ywgseMmdNUaYaTlJ-dvYhA","type":"Vod","title":"Zappsport","subtitle":"Z@ppSport","description":"TROS - Kindersportprogramma waarin alle takken van sport voorbijkomen. In het onderdeel The Battle strijden de jongens tegen de meiden in een bepaalde sport. Ron staat in dit onderdeel tegenover de bloedfanatieke 'teamcaptain' Britt Dekker. Kinderen met een sportprobleem krijgen hulp van een beroemde topsporter in de Hellup en er zijn regelmatig specials te zien rondom grote sporttoernooien.","formattedEpisodeNumbering":null,"formattedDate":"Di 27 jun. 2006","formattedDateShort":"Jun. 2006","formattedTime":"13:03","formattedDuration":"17m","formattedAvailabilityWindow":null,"formattedAvailabilityWindowShort":null,"image":{"portraitUrl":null,"landscapeUrl":"https:\/\/images.nlziet.nl\/metadataimportimages\/source\/76A5BAF5BB8570AD4AFD5C0D9D931F94506306A13562C7A61D53B0513AF683DE.jpg"},"logo":{"normalUrl":"https:\/\/cdn.nlziet.nl\/static\/assets\/contentproviders\/npo.png","darkUrl":"https:\/\/cdn.nlziet.nl\/static\/assets\/contentproviders\/dark\/npo.png","flatUrl":"https:\/\/cdn.nlziet.nl\/static\/assets\/contentproviders\/flat\/npo.png"},"tags":[],"seriesId":"7QrOqPrilEGeM3pgWB1w1A"},{"id":"HAe78YO7BUWrVeTnJYgnoA","type":"Vod","title":"Zappsport","subtitle":"Z@ppSport","description":"TROS - Kindersportprogramma waarin alle takken van sport voorbijkomen. In het onderdeel The Battle strijden de jongens tegen de meiden in een bepaalde sport. Ron staat in dit onderdeel tegenover de bloedfanatieke 'teamcaptain' Britt Dekker. Kinderen met een sportprobleem krijgen hulp van een beroemde topsporter in de Hellup en er zijn regelmatig specials te zien rondom grote sporttoernooien.","formattedEpisodeNumbering":null,"formattedDate":"Di 20 jun. 2006","formattedDateShort":"Jun. 2006","formattedTime":"13:00","formattedDuration":"20m","formattedAvailabilityWindow":null,"formattedAvailabilityWindowShort":null,"image":{"portraitUrl":null,"landscapeUrl":"https:\/\/images.nlziet.nl\/metadataimportimages\/source\/76A5BAF5BB8570AD4AFD5C0D9D931F94506306A13562C7A61D53B0513AF683DE.jpg"},"logo":{"normalUrl":"https:\/\/cdn.nlziet.nl\/static\/assets\/contentproviders\/npo.png","darkUrl":"https:\/\/cdn.nlziet.nl\/static\/assets\/contentproviders\/dark\/npo.png","flatUrl":"https:\/\/cdn.nlziet.nl\/static\/assets\/contentproviders\/flat\/npo.png"},"tags":[],"seriesId":"7QrOqPrilEGeM3pgWB1w1A"},{"id":"H4LI9GJqY0622nlr6uLiOw","type":"Vod","title":"Zappsport","subtitle":"Z@ppSport","description":"TROS - WK-special in de periode voorafgaand aan elke wedstrijd van het Nederlands Elftal. Zolang Oranje aan het toernooi mee blijft doen, is razende reporter Ron Boszhard in Duitsland aanwezig om de Z@ppsport-kijkers op de hoogte te houden van al het Oranje nieuws! Oranjespelers zoals Khalid Boulahrouz en Ryan Babel laten hun favoriete voetbalmove zien en speciale reporter Dave Roelvink zal voor elke wedstrijd met bondscoach Marco van Basten rond de tafel zitten voor een goed gesprek.","formattedEpisodeNumbering":null,"formattedDate":"Ma 19 jun. 2006","formattedDateShort":"Jun. 2006","formattedTime":"13:00","formattedDuration":"20m","formattedAvailabilityWindow":null,"formattedAvailabilityWindowShort":null,"image":{"portraitUrl":null,"landscapeUrl":"https:\/\/images.nlziet.nl\/metadataimportimages\/source\/76A5BAF5BB8570AD4AFD5C0D9D931F94506306A13562C7A61D53B0513AF683DE.jpg"},"logo":{"normalUrl":"https:\/\/cdn.nlziet.nl\/static\/assets\/contentproviders\/npo.png","darkUrl":"https:\/\/cdn.nlziet.nl\/static\/assets\/contentproviders\/dark\/npo.png","flatUrl":"https:\/\/cdn.nlziet.nl\/static\/assets\/contentproviders\/flat\/npo.png"},"tags":[],"seriesId":"7QrOqPrilEGeM3pgWB1w1A"},{"id":"mDLEcg_0V06iBDa2gIb0Cg","type":"Vod","title":"Zappsport","subtitle":"Z@ppSport","description":"TROS - Kindersportprogramma waarin alle takken van sport voorbijkomen. In het onderdeel The Battle strijden de jongens tegen de meiden in een bepaalde sport. Ron staat in dit onderdeel tegenover de bloedfanatieke 'teamcaptain' Britt Dekker. Kinderen met een sportprobleem krijgen hulp van een beroemde topsporter in de Hellup en er zijn regelmatig specials te zien rondom grote sporttoernooien.","formattedEpisodeNumbering":null,"formattedDate":"Di 9 mei. 2006","formattedDateShort":"Mei. 2006","formattedTime":"12:53","formattedDuration":"17m","formattedAvailabilityWindow":null,"formattedAvailabilityWindowShort":null,"image":{"portraitUrl":null,"landscapeUrl":"https:\/\/images.nlziet.nl\/metadataimportimages\/source\/76A5BAF5BB8570AD4AFD5C0D9D931F94506306A13562C7A61D53B0513AF683DE.jpg"},"logo":{"normalUrl":"https:\/\/cdn.nlziet.nl\/static\/assets\/contentproviders\/npo.png","darkUrl":"https:\/\/cdn.nlziet.nl\/static\/assets\/contentproviders\/dark\/npo.png","flatUrl":"https:\/\/cdn.nlziet.nl\/static\/assets\/contentproviders\/flat\/npo.png"},"tags":[],"seriesId":"7QrOqPrilEGeM3pgWB1w1A"},{"id":"94Ax1muWkUSECdNFifH9rQ","type":"Vod","title":"Zappsport","subtitle":"Z@ppSport","description":"TROS - Kindersportprogramma waarin alle takken van sport voorbijkomen. In het onderdeel The Battle strijden de jongens tegen de meiden in een bepaalde sport. Ron staat in dit onderdeel tegenover de bloedfanatieke 'teamcaptain' Britt Dekker. Kinderen met een sportprobleem krijgen hulp van een beroemde topsporter in de Hellup en er zijn regelmatig specials te zien rondom grote sporttoernooien.","formattedEpisodeNumbering":null,"formattedDate":"Di 2 mei. 2006","formattedDateShort":"Mei. 2006","formattedTime":"13:47","formattedDuration":"15m","formattedAvailabilityWindow":null,"formattedAvailabilityWindowShort":null,"image":{"portraitUrl":null,"landscapeUrl":"https:\/\/images.nlziet.nl\/metadataimportimages\/source\/76A5BAF5BB8570AD4AFD5C0D9D931F94506306A13562C7A61D53B0513AF683DE.jpg"},"logo":{"normalUrl":"https:\/\/cdn.nlziet.nl\/static\/assets\/contentproviders\/npo.png","darkUrl":"https:\/\/cdn.nlziet.nl\/static\/assets\/contentproviders\/dark\/npo.png","flatUrl":"https:\/\/cdn.nlziet.nl\/static\/assets\/contentproviders\/flat\/npo.png"},"tags":[],"seriesId":"7QrOqPrilEGeM3pgWB1w1A"},{"id":"miTRqCsp1EigYR8JaHM3gw","type":"Vod","title":"Zappsport","subtitle":"Z@ppSport","description":"TROS - Kindersportprogramma waarin alle takken van sport voorbijkomen. In het onderdeel The Battle strijden de jongens tegen de meiden in een bepaalde sport. Ron staat in dit onderdeel tegenover de bloedfanatieke 'teamcaptain' Britt Dekker. Kinderen met een sportprobleem krijgen hulp van een beroemde topsporter in de Hellup en er zijn regelmatig specials te zien rondom grote sporttoernooien.","formattedEpisodeNumbering":null,"formattedDate":"Di 25 apr. 2006","formattedDateShort":"Apr. 2006","formattedTime":"12:55","formattedDuration":"15m","formattedAvailabilityWindow":null,"formattedAvailabilityWindowShort":null,"image":{"portraitUrl":null,"landscapeUrl":"https:\/\/images.nlziet.nl\/metadataimportimages\/source\/76A5BAF5BB8570AD4AFD5C0D9D931F94506306A13562C7A61D53B0513AF683DE.jpg"},"logo":{"normalUrl":"https:\/\/cdn.nlziet.nl\/static\/assets\/contentproviders\/npo.png","darkUrl":"https:\/\/cdn.nlziet.nl\/static\/assets\/contentproviders\/dark\/npo.png","flatUrl":"https:\/\/cdn.nlziet.nl\/static\/assets\/contentproviders\/flat\/npo.png"},"tags":[],"seriesId":"7QrOqPrilEGeM3pgWB1w1A"},{"id":"5SGGv1iz4U2bWrm0NZ2-nw","type":"Vod","title":"Zappsport","subtitle":"Z@ppSport","description":"TROS - Kindersportprogramma waarin alle takken van sport voorbijkomen. In het onderdeel The Battle strijden de jongens tegen de meiden in een bepaalde sport. Ron staat in dit onderdeel tegenover de bloedfanatieke 'teamcaptain' Britt Dekker. Kinderen met een sportprobleem krijgen hulp van een beroemde topsporter in de Hellup en er zijn regelmatig specials te zien rondom grote sporttoernooien.","formattedEpisodeNumbering":null,"formattedDate":"Di 18 apr. 2006","formattedDateShort":"Apr. 2006","formattedTime":"12:55","formattedDuration":"20m","formattedAvailabilityWindow":null,"formattedAvailabilityWindowShort":null,"image":{"portraitUrl":null,"landscapeUrl":"https:\/\/images.nlziet.nl\/metadataimportimages\/source\/76A5BAF5BB8570AD4AFD5C0D9D931F94506306A13562C7A61D53B0513AF683DE.jpg"},"logo":{"normalUrl":"https:\/\/cdn.nlziet.nl\/static\/assets\/contentproviders\/npo.png","darkUrl":"https:\/\/cdn.nlziet.nl\/static\/assets\/contentproviders\/dark\/npo.png","flatUrl":"https:\/\/cdn.nlziet.nl\/static\/assets\/contentproviders\/flat\/npo.png"},"tags":[],"seriesId":"7QrOqPrilEGeM3pgWB1w1A"},{"id":"sfBPL1SGeEm0rgqBhMDl9w","type":"Vod","title":"Zappsport","subtitle":"Z@ppSport","description":"TROS - Kindersportprogramma waarin alle takken van sport voorbijkomen. In het onderdeel The Battle strijden de jongens tegen de meiden in een bepaalde sport. Ron staat in dit onderdeel tegenover de bloedfanatieke 'teamcaptain' Britt Dekker. Kinderen met een sportprobleem krijgen hulp van een beroemde topsporter in de Hellup en er zijn regelmatig specials te zien rondom grote sporttoernooien.","formattedEpisodeNumbering":null,"formattedDate":"Di 11 apr. 2006","formattedDateShort":"Apr. 2006","formattedTime":"12:50","formattedDuration":"20m","formattedAvailabilityWindow":null,"formattedAvailabilityWindowShort":null,"image":{"portraitUrl":null,"landscapeUrl":"https:\/\/images.nlziet.nl\/metadataimportimages\/source\/76A5BAF5BB8570AD4AFD5C0D9D931F94506306A13562C7A61D53B0513AF683DE.jpg"},"logo":{"normalUrl":"https:\/\/cdn.nlziet.nl\/static\/assets\/contentproviders\/npo.png","darkUrl":"https:\/\/cdn.nlziet.nl\/static\/assets\/contentproviders\/dark\/npo.png","flatUrl":"https:\/\/cdn.nlziet.nl\/static\/assets\/contentproviders\/flat\/npo.png"},"tags":[],"seriesId":"7QrOqPrilEGeM3pgWB1w1A"},{"id":"xxuqUrONoU25EZX_6chU6g","type":"Vod","title":"Zappsport","subtitle":"Z@ppSport","description":"TROS - Kindersportprogramma waarin alle takken van sport voorbijkomen. In het onderdeel The Battle strijden de jongens tegen de meiden in een bepaalde sport. Ron staat in dit onderdeel tegenover de bloedfanatieke 'teamcaptain' Britt Dekker. Kinderen met een sportprobleem krijgen hulp van een beroemde topsporter in de Hellup en er zijn regelmatig specials te zien rondom grote sporttoernooien.","formattedEpisodeNumbering":null,"formattedDate":"Di 4 apr. 2006","formattedDateShort":"Apr. 2006","formattedTime":"12:58","formattedDuration":"17m","formattedAvailabilityWindow":null,"formattedAvailabilityWindowShort":null,"image":{"portraitUrl":null,"landscapeUrl":"https:\/\/images.nlziet.nl\/metadataimportimages\/source\/76A5BAF5BB8570AD4AFD5C0D9D931F94506306A13562C7A61D53B0513AF683DE.jpg"},"logo":{"normalUrl":"https:\/\/cdn.nlziet.nl\/static\/assets\/contentproviders\/npo.png","darkUrl":"https:\/\/cdn.nlziet.nl\/static\/assets\/contentproviders\/dark\/npo.png","flatUrl":"https:\/\/cdn.nlziet.nl\/static\/assets\/contentproviders\/flat\/npo.png"},"tags":[],"seriesId":"7QrOqPrilEGeM3pgWB1w1A"},{"id":"A-BX9NEI6ki2nAXIHr911Q","type":"Vod","title":"Zappsport","subtitle":"Z@ppSport","description":"TROS - Kindersportprogramma waarin alle takken van sport voorbijkomen. In het onderdeel The Battle strijden de jongens tegen de meiden in een bepaalde sport. Ron staat in dit onderdeel tegenover de bloedfanatieke 'teamcaptain' Britt Dekker. Kinderen met een sportprobleem krijgen hulp van een beroemde topsporter in de Hellup en er zijn regelmatig specials te zien rondom grote sporttoernooien.","formattedEpisodeNumbering":null,"formattedDate":"Ma 13 mrt. 2006","formattedDateShort":"Mrt. 2006","formattedTime":"13:00","formattedDuration":"18m","formattedAvailabilityWindow":null,"formattedAvailabilityWindowShort":null,"image":{"portraitUrl":null,"landscapeUrl":"https:\/\/images.nlziet.nl\/metadataimportimages\/source\/76A5BAF5BB8570AD4AFD5C0D9D931F94506306A13562C7A61D53B0513AF683DE.jpg"},"logo":{"normalUrl":"https:\/\/cdn.nlziet.nl\/static\/assets\/contentproviders\/npo.png","darkUrl":"https:\/\/cdn.nlziet.nl\/static\/assets\/contentproviders\/dark\/npo.png","flatUrl":"https:\/\/cdn.nlziet.nl\/static\/assets\/contentproviders\/flat\/npo.png"},"tags":[],"seriesId":"7QrOqPrilEGeM3pgWB1w1A"},{"id":"pHnOKKYk0E2AxM1r8BjqRA","type":"Vod","title":"Zappsport","subtitle":"Z@ppSport","description":"TROS - Kindersportprogramma waarin alle takken van sport voorbijkomen. In het onderdeel The Battle strijden de jongens tegen de meiden in een bepaalde sport. Ron staat in dit onderdeel tegenover de bloedfanatieke 'teamcaptain' Britt Dekker. Kinderen met een sportprobleem krijgen hulp van een beroemde topsporter in de Hellup en er zijn regelmatig specials te zien rondom grote sporttoernooien.","formattedEpisodeNumbering":null,"formattedDate":"Ma 6 mrt. 2006","formattedDateShort":"Mrt. 2006","formattedTime":"12:55","formattedDuration":"20m","formattedAvailabilityWindow":null,"formattedAvailabilityWindowShort":null,"image":{"portraitUrl":null,"landscapeUrl":"https:\/\/images.nlziet.nl\/metadataimportimages\/source\/76A5BAF5BB8570AD4AFD5C0D9D931F94506306A13562C7A61D53B0513AF683DE.jpg"},"logo":{"normalUrl":"https:\/\/cdn.nlziet.nl\/static\/assets\/contentproviders\/npo.png","darkUrl":"https:\/\/cdn.nlziet.nl\/static\/assets\/contentproviders\/dark\/npo.png","flatUrl":"https:\/\/cdn.nlziet.nl\/static\/assets\/contentproviders\/flat\/npo.png"},"tags":[],"seriesId":"7QrOqPrilEGeM3pgWB1w1A"},{"id":"sHuiBq4v80mjlKo8rxWo1g","type":"Vod","title":"Zappsport","subtitle":"Z@ppSport","description":"TROS - Kindersportprogramma waarin alle takken van sport voorbijkomen. In het onderdeel The Battle strijden de jongens tegen de meiden in een bepaalde sport. Ron staat in dit onderdeel tegenover de bloedfanatieke 'teamcaptain' Britt Dekker. Kinderen met een sportprobleem krijgen hulp van een beroemde topsporter in de Hellup en er zijn regelmatig specials te zien rondom grote sporttoernooien.","formattedEpisodeNumbering":null,"formattedDate":"Di 28 feb. 2006","formattedDateShort":"Feb. 2006","formattedTime":"13:00","formattedDuration":"25m","formattedAvailabilityWindow":null,"formattedAvailabilityWindowShort":null,"image":{"portraitUrl":null,"landscapeUrl":"https:\/\/images.nlziet.nl\/metadataimportimages\/source\/76A5BAF5BB8570AD4AFD5C0D9D931F94506306A13562C7A61D53B0513AF683DE.jpg"},"logo":{"normalUrl":"https:\/\/cdn.nlziet.nl\/static\/assets\/contentproviders\/npo.png","darkUrl":"https:\/\/cdn.nlziet.nl\/static\/assets\/contentproviders\/dark\/npo.png","flatUrl":"https:\/\/cdn.nlziet.nl\/static\/assets\/contentproviders\/flat\/npo.png"},"tags":[],"seriesId":"7QrOqPrilEGeM3pgWB1w1A"},{"id":"qq6RBrpf8EyKCsM9BEAPhQ","type":"Vod","title":"Zappsport","subtitle":"Z@ppSport","description":"TROS - Kindersportprogramma waarin alle takken van sport voorbijkomen. In het onderdeel The Battle strijden de jongens tegen de meiden in een bepaalde sport. Ron staat in dit onderdeel tegenover de bloedfanatieke 'teamcaptain' Britt Dekker. Kinderen met een sportprobleem krijgen hulp van een beroemde topsporter in de Hellup en er zijn regelmatig specials te zien rondom grote sporttoernooien.","formattedEpisodeNumbering":null,"formattedDate":"Di 21 feb. 2006","formattedDateShort":"Feb. 2006","formattedTime":"13:03","formattedDuration":"17m","formattedAvailabilityWindow":null,"formattedAvailabilityWindowShort":null,"image":{"portraitUrl":null,"landscapeUrl":"https:\/\/images.nlziet.nl\/metadataimportimages\/source\/76A5BAF5BB8570AD4AFD5C0D9D931F94506306A13562C7A61D53B0513AF683DE.jpg"},"logo":{"normalUrl":"https:\/\/cdn.nlziet.nl\/static\/assets\/contentproviders\/npo.png","darkUrl":"https:\/\/cdn.nlziet.nl\/static\/assets\/contentproviders\/dark\/npo.png","flatUrl":"https:\/\/cdn.nlziet.nl\/static\/assets\/contentproviders\/flat\/npo.png"},"tags":[],"seriesId":"7QrOqPrilEGeM3pgWB1w1A"},{"id":"msB6Xzet20ixsQJShfS8fw","type":"Vod","title":"Zappsport","subtitle":"Z@ppSport","description":"TROS - Kindersportprogramma waarin alle takken van sport voorbijkomen. In het onderdeel The Battle strijden de jongens tegen de meiden in een bepaalde sport. Ron staat in dit onderdeel tegenover de bloedfanatieke 'teamcaptain' Britt Dekker. Kinderen met een sportprobleem krijgen hulp van een beroemde topsporter in de Hellup en er zijn regelmatig specials te zien rondom grote sporttoernooien.","formattedEpisodeNumbering":null,"formattedDate":"Ma 20 feb. 2006","formattedDateShort":"Feb. 2006","formattedTime":"13:10","formattedDuration":"19m","formattedAvailabilityWindow":null,"formattedAvailabilityWindowShort":null,"image":{"portraitUrl":null,"landscapeUrl":"https:\/\/images.nlziet.nl\/metadataimportimages\/source\/76A5BAF5BB8570AD4AFD5C0D9D931F94506306A13562C7A61D53B0513AF683DE.jpg"},"logo":{"normalUrl":"https:\/\/cdn.nlziet.nl\/static\/assets\/contentproviders\/npo.png","darkUrl":"https:\/\/cdn.nlziet.nl\/static\/assets\/contentproviders\/dark\/npo.png","flatUrl":"https:\/\/cdn.nlziet.nl\/static\/assets\/contentproviders\/flat\/npo.png"},"tags":[],"seriesId":"7QrOqPrilEGeM3pgWB1w1A"},{"id":"oEMgpvnEaECJc74__tt70Q","type":"Vod","title":"Zappsport","subtitle":"Z@ppSport","description":"TROS - Kindersportprogramma waarin alle takken van sport voorbijkomen. In het onderdeel The Battle strijden de jongens tegen de meiden in een bepaalde sport. Ron staat in dit onderdeel tegenover de bloedfanatieke 'teamcaptain' Britt Dekker. Kinderen met een sportprobleem krijgen hulp van een beroemde topsporter in de Hellup en er zijn regelmatig specials te zien rondom grote sporttoernooien.","formattedEpisodeNumbering":null,"formattedDate":"Di 14 feb. 2006","formattedDateShort":"Feb. 2006","formattedTime":"13:00","formattedDuration":"18m","formattedAvailabilityWindow":null,"formattedAvailabilityWindowShort":null,"image":{"portraitUrl":null,"landscapeUrl":"https:\/\/images.nlziet.nl\/metadataimportimages\/source\/76A5BAF5BB8570AD4AFD5C0D9D931F94506306A13562C7A61D53B0513AF683DE.jpg"},"logo":{"normalUrl":"https:\/\/cdn.nlziet.nl\/static\/assets\/contentproviders\/npo.png","darkUrl":"https:\/\/cdn.nlziet.nl\/static\/assets\/contentproviders\/dark\/npo.png","flatUrl":"https:\/\/cdn.nlziet.nl\/static\/assets\/contentproviders\/flat\/npo.png"},"tags":[],"seriesId":"7QrOqPrilEGeM3pgWB1w1A"},{"id":"ybT_LeCTHEGdrDdtc2Dtcg","type":"Vod","title":"Zappsport","subtitle":"Z@ppSport","description":"TROS - Kindersportprogramma waarin alle takken van sport voorbijkomen. In het onderdeel The Battle strijden de jongens tegen de meiden in een bepaalde sport. Ron staat in dit onderdeel tegenover de bloedfanatieke 'teamcaptain' Britt Dekker. Kinderen met een sportprobleem krijgen hulp van een beroemde topsporter in de Hellup en er zijn regelmatig specials te zien rondom grote sporttoernooien.","formattedEpisodeNumbering":null,"formattedDate":"Ma 13 feb. 2006","formattedDateShort":"Feb. 2006","formattedTime":"13:00","formattedDuration":"20m","formattedAvailabilityWindow":null,"formattedAvailabilityWindowShort":null,"image":{"portraitUrl":null,"landscapeUrl":"https:\/\/images.nlziet.nl\/metadataimportimages\/source\/76A5BAF5BB8570AD4AFD5C0D9D931F94506306A13562C7A61D53B0513AF683DE.jpg"},"logo":{"normalUrl":"https:\/\/cdn.nlziet.nl\/static\/assets\/contentproviders\/npo.png","darkUrl":"https:\/\/cdn.nlziet.nl\/static\/assets\/contentproviders\/dark\/npo.png","flatUrl":"https:\/\/cdn.nlziet.nl\/static\/assets\/contentproviders\/flat\/npo.png"},"tags":[],"seriesId":"7QrOqPrilEGeM3pgWB1w1A"},{"id":"k4UPE52Pp0e-5TUzM60ODg","type":"Vod","title":"Zappsport","subtitle":"Z@ppSport","description":"TROS - Kindersportprogramma waarin alle takken van sport voorbijkomen. In het onderdeel The Battle strijden de jongens tegen de meiden in een bepaalde sport. Ron staat in dit onderdeel tegenover de bloedfanatieke 'teamcaptain' Britt Dekker. Kinderen met een sportprobleem krijgen hulp van een beroemde topsporter in de Hellup en er zijn regelmatig specials te zien rondom grote sporttoernooien.","formattedEpisodeNumbering":null,"formattedDate":"Di 7 feb. 2006","formattedDateShort":"Feb. 2006","formattedTime":"13:05","formattedDuration":"15m","formattedAvailabilityWindow":null,"formattedAvailabilityWindowShort":null,"image":{"portraitUrl":null,"landscapeUrl":"https:\/\/images.nlziet.nl\/metadataimportimages\/source\/76A5BAF5BB8570AD4AFD5C0D9D931F94506306A13562C7A61D53B0513AF683DE.jpg"},"logo":{"normalUrl":"https:\/\/cdn.nlziet.nl\/static\/assets\/contentproviders\/npo.png","darkUrl":"https:\/\/cdn.nlziet.nl\/static\/assets\/contentproviders\/dark\/npo.png","flatUrl":"https:\/\/cdn.nlziet.nl\/static\/assets\/contentproviders\/flat\/npo.png"},"tags":[],"seriesId":"7QrOqPrilEGeM3pgWB1w1A"},{"id":"WNAdIG0zM0qmFgUQGsykQw","type":"Vod","title":"Zappsport","subtitle":"Z@ppSport","description":"TROS - Kindersportprogramma waarin alle takken van sport voorbijkomen. In het onderdeel The Battle strijden de jongens tegen de meiden in een bepaalde sport. Ron staat in dit onderdeel tegenover de bloedfanatieke 'teamcaptain' Britt Dekker. Kinderen met een sportprobleem krijgen hulp van een beroemde topsporter in de Hellup en er zijn regelmatig specials te zien rondom grote sporttoernooien.","formattedEpisodeNumbering":null,"formattedDate":"Ma 6 feb. 2006","formattedDateShort":"Feb. 2006","formattedTime":"13:05","formattedDuration":"18m","formattedAvailabilityWindow":null,"formattedAvailabilityWindowShort":null,"image":{"portraitUrl":null,"landscapeUrl":"https:\/\/images.nlziet.nl\/metadataimportimages\/source\/76A5BAF5BB8570AD4AFD5C0D9D931F94506306A13562C7A61D53B0513AF683DE.jpg"},"logo":{"normalUrl":"https:\/\/cdn.nlziet.nl\/static\/assets\/contentproviders\/npo.png","darkUrl":"https:\/\/cdn.nlziet.nl\/static\/assets\/contentproviders\/dark\/npo.png","flatUrl":"https:\/\/cdn.nlziet.nl\/static\/assets\/contentproviders\/flat\/npo.png"},"tags":[],"seriesId":"7QrOqPrilEGeM3pgWB1w1A"},{"id":"OCjCZEw1UEGkWBYNB_PX4w","type":"Vod","title":"Zappsport","subtitle":"Z@ppSport","description":"TROS - Kindersportprogramma waarin alle takken van sport voorbijkomen. In het onderdeel The Battle strijden de jongens tegen de meiden in een bepaalde sport. Ron staat in dit onderdeel tegenover de bloedfanatieke 'teamcaptain' Britt Dekker. Kinderen met een sportprobleem krijgen hulp van een beroemde topsporter in de Hellup en er zijn regelmatig specials te zien rondom grote sporttoernooien.","formattedEpisodeNumbering":null,"formattedDate":"Di 31 jan. 2006","formattedDateShort":"Jan. 2006","formattedTime":"13:00","formattedDuration":"25m","formattedAvailabilityWindow":null,"formattedAvailabilityWindowShort":null,"image":{"portraitUrl":null,"landscapeUrl":"https:\/\/images.nlziet.nl\/metadataimportimages\/source\/76A5BAF5BB8570AD4AFD5C0D9D931F94506306A13562C7A61D53B0513AF683DE.jpg"},"logo":{"normalUrl":"https:\/\/cdn.nlziet.nl\/static\/assets\/contentproviders\/npo.png","darkUrl":"https:\/\/cdn.nlziet.nl\/static\/assets\/contentproviders\/dark\/npo.png","flatUrl":"https:\/\/cdn.nlziet.nl\/static\/assets\/contentproviders\/flat\/npo.png"},"tags":[],"seriesId":"7QrOqPrilEGeM3pgWB1w1A"},{"id":"mRnNU_PVKk6UuE5cuuEavQ","type":"Vod","title":"Zappsport","subtitle":"Z@ppSport","description":"TROS - Kindersportprogramma waarin alle takken van sport voorbijkomen. In het onderdeel The Battle strijden de jongens tegen de meiden in een bepaalde sport. Ron staat in dit onderdeel tegenover de bloedfanatieke 'teamcaptain' Britt Dekker. Kinderen met een sportprobleem krijgen hulp van een beroemde topsporter in de Hellup en er zijn regelmatig specials te zien rondom grote sporttoernooien.","formattedEpisodeNumbering":null,"formattedDate":"Ma 30 jan. 2006","formattedDateShort":"Jan. 2006","formattedTime":"13:05","formattedDuration":"20m","formattedAvailabilityWindow":null,"formattedAvailabilityWindowShort":null,"image":{"portraitUrl":null,"landscapeUrl":"https:\/\/images.nlziet.nl\/metadataimportimages\/source\/76A5BAF5BB8570AD4AFD5C0D9D931F94506306A13562C7A61D53B0513AF683DE.jpg"},"logo":{"normalUrl":"https:\/\/cdn.nlziet.nl\/static\/assets\/contentproviders\/npo.png","darkUrl":"https:\/\/cdn.nlziet.nl\/static\/assets\/contentproviders\/dark\/npo.png","flatUrl":"https:\/\/cdn.nlziet.nl\/static\/assets\/contentproviders\/flat\/npo.png"},"tags":[],"seriesId":"7QrOqPrilEGeM3pgWB1w1A"},{"id":"Yhqs4ifqBEaBzEmAC0YBrw","type":"Vod","title":"Zappsport","subtitle":"Z@ppSport","description":"TROS - Kindersportprogramma waarin alle takken van sport voorbijkomen. In het onderdeel The Battle strijden de jongens tegen de meiden in een bepaalde sport. Ron staat in dit onderdeel tegenover de bloedfanatieke 'teamcaptain' Britt Dekker. Kinderen met een sportprobleem krijgen hulp van een beroemde topsporter in de Hellup en er zijn regelmatig specials te zien rondom grote sporttoernooien.","formattedEpisodeNumbering":null,"formattedDate":"Di 24 jan. 2006","formattedDateShort":"Jan. 2006","formattedTime":"13:05","formattedDuration":"18m","formattedAvailabilityWindow":null,"formattedAvailabilityWindowShort":null,"image":{"portraitUrl":null,"landscapeUrl":"https:\/\/images.nlziet.nl\/metadataimportimages\/source\/76A5BAF5BB8570AD4AFD5C0D9D931F94506306A13562C7A61D53B0513AF683DE.jpg"},"logo":{"normalUrl":"https:\/\/cdn.nlziet.nl\/static\/assets\/contentproviders\/npo.png","darkUrl":"https:\/\/cdn.nlziet.nl\/static\/assets\/contentproviders\/dark\/npo.png","flatUrl":"https:\/\/cdn.nlziet.nl\/static\/assets\/contentproviders\/flat\/npo.png"},"tags":[],"seriesId":"7QrOqPrilEGeM3pgWB1w1A"},{"id":"PkuuMTeplE2RFC5ezDSk3w","type":"Vod","title":"Zappsport","subtitle":"Z@ppSport","description":"TROS - Kindersportprogramma waarin alle takken van sport voorbijkomen. In het onderdeel The Battle strijden de jongens tegen de meiden in een bepaalde sport. Ron staat in dit onderdeel tegenover de bloedfanatieke 'teamcaptain' Britt Dekker. Kinderen met een sportprobleem krijgen hulp van een beroemde topsporter in de Hellup en er zijn regelmatig specials te zien rondom grote sporttoernooien.","formattedEpisodeNumbering":null,"formattedDate":"Ma 16 jan. 2006","formattedDateShort":"Jan. 2006","formattedTime":"13:05","formattedDuration":"15m","formattedAvailabilityWindow":null,"formattedAvailabilityWindowShort":null,"image":{"portraitUrl":null,"landscapeUrl":"https:\/\/images.nlziet.nl\/metadataimportimages\/source\/76A5BAF5BB8570AD4AFD5C0D9D931F94506306A13562C7A61D53B0513AF683DE.jpg"},"logo":{"normalUrl":"https:\/\/cdn.nlziet.nl\/static\/assets\/contentproviders\/npo.png","darkUrl":"https:\/\/cdn.nlziet.nl\/static\/assets\/contentproviders\/dark\/npo.png","flatUrl":"https:\/\/cdn.nlziet.nl\/static\/assets\/contentproviders\/flat\/npo.png"},"tags":[],"seriesId":"7QrOqPrilEGeM3pgWB1w1A"},{"id":"d4G87yEP3k65TEoz_giLDQ","type":"Vod","title":"Zappsport","subtitle":"Z@ppSport","description":"TROS - Kindersportprogramma waarin alle takken van sport voorbijkomen. In het onderdeel The Battle strijden de jongens tegen de meiden in een bepaalde sport. Ron staat in dit onderdeel tegenover de bloedfanatieke 'teamcaptain' Britt Dekker. Kinderen met een sportprobleem krijgen hulp van een beroemde topsporter in de Hellup en er zijn regelmatig specials te zien rondom grote sporttoernooien.","formattedEpisodeNumbering":null,"formattedDate":"Di 10 jan. 2006","formattedDateShort":"Jan. 2006","formattedTime":"13:05","formattedDuration":"15m","formattedAvailabilityWindow":null,"formattedAvailabilityWindowShort":null,"image":{"portraitUrl":null,"landscapeUrl":"https:\/\/images.nlziet.nl\/metadataimportimages\/source\/76A5BAF5BB8570AD4AFD5C0D9D931F94506306A13562C7A61D53B0513AF683DE.jpg"},"logo":{"normalUrl":"https:\/\/cdn.nlziet.nl\/static\/assets\/contentproviders\/npo.png","darkUrl":"https:\/\/cdn.nlziet.nl\/static\/assets\/contentproviders\/dark\/npo.png","flatUrl":"https:\/\/cdn.nlziet.nl\/static\/assets\/contentproviders\/flat\/npo.png"},"tags":[],"seriesId":"7QrOqPrilEGeM3pgWB1w1A"},{"id":"7EYc4NcmoUuE4csmCj8tJQ","type":"Vod","title":"Zappsport","subtitle":"Z@ppSport","description":"TROS - Kindersportprogramma waarin alle takken van sport voorbijkomen. In het onderdeel The Battle strijden de jongens tegen de meiden in een bepaalde sport. Ron staat in dit onderdeel tegenover de bloedfanatieke 'teamcaptain' Britt Dekker. Kinderen met een sportprobleem krijgen hulp van een beroemde topsporter in de Hellup en er zijn regelmatig specials te zien rondom grote sporttoernooien.","formattedEpisodeNumbering":null,"formattedDate":"Ma 9 jan. 2006","formattedDateShort":"Jan. 2006","formattedTime":"12:35","formattedDuration":"20m","formattedAvailabilityWindow":null,"formattedAvailabilityWindowShort":null,"image":{"portraitUrl":null,"landscapeUrl":"https:\/\/images.nlziet.nl\/metadataimportimages\/source\/76A5BAF5BB8570AD4AFD5C0D9D931F94506306A13562C7A61D53B0513AF683DE.jpg"},"logo":{"normalUrl":"https:\/\/cdn.nlziet.nl\/static\/assets\/contentproviders\/npo.png","darkUrl":"https:\/\/cdn.nlziet.nl\/static\/assets\/contentproviders\/dark\/npo.png","flatUrl":"https:\/\/cdn.nlziet.nl\/static\/assets\/contentproviders\/flat\/npo.png"},"tags":[],"seriesId":"7QrOqPrilEGeM3pgWB1w1A"}]