[{"id":"WWl8N7sCB0SFryGd8IbVcA","type":"Vod","title":"EO Metterdaad","subtitle":"Zuid-Sudan","description":"EO - We associ\u00ebren de heilige koe meestal met India, maar in Zuid-Soedan zijn koeien minstens zo heilig. Een koe geeft status, voedsel \u00e9n dient soms als betaalmiddel. Voor veel vaders zijn koeien belangrijker dan hun eigen dochters: zodra deze meisjes ongesteld zijn worden ze uitgehuwelijkt. Want de bruidsschat bestaat uit...juist. Koeien. Maar steeds meer meisjes laten zich niet langer koeioneren. Ze willen een andere toekomst. Een waarin ze naar school kunnen bijvoorbeeld.","formattedEpisodeNumbering":null,"formattedDate":"Zo 14 jul. 2019","formattedDateShort":"Jul. 2019","formattedTime":"10:05","formattedDuration":"10m","formattedAvailabilityWindow":null,"formattedAvailabilityWindowShort":null,"image":{"portraitUrl":null,"landscapeUrl":"https:\/\/images.nlziet.nl\/metadataimportimages\/source\/77B8577C1BCA4140FA38B9F56038429806E464606DA62FE132E8D612557956AD.jpg"},"logo":{"normalUrl":"https:\/\/cdn.nlziet.nl\/static\/assets\/contentproviders\/npo.png","darkUrl":"https:\/\/cdn.nlziet.nl\/static\/assets\/contentproviders\/dark\/npo.png","flatUrl":"https:\/\/cdn.nlziet.nl\/static\/assets\/contentproviders\/flat\/npo.png"},"tags":[],"seriesId":"67IaRe4ka0e8Pr-f7Cjp1w"},{"id":"LBPfE4E3QEWzD7RyM4AwvQ","type":"Vod","title":"EO Metterdaad","subtitle":"Zuid-Sudan","description":"EO - We associ\u00ebren de heilige koe meestal met India, maar in Zuid-Soedan zijn koeien minstens zo heilig. Een koe geeft status, voedsel \u00e9n dient soms als betaalmiddel. Voor veel vaders zijn koeien belangrijker dan hun eigen dochters: zodra deze meisjes ongesteld zijn worden ze uitgehuwelijkt. Want de bruidsschat bestaat uit...juist. Koeien. Maar steeds meer meisjes laten zich niet langer koeioneren. Ze willen een andere toekomst. Een waarin ze naar school kunnen bijvoorbeeld.","formattedEpisodeNumbering":null,"formattedDate":"Za 13 jul. 2019","formattedDateShort":"Jul. 2019","formattedTime":"17:10","formattedDuration":"24m","formattedAvailabilityWindow":null,"formattedAvailabilityWindowShort":null,"image":{"portraitUrl":null,"landscapeUrl":"https:\/\/images.nlziet.nl\/metadataimportimages\/source\/AA6DE33BC6CA842FE443B40A89E7B9A6C5BB9D18320A2993735148A792379358.jpg"},"logo":{"normalUrl":"https:\/\/cdn.nlziet.nl\/static\/assets\/contentproviders\/npo.png","darkUrl":"https:\/\/cdn.nlziet.nl\/static\/assets\/contentproviders\/dark\/npo.png","flatUrl":"https:\/\/cdn.nlziet.nl\/static\/assets\/contentproviders\/flat\/npo.png"},"tags":[],"seriesId":"67IaRe4ka0e8Pr-f7Cjp1w"},{"id":"Rp5VlN27nUi-fR-VdXEQCw","type":"Vod","title":"EO Metterdaad","subtitle":"Zuid-Afrika","description":"EO - Reis mee naar Zuid-Afrika en loop samen met daklozenpastor Katleho Ncaphe door de straten van Pretoria. Maak kennis met Mama Sara, die Katleho inspireerde om zijn leven veranderende werk onder daklozen te starten. Mama Sara is voor hem h\u00e9t voorbeeld dat je daklozen niet moet beoordelen op hoe ze eruit zien, hoe afwijzend ze soms op hulp reageren en hoe uitzichtloos hun situatie lijkt. Ontdek wat Katleho haar voor water gaf en hoe hij daklozen letterlijk van de straat houdt door hen aan het werk te zetten als vuilophalers.","formattedEpisodeNumbering":null,"formattedDate":"Zo 2 dec. 2018","formattedDateShort":"Dec. 2018","formattedTime":"10:05","formattedDuration":"10m","formattedAvailabilityWindow":null,"formattedAvailabilityWindowShort":null,"image":{"portraitUrl":null,"landscapeUrl":"https:\/\/images.nlziet.nl\/metadataimportimages\/source\/3CB07C351B0268AF5DA38475C09445BE6D0420DFC8D1FE784FC6585860EDE29F.jpg"},"logo":{"normalUrl":"https:\/\/cdn.nlziet.nl\/static\/assets\/contentproviders\/npo.png","darkUrl":"https:\/\/cdn.nlziet.nl\/static\/assets\/contentproviders\/dark\/npo.png","flatUrl":"https:\/\/cdn.nlziet.nl\/static\/assets\/contentproviders\/flat\/npo.png"},"tags":[],"seriesId":"67IaRe4ka0e8Pr-f7Cjp1w"},{"id":"HP78ezIXOkypMBkUAtDbmQ","type":"Vod","title":"EO Metterdaad","subtitle":"Afrikaanse helden","description":"EO - Consoler Wilbert uit Tanzania heeft 39 dochters. Een van haarzelf, maar ze noemt de 38 andere meiden die bij haar wonen ook haar dochters. Door verwaarlozing of mishandeling hebben deze kinderen zelf niemand meer om moeder te noemen. Consoler ontfermt zich over hen zoals een liefdevolle moeder dat zou doen. Volgens haar is liefde het krachtigste medicijn tegen de pijn en de trauma's die 'haar' meiden in hun jonge leven al meemaakten.","formattedEpisodeNumbering":null,"formattedDate":"Zo 4 nov. 2018","formattedDateShort":"Nov. 2018","formattedTime":"10:05","formattedDuration":"10m","formattedAvailabilityWindow":null,"formattedAvailabilityWindowShort":null,"image":{"portraitUrl":null,"landscapeUrl":"https:\/\/images.nlziet.nl\/metadataimportimages\/source\/FA0CF30E2C34BC01929EDABA84B281FD596EA6531DA9C5E110525ADD36D98AA8.jpg"},"logo":{"normalUrl":"https:\/\/cdn.nlziet.nl\/static\/assets\/contentproviders\/npo.png","darkUrl":"https:\/\/cdn.nlziet.nl\/static\/assets\/contentproviders\/dark\/npo.png","flatUrl":"https:\/\/cdn.nlziet.nl\/static\/assets\/contentproviders\/flat\/npo.png"},"tags":[],"seriesId":"67IaRe4ka0e8Pr-f7Cjp1w"},{"id":"TnswulLdx0ao0dsuXFhl6Q","type":"Vod","title":"EO Metterdaad","subtitle":"Ecuador","description":"EO - Trek met tropenarts Jaap Bezemer per kano het regenwoud van Ecuador in en zoek mee naar de zeldzame, maar vernietigende, leishmaniasisparasiet. Een parasiet die uiteindelijk zelfs de hele neus aanvreet. Leishmaniasis is zo zeldzaam dat de Wereldgezondheidsorganisatie geen geld geeft voor research. Toch komt Jaap bij de indianen in Ecuador regelmatig leishmaniasispati\u00ebnten tegen. Daarom doet hij nu zelf aan bestrijding en onderzoek. Sommige indianen hebben de ziekte al in een gevorderd stadium. Bereikt Jaap hen nog op tijd met zijn medicijnen?","formattedEpisodeNumbering":null,"formattedDate":"Zo 30 sep. 2018","formattedDateShort":"Sep. 2018","formattedTime":"10:05","formattedDuration":"9m","formattedAvailabilityWindow":null,"formattedAvailabilityWindowShort":null,"image":{"portraitUrl":null,"landscapeUrl":"https:\/\/images.nlziet.nl\/metadataimportimages\/source\/D14F3CEAE14C1E14DE4A127476A07E003B76E5B822B052481BB73F53EE30A64F.jpg"},"logo":{"normalUrl":"https:\/\/cdn.nlziet.nl\/static\/assets\/contentproviders\/npo.png","darkUrl":"https:\/\/cdn.nlziet.nl\/static\/assets\/contentproviders\/dark\/npo.png","flatUrl":"https:\/\/cdn.nlziet.nl\/static\/assets\/contentproviders\/flat\/npo.png"},"tags":[],"seriesId":"67IaRe4ka0e8Pr-f7Cjp1w"},{"id":"zatcrwJvjECye9jHjGoGlQ","type":"Vod","title":"EO Metterdaad","subtitle":"Nepal","description":"EO - Leprapati\u00ebnten in Nepal hebben het dubbel zwaar: ze worstelen niet alleen met de fysieke gevolgen van hun ziekte, maar ook met het maatschappelijke stigma dat erop rust. Nepalezen met lepra behoren tot de laagste kaste en tellen daardoor totaal niet mee in de samenleving. Verstoting door eigen familie is aan de orde van de dag. Het christelijke lepraziekenhuis Green Pastures vangt leprapati\u00ebnten liefdevol op en helpt hen lichamelijk en emotioneel. Pastoraal werkers Sita en Tam wrijven hen warm als ze het koud hebben, kammen hun haar en troosten bij eenzaamheid en angst. Zo laten zij deze leprapati\u00ebnten in woord en gebaar ervaren dat ze wel meetellen en volwaardig mens zijn.","formattedEpisodeNumbering":null,"formattedDate":"Zo 2 sep. 2018","formattedDateShort":"Sep. 2018","formattedTime":"10:05","formattedDuration":"10m","formattedAvailabilityWindow":null,"formattedAvailabilityWindowShort":null,"image":{"portraitUrl":null,"landscapeUrl":"https:\/\/images.nlziet.nl\/metadataimportimages\/source\/FAEED20241381873D4441AD8F23A90EE7B103B13F26990BCEE1C3432294796FF.jpg"},"logo":{"normalUrl":"https:\/\/cdn.nlziet.nl\/static\/assets\/contentproviders\/npo.png","darkUrl":"https:\/\/cdn.nlziet.nl\/static\/assets\/contentproviders\/dark\/npo.png","flatUrl":"https:\/\/cdn.nlziet.nl\/static\/assets\/contentproviders\/flat\/npo.png"},"tags":[],"seriesId":"67IaRe4ka0e8Pr-f7Cjp1w"},{"id":"W8lsqwGI_UKsm2WD1GH6gA","type":"Vod","title":"EO Metterdaad","subtitle":"Nepal","description":"EO - Ramesh Nepali worstelt in de Nepalese Himalaya dagelijks met zijn ziekte polio. In het berggebied kan hij zich met zijn krukken maar moeizaam voortbewegen. Daar komt nog bij dat hij als gehandicapte bij de laagste kaste hoort. De maatschappij ziet hem als verschoppeling. We maken mee hoe Ramesh bij een zelfhulpgroep zijn zelfrespect terugkrijgt en via een lening zijn eigen bedrijf mag starten.","formattedEpisodeNumbering":null,"formattedDate":"Ma 27 aug. 2018","formattedDateShort":"Aug. 2018","formattedTime":"15:06","formattedDuration":"3m","formattedAvailabilityWindow":null,"formattedAvailabilityWindowShort":null,"image":{"portraitUrl":null,"landscapeUrl":"https:\/\/images.nlziet.nl\/metadataimportimages\/source\/FCD21A4183BE22410BBD84D3A55A45570DBF69D6A55A36AFBC5F98279CE52397.jpg"},"logo":{"normalUrl":"https:\/\/cdn.nlziet.nl\/static\/assets\/contentproviders\/npo.png","darkUrl":"https:\/\/cdn.nlziet.nl\/static\/assets\/contentproviders\/dark\/npo.png","flatUrl":"https:\/\/cdn.nlziet.nl\/static\/assets\/contentproviders\/flat\/npo.png"},"tags":[],"seriesId":"67IaRe4ka0e8Pr-f7Cjp1w"},{"id":"DD34KL-v1U2MDaREXgWaKA","type":"Vod","title":"EO Metterdaad","subtitle":"Rwanda","description":"EO - Metterdaad is op pad met ex-straatjongen Brave. Jarenlang zwerft hij door de drukke straten van Kigali, de hoofdstad van Rwanda. De cameraploeg van Metterdaad volgt Brave door de sloppenwijken van de stad en komt daarbij zelf onder vuur te liggen. De sfeer is uiterst gespannen. In deze reportage ziet u hoe Kerk in Actie Brave en zijn familie ondersteunt. Brave is afgekickt en slikt hiv-medicijnen. Zijn moeder volgt een opleiding waardoor zij nu voor haar gezin kan zorgen. Brave gaat inmiddels weer naar school. 'Nu wil ik mijn verleden gebruiken om andere jongeren met hiv te helpen', vertelt Brave. Zijn hele gezicht straalt. 'Ik ben de hulpverleners ongelooflijk dankbaar, want zij laten me weer dromen over de toekomst.'","formattedEpisodeNumbering":null,"formattedDate":"Zo 26 aug. 2018","formattedDateShort":"Aug. 2018","formattedTime":"10:05","formattedDuration":"10m","formattedAvailabilityWindow":null,"formattedAvailabilityWindowShort":null,"image":{"portraitUrl":null,"landscapeUrl":"https:\/\/images.nlziet.nl\/metadataimportimages\/source\/F82B83B345DA8B1E6EB289E365D362227D8153ECEBA31FB112811BF8DEBE25B2.jpg"},"logo":{"normalUrl":"https:\/\/cdn.nlziet.nl\/static\/assets\/contentproviders\/npo.png","darkUrl":"https:\/\/cdn.nlziet.nl\/static\/assets\/contentproviders\/dark\/npo.png","flatUrl":"https:\/\/cdn.nlziet.nl\/static\/assets\/contentproviders\/flat\/npo.png"},"tags":[],"seriesId":"67IaRe4ka0e8Pr-f7Cjp1w"},{"id":"VwYcO09kd0ShKKzmdfqcKA","type":"Vod","title":"EO Metterdaad","subtitle":"Tanzania","description":"EO - 'Ik ben vrij in Jezus Christus', vertelt 'mister Bishop', een gevangene in Tanzania die veroordeeld is tot dertig jaar gevangenisstraf. Metterdaad is in dit land bij de grootste gevangenis: Karanga Prison. We krijgen de unieke kans om als eerste achter de gesloten deuren van deze gevangenis te filmen.","formattedEpisodeNumbering":null,"formattedDate":"Za 25 aug. 2018","formattedDateShort":"Aug. 2018","formattedTime":"18:40","formattedDuration":"25m","formattedAvailabilityWindow":null,"formattedAvailabilityWindowShort":null,"image":{"portraitUrl":null,"landscapeUrl":"https:\/\/images.nlziet.nl\/metadataimportimages\/source\/AC7D69826E0DB09C9A8D5893ED7326631FB9E8A38C9841C66E0455FD263E9818.jpg"},"logo":{"normalUrl":"https:\/\/cdn.nlziet.nl\/static\/assets\/contentproviders\/npo.png","darkUrl":"https:\/\/cdn.nlziet.nl\/static\/assets\/contentproviders\/dark\/npo.png","flatUrl":"https:\/\/cdn.nlziet.nl\/static\/assets\/contentproviders\/flat\/npo.png"},"tags":[],"seriesId":"67IaRe4ka0e8Pr-f7Cjp1w"},{"id":"RlJZmzmJWkueBcAjyTGi1A","type":"Vod","title":"EO Metterdaad","subtitle":"Tanzania","description":"EO - 'Ik ben vrij in Jezus Christus', vertelt 'mister Bishop', een gevangene in Tanzania die veroordeeld is tot dertig jaar gevangenisstraf. We zijn in dit land bij de grootste gevangenis: Karanga Prison. We krijgen de unieke kans om als eerste achter de gesloten deuren van deze gevangenis te filmen.","formattedEpisodeNumbering":null,"formattedDate":"Zo 19 aug. 2018","formattedDateShort":"Aug. 2018","formattedTime":"10:05","formattedDuration":"10m","formattedAvailabilityWindow":null,"formattedAvailabilityWindowShort":null,"image":{"portraitUrl":null,"landscapeUrl":"https:\/\/images.nlziet.nl\/metadataimportimages\/source\/A13C252E1954AB46D22DC26A2C3528187FC380459672F4545168BEA85333D16E.jpg"},"logo":{"normalUrl":"https:\/\/cdn.nlziet.nl\/static\/assets\/contentproviders\/npo.png","darkUrl":"https:\/\/cdn.nlziet.nl\/static\/assets\/contentproviders\/dark\/npo.png","flatUrl":"https:\/\/cdn.nlziet.nl\/static\/assets\/contentproviders\/flat\/npo.png"},"tags":[],"seriesId":"67IaRe4ka0e8Pr-f7Cjp1w"},{"id":"OyEWRqkwBkKhJtRwIpxHSQ","type":"Vod","title":"EO Metterdaad","subtitle":"Kenia\/Nairobi","description":"EO - We zijn deze weken met Metterdaad in Kenia, waar werkloosheid onder jongeren enorm is. Gek genoeg hebben bedrijven tegelijk grote moeite om gekwalificeerd personeel te vinden. Waar gaat het mis en hoe kunt u deze kwetsbare jongeren helpen?","formattedEpisodeNumbering":null,"formattedDate":"Zo 20 mei. 2018","formattedDateShort":"Mei. 2018","formattedTime":"10:20","formattedDuration":"10m","formattedAvailabilityWindow":null,"formattedAvailabilityWindowShort":null,"image":{"portraitUrl":null,"landscapeUrl":"https:\/\/images.nlziet.nl\/metadataimportimages\/source\/DAE6E708BA7B5ECC19C978BF0C5E895680334BE272A2A220136204BC2881CB4D.jpg"},"logo":{"normalUrl":"https:\/\/cdn.nlziet.nl\/static\/assets\/contentproviders\/npo.png","darkUrl":"https:\/\/cdn.nlziet.nl\/static\/assets\/contentproviders\/dark\/npo.png","flatUrl":"https:\/\/cdn.nlziet.nl\/static\/assets\/contentproviders\/flat\/npo.png"},"tags":[],"seriesId":"67IaRe4ka0e8Pr-f7Cjp1w"}]