[{"id":"Ax4kgtNv1U2xRvhjdX3g7Q","type":"Vod","title":"NOS Journaal met gebarentolk","subtitle":"NOS Journaal met gebarentolk","description":"NOS - Met het laatste nieuws, gebeurtenissen van nationaal en internationaal belang en de weersverwachting.","formattedEpisodeNumbering":null,"formattedDate":"Za 14 mrt. 2020","formattedDateShort":"Mrt. 2020","formattedTime":"02:40","formattedDuration":"25m","formattedAvailabilityWindow":null,"formattedAvailabilityWindowShort":null,"image":{"portraitUrl":null,"landscapeUrl":"https:\/\/images.nlziet.nl\/metadataimportimages\/source\/2FC46B927C3CCF7DE33ED0038592C7B41D39DF06989B694933A662E1EE096797.jpg"},"logo":{"normalUrl":"https:\/\/cdn.nlziet.nl\/static\/assets\/contentproviders\/npo.png","darkUrl":"https:\/\/cdn.nlziet.nl\/static\/assets\/contentproviders\/dark\/npo.png","flatUrl":"https:\/\/cdn.nlziet.nl\/static\/assets\/contentproviders\/flat\/npo.png"},"tags":[],"seriesId":"6pbrb5qCSEmKJooY61Bb_Q"}]