[{"id":"gVN_c7MBPkKtjDK4B20wvw","type":"Vod","title":"Zappsport","subtitle":"Zappsport WK","description":null,"formattedEpisodeNumbering":null,"formattedDate":"Za 12 jul. 2014","formattedDateShort":"Jul. 2014","formattedTime":"17:45","formattedDuration":"10m","formattedAvailabilityWindow":null,"formattedAvailabilityWindowShort":null,"image":{"portraitUrl":null,"landscapeUrl":"https:\/\/images.nlziet.nl\/metadataimportimages\/source\/C1D5EB4DF0C10BC04F92FE69C71CF8204AA68998F756850CEA9283E1D0CF2F5D.jpg"},"logo":{"normalUrl":"https:\/\/cdn.nlziet.nl\/static\/assets\/contentproviders\/npo.png","darkUrl":"https:\/\/cdn.nlziet.nl\/static\/assets\/contentproviders\/dark\/npo.png","flatUrl":"https:\/\/cdn.nlziet.nl\/static\/assets\/contentproviders\/flat\/npo.png"},"tags":[],"seriesId":"7QrOqPrilEGeM3pgWB1w1A"},{"id":"1DYW3jJgEEGs7GZmbnB8zQ","type":"Vod","title":"Zappsport","subtitle":"Zappsport WK","description":null,"formattedEpisodeNumbering":null,"formattedDate":"Vr 11 jul. 2014","formattedDateShort":"Jul. 2014","formattedTime":"17:25","formattedDuration":"10m","formattedAvailabilityWindow":null,"formattedAvailabilityWindowShort":null,"image":{"portraitUrl":null,"landscapeUrl":"https:\/\/images.nlziet.nl\/metadataimportimages\/source\/1F784271F085683DDE26D5C7411E351AE6A02F6542B0A86651D9B6CD7F41443C.jpg"},"logo":{"normalUrl":"https:\/\/cdn.nlziet.nl\/static\/assets\/contentproviders\/npo.png","darkUrl":"https:\/\/cdn.nlziet.nl\/static\/assets\/contentproviders\/dark\/npo.png","flatUrl":"https:\/\/cdn.nlziet.nl\/static\/assets\/contentproviders\/flat\/npo.png"},"tags":[],"seriesId":"7QrOqPrilEGeM3pgWB1w1A"},{"id":"UfcwLhrCskKHfGYwdE5KIA","type":"Vod","title":"Zappsport","subtitle":"Zappsport WK","description":null,"formattedEpisodeNumbering":null,"formattedDate":"Do 10 jul. 2014","formattedDateShort":"Jul. 2014","formattedTime":"17:25","formattedDuration":"9m","formattedAvailabilityWindow":null,"formattedAvailabilityWindowShort":null,"image":{"portraitUrl":null,"landscapeUrl":"https:\/\/images.nlziet.nl\/metadataimportimages\/source\/0F5D2BEFC9695ED85BD2C566E06FFC70565208DF173403FFFD5C3194DDB393FC.jpg"},"logo":{"normalUrl":"https:\/\/cdn.nlziet.nl\/static\/assets\/contentproviders\/npo.png","darkUrl":"https:\/\/cdn.nlziet.nl\/static\/assets\/contentproviders\/dark\/npo.png","flatUrl":"https:\/\/cdn.nlziet.nl\/static\/assets\/contentproviders\/flat\/npo.png"},"tags":[],"seriesId":"7QrOqPrilEGeM3pgWB1w1A"},{"id":"CFuR5w7TdECcBk_s-4VpWw","type":"Vod","title":"Zappsport","subtitle":"Zappsport WK","description":null,"formattedEpisodeNumbering":null,"formattedDate":"Wo 9 jul. 2014","formattedDateShort":"Jul. 2014","formattedTime":"17:25","formattedDuration":"10m","formattedAvailabilityWindow":null,"formattedAvailabilityWindowShort":null,"image":{"portraitUrl":null,"landscapeUrl":"https:\/\/images.nlziet.nl\/metadataimportimages\/source\/32ED34C32E82E492172683313405C15BFE1FB1E22A9B3B802B0761F94A98116B.jpg"},"logo":{"normalUrl":"https:\/\/cdn.nlziet.nl\/static\/assets\/contentproviders\/npo.png","darkUrl":"https:\/\/cdn.nlziet.nl\/static\/assets\/contentproviders\/dark\/npo.png","flatUrl":"https:\/\/cdn.nlziet.nl\/static\/assets\/contentproviders\/flat\/npo.png"},"tags":[],"seriesId":"7QrOqPrilEGeM3pgWB1w1A"},{"id":"aE8AMFl2kE-vzuhBtSEuaw","type":"Vod","title":"Zappsport","subtitle":"Zappsport WK","description":"TROS - Oranjekoorts in WK Zappsport. Altijd al een originele 'Robben' aan de muur willen hebben? Kan van Persie vissen? Alles waarvan je niet wist dat je het wilde weten over het Nederlands Elftal. Terwijl Ron Boszhard in Brazili\u00eb het Nederlands Elftal op de voet volgt, zoekt sidekick Sascha Visser het Oranje-gevoel in eigen land op.","formattedEpisodeNumbering":null,"formattedDate":"Di 8 jul. 2014","formattedDateShort":"Jul. 2014","formattedTime":"17:25","formattedDuration":"10m","formattedAvailabilityWindow":null,"formattedAvailabilityWindowShort":null,"image":{"portraitUrl":null,"landscapeUrl":"https:\/\/images.nlziet.nl\/metadataimportimages\/source\/36A04EA7864E0BC68F7DE6862C3D82CCB361234DF93E38C3F54E441D78154DB5.jpg"},"logo":{"normalUrl":"https:\/\/cdn.nlziet.nl\/static\/assets\/contentproviders\/npo.png","darkUrl":"https:\/\/cdn.nlziet.nl\/static\/assets\/contentproviders\/dark\/npo.png","flatUrl":"https:\/\/cdn.nlziet.nl\/static\/assets\/contentproviders\/flat\/npo.png"},"tags":[],"seriesId":"7QrOqPrilEGeM3pgWB1w1A"},{"id":"esLJtlkO10eGSYUhhYkhjQ","type":"Vod","title":"Zappsport","subtitle":"Zappsport WK","description":"TROS - Oranjekoorts in WK Zappsport. Altijd al een originele 'Robben' aan de muur willen hebben? Kan van Persie vissen? Alles waarvan je niet wist dat je het wilde weten over het Nederlands Elftal. Terwijl Ron Boszhard in Brazili\u00eb het Nederlands Elftal op de voet volgt, zoekt sidekick Sascha Visser het Oranje-gevoel in eigen land op.","formattedEpisodeNumbering":null,"formattedDate":"Ma 7 jul. 2014","formattedDateShort":"Jul. 2014","formattedTime":"17:25","formattedDuration":"10m","formattedAvailabilityWindow":null,"formattedAvailabilityWindowShort":null,"image":{"portraitUrl":null,"landscapeUrl":"https:\/\/images.nlziet.nl\/metadataimportimages\/source\/DAF180BE6B4D80D5FA70DD562267EE8FC9B4E8D065F89DAD6B7F93ED8849BA74.jpg"},"logo":{"normalUrl":"https:\/\/cdn.nlziet.nl\/static\/assets\/contentproviders\/npo.png","darkUrl":"https:\/\/cdn.nlziet.nl\/static\/assets\/contentproviders\/dark\/npo.png","flatUrl":"https:\/\/cdn.nlziet.nl\/static\/assets\/contentproviders\/flat\/npo.png"},"tags":[],"seriesId":"7QrOqPrilEGeM3pgWB1w1A"},{"id":"S4oGQIsxtU29AbRdXAU2Rw","type":"Vod","title":"Zappsport","subtitle":"Zappsport WK","description":null,"formattedEpisodeNumbering":null,"formattedDate":"Zo 6 jul. 2014","formattedDateShort":"Jul. 2014","formattedTime":"17:30","formattedDuration":"10m","formattedAvailabilityWindow":null,"formattedAvailabilityWindowShort":null,"image":{"portraitUrl":null,"landscapeUrl":"https:\/\/images.nlziet.nl\/metadataimportimages\/source\/B13C0AA835A00680424805A704282DA91B4931046C510D795D85F8B123CCBE67.jpg"},"logo":{"normalUrl":"https:\/\/cdn.nlziet.nl\/static\/assets\/contentproviders\/npo.png","darkUrl":"https:\/\/cdn.nlziet.nl\/static\/assets\/contentproviders\/dark\/npo.png","flatUrl":"https:\/\/cdn.nlziet.nl\/static\/assets\/contentproviders\/flat\/npo.png"},"tags":[],"seriesId":"7QrOqPrilEGeM3pgWB1w1A"},{"id":"WgLblC12REaY8LVlaOg9Ow","type":"Vod","title":"Zappsport","subtitle":"Zappsport WK","description":null,"formattedEpisodeNumbering":null,"formattedDate":"Zo 6 jul. 2014","formattedDateShort":"Jul. 2014","formattedTime":"08:45","formattedDuration":"9m","formattedAvailabilityWindow":null,"formattedAvailabilityWindowShort":null,"image":{"portraitUrl":null,"landscapeUrl":"https:\/\/images.nlziet.nl\/metadataimportimages\/source\/557902F399E5D3218B5A540AE29DC8258A3088ED4550CA4DFA4E15202390A9D5.jpg"},"logo":{"normalUrl":"https:\/\/cdn.nlziet.nl\/static\/assets\/contentproviders\/npo.png","darkUrl":"https:\/\/cdn.nlziet.nl\/static\/assets\/contentproviders\/dark\/npo.png","flatUrl":"https:\/\/cdn.nlziet.nl\/static\/assets\/contentproviders\/flat\/npo.png"},"tags":[],"seriesId":"7QrOqPrilEGeM3pgWB1w1A"},{"id":"_5cZk622GEWpmmjVVIYTQQ","type":"Vod","title":"Zappsport","subtitle":"Zappsport WK","description":"TROS - Oranjekoorts in WK Zappsport. Altijd al een originele 'Robben' aan de muur willen hebben? Kan Van Persie vissen? Alles waarvan je niet wist dat je het wilde weten over het Nederlands Elftal. Terwijl Ron Boszhard in Brazili\u00eb het Nederlands Elftal op de voet volgt, zoekt sidekick Sascha Visser het Oranje-gevoel in eigen land op.","formattedEpisodeNumbering":null,"formattedDate":"Za 5 jul. 2014","formattedDateShort":"Jul. 2014","formattedTime":"17:45","formattedDuration":"9m","formattedAvailabilityWindow":null,"formattedAvailabilityWindowShort":null,"image":{"portraitUrl":null,"landscapeUrl":"https:\/\/images.nlziet.nl\/metadataimportimages\/source\/2D602DA384C7C23EC9F01319BEF27B87DD1538E54C15EF018ED18BD3C1C12224.jpg"},"logo":{"normalUrl":"https:\/\/cdn.nlziet.nl\/static\/assets\/contentproviders\/npo.png","darkUrl":"https:\/\/cdn.nlziet.nl\/static\/assets\/contentproviders\/dark\/npo.png","flatUrl":"https:\/\/cdn.nlziet.nl\/static\/assets\/contentproviders\/flat\/npo.png"},"tags":[],"seriesId":"7QrOqPrilEGeM3pgWB1w1A"},{"id":"v3xV3n5fUE21VQS-B2j2Yg","type":"Vod","title":"Zappsport","subtitle":"Zappsport WK","description":null,"formattedEpisodeNumbering":null,"formattedDate":"Za 5 jul. 2014","formattedDateShort":"Jul. 2014","formattedTime":"08:45","formattedDuration":"10m","formattedAvailabilityWindow":null,"formattedAvailabilityWindowShort":null,"image":{"portraitUrl":null,"landscapeUrl":"https:\/\/images.nlziet.nl\/metadataimportimages\/source\/CC0349F21BC0E1F943A060ECF73DA08F888FD26175F4CF8863D3FC7B98266C29.jpg"},"logo":{"normalUrl":"https:\/\/cdn.nlziet.nl\/static\/assets\/contentproviders\/npo.png","darkUrl":"https:\/\/cdn.nlziet.nl\/static\/assets\/contentproviders\/dark\/npo.png","flatUrl":"https:\/\/cdn.nlziet.nl\/static\/assets\/contentproviders\/flat\/npo.png"},"tags":[],"seriesId":"7QrOqPrilEGeM3pgWB1w1A"},{"id":"w_G5JdHx20KCqMtAIyrlrA","type":"Vod","title":"Zappsport","subtitle":"Zappsport WK","description":"TROS - Oranjekoorts in WK Zappsport. Altijd al een originele 'Robben' aan de muur willen hebben? Kan van Persie vissen? Alles waarvan je niet wist dat je het wilde weten over het Nederlands Elftal. Terwijl Ron Boszhard in Brazili\u00eb het Nederlands Elftal op de voet volgt, zoekt sidekick Sascha Visser het Oranje-gevoel in eigen land op.","formattedEpisodeNumbering":null,"formattedDate":"Vr 4 jul. 2014","formattedDateShort":"Jul. 2014","formattedTime":"17:10","formattedDuration":"10m","formattedAvailabilityWindow":null,"formattedAvailabilityWindowShort":null,"image":{"portraitUrl":null,"landscapeUrl":"https:\/\/images.nlziet.nl\/metadataimportimages\/source\/E53A983272536BD1B777CF2EDC0B023F30623CF1258ABC75BBF8A72AAB93DA6D.jpg"},"logo":{"normalUrl":"https:\/\/cdn.nlziet.nl\/static\/assets\/contentproviders\/npo.png","darkUrl":"https:\/\/cdn.nlziet.nl\/static\/assets\/contentproviders\/dark\/npo.png","flatUrl":"https:\/\/cdn.nlziet.nl\/static\/assets\/contentproviders\/flat\/npo.png"},"tags":[],"seriesId":"7QrOqPrilEGeM3pgWB1w1A"},{"id":"Pos3H56AWEivfLa8-RXxrg","type":"Vod","title":"Zappsport","subtitle":"Zappsport WK","description":"TROS - Oranjekoorts in WK Zappsport. Altijd al een originele 'Robben' aan de muur willen hebben? Kan van Persie vissen? Alles waarvan je niet wist dat je het wilde weten over het Nederlands Elftal. Terwijl Ron Boszhard in Brazili\u00eb het Nederlands Elftal op de voet volgt, zoekt sidekick Sascha Visser het Oranje-gevoel in eigen land op.","formattedEpisodeNumbering":null,"formattedDate":"Do 3 jul. 2014","formattedDateShort":"Jul. 2014","formattedTime":"16:55","formattedDuration":"10m","formattedAvailabilityWindow":null,"formattedAvailabilityWindowShort":null,"image":{"portraitUrl":null,"landscapeUrl":"https:\/\/images.nlziet.nl\/metadataimportimages\/source\/279018C77DCC562EFDA685276215691A739A20FBEAE671836F9AEC7553ADC5D0.jpg"},"logo":{"normalUrl":"https:\/\/cdn.nlziet.nl\/static\/assets\/contentproviders\/npo.png","darkUrl":"https:\/\/cdn.nlziet.nl\/static\/assets\/contentproviders\/dark\/npo.png","flatUrl":"https:\/\/cdn.nlziet.nl\/static\/assets\/contentproviders\/flat\/npo.png"},"tags":[],"seriesId":"7QrOqPrilEGeM3pgWB1w1A"},{"id":"6vYuLstJsUampKGtkgjXow","type":"Vod","title":"Zappsport","subtitle":"Zappsport WK","description":null,"formattedEpisodeNumbering":null,"formattedDate":"Wo 2 jul. 2014","formattedDateShort":"Jul. 2014","formattedTime":"16:54","formattedDuration":"10m","formattedAvailabilityWindow":null,"formattedAvailabilityWindowShort":null,"image":{"portraitUrl":null,"landscapeUrl":"https:\/\/images.nlziet.nl\/metadataimportimages\/source\/D65AC46CF5D61435DC415758BADB3C2D08AD9B260A5D770B16CC8268571B335A.jpg"},"logo":{"normalUrl":"https:\/\/cdn.nlziet.nl\/static\/assets\/contentproviders\/npo.png","darkUrl":"https:\/\/cdn.nlziet.nl\/static\/assets\/contentproviders\/dark\/npo.png","flatUrl":"https:\/\/cdn.nlziet.nl\/static\/assets\/contentproviders\/flat\/npo.png"},"tags":[],"seriesId":"7QrOqPrilEGeM3pgWB1w1A"},{"id":"YuVjcgQG_UGLBhKZU3cMQg","type":"Vod","title":"Zappsport","subtitle":"Zappsport WK","description":"TROS - Oranjekoorts in WK Zappsort, elke dag op Zappelin en NL1. Altijd al een originele 'Robben' aan de muur willen hebben? Kan van Persie vissen? Alles waarvan je niet wist dat je het wilde weten over het Nederlands Elftal, dagelijks op zappelin en Nl1. Terwijl Ron Boszhard in Brazili\u00eb het Nederlands Elftal op de voet volgt, zoekt sidekick Sascha Visser het Oranje-gevoel in eigen land op.","formattedEpisodeNumbering":null,"formattedDate":"Di 1 jul. 2014","formattedDateShort":"Jul. 2014","formattedTime":"17:09","formattedDuration":"10m","formattedAvailabilityWindow":null,"formattedAvailabilityWindowShort":null,"image":{"portraitUrl":null,"landscapeUrl":"https:\/\/images.nlziet.nl\/metadataimportimages\/source\/15D967A75BC6B8CAA03F4D06310C4219E83C532D8311D2931D9B50C8566D7893.jpg"},"logo":{"normalUrl":"https:\/\/cdn.nlziet.nl\/static\/assets\/contentproviders\/npo.png","darkUrl":"https:\/\/cdn.nlziet.nl\/static\/assets\/contentproviders\/dark\/npo.png","flatUrl":"https:\/\/cdn.nlziet.nl\/static\/assets\/contentproviders\/flat\/npo.png"},"tags":[],"seriesId":"7QrOqPrilEGeM3pgWB1w1A"},{"id":"qXy7_obYDUakj6T1sga7Ug","type":"Vod","title":"Zappsport","subtitle":"Zappsport WK","description":"TROS - Oranjekoorts in WK Zappsort, elke dag op Zappelin en NL1. Altijd al een originele 'Robben' aan de muur willen hebben? Kan van Persie vissen? Alles waarvan je niet wist dat je het wilde weten over het Nederlands Elftal, dagelijks op zappelin en Nl1. Terwijl Ron Boszhard in Brazili\u00eb het Nederlands Elftal op de voet volgt, zoekt sidekick Sascha Visser het Oranje-gevoel in eigen land op.","formattedEpisodeNumbering":null,"formattedDate":"Ma 30 jun. 2014","formattedDateShort":"Jun. 2014","formattedTime":"17:07","formattedDuration":"10m","formattedAvailabilityWindow":null,"formattedAvailabilityWindowShort":null,"image":{"portraitUrl":null,"landscapeUrl":"https:\/\/images.nlziet.nl\/metadataimportimages\/source\/2FB06199D4DEB305B4E8D9FFD663B0D49A1D6081F5F7FBAA441CDB8421F03140.jpg"},"logo":{"normalUrl":"https:\/\/cdn.nlziet.nl\/static\/assets\/contentproviders\/npo.png","darkUrl":"https:\/\/cdn.nlziet.nl\/static\/assets\/contentproviders\/dark\/npo.png","flatUrl":"https:\/\/cdn.nlziet.nl\/static\/assets\/contentproviders\/flat\/npo.png"},"tags":[],"seriesId":"7QrOqPrilEGeM3pgWB1w1A"},{"id":"5BQsLdrRYEuiqWLT4NHKJw","type":"Vod","title":"Zappsport","subtitle":"Zappsport WK","description":null,"formattedEpisodeNumbering":null,"formattedDate":"Zo 29 jun. 2014","formattedDateShort":"Jun. 2014","formattedTime":"17:25","formattedDuration":"9m","formattedAvailabilityWindow":null,"formattedAvailabilityWindowShort":null,"image":{"portraitUrl":null,"landscapeUrl":"https:\/\/images.nlziet.nl\/metadataimportimages\/source\/6F355E4C45D32F7BAE979D33712F368CC38B9C3F57FF3B3460D0C701B6376DA1.jpg"},"logo":{"normalUrl":"https:\/\/cdn.nlziet.nl\/static\/assets\/contentproviders\/npo.png","darkUrl":"https:\/\/cdn.nlziet.nl\/static\/assets\/contentproviders\/dark\/npo.png","flatUrl":"https:\/\/cdn.nlziet.nl\/static\/assets\/contentproviders\/flat\/npo.png"},"tags":[],"seriesId":"7QrOqPrilEGeM3pgWB1w1A"},{"id":"3BXRW_iuIUWv6p6F7_GPbg","type":"Vod","title":"Zappsport","subtitle":"Zappsport WK","description":null,"formattedEpisodeNumbering":null,"formattedDate":"Za 28 jun. 2014","formattedDateShort":"Jun. 2014","formattedTime":"17:07","formattedDuration":"10m","formattedAvailabilityWindow":null,"formattedAvailabilityWindowShort":null,"image":{"portraitUrl":null,"landscapeUrl":"https:\/\/images.nlziet.nl\/metadataimportimages\/source\/6ED48E987B68BCB8080AA73B04072616B37946BB3E7E30AC343B31B9DADED74C.jpg"},"logo":{"normalUrl":"https:\/\/cdn.nlziet.nl\/static\/assets\/contentproviders\/npo.png","darkUrl":"https:\/\/cdn.nlziet.nl\/static\/assets\/contentproviders\/dark\/npo.png","flatUrl":"https:\/\/cdn.nlziet.nl\/static\/assets\/contentproviders\/flat\/npo.png"},"tags":[],"seriesId":"7QrOqPrilEGeM3pgWB1w1A"},{"id":"kTXgPZROPES8ytlwKXmajQ","type":"Vod","title":"Zappsport","subtitle":"Zappsport WK","description":null,"formattedEpisodeNumbering":null,"formattedDate":"Vr 27 jun. 2014","formattedDateShort":"Jun. 2014","formattedTime":"16:40","formattedDuration":"10m","formattedAvailabilityWindow":null,"formattedAvailabilityWindowShort":null,"image":{"portraitUrl":null,"landscapeUrl":"https:\/\/images.nlziet.nl\/metadataimportimages\/source\/3A95B3712ED286938659E5A4DBB3AA331EAAE5165D780B28F59BDC752E2E9672.jpg"},"logo":{"normalUrl":"https:\/\/cdn.nlziet.nl\/static\/assets\/contentproviders\/npo.png","darkUrl":"https:\/\/cdn.nlziet.nl\/static\/assets\/contentproviders\/dark\/npo.png","flatUrl":"https:\/\/cdn.nlziet.nl\/static\/assets\/contentproviders\/flat\/npo.png"},"tags":[],"seriesId":"7QrOqPrilEGeM3pgWB1w1A"},{"id":"15KJK0d1Lkq3sitcTCAIVg","type":"Vod","title":"Zappsport","subtitle":"Zappsport WK","description":null,"formattedEpisodeNumbering":null,"formattedDate":"Do 26 jun. 2014","formattedDateShort":"Jun. 2014","formattedTime":"17:07","formattedDuration":"10m","formattedAvailabilityWindow":null,"formattedAvailabilityWindowShort":null,"image":{"portraitUrl":null,"landscapeUrl":"https:\/\/images.nlziet.nl\/metadataimportimages\/source\/276362F3837D81694F97B4F133A5F6A3C18C20EDD03CCD917C9F3A3E51813D30.jpg"},"logo":{"normalUrl":"https:\/\/cdn.nlziet.nl\/static\/assets\/contentproviders\/npo.png","darkUrl":"https:\/\/cdn.nlziet.nl\/static\/assets\/contentproviders\/dark\/npo.png","flatUrl":"https:\/\/cdn.nlziet.nl\/static\/assets\/contentproviders\/flat\/npo.png"},"tags":[],"seriesId":"7QrOqPrilEGeM3pgWB1w1A"},{"id":"U4-TDBvcRUGfGXSynixF9w","type":"Vod","title":"Zappsport","subtitle":"Zappsport WK","description":"TROS - Oranjekoorts in WK Zappsort, elke dag op Zappelin en NL1. Altijd al een originele 'Robben' aan de muur willen hebben? Kan van Persie vissen? Alles waarvan je niet wist dat je het wilde weten over het Nederlands Elftal, dagelijks op zappelin en Nl1. Terwijl Ron Boszhard in Brazili\u00eb het Nederlands Elftal op de voet volgt, zoekt sidekick Sascha Visser het Oranje-gevoel in eigen land op.","formattedEpisodeNumbering":null,"formattedDate":"Wo 25 jun. 2014","formattedDateShort":"Jun. 2014","formattedTime":"17:10","formattedDuration":"10m","formattedAvailabilityWindow":null,"formattedAvailabilityWindowShort":null,"image":{"portraitUrl":null,"landscapeUrl":"https:\/\/images.nlziet.nl\/metadataimportimages\/source\/621E4D3D7D38502185C76468AA53A964A78B6C48E72C055C5B403F42E78C86C8.jpg"},"logo":{"normalUrl":"https:\/\/cdn.nlziet.nl\/static\/assets\/contentproviders\/npo.png","darkUrl":"https:\/\/cdn.nlziet.nl\/static\/assets\/contentproviders\/dark\/npo.png","flatUrl":"https:\/\/cdn.nlziet.nl\/static\/assets\/contentproviders\/flat\/npo.png"},"tags":[],"seriesId":"7QrOqPrilEGeM3pgWB1w1A"},{"id":"jZxtgGQ4m02Uc1wtwPtKPA","type":"Vod","title":"Zappsport","subtitle":"Zappsport WK","description":null,"formattedEpisodeNumbering":null,"formattedDate":"Di 24 jun. 2014","formattedDateShort":"Jun. 2014","formattedTime":"17:10","formattedDuration":"10m","formattedAvailabilityWindow":null,"formattedAvailabilityWindowShort":null,"image":{"portraitUrl":null,"landscapeUrl":"https:\/\/images.nlziet.nl\/metadataimportimages\/source\/57FDF482B4D5C3613C9A5517412F19BE87BCF4CBE1074A4DE154ADA14BD3C5CD.jpg"},"logo":{"normalUrl":"https:\/\/cdn.nlziet.nl\/static\/assets\/contentproviders\/npo.png","darkUrl":"https:\/\/cdn.nlziet.nl\/static\/assets\/contentproviders\/dark\/npo.png","flatUrl":"https:\/\/cdn.nlziet.nl\/static\/assets\/contentproviders\/flat\/npo.png"},"tags":[],"seriesId":"7QrOqPrilEGeM3pgWB1w1A"},{"id":"aG9KTapVs0uAS0X_WwExCQ","type":"Vod","title":"Zappsport","subtitle":"Zappsport WK","description":null,"formattedEpisodeNumbering":null,"formattedDate":"Ma 23 jun. 2014","formattedDateShort":"Jun. 2014","formattedTime":"16:45","formattedDuration":"10m","formattedAvailabilityWindow":null,"formattedAvailabilityWindowShort":null,"image":{"portraitUrl":null,"landscapeUrl":"https:\/\/images.nlziet.nl\/metadataimportimages\/source\/C24F9D4E3F48C5EFE2B8003D5EF6BDDB321BAF1CB8B6983D6EB554DD69E00E8C.jpg"},"logo":{"normalUrl":"https:\/\/cdn.nlziet.nl\/static\/assets\/contentproviders\/npo.png","darkUrl":"https:\/\/cdn.nlziet.nl\/static\/assets\/contentproviders\/dark\/npo.png","flatUrl":"https:\/\/cdn.nlziet.nl\/static\/assets\/contentproviders\/flat\/npo.png"},"tags":[],"seriesId":"7QrOqPrilEGeM3pgWB1w1A"},{"id":"nmFWRx0yNU-WH_fTihem2w","type":"Vod","title":"Zappsport","subtitle":"Zappsport WK","description":null,"formattedEpisodeNumbering":null,"formattedDate":"Zo 22 jun. 2014","formattedDateShort":"Jun. 2014","formattedTime":"17:30","formattedDuration":"9m","formattedAvailabilityWindow":null,"formattedAvailabilityWindowShort":null,"image":{"portraitUrl":null,"landscapeUrl":"https:\/\/images.nlziet.nl\/metadataimportimages\/source\/1FAFE9D884009902AFA4EC660889CD6FC5511303FDCE7659BAE1231E0DE6E94C.jpg"},"logo":{"normalUrl":"https:\/\/cdn.nlziet.nl\/static\/assets\/contentproviders\/npo.png","darkUrl":"https:\/\/cdn.nlziet.nl\/static\/assets\/contentproviders\/dark\/npo.png","flatUrl":"https:\/\/cdn.nlziet.nl\/static\/assets\/contentproviders\/flat\/npo.png"},"tags":[],"seriesId":"7QrOqPrilEGeM3pgWB1w1A"},{"id":"GRwb4CuEg0aSXYypPto9Rw","type":"Vod","title":"Zappsport","subtitle":"Zappsport WK","description":null,"formattedEpisodeNumbering":null,"formattedDate":"Za 21 jun. 2014","formattedDateShort":"Jun. 2014","formattedTime":"17:06","formattedDuration":"10m","formattedAvailabilityWindow":null,"formattedAvailabilityWindowShort":null,"image":{"portraitUrl":null,"landscapeUrl":"https:\/\/images.nlziet.nl\/metadataimportimages\/source\/DE2FC644ED09D34AEDC9DB426D50490838531D49E3A39564EB3B63B2868E1D77.jpg"},"logo":{"normalUrl":"https:\/\/cdn.nlziet.nl\/static\/assets\/contentproviders\/npo.png","darkUrl":"https:\/\/cdn.nlziet.nl\/static\/assets\/contentproviders\/dark\/npo.png","flatUrl":"https:\/\/cdn.nlziet.nl\/static\/assets\/contentproviders\/flat\/npo.png"},"tags":[],"seriesId":"7QrOqPrilEGeM3pgWB1w1A"},{"id":"CgBtAtwcA0a9CL6zQ63lPA","type":"Vod","title":"Zappsport","subtitle":"Zappsport WK","description":null,"formattedEpisodeNumbering":null,"formattedDate":"Vr 20 jun. 2014","formattedDateShort":"Jun. 2014","formattedTime":"17:10","formattedDuration":"9m","formattedAvailabilityWindow":null,"formattedAvailabilityWindowShort":null,"image":{"portraitUrl":null,"landscapeUrl":"https:\/\/images.nlziet.nl\/metadataimportimages\/source\/635DB6162428E279835D9E6437B2658FD3386D3DEB9E213E26F99C8CEC0BFAEC.jpg"},"logo":{"normalUrl":"https:\/\/cdn.nlziet.nl\/static\/assets\/contentproviders\/npo.png","darkUrl":"https:\/\/cdn.nlziet.nl\/static\/assets\/contentproviders\/dark\/npo.png","flatUrl":"https:\/\/cdn.nlziet.nl\/static\/assets\/contentproviders\/flat\/npo.png"},"tags":[],"seriesId":"7QrOqPrilEGeM3pgWB1w1A"},{"id":"muc8_k-yckOHh1u4_Cb0qQ","type":"Vod","title":"Zappsport","subtitle":"Zappsport WK","description":null,"formattedEpisodeNumbering":null,"formattedDate":"Do 19 jun. 2014","formattedDateShort":"Jun. 2014","formattedTime":"17:10","formattedDuration":"10m","formattedAvailabilityWindow":null,"formattedAvailabilityWindowShort":null,"image":{"portraitUrl":null,"landscapeUrl":"https:\/\/images.nlziet.nl\/metadataimportimages\/source\/F66D525A73C1191ED8FC65F1D79D78FBF9CFE2C6E054E3D963D2350ED7768AB5.jpg"},"logo":{"normalUrl":"https:\/\/cdn.nlziet.nl\/static\/assets\/contentproviders\/npo.png","darkUrl":"https:\/\/cdn.nlziet.nl\/static\/assets\/contentproviders\/dark\/npo.png","flatUrl":"https:\/\/cdn.nlziet.nl\/static\/assets\/contentproviders\/flat\/npo.png"},"tags":[],"seriesId":"7QrOqPrilEGeM3pgWB1w1A"},{"id":"-Ctu365aqUKPjshQedChcw","type":"Vod","title":"Zappsport","subtitle":"Zappsport WK","description":null,"formattedEpisodeNumbering":null,"formattedDate":"Wo 18 jun. 2014","formattedDateShort":"Jun. 2014","formattedTime":"16:43","formattedDuration":"10m","formattedAvailabilityWindow":null,"formattedAvailabilityWindowShort":null,"image":{"portraitUrl":null,"landscapeUrl":"https:\/\/images.nlziet.nl\/metadataimportimages\/source\/4060C8F8F0CAEC0F6A633998FFAD77B7D3838CBEC9C479683257CBC53D7A8994.jpg"},"logo":{"normalUrl":"https:\/\/cdn.nlziet.nl\/static\/assets\/contentproviders\/npo.png","darkUrl":"https:\/\/cdn.nlziet.nl\/static\/assets\/contentproviders\/dark\/npo.png","flatUrl":"https:\/\/cdn.nlziet.nl\/static\/assets\/contentproviders\/flat\/npo.png"},"tags":[],"seriesId":"7QrOqPrilEGeM3pgWB1w1A"},{"id":"7rS8thGBU0KV53m8I7j5wQ","type":"Vod","title":"Zappsport","subtitle":"Zappsport WK","description":null,"formattedEpisodeNumbering":null,"formattedDate":"Di 17 jun. 2014","formattedDateShort":"Jun. 2014","formattedTime":"17:10","formattedDuration":"10m","formattedAvailabilityWindow":null,"formattedAvailabilityWindowShort":null,"image":{"portraitUrl":null,"landscapeUrl":"https:\/\/images.nlziet.nl\/metadataimportimages\/source\/CB09DBF0DACFA1E8E85A28BC0CB20B4C49EAFBB248F401BBE80AE196454926AB.jpg"},"logo":{"normalUrl":"https:\/\/cdn.nlziet.nl\/static\/assets\/contentproviders\/npo.png","darkUrl":"https:\/\/cdn.nlziet.nl\/static\/assets\/contentproviders\/dark\/npo.png","flatUrl":"https:\/\/cdn.nlziet.nl\/static\/assets\/contentproviders\/flat\/npo.png"},"tags":[],"seriesId":"7QrOqPrilEGeM3pgWB1w1A"},{"id":"58pUU4ZRNESzF76nE2MOow","type":"Vod","title":"Zappsport","subtitle":"Zappsport WK","description":null,"formattedEpisodeNumbering":null,"formattedDate":"Ma 16 jun. 2014","formattedDateShort":"Jun. 2014","formattedTime":"17:10","formattedDuration":"10m","formattedAvailabilityWindow":null,"formattedAvailabilityWindowShort":null,"image":{"portraitUrl":null,"landscapeUrl":"https:\/\/images.nlziet.nl\/metadataimportimages\/source\/6776E37CA0707B55555711449A8D7473D40B8E126E72B33F345DFC153B5E9512.jpg"},"logo":{"normalUrl":"https:\/\/cdn.nlziet.nl\/static\/assets\/contentproviders\/npo.png","darkUrl":"https:\/\/cdn.nlziet.nl\/static\/assets\/contentproviders\/dark\/npo.png","flatUrl":"https:\/\/cdn.nlziet.nl\/static\/assets\/contentproviders\/flat\/npo.png"},"tags":[],"seriesId":"7QrOqPrilEGeM3pgWB1w1A"},{"id":"aJnHbY8zTEmB2Hc7XjFJAg","type":"Vod","title":"Zappsport","subtitle":"Zappsport WK","description":null,"formattedEpisodeNumbering":null,"formattedDate":"Zo 15 jun. 2014","formattedDateShort":"Jun. 2014","formattedTime":"17:10","formattedDuration":"10m","formattedAvailabilityWindow":null,"formattedAvailabilityWindowShort":null,"image":{"portraitUrl":null,"landscapeUrl":"https:\/\/images.nlziet.nl\/metadataimportimages\/source\/9CA9875EA403545D99B642BCFE3E4D8C13D6632C22DEEEDC774DC9975A943B70.jpg"},"logo":{"normalUrl":"https:\/\/cdn.nlziet.nl\/static\/assets\/contentproviders\/npo.png","darkUrl":"https:\/\/cdn.nlziet.nl\/static\/assets\/contentproviders\/dark\/npo.png","flatUrl":"https:\/\/cdn.nlziet.nl\/static\/assets\/contentproviders\/flat\/npo.png"},"tags":[],"seriesId":"7QrOqPrilEGeM3pgWB1w1A"},{"id":"qo4xwvfx6kG9_-B4IoAPSg","type":"Vod","title":"Zappsport","subtitle":"Zappsport WK","description":null,"formattedEpisodeNumbering":null,"formattedDate":"Za 14 jun. 2014","formattedDateShort":"Jun. 2014","formattedTime":"17:40","formattedDuration":"10m","formattedAvailabilityWindow":null,"formattedAvailabilityWindowShort":null,"image":{"portraitUrl":null,"landscapeUrl":"https:\/\/images.nlziet.nl\/metadataimportimages\/source\/ACA15C377035B96CF2E6A22DD495E36CA728EE8B6183BC1A6E9C445B4805201C.jpg"},"logo":{"normalUrl":"https:\/\/cdn.nlziet.nl\/static\/assets\/contentproviders\/npo.png","darkUrl":"https:\/\/cdn.nlziet.nl\/static\/assets\/contentproviders\/dark\/npo.png","flatUrl":"https:\/\/cdn.nlziet.nl\/static\/assets\/contentproviders\/flat\/npo.png"},"tags":[],"seriesId":"7QrOqPrilEGeM3pgWB1w1A"},{"id":"ESqldHrai0KnPkDT8sX0oQ","type":"Vod","title":"Zappsport","subtitle":"Zappsport WK","description":null,"formattedEpisodeNumbering":null,"formattedDate":"Vr 13 jun. 2014","formattedDateShort":"Jun. 2014","formattedTime":"17:10","formattedDuration":"10m","formattedAvailabilityWindow":null,"formattedAvailabilityWindowShort":null,"image":{"portraitUrl":null,"landscapeUrl":"https:\/\/images.nlziet.nl\/metadataimportimages\/source\/4083532EB1C82270F2EE68238D95A6FA0CBDAAE6AE7054EA2EC69D8A30E7F3C2.jpg"},"logo":{"normalUrl":"https:\/\/cdn.nlziet.nl\/static\/assets\/contentproviders\/npo.png","darkUrl":"https:\/\/cdn.nlziet.nl\/static\/assets\/contentproviders\/dark\/npo.png","flatUrl":"https:\/\/cdn.nlziet.nl\/static\/assets\/contentproviders\/flat\/npo.png"},"tags":[],"seriesId":"7QrOqPrilEGeM3pgWB1w1A"},{"id":"-enlVozazECqiBoj3DEvLg","type":"Vod","title":"Zappsport","subtitle":"Zappsport WK","description":null,"formattedEpisodeNumbering":null,"formattedDate":"Do 12 jun. 2014","formattedDateShort":"Jun. 2014","formattedTime":"15:25","formattedDuration":"9m","formattedAvailabilityWindow":null,"formattedAvailabilityWindowShort":null,"image":{"portraitUrl":null,"landscapeUrl":"https:\/\/images.nlziet.nl\/metadataimportimages\/source\/F5AAFA16ABC338F0014082FA1FE568B44E6A333A6E8D5B319848437AFF5B42CD.jpg"},"logo":{"normalUrl":"https:\/\/cdn.nlziet.nl\/static\/assets\/contentproviders\/npo.png","darkUrl":"https:\/\/cdn.nlziet.nl\/static\/assets\/contentproviders\/dark\/npo.png","flatUrl":"https:\/\/cdn.nlziet.nl\/static\/assets\/contentproviders\/flat\/npo.png"},"tags":[],"seriesId":"7QrOqPrilEGeM3pgWB1w1A"}]