[{"id":"Or85BTO_1UaS74qysXAYRQ","type":"Vod","title":"MINDF*CK","subtitle":"","description":"AVROTROS - In de slotaflevering stuurt Victor iemands hallucinaties en stapt hij aan boord van de priv\u00e9jet van dj Fedde le Grand.","formattedEpisodeNumbering":"S2015:A8","formattedDate":"Ma 23 feb. 2015","formattedDateShort":"Feb. 2015","formattedTime":"21:30","formattedDuration":"29m","formattedAvailabilityWindow":null,"formattedAvailabilityWindowShort":null,"image":{"portraitUrl":null,"landscapeUrl":"https:\/\/images.nlziet.nl\/metadataimportimages\/source\/D5620FDC0EB93885406E481056B8A5CB3DCA250D564C5BA188DC559FB3F453DF.jpg"},"logo":{"normalUrl":"https:\/\/cdn.nlziet.nl\/static\/assets\/contentproviders\/npo.png","darkUrl":"https:\/\/cdn.nlziet.nl\/static\/assets\/contentproviders\/dark\/npo.png","flatUrl":"https:\/\/cdn.nlziet.nl\/static\/assets\/contentproviders\/flat\/npo.png"},"tags":[],"seriesId":"5YVRWE5oukq6DpIhNyw3_g"},{"id":"MfBapugrfEK92cs_pCxDcw","type":"Vod","title":"MINDF*CK","subtitle":"","description":null,"formattedEpisodeNumbering":"S2015:A7","formattedDate":"Ma 16 feb. 2015","formattedDateShort":"Feb. 2015","formattedTime":"21:29","formattedDuration":"29m","formattedAvailabilityWindow":null,"formattedAvailabilityWindowShort":null,"image":{"portraitUrl":null,"landscapeUrl":"https:\/\/images.nlziet.nl\/metadataimportimages\/source\/364E6A9F2F0053AE75A434F68E795A97C3CB35378BAC97344F37AA2BF36DE75D.jpg"},"logo":{"normalUrl":"https:\/\/cdn.nlziet.nl\/static\/assets\/contentproviders\/npo.png","darkUrl":"https:\/\/cdn.nlziet.nl\/static\/assets\/contentproviders\/dark\/npo.png","flatUrl":"https:\/\/cdn.nlziet.nl\/static\/assets\/contentproviders\/flat\/npo.png"},"tags":[],"seriesId":"5YVRWE5oukq6DpIhNyw3_g"},{"id":"pbZoHByi0EyY7Lo8c79tPQ","type":"Vod","title":"MINDF*CK","subtitle":"","description":"AVROTROS - Victor laat iemand op klaarlichte dag hallucineren en en vraagt hij Ben Saunders om een unieke tatoeage te ontwerpen.","formattedEpisodeNumbering":"S2015:A6","formattedDate":"Ma 9 feb. 2015","formattedDateShort":"Feb. 2015","formattedTime":"21:29","formattedDuration":"29m","formattedAvailabilityWindow":null,"formattedAvailabilityWindowShort":null,"image":{"portraitUrl":null,"landscapeUrl":"https:\/\/images.nlziet.nl\/metadataimportimages\/source\/AB300FEFD1A1C4D11CBA74ECCB11D8DEE391AD9E560BE018E6F912AA556E672F.jpg"},"logo":{"normalUrl":"https:\/\/cdn.nlziet.nl\/static\/assets\/contentproviders\/npo.png","darkUrl":"https:\/\/cdn.nlziet.nl\/static\/assets\/contentproviders\/dark\/npo.png","flatUrl":"https:\/\/cdn.nlziet.nl\/static\/assets\/contentproviders\/flat\/npo.png"},"tags":[],"seriesId":"5YVRWE5oukq6DpIhNyw3_g"},{"id":"TNJl3Q5VeUivOW2kzue8Ww","type":"Vod","title":"MINDF*CK","subtitle":"","description":null,"formattedEpisodeNumbering":"S2015:A5","formattedDate":"Ma 2 feb. 2015","formattedDateShort":"Feb. 2015","formattedTime":"21:29","formattedDuration":"30m","formattedAvailabilityWindow":null,"formattedAvailabilityWindowShort":null,"image":{"portraitUrl":null,"landscapeUrl":"https:\/\/images.nlziet.nl\/metadataimportimages\/source\/54337EE0A6C54EA63FB2F9C839A9F6C168DC1DB93ADB1D5B397EFB1EE0463847.jpg"},"logo":{"normalUrl":"https:\/\/cdn.nlziet.nl\/static\/assets\/contentproviders\/npo.png","darkUrl":"https:\/\/cdn.nlziet.nl\/static\/assets\/contentproviders\/dark\/npo.png","flatUrl":"https:\/\/cdn.nlziet.nl\/static\/assets\/contentproviders\/flat\/npo.png"},"tags":[],"seriesId":"5YVRWE5oukq6DpIhNyw3_g"},{"id":"tZqVXHxkN0206J0zEHMXdA","type":"Vod","title":"MINDF*CK","subtitle":"","description":null,"formattedEpisodeNumbering":"S2015:A4","formattedDate":"Ma 26 jan. 2015","formattedDateShort":"Jan. 2015","formattedTime":"21:29","formattedDuration":"29m","formattedAvailabilityWindow":null,"formattedAvailabilityWindowShort":null,"image":{"portraitUrl":null,"landscapeUrl":"https:\/\/images.nlziet.nl\/metadataimportimages\/source\/5D51DA46F55C7DC8CD85B7F5E22C050A10532CEC1BDEE501FC19E8B81267D4DE.jpg"},"logo":{"normalUrl":"https:\/\/cdn.nlziet.nl\/static\/assets\/contentproviders\/npo.png","darkUrl":"https:\/\/cdn.nlziet.nl\/static\/assets\/contentproviders\/dark\/npo.png","flatUrl":"https:\/\/cdn.nlziet.nl\/static\/assets\/contentproviders\/flat\/npo.png"},"tags":[],"seriesId":"5YVRWE5oukq6DpIhNyw3_g"},{"id":"ZOLt7Es7pU-rl4POhOZzfQ","type":"Vod","title":"MINDF*CK","subtitle":"","description":"AVROTROS - Victor Mids houdt de dames van het Nationaal Ballet een spiegel voor, en neemt hij een leugendetectietest af bij Victor Reinier.","formattedEpisodeNumbering":"S2015:A3","formattedDate":"Ma 19 jan. 2015","formattedDateShort":"Jan. 2015","formattedTime":"21:28","formattedDuration":"30m","formattedAvailabilityWindow":null,"formattedAvailabilityWindowShort":null,"image":{"portraitUrl":null,"landscapeUrl":"https:\/\/images.nlziet.nl\/metadataimportimages\/source\/EC1BA371229EAB6AD94B0886B01A2DAD48D7228835A15B60EEF1D09333061011.jpg"},"logo":{"normalUrl":"https:\/\/cdn.nlziet.nl\/static\/assets\/contentproviders\/npo.png","darkUrl":"https:\/\/cdn.nlziet.nl\/static\/assets\/contentproviders\/dark\/npo.png","flatUrl":"https:\/\/cdn.nlziet.nl\/static\/assets\/contentproviders\/flat\/npo.png"},"tags":[],"seriesId":"5YVRWE5oukq6DpIhNyw3_g"},{"id":"BVIJT3gs_0G-lWvbYAh4Ig","type":"Vod","title":"MINDF*CK","subtitle":"","description":"AVROTROS - Victor Mids vertoont een unieke illusie met het Meisje met de Parel en gaat hij uit de kleren voor topmodel Kim Feenstra.","formattedEpisodeNumbering":"S2015:A2","formattedDate":"Ma 12 jan. 2015","formattedDateShort":"Jan. 2015","formattedTime":"21:29","formattedDuration":"29m","formattedAvailabilityWindow":null,"formattedAvailabilityWindowShort":null,"image":{"portraitUrl":null,"landscapeUrl":"https:\/\/images.nlziet.nl\/metadataimportimages\/source\/B2BA7FAC7556C9B71328CA1554030B3D8408E2B306D90F4EC003D9A877A67F5B.jpg"},"logo":{"normalUrl":"https:\/\/cdn.nlziet.nl\/static\/assets\/contentproviders\/npo.png","darkUrl":"https:\/\/cdn.nlziet.nl\/static\/assets\/contentproviders\/dark\/npo.png","flatUrl":"https:\/\/cdn.nlziet.nl\/static\/assets\/contentproviders\/flat\/npo.png"},"tags":[],"seriesId":"5YVRWE5oukq6DpIhNyw3_g"},{"id":"8EgYLHztBUG4sJbYDWVVWQ","type":"Vod","title":"MINDF*CK","subtitle":"","description":"AVROTROS - Victor Mids laat zien hoe je het onderbewustzijn kunt be\u00efnvloedden, en leest hij de gedachten bij Spike van DI-RECT.","formattedEpisodeNumbering":"S2015:A1","formattedDate":"Ma 5 jan. 2015","formattedDateShort":"Jan. 2015","formattedTime":"21:21","formattedDuration":"29m","formattedAvailabilityWindow":null,"formattedAvailabilityWindowShort":null,"image":{"portraitUrl":null,"landscapeUrl":"https:\/\/images.nlziet.nl\/metadataimportimages\/source\/40CE1E6E3F13CCAF0E94664C0948C0757A4ADE0FC9A7CCF00ACA2A77C96907D4.jpg"},"logo":{"normalUrl":"https:\/\/cdn.nlziet.nl\/static\/assets\/contentproviders\/npo.png","darkUrl":"https:\/\/cdn.nlziet.nl\/static\/assets\/contentproviders\/dark\/npo.png","flatUrl":"https:\/\/cdn.nlziet.nl\/static\/assets\/contentproviders\/flat\/npo.png"},"tags":[],"seriesId":"5YVRWE5oukq6DpIhNyw3_g"}]