[{"id":"A4zCQDtraUSaY49WR37Cxg","type":"Vod","title":"Anita in de missie","subtitle":"Anita in de missie","description":"KRO-NCRV - Anita Witzier tekent de levensverhalen op van de allerlaatste Witte Zusters. Jonge meiden zijn het, wanneer ze vol idealen de lange reis naar Afrika maken. Een continent dat ze alleen uit verhalen kennen. De zusters vertellen openhartig over hun roeping en het afscheid van hun ouders, vaak voor het leven. Hun leven is ronduit avontuurlijk te noemen, in moeilijke omstandigheden de allerzwaksten helpen. Zieltjes winnen? Dat vonden ze hun taak niet. Ze richten zich liever op het onderwijs van lokale vrouwen en de ziekenzorg. De zusters wonen nu in het Wereldhuis in Boxtel. Ze zijn nog met achttien.","formattedEpisodeNumbering":null,"formattedDate":"Vr 16 dec.","formattedDateShort":"Vr 16 dec.","formattedTime":"19:57","formattedDuration":"29m","formattedAvailabilityWindow":null,"formattedAvailabilityWindowShort":null,"image":{"portraitUrl":null,"landscapeUrl":"https:\/\/images.nlziet.nl\/metadataimportimages\/source\/4E4B53F0765E064E59C0CD6594655F5E36FE54BFD82C186762D74FF210A448A5.jpg"},"logo":{"normalUrl":"https:\/\/cdn.nlziet.nl\/static\/assets\/contentproviders\/npo.png","darkUrl":"https:\/\/cdn.nlziet.nl\/static\/assets\/contentproviders\/dark\/npo.png","flatUrl":"https:\/\/cdn.nlziet.nl\/static\/assets\/contentproviders\/flat\/npo.png"},"tags":[],"seriesId":"5PM-m86jBEqvXtwaW5I6yg"},{"id":"yjEp_nkNUkC_7ZkY2MlB0w","type":"Vod","title":"Anita in de missie","subtitle":"Anita in de missie","description":"KRO-NCRV - Anita Witzier tekent de levensverhalen op van de allerlaatste Witte Zusters. Jonge meiden zijn het, wanneer ze vol idealen de lange reis naar Afrika maken. Een continent dat ze alleen uit verhalen kennen. De zusters vertellen openhartig over hun roeping en het afscheid van hun ouders, vaak voor het leven. Hun leven is ronduit avontuurlijk te noemen, in moeilijke omstandigheden de allerzwaksten helpen. Zieltjes winnen? Dat vonden ze hun taak niet. Ze richten zich liever op het onderwijs van lokale vrouwen en de ziekenzorg. De zusters wonen nu in het Wereldhuis in Boxtel. Ze zijn nog met achttien.","formattedEpisodeNumbering":null,"formattedDate":"Do 15 dec.","formattedDateShort":"Do 15 dec.","formattedTime":"20:00","formattedDuration":"29m","formattedAvailabilityWindow":null,"formattedAvailabilityWindowShort":null,"image":{"portraitUrl":null,"landscapeUrl":"https:\/\/images.nlziet.nl\/metadataimportimages\/source\/409FD181F7A5ABFEDB2714181114F57D72AF2292CA6FA350C8E25363B4BD7B44.jpg"},"logo":{"normalUrl":"https:\/\/cdn.nlziet.nl\/static\/assets\/contentproviders\/npo.png","darkUrl":"https:\/\/cdn.nlziet.nl\/static\/assets\/contentproviders\/dark\/npo.png","flatUrl":"https:\/\/cdn.nlziet.nl\/static\/assets\/contentproviders\/flat\/npo.png"},"tags":[],"seriesId":"5PM-m86jBEqvXtwaW5I6yg"}]