[{"id":"IWDNTrJHCk2iR8afWEJV9A","type":"Vod","title":"Opium","subtitle":"Opium weet wat er speelt","description":"AVRO - Actuele culturele tips van prominente cultuurliefhebbers en deskundigen. In een kort vlammend betoog vertellen zij de kijkers wat ze niet mogen missen: wat speelt er in de theaters en bioscopen, welke boeken en cd's zijn hot, en welke tentoonstellingen zijn absolute aanraders?","formattedEpisodeNumbering":null,"formattedDate":"Vr 18 dec. 2009","formattedDateShort":"Dec. 2009","formattedTime":"16:50","formattedDuration":"10m","formattedAvailabilityWindow":null,"formattedAvailabilityWindowShort":null,"image":{"portraitUrl":null,"landscapeUrl":"https:\/\/images.nlziet.nl\/metadataimportimages\/source\/AA5B9764949D68BE2B21DDF2D440FD4BA685634907814A886139CB46187F4963.jpg"},"logo":{"normalUrl":"https:\/\/cdn.nlziet.nl\/static\/assets\/contentproviders\/npo.png","darkUrl":"https:\/\/cdn.nlziet.nl\/static\/assets\/contentproviders\/dark\/npo.png","flatUrl":"https:\/\/cdn.nlziet.nl\/static\/assets\/contentproviders\/flat\/npo.png"},"tags":[],"seriesId":"7oS5hd32DEWWXbtt1fB8bA"},{"id":"jkQAnyqhLUm13c1FOYO7tg","type":"Vod","title":"Opium","subtitle":"Opium weet wat er speelt","description":"AVRO - Actuele culturele tips van prominente cultuurliefhebbers en deskundigen. In een kort vlammend betoog vertellen zij de kijkers wat ze niet mogen missen: wat speelt er in de theaters en bioscopen, welke boeken en cd's zijn hot, en welke tentoonstellingen zijn absolute aanraders?","formattedEpisodeNumbering":null,"formattedDate":"Do 17 dec. 2009","formattedDateShort":"Dec. 2009","formattedTime":"16:50","formattedDuration":"10m","formattedAvailabilityWindow":null,"formattedAvailabilityWindowShort":null,"image":{"portraitUrl":null,"landscapeUrl":"https:\/\/images.nlziet.nl\/metadataimportimages\/source\/AA5B9764949D68BE2B21DDF2D440FD4BA685634907814A886139CB46187F4963.jpg"},"logo":{"normalUrl":"https:\/\/cdn.nlziet.nl\/static\/assets\/contentproviders\/npo.png","darkUrl":"https:\/\/cdn.nlziet.nl\/static\/assets\/contentproviders\/dark\/npo.png","flatUrl":"https:\/\/cdn.nlziet.nl\/static\/assets\/contentproviders\/flat\/npo.png"},"tags":[],"seriesId":"7oS5hd32DEWWXbtt1fB8bA"},{"id":"dSJQNdgVrUO6W9Itvz7Mig","type":"Vod","title":"Opium","subtitle":"Opium weet wat er speelt","description":"AVRO - Actuele culturele tips van prominente cultuurliefhebbers en deskundigen. In een kort vlammend betoog vertellen zij de kijkers wat ze niet mogen missen: wat speelt er in de theaters en bioscopen, welke boeken en cd's zijn hot, en welke tentoonstellingen zijn absolute aanraders?","formattedEpisodeNumbering":null,"formattedDate":"Wo 16 dec. 2009","formattedDateShort":"Dec. 2009","formattedTime":"16:50","formattedDuration":"10m","formattedAvailabilityWindow":null,"formattedAvailabilityWindowShort":null,"image":{"portraitUrl":null,"landscapeUrl":"https:\/\/images.nlziet.nl\/metadataimportimages\/source\/AA5B9764949D68BE2B21DDF2D440FD4BA685634907814A886139CB46187F4963.jpg"},"logo":{"normalUrl":"https:\/\/cdn.nlziet.nl\/static\/assets\/contentproviders\/npo.png","darkUrl":"https:\/\/cdn.nlziet.nl\/static\/assets\/contentproviders\/dark\/npo.png","flatUrl":"https:\/\/cdn.nlziet.nl\/static\/assets\/contentproviders\/flat\/npo.png"},"tags":[],"seriesId":"7oS5hd32DEWWXbtt1fB8bA"},{"id":"wH4te3BOm0aAQDtnZXdgdg","type":"Vod","title":"Opium","subtitle":"Opium weet wat er speelt","description":"AVRO - Actuele culturele tips van prominente cultuurliefhebbers en deskundigen. In een kort vlammend betoog vertellen zij de kijkers wat ze niet mogen missen: wat speelt er in de theaters en bioscopen, welke boeken en cd's zijn hot, en welke tentoonstellingen zijn absolute aanraders?","formattedEpisodeNumbering":null,"formattedDate":"Di 15 dec. 2009","formattedDateShort":"Dec. 2009","formattedTime":"16:50","formattedDuration":"10m","formattedAvailabilityWindow":null,"formattedAvailabilityWindowShort":null,"image":{"portraitUrl":null,"landscapeUrl":"https:\/\/images.nlziet.nl\/metadataimportimages\/source\/AA5B9764949D68BE2B21DDF2D440FD4BA685634907814A886139CB46187F4963.jpg"},"logo":{"normalUrl":"https:\/\/cdn.nlziet.nl\/static\/assets\/contentproviders\/npo.png","darkUrl":"https:\/\/cdn.nlziet.nl\/static\/assets\/contentproviders\/dark\/npo.png","flatUrl":"https:\/\/cdn.nlziet.nl\/static\/assets\/contentproviders\/flat\/npo.png"},"tags":[],"seriesId":"7oS5hd32DEWWXbtt1fB8bA"},{"id":"RTlgWLHH8EGKeFQyOX6TjA","type":"Vod","title":"Opium","subtitle":"Opium weet wat er speelt","description":"AVRO - Actuele culturele tips van prominente cultuurliefhebbers en deskundigen. In een kort vlammend betoog vertellen zij de kijkers wat ze niet mogen missen: wat speelt er in de theaters en bioscopen, welke boeken en cd's zijn hot, en welke tentoonstellingen zijn absolute aanraders?","formattedEpisodeNumbering":null,"formattedDate":"Ma 14 dec. 2009","formattedDateShort":"Dec. 2009","formattedTime":"16:50","formattedDuration":"10m","formattedAvailabilityWindow":null,"formattedAvailabilityWindowShort":null,"image":{"portraitUrl":null,"landscapeUrl":"https:\/\/images.nlziet.nl\/metadataimportimages\/source\/AA5B9764949D68BE2B21DDF2D440FD4BA685634907814A886139CB46187F4963.jpg"},"logo":{"normalUrl":"https:\/\/cdn.nlziet.nl\/static\/assets\/contentproviders\/npo.png","darkUrl":"https:\/\/cdn.nlziet.nl\/static\/assets\/contentproviders\/dark\/npo.png","flatUrl":"https:\/\/cdn.nlziet.nl\/static\/assets\/contentproviders\/flat\/npo.png"},"tags":[],"seriesId":"7oS5hd32DEWWXbtt1fB8bA"},{"id":"9kFskYwB5UeU1y-WQeYiFA","type":"Vod","title":"Opium","subtitle":"Opium weet wat er speelt","description":"AVRO - Actuele culturele tips van prominente cultuurliefhebbers en deskundigen. In een kort vlammend betoog vertellen zij de kijkers wat ze niet mogen missen: wat speelt er in de theaters en bioscopen, welke boeken en cd's zijn hot, en welke tentoonstellingen zijn absolute aanraders?","formattedEpisodeNumbering":null,"formattedDate":"Vr 11 dec. 2009","formattedDateShort":"Dec. 2009","formattedTime":"16:50","formattedDuration":"10m","formattedAvailabilityWindow":null,"formattedAvailabilityWindowShort":null,"image":{"portraitUrl":null,"landscapeUrl":"https:\/\/images.nlziet.nl\/metadataimportimages\/source\/AA5B9764949D68BE2B21DDF2D440FD4BA685634907814A886139CB46187F4963.jpg"},"logo":{"normalUrl":"https:\/\/cdn.nlziet.nl\/static\/assets\/contentproviders\/npo.png","darkUrl":"https:\/\/cdn.nlziet.nl\/static\/assets\/contentproviders\/dark\/npo.png","flatUrl":"https:\/\/cdn.nlziet.nl\/static\/assets\/contentproviders\/flat\/npo.png"},"tags":[],"seriesId":"7oS5hd32DEWWXbtt1fB8bA"},{"id":"tBDb1ewU7kiLV1r6H-tVsw","type":"Vod","title":"Opium","subtitle":"Opium weet wat er speelt","description":"AVRO - Actuele culturele tips van prominente cultuurliefhebbers en deskundigen. In een kort vlammend betoog vertellen zij de kijkers wat ze niet mogen missen: wat speelt er in de theaters en bioscopen, welke boeken en cd's zijn hot, en welke tentoonstellingen zijn absolute aanraders?","formattedEpisodeNumbering":null,"formattedDate":"Do 10 dec. 2009","formattedDateShort":"Dec. 2009","formattedTime":"16:50","formattedDuration":"10m","formattedAvailabilityWindow":null,"formattedAvailabilityWindowShort":null,"image":{"portraitUrl":null,"landscapeUrl":"https:\/\/images.nlziet.nl\/metadataimportimages\/source\/AA5B9764949D68BE2B21DDF2D440FD4BA685634907814A886139CB46187F4963.jpg"},"logo":{"normalUrl":"https:\/\/cdn.nlziet.nl\/static\/assets\/contentproviders\/npo.png","darkUrl":"https:\/\/cdn.nlziet.nl\/static\/assets\/contentproviders\/dark\/npo.png","flatUrl":"https:\/\/cdn.nlziet.nl\/static\/assets\/contentproviders\/flat\/npo.png"},"tags":[],"seriesId":"7oS5hd32DEWWXbtt1fB8bA"},{"id":"c7u3QOrWEEmXSJ0Oek-esg","type":"Vod","title":"Opium","subtitle":"Opium weet wat er speelt","description":"AVRO - Actuele culturele tips van prominente cultuurliefhebbers en deskundigen. In een kort vlammend betoog vertellen zij de kijkers wat ze niet mogen missen: wat speelt er in de theaters en bioscopen, welke boeken en cd's zijn hot, en welke tentoonstellingen zijn absolute aanraders?","formattedEpisodeNumbering":null,"formattedDate":"Wo 9 dec. 2009","formattedDateShort":"Dec. 2009","formattedTime":"16:50","formattedDuration":"10m","formattedAvailabilityWindow":null,"formattedAvailabilityWindowShort":null,"image":{"portraitUrl":null,"landscapeUrl":"https:\/\/images.nlziet.nl\/metadataimportimages\/source\/AA5B9764949D68BE2B21DDF2D440FD4BA685634907814A886139CB46187F4963.jpg"},"logo":{"normalUrl":"https:\/\/cdn.nlziet.nl\/static\/assets\/contentproviders\/npo.png","darkUrl":"https:\/\/cdn.nlziet.nl\/static\/assets\/contentproviders\/dark\/npo.png","flatUrl":"https:\/\/cdn.nlziet.nl\/static\/assets\/contentproviders\/flat\/npo.png"},"tags":[],"seriesId":"7oS5hd32DEWWXbtt1fB8bA"},{"id":"emu-nLn12EqLkH2uiFmj4A","type":"Vod","title":"Opium","subtitle":"Opium weet wat er speelt","description":"AVRO - Actuele culturele tips van prominente cultuurliefhebbers en deskundigen. In een kort vlammend betoog vertellen zij de kijkers wat ze niet mogen missen: wat speelt er in de theaters en bioscopen, welke boeken en cd's zijn hot, en welke tentoonstellingen zijn absolute aanraders?","formattedEpisodeNumbering":null,"formattedDate":"Di 8 dec. 2009","formattedDateShort":"Dec. 2009","formattedTime":"16:50","formattedDuration":"10m","formattedAvailabilityWindow":null,"formattedAvailabilityWindowShort":null,"image":{"portraitUrl":null,"landscapeUrl":"https:\/\/images.nlziet.nl\/metadataimportimages\/source\/AA5B9764949D68BE2B21DDF2D440FD4BA685634907814A886139CB46187F4963.jpg"},"logo":{"normalUrl":"https:\/\/cdn.nlziet.nl\/static\/assets\/contentproviders\/npo.png","darkUrl":"https:\/\/cdn.nlziet.nl\/static\/assets\/contentproviders\/dark\/npo.png","flatUrl":"https:\/\/cdn.nlziet.nl\/static\/assets\/contentproviders\/flat\/npo.png"},"tags":[],"seriesId":"7oS5hd32DEWWXbtt1fB8bA"},{"id":"ypmKbDKqwE2IWbcajO-1GQ","type":"Vod","title":"Opium","subtitle":"Opium weet wat er speelt","description":"AVRO - Actuele culturele tips van prominente cultuurliefhebbers en deskundigen. In een kort vlammend betoog vertellen zij de kijkers wat ze niet mogen missen: wat speelt er in de theaters en bioscopen, welke boeken en cd's zijn hot, en welke tentoonstellingen zijn absolute aanraders?","formattedEpisodeNumbering":null,"formattedDate":"Ma 7 dec. 2009","formattedDateShort":"Dec. 2009","formattedTime":"16:50","formattedDuration":"10m","formattedAvailabilityWindow":null,"formattedAvailabilityWindowShort":null,"image":{"portraitUrl":null,"landscapeUrl":"https:\/\/images.nlziet.nl\/metadataimportimages\/source\/AA5B9764949D68BE2B21DDF2D440FD4BA685634907814A886139CB46187F4963.jpg"},"logo":{"normalUrl":"https:\/\/cdn.nlziet.nl\/static\/assets\/contentproviders\/npo.png","darkUrl":"https:\/\/cdn.nlziet.nl\/static\/assets\/contentproviders\/dark\/npo.png","flatUrl":"https:\/\/cdn.nlziet.nl\/static\/assets\/contentproviders\/flat\/npo.png"},"tags":[],"seriesId":"7oS5hd32DEWWXbtt1fB8bA"},{"id":"udTH8DdFBUmQLqjiW_LGQg","type":"Vod","title":"Opium","subtitle":"Opium weet wat er speelt","description":"AVRO - Actuele culturele tips van prominente cultuurliefhebbers en deskundigen. In een kort vlammend betoog vertellen zij de kijkers wat ze niet mogen missen: wat speelt er in de theaters en bioscopen, welke boeken en cd's zijn hot, en welke tentoonstellingen zijn absolute aanraders?","formattedEpisodeNumbering":null,"formattedDate":"Vr 4 dec. 2009","formattedDateShort":"Dec. 2009","formattedTime":"16:45","formattedDuration":"10m","formattedAvailabilityWindow":null,"formattedAvailabilityWindowShort":null,"image":{"portraitUrl":null,"landscapeUrl":"https:\/\/images.nlziet.nl\/metadataimportimages\/source\/AA5B9764949D68BE2B21DDF2D440FD4BA685634907814A886139CB46187F4963.jpg"},"logo":{"normalUrl":"https:\/\/cdn.nlziet.nl\/static\/assets\/contentproviders\/npo.png","darkUrl":"https:\/\/cdn.nlziet.nl\/static\/assets\/contentproviders\/dark\/npo.png","flatUrl":"https:\/\/cdn.nlziet.nl\/static\/assets\/contentproviders\/flat\/npo.png"},"tags":[],"seriesId":"7oS5hd32DEWWXbtt1fB8bA"},{"id":"5X7R2un420qZ3ZrCgjbwuQ","type":"Vod","title":"Opium","subtitle":"Opium weet wat er speelt","description":"AVRO - Actuele culturele tips van prominente cultuurliefhebbers en deskundigen. In een kort vlammend betoog vertellen zij de kijkers wat ze niet mogen missen: wat speelt er in de theaters en bioscopen, welke boeken en cd's zijn hot, en welke tentoonstellingen zijn absolute aanraders?","formattedEpisodeNumbering":null,"formattedDate":"Do 3 dec. 2009","formattedDateShort":"Dec. 2009","formattedTime":"16:50","formattedDuration":"10m","formattedAvailabilityWindow":null,"formattedAvailabilityWindowShort":null,"image":{"portraitUrl":null,"landscapeUrl":"https:\/\/images.nlziet.nl\/metadataimportimages\/source\/AA5B9764949D68BE2B21DDF2D440FD4BA685634907814A886139CB46187F4963.jpg"},"logo":{"normalUrl":"https:\/\/cdn.nlziet.nl\/static\/assets\/contentproviders\/npo.png","darkUrl":"https:\/\/cdn.nlziet.nl\/static\/assets\/contentproviders\/dark\/npo.png","flatUrl":"https:\/\/cdn.nlziet.nl\/static\/assets\/contentproviders\/flat\/npo.png"},"tags":[],"seriesId":"7oS5hd32DEWWXbtt1fB8bA"},{"id":"oagXFXbur06vn25wZTY22Q","type":"Vod","title":"Opium","subtitle":"Opium weet wat er speelt","description":"AVRO - Actuele culturele tips van prominente cultuurliefhebbers en deskundigen. In een kort vlammend betoog vertellen zij de kijkers wat ze niet mogen missen: wat speelt er in de theaters en bioscopen, welke boeken en cd's zijn hot, en welke tentoonstellingen zijn absolute aanraders?","formattedEpisodeNumbering":null,"formattedDate":"Wo 2 dec. 2009","formattedDateShort":"Dec. 2009","formattedTime":"16:50","formattedDuration":"10m","formattedAvailabilityWindow":null,"formattedAvailabilityWindowShort":null,"image":{"portraitUrl":null,"landscapeUrl":"https:\/\/images.nlziet.nl\/metadataimportimages\/source\/AA5B9764949D68BE2B21DDF2D440FD4BA685634907814A886139CB46187F4963.jpg"},"logo":{"normalUrl":"https:\/\/cdn.nlziet.nl\/static\/assets\/contentproviders\/npo.png","darkUrl":"https:\/\/cdn.nlziet.nl\/static\/assets\/contentproviders\/dark\/npo.png","flatUrl":"https:\/\/cdn.nlziet.nl\/static\/assets\/contentproviders\/flat\/npo.png"},"tags":[],"seriesId":"7oS5hd32DEWWXbtt1fB8bA"},{"id":"nwNW325q-k-HJB9PhhTVQQ","type":"Vod","title":"Opium","subtitle":"Opium weet wat er speelt","description":"AVRO - Actuele culturele tips van prominente cultuurliefhebbers en deskundigen. In een kort vlammend betoog vertellen zij de kijkers wat ze niet mogen missen: wat speelt er in de theaters en bioscopen, welke boeken en cd's zijn hot, en welke tentoonstellingen zijn absolute aanraders?","formattedEpisodeNumbering":null,"formattedDate":"Di 1 dec. 2009","formattedDateShort":"Dec. 2009","formattedTime":"16:50","formattedDuration":"10m","formattedAvailabilityWindow":null,"formattedAvailabilityWindowShort":null,"image":{"portraitUrl":null,"landscapeUrl":"https:\/\/images.nlziet.nl\/metadataimportimages\/source\/AA5B9764949D68BE2B21DDF2D440FD4BA685634907814A886139CB46187F4963.jpg"},"logo":{"normalUrl":"https:\/\/cdn.nlziet.nl\/static\/assets\/contentproviders\/npo.png","darkUrl":"https:\/\/cdn.nlziet.nl\/static\/assets\/contentproviders\/dark\/npo.png","flatUrl":"https:\/\/cdn.nlziet.nl\/static\/assets\/contentproviders\/flat\/npo.png"},"tags":[],"seriesId":"7oS5hd32DEWWXbtt1fB8bA"},{"id":"TKc5s9mJNkiyeviNK8QeWA","type":"Vod","title":"Opium","subtitle":"Opium weet wat er speelt","description":"AVRO - Actuele culturele tips van prominente cultuurliefhebbers en deskundigen. In een kort vlammend betoog vertellen zij de kijkers wat ze niet mogen missen: wat speelt er in de theaters en bioscopen, welke boeken en cd's zijn hot, en welke tentoonstellingen zijn absolute aanraders?","formattedEpisodeNumbering":null,"formattedDate":"Ma 30 nov. 2009","formattedDateShort":"Nov. 2009","formattedTime":"16:50","formattedDuration":"10m","formattedAvailabilityWindow":null,"formattedAvailabilityWindowShort":null,"image":{"portraitUrl":null,"landscapeUrl":"https:\/\/images.nlziet.nl\/metadataimportimages\/source\/AA5B9764949D68BE2B21DDF2D440FD4BA685634907814A886139CB46187F4963.jpg"},"logo":{"normalUrl":"https:\/\/cdn.nlziet.nl\/static\/assets\/contentproviders\/npo.png","darkUrl":"https:\/\/cdn.nlziet.nl\/static\/assets\/contentproviders\/dark\/npo.png","flatUrl":"https:\/\/cdn.nlziet.nl\/static\/assets\/contentproviders\/flat\/npo.png"},"tags":[],"seriesId":"7oS5hd32DEWWXbtt1fB8bA"},{"id":"u--hbuSli0-KSNCj_N-b5A","type":"Vod","title":"Opium","subtitle":"Opium weet wat er speelt","description":"AVRO - Actuele culturele tips van prominente cultuurliefhebbers en deskundigen. In een kort vlammend betoog vertellen zij de kijkers wat ze niet mogen missen: wat speelt er in de theaters en bioscopen, welke boeken en cd's zijn hot, en welke tentoonstellingen zijn absolute aanraders?","formattedEpisodeNumbering":null,"formattedDate":"Vr 27 nov. 2009","formattedDateShort":"Nov. 2009","formattedTime":"16:50","formattedDuration":"10m","formattedAvailabilityWindow":null,"formattedAvailabilityWindowShort":null,"image":{"portraitUrl":null,"landscapeUrl":"https:\/\/images.nlziet.nl\/metadataimportimages\/source\/AA5B9764949D68BE2B21DDF2D440FD4BA685634907814A886139CB46187F4963.jpg"},"logo":{"normalUrl":"https:\/\/cdn.nlziet.nl\/static\/assets\/contentproviders\/npo.png","darkUrl":"https:\/\/cdn.nlziet.nl\/static\/assets\/contentproviders\/dark\/npo.png","flatUrl":"https:\/\/cdn.nlziet.nl\/static\/assets\/contentproviders\/flat\/npo.png"},"tags":[],"seriesId":"7oS5hd32DEWWXbtt1fB8bA"},{"id":"xfBrGl8QkkGAMrHO_LR1-g","type":"Vod","title":"Opium","subtitle":"Opium weet wat er speelt","description":"AVRO - Actuele culturele tips van prominente cultuurliefhebbers en deskundigen. In een kort vlammend betoog vertellen zij de kijkers wat ze niet mogen missen: wat speelt er in de theaters en bioscopen, welke boeken en cd's zijn hot, en welke tentoonstellingen zijn absolute aanraders?","formattedEpisodeNumbering":null,"formattedDate":"Do 26 nov. 2009","formattedDateShort":"Nov. 2009","formattedTime":"16:50","formattedDuration":"10m","formattedAvailabilityWindow":null,"formattedAvailabilityWindowShort":null,"image":{"portraitUrl":null,"landscapeUrl":"https:\/\/images.nlziet.nl\/metadataimportimages\/source\/AA5B9764949D68BE2B21DDF2D440FD4BA685634907814A886139CB46187F4963.jpg"},"logo":{"normalUrl":"https:\/\/cdn.nlziet.nl\/static\/assets\/contentproviders\/npo.png","darkUrl":"https:\/\/cdn.nlziet.nl\/static\/assets\/contentproviders\/dark\/npo.png","flatUrl":"https:\/\/cdn.nlziet.nl\/static\/assets\/contentproviders\/flat\/npo.png"},"tags":[],"seriesId":"7oS5hd32DEWWXbtt1fB8bA"},{"id":"KHzQaaSi3kC5P3KP-or0FA","type":"Vod","title":"Opium","subtitle":"Opium weet wat er speelt","description":"AVRO - Actuele culturele tips van prominente cultuurliefhebbers en deskundigen. In een kort vlammend betoog vertellen zij de kijkers wat ze niet mogen missen: wat speelt er in de theaters en bioscopen, welke boeken en cd's zijn hot, en welke tentoonstellingen zijn absolute aanraders?","formattedEpisodeNumbering":null,"formattedDate":"Wo 25 nov. 2009","formattedDateShort":"Nov. 2009","formattedTime":"16:50","formattedDuration":"10m","formattedAvailabilityWindow":null,"formattedAvailabilityWindowShort":null,"image":{"portraitUrl":null,"landscapeUrl":"https:\/\/images.nlziet.nl\/metadataimportimages\/source\/AA5B9764949D68BE2B21DDF2D440FD4BA685634907814A886139CB46187F4963.jpg"},"logo":{"normalUrl":"https:\/\/cdn.nlziet.nl\/static\/assets\/contentproviders\/npo.png","darkUrl":"https:\/\/cdn.nlziet.nl\/static\/assets\/contentproviders\/dark\/npo.png","flatUrl":"https:\/\/cdn.nlziet.nl\/static\/assets\/contentproviders\/flat\/npo.png"},"tags":[],"seriesId":"7oS5hd32DEWWXbtt1fB8bA"},{"id":"Vyk1uBAVWk-uxiXFRjovxA","type":"Vod","title":"Opium","subtitle":"Opium weet wat er speelt","description":"AVRO - Actuele culturele tips van prominente cultuurliefhebbers en deskundigen. In een kort vlammend betoog vertellen zij de kijkers wat ze niet mogen missen: wat speelt er in de theaters en bioscopen, welke boeken en cd's zijn hot, en welke tentoonstellingen zijn absolute aanraders?","formattedEpisodeNumbering":null,"formattedDate":"Di 24 nov. 2009","formattedDateShort":"Nov. 2009","formattedTime":"16:50","formattedDuration":"10m","formattedAvailabilityWindow":null,"formattedAvailabilityWindowShort":null,"image":{"portraitUrl":null,"landscapeUrl":"https:\/\/images.nlziet.nl\/metadataimportimages\/source\/AA5B9764949D68BE2B21DDF2D440FD4BA685634907814A886139CB46187F4963.jpg"},"logo":{"normalUrl":"https:\/\/cdn.nlziet.nl\/static\/assets\/contentproviders\/npo.png","darkUrl":"https:\/\/cdn.nlziet.nl\/static\/assets\/contentproviders\/dark\/npo.png","flatUrl":"https:\/\/cdn.nlziet.nl\/static\/assets\/contentproviders\/flat\/npo.png"},"tags":[],"seriesId":"7oS5hd32DEWWXbtt1fB8bA"},{"id":"5cUuzJL1HkqY41z0H9nzDw","type":"Vod","title":"Opium","subtitle":"Opium weet wat er speelt","description":"AVRO - Actuele culturele tips van prominente cultuurliefhebbers en deskundigen. In een kort vlammend betoog vertellen zij de kijkers wat ze niet mogen missen: wat speelt er in de theaters en bioscopen, welke boeken en cd's zijn hot, en welke tentoonstellingen zijn absolute aanraders?","formattedEpisodeNumbering":null,"formattedDate":"Ma 23 nov. 2009","formattedDateShort":"Nov. 2009","formattedTime":"16:50","formattedDuration":"10m","formattedAvailabilityWindow":null,"formattedAvailabilityWindowShort":null,"image":{"portraitUrl":null,"landscapeUrl":"https:\/\/images.nlziet.nl\/metadataimportimages\/source\/AA5B9764949D68BE2B21DDF2D440FD4BA685634907814A886139CB46187F4963.jpg"},"logo":{"normalUrl":"https:\/\/cdn.nlziet.nl\/static\/assets\/contentproviders\/npo.png","darkUrl":"https:\/\/cdn.nlziet.nl\/static\/assets\/contentproviders\/dark\/npo.png","flatUrl":"https:\/\/cdn.nlziet.nl\/static\/assets\/contentproviders\/flat\/npo.png"},"tags":[],"seriesId":"7oS5hd32DEWWXbtt1fB8bA"},{"id":"3FklUoIEJ0u010_HTdAsUA","type":"Vod","title":"Opium","subtitle":"Opium weet wat er speelt","description":"AVRO - Actuele culturele tips van prominente cultuurliefhebbers en deskundigen. In een kort vlammend betoog vertellen zij de kijkers wat ze niet mogen missen: wat speelt er in de theaters en bioscopen, welke boeken en cd's zijn hot, en welke tentoonstellingen zijn absolute aanraders?","formattedEpisodeNumbering":null,"formattedDate":"Vr 6 nov. 2009","formattedDateShort":"Nov. 2009","formattedTime":"16:50","formattedDuration":"10m","formattedAvailabilityWindow":null,"formattedAvailabilityWindowShort":null,"image":{"portraitUrl":null,"landscapeUrl":"https:\/\/images.nlziet.nl\/metadataimportimages\/source\/AA5B9764949D68BE2B21DDF2D440FD4BA685634907814A886139CB46187F4963.jpg"},"logo":{"normalUrl":"https:\/\/cdn.nlziet.nl\/static\/assets\/contentproviders\/npo.png","darkUrl":"https:\/\/cdn.nlziet.nl\/static\/assets\/contentproviders\/dark\/npo.png","flatUrl":"https:\/\/cdn.nlziet.nl\/static\/assets\/contentproviders\/flat\/npo.png"},"tags":[],"seriesId":"7oS5hd32DEWWXbtt1fB8bA"},{"id":"QWqFgQCNCUO3j6wvGnQGlQ","type":"Vod","title":"Opium","subtitle":"Opium weet wat er speelt","description":"AVRO - Actuele culturele tips van prominente cultuurliefhebbers en deskundigen. In een kort vlammend betoog vertellen zij de kijkers wat ze niet mogen missen: wat speelt er in de theaters en bioscopen, welke boeken en cd's zijn hot, en welke tentoonstellingen zijn absolute aanraders?","formattedEpisodeNumbering":null,"formattedDate":"Wo 4 nov. 2009","formattedDateShort":"Nov. 2009","formattedTime":"16:50","formattedDuration":"10m","formattedAvailabilityWindow":null,"formattedAvailabilityWindowShort":null,"image":{"portraitUrl":null,"landscapeUrl":"https:\/\/images.nlziet.nl\/metadataimportimages\/source\/AA5B9764949D68BE2B21DDF2D440FD4BA685634907814A886139CB46187F4963.jpg"},"logo":{"normalUrl":"https:\/\/cdn.nlziet.nl\/static\/assets\/contentproviders\/npo.png","darkUrl":"https:\/\/cdn.nlziet.nl\/static\/assets\/contentproviders\/dark\/npo.png","flatUrl":"https:\/\/cdn.nlziet.nl\/static\/assets\/contentproviders\/flat\/npo.png"},"tags":[],"seriesId":"7oS5hd32DEWWXbtt1fB8bA"},{"id":"KiVFYGuFYk6kLOJD-vkqaA","type":"Vod","title":"Opium","subtitle":"Opium weet wat er speelt","description":"AVRO - Actuele culturele tips van prominente cultuurliefhebbers en deskundigen. In een kort vlammend betoog vertellen zij de kijkers wat ze niet mogen missen: wat speelt er in de theaters en bioscopen, welke boeken en cd's zijn hot, en welke tentoonstellingen zijn absolute aanraders?","formattedEpisodeNumbering":null,"formattedDate":"Di 3 nov. 2009","formattedDateShort":"Nov. 2009","formattedTime":"16:50","formattedDuration":"10m","formattedAvailabilityWindow":null,"formattedAvailabilityWindowShort":null,"image":{"portraitUrl":null,"landscapeUrl":"https:\/\/images.nlziet.nl\/metadataimportimages\/source\/AA5B9764949D68BE2B21DDF2D440FD4BA685634907814A886139CB46187F4963.jpg"},"logo":{"normalUrl":"https:\/\/cdn.nlziet.nl\/static\/assets\/contentproviders\/npo.png","darkUrl":"https:\/\/cdn.nlziet.nl\/static\/assets\/contentproviders\/dark\/npo.png","flatUrl":"https:\/\/cdn.nlziet.nl\/static\/assets\/contentproviders\/flat\/npo.png"},"tags":[],"seriesId":"7oS5hd32DEWWXbtt1fB8bA"},{"id":"aV3-CgFud0W25zhsCR67hw","type":"Vod","title":"Opium","subtitle":"Opium weet wat er speelt","description":"AVRO - Actuele culturele tips van prominente cultuurliefhebbers en deskundigen. In een kort vlammend betoog vertellen zij de kijkers wat ze niet mogen missen: wat speelt er in de theaters en bioscopen, welke boeken en cd's zijn hot, en welke tentoonstellingen zijn absolute aanraders?","formattedEpisodeNumbering":null,"formattedDate":"Ma 2 nov. 2009","formattedDateShort":"Nov. 2009","formattedTime":"16:50","formattedDuration":"10m","formattedAvailabilityWindow":null,"formattedAvailabilityWindowShort":null,"image":{"portraitUrl":null,"landscapeUrl":"https:\/\/images.nlziet.nl\/metadataimportimages\/source\/AA5B9764949D68BE2B21DDF2D440FD4BA685634907814A886139CB46187F4963.jpg"},"logo":{"normalUrl":"https:\/\/cdn.nlziet.nl\/static\/assets\/contentproviders\/npo.png","darkUrl":"https:\/\/cdn.nlziet.nl\/static\/assets\/contentproviders\/dark\/npo.png","flatUrl":"https:\/\/cdn.nlziet.nl\/static\/assets\/contentproviders\/flat\/npo.png"},"tags":[],"seriesId":"7oS5hd32DEWWXbtt1fB8bA"}]