[{"id":"9MFApw-exk2h_xPL9_sBNw","type":"Vod","title":"The Age of Nature","subtitle":"Verandering","description":"EO - Wetenschappers over de hele wereld komen er nu achter hoeveel CO2 de natuur kan opslaan. Als bossen, mangroven, zeegrasvelden en bovenal de biodiversiteit hersteld worden, kan de natuur meer CO2uit de atmosfeer opnemen, waardoor de klimaatverandering wordt vertraagd. Door de opwarming van de aarde verandert de planeet sneller dan ooit tevoren, van het tropische eiland Borneo tot de ijskappen van Antarctica. Er wordt wel steeds meer duidelijk over hoe de natuur de mens kan helpen die opwarming tegen te gaan. De wereld verandert. Het is tijd voor het natuurtijdperk. Het is de enige hoop op een positieve toekomst.","formattedEpisodeNumbering":null,"formattedDate":"Do 27 mei. 2021","formattedDateShort":"Mei. 2021","formattedTime":"19:25","formattedDuration":"53m","formattedAvailabilityWindow":"Nog 2 dagen beschikbaar","formattedAvailabilityWindowShort":"Nog 2 d. beschikbaar","image":{"portraitUrl":null,"landscapeUrl":"https:\/\/images.nlziet.nl\/metadataimportimages\/source\/FD46964FD02F0EDB13AE00B8FB35E6229C64111465E35FB3CF7168F0FAF6397E.jpg"},"logo":{"normalUrl":"https:\/\/cdn.nlziet.nl\/static\/assets\/contentproviders\/npo.png","darkUrl":"https:\/\/cdn.nlziet.nl\/static\/assets\/contentproviders\/dark\/npo.png","flatUrl":"https:\/\/cdn.nlziet.nl\/static\/assets\/contentproviders\/flat\/npo.png"},"tags":[],"seriesId":"88cNh_9pfUCIfuGpTl1bgA"},{"id":"teF3PV9AaE-twYbRiXkMaw","type":"Vod","title":"The Age of Nature","subtitle":"Begrip","description":"EO - Zelfs de kleinste soorten hebben invloed op een ecosysteem. En als de verkeerde soort op de verkeerde plek is, kan dat catastrofale gevolgen hebben.","formattedEpisodeNumbering":null,"formattedDate":"Wo 26 mei. 2021","formattedDateShort":"Mei. 2021","formattedTime":"19:25","formattedDuration":"51m","formattedAvailabilityWindow":"Nog 1 dag beschikbaar","formattedAvailabilityWindowShort":"Nog 1 d. beschikbaar","image":{"portraitUrl":null,"landscapeUrl":"https:\/\/images.nlziet.nl\/metadataimportimages\/source\/D96830C3B613F7987E1E8E0AA5FA8507DD3E99B80B1D56CE2A86E728D952A910.jpg"},"logo":{"normalUrl":"https:\/\/cdn.nlziet.nl\/static\/assets\/contentproviders\/npo.png","darkUrl":"https:\/\/cdn.nlziet.nl\/static\/assets\/contentproviders\/dark\/npo.png","flatUrl":"https:\/\/cdn.nlziet.nl\/static\/assets\/contentproviders\/flat\/npo.png"},"tags":[],"seriesId":"88cNh_9pfUCIfuGpTl1bgA"},{"id":"fSEcTbivkkOZVFozQaihiA","type":"Vod","title":"The Age of Nature","subtitle":"Een nieuw tijdperk","description":"EO - Nu steeds duidelijker wordt hoe belangrijk de natuur voor de moderne wereld is, wordt er meer en meer gedaan om haar te beschermen en te herstellen. Te zien is hoe veerkrachtig de natuur is en dat ook de economie niet zonder de natuur kan. Als er binnen de grenzen van de natuur gewerkt wordt, kunnen grondstoffen nog generaties mee. Hele ecosystemen die door de mens verwoest zijn, kunnen met een duwtje in de goede richting nieuw leven worden ingeblazen. Als de natuur gezond is, profiteert de mens daar ook van. Als die zichzelf aan de natuur aanpast, zijn de mogelijkheden eindeloos.","formattedEpisodeNumbering":null,"formattedDate":"Di 25 mei. 2021","formattedDateShort":"Mei. 2021","formattedTime":"19:25","formattedDuration":"53m","formattedAvailabilityWindow":"Vandaag nog beschikbaar","formattedAvailabilityWindowShort":"Nog 1 d. beschikbaar","image":{"portraitUrl":null,"landscapeUrl":"https:\/\/images.nlziet.nl\/metadataimportimages\/source\/DC0D80F98DBF98BEF07C9AB09AD98EBBED3B907326F88A19C5CC10ACFF79F2D9.jpg"},"logo":{"normalUrl":"https:\/\/cdn.nlziet.nl\/static\/assets\/contentproviders\/npo.png","darkUrl":"https:\/\/cdn.nlziet.nl\/static\/assets\/contentproviders\/dark\/npo.png","flatUrl":"https:\/\/cdn.nlziet.nl\/static\/assets\/contentproviders\/flat\/npo.png"},"tags":[],"seriesId":"88cNh_9pfUCIfuGpTl1bgA"}]