[{"id":"PJGNSZyYz0irelKZ_3wpfQ","type":"Vod","title":"Postcode Loterij E\u00e9n Tegen 50","subtitle":"Afl. 5","description":"E\u00e9n kandidaat moet het opnemen tegen vijftig tegenkandidaten. Tijdens het programma wordt de straatprijs van de Postcode Loterij uitgereikt aan bewoners van een straat in Nederland.","formattedEpisodeNumbering":null,"formattedDate":"Zo 20 nov.","formattedDateShort":"Zo 20 nov.","formattedTime":"21:30","formattedDuration":"41m","formattedAvailabilityWindow":null,"formattedAvailabilityWindowShort":null,"image":{"portraitUrl":null,"landscapeUrl":"https:\/\/images.nlziet.nl\/metadataimportimages\/source\/6B1AD2FDC8AB2CAE9BFB02441BCAD698DEEBF3E54D4229024378CAFA3C2E2AE2.jpg"},"logo":{"normalUrl":"https:\/\/cdn.nlziet.nl\/static\/assets\/contentproviders\/rtl.png","darkUrl":"https:\/\/cdn.nlziet.nl\/static\/assets\/contentproviders\/dark\/rtl.png","flatUrl":"https:\/\/cdn.nlziet.nl\/static\/assets\/contentproviders\/flat\/rtl.png"},"tags":[],"seriesId":"75fghGQoskCCsWM-se9w6Q"},{"id":"nN2XU92pzEKjS-J8zM7-Zg","type":"Vod","title":"Postcode Loterij E\u00e9n Tegen 50","subtitle":"Afl. 4","description":"E\u00e9n kandidaat moet het opnemen tegen vijftig tegenkandidaten. Tijdens het programma wordt de straatprijs van de Postcode Loterij uitgereikt aan bewoners van een straat in Nederland.","formattedEpisodeNumbering":null,"formattedDate":"Zo 13 nov.","formattedDateShort":"Zo 13 nov.","formattedTime":"21:50","formattedDuration":"41m","formattedAvailabilityWindow":null,"formattedAvailabilityWindowShort":null,"image":{"portraitUrl":null,"landscapeUrl":"https:\/\/images.nlziet.nl\/metadataimportimages\/source\/B9FEC962F9815CF6D711726BFDA3716332BA087A7A76BE4864A9690EEF34F26A.jpg"},"logo":{"normalUrl":"https:\/\/cdn.nlziet.nl\/static\/assets\/contentproviders\/rtl.png","darkUrl":"https:\/\/cdn.nlziet.nl\/static\/assets\/contentproviders\/dark\/rtl.png","flatUrl":"https:\/\/cdn.nlziet.nl\/static\/assets\/contentproviders\/flat\/rtl.png"},"tags":[],"seriesId":"75fghGQoskCCsWM-se9w6Q"},{"id":"4JP9QGDq20WDimBBD6Fzew","type":"Vod","title":"Postcode Loterij E\u00e9n Tegen 50","subtitle":"Afl. 3","description":"E\u00e9n kandidaat moet het opnemen tegen vijftig tegenkandidaten. Tijdens het programma wordt de straatprijs van de Postcode Loterij uitgereikt aan bewoners van een straat in Nederland.","formattedEpisodeNumbering":null,"formattedDate":"Zo 6 nov.","formattedDateShort":"Zo 6 nov.","formattedTime":"21:50","formattedDuration":"40m","formattedAvailabilityWindow":null,"formattedAvailabilityWindowShort":null,"image":{"portraitUrl":null,"landscapeUrl":"https:\/\/images.nlziet.nl\/metadataimportimages\/source\/E824D10DC71858ADF94C3B408DB0DD430741BB3314B3EE6AADAFC395CC592A5D.jpg"},"logo":{"normalUrl":"https:\/\/cdn.nlziet.nl\/static\/assets\/contentproviders\/rtl.png","darkUrl":"https:\/\/cdn.nlziet.nl\/static\/assets\/contentproviders\/dark\/rtl.png","flatUrl":"https:\/\/cdn.nlziet.nl\/static\/assets\/contentproviders\/flat\/rtl.png"},"tags":[],"seriesId":"75fghGQoskCCsWM-se9w6Q"},{"id":"tjuWYZ9dmUOn2pOYY6OYOw","type":"Vod","title":"Postcode Loterij E\u00e9n Tegen 50","subtitle":"Afl. 2","description":"E\u00e9n kandidaat moet het opnemen tegen vijftig tegenkandidaten. Tijdens het programma wordt de straatprijs van de Postcode Loterij uitgereikt aan bewoners van een straat in Nederland.","formattedEpisodeNumbering":null,"formattedDate":"Zo 30 okt.","formattedDateShort":"Zo 30 okt.","formattedTime":"21:55","formattedDuration":"39m","formattedAvailabilityWindow":null,"formattedAvailabilityWindowShort":null,"image":{"portraitUrl":null,"landscapeUrl":"https:\/\/images.nlziet.nl\/metadataimportimages\/source\/3847BD3CAB778D5FEA9A494886464E4B6EDBFEF05AD13F5DEE5DE139C46DF4DD.jpg"},"logo":{"normalUrl":"https:\/\/cdn.nlziet.nl\/static\/assets\/contentproviders\/rtl.png","darkUrl":"https:\/\/cdn.nlziet.nl\/static\/assets\/contentproviders\/dark\/rtl.png","flatUrl":"https:\/\/cdn.nlziet.nl\/static\/assets\/contentproviders\/flat\/rtl.png"},"tags":[],"seriesId":"75fghGQoskCCsWM-se9w6Q"},{"id":"SoiN--YRZEeqRoRfw0hE6A","type":"Vod","title":"Postcode Loterij E\u00e9n Tegen 50","subtitle":"Afl. 1","description":"E\u00e9n kandidaat moet het opnemen tegen vijftig tegenkandidaten. Tijdens het programma wordt de straatprijs van de Postcode Loterij uitgereikt aan bewoners van een straat in Nederland.","formattedEpisodeNumbering":null,"formattedDate":"Zo 23 okt.","formattedDateShort":"Zo 23 okt.","formattedTime":"21:55","formattedDuration":"42m","formattedAvailabilityWindow":null,"formattedAvailabilityWindowShort":null,"image":{"portraitUrl":null,"landscapeUrl":"https:\/\/images.nlziet.nl\/metadataimportimages\/source\/2CE8BBC104EA1B143622CC95C854EFEC76511A2DB0BF2102A8604E446F08CD5A.jpg"},"logo":{"normalUrl":"https:\/\/cdn.nlziet.nl\/static\/assets\/contentproviders\/rtl.png","darkUrl":"https:\/\/cdn.nlziet.nl\/static\/assets\/contentproviders\/dark\/rtl.png","flatUrl":"https:\/\/cdn.nlziet.nl\/static\/assets\/contentproviders\/flat\/rtl.png"},"tags":[],"seriesId":"75fghGQoskCCsWM-se9w6Q"}]