[{"id":"3ssgZm1oI0CO0BaqTmyCgw","type":"Vod","title":"No Offence","subtitle":"","description":"KRO-NCRV - Na de vondst van zeer belastend beeldmateriaal verzint Viv een vergaande list om Caroline in de val te laten lopen. Ze stuurt Terry op een andere zaak af om hem bezig te houden, maar dat loopt heel anders af dan gepland. Dennis wordt voor een moeilijke keuze gesteld en Millers leugentje om bestwil heeft verstrekkende gevolgen waardoor het leven van een van zijn collega's plotseling in gevaar komt.","formattedEpisodeNumbering":"S3:A6","formattedDate":"Wo 25 mrt. 2020","formattedDateShort":"Mrt. 2020","formattedTime":"00:50","formattedDuration":"46m","formattedAvailabilityWindow":null,"formattedAvailabilityWindowShort":null,"image":{"portraitUrl":null,"landscapeUrl":"https:\/\/images.nlziet.nl\/metadataimportimages\/source\/779E8FB92C7AA865E5DF1A97A0776487409774E8D9E693DB04BFB34C12334908.jpg"},"logo":{"normalUrl":"https:\/\/cdn.nlziet.nl\/static\/assets\/contentproviders\/npo.png","darkUrl":"https:\/\/cdn.nlziet.nl\/static\/assets\/contentproviders\/dark\/npo.png","flatUrl":"https:\/\/cdn.nlziet.nl\/static\/assets\/contentproviders\/flat\/npo.png"},"tags":[],"seriesId":"65J4Wm0yFUW7cKOIUj0w9Q"},{"id":"vJBjJmyZp06WGMhCmTZE4g","type":"Vod","title":"No Offence","subtitle":"","description":"KRO-NCRV - Caroline stelt een nieuwe hoofdinspecteur aan. Als Viv hoort dat Spike hem nog van de politieschool kent, aarzelt ze geen moment. Een politieactie tegen foutparkeerders loopt volledig uit de hand. Viv en haar team spelen hoog spel als ze Caddy en Bonnie inzetten in een poging Beckett aan te houden. Opnieuw ontstaat er een situatie waarbij de inwoners van Manchester acuut gevaar lopen.","formattedEpisodeNumbering":"S3:A5","formattedDate":"Wo 25 mrt. 2020","formattedDateShort":"Mrt. 2020","formattedTime":"00:40","formattedDuration":"45m","formattedAvailabilityWindow":null,"formattedAvailabilityWindowShort":null,"image":{"portraitUrl":null,"landscapeUrl":"https:\/\/images.nlziet.nl\/metadataimportimages\/source\/A17AF955DDF7FBF9C8B246E0AA76096AE3BDABE4AB5D51A7C2281D026029ED36.jpg"},"logo":{"normalUrl":"https:\/\/cdn.nlziet.nl\/static\/assets\/contentproviders\/npo.png","darkUrl":"https:\/\/cdn.nlziet.nl\/static\/assets\/contentproviders\/dark\/npo.png","flatUrl":"https:\/\/cdn.nlziet.nl\/static\/assets\/contentproviders\/flat\/npo.png"},"tags":[],"seriesId":"65J4Wm0yFUW7cKOIUj0w9Q"},{"id":"AuNwVD-Axk6_YebtrNC3Sg","type":"Vod","title":"No Offence","subtitle":"","description":"KRO-NCRV - Viv doet een schokkende ontdekking over de aanslag op Caroline. In een wanhopige poging om Beckett te pakken, probeert het team Caddy te bewerken om voor de politie te gaan werken. Daarbij wordt Bonnie in een onmogelijke positie gebracht. Miller stuit op onverwacht bewijs. Als de dochter van Dinah zich misdraagt op een feestje, zet dat een keten van rampzalige gebeurtenissen","formattedEpisodeNumbering":"S3:A4","formattedDate":"Wo 25 mrt. 2020","formattedDateShort":"Mrt. 2020","formattedTime":"00:30","formattedDuration":"45m","formattedAvailabilityWindow":null,"formattedAvailabilityWindowShort":null,"image":{"portraitUrl":null,"landscapeUrl":"https:\/\/images.nlziet.nl\/metadataimportimages\/source\/7978D69436C586DA063FBA6DBFDDBF8FA3ABF2DC60BD420FF714EEC0CD1E655A.jpg"},"logo":{"normalUrl":"https:\/\/cdn.nlziet.nl\/static\/assets\/contentproviders\/npo.png","darkUrl":"https:\/\/cdn.nlziet.nl\/static\/assets\/contentproviders\/dark\/npo.png","flatUrl":"https:\/\/cdn.nlziet.nl\/static\/assets\/contentproviders\/flat\/npo.png"},"tags":[],"seriesId":"65J4Wm0yFUW7cKOIUj0w9Q"},{"id":"P5hY2b7IL02PAKeDSvRhQg","type":"Vod","title":"No Offence","subtitle":"","description":"KRO-NCRV - De verkiezingen naderen en daarbij loopt de spanning steeds hoger op. In een poging Beckett aan te houden, schaduwt de politie Caddy en zijn vriendin. Faye probeert Miller te chanteren. Ondertussen wordt er een dode man gevonden op de Joodse begraafplaats. Alles wijst in de richting van Dirkin en zijn trawanten. Viv heeft moeite om Caroline","formattedEpisodeNumbering":"S3:A3","formattedDate":"Wo 25 mrt. 2020","formattedDateShort":"Mrt. 2020","formattedTime":"00:20","formattedDuration":"46m","formattedAvailabilityWindow":null,"formattedAvailabilityWindowShort":null,"image":{"portraitUrl":null,"landscapeUrl":"https:\/\/images.nlziet.nl\/metadataimportimages\/source\/93E72E94197B4854167B9F30880F3F07D21ECEB0E590C47B94EFF40F9B2C79A9.jpg"},"logo":{"normalUrl":"https:\/\/cdn.nlziet.nl\/static\/assets\/contentproviders\/npo.png","darkUrl":"https:\/\/cdn.nlziet.nl\/static\/assets\/contentproviders\/dark\/npo.png","flatUrl":"https:\/\/cdn.nlziet.nl\/static\/assets\/contentproviders\/flat\/npo.png"},"tags":[],"seriesId":"65J4Wm0yFUW7cKOIUj0w9Q"},{"id":"_GEgcRnASUqNE0rs_EvE1Q","type":"Vod","title":"No Offence","subtitle":"","description":"KRO-NCRV - Na de begrafenis van Joy wordt Dinah gepromoveerd tot brigadier. Viv komt in de problemen als blijkt dat ze in het geheim opdracht heeft gegeven om Caddy te schaduwen. Beckett belt de politie met een schokkende mededeling. Als die uitlekt, komt de burgemeester verder onder druk te staan. Dinah probeert contact te leggen met de undercover agente die zich voordoet als de vriendin van Caddy.","formattedEpisodeNumbering":"S3:A2","formattedDate":"Vr 3 apr. 2020","formattedDateShort":"Apr. 2020","formattedTime":"22:30","formattedDuration":"44m","formattedAvailabilityWindow":null,"formattedAvailabilityWindowShort":null,"image":{"portraitUrl":null,"landscapeUrl":"https:\/\/images.nlziet.nl\/metadataimportimages\/source\/7BB29A0A1E43CA6FAAC423CDD893E83FECAC86638A23C0B170E0B541242CFE30.jpg"},"logo":{"normalUrl":"https:\/\/cdn.nlziet.nl\/static\/assets\/contentproviders\/npo.png","darkUrl":"https:\/\/cdn.nlziet.nl\/static\/assets\/contentproviders\/dark\/npo.png","flatUrl":"https:\/\/cdn.nlziet.nl\/static\/assets\/contentproviders\/flat\/npo.png"},"tags":[],"seriesId":"65J4Wm0yFUW7cKOIUj0w9Q"},{"id":"mYz-j9EgPkm7IzCsxLz0FA","type":"Vod","title":"No Offence","subtitle":"","description":"KRO-NCRV - Bij een debat aan de vooravond van de burgemeestersverkiezing lopen de gemoederen hoog op als een extreemrechtse groepering zich voor de deur verzamelt. Joy verzint een briljante list om de rust te bewaren, Viv belandt tegen wil en dank op het podium, en dan gaat er ondanks alle voorzorgsmaatregelen iets gruwelijk mis. Al bij aanvang van het onderzoek stuit het team op tegenwerking van hogerhand.","formattedEpisodeNumbering":"S3:A1","formattedDate":"Wo 25 mrt. 2020","formattedDateShort":"Mrt. 2020","formattedTime":"00:00","formattedDuration":"46m","formattedAvailabilityWindow":null,"formattedAvailabilityWindowShort":null,"image":{"portraitUrl":null,"landscapeUrl":"https:\/\/images.nlziet.nl\/metadataimportimages\/source\/99E8F3D859C6A095DAAF293A2D53BCB64469D907EA548F71EEAD21B471D7E07B.jpg"},"logo":{"normalUrl":"https:\/\/cdn.nlziet.nl\/static\/assets\/contentproviders\/npo.png","darkUrl":"https:\/\/cdn.nlziet.nl\/static\/assets\/contentproviders\/dark\/npo.png","flatUrl":"https:\/\/cdn.nlziet.nl\/static\/assets\/contentproviders\/flat\/npo.png"},"tags":[],"seriesId":"65J4Wm0yFUW7cKOIUj0w9Q"}]