[{"id":"DfwhbRl4502u434bni5oPg","type":"Vod","title":"Vermist","subtitle":"Vermist","description":null,"formattedEpisodeNumbering":null,"formattedDate":"Di 6 jan. 2015","formattedDateShort":"Jan. 2015","formattedTime":"21:26","formattedDuration":"51m","formattedAvailabilityWindow":null,"formattedAvailabilityWindowShort":null,"image":{"portraitUrl":null,"landscapeUrl":"https:\/\/images.nlziet.nl\/metadataimportimages\/source\/553023E7D9B62FFE4F289FB47F43B7F0477DB97E802911F3A7CB00F2D6707950.jpg"},"logo":{"normalUrl":"https:\/\/cdn.nlziet.nl\/static\/assets\/contentproviders\/npo.png","darkUrl":"https:\/\/cdn.nlziet.nl\/static\/assets\/contentproviders\/dark\/npo.png","flatUrl":"https:\/\/cdn.nlziet.nl\/static\/assets\/contentproviders\/flat\/npo.png"},"tags":[],"seriesId":"52q75TpNoE-2XJjFtpxYGg"},{"id":"BY8NezPvw0iFHWqqYjoZnw","type":"Vod","title":"Vermist","subtitle":"Vermist","description":"AVROTROS - Kerstgroet aan vermisten. Alle onopgeloste vermissingszaken die dit jaar in het programma zijn behandeld, zullen nog eenmaal de revue passeren. Achterblijvers krijgen gelegenheid om op eigen wijze hun kerstboodschap over te brengen aan hun vermiste dierbaren. Verder in Vermist: -Nathalie vroeg Vermist om haar vader John Jalink op te sporen en dat lukte. Net op tijd, want John lijdt aan kanker. -De in 1987 in Brazili\u00eb geboren Daiane zoekt familie. Daiane moet vijf broers hebben die ze allemaal verschrikkelijk mist.","formattedEpisodeNumbering":null,"formattedDate":"Di 23 dec. 2014","formattedDateShort":"Dec. 2014","formattedTime":"21:26","formattedDuration":"49m","formattedAvailabilityWindow":null,"formattedAvailabilityWindowShort":null,"image":{"portraitUrl":null,"landscapeUrl":"https:\/\/images.nlziet.nl\/metadataimportimages\/source\/C0C9744B15CC56BDF432A991F523EFDA1F866CA7C1805B5408DD6F19843BF22C.jpg"},"logo":{"normalUrl":"https:\/\/cdn.nlziet.nl\/static\/assets\/contentproviders\/npo.png","darkUrl":"https:\/\/cdn.nlziet.nl\/static\/assets\/contentproviders\/dark\/npo.png","flatUrl":"https:\/\/cdn.nlziet.nl\/static\/assets\/contentproviders\/flat\/npo.png"},"tags":[],"seriesId":"52q75TpNoE-2XJjFtpxYGg"},{"id":"hCOyZJCtzEuiu6-z_WDnkw","type":"Vod","title":"Vermist","subtitle":"Vermist","description":null,"formattedEpisodeNumbering":null,"formattedDate":"Di 9 dec. 2014","formattedDateShort":"Dec. 2014","formattedTime":"21:27","formattedDuration":"51m","formattedAvailabilityWindow":null,"formattedAvailabilityWindowShort":null,"image":{"portraitUrl":null,"landscapeUrl":"https:\/\/images.nlziet.nl\/metadataimportimages\/source\/7592857157BFC92C8ADD3719855CCF1A168677B4F0810C982252CCBB1AA56BC9.jpg"},"logo":{"normalUrl":"https:\/\/cdn.nlziet.nl\/static\/assets\/contentproviders\/npo.png","darkUrl":"https:\/\/cdn.nlziet.nl\/static\/assets\/contentproviders\/dark\/npo.png","flatUrl":"https:\/\/cdn.nlziet.nl\/static\/assets\/contentproviders\/flat\/npo.png"},"tags":[],"seriesId":"52q75TpNoE-2XJjFtpxYGg"},{"id":"edKdEVOkyEKzpIuzG8AjPQ","type":"Vod","title":"Vermist","subtitle":"Vermist","description":"AVROTROS - Onderwerpen: -Met 'levenslang' krijgen we onze Elsa niet terug. Binnenkort moet de rechter zich buigen over de hogere beroepszaak inzake de in 2009 vermist geraakte Elsa Tisseur. Twee maanden na haar verdwijning wordt Elsa's lichaam gevonden in een bos bij Veghel. Een wandelaar die zijn hond uitlaat vindt het ge\u00efmproviseerde graf. Elsa's partner Mario van E. zit vast op verdenking van doodslag. Zijn advocaat pleit voor vrijspraak, maar de ouders van Elsa vinden zelfs levenslang niet genoeg. Elsa's moeder Truus woont alle zittingen bij en is overtuigd van Mario's schuld: 'Deze man mag nooit meer vrij komen en als dat toch gebeurt zal hij altijd over zijn schouder moeten blijven kijken'. In Vermist praten Elsa's ouders over haar dood, de verdachte en de strafeis. -Brenda raakt verdwaald in haar eigen hoofd. Na een zoekactie in 2010 vindt Vermist de vermiste Brenda Paduch uit Gouda terug in een glijbaanhuisje op een kinderspeelplaats in Portugal. De 39-jarige Brenda is in een psychose geraakt en blijkt zo verward dat ze zelfs haar 10-jarige zoontje niet herkent. Vermist regelt de repatri\u00ebring van Brenda en spreekt in 2014 opnieuw met haar: 'Ik voel me weer normaal', zegt ze. 'Ik ben in dat bizarre avontuur verzeild geraakt door een regressie therapie van een of andere mislukte goeroe'. In Vermist kijkt Brenda met verbijstering en schaamte terug naar de beelden uit 2010. -Fanny als 'kind van de rekening' gedumpt. De Colombiaanse Luz Dary Munoz is midden jaren tachtig verslaafd aan drugs en werkt als prostituee om de kost te verdienen. Een baby kan ze er niet bij hebben en de pasgeboren Fanny wordt ondergebracht bij oma. Wanneer oma echter voor drugshandel in de gevangenis terecht komt, verdwijnt Fanny in het adoptiecircuit. Fanny wil na bijna dertig jaar de band met haar moeder herstellen en vraagt het team van Vermist om haar daarbij te helpen. 'Ik was letterlijk het kind van de rekening. Niemand kon voor me zorgen. Ik neem het mijn moeder niet kwalijk, daarvoor is mijn band met haar te sterk. Ze heeft me negen maanden in haar buik gedragen en zal me dus nooit echt 'kwijtraken'. Vermist duikt in het Colombiaanse drugscircuit op zoek naar Fanny's roots. -En u ziet de uitzinnige Aleyna in de armen van haar vader Soner vallen, na 14 lange maanden in Turkije. Samen met Jaap Jongbloed wacht Soner Erken in de aankomsthal van Schiphol op zijn negenjarige dochtertje dat al die tijd door haar moeder verborgen is gehouden. De in Nijmegen geboren Aleyna - die na de scheiding van haar ouders bij haar moeder verbleef - is blij terug thuis te zijn. Haar vader is in tranen. Hij en ook de voogd van Aleyna maakten zich ernstig zorgen om het kind, omdat haar moeder su\u00efcidaal en agressief is en kans zag om veertien maanden onzichtbaar te blijven voor familie en jeugdzorg. Dankzij de oproep van Soner in Vermist komt er echter een tip binnen die leidt naar de verblijfplaats van Aleyna. Met steun van het Vermist-team weet Soner zijn dochter terug thuis te krijgen. Het ontroerende verslag over de negenjarige Aleyna.","formattedEpisodeNumbering":null,"formattedDate":"Di 21 okt. 2014","formattedDateShort":"Okt. 2014","formattedTime":"21:27","formattedDuration":"49m","formattedAvailabilityWindow":null,"formattedAvailabilityWindowShort":null,"image":{"portraitUrl":null,"landscapeUrl":"https:\/\/images.nlziet.nl\/metadataimportimages\/source\/1258C51CA5BC6F900DDE2C4586E4D97E5E78A685E32C55AE45E1C11857654C82.jpg"},"logo":{"normalUrl":"https:\/\/cdn.nlziet.nl\/static\/assets\/contentproviders\/npo.png","darkUrl":"https:\/\/cdn.nlziet.nl\/static\/assets\/contentproviders\/dark\/npo.png","flatUrl":"https:\/\/cdn.nlziet.nl\/static\/assets\/contentproviders\/flat\/npo.png"},"tags":[],"seriesId":"52q75TpNoE-2XJjFtpxYGg"},{"id":"MKBxdm2EiEOlYnAsPbvynQ","type":"Vod","title":"Vermist","subtitle":"Vermist","description":null,"formattedEpisodeNumbering":null,"formattedDate":"Di 14 okt. 2014","formattedDateShort":"Okt. 2014","formattedTime":"21:26","formattedDuration":"51m","formattedAvailabilityWindow":null,"formattedAvailabilityWindowShort":null,"image":{"portraitUrl":null,"landscapeUrl":"https:\/\/images.nlziet.nl\/metadataimportimages\/source\/D9EB2E58604B59F9DDE3AC37676F8E2F2C0560F4D4AB2C8469CB239CEB74A78C.jpg"},"logo":{"normalUrl":"https:\/\/cdn.nlziet.nl\/static\/assets\/contentproviders\/npo.png","darkUrl":"https:\/\/cdn.nlziet.nl\/static\/assets\/contentproviders\/dark\/npo.png","flatUrl":"https:\/\/cdn.nlziet.nl\/static\/assets\/contentproviders\/flat\/npo.png"},"tags":[],"seriesId":"52q75TpNoE-2XJjFtpxYGg"},{"id":"BRcdVzCN7EG-CQe0nERjag","type":"Vod","title":"Vermist","subtitle":"Vermist","description":null,"formattedEpisodeNumbering":null,"formattedDate":"Di 7 okt. 2014","formattedDateShort":"Okt. 2014","formattedTime":"21:29","formattedDuration":"53m","formattedAvailabilityWindow":null,"formattedAvailabilityWindowShort":null,"image":{"portraitUrl":null,"landscapeUrl":"https:\/\/images.nlziet.nl\/metadataimportimages\/source\/9B432F37DA1F9F277C3C9B4CDE100523DA0465E47D024DE1E5E33557456F5C88.jpg"},"logo":{"normalUrl":"https:\/\/cdn.nlziet.nl\/static\/assets\/contentproviders\/npo.png","darkUrl":"https:\/\/cdn.nlziet.nl\/static\/assets\/contentproviders\/dark\/npo.png","flatUrl":"https:\/\/cdn.nlziet.nl\/static\/assets\/contentproviders\/flat\/npo.png"},"tags":[],"seriesId":"52q75TpNoE-2XJjFtpxYGg"},{"id":"RyVMeSACZECDIxfcZ5-pOw","type":"Vod","title":"Vermist","subtitle":"Vermist","description":null,"formattedEpisodeNumbering":null,"formattedDate":"Di 30 sep. 2014","formattedDateShort":"Sep. 2014","formattedTime":"21:25","formattedDuration":"50m","formattedAvailabilityWindow":null,"formattedAvailabilityWindowShort":null,"image":{"portraitUrl":null,"landscapeUrl":"https:\/\/images.nlziet.nl\/metadataimportimages\/source\/3C1AA4B79F418017CA79F8ED31E063197051B97846927B4895DD3A5E8C8A3629.jpg"},"logo":{"normalUrl":"https:\/\/cdn.nlziet.nl\/static\/assets\/contentproviders\/npo.png","darkUrl":"https:\/\/cdn.nlziet.nl\/static\/assets\/contentproviders\/dark\/npo.png","flatUrl":"https:\/\/cdn.nlziet.nl\/static\/assets\/contentproviders\/flat\/npo.png"},"tags":[],"seriesId":"52q75TpNoE-2XJjFtpxYGg"},{"id":"sn6d6I9ttUaRt0KPrvZSeA","type":"Vod","title":"Vermist","subtitle":"Vermist","description":null,"formattedEpisodeNumbering":null,"formattedDate":"Di 23 sep. 2014","formattedDateShort":"Sep. 2014","formattedTime":"21:30","formattedDuration":"52m","formattedAvailabilityWindow":null,"formattedAvailabilityWindowShort":null,"image":{"portraitUrl":null,"landscapeUrl":"https:\/\/images.nlziet.nl\/metadataimportimages\/source\/7074AABC81671E52ECBCC8814BAD668118A8865C5EACEEEAC33FCD8DAA8F6F76.jpg"},"logo":{"normalUrl":"https:\/\/cdn.nlziet.nl\/static\/assets\/contentproviders\/npo.png","darkUrl":"https:\/\/cdn.nlziet.nl\/static\/assets\/contentproviders\/dark\/npo.png","flatUrl":"https:\/\/cdn.nlziet.nl\/static\/assets\/contentproviders\/flat\/npo.png"},"tags":[],"seriesId":"52q75TpNoE-2XJjFtpxYGg"},{"id":"zg-YaAonRU-4eKNxgjRbGA","type":"Vod","title":"Vermist","subtitle":"Vermist","description":null,"formattedEpisodeNumbering":null,"formattedDate":"Di 10 jun. 2014","formattedDateShort":"Jun. 2014","formattedTime":"20:30","formattedDuration":"51m","formattedAvailabilityWindow":null,"formattedAvailabilityWindowShort":null,"image":{"portraitUrl":null,"landscapeUrl":"https:\/\/images.nlziet.nl\/metadataimportimages\/source\/1C16E567B3B18FA519C4CE20C00B02C6A619A473F6D58DDF7240086939462124.jpg"},"logo":{"normalUrl":"https:\/\/cdn.nlziet.nl\/static\/assets\/contentproviders\/npo.png","darkUrl":"https:\/\/cdn.nlziet.nl\/static\/assets\/contentproviders\/dark\/npo.png","flatUrl":"https:\/\/cdn.nlziet.nl\/static\/assets\/contentproviders\/flat\/npo.png"},"tags":[],"seriesId":"52q75TpNoE-2XJjFtpxYGg"},{"id":"Dqss-euLxU-ZhmQ30tl4Xw","type":"Vod","title":"Vermist","subtitle":"Vermist","description":"TROS - Jaap Jongbloed en zijn team zoeken wereldwijd naar vermiste personen. Ze zetten zich in voor ontvoerde kinderen en slachtoffers van loverboys. Langlopende vermissingen worden onder de loep genomen en meer dan ooit wordt gebruik gemaakt van social media en tips van oplettende kijkers.","formattedEpisodeNumbering":null,"formattedDate":"Di 3 jun. 2014","formattedDateShort":"Jun. 2014","formattedTime":"20:30","formattedDuration":"48m","formattedAvailabilityWindow":null,"formattedAvailabilityWindowShort":null,"image":{"portraitUrl":null,"landscapeUrl":"https:\/\/images.nlziet.nl\/metadataimportimages\/source\/8B7755FA6E461B2C2E97B6F4D9F39D8F5A2C68AAF167A586CCEE32A57F58E2B6.jpg"},"logo":{"normalUrl":"https:\/\/cdn.nlziet.nl\/static\/assets\/contentproviders\/npo.png","darkUrl":"https:\/\/cdn.nlziet.nl\/static\/assets\/contentproviders\/dark\/npo.png","flatUrl":"https:\/\/cdn.nlziet.nl\/static\/assets\/contentproviders\/flat\/npo.png"},"tags":[],"seriesId":"52q75TpNoE-2XJjFtpxYGg"},{"id":"zvioEkHaYUGLPJbZOYczkQ","type":"Vod","title":"Vermist","subtitle":"Vermist","description":"TROS - -Vermiste babydochter ligt al 34 jaar in graf. Lucia bevalt op 5 juli 1980 van dochter Alzerinda in het Wilhelmina Gasthuis in Amsterdam. Ze is met zeven maanden geboren en moet daarom direct in de couveuse. Volgens haar moeder is Alzerinda wel kerngezond: ze omklemt met een stevig handje de vinger van Lucia. De volgende dag vertellen medewerkers van het ziekenhuis echter dat Lucia's kindje dood is. 'Ze noemden geen doodsoorzaak en we mochten haar niet begraven. Ik heb mijn dochter niet meer mogen zien.' De van oorsprong uit Kaapverdi\u00eb afkomstige Lucia heeft echter altijd getwijfeld aan de dood van haar kind. 'Vijf jaar eerder boden rijke mensen veel geld voor mijn oudste dochter Fatima. Ik vermoed dat mijn man Alzerinda heeft verkocht.' 34 jaar zijn inmiddels verstreken, de vader van Alzerinda is allang overleden, maar Lucia vindt geen rust. Fatima vraagt Vermist uit te zoeken waar haar zusje is gebleven. Het programma leidt de familie naar de Amsterdamse begraafplaats Sint Barbara. -Rachids laatste woorden: 'Lang zal ze leven!' Op haar verjaardag op 5 december 2013 heeft Rachid Zaoudi door de telefoon nog 'lang zal ze leven' voor zijn zieke moeder gezongen. Hij beloofde langs te komen, maar na dit telefoontje is nooit meer iets van de 36-jarige Amsterdammer gehoord. Een anonieme getuige vertelt in Vermist dat een schuld van 80.000 euro bij Belgische drugscriminelen Rachid fataal zou zijn geworden. Kort voor zijn verdwijning werden er namelijk dreig-sms'jes verstuurd, en Rachid kreeg het er doodsbenauwd van. Hij kocht daarop een mes en nam verdedigingslessen bij zijn broer die boksinstructeur is. De familie van Rachid leeft inmiddels tussen hoop en vrees. Zijn broers en zussen weten dat Rachid in het criminele circuit zat en niet zulke 'frisse' vrienden had. Samen met Vermist turven ze de lijst van mogelijke verdachten af. 'Ik blijf doorzoeken tot ik hem gevonden heb', zegt broer Jamile. 'Wij hebben hem nooit kunnen vertellen dat zijn moeder vorige week is overleden...'.","formattedEpisodeNumbering":null,"formattedDate":"Di 27 mei. 2014","formattedDateShort":"Mei. 2014","formattedTime":"20:30","formattedDuration":"48m","formattedAvailabilityWindow":null,"formattedAvailabilityWindowShort":null,"image":{"portraitUrl":null,"landscapeUrl":"https:\/\/images.nlziet.nl\/metadataimportimages\/source\/4AD56136B61611D50666D692D6C5B1992880C6AA2DF1D54E62973117FF89FE56.jpg"},"logo":{"normalUrl":"https:\/\/cdn.nlziet.nl\/static\/assets\/contentproviders\/npo.png","darkUrl":"https:\/\/cdn.nlziet.nl\/static\/assets\/contentproviders\/dark\/npo.png","flatUrl":"https:\/\/cdn.nlziet.nl\/static\/assets\/contentproviders\/flat\/npo.png"},"tags":[],"seriesId":"52q75TpNoE-2XJjFtpxYGg"},{"id":"5AZsRUqmAE2ZpM9ROI7jdg","type":"Vod","title":"Vermist","subtitle":"Vermist","description":"TROS - -Jaap Jongbloed in conflict met Amerikaanse agenten. Een geplande hereniging in Texas tussen een vader en dochter mondt bijna uit in de arrestatie van Jaap Jongbloed. Hij is samen met Nathan Split op pad om diens dochter Nikki te bezoeken, die in 2003 door haar moeder werd meegenomen. Na een emotionele oproep van Nathan in Vermist tipten twee tienermeisjes het programma en wist de vader contact te leggen met Nikki. 'I miss you', mailt hij naar zijn inmiddels 13-jarige dochter, waarop prompt het antwoord komt: 'I love you dad. I miss you so much'. Nathan wist even niet waar hij het zoeken moest: 'Ik stortte echt in mekaar van het huilen. En dat je dan een foto ziet van je dochter die ineens zo groot is... dat is onbeschrijflijk'. Met alle hoop op een hartstochtelijke hereniging reist Jongbloed met de vader van Nikki naar Amerika. Hoe bizar het avontuur afloopt is in deze aflevering te zien. -Voice Kids-sterretje in actie voor vermiste kinderen. De 14-jarige Voice Kids-finaliste Nieloefaar Bahadori zingt in Vermist haar lied 'Stolen Child' voor alle vermiste en ontvoerde kinderen op de wereld. Het tv-programma, dat aanstaande dinsdag in het teken staat van de 'Internationale Dag Van De Vermiste Kinderen', besteedt aandacht aan Nieloefaars eigen ontvoering. In 2002 nam haar vader zijn peuterdochter mee naar Iran en twee jaar later wist haar dappere moeder Atti haar met hulp van mensensmokkelaars terug te ontvoeren. Voor Nieloefaar vormt deze levensgevaarlijke tocht naar de vrijheid het begin van een nieuw leven dat ze grotendeels inzet om lotgenootjes en ouders van ontvoerde kinderen te helpen. -Wanhopige vader krijgt laatste kans van Vermist. In Vermist doet Toon een ultieme poging om zijn dochter op te sporen. Al 7 jaar probeert hij vanuit Cura\u00e7ao contact te leggen met de 14-jarige Anaisa maar het lukt hem niet. Anaisa is in 2007 vertrokken met haar moeder naar Rotterdam en sindsdien heeft Toon niets meer van haar gezien of gehoord. Op uitnodiging van Vermist is Toon terug op vaderlandse bodem om de hulp in te roepen van kijkers.","formattedEpisodeNumbering":null,"formattedDate":"Di 20 mei. 2014","formattedDateShort":"Mei. 2014","formattedTime":"20:30","formattedDuration":"51m","formattedAvailabilityWindow":null,"formattedAvailabilityWindowShort":null,"image":{"portraitUrl":null,"landscapeUrl":"https:\/\/images.nlziet.nl\/metadataimportimages\/source\/23E2CD3CF8A26E2DCDF441046D8C3F31E0B777953163DC64523E94E7B85E53CB.jpg"},"logo":{"normalUrl":"https:\/\/cdn.nlziet.nl\/static\/assets\/contentproviders\/npo.png","darkUrl":"https:\/\/cdn.nlziet.nl\/static\/assets\/contentproviders\/dark\/npo.png","flatUrl":"https:\/\/cdn.nlziet.nl\/static\/assets\/contentproviders\/flat\/npo.png"},"tags":[],"seriesId":"52q75TpNoE-2XJjFtpxYGg"},{"id":"AE2V1HbeN02JZ7i_KPnZKQ","type":"Vod","title":"Vermist","subtitle":"Vermist","description":"TROS - -Johny na 20 jaar op zoek naar vader. Johny Jacobs is amper vijf jaar als hij in 1992 wordt weggerukt bij zijn familie op een Rotterdamse woonwagenkamp. 'Je moet weg bij je ouders, ze kunnen niet voor je zorgen'. Dat is wat de verschrikte peuter te horen krijgt van de mensen van Jeugdzorg die hem meenemen. 'Het laatste beeld van mijn vader zal ik nooit vergeten. Een brede kerel, loeisterk in mijn ogen en vreselijk boos. Hij gaf me een dikke knuffel en zei: 'Jij komt me later nog wel eens opzoeken'. Die woorden zijn nooit uit mijn hoofd verdwenen', aldus Johny. Johny komt samen met zijn jongere broertje in een pleeggezin, maar al snel wordt alle contact met zijn vader verboden. Diverse nare ervaringen en ruim twintig jaar later wil Johny nu eindelijk van zijn vader weten waarom hij niet bij hem mocht blijven. 'Ik heb me in de steek gelaten gevoeld, maar als ik me dan alle mooie dingen voor de geest haal die mijn pa met me deed, denk ik: zo'n beroerde vent kan het toch ook niet zijn?' Vermist struint woonwagenkampen af op zoek naar zigeuner Piet. -'Van Ricardo vinden ze nog geen pink terug'. Mike H, verdacht van moord op Ricardo Kooij, staat in de beklaagdenbank. De vrienden van de 24-jarige Ricardo zijn ervan overtuigd dat de Rotterdammer grondig is weggewerkt. Marvin, soulmate van de sinds juni 2013 vermiste Nookie, zoals Ricardo wordt genoemd, wil dat zijn lichaam boven water komt: 'Al wordt er maar een vinger gevonden, dan kun je het afsluiten'. Vooruitlopend op de uitspraak op 21 mei, speculeren getuigen en vrienden van Ricardo Kooij in Vermist over zijn lot. -Marokkaanse vader zoekt zoon in Utrechtse Ondiep. In 1989 werd de Marokkaanse gastarbeider Omar door de moeder van zijn kind uit hun huisje in het Ondiep gebonjourd omdat ze een nieuwe vriend had. De vreemdelingenpolitie stuurde Omar met een enkele reis terug naar Marokko en pas dit jaar wist hij de weg naar Vermist te vinden om hulp in te schakelen bij het zoeken naar zijn zoon Silvano. -Tot slot het laatste nieuws over de in Panama vermiste Lisanne en Kris.","formattedEpisodeNumbering":null,"formattedDate":"Di 13 mei. 2014","formattedDateShort":"Mei. 2014","formattedTime":"20:35","formattedDuration":"51m","formattedAvailabilityWindow":null,"formattedAvailabilityWindowShort":null,"image":{"portraitUrl":null,"landscapeUrl":"https:\/\/images.nlziet.nl\/metadataimportimages\/source\/D265793872E8280B0DB86DC047C744D63079423336E26A0FF475C3ECEF0C457D.jpg"},"logo":{"normalUrl":"https:\/\/cdn.nlziet.nl\/static\/assets\/contentproviders\/npo.png","darkUrl":"https:\/\/cdn.nlziet.nl\/static\/assets\/contentproviders\/dark\/npo.png","flatUrl":"https:\/\/cdn.nlziet.nl\/static\/assets\/contentproviders\/flat\/npo.png"},"tags":[],"seriesId":"52q75TpNoE-2XJjFtpxYGg"},{"id":"xI8ovp0fsEW2L2GqwwvffA","type":"Vod","title":"Vermist","subtitle":"Vermist","description":"TROS - Jaap Jongbloed en zijn team zoeken wereldwijd naar vermiste personen. Ze zetten zich in voor ontvoerde kinderen en slachtoffers van loverboys. Langlopende vermissingen worden onder de loep genomen en meer dan ooit wordt gebruik gemaakt van social media en tips van oplettende kijkers.","formattedEpisodeNumbering":null,"formattedDate":"Di 25 feb. 2014","formattedDateShort":"Feb. 2014","formattedTime":"20:30","formattedDuration":"1u 0m","formattedAvailabilityWindow":null,"formattedAvailabilityWindowShort":null,"image":{"portraitUrl":null,"landscapeUrl":"https:\/\/images.nlziet.nl\/metadataimportimages\/source\/81893F48E5B1124DBA4E573F181042D5495F3869B6BF0288DBD716E163275B25.jpg"},"logo":{"normalUrl":"https:\/\/cdn.nlziet.nl\/static\/assets\/contentproviders\/npo.png","darkUrl":"https:\/\/cdn.nlziet.nl\/static\/assets\/contentproviders\/dark\/npo.png","flatUrl":"https:\/\/cdn.nlziet.nl\/static\/assets\/contentproviders\/flat\/npo.png"},"tags":[],"seriesId":"52q75TpNoE-2XJjFtpxYGg"}]