[{"id":"dbAIYamg306ypieTBwA3VQ","type":"Vod","title":"24 Uur In De E.R.","subtitle":"Afl. 34","description":"RTL5 - Realityserie over de eerstehulpafdeling van St. George's Hospital in Zuid-Londen, een van de grootste ziekenhuizen van Groot-Brittanni\u00eb. De artsen en hulpbehoevende pati\u00ebnten worden 24 uur per dag van dichtbij gevolgd.","formattedEpisodeNumbering":null,"formattedDate":"Vr 19 aug.","formattedDateShort":"Vr 19 aug.","formattedTime":"21:55","formattedDuration":"45m","formattedAvailabilityWindow":"Vandaag nog beschikbaar","formattedAvailabilityWindowShort":"Nog 1 d. beschikbaar","image":{"portraitUrl":null,"landscapeUrl":"https:\/\/images.nlziet.nl\/metadataimportimages\/source\/56CAE413FF66ED7BC4C228A90696D2E06E7EBF65CE97559177541BCC4BF17B25.jpg"},"logo":{"normalUrl":"https:\/\/cdn.nlziet.nl\/static\/assets\/contentproviders\/rtl.png","darkUrl":"https:\/\/cdn.nlziet.nl\/static\/assets\/contentproviders\/dark\/rtl.png","flatUrl":"https:\/\/cdn.nlziet.nl\/static\/assets\/contentproviders\/flat\/rtl.png"},"tags":[],"seriesId":"6xFPBKN0Xk-0sU6crWAQ3A"}]