[{"id":"YTRzo8_YdUms-FzM_zbiNg","type":"Vod","title":"Hart in Aktie","subtitle":"Aflevering 8","description":"SBS6 - In deze lastige tijd slaan veel Nederlanders hun handen ineen en komen in actie voor een ander. Om hier een steentje aan bij te dragen start SBS6 met een speciale editie van het welbekende Hart in Aktie. In het programma rijdt Wendy van Dijk met het Hart in Aktie-busje door heel Nederland om hulp te bieden aan mensen die het hard nodig hebben. Van het ondersteunen bij verschillende initiatieven die Nederlanders zelf op poten hebben gezet tot het direct inspringen bij hulpvragen. Wendy en haar team proberen op alle mogelijke manieren te helpen en daarbij de mensen een hart onder de riem te steken.","formattedEpisodeNumbering":null,"formattedDate":"Wo 27 mei. 2020","formattedDateShort":"Mei. 2020","formattedTime":"21:24","formattedDuration":"40m","formattedAvailabilityWindow":null,"formattedAvailabilityWindowShort":null,"image":{"portraitUrl":"https:\/\/images.nlziet.nl\/metadataimportimages\/source\/5DBEA1C75F5DE64673C0848BED52F0F72720B32B2842D70B99B62C612FC79382.jpg","landscapeUrl":"https:\/\/images.nlziet.nl\/metadataimportimages\/source\/3E131509F39AA560F6FE0E2F8F2E95D6FD4BBD2AAA32FFF14BB1C9712FC49424.jpg"},"logo":{"normalUrl":"https:\/\/cdn.nlziet.nl\/static\/assets\/contentproviders\/sbs.png","darkUrl":"https:\/\/cdn.nlziet.nl\/static\/assets\/contentproviders\/dark\/sbs.png","flatUrl":"https:\/\/cdn.nlziet.nl\/static\/assets\/contentproviders\/flat\/sbs.png"},"tags":[],"seriesId":"4nNZEJ5-QUOe4WViFcg82A"},{"id":"DYvUELRlkk6WbvUeq0DeBg","type":"Vod","title":"Hart in Aktie","subtitle":"Aflevering 7","description":"SBS6 - In deze lastige tijd slaan veel Nederlanders hun handen ineen en komen in actie voor een ander. Om hier een steentje aan bij te dragen start SBS6 met een speciale editie van het welbekende Hart in Aktie. In het programma rijdt Wendy van Dijk met het Hart in Aktie-busje door heel Nederland om hulp te bieden aan mensen die het hard nodig hebben. Van het ondersteunen bij verschillende initiatieven die Nederlanders zelf op poten hebben gezet tot het direct inspringen bij hulpvragen. Wendy en haar team proberen op alle mogelijke manieren te helpen en daarbij de mensen een hart onder de riem te steken.","formattedEpisodeNumbering":null,"formattedDate":"Wo 20 mei. 2020","formattedDateShort":"Mei. 2020","formattedTime":"21:26","formattedDuration":"40m","formattedAvailabilityWindow":null,"formattedAvailabilityWindowShort":null,"image":{"portraitUrl":"https:\/\/images.nlziet.nl\/metadataimportimages\/source\/A3D7548A2E0D639A4B2FE92A30735B8DC164B873C137F198EEAB12FA2F54D8BE.jpg","landscapeUrl":"https:\/\/images.nlziet.nl\/metadataimportimages\/source\/147FA9996DFD294565671C8044F6599A21F552A4FA8C25E4C17B9352C23924D5.jpg"},"logo":{"normalUrl":"https:\/\/cdn.nlziet.nl\/static\/assets\/contentproviders\/sbs.png","darkUrl":"https:\/\/cdn.nlziet.nl\/static\/assets\/contentproviders\/dark\/sbs.png","flatUrl":"https:\/\/cdn.nlziet.nl\/static\/assets\/contentproviders\/flat\/sbs.png"},"tags":[],"seriesId":"4nNZEJ5-QUOe4WViFcg82A"},{"id":"RPi1a7a3_EqTF2awOWYnLg","type":"Vod","title":"Hart in Aktie","subtitle":"Aflevering 6","description":"SBS6 - In deze lastige tijd slaan veel Nederlanders hun handen ineen en komen in actie voor een ander. Om hier een steentje aan bij te dragen start SBS6 met een speciale editie van het welbekende Hart in Aktie. In het programma rijdt Wendy van Dijk met het Hart in Aktie-busje door heel Nederland om hulp te bieden aan mensen die het hard nodig hebben. Van het ondersteunen bij verschillende initiatieven die Nederlanders zelf op poten hebben gezet tot het direct inspringen bij hulpvragen. Wendy en haar team proberen op alle mogelijke manieren te helpen en daarbij de mensen een hart onder de riem te steken.","formattedEpisodeNumbering":null,"formattedDate":"Wo 13 mei. 2020","formattedDateShort":"Mei. 2020","formattedTime":"21:26","formattedDuration":"39m","formattedAvailabilityWindow":null,"formattedAvailabilityWindowShort":null,"image":{"portraitUrl":"https:\/\/images.nlziet.nl\/metadataimportimages\/source\/F7F635274EE096B79F9621CBC6B8498E4ECBC5AA934A8772BA856214AD53432D.jpg","landscapeUrl":"https:\/\/images.nlziet.nl\/metadataimportimages\/source\/61B8724B0F4CEA9F323A48D70E5F8A8E118B0341F42B5C14C201A03612F41F78.jpg"},"logo":{"normalUrl":"https:\/\/cdn.nlziet.nl\/static\/assets\/contentproviders\/sbs.png","darkUrl":"https:\/\/cdn.nlziet.nl\/static\/assets\/contentproviders\/dark\/sbs.png","flatUrl":"https:\/\/cdn.nlziet.nl\/static\/assets\/contentproviders\/flat\/sbs.png"},"tags":[],"seriesId":"4nNZEJ5-QUOe4WViFcg82A"},{"id":"dKFG5s99g0KH0umKtpKKig","type":"Vod","title":"Hart in Aktie","subtitle":"Aflevering 5","description":"SBS6 - In deze lastige tijd slaan veel Nederlanders hun handen ineen en komen in actie voor een ander. Om hier een steentje aan bij te dragen start SBS6 met een speciale editie van het welbekende Hart in Aktie. In het programma rijdt Wendy van Dijk met het Hart in Aktie-busje door heel Nederland om hulp te bieden aan mensen die het hard nodig hebben. Van het ondersteunen bij verschillende initiatieven die Nederlanders zelf op poten hebben gezet tot het direct inspringen bij hulpvragen. Wendy en haar team proberen op alle mogelijke manieren te helpen en daarbij de mensen een hart onder de riem te steken.","formattedEpisodeNumbering":null,"formattedDate":"Wo 6 mei. 2020","formattedDateShort":"Mei. 2020","formattedTime":"21:26","formattedDuration":"39m","formattedAvailabilityWindow":null,"formattedAvailabilityWindowShort":null,"image":{"portraitUrl":null,"landscapeUrl":"https:\/\/images.nlziet.nl\/metadataimportimages\/source\/4FD54A0339533B71A5859BBC7DDAED6A6B885014D818B04EBE8E58651E6836C9.jpg"},"logo":{"normalUrl":"https:\/\/cdn.nlziet.nl\/static\/assets\/contentproviders\/sbs.png","darkUrl":"https:\/\/cdn.nlziet.nl\/static\/assets\/contentproviders\/dark\/sbs.png","flatUrl":"https:\/\/cdn.nlziet.nl\/static\/assets\/contentproviders\/flat\/sbs.png"},"tags":[],"seriesId":"4nNZEJ5-QUOe4WViFcg82A"},{"id":"s1MRuPYKXEu1fdn60UHvSQ","type":"Vod","title":"Hart in Aktie","subtitle":"Aflevering 4","description":"SBS6 - In deze lastige tijd slaan veel Nederlanders hun handen ineen en komen in actie voor een ander. Om hier een steentje aan bij te dragen start SBS6 met een speciale editie van het welbekende Hart in Aktie. In het programma rijdt Wendy van Dijk met het Hart in Aktie-busje door heel Nederland om hulp te bieden aan mensen die het hard nodig hebben. Van het ondersteunen bij verschillende initiatieven die Nederlanders zelf op poten hebben gezet tot het direct inspringen bij hulpvragen. Wendy en haar team proberen op alle mogelijke manieren te helpen en daarbij de mensen een hart onder de riem te steken.","formattedEpisodeNumbering":null,"formattedDate":"Wo 29 apr. 2020","formattedDateShort":"Apr. 2020","formattedTime":"21:25","formattedDuration":"40m","formattedAvailabilityWindow":null,"formattedAvailabilityWindowShort":null,"image":{"portraitUrl":null,"landscapeUrl":"https:\/\/images.nlziet.nl\/metadataimportimages\/source\/9D31DA968920D42499C4EF063A1C583D1E5B3AF52C366EED9128ABBF388510DF.jpg"},"logo":{"normalUrl":"https:\/\/cdn.nlziet.nl\/static\/assets\/contentproviders\/sbs.png","darkUrl":"https:\/\/cdn.nlziet.nl\/static\/assets\/contentproviders\/dark\/sbs.png","flatUrl":"https:\/\/cdn.nlziet.nl\/static\/assets\/contentproviders\/flat\/sbs.png"},"tags":[],"seriesId":"4nNZEJ5-QUOe4WViFcg82A"},{"id":"cP-NmJ-fFkemgGUfcehojw","type":"Vod","title":"Hart in Aktie","subtitle":"Aflevering 3","description":"SBS6 - In deze lastige tijd slaan veel Nederlanders hun handen ineen en komen in actie voor een ander. Om hier een steentje aan bij te dragen start SBS6 met een speciale editie van het welbekende Hart in Aktie. In het programma rijdt Wendy van Dijk met het Hart in Aktie-busje door heel Nederland om hulp te bieden aan mensen die het hard nodig hebben. Van het ondersteunen bij verschillende initiatieven die Nederlanders zelf op poten hebben gezet tot het direct inspringen bij hulpvragen. Wendy en haar team proberen op alle mogelijke manieren te helpen en daarbij de mensen een hart onder de riem te steken.","formattedEpisodeNumbering":null,"formattedDate":"Wo 22 apr. 2020","formattedDateShort":"Apr. 2020","formattedTime":"21:27","formattedDuration":"40m","formattedAvailabilityWindow":null,"formattedAvailabilityWindowShort":null,"image":{"portraitUrl":null,"landscapeUrl":"https:\/\/images.nlziet.nl\/metadataimportimages\/source\/E469D404B6CDC2198E0DC2F3E3225B470B7D8946ED33327514C758B55EC60A9B.jpg"},"logo":{"normalUrl":"https:\/\/cdn.nlziet.nl\/static\/assets\/contentproviders\/sbs.png","darkUrl":"https:\/\/cdn.nlziet.nl\/static\/assets\/contentproviders\/dark\/sbs.png","flatUrl":"https:\/\/cdn.nlziet.nl\/static\/assets\/contentproviders\/flat\/sbs.png"},"tags":[],"seriesId":"4nNZEJ5-QUOe4WViFcg82A"},{"id":"Bk9vWwlswkeIHBRCySdhqA","type":"Vod","title":"Hart in Aktie","subtitle":"Aflevering 2","description":"SBS6 - In deze lastige tijd slaan veel Nederlanders hun handen ineen en komen in actie voor een ander. Om hier een steentje aan bij te dragen start SBS6 met een speciale editie van het welbekende Hart in Aktie. In het programma rijdt Wendy van Dijk met het Hart in Aktie-busje door heel Nederland om hulp te bieden aan mensen die het hard nodig hebben. Van het ondersteunen bij verschillende initiatieven die Nederlanders zelf op poten hebben gezet tot het direct inspringen bij hulpvragen. Wendy en haar team proberen op alle mogelijke manieren te helpen en daarbij de mensen een hart onder de riem te steken.","formattedEpisodeNumbering":null,"formattedDate":"Wo 15 apr. 2020","formattedDateShort":"Apr. 2020","formattedTime":"21:25","formattedDuration":"40m","formattedAvailabilityWindow":null,"formattedAvailabilityWindowShort":null,"image":{"portraitUrl":null,"landscapeUrl":"https:\/\/images.nlziet.nl\/metadataimportimages\/source\/76BD24367C05FB2EB54300446E6344F738F81831CB4739539FE04F44E6F4CDED.jpg"},"logo":{"normalUrl":"https:\/\/cdn.nlziet.nl\/static\/assets\/contentproviders\/sbs.png","darkUrl":"https:\/\/cdn.nlziet.nl\/static\/assets\/contentproviders\/dark\/sbs.png","flatUrl":"https:\/\/cdn.nlziet.nl\/static\/assets\/contentproviders\/flat\/sbs.png"},"tags":[],"seriesId":"4nNZEJ5-QUOe4WViFcg82A"},{"id":"W90cWOWZMk6ygmuNd2Cuxw","type":"Vod","title":"Hart in Aktie","subtitle":"Aflevering 1","description":"SBS6 - In deze lastige tijd slaan veel Nederlanders hun handen ineen en komen in actie voor een ander. Om hier een steentje aan bij te dragen start SBS6 met een speciale editie van het welbekende Hart in Aktie. In het programma rijdt Wendy van Dijk met het Hart in Aktie-busje door heel Nederland om hulp te bieden aan mensen die het hard nodig hebben. Van het ondersteunen bij verschillende initiatieven die Nederlanders zelf op poten hebben gezet tot het direct inspringen bij hulpvragen. Wendy en haar team proberen op alle mogelijke manieren te helpen en daarbij de mensen een hart onder de riem te steken.","formattedEpisodeNumbering":null,"formattedDate":"Wo 8 apr. 2020","formattedDateShort":"Apr. 2020","formattedTime":"21:26","formattedDuration":"41m","formattedAvailabilityWindow":null,"formattedAvailabilityWindowShort":null,"image":{"portraitUrl":null,"landscapeUrl":"https:\/\/images.nlziet.nl\/metadataimportimages\/source\/E31454956462409052E1A45995AAEC29C9E22B1C8C1D18C222D8EA4BB87A15AF.jpg"},"logo":{"normalUrl":"https:\/\/cdn.nlziet.nl\/static\/assets\/contentproviders\/sbs.png","darkUrl":"https:\/\/cdn.nlziet.nl\/static\/assets\/contentproviders\/dark\/sbs.png","flatUrl":"https:\/\/cdn.nlziet.nl\/static\/assets\/contentproviders\/flat\/sbs.png"},"tags":[],"seriesId":"4nNZEJ5-QUOe4WViFcg82A"}]