[{"id":"uQzcjJSg2EKunNb7gR6DEA","type":"Vod","title":"NOS WK-kwalificatie Voetbal","subtitle":"NOS WK-kwalificatie Voetbal","description":"NOS - Voorbeschouwing van de WK-kwalificatiewedstrijd Luxemburg - Nederland in Stade Josy Barthel.","formattedEpisodeNumbering":null,"formattedDate":"Zo 13 nov. 2016","formattedDateShort":"Nov. 2016","formattedTime":"17:20","formattedDuration":"30m","formattedAvailabilityWindow":null,"formattedAvailabilityWindowShort":null,"image":{"portraitUrl":null,"landscapeUrl":"https:\/\/images.nlziet.nl\/metadataimportimages\/source\/3EBFE7D2026C54EF87427C92542B1AE617DAB238FF1C7E315BEF8F8525606DD0.jpg"},"logo":{"normalUrl":"https:\/\/cdn.nlziet.nl\/static\/assets\/contentproviders\/npo.png","darkUrl":"https:\/\/cdn.nlziet.nl\/static\/assets\/contentproviders\/dark\/npo.png","flatUrl":"https:\/\/cdn.nlziet.nl\/static\/assets\/contentproviders\/flat\/npo.png"},"tags":[],"seriesId":"5Ys7Jwg3_EKAiS07ctyJhw"},{"id":"Wquw5X20KkuLUnwLDd_HAg","type":"Vod","title":"NOS WK-kwalificatie Voetbal","subtitle":"NOS WK-kwalificatie Voetbal","description":"NOS - Voorbeschouwing van het WK-kwalificatiewedstrijd Nederland - Frankrijk in de Amsterdam Arena.","formattedEpisodeNumbering":null,"formattedDate":"Ma 10 okt. 2016","formattedDateShort":"Okt. 2016","formattedTime":"20:00","formattedDuration":"33m","formattedAvailabilityWindow":null,"formattedAvailabilityWindowShort":null,"image":{"portraitUrl":null,"landscapeUrl":"https:\/\/images.nlziet.nl\/metadataimportimages\/source\/CF0B38F7EA94B9AD4FF336EAA38AAA80CAA50431B1D270CF09A36F03FB5603FC.jpg"},"logo":{"normalUrl":"https:\/\/cdn.nlziet.nl\/static\/assets\/contentproviders\/npo.png","darkUrl":"https:\/\/cdn.nlziet.nl\/static\/assets\/contentproviders\/dark\/npo.png","flatUrl":"https:\/\/cdn.nlziet.nl\/static\/assets\/contentproviders\/flat\/npo.png"},"tags":[],"seriesId":"5Ys7Jwg3_EKAiS07ctyJhw"},{"id":"jpAW9t6bF0WeEyyAskEVMQ","type":"Vod","title":"NOS WK-kwalificatie Voetbal","subtitle":"NOS WK-kwalificatie Voetbal","description":"NOS - Voorbeschouwing van het WK-kwalificatieduel Nederland - Wit-Rusland in de Kuip in Rotterdam.","formattedEpisodeNumbering":null,"formattedDate":"Vr 7 okt. 2016","formattedDateShort":"Okt. 2016","formattedTime":"20:00","formattedDuration":"29m","formattedAvailabilityWindow":null,"formattedAvailabilityWindowShort":null,"image":{"portraitUrl":null,"landscapeUrl":"https:\/\/images.nlziet.nl\/metadataimportimages\/source\/6A20D9141C0A9224EF929B1E6481D737730700087FAAD05E8912DD0F1C301B07.jpg"},"logo":{"normalUrl":"https:\/\/cdn.nlziet.nl\/static\/assets\/contentproviders\/npo.png","darkUrl":"https:\/\/cdn.nlziet.nl\/static\/assets\/contentproviders\/dark\/npo.png","flatUrl":"https:\/\/cdn.nlziet.nl\/static\/assets\/contentproviders\/flat\/npo.png"},"tags":[],"seriesId":"5Ys7Jwg3_EKAiS07ctyJhw"},{"id":"VIYh8Kl5hUqOoddusVlRRg","type":"Vod","title":"NOS WK-kwalificatie Voetbal","subtitle":"NOS WK-kwalificatie Voetbal","description":"NOS - Voorbeschouwing op het WK-kwalificatieduel Zweden - Nederland.","formattedEpisodeNumbering":null,"formattedDate":"Di 6 sep. 2016","formattedDateShort":"Sep. 2016","formattedTime":"20:00","formattedDuration":"29m","formattedAvailabilityWindow":null,"formattedAvailabilityWindowShort":null,"image":{"portraitUrl":null,"landscapeUrl":"https:\/\/images.nlziet.nl\/metadataimportimages\/source\/09505AFF3E51D7B52B1B92A4539BA833DB8A7835DE4CEDB124B5ECD47CC3039D.jpg"},"logo":{"normalUrl":"https:\/\/cdn.nlziet.nl\/static\/assets\/contentproviders\/npo.png","darkUrl":"https:\/\/cdn.nlziet.nl\/static\/assets\/contentproviders\/dark\/npo.png","flatUrl":"https:\/\/cdn.nlziet.nl\/static\/assets\/contentproviders\/flat\/npo.png"},"tags":[],"seriesId":"5Ys7Jwg3_EKAiS07ctyJhw"}]