[{"id":"rL9_SEUS3UCVOOVr259wEQ","type":"Vod","title":"Van Woonvilla Naar Droomvilla","subtitle":"Afl. 8","description":"Architect Bertram Terpstra, interieurontwerpster Pauline Jorritsma en hun team laten de wereld van design, architectuur en interieur zien. Iedere week is er aandacht voor een nieuw project, van begin tot eind. Alle facetten van bouwen, verbouwen en bouwmanagement, maar ook styling en ontwerpen voor interieur, verlichting en meubilering komen aan bod. Het team bezoekt  hiervoor verschillende leveranciers en krijgt advies van specialisten.","formattedEpisodeNumbering":null,"formattedDate":"Zo 30 okt.","formattedDateShort":"Zo 30 okt.","formattedTime":"17:30","formattedDuration":"22m","formattedAvailabilityWindow":null,"formattedAvailabilityWindowShort":null,"image":{"portraitUrl":null,"landscapeUrl":"https:\/\/images.nlziet.nl\/metadataimportimages\/source\/CB9D2768BE57730B65A2068B03347A770506A684ACFBE4AF3FDAB9B7A018ADAE.jpg"},"logo":{"normalUrl":"https:\/\/cdn.nlziet.nl\/static\/assets\/contentproviders\/rtl.png","darkUrl":"https:\/\/cdn.nlziet.nl\/static\/assets\/contentproviders\/dark\/rtl.png","flatUrl":"https:\/\/cdn.nlziet.nl\/static\/assets\/contentproviders\/flat\/rtl.png"},"tags":[],"seriesId":"6Es68NJdnEeZUuUOcm-_zQ"},{"id":"FhD-rd4xKESiq2AqliuUAg","type":"Vod","title":"Van Woonvilla Naar Droomvilla","subtitle":"Afl. 7","description":"Architect Bertram Terpstra, interieurontwerpster Pauline Jorritsma en hun team laten de wereld van design, architectuur en interieur zien. Iedere week is er aandacht voor een nieuw project, van begin tot eind. Alle facetten van bouwen, verbouwen en bouwmanagement, maar ook styling en ontwerpen voor interieur, verlichting en meubilering komen aan bod. Het team bezoekt  hiervoor verschillende leveranciers en krijgt advies van specialisten.","formattedEpisodeNumbering":null,"formattedDate":"Zo 23 okt.","formattedDateShort":"Zo 23 okt.","formattedTime":"17:30","formattedDuration":"22m","formattedAvailabilityWindow":null,"formattedAvailabilityWindowShort":null,"image":{"portraitUrl":null,"landscapeUrl":"https:\/\/images.nlziet.nl\/metadataimportimages\/source\/5945A57BE6D74044D5FAAF48A19CA4D48E83FA5D50E0B255CF012A51A7165871.jpg"},"logo":{"normalUrl":"https:\/\/cdn.nlziet.nl\/static\/assets\/contentproviders\/rtl.png","darkUrl":"https:\/\/cdn.nlziet.nl\/static\/assets\/contentproviders\/dark\/rtl.png","flatUrl":"https:\/\/cdn.nlziet.nl\/static\/assets\/contentproviders\/flat\/rtl.png"},"tags":[],"seriesId":"6Es68NJdnEeZUuUOcm-_zQ"},{"id":"tBh9lOxAH0KN7nmqWDGHgQ","type":"Vod","title":"Van Woonvilla Naar Droomvilla","subtitle":"Afl. 6","description":"Architect Bertram Terpstra, interieurontwerpster Pauline Jorritsma en hun team laten de wereld van design, architectuur en interieur zien. Iedere week is er aandacht voor een nieuw project, van begin tot eind. Alle facetten van bouwen, verbouwen en bouwmanagement, maar ook styling en ontwerpen voor interieur, verlichting en meubilering komen aan bod. Het team bezoekt  hiervoor verschillende leveranciers en krijgt advies van specialisten.","formattedEpisodeNumbering":null,"formattedDate":"Zo 16 okt.","formattedDateShort":"Zo 16 okt.","formattedTime":"17:30","formattedDuration":"22m","formattedAvailabilityWindow":null,"formattedAvailabilityWindowShort":null,"image":{"portraitUrl":null,"landscapeUrl":"https:\/\/images.nlziet.nl\/metadataimportimages\/source\/EE79D4471A462D8DE8CB2B820AD7D35098CB89ACE21DC327549E69E98327B796.jpg"},"logo":{"normalUrl":"https:\/\/cdn.nlziet.nl\/static\/assets\/contentproviders\/rtl.png","darkUrl":"https:\/\/cdn.nlziet.nl\/static\/assets\/contentproviders\/dark\/rtl.png","flatUrl":"https:\/\/cdn.nlziet.nl\/static\/assets\/contentproviders\/flat\/rtl.png"},"tags":[],"seriesId":"6Es68NJdnEeZUuUOcm-_zQ"},{"id":"hqm-cfR5kUCm7Ed1Yh3WIA","type":"Vod","title":"Van Woonvilla Naar Droomvilla","subtitle":"Afl. 5","description":"Architect Bertram Terpstra, interieurontwerpster Pauline Jorritsma en hun team laten de wereld van design, architectuur en interieur zien. Iedere week is er aandacht voor een nieuw project, van begin tot eind. Alle facetten van bouwen, verbouwen en bouwmanagement, maar ook styling en ontwerpen voor interieur, verlichting en meubilering komen aan bod. Het team bezoekt  hiervoor verschillende leveranciers en krijgt advies van specialisten.","formattedEpisodeNumbering":null,"formattedDate":"Zo 9 okt.","formattedDateShort":"Zo 9 okt.","formattedTime":"17:30","formattedDuration":"22m","formattedAvailabilityWindow":null,"formattedAvailabilityWindowShort":null,"image":{"portraitUrl":null,"landscapeUrl":"https:\/\/images.nlziet.nl\/metadataimportimages\/source\/277ED2A8C31213EC8351C6E3E4EAED986245C69D8FB1E05606B4C2DCBCC645DC.jpg"},"logo":{"normalUrl":"https:\/\/cdn.nlziet.nl\/static\/assets\/contentproviders\/rtl.png","darkUrl":"https:\/\/cdn.nlziet.nl\/static\/assets\/contentproviders\/dark\/rtl.png","flatUrl":"https:\/\/cdn.nlziet.nl\/static\/assets\/contentproviders\/flat\/rtl.png"},"tags":[],"seriesId":"6Es68NJdnEeZUuUOcm-_zQ"},{"id":"G71nH1Onn0CN4ULCPUd3DQ","type":"Vod","title":"Van Woonvilla Naar Droomvilla","subtitle":"Afl. 4","description":"Architect Bertram Terpstra, interieurontwerpster Pauline Jorritsma en hun team laten de wereld van design, architectuur en interieur zien. Iedere week is er aandacht voor een nieuw project, van begin tot eind. Alle facetten van bouwen, verbouwen en bouwmanagement, maar ook styling en ontwerpen voor interieur, verlichting en meubilering komen aan bod. Het team bezoekt  hiervoor verschillende leveranciers en krijgt advies van specialisten.","formattedEpisodeNumbering":null,"formattedDate":"Eergisteren","formattedDateShort":"Eergisteren","formattedTime":"11:00","formattedDuration":"22m","formattedAvailabilityWindow":null,"formattedAvailabilityWindowShort":null,"image":{"portraitUrl":null,"landscapeUrl":"https:\/\/images.nlziet.nl\/metadataimportimages\/source\/A499AA2D45236D1BFF96EAD6230894EB59E71D2C60BF11ACD17EAD4E62452439.jpg"},"logo":{"normalUrl":"https:\/\/cdn.nlziet.nl\/static\/assets\/contentproviders\/rtl.png","darkUrl":"https:\/\/cdn.nlziet.nl\/static\/assets\/contentproviders\/dark\/rtl.png","flatUrl":"https:\/\/cdn.nlziet.nl\/static\/assets\/contentproviders\/flat\/rtl.png"},"tags":[],"seriesId":"6Es68NJdnEeZUuUOcm-_zQ"},{"id":"hjgq3KZAcEiPvj9HKph1uA","type":"Vod","title":"Van Woonvilla Naar Droomvilla","subtitle":"Afl. 3","description":"Architect Bertram Terpstra, interieurontwerpster Pauline Jorritsma en hun team laten de wereld van design, architectuur en interieur zien. Iedere week is er aandacht voor een nieuw project, van begin tot eind. Alle facetten van bouwen, verbouwen en bouwmanagement, maar ook styling en ontwerpen voor interieur, verlichting en meubilering komen aan bod. Het team bezoekt  hiervoor verschillende leveranciers en krijgt advies van specialisten.","formattedEpisodeNumbering":null,"formattedDate":"Zo 27 nov.","formattedDateShort":"Zo 27 nov.","formattedTime":"11:05","formattedDuration":"22m","formattedAvailabilityWindow":null,"formattedAvailabilityWindowShort":null,"image":{"portraitUrl":null,"landscapeUrl":"https:\/\/images.nlziet.nl\/metadataimportimages\/source\/579290CAE2D997AC60E9E45DC0373C5B5C39DDD6134B8988E8B8558726860A8B.jpg"},"logo":{"normalUrl":"https:\/\/cdn.nlziet.nl\/static\/assets\/contentproviders\/rtl.png","darkUrl":"https:\/\/cdn.nlziet.nl\/static\/assets\/contentproviders\/dark\/rtl.png","flatUrl":"https:\/\/cdn.nlziet.nl\/static\/assets\/contentproviders\/flat\/rtl.png"},"tags":[],"seriesId":"6Es68NJdnEeZUuUOcm-_zQ"},{"id":"T9R3ywXa8EGjkMdC63c4uA","type":"Vod","title":"Van Woonvilla Naar Droomvilla","subtitle":"Afl. 2","description":"Architect Bertram Terpstra, interieurontwerpster Pauline Jorritsma en hun team laten de wereld van design, architectuur en interieur zien. Iedere week is er aandacht voor een nieuw project, van begin tot eind. Alle facetten van bouwen, verbouwen en bouwmanagement, maar ook styling en ontwerpen voor interieur, verlichting en meubilering komen aan bod. Het team bezoekt  hiervoor verschillende leveranciers en krijgt advies van specialisten.","formattedEpisodeNumbering":null,"formattedDate":"Zo 20 nov.","formattedDateShort":"Zo 20 nov.","formattedTime":"10:55","formattedDuration":"22m","formattedAvailabilityWindow":null,"formattedAvailabilityWindowShort":null,"image":{"portraitUrl":null,"landscapeUrl":"https:\/\/images.nlziet.nl\/metadataimportimages\/source\/1358A46C3A8B5D317FF2D594E88AF434723E297997F897320D41A93EE0BB8F5A.jpg"},"logo":{"normalUrl":"https:\/\/cdn.nlziet.nl\/static\/assets\/contentproviders\/rtl.png","darkUrl":"https:\/\/cdn.nlziet.nl\/static\/assets\/contentproviders\/dark\/rtl.png","flatUrl":"https:\/\/cdn.nlziet.nl\/static\/assets\/contentproviders\/flat\/rtl.png"},"tags":[],"seriesId":"6Es68NJdnEeZUuUOcm-_zQ"},{"id":"1u1aGK6G4ESEdsullDtHwQ","type":"Vod","title":"Van Woonvilla Naar Droomvilla","subtitle":"Afl. 1","description":"Architect Bertram Terpstra, interieurontwerpster Pauline Jorritsma en hun team laten de wereld van design, architectuur en interieur zien. Iedere week is er aandacht voor een nieuw project, van begin tot eind. Alle facetten van bouwen, verbouwen en bouwmanagement, maar ook styling en ontwerpen voor interieur, verlichting en meubilering komen aan bod. Het team bezoekt  hiervoor verschillende leveranciers en krijgt advies van specialisten.","formattedEpisodeNumbering":null,"formattedDate":"Zo 13 nov.","formattedDateShort":"Zo 13 nov.","formattedTime":"11:00","formattedDuration":"22m","formattedAvailabilityWindow":null,"formattedAvailabilityWindowShort":null,"image":{"portraitUrl":null,"landscapeUrl":"https:\/\/images.nlziet.nl\/metadataimportimages\/source\/A0E7B4B9D388C844E7814C6F05A9DDB7B97BC2898F25CA40B3D1D70E78E09868.jpg"},"logo":{"normalUrl":"https:\/\/cdn.nlziet.nl\/static\/assets\/contentproviders\/rtl.png","darkUrl":"https:\/\/cdn.nlziet.nl\/static\/assets\/contentproviders\/dark\/rtl.png","flatUrl":"https:\/\/cdn.nlziet.nl\/static\/assets\/contentproviders\/flat\/rtl.png"},"tags":[],"seriesId":"6Es68NJdnEeZUuUOcm-_zQ"}]