[{"id":"WwmDHZOpmkuaG7bXv-9y_A","type":"Vod","title":"Meiden Die Rijden","subtitle":"","description":"PowNed - Kim vertelt uitgebreid over haar liefdesleven bij haar thuis. We gaan mee op de vuilniswagen bij de vrolijke Vivi in Rotterdam, we zijn met Louise in Frankrijk en Charlotte gaat op voor haar vrachtwagenrijbewijs.","formattedEpisodeNumbering":"S1:A8","formattedDate":"Wo 24 feb. 2021","formattedDateShort":"Feb. 2021","formattedTime":"20:25","formattedDuration":"45m","formattedAvailabilityWindow":null,"formattedAvailabilityWindowShort":null,"image":{"portraitUrl":null,"landscapeUrl":"https:\/\/images.nlziet.nl\/metadataimportimages\/source\/AD43DDB5878D42D1F1622E1B12174A48D752A487165A1A2B30EE81F4E1187CC7.jpg"},"logo":{"normalUrl":"https:\/\/cdn.nlziet.nl\/static\/assets\/contentproviders\/npo.png","darkUrl":"https:\/\/cdn.nlziet.nl\/static\/assets\/contentproviders\/dark\/npo.png","flatUrl":"https:\/\/cdn.nlziet.nl\/static\/assets\/contentproviders\/flat\/npo.png"},"tags":[],"seriesId":"7Fh1UOkrWESC4n_qMWSQMQ"},{"id":"8pg5fnVSwU2VChyt9rwkTw","type":"Vod","title":"Meiden Die Rijden","subtitle":"","description":"PowNed - Janneke vertelt een heftig persoonlijk verhaal. Een dagje mee met de negentienjarige Anne-Marije en Kim is weer van de partij met een vrachtwagen vol bloemen.","formattedEpisodeNumbering":"S1:A7","formattedDate":"Wo 17 feb. 2021","formattedDateShort":"Feb. 2021","formattedTime":"20:25","formattedDuration":"45m","formattedAvailabilityWindow":null,"formattedAvailabilityWindowShort":null,"image":{"portraitUrl":null,"landscapeUrl":"https:\/\/images.nlziet.nl\/metadataimportimages\/source\/BC9018B1F770A056780EEF0A92335866D197C2598CCE44AFA7C8483368C5D7D9.jpg"},"logo":{"normalUrl":"https:\/\/cdn.nlziet.nl\/static\/assets\/contentproviders\/npo.png","darkUrl":"https:\/\/cdn.nlziet.nl\/static\/assets\/contentproviders\/dark\/npo.png","flatUrl":"https:\/\/cdn.nlziet.nl\/static\/assets\/contentproviders\/flat\/npo.png"},"tags":[],"seriesId":"7Fh1UOkrWESC4n_qMWSQMQ"},{"id":"A3KCFbDkIE2C7iVj9R_gWw","type":"Vod","title":"Meiden Die Rijden","subtitle":"","description":"PowNed - Dianne is op weg naar Denemarken; Amy brengt een bezoekje aan het ziekenhuis; Louise heeft onderweg naar Frankrijk de grootse lol.","formattedEpisodeNumbering":"S1:A6","formattedDate":"Wo 10 feb. 2021","formattedDateShort":"Feb. 2021","formattedTime":"20:25","formattedDuration":"45m","formattedAvailabilityWindow":null,"formattedAvailabilityWindowShort":null,"image":{"portraitUrl":null,"landscapeUrl":"https:\/\/images.nlziet.nl\/metadataimportimages\/source\/7EA104354F921FA9937243AB1DD95ABB9F4CA0469AFAB3988C362F2281F93154.jpg"},"logo":{"normalUrl":"https:\/\/cdn.nlziet.nl\/static\/assets\/contentproviders\/npo.png","darkUrl":"https:\/\/cdn.nlziet.nl\/static\/assets\/contentproviders\/dark\/npo.png","flatUrl":"https:\/\/cdn.nlziet.nl\/static\/assets\/contentproviders\/flat\/npo.png"},"tags":[],"seriesId":"7Fh1UOkrWESC4n_qMWSQMQ"},{"id":"U88suqqiQU2qywRTzuA1_Q","type":"Vod","title":"Meiden Die Rijden","subtitle":"","description":"PowNed - Dorien uit Friesland is een strenge rijinstructrice. Amy zit thuis en heeft het zwaar. De Brabantse Louise is op weg naar Frankrijk.","formattedEpisodeNumbering":"S1:A5","formattedDate":"Wo 3 feb. 2021","formattedDateShort":"Feb. 2021","formattedTime":"20:25","formattedDuration":"45m","formattedAvailabilityWindow":null,"formattedAvailabilityWindowShort":null,"image":{"portraitUrl":null,"landscapeUrl":"https:\/\/images.nlziet.nl\/metadataimportimages\/source\/FFE92D81AA80BDCA4512DAAAA74F9FA90777C313337A8067D103942D575E7640.jpg"},"logo":{"normalUrl":"https:\/\/cdn.nlziet.nl\/static\/assets\/contentproviders\/npo.png","darkUrl":"https:\/\/cdn.nlziet.nl\/static\/assets\/contentproviders\/dark\/npo.png","flatUrl":"https:\/\/cdn.nlziet.nl\/static\/assets\/contentproviders\/flat\/npo.png"},"tags":[],"seriesId":"7Fh1UOkrWESC4n_qMWSQMQ"},{"id":"B5pZeLMkikqt3pbAMHadVA","type":"Vod","title":"Meiden Die Rijden","subtitle":"","description":"PowNed - Sylvana geeft een inkijkje in het wegwerktransport; Adine rijdt nu op speciaal transport en ook de avonturen van de truckende zusjes Charlotte en Anne-Marije worden gevolgd.","formattedEpisodeNumbering":"S1:A4","formattedDate":"Wo 27 jan. 2021","formattedDateShort":"Jan. 2021","formattedTime":"20:25","formattedDuration":"45m","formattedAvailabilityWindow":null,"formattedAvailabilityWindowShort":null,"image":{"portraitUrl":null,"landscapeUrl":"https:\/\/images.nlziet.nl\/metadataimportimages\/source\/C3211964CE854A5E694B6B376F33E4ACCC4C181F96CF7DDABF97DDFF600ADB5F.jpg"},"logo":{"normalUrl":"https:\/\/cdn.nlziet.nl\/static\/assets\/contentproviders\/npo.png","darkUrl":"https:\/\/cdn.nlziet.nl\/static\/assets\/contentproviders\/dark\/npo.png","flatUrl":"https:\/\/cdn.nlziet.nl\/static\/assets\/contentproviders\/flat\/npo.png"},"tags":[],"seriesId":"7Fh1UOkrWESC4n_qMWSQMQ"},{"id":"9c7b8nIDLkmSDGYsjKZzzA","type":"Vod","title":"Meiden Die Rijden","subtitle":"","description":"PowNed - De Overijsselse Diane rijdt in haar truck naar Denemarken en glamourgirl Kim vertelt over bloementransport.","formattedEpisodeNumbering":"S1:A3","formattedDate":"Wo 20 jan. 2021","formattedDateShort":"Jan. 2021","formattedTime":"20:25","formattedDuration":"45m","formattedAvailabilityWindow":null,"formattedAvailabilityWindowShort":null,"image":{"portraitUrl":null,"landscapeUrl":"https:\/\/images.nlziet.nl\/metadataimportimages\/source\/1265F9A1D06D48EF6350F5349590202FE68021E9CB57218FDAE6B7B43402971C.jpg"},"logo":{"normalUrl":"https:\/\/cdn.nlziet.nl\/static\/assets\/contentproviders\/npo.png","darkUrl":"https:\/\/cdn.nlziet.nl\/static\/assets\/contentproviders\/dark\/npo.png","flatUrl":"https:\/\/cdn.nlziet.nl\/static\/assets\/contentproviders\/flat\/npo.png"},"tags":[],"seriesId":"7Fh1UOkrWESC4n_qMWSQMQ"},{"id":"s5AcKgFXaEKfSIED4QJp3Q","type":"Vod","title":"Meiden Die Rijden","subtitle":"","description":"PowNed - De zeventienjarige Charlotte heeft haar eerste rijles. En een kennismaking met haar zus Anne-Marije van negentien die al chauffeuse is. Amy vertelt hoe ze haar mannetje staat in dit mannenberoep.","formattedEpisodeNumbering":"S1:A2","formattedDate":"Wo 13 jan. 2021","formattedDateShort":"Jan. 2021","formattedTime":"20:25","formattedDuration":"45m","formattedAvailabilityWindow":null,"formattedAvailabilityWindowShort":null,"image":{"portraitUrl":null,"landscapeUrl":"https:\/\/images.nlziet.nl\/metadataimportimages\/source\/EE6E52E0E6C690E871BF6F1536523002BB72B5E4CECBD7525D89A11C1B9DAB63.jpg"},"logo":{"normalUrl":"https:\/\/cdn.nlziet.nl\/static\/assets\/contentproviders\/npo.png","darkUrl":"https:\/\/cdn.nlziet.nl\/static\/assets\/contentproviders\/dark\/npo.png","flatUrl":"https:\/\/cdn.nlziet.nl\/static\/assets\/contentproviders\/flat\/npo.png"},"tags":[],"seriesId":"7Fh1UOkrWESC4n_qMWSQMQ"},{"id":"TYPVCPmSzEG57G2sN4ICFQ","type":"Vod","title":"Meiden Die Rijden","subtitle":"","description":"PowNed - Veertien vrouwen die hun meisjesdroom hebben waargemaakt en vrachtwagenchauffeur zijn geworden worden gevolgd. De meiden rijden op enorme trucks van zo'n vijfhonderd pk, doorkruisen heel Europa en slapen in hun cabines. De een combineert het werk met een leven als muzikant, de ander probeert naast een goede chauffeuse ook een goede moeder te zijn. Het zijn stuk voor stuk meiden met een passie voor de vrachtwagen, die zich staande houden in een wereld die door mannen wordt gedomineerd. De vrouwen worden met de camera gevolgd in de cabines van hun grote trucks en in hun priv\u00e9leven.","formattedEpisodeNumbering":"S1:A1","formattedDate":"Wo 6 jan. 2021","formattedDateShort":"Jan. 2021","formattedTime":"20:25","formattedDuration":"44m","formattedAvailabilityWindow":null,"formattedAvailabilityWindowShort":null,"image":{"portraitUrl":null,"landscapeUrl":"https:\/\/images.nlziet.nl\/metadataimportimages\/source\/A40BAEC1F0BAA42262791C905D6CF24AAA79B4F74FA669A8FF3B91BBA283D789.jpg"},"logo":{"normalUrl":"https:\/\/cdn.nlziet.nl\/static\/assets\/contentproviders\/npo.png","darkUrl":"https:\/\/cdn.nlziet.nl\/static\/assets\/contentproviders\/dark\/npo.png","flatUrl":"https:\/\/cdn.nlziet.nl\/static\/assets\/contentproviders\/flat\/npo.png"},"tags":[],"seriesId":"7Fh1UOkrWESC4n_qMWSQMQ"}]