[{"id":"PEuEocsYpk2fyEqId2YNTA","type":"Vod","title":"3 op Reis Midweek","subtitle":"Unexpected (5\/5)","description":"BNNVARA - Het zijn vaak de onverwachtse dingen die een reis onvergetelijk maken, en daarom staat deze hele week in het teken van dat onverwachtse. Waldemar is in een land dat totaal anders is dan je in eerste instantie zou denken: hij laat zich verrassen in Ethiopi\u00eb. Hij sluit de week af op het Timkat Festival, \u00e9\u00e9n van de belangrijkste feesten van Ethiopi\u00eb. We blikken terug op Maurice die in Shanghai ineens een plek tegenkomt die heel vertrouwd aanvoelt. En op Dennis die in Beiroet een onverwachtse nacht tegemoet gaat.","formattedEpisodeNumbering":null,"formattedDate":"Ma 12 mrt. 2018","formattedDateShort":"Mrt. 2018","formattedTime":"19:55","formattedDuration":"24m","formattedAvailabilityWindow":null,"formattedAvailabilityWindowShort":null,"image":{"portraitUrl":null,"landscapeUrl":"https:\/\/images.nlziet.nl\/metadataimportimages\/source\/CD8C7C10C26AC9B12A52F4836FF9F6FDBBBF355F2A52D627C29879DC3B15FCC2.jpg"},"logo":{"normalUrl":"https:\/\/cdn.nlziet.nl\/static\/assets\/contentproviders\/npo.png","darkUrl":"https:\/\/cdn.nlziet.nl\/static\/assets\/contentproviders\/dark\/npo.png","flatUrl":"https:\/\/cdn.nlziet.nl\/static\/assets\/contentproviders\/flat\/npo.png"},"tags":[],"seriesId":"8Ay4MVxEUUqpVng-CO_Dew"},{"id":"ywrhIJ4QgUOVZjE6ro48fQ","type":"Vod","title":"3 op Reis Midweek","subtitle":"Unexpected (4\/5)","description":"BNNVARA - Het zijn vaak de onverwachtse dingen die een reis onvergetelijk maken, en daarom staat deze hele week in het teken van dat onverwachtse. Waldemar is in een land dat totaal anders is dan je in eerste instantie zou denken: hij laat zich verrassen in Ethiopi\u00eb. Vandaag komt hij aan in de stad Gondar, het 'Camelot van Afrika', met zelfs nog een middeleeuws kasteel dat zo van Koning Arthur en zijn ridders van de ronde tafel had kunnen zijn. We blikken terug op Maurice die aan het roadtrippen is door Oeganda. Onderweg stopt hij bij iets wat op een feestje lijkt, maar onverwachts wordt hij zelf het middelpunt van de belangstelling. En op Floortje die op het ijskoude Spitsbergen in the middle of nowhere ineens een echt Thais restaurant tegenkomt.","formattedEpisodeNumbering":null,"formattedDate":"Do 8 mrt. 2018","formattedDateShort":"Mrt. 2018","formattedTime":"19:55","formattedDuration":"24m","formattedAvailabilityWindow":null,"formattedAvailabilityWindowShort":null,"image":{"portraitUrl":null,"landscapeUrl":"https:\/\/images.nlziet.nl\/metadataimportimages\/source\/F4702FDD971D7AAC520C0D4878FF97016D0EB4F8F749D6BDEB2ECB86A66AF459.jpg"},"logo":{"normalUrl":"https:\/\/cdn.nlziet.nl\/static\/assets\/contentproviders\/npo.png","darkUrl":"https:\/\/cdn.nlziet.nl\/static\/assets\/contentproviders\/dark\/npo.png","flatUrl":"https:\/\/cdn.nlziet.nl\/static\/assets\/contentproviders\/flat\/npo.png"},"tags":[],"seriesId":"8Ay4MVxEUUqpVng-CO_Dew"},{"id":"ZgBhoaxkV0SFcYc9M-h7rQ","type":"Vod","title":"3 op Reis Midweek","subtitle":"Unexpected (3\/5)","description":"BNNVARA - Het zijn vaak de onverwachtse dingen die een reis onvergetelijk maken, en daarom staat deze hele week in het teken van dat onverwachtse. Waldemar is in een land dat totaal anders is dan je in eerste instantie zou denken: hij laat zich verrassen in Ethiopi\u00eb. Vandaag trekt hij door \u00e9\u00e9n van de mooiste natuurgebieden van dit land: de Simien Mountains, waar hij oog in oog komt te staan met een grote groep mantelbavianen. Ook Amerika kan verrassend uit de hoek komen: we blikken terug op Floortje die zich ver weg van huis ineens weer even thuisvoelt in de staat Michigan, waar dorpjes liggen met de namen Zeeland en Holland. En op Dennis die door de Alpen van Liechtenstein wandelt met Zuid-Amerikaanse viervoeters.","formattedEpisodeNumbering":null,"formattedDate":"Wo 7 mrt. 2018","formattedDateShort":"Mrt. 2018","formattedTime":"19:55","formattedDuration":"24m","formattedAvailabilityWindow":null,"formattedAvailabilityWindowShort":null,"image":{"portraitUrl":null,"landscapeUrl":"https:\/\/images.nlziet.nl\/metadataimportimages\/source\/415F92D7B90E9EA4D77A938ADD051A00F11DE453559E1A130B8E9EADA594FA5E.jpg"},"logo":{"normalUrl":"https:\/\/cdn.nlziet.nl\/static\/assets\/contentproviders\/npo.png","darkUrl":"https:\/\/cdn.nlziet.nl\/static\/assets\/contentproviders\/dark\/npo.png","flatUrl":"https:\/\/cdn.nlziet.nl\/static\/assets\/contentproviders\/flat\/npo.png"},"tags":[],"seriesId":"8Ay4MVxEUUqpVng-CO_Dew"},{"id":"U9P5eOvXAEy-XSjgbvrXVQ","type":"Vod","title":"3 op Reis Midweek","subtitle":"Unexpected (2\/5)","description":"BNNVARA - Het zijn vaak de onverwachtse dingen die een reis onvergetelijk maken, en daarom staat deze hele week in het teken van dat onverwachtse. Waldemar is in een land dat totaal anders is dan je in eerste instantie zou denken: hij laat zich verrassen in Ethiopi\u00eb. Vandaag vliegt Waldemar naar het noorden. De mooiste manier van reizen blijft voor hem toch per motor, en in het noorden kun je prachtige tochten maken. Hij rijdt naar de Simien Mountains, waar hij gaat wildkamperen. We blikken terug op Geraldine die midden in de Cariben, in Belize, belandt in een dorp vol aanhangers van een Friese priester: de Mennonieten. En op Chris die in Armeni\u00eb gaat liften: meer onverwachts dan dat qua ontmoetingen krijg je het niet!","formattedEpisodeNumbering":null,"formattedDate":"Di 6 mrt. 2018","formattedDateShort":"Mrt. 2018","formattedTime":"19:55","formattedDuration":"25m","formattedAvailabilityWindow":null,"formattedAvailabilityWindowShort":null,"image":{"portraitUrl":null,"landscapeUrl":"https:\/\/images.nlziet.nl\/metadataimportimages\/source\/7C2E0C2E3140B6F3E397B5A759EBD104F9A06A2D9AC7F28412BEE223019BF079.jpg"},"logo":{"normalUrl":"https:\/\/cdn.nlziet.nl\/static\/assets\/contentproviders\/npo.png","darkUrl":"https:\/\/cdn.nlziet.nl\/static\/assets\/contentproviders\/dark\/npo.png","flatUrl":"https:\/\/cdn.nlziet.nl\/static\/assets\/contentproviders\/flat\/npo.png"},"tags":[],"seriesId":"8Ay4MVxEUUqpVng-CO_Dew"},{"id":"FX9yCWEP8UytA0uctBOhsw","type":"Vod","title":"3 op Reis Midweek","subtitle":"Unexpected (1\/5)","description":"BNNVARA - Het zijn vaak de onverwachtse dingen die een reis onvergetelijk maken, en daarom staat deze hele week in het teken van dat onverwachtse. Waldemar is in een land dat totaal anders is dan je in eerste instantie zou denken: hij laat zich verrassen in Ethiopi\u00eb. Hij begint zijn reis in de hoofdstad Addis Abeba, waar journalist en activiste Hadra hem haar Addis laat zien. We blikken terug op Floortje die in misschien wel het moeilijkste land is qua onverwachtse ontmoetingen: Noord-Korea. Maar Floortje heeft geluk: in een park heeft zij een aantal bijzondere, spontane, ontmoetingen. En we blikken terug op Geraldine die in Oostenrijk aan het snowboarden is... in hartje zomer!","formattedEpisodeNumbering":null,"formattedDate":"Ma 5 mrt. 2018","formattedDateShort":"Mrt. 2018","formattedTime":"19:55","formattedDuration":"25m","formattedAvailabilityWindow":null,"formattedAvailabilityWindowShort":null,"image":{"portraitUrl":null,"landscapeUrl":"https:\/\/images.nlziet.nl\/metadataimportimages\/source\/348B6CB1C7711AA220D8D7AC3CE88FF7D7CB3BD0C542F7BDC1F779D6C0874F94.jpg"},"logo":{"normalUrl":"https:\/\/cdn.nlziet.nl\/static\/assets\/contentproviders\/npo.png","darkUrl":"https:\/\/cdn.nlziet.nl\/static\/assets\/contentproviders\/dark\/npo.png","flatUrl":"https:\/\/cdn.nlziet.nl\/static\/assets\/contentproviders\/flat\/npo.png"},"tags":[],"seriesId":"8Ay4MVxEUUqpVng-CO_Dew"},{"id":"nHMorZAlb06G5wJwxOh7ag","type":"Vod","title":"3 op Reis Midweek","subtitle":"Bucketlist (4\/4)","description":"BNNVARA - De lente staat alweer voor de deur: tijd om na te denken waar je dit jaar naar toe wil reizen. Om je op weg te helpen brengen we je deze hele week de Bucketlist voor 2018. Ryanne is in een land dat daar in ieder geval niet op mag ontbreken: Nicaragua! Ze sluit de week af op de Corn Islands, twee tropische eilandjes in de Cariben. We blikken terug op Patrick die ook in een land is waar reizen is weggelegd voor pioniers: Myanmar. En op Nienke die in Groenland een gletsjer bezoekt die in een razend tempo aan het smelten is. Niet te lang mee wachten met naartoe gaan dus...","formattedEpisodeNumbering":null,"formattedDate":"Do 1 mrt. 2018","formattedDateShort":"Mrt. 2018","formattedTime":"19:55","formattedDuration":"24m","formattedAvailabilityWindow":null,"formattedAvailabilityWindowShort":null,"image":{"portraitUrl":null,"landscapeUrl":"https:\/\/images.nlziet.nl\/metadataimportimages\/source\/165A13189AE466EA1917C9FD3D70EEF4BD9335959499958CB3637DC7D8F7EBDE.jpg"},"logo":{"normalUrl":"https:\/\/cdn.nlziet.nl\/static\/assets\/contentproviders\/npo.png","darkUrl":"https:\/\/cdn.nlziet.nl\/static\/assets\/contentproviders\/dark\/npo.png","flatUrl":"https:\/\/cdn.nlziet.nl\/static\/assets\/contentproviders\/flat\/npo.png"},"tags":[],"seriesId":"8Ay4MVxEUUqpVng-CO_Dew"},{"id":"LRPtojAQOE6731LmAcP1sw","type":"Vod","title":"3 op Reis Midweek","subtitle":"Bucketlist (3\/4)","description":"BNNVARA - De lente staat alweer voor de deur: tijd om na te denken waar je dit jaar naar toe wil reizen. Om je op weg te helpen brengen we je deze hele week de Bucketlist voor 2018. Ryanne is in een land dat daar in ieder geval niet op mag ontbreken: Nicaragua! Ze komt aan in de Cariben, waar ze de Miskito-indianen bezoekt, die afstammelingen zijn van een mix tussen gevluchte slaven en lokale indianen. We blikken terug op Patrick die in een ander land is dat ook nog steeds onontdekt, oprecht en echt is: Rwanda! En op Chris die 'the middle of nowhere' dicht bij huis vindt: in de bush van Ierland.","formattedEpisodeNumbering":null,"formattedDate":"Wo 28 feb. 2018","formattedDateShort":"Feb. 2018","formattedTime":"19:55","formattedDuration":"24m","formattedAvailabilityWindow":null,"formattedAvailabilityWindowShort":null,"image":{"portraitUrl":null,"landscapeUrl":"https:\/\/images.nlziet.nl\/metadataimportimages\/source\/672D7673D5974CB50AD25EBED194A0E6D382794CDF27EFDB7C34875A918A4254.jpg"},"logo":{"normalUrl":"https:\/\/cdn.nlziet.nl\/static\/assets\/contentproviders\/npo.png","darkUrl":"https:\/\/cdn.nlziet.nl\/static\/assets\/contentproviders\/dark\/npo.png","flatUrl":"https:\/\/cdn.nlziet.nl\/static\/assets\/contentproviders\/flat\/npo.png"},"tags":[],"seriesId":"8Ay4MVxEUUqpVng-CO_Dew"},{"id":"dN5NbAN8ckeoHG4DTBjAUA","type":"Vod","title":"3 op Reis Midweek","subtitle":"Bucketlist (2\/4)","description":"BNNVARA - De lente staat alweer voor de deur: tijd om na te denken waar je dit jaar naar toe wil reizen. Om je op weg te helpen brengen we je deze hele week de Bucketlist voor 2018. Ryanne is in een land dat daar in ieder geval niet op mag ontbreken: Nicaragua! Ze bezoekt folklore-hoofdstad Masaya en beklimt een actieve vulkaan. We blikken terug op Floortje die op de Malediven is, een eilandengroep die helaas dreigt te verdwijnen. Ook met een reisje naar Veneti\u00eb moet je niet te lang wachten: deze Italiaanse stad is al jaren aan het zinken. Geraldine is er tijdens het carnaval.","formattedEpisodeNumbering":null,"formattedDate":"Di 27 feb. 2018","formattedDateShort":"Feb. 2018","formattedTime":"19:50","formattedDuration":"25m","formattedAvailabilityWindow":null,"formattedAvailabilityWindowShort":null,"image":{"portraitUrl":null,"landscapeUrl":"https:\/\/images.nlziet.nl\/metadataimportimages\/source\/BFD96EDCAD66DBA6E75456B3ECD126EABD9FB873BF5A1450CCAEAEA75CC50EB6.jpg"},"logo":{"normalUrl":"https:\/\/cdn.nlziet.nl\/static\/assets\/contentproviders\/npo.png","darkUrl":"https:\/\/cdn.nlziet.nl\/static\/assets\/contentproviders\/dark\/npo.png","flatUrl":"https:\/\/cdn.nlziet.nl\/static\/assets\/contentproviders\/flat\/npo.png"},"tags":[],"seriesId":"8Ay4MVxEUUqpVng-CO_Dew"},{"id":"RfWGOUn5nEWonTp9Bdd33w","type":"Vod","title":"3 op Reis Midweek","subtitle":"Bucketlist (1\/4)","description":"BNNVARA - De lente staat alweer voor de deur: tijd om na te denken waar je dit jaar naar toe wil reizen. Om je op weg te helpen brengen we je deze hele week de Bucketlist voor 2018. Ryanne is in een land dat daar in ieder geval niet op mag ontbreken: Nicaragua! Dit is het land van de vulkanen, en dus begint Ryanne haar reis toepasselijk met een jungle hike naar de top van een slapende vulkaan. We blikken terug op Dennis die in Chili van een actieve vulkaan snowboardt, en op Katja die in Costa Rica misschien wel de duurzaamste lodge ter wereld bezoekt, want duurzaam reizen is ook dit jaar weer een must.","formattedEpisodeNumbering":null,"formattedDate":"Ma 26 feb. 2018","formattedDateShort":"Feb. 2018","formattedTime":"19:55","formattedDuration":"25m","formattedAvailabilityWindow":null,"formattedAvailabilityWindowShort":null,"image":{"portraitUrl":null,"landscapeUrl":"https:\/\/images.nlziet.nl\/metadataimportimages\/source\/2A8C515BB05140A6C359B4A69E715EF1DAF8AA9CAD2B02CCA9366521D8873247.jpg"},"logo":{"normalUrl":"https:\/\/cdn.nlziet.nl\/static\/assets\/contentproviders\/npo.png","darkUrl":"https:\/\/cdn.nlziet.nl\/static\/assets\/contentproviders\/dark\/npo.png","flatUrl":"https:\/\/cdn.nlziet.nl\/static\/assets\/contentproviders\/flat\/npo.png"},"tags":[],"seriesId":"8Ay4MVxEUUqpVng-CO_Dew"},{"id":"bofixi_CNU-oVHkDp8rw4A","type":"Vod","title":"3 op Reis Midweek","subtitle":"Ruig (5\/5)","description":"BNNVARA - Deze hele week draait alles om ruig! Ruige reizen, ruige bestemmingen: voor wat actie en avontuur is het goed altijd iets ruigs aan je reis toe te voegen. Gwen is daarom in Noord-Ierland, land van ruige landschappen en stoere mensen. Ze sluit haar reis af met het ruigste vervoersmiddel dat ze tot nu toe ooit heeft bestuurd: een hoovercraft. We blikken terug op Floortje die op expeditie gaat over de ruige zee rondom Spitsbergen, en op Chris die de sterkste mannen ter wereld in actie ziet tijdens de Schotse Highland Games.","formattedEpisodeNumbering":null,"formattedDate":"Vr 23 feb. 2018","formattedDateShort":"Feb. 2018","formattedTime":"19:55","formattedDuration":"24m","formattedAvailabilityWindow":null,"formattedAvailabilityWindowShort":null,"image":{"portraitUrl":null,"landscapeUrl":"https:\/\/images.nlziet.nl\/metadataimportimages\/source\/6E529E16FD34FD1A7275CF21D2BDBCEBE13F66210E86A2E7EF87A3D8AAABC5A8.jpg"},"logo":{"normalUrl":"https:\/\/cdn.nlziet.nl\/static\/assets\/contentproviders\/npo.png","darkUrl":"https:\/\/cdn.nlziet.nl\/static\/assets\/contentproviders\/dark\/npo.png","flatUrl":"https:\/\/cdn.nlziet.nl\/static\/assets\/contentproviders\/flat\/npo.png"},"tags":[],"seriesId":"8Ay4MVxEUUqpVng-CO_Dew"},{"id":"P8QsCM_zHUCmiw4PevbMnw","type":"Vod","title":"3 op Reis Midweek","subtitle":"Ruig (4\/5)","description":"BNNVARA - Deze hele week draait alles om ruig! Ruige reizen, ruige bestemmingen: voor wat actie en avontuur is het goed altijd iets ruigs aan je reis toe te voegen. Gwen is daarom in Noord-Ierland, dat een ruig verleden kent. Gwen duikt in dit verleden en bezoekt de stad Derry, een plek die zwaar getroffen is tijdens The Troubles. We blikken terug op Patrick die ook in een land is met een ruig verleden: Rwanda. En op Chris die een ruige plek in Canada bezoekt: Dawson, een stad die bekend is geworden door de goudkoorts die hier op gang kwam. Maar naast goud blijkt er ook ivoor in de grond te zitten...","formattedEpisodeNumbering":null,"formattedDate":"Do 22 feb. 2018","formattedDateShort":"Feb. 2018","formattedTime":"19:55","formattedDuration":"24m","formattedAvailabilityWindow":null,"formattedAvailabilityWindowShort":null,"image":{"portraitUrl":null,"landscapeUrl":"https:\/\/images.nlziet.nl\/metadataimportimages\/source\/A888ED5DC99753CAD262898081AFDD0D4B4DC715EE3646D11B3E29BE959EBA86.jpg"},"logo":{"normalUrl":"https:\/\/cdn.nlziet.nl\/static\/assets\/contentproviders\/npo.png","darkUrl":"https:\/\/cdn.nlziet.nl\/static\/assets\/contentproviders\/dark\/npo.png","flatUrl":"https:\/\/cdn.nlziet.nl\/static\/assets\/contentproviders\/flat\/npo.png"},"tags":[],"seriesId":"8Ay4MVxEUUqpVng-CO_Dew"},{"id":"DGL_srp3A0Kr-k0tP_osVQ","type":"Vod","title":"3 op Reis Midweek","subtitle":"Ruig (3\/5)","description":"BNNVARA - Deze hele week draait alles om ruig! Ruige reizen, ruige bestemmingen: voor wat actie en avontuur is het goed altijd iets ruigs aan je reis toe te voegen. Gwen is daarom in Noord-Ierland, wiens ruige landschappen ook bekend zijn bij filmmakers. Gwen herbeleeft haar favoriete serie op plaatsen waar Game of Thrones is opgenomen. We blikken terug op Dennis die in Chili een andere filmische locatie bezoekt: een spookachtig verlaten mijnstadje. En op Geraldine die in de Colombiaanse stad Medell\u00edn is. Dit was lange tijd de gevaarlijkste stad ter wereld, maar tijden zijn hier gelukkig veranderd.","formattedEpisodeNumbering":null,"formattedDate":"Wo 21 feb. 2018","formattedDateShort":"Feb. 2018","formattedTime":"19:55","formattedDuration":"24m","formattedAvailabilityWindow":null,"formattedAvailabilityWindowShort":null,"image":{"portraitUrl":null,"landscapeUrl":"https:\/\/images.nlziet.nl\/metadataimportimages\/source\/01C90B1787A4E1EB3D52E3D8B0C4A9AB258A8F82BF96A18559C46EAD393AFEA1.jpg"},"logo":{"normalUrl":"https:\/\/cdn.nlziet.nl\/static\/assets\/contentproviders\/npo.png","darkUrl":"https:\/\/cdn.nlziet.nl\/static\/assets\/contentproviders\/dark\/npo.png","flatUrl":"https:\/\/cdn.nlziet.nl\/static\/assets\/contentproviders\/flat\/npo.png"},"tags":[],"seriesId":"8Ay4MVxEUUqpVng-CO_Dew"},{"id":"2fCu4kpRnkOpQVEJP71Low","type":"Vod","title":"3 op Reis Midweek","subtitle":"Ruig (2\/5)","description":"BNNVARA - Deze hele week draait alles om ruig! Ruige reizen, ruige bestemmingen: voor wat actie en avontuur is het goed altijd iets ruigs aan je reis toe te voegen. Gwen is daarom in Noord-Ierland, dat \u00e9\u00e9n van de grilligste kusten van Europa heeft. Dat ruige landschap gaat Gwen ontdekken: ze bezoekt het allermooiste plekje langs de kust: de Giant's Causeway, en gaat coasteeren: een spectaculaire sport waarbij je de kustlijn vanuit de zee kunt bewonderen. We blikken terug op Geraldine die in Guatemala een pittige klim voor de boeg heeft: die van een 3000 meter hoge vulkaan. En op Dennis, die autopech krijgt in de Australische outback.","formattedEpisodeNumbering":null,"formattedDate":"Di 20 feb. 2018","formattedDateShort":"Feb. 2018","formattedTime":"19:55","formattedDuration":"24m","formattedAvailabilityWindow":null,"formattedAvailabilityWindowShort":null,"image":{"portraitUrl":null,"landscapeUrl":"https:\/\/images.nlziet.nl\/metadataimportimages\/source\/659D0FEDC25B10D72CF2B5E09E5C1116D9388CD4D3E74148A7AAC5CFF0EFAB94.jpg"},"logo":{"normalUrl":"https:\/\/cdn.nlziet.nl\/static\/assets\/contentproviders\/npo.png","darkUrl":"https:\/\/cdn.nlziet.nl\/static\/assets\/contentproviders\/dark\/npo.png","flatUrl":"https:\/\/cdn.nlziet.nl\/static\/assets\/contentproviders\/flat\/npo.png"},"tags":[],"seriesId":"8Ay4MVxEUUqpVng-CO_Dew"},{"id":"hwsnsTaNR0mvENaKj6ZT7A","type":"Vod","title":"3 op Reis Midweek","subtitle":"Ruig (1\/5)","description":"BNNVARA - Deze hele week draait alles om ruig! Ruige reizen, ruige bestemmingen: voor wat actie en avontuur is het goed altijd iets ruigs aan je reis toe te voegen. Gwen is daarom in Noord-Ierland, waar haar reis niet ruiger had kunnen beginnen: orkaan Ophelia trekt namelijk dwars over het eiland! Dit is ook het land van stoere mensen. Gwen gaat langs bij \u00e9\u00e9n van hen: een rasechte valkenier. We blikken terug op Floortje die in Alaska Dutch Harbour bezoekt, bekend als de haven van de televisieserie The Deadliest Catch, over de ruigste vissers ter wereld. En op Daphne die eerst de spits in de Colombiaanse stad Bogota moet zien te trotseren, om daarna vrijwillig te worden beschoten...","formattedEpisodeNumbering":null,"formattedDate":"Ma 19 feb. 2018","formattedDateShort":"Feb. 2018","formattedTime":"19:55","formattedDuration":"24m","formattedAvailabilityWindow":null,"formattedAvailabilityWindowShort":null,"image":{"portraitUrl":null,"landscapeUrl":"https:\/\/images.nlziet.nl\/metadataimportimages\/source\/050E52A1C0C960B0B54863D8695748E40876D90F4E8B70B881572BA55E61E116.jpg"},"logo":{"normalUrl":"https:\/\/cdn.nlziet.nl\/static\/assets\/contentproviders\/npo.png","darkUrl":"https:\/\/cdn.nlziet.nl\/static\/assets\/contentproviders\/dark\/npo.png","flatUrl":"https:\/\/cdn.nlziet.nl\/static\/assets\/contentproviders\/flat\/npo.png"},"tags":[],"seriesId":"8Ay4MVxEUUqpVng-CO_Dew"},{"id":"qtiKrYgUeUGTTj9g8lhEbg","type":"Vod","title":"3 op Reis Midweek","subtitle":"Natuurwonderen (5\/5)","description":"BNNVARA - Deze hele week staat in het teken van natuurwonderen en daarom is Nienke in de Cariben, op het Mexicaanse schiereiland Yucat\u00e1n. Ze sluit de week af op \u00e9\u00e9n van de nieuwe zeven wereldwonderen: de spectaculaire Maya-stad Chich\u00e9n Itz\u00e1. We blikken terug op Maurice die een ander wereldwonder bezoekt: de Chinese Muur. En ook Nicolette reist naar \u00e9\u00e9n van de nieuwe wereldwonderen: de stad Petra in Jordani\u00eb, die compleet uit roze rotsen is gehakt.","formattedEpisodeNumbering":null,"formattedDate":"Vr 16 feb. 2018","formattedDateShort":"Feb. 2018","formattedTime":"19:55","formattedDuration":"22m","formattedAvailabilityWindow":null,"formattedAvailabilityWindowShort":null,"image":{"portraitUrl":null,"landscapeUrl":"https:\/\/images.nlziet.nl\/metadataimportimages\/source\/BEE89E6C0F4409BC493F454D68BF74A52679232AA37A858DF26735AD3978FF30.jpg"},"logo":{"normalUrl":"https:\/\/cdn.nlziet.nl\/static\/assets\/contentproviders\/npo.png","darkUrl":"https:\/\/cdn.nlziet.nl\/static\/assets\/contentproviders\/dark\/npo.png","flatUrl":"https:\/\/cdn.nlziet.nl\/static\/assets\/contentproviders\/flat\/npo.png"},"tags":[],"seriesId":"8Ay4MVxEUUqpVng-CO_Dew"},{"id":"dymnNc1qTEaT7IAb61A3yw","type":"Vod","title":"3 op Reis Midweek","subtitle":"Natuurwonderen (4\/5)","description":"BNNVARA - Deze hele week staat in het teken van natuurwonderen en daarom is Nienke in de Cariben, op het Mexicaanse schiereiland Yucat\u00e1n. Ze bezoekt de zoutmeren van Las Coloradas, die een aparte kleur hebben: felroze! We blikken terug op Geraldine die een natuurwonder dicht bij huis bezoekt: de Plitvice meren in Kroati\u00eb. En op Evi die de Canadese Rocky Mountains trotseert.","formattedEpisodeNumbering":null,"formattedDate":"Do 15 feb. 2018","formattedDateShort":"Feb. 2018","formattedTime":"19:55","formattedDuration":"24m","formattedAvailabilityWindow":null,"formattedAvailabilityWindowShort":null,"image":{"portraitUrl":null,"landscapeUrl":"https:\/\/images.nlziet.nl\/metadataimportimages\/source\/ECCD77013F772F87919BB77D2F59BDAA637C4E6A701ACAF633BEE122CF3C00EC.jpg"},"logo":{"normalUrl":"https:\/\/cdn.nlziet.nl\/static\/assets\/contentproviders\/npo.png","darkUrl":"https:\/\/cdn.nlziet.nl\/static\/assets\/contentproviders\/dark\/npo.png","flatUrl":"https:\/\/cdn.nlziet.nl\/static\/assets\/contentproviders\/flat\/npo.png"},"tags":[],"seriesId":"8Ay4MVxEUUqpVng-CO_Dew"},{"id":"IhY-EnRTAkCBnyBexWkuOw","type":"Vod","title":"3 op Reis Midweek","subtitle":"Natuurwonderen (3\/5)","description":"BNNVARA - Deze hele week staat in het teken van natuurwonderen en daarom is Nienke in de Cariben, op het Mexicaanse schiereiland Yucatan. Deze regio is beroemd om haar ondergrondse rivieren en zogenaamde cenotes, die door de Maya's als poorten naar het hiernamaals werden beschouwd. Nienke daalt af naar deze onderwereld. We blikken terug op Chris die in Namibi\u00eb in een surrealistisch landschap terechtkomt: de Dodevlei. En op Dennis die in de Oekra\u00efne een romantisch natuurtafereeltje vindt: de Tunnel of Love.","formattedEpisodeNumbering":null,"formattedDate":"Wo 14 feb. 2018","formattedDateShort":"Feb. 2018","formattedTime":"19:55","formattedDuration":"25m","formattedAvailabilityWindow":null,"formattedAvailabilityWindowShort":null,"image":{"portraitUrl":null,"landscapeUrl":"https:\/\/images.nlziet.nl\/metadataimportimages\/source\/9AECD1DD200C0993F4FE5861F3388249387A3B7B94320DECF77A436C18D0B632.jpg"},"logo":{"normalUrl":"https:\/\/cdn.nlziet.nl\/static\/assets\/contentproviders\/npo.png","darkUrl":"https:\/\/cdn.nlziet.nl\/static\/assets\/contentproviders\/dark\/npo.png","flatUrl":"https:\/\/cdn.nlziet.nl\/static\/assets\/contentproviders\/flat\/npo.png"},"tags":[],"seriesId":"8Ay4MVxEUUqpVng-CO_Dew"},{"id":"hjCnfY21K02FMcG7Q-JriA","type":"Vod","title":"3 op Reis Midweek","subtitle":"Natuurwonderen (2\/5)","description":"BNNVARA - Deze hele week staat in het teken van natuurwonderen en daarom is Nienke in de Cariben, op het Mexicaanse schiereiland Yucatan. Het fijne zand van deze stranden is een geliefde plek voor zeeschildpadden om hun eieren te leggen. Helaas worden die nog steeds opgegeten door zowel mensen als dieren. Nienke bezoekt een opvang waar de schildpadeieren worden beschermd. En ze duikt de Caribische zee in, om met deze indrukwekkende dieren te zwemmen. We blikken terug op Floortje die in misschien wel het beroemdste natuurpark ter wereld is: Yellowstone Park in de Verenigde Staten. En op Chris die op een overweldigend natuurfenomeen is: de oogverblindende zoutvlaktes van Bolivia.","formattedEpisodeNumbering":null,"formattedDate":"Di 13 feb. 2018","formattedDateShort":"Feb. 2018","formattedTime":"19:55","formattedDuration":"25m","formattedAvailabilityWindow":null,"formattedAvailabilityWindowShort":null,"image":{"portraitUrl":null,"landscapeUrl":"https:\/\/images.nlziet.nl\/metadataimportimages\/source\/7DCBBF65C1B751A494FB64190CF66DA62F30DE65DC8F42F00CC6BFD48535114B.jpg"},"logo":{"normalUrl":"https:\/\/cdn.nlziet.nl\/static\/assets\/contentproviders\/npo.png","darkUrl":"https:\/\/cdn.nlziet.nl\/static\/assets\/contentproviders\/dark\/npo.png","flatUrl":"https:\/\/cdn.nlziet.nl\/static\/assets\/contentproviders\/flat\/npo.png"},"tags":[],"seriesId":"8Ay4MVxEUUqpVng-CO_Dew"},{"id":"rz0B_u1Pykmu0t-q66v5qQ","type":"Vod","title":"3 op Reis Midweek","subtitle":"Natuurwonderen (1\/5)","description":"BNNVARA - Deze hele week staat in het teken van natuurwonderen en daarom is Nienke in de Cariben, op het Mexicaanse schiereiland Yucatan. Hier ligt voor de kust het op \u00e9\u00e9n na grootste koraalrif ter wereld, dat helaas wordt bedreigd. Eco-architect Richart probeert het rif schoon te houden door plastic flessen uit de oceaan te vissen en er eilanden van te bouwen. Nienke bezoekt hem op deze bijzondere plek, en gaat daarna duiken in een onderwatermuseum. We blikken terug op Evi die in h\u00e9t land vol natuurwonderen is: IJsland. En op Dennis die een wel heel bijzonder fenomeen in India bezoekt: de levende bruggen van Meghalaya.","formattedEpisodeNumbering":null,"formattedDate":"Ma 12 feb. 2018","formattedDateShort":"Feb. 2018","formattedTime":"19:55","formattedDuration":"25m","formattedAvailabilityWindow":null,"formattedAvailabilityWindowShort":null,"image":{"portraitUrl":null,"landscapeUrl":"https:\/\/images.nlziet.nl\/metadataimportimages\/source\/6512E1043A7F2FD99AE33051E13D0EA79482386D23EED4A74BA8DA92559130A7.jpg"},"logo":{"normalUrl":"https:\/\/cdn.nlziet.nl\/static\/assets\/contentproviders\/npo.png","darkUrl":"https:\/\/cdn.nlziet.nl\/static\/assets\/contentproviders\/dark\/npo.png","flatUrl":"https:\/\/cdn.nlziet.nl\/static\/assets\/contentproviders\/flat\/npo.png"},"tags":[],"seriesId":"8Ay4MVxEUUqpVng-CO_Dew"},{"id":"I14PqizQf0yxXeYxlzAr-Q","type":"Vod","title":"3 op Reis Midweek","subtitle":"Treinreizen (5\/5)","description":"BNNVARA - Jurre is in Sri Lanka, waar hij \u00e9\u00e9n van de mooiste treinritten ter wereld maakt. Hij sluit de week af in het plaatsje Ella, waar je langs het spoor een prachtige wandeling kunt maken. We blikken terug op Chris die in een nogal aparte trein terecht komt in Kazachstan, en op Floortje die met de trein door China reist.","formattedEpisodeNumbering":null,"formattedDate":"Vr 9 feb. 2018","formattedDateShort":"Feb. 2018","formattedTime":"19:50","formattedDuration":"24m","formattedAvailabilityWindow":null,"formattedAvailabilityWindowShort":null,"image":{"portraitUrl":null,"landscapeUrl":"https:\/\/images.nlziet.nl\/metadataimportimages\/source\/BFEBBBCDB5A540B12538D4B8C2E715A6C2017B023F26E014A5A609A27E28CEAA.jpg"},"logo":{"normalUrl":"https:\/\/cdn.nlziet.nl\/static\/assets\/contentproviders\/npo.png","darkUrl":"https:\/\/cdn.nlziet.nl\/static\/assets\/contentproviders\/dark\/npo.png","flatUrl":"https:\/\/cdn.nlziet.nl\/static\/assets\/contentproviders\/flat\/npo.png"},"tags":[],"seriesId":"8Ay4MVxEUUqpVng-CO_Dew"},{"id":"wgs0aaBQqU2vNvG7PLRRxA","type":"Vod","title":"3 op Reis Midweek","subtitle":"Treinreizen (4\/5)","description":"BNNVARA - Jurre reist met de trein dwars door het binnenland van Sri Lanka, van Kandy naar Nanu Oya, beroemd als \u00e9\u00e9n van de mooiste treinreizen ter wereld. Vandaag maakt Jurre een tussenstop in Nuwara Elijah, waar hij het spoor inruilt om mee te helpen op een theeplantage. We blikken terug op Chris die in Mexico met de trein dwars door de Copper Canyon reist, en op Floortje die in New York op Grand Central Station de trein pakt en een heel andere kant van deze staat ontdekt.","formattedEpisodeNumbering":null,"formattedDate":"Do 8 feb. 2018","formattedDateShort":"Feb. 2018","formattedTime":"19:50","formattedDuration":"24m","formattedAvailabilityWindow":null,"formattedAvailabilityWindowShort":null,"image":{"portraitUrl":null,"landscapeUrl":"https:\/\/images.nlziet.nl\/metadataimportimages\/source\/A2D13D1A877ED3CCAF9C06FA003E31E77FB1C1F97720203B245D1CE3482A5439.jpg"},"logo":{"normalUrl":"https:\/\/cdn.nlziet.nl\/static\/assets\/contentproviders\/npo.png","darkUrl":"https:\/\/cdn.nlziet.nl\/static\/assets\/contentproviders\/dark\/npo.png","flatUrl":"https:\/\/cdn.nlziet.nl\/static\/assets\/contentproviders\/flat\/npo.png"},"tags":[],"seriesId":"8Ay4MVxEUUqpVng-CO_Dew"},{"id":"Pg_D8aFQk06Z5HBX1Jc6fg","type":"Vod","title":"3 op Reis Midweek","subtitle":"Treinreizen (3\/5)","description":"BNNVARA - Er is \u00e9\u00e9n vervoersmiddel waar al bijna twee eeuwen lang qua romantiek niets tegenop kan: de trein! Vandaag reist Jurre met de trein dwars door het binnenland van Sri Lanka, van Kandy naar Nanu Oya, beroemd als \u00e9\u00e9n van de mooiste treinreizen ter wereld. We blikken terug op Floortje die met de trein naar het meest gesloten land ter wereld reist: Noord-Korea. En op Dennis die met de trein door Tsjechi\u00eb reist.","formattedEpisodeNumbering":null,"formattedDate":"Wo 7 feb. 2018","formattedDateShort":"Feb. 2018","formattedTime":"19:55","formattedDuration":"24m","formattedAvailabilityWindow":null,"formattedAvailabilityWindowShort":null,"image":{"portraitUrl":null,"landscapeUrl":"https:\/\/images.nlziet.nl\/metadataimportimages\/source\/6EDEB04C8F0271C247E5DCB2699568AD881B15AA0CF91BAFF68FCD86D771A638.jpg"},"logo":{"normalUrl":"https:\/\/cdn.nlziet.nl\/static\/assets\/contentproviders\/npo.png","darkUrl":"https:\/\/cdn.nlziet.nl\/static\/assets\/contentproviders\/dark\/npo.png","flatUrl":"https:\/\/cdn.nlziet.nl\/static\/assets\/contentproviders\/flat\/npo.png"},"tags":[],"seriesId":"8Ay4MVxEUUqpVng-CO_Dew"},{"id":"dEhCVlTLmkuhCEfrirgiRA","type":"Vod","title":"3 op Reis Midweek","subtitle":"Treinreizen (2\/5)","description":"BNNVARA - Er is \u00e9\u00e9n vervoersmiddel waar al bijna twee eeuwen lang qua romantiek niets tegenop kan: de trein! Daarom staat deze hele week in het teken van treinreizen, en is Jurre in Sri Lanka, waar hij \u00e9\u00e9n van de mooiste treinritten ter wereld maakt. Hij komt aan in Kandy, waar hij de nacht doorbrengt in een homestay en een tempel bezoekt die uniek is in zijn soort. We blikken terug op Maurice die aan boord zit van de legendarische Trans-Mongoli\u00eb Express, en op Evi die \u00e9\u00e9n van de mooiste treinritten in Europa maakt: de Bergenbaan in Noorwegen.","formattedEpisodeNumbering":null,"formattedDate":"Di 6 feb. 2018","formattedDateShort":"Feb. 2018","formattedTime":"19:55","formattedDuration":"24m","formattedAvailabilityWindow":null,"formattedAvailabilityWindowShort":null,"image":{"portraitUrl":null,"landscapeUrl":"https:\/\/images.nlziet.nl\/metadataimportimages\/source\/F5685DF21D5DABF5333888CC3C229613F8DCA47BFF81AB1B2E41136DACD2F79E.jpg"},"logo":{"normalUrl":"https:\/\/cdn.nlziet.nl\/static\/assets\/contentproviders\/npo.png","darkUrl":"https:\/\/cdn.nlziet.nl\/static\/assets\/contentproviders\/dark\/npo.png","flatUrl":"https:\/\/cdn.nlziet.nl\/static\/assets\/contentproviders\/flat\/npo.png"},"tags":[],"seriesId":"8Ay4MVxEUUqpVng-CO_Dew"},{"id":"ZEzkG-dNXkGbgad6P8WVJQ","type":"Vod","title":"3 op Reis Midweek","subtitle":"Treinreizen (1\/5)","description":"BNNVARA - Er is \u00e9\u00e9n vervoersmiddel waar al bijna twee eeuwen lang qua romantiek niets tegenop kan: de trein! Daarom staat deze hele week in het teken van treinreizen, en is Jurre in Sri Lanka, waar hij \u00e9\u00e9n van de mooiste treinritten ter wereld maakt. Hij begint vandaag in hoofdstad Colombo, waar hij zijn weg moet vinden op het station, en aan zijn treinreis begint. We blikken terug op Chris die op de trein stapt in Japan, en op Floortje die in Amerika de trein pakt naar Minneapolis.","formattedEpisodeNumbering":null,"formattedDate":"Ma 5 feb. 2018","formattedDateShort":"Feb. 2018","formattedTime":"19:55","formattedDuration":"25m","formattedAvailabilityWindow":null,"formattedAvailabilityWindowShort":null,"image":{"portraitUrl":null,"landscapeUrl":"https:\/\/images.nlziet.nl\/metadataimportimages\/source\/8CC766527509AD9ADE20C5715713F90D1E7DCBF38F277B164363F96606C2370B.jpg"},"logo":{"normalUrl":"https:\/\/cdn.nlziet.nl\/static\/assets\/contentproviders\/npo.png","darkUrl":"https:\/\/cdn.nlziet.nl\/static\/assets\/contentproviders\/dark\/npo.png","flatUrl":"https:\/\/cdn.nlziet.nl\/static\/assets\/contentproviders\/flat\/npo.png"},"tags":[],"seriesId":"8Ay4MVxEUUqpVng-CO_Dew"},{"id":"uJS3B3iWBEaUcM1lFz62Jg","type":"Vod","title":"3 op Reis Midweek","subtitle":"City Stories (4\/5)","description":"BNNVARA - Een stad is zoveel meer dan fijne adresjes om te eten, winkelen en slapen. Het zijn namelijk juist de bewoners die een stad karakter geven, en daarom staat deze hele week in het teken van steden en hun verhalen. Menno is in Kaapstad, hotspot voor designers, kunstenaars \u00e9n muzikanten. Op zoek naar de magie achter de stad ontmoet hij daarom vandaag rapper Jack Parrow. We blikken terug op Chris die in de Japanse stad Fukuoka is, waar eten en drinken een grote rol spelen. En op Floortje die kijkt hoe ze in de Siberische stad Jakoetksk ingespeeld zijn op de kou.","formattedEpisodeNumbering":null,"formattedDate":"Do 1 feb. 2018","formattedDateShort":"Feb. 2018","formattedTime":"19:55","formattedDuration":"25m","formattedAvailabilityWindow":null,"formattedAvailabilityWindowShort":null,"image":{"portraitUrl":null,"landscapeUrl":"https:\/\/images.nlziet.nl\/metadataimportimages\/source\/4D0C9C99EB8ADAEA584D7DAD502A348FD3423575B5BF23BCDB306A00017A7E6D.jpg"},"logo":{"normalUrl":"https:\/\/cdn.nlziet.nl\/static\/assets\/contentproviders\/npo.png","darkUrl":"https:\/\/cdn.nlziet.nl\/static\/assets\/contentproviders\/dark\/npo.png","flatUrl":"https:\/\/cdn.nlziet.nl\/static\/assets\/contentproviders\/flat\/npo.png"},"tags":[],"seriesId":"8Ay4MVxEUUqpVng-CO_Dew"},{"id":"z0VGMXeANUKybkjsFFG3RQ","type":"Vod","title":"3 op Reis Midweek","subtitle":"City Stories (3\/5)","description":"BNNVARA - Een stad is zoveel meer dan fijne adresjes om te eten, winkelen en slapen. Het zijn namelijk juist de bewoners die een stad karakter geven, en daarom staat deze hele week in het teken van steden en hun verhalen. Menno is in Kaapstad, waar de jonge Siviwe hem vandaag meeneemt naar zijn township. We blikken terug op Geraldine die in Medell\u00edn is, waar drugsbaas Pablo Escobar lang het reilen en zeilen van deze Colombiaanse stad bepaalde. En op Dennis die het verhaal achter de Chilleense havenstad Valpara\u00edso vertelt.","formattedEpisodeNumbering":null,"formattedDate":"Wo 31 jan. 2018","formattedDateShort":"Jan. 2018","formattedTime":"19:55","formattedDuration":"24m","formattedAvailabilityWindow":null,"formattedAvailabilityWindowShort":null,"image":{"portraitUrl":null,"landscapeUrl":"https:\/\/images.nlziet.nl\/metadataimportimages\/source\/EF46DF986A0D42F864D1D1E519CC97BC54A545656E3EB0D09220E021020D5BAE.jpg"},"logo":{"normalUrl":"https:\/\/cdn.nlziet.nl\/static\/assets\/contentproviders\/npo.png","darkUrl":"https:\/\/cdn.nlziet.nl\/static\/assets\/contentproviders\/dark\/npo.png","flatUrl":"https:\/\/cdn.nlziet.nl\/static\/assets\/contentproviders\/flat\/npo.png"},"tags":[],"seriesId":"8Ay4MVxEUUqpVng-CO_Dew"},{"id":"jUdRkBq2TECLC-7472Ef-A","type":"Vod","title":"3 op Reis Midweek","subtitle":"City Stories (2\/5)","description":"BNNVARA - Een stad is zoveel meer dan fijne adresjes om te eten, winkelen en slapen. Het zijn namelijk juist de bewoners die een stad karakter geven, en daarom staat deze hele week in het teken van steden en hun verhalen. Menno is in Kaapstad, waar hij vandaag de Lions Head beklimt, de beroemde berg net buiten het centrum. Hier voert hij rituelen uit van de Khoisan, de originele bewoners van Zuid-Afrika. We blikken terug op Chris die in muziekstad Nashville is, en op Dennis die het verhaal vertelt van de lelijkste stad op aarde: Charleroi.","formattedEpisodeNumbering":null,"formattedDate":"Di 30 jan. 2018","formattedDateShort":"Jan. 2018","formattedTime":"19:55","formattedDuration":"25m","formattedAvailabilityWindow":null,"formattedAvailabilityWindowShort":null,"image":{"portraitUrl":null,"landscapeUrl":"https:\/\/images.nlziet.nl\/metadataimportimages\/source\/740E0DE398379E045F22129DA968C0B17C32A55227BE8E46689EE0A8A96B63DB.jpg"},"logo":{"normalUrl":"https:\/\/cdn.nlziet.nl\/static\/assets\/contentproviders\/npo.png","darkUrl":"https:\/\/cdn.nlziet.nl\/static\/assets\/contentproviders\/dark\/npo.png","flatUrl":"https:\/\/cdn.nlziet.nl\/static\/assets\/contentproviders\/flat\/npo.png"},"tags":[],"seriesId":"8Ay4MVxEUUqpVng-CO_Dew"},{"id":"BJOr64dgCEqlFPaGK_xFyA","type":"Vod","title":"3 op Reis Midweek","subtitle":"City Stories (1\/5)","description":"BNNVARA - Een stad is zoveel meer dan fijne adresjes om te eten, winkelen en slapen. Het zijn namelijk juist de bewoners die een stad karakter geven, en daarom staat deze hele week in het teken van steden en hun verhalen. Menno is in Kaapstad, waar gids Kgomotso hem confronteert met ons gezamenlijke verleden, maar ook een positieve toekomst laat zien. We blikken terug op Chris die in de stad Chihuahua het verhaal van de Mexicaanse Robin Hood achterhaalt. En op Floortje die in de Iraanse stad Teheran de gijzeling van de Amerikaanse ambassade herleeft.","formattedEpisodeNumbering":null,"formattedDate":"Ma 29 jan. 2018","formattedDateShort":"Jan. 2018","formattedTime":"19:55","formattedDuration":"25m","formattedAvailabilityWindow":null,"formattedAvailabilityWindowShort":null,"image":{"portraitUrl":null,"landscapeUrl":"https:\/\/images.nlziet.nl\/metadataimportimages\/source\/517579056AF4EF1EA21C931F83F21DAB8E271FDA29F995A2684B0F386DEC75F4.jpg"},"logo":{"normalUrl":"https:\/\/cdn.nlziet.nl\/static\/assets\/contentproviders\/npo.png","darkUrl":"https:\/\/cdn.nlziet.nl\/static\/assets\/contentproviders\/dark\/npo.png","flatUrl":"https:\/\/cdn.nlziet.nl\/static\/assets\/contentproviders\/flat\/npo.png"},"tags":[],"seriesId":"8Ay4MVxEUUqpVng-CO_Dew"},{"id":"eQh5Jt8OPkyb_aSvWOmRrg","type":"Vod","title":"3 op Reis Midweek","subtitle":"Winter Escapes (5\/5)","description":"BNNVARA - Deze hele week staat in het teken van winter escapes en daarom is Sahil in het zuiden van Portugal, waar hij door de Algarve reist. Hij sluit zijn reis af in het minst toeristische en meest authentieke dorpje van deze streek: het kleine plaatsje Tavira. Maar niet voordat hij eerst nog in Faro de keuken induikt voor het geheime recept van h\u00e9t gerecht van de Algarve: Cataplana! We blikken terug op Nicolette die als winter escape Jordani\u00eb bezoekt, waar ze naar de verborgen stad Petra reist, en op Evi die aan de winter ontsnapt op Kreta.","formattedEpisodeNumbering":null,"formattedDate":"Vr 26 jan. 2018","formattedDateShort":"Jan. 2018","formattedTime":"19:50","formattedDuration":"25m","formattedAvailabilityWindow":null,"formattedAvailabilityWindowShort":null,"image":{"portraitUrl":null,"landscapeUrl":"https:\/\/images.nlziet.nl\/metadataimportimages\/source\/FD27DE46E12CAA7BD9F90EECCA963EACD8822DF793959D0A6DAC44826BD6E122.jpg"},"logo":{"normalUrl":"https:\/\/cdn.nlziet.nl\/static\/assets\/contentproviders\/npo.png","darkUrl":"https:\/\/cdn.nlziet.nl\/static\/assets\/contentproviders\/dark\/npo.png","flatUrl":"https:\/\/cdn.nlziet.nl\/static\/assets\/contentproviders\/flat\/npo.png"},"tags":[],"seriesId":"8Ay4MVxEUUqpVng-CO_Dew"},{"id":"hGaXTYFDG0m0tQjh_g8xCA","type":"Vod","title":"3 op Reis Midweek","subtitle":"Winter Escapes (4\/5)","description":"BNNVARA - Deze hele week staat in het teken van winter escapes en daarom is Sahil in het zuiden van Portugal, waar hij door de Algarve reist. Inmiddels is hij aangekomen in Faro, de hoofdstad van de Algarve, waar je de Portugese cultuur kunt opsnuiven en goed op stap kunt. Maar wat veel mensen niet weten is dat tussen deze stad en het strand een bijzonder natuurgebied ligt: de Ria Formosa. En dat is precies waar Sahil vandaag heen gaat. We blikken terug op Evi die aan de winter ontsnapt op Kreta, en op Dennis die het nachtleven van Tel Aviv induikt, want ook daar blijft het in de winter zacht.","formattedEpisodeNumbering":null,"formattedDate":"Do 25 jan. 2018","formattedDateShort":"Jan. 2018","formattedTime":"19:50","formattedDuration":"24m","formattedAvailabilityWindow":null,"formattedAvailabilityWindowShort":null,"image":{"portraitUrl":null,"landscapeUrl":"https:\/\/images.nlziet.nl\/metadataimportimages\/source\/AC2A08F8AEA9A6E9C01BB7E8AE765D9D506F29286602E188E971265247CDCBE9.jpg"},"logo":{"normalUrl":"https:\/\/cdn.nlziet.nl\/static\/assets\/contentproviders\/npo.png","darkUrl":"https:\/\/cdn.nlziet.nl\/static\/assets\/contentproviders\/dark\/npo.png","flatUrl":"https:\/\/cdn.nlziet.nl\/static\/assets\/contentproviders\/flat\/npo.png"},"tags":[],"seriesId":"8Ay4MVxEUUqpVng-CO_Dew"},{"id":"pIwm0TpuskuAEXKGjGnsKw","type":"Vod","title":"3 op Reis Midweek","subtitle":"Winter Escapes (3\/5)","description":"BNNVARA - Deze hele week staat in het teken van 'winter escapes' en daarom is Sahil in het zuiden van Portugal, waar hij door de Algarve reist. Vandaag trekt hij het binnenland in rondom Albufeira, tijdens een jeepsafari. We blikken terug op Geraldine die Marrakesh verkent, want ook daar is de temperatuur aangenaam tijdens onze winter. En op Chris die in het zuiden van Itali\u00eb een actieve vulkaan beklimt.","formattedEpisodeNumbering":null,"formattedDate":"Wo 24 jan. 2018","formattedDateShort":"Jan. 2018","formattedTime":"19:50","formattedDuration":"25m","formattedAvailabilityWindow":null,"formattedAvailabilityWindowShort":null,"image":{"portraitUrl":null,"landscapeUrl":"https:\/\/images.nlziet.nl\/metadataimportimages\/source\/7D505884DEA80C9E0BFA0C0561638F67CAC87BCAC111A70695F48F22C3B39CCD.jpg"},"logo":{"normalUrl":"https:\/\/cdn.nlziet.nl\/static\/assets\/contentproviders\/npo.png","darkUrl":"https:\/\/cdn.nlziet.nl\/static\/assets\/contentproviders\/dark\/npo.png","flatUrl":"https:\/\/cdn.nlziet.nl\/static\/assets\/contentproviders\/flat\/npo.png"},"tags":[],"seriesId":"8Ay4MVxEUUqpVng-CO_Dew"},{"id":"OlQnFAdP-kqAFGO74ax4ww","type":"Vod","title":"3 op Reis Midweek","subtitle":"Winter Escapes (2\/5)","description":"BNNVARA - Deze hele week staat in het teken van 'winter escapes'. Daarom is Sahil in het zuiden van Portugal. Hij reist door de Algarve, bekend om haar prachtige kust, vol verborgen strandjes en geheime grotten. Waar kun je zo'n kustlijn nou beter bewonderen dan vanaf het water zelf? Dat is wat Sahil doet en geheel in stijl. We blikken terug op Nicolette die de zon opzoekt op de Canarische Eilanden, en op Dennis die winter escapes Malaga en Tanger met elkaar vergelijkt.","formattedEpisodeNumbering":null,"formattedDate":"Di 23 jan. 2018","formattedDateShort":"Jan. 2018","formattedTime":"19:50","formattedDuration":"25m","formattedAvailabilityWindow":null,"formattedAvailabilityWindowShort":null,"image":{"portraitUrl":null,"landscapeUrl":"https:\/\/images.nlziet.nl\/metadataimportimages\/source\/6AE90FDF39A679C2FFFEF44439BAA62F6665C99C26475D4F1E4EF8C86041EB13.jpg"},"logo":{"normalUrl":"https:\/\/cdn.nlziet.nl\/static\/assets\/contentproviders\/npo.png","darkUrl":"https:\/\/cdn.nlziet.nl\/static\/assets\/contentproviders\/dark\/npo.png","flatUrl":"https:\/\/cdn.nlziet.nl\/static\/assets\/contentproviders\/flat\/npo.png"},"tags":[],"seriesId":"8Ay4MVxEUUqpVng-CO_Dew"},{"id":"puvL_4_I802JFyThxvhEqA","type":"Vod","title":"3 op Reis Midweek","subtitle":"Winter Escapes (1\/5)","description":"BNNVARA - Deze hele week staat in het teken van 'winter escapes' en daarom is Sahil in het zuiden van Portugal, waar hij door de Algarve reist. Zijn startpunt is Sagres, waar hij helemaal 'off te grid' gaat op een bijzondere plek. Geen telefoons, geen drukte, eerst even loskomen van het hectische leven thuis. We blikken terug op Geraldine die aan de winter ontsnapt op Kaapverdi\u00eb en op Dennis die winter escapes Malaga en Tanger met elkaar vergelijkt.","formattedEpisodeNumbering":null,"formattedDate":"Ma 22 jan. 2018","formattedDateShort":"Jan. 2018","formattedTime":"19:50","formattedDuration":"25m","formattedAvailabilityWindow":null,"formattedAvailabilityWindowShort":null,"image":{"portraitUrl":null,"landscapeUrl":"https:\/\/images.nlziet.nl\/metadataimportimages\/source\/55F1BB8D70BC0D99A5C04983F7EC9009739A3E764A8CCEB898FE8A6B8BC2D1F9.jpg"},"logo":{"normalUrl":"https:\/\/cdn.nlziet.nl\/static\/assets\/contentproviders\/npo.png","darkUrl":"https:\/\/cdn.nlziet.nl\/static\/assets\/contentproviders\/dark\/npo.png","flatUrl":"https:\/\/cdn.nlziet.nl\/static\/assets\/contentproviders\/flat\/npo.png"},"tags":[],"seriesId":"8Ay4MVxEUUqpVng-CO_Dew"},{"id":"F2YqBj3NBU2GT2v72GXbuw","type":"Vod","title":"3 op Reis Midweek","subtitle":"Zuidoost-Azi\u00eb (5\/5)","description":"BNNVARA - Deze hele week brengen we een ode aan Zuidoost-Azi\u00eb en daarom is Emma in het meest populaire land van deze regio: Thailand. Zuidoost-Azi\u00eb staat bekend om haar kleurrijke festivals en daarom sluit Emma de week af op \u00e9\u00e9n van de allermooiste festivals van deze regio: het magische lichtfestival van Chiang Mai. We blikken terug op Patrick die in Myanmar met een luchtballon over betoverend Bagan vliegt, en op Floortje die op de Filippijnen een waarzegster bezoekt met een confronterende voorspelling.","formattedEpisodeNumbering":null,"formattedDate":"Vr 19 jan. 2018","formattedDateShort":"Jan. 2018","formattedTime":"19:50","formattedDuration":"25m","formattedAvailabilityWindow":null,"formattedAvailabilityWindowShort":null,"image":{"portraitUrl":null,"landscapeUrl":"https:\/\/images.nlziet.nl\/metadataimportimages\/source\/4F0B52CBDB8B5A93214C28BF8BB1EA7209027FAA61A5951164F1919D866890E6.jpg"},"logo":{"normalUrl":"https:\/\/cdn.nlziet.nl\/static\/assets\/contentproviders\/npo.png","darkUrl":"https:\/\/cdn.nlziet.nl\/static\/assets\/contentproviders\/dark\/npo.png","flatUrl":"https:\/\/cdn.nlziet.nl\/static\/assets\/contentproviders\/flat\/npo.png"},"tags":[],"seriesId":"8Ay4MVxEUUqpVng-CO_Dew"},{"id":"vw1PmKVBl0G-fEiWTlsEcg","type":"Vod","title":"3 op Reis Midweek","subtitle":"Zuidoost-Azi\u00eb (4\/5)","description":"BNNVARA - Deze hele week brengen we een ode aan Zuidoost-Azi\u00eb en daarom is Emma in het meest populaire land van deze regio: Thailand. Zuidoost-Azi\u00eb staat onder andere bekend om haar dichte jungle. In Thailand moet je hiervoor in het noorden zijn: net buiten de stad Chiang Mai zweeft Emma hier doorheen, op een wel heel spectaculaire wijze. We blikken terug op Chris die in de jungle van Maleisi\u00eb neusapen spot, en op Dennis die in de jungle van Vietnam iets heel anders tegenkomt: bommen van de 30-jarige oorlog met de Amerikanen.","formattedEpisodeNumbering":null,"formattedDate":"Do 18 jan. 2018","formattedDateShort":"Jan. 2018","formattedTime":"19:50","formattedDuration":"24m","formattedAvailabilityWindow":null,"formattedAvailabilityWindowShort":null,"image":{"portraitUrl":null,"landscapeUrl":"https:\/\/images.nlziet.nl\/metadataimportimages\/source\/0E6EF6412CD2808172A3BF6BF7C388278526A28FBA36D3954445A93EFF5EBBF6.jpg"},"logo":{"normalUrl":"https:\/\/cdn.nlziet.nl\/static\/assets\/contentproviders\/npo.png","darkUrl":"https:\/\/cdn.nlziet.nl\/static\/assets\/contentproviders\/dark\/npo.png","flatUrl":"https:\/\/cdn.nlziet.nl\/static\/assets\/contentproviders\/flat\/npo.png"},"tags":[],"seriesId":"8Ay4MVxEUUqpVng-CO_Dew"},{"id":"eTnI33wt30G3ciR37gv7jA","type":"Vod","title":"3 op Reis Midweek","subtitle":"Zuidoost-Azi\u00eb (3\/5)","description":"BNNVARA - Deze hele week brengen we een ode aan Zuidoost-Azi\u00eb, en daarom is Emma in het meest populaire land van deze regio: Thailand. Vandaag stapt ze voor het eerst in haar leven in de ring voor een potje muay thai: de eeuwenoude vechtsport waar dit land wereldwijd om bekend staat. We blikken terug op Chris die het in Maleisi\u00eb iets rustiger aan doet: hij gaat een potje tollen, maar dan wel met hele zware tollen, en op Willy van The Opposites die na maanden trainen in Nederland voor het echte werk de ring in stapt in Bangkok.","formattedEpisodeNumbering":null,"formattedDate":"Wo 17 jan. 2018","formattedDateShort":"Jan. 2018","formattedTime":"19:50","formattedDuration":"24m","formattedAvailabilityWindow":null,"formattedAvailabilityWindowShort":null,"image":{"portraitUrl":null,"landscapeUrl":"https:\/\/images.nlziet.nl\/metadataimportimages\/source\/A387C9DB720178DDC783D4B90911A3E5D1B6E1CE4895BFD9CF57263A8A62BEFF.jpg"},"logo":{"normalUrl":"https:\/\/cdn.nlziet.nl\/static\/assets\/contentproviders\/npo.png","darkUrl":"https:\/\/cdn.nlziet.nl\/static\/assets\/contentproviders\/dark\/npo.png","flatUrl":"https:\/\/cdn.nlziet.nl\/static\/assets\/contentproviders\/flat\/npo.png"},"tags":[],"seriesId":"8Ay4MVxEUUqpVng-CO_Dew"},{"id":"OtQuEMWr1U-Hq9tRhMqfoQ","type":"Vod","title":"3 op Reis Midweek","subtitle":"Zuidoost-Azi\u00eb (2\/5)","description":"BNNVARA - Deze hele week brengen we een ode aan Zuidoost-Azi\u00eb en daarom is Emma in het meest populaire land van deze regio: Thailand. Vandaag ontdekt ze een bijzondere plek in deze chaotische miljoenenstad: Bang Krachao, de groene long van Bangkok. We blikken terug op Floortje die op de Filippijnen \u00e9\u00e9n van de zeven nieuw verkozen wereldwonderen bezoekt, en op Chris die op Maleisisch Borneo een bijzondere homestay bezoekt.","formattedEpisodeNumbering":null,"formattedDate":"Di 16 jan. 2018","formattedDateShort":"Jan. 2018","formattedTime":"19:50","formattedDuration":"25m","formattedAvailabilityWindow":null,"formattedAvailabilityWindowShort":null,"image":{"portraitUrl":null,"landscapeUrl":"https:\/\/images.nlziet.nl\/metadataimportimages\/source\/78D2DE499A6230BDB9F983CE2116AA49FACDAEA99EF3160265F64187AB01DC18.jpg"},"logo":{"normalUrl":"https:\/\/cdn.nlziet.nl\/static\/assets\/contentproviders\/npo.png","darkUrl":"https:\/\/cdn.nlziet.nl\/static\/assets\/contentproviders\/dark\/npo.png","flatUrl":"https:\/\/cdn.nlziet.nl\/static\/assets\/contentproviders\/flat\/npo.png"},"tags":[],"seriesId":"8Ay4MVxEUUqpVng-CO_Dew"},{"id":"kUEYknlFR0eEoSqTOfRDQQ","type":"Vod","title":"3 op Reis Midweek","subtitle":"Zuidoost-Azi\u00eb (1\/5)","description":"BNNVARA - Deze hele week brengen we een ode aan Zuidoost-Azi\u00eb en daarom is Emma in het meest populaire land van deze regio: Thailand. Ze begint de week in Bangkok, waar chef Jekky haar inwijdt in de geheimen van de Thaise keuken. We blikken terug op Chris die een drijvende markt bezoekt in Indonesi\u00eb, en op Floortje die een delicatesse eet op de Filippijnen, waar je wel een hele sterke maag voor moet hebben.","formattedEpisodeNumbering":null,"formattedDate":"Ma 15 jan. 2018","formattedDateShort":"Jan. 2018","formattedTime":"19:50","formattedDuration":"25m","formattedAvailabilityWindow":null,"formattedAvailabilityWindowShort":null,"image":{"portraitUrl":null,"landscapeUrl":"https:\/\/images.nlziet.nl\/metadataimportimages\/source\/1CD17C01EC911AFCB114BCDA73F356D9205DC93BCE48852DF09709724803A66B.jpg"},"logo":{"normalUrl":"https:\/\/cdn.nlziet.nl\/static\/assets\/contentproviders\/npo.png","darkUrl":"https:\/\/cdn.nlziet.nl\/static\/assets\/contentproviders\/dark\/npo.png","flatUrl":"https:\/\/cdn.nlziet.nl\/static\/assets\/contentproviders\/flat\/npo.png"},"tags":[],"seriesId":"8Ay4MVxEUUqpVng-CO_Dew"},{"id":"2QLX0Ot470uRcNBfmaxehw","type":"Vod","title":"3 op Reis Midweek","subtitle":"Water (5\/5)","description":"BNNVARA - Deze hele week staat in het teken van water en daarom hijst Gwen deze week de zeilen in Kroati\u00eb. Als bedankje voor de fijne week gaat ze koken voor de schipper en zijn familie, met vis die ze zelf nog wel even moet vangen. We blikken terug op Floortje die in Alaska gaat voor een stamppotje krab en op Dennis die in Zimbabwe de imposante Victoria Falls bezoekt.","formattedEpisodeNumbering":null,"formattedDate":"Vr 12 jan. 2018","formattedDateShort":"Jan. 2018","formattedTime":"19:50","formattedDuration":"25m","formattedAvailabilityWindow":null,"formattedAvailabilityWindowShort":null,"image":{"portraitUrl":null,"landscapeUrl":"https:\/\/images.nlziet.nl\/metadataimportimages\/source\/9D923B2DE77C365A697FD1DF30A9BBE5BF60336C8DA324E33B1DE16AE485B61C.jpg"},"logo":{"normalUrl":"https:\/\/cdn.nlziet.nl\/static\/assets\/contentproviders\/npo.png","darkUrl":"https:\/\/cdn.nlziet.nl\/static\/assets\/contentproviders\/dark\/npo.png","flatUrl":"https:\/\/cdn.nlziet.nl\/static\/assets\/contentproviders\/flat\/npo.png"},"tags":[],"seriesId":"8Ay4MVxEUUqpVng-CO_Dew"},{"id":"AnNdVbcH_kCHbtlTrXK8og","type":"Vod","title":"3 op Reis Midweek","subtitle":"Water (4\/5)","description":"BNNVARA - Deze hele week staat in het teken van water en daarom hijst Gwen deze week de zeilen in Kroati\u00eb. Vandaag komt ze aan op het eilandje Korcula, volgens sommigen het mooiste eiland voor de Kroatische kust. We blikken terug op Nienke die in Sloveni\u00eb gaat raften en op Floortje die in Isra\u00ebl de heilige rivier de Jordaan bezoekt, waar mensen massaal naartoe trekken om zich te laten dopen.","formattedEpisodeNumbering":null,"formattedDate":"Do 11 jan. 2018","formattedDateShort":"Jan. 2018","formattedTime":"19:50","formattedDuration":"25m","formattedAvailabilityWindow":null,"formattedAvailabilityWindowShort":null,"image":{"portraitUrl":null,"landscapeUrl":"https:\/\/images.nlziet.nl\/metadataimportimages\/source\/125199B9918A148C0B7BF56F8F9EE12C10832C8E3CDFC09FF7F9B9B3B2D23A6D.jpg"},"logo":{"normalUrl":"https:\/\/cdn.nlziet.nl\/static\/assets\/contentproviders\/npo.png","darkUrl":"https:\/\/cdn.nlziet.nl\/static\/assets\/contentproviders\/dark\/npo.png","flatUrl":"https:\/\/cdn.nlziet.nl\/static\/assets\/contentproviders\/flat\/npo.png"},"tags":[],"seriesId":"8Ay4MVxEUUqpVng-CO_Dew"},{"id":"J0bcoISKIkiKM40nprdCCQ","type":"Vod","title":"3 op Reis Midweek","subtitle":"Water (3\/5)","description":"BNNVARA - Deze hele week staat in het teken van water en daarom hijst Gwen deze week de zeilen in Kroati\u00eb. Vandaag stapt ze van de boot af om yoga te beoefenen op een surfboard en ontdekt ze op het eiland Vis een groot netwerk van tunnels die vroeger gebruikt werden door het Joegoslavische leger. We blikken terug op Geraldine die in Griekenland gaat wakeboarden, en op Chris die het beroemdste meer van Schotland bezoekt: Loch Ness.","formattedEpisodeNumbering":null,"formattedDate":"Wo 10 jan. 2018","formattedDateShort":"Jan. 2018","formattedTime":"19:50","formattedDuration":"25m","formattedAvailabilityWindow":null,"formattedAvailabilityWindowShort":null,"image":{"portraitUrl":null,"landscapeUrl":"https:\/\/images.nlziet.nl\/metadataimportimages\/source\/FB455E568EAE46F1A07C9329BB9F9F726BC1E3B918605AC1BCA2192613ED5B86.jpg"},"logo":{"normalUrl":"https:\/\/cdn.nlziet.nl\/static\/assets\/contentproviders\/npo.png","darkUrl":"https:\/\/cdn.nlziet.nl\/static\/assets\/contentproviders\/dark\/npo.png","flatUrl":"https:\/\/cdn.nlziet.nl\/static\/assets\/contentproviders\/flat\/npo.png"},"tags":[],"seriesId":"8Ay4MVxEUUqpVng-CO_Dew"},{"id":"oxHNt_7HTEC-SpKxHsowjg","type":"Vod","title":"3 op Reis Midweek","subtitle":"Water (2\/5)","description":"BNNVARA - Deze hele week staat in het teken van water en daarom hijst Gwen deze week de zeilen in Kroati\u00eb. Vandaag zeilt ze naar het beste strand van Europa, en bezoekt ze een grot waar het water een bijzondere kleur krijgt. We blikken terug op Floortje, die in iets koudere wateren ligt: ze gaat kajakken op de Arctische Zee, en op Maurice die in de Caribische wateren van Guadeloupe in de voetsporen treedt van oceaanheld Jacques Cousteau.","formattedEpisodeNumbering":null,"formattedDate":"Di 9 jan. 2018","formattedDateShort":"Jan. 2018","formattedTime":"19:50","formattedDuration":"24m","formattedAvailabilityWindow":null,"formattedAvailabilityWindowShort":null,"image":{"portraitUrl":null,"landscapeUrl":"https:\/\/images.nlziet.nl\/metadataimportimages\/source\/3F28D72CE2AE25240FFE40E4E83F1B7417E983483BFA28292EDBDE64F68281DC.jpg"},"logo":{"normalUrl":"https:\/\/cdn.nlziet.nl\/static\/assets\/contentproviders\/npo.png","darkUrl":"https:\/\/cdn.nlziet.nl\/static\/assets\/contentproviders\/dark\/npo.png","flatUrl":"https:\/\/cdn.nlziet.nl\/static\/assets\/contentproviders\/flat\/npo.png"},"tags":[],"seriesId":"8Ay4MVxEUUqpVng-CO_Dew"},{"id":"RlYwVPr7kEqxaCwr9blshA","type":"Vod","title":"3 op Reis Midweek","subtitle":"Water (1\/5)","description":"BNNVARA - Deze hele week staat in het teken van water, en daarom hijst Gwen deze week de zeilen in Kroati\u00eb. Vandaag slaapt ze voor het eerst in haar leven op een zeilboot, en wel in de haven van Milna, voor de kust van het eilandje Brac. We blikken terug op Floortje, die iets minder luxe overnacht: namelijk aan boord van een containerschip, en op Chris die voor de kust van het Mexicaanse eiland Espiritu Santo zwemt met walvishaaien.","formattedEpisodeNumbering":null,"formattedDate":"Ma 8 jan. 2018","formattedDateShort":"Jan. 2018","formattedTime":"19:55","formattedDuration":"24m","formattedAvailabilityWindow":null,"formattedAvailabilityWindowShort":null,"image":{"portraitUrl":null,"landscapeUrl":"https:\/\/images.nlziet.nl\/metadataimportimages\/source\/F505D82CBC0DCACA3F1796369371CA49BEF18E7FC46BB26EE2FC1EDB1FA97117.jpg"},"logo":{"normalUrl":"https:\/\/cdn.nlziet.nl\/static\/assets\/contentproviders\/npo.png","darkUrl":"https:\/\/cdn.nlziet.nl\/static\/assets\/contentproviders\/dark\/npo.png","flatUrl":"https:\/\/cdn.nlziet.nl\/static\/assets\/contentproviders\/flat\/npo.png"},"tags":[],"seriesId":"8Ay4MVxEUUqpVng-CO_Dew"}]