[{"id":"9tKYPHwR_EqEjmbiseg8Ew","type":"Vod","title":"Kamp Van Koningsbrugge","subtitle":"","description":"AVROTROS - Jeroen van Koningsbrugge staat voor een enorme uitdaging. Zoek vijftien gewone burgers die denken dat ze mentaal en fysiek sterk genoeg zijn, om een van de zwaarste opleidingen van Nederland aan te kunnen: De opleiding van de Special Forces. Van Koningsbrugge levert zijn mensen af aan een team van zeer ervaren specialisten, die de rekruten onder handen gaat nemen. Een uniek experiment waarin het uiterste gevraagd wordt en van Koningsbrugge is daar om zijn mannen en vrouwen een hart onder de riem te steken.","formattedEpisodeNumbering":"S1:A9","formattedDate":"Za 26 dec. 2020","formattedDateShort":"Dec. 2020","formattedTime":"20:30","formattedDuration":"51m","formattedAvailabilityWindow":null,"formattedAvailabilityWindowShort":null,"image":{"portraitUrl":null,"landscapeUrl":"https:\/\/images.nlziet.nl\/metadataimportimages\/source\/F7D23F9B5F9CA62CFFA2628966A10C3E8D1E3715BEC056A79B262121CC0C2E7B.jpg"},"logo":{"normalUrl":"https:\/\/cdn.nlziet.nl\/static\/assets\/contentproviders\/npo.png","darkUrl":"https:\/\/cdn.nlziet.nl\/static\/assets\/contentproviders\/dark\/npo.png","flatUrl":"https:\/\/cdn.nlziet.nl\/static\/assets\/contentproviders\/flat\/npo.png"},"tags":[],"seriesId":"6ddqYMgzhEiuKOZBVSirqg"},{"id":"JjITNLucS0yeN1fbpzY7QQ","type":"Vod","title":"Kamp Van Koningsbrugge","subtitle":"","description":"AVROTROS - Jeroen van Koningsbrugge staat voor een enorme uitdaging. Zoek vijftien gewone burgers die denken dat ze mentaal en fysiek sterk genoeg zijn, om een van de zwaarste opleidingen van Nederland aan te kunnen: De opleiding van de Special Forces. Van Koningsbrugge levert zijn mensen af aan een team van zeer ervaren specialisten, die de rekruten onder handen gaat nemen. Een uniek experiment waarin het uiterste gevraagd wordt en van Koningsbrugge is daar om zijn mannen en vrouwen een hart onder de riem te steken.","formattedEpisodeNumbering":"S1:A8","formattedDate":"Za 19 dec. 2020","formattedDateShort":"Dec. 2020","formattedTime":"20:30","formattedDuration":"55m","formattedAvailabilityWindow":null,"formattedAvailabilityWindowShort":null,"image":{"portraitUrl":null,"landscapeUrl":"https:\/\/images.nlziet.nl\/metadataimportimages\/source\/C53E913307294C5C8C41D143525C431F651FFFBEAF5B5BFCD4A35F9A637B7B88.jpg"},"logo":{"normalUrl":"https:\/\/cdn.nlziet.nl\/static\/assets\/contentproviders\/npo.png","darkUrl":"https:\/\/cdn.nlziet.nl\/static\/assets\/contentproviders\/dark\/npo.png","flatUrl":"https:\/\/cdn.nlziet.nl\/static\/assets\/contentproviders\/flat\/npo.png"},"tags":[],"seriesId":"6ddqYMgzhEiuKOZBVSirqg"},{"id":"QsPC6bMFfECr8G1d5cBqxg","type":"Vod","title":"Kamp Van Koningsbrugge","subtitle":"","description":"AVROTROS - Jeroen van Koningsbrugge staat voor een enorme uitdaging. Zoek vijftien gewone burgers die denken dat ze mentaal en fysiek sterk genoeg zijn, om een van de zwaarste opleidingen van Nederland aan te kunnen: De opleiding van de Special Forces. Van Koningsbrugge levert zijn mensen af aan een team van zeer ervaren specialisten, die de rekruten onder handen gaat nemen. Een uniek experiment waarin het uiterste gevraagd wordt en van Koningsbrugge is daar om zijn mannen en vrouwen een hart onder de riem te steken.","formattedEpisodeNumbering":"S1:A7","formattedDate":"Za 12 dec. 2020","formattedDateShort":"Dec. 2020","formattedTime":"20:30","formattedDuration":"52m","formattedAvailabilityWindow":null,"formattedAvailabilityWindowShort":null,"image":{"portraitUrl":null,"landscapeUrl":"https:\/\/images.nlziet.nl\/metadataimportimages\/source\/6DEC689F118294D060CA16B4AA24B1CC0E3F267A2F12EBC19F8755D05A468108.jpg"},"logo":{"normalUrl":"https:\/\/cdn.nlziet.nl\/static\/assets\/contentproviders\/npo.png","darkUrl":"https:\/\/cdn.nlziet.nl\/static\/assets\/contentproviders\/dark\/npo.png","flatUrl":"https:\/\/cdn.nlziet.nl\/static\/assets\/contentproviders\/flat\/npo.png"},"tags":[],"seriesId":"6ddqYMgzhEiuKOZBVSirqg"},{"id":"EnPby_bhnECV68nXiRSRxg","type":"Vod","title":"Kamp Van Koningsbrugge","subtitle":"","description":"AVROTROS - De kandidaten moeten op hun zesde dag in Kamp Van Koningsbrugge een tactische missie tot een goed einde brengen. De Special Forces hebben een leider aangewezen die de groep op sleeptouw moet nemen. Zullen de kandidaten onder de enorme stress van een echte missie nog goed kunnen presteren?","formattedEpisodeNumbering":"S1:A6","formattedDate":"Za 5 dec. 2020","formattedDateShort":"Dec. 2020","formattedTime":"21:40","formattedDuration":"50m","formattedAvailabilityWindow":null,"formattedAvailabilityWindowShort":null,"image":{"portraitUrl":null,"landscapeUrl":"https:\/\/images.nlziet.nl\/metadataimportimages\/source\/054AC52AFCFA32539513694E3C8838B74EB7A1A1FB4D15BCC251C631EAE582BD.jpg"},"logo":{"normalUrl":"https:\/\/cdn.nlziet.nl\/static\/assets\/contentproviders\/npo.png","darkUrl":"https:\/\/cdn.nlziet.nl\/static\/assets\/contentproviders\/dark\/npo.png","flatUrl":"https:\/\/cdn.nlziet.nl\/static\/assets\/contentproviders\/flat\/npo.png"},"tags":[],"seriesId":"6ddqYMgzhEiuKOZBVSirqg"},{"id":"ERQsgeQ_LkyRzVa-s2DobA","type":"Vod","title":"Kamp Van Koningsbrugge","subtitle":"","description":"AVROTROS - Na vier dagen afzien, hebben de overblijvende kandidaten laten zien wat ze fysiek aankunnen. Nu volgt een heel andere test. Wie valt door de mand tijdens het uitvoeren van een missie? En met wie van de kandidaten zouden de Special Forces een oorlog willen beginnen?","formattedEpisodeNumbering":"S1:A5","formattedDate":"Za 28 nov. 2020","formattedDateShort":"Nov. 2020","formattedTime":"20:30","formattedDuration":"53m","formattedAvailabilityWindow":null,"formattedAvailabilityWindowShort":null,"image":{"portraitUrl":null,"landscapeUrl":"https:\/\/images.nlziet.nl\/metadataimportimages\/source\/72180D45DF6759FD82595AA83958C34C7FE5FF5B91502EFDFB5FE932314262E4.jpg"},"logo":{"normalUrl":"https:\/\/cdn.nlziet.nl\/static\/assets\/contentproviders\/npo.png","darkUrl":"https:\/\/cdn.nlziet.nl\/static\/assets\/contentproviders\/dark\/npo.png","flatUrl":"https:\/\/cdn.nlziet.nl\/static\/assets\/contentproviders\/flat\/npo.png"},"tags":[],"seriesId":"6ddqYMgzhEiuKOZBVSirqg"},{"id":"pYPoE3Hx4ESJj22ywbFEVw","type":"Vod","title":"Kamp Van Koningsbrugge","subtitle":"","description":"AVROTROS - Ruim veertig uur geleden begon Kamp van Koningsbrugge. En twee lange dagen en nachten later leggen de commando-instructeurs de kandidaten nog steeds het vuur aan de schenen. We starten met de Dijkenmars, een loeizwaar parcours waarin de cursisten met bepakking acht kilometer moeten lopen totdat ze erbij neervallen. Letterlijk. Onderweg komen ze een hoge brug tegen waar ze van af moeten springen. Dan begint het programma op de vaarschool. Bij Lotfi gaat het licht uit. Volledig uitgeput moet hij aan het infuus. Er wordt gevloekt en gehuild. Maar daar is Jeroen van Koningsbrugge om zijn rekruten een hart onder de riem te steken.","formattedEpisodeNumbering":"S1:A4","formattedDate":"Za 21 nov. 2020","formattedDateShort":"Nov. 2020","formattedTime":"20:30","formattedDuration":"50m","formattedAvailabilityWindow":null,"formattedAvailabilityWindowShort":null,"image":{"portraitUrl":null,"landscapeUrl":"https:\/\/images.nlziet.nl\/metadataimportimages\/source\/1907D70C0318A6A7DB5B1B177983AFC96217CCAA8BDCACE19330FA8CCFB9B028.jpg"},"logo":{"normalUrl":"https:\/\/cdn.nlziet.nl\/static\/assets\/contentproviders\/npo.png","darkUrl":"https:\/\/cdn.nlziet.nl\/static\/assets\/contentproviders\/dark\/npo.png","flatUrl":"https:\/\/cdn.nlziet.nl\/static\/assets\/contentproviders\/flat\/npo.png"},"tags":[],"seriesId":"6ddqYMgzhEiuKOZBVSirqg"},{"id":"imM6t9FfwEK_t9XaTBi0fg","type":"Vod","title":"Kamp Van Koningsbrugge","subtitle":"","description":"AVROTROS - Na het vertrek van Ab, Zulema en Luciano gaat de loeizware training door. De cursisten wagen een sprong in het diepe en moeten hun angst zien te bedwingen op een 20 meter hoge toren. Het zweet staat hun in de handen... Nauwelijks bekomen van de sprong worden ze de boksring in geslingerd en hier draait alles om gevechtsbereidheid. Er worden flinke tikken uitgeeld... Wie blijft er overeind in de Arena van Kamp van Koningsbrugge?","formattedEpisodeNumbering":"S1:A3","formattedDate":"Za 14 nov. 2020","formattedDateShort":"Nov. 2020","formattedTime":"20:30","formattedDuration":"50m","formattedAvailabilityWindow":null,"formattedAvailabilityWindowShort":null,"image":{"portraitUrl":null,"landscapeUrl":"https:\/\/images.nlziet.nl\/metadataimportimages\/source\/21C4D6975B516D28A3AFE707BC9E6A26EB4F65A61E98D4050449976A0DFC450D.jpg"},"logo":{"normalUrl":"https:\/\/cdn.nlziet.nl\/static\/assets\/contentproviders\/npo.png","darkUrl":"https:\/\/cdn.nlziet.nl\/static\/assets\/contentproviders\/dark\/npo.png","flatUrl":"https:\/\/cdn.nlziet.nl\/static\/assets\/contentproviders\/flat\/npo.png"},"tags":[],"seriesId":"6ddqYMgzhEiuKOZBVSirqg"},{"id":"Uy0Upbj5n0Onrn0TtRsQ4g","type":"Vod","title":"Kamp Van Koningsbrugge","subtitle":"","description":"AVROTROS - Navigeren tot de zon opkomt en een uitputtende beruchte slotenmars waar geen einde aan lijkt te komen. De zware fysieke commando opleiding eist zijn tol en de cursisten wordt nauwelijks slaap gegund. Een ware veldslag waar vermoeidheid en twijfel parten spelen: ben ik commandowaardig en hoe hou ik dit vol? En dan zijn daar instructeurs Ray en Dai met het salomonsoordeel...","formattedEpisodeNumbering":"S1:A2","formattedDate":"Za 7 nov. 2020","formattedDateShort":"Nov. 2020","formattedTime":"20:35","formattedDuration":"50m","formattedAvailabilityWindow":null,"formattedAvailabilityWindowShort":null,"image":{"portraitUrl":null,"landscapeUrl":"https:\/\/images.nlziet.nl\/metadataimportimages\/source\/06988A0F9EE98E6F23D6DF62832FC4F53A528715F067C54B4FA7FE561D5A41F5.jpg"},"logo":{"normalUrl":"https:\/\/cdn.nlziet.nl\/static\/assets\/contentproviders\/npo.png","darkUrl":"https:\/\/cdn.nlziet.nl\/static\/assets\/contentproviders\/dark\/npo.png","flatUrl":"https:\/\/cdn.nlziet.nl\/static\/assets\/contentproviders\/flat\/npo.png"},"tags":[],"seriesId":"6ddqYMgzhEiuKOZBVSirqg"},{"id":"B-W6lHv_CU-JNj3IQPH-Tw","type":"Vod","title":"Kamp Van Koningsbrugge","subtitle":"","description":"AVROTROS - Jeroen van Koningsbrugge staat voor een enorme uitdaging... Zoek vijftien gewone burgers die denken dat ze mentaal en fysiek sterk genoeg zijn, om een van de zwaarste opleidingen van Nederland aan te kunnen: De opleiding van de Special Forces. Van Koningsbrugge levert zijn mensen af aan een team van zeer ervaren specialisten, die de rekruten onder handen gaat nemen. Een uniek experiment waarin het uiterste gevraagd wordt... en van Koningsbrugge is daar om zijn mannen en vrouwen een hart onder de riem te steken...","formattedEpisodeNumbering":"S1:A1","formattedDate":"Za 31 okt. 2020","formattedDateShort":"Okt. 2020","formattedTime":"20:35","formattedDuration":"55m","formattedAvailabilityWindow":null,"formattedAvailabilityWindowShort":null,"image":{"portraitUrl":null,"landscapeUrl":"https:\/\/images.nlziet.nl\/metadataimportimages\/source\/B965E6382F65D5B911B4052A20393C8CB6A29F430435DEB9FFDEA9CB0AD35937.jpg"},"logo":{"normalUrl":"https:\/\/cdn.nlziet.nl\/static\/assets\/contentproviders\/npo.png","darkUrl":"https:\/\/cdn.nlziet.nl\/static\/assets\/contentproviders\/dark\/npo.png","flatUrl":"https:\/\/cdn.nlziet.nl\/static\/assets\/contentproviders\/flat\/npo.png"},"tags":[],"seriesId":"6ddqYMgzhEiuKOZBVSirqg"}]