[{"id":"sSrz0NsjLkyP9XK4Me7AQA","type":"Vod","title":"Zappsport","subtitle":"Zappsport","description":"AVROTROS - Kindersportprogramma waarin alle takken van sport voorbijkomen.","formattedEpisodeNumbering":null,"formattedDate":"Ma 26 dec. 2016","formattedDateShort":"Dec. 2016","formattedTime":"08:40","formattedDuration":"15m","formattedAvailabilityWindow":null,"formattedAvailabilityWindowShort":null,"image":{"portraitUrl":null,"landscapeUrl":"https:\/\/images.nlziet.nl\/metadataimportimages\/source\/84E00234B2D48C4DC8C175B783FB3BA6AC959A2BE36853B82326BAEC7981244F.jpg"},"logo":{"normalUrl":"https:\/\/cdn.nlziet.nl\/static\/assets\/contentproviders\/npo.png","darkUrl":"https:\/\/cdn.nlziet.nl\/static\/assets\/contentproviders\/dark\/npo.png","flatUrl":"https:\/\/cdn.nlziet.nl\/static\/assets\/contentproviders\/flat\/npo.png"},"tags":[],"seriesId":"7QrOqPrilEGeM3pgWB1w1A"},{"id":"BxwMJyXtRUGhrpDNt5_ndg","type":"Vod","title":"Zappsport","subtitle":"Zappsport","description":"AVROTROS - Sinterklaasbattle","formattedEpisodeNumbering":null,"formattedDate":"Zo 4 dec. 2016","formattedDateShort":"Dec. 2016","formattedTime":"08:40","formattedDuration":"20m","formattedAvailabilityWindow":null,"formattedAvailabilityWindowShort":null,"image":{"portraitUrl":null,"landscapeUrl":"https:\/\/images.nlziet.nl\/metadataimportimages\/source\/B0D944E6B81706308AA3062905CDCD025442C28A728E8C480E189287ADC1FF76.jpg"},"logo":{"normalUrl":"https:\/\/cdn.nlziet.nl\/static\/assets\/contentproviders\/npo.png","darkUrl":"https:\/\/cdn.nlziet.nl\/static\/assets\/contentproviders\/dark\/npo.png","flatUrl":"https:\/\/cdn.nlziet.nl\/static\/assets\/contentproviders\/flat\/npo.png"},"tags":[],"seriesId":"7QrOqPrilEGeM3pgWB1w1A"},{"id":"oQgnnW_3D0idwNw9NsoPug","type":"Vod","title":"Zappsport","subtitle":"Zappsport","description":"AVROTROS - Kindersportprogramma waarin alle takken van sport voorbijkomen.","formattedEpisodeNumbering":null,"formattedDate":"Zo 21 aug. 2016","formattedDateShort":"Aug. 2016","formattedTime":"08:35","formattedDuration":"15m","formattedAvailabilityWindow":null,"formattedAvailabilityWindowShort":null,"image":{"portraitUrl":null,"landscapeUrl":"https:\/\/images.nlziet.nl\/metadataimportimages\/source\/E4260855CDFBECE0CDBA1795C056A3950E9F924E01CF23CA1AACC8628CC3E69F.jpg"},"logo":{"normalUrl":"https:\/\/cdn.nlziet.nl\/static\/assets\/contentproviders\/npo.png","darkUrl":"https:\/\/cdn.nlziet.nl\/static\/assets\/contentproviders\/dark\/npo.png","flatUrl":"https:\/\/cdn.nlziet.nl\/static\/assets\/contentproviders\/flat\/npo.png"},"tags":[],"seriesId":"7QrOqPrilEGeM3pgWB1w1A"},{"id":"fSRYGiht50eX8-gmAEBjNw","type":"Vod","title":"Zappsport","subtitle":"Zappsport","description":"AVROTROS - Kindersportprogramma waarin alle takken van sport voorbijkomen.","formattedEpisodeNumbering":null,"formattedDate":"Za 20 aug. 2016","formattedDateShort":"Aug. 2016","formattedTime":"08:40","formattedDuration":"15m","formattedAvailabilityWindow":null,"formattedAvailabilityWindowShort":null,"image":{"portraitUrl":null,"landscapeUrl":"https:\/\/images.nlziet.nl\/metadataimportimages\/source\/E618172F096FBE11FC19A4C0C7742623C9EFEC45A9DB2F7786747F2AA045084C.jpg"},"logo":{"normalUrl":"https:\/\/cdn.nlziet.nl\/static\/assets\/contentproviders\/npo.png","darkUrl":"https:\/\/cdn.nlziet.nl\/static\/assets\/contentproviders\/dark\/npo.png","flatUrl":"https:\/\/cdn.nlziet.nl\/static\/assets\/contentproviders\/flat\/npo.png"},"tags":[],"seriesId":"7QrOqPrilEGeM3pgWB1w1A"},{"id":"k9fK_6WJm0uKbcDeBbFSXw","type":"Vod","title":"Zappsport","subtitle":"Zappsport","description":"AVROTROS - Kindersportprogramma waarin alle takken van sport voorbijkomen.","formattedEpisodeNumbering":null,"formattedDate":"Zo 14 aug. 2016","formattedDateShort":"Aug. 2016","formattedTime":"08:35","formattedDuration":"15m","formattedAvailabilityWindow":null,"formattedAvailabilityWindowShort":null,"image":{"portraitUrl":null,"landscapeUrl":"https:\/\/images.nlziet.nl\/metadataimportimages\/source\/891758384E4711C56A8FF568DAD7E2DD1BACFE5F7B7DFD710F9858D7C846F9B0.jpg"},"logo":{"normalUrl":"https:\/\/cdn.nlziet.nl\/static\/assets\/contentproviders\/npo.png","darkUrl":"https:\/\/cdn.nlziet.nl\/static\/assets\/contentproviders\/dark\/npo.png","flatUrl":"https:\/\/cdn.nlziet.nl\/static\/assets\/contentproviders\/flat\/npo.png"},"tags":[],"seriesId":"7QrOqPrilEGeM3pgWB1w1A"},{"id":"q6yscwzvgUuURc2pXRwDHQ","type":"Vod","title":"Zappsport","subtitle":"Zappsport","description":"AVROTROS - Kindersportprogramma waarin alle takken van sport voorbijkomen.","formattedEpisodeNumbering":null,"formattedDate":"Za 13 aug. 2016","formattedDateShort":"Aug. 2016","formattedTime":"08:35","formattedDuration":"14m","formattedAvailabilityWindow":null,"formattedAvailabilityWindowShort":null,"image":{"portraitUrl":null,"landscapeUrl":"https:\/\/images.nlziet.nl\/metadataimportimages\/source\/135BFFFDBC6E18141BD59C74AEAEF1E072E1CF6118D0A3C7F81F85170433D7A9.jpg"},"logo":{"normalUrl":"https:\/\/cdn.nlziet.nl\/static\/assets\/contentproviders\/npo.png","darkUrl":"https:\/\/cdn.nlziet.nl\/static\/assets\/contentproviders\/dark\/npo.png","flatUrl":"https:\/\/cdn.nlziet.nl\/static\/assets\/contentproviders\/flat\/npo.png"},"tags":[],"seriesId":"7QrOqPrilEGeM3pgWB1w1A"},{"id":"64mNJwpFDke81G6m4RtmZg","type":"Vod","title":"Zappsport","subtitle":"Zappsport","description":"AVROTROS - Kindersportprogramma waarin alle takken van sport voorbijkomen.","formattedEpisodeNumbering":null,"formattedDate":"Zo 7 aug. 2016","formattedDateShort":"Aug. 2016","formattedTime":"08:40","formattedDuration":"15m","formattedAvailabilityWindow":null,"formattedAvailabilityWindowShort":null,"image":{"portraitUrl":null,"landscapeUrl":"https:\/\/images.nlziet.nl\/metadataimportimages\/source\/BC7EDF1D925C001F2CF3BB571E6BDE723BF00484A5958D5BF29B1540A63FC1C7.jpg"},"logo":{"normalUrl":"https:\/\/cdn.nlziet.nl\/static\/assets\/contentproviders\/npo.png","darkUrl":"https:\/\/cdn.nlziet.nl\/static\/assets\/contentproviders\/dark\/npo.png","flatUrl":"https:\/\/cdn.nlziet.nl\/static\/assets\/contentproviders\/flat\/npo.png"},"tags":[],"seriesId":"7QrOqPrilEGeM3pgWB1w1A"},{"id":"t6cqUBLXPUyO_c4Ocoq2SQ","type":"Vod","title":"Zappsport","subtitle":"Zappsport","description":"AVROTROS - Kindersportprogramma waarin alle takken van sport voorbijkomen.","formattedEpisodeNumbering":null,"formattedDate":"Za 6 aug. 2016","formattedDateShort":"Aug. 2016","formattedTime":"08:40","formattedDuration":"15m","formattedAvailabilityWindow":null,"formattedAvailabilityWindowShort":null,"image":{"portraitUrl":null,"landscapeUrl":"https:\/\/images.nlziet.nl\/metadataimportimages\/source\/EDDB5DE776159B5B25A1559EFB74067324465EBBDF5F82BE8A9F2A42114FACEF.jpg"},"logo":{"normalUrl":"https:\/\/cdn.nlziet.nl\/static\/assets\/contentproviders\/npo.png","darkUrl":"https:\/\/cdn.nlziet.nl\/static\/assets\/contentproviders\/dark\/npo.png","flatUrl":"https:\/\/cdn.nlziet.nl\/static\/assets\/contentproviders\/flat\/npo.png"},"tags":[],"seriesId":"7QrOqPrilEGeM3pgWB1w1A"},{"id":"9DF7-EzS50-iCeBiXYlTqQ","type":"Vod","title":"Zappsport","subtitle":"Zappsport","description":"AVROTROS - Kindersportprogramma waarin alle takken van sport voorbijkomen.","formattedEpisodeNumbering":null,"formattedDate":"Zo 31 jul. 2016","formattedDateShort":"Jul. 2016","formattedTime":"08:35","formattedDuration":"16m","formattedAvailabilityWindow":null,"formattedAvailabilityWindowShort":null,"image":{"portraitUrl":null,"landscapeUrl":"https:\/\/images.nlziet.nl\/metadataimportimages\/source\/4F69C9791FED4AF7EEDD84E6355B10F77A24DF4A7B3E04953BFE1494D525770D.jpg"},"logo":{"normalUrl":"https:\/\/cdn.nlziet.nl\/static\/assets\/contentproviders\/npo.png","darkUrl":"https:\/\/cdn.nlziet.nl\/static\/assets\/contentproviders\/dark\/npo.png","flatUrl":"https:\/\/cdn.nlziet.nl\/static\/assets\/contentproviders\/flat\/npo.png"},"tags":[],"seriesId":"7QrOqPrilEGeM3pgWB1w1A"},{"id":"Kkm3Ftxm0UChE0jSu4plow","type":"Vod","title":"Zappsport","subtitle":"Zappsport","description":"AVROTROS - Kindersportprogramma waarin alle takken van sport voorbijkomen.","formattedEpisodeNumbering":null,"formattedDate":"Za 30 jul. 2016","formattedDateShort":"Jul. 2016","formattedTime":"08:40","formattedDuration":"15m","formattedAvailabilityWindow":null,"formattedAvailabilityWindowShort":null,"image":{"portraitUrl":null,"landscapeUrl":"https:\/\/images.nlziet.nl\/metadataimportimages\/source\/BF85F9C25FED9BD7E4C1EFEFDE029399183CB0AF7EDBFF41383221161C916E97.jpg"},"logo":{"normalUrl":"https:\/\/cdn.nlziet.nl\/static\/assets\/contentproviders\/npo.png","darkUrl":"https:\/\/cdn.nlziet.nl\/static\/assets\/contentproviders\/dark\/npo.png","flatUrl":"https:\/\/cdn.nlziet.nl\/static\/assets\/contentproviders\/flat\/npo.png"},"tags":[],"seriesId":"7QrOqPrilEGeM3pgWB1w1A"},{"id":"cIYU5P9myUSpZrci2HSSmw","type":"Vod","title":"Zappsport","subtitle":"Zappsport","description":"AVROTROS - Kindersportprogramma waarin alle takken van sport voorbijkomen.","formattedEpisodeNumbering":null,"formattedDate":"Zo 24 jul. 2016","formattedDateShort":"Jul. 2016","formattedTime":"08:35","formattedDuration":"14m","formattedAvailabilityWindow":null,"formattedAvailabilityWindowShort":null,"image":{"portraitUrl":null,"landscapeUrl":"https:\/\/images.nlziet.nl\/metadataimportimages\/source\/C06D72AE497DA84F3311A6C766951F4FFB6493E8C04C3F8097B1A4CA9B3DE1B1.jpg"},"logo":{"normalUrl":"https:\/\/cdn.nlziet.nl\/static\/assets\/contentproviders\/npo.png","darkUrl":"https:\/\/cdn.nlziet.nl\/static\/assets\/contentproviders\/dark\/npo.png","flatUrl":"https:\/\/cdn.nlziet.nl\/static\/assets\/contentproviders\/flat\/npo.png"},"tags":[],"seriesId":"7QrOqPrilEGeM3pgWB1w1A"},{"id":"1X0T4X4OlE6i_iwycUAh3A","type":"Vod","title":"Zappsport","subtitle":"Zappsport","description":"AVROTROS - Kindersportprogramma waarin alle takken van sport voorbijkomen.","formattedEpisodeNumbering":null,"formattedDate":"Za 23 jul. 2016","formattedDateShort":"Jul. 2016","formattedTime":"08:40","formattedDuration":"15m","formattedAvailabilityWindow":null,"formattedAvailabilityWindowShort":null,"image":{"portraitUrl":null,"landscapeUrl":"https:\/\/images.nlziet.nl\/metadataimportimages\/source\/1CF1DF650A6228C886A0D3A8DE276A5553470C8A78F93D045BA31375FC5F88B0.jpg"},"logo":{"normalUrl":"https:\/\/cdn.nlziet.nl\/static\/assets\/contentproviders\/npo.png","darkUrl":"https:\/\/cdn.nlziet.nl\/static\/assets\/contentproviders\/dark\/npo.png","flatUrl":"https:\/\/cdn.nlziet.nl\/static\/assets\/contentproviders\/flat\/npo.png"},"tags":[],"seriesId":"7QrOqPrilEGeM3pgWB1w1A"},{"id":"AY7uZ8fow0Ws64ZZXcN4rQ","type":"Vod","title":"Zappsport","subtitle":"Zappsport","description":"AVROTROS - Kindersportprogramma waarin alle takken van sport voorbijkomen.","formattedEpisodeNumbering":null,"formattedDate":"Zo 17 jul. 2016","formattedDateShort":"Jul. 2016","formattedTime":"08:40","formattedDuration":"15m","formattedAvailabilityWindow":null,"formattedAvailabilityWindowShort":null,"image":{"portraitUrl":null,"landscapeUrl":"https:\/\/images.nlziet.nl\/metadataimportimages\/source\/420243D325B0783113086B6D5C83DA0F4171C2A1E08BBBC430C8B181703739F6.jpg"},"logo":{"normalUrl":"https:\/\/cdn.nlziet.nl\/static\/assets\/contentproviders\/npo.png","darkUrl":"https:\/\/cdn.nlziet.nl\/static\/assets\/contentproviders\/dark\/npo.png","flatUrl":"https:\/\/cdn.nlziet.nl\/static\/assets\/contentproviders\/flat\/npo.png"},"tags":[],"seriesId":"7QrOqPrilEGeM3pgWB1w1A"},{"id":"dTZO-v5VqUSPpGiESx-3YQ","type":"Vod","title":"Zappsport","subtitle":"Zappsport","description":"AVROTROS - Kindersportprogramma waarin alle takken van sport voorbijkomen.","formattedEpisodeNumbering":null,"formattedDate":"Za 16 jul. 2016","formattedDateShort":"Jul. 2016","formattedTime":"08:40","formattedDuration":"15m","formattedAvailabilityWindow":null,"formattedAvailabilityWindowShort":null,"image":{"portraitUrl":null,"landscapeUrl":"https:\/\/images.nlziet.nl\/metadataimportimages\/source\/7D402081B90D3D29E45E4254669436AB48812ADF3531D0C3504189EEB8F1F0A6.jpg"},"logo":{"normalUrl":"https:\/\/cdn.nlziet.nl\/static\/assets\/contentproviders\/npo.png","darkUrl":"https:\/\/cdn.nlziet.nl\/static\/assets\/contentproviders\/dark\/npo.png","flatUrl":"https:\/\/cdn.nlziet.nl\/static\/assets\/contentproviders\/flat\/npo.png"},"tags":[],"seriesId":"7QrOqPrilEGeM3pgWB1w1A"},{"id":"zFYmEkEnkkSSDxgv7Oc4WQ","type":"Vod","title":"Zappsport","subtitle":"Zappsport","description":"AVROTROS - Kindersportprogramma waarin alle takken van sport voorbijkomen.","formattedEpisodeNumbering":null,"formattedDate":"Zo 10 jul. 2016","formattedDateShort":"Jul. 2016","formattedTime":"08:40","formattedDuration":"15m","formattedAvailabilityWindow":null,"formattedAvailabilityWindowShort":null,"image":{"portraitUrl":null,"landscapeUrl":"https:\/\/images.nlziet.nl\/metadataimportimages\/source\/8DE8ACDA94361620F9915A52707B5CCA808068C7FC7A3DE36887BBF8C7E1AB4C.jpg"},"logo":{"normalUrl":"https:\/\/cdn.nlziet.nl\/static\/assets\/contentproviders\/npo.png","darkUrl":"https:\/\/cdn.nlziet.nl\/static\/assets\/contentproviders\/dark\/npo.png","flatUrl":"https:\/\/cdn.nlziet.nl\/static\/assets\/contentproviders\/flat\/npo.png"},"tags":[],"seriesId":"7QrOqPrilEGeM3pgWB1w1A"},{"id":"UwCt3B5D40yQNR6jvX8pWg","type":"Vod","title":"Zappsport","subtitle":"Zappsport","description":"AVROTROS - Kindersportprogramma waarin alle takken van sport voorbijkomen.","formattedEpisodeNumbering":null,"formattedDate":"Za 9 jul. 2016","formattedDateShort":"Jul. 2016","formattedTime":"08:35","formattedDuration":"15m","formattedAvailabilityWindow":null,"formattedAvailabilityWindowShort":null,"image":{"portraitUrl":null,"landscapeUrl":"https:\/\/images.nlziet.nl\/metadataimportimages\/source\/C24B14C35D08D8596FE787BEE31C632FCB659E4DB3BC0D88DAF921C876C4309D.jpg"},"logo":{"normalUrl":"https:\/\/cdn.nlziet.nl\/static\/assets\/contentproviders\/npo.png","darkUrl":"https:\/\/cdn.nlziet.nl\/static\/assets\/contentproviders\/dark\/npo.png","flatUrl":"https:\/\/cdn.nlziet.nl\/static\/assets\/contentproviders\/flat\/npo.png"},"tags":[],"seriesId":"7QrOqPrilEGeM3pgWB1w1A"},{"id":"Fa2B0e9eSkCqm1D5Z2QvTw","type":"Vod","title":"Zappsport","subtitle":"Zappsport","description":"AVROTROS - Kindersportprogramma waarin alle takken van sport voorbijkomen.","formattedEpisodeNumbering":null,"formattedDate":"Zo 3 jul. 2016","formattedDateShort":"Jul. 2016","formattedTime":"08:40","formattedDuration":"14m","formattedAvailabilityWindow":null,"formattedAvailabilityWindowShort":null,"image":{"portraitUrl":null,"landscapeUrl":"https:\/\/images.nlziet.nl\/metadataimportimages\/source\/7016CFAB0A3C97CAD7A66439DD9E89993C46B8B01D6FEDCBAD8C0EC91C8A19AC.jpg"},"logo":{"normalUrl":"https:\/\/cdn.nlziet.nl\/static\/assets\/contentproviders\/npo.png","darkUrl":"https:\/\/cdn.nlziet.nl\/static\/assets\/contentproviders\/dark\/npo.png","flatUrl":"https:\/\/cdn.nlziet.nl\/static\/assets\/contentproviders\/flat\/npo.png"},"tags":[],"seriesId":"7QrOqPrilEGeM3pgWB1w1A"},{"id":"gUqyP3OU70CILmDNxqoMgA","type":"Vod","title":"Zappsport","subtitle":"Zappsport","description":"AVROTROS - Kindersportprogramma waarin alle takken van sport voorbijkomen.","formattedEpisodeNumbering":null,"formattedDate":"Za 2 jul. 2016","formattedDateShort":"Jul. 2016","formattedTime":"08:35","formattedDuration":"15m","formattedAvailabilityWindow":null,"formattedAvailabilityWindowShort":null,"image":{"portraitUrl":null,"landscapeUrl":"https:\/\/images.nlziet.nl\/metadataimportimages\/source\/AC273A8E3A67409B30AC5E8D1C2680E48293446F1A7D6801C752C2DC1E0C004B.jpg"},"logo":{"normalUrl":"https:\/\/cdn.nlziet.nl\/static\/assets\/contentproviders\/npo.png","darkUrl":"https:\/\/cdn.nlziet.nl\/static\/assets\/contentproviders\/dark\/npo.png","flatUrl":"https:\/\/cdn.nlziet.nl\/static\/assets\/contentproviders\/flat\/npo.png"},"tags":[],"seriesId":"7QrOqPrilEGeM3pgWB1w1A"},{"id":"jgReW0EbCUaUJd6iEe_OjA","type":"Vod","title":"Zappsport","subtitle":"Zappsport","description":"AVROTROS - Kindersportprogramma waarin alle takken van sport voorbijkomen.","formattedEpisodeNumbering":null,"formattedDate":"Zo 26 jun. 2016","formattedDateShort":"Jun. 2016","formattedTime":"08:40","formattedDuration":"15m","formattedAvailabilityWindow":null,"formattedAvailabilityWindowShort":null,"image":{"portraitUrl":null,"landscapeUrl":"https:\/\/images.nlziet.nl\/metadataimportimages\/source\/2F9DF371E3C4886ADA1AEC04DD8B8C222DE089D922D4ECF99F2649C52507C7C9.jpg"},"logo":{"normalUrl":"https:\/\/cdn.nlziet.nl\/static\/assets\/contentproviders\/npo.png","darkUrl":"https:\/\/cdn.nlziet.nl\/static\/assets\/contentproviders\/dark\/npo.png","flatUrl":"https:\/\/cdn.nlziet.nl\/static\/assets\/contentproviders\/flat\/npo.png"},"tags":[],"seriesId":"7QrOqPrilEGeM3pgWB1w1A"},{"id":"W8cIl0mxd0G4rwhdak86Ow","type":"Vod","title":"Zappsport","subtitle":"Zappsport","description":"AVROTROS - Kindersportprogramma waarin alle takken van sport voorbijkomen.","formattedEpisodeNumbering":null,"formattedDate":"Za 25 jun. 2016","formattedDateShort":"Jun. 2016","formattedTime":"08:40","formattedDuration":"15m","formattedAvailabilityWindow":null,"formattedAvailabilityWindowShort":null,"image":{"portraitUrl":null,"landscapeUrl":"https:\/\/images.nlziet.nl\/metadataimportimages\/source\/7F11F4AD53FFF0EA57A13DDFB931298EF42CF54336C2D6F2578ABC2F549BB73D.jpg"},"logo":{"normalUrl":"https:\/\/cdn.nlziet.nl\/static\/assets\/contentproviders\/npo.png","darkUrl":"https:\/\/cdn.nlziet.nl\/static\/assets\/contentproviders\/dark\/npo.png","flatUrl":"https:\/\/cdn.nlziet.nl\/static\/assets\/contentproviders\/flat\/npo.png"},"tags":[],"seriesId":"7QrOqPrilEGeM3pgWB1w1A"},{"id":"9xgNTOrHTk61Gw9vDddTMQ","type":"Vod","title":"Zappsport","subtitle":"Zappsport","description":"AVROTROS - Kindersportprogramma waarin alle takken van sport voorbijkomen.","formattedEpisodeNumbering":null,"formattedDate":"Zo 19 jun. 2016","formattedDateShort":"Jun. 2016","formattedTime":"08:35","formattedDuration":"15m","formattedAvailabilityWindow":null,"formattedAvailabilityWindowShort":null,"image":{"portraitUrl":null,"landscapeUrl":"https:\/\/images.nlziet.nl\/metadataimportimages\/source\/E64B84D91F9F636909825760989CA9EDE0993C38CD20F7D6D22E87480A0667E8.jpg"},"logo":{"normalUrl":"https:\/\/cdn.nlziet.nl\/static\/assets\/contentproviders\/npo.png","darkUrl":"https:\/\/cdn.nlziet.nl\/static\/assets\/contentproviders\/dark\/npo.png","flatUrl":"https:\/\/cdn.nlziet.nl\/static\/assets\/contentproviders\/flat\/npo.png"},"tags":[],"seriesId":"7QrOqPrilEGeM3pgWB1w1A"},{"id":"TgOMRJkHWU6HFL6xR5fkIA","type":"Vod","title":"Zappsport","subtitle":"Zappsport","description":"AVROTROS - Kindersportprogramma waarin alle takken van sport voorbijkomen.","formattedEpisodeNumbering":null,"formattedDate":"Za 18 jun. 2016","formattedDateShort":"Jun. 2016","formattedTime":"08:40","formattedDuration":"14m","formattedAvailabilityWindow":null,"formattedAvailabilityWindowShort":null,"image":{"portraitUrl":null,"landscapeUrl":"https:\/\/images.nlziet.nl\/metadataimportimages\/source\/FB2A8E5502494A276AE7A6508DA46D0B66FB4911DDF226AF7F14177BEC78E7F4.jpg"},"logo":{"normalUrl":"https:\/\/cdn.nlziet.nl\/static\/assets\/contentproviders\/npo.png","darkUrl":"https:\/\/cdn.nlziet.nl\/static\/assets\/contentproviders\/dark\/npo.png","flatUrl":"https:\/\/cdn.nlziet.nl\/static\/assets\/contentproviders\/flat\/npo.png"},"tags":[],"seriesId":"7QrOqPrilEGeM3pgWB1w1A"}]