[{"id":"KCgUWzVxkEeat6EALjWqKA","type":"Vod","title":"De Eindmusical","subtitle":"Aflevering 15 & 16","description":"AVROTROS - De leerlingen werken toe naar de opvoering van hun Eindmusical. Casimir wil niet meer meedoen met de musical, omdat hij wordt gepest met zijn naam. En hoofdrolspeelster Mila voelt zich niet lekker. * Het grote moment is daar: de opvoering van de eindmusical in het theater. Wekenlang hebben de leerlingen hier naartoe geleefd. Voor Tessel is het extra spannend, zullen haar ruzi\u00ebnde ouders allebei in het publiek zitten? En hoe loopt het af met de liefde tussen Mila en Ibrahim?","formattedEpisodeNumbering":null,"formattedDate":"Za 26 mei. 2018","formattedDateShort":"Mei. 2018","formattedTime":"17:35","formattedDuration":"24m","formattedAvailabilityWindow":null,"formattedAvailabilityWindowShort":null,"image":{"portraitUrl":null,"landscapeUrl":"https:\/\/images.nlziet.nl\/metadataimportimages\/source\/FF7F951414B28D770FA549A7AFAC51309AC5682BE6B4A7240758F4C617E80682.jpg"},"logo":{"normalUrl":"https:\/\/cdn.nlziet.nl\/static\/assets\/contentproviders\/npo.png","darkUrl":"https:\/\/cdn.nlziet.nl\/static\/assets\/contentproviders\/dark\/npo.png","flatUrl":"https:\/\/cdn.nlziet.nl\/static\/assets\/contentproviders\/flat\/npo.png"},"tags":[],"seriesId":"7d5yUz7290i2ZYGYqJN28g"},{"id":"vEsG7J3aAk-jICFCQ6D_pw","type":"Vod","title":"De Eindmusical","subtitle":"Aflevering 13 & 14","description":"AVROTROS - Rein van Duivenboden komt langs. Hij gaat met de jongens aan de slag die kans maken om de boyband te spelen in de musical. Michiel wil weten hoe het zit tussen Mila en Ibrahim. * De juf komt erachter wie de lamp kapot heeft gemaakt en die stuurt zij naar huis. De klas gaat staken, omdat ze met de hele groep de musical af willen maken. Het kamp zit er bijna op en de hele rolverdeling van de eindmusical wordt bekend.","formattedEpisodeNumbering":null,"formattedDate":"Za 19 mei. 2018","formattedDateShort":"Mei. 2018","formattedTime":"17:40","formattedDuration":"24m","formattedAvailabilityWindow":null,"formattedAvailabilityWindowShort":null,"image":{"portraitUrl":null,"landscapeUrl":"https:\/\/images.nlziet.nl\/metadataimportimages\/source\/20F856319DCB74F7ADFA361A4E08583200E7DA45D95861D17E42AA7E7A805878.jpg"},"logo":{"normalUrl":"https:\/\/cdn.nlziet.nl\/static\/assets\/contentproviders\/npo.png","darkUrl":"https:\/\/cdn.nlziet.nl\/static\/assets\/contentproviders\/dark\/npo.png","flatUrl":"https:\/\/cdn.nlziet.nl\/static\/assets\/contentproviders\/flat\/npo.png"},"tags":[],"seriesId":"7d5yUz7290i2ZYGYqJN28g"},{"id":"Yqy6FOeH_EWcCIFiHlX0eQ","type":"Vod","title":"De Eindmusical","subtitle":"Aflevering 11 & 12","description":"AVROTROS - Teun komt met het plan om 's avonds stiekem een feest te geven. Merel en Mila hebben ruzie en gaan repeteren voor de hoofdrol van Emma. * Choreograaf Nick komt langs om de leerlingen dansles te geven. De musicalcoaches maken bekend wie de hoofdrol van Emma krijgt en wie de rol van Carl gaat spelen. De klas bouwt 's avonds stiekem een feestje, maar dat gaat helemaal mis.","formattedEpisodeNumbering":null,"formattedDate":"Za 12 mei. 2018","formattedDateShort":"Mei. 2018","formattedTime":"17:40","formattedDuration":"24m","formattedAvailabilityWindow":null,"formattedAvailabilityWindowShort":null,"image":{"portraitUrl":null,"landscapeUrl":"https:\/\/images.nlziet.nl\/metadataimportimages\/source\/3DEE3F1F296B235BADDCECE9048838810CFEB378FC14303E0EDBDF8DD712C033.jpg"},"logo":{"normalUrl":"https:\/\/cdn.nlziet.nl\/static\/assets\/contentproviders\/npo.png","darkUrl":"https:\/\/cdn.nlziet.nl\/static\/assets\/contentproviders\/dark\/npo.png","flatUrl":"https:\/\/cdn.nlziet.nl\/static\/assets\/contentproviders\/flat\/npo.png"},"tags":[],"seriesId":"7d5yUz7290i2ZYGYqJN28g"},{"id":"p-hONyvBpkCxSfi7XwtKZw","type":"Vod","title":"De Eindmusical","subtitle":"Aflevering 9 & 10","description":"AVROTROS - De jongens repeteren voor de rol van rapper Boss B. Yare biecht een geheim op aan haar vriendinnen en dat wordt haar niet in dank afgenomen. De vonk tussen Ibrahim en Mila slaat letterlijk over. * De meiden besluiten dat Yare niet meer bij hen op de kamer mag slapen. De musicalcoaches maken de rollen bekend van het meisjesduo, hiphopper Jeffrey en van de jongens hoofdrol: rapper Boss B.","formattedEpisodeNumbering":null,"formattedDate":"Di 8 mei. 2018","formattedDateShort":"Mei. 2018","formattedTime":"17:40","formattedDuration":"24m","formattedAvailabilityWindow":null,"formattedAvailabilityWindowShort":null,"image":{"portraitUrl":null,"landscapeUrl":"https:\/\/images.nlziet.nl\/metadataimportimages\/source\/483346BE9D62AA5D4866F771738F39A3B30544F7F918BB294BFE3B1A118D6721.jpg"},"logo":{"normalUrl":"https:\/\/cdn.nlziet.nl\/static\/assets\/contentproviders\/npo.png","darkUrl":"https:\/\/cdn.nlziet.nl\/static\/assets\/contentproviders\/dark\/npo.png","flatUrl":"https:\/\/cdn.nlziet.nl\/static\/assets\/contentproviders\/flat\/npo.png"},"tags":[],"seriesId":"7d5yUz7290i2ZYGYqJN28g"},{"id":"w6WCyDBu5UOrKh0gDxAW2w","type":"Vod","title":"De Eindmusical","subtitle":"Aflevering 7 & 8","description":"AVROTROS - Lev is er helemaal klaar mee en loopt weg. Acteur Patrick Martens komt langs om de leerlingen een workshop te geven op het gebied van komedie. * Merel is op zoek naar Lev. De klas repeteert verder voor de musical met de coaches en acteur Patrick Martens. De musicalcoaches maken bekend wie de komische rol van schoonmaakster Nel gaat spelen. En daar is niet iedereen even blij mee.","formattedEpisodeNumbering":null,"formattedDate":"Za 28 apr. 2018","formattedDateShort":"Apr. 2018","formattedTime":"17:40","formattedDuration":"25m","formattedAvailabilityWindow":null,"formattedAvailabilityWindowShort":null,"image":{"portraitUrl":null,"landscapeUrl":"https:\/\/images.nlziet.nl\/metadataimportimages\/source\/327D743C9C484F90044DDBE9D4765B873C29CCA8FDA9315CAFE12C4E86F2ACCF.jpg"},"logo":{"normalUrl":"https:\/\/cdn.nlziet.nl\/static\/assets\/contentproviders\/npo.png","darkUrl":"https:\/\/cdn.nlziet.nl\/static\/assets\/contentproviders\/dark\/npo.png","flatUrl":"https:\/\/cdn.nlziet.nl\/static\/assets\/contentproviders\/flat\/npo.png"},"tags":[],"seriesId":"7d5yUz7290i2ZYGYqJN28g"},{"id":"BkotKlAok0KwXo_x7bQFUQ","type":"Vod","title":"De Eindmusical","subtitle":"Aflevering 5 & 6","description":"AVROTROS - Lev is ziek van de heimwee. Mila vindt Ibrahim leuk, maar Ibrahim heeft verkering met Merel. De jongens repeteren voor de stoere musicalrol van Boss B. * Lev biecht op dat hij de sleutel van de kluis heeft gestolen. Ibrahim maakt het uit met Merel. De strijd om de hoofdrol tussen vriendinnen Lieke en Evi wordt steeds heftiger. Lieke wordt er onzeker van en durft niet meer te zingen.","formattedEpisodeNumbering":null,"formattedDate":"Za 21 apr. 2018","formattedDateShort":"Apr. 2018","formattedTime":"17:35","formattedDuration":"24m","formattedAvailabilityWindow":null,"formattedAvailabilityWindowShort":null,"image":{"portraitUrl":null,"landscapeUrl":"https:\/\/images.nlziet.nl\/metadataimportimages\/source\/A32E9F45ABFCE8F226FC89408D1908ADA4EDCBF33CEDB651F42129911A227A14.jpg"},"logo":{"normalUrl":"https:\/\/cdn.nlziet.nl\/static\/assets\/contentproviders\/npo.png","darkUrl":"https:\/\/cdn.nlziet.nl\/static\/assets\/contentproviders\/dark\/npo.png","flatUrl":"https:\/\/cdn.nlziet.nl\/static\/assets\/contentproviders\/flat\/npo.png"},"tags":[],"seriesId":"7d5yUz7290i2ZYGYqJN28g"},{"id":"HBapFUQ7k0SNNkR2f-iJkw","type":"Vod","title":"De Eindmusical","subtitle":"Aflevering 3 & 4","description":"AVROTROS - Lev verzint een list om zijn sim-kaart terug te bemachtigen zodat hij zijn moeder kan bellen. Hij heeft ontzettend last van heimwee. Beste vriendinnen Lieke en Evi strijden voor de rol van 'Nel'. * Lev probeert samen met zijn vrienden de kluis te kraken waarin hun simkaarten liggen. Ibrahim en Merel krijgen ruzie over de musicalrepetitie. Merel maakt zich zorgen om hun relatie en vraagt Mila om haar te helpen.","formattedEpisodeNumbering":null,"formattedDate":"Za 14 apr. 2018","formattedDateShort":"Apr. 2018","formattedTime":"17:40","formattedDuration":"23m","formattedAvailabilityWindow":null,"formattedAvailabilityWindowShort":null,"image":{"portraitUrl":null,"landscapeUrl":"https:\/\/images.nlziet.nl\/metadataimportimages\/source\/8D3F7C59B1DDB443D6FCBA0EDFE67451FEE68AAF4217965E64355FE9E713CCE4.jpg"},"logo":{"normalUrl":"https:\/\/cdn.nlziet.nl\/static\/assets\/contentproviders\/npo.png","darkUrl":"https:\/\/cdn.nlziet.nl\/static\/assets\/contentproviders\/dark\/npo.png","flatUrl":"https:\/\/cdn.nlziet.nl\/static\/assets\/contentproviders\/flat\/npo.png"},"tags":[],"seriesId":"7d5yUz7290i2ZYGYqJN28g"},{"id":"64a93mabuEiPj0XtbQj6BA","type":"Vod","title":"De Eindmusical","subtitle":"Aflevering 1 & 2","description":"AVROTROS - We maken kennis met de groep \u00e9n met musicalexpert Maurice Wijnen, regisseur Carline Brouwer en zangcoach Sanne de Winter. Er is veel gezelligheid in het huis, maar er wordt ook hard gewerkt aan de musical. * Het wordt duidelijk dat Lev, \u00e9\u00e9n van de stoerdere jongens, eigenlijk heimwee heeft. Mila wil het uitmaken met Michiel, maar dat durft ze niet. De musicalcoaches besluiten alle simkaarten in te nemen omdat de klas teveel met hun mobiele telefoon bezig is.","formattedEpisodeNumbering":null,"formattedDate":"Za 7 apr. 2018","formattedDateShort":"Apr. 2018","formattedTime":"17:40","formattedDuration":"24m","formattedAvailabilityWindow":null,"formattedAvailabilityWindowShort":null,"image":{"portraitUrl":null,"landscapeUrl":"https:\/\/images.nlziet.nl\/metadataimportimages\/source\/1085B76FCB5E7C14DD6D00EF5D0583A0E824DD005CC97AABD8D3D9185CAA9E4E.jpg"},"logo":{"normalUrl":"https:\/\/cdn.nlziet.nl\/static\/assets\/contentproviders\/npo.png","darkUrl":"https:\/\/cdn.nlziet.nl\/static\/assets\/contentproviders\/dark\/npo.png","flatUrl":"https:\/\/cdn.nlziet.nl\/static\/assets\/contentproviders\/flat\/npo.png"},"tags":[],"seriesId":"7d5yUz7290i2ZYGYqJN28g"},{"id":"VPILx_cbXkq1rduOH3Kuxg","type":"Vod","title":"De Eindmusical","subtitle":"Marathon Eindmusical","description":"AVROTROS - Een groep 8 klas uit Schiedam gaat samen met musicalprofessionals Maurice Wijnen en Carline Brouwer naar een vakantiehuis in Friesland om daar hun groep 8 musical in te studeren. De klas begint met veel plezier aan de musicalrepetities en de rollen worden verdeeld. Maar wie kan er het beste zingen en krijgt uiteindelijk de hoofdrol? Wordt het Daniel, de stille jongen die leeft voor zijn muziek? Of wordt het Gijs, die alleen maar de hoofdrol wil spelen, zodat hij met Luna mag zoenen, het meisje waar hij al jarenlang stiekem verliefd op is? Terwijl de sfeer in de klas goed is en iedereen heel veel zin heeft in de musical, dreigt de musical helemaal niet door te gaan als blijkt dat er allerlei spullen van de leerlingen gestolen zijn...","formattedEpisodeNumbering":null,"formattedDate":"Za 13 jul. 2019","formattedDateShort":"Jul. 2019","formattedTime":"10:55","formattedDuration":"48m","formattedAvailabilityWindow":null,"formattedAvailabilityWindowShort":null,"image":{"portraitUrl":null,"landscapeUrl":"https:\/\/images.nlziet.nl\/metadataimportimages\/source\/D4EC4C04021CB27A6E96D53998B23DFB01960B3018DEFAF63DE29DA606115954.jpg"},"logo":{"normalUrl":"https:\/\/cdn.nlziet.nl\/static\/assets\/contentproviders\/npo.png","darkUrl":"https:\/\/cdn.nlziet.nl\/static\/assets\/contentproviders\/dark\/npo.png","flatUrl":"https:\/\/cdn.nlziet.nl\/static\/assets\/contentproviders\/flat\/npo.png"},"tags":[],"seriesId":"7d5yUz7290i2ZYGYqJN28g"}]