[{"id":"RxmUiEwUD0yUHywQ1lNP2g","contentProvider":"Npo","type":"Vod","title":"Karen Pirie","subtitle":"Karen Pirie","description":"In 1996 wordt Rosie Duff dood aangetroffen door drie dronken studenten. De dader zou een van de studenten kunnen zijn, maar er is te weinig bewijs. Bijna 25 jaar later gaat brigadier Karen Pirie de zaak opnieuw onderzoeken naar aanleiding van een spraakmakende misdaadpodcast over dit onderwerp.","formattedEpisodeNumbering":"S1:A1","formattedDate":"Za 3 dec. 2022","formattedDateShort":"Dec. 2022","formattedTime":"23:13","formattedDuration":"1u 27m","formattedAvailabilityWindow":null,"formattedAvailabilityWindowShort":null,"availableUntil":"2023-08-31T22:00:00+00:00","image":{"portraitUrl":null,"landscapeUrl":"https:\/\/images.nlziet.nl\/metadataimportimages\/source\/29C784A5BEE4DAF3E67A634D29F66FFB01CF493594A7EC5CBEF184D0E4B13FFC.jpg"},"logo":{"normalUrl":"https:\/\/cdn.nlziet.nl\/static\/assets\/contentproviders\/npo.png","darkUrl":"https:\/\/cdn.nlziet.nl\/static\/assets\/contentproviders\/dark\/npo.png","flatUrl":"https:\/\/cdn.nlziet.nl\/static\/assets\/contentproviders\/flat\/npo.png"},"tags":[],"seriesId":"4Dw8TsIY1E2BQNoFWFix8A","seasonId":"dhyinDhW9UGFlROL90wXBg","isAvailable":true},{"id":"Je06_f5HN0Kbc9nYYDXgvA","contentProvider":"Npo","type":"Vod","title":"Karen Pirie","subtitle":"Karen Pirie","description":"Een van de verdachten in het heropende moordonderzoek wordt aangereden. Er wordt gekeken of de broers van Rosie er iets van weten. Langzaam wordt duidelijk wat de gevolgen van de moord zijn voor de drie verdachte studenten, toen en nu. Brigadier Karen Pirie gaat op eigen houtje langs bij Rosie's teruggevonden dochter Grace.","formattedEpisodeNumbering":"S1:A2","formattedDate":"Za 10 dec. 2022","formattedDateShort":"Dec. 2022","formattedTime":"23:40","formattedDuration":"1u 26m","formattedAvailabilityWindow":null,"formattedAvailabilityWindowShort":null,"availableUntil":"2023-08-31T22:00:00+00:00","image":{"portraitUrl":null,"landscapeUrl":"https:\/\/images.nlziet.nl\/metadataimportimages\/source\/FC63242B5E8AF3771A6DC3E269344BA33255DA2F8EF1F383EBABAE2B24B3376F.jpg"},"logo":{"normalUrl":"https:\/\/cdn.nlziet.nl\/static\/assets\/contentproviders\/npo.png","darkUrl":"https:\/\/cdn.nlziet.nl\/static\/assets\/contentproviders\/dark\/npo.png","flatUrl":"https:\/\/cdn.nlziet.nl\/static\/assets\/contentproviders\/flat\/npo.png"},"tags":[],"seriesId":"4Dw8TsIY1E2BQNoFWFix8A","seasonId":"dhyinDhW9UGFlROL90wXBg","isAvailable":true},{"id":"SJOtPJH8eU-fOEMDDvbJyQ","contentProvider":"Npo","type":"Vod","title":"Karen Pirie","subtitle":"Karen Pirie","description":"Karen Pirie duikt dieper in het oorspronkelijke moordonderzoek en er duiken steeds meer vreemde zaken op. Ze arresteert een van de bekende verdachten, maar hij blijkt onschuldig te zijn. Wel wordt nu duidelijk waarom de studenten al die tijd hebben gelogen. Een nieuw spoor leidt Karen naar een heel onverwachte dader, maar ondertussen loopt de situatie steeds verder uit de hand.","formattedEpisodeNumbering":"S1:A3","formattedDate":"Za 17 dec. 2022","formattedDateShort":"Dec. 2022","formattedTime":"23:00","formattedDuration":"1u 30m","formattedAvailabilityWindow":null,"formattedAvailabilityWindowShort":null,"availableUntil":"2023-08-31T22:00:00+00:00","image":{"portraitUrl":null,"landscapeUrl":"https:\/\/images.nlziet.nl\/metadataimportimages\/source\/20171A087689600FB4FAE817059B3D36DB85D3E75DF55AC8819E5D5D81370E40.jpg"},"logo":{"normalUrl":"https:\/\/cdn.nlziet.nl\/static\/assets\/contentproviders\/npo.png","darkUrl":"https:\/\/cdn.nlziet.nl\/static\/assets\/contentproviders\/dark\/npo.png","flatUrl":"https:\/\/cdn.nlziet.nl\/static\/assets\/contentproviders\/flat\/npo.png"},"tags":[],"seriesId":"4Dw8TsIY1E2BQNoFWFix8A","seasonId":"dhyinDhW9UGFlROL90wXBg","isAvailable":true}]