[{"id":"dn_HgxcrGUebWJiQWKdjhg","type":"Vod","title":"Andr\u00e9 Rieu","subtitle":"Maastricht my Hometown","description":"AVROTROS - Al 10 jaar geeft Rieu met groot succes concerten op het Vrijthof. Deze aflevering een blik achter de schermen.","formattedEpisodeNumbering":null,"formattedDate":"Vr 15 mei. 2015","formattedDateShort":"Mei. 2015","formattedTime":"21:30","formattedDuration":"39m","formattedAvailabilityWindow":null,"formattedAvailabilityWindowShort":null,"image":{"portraitUrl":null,"landscapeUrl":"https:\/\/images.nlziet.nl\/metadataimportimages\/source\/21ADEC58C161A87F44CAC4546ED6C8EA84AA49BAF133231C83449DF62450362B.jpg"},"logo":{"normalUrl":"https:\/\/cdn.nlziet.nl\/static\/assets\/contentproviders\/npo.png","darkUrl":"https:\/\/cdn.nlziet.nl\/static\/assets\/contentproviders\/dark\/npo.png","flatUrl":"https:\/\/cdn.nlziet.nl\/static\/assets\/contentproviders\/flat\/npo.png"},"tags":[],"seriesId":"6nYNguFY_Eiaeu9gIcxSyg"},{"id":"uv4sJ0lRSUS4yGYc-0kTqA","type":"Vod","title":"Andr\u00e9 Rieu","subtitle":"King's Ball","description":"AVROTROS - In deze aflevering staat het optreden op het Museumplein tijdens de inauguratie van de nieuwe koning centraal.","formattedEpisodeNumbering":null,"formattedDate":"Vr 8 mei. 2015","formattedDateShort":"Mei. 2015","formattedTime":"21:35","formattedDuration":"39m","formattedAvailabilityWindow":null,"formattedAvailabilityWindowShort":null,"image":{"portraitUrl":null,"landscapeUrl":"https:\/\/images.nlziet.nl\/metadataimportimages\/source\/7477A1780923FCAE41D73938A074E7B1990BC2C1B112B253E69DEBD4101F5634.jpg"},"logo":{"normalUrl":"https:\/\/cdn.nlziet.nl\/static\/assets\/contentproviders\/npo.png","darkUrl":"https:\/\/cdn.nlziet.nl\/static\/assets\/contentproviders\/dark\/npo.png","flatUrl":"https:\/\/cdn.nlziet.nl\/static\/assets\/contentproviders\/flat\/npo.png"},"tags":[],"seriesId":"6nYNguFY_Eiaeu9gIcxSyg"},{"id":"CHuvJUuhGkigbRyjgLyuvw","type":"Vod","title":"Andr\u00e9 Rieu","subtitle":"Down Under","description":"AVROTROS - Australi\u00eb mag niet ontbreken in deze reeks. Rieu is daar een echte wereldster.","formattedEpisodeNumbering":null,"formattedDate":"Vr 1 mei. 2015","formattedDateShort":"Mei. 2015","formattedTime":"21:35","formattedDuration":"38m","formattedAvailabilityWindow":null,"formattedAvailabilityWindowShort":null,"image":{"portraitUrl":null,"landscapeUrl":"https:\/\/images.nlziet.nl\/metadataimportimages\/source\/23E3608D4CBA79C62D870EADE2643E5BF442CDC4B7CDABC17DA203695BB8C40C.jpg"},"logo":{"normalUrl":"https:\/\/cdn.nlziet.nl\/static\/assets\/contentproviders\/npo.png","darkUrl":"https:\/\/cdn.nlziet.nl\/static\/assets\/contentproviders\/dark\/npo.png","flatUrl":"https:\/\/cdn.nlziet.nl\/static\/assets\/contentproviders\/flat\/npo.png"},"tags":[],"seriesId":"6nYNguFY_Eiaeu9gIcxSyg"},{"id":"G1zUBk-2CU-YPhwbGoKcCw","type":"Vod","title":"Andr\u00e9 Rieu","subtitle":"Dressed to impress","description":"AVROTROS - In deze aflevering staan de echte eyecatchers, de prachtige kostuums van de solisten op de b\u00fchne, centraal.","formattedEpisodeNumbering":null,"formattedDate":"Vr 17 apr. 2015","formattedDateShort":"Apr. 2015","formattedTime":"21:30","formattedDuration":"40m","formattedAvailabilityWindow":null,"formattedAvailabilityWindowShort":null,"image":{"portraitUrl":null,"landscapeUrl":"https:\/\/images.nlziet.nl\/metadataimportimages\/source\/9EEEB608A7B9F8AA7DAE11266550B0F6CF70B5A7280FA031E95D8BA9ADCC4663.jpg"},"logo":{"normalUrl":"https:\/\/cdn.nlziet.nl\/static\/assets\/contentproviders\/npo.png","darkUrl":"https:\/\/cdn.nlziet.nl\/static\/assets\/contentproviders\/dark\/npo.png","flatUrl":"https:\/\/cdn.nlziet.nl\/static\/assets\/contentproviders\/flat\/npo.png"},"tags":[],"seriesId":"6nYNguFY_Eiaeu9gIcxSyg"},{"id":"I7_cEDQrAUa2gQBP1YZ0sg","type":"Vod","title":"Andr\u00e9 Rieu","subtitle":"Starry Night in Maastricht","description":"AVROTROS - Jermaine Jackson, Trini Lopez en vele anderen zijn de gasten bij Rieu's Vrijthof concert.","formattedEpisodeNumbering":null,"formattedDate":"Vr 10 apr. 2015","formattedDateShort":"Apr. 2015","formattedTime":"21:30","formattedDuration":"37m","formattedAvailabilityWindow":null,"formattedAvailabilityWindowShort":null,"image":{"portraitUrl":null,"landscapeUrl":"https:\/\/images.nlziet.nl\/metadataimportimages\/source\/9CB5FA552A13611ACBC1D25338CD8368682672A21B3A457AB19D52D1FB1066C4.jpg"},"logo":{"normalUrl":"https:\/\/cdn.nlziet.nl\/static\/assets\/contentproviders\/npo.png","darkUrl":"https:\/\/cdn.nlziet.nl\/static\/assets\/contentproviders\/dark\/npo.png","flatUrl":"https:\/\/cdn.nlziet.nl\/static\/assets\/contentproviders\/flat\/npo.png"},"tags":[],"seriesId":"6nYNguFY_Eiaeu9gIcxSyg"},{"id":"zBRCZm1hg0C1-4MukuYpNw","type":"Vod","title":"Andr\u00e9 Rieu","subtitle":"Vienna Memories","description":"AVROTROS - De Britse televisie bezoekt met Rieu de stad van de wals en Strauss: Wenen!","formattedEpisodeNumbering":null,"formattedDate":"Vr 3 apr. 2015","formattedDateShort":"Apr. 2015","formattedTime":"21:35","formattedDuration":"38m","formattedAvailabilityWindow":null,"formattedAvailabilityWindowShort":null,"image":{"portraitUrl":null,"landscapeUrl":"https:\/\/images.nlziet.nl\/metadataimportimages\/source\/21C6ABB401424F3C4C76EF1EDC7678CCE11EFFE66F37F544FAD38D3D916768DA.jpg"},"logo":{"normalUrl":"https:\/\/cdn.nlziet.nl\/static\/assets\/contentproviders\/npo.png","darkUrl":"https:\/\/cdn.nlziet.nl\/static\/assets\/contentproviders\/dark\/npo.png","flatUrl":"https:\/\/cdn.nlziet.nl\/static\/assets\/contentproviders\/flat\/npo.png"},"tags":[],"seriesId":"6nYNguFY_Eiaeu9gIcxSyg"},{"id":"sMxZfIgMh0O3oZBw1IMQGg","type":"Vod","title":"Andr\u00e9 Rieu","subtitle":"The Veterans' Concert","description":"AVROTROS - In deze aflevering staan veteranen centraal. Met een bijzonder bezoek aan Vera Lynn.","formattedEpisodeNumbering":null,"formattedDate":"Vr 27 mrt. 2015","formattedDateShort":"Mrt. 2015","formattedTime":"21:37","formattedDuration":"38m","formattedAvailabilityWindow":null,"formattedAvailabilityWindowShort":null,"image":{"portraitUrl":null,"landscapeUrl":"https:\/\/images.nlziet.nl\/metadataimportimages\/source\/79CBE0A01E37D95847490F4014579FF45253EC519181B1D852DBC3B059976015.jpg"},"logo":{"normalUrl":"https:\/\/cdn.nlziet.nl\/static\/assets\/contentproviders\/npo.png","darkUrl":"https:\/\/cdn.nlziet.nl\/static\/assets\/contentproviders\/dark\/npo.png","flatUrl":"https:\/\/cdn.nlziet.nl\/static\/assets\/contentproviders\/flat\/npo.png"},"tags":[],"seriesId":"6nYNguFY_Eiaeu9gIcxSyg"},{"id":"y_BAkcwXjESQErg3AAvHsg","type":"Vod","title":"Andr\u00e9 Rieu","subtitle":"On the Road","description":"AVROTROS - We zien het Engels camerateam samen met Rieu en het orkest de wereld rondreizen. Van Argentini\u00eb tot Turkije.","formattedEpisodeNumbering":null,"formattedDate":"Vr 20 mrt. 2015","formattedDateShort":"Mrt. 2015","formattedTime":"21:35","formattedDuration":"39m","formattedAvailabilityWindow":null,"formattedAvailabilityWindowShort":null,"image":{"portraitUrl":null,"landscapeUrl":"https:\/\/images.nlziet.nl\/metadataimportimages\/source\/C91A91F12704B2AD2C646E4D107869BFC3A091D3E3A70851454BA82D8EDA2937.jpg"},"logo":{"normalUrl":"https:\/\/cdn.nlziet.nl\/static\/assets\/contentproviders\/npo.png","darkUrl":"https:\/\/cdn.nlziet.nl\/static\/assets\/contentproviders\/dark\/npo.png","flatUrl":"https:\/\/cdn.nlziet.nl\/static\/assets\/contentproviders\/flat\/npo.png"},"tags":[],"seriesId":"6nYNguFY_Eiaeu9gIcxSyg"},{"id":"wQDwBni_GUy7r4_spDhTYQ","type":"Vod","title":"Andr\u00e9 Rieu","subtitle":"The British are coming","description":"AVROTROS - Jaarlijks reizen duizenden Britten naar Maastricht om mee te feesten op het Vrijthof: 'The British are coming'.","formattedEpisodeNumbering":null,"formattedDate":"Vr 13 mrt. 2015","formattedDateShort":"Mrt. 2015","formattedTime":"21:35","formattedDuration":"38m","formattedAvailabilityWindow":null,"formattedAvailabilityWindowShort":null,"image":{"portraitUrl":null,"landscapeUrl":"https:\/\/images.nlziet.nl\/metadataimportimages\/source\/EAC747B00E5AE145023811CA38BF028296BA34D40D3943C4318F722DC95C9EE4.jpg"},"logo":{"normalUrl":"https:\/\/cdn.nlziet.nl\/static\/assets\/contentproviders\/npo.png","darkUrl":"https:\/\/cdn.nlziet.nl\/static\/assets\/contentproviders\/dark\/npo.png","flatUrl":"https:\/\/cdn.nlziet.nl\/static\/assets\/contentproviders\/flat\/npo.png"},"tags":[],"seriesId":"6nYNguFY_Eiaeu9gIcxSyg"}]