[{"id":"04SbK6TtkU2c9bdKPbMWSw","type":"Vod","title":"Zomergasten","subtitle":"Ivo van Hove in 5 minuten","description":"VPRO - Theaterregisseur Ivo van Hove (Heist-op-den-Berg, 1958) was op 1 september de zesde en laatste gast in VPRO Zomergasten. Zijn avond ging over samenleven en -werken, kunstenaarschap en onvervuld verlangen.","formattedEpisodeNumbering":null,"formattedDate":"Ma 2 sep. 2019","formattedDateShort":"Sep. 2019","formattedTime":"06:00","formattedDuration":"5m","formattedAvailabilityWindow":null,"formattedAvailabilityWindowShort":null,"image":{"portraitUrl":null,"landscapeUrl":"https:\/\/images.nlziet.nl\/metadataimportimages\/source\/FA2128332974B4BDA221A3E88D9401A9464F5FD2CDE7EE2D5B05410E4C9639DD.jpg"},"logo":{"normalUrl":"https:\/\/cdn.nlziet.nl\/static\/assets\/contentproviders\/npo.png","darkUrl":"https:\/\/cdn.nlziet.nl\/static\/assets\/contentproviders\/dark\/npo.png","flatUrl":"https:\/\/cdn.nlziet.nl\/static\/assets\/contentproviders\/flat\/npo.png"},"tags":[],"seriesId":"5tjHWtFIpUKZMtCqv30tog"},{"id":"d0_6hqhbDUGCyPHQsTSpTA","type":"Vod","title":"Zomergasten","subtitle":"Wanda de Kanter in 5 minuten","description":"VPRO - Wanda de Kanter (Den Haag, 1959) was op 25 augustus de vijfde gast in VPRO Zomergasten. Haar avond ging over verandering van gedrag, omgaan met verlies en strijdbaarheid.","formattedEpisodeNumbering":null,"formattedDate":"Ma 26 aug. 2019","formattedDateShort":"Aug. 2019","formattedTime":"08:22","formattedDuration":"6m","formattedAvailabilityWindow":null,"formattedAvailabilityWindowShort":null,"image":{"portraitUrl":null,"landscapeUrl":"https:\/\/images.nlziet.nl\/metadataimportimages\/source\/7C6AAD0DB7BF0EC727E6681597BA8F750B205BBDC5BB2B4FEF0638062BBCB613.jpg"},"logo":{"normalUrl":"https:\/\/cdn.nlziet.nl\/static\/assets\/contentproviders\/npo.png","darkUrl":"https:\/\/cdn.nlziet.nl\/static\/assets\/contentproviders\/dark\/npo.png","flatUrl":"https:\/\/cdn.nlziet.nl\/static\/assets\/contentproviders\/flat\/npo.png"},"tags":[],"seriesId":"5tjHWtFIpUKZMtCqv30tog"},{"id":"XLrZi3mH7kSVYqz8ZUwUuw","type":"Vod","title":"Zomergasten","subtitle":"Maxim Februari in 5 minuten","description":"VPRO - Maxim Februari is schrijver, jurist en filosoof. Zijn avond ging over transformatie, bevrijding en schoonheid in het leven.","formattedEpisodeNumbering":null,"formattedDate":"Ma 19 aug. 2019","formattedDateShort":"Aug. 2019","formattedTime":"08:50","formattedDuration":"6m","formattedAvailabilityWindow":null,"formattedAvailabilityWindowShort":null,"image":{"portraitUrl":null,"landscapeUrl":"https:\/\/images.nlziet.nl\/metadataimportimages\/source\/681AD1CB248DD17CC2A65CCD7A338002C1F64C57075ED1B8E5041467E8A60EC9.jpg"},"logo":{"normalUrl":"https:\/\/cdn.nlziet.nl\/static\/assets\/contentproviders\/npo.png","darkUrl":"https:\/\/cdn.nlziet.nl\/static\/assets\/contentproviders\/dark\/npo.png","flatUrl":"https:\/\/cdn.nlziet.nl\/static\/assets\/contentproviders\/flat\/npo.png"},"tags":[],"seriesId":"5tjHWtFIpUKZMtCqv30tog"},{"id":"EwBDk6iI7UKtzIvaKjuTZg","type":"Vod","title":"Zomergasten","subtitle":"Nina Jurna in 5 minuten","description":"VPRO - Nina Jurna is Latijns-Amerikacorrespondent voor NRC Handelsblad in Rio de Janeiro, Brazili\u00eb. Haar avond ging over revoluties, de (on)uitwisbaarheid van de geschiedenis en zoeken naar je roots.","formattedEpisodeNumbering":null,"formattedDate":"Ma 12 aug. 2019","formattedDateShort":"Aug. 2019","formattedTime":"09:13","formattedDuration":"6m","formattedAvailabilityWindow":null,"formattedAvailabilityWindowShort":null,"image":{"portraitUrl":null,"landscapeUrl":"https:\/\/images.nlziet.nl\/metadataimportimages\/source\/8AC64892CD33E7ABD3997441E9F4868E43E5B0159D6E4FBF06C254E8439243CD.jpg"},"logo":{"normalUrl":"https:\/\/cdn.nlziet.nl\/static\/assets\/contentproviders\/npo.png","darkUrl":"https:\/\/cdn.nlziet.nl\/static\/assets\/contentproviders\/dark\/npo.png","flatUrl":"https:\/\/cdn.nlziet.nl\/static\/assets\/contentproviders\/flat\/npo.png"},"tags":[],"seriesId":"5tjHWtFIpUKZMtCqv30tog"},{"id":"UhKEkzQhy0ueVLdhGZw5ow","type":"Vod","title":"Zomergasten","subtitle":"Hanna Bervoets in 5 minuten","description":"VPRO - Schrijver Hanna Bervoets (Amsterdam, 1984) was op 4 augustus de tweede gast in VPRO Zomergasten. Haar avond ging over de verbindende kracht van verhalen, fandom en leven met verlies.","formattedEpisodeNumbering":null,"formattedDate":"Ma 5 aug. 2019","formattedDateShort":"Aug. 2019","formattedTime":"08:29","formattedDuration":"6m","formattedAvailabilityWindow":null,"formattedAvailabilityWindowShort":null,"image":{"portraitUrl":null,"landscapeUrl":"https:\/\/images.nlziet.nl\/metadataimportimages\/source\/E3123CAAFD8C0046DE01E6CB994251CFF3F4344C3994477C59B8CD4768F515C8.jpg"},"logo":{"normalUrl":"https:\/\/cdn.nlziet.nl\/static\/assets\/contentproviders\/npo.png","darkUrl":"https:\/\/cdn.nlziet.nl\/static\/assets\/contentproviders\/dark\/npo.png","flatUrl":"https:\/\/cdn.nlziet.nl\/static\/assets\/contentproviders\/flat\/npo.png"},"tags":[],"seriesId":"5tjHWtFIpUKZMtCqv30tog"},{"id":"dT2ymnQrDkSpTb4hsZshgA","type":"Vod","title":"Zomergasten","subtitle":"John van den Heuvel in 5 minuten","description":"VPRO - Misdaadverslaggever, presentator en oud-politieman John van den Heuvel is de eerste Zomergast van 2019. Zijn Zomergastenavond ging over misdaad, hoe het is om altijd over je schouder te moeten kijken en familie.","formattedEpisodeNumbering":null,"formattedDate":"Ma 29 jul. 2019","formattedDateShort":"Jul. 2019","formattedTime":"09:21","formattedDuration":"5m","formattedAvailabilityWindow":null,"formattedAvailabilityWindowShort":null,"image":{"portraitUrl":null,"landscapeUrl":"https:\/\/images.nlziet.nl\/metadataimportimages\/source\/0D7B0829B72ECF92004F0CDC9CA8A6E04CB18F2E68F020701E7593CAC9C566D9.jpg"},"logo":{"normalUrl":"https:\/\/cdn.nlziet.nl\/static\/assets\/contentproviders\/npo.png","darkUrl":"https:\/\/cdn.nlziet.nl\/static\/assets\/contentproviders\/dark\/npo.png","flatUrl":"https:\/\/cdn.nlziet.nl\/static\/assets\/contentproviders\/flat\/npo.png"},"tags":[],"seriesId":"5tjHWtFIpUKZMtCqv30tog"}]