[{"id":"XKFMkKc5-Uu3fAgpdkujgQ","type":"Vod","title":"Vrolijke kerst","subtitle":"Kerstavond","description":"VPRO - Lucas en zijn familie en al hun nieuwe vrienden maken zich op voor een vrolijke kerstavond in het anti-kraakpand. Een avond om nooit te vergeten.","formattedEpisodeNumbering":null,"formattedDate":"Zo 26 dec. 2021","formattedDateShort":"Dec. 2021","formattedTime":"18:15","formattedDuration":"13m","formattedAvailabilityWindow":null,"formattedAvailabilityWindowShort":null,"image":{"portraitUrl":null,"landscapeUrl":"https:\/\/images.nlziet.nl\/metadataimportimages\/source\/4931CCA8F57F51D554722397E8A09E1E6D2B37481F4125B4C1D1B413694DDF64.jpg"},"logo":{"normalUrl":"https:\/\/cdn.nlziet.nl\/static\/assets\/contentproviders\/npo.png","darkUrl":"https:\/\/cdn.nlziet.nl\/static\/assets\/contentproviders\/dark\/npo.png","flatUrl":"https:\/\/cdn.nlziet.nl\/static\/assets\/contentproviders\/flat\/npo.png"},"tags":[],"seriesId":"83Qo8R8QBEq_dZMXnY-eEA"},{"id":"rs_TIgHD_E-RJtlCokC4Qw","type":"Vod","title":"Vrolijke kerst","subtitle":"Thuis","description":"VPRO - De tienjarige Lucas, middelste kind van een rijk gezin, woont in een dure wijk. Alles wordt totaal anders wanneer Lucas een grote doos onbetaalde rekeningen vindt.","formattedEpisodeNumbering":null,"formattedDate":"Za 25 dec. 2021","formattedDateShort":"Dec. 2021","formattedTime":"18:20","formattedDuration":"10m","formattedAvailabilityWindow":null,"formattedAvailabilityWindowShort":null,"image":{"portraitUrl":null,"landscapeUrl":"https:\/\/images.nlziet.nl\/metadataimportimages\/source\/F0D3A5F3FF059A5CB62043005FABBD041B012C321E34DE3198E9A3194783D30A.jpg"},"logo":{"normalUrl":"https:\/\/cdn.nlziet.nl\/static\/assets\/contentproviders\/npo.png","darkUrl":"https:\/\/cdn.nlziet.nl\/static\/assets\/contentproviders\/dark\/npo.png","flatUrl":"https:\/\/cdn.nlziet.nl\/static\/assets\/contentproviders\/flat\/npo.png"},"tags":[],"seriesId":"83Qo8R8QBEq_dZMXnY-eEA"},{"id":"udAG55_L3E2xcsFS2_TV7w","type":"Vod","title":"Vrolijke kerst","subtitle":"Kerstballen","description":"VPRO - Lucas ontdekt dat zijn nieuwe wereld niet zo heel goed mengt met die van de Hubbinkjes en de Ruitenbeekjes. Maar of dat nou zo erg is?","formattedEpisodeNumbering":null,"formattedDate":"Vr 24 dec. 2021","formattedDateShort":"Dec. 2021","formattedTime":"18:20","formattedDuration":"8m","formattedAvailabilityWindow":null,"formattedAvailabilityWindowShort":null,"image":{"portraitUrl":null,"landscapeUrl":"https:\/\/images.nlziet.nl\/metadataimportimages\/source\/C6A2527D00A71D7F1DFA40960BCF774A7A5831C4C0B53301D5350649FEAC7832.jpg"},"logo":{"normalUrl":"https:\/\/cdn.nlziet.nl\/static\/assets\/contentproviders\/npo.png","darkUrl":"https:\/\/cdn.nlziet.nl\/static\/assets\/contentproviders\/dark\/npo.png","flatUrl":"https:\/\/cdn.nlziet.nl\/static\/assets\/contentproviders\/flat\/npo.png"},"tags":[],"seriesId":"83Qo8R8QBEq_dZMXnY-eEA"},{"id":"cTR1Z73qEEKPSooRHXZHiQ","type":"Vod","title":"Vrolijke kerst","subtitle":"Normaal doen","description":"VPRO - Lucas ontdekt dat je soms even over je eigen grenzen heen moet om de mensen om je heen diezelfde grenzen keihard aan te geven.","formattedEpisodeNumbering":null,"formattedDate":"Do 23 dec. 2021","formattedDateShort":"Dec. 2021","formattedTime":"18:25","formattedDuration":"9m","formattedAvailabilityWindow":null,"formattedAvailabilityWindowShort":null,"image":{"portraitUrl":null,"landscapeUrl":"https:\/\/images.nlziet.nl\/metadataimportimages\/source\/E82FE6F6B3ABD153CA69F841F29037797168B8787325108BE92CD6359DEE8D08.jpg"},"logo":{"normalUrl":"https:\/\/cdn.nlziet.nl\/static\/assets\/contentproviders\/npo.png","darkUrl":"https:\/\/cdn.nlziet.nl\/static\/assets\/contentproviders\/dark\/npo.png","flatUrl":"https:\/\/cdn.nlziet.nl\/static\/assets\/contentproviders\/flat\/npo.png"},"tags":[],"seriesId":"83Qo8R8QBEq_dZMXnY-eEA"},{"id":"BlKM7hCIuE2kG9lsuKGNuA","type":"Vod","title":"Vrolijke kerst","subtitle":"Interriejoordekkoreetors","description":"VPRO - De kinderen Vrolijk gaan onder leiding van hun moeder uit hun bol en geven het anti-kraakpand met hulp van wc-rolletjes en branddekens een complete kerst make-over.","formattedEpisodeNumbering":null,"formattedDate":"Wo 22 dec. 2021","formattedDateShort":"Dec. 2021","formattedTime":"18:20","formattedDuration":"10m","formattedAvailabilityWindow":null,"formattedAvailabilityWindowShort":null,"image":{"portraitUrl":null,"landscapeUrl":"https:\/\/images.nlziet.nl\/metadataimportimages\/source\/D4D22341FBC7CB2F7AEE97EACF9626C340D16E7F8861554B62A2D81D451BE742.jpg"},"logo":{"normalUrl":"https:\/\/cdn.nlziet.nl\/static\/assets\/contentproviders\/npo.png","darkUrl":"https:\/\/cdn.nlziet.nl\/static\/assets\/contentproviders\/dark\/npo.png","flatUrl":"https:\/\/cdn.nlziet.nl\/static\/assets\/contentproviders\/flat\/npo.png"},"tags":[],"seriesId":"83Qo8R8QBEq_dZMXnY-eEA"},{"id":"0HXdJ0wl-0-iPt3Fnbe26w","type":"Vod","title":"Vrolijke kerst","subtitle":"Mistletoe","description":"VPRO - Lucas begint het vriendschappelijke contact tussen zijn vader en Nina ietwat bedreigend te vinden en zet alles op alles om zijn moeder terug naar huis te krijgen. Emma verruilt haar vieze skipak voor een schone communiejurk.","formattedEpisodeNumbering":null,"formattedDate":"Di 21 dec. 2021","formattedDateShort":"Dec. 2021","formattedTime":"18:20","formattedDuration":"11m","formattedAvailabilityWindow":null,"formattedAvailabilityWindowShort":null,"image":{"portraitUrl":null,"landscapeUrl":"https:\/\/images.nlziet.nl\/metadataimportimages\/source\/FC2B7C53627D9E7AF62E4F3B76B9D9491AD8B59CE36DEC739D8E8272FCBF900D.jpg"},"logo":{"normalUrl":"https:\/\/cdn.nlziet.nl\/static\/assets\/contentproviders\/npo.png","darkUrl":"https:\/\/cdn.nlziet.nl\/static\/assets\/contentproviders\/dark\/npo.png","flatUrl":"https:\/\/cdn.nlziet.nl\/static\/assets\/contentproviders\/flat\/npo.png"},"tags":[],"seriesId":"83Qo8R8QBEq_dZMXnY-eEA"},{"id":"IteHc6Rq8keYhwS6eGACHA","type":"Vod","title":"Vrolijke kerst","subtitle":"Dokter Phil","description":"VPRO - Lucas treft meneer Wammes meer dood dan levend aan en roept stiekem de hulp van zijn oom Philip in die het faillissement van de familie Vrolijk geheel anders blijkt op te nemen dan verwacht.","formattedEpisodeNumbering":null,"formattedDate":"Ma 20 dec. 2021","formattedDateShort":"Dec. 2021","formattedTime":"18:20","formattedDuration":"10m","formattedAvailabilityWindow":null,"formattedAvailabilityWindowShort":null,"image":{"portraitUrl":null,"landscapeUrl":"https:\/\/images.nlziet.nl\/metadataimportimages\/source\/81C63559868B2C880377727760532332EA5354154DDC11716D618361DF71D549.jpg"},"logo":{"normalUrl":"https:\/\/cdn.nlziet.nl\/static\/assets\/contentproviders\/npo.png","darkUrl":"https:\/\/cdn.nlziet.nl\/static\/assets\/contentproviders\/dark\/npo.png","flatUrl":"https:\/\/cdn.nlziet.nl\/static\/assets\/contentproviders\/flat\/npo.png"},"tags":[],"seriesId":"83Qo8R8QBEq_dZMXnY-eEA"},{"id":"1QkOo9kLBkK7rlGMnleYZQ","type":"Vod","title":"Vrolijke kerst","subtitle":"Faalhaas","description":"VPRO - Lucas lijkt de enige te zijn die zijn vader geen mislukkeling vindt en wil hem wel een handje helpen bij het opkrikken van zijn imago. Tot de politie zich ermee gaat bemoeien.","formattedEpisodeNumbering":null,"formattedDate":"Za 18 dec. 2021","formattedDateShort":"Dec. 2021","formattedTime":"18:25","formattedDuration":"10m","formattedAvailabilityWindow":null,"formattedAvailabilityWindowShort":null,"image":{"portraitUrl":null,"landscapeUrl":"https:\/\/images.nlziet.nl\/metadataimportimages\/source\/F5FC7AF73CD12555D91C6904BE7554061FF5A2D967E9AC0F1E9CD672A0917417.jpg"},"logo":{"normalUrl":"https:\/\/cdn.nlziet.nl\/static\/assets\/contentproviders\/npo.png","darkUrl":"https:\/\/cdn.nlziet.nl\/static\/assets\/contentproviders\/dark\/npo.png","flatUrl":"https:\/\/cdn.nlziet.nl\/static\/assets\/contentproviders\/flat\/npo.png"},"tags":[],"seriesId":"83Qo8R8QBEq_dZMXnY-eEA"},{"id":"6F066V4xXEu463CbU3AnwA","type":"Vod","title":"Vrolijke kerst","subtitle":"Gekraakt","description":"VPRO - Lucas probeert het huis te beschermen tegen enge Amerikaanse huurders. Hij sluit zich op in de badkamer en brengt zijn ouders zo onbedoeld, maar zeer gewenst, toch iets dichter bij elkaar.","formattedEpisodeNumbering":null,"formattedDate":"Vr 17 dec. 2021","formattedDateShort":"Dec. 2021","formattedTime":"18:20","formattedDuration":"9m","formattedAvailabilityWindow":null,"formattedAvailabilityWindowShort":null,"image":{"portraitUrl":null,"landscapeUrl":"https:\/\/images.nlziet.nl\/metadataimportimages\/source\/DCD18EA9B277389DB4389240634C7E8F6E3BF3FEAA28A1ED7CC2BF126358A66A.jpg"},"logo":{"normalUrl":"https:\/\/cdn.nlziet.nl\/static\/assets\/contentproviders\/npo.png","darkUrl":"https:\/\/cdn.nlziet.nl\/static\/assets\/contentproviders\/dark\/npo.png","flatUrl":"https:\/\/cdn.nlziet.nl\/static\/assets\/contentproviders\/flat\/npo.png"},"tags":[],"seriesId":"83Qo8R8QBEq_dZMXnY-eEA"},{"id":"UnXhJXZ7PkK44OJkdIA7Ug","type":"Vod","title":"Vrolijke kerst","subtitle":"De gerbils","description":"VPRO - De tienjarige Lucas, middelste kind van een rijk gezin, woont in een dure wijk. Alles wordt totaal anders wanneer Lucas een grote doos onbetaalde rekeningen vindt.","formattedEpisodeNumbering":null,"formattedDate":"Do 16 dec. 2021","formattedDateShort":"Dec. 2021","formattedTime":"18:20","formattedDuration":"10m","formattedAvailabilityWindow":null,"formattedAvailabilityWindowShort":null,"image":{"portraitUrl":null,"landscapeUrl":"https:\/\/images.nlziet.nl\/metadataimportimages\/source\/6F9D6FA3EF5ED89FB6CA74B81238873D4AE5D282D6885661F7EC1921495B15F9.jpg"},"logo":{"normalUrl":"https:\/\/cdn.nlziet.nl\/static\/assets\/contentproviders\/npo.png","darkUrl":"https:\/\/cdn.nlziet.nl\/static\/assets\/contentproviders\/dark\/npo.png","flatUrl":"https:\/\/cdn.nlziet.nl\/static\/assets\/contentproviders\/flat\/npo.png"},"tags":[],"seriesId":"83Qo8R8QBEq_dZMXnY-eEA"},{"id":"GfniJfk4AEm1wWUyBU8C-A","type":"Vod","title":"Vrolijke kerst","subtitle":"Een goed gesprek","description":"VPRO - Op mysterieuze wijze verdwijnt er een kerstboom uit de tuin van de Hubbinkjes. Maarten en Lucas versterken hun band met elkaar tijdens een patatje met dubbel mayo. Een verhelderend gezinsgesprek onder leiding van Cathelijne heeft een explosieve uitkomst.","formattedEpisodeNumbering":null,"formattedDate":"Wo 15 dec. 2021","formattedDateShort":"Dec. 2021","formattedTime":"18:20","formattedDuration":"11m","formattedAvailabilityWindow":null,"formattedAvailabilityWindowShort":null,"image":{"portraitUrl":null,"landscapeUrl":"https:\/\/images.nlziet.nl\/metadataimportimages\/source\/7235C7BA5EB9030528100C7C0B5134DECCD8BCACEA3AA4359516C945E6647EAB.jpg"},"logo":{"normalUrl":"https:\/\/cdn.nlziet.nl\/static\/assets\/contentproviders\/npo.png","darkUrl":"https:\/\/cdn.nlziet.nl\/static\/assets\/contentproviders\/dark\/npo.png","flatUrl":"https:\/\/cdn.nlziet.nl\/static\/assets\/contentproviders\/flat\/npo.png"},"tags":[],"seriesId":"83Qo8R8QBEq_dZMXnY-eEA"},{"id":"NoEyN7q0C0q7nNtEEuiuMA","type":"Vod","title":"Vrolijke kerst","subtitle":"Zeepsoep en macaroni","description":"VPRO - Moeder Eva drinkt toch iets meer dan een wijntje bij de Hubbinkjes. Lucas leert van Nynke dat Google Translate goed van pas komt als je Poolse pestkoppen tot de orde wilt roepen.","formattedEpisodeNumbering":null,"formattedDate":"Di 14 dec. 2021","formattedDateShort":"Dec. 2021","formattedTime":"18:20","formattedDuration":"9m","formattedAvailabilityWindow":null,"formattedAvailabilityWindowShort":null,"image":{"portraitUrl":null,"landscapeUrl":"https:\/\/images.nlziet.nl\/metadataimportimages\/source\/ADD39F3588756E1169B085F7FCD2336036EEC413389B16CED8899D6AB60D95D8.jpg"},"logo":{"normalUrl":"https:\/\/cdn.nlziet.nl\/static\/assets\/contentproviders\/npo.png","darkUrl":"https:\/\/cdn.nlziet.nl\/static\/assets\/contentproviders\/dark\/npo.png","flatUrl":"https:\/\/cdn.nlziet.nl\/static\/assets\/contentproviders\/flat\/npo.png"},"tags":[],"seriesId":"83Qo8R8QBEq_dZMXnY-eEA"},{"id":"c8dNYpmWUEqY8bJvZT82HQ","type":"Vod","title":"Vrolijke kerst","subtitle":"Forty - Love","description":"VPRO - Lucas ontdekt met dank aan zijn trouwe tennisvriend Jan-Willem dat je in een anti-kraakpand heel goed overdekt kan tennissen.","formattedEpisodeNumbering":null,"formattedDate":"Ma 13 dec. 2021","formattedDateShort":"Dec. 2021","formattedTime":"18:20","formattedDuration":"10m","formattedAvailabilityWindow":null,"formattedAvailabilityWindowShort":null,"image":{"portraitUrl":null,"landscapeUrl":"https:\/\/images.nlziet.nl\/metadataimportimages\/source\/49813C9509940A514DB0BD95A769880B2C2BE80FFE3EA715781C8EA2BF604D53.jpg"},"logo":{"normalUrl":"https:\/\/cdn.nlziet.nl\/static\/assets\/contentproviders\/npo.png","darkUrl":"https:\/\/cdn.nlziet.nl\/static\/assets\/contentproviders\/dark\/npo.png","flatUrl":"https:\/\/cdn.nlziet.nl\/static\/assets\/contentproviders\/flat\/npo.png"},"tags":[],"seriesId":"83Qo8R8QBEq_dZMXnY-eEA"},{"id":"a_UqaKJfGEOgmM5YsMkGGg","type":"Vod","title":"Vrolijke kerst","subtitle":"Puddingbroodjesdag","description":"VPRO - De tienjarige Lucas, middelste kind van een rijk gezin, woont in een dure wijk. Alles wordt totaal anders wanneer Lucas een grote doos onbetaalde rekeningen vindt.","formattedEpisodeNumbering":null,"formattedDate":"Zo 12 dec. 2021","formattedDateShort":"Dec. 2021","formattedTime":"18:25","formattedDuration":"11m","formattedAvailabilityWindow":null,"formattedAvailabilityWindowShort":null,"image":{"portraitUrl":null,"landscapeUrl":"https:\/\/images.nlziet.nl\/metadataimportimages\/source\/32E17F17BCDB1A70505904BC6299F63B57BE8B36A87427C133085DF92D2A2F79.jpg"},"logo":{"normalUrl":"https:\/\/cdn.nlziet.nl\/static\/assets\/contentproviders\/npo.png","darkUrl":"https:\/\/cdn.nlziet.nl\/static\/assets\/contentproviders\/dark\/npo.png","flatUrl":"https:\/\/cdn.nlziet.nl\/static\/assets\/contentproviders\/flat\/npo.png"},"tags":[],"seriesId":"83Qo8R8QBEq_dZMXnY-eEA"},{"id":"Ng9H_YGK4Uyy1fx2Wf6u0A","type":"Vod","title":"Vrolijke kerst","subtitle":"In een muizenholletje","description":"VPRO - Lucas vindt het wel gezellig om een badkamer te delen, maar zijn moeder kan onmogelijk poepen op een wc die geen deur heeft en krijgt van de weeromstuit een 'nervous breakdown'.","formattedEpisodeNumbering":null,"formattedDate":"Za 11 dec. 2021","formattedDateShort":"Dec. 2021","formattedTime":"18:20","formattedDuration":"10m","formattedAvailabilityWindow":null,"formattedAvailabilityWindowShort":null,"image":{"portraitUrl":null,"landscapeUrl":"https:\/\/images.nlziet.nl\/metadataimportimages\/source\/B516F4BF12910683AAE46A8F9DA7E4FE0951143642280581E154115CFF56F0AD.jpg"},"logo":{"normalUrl":"https:\/\/cdn.nlziet.nl\/static\/assets\/contentproviders\/npo.png","darkUrl":"https:\/\/cdn.nlziet.nl\/static\/assets\/contentproviders\/dark\/npo.png","flatUrl":"https:\/\/cdn.nlziet.nl\/static\/assets\/contentproviders\/flat\/npo.png"},"tags":[],"seriesId":"83Qo8R8QBEq_dZMXnY-eEA"},{"id":"WjVr0NIod0ebC0UvgxhOOg","type":"Vod","title":"Vrolijke kerst","subtitle":"Rihanna heeft heimwee","description":"VPRO - Tijdens een zoektocht naar cavia Rihanna maakt Lucas kennis met de andere buitengewone bewoners van zijn nieuwe huis en verbaast hij zich over de ingredi\u00ebnten van die heerlijke Poolse 'borsjtsj'.","formattedEpisodeNumbering":null,"formattedDate":"Vr 10 dec. 2021","formattedDateShort":"Dec. 2021","formattedTime":"18:20","formattedDuration":"9m","formattedAvailabilityWindow":null,"formattedAvailabilityWindowShort":null,"image":{"portraitUrl":null,"landscapeUrl":"https:\/\/images.nlziet.nl\/metadataimportimages\/source\/690A015E203F9C71D89FFA894E20CC9916AF26AB8E6E8AFDF11056D378E0B6C1.jpg"},"logo":{"normalUrl":"https:\/\/cdn.nlziet.nl\/static\/assets\/contentproviders\/npo.png","darkUrl":"https:\/\/cdn.nlziet.nl\/static\/assets\/contentproviders\/dark\/npo.png","flatUrl":"https:\/\/cdn.nlziet.nl\/static\/assets\/contentproviders\/flat\/npo.png"},"tags":[],"seriesId":"83Qo8R8QBEq_dZMXnY-eEA"},{"id":"cXE3z-HC1EOz5iGfsuf-XA","type":"Vod","title":"Vrolijke kerst","subtitle":"Gekkenhuis","description":"VPRO - Lucas wordt opgesloten in het anti-kraakpand waar hun Colombiaanse werkster Nina woont. Bij de excentrieke meneer Wammes weet hij op eigen voorwaarden woonruimte te regelen.","formattedEpisodeNumbering":null,"formattedDate":"Do 9 dec. 2021","formattedDateShort":"Dec. 2021","formattedTime":"18:22","formattedDuration":"10m","formattedAvailabilityWindow":null,"formattedAvailabilityWindowShort":null,"image":{"portraitUrl":null,"landscapeUrl":"https:\/\/images.nlziet.nl\/metadataimportimages\/source\/EB95FB8C7D59FF182BD78CC3EF0AC23519BD7A6971231B650C6097640FA96792.jpg"},"logo":{"normalUrl":"https:\/\/cdn.nlziet.nl\/static\/assets\/contentproviders\/npo.png","darkUrl":"https:\/\/cdn.nlziet.nl\/static\/assets\/contentproviders\/dark\/npo.png","flatUrl":"https:\/\/cdn.nlziet.nl\/static\/assets\/contentproviders\/flat\/npo.png"},"tags":[],"seriesId":"83Qo8R8QBEq_dZMXnY-eEA"},{"id":"zDBFAhRRdEOq6N3FNuqIfQ","type":"Vod","title":"Vrolijke kerst","subtitle":"Logeren","description":"VPRO - Familie Vrolijk wordt het huis uit gezet en Lucas saboteert met hulp van cavia Rihanna op succesvolle wijze een logeerpartij bij de Hubbinkjes.","formattedEpisodeNumbering":null,"formattedDate":"Wo 8 dec. 2021","formattedDateShort":"Dec. 2021","formattedTime":"18:20","formattedDuration":"11m","formattedAvailabilityWindow":null,"formattedAvailabilityWindowShort":null,"image":{"portraitUrl":null,"landscapeUrl":"https:\/\/images.nlziet.nl\/metadataimportimages\/source\/6B93672A4AB187C8453F3ED0676E0041F06A415D74D668E274324D60AED72859.jpg"},"logo":{"normalUrl":"https:\/\/cdn.nlziet.nl\/static\/assets\/contentproviders\/npo.png","darkUrl":"https:\/\/cdn.nlziet.nl\/static\/assets\/contentproviders\/dark\/npo.png","flatUrl":"https:\/\/cdn.nlziet.nl\/static\/assets\/contentproviders\/flat\/npo.png"},"tags":[],"seriesId":"83Qo8R8QBEq_dZMXnY-eEA"},{"id":"oXL6ryw8fk6nVdEiJDEVQQ","type":"Vod","title":"Vrolijke kerst","subtitle":"Het hoogstnodige","description":"VPRO - De tienjarige Lucas, middelste kind van een rijk gezin, woont in een dure wijk. Alles wordt totaal anders wanneer Lucas een grote doos onbetaalde rekeningen vindt.","formattedEpisodeNumbering":null,"formattedDate":"Di 7 dec. 2021","formattedDateShort":"Dec. 2021","formattedTime":"18:20","formattedDuration":"9m","formattedAvailabilityWindow":null,"formattedAvailabilityWindowShort":null,"image":{"portraitUrl":null,"landscapeUrl":"https:\/\/images.nlziet.nl\/metadataimportimages\/source\/B935C752A42B58410531632A2A90593D5C8CB0D0CB5D67EADDB44F1AEEBB2C7A.jpg"},"logo":{"normalUrl":"https:\/\/cdn.nlziet.nl\/static\/assets\/contentproviders\/npo.png","darkUrl":"https:\/\/cdn.nlziet.nl\/static\/assets\/contentproviders\/dark\/npo.png","flatUrl":"https:\/\/cdn.nlziet.nl\/static\/assets\/contentproviders\/flat\/npo.png"},"tags":[],"seriesId":"83Qo8R8QBEq_dZMXnY-eEA"},{"id":"90HS3dPdN0uKE59TPNMkAg","type":"Vod","title":"Vrolijke kerst","subtitle":"Heerlijk avondje","description":"VPRO - De tienjarige Lucas, middelste kind van een rijk gezin, woont in een dure wijk. Alles wordt totaal anders wanneer Lucas een grote doos onbetaalde rekeningen vindt.","formattedEpisodeNumbering":null,"formattedDate":"Ma 6 dec. 2021","formattedDateShort":"Dec. 2021","formattedTime":"18:20","formattedDuration":"11m","formattedAvailabilityWindow":null,"formattedAvailabilityWindowShort":null,"image":{"portraitUrl":null,"landscapeUrl":"https:\/\/images.nlziet.nl\/metadataimportimages\/source\/5BEE79DCCC1A2AE7BD2FF9CE063567361EA925DFF2B0E222F0EB2BB0A2DB0060.jpg"},"logo":{"normalUrl":"https:\/\/cdn.nlziet.nl\/static\/assets\/contentproviders\/npo.png","darkUrl":"https:\/\/cdn.nlziet.nl\/static\/assets\/contentproviders\/dark\/npo.png","flatUrl":"https:\/\/cdn.nlziet.nl\/static\/assets\/contentproviders\/flat\/npo.png"},"tags":[],"seriesId":"83Qo8R8QBEq_dZMXnY-eEA"}]