[{"id":"_3YZp5Q6z02zw3BGJHInzQ","type":"Vod","title":"NOS WK-kwalificatie Voetbal","subtitle":"NOS WK-kwalificatie Voetbal","description":"NOS - Wedstrijdanalyse van de WK-kwalificatiewedstrijd Nederland - Zweden in de Amsterdam ArenA.","formattedEpisodeNumbering":null,"formattedDate":"Di 10 okt. 2017","formattedDateShort":"Okt. 2017","formattedTime":"21:38","formattedDuration":"3m","formattedAvailabilityWindow":null,"formattedAvailabilityWindowShort":null,"image":{"portraitUrl":null,"landscapeUrl":"https:\/\/images.nlziet.nl\/metadataimportimages\/source\/E1304EAF134562B3A2F066BFB0752842DB2D8CFC0653CA9AC4A61F870C79ED9B.jpg"},"logo":{"normalUrl":"https:\/\/cdn.nlziet.nl\/static\/assets\/contentproviders\/npo.png","darkUrl":"https:\/\/cdn.nlziet.nl\/static\/assets\/contentproviders\/dark\/npo.png","flatUrl":"https:\/\/cdn.nlziet.nl\/static\/assets\/contentproviders\/flat\/npo.png"},"tags":[],"seriesId":"5Ys7Jwg3_EKAiS07ctyJhw"},{"id":"AmmUeASaTUy8NBztr98ukQ","type":"Vod","title":"NOS WK-kwalificatie Voetbal","subtitle":"Wedstrijdanalyse Wit-Rusland - Nederland","description":"NOS - Wedstrijdanalyse van de WK-kwalificatiewedstrijd Wit-Rusland - Nederland in de Borisov Arena.","formattedEpisodeNumbering":null,"formattedDate":"Za 7 okt. 2017","formattedDateShort":"Okt. 2017","formattedTime":"21:37","formattedDuration":"3m","formattedAvailabilityWindow":null,"formattedAvailabilityWindowShort":null,"image":{"portraitUrl":null,"landscapeUrl":"https:\/\/images.nlziet.nl\/metadataimportimages\/source\/A87345812FA34F4011EEB6D4DE09DC267C2E068B2F61B8B2B9023C82EB4EA1A1.jpg"},"logo":{"normalUrl":"https:\/\/cdn.nlziet.nl\/static\/assets\/contentproviders\/npo.png","darkUrl":"https:\/\/cdn.nlziet.nl\/static\/assets\/contentproviders\/dark\/npo.png","flatUrl":"https:\/\/cdn.nlziet.nl\/static\/assets\/contentproviders\/flat\/npo.png"},"tags":[],"seriesId":"5Ys7Jwg3_EKAiS07ctyJhw"},{"id":"OJ2TX8EK0kGcEupcRUie6Q","type":"Vod","title":"NOS WK-kwalificatie Voetbal","subtitle":"NOS WK-kwalificatie Voetbal","description":"NOS - Wedstrijdanalyse van het WK-kwalificatiewedstrijd Nederland - Bulgarij\u00eb in Amsterdam ArenA, Amsterdam.","formattedEpisodeNumbering":null,"formattedDate":"Zo 3 sep. 2017","formattedDateShort":"Sep. 2017","formattedTime":"18:52","formattedDuration":"3m","formattedAvailabilityWindow":null,"formattedAvailabilityWindowShort":null,"image":{"portraitUrl":null,"landscapeUrl":"https:\/\/images.nlziet.nl\/metadataimportimages\/source\/20311243D29EBBEDC7740ED8683D4F9D1D7065A843334E52D05BCC1EA62E8C63.jpg"},"logo":{"normalUrl":"https:\/\/cdn.nlziet.nl\/static\/assets\/contentproviders\/npo.png","darkUrl":"https:\/\/cdn.nlziet.nl\/static\/assets\/contentproviders\/dark\/npo.png","flatUrl":"https:\/\/cdn.nlziet.nl\/static\/assets\/contentproviders\/flat\/npo.png"},"tags":[],"seriesId":"5Ys7Jwg3_EKAiS07ctyJhw"},{"id":"MT6-WcbRGEKbrKxPUY7Vxg","type":"Vod","title":"NOS WK-kwalificatie Voetbal","subtitle":"NOS WK-kwalificatie Voetbal","description":"NOS - Wedstrijdanalyse van de WK-kwalificatiewedstrijd Frankrijk - Nederland in Stade de France, Paris Saint-Denis.","formattedEpisodeNumbering":null,"formattedDate":"Do 31 aug. 2017","formattedDateShort":"Aug. 2017","formattedTime":"21:35","formattedDuration":"3m","formattedAvailabilityWindow":null,"formattedAvailabilityWindowShort":null,"image":{"portraitUrl":null,"landscapeUrl":"https:\/\/images.nlziet.nl\/metadataimportimages\/source\/00A3014F466B00F3E4D1F3413F34E45EFB6187FBC9C677882F0129370FE6FD59.jpg"},"logo":{"normalUrl":"https:\/\/cdn.nlziet.nl\/static\/assets\/contentproviders\/npo.png","darkUrl":"https:\/\/cdn.nlziet.nl\/static\/assets\/contentproviders\/dark\/npo.png","flatUrl":"https:\/\/cdn.nlziet.nl\/static\/assets\/contentproviders\/flat\/npo.png"},"tags":[],"seriesId":"5Ys7Jwg3_EKAiS07ctyJhw"},{"id":"XdCyNY0QCkK4DaesbS_xzQ","type":"Vod","title":"NOS WK-kwalificatie Voetbal","subtitle":"NOS WK-kwalificatie Voetbal","description":"NOS - Wedstrijdanalyse van het WK-kwalificatiewedstrijd Nederland - Luxemburg in De Kuip, Rotterdam.","formattedEpisodeNumbering":null,"formattedDate":"Vr 9 jun. 2017","formattedDateShort":"Jun. 2017","formattedTime":"21:36","formattedDuration":"3m","formattedAvailabilityWindow":null,"formattedAvailabilityWindowShort":null,"image":{"portraitUrl":null,"landscapeUrl":"https:\/\/images.nlziet.nl\/metadataimportimages\/source\/38ADC5CF9A95F4946D3F8132E5DC62D9FE36D424B026CD8261775DDC0E870CC1.jpg"},"logo":{"normalUrl":"https:\/\/cdn.nlziet.nl\/static\/assets\/contentproviders\/npo.png","darkUrl":"https:\/\/cdn.nlziet.nl\/static\/assets\/contentproviders\/dark\/npo.png","flatUrl":"https:\/\/cdn.nlziet.nl\/static\/assets\/contentproviders\/flat\/npo.png"},"tags":[],"seriesId":"5Ys7Jwg3_EKAiS07ctyJhw"},{"id":"LYyT6hezXEmCVEzDlG7pBA","type":"Vod","title":"NOS WK-kwalificatie Voetbal","subtitle":"Analyse Bulgarije - Nederland","description":"NOS - Analyse van de WK-kwalificatiewedstrijd Bulgarije - Nederland in het Natsionalen Stadion Vasil Levski.","formattedEpisodeNumbering":null,"formattedDate":"Za 25 mrt. 2017","formattedDateShort":"Mrt. 2017","formattedTime":"21:37","formattedDuration":"3m","formattedAvailabilityWindow":null,"formattedAvailabilityWindowShort":null,"image":{"portraitUrl":null,"landscapeUrl":"https:\/\/images.nlziet.nl\/metadataimportimages\/source\/E22A68EF071B1A1A784CF54810767870E1DCB14639F1B5E072E1DE203D950361.jpg"},"logo":{"normalUrl":"https:\/\/cdn.nlziet.nl\/static\/assets\/contentproviders\/npo.png","darkUrl":"https:\/\/cdn.nlziet.nl\/static\/assets\/contentproviders\/dark\/npo.png","flatUrl":"https:\/\/cdn.nlziet.nl\/static\/assets\/contentproviders\/flat\/npo.png"},"tags":[],"seriesId":"5Ys7Jwg3_EKAiS07ctyJhw"}]