[{"id":"APfdj6TNyEqxPdrUF3aiXA","type":"Vod","title":"Lang Leve de Liefde Compilaties","subtitle":"Aflevering 9","description":"SBS6 - Waarom nemen we zo weinig tijd voor dat wat het allerbelangrijkst is? De liefde lijkt tegenwoordig geen kans meer te krijgen om langzaam op te bloeien. Alles moet snel via datingapps, speeddates of vluchtige blinddates, maar we willen tegelijkertijd wel iemand vinden om oud mee te worden. Stel je nu eens voor dat er een plek is waar singles ruim de tijd krijgen om elkaar goed te leren kennen... door minimaal 24 uur of maximaal 5 dagen met elkaar door te brengen. Dat is Lang Leve de Liefde. Een nieuw liefdesexperiment waarin verwachtingsvolle vrijgezellen zo dapper zijn om ons mee te laten kijken naar misschien wel het belangrijkste moment van hun leven: het vinden van de ware.","formattedEpisodeNumbering":null,"formattedDate":"Do 2 jul. 2020","formattedDateShort":"Jul. 2020","formattedTime":"19:57","formattedDuration":"23m","formattedAvailabilityWindow":null,"formattedAvailabilityWindowShort":null,"image":{"portraitUrl":null,"landscapeUrl":"https:\/\/images.nlziet.nl\/metadataimportimages\/source\/E7E981E0FFD0D5DF6C3C3BE11FF992C5B1F8C3EA743A12B3A4D81C07D6B1ADA2.jpg"},"logo":{"normalUrl":"https:\/\/cdn.nlziet.nl\/static\/assets\/contentproviders\/sbs.png","darkUrl":"https:\/\/cdn.nlziet.nl\/static\/assets\/contentproviders\/dark\/sbs.png","flatUrl":"https:\/\/cdn.nlziet.nl\/static\/assets\/contentproviders\/flat\/sbs.png"},"tags":[],"seriesId":"7Tu7VAFLs0qGDQKdQGubPA"},{"id":"T48IFc-SVkWt7tjZWi2mzg","type":"Vod","title":"Lang Leve de Liefde Compilaties","subtitle":"Aflevering 8","description":"SBS6 - Waarom nemen we zo weinig tijd voor dat wat het allerbelangrijkst is? De liefde lijkt tegenwoordig geen kans meer te krijgen om langzaam op te bloeien. Alles moet snel via datingapps, speeddates of vluchtige blinddates, maar we willen tegelijkertijd wel iemand vinden om oud mee te worden. Stel je nu eens voor dat er een plek is waar singles ruim de tijd krijgen om elkaar goed te leren kennen... door minimaal 24 uur of maximaal 5 dagen met elkaar door te brengen. Dat is Lang Leve de Liefde. Een nieuw liefdesexperiment waarin verwachtingsvolle vrijgezellen zo dapper zijn om ons mee te laten kijken naar misschien wel het belangrijkste moment van hun leven: het vinden van de ware.","formattedEpisodeNumbering":null,"formattedDate":"Wo 1 jul. 2020","formattedDateShort":"Jul. 2020","formattedTime":"19:57","formattedDuration":"22m","formattedAvailabilityWindow":null,"formattedAvailabilityWindowShort":null,"image":{"portraitUrl":null,"landscapeUrl":"https:\/\/images.nlziet.nl\/metadataimportimages\/source\/3166A452B5B8F29D86385AA479071A16EDF15DD06FB1C25888DF084449F45E18.jpg"},"logo":{"normalUrl":"https:\/\/cdn.nlziet.nl\/static\/assets\/contentproviders\/sbs.png","darkUrl":"https:\/\/cdn.nlziet.nl\/static\/assets\/contentproviders\/dark\/sbs.png","flatUrl":"https:\/\/cdn.nlziet.nl\/static\/assets\/contentproviders\/flat\/sbs.png"},"tags":[],"seriesId":"7Tu7VAFLs0qGDQKdQGubPA"},{"id":"H7sJw7wL90GQRDok77S6JA","type":"Vod","title":"Lang Leve de Liefde Compilaties","subtitle":"Aflevering 7","description":"SBS6 - Waarom nemen we zo weinig tijd voor dat wat het allerbelangrijkst is? De liefde lijkt tegenwoordig geen kans meer te krijgen om langzaam op te bloeien. Alles moet snel via datingapps, speeddates of vluchtige blinddates, maar we willen tegelijkertijd wel iemand vinden om oud mee te worden. Stel je nu eens voor dat er een plek is waar singles ruim de tijd krijgen om elkaar goed te leren kennen... door minimaal 24 uur of maximaal 5 dagen met elkaar door te brengen. Dat is Lang Leve de Liefde. Een nieuw liefdesexperiment waarin verwachtingsvolle vrijgezellen zo dapper zijn om ons mee te laten kijken naar misschien wel het belangrijkste moment van hun leven: het vinden van de ware.","formattedEpisodeNumbering":null,"formattedDate":"Di 30 jun. 2020","formattedDateShort":"Jun. 2020","formattedTime":"19:59","formattedDuration":"24m","formattedAvailabilityWindow":null,"formattedAvailabilityWindowShort":null,"image":{"portraitUrl":null,"landscapeUrl":"https:\/\/images.nlziet.nl\/metadataimportimages\/source\/F504C71367FB6D20426B5689978A34AA60CB148A850D337EF8B71979873C3E24.jpg"},"logo":{"normalUrl":"https:\/\/cdn.nlziet.nl\/static\/assets\/contentproviders\/sbs.png","darkUrl":"https:\/\/cdn.nlziet.nl\/static\/assets\/contentproviders\/dark\/sbs.png","flatUrl":"https:\/\/cdn.nlziet.nl\/static\/assets\/contentproviders\/flat\/sbs.png"},"tags":[],"seriesId":"7Tu7VAFLs0qGDQKdQGubPA"},{"id":"xn2hE4rhr0uzigz44vOdgQ","type":"Vod","title":"Lang Leve de Liefde Compilaties","subtitle":"Aflevering 6","description":"SBS6 - Waarom nemen we zo weinig tijd voor dat wat het allerbelangrijkst is? De liefde lijkt tegenwoordig geen kans meer te krijgen om langzaam op te bloeien. Alles moet snel via datingapps, speeddates of vluchtige blinddates, maar we willen tegelijkertijd wel iemand vinden om oud mee te worden. Stel je nu eens voor dat er een plek is waar singles ruim de tijd krijgen om elkaar goed te leren kennen... door minimaal 24 uur of maximaal 5 dagen met elkaar door te brengen. Dat is Lang Leve de Liefde. Een nieuw liefdesexperiment waarin verwachtingsvolle vrijgezellen zo dapper zijn om ons mee te laten kijken naar misschien wel het belangrijkste moment van hun leven: het vinden van de ware.","formattedEpisodeNumbering":null,"formattedDate":"Ma 29 jun. 2020","formattedDateShort":"Jun. 2020","formattedTime":"19:59","formattedDuration":"22m","formattedAvailabilityWindow":null,"formattedAvailabilityWindowShort":null,"image":{"portraitUrl":null,"landscapeUrl":"https:\/\/images.nlziet.nl\/metadataimportimages\/source\/E7CB0305CC37DF914443E043731354291457D376966CA67CD7A53FD3EAEBE439.jpg"},"logo":{"normalUrl":"https:\/\/cdn.nlziet.nl\/static\/assets\/contentproviders\/sbs.png","darkUrl":"https:\/\/cdn.nlziet.nl\/static\/assets\/contentproviders\/dark\/sbs.png","flatUrl":"https:\/\/cdn.nlziet.nl\/static\/assets\/contentproviders\/flat\/sbs.png"},"tags":[],"seriesId":"7Tu7VAFLs0qGDQKdQGubPA"},{"id":"ZY52B12V_k-AXt2N0yE_tg","type":"Vod","title":"Lang Leve de Liefde Compilaties","subtitle":"Aflevering 5","description":"SBS6 - Waarom nemen we zo weinig tijd voor dat wat het allerbelangrijkst is? De liefde lijkt tegenwoordig geen kans meer te krijgen om langzaam op te bloeien. Alles moet snel via datingapps, speeddates of vluchtige blinddates, maar we willen tegelijkertijd wel iemand vinden om oud mee te worden. Stel je nu eens voor dat er een plek is waar singles ruim de tijd krijgen om elkaar goed te leren kennen... door minimaal 24 uur of maximaal 5 dagen met elkaar door te brengen. Dat is Lang Leve de Liefde. Een nieuw liefdesexperiment waarin verwachtingsvolle vrijgezellen zo dapper zijn om ons mee te laten kijken naar misschien wel het belangrijkste moment van hun leven: het vinden van de ware.","formattedEpisodeNumbering":null,"formattedDate":"Vr 26 jun. 2020","formattedDateShort":"Jun. 2020","formattedTime":"19:59","formattedDuration":"22m","formattedAvailabilityWindow":null,"formattedAvailabilityWindowShort":null,"image":{"portraitUrl":null,"landscapeUrl":"https:\/\/images.nlziet.nl\/metadataimportimages\/source\/7A099A8E43AF435E75D6F4F26EF42616F4083C278CB662E8F96228A121125F26.jpg"},"logo":{"normalUrl":"https:\/\/cdn.nlziet.nl\/static\/assets\/contentproviders\/sbs.png","darkUrl":"https:\/\/cdn.nlziet.nl\/static\/assets\/contentproviders\/dark\/sbs.png","flatUrl":"https:\/\/cdn.nlziet.nl\/static\/assets\/contentproviders\/flat\/sbs.png"},"tags":[],"seriesId":"7Tu7VAFLs0qGDQKdQGubPA"},{"id":"0wm3Fhkb_kms5ZGK5a3Kkw","type":"Vod","title":"Lang Leve de Liefde Compilaties","subtitle":"Aflevering 4","description":"SBS6 - Waarom nemen we zo weinig tijd voor dat wat het allerbelangrijkst is? De liefde lijkt tegenwoordig geen kans meer te krijgen om langzaam op te bloeien. Alles moet snel via datingapps, speeddates of vluchtige blinddates, maar we willen tegelijkertijd wel iemand vinden om oud mee te worden. Stel je nu eens voor dat er een plek is waar singles ruim de tijd krijgen om elkaar goed te leren kennen... door minimaal 24 uur of maximaal 5 dagen met elkaar door te brengen. Dat is Lang Leve de Liefde. Een nieuw liefdesexperiment waarin verwachtingsvolle vrijgezellen zo dapper zijn om ons mee te laten kijken naar misschien wel het belangrijkste moment van hun leven: het vinden van de ware.","formattedEpisodeNumbering":null,"formattedDate":"Do 25 jun. 2020","formattedDateShort":"Jun. 2020","formattedTime":"19:58","formattedDuration":"23m","formattedAvailabilityWindow":null,"formattedAvailabilityWindowShort":null,"image":{"portraitUrl":null,"landscapeUrl":"https:\/\/images.nlziet.nl\/metadataimportimages\/source\/0440BCF8ED868E60E641866422E6F7763EEDD6898263993CBB5DB6C0073887AF.jpg"},"logo":{"normalUrl":"https:\/\/cdn.nlziet.nl\/static\/assets\/contentproviders\/sbs.png","darkUrl":"https:\/\/cdn.nlziet.nl\/static\/assets\/contentproviders\/dark\/sbs.png","flatUrl":"https:\/\/cdn.nlziet.nl\/static\/assets\/contentproviders\/flat\/sbs.png"},"tags":[],"seriesId":"7Tu7VAFLs0qGDQKdQGubPA"},{"id":"vww_usG-REeRFN8Aaz9bmg","type":"Vod","title":"Lang Leve de Liefde Compilaties","subtitle":"Aflevering 3","description":"SBS6 - Waarom nemen we zo weinig tijd voor dat wat het allerbelangrijkst is? De liefde lijkt tegenwoordig geen kans meer te krijgen om langzaam op te bloeien. Alles moet snel via datingapps, speeddates of vluchtige blinddates, maar we willen tegelijkertijd wel iemand vinden om oud mee te worden. Stel je nu eens voor dat er een plek is waar singles ruim de tijd krijgen om elkaar goed te leren kennen... door minimaal 24 uur of maximaal 5 dagen met elkaar door te brengen. Dat is Lang Leve de Liefde. Een nieuw liefdesexperiment waarin verwachtingsvolle vrijgezellen zo dapper zijn om ons mee te laten kijken naar misschien wel het belangrijkste moment van hun leven: het vinden van de ware.","formattedEpisodeNumbering":null,"formattedDate":"Wo 24 jun. 2020","formattedDateShort":"Jun. 2020","formattedTime":"19:59","formattedDuration":"22m","formattedAvailabilityWindow":null,"formattedAvailabilityWindowShort":null,"image":{"portraitUrl":null,"landscapeUrl":"https:\/\/images.nlziet.nl\/metadataimportimages\/source\/2851EA849A7F14BB90DB480986FD7A47C2B5B03BD2A50D4E7BD741A7E2C33417.jpg"},"logo":{"normalUrl":"https:\/\/cdn.nlziet.nl\/static\/assets\/contentproviders\/sbs.png","darkUrl":"https:\/\/cdn.nlziet.nl\/static\/assets\/contentproviders\/dark\/sbs.png","flatUrl":"https:\/\/cdn.nlziet.nl\/static\/assets\/contentproviders\/flat\/sbs.png"},"tags":[],"seriesId":"7Tu7VAFLs0qGDQKdQGubPA"},{"id":"uwA6AZPhh0G_Rid_6IuOtQ","type":"Vod","title":"Lang Leve de Liefde Compilaties","subtitle":"Aflevering 2","description":"SBS6 - Waarom nemen we zo weinig tijd voor dat wat het allerbelangrijkst is? De liefde lijkt tegenwoordig geen kans meer te krijgen om langzaam op te bloeien. Alles moet snel via datingapps, speeddates of vluchtige blinddates, maar we willen tegelijkertijd wel iemand vinden om oud mee te worden. Stel je nu eens voor dat er een plek is waar singles ruim de tijd krijgen om elkaar goed te leren kennen... door minimaal 24 uur of maximaal 5 dagen met elkaar door te brengen. Dat is Lang Leve de Liefde. Een nieuw liefdesexperiment waarin verwachtingsvolle vrijgezellen zo dapper zijn om ons mee te laten kijken naar misschien wel het belangrijkste moment van hun leven: het vinden van de ware.","formattedEpisodeNumbering":null,"formattedDate":"Di 23 jun. 2020","formattedDateShort":"Jun. 2020","formattedTime":"19:59","formattedDuration":"23m","formattedAvailabilityWindow":null,"formattedAvailabilityWindowShort":null,"image":{"portraitUrl":null,"landscapeUrl":"https:\/\/images.nlziet.nl\/metadataimportimages\/source\/1A10B5A45C74E86546595F36AD76A9EE36E27ADD5452C8EBBB15B5378779F6CD.jpg"},"logo":{"normalUrl":"https:\/\/cdn.nlziet.nl\/static\/assets\/contentproviders\/sbs.png","darkUrl":"https:\/\/cdn.nlziet.nl\/static\/assets\/contentproviders\/dark\/sbs.png","flatUrl":"https:\/\/cdn.nlziet.nl\/static\/assets\/contentproviders\/flat\/sbs.png"},"tags":[],"seriesId":"7Tu7VAFLs0qGDQKdQGubPA"},{"id":"HBKEPz9iEkme8thzRWLI0A","type":"Vod","title":"Lang Leve de Liefde Compilaties","subtitle":"Aflevering 1","description":"SBS6 - Waarom nemen we zo weinig tijd voor dat wat het allerbelangrijkst is? De liefde lijkt tegenwoordig geen kans meer te krijgen om langzaam op te bloeien. Alles moet snel via datingapps, speeddates of vluchtige blinddates, maar we willen tegelijkertijd wel iemand vinden om oud mee te worden. Stel je nu eens voor dat er een plek is waar singles ruim de tijd krijgen om elkaar goed te leren kennen... door minimaal 24 uur of maximaal 5 dagen met elkaar door te brengen. Dat is Lang Leve de Liefde. Een nieuw liefdesexperiment waarin verwachtingsvolle vrijgezellen zo dapper zijn om ons mee te laten kijken naar misschien wel het belangrijkste moment van hun leven: het vinden van de ware.","formattedEpisodeNumbering":null,"formattedDate":"Ma 22 jun. 2020","formattedDateShort":"Jun. 2020","formattedTime":"19:58","formattedDuration":"22m","formattedAvailabilityWindow":null,"formattedAvailabilityWindowShort":null,"image":{"portraitUrl":null,"landscapeUrl":"https:\/\/images.nlziet.nl\/metadataimportimages\/source\/A78603AFE3B2E5BEF6BEBAA44888B346708646E17867DC0F64259BA6EE52EA75.jpg"},"logo":{"normalUrl":"https:\/\/cdn.nlziet.nl\/static\/assets\/contentproviders\/sbs.png","darkUrl":"https:\/\/cdn.nlziet.nl\/static\/assets\/contentproviders\/dark\/sbs.png","flatUrl":"https:\/\/cdn.nlziet.nl\/static\/assets\/contentproviders\/flat\/sbs.png"},"tags":[],"seriesId":"7Tu7VAFLs0qGDQKdQGubPA"}]