[{"id":"6cDQUFDpnkCS52-ixbnYdg","type":"Vod","title":"Oplichters op het Internet","subtitle":"Aflevering 2","description":"SBS6 - In Oplichters op het internet helpt Kees van der Spek slachtoffers die voor grote bedragen digitaal zijn opgelicht. Kees reist het binnen- en buitenland af om de internetoplichters op te sporen die op dat moment onvindbaar zijn. In deze aflevering duikt Kees samen met de IT-deskundige in de onlinefraude van Marktplaats. Ze gaan op onderzoek uit om te achterhalen wie de onlineverkoper is die alleen geld incasseert en verder nooit iets levert. En Kees komt in contact met mensen die het slachtoffer zijn geworden van phishingmail. Lukt het hem om de oplichter te pakken die achter de vervalste bankmailtjes schuilt?","formattedEpisodeNumbering":null,"formattedDate":"Zo 28 okt. 2018","formattedDateShort":"Okt. 2018","formattedTime":"21:25","formattedDuration":"38m","formattedAvailabilityWindow":null,"formattedAvailabilityWindowShort":null,"image":{"portraitUrl":null,"landscapeUrl":null},"logo":{"normalUrl":"https:\/\/cdn.nlziet.nl\/static\/assets\/contentproviders\/sbs.png","darkUrl":"https:\/\/cdn.nlziet.nl\/static\/assets\/contentproviders\/dark\/sbs.png","flatUrl":"https:\/\/cdn.nlziet.nl\/static\/assets\/contentproviders\/flat\/sbs.png"},"tags":[],"seriesId":"56ufC8kofk-Ye8Izm4pq5g"},{"id":"cE8-PkqbjEe6mnIfdRhs4Q","type":"Vod","title":"Oplichters op het Internet","subtitle":"Aflevering 1","description":"SBS6 - In Oplichters op het internet helpt Kees van der Spek slachtoffers die voor grote bedragen digitaal zijn opgelicht. Kees reist het binnen- en buitenland af om de internetoplichters op te sporen die op dat moment onvindbaar zijn. In de eerste aflevering gaat Kees langs bij Linda. Zij werd via een datingsite verliefd op een hele leuke Engelsman. Hij beloofde haar gouden bergen, totdat hij opeens in Zuid-Afrika in de gevangenis belandde. Er moest smeergeld betaald worden om hem vrij te krijgen. Linda maakte in totaal 65.000 euro over om de liefde van haar leven te redden. Al snel ontdekte ze dat ze was opgelicht. De man was helemaal geen Engelsman in nood, maar een bedrieger die een vals profiel gebruikt. Kees en zijn team starten een zoektocht en die voert hen tot ver over de grens waar het slachtoffer uiteindelijk oog in oog komt te staan met haar bedrieger.","formattedEpisodeNumbering":null,"formattedDate":"Zo 21 okt. 2018","formattedDateShort":"Okt. 2018","formattedTime":"21:27","formattedDuration":"40m","formattedAvailabilityWindow":null,"formattedAvailabilityWindowShort":null,"image":{"portraitUrl":null,"landscapeUrl":"https:\/\/images.nlziet.nl\/metadataimportimages\/source\/DBBC46AEE6C997CE0CC975E4D4EEF0D7B9B8C30722FF2E406E29988462490185.jpg"},"logo":{"normalUrl":"https:\/\/cdn.nlziet.nl\/static\/assets\/contentproviders\/sbs.png","darkUrl":"https:\/\/cdn.nlziet.nl\/static\/assets\/contentproviders\/dark\/sbs.png","flatUrl":"https:\/\/cdn.nlziet.nl\/static\/assets\/contentproviders\/flat\/sbs.png"},"tags":[],"seriesId":"56ufC8kofk-Ye8Izm4pq5g"}]