[{"id":"SqyKXG_bYkGcgRObOCYZkw","type":"Vod","title":"Het Mooiste Meisje van de Klas","subtitle":"","description":"TROS - 'Haar benen eindigden, waar mijn nek begon', zegt \u00e9\u00e9n van haar oud-klasgenootjes. Lucienne, lijkt alles te hebben waar anderen alleen van dromen. Jongens vinden haar niet alleen de mooiste van de klas, maar van de hele school. Alle meisjes zijn verliefd op haar vriendje en thuis hebben ze het financieel goed. Op haar zestiende krijgt ze opdrachten als fotomodel en het duurt niet lang voordat ook een filmcarri\u00e8re binnen handbereik is. Wat niemand weet is dat Lucienne al die kansen met twee handen aangrijpt om zo snel mogelijk uit huis te kunnen. Hoewel haar moeder een warm thuis probeert te cre\u00ebren, kan niemand op tegen de autoritaire vader van Lucienne, voor wie de kinderen op de laatste plaats komen. 'Ik heb nooit kinderen gewild', zal hij later ook aan haar bekennen. En net als hij spijt lijkt te hebben van die uitspraak en het contact met Lucienne probeert te herstellen, overlijdt hij. Maar aan de buitenkant lijkt Lucienne alles voor de wind te gaan. Heel Apeldoorn zit aan de buis gekluisterd als zij in een serie erotische verhalen op televisie verschijnt. Krantenkoppen voorspellen haar een internationale filmcarri\u00e8re. Vriendinnen benijden haar, maar het enige dat Lucienne eigenlijk wil, is geborgenheid en die vindt ze bij haar vriend Edu. Ze weigert het aanbod om Sylvia Kristel op te volgen in de Emmanuelle films en kiest voor huisje, boompje, beestje. Maar als je op je vierentwintigste de hele wereld hebt gezien is het moeilijk om weer aan het gewone leven te wennen... Na tien jaar loopt haar relatie stuk en besluit Lucienne alleen verder te gaan. Ze wordt getroffen door ziekte en niet lang daarna raakt ze depressief. Inmiddels werkt ze naast haar fulltime baan ook als vrijwilligster in de zorg voor zwaar psychiatrische pati\u00ebnten. Jaap Jongbloed vraagt haar of ze nu eindelijk het geluk heeft gevonden en of haar uiterlijk daartoe heeft bijgedragen.","formattedEpisodeNumbering":"S2010:A9","formattedDate":"Do 18 nov. 2010","formattedDateShort":"Nov. 2010","formattedTime":"22:15","formattedDuration":"50m","formattedAvailabilityWindow":null,"formattedAvailabilityWindowShort":null,"image":{"portraitUrl":null,"landscapeUrl":"https:\/\/images.nlziet.nl\/metadataimportimages\/source\/7EB5370A5D113C0229553A2C481518DEAEB0D77E151E322F2A0DCAFA1561E204.jpg"},"logo":{"normalUrl":"https:\/\/cdn.nlziet.nl\/static\/assets\/contentproviders\/npo.png","darkUrl":"https:\/\/cdn.nlziet.nl\/static\/assets\/contentproviders\/dark\/npo.png","flatUrl":"https:\/\/cdn.nlziet.nl\/static\/assets\/contentproviders\/flat\/npo.png"},"tags":[],"seriesId":"6QApQZDaZ0Gc_9gWZDJFZA"},{"id":"rfd_sKjNAkK-k8CAjSKykg","type":"Vod","title":"Het Mooiste Meisje van de Klas","subtitle":"Ashkaine","description":"TROS - Met haar donkere krullen en haar vrouwelijke lijnen brengt Ashkaine de hoofden op hol van de jongens op Het Amsterdams Lyceum. Als een van de weinige meisjes in een B\u00e8ta-klas valt ze natuurlijk dubbel op. Haar verleidelijke gipsyachtige uiterlijk spreekt tot de verbeelding in het keurige Amsterdam-Zuid. Zij wordt door haar moeder, die gescheiden is van Ashkaine's Armeense vader, opgevoed. Het gemis van een vader, die onvoorwaardelijk van haar houdt, maakt dat Ashkaine juist op zoek gaat naar mannelijke aandacht. Ze brengt haar vakanties al feestend door op Ibiza waar haar grootouders een huis hebben. Na haar middelbare school heeft ze 101 baantjes. Van bardame in een stripclub tot chef-kok in een restaurant. Ze reist de hele wereld rond. Op een van die reizen ontmoet ze haar Engelse man Jimmy. Hij is fotograaf en samen maken ze een boek over China waar ze twee jaar rondtrekken. Ze trouwen en Ashkaine gaat bij de televisie werken, maar stopt daarmee als ze moeder wordt. Stilzitten kan ze niet en ze begint succesvol met het aankopen en opknappen van huizen, waarmee ze een aantal grote financi\u00eble klappers maakt. Na de geboorte van haar derde kind kan ze zich op een dag niet meer bewegen, ze blijkt reuma te hebben. Ze heeft grote moeite om dit te accepteren, ziek zijn is niet sexy en erover zeuren al helemaal niet.","formattedEpisodeNumbering":"S2010:A8","formattedDate":"Do 11 nov. 2010","formattedDateShort":"Nov. 2010","formattedTime":"22:15","formattedDuration":"50m","formattedAvailabilityWindow":null,"formattedAvailabilityWindowShort":null,"image":{"portraitUrl":null,"landscapeUrl":"https:\/\/images.nlziet.nl\/metadataimportimages\/source\/7EB5370A5D113C0229553A2C481518DEAEB0D77E151E322F2A0DCAFA1561E204.jpg"},"logo":{"normalUrl":"https:\/\/cdn.nlziet.nl\/static\/assets\/contentproviders\/npo.png","darkUrl":"https:\/\/cdn.nlziet.nl\/static\/assets\/contentproviders\/dark\/npo.png","flatUrl":"https:\/\/cdn.nlziet.nl\/static\/assets\/contentproviders\/flat\/npo.png"},"tags":[],"seriesId":"6QApQZDaZ0Gc_9gWZDJFZA"},{"id":"m1w0kOwtR0KP_5qlEOnoyw","type":"Vod","title":"Het Mooiste Meisje van de Klas","subtitle":"","description":"TROS - Amusementsprogramma vol nostalgie, schoonheid en de betekenis daarvan. Maar bovenal prachtig en herkenbaar drama. Klasgenoten en bekenden halen herinneringen aan het mooiste meisje en de oude schooltijd op. Kortom: bijzondere verhalen en veel liefde, dat iedere kijker terugvoert naar de overzichtelijke tijd op school.","formattedEpisodeNumbering":"S2010:A7","formattedDate":"Vr 23 jul. 2010","formattedDateShort":"Jul. 2010","formattedTime":"21:35","formattedDuration":"50m","formattedAvailabilityWindow":null,"formattedAvailabilityWindowShort":null,"image":{"portraitUrl":null,"landscapeUrl":"https:\/\/images.nlziet.nl\/metadataimportimages\/source\/7EB5370A5D113C0229553A2C481518DEAEB0D77E151E322F2A0DCAFA1561E204.jpg"},"logo":{"normalUrl":"https:\/\/cdn.nlziet.nl\/static\/assets\/contentproviders\/npo.png","darkUrl":"https:\/\/cdn.nlziet.nl\/static\/assets\/contentproviders\/dark\/npo.png","flatUrl":"https:\/\/cdn.nlziet.nl\/static\/assets\/contentproviders\/flat\/npo.png"},"tags":[],"seriesId":"6QApQZDaZ0Gc_9gWZDJFZA"},{"id":"VDrh3Zo_JECGoTvf7jbhzg","type":"Vod","title":"Het Mooiste Meisje van de Klas","subtitle":"Joy","description":"TROS - Als \u00e9\u00e9n van de eerste vrouwelijke deejays van Nederland is Joy (D-Joy) een bekende verschijning in de uitgaanswereld van de Randstad. Na jaren van uitgaan en een neiging tot zelfdestructie is er in deze fase van haar leven meer rust gekomen. Ze kan beter relativeren en terugkijken op haar moeilijke schooltijd in Rotterdam, de krakersjaren in het Poortgebouw, haar wilde modellentijd in Milaan en de moeizame relatie met haar moeder, die haar alleen probeerde op te voeden nadat zij haar Bengaalse vader had achtergelaten in Bangladesh. Nu ineens voelt zij de behoefte meer over haar vader te weten te komen.","formattedEpisodeNumbering":"S2010:A7","formattedDate":"Do 4 nov. 2010","formattedDateShort":"Nov. 2010","formattedTime":"21:30","formattedDuration":"45m","formattedAvailabilityWindow":null,"formattedAvailabilityWindowShort":null,"image":{"portraitUrl":null,"landscapeUrl":"https:\/\/images.nlziet.nl\/metadataimportimages\/source\/7EB5370A5D113C0229553A2C481518DEAEB0D77E151E322F2A0DCAFA1561E204.jpg"},"logo":{"normalUrl":"https:\/\/cdn.nlziet.nl\/static\/assets\/contentproviders\/npo.png","darkUrl":"https:\/\/cdn.nlziet.nl\/static\/assets\/contentproviders\/dark\/npo.png","flatUrl":"https:\/\/cdn.nlziet.nl\/static\/assets\/contentproviders\/flat\/npo.png"},"tags":[],"seriesId":"6QApQZDaZ0Gc_9gWZDJFZA"},{"id":"OJgR_xH79UWZJ0R9WNoxOA","type":"Vod","title":"Het Mooiste Meisje van de Klas","subtitle":"Sylvana","description":"TROS - Het gezin Wenderhold heeft een bekende naam in Castricum en omgeving. Vader runt een groot imperium in erotische magazines en zus Sandy staat bekend als aanstormend nationaal tenniskampioen. Hier gaat veel aandacht naar uit. Sylvana zelf heeft andere interesses; zij gaat zowel thuis als op school haar eigen gang en dat zorgt nog wel eens voor discussie met haar ouders. Sylvana hoeft er weinig voor te doen om op te vallen. Ze is sowieso het mooiste meisje van de klas. Ze leeft veel buiten de deur waar ze kiest voor opvallende vriendjes en zich verliest in haar liefde voor dieren. Ze zorgt niet alleen voor dieren, ze probeert ook het leven voor de outcast van de school wat aangenamer te maken. Jaap Jongbloed zoekt haar op aan de andere kant van de wereld, helemaal in Australi\u00eb, waar zij met man en kinderen woont. Wat heeft haar zo ver weg gedreven?","formattedEpisodeNumbering":"S2010:A6","formattedDate":"Do 28 okt. 2010","formattedDateShort":"Okt. 2010","formattedTime":"21:30","formattedDuration":"45m","formattedAvailabilityWindow":null,"formattedAvailabilityWindowShort":null,"image":{"portraitUrl":null,"landscapeUrl":"https:\/\/images.nlziet.nl\/metadataimportimages\/source\/7EB5370A5D113C0229553A2C481518DEAEB0D77E151E322F2A0DCAFA1561E204.jpg"},"logo":{"normalUrl":"https:\/\/cdn.nlziet.nl\/static\/assets\/contentproviders\/npo.png","darkUrl":"https:\/\/cdn.nlziet.nl\/static\/assets\/contentproviders\/dark\/npo.png","flatUrl":"https:\/\/cdn.nlziet.nl\/static\/assets\/contentproviders\/flat\/npo.png"},"tags":[],"seriesId":"6QApQZDaZ0Gc_9gWZDJFZA"},{"id":"MJXjTqRxyUOtWKosMLeuUg","type":"Vod","title":"Het Mooiste Meisje van de Klas","subtitle":"Sylvia","description":"TROS - Midden jaren '70 wordt de wereldse en veel te vrije Sylvia in het dorp Dronten door sommigen al snel om haar gedrag veroordeeld. 'Als je iemand een kusje gaf werd je al als slet gezien.' In de tweede klas van de mavo besluit Sylvia, die actrice wil worden, naar de kunstzinnige IVKO in Amsterdam te gaan. De reistijd neemt ze op de koop toe. Iedereen verwacht dat ze actrice wordt, maar het loopt allemaal anders. Jaap Jongbloed ontmoet Sylvia (42) in haar woning, waar ze door een aandoening liggend en schilderend haar dagen doorbrengt. Hij spreekt met haar over gemiste kansen, foute mannen en de eenzaamheid door haar ziekte.","formattedEpisodeNumbering":"S2010:A5","formattedDate":"Do 21 okt. 2010","formattedDateShort":"Okt. 2010","formattedTime":"21:30","formattedDuration":"45m","formattedAvailabilityWindow":null,"formattedAvailabilityWindowShort":null,"image":{"portraitUrl":null,"landscapeUrl":"https:\/\/images.nlziet.nl\/metadataimportimages\/source\/7EB5370A5D113C0229553A2C481518DEAEB0D77E151E322F2A0DCAFA1561E204.jpg"},"logo":{"normalUrl":"https:\/\/cdn.nlziet.nl\/static\/assets\/contentproviders\/npo.png","darkUrl":"https:\/\/cdn.nlziet.nl\/static\/assets\/contentproviders\/dark\/npo.png","flatUrl":"https:\/\/cdn.nlziet.nl\/static\/assets\/contentproviders\/flat\/npo.png"},"tags":[],"seriesId":"6QApQZDaZ0Gc_9gWZDJFZA"},{"id":"ApuVxpXxf0iMkYrVq3K39Q","type":"Vod","title":"Het Mooiste Meisje van de Klas","subtitle":"Monique","description":"TROS - De lange en blonde Monique (1972) is een opvallende verschijning op de IVA-opleiding in Driebergen, waar voornamelijk jongens worden klaargestoomd om in de autobranche te gaan werken. Ze is in haar klas het enige meisje. Gaf dat niet enorm veel deining toen zij daar na haar middelbare school in Nieuwegein, waar zij als mooiste in de klas bekend stond, haar entree maakte? Jaap Jongbloed gaat met haar terug in de tijd. Wie was dit meisje, dat in de populaire Utrechtse uitgaansclub Fellini een tweede huiskamer vindt en daar wekelijks uit haar dak gaat? En welk tragisch noodlot treft haar bijna vier jaar geleden op een zonnige vakantie waardoor zij haar eigen dochter niet meer dreigt te kunnen zien?","formattedEpisodeNumbering":"S2010:A4","formattedDate":"Do 7 okt. 2010","formattedDateShort":"Okt. 2010","formattedTime":"21:30","formattedDuration":"45m","formattedAvailabilityWindow":null,"formattedAvailabilityWindowShort":null,"image":{"portraitUrl":null,"landscapeUrl":"https:\/\/images.nlziet.nl\/metadataimportimages\/source\/7EB5370A5D113C0229553A2C481518DEAEB0D77E151E322F2A0DCAFA1561E204.jpg"},"logo":{"normalUrl":"https:\/\/cdn.nlziet.nl\/static\/assets\/contentproviders\/npo.png","darkUrl":"https:\/\/cdn.nlziet.nl\/static\/assets\/contentproviders\/dark\/npo.png","flatUrl":"https:\/\/cdn.nlziet.nl\/static\/assets\/contentproviders\/flat\/npo.png"},"tags":[],"seriesId":"6QApQZDaZ0Gc_9gWZDJFZA"},{"id":"fYLErcvDMkaQ7z3UzlSIHQ","type":"Vod","title":"Het Mooiste Meisje van de Klas","subtitle":"Linda","description":"TROS - Als de gevoelige Linda na de lagere school op het keurige Stedelijk Gymnasium in Leiden terechtkomt, voelt ze zich al snel een vreemde eend in de bijt. Haar liefde voor disco en soul wordt daar niet gedeeld door haar klasgenoten. Linda voelt zich er niet geaccepteerd. Jaren later kijken haar klasgenoten op hun neus als zij als Brenda Steunbeer verschijnt in het programma Verona. Mede daardoor \u00e9n een nietsverhullende reportage in een blootblad wordt Linda een bekende Nederlander, maar een echte doorbraak blijft uit. Jaap Jongbloed blikt met haar terug op haar schooltijd, hoe zij als zestienjarige omging met de drankverslaving van haar veertien jaar oudere vriend en haar imago als blonde stoot. In hoeverre klopten de vooroordelen over haar uiterlijk? Ze heeft nu in ieder geval besloten om nooit meer tot lichamelijke ingrepen over te gaan: 'Ik wil nu natuurlijk oud worden.'.","formattedEpisodeNumbering":"S2010:A3","formattedDate":"Do 30 sep. 2010","formattedDateShort":"Sep. 2010","formattedTime":"21:30","formattedDuration":"45m","formattedAvailabilityWindow":null,"formattedAvailabilityWindowShort":null,"image":{"portraitUrl":null,"landscapeUrl":"https:\/\/images.nlziet.nl\/metadataimportimages\/source\/7EB5370A5D113C0229553A2C481518DEAEB0D77E151E322F2A0DCAFA1561E204.jpg"},"logo":{"normalUrl":"https:\/\/cdn.nlziet.nl\/static\/assets\/contentproviders\/npo.png","darkUrl":"https:\/\/cdn.nlziet.nl\/static\/assets\/contentproviders\/dark\/npo.png","flatUrl":"https:\/\/cdn.nlziet.nl\/static\/assets\/contentproviders\/flat\/npo.png"},"tags":[],"seriesId":"6QApQZDaZ0Gc_9gWZDJFZA"},{"id":"Ok6sO3SiYEG4KHBpuWid8Q","type":"Vod","title":"Het Mooiste Meisje van de Klas","subtitle":"Gudrun","description":"TROS - Gudrun groeit op in het Noord-Hollandse Wieringerwerf en is daar met haar exotische uiterlijk een opvallende verschijning. Niemand kan dan vermoeden dat dit lieftallige meisje op latere leeftijd op zijn zachtst gezegd gewaagde keuzes zal maken voor wat betreft loopbaan en levenswandel.Jaap Jongbloed bezoekt haar huis op het Griekse eiland Rhodos, waar zij vertelt over haar onbereikbare liefdes, haar zakelijke instinct, haar dochter en kind.","formattedEpisodeNumbering":"S2010:A2","formattedDate":"Do 23 sep. 2010","formattedDateShort":"Sep. 2010","formattedTime":"21:25","formattedDuration":"45m","formattedAvailabilityWindow":null,"formattedAvailabilityWindowShort":null,"image":{"portraitUrl":null,"landscapeUrl":"https:\/\/images.nlziet.nl\/metadataimportimages\/source\/9487C1AD1CC2E3E969C49FBE2BAB334D20801984AEBC47B05E5B9674287D97D2.jpg"},"logo":{"normalUrl":"https:\/\/cdn.nlziet.nl\/static\/assets\/contentproviders\/npo.png","darkUrl":"https:\/\/cdn.nlziet.nl\/static\/assets\/contentproviders\/dark\/npo.png","flatUrl":"https:\/\/cdn.nlziet.nl\/static\/assets\/contentproviders\/flat\/npo.png"},"tags":[],"seriesId":"6QApQZDaZ0Gc_9gWZDJFZA"},{"id":"GwjkEErEukSsTwrn4xWbCQ","type":"Vod","title":"Het Mooiste Meisje van de Klas","subtitle":"Barbara","description":"TROS - Het 36-jarige Nederlandse topmodel Barbara is nog altijd razend populair in Itali\u00eb, het land waar zij een hoofdrol speelde in een film naast Raoul Bova, de Italiaanse Brad Pitt. Ze had de rollen voor het uitkiezen, maar moest daarvoor naar het buitenland. Haar internationale doorbraak is uitgebleven. Dat heeft vooral te maken met haar aangeboren angst voor grote veranderingen en het gebrek aan durf om grote beslissingen te nemen in het leven. Jaap Jongbloed zoekt Barbara op in haar woonplaats Milaan, waar hij met haar praat over haar schooltijd in Almelo en Zevenaar. Een gesprek over onder meer jaloezie in de provincie, haar internationale modellencarri\u00e8re en het verdriet om haar moeder.","formattedEpisodeNumbering":"S2010:A1","formattedDate":"Do 16 sep. 2010","formattedDateShort":"Sep. 2010","formattedTime":"21:25","formattedDuration":"45m","formattedAvailabilityWindow":null,"formattedAvailabilityWindowShort":null,"image":{"portraitUrl":null,"landscapeUrl":"https:\/\/images.nlziet.nl\/metadataimportimages\/source\/74CF166ECA96FD63D674DAB885B3F316F9FCAD64B728FF28E741BD5B372A32AB.jpg"},"logo":{"normalUrl":"https:\/\/cdn.nlziet.nl\/static\/assets\/contentproviders\/npo.png","darkUrl":"https:\/\/cdn.nlziet.nl\/static\/assets\/contentproviders\/dark\/npo.png","flatUrl":"https:\/\/cdn.nlziet.nl\/static\/assets\/contentproviders\/flat\/npo.png"},"tags":[],"seriesId":"6QApQZDaZ0Gc_9gWZDJFZA"}]