[{"id":"cjyv52iDxEy49HcOMzSydA","type":"Vod","title":"Zappsport","subtitle":"Z@ppSport compilatie","description":"TROS - Sportmagazine voor de jeugd. Vast element is de spannende battle: Wie zijn er beter in een bepaalde sport: de jongens of de meisjes? Tevens kunnen kinderen met een sportprobleem de hulp inroepen van hun idool en stelt Ron Boszhard vragen tijdens een supersnel interview. Verder aandacht voor jong sporttalent, belangrijke kampioenschappen en je ziet de coolste sporttricks in The Move. Een uitzending vol hoogtepunten.","formattedEpisodeNumbering":null,"formattedDate":"Za 30 aug. 2008","formattedDateShort":"Aug. 2008","formattedTime":"17:15","formattedDuration":"30m","formattedAvailabilityWindow":null,"formattedAvailabilityWindowShort":null,"image":{"portraitUrl":null,"landscapeUrl":"https:\/\/images.nlziet.nl\/metadataimportimages\/source\/76A5BAF5BB8570AD4AFD5C0D9D931F94506306A13562C7A61D53B0513AF683DE.jpg"},"logo":{"normalUrl":"https:\/\/cdn.nlziet.nl\/static\/assets\/contentproviders\/npo.png","darkUrl":"https:\/\/cdn.nlziet.nl\/static\/assets\/contentproviders\/dark\/npo.png","flatUrl":"https:\/\/cdn.nlziet.nl\/static\/assets\/contentproviders\/flat\/npo.png"},"tags":[],"seriesId":"7QrOqPrilEGeM3pgWB1w1A"},{"id":"afrk5n4Kt0iA2icxpaaoXg","type":"Vod","title":"Zappsport","subtitle":"Z@ppSport compilatie","description":"TROS - Sportmagazine voor de jeugd. Vast element is de spannende battle: Wie zijn er beter in een bepaalde sport: de jongens of de meisjes? Tevens kunnen kinderen met een sportprobleem de hulp inroepen van hun idool en stelt Ron Boszhard vragen tijdens een supersnel interview. Ook is er aandacht voor Kids Soccer, h\u00e9t voetbalevenement voor de jeugd waar grote talenten zijn ontdekt. De deelnemers dromen er dan ook van om prof te worden! Verder volgen we jong sporttalent dat meedoet aan een belangrijk toernooi en zie je de coolste sporttricks in de Move. Een uitzending vol hoogtepunten.","formattedEpisodeNumbering":null,"formattedDate":"Za 2 aug. 2008","formattedDateShort":"Aug. 2008","formattedTime":"17:15","formattedDuration":"30m","formattedAvailabilityWindow":null,"formattedAvailabilityWindowShort":null,"image":{"portraitUrl":null,"landscapeUrl":"https:\/\/images.nlziet.nl\/metadataimportimages\/source\/76A5BAF5BB8570AD4AFD5C0D9D931F94506306A13562C7A61D53B0513AF683DE.jpg"},"logo":{"normalUrl":"https:\/\/cdn.nlziet.nl\/static\/assets\/contentproviders\/npo.png","darkUrl":"https:\/\/cdn.nlziet.nl\/static\/assets\/contentproviders\/dark\/npo.png","flatUrl":"https:\/\/cdn.nlziet.nl\/static\/assets\/contentproviders\/flat\/npo.png"},"tags":[],"seriesId":"7QrOqPrilEGeM3pgWB1w1A"},{"id":"voJr9vpx80uT5UtMkBxKmw","type":"Vod","title":"Zappsport","subtitle":"Z@ppSport compilatie","description":"TROS - Hoogtepunten.","formattedEpisodeNumbering":null,"formattedDate":"Za 26 jul. 2008","formattedDateShort":"Jul. 2008","formattedTime":"17:20","formattedDuration":"30m","formattedAvailabilityWindow":null,"formattedAvailabilityWindowShort":null,"image":{"portraitUrl":null,"landscapeUrl":"https:\/\/images.nlziet.nl\/metadataimportimages\/source\/76A5BAF5BB8570AD4AFD5C0D9D931F94506306A13562C7A61D53B0513AF683DE.jpg"},"logo":{"normalUrl":"https:\/\/cdn.nlziet.nl\/static\/assets\/contentproviders\/npo.png","darkUrl":"https:\/\/cdn.nlziet.nl\/static\/assets\/contentproviders\/dark\/npo.png","flatUrl":"https:\/\/cdn.nlziet.nl\/static\/assets\/contentproviders\/flat\/npo.png"},"tags":[],"seriesId":"7QrOqPrilEGeM3pgWB1w1A"},{"id":"kG3FFFuW9UywCAmZNHaeXw","type":"Vod","title":"Zappsport","subtitle":"Compilatie.","description":"TROS - Een uitzending vol hoogtepunten.","formattedEpisodeNumbering":null,"formattedDate":"Za 19 jul. 2008","formattedDateShort":"Jul. 2008","formattedTime":"17:20","formattedDuration":"30m","formattedAvailabilityWindow":null,"formattedAvailabilityWindowShort":null,"image":{"portraitUrl":null,"landscapeUrl":"https:\/\/images.nlziet.nl\/metadataimportimages\/source\/76A5BAF5BB8570AD4AFD5C0D9D931F94506306A13562C7A61D53B0513AF683DE.jpg"},"logo":{"normalUrl":"https:\/\/cdn.nlziet.nl\/static\/assets\/contentproviders\/npo.png","darkUrl":"https:\/\/cdn.nlziet.nl\/static\/assets\/contentproviders\/dark\/npo.png","flatUrl":"https:\/\/cdn.nlziet.nl\/static\/assets\/contentproviders\/flat\/npo.png"},"tags":[],"seriesId":"7QrOqPrilEGeM3pgWB1w1A"},{"id":"s4oxgEc2TEKgnBG_55ZMsg","type":"Vod","title":"Zappsport","subtitle":"Z@ppSport compilatie","description":"TROS - Hoogtepunten.","formattedEpisodeNumbering":null,"formattedDate":"Za 12 jul. 2008","formattedDateShort":"Jul. 2008","formattedTime":"17:20","formattedDuration":"30m","formattedAvailabilityWindow":null,"formattedAvailabilityWindowShort":null,"image":{"portraitUrl":null,"landscapeUrl":"https:\/\/images.nlziet.nl\/metadataimportimages\/source\/76A5BAF5BB8570AD4AFD5C0D9D931F94506306A13562C7A61D53B0513AF683DE.jpg"},"logo":{"normalUrl":"https:\/\/cdn.nlziet.nl\/static\/assets\/contentproviders\/npo.png","darkUrl":"https:\/\/cdn.nlziet.nl\/static\/assets\/contentproviders\/dark\/npo.png","flatUrl":"https:\/\/cdn.nlziet.nl\/static\/assets\/contentproviders\/flat\/npo.png"},"tags":[],"seriesId":"7QrOqPrilEGeM3pgWB1w1A"},{"id":"4UZXemgevkeQfm00FMfdMQ","type":"Vod","title":"Zappsport","subtitle":"Z@ppSport compilatie","description":"TROS - Hoogtepunten. Presentatie: Ron Boszhard en Angela Esajas.","formattedEpisodeNumbering":null,"formattedDate":"Za 5 jul. 2008","formattedDateShort":"Jul. 2008","formattedTime":"17:20","formattedDuration":"30m","formattedAvailabilityWindow":null,"formattedAvailabilityWindowShort":null,"image":{"portraitUrl":null,"landscapeUrl":"https:\/\/images.nlziet.nl\/metadataimportimages\/source\/76A5BAF5BB8570AD4AFD5C0D9D931F94506306A13562C7A61D53B0513AF683DE.jpg"},"logo":{"normalUrl":"https:\/\/cdn.nlziet.nl\/static\/assets\/contentproviders\/npo.png","darkUrl":"https:\/\/cdn.nlziet.nl\/static\/assets\/contentproviders\/dark\/npo.png","flatUrl":"https:\/\/cdn.nlziet.nl\/static\/assets\/contentproviders\/flat\/npo.png"},"tags":[],"seriesId":"7QrOqPrilEGeM3pgWB1w1A"},{"id":"lr4SQ4aJSE2DtyAt6CYiqA","type":"Vod","title":"Zappsport","subtitle":"Z@ppSport compilatie","description":"TROS - Sportmagazine voor de jeugd. Vast element is de spannende battle: Wie zijn er beter in een bepaalde sport: de jongens of de meisjes? Tevens kunnen kinderen met een sportprobleem de hulp inroepen van hun idool en stelt Ron Boszhard vragen tijdens een supersnel interview. Ook is er aandacht voor Kids Soccer, h\u00e9t voetbalevenement voor de jeugd waar grote talenten zijn ontdekt. De deelnemers dromen er dan ook van om prof te worden! Verder volgen we jong sporttalent dat meedoet aan een belangrijk toernooi en zie je de coolste sporttricks in de Move. Een uitzending vol hoogtepunten.","formattedEpisodeNumbering":null,"formattedDate":"Za 28 jun. 2008","formattedDateShort":"Jun. 2008","formattedTime":"17:18","formattedDuration":"30m","formattedAvailabilityWindow":null,"formattedAvailabilityWindowShort":null,"image":{"portraitUrl":null,"landscapeUrl":"https:\/\/images.nlziet.nl\/metadataimportimages\/source\/76A5BAF5BB8570AD4AFD5C0D9D931F94506306A13562C7A61D53B0513AF683DE.jpg"},"logo":{"normalUrl":"https:\/\/cdn.nlziet.nl\/static\/assets\/contentproviders\/npo.png","darkUrl":"https:\/\/cdn.nlziet.nl\/static\/assets\/contentproviders\/dark\/npo.png","flatUrl":"https:\/\/cdn.nlziet.nl\/static\/assets\/contentproviders\/flat\/npo.png"},"tags":[],"seriesId":"7QrOqPrilEGeM3pgWB1w1A"}]