[{"id":"3WwIfchIe0eetAg1BYiUHA","type":"Vod","title":"Z Doc: Peperdure Speeltjes","subtitle":"Garages","description":"RTLZ - Hoe maken de superrijken hun dromen waar? Deze documentaire laat zien hoe ver ze gaan.","formattedEpisodeNumbering":null,"formattedDate":"Wo 29 jun.","formattedDateShort":"Wo 29 jun.","formattedTime":"22:25","formattedDuration":"42m","formattedAvailabilityWindow":null,"formattedAvailabilityWindowShort":null,"image":{"portraitUrl":null,"landscapeUrl":"https:\/\/images.nlziet.nl\/metadataimportimages\/source\/3C0E6999A7D03AE84A0DC2FD401DF916A933089CEB2D71330CAD9772CC2D018A.jpg"},"logo":{"normalUrl":"https:\/\/cdn.nlziet.nl\/static\/assets\/contentproviders\/rtl.png","darkUrl":"https:\/\/cdn.nlziet.nl\/static\/assets\/contentproviders\/dark\/rtl.png","flatUrl":"https:\/\/cdn.nlziet.nl\/static\/assets\/contentproviders\/flat\/rtl.png"},"tags":[],"seriesId":"51GCXtLq10a4vMPe8yyukA"},{"id":"UNZMfG_M7kKuLWUd2rwT7Q","type":"Vod","title":"Z Doc: Peperdure Speeltjes","subtitle":"Barges","description":"RTLZ - Hoe maken de superrijken hun dromen waar? Deze documentaire laat zien hoe ver ze gaan.","formattedEpisodeNumbering":null,"formattedDate":"Wo 29 jun.","formattedDateShort":"Wo 29 jun.","formattedTime":"21:30","formattedDuration":"43m","formattedAvailabilityWindow":null,"formattedAvailabilityWindowShort":null,"image":{"portraitUrl":null,"landscapeUrl":"https:\/\/images.nlziet.nl\/metadataimportimages\/source\/5E37EE8A72B16C36A961AC5AA669BC551136B59CD60D752D9AFA04CDDB8C2398.jpg"},"logo":{"normalUrl":"https:\/\/cdn.nlziet.nl\/static\/assets\/contentproviders\/rtl.png","darkUrl":"https:\/\/cdn.nlziet.nl\/static\/assets\/contentproviders\/dark\/rtl.png","flatUrl":"https:\/\/cdn.nlziet.nl\/static\/assets\/contentproviders\/flat\/rtl.png"},"tags":[],"seriesId":"51GCXtLq10a4vMPe8yyukA"},{"id":"584nxeul-U6VtHzq98L1tQ","type":"Vod","title":"Z Doc: Peperdure Speeltjes","subtitle":"Motorhomes","description":"RTLZ - Hoe maken de superrijken hun dromen waar? Deze documentaire laat zien hoe ver ze gaan.","formattedEpisodeNumbering":null,"formattedDate":"Wo 29 jun.","formattedDateShort":"Wo 29 jun.","formattedTime":"20:30","formattedDuration":"43m","formattedAvailabilityWindow":null,"formattedAvailabilityWindowShort":null,"image":{"portraitUrl":null,"landscapeUrl":"https:\/\/images.nlziet.nl\/metadataimportimages\/source\/9F660AC960F64255123FCAC5FDEE8061F05FB2B10764812CE47247742ED5004B.jpg"},"logo":{"normalUrl":"https:\/\/cdn.nlziet.nl\/static\/assets\/contentproviders\/rtl.png","darkUrl":"https:\/\/cdn.nlziet.nl\/static\/assets\/contentproviders\/dark\/rtl.png","flatUrl":"https:\/\/cdn.nlziet.nl\/static\/assets\/contentproviders\/flat\/rtl.png"},"tags":[],"seriesId":"51GCXtLq10a4vMPe8yyukA"}]