[{"id":"6niUIwVgQkqm2s_N-bmYsg","type":"Vod","title":"EO Metterdaad","subtitle":"Vluchtelingen M-O","description":"EO - Een hulpverlener treft in een kapotgeschoten gebouw in Libanon drie Syrische kinderen aan. In een ruimte zonder bedden, zonder deuren, zonder iets. Het is op dat moment de vraag waar de ouders van de kinderen zijn. Metterdaad is deze maand in Libanon om u de verhalen van Syrische vluchtelingen te laten zien.","formattedEpisodeNumbering":null,"formattedDate":"Zo 31 dec. 2017","formattedDateShort":"Dec. 2017","formattedTime":"10:05","formattedDuration":"7m","formattedAvailabilityWindow":null,"formattedAvailabilityWindowShort":null,"image":{"portraitUrl":null,"landscapeUrl":"https:\/\/images.nlziet.nl\/metadataimportimages\/source\/FF61746CF003E48F7291EEB1AFAF508EC29CAF0435E5D8EDC2084C44D1756FEA.jpg"},"logo":{"normalUrl":"https:\/\/cdn.nlziet.nl\/static\/assets\/contentproviders\/npo.png","darkUrl":"https:\/\/cdn.nlziet.nl\/static\/assets\/contentproviders\/dark\/npo.png","flatUrl":"https:\/\/cdn.nlziet.nl\/static\/assets\/contentproviders\/flat\/npo.png"},"tags":[],"seriesId":"67IaRe4ka0e8Pr-f7Cjp1w"},{"id":"0MFzVNHZdkWheT_1jCUoSQ","type":"Vod","title":"EO Metterdaad","subtitle":"Vluchtelingen M-O","description":"EO - Programma waarin via televisie en radio geld wordt geworven voor hulpverleningsprojecten wereldwijd.","formattedEpisodeNumbering":null,"formattedDate":"Ma 25 dec. 2017","formattedDateShort":"Dec. 2017","formattedTime":"16:53","formattedDuration":"3m","formattedAvailabilityWindow":null,"formattedAvailabilityWindowShort":null,"image":{"portraitUrl":null,"landscapeUrl":"https:\/\/images.nlziet.nl\/metadataimportimages\/source\/D57F752675985969313FD4283D8BF7811FBB81D0BE2B80455B85C35596E4A089.jpg"},"logo":{"normalUrl":"https:\/\/cdn.nlziet.nl\/static\/assets\/contentproviders\/npo.png","darkUrl":"https:\/\/cdn.nlziet.nl\/static\/assets\/contentproviders\/dark\/npo.png","flatUrl":"https:\/\/cdn.nlziet.nl\/static\/assets\/contentproviders\/flat\/npo.png"},"tags":[],"seriesId":"67IaRe4ka0e8Pr-f7Cjp1w"},{"id":"msswXhiX3kCHpczv0pE43Q","type":"Vod","title":"EO Metterdaad","subtitle":"Geloof, Hoop en Syri\u00eb","description":"EO - Beeld het je eens in: omringd door niks anders dan water, op een boot die langzaam leegloopt. Mensen zijn in paniek. Jij, je echtgenoot en twee kinderen zijn de enigen die het overleven. De andere 51 mensen niet. Dat doet de oorlog in Syri\u00eb. Er zijn schrijnende situaties en er is hoop. Arjan Lock was deze maand in Libanon om deze verhalen te vertellen.","formattedEpisodeNumbering":null,"formattedDate":"Zo 24 dec. 2017","formattedDateShort":"Dec. 2017","formattedTime":"17:35","formattedDuration":"24m","formattedAvailabilityWindow":null,"formattedAvailabilityWindowShort":null,"image":{"portraitUrl":null,"landscapeUrl":"https:\/\/images.nlziet.nl\/metadataimportimages\/source\/251EE8DABFAB5734E275741024D0E3B9C3FF0C07931B2D2FC2C513773A6AD5B0.jpg"},"logo":{"normalUrl":"https:\/\/cdn.nlziet.nl\/static\/assets\/contentproviders\/npo.png","darkUrl":"https:\/\/cdn.nlziet.nl\/static\/assets\/contentproviders\/dark\/npo.png","flatUrl":"https:\/\/cdn.nlziet.nl\/static\/assets\/contentproviders\/flat\/npo.png"},"tags":[],"seriesId":"67IaRe4ka0e8Pr-f7Cjp1w"},{"id":"uqM7lePDUU6SvXwDxQfiOw","type":"Vod","title":"EO Metterdaad","subtitle":"Vluchtelingen M-O","description":"EO - Metterdaad helpt mensen in armoede of onrechtvaardige omstandigheden te overleven en hun leven weer op te bouwen. Via televisie en radio werft Metterdaad geld voor hulpverleningsprojecten wereldwijd.","formattedEpisodeNumbering":null,"formattedDate":"Zo 24 dec. 2017","formattedDateShort":"Dec. 2017","formattedTime":"10:05","formattedDuration":"7m","formattedAvailabilityWindow":null,"formattedAvailabilityWindowShort":null,"image":{"portraitUrl":null,"landscapeUrl":"https:\/\/images.nlziet.nl\/metadataimportimages\/source\/12ED6248EA191398DC6C340C109A51E41ACC92B64B924816C2A3FE88B26A3DD7.jpg"},"logo":{"normalUrl":"https:\/\/cdn.nlziet.nl\/static\/assets\/contentproviders\/npo.png","darkUrl":"https:\/\/cdn.nlziet.nl\/static\/assets\/contentproviders\/dark\/npo.png","flatUrl":"https:\/\/cdn.nlziet.nl\/static\/assets\/contentproviders\/flat\/npo.png"},"tags":[],"seriesId":"67IaRe4ka0e8Pr-f7Cjp1w"},{"id":"jSMOqhuj5k2oFhkDq5zW6A","type":"Vod","title":"EO Metterdaad","subtitle":"Vluchtelingen M-O","description":"EO - Zes jaar oorlog heeft Syri\u00eb in puin achtergelaten en miljoenen mensen zijn het land ontvlucht. De meesten van hen verblijven in buurlanden als Libanon. In de gezamenlijke campagne geloof, hoop en Syri\u00eb vragen we samen met Dorcas, Kerk in Actie en Word Vision aandacht voor de toekomst van Syri\u00eb. Naast geloof en hoop is geld onmisbaar om een nieuw leven op te bouwen: onderwijs voor kinderen, herbouw van huizen en verwerking van trauma's.","formattedEpisodeNumbering":null,"formattedDate":"Zo 17 dec. 2017","formattedDateShort":"Dec. 2017","formattedTime":"10:05","formattedDuration":"7m","formattedAvailabilityWindow":null,"formattedAvailabilityWindowShort":null,"image":{"portraitUrl":null,"landscapeUrl":"https:\/\/images.nlziet.nl\/metadataimportimages\/source\/67ECEBD679687A0B36BD2E3939E68153199D491089529C0813C13F7A9DB1E4D8.jpg"},"logo":{"normalUrl":"https:\/\/cdn.nlziet.nl\/static\/assets\/contentproviders\/npo.png","darkUrl":"https:\/\/cdn.nlziet.nl\/static\/assets\/contentproviders\/dark\/npo.png","flatUrl":"https:\/\/cdn.nlziet.nl\/static\/assets\/contentproviders\/flat\/npo.png"},"tags":[],"seriesId":"67IaRe4ka0e8Pr-f7Cjp1w"},{"id":"RQXkqUrwcECXYH8Od1cNZA","type":"Vod","title":"EO Metterdaad","subtitle":"Libanon","description":"EO - Arjan Lock is in Libanon om verhalen van hoop te vertellen over Syrische vluchtelingen. In de kerstcampagne Geloof, Hoop en Syri\u00eb vraagt EO Metterdaad samen met Dorcas, Kerk in Actie en World Vision aandacht voor Syrische vluchtelingen die in de regio zijn gebleven. Mensen die in hun eigen land of in buurlanden als Libanon werken aan hun toekomst. Ze houden hoop en geloven in een nieuw leven voor zichzelf en hun families. In Geloof, Hoop en Syri\u00eb vragen we Nederlanders de hoop van deze Syrische mensen werkelijkheid te maken.","formattedEpisodeNumbering":null,"formattedDate":"Zo 10 dec. 2017","formattedDateShort":"Dec. 2017","formattedTime":"10:05","formattedDuration":"7m","formattedAvailabilityWindow":null,"formattedAvailabilityWindowShort":null,"image":{"portraitUrl":null,"landscapeUrl":"https:\/\/images.nlziet.nl\/metadataimportimages\/source\/388551DA70ABF34DD4DAE2D2A12546ABBA23333AA893D872ECBBD138837E9351.jpg"},"logo":{"normalUrl":"https:\/\/cdn.nlziet.nl\/static\/assets\/contentproviders\/npo.png","darkUrl":"https:\/\/cdn.nlziet.nl\/static\/assets\/contentproviders\/dark\/npo.png","flatUrl":"https:\/\/cdn.nlziet.nl\/static\/assets\/contentproviders\/flat\/npo.png"},"tags":[],"seriesId":"67IaRe4ka0e8Pr-f7Cjp1w"},{"id":"iIeHUqEC3UeFfOnTKvVSjQ","type":"Vod","title":"EO Metterdaad","subtitle":"Isra\u00ebl","description":"EO - Hila is zeventien en houdt van zingen, hiphopdansen en fietsen. Dat klinkt als een doorsneemeid. Het grote verschil is alleen dat Hila haar hobby's niet meer kan uitoefenen. Tijdens het fietsen werd ze geschept door een auto, waardoor ze ernstig hersenletsel opliep en in coma raakte. Ze kon niet eens meer met haar familie en vrienden praten. In de zorginstelling Aleh, waar Hila woont, hebben ze een nieuwe speciale computer. Ze kan 'praten' door haar ogen naar de juiste letter op het scherm te bewegen. De hulpverlener vertelt trots: 'Gisteren heeft ze dat voor het eerst gebruikt en het eerste woord was 'papa'. Haar vader glundert bij het weerzien van zijn mooie meid. De situatie raakt hem en is pijnlijk, maar de nieuwe mogelijkheid tot communicatie maakt hem blij. Hij hoopt op verdere ontwikkeling. 'We geven de moed niet op met Hila. Hila is een vechter.'","formattedEpisodeNumbering":null,"formattedDate":"Zo 3 dec. 2017","formattedDateShort":"Dec. 2017","formattedTime":"10:10","formattedDuration":"7m","formattedAvailabilityWindow":null,"formattedAvailabilityWindowShort":null,"image":{"portraitUrl":null,"landscapeUrl":"https:\/\/images.nlziet.nl\/metadataimportimages\/source\/95B4F20F2648D915B16F350FE87DB73ED4C9F0A34C8DC926D452D9C00CA6FF05.jpg"},"logo":{"normalUrl":"https:\/\/cdn.nlziet.nl\/static\/assets\/contentproviders\/npo.png","darkUrl":"https:\/\/cdn.nlziet.nl\/static\/assets\/contentproviders\/dark\/npo.png","flatUrl":"https:\/\/cdn.nlziet.nl\/static\/assets\/contentproviders\/flat\/npo.png"},"tags":[],"seriesId":"67IaRe4ka0e8Pr-f7Cjp1w"},{"id":"dGGz2a29_EiFcsM4r7ZK0Q","type":"Vod","title":"EO Metterdaad","subtitle":"Isra\u00ebl","description":"EO - Vader en zoon staan samen voor de Klaagmuur, een bijzonder moment. Shmuel stopt het briefje met onder andere de vraag om gezondheid en voorspoed in de muur. Zijn zoon, Chaim, probeert hem te helpen, maar zijn hand valt al snel naar beneden. Hij en zijn zus Sury hebben sinds hun geboorte een beperking. Ze kunnen niet lopen en praten en hun organen worden steeds zwakker. De twee kinderen wonen in verzorgingstehuis Aleh, waar ze de zorg krijgen die ze nodig hebben. Moeder Miri vertelt dat zij die zorg zelf niet konden geven. In het begin vond ze dat pijnlijk, nu ziet ze dat de plek haar kinderen een reden geeft om te bestaan. Bij de Klaagmuur vertelt Shmuel dat hij het grootbrengen van zijn kinderen ziet als de opdracht van God: 'Het is onze taak om ze een goed leven te geven.'","formattedEpisodeNumbering":null,"formattedDate":"Zo 26 nov. 2017","formattedDateShort":"Nov. 2017","formattedTime":"10:05","formattedDuration":"7m","formattedAvailabilityWindow":null,"formattedAvailabilityWindowShort":null,"image":{"portraitUrl":null,"landscapeUrl":"https:\/\/images.nlziet.nl\/metadataimportimages\/source\/8FAD48FE31AB0854C9FB1F5EB18F3542BA746EDEE2BAABE36BB1FB5DB0EE0C18.jpg"},"logo":{"normalUrl":"https:\/\/cdn.nlziet.nl\/static\/assets\/contentproviders\/npo.png","darkUrl":"https:\/\/cdn.nlziet.nl\/static\/assets\/contentproviders\/dark\/npo.png","flatUrl":"https:\/\/cdn.nlziet.nl\/static\/assets\/contentproviders\/flat\/npo.png"},"tags":[],"seriesId":"67IaRe4ka0e8Pr-f7Cjp1w"},{"id":"7SZ_Is8woUOTAscEYlR95A","type":"Vod","title":"EO Metterdaad","subtitle":"Isra\u00ebl","description":"EO - De Palestijnse Musab is veertien jaar oud als hij op de Westelijke Jordaanoever met zijn vriendje op straat rondfietst. Het is vrijdag en overal worden bruiloften gevierd. Een noodlottig ongeval treft Musab als hij tijdens het lossen van vreugdeschoten op een van die bruiloften in zijn hoofd wordt getroffen door een rondvliegende kogel. Van de een op de andere dag is hij zwaargehandicapt. Inmiddels woont hij al meer dan drie jaar bij Aleh, een bijzonder centrum in Jeruzalem, waar gehandicapte kinderen worden opgevangen en liefdevol specialistische zorg krijgen. Ieder kind is hier welkom, los van de culturele of religieuze achtergrond en dat is best bijzonder in een maatschappij waar de conflicten nogal eens oplopen. De Nederlandse vrijwilligers Thomas en Erika Wierks doen voor twee maanden vrijwilligerswerk bij Aleh en gaan samen met Musab naar zijn ouders op de Westbank. Een bijzondere ontmoeting.","formattedEpisodeNumbering":null,"formattedDate":"Zo 19 nov. 2017","formattedDateShort":"Nov. 2017","formattedTime":"10:05","formattedDuration":"7m","formattedAvailabilityWindow":null,"formattedAvailabilityWindowShort":null,"image":{"portraitUrl":null,"landscapeUrl":"https:\/\/images.nlziet.nl\/metadataimportimages\/source\/6222B168F1D44C2FA098593B3B9B949D540C31BDA51133AAF0D8311FE481A40E.jpg"},"logo":{"normalUrl":"https:\/\/cdn.nlziet.nl\/static\/assets\/contentproviders\/npo.png","darkUrl":"https:\/\/cdn.nlziet.nl\/static\/assets\/contentproviders\/dark\/npo.png","flatUrl":"https:\/\/cdn.nlziet.nl\/static\/assets\/contentproviders\/flat\/npo.png"},"tags":[],"seriesId":"67IaRe4ka0e8Pr-f7Cjp1w"},{"id":"V_xhQRTFR0m9917A3KttJw","type":"Vod","title":"EO Metterdaad","subtitle":"Burundi","description":"EO - Zeg je Burundi, dan zeg je conflicten. Althans, dat was zo. Inmiddels keert de vrede langzaam terug. Metterdaad bezoekt een gebied waar altijd veel honger was, wat leidde tot diefstal, agressie en conflicten. Binnen gezinnen kunnen die ruzies zelfs uitlopen op moord en vergiftiging. Sanne en haar team bedachten daar iets op. Ze bouwden een voorraadschuur waar de oogst van mensen veilig en goed opgeborgen kan worden. Op die manier worden conflicten binnenshuis, diefstal en aantasting van eten door bijvoorbeeld dieren tegengegaan.","formattedEpisodeNumbering":null,"formattedDate":"Zo 29 okt. 2017","formattedDateShort":"Okt. 2017","formattedTime":"10:05","formattedDuration":"7m","formattedAvailabilityWindow":null,"formattedAvailabilityWindowShort":null,"image":{"portraitUrl":null,"landscapeUrl":"https:\/\/images.nlziet.nl\/metadataimportimages\/source\/519D6F7DA711FEE905FA6A37A1DFFDB9459C3E82AB75AE3E4A14733D01C87F58.jpg"},"logo":{"normalUrl":"https:\/\/cdn.nlziet.nl\/static\/assets\/contentproviders\/npo.png","darkUrl":"https:\/\/cdn.nlziet.nl\/static\/assets\/contentproviders\/dark\/npo.png","flatUrl":"https:\/\/cdn.nlziet.nl\/static\/assets\/contentproviders\/flat\/npo.png"},"tags":[],"seriesId":"67IaRe4ka0e8Pr-f7Cjp1w"},{"id":"mRrkAt3A3kKD0_LiJPMNYQ","type":"Vod","title":"EO Metterdaad","subtitle":"Burundi","description":"EO - Bezit is iets wat het gezin van Dafroza niet veel heeft. Samen met haar vier kinderen werd ze Tanzania uitgezet en moest ze weer terug naar haar geboorteland Burundi. Ze kreeg een stuk land waar ze nu gewassen op verbouwt en waarop ze een soort hutje heeft neergezet. Haar man moest in Tanzania blijven. Ze mocht niks meenemen, alleen de kleding die ze aanhad. Om eten te vinden moet ze ver lopen en moet ze haar kinderen achterlaten in een huis zonder enige bescherming. Binnenkort komt in dit laatste gelukkig verandering. Jongeren bouwen voor Dafroza en haar gezin een huis. Deze jongeren zijn aangesloten bij de vredesjongerengroep: een groep waar ze leren goed met elkaar om te gaan. Vroeger vochten ze tegen elkaar, nu werken ze samen. Met een prachtig resultaat, want het huis voor Dafroza is al bijna af.","formattedEpisodeNumbering":null,"formattedDate":"Zo 22 okt. 2017","formattedDateShort":"Okt. 2017","formattedTime":"10:05","formattedDuration":"6m","formattedAvailabilityWindow":null,"formattedAvailabilityWindowShort":null,"image":{"portraitUrl":null,"landscapeUrl":"https:\/\/images.nlziet.nl\/metadataimportimages\/source\/FBEA5360917512E7AF0B02223231DA41EF3843CE2C6DA700C7AAD28179B8AF87.jpg"},"logo":{"normalUrl":"https:\/\/cdn.nlziet.nl\/static\/assets\/contentproviders\/npo.png","darkUrl":"https:\/\/cdn.nlziet.nl\/static\/assets\/contentproviders\/dark\/npo.png","flatUrl":"https:\/\/cdn.nlziet.nl\/static\/assets\/contentproviders\/flat\/npo.png"},"tags":[],"seriesId":"67IaRe4ka0e8Pr-f7Cjp1w"},{"id":"CG0FKSvOAEqNjNR9stiTxw","type":"Vod","title":"EO Metterdaad","subtitle":"Burundi","description":"EO - In dit land is jarenlang oorlog en geweld geweest. Veel mensen zijn daardoor op de vlucht geslagen. Nu, jaren later, komen bewoners langzaam weer thuis. Prachtig, zou je denken. Maar wat doe je als in de jaren dat je weg was iemand anders je land heeft ingenomen? Nieuwe conflicten liggen op de loer.","formattedEpisodeNumbering":null,"formattedDate":"Zo 15 okt. 2017","formattedDateShort":"Okt. 2017","formattedTime":"10:05","formattedDuration":"7m","formattedAvailabilityWindow":null,"formattedAvailabilityWindowShort":null,"image":{"portraitUrl":null,"landscapeUrl":"https:\/\/images.nlziet.nl\/metadataimportimages\/source\/A15B0856017DFD30E61D71F14C6DF3E29BECBF97DCA05F15F31FB8C03EB9572A.jpg"},"logo":{"normalUrl":"https:\/\/cdn.nlziet.nl\/static\/assets\/contentproviders\/npo.png","darkUrl":"https:\/\/cdn.nlziet.nl\/static\/assets\/contentproviders\/dark\/npo.png","flatUrl":"https:\/\/cdn.nlziet.nl\/static\/assets\/contentproviders\/flat\/npo.png"},"tags":[],"seriesId":"67IaRe4ka0e8Pr-f7Cjp1w"},{"id":"NiZiJiVWYE-DCP9xQseruQ","type":"Vod","title":"EO Metterdaad","subtitle":"Tadzjikistan","description":"EO - Als je in Tadzjikistan een beperking hebt, is de kans klein dat je de liefde van je leven ontmoet. In dit land schamen mensen met een beperking zich en daardoor leven ze in een isolement. Mensen komen niet meer op straat. Een rolstoel en het contact met lotgenoten brengt hier verandering in.","formattedEpisodeNumbering":null,"formattedDate":"Zo 8 okt. 2017","formattedDateShort":"Okt. 2017","formattedTime":"10:05","formattedDuration":"10m","formattedAvailabilityWindow":null,"formattedAvailabilityWindowShort":null,"image":{"portraitUrl":null,"landscapeUrl":"https:\/\/images.nlziet.nl\/metadataimportimages\/source\/FF08FB6BBEAC59BB5C0BD564D817C22614A4352A6625284210742A743FC0A5CE.jpg"},"logo":{"normalUrl":"https:\/\/cdn.nlziet.nl\/static\/assets\/contentproviders\/npo.png","darkUrl":"https:\/\/cdn.nlziet.nl\/static\/assets\/contentproviders\/dark\/npo.png","flatUrl":"https:\/\/cdn.nlziet.nl\/static\/assets\/contentproviders\/flat\/npo.png"},"tags":[],"seriesId":"67IaRe4ka0e8Pr-f7Cjp1w"},{"id":"1WuIMOz2g0uh1YW_wxpTVQ","type":"Vod","title":"EO Metterdaad","subtitle":"Tadzjikistan","description":"EO - In Tadzjikistan leven 90.000 mensen met een beperking, maar er zijn jaarlijks slechts zevenhonderd rolstoelen beschikbaar. Veel mensen komen daarom niet buiten. Rolstoelen die wel geleverd worden door de overheid zijn vaak van slechte kwaliteit.","formattedEpisodeNumbering":null,"formattedDate":"Zo 1 okt. 2017","formattedDateShort":"Okt. 2017","formattedTime":"10:05","formattedDuration":"10m","formattedAvailabilityWindow":null,"formattedAvailabilityWindowShort":null,"image":{"portraitUrl":null,"landscapeUrl":"https:\/\/images.nlziet.nl\/metadataimportimages\/source\/B5266AD247B98391277BDF74D9A55AA76C0FAF2BD2880F6837C49DAC5209CC14.jpg"},"logo":{"normalUrl":"https:\/\/cdn.nlziet.nl\/static\/assets\/contentproviders\/npo.png","darkUrl":"https:\/\/cdn.nlziet.nl\/static\/assets\/contentproviders\/dark\/npo.png","flatUrl":"https:\/\/cdn.nlziet.nl\/static\/assets\/contentproviders\/flat\/npo.png"},"tags":[],"seriesId":"67IaRe4ka0e8Pr-f7Cjp1w"},{"id":"PzB5W2ut5EanUd-3-6XNDQ","type":"Vod","title":"EO Metterdaad","subtitle":"Tadzjikistan","description":"EO - Het krijgen van een kind met een beperking zien als straf van God. Ouderwets? In Tadzjikistan is het de dagelijkse praktijk. Omstanders geven de ouders de schuld en de kinderen worden levenslang binnenshuis gehouden. Met als gevolg: geen opleiding, geen baan en geen contacten buiten de deur. Door initiatieven wordt de deur voor deze kinderen weer op een kier gezet.","formattedEpisodeNumbering":null,"formattedDate":"Zo 24 sep. 2017","formattedDateShort":"Sep. 2017","formattedTime":"10:05","formattedDuration":"10m","formattedAvailabilityWindow":null,"formattedAvailabilityWindowShort":null,"image":{"portraitUrl":null,"landscapeUrl":"https:\/\/images.nlziet.nl\/metadataimportimages\/source\/A5999C1D5DA91A908727A230658F639B64411C7B2228538B47EC5E931EDD62E5.jpg"},"logo":{"normalUrl":"https:\/\/cdn.nlziet.nl\/static\/assets\/contentproviders\/npo.png","darkUrl":"https:\/\/cdn.nlziet.nl\/static\/assets\/contentproviders\/dark\/npo.png","flatUrl":"https:\/\/cdn.nlziet.nl\/static\/assets\/contentproviders\/flat\/npo.png"},"tags":[],"seriesId":"67IaRe4ka0e8Pr-f7Cjp1w"},{"id":"izJbNGw7h0CVRoYA8DzaBQ","type":"Vod","title":"EO Metterdaad","subtitle":"Pakistan","description":"EO - Het leven in een dorp op het platteland van Pakistan is primitief. Inwoners moeten tien minuten lopen om water uit een kanaal te halen. Dieren wassen, kleren wassen en mensen wassen; het gebeurt allemaal in hetzelfde water. Vervolgens wordt dit water ongefilterd gedronken. Het is dus geen wonder dat meer dan de helft van de mensen in dit dorp ziek is. Het water, de bekers en de kinderen zitten onder de vliegen. Leelan woont in dit dorp. Haar babydochter overleed aan de gevolgen van diarree die ze had opgelopen vanwege het ongezonde water. Om de hygi\u00ebne en de kwaliteit van het drinkwater te verbeteren reist een theatergroep rond om voorlichting te geven. Met groot succes. Leelan heeft inmiddels een primitief toilet achter haar hut gebouwd en haar kinderen wassen hun handen met zeep. Het water dat ze drinken, filteren ze eerst. Hoewel de hulp voor haar dochtertje te laat kwam, zijn haar andere kinderen niet meer ziek geweest. Schoon drinkwater en goede hygi\u00ebne zijn van levensbelang op het platteland in Pakistan.","formattedEpisodeNumbering":null,"formattedDate":"Zo 17 sep. 2017","formattedDateShort":"Sep. 2017","formattedTime":"10:05","formattedDuration":"10m","formattedAvailabilityWindow":null,"formattedAvailabilityWindowShort":null,"image":{"portraitUrl":null,"landscapeUrl":"https:\/\/images.nlziet.nl\/metadataimportimages\/source\/50FD9622E72CEF37FF94D479C266B741729B84297C54A8EFD87B309307713EE4.jpg"},"logo":{"normalUrl":"https:\/\/cdn.nlziet.nl\/static\/assets\/contentproviders\/npo.png","darkUrl":"https:\/\/cdn.nlziet.nl\/static\/assets\/contentproviders\/dark\/npo.png","flatUrl":"https:\/\/cdn.nlziet.nl\/static\/assets\/contentproviders\/flat\/npo.png"},"tags":[],"seriesId":"67IaRe4ka0e8Pr-f7Cjp1w"},{"id":"Xvpy0Blos0WxXOD5ClR5WA","type":"Vod","title":"EO Metterdaad","subtitle":"Pakistan","description":"EO - Wie als meisje ter wereld komt in Pakistan, wordt geboren met een achterstand. Veel meisjes gaan niet naar school en vrouwen mogen in Pakistan niets zelf beslissen, vooral niet op het platteland. Als een meisje na haar trouwdag toch bij haar schoonouders intrekt, waarom zou je dan in haar investeren? Metterdaad gaat in Pakistan op zoek naar vrouwen die hierop een uitzondering zijn.","formattedEpisodeNumbering":null,"formattedDate":"Zo 10 sep. 2017","formattedDateShort":"Sep. 2017","formattedTime":"10:05","formattedDuration":"10m","formattedAvailabilityWindow":null,"formattedAvailabilityWindowShort":null,"image":{"portraitUrl":null,"landscapeUrl":"https:\/\/images.nlziet.nl\/metadataimportimages\/source\/A9C0C177DEFB02FF119073A2EE528B7BC2620E0F59C682E66A25F07820E3082E.jpg"},"logo":{"normalUrl":"https:\/\/cdn.nlziet.nl\/static\/assets\/contentproviders\/npo.png","darkUrl":"https:\/\/cdn.nlziet.nl\/static\/assets\/contentproviders\/dark\/npo.png","flatUrl":"https:\/\/cdn.nlziet.nl\/static\/assets\/contentproviders\/flat\/npo.png"},"tags":[],"seriesId":"67IaRe4ka0e8Pr-f7Cjp1w"},{"id":"80MIygAgF0StKUMR6wDKsw","type":"Vod","title":"EO Metterdaad","subtitle":"Pakistan","description":"EO - Je zult als kind maar in de hitte stenen van klei moeten maken. Precies zoals je vader vroeger deed en je opa de generatie d\u00e1\u00e1rvoor. Al generaties lang werken op het platteland in Pakistan bijna twee miljoen mensen als moderne slaven voor hun landheer.","formattedEpisodeNumbering":null,"formattedDate":"Zo 3 sep. 2017","formattedDateShort":"Sep. 2017","formattedTime":"10:05","formattedDuration":"10m","formattedAvailabilityWindow":null,"formattedAvailabilityWindowShort":null,"image":{"portraitUrl":null,"landscapeUrl":"https:\/\/images.nlziet.nl\/metadataimportimages\/source\/4B89AD67560691349F95C819BBA7D66107ED5A81EAE808F31C44AA204C55DE2C.jpg"},"logo":{"normalUrl":"https:\/\/cdn.nlziet.nl\/static\/assets\/contentproviders\/npo.png","darkUrl":"https:\/\/cdn.nlziet.nl\/static\/assets\/contentproviders\/dark\/npo.png","flatUrl":"https:\/\/cdn.nlziet.nl\/static\/assets\/contentproviders\/flat\/npo.png"},"tags":[],"seriesId":"67IaRe4ka0e8Pr-f7Cjp1w"},{"id":"DBrPUU6nmU-ycwIZ_OvXXg","type":"Vod","title":"EO Metterdaad","subtitle":"Pakistan","description":"EO - Slavernij is iets van vroeger, denken we. Maar in Pakistan leven grote groepen mensen nog steeds in zogenoemde economische slavernij. Onder grote druk van hun landheer werken ze in een steenfabriek, waar ze met een wurgcontract levenslang van afhankelijk blijven. Zelfs kinderen zijn aan het werk.","formattedEpisodeNumbering":null,"formattedDate":"Zo 27 aug. 2017","formattedDateShort":"Aug. 2017","formattedTime":"10:05","formattedDuration":"9m","formattedAvailabilityWindow":null,"formattedAvailabilityWindowShort":null,"image":{"portraitUrl":null,"landscapeUrl":"https:\/\/images.nlziet.nl\/metadataimportimages\/source\/4672D694EB8C7529590EB208FA1E10FABD9CB45A82F23BD9C7614DE23F1E457C.jpg"},"logo":{"normalUrl":"https:\/\/cdn.nlziet.nl\/static\/assets\/contentproviders\/npo.png","darkUrl":"https:\/\/cdn.nlziet.nl\/static\/assets\/contentproviders\/dark\/npo.png","flatUrl":"https:\/\/cdn.nlziet.nl\/static\/assets\/contentproviders\/flat\/npo.png"},"tags":[],"seriesId":"67IaRe4ka0e8Pr-f7Cjp1w"},{"id":"9__XD5YcG0O_Kjc5TEItyg","type":"Vod","title":"EO Metterdaad","subtitle":"Mexico","description":"EO - Machiel en Erika zetten zich naast dit verslavingscentrum ook in voor het versterken van de lokale kerk. Samen met de kerk en enkele mannen uit het verslavingscentrum vertrekken ze naar een klein en slecht te bereiken dorpje op de vuilnisbelt in de bergen. De bevolking leeft daar van het rondstruinen op de stinkende vuilnisbelt. Leden van de lokale kerk hebben een dag gekookt om de inwoners van het dorpje een goede maaltijd te geven. Voor de verslaafde mannen uit het opvangcentrum is dit een inspirerend moment. Ze werken aan hun eigen toekomst en tegelijkertijd helpen ze hun medemens.","formattedEpisodeNumbering":null,"formattedDate":"Za 26 aug. 2017","formattedDateShort":"Aug. 2017","formattedTime":"18:35","formattedDuration":"24m","formattedAvailabilityWindow":null,"formattedAvailabilityWindowShort":null,"image":{"portraitUrl":null,"landscapeUrl":"https:\/\/images.nlziet.nl\/metadataimportimages\/source\/9EF2AEDF87280A92852D93460D3FF143870507E53631DDB86789052D80EC4FD8.jpg"},"logo":{"normalUrl":"https:\/\/cdn.nlziet.nl\/static\/assets\/contentproviders\/npo.png","darkUrl":"https:\/\/cdn.nlziet.nl\/static\/assets\/contentproviders\/dark\/npo.png","flatUrl":"https:\/\/cdn.nlziet.nl\/static\/assets\/contentproviders\/flat\/npo.png"},"tags":[],"seriesId":"67IaRe4ka0e8Pr-f7Cjp1w"},{"id":"0HiOOTcoWUW13U0nTRADow","type":"Vod","title":"EO Metterdaad","subtitle":"Mexico","description":"EO - Machiel en Erika zetten zich naast dit verslavingscentrum ook in voor het versterken van de lokale kerk. Samen met de kerk en enkele mannen uit het verslavingscentrum vertrekken ze naar een klein en slecht te bereiken dorpje op de vuilnisbelt in de bergen. De bevolking leeft daar van het rondstruinen op de stinkende vuilnisbelt. Leden van de lokale kerk hebben een dag gekookt om de inwoners van het dorpje een goede maaltijd te geven. Voor de verslaafde mannen uit het opvangcentrum is dit een inspirerend moment. Ze werken aan hun eigen toekomst en tegelijkertijd helpen ze hun medemens.","formattedEpisodeNumbering":null,"formattedDate":"Zo 20 aug. 2017","formattedDateShort":"Aug. 2017","formattedTime":"10:05","formattedDuration":"9m","formattedAvailabilityWindow":null,"formattedAvailabilityWindowShort":null,"image":{"portraitUrl":null,"landscapeUrl":"https:\/\/images.nlziet.nl\/metadataimportimages\/source\/5B387FE25D04F6126F9CC2A66E673E89F87B28271F763D28C7FEE4780C731BF7.jpg"},"logo":{"normalUrl":"https:\/\/cdn.nlziet.nl\/static\/assets\/contentproviders\/npo.png","darkUrl":"https:\/\/cdn.nlziet.nl\/static\/assets\/contentproviders\/dark\/npo.png","flatUrl":"https:\/\/cdn.nlziet.nl\/static\/assets\/contentproviders\/flat\/npo.png"},"tags":[],"seriesId":"67IaRe4ka0e8Pr-f7Cjp1w"},{"id":"Jl7MN9rsW0Wl7RQ9n8Vchg","type":"Vod","title":"EO Metterdaad","subtitle":"Mexico","description":"EO - In centrum 'Shalom' belt bewoner Juan uit El Salvador voor het eerst in twee maanden met zijn moeder. Juan zit in een afkicktraject en zijn moeder heeft zelfs geen idee of haar zoon nog leeft. Op dit ontroerende telefoontje van haar zoon heeft deze moeder lang gewacht.","formattedEpisodeNumbering":null,"formattedDate":"Za 19 aug. 2017","formattedDateShort":"Aug. 2017","formattedTime":"18:35","formattedDuration":"25m","formattedAvailabilityWindow":null,"formattedAvailabilityWindowShort":null,"image":{"portraitUrl":null,"landscapeUrl":"https:\/\/images.nlziet.nl\/metadataimportimages\/source\/5D32E71BB03C0F9100B09D3833722052BCB1684B7D56EACD3CD21916D68F4531.jpg"},"logo":{"normalUrl":"https:\/\/cdn.nlziet.nl\/static\/assets\/contentproviders\/npo.png","darkUrl":"https:\/\/cdn.nlziet.nl\/static\/assets\/contentproviders\/dark\/npo.png","flatUrl":"https:\/\/cdn.nlziet.nl\/static\/assets\/contentproviders\/flat\/npo.png"},"tags":[],"seriesId":"67IaRe4ka0e8Pr-f7Cjp1w"},{"id":"uX9H5H7_JEq52kiM0cN18A","type":"Vod","title":"EO Metterdaad","subtitle":"Mexico","description":"EO - Metterdaad helpt mensen in armoede of onrechtvaardige omstandigheden te overleven en hun leven weer op te bouwen. Via televisie en radio werft Metterdaad geld voor hulpverleningsprojecten wereldwijd.","formattedEpisodeNumbering":null,"formattedDate":"Di 15 aug. 2017","formattedDateShort":"Aug. 2017","formattedTime":"10:56","formattedDuration":"3m","formattedAvailabilityWindow":null,"formattedAvailabilityWindowShort":null,"image":{"portraitUrl":null,"landscapeUrl":"https:\/\/images.nlziet.nl\/metadataimportimages\/source\/DC3C5064B59D1CB5BA1F1D98AEC3B0A6DB43609F3AB194FB56DDF227052A20E5.jpg"},"logo":{"normalUrl":"https:\/\/cdn.nlziet.nl\/static\/assets\/contentproviders\/npo.png","darkUrl":"https:\/\/cdn.nlziet.nl\/static\/assets\/contentproviders\/dark\/npo.png","flatUrl":"https:\/\/cdn.nlziet.nl\/static\/assets\/contentproviders\/flat\/npo.png"},"tags":[],"seriesId":"67IaRe4ka0e8Pr-f7Cjp1w"},{"id":"7cPhYXWT80G1cumWubu4tg","type":"Vod","title":"EO Metterdaad","subtitle":"Mexico","description":"EO - In centrum 'Shalom' belt bewoner Juan uit El Salvador voor het eerst in twee maanden met zijn moeder. Juan zit in een afkicktraject en zijn moeder heeft zelfs geen idee of haar zoon nog leeft. Op dit ontroerende telefoontje van haar zoon heeft deze moeder lang gewacht.","formattedEpisodeNumbering":null,"formattedDate":"Zo 13 aug. 2017","formattedDateShort":"Aug. 2017","formattedTime":"10:05","formattedDuration":"10m","formattedAvailabilityWindow":null,"formattedAvailabilityWindowShort":null,"image":{"portraitUrl":null,"landscapeUrl":"https:\/\/images.nlziet.nl\/metadataimportimages\/source\/4D21A5FAB52DA4EC0B7D5ABDF40C099B556F56265F14A50ED8EE39357E40C023.jpg"},"logo":{"normalUrl":"https:\/\/cdn.nlziet.nl\/static\/assets\/contentproviders\/npo.png","darkUrl":"https:\/\/cdn.nlziet.nl\/static\/assets\/contentproviders\/dark\/npo.png","flatUrl":"https:\/\/cdn.nlziet.nl\/static\/assets\/contentproviders\/flat\/npo.png"},"tags":[],"seriesId":"67IaRe4ka0e8Pr-f7Cjp1w"},{"id":"WM_iWWkwWE22HJxO4ql-8g","type":"Vod","title":"EO Metterdaad","subtitle":"Mexico","description":"EO - Machiel en Erika Kommers verruilden vijf jaar geleden hun veilige leven in Nederland voor een nieuw avontuur in Mexico en runnen verslavingscentrum 'Shalom' in het grensgebied van Mexico en Guatemala. In deze regio komt veel alcohol- en drugsverslaving voor vanwege de drugsdoorvoer rond de grens. In deze eerste aflevering ziet u het bijzondere verhaal van de directeur van het centrum: Alex. Hij is zelf jarenlang verslaafd geweest en zet zich nu in voor het afkickcentrum. Hij gaat samen met Machiel de straat op, op zoek naar mannen die verslaafd zijn aan drugs, alcohol of beide. In het gevaarlijke grensgebied ontmoeten ze Fernando en Ricardo die mee willen naar het centrum. In deze aflevering kun je zien hoe Alex zijn moeilijke verleden omzet in hoop voor mannen als Fernando en Ricardo.","formattedEpisodeNumbering":null,"formattedDate":"Za 12 aug. 2017","formattedDateShort":"Aug. 2017","formattedTime":"18:30","formattedDuration":"25m","formattedAvailabilityWindow":null,"formattedAvailabilityWindowShort":null,"image":{"portraitUrl":null,"landscapeUrl":"https:\/\/images.nlziet.nl\/metadataimportimages\/source\/483EF94EA56D1043A97805E67381DFD7F1942BB734C36BAF4C497DACA2F652C2.jpg"},"logo":{"normalUrl":"https:\/\/cdn.nlziet.nl\/static\/assets\/contentproviders\/npo.png","darkUrl":"https:\/\/cdn.nlziet.nl\/static\/assets\/contentproviders\/dark\/npo.png","flatUrl":"https:\/\/cdn.nlziet.nl\/static\/assets\/contentproviders\/flat\/npo.png"},"tags":[],"seriesId":"67IaRe4ka0e8Pr-f7Cjp1w"},{"id":"qmRcLiDOKUOokJpksAlyVg","type":"Vod","title":"EO Metterdaad","subtitle":"Mexico","description":"EO - Machiel en Erika Kommers verruilden vijf jaar geleden hun veilige leven in Nederland voor een nieuw avontuur in Mexico en runnen verslavingscentrum 'Shalom' in het grensgebied van Mexico en Guatemala. In deze regio komt veel alcohol- en drugsverslaving voor vanwege de drugsdoorvoer rond de grens. In deze eerste aflevering ziet u het bijzondere verhaal van de directeur van het centrum: Alex. Hij is zelf jarenlang verslaafd geweest en zet zich nu in voor het afkickcentrum. Hij gaat samen met Machiel de straat op, op zoek naar mannen die verslaafd zijn aan drugs, alcohol of beide. In het gevaarlijke grensgebied ontmoeten ze Fernando en Ricardo die mee willen naar het centrum. In deze aflevering kun je zien hoe Alex zijn moeilijke verleden omzet in hoop voor mannen als Fernando en Ricardo","formattedEpisodeNumbering":null,"formattedDate":"Zo 6 aug. 2017","formattedDateShort":"Aug. 2017","formattedTime":"10:05","formattedDuration":"10m","formattedAvailabilityWindow":null,"formattedAvailabilityWindowShort":null,"image":{"portraitUrl":null,"landscapeUrl":"https:\/\/images.nlziet.nl\/metadataimportimages\/source\/B3978A8A3A164D5EF1C680258B4A50DBB0B9B0BA97B138FF5CE8BF4A75AD1C03.jpg"},"logo":{"normalUrl":"https:\/\/cdn.nlziet.nl\/static\/assets\/contentproviders\/npo.png","darkUrl":"https:\/\/cdn.nlziet.nl\/static\/assets\/contentproviders\/dark\/npo.png","flatUrl":"https:\/\/cdn.nlziet.nl\/static\/assets\/contentproviders\/flat\/npo.png"},"tags":[],"seriesId":"67IaRe4ka0e8Pr-f7Cjp1w"},{"id":"d5UJAvjk9kuPWOr2ri0jjw","type":"Vod","title":"EO Metterdaad","subtitle":"Burkina Faso","description":"EO - Veel boeren hebben het zwaar in Burkina Faso. Een slechte oogst vlak voor de drie maanden aanhoudende droogte heeft namelijk een enorme impact op het gezin. In de maanden van deze hongerkloof hebben de boeren geen geld om in basisbehoeften, zoals eten en een doktersbezoek, te voorzien. Kerk in Actie helpt deze gezinnen door ze een microkrediet te geven. Met dit microkrediet kunnen de families een bedrijfje beginnen dat ze helpt de hongerkloof te overbruggen. Met de opbrengst van dit bedrijfje kan bijvoorbeeld de school van de kinderen, eten, kleding en overige basisbehoeften betaald worden. Door dit microkrediet wordt de bevolking zelfredzaam gemaakt en kan ze zonder verdere hulp de hongerkloof overbruggen.","formattedEpisodeNumbering":null,"formattedDate":"Zo 30 jul. 2017","formattedDateShort":"Jul. 2017","formattedTime":"10:05","formattedDuration":"9m","formattedAvailabilityWindow":null,"formattedAvailabilityWindowShort":null,"image":{"portraitUrl":null,"landscapeUrl":"https:\/\/images.nlziet.nl\/metadataimportimages\/source\/083FD44E1D875C1B014A89B71518E051E7C0990ED4561988764FE6C6B442BCD4.jpg"},"logo":{"normalUrl":"https:\/\/cdn.nlziet.nl\/static\/assets\/contentproviders\/npo.png","darkUrl":"https:\/\/cdn.nlziet.nl\/static\/assets\/contentproviders\/dark\/npo.png","flatUrl":"https:\/\/cdn.nlziet.nl\/static\/assets\/contentproviders\/flat\/npo.png"},"tags":[],"seriesId":"67IaRe4ka0e8Pr-f7Cjp1w"},{"id":"R8NlCMmLoES1kyGTTefvLg","type":"Vod","title":"EO Metterdaad","subtitle":"Burkina Faso","description":"EO - Burkina Faso is voor een groot deel afhankelijk van de landbouw. Meer dan 86% van de inwoners leeft van wat ze zelf verbouwen. De weersomstandigheden zijn echter zwaar. De hitte en het gebrek aan neerslag zorgen ervoor dat de opbrengst van het land een stuk minder wordt. Minder opbrengst betekent dat er minder geld of eten is. Kerk in Actie wil de boeren leren welke landbouwtechnieken geschikt zijn in dit klimaat. Als de boeren weten welk gewas ze op welk moment het beste kunnen verbouwen, hebben ze veel meer inkomen.","formattedEpisodeNumbering":null,"formattedDate":"Zo 23 jul. 2017","formattedDateShort":"Jul. 2017","formattedTime":"10:05","formattedDuration":"10m","formattedAvailabilityWindow":null,"formattedAvailabilityWindowShort":null,"image":{"portraitUrl":null,"landscapeUrl":"https:\/\/images.nlziet.nl\/metadataimportimages\/source\/8324926E47079383D08A503D61A5AC884E112B77CFB0FC02100E53D280975423.jpg"},"logo":{"normalUrl":"https:\/\/cdn.nlziet.nl\/static\/assets\/contentproviders\/npo.png","darkUrl":"https:\/\/cdn.nlziet.nl\/static\/assets\/contentproviders\/dark\/npo.png","flatUrl":"https:\/\/cdn.nlziet.nl\/static\/assets\/contentproviders\/flat\/npo.png"},"tags":[],"seriesId":"67IaRe4ka0e8Pr-f7Cjp1w"},{"id":"tC6CIf5PB0WbAQpYI0XtSw","type":"Vod","title":"EO Metterdaad","subtitle":"Burkina Faso","description":"EO - Niet alleen het land maar ook de inwoners ervaren de nadelen van de hitte. Ventilatoren en airconditioning kunnen geen verkoeling bieden als er geen elektriciteit is. Gelukkig is de bron van het probleem ook de oplossing.","formattedEpisodeNumbering":null,"formattedDate":"Zo 16 jul. 2017","formattedDateShort":"Jul. 2017","formattedTime":"11:05","formattedDuration":"10m","formattedAvailabilityWindow":null,"formattedAvailabilityWindowShort":null,"image":{"portraitUrl":null,"landscapeUrl":"https:\/\/images.nlziet.nl\/metadataimportimages\/source\/69FCEB73C5726ED6B7093E1AD09BDDCCE17788D0BFE1A498A8615E0FE58689E6.jpg"},"logo":{"normalUrl":"https:\/\/cdn.nlziet.nl\/static\/assets\/contentproviders\/npo.png","darkUrl":"https:\/\/cdn.nlziet.nl\/static\/assets\/contentproviders\/dark\/npo.png","flatUrl":"https:\/\/cdn.nlziet.nl\/static\/assets\/contentproviders\/flat\/npo.png"},"tags":[],"seriesId":"67IaRe4ka0e8Pr-f7Cjp1w"},{"id":"VjYUrO3-XkSRR3twkuuB4w","type":"Vod","title":"EO Metterdaad","subtitle":"Burkina Faso","description":"EO - Metterdaad helpt mensen in armoede of onrechtvaardige omstandigheden te overleven en hun leven weer op te bouwen. Via televisie en radio werft Metterdaad geld voor hulpverleningsprojecten wereldwijd.","formattedEpisodeNumbering":null,"formattedDate":"Di 11 jul. 2017","formattedDateShort":"Jul. 2017","formattedTime":"11:55","formattedDuration":"3m","formattedAvailabilityWindow":null,"formattedAvailabilityWindowShort":null,"image":{"portraitUrl":null,"landscapeUrl":"https:\/\/images.nlziet.nl\/metadataimportimages\/source\/3F29E37A307167B7BE93303AB1D9A24131BAC01FF076662B6C49687277ABBC89.jpg"},"logo":{"normalUrl":"https:\/\/cdn.nlziet.nl\/static\/assets\/contentproviders\/npo.png","darkUrl":"https:\/\/cdn.nlziet.nl\/static\/assets\/contentproviders\/dark\/npo.png","flatUrl":"https:\/\/cdn.nlziet.nl\/static\/assets\/contentproviders\/flat\/npo.png"},"tags":[],"seriesId":"67IaRe4ka0e8Pr-f7Cjp1w"},{"id":"fVvuBSOGQU-qcJqdZN9Mzw","type":"Vod","title":"EO Metterdaad","subtitle":"Burkina Faso","description":"EO - Ondanks de arbeidsintensiviteit wordt slechts tien procent van de cashewnoten die in Burkina Faso groeien ook in dat land verwerkt. Veel geplukte cashewnoten gaan in trucks over de grens om daar verwerkt te worden. Dat betekent een verlies van tien- tot vijftienduizend banen. Elke baan betekent inkomen voor een gezin en onderwijs voor kinderen. Een baan in een cashewnotenfabriek kan een gezin in Burkina Faso dus een nieuwe toekomst geven.","formattedEpisodeNumbering":null,"formattedDate":"Zo 9 jul. 2017","formattedDateShort":"Jul. 2017","formattedTime":"10:05","formattedDuration":"10m","formattedAvailabilityWindow":null,"formattedAvailabilityWindowShort":null,"image":{"portraitUrl":null,"landscapeUrl":"https:\/\/images.nlziet.nl\/metadataimportimages\/source\/8C2284DBDF23A5CD2EF968EF78B65947A95F9D4E188A565DB1C385C05A0F0C42.jpg"},"logo":{"normalUrl":"https:\/\/cdn.nlziet.nl\/static\/assets\/contentproviders\/npo.png","darkUrl":"https:\/\/cdn.nlziet.nl\/static\/assets\/contentproviders\/dark\/npo.png","flatUrl":"https:\/\/cdn.nlziet.nl\/static\/assets\/contentproviders\/flat\/npo.png"},"tags":[],"seriesId":"67IaRe4ka0e8Pr-f7Cjp1w"},{"id":"dHjlhw2cGkW_QjvLm1Uokw","type":"Vod","title":"EO Metterdaad","subtitle":"Burkina Faso","description":"EO - Metterdaad helpt mensen in armoede of onrechtvaardige omstandigheden te overleven en hun leven weer op te bouwen. Via televisie en radio werft Metterdaad geld voor hulpverleningsprojecten wereldwijd.","formattedEpisodeNumbering":null,"formattedDate":"Do 6 jul. 2017","formattedDateShort":"Jul. 2017","formattedTime":"11:15","formattedDuration":"3m","formattedAvailabilityWindow":null,"formattedAvailabilityWindowShort":null,"image":{"portraitUrl":null,"landscapeUrl":"https:\/\/images.nlziet.nl\/metadataimportimages\/source\/15D03CC280986247986CD67450637F2277FB7812296938DAF3932E1384213507.jpg"},"logo":{"normalUrl":"https:\/\/cdn.nlziet.nl\/static\/assets\/contentproviders\/npo.png","darkUrl":"https:\/\/cdn.nlziet.nl\/static\/assets\/contentproviders\/dark\/npo.png","flatUrl":"https:\/\/cdn.nlziet.nl\/static\/assets\/contentproviders\/flat\/npo.png"},"tags":[],"seriesId":"67IaRe4ka0e8Pr-f7Cjp1w"},{"id":"HCjiBVXgyEOaS_0z_B5J8g","type":"Vod","title":"EO Metterdaad","subtitle":"Burkina Faso","description":"EO - Vraagt u zich weleens af waar de cashewnoten vandaan komen als u op een avond een zakje leegeet? Weet u dat u misschien in \u00e9\u00e9n avond wel de oogst van een hele boom eet? Er zit veel arbeid in \u00e9\u00e9n zakje cashewnoten en dat is mooi, want dat levert inkomsten op voor de boeren in Burkina Faso. Hella van der Wijst ziet hoe de cashewnotenboom voor inkomsten zorgt in dit door droogte geteisterde land.","formattedEpisodeNumbering":null,"formattedDate":"Zo 2 jul. 2017","formattedDateShort":"Jul. 2017","formattedTime":"10:05","formattedDuration":"9m","formattedAvailabilityWindow":null,"formattedAvailabilityWindowShort":null,"image":{"portraitUrl":null,"landscapeUrl":"https:\/\/images.nlziet.nl\/metadataimportimages\/source\/1E8E1C64535B2398F16532485C2F037263C3F17531CCD1B6206330CC49589617.jpg"},"logo":{"normalUrl":"https:\/\/cdn.nlziet.nl\/static\/assets\/contentproviders\/npo.png","darkUrl":"https:\/\/cdn.nlziet.nl\/static\/assets\/contentproviders\/dark\/npo.png","flatUrl":"https:\/\/cdn.nlziet.nl\/static\/assets\/contentproviders\/flat\/npo.png"},"tags":[],"seriesId":"67IaRe4ka0e8Pr-f7Cjp1w"},{"id":"q50KsvZ0hEeUFUsH2c1S7A","type":"Vod","title":"EO Metterdaad","subtitle":"Cambodja","description":"EO - Hulporganisatie Light for the World komt op voor vrouwen met een beperking. Deze organisatie leidt deze vrouwen op tot leider en rolmodel voor anderen. Zoals Li Lina. Door een verkeerde injectie kreeg zij als kind polio, nu is ze 25 jaar en ervaart nog steeds de gevolgen van deze ziekte. Toch is Li Lina een van de vrouwen die door Light for the World is geselecteerd om getraind te worden tot leider. Nu leidt ze een project voor kinderen met een verstandelijke beperking. Dankzij dit project maken vrouwen met een beperking weer deel uit van de maatschappij in Cambodja.","formattedEpisodeNumbering":null,"formattedDate":"Zo 25 jun. 2017","formattedDateShort":"Jun. 2017","formattedTime":"10:05","formattedDuration":"10m","formattedAvailabilityWindow":null,"formattedAvailabilityWindowShort":null,"image":{"portraitUrl":null,"landscapeUrl":"https:\/\/images.nlziet.nl\/metadataimportimages\/source\/1B51BD2DA76F153E1C2113F5D60C4B92770BAD272B78E7A232AB117E4D770838.jpg"},"logo":{"normalUrl":"https:\/\/cdn.nlziet.nl\/static\/assets\/contentproviders\/npo.png","darkUrl":"https:\/\/cdn.nlziet.nl\/static\/assets\/contentproviders\/dark\/npo.png","flatUrl":"https:\/\/cdn.nlziet.nl\/static\/assets\/contentproviders\/flat\/npo.png"},"tags":[],"seriesId":"67IaRe4ka0e8Pr-f7Cjp1w"},{"id":"xiih6LLv2kiNswK0DCbCCw","type":"Vod","title":"EO Metterdaad","subtitle":"Cambodja","description":"EO - In Cambodja hebben veel vrouwen met een beperking een zwaar leven. Ze worden als minderwaardig gezien in de samenleving, ze mogen vaak niet trouwen en zijn een makkelijke prooi voor misbruik. Deze vrouwen voelen zich hierdoor kwetsbaar. Light for the World wil deze vrouwen helpen. Deze organisatie traint vrouwen met een beperking in Cambodja in het worden van een rolmodel. De dames moeten uiteindelijk de voorvechters worden van gelijke rechten en mogelijkheden voor vrouwen met een beperking in Cambodja, oftewel vrouwen met een beperking gaan elkaar helpen om een waardig bestaan op te bouwen.","formattedEpisodeNumbering":null,"formattedDate":"Zo 11 jun. 2017","formattedDateShort":"Jun. 2017","formattedTime":"10:05","formattedDuration":"10m","formattedAvailabilityWindow":null,"formattedAvailabilityWindowShort":null,"image":{"portraitUrl":null,"landscapeUrl":"https:\/\/images.nlziet.nl\/metadataimportimages\/source\/11ABDF6A2D5FFE799AEE10FDC6A6C6F138F9B665C33B53C7073A83C5491DCF7B.jpg"},"logo":{"normalUrl":"https:\/\/cdn.nlziet.nl\/static\/assets\/contentproviders\/npo.png","darkUrl":"https:\/\/cdn.nlziet.nl\/static\/assets\/contentproviders\/dark\/npo.png","flatUrl":"https:\/\/cdn.nlziet.nl\/static\/assets\/contentproviders\/flat\/npo.png"},"tags":[],"seriesId":"67IaRe4ka0e8Pr-f7Cjp1w"},{"id":"5eYZHdagr0mXKE5qXrEmLQ","type":"Vod","title":"EO Metterdaad","subtitle":"Congo","description":"EO - Tijdens de oorlog (1996 - 2006) is een groot gedeelte van het ziekenhuis vernietigd. De lokale kerk heeft geprobeerd om het ziekenhuis aan de gang te houden, maar de faciliteiten zijn ronduit slecht. Er staat nog een stokoude operatietafel en een oude medicijnkast. Willem is hierdoor enorm beperkt in het soort operaties dat hij kan uitvoeren. Als het echt spannend wordt zal hij pati\u00ebnten moeten doorverwijzen naar een ander ziekenhuis. De zendingspiloten van de MAF willen de pati\u00ebnten wel vervoeren, maar de landingsbaan bij het ziekenhuis ligt nog vol met landmijnen uit de oorlog. Daarom moet Willem eerst aan de slag met een ontruimingsteam om de landingsbaan vrij te maken. Voor Joanne ligt de uitdaging op een heel ander vlak. Aan de rand van het regenwoud is het heel moeilijk om goed verpleegkundig personeel te vinden. Niemand wil in deze uithoek werken en wonen. Daarom wil Joanne een oud gebouw op het terrein van het ziekenhuis opknappen om een kleine verpleegkunde opleiding te starten. Door het bestaande personeel van het ziekenhuis en de omliggende klinieken beter op te leiden kunnen veel medische fouten worden voorkomen.","formattedEpisodeNumbering":null,"formattedDate":"Za 10 jun. 2017","formattedDateShort":"Jun. 2017","formattedTime":"18:40","formattedDuration":"24m","formattedAvailabilityWindow":null,"formattedAvailabilityWindowShort":null,"image":{"portraitUrl":null,"landscapeUrl":"https:\/\/images.nlziet.nl\/metadataimportimages\/source\/0CD6AFF0F5FF17E527CF26A568AA57BF83788253120C5C2224AAC5F701D67A9F.jpg"},"logo":{"normalUrl":"https:\/\/cdn.nlziet.nl\/static\/assets\/contentproviders\/npo.png","darkUrl":"https:\/\/cdn.nlziet.nl\/static\/assets\/contentproviders\/dark\/npo.png","flatUrl":"https:\/\/cdn.nlziet.nl\/static\/assets\/contentproviders\/flat\/npo.png"},"tags":[],"seriesId":"67IaRe4ka0e8Pr-f7Cjp1w"},{"id":"J4P8DJNcw0yUnpna2XhTuw","type":"Vod","title":"Metterdaad","subtitle":"Congo","description":"EO - Joanne ontfermt zich over vrouwen en baby's op de primitief ingerichte kraamafdeling. Er is tekort aan vrijwel alle medische hulpmiddelen. Joanne heeft die hard nodig als er een hoogzwangere vrouw na kilometers lopen aanklopt bij het ziekenhuis. De Nederlandse arts ontdekt al snel dat alleen een keizersnede het leven van het kind kan redden en met de beperkte middelen die ze heeft, brengt ze het kindje gezond ter wereld. Het is niet het eerste en zal ook niet het laatste kindje zijn dat het leven dankt aan de inzet van deze artsen. Hoe is het voor deze artsen om hun leven in Nederland op te geven voor een bestaan aan de rand van het oerwoud?","formattedEpisodeNumbering":null,"formattedDate":"Za 3 jun. 2017","formattedDateShort":"Jun. 2017","formattedTime":"18:40","formattedDuration":"25m","formattedAvailabilityWindow":null,"formattedAvailabilityWindowShort":null,"image":{"portraitUrl":null,"landscapeUrl":"https:\/\/images.nlziet.nl\/metadataimportimages\/source\/DA174E6FDAFA4D2DC9935B589F5FD7B31D1327CD913B92E1CAF06A4606FA565B.jpg"},"logo":{"normalUrl":"https:\/\/cdn.nlziet.nl\/static\/assets\/contentproviders\/npo.png","darkUrl":"https:\/\/cdn.nlziet.nl\/static\/assets\/contentproviders\/dark\/npo.png","flatUrl":"https:\/\/cdn.nlziet.nl\/static\/assets\/contentproviders\/flat\/npo.png"},"tags":[],"seriesId":"67IaRe4ka0e8Pr-f7Cjp1w"},{"id":"Wqfr8_vLZUGIXtXFgJCi2g","type":"Vod","title":"EO Metterdaad","subtitle":"Bangladesh","description":"EO - In deze aflevering is te zien hoe Janita in het Lepraziekenhuis van de Leprazending komt voor een operatie. Haar ringvinger is al verlamd en als er niets wordt gedaan, zal de rest van haar hand ook verlamd raken. De operatie verloopt succesvol en dat geeft Janita meer dan een gezonde hand terug. Het geeft haar ook haar leven terug.","formattedEpisodeNumbering":null,"formattedDate":"Zo 7 mei. 2017","formattedDateShort":"Mei. 2017","formattedTime":"10:05","formattedDuration":"7m","formattedAvailabilityWindow":null,"formattedAvailabilityWindowShort":null,"image":{"portraitUrl":null,"landscapeUrl":"https:\/\/images.nlziet.nl\/metadataimportimages\/source\/8BAF159E64AE176441CC1FE05A630E2427628C66D7E71FBB3D83D84526A65C71.jpg"},"logo":{"normalUrl":"https:\/\/cdn.nlziet.nl\/static\/assets\/contentproviders\/npo.png","darkUrl":"https:\/\/cdn.nlziet.nl\/static\/assets\/contentproviders\/dark\/npo.png","flatUrl":"https:\/\/cdn.nlziet.nl\/static\/assets\/contentproviders\/flat\/npo.png"},"tags":[],"seriesId":"67IaRe4ka0e8Pr-f7Cjp1w"},{"id":"isLhKwr9gk6SYYhuTwbjYA","type":"Vod","title":"EO Metterdaad","subtitle":"Noodhulp, Afrika","description":"EO - Metterdaad helpt mensen in armoede of onrechtvaardige omstandigheden te overleven en hun leven weer op te bouwen. Via televisie en radio werft Metterdaad geld voor hulpverleningsprojecten wereldwijd.","formattedEpisodeNumbering":null,"formattedDate":"Zo 16 apr. 2017","formattedDateShort":"Apr. 2017","formattedTime":"13:40","formattedDuration":"1m","formattedAvailabilityWindow":null,"formattedAvailabilityWindowShort":null,"image":{"portraitUrl":null,"landscapeUrl":"https:\/\/images.nlziet.nl\/metadataimportimages\/source\/EE4CF769D8FE6435899833A4118E8C9750B7182BA196AC378AB55B88AF71F9A0.jpg"},"logo":{"normalUrl":"https:\/\/cdn.nlziet.nl\/static\/assets\/contentproviders\/npo.png","darkUrl":"https:\/\/cdn.nlziet.nl\/static\/assets\/contentproviders\/dark\/npo.png","flatUrl":"https:\/\/cdn.nlziet.nl\/static\/assets\/contentproviders\/flat\/npo.png"},"tags":[],"seriesId":"67IaRe4ka0e8Pr-f7Cjp1w"},{"id":"RBYiV3r_j0yEYRtby_UI9g","type":"Vod","title":"EO Metterdaad","subtitle":"Ha\u00efti","description":"EO - Ha\u00efti was nog niet volledig hersteld van de aardbeving in 2010 toen orkaan Matthew een half jaar geleden een grote ravage veroorzaakte op het eiland. Het dorp Roche-\u00e0-Bateaux ligt erbij alsof de orkaan nog maar net is over geraasd. Arjan Lock ontmoet een familie die alles kwijt is geraakt en alleen nog wat bestek heeft.","formattedEpisodeNumbering":null,"formattedDate":"Zo 2 apr. 2017","formattedDateShort":"Apr. 2017","formattedTime":"10:05","formattedDuration":"10m","formattedAvailabilityWindow":null,"formattedAvailabilityWindowShort":null,"image":{"portraitUrl":null,"landscapeUrl":"https:\/\/images.nlziet.nl\/metadataimportimages\/source\/C15A7FC8D4084A0FFE442F6FA951DA959E8930C001F4ACBE0FA075FB08DF0FFA.jpg"},"logo":{"normalUrl":"https:\/\/cdn.nlziet.nl\/static\/assets\/contentproviders\/npo.png","darkUrl":"https:\/\/cdn.nlziet.nl\/static\/assets\/contentproviders\/dark\/npo.png","flatUrl":"https:\/\/cdn.nlziet.nl\/static\/assets\/contentproviders\/flat\/npo.png"},"tags":[],"seriesId":"67IaRe4ka0e8Pr-f7Cjp1w"},{"id":"9i-NXW5I50y4u854puvTVQ","type":"Vod","title":"EO Metterdaad","subtitle":"Ha\u00efti","description":"EO - Om in het dorpje Chantal te komen moet je een uur lopen vanaf de dichtstbijzijnde begaanbare weg. In dit gebied leven de mensen van de landbouw, maar er is geen oogst. Toen in oktober orkaan Matthew met grof geweld over het eiland trok, was het net tijd om te oogsten. In dit gebied is de oogst daardoor voor 80% verwoest. Maar de sterke Ha\u00eftianen laten zich niet verslaan. Ze willen opnieuw gaan zaaien om komende zomer te kunnen oogsten. Maar daar is zaaigoed voor nodig. Ondertussen hebben 3,6 miljoen Ha\u00eftianen voedseltekort. Rijst moet ge\u00efmporteerd worden, maar is veel te duur voor de berooide bevolking.","formattedEpisodeNumbering":null,"formattedDate":"Zo 26 mrt. 2017","formattedDateShort":"Mrt. 2017","formattedTime":"10:05","formattedDuration":"10m","formattedAvailabilityWindow":null,"formattedAvailabilityWindowShort":null,"image":{"portraitUrl":null,"landscapeUrl":"https:\/\/images.nlziet.nl\/metadataimportimages\/source\/F5358352018C6DA1330AB3A2BD4BBD93D93B42DB7FF8F629DD9044E7380F7B84.jpg"},"logo":{"normalUrl":"https:\/\/cdn.nlziet.nl\/static\/assets\/contentproviders\/npo.png","darkUrl":"https:\/\/cdn.nlziet.nl\/static\/assets\/contentproviders\/dark\/npo.png","flatUrl":"https:\/\/cdn.nlziet.nl\/static\/assets\/contentproviders\/flat\/npo.png"},"tags":[],"seriesId":"67IaRe4ka0e8Pr-f7Cjp1w"},{"id":"kRs5yx1p-0SVBEAE7Tq6tw","type":"Vod","title":"EO Metterdaad","subtitle":"Ha\u00efti","description":"EO - Het vissersdorp Aquin aan de zuidkust van het eiland werd een half jaar geleden hard getroffen door orkaan Matthew. Arjan Lock spreekt met de vissers uit het dorp en hoort hoe zij zo dicht bij zee de orkaan hebben ervaren. De gevolgen van de orkaan zijn ook voor deze vissers nog steeds groot. Hulporganisatie Kerk in Actie heeft in dit gebied de eerste noodhulp verleend, maar heeft geen geld om het dorp Aquin verder te helpen. Het is moeilijk om met zoveel natuurgeweld steeds opnieuw geld in te zamelen voor Ha\u00efti.","formattedEpisodeNumbering":null,"formattedDate":"Zo 19 mrt. 2017","formattedDateShort":"Mrt. 2017","formattedTime":"10:05","formattedDuration":"9m","formattedAvailabilityWindow":null,"formattedAvailabilityWindowShort":null,"image":{"portraitUrl":null,"landscapeUrl":"https:\/\/images.nlziet.nl\/metadataimportimages\/source\/334EAE97DF7D140B0C8006B0CFB92961B4FB54795A1E41989CE63903FBB009BD.jpg"},"logo":{"normalUrl":"https:\/\/cdn.nlziet.nl\/static\/assets\/contentproviders\/npo.png","darkUrl":"https:\/\/cdn.nlziet.nl\/static\/assets\/contentproviders\/dark\/npo.png","flatUrl":"https:\/\/cdn.nlziet.nl\/static\/assets\/contentproviders\/flat\/npo.png"},"tags":[],"seriesId":"67IaRe4ka0e8Pr-f7Cjp1w"},{"id":"19UZgqTBPkmYqs_B_fq3rQ","type":"Vod","title":"Metterdaad","subtitle":"Bolivia","description":"EO - We zijn op pad met boer Max van hulporganisatie Sartawi, die de boeren in deze afgelegen gebieden wil helpen. Zo ontmoeten we boer Don Jaime. Hij heeft een paar lama's en leerde van zijn ouders en grootouders hoe hij voor de dieren moet zorgen. Maar als Max een lama onderzoekt, blijkt het dier ziek te zijn en niet goed te zijn gegroeid. Bovendien zit de vacht vol met luizen en is het niet geschikt voor de verkoop. Omdat de mensen voor hun levensonderhoud afhankelijk zijn van deze dieren leert Sartawi hun hoe ze beter voor de dieren kunnen zorgen. Door ze de juiste voeding te geven en ze op een andere manier te scheren, blijken de dieren gezonder te zijn en meer mooie wol te geven. Dit verandert de levens van deze mensen volledig.","formattedEpisodeNumbering":null,"formattedDate":"Zo 26 feb. 2017","formattedDateShort":"Feb. 2017","formattedTime":"10:05","formattedDuration":"10m","formattedAvailabilityWindow":null,"formattedAvailabilityWindowShort":null,"image":{"portraitUrl":null,"landscapeUrl":"https:\/\/images.nlziet.nl\/metadataimportimages\/source\/9BED16ED1544FFC8B21DAE04DECD158A3B030B16D3CB68EA4CE9A49813B243DE.jpg"},"logo":{"normalUrl":"https:\/\/cdn.nlziet.nl\/static\/assets\/contentproviders\/npo.png","darkUrl":"https:\/\/cdn.nlziet.nl\/static\/assets\/contentproviders\/dark\/npo.png","flatUrl":"https:\/\/cdn.nlziet.nl\/static\/assets\/contentproviders\/flat\/npo.png"},"tags":[],"seriesId":"67IaRe4ka0e8Pr-f7Cjp1w"},{"id":"AIqREqHLvEW0tL4HdqdDVg","type":"Vod","title":"EO Metterdaad","subtitle":"Bolivia","description":"EO - Metterdaad helpt mensen in armoede of onrechtvaardige omstandigheden te overleven en hun leven weer op te bouwen. Via televisie en radio werft Metterdaad geld voor hulpverleningsprojecten wereldwijd.","formattedEpisodeNumbering":null,"formattedDate":"Do 23 feb. 2017","formattedDateShort":"Feb. 2017","formattedTime":"14:20","formattedDuration":"3m","formattedAvailabilityWindow":null,"formattedAvailabilityWindowShort":null,"image":{"portraitUrl":null,"landscapeUrl":"https:\/\/images.nlziet.nl\/metadataimportimages\/source\/72F2557870A1CFD7BAF073471AA8AE7555F77D374A277E9D1F48F23CE6604A79.jpg"},"logo":{"normalUrl":"https:\/\/cdn.nlziet.nl\/static\/assets\/contentproviders\/npo.png","darkUrl":"https:\/\/cdn.nlziet.nl\/static\/assets\/contentproviders\/dark\/npo.png","flatUrl":"https:\/\/cdn.nlziet.nl\/static\/assets\/contentproviders\/flat\/npo.png"},"tags":[],"seriesId":"67IaRe4ka0e8Pr-f7Cjp1w"},{"id":"RjpAKN-1mUOAPg8Sky4H9Q","type":"Vod","title":"EO Metterdaad","subtitle":"Isra\u00ebl","description":"EO - Hella van der Wijst is op bezoek in een centrum voor Palestijnse ouderen. Het centrum draait helemaal op vrijwilligers. In de keuken bereiden ze een heerlijke warme maaltijd voor. In de zaal zijn de ouderen ondertussen druk bezig met allerlei activiteiten, zoals het vlechten van manden. Op het eerste gezicht lijkt het niet meer dan gezellige bezigheidstherapie. Als Hella met hen in gesprek raakt, blijkt echter dat ze dit doen om een inkomen te verdienen.","formattedEpisodeNumbering":null,"formattedDate":"Ma 23 jan. 2017","formattedDateShort":"Jan. 2017","formattedTime":"09:10","formattedDuration":"6m","formattedAvailabilityWindow":null,"formattedAvailabilityWindowShort":null,"image":{"portraitUrl":null,"landscapeUrl":"https:\/\/images.nlziet.nl\/metadataimportimages\/source\/E99E2E1E410AF62B103251FA29C37BCFC080167C7A0EF50A1BAB77FC42947A31.jpg"},"logo":{"normalUrl":"https:\/\/cdn.nlziet.nl\/static\/assets\/contentproviders\/npo.png","darkUrl":"https:\/\/cdn.nlziet.nl\/static\/assets\/contentproviders\/dark\/npo.png","flatUrl":"https:\/\/cdn.nlziet.nl\/static\/assets\/contentproviders\/flat\/npo.png"},"tags":[],"seriesId":"67IaRe4ka0e8Pr-f7Cjp1w"},{"id":"9z7bbvwk206UN-OB8HlZCQ","type":"Vod","title":"EO Metterdaad","subtitle":"Isra\u00ebl","description":"EO - De lokale christelijke hulporganisatie nodigt de Palestijnse Lydia uit voor een dagopvang waar voor haar gezorgd wordt en ze een warme maaltijd krijgt. Lydia is niet de enige die dit nodig heeft. Vele honderden Palestijnse ouderen zitten verwaarloosd thuis. Kinderen zijn weggetrokken op zoek naar werk en vanwege de vele checkpoints is het vrijwel onmogelijk om hun ouders te bezoeken. Voor deze ouderen is er dankzij dit project (medische) thuiszorg en een dagopvang.","formattedEpisodeNumbering":null,"formattedDate":"Zo 15 jan. 2017","formattedDateShort":"Jan. 2017","formattedTime":"10:05","formattedDuration":"9m","formattedAvailabilityWindow":null,"formattedAvailabilityWindowShort":null,"image":{"portraitUrl":null,"landscapeUrl":"https:\/\/images.nlziet.nl\/metadataimportimages\/source\/AAD8665D66031651A8F3ED3B865FA3871E327122F8A4CDE78AE6E60AEA15A738.jpg"},"logo":{"normalUrl":"https:\/\/cdn.nlziet.nl\/static\/assets\/contentproviders\/npo.png","darkUrl":"https:\/\/cdn.nlziet.nl\/static\/assets\/contentproviders\/dark\/npo.png","flatUrl":"https:\/\/cdn.nlziet.nl\/static\/assets\/contentproviders\/flat\/npo.png"},"tags":[],"seriesId":"67IaRe4ka0e8Pr-f7Cjp1w"},{"id":"G6ezsluJaU-JTUBEXfwwqQ","type":"Vod","title":"EO Metterdaad","subtitle":"Isra\u00ebl","description":"EO - Hella van der Wijst reist naar Ramallah en bezoekt samen met Grada van ATTA dit echtpaar. Dankzij de hulp van ATTA krijgen deze mensen medische zorg, medicijnen, thuiszorg en maaltijden. Zo kunnen ze waardig oud worden.","formattedEpisodeNumbering":null,"formattedDate":"Zo 8 jan. 2017","formattedDateShort":"Jan. 2017","formattedTime":"10:05","formattedDuration":"9m","formattedAvailabilityWindow":null,"formattedAvailabilityWindowShort":null,"image":{"portraitUrl":null,"landscapeUrl":"https:\/\/images.nlziet.nl\/metadataimportimages\/source\/634D3DAC1886D23154566CDDFB339FBA86F6E086E73D36417CC5CA20B28C0119.jpg"},"logo":{"normalUrl":"https:\/\/cdn.nlziet.nl\/static\/assets\/contentproviders\/npo.png","darkUrl":"https:\/\/cdn.nlziet.nl\/static\/assets\/contentproviders\/dark\/npo.png","flatUrl":"https:\/\/cdn.nlziet.nl\/static\/assets\/contentproviders\/flat\/npo.png"},"tags":[],"seriesId":"67IaRe4ka0e8Pr-f7Cjp1w"},{"id":"kckFtc3YHEaCgRxbtTiQVg","type":"Vod","title":"EO Metterdaad","subtitle":"Bosni\u00eb","description":"EO - Koviljka Domuzen had in de Bosnische burgeroorlog maar \u00e9\u00e9n doel: haar zoon in leven houden. Ze herinnert zich als de dag van gisteren dat haar man in paniek binnenrende en vertelde dat de stad Glamoc was gevallen. Er was nog maar \u00e9\u00e9n mogelijkheid: vluchten voor je leven. Koviljka liet haar toen vierjarige zoontje naar het buitenland smokkelen. Arjan Lock is in Bosni\u00eb en ontmoet het gezin.","formattedEpisodeNumbering":null,"formattedDate":"Zo 1 jan. 2017","formattedDateShort":"Jan. 2017","formattedTime":"10:05","formattedDuration":"7m","formattedAvailabilityWindow":null,"formattedAvailabilityWindowShort":null,"image":{"portraitUrl":null,"landscapeUrl":"https:\/\/images.nlziet.nl\/metadataimportimages\/source\/C2C8A9BAE3E53860B9CC31F58CBA035678D4B4BB17495DC7F9F12936259FDCC2.jpg"},"logo":{"normalUrl":"https:\/\/cdn.nlziet.nl\/static\/assets\/contentproviders\/npo.png","darkUrl":"https:\/\/cdn.nlziet.nl\/static\/assets\/contentproviders\/dark\/npo.png","flatUrl":"https:\/\/cdn.nlziet.nl\/static\/assets\/contentproviders\/flat\/npo.png"},"tags":[],"seriesId":"67IaRe4ka0e8Pr-f7Cjp1w"}]