[{"id":"dB4s0MFuqUm-HGdt-NFYew","type":"Vod","title":"Evenblij","subtitle":"Evenblij met... het Oudejaar","description":"BNNVARA - Tijdens een unieke re\u00fcnie van 'Oudejaars-cabaretiers' ontdekt Frank Evenblij de kneepjes, zorgen en geheimen achter een geslaagde oudejaarsconference, tijdens gesprekken met de makers zelf. Youp van het Hek, Claudia de Breij, Hans Sibbel, Erik van Muiswinkel, Jan-Jaap van der Wal en Dolf Jansen kijken terug op eigen werk en blikken vooruit op 31 december.","formattedEpisodeNumbering":null,"formattedDate":"Za 29 dec. 2018","formattedDateShort":"Dec. 2018","formattedTime":"23:25","formattedDuration":"44m","formattedAvailabilityWindow":null,"formattedAvailabilityWindowShort":null,"image":{"portraitUrl":null,"landscapeUrl":"https:\/\/images.nlziet.nl\/metadataimportimages\/source\/E0D88EDC081A300255A628463E0D9FAA799090DFBB3CF4010735F95CFA4AF8DF.jpg"},"logo":{"normalUrl":"https:\/\/cdn.nlziet.nl\/static\/assets\/contentproviders\/npo.png","darkUrl":"https:\/\/cdn.nlziet.nl\/static\/assets\/contentproviders\/dark\/npo.png","flatUrl":"https:\/\/cdn.nlziet.nl\/static\/assets\/contentproviders\/flat\/npo.png"},"tags":[],"seriesId":"85Wn5bmJCU6rzgmD6oEP-w"}]