[{"id":"1oYSI3ueOkyoIwCIEowJvA","type":"Vod","title":"Zappsport","subtitle":"Zappsport","description":"TROS, NPO Zapp - Sportmagazine voor de jeugd. In The Battle strijden de jongens tegen de meisjes in een bepaalde sport. Kinderen met een sportprobleem worden in de 'Hellup' geholpen door een beroemde topsporter. De reportage doet verslag van jonge talenten die met een belangrijk toernooi nummer \u00e9\u00e9n hopen te worden. De vetste trucks worden uitgelegd in 'The Move' waarin kids laten zien wat ze kunnen. Rondom grote sporttoernooien zijn er ook regelmatig specials te zien...","formattedEpisodeNumbering":null,"formattedDate":"Za 5 jan. 2013","formattedDateShort":"Jan. 2013","formattedTime":"08:40","formattedDuration":"20m","formattedAvailabilityWindow":null,"formattedAvailabilityWindowShort":null,"image":{"portraitUrl":null,"landscapeUrl":"https:\/\/images.nlziet.nl\/metadataimportimages\/source\/C267158D9DB70F6F1A429A5D253174022B558F8C4C9B228D9E2289DB5771D485.jpg"},"logo":{"normalUrl":"https:\/\/cdn.nlziet.nl\/static\/assets\/contentproviders\/npo.png","darkUrl":"https:\/\/cdn.nlziet.nl\/static\/assets\/contentproviders\/dark\/npo.png","flatUrl":"https:\/\/cdn.nlziet.nl\/static\/assets\/contentproviders\/flat\/npo.png"},"tags":[],"seriesId":"7QrOqPrilEGeM3pgWB1w1A"},{"id":"jbhfEHeNREa9zBraMMK_pg","type":"Vod","title":"Zappsport","subtitle":"Compilatie","description":"TROS, NPO Zapp - Sportmagazine voor de jeugd. In The Battle strijden de jongens tegen de meisjes in een bepaalde sport. Kinderen met een sportprobleem worden in de Hellup geholpen door een beroemde topsporter. De reportage doet verslag van jonge talenten die met een belangrijk toernooi nummer \u00e9\u00e9n hopen te worden. De vetste trucks worden uitgelegd in The Move waarin kids laten zien wat ze kunnen. Rondom grote sporttoernooien zijn er ook regelmatig specials te zien...","formattedEpisodeNumbering":null,"formattedDate":"Za 22 dec. 2012","formattedDateShort":"Dec. 2012","formattedTime":"08:55","formattedDuration":"10m","formattedAvailabilityWindow":null,"formattedAvailabilityWindowShort":null,"image":{"portraitUrl":null,"landscapeUrl":"https:\/\/images.nlziet.nl\/metadataimportimages\/source\/E484ABA11F801323F63C93D84DB36FB601F6064990E5BB49C0E76E1DCCD86213.jpg"},"logo":{"normalUrl":"https:\/\/cdn.nlziet.nl\/static\/assets\/contentproviders\/npo.png","darkUrl":"https:\/\/cdn.nlziet.nl\/static\/assets\/contentproviders\/dark\/npo.png","flatUrl":"https:\/\/cdn.nlziet.nl\/static\/assets\/contentproviders\/flat\/npo.png"},"tags":[],"seriesId":"7QrOqPrilEGeM3pgWB1w1A"}]