[{"id":"NmazzSd9Jkqyfp791Vr5fQ","type":"Vod","title":"Brainwash","subtitle":"Michael Puett over rituelen en technologie","description":"HUMAN - Tv-programma dat aansluit op het Brainwash Festival; een multidisciplinair denkfestival waarin verschillende culturele en wetenschappelijke disciplines bij elkaar komen. De meest verrassende en invloedrijke denkers uit binnen- en buitenland formuleren samen met het publiek nieuwe idee\u00ebn voor de grootste persoonlijke en maatschappelijke vraagstukken van deze tijd.","formattedEpisodeNumbering":null,"formattedDate":"Zo 19 feb. 2017","formattedDateShort":"Feb. 2017","formattedTime":"01:20","formattedDuration":"4m","formattedAvailabilityWindow":null,"formattedAvailabilityWindowShort":null,"image":{"portraitUrl":null,"landscapeUrl":"https:\/\/images.nlziet.nl\/metadataimportimages\/source\/B0C6BAC49029CDD6867398FF1FDD6E9335BF8A9C351BD6549360592122FE5B58.jpg"},"logo":{"normalUrl":"https:\/\/cdn.nlziet.nl\/static\/assets\/contentproviders\/npo.png","darkUrl":"https:\/\/cdn.nlziet.nl\/static\/assets\/contentproviders\/dark\/npo.png","flatUrl":"https:\/\/cdn.nlziet.nl\/static\/assets\/contentproviders\/flat\/npo.png"},"tags":[],"seriesId":"6t7SFiAmnEOB-25LX_yXzg"},{"id":"LZzg8jJ5h0WlCwOJj_RSrQ","type":"Vod","title":"Brainwash","subtitle":"Saskia Sassen over fundamentalisme","description":"HUMAN - Tv-programma dat aansluit op het Brainwash Festival; een multidisciplinair denkfestival waarin verschillende culturele en wetenschappelijke disciplines bij elkaar komen.","formattedEpisodeNumbering":null,"formattedDate":"Za 18 feb. 2017","formattedDateShort":"Feb. 2017","formattedTime":"00:39","formattedDuration":"3m","formattedAvailabilityWindow":null,"formattedAvailabilityWindowShort":null,"image":{"portraitUrl":null,"landscapeUrl":"https:\/\/images.nlziet.nl\/metadataimportimages\/source\/820A4B9A79C25CC5B191CE7F2C693F90ECE782C5729651ADFBB11662658D2CDC.jpg"},"logo":{"normalUrl":"https:\/\/cdn.nlziet.nl\/static\/assets\/contentproviders\/npo.png","darkUrl":"https:\/\/cdn.nlziet.nl\/static\/assets\/contentproviders\/dark\/npo.png","flatUrl":"https:\/\/cdn.nlziet.nl\/static\/assets\/contentproviders\/flat\/npo.png"},"tags":[],"seriesId":"6t7SFiAmnEOB-25LX_yXzg"},{"id":"mkTSqfE4H0eJBdZX1hvZ2g","type":"Vod","title":"Brainwash","subtitle":"Nick Bostrom over economische ongelijkheid","description":"HUMAN - Tv-programma dat aansluit op het Brainwash Festival; een multidisciplinair denkfestival waarin verschillende culturele en wetenschappelijke disciplines bij elkaar komen.","formattedEpisodeNumbering":null,"formattedDate":"Vr 17 feb. 2017","formattedDateShort":"Feb. 2017","formattedTime":"01:15","formattedDuration":"6m","formattedAvailabilityWindow":null,"formattedAvailabilityWindowShort":null,"image":{"portraitUrl":null,"landscapeUrl":"https:\/\/images.nlziet.nl\/metadataimportimages\/source\/0A4AA6644E2C776EC5D0A31BB5487122E097567DC61F1BFD5E1A0805F79D3FB8.jpg"},"logo":{"normalUrl":"https:\/\/cdn.nlziet.nl\/static\/assets\/contentproviders\/npo.png","darkUrl":"https:\/\/cdn.nlziet.nl\/static\/assets\/contentproviders\/dark\/npo.png","flatUrl":"https:\/\/cdn.nlziet.nl\/static\/assets\/contentproviders\/flat\/npo.png"},"tags":[],"seriesId":"6t7SFiAmnEOB-25LX_yXzg"},{"id":"3C9MbzBFFUKi3xluPlY8Ag","type":"Vod","title":"Brainwash","subtitle":"Damiaan Denys over technologie","description":"HUMAN - Tv-programma dat aansluit op het Brainwash Festival; een multidisciplinair denkfestival waarin verschillende culturele en wetenschappelijke disciplines bij elkaar komen.","formattedEpisodeNumbering":null,"formattedDate":"Do 16 feb. 2017","formattedDateShort":"Feb. 2017","formattedTime":"00:57","formattedDuration":"4m","formattedAvailabilityWindow":null,"formattedAvailabilityWindowShort":null,"image":{"portraitUrl":null,"landscapeUrl":"https:\/\/images.nlziet.nl\/metadataimportimages\/source\/231B741309C8885C1BF8FDA92033C12B2B683DA977D7020EE5CDA796319E4505.jpg"},"logo":{"normalUrl":"https:\/\/cdn.nlziet.nl\/static\/assets\/contentproviders\/npo.png","darkUrl":"https:\/\/cdn.nlziet.nl\/static\/assets\/contentproviders\/dark\/npo.png","flatUrl":"https:\/\/cdn.nlziet.nl\/static\/assets\/contentproviders\/flat\/npo.png"},"tags":[],"seriesId":"6t7SFiAmnEOB-25LX_yXzg"},{"id":"vOrMgHM01US4PxGJNju8kg","type":"Vod","title":"Brainwash","subtitle":"Michael Puett over fundamentalisme","description":"HUMAN - Tv-programma dat aansluit op het Brainwash Festival; een multidisciplinair denkfestival waarin verschillende culturele en wetenschappelijke disciplines bij elkaar komen.","formattedEpisodeNumbering":null,"formattedDate":"Wo 15 feb. 2017","formattedDateShort":"Feb. 2017","formattedTime":"00:23","formattedDuration":"4m","formattedAvailabilityWindow":null,"formattedAvailabilityWindowShort":null,"image":{"portraitUrl":null,"landscapeUrl":"https:\/\/images.nlziet.nl\/metadataimportimages\/source\/B0C6BAC49029CDD6867398FF1FDD6E9335BF8A9C351BD6549360592122FE5B58.jpg"},"logo":{"normalUrl":"https:\/\/cdn.nlziet.nl\/static\/assets\/contentproviders\/npo.png","darkUrl":"https:\/\/cdn.nlziet.nl\/static\/assets\/contentproviders\/dark\/npo.png","flatUrl":"https:\/\/cdn.nlziet.nl\/static\/assets\/contentproviders\/flat\/npo.png"},"tags":[],"seriesId":"6t7SFiAmnEOB-25LX_yXzg"},{"id":"RJYuMliItEqu9Guo3kPoMw","type":"Vod","title":"Brainwash","subtitle":"Saskia Sassen over migratie","description":"HUMAN - Tv-programma dat aansluit op het Brainwash Festival; een multidisciplinair denkfestival waarin verschillende culturele en wetenschappelijke disciplines bij elkaar komen.","formattedEpisodeNumbering":null,"formattedDate":"Di 14 feb. 2017","formattedDateShort":"Feb. 2017","formattedTime":"01:03","formattedDuration":"4m","formattedAvailabilityWindow":null,"formattedAvailabilityWindowShort":null,"image":{"portraitUrl":null,"landscapeUrl":"https:\/\/images.nlziet.nl\/metadataimportimages\/source\/820A4B9A79C25CC5B191CE7F2C693F90ECE782C5729651ADFBB11662658D2CDC.jpg"},"logo":{"normalUrl":"https:\/\/cdn.nlziet.nl\/static\/assets\/contentproviders\/npo.png","darkUrl":"https:\/\/cdn.nlziet.nl\/static\/assets\/contentproviders\/dark\/npo.png","flatUrl":"https:\/\/cdn.nlziet.nl\/static\/assets\/contentproviders\/flat\/npo.png"},"tags":[],"seriesId":"6t7SFiAmnEOB-25LX_yXzg"},{"id":"PwTkIzYWQEeEGY6Gn2i0Xg","type":"Vod","title":"Brainwash","subtitle":"Richard Sennett over technologie","description":"HUMAN - Tv-programma dat aansluit op het Brainwash Festival; een multidisciplinair denkfestival waarin verschillende culturele en wetenschappelijke disciplines bij elkaar komen.","formattedEpisodeNumbering":null,"formattedDate":"Zo 12 feb. 2017","formattedDateShort":"Feb. 2017","formattedTime":"01:04","formattedDuration":"4m","formattedAvailabilityWindow":null,"formattedAvailabilityWindowShort":null,"image":{"portraitUrl":null,"landscapeUrl":"https:\/\/images.nlziet.nl\/metadataimportimages\/source\/92F18BF5E462C8E9C814AE36334A526E59554AFC0247E9A0C151E7C03E19278A.jpg"},"logo":{"normalUrl":"https:\/\/cdn.nlziet.nl\/static\/assets\/contentproviders\/npo.png","darkUrl":"https:\/\/cdn.nlziet.nl\/static\/assets\/contentproviders\/dark\/npo.png","flatUrl":"https:\/\/cdn.nlziet.nl\/static\/assets\/contentproviders\/flat\/npo.png"},"tags":[],"seriesId":"6t7SFiAmnEOB-25LX_yXzg"},{"id":"830tx2PmsU6O3Wiz4cjAFw","type":"Vod","title":"Brainwash","subtitle":"Michael Puett over racisme","description":"HUMAN - Tv-programma dat aansluit op het Brainwash Festival; een multidisciplinair denkfestival waarin verschillende culturele en wetenschappelijke disciplines bij elkaar komen.","formattedEpisodeNumbering":null,"formattedDate":"Za 11 feb. 2017","formattedDateShort":"Feb. 2017","formattedTime":"00:52","formattedDuration":"4m","formattedAvailabilityWindow":null,"formattedAvailabilityWindowShort":null,"image":{"portraitUrl":null,"landscapeUrl":"https:\/\/images.nlziet.nl\/metadataimportimages\/source\/B0C6BAC49029CDD6867398FF1FDD6E9335BF8A9C351BD6549360592122FE5B58.jpg"},"logo":{"normalUrl":"https:\/\/cdn.nlziet.nl\/static\/assets\/contentproviders\/npo.png","darkUrl":"https:\/\/cdn.nlziet.nl\/static\/assets\/contentproviders\/dark\/npo.png","flatUrl":"https:\/\/cdn.nlziet.nl\/static\/assets\/contentproviders\/flat\/npo.png"},"tags":[],"seriesId":"6t7SFiAmnEOB-25LX_yXzg"},{"id":"YdizlzwW-kKZ8DKQXStsGQ","type":"Vod","title":"Brainwash","subtitle":"Saskia Sassen over economische ongelijkheid","description":"HUMAN - Tv-programma dat aansluit op het Brainwash Festival; een multidisciplinair denkfestival waarin verschillende culturele en wetenschappelijke disciplines bij elkaar komen.","formattedEpisodeNumbering":null,"formattedDate":"Vr 10 feb. 2017","formattedDateShort":"Feb. 2017","formattedTime":"00:50","formattedDuration":"5m","formattedAvailabilityWindow":null,"formattedAvailabilityWindowShort":null,"image":{"portraitUrl":null,"landscapeUrl":"https:\/\/images.nlziet.nl\/metadataimportimages\/source\/820A4B9A79C25CC5B191CE7F2C693F90ECE782C5729651ADFBB11662658D2CDC.jpg"},"logo":{"normalUrl":"https:\/\/cdn.nlziet.nl\/static\/assets\/contentproviders\/npo.png","darkUrl":"https:\/\/cdn.nlziet.nl\/static\/assets\/contentproviders\/dark\/npo.png","flatUrl":"https:\/\/cdn.nlziet.nl\/static\/assets\/contentproviders\/flat\/npo.png"},"tags":[],"seriesId":"6t7SFiAmnEOB-25LX_yXzg"},{"id":"ni6AgxtEikSDliekTfEj5Q","type":"Vod","title":"Brainwash","subtitle":"Kwame Anthony Appiah over racisme","description":"HUMAN - Tv-programma dat aansluit op het Brainwash Festival; een multidisciplinair denkfestival waarin verschillende culturele en wetenschappelijke disciplines bij elkaar komen.","formattedEpisodeNumbering":null,"formattedDate":"Do 9 feb. 2017","formattedDateShort":"Feb. 2017","formattedTime":"00:45","formattedDuration":"5m","formattedAvailabilityWindow":null,"formattedAvailabilityWindowShort":null,"image":{"portraitUrl":null,"landscapeUrl":"https:\/\/images.nlziet.nl\/metadataimportimages\/source\/42464A334B2B05DC2A67D6DD20018C1CB4AF9BFF3379EFCEBB52CCFEF222BF44.jpg"},"logo":{"normalUrl":"https:\/\/cdn.nlziet.nl\/static\/assets\/contentproviders\/npo.png","darkUrl":"https:\/\/cdn.nlziet.nl\/static\/assets\/contentproviders\/dark\/npo.png","flatUrl":"https:\/\/cdn.nlziet.nl\/static\/assets\/contentproviders\/flat\/npo.png"},"tags":[],"seriesId":"6t7SFiAmnEOB-25LX_yXzg"},{"id":"VfZAqWADrEeVi2zZMb3ZoQ","type":"Vod","title":"Brainwash","subtitle":"Damiaan Denys over fundamentalisme","description":"HUMAN - Tv-programma dat aansluit op het Brainwash Festival; een multidisciplinair denkfestival waarin verschillende culturele en wetenschappelijke disciplines bij elkaar komen.","formattedEpisodeNumbering":null,"formattedDate":"Wo 8 feb. 2017","formattedDateShort":"Feb. 2017","formattedTime":"01:00","formattedDuration":"4m","formattedAvailabilityWindow":null,"formattedAvailabilityWindowShort":null,"image":{"portraitUrl":null,"landscapeUrl":"https:\/\/images.nlziet.nl\/metadataimportimages\/source\/231B741309C8885C1BF8FDA92033C12B2B683DA977D7020EE5CDA796319E4505.jpg"},"logo":{"normalUrl":"https:\/\/cdn.nlziet.nl\/static\/assets\/contentproviders\/npo.png","darkUrl":"https:\/\/cdn.nlziet.nl\/static\/assets\/contentproviders\/dark\/npo.png","flatUrl":"https:\/\/cdn.nlziet.nl\/static\/assets\/contentproviders\/flat\/npo.png"},"tags":[],"seriesId":"6t7SFiAmnEOB-25LX_yXzg"},{"id":"WEPA2Lo1JEaRGwQDSWbcRA","type":"Vod","title":"Brainwash","subtitle":"Susan Neiman over economische ongelijkheid","description":"HUMAN - Tv-programma dat aansluit op het Brainwash Festival; een multidisciplinair denkfestival waarin verschillende culturele en wetenschappelijke disciplines bij elkaar komen.","formattedEpisodeNumbering":null,"formattedDate":"Di 7 feb. 2017","formattedDateShort":"Feb. 2017","formattedTime":"01:03","formattedDuration":"4m","formattedAvailabilityWindow":null,"formattedAvailabilityWindowShort":null,"image":{"portraitUrl":null,"landscapeUrl":"https:\/\/images.nlziet.nl\/metadataimportimages\/source\/F2A112198E34DCD29A2EBFF5911652261670936BBF177AAD5B851B47F41C5FDD.jpg"},"logo":{"normalUrl":"https:\/\/cdn.nlziet.nl\/static\/assets\/contentproviders\/npo.png","darkUrl":"https:\/\/cdn.nlziet.nl\/static\/assets\/contentproviders\/dark\/npo.png","flatUrl":"https:\/\/cdn.nlziet.nl\/static\/assets\/contentproviders\/flat\/npo.png"},"tags":[],"seriesId":"6t7SFiAmnEOB-25LX_yXzg"},{"id":"9hyO5BmVs06JeOYwaV5Vlg","type":"Vod","title":"Brainwash","subtitle":"Michael Puett over migratie","description":"HUMAN - Tv-programma dat aansluit op het Brainwash Festival; een multidisciplinair denkfestival waarin verschillende culturele en wetenschappelijke disciplines bij elkaar komen.","formattedEpisodeNumbering":null,"formattedDate":"Zo 5 feb. 2017","formattedDateShort":"Feb. 2017","formattedTime":"00:53","formattedDuration":"3m","formattedAvailabilityWindow":null,"formattedAvailabilityWindowShort":null,"image":{"portraitUrl":null,"landscapeUrl":"https:\/\/images.nlziet.nl\/metadataimportimages\/source\/B0C6BAC49029CDD6867398FF1FDD6E9335BF8A9C351BD6549360592122FE5B58.jpg"},"logo":{"normalUrl":"https:\/\/cdn.nlziet.nl\/static\/assets\/contentproviders\/npo.png","darkUrl":"https:\/\/cdn.nlziet.nl\/static\/assets\/contentproviders\/dark\/npo.png","flatUrl":"https:\/\/cdn.nlziet.nl\/static\/assets\/contentproviders\/flat\/npo.png"},"tags":[],"seriesId":"6t7SFiAmnEOB-25LX_yXzg"},{"id":"uFY2THluek6mEW_j84xkOw","type":"Vod","title":"Brainwash","subtitle":"Nick Bostrom over technologie","description":"HUMAN - Tv-programma dat aansluit op het Brainwash Festival; een multidisciplinair denkfestival waarin verschillende culturele en wetenschappelijke disciplines bij elkaar komen.","formattedEpisodeNumbering":null,"formattedDate":"Za 4 feb. 2017","formattedDateShort":"Feb. 2017","formattedTime":"00:47","formattedDuration":"4m","formattedAvailabilityWindow":null,"formattedAvailabilityWindowShort":null,"image":{"portraitUrl":null,"landscapeUrl":"https:\/\/images.nlziet.nl\/metadataimportimages\/source\/0A4AA6644E2C776EC5D0A31BB5487122E097567DC61F1BFD5E1A0805F79D3FB8.jpg"},"logo":{"normalUrl":"https:\/\/cdn.nlziet.nl\/static\/assets\/contentproviders\/npo.png","darkUrl":"https:\/\/cdn.nlziet.nl\/static\/assets\/contentproviders\/dark\/npo.png","flatUrl":"https:\/\/cdn.nlziet.nl\/static\/assets\/contentproviders\/flat\/npo.png"},"tags":[],"seriesId":"6t7SFiAmnEOB-25LX_yXzg"},{"id":"E0-9Fn5nc0mMtm-ApqlgUg","type":"Vod","title":"Brainwash","subtitle":"Michael Puett over econmische ongelijkheid","description":"HUMAN - Tv-programma dat aansluit op het Brainwash Festival; een multidisciplinair denkfestival waarin verschillende culturele en wetenschappelijke disciplines bij elkaar komen.","formattedEpisodeNumbering":null,"formattedDate":"Vr 3 feb. 2017","formattedDateShort":"Feb. 2017","formattedTime":"00:23","formattedDuration":"4m","formattedAvailabilityWindow":null,"formattedAvailabilityWindowShort":null,"image":{"portraitUrl":null,"landscapeUrl":"https:\/\/images.nlziet.nl\/metadataimportimages\/source\/B0C6BAC49029CDD6867398FF1FDD6E9335BF8A9C351BD6549360592122FE5B58.jpg"},"logo":{"normalUrl":"https:\/\/cdn.nlziet.nl\/static\/assets\/contentproviders\/npo.png","darkUrl":"https:\/\/cdn.nlziet.nl\/static\/assets\/contentproviders\/dark\/npo.png","flatUrl":"https:\/\/cdn.nlziet.nl\/static\/assets\/contentproviders\/flat\/npo.png"},"tags":[],"seriesId":"6t7SFiAmnEOB-25LX_yXzg"},{"id":"t6lECXWAe0a5jiXQpyPR0Q","type":"Vod","title":"Brainwash","subtitle":"Saskia Sassen over technologie","description":"HUMAN - Tv-programma dat aansluit op het Brainwash Festival; een multidisciplinair denkfestival waarin verschillende culturele en wetenschappelijke disciplines bij elkaar komen.","formattedEpisodeNumbering":null,"formattedDate":"Do 2 feb. 2017","formattedDateShort":"Feb. 2017","formattedTime":"01:40","formattedDuration":"4m","formattedAvailabilityWindow":null,"formattedAvailabilityWindowShort":null,"image":{"portraitUrl":null,"landscapeUrl":"https:\/\/images.nlziet.nl\/metadataimportimages\/source\/820A4B9A79C25CC5B191CE7F2C693F90ECE782C5729651ADFBB11662658D2CDC.jpg"},"logo":{"normalUrl":"https:\/\/cdn.nlziet.nl\/static\/assets\/contentproviders\/npo.png","darkUrl":"https:\/\/cdn.nlziet.nl\/static\/assets\/contentproviders\/dark\/npo.png","flatUrl":"https:\/\/cdn.nlziet.nl\/static\/assets\/contentproviders\/flat\/npo.png"},"tags":[],"seriesId":"6t7SFiAmnEOB-25LX_yXzg"},{"id":"bVRUcZdJE0-sXpAQ5hvkfg","type":"Vod","title":"Brainwash","subtitle":"Chimamanda Ngozi Adichie over Racisme","description":"HUMAN - Tv-programma dat aansluit op het Brainwash Festival; een multidisciplinair denkfestival waarin verschillende culturele en wetenschappelijke disciplines bij elkaar komen.","formattedEpisodeNumbering":null,"formattedDate":"Wo 1 feb. 2017","formattedDateShort":"Feb. 2017","formattedTime":"00:27","formattedDuration":"4m","formattedAvailabilityWindow":null,"formattedAvailabilityWindowShort":null,"image":{"portraitUrl":null,"landscapeUrl":"https:\/\/images.nlziet.nl\/metadataimportimages\/source\/973DD8B07EA98A63A5ACBEA1DC88A41E2991D93CA8FE5FE9952E887AC7F6127D.jpg"},"logo":{"normalUrl":"https:\/\/cdn.nlziet.nl\/static\/assets\/contentproviders\/npo.png","darkUrl":"https:\/\/cdn.nlziet.nl\/static\/assets\/contentproviders\/dark\/npo.png","flatUrl":"https:\/\/cdn.nlziet.nl\/static\/assets\/contentproviders\/flat\/npo.png"},"tags":[],"seriesId":"6t7SFiAmnEOB-25LX_yXzg"},{"id":"_L0vSNO38EamUVznddSrYg","type":"Vod","title":"Brainwash","subtitle":"Markus Gabriel over Migratie","description":"HUMAN - Tv-programma dat aansluit op het Brainwash Festival; een multidisciplinair denkfestival waarin verschillende culturele en wetenschappelijke disciplines bij elkaar komen.","formattedEpisodeNumbering":null,"formattedDate":"Di 31 jan. 2017","formattedDateShort":"Jan. 2017","formattedTime":"01:05","formattedDuration":"4m","formattedAvailabilityWindow":null,"formattedAvailabilityWindowShort":null,"image":{"portraitUrl":null,"landscapeUrl":"https:\/\/images.nlziet.nl\/metadataimportimages\/source\/E3DC334DD81B73222A3C547A0F7ABB6D4CF108830EC00166651F3C3BA8A6F778.jpg"},"logo":{"normalUrl":"https:\/\/cdn.nlziet.nl\/static\/assets\/contentproviders\/npo.png","darkUrl":"https:\/\/cdn.nlziet.nl\/static\/assets\/contentproviders\/dark\/npo.png","flatUrl":"https:\/\/cdn.nlziet.nl\/static\/assets\/contentproviders\/flat\/npo.png"},"tags":[],"seriesId":"6t7SFiAmnEOB-25LX_yXzg"},{"id":"pF5FSzOV1UmyRm8evUysZA","type":"Vod","title":"Brainwash","subtitle":"Brainwash Het beste van 2016","description":"HUMAN - Na de opening in De Nationale Opera waaiert het festival uit over meer dan vijftien verschillende locaties in de binnenstad van Amsterdam.","formattedEpisodeNumbering":null,"formattedDate":"Za 15 okt. 2016","formattedDateShort":"Okt. 2016","formattedTime":"23:10","formattedDuration":"2u 55m","formattedAvailabilityWindow":null,"formattedAvailabilityWindowShort":null,"image":{"portraitUrl":null,"landscapeUrl":"https:\/\/images.nlziet.nl\/metadataimportimages\/source\/AE4FE69DCFA19DD64013999198A753C53A383DCF10F5109B259D7E9BF98E5944.jpg"},"logo":{"normalUrl":"https:\/\/cdn.nlziet.nl\/static\/assets\/contentproviders\/npo.png","darkUrl":"https:\/\/cdn.nlziet.nl\/static\/assets\/contentproviders\/dark\/npo.png","flatUrl":"https:\/\/cdn.nlziet.nl\/static\/assets\/contentproviders\/flat\/npo.png"},"tags":[],"seriesId":"6t7SFiAmnEOB-25LX_yXzg"},{"id":"V7arf-WGPkq-qOvKDMvDXw","type":"Vod","title":"Brainwash","subtitle":"Brainwash Festival opening 2016","description":"HUMAN - Cabaretier Jan Jaap van der Wal opent het Brainwash Festival in De Nationale Opera. Presentator Marcia Luyten zal vervolgens aan de hand van pittige stellingen in gesprek gaan met de Amerikaanse filosofe Susan Neiman, de Tsjechische econoom Tom\u00e1s Sedl\u00e1cek en de Duitse filosoof Markus Gabriel. Op zoek naar nieuwe perspectieven op onderwerpen als digitalisering, migratie en verantwoordelijkheid voor toekomstige generaties.","formattedEpisodeNumbering":null,"formattedDate":"Za 15 okt. 2016","formattedDateShort":"Okt. 2016","formattedTime":"16:00","formattedDuration":"55m","formattedAvailabilityWindow":null,"formattedAvailabilityWindowShort":null,"image":{"portraitUrl":null,"landscapeUrl":"https:\/\/images.nlziet.nl\/metadataimportimages\/source\/D4563849010035250E144D252189CFCC8EAAA27B30E3760DD2D044CC78E9C9CA.jpg"},"logo":{"normalUrl":"https:\/\/cdn.nlziet.nl\/static\/assets\/contentproviders\/npo.png","darkUrl":"https:\/\/cdn.nlziet.nl\/static\/assets\/contentproviders\/dark\/npo.png","flatUrl":"https:\/\/cdn.nlziet.nl\/static\/assets\/contentproviders\/flat\/npo.png"},"tags":[],"seriesId":"6t7SFiAmnEOB-25LX_yXzg"}]