[{"id":"aNqmD5ZCH0i1E8afwi-EYw","type":"Vod","title":"Langs de Kust","subtitle":"Groningen - Eind","description":"MAX - In de haven van Lauwersoog ontmoet Huub Stapel Barbara Geertsema-Rodenburg, die deel uitmaakt van de Goede Vissers, mensen die voor lokaal en duurzaam staan. Nabij hun proeflokaal gaat Huub oesters plukken en proeven. Langs de Groningse kust stond landbouw lang centraal. Dit leidde tot een klassenmaatschappij. De boeren waren de baas, de landarbeiders moesten het met minder rooien. Toonbeeld van dit alles is het openluchtmuseum Het Hoogeland. Verder drinken de heren een biertje in de kleinste zeehaven van Nederland, in Noordpolderzijl. En de reis wordt afgesloten in de enige buitendijkse vogelkijkkast (Kiekkaaste) van Nederland.","formattedEpisodeNumbering":null,"formattedDate":"Za 24 sep.","formattedDateShort":"Za 24 sep.","formattedTime":"20:45","formattedDuration":"35m","formattedAvailabilityWindow":null,"formattedAvailabilityWindowShort":null,"image":{"portraitUrl":null,"landscapeUrl":"https:\/\/images.nlziet.nl\/metadataimportimages\/source\/033C32C8DAC5E23F7634C902D5A153A470C3AB3E197D8B56E261AB8001A2E3D4.jpg"},"logo":{"normalUrl":"https:\/\/cdn.nlziet.nl\/static\/assets\/contentproviders\/npo.png","darkUrl":"https:\/\/cdn.nlziet.nl\/static\/assets\/contentproviders\/dark\/npo.png","flatUrl":"https:\/\/cdn.nlziet.nl\/static\/assets\/contentproviders\/flat\/npo.png"},"tags":[],"seriesId":"4LGQuC-NWEmBfWO6cenTZQ"},{"id":"LATxxB-d6Eagnl67oRQPbg","type":"Vod","title":"Langs de Kust","subtitle":"Friesland - Dijk","description":"MAX - Een tocht langs de kust van Friesland begint natuurlijk langs de Afsluitdijk. Al is het voor Huub Stapel en Martin Hendriksma nog niet gemakkelijk aan de overkant te komen. Gelukkig treffen ze enkele palingvissers die hun fuiken inspecteren. Zij zijn bereid de mannen een lift te geven. De zoetwatervissers vertellen Huub over de invloed van de dijk en het definitief afsluiten van de Zuiderzee op hun werkzaamheden en het bijzondere bestaan van de paling. Aan de Friese zijde gaat Huub op bezoek bij Johan Pollema, die een hengelsportwinkel runt. Hij verzamelt alles van de Afsluitdijk. Verder gaan Huub en Martin wadlopen met de legendarische gids 'Wadloop Annie'.","formattedEpisodeNumbering":null,"formattedDate":"Za 17 sep.","formattedDateShort":"Za 17 sep.","formattedTime":"20:45","formattedDuration":"35m","formattedAvailabilityWindow":null,"formattedAvailabilityWindowShort":null,"image":{"portraitUrl":null,"landscapeUrl":"https:\/\/images.nlziet.nl\/metadataimportimages\/source\/63E01906CF468B6018B0FF1BCD43C6DBF219901D0EF48CE65F336A8B0D55790A.jpg"},"logo":{"normalUrl":"https:\/\/cdn.nlziet.nl\/static\/assets\/contentproviders\/npo.png","darkUrl":"https:\/\/cdn.nlziet.nl\/static\/assets\/contentproviders\/dark\/npo.png","flatUrl":"https:\/\/cdn.nlziet.nl\/static\/assets\/contentproviders\/flat\/npo.png"},"tags":[],"seriesId":"4LGQuC-NWEmBfWO6cenTZQ"},{"id":"hXWcvGL-9UC-Hr5RIeBlYg","type":"Vod","title":"Langs de Kust","subtitle":"Noord-Holland - Vrij","description":"MAX - Met de opkomst en verbreding van het kusttoerisme vanaf eind 19e eeuw wilde men elke bevolkingslaag zijn eigen badplaats geven: van mondain tot voor het volk. Zo was Zandvoort er voor de elite. Dit duurde niet lang. Met de komst van de trein kwamen ook de paupers uit Amsterdam. Zandvoort werd een kakofonie van halfslachtige stijlen en bedoelingen. Huub Stapel wandelt langs de dijk en ontdekt deze metamorfose. En aandacht voor de vakantie- of gezondheidskolonies, waardoor arme kinderen in de jaren 50 op krachten konden komen. De tehuizen zijn doordenkt van trauma's. Voor het Koloniehuis St. Joseph ontmoet Huub een zogenaamd bleekneusje.","formattedEpisodeNumbering":null,"formattedDate":"Za 10 sep.","formattedDateShort":"Za 10 sep.","formattedTime":"20:45","formattedDuration":"35m","formattedAvailabilityWindow":null,"formattedAvailabilityWindowShort":null,"image":{"portraitUrl":null,"landscapeUrl":"https:\/\/images.nlziet.nl\/metadataimportimages\/source\/B4E37565573CD6A7601FD9B00B3FCF4323001CE9CAE77343200BE8168CCBAF34.jpg"},"logo":{"normalUrl":"https:\/\/cdn.nlziet.nl\/static\/assets\/contentproviders\/npo.png","darkUrl":"https:\/\/cdn.nlziet.nl\/static\/assets\/contentproviders\/dark\/npo.png","flatUrl":"https:\/\/cdn.nlziet.nl\/static\/assets\/contentproviders\/flat\/npo.png"},"tags":[],"seriesId":"4LGQuC-NWEmBfWO6cenTZQ"},{"id":"zJUOlvXyf0utip0XIMPBUA","type":"Vod","title":"Langs de Kust","subtitle":"Zuid-Holland - Rijk","description":"MAX - Huub Stapel gaat met kenner Walter Langendoen op de Tweede Maasvlakte op zoek naar sporen uit het verleden. Tijdens de IJstijd lag deze zee droog en liepen de mammoeten en sabeltandtijgers zo naar Engeland. Ooit liep een lang betonnen lint langs de kust van Spanje tot Noorwegen: de Atlantik Wall. Zo wilden de Duitsers tijdens de Tweede Wereldoorlog hun stranden beschermen. Fotograaf en kunstenaar Peter de Krom bouwde onlangs een bunker om tot minihotel. Door de eeuwen heen ontstonden langs de kust tal van buitenplaatsen. Huub brengt een bezoek aan Landgoed Voorlinden, waar hij van ondernemer en kunstmecenas Joop van Caldenborgh een rondleiding in zijn museum krijgt.","formattedEpisodeNumbering":null,"formattedDate":"Za 3 sep.","formattedDateShort":"Za 3 sep.","formattedTime":"20:45","formattedDuration":"35m","formattedAvailabilityWindow":null,"formattedAvailabilityWindowShort":null,"image":{"portraitUrl":null,"landscapeUrl":"https:\/\/images.nlziet.nl\/metadataimportimages\/source\/E0C2EBE3E2B3BDD788A1263359A96333201D5B378E3A0F917824535ACEA51DE4.jpg"},"logo":{"normalUrl":"https:\/\/cdn.nlziet.nl\/static\/assets\/contentproviders\/npo.png","darkUrl":"https:\/\/cdn.nlziet.nl\/static\/assets\/contentproviders\/dark\/npo.png","flatUrl":"https:\/\/cdn.nlziet.nl\/static\/assets\/contentproviders\/flat\/npo.png"},"tags":[],"seriesId":"4LGQuC-NWEmBfWO6cenTZQ"},{"id":"PrAi_WGfZ06bzQx3m22gtA","type":"Vod","title":"Langs de Kust","subtitle":"Zeeland - Strijd","description":"MAX - Huub en Martin starten aan de Zeeuwse kust, in het Verdronken Land van Saeftinge. Ze struinen door dit wonderbaarlijke gebied: een wirwar aan slikken, schorren en kreken, het grootste brakwatergebied van Europa. Net naast de laatste duindoorbreking staat de laatste grenspaal. Hier kan hun tocht echt beginnen. Ze nemen de Westerschelde Ferry en steken de Schelde over. Bij het standbeeld van zijn illustere voorvader ontmoet Huub de achter-achter-...-achter-kleinzoon (x10) van Michiel de Ruyter. Hij heeft ook een indrukwekkende ontmoeting met de negentigjarige Kees Pouwelse, die als kind getuige was van de geallieerde bombardementen op zijn kustdorp.","formattedEpisodeNumbering":null,"formattedDate":"Za 27 aug.","formattedDateShort":"Za 27 aug.","formattedTime":"20:40","formattedDuration":"35m","formattedAvailabilityWindow":null,"formattedAvailabilityWindowShort":null,"image":{"portraitUrl":null,"landscapeUrl":"https:\/\/images.nlziet.nl\/metadataimportimages\/source\/59A5DAADC3C02B563EFD3BC583193A0692720763BFBCB22988A93C35A1D0B6DD.jpg"},"logo":{"normalUrl":"https:\/\/cdn.nlziet.nl\/static\/assets\/contentproviders\/npo.png","darkUrl":"https:\/\/cdn.nlziet.nl\/static\/assets\/contentproviders\/dark\/npo.png","flatUrl":"https:\/\/cdn.nlziet.nl\/static\/assets\/contentproviders\/flat\/npo.png"},"tags":[],"seriesId":"4LGQuC-NWEmBfWO6cenTZQ"}]