[{"id":"6LrmFVbOAk65axQfzN6gTw","type":"Vod","title":"MINDF*CK","subtitle":"Caribbean","description":"AVROTROS - Victor Mids maakt zich klaar voor carnaval en onthult aan 'GTST'-actrice Stephanie van Eer een geheim plan waar hij maanden aan heeft gewerkt.","formattedEpisodeNumbering":"S5:A6","formattedDate":"Za 18 jun.","formattedDateShort":"Za 18 jun.","formattedTime":"16:10","formattedDuration":"41m","formattedAvailabilityWindow":null,"formattedAvailabilityWindowShort":null,"image":{"portraitUrl":null,"landscapeUrl":"https:\/\/images.nlziet.nl\/metadataimportimages\/source\/1AB94461B8C3841B23E65B8E63189898DC50EF1A461E280B381B58B5BC3EC1E1.jpg"},"logo":{"normalUrl":"https:\/\/cdn.nlziet.nl\/static\/assets\/contentproviders\/npo.png","darkUrl":"https:\/\/cdn.nlziet.nl\/static\/assets\/contentproviders\/dark\/npo.png","flatUrl":"https:\/\/cdn.nlziet.nl\/static\/assets\/contentproviders\/flat\/npo.png"},"tags":[],"seriesId":"5YVRWE5oukq6DpIhNyw3_g"},{"id":"y-QWwjCFj0uzUf9yr65vkw","type":"Vod","title":"MINDF*CK","subtitle":"Caribbean","description":"AVROTROS - Victor Mids gaat de straat op voor een Surinaamse taaltest en heeft op Cura\u00e7ao een emotionele verrassing voor Lee Towers.","formattedEpisodeNumbering":"S5:A5","formattedDate":"Vr 17 jun.","formattedDateShort":"Vr 17 jun.","formattedTime":"17:10","formattedDuration":"40m","formattedAvailabilityWindow":null,"formattedAvailabilityWindowShort":null,"image":{"portraitUrl":null,"landscapeUrl":"https:\/\/images.nlziet.nl\/metadataimportimages\/source\/C891D2172F01F925D1BCCD70F330E2D136A37C885306D78481DECEBF58326673.jpg"},"logo":{"normalUrl":"https:\/\/cdn.nlziet.nl\/static\/assets\/contentproviders\/npo.png","darkUrl":"https:\/\/cdn.nlziet.nl\/static\/assets\/contentproviders\/dark\/npo.png","flatUrl":"https:\/\/cdn.nlziet.nl\/static\/assets\/contentproviders\/flat\/npo.png"},"tags":[],"seriesId":"5YVRWE5oukq6DpIhNyw3_g"},{"id":"thRVRm8NU0CfPbvZArdNEw","type":"Vod","title":"MINDF*CK","subtitle":"Caribbean","description":"AVROTROS - Victor Mids is te gast op een Surinaamse plantage en speelt een levensgevaarlijk spel met Fajah Lourens.","formattedEpisodeNumbering":"S5:A4","formattedDate":"Do 16 jun.","formattedDateShort":"Do 16 jun.","formattedTime":"17:05","formattedDuration":"43m","formattedAvailabilityWindow":null,"formattedAvailabilityWindowShort":null,"image":{"portraitUrl":null,"landscapeUrl":"https:\/\/images.nlziet.nl\/metadataimportimages\/source\/0040DE8DC21ACA41C59DE3A8803A8026D034A0DA313F6B9BCF2F2641AF70B440.jpg"},"logo":{"normalUrl":"https:\/\/cdn.nlziet.nl\/static\/assets\/contentproviders\/npo.png","darkUrl":"https:\/\/cdn.nlziet.nl\/static\/assets\/contentproviders\/dark\/npo.png","flatUrl":"https:\/\/cdn.nlziet.nl\/static\/assets\/contentproviders\/flat\/npo.png"},"tags":[],"seriesId":"5YVRWE5oukq6DpIhNyw3_g"},{"id":"VcbpDkzcJkao6_GSpp3ysg","type":"Vod","title":"MINDF*CK","subtitle":"Caribbean","description":"AVROTROS - Victor Mids viert Koningsdag op Cura\u00e7ao en duikt de Antilliaanse keuken in met souldiva Shirma Rouse.","formattedEpisodeNumbering":"S5:A3","formattedDate":"Wo 15 jun.","formattedDateShort":"Wo 15 jun.","formattedTime":"17:05","formattedDuration":"41m","formattedAvailabilityWindow":null,"formattedAvailabilityWindowShort":null,"image":{"portraitUrl":null,"landscapeUrl":"https:\/\/images.nlziet.nl\/metadataimportimages\/source\/01A27A8FDA53DA9DC7A9975321EAA0EA5C44A26A9BCC1E141B572E1C6DA16D0E.jpg"},"logo":{"normalUrl":"https:\/\/cdn.nlziet.nl\/static\/assets\/contentproviders\/npo.png","darkUrl":"https:\/\/cdn.nlziet.nl\/static\/assets\/contentproviders\/dark\/npo.png","flatUrl":"https:\/\/cdn.nlziet.nl\/static\/assets\/contentproviders\/flat\/npo.png"},"tags":[],"seriesId":"5YVRWE5oukq6DpIhNyw3_g"},{"id":"ADK9xshPgEapQzri-VmPdQ","type":"Vod","title":"MINDF*CK","subtitle":"Caribbean","description":"AVROTROS - Victor Mids demonstreert zijn illusies op de zeebodem, wist het geheugen van iemand en gaat op Aruba proberen een gedachte van iemand te tekenen. Ook zit er weer een interactief experiment in de show waar je zelf aan mee kunt doen. Te gast is Humberto Tan, die de opdracht krijgt om vier foto's te maken tijdens een magische fietsroute door Paramaribo. Daarnaast krijgt de presentator een heel speciaal bericht, waarbij hij het uitschreeuwt van verbazing.","formattedEpisodeNumbering":"S5:A2","formattedDate":"Di 14 jun.","formattedDateShort":"Di 14 jun.","formattedTime":"17:05","formattedDuration":"43m","formattedAvailabilityWindow":null,"formattedAvailabilityWindowShort":null,"image":{"portraitUrl":null,"landscapeUrl":"https:\/\/images.nlziet.nl\/metadataimportimages\/source\/D1794A5203C5227A4107E70A6C2304650ED4F2C105BA7F34BFCE8D557C209F1F.jpg"},"logo":{"normalUrl":"https:\/\/cdn.nlziet.nl\/static\/assets\/contentproviders\/npo.png","darkUrl":"https:\/\/cdn.nlziet.nl\/static\/assets\/contentproviders\/dark\/npo.png","flatUrl":"https:\/\/cdn.nlziet.nl\/static\/assets\/contentproviders\/flat\/npo.png"},"tags":[],"seriesId":"5YVRWE5oukq6DpIhNyw3_g"},{"id":"4HG8iLOJxkGq1MpySRjOxA","type":"Vod","title":"MINDF*CK","subtitle":"Caribbean","description":"AVROTROS - Victor Mids gaat langs bij een Surinaams schoolplein en is op Cura\u00e7ao te gast bij Golden-Earringlegende Barry Hay.","formattedEpisodeNumbering":"S5:A1","formattedDate":"Ma 13 jun.","formattedDateShort":"Ma 13 jun.","formattedTime":"17:09","formattedDuration":"42m","formattedAvailabilityWindow":null,"formattedAvailabilityWindowShort":null,"image":{"portraitUrl":null,"landscapeUrl":"https:\/\/images.nlziet.nl\/metadataimportimages\/source\/336735E116250D7910F1C7978D6F43A3BB3D473A127EBD64349B486CD6AD8C71.jpg"},"logo":{"normalUrl":"https:\/\/cdn.nlziet.nl\/static\/assets\/contentproviders\/npo.png","darkUrl":"https:\/\/cdn.nlziet.nl\/static\/assets\/contentproviders\/dark\/npo.png","flatUrl":"https:\/\/cdn.nlziet.nl\/static\/assets\/contentproviders\/flat\/npo.png"},"tags":[],"seriesId":"5YVRWE5oukq6DpIhNyw3_g"}]