[{"id":"jW2_Gz6cbEWfpiLw_nZcog","type":"Vod","title":"The Legacy","subtitle":"The Legacy","description":"NTR - Als Signes plannen om landbouw te bedrijven op Gr\u00f8nnegaarden werkelijkheid lijken te worden, beseft Andreas dat een gezinsleven met kleine kinderen geen prioriteit heeft bij Signe. Frederik heeft er moeite mee dat Solveig is vreemdgegaan. Hij probeert het een plek te geven en stelt zich open voor Solveig. Gro is bij het kunstmuseum begonnen en verkoopt daarnaast de beelden van Veronika. De kopers laten op zich wachten, maar na een telefoontje van Emil uit Thailand laat Gro haar ambities voor de verkoop van Veronika's beelden varen.","formattedEpisodeNumbering":null,"formattedDate":"Ma 16 feb. 2015","formattedDateShort":"Feb. 2015","formattedTime":"23:01","formattedDuration":"58m","formattedAvailabilityWindow":null,"formattedAvailabilityWindowShort":null,"image":{"portraitUrl":null,"landscapeUrl":"https:\/\/images.nlziet.nl\/metadataimportimages\/source\/F2977AD0357483BF2D2794D7768EA45F2B013671402467D01C63D5308B1618EF.jpg"},"logo":{"normalUrl":"https:\/\/cdn.nlziet.nl\/static\/assets\/contentproviders\/npo.png","darkUrl":"https:\/\/cdn.nlziet.nl\/static\/assets\/contentproviders\/dark\/npo.png","flatUrl":"https:\/\/cdn.nlziet.nl\/static\/assets\/contentproviders\/flat\/npo.png"},"tags":[],"seriesId":"7AXJxg0jCkiyt2dT_4Kgww"},{"id":"Hquqlt3vlECQlj471fWUDA","type":"Vod","title":"The Legacy","subtitle":"The Legacy","description":"NTR - Signe en Andreas zijn druk bezig met de verbouwing van Gr\u00f8nnegaarden, maar zijn niet even blij over het resultaat. Door een gebeurtenis in het verleden ziet Gro een mogelijkheid weer haar oude positie terug te krijgen in de museumbranche. Emil staat onder druk door zijn schuld in Thailand en neemt een drastisch besluit.","formattedEpisodeNumbering":null,"formattedDate":"Ma 9 feb. 2015","formattedDateShort":"Feb. 2015","formattedTime":"23:00","formattedDuration":"55m","formattedAvailabilityWindow":null,"formattedAvailabilityWindowShort":null,"image":{"portraitUrl":null,"landscapeUrl":"https:\/\/images.nlziet.nl\/metadataimportimages\/source\/D5AD5537176D179CA7D47C88B2AB8C4A7E532A215B95F3EC551428EA764CA4C8.jpg"},"logo":{"normalUrl":"https:\/\/cdn.nlziet.nl\/static\/assets\/contentproviders\/npo.png","darkUrl":"https:\/\/cdn.nlziet.nl\/static\/assets\/contentproviders\/dark\/npo.png","flatUrl":"https:\/\/cdn.nlziet.nl\/static\/assets\/contentproviders\/flat\/npo.png"},"tags":[],"seriesId":"7AXJxg0jCkiyt2dT_4Kgww"},{"id":"wCFKlvq-lk-XYjV6GQTuag","type":"Vod","title":"The Legacy","subtitle":"The Legacy","description":"NTR - Signe heeft Gr\u00f8nnegaarden toegewezen gekregen, en haar broers en zus zijn bezig met inpakken. Bij het opruimen komen de herinneringen boven bij Frederik, die iets onthult waarover hij jaren heeft gezwegen. Maar Frederik is niet de enige met geheimen, ook Solveig wordt gedwongen haar kaarten op tafel te leggen.","formattedEpisodeNumbering":null,"formattedDate":"Ma 2 feb. 2015","formattedDateShort":"Feb. 2015","formattedTime":"22:56","formattedDuration":"57m","formattedAvailabilityWindow":null,"formattedAvailabilityWindowShort":null,"image":{"portraitUrl":null,"landscapeUrl":"https:\/\/images.nlziet.nl\/metadataimportimages\/source\/0F7BBB6E77489F58EEE25DCCF3415FEB984B05F7DE00E1F4054ACA60BA0784A8.jpg"},"logo":{"normalUrl":"https:\/\/cdn.nlziet.nl\/static\/assets\/contentproviders\/npo.png","darkUrl":"https:\/\/cdn.nlziet.nl\/static\/assets\/contentproviders\/dark\/npo.png","flatUrl":"https:\/\/cdn.nlziet.nl\/static\/assets\/contentproviders\/flat\/npo.png"},"tags":[],"seriesId":"7AXJxg0jCkiyt2dT_4Kgww"},{"id":"Z3J9Od-nzEuopk3L6uTo0Q","type":"Vod","title":"The Legacy","subtitle":"The Legacy","description":"NTR - Het is de eerste dag van de rechtszaak over Gr\u00f8nnegaarden. Signe denkt een goede verdediging te hebben, maar Frederik pakt het onverwacht anders aan en al gauw gaat alle aandacht uit naar John en al diens geheimen.","formattedEpisodeNumbering":null,"formattedDate":"Ma 26 jan. 2015","formattedDateShort":"Jan. 2015","formattedTime":"22:59","formattedDuration":"55m","formattedAvailabilityWindow":null,"formattedAvailabilityWindowShort":null,"image":{"portraitUrl":null,"landscapeUrl":"https:\/\/images.nlziet.nl\/metadataimportimages\/source\/CE73EEB5671EE2204BA1C99ED4AFA6601B4478C62045A41ED82340C34D4127CB.jpg"},"logo":{"normalUrl":"https:\/\/cdn.nlziet.nl\/static\/assets\/contentproviders\/npo.png","darkUrl":"https:\/\/cdn.nlziet.nl\/static\/assets\/contentproviders\/dark\/npo.png","flatUrl":"https:\/\/cdn.nlziet.nl\/static\/assets\/contentproviders\/flat\/npo.png"},"tags":[],"seriesId":"7AXJxg0jCkiyt2dT_4Kgww"},{"id":"wby93EZSvUGu_3_-ASZ1LA","type":"Vod","title":"The Legacy","subtitle":"The Legacy","description":"NTR - Frederik eist Gr\u00f8nnegaarden op en dagvaardt daarom Signe, die moet bewijzen dat ze Veronika niet heeft gedwongen om het huis aan haar af te staan. Solveig is flink in de war door haar avondje met Emil, en Frederik heeft het gevoel dat er thuis iets goed mis is. Gro is aangedaan door de gebeurtenissen rond het museum, en Thomas en Robert doen hun best om haar weer tot zichzelf te laten komen.","formattedEpisodeNumbering":null,"formattedDate":"Ma 19 jan. 2015","formattedDateShort":"Jan. 2015","formattedTime":"22:57","formattedDuration":"52m","formattedAvailabilityWindow":null,"formattedAvailabilityWindowShort":null,"image":{"portraitUrl":null,"landscapeUrl":"https:\/\/images.nlziet.nl\/metadataimportimages\/source\/5F3E76E0A821CF08EC9EB49BD51064884756EB0C859B92981B0EC2BEDDA46A5A.jpg"},"logo":{"normalUrl":"https:\/\/cdn.nlziet.nl\/static\/assets\/contentproviders\/npo.png","darkUrl":"https:\/\/cdn.nlziet.nl\/static\/assets\/contentproviders\/dark\/npo.png","flatUrl":"https:\/\/cdn.nlziet.nl\/static\/assets\/contentproviders\/flat\/npo.png"},"tags":[],"seriesId":"7AXJxg0jCkiyt2dT_4Kgww"},{"id":"QDEvrGm79keaQ7jO4xjMXQ","type":"Vod","title":"The Legacy","subtitle":"The Legacy","description":"NTR - Gro en Signe bereiden de oprichtingsvergadering van het museumfonds voor, en nodigen ook Thomas daarvoor uit. Frederik verdenkt echter Gro ervan de museumdocumenten te hebben vervalst, en samen met Emil confronteert hij haar daarmee. Solveig mist Frederik, die alleen maar met de erfenis bezig is. Zij plant daarom een romantisch avondje voor hen alleen.","formattedEpisodeNumbering":null,"formattedDate":"Ma 12 jan. 2015","formattedDateShort":"Jan. 2015","formattedTime":"23:02","formattedDuration":"54m","formattedAvailabilityWindow":null,"formattedAvailabilityWindowShort":null,"image":{"portraitUrl":null,"landscapeUrl":"https:\/\/images.nlziet.nl\/metadataimportimages\/source\/721B45EB8200D9A000834C0B2BC32D5EBA636A75F3A79800546F4D78EB42C143.jpg"},"logo":{"normalUrl":"https:\/\/cdn.nlziet.nl\/static\/assets\/contentproviders\/npo.png","darkUrl":"https:\/\/cdn.nlziet.nl\/static\/assets\/contentproviders\/dark\/npo.png","flatUrl":"https:\/\/cdn.nlziet.nl\/static\/assets\/contentproviders\/flat\/npo.png"},"tags":[],"seriesId":"7AXJxg0jCkiyt2dT_4Kgww"},{"id":"pUSNDurXokCcZIpRQmKWHQ","type":"Vod","title":"The Legacy","subtitle":"The Legacy","description":"NTR - Signe staat op het punt Gr\u00f8nnegaarden aan het museumfonds van Gro te schenken als ze erachter komt dat Frederik en Emil daar bezwaar tegen hebben. Signe nodigt haar broers en zus uit voor een lunch, en komt met een oplossing waarvan ze hoopt dat iedereen zich erin kan vinden. Voor Thomas wordt de situatie onhoudbaar als hij zich realiseert dat zijn woonwagen door de nieuwbouw weg moet. Hij voelt zich gepasseerd en werpt letterlijk een barricade op.","formattedEpisodeNumbering":null,"formattedDate":"Ma 5 jan. 2015","formattedDateShort":"Jan. 2015","formattedTime":"22:56","formattedDuration":"56m","formattedAvailabilityWindow":null,"formattedAvailabilityWindowShort":null,"image":{"portraitUrl":null,"landscapeUrl":"https:\/\/images.nlziet.nl\/metadataimportimages\/source\/5A419AECC557F7560B2BA391FDCBAFA3E1CA6848DEB828FEF68C7F89E58B55BB.jpg"},"logo":{"normalUrl":"https:\/\/cdn.nlziet.nl\/static\/assets\/contentproviders\/npo.png","darkUrl":"https:\/\/cdn.nlziet.nl\/static\/assets\/contentproviders\/dark\/npo.png","flatUrl":"https:\/\/cdn.nlziet.nl\/static\/assets\/contentproviders\/flat\/npo.png"},"tags":[],"seriesId":"7AXJxg0jCkiyt2dT_4Kgww"},{"id":"XM2DksKHU02XccJLpiqU4Q","type":"Vod","title":"The Legacy","subtitle":"The Legacy","description":"NTR - Signe krijgt van haar ouders geen antwoord op de vragen die ze heeft over haar jeugd, en zoekt daarom toenadering tot Gro, die volop bezig is haar ambitieuze museumplannen te realiseren. Gro is niet echt ge\u00efnteresseerd in Signe, maar als ze ontdekt dat Frederik mogelijk haar plannen met het museum dwarsboomt, gaat Gro toch in op het verzoek van Signe en nodigt haar uit voor een etentje op Gr\u00f8nnegaarden.","formattedEpisodeNumbering":null,"formattedDate":"Ma 29 dec. 2014","formattedDateShort":"Dec. 2014","formattedTime":"22:50","formattedDuration":"56m","formattedAvailabilityWindow":null,"formattedAvailabilityWindowShort":null,"image":{"portraitUrl":null,"landscapeUrl":"https:\/\/images.nlziet.nl\/metadataimportimages\/source\/9EE442A7171842A1B7DC075C55CDF78C816755E9EE52C9E2A09EE732F213BA67.jpg"},"logo":{"normalUrl":"https:\/\/cdn.nlziet.nl\/static\/assets\/contentproviders\/npo.png","darkUrl":"https:\/\/cdn.nlziet.nl\/static\/assets\/contentproviders\/dark\/npo.png","flatUrl":"https:\/\/cdn.nlziet.nl\/static\/assets\/contentproviders\/flat\/npo.png"},"tags":[],"seriesId":"7AXJxg0jCkiyt2dT_4Kgww"},{"id":"n1vYydDG8UaqqD0bHIRG9w","type":"Vod","title":"The Legacy","subtitle":"The Legacy","description":"NTR - Signe besluit zelf de vele bloemstukken voor de uitvaart van Veronika bij Gr\u00f8nnegaarden te bezorgen. De gebeurtenissen op Gr\u00f8nnegaarden leggen meer geheimen bloot, en Signe komt tot de ontdekking dat haar ouders iets achterhouden. Bij de begrafenis maakt Gro van de gelegenheid gebruik om te vertellen over de plannen die zij en Veronika hadden met Gr\u00f8nnegaarden. Voor haar broers, die andere plannen met hun erfdeel en het huis hebben, komen Gro's plannen volledig uit de lucht vallen.","formattedEpisodeNumbering":null,"formattedDate":"Ma 22 dec. 2014","formattedDateShort":"Dec. 2014","formattedTime":"22:53","formattedDuration":"54m","formattedAvailabilityWindow":null,"formattedAvailabilityWindowShort":null,"image":{"portraitUrl":null,"landscapeUrl":"https:\/\/images.nlziet.nl\/metadataimportimages\/source\/426BA46F9D08717DE1AA5F7234633AD9D9DF418D54680B7CFC63796ADBAFB90F.jpg"},"logo":{"normalUrl":"https:\/\/cdn.nlziet.nl\/static\/assets\/contentproviders\/npo.png","darkUrl":"https:\/\/cdn.nlziet.nl\/static\/assets\/contentproviders\/dark\/npo.png","flatUrl":"https:\/\/cdn.nlziet.nl\/static\/assets\/contentproviders\/flat\/npo.png"},"tags":[],"seriesId":"7AXJxg0jCkiyt2dT_4Kgww"},{"id":"254cdo8SLEuKRxg8Z1n8Iw","type":"Vod","title":"The Legacy","subtitle":"The Legacy","description":"NTR - Op haar landgoed op het Deense platteland leidt de wereldvermaarde kunstenares Veronika Gr\u00f8nnegaard al sinds de wilde jaren '60 een excentriek en kleurrijk leven. Haar vier kinderen hebben elk op hun eigen manier de gevolgen van een vrijzinnige en chaotische jeugd ondervonden. Wanneer hun moeder sterft, komen ze allemaal samen om de erfenis te regelen.Veronika laat echter heel haar landgoed na aan slechts \u00e9\u00e9n van haar kinderen. Wat een vlotte en vredige regeling had moeten worden, mondt uit in een pijnlijk proces waarbij geheimen, spanningen en leugens langzaam maar zeker aan de oppervlakte komen.","formattedEpisodeNumbering":null,"formattedDate":"Ma 15 dec. 2014","formattedDateShort":"Dec. 2014","formattedTime":"22:59","formattedDuration":"54m","formattedAvailabilityWindow":null,"formattedAvailabilityWindowShort":null,"image":{"portraitUrl":null,"landscapeUrl":"https:\/\/images.nlziet.nl\/metadataimportimages\/source\/4DA21A9CFB783F43172CC89955F001ADE5503B6BB6C419925E92A306DB6E1D76.jpg"},"logo":{"normalUrl":"https:\/\/cdn.nlziet.nl\/static\/assets\/contentproviders\/npo.png","darkUrl":"https:\/\/cdn.nlziet.nl\/static\/assets\/contentproviders\/dark\/npo.png","flatUrl":"https:\/\/cdn.nlziet.nl\/static\/assets\/contentproviders\/flat\/npo.png"},"tags":[],"seriesId":"7AXJxg0jCkiyt2dT_4Kgww"}]