[{"id":"Iqf7OHLwqEKzDKuSMjTyyw","type":"Vod","title":"Alles voor de bruiloft","subtitle":"","description":"KRO-NCRV - We maken kennis met Nina en Susanna en hun legertje stagiaires. We volgen hen bij de voorbereidingen op de bruiloft van hun eerste koppel; de Amsterdamse Marlou en Jeff. Zij gaan trouwen op Mallorca. Voor stagiaire Kim wordt dit een heel spannende bruilioft want als zij deze bruiloft goed begeleidt, wordt zij misschien wel de eerste echte werknemer van Nina en Susanna. Helaas blijkt bij aankomst op de trouwlocatie dat een aantal zaken nog niet helemaal goed geregeld zijn.","formattedEpisodeNumbering":"S1:A1","formattedDate":"Wo 25 jan. 2023","formattedDateShort":"Jan. 2023","formattedTime":"21:12","formattedDuration":"24m","formattedAvailabilityWindow":null,"formattedAvailabilityWindowShort":null,"image":{"portraitUrl":null,"landscapeUrl":"https:\/\/images.nlziet.nl\/metadataimportimages\/source\/35057AFE853D71D2D5EDBE1DD72A5C1862169D0C3ADE84654F3D8F5194EC213A.jpg"},"logo":{"normalUrl":"https:\/\/cdn.nlziet.nl\/static\/assets\/contentproviders\/npo.png","darkUrl":"https:\/\/cdn.nlziet.nl\/static\/assets\/contentproviders\/dark\/npo.png","flatUrl":"https:\/\/cdn.nlziet.nl\/static\/assets\/contentproviders\/flat\/npo.png"},"tags":["WatchInAdvance"],"seriesId":"5TgWuyTK7kWluQOk_gu98Q"},{"id":"PYpKjtYu30adft2lr9Njbw","type":"Vod","title":"Alles voor de bruiloft","subtitle":"","description":"KRO-NCRV - We zien hoe de voorbereidingen op de huwelijksdag van Marlou en Jeff niet helemaal vlekkeloos verlopen en we komen erachter of Nina en Susanna hun eerste echte werknemer in dienst nemen. Ook maken we kennis met het tweede koppel; Jim en zijn zwangere verloofde Paula gaan trouwen in Den Haag en daar dreigt vooral het weer roet in het eten te gooien.","formattedEpisodeNumbering":"S1:A2","formattedDate":"Wo 1 feb. 2023","formattedDateShort":"Feb. 2023","formattedTime":"21:12","formattedDuration":"24m","formattedAvailabilityWindow":null,"formattedAvailabilityWindowShort":null,"image":{"portraitUrl":null,"landscapeUrl":"https:\/\/images.nlziet.nl\/metadataimportimages\/source\/CA9D94F066078CB324CCCDC71E69FBF815CB66E465259AFC88E1E2A95BB939B7.jpg"},"logo":{"normalUrl":"https:\/\/cdn.nlziet.nl\/static\/assets\/contentproviders\/npo.png","darkUrl":"https:\/\/cdn.nlziet.nl\/static\/assets\/contentproviders\/dark\/npo.png","flatUrl":"https:\/\/cdn.nlziet.nl\/static\/assets\/contentproviders\/flat\/npo.png"},"tags":["WatchInAdvance"],"seriesId":"5TgWuyTK7kWluQOk_gu98Q"},{"id":"WXNMvSYlXEGbD9fKKryw4Q","type":"Vod","title":"Alles voor de bruiloft","subtitle":"","description":"KRO-NCRV - We zien hoe het weer een grote rol speelt op de bruiloft van Jim en zijn zwangere bruid Paula. Nina vergeet het bruidsboeket. Op een bruiloft in Barcelona moeten de reddingplanners alle zeilen bijzetten om een belangrijk pakket op tijd op het feest te krijgen. Ook maken we kennis met het Amerikaanse koppel Emma en Conor die onenigheid hebben over het aantal bruidsmeisjes en jonkers op hun bruiloft in Itali\u00eb.","formattedEpisodeNumbering":"S1:A3","formattedDate":"Wo 14 dec.","formattedDateShort":"Wo 14 dec.","formattedTime":"02:19","formattedDuration":"25m","formattedAvailabilityWindow":null,"formattedAvailabilityWindowShort":null,"image":{"portraitUrl":null,"landscapeUrl":"https:\/\/images.nlziet.nl\/metadataimportimages\/source\/DC5326BB87EF2F89D8DA0826C6C1A632B0E9F804D55BED324253D5AECA73EC1F.jpg"},"logo":{"normalUrl":"https:\/\/cdn.nlziet.nl\/static\/assets\/contentproviders\/npo.png","darkUrl":"https:\/\/cdn.nlziet.nl\/static\/assets\/contentproviders\/dark\/npo.png","flatUrl":"https:\/\/cdn.nlziet.nl\/static\/assets\/contentproviders\/flat\/npo.png"},"tags":[],"seriesId":"5TgWuyTK7kWluQOk_gu98Q"},{"id":"LriKytM3r0a51h0c43LCxA","type":"Vod","title":"Alles voor de bruiloft","subtitle":"","description":"KRO-NCRV - We zien hoe Nina en Susanna voor het eerst los van elkaar een bruiloft begeleiden in twee verschillende landen. Dat gaat niet helemaal zoals geplanned; bij Nina wordt een vlucht vol bruiloftsgasten gecanceld en Susanna smokkelt stiekem spullen de trouwlokatie in Italie binnen. Het Amerikaanse koppel Emma en Conor geeft elkaar een emotioneel ja woord en we maken kennis met de zuidelijke charme van het koppel Vaenice en Eti\u00e8nne.","formattedEpisodeNumbering":"S1:A4","formattedDate":"Wo 14 dec.","formattedDateShort":"Wo 14 dec.","formattedTime":"03:19","formattedDuration":"24m","formattedAvailabilityWindow":null,"formattedAvailabilityWindowShort":null,"image":{"portraitUrl":null,"landscapeUrl":"https:\/\/images.nlziet.nl\/metadataimportimages\/source\/690EDF66B30A3E06183E8FB7CA57CA3580F055EDE8C88C010EA89D9683005E63.jpg"},"logo":{"normalUrl":"https:\/\/cdn.nlziet.nl\/static\/assets\/contentproviders\/npo.png","darkUrl":"https:\/\/cdn.nlziet.nl\/static\/assets\/contentproviders\/dark\/npo.png","flatUrl":"https:\/\/cdn.nlziet.nl\/static\/assets\/contentproviders\/flat\/npo.png"},"tags":[],"seriesId":"5TgWuyTK7kWluQOk_gu98Q"},{"id":"WFiFV2OT8kmLtuPjQbYI9g","type":"Vod","title":"Alles voor de bruiloft","subtitle":"","description":"KRO-NCRV - Susanna is onderweg naar de Toscaanse bruiloft van Vaenice en Eti\u00e8nne en komt met panne staan. Nina bereidt zich thuis in Amsterdam met man en kind voor op de trip. Eenmaal in Italie wordt het vierdaagse feest afgetrapt met een rehearsal party waarbij iedereen zich aan een dresscode moet houden.","formattedEpisodeNumbering":"S1:A5","formattedDate":"Wo 14 dec.","formattedDateShort":"Wo 14 dec.","formattedTime":"04:19","formattedDuration":"25m","formattedAvailabilityWindow":null,"formattedAvailabilityWindowShort":null,"image":{"portraitUrl":null,"landscapeUrl":"https:\/\/images.nlziet.nl\/metadataimportimages\/source\/B80EF448A22977D1B19C28A1EFAB392DE0B85854066C9173C7EFB51B1C9A4C55.jpg"},"logo":{"normalUrl":"https:\/\/cdn.nlziet.nl\/static\/assets\/contentproviders\/npo.png","darkUrl":"https:\/\/cdn.nlziet.nl\/static\/assets\/contentproviders\/dark\/npo.png","flatUrl":"https:\/\/cdn.nlziet.nl\/static\/assets\/contentproviders\/flat\/npo.png"},"tags":[],"seriesId":"5TgWuyTK7kWluQOk_gu98Q"},{"id":"GZU_INHW60ueoDx_7JEZ0A","type":"Vod","title":"Alles voor de bruiloft","subtitle":"","description":"KRO-NCRV - Vaenice en Eti\u00e8nne stappen in het huwelijksbootje tijdens de laatste bruiloft van het weddingplanseizoen. Er wordt volop genoten van alles wat Toscane te beiden heeft, maar Susanna krijgt een nat pak tijdens een poolparty, Nina heeft problemen met een scooter en op de dag van de bruiloft gooit de wind bijna roet in het eten.","formattedEpisodeNumbering":"S1:A6","formattedDate":"Wo 14 dec.","formattedDateShort":"Wo 14 dec.","formattedTime":"05:18","formattedDuration":"23m","formattedAvailabilityWindow":null,"formattedAvailabilityWindowShort":null,"image":{"portraitUrl":null,"landscapeUrl":"https:\/\/images.nlziet.nl\/metadataimportimages\/source\/7BC486A6B5181CDB4581C118866D6A72260454881F085E26F2784CA873A07000.jpg"},"logo":{"normalUrl":"https:\/\/cdn.nlziet.nl\/static\/assets\/contentproviders\/npo.png","darkUrl":"https:\/\/cdn.nlziet.nl\/static\/assets\/contentproviders\/dark\/npo.png","flatUrl":"https:\/\/cdn.nlziet.nl\/static\/assets\/contentproviders\/flat\/npo.png"},"tags":[],"seriesId":"5TgWuyTK7kWluQOk_gu98Q"}]