[{"id":"aAjOIqrI-k-RCb6KmzFjEA","type":"Vod","title":"Zappsport","subtitle":"Zappsport compilatie","description":"AVROTROS - Kindersportprogramma waarin alle takken van sport voorbijkomen. In het onderdeel The Battle strijden de jongens tegen de meiden in een bepaalde sport. Ron staat in dit onderdeel tegenover de bloedfanatieke 'teamcaptain' Naomi van As. Kinderen met een sportprobleem krijgen hulp van een beroemde topsporter in de Hellup, de vetste trucs worden uitgelegd in The Move en er zijn regelmatig specials te zien rondom grote sporttoernooien.","formattedEpisodeNumbering":null,"formattedDate":"Zo 3 jan. 2016","formattedDateShort":"Jan. 2016","formattedTime":"17:05","formattedDuration":"24m","formattedAvailabilityWindow":null,"formattedAvailabilityWindowShort":null,"image":{"portraitUrl":null,"landscapeUrl":"https:\/\/images.nlziet.nl\/metadataimportimages\/source\/FE18D4CE59419CD3AE51D09330EF191C8D0CB159BB807438C732C7A849B506BA.jpg"},"logo":{"normalUrl":"https:\/\/cdn.nlziet.nl\/static\/assets\/contentproviders\/npo.png","darkUrl":"https:\/\/cdn.nlziet.nl\/static\/assets\/contentproviders\/dark\/npo.png","flatUrl":"https:\/\/cdn.nlziet.nl\/static\/assets\/contentproviders\/flat\/npo.png"},"tags":[],"seriesId":"7QrOqPrilEGeM3pgWB1w1A"},{"id":"c5l2caGkikK1b9dmMOyJkw","type":"Vod","title":"Zappsport","subtitle":"Zappsport","description":"AVROTROS - Presentator Ron Boszhard en HockeySTER Naomi van As presenteren het leukste kindersportprogramma van de Nederlandse Televisie. In Zappsport komen alle takken van sport voorbij. In het wekelijkse onderdeel 'The Battle' strijden de jongens tegen de meiden in een bepaalde sport. Ron staat in dit onderdeel tegenover de bloedfanatieke 'teamcaptain' Naomi van As. Kinderen met een sportprobleem krijgen hulp van een beroemde topsporter in de 'Hellup', de vetste trucs worden uitgelegd in 'The Move' en zijn er regelmatig specials te zien rondom grote sporttoernooien.","formattedEpisodeNumbering":null,"formattedDate":"Zo 3 jan. 2016","formattedDateShort":"Jan. 2016","formattedTime":"08:30","formattedDuration":"16m","formattedAvailabilityWindow":null,"formattedAvailabilityWindowShort":null,"image":{"portraitUrl":null,"landscapeUrl":"https:\/\/images.nlziet.nl\/metadataimportimages\/source\/533F014698B9A3A5B00B6A1AFB787D00D13BE5D24D66F3A552F934690D6AFA89.jpg"},"logo":{"normalUrl":"https:\/\/cdn.nlziet.nl\/static\/assets\/contentproviders\/npo.png","darkUrl":"https:\/\/cdn.nlziet.nl\/static\/assets\/contentproviders\/dark\/npo.png","flatUrl":"https:\/\/cdn.nlziet.nl\/static\/assets\/contentproviders\/flat\/npo.png"},"tags":[],"seriesId":"7QrOqPrilEGeM3pgWB1w1A"},{"id":"4ekdlZBHvUW2cp4fDB6rWg","type":"Vod","title":"Zappsport","subtitle":"Zappsport","description":"AVROTROS - Presentator Ron Boszhard en HockeySTER Naomi van As presenteren het leukste kindersportprogramma van de Nederlandse Televisie. In Zappsport komen alle takken van sport voorbij. In het wekelijkse onderdeel 'The Battle' strijden de jongens tegen de meiden in een bepaalde sport. Ron staat in dit onderdeel tegenover de bloedfanatieke 'teamcaptain' Naomi van As. Kinderen met een sportprobleem krijgen hulp van een beroemde topsporter in de 'Hellup', de vetste trucs worden uitgelegd in 'The Move' en zijn er regelmatig specials te zien rondom grote sporttoernooien.","formattedEpisodeNumbering":null,"formattedDate":"Zo 27 dec. 2015","formattedDateShort":"Dec. 2015","formattedTime":"08:30","formattedDuration":"16m","formattedAvailabilityWindow":null,"formattedAvailabilityWindowShort":null,"image":{"portraitUrl":null,"landscapeUrl":"https:\/\/images.nlziet.nl\/metadataimportimages\/source\/00C37816CD58F549DA1B381686E3BFEB3B5281033B4A9B02D7C9A551508863E1.jpg"},"logo":{"normalUrl":"https:\/\/cdn.nlziet.nl\/static\/assets\/contentproviders\/npo.png","darkUrl":"https:\/\/cdn.nlziet.nl\/static\/assets\/contentproviders\/dark\/npo.png","flatUrl":"https:\/\/cdn.nlziet.nl\/static\/assets\/contentproviders\/flat\/npo.png"},"tags":[],"seriesId":"7QrOqPrilEGeM3pgWB1w1A"},{"id":"kjd6xePrw0ehAwPhosiwJw","type":"Vod","title":"Zappsport","subtitle":"Zappsport","description":"AVROTROS - Presentator Ron Boszhard en HockeySTER Naomi van As presenteren het leukste kindersportprogramma van de Nederlandse Televisie. In Zappsport komen alle takken van sport voorbij. In het wekelijkse onderdeel 'The Battle' strijden de jongens tegen de meiden in een bepaalde sport. Ron staat in dit onderdeel tegenover de bloedfanatieke 'teamcaptain' Naomi van As. Kinderen met een sportprobleem krijgen hulp van een beroemde topsporter in de 'Hellup', de vetste trucs worden uitgelegd in 'The Move' en zijn er regelmatig specials te zien rondom grote sporttoernooien.","formattedEpisodeNumbering":null,"formattedDate":"Zo 23 aug. 2015","formattedDateShort":"Aug. 2015","formattedTime":"08:40","formattedDuration":"15m","formattedAvailabilityWindow":null,"formattedAvailabilityWindowShort":null,"image":{"portraitUrl":null,"landscapeUrl":"https:\/\/images.nlziet.nl\/metadataimportimages\/source\/CCF59F5618ED092DF0D797554E2B0986DAF73BDAB9DF15DC695123CB70A55E91.jpg"},"logo":{"normalUrl":"https:\/\/cdn.nlziet.nl\/static\/assets\/contentproviders\/npo.png","darkUrl":"https:\/\/cdn.nlziet.nl\/static\/assets\/contentproviders\/dark\/npo.png","flatUrl":"https:\/\/cdn.nlziet.nl\/static\/assets\/contentproviders\/flat\/npo.png"},"tags":[],"seriesId":"7QrOqPrilEGeM3pgWB1w1A"},{"id":"QsoPN2gXB0KSzDbkPIgO4A","type":"Vod","title":"Zappsport","subtitle":"Zappsport","description":"AVROTROS - Presentator Ron Boszhard en HockeySTER Naomi van As presenteren het leukste kindersportprogramma van de Nederlandse Televisie. In Zappsport komen alle takken van sport voorbij. In het wekelijkse onderdeel 'The Battle' strijden de jongens tegen de meiden in een bepaalde sport. Ron staat in dit onderdeel tegenover de bloedfanatieke 'teamcaptain' Naomi van As. Kinderen met een sportprobleem krijgen hulp van een beroemde topsporter in de 'Hellup', de vetste trucs worden uitgelegd in 'The Move' en zijn er regelmatig specials te zien rondom grote sporttoernooien.","formattedEpisodeNumbering":null,"formattedDate":"Za 22 aug. 2015","formattedDateShort":"Aug. 2015","formattedTime":"08:35","formattedDuration":"15m","formattedAvailabilityWindow":null,"formattedAvailabilityWindowShort":null,"image":{"portraitUrl":null,"landscapeUrl":"https:\/\/images.nlziet.nl\/metadataimportimages\/source\/3D347523CF60FD2FFA008D2FBDD89C4179DAB0ACCA63D01ECCB81DAC8B4AF1C1.jpg"},"logo":{"normalUrl":"https:\/\/cdn.nlziet.nl\/static\/assets\/contentproviders\/npo.png","darkUrl":"https:\/\/cdn.nlziet.nl\/static\/assets\/contentproviders\/dark\/npo.png","flatUrl":"https:\/\/cdn.nlziet.nl\/static\/assets\/contentproviders\/flat\/npo.png"},"tags":[],"seriesId":"7QrOqPrilEGeM3pgWB1w1A"},{"id":"PTlX06qoNU2x2va_qzcqjQ","type":"Vod","title":"Zappsport","subtitle":"Zappsport","description":"AVROTROS - Kindersportprogramma waarin alle takken van sport voorbijkomen. In het onderdeel 'The Battle' strijden de jongens tegen de meiden in een bepaalde sport. Ron staat in dit onderdeel tegenover de bloedfanatieke 'teamcaptain' Naomi van As. Kinderen met een sportprobleem krijgen hulp van een beroemde topsporter in de 'Hellup', de vetste trucs worden uitgelegd in 'The Move' en zijn er regelmatig specials te zien rondom grote sporttoernooien.","formattedEpisodeNumbering":null,"formattedDate":"Zo 16 aug. 2015","formattedDateShort":"Aug. 2015","formattedTime":"08:40","formattedDuration":"16m","formattedAvailabilityWindow":null,"formattedAvailabilityWindowShort":null,"image":{"portraitUrl":null,"landscapeUrl":"https:\/\/images.nlziet.nl\/metadataimportimages\/source\/565ED821A8B8F6ECF2F5FA3C9B778A20678E43AD6AB3EE992B3D0FA577C4CE41.jpg"},"logo":{"normalUrl":"https:\/\/cdn.nlziet.nl\/static\/assets\/contentproviders\/npo.png","darkUrl":"https:\/\/cdn.nlziet.nl\/static\/assets\/contentproviders\/dark\/npo.png","flatUrl":"https:\/\/cdn.nlziet.nl\/static\/assets\/contentproviders\/flat\/npo.png"},"tags":[],"seriesId":"7QrOqPrilEGeM3pgWB1w1A"},{"id":"rATKI8jL0k-eZQTL8QreTw","type":"Vod","title":"Zappsport","subtitle":"Zappsport","description":"AVROTROS - Kindersportprogramma. Alle takken van sport komen voorbij. In het onderdeel 'The Battle' strijden de jongens tegen de meiden in een bepaalde sport. Ron staat in dit onderdeel tegenover de bloedfanatieke 'teamcaptain' Naomi van As. Kinderen met een sportprobleem krijgen hulp van een beroemde topsporter in de 'Hellup', de vetste trucs worden uitgelegd in 'The Move' en zijn er regelmatig specials te zien rondom grote sporttoernooien.","formattedEpisodeNumbering":null,"formattedDate":"Za 15 aug. 2015","formattedDateShort":"Aug. 2015","formattedTime":"08:35","formattedDuration":"16m","formattedAvailabilityWindow":null,"formattedAvailabilityWindowShort":null,"image":{"portraitUrl":null,"landscapeUrl":"https:\/\/images.nlziet.nl\/metadataimportimages\/source\/C909128FFCA005491049CD7910F97914652A0AAF6AF64BEA2B65A559401D14AF.jpg"},"logo":{"normalUrl":"https:\/\/cdn.nlziet.nl\/static\/assets\/contentproviders\/npo.png","darkUrl":"https:\/\/cdn.nlziet.nl\/static\/assets\/contentproviders\/dark\/npo.png","flatUrl":"https:\/\/cdn.nlziet.nl\/static\/assets\/contentproviders\/flat\/npo.png"},"tags":[],"seriesId":"7QrOqPrilEGeM3pgWB1w1A"},{"id":"DUMe9OLQuEWeWSjaZ1spBg","type":"Vod","title":"Zappsport","subtitle":"Zappsport","description":"AVROTROS - Kindersportprogramma waarin alle takken van sport voorbijkomen. In het wekelijkse onderdeel The Battle strijden de jongens tegen de meiden in een bepaalde sport. Ron staat in dit onderdeel tegenover de bloedfanatieke 'teamcaptain' Naomi van As. Kinderen met een sportprobleem krijgen hulp van een beroemde topsporter in de Hellup, de vetste trucs worden uitgelegd in The Move en er zijn regelmatig specials te zien rondom grote sporttoernooien.","formattedEpisodeNumbering":null,"formattedDate":"Zo 9 aug. 2015","formattedDateShort":"Aug. 2015","formattedTime":"08:40","formattedDuration":"16m","formattedAvailabilityWindow":null,"formattedAvailabilityWindowShort":null,"image":{"portraitUrl":null,"landscapeUrl":"https:\/\/images.nlziet.nl\/metadataimportimages\/source\/8BA6199D2E68EA05EC2644D060580EFC7847705DC8B473A2AF2CF0E933FB88E9.jpg"},"logo":{"normalUrl":"https:\/\/cdn.nlziet.nl\/static\/assets\/contentproviders\/npo.png","darkUrl":"https:\/\/cdn.nlziet.nl\/static\/assets\/contentproviders\/dark\/npo.png","flatUrl":"https:\/\/cdn.nlziet.nl\/static\/assets\/contentproviders\/flat\/npo.png"},"tags":[],"seriesId":"7QrOqPrilEGeM3pgWB1w1A"},{"id":"JzXYyj1ISkCp-jiqnEj8FQ","type":"Vod","title":"Zappsport","subtitle":"Zappsport","description":"AVROTROS - Presentator Ron Boszhard en HockeySTER Naomi van As presenteren het leukste kindersportprogramma van de Nederlandse Televisie. In Zappsport komen alle takken van sport voorbij. In het wekelijkse onderdeel 'The Battle' strijden de jongens tegen de meiden in een bepaalde sport. Ron staat in dit onderdeel tegenover de bloedfanatieke 'teamcaptain' Naomi van As. Kinderen met een sportprobleem krijgen hulp van een beroemde topsporter in de 'Hellup', de vetste trucs worden uitgelegd in 'The Move' en zijn er regelmatig specials te zien rondom grote sporttoernooien.","formattedEpisodeNumbering":null,"formattedDate":"Za 8 aug. 2015","formattedDateShort":"Aug. 2015","formattedTime":"08:40","formattedDuration":"16m","formattedAvailabilityWindow":null,"formattedAvailabilityWindowShort":null,"image":{"portraitUrl":null,"landscapeUrl":"https:\/\/images.nlziet.nl\/metadataimportimages\/source\/1E407A290B96515649ABA59F507EB39CF9E167CB6452EEEB78B1E15EB2D18304.jpg"},"logo":{"normalUrl":"https:\/\/cdn.nlziet.nl\/static\/assets\/contentproviders\/npo.png","darkUrl":"https:\/\/cdn.nlziet.nl\/static\/assets\/contentproviders\/dark\/npo.png","flatUrl":"https:\/\/cdn.nlziet.nl\/static\/assets\/contentproviders\/flat\/npo.png"},"tags":[],"seriesId":"7QrOqPrilEGeM3pgWB1w1A"},{"id":"Xpoxy8xeJEiOPvstUkK4dw","type":"Vod","title":"Zappsport","subtitle":"Zappsport","description":"AVROTROS - Kindersportprogramma waarin alle takken van sport voorbijkomen. In het wekelijkse onderdeel The Battle strijden de jongens tegen de meiden in een bepaalde sport. Ron staat in dit onderdeel tegenover de bloedfanatieke 'teamcaptain' Naomi van As. Kinderen met een sportprobleem krijgen hulp van een beroemde topsporter in de Hellup, de vetste trucs worden uitgelegd in The Move en er zijn regelmatig specials te zien rondom grote sporttoernooien.","formattedEpisodeNumbering":null,"formattedDate":"Zo 2 aug. 2015","formattedDateShort":"Aug. 2015","formattedTime":"08:40","formattedDuration":"16m","formattedAvailabilityWindow":null,"formattedAvailabilityWindowShort":null,"image":{"portraitUrl":null,"landscapeUrl":"https:\/\/images.nlziet.nl\/metadataimportimages\/source\/EC4A2B5C425C2BA584B0A136265A984934B71544C11BDE2F7D4B004FD3718A6E.jpg"},"logo":{"normalUrl":"https:\/\/cdn.nlziet.nl\/static\/assets\/contentproviders\/npo.png","darkUrl":"https:\/\/cdn.nlziet.nl\/static\/assets\/contentproviders\/dark\/npo.png","flatUrl":"https:\/\/cdn.nlziet.nl\/static\/assets\/contentproviders\/flat\/npo.png"},"tags":[],"seriesId":"7QrOqPrilEGeM3pgWB1w1A"},{"id":"F3dLmOJ4r0mZ38vFjFoxOA","type":"Vod","title":"Zappsport","subtitle":"Zappsport","description":"AVROTROS - Presentator Ron Boszhard en HockeySTER Naomi van As presenteren het leukste kindersportprogramma van de Nederlandse Televisie. In Zappsport komen alle takken van sport voorbij. In het wekelijkse onderdeel 'The Battle' strijden de jongens tegen de meiden in een bepaalde sport. Ron staat in dit onderdeel tegenover de bloedfanatieke 'teamcaptain' Naomi van As. Kinderen met een sportprobleem krijgen hulp van een beroemde topsporter in de 'Hellup', de vetste trucs worden uitgelegd in 'The Move' en zijn er regelmatig specials te zien rondom grote sporttoernooien.","formattedEpisodeNumbering":null,"formattedDate":"Za 1 aug. 2015","formattedDateShort":"Aug. 2015","formattedTime":"08:40","formattedDuration":"15m","formattedAvailabilityWindow":null,"formattedAvailabilityWindowShort":null,"image":{"portraitUrl":null,"landscapeUrl":"https:\/\/images.nlziet.nl\/metadataimportimages\/source\/470EEDF39E85E0C95445314C615930956CDF9F0F0CD7AD4C9A2BC030D44BE282.jpg"},"logo":{"normalUrl":"https:\/\/cdn.nlziet.nl\/static\/assets\/contentproviders\/npo.png","darkUrl":"https:\/\/cdn.nlziet.nl\/static\/assets\/contentproviders\/dark\/npo.png","flatUrl":"https:\/\/cdn.nlziet.nl\/static\/assets\/contentproviders\/flat\/npo.png"},"tags":[],"seriesId":"7QrOqPrilEGeM3pgWB1w1A"},{"id":"qEM73OUmu0SrBAdHoD4WTg","type":"Vod","title":"Zappsport","subtitle":"Zappsport","description":"AVROTROS - Kindersportprogramma waarin alle takken van sport voorbijkomen. In het wekelijkse onderdeel The Battle strijden de jongens tegen de meiden in een bepaalde sport. Ron staat in dit onderdeel tegenover de bloedfanatieke 'teamcaptain' Naomi van As. Kinderen met een sportprobleem krijgen hulp van een beroemde topsporter in de Hellup, de vetste trucs worden uitgelegd in The Move en er zijn regelmatig specials te zien rondom grote sporttoernooien.","formattedEpisodeNumbering":null,"formattedDate":"Zo 26 jul. 2015","formattedDateShort":"Jul. 2015","formattedTime":"08:40","formattedDuration":"16m","formattedAvailabilityWindow":null,"formattedAvailabilityWindowShort":null,"image":{"portraitUrl":null,"landscapeUrl":"https:\/\/images.nlziet.nl\/metadataimportimages\/source\/25F5A0F6753A441381B20978488C22D6985013D6128C6FEC710D9CCA733666B0.jpg"},"logo":{"normalUrl":"https:\/\/cdn.nlziet.nl\/static\/assets\/contentproviders\/npo.png","darkUrl":"https:\/\/cdn.nlziet.nl\/static\/assets\/contentproviders\/dark\/npo.png","flatUrl":"https:\/\/cdn.nlziet.nl\/static\/assets\/contentproviders\/flat\/npo.png"},"tags":[],"seriesId":"7QrOqPrilEGeM3pgWB1w1A"},{"id":"P1lWLCjrTkWEuzmasJuObw","type":"Vod","title":"Zappsport","subtitle":"Zappsport","description":"AVROTROS - Kindersportprogramma. Alle takken van sport komen voorbij. In het onderdeel 'The Battle' strijden de jongens tegen de meiden in een bepaalde sport. Ron staat in dit onderdeel tegenover de bloedfanatieke 'teamcaptain' Naomi van As. Kinderen met een sportprobleem krijgen hulp van een beroemde topsporter in de 'Hellup', de vetste trucs worden uitgelegd in 'The Move' en zijn er regelmatig specials te zien rondom grote sporttoernooien.","formattedEpisodeNumbering":null,"formattedDate":"Za 25 jul. 2015","formattedDateShort":"Jul. 2015","formattedTime":"08:40","formattedDuration":"16m","formattedAvailabilityWindow":null,"formattedAvailabilityWindowShort":null,"image":{"portraitUrl":null,"landscapeUrl":"https:\/\/images.nlziet.nl\/metadataimportimages\/source\/99FB4D948ECE399E2C4400ECD78359095EEE237E36B6DD3DAE85B020FAF7774E.jpg"},"logo":{"normalUrl":"https:\/\/cdn.nlziet.nl\/static\/assets\/contentproviders\/npo.png","darkUrl":"https:\/\/cdn.nlziet.nl\/static\/assets\/contentproviders\/dark\/npo.png","flatUrl":"https:\/\/cdn.nlziet.nl\/static\/assets\/contentproviders\/flat\/npo.png"},"tags":[],"seriesId":"7QrOqPrilEGeM3pgWB1w1A"},{"id":"v7yCoA1WbUW7Z5aAWLgAgg","type":"Vod","title":"Zappsport","subtitle":"Zappsport","description":"AVROTROS - Kindersportprogramma waarin alle takken van sport voorbijkomen. In het wekelijkse onderdeel The Battle strijden de jongens tegen de meiden in een bepaalde sport. Ron staat in dit onderdeel tegenover de bloedfanatieke 'teamcaptain' Naomi van As. Kinderen met een sportprobleem krijgen hulp van een beroemde topsporter in de Hellup, de vetste trucs worden uitgelegd in The Move en zijn er regelmatig specials te zien rondom grote sporttoernooien.","formattedEpisodeNumbering":null,"formattedDate":"Zo 19 jul. 2015","formattedDateShort":"Jul. 2015","formattedTime":"08:40","formattedDuration":"16m","formattedAvailabilityWindow":null,"formattedAvailabilityWindowShort":null,"image":{"portraitUrl":null,"landscapeUrl":"https:\/\/images.nlziet.nl\/metadataimportimages\/source\/1E57A0F9AA9EB30C41AD0D517A08E2A7A008A5465437E35BFA201A0E0F3A8277.jpg"},"logo":{"normalUrl":"https:\/\/cdn.nlziet.nl\/static\/assets\/contentproviders\/npo.png","darkUrl":"https:\/\/cdn.nlziet.nl\/static\/assets\/contentproviders\/dark\/npo.png","flatUrl":"https:\/\/cdn.nlziet.nl\/static\/assets\/contentproviders\/flat\/npo.png"},"tags":[],"seriesId":"7QrOqPrilEGeM3pgWB1w1A"},{"id":"1J7MqVGRHE2kfpAPWOKS2Q","type":"Vod","title":"Zappsport","subtitle":"Zappsport","description":"AVROTROS - Presentator Ron Boszhard en HockeySTER Naomi van As presenteren het leukste kindersportprogramma van de Nederlandse Televisie. In Zappsport komen alle takken van sport voorbij. In het wekelijkse onderdeel 'The Battle' strijden de jongens tegen de meiden in een bepaalde sport. Ron staat in dit onderdeel tegenover de bloedfanatieke 'teamcaptain' Naomi van As. Kinderen met een sportprobleem krijgen hulp van een beroemde topsporter in de 'Hellup', de vetste trucs worden uitgelegd in 'The Move' en zijn er regelmatig specials te zien rondom grote sporttoernooien.","formattedEpisodeNumbering":null,"formattedDate":"Za 18 jul. 2015","formattedDateShort":"Jul. 2015","formattedTime":"08:40","formattedDuration":"15m","formattedAvailabilityWindow":null,"formattedAvailabilityWindowShort":null,"image":{"portraitUrl":null,"landscapeUrl":"https:\/\/images.nlziet.nl\/metadataimportimages\/source\/810C07FB80624584E61523AD797AC0A65F793743236480824F8319CDA50C54FB.jpg"},"logo":{"normalUrl":"https:\/\/cdn.nlziet.nl\/static\/assets\/contentproviders\/npo.png","darkUrl":"https:\/\/cdn.nlziet.nl\/static\/assets\/contentproviders\/dark\/npo.png","flatUrl":"https:\/\/cdn.nlziet.nl\/static\/assets\/contentproviders\/flat\/npo.png"},"tags":[],"seriesId":"7QrOqPrilEGeM3pgWB1w1A"},{"id":"x1--mj6cgEqY36Vxvr34iA","type":"Vod","title":"Zappsport","subtitle":"Zappsport","description":"AVROTROS - Kindersportprogramma waarin alle takken van sport voorbijkomen. In het wekelijkse onderdeel The Battle strijden de jongens tegen de meiden in een bepaalde sport. Ron staat in dit onderdeel tegenover de bloedfanatieke 'teamcaptain' Naomi van As. Kinderen met een sportprobleem krijgen hulp van een beroemde topsporter in de Hellup, de vetste trucs worden uitgelegd in The Move en er zijn regelmatig specials te zien rondom grote sporttoernooien.","formattedEpisodeNumbering":null,"formattedDate":"Zo 12 jul. 2015","formattedDateShort":"Jul. 2015","formattedTime":"08:40","formattedDuration":"15m","formattedAvailabilityWindow":null,"formattedAvailabilityWindowShort":null,"image":{"portraitUrl":null,"landscapeUrl":"https:\/\/images.nlziet.nl\/metadataimportimages\/source\/2BD84AD9332EE603B6F21C8EF4A92A443AD5F3119255B2610D99AC2784FB026C.jpg"},"logo":{"normalUrl":"https:\/\/cdn.nlziet.nl\/static\/assets\/contentproviders\/npo.png","darkUrl":"https:\/\/cdn.nlziet.nl\/static\/assets\/contentproviders\/dark\/npo.png","flatUrl":"https:\/\/cdn.nlziet.nl\/static\/assets\/contentproviders\/flat\/npo.png"},"tags":[],"seriesId":"7QrOqPrilEGeM3pgWB1w1A"},{"id":"XXkTsWYbZkCIBMy43lDiCQ","type":"Vod","title":"Zappsport","subtitle":"Zappsport","description":"AVROTROS - Presentator Ron Boszhard en HockeySTER Naomi van As presenteren het leukste kindersportprogramma van de Nederlandse Televisie. In Zappsport komen alle takken van sport voorbij. In het wekelijkse onderdeel 'The Battle' strijden de jongens tegen de meiden in een bepaalde sport. Ron staat in dit onderdeel tegenover de bloedfanatieke 'teamcaptain' Naomi van As. Kinderen met een sportprobleem krijgen hulp van een beroemde topsporter in de 'Hellup', de vetste trucs worden uitgelegd in 'The Move' en zijn er regelmatig specials te zien rondom grote sporttoernooien.","formattedEpisodeNumbering":null,"formattedDate":"Za 11 jul. 2015","formattedDateShort":"Jul. 2015","formattedTime":"08:40","formattedDuration":"16m","formattedAvailabilityWindow":null,"formattedAvailabilityWindowShort":null,"image":{"portraitUrl":null,"landscapeUrl":"https:\/\/images.nlziet.nl\/metadataimportimages\/source\/4A7AC0710C1BE678E26585FECF1F8C960E7D75EF0356F37C26B95C3168A27471.jpg"},"logo":{"normalUrl":"https:\/\/cdn.nlziet.nl\/static\/assets\/contentproviders\/npo.png","darkUrl":"https:\/\/cdn.nlziet.nl\/static\/assets\/contentproviders\/dark\/npo.png","flatUrl":"https:\/\/cdn.nlziet.nl\/static\/assets\/contentproviders\/flat\/npo.png"},"tags":[],"seriesId":"7QrOqPrilEGeM3pgWB1w1A"},{"id":"Z86_9W2kvUu0KShMw17Z9Q","type":"Vod","title":"Zappsport","subtitle":"Zappsport","description":"AVROTROS - Kindersportprogramma waarin alle takken van sport voorbijkomen. In het wekelijkse onderdeel The Battle strijden de jongens tegen de meiden in een bepaalde sport. Ron staat in dit onderdeel tegenover de bloedfanatieke 'teamcaptain' Naomi van As. Kinderen met een sportprobleem krijgen hulp van een beroemde topsporter in de Hellup, de vetste trucs worden uitgelegd in The Move en er zijn regelmatig specials te zien rondom grote sporttoernooien.","formattedEpisodeNumbering":null,"formattedDate":"Zo 5 jul. 2015","formattedDateShort":"Jul. 2015","formattedTime":"08:40","formattedDuration":"16m","formattedAvailabilityWindow":null,"formattedAvailabilityWindowShort":null,"image":{"portraitUrl":null,"landscapeUrl":"https:\/\/images.nlziet.nl\/metadataimportimages\/source\/C2FBAEDCA06DF11675EAB072EF8D7CE036AEDED7E2C6224AD4F05558E6AE155A.jpg"},"logo":{"normalUrl":"https:\/\/cdn.nlziet.nl\/static\/assets\/contentproviders\/npo.png","darkUrl":"https:\/\/cdn.nlziet.nl\/static\/assets\/contentproviders\/dark\/npo.png","flatUrl":"https:\/\/cdn.nlziet.nl\/static\/assets\/contentproviders\/flat\/npo.png"},"tags":[],"seriesId":"7QrOqPrilEGeM3pgWB1w1A"},{"id":"AKR443pr1U6_d4d572UE4Q","type":"Vod","title":"Zappsport","subtitle":"Zappsport","description":"AVROTROS - Kindersportprogramma waarin alle takken van sport voorbijkomen. In het wekelijkse onderdeel The Battle strijden de jongens tegen de meiden in een bepaalde sport. Ron staat in dit onderdeel tegenover de bloedfanatieke 'teamcaptain' Naomi van As. Kinderen met een sportprobleem krijgen hulp van een beroemde topsporter in de Hellup, de vetste trucs worden uitgelegd in The Move en er zijn regelmatig specials te zien rondom grote sporttoernooien.","formattedEpisodeNumbering":null,"formattedDate":"Za 4 jul. 2015","formattedDateShort":"Jul. 2015","formattedTime":"08:40","formattedDuration":"16m","formattedAvailabilityWindow":null,"formattedAvailabilityWindowShort":null,"image":{"portraitUrl":null,"landscapeUrl":"https:\/\/images.nlziet.nl\/metadataimportimages\/source\/FBA56CC62D952B5ED813D41A5CA9C08CFF4297E1BD9EE72EE2761E7D8200B21A.jpg"},"logo":{"normalUrl":"https:\/\/cdn.nlziet.nl\/static\/assets\/contentproviders\/npo.png","darkUrl":"https:\/\/cdn.nlziet.nl\/static\/assets\/contentproviders\/dark\/npo.png","flatUrl":"https:\/\/cdn.nlziet.nl\/static\/assets\/contentproviders\/flat\/npo.png"},"tags":[],"seriesId":"7QrOqPrilEGeM3pgWB1w1A"},{"id":"_oQfrb91oE2dWVFCGH7zLA","type":"Vod","title":"Zappsport","subtitle":"Zappsport","description":"AVROTROS - Kindersportprogramma waarin alle takken van sport voorbijkomen. In het wekelijkse onderdeel The Battle strijden de jongens tegen de meiden in een bepaalde sport. Ron staat in dit onderdeel tegenover de bloedfanatieke 'teamcaptain' Naomi van As. Kinderen met een sportprobleem krijgen hulp van een beroemde topsporter in de Hellup, de vetste trucs worden uitgelegd in The Move en er zijn regelmatig specials te zien rondom grote sporttoernooien.","formattedEpisodeNumbering":null,"formattedDate":"Zo 28 jun. 2015","formattedDateShort":"Jun. 2015","formattedTime":"08:40","formattedDuration":"16m","formattedAvailabilityWindow":null,"formattedAvailabilityWindowShort":null,"image":{"portraitUrl":null,"landscapeUrl":"https:\/\/images.nlziet.nl\/metadataimportimages\/source\/2F46CADCAF1160EFE3902FF3DCABFEB7956AD577719EE6641F6E542D28094663.jpg"},"logo":{"normalUrl":"https:\/\/cdn.nlziet.nl\/static\/assets\/contentproviders\/npo.png","darkUrl":"https:\/\/cdn.nlziet.nl\/static\/assets\/contentproviders\/dark\/npo.png","flatUrl":"https:\/\/cdn.nlziet.nl\/static\/assets\/contentproviders\/flat\/npo.png"},"tags":[],"seriesId":"7QrOqPrilEGeM3pgWB1w1A"},{"id":"72kXJ0u7sU6tCzQq82kfqg","type":"Vod","title":"Zappsport","subtitle":"Zappsport","description":"AVROTROS - Kindersportprogramma waarin alle takken van sport voorbijkomen. In het wekelijkse onderdeel The Battle strijden de jongens tegen de meiden in een bepaalde sport. Ron staat in dit onderdeel tegenover de bloedfanatieke 'teamcaptain' Naomi van As. Kinderen met een sportprobleem krijgen hulp van een beroemde topsporter in de Hellup, de vetste trucs worden uitgelegd in The Move en er zijn regelmatig specials te zien rondom grote sporttoernooien.","formattedEpisodeNumbering":null,"formattedDate":"Za 27 jun. 2015","formattedDateShort":"Jun. 2015","formattedTime":"08:38","formattedDuration":"16m","formattedAvailabilityWindow":null,"formattedAvailabilityWindowShort":null,"image":{"portraitUrl":null,"landscapeUrl":"https:\/\/images.nlziet.nl\/metadataimportimages\/source\/5E7EA105FE5F61CA0FA1F97AA47D60823B76B7603F4B7E1D19DF9D2EB86FC482.jpg"},"logo":{"normalUrl":"https:\/\/cdn.nlziet.nl\/static\/assets\/contentproviders\/npo.png","darkUrl":"https:\/\/cdn.nlziet.nl\/static\/assets\/contentproviders\/dark\/npo.png","flatUrl":"https:\/\/cdn.nlziet.nl\/static\/assets\/contentproviders\/flat\/npo.png"},"tags":[],"seriesId":"7QrOqPrilEGeM3pgWB1w1A"},{"id":"W1ezkBchIkqxSgonNfhxkw","type":"Vod","title":"Zappsport","subtitle":"Zappsport","description":"AVROTROS - Kindersportprogramma waarin alle takken van sport voorbijkomen. In het wekelijkse onderdeel The Battle strijden de jongens tegen de meiden in een bepaalde sport. Ron staat in dit onderdeel tegenover de bloedfanatieke 'teamcaptain' Naomi van As. Kinderen met een sportprobleem krijgen hulp van een beroemde topsporter in de Hellup, de vetste trucs worden uitgelegd in The Move en er zijn regelmatig specials te zien rondom grote sporttoernooien.","formattedEpisodeNumbering":null,"formattedDate":"Zo 21 jun. 2015","formattedDateShort":"Jun. 2015","formattedTime":"08:40","formattedDuration":"16m","formattedAvailabilityWindow":null,"formattedAvailabilityWindowShort":null,"image":{"portraitUrl":null,"landscapeUrl":"https:\/\/images.nlziet.nl\/metadataimportimages\/source\/C7FAA0A8EF515444261CD9DCCBFF7C223DBD6DA714CDB89931139C2FFAC37412.jpg"},"logo":{"normalUrl":"https:\/\/cdn.nlziet.nl\/static\/assets\/contentproviders\/npo.png","darkUrl":"https:\/\/cdn.nlziet.nl\/static\/assets\/contentproviders\/dark\/npo.png","flatUrl":"https:\/\/cdn.nlziet.nl\/static\/assets\/contentproviders\/flat\/npo.png"},"tags":[],"seriesId":"7QrOqPrilEGeM3pgWB1w1A"}]