[{"id":"oAsQa2Y4lUuA8TNCxpZ8_g","type":"Vod","title":"MINDF*CK","subtitle":"MINDF*CK oudejaarsspecial: the best of","description":"AVROTROS - Vlak voor 2020 zijn intrede doet, geeft Victor Mids de laatste avond van 2019 een magische touch. De arts en illusionist is te zien met een special waarin de kijker het voor het zeggen heeft. Welk experiment heeft de afgelopen jaren het meeste indruk gemaakt? Welke illusie blijft verbazen?","formattedEpisodeNumbering":"S2019:A8","formattedDate":"Di 31 dec. 2019","formattedDateShort":"Dec. 2019","formattedTime":"20:30","formattedDuration":"48m","formattedAvailabilityWindow":null,"formattedAvailabilityWindowShort":null,"image":{"portraitUrl":null,"landscapeUrl":"https:\/\/images.nlziet.nl\/metadataimportimages\/source\/F8EFAC60AF731CF5D6AFA96CD51E0196BF4C74E897366C5242DD395C334F02A3.jpg"},"logo":{"normalUrl":"https:\/\/cdn.nlziet.nl\/static\/assets\/contentproviders\/npo.png","darkUrl":"https:\/\/cdn.nlziet.nl\/static\/assets\/contentproviders\/dark\/npo.png","flatUrl":"https:\/\/cdn.nlziet.nl\/static\/assets\/contentproviders\/flat\/npo.png"},"tags":[],"seriesId":"5YVRWE5oukq6DpIhNyw3_g"},{"id":"rCbEAmIiGEu2I2wH2I9xtg","type":"Vod","title":"MINDF*CK","subtitle":"Caribbean","description":"AVROTROS - Victor maakt zich klaar voor carnaval en hij onthult aan GTST-actrice Stephanie van Eer een geheim plan waar hij maanden aan heeft gewerkt.","formattedEpisodeNumbering":"S2019:A7","formattedDate":"Za 23 nov. 2019","formattedDateShort":"Nov. 2019","formattedTime":"20:30","formattedDuration":"41m","formattedAvailabilityWindow":null,"formattedAvailabilityWindowShort":null,"image":{"portraitUrl":null,"landscapeUrl":"https:\/\/images.nlziet.nl\/metadataimportimages\/source\/1C5C6BE6AFCF0B97E4C3FDC8297E931FEE526E06424DB4B0D5F55E8CBA463E42.jpg"},"logo":{"normalUrl":"https:\/\/cdn.nlziet.nl\/static\/assets\/contentproviders\/npo.png","darkUrl":"https:\/\/cdn.nlziet.nl\/static\/assets\/contentproviders\/dark\/npo.png","flatUrl":"https:\/\/cdn.nlziet.nl\/static\/assets\/contentproviders\/flat\/npo.png"},"tags":[],"seriesId":"5YVRWE5oukq6DpIhNyw3_g"},{"id":"-me0X5cvoUSyjZNwDPRUQQ","type":"Vod","title":"MINDF*CK","subtitle":"Caribbean","description":"AVROTROS - Victor gaat de straat op voor een Surinaamse taaltest en hij heeft op Cura\u00e7ao een emotionele verrassing voor Lee Towers.","formattedEpisodeNumbering":"S2019:A6","formattedDate":"Za 16 nov. 2019","formattedDateShort":"Nov. 2019","formattedTime":"20:30","formattedDuration":"41m","formattedAvailabilityWindow":null,"formattedAvailabilityWindowShort":null,"image":{"portraitUrl":null,"landscapeUrl":"https:\/\/images.nlziet.nl\/metadataimportimages\/source\/62D53304349B7EC21C640099C94477004436575397603746CA6C4803E39C704E.jpg"},"logo":{"normalUrl":"https:\/\/cdn.nlziet.nl\/static\/assets\/contentproviders\/npo.png","darkUrl":"https:\/\/cdn.nlziet.nl\/static\/assets\/contentproviders\/dark\/npo.png","flatUrl":"https:\/\/cdn.nlziet.nl\/static\/assets\/contentproviders\/flat\/npo.png"},"tags":[],"seriesId":"5YVRWE5oukq6DpIhNyw3_g"},{"id":"3GBQ1LzAsUSiH4gJHTNAqw","type":"Vod","title":"MINDF*CK","subtitle":"Caribbean","description":"AVROTROS - Victor is te gast op een Surinaamse plantage en hij speelt een levensgevaarlijk spel met Fajah Lourens.","formattedEpisodeNumbering":"S2019:A5","formattedDate":"Za 9 nov. 2019","formattedDateShort":"Nov. 2019","formattedTime":"20:30","formattedDuration":"44m","formattedAvailabilityWindow":null,"formattedAvailabilityWindowShort":null,"image":{"portraitUrl":null,"landscapeUrl":"https:\/\/images.nlziet.nl\/metadataimportimages\/source\/AA1A33E90BAEC8166091A3F4BC6E47A8617EED5DF72DB8CD66F1826C8C39495A.jpg"},"logo":{"normalUrl":"https:\/\/cdn.nlziet.nl\/static\/assets\/contentproviders\/npo.png","darkUrl":"https:\/\/cdn.nlziet.nl\/static\/assets\/contentproviders\/dark\/npo.png","flatUrl":"https:\/\/cdn.nlziet.nl\/static\/assets\/contentproviders\/flat\/npo.png"},"tags":[],"seriesId":"5YVRWE5oukq6DpIhNyw3_g"},{"id":"D94Cpl601kSpCRyfEzlwhQ","type":"Vod","title":"MINDF*CK","subtitle":"Caribbean","description":"AVROTROS - Victor viert koningsdag op Cura\u00e7ao (waar hij onder andere de minister-president van het eiland tegenkomt!). Hij laat aan een lokale visser een speciale schippersknoop zien en opent het MINDF*CK-datingbureau waar niets is wat het lijkt. Uiteraard zitten er ook weer een aantal verbazingwekkende interactieve experimenten in de aflevering waar je zelf aan mee kunt doen. Met souldiva Shirma Rouse duikt hij de Antillaanse keuken in en gaat hij op magische wijze aan de slag met haar favoriete gerecht.","formattedEpisodeNumbering":"S2019:A4","formattedDate":"Za 2 nov. 2019","formattedDateShort":"Nov. 2019","formattedTime":"20:30","formattedDuration":"41m","formattedAvailabilityWindow":null,"formattedAvailabilityWindowShort":null,"image":{"portraitUrl":null,"landscapeUrl":"https:\/\/images.nlziet.nl\/metadataimportimages\/source\/848C32DBC4B27658A0037A340D81D83649E831FC0F0DBA5CD5715DFF8B179F19.jpg"},"logo":{"normalUrl":"https:\/\/cdn.nlziet.nl\/static\/assets\/contentproviders\/npo.png","darkUrl":"https:\/\/cdn.nlziet.nl\/static\/assets\/contentproviders\/dark\/npo.png","flatUrl":"https:\/\/cdn.nlziet.nl\/static\/assets\/contentproviders\/flat\/npo.png"},"tags":[],"seriesId":"5YVRWE5oukq6DpIhNyw3_g"},{"id":"Gl67fRjFyEKTEUg89287og","type":"Vod","title":"MINDF*CK","subtitle":"Caribbean","description":"AVROTROS - Victor demonstreert zijn illusies op de zeebodem, hij wist het geheugen van iemand en hij gaat op Aruba proberen een gedachte van iemand te tekenen. Ook zit er weer een interactief experiment in de show waar je zelf aan mee kunt doen. Te gast is Humberto Tan, die de opdracht krijgt om vier foto's te maken tijdens een magische fietsroute door Paramaribo. Daarnaast krijgt de presentator een heel speciaal bericht, waarbij hij het uitschreeuwt van verbazing.","formattedEpisodeNumbering":"S2019:A3","formattedDate":"Za 26 okt. 2019","formattedDateShort":"Okt. 2019","formattedTime":"20:30","formattedDuration":"43m","formattedAvailabilityWindow":null,"formattedAvailabilityWindowShort":null,"image":{"portraitUrl":null,"landscapeUrl":"https:\/\/images.nlziet.nl\/metadataimportimages\/source\/F2AE9F3FF4175200FF57D514732790CCFE048AA8402768FAEB89E78CAA8AA774.jpg"},"logo":{"normalUrl":"https:\/\/cdn.nlziet.nl\/static\/assets\/contentproviders\/npo.png","darkUrl":"https:\/\/cdn.nlziet.nl\/static\/assets\/contentproviders\/dark\/npo.png","flatUrl":"https:\/\/cdn.nlziet.nl\/static\/assets\/contentproviders\/flat\/npo.png"},"tags":[],"seriesId":"5YVRWE5oukq6DpIhNyw3_g"},{"id":"WV7gYvTuWkeyNz9M_xWQUA","type":"Vod","title":"MINDF*CK","subtitle":"Caribbean","description":"AVROTROS - Victor gaat langs bij een Surinaams schoolplein en is op Cura\u00e7ao te gast bij Golden Earring legende Barry Hay.","formattedEpisodeNumbering":"S2019:A2","formattedDate":"Za 19 okt. 2019","formattedDateShort":"Okt. 2019","formattedTime":"20:30","formattedDuration":"43m","formattedAvailabilityWindow":null,"formattedAvailabilityWindowShort":null,"image":{"portraitUrl":null,"landscapeUrl":"https:\/\/images.nlziet.nl\/metadataimportimages\/source\/47A098E15FEFEB4BAD47169FCFCC333B3A27FD51BCF52A20D6A940A46A658D0C.jpg"},"logo":{"normalUrl":"https:\/\/cdn.nlziet.nl\/static\/assets\/contentproviders\/npo.png","darkUrl":"https:\/\/cdn.nlziet.nl\/static\/assets\/contentproviders\/dark\/npo.png","flatUrl":"https:\/\/cdn.nlziet.nl\/static\/assets\/contentproviders\/flat\/npo.png"},"tags":[],"seriesId":"5YVRWE5oukq6DpIhNyw3_g"},{"id":"RyYS84qb20ajYhoroMPFKQ","type":"Vod","title":"MINDF*CK","subtitle":"Spike","description":"AVROTROS - Victor laat zien hoe je het onderbewustzijn kunt be\u00efnvloedden, en hij leest de gedachten bij Spike van DI-RECT.","formattedEpisodeNumbering":"S2019:A1","formattedDate":"Di 1 jan. 2019","formattedDateShort":"Jan. 2019","formattedTime":"19:30","formattedDuration":"29m","formattedAvailabilityWindow":null,"formattedAvailabilityWindowShort":null,"image":{"portraitUrl":null,"landscapeUrl":"https:\/\/images.nlziet.nl\/metadataimportimages\/source\/D02A7089570B4277F8D44E8799D5A164C93342540963343D70AD796338D7FC20.jpg"},"logo":{"normalUrl":"https:\/\/cdn.nlziet.nl\/static\/assets\/contentproviders\/npo.png","darkUrl":"https:\/\/cdn.nlziet.nl\/static\/assets\/contentproviders\/dark\/npo.png","flatUrl":"https:\/\/cdn.nlziet.nl\/static\/assets\/contentproviders\/flat\/npo.png"},"tags":[],"seriesId":"5YVRWE5oukq6DpIhNyw3_g"}]