[{"id":"E9i2HaEvrUqgU-p_T_zd9Q","type":"Vod","title":"Mr Selfridge","subtitle":"Mr Selfridge","description":"KRO-NCRV - De zelfmoord van Jimmy heeft een grote impact. Harry is totaal van slag. Gordon heeft moeite de zaken draaiende te houden. Mae vertrekt naar Parijs.","formattedEpisodeNumbering":null,"formattedDate":"Za 3 sep. 2016","formattedDateShort":"Sep. 2016","formattedTime":"20:20","formattedDuration":"44m","formattedAvailabilityWindow":null,"formattedAvailabilityWindowShort":null,"image":{"portraitUrl":null,"landscapeUrl":"https:\/\/images.nlziet.nl\/metadataimportimages\/source\/72A329E071F0386A92A71CA9EB9414C98E667BAA9578304BDA9181023CE51C8C.jpg"},"logo":{"normalUrl":"https:\/\/cdn.nlziet.nl\/static\/assets\/contentproviders\/npo.png","darkUrl":"https:\/\/cdn.nlziet.nl\/static\/assets\/contentproviders\/dark\/npo.png","flatUrl":"https:\/\/cdn.nlziet.nl\/static\/assets\/contentproviders\/flat\/npo.png"},"tags":[],"seriesId":"6YZuJSI2XUKwAe4frZnZYw"},{"id":"JYCDP_oma0mfumiv4v6Cfg","type":"Vod","title":"Mr Selfridge","subtitle":"Mr Selfridge","description":"KRO-NCRV - Jimmy Dillon heeft een groot probleem nu de leveranciers weigeren aan Whiteley te leveren. Miss Mardle worstelt met de kinderen en haar eigen verdriet. Arthur Crabb doet haar een voorstel.","formattedEpisodeNumbering":null,"formattedDate":"Za 20 aug. 2016","formattedDateShort":"Aug. 2016","formattedTime":"20:30","formattedDuration":"44m","formattedAvailabilityWindow":null,"formattedAvailabilityWindowShort":null,"image":{"portraitUrl":null,"landscapeUrl":"https:\/\/images.nlziet.nl\/metadataimportimages\/source\/B81E70BD3A3217F3760020B4E0BE29ED3845FEC0585314CF70FAD0320835029D.jpg"},"logo":{"normalUrl":"https:\/\/cdn.nlziet.nl\/static\/assets\/contentproviders\/npo.png","darkUrl":"https:\/\/cdn.nlziet.nl\/static\/assets\/contentproviders\/dark\/npo.png","flatUrl":"https:\/\/cdn.nlziet.nl\/static\/assets\/contentproviders\/flat\/npo.png"},"tags":[],"seriesId":"6YZuJSI2XUKwAe4frZnZYw"},{"id":"xQBnlOYQ8EK2td0ZqH0wYQ","type":"Vod","title":"Mr Selfridge","subtitle":"Mr Selfridge","description":"KRO-NCRV - Arthur Crabb kan het niet laten om in de financi\u00ebn van Whiteleys te duiken en is niet blij met wat hij aantreft. Roger Grove voelt zich te zwak om te blijven werken.","formattedEpisodeNumbering":null,"formattedDate":"Za 13 aug. 2016","formattedDateShort":"Aug. 2016","formattedTime":"20:20","formattedDuration":"46m","formattedAvailabilityWindow":null,"formattedAvailabilityWindowShort":null,"image":{"portraitUrl":null,"landscapeUrl":"https:\/\/images.nlziet.nl\/metadataimportimages\/source\/7207920FBB159CA4B2FA2512F65EDA3750A1BE4484592E4BFF04BF2D2197B877.jpg"},"logo":{"normalUrl":"https:\/\/cdn.nlziet.nl\/static\/assets\/contentproviders\/npo.png","darkUrl":"https:\/\/cdn.nlziet.nl\/static\/assets\/contentproviders\/dark\/npo.png","flatUrl":"https:\/\/cdn.nlziet.nl\/static\/assets\/contentproviders\/flat\/npo.png"},"tags":[],"seriesId":"6YZuJSI2XUKwAe4frZnZYw"},{"id":"DCLdFS_L4UmfZe8FSuebjQ","type":"Vod","title":"Mr Selfridge","subtitle":"Mr Selfridge","description":"KRO-NCRV - Kitty neemt afscheid van haar collega's om aan haar nieuwe baan in New York te beginnen. Gordon zoekt Lord Wynnstay op en probeert een rechtszaak te voorkomen.","formattedEpisodeNumbering":null,"formattedDate":"Za 6 aug. 2016","formattedDateShort":"Aug. 2016","formattedTime":"20:25","formattedDuration":"46m","formattedAvailabilityWindow":null,"formattedAvailabilityWindowShort":null,"image":{"portraitUrl":null,"landscapeUrl":null},"logo":{"normalUrl":"https:\/\/cdn.nlziet.nl\/static\/assets\/contentproviders\/npo.png","darkUrl":"https:\/\/cdn.nlziet.nl\/static\/assets\/contentproviders\/dark\/npo.png","flatUrl":"https:\/\/cdn.nlziet.nl\/static\/assets\/contentproviders\/flat\/npo.png"},"tags":[],"seriesId":"6YZuJSI2XUKwAe4frZnZYw"},{"id":"tRbSJaMqnUqAv4lmkiUbTw","type":"Vod","title":"Mr Selfridge","subtitle":"Mr Selfridge","description":"KRO-NCRV - Harry heeft hoge gokschulden. Hij moet snel aan veel geld zien te komen. Jimmy is jaloers en zoekt Victor op.","formattedEpisodeNumbering":null,"formattedDate":"Za 30 jul. 2016","formattedDateShort":"Jul. 2016","formattedTime":"20:30","formattedDuration":"46m","formattedAvailabilityWindow":null,"formattedAvailabilityWindowShort":null,"image":{"portraitUrl":null,"landscapeUrl":"https:\/\/images.nlziet.nl\/metadataimportimages\/source\/33CE24BA332F58CFD9692F189A4290A367C9940BE278923DAB3BA5CC6B1A5389.jpg"},"logo":{"normalUrl":"https:\/\/cdn.nlziet.nl\/static\/assets\/contentproviders\/npo.png","darkUrl":"https:\/\/cdn.nlziet.nl\/static\/assets\/contentproviders\/dark\/npo.png","flatUrl":"https:\/\/cdn.nlziet.nl\/static\/assets\/contentproviders\/flat\/npo.png"},"tags":[],"seriesId":"6YZuJSI2XUKwAe4frZnZYw"},{"id":"nCFS3_R4K0Oo_yPFLsBEqg","type":"Vod","title":"Mr Selfridge","subtitle":"Mr Selfridge","description":"KRO-NCRV - Harry heeft flink in de film Double Trouble ge\u00efnvesteerd en het warenhuis wordt daarom even een filmset met de Dolly-zusters in de hoofdrol. Miss Marple keert terug.","formattedEpisodeNumbering":null,"formattedDate":"Za 23 jul. 2016","formattedDateShort":"Jul. 2016","formattedTime":"20:25","formattedDuration":"46m","formattedAvailabilityWindow":null,"formattedAvailabilityWindowShort":null,"image":{"portraitUrl":null,"landscapeUrl":"https:\/\/images.nlziet.nl\/metadataimportimages\/source\/EB3369E1F6F023338C4FE4E1705B05A2E765A15A81EC39EEF9A4F14DA296BBF4.jpg"},"logo":{"normalUrl":"https:\/\/cdn.nlziet.nl\/static\/assets\/contentproviders\/npo.png","darkUrl":"https:\/\/cdn.nlziet.nl\/static\/assets\/contentproviders\/dark\/npo.png","flatUrl":"https:\/\/cdn.nlziet.nl\/static\/assets\/contentproviders\/flat\/npo.png"},"tags":[],"seriesId":"6YZuJSI2XUKwAe4frZnZYw"},{"id":"ZX6LcZJRNk--slceOSwDCw","type":"Vod","title":"Mr Selfridge","subtitle":"Mr Selfridge","description":"KRO-NCRV - Harry nodigt zijn vrienden en de pers uit naar Biarritz. Mae probeert hem daar om te praten meer tijd aan zijn kinderen te besteden en minder aan de Dolly-zusters.","formattedEpisodeNumbering":null,"formattedDate":"Za 16 jul. 2016","formattedDateShort":"Jul. 2016","formattedTime":"20:30","formattedDuration":"45m","formattedAvailabilityWindow":null,"formattedAvailabilityWindowShort":null,"image":{"portraitUrl":null,"landscapeUrl":null},"logo":{"normalUrl":"https:\/\/cdn.nlziet.nl\/static\/assets\/contentproviders\/npo.png","darkUrl":"https:\/\/cdn.nlziet.nl\/static\/assets\/contentproviders\/dark\/npo.png","flatUrl":"https:\/\/cdn.nlziet.nl\/static\/assets\/contentproviders\/flat\/npo.png"},"tags":[],"seriesId":"6YZuJSI2XUKwAe4frZnZYw"},{"id":"vHzF0w_kuEmKPqDwXuE2oA","type":"Vod","title":"Mr Selfridge","subtitle":"Mr Selfridge","description":"KRO-NCRV - Ondanks dat hij weet dat zijn kinderen hem nodig hebben na het overlijden van hun oma, kan Harry het gokken niet laten en is hij altijd van huis. Kitty ontmoet Elizabeth Arden, die haar onmiddellijk een baan in New York aanbiedt.","formattedEpisodeNumbering":null,"formattedDate":"Za 2 jul. 2016","formattedDateShort":"Jul. 2016","formattedTime":"20:15","formattedDuration":"46m","formattedAvailabilityWindow":null,"formattedAvailabilityWindowShort":null,"image":{"portraitUrl":null,"landscapeUrl":null},"logo":{"normalUrl":"https:\/\/cdn.nlziet.nl\/static\/assets\/contentproviders\/npo.png","darkUrl":"https:\/\/cdn.nlziet.nl\/static\/assets\/contentproviders\/dark\/npo.png","flatUrl":"https:\/\/cdn.nlziet.nl\/static\/assets\/contentproviders\/flat\/npo.png"},"tags":[],"seriesId":"6YZuJSI2XUKwAe4frZnZYw"},{"id":"5kyQ7OhY30qn5A_Ft1uZJQ","type":"Vod","title":"Mr Selfridge","subtitle":"Mr Selfridge","description":"KRO-NCRV - Harry is herstellende van zijn val en ergert zich aan de publiciteit rondom zijn zoon, die het roer zou hebben overgenomen. Hij besluit weer aan de slag te gaan.","formattedEpisodeNumbering":null,"formattedDate":"Za 25 jun. 2016","formattedDateShort":"Jun. 2016","formattedTime":"20:30","formattedDuration":"45m","formattedAvailabilityWindow":null,"formattedAvailabilityWindowShort":null,"image":{"portraitUrl":null,"landscapeUrl":null},"logo":{"normalUrl":"https:\/\/cdn.nlziet.nl\/static\/assets\/contentproviders\/npo.png","darkUrl":"https:\/\/cdn.nlziet.nl\/static\/assets\/contentproviders\/dark\/npo.png","flatUrl":"https:\/\/cdn.nlziet.nl\/static\/assets\/contentproviders\/flat\/npo.png"},"tags":[],"seriesId":"6YZuJSI2XUKwAe4frZnZYw"},{"id":"Dr1SfUE3M0-kYXP2ELCSxw","type":"Vod","title":"Mr Selfridge","subtitle":"Mr Selfridge","description":"KRO-NCRV - Het is 1928, negen jaar nadat zijn vrouw is overleden. Harry geniet weer van het leven. Als hij op het punt staat voor zijn warenhuis een nieuw monument te onthullen, krijgt hij onverwacht bezoek van een speciale gast.","formattedEpisodeNumbering":null,"formattedDate":"Za 18 jun. 2016","formattedDateShort":"Jun. 2016","formattedTime":"20:15","formattedDuration":"44m","formattedAvailabilityWindow":null,"formattedAvailabilityWindowShort":null,"image":{"portraitUrl":null,"landscapeUrl":"https:\/\/images.nlziet.nl\/metadataimportimages\/source\/4E05A4087CFA9AC2D6D8EA53951194D3871F0D61F8AAA9B3FEADDDFE675FA525.jpg"},"logo":{"normalUrl":"https:\/\/cdn.nlziet.nl\/static\/assets\/contentproviders\/npo.png","darkUrl":"https:\/\/cdn.nlziet.nl\/static\/assets\/contentproviders\/dark\/npo.png","flatUrl":"https:\/\/cdn.nlziet.nl\/static\/assets\/contentproviders\/flat\/npo.png"},"tags":[],"seriesId":"6YZuJSI2XUKwAe4frZnZYw"}]