[{"id":"DH05FprFBk-Om5latwtzhQ","type":"Vod","title":"Andr\u00e9 Rieu op weg naar Vrijthof","subtitle":"Andr\u00e9 Rieu op weg naar Vrijthof","description":"AVROTROS - Andr\u00e9 Rieu op weg naar Vrijthof","formattedEpisodeNumbering":null,"formattedDate":"Do 16 mei. 2019","formattedDateShort":"Mei. 2019","formattedTime":"16:05","formattedDuration":"9m","formattedAvailabilityWindow":null,"formattedAvailabilityWindowShort":null,"image":{"portraitUrl":null,"landscapeUrl":"https:\/\/images.nlziet.nl\/metadataimportimages\/source\/B046CA0DD415188C2274A4D6092275DAFF1793D86A91E8B0ACE9B4C8D1F2D05A.jpg"},"logo":{"normalUrl":"https:\/\/cdn.nlziet.nl\/static\/assets\/contentproviders\/npo.png","darkUrl":"https:\/\/cdn.nlziet.nl\/static\/assets\/contentproviders\/dark\/npo.png","flatUrl":"https:\/\/cdn.nlziet.nl\/static\/assets\/contentproviders\/flat\/npo.png"},"tags":[],"seriesId":"6nYNguFY_Eiaeu9gIcxSyg"}]