[{"id":"OgqUWSvUe06dniQYC-Aj9Q","type":"Vod","title":"Erica op Reis","subtitle":"Het Afrikaanse Koninkrijk Barotseland","description":"MAX - Barotseland grenst aan de landen Zambia, Zimbabwe en Botswana, en heeft een prachtige natuur. Erica bezoekt de imposante Victoria Falls, deze watervallen zijn met 1,7 kilometer de breedste van Afrika. Ook brengt ze een bezoek aan een onderkoning, die merkwaardig genoeg \u2018gevangen\u2019 zit in zijn eigen paleis. Verder ontmoet ze een traditionele medicijnman van het Lozi-volk die op bijzondere wijze in contact kan komen met voorouders. Een bezoek aan Afrika is uiteraard niet compleet zonder de natuur te aanschouwen. In een van de mooiste nationale parken van Afrika gaat Erica op safari, op zoek naar de wilde dieren van het land.","formattedEpisodeNumbering":"S4:A3","formattedDate":"Zo 19 jun. 2016","formattedDateShort":"Jun. 2016","formattedTime":"18:10","formattedDuration":"40m","formattedAvailabilityWindow":null,"formattedAvailabilityWindowShort":null,"image":{"portraitUrl":null,"landscapeUrl":"https:\/\/images.nlziet.nl\/metadataimportimages\/source\/AAE2657B224F01CE619DF370B0DA796040B1E24686F3543D2D2368B139F6EAD5.jpg"},"logo":{"normalUrl":"https:\/\/cdn.nlziet.nl\/static\/assets\/contentproviders\/npo.png","darkUrl":"https:\/\/cdn.nlziet.nl\/static\/assets\/contentproviders\/dark\/npo.png","flatUrl":"https:\/\/cdn.nlziet.nl\/static\/assets\/contentproviders\/flat\/npo.png"},"tags":[],"seriesId":"6JNC-1-6i0KUh0PX3tUNkg"},{"id":"jTK4T6dbu0Sk2-SFeRxulA","type":"Vod","title":"Erica op Reis","subtitle":"Cuba","description":"MAX - Erica Terpstra reist naar Mongoli\u00eb, het dunst bevolkte land op aarde, en een land dat buiten de hoofdstad nog nauwelijks door de moderne tijd lijkt aangeraakt. Ze ondergaat een wonderbaarlijke ceremonie bij een traditionele sjamaan, ontmoet boeddhistische monniken, en brengt de nacht door in een tent bij de nomaden. Ze ontdekt dat de roemruchte krijgsheer Dzjengis Khan, die bij ons te boek staat als een van de meest bloeddorstige heersers uit de geschiedenis, maar hier nog altijd op een voetstuk staat. Op de markt van de hoofdstad Ulaanbaatar komt ze terecht op de afdeling waar de Mongoolse sjamanen de lugubere inkopen voor hun ceremonie\u00ebn doen.","formattedEpisodeNumbering":"S4:A1","formattedDate":"Zo 28 jun. 2015","formattedDateShort":"Jun. 2015","formattedTime":"18:10","formattedDuration":"40m","formattedAvailabilityWindow":null,"formattedAvailabilityWindowShort":null,"image":{"portraitUrl":null,"landscapeUrl":"https:\/\/images.nlziet.nl\/metadataimportimages\/source\/BD0DBAB7A9BB8584D888E7D5E51A5E65F7F503AD21516BB3A0A6491CDE38528F.jpg"},"logo":{"normalUrl":"https:\/\/cdn.nlziet.nl\/static\/assets\/contentproviders\/npo.png","darkUrl":"https:\/\/cdn.nlziet.nl\/static\/assets\/contentproviders\/dark\/npo.png","flatUrl":"https:\/\/cdn.nlziet.nl\/static\/assets\/contentproviders\/flat\/npo.png"},"tags":[],"seriesId":"6JNC-1-6i0KUh0PX3tUNkg"}]