[{"id":"jzGZB12j-UC8qleHGH99SQ","type":"Vod","title":"Andr\u00e9 Rieu","subtitle":"Andr\u00e9 Rieu op het Vrijthof 2014","description":"AVROTROS - Tien jaar Vrijthofconcerten! Dit jubileum is voor Andr\u00e9 Rieu reden om extra feestelijk uit te pakken en er een fantastisch en onvergetelijk jubileumconcert van te maken. Speciaal voor deze tiende editie laat hij het Vrijthof in Venetiaanse sfeer aankleden, compleet met Dogenpaleis, Rialtobrug, een schitterende Italiaanse fontein en een kleurrijke Venetiaanse Maskerade. 'Andr\u00e9 Rieu op het Vrijthof 2014' is een avond vol heerlijke Italiaanse muziek, van wereldhits als Funiculi funicula, Tiritomba en Vieni sul Mar tot prachtige opera aria's. Ter gelegenheid van dit jubileum komt de Italiaanse zanger Rocco Granata zijn wereldhit Marina zingen. Maar natuurlijk vergeet Andr\u00e9 ook de Weense wals niet. Deze keer is de uitvoering van 'An der sch\u00f6nen blauen Donau' wel heel speciaal, want voor het eerst in zijn lange carri\u00e8re komt Andr\u00e9 van het podium naar beneden om met zijn oudste fan te walsen! Tienduizenden fans van over de hele wereld genoten live van dit schitterende jubileumconcert op het Vrijthof.","formattedEpisodeNumbering":null,"formattedDate":"Za 27 dec. 2014","formattedDateShort":"Dec. 2014","formattedTime":"22:03","formattedDuration":"1u 59m","formattedAvailabilityWindow":null,"formattedAvailabilityWindowShort":null,"image":{"portraitUrl":null,"landscapeUrl":"https:\/\/images.nlziet.nl\/metadataimportimages\/source\/C270FA02F6E58DF9A3657BEDB8D9DFDA08558B45ECA0604B227D2085BCCE5B6E.jpg"},"logo":{"normalUrl":"https:\/\/cdn.nlziet.nl\/static\/assets\/contentproviders\/npo.png","darkUrl":"https:\/\/cdn.nlziet.nl\/static\/assets\/contentproviders\/dark\/npo.png","flatUrl":"https:\/\/cdn.nlziet.nl\/static\/assets\/contentproviders\/flat\/npo.png"},"tags":[],"seriesId":"6nYNguFY_Eiaeu9gIcxSyg"}]