[{"id":"VoVa-pLwtkGPricIiXc2Ug","type":"Vod","title":"Zappsport","subtitle":"Zappsport","description":"AVROTROS - Kindersportprogramma waarin alle takken van sport voorbijkomen.","formattedEpisodeNumbering":null,"formattedDate":"Za 31 dec. 2016","formattedDateShort":"Dec. 2016","formattedTime":"08:15","formattedDuration":"15m","formattedAvailabilityWindow":null,"formattedAvailabilityWindowShort":null,"image":{"portraitUrl":null,"landscapeUrl":"https:\/\/images.nlziet.nl\/metadataimportimages\/source\/B8A89B1803759090EFB1022FDD702BCCA8726F525E3878EAB7925717FAD69AB6.jpg"},"logo":{"normalUrl":"https:\/\/cdn.nlziet.nl\/static\/assets\/contentproviders\/npo.png","darkUrl":"https:\/\/cdn.nlziet.nl\/static\/assets\/contentproviders\/dark\/npo.png","flatUrl":"https:\/\/cdn.nlziet.nl\/static\/assets\/contentproviders\/flat\/npo.png"},"tags":[],"seriesId":"7QrOqPrilEGeM3pgWB1w1A"},{"id":"1mk8zmLAy0CZW_qkRZuELw","type":"Vod","title":"Zappsport","subtitle":"Zappsport","description":"AVROTROS - Wie wordt Zappsporter van het Jaar?\nDit zijn  de kanshebbers:\nTurnster Sanne Wevers\nWielrenner Tom Dumoulin en \nAtlete Marlou van Rhijn.","formattedEpisodeNumbering":null,"formattedDate":"Zo 25 dec. 2016","formattedDateShort":"Dec. 2016","formattedTime":"08:35","formattedDuration":"20m","formattedAvailabilityWindow":null,"formattedAvailabilityWindowShort":null,"image":{"portraitUrl":null,"landscapeUrl":"https:\/\/images.nlziet.nl\/metadataimportimages\/source\/916D61C805A67464ED7F863745CE5A07C3B0BE6166F757CF940BB75839CA04A7.jpg"},"logo":{"normalUrl":"https:\/\/cdn.nlziet.nl\/static\/assets\/contentproviders\/npo.png","darkUrl":"https:\/\/cdn.nlziet.nl\/static\/assets\/contentproviders\/dark\/npo.png","flatUrl":"https:\/\/cdn.nlziet.nl\/static\/assets\/contentproviders\/flat\/npo.png"},"tags":[],"seriesId":"7QrOqPrilEGeM3pgWB1w1A"},{"id":"jjHhL5x4RUGESr1SS2NSqw","type":"Vod","title":"Zappsport","subtitle":"Zappsport","description":"AVROTROS - Zappsport Schaatsteam \u2013 afl. 2 \n\nVoormalig top-schaatser Jochem Uytdehaage stoomt vijf kinderen met weinig of geen schaatservaring klaar voor de alternatieve Elfstedentocht.\n\nJochem is ambassadeur van NCFS, een stichting die zich inzet voor mensen met taaislijmziekte. Sport is voor hen heel belangrijk.\n\nPresentatrice Naomi van As: \u201cHet is een geweldige uitdaging die we aangaan. Ik wil laten zien dat niets onmogelijk is en zorgen dat het team een prestatie gaat neerzetten om trots op te zijn.\u201d","formattedEpisodeNumbering":null,"formattedDate":"Za 24 dec. 2016","formattedDateShort":"Dec. 2016","formattedTime":"09:00","formattedDuration":"16m","formattedAvailabilityWindow":null,"formattedAvailabilityWindowShort":null,"image":{"portraitUrl":null,"landscapeUrl":"https:\/\/images.nlziet.nl\/metadataimportimages\/source\/CC2D4AF01BD0BD7C81E45C94464EA458C63A879621A60745436FE748C2D84CB2.jpg"},"logo":{"normalUrl":"https:\/\/cdn.nlziet.nl\/static\/assets\/contentproviders\/npo.png","darkUrl":"https:\/\/cdn.nlziet.nl\/static\/assets\/contentproviders\/dark\/npo.png","flatUrl":"https:\/\/cdn.nlziet.nl\/static\/assets\/contentproviders\/flat\/npo.png"},"tags":[],"seriesId":"7QrOqPrilEGeM3pgWB1w1A"},{"id":"n_3m3FGhe0O0KUv8HyZFvQ","type":"Vod","title":"Zappsport","subtitle":"Zappsport","description":"AVROTROS - Kindersportprogramma waarin alle takken van sport voorbijkomen.","formattedEpisodeNumbering":null,"formattedDate":"Zo 18 dec. 2016","formattedDateShort":"Dec. 2016","formattedTime":"08:40","formattedDuration":"16m","formattedAvailabilityWindow":null,"formattedAvailabilityWindowShort":null,"image":{"portraitUrl":null,"landscapeUrl":"https:\/\/images.nlziet.nl\/metadataimportimages\/source\/2F909A1339C06EFCA8EA44FED21BEE1781CF9B6EDAEE7D0D9E2A072CB47CECEB.jpg"},"logo":{"normalUrl":"https:\/\/cdn.nlziet.nl\/static\/assets\/contentproviders\/npo.png","darkUrl":"https:\/\/cdn.nlziet.nl\/static\/assets\/contentproviders\/dark\/npo.png","flatUrl":"https:\/\/cdn.nlziet.nl\/static\/assets\/contentproviders\/flat\/npo.png"},"tags":[],"seriesId":"7QrOqPrilEGeM3pgWB1w1A"},{"id":"xbtx28Rz2Uek9SueI83rrg","type":"Vod","title":"Zappsport","subtitle":"Zappsport","description":"AVROTROS - Jochem Uytdehaage traint Zappsport Schaatsteam\n\nBij Zappsport is het al zeker: de Elfstedentocht gaat door! Voormalig top-schaatser Jochem Uytdehaage stoomt vijf kinderen met weinig of geen schaatservaring hiervoor klaar. Jochem en het schaatsteam zetten zich in voor CF, taaislijmziekte. Als je CF hebt, gaat ademen soms wat moeilijker omdat het slijm in je lichaam dus niet zo flexibel is. Sporten is dan goed. \n\nHoe de trainingen verlopen is vanaf 17 december te volgen in het programma. Kijkers kunnen ook deelnemen aan de alternatieve versie van de Tocht der tochten die op 15 januari 2017 wordt verreden in Biddinghuizen.\nWil jij ook kinderen met CF helpen? Dat kan! Door een actie te doen waarbij je geld voor de CF stichting inzamelt, zodat zij op zoek kunnen naar een medicijn.","formattedEpisodeNumbering":null,"formattedDate":"Za 17 dec. 2016","formattedDateShort":"Dec. 2016","formattedTime":"08:55","formattedDuration":"16m","formattedAvailabilityWindow":null,"formattedAvailabilityWindowShort":null,"image":{"portraitUrl":null,"landscapeUrl":"https:\/\/images.nlziet.nl\/metadataimportimages\/source\/2CFA8B80AC87B11837564BE7156353B66E256C389A9450437753AC421291825D.jpg"},"logo":{"normalUrl":"https:\/\/cdn.nlziet.nl\/static\/assets\/contentproviders\/npo.png","darkUrl":"https:\/\/cdn.nlziet.nl\/static\/assets\/contentproviders\/dark\/npo.png","flatUrl":"https:\/\/cdn.nlziet.nl\/static\/assets\/contentproviders\/flat\/npo.png"},"tags":[],"seriesId":"7QrOqPrilEGeM3pgWB1w1A"},{"id":"NpjR0ZIQvUS75QS5r0csnw","type":"Vod","title":"Zappsport","subtitle":"Zappsport","description":"AVROTROS - Hellup volleybal met topper Debby Stam-Pilon.  \nDebby is een Nederlandse volleybalster die speelt voor de Poolse club BPS Muszynianka Fakro Muszyna. Ze kwam tevens uit voor het Nederlandse volleybalteam tijdens de FIVB World Grand Prix in 2007 en 2009. Vanaf september 2012 tot halverwege vorig jaar kwam zij niet in actie voor de nationale ploeg wegens een rugblessure en de geboorte van haar zoontje. Debby is met ruim driehonderd interlands de meest ervaren international in de selectie. Zij is libero.\n\nJill (9 jaar) zit in een team met 4 meisjes en 1 jongen. Volleybal vindt zij geweldig en het gaat ook heel goed, alleen soms vindt ze het moeilijk om een bal naar de spelverdeler te krijgen. Dan wil ze de bal recht spelen maar gaat hij de verkeerde kant op. Debby als echte libero kan haar hier natuurlijk super goed mee helpen! Ze is mega fan van het Nederlands volleybal team.\n\n- Portret Rh\u00f6nrad. Sterre en Kaya (12) zijn tweeling en zitten beide al 3 jaar op Rh\u00f6nraden. Het is een onderdeel van turnen wat ze ook al jaren doen.  Ze trainen 3x in de week en hebben ongeveer 1x in de maand een wedstrijd of demonstratie. Ze hebben zich kort geleden geplaatst voor het NK. Volgens hun coach is er nog geen wedstrijd geweest waarin de tweeling niet op het podium heeft gestaan.\n\nRik (12) kart al sinds zijn 5e. Hij is Nederlands Rookie kampioen 2016, Rotax minimax klasse (klasse 10-13 jaar). Hij zit op de middelbare school in de eerste klas. In oktober heeft hij meegedaan aan het WK in Italie, en dat ging super goed. Hij werd 16e. Er deden maar twee jongens mee uit Nederland. Rik houdt heel veel van snelheid en karten, en ook van lekker sleutelen aan zijn kart.","formattedEpisodeNumbering":null,"formattedDate":"Zo 11 dec. 2016","formattedDateShort":"Dec. 2016","formattedTime":"08:40","formattedDuration":"16m","formattedAvailabilityWindow":null,"formattedAvailabilityWindowShort":null,"image":{"portraitUrl":null,"landscapeUrl":"https:\/\/images.nlziet.nl\/metadataimportimages\/source\/15E0A0FD776FE351FBDB43022F01ABA2B844971BEB356C70A8995B187C1AF866.jpg"},"logo":{"normalUrl":"https:\/\/cdn.nlziet.nl\/static\/assets\/contentproviders\/npo.png","darkUrl":"https:\/\/cdn.nlziet.nl\/static\/assets\/contentproviders\/dark\/npo.png","flatUrl":"https:\/\/cdn.nlziet.nl\/static\/assets\/contentproviders\/flat\/npo.png"},"tags":[],"seriesId":"7QrOqPrilEGeM3pgWB1w1A"},{"id":"YpBSdka-CEmrONblClWOnQ","type":"Vod","title":"Zappsport","subtitle":"Zappsport","description":"AVROTROS - De jongens tegen de meiden in de battle ijshockey. Ze worden getraind door\n\nJonne de Bonth, die in de selectie speelt van de Trappers en in U20 Oranje.\n\nDaisy Zieltjens, is Goalie Trappers \u2013 Damesteam","formattedEpisodeNumbering":null,"formattedDate":"Za 10 dec. 2016","formattedDateShort":"Dec. 2016","formattedTime":"08:55","formattedDuration":"15m","formattedAvailabilityWindow":null,"formattedAvailabilityWindowShort":null,"image":{"portraitUrl":null,"landscapeUrl":"https:\/\/images.nlziet.nl\/metadataimportimages\/source\/F6094734921B1CE15906AF80FB643CC4BF5A67A2F33082384585E746009F8B7C.jpg"},"logo":{"normalUrl":"https:\/\/cdn.nlziet.nl\/static\/assets\/contentproviders\/npo.png","darkUrl":"https:\/\/cdn.nlziet.nl\/static\/assets\/contentproviders\/dark\/npo.png","flatUrl":"https:\/\/cdn.nlziet.nl\/static\/assets\/contentproviders\/flat\/npo.png"},"tags":[],"seriesId":"7QrOqPrilEGeM3pgWB1w1A"},{"id":"6kzOvXby_ES-NmEQ_4OpPg","type":"Vod","title":"Zappsport","subtitle":"Zappsport","description":"AVROTROS - De meisjes tegen de jongens in de battle boulderen met toppers: \n\nJulia Meijer, zit sinds 2015 bij Jong Oranje. Dit jaar won ze het NK Boulder voor senioren in Amsterdam. Podiumplaatsen bij nationale jeugd- en seniorenwedstrijden in zowel de discipline boulder als lead zijn voor de Eindhovense Julia geen uitzondering. \n\nZeno Schaekers, zit sinds dit jaar bij Jong Oranje. Op zaterdag 10 december doet Zeno mee aan het NK Lead in Amsterdam. Eerder won hij meerdere nationale jeugdwedstrijden, werd hij derde op het NJK Boulder in Utrecht dit jaar en won hij het NJK Boulder in 2015. Ook in de seniorencompetitie weet het talent uit Nieuwegein zijn mannetje te staan.","formattedEpisodeNumbering":null,"formattedDate":"Za 3 dec. 2016","formattedDateShort":"Dec. 2016","formattedTime":"09:00","formattedDuration":"15m","formattedAvailabilityWindow":null,"formattedAvailabilityWindowShort":null,"image":{"portraitUrl":null,"landscapeUrl":"https:\/\/images.nlziet.nl\/metadataimportimages\/source\/D34C421CFA20BC26312B8C51E962CC517B9494F55540D4F32428154D95BD1690.jpg"},"logo":{"normalUrl":"https:\/\/cdn.nlziet.nl\/static\/assets\/contentproviders\/npo.png","darkUrl":"https:\/\/cdn.nlziet.nl\/static\/assets\/contentproviders\/dark\/npo.png","flatUrl":"https:\/\/cdn.nlziet.nl\/static\/assets\/contentproviders\/flat\/npo.png"},"tags":[],"seriesId":"7QrOqPrilEGeM3pgWB1w1A"},{"id":"0-wTTEG0QE6bz82W1riv7w","type":"Vod","title":"Zappsport","subtitle":"Zappsport","description":"AVROTROS - Kindersportprogramma waarin alle takken van sport voorbijkomen.","formattedEpisodeNumbering":null,"formattedDate":"Zo 27 nov. 2016","formattedDateShort":"Nov. 2016","formattedTime":"08:40","formattedDuration":"16m","formattedAvailabilityWindow":null,"formattedAvailabilityWindowShort":null,"image":{"portraitUrl":null,"landscapeUrl":"https:\/\/images.nlziet.nl\/metadataimportimages\/source\/5FE3410A2A632C027939CBD4B097E33970DE4BE896ED724B4179D5BA2B83DB82.jpg"},"logo":{"normalUrl":"https:\/\/cdn.nlziet.nl\/static\/assets\/contentproviders\/npo.png","darkUrl":"https:\/\/cdn.nlziet.nl\/static\/assets\/contentproviders\/dark\/npo.png","flatUrl":"https:\/\/cdn.nlziet.nl\/static\/assets\/contentproviders\/flat\/npo.png"},"tags":[],"seriesId":"7QrOqPrilEGeM3pgWB1w1A"},{"id":"6D9HeodpokGO_flSQ8_D5w","type":"Vod","title":"Zappsport","subtitle":"Zappsport","description":"AVROTROS - Kindersportprogramma waarin alle takken van sport voorbijkomen.","formattedEpisodeNumbering":null,"formattedDate":"Za 26 nov. 2016","formattedDateShort":"Nov. 2016","formattedTime":"08:55","formattedDuration":"16m","formattedAvailabilityWindow":null,"formattedAvailabilityWindowShort":null,"image":{"portraitUrl":null,"landscapeUrl":"https:\/\/images.nlziet.nl\/metadataimportimages\/source\/714577C8EA18AE622F8F01DD3E327C7D73D6600E314344C21B8FD3F3DA20498B.jpg"},"logo":{"normalUrl":"https:\/\/cdn.nlziet.nl\/static\/assets\/contentproviders\/npo.png","darkUrl":"https:\/\/cdn.nlziet.nl\/static\/assets\/contentproviders\/dark\/npo.png","flatUrl":"https:\/\/cdn.nlziet.nl\/static\/assets\/contentproviders\/flat\/npo.png"},"tags":[],"seriesId":"7QrOqPrilEGeM3pgWB1w1A"},{"id":"Utt4NzPStkitGGUds0OrYw","type":"Vod","title":"Zappsport","subtitle":"Zappsport","description":"AVROTROS - - Hellup Voetbal\n\nTopper \u2013 Nathan Rutjes\nNathan is een Nederlands voetballer die bij voorkeur in het middelveld speelt. Hij speelde o.a. bij Sparta Rotterdam en MVV Maastricht, maar komt nu uit voor RODA JC. Ook kreeg Nathan dit jaar bij het \u2018Voetballer van het Jaar Gala\u2019  de fantastische award voor \u201cMaatschappelijk speler eredivisie 2016\u201d. De opbrengst (50.000 euro) verdeelde hij over verschillende goede doelen.\n\nKind \u2013 Fee \nFee (8 jaar) is gek van Roda JC. Ze zit daar bij de kidsclub en is zelfs al eens het veld opgelopen met de ploeg samen. Ze zou graag les krijgen van Nathan omdat ze hem heel aardig en positief vindt. Ze speelt in de F1 en ze heeft nog een beetje moeite met de bal aannemen uit de lucht. Dat lukt vaak nog niet helemaal","formattedEpisodeNumbering":null,"formattedDate":"Zo 20 nov. 2016","formattedDateShort":"Nov. 2016","formattedTime":"08:40","formattedDuration":"15m","formattedAvailabilityWindow":null,"formattedAvailabilityWindowShort":null,"image":{"portraitUrl":null,"landscapeUrl":"https:\/\/images.nlziet.nl\/metadataimportimages\/source\/4284DAD431E985C3309238C9A8DBE5F5EBBA5EBFF4CD86E263884E8503B05D17.jpg"},"logo":{"normalUrl":"https:\/\/cdn.nlziet.nl\/static\/assets\/contentproviders\/npo.png","darkUrl":"https:\/\/cdn.nlziet.nl\/static\/assets\/contentproviders\/dark\/npo.png","flatUrl":"https:\/\/cdn.nlziet.nl\/static\/assets\/contentproviders\/flat\/npo.png"},"tags":[],"seriesId":"7QrOqPrilEGeM3pgWB1w1A"},{"id":"fcman6WROU6ymBJlFljGeQ","type":"Vod","title":"Zappsport","subtitle":"Zappsport","description":"AVROTROS - De meisjes tegen de jongens in de Battle longboarden met toppers Dineke Cornelissen en Aron Rovers.","formattedEpisodeNumbering":null,"formattedDate":"Za 19 nov. 2016","formattedDateShort":"Nov. 2016","formattedTime":"08:55","formattedDuration":"16m","formattedAvailabilityWindow":null,"formattedAvailabilityWindowShort":null,"image":{"portraitUrl":null,"landscapeUrl":"https:\/\/images.nlziet.nl\/metadataimportimages\/source\/00210AA78CBFA1439191E4CFCDA0F536CAE8AED678FFAD067E5E2C60EB3DBB2A.jpg"},"logo":{"normalUrl":"https:\/\/cdn.nlziet.nl\/static\/assets\/contentproviders\/npo.png","darkUrl":"https:\/\/cdn.nlziet.nl\/static\/assets\/contentproviders\/dark\/npo.png","flatUrl":"https:\/\/cdn.nlziet.nl\/static\/assets\/contentproviders\/flat\/npo.png"},"tags":[],"seriesId":"7QrOqPrilEGeM3pgWB1w1A"},{"id":"oJvdi878gka5tLAyY6BJfQ","type":"Vod","title":"Zappsport","subtitle":"Zappsport","description":"AVROTROS - Hellup tafeltennis \n\nTopper \u2013 Britt Eerland tafeltennist al sinds haar achtste. Ze werd in 2010 (als zestienjarige) individueel Europees kampioene. In 2016 werd zij voor het eerst Nederlands Kampioene enkelspel. Als twaalfjarige debuteerde zij in de Nederlandse eredivisie tafeltennis, waarin ze de jongste speelster ooit werd. Zij helpt River die helemaal gek is van tafeltennis. Hij vindt het leuk om het te spelen maar ook om naar te kijken. Competitie vindt hij het allerleukst omdat hij dan met zijn maatjes en zijn aller beste vriend kan samen spelen. River zou graag nog wat extra hulp willen krijgen bij zijn service want die is nog niet op zijn best.\n\nDurf te vragen: Quincy Promes, speler van het Nederlands elftal.\n\nRepo Urban dancing met Teun en Antonia, die samen dansen sinds september 2015. In mei 2016 hebben ze meegedaan aan open NK wedstrijden voor Juveniles 1 bij de NADB in Almere, en daarbij zijn zij bij zowel Ballroom als Latin eerste geworden. Ze dansen 2 uur per week samen. Op vrijdagavond en zaterdag middag hebben ze training in stijldansen, maar daarnaast spreken ze ook nog wel eens samen af om te spelen en gaan ze bijvoorbeeld naar de bioscoop. Door het dansen hebben ze elkaar ontmoet en zijn ze dikke vrienden geworden. Teun en Antonia vinden muziek en bewegen erg leuk en kunnen eigenlijk niet zonder.","formattedEpisodeNumbering":null,"formattedDate":"Zo 13 nov. 2016","formattedDateShort":"Nov. 2016","formattedTime":"08:40","formattedDuration":"16m","formattedAvailabilityWindow":null,"formattedAvailabilityWindowShort":null,"image":{"portraitUrl":null,"landscapeUrl":"https:\/\/images.nlziet.nl\/metadataimportimages\/source\/529711DC1445CDD2F1086F2122CE3D03AE584B507B9FEE6489B075130C47EF16.jpg"},"logo":{"normalUrl":"https:\/\/cdn.nlziet.nl\/static\/assets\/contentproviders\/npo.png","darkUrl":"https:\/\/cdn.nlziet.nl\/static\/assets\/contentproviders\/dark\/npo.png","flatUrl":"https:\/\/cdn.nlziet.nl\/static\/assets\/contentproviders\/flat\/npo.png"},"tags":[],"seriesId":"7QrOqPrilEGeM3pgWB1w1A"},{"id":"aMfB47W770mlxCKLDENJXg","type":"Vod","title":"Zappsport","subtitle":"Zappsport","description":"AVROTROS - Battle ropeskipping (touwtjespringen)\n\nToppers:\nTessa van der Mark\nHeeft ooit meegedaan aan een move!\n\nPascal Kempers\nPas een jaar bezig maar is erg goed.","formattedEpisodeNumbering":null,"formattedDate":"Za 12 nov. 2016","formattedDateShort":"Nov. 2016","formattedTime":"08:55","formattedDuration":"16m","formattedAvailabilityWindow":null,"formattedAvailabilityWindowShort":null,"image":{"portraitUrl":null,"landscapeUrl":"https:\/\/images.nlziet.nl\/metadataimportimages\/source\/EC2E99C56683476462CEA7B92948E1BB6002C565AF157A2FF8876F21AF0BFCEE.jpg"},"logo":{"normalUrl":"https:\/\/cdn.nlziet.nl\/static\/assets\/contentproviders\/npo.png","darkUrl":"https:\/\/cdn.nlziet.nl\/static\/assets\/contentproviders\/dark\/npo.png","flatUrl":"https:\/\/cdn.nlziet.nl\/static\/assets\/contentproviders\/flat\/npo.png"},"tags":[],"seriesId":"7QrOqPrilEGeM3pgWB1w1A"},{"id":"WnEIjtoO1EyRXmGSTo4KuQ","type":"Vod","title":"Zappsport","subtitle":"Zappsport","description":"AVROTROS - Hellup snowboard \nTopper - Cheryl Maas, gespecialiseerd in de halfpipe. Tijdens de wereldkampioenschappen in Oslo werd zij vierde op het onderdeel Slopestyle. Ze woont in Oslo en is vol in haar voorbereiding richting de Spelen van 2018. \n\nJada is 10 en onwijs fan van Cheryl. Ze heeft onlangs een poster via Cheryl weten te verkrijgen met een handtekening er op die hangt nu prominent in haar kamer. Verder heeft ze haar spreekbeurt gedaan over Cheryl en kijkt ze dagelijks naar trucs van haar op YouTube en Instagram. Cheryl heeft ooit een foto van Jada geliked, toen was ze door het dolle heen. Ze kan dan ook niet wachten om Cheryl eindelijk in het echt te ontmoeten. Ze zou graag haar 180 verbeteren. Ze heeft namelijk moeite met het landen op haar verkeerde voet.","formattedEpisodeNumbering":null,"formattedDate":"Zo 6 nov. 2016","formattedDateShort":"Nov. 2016","formattedTime":"08:40","formattedDuration":"15m","formattedAvailabilityWindow":null,"formattedAvailabilityWindowShort":null,"image":{"portraitUrl":null,"landscapeUrl":"https:\/\/images.nlziet.nl\/metadataimportimages\/source\/D12136291FB3E0B9DDF2DA4A042829713D6D4900106C430D98A08AA8528F9587.jpg"},"logo":{"normalUrl":"https:\/\/cdn.nlziet.nl\/static\/assets\/contentproviders\/npo.png","darkUrl":"https:\/\/cdn.nlziet.nl\/static\/assets\/contentproviders\/dark\/npo.png","flatUrl":"https:\/\/cdn.nlziet.nl\/static\/assets\/contentproviders\/flat\/npo.png"},"tags":[],"seriesId":"7QrOqPrilEGeM3pgWB1w1A"},{"id":"53Uxpw93N0WRsy3gLcPfWg","type":"Vod","title":"Zappsport","subtitle":"Zappsport","description":"AVROTROS - De jongens strijden tegen de meisjes in de Battle golf. Ze worden begeleid door de volgende toppers:\n\nZhen Bontan is negentien jaar en maakt deel uit van de Oranje damesselectie. Ze droomt als amateur van een mooie profcarri\u00e8re als tourspeelster maar zal voorlopig nog amateur blijven. Zhen is o.m. Nederlands Kampioen t\/m 12 jaar in 2009 en winnares van het Dutch Junior Open 2016.\n\nFloris de Vries heeft meerdere nationale en internationale toernooien gewonnen. Na een aantal jaar als fulltime amateur vond werd het tijd voor de volgende stap in zijn carri\u00e8re en besloot hij om professional te worden. Een jongensdroom kwam uit; spelen op de European Tour. Vanwege zware blessures heeft Floris moeten besluiten om zijn carri\u00e8re als fulltime professional in te ruilen voor een nieuwe carri\u00e8re als coach en teaching professional.","formattedEpisodeNumbering":null,"formattedDate":"Za 5 nov. 2016","formattedDateShort":"Nov. 2016","formattedTime":"08:55","formattedDuration":"16m","formattedAvailabilityWindow":null,"formattedAvailabilityWindowShort":null,"image":{"portraitUrl":null,"landscapeUrl":"https:\/\/images.nlziet.nl\/metadataimportimages\/source\/FC9F7254EE4E2317BCE49C40A1B98E57BFED1EF269113DE900E74D6B561963F6.jpg"},"logo":{"normalUrl":"https:\/\/cdn.nlziet.nl\/static\/assets\/contentproviders\/npo.png","darkUrl":"https:\/\/cdn.nlziet.nl\/static\/assets\/contentproviders\/dark\/npo.png","flatUrl":"https:\/\/cdn.nlziet.nl\/static\/assets\/contentproviders\/flat\/npo.png"},"tags":[],"seriesId":"7QrOqPrilEGeM3pgWB1w1A"},{"id":"svtOgydlwkeAHqshjAwRjw","type":"Vod","title":"Zappsport","subtitle":"Zappsport","description":"AVROTROS - - Hellup hockey \nTopper Joyce Sombroek is een Nederlands Hockeyster die als keepster speelt. Ze speelde tot op heden 97 offici\u00eble interlands. In 2012 werd ze met het Nederlands Team Olympisch Kampioen. In 2014 werd ze met het Nederlands Team Wereldkampioen. Ze heeft gedurende het toernooi geen een doelpunt tegen gekregen en werd mede vanwege deze unieke prestatie verkozen tot de beste keepster van de wereld. Tijdens de Olympische zomerspelen van 2016 won Joyce zilver met haar team. Ze gaat Lotte van 11 jaar helpen en is al 2 jaar vaste keepster bij haar club in Alphen aan de Rijn. Ze wil beter worden in de bloksliding omdat de tegenstander nu nog vaak kan scoren uit de rebound (als de bal tegen haar legguards komt en weer terugkaatst naar de tegenstander).","formattedEpisodeNumbering":null,"formattedDate":"Zo 30 okt. 2016","formattedDateShort":"Okt. 2016","formattedTime":"08:35","formattedDuration":"16m","formattedAvailabilityWindow":null,"formattedAvailabilityWindowShort":null,"image":{"portraitUrl":null,"landscapeUrl":"https:\/\/images.nlziet.nl\/metadataimportimages\/source\/13DDBC631C6A09AC4C2775F3A9A5794E51AA59EE315EC8FF9CCBAFE0A930C770.jpg"},"logo":{"normalUrl":"https:\/\/cdn.nlziet.nl\/static\/assets\/contentproviders\/npo.png","darkUrl":"https:\/\/cdn.nlziet.nl\/static\/assets\/contentproviders\/dark\/npo.png","flatUrl":"https:\/\/cdn.nlziet.nl\/static\/assets\/contentproviders\/flat\/npo.png"},"tags":[],"seriesId":"7QrOqPrilEGeM3pgWB1w1A"},{"id":"aMR9yoqQ7kuSkW8PPqvYvQ","type":"Vod","title":"Zappsport","subtitle":"Zappsport","description":"AVROTROS - De jongens strijden tegen de meisjes in de Battle survivalrun. Ze worden geholpen door toppers Erik de Heer, voorzitter van een survivalgroep. Hij heeft al ruim 24 jaar survivalrun ervaring. Hij kwalificeerde zich dit jaar zowel voor het EK in Nederland als het WK in Canada. \nPriscilla de Vries werd 7e bij de vrouwen op het NK RUC 13 km en won de 9 km BSC survivalrun in Westenbork","formattedEpisodeNumbering":null,"formattedDate":"Za 29 okt. 2016","formattedDateShort":"Okt. 2016","formattedTime":"08:55","formattedDuration":"16m","formattedAvailabilityWindow":null,"formattedAvailabilityWindowShort":null,"image":{"portraitUrl":null,"landscapeUrl":"https:\/\/images.nlziet.nl\/metadataimportimages\/source\/BB0884213ED4F092E6C4EA8A2EF83F543D759BC0764BA9E7E7EEE7A6A6A8185B.jpg"},"logo":{"normalUrl":"https:\/\/cdn.nlziet.nl\/static\/assets\/contentproviders\/npo.png","darkUrl":"https:\/\/cdn.nlziet.nl\/static\/assets\/contentproviders\/dark\/npo.png","flatUrl":"https:\/\/cdn.nlziet.nl\/static\/assets\/contentproviders\/flat\/npo.png"},"tags":[],"seriesId":"7QrOqPrilEGeM3pgWB1w1A"},{"id":"jqh9IOTLQ0iVJco3gqAymg","type":"Vod","title":"Zappsport","subtitle":"Zappsport","description":"AVROTROS - Hellup schoonspringen \nTopper Uschi Freitag begon op jonge leeftijd met schoonspringen en werd verschillende keren Duits kampioen. In Nederland komt Uschi uit voor de Amsterdamse vereniging De Dolfijn. Zij werd meerdere keren Nederlands Kampioen op de 2- en 3 meter plank. Europees won zij zilver op de 3 meter plank. Zij helpt Imara.\nImara zit al 3 jaar op schoonspringen. Ondanks dat ze nog maar 9 jaar oud is, is ze nooit bang als ze van de plank springt. En hoogtevrees kent ze zeker niet. Ze is fan van Uschi, niet alleen omdat ze haar heeft zien schitteren op de Spelen maar ook omdat Uschi lid is van dezelfde vereniging als Imara, de Dolfijn in Amsterdam. Ze zou graag een contra sprong willen leren van Uschi omdat ze dan mee mag doen aan het NJK schoonspringen. Ze kan deze sprong af en toe, maar ze draait vaak niet snel genoeg waardoor ze tijdens haar sprong al in het water terecht komt.\n\nVerder: \n- Portret cricket","formattedEpisodeNumbering":null,"formattedDate":"Zo 23 okt. 2016","formattedDateShort":"Okt. 2016","formattedTime":"08:35","formattedDuration":"16m","formattedAvailabilityWindow":null,"formattedAvailabilityWindowShort":null,"image":{"portraitUrl":null,"landscapeUrl":"https:\/\/images.nlziet.nl\/metadataimportimages\/source\/8B7E399BEC7ED8146EF4C08B8D8E9643158974880A83EF686EE396E056EFA58D.jpg"},"logo":{"normalUrl":"https:\/\/cdn.nlziet.nl\/static\/assets\/contentproviders\/npo.png","darkUrl":"https:\/\/cdn.nlziet.nl\/static\/assets\/contentproviders\/dark\/npo.png","flatUrl":"https:\/\/cdn.nlziet.nl\/static\/assets\/contentproviders\/flat\/npo.png"},"tags":[],"seriesId":"7QrOqPrilEGeM3pgWB1w1A"},{"id":"QBJaQT2dTEGjO3X6Ek3ncA","type":"Vod","title":"Zappsport","subtitle":"Zappsport","description":"AVROTROS - De meisjes strijden tegen de jongens in de Battle Freerun met de toppers:\nThyrone Paas doet al aan freerunnen sinds zijn twaalfde. Hij is nu 23 en Freerun trainer. Ook is Thyrone in 2016 Nederlands Kampioen geworden. \n\nSaskia Neville is 24 jaar en heeft een achtergrond in surfen en turnen. Ze heeft na jaren van training zich ontwikkeld tot eerste vrouwelijke J.U.M.P. atleet. Inmiddels heeft ze diverse professionele opdrachten op haar naam staan.","formattedEpisodeNumbering":null,"formattedDate":"Za 22 okt. 2016","formattedDateShort":"Okt. 2016","formattedTime":"08:55","formattedDuration":"16m","formattedAvailabilityWindow":null,"formattedAvailabilityWindowShort":null,"image":{"portraitUrl":null,"landscapeUrl":"https:\/\/images.nlziet.nl\/metadataimportimages\/source\/D13A8F194F8FA14F8C9393305B727DC177EA6B3EFB7185D9DC8ED20366FFFAC1.jpg"},"logo":{"normalUrl":"https:\/\/cdn.nlziet.nl\/static\/assets\/contentproviders\/npo.png","darkUrl":"https:\/\/cdn.nlziet.nl\/static\/assets\/contentproviders\/dark\/npo.png","flatUrl":"https:\/\/cdn.nlziet.nl\/static\/assets\/contentproviders\/flat\/npo.png"},"tags":[],"seriesId":"7QrOqPrilEGeM3pgWB1w1A"},{"id":"cScDlbl8IEK9qjHCp7UcAQ","type":"Vod","title":"Zappsport","subtitle":"Zappsport","description":"AVROTROS - Hellup Badminton. Erik Meijs is Nederlands kampioen badminton en speelt competitie in de Bundesliga in Duitsland bij zijn club BC Beuel (Bonn). Hij is een aanvallende speler en geeft de voorkeur aan de enkelpartijen. Hij helpt Brandan van Rest (10 jaar). Brandon speelt ruim 2 jaar badminton bij BvA Almere Stad. Hij traint 2x per week en op zaterdag heeft hij vaak een wedstrijd. Brandan heeft moeite met het goed vasthouden van zijn racket. Daarnaast zou Brandan zijn backhand willen verbeteren, hij kan nog niet goed richting geven aan zijn backhandslag.\n\nZomerkamp Torbolo aflevering 7\nDe avonturen van een aantal kinderen op sportkamp in het Italiaanse Torbole aan het Gardameer.","formattedEpisodeNumbering":null,"formattedDate":"Zo 16 okt. 2016","formattedDateShort":"Okt. 2016","formattedTime":"08:40","formattedDuration":"16m","formattedAvailabilityWindow":null,"formattedAvailabilityWindowShort":null,"image":{"portraitUrl":null,"landscapeUrl":"https:\/\/images.nlziet.nl\/metadataimportimages\/source\/49E8EE0C4F5DE8E08A846A2A3387EB56C98959E2317E4B657817E8344AEF7005.jpg"},"logo":{"normalUrl":"https:\/\/cdn.nlziet.nl\/static\/assets\/contentproviders\/npo.png","darkUrl":"https:\/\/cdn.nlziet.nl\/static\/assets\/contentproviders\/dark\/npo.png","flatUrl":"https:\/\/cdn.nlziet.nl\/static\/assets\/contentproviders\/flat\/npo.png"},"tags":[],"seriesId":"7QrOqPrilEGeM3pgWB1w1A"},{"id":"c0G5qG9gmk2JfFIaYZ5_wA","type":"Vod","title":"Zappsport","subtitle":"Zappsport","description":"AVROTROS - De jongens strijden tegen de meisjes in The Battle Skateboarden. De toppers die ze bijstaan zijn:\n\nDouwe Macar\u00e9\nDouwe is 24 jaar en Nederlands Kampioen skateboarden. Hij komt uit Arnhem en is full time skateboarder. Zijn favoriete trick is de kickflip. \nCandy Jacobs \nCandy is 25 jaar en Europees en Nederlands kampioen skateboarden. Ze is derde op de wereldranglijst skaten. Ook werd zij vierde in de X-Games (Olympische spelen voor skaters).","formattedEpisodeNumbering":null,"formattedDate":"Za 15 okt. 2016","formattedDateShort":"Okt. 2016","formattedTime":"08:55","formattedDuration":"15m","formattedAvailabilityWindow":null,"formattedAvailabilityWindowShort":null,"image":{"portraitUrl":null,"landscapeUrl":"https:\/\/images.nlziet.nl\/metadataimportimages\/source\/CDB4B74946BD1B9729B19F09A38857FDC4183A2D12971EEBDE478527F66D5879.jpg"},"logo":{"normalUrl":"https:\/\/cdn.nlziet.nl\/static\/assets\/contentproviders\/npo.png","darkUrl":"https:\/\/cdn.nlziet.nl\/static\/assets\/contentproviders\/dark\/npo.png","flatUrl":"https:\/\/cdn.nlziet.nl\/static\/assets\/contentproviders\/flat\/npo.png"},"tags":[],"seriesId":"7QrOqPrilEGeM3pgWB1w1A"},{"id":"jDhpfOgOT0WQeKglUVH8sg","type":"Vod","title":"Zappsport","subtitle":"Zappsport","description":"AVROTROS - - Hellup waterski met topper Freek School. Hij maakt deel uit van de nationale selectie waterski en heeft een pittige periode van blessures achter de rug. Afgelopen jaar heeft Freek voor de 2e maal op rij de titel mogen pakken op de overall.  Hij werd voor de derde keer Nederlands kampioen slalom, tweede keer op jump en eerste keer bij shortboard. Ook werd hij voor de tweede keer Benelux kampioen op het onderdeel springen en voor de eerste keer Benelux kampioen slalom. \n\n\nMats van 11 jaar begon met waterski\u00ebn toen hij 4 was. Tegenwoordig doet hij ook weleens mee met wedstrijden, zo kan hij al een beetje trickski\u00ebn en is hij het best in het slalommen. Daar wil hij dan ook nog graag hulp bij. Je hebt een binnenbaan en een buitenbaan in het waterski\u00ebn, de buitenbaan is het moeilijkst en die kan Mats nu voor de helft. Hij zou van Freek graag willen leren hoe hij de baan beter kan doen en misschien wel helemaal zou kunnen leren. Mats heeft Freek wel al eens gezien maar hij vindt het mega vet dat hij les van hem mag krijgen. \n\n- Zomerkamp Torbolo aflevering 6","formattedEpisodeNumbering":null,"formattedDate":"Zo 9 okt. 2016","formattedDateShort":"Okt. 2016","formattedTime":"08:40","formattedDuration":"16m","formattedAvailabilityWindow":null,"formattedAvailabilityWindowShort":null,"image":{"portraitUrl":null,"landscapeUrl":"https:\/\/images.nlziet.nl\/metadataimportimages\/source\/E66935E1F8042C7963A25517EC2374CA2612F45A0A290AD07C487518518DFAC6.jpg"},"logo":{"normalUrl":"https:\/\/cdn.nlziet.nl\/static\/assets\/contentproviders\/npo.png","darkUrl":"https:\/\/cdn.nlziet.nl\/static\/assets\/contentproviders\/dark\/npo.png","flatUrl":"https:\/\/cdn.nlziet.nl\/static\/assets\/contentproviders\/flat\/npo.png"},"tags":[],"seriesId":"7QrOqPrilEGeM3pgWB1w1A"},{"id":"opgWiIr8ckqGMe7At4iavA","type":"Vod","title":"Zappsport","subtitle":"Zappsport","description":"AVROTROS - Een battle van de meiden tegen de jongens: targetsprint. De toppers die helpen zijn\n\nMandy Mulder (1996) \nEuropees Kampioen 2016,\nDIV keren Nederlands kampioen.\n\nJelle Wind (1997)\nDiverse keren Nederlands Kampioen.","formattedEpisodeNumbering":null,"formattedDate":"Za 8 okt. 2016","formattedDateShort":"Okt. 2016","formattedTime":"08:55","formattedDuration":"16m","formattedAvailabilityWindow":null,"formattedAvailabilityWindowShort":null,"image":{"portraitUrl":null,"landscapeUrl":"https:\/\/images.nlziet.nl\/metadataimportimages\/source\/28B48743F56CDCA9E637DFCDA16F67A233F5CF2355E3B79ADCA4A5B3DB7A74D5.jpg"},"logo":{"normalUrl":"https:\/\/cdn.nlziet.nl\/static\/assets\/contentproviders\/npo.png","darkUrl":"https:\/\/cdn.nlziet.nl\/static\/assets\/contentproviders\/dark\/npo.png","flatUrl":"https:\/\/cdn.nlziet.nl\/static\/assets\/contentproviders\/flat\/npo.png"},"tags":[],"seriesId":"7QrOqPrilEGeM3pgWB1w1A"},{"id":"OiW_18XetE2BEDGHiI8qFQ","type":"Vod","title":"Zappsport","subtitle":"Zappsport","description":"AVROTROS - - Hellup bmx. Topper Jelle van Gorkom won op de Olympische Zomerspelen 2016 in Rio de zilveren medaille. Hij gaat Joppe (11) helpen. Hij wil graag tips van Jelle om sneller te worden, zodat hij die eerste plaats wel een keer in de wacht sleept.\n\n- Portret baanwielrennen: Matth\u00e9 (12 jaar). De opa en de vader van Matth\u00e9 heten ook Matth\u00e9. Ze deden ook allebei aan wielrennen, zijn vader was zelfs prof voor de Rabobank. Opa was wereldkampioen, vader won het EK en had het wereld uurrecord in handen. Matth\u00e9 jr wil graag net zo goed worden als hen.\n\n- Zomerkamp Torbolo aflevering 5\nDe avonturen van een aantal kinderen op sportkamp in het Italiaanse Torbole aan het Gardameer.","formattedEpisodeNumbering":null,"formattedDate":"Zo 2 okt. 2016","formattedDateShort":"Okt. 2016","formattedTime":"08:35","formattedDuration":"15m","formattedAvailabilityWindow":null,"formattedAvailabilityWindowShort":null,"image":{"portraitUrl":null,"landscapeUrl":"https:\/\/images.nlziet.nl\/metadataimportimages\/source\/BA60A4804B9A2CFF9277BDB3A38EBCF51CB59AC5068CC469528F076FAD76EA0C.jpg"},"logo":{"normalUrl":"https:\/\/cdn.nlziet.nl\/static\/assets\/contentproviders\/npo.png","darkUrl":"https:\/\/cdn.nlziet.nl\/static\/assets\/contentproviders\/dark\/npo.png","flatUrl":"https:\/\/cdn.nlziet.nl\/static\/assets\/contentproviders\/flat\/npo.png"},"tags":[],"seriesId":"7QrOqPrilEGeM3pgWB1w1A"},{"id":"x41Bka_AO0u5b49ozlxCjw","type":"Vod","title":"Zappsport","subtitle":"Zappsport","description":"AVROTROS - De meisjes strijden tegen de jongens in The Battle Footgolf. Ze worden geholpen door de toppers\n\n\nGlenn Helder\nIs een Nederlands voormalig profvoetballer en ex-international van het Nederlands Voetbalelftal. De linksbenige linksbuiten deed de jeugdopleiding van Ajax, waarna hij o.a. speelde bij Sparta Rotterdam, Vitesse en Arsenal. \n\nAlbert Stuivenberg \nIs een Nederlands voormalig voetballer en huidig voetbaltrainer. Hij speelde o.a. bij Feyenoord (jeugdopleiding) HFC Haarlem en Telstar. Ook was hij hoofdcoach jeugd bij Feyenoord en bij de KNVB als coach van het Nederlands elftal voor spelers onder de 17 jaar.","formattedEpisodeNumbering":null,"formattedDate":"Za 1 okt. 2016","formattedDateShort":"Okt. 2016","formattedTime":"08:55","formattedDuration":"16m","formattedAvailabilityWindow":null,"formattedAvailabilityWindowShort":null,"image":{"portraitUrl":null,"landscapeUrl":"https:\/\/images.nlziet.nl\/metadataimportimages\/source\/E43F7A7153C138E7EEA0BEF6E075D1BAF3750C4E89377742CC36DDF96CFE0EB3.jpg"},"logo":{"normalUrl":"https:\/\/cdn.nlziet.nl\/static\/assets\/contentproviders\/npo.png","darkUrl":"https:\/\/cdn.nlziet.nl\/static\/assets\/contentproviders\/dark\/npo.png","flatUrl":"https:\/\/cdn.nlziet.nl\/static\/assets\/contentproviders\/flat\/npo.png"},"tags":[],"seriesId":"7QrOqPrilEGeM3pgWB1w1A"},{"id":"if5aRWZcJ0ygnufO7KO78g","type":"Vod","title":"Zappsport","subtitle":"Zappsport","description":"AVROTROS - Hellup breakdance. Topper Juvat Westendorp is een allround danser met als specialiteit het breakdansen. Hij is vooral bekend geworden door zijn deelname aan So You Think You Can Dance in 2011. Daarnaast heeft hij ook een aantal acteerrollen op zijn naam staan. Verder heeft Juvat een eigen dans school waar we met de opnames ook te gast zullen zijn. Hij helpt Nyssa van 10 jaar oud, haar leven draait om dansen. Ze danst 5 dagen per week, waarbij ze de volgende stijlen behandelt: breakdance, freestylen, moderne dans en hiphop. \n\nZomerkamp Torbolo aflevering 4\nDe avonturen van een aantal kinderen op sportkamp in het Italiaanse Torbole aan het Gardameer.","formattedEpisodeNumbering":null,"formattedDate":"Zo 25 sep. 2016","formattedDateShort":"Sep. 2016","formattedTime":"08:40","formattedDuration":"16m","formattedAvailabilityWindow":null,"formattedAvailabilityWindowShort":null,"image":{"portraitUrl":null,"landscapeUrl":"https:\/\/images.nlziet.nl\/metadataimportimages\/source\/B689FADB5E6E6EB2311377910C2D7522510258F5B10AC10AB4EA6533919C6962.jpg"},"logo":{"normalUrl":"https:\/\/cdn.nlziet.nl\/static\/assets\/contentproviders\/npo.png","darkUrl":"https:\/\/cdn.nlziet.nl\/static\/assets\/contentproviders\/dark\/npo.png","flatUrl":"https:\/\/cdn.nlziet.nl\/static\/assets\/contentproviders\/flat\/npo.png"},"tags":[],"seriesId":"7QrOqPrilEGeM3pgWB1w1A"},{"id":"Z_YPkyAF-ke4fV9Yuvjmpg","type":"Vod","title":"Zappsport","subtitle":"Zappsport","description":"AVROTROS - De jongens strijden tegen de meisjes in The Battle Honkbal. De toppers die ze bijstaan zijn:\n\nEva Voortman, een 23 jarige speelster uit het Nederlandse Softbal team. Daarnaast speelt ze ook nog bij haar club Olympia Haarlem. Ze speelt met rugnummer 19 en houdt haar eigen blog bij over haar softballeven. \n\nMichael Duursmam, 38 jaar. Zijn positie is korte stop of tweede honk. Hij is rechtshandig. Michael komt in de Nederlandse competitie uit voor de Pioniers.","formattedEpisodeNumbering":null,"formattedDate":"Za 24 sep. 2016","formattedDateShort":"Sep. 2016","formattedTime":"08:55","formattedDuration":"15m","formattedAvailabilityWindow":null,"formattedAvailabilityWindowShort":null,"image":{"portraitUrl":null,"landscapeUrl":"https:\/\/images.nlziet.nl\/metadataimportimages\/source\/A6DE06628A6712DAB778A8E7CB8979A4072DA69E02CF1F5048A042AE314F7E5C.jpg"},"logo":{"normalUrl":"https:\/\/cdn.nlziet.nl\/static\/assets\/contentproviders\/npo.png","darkUrl":"https:\/\/cdn.nlziet.nl\/static\/assets\/contentproviders\/dark\/npo.png","flatUrl":"https:\/\/cdn.nlziet.nl\/static\/assets\/contentproviders\/flat\/npo.png"},"tags":[],"seriesId":"7QrOqPrilEGeM3pgWB1w1A"},{"id":"Zw9PBnP_sUay_y0EB0dyWQ","type":"Vod","title":"Zappsport","subtitle":"Zappsport","description":"AVROTROS - - Hellup skeeleren met topper Ronald Mulder \nRonald Mulder is een Nederlands langebaanschaatser en inline-Skater. Hij is gespecialiseerd in de korte afstanden. Ronalds beste prestatie is goud op 500m bij de wereldbeker in 2014. Daarnaast pakte hij een bronzen medaille op de Olympische Spelen in Sotsji, eveneens op de 500m. \n\nHij helpt Mathijs en Joopdie allebei moeite hebben met hun start tijdens een tijdrit. Ze verliezen hier altijd veel tijd. Daarnaast gaat het overstappen in de bochten nog niet helemaal goed.\n\n- Portret Kungfu met Kit\n\n\n- Zomerkamp Torbolo aflevering 3","formattedEpisodeNumbering":null,"formattedDate":"Zo 18 sep. 2016","formattedDateShort":"Sep. 2016","formattedTime":"08:35","formattedDuration":"16m","formattedAvailabilityWindow":null,"formattedAvailabilityWindowShort":null,"image":{"portraitUrl":null,"landscapeUrl":"https:\/\/images.nlziet.nl\/metadataimportimages\/source\/F80DDB3BB729851E3329E219E172A593FB586B671752B1E2D4FC3B288D6515FB.jpg"},"logo":{"normalUrl":"https:\/\/cdn.nlziet.nl\/static\/assets\/contentproviders\/npo.png","darkUrl":"https:\/\/cdn.nlziet.nl\/static\/assets\/contentproviders\/dark\/npo.png","flatUrl":"https:\/\/cdn.nlziet.nl\/static\/assets\/contentproviders\/flat\/npo.png"},"tags":[],"seriesId":"7QrOqPrilEGeM3pgWB1w1A"},{"id":"txjqS9mwX06V6xzblnPHRA","type":"Vod","title":"Zappsport","subtitle":"Zappsport","description":"AVROTROS - De jongens tegen de meisjes in de Battle Karten. Ze worden getraind door \nPriscilla Speelman en Indy Dontje.","formattedEpisodeNumbering":null,"formattedDate":"Za 17 sep. 2016","formattedDateShort":"Sep. 2016","formattedTime":"08:55","formattedDuration":"16m","formattedAvailabilityWindow":null,"formattedAvailabilityWindowShort":null,"image":{"portraitUrl":null,"landscapeUrl":"https:\/\/images.nlziet.nl\/metadataimportimages\/source\/2FB85F0F469BE0FA98A5A697860B834F86787FA226B62696F522A26219D8449C.jpg"},"logo":{"normalUrl":"https:\/\/cdn.nlziet.nl\/static\/assets\/contentproviders\/npo.png","darkUrl":"https:\/\/cdn.nlziet.nl\/static\/assets\/contentproviders\/dark\/npo.png","flatUrl":"https:\/\/cdn.nlziet.nl\/static\/assets\/contentproviders\/flat\/npo.png"},"tags":[],"seriesId":"7QrOqPrilEGeM3pgWB1w1A"},{"id":"5HO0oaRENku7cZxar1A17w","type":"Vod","title":"Zappsport","subtitle":"Zappsport","description":"AVROTROS - - Hellup kanopolo. Mats Pel is een speler uit het Nederlands team. Hij speelt bij Odysseus, de club waar we tijdens de opnames te gast zijn. Hij is 19 jaar en heeft al vaker les gegeven aan kids. Hij helpt Olaf, 10 jaar die moeite heeft met het scoren tijdens kanopolo, hij schiet heel vaak schuin op het doel en dan gaat de bal naast. \n\n- Portret: Sterre en Kaya (12) zijn tweeling en zitten beide al 3 jaar op Rh\u00f6nraden dat is een onderdeel van turnen wat ze ook al jaren doen.\n\n- De avonturen van een aantal kinderen op sportkamp in het Italiaanse Torbole aan het Gardameer, aflevering 2.","formattedEpisodeNumbering":null,"formattedDate":"Zo 11 sep. 2016","formattedDateShort":"Sep. 2016","formattedTime":"08:40","formattedDuration":"16m","formattedAvailabilityWindow":null,"formattedAvailabilityWindowShort":null,"image":{"portraitUrl":null,"landscapeUrl":"https:\/\/images.nlziet.nl\/metadataimportimages\/source\/4A1C6202BA1D72EA200FD308A3B033C40D62F9DDD6041BF979D494132DFD5451.jpg"},"logo":{"normalUrl":"https:\/\/cdn.nlziet.nl\/static\/assets\/contentproviders\/npo.png","darkUrl":"https:\/\/cdn.nlziet.nl\/static\/assets\/contentproviders\/dark\/npo.png","flatUrl":"https:\/\/cdn.nlziet.nl\/static\/assets\/contentproviders\/flat\/npo.png"},"tags":[],"seriesId":"7QrOqPrilEGeM3pgWB1w1A"},{"id":"mRMg4OhGNEer-5yBwNYtqg","type":"Vod","title":"Zappsport","subtitle":"Zappsport","description":"AVROTROS - - Hellup skateboarden. Topper, Douwe Macar\u00e9 is 24 jaar en Nederlands Kampioen skateboarden, hij helpt Marijn die moeite heeft met de boardslide (overdwars met je board over een reling glijden). Het lukt Marijn niet om na een boardslide verder te skaten.\n\n- Reportage over tweelingbroers Bram en Stijn van de Grift. Ze zijn Nederlands kampioen (op het open NK) beachvolleybal, en doen vandaag mee met een soort gesloten NK beachvolleybal. \n\n- Portret van Benthe, 11 jaar en zit al ruim 4 jaar op paardrijden","formattedEpisodeNumbering":null,"formattedDate":"Za 10 sep. 2016","formattedDateShort":"Sep. 2016","formattedTime":"08:55","formattedDuration":"16m","formattedAvailabilityWindow":null,"formattedAvailabilityWindowShort":null,"image":{"portraitUrl":null,"landscapeUrl":"https:\/\/images.nlziet.nl\/metadataimportimages\/source\/B363D264A3ACC51325BFF63362A0E1BB484D02C4E379BC8467D6B08DEFF6143F.jpg"},"logo":{"normalUrl":"https:\/\/cdn.nlziet.nl\/static\/assets\/contentproviders\/npo.png","darkUrl":"https:\/\/cdn.nlziet.nl\/static\/assets\/contentproviders\/dark\/npo.png","flatUrl":"https:\/\/cdn.nlziet.nl\/static\/assets\/contentproviders\/flat\/npo.png"},"tags":[],"seriesId":"7QrOqPrilEGeM3pgWB1w1A"},{"id":"6FxvTw--rESz2HoVjyBLzw","type":"Vod","title":"Zappsport","subtitle":"Zappsport","description":"AVROTROS - HELLUP: Mick Snel is een korfballer bij kvTOP in Sassenheim. Zij zijn in april landskampioen geworden met hun team. Verder speelt Mick ook in het Nederlands team. Hij gaat Tess helpen met de doorloop (onderhands gooien met een sprongetje).\n\nREPO: NK Wielrennen\n\nZOMERKAMP DEEL 1: De avonturen van een aantal kinderen op sportkamp in het Italiaanse Torbole aan het Gardameer.","formattedEpisodeNumbering":null,"formattedDate":"Zo 4 sep. 2016","formattedDateShort":"Sep. 2016","formattedTime":"08:40","formattedDuration":"16m","formattedAvailabilityWindow":null,"formattedAvailabilityWindowShort":null,"image":{"portraitUrl":null,"landscapeUrl":"https:\/\/images.nlziet.nl\/metadataimportimages\/source\/FBAB2178A1F96EF5515D0556F310883836BCFA705E4859CB5B39DE3F687E644D.jpg"},"logo":{"normalUrl":"https:\/\/cdn.nlziet.nl\/static\/assets\/contentproviders\/npo.png","darkUrl":"https:\/\/cdn.nlziet.nl\/static\/assets\/contentproviders\/dark\/npo.png","flatUrl":"https:\/\/cdn.nlziet.nl\/static\/assets\/contentproviders\/flat\/npo.png"},"tags":[],"seriesId":"7QrOqPrilEGeM3pgWB1w1A"},{"id":"NO2j0URJYEKOGXNu2RPj0w","type":"Vod","title":"Zappsport","subtitle":"Zappsport","description":"AVROTROS - Koffer inpakken Marlou van Rhijn. Wat neemt ze mee naar de Paralympische Spelen?\n\nHELLUP: rolstoeltennis. Jiske Griffioen is een succesvolle rolstoeltennisster. Ze heeft drie grandslamtitels op zak en is momenteel de nummer 1 van de wereld. In 2013 heeft Jiske ook al eens meegedaan aan een hellup! Jiske is met een open rug geboren, ze kan (met hulp) wel staan. Zij gaat Camiel (10) helpen met het richten van zijn backhand en het positioneren na een slag. \n\nPORTRET: Chantalle Zijderveld (15 jaar)\/paralympisch zwemmen. Ze was dertien toen ze zich tot Europees kampioene op de 100 meter schoolslag kroonde. Een jaar later werd ze wereldkampioen op dat onderdeel. De Zwijndrechtse ging na het behalen van haar B-diploma op wedstrijdenzwemmen en bleek talent te hebben. Tegenwoordig is ze houdster van het wereldrecord Deze zomer debuteert Zijderveld op de Paralympische Spelen. \nZe heeft zich gekwalificeerd voor vier afstanden: \n- 50 meter schoolslag (SB10)\n- 200 meter wisselslag (SM10)\n- 100 meter vrije slag (S10)\n- 100 meter schoolslag (SB10)","formattedEpisodeNumbering":null,"formattedDate":"Za 3 sep. 2016","formattedDateShort":"Sep. 2016","formattedTime":"08:55","formattedDuration":"16m","formattedAvailabilityWindow":null,"formattedAvailabilityWindowShort":null,"image":{"portraitUrl":null,"landscapeUrl":"https:\/\/images.nlziet.nl\/metadataimportimages\/source\/4B19B98A93A5A58B201A56E2448336DA73C90D14619C79108B11FEF8D355F664.jpg"},"logo":{"normalUrl":"https:\/\/cdn.nlziet.nl\/static\/assets\/contentproviders\/npo.png","darkUrl":"https:\/\/cdn.nlziet.nl\/static\/assets\/contentproviders\/dark\/npo.png","flatUrl":"https:\/\/cdn.nlziet.nl\/static\/assets\/contentproviders\/flat\/npo.png"},"tags":[],"seriesId":"7QrOqPrilEGeM3pgWB1w1A"},{"id":"3PeVE2m6w0e-yDyrYqhUEg","type":"Vod","title":"Zappsport","subtitle":"Zappsport","description":"AVROTROS - Kindersportprogramma waarin alle takken van sport voorbijkomen.","formattedEpisodeNumbering":null,"formattedDate":"Zo 28 aug. 2016","formattedDateShort":"Aug. 2016","formattedTime":"08:35","formattedDuration":"16m","formattedAvailabilityWindow":null,"formattedAvailabilityWindowShort":null,"image":{"portraitUrl":null,"landscapeUrl":"https:\/\/images.nlziet.nl\/metadataimportimages\/source\/8645B79C0FFD9A19B0B0995A7B20F6F0E4035B3ABA043507632C24A1AB354040.jpg"},"logo":{"normalUrl":"https:\/\/cdn.nlziet.nl\/static\/assets\/contentproviders\/npo.png","darkUrl":"https:\/\/cdn.nlziet.nl\/static\/assets\/contentproviders\/dark\/npo.png","flatUrl":"https:\/\/cdn.nlziet.nl\/static\/assets\/contentproviders\/flat\/npo.png"},"tags":[],"seriesId":"7QrOqPrilEGeM3pgWB1w1A"},{"id":"LE7yzTD9KUiZXOzlDAVHQQ","type":"Vod","title":"Zappsport","subtitle":"Zappsport","description":"AVROTROS - Kindersportprogramma waarin alle takken van sport voorbijkomen.","formattedEpisodeNumbering":null,"formattedDate":"Za 27 aug. 2016","formattedDateShort":"Aug. 2016","formattedTime":"08:55","formattedDuration":"16m","formattedAvailabilityWindow":null,"formattedAvailabilityWindowShort":null,"image":{"portraitUrl":null,"landscapeUrl":"https:\/\/images.nlziet.nl\/metadataimportimages\/source\/B7BB23EAAD822C6ADBE0F8D2CF6FB736B4136CAAB63AD964C6605848383C45C4.jpg"},"logo":{"normalUrl":"https:\/\/cdn.nlziet.nl\/static\/assets\/contentproviders\/npo.png","darkUrl":"https:\/\/cdn.nlziet.nl\/static\/assets\/contentproviders\/dark\/npo.png","flatUrl":"https:\/\/cdn.nlziet.nl\/static\/assets\/contentproviders\/flat\/npo.png"},"tags":[],"seriesId":"7QrOqPrilEGeM3pgWB1w1A"},{"id":"rdyZqWWEtUmYrm68xfug1g","type":"Vod","title":"Zappsport","subtitle":"Zappsport","description":"AVROTROS - Kindersportprogramma waarin alle takken van sport voorbijkomen.","formattedEpisodeNumbering":null,"formattedDate":"Zo 12 jun. 2016","formattedDateShort":"Jun. 2016","formattedTime":"08:35","formattedDuration":"16m","formattedAvailabilityWindow":null,"formattedAvailabilityWindowShort":null,"image":{"portraitUrl":null,"landscapeUrl":"https:\/\/images.nlziet.nl\/metadataimportimages\/source\/1FD646BFD668721A104169D4C1664798CFA757146B50C5833BF080D97EC1C7CF.jpg"},"logo":{"normalUrl":"https:\/\/cdn.nlziet.nl\/static\/assets\/contentproviders\/npo.png","darkUrl":"https:\/\/cdn.nlziet.nl\/static\/assets\/contentproviders\/dark\/npo.png","flatUrl":"https:\/\/cdn.nlziet.nl\/static\/assets\/contentproviders\/flat\/npo.png"},"tags":[],"seriesId":"7QrOqPrilEGeM3pgWB1w1A"},{"id":"F3AOXnlO3kGQkAGvWulMVg","type":"Vod","title":"Zappsport","subtitle":"Zappsport","description":"AVROTROS - Kindersportprogramma waarin alle takken van sport voorbijkomen.","formattedEpisodeNumbering":null,"formattedDate":"Za 11 jun. 2016","formattedDateShort":"Jun. 2016","formattedTime":"08:35","formattedDuration":"16m","formattedAvailabilityWindow":null,"formattedAvailabilityWindowShort":null,"image":{"portraitUrl":null,"landscapeUrl":"https:\/\/images.nlziet.nl\/metadataimportimages\/source\/099AF4AC50A30D65512CA8624DA5F69449A97B78952ED9E0725B0F023EF425B3.jpg"},"logo":{"normalUrl":"https:\/\/cdn.nlziet.nl\/static\/assets\/contentproviders\/npo.png","darkUrl":"https:\/\/cdn.nlziet.nl\/static\/assets\/contentproviders\/dark\/npo.png","flatUrl":"https:\/\/cdn.nlziet.nl\/static\/assets\/contentproviders\/flat\/npo.png"},"tags":[],"seriesId":"7QrOqPrilEGeM3pgWB1w1A"},{"id":"icjtT94DY0eIV-ge35IHAw","type":"Vod","title":"Zappsport","subtitle":"Zappsport","description":"AVROTROS - Kindersportprogramma waarin alle takken van sport voorbijkomen.","formattedEpisodeNumbering":null,"formattedDate":"Zo 5 jun. 2016","formattedDateShort":"Jun. 2016","formattedTime":"08:35","formattedDuration":"15m","formattedAvailabilityWindow":null,"formattedAvailabilityWindowShort":null,"image":{"portraitUrl":null,"landscapeUrl":"https:\/\/images.nlziet.nl\/metadataimportimages\/source\/2567FD5F49B31FD85CE846F8575FDD445E2C8D9A0BDD6945934AE2B7E269E89D.jpg"},"logo":{"normalUrl":"https:\/\/cdn.nlziet.nl\/static\/assets\/contentproviders\/npo.png","darkUrl":"https:\/\/cdn.nlziet.nl\/static\/assets\/contentproviders\/dark\/npo.png","flatUrl":"https:\/\/cdn.nlziet.nl\/static\/assets\/contentproviders\/flat\/npo.png"},"tags":[],"seriesId":"7QrOqPrilEGeM3pgWB1w1A"},{"id":"-sWLlkC_JU604wqsOCnTLA","type":"Vod","title":"Zappsport","subtitle":"Zappsport","description":"AVROTROS - Kindersportprogramma waarin alle takken van sport voorbijkomen.","formattedEpisodeNumbering":null,"formattedDate":"Za 4 jun. 2016","formattedDateShort":"Jun. 2016","formattedTime":"08:40","formattedDuration":"15m","formattedAvailabilityWindow":null,"formattedAvailabilityWindowShort":null,"image":{"portraitUrl":null,"landscapeUrl":"https:\/\/images.nlziet.nl\/metadataimportimages\/source\/30C9D2A63D4F500969A486D46661BD0DEC41B8E0A20004C1AF258A5180F2CF58.jpg"},"logo":{"normalUrl":"https:\/\/cdn.nlziet.nl\/static\/assets\/contentproviders\/npo.png","darkUrl":"https:\/\/cdn.nlziet.nl\/static\/assets\/contentproviders\/dark\/npo.png","flatUrl":"https:\/\/cdn.nlziet.nl\/static\/assets\/contentproviders\/flat\/npo.png"},"tags":[],"seriesId":"7QrOqPrilEGeM3pgWB1w1A"},{"id":"wJKMB8bhpUaP4nPW7kJTDw","type":"Vod","title":"Zappsport","subtitle":"Zappsport","description":"AVROTROS - Kindersportprogramma waarin alle takken van sport voorbijkomen.","formattedEpisodeNumbering":null,"formattedDate":"Zo 29 mei. 2016","formattedDateShort":"Mei. 2016","formattedTime":"08:40","formattedDuration":"16m","formattedAvailabilityWindow":null,"formattedAvailabilityWindowShort":null,"image":{"portraitUrl":null,"landscapeUrl":"https:\/\/images.nlziet.nl\/metadataimportimages\/source\/E7A8B0BDF48DF985F8A3847B265C521D81331D5FCAF12DEFE97B18D275F6B9C3.jpg"},"logo":{"normalUrl":"https:\/\/cdn.nlziet.nl\/static\/assets\/contentproviders\/npo.png","darkUrl":"https:\/\/cdn.nlziet.nl\/static\/assets\/contentproviders\/dark\/npo.png","flatUrl":"https:\/\/cdn.nlziet.nl\/static\/assets\/contentproviders\/flat\/npo.png"},"tags":[],"seriesId":"7QrOqPrilEGeM3pgWB1w1A"},{"id":"kS3-ck-INk69Bpzu9Kb6rw","type":"Vod","title":"Zappsport","subtitle":"Zappsport","description":"AVROTROS - Kindersportprogramma waarin alle takken van sport voorbijkomen.","formattedEpisodeNumbering":null,"formattedDate":"Za 28 mei. 2016","formattedDateShort":"Mei. 2016","formattedTime":"08:40","formattedDuration":"15m","formattedAvailabilityWindow":null,"formattedAvailabilityWindowShort":null,"image":{"portraitUrl":null,"landscapeUrl":"https:\/\/images.nlziet.nl\/metadataimportimages\/source\/6BDB3627182451FD1C382CFB680D4C35F5C227DAC39F45EF3CC250BDA9AD38A4.jpg"},"logo":{"normalUrl":"https:\/\/cdn.nlziet.nl\/static\/assets\/contentproviders\/npo.png","darkUrl":"https:\/\/cdn.nlziet.nl\/static\/assets\/contentproviders\/dark\/npo.png","flatUrl":"https:\/\/cdn.nlziet.nl\/static\/assets\/contentproviders\/flat\/npo.png"},"tags":[],"seriesId":"7QrOqPrilEGeM3pgWB1w1A"},{"id":"dRVnEZr_J0Gh1AeqRtREWQ","type":"Vod","title":"Zappsport","subtitle":"Zappsport","description":"AVROTROS - Kindersportprogramma waarin alle takken van sport voorbijkomen.","formattedEpisodeNumbering":null,"formattedDate":"Zo 22 mei. 2016","formattedDateShort":"Mei. 2016","formattedTime":"08:40","formattedDuration":"16m","formattedAvailabilityWindow":null,"formattedAvailabilityWindowShort":null,"image":{"portraitUrl":null,"landscapeUrl":"https:\/\/images.nlziet.nl\/metadataimportimages\/source\/713909A80CF89104EADF4CA4B0D45BBDBCAF820308DB60839BC48B57CAD8557E.jpg"},"logo":{"normalUrl":"https:\/\/cdn.nlziet.nl\/static\/assets\/contentproviders\/npo.png","darkUrl":"https:\/\/cdn.nlziet.nl\/static\/assets\/contentproviders\/dark\/npo.png","flatUrl":"https:\/\/cdn.nlziet.nl\/static\/assets\/contentproviders\/flat\/npo.png"},"tags":[],"seriesId":"7QrOqPrilEGeM3pgWB1w1A"},{"id":"IdSWJVFRgUWs593QyFrBjQ","type":"Vod","title":"Zappsport","subtitle":"Zappsport","description":"AVROTROS - Kindersportprogramma waarin alle takken van sport voorbijkomen.","formattedEpisodeNumbering":null,"formattedDate":"Za 21 mei. 2016","formattedDateShort":"Mei. 2016","formattedTime":"08:40","formattedDuration":"15m","formattedAvailabilityWindow":null,"formattedAvailabilityWindowShort":null,"image":{"portraitUrl":null,"landscapeUrl":"https:\/\/images.nlziet.nl\/metadataimportimages\/source\/410B211797FC348C1195BCFD5E2A2CE912BB8C8B8FE7EAAFD784F7FD431D7707.jpg"},"logo":{"normalUrl":"https:\/\/cdn.nlziet.nl\/static\/assets\/contentproviders\/npo.png","darkUrl":"https:\/\/cdn.nlziet.nl\/static\/assets\/contentproviders\/dark\/npo.png","flatUrl":"https:\/\/cdn.nlziet.nl\/static\/assets\/contentproviders\/flat\/npo.png"},"tags":[],"seriesId":"7QrOqPrilEGeM3pgWB1w1A"},{"id":"tHQUKlKWekiCpEW3Zc_wYA","type":"Vod","title":"Zappsport","subtitle":"Zappsport","description":"AVROTROS - Kindersportprogramma waarin alle takken van sport voorbijkomen.","formattedEpisodeNumbering":null,"formattedDate":"Zo 15 mei. 2016","formattedDateShort":"Mei. 2016","formattedTime":"08:35","formattedDuration":"16m","formattedAvailabilityWindow":null,"formattedAvailabilityWindowShort":null,"image":{"portraitUrl":null,"landscapeUrl":"https:\/\/images.nlziet.nl\/metadataimportimages\/source\/47E295EECE6E50B9AC276114CB43BEB98DABBF352E2F46124E7D4E4AC7BD12FA.jpg"},"logo":{"normalUrl":"https:\/\/cdn.nlziet.nl\/static\/assets\/contentproviders\/npo.png","darkUrl":"https:\/\/cdn.nlziet.nl\/static\/assets\/contentproviders\/dark\/npo.png","flatUrl":"https:\/\/cdn.nlziet.nl\/static\/assets\/contentproviders\/flat\/npo.png"},"tags":[],"seriesId":"7QrOqPrilEGeM3pgWB1w1A"},{"id":"WwMxPt9yRU-eSqqxxz5gsA","type":"Vod","title":"Zappsport","subtitle":"Zappsport","description":"AVROTROS - Kindersportprogramma waarin alle takken van sport voorbijkomen.","formattedEpisodeNumbering":null,"formattedDate":"Zo 8 mei. 2016","formattedDateShort":"Mei. 2016","formattedTime":"08:40","formattedDuration":"16m","formattedAvailabilityWindow":null,"formattedAvailabilityWindowShort":null,"image":{"portraitUrl":null,"landscapeUrl":"https:\/\/images.nlziet.nl\/metadataimportimages\/source\/C9FEC2EEA7CC18A7423B6081E98855A912F7AE0E23AEF663C473B46778765815.jpg"},"logo":{"normalUrl":"https:\/\/cdn.nlziet.nl\/static\/assets\/contentproviders\/npo.png","darkUrl":"https:\/\/cdn.nlziet.nl\/static\/assets\/contentproviders\/dark\/npo.png","flatUrl":"https:\/\/cdn.nlziet.nl\/static\/assets\/contentproviders\/flat\/npo.png"},"tags":[],"seriesId":"7QrOqPrilEGeM3pgWB1w1A"},{"id":"Xa-B488mB0qSI9Nayu4F4A","type":"Vod","title":"Zappsport","subtitle":"Zappsport","description":"AVROTROS - Kindersportprogramma waarin alle takken van sport voorbijkomen.","formattedEpisodeNumbering":null,"formattedDate":"Za 7 mei. 2016","formattedDateShort":"Mei. 2016","formattedTime":"08:55","formattedDuration":"15m","formattedAvailabilityWindow":null,"formattedAvailabilityWindowShort":null,"image":{"portraitUrl":null,"landscapeUrl":"https:\/\/images.nlziet.nl\/metadataimportimages\/source\/AF743B8BBB3A4D8FA31CAD5491A23BB68020B1ADEE4167E1FDB7F5E01BDD1E6F.jpg"},"logo":{"normalUrl":"https:\/\/cdn.nlziet.nl\/static\/assets\/contentproviders\/npo.png","darkUrl":"https:\/\/cdn.nlziet.nl\/static\/assets\/contentproviders\/dark\/npo.png","flatUrl":"https:\/\/cdn.nlziet.nl\/static\/assets\/contentproviders\/flat\/npo.png"},"tags":[],"seriesId":"7QrOqPrilEGeM3pgWB1w1A"},{"id":"T_UkoUDJ-kWb2_LDgmMK6Q","type":"Vod","title":"Zappsport","subtitle":"Zappsport","description":"AVROTROS - Kindersportprogramma waarin alle takken van sport voorbijkomen.","formattedEpisodeNumbering":null,"formattedDate":"Zo 1 mei. 2016","formattedDateShort":"Mei. 2016","formattedTime":"08:40","formattedDuration":"16m","formattedAvailabilityWindow":null,"formattedAvailabilityWindowShort":null,"image":{"portraitUrl":null,"landscapeUrl":"https:\/\/images.nlziet.nl\/metadataimportimages\/source\/E505180216BA6662A7E888F8F880DF3CB30497FED9C57E7B8A64C2ACC63BC313.jpg"},"logo":{"normalUrl":"https:\/\/cdn.nlziet.nl\/static\/assets\/contentproviders\/npo.png","darkUrl":"https:\/\/cdn.nlziet.nl\/static\/assets\/contentproviders\/dark\/npo.png","flatUrl":"https:\/\/cdn.nlziet.nl\/static\/assets\/contentproviders\/flat\/npo.png"},"tags":[],"seriesId":"7QrOqPrilEGeM3pgWB1w1A"},{"id":"8WUpyYFDwkC5NuDLduvdlA","type":"Vod","title":"Zappsport","subtitle":"Zappsport","description":"AVROTROS - Kindersportprogramma waarin alle takken van sport voorbijkomen.","formattedEpisodeNumbering":null,"formattedDate":"Za 30 apr. 2016","formattedDateShort":"Apr. 2016","formattedTime":"08:55","formattedDuration":"16m","formattedAvailabilityWindow":null,"formattedAvailabilityWindowShort":null,"image":{"portraitUrl":null,"landscapeUrl":"https:\/\/images.nlziet.nl\/metadataimportimages\/source\/1FBF0943BCD7D27B7B7CDF7FACA937916F7419592F4C74FDF4EFE4EB2CE3A943.jpg"},"logo":{"normalUrl":"https:\/\/cdn.nlziet.nl\/static\/assets\/contentproviders\/npo.png","darkUrl":"https:\/\/cdn.nlziet.nl\/static\/assets\/contentproviders\/dark\/npo.png","flatUrl":"https:\/\/cdn.nlziet.nl\/static\/assets\/contentproviders\/flat\/npo.png"},"tags":[],"seriesId":"7QrOqPrilEGeM3pgWB1w1A"},{"id":"nkm92kbBOkm_uwvC-Lu6ZA","type":"Vod","title":"Zappsport","subtitle":"Zappsport","description":"AVROTROS - Kindersportprogramma waarin alle takken van sport voorbijkomen.","formattedEpisodeNumbering":null,"formattedDate":"Zo 24 apr. 2016","formattedDateShort":"Apr. 2016","formattedTime":"08:35","formattedDuration":"16m","formattedAvailabilityWindow":null,"formattedAvailabilityWindowShort":null,"image":{"portraitUrl":null,"landscapeUrl":"https:\/\/images.nlziet.nl\/metadataimportimages\/source\/1C73AC91F18210F3557A4DBBD671DADB776524C188736E03A8366F371D6E1AEF.jpg"},"logo":{"normalUrl":"https:\/\/cdn.nlziet.nl\/static\/assets\/contentproviders\/npo.png","darkUrl":"https:\/\/cdn.nlziet.nl\/static\/assets\/contentproviders\/dark\/npo.png","flatUrl":"https:\/\/cdn.nlziet.nl\/static\/assets\/contentproviders\/flat\/npo.png"},"tags":[],"seriesId":"7QrOqPrilEGeM3pgWB1w1A"},{"id":"F2nbATQktUaXsGT0LhDpOg","type":"Vod","title":"Zappsport","subtitle":"Zappsport","description":"AVROTROS - Kindersportprogramma waarin alle takken van sport voorbijkomen.","formattedEpisodeNumbering":null,"formattedDate":"Za 23 apr. 2016","formattedDateShort":"Apr. 2016","formattedTime":"08:55","formattedDuration":"16m","formattedAvailabilityWindow":null,"formattedAvailabilityWindowShort":null,"image":{"portraitUrl":null,"landscapeUrl":"https:\/\/images.nlziet.nl\/metadataimportimages\/source\/25D79125957EA8D0E4854359C94AF5C292188886DF14BCA389D7A822A497841D.jpg"},"logo":{"normalUrl":"https:\/\/cdn.nlziet.nl\/static\/assets\/contentproviders\/npo.png","darkUrl":"https:\/\/cdn.nlziet.nl\/static\/assets\/contentproviders\/dark\/npo.png","flatUrl":"https:\/\/cdn.nlziet.nl\/static\/assets\/contentproviders\/flat\/npo.png"},"tags":[],"seriesId":"7QrOqPrilEGeM3pgWB1w1A"},{"id":"v-rnkJHlU0Kj6eulRUN7Mw","type":"Vod","title":"Zappsport","subtitle":"Zappsport","description":"AVROTROS - Kindersportprogramma waarin alle takken van sport voorbijkomen.","formattedEpisodeNumbering":null,"formattedDate":"Zo 17 apr. 2016","formattedDateShort":"Apr. 2016","formattedTime":"08:40","formattedDuration":"16m","formattedAvailabilityWindow":null,"formattedAvailabilityWindowShort":null,"image":{"portraitUrl":null,"landscapeUrl":"https:\/\/images.nlziet.nl\/metadataimportimages\/source\/CE4A840345C9886A125A5F61D49A8A8007394D982D6FFFEC5DB75F1A623D1C68.jpg"},"logo":{"normalUrl":"https:\/\/cdn.nlziet.nl\/static\/assets\/contentproviders\/npo.png","darkUrl":"https:\/\/cdn.nlziet.nl\/static\/assets\/contentproviders\/dark\/npo.png","flatUrl":"https:\/\/cdn.nlziet.nl\/static\/assets\/contentproviders\/flat\/npo.png"},"tags":[],"seriesId":"7QrOqPrilEGeM3pgWB1w1A"},{"id":"0VNx6Q9dxUquzDVvaoTJog","type":"Vod","title":"Zappsport","subtitle":"Zappsport","description":"AVROTROS - Kindersportprogramma waarin alle takken van sport voorbijkomen.","formattedEpisodeNumbering":null,"formattedDate":"Za 16 apr. 2016","formattedDateShort":"Apr. 2016","formattedTime":"08:55","formattedDuration":"16m","formattedAvailabilityWindow":null,"formattedAvailabilityWindowShort":null,"image":{"portraitUrl":null,"landscapeUrl":"https:\/\/images.nlziet.nl\/metadataimportimages\/source\/98B7A1D6C8084FA678E502BE423ACF4CB3F19933429E198787EB19894964BE45.jpg"},"logo":{"normalUrl":"https:\/\/cdn.nlziet.nl\/static\/assets\/contentproviders\/npo.png","darkUrl":"https:\/\/cdn.nlziet.nl\/static\/assets\/contentproviders\/dark\/npo.png","flatUrl":"https:\/\/cdn.nlziet.nl\/static\/assets\/contentproviders\/flat\/npo.png"},"tags":[],"seriesId":"7QrOqPrilEGeM3pgWB1w1A"},{"id":"KkvT1_axeUWjg8WyZs7ANA","type":"Vod","title":"Zappsport","subtitle":"Zappsport","description":"AVROTROS - Kindersportprogramma waarin alle takken van sport voorbijkomen.","formattedEpisodeNumbering":null,"formattedDate":"Zo 10 apr. 2016","formattedDateShort":"Apr. 2016","formattedTime":"08:40","formattedDuration":"16m","formattedAvailabilityWindow":null,"formattedAvailabilityWindowShort":null,"image":{"portraitUrl":null,"landscapeUrl":"https:\/\/images.nlziet.nl\/metadataimportimages\/source\/1F34B387231358F89B0F857F580C7F4FEA43172812BA271B03AC1CF7B624F8FA.jpg"},"logo":{"normalUrl":"https:\/\/cdn.nlziet.nl\/static\/assets\/contentproviders\/npo.png","darkUrl":"https:\/\/cdn.nlziet.nl\/static\/assets\/contentproviders\/dark\/npo.png","flatUrl":"https:\/\/cdn.nlziet.nl\/static\/assets\/contentproviders\/flat\/npo.png"},"tags":[],"seriesId":"7QrOqPrilEGeM3pgWB1w1A"},{"id":"YqPQl42LtUOB9Jw4Xg4j0w","type":"Vod","title":"Zappsport","subtitle":"Zappsport","description":"AVROTROS - Kindersportprogramma waarin alle takken van sport voorbijkomen.","formattedEpisodeNumbering":null,"formattedDate":"Za 9 apr. 2016","formattedDateShort":"Apr. 2016","formattedTime":"08:55","formattedDuration":"15m","formattedAvailabilityWindow":null,"formattedAvailabilityWindowShort":null,"image":{"portraitUrl":null,"landscapeUrl":"https:\/\/images.nlziet.nl\/metadataimportimages\/source\/7EFE69E6302F700CF067435228459DFDF9A43CB883EBDDBA16DE331E82C66F4F.jpg"},"logo":{"normalUrl":"https:\/\/cdn.nlziet.nl\/static\/assets\/contentproviders\/npo.png","darkUrl":"https:\/\/cdn.nlziet.nl\/static\/assets\/contentproviders\/dark\/npo.png","flatUrl":"https:\/\/cdn.nlziet.nl\/static\/assets\/contentproviders\/flat\/npo.png"},"tags":[],"seriesId":"7QrOqPrilEGeM3pgWB1w1A"},{"id":"xYdVSs78NU-6pmWXbnaEtw","type":"Vod","title":"Zappsport","subtitle":"Zappsport","description":"AVROTROS - Kindersportprogramma waarin alle takken van sport voorbijkomen.","formattedEpisodeNumbering":null,"formattedDate":"Zo 3 apr. 2016","formattedDateShort":"Apr. 2016","formattedTime":"08:40","formattedDuration":"15m","formattedAvailabilityWindow":null,"formattedAvailabilityWindowShort":null,"image":{"portraitUrl":null,"landscapeUrl":"https:\/\/images.nlziet.nl\/metadataimportimages\/source\/5EA34E1393CF4EA350F5F96B897BC61C51F4316E3B3473D9A109A04B36210922.jpg"},"logo":{"normalUrl":"https:\/\/cdn.nlziet.nl\/static\/assets\/contentproviders\/npo.png","darkUrl":"https:\/\/cdn.nlziet.nl\/static\/assets\/contentproviders\/dark\/npo.png","flatUrl":"https:\/\/cdn.nlziet.nl\/static\/assets\/contentproviders\/flat\/npo.png"},"tags":[],"seriesId":"7QrOqPrilEGeM3pgWB1w1A"},{"id":"3q2UO6dHy0-R7LYLbxyjZA","type":"Vod","title":"Zappsport","subtitle":"Zappsport","description":"AVROTROS - Kindersportprogramma waarin alle takken van sport voorbijkomen.","formattedEpisodeNumbering":null,"formattedDate":"Za 2 apr. 2016","formattedDateShort":"Apr. 2016","formattedTime":"08:55","formattedDuration":"16m","formattedAvailabilityWindow":null,"formattedAvailabilityWindowShort":null,"image":{"portraitUrl":null,"landscapeUrl":"https:\/\/images.nlziet.nl\/metadataimportimages\/source\/E36DEAE2B6C92CA9FC00D8C01DC0BFED89D400C57AB261ED847359068B516593.jpg"},"logo":{"normalUrl":"https:\/\/cdn.nlziet.nl\/static\/assets\/contentproviders\/npo.png","darkUrl":"https:\/\/cdn.nlziet.nl\/static\/assets\/contentproviders\/dark\/npo.png","flatUrl":"https:\/\/cdn.nlziet.nl\/static\/assets\/contentproviders\/flat\/npo.png"},"tags":[],"seriesId":"7QrOqPrilEGeM3pgWB1w1A"},{"id":"6xRtHxwJNEGvKYSYe5R9KQ","type":"Vod","title":"Zappsport","subtitle":"Zappsport","description":"AVROTROS - Kindersportprogramma waarin alle takken van sport voorbijkomen.","formattedEpisodeNumbering":null,"formattedDate":"Zo 27 mrt. 2016","formattedDateShort":"Mrt. 2016","formattedTime":"08:40","formattedDuration":"15m","formattedAvailabilityWindow":null,"formattedAvailabilityWindowShort":null,"image":{"portraitUrl":null,"landscapeUrl":"https:\/\/images.nlziet.nl\/metadataimportimages\/source\/6C15B7880100061395DA7C5DC112D6D5C755AC6B97B5F5F90FF1322BA26A3659.jpg"},"logo":{"normalUrl":"https:\/\/cdn.nlziet.nl\/static\/assets\/contentproviders\/npo.png","darkUrl":"https:\/\/cdn.nlziet.nl\/static\/assets\/contentproviders\/dark\/npo.png","flatUrl":"https:\/\/cdn.nlziet.nl\/static\/assets\/contentproviders\/flat\/npo.png"},"tags":[],"seriesId":"7QrOqPrilEGeM3pgWB1w1A"},{"id":"rGda9LmBvUS2gQDKGFqQwQ","type":"Vod","title":"Zappsport","subtitle":"Zappsport","description":"AVROTROS - Kindersportprogramma waarin alle takken van sport voorbijkomen.","formattedEpisodeNumbering":null,"formattedDate":"Za 26 mrt. 2016","formattedDateShort":"Mrt. 2016","formattedTime":"08:55","formattedDuration":"15m","formattedAvailabilityWindow":null,"formattedAvailabilityWindowShort":null,"image":{"portraitUrl":null,"landscapeUrl":"https:\/\/images.nlziet.nl\/metadataimportimages\/source\/0CDAE868D3ED2E315B9FC533DF91A5B08A5A101522C9B528B17B8E1271BD10F9.jpg"},"logo":{"normalUrl":"https:\/\/cdn.nlziet.nl\/static\/assets\/contentproviders\/npo.png","darkUrl":"https:\/\/cdn.nlziet.nl\/static\/assets\/contentproviders\/dark\/npo.png","flatUrl":"https:\/\/cdn.nlziet.nl\/static\/assets\/contentproviders\/flat\/npo.png"},"tags":[],"seriesId":"7QrOqPrilEGeM3pgWB1w1A"},{"id":"OncvjrCzgkOm3MrfeHIRzg","type":"Vod","title":"Zappsport","subtitle":"Zappsport","description":"AVROTROS - Kindersportprogramma waarin alle takken van sport voorbijkomen.","formattedEpisodeNumbering":null,"formattedDate":"Zo 20 mrt. 2016","formattedDateShort":"Mrt. 2016","formattedTime":"08:40","formattedDuration":"16m","formattedAvailabilityWindow":null,"formattedAvailabilityWindowShort":null,"image":{"portraitUrl":null,"landscapeUrl":"https:\/\/images.nlziet.nl\/metadataimportimages\/source\/91087DA8046AD59E4BEF57D56CBE649866C586141FAEA4D5CEDFF2B88F375A69.jpg"},"logo":{"normalUrl":"https:\/\/cdn.nlziet.nl\/static\/assets\/contentproviders\/npo.png","darkUrl":"https:\/\/cdn.nlziet.nl\/static\/assets\/contentproviders\/dark\/npo.png","flatUrl":"https:\/\/cdn.nlziet.nl\/static\/assets\/contentproviders\/flat\/npo.png"},"tags":[],"seriesId":"7QrOqPrilEGeM3pgWB1w1A"},{"id":"LO-eu51wvEOQ9AzDgKSBJA","type":"Vod","title":"Zappsport","subtitle":"Zappsport","description":"AVROTROS - Kindersportprogramma waarin alle takken van sport voorbijkomen.","formattedEpisodeNumbering":null,"formattedDate":"Za 19 mrt. 2016","formattedDateShort":"Mrt. 2016","formattedTime":"08:55","formattedDuration":"15m","formattedAvailabilityWindow":null,"formattedAvailabilityWindowShort":null,"image":{"portraitUrl":null,"landscapeUrl":"https:\/\/images.nlziet.nl\/metadataimportimages\/source\/E13379EA8CDA4BF038240EFC4FBE694AC1DD3709884EEE3F316E8D49012DBDC3.jpg"},"logo":{"normalUrl":"https:\/\/cdn.nlziet.nl\/static\/assets\/contentproviders\/npo.png","darkUrl":"https:\/\/cdn.nlziet.nl\/static\/assets\/contentproviders\/dark\/npo.png","flatUrl":"https:\/\/cdn.nlziet.nl\/static\/assets\/contentproviders\/flat\/npo.png"},"tags":[],"seriesId":"7QrOqPrilEGeM3pgWB1w1A"},{"id":"q9qkL8IA-UmAUhfT6ROunw","type":"Vod","title":"Zappsport","subtitle":"Zappsport","description":"AVROTROS - Kindersportprogramma waarin alle takken van sport voorbijkomen.","formattedEpisodeNumbering":null,"formattedDate":"Zo 13 mrt. 2016","formattedDateShort":"Mrt. 2016","formattedTime":"08:40","formattedDuration":"16m","formattedAvailabilityWindow":null,"formattedAvailabilityWindowShort":null,"image":{"portraitUrl":null,"landscapeUrl":"https:\/\/images.nlziet.nl\/metadataimportimages\/source\/836253657234A6DA5CFC2375F16D672A888D23ADF225A90CEEE2849A80C791FD.jpg"},"logo":{"normalUrl":"https:\/\/cdn.nlziet.nl\/static\/assets\/contentproviders\/npo.png","darkUrl":"https:\/\/cdn.nlziet.nl\/static\/assets\/contentproviders\/dark\/npo.png","flatUrl":"https:\/\/cdn.nlziet.nl\/static\/assets\/contentproviders\/flat\/npo.png"},"tags":[],"seriesId":"7QrOqPrilEGeM3pgWB1w1A"},{"id":"9Ts2ytRtsUm33M_TNQT1Lg","type":"Vod","title":"Zappsport","subtitle":"Zappsport","description":"AVROTROS - Kindersportprogramma waarin alle takken van sport voorbijkomen.","formattedEpisodeNumbering":null,"formattedDate":"Za 12 mrt. 2016","formattedDateShort":"Mrt. 2016","formattedTime":"08:55","formattedDuration":"15m","formattedAvailabilityWindow":null,"formattedAvailabilityWindowShort":null,"image":{"portraitUrl":null,"landscapeUrl":"https:\/\/images.nlziet.nl\/metadataimportimages\/source\/8EBE9F66969AEAEB0DEA71714C5EEA3BE12C401E22F11E0994778DA4F212919A.jpg"},"logo":{"normalUrl":"https:\/\/cdn.nlziet.nl\/static\/assets\/contentproviders\/npo.png","darkUrl":"https:\/\/cdn.nlziet.nl\/static\/assets\/contentproviders\/dark\/npo.png","flatUrl":"https:\/\/cdn.nlziet.nl\/static\/assets\/contentproviders\/flat\/npo.png"},"tags":[],"seriesId":"7QrOqPrilEGeM3pgWB1w1A"},{"id":"qARfN40S20mn7CmPbK1L6g","type":"Vod","title":"Zappsport","subtitle":"Zappsport","description":"AVROTROS - Kindersportprogramma waarin alle takken van sport voorbijkomen.","formattedEpisodeNumbering":null,"formattedDate":"Zo 6 mrt. 2016","formattedDateShort":"Mrt. 2016","formattedTime":"08:40","formattedDuration":"15m","formattedAvailabilityWindow":null,"formattedAvailabilityWindowShort":null,"image":{"portraitUrl":null,"landscapeUrl":"https:\/\/images.nlziet.nl\/metadataimportimages\/source\/330B3E4D10C6538869514444CFA8736BD0A4DC2C3FB6659379EAC16EB665817F.jpg"},"logo":{"normalUrl":"https:\/\/cdn.nlziet.nl\/static\/assets\/contentproviders\/npo.png","darkUrl":"https:\/\/cdn.nlziet.nl\/static\/assets\/contentproviders\/dark\/npo.png","flatUrl":"https:\/\/cdn.nlziet.nl\/static\/assets\/contentproviders\/flat\/npo.png"},"tags":[],"seriesId":"7QrOqPrilEGeM3pgWB1w1A"},{"id":"oNCiHKhPw0aVc6ivL3iSHQ","type":"Vod","title":"Zappsport","subtitle":"Zappsport","description":"AVROTROS - Kindersportprogramma waarin alle takken van sport voorbijkomen.","formattedEpisodeNumbering":null,"formattedDate":"Za 5 mrt. 2016","formattedDateShort":"Mrt. 2016","formattedTime":"08:55","formattedDuration":"16m","formattedAvailabilityWindow":null,"formattedAvailabilityWindowShort":null,"image":{"portraitUrl":null,"landscapeUrl":"https:\/\/images.nlziet.nl\/metadataimportimages\/source\/49A447F4FFEAC9DD0003984C1DE1C06C0915F2292980D29BA6D4D9C3C494FF93.jpg"},"logo":{"normalUrl":"https:\/\/cdn.nlziet.nl\/static\/assets\/contentproviders\/npo.png","darkUrl":"https:\/\/cdn.nlziet.nl\/static\/assets\/contentproviders\/dark\/npo.png","flatUrl":"https:\/\/cdn.nlziet.nl\/static\/assets\/contentproviders\/flat\/npo.png"},"tags":[],"seriesId":"7QrOqPrilEGeM3pgWB1w1A"},{"id":"MMipHKUeOE6z3iBVvbk__A","type":"Vod","title":"Zappsport","subtitle":"Zappsport","description":"AVROTROS - Kindersportprogramma waarin alle takken van sport voorbijkomen. In het onderdeel The Battle strijden de jongens tegen de meiden in een bepaalde sport. Ron staat in dit onderdeel tegenover de bloedfanatieke 'teamcaptain' Naomi van As. Kinderen met een sportprobleem krijgen hulp van een beroemde topsporter in de Hellup, de vetste trucs worden uitgelegd in The Move en er zijn regelmatig specials te zien rondom grote sporttoernooien.","formattedEpisodeNumbering":null,"formattedDate":"Zo 28 feb. 2016","formattedDateShort":"Feb. 2016","formattedTime":"08:40","formattedDuration":"16m","formattedAvailabilityWindow":null,"formattedAvailabilityWindowShort":null,"image":{"portraitUrl":null,"landscapeUrl":"https:\/\/images.nlziet.nl\/metadataimportimages\/source\/622AA4413E0D2C9C50D0DBD4B4110DA67ADA0E91B8E29713ABA185A9B4D98D4F.jpg"},"logo":{"normalUrl":"https:\/\/cdn.nlziet.nl\/static\/assets\/contentproviders\/npo.png","darkUrl":"https:\/\/cdn.nlziet.nl\/static\/assets\/contentproviders\/dark\/npo.png","flatUrl":"https:\/\/cdn.nlziet.nl\/static\/assets\/contentproviders\/flat\/npo.png"},"tags":[],"seriesId":"7QrOqPrilEGeM3pgWB1w1A"},{"id":"GQ7oJvJcqEGDwUYW37toSw","type":"Vod","title":"Zappsport","subtitle":"Zappsport","description":"AVROTROS - Kindersportprogramma waarin alle takken van sport voorbijkomen. In het onderdeel The Battle strijden de jongens tegen de meiden in een bepaalde sport. Ron staat in dit onderdeel tegenover de bloedfanatieke 'teamcaptain' Naomi van As. Kinderen met een sportprobleem krijgen hulp van een beroemde topsporter in de Hellup, de vetste trucs worden uitgelegd in The Move en er zijn regelmatig specials te zien rondom grote sporttoernooien.","formattedEpisodeNumbering":null,"formattedDate":"Za 27 feb. 2016","formattedDateShort":"Feb. 2016","formattedTime":"08:55","formattedDuration":"16m","formattedAvailabilityWindow":null,"formattedAvailabilityWindowShort":null,"image":{"portraitUrl":null,"landscapeUrl":"https:\/\/images.nlziet.nl\/metadataimportimages\/source\/402D46F8A30F093080BBDDA01E877529B4BCE6F51C1BCB76E57FE9817B9CF6B0.jpg"},"logo":{"normalUrl":"https:\/\/cdn.nlziet.nl\/static\/assets\/contentproviders\/npo.png","darkUrl":"https:\/\/cdn.nlziet.nl\/static\/assets\/contentproviders\/dark\/npo.png","flatUrl":"https:\/\/cdn.nlziet.nl\/static\/assets\/contentproviders\/flat\/npo.png"},"tags":[],"seriesId":"7QrOqPrilEGeM3pgWB1w1A"},{"id":"VhHGECW2GEKf7VEnFHvndg","type":"Vod","title":"Zappsport","subtitle":"Zappsport","description":"AVROTROS - Kindersportprogramma waarin alle takken van sport voorbijkomen. In het onderdeel The Battle strijden de jongens tegen de meiden in een bepaalde sport. Ron staat in dit onderdeel tegenover de bloedfanatieke 'teamcaptain' Naomi van As. Kinderen met een sportprobleem krijgen hulp van een beroemde topsporter in de Hellup, de vetste trucs worden uitgelegd in The Move en er zijn regelmatig specials te zien rondom grote sporttoernooien.","formattedEpisodeNumbering":null,"formattedDate":"Zo 21 feb. 2016","formattedDateShort":"Feb. 2016","formattedTime":"08:40","formattedDuration":"16m","formattedAvailabilityWindow":null,"formattedAvailabilityWindowShort":null,"image":{"portraitUrl":null,"landscapeUrl":"https:\/\/images.nlziet.nl\/metadataimportimages\/source\/E859D4B3F368C4ADA0B2E73872AC33F8A9538810E56B230DC2B52753BA599EE4.jpg"},"logo":{"normalUrl":"https:\/\/cdn.nlziet.nl\/static\/assets\/contentproviders\/npo.png","darkUrl":"https:\/\/cdn.nlziet.nl\/static\/assets\/contentproviders\/dark\/npo.png","flatUrl":"https:\/\/cdn.nlziet.nl\/static\/assets\/contentproviders\/flat\/npo.png"},"tags":[],"seriesId":"7QrOqPrilEGeM3pgWB1w1A"},{"id":"uytN5GLYbEG0Y56IaC6Yww","type":"Vod","title":"Zappsport","subtitle":"Zappsport","description":"AVROTROS - Kindersportprogramma waarin alle takken van sport voorbijkomen. In het onderdeel The Battle strijden de jongens tegen de meiden in een bepaalde sport. Ron staat in dit onderdeel tegenover de bloedfanatieke 'teamcaptain' Naomi van As. Kinderen met een sportprobleem krijgen hulp van een beroemde topsporter in de Hellup, de vetste trucs worden uitgelegd in The Move en er zijn regelmatig specials te zien rondom grote sporttoernooien.","formattedEpisodeNumbering":null,"formattedDate":"Za 20 feb. 2016","formattedDateShort":"Feb. 2016","formattedTime":"08:55","formattedDuration":"16m","formattedAvailabilityWindow":null,"formattedAvailabilityWindowShort":null,"image":{"portraitUrl":null,"landscapeUrl":"https:\/\/images.nlziet.nl\/metadataimportimages\/source\/157A23FFD3B22D3F8AB0ED7F70F3CF3699DDCE2A39AD2F76801F04D7EC9093ED.jpg"},"logo":{"normalUrl":"https:\/\/cdn.nlziet.nl\/static\/assets\/contentproviders\/npo.png","darkUrl":"https:\/\/cdn.nlziet.nl\/static\/assets\/contentproviders\/dark\/npo.png","flatUrl":"https:\/\/cdn.nlziet.nl\/static\/assets\/contentproviders\/flat\/npo.png"},"tags":[],"seriesId":"7QrOqPrilEGeM3pgWB1w1A"},{"id":"Q08CZO5x5U-ZOKETDS_rWg","type":"Vod","title":"Zappsport","subtitle":"Zappsport","description":"AVROTROS - Kindersportprogramma waarin alle takken van sport voorbijkomen. In het onderdeel The Battle strijden de jongens tegen de meiden in een bepaalde sport. Ron staat in dit onderdeel tegenover de bloedfanatieke 'teamcaptain' Naomi van As. Kinderen met een sportprobleem krijgen hulp van een beroemde topsporter in de Hellup, de vetste trucs worden uitgelegd in The Move en er zijn regelmatig specials te zien rondom grote sporttoernooien.","formattedEpisodeNumbering":null,"formattedDate":"Zo 14 feb. 2016","formattedDateShort":"Feb. 2016","formattedTime":"08:40","formattedDuration":"15m","formattedAvailabilityWindow":null,"formattedAvailabilityWindowShort":null,"image":{"portraitUrl":null,"landscapeUrl":"https:\/\/images.nlziet.nl\/metadataimportimages\/source\/4294589F988DD200CB8F1211FBDD833297A28BC2AD0EC43F2BD18B21BFDF7697.jpg"},"logo":{"normalUrl":"https:\/\/cdn.nlziet.nl\/static\/assets\/contentproviders\/npo.png","darkUrl":"https:\/\/cdn.nlziet.nl\/static\/assets\/contentproviders\/dark\/npo.png","flatUrl":"https:\/\/cdn.nlziet.nl\/static\/assets\/contentproviders\/flat\/npo.png"},"tags":[],"seriesId":"7QrOqPrilEGeM3pgWB1w1A"},{"id":"aiI3rVdlN0Ws8pxTxujX8Q","type":"Vod","title":"Zappsport","subtitle":"Zappsport","description":"AVROTROS - Kindersportprogramma waarin alle takken van sport voorbijkomen. In het onderdeel The Battle strijden de jongens tegen de meiden in een bepaalde sport. Ron staat in dit onderdeel tegenover de bloedfanatieke 'teamcaptain' Naomi van As. Kinderen met een sportprobleem krijgen hulp van een beroemde topsporter in de Hellup, de vetste trucs worden uitgelegd in The Move en er zijn regelmatig specials te zien rondom grote sporttoernooien.","formattedEpisodeNumbering":null,"formattedDate":"Za 13 feb. 2016","formattedDateShort":"Feb. 2016","formattedTime":"08:55","formattedDuration":"16m","formattedAvailabilityWindow":null,"formattedAvailabilityWindowShort":null,"image":{"portraitUrl":null,"landscapeUrl":"https:\/\/images.nlziet.nl\/metadataimportimages\/source\/E73DC1C505E8417084FD3421DBF03C239008D10CA1EDBF5BB93591E4B2AB5032.jpg"},"logo":{"normalUrl":"https:\/\/cdn.nlziet.nl\/static\/assets\/contentproviders\/npo.png","darkUrl":"https:\/\/cdn.nlziet.nl\/static\/assets\/contentproviders\/dark\/npo.png","flatUrl":"https:\/\/cdn.nlziet.nl\/static\/assets\/contentproviders\/flat\/npo.png"},"tags":[],"seriesId":"7QrOqPrilEGeM3pgWB1w1A"},{"id":"eDAT51ysDUWjmckUNfJgCw","type":"Vod","title":"Zappsport","subtitle":"Zappsport","description":"AVROTROS - Kindersportprogramma waarin alle takken van sport voorbijkomen. In het onderdeel The Battle strijden de jongens tegen de meiden in een bepaalde sport. Ron staat in dit onderdeel tegenover de bloedfanatieke 'teamcaptain' Naomi van As. Kinderen met een sportprobleem krijgen hulp van een beroemde topsporter in de Hellup, de vetste trucs worden uitgelegd in The Move en er zijn regelmatig specials te zien rondom grote sporttoernooien.","formattedEpisodeNumbering":null,"formattedDate":"Zo 7 feb. 2016","formattedDateShort":"Feb. 2016","formattedTime":"08:35","formattedDuration":"16m","formattedAvailabilityWindow":null,"formattedAvailabilityWindowShort":null,"image":{"portraitUrl":null,"landscapeUrl":"https:\/\/images.nlziet.nl\/metadataimportimages\/source\/1A8F29338EA1AAF84FD8DE3FFB25EA2F0DE413EAEB4B5882F7B9C68AC53439AD.jpg"},"logo":{"normalUrl":"https:\/\/cdn.nlziet.nl\/static\/assets\/contentproviders\/npo.png","darkUrl":"https:\/\/cdn.nlziet.nl\/static\/assets\/contentproviders\/dark\/npo.png","flatUrl":"https:\/\/cdn.nlziet.nl\/static\/assets\/contentproviders\/flat\/npo.png"},"tags":[],"seriesId":"7QrOqPrilEGeM3pgWB1w1A"},{"id":"5RV-elFN8EeZ5FTKA9wA7Q","type":"Vod","title":"Zappsport","subtitle":"Zappsport","description":"AVROTROS - Kindersportprogramma waarin alle takken van sport voorbijkomen. In het onderdeel The Battle strijden de jongens tegen de meiden in een bepaalde sport. Ron staat in dit onderdeel tegenover de bloedfanatieke 'teamcaptain' Naomi van As. Kinderen met een sportprobleem krijgen hulp van een beroemde topsporter in de Hellup, de vetste trucs worden uitgelegd in The Move en er zijn regelmatig specials te zien rondom grote sporttoernooien.","formattedEpisodeNumbering":null,"formattedDate":"Za 6 feb. 2016","formattedDateShort":"Feb. 2016","formattedTime":"08:55","formattedDuration":"16m","formattedAvailabilityWindow":null,"formattedAvailabilityWindowShort":null,"image":{"portraitUrl":null,"landscapeUrl":"https:\/\/images.nlziet.nl\/metadataimportimages\/source\/6C219DE48E294AB85DC644E9EE377AC596B28927C8D0900A303C7A5808D8F436.jpg"},"logo":{"normalUrl":"https:\/\/cdn.nlziet.nl\/static\/assets\/contentproviders\/npo.png","darkUrl":"https:\/\/cdn.nlziet.nl\/static\/assets\/contentproviders\/dark\/npo.png","flatUrl":"https:\/\/cdn.nlziet.nl\/static\/assets\/contentproviders\/flat\/npo.png"},"tags":[],"seriesId":"7QrOqPrilEGeM3pgWB1w1A"},{"id":"uI_nHarAw02IPmBdzv5HxQ","type":"Vod","title":"Zappsport","subtitle":"Zappsport","description":"AVROTROS - Kindersportprogramma waarin alle takken van sport voorbijkomen. In het onderdeel The Battle strijden de jongens tegen de meiden in een bepaalde sport. Ron staat in dit onderdeel tegenover de bloedfanatieke 'teamcaptain' Naomi van As. Kinderen met een sportprobleem krijgen hulp van een beroemde topsporter in de Hellup, de vetste trucs worden uitgelegd in The Move en er zijn regelmatig specials te zien rondom grote sporttoernooien.","formattedEpisodeNumbering":null,"formattedDate":"Zo 31 jan. 2016","formattedDateShort":"Jan. 2016","formattedTime":"08:40","formattedDuration":"16m","formattedAvailabilityWindow":null,"formattedAvailabilityWindowShort":null,"image":{"portraitUrl":null,"landscapeUrl":"https:\/\/images.nlziet.nl\/metadataimportimages\/source\/4CA0E343EDF36C5EE0A6BA5A3887770BC912F7D1C6A69915DED92D8798FCE698.jpg"},"logo":{"normalUrl":"https:\/\/cdn.nlziet.nl\/static\/assets\/contentproviders\/npo.png","darkUrl":"https:\/\/cdn.nlziet.nl\/static\/assets\/contentproviders\/dark\/npo.png","flatUrl":"https:\/\/cdn.nlziet.nl\/static\/assets\/contentproviders\/flat\/npo.png"},"tags":[],"seriesId":"7QrOqPrilEGeM3pgWB1w1A"},{"id":"y7BQ91BdQ0GelstZ9yi_jQ","type":"Vod","title":"Zappsport","subtitle":"Zappsport","description":"AVROTROS - Kindersportprogramma waarin alle takken van sport voorbijkomen. In het onderdeel The Battle strijden de jongens tegen de meiden in een bepaalde sport. Ron staat in dit onderdeel tegenover de bloedfanatieke 'teamcaptain' Naomi van As. Kinderen met een sportprobleem krijgen hulp van een beroemde topsporter in de Hellup, de vetste trucs worden uitgelegd in The Move en er zijn regelmatig specials te zien rondom grote sporttoernooien.","formattedEpisodeNumbering":null,"formattedDate":"Za 30 jan. 2016","formattedDateShort":"Jan. 2016","formattedTime":"08:55","formattedDuration":"16m","formattedAvailabilityWindow":null,"formattedAvailabilityWindowShort":null,"image":{"portraitUrl":null,"landscapeUrl":"https:\/\/images.nlziet.nl\/metadataimportimages\/source\/EEBDACB54DDF31C169328736CF97C5A5E54464277EB6EBF350C90DF3D7B7A25F.jpg"},"logo":{"normalUrl":"https:\/\/cdn.nlziet.nl\/static\/assets\/contentproviders\/npo.png","darkUrl":"https:\/\/cdn.nlziet.nl\/static\/assets\/contentproviders\/dark\/npo.png","flatUrl":"https:\/\/cdn.nlziet.nl\/static\/assets\/contentproviders\/flat\/npo.png"},"tags":[],"seriesId":"7QrOqPrilEGeM3pgWB1w1A"},{"id":"wNKAWjTl6EOAs5Y5Jm3Cog","type":"Vod","title":"Zappsport","subtitle":"Zappsport","description":"AVROTROS - Kindersportprogramma waarin alle takken van sport voorbijkomen. In het onderdeel The Battle strijden de jongens tegen de meiden in een bepaalde sport. Ron staat in dit onderdeel tegenover de bloedfanatieke 'teamcaptain' Naomi van As. Kinderen met een sportprobleem krijgen hulp van een beroemde topsporter in de Hellup, de vetste trucs worden uitgelegd in The Move en er zijn regelmatig specials te zien rondom grote sporttoernooien.","formattedEpisodeNumbering":null,"formattedDate":"Zo 24 jan. 2016","formattedDateShort":"Jan. 2016","formattedTime":"08:40","formattedDuration":"16m","formattedAvailabilityWindow":null,"formattedAvailabilityWindowShort":null,"image":{"portraitUrl":null,"landscapeUrl":"https:\/\/images.nlziet.nl\/metadataimportimages\/source\/EBE5FDAEDE7D9BDB6889190B9B32662F3444AEF05251951B7244865748A7B0E8.jpg"},"logo":{"normalUrl":"https:\/\/cdn.nlziet.nl\/static\/assets\/contentproviders\/npo.png","darkUrl":"https:\/\/cdn.nlziet.nl\/static\/assets\/contentproviders\/dark\/npo.png","flatUrl":"https:\/\/cdn.nlziet.nl\/static\/assets\/contentproviders\/flat\/npo.png"},"tags":[],"seriesId":"7QrOqPrilEGeM3pgWB1w1A"},{"id":"6SdXZczkvkKdCJ9MGX_lEA","type":"Vod","title":"Zappsport","subtitle":"Zappsport","description":"AVROTROS - Kindersportprogramma waarin alle takken van sport voorbijkomen. In het onderdeel The Battle strijden de jongens tegen de meiden in een bepaalde sport. Ron staat in dit onderdeel tegenover de bloedfanatieke 'teamcaptain' Naomi van As. Kinderen met een sportprobleem krijgen hulp van een beroemde topsporter in de Hellup, de vetste trucs worden uitgelegd in The Move en er zijn regelmatig specials te zien rondom grote sporttoernooien.","formattedEpisodeNumbering":null,"formattedDate":"Za 23 jan. 2016","formattedDateShort":"Jan. 2016","formattedTime":"08:55","formattedDuration":"15m","formattedAvailabilityWindow":null,"formattedAvailabilityWindowShort":null,"image":{"portraitUrl":null,"landscapeUrl":"https:\/\/images.nlziet.nl\/metadataimportimages\/source\/086893D4BB357D07F2F79DD6F7E43B1CDB5B2F6CB7C039DA9FDCDA298CEBA6C2.jpg"},"logo":{"normalUrl":"https:\/\/cdn.nlziet.nl\/static\/assets\/contentproviders\/npo.png","darkUrl":"https:\/\/cdn.nlziet.nl\/static\/assets\/contentproviders\/dark\/npo.png","flatUrl":"https:\/\/cdn.nlziet.nl\/static\/assets\/contentproviders\/flat\/npo.png"},"tags":[],"seriesId":"7QrOqPrilEGeM3pgWB1w1A"},{"id":"aD-Ytw9g6kGWwYdxs5fQoA","type":"Vod","title":"Zappsport","subtitle":"Zappsport","description":"AVROTROS - Kindersportprogramma waarin alle takken van sport voorbijkomen. In het onderdeel The Battle strijden de jongens tegen de meiden in een bepaalde sport. Ron staat in dit onderdeel tegenover de bloedfanatieke 'teamcaptain' Naomi van As. Kinderen met een sportprobleem krijgen hulp van een beroemde topsporter in de Hellup, de vetste trucs worden uitgelegd in The Move en er zijn regelmatig specials te zien rondom grote sporttoernooien.","formattedEpisodeNumbering":null,"formattedDate":"Zo 17 jan. 2016","formattedDateShort":"Jan. 2016","formattedTime":"08:40","formattedDuration":"15m","formattedAvailabilityWindow":null,"formattedAvailabilityWindowShort":null,"image":{"portraitUrl":null,"landscapeUrl":"https:\/\/images.nlziet.nl\/metadataimportimages\/source\/6460EE2F0C2C631585A57954633AED75D58FF0185650CA8C7E43C9964195BBEE.jpg"},"logo":{"normalUrl":"https:\/\/cdn.nlziet.nl\/static\/assets\/contentproviders\/npo.png","darkUrl":"https:\/\/cdn.nlziet.nl\/static\/assets\/contentproviders\/dark\/npo.png","flatUrl":"https:\/\/cdn.nlziet.nl\/static\/assets\/contentproviders\/flat\/npo.png"},"tags":[],"seriesId":"7QrOqPrilEGeM3pgWB1w1A"},{"id":"rHyFMKog9kqrEOCMByXBtg","type":"Vod","title":"Zappsport","subtitle":"Zappsport","description":"AVROTROS - Kindersportprogramma waarin alle takken van sport voorbijkomen. In het onderdeel The Battle strijden de jongens tegen de meiden in een bepaalde sport. Ron staat in dit onderdeel tegenover de bloedfanatieke 'teamcaptain' Naomi van As. Kinderen met een sportprobleem krijgen hulp van een beroemde topsporter in de Hellup, de vetste trucs worden uitgelegd in The Move en er zijn regelmatig specials te zien rondom grote sporttoernooien.","formattedEpisodeNumbering":null,"formattedDate":"Za 16 jan. 2016","formattedDateShort":"Jan. 2016","formattedTime":"08:55","formattedDuration":"15m","formattedAvailabilityWindow":null,"formattedAvailabilityWindowShort":null,"image":{"portraitUrl":null,"landscapeUrl":"https:\/\/images.nlziet.nl\/metadataimportimages\/source\/D43BB9755096206BEF8DCA19D29499B6D56CC310DA4971BBD51C9AD037784C93.jpg"},"logo":{"normalUrl":"https:\/\/cdn.nlziet.nl\/static\/assets\/contentproviders\/npo.png","darkUrl":"https:\/\/cdn.nlziet.nl\/static\/assets\/contentproviders\/dark\/npo.png","flatUrl":"https:\/\/cdn.nlziet.nl\/static\/assets\/contentproviders\/flat\/npo.png"},"tags":[],"seriesId":"7QrOqPrilEGeM3pgWB1w1A"},{"id":"PqAMh5fKiU66OYxDy2mrew","type":"Vod","title":"Zappsport","subtitle":"Zappsport","description":"AVROTROS - Kindersportprogramma waarin alle takken van sport voorbijkomen. In het onderdeel The Battle strijden de jongens tegen de meiden in een bepaalde sport. Ron staat in dit onderdeel tegenover de bloedfanatieke 'teamcaptain' Naomi van As. Kinderen met een sportprobleem krijgen hulp van een beroemde topsporter in de Hellup, de vetste trucs worden uitgelegd in The Move en er zijn regelmatig specials te zien rondom grote sporttoernooien.","formattedEpisodeNumbering":null,"formattedDate":"Zo 10 jan. 2016","formattedDateShort":"Jan. 2016","formattedTime":"08:40","formattedDuration":"15m","formattedAvailabilityWindow":null,"formattedAvailabilityWindowShort":null,"image":{"portraitUrl":null,"landscapeUrl":"https:\/\/images.nlziet.nl\/metadataimportimages\/source\/0A5D6BAE9E1E4CCF4646B2B22716F27E0F9945C5D6DD3DA508BB2D1149FA1291.jpg"},"logo":{"normalUrl":"https:\/\/cdn.nlziet.nl\/static\/assets\/contentproviders\/npo.png","darkUrl":"https:\/\/cdn.nlziet.nl\/static\/assets\/contentproviders\/dark\/npo.png","flatUrl":"https:\/\/cdn.nlziet.nl\/static\/assets\/contentproviders\/flat\/npo.png"},"tags":[],"seriesId":"7QrOqPrilEGeM3pgWB1w1A"},{"id":"X3UczdK4dkyT5BOcGF_B0g","type":"Vod","title":"Zappsport","subtitle":"Zappsport","description":"AVROTROS - Kindersportprogramma waarin alle takken van sport voorbijkomen. In het onderdeel The Battle strijden de jongens tegen de meiden in een bepaalde sport. Ron staat in dit onderdeel tegenover de bloedfanatieke 'teamcaptain' Naomi van As. Kinderen met een sportprobleem krijgen hulp van een beroemde topsporter in de Hellup, de vetste trucs worden uitgelegd in The Move en er zijn regelmatig specials te zien rondom grote sporttoernooien.","formattedEpisodeNumbering":null,"formattedDate":"Za 9 jan. 2016","formattedDateShort":"Jan. 2016","formattedTime":"08:55","formattedDuration":"15m","formattedAvailabilityWindow":null,"formattedAvailabilityWindowShort":null,"image":{"portraitUrl":null,"landscapeUrl":"https:\/\/images.nlziet.nl\/metadataimportimages\/source\/2128F4F4B73E07437A93D0FFB94838AD6B5596FD8EF4E48726EB66EA33EEBC39.jpg"},"logo":{"normalUrl":"https:\/\/cdn.nlziet.nl\/static\/assets\/contentproviders\/npo.png","darkUrl":"https:\/\/cdn.nlziet.nl\/static\/assets\/contentproviders\/dark\/npo.png","flatUrl":"https:\/\/cdn.nlziet.nl\/static\/assets\/contentproviders\/flat\/npo.png"},"tags":[],"seriesId":"7QrOqPrilEGeM3pgWB1w1A"}]