[{"id":"JygvKtq5pEaWBUkiQzAxww","type":"Vod","title":"Zomergasten","subtitle":"Typhoon in het kort","description":"VPRO - Rapper Typhoon (Glenn de Randamie) is de eerste Zomergast van 2020. Zijn Zomergastenavond ging over kwetsbaarheid, je geloof vinden en de kracht van muziek.","formattedEpisodeNumbering":null,"formattedDate":"Ma 20 jul. 2020","formattedDateShort":"Jul. 2020","formattedTime":"14:09","formattedDuration":"19m","formattedAvailabilityWindow":null,"formattedAvailabilityWindowShort":null,"image":{"portraitUrl":null,"landscapeUrl":"https:\/\/images.nlziet.nl\/metadataimportimages\/source\/8A781121573EB014F5C4C0B35478680BFFBE3BD324399C02E9C402F0FDC63B9A.jpg"},"logo":{"normalUrl":"https:\/\/cdn.nlziet.nl\/static\/assets\/contentproviders\/npo.png","darkUrl":"https:\/\/cdn.nlziet.nl\/static\/assets\/contentproviders\/dark\/npo.png","flatUrl":"https:\/\/cdn.nlziet.nl\/static\/assets\/contentproviders\/flat\/npo.png"},"tags":[],"seriesId":"5tjHWtFIpUKZMtCqv30tog"},{"id":"uh-0L8qhhk6eqp0_PATLgA","type":"Vod","title":"Zomergasten","subtitle":"Inez Weski in het kort","description":"VPRO - Strafrechtadvocaat Inez Weski is de tweede Zomergasten van 2020. Haar Zomergastenavond ging over de hardheid van de maatschappij, vrij denken en loskomen van de massa.","formattedEpisodeNumbering":null,"formattedDate":"Ma 27 jul. 2020","formattedDateShort":"Jul. 2020","formattedTime":"08:03","formattedDuration":"19m","formattedAvailabilityWindow":null,"formattedAvailabilityWindowShort":null,"image":{"portraitUrl":null,"landscapeUrl":"https:\/\/images.nlziet.nl\/metadataimportimages\/source\/73C83137F30267BA4089280A0DA28568ED72A4BD3C3AFCE4A6F235E1B9C6BF37.jpg"},"logo":{"normalUrl":"https:\/\/cdn.nlziet.nl\/static\/assets\/contentproviders\/npo.png","darkUrl":"https:\/\/cdn.nlziet.nl\/static\/assets\/contentproviders\/dark\/npo.png","flatUrl":"https:\/\/cdn.nlziet.nl\/static\/assets\/contentproviders\/flat\/npo.png"},"tags":[],"seriesId":"5tjHWtFIpUKZMtCqv30tog"},{"id":"DcyU2mUKlE6u183opiiUuA","type":"Vod","title":"Zomergasten","subtitle":"Nazmiye Oral in het kort","description":"VPRO - Theatermaker, actrice en columnist Nazmiye Oral is de derde Zomergasten van 2020. Haar avond ging over openheid, verbinding en jezelf leren kennen.","formattedEpisodeNumbering":null,"formattedDate":"Ma 3 aug. 2020","formattedDateShort":"Aug. 2020","formattedTime":"08:38","formattedDuration":"19m","formattedAvailabilityWindow":null,"formattedAvailabilityWindowShort":null,"image":{"portraitUrl":null,"landscapeUrl":"https:\/\/images.nlziet.nl\/metadataimportimages\/source\/799ED27D523748936E209A38E2AFB9426CFDCA04E5E325D2F96C366A9E61CB07.jpg"},"logo":{"normalUrl":"https:\/\/cdn.nlziet.nl\/static\/assets\/contentproviders\/npo.png","darkUrl":"https:\/\/cdn.nlziet.nl\/static\/assets\/contentproviders\/dark\/npo.png","flatUrl":"https:\/\/cdn.nlziet.nl\/static\/assets\/contentproviders\/flat\/npo.png"},"tags":[],"seriesId":"5tjHWtFIpUKZMtCqv30tog"},{"id":"ZmAhC-zq8U-GC3sTnZ_2pA","type":"Vod","title":"Zomergasten","subtitle":"Carola Schouten in het kort","description":"VPRO - Minister van Landbouw, Natuur en Voedselkwaliteit en vice-premier Carola Schouten is de vijfde Zomergast van 2020. Haar avond ging over hoop, vrijheid en menselijke veerkracht.","formattedEpisodeNumbering":null,"formattedDate":"Ma 17 aug. 2020","formattedDateShort":"Aug. 2020","formattedTime":"07:46","formattedDuration":"19m","formattedAvailabilityWindow":null,"formattedAvailabilityWindowShort":null,"image":{"portraitUrl":null,"landscapeUrl":"https:\/\/images.nlziet.nl\/metadataimportimages\/source\/0F1DD24AE860B29295459AFA567C7EDDAB2511327D1849199497FEBA5BFE2A20.jpg"},"logo":{"normalUrl":"https:\/\/cdn.nlziet.nl\/static\/assets\/contentproviders\/npo.png","darkUrl":"https:\/\/cdn.nlziet.nl\/static\/assets\/contentproviders\/dark\/npo.png","flatUrl":"https:\/\/cdn.nlziet.nl\/static\/assets\/contentproviders\/flat\/npo.png"},"tags":[],"seriesId":"5tjHWtFIpUKZMtCqv30tog"},{"id":"2Xis9gvaKkeiuPbmljc29A","type":"Vod","title":"Zomergasten","subtitle":"Ilja Leonard Pfeijffer in het kort","description":"VPRO - Schrijver Ilja Leonard Pfeijffer is de zesde Zomergast van 2020. Zijn avond ging over feit en fictie, de kracht van taal en het vormen van je identiteit.","formattedEpisodeNumbering":null,"formattedDate":"Ma 24 aug. 2020","formattedDateShort":"Aug. 2020","formattedTime":"07:40","formattedDuration":"19m","formattedAvailabilityWindow":null,"formattedAvailabilityWindowShort":null,"image":{"portraitUrl":null,"landscapeUrl":"https:\/\/images.nlziet.nl\/metadataimportimages\/source\/55B83BFC020527ACBF632D6E21C5DD6EB7E1AEABBE9EDDB815329ACB08C87E81.jpg"},"logo":{"normalUrl":"https:\/\/cdn.nlziet.nl\/static\/assets\/contentproviders\/npo.png","darkUrl":"https:\/\/cdn.nlziet.nl\/static\/assets\/contentproviders\/dark\/npo.png","flatUrl":"https:\/\/cdn.nlziet.nl\/static\/assets\/contentproviders\/flat\/npo.png"},"tags":[],"seriesId":"5tjHWtFIpUKZMtCqv30tog"}]