[{"id":"i1rau6YEPk-iebl_hVDwgg","type":"Vod","title":"Brainwash Talks","subtitle":"Ece Temelkuran: Vertrouwen in elkaar","description":"HUMAN - Zorgen dat mensen weer vertrouwen in elkaar krijgen. Volgens journalist Ece Temelkuran is dat de grootste opgave van deze tijd. Ze laat zien hoe mensen dichter bij elkaar komen.","formattedEpisodeNumbering":null,"formattedDate":"Zo 26 dec. 2021","formattedDateShort":"Dec. 2021","formattedTime":"13:45","formattedDuration":"10m","formattedAvailabilityWindow":null,"formattedAvailabilityWindowShort":null,"image":{"portraitUrl":null,"landscapeUrl":"https:\/\/images.nlziet.nl\/metadataimportimages\/source\/274622D6A8C7BB9974380E51646AB67469D052A9583CED1A395772979197B515.jpg"},"logo":{"normalUrl":"https:\/\/cdn.nlziet.nl\/static\/assets\/contentproviders\/npo.png","darkUrl":"https:\/\/cdn.nlziet.nl\/static\/assets\/contentproviders\/dark\/npo.png","flatUrl":"https:\/\/cdn.nlziet.nl\/static\/assets\/contentproviders\/flat\/npo.png"},"tags":[],"seriesId":"6t7SFiAmnEOB-25LX_yXzg"},{"id":"N8z5bfazAUmNsRtC4rebMA","type":"Vod","title":"Brainwash Talks","subtitle":"Abdelkader Benali: Meer Meerstemmigheid","description":"HUMAN - Al jong ondervond schrijver Abdelkader Benali hoe het is om tussen culturen in te leven en te moeten kiezen. En dat terwijl we zoveel verhalen met ons meedragen. Hij pleit voor meer meerstemmigheid.","formattedEpisodeNumbering":null,"formattedDate":"Zo 19 dec. 2021","formattedDateShort":"Dec. 2021","formattedTime":"13:40","formattedDuration":"12m","formattedAvailabilityWindow":null,"formattedAvailabilityWindowShort":null,"image":{"portraitUrl":null,"landscapeUrl":"https:\/\/images.nlziet.nl\/metadataimportimages\/source\/CB3E7A983AFC8B4D673A87773386171ED574F17EA0A60EC6E085F9CF64D1E4B5.jpg"},"logo":{"normalUrl":"https:\/\/cdn.nlziet.nl\/static\/assets\/contentproviders\/npo.png","darkUrl":"https:\/\/cdn.nlziet.nl\/static\/assets\/contentproviders\/dark\/npo.png","flatUrl":"https:\/\/cdn.nlziet.nl\/static\/assets\/contentproviders\/flat\/npo.png"},"tags":[],"seriesId":"6t7SFiAmnEOB-25LX_yXzg"},{"id":"RCYTbCqfoUyOQTK67MfDJg","type":"Vod","title":"Brainwash Talks","subtitle":"Emma Dowling: De Zorgcrisis","description":"HUMAN - Lange wachtlijsten, zorgmedewerkers die al voor de coronacrisis overbelast waren en mantelzorgers met een burn-out. De gezondheidszorg kraakt. Ondertussen sporten en yoga\u00ebn we ons suf om onszelf gezond te houden. Dat duidt op een fikse zorgcrisis, stelt socioloog Emma Dowling.","formattedEpisodeNumbering":null,"formattedDate":"Zo 12 dec. 2021","formattedDateShort":"Dec. 2021","formattedTime":"13:40","formattedDuration":"12m","formattedAvailabilityWindow":null,"formattedAvailabilityWindowShort":null,"image":{"portraitUrl":null,"landscapeUrl":"https:\/\/images.nlziet.nl\/metadataimportimages\/source\/CECDE25838858B3FC11981D5E4F9BD686745363DC3D194FC8342223D26BB0FB9.jpg"},"logo":{"normalUrl":"https:\/\/cdn.nlziet.nl\/static\/assets\/contentproviders\/npo.png","darkUrl":"https:\/\/cdn.nlziet.nl\/static\/assets\/contentproviders\/dark\/npo.png","flatUrl":"https:\/\/cdn.nlziet.nl\/static\/assets\/contentproviders\/flat\/npo.png"},"tags":[],"seriesId":"6t7SFiAmnEOB-25LX_yXzg"},{"id":"Lp4aF1ldFkCZkMMbpPqgaA","type":"Vod","title":"Brainwash Talks","subtitle":"Melanie Challenger: Het Dier de Mens","description":"HUMAN - De mens is misschien het meest nieuwsgierige, emotionele, inventieve en agressieve dier op aarde, maar wel dieren, betoogt schrijver Melanie Challenger. En dat wil men nog wel eens vergeten.","formattedEpisodeNumbering":null,"formattedDate":"Zo 5 dec. 2021","formattedDateShort":"Dec. 2021","formattedTime":"13:40","formattedDuration":"11m","formattedAvailabilityWindow":null,"formattedAvailabilityWindowShort":null,"image":{"portraitUrl":null,"landscapeUrl":"https:\/\/images.nlziet.nl\/metadataimportimages\/source\/AA7A431D106D6A57966411906BEE6AE1632AE830698C12F8056F28C3FBE13500.jpg"},"logo":{"normalUrl":"https:\/\/cdn.nlziet.nl\/static\/assets\/contentproviders\/npo.png","darkUrl":"https:\/\/cdn.nlziet.nl\/static\/assets\/contentproviders\/dark\/npo.png","flatUrl":"https:\/\/cdn.nlziet.nl\/static\/assets\/contentproviders\/flat\/npo.png"},"tags":[],"seriesId":"6t7SFiAmnEOB-25LX_yXzg"},{"id":"30ZU65KNCEeDhRipqgFFSA","type":"Vod","title":"Brainwash Talks","subtitle":"Eric Lonergan: De Kracht van Woede","description":"HUMAN - Econoom Eric Longeran deed onderzoek naar woede en ontdekte dat boosheid een krachtige economische en maatschappelijke drijfveer kan zijn. Hij pleit voor het omarmen van de 'woede van engelen'.","formattedEpisodeNumbering":null,"formattedDate":"Zo 28 nov. 2021","formattedDateShort":"Nov. 2021","formattedTime":"13:45","formattedDuration":"13m","formattedAvailabilityWindow":null,"formattedAvailabilityWindowShort":null,"image":{"portraitUrl":null,"landscapeUrl":"https:\/\/images.nlziet.nl\/metadataimportimages\/source\/2B35A17D78BC597795F955977622C393DD41C89541AA11A4C076E01D11A1B83E.jpg"},"logo":{"normalUrl":"https:\/\/cdn.nlziet.nl\/static\/assets\/contentproviders\/npo.png","darkUrl":"https:\/\/cdn.nlziet.nl\/static\/assets\/contentproviders\/dark\/npo.png","flatUrl":"https:\/\/cdn.nlziet.nl\/static\/assets\/contentproviders\/flat\/npo.png"},"tags":[],"seriesId":"6t7SFiAmnEOB-25LX_yXzg"},{"id":"SZNq61x4ukyMZsO096p4ZQ","type":"Vod","title":"Brainwash Talks","subtitle":"Ann Pettifor : Green New Deal","description":"HUMAN - Programma dat aansluit op het Brainwash Festival. De meest verrassende en invloedrijke denkers uit binnen- en buitenland formuleren samen met het publiek nieuwe idee\u00ebn voor de grootste persoonlijke en maatschappelijke vraagstukken van deze tijd.","formattedEpisodeNumbering":null,"formattedDate":"Zo 21 nov. 2021","formattedDateShort":"Nov. 2021","formattedTime":"13:35","formattedDuration":"12m","formattedAvailabilityWindow":null,"formattedAvailabilityWindowShort":null,"image":{"portraitUrl":null,"landscapeUrl":"https:\/\/images.nlziet.nl\/metadataimportimages\/source\/B9AE34CDFFF139C6E2903E0EE0409149448C1A0F48B026139CE88123C5469EB9.jpg"},"logo":{"normalUrl":"https:\/\/cdn.nlziet.nl\/static\/assets\/contentproviders\/npo.png","darkUrl":"https:\/\/cdn.nlziet.nl\/static\/assets\/contentproviders\/dark\/npo.png","flatUrl":"https:\/\/cdn.nlziet.nl\/static\/assets\/contentproviders\/flat\/npo.png"},"tags":[],"seriesId":"6t7SFiAmnEOB-25LX_yXzg"},{"id":"CwrgYftEQEWN9fTFn5DAmA","type":"Vod","title":"Brainwash Talks","subtitle":"Grace Blakeley: De Economie na Corona","description":"HUMAN - De miljarden die overheden over de hele wereld uitgetrokken hebben voor coronasteun, hebben niet geleid tot meer gelijkwaardige en democratische samenlevingen, stelt economiecommentator Grace Blakeley. Het geld kwam vooral terecht bij grote bedrijven. Blakeley pleit voor een economie waar iedereen beter van wordt.","formattedEpisodeNumbering":null,"formattedDate":"Zo 14 nov. 2021","formattedDateShort":"Nov. 2021","formattedTime":"13:40","formattedDuration":"12m","formattedAvailabilityWindow":null,"formattedAvailabilityWindowShort":null,"image":{"portraitUrl":null,"landscapeUrl":"https:\/\/images.nlziet.nl\/metadataimportimages\/source\/07C5EFD1C639D1BCFDCF5A84E6731C50F4DD63F008F9EC2884A4C34D5329B620.jpg"},"logo":{"normalUrl":"https:\/\/cdn.nlziet.nl\/static\/assets\/contentproviders\/npo.png","darkUrl":"https:\/\/cdn.nlziet.nl\/static\/assets\/contentproviders\/dark\/npo.png","flatUrl":"https:\/\/cdn.nlziet.nl\/static\/assets\/contentproviders\/flat\/npo.png"},"tags":[],"seriesId":"6t7SFiAmnEOB-25LX_yXzg"},{"id":"b4kgaB5UvUOy2uK5FIHMHA","type":"Vod","title":"Brainwash Talks","subtitle":"Pablo M. Lamberti: Strijdvaardig leven","description":"HUMAN - Filosofie is als vechtsport, stelt filosoof en jiujitsubeoefenaar Pablo M. Lamberti. Je moet er niet te veel over praten, maar tonen wat je kunt. Hij laat zien hoe je strijdvaardig kunt leven.","formattedEpisodeNumbering":null,"formattedDate":"Zo 7 nov. 2021","formattedDateShort":"Nov. 2021","formattedTime":"13:45","formattedDuration":"12m","formattedAvailabilityWindow":null,"formattedAvailabilityWindowShort":null,"image":{"portraitUrl":null,"landscapeUrl":"https:\/\/images.nlziet.nl\/metadataimportimages\/source\/AC0E091806F80C3D6000D1375C6A9E4E84C66C9DFDD66888BF19D8A85363C5E1.jpg"},"logo":{"normalUrl":"https:\/\/cdn.nlziet.nl\/static\/assets\/contentproviders\/npo.png","darkUrl":"https:\/\/cdn.nlziet.nl\/static\/assets\/contentproviders\/dark\/npo.png","flatUrl":"https:\/\/cdn.nlziet.nl\/static\/assets\/contentproviders\/flat\/npo.png"},"tags":[],"seriesId":"6t7SFiAmnEOB-25LX_yXzg"},{"id":"8Wpdql4Yrky1rP0tqErqLA","type":"Vod","title":"Brainwash Talks","subtitle":"Wim Vandenbussche: Meertaligheid","description":"HUMAN - Via media, mobiliteit of migratie: meer dan ooit komt men in contact met de veelheid aan talen, ziet taalkundige Wim Vandenbussche. Maar niet al die talen worden hetzelfde gewaardeerd.","formattedEpisodeNumbering":null,"formattedDate":"Zo 24 okt. 2021","formattedDateShort":"Okt. 2021","formattedTime":"13:35","formattedDuration":"12m","formattedAvailabilityWindow":null,"formattedAvailabilityWindowShort":null,"image":{"portraitUrl":null,"landscapeUrl":"https:\/\/images.nlziet.nl\/metadataimportimages\/source\/3C33DBEC6CADA67584627211A876125ED7B991762ACE768C3BD63906B178CB32.jpg"},"logo":{"normalUrl":"https:\/\/cdn.nlziet.nl\/static\/assets\/contentproviders\/npo.png","darkUrl":"https:\/\/cdn.nlziet.nl\/static\/assets\/contentproviders\/dark\/npo.png","flatUrl":"https:\/\/cdn.nlziet.nl\/static\/assets\/contentproviders\/flat\/npo.png"},"tags":[],"seriesId":"6t7SFiAmnEOB-25LX_yXzg"},{"id":"ZCodFST7DUOmo8-RzXZt4w","type":"Vod","title":"Brainwash Talks","subtitle":"Raki Ap: Inheemse Perspectieven","description":"HUMAN - Inheemse volkeren worden verdreven van hun land om plaats te maken voor een palmolieplantage of mijnbouw, ziet activist en oud-militair Raki Ap. En dat terwijl zij een sleutel vormen in de strijd tegen klimaatverandering.","formattedEpisodeNumbering":null,"formattedDate":"Zo 17 okt. 2021","formattedDateShort":"Okt. 2021","formattedTime":"13:40","formattedDuration":"11m","formattedAvailabilityWindow":null,"formattedAvailabilityWindowShort":null,"image":{"portraitUrl":null,"landscapeUrl":"https:\/\/images.nlziet.nl\/metadataimportimages\/source\/69FC9069E113E5B961E93B81BA40C38C8E3E6CBCC26976C6712B577FCDC518D2.jpg"},"logo":{"normalUrl":"https:\/\/cdn.nlziet.nl\/static\/assets\/contentproviders\/npo.png","darkUrl":"https:\/\/cdn.nlziet.nl\/static\/assets\/contentproviders\/dark\/npo.png","flatUrl":"https:\/\/cdn.nlziet.nl\/static\/assets\/contentproviders\/flat\/npo.png"},"tags":[],"seriesId":"6t7SFiAmnEOB-25LX_yXzg"},{"id":"t14rsMjPrUusV-KPDq5xmg","type":"Vod","title":"Brainwash Talks","subtitle":"Floortje Scheepers: Mensen, geen Labels","description":"HUMAN - De mens is veel te ingewikkeld om in labels en modellen te vatten, ziet psychiater Floortje Scheepers.","formattedEpisodeNumbering":null,"formattedDate":"Zo 10 okt. 2021","formattedDateShort":"Okt. 2021","formattedTime":"13:35","formattedDuration":"12m","formattedAvailabilityWindow":null,"formattedAvailabilityWindowShort":null,"image":{"portraitUrl":null,"landscapeUrl":"https:\/\/images.nlziet.nl\/metadataimportimages\/source\/0D581A5F9AE6F086EE6B411001E87D85B04A1101FF1F44B2E083377DF25081A0.jpg"},"logo":{"normalUrl":"https:\/\/cdn.nlziet.nl\/static\/assets\/contentproviders\/npo.png","darkUrl":"https:\/\/cdn.nlziet.nl\/static\/assets\/contentproviders\/dark\/npo.png","flatUrl":"https:\/\/cdn.nlziet.nl\/static\/assets\/contentproviders\/flat\/npo.png"},"tags":[],"seriesId":"6t7SFiAmnEOB-25LX_yXzg"},{"id":"8hL-vdY9ZESuipcCeoW7gA","type":"Vod","title":"Brainwash Talks","subtitle":"Sachli Gholamalizad: Moederschap","description":"HUMAN - Lang had acteur en theatermaker Sachli Gholamalizad haar twijfels over het moederschap. Ze was bang dat ze onverwerkte trauma's zou doorgeven.","formattedEpisodeNumbering":null,"formattedDate":"Zo 3 okt. 2021","formattedDateShort":"Okt. 2021","formattedTime":"13:40","formattedDuration":"13m","formattedAvailabilityWindow":null,"formattedAvailabilityWindowShort":null,"image":{"portraitUrl":null,"landscapeUrl":"https:\/\/images.nlziet.nl\/metadataimportimages\/source\/8490215266F9647982F729EE60C738DF0E910937FD28C48B36948BEB108E6613.jpg"},"logo":{"normalUrl":"https:\/\/cdn.nlziet.nl\/static\/assets\/contentproviders\/npo.png","darkUrl":"https:\/\/cdn.nlziet.nl\/static\/assets\/contentproviders\/dark\/npo.png","flatUrl":"https:\/\/cdn.nlziet.nl\/static\/assets\/contentproviders\/flat\/npo.png"},"tags":[],"seriesId":"6t7SFiAmnEOB-25LX_yXzg"},{"id":"Hze2B3XtWEOn1e3zxkBs2A","type":"Vod","title":"Brainwash Talks","subtitle":"Fredo De Smet: Mens, niet Machine centraal","description":"HUMAN - Hoe kan ervoor gezorgd worden dat in een digitaliserende wereld de mens en niet de machine centraal staat? Dat is de vraag voor schrijver en onderzoeker Fredo De Smet.","formattedEpisodeNumbering":null,"formattedDate":"Zo 26 sep. 2021","formattedDateShort":"Sep. 2021","formattedTime":"13:35","formattedDuration":"11m","formattedAvailabilityWindow":null,"formattedAvailabilityWindowShort":null,"image":{"portraitUrl":null,"landscapeUrl":"https:\/\/images.nlziet.nl\/metadataimportimages\/source\/3A3EA6205E9BD20D4E7E78729B754164D9364B3FDB2312306874D2A2A628210C.jpg"},"logo":{"normalUrl":"https:\/\/cdn.nlziet.nl\/static\/assets\/contentproviders\/npo.png","darkUrl":"https:\/\/cdn.nlziet.nl\/static\/assets\/contentproviders\/dark\/npo.png","flatUrl":"https:\/\/cdn.nlziet.nl\/static\/assets\/contentproviders\/flat\/npo.png"},"tags":[],"seriesId":"6t7SFiAmnEOB-25LX_yXzg"},{"id":"3DHss6bZQ0q3rLNVrntw9w","type":"Vod","title":"Brainwash Talks","subtitle":"Thomas Huttinga: Ode aan Europa","description":"HUMAN - Het is belangrijk dat we onze mede-Europeanen leren kennen, want Europa is meer dan een economisch samenwerkingsverband. Het is ons verleden en onze toekomst, stelt schrijver Thomas Huttinga.","formattedEpisodeNumbering":null,"formattedDate":"Zo 19 sep. 2021","formattedDateShort":"Sep. 2021","formattedTime":"13:35","formattedDuration":"10m","formattedAvailabilityWindow":null,"formattedAvailabilityWindowShort":null,"image":{"portraitUrl":null,"landscapeUrl":"https:\/\/images.nlziet.nl\/metadataimportimages\/source\/C0FFD247F9924CA7B31B098C38CFFC35B57CF745B64DDC6728E5CB50E69A65FB.jpg"},"logo":{"normalUrl":"https:\/\/cdn.nlziet.nl\/static\/assets\/contentproviders\/npo.png","darkUrl":"https:\/\/cdn.nlziet.nl\/static\/assets\/contentproviders\/dark\/npo.png","flatUrl":"https:\/\/cdn.nlziet.nl\/static\/assets\/contentproviders\/flat\/npo.png"},"tags":[],"seriesId":"6t7SFiAmnEOB-25LX_yXzg"},{"id":"4Vlv-wGpaEmD4Tgu7O_blg","type":"Vod","title":"Brainwash Talks","subtitle":"Roanne van Voorst: De Toekomst van Liefde","description":"HUMAN - Wat houdt ons menselijk in tijden van robotisering? Gaan we verliefd worden op een pop? Het zijn vragen waar antropoloog van de toekomst Roanne van Voorst zich mee bezighoudt. En dat levert interessant veldwerk op.","formattedEpisodeNumbering":null,"formattedDate":"Zo 12 sep. 2021","formattedDateShort":"Sep. 2021","formattedTime":"13:35","formattedDuration":"13m","formattedAvailabilityWindow":null,"formattedAvailabilityWindowShort":null,"image":{"portraitUrl":null,"landscapeUrl":"https:\/\/images.nlziet.nl\/metadataimportimages\/source\/8CB5CD5D7C829C33C7511B1BAD3BE0B01035A5D935A50411CF40D82C7F18D91E.jpg"},"logo":{"normalUrl":"https:\/\/cdn.nlziet.nl\/static\/assets\/contentproviders\/npo.png","darkUrl":"https:\/\/cdn.nlziet.nl\/static\/assets\/contentproviders\/dark\/npo.png","flatUrl":"https:\/\/cdn.nlziet.nl\/static\/assets\/contentproviders\/flat\/npo.png"},"tags":[],"seriesId":"6t7SFiAmnEOB-25LX_yXzg"},{"id":"sg9KzAFf-ECQYvuE2aEeig","type":"Vod","title":"Brainwash Talks","subtitle":"Johan Albrecht: Duurzaamheid voor iedereen","description":"HUMAN - Subsidies op een elektrische auto, zonnepanelen, of het isoleren van een woning: het zijn vooral de hogere inkomens die profiteren, ziet econoom Johan Albrecht. Dat moet anders.","formattedEpisodeNumbering":null,"formattedDate":"Zo 5 sep. 2021","formattedDateShort":"Sep. 2021","formattedTime":"13:40","formattedDuration":"13m","formattedAvailabilityWindow":null,"formattedAvailabilityWindowShort":null,"image":{"portraitUrl":null,"landscapeUrl":"https:\/\/images.nlziet.nl\/metadataimportimages\/source\/D38123639F7703B45954AE05CC0FABC389DE84FB85BF5152B32B0CDE60A1A6F3.jpg"},"logo":{"normalUrl":"https:\/\/cdn.nlziet.nl\/static\/assets\/contentproviders\/npo.png","darkUrl":"https:\/\/cdn.nlziet.nl\/static\/assets\/contentproviders\/dark\/npo.png","flatUrl":"https:\/\/cdn.nlziet.nl\/static\/assets\/contentproviders\/flat\/npo.png"},"tags":[],"seriesId":"6t7SFiAmnEOB-25LX_yXzg"},{"id":"v-fc4XB4cUuEByEytU7SQg","type":"Vod","title":"Brainwash Talks","subtitle":"Kees Kraaijeveld: Mentale Vooruitgang","description":"HUMAN - Hoewel depressie en burn-out volksziektes zijn geworden, blijft de aandacht voor mentale gezondheid achter, constateert psycholoog Kees Kraaijeveld. Tijd om dat te veranderen.","formattedEpisodeNumbering":null,"formattedDate":"Zo 29 aug. 2021","formattedDateShort":"Aug. 2021","formattedTime":"13:50","formattedDuration":"15m","formattedAvailabilityWindow":null,"formattedAvailabilityWindowShort":null,"image":{"portraitUrl":null,"landscapeUrl":"https:\/\/images.nlziet.nl\/metadataimportimages\/source\/4A18C1443E3BB287DD4ED9CFF9086C2FC14DA250DB04831997C31897D24027D0.jpg"},"logo":{"normalUrl":"https:\/\/cdn.nlziet.nl\/static\/assets\/contentproviders\/npo.png","darkUrl":"https:\/\/cdn.nlziet.nl\/static\/assets\/contentproviders\/dark\/npo.png","flatUrl":"https:\/\/cdn.nlziet.nl\/static\/assets\/contentproviders\/flat\/npo.png"},"tags":[],"seriesId":"6t7SFiAmnEOB-25LX_yXzg"},{"id":"7La25hxflkGqB0oRWZB2fg","type":"Vod","title":"Brainwash Talks","subtitle":"Daphina Misiedjan: Kansen op Gezond Leven","description":"HUMAN - De plek waar je wieg staat, is bepalend voor de kansen die je krijgt in het leven, weet jurist en onderzoeker Daphina Misiedjan. Ook voor de kans op een gezond leven.","formattedEpisodeNumbering":null,"formattedDate":"Zo 22 aug. 2021","formattedDateShort":"Aug. 2021","formattedTime":"13:50","formattedDuration":"11m","formattedAvailabilityWindow":null,"formattedAvailabilityWindowShort":null,"image":{"portraitUrl":null,"landscapeUrl":"https:\/\/images.nlziet.nl\/metadataimportimages\/source\/4912A46BCE5949C69477C041C43425B05D3668C5DFA8E84BF4BA331258F40F94.jpg"},"logo":{"normalUrl":"https:\/\/cdn.nlziet.nl\/static\/assets\/contentproviders\/npo.png","darkUrl":"https:\/\/cdn.nlziet.nl\/static\/assets\/contentproviders\/dark\/npo.png","flatUrl":"https:\/\/cdn.nlziet.nl\/static\/assets\/contentproviders\/flat\/npo.png"},"tags":[],"seriesId":"6t7SFiAmnEOB-25LX_yXzg"},{"id":"B113X2YlDkiakEom-HmZLQ","type":"Vod","title":"Brainwash Talks","subtitle":"Anastasis Sarakatsanos: Verboden Muziek","description":"HUMAN - Wat is er overgebleven van de traditionele muziek en zang van de onderdrukte volkeren die in het noorden van Griekenland leven? Muzikant Anastasis Sarakatsanos gaat op onderzoek uit.","formattedEpisodeNumbering":null,"formattedDate":"Zo 15 aug. 2021","formattedDateShort":"Aug. 2021","formattedTime":"13:30","formattedDuration":"15m","formattedAvailabilityWindow":null,"formattedAvailabilityWindowShort":null,"image":{"portraitUrl":null,"landscapeUrl":"https:\/\/images.nlziet.nl\/metadataimportimages\/source\/A21DEBAEE396B1370178FB12845C74ABEB8D63444B9A78CD33C8CD4F180AD2B2.jpg"},"logo":{"normalUrl":"https:\/\/cdn.nlziet.nl\/static\/assets\/contentproviders\/npo.png","darkUrl":"https:\/\/cdn.nlziet.nl\/static\/assets\/contentproviders\/dark\/npo.png","flatUrl":"https:\/\/cdn.nlziet.nl\/static\/assets\/contentproviders\/flat\/npo.png"},"tags":[],"seriesId":"6t7SFiAmnEOB-25LX_yXzg"},{"id":"xgodYoWctESfMXsduyxEKQ","type":"Vod","title":"Brainwash Talks","subtitle":"Martha Claeys: Trots zijn","description":"HUMAN - Afstuderen, een sportprestatie: het kan zo ontzettend fijn zijn om ergens trots op te zijn, weet ook filosoof Martha Claeys. Maar trots kan ook kwalijke vormen aannemen.","formattedEpisodeNumbering":null,"formattedDate":"Zo 8 aug. 2021","formattedDateShort":"Aug. 2021","formattedTime":"13:45","formattedDuration":"12m","formattedAvailabilityWindow":null,"formattedAvailabilityWindowShort":null,"image":{"portraitUrl":null,"landscapeUrl":"https:\/\/images.nlziet.nl\/metadataimportimages\/source\/0191B655F4C672906ADFD71331FC6DB7329F57C4616658CA509BE478BAE8B367.jpg"},"logo":{"normalUrl":"https:\/\/cdn.nlziet.nl\/static\/assets\/contentproviders\/npo.png","darkUrl":"https:\/\/cdn.nlziet.nl\/static\/assets\/contentproviders\/dark\/npo.png","flatUrl":"https:\/\/cdn.nlziet.nl\/static\/assets\/contentproviders\/flat\/npo.png"},"tags":[],"seriesId":"6t7SFiAmnEOB-25LX_yXzg"},{"id":"TjEc2IplPkukwAjU0APBNg","type":"Vod","title":"Brainwash Talks","subtitle":"Paul van Tongeren: Denken over Vriendschap","description":"HUMAN - Wat is vriendschap? En bestaat er zoiets als een ideale vriend? In navolging van Plato vraagt filosoof en Denker des Vaderlands Paul van Tongeren zich dat af.","formattedEpisodeNumbering":null,"formattedDate":"Zo 1 aug. 2021","formattedDateShort":"Aug. 2021","formattedTime":"13:45","formattedDuration":"11m","formattedAvailabilityWindow":null,"formattedAvailabilityWindowShort":null,"image":{"portraitUrl":null,"landscapeUrl":"https:\/\/images.nlziet.nl\/metadataimportimages\/source\/565FCEE5A7301322DEDFCEF5A946492394C680537A7003070EC4D258356D126E.jpg"},"logo":{"normalUrl":"https:\/\/cdn.nlziet.nl\/static\/assets\/contentproviders\/npo.png","darkUrl":"https:\/\/cdn.nlziet.nl\/static\/assets\/contentproviders\/dark\/npo.png","flatUrl":"https:\/\/cdn.nlziet.nl\/static\/assets\/contentproviders\/flat\/npo.png"},"tags":[],"seriesId":"6t7SFiAmnEOB-25LX_yXzg"},{"id":"NyhZek_f3ka5jnrHWulIOw","type":"Vod","title":"Brainwash Talks","subtitle":"Kila van der Starre: Po\u00ebzie is overal","description":"HUMAN - Ingewikkeld, marginaal en bijna uitgestorven. Er zijn nogal wat vooroordelen over po\u00ebzie, ontdekte literatuurwetenschapper Kila van der Starre. Ten onrechte, want je komt po\u00ebzie overal tegen. Vooral daar waar je het niet verwacht.","formattedEpisodeNumbering":null,"formattedDate":"Zo 25 jul. 2021","formattedDateShort":"Jul. 2021","formattedTime":"13:40","formattedDuration":"11m","formattedAvailabilityWindow":null,"formattedAvailabilityWindowShort":null,"image":{"portraitUrl":null,"landscapeUrl":"https:\/\/images.nlziet.nl\/metadataimportimages\/source\/75AB5D6DA993C6D5FD1E12A4E8691592CA1417A3676F1CB57B3AE01602031114.jpg"},"logo":{"normalUrl":"https:\/\/cdn.nlziet.nl\/static\/assets\/contentproviders\/npo.png","darkUrl":"https:\/\/cdn.nlziet.nl\/static\/assets\/contentproviders\/dark\/npo.png","flatUrl":"https:\/\/cdn.nlziet.nl\/static\/assets\/contentproviders\/flat\/npo.png"},"tags":[],"seriesId":"6t7SFiAmnEOB-25LX_yXzg"},{"id":"4NqAw0uq8kyW1I14OQyh1g","type":"Vod","title":"Brainwash Talks","subtitle":"Don Moussa Pandzou: Panafrikanisme","description":"HUMAN - Activist Don Moussa Pandzou is moe van het telkens opnieuw moeten praten over racisme. In het panafrikanisme, dat uitgaat van een sterk Afrika, vindt hij kracht en trots.","formattedEpisodeNumbering":null,"formattedDate":"Zo 18 jul. 2021","formattedDateShort":"Jul. 2021","formattedTime":"13:55","formattedDuration":"10m","formattedAvailabilityWindow":null,"formattedAvailabilityWindowShort":null,"image":{"portraitUrl":null,"landscapeUrl":"https:\/\/images.nlziet.nl\/metadataimportimages\/source\/FB036BAEDFE28DA6146002DE2876098EE2E1A0EE21BF3F47F367F7B5EBE698AD.jpg"},"logo":{"normalUrl":"https:\/\/cdn.nlziet.nl\/static\/assets\/contentproviders\/npo.png","darkUrl":"https:\/\/cdn.nlziet.nl\/static\/assets\/contentproviders\/dark\/npo.png","flatUrl":"https:\/\/cdn.nlziet.nl\/static\/assets\/contentproviders\/flat\/npo.png"},"tags":[],"seriesId":"6t7SFiAmnEOB-25LX_yXzg"},{"id":"cJBMwtqTO0OyFaSGwmrN2A","type":"Vod","title":"Brainwash Talks","subtitle":"Dan Jing Wu: Synthetische Organen","description":"HUMAN - Als kind droomde biomedisch ingenieur Dan Jing Wu van een superkracht waarmee ze mensen beter zou kunnen maken. Een droom die ze nu tot werkelijkheid maakt.","formattedEpisodeNumbering":null,"formattedDate":"Zo 11 jul. 2021","formattedDateShort":"Jul. 2021","formattedTime":"13:50","formattedDuration":"11m","formattedAvailabilityWindow":null,"formattedAvailabilityWindowShort":null,"image":{"portraitUrl":null,"landscapeUrl":"https:\/\/images.nlziet.nl\/metadataimportimages\/source\/01F7C5E1D6A7D225EB5457A4077DD57B717145A4C0BCF81C4E59A68E57060156.jpg"},"logo":{"normalUrl":"https:\/\/cdn.nlziet.nl\/static\/assets\/contentproviders\/npo.png","darkUrl":"https:\/\/cdn.nlziet.nl\/static\/assets\/contentproviders\/dark\/npo.png","flatUrl":"https:\/\/cdn.nlziet.nl\/static\/assets\/contentproviders\/flat\/npo.png"},"tags":[],"seriesId":"6t7SFiAmnEOB-25LX_yXzg"},{"id":"1cDuoJNtWkO5UXnaeC3wag","type":"Vod","title":"Brainwash Talks","subtitle":"Pieter Adriaens: Pleidooi voor niet-weten","description":"HUMAN - Niet-weten wordt vaak gezien als domheid of zwakheid. Ten onrechte, volgens filosoof Pieter Adriaens. Niet-weten is het begin van kennis.","formattedEpisodeNumbering":null,"formattedDate":"Zo 4 jul. 2021","formattedDateShort":"Jul. 2021","formattedTime":"13:40","formattedDuration":"13m","formattedAvailabilityWindow":null,"formattedAvailabilityWindowShort":null,"image":{"portraitUrl":null,"landscapeUrl":"https:\/\/images.nlziet.nl\/metadataimportimages\/source\/EF27325523213DC62F0A0D4F81C0EFE4D63B09266995E1F797D56014FF9F8CCF.jpg"},"logo":{"normalUrl":"https:\/\/cdn.nlziet.nl\/static\/assets\/contentproviders\/npo.png","darkUrl":"https:\/\/cdn.nlziet.nl\/static\/assets\/contentproviders\/dark\/npo.png","flatUrl":"https:\/\/cdn.nlziet.nl\/static\/assets\/contentproviders\/flat\/npo.png"},"tags":[],"seriesId":"6t7SFiAmnEOB-25LX_yXzg"},{"id":"7EN7OPQtX0-jRxo3A6udGw","type":"Vod","title":"Brainwash Talks","subtitle":"Ewald Engelen: Boos, maar behoudend","description":"HUMAN - Nederlandse burgers zijn boos en toch behoudend in het stemhokje. Financieel geograaf Ewald Engelen laat zien dat dat alles te maken heeft met opleidingsniveau.","formattedEpisodeNumbering":null,"formattedDate":"Zo 27 jun. 2021","formattedDateShort":"Jun. 2021","formattedTime":"15:05","formattedDuration":"12m","formattedAvailabilityWindow":null,"formattedAvailabilityWindowShort":null,"image":{"portraitUrl":null,"landscapeUrl":"https:\/\/images.nlziet.nl\/metadataimportimages\/source\/6483B19C8CA8B5E00FF22C7894A7C03225C4008216836D9A89800F5C0F2101C0.jpg"},"logo":{"normalUrl":"https:\/\/cdn.nlziet.nl\/static\/assets\/contentproviders\/npo.png","darkUrl":"https:\/\/cdn.nlziet.nl\/static\/assets\/contentproviders\/dark\/npo.png","flatUrl":"https:\/\/cdn.nlziet.nl\/static\/assets\/contentproviders\/flat\/npo.png"},"tags":[],"seriesId":"6t7SFiAmnEOB-25LX_yXzg"},{"id":"oSLWnWo3j0GrvukfAwxbKQ","type":"Vod","title":"Brainwash Talks","subtitle":"Naima Charkaoui: Open Grenzen","description":"HUMAN - De duizenden migranten die jaarlijks verdrinken in zee zijn geen spijtige ongevallen, stelt politicoloog Naima Charkaoui. Het is een duidelijke beleidskeuze om mensen in nood ni\u00e9t te helpen. Europa is een onneembare vestiging, een soort soort 'gated community'. En dat terwijl iedereen, migrant of niet, voordeel heeft van open grenzen.","formattedEpisodeNumbering":null,"formattedDate":"Zo 20 jun. 2021","formattedDateShort":"Jun. 2021","formattedTime":"13:40","formattedDuration":"13m","formattedAvailabilityWindow":null,"formattedAvailabilityWindowShort":null,"image":{"portraitUrl":null,"landscapeUrl":"https:\/\/images.nlziet.nl\/metadataimportimages\/source\/B8EE8977FEEEBB5FD1AF73227C3C80B08ACB78F5309676F59BB52C25CA0BD7E0.jpg"},"logo":{"normalUrl":"https:\/\/cdn.nlziet.nl\/static\/assets\/contentproviders\/npo.png","darkUrl":"https:\/\/cdn.nlziet.nl\/static\/assets\/contentproviders\/dark\/npo.png","flatUrl":"https:\/\/cdn.nlziet.nl\/static\/assets\/contentproviders\/flat\/npo.png"},"tags":[],"seriesId":"6t7SFiAmnEOB-25LX_yXzg"},{"id":"bYUnB7OerEekAKxNHYMFyw","type":"Vod","title":"Brainwash Talks","subtitle":"Carolina Maciel de Fran\u00e7a: Wees een Killjoy","description":"HUMAN - Een foute, seksistische grap tijdens een etentje, of een racistische grap in een appgroep. Houd je je op de vlakte? Volgens schrijver Carolina Maciel de Fran\u00e7a moet je je durven uitspreken. Haar pleidooi: wees een \"killjoy\" en verpest moedwillig de sfeer. Want alleen door dwars te liggen, ontstaat er ruimte voor iets nieuws.","formattedEpisodeNumbering":null,"formattedDate":"Zo 13 jun. 2021","formattedDateShort":"Jun. 2021","formattedTime":"13:40","formattedDuration":"11m","formattedAvailabilityWindow":null,"formattedAvailabilityWindowShort":null,"image":{"portraitUrl":null,"landscapeUrl":"https:\/\/images.nlziet.nl\/metadataimportimages\/source\/817932F097353DF734A9B363D635A85B38340D515EE987F1910E51161D4E5ADB.jpg"},"logo":{"normalUrl":"https:\/\/cdn.nlziet.nl\/static\/assets\/contentproviders\/npo.png","darkUrl":"https:\/\/cdn.nlziet.nl\/static\/assets\/contentproviders\/dark\/npo.png","flatUrl":"https:\/\/cdn.nlziet.nl\/static\/assets\/contentproviders\/flat\/npo.png"},"tags":[],"seriesId":"6t7SFiAmnEOB-25LX_yXzg"},{"id":"7Qj_mQvuVkuO1YZbGgQL_Q","type":"Vod","title":"Brainwash Talks","subtitle":"Jan Dirk de Jong: Jeugdcriminaliteit","description":"HUMAN - Rappers die elkaar met messen te lijf gaan, of jongeren die een homostel belagen. Als het om jeugdcriminaliteit gaat, is compassie niet het eerste dat in je opkomt, ziet ook criminoloog Jan Dirk de Jong. Toch ligt daarin wel de oplossing.","formattedEpisodeNumbering":null,"formattedDate":"Zo 16 mei. 2021","formattedDateShort":"Mei. 2021","formattedTime":"13:40","formattedDuration":"12m","formattedAvailabilityWindow":null,"formattedAvailabilityWindowShort":null,"image":{"portraitUrl":null,"landscapeUrl":"https:\/\/images.nlziet.nl\/metadataimportimages\/source\/98D3EA72494E0A231BD3B94A34CB47CADD97CFEEA94409B14A3A46EB1F203C53.jpg"},"logo":{"normalUrl":"https:\/\/cdn.nlziet.nl\/static\/assets\/contentproviders\/npo.png","darkUrl":"https:\/\/cdn.nlziet.nl\/static\/assets\/contentproviders\/dark\/npo.png","flatUrl":"https:\/\/cdn.nlziet.nl\/static\/assets\/contentproviders\/flat\/npo.png"},"tags":[],"seriesId":"6t7SFiAmnEOB-25LX_yXzg"},{"id":"8Mm9AbFtfEeweU8KxE_9lQ","type":"Vod","title":"Brainwash Talks","subtitle":"Madeleijn van den Nieuwenhuizen: Kiezen voor Parttime","description":"HUMAN - Journalisten, schrijvers, wetenschappers en filosofen buigen zich over de grote persoonlijke en maatschappelijke vragen anno 2021. Hun verrassende inzichten doen je blik kantelen en helpen om je eigen kaders in te kleuren.","formattedEpisodeNumbering":null,"formattedDate":"Zo 9 mei. 2021","formattedDateShort":"Mei. 2021","formattedTime":"13:40","formattedDuration":"12m","formattedAvailabilityWindow":null,"formattedAvailabilityWindowShort":null,"image":{"portraitUrl":null,"landscapeUrl":"https:\/\/images.nlziet.nl\/metadataimportimages\/source\/885F4E32D2C45FB63E80EB76B1DBA9AB5E80C3E04230134DD34A67467D6C0738.jpg"},"logo":{"normalUrl":"https:\/\/cdn.nlziet.nl\/static\/assets\/contentproviders\/npo.png","darkUrl":"https:\/\/cdn.nlziet.nl\/static\/assets\/contentproviders\/dark\/npo.png","flatUrl":"https:\/\/cdn.nlziet.nl\/static\/assets\/contentproviders\/flat\/npo.png"},"tags":[],"seriesId":"6t7SFiAmnEOB-25LX_yXzg"},{"id":"FJ4MhVOSy0KhKKBMTZI4Dg","type":"Vod","title":"Brainwash Talks","subtitle":"Ameline Ansu: Over de Dood","description":"HUMAN - Waarom doen we zo moeilijk over de dood, vraagt schrijver en socioloog Ameline Ansu zich na het overlijden van haar ouders af. Ze probeert rouw bespreekbaar te maken.","formattedEpisodeNumbering":null,"formattedDate":"Zo 2 mei. 2021","formattedDateShort":"Mei. 2021","formattedTime":"13:40","formattedDuration":"11m","formattedAvailabilityWindow":null,"formattedAvailabilityWindowShort":null,"image":{"portraitUrl":null,"landscapeUrl":"https:\/\/images.nlziet.nl\/metadataimportimages\/source\/8C63C80EF72BBA2678867C3E43770609478B33E76664A55306D110F6E6E8EDDD.jpg"},"logo":{"normalUrl":"https:\/\/cdn.nlziet.nl\/static\/assets\/contentproviders\/npo.png","darkUrl":"https:\/\/cdn.nlziet.nl\/static\/assets\/contentproviders\/dark\/npo.png","flatUrl":"https:\/\/cdn.nlziet.nl\/static\/assets\/contentproviders\/flat\/npo.png"},"tags":[],"seriesId":"6t7SFiAmnEOB-25LX_yXzg"},{"id":"0672roMImE6bkqMKnCoAUQ","type":"Vod","title":"Brainwash Talks","subtitle":"Laura Burgers: Rechten voor de Natuur","description":"HUMAN - Journalisten, schrijvers, wetenschappers en filosofen buigen zich over de grote persoonlijke en maatschappelijke vragen anno 2021. Hun verrassende inzichten doen je blik kantelen en helpen om je eigen kaders in te kleuren.","formattedEpisodeNumbering":null,"formattedDate":"Zo 25 apr. 2021","formattedDateShort":"Apr. 2021","formattedTime":"13:40","formattedDuration":"12m","formattedAvailabilityWindow":null,"formattedAvailabilityWindowShort":null,"image":{"portraitUrl":null,"landscapeUrl":"https:\/\/images.nlziet.nl\/metadataimportimages\/source\/F0E90365DBCBEF8ACE5DA71646D0E80A409F993788864AA61815E9489F3AB891.jpg"},"logo":{"normalUrl":"https:\/\/cdn.nlziet.nl\/static\/assets\/contentproviders\/npo.png","darkUrl":"https:\/\/cdn.nlziet.nl\/static\/assets\/contentproviders\/dark\/npo.png","flatUrl":"https:\/\/cdn.nlziet.nl\/static\/assets\/contentproviders\/flat\/npo.png"},"tags":[],"seriesId":"6t7SFiAmnEOB-25LX_yXzg"},{"id":"rX0dxcLgCEC056alGgUAwQ","type":"Vod","title":"Brainwash Talks","subtitle":"Rinke van den Brink: Medische Missers","description":"HUMAN - Journalisten, schrijvers, wetenschappers en filosofen buigen zich over de grote persoonlijke en maatschappelijke vragen anno 2021. Hun verrassende inzichten doen je blik kantelen en helpen om je eigen kaders in te kleuren.","formattedEpisodeNumbering":null,"formattedDate":"Zo 18 apr. 2021","formattedDateShort":"Apr. 2021","formattedTime":"13:40","formattedDuration":"13m","formattedAvailabilityWindow":null,"formattedAvailabilityWindowShort":null,"image":{"portraitUrl":null,"landscapeUrl":"https:\/\/images.nlziet.nl\/metadataimportimages\/source\/DAF903B586616365E48635D1C5FF217E58C0BD051FD4E02FDEAA6A03FF5CB2A9.jpg"},"logo":{"normalUrl":"https:\/\/cdn.nlziet.nl\/static\/assets\/contentproviders\/npo.png","darkUrl":"https:\/\/cdn.nlziet.nl\/static\/assets\/contentproviders\/dark\/npo.png","flatUrl":"https:\/\/cdn.nlziet.nl\/static\/assets\/contentproviders\/flat\/npo.png"},"tags":[],"seriesId":"6t7SFiAmnEOB-25LX_yXzg"},{"id":"QxASnbin2UCqpqjcVmlj8g","type":"Vod","title":"Brainwash Talks","subtitle":"Iris Sommer: Het Vrouwenbrein","description":"HUMAN - Veel verschillen tussen man en vrouw zijn niet cultureel, maar juist biologisch bepaald, stelt neurowetenschapper Iris Sommer. Ze geeft een kijkje in het vrouwenbrein.","formattedEpisodeNumbering":null,"formattedDate":"Zo 11 apr. 2021","formattedDateShort":"Apr. 2021","formattedTime":"13:40","formattedDuration":"13m","formattedAvailabilityWindow":null,"formattedAvailabilityWindowShort":null,"image":{"portraitUrl":null,"landscapeUrl":"https:\/\/images.nlziet.nl\/metadataimportimages\/source\/6A9E5251C653E7957454A008765E0F95CD4AA3B339A7B5666B783F73E2D07448.jpg"},"logo":{"normalUrl":"https:\/\/cdn.nlziet.nl\/static\/assets\/contentproviders\/npo.png","darkUrl":"https:\/\/cdn.nlziet.nl\/static\/assets\/contentproviders\/dark\/npo.png","flatUrl":"https:\/\/cdn.nlziet.nl\/static\/assets\/contentproviders\/flat\/npo.png"},"tags":[],"seriesId":"6t7SFiAmnEOB-25LX_yXzg"},{"id":"mwht-FZrHEm71v9C6HkxLA","type":"Vod","title":"Brainwash Talks","subtitle":"Dick Zijp: Niet maar een Grapje","description":"HUMAN - Journalisten, schrijvers, wetenschappers en filosofen buigen zich over de grote persoonlijke en maatschappelijke vragen anno 2021. Hun verrassende inzichten doen je blik kantelen en helpen om je eigen kaders in te kleuren.","formattedEpisodeNumbering":null,"formattedDate":"Zo 4 apr. 2021","formattedDateShort":"Apr. 2021","formattedTime":"13:40","formattedDuration":"12m","formattedAvailabilityWindow":null,"formattedAvailabilityWindowShort":null,"image":{"portraitUrl":null,"landscapeUrl":"https:\/\/images.nlziet.nl\/metadataimportimages\/source\/6F04778097F3FC2450D11A47C50DF6A9AD9ED73282460A3C1921AE642D11FC4C.jpg"},"logo":{"normalUrl":"https:\/\/cdn.nlziet.nl\/static\/assets\/contentproviders\/npo.png","darkUrl":"https:\/\/cdn.nlziet.nl\/static\/assets\/contentproviders\/dark\/npo.png","flatUrl":"https:\/\/cdn.nlziet.nl\/static\/assets\/contentproviders\/flat\/npo.png"},"tags":[],"seriesId":"6t7SFiAmnEOB-25LX_yXzg"},{"id":"jAfxCu9rWkK_vJ2WCtC5XA","type":"Vod","title":"Brainwash Talks","subtitle":"Marjan Slob: Eenzaamheid","description":"HUMAN - Eenzaamheid wordt een pandemie genoemd, een virus, dat steeds meer slachtoffers maakt. Filosoof Marjan Slob laat zien dat het anders is.","formattedEpisodeNumbering":null,"formattedDate":"Zo 28 mrt. 2021","formattedDateShort":"Mrt. 2021","formattedTime":"12:45","formattedDuration":"13m","formattedAvailabilityWindow":null,"formattedAvailabilityWindowShort":null,"image":{"portraitUrl":null,"landscapeUrl":"https:\/\/images.nlziet.nl\/metadataimportimages\/source\/636CD7974745E258FB42C6062607D06105C52AD510DEDDFDBCC0FAA3D76FF6A1.jpg"},"logo":{"normalUrl":"https:\/\/cdn.nlziet.nl\/static\/assets\/contentproviders\/npo.png","darkUrl":"https:\/\/cdn.nlziet.nl\/static\/assets\/contentproviders\/dark\/npo.png","flatUrl":"https:\/\/cdn.nlziet.nl\/static\/assets\/contentproviders\/flat\/npo.png"},"tags":[],"seriesId":"6t7SFiAmnEOB-25LX_yXzg"},{"id":"3N9bveif7UqNPnwAYgFrig","type":"Vod","title":"Brainwash Talks","subtitle":"Aynouk Tan en Sorab Roustayar: Ontworteling","description":"HUMAN - Journalisten, schrijvers, wetenschappers en filosofen buigen zich over de grote persoonlijke en maatschappelijke vragen anno 2021. Hun verrassende inzichten doen je blik kantelen en helpen om je eigen kaders in te kleuren.","formattedEpisodeNumbering":null,"formattedDate":"Zo 21 mrt. 2021","formattedDateShort":"Mrt. 2021","formattedTime":"13:40","formattedDuration":"13m","formattedAvailabilityWindow":null,"formattedAvailabilityWindowShort":null,"image":{"portraitUrl":null,"landscapeUrl":"https:\/\/images.nlziet.nl\/metadataimportimages\/source\/3E49A6DC62B256E0039C7F4559B255AD129679D4F7F0DB77F4B290CB0274C8A5.jpg"},"logo":{"normalUrl":"https:\/\/cdn.nlziet.nl\/static\/assets\/contentproviders\/npo.png","darkUrl":"https:\/\/cdn.nlziet.nl\/static\/assets\/contentproviders\/dark\/npo.png","flatUrl":"https:\/\/cdn.nlziet.nl\/static\/assets\/contentproviders\/flat\/npo.png"},"tags":[],"seriesId":"6t7SFiAmnEOB-25LX_yXzg"},{"id":"JbZ-oIX59kGLyywNe-1Nnw","type":"Vod","title":"Brainwash Talks","subtitle":"Zihni \u00d6zdil: Ode aan de Twijfel","description":"HUMAN - Journalisten, schrijvers, wetenschappers en filosofen buigen zich over de grote persoonlijke en maatschappelijke vragen anno 2021. Hun verrassende inzichten doen je blik kantelen en helpen om je eigen kaders in te kleuren.","formattedEpisodeNumbering":null,"formattedDate":"Zo 14 mrt. 2021","formattedDateShort":"Mrt. 2021","formattedTime":"13:40","formattedDuration":"11m","formattedAvailabilityWindow":null,"formattedAvailabilityWindowShort":null,"image":{"portraitUrl":null,"landscapeUrl":"https:\/\/images.nlziet.nl\/metadataimportimages\/source\/715E91701B840249AFDC866D8AD0F47A97F5817A774BBCD1D98BAA3E71A5A0D1.jpg"},"logo":{"normalUrl":"https:\/\/cdn.nlziet.nl\/static\/assets\/contentproviders\/npo.png","darkUrl":"https:\/\/cdn.nlziet.nl\/static\/assets\/contentproviders\/dark\/npo.png","flatUrl":"https:\/\/cdn.nlziet.nl\/static\/assets\/contentproviders\/flat\/npo.png"},"tags":[],"seriesId":"6t7SFiAmnEOB-25LX_yXzg"},{"id":"Q4hRRh5dmkasj6Ww-Rd8ww","type":"Vod","title":"Brainwash talks","subtitle":"Milou Deelen: krabbende vrouwen","description":"HUMAN - Journalisten, schrijvers, wetenschappers en filosofen buigen zich over de grote persoonlijke en maatschappelijke vragen anno 2021. Hun verrassende inzichten doen je blik kantelen en helpen om je eigen kaders in te kleuren.","formattedEpisodeNumbering":null,"formattedDate":"Zo 7 mrt. 2021","formattedDateShort":"Mrt. 2021","formattedTime":"13:35","formattedDuration":"13m","formattedAvailabilityWindow":null,"formattedAvailabilityWindowShort":null,"image":{"portraitUrl":null,"landscapeUrl":"https:\/\/images.nlziet.nl\/metadataimportimages\/source\/4BD36BC71C19BF2B49C989B9A75F87E1B0C96CFDA4839A29BCFF7EE751D16744.jpg"},"logo":{"normalUrl":"https:\/\/cdn.nlziet.nl\/static\/assets\/contentproviders\/npo.png","darkUrl":"https:\/\/cdn.nlziet.nl\/static\/assets\/contentproviders\/dark\/npo.png","flatUrl":"https:\/\/cdn.nlziet.nl\/static\/assets\/contentproviders\/flat\/npo.png"},"tags":[],"seriesId":"6t7SFiAmnEOB-25LX_yXzg"},{"id":"RtmhH2pAvkqzKTLvul1MVA","type":"Vod","title":"Brainwash talks","subtitle":"Orhan Agirdag: leerachterstand","description":"HUMAN - Te vaak wordt de verantwoordelijkheid voor een leerachterstand bij de kinderen gelegd, ziet onderwijssocioloog Orhan Agirdag. Hij legt uit dat er naar het systeem gekeken moet worden.","formattedEpisodeNumbering":null,"formattedDate":"Zo 28 feb. 2021","formattedDateShort":"Feb. 2021","formattedTime":"13:40","formattedDuration":"13m","formattedAvailabilityWindow":null,"formattedAvailabilityWindowShort":null,"image":{"portraitUrl":null,"landscapeUrl":"https:\/\/images.nlziet.nl\/metadataimportimages\/source\/52A8F0CE7840160367E8ECC18D9F0579627C204B52566DB338F360EA3AA4F0D8.jpg"},"logo":{"normalUrl":"https:\/\/cdn.nlziet.nl\/static\/assets\/contentproviders\/npo.png","darkUrl":"https:\/\/cdn.nlziet.nl\/static\/assets\/contentproviders\/dark\/npo.png","flatUrl":"https:\/\/cdn.nlziet.nl\/static\/assets\/contentproviders\/flat\/npo.png"},"tags":[],"seriesId":"6t7SFiAmnEOB-25LX_yXzg"},{"id":"7iq2YoiyFUOK72j6MKGAjA","type":"Vod","title":"Brainwash talks","subtitle":"Channa Samkalden: Universele rechtvaardigheid","description":"HUMAN - Advocaat Channa Samkalden was betrokken bij de Klimaatzaak tegen de Nederlandse staat en procedeert namens Nigeriaanse boeren tegen Shell. En met succes. Channa Samkalden over universele rechtvaardigheid.","formattedEpisodeNumbering":null,"formattedDate":"Zo 21 feb. 2021","formattedDateShort":"Feb. 2021","formattedTime":"13:40","formattedDuration":"13m","formattedAvailabilityWindow":null,"formattedAvailabilityWindowShort":null,"image":{"portraitUrl":null,"landscapeUrl":"https:\/\/images.nlziet.nl\/metadataimportimages\/source\/F6C8E72E0A44D50481ABDFE7D4A604006604FEA2E398CA4DBA9E448E63CC50DD.jpg"},"logo":{"normalUrl":"https:\/\/cdn.nlziet.nl\/static\/assets\/contentproviders\/npo.png","darkUrl":"https:\/\/cdn.nlziet.nl\/static\/assets\/contentproviders\/dark\/npo.png","flatUrl":"https:\/\/cdn.nlziet.nl\/static\/assets\/contentproviders\/flat\/npo.png"},"tags":[],"seriesId":"6t7SFiAmnEOB-25LX_yXzg"},{"id":"PZQhcDmYoUePP3CiczDJVA","type":"Vod","title":"Brainwash Talks","subtitle":"Stef Aupers: Complotdenken","description":"HUMAN - Vaccins met nanotechnologie of Bill Gates als bedenker van het virus: tijdens de pandemie neemt complotdenken een vlucht, ziet cultuursocioloog Stef Aupers. Hij vraagt zich af waarom.","formattedEpisodeNumbering":null,"formattedDate":"Zo 14 feb. 2021","formattedDateShort":"Feb. 2021","formattedTime":"13:40","formattedDuration":"12m","formattedAvailabilityWindow":null,"formattedAvailabilityWindowShort":null,"image":{"portraitUrl":null,"landscapeUrl":"https:\/\/images.nlziet.nl\/metadataimportimages\/source\/E7F7CE9B89BF0B0A3BCD415FEB8BD122C8BBFBE1AF0E699E6E719FACAC635019.jpg"},"logo":{"normalUrl":"https:\/\/cdn.nlziet.nl\/static\/assets\/contentproviders\/npo.png","darkUrl":"https:\/\/cdn.nlziet.nl\/static\/assets\/contentproviders\/dark\/npo.png","flatUrl":"https:\/\/cdn.nlziet.nl\/static\/assets\/contentproviders\/flat\/npo.png"},"tags":[],"seriesId":"6t7SFiAmnEOB-25LX_yXzg"},{"id":"6aHvamsJfUWTlmrf1rCokg","type":"Vod","title":"Brainwash talks","subtitle":"Devika Partiman - stem op een vrouw","description":"HUMAN - De Nederlandse politiek is geen goede afspiegeling van de samenleving, stelt sociaal activist Devika Partiman. Gelukkig is het volgens haar niet moeilijk om dat te veranderen.","formattedEpisodeNumbering":null,"formattedDate":"Zo 7 feb. 2021","formattedDateShort":"Feb. 2021","formattedTime":"13:40","formattedDuration":"13m","formattedAvailabilityWindow":null,"formattedAvailabilityWindowShort":null,"image":{"portraitUrl":null,"landscapeUrl":"https:\/\/images.nlziet.nl\/metadataimportimages\/source\/759DF9A8DF1266BE0C125E028AB3E473DEC738096024C155E8039A0820A19EA7.jpg"},"logo":{"normalUrl":"https:\/\/cdn.nlziet.nl\/static\/assets\/contentproviders\/npo.png","darkUrl":"https:\/\/cdn.nlziet.nl\/static\/assets\/contentproviders\/dark\/npo.png","flatUrl":"https:\/\/cdn.nlziet.nl\/static\/assets\/contentproviders\/flat\/npo.png"},"tags":[],"seriesId":"6t7SFiAmnEOB-25LX_yXzg"},{"id":"xFWmPi9Oa0y4vu6S6PYxdA","type":"Vod","title":"Brainwash","subtitle":"Arief H\u00fchn: De Gebruikersinterface","description":"HUMAN - Van klikken tot scrollen en swipen. Volgens onderzoeker Arief H\u00fchn zegt de manier waarop we ons door de digitale wereld bewegen veel over wie wij zijn.","formattedEpisodeNumbering":null,"formattedDate":"Zo 31 jan. 2021","formattedDateShort":"Jan. 2021","formattedTime":"13:40","formattedDuration":"12m","formattedAvailabilityWindow":null,"formattedAvailabilityWindowShort":null,"image":{"portraitUrl":null,"landscapeUrl":"https:\/\/images.nlziet.nl\/metadataimportimages\/source\/3359A295AEAF9A92238FF776E64C546D1DC5ED62B6A5481B1D8F60D717A4301A.jpg"},"logo":{"normalUrl":"https:\/\/cdn.nlziet.nl\/static\/assets\/contentproviders\/npo.png","darkUrl":"https:\/\/cdn.nlziet.nl\/static\/assets\/contentproviders\/dark\/npo.png","flatUrl":"https:\/\/cdn.nlziet.nl\/static\/assets\/contentproviders\/flat\/npo.png"},"tags":[],"seriesId":"6t7SFiAmnEOB-25LX_yXzg"},{"id":"C0UX8aZM5kWqxUSoDMk15w","type":"Vod","title":"Brainwash","subtitle":"Eva Gladek: Stad en Klimaatverandering","description":"HUMAN - Als je iets wilt doen tegen het klimaatprobleem, zoek het dan dicht bij huis. Want steden kunnen een deel van de oplossing zijn. Industrieel ecoloog Eva Gladek laat zien hoe.","formattedEpisodeNumbering":null,"formattedDate":"Zo 24 jan. 2021","formattedDateShort":"Jan. 2021","formattedTime":"13:40","formattedDuration":"13m","formattedAvailabilityWindow":null,"formattedAvailabilityWindowShort":null,"image":{"portraitUrl":null,"landscapeUrl":"https:\/\/images.nlziet.nl\/metadataimportimages\/source\/A7A9F80D9825F5B20E2D594B8B7281711C4814DB822590D7B33714892530FA30.jpg"},"logo":{"normalUrl":"https:\/\/cdn.nlziet.nl\/static\/assets\/contentproviders\/npo.png","darkUrl":"https:\/\/cdn.nlziet.nl\/static\/assets\/contentproviders\/dark\/npo.png","flatUrl":"https:\/\/cdn.nlziet.nl\/static\/assets\/contentproviders\/flat\/npo.png"},"tags":[],"seriesId":"6t7SFiAmnEOB-25LX_yXzg"},{"id":"WmnrsmNyzUqvo7NUCgCbFg","type":"Vod","title":"Brainwash","subtitle":"Julia Rijssenbeek: Mens en Natuur","description":"HUMAN - We doen vaak alsof de mens losstaat van de natuur. Volgens filosoof en onderzoeker Julia Rijssenbeek is biologie noodzakelijk om te weten wie we zijn.","formattedEpisodeNumbering":null,"formattedDate":"Zo 17 jan. 2021","formattedDateShort":"Jan. 2021","formattedTime":"13:40","formattedDuration":"12m","formattedAvailabilityWindow":null,"formattedAvailabilityWindowShort":null,"image":{"portraitUrl":null,"landscapeUrl":"https:\/\/images.nlziet.nl\/metadataimportimages\/source\/225B3A93B67838DCBBC094E67492B2FFD4DDD24A4A4B011E26BE371D18C7AFF5.jpg"},"logo":{"normalUrl":"https:\/\/cdn.nlziet.nl\/static\/assets\/contentproviders\/npo.png","darkUrl":"https:\/\/cdn.nlziet.nl\/static\/assets\/contentproviders\/dark\/npo.png","flatUrl":"https:\/\/cdn.nlziet.nl\/static\/assets\/contentproviders\/flat\/npo.png"},"tags":[],"seriesId":"6t7SFiAmnEOB-25LX_yXzg"},{"id":"bzE4ORE4x06Sn5w7LC3dCw","type":"Vod","title":"Brainwash","subtitle":"Merlijn Twaalfhoven: De Kunstenaar in onszelf","description":"HUMAN - We hoeven niet te wachten tot politici of het bedrijfsleven de wereld een beetje beter maken, stelt componist Merlijn Twaalfhoven. Hier en nu kunnen we zelf aan de slag, door de kunstenaar in onszelf wakker te schudden.","formattedEpisodeNumbering":null,"formattedDate":"Zo 10 jan. 2021","formattedDateShort":"Jan. 2021","formattedTime":"13:40","formattedDuration":"12m","formattedAvailabilityWindow":null,"formattedAvailabilityWindowShort":null,"image":{"portraitUrl":null,"landscapeUrl":"https:\/\/images.nlziet.nl\/metadataimportimages\/source\/859D67172C00015F78B8C265457EBACBEE7AF72940AE100F2A946A23C5AC3566.jpg"},"logo":{"normalUrl":"https:\/\/cdn.nlziet.nl\/static\/assets\/contentproviders\/npo.png","darkUrl":"https:\/\/cdn.nlziet.nl\/static\/assets\/contentproviders\/dark\/npo.png","flatUrl":"https:\/\/cdn.nlziet.nl\/static\/assets\/contentproviders\/flat\/npo.png"},"tags":[],"seriesId":"6t7SFiAmnEOB-25LX_yXzg"},{"id":"yW61LU1gj0C5kPS1l7o6HQ","type":"Vod","title":"Brainwash","subtitle":"Anoek Nuyens: De Lessen van Pronk","description":"HUMAN - De klimaatcrisis, de coronacrisis, fake news en de brexit. Het zijn verwarrende tijden. In haar gesprekken met Jan Pronk vindt schrijver en theatermaker Anoek Nuyens houvast.","formattedEpisodeNumbering":null,"formattedDate":"Zo 3 jan. 2021","formattedDateShort":"Jan. 2021","formattedTime":"13:40","formattedDuration":"14m","formattedAvailabilityWindow":null,"formattedAvailabilityWindowShort":null,"image":{"portraitUrl":null,"landscapeUrl":"https:\/\/images.nlziet.nl\/metadataimportimages\/source\/5ED069143B8E6205952EC69E9A5CE0F75E0D990D770236B8C3762C389D5FA8AF.jpg"},"logo":{"normalUrl":"https:\/\/cdn.nlziet.nl\/static\/assets\/contentproviders\/npo.png","darkUrl":"https:\/\/cdn.nlziet.nl\/static\/assets\/contentproviders\/dark\/npo.png","flatUrl":"https:\/\/cdn.nlziet.nl\/static\/assets\/contentproviders\/flat\/npo.png"},"tags":[],"seriesId":"6t7SFiAmnEOB-25LX_yXzg"}]