[{"id":"o1V_PPwNOkWWn5WjFDrVew","type":"Vod","title":"Zappsport","subtitle":"Jaaroverzicht","description":"AVROTROS - Ron Boszhard blikt terug op het afgelopen Zappsport-jaar. Met onder andere bijzondere uitdagingen voor top-tennisster Kiki Bertens en top-turnsters Sanne en Lieke Wevers. We zien nog een keer hoe Fenna Ramos van Zappelin de top van de hoogste klimmuur van Europa probeert te bereiken. En hoe Lex Uiting voor het eerst een penalty schiet in een vol stadion. En wat waren de spannendste battles?","formattedEpisodeNumbering":null,"formattedDate":"Zo 30 dec. 2018","formattedDateShort":"Dec. 2018","formattedTime":"08:40","formattedDuration":"16m","formattedAvailabilityWindow":null,"formattedAvailabilityWindowShort":null,"image":{"portraitUrl":null,"landscapeUrl":"https:\/\/images.nlziet.nl\/metadataimportimages\/source\/9F3DC4404E81852D5A48757E84BD97E03F1C7DA0160DBBC02C3BC7BE5DFEFA68.jpg"},"logo":{"normalUrl":"https:\/\/cdn.nlziet.nl\/static\/assets\/contentproviders\/npo.png","darkUrl":"https:\/\/cdn.nlziet.nl\/static\/assets\/contentproviders\/dark\/npo.png","flatUrl":"https:\/\/cdn.nlziet.nl\/static\/assets\/contentproviders\/flat\/npo.png"},"tags":[],"seriesId":"7QrOqPrilEGeM3pgWB1w1A"},{"id":"Gtq7BGTKs0KULaz-_l90GQ","type":"Vod","title":"Zappsport","subtitle":"battle beachtennis","description":"AVROTROS - Kindersportprogramma waarin alle takken van sport voorbijkomen.","formattedEpisodeNumbering":null,"formattedDate":"Za 25 aug. 2018","formattedDateShort":"Aug. 2018","formattedTime":"08:40","formattedDuration":"17m","formattedAvailabilityWindow":null,"formattedAvailabilityWindowShort":null,"image":{"portraitUrl":null,"landscapeUrl":"https:\/\/images.nlziet.nl\/metadataimportimages\/source\/3CA908BF02E1A04DD05420DFCA5DEEBCCA64633377C81545065B86F8D323ABC1.jpg"},"logo":{"normalUrl":"https:\/\/cdn.nlziet.nl\/static\/assets\/contentproviders\/npo.png","darkUrl":"https:\/\/cdn.nlziet.nl\/static\/assets\/contentproviders\/dark\/npo.png","flatUrl":"https:\/\/cdn.nlziet.nl\/static\/assets\/contentproviders\/flat\/npo.png"},"tags":[],"seriesId":"7QrOqPrilEGeM3pgWB1w1A"},{"id":"4A3adObC_EKcTk7FSkDTgw","type":"Vod","title":"Zappsport","subtitle":"Zappsport","description":"AVROTROS - Kindersportprogramma waarin alle takken van sport voorbijkomen.","formattedEpisodeNumbering":null,"formattedDate":"Zo 19 aug. 2018","formattedDateShort":"Aug. 2018","formattedTime":"08:40","formattedDuration":"15m","formattedAvailabilityWindow":null,"formattedAvailabilityWindowShort":null,"image":{"portraitUrl":null,"landscapeUrl":"https:\/\/images.nlziet.nl\/metadataimportimages\/source\/1613EBCC216DDF4B4BED9DE2733CBC79295F76BC4604E7717F7900A148FFA225.jpg"},"logo":{"normalUrl":"https:\/\/cdn.nlziet.nl\/static\/assets\/contentproviders\/npo.png","darkUrl":"https:\/\/cdn.nlziet.nl\/static\/assets\/contentproviders\/dark\/npo.png","flatUrl":"https:\/\/cdn.nlziet.nl\/static\/assets\/contentproviders\/flat\/npo.png"},"tags":[],"seriesId":"7QrOqPrilEGeM3pgWB1w1A"},{"id":"uNsVZ44kWk-bQnAMffOlYQ","type":"Vod","title":"Zappsport","subtitle":"battle longboarden","description":"AVROTROS - Kindersportprogramma waarin alle takken van sport voorbijkomen.","formattedEpisodeNumbering":null,"formattedDate":"Za 18 aug. 2018","formattedDateShort":"Aug. 2018","formattedTime":"08:40","formattedDuration":"15m","formattedAvailabilityWindow":null,"formattedAvailabilityWindowShort":null,"image":{"portraitUrl":null,"landscapeUrl":"https:\/\/images.nlziet.nl\/metadataimportimages\/source\/C0205CB0C8DB747A7A760FBECCB16738E3284B223C3A9A61B1BDBF5C5C538B32.jpg"},"logo":{"normalUrl":"https:\/\/cdn.nlziet.nl\/static\/assets\/contentproviders\/npo.png","darkUrl":"https:\/\/cdn.nlziet.nl\/static\/assets\/contentproviders\/dark\/npo.png","flatUrl":"https:\/\/cdn.nlziet.nl\/static\/assets\/contentproviders\/flat\/npo.png"},"tags":[],"seriesId":"7QrOqPrilEGeM3pgWB1w1A"},{"id":"sjmzdxcClUK1TGolGJyVig","type":"Vod","title":"Zappsport","subtitle":"Zappsport","description":"AVROTROS - Kindersportprogramma waarin alle takken van sport voorbijkomen.","formattedEpisodeNumbering":null,"formattedDate":"Zo 12 aug. 2018","formattedDateShort":"Aug. 2018","formattedTime":"08:40","formattedDuration":"16m","formattedAvailabilityWindow":null,"formattedAvailabilityWindowShort":null,"image":{"portraitUrl":null,"landscapeUrl":"https:\/\/images.nlziet.nl\/metadataimportimages\/source\/995575DCA037B26413B98A0BCD2A6934F2020B3260B775FE16C2A65EB9EC0394.jpg"},"logo":{"normalUrl":"https:\/\/cdn.nlziet.nl\/static\/assets\/contentproviders\/npo.png","darkUrl":"https:\/\/cdn.nlziet.nl\/static\/assets\/contentproviders\/dark\/npo.png","flatUrl":"https:\/\/cdn.nlziet.nl\/static\/assets\/contentproviders\/flat\/npo.png"},"tags":[],"seriesId":"7QrOqPrilEGeM3pgWB1w1A"},{"id":"pYblmkJhwkGSvwXtSnFQew","type":"Vod","title":"Zappsport","subtitle":"Battle rugby","description":"AVROTROS - Kindersportprogramma waarin alle takken van sport voorbijkomen.","formattedEpisodeNumbering":null,"formattedDate":"Za 11 aug. 2018","formattedDateShort":"Aug. 2018","formattedTime":"08:40","formattedDuration":"16m","formattedAvailabilityWindow":null,"formattedAvailabilityWindowShort":null,"image":{"portraitUrl":null,"landscapeUrl":"https:\/\/images.nlziet.nl\/metadataimportimages\/source\/4E17F3513A39F84DD4666A9263718A34039082D7340F589DE9D062C1C0D78363.jpg"},"logo":{"normalUrl":"https:\/\/cdn.nlziet.nl\/static\/assets\/contentproviders\/npo.png","darkUrl":"https:\/\/cdn.nlziet.nl\/static\/assets\/contentproviders\/dark\/npo.png","flatUrl":"https:\/\/cdn.nlziet.nl\/static\/assets\/contentproviders\/flat\/npo.png"},"tags":[],"seriesId":"7QrOqPrilEGeM3pgWB1w1A"},{"id":"LBG-8JpraU-CcURs9I9OUQ","type":"Vod","title":"Zappsport","subtitle":"Zappsport","description":"AVROTROS - Kindersportprogramma waarin alle takken van sport voorbijkomen.","formattedEpisodeNumbering":null,"formattedDate":"Zo 5 aug. 2018","formattedDateShort":"Aug. 2018","formattedTime":"08:40","formattedDuration":"15m","formattedAvailabilityWindow":null,"formattedAvailabilityWindowShort":null,"image":{"portraitUrl":null,"landscapeUrl":"https:\/\/images.nlziet.nl\/metadataimportimages\/source\/19C5B5D96CC434A50985573301E7607602179A68C98F1B2ECB7882701695D624.jpg"},"logo":{"normalUrl":"https:\/\/cdn.nlziet.nl\/static\/assets\/contentproviders\/npo.png","darkUrl":"https:\/\/cdn.nlziet.nl\/static\/assets\/contentproviders\/dark\/npo.png","flatUrl":"https:\/\/cdn.nlziet.nl\/static\/assets\/contentproviders\/flat\/npo.png"},"tags":[],"seriesId":"7QrOqPrilEGeM3pgWB1w1A"},{"id":"6D3jdyQqjk2KQHdkKdf0Nw","type":"Vod","title":"Zappsport","subtitle":"Battle paardrijden","description":"AVROTROS - Kindersportprogramma waarin alle takken van sport voorbijkomen.","formattedEpisodeNumbering":null,"formattedDate":"Za 4 aug. 2018","formattedDateShort":"Aug. 2018","formattedTime":"08:45","formattedDuration":"16m","formattedAvailabilityWindow":null,"formattedAvailabilityWindowShort":null,"image":{"portraitUrl":null,"landscapeUrl":"https:\/\/images.nlziet.nl\/metadataimportimages\/source\/ABF209AF37A74704D731878B22E2E3BCAA59499E79F39F7633C1E1F575335EFB.jpg"},"logo":{"normalUrl":"https:\/\/cdn.nlziet.nl\/static\/assets\/contentproviders\/npo.png","darkUrl":"https:\/\/cdn.nlziet.nl\/static\/assets\/contentproviders\/dark\/npo.png","flatUrl":"https:\/\/cdn.nlziet.nl\/static\/assets\/contentproviders\/flat\/npo.png"},"tags":[],"seriesId":"7QrOqPrilEGeM3pgWB1w1A"},{"id":"Ad-MfMe5wEibXz8VBdmqag","type":"Vod","title":"Zappsport","subtitle":"Zappsport","description":"AVROTROS - Kindersportprogramma waarin alle takken van sport voorbijkomen.","formattedEpisodeNumbering":null,"formattedDate":"Zo 29 jul. 2018","formattedDateShort":"Jul. 2018","formattedTime":"08:45","formattedDuration":"15m","formattedAvailabilityWindow":null,"formattedAvailabilityWindowShort":null,"image":{"portraitUrl":null,"landscapeUrl":"https:\/\/images.nlziet.nl\/metadataimportimages\/source\/62EC2F3C22297C3FE2002181133847909B3F9C5B76E1B792AB5636020DC66A49.jpg"},"logo":{"normalUrl":"https:\/\/cdn.nlziet.nl\/static\/assets\/contentproviders\/npo.png","darkUrl":"https:\/\/cdn.nlziet.nl\/static\/assets\/contentproviders\/dark\/npo.png","flatUrl":"https:\/\/cdn.nlziet.nl\/static\/assets\/contentproviders\/flat\/npo.png"},"tags":[],"seriesId":"7QrOqPrilEGeM3pgWB1w1A"},{"id":"9Es-1bNgWk-IElge_n6frw","type":"Vod","title":"Zappsport","subtitle":"Battle goalball","description":"AVROTROS - Kindersportprogramma waarin alle takken van sport voorbijkomen.","formattedEpisodeNumbering":null,"formattedDate":"Za 28 jul. 2018","formattedDateShort":"Jul. 2018","formattedTime":"08:45","formattedDuration":"16m","formattedAvailabilityWindow":null,"formattedAvailabilityWindowShort":null,"image":{"portraitUrl":null,"landscapeUrl":"https:\/\/images.nlziet.nl\/metadataimportimages\/source\/3B13913F3DBB5F34CCB32F010E49FFA29312AFA6D3C81CD9F010DC89FE74AFD8.jpg"},"logo":{"normalUrl":"https:\/\/cdn.nlziet.nl\/static\/assets\/contentproviders\/npo.png","darkUrl":"https:\/\/cdn.nlziet.nl\/static\/assets\/contentproviders\/dark\/npo.png","flatUrl":"https:\/\/cdn.nlziet.nl\/static\/assets\/contentproviders\/flat\/npo.png"},"tags":[],"seriesId":"7QrOqPrilEGeM3pgWB1w1A"},{"id":"eBNIiM61t02_7fASwyyqAg","type":"Vod","title":"Zappsport","subtitle":"Zappsport","description":"AVROTROS - Kindersportprogramma waarin alle takken van sport voorbijkomen.","formattedEpisodeNumbering":null,"formattedDate":"Zo 22 jul. 2018","formattedDateShort":"Jul. 2018","formattedTime":"08:40","formattedDuration":"16m","formattedAvailabilityWindow":null,"formattedAvailabilityWindowShort":null,"image":{"portraitUrl":null,"landscapeUrl":"https:\/\/images.nlziet.nl\/metadataimportimages\/source\/0EF228176F2DFD6A601F2AFCDB3799CC2EE521708D65FBABA2DDD8182FB8A1E2.jpg"},"logo":{"normalUrl":"https:\/\/cdn.nlziet.nl\/static\/assets\/contentproviders\/npo.png","darkUrl":"https:\/\/cdn.nlziet.nl\/static\/assets\/contentproviders\/dark\/npo.png","flatUrl":"https:\/\/cdn.nlziet.nl\/static\/assets\/contentproviders\/flat\/npo.png"},"tags":[],"seriesId":"7QrOqPrilEGeM3pgWB1w1A"},{"id":"BsoSLjq0-E6yENOnilwiIw","type":"Vod","title":"Zappsport","subtitle":"Battle dirtkarting","description":"AVROTROS - Kindersportprogramma waarin alle takken van sport voorbijkomen.","formattedEpisodeNumbering":null,"formattedDate":"Za 21 jul. 2018","formattedDateShort":"Jul. 2018","formattedTime":"08:40","formattedDuration":"15m","formattedAvailabilityWindow":null,"formattedAvailabilityWindowShort":null,"image":{"portraitUrl":null,"landscapeUrl":"https:\/\/images.nlziet.nl\/metadataimportimages\/source\/B5DEC828A98B0BB92DF4D363F48AC4960E6BD5F8FB688E8FE197C960A163FF1C.jpg"},"logo":{"normalUrl":"https:\/\/cdn.nlziet.nl\/static\/assets\/contentproviders\/npo.png","darkUrl":"https:\/\/cdn.nlziet.nl\/static\/assets\/contentproviders\/dark\/npo.png","flatUrl":"https:\/\/cdn.nlziet.nl\/static\/assets\/contentproviders\/flat\/npo.png"},"tags":[],"seriesId":"7QrOqPrilEGeM3pgWB1w1A"},{"id":"BVy68GqnK0-GzZOY_wHGEA","type":"Vod","title":"Zappsport","subtitle":"Zappsport","description":"AVROTROS - Kindersportprogramma waarin alle takken van sport voorbijkomen.","formattedEpisodeNumbering":null,"formattedDate":"Zo 15 jul. 2018","formattedDateShort":"Jul. 2018","formattedTime":"08:40","formattedDuration":"15m","formattedAvailabilityWindow":null,"formattedAvailabilityWindowShort":null,"image":{"portraitUrl":null,"landscapeUrl":"https:\/\/images.nlziet.nl\/metadataimportimages\/source\/A71ADD8575A87B21D66EAAA9A40EF204F9DA1D28957EAF7A80B5D292ED0A735D.jpg"},"logo":{"normalUrl":"https:\/\/cdn.nlziet.nl\/static\/assets\/contentproviders\/npo.png","darkUrl":"https:\/\/cdn.nlziet.nl\/static\/assets\/contentproviders\/dark\/npo.png","flatUrl":"https:\/\/cdn.nlziet.nl\/static\/assets\/contentproviders\/flat\/npo.png"},"tags":[],"seriesId":"7QrOqPrilEGeM3pgWB1w1A"},{"id":"VCxVEbgOH0m6j0KBdAVi3w","type":"Vod","title":"Zappsport","subtitle":"Battle wakeboarden","description":"AVROTROS - Kindersportprogramma waarin alle takken van sport voorbijkomen.","formattedEpisodeNumbering":null,"formattedDate":"Za 14 jul. 2018","formattedDateShort":"Jul. 2018","formattedTime":"08:40","formattedDuration":"16m","formattedAvailabilityWindow":null,"formattedAvailabilityWindowShort":null,"image":{"portraitUrl":null,"landscapeUrl":"https:\/\/images.nlziet.nl\/metadataimportimages\/source\/AF116A0C1A195E28C7508FCCF6F61B382D91B4CAA14CA188B4AA7986559EDD0A.jpg"},"logo":{"normalUrl":"https:\/\/cdn.nlziet.nl\/static\/assets\/contentproviders\/npo.png","darkUrl":"https:\/\/cdn.nlziet.nl\/static\/assets\/contentproviders\/dark\/npo.png","flatUrl":"https:\/\/cdn.nlziet.nl\/static\/assets\/contentproviders\/flat\/npo.png"},"tags":[],"seriesId":"7QrOqPrilEGeM3pgWB1w1A"},{"id":"VL4zl5Wbykaf7eY9K2wh9w","type":"Vod","title":"Zappsport","subtitle":"Zappsport","description":"AVROTROS - Kindersportprogramma waarin alle takken van sport voorbijkomen.","formattedEpisodeNumbering":null,"formattedDate":"Zo 8 jul. 2018","formattedDateShort":"Jul. 2018","formattedTime":"08:40","formattedDuration":"15m","formattedAvailabilityWindow":null,"formattedAvailabilityWindowShort":null,"image":{"portraitUrl":null,"landscapeUrl":"https:\/\/images.nlziet.nl\/metadataimportimages\/source\/B9B5236C3CAF6B0EE4E776125050CF0B12CC1A0A9B6DD7A483E5A495FDE0698B.jpg"},"logo":{"normalUrl":"https:\/\/cdn.nlziet.nl\/static\/assets\/contentproviders\/npo.png","darkUrl":"https:\/\/cdn.nlziet.nl\/static\/assets\/contentproviders\/dark\/npo.png","flatUrl":"https:\/\/cdn.nlziet.nl\/static\/assets\/contentproviders\/flat\/npo.png"},"tags":[],"seriesId":"7QrOqPrilEGeM3pgWB1w1A"},{"id":"4r2ofFBiDUWnyrisvdxVfg","type":"Vod","title":"Zappsport","subtitle":"Battle fierljeppen","description":"AVROTROS - Kindersportprogramma waarin alle takken van sport voorbijkomen.","formattedEpisodeNumbering":null,"formattedDate":"Za 7 jul. 2018","formattedDateShort":"Jul. 2018","formattedTime":"08:40","formattedDuration":"15m","formattedAvailabilityWindow":null,"formattedAvailabilityWindowShort":null,"image":{"portraitUrl":null,"landscapeUrl":"https:\/\/images.nlziet.nl\/metadataimportimages\/source\/9E1B5188926546DF9DE5C91F8495B27830250B38FC7DD796133E4132A4C4A3DD.jpg"},"logo":{"normalUrl":"https:\/\/cdn.nlziet.nl\/static\/assets\/contentproviders\/npo.png","darkUrl":"https:\/\/cdn.nlziet.nl\/static\/assets\/contentproviders\/dark\/npo.png","flatUrl":"https:\/\/cdn.nlziet.nl\/static\/assets\/contentproviders\/flat\/npo.png"},"tags":[],"seriesId":"7QrOqPrilEGeM3pgWB1w1A"},{"id":"Fj1Ca3OiikadGe7Tj26sRA","type":"Vod","title":"Zappsport","subtitle":"Special EK hockey","description":"AVROTROS - Kindersportprogramma waarin alle takken van sport voorbijkomen.","formattedEpisodeNumbering":null,"formattedDate":"Zo 1 jul. 2018","formattedDateShort":"Jul. 2018","formattedTime":"08:35","formattedDuration":"16m","formattedAvailabilityWindow":null,"formattedAvailabilityWindowShort":null,"image":{"portraitUrl":null,"landscapeUrl":"https:\/\/images.nlziet.nl\/metadataimportimages\/source\/40D602A9D5004B061102A62FB139B9796A481E725AC2309B87ACF0D879C90E95.jpg"},"logo":{"normalUrl":"https:\/\/cdn.nlziet.nl\/static\/assets\/contentproviders\/npo.png","darkUrl":"https:\/\/cdn.nlziet.nl\/static\/assets\/contentproviders\/dark\/npo.png","flatUrl":"https:\/\/cdn.nlziet.nl\/static\/assets\/contentproviders\/flat\/npo.png"},"tags":[],"seriesId":"7QrOqPrilEGeM3pgWB1w1A"},{"id":"Gd9RDqIyg0-kafG9dA70BA","type":"Vod","title":"Zappsport","subtitle":"Battle bounceball","description":"AVROTROS - Kindersportprogramma waarin alle takken van sport voorbijkomen.","formattedEpisodeNumbering":null,"formattedDate":"Za 30 jun. 2018","formattedDateShort":"Jun. 2018","formattedTime":"08:40","formattedDuration":"16m","formattedAvailabilityWindow":null,"formattedAvailabilityWindowShort":null,"image":{"portraitUrl":null,"landscapeUrl":"https:\/\/images.nlziet.nl\/metadataimportimages\/source\/BF5F6116D375589BED465F40FAAD5408DAAD6DA6D74C40A1A2C6A04453794A2A.jpg"},"logo":{"normalUrl":"https:\/\/cdn.nlziet.nl\/static\/assets\/contentproviders\/npo.png","darkUrl":"https:\/\/cdn.nlziet.nl\/static\/assets\/contentproviders\/dark\/npo.png","flatUrl":"https:\/\/cdn.nlziet.nl\/static\/assets\/contentproviders\/flat\/npo.png"},"tags":[],"seriesId":"7QrOqPrilEGeM3pgWB1w1A"},{"id":"uQF86sS_HEy9LFEpgEEu5A","type":"Vod","title":"Zappsport","subtitle":"Tricking, Laurent Arrabito","description":"AVROTROS - Davryon (8) doet aan tricking, een mix van breakdance, turnen en vechtsporten. Hij wil graag hulp met de B-twist, Ron regelt dat hij les krijgt van zijn idool Laurent Arrabito. Die heeft nog een verrassing voor Davryon: hij mag meedoen aan het NK tricking. Veel mensen doen weleens een potje petanque op de camping, maar Stan doet wedstrijden in deze bijzondere sport. Hij zit zelfs bij de Nederlandse jeu-de-boules-selectie. Lukt het Olympisch volleyballer Laura Dijkema om met maximaal tien volleyballen een pi\u00f1ata kapot te krijgen?","formattedEpisodeNumbering":null,"formattedDate":"Zo 17 jun. 2018","formattedDateShort":"Jun. 2018","formattedTime":"08:40","formattedDuration":"16m","formattedAvailabilityWindow":null,"formattedAvailabilityWindowShort":null,"image":{"portraitUrl":null,"landscapeUrl":"https:\/\/images.nlziet.nl\/metadataimportimages\/source\/ADD88E017FEF7DA61B581DA424BBEC6A4BC607275A2B7EFF35EC87A85B34DD72.jpg"},"logo":{"normalUrl":"https:\/\/cdn.nlziet.nl\/static\/assets\/contentproviders\/npo.png","darkUrl":"https:\/\/cdn.nlziet.nl\/static\/assets\/contentproviders\/dark\/npo.png","flatUrl":"https:\/\/cdn.nlziet.nl\/static\/assets\/contentproviders\/flat\/npo.png"},"tags":[],"seriesId":"7QrOqPrilEGeM3pgWB1w1A"},{"id":"MFQReUGXYkqmPofpDNd3gw","type":"Vod","title":"Zappsport","subtitle":"Turnen, Casimir Schmidt","description":"AVROTROS - Bij Christiaan (9) draait alles om turnen. Zelfs thuis beoefent hij zijn favoriete sport, want hij heeft een eigen kamer vol toestellen. Die laat hij aan Naomi zien. Van topturner Casimir Schmidt wil hij graag de arabier-flikflak-salto leren. Lotte is Nederlands Kampioen motorcross, tijdens wedstrijden is ze dus heel wat jongens te snel af. Ze vertelt je alles over haar favoriete sport. FC Utrecht is deze keer aan de beurt voor latjetrap, stoot de club Excelsior van de eerste plaats in het klassement?","formattedEpisodeNumbering":null,"formattedDate":"Zo 6 mei. 2018","formattedDateShort":"Mei. 2018","formattedTime":"08:40","formattedDuration":"15m","formattedAvailabilityWindow":null,"formattedAvailabilityWindowShort":null,"image":{"portraitUrl":null,"landscapeUrl":"https:\/\/images.nlziet.nl\/metadataimportimages\/source\/DD35D7C89EA4744F66C00FDDC5820C774C565E0C95EBB62E46AF8017714CDF6F.jpg"},"logo":{"normalUrl":"https:\/\/cdn.nlziet.nl\/static\/assets\/contentproviders\/npo.png","darkUrl":"https:\/\/cdn.nlziet.nl\/static\/assets\/contentproviders\/dark\/npo.png","flatUrl":"https:\/\/cdn.nlziet.nl\/static\/assets\/contentproviders\/flat\/npo.png"},"tags":[],"seriesId":"7QrOqPrilEGeM3pgWB1w1A"}]