[{"id":"Av8dBvagq0SiTbDTWVOz_Q","type":"Vod","title":"Vrolijke Kerst","subtitle":"Aflevering 11 t\/m 20","description":"VPRO - De familie van de tienjarige Lucas wordt uit huis gezet. Lucas probeert er het beste van te maken met als doel: een vrolijke kerst voor de hele familie.","formattedEpisodeNumbering":null,"formattedDate":"Zo 17 dec. 2017","formattedDateShort":"Dec. 2017","formattedTime":"12:40","formattedDuration":"1u 42m","formattedAvailabilityWindow":null,"formattedAvailabilityWindowShort":null,"image":{"portraitUrl":null,"landscapeUrl":"https:\/\/images.nlziet.nl\/metadataimportimages\/source\/8CF2BE3A531A6C96DB6A3371E9BE2BDA6C92039FBCA6577DA69EA3E6BD9A58E6.jpg"},"logo":{"normalUrl":"https:\/\/cdn.nlziet.nl\/static\/assets\/contentproviders\/npo.png","darkUrl":"https:\/\/cdn.nlziet.nl\/static\/assets\/contentproviders\/dark\/npo.png","flatUrl":"https:\/\/cdn.nlziet.nl\/static\/assets\/contentproviders\/flat\/npo.png"},"tags":[],"seriesId":"83Qo8R8QBEq_dZMXnY-eEA"},{"id":"zS1yD0fCY0aBFbvdrrDstg","type":"Vod","title":"Vrolijke Kerst","subtitle":"Aflevering 1 t\/m 10","description":"VPRO - De familie van de tienjarige Lucas wordt uit huis gezet. Lucas probeert er het beste van te maken met als doel: een vrolijke kerst voor de hele familie.","formattedEpisodeNumbering":null,"formattedDate":"Za 16 dec. 2017","formattedDateShort":"Dec. 2017","formattedTime":"12:35","formattedDuration":"1u 42m","formattedAvailabilityWindow":null,"formattedAvailabilityWindowShort":null,"image":{"portraitUrl":null,"landscapeUrl":"https:\/\/images.nlziet.nl\/metadataimportimages\/source\/16C08D667FF79E655F649AD21C08D1D007BC51C4F3D207212BBA24E002414C89.jpg"},"logo":{"normalUrl":"https:\/\/cdn.nlziet.nl\/static\/assets\/contentproviders\/npo.png","darkUrl":"https:\/\/cdn.nlziet.nl\/static\/assets\/contentproviders\/dark\/npo.png","flatUrl":"https:\/\/cdn.nlziet.nl\/static\/assets\/contentproviders\/flat\/npo.png"},"tags":[],"seriesId":"83Qo8R8QBEq_dZMXnY-eEA"}]