[{"id":"ZHUOw5VKGUiX9gWr09tHyA","type":"Vod","title":"De kok en de directeur","subtitle":"Frankrijk","description":"AVROTROS - Frankrijk is de bakermat van de gastronomie en wereldberoemd om zijn kaas. Voordat Taco Dibbits en Joris Bijdendijk zich onderdompelen in Parijs, gaan ze eerst naar ferme Sainte Colombe, een kaasboerderij waar de beroemde brie noir wordt gemaakt. In 1789 brak de Franse Revolutie uit, waardoor de burger werd bevrijd. Taco en Joris ontdekken welke invloed dit had op het eten en de kunst. Een fascinerende trip langs de kunstpaleizen van de nieuwe rijken en de revolutionaire schilderijen van Manet. En de ontmoeting met de directeur van de gastronomie, de Michelingids, inspireert Joris tot het maken van een koningsmaal voor de burger.","formattedEpisodeNumbering":null,"formattedDate":"Zo 14 aug.","formattedDateShort":"Zo 14 aug.","formattedTime":"19:20","formattedDuration":"40m","formattedAvailabilityWindow":null,"formattedAvailabilityWindowShort":null,"image":{"portraitUrl":null,"landscapeUrl":"https:\/\/images.nlziet.nl\/metadataimportimages\/source\/04B65DB478E5E7A184E2CDDC6CEC862E9495F1C85A9CAD1C03F9203C8A278FD3.jpg"},"logo":{"normalUrl":"https:\/\/cdn.nlziet.nl\/static\/assets\/contentproviders\/npo.png","darkUrl":"https:\/\/cdn.nlziet.nl\/static\/assets\/contentproviders\/dark\/npo.png","flatUrl":"https:\/\/cdn.nlziet.nl\/static\/assets\/contentproviders\/flat\/npo.png"},"tags":[],"seriesId":"6yFPvZoLikC_BztGdejhLw"},{"id":"XsmQjkWRxka7TCevi9Lu0w","type":"Vod","title":"De kok en de directeur","subtitle":"Belgi\u00eb","description":"AVROTROS - Taco Dibbits en Joris Bijdendijk zijn in Belgi\u00eb, een land met twee heel verschillende culturen, maar verbonden door hun nationale drank: bier. Na het plukken van de smaakmaker van de drank, hop, neemt Joris Taco mee naar de kust, waar ze met paarden de zee ingaan om garnalen te vissen. Dit resulteert in de ultieme garnalensoep met bier bij chef-kok Willem Hiele. In de grote Kathedraal van Antwerpen en in het Museum voor Schone Kunsten zoekt Taco de verbinding tussen Rubens en Rembrandt. Chef-kok Sergio Herman sluit af door een bijzonder gerecht te maken waarin bier smaken verbindt.","formattedEpisodeNumbering":null,"formattedDate":"Zo 7 aug.","formattedDateShort":"Zo 7 aug.","formattedTime":"19:20","formattedDuration":"40m","formattedAvailabilityWindow":null,"formattedAvailabilityWindowShort":null,"image":{"portraitUrl":null,"landscapeUrl":"https:\/\/images.nlziet.nl\/metadataimportimages\/source\/B23FC9C683FF3DE129FD5869D540CF7BDAB245E43E9FB791D9B077A933490831.jpg"},"logo":{"normalUrl":"https:\/\/cdn.nlziet.nl\/static\/assets\/contentproviders\/npo.png","darkUrl":"https:\/\/cdn.nlziet.nl\/static\/assets\/contentproviders\/dark\/npo.png","flatUrl":"https:\/\/cdn.nlziet.nl\/static\/assets\/contentproviders\/flat\/npo.png"},"tags":[],"seriesId":"6yFPvZoLikC_BztGdejhLw"},{"id":"3Th3Ey4VxUGSWn9Tk8GPOA","type":"Vod","title":"De kok en de directeur","subtitle":"Zweden","description":"AVROTROS - Taco Dibbits en Joris Bijdendijk zijn in het idyllische Zweden. Op zoek naar haring, komen ze na een hachelijk avontuur op zee in het bos terecht, waar Joris Taco verrast met een maaltijd rechtstreeks uit de natuur. Nog nooit hebben de heren zo vers gegeten en dat smaakt goed. In de hoofdstad Stockholm laat Taco zien hoe de schilder Anders Zorn de natuurlijke idylle op het doek bracht. Chefkok Magnus Ek brengt uiteindelijk alles samen op een bord.","formattedEpisodeNumbering":null,"formattedDate":"Zo 31 jul.","formattedDateShort":"Zo 31 jul.","formattedTime":"19:10","formattedDuration":"40m","formattedAvailabilityWindow":null,"formattedAvailabilityWindowShort":null,"image":{"portraitUrl":null,"landscapeUrl":"https:\/\/images.nlziet.nl\/metadataimportimages\/source\/1281AC9CA6B8F6C053440484760BEC79CA071F287514FD97DE9874A47C180535.jpg"},"logo":{"normalUrl":"https:\/\/cdn.nlziet.nl\/static\/assets\/contentproviders\/npo.png","darkUrl":"https:\/\/cdn.nlziet.nl\/static\/assets\/contentproviders\/dark\/npo.png","flatUrl":"https:\/\/cdn.nlziet.nl\/static\/assets\/contentproviders\/flat\/npo.png"},"tags":[],"seriesId":"6yFPvZoLikC_BztGdejhLw"},{"id":"H_3xmPgK_EySSORFQTFvtg","type":"Vod","title":"De kok en de directeur","subtitle":"Suriname","description":"AVROTROS - Taco Dibbits en Joris Bijdendijk zijn in Suriname, het land met een rijke mix van culturen die ze zoeken op het bord en in de kunst. In de binnenlanden komen ze bij een oorspronkelijke cassaveplantage, het hoofdingredi\u00ebnt van de reis. Ook ontmoeten ze daar de vermaarde kunstenaar Marcel Pinas, die de traditionele ambachten tot kunst brengt. In de hoofdstad Paramaribo zien ze hoe de stapeling van al die culturen terugkomt in de keuken bij topchef Sherwin Alexander en bij de kunstenaar Paul Woei.","formattedEpisodeNumbering":null,"formattedDate":"Zo 24 jul.","formattedDateShort":"Zo 24 jul.","formattedTime":"19:20","formattedDuration":"40m","formattedAvailabilityWindow":null,"formattedAvailabilityWindowShort":null,"image":{"portraitUrl":null,"landscapeUrl":"https:\/\/images.nlziet.nl\/metadataimportimages\/source\/EBD473E490929B75E0BA98B12F77B70250E8049E3C24107E9357692DCC937F89.jpg"},"logo":{"normalUrl":"https:\/\/cdn.nlziet.nl\/static\/assets\/contentproviders\/npo.png","darkUrl":"https:\/\/cdn.nlziet.nl\/static\/assets\/contentproviders\/dark\/npo.png","flatUrl":"https:\/\/cdn.nlziet.nl\/static\/assets\/contentproviders\/flat\/npo.png"},"tags":[],"seriesId":"6yFPvZoLikC_BztGdejhLw"},{"id":"6kFnhI7BsUWJUWbnm-P4CA","type":"Vod","title":"De kok en de directeur","subtitle":"Sloveni\u00eb","description":"AVROTROS - Taco Dibbits en Joris Bijdendijk zijn in Sloveni\u00eb, een land met een rijke geschiedenis, waarin honing al eeuwenlang een belangrijke rol speelt. Van een Habsburgse vorstin die de imkercultuur naar het land bracht tot hoe het in de hedendaagse kunst terechtkomt. De hang naar het platteland ziet Taco terug in de belangrijkste schilder van het land, Ivan Grohar. Datzelfde verlangen brengt de beste vrouwelijke chef ter wereld, Ana Ros. Zij maakt voor Taco en Joris een gerecht met bijenwas.","formattedEpisodeNumbering":null,"formattedDate":"Zo 17 jul.","formattedDateShort":"Zo 17 jul.","formattedTime":"19:15","formattedDuration":"40m","formattedAvailabilityWindow":null,"formattedAvailabilityWindowShort":null,"image":{"portraitUrl":null,"landscapeUrl":"https:\/\/images.nlziet.nl\/metadataimportimages\/source\/A0F9A88450EC8C85D94F703FA247146BED3087970C6A48F14EBAA0171F25BC6A.jpg"},"logo":{"normalUrl":"https:\/\/cdn.nlziet.nl\/static\/assets\/contentproviders\/npo.png","darkUrl":"https:\/\/cdn.nlziet.nl\/static\/assets\/contentproviders\/dark\/npo.png","flatUrl":"https:\/\/cdn.nlziet.nl\/static\/assets\/contentproviders\/flat\/npo.png"},"tags":[],"seriesId":"6yFPvZoLikC_BztGdejhLw"},{"id":"WBpeSvrZzEWX2EenOAJthg","type":"Vod","title":"De kok en de directeur","subtitle":"Sicili\u00eb","description":"AVROTROS - Taco Dibbits en Joris Bijdendijk zijn in Itali\u00eb, op het eiland Sicili\u00eb. Taco heeft Joris hier mee naartoe genomen omdat dit eiland ooit zijn hart heeft gestolen. Op het eiland smelten kunst en gastronomie samen. De citroen staat hier centraal en dat is te merken. Op hun reis door de tijd, van Griekse tempels, Romeinse villa's en kunst van Caravaggio, komen ze overal de beroemde citrusvrucht tegen. En in de moderne kunst van Emilio Isgr\u00f2, maar ook in het citroenijs van ijsmagi\u00ebr Corrado Assenza.","formattedEpisodeNumbering":null,"formattedDate":"Zo 10 jul.","formattedDateShort":"Zo 10 jul.","formattedTime":"19:25","formattedDuration":"41m","formattedAvailabilityWindow":null,"formattedAvailabilityWindowShort":null,"image":{"portraitUrl":null,"landscapeUrl":"https:\/\/images.nlziet.nl\/metadataimportimages\/source\/2003CAA4C037A7F5BF08D6EA8899B9C50150F49AD5415AB3A29DB24F556AB4C5.jpg"},"logo":{"normalUrl":"https:\/\/cdn.nlziet.nl\/static\/assets\/contentproviders\/npo.png","darkUrl":"https:\/\/cdn.nlziet.nl\/static\/assets\/contentproviders\/dark\/npo.png","flatUrl":"https:\/\/cdn.nlziet.nl\/static\/assets\/contentproviders\/flat\/npo.png"},"tags":[],"seriesId":"6yFPvZoLikC_BztGdejhLw"}]