[{"id":"u--smUWr00eCFrKsWA90pw","type":"Vod","title":"Brainwash","subtitle":"Covid-19","description":"HUMAN - Oktober 2020. Nu het coronavirus genadeloos toeslaat, kun je mensen dan opleggen om zich verplicht te vaccineren? Of als er een vaccin komt... wie krijgt het dan als eerste? Filosoof Michael Sandel gaat in gesprek met een groep millennials over deze prangende, actuele dilemma's.","formattedEpisodeNumbering":null,"formattedDate":"Zo 25 okt. 2020","formattedDateShort":"Okt. 2020","formattedTime":"17:15","formattedDuration":"50m","formattedAvailabilityWindow":null,"formattedAvailabilityWindowShort":null,"image":{"portraitUrl":null,"landscapeUrl":"https:\/\/images.nlziet.nl\/metadataimportimages\/source\/193348012BA0AD00CC129BE8E6AB128ABC5ECCF0087BFFC77A383C2BF2D477D2.jpg"},"logo":{"normalUrl":"https:\/\/cdn.nlziet.nl\/static\/assets\/contentproviders\/npo.png","darkUrl":"https:\/\/cdn.nlziet.nl\/static\/assets\/contentproviders\/dark\/npo.png","flatUrl":"https:\/\/cdn.nlziet.nl\/static\/assets\/contentproviders\/flat\/npo.png"},"tags":[],"seriesId":"6t7SFiAmnEOB-25LX_yXzg"}]