[{"id":"tZNYx13X9UOliJmQy6Nwqg","type":"Vod","title":"Evenblij","subtitle":"Evenblij met... Lowlands","description":"VARA - Een portret van Triggerfinger en Blaudzun. Frank Evenblij volgt twee bands die dit jaar doorbraken bij het grote publiek. Het Belgische rocktrio Triggerfinger scoorde een superhit met I follow rivers en singer-songwriter Blaudzun kreeg lovende kritieken voor zijn plaat Heavy flowers en stond hoog genoteerd in de albumlijst. Beide bands staan dit jaar op Lowlands. Frank zoekt ze op.","formattedEpisodeNumbering":null,"formattedDate":"Za 1 sep. 2012","formattedDateShort":"Sep. 2012","formattedTime":"21:15","formattedDuration":"55m","formattedAvailabilityWindow":null,"formattedAvailabilityWindowShort":null,"image":{"portraitUrl":null,"landscapeUrl":"https:\/\/images.nlziet.nl\/metadataimportimages\/source\/07B168965157CD7F1BD6D51E7E5B0D64EAB39035009CA6C75D8A2FACA5F9983B.jpg"},"logo":{"normalUrl":"https:\/\/cdn.nlziet.nl\/static\/assets\/contentproviders\/npo.png","darkUrl":"https:\/\/cdn.nlziet.nl\/static\/assets\/contentproviders\/dark\/npo.png","flatUrl":"https:\/\/cdn.nlziet.nl\/static\/assets\/contentproviders\/flat\/npo.png"},"tags":[],"seriesId":"85Wn5bmJCU6rzgmD6oEP-w"}]