[{"id":"mpUtLiBoJ02vLq5o1-yqUA","type":"Vod","title":"NOS Journaal met gebarentaal","subtitle":"NOS Journaal met gebarentolk: Toespraak premier Rutte","description":"NOS - Toespraak premier Rutte.","formattedEpisodeNumbering":null,"formattedDate":"Di 17 mrt. 2020","formattedDateShort":"Mrt. 2020","formattedTime":"01:10","formattedDuration":"15m","formattedAvailabilityWindow":null,"formattedAvailabilityWindowShort":null,"image":{"portraitUrl":null,"landscapeUrl":"https:\/\/images.nlziet.nl\/metadataimportimages\/source\/371AC970D7CE044212FB133A60BA4240E781902E346DD64E854E1A8A0918BF7B.jpg"},"logo":{"normalUrl":"https:\/\/cdn.nlziet.nl\/static\/assets\/contentproviders\/npo.png","darkUrl":"https:\/\/cdn.nlziet.nl\/static\/assets\/contentproviders\/dark\/npo.png","flatUrl":"https:\/\/cdn.nlziet.nl\/static\/assets\/contentproviders\/flat\/npo.png"},"tags":[],"seriesId":"6pbrb5qCSEmKJooY61Bb_Q"}]