[{"id":"tuTWoN1FTkO-x2X1ctTo_A","type":"Vod","title":"Ambulance UK","subtitle":"Afl. 8","description":"RTL5 - Britse realityserie over een Engelse ambulancedienst. Zowel de medewerkers van de hectische meldkamer als de ambulancediensten op straat worden op de voet gevolgd.","formattedEpisodeNumbering":null,"formattedDate":"Di 15 feb.","formattedDateShort":"Di 15 feb.","formattedTime":"23:50","formattedDuration":"44m","formattedAvailabilityWindow":"Vandaag nog beschikbaar","formattedAvailabilityWindowShort":"Nog 1 d. beschikbaar","image":{"portraitUrl":null,"landscapeUrl":"https:\/\/images.nlziet.nl\/metadataimportimages\/source\/631DAD2651DF9CC1494743C8DD36219236B5B6489AFFA1CDDA35193172F78A8C.jpg"},"logo":{"normalUrl":"https:\/\/cdn.nlziet.nl\/static\/assets\/contentproviders\/rtl.png","darkUrl":"https:\/\/cdn.nlziet.nl\/static\/assets\/contentproviders\/dark\/rtl.png","flatUrl":"https:\/\/cdn.nlziet.nl\/static\/assets\/contentproviders\/flat\/rtl.png"},"tags":[],"seriesId":"6xUGPtvFHE2E7juM6r4QgQ"}]