[{"id":"frWOtERbFUSHrt8tN1tdag","type":"Vod","title":"Hazes Is De Basis","subtitle":"Aflevering 5","description":"SBS6 - Gasten: Niels Geusebroek, Senna, Gerard Joling, Kris Kross Amsterdam samen met Tino Martin en de Nederlandse rapper (Mara)donnie.","formattedEpisodeNumbering":null,"formattedDate":"Za 26 mrt.","formattedDateShort":"Za 26 mrt.","formattedTime":"19:58","formattedDuration":"1u 2m","formattedAvailabilityWindow":null,"formattedAvailabilityWindowShort":null,"image":{"portraitUrl":null,"landscapeUrl":"https:\/\/images.nlziet.nl\/metadataimportimages\/source\/EFE2318C8B149D043D852AEF2D748B986FB04BB48995E5955E6595C74ED0C2FD.jpg"},"logo":{"normalUrl":"https:\/\/cdn.nlziet.nl\/static\/assets\/contentproviders\/sbs.png","darkUrl":"https:\/\/cdn.nlziet.nl\/static\/assets\/contentproviders\/dark\/sbs.png","flatUrl":"https:\/\/cdn.nlziet.nl\/static\/assets\/contentproviders\/flat\/sbs.png"},"tags":[],"seriesId":"6kJJ8Rr6zkWtuHttptJ1MQ"},{"id":"EcxLP-lQrkKgXLQkj0Iw5Q","type":"Vod","title":"Hazes Is De Basis","subtitle":"Aflevering 4","description":"SBS6 - Thomas Berge, Belle P\u00e9rez en Bente steken de liedjes van Andr\u00e9 Hazes in een nieuw jasje. Daarnaast is er een speciaal gastoptreden van Johnny Logan. Hij zingt samen met Gerard Joling.","formattedEpisodeNumbering":null,"formattedDate":"Za 19 mrt.","formattedDateShort":"Za 19 mrt.","formattedTime":"19:58","formattedDuration":"1u 2m","formattedAvailabilityWindow":null,"formattedAvailabilityWindowShort":null,"image":{"portraitUrl":null,"landscapeUrl":"https:\/\/images.nlziet.nl\/metadataimportimages\/source\/3B2714B6071BACF6E8570D3CE905AA554BE303941150B58591B200E123328102.jpg"},"logo":{"normalUrl":"https:\/\/cdn.nlziet.nl\/static\/assets\/contentproviders\/sbs.png","darkUrl":"https:\/\/cdn.nlziet.nl\/static\/assets\/contentproviders\/dark\/sbs.png","flatUrl":"https:\/\/cdn.nlziet.nl\/static\/assets\/contentproviders\/flat\/sbs.png"},"tags":[],"seriesId":"6kJJ8Rr6zkWtuHttptJ1MQ"},{"id":"YPwDzbu9jEiGcZ8Yn8qg1Q","type":"Vod","title":"Hazes Is De Basis","subtitle":"Aflevering 3","description":"SBS6 - Guus Meeuwis, Elske De Wall, Samantha Steenwijk, Silver en Berget Lewis geven een geheel eigen sound aan hun favoriete Hazes-hit. Dit levert weer verrassend mooie liedjes op.","formattedEpisodeNumbering":null,"formattedDate":"Za 12 mrt.","formattedDateShort":"Za 12 mrt.","formattedTime":"19:58","formattedDuration":"1u 6m","formattedAvailabilityWindow":null,"formattedAvailabilityWindowShort":null,"image":{"portraitUrl":null,"landscapeUrl":"https:\/\/images.nlziet.nl\/metadataimportimages\/source\/1AC63FAEE02F12190E42FBC37A065359513CDB3C932EBD55EF911170805AD4A5.jpg"},"logo":{"normalUrl":"https:\/\/cdn.nlziet.nl\/static\/assets\/contentproviders\/sbs.png","darkUrl":"https:\/\/cdn.nlziet.nl\/static\/assets\/contentproviders\/dark\/sbs.png","flatUrl":"https:\/\/cdn.nlziet.nl\/static\/assets\/contentproviders\/flat\/sbs.png"},"tags":[],"seriesId":"6kJJ8Rr6zkWtuHttptJ1MQ"},{"id":"05D9dGO2YE-USX7pgALiFg","type":"Vod","title":"Hazes Is De Basis","subtitle":"Aflevering 2","description":"SBS6 - Tino Martin, Lo\u00efs Lane, Xander de Buisonj\u00e9, Lange Frans en Ellen ten Damme zingen de mooiste Hazes-liedjes en dat levert de meest verrassende bewerkingen op.","formattedEpisodeNumbering":null,"formattedDate":"Za 5 mrt.","formattedDateShort":"Za 5 mrt.","formattedTime":"19:58","formattedDuration":"1u 3m","formattedAvailabilityWindow":null,"formattedAvailabilityWindowShort":null,"image":{"portraitUrl":null,"landscapeUrl":"https:\/\/images.nlziet.nl\/metadataimportimages\/source\/693BC7A84270A0BC815ED100EDB0B53DE98F7904E81774E9E353D754AE826C65.jpg"},"logo":{"normalUrl":"https:\/\/cdn.nlziet.nl\/static\/assets\/contentproviders\/sbs.png","darkUrl":"https:\/\/cdn.nlziet.nl\/static\/assets\/contentproviders\/dark\/sbs.png","flatUrl":"https:\/\/cdn.nlziet.nl\/static\/assets\/contentproviders\/flat\/sbs.png"},"tags":[],"seriesId":"6kJJ8Rr6zkWtuHttptJ1MQ"},{"id":"xgD3fTbf1USO57DAACp-UQ","type":"Vod","title":"Hazes Is De Basis","subtitle":"Aflevering 1","description":"SBS6 - Karsu, 3JS, Kenny B & Beef, Holly Mae Brood, Anita Meijer en Trijntje Oosterhuis bijten het spits af.","formattedEpisodeNumbering":null,"formattedDate":"Za 26 feb.","formattedDateShort":"Za 26 feb.","formattedTime":"19:59","formattedDuration":"1u 8m","formattedAvailabilityWindow":null,"formattedAvailabilityWindowShort":null,"image":{"portraitUrl":null,"landscapeUrl":"https:\/\/images.nlziet.nl\/metadataimportimages\/source\/007086E3A88C2022D1526C1F114AB1BFFCFA417C028655C9CE406C75EAB51DF0.jpg"},"logo":{"normalUrl":"https:\/\/cdn.nlziet.nl\/static\/assets\/contentproviders\/sbs.png","darkUrl":"https:\/\/cdn.nlziet.nl\/static\/assets\/contentproviders\/dark\/sbs.png","flatUrl":"https:\/\/cdn.nlziet.nl\/static\/assets\/contentproviders\/flat\/sbs.png"},"tags":[],"seriesId":"6kJJ8Rr6zkWtuHttptJ1MQ"}]