[{"id":"SWfNrKlzyECznhQagnYpdw","type":"Vod","title":"Brainwash Special: Hoe Intelligent is AI?","subtitle":"Hoe Intelligent is AI?","description":"HUMAN - Wat kunnen we met Artificial Intelligence? Hoe maken we het eerlijk? En wat is eerlijk in het geval van AI? Ooit leek kunstmatige intelligentie het antwoord op ongeveer alle problemen, maar na het toeslagenschandaal, monopolies van Amerikaanse techbedrijven en zorgen om de privacy rijzen vele vragen. Een gesprek met techniekfilosoof Peter-Paul Verbeek, Europarlementari\u00ebr Kim van Sparrentak, kunstenares-ontwerper Julia Jansen en digitaal strateeg-columnist Ilyaz Nasrullah.","formattedEpisodeNumbering":null,"formattedDate":"Zo 28 aug.","formattedDateShort":"Zo 28 aug.","formattedTime":"19:15","formattedDuration":"50m","formattedAvailabilityWindow":null,"formattedAvailabilityWindowShort":null,"image":{"portraitUrl":null,"landscapeUrl":"https:\/\/images.nlziet.nl\/metadataimportimages\/source\/8892A4B612ACDA02F6A742B112B1C64E46369E2D73262613579DED345BB5B093.jpg"},"logo":{"normalUrl":"https:\/\/cdn.nlziet.nl\/static\/assets\/contentproviders\/npo.png","darkUrl":"https:\/\/cdn.nlziet.nl\/static\/assets\/contentproviders\/dark\/npo.png","flatUrl":"https:\/\/cdn.nlziet.nl\/static\/assets\/contentproviders\/flat\/npo.png"},"tags":[],"seriesId":"6t7SFiAmnEOB-25LX_yXzg"},{"id":"VsaFnXMi80a3dDEDNQP0SA","type":"Vod","title":"Brainwash Special: Slag om de Wereldorde","subtitle":"Slag om de Wereldorde","description":"HUMAN - Gesprek onder leiding van Maaike Schoon over de politieke verschuivingen op het wereldtoneel door de oorlog in Oekra\u00efne. Welke gevolgen heeft de oorlog voor de wereldorde? Welke plek heeft Europa hierin? Vergroot het conflict de eenheid of zorgt het juist voor verdeeldheid? En wat doet dit met de Europese identiteit? Gespreksdeelnemers: schrijver en journalist Michel Krielaars, theatermaker Lucas De Man, literatuurwetenschapper en historicus Joep Leerssen en filosofe Alicja Gescinska, die op jonge leeftijd Polen verliet. Zij ziet de voormalige communistische landen in Europa anders op de oorlog van Poetin reageren dan het Westen.","formattedEpisodeNumbering":null,"formattedDate":"Zo 3 jul.","formattedDateShort":"Zo 3 jul.","formattedTime":"19:20","formattedDuration":"51m","formattedAvailabilityWindow":null,"formattedAvailabilityWindowShort":null,"image":{"portraitUrl":null,"landscapeUrl":"https:\/\/images.nlziet.nl\/metadataimportimages\/source\/B66C4F2C974BBA663D48F6E1757902ADDBAC3B53B2B1DAC6D808AE2E451EBE38.jpg"},"logo":{"normalUrl":"https:\/\/cdn.nlziet.nl\/static\/assets\/contentproviders\/npo.png","darkUrl":"https:\/\/cdn.nlziet.nl\/static\/assets\/contentproviders\/dark\/npo.png","flatUrl":"https:\/\/cdn.nlziet.nl\/static\/assets\/contentproviders\/flat\/npo.png"},"tags":[],"seriesId":"6t7SFiAmnEOB-25LX_yXzg"}]