[{"id":"6uR6vvDubUi0PHJoUyvMCg","type":"Vod","title":"We Are Lady Parts","subtitle":"Play Something","description":"BNNVARA - Studente en gitaarlerares Amina is op zoek naar een man, maar dat wil nog niet zo vlotten. Punkband Lady Parts, bestaande uit Saira, Ayesha, Bisma en Momtaz, zoekt een leadgitarist. Ze laten hun oog vallen op Amina, maar die heeft vreselijke plankenkoorts. Daar laten deze voortvarende dames zich natuurlijk niet door tegenhouden.","formattedEpisodeNumbering":"S1:A1","formattedDate":"Do 27 jan.","formattedDateShort":"Do 27 jan.","formattedTime":"23:14","formattedDuration":"24m","formattedAvailabilityWindow":null,"formattedAvailabilityWindowShort":null,"image":{"portraitUrl":null,"landscapeUrl":"https:\/\/images.nlziet.nl\/metadataimportimages\/source\/B707123240E315A126925357462F5C019C14D2C0EDB92C0CEF0095E650EEEEC2.jpg"},"logo":{"normalUrl":"https:\/\/cdn.nlziet.nl\/static\/assets\/contentproviders\/npo.png","darkUrl":"https:\/\/cdn.nlziet.nl\/static\/assets\/contentproviders\/dark\/npo.png","flatUrl":"https:\/\/cdn.nlziet.nl\/static\/assets\/contentproviders\/flat\/npo.png"},"tags":[],"seriesId":"5p3xHKzB60yBem5pUQWwqw"},{"id":"w9UWSWmci0uh-nwSLEgT5w","type":"Vod","title":"We Are Lady Parts","subtitle":"Potential Future Spouse","description":"BNNVARA - De band doet Amina een voorstel: Als zij meespeelt op de auditie voor de band-battle, regelen zij een date met Ahsan, de knappe broer van Ayesha. Amina kan de kans om haar droomman te strikken niet laten schieten en gaat akkoord. Zowel de repetities als de date verlopen echter een stuk minder soepel dan ze had gehoopt.","formattedEpisodeNumbering":"S1:A2","formattedDate":"Do 3 feb.","formattedDateShort":"Do 3 feb.","formattedTime":"23:08","formattedDuration":"24m","formattedAvailabilityWindow":null,"formattedAvailabilityWindowShort":null,"image":{"portraitUrl":null,"landscapeUrl":"https:\/\/images.nlziet.nl\/metadataimportimages\/source\/E69AC060CF26516CB094F351A39602A3EC0E2A035E836641F05DB4F628F34E36.jpg"},"logo":{"normalUrl":"https:\/\/cdn.nlziet.nl\/static\/assets\/contentproviders\/npo.png","darkUrl":"https:\/\/cdn.nlziet.nl\/static\/assets\/contentproviders\/dark\/npo.png","flatUrl":"https:\/\/cdn.nlziet.nl\/static\/assets\/contentproviders\/flat\/npo.png"},"tags":[],"seriesId":"5p3xHKzB60yBem5pUQWwqw"},{"id":"PqfactvdvkemQbjkBEWkYQ","type":"Vod","title":"We Are Lady Parts","subtitle":"Earth Natives","description":"BNNVARA - Het leiden van een dubbelleven begint z'n tol te eisen. Als de auditie voor Sound Smash blijkt samen te vallen met Noors verlovingsfeest, wordt Amina's dubbelleven pas echt op de proef gesteld.","formattedEpisodeNumbering":"S1:A3","formattedDate":"Do 10 feb.","formattedDateShort":"Do 10 feb.","formattedTime":"23:11","formattedDuration":"23m","formattedAvailabilityWindow":null,"formattedAvailabilityWindowShort":null,"image":{"portraitUrl":null,"landscapeUrl":"https:\/\/images.nlziet.nl\/metadataimportimages\/source\/23B2F8790A043EED1BE627C7E3DE14774D84D7178605B180303B3B8C839DBE93.jpg"},"logo":{"normalUrl":"https:\/\/cdn.nlziet.nl\/static\/assets\/contentproviders\/npo.png","darkUrl":"https:\/\/cdn.nlziet.nl\/static\/assets\/contentproviders\/dark\/npo.png","flatUrl":"https:\/\/cdn.nlziet.nl\/static\/assets\/contentproviders\/flat\/npo.png"},"tags":[],"seriesId":"5p3xHKzB60yBem5pUQWwqw"},{"id":"u8-WWRCxn0WHoeg0VhVcEg","type":"Vod","title":"We Are Lady Parts","subtitle":"Godzilla","description":"BNNVARA - Na de mislukte auditie is Amina ervan overtuigd dat de band beter af is zonder haar. Saira wil echter dat ze blijft en weet een bijzondere manier om haar van haar plankenkoorts af te helpen: optreden op een po\u00ebzieavond. De band is ondertussen nog steeds vastbesloten om naam te maken, en de influencer Zarina Zee kan hen daarbij helpen.","formattedEpisodeNumbering":"S1:A4","formattedDate":"Do 17 feb.","formattedDateShort":"Do 17 feb.","formattedTime":"23:12","formattedDuration":"24m","formattedAvailabilityWindow":null,"formattedAvailabilityWindowShort":null,"image":{"portraitUrl":null,"landscapeUrl":"https:\/\/images.nlziet.nl\/metadataimportimages\/source\/521463855FA7E9D74D30390C534E9752050FD320A7F4525DA2ECE9094DBDD933.jpg"},"logo":{"normalUrl":"https:\/\/cdn.nlziet.nl\/static\/assets\/contentproviders\/npo.png","darkUrl":"https:\/\/cdn.nlziet.nl\/static\/assets\/contentproviders\/dark\/npo.png","flatUrl":"https:\/\/cdn.nlziet.nl\/static\/assets\/contentproviders\/flat\/npo.png"},"tags":[],"seriesId":"5p3xHKzB60yBem5pUQWwqw"},{"id":"rT4N7iXBy0q9LMJVEk-RgA","type":"Vod","title":"We Are Lady Parts","subtitle":"Represent","description":"BNNVARA - Het lijkt de bandleden eindelijk een beetje mee te zitten. Hun eerste echte optreden zit erop en ze worden ge\u00efnterviewd door influencer en journalist Zarina Zee, die een artikel over hen schrijft dat een groot publiek kan bereiken. Amina voelt zich zelfverzekerder dan ooit, maar haar vriendinnen weten nog steeds niets van haar leven in de band _ en","formattedEpisodeNumbering":"S1:A5","formattedDate":"Do 24 feb.","formattedDateShort":"Do 24 feb.","formattedTime":"23:22","formattedDuration":"24m","formattedAvailabilityWindow":null,"formattedAvailabilityWindowShort":null,"image":{"portraitUrl":null,"landscapeUrl":"https:\/\/images.nlziet.nl\/metadataimportimages\/source\/EFC4DAD0CE016AD1CE19AB95B1EAE1117867C84FF7DE66F6EC9A150FC143808F.jpg"},"logo":{"normalUrl":"https:\/\/cdn.nlziet.nl\/static\/assets\/contentproviders\/npo.png","darkUrl":"https:\/\/cdn.nlziet.nl\/static\/assets\/contentproviders\/dark\/npo.png","flatUrl":"https:\/\/cdn.nlziet.nl\/static\/assets\/contentproviders\/flat\/npo.png"},"tags":[],"seriesId":"5p3xHKzB60yBem5pUQWwqw"},{"id":"CXp_I-RCkUSTGCK3hahEbg","type":"Vod","title":"We Are Lady Parts","subtitle":"Sparta","description":"BNNVARA - Alle leden van Lady Parts hebben een flinke klap gekregen na alle negatieve publiciteit. Saira mist de band vreselijk, maar ze heeft de rest dusdanig gekwetst dat het maar de vraag is of ze ze nog terug kan halen. Amina is opgelucht als haar vriendin Noor aanbiedt haar weer te helpen een fatsoenlijke man te vinden, maar ze kan de muziek toch niet echt loslaten. Momtaz probeert de band te redden.","formattedEpisodeNumbering":"S1:A6","formattedDate":"Do 3 mrt.","formattedDateShort":"Do 3 mrt.","formattedTime":"23:17","formattedDuration":"24m","formattedAvailabilityWindow":null,"formattedAvailabilityWindowShort":null,"image":{"portraitUrl":null,"landscapeUrl":"https:\/\/images.nlziet.nl\/metadataimportimages\/source\/A5C85D525AAE557C290EC2EBC1F835C119EAE6691E416DECB4459894F70A2902.jpg"},"logo":{"normalUrl":"https:\/\/cdn.nlziet.nl\/static\/assets\/contentproviders\/npo.png","darkUrl":"https:\/\/cdn.nlziet.nl\/static\/assets\/contentproviders\/dark\/npo.png","flatUrl":"https:\/\/cdn.nlziet.nl\/static\/assets\/contentproviders\/flat\/npo.png"},"tags":[],"seriesId":"5p3xHKzB60yBem5pUQWwqw"}]