[{"id":"9CqhRscDB0i6RVfh6SBcXQ","type":"Vod","title":"24 Uur In De E.R.","subtitle":"Afl. 13","description":"Realityserie over de eerstehulpafdeling van St. George's Hospital in Zuid-Londen, een van de grootste ziekenhuizen van Groot-Brittanni\u00eb. De artsen en hulpbehoevende pati\u00ebnten worden 24 uur per dag van dichtbij gevolgd.","formattedEpisodeNumbering":null,"formattedDate":"Do 27 okt.","formattedDateShort":"Do 27 okt.","formattedTime":"21:55","formattedDuration":"45m","formattedAvailabilityWindow":"Vandaag nog beschikbaar","formattedAvailabilityWindowShort":"Nog 1 d. beschikbaar","image":{"portraitUrl":null,"landscapeUrl":"https:\/\/images.nlziet.nl\/metadataimportimages\/source\/AB9212F267543919411F5565B0825DA86E928C4447805CD621290207444CD2FC.jpg"},"logo":{"normalUrl":"https:\/\/cdn.nlziet.nl\/static\/assets\/contentproviders\/rtl.png","darkUrl":"https:\/\/cdn.nlziet.nl\/static\/assets\/contentproviders\/dark\/rtl.png","flatUrl":"https:\/\/cdn.nlziet.nl\/static\/assets\/contentproviders\/flat\/rtl.png"},"tags":[],"seriesId":"6xFPBKN0Xk-0sU6crWAQ3A"}]