[{"id":"QRq-KLCO20GgwkTD0EBEUg","type":"Vod","title":"Border Security: Canada","subtitle":"Aflevering 26","description":"De landsgrenzen van Canada worden voortdurend bedreigd. Of het nu gaat om drugssmokkel, illegale immigratie, inspecties of het meenemen van verboden voorwerpen, de douaniers houden het allemaal in de gaten. Dit levert soms heftige situaties op.","formattedEpisodeNumbering":null,"formattedDate":"Za 17 jul. 2021","formattedDateShort":"Jul. 2021","formattedTime":"19:30","formattedDuration":"21m","formattedAvailabilityWindow":null,"formattedAvailabilityWindowShort":null,"image":{"portraitUrl":null,"landscapeUrl":"https:\/\/images.nlziet.nl\/metadataimportimages\/source\/2DD6C3CF30963EE1E3240152B7558B8A6B6292E66147721D06C438969D7B9EC6.jpg"},"logo":{"normalUrl":"https:\/\/cdn.nlziet.nl\/static\/assets\/contentproviders\/sbs.png","darkUrl":"https:\/\/cdn.nlziet.nl\/static\/assets\/contentproviders\/dark\/sbs.png","flatUrl":"https:\/\/cdn.nlziet.nl\/static\/assets\/contentproviders\/flat\/sbs.png"},"tags":[],"seriesId":"6EBfsFV_3EqMK8x9C1vHew"},{"id":"-GCxJi8Kvki5R30MKmqSSg","type":"Vod","title":"Border Security: Canada","subtitle":"Aflevering 25","description":"Een reiziger heeft een onbekende stof ingeslikt; een Thaise vakantiegids biedt meer dan alleen vakantieadvies; ijsthee vestigt de aandacht op een vrachtwagenchauffeur.","formattedEpisodeNumbering":null,"formattedDate":"Za 17 jul. 2021","formattedDateShort":"Jul. 2021","formattedTime":"19:01","formattedDuration":"21m","formattedAvailabilityWindow":null,"formattedAvailabilityWindowShort":null,"image":{"portraitUrl":null,"landscapeUrl":"https:\/\/images.nlziet.nl\/metadataimportimages\/source\/8D8F7C83C4F24390E27C09DD35677D60453743DFA78B72DCCD932FB29020933E.jpg"},"logo":{"normalUrl":"https:\/\/cdn.nlziet.nl\/static\/assets\/contentproviders\/sbs.png","darkUrl":"https:\/\/cdn.nlziet.nl\/static\/assets\/contentproviders\/dark\/sbs.png","flatUrl":"https:\/\/cdn.nlziet.nl\/static\/assets\/contentproviders\/flat\/sbs.png"},"tags":[],"seriesId":"6EBfsFV_3EqMK8x9C1vHew"},{"id":"FfB-fkyJKkKkZ3KKqE-MYw","type":"Vod","title":"Border Security: Canada","subtitle":"Aflevering 24","description":"Een auto heeft een mysterieus slot.","formattedEpisodeNumbering":null,"formattedDate":"Za 10 jul. 2021","formattedDateShort":"Jul. 2021","formattedTime":"19:30","formattedDuration":"21m","formattedAvailabilityWindow":null,"formattedAvailabilityWindowShort":null,"image":{"portraitUrl":null,"landscapeUrl":"https:\/\/images.nlziet.nl\/metadataimportimages\/source\/B4CA7EE0BBD670DC13DF146E58C1237CAD3F3DC8B638F40C2A8C05056973B175.jpg"},"logo":{"normalUrl":"https:\/\/cdn.nlziet.nl\/static\/assets\/contentproviders\/sbs.png","darkUrl":"https:\/\/cdn.nlziet.nl\/static\/assets\/contentproviders\/dark\/sbs.png","flatUrl":"https:\/\/cdn.nlziet.nl\/static\/assets\/contentproviders\/flat\/sbs.png"},"tags":[],"seriesId":"6EBfsFV_3EqMK8x9C1vHew"},{"id":"-V8QqDjixUiy3FPdwlQf6A","type":"Vod","title":"Border Security: Canada","subtitle":"Aflevering 23","description":"Een tatoe\u00eberder neemt zijn apparatuur mee op vakantie.","formattedEpisodeNumbering":null,"formattedDate":"Za 10 jul. 2021","formattedDateShort":"Jul. 2021","formattedTime":"19:01","formattedDuration":"21m","formattedAvailabilityWindow":null,"formattedAvailabilityWindowShort":null,"image":{"portraitUrl":null,"landscapeUrl":"https:\/\/images.nlziet.nl\/metadataimportimages\/source\/A18C890478345A84196B2B1A6571E73824294094431BB1C409AF52798A0825AB.jpg"},"logo":{"normalUrl":"https:\/\/cdn.nlziet.nl\/static\/assets\/contentproviders\/sbs.png","darkUrl":"https:\/\/cdn.nlziet.nl\/static\/assets\/contentproviders\/dark\/sbs.png","flatUrl":"https:\/\/cdn.nlziet.nl\/static\/assets\/contentproviders\/flat\/sbs.png"},"tags":[],"seriesId":"6EBfsFV_3EqMK8x9C1vHew"},{"id":"qlEBu5JWW0SaDkAVQ4n1rg","type":"Vod","title":"Border Security: Canada","subtitle":"Aflevering 22","description":"De Verenigde Staten is misschien wel de echte bestemming van een nerveuze Mexicaanse reiziger. Een gigantische r\u00f6ntgenmachine vindt een vreemde vorm in een zeecontainer.","formattedEpisodeNumbering":null,"formattedDate":"Za 3 jul. 2021","formattedDateShort":"Jul. 2021","formattedTime":"19:30","formattedDuration":"21m","formattedAvailabilityWindow":"Nog 6 dagen beschikbaar","formattedAvailabilityWindowShort":"Nog 6 d. beschikbaar","image":{"portraitUrl":null,"landscapeUrl":"https:\/\/images.nlziet.nl\/metadataimportimages\/source\/C5A578FAEA07037FA256386AFE2392965605A4C55D037367FC911064A6C95176.jpg"},"logo":{"normalUrl":"https:\/\/cdn.nlziet.nl\/static\/assets\/contentproviders\/sbs.png","darkUrl":"https:\/\/cdn.nlziet.nl\/static\/assets\/contentproviders\/dark\/sbs.png","flatUrl":"https:\/\/cdn.nlziet.nl\/static\/assets\/contentproviders\/flat\/sbs.png"},"tags":[],"seriesId":"6EBfsFV_3EqMK8x9C1vHew"},{"id":"fRBRl-nNskay7qsvUiuxHA","type":"Vod","title":"Border Security: Canada","subtitle":"Aflevering 21","description":"De hondeneenheid van Halifax heeft succes. Een Amerikaan ontdekt dat ze een vriend in hoge kringen heeft. De postbeambten van Vancouver vermoeden dat drinkpakjes meer dan alleen sap bevatten. Een Amerikaanse roadie heeft moeite met het produceren van werkpapieren en een reiziger die eerder betrapt was op illegaal werken in Canada, keert terug.","formattedEpisodeNumbering":null,"formattedDate":"Za 3 jul. 2021","formattedDateShort":"Jul. 2021","formattedTime":"19:01","formattedDuration":"21m","formattedAvailabilityWindow":"Nog 6 dagen beschikbaar","formattedAvailabilityWindowShort":"Nog 6 d. beschikbaar","image":{"portraitUrl":null,"landscapeUrl":"https:\/\/images.nlziet.nl\/metadataimportimages\/source\/EBF4F09A7CDFEB2D1A1AC00BF0C1C525EB16CCA1D700AB852629296944871DE8.jpg"},"logo":{"normalUrl":"https:\/\/cdn.nlziet.nl\/static\/assets\/contentproviders\/sbs.png","darkUrl":"https:\/\/cdn.nlziet.nl\/static\/assets\/contentproviders\/dark\/sbs.png","flatUrl":"https:\/\/cdn.nlziet.nl\/static\/assets\/contentproviders\/flat\/sbs.png"},"tags":[],"seriesId":"6EBfsFV_3EqMK8x9C1vHew"},{"id":"SBtF7eAg_EyPwZe_igYTqg","type":"Vod","title":"Border Security: Canada","subtitle":"Aflevering 20","description":"In Toronto slaagt een student niet voor zijn douane-examen.","formattedEpisodeNumbering":null,"formattedDate":"Za 26 jun. 2021","formattedDateShort":"Jun. 2021","formattedTime":"19:30","formattedDuration":"21m","formattedAvailabilityWindow":null,"formattedAvailabilityWindowShort":null,"image":{"portraitUrl":null,"landscapeUrl":"https:\/\/images.nlziet.nl\/metadataimportimages\/source\/EA9091736B8C1D6F75D1FFCB09E91A4303F5E3A2B10E0F4732A0A6DBB8EEA61B.jpg"},"logo":{"normalUrl":"https:\/\/cdn.nlziet.nl\/static\/assets\/contentproviders\/sbs.png","darkUrl":"https:\/\/cdn.nlziet.nl\/static\/assets\/contentproviders\/dark\/sbs.png","flatUrl":"https:\/\/cdn.nlziet.nl\/static\/assets\/contentproviders\/flat\/sbs.png"},"tags":["NewEpisode"],"seriesId":"6EBfsFV_3EqMK8x9C1vHew"},{"id":"K6MjUiY-SUCQo5BFMn7xcA","type":"Vod","title":"Border Security: Canada","subtitle":"Aflevering 19","description":"In Vancouver keert een reiziger terug van een romantisch afspraakje met een verrassing in haar bagage.","formattedEpisodeNumbering":null,"formattedDate":"Za 26 jun. 2021","formattedDateShort":"Jun. 2021","formattedTime":"19:01","formattedDuration":"21m","formattedAvailabilityWindow":null,"formattedAvailabilityWindowShort":null,"image":{"portraitUrl":null,"landscapeUrl":"https:\/\/images.nlziet.nl\/metadataimportimages\/source\/E76110CDBA8110D24D1988F31D760E028547AF617112FA761AD8B391C1C7C5AF.jpg"},"logo":{"normalUrl":"https:\/\/cdn.nlziet.nl\/static\/assets\/contentproviders\/sbs.png","darkUrl":"https:\/\/cdn.nlziet.nl\/static\/assets\/contentproviders\/dark\/sbs.png","flatUrl":"https:\/\/cdn.nlziet.nl\/static\/assets\/contentproviders\/flat\/sbs.png"},"tags":["NewEpisode"],"seriesId":"6EBfsFV_3EqMK8x9C1vHew"},{"id":"NIcM7aJ8s0mvKNBEmjfhvQ","type":"Vod","title":"Border Security: Canada","subtitle":"Aflevering 18","description":"Agenten pikken een uitgaande zeecontainer op weg naar Azi\u00eb eruit. Een Tunesische Canadees keert terug na een familiebezoek in Afrika, terwijl een drietal Amerikanen juist aankomt om hun familie te bezoeken.","formattedEpisodeNumbering":null,"formattedDate":"Za 19 jun. 2021","formattedDateShort":"Jun. 2021","formattedTime":"19:30","formattedDuration":"21m","formattedAvailabilityWindow":null,"formattedAvailabilityWindowShort":null,"image":{"portraitUrl":null,"landscapeUrl":"https:\/\/images.nlziet.nl\/metadataimportimages\/source\/6EC981AB0F27DAC683E52AD176C09BEF793AEFB32B09B39E4730A18AA7347A9E.jpg"},"logo":{"normalUrl":"https:\/\/cdn.nlziet.nl\/static\/assets\/contentproviders\/sbs.png","darkUrl":"https:\/\/cdn.nlziet.nl\/static\/assets\/contentproviders\/dark\/sbs.png","flatUrl":"https:\/\/cdn.nlziet.nl\/static\/assets\/contentproviders\/flat\/sbs.png"},"tags":[],"seriesId":"6EBfsFV_3EqMK8x9C1vHew"},{"id":"mGvPEwX5P0O3IScRd3n0iA","type":"Vod","title":"Border Security: Canada","subtitle":"Aflevering 17","description":"Een Amerikaan die op doorreis is, wordt in Canada aangehouden. Iemand importeert een motorfiets gekocht in de Verenigde Staten. Een Canadees die terugkeert uit het Verenigd Koninkrijk is zijn bagage kwijtgeraakt.","formattedEpisodeNumbering":null,"formattedDate":"Za 19 jun. 2021","formattedDateShort":"Jun. 2021","formattedTime":"19:00","formattedDuration":"21m","formattedAvailabilityWindow":null,"formattedAvailabilityWindowShort":null,"image":{"portraitUrl":"https:\/\/images.nlziet.nl\/metadataimportimages\/source\/3331270C135E12EDD57034B4C23E636E784F9A2BECD6BFCC02C93A30BC547F71.jpg","landscapeUrl":"https:\/\/images.nlziet.nl\/metadataimportimages\/source\/3BAE4FC9BE7142F317E6A6040D86FC14832C3C463B30D43289DA0DA7068E4647.jpg"},"logo":{"normalUrl":"https:\/\/cdn.nlziet.nl\/static\/assets\/contentproviders\/sbs.png","darkUrl":"https:\/\/cdn.nlziet.nl\/static\/assets\/contentproviders\/dark\/sbs.png","flatUrl":"https:\/\/cdn.nlziet.nl\/static\/assets\/contentproviders\/flat\/sbs.png"},"tags":[],"seriesId":"6EBfsFV_3EqMK8x9C1vHew"},{"id":"hEjSimoITE2spLrudtSNQg","type":"Vod","title":"Border Security: Canada","subtitle":"Aflevering 16","description":"De agenten begroeten een bezoeker uit Mexico. Een Canadees keert terug van een feest in Panama, terwijl een inspectie van een postpakket tot een grimmige ontdekking leidt.","formattedEpisodeNumbering":null,"formattedDate":"Za 12 jun. 2021","formattedDateShort":"Jun. 2021","formattedTime":"19:30","formattedDuration":"21m","formattedAvailabilityWindow":null,"formattedAvailabilityWindowShort":null,"image":{"portraitUrl":"https:\/\/images.nlziet.nl\/metadataimportimages\/source\/584EB3AB043573E92B686E8A178C30104BCEAA9FE353AA43EE884D85E54785D4.jpg","landscapeUrl":"https:\/\/images.nlziet.nl\/metadataimportimages\/source\/63A770725EA104690F094A627CD2D548DDFCAE539B9B8472001E294B74D44FB3.jpg"},"logo":{"normalUrl":"https:\/\/cdn.nlziet.nl\/static\/assets\/contentproviders\/sbs.png","darkUrl":"https:\/\/cdn.nlziet.nl\/static\/assets\/contentproviders\/dark\/sbs.png","flatUrl":"https:\/\/cdn.nlziet.nl\/static\/assets\/contentproviders\/flat\/sbs.png"},"tags":[],"seriesId":"6EBfsFV_3EqMK8x9C1vHew"},{"id":"TiPZ_ZBQC0C-77dRDI-l0g","type":"Vod","title":"Border Security: Canada","subtitle":"Aflevering 15","description":"Niet-aangegeven voedsel leidt tot nader onderzoek. Een Amerikaanse truck wordt geselecteerd voor inspectie en een Filipijnse reiziger komt aan voor een langdurig bezoek.","formattedEpisodeNumbering":null,"formattedDate":"Za 12 jun. 2021","formattedDateShort":"Jun. 2021","formattedTime":"19:01","formattedDuration":"21m","formattedAvailabilityWindow":null,"formattedAvailabilityWindowShort":null,"image":{"portraitUrl":"https:\/\/images.nlziet.nl\/metadataimportimages\/source\/8492486F631A1B1B7679EF0F6A5C72D0269B2C2C4F24EF7F692E715EE855D565.jpg","landscapeUrl":"https:\/\/images.nlziet.nl\/metadataimportimages\/source\/3070FAFCFEF57948613A07B61B107E9971950D3C3C6237A12D13A98B64AEBE55.jpg"},"logo":{"normalUrl":"https:\/\/cdn.nlziet.nl\/static\/assets\/contentproviders\/sbs.png","darkUrl":"https:\/\/cdn.nlziet.nl\/static\/assets\/contentproviders\/dark\/sbs.png","flatUrl":"https:\/\/cdn.nlziet.nl\/static\/assets\/contentproviders\/flat\/sbs.png"},"tags":[],"seriesId":"6EBfsFV_3EqMK8x9C1vHew"},{"id":"58as6u9WiE-KSTZ4v2aekA","type":"Vod","title":"Border Security: Canada","subtitle":"Aflevering 14","description":"Een Amerikaanse leraar gaat op visreis, terwijl een harige, niet-aangegeven metgezel voor problemen zorgt. Een Amerikaan belandt in de problemen door enkele gebakken lekkernijen.","formattedEpisodeNumbering":null,"formattedDate":"Za 5 jun. 2021","formattedDateShort":"Jun. 2021","formattedTime":"19:30","formattedDuration":"21m","formattedAvailabilityWindow":null,"formattedAvailabilityWindowShort":null,"image":{"portraitUrl":null,"landscapeUrl":"https:\/\/images.nlziet.nl\/metadataimportimages\/source\/C200DD31C399231B1DC190B542988ACD93A2868E62CF0012291017228B412665.jpg"},"logo":{"normalUrl":"https:\/\/cdn.nlziet.nl\/static\/assets\/contentproviders\/sbs.png","darkUrl":"https:\/\/cdn.nlziet.nl\/static\/assets\/contentproviders\/dark\/sbs.png","flatUrl":"https:\/\/cdn.nlziet.nl\/static\/assets\/contentproviders\/flat\/sbs.png"},"tags":[],"seriesId":"6EBfsFV_3EqMK8x9C1vHew"},{"id":"h-E3mFDJQEKee_0xPeCI9Q","type":"Vod","title":"Border Security: Canada","subtitle":"Aflevering 13","description":"Een declaratie van veertig dollar doet alarmbellen rinkelen. Agenten houden zich bezig met terugkerende feestgangers, terwijl een Amerikaanse reiziger op de harde manier erachter komt dat eerlijkheid het langst duurt. Agenten inspecteren een tijdschrift uit China.","formattedEpisodeNumbering":null,"formattedDate":"Za 5 jun. 2021","formattedDateShort":"Jun. 2021","formattedTime":"19:00","formattedDuration":"21m","formattedAvailabilityWindow":null,"formattedAvailabilityWindowShort":null,"image":{"portraitUrl":"https:\/\/images.nlziet.nl\/metadataimportimages\/source\/9A78497B235544AF862B62C688C024C1D9884953AC4C48A208AD01909B0005CD.jpg","landscapeUrl":"https:\/\/images.nlziet.nl\/metadataimportimages\/source\/C8690F3F1688D75EB72E35A09F0129934D0023C9C1F4101877780E76DA0395EF.jpg"},"logo":{"normalUrl":"https:\/\/cdn.nlziet.nl\/static\/assets\/contentproviders\/sbs.png","darkUrl":"https:\/\/cdn.nlziet.nl\/static\/assets\/contentproviders\/dark\/sbs.png","flatUrl":"https:\/\/cdn.nlziet.nl\/static\/assets\/contentproviders\/flat\/sbs.png"},"tags":[],"seriesId":"6EBfsFV_3EqMK8x9C1vHew"},{"id":"ybau9urh2UucZ2kpwLHf6Q","type":"Vod","title":"Border Security: Canada","subtitle":"Aflevering 12","description":"Een declaratie van veertig dollar doen alarmbellen rinkelen. Agenten houden zich bezig met terugkerende feestgangers, terwijl een Amerikaanse reiziger op de harde manier erachter komt dat eerlijkheid het langst duurt. Agenten inspecteren een tijdschrift uit China.","formattedEpisodeNumbering":null,"formattedDate":"Za 5 jun. 2021","formattedDateShort":"Jun. 2021","formattedTime":"18:30","formattedDuration":"21m","formattedAvailabilityWindow":null,"formattedAvailabilityWindowShort":null,"image":{"portraitUrl":"https:\/\/images.nlziet.nl\/metadataimportimages\/source\/5A8DE842F31B48AF83267914F2FD36B26229DD22742D8B0E7BD695B3A5DB58D6.jpg","landscapeUrl":"https:\/\/images.nlziet.nl\/metadataimportimages\/source\/33A2B10DEF7537E3290D1A772ED6F2C673E71B8DFA2773802EAAE789E2E9658C.jpg"},"logo":{"normalUrl":"https:\/\/cdn.nlziet.nl\/static\/assets\/contentproviders\/sbs.png","darkUrl":"https:\/\/cdn.nlziet.nl\/static\/assets\/contentproviders\/dark\/sbs.png","flatUrl":"https:\/\/cdn.nlziet.nl\/static\/assets\/contentproviders\/flat\/sbs.png"},"tags":[],"seriesId":"6EBfsFV_3EqMK8x9C1vHew"},{"id":"WnYl36IIpEm4QWfCfwNy-w","type":"Vod","title":"Border Security: Canada","subtitle":"Aflevering 11","description":"De persoonlijke bezittingen van een zakenvrouw wekken argwaan. Het bemanningslid van een vrachtschip wordt betrapt op het verbergen van voorwerpen en de camper van een poppenspeler wordt doorzocht.","formattedEpisodeNumbering":null,"formattedDate":"Za 5 jun. 2021","formattedDateShort":"Jun. 2021","formattedTime":"18:00","formattedDuration":"21m","formattedAvailabilityWindow":null,"formattedAvailabilityWindowShort":null,"image":{"portraitUrl":null,"landscapeUrl":"https:\/\/images.nlziet.nl\/metadataimportimages\/source\/D5319955A79610CBA2A8ACA14A94299514CB95498DED91972D211DEF9FF20FCA.jpg"},"logo":{"normalUrl":"https:\/\/cdn.nlziet.nl\/static\/assets\/contentproviders\/sbs.png","darkUrl":"https:\/\/cdn.nlziet.nl\/static\/assets\/contentproviders\/dark\/sbs.png","flatUrl":"https:\/\/cdn.nlziet.nl\/static\/assets\/contentproviders\/flat\/sbs.png"},"tags":[],"seriesId":"6EBfsFV_3EqMK8x9C1vHew"},{"id":"T0qI73gKjEKFs5XPW5fJ1g","type":"Vod","title":"Border Security: Canada","subtitle":"Aflevering 9","description":"Een chef-kok heeft weinig geld en geen retourticket. Verkeerde serienummers zitten in een zending van wapens. De last-minute boeking van een reisagent doet alarmbellen rinkelen en een booteigenaar meldt zich niet bij de Canadese grensdienst.","formattedEpisodeNumbering":null,"formattedDate":"Za 29 mei. 2021","formattedDateShort":"Mei. 2021","formattedTime":"19:00","formattedDuration":"21m","formattedAvailabilityWindow":null,"formattedAvailabilityWindowShort":null,"image":{"portraitUrl":"https:\/\/images.nlziet.nl\/metadataimportimages\/source\/45EE7B230942BF1C0B6A016AF323E02ACFF6F33B5156FF7AA4281D27CF4D9E4A.jpg","landscapeUrl":"https:\/\/images.nlziet.nl\/metadataimportimages\/source\/89DA3AF5812FFBBB9F6DF1D34B7959EE00697BEE32A37075CBEA6A563752CCF9.jpg"},"logo":{"normalUrl":"https:\/\/cdn.nlziet.nl\/static\/assets\/contentproviders\/sbs.png","darkUrl":"https:\/\/cdn.nlziet.nl\/static\/assets\/contentproviders\/dark\/sbs.png","flatUrl":"https:\/\/cdn.nlziet.nl\/static\/assets\/contentproviders\/flat\/sbs.png"},"tags":[],"seriesId":"6EBfsFV_3EqMK8x9C1vHew"},{"id":"lCaPRwu_p06VStTg7hrF0w","type":"Vod","title":"Border Security: Canada","subtitle":"Aflevering 8","description":"Agenten ondervragen een nerveuze reiziger. Reizigers uit Hongarije hebben enkele niet-aangegeven metgezellen.","formattedEpisodeNumbering":null,"formattedDate":"Za 29 mei. 2021","formattedDateShort":"Mei. 2021","formattedTime":"18:30","formattedDuration":"21m","formattedAvailabilityWindow":null,"formattedAvailabilityWindowShort":null,"image":{"portraitUrl":"https:\/\/images.nlziet.nl\/metadataimportimages\/source\/9DAD99DBB077D30C517E0740B0D2008475A9BF363189F3778DC7CF104A1EE269.jpg","landscapeUrl":"https:\/\/images.nlziet.nl\/metadataimportimages\/source\/4C348B10CE2B5915D25F66FEF5FE91C993E697D7A9C5C9A45A1D73E2703480C8.jpg"},"logo":{"normalUrl":"https:\/\/cdn.nlziet.nl\/static\/assets\/contentproviders\/sbs.png","darkUrl":"https:\/\/cdn.nlziet.nl\/static\/assets\/contentproviders\/dark\/sbs.png","flatUrl":"https:\/\/cdn.nlziet.nl\/static\/assets\/contentproviders\/flat\/sbs.png"},"tags":[],"seriesId":"6EBfsFV_3EqMK8x9C1vHew"},{"id":"ph21FJgny0aEjDdlF3XHDw","type":"Vod","title":"Border Security: Canada","subtitle":"Aflevering 7","description":"Een bulkvrachtschip wordt doorzocht op smokkelwaar. Enkele grote postzendingen worden grondig ge\u00efnspecteerd. Twee Mexicaanse broers die op vakantie zijn, worden voor binnenkomst ondervraagd.","formattedEpisodeNumbering":null,"formattedDate":"Za 29 mei. 2021","formattedDateShort":"Mei. 2021","formattedTime":"18:01","formattedDuration":"21m","formattedAvailabilityWindow":null,"formattedAvailabilityWindowShort":null,"image":{"portraitUrl":"https:\/\/images.nlziet.nl\/metadataimportimages\/source\/4305E6182A7B57F7D578B20483CDE249738B107065E1101897FD116211572D39.jpg","landscapeUrl":"https:\/\/images.nlziet.nl\/metadataimportimages\/source\/BEBB5143654E62C0E48D02A42DB0C55407A830A0FD41C7C83B7F06944A6E9C6C.jpg"},"logo":{"normalUrl":"https:\/\/cdn.nlziet.nl\/static\/assets\/contentproviders\/sbs.png","darkUrl":"https:\/\/cdn.nlziet.nl\/static\/assets\/contentproviders\/dark\/sbs.png","flatUrl":"https:\/\/cdn.nlziet.nl\/static\/assets\/contentproviders\/flat\/sbs.png"},"tags":[],"seriesId":"6EBfsFV_3EqMK8x9C1vHew"},{"id":"b60p9rHWEUKSrputz7ztNw","type":"Vod","title":"Border Security: Canada","subtitle":"Aflevering 6","description":"Een reiziger heeft koffers vol verrassingen. Een Canadees stel keert terug naar huis met een trofee. Twee Amerikanen slepen de boot van hun vriend naar Alaska.","formattedEpisodeNumbering":null,"formattedDate":"Za 22 mei. 2021","formattedDateShort":"Mei. 2021","formattedTime":"19:30","formattedDuration":"21m","formattedAvailabilityWindow":null,"formattedAvailabilityWindowShort":null,"image":{"portraitUrl":"https:\/\/images.nlziet.nl\/metadataimportimages\/source\/95D057F49F22F1E8C89B84D8E4C5713AE04DE7FEFC42CD744DE87935B3B7A678.jpg","landscapeUrl":"https:\/\/images.nlziet.nl\/metadataimportimages\/source\/9764BC8712EC3866A4F9CE7BBFC059911DCB26C3188859962DE19A5F65059537.jpg"},"logo":{"normalUrl":"https:\/\/cdn.nlziet.nl\/static\/assets\/contentproviders\/sbs.png","darkUrl":"https:\/\/cdn.nlziet.nl\/static\/assets\/contentproviders\/dark\/sbs.png","flatUrl":"https:\/\/cdn.nlziet.nl\/static\/assets\/contentproviders\/flat\/sbs.png"},"tags":[],"seriesId":"6EBfsFV_3EqMK8x9C1vHew"},{"id":"sPK201v6zki-H7BRYAETCA","type":"Vod","title":"Border Security: Canada","subtitle":"Aflevering 5","description":"Luchthavenmedewerkers vinden qat in een tas. Berichten op de telefoon van een reiziger wekken argwaan.","formattedEpisodeNumbering":null,"formattedDate":"Za 22 mei. 2021","formattedDateShort":"Mei. 2021","formattedTime":"19:00","formattedDuration":"21m","formattedAvailabilityWindow":null,"formattedAvailabilityWindowShort":null,"image":{"portraitUrl":"https:\/\/images.nlziet.nl\/metadataimportimages\/source\/237E5FF03D7BD4C5E440F1A724F4A70B119419E50A61C06C00AC76C74CCA76FB.jpg","landscapeUrl":"https:\/\/images.nlziet.nl\/metadataimportimages\/source\/F34483A335CCA4BAC48FFE2617548CBC82522F4B517BFA892E5768C50C259AE5.jpg"},"logo":{"normalUrl":"https:\/\/cdn.nlziet.nl\/static\/assets\/contentproviders\/sbs.png","darkUrl":"https:\/\/cdn.nlziet.nl\/static\/assets\/contentproviders\/dark\/sbs.png","flatUrl":"https:\/\/cdn.nlziet.nl\/static\/assets\/contentproviders\/flat\/sbs.png"},"tags":[],"seriesId":"6EBfsFV_3EqMK8x9C1vHew"},{"id":"zldzvy7CVESo_cawvn5KMw","type":"Vod","title":"Border Security: Canada","subtitle":"Aflevering 4","description":"Eerlijkheid duurt het langst, zelfs voor ex-oplichters. De trailer van een Amerikaans echtpaar dat naar Alaska verhuist, wordt doorzocht.","formattedEpisodeNumbering":null,"formattedDate":"Za 22 mei. 2021","formattedDateShort":"Mei. 2021","formattedTime":"18:30","formattedDuration":"21m","formattedAvailabilityWindow":null,"formattedAvailabilityWindowShort":null,"image":{"portraitUrl":"https:\/\/images.nlziet.nl\/metadataimportimages\/source\/E58AECAF2E197E6F37DABF0E9826E2990E45BDCD30235BE66C25C1D89E3B77AD.jpg","landscapeUrl":"https:\/\/images.nlziet.nl\/metadataimportimages\/source\/1F023EF75F033822FF90D4AD8B9DE1A178E3707CBD170428F4AFFCE51BC77AEF.jpg"},"logo":{"normalUrl":"https:\/\/cdn.nlziet.nl\/static\/assets\/contentproviders\/sbs.png","darkUrl":"https:\/\/cdn.nlziet.nl\/static\/assets\/contentproviders\/dark\/sbs.png","flatUrl":"https:\/\/cdn.nlziet.nl\/static\/assets\/contentproviders\/flat\/sbs.png"},"tags":[],"seriesId":"6EBfsFV_3EqMK8x9C1vHew"},{"id":"hICKi-3fc02q65kF6Ga1xg","type":"Vod","title":"Border Security: Canada","subtitle":"Aflevering 3","description":"Twee longboarders komen niet over de grens. Het neppe verhaal van een reiziger wordt ontmaskerd. Een zeeman heeft meer dan alleen centen op zak en de levensstijl van een rocker roept een aantal vragen op.","formattedEpisodeNumbering":null,"formattedDate":"Za 22 mei. 2021","formattedDateShort":"Mei. 2021","formattedTime":"18:00","formattedDuration":"21m","formattedAvailabilityWindow":null,"formattedAvailabilityWindowShort":null,"image":{"portraitUrl":"https:\/\/images.nlziet.nl\/metadataimportimages\/source\/1B639D4D3AB07F60429FCD412B4E5CCE90DCD5D0EE855C10F1AC05E6D75FA31B.jpg","landscapeUrl":"https:\/\/images.nlziet.nl\/metadataimportimages\/source\/674C629F9AF169992834AD3B73CFA43C9EC534354772E52338B87B990B9D5494.jpg"},"logo":{"normalUrl":"https:\/\/cdn.nlziet.nl\/static\/assets\/contentproviders\/sbs.png","darkUrl":"https:\/\/cdn.nlziet.nl\/static\/assets\/contentproviders\/dark\/sbs.png","flatUrl":"https:\/\/cdn.nlziet.nl\/static\/assets\/contentproviders\/flat\/sbs.png"},"tags":[],"seriesId":"6EBfsFV_3EqMK8x9C1vHew"},{"id":"1Md5I0nTs0KUVbYqX9dlIA","type":"Vod","title":"Border Security: Canada","subtitle":"Aflevering 2","description":"Het vreemde gedrag van een Amerikaanse reiziger trekt de aandacht.","formattedEpisodeNumbering":null,"formattedDate":"Za 15 mei. 2021","formattedDateShort":"Mei. 2021","formattedTime":"19:30","formattedDuration":"21m","formattedAvailabilityWindow":null,"formattedAvailabilityWindowShort":null,"image":{"portraitUrl":"https:\/\/images.nlziet.nl\/metadataimportimages\/source\/D9DE45EFC68653CA63C43AAC7AFB53FA73EAB56B1D271DB1EE8A080FD4D9F111.jpg","landscapeUrl":"https:\/\/images.nlziet.nl\/metadataimportimages\/source\/977761D36BDC61783A65CD95E0DE4D2775F9B092110B0EDC2C0CD583E96FD533.jpg"},"logo":{"normalUrl":"https:\/\/cdn.nlziet.nl\/static\/assets\/contentproviders\/sbs.png","darkUrl":"https:\/\/cdn.nlziet.nl\/static\/assets\/contentproviders\/dark\/sbs.png","flatUrl":"https:\/\/cdn.nlziet.nl\/static\/assets\/contentproviders\/flat\/sbs.png"},"tags":[],"seriesId":"6EBfsFV_3EqMK8x9C1vHew"},{"id":"qNhSIAFukUWnLFQRZYnY6Q","type":"Vod","title":"Border Security: Canada","subtitle":"Aflevering 1","description":"Een reiziger mist twee tassen. Een gunst kan een Amerikaan in problemen brengen, terwijl het postcentrum een plan met verdovende middelen ontdekt.","formattedEpisodeNumbering":null,"formattedDate":"Za 15 mei. 2021","formattedDateShort":"Mei. 2021","formattedTime":"19:00","formattedDuration":"21m","formattedAvailabilityWindow":null,"formattedAvailabilityWindowShort":null,"image":{"portraitUrl":"https:\/\/images.nlziet.nl\/metadataimportimages\/source\/0B5D9ABC52057515FD3E9E97E6DA669810C20808B4B7B530C70F995416ECA215.jpg","landscapeUrl":"https:\/\/images.nlziet.nl\/metadataimportimages\/source\/78C7657B33A55305FA051050F082BDCB2364F9AB7142FDC311F6B5C64744D0B0.jpg"},"logo":{"normalUrl":"https:\/\/cdn.nlziet.nl\/static\/assets\/contentproviders\/sbs.png","darkUrl":"https:\/\/cdn.nlziet.nl\/static\/assets\/contentproviders\/dark\/sbs.png","flatUrl":"https:\/\/cdn.nlziet.nl\/static\/assets\/contentproviders\/flat\/sbs.png"},"tags":[],"seriesId":"6EBfsFV_3EqMK8x9C1vHew"}]