[{"id":"h_33yn8rAEe6TWYp1EV2bw","type":"Vod","title":"Opium","subtitle":"Opium","description":"AVROTROS - Vanavond ontvangt Cornald Maas gasten voor wie 2014 een memorabel jaar was. Acteur Maarten Heijmans won een Gouden Kalf voor z'n rol in de AVROTROS-dramaserie Ramses. Actrice Abbey Hoes kreeg een Kalf voor haar rol in de film Nena. Acteur Jacob Derwig werd gelauwerd met de Louis d'Or voor z'n rol in Who's afraid of Virginia Woolf. En Michiel van Erp won als regisseur van Ramses o.a. De Zilveren Nipkowschijf en de Prix Europa in Berlijn. De Common Linnets werden na een tweede plaats op het Eurovisie Songfestival onder meer onderscheiden met de European Border Breakers Award, een Europese muziekprijs voor veelbelovende artiesten die succesvol zijn buiten de eigen landsgrenzen. De Linnets verzorgen een muzikaal optreden, evenals Maarten Heijmans met eigen band.","formattedEpisodeNumbering":null,"formattedDate":"Za 20 dec. 2014","formattedDateShort":"Dec. 2014","formattedTime":"22:38","formattedDuration":"41m","formattedAvailabilityWindow":null,"formattedAvailabilityWindowShort":null,"image":{"portraitUrl":null,"landscapeUrl":"https:\/\/images.nlziet.nl\/metadataimportimages\/source\/4B5743E1B2101B6C83FA83D7175679BF886B3A9B1E534E557BC794D6D1708CA3.jpg"},"logo":{"normalUrl":"https:\/\/cdn.nlziet.nl\/static\/assets\/contentproviders\/npo.png","darkUrl":"https:\/\/cdn.nlziet.nl\/static\/assets\/contentproviders\/dark\/npo.png","flatUrl":"https:\/\/cdn.nlziet.nl\/static\/assets\/contentproviders\/flat\/npo.png"},"tags":[],"seriesId":"7oS5hd32DEWWXbtt1fB8bA"},{"id":"eRkimR_LP0O0SEHIhgEVdA","type":"Vod","title":"Opium","subtitle":"Opium","description":"AVROTROS - Ze mag dan bijna 20 jaar niet meer onder ons zijn, haar werk is springlevend. De vrolijke avonturenfilm 'Wiplala' draait volop in de bioscopen; de dichtbundel 'Die van die van u', waarin voor het eerst Schmidts gedichten voor kinderen en volwassenen zijn gebundeld, is een van de best verkochte boeken van 2014; de toneelbewerking van het avonturenboek 'Minoes' is voor het eerst in het theater te zien en in januari gaat de musical 'Heerlijk duurt het langst' in premi\u00e8re. Cornald Maas ontvangt 'Annie-bewonderaars', onder wie actrice en zangeres Jenny Arean, schrijfster Nelleke Noordervliet en de regisseurs Tim Oliehoek (Film Wiplala) en Geert Lageveen (Toneelstuk Minoes). Sopraan Lone van Roosendaal brengt het lied 'Zeur niet' uit Heerlijk duurt het langst ten gehore en de cast van Minoes verzorgt een exclusief optreden.","formattedEpisodeNumbering":null,"formattedDate":"Za 13 dec. 2014","formattedDateShort":"Dec. 2014","formattedTime":"22:38","formattedDuration":"40m","formattedAvailabilityWindow":null,"formattedAvailabilityWindowShort":null,"image":{"portraitUrl":null,"landscapeUrl":"https:\/\/images.nlziet.nl\/metadataimportimages\/source\/A83A8000E6DB4C24E4B13BEEA8C449547C687F46822B5CDDE26A31EC9F11DCDB.jpg"},"logo":{"normalUrl":"https:\/\/cdn.nlziet.nl\/static\/assets\/contentproviders\/npo.png","darkUrl":"https:\/\/cdn.nlziet.nl\/static\/assets\/contentproviders\/dark\/npo.png","flatUrl":"https:\/\/cdn.nlziet.nl\/static\/assets\/contentproviders\/flat\/npo.png"},"tags":[],"seriesId":"7oS5hd32DEWWXbtt1fB8bA"},{"id":"kB8jThHAvE6Drxa3gtPLKQ","type":"Vod","title":"Opium","subtitle":"Opium","description":"AVROTROS - Een gesprek met Paul de Leeuw, harpist Remy van Kesteren en weduwnaar Kristof Rutsaert over de artistieke nalatenschap van Robert Long. Daarnaast praat Maas met jonge theatermakers uit Syri\u00eb, Bosni\u00eb en Iran die naar Nederland kwamen en hun levensverhalen vertellen in de voorstelling Nobody Home. Sportpresentator Henry Schut geeft zijn commentaar op het culturele nieuws en een optreden van Alex Klaasen en het Mantangi Kwartet, later deze maand eenmalig te bewonderen in Het Concertgebouw.","formattedEpisodeNumbering":null,"formattedDate":"Za 6 dec. 2014","formattedDateShort":"Dec. 2014","formattedTime":"22:38","formattedDuration":"42m","formattedAvailabilityWindow":null,"formattedAvailabilityWindowShort":null,"image":{"portraitUrl":null,"landscapeUrl":"https:\/\/images.nlziet.nl\/metadataimportimages\/source\/D7476DCC0EDEC629519679FB46D8DE671BDDE874EF90A4D065CBCBFDC79478BB.jpg"},"logo":{"normalUrl":"https:\/\/cdn.nlziet.nl\/static\/assets\/contentproviders\/npo.png","darkUrl":"https:\/\/cdn.nlziet.nl\/static\/assets\/contentproviders\/dark\/npo.png","flatUrl":"https:\/\/cdn.nlziet.nl\/static\/assets\/contentproviders\/flat\/npo.png"},"tags":[],"seriesId":"7oS5hd32DEWWXbtt1fB8bA"},{"id":"EcqEYhBNi028_I0WQiPsfQ","type":"Vod","title":"Opium","subtitle":"Opium","description":null,"formattedEpisodeNumbering":null,"formattedDate":"Za 29 nov. 2014","formattedDateShort":"Nov. 2014","formattedTime":"22:38","formattedDuration":"40m","formattedAvailabilityWindow":null,"formattedAvailabilityWindowShort":null,"image":{"portraitUrl":null,"landscapeUrl":"https:\/\/images.nlziet.nl\/metadataimportimages\/source\/DE47225577D4E7E647C2A677CB90417C09110BB538A139819530A4A854E0143E.jpg"},"logo":{"normalUrl":"https:\/\/cdn.nlziet.nl\/static\/assets\/contentproviders\/npo.png","darkUrl":"https:\/\/cdn.nlziet.nl\/static\/assets\/contentproviders\/dark\/npo.png","flatUrl":"https:\/\/cdn.nlziet.nl\/static\/assets\/contentproviders\/flat\/npo.png"},"tags":[],"seriesId":"7oS5hd32DEWWXbtt1fB8bA"},{"id":"pNrzG_vf10WugoYOexxYww","type":"Vod","title":"Opium","subtitle":"Opium","description":"AVROTROS - Acteur Henk Poort en komiek Karel de Rooij, beter bekend als Mini, brengen een ode aan Dorus. Binnenkort gaat de musical Een avond met Dorus in premi\u00e8re. Schrijver Maartje Wortel en dichter Menno Wigman over de hernieuwde aandacht voor het werk van auteur Jan Arends en cabareti\u00e8re Claudia de Breij met haar blik op het culturele nieuws. En een muzikaal optreden van Taymir.","formattedEpisodeNumbering":null,"formattedDate":"Za 22 nov. 2014","formattedDateShort":"Nov. 2014","formattedTime":"22:40","formattedDuration":"41m","formattedAvailabilityWindow":null,"formattedAvailabilityWindowShort":null,"image":{"portraitUrl":null,"landscapeUrl":"https:\/\/images.nlziet.nl\/metadataimportimages\/source\/AFB7B9DBBDF7BFA95D2FCA515C4658CC80CFB6938464C2EF59813DA52AE52020.jpg"},"logo":{"normalUrl":"https:\/\/cdn.nlziet.nl\/static\/assets\/contentproviders\/npo.png","darkUrl":"https:\/\/cdn.nlziet.nl\/static\/assets\/contentproviders\/dark\/npo.png","flatUrl":"https:\/\/cdn.nlziet.nl\/static\/assets\/contentproviders\/flat\/npo.png"},"tags":[],"seriesId":"7oS5hd32DEWWXbtt1fB8bA"},{"id":"ohyugS0J7UK8shswV8AFkw","type":"Vod","title":"Opium","subtitle":"Opium","description":"AVROTROS - Vanavond ontvangt Cornald Maas acteurs Jacqueline Blom en Hajo Bruins over de 'bittere' komedie Welkom in de Familie. Sharon Kovacs over de IDFA- film Wolflady, een muzikale zoektocht door deze jonge, veelbelovende zangeres. Waldemar Torenstra speelt de hoofdrol in de toneelbewerking van Harry Mulisch' bestseller De ontdekking van de hemel. Zijn blik op het culturele nieuws. En een muzikaal optreden van Miss Montreal!","formattedEpisodeNumbering":null,"formattedDate":"Za 15 nov. 2014","formattedDateShort":"Nov. 2014","formattedTime":"22:35","formattedDuration":"41m","formattedAvailabilityWindow":null,"formattedAvailabilityWindowShort":null,"image":{"portraitUrl":null,"landscapeUrl":"https:\/\/images.nlziet.nl\/metadataimportimages\/source\/0BAB6FE8C502CDB696D6DCE9D8B48EB7F00CB173BA45E37E90031E92C39066E7.jpg"},"logo":{"normalUrl":"https:\/\/cdn.nlziet.nl\/static\/assets\/contentproviders\/npo.png","darkUrl":"https:\/\/cdn.nlziet.nl\/static\/assets\/contentproviders\/dark\/npo.png","flatUrl":"https:\/\/cdn.nlziet.nl\/static\/assets\/contentproviders\/flat\/npo.png"},"tags":[],"seriesId":"7oS5hd32DEWWXbtt1fB8bA"},{"id":"235dpQPcrEa_H6rBf5d_xA","type":"Vod","title":"Opium","subtitle":"Arnon Grunberg Special","description":"AVROTROS - Precies 20 jaar geleden verscheen z'n debuutroman Blauwe Maandagen. Portret van de even eigenzinnige als succesvolle romancier, essayist en columnist Arnon Grunberg. Met special aandacht voor de jaren die aan z'n doorbraak vooraf gingen.","formattedEpisodeNumbering":null,"formattedDate":"Za 8 nov. 2014","formattedDateShort":"Nov. 2014","formattedTime":"22:34","formattedDuration":"40m","formattedAvailabilityWindow":null,"formattedAvailabilityWindowShort":null,"image":{"portraitUrl":null,"landscapeUrl":"https:\/\/images.nlziet.nl\/metadataimportimages\/source\/7FCCC0DD3B7CE2416B87776C4A60D5035B0634FB4974F1D10F312635380BD792.jpg"},"logo":{"normalUrl":"https:\/\/cdn.nlziet.nl\/static\/assets\/contentproviders\/npo.png","darkUrl":"https:\/\/cdn.nlziet.nl\/static\/assets\/contentproviders\/dark\/npo.png","flatUrl":"https:\/\/cdn.nlziet.nl\/static\/assets\/contentproviders\/flat\/npo.png"},"tags":[],"seriesId":"7oS5hd32DEWWXbtt1fB8bA"},{"id":"el6rd1v12Ua1lPopRgJpZA","type":"Vod","title":"Opium","subtitle":"Opium","description":null,"formattedEpisodeNumbering":null,"formattedDate":"Za 1 nov. 2014","formattedDateShort":"Nov. 2014","formattedTime":"22:38","formattedDuration":"42m","formattedAvailabilityWindow":null,"formattedAvailabilityWindowShort":null,"image":{"portraitUrl":null,"landscapeUrl":"https:\/\/images.nlziet.nl\/metadataimportimages\/source\/6BCED8A457B84D317ED5C792804A11C31A8120B3ADFC0366E768031C1C2DE919.jpg"},"logo":{"normalUrl":"https:\/\/cdn.nlziet.nl\/static\/assets\/contentproviders\/npo.png","darkUrl":"https:\/\/cdn.nlziet.nl\/static\/assets\/contentproviders\/dark\/npo.png","flatUrl":"https:\/\/cdn.nlziet.nl\/static\/assets\/contentproviders\/flat\/npo.png"},"tags":[],"seriesId":"7oS5hd32DEWWXbtt1fB8bA"},{"id":"coSUrnxYx0CiMo6sFXFJ8A","type":"Vod","title":"Opium","subtitle":"Opium","description":null,"formattedEpisodeNumbering":null,"formattedDate":"Za 25 okt. 2014","formattedDateShort":"Okt. 2014","formattedTime":"22:41","formattedDuration":"41m","formattedAvailabilityWindow":null,"formattedAvailabilityWindowShort":null,"image":{"portraitUrl":null,"landscapeUrl":"https:\/\/images.nlziet.nl\/metadataimportimages\/source\/F6B0E93ACBBC72D9CC0C0399FA1AAAB0CCA2EE56CAD448C6169C8E0E52CB5DF5.jpg"},"logo":{"normalUrl":"https:\/\/cdn.nlziet.nl\/static\/assets\/contentproviders\/npo.png","darkUrl":"https:\/\/cdn.nlziet.nl\/static\/assets\/contentproviders\/dark\/npo.png","flatUrl":"https:\/\/cdn.nlziet.nl\/static\/assets\/contentproviders\/flat\/npo.png"},"tags":[],"seriesId":"7oS5hd32DEWWXbtt1fB8bA"},{"id":"8qBaPVUs6EChfgdbo6AZSg","type":"Vod","title":"Opium","subtitle":"Opium","description":"AVROTROS - Cornald Maas ontvangt mode-ontwerper Mart Visser in Opium TV vanuit het Amsterdamse VondelCS. Hij is te gast omdat er in Museum Jan van der Togt in Amstelveen een expositie te zien is met door hem geschilderde portretten, gecombineerd met topstukken uit zijn couture-archief. Zangeres Fr\u00e9d\u00e9rique Spigt komt praten over haar Medicine Show, 'een magische mix van folk, country en blues gelardeerd met theatrale elementen'. Acteur Roeland Fernhout geeft in Opium TV commentaar op het culturele nieuws. Fernhout schreef mee aan het script voor de kindermusical Waanzinnig Gedroomd die zondag in premi\u00e8re gaat. Daarnaast is er een optreden van de Amerikaanse zangeres Chi Coltrane. Met Go Like Elijah had ze in 1973 een nummer 1 hit in Nederland.","formattedEpisodeNumbering":null,"formattedDate":"Za 18 okt. 2014","formattedDateShort":"Okt. 2014","formattedTime":"22:39","formattedDuration":"40m","formattedAvailabilityWindow":null,"formattedAvailabilityWindowShort":null,"image":{"portraitUrl":null,"landscapeUrl":"https:\/\/images.nlziet.nl\/metadataimportimages\/source\/85E4DCB8578CF61B91910E0318A94F51DB586FF149BE84CBE15105EB78F457D7.jpg"},"logo":{"normalUrl":"https:\/\/cdn.nlziet.nl\/static\/assets\/contentproviders\/npo.png","darkUrl":"https:\/\/cdn.nlziet.nl\/static\/assets\/contentproviders\/dark\/npo.png","flatUrl":"https:\/\/cdn.nlziet.nl\/static\/assets\/contentproviders\/flat\/npo.png"},"tags":[],"seriesId":"7oS5hd32DEWWXbtt1fB8bA"},{"id":"GhxnGP7rCEu4G4hAK6uRRA","type":"Vod","title":"Opium","subtitle":"Opium","description":null,"formattedEpisodeNumbering":null,"formattedDate":"Za 11 okt. 2014","formattedDateShort":"Okt. 2014","formattedTime":"22:34","formattedDuration":"39m","formattedAvailabilityWindow":null,"formattedAvailabilityWindowShort":null,"image":{"portraitUrl":null,"landscapeUrl":"https:\/\/images.nlziet.nl\/metadataimportimages\/source\/F9FB34E8962D197A2FF3860F34728D2E540A90B1EF290B8DBC0FA06D82E45D93.jpg"},"logo":{"normalUrl":"https:\/\/cdn.nlziet.nl\/static\/assets\/contentproviders\/npo.png","darkUrl":"https:\/\/cdn.nlziet.nl\/static\/assets\/contentproviders\/dark\/npo.png","flatUrl":"https:\/\/cdn.nlziet.nl\/static\/assets\/contentproviders\/flat\/npo.png"},"tags":[],"seriesId":"7oS5hd32DEWWXbtt1fB8bA"},{"id":"_JX2dXSD0EqxoU935gmdLw","type":"Vod","title":"Opium","subtitle":"Opium","description":null,"formattedEpisodeNumbering":null,"formattedDate":"Za 4 okt. 2014","formattedDateShort":"Okt. 2014","formattedTime":"22:39","formattedDuration":"40m","formattedAvailabilityWindow":null,"formattedAvailabilityWindowShort":null,"image":{"portraitUrl":null,"landscapeUrl":"https:\/\/images.nlziet.nl\/metadataimportimages\/source\/4C20FE7CA99F456B02909F8716351389BE3CA1141F96A773CC91C398281B9833.jpg"},"logo":{"normalUrl":"https:\/\/cdn.nlziet.nl\/static\/assets\/contentproviders\/npo.png","darkUrl":"https:\/\/cdn.nlziet.nl\/static\/assets\/contentproviders\/dark\/npo.png","flatUrl":"https:\/\/cdn.nlziet.nl\/static\/assets\/contentproviders\/flat\/npo.png"},"tags":[],"seriesId":"7oS5hd32DEWWXbtt1fB8bA"},{"id":"asW_y9yPokqOUgqh-tmsKw","type":"Vod","title":"Opium","subtitle":"Opium","description":null,"formattedEpisodeNumbering":null,"formattedDate":"Za 27 sep. 2014","formattedDateShort":"Sep. 2014","formattedTime":"22:40","formattedDuration":"39m","formattedAvailabilityWindow":null,"formattedAvailabilityWindowShort":null,"image":{"portraitUrl":null,"landscapeUrl":"https:\/\/images.nlziet.nl\/metadataimportimages\/source\/DAA212017883E8829BF04E6F0C3B494AA62E612D2D43ED6A6F31F088A0292E95.jpg"},"logo":{"normalUrl":"https:\/\/cdn.nlziet.nl\/static\/assets\/contentproviders\/npo.png","darkUrl":"https:\/\/cdn.nlziet.nl\/static\/assets\/contentproviders\/dark\/npo.png","flatUrl":"https:\/\/cdn.nlziet.nl\/static\/assets\/contentproviders\/flat\/npo.png"},"tags":[],"seriesId":"7oS5hd32DEWWXbtt1fB8bA"},{"id":"n-6YOBfyzUeW0CHxLy5yXQ","type":"Vod","title":"Opium","subtitle":"Opium","description":null,"formattedEpisodeNumbering":null,"formattedDate":"Za 20 sep. 2014","formattedDateShort":"Sep. 2014","formattedTime":"22:35","formattedDuration":"41m","formattedAvailabilityWindow":null,"formattedAvailabilityWindowShort":null,"image":{"portraitUrl":null,"landscapeUrl":"https:\/\/images.nlziet.nl\/metadataimportimages\/source\/B7D13E562A97BCD30C2F76B195122600153E07AB581783382709C0C9DAD67C94.jpg"},"logo":{"normalUrl":"https:\/\/cdn.nlziet.nl\/static\/assets\/contentproviders\/npo.png","darkUrl":"https:\/\/cdn.nlziet.nl\/static\/assets\/contentproviders\/dark\/npo.png","flatUrl":"https:\/\/cdn.nlziet.nl\/static\/assets\/contentproviders\/flat\/npo.png"},"tags":[],"seriesId":"7oS5hd32DEWWXbtt1fB8bA"},{"id":"cDy64ew-UEmtJMxnOq12JA","type":"Vod","title":"Opium","subtitle":"Opium","description":null,"formattedEpisodeNumbering":null,"formattedDate":"Za 13 sep. 2014","formattedDateShort":"Sep. 2014","formattedTime":"22:37","formattedDuration":"40m","formattedAvailabilityWindow":null,"formattedAvailabilityWindowShort":null,"image":{"portraitUrl":null,"landscapeUrl":"https:\/\/images.nlziet.nl\/metadataimportimages\/source\/D302440389B4EDE4DCD9E3926716FB9AFDA14712B888BE2A29A022488DF35B1D.jpg"},"logo":{"normalUrl":"https:\/\/cdn.nlziet.nl\/static\/assets\/contentproviders\/npo.png","darkUrl":"https:\/\/cdn.nlziet.nl\/static\/assets\/contentproviders\/dark\/npo.png","flatUrl":"https:\/\/cdn.nlziet.nl\/static\/assets\/contentproviders\/flat\/npo.png"},"tags":[],"seriesId":"7oS5hd32DEWWXbtt1fB8bA"},{"id":"SIgQMxltzES1U9CJBH1pNA","type":"Vod","title":"Opium","subtitle":"Opium","description":null,"formattedEpisodeNumbering":null,"formattedDate":"Za 6 sep. 2014","formattedDateShort":"Sep. 2014","formattedTime":"22:39","formattedDuration":"40m","formattedAvailabilityWindow":null,"formattedAvailabilityWindowShort":null,"image":{"portraitUrl":null,"landscapeUrl":"https:\/\/images.nlziet.nl\/metadataimportimages\/source\/268343A38E619E47AB3AEE6C7D71DDB6CB59207BEF13A8989B659065A0F79FE2.jpg"},"logo":{"normalUrl":"https:\/\/cdn.nlziet.nl\/static\/assets\/contentproviders\/npo.png","darkUrl":"https:\/\/cdn.nlziet.nl\/static\/assets\/contentproviders\/dark\/npo.png","flatUrl":"https:\/\/cdn.nlziet.nl\/static\/assets\/contentproviders\/flat\/npo.png"},"tags":[],"seriesId":"7oS5hd32DEWWXbtt1fB8bA"},{"id":"RZGMYxEI6kuHpNRYboDp2A","type":"Vod","title":"Opium","subtitle":"Special Jeroen Krabb\u00e9","description":"AVRO - Portret van acteur en schilder Jeroen Krabb\u00e9. Deze maand keert hij terug op de planken in de voorstelling Vaslav. O.a. zijn drie zoons Martijn, Jasper en Jacob vertellen over hun vader die dit jaar 70 jaar wordt.","formattedEpisodeNumbering":null,"formattedDate":"Zo 18 mei. 2014","formattedDateShort":"Mei. 2014","formattedTime":"18:00","formattedDuration":"39m","formattedAvailabilityWindow":null,"formattedAvailabilityWindowShort":null,"image":{"portraitUrl":null,"landscapeUrl":"https:\/\/images.nlziet.nl\/metadataimportimages\/source\/34DF1E39BBF1B5851A1F11582D5E6D58890B52EC4980B43EEFB57415417639BB.jpg"},"logo":{"normalUrl":"https:\/\/cdn.nlziet.nl\/static\/assets\/contentproviders\/npo.png","darkUrl":"https:\/\/cdn.nlziet.nl\/static\/assets\/contentproviders\/dark\/npo.png","flatUrl":"https:\/\/cdn.nlziet.nl\/static\/assets\/contentproviders\/flat\/npo.png"},"tags":[],"seriesId":"7oS5hd32DEWWXbtt1fB8bA"},{"id":"lkn6Zn-zq0C89L078LeseQ","type":"Vod","title":"Opium","subtitle":"Opium","description":"AVRO - Wat is het favoriete songfestivalliedje van Ilse DeLange en Waylon? En dat van Jan Smit? Cornald Maas, commentator van het Eurovisie Songfestival samen met Jan Smit, legt het aan hen voor in een speciale aflevering van AVRO's Opium TV. Met Ilse DeLange en Waylon, die samen het duo The Common Linnets vormen, en Jan Smit praat Cornald over de magie van countrymuziek en hoe muziek \u00e9n songfestival soms samengaan. Maar uiteraard zal het ook gaan over de kansen van Calm After The Storm, het liedje waarover iedereen een uitgesproken mening heeft. Zal Nederland, na Anouk vorig jaar, voor de tweede keer op rij de finale halen? Popkenner Leo Blokhuis en deejay Giel Beelen schetsen een profiel van The Common Linnets en journalist en schrijver Hugo Borst geeft commentaar op het culturele nieuws en onthult wat zijn favoriete songfestivalliedje aller tijden is. En hoe zit het straks in Kopenhagen, waar het liedjesfestijn dit jaar plaatsvindt, met de concurrentie? Er zijn beelden van volgens insiders kansrijke liedjes uit Noorwegen, Armeni\u00eb, Hongarije en Denemarken \u00e9n aandacht voor gedurfde inzendingen uit Belgi\u00eb en Oostenrijk. De Belgen komen dit jaar met de Belgische Pavarotti en een lofzang op zijn moeder, de Oostenrijkers met een 'vrouw met baard' die een statement over tolerantie brengt. En zullen Rusland en Oekra\u00efne, die in dezelfde halve finale als Nederland zitten, gezien de politieke strubbelingen elkaar dit jaar nog wel punten gunnen? Verder een duik in het rijke songfestivalverleden met winnaars als ABBA, Teach- In, Nicole en Katrina & the Waves.","formattedEpisodeNumbering":null,"formattedDate":"Di 6 mei. 2014","formattedDateShort":"Mei. 2014","formattedTime":"16:20","formattedDuration":"30m","formattedAvailabilityWindow":null,"formattedAvailabilityWindowShort":null,"image":{"portraitUrl":null,"landscapeUrl":"https:\/\/images.nlziet.nl\/metadataimportimages\/source\/3CAA5D0A21E4C36DD63564E747A2D4E7F9865B5EA3D0303D220D888DDD3F329A.jpg"},"logo":{"normalUrl":"https:\/\/cdn.nlziet.nl\/static\/assets\/contentproviders\/npo.png","darkUrl":"https:\/\/cdn.nlziet.nl\/static\/assets\/contentproviders\/dark\/npo.png","flatUrl":"https:\/\/cdn.nlziet.nl\/static\/assets\/contentproviders\/flat\/npo.png"},"tags":[],"seriesId":"7oS5hd32DEWWXbtt1fB8bA"},{"id":"1kFSHaiFTUqPQM1Po9tuUA","type":"Vod","title":"Opium","subtitle":"Special Soldaat van Oranje - De Musical: op zoek naar het geheim achter het succes","description":"AVRO - Cornald Maas onderzoekt het succes achter de langstlopende theaterproductie in Nederland. Is het de magie van het heldenverhaal van de Engelandvaarders dat het publiek massaal naar een theaterhangar in Katwijk drijft? Maas praat o.a. met acteur Matteo van der Grijn (rol van Erik Hazelhoff Roelfzema) en de actrices Catherine ten Bruggencate, Petra Laseur en Jacqueline Blom (de drie Wilhelmina's).","formattedEpisodeNumbering":null,"formattedDate":"Za 3 mei. 2014","formattedDateShort":"Mei. 2014","formattedTime":"22:40","formattedDuration":"39m","formattedAvailabilityWindow":null,"formattedAvailabilityWindowShort":null,"image":{"portraitUrl":null,"landscapeUrl":"https:\/\/images.nlziet.nl\/metadataimportimages\/source\/705C327FE228E0035D29C9E790E6D243B45AB36266827500131B929CA591C301.jpg"},"logo":{"normalUrl":"https:\/\/cdn.nlziet.nl\/static\/assets\/contentproviders\/npo.png","darkUrl":"https:\/\/cdn.nlziet.nl\/static\/assets\/contentproviders\/dark\/npo.png","flatUrl":"https:\/\/cdn.nlziet.nl\/static\/assets\/contentproviders\/flat\/npo.png"},"tags":[],"seriesId":"7oS5hd32DEWWXbtt1fB8bA"},{"id":"ovvwz3ur6Umycj3jeTkg0Q","type":"Vod","title":"Opium","subtitle":"Opium","description":"AVRO - Culturele live talkshow met commentaar op het actuele culturele nieuws en bijzondere gasten uit de wereld van theater, film en literatuur en aandacht voor beeldende kunst en live jazz.","formattedEpisodeNumbering":null,"formattedDate":"Za 19 apr. 2014","formattedDateShort":"Apr. 2014","formattedTime":"22:35","formattedDuration":"39m","formattedAvailabilityWindow":null,"formattedAvailabilityWindowShort":null,"image":{"portraitUrl":null,"landscapeUrl":"https:\/\/images.nlziet.nl\/metadataimportimages\/source\/D5B54A4582EFA0BBE8359DF994B3C7EB15D9DC67770E0142AC29DA0519581ED2.jpg"},"logo":{"normalUrl":"https:\/\/cdn.nlziet.nl\/static\/assets\/contentproviders\/npo.png","darkUrl":"https:\/\/cdn.nlziet.nl\/static\/assets\/contentproviders\/dark\/npo.png","flatUrl":"https:\/\/cdn.nlziet.nl\/static\/assets\/contentproviders\/flat\/npo.png"},"tags":[],"seriesId":"7oS5hd32DEWWXbtt1fB8bA"},{"id":"b6SNQCpxWkyu-toRw4sNEQ","type":"Vod","title":"Opium","subtitle":"Opium","description":"AVRO - Culturele live talkshow met commentaar op het actuele culturele nieuws en bijzondere gasten uit de wereld van theater, film en literatuur en aandacht voor beeldende kunst en live jazz.","formattedEpisodeNumbering":null,"formattedDate":"Za 12 apr. 2014","formattedDateShort":"Apr. 2014","formattedTime":"22:40","formattedDuration":"41m","formattedAvailabilityWindow":null,"formattedAvailabilityWindowShort":null,"image":{"portraitUrl":null,"landscapeUrl":"https:\/\/images.nlziet.nl\/metadataimportimages\/source\/F3AE62482B90516D50A575457F7AB5F285BAFE7E45A41261D90D13CF274D3270.jpg"},"logo":{"normalUrl":"https:\/\/cdn.nlziet.nl\/static\/assets\/contentproviders\/npo.png","darkUrl":"https:\/\/cdn.nlziet.nl\/static\/assets\/contentproviders\/dark\/npo.png","flatUrl":"https:\/\/cdn.nlziet.nl\/static\/assets\/contentproviders\/flat\/npo.png"},"tags":[],"seriesId":"7oS5hd32DEWWXbtt1fB8bA"},{"id":"U0jgNesVt02U06H1kgS3FQ","type":"Vod","title":"Opium","subtitle":"Special Frans Molenaar","description":"AVRO - Cornald Maas portretteert de 'godfather' onder de Nederlandse mode- ontwerpers. Molenaar kleedde o.a. Mies Bouwman, Rita Reys en Neelie Kroes, maar ontwierp net zo makkelijk bedrijfskleding voor de landmacht of het Rode Kruis. Molenaar zelf komt aan het woord, verder o.a. z'n goeie vriend Joop Braakhekke en couturier Mart Visser.","formattedEpisodeNumbering":null,"formattedDate":"Za 5 apr. 2014","formattedDateShort":"Apr. 2014","formattedTime":"22:35","formattedDuration":"40m","formattedAvailabilityWindow":null,"formattedAvailabilityWindowShort":null,"image":{"portraitUrl":null,"landscapeUrl":"https:\/\/images.nlziet.nl\/metadataimportimages\/source\/93F719659246DAB6271079A1CC45F8FA830131608C967025AD9670EBCE28935C.jpg"},"logo":{"normalUrl":"https:\/\/cdn.nlziet.nl\/static\/assets\/contentproviders\/npo.png","darkUrl":"https:\/\/cdn.nlziet.nl\/static\/assets\/contentproviders\/dark\/npo.png","flatUrl":"https:\/\/cdn.nlziet.nl\/static\/assets\/contentproviders\/flat\/npo.png"},"tags":[],"seriesId":"7oS5hd32DEWWXbtt1fB8bA"},{"id":"MJVbyK4KL0ucrqA5foScbA","type":"Vod","title":"Opium","subtitle":"Opium","description":"AVRO - Culturele live talkshow met commentaar op het actuele culturele nieuws en bijzondere gasten uit de wereld van theater, film en literatuur en aandacht voor beeldende kunst en live jazz.","formattedEpisodeNumbering":null,"formattedDate":"Za 29 mrt. 2014","formattedDateShort":"Mrt. 2014","formattedTime":"22:35","formattedDuration":"42m","formattedAvailabilityWindow":null,"formattedAvailabilityWindowShort":null,"image":{"portraitUrl":null,"landscapeUrl":"https:\/\/images.nlziet.nl\/metadataimportimages\/source\/EF4A80F7F296B0D138DF961CFCD463A1BD420E6CE483C784598BBCDA4ADF0423.jpg"},"logo":{"normalUrl":"https:\/\/cdn.nlziet.nl\/static\/assets\/contentproviders\/npo.png","darkUrl":"https:\/\/cdn.nlziet.nl\/static\/assets\/contentproviders\/dark\/npo.png","flatUrl":"https:\/\/cdn.nlziet.nl\/static\/assets\/contentproviders\/flat\/npo.png"},"tags":[],"seriesId":"7oS5hd32DEWWXbtt1fB8bA"},{"id":"t5xGc6xui0CxFzFxmvjj1A","type":"Vod","title":"Opium","subtitle":"Opium","description":"AVRO - Culturele live talkshow met commentaar op het actuele culturele nieuws en bijzondere gasten uit de wereld van theater, film en literatuur en aandacht voor beeldende kunst en live jazz.","formattedEpisodeNumbering":null,"formattedDate":"Za 22 mrt. 2014","formattedDateShort":"Mrt. 2014","formattedTime":"22:35","formattedDuration":"50m","formattedAvailabilityWindow":null,"formattedAvailabilityWindowShort":null,"image":{"portraitUrl":null,"landscapeUrl":"https:\/\/images.nlziet.nl\/metadataimportimages\/source\/3E2D33F5DDECBF96A36551B946D6BC4898F99F025469F047B0C4983D938F1F8C.jpg"},"logo":{"normalUrl":"https:\/\/cdn.nlziet.nl\/static\/assets\/contentproviders\/npo.png","darkUrl":"https:\/\/cdn.nlziet.nl\/static\/assets\/contentproviders\/dark\/npo.png","flatUrl":"https:\/\/cdn.nlziet.nl\/static\/assets\/contentproviders\/flat\/npo.png"},"tags":[],"seriesId":"7oS5hd32DEWWXbtt1fB8bA"},{"id":"qL-A3duL70yLqjzPbL9Kog","type":"Vod","title":"Opium","subtitle":"Opium","description":"AVRO - Culturele live talkshow met commentaar op het actuele culturele nieuws en bijzondere gasten uit de wereld van theater, film en literatuur en aandacht voor beeldende kunst en live jazz.","formattedEpisodeNumbering":null,"formattedDate":"Za 15 mrt. 2014","formattedDateShort":"Mrt. 2014","formattedTime":"22:40","formattedDuration":"50m","formattedAvailabilityWindow":null,"formattedAvailabilityWindowShort":null,"image":{"portraitUrl":null,"landscapeUrl":"https:\/\/images.nlziet.nl\/metadataimportimages\/source\/0C8DCEAFADCBBA318B1ABB0572B07E850031EA8A44DFB28F6DEFAB925A67B86D.jpg"},"logo":{"normalUrl":"https:\/\/cdn.nlziet.nl\/static\/assets\/contentproviders\/npo.png","darkUrl":"https:\/\/cdn.nlziet.nl\/static\/assets\/contentproviders\/dark\/npo.png","flatUrl":"https:\/\/cdn.nlziet.nl\/static\/assets\/contentproviders\/flat\/npo.png"},"tags":[],"seriesId":"7oS5hd32DEWWXbtt1fB8bA"},{"id":"CV6Olvne4UiMOlfXqmSYkg","type":"Vod","title":"Opium","subtitle":"Opium","description":"AVRO - Culturele live talkshow met commentaar op het actuele culturele nieuws en bijzondere gasten uit de wereld van theater, film en literatuur en aandacht voor beeldende kunst en live jazz.","formattedEpisodeNumbering":null,"formattedDate":"Za 8 mrt. 2014","formattedDateShort":"Mrt. 2014","formattedTime":"22:35","formattedDuration":"50m","formattedAvailabilityWindow":null,"formattedAvailabilityWindowShort":null,"image":{"portraitUrl":null,"landscapeUrl":"https:\/\/images.nlziet.nl\/metadataimportimages\/source\/89D9C2F77869B0C8D4BA276B356D85F69678F1F9BEB07D165A61799ECE034DD7.jpg"},"logo":{"normalUrl":"https:\/\/cdn.nlziet.nl\/static\/assets\/contentproviders\/npo.png","darkUrl":"https:\/\/cdn.nlziet.nl\/static\/assets\/contentproviders\/dark\/npo.png","flatUrl":"https:\/\/cdn.nlziet.nl\/static\/assets\/contentproviders\/flat\/npo.png"},"tags":[],"seriesId":"7oS5hd32DEWWXbtt1fB8bA"},{"id":"VR4yplajzEKcPxBoXRZNVg","type":"Vod","title":"Opium","subtitle":"Special Jeroen Krabb\u00e9","description":"AVRO - Portret van acteur en schilder Jeroen Krabb\u00e9. Deze maand keert hij terug op de planken in de voorstelling Vaslav. O.a. zijn drie zoons Martijn, Jasper en Jacob vertellen over hun vader die dit jaar 70 jaar wordt.","formattedEpisodeNumbering":null,"formattedDate":"Za 1 mrt. 2014","formattedDateShort":"Mrt. 2014","formattedTime":"22:35","formattedDuration":"50m","formattedAvailabilityWindow":null,"formattedAvailabilityWindowShort":null,"image":{"portraitUrl":null,"landscapeUrl":"https:\/\/images.nlziet.nl\/metadataimportimages\/source\/C2A798AF796087E12AF96FD920C5BC82CB65D2100A406FD4AF429A1A65A60AE0.jpg"},"logo":{"normalUrl":"https:\/\/cdn.nlziet.nl\/static\/assets\/contentproviders\/npo.png","darkUrl":"https:\/\/cdn.nlziet.nl\/static\/assets\/contentproviders\/dark\/npo.png","flatUrl":"https:\/\/cdn.nlziet.nl\/static\/assets\/contentproviders\/flat\/npo.png"},"tags":[],"seriesId":"7oS5hd32DEWWXbtt1fB8bA"},{"id":"OLJVDctyVk6eG5nX5f-1KA","type":"Vod","title":"Opium","subtitle":"Opium","description":"AVRO - Culturele live talkshow met commentaar op het actuele culturele nieuws en bijzondere gasten uit de wereld van theater, film en literatuur en aandacht voor beeldende kunst en live jazz.","formattedEpisodeNumbering":null,"formattedDate":"Za 22 feb. 2014","formattedDateShort":"Feb. 2014","formattedTime":"22:41","formattedDuration":"50m","formattedAvailabilityWindow":null,"formattedAvailabilityWindowShort":null,"image":{"portraitUrl":null,"landscapeUrl":"https:\/\/images.nlziet.nl\/metadataimportimages\/source\/D79FE209001A7C0AFE8F877EE60BDCF8707DF8FF0D1F73B5C140E212C86BC9C7.jpg"},"logo":{"normalUrl":"https:\/\/cdn.nlziet.nl\/static\/assets\/contentproviders\/npo.png","darkUrl":"https:\/\/cdn.nlziet.nl\/static\/assets\/contentproviders\/dark\/npo.png","flatUrl":"https:\/\/cdn.nlziet.nl\/static\/assets\/contentproviders\/flat\/npo.png"},"tags":[],"seriesId":"7oS5hd32DEWWXbtt1fB8bA"},{"id":"ODjip-aInEqFZxVRKBmzlQ","type":"Vod","title":"Opium","subtitle":"Opium","description":"AVRO - Culturele live talkshow met commentaar op het actuele culturele nieuws en bijzondere gasten uit de wereld van theater, film en literatuur en aandacht voor beeldende kunst en live jazz.","formattedEpisodeNumbering":null,"formattedDate":"Za 15 feb. 2014","formattedDateShort":"Feb. 2014","formattedTime":"22:42","formattedDuration":"50m","formattedAvailabilityWindow":null,"formattedAvailabilityWindowShort":null,"image":{"portraitUrl":null,"landscapeUrl":"https:\/\/images.nlziet.nl\/metadataimportimages\/source\/F31E37103A2A79BD1039B8BE7F7EE25E850B9170E388E0614B2274BA76A4FAE4.jpg"},"logo":{"normalUrl":"https:\/\/cdn.nlziet.nl\/static\/assets\/contentproviders\/npo.png","darkUrl":"https:\/\/cdn.nlziet.nl\/static\/assets\/contentproviders\/dark\/npo.png","flatUrl":"https:\/\/cdn.nlziet.nl\/static\/assets\/contentproviders\/flat\/npo.png"},"tags":[],"seriesId":"7oS5hd32DEWWXbtt1fB8bA"},{"id":"s8o_09FfcUemdt2IMeTDNg","type":"Vod","title":"Opium","subtitle":"Opium","description":"AVRO - Culturele live talkshow met commentaar op het actuele culturele nieuws en bijzondere gasten uit de wereld van theater, film en literatuur en aandacht voor beeldende kunst en live jazz.","formattedEpisodeNumbering":null,"formattedDate":"Za 8 feb. 2014","formattedDateShort":"Feb. 2014","formattedTime":"22:40","formattedDuration":"45m","formattedAvailabilityWindow":null,"formattedAvailabilityWindowShort":null,"image":{"portraitUrl":null,"landscapeUrl":"https:\/\/images.nlziet.nl\/metadataimportimages\/source\/A5E41F48BD9FCBA6705A734E4A77DE03D9AC0678986A0F82E68A9E3B9F98624B.jpg"},"logo":{"normalUrl":"https:\/\/cdn.nlziet.nl\/static\/assets\/contentproviders\/npo.png","darkUrl":"https:\/\/cdn.nlziet.nl\/static\/assets\/contentproviders\/dark\/npo.png","flatUrl":"https:\/\/cdn.nlziet.nl\/static\/assets\/contentproviders\/flat\/npo.png"},"tags":[],"seriesId":"7oS5hd32DEWWXbtt1fB8bA"},{"id":"B-O7EMmHs0-HGz72sEHeNw","type":"Vod","title":"Opium","subtitle":"Opium","description":"AVRO - Culturele live talkshow met commentaar op het actuele culturele nieuws en bijzondere gasten uit de wereld van theater, film en literatuur en aandacht voor beeldende kunst en live jazz.","formattedEpisodeNumbering":null,"formattedDate":"Za 1 feb. 2014","formattedDateShort":"Feb. 2014","formattedTime":"22:35","formattedDuration":"45m","formattedAvailabilityWindow":null,"formattedAvailabilityWindowShort":null,"image":{"portraitUrl":null,"landscapeUrl":"https:\/\/images.nlziet.nl\/metadataimportimages\/source\/D3998A42B20F13AC3BDE1634B07B4CFA73AA72A60192B78012284C5D48E77F99.jpg"},"logo":{"normalUrl":"https:\/\/cdn.nlziet.nl\/static\/assets\/contentproviders\/npo.png","darkUrl":"https:\/\/cdn.nlziet.nl\/static\/assets\/contentproviders\/dark\/npo.png","flatUrl":"https:\/\/cdn.nlziet.nl\/static\/assets\/contentproviders\/flat\/npo.png"},"tags":[],"seriesId":"7oS5hd32DEWWXbtt1fB8bA"},{"id":"Jr8noCQPakmpHznfKKX8kQ","type":"Vod","title":"Opium","subtitle":"Opium","description":"AVRO - Culturele live talkshow met commentaar op het actuele culturele nieuws en bijzondere gasten uit de wereld van theater, film en literatuur en aandacht voor beeldende kunst en live jazz.","formattedEpisodeNumbering":null,"formattedDate":"Za 25 jan. 2014","formattedDateShort":"Jan. 2014","formattedTime":"22:35","formattedDuration":"50m","formattedAvailabilityWindow":null,"formattedAvailabilityWindowShort":null,"image":{"portraitUrl":null,"landscapeUrl":"https:\/\/images.nlziet.nl\/metadataimportimages\/source\/8881E10183EA31C8F86CA3862E80015A817F6769033604D139E53BE2BA4348FE.jpg"},"logo":{"normalUrl":"https:\/\/cdn.nlziet.nl\/static\/assets\/contentproviders\/npo.png","darkUrl":"https:\/\/cdn.nlziet.nl\/static\/assets\/contentproviders\/dark\/npo.png","flatUrl":"https:\/\/cdn.nlziet.nl\/static\/assets\/contentproviders\/flat\/npo.png"},"tags":[],"seriesId":"7oS5hd32DEWWXbtt1fB8bA"},{"id":"U32bn9xMNEGcYSGVl1aC3A","type":"Vod","title":"Opium","subtitle":"Opium","description":"AVRO - Culturele live talkshow met commentaar op het actuele culturele nieuws en bijzondere gasten uit de wereld van theater, film en literatuur en aandacht voor beeldende kunst en live jazz.","formattedEpisodeNumbering":null,"formattedDate":"Za 18 jan. 2014","formattedDateShort":"Jan. 2014","formattedTime":"22:41","formattedDuration":"50m","formattedAvailabilityWindow":null,"formattedAvailabilityWindowShort":null,"image":{"portraitUrl":null,"landscapeUrl":"https:\/\/images.nlziet.nl\/metadataimportimages\/source\/81A8745ADAE3259DE97F22BD7FBD212991E5DC23BD7775F4479F34EF1E2AB7FB.jpg"},"logo":{"normalUrl":"https:\/\/cdn.nlziet.nl\/static\/assets\/contentproviders\/npo.png","darkUrl":"https:\/\/cdn.nlziet.nl\/static\/assets\/contentproviders\/dark\/npo.png","flatUrl":"https:\/\/cdn.nlziet.nl\/static\/assets\/contentproviders\/flat\/npo.png"},"tags":[],"seriesId":"7oS5hd32DEWWXbtt1fB8bA"}]