[{"id":"zH2zvJ6bkk6TyxKwU2XHdw","type":"Vod","title":"Pingu","subtitle":"Pingu maakt een sneeuwpop","description":"VPRO - Klei-animatieserie over de kleine pingu\u00efn Pingu.","formattedEpisodeNumbering":null,"formattedDate":"Za 13 dec. 2008","formattedDateShort":"Dec. 2008","formattedTime":"06:49","formattedDuration":"5m","formattedAvailabilityWindow":null,"formattedAvailabilityWindowShort":null,"image":{"portraitUrl":null,"landscapeUrl":"https:\/\/images.nlziet.nl\/metadataimportimages\/source\/483EC6AABC3C6C84E880463A51E758C410121E696780FB9F665EABD8D3901B40.jpg"},"logo":{"normalUrl":"https:\/\/cdn.nlziet.nl\/static\/assets\/contentproviders\/npo.png","darkUrl":"https:\/\/cdn.nlziet.nl\/static\/assets\/contentproviders\/dark\/npo.png","flatUrl":"https:\/\/cdn.nlziet.nl\/static\/assets\/contentproviders\/flat\/npo.png"},"tags":[],"seriesId":"8CpDesE8Gk22rycQ5YifPA"},{"id":"sxMz1mxxEUW-e-pnIFWmQg","type":"Vod","title":"Pingu","subtitle":"Pingu helpt in het huishouden","description":"VPRO - Klei-animatieserie over de kleine pingu\u00efn Pingu.","formattedEpisodeNumbering":null,"formattedDate":"Zo 4 jan. 2009","formattedDateShort":"Jan. 2009","formattedTime":"06:48","formattedDuration":"4m","formattedAvailabilityWindow":null,"formattedAvailabilityWindowShort":null,"image":{"portraitUrl":null,"landscapeUrl":"https:\/\/images.nlziet.nl\/metadataimportimages\/source\/4C0CB6869795B0683BF45016CE28D3126423226DF4C4110F7B4C766485A7325F.jpg"},"logo":{"normalUrl":"https:\/\/cdn.nlziet.nl\/static\/assets\/contentproviders\/npo.png","darkUrl":"https:\/\/cdn.nlziet.nl\/static\/assets\/contentproviders\/dark\/npo.png","flatUrl":"https:\/\/cdn.nlziet.nl\/static\/assets\/contentproviders\/flat\/npo.png"},"tags":[],"seriesId":"8CpDesE8Gk22rycQ5YifPA"},{"id":"gk4RXZmcP0u73XldK-r_6w","type":"Vod","title":"Pingu","subtitle":"Pingu en de onbekenden","description":"VPRO - Klei-animatieserie over de kleine pingu\u00efn Pingu.","formattedEpisodeNumbering":null,"formattedDate":"Za 24 jan. 2009","formattedDateShort":"Jan. 2009","formattedTime":"06:52","formattedDuration":"5m","formattedAvailabilityWindow":null,"formattedAvailabilityWindowShort":null,"image":{"portraitUrl":null,"landscapeUrl":"https:\/\/images.nlziet.nl\/metadataimportimages\/source\/D7FAECDE0BF4D0D384E751FDC79C8D07CBAA8644B49C194D69601092CB90CAF3.jpg"},"logo":{"normalUrl":"https:\/\/cdn.nlziet.nl\/static\/assets\/contentproviders\/npo.png","darkUrl":"https:\/\/cdn.nlziet.nl\/static\/assets\/contentproviders\/dark\/npo.png","flatUrl":"https:\/\/cdn.nlziet.nl\/static\/assets\/contentproviders\/flat\/npo.png"},"tags":[],"seriesId":"8CpDesE8Gk22rycQ5YifPA"},{"id":"VZzeHUTr9ke9B8BO72HnfQ","type":"Vod","title":"Pingu","subtitle":"Pingu in de speeltuin","description":"VPRO - Klei-animatieserie over de kleine pingu\u00efn Pingu.","formattedEpisodeNumbering":null,"formattedDate":"Vr 23 jan. 2009","formattedDateShort":"Jan. 2009","formattedTime":"06:42","formattedDuration":"4m","formattedAvailabilityWindow":null,"formattedAvailabilityWindowShort":null,"image":{"portraitUrl":null,"landscapeUrl":"https:\/\/images.nlziet.nl\/metadataimportimages\/source\/87459E90E18E54B5DB6FD71FEF950E9610FE85250612746125779E2B071B3F45.jpg"},"logo":{"normalUrl":"https:\/\/cdn.nlziet.nl\/static\/assets\/contentproviders\/npo.png","darkUrl":"https:\/\/cdn.nlziet.nl\/static\/assets\/contentproviders\/dark\/npo.png","flatUrl":"https:\/\/cdn.nlziet.nl\/static\/assets\/contentproviders\/flat\/npo.png"},"tags":[],"seriesId":"8CpDesE8Gk22rycQ5YifPA"},{"id":"r3oE4_r8u0Ka6Tw-VOg_Xg","type":"Vod","title":"Pingu","subtitle":"Pingu op schoolreis","description":"VPRO - Klei-animatieserie over de kleine pingu\u00efn Pingu.","formattedEpisodeNumbering":null,"formattedDate":"Do 22 jan. 2009","formattedDateShort":"Jan. 2009","formattedTime":"06:43","formattedDuration":"4m","formattedAvailabilityWindow":null,"formattedAvailabilityWindowShort":null,"image":{"portraitUrl":null,"landscapeUrl":"https:\/\/images.nlziet.nl\/metadataimportimages\/source\/0AD16000C5F086B0D65D09079C891D1750B52DE129855C48552E78BC83D69AA0.jpg"},"logo":{"normalUrl":"https:\/\/cdn.nlziet.nl\/static\/assets\/contentproviders\/npo.png","darkUrl":"https:\/\/cdn.nlziet.nl\/static\/assets\/contentproviders\/dark\/npo.png","flatUrl":"https:\/\/cdn.nlziet.nl\/static\/assets\/contentproviders\/flat\/npo.png"},"tags":[],"seriesId":"8CpDesE8Gk22rycQ5YifPA"},{"id":"-1m3kpsHRUmHt5ANepvLhw","type":"Vod","title":"Pingu","subtitle":"Pingu's ziekenhuisbezoek","description":"VPRO - Klei-animatieserie over de kleine pingu\u00efn Pingu.","formattedEpisodeNumbering":null,"formattedDate":"Wo 21 jan. 2009","formattedDateShort":"Jan. 2009","formattedTime":"06:44","formattedDuration":"5m","formattedAvailabilityWindow":null,"formattedAvailabilityWindowShort":null,"image":{"portraitUrl":null,"landscapeUrl":"https:\/\/images.nlziet.nl\/metadataimportimages\/source\/D21087D687497196D850F61E8F107F48DB48DC0EE6FAE7CD053064C12FED59E1.jpg"},"logo":{"normalUrl":"https:\/\/cdn.nlziet.nl\/static\/assets\/contentproviders\/npo.png","darkUrl":"https:\/\/cdn.nlziet.nl\/static\/assets\/contentproviders\/dark\/npo.png","flatUrl":"https:\/\/cdn.nlziet.nl\/static\/assets\/contentproviders\/flat\/npo.png"},"tags":[],"seriesId":"8CpDesE8Gk22rycQ5YifPA"},{"id":"3pNhlM1h1UiEikbMqM42pw","type":"Vod","title":"Pingu","subtitle":"Pingu en het cadeautje","description":"VPRO - Klei-animatieserie over de kleine pingu\u00efn Pingu.","formattedEpisodeNumbering":null,"formattedDate":"Di 20 jan. 2009","formattedDateShort":"Jan. 2009","formattedTime":"06:44","formattedDuration":"5m","formattedAvailabilityWindow":null,"formattedAvailabilityWindowShort":null,"image":{"portraitUrl":null,"landscapeUrl":"https:\/\/images.nlziet.nl\/metadataimportimages\/source\/BA2AB0A820A5356F6C2D4611958B08DE69FBF0C502425D9EA44A0820EDCDBB22.jpg"},"logo":{"normalUrl":"https:\/\/cdn.nlziet.nl\/static\/assets\/contentproviders\/npo.png","darkUrl":"https:\/\/cdn.nlziet.nl\/static\/assets\/contentproviders\/dark\/npo.png","flatUrl":"https:\/\/cdn.nlziet.nl\/static\/assets\/contentproviders\/flat\/npo.png"},"tags":[],"seriesId":"8CpDesE8Gk22rycQ5YifPA"},{"id":"ka7u5ByRa0msfsNZHlBAsQ","type":"Vod","title":"Pingu","subtitle":"Pingu en de gehandicapten","description":"VPRO - Klei-animatieserie over de kleine pingu\u00efn Pingu.","formattedEpisodeNumbering":null,"formattedDate":"Ma 19 jan. 2009","formattedDateShort":"Jan. 2009","formattedTime":"06:46","formattedDuration":"5m","formattedAvailabilityWindow":null,"formattedAvailabilityWindowShort":null,"image":{"portraitUrl":null,"landscapeUrl":"https:\/\/images.nlziet.nl\/metadataimportimages\/source\/85F7A2310EC3571A57F54BCD592DC1356BE7FA2F5EA26F8CA0AFDB2077DF98C4.jpg"},"logo":{"normalUrl":"https:\/\/cdn.nlziet.nl\/static\/assets\/contentproviders\/npo.png","darkUrl":"https:\/\/cdn.nlziet.nl\/static\/assets\/contentproviders\/dark\/npo.png","flatUrl":"https:\/\/cdn.nlziet.nl\/static\/assets\/contentproviders\/flat\/npo.png"},"tags":[],"seriesId":"8CpDesE8Gk22rycQ5YifPA"},{"id":"5Gx7Ap53yUWjswrKxT1NTA","type":"Vod","title":"Pingu","subtitle":"Pingu kan niet tegen zijn verlies","description":"VPRO - Klei-animatieserie over de kleine pingu\u00efn Pingu.","formattedEpisodeNumbering":null,"formattedDate":"Zo 18 jan. 2009","formattedDateShort":"Jan. 2009","formattedTime":"06:48","formattedDuration":"5m","formattedAvailabilityWindow":null,"formattedAvailabilityWindowShort":null,"image":{"portraitUrl":null,"landscapeUrl":"https:\/\/images.nlziet.nl\/metadataimportimages\/source\/245A4A857474A140721869111288ACF862DF1BA642807695BAC263F0F947ADF3.jpg"},"logo":{"normalUrl":"https:\/\/cdn.nlziet.nl\/static\/assets\/contentproviders\/npo.png","darkUrl":"https:\/\/cdn.nlziet.nl\/static\/assets\/contentproviders\/dark\/npo.png","flatUrl":"https:\/\/cdn.nlziet.nl\/static\/assets\/contentproviders\/flat\/npo.png"},"tags":[],"seriesId":"8CpDesE8Gk22rycQ5YifPA"},{"id":"lPUa8vYNYEiHYqm2a_gnig","type":"Vod","title":"Pingu","subtitle":"Pingu als babysitter","description":"VPRO - Klei-animatieserie over de kleine pingu\u00efn Pingu.","formattedEpisodeNumbering":null,"formattedDate":"Ma 23 mrt. 2009","formattedDateShort":"Mrt. 2009","formattedTime":"06:45","formattedDuration":"5m","formattedAvailabilityWindow":null,"formattedAvailabilityWindowShort":null,"image":{"portraitUrl":null,"landscapeUrl":"https:\/\/images.nlziet.nl\/metadataimportimages\/source\/8A1C90FF1AAC74ECAB1404822E9D446DAEE1D80FC6CC47F6224DD3D35DE5D10A.jpg"},"logo":{"normalUrl":"https:\/\/cdn.nlziet.nl\/static\/assets\/contentproviders\/npo.png","darkUrl":"https:\/\/cdn.nlziet.nl\/static\/assets\/contentproviders\/dark\/npo.png","flatUrl":"https:\/\/cdn.nlziet.nl\/static\/assets\/contentproviders\/flat\/npo.png"},"tags":[],"seriesId":"8CpDesE8Gk22rycQ5YifPA"},{"id":"Kdesggt7OUSV4Yy4q7ItRA","type":"Vod","title":"Pingu","subtitle":"Pingu op de rommelmarkt","description":"VPRO - Klei-animatieserie over de kleine pingu\u00efn Pingu.","formattedEpisodeNumbering":null,"formattedDate":"Vr 16 jan. 2009","formattedDateShort":"Jan. 2009","formattedTime":"06:42","formattedDuration":"5m","formattedAvailabilityWindow":null,"formattedAvailabilityWindowShort":null,"image":{"portraitUrl":null,"landscapeUrl":"https:\/\/images.nlziet.nl\/metadataimportimages\/source\/DEF0C7A70008F22B4CC1CBD1AB56F7216ADF8D5FE155246D4CF38303C5E38094.jpg"},"logo":{"normalUrl":"https:\/\/cdn.nlziet.nl\/static\/assets\/contentproviders\/npo.png","darkUrl":"https:\/\/cdn.nlziet.nl\/static\/assets\/contentproviders\/dark\/npo.png","flatUrl":"https:\/\/cdn.nlziet.nl\/static\/assets\/contentproviders\/flat\/npo.png"},"tags":[],"seriesId":"8CpDesE8Gk22rycQ5YifPA"},{"id":"jnYhEw5taEi99ZG2-jCnsw","type":"Vod","title":"Pingu","subtitle":"Pingu viert zijn verjaardag","description":"TROS, VPRO - Klei-animatieserie over de kleine pingu\u00efn Pingu.","formattedEpisodeNumbering":null,"formattedDate":"Do 15 jan. 2009","formattedDateShort":"Jan. 2009","formattedTime":"06:45","formattedDuration":"5m","formattedAvailabilityWindow":null,"formattedAvailabilityWindowShort":null,"image":{"portraitUrl":null,"landscapeUrl":"https:\/\/images.nlziet.nl\/metadataimportimages\/source\/1B71A96A24B8098FC2E0F38BFD0FAD14BE3688C046C6635868ED12D485C27EA3.jpg"},"logo":{"normalUrl":"https:\/\/cdn.nlziet.nl\/static\/assets\/contentproviders\/npo.png","darkUrl":"https:\/\/cdn.nlziet.nl\/static\/assets\/contentproviders\/dark\/npo.png","flatUrl":"https:\/\/cdn.nlziet.nl\/static\/assets\/contentproviders\/flat\/npo.png"},"tags":[],"seriesId":"8CpDesE8Gk22rycQ5YifPA"},{"id":"hOz3jU-tpk2ROCDKluF8Cg","type":"Vod","title":"Pingu","subtitle":"Pingu als tovenaar","description":"VPRO - Klei-animatieserie over de kleine pingu\u00efn Pingu.","formattedEpisodeNumbering":null,"formattedDate":"Wo 14 jan. 2009","formattedDateShort":"Jan. 2009","formattedTime":"06:44","formattedDuration":"5m","formattedAvailabilityWindow":null,"formattedAvailabilityWindowShort":null,"image":{"portraitUrl":null,"landscapeUrl":"https:\/\/images.nlziet.nl\/metadataimportimages\/source\/899D4CF66B7F0FFA07419CF80A33B535A379543FE2D60D36805BE4AC82DF6C6C.jpg"},"logo":{"normalUrl":"https:\/\/cdn.nlziet.nl\/static\/assets\/contentproviders\/npo.png","darkUrl":"https:\/\/cdn.nlziet.nl\/static\/assets\/contentproviders\/dark\/npo.png","flatUrl":"https:\/\/cdn.nlziet.nl\/static\/assets\/contentproviders\/flat\/npo.png"},"tags":[],"seriesId":"8CpDesE8Gk22rycQ5YifPA"},{"id":"ZtNt0QZeeEi53HUTuYEE9A","type":"Vod","title":"Pingu","subtitle":"Pingu en het verpakkingsmateriaal","description":"VPRO - Klei-animatieserie over de kleine pingu\u00efn Pingu.","formattedEpisodeNumbering":null,"formattedDate":"Di 13 jan. 2009","formattedDateShort":"Jan. 2009","formattedTime":"06:44","formattedDuration":"5m","formattedAvailabilityWindow":null,"formattedAvailabilityWindowShort":null,"image":{"portraitUrl":null,"landscapeUrl":"https:\/\/images.nlziet.nl\/metadataimportimages\/source\/215CB95D823651B7A2CD9929E4BDA13C0C426A3CE8FAB0939CD1A896DFC46373.jpg"},"logo":{"normalUrl":"https:\/\/cdn.nlziet.nl\/static\/assets\/contentproviders\/npo.png","darkUrl":"https:\/\/cdn.nlziet.nl\/static\/assets\/contentproviders\/dark\/npo.png","flatUrl":"https:\/\/cdn.nlziet.nl\/static\/assets\/contentproviders\/flat\/npo.png"},"tags":[],"seriesId":"8CpDesE8Gk22rycQ5YifPA"},{"id":"mlHf3TV_nEGlN5fjxOqthA","type":"Vod","title":"Pingu","subtitle":"Pingu's ouders hebben geen tijd","description":"VPRO - Klei-animatieserie over de kleine pingu\u00efn Pingu.","formattedEpisodeNumbering":null,"formattedDate":"Ma 12 jan. 2009","formattedDateShort":"Jan. 2009","formattedTime":"06:44","formattedDuration":"5m","formattedAvailabilityWindow":null,"formattedAvailabilityWindowShort":null,"image":{"portraitUrl":null,"landscapeUrl":"https:\/\/images.nlziet.nl\/metadataimportimages\/source\/D2B9128BB4BBE5980F916E425D41C5B18945B38C5C1A0D601E7F5BBA54728933.jpg"},"logo":{"normalUrl":"https:\/\/cdn.nlziet.nl\/static\/assets\/contentproviders\/npo.png","darkUrl":"https:\/\/cdn.nlziet.nl\/static\/assets\/contentproviders\/dark\/npo.png","flatUrl":"https:\/\/cdn.nlziet.nl\/static\/assets\/contentproviders\/flat\/npo.png"},"tags":[],"seriesId":"8CpDesE8Gk22rycQ5YifPA"},{"id":"XRLTV37zj0OTrJA7abpYsw","type":"Vod","title":"Pingu","subtitle":"Pingu als fotograaf","description":"VPRO - Klei-animatieserie over de kleine pingu\u00efn Pingu.","formattedEpisodeNumbering":null,"formattedDate":"Di 17 mrt. 2009","formattedDateShort":"Mrt. 2009","formattedTime":"06:46","formattedDuration":"5m","formattedAvailabilityWindow":null,"formattedAvailabilityWindowShort":null,"image":{"portraitUrl":null,"landscapeUrl":"https:\/\/images.nlziet.nl\/metadataimportimages\/source\/11D94402BC6349E975A223ED698E91E4B515265671A2F5E1299BA3EB7D56681B.jpg"},"logo":{"normalUrl":"https:\/\/cdn.nlziet.nl\/static\/assets\/contentproviders\/npo.png","darkUrl":"https:\/\/cdn.nlziet.nl\/static\/assets\/contentproviders\/dark\/npo.png","flatUrl":"https:\/\/cdn.nlziet.nl\/static\/assets\/contentproviders\/flat\/npo.png"},"tags":[],"seriesId":"8CpDesE8Gk22rycQ5YifPA"},{"id":"6FbJ_Rn3p0uOcLTNesLIxQ","type":"Vod","title":"Pingu","subtitle":"Pingu's uitstapje","description":"VPRO - Klei-animatieserie over de kleine pingu\u00efn Pingu.","formattedEpisodeNumbering":null,"formattedDate":"Ma 2 feb. 2009","formattedDateShort":"Feb. 2009","formattedTime":"08:49","formattedDuration":"5m","formattedAvailabilityWindow":null,"formattedAvailabilityWindowShort":null,"image":{"portraitUrl":null,"landscapeUrl":"https:\/\/images.nlziet.nl\/metadataimportimages\/source\/D7F2167DB07310E4D35AF5A5CB9DD6D18102E53C930605B484E11787EAE476F8.jpg"},"logo":{"normalUrl":"https:\/\/cdn.nlziet.nl\/static\/assets\/contentproviders\/npo.png","darkUrl":"https:\/\/cdn.nlziet.nl\/static\/assets\/contentproviders\/dark\/npo.png","flatUrl":"https:\/\/cdn.nlziet.nl\/static\/assets\/contentproviders\/flat\/npo.png"},"tags":[],"seriesId":"8CpDesE8Gk22rycQ5YifPA"},{"id":"dErb05KXCEGnCW6IPXpexw","type":"Vod","title":"Pingu","subtitle":"Pingu als koekenbakker","description":"VPRO - Klei-animatieserie over de kleine pingu\u00efn Pingu.","formattedEpisodeNumbering":null,"formattedDate":"Zo 11 jan. 2009","formattedDateShort":"Jan. 2009","formattedTime":"06:43","formattedDuration":"5m","formattedAvailabilityWindow":null,"formattedAvailabilityWindowShort":null,"image":{"portraitUrl":null,"landscapeUrl":"https:\/\/images.nlziet.nl\/metadataimportimages\/source\/07BA8825F42B0C4196FF9ADDEFFD65EF177D214463E44BC9059908152378BA57.jpg"},"logo":{"normalUrl":"https:\/\/cdn.nlziet.nl\/static\/assets\/contentproviders\/npo.png","darkUrl":"https:\/\/cdn.nlziet.nl\/static\/assets\/contentproviders\/dark\/npo.png","flatUrl":"https:\/\/cdn.nlziet.nl\/static\/assets\/contentproviders\/flat\/npo.png"},"tags":[],"seriesId":"8CpDesE8Gk22rycQ5YifPA"},{"id":"2MND6VArMESuyKSZpbNWxA","type":"Vod","title":"Pingu","subtitle":"Pingu als ijspegelmuzikant","description":"VPRO - Klei-animatieserie over de kleine pingu\u00efn Pingu.","formattedEpisodeNumbering":null,"formattedDate":"Za 10 jan. 2009","formattedDateShort":"Jan. 2009","formattedTime":"06:44","formattedDuration":"5m","formattedAvailabilityWindow":null,"formattedAvailabilityWindowShort":null,"image":{"portraitUrl":null,"landscapeUrl":"https:\/\/images.nlziet.nl\/metadataimportimages\/source\/A315608B17C56105F69A67D6BC60DB1735418BD8D62E0CB1B8750D9416F08444.jpg"},"logo":{"normalUrl":"https:\/\/cdn.nlziet.nl\/static\/assets\/contentproviders\/npo.png","darkUrl":"https:\/\/cdn.nlziet.nl\/static\/assets\/contentproviders\/dark\/npo.png","flatUrl":"https:\/\/cdn.nlziet.nl\/static\/assets\/contentproviders\/flat\/npo.png"},"tags":[],"seriesId":"8CpDesE8Gk22rycQ5YifPA"},{"id":"wkTYJCl6j0GFkZvMh3av9w","type":"Vod","title":"Pingu","subtitle":"Familie Pingu viert Kerst","description":"VPRO - Klei-animatieserie over de kleine pingu\u00efn Pingu.","formattedEpisodeNumbering":null,"formattedDate":"Do 25 dec. 2008","formattedDateShort":"Dec. 2008","formattedTime":"06:42","formattedDuration":"5m","formattedAvailabilityWindow":null,"formattedAvailabilityWindowShort":null,"image":{"portraitUrl":null,"landscapeUrl":"https:\/\/images.nlziet.nl\/metadataimportimages\/source\/F1A7DC98D86120E32D8CAE94441E8A98F1A3A7767D710BC607FC6C50219CEB20.jpg"},"logo":{"normalUrl":"https:\/\/cdn.nlziet.nl\/static\/assets\/contentproviders\/npo.png","darkUrl":"https:\/\/cdn.nlziet.nl\/static\/assets\/contentproviders\/dark\/npo.png","flatUrl":"https:\/\/cdn.nlziet.nl\/static\/assets\/contentproviders\/flat\/npo.png"},"tags":[],"seriesId":"8CpDesE8Gk22rycQ5YifPA"},{"id":"V6bR2o4VLku0_vBCjIyyJQ","type":"Vod","title":"Pingu","subtitle":"Pingu's curlingfeest","description":"VPRO - Klei-animatieserie over de kleine pingu\u00efn Pingu.","formattedEpisodeNumbering":null,"formattedDate":"Do 19 feb. 2009","formattedDateShort":"Feb. 2009","formattedTime":"09:44","formattedDuration":"5m","formattedAvailabilityWindow":null,"formattedAvailabilityWindowShort":null,"image":{"portraitUrl":null,"landscapeUrl":"https:\/\/images.nlziet.nl\/metadataimportimages\/source\/6AEDF23F876608891422123FFFB55A8A7F7FFD3FE5B5728D228D425A4EAA0B20.jpg"},"logo":{"normalUrl":"https:\/\/cdn.nlziet.nl\/static\/assets\/contentproviders\/npo.png","darkUrl":"https:\/\/cdn.nlziet.nl\/static\/assets\/contentproviders\/dark\/npo.png","flatUrl":"https:\/\/cdn.nlziet.nl\/static\/assets\/contentproviders\/flat\/npo.png"},"tags":[],"seriesId":"8CpDesE8Gk22rycQ5YifPA"},{"id":"T07iqKn0IECdw3CPhHpLXg","type":"Vod","title":"Pingu","subtitle":"Pingu's eerste kus","description":"VPRO - Klei-animatieserie over de kleine pingu\u00efn Pingu.","formattedEpisodeNumbering":null,"formattedDate":"Wo 31 dec. 2008","formattedDateShort":"Dec. 2008","formattedTime":"06:44","formattedDuration":"5m","formattedAvailabilityWindow":null,"formattedAvailabilityWindowShort":null,"image":{"portraitUrl":null,"landscapeUrl":"https:\/\/images.nlziet.nl\/metadataimportimages\/source\/73FB572083929F099021D9CBD3FFB4D32C6C177A9A2F997B0D9104B45564E9B0.jpg"},"logo":{"normalUrl":"https:\/\/cdn.nlziet.nl\/static\/assets\/contentproviders\/npo.png","darkUrl":"https:\/\/cdn.nlziet.nl\/static\/assets\/contentproviders\/dark\/npo.png","flatUrl":"https:\/\/cdn.nlziet.nl\/static\/assets\/contentproviders\/flat\/npo.png"},"tags":[],"seriesId":"8CpDesE8Gk22rycQ5YifPA"},{"id":"xdMFp-WCb0GBVmRElJBpXA","type":"Vod","title":"Pingu","subtitle":"Pingu bij het ijssurfen","description":"VPRO - Klei-animatieserie over de kleine pingu\u00efn Pingu.","formattedEpisodeNumbering":null,"formattedDate":"Di 30 dec. 2008","formattedDateShort":"Dec. 2008","formattedTime":"06:47","formattedDuration":"5m","formattedAvailabilityWindow":null,"formattedAvailabilityWindowShort":null,"image":{"portraitUrl":null,"landscapeUrl":"https:\/\/images.nlziet.nl\/metadataimportimages\/source\/09D3D3859C1B136755526B1C66444AB569E5B61A7CB8030DBA23510FB5D54501.jpg"},"logo":{"normalUrl":"https:\/\/cdn.nlziet.nl\/static\/assets\/contentproviders\/npo.png","darkUrl":"https:\/\/cdn.nlziet.nl\/static\/assets\/contentproviders\/dark\/npo.png","flatUrl":"https:\/\/cdn.nlziet.nl\/static\/assets\/contentproviders\/flat\/npo.png"},"tags":[],"seriesId":"8CpDesE8Gk22rycQ5YifPA"},{"id":"eHLW5KI2w06FqjcuWBxAgw","type":"Vod","title":"Pingu","subtitle":"Pingu en de meeuw","description":"VPRO - Klei-animatieserie over de kleine pingu\u00efn Pingu.","formattedEpisodeNumbering":null,"formattedDate":"Ma 29 dec. 2008","formattedDateShort":"Dec. 2008","formattedTime":"06:47","formattedDuration":"5m","formattedAvailabilityWindow":null,"formattedAvailabilityWindowShort":null,"image":{"portraitUrl":null,"landscapeUrl":"https:\/\/images.nlziet.nl\/metadataimportimages\/source\/24B70CBBA1CDC59503E2D0E39932B455A7A3419FEBE67E88D21CE28E42173F2E.jpg"},"logo":{"normalUrl":"https:\/\/cdn.nlziet.nl\/static\/assets\/contentproviders\/npo.png","darkUrl":"https:\/\/cdn.nlziet.nl\/static\/assets\/contentproviders\/dark\/npo.png","flatUrl":"https:\/\/cdn.nlziet.nl\/static\/assets\/contentproviders\/flat\/npo.png"},"tags":[],"seriesId":"8CpDesE8Gk22rycQ5YifPA"},{"id":"ARyREDwTgUG-I5fzHY_oyw","type":"Vod","title":"Pingu","subtitle":"Pingu's aanbidster","description":"VPRO - Klei-animatieserie over de kleine pingu\u00efn Pingu.","formattedEpisodeNumbering":null,"formattedDate":"Zo 28 dec. 2008","formattedDateShort":"Dec. 2008","formattedTime":"06:52","formattedDuration":"4m","formattedAvailabilityWindow":null,"formattedAvailabilityWindowShort":null,"image":{"portraitUrl":null,"landscapeUrl":"https:\/\/images.nlziet.nl\/metadataimportimages\/source\/CD503F07725C3CAB6140751DEF5111697ECD29DB33D68CB0575B3392A8498081.jpg"},"logo":{"normalUrl":"https:\/\/cdn.nlziet.nl\/static\/assets\/contentproviders\/npo.png","darkUrl":"https:\/\/cdn.nlziet.nl\/static\/assets\/contentproviders\/dark\/npo.png","flatUrl":"https:\/\/cdn.nlziet.nl\/static\/assets\/contentproviders\/flat\/npo.png"},"tags":[],"seriesId":"8CpDesE8Gk22rycQ5YifPA"},{"id":"jOcOwHZj20K4N_QcBMoEGA","type":"Vod","title":"Pingu","subtitle":"Pingu bij de dokter","description":"VPRO - Klei-animatieserie over de kleine pingu\u00efn Pingu.","formattedEpisodeNumbering":null,"formattedDate":"Za 27 dec. 2008","formattedDateShort":"Dec. 2008","formattedTime":"06:47","formattedDuration":"4m","formattedAvailabilityWindow":null,"formattedAvailabilityWindowShort":null,"image":{"portraitUrl":null,"landscapeUrl":"https:\/\/images.nlziet.nl\/metadataimportimages\/source\/B8E5B47626064622BDFEF14CE6EE8A8758FD5E7E68C01193FCFCC7E8EE46139B.jpg"},"logo":{"normalUrl":"https:\/\/cdn.nlziet.nl\/static\/assets\/contentproviders\/npo.png","darkUrl":"https:\/\/cdn.nlziet.nl\/static\/assets\/contentproviders\/dark\/npo.png","flatUrl":"https:\/\/cdn.nlziet.nl\/static\/assets\/contentproviders\/flat\/npo.png"},"tags":[],"seriesId":"8CpDesE8Gk22rycQ5YifPA"},{"id":"jtGG84kYZEuff597h8zLpw","type":"Vod","title":"Pingu","subtitle":"Pingu's droom","description":"VPRO - Klei-animatieserie over de kleine pingu\u00efn Pingu.","formattedEpisodeNumbering":null,"formattedDate":"Vr 26 dec. 2008","formattedDateShort":"Dec. 2008","formattedTime":"06:42","formattedDuration":"5m","formattedAvailabilityWindow":null,"formattedAvailabilityWindowShort":null,"image":{"portraitUrl":null,"landscapeUrl":"https:\/\/images.nlziet.nl\/metadataimportimages\/source\/EE132406405F637CEF9D4947F1BDE0952C3FD9C225414D61FA3DCC1920D8931B.jpg"},"logo":{"normalUrl":"https:\/\/cdn.nlziet.nl\/static\/assets\/contentproviders\/npo.png","darkUrl":"https:\/\/cdn.nlziet.nl\/static\/assets\/contentproviders\/dark\/npo.png","flatUrl":"https:\/\/cdn.nlziet.nl\/static\/assets\/contentproviders\/flat\/npo.png"},"tags":[],"seriesId":"8CpDesE8Gk22rycQ5YifPA"},{"id":"E_BhQ4Z9AU2YiUvY1cGYYw","type":"Vod","title":"Pingu","subtitle":"Pingu's ijshol","description":"VPRO - Klei-animatieserie over de kleine pingu\u00efn Pingu.","formattedEpisodeNumbering":null,"formattedDate":"Za 20 dec. 2008","formattedDateShort":"Dec. 2008","formattedTime":"06:53","formattedDuration":"5m","formattedAvailabilityWindow":null,"formattedAvailabilityWindowShort":null,"image":{"portraitUrl":null,"landscapeUrl":"https:\/\/images.nlziet.nl\/metadataimportimages\/source\/AF1D00F8C344087B00E569F425E1043986513185B560ABA784A6A709D8FC5168.jpg"},"logo":{"normalUrl":"https:\/\/cdn.nlziet.nl\/static\/assets\/contentproviders\/npo.png","darkUrl":"https:\/\/cdn.nlziet.nl\/static\/assets\/contentproviders\/dark\/npo.png","flatUrl":"https:\/\/cdn.nlziet.nl\/static\/assets\/contentproviders\/flat\/npo.png"},"tags":[],"seriesId":"8CpDesE8Gk22rycQ5YifPA"},{"id":"-0s0EyCt-06fdXJlKY1shg","type":"Vod","title":"Pingu","subtitle":"Pingu's circus","description":"VPRO - Klei-animatieserie over de kleine pingu\u00efn Pingu.","formattedEpisodeNumbering":null,"formattedDate":"Wo 24 dec. 2008","formattedDateShort":"Dec. 2008","formattedTime":"06:42","formattedDuration":"5m","formattedAvailabilityWindow":null,"formattedAvailabilityWindowShort":null,"image":{"portraitUrl":null,"landscapeUrl":"https:\/\/images.nlziet.nl\/metadataimportimages\/source\/A5B01AD974365552EC650CF3C5F24E61695A32D1C29C29ACA332A293CE4060BD.jpg"},"logo":{"normalUrl":"https:\/\/cdn.nlziet.nl\/static\/assets\/contentproviders\/npo.png","darkUrl":"https:\/\/cdn.nlziet.nl\/static\/assets\/contentproviders\/dark\/npo.png","flatUrl":"https:\/\/cdn.nlziet.nl\/static\/assets\/contentproviders\/flat\/npo.png"},"tags":[],"seriesId":"8CpDesE8Gk22rycQ5YifPA"},{"id":"-DmpGYPiZUi3DQuG6A1fOw","type":"Vod","title":"Pingu","subtitle":"Pingu in het draaiorgel","description":"VPRO - Klei-animatieserie over de kleine pingu\u00efn Pingu.","formattedEpisodeNumbering":null,"formattedDate":"Di 23 dec. 2008","formattedDateShort":"Dec. 2008","formattedTime":"06:45","formattedDuration":"5m","formattedAvailabilityWindow":null,"formattedAvailabilityWindowShort":null,"image":{"portraitUrl":null,"landscapeUrl":"https:\/\/images.nlziet.nl\/metadataimportimages\/source\/426161189F597F168F6C8C59C206458537DCB4E053C2318A6E5BBFD0630C4E27.jpg"},"logo":{"normalUrl":"https:\/\/cdn.nlziet.nl\/static\/assets\/contentproviders\/npo.png","darkUrl":"https:\/\/cdn.nlziet.nl\/static\/assets\/contentproviders\/dark\/npo.png","flatUrl":"https:\/\/cdn.nlziet.nl\/static\/assets\/contentproviders\/flat\/npo.png"},"tags":[],"seriesId":"8CpDesE8Gk22rycQ5YifPA"},{"id":"aY-qms4vP0qql1eKyG1Qng","type":"Vod","title":"Pingu","subtitle":"Opa is ziek","description":"VPRO - Kleianimatieserie over de kleine pingu\u00efn Pingu.","formattedEpisodeNumbering":null,"formattedDate":"Ma 22 dec. 2008","formattedDateShort":"Dec. 2008","formattedTime":"06:43","formattedDuration":"5m","formattedAvailabilityWindow":null,"formattedAvailabilityWindowShort":null,"image":{"portraitUrl":null,"landscapeUrl":"https:\/\/images.nlziet.nl\/metadataimportimages\/source\/35A06AE25C3593D829175D51DBC18F7D5C4E1B76FBC448904A352541C7B8824D.jpg"},"logo":{"normalUrl":"https:\/\/cdn.nlziet.nl\/static\/assets\/contentproviders\/npo.png","darkUrl":"https:\/\/cdn.nlziet.nl\/static\/assets\/contentproviders\/dark\/npo.png","flatUrl":"https:\/\/cdn.nlziet.nl\/static\/assets\/contentproviders\/flat\/npo.png"},"tags":[],"seriesId":"8CpDesE8Gk22rycQ5YifPA"},{"id":"MdtrmOQolk2XWyprAqXoLQ","type":"Vod","title":"Pingu","subtitle":"De buren hebben last","description":"VPRO - Klei-animatieserie over de kleine pingu\u00efn Pingu.","formattedEpisodeNumbering":null,"formattedDate":"Zo 21 dec. 2008","formattedDateShort":"Dec. 2008","formattedTime":"06:43","formattedDuration":"5m","formattedAvailabilityWindow":null,"formattedAvailabilityWindowShort":null,"image":{"portraitUrl":null,"landscapeUrl":"https:\/\/images.nlziet.nl\/metadataimportimages\/source\/EC25CE8631A22D5C586121E0298DEC7ED0692A9C13F9D6E3F6D60A1545F0050D.jpg"},"logo":{"normalUrl":"https:\/\/cdn.nlziet.nl\/static\/assets\/contentproviders\/npo.png","darkUrl":"https:\/\/cdn.nlziet.nl\/static\/assets\/contentproviders\/dark\/npo.png","flatUrl":"https:\/\/cdn.nlziet.nl\/static\/assets\/contentproviders\/flat\/npo.png"},"tags":[],"seriesId":"8CpDesE8Gk22rycQ5YifPA"},{"id":"-GHYeFGty0CtHkiTNJN_bw","type":"Vod","title":"Pingu","subtitle":"Pingu en Pinga zijn alleen","description":"VPRO - Klei-animatieserie over de kleine pingu\u00efn Pingu.","formattedEpisodeNumbering":null,"formattedDate":"Za 20 dec. 2008","formattedDateShort":"Dec. 2008","formattedTime":"06:48","formattedDuration":"5m","formattedAvailabilityWindow":null,"formattedAvailabilityWindowShort":null,"image":{"portraitUrl":null,"landscapeUrl":"https:\/\/images.nlziet.nl\/metadataimportimages\/source\/C8332437C587A1E26A830312A281EA4C78F449601FE2531395A9651BE09BF96F.jpg"},"logo":{"normalUrl":"https:\/\/cdn.nlziet.nl\/static\/assets\/contentproviders\/npo.png","darkUrl":"https:\/\/cdn.nlziet.nl\/static\/assets\/contentproviders\/dark\/npo.png","flatUrl":"https:\/\/cdn.nlziet.nl\/static\/assets\/contentproviders\/flat\/npo.png"},"tags":[],"seriesId":"8CpDesE8Gk22rycQ5YifPA"},{"id":"9XQSgQWCuEWvtrzZdR7FRA","type":"Vod","title":"Pingu","subtitle":"Op school","description":"VPRO - Klei-animatieserie over de kleine pingu\u00efn Pingu.","formattedEpisodeNumbering":null,"formattedDate":"Vr 19 dec. 2008","formattedDateShort":"Dec. 2008","formattedTime":"06:43","formattedDuration":"5m","formattedAvailabilityWindow":null,"formattedAvailabilityWindowShort":null,"image":{"portraitUrl":null,"landscapeUrl":"https:\/\/images.nlziet.nl\/metadataimportimages\/source\/7D196F7C58A6169AB06BDCF8C77130FD3C5BFBA716122B4F4E61D1768DDD4A59.jpg"},"logo":{"normalUrl":"https:\/\/cdn.nlziet.nl\/static\/assets\/contentproviders\/npo.png","darkUrl":"https:\/\/cdn.nlziet.nl\/static\/assets\/contentproviders\/dark\/npo.png","flatUrl":"https:\/\/cdn.nlziet.nl\/static\/assets\/contentproviders\/flat\/npo.png"},"tags":[],"seriesId":"8CpDesE8Gk22rycQ5YifPA"},{"id":"kv3P8nYtk0S6Nx_P2YrxWA","type":"Vod","title":"Pingu","subtitle":"De wc","description":"VPRO - Klei-animatieserie over de kleine pingu\u00efn Pingu.","formattedEpisodeNumbering":null,"formattedDate":"Do 18 dec. 2008","formattedDateShort":"Dec. 2008","formattedTime":"06:43","formattedDuration":"5m","formattedAvailabilityWindow":null,"formattedAvailabilityWindowShort":null,"image":{"portraitUrl":null,"landscapeUrl":"https:\/\/images.nlziet.nl\/metadataimportimages\/source\/C2F961D22691D94FF482CC29DB5AC507A13DCAA834A11C19B0DF4C773ACA2A3F.jpg"},"logo":{"normalUrl":"https:\/\/cdn.nlziet.nl\/static\/assets\/contentproviders\/npo.png","darkUrl":"https:\/\/cdn.nlziet.nl\/static\/assets\/contentproviders\/dark\/npo.png","flatUrl":"https:\/\/cdn.nlziet.nl\/static\/assets\/contentproviders\/flat\/npo.png"},"tags":[],"seriesId":"8CpDesE8Gk22rycQ5YifPA"},{"id":"mamAFKUFWEO1B_U1LzkfcQ","type":"Vod","title":"Pingu","subtitle":"Muziekles bij opa","description":"VPRO - Klei-animatieserie over de kleine pingu\u00efn Pingu.","formattedEpisodeNumbering":null,"formattedDate":"Wo 17 dec. 2008","formattedDateShort":"Dec. 2008","formattedTime":"06:46","formattedDuration":"5m","formattedAvailabilityWindow":null,"formattedAvailabilityWindowShort":null,"image":{"portraitUrl":null,"landscapeUrl":"https:\/\/images.nlziet.nl\/metadataimportimages\/source\/2C6EAAE0657DA144C4BF0A2FDD53820E92011D55871F6FCF9870D001305CBB09.jpg"},"logo":{"normalUrl":"https:\/\/cdn.nlziet.nl\/static\/assets\/contentproviders\/npo.png","darkUrl":"https:\/\/cdn.nlziet.nl\/static\/assets\/contentproviders\/dark\/npo.png","flatUrl":"https:\/\/cdn.nlziet.nl\/static\/assets\/contentproviders\/flat\/npo.png"},"tags":[],"seriesId":"8CpDesE8Gk22rycQ5YifPA"},{"id":"IkmIAwCX_kGcrFqHGBQAxg","type":"Vod","title":"Pingu","subtitle":"Pingu en Pinga willen niet naar bed","description":"VPRO - Klei-animatieserie over de kleine pingu\u00efn Pingu.","formattedEpisodeNumbering":null,"formattedDate":"Di 16 dec. 2008","formattedDateShort":"Dec. 2008","formattedTime":"06:45","formattedDuration":"5m","formattedAvailabilityWindow":null,"formattedAvailabilityWindowShort":null,"image":{"portraitUrl":null,"landscapeUrl":"https:\/\/images.nlziet.nl\/metadataimportimages\/source\/08D99CFF0573D4F0BA27B4BA4F8F2E0A62618C31EF2432F9B29C7AA12E3A572D.jpg"},"logo":{"normalUrl":"https:\/\/cdn.nlziet.nl\/static\/assets\/contentproviders\/npo.png","darkUrl":"https:\/\/cdn.nlziet.nl\/static\/assets\/contentproviders\/dark\/npo.png","flatUrl":"https:\/\/cdn.nlziet.nl\/static\/assets\/contentproviders\/flat\/npo.png"},"tags":[],"seriesId":"8CpDesE8Gk22rycQ5YifPA"},{"id":"K8z1tWxyZ069vKB2IoDcwQ","type":"Vod","title":"Pingu","subtitle":"Er wordt een iglo gebouwd","description":"VPRO - Klei-animatieserie over de kleine pingu\u00efn Pingu.","formattedEpisodeNumbering":null,"formattedDate":"Do 11 dec. 2008","formattedDateShort":"Dec. 2008","formattedTime":"06:50","formattedDuration":"5m","formattedAvailabilityWindow":null,"formattedAvailabilityWindowShort":null,"image":{"portraitUrl":null,"landscapeUrl":"https:\/\/images.nlziet.nl\/metadataimportimages\/source\/39FF47F99B9510E9A871A11514FFA7D3245E09E2A953974E1D2D9946273C3F36.jpg"},"logo":{"normalUrl":"https:\/\/cdn.nlziet.nl\/static\/assets\/contentproviders\/npo.png","darkUrl":"https:\/\/cdn.nlziet.nl\/static\/assets\/contentproviders\/dark\/npo.png","flatUrl":"https:\/\/cdn.nlziet.nl\/static\/assets\/contentproviders\/flat\/npo.png"},"tags":[],"seriesId":"8CpDesE8Gk22rycQ5YifPA"},{"id":"Z6TyR6EBekSFvLk4k5nFtg","type":"Vod","title":"Pingu","subtitle":"Pingu loopt weg","description":"VPRO - Klei-animatieserie over de kleine pingu\u00efn Pingu.","formattedEpisodeNumbering":null,"formattedDate":"Zo 14 dec. 2008","formattedDateShort":"Dec. 2008","formattedTime":"06:49","formattedDuration":"5m","formattedAvailabilityWindow":null,"formattedAvailabilityWindowShort":null,"image":{"portraitUrl":null,"landscapeUrl":"https:\/\/images.nlziet.nl\/metadataimportimages\/source\/0753D0F61A1282ED1B7FBC3B030254D16456CA6A36A6C347E74023179915B544.jpg"},"logo":{"normalUrl":"https:\/\/cdn.nlziet.nl\/static\/assets\/contentproviders\/npo.png","darkUrl":"https:\/\/cdn.nlziet.nl\/static\/assets\/contentproviders\/dark\/npo.png","flatUrl":"https:\/\/cdn.nlziet.nl\/static\/assets\/contentproviders\/flat\/npo.png"},"tags":[],"seriesId":"8CpDesE8Gk22rycQ5YifPA"},{"id":"PSF3dla2HUSlov68aiHJAQ","type":"Vod","title":"Pingu","subtitle":"IJshockey","description":"VPRO - Klei-animatieserie over de kleine pingu\u00efn Pingu.","formattedEpisodeNumbering":null,"formattedDate":"Za 13 dec. 2008","formattedDateShort":"Dec. 2008","formattedTime":"06:44","formattedDuration":"5m","formattedAvailabilityWindow":null,"formattedAvailabilityWindowShort":null,"image":{"portraitUrl":null,"landscapeUrl":"https:\/\/images.nlziet.nl\/metadataimportimages\/source\/1C8D84B4687E4970C336B2BFD95F6A90324382B86653D40134D21DD278A0DA36.jpg"},"logo":{"normalUrl":"https:\/\/cdn.nlziet.nl\/static\/assets\/contentproviders\/npo.png","darkUrl":"https:\/\/cdn.nlziet.nl\/static\/assets\/contentproviders\/dark\/npo.png","flatUrl":"https:\/\/cdn.nlziet.nl\/static\/assets\/contentproviders\/flat\/npo.png"},"tags":[],"seriesId":"8CpDesE8Gk22rycQ5YifPA"},{"id":"nGpnYk7YyUup7ZFkWLil6w","type":"Vod","title":"Pingu","subtitle":"Pinga is weg","description":"VPRO - Klei-animatieserie over de kleine pingu\u00efn Pingu.","formattedEpisodeNumbering":null,"formattedDate":"Vr 12 dec. 2008","formattedDateShort":"Dec. 2008","formattedTime":"06:43","formattedDuration":"5m","formattedAvailabilityWindow":null,"formattedAvailabilityWindowShort":null,"image":{"portraitUrl":null,"landscapeUrl":"https:\/\/images.nlziet.nl\/metadataimportimages\/source\/B2CC308269138A19C454D571EA66D0F2B149D09A30B38B41677C469C93D6EFF7.jpg"},"logo":{"normalUrl":"https:\/\/cdn.nlziet.nl\/static\/assets\/contentproviders\/npo.png","darkUrl":"https:\/\/cdn.nlziet.nl\/static\/assets\/contentproviders\/dark\/npo.png","flatUrl":"https:\/\/cdn.nlziet.nl\/static\/assets\/contentproviders\/flat\/npo.png"},"tags":[],"seriesId":"8CpDesE8Gk22rycQ5YifPA"},{"id":"ZajxJdZuGUm7oAVdP5dIQg","type":"Vod","title":"Pingu","subtitle":"Schaatsen","description":"VPRO - Klei-animatieserie over de kleine pingu\u00efn Pingu.","formattedEpisodeNumbering":null,"formattedDate":"Do 11 dec. 2008","formattedDateShort":"Dec. 2008","formattedTime":"06:44","formattedDuration":"5m","formattedAvailabilityWindow":null,"formattedAvailabilityWindowShort":null,"image":{"portraitUrl":null,"landscapeUrl":"https:\/\/images.nlziet.nl\/metadataimportimages\/source\/8A861EFEC2F3156DCCF28EF12586CAF2848C6A4EC511CE2F438EB8ADBE40390B.jpg"},"logo":{"normalUrl":"https:\/\/cdn.nlziet.nl\/static\/assets\/contentproviders\/npo.png","darkUrl":"https:\/\/cdn.nlziet.nl\/static\/assets\/contentproviders\/dark\/npo.png","flatUrl":"https:\/\/cdn.nlziet.nl\/static\/assets\/contentproviders\/flat\/npo.png"},"tags":[],"seriesId":"8CpDesE8Gk22rycQ5YifPA"},{"id":"qeib1M0_mUWQTUl-vixblw","type":"Vod","title":"Pingu","subtitle":"Ski\u00ebn","description":"VPRO - Klei-animatieserie over de kleine pingu\u00efn Pingu.","formattedEpisodeNumbering":null,"formattedDate":"Wo 10 dec. 2008","formattedDateShort":"Dec. 2008","formattedTime":"06:45","formattedDuration":"5m","formattedAvailabilityWindow":null,"formattedAvailabilityWindowShort":null,"image":{"portraitUrl":null,"landscapeUrl":"https:\/\/images.nlziet.nl\/metadataimportimages\/source\/84D4880911615EE60344CBBCF01120E7C92616C11F27C35A2556F54A4AEF1C0E.jpg"},"logo":{"normalUrl":"https:\/\/cdn.nlziet.nl\/static\/assets\/contentproviders\/npo.png","darkUrl":"https:\/\/cdn.nlziet.nl\/static\/assets\/contentproviders\/dark\/npo.png","flatUrl":"https:\/\/cdn.nlziet.nl\/static\/assets\/contentproviders\/flat\/npo.png"},"tags":[],"seriesId":"8CpDesE8Gk22rycQ5YifPA"},{"id":"-8f3ltL2Lky5by2WH4qDuA","type":"Vod","title":"Pingu","subtitle":"Lawinegevaar","description":"VPRO - Klei-animatieserie over de kleine pingu\u00efn Pingu.","formattedEpisodeNumbering":null,"formattedDate":"Di 9 dec. 2008","formattedDateShort":"Dec. 2008","formattedTime":"06:45","formattedDuration":"5m","formattedAvailabilityWindow":null,"formattedAvailabilityWindowShort":null,"image":{"portraitUrl":null,"landscapeUrl":"https:\/\/images.nlziet.nl\/metadataimportimages\/source\/88903287121BEDEA2B14393392946125C4825F56C3DEB6A920F8C60219F6A591.jpg"},"logo":{"normalUrl":"https:\/\/cdn.nlziet.nl\/static\/assets\/contentproviders\/npo.png","darkUrl":"https:\/\/cdn.nlziet.nl\/static\/assets\/contentproviders\/dark\/npo.png","flatUrl":"https:\/\/cdn.nlziet.nl\/static\/assets\/contentproviders\/flat\/npo.png"},"tags":[],"seriesId":"8CpDesE8Gk22rycQ5YifPA"},{"id":"y5XzmzT2YEyjry17aL7QEQ","type":"Vod","title":"Pingu","subtitle":"Het sneeuwbalgevecht","description":"VPRO - Klei-animatieserie over de kleine pingu\u00efn Pingu.","formattedEpisodeNumbering":null,"formattedDate":"Wo 21 jan. 2009","formattedDateShort":"Jan. 2009","formattedTime":"08:44","formattedDuration":"5m","formattedAvailabilityWindow":null,"formattedAvailabilityWindowShort":null,"image":{"portraitUrl":null,"landscapeUrl":"https:\/\/images.nlziet.nl\/metadataimportimages\/source\/10CA80991733A61F6E919F5FC4D9E07BD11ACD3E8F71E4D970E5FF5742B8F692.jpg"},"logo":{"normalUrl":"https:\/\/cdn.nlziet.nl\/static\/assets\/contentproviders\/npo.png","darkUrl":"https:\/\/cdn.nlziet.nl\/static\/assets\/contentproviders\/dark\/npo.png","flatUrl":"https:\/\/cdn.nlziet.nl\/static\/assets\/contentproviders\/flat\/npo.png"},"tags":[],"seriesId":"8CpDesE8Gk22rycQ5YifPA"},{"id":"2W1fXcPEGUeQClAWXZskbA","type":"Vod","title":"Pingu","subtitle":"Pingu speelt visvolley","description":"VPRO - Klei-animatieserie over de kleine pingu\u00efn Pingu.","formattedEpisodeNumbering":null,"formattedDate":"Di 20 jan. 2009","formattedDateShort":"Jan. 2009","formattedTime":"08:44","formattedDuration":"5m","formattedAvailabilityWindow":null,"formattedAvailabilityWindowShort":null,"image":{"portraitUrl":null,"landscapeUrl":"https:\/\/images.nlziet.nl\/metadataimportimages\/source\/48D7E781BFFD122D5845F7D2DF8DD1A71703B0FCC279A88F632D32590C6B8ECF.jpg"},"logo":{"normalUrl":"https:\/\/cdn.nlziet.nl\/static\/assets\/contentproviders\/npo.png","darkUrl":"https:\/\/cdn.nlziet.nl\/static\/assets\/contentproviders\/dark\/npo.png","flatUrl":"https:\/\/cdn.nlziet.nl\/static\/assets\/contentproviders\/flat\/npo.png"},"tags":[],"seriesId":"8CpDesE8Gk22rycQ5YifPA"},{"id":"DaqhJGpisUiRq8WRL90Bbw","type":"Vod","title":"Pingu","subtitle":"Pingu is jaloers","description":"VPRO - Klei-animatieserie over de kleine pingu\u00efn Pingu.","formattedEpisodeNumbering":null,"formattedDate":"Wo 7 jan. 2009","formattedDateShort":"Jan. 2009","formattedTime":"11:42","formattedDuration":"5m","formattedAvailabilityWindow":null,"formattedAvailabilityWindowShort":null,"image":{"portraitUrl":null,"landscapeUrl":"https:\/\/images.nlziet.nl\/metadataimportimages\/source\/ED2F7E3B19007C74BBC97F11FE12A80938235E87CF8F16C0FEECCFAD7AD9755C.jpg"},"logo":{"normalUrl":"https:\/\/cdn.nlziet.nl\/static\/assets\/contentproviders\/npo.png","darkUrl":"https:\/\/cdn.nlziet.nl\/static\/assets\/contentproviders\/dark\/npo.png","flatUrl":"https:\/\/cdn.nlziet.nl\/static\/assets\/contentproviders\/flat\/npo.png"},"tags":[],"seriesId":"8CpDesE8Gk22rycQ5YifPA"},{"id":"P-MuRmIzDE6OWigGsI3new","type":"Vod","title":"Pingu","subtitle":"Geboorte van Pinga","description":"VPRO - Klei-animatieserie over de kleine pingu\u00efn Pingu.","formattedEpisodeNumbering":null,"formattedDate":"Di 6 jan. 2009","formattedDateShort":"Jan. 2009","formattedTime":"11:51","formattedDuration":"5m","formattedAvailabilityWindow":null,"formattedAvailabilityWindowShort":null,"image":{"portraitUrl":null,"landscapeUrl":"https:\/\/images.nlziet.nl\/metadataimportimages\/source\/8B2E6336F7CA73CDA0F09AA45F0A4016C1FD9766706248A1A6F21F33A89ACCE8.jpg"},"logo":{"normalUrl":"https:\/\/cdn.nlziet.nl\/static\/assets\/contentproviders\/npo.png","darkUrl":"https:\/\/cdn.nlziet.nl\/static\/assets\/contentproviders\/dark\/npo.png","flatUrl":"https:\/\/cdn.nlziet.nl\/static\/assets\/contentproviders\/flat\/npo.png"},"tags":[],"seriesId":"8CpDesE8Gk22rycQ5YifPA"},{"id":"kq2gdRa9MUG6DXcACu2Qvw","type":"Vod","title":"Pingu","subtitle":"Pingu gaat vissen","description":"VPRO - Klei-animatieserie over de kleine pingu\u00efn Pingu.","formattedEpisodeNumbering":null,"formattedDate":"Zo 11 jan. 2009","formattedDateShort":"Jan. 2009","formattedTime":"06:48","formattedDuration":"5m","formattedAvailabilityWindow":null,"formattedAvailabilityWindowShort":null,"image":{"portraitUrl":null,"landscapeUrl":"https:\/\/images.nlziet.nl\/metadataimportimages\/source\/D87FCFD683344403A0606EFF9075A816662D0E2D8C8CF8304E28BD23DB31B5EC.jpg"},"logo":{"normalUrl":"https:\/\/cdn.nlziet.nl\/static\/assets\/contentproviders\/npo.png","darkUrl":"https:\/\/cdn.nlziet.nl\/static\/assets\/contentproviders\/dark\/npo.png","flatUrl":"https:\/\/cdn.nlziet.nl\/static\/assets\/contentproviders\/flat\/npo.png"},"tags":[],"seriesId":"8CpDesE8Gk22rycQ5YifPA"},{"id":"2tryfzNOqUK_plO4jcfseg","type":"Vod","title":"Pingu","subtitle":"Pingu helpt de postbode","description":"VPRO - Klei-animatieserie over de kleine pingu\u00efn Pingu.","formattedEpisodeNumbering":null,"formattedDate":"Za 10 jan. 2009","formattedDateShort":"Jan. 2009","formattedTime":"06:49","formattedDuration":"5m","formattedAvailabilityWindow":null,"formattedAvailabilityWindowShort":null,"image":{"portraitUrl":null,"landscapeUrl":"https:\/\/images.nlziet.nl\/metadataimportimages\/source\/8A3A179E533BF5C43D7AA8720AC77CCA409A2CDF08A74217B32EE268BBB363FB.jpg"},"logo":{"normalUrl":"https:\/\/cdn.nlziet.nl\/static\/assets\/contentproviders\/npo.png","darkUrl":"https:\/\/cdn.nlziet.nl\/static\/assets\/contentproviders\/dark\/npo.png","flatUrl":"https:\/\/cdn.nlziet.nl\/static\/assets\/contentproviders\/flat\/npo.png"},"tags":[],"seriesId":"8CpDesE8Gk22rycQ5YifPA"},{"id":"R-FFgjmzckyFQCTf84vU7w","type":"Vod","title":"Pingu","subtitle":"Pingu helpt broeden","description":"VPRO - Klei-animatieserie over de kleine pingu\u00efn Pingu.","formattedEpisodeNumbering":null,"formattedDate":"Di 13 jan. 2009","formattedDateShort":"Jan. 2009","formattedTime":"08:44","formattedDuration":"5m","formattedAvailabilityWindow":null,"formattedAvailabilityWindowShort":null,"image":{"portraitUrl":null,"landscapeUrl":"https:\/\/images.nlziet.nl\/metadataimportimages\/source\/A850D83A1368A1591A854A1B3C208DCD8A99D350CBDEB123D2F5AA826C67300B.jpg"},"logo":{"normalUrl":"https:\/\/cdn.nlziet.nl\/static\/assets\/contentproviders\/npo.png","darkUrl":"https:\/\/cdn.nlziet.nl\/static\/assets\/contentproviders\/dark\/npo.png","flatUrl":"https:\/\/cdn.nlziet.nl\/static\/assets\/contentproviders\/flat\/npo.png"},"tags":[],"seriesId":"8CpDesE8Gk22rycQ5YifPA"},{"id":"JSNBeepCK0yCO6Z8uo4G3w","type":"Vod","title":"Pingu","subtitle":"Pingu wordt voorgesteld","description":"VPRO - Klei-animatieserie over de kleine pingu\u00efn Pingu.","formattedEpisodeNumbering":null,"formattedDate":"Za 27 dec. 2008","formattedDateShort":"Dec. 2008","formattedTime":"06:52","formattedDuration":"5m","formattedAvailabilityWindow":null,"formattedAvailabilityWindowShort":null,"image":{"portraitUrl":null,"landscapeUrl":"https:\/\/images.nlziet.nl\/metadataimportimages\/source\/A641EDB0D2C1DA61D409B2510357477ACAF58AA9E89FF1C994CB1C989F5701D4.jpg"},"logo":{"normalUrl":"https:\/\/cdn.nlziet.nl\/static\/assets\/contentproviders\/npo.png","darkUrl":"https:\/\/cdn.nlziet.nl\/static\/assets\/contentproviders\/dark\/npo.png","flatUrl":"https:\/\/cdn.nlziet.nl\/static\/assets\/contentproviders\/flat\/npo.png"},"tags":[],"seriesId":"8CpDesE8Gk22rycQ5YifPA"}]