[{"id":"o-JFXTss10WxMufewLFEfQ","type":"Vod","title":"NOS WK-kwalificatie Voetbal (v) Tsjechi\u00eb - Nederland tweede helft","subtitle":"NOS WK-kwalificatie Voetbal (v) Tsjechi\u00eb - Nederland tweede helft","description":"NOS - Rechtstreeks verslag van de tweede helft van een WK-kwalificatiewedstrijd.","formattedEpisodeNumbering":null,"formattedDate":"Za 27 nov. 2021","formattedDateShort":"Nov. 2021","formattedTime":"13:00","formattedDuration":"1u 6m","formattedAvailabilityWindow":null,"formattedAvailabilityWindowShort":null,"image":{"portraitUrl":null,"landscapeUrl":"https:\/\/images.nlziet.nl\/metadataimportimages\/source\/8B41C556620F22CD05E6CBAD710B577D839C39E5992672DF9A5C974CC2AB93AF.jpg"},"logo":{"normalUrl":"https:\/\/cdn.nlziet.nl\/static\/assets\/contentproviders\/npo.png","darkUrl":"https:\/\/cdn.nlziet.nl\/static\/assets\/contentproviders\/dark\/npo.png","flatUrl":"https:\/\/cdn.nlziet.nl\/static\/assets\/contentproviders\/flat\/npo.png"},"tags":[],"seriesId":"5Ys7Jwg3_EKAiS07ctyJhw"},{"id":"UcoZIDnP9EmwkM-YIBV1qw","type":"Vod","title":"NOS WK-kwalificatie Voetbal (v) Wit-Rusland - Nederland tweede helft","subtitle":"NOS WK-kwalificatie Voetbal (v) Wit-Rusland - Nederland tweede helft","description":"NOS - Rechtstreeks verslag van de tweede helft van de wedstrijd Wit-Rusland - Nederland.","formattedEpisodeNumbering":null,"formattedDate":"Di 26 okt. 2021","formattedDateShort":"Okt. 2021","formattedTime":"21:00","formattedDuration":"54m","formattedAvailabilityWindow":null,"formattedAvailabilityWindowShort":null,"image":{"portraitUrl":null,"landscapeUrl":"https:\/\/images.nlziet.nl\/metadataimportimages\/source\/BA0C511D5422B922BEF1C8ACB727C1995A7C76142958BE2744190D208EE1963D.jpg"},"logo":{"normalUrl":"https:\/\/cdn.nlziet.nl\/static\/assets\/contentproviders\/npo.png","darkUrl":"https:\/\/cdn.nlziet.nl\/static\/assets\/contentproviders\/dark\/npo.png","flatUrl":"https:\/\/cdn.nlziet.nl\/static\/assets\/contentproviders\/flat\/npo.png"},"tags":[],"seriesId":"5Ys7Jwg3_EKAiS07ctyJhw"},{"id":"jx07qg0ZDUantMHZCPK8fA","type":"Vod","title":"NOS WK-kwalificatie Voetbal (v) Cyprus - Nederland tweede helft","subtitle":"NOS WK-kwalificatie Voetbal (v) Cyprus - Nederland tweede helft","description":"NOS - Rechtstreeks verslag van de tweede helft van de WK-kwalificatiewedstrijd Cyprus - Nederland (vrouwen).","formattedEpisodeNumbering":null,"formattedDate":"Vr 22 okt. 2021","formattedDateShort":"Okt. 2021","formattedTime":"21:45","formattedDuration":"54m","formattedAvailabilityWindow":null,"formattedAvailabilityWindowShort":null,"image":{"portraitUrl":null,"landscapeUrl":"https:\/\/images.nlziet.nl\/metadataimportimages\/source\/BAFDF5D7D57596E73DE2D7A3DEF2F286752EB7EC851000EA7F3A42E94DD4A78E.jpg"},"logo":{"normalUrl":"https:\/\/cdn.nlziet.nl\/static\/assets\/contentproviders\/npo.png","darkUrl":"https:\/\/cdn.nlziet.nl\/static\/assets\/contentproviders\/dark\/npo.png","flatUrl":"https:\/\/cdn.nlziet.nl\/static\/assets\/contentproviders\/flat\/npo.png"},"tags":[],"seriesId":"5Ys7Jwg3_EKAiS07ctyJhw"},{"id":"Isud1-kFs0yp4Y_ygbL1Sw","type":"Vod","title":"NOS WK-kwalificatie Voetbal (v) IJsland - Nederland tweede helft","subtitle":"NOS WK-kwalificatie Voetbal (v) IJsland - Nederland tweede helft","description":"NOS - Rechtstreeks verslag van de tweede helft van de WK-kwalificatiewedstrijd IJsland - Nederland (vrouwen).","formattedEpisodeNumbering":null,"formattedDate":"Di 21 sep. 2021","formattedDateShort":"Sep. 2021","formattedTime":"21:45","formattedDuration":"55m","formattedAvailabilityWindow":null,"formattedAvailabilityWindowShort":null,"image":{"portraitUrl":null,"landscapeUrl":"https:\/\/images.nlziet.nl\/metadataimportimages\/source\/300DBC145B3E13605A453BD1375F9BEE9420A8B9AB6F5DF112331FBDBD272ACC.jpg"},"logo":{"normalUrl":"https:\/\/cdn.nlziet.nl\/static\/assets\/contentproviders\/npo.png","darkUrl":"https:\/\/cdn.nlziet.nl\/static\/assets\/contentproviders\/dark\/npo.png","flatUrl":"https:\/\/cdn.nlziet.nl\/static\/assets\/contentproviders\/flat\/npo.png"},"tags":[],"seriesId":"5Ys7Jwg3_EKAiS07ctyJhw"},{"id":"V00YCCdplU2pNV65oTrhgw","type":"Vod","title":"NOS WK-kwalificatie Voetbal (v) Nederland - Tsjechi\u00eb tweede helft","subtitle":"NOS WK-kwalificatie Voetbal (v) Nederland - Tsjechi\u00eb tweede helft","description":"NOS - Rechtstreeks verslag van de tweede helft van de WK-kwalificatiewedstrijd vrouwen: Nederland - Tsjechi\u00eb.","formattedEpisodeNumbering":null,"formattedDate":"Vr 17 sep. 2021","formattedDateShort":"Sep. 2021","formattedTime":"21:45","formattedDuration":"56m","formattedAvailabilityWindow":null,"formattedAvailabilityWindowShort":null,"image":{"portraitUrl":null,"landscapeUrl":"https:\/\/images.nlziet.nl\/metadataimportimages\/source\/08F3E3DA99810035BDFE2D54F5BE378CAC825917A7162D0848613691CEC2D176.jpg"},"logo":{"normalUrl":"https:\/\/cdn.nlziet.nl\/static\/assets\/contentproviders\/npo.png","darkUrl":"https:\/\/cdn.nlziet.nl\/static\/assets\/contentproviders\/dark\/npo.png","flatUrl":"https:\/\/cdn.nlziet.nl\/static\/assets\/contentproviders\/flat\/npo.png"},"tags":[],"seriesId":"5Ys7Jwg3_EKAiS07ctyJhw"}]