[{"id":"x5b6tHBrZU--CHSSp_7_tw","contentProvider":"Npo","type":"Vod","title":"DREAM SCHOOL","subtitle":"Bereidheid en opluchting","description":"Met Dominique Bloodworth, rapper Junte - 'Sticks' - Uiterwijk en voor de lunch De Worsten van Babel en koffiemakers Heilige Boontjes.","formattedEpisodeNumbering":"S4:A13","formattedDate":"Di 26 mei 2020","formattedDateShort":"Mei 2020","formattedTime":"20:55","formattedDuration":"1u 5m","formattedAvailabilityWindow":null,"formattedAvailabilityWindowShort":null,"availableUntil":"2100-12-31T23:59:00+00:00","image":{"portraitUrl":null,"landscapeUrl":"https:\/\/images.nlziet.nl\/metadataimportimages\/source\/E1DDA28578AB189242A8B1CB4579AC3F385A056AFF7A8ED799FAF6E93ECA2FEC.jpg"},"logo":{"normalUrl":"https:\/\/cdn.nlziet.nl\/static\/assets\/contentproviders\/npo.png","darkUrl":"https:\/\/cdn.nlziet.nl\/static\/assets\/contentproviders\/dark\/npo.png","flatUrl":"https:\/\/cdn.nlziet.nl\/static\/assets\/contentproviders\/flat\/npo.png"},"tags":[],"seriesId":"4m5opRLDFkeeqa97TACkAg","seasonId":"91izwE6D4UCeCGF6EvjCRw","isAvailable":true},{"id":"mlxlNLedVEKRxDeaqV55BQ","contentProvider":"Npo","type":"Vod","title":"DREAM SCHOOL","subtitle":"Wat houdt je tegen?","description":"Actrice Melody Klaver, kunstenaar Raquel van Haver en politicus Klaas Dijkhoff komen lesgeven.","formattedEpisodeNumbering":"S4:A12","formattedDate":"Di 19 mei 2020","formattedDateShort":"Mei 2020","formattedTime":"20:55","formattedDuration":"1u 2m","formattedAvailabilityWindow":null,"formattedAvailabilityWindowShort":null,"availableUntil":"2100-12-31T23:59:00+00:00","image":{"portraitUrl":null,"landscapeUrl":"https:\/\/images.nlziet.nl\/metadataimportimages\/source\/703C5199265072A783BC357A961F8F82D54DA81F8CE3EEF5A3096627A3C619DE.jpg"},"logo":{"normalUrl":"https:\/\/cdn.nlziet.nl\/static\/assets\/contentproviders\/npo.png","darkUrl":"https:\/\/cdn.nlziet.nl\/static\/assets\/contentproviders\/dark\/npo.png","flatUrl":"https:\/\/cdn.nlziet.nl\/static\/assets\/contentproviders\/flat\/npo.png"},"tags":[],"seriesId":"4m5opRLDFkeeqa97TACkAg","seasonId":"91izwE6D4UCeCGF6EvjCRw","isAvailable":true},{"id":"42Bt0XCYaEO70q6z_hlBNQ","contentProvider":"Npo","type":"Vod","title":"DREAM SCHOOL","subtitle":"DREAM SCHOOL... en dan?","description":"De leerlingen krijgen les van schrijver Philip Huff, choreograaf Juvat Westendorp, gezond-voedsel-propagandist Rob Baan en actrice Melody Klaver.","formattedEpisodeNumbering":"S4:A11","formattedDate":"Di 12 mei 2020","formattedDateShort":"Mei 2020","formattedTime":"20:25","formattedDuration":"56m","formattedAvailabilityWindow":null,"formattedAvailabilityWindowShort":null,"availableUntil":"2100-12-31T23:59:00+00:00","image":{"portraitUrl":null,"landscapeUrl":"https:\/\/images.nlziet.nl\/metadataimportimages\/source\/ADB526D9361DC4EE0531BD71C1D2D171D5977D78D82F4A1C996C1407F3C9BD85.jpg"},"logo":{"normalUrl":"https:\/\/cdn.nlziet.nl\/static\/assets\/contentproviders\/npo.png","darkUrl":"https:\/\/cdn.nlziet.nl\/static\/assets\/contentproviders\/dark\/npo.png","flatUrl":"https:\/\/cdn.nlziet.nl\/static\/assets\/contentproviders\/flat\/npo.png"},"tags":[],"seriesId":"4m5opRLDFkeeqa97TACkAg","seasonId":"91izwE6D4UCeCGF6EvjCRw","isAvailable":true},{"id":"vzKDVOZ7jU2TUudjc67CaQ","contentProvider":"Npo","type":"Vod","title":"DREAM SCHOOL","subtitle":"Gaat de knop om?","description":"Schrijver Philip Huff, documentairemaker Sinan Can en kunstenares Raquel van Haver staan wederom voor de klas.","formattedEpisodeNumbering":"S4:A10","formattedDate":"Di 5 mei 2020","formattedDateShort":"Mei 2020","formattedTime":"20:30","formattedDuration":"56m","formattedAvailabilityWindow":null,"formattedAvailabilityWindowShort":null,"availableUntil":"2100-12-31T23:59:00+00:00","image":{"portraitUrl":null,"landscapeUrl":"https:\/\/images.nlziet.nl\/metadataimportimages\/source\/6CEF2479A3823D3282DE15A10BF8E536263B2D99E5C3BC2F7F59DB3A1F193CC3.jpg"},"logo":{"normalUrl":"https:\/\/cdn.nlziet.nl\/static\/assets\/contentproviders\/npo.png","darkUrl":"https:\/\/cdn.nlziet.nl\/static\/assets\/contentproviders\/dark\/npo.png","flatUrl":"https:\/\/cdn.nlziet.nl\/static\/assets\/contentproviders\/flat\/npo.png"},"tags":[],"seriesId":"4m5opRLDFkeeqa97TACkAg","seasonId":"91izwE6D4UCeCGF6EvjCRw","isAvailable":true},{"id":"VWrahU3BlEKXqqxmv1vTSA","contentProvider":"Npo","type":"Vod","title":"DREAM SCHOOL","subtitle":"Durf een voorbeeld te zijn","description":"De leerlingen krijgen les van politicus Sylvana Simons, rapper Junte - 'Sticks'- Uiterwijk, choreograaf Juvat Westendorp en schrijver Philip Huff.","formattedEpisodeNumbering":"S4:A9","formattedDate":"Di 28 apr. 2020","formattedDateShort":"Apr. 2020","formattedTime":"20:25","formattedDuration":"1u 2m","formattedAvailabilityWindow":null,"formattedAvailabilityWindowShort":null,"availableUntil":"2100-12-31T23:59:00+00:00","image":{"portraitUrl":null,"landscapeUrl":"https:\/\/images.nlziet.nl\/metadataimportimages\/source\/51F0FFF48606CF76A5FE5DA5AF4B24D4E5F272E882156F17A00089343A5B55CE.jpg"},"logo":{"normalUrl":"https:\/\/cdn.nlziet.nl\/static\/assets\/contentproviders\/npo.png","darkUrl":"https:\/\/cdn.nlziet.nl\/static\/assets\/contentproviders\/dark\/npo.png","flatUrl":"https:\/\/cdn.nlziet.nl\/static\/assets\/contentproviders\/flat\/npo.png"},"tags":[],"seriesId":"4m5opRLDFkeeqa97TACkAg","seasonId":"91izwE6D4UCeCGF6EvjCRw","isAvailable":true},{"id":"axUL3ZY0BkuHBkNYWE_BEQ","contentProvider":"Npo","type":"Vod","title":"DREAM SCHOOL","subtitle":"Durf te kijken","description":"De leerlingen krijgen les van Maarten Dammers, Raquel van Haver, Sylvana Simons, Hanneke Groenteman en Bibian Mentel.","formattedEpisodeNumbering":"S4:A8","formattedDate":"Di 21 apr. 2020","formattedDateShort":"Apr. 2020","formattedTime":"20:25","formattedDuration":"59m","formattedAvailabilityWindow":null,"formattedAvailabilityWindowShort":null,"availableUntil":"2100-12-31T23:59:00+00:00","image":{"portraitUrl":null,"landscapeUrl":"https:\/\/images.nlziet.nl\/metadataimportimages\/source\/45F136B7CF70515F5A6227ED178AC915C294158CA02D8617B27A11C204D1D5FF.jpg"},"logo":{"normalUrl":"https:\/\/cdn.nlziet.nl\/static\/assets\/contentproviders\/npo.png","darkUrl":"https:\/\/cdn.nlziet.nl\/static\/assets\/contentproviders\/dark\/npo.png","flatUrl":"https:\/\/cdn.nlziet.nl\/static\/assets\/contentproviders\/flat\/npo.png"},"tags":[],"seriesId":"4m5opRLDFkeeqa97TACkAg","seasonId":"91izwE6D4UCeCGF6EvjCRw","isAvailable":true},{"id":"6zz_xu0CGka2hzt10E9tyg","contentProvider":"Npo","type":"Vod","title":"DREAM SCHOOL","subtitle":"Eerlijk zijn naar jezelf","description":"Fotograaf Jimmy Nelson, documentairemaker Sinan Can en verslavingsdeskundige Maarten Dammers komen lesgeven.","formattedEpisodeNumbering":"S4:A7","formattedDate":"Di 14 apr. 2020","formattedDateShort":"Apr. 2020","formattedTime":"20:25","formattedDuration":"55m","formattedAvailabilityWindow":null,"formattedAvailabilityWindowShort":null,"availableUntil":"2100-12-31T23:59:00+00:00","image":{"portraitUrl":null,"landscapeUrl":"https:\/\/images.nlziet.nl\/metadataimportimages\/source\/658F767DDBE2DCBC089124E1F10F4C35D7230064AFB19C6AD84193D34736BB0F.jpg"},"logo":{"normalUrl":"https:\/\/cdn.nlziet.nl\/static\/assets\/contentproviders\/npo.png","darkUrl":"https:\/\/cdn.nlziet.nl\/static\/assets\/contentproviders\/dark\/npo.png","flatUrl":"https:\/\/cdn.nlziet.nl\/static\/assets\/contentproviders\/flat\/npo.png"},"tags":[],"seriesId":"4m5opRLDFkeeqa97TACkAg","seasonId":"91izwE6D4UCeCGF6EvjCRw","isAvailable":true},{"id":"Ujig0sdS5EKAy441ilX2oA","contentProvider":"Npo","type":"Vod","title":"DREAM SCHOOL","subtitle":"Gamechanger","description":"Lucia en Eric willen dat de jongeren steeds meer verantwoordelijk worden voor hun eigen proces.","formattedEpisodeNumbering":"S4:A6","formattedDate":"Di 7 apr. 2020","formattedDateShort":"Apr. 2020","formattedTime":"20:25","formattedDuration":"54m","formattedAvailabilityWindow":null,"formattedAvailabilityWindowShort":null,"availableUntil":"2100-12-31T23:59:00+00:00","image":{"portraitUrl":null,"landscapeUrl":"https:\/\/images.nlziet.nl\/metadataimportimages\/source\/1D886CC6C4AE0229E69CED62867B8E941B132F4DB9FAF4B9612F759AB1C83B1E.jpg"},"logo":{"normalUrl":"https:\/\/cdn.nlziet.nl\/static\/assets\/contentproviders\/npo.png","darkUrl":"https:\/\/cdn.nlziet.nl\/static\/assets\/contentproviders\/dark\/npo.png","flatUrl":"https:\/\/cdn.nlziet.nl\/static\/assets\/contentproviders\/flat\/npo.png"},"tags":[],"seriesId":"4m5opRLDFkeeqa97TACkAg","seasonId":"91izwE6D4UCeCGF6EvjCRw","isAvailable":true},{"id":"uZusW30iGkCMq1CWb4QFGg","contentProvider":"Npo","type":"Vod","title":"DREAM SCHOOL","subtitle":"Tot de orde roepen is ook affectie","description":"Gastdocenten: Fares Boustanji, Melody Klaver, Maarten Dammers en Philip Huff. Eric en Lucia geven een groepsopdracht.","formattedEpisodeNumbering":"S4:A5","formattedDate":"Di 31 mrt. 2020","formattedDateShort":"Mrt. 2020","formattedTime":"20:25","formattedDuration":"55m","formattedAvailabilityWindow":null,"formattedAvailabilityWindowShort":null,"availableUntil":"2100-12-31T23:59:00+00:00","image":{"portraitUrl":null,"landscapeUrl":"https:\/\/images.nlziet.nl\/metadataimportimages\/source\/6973AD3388900E702EA6B4DB38ADBA0C43E4C1C0455A0093D8647E8DB5157440.jpg"},"logo":{"normalUrl":"https:\/\/cdn.nlziet.nl\/static\/assets\/contentproviders\/npo.png","darkUrl":"https:\/\/cdn.nlziet.nl\/static\/assets\/contentproviders\/dark\/npo.png","flatUrl":"https:\/\/cdn.nlziet.nl\/static\/assets\/contentproviders\/flat\/npo.png"},"tags":[],"seriesId":"4m5opRLDFkeeqa97TACkAg","seasonId":"91izwE6D4UCeCGF6EvjCRw","isAvailable":true},{"id":"tsD1Q_dazEiilxEaPPOGRQ","contentProvider":"Npo","type":"Vod","title":"DREAM SCHOOL","subtitle":"Wat zit er tussen jou en de werkelijkheid?","description":"De leerlingen volgen lessen van Juvat Westendorp, Jimmy Nelson en Fares Boustanji. Eric en Lucia voeren een gesprek met Emma en Sana.","formattedEpisodeNumbering":"S4:A4","formattedDate":"Di 24 mrt. 2020","formattedDateShort":"Mrt. 2020","formattedTime":"20:30","formattedDuration":"55m","formattedAvailabilityWindow":null,"formattedAvailabilityWindowShort":null,"availableUntil":"2100-12-31T23:59:00+00:00","image":{"portraitUrl":null,"landscapeUrl":"https:\/\/images.nlziet.nl\/metadataimportimages\/source\/840397B3E7C7B039E3D4D724E7FE37359B020E1FE68E80C3CF78C7228787F69E.jpg"},"logo":{"normalUrl":"https:\/\/cdn.nlziet.nl\/static\/assets\/contentproviders\/npo.png","darkUrl":"https:\/\/cdn.nlziet.nl\/static\/assets\/contentproviders\/dark\/npo.png","flatUrl":"https:\/\/cdn.nlziet.nl\/static\/assets\/contentproviders\/flat\/npo.png"},"tags":[],"seriesId":"4m5opRLDFkeeqa97TACkAg","seasonId":"91izwE6D4UCeCGF6EvjCRw","isAvailable":true},{"id":"Zka1-2lXaEm62hPOOTEEeg","contentProvider":"Npo","type":"Vod","title":"DREAM SCHOOL","subtitle":"Oud gedrag","description":"Lessen van Jimmy Nelson, Hanneke Groenteman en Juvat Westendorp. De emoties lopen weer op.","formattedEpisodeNumbering":"S4:A3","formattedDate":"Di 17 mrt. 2020","formattedDateShort":"Mrt. 2020","formattedTime":"20:25","formattedDuration":"53m","formattedAvailabilityWindow":null,"formattedAvailabilityWindowShort":null,"availableUntil":"2100-12-31T23:59:00+00:00","image":{"portraitUrl":null,"landscapeUrl":"https:\/\/images.nlziet.nl\/metadataimportimages\/source\/15548807AC02BFFEA451F234E9246ECFD5B092B9759F2B188074C4F1B2D56338.jpg"},"logo":{"normalUrl":"https:\/\/cdn.nlziet.nl\/static\/assets\/contentproviders\/npo.png","darkUrl":"https:\/\/cdn.nlziet.nl\/static\/assets\/contentproviders\/dark\/npo.png","flatUrl":"https:\/\/cdn.nlziet.nl\/static\/assets\/contentproviders\/flat\/npo.png"},"tags":[],"seriesId":"4m5opRLDFkeeqa97TACkAg","seasonId":"91izwE6D4UCeCGF6EvjCRw","isAvailable":true},{"id":"KijlYAUiFUu0jtPfS05szQ","contentProvider":"Npo","type":"Vod","title":"DREAM SCHOOL","subtitle":"Zijn wie je bent","description":"De jongeren krijgen les van Sylvana Simons en Wouter Bos. Tijdens de lunch knijpt Emma, die lunchdienst heeft, er tussenuit met Celena en Eric betrapt enkele jongens die fikkie stoken.","formattedEpisodeNumbering":"S4:A2","formattedDate":"Di 10 mrt. 2020","formattedDateShort":"Mrt. 2020","formattedTime":"20:25","formattedDuration":"55m","formattedAvailabilityWindow":null,"formattedAvailabilityWindowShort":null,"availableUntil":"2100-12-31T23:59:00+00:00","image":{"portraitUrl":null,"landscapeUrl":"https:\/\/images.nlziet.nl\/metadataimportimages\/source\/A21C225B6F8473B309F2579C87ABE68202D49A75DC25EA62C0FD92126ABF8BFB.jpg"},"logo":{"normalUrl":"https:\/\/cdn.nlziet.nl\/static\/assets\/contentproviders\/npo.png","darkUrl":"https:\/\/cdn.nlziet.nl\/static\/assets\/contentproviders\/dark\/npo.png","flatUrl":"https:\/\/cdn.nlziet.nl\/static\/assets\/contentproviders\/flat\/npo.png"},"tags":[],"seriesId":"4m5opRLDFkeeqa97TACkAg","seasonId":"91izwE6D4UCeCGF6EvjCRw","isAvailable":true},{"id":"hpY93adLwESaIUBc9cZ6DQ","contentProvider":"Npo","type":"Vod","title":"DREAM SCHOOL","subtitle":"Naar jezelf kijken is een spannende bezigheid","description":"Lucia en Eric leren de leerlingen langzaam kennen en de leerlingen ook elkaar. De leerlingen schrijven hun eigen coachingsplan en Lucia en Eric delen hun 'bouwstenen van succes'.","formattedEpisodeNumbering":"S4:A1","formattedDate":"Di 3 mrt. 2020","formattedDateShort":"Mrt. 2020","formattedTime":"20:25","formattedDuration":"59m","formattedAvailabilityWindow":null,"formattedAvailabilityWindowShort":null,"availableUntil":"2100-12-31T23:59:00+00:00","image":{"portraitUrl":null,"landscapeUrl":"https:\/\/images.nlziet.nl\/metadataimportimages\/source\/17DEDF98519D0A5A1B4203ABDE49F18530962C4849D1DCB5AB9F9086AF58B39D.jpg"},"logo":{"normalUrl":"https:\/\/cdn.nlziet.nl\/static\/assets\/contentproviders\/npo.png","darkUrl":"https:\/\/cdn.nlziet.nl\/static\/assets\/contentproviders\/dark\/npo.png","flatUrl":"https:\/\/cdn.nlziet.nl\/static\/assets\/contentproviders\/flat\/npo.png"},"tags":[],"seriesId":"4m5opRLDFkeeqa97TACkAg","seasonId":"91izwE6D4UCeCGF6EvjCRw","isAvailable":true}]