[{"id":"l7oTufhfDEm88PprMwk7YQ","type":"Vod","title":"The Rookie","subtitle":"Enervo","description":"Het team werkt samen met de LA-afdeling van de FBI om te voorkomen dat autobommen in de stad afgaan. De taskforce staat wantrouwend tegenover de betrokkenheid van de CIA.","formattedEpisodeNumbering":"S4:A20","formattedDate":"Za 10 dec.","formattedDateShort":"Za 10 dec.","formattedTime":"21:27","formattedDuration":"40m","formattedAvailabilityWindow":null,"formattedAvailabilityWindowShort":null,"image":{"portraitUrl":null,"landscapeUrl":"https:\/\/images.nlziet.nl\/metadataimportimages\/source\/59FFB35D0E606D4C7BB617C7FD569020F3CE1478897A7A9C1FA50F14627CDCC6.jpg"},"logo":{"normalUrl":"https:\/\/cdn.nlziet.nl\/static\/assets\/contentproviders\/sbs.png","darkUrl":"https:\/\/cdn.nlziet.nl\/static\/assets\/contentproviders\/dark\/sbs.png","flatUrl":"https:\/\/cdn.nlziet.nl\/static\/assets\/contentproviders\/flat\/sbs.png"},"tags":[],"seriesId":"5ee-ajD0PE6INNyIML2WOQ"},{"id":"f6FAfhwnHkOtunFsS3jdiw","type":"Vod","title":"The Rookie","subtitle":"Simone","description":"Agent Nolan en de LA-afdeling van de FBI roepen de hulp in van FBI-stagiair Simone Clark. Een van haar oud-studenten wordt verdacht van terrorisme na een explosie in een plaatselijke elektriciteitscentrale.","formattedEpisodeNumbering":"S4:A19","formattedDate":"Za 10 dec.","formattedDateShort":"Za 10 dec.","formattedTime":"20:30","formattedDuration":"40m","formattedAvailabilityWindow":null,"formattedAvailabilityWindowShort":null,"image":{"portraitUrl":null,"landscapeUrl":"https:\/\/images.nlziet.nl\/metadataimportimages\/source\/C7965065AD511C6614A3E1DCC30031A7F081AEE0A535B1D81C4ED3749197BDC2.jpg"},"logo":{"normalUrl":"https:\/\/cdn.nlziet.nl\/static\/assets\/contentproviders\/sbs.png","darkUrl":"https:\/\/cdn.nlziet.nl\/static\/assets\/contentproviders\/dark\/sbs.png","flatUrl":"https:\/\/cdn.nlziet.nl\/static\/assets\/contentproviders\/flat\/sbs.png"},"tags":[],"seriesId":"5ee-ajD0PE6INNyIML2WOQ"},{"id":"YOkxqHM9G0eitOxsHFsigA","type":"Vod","title":"The Rookie","subtitle":"Backstabbers","description":"Als er doden vallen tijdens de overval op een trein vol waardevolle veilingitems, gaat het team op onderzoek uit. Agent Chen raakt overstuur als Bradford haar niet de erkenning geeft die ze verdient. Elders neemt agent Harper het heft in eigen handen en neemt ze een grote beslissing over haar persoonlijke leven.","formattedEpisodeNumbering":"S4:A18","formattedDate":"Za 3 dec.","formattedDateShort":"Za 3 dec.","formattedTime":"20:30","formattedDuration":"40m","formattedAvailabilityWindow":"Vandaag nog beschikbaar","formattedAvailabilityWindowShort":"Nog 1 d. beschikbaar","image":{"portraitUrl":null,"landscapeUrl":"https:\/\/images.nlziet.nl\/metadataimportimages\/source\/553EBCAC77523EE4A0C9F4AD0CE7D7B66E043AB520676F8D780C49B6B55BA6C1.jpg"},"logo":{"normalUrl":"https:\/\/cdn.nlziet.nl\/static\/assets\/contentproviders\/sbs.png","darkUrl":"https:\/\/cdn.nlziet.nl\/static\/assets\/contentproviders\/dark\/sbs.png","flatUrl":"https:\/\/cdn.nlziet.nl\/static\/assets\/contentproviders\/flat\/sbs.png"},"tags":[],"seriesId":"5ee-ajD0PE6INNyIML2WOQ"},{"id":"KajUKDilnka7B6NMb6QWfQ","type":"Vod","title":"The Rookie","subtitle":"Coding","description":"John Nolan en het team gaan in onderhandeling met een radeloze man die een ziekenhuis gegijzeld houdt. Hij doet dit opdat zijn vrouw een levensreddende operatie krijgt.","formattedEpisodeNumbering":"S4:A17","formattedDate":"Za 26 nov.","formattedDateShort":"Za 26 nov.","formattedTime":"20:30","formattedDuration":"40m","formattedAvailabilityWindow":null,"formattedAvailabilityWindowShort":null,"image":{"portraitUrl":null,"landscapeUrl":"https:\/\/images.nlziet.nl\/metadataimportimages\/source\/958A24700B55C60CF9A0AA3A39F401D6B8F768BBBDA4BC2155DD4C62B6F025F4.jpg"},"logo":{"normalUrl":"https:\/\/cdn.nlziet.nl\/static\/assets\/contentproviders\/sbs.png","darkUrl":"https:\/\/cdn.nlziet.nl\/static\/assets\/contentproviders\/dark\/sbs.png","flatUrl":"https:\/\/cdn.nlziet.nl\/static\/assets\/contentproviders\/flat\/sbs.png"},"tags":[],"seriesId":"5ee-ajD0PE6INNyIML2WOQ"},{"id":"QqPaWvM2aE2xH8vZ4-g4iA","type":"Vod","title":"The Rookie","subtitle":"Real Crime","description":"Agent Thorsen besluit met tegenzin deel te nemen aan een realityshow om zijn imago proberen op te krikken. Terwijl de camera's draaien, wordt de producer van de show vermoord teruggevonden. Het team moet het onderzoeken voordat Thorsen als verdachte nummer \u00e9\u00e9n wordt gezien.","formattedEpisodeNumbering":"S4:A16","formattedDate":"Za 19 nov.","formattedDateShort":"Za 19 nov.","formattedTime":"20:30","formattedDuration":"40m","formattedAvailabilityWindow":null,"formattedAvailabilityWindowShort":null,"image":{"portraitUrl":null,"landscapeUrl":"https:\/\/images.nlziet.nl\/metadataimportimages\/source\/669105FB44AC7174F4EB1727C522693C2670F19865E06231112C01C5BB69B1C3.jpg"},"logo":{"normalUrl":"https:\/\/cdn.nlziet.nl\/static\/assets\/contentproviders\/sbs.png","darkUrl":"https:\/\/cdn.nlziet.nl\/static\/assets\/contentproviders\/dark\/sbs.png","flatUrl":"https:\/\/cdn.nlziet.nl\/static\/assets\/contentproviders\/flat\/sbs.png"},"tags":[],"seriesId":"5ee-ajD0PE6INNyIML2WOQ"},{"id":"hd-xyQO2OE6Yn3hYxxeUWw","type":"Vod","title":"The Rookie","subtitle":"Hit List","description":"Harper helpt Thorsen door 'Plain Clothes Day', maar dan komt er onverwachts bezoek. Ondertussen worden twee getuigen voor een aanstaande Grand Jury-zaak vermoord. Sgt. Gray is misschien de volgende op de lijst.","formattedEpisodeNumbering":"S4:A15","formattedDate":"Za 12 nov.","formattedDateShort":"Za 12 nov.","formattedTime":"20:30","formattedDuration":"40m","formattedAvailabilityWindow":null,"formattedAvailabilityWindowShort":null,"image":{"portraitUrl":null,"landscapeUrl":"https:\/\/images.nlziet.nl\/metadataimportimages\/source\/FFA206DC5F38A98BABEF959ACA8533864DB1BE8DF00BB1E2775D59FE12A50B6C.jpg"},"logo":{"normalUrl":"https:\/\/cdn.nlziet.nl\/static\/assets\/contentproviders\/sbs.png","darkUrl":"https:\/\/cdn.nlziet.nl\/static\/assets\/contentproviders\/dark\/sbs.png","flatUrl":"https:\/\/cdn.nlziet.nl\/static\/assets\/contentproviders\/flat\/sbs.png"},"tags":[],"seriesId":"5ee-ajD0PE6INNyIML2WOQ"},{"id":"p8Nt5WwsS0eOyeKXCAbVGg","type":"Vod","title":"The Rookie","subtitle":"Long Shot","description":"Er zijn veranderingen op komst in Mid-Wilshire nu Nolan zijn eerste jaar als offici\u00eble patrouilleofficier begint. Een nieuwe rookie met een heftig verleden voegt zich bij het team.","formattedEpisodeNumbering":"S4:A14","formattedDate":"Za 5 nov.","formattedDateShort":"Za 5 nov.","formattedTime":"20:30","formattedDuration":"40m","formattedAvailabilityWindow":null,"formattedAvailabilityWindowShort":null,"image":{"portraitUrl":null,"landscapeUrl":"https:\/\/images.nlziet.nl\/metadataimportimages\/source\/2DB92982CA45731441E2DEA464D6949260E6521A101BFE7363FFA70E2414F017.jpg"},"logo":{"normalUrl":"https:\/\/cdn.nlziet.nl\/static\/assets\/contentproviders\/sbs.png","darkUrl":"https:\/\/cdn.nlziet.nl\/static\/assets\/contentproviders\/dark\/sbs.png","flatUrl":"https:\/\/cdn.nlziet.nl\/static\/assets\/contentproviders\/flat\/sbs.png"},"tags":[],"seriesId":"5ee-ajD0PE6INNyIML2WOQ"},{"id":"j_0mU9Fl0kOt6FkZKDSSRg","type":"Vod","title":"The Rookie","subtitle":"Fight or Flight","description":"John Nolan en Lucy Chen moeten drie taken volbrengen als ze een gestolen politiehelikopter terug willen krijgen van een tiener. Na een gevangenisrel bewaken Nyla Harper en Aaron Thorson een veroordeelde politiemoordenaar in het ziekenhuis.","formattedEpisodeNumbering":"S4:A13","formattedDate":"Za 29 okt.","formattedDateShort":"Za 29 okt.","formattedTime":"20:30","formattedDuration":"40m","formattedAvailabilityWindow":null,"formattedAvailabilityWindowShort":null,"image":{"portraitUrl":null,"landscapeUrl":"https:\/\/images.nlziet.nl\/metadataimportimages\/source\/474C9A5CBF94163B44A5F3F42AEBE8584E1CAEE15641AD519ADD6C977D68C38D.jpg"},"logo":{"normalUrl":"https:\/\/cdn.nlziet.nl\/static\/assets\/contentproviders\/sbs.png","darkUrl":"https:\/\/cdn.nlziet.nl\/static\/assets\/contentproviders\/dark\/sbs.png","flatUrl":"https:\/\/cdn.nlziet.nl\/static\/assets\/contentproviders\/flat\/sbs.png"},"tags":[],"seriesId":"5ee-ajD0PE6INNyIML2WOQ"},{"id":"DnmDCXIc30GSU15wEpmPDQ","type":"Vod","title":"The Rookie","subtitle":"The Knock","description":"Het team reageert op de melding van een afgehakte hand die is aangespoeld op het strand. Tim probeert Lucy te bewijzen dat hij geen controlefreak is en nodigt haar uit voor een dubbeldate.","formattedEpisodeNumbering":"S4:A12","formattedDate":"Za 22 okt.","formattedDateShort":"Za 22 okt.","formattedTime":"20:30","formattedDuration":"40m","formattedAvailabilityWindow":null,"formattedAvailabilityWindowShort":null,"image":{"portraitUrl":null,"landscapeUrl":"https:\/\/images.nlziet.nl\/metadataimportimages\/source\/EAF7C22B36071DB5432067D334C15B18B6D7878F0CE55DD5B94DCA90CE7ED965.jpg"},"logo":{"normalUrl":"https:\/\/cdn.nlziet.nl\/static\/assets\/contentproviders\/sbs.png","darkUrl":"https:\/\/cdn.nlziet.nl\/static\/assets\/contentproviders\/dark\/sbs.png","flatUrl":"https:\/\/cdn.nlziet.nl\/static\/assets\/contentproviders\/flat\/sbs.png"},"tags":[],"seriesId":"5ee-ajD0PE6INNyIML2WOQ"},{"id":"ykXRP4pFZUSNszc6t0nnfQ","type":"Vod","title":"The Rookie","subtitle":"End Game","description":"Het team moet vertrouwen op de expertise van een crimineel om een groter gevaar uit te schakelen. Agenten Chen en Bradford onderzoeken de moord op een dakloze tiener.","formattedEpisodeNumbering":"S4:A11","formattedDate":"Za 15 okt.","formattedDateShort":"Za 15 okt.","formattedTime":"20:30","formattedDuration":"40m","formattedAvailabilityWindow":null,"formattedAvailabilityWindowShort":null,"image":{"portraitUrl":null,"landscapeUrl":"https:\/\/images.nlziet.nl\/metadataimportimages\/source\/B6AC91AD5B3DF73DB52F895034FFA71FA2EAE1276A801FB298D64193A9E0416D.jpg"},"logo":{"normalUrl":"https:\/\/cdn.nlziet.nl\/static\/assets\/contentproviders\/sbs.png","darkUrl":"https:\/\/cdn.nlziet.nl\/static\/assets\/contentproviders\/dark\/sbs.png","flatUrl":"https:\/\/cdn.nlziet.nl\/static\/assets\/contentproviders\/flat\/sbs.png"},"tags":[],"seriesId":"5ee-ajD0PE6INNyIML2WOQ"},{"id":"fwAhE33SRUeM_rXy4brCfA","type":"Vod","title":"The Rookie","subtitle":"Heart Beat","description":"Nu John Nolan van Baileys verleden weet, moet hij beslissen of ze nog een toekomst hebben samen. Wanneer een vliegtuig midden in de stad neerstort, haast het team om erachter te komen waarom.","formattedEpisodeNumbering":"S4:A10","formattedDate":"Za 8 okt.","formattedDateShort":"Za 8 okt.","formattedTime":"20:30","formattedDuration":"40m","formattedAvailabilityWindow":null,"formattedAvailabilityWindowShort":null,"image":{"portraitUrl":null,"landscapeUrl":"https:\/\/images.nlziet.nl\/metadataimportimages\/source\/F294CB20CD65A672C6B6B8EFE53AFDB9223C0230AE034A5CC40E4EC3A90671C4.jpg"},"logo":{"normalUrl":"https:\/\/cdn.nlziet.nl\/static\/assets\/contentproviders\/sbs.png","darkUrl":"https:\/\/cdn.nlziet.nl\/static\/assets\/contentproviders\/dark\/sbs.png","flatUrl":"https:\/\/cdn.nlziet.nl\/static\/assets\/contentproviders\/flat\/sbs.png"},"tags":[],"seriesId":"5ee-ajD0PE6INNyIML2WOQ"},{"id":"-gwyLxIYGkCnuiYoTqSgDg","type":"Vod","title":"The Rookie","subtitle":"The Breakdown","description":"Wesley slaagt er eindelijk in om zich los te maken van zijn contract. Nolans relatie wordt steeds serieuzer, terwijl hij sluwe verkiezingspraktijken aanpakt. Bradford komt vervelende dingen te weten over zijn ouders.","formattedEpisodeNumbering":"S4:A9","formattedDate":"Za 1 okt.","formattedDateShort":"Za 1 okt.","formattedTime":"20:30","formattedDuration":"40m","formattedAvailabilityWindow":null,"formattedAvailabilityWindowShort":null,"image":{"portraitUrl":null,"landscapeUrl":"https:\/\/images.nlziet.nl\/metadataimportimages\/source\/D0F3CE21EB6A3CE109D33E1EF031F328317C1FCBC36292640E1C2821B9E06D25.jpg"},"logo":{"normalUrl":"https:\/\/cdn.nlziet.nl\/static\/assets\/contentproviders\/sbs.png","darkUrl":"https:\/\/cdn.nlziet.nl\/static\/assets\/contentproviders\/dark\/sbs.png","flatUrl":"https:\/\/cdn.nlziet.nl\/static\/assets\/contentproviders\/flat\/sbs.png"},"tags":[],"seriesId":"5ee-ajD0PE6INNyIML2WOQ"},{"id":"53UsHzevT0mjjol2kAbe_w","type":"Vod","title":"The Rookie","subtitle":"Hit and Run","description":"Het team ontmoet een soevereine burger en krijgt te maken met een binnenlands terroristisch complot. Angela en Wesley maken ruzie over hun hachelijke situatie.","formattedEpisodeNumbering":"S4:A8","formattedDate":"Za 24 sep.","formattedDateShort":"Za 24 sep.","formattedTime":"20:30","formattedDuration":"40m","formattedAvailabilityWindow":null,"formattedAvailabilityWindowShort":null,"image":{"portraitUrl":null,"landscapeUrl":"https:\/\/images.nlziet.nl\/metadataimportimages\/source\/641EDD937B0E268ED3E6507A5753DB6A6D2144E26ADB64367B738B015C38F16C.jpg"},"logo":{"normalUrl":"https:\/\/cdn.nlziet.nl\/static\/assets\/contentproviders\/sbs.png","darkUrl":"https:\/\/cdn.nlziet.nl\/static\/assets\/contentproviders\/dark\/sbs.png","flatUrl":"https:\/\/cdn.nlziet.nl\/static\/assets\/contentproviders\/flat\/sbs.png"},"tags":[],"seriesId":"5ee-ajD0PE6INNyIML2WOQ"},{"id":"KhF9lcOS90aptT288HoH-Q","type":"Vod","title":"The Rookie","subtitle":"Fire Fight","description":"Na de explosie ontdekken agent Nolan en Bailey dat er meer achter Freds dood zit dan op het eerste gezicht lijkt.","formattedEpisodeNumbering":"S4:A7","formattedDate":"Za 17 sep.","formattedDateShort":"Za 17 sep.","formattedTime":"20:30","formattedDuration":"40m","formattedAvailabilityWindow":null,"formattedAvailabilityWindowShort":null,"image":{"portraitUrl":null,"landscapeUrl":"https:\/\/images.nlziet.nl\/metadataimportimages\/source\/26DDE3AA68228B32CAEBF5ADD33399D0EA4995DE56C6567C54AB0646BF15122B.jpg"},"logo":{"normalUrl":"https:\/\/cdn.nlziet.nl\/static\/assets\/contentproviders\/sbs.png","darkUrl":"https:\/\/cdn.nlziet.nl\/static\/assets\/contentproviders\/dark\/sbs.png","flatUrl":"https:\/\/cdn.nlziet.nl\/static\/assets\/contentproviders\/flat\/sbs.png"},"tags":[],"seriesId":"5ee-ajD0PE6INNyIML2WOQ"},{"id":"A-GoweWwgk20lKdUtCMZlg","type":"Vod","title":"The Rookie","subtitle":"Poetic Justice","description":"Net5 - Nolan en zijn team proberen een begraven goudvoorraad te vinden, voordat schatzoekers gewond raken. Bradford probeert de oudste agent op het bureau te overtuigen om met pensioen te gaan.","formattedEpisodeNumbering":"S4:A6","formattedDate":"Za 10 sep.","formattedDateShort":"Za 10 sep.","formattedTime":"20:30","formattedDuration":"40m","formattedAvailabilityWindow":null,"formattedAvailabilityWindowShort":null,"image":{"portraitUrl":null,"landscapeUrl":"https:\/\/images.nlziet.nl\/metadataimportimages\/source\/3CBBD535CCB29137220E1EF0F14C08725A7C615F36B46B76D3348AC7CB4B0AEA.jpg"},"logo":{"normalUrl":"https:\/\/cdn.nlziet.nl\/static\/assets\/contentproviders\/sbs.png","darkUrl":"https:\/\/cdn.nlziet.nl\/static\/assets\/contentproviders\/dark\/sbs.png","flatUrl":"https:\/\/cdn.nlziet.nl\/static\/assets\/contentproviders\/flat\/sbs.png"},"tags":[],"seriesId":"5ee-ajD0PE6INNyIML2WOQ"},{"id":"W2148x75EEKnpB0PTvbOMQ","type":"Vod","title":"The Rookie","subtitle":"A.C.H.","description":"Net5 - Een nieuwe designerdrug bereikt de straten van Los Angeles en verandert de gebruikers in 'zombies'. Nolan en het team hebben een Halloween die ze niet snel zullen vergeten, terwijl Lucy zich thuis afvraagt of het spookt in haar flatgebouw.","formattedEpisodeNumbering":"S4:A5","formattedDate":"Za 3 sep.","formattedDateShort":"Za 3 sep.","formattedTime":"20:30","formattedDuration":"40m","formattedAvailabilityWindow":null,"formattedAvailabilityWindowShort":null,"image":{"portraitUrl":null,"landscapeUrl":"https:\/\/images.nlziet.nl\/metadataimportimages\/source\/8F59DF3A888D2250CBA35968E21EB6EA1489AAE62AE87DAC14292C2341DC4142.jpg"},"logo":{"normalUrl":"https:\/\/cdn.nlziet.nl\/static\/assets\/contentproviders\/sbs.png","darkUrl":"https:\/\/cdn.nlziet.nl\/static\/assets\/contentproviders\/dark\/sbs.png","flatUrl":"https:\/\/cdn.nlziet.nl\/static\/assets\/contentproviders\/flat\/sbs.png"},"tags":[],"seriesId":"5ee-ajD0PE6INNyIML2WOQ"},{"id":"MMC9vOjoQkSyHo3WJVz9Rg","type":"Vod","title":"The Rookie","subtitle":"Red Hot","description":"Net5 - Nolan en Chen zoeken naar een vermist persoon wiens internationale banden ieders leven in gevaar kan brengen. Harper zet de zoektocht naar een brandstichter voort.","formattedEpisodeNumbering":"S4:A4","formattedDate":"Za 27 aug.","formattedDateShort":"Za 27 aug.","formattedTime":"20:30","formattedDuration":"40m","formattedAvailabilityWindow":null,"formattedAvailabilityWindowShort":null,"image":{"portraitUrl":null,"landscapeUrl":"https:\/\/images.nlziet.nl\/metadataimportimages\/source\/12A560A3A219A6F7E3CBD9A8C065F12699E8CE7A6FFC0B25E04E130F258BA8A2.jpg"},"logo":{"normalUrl":"https:\/\/cdn.nlziet.nl\/static\/assets\/contentproviders\/sbs.png","darkUrl":"https:\/\/cdn.nlziet.nl\/static\/assets\/contentproviders\/dark\/sbs.png","flatUrl":"https:\/\/cdn.nlziet.nl\/static\/assets\/contentproviders\/flat\/sbs.png"},"tags":[],"seriesId":"5ee-ajD0PE6INNyIML2WOQ"},{"id":"glFRwsE5zkKV920vN3JziQ","type":"Vod","title":"The Rookie","subtitle":"In the Line of Fire","description":"Net5 - Nolan en Chen melden zich bij een brand in een gebouw en vermoeden dat er meer aan de hand is dan op het eerste gezicht lijkt. Na getuige te zijn geweest van een schietpartij, gaat het team op zoek naar de schutter en ontdekt dat de dader een connectie heeft met een van hen.","formattedEpisodeNumbering":"S4:A3","formattedDate":"Za 20 aug.","formattedDateShort":"Za 20 aug.","formattedTime":"20:30","formattedDuration":"40m","formattedAvailabilityWindow":null,"formattedAvailabilityWindowShort":null,"image":{"portraitUrl":null,"landscapeUrl":"https:\/\/images.nlziet.nl\/metadataimportimages\/source\/5F0E13939A4721B20294189599A5FC5430D959A9885B7CD5C1E3DCED5D4EFA9E.jpg"},"logo":{"normalUrl":"https:\/\/cdn.nlziet.nl\/static\/assets\/contentproviders\/sbs.png","darkUrl":"https:\/\/cdn.nlziet.nl\/static\/assets\/contentproviders\/dark\/sbs.png","flatUrl":"https:\/\/cdn.nlziet.nl\/static\/assets\/contentproviders\/flat\/sbs.png"},"tags":[],"seriesId":"5ee-ajD0PE6INNyIML2WOQ"},{"id":"MplzNy40ykilB0GoRyPLnQ","type":"Vod","title":"The Rookie","subtitle":"Five Minutes","description":"Net5 - Nolan en Chens ontmoeting met een beruchte dief tipt hen op een grote overval rond het gala-evenement van Getty. Ondertussen verzamelt Nolan moed om Bailey mee uit te vragen.","formattedEpisodeNumbering":"S4:A2","formattedDate":"Za 13 aug.","formattedDateShort":"Za 13 aug.","formattedTime":"20:30","formattedDuration":"40m","formattedAvailabilityWindow":null,"formattedAvailabilityWindowShort":null,"image":{"portraitUrl":null,"landscapeUrl":"https:\/\/images.nlziet.nl\/metadataimportimages\/source\/9DC850532A11121C16E88E289075C890B88FF22E5A0B65C284B508743277C8D0.jpg"},"logo":{"normalUrl":"https:\/\/cdn.nlziet.nl\/static\/assets\/contentproviders\/sbs.png","darkUrl":"https:\/\/cdn.nlziet.nl\/static\/assets\/contentproviders\/dark\/sbs.png","flatUrl":"https:\/\/cdn.nlziet.nl\/static\/assets\/contentproviders\/flat\/sbs.png"},"tags":[],"seriesId":"5ee-ajD0PE6INNyIML2WOQ"},{"id":"syv1a3MhqEuKKgcIMdAAcg","type":"Vod","title":"The Rookie","subtitle":"Life and Death","description":"Net5 - Agent Nolan en het hele team racen tegen de klok om Lopez te vinden, nadat ze op haar trouwdag is ontvoerd. Niet alleen om haar leven te redden, maar ook dat van haar ongeboren kind.","formattedEpisodeNumbering":"S4:A1","formattedDate":"Za 6 aug.","formattedDateShort":"Za 6 aug.","formattedTime":"20:30","formattedDuration":"40m","formattedAvailabilityWindow":null,"formattedAvailabilityWindowShort":null,"image":{"portraitUrl":null,"landscapeUrl":"https:\/\/images.nlziet.nl\/metadataimportimages\/source\/FD79319B142A520BCA7EF1825FB7D6A003A3DE3B56B55BBF13CBC172B90D5160.jpg"},"logo":{"normalUrl":"https:\/\/cdn.nlziet.nl\/static\/assets\/contentproviders\/sbs.png","darkUrl":"https:\/\/cdn.nlziet.nl\/static\/assets\/contentproviders\/dark\/sbs.png","flatUrl":"https:\/\/cdn.nlziet.nl\/static\/assets\/contentproviders\/flat\/sbs.png"},"tags":[],"seriesId":"5ee-ajD0PE6INNyIML2WOQ"}]