[{"id":"HA-pQGuO-kClqcKmCrsIuQ","type":"Vod","title":"NOS WK-kwalificatie Voetbal","subtitle":"NOS WK-kwalificatie Voetbal","description":"NOS - Voorbeschouwing op de WK-kwalificatiewedstrijd Nederland - Zweden in de Amsterdam ArenA.","formattedEpisodeNumbering":null,"formattedDate":"Di 10 okt. 2017","formattedDateShort":"Okt. 2017","formattedTime":"20:00","formattedDuration":"32m","formattedAvailabilityWindow":null,"formattedAvailabilityWindowShort":null,"image":{"portraitUrl":null,"landscapeUrl":"https:\/\/images.nlziet.nl\/metadataimportimages\/source\/449D895A63E99C267C185E4A54658C67DCC251BD13E4368E714D79C37BB70C8F.jpg"},"logo":{"normalUrl":"https:\/\/cdn.nlziet.nl\/static\/assets\/contentproviders\/npo.png","darkUrl":"https:\/\/cdn.nlziet.nl\/static\/assets\/contentproviders\/dark\/npo.png","flatUrl":"https:\/\/cdn.nlziet.nl\/static\/assets\/contentproviders\/flat\/npo.png"},"tags":[],"seriesId":"5Ys7Jwg3_EKAiS07ctyJhw"},{"id":"lxvSvzlhQEKU3ZlCFzsu_Q","type":"Vod","title":"NOS WK-kwalificatie Voetbal","subtitle":"Voorbeschouwing Wit-Rusland - Nederland","description":"NOS - Voorbeschouwing op de WK-kwalificatiewedstrijd Wit-Rusland - Nederland in de Borisov Arena.","formattedEpisodeNumbering":null,"formattedDate":"Za 7 okt. 2017","formattedDateShort":"Okt. 2017","formattedTime":"19:35","formattedDuration":"19m","formattedAvailabilityWindow":null,"formattedAvailabilityWindowShort":null,"image":{"portraitUrl":null,"landscapeUrl":"https:\/\/images.nlziet.nl\/metadataimportimages\/source\/333867B6CB4EA4BAEB87D82B5BBF0AD9506C10935E43D8E5049092888E62CC45.jpg"},"logo":{"normalUrl":"https:\/\/cdn.nlziet.nl\/static\/assets\/contentproviders\/npo.png","darkUrl":"https:\/\/cdn.nlziet.nl\/static\/assets\/contentproviders\/dark\/npo.png","flatUrl":"https:\/\/cdn.nlziet.nl\/static\/assets\/contentproviders\/flat\/npo.png"},"tags":[],"seriesId":"5Ys7Jwg3_EKAiS07ctyJhw"},{"id":"P2Jnh43yukyvKeLMm31cnQ","type":"Vod","title":"NOS WK-kwalificatie Voetbal","subtitle":"NOS WK-kwalificatie Voetbal","description":"NOS - Voorbeschouwing op het WK-kwalificatiewedstrijd Nederland - Bulgarij\u00eb in Amsterdam ArenA, Amsterdam.","formattedEpisodeNumbering":null,"formattedDate":"Zo 3 sep. 2017","formattedDateShort":"Sep. 2017","formattedTime":"17:30","formattedDuration":"17m","formattedAvailabilityWindow":null,"formattedAvailabilityWindowShort":null,"image":{"portraitUrl":null,"landscapeUrl":"https:\/\/images.nlziet.nl\/metadataimportimages\/source\/1F8E3113555F0C082DC397F9863FE3096871202E4205EEB59640033ED79C8B6A.jpg"},"logo":{"normalUrl":"https:\/\/cdn.nlziet.nl\/static\/assets\/contentproviders\/npo.png","darkUrl":"https:\/\/cdn.nlziet.nl\/static\/assets\/contentproviders\/dark\/npo.png","flatUrl":"https:\/\/cdn.nlziet.nl\/static\/assets\/contentproviders\/flat\/npo.png"},"tags":[],"seriesId":"5Ys7Jwg3_EKAiS07ctyJhw"},{"id":"LNSdEyG0qEKg6ajpq54Egw","type":"Vod","title":"NOS WK-kwalificatie Voetbal","subtitle":"NOS WK-kwalificatie Voetbal","description":"NOS - Voorbeschouwing op de WK-kwalificatiewedstrijd Frankrijk - Nederland in Stade de France, Paris Saint-Denis.","formattedEpisodeNumbering":null,"formattedDate":"Do 31 aug. 2017","formattedDateShort":"Aug. 2017","formattedTime":"20:00","formattedDuration":"31m","formattedAvailabilityWindow":null,"formattedAvailabilityWindowShort":null,"image":{"portraitUrl":null,"landscapeUrl":"https:\/\/images.nlziet.nl\/metadataimportimages\/source\/B671915BDCAEE9227856A81E4BCBDFC0B37F26511311AC2BFE31729D3DF8ACE2.jpg"},"logo":{"normalUrl":"https:\/\/cdn.nlziet.nl\/static\/assets\/contentproviders\/npo.png","darkUrl":"https:\/\/cdn.nlziet.nl\/static\/assets\/contentproviders\/dark\/npo.png","flatUrl":"https:\/\/cdn.nlziet.nl\/static\/assets\/contentproviders\/flat\/npo.png"},"tags":[],"seriesId":"5Ys7Jwg3_EKAiS07ctyJhw"},{"id":"8c8TmUF4P0ea6U9awXW0Ug","type":"Vod","title":"NOS WK-kwalificatie Voetbal","subtitle":"NOS WK-kwalificatie Voetbal","description":"NOS - Voorbeschouwing op het WK-kwalificatiewedstrijd Nederland - Luxemburg in De Kuip, Rotterdam.","formattedEpisodeNumbering":null,"formattedDate":"Vr 9 jun. 2017","formattedDateShort":"Jun. 2017","formattedTime":"20:00","formattedDuration":"31m","formattedAvailabilityWindow":null,"formattedAvailabilityWindowShort":null,"image":{"portraitUrl":null,"landscapeUrl":"https:\/\/images.nlziet.nl\/metadataimportimages\/source\/073A0AD7B20E96953A21384C4A6CA884357D4CD992294865E37CCEDC99DF9E68.jpg"},"logo":{"normalUrl":"https:\/\/cdn.nlziet.nl\/static\/assets\/contentproviders\/npo.png","darkUrl":"https:\/\/cdn.nlziet.nl\/static\/assets\/contentproviders\/dark\/npo.png","flatUrl":"https:\/\/cdn.nlziet.nl\/static\/assets\/contentproviders\/flat\/npo.png"},"tags":[],"seriesId":"5Ys7Jwg3_EKAiS07ctyJhw"},{"id":"exrNpaCC8EWXJe4RA3D7xw","type":"Vod","title":"NOS WK-kwalificatie Voetbal","subtitle":"Voorbeschouwing Bulgarije - Nederland","description":"NOS - Voorbeschouwing op de WK-kwalificatiewedstrijd Bulgarije - Nederland in het Natsionalen Stadion Vasil Levski.","formattedEpisodeNumbering":null,"formattedDate":"Za 25 mrt. 2017","formattedDateShort":"Mrt. 2017","formattedTime":"19:54","formattedDuration":"19m","formattedAvailabilityWindow":null,"formattedAvailabilityWindowShort":null,"image":{"portraitUrl":null,"landscapeUrl":"https:\/\/images.nlziet.nl\/metadataimportimages\/source\/085296692E0A63D331348FED127E1E724534966FF398B2BC1515AB5310FB4987.jpg"},"logo":{"normalUrl":"https:\/\/cdn.nlziet.nl\/static\/assets\/contentproviders\/npo.png","darkUrl":"https:\/\/cdn.nlziet.nl\/static\/assets\/contentproviders\/dark\/npo.png","flatUrl":"https:\/\/cdn.nlziet.nl\/static\/assets\/contentproviders\/flat\/npo.png"},"tags":[],"seriesId":"5Ys7Jwg3_EKAiS07ctyJhw"}]