[{"id":"WRJoBBA77U6NnA8VoRYhsw","type":"Vod","title":"Mr Selfridge","subtitle":"Mr Selfridge","description":"NCRV, KRO-NCRV - Lady May vraagt Harry of een invloedrijke 'goede kennis' na sluitingstijd mag winkelen bij Selfridges. Doris laat enthousiast haar verlovingsring zien aan Kitty en Miss Mardle. Henri heeft nieuws voor Agnes.","formattedEpisodeNumbering":null,"formattedDate":"Za 12 okt. 2013","formattedDateShort":"Okt. 2013","formattedTime":"20:20","formattedDuration":"45m","formattedAvailabilityWindow":null,"formattedAvailabilityWindowShort":null,"image":{"portraitUrl":null,"landscapeUrl":"https:\/\/images.nlziet.nl\/metadataimportimages\/source\/D4536E21C9D147FF38F1E52729A46145A8DA31174F506772B315FB6E72EF5CFB.jpg"},"logo":{"normalUrl":"https:\/\/cdn.nlziet.nl\/static\/assets\/contentproviders\/npo.png","darkUrl":"https:\/\/cdn.nlziet.nl\/static\/assets\/contentproviders\/dark\/npo.png","flatUrl":"https:\/\/cdn.nlziet.nl\/static\/assets\/contentproviders\/flat\/npo.png"},"tags":[],"seriesId":"6YZuJSI2XUKwAe4frZnZYw"},{"id":"w8BZJkdUsUyZxHaETn77uA","type":"Vod","title":"Mr Selfridge","subtitle":"Mr Selfridge","description":"NCRV, KRO-NCRV - De relatie van Agnes en Henri wordt intenser en het is de vraag of zij dit geheim kunnen houden. Harry heeft weer een grote act bedacht; de ontdekkingsreiziger Earnest Shackleton is uitgenodigd in het warenhuis om over zijn expedities te vertellen. Het blijkt een groot succes. Ondanks waarschuwingen van Rose laat de kunstenaar Roddy zich niet wegsturen. Na herhaald verzoek om een getuigschrift neemt Miss Bunting een radicale beslissing.","formattedEpisodeNumbering":null,"formattedDate":"Za 5 okt. 2013","formattedDateShort":"Okt. 2013","formattedTime":"20:20","formattedDuration":"45m","formattedAvailabilityWindow":null,"formattedAvailabilityWindowShort":null,"image":{"portraitUrl":null,"landscapeUrl":"https:\/\/images.nlziet.nl\/metadataimportimages\/source\/E8CDFA784AC4403208AE1984FA32A1B98E87471B3B7FC79E0453240A633A53B7.jpg"},"logo":{"normalUrl":"https:\/\/cdn.nlziet.nl\/static\/assets\/contentproviders\/npo.png","darkUrl":"https:\/\/cdn.nlziet.nl\/static\/assets\/contentproviders\/dark\/npo.png","flatUrl":"https:\/\/cdn.nlziet.nl\/static\/assets\/contentproviders\/flat\/npo.png"},"tags":[],"seriesId":"6YZuJSI2XUKwAe4frZnZYw"},{"id":"pXq5FwQ01UukFCXUiCiZoA","type":"Vod","title":"Mr Selfridge","subtitle":"Mr Selfridge","description":"NCRV, KRO-NCRV - Harry en Rose Selfridge verwelkomen hun Amerikaanse vrienden Frank en Jennie Woolworth. Harry en Frank hebben veel gemeenschappelijk; Frank is de oprichter van de Woolworthwarenhuizen, de minder chique versie van Selfridges. Als blijkt dat Frank in Londen een winkel wil openen worden de vrienden concurrenten en begint Harry een verkoopsale. Lady Mae stelt Rosalie voor aan jonge rijke huwbare mannen. Haar moeder raakt echter van slag als ze ziet op welke jongeman haar dochter een oogje heeft.","formattedEpisodeNumbering":null,"formattedDate":"Za 28 sep. 2013","formattedDateShort":"Sep. 2013","formattedTime":"20:20","formattedDuration":"46m","formattedAvailabilityWindow":null,"formattedAvailabilityWindowShort":null,"image":{"portraitUrl":null,"landscapeUrl":"https:\/\/images.nlziet.nl\/metadataimportimages\/source\/ACB1958326B86444AA1A35034A2283378E89BB7D495EC86D7D9A9FFC50E7D7B9.jpg"},"logo":{"normalUrl":"https:\/\/cdn.nlziet.nl\/static\/assets\/contentproviders\/npo.png","darkUrl":"https:\/\/cdn.nlziet.nl\/static\/assets\/contentproviders\/dark\/npo.png","flatUrl":"https:\/\/cdn.nlziet.nl\/static\/assets\/contentproviders\/flat\/npo.png"},"tags":[],"seriesId":"6YZuJSI2XUKwAe4frZnZYw"},{"id":"ZLS7ZP3FrU2bgrK5AZOkww","type":"Vod","title":"Mr Selfridge","subtitle":"Mr Selfridge","description":"NCRV, KRO-NCRV - Harry is weer volop aan het werk maar Rose maakt zich zorgen om zijn gezondheid. Hij blijft nachtmerries houden. Harry heeft geregeld dat Sir Arthur Conan Doye, schrijver van de Sherlock Holmesverhalen, komt signeren in het warenhuis. Rose is een groot fan van hem en mag mee om met hem te lunchen. Agnes krijgt promotie. Kitty heeft een geheime bewonderaar.","formattedEpisodeNumbering":null,"formattedDate":"Za 21 sep. 2013","formattedDateShort":"Sep. 2013","formattedTime":"20:17","formattedDuration":"46m","formattedAvailabilityWindow":null,"formattedAvailabilityWindowShort":null,"image":{"portraitUrl":null,"landscapeUrl":"https:\/\/images.nlziet.nl\/metadataimportimages\/source\/E7D041373741253B9C80A4BFFFE36673A1E5A841A1DEA7AC4EDE454A2A177104.jpg"},"logo":{"normalUrl":"https:\/\/cdn.nlziet.nl\/static\/assets\/contentproviders\/npo.png","darkUrl":"https:\/\/cdn.nlziet.nl\/static\/assets\/contentproviders\/dark\/npo.png","flatUrl":"https:\/\/cdn.nlziet.nl\/static\/assets\/contentproviders\/flat\/npo.png"},"tags":[],"seriesId":"6YZuJSI2XUKwAe4frZnZYw"},{"id":"x0VS29s140KiTawrLa83_Q","type":"Vod","title":"Mr Selfridge","subtitle":"Mr Selfridge","description":"NCRV, KRO-NCRV - Harry Selfridge ligt in coma na het auto-ongeluk en Rose wijkt niet van zijn zijde. Net in deze periode overlijdt de vrouw van mr Grove. Grove heeft twaalf jaar zijn zieke vrouw verzorgd en is erg van slag en nauwelijks in staat te werken. Viktor wordt opgehouden door de verleidelijke Lady Mae en komt te laat op zijn werk. Voor het warenhuis Selfridges wordt gedemonstreerd voor vrouwenrechten.","formattedEpisodeNumbering":null,"formattedDate":"Za 14 sep. 2013","formattedDateShort":"Sep. 2013","formattedTime":"20:20","formattedDuration":"45m","formattedAvailabilityWindow":null,"formattedAvailabilityWindowShort":null,"image":{"portraitUrl":null,"landscapeUrl":"https:\/\/images.nlziet.nl\/metadataimportimages\/source\/3590A45C33690A517ADDCCC9FFD1C7E3452002BE3D0C491099EAE5A9243C5776.jpg"},"logo":{"normalUrl":"https:\/\/cdn.nlziet.nl\/static\/assets\/contentproviders\/npo.png","darkUrl":"https:\/\/cdn.nlziet.nl\/static\/assets\/contentproviders\/dark\/npo.png","flatUrl":"https:\/\/cdn.nlziet.nl\/static\/assets\/contentproviders\/flat\/npo.png"},"tags":[],"seriesId":"6YZuJSI2XUKwAe4frZnZYw"},{"id":"cYqmP6CF10uw5wjF3UKeQQ","type":"Vod","title":"Mr Selfridge","subtitle":"Mr Selfridge","description":"NCRV, KRO-NCRV - Harry Selfridge heeft een geweldig nieuw idee voor de etalage. Agnes neemt ontslag omdat ze zich schaamt voor het gedrag van haar vader. Viktor blijkt een grote steun voor haar te zijn. Het portret van Rose dat Roddy heeft geschilderd, is eindelijk klaar maar als Rosie hem bedankt en zoent betrapt haar dochter hen.","formattedEpisodeNumbering":null,"formattedDate":"Za 7 sep. 2013","formattedDateShort":"Sep. 2013","formattedTime":"20:20","formattedDuration":"47m","formattedAvailabilityWindow":null,"formattedAvailabilityWindowShort":null,"image":{"portraitUrl":null,"landscapeUrl":"https:\/\/images.nlziet.nl\/metadataimportimages\/source\/D7BF37C1B9EC77C4A76DF630C6445A4FEF605CAC0EB519D96172BEEFE867D249.jpg"},"logo":{"normalUrl":"https:\/\/cdn.nlziet.nl\/static\/assets\/contentproviders\/npo.png","darkUrl":"https:\/\/cdn.nlziet.nl\/static\/assets\/contentproviders\/dark\/npo.png","flatUrl":"https:\/\/cdn.nlziet.nl\/static\/assets\/contentproviders\/flat\/npo.png"},"tags":[],"seriesId":"6YZuJSI2XUKwAe4frZnZYw"},{"id":"THPSacsBSU-VTdtLIImO-A","type":"Vod","title":"Mr Selfridge","subtitle":"Mr Selfridge","description":"NCRV, KRO-NCRV - Harry Selfridge is woedend en teleurgesteld als Miss Bunting, hoofd afdeling dameskleding, betrapt wordt op diefstal en ontslaat haar op staande voet. Agnes en George hebben hun vader buitengesloten door een ander slot op de deur te doen maar of ze hiermee van hem af zijn? Harry en Rose gaan naar een door Lady Mae georganiseerde priv\u00e9voorstelling van de Russische prima ballerina Anna Pavlova.","formattedEpisodeNumbering":null,"formattedDate":"Za 31 aug. 2013","formattedDateShort":"Aug. 2013","formattedTime":"20:18","formattedDuration":"46m","formattedAvailabilityWindow":null,"formattedAvailabilityWindowShort":null,"image":{"portraitUrl":null,"landscapeUrl":"https:\/\/images.nlziet.nl\/metadataimportimages\/source\/A567648C95088F0D6455A107762779E8C4DC622E8E2CA7B837C19E354632E797.jpg"},"logo":{"normalUrl":"https:\/\/cdn.nlziet.nl\/static\/assets\/contentproviders\/npo.png","darkUrl":"https:\/\/cdn.nlziet.nl\/static\/assets\/contentproviders\/dark\/npo.png","flatUrl":"https:\/\/cdn.nlziet.nl\/static\/assets\/contentproviders\/flat\/npo.png"},"tags":[],"seriesId":"6YZuJSI2XUKwAe4frZnZYw"},{"id":"9TMkK3SiW0ijaApgdU9l-g","type":"Vod","title":"Mr Selfridge","subtitle":"Mr Selfridge","description":"NCRV, KRO-NCRV - Harry Selfridge raakt steeds meer in de ban van zijn geliefde de musicalster Ellen Love en heeft zelfs een appartement voorhaar gekocht. Als hij toekijkt hoe zij haar make up doet komt hij op het idee om make-up en parfum te gaan verkopen, maar datstuit op weerstand. Er wordt ook steeds meer gepraat over zijn relatie met ellen Love. De verkoopster Agnes en haar broer George krijgen problemen met hun gewelddadige vader als hij werkloos thuis komt.","formattedEpisodeNumbering":null,"formattedDate":"Za 24 aug. 2013","formattedDateShort":"Aug. 2013","formattedTime":"20:25","formattedDuration":"46m","formattedAvailabilityWindow":null,"formattedAvailabilityWindowShort":null,"image":{"portraitUrl":null,"landscapeUrl":"https:\/\/images.nlziet.nl\/metadataimportimages\/source\/A6508B8ED5692176FFB66A352349F4C2C8D75A6A2681B2D71AA742B1137AA86F.jpg"},"logo":{"normalUrl":"https:\/\/cdn.nlziet.nl\/static\/assets\/contentproviders\/npo.png","darkUrl":"https:\/\/cdn.nlziet.nl\/static\/assets\/contentproviders\/dark\/npo.png","flatUrl":"https:\/\/cdn.nlziet.nl\/static\/assets\/contentproviders\/flat\/npo.png"},"tags":[],"seriesId":"6YZuJSI2XUKwAe4frZnZYw"},{"id":"VPv5c-LNKkiCF8CUbxL31w","type":"Vod","title":"Mr Selfridge","subtitle":"Mr Selfridge","description":"NCRV, KRO-NCRV - De Amerikaan Harry Gordon Selfridge is met zijn gezin van Chicago naar Londen gekomen en wil hier een exclusief warenhuis opzetten. Maar dit gaat niet zonder slag of stoot, hij ondervindt veel weerstand op zijn progressieve benadering van winkelen. Tot die tijd kregen vrouwen een kleermaker op bezoek en gingen de mannen eens in de zoveel tijd naar een pakkenmaker, verder werd er veel zelf gemaakt. Hij zet alles op alles om de stijve Britten aan het shoppen te krijgen.","formattedEpisodeNumbering":null,"formattedDate":"Za 17 aug. 2013","formattedDateShort":"Aug. 2013","formattedTime":"20:05","formattedDuration":"1u 48m","formattedAvailabilityWindow":null,"formattedAvailabilityWindowShort":null,"image":{"portraitUrl":null,"landscapeUrl":null},"logo":{"normalUrl":"https:\/\/cdn.nlziet.nl\/static\/assets\/contentproviders\/npo.png","darkUrl":"https:\/\/cdn.nlziet.nl\/static\/assets\/contentproviders\/dark\/npo.png","flatUrl":"https:\/\/cdn.nlziet.nl\/static\/assets\/contentproviders\/flat\/npo.png"},"tags":[],"seriesId":"6YZuJSI2XUKwAe4frZnZYw"}]