[{"id":"RrCkHqRZVU-qrV3xBlDcoA","type":"Vod","title":"Detectives: Manhunt","subtitle":"Nightstalker (2\/2)","description":"KRO-NCRV - Colin en zijn team hebben goede hoop dat de nieuwe aanpak vruchten gaat afwerpen, maar dan wordt duidelijk dat er opnieuw een brute aanval is gepleegd op een oudere vrouw. Colin moet zorgen voor extra mankracht om Minstead Man te kunnen pakken, en al snel blijkt dat ze dichter bij een arrestatie zijn dan verwacht. Het wordt de politie niet makkelijk gemaakt, en de tijd begint nu echt te dringen.","formattedEpisodeNumbering":"S2:A2","formattedDate":"Za 26 mrt.","formattedDateShort":"Za 26 mrt.","formattedTime":"23:20","formattedDuration":"1u 28m","formattedAvailabilityWindow":"Vandaag nog beschikbaar","formattedAvailabilityWindowShort":"Nog 1 d. beschikbaar","image":{"portraitUrl":null,"landscapeUrl":"https:\/\/images.nlziet.nl\/metadataimportimages\/source\/5EF840D7A76B360181B30CCBB482C63CC800888F093831D131D39F8D2E547050.jpg"},"logo":{"normalUrl":"https:\/\/cdn.nlziet.nl\/static\/assets\/contentproviders\/npo.png","darkUrl":"https:\/\/cdn.nlziet.nl\/static\/assets\/contentproviders\/dark\/npo.png","flatUrl":"https:\/\/cdn.nlziet.nl\/static\/assets\/contentproviders\/flat\/npo.png"},"tags":[],"seriesId":"5Wjx7Lf4yEK7AnwSQGl8oQ"}]