[{"id":"pb-w5qxa_UqrcnKuRpRgqw","type":"Vod","title":"NOS Nieuwjaarsconcert","subtitle":"NOS Nieuwjaarsconcert","description":"NOS - Johan Strauss en tijdgenoten staan centraal in het traditionele Nieuwjaarsconcert door de Wiener Philharmoniker. Op de bok in de Musikverein in Wenen staat de Let Andris Nelsons. De chef-dirigent van de Boston Symphony Orchestra en 'Kapellmeister' van het Gewandhausorchester in Leipzig maakt zijn debuut bij dit Nieuwjaarsconcert.","formattedEpisodeNumbering":null,"formattedDate":"Wo 1 jan. 2020","formattedDateShort":"Jan. 2020","formattedTime":"11:15","formattedDuration":"2u 30m","formattedAvailabilityWindow":null,"formattedAvailabilityWindowShort":null,"image":{"portraitUrl":null,"landscapeUrl":"https:\/\/images.nlziet.nl\/metadataimportimages\/source\/A369556BD7F486F4086B6689E05629644A295A5CF134DE3A21571A4191BB2291.jpg"},"logo":{"normalUrl":"https:\/\/cdn.nlziet.nl\/static\/assets\/contentproviders\/npo.png","darkUrl":"https:\/\/cdn.nlziet.nl\/static\/assets\/contentproviders\/dark\/npo.png","flatUrl":"https:\/\/cdn.nlziet.nl\/static\/assets\/contentproviders\/flat\/npo.png"},"tags":[],"seriesId":"4gdnC7XKyU-bZf159tXAVw"}]