[{"id":"3Ox45l6qZ0mVVvQ11KYMyg","type":"Vod","title":"Monaco: Speeltuin Van De Rijken","subtitle":"Afl. 3","description":"RTLZ - Driedelige documentaireserie over het doen en laten in het vorstendom Monaco: een dwergstaat aan de Middellandse Zee die 's werelds hoogste concentratie miljonairs herbergt. Mede daardoor wordt Monaco ook wel de speeltuin van de rijken genoemd. Een exclusieve kijk achter de schermen van het Koninklijk Paleis, Prinst Albert II wordt gevolgd en gesprekken met vermogende inwoners en mensen die zorg dragen voor hun luxe levensstijl.","formattedEpisodeNumbering":null,"formattedDate":"Wo 9 mrt.","formattedDateShort":"Wo 9 mrt.","formattedTime":"22:35","formattedDuration":"44m","formattedAvailabilityWindow":null,"formattedAvailabilityWindowShort":null,"image":{"portraitUrl":null,"landscapeUrl":"https:\/\/images.nlziet.nl\/metadataimportimages\/source\/4AFF0019DFA28D3DE56213E53FA4486209D782CC259576E30FC3D135DDA1B7C6.jpg"},"logo":{"normalUrl":"https:\/\/cdn.nlziet.nl\/static\/assets\/contentproviders\/rtl.png","darkUrl":"https:\/\/cdn.nlziet.nl\/static\/assets\/contentproviders\/dark\/rtl.png","flatUrl":"https:\/\/cdn.nlziet.nl\/static\/assets\/contentproviders\/flat\/rtl.png"},"tags":[],"seriesId":"6S7dbpoj5kKcXrigS2JRhA"},{"id":"gwwhZ1iMkUiSyCPVB--Fgg","type":"Vod","title":"Monaco: Speeltuin Van De Rijken","subtitle":"Afl. 2","description":"RTLZ - Driedelige documentaireserie over het doen en laten in het vorstendom Monaco: een dwergstaat aan de Middellandse Zee die 's werelds hoogste concentratie miljonairs herbergt. Mede daardoor wordt Monaco ook wel de speeltuin van de rijken genoemd. Een exclusieve kijk achter de schermen van het Koninklijk Paleis, Prinst Albert II wordt gevolgd en gesprekken met vermogende inwoners en mensen die zorg dragen voor hun luxe levensstijl.","formattedEpisodeNumbering":null,"formattedDate":"Wo 9 mrt.","formattedDateShort":"Wo 9 mrt.","formattedTime":"21:35","formattedDuration":"45m","formattedAvailabilityWindow":null,"formattedAvailabilityWindowShort":null,"image":{"portraitUrl":null,"landscapeUrl":"https:\/\/images.nlziet.nl\/metadataimportimages\/source\/75EA24320AB4882FFC4DE073928A4C91C1398ACD6B8C832BFB17F97BDCB1CFE3.jpg"},"logo":{"normalUrl":"https:\/\/cdn.nlziet.nl\/static\/assets\/contentproviders\/rtl.png","darkUrl":"https:\/\/cdn.nlziet.nl\/static\/assets\/contentproviders\/dark\/rtl.png","flatUrl":"https:\/\/cdn.nlziet.nl\/static\/assets\/contentproviders\/flat\/rtl.png"},"tags":[],"seriesId":"6S7dbpoj5kKcXrigS2JRhA"},{"id":"0-xzOCDMtU230zGcqyw61Q","type":"Vod","title":"Monaco: Speeltuin Van De Rijken","subtitle":"Afl. 1","description":"RTLZ - Driedelige documentaireserie over het doen en laten in het vorstendom Monaco: een dwergstaat aan de Middellandse Zee die 's werelds hoogste concentratie miljonairs herbergt. Mede daardoor wordt Monaco ook wel de speeltuin van de rijken genoemd. Een exclusieve kijk achter de schermen van het Koninklijk Paleis, Prinst Albert II wordt gevolgd en gesprekken met vermogende inwoners en mensen die zorg dragen voor hun luxe levensstijl.","formattedEpisodeNumbering":null,"formattedDate":"Wo 9 mrt.","formattedDateShort":"Wo 9 mrt.","formattedTime":"20:35","formattedDuration":"44m","formattedAvailabilityWindow":null,"formattedAvailabilityWindowShort":null,"image":{"portraitUrl":null,"landscapeUrl":"https:\/\/images.nlziet.nl\/metadataimportimages\/source\/200439511512E718F647420104CAB0625A97AED0C5275D6B05D21690D3D82577.jpg"},"logo":{"normalUrl":"https:\/\/cdn.nlziet.nl\/static\/assets\/contentproviders\/rtl.png","darkUrl":"https:\/\/cdn.nlziet.nl\/static\/assets\/contentproviders\/dark\/rtl.png","flatUrl":"https:\/\/cdn.nlziet.nl\/static\/assets\/contentproviders\/flat\/rtl.png"},"tags":[],"seriesId":"6S7dbpoj5kKcXrigS2JRhA"}]