[{"id":"E8YHlU-KF0aD0vc6b2ozzQ","type":"Vod","title":"Het Mooiste Meisje van de Klas","subtitle":"Angelika","description":"AVROTROS - De Haagse Angelika groeit op als een vrij meisje met een ex-topmodel als moeder en een Scheveningse kapitein als vader. Jarenlang organiseert haar moeder in Den Haag een groot carnavalsfeest 'Carnaval de Rio', waardoor er een mengelmoes van culturen over de vloer komt. Als Angelika pas 9 jaar oud is, overlijdt haar vader plotseling. Ondanks dat ze liefdevol wordt opgevangen, blijft haar verdriet groot. Angelika is thuis erg vrij, maar op school voelt het alsof ze in de pas moet lopen. Het is een keurige school, zeker als prins Willem-Alexander van Oranje een van haar klasgenoten wordt. Na school spreidt Angelika haar vleugels en vertrekt naar Brazili\u00eb. Op een klein Braziliaans eiland leeft ze als hippie-meisje. Als ze de vissershuisjes ombouwt voor het beginnende toerisme, ontdekt ze haar passie voor interieur.","formattedEpisodeNumbering":"S2016:A6","formattedDate":"Do 11 feb. 2016","formattedDateShort":"Feb. 2016","formattedTime":"21:30","formattedDuration":"43m","formattedAvailabilityWindow":null,"formattedAvailabilityWindowShort":null,"image":{"portraitUrl":null,"landscapeUrl":"https:\/\/images.nlziet.nl\/metadataimportimages\/source\/265CD812B4634AC21FCF307E8511CFC61899D3E6BBC0EEB72CBED59B7E2D33F7.jpg"},"logo":{"normalUrl":"https:\/\/cdn.nlziet.nl\/static\/assets\/contentproviders\/npo.png","darkUrl":"https:\/\/cdn.nlziet.nl\/static\/assets\/contentproviders\/dark\/npo.png","flatUrl":"https:\/\/cdn.nlziet.nl\/static\/assets\/contentproviders\/flat\/npo.png"},"tags":[],"seriesId":"6QApQZDaZ0Gc_9gWZDJFZA"},{"id":"xkv-MFF5CkG74YAyMKAQ2g","type":"Vod","title":"Het Mooiste Meisje van de Klas","subtitle":"Marion","description":"AVROTROS - Marion is de oudste dochter in een groot gezin dat lid is van het Rozenkruisgenootschap, een geloofsovertuiging waarbij men probeert een innerlijk bewustzijn te vinden en waarbij de natuur een grote rol speelt. Marion is nooit het type meisje geweest dat je regels op moet leggen en dit wordt extra duidelijk als ze naar de middelbare school gaat. Ondanks dat Marion veel mensen voor zich weet te winnen, zoekt ze de grenzen op school net iets teveel op. Als ze de zoveelste frats uithaalt is de maat vol en moet Marion van school. Haar rebelse gedrag wordt ingegeven door de situatie thuis die allesbehalve makkelijk is. Marion weet niet hoe snel ze het ouderlijk huis moet verlaten. Ze denkt zichzelf wel te kunnen redden in Amsterdam, maar zoekt geborgenheid bij de verkeerde man. Hoe verkeerd en zelfs gevaarlijk de situatie eigenlijk is, realiseert ze zich pas als ze al drie kinderen met hem heeft. Voor hun veiligheid moet Marion de moeilijke keuze maken om haar huwelijk de rug toe te keren en alleen, met drie kleine kinderen, opnieuw te beginnen.","formattedEpisodeNumbering":"S2016:A3","formattedDate":"Do 21 jan. 2016","formattedDateShort":"Jan. 2016","formattedTime":"21:25","formattedDuration":"44m","formattedAvailabilityWindow":null,"formattedAvailabilityWindowShort":null,"image":{"portraitUrl":null,"landscapeUrl":"https:\/\/images.nlziet.nl\/metadataimportimages\/source\/3D5FDE2C2CF9D75EE31F7B4A6249E0C1432479B7DC53E05810148CBA3A834B0C.jpg"},"logo":{"normalUrl":"https:\/\/cdn.nlziet.nl\/static\/assets\/contentproviders\/npo.png","darkUrl":"https:\/\/cdn.nlziet.nl\/static\/assets\/contentproviders\/dark\/npo.png","flatUrl":"https:\/\/cdn.nlziet.nl\/static\/assets\/contentproviders\/flat\/npo.png"},"tags":[],"seriesId":"6QApQZDaZ0Gc_9gWZDJFZA"},{"id":"_eHGdK9q0ESyEmkX4011DA","type":"Vod","title":"Het Mooiste Meisje van de Klas","subtitle":"Stefanie","description":"AVROTROS - Stefanie brengt haar jeugd door op een boerderij in een Achterhoeks gehucht. Ze is anders dan de anderen, daar is iedereen op de middelbare school het wel over eens. Dit komt door haar innemende karakter en alternatieve kledingstijl, maar toch vooral ook door haar mooie voorkomen. Ondanks dat Stefanie geen echt modepopje is, is niemand verbaasd dat zij na het afronden van de havo een modellenwedstrijd wint. De modellenklussen blijven binnenstromen en Stefanie lijkt de liefde gevonden te hebben bij de succesvolle Ha\u00eftiaan Kiki. Stefanie wil niets liever dan een gezin stichten en haar wereld stort ineen als blijkt dat Kiki een dubbelleven leidt. Als begin dertiger in New York komt ze voor haar grootste angst te staan: zal haar droom om moeder te worden ooit nog uitkomen?","formattedEpisodeNumbering":"S2016:A2","formattedDate":"Do 14 jan. 2016","formattedDateShort":"Jan. 2016","formattedTime":"21:25","formattedDuration":"45m","formattedAvailabilityWindow":null,"formattedAvailabilityWindowShort":null,"image":{"portraitUrl":null,"landscapeUrl":"https:\/\/images.nlziet.nl\/metadataimportimages\/source\/3D43138D9EEABFDDD5783818F0E972F320A0381A0C776A64D19016015C275434.jpg"},"logo":{"normalUrl":"https:\/\/cdn.nlziet.nl\/static\/assets\/contentproviders\/npo.png","darkUrl":"https:\/\/cdn.nlziet.nl\/static\/assets\/contentproviders\/dark\/npo.png","flatUrl":"https:\/\/cdn.nlziet.nl\/static\/assets\/contentproviders\/flat\/npo.png"},"tags":[],"seriesId":"6QApQZDaZ0Gc_9gWZDJFZA"},{"id":"fT48njX7CUS5dP1Ms8uZ_A","type":"Vod","title":"Het Mooiste Meisje van de Klas","subtitle":"Hilde","description":"AVROTROS - Hilde (1977) groeit op in een alternatief gezin in het Friese kleine dorpje Reduzum. Als puber vindt Hilde het aparte leven van haar hippie-ouders maar niks. Zelf wil ze niets liever dan 'normaal' zijn en rijk worden. Hilde rondt haar studie fiscaal recht af en heeft al snel alles waar ze ooit van droomde: een grachtenpand, een Porsche en een boot. Maar al deze spullen verliezen hun waarde als haar zusje er op 20-jarige leeftijd voor kiest om uit het leven te stappen. Als het leven zo plotseling afgelopen kan zijn, wat is er dan werkelijk belangrijk in het leven? Hilde pakt de backpack van haar zusje en maakt dezelfde reis die haar zusje destijds zo gelukkig maakte. Jaap Jongbloed reist af naar Nepal, slechts een paar weken na de aardbevingen die bijna 8000 mensen het leven kostte. Terwijl het land zich weer herstelt na deze tragedie ontmoet hij Hilde. Zij heeft in Nepal een stichting opgezet, waarmee ze arme vrouwen weer een nieuwe kans op een goed leven geeft.","formattedEpisodeNumbering":"S2016:A1","formattedDate":"Do 7 jan. 2016","formattedDateShort":"Jan. 2016","formattedTime":"21:25","formattedDuration":"43m","formattedAvailabilityWindow":null,"formattedAvailabilityWindowShort":null,"image":{"portraitUrl":null,"landscapeUrl":"https:\/\/images.nlziet.nl\/metadataimportimages\/source\/CC45F0D7251FC17424E04417030E736DA3BAC9341A680BC8FFC1684A7B4E049F.jpg"},"logo":{"normalUrl":"https:\/\/cdn.nlziet.nl\/static\/assets\/contentproviders\/npo.png","darkUrl":"https:\/\/cdn.nlziet.nl\/static\/assets\/contentproviders\/dark\/npo.png","flatUrl":"https:\/\/cdn.nlziet.nl\/static\/assets\/contentproviders\/flat\/npo.png"},"tags":[],"seriesId":"6QApQZDaZ0Gc_9gWZDJFZA"}]