[{"id":"pszwzy5idk6Phtgh08svMQ","type":"Vod","title":"De Bodyguard","subtitle":"De Bodyguard","description":"WNL - Het is de dag van de finale. Drie kandidaten zijn nog in de race. De dag start met een rijtest. Lukt het ze de auto van een belager van de weg af te rijden? Na deze oefening valt een kandidaat alsnog af. De overige twee worden op een verlaten en onheilspellend terrein gedropt. Via een rioolbuis worden ze een huis ingeloodst waar ze belangrijke informatie over bedreigers kunnen opdoen. Als finaletest zijn ze verantwoordelijk voor de beveiliging van Nederlands bekendste illusionist; Hans Klok. Hij wordt voor, tijdens en na zijn optreden belaagd en de vraag is wie van de overgebleven kandidaten het beste overal op inspringt.","formattedEpisodeNumbering":null,"formattedDate":"Wo 19 okt.","formattedDateShort":"Wo 19 okt.","formattedTime":"20:25","formattedDuration":"50m","formattedAvailabilityWindow":null,"formattedAvailabilityWindowShort":null,"image":{"portraitUrl":null,"landscapeUrl":"https:\/\/images.nlziet.nl\/metadataimportimages\/source\/2B6B78C72C8C3E14209FBD71FA31085C6319EF1277D14C78ABCB68192FD3E55C.jpg"},"logo":{"normalUrl":"https:\/\/cdn.nlziet.nl\/static\/assets\/contentproviders\/npo.png","darkUrl":"https:\/\/cdn.nlziet.nl\/static\/assets\/contentproviders\/dark\/npo.png","flatUrl":"https:\/\/cdn.nlziet.nl\/static\/assets\/contentproviders\/flat\/npo.png"},"tags":[],"seriesId":"6FrG2kNVIkaTz-84qt2J6Q"},{"id":"GGwoEsc7XEiLtZhuYeXbpg","type":"Vod","title":"De Bodyguard","subtitle":"De Bodyguard","description":"WNL - Het is dag zeven van de training en er zijn nog maar vier kandidaten over in de strijd om de titel 'De bodyguard'. Ze worden uitgedaagd door Nederlands beste K-1 vechters en incasseren extreem harde en rake klappen. Onder de blauwe plekken krijgen ze vervolgens op de rode loper speciale vips te beschermen; hun familieleden en vrienden. Hoe gaan ze hiermee om? En als afsluiting moeten ze Romy Monteiro beveiligen. De kandidaten moeten snel handelen als er tijdens het optreden ineens een man met een mes haar kant op komt.","formattedEpisodeNumbering":null,"formattedDate":"Wo 12 okt.","formattedDateShort":"Wo 12 okt.","formattedTime":"20:25","formattedDuration":"50m","formattedAvailabilityWindow":null,"formattedAvailabilityWindowShort":null,"image":{"portraitUrl":null,"landscapeUrl":"https:\/\/images.nlziet.nl\/metadataimportimages\/source\/380E4F7FB9F9708EA566375AFECFB70F4E52A9658C5D583D83E3C0A6ABC0DEA4.jpg"},"logo":{"normalUrl":"https:\/\/cdn.nlziet.nl\/static\/assets\/contentproviders\/npo.png","darkUrl":"https:\/\/cdn.nlziet.nl\/static\/assets\/contentproviders\/dark\/npo.png","flatUrl":"https:\/\/cdn.nlziet.nl\/static\/assets\/contentproviders\/flat\/npo.png"},"tags":[],"seriesId":"6FrG2kNVIkaTz-84qt2J6Q"},{"id":"Zs7TBNYKZ0urggxWY3HBAg","type":"Vod","title":"De Bodyguard","subtitle":"De Bodyguard","description":"WNL - De kandidaten zien zich opgesloten in een donkere kamer in een verlaten loods tezamen met een man die ze irritant lastig valt. Alleen als ze via een porto helder kunnen communiceren met hun partner kunnen ze bevrijd worden. Dat betekent wel dat ze, zoals geleerd, zichzelf moeten afschermen van de vervelende man. Een tweede opdracht speelt zich af op een boot. De kandidaten moeten een belangrijke Amerikaanse CEO beveiligen tijdens een tocht door de grachten. Maar wat als hij ineens van de boot wil en de schipper nergens kan aanmeren? Welmoed Sijtsma volgt en ondersteunt de kandidaten in alle opdrachten.","formattedEpisodeNumbering":null,"formattedDate":"Wo 5 okt.","formattedDateShort":"Wo 5 okt.","formattedTime":"20:25","formattedDuration":"51m","formattedAvailabilityWindow":null,"formattedAvailabilityWindowShort":null,"image":{"portraitUrl":null,"landscapeUrl":"https:\/\/images.nlziet.nl\/metadataimportimages\/source\/380E4F7FB9F9708EA566375AFECFB70F4E52A9658C5D583D83E3C0A6ABC0DEA4.jpg"},"logo":{"normalUrl":"https:\/\/cdn.nlziet.nl\/static\/assets\/contentproviders\/npo.png","darkUrl":"https:\/\/cdn.nlziet.nl\/static\/assets\/contentproviders\/dark\/npo.png","flatUrl":"https:\/\/cdn.nlziet.nl\/static\/assets\/contentproviders\/flat\/npo.png"},"tags":[],"seriesId":"6FrG2kNVIkaTz-84qt2J6Q"},{"id":"ff5ucrSiGEuZ3oJn0QQW7w","type":"Vod","title":"De Bodyguard","subtitle":"De Bodyguard","description":"WNL - De nog overgebleven zeven kandidaten krijgen de opdracht hun vip te redden uit een brandend huis. Ze hebben net les gekregen in brandveiligheid maar betekent brand nu dat ze moeten blussen of zo snel mogelijk hun vip moeten evacueren? E\u00e9n van de kandidaten verzaakt ernstig en moet de training verlaten. De overige zes krijgen in duo's een bekende influencer onder hun hoede die ze veilig naar een interview-locatie moeten begeleiden. Hoe reageert iedereen op de grillen en grollen van deze bekendheid en op een uit het niets opduikende woeste man?","formattedEpisodeNumbering":null,"formattedDate":"Wo 28 sep.","formattedDateShort":"Wo 28 sep.","formattedTime":"20:25","formattedDuration":"51m","formattedAvailabilityWindow":null,"formattedAvailabilityWindowShort":null,"image":{"portraitUrl":null,"landscapeUrl":"https:\/\/images.nlziet.nl\/metadataimportimages\/source\/380E4F7FB9F9708EA566375AFECFB70F4E52A9658C5D583D83E3C0A6ABC0DEA4.jpg"},"logo":{"normalUrl":"https:\/\/cdn.nlziet.nl\/static\/assets\/contentproviders\/npo.png","darkUrl":"https:\/\/cdn.nlziet.nl\/static\/assets\/contentproviders\/dark\/npo.png","flatUrl":"https:\/\/cdn.nlziet.nl\/static\/assets\/contentproviders\/flat\/npo.png"},"tags":[],"seriesId":"6FrG2kNVIkaTz-84qt2J6Q"},{"id":"U4XPggXWnE-uWQRVUVXReA","type":"Vod","title":"De Bodyguard","subtitle":"De Bodyguard","description":"WNL - De nog overgebleven acht kandidaten krijgen de opdracht twee restaurants voor te verkennen voor een regio-overleg tussen burgemeesters die gekenmerkt zijn met een licht dreigingsniveau. Welmoed Sijtsma neemt de kijker mee in het verhaal als de kandidaten verstrikt raken in de drukke binnenstad en proberen achtervolgers van zich af te schudden. Tijdens het etentje zelf worden de burgemeesters tot drie keer toe belaagd; wie weet de vip tijdig en zonder kleerscheuren in veiligheid te brengen?","formattedEpisodeNumbering":null,"formattedDate":"Wo 21 sep.","formattedDateShort":"Wo 21 sep.","formattedTime":"20:25","formattedDuration":"50m","formattedAvailabilityWindow":null,"formattedAvailabilityWindowShort":null,"image":{"portraitUrl":null,"landscapeUrl":"https:\/\/images.nlziet.nl\/metadataimportimages\/source\/380E4F7FB9F9708EA566375AFECFB70F4E52A9658C5D583D83E3C0A6ABC0DEA4.jpg"},"logo":{"normalUrl":"https:\/\/cdn.nlziet.nl\/static\/assets\/contentproviders\/npo.png","darkUrl":"https:\/\/cdn.nlziet.nl\/static\/assets\/contentproviders\/dark\/npo.png","flatUrl":"https:\/\/cdn.nlziet.nl\/static\/assets\/contentproviders\/flat\/npo.png"},"tags":[],"seriesId":"6FrG2kNVIkaTz-84qt2J6Q"},{"id":"d_dnkenkZUu-BKmx3LwVEw","type":"Vod","title":"De Bodyguard","subtitle":"De Bodyguard","description":"WNL - Welmoed Sijtsma steunt de kandidaten tijdens angstige momenten in het zwembad waarbij ze getest worden op hun actie intelligentie en ze zorgt voor verkoeling als iedereen geprobeerd heeft de snelste marathonlopers van Nederland bij te houden. In de avond maken de kroongetuige-advocaten in het Marengo proces, Onno de Jong en Peter Schouten alsook burgemeester Jos Wienen, diepe indruk op de kandidaten als ze vertellen wat het precies voor hen betekent om altijd onder zware beveiliging te staan.","formattedEpisodeNumbering":null,"formattedDate":"Wo 14 sep.","formattedDateShort":"Wo 14 sep.","formattedTime":"20:25","formattedDuration":"50m","formattedAvailabilityWindow":null,"formattedAvailabilityWindowShort":null,"image":{"portraitUrl":null,"landscapeUrl":"https:\/\/images.nlziet.nl\/metadataimportimages\/source\/380E4F7FB9F9708EA566375AFECFB70F4E52A9658C5D583D83E3C0A6ABC0DEA4.jpg"},"logo":{"normalUrl":"https:\/\/cdn.nlziet.nl\/static\/assets\/contentproviders\/npo.png","darkUrl":"https:\/\/cdn.nlziet.nl\/static\/assets\/contentproviders\/dark\/npo.png","flatUrl":"https:\/\/cdn.nlziet.nl\/static\/assets\/contentproviders\/flat\/npo.png"},"tags":[],"seriesId":"6FrG2kNVIkaTz-84qt2J6Q"},{"id":"n5oIEWDV1U2rARD7tndn9Q","type":"Vod","title":"De Bodyguard","subtitle":"De Bodyguard","description":"WNL - Welmoed Sijtsma steunt de kandidaten wanneer ze oog in oog staan met vechthonden. Ze weten dat ze gebeten gaan worden en dat de hond pas loslaat als ze een code kunnen reproduceren. Wie kan onder deze stressvolle omstandigheid helder blijven denken? Als bodyguard moet je perfect kunnen autorijden; als het ware een zijn met je voertuig.","formattedEpisodeNumbering":null,"formattedDate":"Wo 7 sep.","formattedDateShort":"Wo 7 sep.","formattedTime":"20:25","formattedDuration":"50m","formattedAvailabilityWindow":null,"formattedAvailabilityWindowShort":null,"image":{"portraitUrl":null,"landscapeUrl":"https:\/\/images.nlziet.nl\/metadataimportimages\/source\/380E4F7FB9F9708EA566375AFECFB70F4E52A9658C5D583D83E3C0A6ABC0DEA4.jpg"},"logo":{"normalUrl":"https:\/\/cdn.nlziet.nl\/static\/assets\/contentproviders\/npo.png","darkUrl":"https:\/\/cdn.nlziet.nl\/static\/assets\/contentproviders\/dark\/npo.png","flatUrl":"https:\/\/cdn.nlziet.nl\/static\/assets\/contentproviders\/flat\/npo.png"},"tags":[],"seriesId":"6FrG2kNVIkaTz-84qt2J6Q"},{"id":"wzaAqc-d-U6QtcKCkkCRtA","type":"Vod","title":"De Bodyguard","subtitle":"De Bodyguard","description":"WNL - Welmoed Sijtsma steunt de kandidaten tijdens een reeks fysieke opdrachten, waarbij ook hun opmerkzaamheid wordt getest. Zo kruist illusionist Hans Klok hun pad en een man in een konijnenpak. Wie van de kandidaten ziet hen? Ook krijgen ze de opdracht om de beste tafel voor wereldster Ed Sheeran te reserveren. Hoe reageren de kandidaten als blijkt dat reserveren voor die avond helemaal niet mogelijk is?","formattedEpisodeNumbering":null,"formattedDate":"Wo 31 aug.","formattedDateShort":"Wo 31 aug.","formattedTime":"20:25","formattedDuration":"49m","formattedAvailabilityWindow":null,"formattedAvailabilityWindowShort":null,"image":{"portraitUrl":null,"landscapeUrl":"https:\/\/images.nlziet.nl\/metadataimportimages\/source\/380E4F7FB9F9708EA566375AFECFB70F4E52A9658C5D583D83E3C0A6ABC0DEA4.jpg"},"logo":{"normalUrl":"https:\/\/cdn.nlziet.nl\/static\/assets\/contentproviders\/npo.png","darkUrl":"https:\/\/cdn.nlziet.nl\/static\/assets\/contentproviders\/dark\/npo.png","flatUrl":"https:\/\/cdn.nlziet.nl\/static\/assets\/contentproviders\/flat\/npo.png"},"tags":[],"seriesId":"6FrG2kNVIkaTz-84qt2J6Q"}]