[{"id":"OQhsbAtXH0OPz1FAnySJcg","type":"Vod","title":"Waffel de wonderhond","subtitle":"Waffels cadeau idee","description":"KRO-NCRV - Waffel wil graag een cadeau voor Pepper in elkaar knutselen.","formattedEpisodeNumbering":null,"formattedDate":"Vr 25 okt. 2019","formattedDateShort":"Okt. 2019","formattedTime":"15:20","formattedDuration":"10m","formattedAvailabilityWindow":null,"formattedAvailabilityWindowShort":null,"image":{"portraitUrl":null,"landscapeUrl":"https:\/\/images.nlziet.nl\/metadataimportimages\/source\/32E956690985C072B48628BE090B58723C7E3440F2DA6DB2B3C75E53E2C86B6F.jpg"},"logo":{"normalUrl":"https:\/\/cdn.nlziet.nl\/static\/assets\/contentproviders\/npo.png","darkUrl":"https:\/\/cdn.nlziet.nl\/static\/assets\/contentproviders\/dark\/npo.png","flatUrl":"https:\/\/cdn.nlziet.nl\/static\/assets\/contentproviders\/flat\/npo.png"},"tags":[],"seriesId":"5_Dtakii_E6hQJPpQ8Ftrw"},{"id":"ZrjKwk7FR0uOS7W3oGzbcQ","type":"Vod","title":"Waffel de wonderhond","subtitle":"Waffel steelt de show","description":"KRO-NCRV - Waffel steelt de show op school met zijn ballonact.","formattedEpisodeNumbering":null,"formattedDate":"Vr 25 okt. 2019","formattedDateShort":"Okt. 2019","formattedTime":"15:10","formattedDuration":"10m","formattedAvailabilityWindow":null,"formattedAvailabilityWindowShort":null,"image":{"portraitUrl":null,"landscapeUrl":"https:\/\/images.nlziet.nl\/metadataimportimages\/source\/DA346E30A7271BACCAF6B6E5A7BAD12C81A954EB4AB308D7D27A49F97C54D1F2.jpg"},"logo":{"normalUrl":"https:\/\/cdn.nlziet.nl\/static\/assets\/contentproviders\/npo.png","darkUrl":"https:\/\/cdn.nlziet.nl\/static\/assets\/contentproviders\/dark\/npo.png","flatUrl":"https:\/\/cdn.nlziet.nl\/static\/assets\/contentproviders\/flat\/npo.png"},"tags":[],"seriesId":"5_Dtakii_E6hQJPpQ8Ftrw"},{"id":"VsTjbBceQ0y6SDPWqK1I9g","type":"Vod","title":"Waffel de wonderhond","subtitle":"Waffel en de doos","description":"KRO-NCRV - Er wordt een enorme doos bij mevrouw Hobbs bezorgd en Waffel wil heel graag weten wat erin zit.","formattedEpisodeNumbering":null,"formattedDate":"Do 24 okt. 2019","formattedDateShort":"Okt. 2019","formattedTime":"15:15","formattedDuration":"10m","formattedAvailabilityWindow":null,"formattedAvailabilityWindowShort":null,"image":{"portraitUrl":null,"landscapeUrl":"https:\/\/images.nlziet.nl\/metadataimportimages\/source\/DE350D81478705AD14608EC560143473EA6559F68A4281EEBC1B3E4DE84552D6.jpg"},"logo":{"normalUrl":"https:\/\/cdn.nlziet.nl\/static\/assets\/contentproviders\/npo.png","darkUrl":"https:\/\/cdn.nlziet.nl\/static\/assets\/contentproviders\/dark\/npo.png","flatUrl":"https:\/\/cdn.nlziet.nl\/static\/assets\/contentproviders\/flat\/npo.png"},"tags":[],"seriesId":"5_Dtakii_E6hQJPpQ8Ftrw"},{"id":"Ha00e8GfQkOtxAv8B0LeLA","type":"Vod","title":"Waffel de wonderhond","subtitle":"Waffels repetitie","description":"KRO-NCRV - Waffel komt steeds niet aan de beurt bij de repetitie, dus oefenen Simon, Dirk en Evie thuis met hem.","formattedEpisodeNumbering":null,"formattedDate":"Do 24 okt. 2019","formattedDateShort":"Okt. 2019","formattedTime":"15:05","formattedDuration":"10m","formattedAvailabilityWindow":null,"formattedAvailabilityWindowShort":null,"image":{"portraitUrl":null,"landscapeUrl":"https:\/\/images.nlziet.nl\/metadataimportimages\/source\/819CB3DA07CE19F3D8B3651A5A40A3336513628E5EE5CF4D9F3BD19466ED53A7.jpg"},"logo":{"normalUrl":"https:\/\/cdn.nlziet.nl\/static\/assets\/contentproviders\/npo.png","darkUrl":"https:\/\/cdn.nlziet.nl\/static\/assets\/contentproviders\/dark\/npo.png","flatUrl":"https:\/\/cdn.nlziet.nl\/static\/assets\/contentproviders\/flat\/npo.png"},"tags":[],"seriesId":"5_Dtakii_E6hQJPpQ8Ftrw"},{"id":"igoGfLp9q0C7_BWMBtAUVQ","type":"Vod","title":"Waffel de wonderhond","subtitle":"Waffels pijnlijke poot","description":"KRO-NCRV - Iemand gaat per ongeluk op Waffels poot staan en meneer Nolan weet alleen hoe hij eerste hulp moet verlenen aan mensen. Gelukkig is Jess in de buurt.","formattedEpisodeNumbering":null,"formattedDate":"Di 22 okt. 2019","formattedDateShort":"Okt. 2019","formattedTime":"15:00","formattedDuration":"10m","formattedAvailabilityWindow":null,"formattedAvailabilityWindowShort":null,"image":{"portraitUrl":null,"landscapeUrl":"https:\/\/images.nlziet.nl\/metadataimportimages\/source\/2F31862B5C2208D0A1B236A8A09121299008202752477D983524EC38B042B5C8.jpg"},"logo":{"normalUrl":"https:\/\/cdn.nlziet.nl\/static\/assets\/contentproviders\/npo.png","darkUrl":"https:\/\/cdn.nlziet.nl\/static\/assets\/contentproviders\/dark\/npo.png","flatUrl":"https:\/\/cdn.nlziet.nl\/static\/assets\/contentproviders\/flat\/npo.png"},"tags":[],"seriesId":"5_Dtakii_E6hQJPpQ8Ftrw"},{"id":"BAeyKRulvEGMnsrLJzh8GQ","type":"Vod","title":"Waffel de wonderhond","subtitle":"Waffels hondenfamile","description":"KRO-NCRV - Waffel voelt zich buitengesloten, dus loopt hij weg om op zoek te gaan naar zijn hondenfamilie.","formattedEpisodeNumbering":null,"formattedDate":"Ma 21 okt. 2019","formattedDateShort":"Okt. 2019","formattedTime":"15:05","formattedDuration":"10m","formattedAvailabilityWindow":null,"formattedAvailabilityWindowShort":null,"image":{"portraitUrl":null,"landscapeUrl":"https:\/\/images.nlziet.nl\/metadataimportimages\/source\/607F1D207DBDA6AC24D094FCE74B67A6B5077F001389CCAEA42D2FEBF7C73729.jpg"},"logo":{"normalUrl":"https:\/\/cdn.nlziet.nl\/static\/assets\/contentproviders\/npo.png","darkUrl":"https:\/\/cdn.nlziet.nl\/static\/assets\/contentproviders\/dark\/npo.png","flatUrl":"https:\/\/cdn.nlziet.nl\/static\/assets\/contentproviders\/flat\/npo.png"},"tags":[],"seriesId":"5_Dtakii_E6hQJPpQ8Ftrw"},{"id":"i92ZmNUMM0CS1VArICNjuw","type":"Vod","title":"Waffel de wonderhond","subtitle":"Waffels huiswerk","description":"KRO-NCRV - Waffel is vergeten zijn huiswerk te doen, maar Evie en Simon gaan hem helpen.","formattedEpisodeNumbering":null,"formattedDate":"Vr 18 okt. 2019","formattedDateShort":"Okt. 2019","formattedTime":"15:00","formattedDuration":"10m","formattedAvailabilityWindow":null,"formattedAvailabilityWindowShort":null,"image":{"portraitUrl":null,"landscapeUrl":"https:\/\/images.nlziet.nl\/metadataimportimages\/source\/9AA27A557614DD2287A47D386D743FF37C6ADAFB8985800DFAF638587BF2CC97.jpg"},"logo":{"normalUrl":"https:\/\/cdn.nlziet.nl\/static\/assets\/contentproviders\/npo.png","darkUrl":"https:\/\/cdn.nlziet.nl\/static\/assets\/contentproviders\/dark\/npo.png","flatUrl":"https:\/\/cdn.nlziet.nl\/static\/assets\/contentproviders\/flat\/npo.png"},"tags":[],"seriesId":"5_Dtakii_E6hQJPpQ8Ftrw"},{"id":"YlcGa_q1J0uI20osBE6Xmw","type":"Vod","title":"Waffel de wonderhond","subtitle":"Waffel en Benji","description":"KRO-NCRV - Waffel doet zo goed zijn best op school dat hij Benji, de knuffel van de klas, mee naar huis mag nemen.","formattedEpisodeNumbering":null,"formattedDate":"Do 17 okt. 2019","formattedDateShort":"Okt. 2019","formattedTime":"15:05","formattedDuration":"10m","formattedAvailabilityWindow":null,"formattedAvailabilityWindowShort":null,"image":{"portraitUrl":null,"landscapeUrl":"https:\/\/images.nlziet.nl\/metadataimportimages\/source\/7253EA159A75186309A97AE5956BB0C9E74E7988AF43A845011544FC18B6330E.jpg"},"logo":{"normalUrl":"https:\/\/cdn.nlziet.nl\/static\/assets\/contentproviders\/npo.png","darkUrl":"https:\/\/cdn.nlziet.nl\/static\/assets\/contentproviders\/dark\/npo.png","flatUrl":"https:\/\/cdn.nlziet.nl\/static\/assets\/contentproviders\/flat\/npo.png"},"tags":[],"seriesId":"5_Dtakii_E6hQJPpQ8Ftrw"},{"id":"cR8WA-ZNZkOvkujC7lbIQA","type":"Vod","title":"Waffel de wonderhond","subtitle":"Waffel de leerling","description":"KRO-NCRV - Vandaag begint Waffel aan zijn proefweek als leerling op de Sombersby school.","formattedEpisodeNumbering":null,"formattedDate":"Di 15 okt. 2019","formattedDateShort":"Okt. 2019","formattedTime":"15:00","formattedDuration":"10m","formattedAvailabilityWindow":null,"formattedAvailabilityWindowShort":null,"image":{"portraitUrl":null,"landscapeUrl":"https:\/\/images.nlziet.nl\/metadataimportimages\/source\/DDF6FB92445CAD5271565F84A593040621E5201E4FF4ABD456050E8693132418.jpg"},"logo":{"normalUrl":"https:\/\/cdn.nlziet.nl\/static\/assets\/contentproviders\/npo.png","darkUrl":"https:\/\/cdn.nlziet.nl\/static\/assets\/contentproviders\/dark\/npo.png","flatUrl":"https:\/\/cdn.nlziet.nl\/static\/assets\/contentproviders\/flat\/npo.png"},"tags":[],"seriesId":"5_Dtakii_E6hQJPpQ8Ftrw"},{"id":"Wjh4mMSVkk2pcQATOi4AQg","type":"Vod","title":"Waffel de wonderhond","subtitle":"Waffel in de sneeuw","description":"KRO-NCRV - Callum neemt Evie, Dirk en Waffel mee naar de Sneeuw Arena. Mevrouw Hobbs blijkt ook aanwezig.","formattedEpisodeNumbering":null,"formattedDate":"Ma 14 okt. 2019","formattedDateShort":"Okt. 2019","formattedTime":"15:00","formattedDuration":"10m","formattedAvailabilityWindow":null,"formattedAvailabilityWindowShort":null,"image":{"portraitUrl":null,"landscapeUrl":"https:\/\/images.nlziet.nl\/metadataimportimages\/source\/962D7E0D7EE6E136F5DC7343E42611B20BE5C51BBDE2DD5E1064500683ACAEC8.jpg"},"logo":{"normalUrl":"https:\/\/cdn.nlziet.nl\/static\/assets\/contentproviders\/npo.png","darkUrl":"https:\/\/cdn.nlziet.nl\/static\/assets\/contentproviders\/dark\/npo.png","flatUrl":"https:\/\/cdn.nlziet.nl\/static\/assets\/contentproviders\/flat\/npo.png"},"tags":[],"seriesId":"5_Dtakii_E6hQJPpQ8Ftrw"},{"id":"OORDgQLa9Eyj7uwbmkEi_w","type":"Vod","title":"Waffel de wonderhond","subtitle":"Waffel is een luisterhond","description":"KRO-NCRV - Waffel mag mee naar school om naar de kinderen te luisteren die een verhaaltje voorlezen.","formattedEpisodeNumbering":null,"formattedDate":"Vr 11 okt. 2019","formattedDateShort":"Okt. 2019","formattedTime":"15:05","formattedDuration":"10m","formattedAvailabilityWindow":null,"formattedAvailabilityWindowShort":null,"image":{"portraitUrl":null,"landscapeUrl":"https:\/\/images.nlziet.nl\/metadataimportimages\/source\/7DF3EF6868044A958C6EDA74F8B48ED6A9C600C0473AD29BF27F840B4B19EB53.jpg"},"logo":{"normalUrl":"https:\/\/cdn.nlziet.nl\/static\/assets\/contentproviders\/npo.png","darkUrl":"https:\/\/cdn.nlziet.nl\/static\/assets\/contentproviders\/dark\/npo.png","flatUrl":"https:\/\/cdn.nlziet.nl\/static\/assets\/contentproviders\/flat\/npo.png"},"tags":[],"seriesId":"5_Dtakii_E6hQJPpQ8Ftrw"},{"id":"FPlFr5-Ch0mNmaE8GWBQOA","type":"Vod","title":"Waffel de wonderhond","subtitle":"Waffel de katsitter","description":"KRO-NCRV - Waffel solliciteert voor de functie van katsitter voor George en mevrouw Hobbs begint met rolschaatsles.","formattedEpisodeNumbering":null,"formattedDate":"Do 10 okt. 2019","formattedDateShort":"Okt. 2019","formattedTime":"15:05","formattedDuration":"10m","formattedAvailabilityWindow":null,"formattedAvailabilityWindowShort":null,"image":{"portraitUrl":null,"landscapeUrl":"https:\/\/images.nlziet.nl\/metadataimportimages\/source\/54B3D9AC146D2BD6B60A255DB40D7F7EC27E64BF6E0D262FBEFD8FE6B5C73437.jpg"},"logo":{"normalUrl":"https:\/\/cdn.nlziet.nl\/static\/assets\/contentproviders\/npo.png","darkUrl":"https:\/\/cdn.nlziet.nl\/static\/assets\/contentproviders\/dark\/npo.png","flatUrl":"https:\/\/cdn.nlziet.nl\/static\/assets\/contentproviders\/flat\/npo.png"},"tags":[],"seriesId":"5_Dtakii_E6hQJPpQ8Ftrw"},{"id":"73WbF5jbMU6xQRw6hRQmgA","type":"Vod","title":"Waffel de wonderhond","subtitle":"Waffel en de verjaardagswens","description":"KRO-NCRV - Mevrouw Hobbs heeft een nieuwe hobby en Evie krijgt voor haar verjaardag een pi\u00f1ata.","formattedEpisodeNumbering":null,"formattedDate":"Di 8 okt. 2019","formattedDateShort":"Okt. 2019","formattedTime":"15:05","formattedDuration":"10m","formattedAvailabilityWindow":null,"formattedAvailabilityWindowShort":null,"image":{"portraitUrl":null,"landscapeUrl":"https:\/\/images.nlziet.nl\/metadataimportimages\/source\/D4CE5F5348F7D660CDC03BA2524C9B9276A1593229401CCC10A5EF4F9A2C9328.jpg"},"logo":{"normalUrl":"https:\/\/cdn.nlziet.nl\/static\/assets\/contentproviders\/npo.png","darkUrl":"https:\/\/cdn.nlziet.nl\/static\/assets\/contentproviders\/dark\/npo.png","flatUrl":"https:\/\/cdn.nlziet.nl\/static\/assets\/contentproviders\/flat\/npo.png"},"tags":[],"seriesId":"5_Dtakii_E6hQJPpQ8Ftrw"},{"id":"KRcUpWkNwEWiB0EfxEW1eA","type":"Vod","title":"Waffel de wonderhond","subtitle":"Waffel probeert stil te zijn","description":"KRO-NCRV - Evie wordt vijf jaar en krijgt voor haar verjaardag een knuffelkar. Waffel verstopt zich in de kar en rijdt mee naar school.","formattedEpisodeNumbering":null,"formattedDate":"Ma 7 okt. 2019","formattedDateShort":"Okt. 2019","formattedTime":"15:10","formattedDuration":"10m","formattedAvailabilityWindow":"Nog 6 dagen beschikbaar","formattedAvailabilityWindowShort":"Nog 6 d. beschikbaar","image":{"portraitUrl":null,"landscapeUrl":"https:\/\/images.nlziet.nl\/metadataimportimages\/source\/3B2CD1044C58B5DC64A931EDC126CE316973699349A0E236EBDE0611F3A45D78.jpg"},"logo":{"normalUrl":"https:\/\/cdn.nlziet.nl\/static\/assets\/contentproviders\/npo.png","darkUrl":"https:\/\/cdn.nlziet.nl\/static\/assets\/contentproviders\/dark\/npo.png","flatUrl":"https:\/\/cdn.nlziet.nl\/static\/assets\/contentproviders\/flat\/npo.png"},"tags":[],"seriesId":"5_Dtakii_E6hQJPpQ8Ftrw"},{"id":"QCyJIbF1UEWKyw--OMVDyg","type":"Vod","title":"Waffel de wonderhond","subtitle":"Waffel de schoolhond","description":"KRO-NCRV - Waffel wil per se mee naar school lopen op Evie's eerste schooldag.","formattedEpisodeNumbering":null,"formattedDate":"Vr 4 okt. 2019","formattedDateShort":"Okt. 2019","formattedTime":"15:00","formattedDuration":"10m","formattedAvailabilityWindow":"Nog 5 dagen beschikbaar","formattedAvailabilityWindowShort":"Nog 5 d. beschikbaar","image":{"portraitUrl":null,"landscapeUrl":"https:\/\/images.nlziet.nl\/metadataimportimages\/source\/105637D4831D12A2C537AC9541466276475CCE3773A10CD08F3D40F3AF87604E.jpg"},"logo":{"normalUrl":"https:\/\/cdn.nlziet.nl\/static\/assets\/contentproviders\/npo.png","darkUrl":"https:\/\/cdn.nlziet.nl\/static\/assets\/contentproviders\/dark\/npo.png","flatUrl":"https:\/\/cdn.nlziet.nl\/static\/assets\/contentproviders\/flat\/npo.png"},"tags":[],"seriesId":"5_Dtakii_E6hQJPpQ8Ftrw"},{"id":"CnTWdJAEnUyN1m2leurj2A","type":"Vod","title":"Waffel de wonderhond","subtitle":"Waffel krijgt zwijggeld","description":"KRO-NCRV - Waffel wil meedoen met de sponsorzwijg om geld op te halen voor het schooltuinproject. Hij mag de hele ochtend niet praten en niet blaffen.","formattedEpisodeNumbering":null,"formattedDate":"Do 3 okt. 2019","formattedDateShort":"Okt. 2019","formattedTime":"15:05","formattedDuration":"10m","formattedAvailabilityWindow":"Nog 4 dagen beschikbaar","formattedAvailabilityWindowShort":"Nog 4 d. beschikbaar","image":{"portraitUrl":null,"landscapeUrl":"https:\/\/images.nlziet.nl\/metadataimportimages\/source\/D526CE78E6E439BAD3421155B21BF52AA6F9D7D310DC89AC0E6A84410764DBBE.jpg"},"logo":{"normalUrl":"https:\/\/cdn.nlziet.nl\/static\/assets\/contentproviders\/npo.png","darkUrl":"https:\/\/cdn.nlziet.nl\/static\/assets\/contentproviders\/dark\/npo.png","flatUrl":"https:\/\/cdn.nlziet.nl\/static\/assets\/contentproviders\/flat\/npo.png"},"tags":[],"seriesId":"5_Dtakii_E6hQJPpQ8Ftrw"},{"id":"v8r-lDRmrEyu_AtgqvP3eA","type":"Vod","title":"Waffel de wonderhond","subtitle":"Waffel de muziekhond","description":"KRO-NCRV - Dirk vindt een nieuw drumstel uit en Simon, mevrouw Hobbs en Waffel mogen erop spelen.","formattedEpisodeNumbering":null,"formattedDate":"Di 1 okt. 2019","formattedDateShort":"Okt. 2019","formattedTime":"15:05","formattedDuration":"10m","formattedAvailabilityWindow":"Nog 3 dagen beschikbaar","formattedAvailabilityWindowShort":"Nog 3 d. beschikbaar","image":{"portraitUrl":null,"landscapeUrl":"https:\/\/images.nlziet.nl\/metadataimportimages\/source\/BF73FAA700F677C0DF8E857840340C6EFB303F6D355186B1AEDAC02BDE11EB5A.jpg"},"logo":{"normalUrl":"https:\/\/cdn.nlziet.nl\/static\/assets\/contentproviders\/npo.png","darkUrl":"https:\/\/cdn.nlziet.nl\/static\/assets\/contentproviders\/dark\/npo.png","flatUrl":"https:\/\/cdn.nlziet.nl\/static\/assets\/contentproviders\/flat\/npo.png"},"tags":[],"seriesId":"5_Dtakii_E6hQJPpQ8Ftrw"},{"id":"Ir3_yvHifkmq0H8vppschA","type":"Vod","title":"Waffel de wonderhond","subtitle":"Behulpzame Waffel","description":"KRO-NCRV - Jess heeft haar vinger bezeerd en Waffel wil heel graag helpen.","formattedEpisodeNumbering":null,"formattedDate":"Ma 30 sep. 2019","formattedDateShort":"Sep. 2019","formattedTime":"15:00","formattedDuration":"10m","formattedAvailabilityWindow":"Nog 2 dagen beschikbaar","formattedAvailabilityWindowShort":"Nog 2 d. beschikbaar","image":{"portraitUrl":null,"landscapeUrl":"https:\/\/images.nlziet.nl\/metadataimportimages\/source\/C55CFE421A804E500FD16466484DD812FBD95778016829CDB35534D475B830D1.jpg"},"logo":{"normalUrl":"https:\/\/cdn.nlziet.nl\/static\/assets\/contentproviders\/npo.png","darkUrl":"https:\/\/cdn.nlziet.nl\/static\/assets\/contentproviders\/dark\/npo.png","flatUrl":"https:\/\/cdn.nlziet.nl\/static\/assets\/contentproviders\/flat\/npo.png"},"tags":[],"seriesId":"5_Dtakii_E6hQJPpQ8Ftrw"}]