[{"id":"6Ky5R6oVV0CEZ9mn0EXBPg","type":"Vod","title":"Mijn Leven in Hun Handen","subtitle":"Aflevering 6","description":"SBS6 - Na haar operatie, waarbij een groot deel van de alvleesklier is weggehaald, moet de 61-jarige Annemarie nog een tweede chemokuur ondergaan. Als ze net weer een beetje op de been is van deze tweede ronde, gaat het op het thuisfront goed mis. Het leven van de 43-jarige Bernadette wordt al negen jaar lang bepaald door plotselinge, heftige aanvallen in de hartstreek, waarbij haar hele lichaam gaat trillen. Arts na arts en nachtelijke bezoeken aan de eerste hulp zijn al jaren aan de orde van de dag. Bernadette heeft maar een vraag: Wat is er met mij aan de hand?","formattedEpisodeNumbering":"S1:A6","formattedDate":"Do 14 jan. 2021","formattedDateShort":"Jan. 2021","formattedTime":"20:30","formattedDuration":"41m","formattedAvailabilityWindow":null,"formattedAvailabilityWindowShort":null,"image":{"portraitUrl":null,"landscapeUrl":"https:\/\/images.nlziet.nl\/metadataimportimages\/source\/BC0F24B2EF71EAC62FA4185B7D63FF46A2F4988C600B1AB5D06E95C003B12547.jpg"},"logo":{"normalUrl":"https:\/\/cdn.nlziet.nl\/static\/assets\/contentproviders\/sbs.png","darkUrl":"https:\/\/cdn.nlziet.nl\/static\/assets\/contentproviders\/dark\/sbs.png","flatUrl":"https:\/\/cdn.nlziet.nl\/static\/assets\/contentproviders\/flat\/sbs.png"},"tags":[],"seriesId":"54xXCHMw6kyP3bYlTRJm7g"},{"id":"BSGwF7vCuECJCW38eFVmHg","type":"Vod","title":"Mijn Leven in Hun Handen","subtitle":"Aflevering 5","description":"SBS6 - De paar maanden oude Finn blijkt doof geboren te zijn, maar er is goed nieuws: Finn kan geholpen worden. Maar dat betekent wel een zware operatie voor dit kleine mannetje. Het gezin krijgt na genetisch onderzoek n\u00f3g een klap te verwerken. De 61-jarige Annemarie werkt al tientallen jaren in het Erasmus MC in Rotterdam als ze van de ene op de andere dag zelf pati\u00ebnt wordt. Annemarie blijkt de meest dodelijke vorm van kanker te hebben: Alvleesklierkanker.","formattedEpisodeNumbering":"S1:A5","formattedDate":"Do 7 jan. 2021","formattedDateShort":"Jan. 2021","formattedTime":"20:31","formattedDuration":"41m","formattedAvailabilityWindow":null,"formattedAvailabilityWindowShort":null,"image":{"portraitUrl":null,"landscapeUrl":"https:\/\/images.nlziet.nl\/metadataimportimages\/source\/3A881DDD443239B3EA4551447473809EB9FE07F25A5FC7689042E2BC59AD02D7.jpg"},"logo":{"normalUrl":"https:\/\/cdn.nlziet.nl\/static\/assets\/contentproviders\/sbs.png","darkUrl":"https:\/\/cdn.nlziet.nl\/static\/assets\/contentproviders\/dark\/sbs.png","flatUrl":"https:\/\/cdn.nlziet.nl\/static\/assets\/contentproviders\/flat\/sbs.png"},"tags":[],"seriesId":"54xXCHMw6kyP3bYlTRJm7g"},{"id":"8yVrXjtko0Gnuk4vS-CuPQ","type":"Vod","title":"Mijn Leven in Hun Handen","subtitle":"Aflevering 4","description":"SBS6 - Voor de 22-jarige Dominique wordt het heel spannend. Het bultje op haar voet blijkt een sarcoom te zijn, een kwaadaardige en zeldzame vorm van kanker. Zal de chemobehandeling voldoende zijn om haar voet te redden of is amputatie toch noodzakelijk? De ouders van de paar maanden oude Finn krijgen na de standaard babytesten, te horen dat hun zoontje waarschijnlijk niets hoort.","formattedEpisodeNumbering":"S1:A4","formattedDate":"Do 17 dec. 2020","formattedDateShort":"Dec. 2020","formattedTime":"20:29","formattedDuration":"41m","formattedAvailabilityWindow":null,"formattedAvailabilityWindowShort":null,"image":{"portraitUrl":null,"landscapeUrl":"https:\/\/images.nlziet.nl\/metadataimportimages\/source\/87A4CAEFF22360D2AAE980D810A722ADDFB17D92E2816EE010F2E82D3EC61AD1.jpg"},"logo":{"normalUrl":"https:\/\/cdn.nlziet.nl\/static\/assets\/contentproviders\/sbs.png","darkUrl":"https:\/\/cdn.nlziet.nl\/static\/assets\/contentproviders\/dark\/sbs.png","flatUrl":"https:\/\/cdn.nlziet.nl\/static\/assets\/contentproviders\/flat\/sbs.png"},"tags":[],"seriesId":"54xXCHMw6kyP3bYlTRJm7g"},{"id":"Cf0026G76kKN4AhoLgjYfQ","type":"Vod","title":"Mijn Leven in Hun Handen","subtitle":"Aflevering 3","description":"SBS6 - De 43-jarige Harrie heeft epilepsie en zal een hersenoperatie ondergaan. Diep in de hersenen gelegen gebieden die de epilepsie veroorzaken worden door middel van stroom uitgeschakeld. Maar daarvoor moeten er wel eerst gaten in de schedel worden geboord om de elektroden aan te brengen. Harrie, maar zeker ook zijn vrouw en kinderen, kunnen niet wachten op een aanvalvrije-Harrie. En de 22-jarige Dominique dacht gestoken te zijn door een mug op haar voet, maar er bleek veel meer aan de hand te zijn. Nu is de vraag: kan haar voet worden gered of is amputatie de enige oplossing?","formattedEpisodeNumbering":"S1:A3","formattedDate":"Do 10 dec. 2020","formattedDateShort":"Dec. 2020","formattedTime":"20:29","formattedDuration":"40m","formattedAvailabilityWindow":null,"formattedAvailabilityWindowShort":null,"image":{"portraitUrl":null,"landscapeUrl":"https:\/\/images.nlziet.nl\/metadataimportimages\/source\/C786664C75402A81894A028596A79BBAB0514C7D8D2CC8AF79A2BA351001ED07.jpg"},"logo":{"normalUrl":"https:\/\/cdn.nlziet.nl\/static\/assets\/contentproviders\/sbs.png","darkUrl":"https:\/\/cdn.nlziet.nl\/static\/assets\/contentproviders\/dark\/sbs.png","flatUrl":"https:\/\/cdn.nlziet.nl\/static\/assets\/contentproviders\/flat\/sbs.png"},"tags":[],"seriesId":"54xXCHMw6kyP3bYlTRJm7g"},{"id":"bXNBCp7ibEuPB5tXahWwuQ","type":"Vod","title":"Mijn Leven in Hun Handen","subtitle":"Aflevering 2","description":"SBS6 - Het vervolg van de 29-jarige Lotte. Na maanden van arts naar arts en talloze bezoeken aan de eerste hulp, blijkt uit een scan dat het goed mis is. Darmkanker met uitzaaiingen in de lever. Twee levensbedreigende operaties moeten haar leven gaan redden, waarna ze hopelijk haar leven weer kan gaan oppakken. Het leven van de 43-jarige Harrie staat sinds zijn 18e in het teken van epilepsie. Inmiddels is Harrie vader van twee jonge kinderen die zijn aanvallen doodeng vinden. Nu er misschien eindelijk een oplossing is, staat Harrie te popelen om geholpen te worden. Zijn vorm van epilepsie is bij uitstek geschikt voor een SEEG-traject. Diep in de hersenen gelegen gebieden die de epilepsie veroorzaken, worden door middel van stroom uitgeschakeld. Maar de operatie is niet mals; er moeten gaten in zijn schedel worden geboord.","formattedEpisodeNumbering":"S1:A2","formattedDate":"Do 3 dec. 2020","formattedDateShort":"Dec. 2020","formattedTime":"20:31","formattedDuration":"41m","formattedAvailabilityWindow":null,"formattedAvailabilityWindowShort":null,"image":{"portraitUrl":null,"landscapeUrl":"https:\/\/images.nlziet.nl\/metadataimportimages\/source\/1E3B70F033C1867003B120A3BFE2183C0717DA747FEB0E01C11ABE6FBB9D4797.jpg"},"logo":{"normalUrl":"https:\/\/cdn.nlziet.nl\/static\/assets\/contentproviders\/sbs.png","darkUrl":"https:\/\/cdn.nlziet.nl\/static\/assets\/contentproviders\/dark\/sbs.png","flatUrl":"https:\/\/cdn.nlziet.nl\/static\/assets\/contentproviders\/flat\/sbs.png"},"tags":[],"seriesId":"54xXCHMw6kyP3bYlTRJm7g"},{"id":"u6a63-uFsk6Wxn8n7OrAIw","type":"Vod","title":"Mijn Leven in Hun Handen","subtitle":"Aflevering 1","description":"SBS6 - Lotte is 29 jaar, heeft een leuke vriend, goede baan, net een nieuw huis, maar krijgt dan opeens last van vreselijke buikpijnen. Na een lange zoektocht krijgt ze een keiharde diagnose te horen die uniek is voor iemand van haar leeftijd. Er is geen tijd meer te verliezen. Lotte moet twee levensbedreigende operaties ondergaan. De 74-jarige Cees is net met pensioen als hij ineens benauwd en kortademig wordt. Het is het begin van een jaren lange lijdensweg langs vele dokters, stapels pillen en talloze ingrepen. Hij krijgt uiteindelijk te horen dat ze niets meer voor hem kunnen doen. Cees zoekt verder en komt uiteindelijk bij dokter Pim Welvaart terecht. Dankzij zijn, door hem zelf ontwikkelde operatietechniek, kan Cees ondanks zijn hoge leeftijd toch worden geholpen.","formattedEpisodeNumbering":"S1:A1","formattedDate":"Do 26 nov. 2020","formattedDateShort":"Nov. 2020","formattedTime":"20:29","formattedDuration":"40m","formattedAvailabilityWindow":null,"formattedAvailabilityWindowShort":null,"image":{"portraitUrl":null,"landscapeUrl":"https:\/\/images.nlziet.nl\/metadataimportimages\/source\/0B7E998FB3EA0B1727778BD60305B441943126AC2082A28D391D6AFD6B6943AE.jpg"},"logo":{"normalUrl":"https:\/\/cdn.nlziet.nl\/static\/assets\/contentproviders\/sbs.png","darkUrl":"https:\/\/cdn.nlziet.nl\/static\/assets\/contentproviders\/dark\/sbs.png","flatUrl":"https:\/\/cdn.nlziet.nl\/static\/assets\/contentproviders\/flat\/sbs.png"},"tags":[],"seriesId":"54xXCHMw6kyP3bYlTRJm7g"}]