[{"id":"mQHtl5MDQUuI9bjEU8hGWg","type":"Vod","title":"Erica op Reis","subtitle":"Nepal","description":"MAX - Erica Terpstra reist naar Nepal. Daar laat ze zich onderdompelen in de culturele gebruiken en rituelen van de unieke hindoe\u00efstische cultuur. Ze maakt de openbare lijkverbrandingen mee, reist langs de spectaculaire tempels die op elke hoek van de straat lijken te staan, bezoekt de geboorteplaats van Boeddha en ontmoet een levende godin. Ze neemt een duik in de lokale markt van Kathmandu, laat zich betoveren door een sjamaan en bezoekt een sherpa die negentien keer op de top van de Mount Everest stond.","formattedEpisodeNumbering":"S8:A4","formattedDate":"Vr 20 mrt. 2020","formattedDateShort":"Mrt. 2020","formattedTime":"21:25","formattedDuration":"40m","formattedAvailabilityWindow":null,"formattedAvailabilityWindowShort":null,"image":{"portraitUrl":null,"landscapeUrl":"https:\/\/images.nlziet.nl\/metadataimportimages\/source\/5AAFCFE982770707C3C11A03D82D3E17588D587D87755F1B19AD6A89E4C6D75D.jpg"},"logo":{"normalUrl":"https:\/\/cdn.nlziet.nl\/static\/assets\/contentproviders\/npo.png","darkUrl":"https:\/\/cdn.nlziet.nl\/static\/assets\/contentproviders\/dark\/npo.png","flatUrl":"https:\/\/cdn.nlziet.nl\/static\/assets\/contentproviders\/flat\/npo.png"},"tags":[],"seriesId":"6JNC-1-6i0KUh0PX3tUNkg"},{"id":"c2gKj3V-SE2WdQfif4DUOg","type":"Vod","title":"Erica op Reis","subtitle":"Rusland","description":"MAX - Erica Terpstra reist naar Rusland. Ze trekt daar langs een ring van steden en dorpen, waar de sporen van het oude Rusland van de tsaren uit de Romanov-dynastie nog overal tastbaar zijn.","formattedEpisodeNumbering":"S8:A3","formattedDate":"Vr 17 apr. 2020","formattedDateShort":"Apr. 2020","formattedTime":"21:30","formattedDuration":"39m","formattedAvailabilityWindow":null,"formattedAvailabilityWindowShort":null,"image":{"portraitUrl":null,"landscapeUrl":"https:\/\/images.nlziet.nl\/metadataimportimages\/source\/8401F2B27E8C646CAB8E8EF32AD4D83D5928192422BF44A5026F2EA5BF6F0F1C.jpg"},"logo":{"normalUrl":"https:\/\/cdn.nlziet.nl\/static\/assets\/contentproviders\/npo.png","darkUrl":"https:\/\/cdn.nlziet.nl\/static\/assets\/contentproviders\/dark\/npo.png","flatUrl":"https:\/\/cdn.nlziet.nl\/static\/assets\/contentproviders\/flat\/npo.png"},"tags":[],"seriesId":"6JNC-1-6i0KUh0PX3tUNkg"},{"id":"9usOPUnvWEGRWD9Yebi_bA","type":"Vod","title":"Erica op Reis","subtitle":"Flores","description":"MAX - Op het Indonesische eiland Flores reist Erica Terpstra langs dorpen waar de tijd geen vat op lijkt te hebben gekregen, en waar voorouderverering nog altijd springlevend is. Ze gaat op zoek naar de draakachtige komodovaranen; de vraatzuchtige hagedissen die alleen in deze streken voorkomen. Ze maakt een zonsopgang mee bij de gekleurde kratermeren van de Kelimutuvulkaan en verwondert zich over het exotische aanbod op de lokale markten.","formattedEpisodeNumbering":"S8:A2","formattedDate":"Vr 6 mrt. 2020","formattedDateShort":"Mrt. 2020","formattedTime":"21:30","formattedDuration":"39m","formattedAvailabilityWindow":null,"formattedAvailabilityWindowShort":null,"image":{"portraitUrl":null,"landscapeUrl":"https:\/\/images.nlziet.nl\/metadataimportimages\/source\/29D02498CC2F9B29B1C64A3B9308D045F123C20C92F1B4F2F35644297101BF07.jpg"},"logo":{"normalUrl":"https:\/\/cdn.nlziet.nl\/static\/assets\/contentproviders\/npo.png","darkUrl":"https:\/\/cdn.nlziet.nl\/static\/assets\/contentproviders\/dark\/npo.png","flatUrl":"https:\/\/cdn.nlziet.nl\/static\/assets\/contentproviders\/flat\/npo.png"},"tags":[],"seriesId":"6JNC-1-6i0KUh0PX3tUNkg"},{"id":"lsyCZlYzDkq1xhU6HmkKrQ","type":"Vod","title":"Erica op Reis","subtitle":"Peru","description":"MAX - Erica Terpstra reist in Peru door het Andesgebergte, op zoek naar de sporen die de Inca's daar hebben achtergelaten. Ze ontmoet de kleurrijke bewoners, spreekt en eet met hen, en is getuige van een sjamanistisch ritueel op grote hoogte in de bergen. Per trein reist ze naar Machu Picchu, de legendarische Inca-stad diep verscholen in het Andesgebergte, die nooit werd ontdekt door de Spaanse veroveraars.","formattedEpisodeNumbering":"S8:A1","formattedDate":"Vr 28 feb. 2020","formattedDateShort":"Feb. 2020","formattedTime":"21:30","formattedDuration":"40m","formattedAvailabilityWindow":null,"formattedAvailabilityWindowShort":null,"image":{"portraitUrl":null,"landscapeUrl":"https:\/\/images.nlziet.nl\/metadataimportimages\/source\/2C56E271933DC19A01D886A2AE82A9414FC59890DC6017B379EFA8276041EDC4.jpg"},"logo":{"normalUrl":"https:\/\/cdn.nlziet.nl\/static\/assets\/contentproviders\/npo.png","darkUrl":"https:\/\/cdn.nlziet.nl\/static\/assets\/contentproviders\/dark\/npo.png","flatUrl":"https:\/\/cdn.nlziet.nl\/static\/assets\/contentproviders\/flat\/npo.png"},"tags":[],"seriesId":"6JNC-1-6i0KUh0PX3tUNkg"}]