[{"id":"Dc6WzFB3gEiT0RfahIeqFQ","type":"Vod","title":"Uitstel Van Executie","subtitle":"Afl. 9","description":"In 2009 kreeg Patty een droombaan aangeboden in Gorinchem. Ze greep deze kans met beide handen aan en zette haar huis in Groenlo te koop. Kort daarna stortte de huizenmarkt in. Nu, 10 jaar later, is het huis nog steeds niet verkocht. Het is het inmiddels onverkoopbaar en Patty zit financieel helemaal klem.","formattedEpisodeNumbering":null,"formattedDate":"Zo 12 dec. 2021","formattedDateShort":"Dec. 2021","formattedTime":"19:30","formattedDuration":"42m","formattedAvailabilityWindow":null,"formattedAvailabilityWindowShort":null,"image":{"portraitUrl":null,"landscapeUrl":"https:\/\/images.nlziet.nl\/metadataimportimages\/source\/9D2718A2B16DB597BC79699B381B0E5733F6FD4E7D8C6D268B2D9F84A61CE4A9.jpg"},"logo":{"normalUrl":"https:\/\/cdn.nlziet.nl\/static\/assets\/contentproviders\/rtl.png","darkUrl":"https:\/\/cdn.nlziet.nl\/static\/assets\/contentproviders\/dark\/rtl.png","flatUrl":"https:\/\/cdn.nlziet.nl\/static\/assets\/contentproviders\/flat\/rtl.png"},"tags":[],"seriesId":"7kFjMkND8kuYeLNUTgr5JA"},{"id":"bz7_9ojJt0Oma6ICClDkpA","type":"Vod","title":"Uitstel Van Executie","subtitle":"Afl. 6","description":"De ex-man van Ilse kan niet meer meebetalen aan de hypotheek omdat hij zijn baan gaat verliezen. Het huis verkopen mogen ze niet van de bank want het huis staat onder water. Ilse kan de kosten onmogelijk alleen dragen en is bang om samen met haar kinderen op straat te belanden.","formattedEpisodeNumbering":null,"formattedDate":"Zo 5 dec. 2021","formattedDateShort":"Dec. 2021","formattedTime":"19:30","formattedDuration":"42m","formattedAvailabilityWindow":null,"formattedAvailabilityWindowShort":null,"image":{"portraitUrl":null,"landscapeUrl":"https:\/\/images.nlziet.nl\/metadataimportimages\/source\/312D28C26577971D1CAA196A62C0CA468848BB2598A52867452F79C463774790.jpg"},"logo":{"normalUrl":"https:\/\/cdn.nlziet.nl\/static\/assets\/contentproviders\/rtl.png","darkUrl":"https:\/\/cdn.nlziet.nl\/static\/assets\/contentproviders\/dark\/rtl.png","flatUrl":"https:\/\/cdn.nlziet.nl\/static\/assets\/contentproviders\/flat\/rtl.png"},"tags":[],"seriesId":"7kFjMkND8kuYeLNUTgr5JA"},{"id":"n3rBKsitW0yHtrdCnwZHwg","type":"Vod","title":"Uitstel Van Executie","subtitle":"Afl. 3","description":"Realityserie waarin een team van specialisten mensen te hulp schiet die van hun hypotheekverstrekker hebben vernomen dat hun huis op een veiling zal worden verkocht. Een makelaar, een bouwadviseur en een professionele budgetcoach worden ingezet om de wanhopige huizenbezitter te behoeden voor de genadeloze veilinghamer en enorme financi\u00eble schade. Martijn Krabb\u00e9 en zijn team zetten alles op alles om deze mensen weer licht in die donkere tunnel te bieden.","formattedEpisodeNumbering":null,"formattedDate":"Zo 28 nov. 2021","formattedDateShort":"Nov. 2021","formattedTime":"19:30","formattedDuration":"42m","formattedAvailabilityWindow":null,"formattedAvailabilityWindowShort":null,"image":{"portraitUrl":null,"landscapeUrl":"https:\/\/images.nlziet.nl\/metadataimportimages\/source\/10273A71AFFB181B2A3D0C8B09A8322EC01F7AE198C4C50B2026686220AAC62C.jpg"},"logo":{"normalUrl":"https:\/\/cdn.nlziet.nl\/static\/assets\/contentproviders\/rtl.png","darkUrl":"https:\/\/cdn.nlziet.nl\/static\/assets\/contentproviders\/dark\/rtl.png","flatUrl":"https:\/\/cdn.nlziet.nl\/static\/assets\/contentproviders\/flat\/rtl.png"},"tags":[],"seriesId":"7kFjMkND8kuYeLNUTgr5JA"},{"id":"UHJjgzeiG0aE9XD8vK78aA","type":"Vod","title":"Uitstel Van Executie","subtitle":"Afl. 2","description":"Het kleine appartement van Angelique staat gigantisch onder water. Inmiddels hebben twee makelaars het huisje zelfs onverkoopbaar genoemd. Grote financi\u00eble problemen liggen hierdoor in het verschiet.","formattedEpisodeNumbering":null,"formattedDate":"Zo 21 nov. 2021","formattedDateShort":"Nov. 2021","formattedTime":"19:30","formattedDuration":"42m","formattedAvailabilityWindow":"Nog 1 dag beschikbaar","formattedAvailabilityWindowShort":"Nog 1 d. beschikbaar","image":{"portraitUrl":null,"landscapeUrl":"https:\/\/images.nlziet.nl\/metadataimportimages\/source\/F4A29EE96095134C2E53B2C01EA77160C38D9EC76CFBB149D150B66615C1D5A3.jpg"},"logo":{"normalUrl":"https:\/\/cdn.nlziet.nl\/static\/assets\/contentproviders\/rtl.png","darkUrl":"https:\/\/cdn.nlziet.nl\/static\/assets\/contentproviders\/dark\/rtl.png","flatUrl":"https:\/\/cdn.nlziet.nl\/static\/assets\/contentproviders\/flat\/rtl.png"},"tags":[],"seriesId":"7kFjMkND8kuYeLNUTgr5JA"}]