[{"id":"oiTSIGyF4UOLvp9LXLbnAQ","type":"Vod","title":"NOS WK-kwalificatie Voetbal","subtitle":"Luxemburg - Nederland (1ste helft)","description":"NOS - Rechtstreeks verslag van de eerste helft van de WK-kwalificatiewedstrijd Luxemburg - Nederland in Stade Josy Barthel.","formattedEpisodeNumbering":null,"formattedDate":"Zo 13 nov. 2016","formattedDateShort":"Nov. 2016","formattedTime":"17:50","formattedDuration":"55m","formattedAvailabilityWindow":null,"formattedAvailabilityWindowShort":null,"image":{"portraitUrl":null,"landscapeUrl":"https:\/\/images.nlziet.nl\/metadataimportimages\/source\/70B5B8FB20C511A52D3D523D1FB8A55A538C225E635E8575937FE8F09900FB66.jpg"},"logo":{"normalUrl":"https:\/\/cdn.nlziet.nl\/static\/assets\/contentproviders\/npo.png","darkUrl":"https:\/\/cdn.nlziet.nl\/static\/assets\/contentproviders\/dark\/npo.png","flatUrl":"https:\/\/cdn.nlziet.nl\/static\/assets\/contentproviders\/flat\/npo.png"},"tags":[],"seriesId":"5Ys7Jwg3_EKAiS07ctyJhw"},{"id":"X7JOZoEC_EGpLWbcnycKyQ","type":"Vod","title":"NOS WK-kwalificatie Voetbal","subtitle":"Nederland - Frankrijk 1ste helft","description":"NOS - Rechtstreeks verslag van de eerste helft van de WK-kwalificatiewedstrijd Nederland - Frankrijk in de Amsterdam Arena.","formattedEpisodeNumbering":null,"formattedDate":"Ma 10 okt. 2016","formattedDateShort":"Okt. 2016","formattedTime":"20:35","formattedDuration":"56m","formattedAvailabilityWindow":null,"formattedAvailabilityWindowShort":null,"image":{"portraitUrl":null,"landscapeUrl":"https:\/\/images.nlziet.nl\/metadataimportimages\/source\/7DC9D1F02A4A76D4A827A76873B0DE23EA03D3F35EEBDC30ECA0BFB81D589A37.jpg"},"logo":{"normalUrl":"https:\/\/cdn.nlziet.nl\/static\/assets\/contentproviders\/npo.png","darkUrl":"https:\/\/cdn.nlziet.nl\/static\/assets\/contentproviders\/dark\/npo.png","flatUrl":"https:\/\/cdn.nlziet.nl\/static\/assets\/contentproviders\/flat\/npo.png"},"tags":[],"seriesId":"5Ys7Jwg3_EKAiS07ctyJhw"},{"id":"Xo3mPLXwPUSH0bStPLBoXA","type":"Vod","title":"NOS WK-kwalificatie Voetbal","subtitle":"Nederland - Wit-Rusland","description":"NOS - Rechtstreeks verslag van de eerste helft van de WK-kwalificatiewedstrijd Nederland - Wit-Rusland in de Kuip in Rotterdam.","formattedEpisodeNumbering":null,"formattedDate":"Vr 7 okt. 2016","formattedDateShort":"Okt. 2016","formattedTime":"20:40","formattedDuration":"55m","formattedAvailabilityWindow":null,"formattedAvailabilityWindowShort":null,"image":{"portraitUrl":null,"landscapeUrl":"https:\/\/images.nlziet.nl\/metadataimportimages\/source\/F2D0E4E375001F4018DB2952C58284F3DBC2813006BD385FCA7734128F0191BB.jpg"},"logo":{"normalUrl":"https:\/\/cdn.nlziet.nl\/static\/assets\/contentproviders\/npo.png","darkUrl":"https:\/\/cdn.nlziet.nl\/static\/assets\/contentproviders\/dark\/npo.png","flatUrl":"https:\/\/cdn.nlziet.nl\/static\/assets\/contentproviders\/flat\/npo.png"},"tags":[],"seriesId":"5Ys7Jwg3_EKAiS07ctyJhw"},{"id":"nNFLu2AVx0u3K48UTqFE4g","type":"Vod","title":"NOS WK-kwalificatie Voetbal","subtitle":"Zweden - Nederland 1ste helft","description":"NOS - Rechtstreeks verslag van de eerste helft van de WK-kwalificatiewedstrijd Zweden - Nederland in Friends Arena in Solna.","formattedEpisodeNumbering":null,"formattedDate":"Di 6 sep. 2016","formattedDateShort":"Sep. 2016","formattedTime":"20:40","formattedDuration":"54m","formattedAvailabilityWindow":null,"formattedAvailabilityWindowShort":null,"image":{"portraitUrl":null,"landscapeUrl":"https:\/\/images.nlziet.nl\/metadataimportimages\/source\/471E9BB907D9EC113C085BF17822D9FE0FD6072BB6FDAF4DED3A937DF61B0BA5.jpg"},"logo":{"normalUrl":"https:\/\/cdn.nlziet.nl\/static\/assets\/contentproviders\/npo.png","darkUrl":"https:\/\/cdn.nlziet.nl\/static\/assets\/contentproviders\/dark\/npo.png","flatUrl":"https:\/\/cdn.nlziet.nl\/static\/assets\/contentproviders\/flat\/npo.png"},"tags":[],"seriesId":"5Ys7Jwg3_EKAiS07ctyJhw"}]