[{"id":"GUcW7aJb6EyQah_Hkk6ryg","type":"Vod","title":"Mr Selfridge","subtitle":"Mr Selfridge","description":"KRO-NCRV - De voltallige familie Selfridge en hun gast Lady Mae maken zich op voor het vieren van Thanksgiving. Agnes en Victor vertellen Harry hun toekomstplannen. Henri komt eindelijk vrij en wil gaan vechten voor zijn vaderland. Agnes en Henri nemen afscheid van elkaar. Harry probeert Lord Loxley te ontmaskeren.","formattedEpisodeNumbering":null,"formattedDate":"Vr 23 mrt. 2018","formattedDateShort":"Mrt. 2018","formattedTime":"17:00","formattedDuration":"45m","formattedAvailabilityWindow":null,"formattedAvailabilityWindowShort":null,"image":{"portraitUrl":null,"landscapeUrl":null},"logo":{"normalUrl":"https:\/\/cdn.nlziet.nl\/static\/assets\/contentproviders\/npo.png","darkUrl":"https:\/\/cdn.nlziet.nl\/static\/assets\/contentproviders\/dark\/npo.png","flatUrl":"https:\/\/cdn.nlziet.nl\/static\/assets\/contentproviders\/flat\/npo.png"},"tags":[],"seriesId":"6YZuJSI2XUKwAe4frZnZYw"},{"id":"lQI4VMJ6xkiu70n8_I04kw","type":"Vod","title":"Mr Selfridge","subtitle":"Mr Selfridge","description":"NCRV - Harry krijgt hulp van Lady Mae en Frank Edwards om zijn naam te zuiveren. Agnes maakt zich grote zorgen om haar broer George. Victor probeert Anges zoveel mogelijk te steunen. Grove spreekt Miss Mardle aan. Rose voelt zich moe en laat zich door haar arts onderzoeken.","formattedEpisodeNumbering":null,"formattedDate":"Za 20 sep. 2014","formattedDateShort":"Sep. 2014","formattedTime":"20:20","formattedDuration":"44m","formattedAvailabilityWindow":null,"formattedAvailabilityWindowShort":null,"image":{"portraitUrl":null,"landscapeUrl":"https:\/\/images.nlziet.nl\/metadataimportimages\/source\/3C2024F3499F00217F15CF497DEAF03AF416E6D837465EDD18E873349B2C8383.jpg"},"logo":{"normalUrl":"https:\/\/cdn.nlziet.nl\/static\/assets\/contentproviders\/npo.png","darkUrl":"https:\/\/cdn.nlziet.nl\/static\/assets\/contentproviders\/dark\/npo.png","flatUrl":"https:\/\/cdn.nlziet.nl\/static\/assets\/contentproviders\/flat\/npo.png"},"tags":[],"seriesId":"6YZuJSI2XUKwAe4frZnZYw"},{"id":"bAjqfTxN2kqnUWDk7cnp9Q","type":"Vod","title":"Mr Selfridge","subtitle":"Mr Selfridge","description":"NCRV - Harry is terug en schrikt van de slechte publiciteit over hem in alle kranten. Rose is erg blij en opgelucht dat hij weer veilig thuis is. Ze merkt dat Harry erg is aangedaan door wat hij in Duitsland heeft meegemaakt en probeert hem op te vrolijken. Agnes maakt zich grote zorgen om haar broer George. Ze informeert Harry over de arrestatie van Henri en hoopt dat hij wil helpen hem vrij te krijgen.","formattedEpisodeNumbering":null,"formattedDate":"Za 13 sep. 2014","formattedDateShort":"Sep. 2014","formattedTime":"20:24","formattedDuration":"44m","formattedAvailabilityWindow":null,"formattedAvailabilityWindowShort":null,"image":{"portraitUrl":null,"landscapeUrl":"https:\/\/images.nlziet.nl\/metadataimportimages\/source\/60F0E00A445419ADE5EE2ACFA8FCCF0E70C91D75214613DF072AF01CBA7F38BF.jpg"},"logo":{"normalUrl":"https:\/\/cdn.nlziet.nl\/static\/assets\/contentproviders\/npo.png","darkUrl":"https:\/\/cdn.nlziet.nl\/static\/assets\/contentproviders\/dark\/npo.png","flatUrl":"https:\/\/cdn.nlziet.nl\/static\/assets\/contentproviders\/flat\/npo.png"},"tags":[],"seriesId":"6YZuJSI2XUKwAe4frZnZYw"},{"id":"CIPaPXYZgkWZ0TmYOI4ozw","type":"Vod","title":"Mr Selfridge","subtitle":"Mr Selfridge","description":"NCRV - Na Henri's arrestatie en Harry's verdwijning is iedereen in verwarring. De politie arriveert bij het huis van de Selfridges, op zoek naar aanwijzingen. Wanneer Rose ontdekt dat haar man op een geheime regeringsmissie naar Duitsland is, maakt ze zich grote zorgen om zijn veiligheid. Ondertussen neemt lady Mae een moeilijke beslissing.","formattedEpisodeNumbering":null,"formattedDate":"Za 6 sep. 2014","formattedDateShort":"Sep. 2014","formattedTime":"20:25","formattedDuration":"44m","formattedAvailabilityWindow":null,"formattedAvailabilityWindowShort":null,"image":{"portraitUrl":null,"landscapeUrl":"https:\/\/images.nlziet.nl\/metadataimportimages\/source\/74A989C153399A4F630A07E8C1B5FF056C12BDD483D5A6BC29854A1B17E6A1F1.jpg"},"logo":{"normalUrl":"https:\/\/cdn.nlziet.nl\/static\/assets\/contentproviders\/npo.png","darkUrl":"https:\/\/cdn.nlziet.nl\/static\/assets\/contentproviders\/dark\/npo.png","flatUrl":"https:\/\/cdn.nlziet.nl\/static\/assets\/contentproviders\/flat\/npo.png"},"tags":[],"seriesId":"6YZuJSI2XUKwAe4frZnZYw"},{"id":"hDNZFTfRME6O-GkYLH3Msg","type":"Vod","title":"Mr Selfridge","subtitle":"Mr Selfridge","description":"NCRV - Harry laat alle Duitse producten uit de schappen van de winkel halen en organiseert een concert om geld voor de Britse troepen in te zamelen. Lady Mae regelt een oude vriend als ster van het evenement. Harry is benaderd om de regering te helpen en net als het optreden gaat beginnen, moet hij plotseling uit Londen vertrekken op een geheime missie naar Berlijn.","formattedEpisodeNumbering":null,"formattedDate":"Za 30 aug. 2014","formattedDateShort":"Aug. 2014","formattedTime":"20:10","formattedDuration":"44m","formattedAvailabilityWindow":null,"formattedAvailabilityWindowShort":null,"image":{"portraitUrl":null,"landscapeUrl":"https:\/\/images.nlziet.nl\/metadataimportimages\/source\/21F8C9897AFD30015793D92AFB1FF0082B3CA372382D02C61242C244AED21642.jpg"},"logo":{"normalUrl":"https:\/\/cdn.nlziet.nl\/static\/assets\/contentproviders\/npo.png","darkUrl":"https:\/\/cdn.nlziet.nl\/static\/assets\/contentproviders\/dark\/npo.png","flatUrl":"https:\/\/cdn.nlziet.nl\/static\/assets\/contentproviders\/flat\/npo.png"},"tags":[],"seriesId":"6YZuJSI2XUKwAe4frZnZYw"},{"id":"M6jK1FwrK0KWWZeYXbCuMg","type":"Vod","title":"Mr Selfridge","subtitle":"Mr Selfridge","description":"NCRV - Agnes is in het grote huis van Miss Mardle ingetrokken en er komt binnenkort zelfs nog een nieuwe gast bij. Gordon mist zijn collega's die naar het front zijn vertrokken en voelt zich nutteloos. Harry probeert hem afleiding te bezorgen. Rose probeert ook te helpen waar ze kan.","formattedEpisodeNumbering":null,"formattedDate":"Za 23 aug. 2014","formattedDateShort":"Aug. 2014","formattedTime":"20:27","formattedDuration":"45m","formattedAvailabilityWindow":null,"formattedAvailabilityWindowShort":null,"image":{"portraitUrl":null,"landscapeUrl":"https:\/\/images.nlziet.nl\/metadataimportimages\/source\/4CE802F5F9211D09AA683855E749FE5AAE98BBE40B4932E77A40C12CA5DEAD23.jpg"},"logo":{"normalUrl":"https:\/\/cdn.nlziet.nl\/static\/assets\/contentproviders\/npo.png","darkUrl":"https:\/\/cdn.nlziet.nl\/static\/assets\/contentproviders\/dark\/npo.png","flatUrl":"https:\/\/cdn.nlziet.nl\/static\/assets\/contentproviders\/flat\/npo.png"},"tags":[],"seriesId":"6YZuJSI2XUKwAe4frZnZYw"},{"id":"H9vLa472HUejW_tBLQHexw","type":"Vod","title":"Mr Selfridge","subtitle":"Mr Selfridge","description":"NCRV - Selfridges raakt personeelsleden kwijt nu de oorlog is begonnen en enkele jongemannen willen helpen en naar Belgi\u00eb afreizen. Rose Selfridge en haar vriendinnen willen de Belgen steunen en zetten een plan op bonbons te verkopen om geld in te zamelen. Harry wil graag dat Henri voor hem blijft werken en doet hem een bijzonder aanbod.","formattedEpisodeNumbering":null,"formattedDate":"Za 16 aug. 2014","formattedDateShort":"Aug. 2014","formattedTime":"20:14","formattedDuration":"45m","formattedAvailabilityWindow":null,"formattedAvailabilityWindowShort":null,"image":{"portraitUrl":null,"landscapeUrl":"https:\/\/images.nlziet.nl\/metadataimportimages\/source\/6D798FEE96BE9E2027406E1A6D91FAC1FEE4E8C3F9FEFC17AC381CE492124881.jpg"},"logo":{"normalUrl":"https:\/\/cdn.nlziet.nl\/static\/assets\/contentproviders\/npo.png","darkUrl":"https:\/\/cdn.nlziet.nl\/static\/assets\/contentproviders\/dark\/npo.png","flatUrl":"https:\/\/cdn.nlziet.nl\/static\/assets\/contentproviders\/flat\/npo.png"},"tags":[],"seriesId":"6YZuJSI2XUKwAe4frZnZYw"},{"id":"Ldrp1ijSEkmL_1pwTNgGtQ","type":"Vod","title":"Mr Selfridge","subtitle":"Mr Selfridge","description":"NCRV - Harry heeft een leuk marketingproject bedacht, maar Agnes kan het werk nauwelijks aan. Gelukkig komt er hulp uit onverwachte hoek. Harry confronteert Grove en dreigt hem te ontslaan als hij zijn werkhouding niet verbetert. Lady Mae brengt veranderingen in en om het huis aan. Ondertussen klopt haar man nogmaals bij Harry aan.","formattedEpisodeNumbering":null,"formattedDate":"Za 9 aug. 2014","formattedDateShort":"Aug. 2014","formattedTime":"20:15","formattedDuration":"46m","formattedAvailabilityWindow":null,"formattedAvailabilityWindowShort":null,"image":{"portraitUrl":null,"landscapeUrl":"https:\/\/images.nlziet.nl\/metadataimportimages\/source\/FACDBAA820638515F821A12814E67FCAC65101F6FF54562FA738732B4B78DA25.jpg"},"logo":{"normalUrl":"https:\/\/cdn.nlziet.nl\/static\/assets\/contentproviders\/npo.png","darkUrl":"https:\/\/cdn.nlziet.nl\/static\/assets\/contentproviders\/dark\/npo.png","flatUrl":"https:\/\/cdn.nlziet.nl\/static\/assets\/contentproviders\/flat\/npo.png"},"tags":[],"seriesId":"6YZuJSI2XUKwAe4frZnZYw"},{"id":"yX2m2ry6yE6fUhaQ_ymqkg","type":"Vod","title":"Mr Selfridge","subtitle":"Mr Selfridge","description":"NCRV - Het gaat zakelijk geweldig met Harry maar priv\u00e9 absoluut niet. Ook bij lady Mae Loxley veranderen haar priv\u00e9omstandigheden. Haar man is namelijk terug en is van plan in Londen te blijven. Hij wil graag Harry ontmoeten.","formattedEpisodeNumbering":null,"formattedDate":"Za 2 aug. 2014","formattedDateShort":"Aug. 2014","formattedTime":"20:13","formattedDuration":"46m","formattedAvailabilityWindow":null,"formattedAvailabilityWindowShort":null,"image":{"portraitUrl":null,"landscapeUrl":"https:\/\/images.nlziet.nl\/metadataimportimages\/source\/70A686439B0ACC7911C1749BA1644FDF31EFDF109721292C6758BBC79443F6F8.jpg"},"logo":{"normalUrl":"https:\/\/cdn.nlziet.nl\/static\/assets\/contentproviders\/npo.png","darkUrl":"https:\/\/cdn.nlziet.nl\/static\/assets\/contentproviders\/dark\/npo.png","flatUrl":"https:\/\/cdn.nlziet.nl\/static\/assets\/contentproviders\/flat\/npo.png"},"tags":[],"seriesId":"6YZuJSI2XUKwAe4frZnZYw"},{"id":"6_0ZNRgWrUekvJF0vzcdcg","type":"Vod","title":"Mr Selfridge","subtitle":"Mr Selfridge","description":"NCRV - Het warenhuis Selfridges viert haar vijfjarig bestaan en het personeel heeft een verrassing voor Harry Selfridge.","formattedEpisodeNumbering":null,"formattedDate":"Za 26 jul. 2014","formattedDateShort":"Jul. 2014","formattedTime":"20:20","formattedDuration":"48m","formattedAvailabilityWindow":null,"formattedAvailabilityWindowShort":null,"image":{"portraitUrl":null,"landscapeUrl":"https:\/\/images.nlziet.nl\/metadataimportimages\/source\/5EF819F8C222021B5E45C5389B7E27BC8C975062A2B6181BB80551F0873FFE21.jpg"},"logo":{"normalUrl":"https:\/\/cdn.nlziet.nl\/static\/assets\/contentproviders\/npo.png","darkUrl":"https:\/\/cdn.nlziet.nl\/static\/assets\/contentproviders\/dark\/npo.png","flatUrl":"https:\/\/cdn.nlziet.nl\/static\/assets\/contentproviders\/flat\/npo.png"},"tags":[],"seriesId":"6YZuJSI2XUKwAe4frZnZYw"}]