[{"id":"8B3Ad6RlJESNe43rNzpGWg","type":"Vod","title":"Kamp Van Koningsbrugge special edition","subtitle":"","description":"AVROTROS - Jeroen van Koningsbrugge selecteert tien bekende burgers die de zware training van de commando's aandurven. De cursisten worden onder leiding van het commando-duo, Ray Klaassens en Dai Carter, aan een extreme opleiding onderworpen. Ook deze cursisten worden zowel fysiek als mentaal flink uitgedaagd door een special-forceseenheid. Jeroen zorgt voor de mentale ondersteuning tijdens de training. Wie van de bekende burgers lukt het om het einde te halen van deze beproeving?","formattedEpisodeNumbering":"S3:A3","formattedDate":"Do 27 okt.","formattedDateShort":"Do 27 okt.","formattedTime":"20:35","formattedDuration":"50m","formattedAvailabilityWindow":null,"formattedAvailabilityWindowShort":null,"image":{"portraitUrl":null,"landscapeUrl":"https:\/\/images.nlziet.nl\/metadataimportimages\/source\/6CD642E75FC7B3B16722A65DCD7A924106515298544786E4CAFECEF03C1BF737.jpg"},"logo":{"normalUrl":"https:\/\/cdn.nlziet.nl\/static\/assets\/contentproviders\/npo.png","darkUrl":"https:\/\/cdn.nlziet.nl\/static\/assets\/contentproviders\/dark\/npo.png","flatUrl":"https:\/\/cdn.nlziet.nl\/static\/assets\/contentproviders\/flat\/npo.png"},"tags":[],"seriesId":"6ddqYMgzhEiuKOZBVSirqg"},{"id":"4s4fhbcIg0WfWtCR1Rpi2Q","type":"Vod","title":"Kamp Van Koningsbrugge special edition","subtitle":"","description":"AVROTROS - Jeroen van Koningsbrugge selecteert tien bekende burgers die de zware training van de commando's aandurven. De cursisten worden onder leiding van het commando-duo, Ray Klaassens en Dai Carter, aan een extreme opleiding onderworpen. Ook deze cursisten worden zowel fysiek als mentaal flink uitgedaagd door een special-forceseenheid. Jeroen zorgt voor de mentale ondersteuning tijdens de training. Wie van de bekende burgers lukt het om het einde te halen van deze beproeving?","formattedEpisodeNumbering":"S3:A2","formattedDate":"Do 20 okt.","formattedDateShort":"Do 20 okt.","formattedTime":"20:35","formattedDuration":"49m","formattedAvailabilityWindow":null,"formattedAvailabilityWindowShort":null,"image":{"portraitUrl":null,"landscapeUrl":"https:\/\/images.nlziet.nl\/metadataimportimages\/source\/FB2815D4D85515344059860FFD8DDA969A577ED3C3C0E1BE39FD86CD3BE7FCB9.jpg"},"logo":{"normalUrl":"https:\/\/cdn.nlziet.nl\/static\/assets\/contentproviders\/npo.png","darkUrl":"https:\/\/cdn.nlziet.nl\/static\/assets\/contentproviders\/dark\/npo.png","flatUrl":"https:\/\/cdn.nlziet.nl\/static\/assets\/contentproviders\/flat\/npo.png"},"tags":[],"seriesId":"6ddqYMgzhEiuKOZBVSirqg"},{"id":"hH_hjnFwGUmF_QpCeVqzgg","type":"Vod","title":"Kamp Van Koningsbrugge special edition","subtitle":"","description":"AVROTROS - Jeroen van Koningsbrugge selecteert tien bekende burgers die de zware training van de commando's aandurven. De cursisten worden onder leiding van het commando-duo, Ray Klaassens en Dai Carter, aan een extreme opleiding onderworpen. Ook deze cursisten worden zowel fysiek als mentaal flink uitgedaagd door een special-forceseenheid. Jeroen zorgt voor de mentale ondersteuning tijdens de training. Wie van de bekende burgers lukt het om het einde te halen van deze beproeving?","formattedEpisodeNumbering":"S3:A1","formattedDate":"Do 13 okt.","formattedDateShort":"Do 13 okt.","formattedTime":"20:35","formattedDuration":"54m","formattedAvailabilityWindow":null,"formattedAvailabilityWindowShort":null,"image":{"portraitUrl":null,"landscapeUrl":"https:\/\/images.nlziet.nl\/metadataimportimages\/source\/14BBF3E6F384F7156E39244C36D6AF4254B2F4BF343E34478DCBEA44E5671D29.jpg"},"logo":{"normalUrl":"https:\/\/cdn.nlziet.nl\/static\/assets\/contentproviders\/npo.png","darkUrl":"https:\/\/cdn.nlziet.nl\/static\/assets\/contentproviders\/dark\/npo.png","flatUrl":"https:\/\/cdn.nlziet.nl\/static\/assets\/contentproviders\/flat\/npo.png"},"tags":[],"seriesId":"6ddqYMgzhEiuKOZBVSirqg"}]