[{"id":"Yo8FcEfVckeNMYIMJJzvcA","type":"Vod","title":"Het Mooiste Meisje van de Klas","subtitle":"Anouk","description":"TROS - Het Mooiste Meisje van de Klas van vanavond is de geboren en getogen Amsterdamse Anouk Broersma; een oer-Hollandse meid met een exotisch uiterlijk. Alle jongens op school verdraaien hun nek voor de mooie Anouk, maar zij is zich daar niet van bewust. Ze houdt vooral van gezelligheid en lol maken. Haar tante geeft haar op voor de 'Miss Teen Nederland' verkiezing die ze wint, en haar een modellencarri\u00e8re oplevert. Ze komt ook terecht in een meidengroep met Manuela Kemp (the Revelletes) en daarna wordt ze actrice. Haar beste vriendinnen zijn Caroline de Bruijn (GTST) en Leontine Borsato. Anouk overkomt dingen waar anderen alleen van dromen en ze geniet er met volle teugen van. Na een aantal jaar verruilt ze alle glitter en glamour met gemak voor de liefde en het moederschap. Er zijn echter ook tegenslagen. Na een relatie van achttien jaar zegt ze 'weer op zoek te gaan naar Anouk'. Dat doet ze samen met haar drie kinderen. Het is ook een belofte die ze gedaan heeft aan haar moeder op haar sterfbed. Ze ziet de toekomst positief tegemoet en is vast van plan om daarin te slagen.","formattedEpisodeNumbering":"S2012:A8","formattedDate":"Do 10 jan. 2013","formattedDateShort":"Jan. 2013","formattedTime":"21:35","formattedDuration":"45m","formattedAvailabilityWindow":null,"formattedAvailabilityWindowShort":null,"image":{"portraitUrl":null,"landscapeUrl":"https:\/\/images.nlziet.nl\/metadataimportimages\/source\/7CFE44A42C48454D11B6F71DA6236FFF1FB2903C4818A759E256ED632132FF4F.jpg"},"logo":{"normalUrl":"https:\/\/cdn.nlziet.nl\/static\/assets\/contentproviders\/npo.png","darkUrl":"https:\/\/cdn.nlziet.nl\/static\/assets\/contentproviders\/dark\/npo.png","flatUrl":"https:\/\/cdn.nlziet.nl\/static\/assets\/contentproviders\/flat\/npo.png"},"tags":[],"seriesId":"6QApQZDaZ0Gc_9gWZDJFZA"},{"id":"ezHUQdnqB0aSmjm7xymMGA","type":"Vod","title":"Het Mooiste Meisje van de Klas","subtitle":"Mariska Versteegh","description":"TROS - Mariska Versteegh groeit eind jaren '70 op in Rijswijk. Op school wordt zij als het mooiste, maar vooral ook als het vrolijkste meisje van de klas gezien. Met haar innemende lach weet ze niet alleen vele jongensharten op hol te brengen, maar ook te verbergen welke zorgen ze werkelijk met zich meedraagt. De sfeer thuis is slecht vanwege een dominante vader en wanneer hij van de een op andere dag het gezin verlaat, worden de problemen nog erger. Mariska en haar broer blijven achter met een moeder die volledig instort en met veel financi\u00eble problemen. Al dansend zet Mariska haar zorgen aan de kant en richt zich op de normale tienerperikelen; een eerste zoen, een nieuwe danspartner en uitgaan. Als Mariska in haar weg naar volwassenheid nog meer tegenslagen op haar pad krijgt, blijkt het soms moeilijk te blijven lachen. Teleurgesteld in het leven tot dan toe besluit zij tien jaar geleden het roer om te gooien en te gaan doen wat haar hart haar ingeeft. Ge\u00efnspireerd door haar eigen jeugd vertrekt zij naar Ecuador om daar de kinderen uit de sloppenwijken van Quito iets van hun dagelijkse zorgen weg te nemen. Met haar stichting Villa Ticca helpt zijn inmiddels 150 kinderen aan dagopvang, voeding en onderwijs.","formattedEpisodeNumbering":"S2012:A7","formattedDate":"Do 3 jan. 2013","formattedDateShort":"Jan. 2013","formattedTime":"21:40","formattedDuration":"55m","formattedAvailabilityWindow":null,"formattedAvailabilityWindowShort":null,"image":{"portraitUrl":null,"landscapeUrl":"https:\/\/images.nlziet.nl\/metadataimportimages\/source\/0E2CD6C88301B9968C054C2083BD53027EAB9C340BD361231FDEF9AD3DCACD10.jpg"},"logo":{"normalUrl":"https:\/\/cdn.nlziet.nl\/static\/assets\/contentproviders\/npo.png","darkUrl":"https:\/\/cdn.nlziet.nl\/static\/assets\/contentproviders\/dark\/npo.png","flatUrl":"https:\/\/cdn.nlziet.nl\/static\/assets\/contentproviders\/flat\/npo.png"},"tags":[],"seriesId":"6QApQZDaZ0Gc_9gWZDJFZA"},{"id":"7L9XJB-hXkq1vRboOgIMTg","type":"Vod","title":"Het Mooiste Meisje van de Klas","subtitle":"Monique","description":"TROS - In 1966 wordt Monique als helft van een tweeling geboren. Monique en haar broer worden in Alkmaar opgevoed door hun alleenstaande moeder. Hun biologische vader, een man uit Oost-Duitsland, is met de noorderzon vertrokken en laat nooit meer van zich horen. De band met haar moeder en haar latere stiefvader is slecht en dit zorgt ervoor dat Monique een onzeker meisje wordt. Ze verlaat uiteindelijk op haar vijftiende de schoolbanken en woont op haar zestiende met haar vriendje in Amsterdam, waar haar modellencarri\u00e8re een vlucht neemt. Ze reist de wereld over en krijgt ook een rol in de Nederlandse film 'Oh Boy' van Orlow Seunke. De aandacht die ze krijgt, verwart haar en ze vlucht naar Miami. Relaties met diverse kleurrijke types volgen elkaar daar op. Van filmster en buurman Micky Rourke tot een twintig jaar oudere excentrieke Russische kunstenaar. Het persoonlijke leven van Monique is een achtbaan met wilde feesten en zelfs een flitshuwelijk. Haar relaties gaan echter stuk voor stuk over door bedrog.","formattedEpisodeNumbering":"S2012:A6","formattedDate":"Do 15 nov. 2012","formattedDateShort":"Nov. 2012","formattedTime":"21:30","formattedDuration":"1u 0m","formattedAvailabilityWindow":null,"formattedAvailabilityWindowShort":null,"image":{"portraitUrl":null,"landscapeUrl":"https:\/\/images.nlziet.nl\/metadataimportimages\/source\/633A073A5AE87529BF15CAF1063883F7DA38D8BFD60D21308180A7F8055F8D3D.jpg"},"logo":{"normalUrl":"https:\/\/cdn.nlziet.nl\/static\/assets\/contentproviders\/npo.png","darkUrl":"https:\/\/cdn.nlziet.nl\/static\/assets\/contentproviders\/dark\/npo.png","flatUrl":"https:\/\/cdn.nlziet.nl\/static\/assets\/contentproviders\/flat\/npo.png"},"tags":[],"seriesId":"6QApQZDaZ0Gc_9gWZDJFZA"},{"id":"zJYhKjLYEEu54hVluPp40A","type":"Vod","title":"Het Mooiste Meisje van de Klas","subtitle":"","description":"TROS - Puck le Clercq wordt in 1973 geboren als Bowie Cremer. Als blijkt dat schrijver Jan Cremer -die op dat moment een relatie met haar moeder heeft- niet haar vader is, krijgt zij haar moeders achternaam. Puck wordt later de naam waarmee haar pleegouders haar aanspreken als zij haar uit het kindertehuis adopteren, waar zij terechtkomt omdat haar moeder psychisch niet in staat is om haar zelf op te voeden. Zo begint het leven van dit mooiste meisje onrustig en krijgt het een vervolg in het statige Amsterdam-Zuid bij liefhebbende pleegouders, een opwindende schooltijd en een turbulent uitgaansleven. Uiteindelijk leidt het ook tot een hereniging met verloren familie. Jaap bezoekt Puck bij haar thuis en op haar 'tweede thuis' Ibiza en ontmoet ook haar eigen pleegdochter, die een soortgelijk verleden als Puck kent.","formattedEpisodeNumbering":"S2012:A5","formattedDate":"Do 8 nov. 2012","formattedDateShort":"Nov. 2012","formattedTime":"21:30","formattedDuration":"1u 0m","formattedAvailabilityWindow":null,"formattedAvailabilityWindowShort":null,"image":{"portraitUrl":null,"landscapeUrl":"https:\/\/images.nlziet.nl\/metadataimportimages\/source\/78352D6DBE6A877286BBD788E12F06EC97AC68B6E6E41821275615FB6EBFF460.jpg"},"logo":{"normalUrl":"https:\/\/cdn.nlziet.nl\/static\/assets\/contentproviders\/npo.png","darkUrl":"https:\/\/cdn.nlziet.nl\/static\/assets\/contentproviders\/dark\/npo.png","flatUrl":"https:\/\/cdn.nlziet.nl\/static\/assets\/contentproviders\/flat\/npo.png"},"tags":[],"seriesId":"6QApQZDaZ0Gc_9gWZDJFZA"},{"id":"aLsrsY1bXEe0U2ISIh6moA","type":"Vod","title":"Het Mooiste Meisje van de Klas","subtitle":"Louise","description":"TROS - Als dochter van een Surinaamse vader en een Nederlandse moeder is Louise (1964) een exotische verschijning op haar middelbare school in Maarssen. Haar vriendinnen ontdekken de voordelen van een vriendschap met zo'n mooi meisje; de jongens durven nooit rechtstreeks op haar af te stappen en komen zo bij hen terecht. De tienerperikelen gaan grotendeels aan Louise voorbij, want thuis spelen zich veel grotere problemen af. Haar vader domineert het gezin en heeft zijn emoties vaak niet onder controle. Wanneer een ruzie tussen haar ouders volledig uit de hand loopt, duikt zij met haar zusjes onder en verschijnt ze van de een op de andere dag niet meer op school. Wanneer ze los weet te komen uit de greep van haar vader, komt Louise tot bloei. Ze is niet langer meer alleen het mooiste meisje van Maarssen, maar ook dat van Amsterdam, Parijs en vervolgens New York. Ze bereikt dat wat voor veel donkere modellen niet is weggelegd: ze komt op de cover van de Amerikaanse Vogue en wordt daarmee een rolmodel.","formattedEpisodeNumbering":"S2012:A4","formattedDate":"Do 1 nov. 2012","formattedDateShort":"Nov. 2012","formattedTime":"20:35","formattedDuration":"55m","formattedAvailabilityWindow":null,"formattedAvailabilityWindowShort":null,"image":{"portraitUrl":null,"landscapeUrl":"https:\/\/images.nlziet.nl\/metadataimportimages\/source\/FD7404A7AC4A48CFC8E0CBEDA0FE7EEF2DF7B95DFB885CA59FBB8DC50F2A7246.jpg"},"logo":{"normalUrl":"https:\/\/cdn.nlziet.nl\/static\/assets\/contentproviders\/npo.png","darkUrl":"https:\/\/cdn.nlziet.nl\/static\/assets\/contentproviders\/dark\/npo.png","flatUrl":"https:\/\/cdn.nlziet.nl\/static\/assets\/contentproviders\/flat\/npo.png"},"tags":[],"seriesId":"6QApQZDaZ0Gc_9gWZDJFZA"},{"id":"U_JuEyv5s0m6yKDvV5rFuA","type":"Vod","title":"Het Mooiste Meisje van de Klas","subtitle":"","description":"TROS - De aftrap is een artikel in een tv-gids van C\u00e9cile Narinx, hoofdredactrice van het modeblad Elle. Hierin vraagt zij zich af wat er met het mooiste meisje uit haar klas is gebeurd. Vage berichten over een leven als rockzangeres in de Verenigde Staten maken haar nieuwsgierig naar wat er van de ravissante brunette Lucienne, 'met haar ree\u00ebnogen en korte rokjes en een stem als een misthoorn', is geworden. Daarnaast belooft ze in het artikel plechtig een glas sherry te gaan drinken met 'geilneef Barry' - eveneens een klasgenoot - in de fietsenkelder van haar oude school, als het daadwerkelijk tot een aflevering komt. Meer aansporing had het team van Jaap Jongbloed niet nodig. Jaap volgt het spoor naar Los Angeles en maakt kennis met Lucienne Janevski (1968), die uitgroeit van een meisje met Snoopy-truien tot de leadzangeres van metalbands met namen als Lost in Misery en Phantom Blue. Houdt C\u00e9cile Narinx zich aan haar belofte?","formattedEpisodeNumbering":"S2012:A2","formattedDate":"Do 18 okt. 2012","formattedDateShort":"Okt. 2012","formattedTime":"20:30","formattedDuration":"1u 0m","formattedAvailabilityWindow":null,"formattedAvailabilityWindowShort":null,"image":{"portraitUrl":null,"landscapeUrl":"https:\/\/images.nlziet.nl\/metadataimportimages\/source\/9740286E0FD304B27694E1DE13F31971B62B01CE60FFC11764F920DBAECBAF86.jpg"},"logo":{"normalUrl":"https:\/\/cdn.nlziet.nl\/static\/assets\/contentproviders\/npo.png","darkUrl":"https:\/\/cdn.nlziet.nl\/static\/assets\/contentproviders\/dark\/npo.png","flatUrl":"https:\/\/cdn.nlziet.nl\/static\/assets\/contentproviders\/flat\/npo.png"},"tags":[],"seriesId":"6QApQZDaZ0Gc_9gWZDJFZA"},{"id":"9QGehhea9EmUeYbrGMpIgQ","type":"Vod","title":"Het Mooiste Meisje van de Klas","subtitle":"","description":"TROS - Deze aflevering draait om de avontuurlijke, ondernemende en sociaal betrokken Karin (44). Karin groeit op in de omgeving van Eindhoven en wordt tijdens haar middelbare schooltijd ontdekt als model. Ze siert covers van bladen als Veronica Magazine en Yes en op haar zeventiende krijgt ze een contract bij modellenbureau Elite in Parijs. Karin grijpt het avontuur aan en begint aan een internationale modellencarri\u00e8re. Tijdens haar werk ontmoet ze zanger Prince die erg gecharmeerd is van de eigenzinnige Karin. Toch blijven nieuwe uitdagingen lonken en in Amerika volgt Karin een opleiding tot stuntvrouw en gaat ze daarnaast ook parachutespringen. En dan gaat het helemaal mis. Tijdens een van de sprongen gaat haar parachute niet open en belandt Karin met een dwarslaesie in het ziekenhuis. Een lange periode van revalidatie breekt aan maar Karin blijft positief. Ze gooit het roer om, gaat studeren en wordt 'physician assistant'. Jaap Jongbloed ontmoet haar in Amerika en blikt met Karin terug op haar leven. Karin durft het samen met hem zelfs aan om nog \u00e9\u00e9n keer een parachutesprong te maken...","formattedEpisodeNumbering":"S2012:A1","formattedDate":"Do 11 okt. 2012","formattedDateShort":"Okt. 2012","formattedTime":"20:30","formattedDuration":"1u 0m","formattedAvailabilityWindow":null,"formattedAvailabilityWindowShort":null,"image":{"portraitUrl":null,"landscapeUrl":"https:\/\/images.nlziet.nl\/metadataimportimages\/source\/BCA3F243C4F9AADC60EE00A57171D9A324C824FE3F4F47959C1CB1377C0B453F.jpg"},"logo":{"normalUrl":"https:\/\/cdn.nlziet.nl\/static\/assets\/contentproviders\/npo.png","darkUrl":"https:\/\/cdn.nlziet.nl\/static\/assets\/contentproviders\/dark\/npo.png","flatUrl":"https:\/\/cdn.nlziet.nl\/static\/assets\/contentproviders\/flat\/npo.png"},"tags":[],"seriesId":"6QApQZDaZ0Gc_9gWZDJFZA"}]