[{"id":"ZdDJ4iJVJEe3ClVRF6o4pA","type":"Vod","title":"Het Mooiste Meisje van de Klas","subtitle":"Sharon","description":"AVROTROS - De Venlose Sharon Mafficioli del Castelletto maakt naast haar exotische schoonheid ook met haar stoere voorkomen indruk op haar klasgenoten. Hoewel Sharon zich absoluut niet bezighoudt met haar schoonheid, moedigen haar vrienden haar aan om mee te doen aan de Miss Nederland-verkiezing. Als Miss Limburg ontdekt ze het modellenwereldje en vertrekt ze naar Milaan, weg van haar problemen thuis. Toch kan ze niet helemaal afscheid nemen van Nederland en komt ze terug. Na verschillende nare gebeurtenissen waarin Sharon altijd voor iedereen klaar stond, zoals de verslaving van haar broer en het overlijden van haar nichtje, wordt de onmacht haar teveel en krijgt ze te maken met een burn-out. Ze moet terug naar de basis en ontdekken wat haar in het leven \u00e9cht gelukkig maakt. Met haar creatieve kant blijkt ze opnieuw veel mensen gelukkig te maken.","formattedEpisodeNumbering":"S2019:A10","formattedDate":"Wo 18 sep. 2019","formattedDateShort":"Sep. 2019","formattedTime":"22:20","formattedDuration":"39m","formattedAvailabilityWindow":null,"formattedAvailabilityWindowShort":null,"image":{"portraitUrl":null,"landscapeUrl":"https:\/\/images.nlziet.nl\/metadataimportimages\/source\/93F71D3A20174C1B9E72A99221E6DCDC34190E601A9757502B62595C4E4AAE39.jpg"},"logo":{"normalUrl":"https:\/\/cdn.nlziet.nl\/static\/assets\/contentproviders\/npo.png","darkUrl":"https:\/\/cdn.nlziet.nl\/static\/assets\/contentproviders\/dark\/npo.png","flatUrl":"https:\/\/cdn.nlziet.nl\/static\/assets\/contentproviders\/flat\/npo.png"},"tags":[],"seriesId":"6QApQZDaZ0Gc_9gWZDJFZA"},{"id":"dZ4vUuYMgU-ibcQJtqF90w","type":"Vod","title":"Het Mooiste Meisje van de Klas","subtitle":"Shirley","description":"AVROTROS - Shirley van Wijlen was dan wel het mooiste meisje van de klas, ze is niet het type voor in de schoolbanken. Veel liever beklimt ze de daken van haar woonplaats Lelystad. Terwijl de meeste van haar klasgenoten na de middelbare school verder gaan studeren, maakt Shirley een opmerkelijke keuze: ze begint aan een opleiding bij de Koninklijke Landmacht. In die periode in het leger komt Shirley de man van haar dromen tegen en voor hem verhuist ze naar Zwitserland. Maar wat begint als een hartstochtelijk avontuur eindigt jaren later in een bikkelharde vechtscheiding... Inmiddels woont Shirley al 20 jaar in Zwitserland? Maar wat doe je als je al zo lang in Zwitserland woont, net een vechtscheiding achter de rug hebt en een naar schoolgaande dochter hebt? Blijft Shirley in Zwitserland wonen of gaat ze terug naar Nederland?","formattedEpisodeNumbering":"S2019:A9","formattedDate":"Wo 11 sep. 2019","formattedDateShort":"Sep. 2019","formattedTime":"22:15","formattedDuration":"39m","formattedAvailabilityWindow":null,"formattedAvailabilityWindowShort":null,"image":{"portraitUrl":null,"landscapeUrl":"https:\/\/images.nlziet.nl\/metadataimportimages\/source\/EAC972D68FB9BDE70EA6A083EC018A4271290280395D0CF337194C4F88A68E5E.jpg"},"logo":{"normalUrl":"https:\/\/cdn.nlziet.nl\/static\/assets\/contentproviders\/npo.png","darkUrl":"https:\/\/cdn.nlziet.nl\/static\/assets\/contentproviders\/dark\/npo.png","flatUrl":"https:\/\/cdn.nlziet.nl\/static\/assets\/contentproviders\/flat\/npo.png"},"tags":[],"seriesId":"6QApQZDaZ0Gc_9gWZDJFZA"},{"id":"r5uUWgRk30SSS2ysNO237w","type":"Vod","title":"Het Mooiste Meisje van de Klas","subtitle":"Saskia","description":"AVROTROS - Het leven van Saskia (43) uit Haarlem begint onbezorgd en als tiener geniet ze van de aandacht die ze als mooiste meisje van de klas krijgt. Van school- tot hockeyfeest: Saskia is erbij en ze houdt wel van een drankje. Dat is iets wat zeker anderen ook opvalt... Het uitgaan en met name haar drankgebruik beginnen zijn tol te eisen. Zo erg zelfs, dat ze uiteindelijk moet worden opgenomen in een afkickkliniek in Zuid-Afrika om van een drankverslaving af te komen. Het moet het keerpunt in haar leven en dat van haar gezin worden. Saskia beseft dat er veel schade in haar gezin is aangericht door de verslaving. Hoe krijgt ze haar leven en dat van haar gezin weer op de rit?","formattedEpisodeNumbering":"S2019:A8","formattedDate":"Wo 4 sep. 2019","formattedDateShort":"Sep. 2019","formattedTime":"22:15","formattedDuration":"39m","formattedAvailabilityWindow":null,"formattedAvailabilityWindowShort":null,"image":{"portraitUrl":null,"landscapeUrl":"https:\/\/images.nlziet.nl\/metadataimportimages\/source\/FCCAF25AFB1DDF3ADC5026D3D62FBF921509CD963A413900BEA825E233A59837.jpg"},"logo":{"normalUrl":"https:\/\/cdn.nlziet.nl\/static\/assets\/contentproviders\/npo.png","darkUrl":"https:\/\/cdn.nlziet.nl\/static\/assets\/contentproviders\/dark\/npo.png","flatUrl":"https:\/\/cdn.nlziet.nl\/static\/assets\/contentproviders\/flat\/npo.png"},"tags":[],"seriesId":"6QApQZDaZ0Gc_9gWZDJFZA"},{"id":"IkbaGBKCPEyhCQ7zvLGo1Q","type":"Vod","title":"Het Mooiste Meisje van de Klas","subtitle":"Maaike Hamer","description":"AVROTROS - Jaap Jongbloed ontmoet mooiste meisje Maaike (1973) bij haar schitterende woning aan de Loosdrechtse plassen. Ze lijkt het allemaal voor elkaar te hebben: een liefdevol gezin, een goede baan bij een groot Amerikaans elektronicabedrijf, maar is dit perfecte plaatje genoeg voor de veeleisende Maaike? Maaikes levensverhaal kent een heftige start. Als prematuur overleeft ze de eerste dagen van haar leven bijna niet. Zou daar de ongekende 'drive' van Maaike vandaan komen om alles uit het leven vandaan te halen? Als Maaike ergens aan begint, doet ze dat namelijk met volle overgave. Of dat nou een feestje is of haar carri\u00e8re. Maar haar streven naar perfectie heeft een prijs ... Maaike groeit op in Zwaag, een dorpje in de gemeente Hoorn. Als Maaike op 14-jarige leeftijd haar bril voor lenzen verruilt en haar haren blondeert, zien de jongens pas echt hoe knap ze is. Aan mannelijke aandacht heeft Maaike geen gebrek. In haar tienerjaren zijn het nog de Spaanse en Italiaanse jongens op vakantie, maar later zal de mannelijke aandacht haar zelfs naar het Midden-Oosten brengen, naar Libanon.","formattedEpisodeNumbering":"S2019:A7","formattedDate":"Ma 18 mrt. 2019","formattedDateShort":"Mrt. 2019","formattedTime":"22:10","formattedDuration":"45m","formattedAvailabilityWindow":null,"formattedAvailabilityWindowShort":null,"image":{"portraitUrl":null,"landscapeUrl":"https:\/\/images.nlziet.nl\/metadataimportimages\/source\/FC01E3BA04CA2BFCF12DEA0810ABD3AEF815FD496AAB1B1A1AA8E28A0ABC9DE8.jpg"},"logo":{"normalUrl":"https:\/\/cdn.nlziet.nl\/static\/assets\/contentproviders\/npo.png","darkUrl":"https:\/\/cdn.nlziet.nl\/static\/assets\/contentproviders\/dark\/npo.png","flatUrl":"https:\/\/cdn.nlziet.nl\/static\/assets\/contentproviders\/flat\/npo.png"},"tags":[],"seriesId":"6QApQZDaZ0Gc_9gWZDJFZA"},{"id":"rfCc1nFKCUKXfVR92lUB1w","type":"Vod","title":"Het Mooiste Meisje van de Klas","subtitle":"Kathinka van Velzen","description":"AVROTROS - Jaap Jongbloed ontmoet het mooiste meisje Kathinka op Ibiza. Al meer dan twintig jaar is dit Spaanse eiland haar thuisbasis als ze geen verre reizen aan het maken is naar indianenstammen voor haar werk als ontwerpster. Kathinka's levensverhaal begint midden jaren 60 in Rijswijk. Als ze tien jaar is, verhuist het gezin net zoals vele andere gezinnen naar Zoetermeer, een gemeente die op dat moment uit de grond wordt gestampt. Hoewel de vele bouwplaatsen een ideale plek zijn voor vele avonturen als kind, weet Kathinka al snel dat ze meer van de wereld wil zien. En door haar schoonheid ligt de hele wereld voor haar open. Haar onrust brengt haar naar Ibiza waar ze in de wereld van de popsterren terecht komt. Kathinka begeeft zich in de jetsetwereld, maar ze ziet ook dat alle rijkdom niet gelukkig maakt. Na een burnout kiest ze daarom bewust om niet in de 'ratrace' van het leven mee te gaan. Inmiddels is Kathinka de 50 gepasseerd. Ze heeft een groot deel van haar leven in de hoogste versnelling geleefd, waar geen ruimte is voor huisje boompje beestje. Maar heeft haar leven haar uiteindelijk het geluk gebracht waar ze naar zoekt?","formattedEpisodeNumbering":"S2019:A6","formattedDate":"Ma 11 mrt. 2019","formattedDateShort":"Mrt. 2019","formattedTime":"22:15","formattedDuration":"46m","formattedAvailabilityWindow":null,"formattedAvailabilityWindowShort":null,"image":{"portraitUrl":null,"landscapeUrl":"https:\/\/images.nlziet.nl\/metadataimportimages\/source\/8EBB6997AB68D3D4620AC5E6BEE0A8EA1074C2E65149F2B0398E280D357421AB.jpg"},"logo":{"normalUrl":"https:\/\/cdn.nlziet.nl\/static\/assets\/contentproviders\/npo.png","darkUrl":"https:\/\/cdn.nlziet.nl\/static\/assets\/contentproviders\/dark\/npo.png","flatUrl":"https:\/\/cdn.nlziet.nl\/static\/assets\/contentproviders\/flat\/npo.png"},"tags":[],"seriesId":"6QApQZDaZ0Gc_9gWZDJFZA"},{"id":"p7GC0XK3M0SAu9plRYBQ8A","type":"Vod","title":"Het Mooiste Meisje van de Klas","subtitle":"Sophia van Sorgen","description":"AVROTROS - Het Mooiste Meisje van de Klas, Sophia van Sorgen, kijkt door haar ervaringen op een hele andere manier naar uiterlijk. Ze is nog maar 17 jaar oud als zij de vreselijke diagnose kanker krijgt. Sophia wil niets liever dan weg uit het kleine Winterswijk waar ze opgroeit en anoniem de wereld wil ontdekken. Zij komt in New York terecht maar als zij terugkeert in Nederland, wordt zij op haar 33e opnieuw getroffen door kanker. Iedereen in haar omgeving raakt in paniek. Sophia zelf blijft rustig en besluit vanaf dat moment het heft in eigen hand te nemen.","formattedEpisodeNumbering":"S2019:A5","formattedDate":"Ma 4 mrt. 2019","formattedDateShort":"Mrt. 2019","formattedTime":"22:15","formattedDuration":"46m","formattedAvailabilityWindow":null,"formattedAvailabilityWindowShort":null,"image":{"portraitUrl":null,"landscapeUrl":"https:\/\/images.nlziet.nl\/metadataimportimages\/source\/65EF9549D8D7BF9EA4B20D62C02E23EF95674F36D795CECEB299ED5DADB4000B.jpg"},"logo":{"normalUrl":"https:\/\/cdn.nlziet.nl\/static\/assets\/contentproviders\/npo.png","darkUrl":"https:\/\/cdn.nlziet.nl\/static\/assets\/contentproviders\/dark\/npo.png","flatUrl":"https:\/\/cdn.nlziet.nl\/static\/assets\/contentproviders\/flat\/npo.png"},"tags":[],"seriesId":"6QApQZDaZ0Gc_9gWZDJFZA"},{"id":"UnM60A--YEKl_-RnkdN1lQ","type":"Vod","title":"Het Mooiste Meisje van de Klas","subtitle":"Eva Meenhorst","description":"AVROTROS - Blond, knap en levend in weelde... zo begint het leven van het mooiste meisje van de klas, Eva Meenhorst. Haar familie staat in het middelpunt van Callantsoog door de bekende horecazaken van Eva's vader. Eva zelf is echter niet het meisje dat graag in de spotlights staat. De rustige Eva ontgroeit het kleine Groote Keeten waar zij is opgegroeid en via Engeland, Ca\u00efro en Istanbul komt ze uiteindelijk in Marbella terecht. Als je de wind in het leven zo mee lijkt te hebben en je tot je 35e geen noemenswaardige tegenslag hebt gehad, hoe ga je dan om met een plotselinge, dramatische gebeurtenis?","formattedEpisodeNumbering":"S2019:A4","formattedDate":"Ma 25 feb. 2019","formattedDateShort":"Feb. 2019","formattedTime":"22:15","formattedDuration":"44m","formattedAvailabilityWindow":null,"formattedAvailabilityWindowShort":null,"image":{"portraitUrl":null,"landscapeUrl":"https:\/\/images.nlziet.nl\/metadataimportimages\/source\/B84F05748BA7169A924BD61C416DE8EB3BA02820FF9101A247E84A17E53853BF.jpg"},"logo":{"normalUrl":"https:\/\/cdn.nlziet.nl\/static\/assets\/contentproviders\/npo.png","darkUrl":"https:\/\/cdn.nlziet.nl\/static\/assets\/contentproviders\/dark\/npo.png","flatUrl":"https:\/\/cdn.nlziet.nl\/static\/assets\/contentproviders\/flat\/npo.png"},"tags":[],"seriesId":"6QApQZDaZ0Gc_9gWZDJFZA"},{"id":"XuZtAuVprUygb90UvI_B_A","type":"Vod","title":"Het Mooiste Meisje van de Klas","subtitle":"Neira Becar","description":"AVROTROS - Jaap Jongbloed reist met Neira naar Sarajevo, haar geboorteplaats en midden jaren 90 een deel van het strijdtoneel van de verschrikkelijke Balkanoorlog. Als Neira slechts negen jaar oud is, moet ze haar woonplaats Sarajevo halsoverkop ontvluchten vanwege deze verschrikkelijke oorlog. Via asielzoekerscentra komt ze uiteindelijk met haar familie terecht in Hoorn. Op het Oscar Romero College maakt ze naast haar prachtige uiterlijk ook indruk met haar hoge cijfers. Een zorgeloos leven in Hoorn lijkt het. Maar wat voor invloed heeft het als je als jong meisje door oorlog je veilige thuis hebt moeten verlaten en in een vreemd land weer helemaal opnieuw moet beginnen? Kun je je dan nog hechten aan plaatsen en aan mensen?","formattedEpisodeNumbering":"S2019:A3","formattedDate":"Ma 18 feb. 2019","formattedDateShort":"Feb. 2019","formattedTime":"22:10","formattedDuration":"45m","formattedAvailabilityWindow":null,"formattedAvailabilityWindowShort":null,"image":{"portraitUrl":null,"landscapeUrl":"https:\/\/images.nlziet.nl\/metadataimportimages\/source\/A5A5D2A11323CF29673AE602BD0A3F2EAE95CEE69CDF63BC1813D8CA60B27C5D.jpg"},"logo":{"normalUrl":"https:\/\/cdn.nlziet.nl\/static\/assets\/contentproviders\/npo.png","darkUrl":"https:\/\/cdn.nlziet.nl\/static\/assets\/contentproviders\/dark\/npo.png","flatUrl":"https:\/\/cdn.nlziet.nl\/static\/assets\/contentproviders\/flat\/npo.png"},"tags":[],"seriesId":"6QApQZDaZ0Gc_9gWZDJFZA"},{"id":"XGbnpBD6b0Ca1xKgTAzutg","type":"Vod","title":"Het Mooiste Meisje van de Klas","subtitle":"Joyce","description":"AVROTROS - Joyce van den Bor, het mooiste meisje van de klas op haar middelbare school in Nijkerk, wordt omschreven als een mooiere uitgave van jaren 80-idool Kylie Minogue. Ze is nog maar een tiener als ze de man van haar dromen tegenkomt tijdens het uitgaan in Zwolle. Het is liefde op het eerste gezicht en hij blijkt een blijvertje. Samen bouwen ze een leven op en stichten een gezin. Maar dan slaat het noodlot toe. Ad, de grote liefde van Joyce en vader van haar kinderen, overlijdt op 41-jarige leeftijd vrij onverwacht waarna Joyce er ineens alleen voorstaat. Ze heeft dan de zorg over drie kinderen waarvan haar jongste dochter lijdt aan een zeer ernstige progressieve spierziekte.","formattedEpisodeNumbering":"S2019:A2","formattedDate":"Di 18 dec. 2018","formattedDateShort":"Dec. 2018","formattedTime":"21:30","formattedDuration":"45m","formattedAvailabilityWindow":null,"formattedAvailabilityWindowShort":null,"image":{"portraitUrl":null,"landscapeUrl":"https:\/\/images.nlziet.nl\/metadataimportimages\/source\/408B172E15A474258FA3FC3B0EBB0BFA9987F5C51431837788E5F437739BC006.jpg"},"logo":{"normalUrl":"https:\/\/cdn.nlziet.nl\/static\/assets\/contentproviders\/npo.png","darkUrl":"https:\/\/cdn.nlziet.nl\/static\/assets\/contentproviders\/dark\/npo.png","flatUrl":"https:\/\/cdn.nlziet.nl\/static\/assets\/contentproviders\/flat\/npo.png"},"tags":[],"seriesId":"6QApQZDaZ0Gc_9gWZDJFZA"},{"id":"ck_jq0TL60GmNRZM65BtLA","type":"Vod","title":"Het Mooiste Meisje van de Klas","subtitle":"Joyce","description":"AVROTROS - Joyce van den Bor, het mooiste meisje van de klas op haar middelbare school in Nijkerk, wordt omschreven als een mooiere uitgave van jaren 80 idool Kylie Minogue. Ze is nog maar een tiener als ze de man van haar dromen tegenkomt tijdens het uitgaan in Zwolle. Het is liefde op het eerste gezicht en hij blijkt een blijvertje. Samen bouwen ze een leven op en stichten een gezin. Maar dan slaat het noodlot toe. Ad, de grote liefde van Joyce en vader van haar kinderen overlijdt op 41-jarige leeftijd vrij onverwacht waarna Joyce er ineens alleen voorstaat. Ze heeft dan de zorg over 3 kinderen waarvan haar jongste dochter lijdt aan een zeer ernstige progressieve spierziekte.","formattedEpisodeNumbering":"S2019:A2","formattedDate":"Ma 6 mei. 2019","formattedDateShort":"Mei. 2019","formattedTime":"22:05","formattedDuration":"45m","formattedAvailabilityWindow":null,"formattedAvailabilityWindowShort":null,"image":{"portraitUrl":null,"landscapeUrl":"https:\/\/images.nlziet.nl\/metadataimportimages\/source\/F24BC7B1860FDE7CAB0065F1FB1149F491A749566EC2BE73ABDA1B3876ABF44D.jpg"},"logo":{"normalUrl":"https:\/\/cdn.nlziet.nl\/static\/assets\/contentproviders\/npo.png","darkUrl":"https:\/\/cdn.nlziet.nl\/static\/assets\/contentproviders\/dark\/npo.png","flatUrl":"https:\/\/cdn.nlziet.nl\/static\/assets\/contentproviders\/flat\/npo.png"},"tags":[],"seriesId":"6QApQZDaZ0Gc_9gWZDJFZA"},{"id":"CMV-6v5bUk-RdpNNg2HuGA","type":"Vod","title":"Het Mooiste Meisje van de Klas","subtitle":"Steffi","description":"AVROTROS - Hoewel in de jaren 90 op de Vrijeschool in Zeist veel bijzondere leerlingen rond lopen, valt de prachtige blonde Steffi nog meer op. Niet alleen haar opvallende kleding trekt de aandacht, ook haar gedrag. Op 14-jarige leeftijd wordt ze al door haar moeder afgezet voor discotheek iT in Amsterdam. Steffi is gewend haar eigen plan te trekken en niets of niemand lijkt haar daar bij tegen te kunnen houden. Totdat er in 2015 een tumor in Steffi's hoofd ontdekt wordt. Ook dit pakt ze op haar eigen manier aan en ze gooit het roer drastisch om. Jaap ontmoet de rebelse Steffi de Pous (35) op het Griekse eiland Lesbos. Hier heeft ze tegenwoordig een stichting om de bootvluchtelingen te helpen, en ook deze runt ze weer op geheel eigen wijze.","formattedEpisodeNumbering":"S2019:A1","formattedDate":"Ma 11 jun. 2018","formattedDateShort":"Jun. 2018","formattedTime":"22:15","formattedDuration":"45m","formattedAvailabilityWindow":null,"formattedAvailabilityWindowShort":null,"image":{"portraitUrl":null,"landscapeUrl":"https:\/\/images.nlziet.nl\/metadataimportimages\/source\/5E1E87855533028010078A8D80F764984C84E7BE303A296B67262C71845CC36B.jpg"},"logo":{"normalUrl":"https:\/\/cdn.nlziet.nl\/static\/assets\/contentproviders\/npo.png","darkUrl":"https:\/\/cdn.nlziet.nl\/static\/assets\/contentproviders\/dark\/npo.png","flatUrl":"https:\/\/cdn.nlziet.nl\/static\/assets\/contentproviders\/flat\/npo.png"},"tags":[],"seriesId":"6QApQZDaZ0Gc_9gWZDJFZA"}]