[{"id":"SoeD1zfw0ES4C0cEEhI1Pw","type":"Vod","title":"Andr\u00e9 Rieu","subtitle":"De wereld van Andr\u00e9 Rieu","description":"TROS - Andr\u00e9 Rieu reist de wereld rond. We zien exclusieve beelden van het concert dat de meesterviolist geeft in het Antwerpse Sportpaleis in Belgi\u00eb. Dit is het eerste concert dat Rieu geeft na zijn gedwongen afwezigheid. De carri\u00e8re van Andr\u00e9 Rieu en zijn Johan Strauss orkest lijkt al jarenlang een onafgebroken rij van successen. Dat al het succes niet vanzelf komt aanwaaien bleek afgelopen jaar toen Andr\u00e9 plotseling getroffen werd door een virus dat zijn evenwichtsorgaan aantastte. De kijker is getuige van de vele onvoorziene en wellicht stressvolle momenten die optreden in het turbulente leven van deze niet te stoppen violist. Bij de succesvolle concertreeks in Maastricht vragen een onvoorziene hittegolf en het halen van de WK finale van het Nederlands elftal om zeer creatieve oplossingen om de concertreeks ongestoord te volmaken. Bij aankomst op bloemeneiland Mainau in Duitsland, waar een special opgenomen wordt, blijken de bloemen nog niet in bloei te staan. Maar al snel wordt duidelijk; voor elk probleem is een oplossing. Ook toeren we een gedeelte mee door Amerika. Reizende in hun eigen bussen, zijn de Verenigde Staten een soort tweede 'thuis' voor Andr\u00e9 en zijn orkest. In Mexico zijn vier concerten uitverkocht zonder enige vorm van advertentie, mond op mond reclame heeft hier zijn werk gedaan. De kijker ziet hoe uitzinnige fans na afloop van een concert niet meer te stoppen zijn en zelfs buiten de poorten nog lang blijven nagenieten en zingen. Kortom, de wereld is letterlijk het decor waarin het leven van Andr\u00e9 Rieu zich afspeelt en dit programma gunt ons een blik in de keuken van deze meesterchef op muzikaal gebied.","formattedEpisodeNumbering":null,"formattedDate":"Vr 4 mrt. 2011","formattedDateShort":"Mrt. 2011","formattedTime":"22:30","formattedDuration":"30m","formattedAvailabilityWindow":null,"formattedAvailabilityWindowShort":null,"image":{"portraitUrl":null,"landscapeUrl":"https:\/\/images.nlziet.nl\/metadataimportimages\/source\/80357C644648BBAB8F5600A6CAEAD13B4FE5201CBA7DE3FC5ED923B71A531106.jpg"},"logo":{"normalUrl":"https:\/\/cdn.nlziet.nl\/static\/assets\/contentproviders\/npo.png","darkUrl":"https:\/\/cdn.nlziet.nl\/static\/assets\/contentproviders\/dark\/npo.png","flatUrl":"https:\/\/cdn.nlziet.nl\/static\/assets\/contentproviders\/flat\/npo.png"},"tags":[],"seriesId":"6nYNguFY_Eiaeu9gIcxSyg"},{"id":"CmAwoKJs_EeRZFH4JB6QpQ","type":"Vod","title":"Andr\u00e9 Rieu","subtitle":"De wereld van Andr\u00e9 Rieu","description":"TROS - Andr\u00e9 Rieu reist de wereld rond. We zien exclusieve beelden van het concert dat de meesterviolist geeft in het Antwerpse Sportpaleis in Belgi\u00eb. Dit is het eerste concert dat Rieu geeft na zijn gedwongen afwezigheid. De carri\u00e8re van Andr\u00e9 Rieu en zijn Johan Strauss orkest lijkt al jarenlang een onafgebroken rij van successen. Dat al het succes niet vanzelf komt aanwaaien bleek afgelopen jaar toen Andr\u00e9 plotseling getroffen werd door een virus dat zijn evenwichtsorgaan aantastte. De kijker is getuige van de vele onvoorziene en wellicht stressvolle momenten die optreden in het turbulente leven van deze niet te stoppen violist. Bij de succesvolle concertreeks in Maastricht vragen een onvoorziene hittegolf en het halen van de WK finale van het Nederlands elftal om zeer creatieve oplossingen om de concertreeks ongestoord te volmaken. Bij aankomst op bloemeneiland Mainau in Duitsland, waar een special opgenomen wordt, blijken de bloemen nog niet in bloei te staan. Maar al snel wordt duidelijk; voor elk probleem is een oplossing. Ook toeren we een gedeelte mee door Amerika. Reizende in hun eigen bussen, zijn de Verenigde Staten een soort tweede 'thuis' voor Andr\u00e9 en zijn orkest. In Mexico zijn vier concerten uitverkocht zonder enige vorm van advertentie, mond op mond reclame heeft hier zijn werk gedaan. De kijker ziet hoe uitzinnige fans na afloop van een concert niet meer te stoppen zijn en zelfs buiten de poorten nog lang blijven nagenieten en zingen. Kortom, de wereld is letterlijk het decor waarin het leven van Andr\u00e9 Rieu zich afspeelt en dit programma gunt ons een blik in de keuken van deze meesterchef op muzikaal gebied.","formattedEpisodeNumbering":null,"formattedDate":"Vr 25 feb. 2011","formattedDateShort":"Feb. 2011","formattedTime":"22:25","formattedDuration":"35m","formattedAvailabilityWindow":null,"formattedAvailabilityWindowShort":null,"image":{"portraitUrl":null,"landscapeUrl":"https:\/\/images.nlziet.nl\/metadataimportimages\/source\/E2CEEA976771C403552B313DCC27B2112CFD7F2F44F86FAAECCBD7E5B263D5A3.jpg"},"logo":{"normalUrl":"https:\/\/cdn.nlziet.nl\/static\/assets\/contentproviders\/npo.png","darkUrl":"https:\/\/cdn.nlziet.nl\/static\/assets\/contentproviders\/dark\/npo.png","flatUrl":"https:\/\/cdn.nlziet.nl\/static\/assets\/contentproviders\/flat\/npo.png"},"tags":[],"seriesId":"6nYNguFY_Eiaeu9gIcxSyg"},{"id":"gc4DhZEExEyLaYobpM9PSw","type":"Vod","title":"Andr\u00e9 Rieu","subtitle":"De wereld van Andr\u00e9 Rieu","description":"TROS - Andr\u00e9 Rieu reist de wereld rond. We zien exclusieve beelden van het concert dat de meesterviolist geeft in het Antwerpse Sportpaleis in Belgi\u00eb. Dit is het eerste concert dat Rieu geeft na zijn gedwongen afwezigheid. De carri\u00e8re van Andr\u00e9 Rieu en zijn Johan Strauss orkest lijkt al jarenlang een onafgebroken rij van successen. Dat al het succes niet vanzelf komt aanwaaien bleek afgelopen jaar toen Andr\u00e9 plotseling getroffen werd door een virus dat zijn evenwichtsorgaan aantastte. De kijker is getuige van de vele onvoorziene en wellicht stressvolle momenten die optreden in het turbulente leven van deze niet te stoppen violist. Bij de succesvolle concertreeks in Maastricht vragen een onvoorziene hittegolf en het halen van de WK finale van het Nederlands elftal om zeer creatieve oplossingen om de concertreeks ongestoord te volmaken. Bij aankomst op bloemeneiland Mainau in Duitsland, waar een special opgenomen wordt, blijken de bloemen nog niet in bloei te staan. Maar al snel wordt duidelijk; voor elk probleem is een oplossing. Ook toeren we een gedeelte mee door Amerika. Reizende in hun eigen bussen, zijn de Verenigde Staten een soort tweede 'thuis' voor Andr\u00e9 en zijn orkest. In Mexico zijn vier concerten uitverkocht zonder enige vorm van advertentie, mond op mond reclame heeft hier zijn werk gedaan. De kijker ziet hoe uitzinnige fans na afloop van een concert niet meer te stoppen zijn en zelfs buiten de poorten nog lang blijven nagenieten en zingen. Kortom, de wereld is letterlijk het decor waarin het leven van Andr\u00e9 Rieu zich afspeelt en dit programma gunt ons een blik in de keuken van deze meesterchef op muzikaal gebied.","formattedEpisodeNumbering":null,"formattedDate":"Vr 18 feb. 2011","formattedDateShort":"Feb. 2011","formattedTime":"22:30","formattedDuration":"30m","formattedAvailabilityWindow":null,"formattedAvailabilityWindowShort":null,"image":{"portraitUrl":null,"landscapeUrl":"https:\/\/images.nlziet.nl\/metadataimportimages\/source\/134E0A980A0CAF91A0562D2DC92E31414B83E9EB0AA2524CC65974425998C066.jpg"},"logo":{"normalUrl":"https:\/\/cdn.nlziet.nl\/static\/assets\/contentproviders\/npo.png","darkUrl":"https:\/\/cdn.nlziet.nl\/static\/assets\/contentproviders\/dark\/npo.png","flatUrl":"https:\/\/cdn.nlziet.nl\/static\/assets\/contentproviders\/flat\/npo.png"},"tags":[],"seriesId":"6nYNguFY_Eiaeu9gIcxSyg"},{"id":"ZrGW63xpHk2BxTKetrIgSA","type":"Vod","title":"Andr\u00e9 Rieu","subtitle":"De wereld van Andr\u00e9 Rieu","description":"TROS - Andr\u00e9 Rieu reist de wereld rond. We zien exclusieve beelden van het concert dat de meesterviolist geeft in het Antwerpse Sportpaleis in Belgi\u00eb. Dit is het eerste concert dat Rieu geeft na zijn gedwongen afwezigheid. De carri\u00e8re van Andr\u00e9 Rieu en zijn Johan Strauss orkest lijkt al jarenlang een onafgebroken rij van successen. Dat al het succes niet vanzelf komt aanwaaien bleek afgelopen jaar toen Andr\u00e9 plotseling getroffen werd door een virus dat zijn evenwichtsorgaan aantastte. De kijker is getuige van de vele onvoorziene en wellicht stressvolle momenten die optreden in het turbulente leven van deze niet te stoppen violist. Bij de succesvolle concertreeks in Maastricht vragen een onvoorziene hittegolf en het halen van de WK finale van het Nederlands elftal om zeer creatieve oplossingen om de concertreeks ongestoord te volmaken. Bij aankomst op bloemeneiland Mainau in Duitsland, waar een special opgenomen wordt, blijken de bloemen nog niet in bloei te staan. Maar al snel wordt duidelijk; voor elk probleem is een oplossing. Ook toeren we een gedeelte mee door Amerika. Reizende in hun eigen bussen, zijn de Verenigde Staten een soort tweede 'thuis' voor Andr\u00e9 en zijn orkest. In Mexico zijn vier concerten uitverkocht zonder enige vorm van advertentie, mond op mond reclame heeft hier zijn werk gedaan. De kijker ziet hoe uitzinnige fans na afloop van een concert niet meer te stoppen zijn en zelfs buiten de poorten nog lang blijven nagenieten en zingen. Kortom, de wereld is letterlijk het decor waarin het leven van Andr\u00e9 Rieu zich afspeelt en dit programma gunt ons een blik in de keuken van deze meesterchef op muzikaal gebied.","formattedEpisodeNumbering":null,"formattedDate":"Vr 11 feb. 2011","formattedDateShort":"Feb. 2011","formattedTime":"22:25","formattedDuration":"35m","formattedAvailabilityWindow":null,"formattedAvailabilityWindowShort":null,"image":{"portraitUrl":null,"landscapeUrl":"https:\/\/images.nlziet.nl\/metadataimportimages\/source\/3EDD097D9AB6B96FA6F5127C56728107DCB71B87DD90F2644AEFB1FB2AB11259.jpg"},"logo":{"normalUrl":"https:\/\/cdn.nlziet.nl\/static\/assets\/contentproviders\/npo.png","darkUrl":"https:\/\/cdn.nlziet.nl\/static\/assets\/contentproviders\/dark\/npo.png","flatUrl":"https:\/\/cdn.nlziet.nl\/static\/assets\/contentproviders\/flat\/npo.png"},"tags":[],"seriesId":"6nYNguFY_Eiaeu9gIcxSyg"},{"id":"RvNt2U4bn0e89i6iN5tErQ","type":"Vod","title":"Andr\u00e9 Rieu","subtitle":"De wereld van Andr\u00e9 Rieu","description":"TROS - Andr\u00e9 Rieu reist de wereld rond. We zien exclusieve beelden van het concert dat de meesterviolist geeft in het Antwerpse Sportpaleis in Belgi\u00eb. Dit is het eerste concert dat Rieu geeft na zijn gedwongen afwezigheid. De carri\u00e8re van Andr\u00e9 Rieu en zijn Johan Strauss orkest lijkt al jarenlang een onafgebroken rij van successen. Dat al het succes niet vanzelf komt aanwaaien bleek afgelopen jaar toen Andr\u00e9 plotseling getroffen werd door een virus dat zijn evenwichtsorgaan aantastte. De kijker is getuige van de vele onvoorziene en wellicht stressvolle momenten die optreden in het turbulente leven van deze niet te stoppen violist. Bij de succesvolle concertreeks in Maastricht vragen een onvoorziene hittegolf en het halen van de WK finale van het Nederlands elftal om zeer creatieve oplossingen om de concertreeks ongestoord te volmaken. Bij aankomst op bloemeneiland Mainau in Duitsland, waar een special opgenomen wordt, blijken de bloemen nog niet in bloei te staan. Maar al snel wordt duidelijk; voor elk probleem is een oplossing. Ook toeren we een gedeelte mee door Amerika. Reizende in hun eigen bussen, zijn de Verenigde Staten een soort tweede 'thuis' voor Andr\u00e9 en zijn orkest. In Mexico zijn vier concerten uitverkocht zonder enige vorm van advertentie, mond op mond reclame heeft hier zijn werk gedaan. De kijker ziet hoe uitzinnige fans na afloop van een concert niet meer te stoppen zijn en zelfs buiten de poorten nog lang blijven nagenieten en zingen. Kortom, de wereld is letterlijk het decor waarin het leven van Andr\u00e9 Rieu zich afspeelt en dit programma gunt ons een blik in de keuken van deze meesterchef op muzikaal gebied.","formattedEpisodeNumbering":null,"formattedDate":"Vr 4 feb. 2011","formattedDateShort":"Feb. 2011","formattedTime":"22:30","formattedDuration":"30m","formattedAvailabilityWindow":null,"formattedAvailabilityWindowShort":null,"image":{"portraitUrl":null,"landscapeUrl":"https:\/\/images.nlziet.nl\/metadataimportimages\/source\/F29D308A491DE2390CD8BAB82AD65E1E087DB9AD7764BFB066AB32EA4C097698.jpg"},"logo":{"normalUrl":"https:\/\/cdn.nlziet.nl\/static\/assets\/contentproviders\/npo.png","darkUrl":"https:\/\/cdn.nlziet.nl\/static\/assets\/contentproviders\/dark\/npo.png","flatUrl":"https:\/\/cdn.nlziet.nl\/static\/assets\/contentproviders\/flat\/npo.png"},"tags":[],"seriesId":"6nYNguFY_Eiaeu9gIcxSyg"}]