[{"id":"tpZnGUbgdU2CzGlP76k37g","type":"Vod","title":"Erica op Reis","subtitle":"China","description":"MAX - Erica Terpstra reist deze aflevering naar China, een land waar zij haar leven lang al een sterk persoonlijke band mee heeft. Ze gaat naar het hypermoderne Shanghai, waar goed te zien is hoe het land in ontwikkeling is. De contrasten tussen rijk en arm zijn er groot, net als de contrasten tussen de spectaculaire wolkenkrabbers en de eeuwenoude tempels en stadswijken. Ze verbaast en verwondert zich over de mensen en gewoontes die ze tegenkomt. Daarnaast bezoekt Erica twee meer traditionele steden, waar je je nog kunt wanen in de tijden van de keizers die lang over China regeerden. En steeds probeert ze, met de paar woorden Chinees die ze machtig is, in gesprek te raken met de mensen die ze ontmoet.","formattedEpisodeNumbering":"S6:A2","formattedDate":"Vr 17 nov. 2017","formattedDateShort":"Nov. 2017","formattedTime":"22:30","formattedDuration":"40m","formattedAvailabilityWindow":null,"formattedAvailabilityWindowShort":null,"image":{"portraitUrl":null,"landscapeUrl":"https:\/\/images.nlziet.nl\/metadataimportimages\/source\/DE03E29134DCC02117401451357D284DDE6BF7B65F25895D825E53788188A9C1.jpg"},"logo":{"normalUrl":"https:\/\/cdn.nlziet.nl\/static\/assets\/contentproviders\/npo.png","darkUrl":"https:\/\/cdn.nlziet.nl\/static\/assets\/contentproviders\/dark\/npo.png","flatUrl":"https:\/\/cdn.nlziet.nl\/static\/assets\/contentproviders\/flat\/npo.png"},"tags":[],"seriesId":"6JNC-1-6i0KUh0PX3tUNkg"},{"id":"luXvLdtgUU2qQyGpuq0Y1Q","type":"Vod","title":"Erica op Reis","subtitle":"Vietnam","description":"MAX - Erica Terpstra reist naar Vietnam. In Hanoi bezoekt ze onder meer het oude centrum van de stad, eeuwenoude tempels en dompelt ze zich onder op een lokale markt, vol bijzondere en exotische etenswaren. Ze spreekt met de inwoners, die de donkere jaren achter zich hebben gelaten, en die met de toekomst bezig zijn. Ook trekt ze de bergen van noord-Vietnam in, waar ze ontmoetingen heeft met de kleurrijke volken die dat onherbergzame maar prachtige gebied bewonen. Erica komt terecht op een liefdesmarkt, waar de plaatselijke jongeren een partner hopen te vinden. Ondertussen verwondert ze zich over de mooie maar soms moeilijk te doorgronden gewoontes van de mensen.","formattedEpisodeNumbering":"S6:A1","formattedDate":"Vr 10 nov. 2017","formattedDateShort":"Nov. 2017","formattedTime":"22:25","formattedDuration":"40m","formattedAvailabilityWindow":null,"formattedAvailabilityWindowShort":null,"image":{"portraitUrl":null,"landscapeUrl":"https:\/\/images.nlziet.nl\/metadataimportimages\/source\/1381D50A4D0691FECFBF0A0D24B9A54B4938B295BAFD8AB958FDBC3CCD8E2836.jpg"},"logo":{"normalUrl":"https:\/\/cdn.nlziet.nl\/static\/assets\/contentproviders\/npo.png","darkUrl":"https:\/\/cdn.nlziet.nl\/static\/assets\/contentproviders\/dark\/npo.png","flatUrl":"https:\/\/cdn.nlziet.nl\/static\/assets\/contentproviders\/flat\/npo.png"},"tags":[],"seriesId":"6JNC-1-6i0KUh0PX3tUNkg"}]