[{"id":"pWIdVbUYPEC77IVhLKeNuA","type":"Vod","title":"Border Security: Australi\u00eb","subtitle":"Aflevering 12","description":"Veronica - Het nerveuze gedrag van een passagier zet iedereen bij de douane op scherp. Voor de kust van Queensland doorzoekt de douane een enorm vrachtschip waar elk hoekje en gaatje een mogelijke schuilplaats is. Een verrassende opmerking van een passagier doet de douane denken dat zijn leven wellicht in gevaar is.","formattedEpisodeNumbering":null,"formattedDate":"Za 20 aug.","formattedDateShort":"Za 20 aug.","formattedTime":"19:29","formattedDuration":"22m","formattedAvailabilityWindow":null,"formattedAvailabilityWindowShort":null,"image":{"portraitUrl":null,"landscapeUrl":"https:\/\/images.nlziet.nl\/metadataimportimages\/source\/B15A0C955218A4E6D18B59790A811C4F998A8F2F56709E8AF7ED8AF477E128E6.jpg"},"logo":{"normalUrl":"https:\/\/cdn.nlziet.nl\/static\/assets\/contentproviders\/sbs.png","darkUrl":"https:\/\/cdn.nlziet.nl\/static\/assets\/contentproviders\/dark\/sbs.png","flatUrl":"https:\/\/cdn.nlziet.nl\/static\/assets\/contentproviders\/flat\/sbs.png"},"tags":[],"seriesId":"6EBfsFV_3EqMK8x9C1vHew"},{"id":"mBzoVJaSXUifM_WxN0nc-g","type":"Vod","title":"Border Security: Australi\u00eb","subtitle":"Aflevering 11","description":"Veronica - Een officier is op zoek naar antwoorden wat leidt tot een ruzie bij de douane. De immigratiedienst ondervraagt een Ierse metselaar.","formattedEpisodeNumbering":null,"formattedDate":"Za 13 aug.","formattedDateShort":"Za 13 aug.","formattedTime":"19:31","formattedDuration":"20m","formattedAvailabilityWindow":null,"formattedAvailabilityWindowShort":null,"image":{"portraitUrl":null,"landscapeUrl":"https:\/\/images.nlziet.nl\/metadataimportimages\/source\/51A05BDEC34141947249EDDE02EE98A0373B61DD62AB7DDAB3EC64E1B0172751.jpg"},"logo":{"normalUrl":"https:\/\/cdn.nlziet.nl\/static\/assets\/contentproviders\/sbs.png","darkUrl":"https:\/\/cdn.nlziet.nl\/static\/assets\/contentproviders\/dark\/sbs.png","flatUrl":"https:\/\/cdn.nlziet.nl\/static\/assets\/contentproviders\/flat\/sbs.png"},"tags":[],"seriesId":"6EBfsFV_3EqMK8x9C1vHew"},{"id":"4s1VBoiX8kK64bPnAKYEzQ","type":"Vod","title":"Border Security: Australi\u00eb","subtitle":"Aflevering 10","description":"Veronica - Een passagier heeft vuurwerk in de bagage. De immigratiedienst interviewt een Nieuw-Zeelandse man met een strafblad.","formattedEpisodeNumbering":null,"formattedDate":"Za 6 aug.","formattedDateShort":"Za 6 aug.","formattedTime":"19:31","formattedDuration":"0m","formattedAvailabilityWindow":null,"formattedAvailabilityWindowShort":null,"image":{"portraitUrl":null,"landscapeUrl":"https:\/\/images.nlziet.nl\/metadataimportimages\/source\/D631E1EF04E06B9523CFBA95729EA069F22A3F6142972D796014AB026DAD6CB2.jpg"},"logo":{"normalUrl":"https:\/\/cdn.nlziet.nl\/static\/assets\/contentproviders\/sbs.png","darkUrl":"https:\/\/cdn.nlziet.nl\/static\/assets\/contentproviders\/dark\/sbs.png","flatUrl":"https:\/\/cdn.nlziet.nl\/static\/assets\/contentproviders\/flat\/sbs.png"},"tags":[],"seriesId":"6EBfsFV_3EqMK8x9C1vHew"},{"id":"c1mxpOZf3kyLtcrbY2qMoQ","type":"Vod","title":"Border Security: Australi\u00eb","subtitle":"Aflevering 9","description":"Veronica - Een passagier overtreedt de vliegreisregels die zijn veranderd door terrorisme, als ze vuurwerk in hun bagage meenemen. De immigratiedienst interviewt een Nieuw-Zeelandse man met een strafblad.","formattedEpisodeNumbering":null,"formattedDate":"Za 30 jul.","formattedDateShort":"Za 30 jul.","formattedTime":"19:30","formattedDuration":"0m","formattedAvailabilityWindow":null,"formattedAvailabilityWindowShort":null,"image":{"portraitUrl":null,"landscapeUrl":"https:\/\/images.nlziet.nl\/metadataimportimages\/source\/2A37CD838818FCDCF0E00CE192A6A248E5B40DBBE69762C0B8120F46F44AA75F.jpg"},"logo":{"normalUrl":"https:\/\/cdn.nlziet.nl\/static\/assets\/contentproviders\/sbs.png","darkUrl":"https:\/\/cdn.nlziet.nl\/static\/assets\/contentproviders\/dark\/sbs.png","flatUrl":"https:\/\/cdn.nlziet.nl\/static\/assets\/contentproviders\/flat\/sbs.png"},"tags":[],"seriesId":"6EBfsFV_3EqMK8x9C1vHew"},{"id":"HRx13MrwW0eDnfuFD1geAw","type":"Vod","title":"Border Security: Australi\u00eb","subtitle":"Aflevering 8","description":"Veronica - De landsgrenzen worden voortdurend bedreigd. Of het nu gaat om drugssmokkel, illegale immigratie, infecties of het meenemen van verboden voorwerpen, de douaniers houden het allemaal in de gaten. Het gaat er soms heftig aan toe en de douaniers hebben er dan ook hun handen vol aan.","formattedEpisodeNumbering":null,"formattedDate":"Za 23 jul.","formattedDateShort":"Za 23 jul.","formattedTime":"19:30","formattedDuration":"0m","formattedAvailabilityWindow":null,"formattedAvailabilityWindowShort":null,"image":{"portraitUrl":null,"landscapeUrl":"https:\/\/images.nlziet.nl\/metadataimportimages\/source\/47561D483A081EF8C850F41DB7D59BA25F5A8356D7D4BAD1C2D9E8A905BB7F7B.jpg"},"logo":{"normalUrl":"https:\/\/cdn.nlziet.nl\/static\/assets\/contentproviders\/sbs.png","darkUrl":"https:\/\/cdn.nlziet.nl\/static\/assets\/contentproviders\/dark\/sbs.png","flatUrl":"https:\/\/cdn.nlziet.nl\/static\/assets\/contentproviders\/flat\/sbs.png"},"tags":[],"seriesId":"6EBfsFV_3EqMK8x9C1vHew"},{"id":"p6PaWDa7GkiUQM4emaXuRQ","type":"Vod","title":"Border Security: Australi\u00eb","subtitle":"Aflevering 2","description":"De landsgrenzen worden voortdurend bedreigd. Of het nu gaat om drugssmokkel, illegale immigratie, infecties of het meenemen van verboden voorwerpen, de douaniers houden het allemaal in de gaten. Het gaat er soms heftig aan toe en de douaniers hebben er dan ook hun handen vol aan.","formattedEpisodeNumbering":null,"formattedDate":"Za 25 jun.","formattedDateShort":"Za 25 jun.","formattedTime":"19:30","formattedDuration":"21m","formattedAvailabilityWindow":null,"formattedAvailabilityWindowShort":null,"image":{"portraitUrl":null,"landscapeUrl":"https:\/\/images.nlziet.nl\/metadataimportimages\/source\/67DF2D95335CF27952FC7D98FD8A36B7AE07B3F0BB252D4DA82C426DA61638B4.jpg"},"logo":{"normalUrl":"https:\/\/cdn.nlziet.nl\/static\/assets\/contentproviders\/sbs.png","darkUrl":"https:\/\/cdn.nlziet.nl\/static\/assets\/contentproviders\/dark\/sbs.png","flatUrl":"https:\/\/cdn.nlziet.nl\/static\/assets\/contentproviders\/flat\/sbs.png"},"tags":[],"seriesId":"6EBfsFV_3EqMK8x9C1vHew"},{"id":"3v2JUS0u9k2g6eDIs6VSgw","type":"Vod","title":"Border Security: Australi\u00eb","subtitle":"Aflevering 1","description":"De landsgrenzen worden voortdurend bedreigd. Of het nu gaat om drugssmokkel, illegale immigratie, infecties of het meenemen van verboden voorwerpen, de douaniers houden het allemaal in de gaten. Het gaat er soms heftig aan toe en de douaniers hebben er dan ook hun handen vol aan.","formattedEpisodeNumbering":null,"formattedDate":"Za 25 jun.","formattedDateShort":"Za 25 jun.","formattedTime":"19:00","formattedDuration":"22m","formattedAvailabilityWindow":null,"formattedAvailabilityWindowShort":null,"image":{"portraitUrl":null,"landscapeUrl":"https:\/\/images.nlziet.nl\/metadataimportimages\/source\/EC1991D7777E79000B02038A2DC2A95E1739A19FF65D9B4C012BC49CBEFF07AC.jpg"},"logo":{"normalUrl":"https:\/\/cdn.nlziet.nl\/static\/assets\/contentproviders\/sbs.png","darkUrl":"https:\/\/cdn.nlziet.nl\/static\/assets\/contentproviders\/dark\/sbs.png","flatUrl":"https:\/\/cdn.nlziet.nl\/static\/assets\/contentproviders\/flat\/sbs.png"},"tags":[],"seriesId":"6EBfsFV_3EqMK8x9C1vHew"},{"id":"MRkPUHFCeEKeVCa2SKZ3_w","type":"Vod","title":"Border Security: Australi\u00eb","subtitle":"Aflevering 1","description":"Veronica - Een telefoontje kan het lot veranderen voor een passagier die wanhopig in Australi\u00eb wil blijven. De douane onderzoekt een verdacht pakket uit India en vreemd gedrag van een Chinese student in Melbourne trekt de aandacht. De douane vraagt zich af of een passagier ze voor de gek houdt, wanneer hij ongewoon gedrag vertoont. Tijdens de zoektocht naar een illegale arbeider die zich verstopt in een moestuin ten westen van Sydney, worden immigratiebeambten geconfronteerd met onverwachte hindernissen. Agenten verdenken een passagier van drugsbezit, maar de situatie neemt een dramatische wending.","formattedEpisodeNumbering":null,"formattedDate":"Za 27 aug.","formattedDateShort":"Za 27 aug.","formattedTime":"19:02","formattedDuration":"43m","formattedAvailabilityWindow":null,"formattedAvailabilityWindowShort":null,"image":{"portraitUrl":null,"landscapeUrl":"https:\/\/images.nlziet.nl\/metadataimportimages\/source\/3419680DE249F93803A2E46B5046347583C482C075FCD49F6F55EBCB0DBF58D6.jpg"},"logo":{"normalUrl":"https:\/\/cdn.nlziet.nl\/static\/assets\/contentproviders\/sbs.png","darkUrl":"https:\/\/cdn.nlziet.nl\/static\/assets\/contentproviders\/dark\/sbs.png","flatUrl":"https:\/\/cdn.nlziet.nl\/static\/assets\/contentproviders\/flat\/sbs.png"},"tags":[],"seriesId":"6EBfsFV_3EqMK8x9C1vHew"}]