[{"id":"jXctBLNgLEe8S9Ao36Ia_A","type":"Vod","title":"NOS Journaal","subtitle":"NOS Journaal","description":"NOS - Met het laatste nieuws, gebeurtenissen van nationaal en internationaal belang en de weersverwachting voor vandaag.","formattedEpisodeNumbering":null,"formattedDate":"Do 10 mrt.","formattedDateShort":"Do 10 mrt.","formattedTime":"08:00","formattedDuration":"13m","formattedAvailabilityWindow":null,"formattedAvailabilityWindowShort":null,"image":{"portraitUrl":null,"landscapeUrl":"https:\/\/images.nlziet.nl\/metadataimportimages\/source\/657F06848A04043CEF5FC8F4EC91DEA3AA250A838402BDD02265DDBFC1580CE4.jpg"},"logo":{"normalUrl":"https:\/\/cdn.nlziet.nl\/static\/assets\/contentproviders\/npo.png","darkUrl":"https:\/\/cdn.nlziet.nl\/static\/assets\/contentproviders\/dark\/npo.png","flatUrl":"https:\/\/cdn.nlziet.nl\/static\/assets\/contentproviders\/flat\/npo.png"},"tags":[],"seriesId":"6pbrb5qCSEmKJooY61Bb_Q"}]