[{"id":"zE6vOEEGIE2GRNN76bGmpA","type":"Vod","title":"NOS Nieuwjaarsconcert","subtitle":"NOS Nieuwjaarsconcert","description":"NOS - Het traditionele Nieuwjaarsconcert van de Wiener Philharmoniker, met muziek van Johan Strauss en tijdgenoten, staat voor de derde keer onder leiding van dirigent Daniel Barenboim.","formattedEpisodeNumbering":null,"formattedDate":"Za 1 jan.","formattedDateShort":"Za 1 jan.","formattedTime":"11:15","formattedDuration":"2u 31m","formattedAvailabilityWindow":null,"formattedAvailabilityWindowShort":null,"image":{"portraitUrl":null,"landscapeUrl":"https:\/\/images.nlziet.nl\/metadataimportimages\/source\/5AE37C4C50065746EAEBB9B14CF5548BC2083C9F88E1452C83D218967D70E76D.jpg"},"logo":{"normalUrl":"https:\/\/cdn.nlziet.nl\/static\/assets\/contentproviders\/npo.png","darkUrl":"https:\/\/cdn.nlziet.nl\/static\/assets\/contentproviders\/dark\/npo.png","flatUrl":"https:\/\/cdn.nlziet.nl\/static\/assets\/contentproviders\/flat\/npo.png"},"tags":[],"seriesId":"4gdnC7XKyU-bZf159tXAVw"}]