[{"id":"S9eCkwK5Kk-1UXrtyWBiDg","type":"Vod","title":"Het Spaanse Leven","subtitle":"Afl. 5","description":"RTL4 - Programma over het feesteiland Ibiza. Stephanie Tency laat de diversiteit van deze magische bestemming zien. Ze gaat op een spirituele tour en toont de ongerepte natuur, maar er is ook aandacht voor de rijke en beroemde toeristen op een van meest vrije plekken ter wereld.","formattedEpisodeNumbering":null,"formattedDate":"Zo 26 dec. 2021","formattedDateShort":"Dec. 2021","formattedTime":"17:00","formattedDuration":"22m","formattedAvailabilityWindow":null,"formattedAvailabilityWindowShort":null,"image":{"portraitUrl":null,"landscapeUrl":"https:\/\/images.nlziet.nl\/metadataimportimages\/source\/3EEEC462E0691C689554E2B467A8E56D21C0ED59ADE1E1D4617A08604B6280A9.jpg"},"logo":{"normalUrl":"https:\/\/cdn.nlziet.nl\/static\/assets\/contentproviders\/rtl.png","darkUrl":"https:\/\/cdn.nlziet.nl\/static\/assets\/contentproviders\/dark\/rtl.png","flatUrl":"https:\/\/cdn.nlziet.nl\/static\/assets\/contentproviders\/flat\/rtl.png"},"tags":[],"seriesId":"5rh2bPGLS0CrcOKqPDv8hw"},{"id":"nS-Q4Sgkyk2BnYXo3NzMww","type":"Vod","title":"Het Spaanse Leven","subtitle":"Afl. 4","description":"RTL4 - Programma over het feesteiland Ibiza. Stephanie Tency laat de diversiteit van deze magische bestemming zien. Ze gaat op een spirituele tour en toont de ongerepte natuur, maar er is ook aandacht voor de rijke en beroemde toeristen op een van meest vrije plekken ter wereld.","formattedEpisodeNumbering":null,"formattedDate":"Zo 19 dec. 2021","formattedDateShort":"Dec. 2021","formattedTime":"17:00","formattedDuration":"22m","formattedAvailabilityWindow":null,"formattedAvailabilityWindowShort":null,"image":{"portraitUrl":null,"landscapeUrl":"https:\/\/images.nlziet.nl\/metadataimportimages\/source\/8B43F984E7C388E709240F3EF16AC31BBF2D44C9F1F21A02F8AB74F412D21D2E.jpg"},"logo":{"normalUrl":"https:\/\/cdn.nlziet.nl\/static\/assets\/contentproviders\/rtl.png","darkUrl":"https:\/\/cdn.nlziet.nl\/static\/assets\/contentproviders\/dark\/rtl.png","flatUrl":"https:\/\/cdn.nlziet.nl\/static\/assets\/contentproviders\/flat\/rtl.png"},"tags":[],"seriesId":"5rh2bPGLS0CrcOKqPDv8hw"},{"id":"lWGCfDhiWEqwjOsObRaJYQ","type":"Vod","title":"Het Spaanse Leven","subtitle":"Afl. 3","description":"RTL4 - Programma over het feesteiland Ibiza. Stephanie Tency laat de diversiteit van deze magische bestemming zien. Ze gaat op een spirituele tour en toont de ongerepte natuur, maar er is ook aandacht voor de rijke en beroemde toeristen op een van meest vrije plekken ter wereld.","formattedEpisodeNumbering":null,"formattedDate":"Zo 12 dec. 2021","formattedDateShort":"Dec. 2021","formattedTime":"17:00","formattedDuration":"22m","formattedAvailabilityWindow":null,"formattedAvailabilityWindowShort":null,"image":{"portraitUrl":null,"landscapeUrl":"https:\/\/images.nlziet.nl\/metadataimportimages\/source\/F0887CCEB3579E3B48F655F55F8DD322E698D27C41339D5A04C7763E9A496E87.jpg"},"logo":{"normalUrl":"https:\/\/cdn.nlziet.nl\/static\/assets\/contentproviders\/rtl.png","darkUrl":"https:\/\/cdn.nlziet.nl\/static\/assets\/contentproviders\/dark\/rtl.png","flatUrl":"https:\/\/cdn.nlziet.nl\/static\/assets\/contentproviders\/flat\/rtl.png"},"tags":[],"seriesId":"5rh2bPGLS0CrcOKqPDv8hw"},{"id":"S7Pqgc5Klki0GD-QXhGEMA","type":"Vod","title":"Het Spaanse Leven","subtitle":"Afl. 2","description":"RTL4 - Programma over het feesteiland Ibiza. Stephanie Tency laat de diversiteit van deze magische bestemming zien. Ze gaat op een spirituele tour en toont de ongerepte natuur, maar er is ook aandacht voor de rijke en beroemde toeristen op een van meest vrije plekken ter wereld.","formattedEpisodeNumbering":null,"formattedDate":"Za 15 jan.","formattedDateShort":"Za 15 jan.","formattedTime":"10:30","formattedDuration":"22m","formattedAvailabilityWindow":null,"formattedAvailabilityWindowShort":null,"image":{"portraitUrl":null,"landscapeUrl":"https:\/\/images.nlziet.nl\/metadataimportimages\/source\/55222D85B34441C41B6073EFB0C3A9CC03A3D73960136DA95A2CB599D206FD98.jpg"},"logo":{"normalUrl":"https:\/\/cdn.nlziet.nl\/static\/assets\/contentproviders\/rtl.png","darkUrl":"https:\/\/cdn.nlziet.nl\/static\/assets\/contentproviders\/dark\/rtl.png","flatUrl":"https:\/\/cdn.nlziet.nl\/static\/assets\/contentproviders\/flat\/rtl.png"},"tags":[],"seriesId":"5rh2bPGLS0CrcOKqPDv8hw"},{"id":"LLsFBwIi7E6tjFlxDau9Yg","type":"Vod","title":"Het Spaanse Leven","subtitle":"Afl. 1","description":"RTL4 - Programma over het feesteiland Ibiza. Stephanie Tency laat de diversiteit van deze magische bestemming zien. Ze gaat op een spirituele tour en toont de ongerepte natuur, maar er is ook aandacht voor de rijke en beroemde toeristen op een van meest vrije plekken ter wereld.","formattedEpisodeNumbering":null,"formattedDate":"Za 8 jan.","formattedDateShort":"Za 8 jan.","formattedTime":"10:30","formattedDuration":"21m","formattedAvailabilityWindow":null,"formattedAvailabilityWindowShort":null,"image":{"portraitUrl":null,"landscapeUrl":"https:\/\/images.nlziet.nl\/metadataimportimages\/source\/E489B3D10837BFCBA5537D7BF277CF283304843FAC4C0F0CB4525F1F2EDB22EE.jpg"},"logo":{"normalUrl":"https:\/\/cdn.nlziet.nl\/static\/assets\/contentproviders\/rtl.png","darkUrl":"https:\/\/cdn.nlziet.nl\/static\/assets\/contentproviders\/dark\/rtl.png","flatUrl":"https:\/\/cdn.nlziet.nl\/static\/assets\/contentproviders\/flat\/rtl.png"},"tags":[],"seriesId":"5rh2bPGLS0CrcOKqPDv8hw"}]