[{"id":"FkUgabXYGE2vjEqaMdT7tw","type":"Vod","title":"Postcode Loterij E\u00e9n Tegen 50","subtitle":"Afl. 9","description":"RTL4 - Coronaproof-versie van 'E\u00e9n tegen 100'. E\u00e9n kandidaat moet het opnemen tegen vijftig tegenkandidaten. Tijdens het programma wordt de straatprijs van de Postcode Loterij uitgereikt aan bewoners van een straat in Nederland.","formattedEpisodeNumbering":"S3:A9","formattedDate":"Zo 6 jun. 2021","formattedDateShort":"Jun. 2021","formattedTime":"20:10","formattedDuration":"58m","formattedAvailabilityWindow":"Nog 6 dagen beschikbaar","formattedAvailabilityWindowShort":"Nog 6 d. beschikbaar","image":{"portraitUrl":null,"landscapeUrl":"https:\/\/images.nlziet.nl\/metadataimportimages\/source\/95C3AB788EB2386FB6706E18D5032E93CC28B628B412154FD66A4D4766A9FF65.jpg"},"logo":{"normalUrl":"https:\/\/cdn.nlziet.nl\/static\/assets\/contentproviders\/rtl.png","darkUrl":"https:\/\/cdn.nlziet.nl\/static\/assets\/contentproviders\/dark\/rtl.png","flatUrl":"https:\/\/cdn.nlziet.nl\/static\/assets\/contentproviders\/flat\/rtl.png"},"tags":[],"seriesId":"75fghGQoskCCsWM-se9w6Q"},{"id":"5cDLYg_S3UaYa4antU9mgQ","type":"Vod","title":"Postcode Loterij E\u00e9n Tegen 50","subtitle":"Afl. 8","description":"RTL4 - Coronaproof-versie van 'E\u00e9n tegen 100'. E\u00e9n kandidaat moet het opnemen tegen vijftig tegenkandidaten. Tijdens het programma wordt de straatprijs van de Postcode Loterij uitgereikt aan bewoners van een straat in Nederland.","formattedEpisodeNumbering":"S3:A8","formattedDate":"Zo 30 mei. 2021","formattedDateShort":"Mei. 2021","formattedTime":"20:10","formattedDuration":"59m","formattedAvailabilityWindow":"Nog 6 dagen beschikbaar","formattedAvailabilityWindowShort":"Nog 6 d. beschikbaar","image":{"portraitUrl":null,"landscapeUrl":"https:\/\/images.nlziet.nl\/metadataimportimages\/source\/577D77C12FFB5B566C315EF8F63D8F2CD28A058F3961EB5B9CE46F31F317BC88.jpg"},"logo":{"normalUrl":"https:\/\/cdn.nlziet.nl\/static\/assets\/contentproviders\/rtl.png","darkUrl":"https:\/\/cdn.nlziet.nl\/static\/assets\/contentproviders\/dark\/rtl.png","flatUrl":"https:\/\/cdn.nlziet.nl\/static\/assets\/contentproviders\/flat\/rtl.png"},"tags":[],"seriesId":"75fghGQoskCCsWM-se9w6Q"},{"id":"7NlDEulr4E2zMeWUwY960w","type":"Vod","title":"Postcode Loterij E\u00e9n Tegen 50","subtitle":"Afl. 7","description":"RTL4 - Coronaproof-versie van 'E\u00e9n tegen 100'. E\u00e9n kandidaat moet het opnemen tegen vijftig tegenkandidaten. Tijdens het programma wordt de straatprijs van de Postcode Loterij uitgereikt aan bewoners van een straat in Nederland.","formattedEpisodeNumbering":"S3:A7","formattedDate":"Zo 23 mei. 2021","formattedDateShort":"Mei. 2021","formattedTime":"20:10","formattedDuration":"58m","formattedAvailabilityWindow":"Nog 6 dagen beschikbaar","formattedAvailabilityWindowShort":"Nog 6 d. beschikbaar","image":{"portraitUrl":null,"landscapeUrl":"https:\/\/images.nlziet.nl\/metadataimportimages\/source\/C670B39BEE5F5268423978B936126C338B96D7A4548971D24BC5579132B967ED.jpg"},"logo":{"normalUrl":"https:\/\/cdn.nlziet.nl\/static\/assets\/contentproviders\/rtl.png","darkUrl":"https:\/\/cdn.nlziet.nl\/static\/assets\/contentproviders\/dark\/rtl.png","flatUrl":"https:\/\/cdn.nlziet.nl\/static\/assets\/contentproviders\/flat\/rtl.png"},"tags":[],"seriesId":"75fghGQoskCCsWM-se9w6Q"},{"id":"zjZCVol4gkuKTNLWmaYLfA","type":"Vod","title":"Postcode Loterij E\u00e9n Tegen 50","subtitle":"Afl. 6","description":"RTL4 - Coronaproof-versie van 'E\u00e9n tegen 100'. E\u00e9n kandidaat moet het opnemen tegen vijftig tegenkandidaten. Tijdens het programma wordt de straatprijs van de Postcode Loterij uitgereikt aan bewoners van een straat in Nederland.","formattedEpisodeNumbering":"S3:A6","formattedDate":"Zo 16 mei. 2021","formattedDateShort":"Mei. 2021","formattedTime":"20:10","formattedDuration":"58m","formattedAvailabilityWindow":"Nog 6 dagen beschikbaar","formattedAvailabilityWindowShort":"Nog 6 d. beschikbaar","image":{"portraitUrl":null,"landscapeUrl":"https:\/\/images.nlziet.nl\/metadataimportimages\/source\/ECC5097081C0B7F5E8FE9B51C981E00019596043B4BFF80FA49B2D9C65BBB9EF.jpg"},"logo":{"normalUrl":"https:\/\/cdn.nlziet.nl\/static\/assets\/contentproviders\/rtl.png","darkUrl":"https:\/\/cdn.nlziet.nl\/static\/assets\/contentproviders\/dark\/rtl.png","flatUrl":"https:\/\/cdn.nlziet.nl\/static\/assets\/contentproviders\/flat\/rtl.png"},"tags":[],"seriesId":"75fghGQoskCCsWM-se9w6Q"},{"id":"z3VjayA6iEiifV--tb7wXg","type":"Vod","title":"Postcode Loterij E\u00e9n Tegen 50","subtitle":"Afl. 5","description":"RTL4 - Coronaproof-versie van 'E\u00e9n tegen 100'. E\u00e9n kandidaat moet het opnemen tegen vijftig tegenkandidaten. Tijdens het programma wordt de straatprijs van de Postcode Loterij uitgereikt aan bewoners van een straat in Nederland.","formattedEpisodeNumbering":"S3:A5","formattedDate":"Zo 9 mei. 2021","formattedDateShort":"Mei. 2021","formattedTime":"20:10","formattedDuration":"58m","formattedAvailabilityWindow":"Nog 6 dagen beschikbaar","formattedAvailabilityWindowShort":"Nog 6 d. beschikbaar","image":{"portraitUrl":null,"landscapeUrl":"https:\/\/images.nlziet.nl\/metadataimportimages\/source\/2449F14E23DAE080B549E2D992043544F1301DBC29BFE207E359AFCC0D4FF98C.jpg"},"logo":{"normalUrl":"https:\/\/cdn.nlziet.nl\/static\/assets\/contentproviders\/rtl.png","darkUrl":"https:\/\/cdn.nlziet.nl\/static\/assets\/contentproviders\/dark\/rtl.png","flatUrl":"https:\/\/cdn.nlziet.nl\/static\/assets\/contentproviders\/flat\/rtl.png"},"tags":[],"seriesId":"75fghGQoskCCsWM-se9w6Q"},{"id":"8uE6PUvTqkCDiLQMPsqcCA","type":"Vod","title":"Postcode Loterij E\u00e9n Tegen 50","subtitle":"Afl. 4","description":"RTL4 - Coronaproof-versie van 'E\u00e9n tegen 100'. E\u00e9n kandidaat moet het opnemen tegen vijftig tegenkandidaten. Tijdens het programma wordt de straatprijs van de Postcode Loterij uitgereikt aan bewoners van een straat in Nederland.","formattedEpisodeNumbering":"S3:A4","formattedDate":"Zo 2 mei. 2021","formattedDateShort":"Mei. 2021","formattedTime":"20:10","formattedDuration":"59m","formattedAvailabilityWindow":"Nog 6 dagen beschikbaar","formattedAvailabilityWindowShort":"Nog 6 d. beschikbaar","image":{"portraitUrl":null,"landscapeUrl":"https:\/\/images.nlziet.nl\/metadataimportimages\/source\/C40B8DCCB7197ED74304679CA5BD833919AD3CA4F2E6ED180F586F4505F863B9.jpg"},"logo":{"normalUrl":"https:\/\/cdn.nlziet.nl\/static\/assets\/contentproviders\/rtl.png","darkUrl":"https:\/\/cdn.nlziet.nl\/static\/assets\/contentproviders\/dark\/rtl.png","flatUrl":"https:\/\/cdn.nlziet.nl\/static\/assets\/contentproviders\/flat\/rtl.png"},"tags":[],"seriesId":"75fghGQoskCCsWM-se9w6Q"},{"id":"Jyrj7Bw-JEiY7NYLVhQa-A","type":"Vod","title":"Postcode Loterij E\u00e9n Tegen 50","subtitle":"Afl. 3","description":"RTL4 - Coronaproof-versie van 'E\u00e9n tegen 100'. E\u00e9n kandidaat moet het opnemen tegen vijftig tegenkandidaten. Tijdens het programma wordt de straatprijs van de Postcode Loterij uitgereikt aan bewoners van een straat in Nederland.","formattedEpisodeNumbering":"S3:A3","formattedDate":"Zo 25 apr. 2021","formattedDateShort":"Apr. 2021","formattedTime":"20:10","formattedDuration":"59m","formattedAvailabilityWindow":"Nog 6 dagen beschikbaar","formattedAvailabilityWindowShort":"Nog 6 d. beschikbaar","image":{"portraitUrl":null,"landscapeUrl":"https:\/\/images.nlziet.nl\/metadataimportimages\/source\/19B09671D7D1F68850283EED2EF89AE50A4017B6F81F7E78BD7D5F81F74A400A.jpg"},"logo":{"normalUrl":"https:\/\/cdn.nlziet.nl\/static\/assets\/contentproviders\/rtl.png","darkUrl":"https:\/\/cdn.nlziet.nl\/static\/assets\/contentproviders\/dark\/rtl.png","flatUrl":"https:\/\/cdn.nlziet.nl\/static\/assets\/contentproviders\/flat\/rtl.png"},"tags":[],"seriesId":"75fghGQoskCCsWM-se9w6Q"},{"id":"BlHCRKJ7Ykq2AT5efFUFgQ","type":"Vod","title":"Postcode Loterij E\u00e9n Tegen 50","subtitle":"Afl. 2","description":"RTL4 - Coronaproof-versie van 'E\u00e9n tegen 100'. E\u00e9n kandidaat moet het opnemen tegen vijftig tegenkandidaten. Tijdens het programma wordt de straatprijs van de Postcode Loterij uitgereikt aan bewoners van een straat in Nederland.","formattedEpisodeNumbering":"S3:A2","formattedDate":"Zo 18 apr. 2021","formattedDateShort":"Apr. 2021","formattedTime":"20:10","formattedDuration":"59m","formattedAvailabilityWindow":"Nog 6 dagen beschikbaar","formattedAvailabilityWindowShort":"Nog 6 d. beschikbaar","image":{"portraitUrl":null,"landscapeUrl":"https:\/\/images.nlziet.nl\/metadataimportimages\/source\/FC28017FED4F9E79215462B49E496DA505CD560C61265ABCCFF2FD44B8BB77FE.jpg"},"logo":{"normalUrl":"https:\/\/cdn.nlziet.nl\/static\/assets\/contentproviders\/rtl.png","darkUrl":"https:\/\/cdn.nlziet.nl\/static\/assets\/contentproviders\/dark\/rtl.png","flatUrl":"https:\/\/cdn.nlziet.nl\/static\/assets\/contentproviders\/flat\/rtl.png"},"tags":[],"seriesId":"75fghGQoskCCsWM-se9w6Q"},{"id":"StuQ4Mj9Qk2wbnLUQGNUug","type":"Vod","title":"Postcode Loterij E\u00e9n Tegen 50","subtitle":"Afl. 1","description":"RTL4 - Coronaproof-versie van 'E\u00e9n tegen 100'. E\u00e9n kandidaat moet het opnemen tegen vijftig tegenkandidaten. Tijdens het programma wordt de straatprijs van de Postcode Loterij uitgereikt aan bewoners van een straat in Nederland.","formattedEpisodeNumbering":"S3:A1","formattedDate":"Zo 11 apr. 2021","formattedDateShort":"Apr. 2021","formattedTime":"20:10","formattedDuration":"59m","formattedAvailabilityWindow":"Nog 6 dagen beschikbaar","formattedAvailabilityWindowShort":"Nog 6 d. beschikbaar","image":{"portraitUrl":null,"landscapeUrl":"https:\/\/images.nlziet.nl\/metadataimportimages\/source\/D5B53666EB7A5F066FB68F956BC7EEC2BF1855045A5495F40DDEA0CDF586ECAD.jpg"},"logo":{"normalUrl":"https:\/\/cdn.nlziet.nl\/static\/assets\/contentproviders\/rtl.png","darkUrl":"https:\/\/cdn.nlziet.nl\/static\/assets\/contentproviders\/dark\/rtl.png","flatUrl":"https:\/\/cdn.nlziet.nl\/static\/assets\/contentproviders\/flat\/rtl.png"},"tags":[],"seriesId":"75fghGQoskCCsWM-se9w6Q"}]