[{"id":"zHPeDQU2y0K_PuNepaX0KQ","type":"Vod","title":"De Bouw Van Het Ultieme","subtitle":"Afl. 6","description":"RTLZ - Zesdelige documentaireserie waarin in de technologie wordt gedoken die komt kijken bij de bouw van een aantal moderne constructies en machines. Digitale animaties en interviews met vooraanstaande ingenieurs geven een kijkje in de toekomst van engineering.","formattedEpisodeNumbering":null,"formattedDate":"Do 6 jan.","formattedDateShort":"Do 6 jan.","formattedTime":"22:25","formattedDuration":"47m","formattedAvailabilityWindow":null,"formattedAvailabilityWindowShort":null,"image":{"portraitUrl":null,"landscapeUrl":"https:\/\/images.nlziet.nl\/metadataimportimages\/source\/9FD28EB6C5218EA7AC6C4936E1F6125D194B7C020DB07AC9F9C06D24BFB9623F.jpg"},"logo":{"normalUrl":"https:\/\/cdn.nlziet.nl\/static\/assets\/contentproviders\/rtl.png","darkUrl":"https:\/\/cdn.nlziet.nl\/static\/assets\/contentproviders\/dark\/rtl.png","flatUrl":"https:\/\/cdn.nlziet.nl\/static\/assets\/contentproviders\/flat\/rtl.png"},"tags":[],"seriesId":"5x5C6Xa740Cp124iAMPkOw"},{"id":"M1nanpoiFU-kED33dIiZtA","type":"Vod","title":"De Bouw Van Het Ultieme","subtitle":"Afl. 5","description":"RTLZ - Zesdelige documentaireserie waarin in de technologie wordt gedoken die komt kijken bij de bouw van een aantal moderne constructies en machines. Digitale animaties en interviews met vooraanstaande ingenieurs geven een kijkje in de toekomst van engineering.","formattedEpisodeNumbering":null,"formattedDate":"Do 6 jan.","formattedDateShort":"Do 6 jan.","formattedTime":"21:30","formattedDuration":"47m","formattedAvailabilityWindow":null,"formattedAvailabilityWindowShort":null,"image":{"portraitUrl":null,"landscapeUrl":"https:\/\/images.nlziet.nl\/metadataimportimages\/source\/B2DF32B71ABAA8E48F1EA60B11B27963C0ADABB81452BEAB9F944C14E6835403.jpg"},"logo":{"normalUrl":"https:\/\/cdn.nlziet.nl\/static\/assets\/contentproviders\/rtl.png","darkUrl":"https:\/\/cdn.nlziet.nl\/static\/assets\/contentproviders\/dark\/rtl.png","flatUrl":"https:\/\/cdn.nlziet.nl\/static\/assets\/contentproviders\/flat\/rtl.png"},"tags":[],"seriesId":"5x5C6Xa740Cp124iAMPkOw"},{"id":"Ooqjtf52WUeTPKHsHDxgog","type":"Vod","title":"De Bouw Van Het Ultieme","subtitle":"Afl. 4","description":"RTLZ - Zesdelige documentaireserie waarin in de technologie wordt gedoken die komt kijken bij de bouw van een aantal moderne constructies en machines. Digitale animaties en interviews met vooraanstaande ingenieurs geven een kijkje in de toekomst van engineering.","formattedEpisodeNumbering":null,"formattedDate":"Do 6 jan.","formattedDateShort":"Do 6 jan.","formattedTime":"20:30","formattedDuration":"47m","formattedAvailabilityWindow":null,"formattedAvailabilityWindowShort":null,"image":{"portraitUrl":null,"landscapeUrl":"https:\/\/images.nlziet.nl\/metadataimportimages\/source\/4E9F9B87A878B31A5842C903708594556F1BB08AAE25C6D2CB6A701FF4A03797.jpg"},"logo":{"normalUrl":"https:\/\/cdn.nlziet.nl\/static\/assets\/contentproviders\/rtl.png","darkUrl":"https:\/\/cdn.nlziet.nl\/static\/assets\/contentproviders\/dark\/rtl.png","flatUrl":"https:\/\/cdn.nlziet.nl\/static\/assets\/contentproviders\/flat\/rtl.png"},"tags":[],"seriesId":"5x5C6Xa740Cp124iAMPkOw"},{"id":"Amg4-1n_wUai2_Lf_gpm8g","type":"Vod","title":"De Bouw Van Het Ultieme","subtitle":"Afl. 3","description":"RTLZ - Zesdelige documentaireserie waarin in de technologie wordt gedoken die komt kijken bij de bouw van een aantal moderne constructies en machines. Digitale animaties en interviews met vooraanstaande ingenieurs geven een kijkje in de toekomst van engineering.","formattedEpisodeNumbering":null,"formattedDate":"Do 30 dec. 2021","formattedDateShort":"Dec. 2021","formattedTime":"22:25","formattedDuration":"47m","formattedAvailabilityWindow":null,"formattedAvailabilityWindowShort":null,"image":{"portraitUrl":null,"landscapeUrl":"https:\/\/images.nlziet.nl\/metadataimportimages\/source\/821327E798FA5CC78B1305A18CC30AC4B3ED4EAE4CD9A41352738329CBAE455D.jpg"},"logo":{"normalUrl":"https:\/\/cdn.nlziet.nl\/static\/assets\/contentproviders\/rtl.png","darkUrl":"https:\/\/cdn.nlziet.nl\/static\/assets\/contentproviders\/dark\/rtl.png","flatUrl":"https:\/\/cdn.nlziet.nl\/static\/assets\/contentproviders\/flat\/rtl.png"},"tags":[],"seriesId":"5x5C6Xa740Cp124iAMPkOw"},{"id":"Wu-P2Yt0IEWmfxCyDw0HBQ","type":"Vod","title":"De Bouw Van Het Ultieme","subtitle":"Afl. 2","description":"RTLZ - Zesdelige documentaireserie waarin in de technologie wordt gedoken die komt kijken bij de bouw van een aantal moderne constructies en machines. Digitale animaties en interviews met vooraanstaande ingenieurs geven een kijkje in de toekomst van engineering.","formattedEpisodeNumbering":null,"formattedDate":"Do 30 dec. 2021","formattedDateShort":"Dec. 2021","formattedTime":"21:25","formattedDuration":"47m","formattedAvailabilityWindow":null,"formattedAvailabilityWindowShort":null,"image":{"portraitUrl":null,"landscapeUrl":"https:\/\/images.nlziet.nl\/metadataimportimages\/source\/97FCFD2D966FC8B03F10EACB3D247F38FE7D25F00B519210E4545A8D391EDF4D.jpg"},"logo":{"normalUrl":"https:\/\/cdn.nlziet.nl\/static\/assets\/contentproviders\/rtl.png","darkUrl":"https:\/\/cdn.nlziet.nl\/static\/assets\/contentproviders\/dark\/rtl.png","flatUrl":"https:\/\/cdn.nlziet.nl\/static\/assets\/contentproviders\/flat\/rtl.png"},"tags":[],"seriesId":"5x5C6Xa740Cp124iAMPkOw"},{"id":"ZnIiI3oSm0SyILiCQXJPPw","type":"Vod","title":"De Bouw Van Het Ultieme","subtitle":"Afl. 1","description":"RTLZ - Zesdelige documentaireserie waarin in de technologie wordt gedoken die komt kijken bij de bouw van een aantal moderne constructies en machines. Digitale animaties en interviews met vooraanstaande ingenieurs geven een kijkje in de toekomst van engineering.","formattedEpisodeNumbering":null,"formattedDate":"Do 30 dec. 2021","formattedDateShort":"Dec. 2021","formattedTime":"20:30","formattedDuration":"47m","formattedAvailabilityWindow":null,"formattedAvailabilityWindowShort":null,"image":{"portraitUrl":null,"landscapeUrl":"https:\/\/images.nlziet.nl\/metadataimportimages\/source\/93D89A90ACE0327493FD1171348924EA3BC49CB3505F5EEF9801946D5F9FCD7E.jpg"},"logo":{"normalUrl":"https:\/\/cdn.nlziet.nl\/static\/assets\/contentproviders\/rtl.png","darkUrl":"https:\/\/cdn.nlziet.nl\/static\/assets\/contentproviders\/dark\/rtl.png","flatUrl":"https:\/\/cdn.nlziet.nl\/static\/assets\/contentproviders\/flat\/rtl.png"},"tags":[],"seriesId":"5x5C6Xa740Cp124iAMPkOw"}]