[{"id":"o-rHWamZhUi45KJ4PrRy1Q","type":"Vod","title":"NOS WK-kwalificatie Voetbal","subtitle":"NOS WK-kwalificatie Voetbal","description":"NOS - Nabeschouwing van de WK-kwalificatiewedstrijd Luxemburg - Nederland in Stade Josy Barthel.","formattedEpisodeNumbering":null,"formattedDate":"Zo 13 nov. 2016","formattedDateShort":"Nov. 2016","formattedTime":"20:20","formattedDuration":"32m","formattedAvailabilityWindow":null,"formattedAvailabilityWindowShort":null,"image":{"portraitUrl":null,"landscapeUrl":"https:\/\/images.nlziet.nl\/metadataimportimages\/source\/C321F37D38265B3FC3538BEE85296CBA08D68EDAEF090520434596BF678854E6.jpg"},"logo":{"normalUrl":"https:\/\/cdn.nlziet.nl\/static\/assets\/contentproviders\/npo.png","darkUrl":"https:\/\/cdn.nlziet.nl\/static\/assets\/contentproviders\/dark\/npo.png","flatUrl":"https:\/\/cdn.nlziet.nl\/static\/assets\/contentproviders\/flat\/npo.png"},"tags":[],"seriesId":"5Ys7Jwg3_EKAiS07ctyJhw"},{"id":"Do2DKv6ncECCTLw_c22Fig","type":"Vod","title":"NOS WK-kwalificatie Voetbal","subtitle":"NOS WK-kwalificatie Voetbal","description":"NOS - Nabeschouwing van het WK-kwalificatiewedstrijd Nederland - Frankrijk in de Amsterdam Arena.","formattedEpisodeNumbering":null,"formattedDate":"Ma 10 okt. 2016","formattedDateShort":"Okt. 2016","formattedTime":"22:45","formattedDuration":"20m","formattedAvailabilityWindow":null,"formattedAvailabilityWindowShort":null,"image":{"portraitUrl":null,"landscapeUrl":"https:\/\/images.nlziet.nl\/metadataimportimages\/source\/1B849335534CAD812C64DC437412FAD52E003B9AD808994C0D7DD69F325F587E.jpg"},"logo":{"normalUrl":"https:\/\/cdn.nlziet.nl\/static\/assets\/contentproviders\/npo.png","darkUrl":"https:\/\/cdn.nlziet.nl\/static\/assets\/contentproviders\/dark\/npo.png","flatUrl":"https:\/\/cdn.nlziet.nl\/static\/assets\/contentproviders\/flat\/npo.png"},"tags":[],"seriesId":"5Ys7Jwg3_EKAiS07ctyJhw"},{"id":"anLyrGRMKU--TBPsJp8F1g","type":"Vod","title":"NOS WK-kwalificatie Voetbal","subtitle":"NOS WK-kwalificatie Voetbal","description":"NOS - Wedstrijdanalyse van het WK-kwalificatieduel Nederland - Wit-Rusland in de Kuip in Rotterdam","formattedEpisodeNumbering":null,"formattedDate":"Vr 7 okt. 2016","formattedDateShort":"Okt. 2016","formattedTime":"22:35","formattedDuration":"23m","formattedAvailabilityWindow":null,"formattedAvailabilityWindowShort":null,"image":{"portraitUrl":null,"landscapeUrl":"https:\/\/images.nlziet.nl\/metadataimportimages\/source\/769F47BB648279867FDA5845ACDA126021EAF5CD7E6F2B27416DA5412E71058B.jpg"},"logo":{"normalUrl":"https:\/\/cdn.nlziet.nl\/static\/assets\/contentproviders\/npo.png","darkUrl":"https:\/\/cdn.nlziet.nl\/static\/assets\/contentproviders\/dark\/npo.png","flatUrl":"https:\/\/cdn.nlziet.nl\/static\/assets\/contentproviders\/flat\/npo.png"},"tags":[],"seriesId":"5Ys7Jwg3_EKAiS07ctyJhw"},{"id":"GlkcqqOCBU6wV5s4k1irzA","type":"Vod","title":"NOS WK-kwalificatie Voetbal","subtitle":"NOS WK-kwalificatie Voetbal","description":"NOS - Nabeschouwing van het WK-kwalificatieduel Zweden - Nederland. Met analyses van Youri Mulder en Pierre van Hooijdonk.","formattedEpisodeNumbering":null,"formattedDate":"Di 6 sep. 2016","formattedDateShort":"Sep. 2016","formattedTime":"22:40","formattedDuration":"20m","formattedAvailabilityWindow":null,"formattedAvailabilityWindowShort":null,"image":{"portraitUrl":null,"landscapeUrl":"https:\/\/images.nlziet.nl\/metadataimportimages\/source\/52E2433C00CD4FB511CA8164D21037B1BADDC81A1033923FAE4C7DA5C8359BE6.jpg"},"logo":{"normalUrl":"https:\/\/cdn.nlziet.nl\/static\/assets\/contentproviders\/npo.png","darkUrl":"https:\/\/cdn.nlziet.nl\/static\/assets\/contentproviders\/dark\/npo.png","flatUrl":"https:\/\/cdn.nlziet.nl\/static\/assets\/contentproviders\/flat\/npo.png"},"tags":[],"seriesId":"5Ys7Jwg3_EKAiS07ctyJhw"}]