[{"id":"iwUwvIPyf02h3ijN5-pTTw","type":"Vod","title":"Ambulance UK","subtitle":"Afl. 8","description":"RTL5 - Britse realityserie over een Engelse ambulancedienst. Zowel de medewerkers van de hectische meldkamer als de ambulancediensten op straat worden op de voet gevolgd.","formattedEpisodeNumbering":null,"formattedDate":"Vr 25 feb.","formattedDateShort":"Vr 25 feb.","formattedTime":"23:55","formattedDuration":"43m","formattedAvailabilityWindow":"Vandaag nog beschikbaar","formattedAvailabilityWindowShort":"Nog 1 d. beschikbaar","image":{"portraitUrl":null,"landscapeUrl":"https:\/\/images.nlziet.nl\/metadataimportimages\/source\/39E30E539284E5257DA766E201402C6EEF037B8DBA142A58088A4FE54E09D0D0.jpg"},"logo":{"normalUrl":"https:\/\/cdn.nlziet.nl\/static\/assets\/contentproviders\/rtl.png","darkUrl":"https:\/\/cdn.nlziet.nl\/static\/assets\/contentproviders\/dark\/rtl.png","flatUrl":"https:\/\/cdn.nlziet.nl\/static\/assets\/contentproviders\/flat\/rtl.png"},"tags":[],"seriesId":"6xUGPtvFHE2E7juM6r4QgQ"}]