[{"id":"QPHfnvWdW0Gtxqexlli0QQ","type":"Vod","title":"NOS WK-kwalificatie Voetbal","subtitle":"NOS WK-kwalificatie Voetbal","description":"NOS - Nabeschouwing van de WK-kwalificatiewedstrijd Nederland - Zweden in de Amsterdam ArenA.","formattedEpisodeNumbering":null,"formattedDate":"Di 10 okt. 2017","formattedDateShort":"Okt. 2017","formattedTime":"22:55","formattedDuration":"18m","formattedAvailabilityWindow":null,"formattedAvailabilityWindowShort":null,"image":{"portraitUrl":null,"landscapeUrl":"https:\/\/images.nlziet.nl\/metadataimportimages\/source\/C0567185E76127BE661340A25856388B357CF255470E8206E8D3327E954182FC.jpg"},"logo":{"normalUrl":"https:\/\/cdn.nlziet.nl\/static\/assets\/contentproviders\/npo.png","darkUrl":"https:\/\/cdn.nlziet.nl\/static\/assets\/contentproviders\/dark\/npo.png","flatUrl":"https:\/\/cdn.nlziet.nl\/static\/assets\/contentproviders\/flat\/npo.png"},"tags":[],"seriesId":"5Ys7Jwg3_EKAiS07ctyJhw"},{"id":"J-5_M5dDBEOUCi08o3zQrA","type":"Vod","title":"NOS WK-kwalificatie Voetbal","subtitle":"Nabeschouwing Wit-Rusland - Nederland","description":"NOS - Nabeschouwing van de WK-kwalificatiewedstrijd Wit-Rusland - Nederland in Borisov Arena.","formattedEpisodeNumbering":null,"formattedDate":"Za 7 okt. 2017","formattedDateShort":"Okt. 2017","formattedTime":"22:50","formattedDuration":"16m","formattedAvailabilityWindow":null,"formattedAvailabilityWindowShort":null,"image":{"portraitUrl":null,"landscapeUrl":"https:\/\/images.nlziet.nl\/metadataimportimages\/source\/D2BAC6A396A75DC5EE171B10F7A9696DD6174556CEB03C486533CD7945FA0DEC.jpg"},"logo":{"normalUrl":"https:\/\/cdn.nlziet.nl\/static\/assets\/contentproviders\/npo.png","darkUrl":"https:\/\/cdn.nlziet.nl\/static\/assets\/contentproviders\/dark\/npo.png","flatUrl":"https:\/\/cdn.nlziet.nl\/static\/assets\/contentproviders\/flat\/npo.png"},"tags":[],"seriesId":"5Ys7Jwg3_EKAiS07ctyJhw"},{"id":"JabP20ZwaU23_hj-pJhXlg","type":"Vod","title":"NOS WK-kwalificatie Voetbal","subtitle":"NOS WK-kwalificatie Voetbal","description":"NOS - Nabeschouwing van het WK-kwalificatiewedstrijd Nederland - Bulgarij\u00eb in Amsterdam ArenA, Amsterdam.","formattedEpisodeNumbering":null,"formattedDate":"Zo 3 sep. 2017","formattedDateShort":"Sep. 2017","formattedTime":"20:25","formattedDuration":"28m","formattedAvailabilityWindow":null,"formattedAvailabilityWindowShort":null,"image":{"portraitUrl":null,"landscapeUrl":"https:\/\/images.nlziet.nl\/metadataimportimages\/source\/7BB0482E616DBAAEE7655C6AC7E1421CD83CCEA4AF2D308A6E33AADEE8B19B95.jpg"},"logo":{"normalUrl":"https:\/\/cdn.nlziet.nl\/static\/assets\/contentproviders\/npo.png","darkUrl":"https:\/\/cdn.nlziet.nl\/static\/assets\/contentproviders\/dark\/npo.png","flatUrl":"https:\/\/cdn.nlziet.nl\/static\/assets\/contentproviders\/flat\/npo.png"},"tags":[],"seriesId":"5Ys7Jwg3_EKAiS07ctyJhw"},{"id":"-dH1Zi2-KUqlR0oJiW6_Pw","type":"Vod","title":"NOS WK-kwalificatie Voetbal","subtitle":"NOS WK-kwalificatie Voetbal","description":"NOS - Nabeschouwing van de WK-kwalificatiewedstrijd Frankrijk - Nederland in Stade de France, Paris Saint-Denis.","formattedEpisodeNumbering":null,"formattedDate":"Do 31 aug. 2017","formattedDateShort":"Aug. 2017","formattedTime":"22:45","formattedDuration":"24m","formattedAvailabilityWindow":null,"formattedAvailabilityWindowShort":null,"image":{"portraitUrl":null,"landscapeUrl":"https:\/\/images.nlziet.nl\/metadataimportimages\/source\/50795E44A84862A966CA2C3ED5CC7F6E7580A5DB1AFF12B1C593F4ECB1BD2BB2.jpg"},"logo":{"normalUrl":"https:\/\/cdn.nlziet.nl\/static\/assets\/contentproviders\/npo.png","darkUrl":"https:\/\/cdn.nlziet.nl\/static\/assets\/contentproviders\/dark\/npo.png","flatUrl":"https:\/\/cdn.nlziet.nl\/static\/assets\/contentproviders\/flat\/npo.png"},"tags":[],"seriesId":"5Ys7Jwg3_EKAiS07ctyJhw"},{"id":"sUwfC8zQQEiDYZoFmOQwVA","type":"Vod","title":"NOS WK-kwalificatie Voetbal","subtitle":"NOS WK-kwalificatie Voetbal","description":"NOS - Nabeschouwing van het WK-kwalificatiewedstrijd Nederland - Luxemburg in De Kuip, Rotterdam.","formattedEpisodeNumbering":null,"formattedDate":"Vr 9 jun. 2017","formattedDateShort":"Jun. 2017","formattedTime":"22:40","formattedDuration":"26m","formattedAvailabilityWindow":null,"formattedAvailabilityWindowShort":null,"image":{"portraitUrl":null,"landscapeUrl":"https:\/\/images.nlziet.nl\/metadataimportimages\/source\/1DA4370DEC092FBF657385F020ACE4B12F2DEB20A30C8B7127400115C8A8E92E.jpg"},"logo":{"normalUrl":"https:\/\/cdn.nlziet.nl\/static\/assets\/contentproviders\/npo.png","darkUrl":"https:\/\/cdn.nlziet.nl\/static\/assets\/contentproviders\/dark\/npo.png","flatUrl":"https:\/\/cdn.nlziet.nl\/static\/assets\/contentproviders\/flat\/npo.png"},"tags":[],"seriesId":"5Ys7Jwg3_EKAiS07ctyJhw"},{"id":"PAxNWO1NukGi1JkiaUU4AQ","type":"Vod","title":"NOS WK-kwalificatie Voetbal","subtitle":"Nabeschouwing Bulgarije - Nederland","description":"NOS - Nabeschouwing van de WK-kwalificatiewedstrijd Bulgarije - Nederland in het Natsionalen Stadion Vasil Levski.","formattedEpisodeNumbering":null,"formattedDate":"Za 25 mrt. 2017","formattedDateShort":"Mrt. 2017","formattedTime":"22:40","formattedDuration":"17m","formattedAvailabilityWindow":null,"formattedAvailabilityWindowShort":null,"image":{"portraitUrl":null,"landscapeUrl":"https:\/\/images.nlziet.nl\/metadataimportimages\/source\/68B13605F5DF363E2421BE6EB87769F3D2AE0D57FF0129C177B7342950C26FB0.jpg"},"logo":{"normalUrl":"https:\/\/cdn.nlziet.nl\/static\/assets\/contentproviders\/npo.png","darkUrl":"https:\/\/cdn.nlziet.nl\/static\/assets\/contentproviders\/dark\/npo.png","flatUrl":"https:\/\/cdn.nlziet.nl\/static\/assets\/contentproviders\/flat\/npo.png"},"tags":[],"seriesId":"5Ys7Jwg3_EKAiS07ctyJhw"}]