<programme channel="lgi-be-prod-master:penthousehd1" start="20211226230100 +0000" stop="20211227004400 +0000" catchup-id="crid:~~2F~~2Ftelenet.be~~2Fe85fdc28-34f6-4389-8385-a1d14351a451,imi:2eb9544395ac5de4bbd6bf360dad5b4b4cc4608d"><title>Mommy and Me Have a Secret</title><date>2019</date><icon src="https://staticqbr-be-prod.tnprod.cdn.dmdsdp.com/image-service/ImagesEPG/EventImages/b91__049__b910491e-72a0-4f1e-9aea-6be5f4f2ff41__B105936402.jpg"></icon><desc>College student, Oliver Flynn, drives four hours to not just see his pop, but his Russian bride or new step-mom, Crystal Rush, who's ready to stuff Flynn's cock in her mouth making a mess in the living room.</desc><category>Entertainment, Erotiek</category></programme><programme channel="lgi-be-prod-master:penthousehd1" start="20211227004400 +0000" stop="20211227010000 +0000" catchup-id="crid:~~2F~~2Ftelenet.be~~2F35264091-5e5d-4e1a-bfb2-c1ad6a533525,imi:ace75ab29615702ea468c1436418157cfbb3a4db"><title>The Deceiver</title><date>2017</date><icon src="https://staticqbr-be-prod.tnprod.cdn.dmdsdp.com/image-service/ImagesEPG/EventImages/b91__049__b910491e-72a0-4f1e-9aea-6be5f4f2ff41__B105936402.jpg"></icon><desc>The mysterious man even reached the small town?s mayor (Lutro).  This time he brought no box, but blackmail papers instead!  Choosing the smaller wrong the mayor seduces his assistant, Ornella (Morgan)!</desc><category>Entertainment, Erotiek</category></programme><programme channel="lgi-be-prod-master:penthousehd1" start="20211227010000 +0000" stop="20211227025500 +0000" catchup-id="crid:~~2F~~2Ftelenet.be~~2F2c2b9a15-91c5-4bdb-a598-4c297914d3e6,imi:5a73ca49d09ca9b672b5531ec47d3f868b4884f6"><title>Penthouse Pets' Dirty Desires</title><date>2018</date><icon src="https://staticqbr-be-prod.tnprod.cdn.dmdsdp.com/image-service/ImagesEPG/EventImages/b91__049__b910491e-72a0-4f1e-9aea-6be5f4f2ff41__B105936402.jpg"></icon><desc>Lena Anderson is strapped outside waiting for her ginger lover, Sabina Rouge, to cum and release her to do some naughty role-playing.</desc><category>Entertainment, Erotiek</category></programme><programme channel="lgi-be-prod-master:penthousehd1" start="20211227025500 +0000" stop="20211227030000 +0000" catchup-id="crid:~~2F~~2Ftelenet.be~~2F146edd2d-2749-4d71-a64f-6bb86c39518b,imi:60b824af39720b4db1e8d0e9309d2f0a6222dce1"><title>Between The Sheets 5</title><date></date><icon src="https://staticqbr-be-prod.tnprod.cdn.dmdsdp.com/image-service/ImagesEPG/EventImages/b91__049__b910491e-72a0-4f1e-9aea-6be5f4f2ff41__B105936402.jpg"></icon><desc>Alexis gets excited as she gets to reveal some of her secrets to the camera on what goes on in between takes.</desc><category>Entertainment, Erotiek</category></programme><programme channel="lgi-be-prod-master:penthousehd1" start="20211227030000 +0000" stop="20211227044800 +0000" catchup-id="crid:~~2F~~2Ftelenet.be~~2Fb8c99c39-e684-49c6-8d61-9d8a77384e3f,imi:c661a108352915689596309c31787b9e5bc541d8"><title>The Fetish Spa</title><date>2019</date><icon src="https://staticqbr-be-prod.tnprod.cdn.dmdsdp.com/image-service/ImagesEPG/EventImages/b91__049__b910491e-72a0-4f1e-9aea-6be5f4f2ff41__B105936402.jpg"></icon><desc>The Fetish Spa is a place you only dare take yourself to if you are looking for nasty things outside of ordinary bedroom escapades. Like hot girls dressed in latex getting it on with not only guys but also other girls! Nasty!</desc><category>Entertainment, Erotiek</category></programme><programme channel="lgi-be-prod-master:penthousehd1" start="20211227044800 +0000" stop="20211227050000 +0000" catchup-id="crid:~~2F~~2Ftelenet.be~~2F112365ec-9021-4c12-affb-cd2082cc86ad,imi:066e9e0a9aa55d8e9fe96a49de0c40a79b71afb6"><title>Anal-Itical</title><date></date><icon src="https://staticqbr-be-prod.tnprod.cdn.dmdsdp.com/image-service/ImagesEPG/EventImages/523__b61__523b61b4-370c-4a94-92d6-fe0db6ea28d1__B145809606.jpg"></icon><desc>Adrianna and Chad have an take a sensual bath together that includes some intense anal play! Imagination is the main component to any sexual exploration, it can play out in so many ways.</desc><category>Entertainment, Erotiek</category></programme><programme channel="lgi-be-prod-master:penthousehd1" start="20211227050000 +0000" stop="20211227063500 +0000" catchup-id="crid:~~2F~~2Ftelenet.be~~2F097e52e8-19b4-4f14-b3a1-3db31e373ed0,imi:77b9f5db5add842b0f93d02d3ecad0770b678135"><title>Tina Kay's Fuckfest Threeways</title><date>2019</date><icon src="https://staticqbr-be-prod.tnprod.cdn.dmdsdp.com/image-service/ImagesEPG/EventImages/b91__049__b910491e-72a0-4f1e-9aea-6be5f4f2ff41__B105936402.jpg"></icon><desc>Sexy Tina Kay has a hideaway house in Spain where she likes to go in her down time to relax and get naughty with her friends, and you?re invited!</desc><category>Entertainment, Erotiek</category></programme><programme channel="lgi-be-prod-master:penthousehd1" start="20211227063500 +0000" stop="20211227070000 +0000" catchup-id="crid:~~2F~~2Ftelenet.be~~2Ff3c40d08-f44c-4bfb-83f7-f3606b259f20,imi:9563b96dcf5095894eee9d99c1dfa5f6ecdcdc4b"><title>Afternoon Bliss</title><date>2017</date><icon src="https://staticqbr-be-prod.tnprod.cdn.dmdsdp.com/image-service/ImagesEPG/EventImages/b91__049__b910491e-72a0-4f1e-9aea-6be5f4f2ff41__B105936402.jpg"></icon><desc>The lovely Misty Stone has discovered a secret hide away that her man, John E Depth, has gotten for her. She pleasures herself outside while she waits for him to arrive. When he does, he is pleased and takes her inside for some afternoon bliss of BJ, mish, doggy, sideways, cowgirl, and reverse cowgirl with a pop to her beautiful brown breasts!</desc><category>Entertainment, Erotiek</category></programme><programme channel="lgi-be-prod-master:penthousehd1" start="20211227070000 +0000" stop="20211227084800 +0000" catchup-id="crid:~~2F~~2Ftelenet.be~~2Fdce1dd25-015f-4a6b-82ee-227a268c956c,imi:90849ef6938d2f65031b424717071f0587e9ded1"><title>She Loves That Dark Dick</title><date>2020</date><icon src="https://staticqbr-be-prod.tnprod.cdn.dmdsdp.com/image-service/ImagesEPG/EventImages/b91__049__b910491e-72a0-4f1e-9aea-6be5f4f2ff41__B105936402.jpg"></icon><desc>White girls sure do love that dark dick, especially when it?s attached to a very fit man! These four horny cuties have a secret to finding just that and have them come to right to their home, personal trainers! These girls are wild? it?s hard to tell who gets the better workout!</desc><category>Entertainment, Erotiek</category></programme><programme channel="lgi-be-prod-master:penthousehd1" start="20211227084800 +0000" stop="20211227090000 +0000" catchup-id="crid:~~2F~~2Ftelenet.be~~2Fbbe12209-d731-4dc6-902d-26205eb2540a,imi:936c5408873e89e48d6c9e587aff17f75f556fb0"><title>Perfection</title><date></date><icon src="https://staticqbr-be-prod.tnprod.cdn.dmdsdp.com/image-service/ImagesEPG/EventImages/73d__d8e__73dd8ef7-ac98-4394-b78c-ab1b0658dec8__B143260252.jpg"></icon><desc>There?s nothing like a fireplace to take the chill off the cool night air, even if it?s only being flamed by 2 candles.  Nomi invites herself in and makes the room hot once she entices Tyler to help create the perfect friction.</desc><category>Entertainment, Erotiek</category></programme><programme channel="lgi-be-prod-master:penthousehd1" start="20211227090000 +0000" stop="20211227104100 +0000" catchup-id="crid:~~2F~~2Ftelenet.be~~2F3e1a5115-29c5-486e-9d28-df4cfa526960,imi:d0fdec26f3cc57fa509883ac51022a5b8f27a820"><title>My Perverted Family</title><date></date><icon src="https://staticqbr-be-prod.tnprod.cdn.dmdsdp.com/image-service/ImagesEPG/EventImages/b91__049__b910491e-72a0-4f1e-9aea-6be5f4f2ff41__B105936402.jpg"></icon><desc>Paige (Owens) is getting married to a virgin and he expects her to teach him everything there is to know about sex! She?s concerned because she hasn?t had that much experience herself.  After confiding in her stepfather (Steve Holmes) he ?gallantly? comes to her rescue to show her ?experience?!</desc><category>Entertainment, Erotiek</category></programme><programme channel="lgi-be-prod-master:penthousehd1" start="20211227104100 +0000" stop="20211227110100 +0000" catchup-id="crid:~~2F~~2Ftelenet.be~~2F5fa37827-8088-4c39-aace-c29c4999546d,imi:92f525a9d191d3f83ec2541cf33245699748272a"><title>Daddy Loves His Stepdaughter</title><date>2019</date><icon src="https://staticqbr-be-prod.tnprod.cdn.dmdsdp.com/image-service/ImagesEPG/EventImages/b91__049__b910491e-72a0-4f1e-9aea-6be5f4f2ff41__B105936402.jpg"></icon><desc>Melody (Riley Star) is supposedly ?looking? for her mother but only finds her stepfather (Tommy Gunn) who is washing the car.  She helps him wash the car, but once she removes her skimpy top it?s Tommy?s pipes that get the real cleaning!</desc><category>Entertainment, Erotiek</category></programme><programme channel="lgi-be-prod-master:penthousehd1" start="20211227110100 +0000" stop="20211227124400 +0000" catchup-id="crid:~~2F~~2Ftelenet.be~~2Fe85fdc28-34f6-4389-8385-a1d14351a451,imi:78e8d8e0d70dcf6999937d8a026617c8b0e0512c"><title>Mommy and Me Have a Secret</title><date>2019</date><icon src="https://staticqbr-be-prod.tnprod.cdn.dmdsdp.com/image-service/ImagesEPG/EventImages/b91__049__b910491e-72a0-4f1e-9aea-6be5f4f2ff41__B105936402.jpg"></icon><desc>College student, Oliver Flynn, drives four hours to not just see his pop, but his Russian bride or new step-mom, Crystal Rush, who's ready to stuff Flynn's cock in her mouth making a mess in the living room.</desc><category>Entertainment, Erotiek</category></programme>