<programme channel="lgi-be-prod-master:france5" start="20211226231000 +0000" stop="20211227000500 +0000" catchup-id="crid:~~2F~~2Ftelenet.be~~2F1738106f-77f8-4b79-bd54-6ed461eedf05-fre,imi:55ea29d53dc4aaae313eeeded7418e5e2910765c"><title>Bonsoir mesdames, mesdemoiselles, messieurs</title><date></date><icon src=""></icon><desc>Dans les années 1950, la télévision envahit les foyers français. Sélectionnée avec soin et érigée au statut de star, la speakerine devient son ambassadrice.</desc><category>Vrije tijd, Mode</category></programme><programme channel="lgi-be-prod-master:france5" start="20211227000500 +0000" stop="20211227005500 +0000" catchup-id="crid:~~2F~~2Ftelenet.be~~2F5e8b87b4-d24e-48f6-9817-94dddabbbd64-fre,imi:169f7686e2ac92437bd9eb95f66e625873dede19"><title>Die Italienische Riviera</title><date></date><icon src="https://staticqbr-be-prod.tnprod.cdn.dmdsdp.com/image-service/ImagesEPG/EventImages/a8f__b88__a8fb8817-f558-413c-84c6-7c3daa1ec171__B105934544.jpg"></icon><desc>La magie de la Ligurie, connue comme la Riviera italienne, c'est un patrimoine riche et des savoir-faire ancestraux dans un écrin naturel exceptionnel.</desc><category>Documentaire, Natuur</category></programme><programme channel="lgi-be-prod-master:france5" start="20211227005500 +0000" stop="20211227014500 +0000" catchup-id="crid:~~2F~~2Ftelenet.be~~2Fae46ee3e-ebc5-4fce-81fa-37c7645333b8-fre,imi:7a576f8386f5084b2e8c6e172c103ddf1e0ae32d"><title>Le monde sauvage des Vikings</title><date></date><icon src="https://staticqbr-be-prod.tnprod.cdn.dmdsdp.com/image-service/ImagesEPG/EventImages/69a__201__69a20120-e71e-4c92-929d-5fe6493645fc__B160043378.jpg"></icon><desc>Alors qu'ils vivaient dans des régions brumeuses où les étoiles et le ciel sont des instruments d'orientation aléatoires, les Vikings étaient des navigateurs hors pair.</desc><category>Documentaire, Oude culturen</category></programme><programme channel="lgi-be-prod-master:france5" start="20211227014500 +0000" stop="20211227040000 +0000" catchup-id="crid:~~2F~~2Ftelenet.be~~2F7dfd422f-9094-4452-9a65-3f3a8f8af65b-fre,imi:219364158f67a24b7d34df00650d7db389a38923"><title>La nuit France 5</title><date></date><icon src="https://staticqbr-be-prod.tnprod.cdn.dmdsdp.com/image-service/ImagesEPG/EventImages/f14__de0__f14de018-9dd6-491e-8f14-8ef0f728ccbd__B78363348.jpg"></icon><desc>Magazine de reportages</desc><category>Actualiteit</category></programme><programme channel="lgi-be-prod-master:france5" start="20211227040000 +0000" stop="20211227050000 +0000" catchup-id="crid:~~2F~~2Ftelenet.be~~2F69008c75-a998-4716-9ad4-12b61899d0d2-fre,imi:26e427550ddb5d5b5a0ab25b75466df407748fc3"><title>Samedi Okoo</title><date></date><icon src="https://staticqbr-be-prod.tnprod.cdn.dmdsdp.com/image-service/ImagesEPG/EventImages/260__a88__260a882f-53ae-46f3-9f1e-008f6ecc481e__B161390807.jpg"></icon><desc>Une sélection de dessins animés, des reportages, des expériences pour apprendre en s'amusant, des découvertes et des exclus, avec Okoo il y en aura pour tous les goûts et pour tous les enfants de 3 à 12 ans !</desc><category>Nieuws, Actualiteitenprogramma's</category></programme><programme channel="lgi-be-prod-master:france5" start="20211227050000 +0000" stop="20211227081000 +0000" catchup-id="crid:~~2F~~2Ftelenet.be~~2Fdf5466d1-d0e5-4f5d-b372-bdc544bb5adb-fre,imi:cc611dea86825dc0d874f8a276dd700cf60f6067"><title>Samedi Okoo</title><date></date><icon src="https://staticqbr-be-prod.tnprod.cdn.dmdsdp.com/image-service/ImagesEPG/EventImages/260__a88__260a882f-53ae-46f3-9f1e-008f6ecc481e__B161390807.jpg"></icon><desc>06h55 : Hé Oua Oua (saison 3) 07h45 : Ernest et Célestine (saison 2) (inédit) 08h10 : Bluey 08h50 : Le Village Enchanté de Pinocchio (inédit)</desc><category>Nieuws, Actualiteitenprogramma's</category></programme><programme channel="lgi-be-prod-master:france5" start="20211227081000 +0000" stop="20211227084500 +0000" catchup-id="crid:~~2F~~2Ftelenet.be~~2F1a5b843d-4504-4d11-b78d-e02191543a48-fre,imi:d935f7343e9e6986fcd98dd8aad38a5b34bf8809"><title>C Jamy</title><date></date><icon src="https://staticqbr-be-prod.tnprod.cdn.dmdsdp.com/image-service/ImagesEPG/EventImages/215__e00__215e00d1-e35d-49ff-a2c6-bb77a2917299__W106255293.jpg"></icon><desc>Magazine scientifique</desc><category>Nieuws, Actualiteitenprogramma's</category></programme><programme channel="lgi-be-prod-master:france5" start="20211227084500 +0000" stop="20211227085000 +0000" catchup-id="crid:~~2F~~2Ftelenet.be~~2F227f02c4-5225-4714-82a2-f5944d0c127d-fre,imi:1373833ae5e8718765de00f17fa767445b9358b6"><title>Différents, et alors !</title><date></date><icon src="https://staticqbr-be-prod.tnprod.cdn.dmdsdp.com/image-service/ImagesEPG/EventImages/7a2__cee__7a2ceecc-459c-4c66-94c4-130bbd3aa228__B179963102.jpg"></icon><desc>Magazine.</desc><category>Nieuws, Actualiteitenprogramma's</category></programme><programme channel="lgi-be-prod-master:france5" start="20211227085000 +0000" stop="20211227094500 +0000" catchup-id="crid:~~2F~~2Ftelenet.be~~2Fca8d3942-46b7-4029-a5de-9b652cf6a885-fre,imi:6dbede964f0533b6f1a57bd7106ee8192fe08800"><title>Au départ de Marrakech : entre mer et montagnes</title><date></date><icon src="https://staticqbr-be-prod.tnprod.cdn.dmdsdp.com/image-service/ImagesEPG/EventImages/69a__201__69a20120-e71e-4c92-929d-5fe6493645fc__B160043378.jpg"></icon><desc>Une découverte des lieux les plus emblématiques de Marrakech et de la région alentour, des gorges du Dadès à la vallée de l'Ourika et au désert d'Agafay.</desc><category>Documentaire, Oude culturen</category></programme><programme channel="lgi-be-prod-master:france5" start="20211227094500 +0000" stop="20211227095000 +0000" catchup-id="crid:~~2F~~2Ftelenet.be~~2F991095a0-bd5d-47cd-a32e-e742f727ab4f-fre,imi:53e63caa08e7ca4b81ab5554bb20e67b93ebc572"><title>La p'tite librairie</title><date></date><icon src="https://staticqbr-be-prod.tnprod.cdn.dmdsdp.com/image-service/ImagesEPG/EventImages/1a1__81b__1a181bae-f68a-4abe-9224-26d2d15b4ca9__B171708376.jpg"></icon><desc>François Busnel propose chaque jour de découvrir ou redécouvrir une oeuvre française ou étrangère : roman, essai, grand classique ou encore bande dessinée.</desc><category>Nieuws, Actualiteitenprogramma's</category></programme><programme channel="lgi-be-prod-master:france5" start="20211227095000 +0000" stop="20211227104500 +0000" catchup-id="crid:~~2F~~2Ftelenet.be~~2F19c76d7a-f185-4868-9362-c98da7453d95-fre,imi:50220ccb3db92c120441ca687934d457975f4c56"><title>Prédateurs</title><date></date><icon src="https://staticqbr-be-prod.tnprod.cdn.dmdsdp.com/image-service/ImagesEPG/EventImages/3ff__b79__3ffb79ef-7bc6-492a-8ad3-f3939b6eae99__B160044812.jpg"></icon><desc>De tactieken die roofdieren gebruiken hangt af van de habitat waarin ze leven. Ze moeten hun prooi zo dicht mogelijk kunnen benaderen zonder opgemerkt te worden. Indien nodig werken ze zelfs samen in groep. Hoewel hij de bovenhand heeft, komt de jager vaker wel dan niet van een kale reis thuis.</desc><category>Documentaire, Natuur</category></programme><programme channel="lgi-be-prod-master:france5" start="20211227104500 +0000" stop="20211227120500 +0000" catchup-id="crid:~~2F~~2Ftelenet.be~~2Fdccea9d2-c8a8-4616-9ee3-b47491bfb45f-fre,imi:5e002d15a3b49b2e51a7954f1e01f8e3eabd014d"><title>Samedi à tout prix</title><date></date><icon src="https://staticqbr-be-prod.tnprod.cdn.dmdsdp.com/image-service/ImagesEPG/EventImages/f14__de0__f14de018-9dd6-491e-8f14-8ef0f728ccbd__B78363348.jpg"></icon><desc>Talk-show</desc><category>Overig</category></programme>