<programme channel="lgi-be-prod-master:11footbetv" start="20211226232500 +0000" stop="20211227012500 +0000" catchup-id="crid:~~2F~~2Ftelenet.be~~2F82b34163-fdc7-4404-868b-e04780f0f1b1-fre,imi:98556dd029873000e48b035497e238149d9a5877"><title>Inter - Torino</title><date></date><icon src=""></icon><desc>Voetbal.</desc><category>Sport, Voetbal</category></programme><programme channel="lgi-be-prod-master:11footbetv" start="20211227012500 +0000" stop="20211227032500 +0000" catchup-id="crid:~~2F~~2Ftelenet.be~~2F235cd1f7-b8c5-4db2-a688-1c1c686d198b-fre,imi:c1f2f9fc21434191f59a5149979ef4f8ea9a56b0"><title>Athletic Club - Real Madrid</title><date></date><icon src=""></icon><desc>Voetbal.</desc><category>Sport, Voetbal</category></programme><programme channel="lgi-be-prod-master:11footbetv" start="20211227032500 +0000" stop="20211227050000 +0000" catchup-id="crid:~~2F~~2Ftelenet.be~~2Fb561b423-4c9a-4269-8f36-f3a995fff655-fre,imi:8bbfb7c9c60420f3831a098d901544798757010b"><title>Ligue 1</title><date></date><icon src="https://staticqbr-be-prod.tnprod.cdn.dmdsdp.com/image-service/ImagesEPG/EventImages/560__15f__56015f1d-054e-41bc-90b7-e7bbe677b8ea__B50645648.jpg"></icon><desc>Voetbal.</desc><category>Sport, Voetbal</category></programme><programme channel="lgi-be-prod-master:11footbetv" start="20211227050000 +0000" stop="20211227070000 +0000" catchup-id="crid:~~2F~~2Ftelenet.be~~2Fbe42311a-3448-4d6d-9229-9f8661a1177c-fre,imi:948dfdbc9e55840539a3ad5258a9659743ebf276"><title>Efl</title><date></date><icon src="https://staticqbr-be-prod.tnprod.cdn.dmdsdp.com/image-service/ImagesEPG/EventImages/117__82e__11782e0f-968d-4d7d-8ea1-f12e776752e9__B106321384.jpg"></icon><desc>Voetbal.</desc><category>Sport, Voetbal</category></programme><programme channel="lgi-be-prod-master:11footbetv" start="20211227070000 +0000" stop="20211227090000 +0000" catchup-id="crid:~~2F~~2Ftelenet.be~~2F3f6bcc34-b4bf-47ab-bb36-7a66236f3d07-fre,imi:0981a53f85f931a54162751f1b4f1d2146ad757f"><title>Real Madrid - Cadiz</title><date></date><icon src=""></icon><desc>Voetbal.</desc><category>Sport, Voetbal</category></programme><programme channel="lgi-be-prod-master:11footbetv" start="20211227090000 +0000" stop="20211227110000 +0000" catchup-id="crid:~~2F~~2Ftelenet.be~~2F10cde8c1-8aac-4b0d-a42c-9be56c74e66e-fre,imi:ece6c09fb25c3bc20118678b79486081aef76468"><title>Bayern München - Wolfsburg</title><date></date><icon src=""></icon><desc>Voetbal.</desc><category>Sport, Voetbal</category></programme><programme channel="lgi-be-prod-master:11footbetv" start="20211227110000 +0000" stop="20211227113000 +0000" catchup-id="crid:~~2F~~2Ftelenet.be~~2F04c54d53-d5bb-4634-8784-774de54b2d78-fre,imi:f295a3f1d917e895aad0b82d74600eb13ab5b4de"><title>EFL Highlights</title><date></date><icon src="https://staticqbr-be-prod.tnprod.cdn.dmdsdp.com/image-service/ImagesEPG/EventImages/dd0__93f__dd093f32-aa72-4e3d-b84e-9cc51ad8219a__B106262915.jpg"></icon><desc>Sportmagazine.</desc><category>Sport</category></programme><programme channel="lgi-be-prod-master:11footbetv" start="20211227113000 +0000" stop="20211227115000 +0000" catchup-id="crid:~~2F~~2Ftelenet.be~~2Fa86c5b52-a638-46e1-97d8-ab0f6b5f1707-fre,imi:a292ac1fdd1058baf3d9eb84834053d7d2f6c429"><title>SPFL Highlights</title><date></date><icon src="https://staticqbr-be-prod.tnprod.cdn.dmdsdp.com/image-service/ImagesEPG/EventImages/dd0__93f__dd093f32-aa72-4e3d-b84e-9cc51ad8219a__B106262915.jpg"></icon><desc>Sportmagazine.</desc><category>Sport</category></programme><programme channel="lgi-be-prod-master:11footbetv" start="20211227115000 +0000" stop="20211227122000 +0000" catchup-id="crid:~~2F~~2Ftelenet.be~~2F20dc1aed-fb59-4750-b15d-2e312b4a388d-fre,imi:53623d04a8836b4db36a0bb4e9e4dd636a9fa3d8"><title>Footballer's Lives</title><date></date><icon src="https://staticqbr-be-prod.tnprod.cdn.dmdsdp.com/image-service/ImagesEPG/EventImages/f14__de0__f14de018-9dd6-491e-8f14-8ef0f728ccbd__B78363348.jpg"></icon><desc></desc><category>Overig</category></programme>