<programme channel="lgi-be-prod-master:eurosportfr" start="20211226230000 +0000" stop="20211227003000 +0000" catchup-id="crid:~~2F~~2Ftelenet.be~~2F3ad498d0-189c-499b-92a5-d5b793074a8e-fre,imi:456f7155ec19b646b64b5312fff4c4afcb772ca1"><title>Tennis</title><date></date><icon src="https://staticqbr-be-prod.tnprod.cdn.dmdsdp.com/image-service/ImagesEPG/EventImages/13f__20d__13f20d2d-3795-40c8-9a14-ba862c0a3197__B106321146.jpg"></icon><desc>Finale, Simple : Novak Djokovic - Daniil Medvedev</desc><category>Sport, Tennis</category></programme><programme channel="lgi-be-prod-master:eurosportfr" start="20211227003000 +0000" stop="20211227020000 +0000" catchup-id="crid:~~2F~~2Ftelenet.be~~2F2525cb59-2770-4339-9001-cde989605ed0-fre,imi:2a862cec800da5d17c73f663ee6b0fbfe2f0d63c"><title>Tennis</title><date></date><icon src="https://staticqbr-be-prod.tnprod.cdn.dmdsdp.com/image-service/ImagesEPG/EventImages/13f__20d__13f20d2d-3795-40c8-9a14-ba862c0a3197__B106321146.jpg"></icon><desc>Finale, Simple : Alexander Zverev - Daniil Medvedev</desc><category>Sport, Tennis</category></programme><programme channel="lgi-be-prod-master:eurosportfr" start="20211227020000 +0000" stop="20211227040000 +0000" catchup-id="crid:~~2F~~2Ftelenet.be~~2F70ff7932-32eb-4212-9fee-bb11d52c9a28-fre,imi:dd7780e3d150a747731279f7ff44856b725c47e6"><title>Cyclisme</title><date></date><icon src="https://staticqbr-be-prod.tnprod.cdn.dmdsdp.com/image-service/ImagesEPG/EventImages/f14__de0__f14de018-9dd6-491e-8f14-8ef0f728ccbd__B78363348.jpg"></icon><desc>Messieurs</desc><category>Overig</category></programme><programme channel="lgi-be-prod-master:eurosportfr" start="20211227040000 +0000" stop="20211227063000 +0000" catchup-id="crid:~~2F~~2Ftelenet.be~~2Ffa8a10a3-820e-44cd-9681-663c0ae6c3f0-fre,imi:a7a83589a54a1358d47d28ddb41c5ddc77276819"><title>Snooker</title><date></date><icon src="https://staticqbr-be-prod.tnprod.cdn.dmdsdp.com/image-service/ImagesEPG/EventImages/09c__64e__09c64ea7-be8c-4473-a5c3-3b144344f924__B118120319.jpg"></icon><desc>Sportprogramma.</desc><category>Sport</category></programme><programme channel="lgi-be-prod-master:eurosportfr" start="20211227070000 +0000" stop="20211227073000 +0000" catchup-id="crid:~~2F~~2Ftelenet.be~~2Fcfc21173-d34b-4f37-b3e1-f8deeb409387-fre,imi:7eb1f947a02492c49d52457c66856ec38f73a630"><title>Biathlon</title><date></date><icon src="https://staticqbr-be-prod.tnprod.cdn.dmdsdp.com/image-service/ImagesEPG/EventImages/f14__de0__f14de018-9dd6-491e-8f14-8ef0f728ccbd__B78363348.jpg"></icon><desc>Le Grand-Bornand : Poursuite, Messieurs</desc><category>Overig</category></programme><programme channel="lgi-be-prod-master:eurosportfr" start="20211227073000 +0000" stop="20211227081500 +0000" catchup-id="crid:~~2F~~2Ftelenet.be~~2F794c33d9-f461-431b-81e8-89d10b1d3b4a-fre,imi:e18d4207cbf1945f1a1c56b4f25d36b395af2816"><title>Biathlon</title><date></date><icon src="https://staticqbr-be-prod.tnprod.cdn.dmdsdp.com/image-service/ImagesEPG/EventImages/f14__de0__f14de018-9dd6-491e-8f14-8ef0f728ccbd__B78363348.jpg"></icon><desc>Le Grand-Bornand : Mass Start, Dames</desc><category>Overig</category></programme><programme channel="lgi-be-prod-master:eurosportfr" start="20211227081500 +0000" stop="20211227090000 +0000" catchup-id="crid:~~2F~~2Ftelenet.be~~2Fb634e389-ea9c-4e64-a669-008a0756e0fe-fre,imi:19388d61b84559da50bbe5d8848ae6343f7f02cb"><title>Biathlon</title><date></date><icon src="https://staticqbr-be-prod.tnprod.cdn.dmdsdp.com/image-service/ImagesEPG/EventImages/f14__de0__f14de018-9dd6-491e-8f14-8ef0f728ccbd__B78363348.jpg"></icon><desc>Le Grand-Bornand : Mass Start, Messieurs</desc><category>Overig</category></programme><programme channel="lgi-be-prod-master:eurosportfr" start="20211227090000 +0000" stop="20211227094500 +0000" catchup-id="crid:~~2F~~2Ftelenet.be~~2F198ac6b2-5768-4fb6-93db-967318d593b3-fre,imi:81a12018da43291da12f4b75f2880fda17ff4bfe"><title>Ski Alpin</title><date></date><icon src="https://staticqbr-be-prod.tnprod.cdn.dmdsdp.com/image-service/ImagesEPG/EventImages/f14__de0__f14de018-9dd6-491e-8f14-8ef0f728ccbd__B78363348.jpg"></icon><desc>Madonna di Campiglio : Slalom, 1re manche, Messieurs</desc><category>Overig</category></programme><programme channel="lgi-be-prod-master:eurosportfr" start="20211227094500 +0000" stop="20211227103000 +0000" catchup-id="crid:~~2F~~2Ftelenet.be~~2F4083ead3-2181-45c8-96a1-47e96125137a-fre,imi:2f3aaeef0a6f1fccd589e9eaf168668cdc9d7a64"><title>Ski Alpin</title><date></date><icon src="https://staticqbr-be-prod.tnprod.cdn.dmdsdp.com/image-service/ImagesEPG/EventImages/f14__de0__f14de018-9dd6-491e-8f14-8ef0f728ccbd__B78363348.jpg"></icon><desc>Madonna di Campiglio : Slalom, 2e manche, Messieurs</desc><category>Overig</category></programme><programme channel="lgi-be-prod-master:eurosportfr" start="20211227103000 +0000" stop="20211227120000 +0000" catchup-id="crid:~~2F~~2Ftelenet.be~~2F46d16319-1d0b-4b64-842b-9afd29530ff2-fre,imi:7f0c8f075cfae3cb7097a2115a9f37bcb471a67f"><title>Ski Alpin</title><date></date><icon src="https://staticqbr-be-prod.tnprod.cdn.dmdsdp.com/image-service/ImagesEPG/EventImages/f14__de0__f14de018-9dd6-491e-8f14-8ef0f728ccbd__B78363348.jpg"></icon><desc>Bormio : Descente, Training, Messieurs</desc><category>Overig</category></programme>