<programme channel="lgi-be-prod-master:clubrtlhd" start="20211227002500 +0000" stop="20211227004000 +0000" catchup-id="crid:~~2F~~2Ftelenet.be~~2F97d9a991-717d-47be-9817-2a88f49b2827-fre,imi:02b1dfcc94773e3fde1dd8b95c2ec5f0e7f538b3"><title>L'invité</title><date></date><icon src="https://staticqbr-be-prod.tnprod.cdn.dmdsdp.com/image-service/ImagesEPG/EventImages/02f__fdc__02ffdcfb-4a62-4e64-818e-4f77c1ee1908__B78360821.jpg"></icon><desc>Iedere zondag krijgt Pascal Vrebos een politieke gast over de vloer.</desc><category>Actualiteit</category></programme><programme channel="lgi-be-prod-master:clubrtlhd" start="20211227004000 +0000" stop="20211227011000 +0000" catchup-id="crid:~~2F~~2Ftelenet.be~~2F52da22b1-285f-400e-84c6-57d022e6edba-fre,imi:95f1da1fa730765a5724e1f20f01c3bbf17b2b23"><title>ChronoQuiz</title><date></date><icon src="https://staticqbr-be-prod.tnprod.cdn.dmdsdp.com/image-service/ImagesEPG/EventImages/9a4__bbf__9a4bbf1f-a1de-42e6-9ab1-e21c8aefb859__B106321856.jpg"></icon><desc>Tous les jours de la semaine dans Chronoquiz, les téléspectateurs sont invités à participer à un grand quiz de culture générale où tous les thèmes sont abordés. Chaque question permet aux téléspectateurs de se qualifier en vue de remporter la somme d'argent mise en jeu.</desc><category>Spelshow</category></programme><programme channel="lgi-be-prod-master:clubrtlhd" start="20211227011000 +0000" stop="20211227014000 +0000" catchup-id="crid:~~2F~~2Ftelenet.be~~2F3d1c29be-3cce-4c38-af23-039110a4a172-fre,imi:bf903ba9c2390dc13365b6361ae8cacc6a854485"><title>ChronoQuiz</title><date></date><icon src="https://staticqbr-be-prod.tnprod.cdn.dmdsdp.com/image-service/ImagesEPG/EventImages/9a4__bbf__9a4bbf1f-a1de-42e6-9ab1-e21c8aefb859__B106321856.jpg"></icon><desc>Tous les jours de la semaine dans Chronoquiz, les téléspectateurs sont invités à participer à un grand quiz de culture générale où tous les thèmes sont abordés. Chaque question permet aux téléspectateurs de se qualifier en vue de remporter la somme d'argent mise en jeu.</desc><category>Spelshow</category></programme><programme channel="lgi-be-prod-master:clubrtlhd" start="20211227014000 +0000" stop="20211227040000 +0000" catchup-id="crid:~~2F~~2Ftelenet.be~~2Ff50c3eba-35e6-43a4-8527-471cec4958a5-fre,imi:f50d9b835dc46143f97ba73c4e9c9f599d6e8e79"><title>Télé-achat</title><date></date><icon src="https://staticqbr-be-prod.tnprod.cdn.dmdsdp.com/image-service/ImagesEPG/EventImages/84a__d6f__84ad6fbd-5270-45d4-ba6f-0ca3ed6793ba__B105941316.jpg"></icon><desc>Tous vos produits préférés pour la cuisine, la salle de bain, votre voiture, votre bien-être, bref de quoi améliorer votre vie au quotidien, tout cela présenté en détail.</desc><category>Vrije tijd, Shoppen</category></programme><programme channel="lgi-be-prod-master:clubrtlhd" start="20211227040000 +0000" stop="20211227043000 +0000" catchup-id="crid:~~2F~~2Ftelenet.be~~2Fa91b743b-0b4e-4a1e-bf4c-b04d22e05502-fre,imi:3f2fa288dfd9931336c01b22c5a20ac7536ea504"><title>RTL De Journal</title><date></date><icon src="https://staticqbr-be-prod.tnprod.cdn.dmdsdp.com/image-service/ImagesEPG/EventImages/cd3__323__cd3323ce-b498-4ca8-9c4f-b63502d34f62__B118166776.jpg"></icon><desc>Suivez les actualités du journal télévisé en luxembourgeois.</desc><category>Actualiteit</category></programme><programme channel="lgi-be-prod-master:clubrtlhd" start="20211227043000 +0000" stop="20211227053000 +0000" catchup-id="crid:~~2F~~2Ftelenet.be~~2F46c45dc7-7eb2-4cd0-bc23-5a0ae619c4d4-fre,imi:ae92b10f21d2a9c504d32f846d96ab24032bd68b"><title>Télé-achat</title><date></date><icon src="https://staticqbr-be-prod.tnprod.cdn.dmdsdp.com/image-service/ImagesEPG/EventImages/84a__d6f__84ad6fbd-5270-45d4-ba6f-0ca3ed6793ba__B105941316.jpg"></icon><desc>Tous vos produits préférés pour la cuisine, la salle de bain, votre voiture, votre bien-être, bref de quoi améliorer votre vie au quotidien, tout cela présenté en détail.</desc><category>Vrije tijd, Shoppen</category></programme><programme channel="lgi-be-prod-master:clubrtlhd" start="20211227053000 +0000" stop="20211227054000 +0000" catchup-id="crid:~~2F~~2Ftelenet.be~~2F800bb6ee-6edb-4358-a24b-17c0152f1c26-fre,imi:ba03598a4bd27aceea1c121556464f2cd57aa48c"><title>Fushigi no Kuni no Alice</title><date></date><icon src="https://staticqbr-be-prod.tnprod.cdn.dmdsdp.com/image-service/ImagesEPG/EventImages/4b1__03d__4b103d6d-27a8-4b2e-9c41-3f5469ccfdc5__B106254933.jpg"></icon><desc>Alice est une petite fille curieuse qui adore jouer avec les animaux dans la nature. Un jour, alors qu'elle est en voyage à Londres avec sa mère, elle trouve un vieux haut-de-forme dans un magasin d'occasion. Du chapeau sort Benny Bunny, qui présente Alice à son oncle, un lapin blanc qui travaille à la cour de la Reine de Coeur. Alors qu'elle suit ce dernier dans son terrier, elle trébuche dans un trou : c'est alors que tout bascule. Alice se retrouve au Pays des Merveilles.</desc><category>Kinderen, Animatie</category></programme><programme channel="lgi-be-prod-master:clubrtlhd" start="20211227054000 +0000" stop="20211227055000 +0000" catchup-id="crid:~~2F~~2Ftelenet.be~~2Fb9d97691-3929-4ce7-b806-7d0af75c9d1a-fre,imi:4fbfe78ac044e5f0c7fcf88999933981992dfc66"><title>Petit &amp; costaud</title><date></date><icon src="https://staticqbr-be-prod.tnprod.cdn.dmdsdp.com/image-service/ImagesEPG/EventImages/712__893__71289317-ac82-4493-a43c-8846d0ea0c73__B106254167.jpg"></icon><desc>Petit se plaint de ne pas avoir suffisamment d'espace à lui. Il faut dire qu'il met une telle pagaille dans la maison ! Costaud trouve une solution...</desc><category>Kinderen, Onder de 5</category></programme><programme channel="lgi-be-prod-master:clubrtlhd" start="20211227055000 +0000" stop="20211227055500 +0000" catchup-id="crid:~~2F~~2Ftelenet.be~~2F95b879a6-f8f6-460b-9329-f1effbe7380b-fre,imi:30da76620785e99392ab54f7593e04aa1a9eaf7a"><title>Yapaka, une vie de chien</title><date></date><icon src="https://staticqbr-be-prod.tnprod.cdn.dmdsdp.com/image-service/ImagesEPG/EventImages/712__893__71289317-ac82-4493-a43c-8846d0ea0c73__B106254167.jpg"></icon><desc>La vie est tantôt gaie, tantôt triste. Parfois c'est le fou rire, parfois les pleurs. Il y a des choses qu'un enfant aimerait dire, mais n'ose pas, des sujets pas faciles à aborder. On l'embête dans la rue. Il trouve qu'on ne l'écoute pas. Il voudrait avoir de meilleurs résultats à l'école, mais n'y arrive pas... La campagne &quot; Une vie de chien ? &quot; regorge d'outils pour l'aider à parler de ce qui le touche, l'interroge, le traverse. Elle lui permet aussi d'identifier, dans son réseau, les personnes ressources vers qui se tourner quand son sac à dos est trop lourd à porter.</desc><category>Kinderen, Entertainment</category></programme><programme channel="lgi-be-prod-master:clubrtlhd" start="20211227055500 +0000" stop="20211227060500 +0000" catchup-id="crid:~~2F~~2Ftelenet.be~~2Ff1354258-cb75-49f1-9d97-58297ce041ce-fre,imi:0b77cc8bce8a0c7c50cd7e0d7598ae30dd4ba098"><title>Rainbow Fish</title><date></date><icon src="https://staticqbr-be-prod.tnprod.cdn.dmdsdp.com/image-service/ImagesEPG/EventImages/4b1__03d__4b103d6d-27a8-4b2e-9c41-3f5469ccfdc5__B106254933.jpg"></icon><desc>Aujourd'hui à l'école, les élèves sont invités à rendre service aux gens de leur entourage. Mais, Arc-en-Ciel, lui, a plutôt envie d'aller au cinéma...</desc><category>Kinderen, Animatie</category></programme><programme channel="lgi-be-prod-master:clubrtlhd" start="20211227060500 +0000" stop="20211227062000 +0000" catchup-id="crid:~~2F~~2Ftelenet.be~~2Fcc641dd2-ac4d-4ea9-a533-c16a246e8d99-fre,imi:dce2d1d89d6b4c62e9669232d6dfc7e4ebaab4ea"><title>Maya!</title><date></date><icon src="https://staticqbr-be-prod.tnprod.cdn.dmdsdp.com/image-service/ImagesEPG/EventImages/9b1__5e4__9b15e474-435b-463a-9612-dac921afb2d5__B128420540.jpg"></icon><desc>Les aventures d'une petite abeille très curieuse qui n'hésite pas à quitter son alvéole pour découvrir de nouveaux horizons et se faire de nouveaux amis.</desc><category>Kinderen, Onder de 5</category></programme><programme channel="lgi-be-prod-master:clubrtlhd" start="20211227062000 +0000" stop="20211227064500 +0000" catchup-id="crid:~~2F~~2Ftelenet.be~~2F229d5656-2ef7-46a3-9480-c37357f4a06a-fre,imi:06d5a4b85dff7b8ff577cd4dcfe5eb0851978e1a"><title>Fairy Tale Police Department</title><date></date><icon src="https://staticqbr-be-prod.tnprod.cdn.dmdsdp.com/image-service/ImagesEPG/EventImages/0f0__729__0f0729b6-71e4-4498-a235-7d4008313141__B140958937.jpg"></icon><desc>La brigade des contes de fée est une unité spéciale des services secrets qui opère et agit contre le crime dans le monde merveilleux des contes où Cendrillon et les princes vivent parfois des situations rocambolesques.</desc><category>Kinderen, Animatie</category></programme><programme channel="lgi-be-prod-master:clubrtlhd" start="20211227064500 +0000" stop="20211227065000 +0000" catchup-id="crid:~~2F~~2Ftelenet.be~~2F3d6b9c35-fe6c-4db5-a7d2-bb21713e49dd-fre,imi:6c9c66fe0d1b13b11f8d6c111de972c95f7d42cf"><title>Yapaka, une vie de chien</title><date></date><icon src="https://staticqbr-be-prod.tnprod.cdn.dmdsdp.com/image-service/ImagesEPG/EventImages/712__893__71289317-ac82-4493-a43c-8846d0ea0c73__B106254167.jpg"></icon><desc>La vie est tantôt gaie, tantôt triste. Parfois c'est le fou rire, parfois les pleurs. Il y a des choses qu'un enfant aimerait dire, mais n'ose pas, des sujets pas faciles à aborder. On l'embête dans la rue. Il trouve qu'on ne l'écoute pas. Il voudrait avoir de meilleurs résultats à l'école, mais n'y arrive pas... La campagne &quot; Une vie de chien ? &quot; regorge d'outils pour l'aider à parler de ce qui le touche, l'interroge, le traverse. Elle lui permet aussi d'identifier, dans son réseau, les personnes ressources vers qui se tourner quand son sac à dos est trop lourd à porter.</desc><category>Kinderen, Entertainment</category></programme><programme channel="lgi-be-prod-master:clubrtlhd" start="20211227065000 +0000" stop="20211227071000 +0000" catchup-id="crid:~~2F~~2Ftelenet.be~~2F5263be8e-8712-4cbf-815f-b709004ee4b7-fre,imi:8193e53c1a54c34efeac37b5e482108491a1ecd2"><title>Pokémon : le soleil et la lune</title><date></date><icon src="https://staticqbr-be-prod.tnprod.cdn.dmdsdp.com/image-service/ImagesEPG/EventImages/3aa__4b0__3aa4b0f1-4abb-4c44-9c9c-6cfe2a354328__B106255678.jpg"></icon><desc>Après avoir analysé les données récoltées par Motisma, le Professeur Chen confirme qu'il s'agit bien d'une nouvelle espèce de Pokémon, qu'il a baptisée Meltan. L'un d'entre eux s'est caché dans le sac à dos de Sacha et montre beaucoup d'intérêt pour Brindibou...</desc><category>Jeugdcultuur</category></programme><programme channel="lgi-be-prod-master:clubrtlhd" start="20211227071000 +0000" stop="20211227071500 +0000" catchup-id="crid:~~2F~~2Ftelenet.be~~2F3d4db54e-2b12-4b87-9d1f-b59d22212e24-fre,imi:36532f6378590f6a8319560e13a4fde89bc71f03"><title>Yapaka, une vie de chien</title><date></date><icon src="https://staticqbr-be-prod.tnprod.cdn.dmdsdp.com/image-service/ImagesEPG/EventImages/712__893__71289317-ac82-4493-a43c-8846d0ea0c73__B106254167.jpg"></icon><desc>La vie est tantôt gaie, tantôt triste. Parfois c'est le fou rire, parfois les pleurs. Il y a des choses qu'un enfant aimerait dire, mais n'ose pas, des sujets pas faciles à aborder. On l'embête dans la rue. Il trouve qu'on ne l'écoute pas. Il voudrait avoir de meilleurs résultats à l'école, mais n'y arrive pas... La campagne &quot; Une vie de chien ? &quot; regorge d'outils pour l'aider à parler de ce qui le touche, l'interroge, le traverse. Elle lui permet aussi d'identifier, dans son réseau, les personnes ressources vers qui se tourner quand son sac à dos est trop lourd à porter.</desc><category>Kinderen, Entertainment</category></programme><programme channel="lgi-be-prod-master:clubrtlhd" start="20211227071500 +0000" stop="20211227083000 +0000" catchup-id="crid:~~2F~~2Ftelenet.be~~2F8a07b9b1-11db-47ea-91a5-127feb87c416-fre,imi:4524bc503fec5ce30d13b21ac84e5c8164d36b3b"><title>La boutique</title><date></date><icon src="https://staticqbr-be-prod.tnprod.cdn.dmdsdp.com/image-service/ImagesEPG/EventImages/3a4__0c8__3a40c84c-c8fb-4e6a-92c3-05c4cb10e2a2__B77811056.jpg"></icon><desc>Secrets de beauté, magie des bijoux, créations de mode, cuisine conviviale et gourmande, entretien et décoration de la maison, etc. La Boutique RTL TVI explore les nouvelles tendances et vous fait vivre une expérience d'achat unique.</desc><category>Vrije tijd, Shoppen</category></programme><programme channel="lgi-be-prod-master:clubrtlhd" start="20211227083000 +0000" stop="20211227094500 +0000" catchup-id="crid:~~2F~~2Ftelenet.be~~2F028b94f7-18c4-4a6f-b65b-0aa875aa01ac-fre,imi:6586f79a469921ac411daac560c6049f66741a87"><title>Shopping Hours</title><date></date><icon src="https://staticqbr-be-prod.tnprod.cdn.dmdsdp.com/image-service/ImagesEPG/EventImages/7b9__201__7b9201f4-003d-4b3a-8552-e1f3419f946d__B145364926.jpg"></icon><desc>Tous vos produits préférés pour la cuisine, la salle de bain, votre voiture, votre bien-être; bref de quoi améliorer votre vie au quotidien. Tout cela présenté en détail.</desc><category>Nieuws, Actualiteitenprogramma's</category></programme><programme channel="lgi-be-prod-master:clubrtlhd" start="20211227094500 +0000" stop="20211227124500 +0000" catchup-id="crid:~~2F~~2Ftelenet.be~~2F37e021e2-405e-4db9-a696-ebaf348dac70-fre,imi:714f6fc1abf68da7fb18db96501866a67bc235cf"><title>La boutique</title><date></date><icon src="https://staticqbr-be-prod.tnprod.cdn.dmdsdp.com/image-service/ImagesEPG/EventImages/3a4__0c8__3a40c84c-c8fb-4e6a-92c3-05c4cb10e2a2__B77811056.jpg"></icon><desc>Secrets de beauté, magie des bijoux, créations de mode, cuisine conviviale et gourmande, entretien et décoration de la maison, etc. La Boutique RTL TVI explore les nouvelles tendances et vous fait vivre une expérience d'achat unique.</desc><category>Vrije tijd, Shoppen</category></programme>