<programme channel="lgi-be-prod-master:eenhd" start="20211226231500 +0000" stop="20211226234000 +0000" catchup-id="crid:~~2F~~2Ftelenet.be~~2Fdd0cafc2-bd59-45d3-863e-8484d7a36871,imi:ca95df19f6cad72e1a369c1562c3da5986621976"><title>Thuis</title><date></date><icon src="https://staticqbr-be-prod.tnprod.cdn.dmdsdp.com/image-service/ImagesEPG/EventImages/893__81f__89381f75-9657-47af-b591-f22a84815912__B181080422.jpg"></icon><desc>Bij ACE wordt er een kerstdrink gehouden. Tim heeft het hoofd er niet helemaal bij wanneer hij het eten moet ophalen voor het kerstdiner bij hem thuis. Silke valt goed in de smaak bij de mannen. Rosa en Waldek hebben wel een heel apart kerstfeestje. Harry krijgt een voorstel.</desc><category>Soap</category></programme><programme channel="lgi-be-prod-master:eenhd" start="20211226234000 +0000" stop="20211227080000 +0000" catchup-id="crid:~~2F~~2Ftelenet.be~~2Ff9956e69-9b05-4ba4-9e09-5b181f88d013,imi:c34ced81fb2ca8c7c8468d30a23636e36f17dd5a"><title>Journaallus</title><date></date><icon src="https://staticqbr-be-prod.tnprod.cdn.dmdsdp.com/image-service/ImagesEPG/EventImages/aaf__29e__aaf29eca-3517-474c-a70c-59d17334909b__B128907416.jpg"></icon><desc>herhalingen tot de ochtend</desc><category>Actualiteit</category></programme><programme channel="lgi-be-prod-master:eenhd" start="20211227080000 +0000" stop="20211227110000 +0000" catchup-id="crid:~~2F~~2Ftelenet.be~~2F91bcdb5b-5ea5-408a-85c8-08ba1df1e2db,imi:264464f7ea0445af1f57c8a63f3e61a69dde92f7"><title>Radio 2 op één</title><date></date><icon src="https://staticqbr-be-prod.tnprod.cdn.dmdsdp.com/image-service/ImagesEPG/EventImages/f2c__92d__f2c92dfb-e909-470a-a5bb-0cdf5ca9b83e__B78052599.jpg"></icon><desc>Live vanuit de Radio 2-studio</desc><category>Muziek</category></programme><programme channel="lgi-be-prod-master:eenhd" start="20211227110000 +0000" stop="20211227110500 +0000" catchup-id="crid:~~2F~~2Ftelenet.be~~2F7f0f1d32-4db2-410a-9b33-68885b3ffd6e,imi:949a64e522e8ffa559201df59d367828b64d5262"><title>De voorleesclub</title><date></date><icon src="https://staticqbr-be-prod.tnprod.cdn.dmdsdp.com/image-service/ImagesEPG/EventImages/1ee__8fa__1ee8fa3e-bf73-4438-9f60-1872de719b50__B209527020.jpg"></icon><desc>'De voorleesclub' brengt kinderboeken tot leven op je scherm. Elke dag leest een bekende mama, opa, toffe nonkel of suikertante een prentenboek voor. Tijdens het lezen komen de lezers - en de kijkers - in het universum van het boek terecht, want de tekeningen lijken letterlijk rondom hen tot leven te komen. Elke dag een nieuwe voorlezer, een nieuw verhaal en prachtige tekeningen. Een visueel tussendoortje om letterlijk bij weg te dromen.</desc><category>Documentaire, Kunst</category></programme><programme channel="lgi-be-prod-master:eenhd" start="20211227110500 +0000" stop="20211227112000 +0000" catchup-id="crid:~~2F~~2Ftelenet.be~~2F884b8950-c3c0-4b9a-8097-068d1019a47b,imi:6f366876f2b571cdd8da19042eccef477d1ddb0d"><title>Winterbeelden</title><date></date><icon src="https://staticqbr-be-prod.tnprod.cdn.dmdsdp.com/image-service/ImagesEPG/EventImages/70c__3c7__70c3c7b5-8b11-4c00-a2f0-88e7dc732886__B141151856.jpg"></icon><desc>Selectie van panoramische filmbeelden</desc><category>Overig</category></programme><programme channel="lgi-be-prod-master:eenhd" start="20211227112000 +0000" stop="20211227113500 +0000" catchup-id="crid:~~2F~~2Ftelenet.be~~2F0a149bba-3b41-49d9-b0fa-c7054ea45b28,imi:869355068e96c7b6b7eca5e19009a4633b7c33d9"><title>Dagelijkse Kost</title><date></date><icon src="https://staticqbr-be-prod.tnprod.cdn.dmdsdp.com/image-service/ImagesEPG/EventImages/f3c__51a__f3c51a3f-8aec-4a50-97a0-a6a1298df9dc__B143488070.jpg"></icon><desc>Deze kerstbuche combineert het beste van twee werelden: een luchtige rolbiscuit met een vulling van tiramisu en speculaas afgewerkt met wat cacao en extra speculaas. De perfecte afsluiter van een gezellige avond onder familie of vrienden.</desc><category>Culinair</category></programme><programme channel="lgi-be-prod-master:eenhd" start="20211227113500 +0000" stop="20211227120000 +0000" catchup-id="crid:~~2F~~2Ftelenet.be~~2F4841deb2-4bb2-4da4-a6cc-6ba0ca401698,imi:4eb228a2e98155c5339cf1bf2090e8aeae48ec5f"><title>Blokken (namiddag)</title><date></date><icon src="https://staticqbr-be-prod.tnprod.cdn.dmdsdp.com/image-service/ImagesEPG/EventImages/cd7__617__cd761732-1c87-4c3d-bf9b-38f4f63cdb1c__B181071154.jpg"></icon><desc>Deze week start de finaleweek, waarin de zes sterkste spelers van het afgelopen seizoen terugkeren in het programma. Vandaag: Talitha Dehaene uit Kortrijk tegen Thaïsa Herman uit Oostakker.</desc><category>Spelshow</category></programme>