<programme channel="lgi-be-prod-master:becinehd" start="20211227000700 +0000" stop="20211227015000 +0000" catchup-id="crid:~~2F~~2Ftelenet.be~~2F3ddec045-d770-4b5e-b9b2-13b4ccc89cbb-fre,imi:662dd47120954faf1e00d50df61c4d00f828afeb"><title>Antebellum</title><date>2020</date><icon src="https://staticqbr-be-prod.tnprod.cdn.dmdsdp.com/image-service/ImagesEPG/EventImages/c2e__525__c2e52506-f19e-4e56-ad12-33cb370de04d__B200385257.jpg"></icon><desc>Veronica Henley is een succesvolle en geroemde auteur. Haar wereld stort in wanneer ze vast komt te zitten in een gruwelijke realiteit. Ze moet een race tegen de klok voeren om het mysterie op te lossen.</desc><category>Film, Sciencefiction</category></programme><programme channel="lgi-be-prod-master:becinehd" start="20211227015000 +0000" stop="20211227035000 +0000" catchup-id="crid:~~2F~~2Ftelenet.be~~2Ff8b27add-ec43-4061-aa09-e1f51057a5da-fre,imi:cc984b920a69531f78680d1bc529c35a1dc148c8"><title>Judas and the Black Messiah</title><date>2021</date><icon src="https://staticqbr-be-prod.tnprod.cdn.dmdsdp.com/image-service/ImagesEPG/EventImages/1d8__5ca__1d85caca-72fa-4450-90c5-a2a538d76010__B207478646.jpg"></icon><desc>L'histoire de Fred Hampton, militant politique afro-américain, leader du Black Panther Party dans l'Illinois. De son ascension à sa chute, provoquée par une trahison fatidique...</desc><category>Film, Drama</category></programme><programme channel="lgi-be-prod-master:becinehd" start="20211227035000 +0000" stop="20211227080000 +0000" catchup-id="crid:~~2F~~2Ftelenet.be~~2Fb3ffef34-8371-4690-8aca-e62dc55378cb-fre,imi:956ad6ff29607f43abbe74c9d27a79f02e0e0696"><title>Onderbreking</title><date></date><icon src=""></icon><desc>Geen uitzending.</desc><category>Overig</category></programme><programme channel="lgi-be-prod-master:becinehd" start="20211227080000 +0000" stop="20211227093800 +0000" catchup-id="crid:~~2F~~2Ftelenet.be~~2F250a19e5-ed84-4f21-ac3e-8b663fa40548-fre,imi:0f650e8a021bf941b8438b1ccf3139581774110b"><title>Happiest Season</title><date>2020</date><icon src="https://staticqbr-be-prod.tnprod.cdn.dmdsdp.com/image-service/ImagesEPG/EventImages/240__2fa__2402fa60-5085-4460-b933-51f95166cf6a__B202728821.jpg"></icon><desc>Abby wil tijdens de feestdagen haar vriendin Harper ten huwelijk te vragen wanneer ze op bezoek zijn bij haar schoonfamilie. Ze ontdekt echter dat de conservatieve ouders van Harper niet op de hoogte zijn van hun relatie. Meer nog... Harper is zelfs nog niet uit de kast gekomen ten opzichte van haar familie.</desc><category>Film</category></programme><programme channel="lgi-be-prod-master:becinehd" start="20211227093800 +0000" stop="20211227110500 +0000" catchup-id="crid:~~2F~~2Ftelenet.be~~2Fc74e98ef-9559-4f9b-b3f4-8700631395e4-fre,imi:fa49222bf604a12883c96989587caab86f6e7e78"><title>Terra Willy: Planète inconnue</title><date>2019</date><icon src="https://staticqbr-be-prod.tnprod.cdn.dmdsdp.com/image-service/ImagesEPG/EventImages/dc9__6b6__dc96b655-47dd-4e5a-a391-8a69cb440195__B177824349.jpg"></icon><desc>Na de verwoesting van hun ruimteschip is de jonge Willy gescheiden van zijn ouders, met wie hij in de ruimte heeft gereisd. Zijn reservecapsule belandt op een wilde en onontgonnen planeet.</desc><category>Film, Animatie</category></programme><programme channel="lgi-be-prod-master:becinehd" start="20211227110500 +0000" stop="20211227123500 +0000" catchup-id="crid:~~2F~~2Ftelenet.be~~2Fc8fab817-71fd-44b9-8af0-6baf67b86113-fre,imi:520c728eb782e56f408b0c2bd7834a61a94b3194"><title>Save Yourselves!</title><date>2020</date><icon src="https://staticqbr-be-prod.tnprod.cdn.dmdsdp.com/image-service/ImagesEPG/EventImages/6f9__3ab__6f93ab84-14aa-4767-ad24-7874cc975899__B200884336.jpg"></icon><desc>Een jong koppel uit Brooklyn trekt zich eventjes terug in de natuur. Alles lijkt rustig tot de aarde wordt aangevallen door buitenaardse wezens.</desc><category>Film, Komedie</category></programme>