<programme channel="lgi-be-prod-master:discoveryfr" start="20211226231000 +0000" stop="20211227000000 +0000" catchup-id="crid:~~2F~~2Ftelenet.be~~2F5067aae2-5336-493d-a719-68a66e7afb89-fre,imi:a82fda26ca96abdf31b0f243e7961eea32a367cc"><title>Homestead Rescue: Raney Ranch</title><date></date><icon src="https://staticqbr-be-prod.tnprod.cdn.dmdsdp.com/image-service/ImagesEPG/EventImages/d88__0ff__d880ffa7-022b-49f9-b242-dcc6d51b0c25__B181590191.jpg"></icon><desc>Na jarenlang andere families uit de nood te hebben geholpen, beginnen de Raneys nu aan een ambitieus en persoonlijk project: de transformatie van hun eigen homestead.</desc><category>Documentaire, Reality-tv</category></programme><programme channel="lgi-be-prod-master:discoveryfr" start="20211227000000 +0000" stop="20211227005000 +0000" catchup-id="crid:~~2F~~2Ftelenet.be~~2F314a5bb8-ce17-48a4-8b51-d7a5aa313704-fre,imi:57673a4d9f86b82d304b77953ad7ee9964635735"><title>Texas Metal</title><date></date><icon src="https://staticqbr-be-prod.tnprod.cdn.dmdsdp.com/image-service/ImagesEPG/EventImages/371__569__371569c6-b6e0-4a8a-8e05-6c20a8ddd88e__B105932966.jpg"></icon><desc>Bill Carlton et ses mécaniciens donnent un coup de neuf à une C10 de 1970 en bon état avant de transformer une Dodge Demon 2018 en voiture de course.</desc><category>Documentaire, Reality-tv</category></programme><programme channel="lgi-be-prod-master:discoveryfr" start="20211227005000 +0000" stop="20211227014000 +0000" catchup-id="crid:~~2F~~2Ftelenet.be~~2Fd22fc4bc-d211-4756-8343-2e007c121342-fre,imi:9cce60437964c6111df7a8a44d3e2044772f4a29"><title>Texas Metal</title><date></date><icon src="https://staticqbr-be-prod.tnprod.cdn.dmdsdp.com/image-service/ImagesEPG/EventImages/371__569__371569c6-b6e0-4a8a-8e05-6c20a8ddd88e__B105932966.jpg"></icon><desc>Bill et ses équipiers transforment l'épave d'une Suburban de 1970 en un bolide diesel avant de construire un camion au profit d'une oeuvre de charité.</desc><category>Documentaire, Reality-tv</category></programme><programme channel="lgi-be-prod-master:discoveryfr" start="20211227014000 +0000" stop="20211227032000 +0000" catchup-id="crid:~~2F~~2Ftelenet.be~~2Fa11714c6-4990-46c3-bd10-02a1bf9a7f44-fre,imi:6708b42e74a99553d215801ee18c9e1e5a97989c"><title>Habitations en péril</title><date></date><icon src="https://staticqbr-be-prod.tnprod.cdn.dmdsdp.com/image-service/ImagesEPG/EventImages/69a__201__69a20120-e71e-4c92-929d-5fe6493645fc__B160043378.jpg"></icon><desc>Les Raney sauvent une famille d'une lignée rock'n'roll en aménageant leur propriété dans la jungle de Kauai. Mais une dangereuse inondation éclair pose problème.</desc><category>Documentaire, Oude culturen</category></programme><programme channel="lgi-be-prod-master:discoveryfr" start="20211227032000 +0000" stop="20211227041000 +0000" catchup-id="crid:~~2F~~2Ftelenet.be~~2F6164d3c6-f3a1-44cd-a9a3-4e0dbc959ddd-fre,imi:d30bec3a1f3588f7f535b608b40c84700a10657a"><title>Alaska: The Last Frontier</title><date></date><icon src="https://staticqbr-be-prod.tnprod.cdn.dmdsdp.com/image-service/ImagesEPG/EventImages/d9d__4b4__d9d4b4fd-d289-4779-ab7c-9a0dc2b2175f__B106837810.jpg"></icon><desc>De Kilchers moeten omgaan met de gevolgen van de klimaatverandering. Na nog een warme winter met recordtemperaturen verandert het leven op de boerderij en komt alles in beweging.</desc><category>Documentaire, Reality-tv</category></programme><programme channel="lgi-be-prod-master:discoveryfr" start="20211227041000 +0000" stop="20211227050000 +0000" catchup-id="crid:~~2F~~2Ftelenet.be~~2Fe45dbc86-4c1a-4faa-ac73-ded7d6fae1ed-fre,imi:9577e75510fb85d3c6964b0ed4fd5af4e19c363d"><title>Alaska: The Last Frontier</title><date></date><icon src="https://staticqbr-be-prod.tnprod.cdn.dmdsdp.com/image-service/ImagesEPG/EventImages/d9d__4b4__d9d4b4fd-d289-4779-ab7c-9a0dc2b2175f__B106837810.jpg"></icon><desc>De Kilchers moeten omgaan met de gevolgen van de klimaatverandering. Na nog een warme winter met recordtemperaturen verandert het leven op de boerderij en komt alles in beweging.</desc><category>Documentaire, Reality-tv</category></programme><programme channel="lgi-be-prod-master:discoveryfr" start="20211227050000 +0000" stop="20211227054500 +0000" catchup-id="crid:~~2F~~2Ftelenet.be~~2Fc5bbba30-458d-4316-bc99-454f03d7673f-fre,imi:97bd7a43ce62526874629f61f2483c8afc573623"><title>Salvage Hunters</title><date></date><icon src="https://staticqbr-be-prod.tnprod.cdn.dmdsdp.com/image-service/ImagesEPG/EventImages/7be__6fa__7be6fa7a-bdfa-40ae-ac3b-a1af03c93b2d__B136707155.jpg"></icon><desc>Drew bezoekt Nederland en vindt er op de bruisende antiekmarkten precies de unieke objecten waar zijn bedrijf bekend om staat. En hij vindt zijn droomauto: een klassieke Bugatti.</desc><category>Documentaire, Reality-tv</category></programme><programme channel="lgi-be-prod-master:discoveryfr" start="20211227054500 +0000" stop="20211227063000 +0000" catchup-id="crid:~~2F~~2Ftelenet.be~~2Fbf241e48-43f3-4cd9-a895-4e94bf86429e-fre,imi:f2bb10ab5fa3d17f569588f7b0688fc4da695232"><title>Salvage Hunters</title><date></date><icon src="https://staticqbr-be-prod.tnprod.cdn.dmdsdp.com/image-service/ImagesEPG/EventImages/7be__6fa__7be6fa7a-bdfa-40ae-ac3b-a1af03c93b2d__B136707155.jpg"></icon><desc>Drew Pritchard jaagt op afgedankte mooie bouwkundige schatten, of het nu een schoorsteen van een vervallen landhuis is of een prachtige glazen koepel van een victoriaanse folly.</desc><category>Documentaire, Reality-tv</category></programme><programme channel="lgi-be-prod-master:discoveryfr" start="20211227063000 +0000" stop="20211227072000 +0000" catchup-id="crid:~~2F~~2Ftelenet.be~~2F12905826-6978-4b33-949b-0e9f19664cb3-fre,imi:1e7c0d11a3b41ce48afedc68ffba28c82d45a1db"><title>Salvage Hunters</title><date></date><icon src="https://staticqbr-be-prod.tnprod.cdn.dmdsdp.com/image-service/ImagesEPG/EventImages/7be__6fa__7be6fa7a-bdfa-40ae-ac3b-a1af03c93b2d__B136707155.jpg"></icon><desc>De zoektocht naar nieuwe voorraden leidt Drew naar de Cotswolds. Hij vindt een enorme hoeveelheid Indiase en Afghaanse schatten die rechtstreeks van het Indiase subcontinent komen.</desc><category>Documentaire, Reality-tv</category></programme><programme channel="lgi-be-prod-master:discoveryfr" start="20211227072000 +0000" stop="20211227081500 +0000" catchup-id="crid:~~2F~~2Ftelenet.be~~2Fc20b0697-6c8d-451a-bfe5-2c68e277d1a6-fre,imi:2f91476da174c6da0fbf43a0a7aed934d489c613"><title>Salvage Hunters</title><date></date><icon src="https://staticqbr-be-prod.tnprod.cdn.dmdsdp.com/image-service/ImagesEPG/EventImages/7be__6fa__7be6fa7a-bdfa-40ae-ac3b-a1af03c93b2d__B136707155.jpg"></icon><desc>Drew bezoekt een enorme antiekgroothandel in Exeter, waar hij stapels betaalbare juweeltjes vindt. Vervolgens gaat hij langs bij een curiositeitenimperium in Noord-Londen.</desc><category>Documentaire, Reality-tv</category></programme><programme channel="lgi-be-prod-master:discoveryfr" start="20211227081500 +0000" stop="20211227091000 +0000" catchup-id="crid:~~2F~~2Ftelenet.be~~2Fa04a7203-64f7-4151-a411-0c5ecb3cf9a0-fre,imi:e432b68318a0f327aca35af238cde3d16f11dcd9"><title>Salvage Hunters</title><date></date><icon src="https://staticqbr-be-prod.tnprod.cdn.dmdsdp.com/image-service/ImagesEPG/EventImages/7be__6fa__7be6fa7a-bdfa-40ae-ac3b-a1af03c93b2d__B136707155.jpg"></icon><desc>Drew doet in Monmouthshire bij een bekende verkoper van antieke spoorwegmemorabilia een paar bijzondere vondsten. In Gloucestershire ontdekt hij een mooie victoriaanse kaarttafel.</desc><category>Documentaire, Reality-tv</category></programme><programme channel="lgi-be-prod-master:discoveryfr" start="20211227091000 +0000" stop="20211227100500 +0000" catchup-id="crid:~~2F~~2Ftelenet.be~~2F33d84195-f319-4801-9abe-71ac413fd5f5-fre,imi:4d158e7d5a736ddeb57cc6ee866aeff8d0833847"><title>Salvage Hunters</title><date></date><icon src="https://staticqbr-be-prod.tnprod.cdn.dmdsdp.com/image-service/ImagesEPG/EventImages/7be__6fa__7be6fa7a-bdfa-40ae-ac3b-a1af03c93b2d__B136707155.jpg"></icon><desc>Drew Pritchard jaagt op afgedankte mooie bouwkundige schatten, of het nu een schoorsteen van een vervallen landhuis is of een prachtige glazen koepel van een victoriaanse folly.</desc><category>Documentaire, Reality-tv</category></programme><programme channel="lgi-be-prod-master:discoveryfr" start="20211227100500 +0000" stop="20211227103500 +0000" catchup-id="crid:~~2F~~2Ftelenet.be~~2F3f15e0aa-cf53-4eae-ad83-3fa62e5108f7-fre,imi:78de8c4fa2819d3c30654ec355db76d85a8ccb5e"><title>Au coeur des douanes : Amérique latine</title><date></date><icon src="https://staticqbr-be-prod.tnprod.cdn.dmdsdp.com/image-service/ImagesEPG/EventImages/69a__201__69a20120-e71e-4c92-929d-5fe6493645fc__B160043378.jpg"></icon><desc>Les douaniers brésiliens, mexicains et colombiens révèlent comment ils combattent le crime et sauvent leur pays de potentielles menaces aériennes, maritimes et terrestres.</desc><category>Documentaire, Oude culturen</category></programme><programme channel="lgi-be-prod-master:discoveryfr" start="20211227103500 +0000" stop="20211227113000 +0000" catchup-id="crid:~~2F~~2Ftelenet.be~~2F1ef4903c-5aa7-40f1-a175-a0b7a2482d88-fre,imi:d9badcfb2b4374e07d0d083d5ebdf6e6ccbaabd1"><title>La ruée vers l'or : Dakota Boys</title><date></date><icon src="https://staticqbr-be-prod.tnprod.cdn.dmdsdp.com/image-service/ImagesEPG/EventImages/69a__201__69a20120-e71e-4c92-929d-5fe6493645fc__B160043378.jpg"></icon><desc>L'équipe de Dustin découvre que son équipement ne suffit pas pour les rochers de Rockfall Ravin, alors Wes fabrique un nouvel outil. Fred met Scott, le bleu, à l'épreuve.</desc><category>Documentaire, Oude culturen</category></programme><programme channel="lgi-be-prod-master:discoveryfr" start="20211227113000 +0000" stop="20211227122500 +0000" catchup-id="crid:~~2F~~2Ftelenet.be~~2Fd542b8a5-efff-48c9-88fc-f516b107dfbd-fre,imi:1f9308b5dc51b3c1551a7ba692785c6022372e93"><title>La ruée vers l'or : Dakota Boys</title><date></date><icon src="https://staticqbr-be-prod.tnprod.cdn.dmdsdp.com/image-service/ImagesEPG/EventImages/69a__201__69a20120-e71e-4c92-929d-5fe6493645fc__B160043378.jpg"></icon><desc>Le pari risqué de Dustin d'investir toutes ses économies paie quand Carlos déplace un énorme rocher et tombe sur de grosses pépites. Fred et son équipe affrontent le Trifecta.</desc><category>Documentaire, Oude culturen</category></programme>