<programme channel="lgi-be-prod-master:vh1" start="20211227010000 +0000" stop="20211227030000 +0000" catchup-id="crid:~~2F~~2Ftelenet.be~~2F4901ac20-c1c2-4194-afc4-7967c80f5076,imi:72129f49e46f19fca31f10bbf04b39114cfc5f36"><title>Non-Stop Nostalgia</title><date></date><icon src="https://staticqbr-be-prod.tnprod.cdn.dmdsdp.com/image-service/ImagesEPG/EventImages/d17__cb1__d17cb1a6-4975-43f2-a006-e80a05891e76__B105933935.jpg"></icon><desc>Start reminiscing about the good old days with this non-interrupted playlist filled with all of your favourite hits from back in the day!</desc><category>Muziek</category></programme><programme channel="lgi-be-prod-master:vh1" start="20211227030000 +0000" stop="20211227070000 +0000" catchup-id="crid:~~2F~~2Ftelenet.be~~2Fbcd32b64-d6b3-4d6b-bd9a-39c748a9b0a9,imi:9ec3be1aa3fe29dfe179a099301c41228cabb77e"><title>Non-Stop Nostalgia</title><date></date><icon src="https://staticqbr-be-prod.tnprod.cdn.dmdsdp.com/image-service/ImagesEPG/EventImages/d17__cb1__d17cb1a6-4975-43f2-a006-e80a05891e76__B105933935.jpg"></icon><desc>Start reminiscing about the good old days with this non-interrupted playlist filled with all of your favourite hits from back in the day!</desc><category>Muziek</category></programme><programme channel="lgi-be-prod-master:vh1" start="20211227070000 +0000" stop="20211227080000 +0000" catchup-id="crid:~~2F~~2Ftelenet.be~~2F5bf7ec20-6003-450a-8455-fa04d4c15dca,imi:1a9c9bb7ace106af44f7719023b058cbda822d5b"><title>Rihanna Vs Nelly Furtado</title><date></date><icon src="https://staticqbr-be-prod.tnprod.cdn.dmdsdp.com/image-service/ImagesEPG/EventImages/d17__cb1__d17cb1a6-4975-43f2-a006-e80a05891e76__B105933935.jpg"></icon><desc>We're putting the biggest stars head to head with their hottest videos in a superstar video battle! Will Rihanna or Nelly Furtado come out on top? Tune in to find out!</desc><category>Muziek</category></programme><programme channel="lgi-be-prod-master:vh1" start="20211227080000 +0000" stop="20211227130000 +0000" catchup-id="crid:~~2F~~2Ftelenet.be~~2F451274ca-3ddb-49ed-94e6-a2a3c2dd14b5,imi:c6e7d48b950ec114ea841e54d5fd67bc21ea33bc"><title>We Love The: 00s</title><date></date><icon src="https://staticqbr-be-prod.tnprod.cdn.dmdsdp.com/image-service/ImagesEPG/EventImages/353__a12__353a12b2-d1e4-413a-9118-ce85068fc265__B145821558.jpg"></icon><desc>It's time for nothing but the best. Join us for the most epic and classic 00s anthems that made this decade an unforgettable one! Has your favourite made the cut?</desc><category>Muziek</category></programme>