<programme channel="lgi-be-prod-master:ketnetcanvashd" start="20211227080000 +0000" stop="20211227090000 +0000" catchup-id="crid:~~2F~~2Ftelenet.be~~2F7ed4d9ac-ba28-42d4-8931-4bd0ae2568f1,imi:9b8fe54c54111f96f4b1279aedfb58c5cfc0726e"><title>Winterbeelden</title><date></date><icon src="https://staticqbr-be-prod.tnprod.cdn.dmdsdp.com/image-service/ImagesEPG/EventImages/70c__3c7__70c3c7b5-8b11-4c00-a2f0-88e7dc732886__B141151856.jpg"></icon><desc>Selectie van panoramische filmbeelden</desc><category>Overig</category></programme><programme channel="lgi-be-prod-master:ketnetcanvashd" start="20211227090000 +0000" stop="20211227180000 +0000" catchup-id="crid:~~2F~~2Ftelenet.be~~2F648dd714-fa3b-4d12-b05e-8d573dd67b2e,imi:1d52d7a4456aa9fecf9c8be60367ce77074d74a2"><title>Ketnet Junior</title><date></date><icon src="https://staticqbr-be-prod.tnprod.cdn.dmdsdp.com/image-service/ImagesEPG/EventImages/c92__b52__c92b52a0-589c-402d-9921-f44a5c7090df__B134669315.jpg"></icon><desc>Programma's voor peuters en kleuters</desc><category>Kinderen, Onder de 5</category></programme>