<programme channel="lgi-be-prod-master:launehd" start="20211226230000 +0000" stop="20211226230500 +0000" catchup-id="crid:~~2F~~2Ftelenet.be~~2Fe06036b2-ab26-42cb-894b-44aabeb0f15f-fre,imi:3d6bf20f5a09eebef00d0b2ede203c23ac31a9e7"><title>Météo La Une (nuit)</title><date></date><icon src="https://staticqbr-be-prod.tnprod.cdn.dmdsdp.com/image-service/ImagesEPG/EventImages/450__42e__45042e00-1e40-47b2-a4e3-34d9d2d8e865__B179167867.jpg"></icon><desc>Tout au long de la journée, retrouvez les prévisions météorologiques nationales et les bons conseils pour ne pas être surpris par le temps.</desc><category>Nieuws, Weer</category></programme><programme channel="lgi-be-prod-master:launehd" start="20211226230500 +0000" stop="20211226233500 +0000" catchup-id="crid:~~2F~~2Ftelenet.be~~2Fad459430-5879-4c7f-9e06-33b4de7d7275-fre,imi:4ce1b5b5aa58d7cb647d3817c1c80eaebc4eef7e"><title>JT 19h30 (nuit)</title><date></date><icon src="https://staticqbr-be-prod.tnprod.cdn.dmdsdp.com/image-service/ImagesEPG/EventImages/dd8__68d__dd868d21-5d97-4992-9bb8-03dee267ba5e__B77076074.jpg"></icon><desc>Tous les jours, le JT de 19h30 vous informe de l'actualité et des faits de société, politiques, économiques, culturels et sportifs.</desc><category>Actualiteit</category></programme><programme channel="lgi-be-prod-master:launehd" start="20211226233500 +0000" stop="20211226234000 +0000" catchup-id="crid:~~2F~~2Ftelenet.be~~2F48ee28be-52b0-4697-bba5-23105104108f-fre,imi:49879abfc1ed204fd7460519eecc09c3ea98e0a7"><title>Contacts</title><date></date><icon src="https://staticqbr-be-prod.tnprod.cdn.dmdsdp.com/image-service/ImagesEPG/EventImages/359__f24__359f2412-2050-43f1-82d4-cee9e75f4c1c__B166246314.jpg"></icon><desc>Les accidents, ça n'arrive pas qu'aux autres ! Et si ça vous arrivait, ou si vous étiez témoin d'un accident, sauriez-vous quoi faire et dans quel ordre ? Contacts vous rappelle la base des précautions à prendre en cas d'accident, léger ou plus grave.</desc><category>Actualiteit</category></programme><programme channel="lgi-be-prod-master:launehd" start="20211226234000 +0000" stop="20211227003300 +0000" catchup-id="crid:~~2F~~2Ftelenet.be~~2F3d43f9e2-a89c-4587-9028-34dca0dd33aa-fre,imi:213bd167f73cd62707458fecedb86153aa2a24cd"><title>Studio Foot - Dimanche</title><date></date><icon src="https://staticqbr-be-prod.tnprod.cdn.dmdsdp.com/image-service/ImagesEPG/EventImages/d4e__01c__d4e01c16-8a0f-4cec-babb-55950bc353b7__B106198133.jpg"></icon><desc>Voetbalmagazine</desc><category>Sport, Voetbal</category></programme><programme channel="lgi-be-prod-master:launehd" start="20211227003300 +0000" stop="20211227050000 +0000" catchup-id="crid:~~2F~~2Ftelenet.be~~2F969e1995-aea4-4d57-af3d-4cbfe6c3d691-fre,imi:91d8bd5ad74ec8204599bdbbeed21a8bfca73481"><title>Air de famille</title><date></date><icon src="https://staticqbr-be-prod.tnprod.cdn.dmdsdp.com/image-service/ImagesEPG/EventImages/74d__a1c__74da1c8f-3527-4696-bdee-6e00e25644ad__B51214035.jpg"></icon><desc>Informatief programma.</desc><category>Actualiteit</category></programme><programme channel="lgi-be-prod-master:launehd" start="20211227050000 +0000" stop="20211227070000 +0000" catchup-id="crid:~~2F~~2Ftelenet.be~~2Fb53f71e3-1349-4995-b120-fdc492827360-fre,imi:d9fce794af26c39df65dd3e7cac76fe89ee8e4d2"><title>Le 6-8</title><date></date><icon src="https://staticqbr-be-prod.tnprod.cdn.dmdsdp.com/image-service/ImagesEPG/EventImages/471__ff1__471ff1b1-e0a7-44e8-b061-60ad98c9e75d__B77731715.jpg"></icon><desc>Le 6-8 est la matinale qui vous réveille en images ! Rythmée par l'info-trafic et la météo, l'émission animée par Sara De Paduwa accueille chaque matin une bande sympathique pour des chroniques variées.</desc><category>Actualiteit</category></programme><programme channel="lgi-be-prod-master:launehd" start="20211227070000 +0000" stop="20211227080000 +0000" catchup-id="crid:~~2F~~2Ftelenet.be~~2F0c6b7112-252f-4a45-ae65-e2a1db72397a-fre,imi:3d5f668ffd8503110aaedd699d847d4164c967df"><title>Le 8-9</title><date></date><icon src="https://staticqbr-be-prod.tnprod.cdn.dmdsdp.com/image-service/ImagesEPG/EventImages/344__1b3__3441b359-f3c9-4435-b29a-5b24ab24bd29__B153076433.jpg"></icon><desc>Mediamagazine.</desc><category>Documentaire, Oude culturen</category></programme><programme channel="lgi-be-prod-master:launehd" start="20211227080000 +0000" stop="20211227100000 +0000" catchup-id="crid:~~2F~~2Ftelenet.be~~2F574bd065-268b-498e-b6df-acee0cefacba-fre,imi:2fc45d195bfa0a1e15cadc264be63b2de685c661"><title>Le 8-9 continue</title><date></date><icon src="https://staticqbr-be-prod.tnprod.cdn.dmdsdp.com/image-service/ImagesEPG/EventImages/344__1b3__3441b359-f3c9-4435-b29a-5b24ab24bd29__B153076433.jpg"></icon><desc>Aux côtés de Cyril, Livia et Aaron pour chaque jour vous étonner. 
Cet été, ça va chanter : chaque jour un artiste se produit en Live dans le studio de Vivacité. Une prestation exclusive en direct dans le 8/9 et le 8/9 ça continue avec entre autres Typh Barrow, Saule,, Noé Preszow, Antoine Armedan... 
Cet été, ça va vanner : chaque jour un cactus tout aussi piquant avec Jérôme de Warzée et Fabian Le Castel ainsi que Funky Fab.
Cet été, ça va informer : retrouvez les bons plans et l'humeur de nos chroniqueurs.</desc><category>Documentaire, Oude culturen</category></programme><programme channel="lgi-be-prod-master:launehd" start="20211227100000 +0000" stop="20211227101500 +0000" catchup-id="crid:~~2F~~2Ftelenet.be~~2F1f9384bb-2120-4a4f-b035-068732afd71d-fre,imi:29825e690a35073e2dbcb04d4a9e4b01312cdff0"><title>Laissez-moi rire</title><date></date><icon src="https://staticqbr-be-prod.tnprod.cdn.dmdsdp.com/image-service/ImagesEPG/EventImages/e99__7e2__e997e2c1-add0-4113-8685-71f867ab6e8d__B106485094.jpg"></icon><desc>Fournisseur de sourires depuis maintenant 40 ans, le Festival du Rire de Rochefort est  le plus vieux festival du rire de la Francophonie ! Un événement clef annuel, un temps fort incontournable et indispensable qui confère à la ville de Rochefort une identité culturelle européenne &quot; souriante &quot;.
Pour ses 40 ans, le Festival a décidé de mettre en lumière des artistes belges le temps d'un sketch, d'un échange, d'une interview tac au tac animée par Elliott Jenicot.</desc><category>Vrije tijd, Showbiz</category></programme><programme channel="lgi-be-prod-master:launehd" start="20211227101500 +0000" stop="20211227105500 +0000" catchup-id="crid:~~2F~~2Ftelenet.be~~2F072de57e-bc65-48a9-9879-4c5bc7379262-fre,imi:0682e11659608b2a7e1ee40372affd0eb5e2fa59"><title>Demain nous appartient</title><date></date><icon src="https://staticqbr-be-prod.tnprod.cdn.dmdsdp.com/image-service/ImagesEPG/EventImages/a81__db1__a81db1b3-0aca-41ce-95a6-dc252ae59eaa__B155884134.jpg"></icon><desc>Aurore doit affronter le retour d'une personne disparue depuis des années.  Nordine ne sait plus comment agir avec Martin. Ce dernier doit faire face à une annonce de Virginie. La requête de Charlie divise le clan Moreno.</desc><category>Dramaseries</category></programme><programme channel="lgi-be-prod-master:launehd" start="20211227105500 +0000" stop="20211227110000 +0000" catchup-id="crid:~~2F~~2Ftelenet.be~~2Fe3e00c1d-1c00-42b4-a481-2ff04a481acd-fre,imi:ac5c0852bda87897b760a7306d82655fd14cb50b"><title>Air de famille</title><date></date><icon src="https://staticqbr-be-prod.tnprod.cdn.dmdsdp.com/image-service/ImagesEPG/EventImages/74d__a1c__74da1c8f-3527-4696-bdee-6e00e25644ad__B51214035.jpg"></icon><desc>Informatief programma.</desc><category>Actualiteit</category></programme><programme channel="lgi-be-prod-master:launehd" start="20211227110000 +0000" stop="20211227114000 +0000" catchup-id="crid:~~2F~~2Ftelenet.be~~2Fd1a6ddf2-f172-4b5e-90ce-235325dfc912-fre,imi:2f79423d26dbe2768dacb18a01fc96ed731cb6ef"><title>Lief en Leed</title><date></date><icon src="https://staticqbr-be-prod.tnprod.cdn.dmdsdp.com/image-service/ImagesEPG/EventImages/671__4e1__6714e15f-025f-49a3-9262-086cf6effd17__B48311984.jpg"></icon><desc>Le procès de Victoria, Nikki et Sharon est en cours. L'accusation interroge Mariah à la barre. C'est ensuite au tour de Michael. Il finit par lui demander qui lui a envoyé le lien de la vidéo. Kyle tombe sur Devon et Ana. Après avoir parlé de Lola, Devon et Ana décident de retourner à l'hôpital, pour effectuer les tests de compatibilité. Mais ils s'avèrent négatifs. Summer se sentait inutile au procès, alors elle rejoint Kyle et lui propose de faire le test, parce qu'elle tient à lui et qu'elle ne veut plus le voir aussi mal.</desc><category>Soap</category></programme><programme channel="lgi-be-prod-master:launehd" start="20211227114000 +0000" stop="20211227115000 +0000" catchup-id="crid:~~2F~~2Ftelenet.be~~2F14b7a7f9-a2d5-4ed5-b3a6-43799b302a7e-fre,imi:0b9fc99d5aac0f9752431cc1a691a3658fdf3bab"><title>Quel Temps !</title><date></date><icon src="https://staticqbr-be-prod.tnprod.cdn.dmdsdp.com/image-service/ImagesEPG/EventImages/dad__853__dad8534a-deea-43cc-ad3e-5a4242f94e6a__B166249259.jpg"></icon><desc>Découvrez les coulisses du climat chez nous et à l'autre bout du monde. Des changements climatiques aux énergies renouvelables, toutes les questions scientifiques seront abordées.</desc><category>Nieuws, Actualiteitenprogramma's</category></programme><programme channel="lgi-be-prod-master:launehd" start="20211227115000 +0000" stop="20211227115500 +0000" catchup-id="crid:~~2F~~2Ftelenet.be~~2F7d4fa7b0-0d52-4f29-8fb9-0663d91845e2-fre,imi:87802e9764bf90e34fbd89808e94c38c176e8269"><title>Météo La Une (après-midi)</title><date></date><icon src="https://staticqbr-be-prod.tnprod.cdn.dmdsdp.com/image-service/ImagesEPG/EventImages/450__42e__45042e00-1e40-47b2-a4e3-34d9d2d8e865__B179167867.jpg"></icon><desc>Tout au long de la journée, retrouvez les prévisions météorologiques nationales et les bons conseils pour ne pas être surpris par le temps.</desc><category>Nieuws, Weer</category></programme><programme channel="lgi-be-prod-master:launehd" start="20211227115500 +0000" stop="20211227123000 +0000" catchup-id="crid:~~2F~~2Ftelenet.be~~2F23bab23c-d1c9-4371-8178-73ad71f6dc78-fre,imi:ac93ec0bee6022963cc7ae55fb4f544b68f50fd9"><title>JT 13h</title><date></date><icon src="https://staticqbr-be-prod.tnprod.cdn.dmdsdp.com/image-service/ImagesEPG/EventImages/20c__93d__20c93db8-403e-49b9-a6d1-1a8d6e9c1929__B180873464.jpg"></icon><desc>Tous les jours, le JT de 13h vous informe de l'actualité et des faits de société, politiques, économiques, culturels et sportifs.</desc><category>Actualiteit</category></programme>