<programme channel="lgi-be-prod-master:penthousehd2" start="20211226230100 +0000" stop="20211227004000 +0000" catchup-id="crid:~~2F~~2Ftelenet.be~~2F2b6fe5da-dd53-48f7-be55-902d60957b5f,imi:26648db31b29e2104cad4c2b1f61ac304f4df99e"><title>Italie interdite 2/salieri storie i</title><date></date><icon src="https://staticqbr-be-prod.tnprod.cdn.dmdsdp.com/image-service/ImagesEPG/EventImages/b91__049__b910491e-72a0-4f1e-9aea-6be5f4f2ff41__B105936402.jpg"></icon><desc></desc><category>Entertainment, Erotiek</category></programme><programme channel="lgi-be-prod-master:penthousehd2" start="20211227004000 +0000" stop="20211227012200 +0000" catchup-id="crid:~~2F~~2Ftelenet.be~~2F966f26db-2af2-4486-9b84-476b78c2a1c8,imi:3db4fc7ab474fc4f3b391e7d9264de07fd3a29b2"><title>Anastasia 4 you</title><date></date><icon src="https://staticqbr-be-prod.tnprod.cdn.dmdsdp.com/image-service/ImagesEPG/EventImages/b91__049__b910491e-72a0-4f1e-9aea-6be5f4f2ff41__B105936402.jpg"></icon><desc>Today, the pretty Spanish girl Anastasia celebrates her birthday. For the occasion Tommy, her boyfriend, has prepared a surprise for her that she won't soon forget.</desc><category>Entertainment, Erotiek</category></programme><programme channel="lgi-be-prod-master:penthousehd2" start="20211227012200 +0000" stop="20211227035900 +0000" catchup-id="crid:~~2F~~2Ftelenet.be~~2F6fffbbef-5822-4202-9352-80054ec366ab,imi:d897447332814bb28b650585c15874391dbfd6b3"><title>First anal vol.3/reves de sodomie</title><date></date><icon src="https://staticqbr-be-prod.tnprod.cdn.dmdsdp.com/image-service/ImagesEPG/EventImages/b91__049__b910491e-72a0-4f1e-9aea-6be5f4f2ff41__B105936402.jpg"></icon><desc></desc><category>Entertainment, Erotiek</category></programme><programme channel="lgi-be-prod-master:penthousehd2" start="20211227035900 +0000" stop="20211227051500 +0000" catchup-id="crid:~~2F~~2Ftelenet.be~~2F3d5c5c7d-9cdc-48d8-a3dc-43349b2f6016,imi:c6957353eee6cc229b2d1add84ce3727a045f0fe"><title>Une pute pour noel/lo strano natale di mastrociccio</title><date></date><icon src="https://staticqbr-be-prod.tnprod.cdn.dmdsdp.com/image-service/ImagesEPG/EventImages/b91__049__b910491e-72a0-4f1e-9aea-6be5f4f2ff41__B105936402.jpg"></icon><desc></desc><category>Entertainment, Erotiek</category></programme><programme channel="lgi-be-prod-master:penthousehd2" start="20211227051500 +0000" stop="20211227063600 +0000" catchup-id="crid:~~2F~~2Ftelenet.be~~2F0daa1cd3-4e3d-4edc-a4fd-ac8232801184,imi:0fe865a6fcad800472ab6cbed49531d60c19c1a6"><title>Nikita bellucci obsessions vol.5</title><date></date><icon src="https://staticqbr-be-prod.tnprod.cdn.dmdsdp.com/image-service/ImagesEPG/EventImages/b91__049__b910491e-72a0-4f1e-9aea-6be5f4f2ff41__B105936402.jpg"></icon><desc>In this new episode of Obsessions, Nikita shows herself as always very inventive and generous. With her husband, as always, to whom she proposes an escapade then a four-way, with a willing slave when she plays the dominas, with her anus that she penetrates lovingly and finally generous with the audience because she offers us as a bonus a magnificent squirt ...</desc><category>Entertainment, Erotiek</category></programme><programme channel="lgi-be-prod-master:penthousehd2" start="20211227063600 +0000" stop="20211227080500 +0000" catchup-id="crid:~~2F~~2Ftelenet.be~~2F70af3568-99ed-4d9c-9ac7-35d06614a48b,imi:1f221f046d502b562259d3452ab39bbf7be1f50d"><title>Au pair diary</title><date></date><icon src="https://staticqbr-be-prod.tnprod.cdn.dmdsdp.com/image-service/ImagesEPG/EventImages/b91__049__b910491e-72a0-4f1e-9aea-6be5f4f2ff41__B105936402.jpg"></icon><desc>Alice a sweet young girl arrives in a rich family who welcomes au pairs for their children's and the house work. The first night she hears noises and discovers the master of the house fucking with one of the foreign girls and his wife on the stairs. Soon she realizes that sex has an essential place in the life of the castle.</desc><category>Entertainment, Erotiek</category></programme><programme channel="lgi-be-prod-master:penthousehd2" start="20211227080500 +0000" stop="20211227083900 +0000" catchup-id="crid:~~2F~~2Ftelenet.be~~2Fd5dfe39d-b044-4ba6-80c4-4e5363c255ae,imi:bf08595ebe546fbf0a6465da79f2867ab99f0d7b"><title>Crystal</title><date></date><icon src="https://staticqbr-be-prod.tnprod.cdn.dmdsdp.com/image-service/ImagesEPG/EventImages/b91__049__b910491e-72a0-4f1e-9aea-6be5f4f2ff41__B105936402.jpg"></icon><desc></desc><category>Entertainment, Erotiek</category></programme><programme channel="lgi-be-prod-master:penthousehd2" start="20211227083900 +0000" stop="20211227085700 +0000" catchup-id="crid:~~2F~~2Ftelenet.be~~2F967003cc-9264-49c7-af94-77fc55fe4096,imi:57224cef72fcf2ef97e1e43be61d57412a3d3503"><title>Jessa rhodes, plaisir extremes / jessa rhodes, extreme pleasures</title><date></date><icon src="https://staticqbr-be-prod.tnprod.cdn.dmdsdp.com/image-service/ImagesEPG/EventImages/b91__049__b910491e-72a0-4f1e-9aea-6be5f4f2ff41__B105936402.jpg"></icon><desc></desc><category>Entertainment, Erotiek</category></programme><programme channel="lgi-be-prod-master:penthousehd2" start="20211227085700 +0000" stop="20211227095600 +0000" catchup-id="crid:~~2F~~2Ftelenet.be~~2F924977ca-6f53-43ae-9ade-c83dd5d152b5,imi:d5de3e83621116e7e78b2688a87064e22b2aee60"><title>Sex therapie</title><date></date><icon src="https://staticqbr-be-prod.tnprod.cdn.dmdsdp.com/image-service/ImagesEPG/EventImages/b91__049__b910491e-72a0-4f1e-9aea-6be5f4f2ff41__B105936402.jpg"></icon><desc>Sex Therapy tells the story of Louise (Giulia Lov) in the grip of her carnal desires. After a series of one-night stands, she discovers that she has slept with her new boss (Maïlyne). She then decides, following the advice of her best friend Julia, to consult a sex therapist (Liza Del Sierra) with outstanding talents. Will Louise tone down her ardor and win back the heart of her scalded boss?</desc><category>Entertainment, Erotiek</category></programme><programme channel="lgi-be-prod-master:penthousehd2" start="20211227095600 +0000" stop="20211227120500 +0000" catchup-id="crid:~~2F~~2Ftelenet.be~~2F76d8b8a9-85ac-4da0-bca8-920962921b50,imi:fded2b17d7ac30459650e9b052d28f24dbf52ebd"><title>Milf vol.1</title><date></date><icon src="https://staticqbr-be-prod.tnprod.cdn.dmdsdp.com/image-service/ImagesEPG/EventImages/b91__049__b910491e-72a0-4f1e-9aea-6be5f4f2ff41__B105936402.jpg"></icon><desc></desc><category>Entertainment, Erotiek</category></programme>