<programme channel="lgi-be-prod-master:sporting5" start="20211226233500 +0000" stop="20211227001700 +0000" catchup-id="crid:~~2F~~2Ftelenet.be~~2F774ff185-859b-44a3-8721-f026b8ddfdad,imi:e22ed786c41392d6914ac569fe1f9c065ff33167"><title>Duivelsweg</title><date></date><icon src="https://staticqbr-be-prod.tnprod.cdn.dmdsdp.com/image-service/ImagesEPG/EventImages/0e4__35a__0e435a31-d6a4-4e9b-841a-0df0033de6b8__B207889923.jpg"></icon><desc>In aflevering 4 van Duivelsweg blikken Philippe Albert, Alex Czerniatynski en Rudi Smidts terug op het WK van 1994 in de Verenigde Staten, waarin scheidsrechter Kurt Röthlisberger onze Rode Duivels terug naar huis stuurde.</desc><category>Sport</category></programme><programme channel="lgi-be-prod-master:sporting5" start="20211227001700 +0000" stop="20211227010300 +0000" catchup-id="crid:~~2F~~2Ftelenet.be~~2F228d9011-a0b1-4969-b569-38091a0b43da,imi:a90bb92100a378092eb0b0d846bdb8d41d77c148"><title>Duivelsweg</title><date></date><icon src="https://staticqbr-be-prod.tnprod.cdn.dmdsdp.com/image-service/ImagesEPG/EventImages/0e4__35a__0e435a31-d6a4-4e9b-841a-0df0033de6b8__B207889923.jpg"></icon><desc>In aflevering vijf van Duivelsweg kijken Nico Claesen, Danny Veyt en Stéphane Demol terug op een van de meest memorabele en meest gevierde WK-campagnes van België ooit: Mexico '86.</desc><category>Sport</category></programme><programme channel="lgi-be-prod-master:sporting5" start="20211227010300 +0000" stop="20211227014900 +0000" catchup-id="crid:~~2F~~2Ftelenet.be~~2F5d0ffd44-0db0-438e-850e-8cda0ecb49b1,imi:930d8bd5e9c4319ef1dbef30fdaab32198dd57a1"><title>Duivelsweg</title><date></date><icon src="https://staticqbr-be-prod.tnprod.cdn.dmdsdp.com/image-service/ImagesEPG/EventImages/0e4__35a__0e435a31-d6a4-4e9b-841a-0df0033de6b8__B207889923.jpg"></icon><desc>Eric Goens keert samen met Luc Nilis, Filip De Wilde en Lorenzo Staelens terug naar het rampzalige Euro 2000, waar de Rode Duivels al uitgeschakeld werden in de groepsfase.</desc><category>Sport</category></programme><programme channel="lgi-be-prod-master:sporting5" start="20211227014900 +0000" stop="20211227023700 +0000" catchup-id="crid:~~2F~~2Ftelenet.be~~2F5b933000-88a8-4964-947f-cb1069f98248,imi:9d16b3beda0cb5d70581862c891728e54707e948"><title>Duivelsweg</title><date></date><icon src="https://staticqbr-be-prod.tnprod.cdn.dmdsdp.com/image-service/ImagesEPG/EventImages/0e4__35a__0e435a31-d6a4-4e9b-841a-0df0033de6b8__B207889923.jpg"></icon><desc>Eric Goens keert met Yves Vanderhaeghe, Jacky Peeters en Eric Van Meir terug naar het WK van 2002, dat de geschiedenisboeken in zou gaan als het toernooi waarin de Jamaicaanse scheidsrechter Peter Prendergast de Rode Duivels nekte tegen Brazilië.</desc><category>Sport</category></programme><programme channel="lgi-be-prod-master:sporting5" start="20211227023700 +0000" stop="20211227032100 +0000" catchup-id="crid:~~2F~~2Ftelenet.be~~2Ff3d9c884-4a04-4a3d-8b21-bc1862264867,imi:da2f2dc457f2568384e8eef6df46efd81f69651b"><title>Duivelsweg</title><date></date><icon src="https://staticqbr-be-prod.tnprod.cdn.dmdsdp.com/image-service/ImagesEPG/EventImages/0e4__35a__0e435a31-d6a4-4e9b-841a-0df0033de6b8__B207889923.jpg"></icon><desc>Eric Goens keert met Vital Borkelmans, Franky Van der Elst en Georges Leekens terug naar het rampzalige WK van 1998 in Frankrijk, waar de Rode Duivels de groepsfase niet overleefden.</desc><category>Sport</category></programme><programme channel="lgi-be-prod-master:sporting5" start="20211227032100 +0000" stop="20211227041000 +0000" catchup-id="crid:~~2F~~2Ftelenet.be~~2F228d9011-a0b1-4969-b569-38091a0b43da,imi:87ee4233926d2a6d9a546c6679aeacd1d4164ea6"><title>Duivelsweg</title><date></date><icon src="https://staticqbr-be-prod.tnprod.cdn.dmdsdp.com/image-service/ImagesEPG/EventImages/0e4__35a__0e435a31-d6a4-4e9b-841a-0df0033de6b8__B207889923.jpg"></icon><desc>In aflevering vijf van Duivelsweg kijken Nico Claesen, Danny Veyt en Stéphane Demol terug op een van de meest memorabele en meest gevierde WK-campagnes van België ooit: Mexico '86.</desc><category>Sport</category></programme><programme channel="lgi-be-prod-master:sporting5" start="20211227041000 +0000" stop="20211227050000 +0000" catchup-id="crid:~~2F~~2Ftelenet.be~~2F228d9011-a0b1-4969-b569-38091a0b43da,imi:2769f2231bd4f211656589dad8bb96c1c564fd90"><title>Duivelsweg</title><date></date><icon src="https://staticqbr-be-prod.tnprod.cdn.dmdsdp.com/image-service/ImagesEPG/EventImages/0e4__35a__0e435a31-d6a4-4e9b-841a-0df0033de6b8__B207889923.jpg"></icon><desc>In aflevering vijf van Duivelsweg kijken Nico Claesen, Danny Veyt en Stéphane Demol terug op een van de meest memorabele en meest gevierde WK-campagnes van België ooit: Mexico '86.</desc><category>Sport</category></programme><programme channel="lgi-be-prod-master:sporting5" start="20211227050000 +0000" stop="20211227054100 +0000" catchup-id="crid:~~2F~~2Ftelenet.be~~2Fda807317-e6e6-444c-8b1d-a08028a258ad,imi:d0529035dd5bb9c8bf425ccf78e4678e7a9643ec"><title>Duivelsweg</title><date></date><icon src="https://staticqbr-be-prod.tnprod.cdn.dmdsdp.com/image-service/ImagesEPG/EventImages/0e4__35a__0e435a31-d6a4-4e9b-841a-0df0033de6b8__B207889923.jpg"></icon><desc>Eric Goens keert samen met Nico Dewalque,Odilon Polleunis en Maurice Martens terug naar het WK van 1970 in Mexico, waar de toen zogenaamde Witte Duivels zelfs de groepsfase niet overleefden.</desc><category>Sport</category></programme><programme channel="lgi-be-prod-master:sporting5" start="20211227054100 +0000" stop="20211228050000 +0000" catchup-id="crid:~~2F~~2Ftelenet.be~~2Febe58357-b1a3-426b-97e9-0677389e98b7,imi:ec8f3f1ded26ef15ea1dc6bab7ca242cd46998ae"><title>Geen programmagegevens beschikbaar</title><date></date><icon src=""></icon><desc>Geen programmagegevens beschikbaar.</desc><category>Overig</category></programme>