<programme channel="lgi-be-prod-master:dobbittv" start="20211226230000 +0000" stop="20211226230900 +0000" catchup-id="crid:~~2F~~2Ftelenet.be~~2F4dc3c679-7ac1-45a9-888c-44ea37c9fb4f,imi:a44623ef0dd48f60bf2bcea3926fde54b2817645"><title>Zelf gedaan, goed gedaan</title><date></date><icon src="https://staticqbr-be-prod.tnprod.cdn.dmdsdp.com/image-service/ImagesEPG/EventImages/4c9__db9__4c9db922-452b-410e-be2e-51be59a3a1df__B106259677.jpg"></icon><desc>Zelf gedaan, goed gedaan? - Ep. 6 - Nu het bijna kerst is, klust Thierry een passend decoratiestuk in elkaar.</desc><category>Educatie</category></programme><programme channel="lgi-be-prod-master:dobbittv" start="20211226230900 +0000" stop="20211226232700 +0000" catchup-id="crid:~~2F~~2Ftelenet.be~~2F1488d89a-1e93-410d-8149-5566080d4039,imi:7b7f999228e824765a91ff2d67e37e331b4d2066"><title>De ambachter</title><date></date><icon src="https://staticqbr-be-prod.tnprod.cdn.dmdsdp.com/image-service/ImagesEPG/EventImages/4c9__db9__4c9db922-452b-410e-be2e-51be59a3a1df__B106259677.jpg"></icon><desc>De houtdraaier - In deze aflevering bezoeken we de ambachter George. Hij houdt zich in zijn vrije tijd bezig met het draaien van hout.</desc><category>Educatie</category></programme><programme channel="lgi-be-prod-master:dobbittv" start="20211226232700 +0000" stop="20211226232900 +0000" catchup-id="crid:~~2F~~2Ftelenet.be~~2F52bdf905-619a-4545-96aa-6cf19df73fb8,imi:3484fdeb7711fa5d37e06c1ad12563bf3b0af051"><title>Ramen: isolatiewaarde</title><date></date><icon src="https://staticqbr-be-prod.tnprod.cdn.dmdsdp.com/image-service/ImagesEPG/EventImages/4c9__db9__4c9db922-452b-410e-be2e-51be59a3a1df__B106259677.jpg"></icon><desc>Publireportage - Ramen: isolatiewaarde - De isolatie bij een raam is heel belangrijk, want zo kun je voorkomen dat er koude of warmte naar binnen komt. Raamwinkel, specialist in ramen en deuren voor zelfplaatsing, geeft een aantal praktische tips mee.</desc><category>Educatie</category></programme><programme channel="lgi-be-prod-master:dobbittv" start="20211226232900 +0000" stop="20211226234500 +0000" catchup-id="crid:~~2F~~2Ftelenet.be~~2F85e5d1e2-64cb-4f24-9852-5a021919fb6a,imi:c78617337709ef497177a2040c3e15425ab834e4"><title>Diy on wheels</title><date></date><icon src="https://staticqbr-be-prod.tnprod.cdn.dmdsdp.com/image-service/ImagesEPG/EventImages/4c9__db9__4c9db922-452b-410e-be2e-51be59a3a1df__B106259677.jpg"></icon><desc>De Engelse oldtimer - Ep.12 - Revisie motorblok deel 2 We zijn terug bij het revisiebedrijf voor het afwerken van motorrevisie. Nu alles gehoond, gevlakt, geslepen geboord werd, kunnen beide weer helemaal ineengestoken worden.</desc><category>Educatie</category></programme><programme channel="lgi-be-prod-master:dobbittv" start="20211226234500 +0000" stop="20211226235700 +0000" catchup-id="crid:~~2F~~2Ftelenet.be~~2F335faf18-a621-4580-9c61-382164d0740a,imi:0cd493712e4704b07194c8666e36f93d35554249"><title>Mijn klas</title><date></date><icon src="https://staticqbr-be-prod.tnprod.cdn.dmdsdp.com/image-service/ImagesEPG/EventImages/4c9__db9__4c9db922-452b-410e-be2e-51be59a3a1df__B106259677.jpg"></icon><desc>In deze eerste aflevering van 'Mijn klas' maken we kennis met de vrije basisschool van Vinkt. Samen met de leerkrachten steken we de handen uit de mouwen om de tweede kleuterklas om te toveren tot een leerrijke en avontuurlijke speelruimte.</desc><category>Educatie</category></programme><programme channel="lgi-be-prod-master:dobbittv" start="20211226235700 +0000" stop="20211227001000 +0000" catchup-id="crid:~~2F~~2Ftelenet.be~~2Fdb66239b-9172-4d34-b84d-9200f1455c24,imi:2c2b0cfe5bd04a05d411312431d3dabab3e28548"><title>Mijn klas</title><date></date><icon src="https://staticqbr-be-prod.tnprod.cdn.dmdsdp.com/image-service/ImagesEPG/EventImages/4c9__db9__4c9db922-452b-410e-be2e-51be59a3a1df__B106259677.jpg"></icon><desc>In deze aflevering van 'Mijn klas' maken we kennis met de vrije basisschool van Vinkt. Samen met de leerkrachten steken we de handen uit de mouwen om de tweede kleuterklas om te toveren tot een leerrijke en avontuurlijke speelruimte.</desc><category>Educatie</category></programme><programme channel="lgi-be-prod-master:dobbittv" start="20211227001000 +0000" stop="20211227002500 +0000" catchup-id="crid:~~2F~~2Ftelenet.be~~2F6bf7163b-fce6-4a83-9344-0b1934aeafd6,imi:ede20fdc7a92ef4354fa12926831cce129e0f0f5"><title>Feesttafel</title><date></date><icon src="https://staticqbr-be-prod.tnprod.cdn.dmdsdp.com/image-service/ImagesEPG/EventImages/4c9__db9__4c9db922-452b-410e-be2e-51be59a3a1df__B106259677.jpg"></icon><desc>Hobbyklus - Feesttafel - In deze aflevering maken we van een kleine tafel een echte feesttafel. Perfect voor de feestdagen.</desc><category>Educatie</category></programme><programme channel="lgi-be-prod-master:dobbittv" start="20211227002500 +0000" stop="20211227003300 +0000" catchup-id="crid:~~2F~~2Ftelenet.be~~2Fb968c156-91d6-494c-a418-8b5b524c10ae,imi:1d56490313136c029cd87c9b4145cd7716403f47"><title>Aan de wand</title><date></date><icon src="https://staticqbr-be-prod.tnprod.cdn.dmdsdp.com/image-service/ImagesEPG/EventImages/4c9__db9__4c9db922-452b-410e-be2e-51be59a3a1df__B106259677.jpg"></icon><desc>Aquarel-effect - ep 11. In deze aflevering proberen we een aquareleffect te benaderen. Annabelle verft een kerstboom op de muur, maar zelf maak je natuurlijk je eigen tekening.</desc><category>Educatie</category></programme><programme channel="lgi-be-prod-master:dobbittv" start="20211227003300 +0000" stop="20211227005300 +0000" catchup-id="crid:~~2F~~2Ftelenet.be~~2F77be9525-53eb-4de2-88de-a26c6e4e3156,imi:279cc82778d6b6f8e06d5ff77011abc817ec971d"><title>Klamboe</title><date></date><icon src="https://staticqbr-be-prod.tnprod.cdn.dmdsdp.com/image-service/ImagesEPG/EventImages/4c9__db9__4c9db922-452b-410e-be2e-51be59a3a1df__B106259677.jpg"></icon><desc>Zo doe je het! - Slaapkamer inrichten 2 - Klamboe - Annabelle pakt de slaapkamer aan. Naast de accentmuur installeert ze nog een klamboe.</desc><category>Educatie</category></programme><programme channel="lgi-be-prod-master:dobbittv" start="20211227005300 +0000" stop="20211227010000 +0000" catchup-id="crid:~~2F~~2Ftelenet.be~~2Ff5e058ee-583c-43e2-90e7-3516b1b0f23c,imi:5f5b57114c0b0ee158d3a09bb8f082a90bbca7e9"><title>Inox trappen</title><date></date><icon src="https://staticqbr-be-prod.tnprod.cdn.dmdsdp.com/image-service/ImagesEPG/EventImages/4c9__db9__4c9db922-452b-410e-be2e-51be59a3a1df__B106259677.jpg"></icon><desc>Publireportage - Inox trappen - Inox trappen combineren een stevige constructie met een tijdloos design. In deze reportage bezoeken we Intec, die maatwerk en plaatsing aanbiedt.</desc><category>Educatie</category></programme><programme channel="lgi-be-prod-master:dobbittv" start="20211227010000 +0000" stop="20211227011600 +0000" catchup-id="crid:~~2F~~2Ftelenet.be~~2Fe537fa89-6a98-409d-b99f-7cf1d54362be,imi:cf6de4bfb8cb8b81b7d9645926c38df202d4093b"><title>Simple diy</title><date></date><icon src="https://staticqbr-be-prod.tnprod.cdn.dmdsdp.com/image-service/ImagesEPG/EventImages/4c9__db9__4c9db922-452b-410e-be2e-51be59a3a1df__B106259677.jpg"></icon><desc>Simple DIY - Ep. 4 - Tips voor een kleine badkamer - Niet elke badkamer is groot en licht en ruim, zoals in de lifestylemagazines. In de meeste huizen zijn de badkamers kleiner en krapper. Maar niet getreurd! Met de juiste tips haal je het maximum uit de beperkte ruimte.</desc><category>Educatie</category></programme><programme channel="lgi-be-prod-master:dobbittv" start="20211227011600 +0000" stop="20211227013200 +0000" catchup-id="crid:~~2F~~2Ftelenet.be~~2F43bb9233-1bb0-43d0-aae6-0cb79f3880bb,imi:971650ba7df635f9733b91bc697b13d8342bd43b"><title>Diy on wheels</title><date></date><icon src="https://staticqbr-be-prod.tnprod.cdn.dmdsdp.com/image-service/ImagesEPG/EventImages/4c9__db9__4c9db922-452b-410e-be2e-51be59a3a1df__B106259677.jpg"></icon><desc>Banden - Ep. 3 - DIY on wheels is het programma voor de autoliefhebber. We tonen niet alleen hoe je zelf aan je auto, moto of fiets kan sleutelen maar we bezoeken ook professionals of hobbyisten die dagelijks met hun auto, moto of fiets bezig zijn. In deze aflevering leren we bij over banden.</desc><category>Educatie</category></programme><programme channel="lgi-be-prod-master:dobbittv" start="20211227013200 +0000" stop="20211227014400 +0000" catchup-id="crid:~~2F~~2Ftelenet.be~~2F527e62a7-087b-4e0a-a77a-9ee76f746b92,imi:2f96b79b6416dfbe0cddb1a73333917ddd507882"><title>Decoratie awards</title><date></date><icon src="https://staticqbr-be-prod.tnprod.cdn.dmdsdp.com/image-service/ImagesEPG/EventImages/4c9__db9__4c9db922-452b-410e-be2e-51be59a3a1df__B106259677.jpg"></icon><desc>Publireportage - Decoratie Awards - Op de Decoratie Awards worden schilders en decorateurs in de spotlights gezet. Bekijk de winnende projecten van de editie van 2021.</desc><category>Educatie</category></programme><programme channel="lgi-be-prod-master:dobbittv" start="20211227014400 +0000" stop="20211227020300 +0000" catchup-id="crid:~~2F~~2Ftelenet.be~~2F5a443abd-d65a-48b3-a211-1c346f667084,imi:80acc1c33ee03b7d74222eb0a5fa60da4e4fa769"><title>De kunstenaar</title><date></date><icon src="https://staticqbr-be-prod.tnprod.cdn.dmdsdp.com/image-service/ImagesEPG/EventImages/4c9__db9__4c9db922-452b-410e-be2e-51be59a3a1df__B106259677.jpg"></icon><desc>De Smeedkunstenaar - Ep. 10 - Kristof Verkouille is kunstsmid en maakt speciale designs uit metaal. Hoe hij daarvoor aan de slag gaat zie je in deze reportage.</desc><category>Educatie</category></programme><programme channel="lgi-be-prod-master:dobbittv" start="20211227020300 +0000" stop="20211227021500 +0000" catchup-id="crid:~~2F~~2Ftelenet.be~~2F34c5fa31-86b8-475c-a204-c03da9bb3124,imi:ec58e8ce45b27374f2165d8d1cf8fd67ef48ddb4"><title>Snel muren zetten</title><date></date><icon src="https://staticqbr-be-prod.tnprod.cdn.dmdsdp.com/image-service/ImagesEPG/EventImages/4c9__db9__4c9db922-452b-410e-be2e-51be59a3a1df__B106259677.jpg"></icon><desc>Publireportage - Snel muren zetten - Snel je ruwbouw opbouwen, het lijkt onmogelijk. Het kan wel degelijk met een systeem waarbij je bouwt met isolatieblokken en die erna verstevigt. Dit zorgt ervoor dat de bouwstenen zelf licht zijn en je huis zo gemakkelijk zelf op te bouwen is.</desc><category>Educatie</category></programme><programme channel="lgi-be-prod-master:dobbittv" start="20211227021500 +0000" stop="20211227023600 +0000" catchup-id="crid:~~2F~~2Ftelenet.be~~2Fb49276e9-47a1-40ff-b18e-2b3e2c975203,imi:78e4633d812e0534896f135bc1c5daba78bd37cd"><title>Zelf gedaan, goed gedaan</title><date></date><icon src="https://staticqbr-be-prod.tnprod.cdn.dmdsdp.com/image-service/ImagesEPG/EventImages/4c9__db9__4c9db922-452b-410e-be2e-51be59a3a1df__B106259677.jpg"></icon><desc>Zelf gedaan, goed gedaan? - Ep. 6 - Franse Villa - Jean-Luc realiseerde zelf zijn droomvilla met zwembad in het zuiden van Frankrijk. Aangezien hij het hele proces ook filmde, kunnen we het project van A tot Z meevolgen.</desc><category>Educatie</category></programme><programme channel="lgi-be-prod-master:dobbittv" start="20211227023600 +0000" stop="20211227023800 +0000" catchup-id="crid:~~2F~~2Ftelenet.be~~2Faf67fc3b-25d7-448a-9ef6-09a36731b6df,imi:83c97c0aff0a795106829d4325b72d88cda3a0e1"><title>Zelf je raamopening opmeten</title><date></date><icon src="https://staticqbr-be-prod.tnprod.cdn.dmdsdp.com/image-service/ImagesEPG/EventImages/4c9__db9__4c9db922-452b-410e-be2e-51be59a3a1df__B106259677.jpg"></icon><desc>Publireportage - Zelf je raamopening opmeten - Om een raam op maat te maken, moet de raamopening correct worden opgemeten. Alleen dan kan een vlotte plaatsing gegarandeerd worden. Raamwinkel, specialist in ramen en deuren voor zelfplaatsing, geeft een aantal praktische tips mee.</desc><category>Educatie</category></programme><programme channel="lgi-be-prod-master:dobbittv" start="20211227023800 +0000" stop="20211227024900 +0000" catchup-id="crid:~~2F~~2Ftelenet.be~~2F82fc3174-d573-46c7-9c3b-c799ef003bf1,imi:c23f4a1ffa7cbaffae9a5c124ed3dae3fd16ecf6"><title>Hallo roger</title><date></date><icon src="https://staticqbr-be-prod.tnprod.cdn.dmdsdp.com/image-service/ImagesEPG/EventImages/4c9__db9__4c9db922-452b-410e-be2e-51be59a3a1df__B106259677.jpg"></icon><desc>Hallo Roger - Ep. 8 - Kliklaminaat herstellen - Een beschadiging aan je zwevend laminaat? Geen probleem. Er bestaat een handig trucje om dit op te lossen. Je hebt uiteraard wel nog een restje laminaat nodig van de huidige vloer, vandaar het belang om altijd wat extra te bestellen dan nodig bij aankoop en dit goed te bewaren! Roger legt uit hoe je dit moet aanpakken.</desc><category>Educatie</category></programme><programme channel="lgi-be-prod-master:dobbittv" start="20211227024900 +0000" stop="20211227030900 +0000" catchup-id="crid:~~2F~~2Ftelenet.be~~2F5f685e26-8d2d-4aa0-9689-bb7b64b0d148,imi:3c4b008dae822221d89ba6d3b0ac6195b6fb977e"><title>De ambachter</title><date></date><icon src="https://staticqbr-be-prod.tnprod.cdn.dmdsdp.com/image-service/ImagesEPG/EventImages/4c9__db9__4c9db922-452b-410e-be2e-51be59a3a1df__B106259677.jpg"></icon><desc>Beeldhouwer - In 'De Ambachter' volgen we mensen die als job of hobby een ambacht uitoefenen. Wij volgen één van hun projecten van begin tot einde en tonen stap voor stap hoe deze vakmannen te werk gaan. In deze aflevering volgen we beeldhouwer Karel Van Roy.</desc><category>Educatie</category></programme><programme channel="lgi-be-prod-master:dobbittv" start="20211227030900 +0000" stop="20211227032200 +0000" catchup-id="crid:~~2F~~2Ftelenet.be~~2Fa7d8e281-8655-4b26-9fe9-6db857d14be1,imi:6fe246c7a42ce23fd02e710446e34a7ef1b612bd"><title>Warmtepompboiler plaatsen</title><date></date><icon src="https://staticqbr-be-prod.tnprod.cdn.dmdsdp.com/image-service/ImagesEPG/EventImages/4c9__db9__4c9db922-452b-410e-be2e-51be59a3a1df__B106259677.jpg"></icon><desc>Publireportage - Warmtepompboiler plaatsen - Je woning op een energiezuinige manier van warm water voorzien kan met een warmtepompboiler. Je kan die bovendien via je domotica aan je zonnepanelen koppelen om zo de overtollige energie van je zonnepanelen te gebruiken om je water alvast te verwarmen. De installatie van zo'n boiler kun je bovendien gemakkelijk zelf doen met een zelfbouwkit!</desc><category>Educatie</category></programme><programme channel="lgi-be-prod-master:dobbittv" start="20211227032200 +0000" stop="20211227034200 +0000" catchup-id="crid:~~2F~~2Ftelenet.be~~2Fe93c8f2e-c12c-429f-9007-365810a67a91,imi:5db325c766d8068a68f36706cb08d397c60bf6da"><title>Metselen met roger</title><date></date><icon src="https://staticqbr-be-prod.tnprod.cdn.dmdsdp.com/image-service/ImagesEPG/EventImages/4c9__db9__4c9db922-452b-410e-be2e-51be59a3a1df__B106259677.jpg"></icon><desc>Compilatieaflevering - Metselen met Roger - Metselen is een vak, maar ook als zelfbouwer kun je de kneepjes onder de knie krijgen. We overlopen alles wat er te leren valt.</desc><category>Educatie</category></programme><programme channel="lgi-be-prod-master:dobbittv" start="20211227034200 +0000" stop="20211227040200 +0000" catchup-id="crid:~~2F~~2Ftelenet.be~~2F6aa365e8-7761-4397-96ac-8f1d62f6a923,imi:59c8e4a7239d07cba173157165e4887e476e58bb"><title>Kast upgraden</title><date></date><icon src="https://staticqbr-be-prod.tnprod.cdn.dmdsdp.com/image-service/ImagesEPG/EventImages/4c9__db9__4c9db922-452b-410e-be2e-51be59a3a1df__B106259677.jpg"></icon><desc>Zo doe je het! - Slaapkamer inrichten 3 - Kast upgraden - Annabelle pakt de slaapkamer aan. Ze werkt haar bestaande kast af met contrasterend behang en extra kastunits.</desc><category>Educatie</category></programme><programme channel="lgi-be-prod-master:dobbittv" start="20211227040200 +0000" stop="20211227042000 +0000" catchup-id="crid:~~2F~~2Ftelenet.be~~2F55ddf0c1-34c9-410f-a1d1-bbdc2fed34a5,imi:790b85237605b45eb4adb84d9df90928ddc401c1"><title>Mijn tuin</title><date></date><icon src="https://staticqbr-be-prod.tnprod.cdn.dmdsdp.com/image-service/ImagesEPG/EventImages/1a0__173__1a0173c1-a0de-4821-b244-694faa63e1e8__B106263324.jpg"></icon><desc>In deze aflevering van 'mijn tuin' volgen we boomkappers. Ze leren ons enkele kneepjes van het vak.</desc><category>Educatie</category></programme><programme channel="lgi-be-prod-master:dobbittv" start="20211227042000 +0000" stop="20211227042700 +0000" catchup-id="crid:~~2F~~2Ftelenet.be~~2F4bae9ccb-26bf-450b-a4a9-6eb272729cce,imi:1c60314f2f3625c67c28188df1657a7d83449e4c"><title>Inox trappen</title><date></date><icon src="https://staticqbr-be-prod.tnprod.cdn.dmdsdp.com/image-service/ImagesEPG/EventImages/4c9__db9__4c9db922-452b-410e-be2e-51be59a3a1df__B106259677.jpg"></icon><desc>Publireportage - Inox trappen - Inox trappen combineren een stevige constructie met een tijdloos design. In deze reportage bezoeken we Intec, die maatwerk en plaatsing aanbiedt.</desc><category>Educatie</category></programme><programme channel="lgi-be-prod-master:dobbittv" start="20211227042700 +0000" stop="20211227044800 +0000" catchup-id="crid:~~2F~~2Ftelenet.be~~2F7fd27089-fc5a-44c3-9de7-cf940bdeec9e,imi:bbba003f39846d5fb4ae41437a22c4bb8954d3ab"><title>Mijn klas</title><date></date><icon src="https://staticqbr-be-prod.tnprod.cdn.dmdsdp.com/image-service/ImagesEPG/EventImages/4c9__db9__4c9db922-452b-410e-be2e-51be59a3a1df__B106259677.jpg"></icon><desc>In deze aflevering van 'Mijn klas' steken we samen met de leerkrachten de handen uit de mouwen om de tweede kleuterklas om te toveren tot een leerijke en avontuurlijke speelruimte. Vandaag voorzien we de ruimte van comfortabele vloerbekleding.</desc><category>Educatie</category></programme><programme channel="lgi-be-prod-master:dobbittv" start="20211227044800 +0000" stop="20211227050800 +0000" catchup-id="crid:~~2F~~2Ftelenet.be~~2Fcad573c3-7ac0-4c53-a14b-425faec0d4e9,imi:df4c47597398b6c74f9f69a6571a93945bfcba67"><title>Mijn klas</title><date></date><icon src="https://staticqbr-be-prod.tnprod.cdn.dmdsdp.com/image-service/ImagesEPG/EventImages/4c9__db9__4c9db922-452b-410e-be2e-51be59a3a1df__B106259677.jpg"></icon><desc>In deze aflevering van 'Mijn klas' steken we samen met de leerkrachten de handen uit de mouwen om de tweede kleuterklas om te toveren tot een leerijke en avontuurlijke speelruimte. Vandaag voorzien we een ruwe muur van naadloze wandpanelen.</desc><category>Educatie</category></programme><programme channel="lgi-be-prod-master:dobbittv" start="20211227050800 +0000" stop="20211227052500 +0000" catchup-id="crid:~~2F~~2Ftelenet.be~~2Fe537fa89-6a98-409d-b99f-7cf1d54362be,imi:c50f7021979ead1e1b103ab283d949538774cc76"><title>Simple diy</title><date></date><icon src="https://staticqbr-be-prod.tnprod.cdn.dmdsdp.com/image-service/ImagesEPG/EventImages/4c9__db9__4c9db922-452b-410e-be2e-51be59a3a1df__B106259677.jpg"></icon><desc>Simple DIY - Ep. 4 - Tips voor een kleine badkamer - Niet elke badkamer is groot en licht en ruim, zoals in de lifestylemagazines. In de meeste huizen zijn de badkamers kleiner en krapper. Maar niet getreurd! Met de juiste tips haal je het maximum uit de beperkte ruimte.</desc><category>Educatie</category></programme><programme channel="lgi-be-prod-master:dobbittv" start="20211227052500 +0000" stop="20211227054100 +0000" catchup-id="crid:~~2F~~2Ftelenet.be~~2F43bb9233-1bb0-43d0-aae6-0cb79f3880bb,imi:36c321c828c4da8d421820e7e61c6e106a8a829d"><title>Diy on wheels</title><date></date><icon src="https://staticqbr-be-prod.tnprod.cdn.dmdsdp.com/image-service/ImagesEPG/EventImages/4c9__db9__4c9db922-452b-410e-be2e-51be59a3a1df__B106259677.jpg"></icon><desc>Banden - Ep. 3 - DIY on wheels is het programma voor de autoliefhebber. We tonen niet alleen hoe je zelf aan je auto, moto of fiets kan sleutelen maar we bezoeken ook professionals of hobbyisten die dagelijks met hun auto, moto of fiets bezig zijn. In deze aflevering leren we bij over banden.</desc><category>Educatie</category></programme><programme channel="lgi-be-prod-master:dobbittv" start="20211227054100 +0000" stop="20211227055300 +0000" catchup-id="crid:~~2F~~2Ftelenet.be~~2F527e62a7-087b-4e0a-a77a-9ee76f746b92,imi:34f141bec060ae47c94e8dc43c2c23fdd44f0b2e"><title>Decoratie awards</title><date></date><icon src="https://staticqbr-be-prod.tnprod.cdn.dmdsdp.com/image-service/ImagesEPG/EventImages/4c9__db9__4c9db922-452b-410e-be2e-51be59a3a1df__B106259677.jpg"></icon><desc>Publireportage - Decoratie Awards - Op de Decoratie Awards worden schilders en decorateurs in de spotlights gezet. Bekijk de winnende projecten van de editie van 2021.</desc><category>Educatie</category></programme><programme channel="lgi-be-prod-master:dobbittv" start="20211227055300 +0000" stop="20211227061200 +0000" catchup-id="crid:~~2F~~2Ftelenet.be~~2F5a443abd-d65a-48b3-a211-1c346f667084,imi:2e350aefccc60ba389dcc9ee51e5feca5cf3db86"><title>De kunstenaar</title><date></date><icon src="https://staticqbr-be-prod.tnprod.cdn.dmdsdp.com/image-service/ImagesEPG/EventImages/4c9__db9__4c9db922-452b-410e-be2e-51be59a3a1df__B106259677.jpg"></icon><desc>De Smeedkunstenaar - Ep. 10 - Kristof Verkouille is kunstsmid en maakt speciale designs uit metaal. Hoe hij daarvoor aan de slag gaat zie je in deze reportage.</desc><category>Educatie</category></programme><programme channel="lgi-be-prod-master:dobbittv" start="20211227061200 +0000" stop="20211227062400 +0000" catchup-id="crid:~~2F~~2Ftelenet.be~~2F34c5fa31-86b8-475c-a204-c03da9bb3124,imi:30561752945cb8006dc2d5ef4a0dd150ae6ffc92"><title>Snel muren zetten</title><date></date><icon src="https://staticqbr-be-prod.tnprod.cdn.dmdsdp.com/image-service/ImagesEPG/EventImages/4c9__db9__4c9db922-452b-410e-be2e-51be59a3a1df__B106259677.jpg"></icon><desc>Publireportage - Snel muren zetten - Snel je ruwbouw opbouwen, het lijkt onmogelijk. Het kan wel degelijk met een systeem waarbij je bouwt met isolatieblokken en die erna verstevigt. Dit zorgt ervoor dat de bouwstenen zelf licht zijn en je huis zo gemakkelijk zelf op te bouwen is.</desc><category>Educatie</category></programme><programme channel="lgi-be-prod-master:dobbittv" start="20211227062400 +0000" stop="20211227064500 +0000" catchup-id="crid:~~2F~~2Ftelenet.be~~2Fb49276e9-47a1-40ff-b18e-2b3e2c975203,imi:44718e1c001df663993dcbc3dfa0a611501f9ffc"><title>Zelf gedaan, goed gedaan</title><date></date><icon src="https://staticqbr-be-prod.tnprod.cdn.dmdsdp.com/image-service/ImagesEPG/EventImages/4c9__db9__4c9db922-452b-410e-be2e-51be59a3a1df__B106259677.jpg"></icon><desc>Zelf gedaan, goed gedaan? - Ep. 6 - Franse Villa - Jean-Luc realiseerde zelf zijn droomvilla met zwembad in het zuiden van Frankrijk. Aangezien hij het hele proces ook filmde, kunnen we het project van A tot Z meevolgen.</desc><category>Educatie</category></programme><programme channel="lgi-be-prod-master:dobbittv" start="20211227064500 +0000" stop="20211227064700 +0000" catchup-id="crid:~~2F~~2Ftelenet.be~~2Faf67fc3b-25d7-448a-9ef6-09a36731b6df,imi:5270e43507143cd46321375b705f525d4b004130"><title>Zelf je raamopening opmeten</title><date></date><icon src="https://staticqbr-be-prod.tnprod.cdn.dmdsdp.com/image-service/ImagesEPG/EventImages/4c9__db9__4c9db922-452b-410e-be2e-51be59a3a1df__B106259677.jpg"></icon><desc>Publireportage - Zelf je raamopening opmeten - Om een raam op maat te maken, moet de raamopening correct worden opgemeten. Alleen dan kan een vlotte plaatsing gegarandeerd worden. Raamwinkel, specialist in ramen en deuren voor zelfplaatsing, geeft een aantal praktische tips mee.</desc><category>Educatie</category></programme><programme channel="lgi-be-prod-master:dobbittv" start="20211227064700 +0000" stop="20211227065800 +0000" catchup-id="crid:~~2F~~2Ftelenet.be~~2F82fc3174-d573-46c7-9c3b-c799ef003bf1,imi:41d624a8f53534b9205e51754e9a5ca2bb67a7ab"><title>Hallo roger</title><date></date><icon src="https://staticqbr-be-prod.tnprod.cdn.dmdsdp.com/image-service/ImagesEPG/EventImages/4c9__db9__4c9db922-452b-410e-be2e-51be59a3a1df__B106259677.jpg"></icon><desc>Hallo Roger - Ep. 8 - Kliklaminaat herstellen - Een beschadiging aan je zwevend laminaat? Geen probleem. Er bestaat een handig trucje om dit op te lossen. Je hebt uiteraard wel nog een restje laminaat nodig van de huidige vloer, vandaar het belang om altijd wat extra te bestellen dan nodig bij aankoop en dit goed te bewaren! Roger legt uit hoe je dit moet aanpakken.</desc><category>Educatie</category></programme><programme channel="lgi-be-prod-master:dobbittv" start="20211227065800 +0000" stop="20211227071800 +0000" catchup-id="crid:~~2F~~2Ftelenet.be~~2F5f685e26-8d2d-4aa0-9689-bb7b64b0d148,imi:1cdbcb18ee6f48b2af4baf83f21752f7f522185c"><title>De ambachter</title><date></date><icon src="https://staticqbr-be-prod.tnprod.cdn.dmdsdp.com/image-service/ImagesEPG/EventImages/4c9__db9__4c9db922-452b-410e-be2e-51be59a3a1df__B106259677.jpg"></icon><desc>Beeldhouwer - In 'De Ambachter' volgen we mensen die als job of hobby een ambacht uitoefenen. Wij volgen één van hun projecten van begin tot einde en tonen stap voor stap hoe deze vakmannen te werk gaan. In deze aflevering volgen we beeldhouwer Karel Van Roy.</desc><category>Educatie</category></programme><programme channel="lgi-be-prod-master:dobbittv" start="20211227071800 +0000" stop="20211227073100 +0000" catchup-id="crid:~~2F~~2Ftelenet.be~~2Fa7d8e281-8655-4b26-9fe9-6db857d14be1,imi:9cff3070b0882519ba9cd1cad3ea71a177a3ef3a"><title>Warmtepompboiler plaatsen</title><date></date><icon src="https://staticqbr-be-prod.tnprod.cdn.dmdsdp.com/image-service/ImagesEPG/EventImages/4c9__db9__4c9db922-452b-410e-be2e-51be59a3a1df__B106259677.jpg"></icon><desc>Publireportage - Warmtepompboiler plaatsen - Je woning op een energiezuinige manier van warm water voorzien kan met een warmtepompboiler. Je kan die bovendien via je domotica aan je zonnepanelen koppelen om zo de overtollige energie van je zonnepanelen te gebruiken om je water alvast te verwarmen. De installatie van zo'n boiler kun je bovendien gemakkelijk zelf doen met een zelfbouwkit!</desc><category>Educatie</category></programme><programme channel="lgi-be-prod-master:dobbittv" start="20211227073100 +0000" stop="20211227075100 +0000" catchup-id="crid:~~2F~~2Ftelenet.be~~2Fe93c8f2e-c12c-429f-9007-365810a67a91,imi:5ba92e502ccd4251b263239c308920d944185327"><title>Metselen met roger</title><date></date><icon src="https://staticqbr-be-prod.tnprod.cdn.dmdsdp.com/image-service/ImagesEPG/EventImages/4c9__db9__4c9db922-452b-410e-be2e-51be59a3a1df__B106259677.jpg"></icon><desc>Compilatieaflevering - Metselen met Roger - Metselen is een vak, maar ook als zelfbouwer kun je de kneepjes onder de knie krijgen. We overlopen alles wat er te leren valt.</desc><category>Educatie</category></programme><programme channel="lgi-be-prod-master:dobbittv" start="20211227075100 +0000" stop="20211227081200 +0000" catchup-id="crid:~~2F~~2Ftelenet.be~~2F6aa365e8-7761-4397-96ac-8f1d62f6a923,imi:b16fca277a24b2a7c6d9d0312fe2bc5faacc6b42"><title>Kast upgraden</title><date></date><icon src="https://staticqbr-be-prod.tnprod.cdn.dmdsdp.com/image-service/ImagesEPG/EventImages/4c9__db9__4c9db922-452b-410e-be2e-51be59a3a1df__B106259677.jpg"></icon><desc>Zo doe je het! - Slaapkamer inrichten 3 - Kast upgraden - Annabelle pakt de slaapkamer aan. Ze werkt haar bestaande kast af met contrasterend behang en extra kastunits.</desc><category>Educatie</category></programme><programme channel="lgi-be-prod-master:dobbittv" start="20211227081200 +0000" stop="20211227083000 +0000" catchup-id="crid:~~2F~~2Ftelenet.be~~2F55ddf0c1-34c9-410f-a1d1-bbdc2fed34a5,imi:4da5fbaff56192997f6cb7f2c036b139dd58def2"><title>Mijn tuin</title><date></date><icon src="https://staticqbr-be-prod.tnprod.cdn.dmdsdp.com/image-service/ImagesEPG/EventImages/1a0__173__1a0173c1-a0de-4821-b244-694faa63e1e8__B106263324.jpg"></icon><desc>In deze aflevering van 'mijn tuin' volgen we boomkappers. Ze leren ons enkele kneepjes van het vak.</desc><category>Educatie</category></programme><programme channel="lgi-be-prod-master:dobbittv" start="20211227083000 +0000" stop="20211227083700 +0000" catchup-id="crid:~~2F~~2Ftelenet.be~~2F4bae9ccb-26bf-450b-a4a9-6eb272729cce,imi:2e1ee1f264fff24c4e3a6d50273dad4e7283af95"><title>Inox trappen</title><date></date><icon src="https://staticqbr-be-prod.tnprod.cdn.dmdsdp.com/image-service/ImagesEPG/EventImages/4c9__db9__4c9db922-452b-410e-be2e-51be59a3a1df__B106259677.jpg"></icon><desc>Publireportage - Inox trappen - Inox trappen combineren een stevige constructie met een tijdloos design. In deze reportage bezoeken we Intec, die maatwerk en plaatsing aanbiedt.</desc><category>Educatie</category></programme><programme channel="lgi-be-prod-master:dobbittv" start="20211227083700 +0000" stop="20211227085800 +0000" catchup-id="crid:~~2F~~2Ftelenet.be~~2F7fd27089-fc5a-44c3-9de7-cf940bdeec9e,imi:d4acfe440e0e8e4661bc4ccd32f5e0c18e4e1333"><title>Mijn klas</title><date></date><icon src="https://staticqbr-be-prod.tnprod.cdn.dmdsdp.com/image-service/ImagesEPG/EventImages/4c9__db9__4c9db922-452b-410e-be2e-51be59a3a1df__B106259677.jpg"></icon><desc>In deze aflevering van 'Mijn klas' steken we samen met de leerkrachten de handen uit de mouwen om de tweede kleuterklas om te toveren tot een leerijke en avontuurlijke speelruimte. Vandaag voorzien we de ruimte van comfortabele vloerbekleding.</desc><category>Educatie</category></programme><programme channel="lgi-be-prod-master:dobbittv" start="20211227085800 +0000" stop="20211227091900 +0000" catchup-id="crid:~~2F~~2Ftelenet.be~~2Fcad573c3-7ac0-4c53-a14b-425faec0d4e9,imi:dd227512cacbb18ad35cfcd98bf07127fd057644"><title>Mijn klas</title><date></date><icon src="https://staticqbr-be-prod.tnprod.cdn.dmdsdp.com/image-service/ImagesEPG/EventImages/4c9__db9__4c9db922-452b-410e-be2e-51be59a3a1df__B106259677.jpg"></icon><desc>In deze aflevering van 'Mijn klas' steken we samen met de leerkrachten de handen uit de mouwen om de tweede kleuterklas om te toveren tot een leerijke en avontuurlijke speelruimte. Vandaag voorzien we een ruwe muur van naadloze wandpanelen.</desc><category>Educatie</category></programme><programme channel="lgi-be-prod-master:dobbittv" start="20211227091900 +0000" stop="20211227093600 +0000" catchup-id="crid:~~2F~~2Ftelenet.be~~2Fe537fa89-6a98-409d-b99f-7cf1d54362be,imi:a70f4df112198fff27f52961eb3848dfa24635e0"><title>Simple diy</title><date></date><icon src="https://staticqbr-be-prod.tnprod.cdn.dmdsdp.com/image-service/ImagesEPG/EventImages/4c9__db9__4c9db922-452b-410e-be2e-51be59a3a1df__B106259677.jpg"></icon><desc>Simple DIY - Ep. 4 - Tips voor een kleine badkamer - Niet elke badkamer is groot en licht en ruim, zoals in de lifestylemagazines. In de meeste huizen zijn de badkamers kleiner en krapper. Maar niet getreurd! Met de juiste tips haal je het maximum uit de beperkte ruimte.</desc><category>Educatie</category></programme><programme channel="lgi-be-prod-master:dobbittv" start="20211227093600 +0000" stop="20211227095100 +0000" catchup-id="crid:~~2F~~2Ftelenet.be~~2F43bb9233-1bb0-43d0-aae6-0cb79f3880bb,imi:591bc2a908295def6a0d9ff08a8b28050d38dc20"><title>Diy on wheels</title><date></date><icon src="https://staticqbr-be-prod.tnprod.cdn.dmdsdp.com/image-service/ImagesEPG/EventImages/4c9__db9__4c9db922-452b-410e-be2e-51be59a3a1df__B106259677.jpg"></icon><desc>Banden - Ep. 3 - DIY on wheels is het programma voor de autoliefhebber. We tonen niet alleen hoe je zelf aan je auto, moto of fiets kan sleutelen maar we bezoeken ook professionals of hobbyisten die dagelijks met hun auto, moto of fiets bezig zijn. In deze aflevering leren we bij over banden.</desc><category>Educatie</category></programme><programme channel="lgi-be-prod-master:dobbittv" start="20211227095100 +0000" stop="20211227100400 +0000" catchup-id="crid:~~2F~~2Ftelenet.be~~2F527e62a7-087b-4e0a-a77a-9ee76f746b92,imi:618ecddca795568550da20928ece2782a5e89fa9"><title>Decoratie awards</title><date></date><icon src="https://staticqbr-be-prod.tnprod.cdn.dmdsdp.com/image-service/ImagesEPG/EventImages/4c9__db9__4c9db922-452b-410e-be2e-51be59a3a1df__B106259677.jpg"></icon><desc>Publireportage - Decoratie Awards - Op de Decoratie Awards worden schilders en decorateurs in de spotlights gezet. Bekijk de winnende projecten van de editie van 2021.</desc><category>Educatie</category></programme><programme channel="lgi-be-prod-master:dobbittv" start="20211227100400 +0000" stop="20211227102300 +0000" catchup-id="crid:~~2F~~2Ftelenet.be~~2F5a443abd-d65a-48b3-a211-1c346f667084,imi:15ce49c82aa2211d26e19cde8238196e06beb494"><title>De kunstenaar</title><date></date><icon src="https://staticqbr-be-prod.tnprod.cdn.dmdsdp.com/image-service/ImagesEPG/EventImages/4c9__db9__4c9db922-452b-410e-be2e-51be59a3a1df__B106259677.jpg"></icon><desc>De Smeedkunstenaar - Ep. 10 - Kristof Verkouille is kunstsmid en maakt speciale designs uit metaal. Hoe hij daarvoor aan de slag gaat zie je in deze reportage.</desc><category>Educatie</category></programme><programme channel="lgi-be-prod-master:dobbittv" start="20211227102300 +0000" stop="20211227103600 +0000" catchup-id="crid:~~2F~~2Ftelenet.be~~2F34c5fa31-86b8-475c-a204-c03da9bb3124,imi:8f1e6753b4e578efb2df606ae5020e70b77bc8ad"><title>Snel muren zetten</title><date></date><icon src="https://staticqbr-be-prod.tnprod.cdn.dmdsdp.com/image-service/ImagesEPG/EventImages/4c9__db9__4c9db922-452b-410e-be2e-51be59a3a1df__B106259677.jpg"></icon><desc>Publireportage - Snel muren zetten - Snel je ruwbouw opbouwen, het lijkt onmogelijk. Het kan wel degelijk met een systeem waarbij je bouwt met isolatieblokken en die erna verstevigt. Dit zorgt ervoor dat de bouwstenen zelf licht zijn en je huis zo gemakkelijk zelf op te bouwen is.</desc><category>Educatie</category></programme><programme channel="lgi-be-prod-master:dobbittv" start="20211227103600 +0000" stop="20211227105600 +0000" catchup-id="crid:~~2F~~2Ftelenet.be~~2Fb49276e9-47a1-40ff-b18e-2b3e2c975203,imi:df9dc04ba1b5255c9ae5a70a0d66f4a537da26b2"><title>Zelf gedaan, goed gedaan</title><date></date><icon src="https://staticqbr-be-prod.tnprod.cdn.dmdsdp.com/image-service/ImagesEPG/EventImages/4c9__db9__4c9db922-452b-410e-be2e-51be59a3a1df__B106259677.jpg"></icon><desc>Zelf gedaan, goed gedaan? - Ep. 6 - Franse Villa - Jean-Luc realiseerde zelf zijn droomvilla met zwembad in het zuiden van Frankrijk. Aangezien hij het hele proces ook filmde, kunnen we het project van A tot Z meevolgen.</desc><category>Educatie</category></programme><programme channel="lgi-be-prod-master:dobbittv" start="20211227105600 +0000" stop="20211227105900 +0000" catchup-id="crid:~~2F~~2Ftelenet.be~~2Faf67fc3b-25d7-448a-9ef6-09a36731b6df,imi:a8421845ddba45e15dba5b9b8a13ee180fcef3fe"><title>Zelf je raamopening opmeten</title><date></date><icon src="https://staticqbr-be-prod.tnprod.cdn.dmdsdp.com/image-service/ImagesEPG/EventImages/4c9__db9__4c9db922-452b-410e-be2e-51be59a3a1df__B106259677.jpg"></icon><desc>Publireportage - Zelf je raamopening opmeten - Om een raam op maat te maken, moet de raamopening correct worden opgemeten. Alleen dan kan een vlotte plaatsing gegarandeerd worden. Raamwinkel, specialist in ramen en deuren voor zelfplaatsing, geeft een aantal praktische tips mee.</desc><category>Educatie</category></programme><programme channel="lgi-be-prod-master:dobbittv" start="20211227105900 +0000" stop="20211227110900 +0000" catchup-id="crid:~~2F~~2Ftelenet.be~~2F82fc3174-d573-46c7-9c3b-c799ef003bf1,imi:6547a4ac96ba0d82f16faff25a8b4f05670b7789"><title>Hallo roger</title><date></date><icon src="https://staticqbr-be-prod.tnprod.cdn.dmdsdp.com/image-service/ImagesEPG/EventImages/4c9__db9__4c9db922-452b-410e-be2e-51be59a3a1df__B106259677.jpg"></icon><desc>Hallo Roger - Ep. 8 - Kliklaminaat herstellen - Een beschadiging aan je zwevend laminaat? Geen probleem. Er bestaat een handig trucje om dit op te lossen. Je hebt uiteraard wel nog een restje laminaat nodig van de huidige vloer, vandaar het belang om altijd wat extra te bestellen dan nodig bij aankoop en dit goed te bewaren! Roger legt uit hoe je dit moet aanpakken.</desc><category>Educatie</category></programme><programme channel="lgi-be-prod-master:dobbittv" start="20211227110900 +0000" stop="20211227113000 +0000" catchup-id="crid:~~2F~~2Ftelenet.be~~2F5f685e26-8d2d-4aa0-9689-bb7b64b0d148,imi:ef3d282efb9b240d5b9738f1d9a3ad269a3fb1e9"><title>De ambachter</title><date></date><icon src="https://staticqbr-be-prod.tnprod.cdn.dmdsdp.com/image-service/ImagesEPG/EventImages/4c9__db9__4c9db922-452b-410e-be2e-51be59a3a1df__B106259677.jpg"></icon><desc>Beeldhouwer - In 'De Ambachter' volgen we mensen die als job of hobby een ambacht uitoefenen. Wij volgen één van hun projecten van begin tot einde en tonen stap voor stap hoe deze vakmannen te werk gaan. In deze aflevering volgen we beeldhouwer Karel Van Roy.</desc><category>Educatie</category></programme><programme channel="lgi-be-prod-master:dobbittv" start="20211227113000 +0000" stop="20211227114300 +0000" catchup-id="crid:~~2F~~2Ftelenet.be~~2Fa7d8e281-8655-4b26-9fe9-6db857d14be1,imi:8bfe5d527455b43acae10c8660f424aecee553c7"><title>Warmtepompboiler plaatsen</title><date></date><icon src="https://staticqbr-be-prod.tnprod.cdn.dmdsdp.com/image-service/ImagesEPG/EventImages/4c9__db9__4c9db922-452b-410e-be2e-51be59a3a1df__B106259677.jpg"></icon><desc>Publireportage - Warmtepompboiler plaatsen - Je woning op een energiezuinige manier van warm water voorzien kan met een warmtepompboiler. Je kan die bovendien via je domotica aan je zonnepanelen koppelen om zo de overtollige energie van je zonnepanelen te gebruiken om je water alvast te verwarmen. De installatie van zo'n boiler kun je bovendien gemakkelijk zelf doen met een zelfbouwkit!</desc><category>Educatie</category></programme><programme channel="lgi-be-prod-master:dobbittv" start="20211227114300 +0000" stop="20211227120200 +0000" catchup-id="crid:~~2F~~2Ftelenet.be~~2Fe93c8f2e-c12c-429f-9007-365810a67a91,imi:c2bf6a3d1cd63db3a41164b05487a96552da44c1"><title>Metselen met roger</title><date></date><icon src="https://staticqbr-be-prod.tnprod.cdn.dmdsdp.com/image-service/ImagesEPG/EventImages/4c9__db9__4c9db922-452b-410e-be2e-51be59a3a1df__B106259677.jpg"></icon><desc>Compilatieaflevering - Metselen met Roger - Metselen is een vak, maar ook als zelfbouwer kun je de kneepjes onder de knie krijgen. We overlopen alles wat er te leren valt.</desc><category>Educatie</category></programme>