<programme channel="lgi-be-prod-master:discoverysci" start="20211227001000 +0000" stop="20211227010000 +0000" catchup-id="crid:~~2F~~2Ftelenet.be~~2F0f1a136b-fe85-4283-8d6c-163bc8b81f5a,imi:6ec614679ef9b8008a6ff6f354e84f87ad73c5b3"><title>Contact</title><date></date><icon src="https://staticqbr-be-prod.tnprod.cdn.dmdsdp.com/image-service/ImagesEPG/EventImages/89e__826__89e826f9-5226-4373-8c38-52f0802da594__B154183886.jpg"></icon><desc>Amerikaanse docureeks (2019) waarin zes vooraanstaande onderzoekers aan de hand van waarnemingen en vrijgegeven dossiers antwoord proberen te krijgen op de vraag of buitenaardse levensvormen ooit contact hebben gezocht</desc><category>Documentaire, Oude culturen</category></programme><programme channel="lgi-be-prod-master:discoverysci" start="20211227010000 +0000" stop="20211227014800 +0000" catchup-id="crid:~~2F~~2Ftelenet.be~~2Fd64d9b13-f431-47a7-ab38-112579eb48f2,imi:2d100768bafda11a695641ecf3d73a57f8bb3d3a"><title>Contact</title><date></date><icon src="https://staticqbr-be-prod.tnprod.cdn.dmdsdp.com/image-service/ImagesEPG/EventImages/89e__826__89e826f9-5226-4373-8c38-52f0802da594__B154183886.jpg"></icon><desc>Amerikaanse docureeks (2019) waarin zes vooraanstaande onderzoekers aan de hand van waarnemingen en vrijgegeven dossiers antwoord proberen te krijgen op de vraag of buitenaardse levensvormen ooit contact hebben gezocht</desc><category>Documentaire, Oude culturen</category></programme><programme channel="lgi-be-prod-master:discoverysci" start="20211227014800 +0000" stop="20211227021200 +0000" catchup-id="crid:~~2F~~2Ftelenet.be~~2F54fdc357-3f86-4a4b-badf-36f54fbdc896,imi:78bcb20d9bf5b41a90e1002ea76f7eab4df8995e"><title>How Do They Do It?</title><date></date><icon src="https://staticqbr-be-prod.tnprod.cdn.dmdsdp.com/image-service/ImagesEPG/EventImages/b2f__844__b2f844d3-c56e-41c8-8fe4-c5dcc04ced1f__B48208155.jpg"></icon><desc>Hoe worden bergingsvoertuigen gemaakt, waaruit bestaat Roquefort en hoe worden bomen vervoerd? Leer er alles over als deze voorwerpen onder de microscoop worden gelegd.</desc><category>Wetenschap</category></programme><programme channel="lgi-be-prod-master:discoverysci" start="20211227021200 +0000" stop="20211227023600 +0000" catchup-id="crid:~~2F~~2Ftelenet.be~~2F74a192cb-02c2-4add-bff6-6a044c161495,imi:c38be0771673c049a7e637f74b1b84a6bbf6ba00"><title>How Do They Do It?</title><date></date><icon src="https://staticqbr-be-prod.tnprod.cdn.dmdsdp.com/image-service/ImagesEPG/EventImages/b2f__844__b2f844d3-c56e-41c8-8fe4-c5dcc04ced1f__B48208155.jpg"></icon><desc>Hoe wordt marmer geproduceerd, hoe maken ze mahjongsteentjes en hoe worden noodglijbanen gemaakt? Leer er alles over als deze voorwerpen onder de loep worden genomen.</desc><category>Wetenschap</category></programme><programme channel="lgi-be-prod-master:discoverysci" start="20211227023600 +0000" stop="20211227030000 +0000" catchup-id="crid:~~2F~~2Ftelenet.be~~2F948eadd3-bc88-4e31-90a0-19d115d14bf0,imi:63a2929e201999cb80ec52e15555ec9ef01bb287"><title>How Do They Do It?</title><date></date><icon src="https://staticqbr-be-prod.tnprod.cdn.dmdsdp.com/image-service/ImagesEPG/EventImages/b2f__844__b2f844d3-c56e-41c8-8fe4-c5dcc04ced1f__B48208155.jpg"></icon><desc>Ontdek hoe producten over de hele wereld worden geproduceerd, als we de geheimen van de productie onthullen. Met Kamaz-vrachtwagens, haarproducten en de Canton Tower.</desc><category>Wetenschap</category></programme><programme channel="lgi-be-prod-master:discoverysci" start="20211227030000 +0000" stop="20211227032400 +0000" catchup-id="crid:~~2F~~2Ftelenet.be~~2F8f43d882-0708-4093-a8f6-135cf4da0918,imi:376e0759c89d6b45985a007c63d149f8c5a732de"><title>How Do They Do It?</title><date></date><icon src="https://staticqbr-be-prod.tnprod.cdn.dmdsdp.com/image-service/ImagesEPG/EventImages/b2f__844__b2f844d3-c56e-41c8-8fe4-c5dcc04ced1f__B48208155.jpg"></icon><desc>Ontdek hoe producten over de hele wereld worden geproduceerd, als we de geheimen van de productie onthullen. Met kogellagers, de inkt van de cartoonist en kunstogen.</desc><category>Wetenschap</category></programme><programme channel="lgi-be-prod-master:discoverysci" start="20211227032400 +0000" stop="20211227034800 +0000" catchup-id="crid:~~2F~~2Ftelenet.be~~2F7ba3dfb0-a4f1-46e2-9c53-300aa2226974,imi:e1ca0fb93398ad319d6633531804bf767fb99657"><title>How It's Made</title><date></date><icon src="https://staticqbr-be-prod.tnprod.cdn.dmdsdp.com/image-service/ImagesEPG/EventImages/580__c60__580c60ae-e02a-4306-86de-cfcfb8cafd94__B141397041.jpg"></icon><desc>Hoe worden alledaagse dingen gemaakt? Een gesprek met ontwerpers en ambachtslui.</desc><category>Wetenschap</category></programme><programme channel="lgi-be-prod-master:discoverysci" start="20211227034800 +0000" stop="20211227041200 +0000" catchup-id="crid:~~2F~~2Ftelenet.be~~2F0fd95436-5de7-4f53-afc2-2f14d90e9785,imi:891e95a4b121df6a720c3e5ab70ad121b6ace6f1"><title>How It's Made</title><date></date><icon src="https://staticqbr-be-prod.tnprod.cdn.dmdsdp.com/image-service/ImagesEPG/EventImages/580__c60__580c60ae-e02a-4306-86de-cfcfb8cafd94__B141397041.jpg"></icon><desc>Hoe worden alledaagse dingen gemaakt? Een gesprek met ontwerpers en ambachtslui.</desc><category>Wetenschap</category></programme><programme channel="lgi-be-prod-master:discoverysci" start="20211227041200 +0000" stop="20211227043600 +0000" catchup-id="crid:~~2F~~2Ftelenet.be~~2Fc82eb082-c075-4285-af7c-6a58d50fcde5,imi:71d72e1c4756c5e46e1e0567e6023b516bd79f9f"><title>How It's Made</title><date></date><icon src="https://staticqbr-be-prod.tnprod.cdn.dmdsdp.com/image-service/ImagesEPG/EventImages/580__c60__580c60ae-e02a-4306-86de-cfcfb8cafd94__B141397041.jpg"></icon><desc>Hoe worden alledaagse dingen gemaakt? Een gesprek met ontwerpers en ambachtslui.</desc><category>Wetenschap</category></programme><programme channel="lgi-be-prod-master:discoverysci" start="20211227043600 +0000" stop="20211227050000 +0000" catchup-id="crid:~~2F~~2Ftelenet.be~~2Fc7a42868-37fc-4498-886f-ed6fef09ed6c,imi:94f86c7b0b6d0a6a81e99f0d5b5041e37c1d2218"><title>How It's Made</title><date></date><icon src="https://staticqbr-be-prod.tnprod.cdn.dmdsdp.com/image-service/ImagesEPG/EventImages/580__c60__580c60ae-e02a-4306-86de-cfcfb8cafd94__B141397041.jpg"></icon><desc>Hoe worden alledaagse dingen gemaakt? Een gesprek met ontwerpers en ambachtslui.</desc><category>Wetenschap</category></programme><programme channel="lgi-be-prod-master:discoverysci" start="20211227050000 +0000" stop="20211227052600 +0000" catchup-id="crid:~~2F~~2Ftelenet.be~~2F69733842-28a8-4bec-9e8e-4a7872f7e275,imi:419dee9455f0449d129a3dd1fcc4db1ee88426f7"><title>How Do They Do It?</title><date></date><icon src="https://staticqbr-be-prod.tnprod.cdn.dmdsdp.com/image-service/ImagesEPG/EventImages/b2f__844__b2f844d3-c56e-41c8-8fe4-c5dcc04ced1f__B48208155.jpg"></icon><desc>Eenvoudige dingen zijn vaak het product van de meest geavanceerde en specialistische technieken en productieprocessen. Kijk mee hoe deze productieprocessen verlopen.</desc><category>Wetenschap</category></programme><programme channel="lgi-be-prod-master:discoverysci" start="20211227052600 +0000" stop="20211227055000 +0000" catchup-id="crid:~~2F~~2Ftelenet.be~~2Fd3d1aeb2-8b2d-4271-92b2-43b8173dcae9,imi:811be8431ce1cebcf7b54263eae4cbaa8d350fd1"><title>How Do They Do It?</title><date></date><icon src="https://staticqbr-be-prod.tnprod.cdn.dmdsdp.com/image-service/ImagesEPG/EventImages/b2f__844__b2f844d3-c56e-41c8-8fe4-c5dcc04ced1f__B48208155.jpg"></icon><desc>Eenvoudige dingen zijn vaak het product van de meest geavanceerde en specialistische technieken en productieprocessen. Kijk mee hoe deze productieprocessen verlopen.</desc><category>Wetenschap</category></programme><programme channel="lgi-be-prod-master:discoverysci" start="20211227055000 +0000" stop="20211227061400 +0000" catchup-id="crid:~~2F~~2Ftelenet.be~~2F538c0889-4953-4a44-92db-3b879e9bca6a,imi:5524a881cbe8671c4d0486bb96aa07e92aca29b0"><title>How Do They Do It?</title><date></date><icon src="https://staticqbr-be-prod.tnprod.cdn.dmdsdp.com/image-service/ImagesEPG/EventImages/b2f__844__b2f844d3-c56e-41c8-8fe4-c5dcc04ced1f__B48208155.jpg"></icon><desc>Eenvoudige dingen zijn vaak het product van de meest geavanceerde en specialistische technieken en productieprocessen. Kijk mee hoe deze productieprocessen verlopen.</desc><category>Wetenschap</category></programme><programme channel="lgi-be-prod-master:discoverysci" start="20211227061400 +0000" stop="20211227063800 +0000" catchup-id="crid:~~2F~~2Ftelenet.be~~2F3bd92d78-5e00-4975-9257-bdba71abf3e5,imi:dfd7a471a81c49659d3da899657e73f8c3277ba1"><title>How Do They Do It?</title><date></date><icon src="https://staticqbr-be-prod.tnprod.cdn.dmdsdp.com/image-service/ImagesEPG/EventImages/b2f__844__b2f844d3-c56e-41c8-8fe4-c5dcc04ced1f__B48208155.jpg"></icon><desc>Hoe worden 's werelds duurste en hardste noten geoogst en verwerkt? Hoe wordt oppervlaktewater gezuiverd tot kraanwater? En hoe worden fans tijdens een concert in toom gehouden?</desc><category>Wetenschap</category></programme><programme channel="lgi-be-prod-master:discoverysci" start="20211227063800 +0000" stop="20211227070200 +0000" catchup-id="crid:~~2F~~2Ftelenet.be~~2Fbe456475-3e99-4f93-b88d-c04b3250236a,imi:8bc7906ffa4c9047aad1d8b9c7c621263a362364"><title>How Do They Do It?</title><date></date><icon src="https://staticqbr-be-prod.tnprod.cdn.dmdsdp.com/image-service/ImagesEPG/EventImages/b2f__844__b2f844d3-c56e-41c8-8fe4-c5dcc04ced1f__B48208155.jpg"></icon><desc>Eenvoudige dingen zijn vaak het product van de meest geavanceerde en specialistische technieken en productieprocessen. Kijk mee hoe deze productieprocessen verlopen.</desc><category>Wetenschap</category></programme><programme channel="lgi-be-prod-master:discoverysci" start="20211227070200 +0000" stop="20211227075000 +0000" catchup-id="crid:~~2F~~2Ftelenet.be~~2F97a8de2d-9cec-43d6-b752-07118099fe6b,imi:9c7b5a690428727fc21c5a7b20ed212d1834ca13"><title>NASA's Unexplained Files</title><date></date><icon src="https://staticqbr-be-prod.tnprod.cdn.dmdsdp.com/image-service/ImagesEPG/EventImages/a69__afd__a69afd29-9bc5-46d2-acdf-1b33adc4f72f__B107314542.jpg"></icon><desc>Britse documentairereeks (2012) waarin opmerkelijke zaken besproken worden waarmee sterrenkundigen en ruimtevaarders van NASA geconfronteerd werden en die hen voor nieuwe raadsels stelden</desc><category>Documentaire, Oude culturen</category></programme><programme channel="lgi-be-prod-master:discoverysci" start="20211227075000 +0000" stop="20211227083800 +0000" catchup-id="crid:~~2F~~2Ftelenet.be~~2F898c8578-e9b8-4edc-a924-b61b73ac8b64,imi:6eda94078f5976040ac21bddceed7ac633ff4b03"><title>NASA's Unexplained Files</title><date></date><icon src="https://staticqbr-be-prod.tnprod.cdn.dmdsdp.com/image-service/ImagesEPG/EventImages/a69__afd__a69afd29-9bc5-46d2-acdf-1b33adc4f72f__B107314542.jpg"></icon><desc>Britse documentairereeks (2012) waarin opmerkelijke zaken besproken worden waarmee sterrenkundigen en ruimtevaarders van NASA geconfronteerd werden en die hen voor nieuwe raadsels stelden</desc><category>Documentaire, Oude culturen</category></programme><programme channel="lgi-be-prod-master:discoverysci" start="20211227083800 +0000" stop="20211227092600 +0000" catchup-id="crid:~~2F~~2Ftelenet.be~~2F722281c4-d5dc-4841-89e7-d59a1f064f86,imi:a3f73fc460355e8e9b478a94b273d8c3376b4680"><title>Secret Space Escapes</title><date></date><icon src="https://staticqbr-be-prod.tnprod.cdn.dmdsdp.com/image-service/ImagesEPG/EventImages/d87__146__d8714629-b0c1-451e-af50-517b016ec914__B152771986.jpg"></icon><desc>Astronauten en kosmonauten bestrijden een levensbedreigende brand en ontfermen zich over een stuurloos vrachtschip op het Russische ruimtestation Mir.</desc><category>Documentaire, Oude culturen</category></programme><programme channel="lgi-be-prod-master:discoverysci" start="20211227092600 +0000" stop="20211227101400 +0000" catchup-id="crid:~~2F~~2Ftelenet.be~~2Fe3e58610-c05a-432a-8774-1c8b86c08f68,imi:84295beb75e9c1d81c3ce0fe0c1153c3bd219ff2"><title>Richard Hammond's Big</title><date></date><icon src="https://staticqbr-be-prod.tnprod.cdn.dmdsdp.com/image-service/ImagesEPG/EventImages/f66__2c7__f662c790-2f3d-40ff-ae1e-4ae0d468f273__B165225057.jpg"></icon><desc>Richard bezoekt een van de grootste containerschepen ter wereld: de Marie Maersk, dat doorlopend heen en weer vaart tussen Azië en Europa. Richard meert ook aan in Rotterdam.</desc><category>Documentaire, Oude culturen</category></programme><programme channel="lgi-be-prod-master:discoverysci" start="20211227101400 +0000" stop="20211227110200 +0000" catchup-id="crid:~~2F~~2Ftelenet.be~~2F94b07c0b-b911-4fec-bd50-b8ae1dd4dd17,imi:b1c05ce9574a8a19b191fa7a7712127c213552cb"><title>Richard Hammond's Big</title><date></date><icon src="https://staticqbr-be-prod.tnprod.cdn.dmdsdp.com/image-service/ImagesEPG/EventImages/f66__2c7__f662c790-2f3d-40ff-ae1e-4ae0d468f273__B165225057.jpg"></icon><desc>Richard begeeft zich diep onder de Alpen in 's werelds langste ondergrondse spoorverbinding: de Brenner-basisstunnel. Hier ziet hij een aantal indrukwekkende machines aan het werk.</desc><category>Documentaire, Oude culturen</category></programme><programme channel="lgi-be-prod-master:discoverysci" start="20211227110200 +0000" stop="20211227112600 +0000" catchup-id="crid:~~2F~~2Ftelenet.be~~2F0152a023-93b3-4757-9e07-f21ac08334e0,imi:5fef027e319fc4f59ef8578cca9acfe65732c2ac"><title>How It's Made: Dream Cars</title><date></date><icon src="https://staticqbr-be-prod.tnprod.cdn.dmdsdp.com/image-service/ImagesEPG/EventImages/636__90d__63690d67-cc16-4b99-a0e9-47e85bcfae8b__B145096842.jpg"></icon><desc>Heb je je weleens afgevraagd hoe een Superformance GT40 wordt geproduceerd? Het team van 'How It's Made' bezoekt de fabriek en krijgt een inkijkje in het productieproces.</desc><category>Documentaire, Oude culturen</category></programme><programme channel="lgi-be-prod-master:discoverysci" start="20211227112600 +0000" stop="20211227115000 +0000" catchup-id="crid:~~2F~~2Ftelenet.be~~2F78e97283-e17a-4723-873d-44b02d49ad73,imi:b550c84ec353085d8798508ab0c4401427fa63bd"><title>How It's Made: Dream Cars</title><date></date><icon src="https://staticqbr-be-prod.tnprod.cdn.dmdsdp.com/image-service/ImagesEPG/EventImages/636__90d__63690d67-cc16-4b99-a0e9-47e85bcfae8b__B145096842.jpg"></icon><desc>Heb je je weleens afgevraagd hoe een Porsche 918 Spyder wordt gemaakt? Het team van 'How It's Made' bezoekt de fabriek en krijgt een inkijk in het productieproces.</desc><category>Documentaire, Oude culturen</category></programme><programme channel="lgi-be-prod-master:discoverysci" start="20211227115000 +0000" stop="20211227121400 +0000" catchup-id="crid:~~2F~~2Ftelenet.be~~2F4c5319ac-a3d4-44e5-be90-965995b90744,imi:f7d7c0f35f06a96fff73f58d8ff304d7bf453e32"><title>How It's Made: Dream Cars</title><date></date><icon src="https://staticqbr-be-prod.tnprod.cdn.dmdsdp.com/image-service/ImagesEPG/EventImages/636__90d__63690d67-cc16-4b99-a0e9-47e85bcfae8b__B145096842.jpg"></icon><desc>Heb je je weleens afgevraagd hoe een Aston Martin Vanquish wordt geproduceerd? Het team van 'How It's Made' bezoekt de fabriek en krijgt een inkijkje in het productieproces.</desc><category>Documentaire, Oude culturen</category></programme>