<programme channel="lgi-be-prod-master:2mmonde" start="20211227002000 +0000" stop="20211227014500 +0000" catchup-id="crid:~~2F~~2Ftelenet.be~~2F94370c09-a260-4732-bc35-392199131b17-ara,imi:98a943c6d70c0863d80372e6983e5bf49e8a906a"><title>Wasfat houb</title><date></date><icon src="https://staticqbr-be-prod.tnprod.cdn.dmdsdp.com/image-service/ImagesEPG/EventImages/938__05a__93805a05-b54a-4d86-a6a6-f199a924ace1__B105932964.jpg"></icon><desc>Autre</desc><category>Dramaseries</category></programme><programme channel="lgi-be-prod-master:2mmonde" start="20211227014500 +0000" stop="20211227033500 +0000" catchup-id="crid:~~2F~~2Ftelenet.be~~2Fc49b4d22-46d9-4145-8a3e-e64d40616b2d-ara,imi:02bc07dde20bde147f1ae4a3c5a058b8fc0a9b12"><title>Allayla Sahratna</title><date></date><icon src="https://staticqbr-be-prod.tnprod.cdn.dmdsdp.com/image-service/ImagesEPG/EventImages/215__e00__215e00d1-e35d-49ff-a2c6-bb77a2917299__W106255293.jpg"></icon><desc>Emission musicale présentée par Ibtissam Koutaïbi et préparée par le musicien et professeur Abdesslam El Khalloufi.</desc><category>Nieuws, Actualiteitenprogramma's</category></programme><programme channel="lgi-be-prod-master:2mmonde" start="20211227033500 +0000" stop="20211227050000 +0000" catchup-id="crid:~~2F~~2Ftelenet.be~~2Fb5940bba-8166-4272-99b9-ac818cb62e54-ara,imi:03fc5da17e8b88d390c9fb4e466d5a89b2fce938"><title>Moukhtafoune</title><date></date><icon src="https://staticqbr-be-prod.tnprod.cdn.dmdsdp.com/image-service/ImagesEPG/EventImages/d19__6d5__d196d51e-7ac3-4c5e-b476-861ba8cdb69c__B106259663.jpg"></icon><desc>Magazine de société qui se penche sur toute sorte d'exploitations des gens, toujours à l'écoute des victimes de maltraitance. &quot;Moukhtafoune&quot; tente de comprendre toutes sortes de situations et l'équipe est toujours prête à se déplacer pour essayer de réunir les familles et proches perdus de vue...</desc><category>Vrije tijd, Mode</category></programme><programme channel="lgi-be-prod-master:2mmonde" start="20211227050000 +0000" stop="20211227052500 +0000" catchup-id="crid:~~2F~~2Ftelenet.be~~2F1d0df3cd-4f6d-4976-ae58-d4d03d75b68f-ara,imi:7e531d211c7bfd58244c53aac328b642a1f996cd"><title>Ch'hiwat bladi</title><date></date><icon src="https://staticqbr-be-prod.tnprod.cdn.dmdsdp.com/image-service/ImagesEPG/EventImages/8a5__7d1__8a57d11c-0bb2-45ec-a30e-44884b078800__B106258281.jpg"></icon><desc>Sous la forme d'un voyage gastronomique à travers les régions marocaines ; à l'aide d'un habitant de la région visitée, &quot; Ch'hiwate Bladi &quot; nous fait découvrir les mets et spécialités locales.</desc><category>Culinair</category></programme><programme channel="lgi-be-prod-master:2mmonde" start="20211227052500 +0000" stop="20211227062000 +0000" catchup-id="crid:~~2F~~2Ftelenet.be~~2Fd5248274-b0a8-417f-9009-3ab4cbec30ff-ara,imi:27b9c7c425a2c08bdf8eee22e990032ccfe25a2a"><title>Sabahiyat 2m</title><date></date><icon src="https://staticqbr-be-prod.tnprod.cdn.dmdsdp.com/image-service/ImagesEPG/EventImages/215__e00__215e00d1-e35d-49ff-a2c6-bb77a2917299__W106255293.jpg"></icon><desc>Sbahiyat 2M, présenté par Samira al Balwi offre des conseils liés à la santé, la beauté, la cuisine, la décoration et autres.</desc><category>Nieuws, Actualiteitenprogramma's</category></programme><programme channel="lgi-be-prod-master:2mmonde" start="20211227062000 +0000" stop="20211227065000 +0000" catchup-id="crid:~~2F~~2Ftelenet.be~~2F13c98a05-510c-4059-87f4-2076319a3c45-ara,imi:0a5b62545307a6f46768c1294c6d65aa846ebdac"><title>Kif al hal</title><date></date><icon src="https://staticqbr-be-prod.tnprod.cdn.dmdsdp.com/image-service/ImagesEPG/EventImages/215__e00__215e00d1-e35d-49ff-a2c6-bb77a2917299__W106255293.jpg"></icon><desc>Tous les conseils pour vous permettre de gérer au mieux votre foyer, l'éducation de vos enfants ou encore les difficultés de votre couple.</desc><category>Nieuws, Actualiteitenprogramma's</category></programme><programme channel="lgi-be-prod-master:2mmonde" start="20211227065000 +0000" stop="20211227072000 +0000" catchup-id="crid:~~2F~~2Ftelenet.be~~2F18331282-2ca2-4aef-b1ff-5059b68ccacb-ara,imi:a02995e6d1d332d565cd1cb8b3a4ab9edba1a1fa"><title>Al barlamane wa Annass</title><date></date><icon src="https://staticqbr-be-prod.tnprod.cdn.dmdsdp.com/image-service/ImagesEPG/EventImages/215__e00__215e00d1-e35d-49ff-a2c6-bb77a2917299__W106255293.jpg"></icon><desc>Magazine politique de la vie parlementaire marocaine qui présente des projets de loi au stade de leur soumission, de leur discussion et du vote de l'assemblée.</desc><category>Nieuws, Actualiteitenprogramma's</category></programme><programme channel="lgi-be-prod-master:2mmonde" start="20211227072000 +0000" stop="20211227075000 +0000" catchup-id="crid:~~2F~~2Ftelenet.be~~2F0ab77653-f581-48b4-b946-dd262907102e-ara,imi:b1f083589f323994e9960b865d8fe0fff6f88a0a"><title>Sahatna jmi3</title><date></date><icon src="https://staticqbr-be-prod.tnprod.cdn.dmdsdp.com/image-service/ImagesEPG/EventImages/215__e00__215e00d1-e35d-49ff-a2c6-bb77a2917299__W106255293.jpg"></icon><desc>Programme hebdomadaire qui sous-entend une variété de sujets. Nous traitons des problèmes de santé qui préoccupent nos citoyens, ainsi que des cas de certains patients qui souffrent de maladies ou de malformations affectant leurs relations familiales et sociales.</desc><category>Nieuws, Actualiteitenprogramma's</category></programme><programme channel="lgi-be-prod-master:2mmonde" start="20211227075000 +0000" stop="20211227083500 +0000" catchup-id="crid:~~2F~~2Ftelenet.be~~2Fb4a8267b-d138-4991-9b60-809d8de58cc5-ara,imi:11c4cac97878365f08d50b7be5dc6e1b1aac03ef"><title>Doumou3 Arrijal</title><date></date><icon src="https://staticqbr-be-prod.tnprod.cdn.dmdsdp.com/image-service/ImagesEPG/EventImages/f15__6db__f156db89-09e9-45e2-92f2-44d4191a0219__B105936399.jpg"></icon><desc>Série dramatique qui raconte les difficultés existentielles de familles marocaines en proie aux vicissitudes de la vie.</desc><category>Dramaseries</category></programme><programme channel="lgi-be-prod-master:2mmonde" start="20211227083500 +0000" stop="20211227090000 +0000" catchup-id="crid:~~2F~~2Ftelenet.be~~2F95c399f2-b0cc-437f-b952-e8447cb9ee5e-ara,imi:d3cf9484337d95ba7d23fb5949cf22e54d9d1e8e"><title>Bab Lbhar</title><date></date><icon src="https://staticqbr-be-prod.tnprod.cdn.dmdsdp.com/image-service/ImagesEPG/EventImages/f15__6db__f156db89-09e9-45e2-92f2-44d4191a0219__B105936399.jpg"></icon><desc>Une série policière qui parle de l'enlèvement d'un enfant issu d'une riche famille; et la police qui va ouvrir une enquête pour le retrouver.</desc><category>Dramaseries</category></programme><programme channel="lgi-be-prod-master:2mmonde" start="20211227090000 +0000" stop="20211227091000 +0000" catchup-id="crid:~~2F~~2Ftelenet.be~~2F839435d9-8090-41c0-9248-90239f94225a-ara,imi:9ccc1ed8072dae1e38e603e9d7f7bdf998037dc0"><title>Ch'hiwa ma3a Choumicha</title><date></date><icon src="https://staticqbr-be-prod.tnprod.cdn.dmdsdp.com/image-service/ImagesEPG/EventImages/215__e00__215e00d1-e35d-49ff-a2c6-bb77a2917299__W106255293.jpg"></icon><desc>Choumicha nous présente des recettes diverses et variées.</desc><category>Nieuws, Actualiteitenprogramma's</category></programme><programme channel="lgi-be-prod-master:2mmonde" start="20211227091000 +0000" stop="20211227095000 +0000" catchup-id="crid:~~2F~~2Ftelenet.be~~2Fb79aa48e-5fde-4045-b216-8d596c44ecef-ara,imi:45a5dabc842e3f426a9e3b12a9b9836d04ab04df"><title>Bayna Narayne</title><date></date><icon src="https://staticqbr-be-prod.tnprod.cdn.dmdsdp.com/image-service/ImagesEPG/EventImages/f15__6db__f156db89-09e9-45e2-92f2-44d4191a0219__B105936399.jpg"></icon><desc>Le feuilleton turque qui figure sur la liste des émissions les plus regardées sur 2M au Maroc. La série dramatique où l'amour, la haine, la trahison, la tradition, l'amitié sont au coeur de l'histoire.</desc><category>Dramaseries</category></programme><programme channel="lgi-be-prod-master:2mmonde" start="20211227095000 +0000" stop="20211227100000 +0000" catchup-id="crid:~~2F~~2Ftelenet.be~~2Fd8b4a368-fb50-4cbc-a0d7-f185caabcd59-ara,imi:c70efbfbbb491e50b7469b79261573fd9de8e8bd"><title>Kif al hal</title><date></date><icon src="https://staticqbr-be-prod.tnprod.cdn.dmdsdp.com/image-service/ImagesEPG/EventImages/215__e00__215e00d1-e35d-49ff-a2c6-bb77a2917299__W106255293.jpg"></icon><desc>Tous les conseils pour vous permettre de gérer au mieux votre foyer, l'éducation de vos enfants ou encore les difficultés de votre couple.</desc><category>Nieuws, Actualiteitenprogramma's</category></programme><programme channel="lgi-be-prod-master:2mmonde" start="20211227100000 +0000" stop="20211227110000 +0000" catchup-id="crid:~~2F~~2Ftelenet.be~~2F084ed018-27da-4310-a8ba-d69690a42077-ara,imi:d15262999b4ec4a53e27bbc23878dbb14ca0b6fe"><title>Sabahiyat 2m</title><date></date><icon src="https://staticqbr-be-prod.tnprod.cdn.dmdsdp.com/image-service/ImagesEPG/EventImages/215__e00__215e00d1-e35d-49ff-a2c6-bb77a2917299__W106255293.jpg"></icon><desc>Sbahiyat 2M, présenté par Samira al Balwi offre des conseils liés à la santé, la beauté, la cuisine, la décoration et autres.</desc><category>Nieuws, Actualiteitenprogramma's</category></programme><programme channel="lgi-be-prod-master:2mmonde" start="20211227110000 +0000" stop="20211227113500 +0000" catchup-id="crid:~~2F~~2Ftelenet.be~~2F9194537c-c074-407e-8ca4-91ba4462aad0-ara,imi:a9b70e1770e2a83abbc5e8f6c178d2302870c8bd"><title>Hay al bahja</title><date></date><icon src="https://staticqbr-be-prod.tnprod.cdn.dmdsdp.com/image-service/ImagesEPG/EventImages/f15__6db__f156db89-09e9-45e2-92f2-44d4191a0219__B105936399.jpg"></icon><desc>Une série qui décrit les habitudes et les moeurs des gens ordinaires du Maroc. Ce sont trois familles qui habitent en voisinage dans un vieux quartier de Médina. Leur vie quotidienne change quand un agent immobilier leur propose de construire un grand immeuble moderne à la place de leur vieux quartier.</desc><category>Dramaseries</category></programme><programme channel="lgi-be-prod-master:2mmonde" start="20211227113500 +0000" stop="20211227114500 +0000" catchup-id="crid:~~2F~~2Ftelenet.be~~2F17f57cd6-5737-46d2-9682-1372cf37e327-ara,imi:b4a7d226bfe7a49715add0f2038a238d54648c48"><title>Bulletin météo</title><date></date><icon src=""></icon><desc>Tenez-vous informés des prévisions météorologiques avec le bulletin météo de 2M.</desc><category>Nieuws, Weer</category></programme><programme channel="lgi-be-prod-master:2mmonde" start="20211227114500 +0000" stop="20211227121500 +0000" catchup-id="crid:~~2F~~2Ftelenet.be~~2Fc4e4bcae-8f61-4e75-be2f-1e4ab08d1a23-ara,imi:1a299bad9210a3b4f534ac5dd499339c3b6b0e45"><title>Al akhbar</title><date></date><icon src="https://staticqbr-be-prod.tnprod.cdn.dmdsdp.com/image-service/ImagesEPG/EventImages/f14__de0__f14de018-9dd6-491e-8f14-8ef0f728ccbd__B78363348.jpg"></icon><desc>Journal d'informations qui revient sur l'actualité politique et économique du jour au Maroc et dans le monde.</desc><category>Overig</category></programme>