<programme channel="lgi-be-prod-master:primestarhd" start="20211226231300 +0000" stop="20211227011800 +0000" catchup-id="crid:~~2F~~2Ftelenet.be~~2F19a590c7-f636-40b3-b3a0-7386c9ce8c57,imi:34a868cd83c4d7310c316e0ce8f094ae8af9bbf3"><title>Into the Labyrinth</title><date>2019</date><icon src="https://staticqbr-be-prod.tnprod.cdn.dmdsdp.com/image-service/ImagesEPG/EventImages/ea8__b17__ea8b17dc-d6c5-4781-85e1-7070c1e325d7__B208213696.jpg"></icon><desc>Samantha wordt totaal in shock wakker in een ziekenhuis. Vijftien jaar eerder werd ze ontvoerd terwijl ze onderweg was naar school. Dr. Green probeert haar nu te helpen met haar geheugen, zodat ze haar herinneringen over een zogenaamd labyrint terug kan oproepen. Dat labyrint zou een ondergrondse cel zijn, waar Samantha werd vastgehouden en gedwongen werd om raadsels op te lossen. Ook privédetective Bruno Genko is vastberaden het mysterie rond haar ontvoering op te helderen.</desc><category>Film, Actie</category></programme><programme channel="lgi-be-prod-master:primestarhd" start="20211227011800 +0000" stop="20211227033000 +0000" catchup-id="crid:~~2F~~2Ftelenet.be~~2Fa7e52b21-14bf-4b40-a954-b48639ac9bb7,imi:d9b7759f980372f796d7cf0eab5322469a3bea8d"><title>The King of Staten Island</title><date>2020</date><icon src="https://staticqbr-be-prod.tnprod.cdn.dmdsdp.com/image-service/ImagesEPG/EventImages/d25__692__d2569208-deef-43e5-a217-6fbb43a07690__B201917309.jpg"></icon><desc>Scott verloor zijn vader op zevenjarige leeftijd en haalde zich tijdens zijn tienerjaren voortdurend problemen op de hals. Als twintiger brengt hij nu zijn tijd door met drugs, rondhangen met vrienden en kortstondige relaties met jeugdvriendinnen. Wanneer zijn moeder begint te daten met de luidruchtige brandweerman Ray, het beroep dat ook zijn vader beoefende, zet dit een allesveranderende kettingreactie in gang.</desc><category>Film, Drama</category></programme><programme channel="lgi-be-prod-master:primestarhd" start="20211227033000 +0000" stop="20211227052300 +0000" catchup-id="crid:~~2F~~2Ftelenet.be~~2F7b40ccbe-b579-4282-9d95-39eb83cc637d,imi:9bed59bdca459bea7b170898ab6560ad17c85cda"><title>Oslo</title><date>2021</date><icon src="https://staticqbr-be-prod.tnprod.cdn.dmdsdp.com/image-service/ImagesEPG/EventImages/6cf__44c__6cf44ced-4ff9-4697-90eb-c1baeb4f9eef__B203258966.jpg"></icon><desc>1993. Een kleine groep Israëliërs en Palestijnen leidt samen met een Noors echtpaar de Oslo-vredesakkoorden. Deze gebeurtenis markeert het begin van een proces om een vredesverdrag tussen Israël en Palestina tot stand te brengen. Tijdens dit proces ontstaan er onwaarschijnlijke vriendschappen tussen de betrokkenen.</desc><category>Film, Drama</category></programme><programme channel="lgi-be-prod-master:primestarhd" start="20211227052300 +0000" stop="20211227060800 +0000" catchup-id="crid:~~2F~~2Ftelenet.be~~2F55939d91-cd1a-4616-81e3-1e2aeb842573,imi:cafab38a12cd35ac59b44bcdf93cb1a1d22b307e"><title>Onderbreking</title><date></date><icon src=""></icon><desc>Geen uitzending.</desc><category>Overig</category></programme><programme channel="lgi-be-prod-master:primestarhd" start="20211227060800 +0000" stop="20211227075300 +0000" catchup-id="crid:~~2F~~2Ftelenet.be~~2F5a8a6b71-b7dd-422f-8af8-ffc41dd61a10,imi:9e520342b5c693b09b4fb20b55723fa365be302e"><title>Bombshell</title><date>2019</date><icon src="https://staticqbr-be-prod.tnprod.cdn.dmdsdp.com/image-service/ImagesEPG/EventImages/1e6__a74__1e6a7416-c545-4824-9bda-deb3b43f55f0__B209519129.jpg"></icon><desc>Nadat het programma van Fox-presentator Gretchen Carlson van primetime naar een daluur in de middag is verhuisd omdat ze niet in wilde gaan op de seksuele avances van haar baas Roger Ailes, besluit ze hem aan te klagen in de verwachting dat andere vrouwelijke collega's zich bij haar zullen aansluiten. Maar Ailes ziet er op toe dat zijn vrouwelijke presentatoren hem stuk voor stuk openlijk blijven steunen. Alleen Fox-anker Megyn Kelly heeft nog geen kant gekozen en komt daardoor meer en meer onder druk te staan. Ondertussen ondervindt Gretchens jonge, ambitieuze pupil Kayla Pospisil wat ze moet doen om hogerop te geraken.</desc><category>Film, Drama</category></programme><programme channel="lgi-be-prod-master:primestarhd" start="20211227075300 +0000" stop="20211227093700 +0000" catchup-id="crid:~~2F~~2Ftelenet.be~~2F2d858f37-72cf-473e-9459-5dccbfe4eecf,imi:45bfe7f4dcab4da4fb12c46e543fa5712ed7731f"><title>American Traitor: The Trial of Axis Sally</title><date>2021</date><icon src="https://staticqbr-be-prod.tnprod.cdn.dmdsdp.com/image-service/ImagesEPG/EventImages/c2f__690__c2f690b3-6a8b-42dc-aa48-525e9f50b438__B210690809.jpg"></icon><desc>De Amerikaanse radiopresentatrice Mildred Gillars is tijdens de Tweede Wereldoorlog werkzaam voor de nazi's, met het oog op het verspreiden van propaganda. Geliefd en gehaat door de Amerikaanse militairen krijgt ze al gauw de bijnaam Axis Sally. Na de oorlog wordt ze beschuldigd van verraad en veroordeeld tot een gevangenisstraf.</desc><category>Film, Drama</category></programme><programme channel="lgi-be-prod-master:primestarhd" start="20211227093700 +0000" stop="20211227111700 +0000" catchup-id="crid:~~2F~~2Ftelenet.be~~2F4c9e7bbd-67ca-41dc-bee0-38c9951824a4,imi:5db23d4d7ca4d7dd4069ba3be391444bc21f8964"><title>The Man Who Sold His Skin</title><date>2020</date><icon src="https://staticqbr-be-prod.tnprod.cdn.dmdsdp.com/image-service/ImagesEPG/EventImages/f58__077__f5807743-ca34-4c0b-b28c-74c6c47eadd5__B210800881.jpg"></icon><desc>De Syrische Sam Ali trekt naar Libanon om de burgeroorlog in zijn vaderland te ontvluchten. Daar ontmoet hij de beroemde Amerikaanse kunstenaar Jeffrey Godefroi, van wie hij een tatoeage krijgt. Hierdoor wordt Sam een levend kunstwerk dat op de kunstmarkt en veilingen heel veel waard is. De jongeman wil echter geen meesterwerk zijn, maar weer als mens aangezien worden.</desc><category>Film, Drama</category></programme><programme channel="lgi-be-prod-master:primestarhd" start="20211227111700 +0000" stop="20211227125500 +0000" catchup-id="crid:~~2F~~2Ftelenet.be~~2F8a711f6b-82c7-489e-84d1-6b80f3c1d312,imi:26691b61af36bce4244eaa78aea12c8533beb6e4"><title>The Scorpion King: Book of Souls</title><date>2018</date><icon src="https://staticqbr-be-prod.tnprod.cdn.dmdsdp.com/image-service/ImagesEPG/EventImages/a4e__a58__a4ea5816-0456-48c4-af12-07953d7e43d0__B210511486.jpg"></icon><desc>In het oude Egypte ontdekt slechterik Nebserek een vervloekt zwaard dat de eigenaar ervan sterker maakt naarmate die meer en meer mensen vermoordt. Om hem te kunnen stoppen moet de Scorpion King samenwerken met de Nubische prinses Tala, de mysterieuze Amina, die een magisch en duister geheim verbergt, en haar beschermende golem. Samen moeten ze op zoek naar het Boek der Zielen, het enige dat Nebserek kan stoppen.</desc><category>Film, Avontuur</category></programme>