<programme channel="lgi-be-prod-master:euronews" start="20211226230000 +0000" stop="20211226231400 +0000" catchup-id="crid:~~2F~~2Ftelenet.be~~2F66c057c1-c54b-4392-811e-0299b3fa3f61-eng,imi:98c1bb22785faa051c06f287c80ae8b462adeb6a"><title>Euronews Tonight</title><date></date><icon src="https://staticqbr-be-prod.tnprod.cdn.dmdsdp.com/image-service/ImagesEPG/EventImages/f14__de0__f14de018-9dd6-491e-8f14-8ef0f728ccbd__B78363348.jpg"></icon><desc>Live headlines,breaking news, analysis and interviews from Europe's News Centre.</desc><category>Overig</category></programme><programme channel="lgi-be-prod-master:euronews" start="20211226231400 +0000" stop="20211226232900 +0000" catchup-id="crid:~~2F~~2Ftelenet.be~~2F6df60750-0711-4c83-8fc5-d88f7cc98e2e-eng,imi:258f1cff8bedd29e6d3d86fa19f5172f31aa66a4"><title>Euronews Tonight</title><date></date><icon src="https://staticqbr-be-prod.tnprod.cdn.dmdsdp.com/image-service/ImagesEPG/EventImages/f14__de0__f14de018-9dd6-491e-8f14-8ef0f728ccbd__B78363348.jpg"></icon><desc>Live headlines,breaking news, analysis and interviews from Europe's News Centre.</desc><category>Overig</category></programme><programme channel="lgi-be-prod-master:euronews" start="20211226232900 +0000" stop="20211226234500 +0000" catchup-id="crid:~~2F~~2Ftelenet.be~~2F572b1572-a2bb-499c-9e6b-bf96b63a7455-eng,imi:996ea6029b688464ee8cb32afb8adda18becb8e0"><title>Euronews Tonight</title><date></date><icon src="https://staticqbr-be-prod.tnprod.cdn.dmdsdp.com/image-service/ImagesEPG/EventImages/f14__de0__f14de018-9dd6-491e-8f14-8ef0f728ccbd__B78363348.jpg"></icon><desc>Live headlines,breaking news, analysis and interviews from Europe's News Centre.</desc><category>Overig</category></programme><programme channel="lgi-be-prod-master:euronews" start="20211226234500 +0000" stop="20211227000000 +0000" catchup-id="crid:~~2F~~2Ftelenet.be~~2F5dd18fa8-5304-4aad-85d7-5cc8dadbffcc-eng,imi:c730da6b4c9bbdbe549be99b1f5bb923b03dd7a3"><title>Euronews Tonight</title><date></date><icon src="https://staticqbr-be-prod.tnprod.cdn.dmdsdp.com/image-service/ImagesEPG/EventImages/f14__de0__f14de018-9dd6-491e-8f14-8ef0f728ccbd__B78363348.jpg"></icon><desc>Live headlines,breaking news, analysis and interviews from Europe's News Centre.</desc><category>Overig</category></programme><programme channel="lgi-be-prod-master:euronews" start="20211227000000 +0000" stop="20211227001400 +0000" catchup-id="crid:~~2F~~2Ftelenet.be~~2F2d3f288c-c2a7-4a5f-a1e8-e6272d2d4ae1-eng,imi:8784617e47949195d8913772c121d3504153674a"><title>Euronews Tonight</title><date></date><icon src="https://staticqbr-be-prod.tnprod.cdn.dmdsdp.com/image-service/ImagesEPG/EventImages/f14__de0__f14de018-9dd6-491e-8f14-8ef0f728ccbd__B78363348.jpg"></icon><desc>Live headlines,breaking news, analysis and interviews from Europe's News Centre.</desc><category>Overig</category></programme><programme channel="lgi-be-prod-master:euronews" start="20211227001400 +0000" stop="20211227002900 +0000" catchup-id="crid:~~2F~~2Ftelenet.be~~2Fcee771e2-4b8f-4ea8-af6c-a2c3c0c83c82-eng,imi:9fc9ca1fe2ff5f962afc5d9d97c5ad321121345e"><title>Euronews Tonight</title><date></date><icon src="https://staticqbr-be-prod.tnprod.cdn.dmdsdp.com/image-service/ImagesEPG/EventImages/f14__de0__f14de018-9dd6-491e-8f14-8ef0f728ccbd__B78363348.jpg"></icon><desc>Live headlines,breaking news, analysis and interviews from Europe's News Centre.</desc><category>Overig</category></programme><programme channel="lgi-be-prod-master:euronews" start="20211227002900 +0000" stop="20211227004700 +0000" catchup-id="crid:~~2F~~2Ftelenet.be~~2F72232fb6-b678-4761-9afb-26e41a98ad88-eng,imi:a5fd05b392281e2dd598d198786a15b87fea6193"><title>Euronews Tonight</title><date></date><icon src="https://staticqbr-be-prod.tnprod.cdn.dmdsdp.com/image-service/ImagesEPG/EventImages/f14__de0__f14de018-9dd6-491e-8f14-8ef0f728ccbd__B78363348.jpg"></icon><desc>Live headlines,breaking news, analysis and interviews from Europe's News Centre.</desc><category>Overig</category></programme><programme channel="lgi-be-prod-master:euronews" start="20211227004700 +0000" stop="20211227010000 +0000" catchup-id="crid:~~2F~~2Ftelenet.be~~2Fad59920a-270e-4a4a-8221-5378c190d346-eng,imi:addfc13b2c7e6838dd96a28e265a14dccdc2b29d"><title>Euronews Tonight</title><date></date><icon src="https://staticqbr-be-prod.tnprod.cdn.dmdsdp.com/image-service/ImagesEPG/EventImages/f14__de0__f14de018-9dd6-491e-8f14-8ef0f728ccbd__B78363348.jpg"></icon><desc>Live headlines,breaking news, analysis and interviews from Europe's News Centre.</desc><category>Overig</category></programme><programme channel="lgi-be-prod-master:euronews" start="20211227010000 +0000" stop="20211227011200 +0000" catchup-id="crid:~~2F~~2Ftelenet.be~~2F90ed565a-540c-4104-b4d9-8b7bf4f5d290-eng,imi:7828fff5a7069928ea6e727cf21a9e40ed1d7722"><title>Euronews Tonight</title><date></date><icon src="https://staticqbr-be-prod.tnprod.cdn.dmdsdp.com/image-service/ImagesEPG/EventImages/f14__de0__f14de018-9dd6-491e-8f14-8ef0f728ccbd__B78363348.jpg"></icon><desc>Live headlines,breaking news, analysis and interviews from Europe's News Centre.</desc><category>Overig</category></programme><programme channel="lgi-be-prod-master:euronews" start="20211227011200 +0000" stop="20211227012400 +0000" catchup-id="crid:~~2F~~2Ftelenet.be~~2Fb4ceac64-f970-401c-819e-07bdad5834d5-eng,imi:4349ca1aedc569a31d3e7f1e8c5abd02b4e599bc"><title>Euronews Tonight</title><date></date><icon src="https://staticqbr-be-prod.tnprod.cdn.dmdsdp.com/image-service/ImagesEPG/EventImages/f14__de0__f14de018-9dd6-491e-8f14-8ef0f728ccbd__B78363348.jpg"></icon><desc>Live headlines,breaking news, analysis and interviews from Europe's News Centre.</desc><category>Overig</category></programme><programme channel="lgi-be-prod-master:euronews" start="20211227012400 +0000" stop="20211227013700 +0000" catchup-id="crid:~~2F~~2Ftelenet.be~~2Fc8ee9bf0-2d03-4dfd-bc26-52bff5547f37-eng,imi:0240d00c51566091c4132edb8410c3d6c0b5536b"><title>Euronews Tonight</title><date></date><icon src="https://staticqbr-be-prod.tnprod.cdn.dmdsdp.com/image-service/ImagesEPG/EventImages/f14__de0__f14de018-9dd6-491e-8f14-8ef0f728ccbd__B78363348.jpg"></icon><desc>Live headlines,breaking news, analysis and interviews from Europe's News Centre.</desc><category>Overig</category></programme><programme channel="lgi-be-prod-master:euronews" start="20211227013700 +0000" stop="20211227014700 +0000" catchup-id="crid:~~2F~~2Ftelenet.be~~2Fce10c562-a515-440b-8fba-3096ffadf8bf-eng,imi:a892245caf4f070c8e1ce4286f7c6ca64667c5f4"><title>Euronews Tonight</title><date></date><icon src="https://staticqbr-be-prod.tnprod.cdn.dmdsdp.com/image-service/ImagesEPG/EventImages/f14__de0__f14de018-9dd6-491e-8f14-8ef0f728ccbd__B78363348.jpg"></icon><desc>Live headlines,breaking news, analysis and interviews from Europe's News Centre.</desc><category>Overig</category></programme><programme channel="lgi-be-prod-master:euronews" start="20211227014700 +0000" stop="20211227020000 +0000" catchup-id="crid:~~2F~~2Ftelenet.be~~2F7c54edd9-1de2-4e06-9125-f28cb92068c9-eng,imi:02a0ad055e2b988cc3fb11f8344e8b0aff802d4d"><title>State of the Union</title><date></date><icon src="https://staticqbr-be-prod.tnprod.cdn.dmdsdp.com/image-service/ImagesEPG/EventImages/f14__de0__f14de018-9dd6-491e-8f14-8ef0f728ccbd__B78363348.jpg"></icon><desc>Euronews' State of the Union brings you up to date with the most important european affairs, politics, economic, financial and corporate events of the week.</desc><category>Actualiteit</category></programme><programme channel="lgi-be-prod-master:euronews" start="20211227020000 +0000" stop="20211227021600 +0000" catchup-id="crid:~~2F~~2Ftelenet.be~~2F4d4e4987-3d75-4b93-b5a0-1a3947133501-eng,imi:202e07204233c7e3c700760ef9d8bd9ebe33a876"><title>Euronews Tonight</title><date></date><icon src="https://staticqbr-be-prod.tnprod.cdn.dmdsdp.com/image-service/ImagesEPG/EventImages/f14__de0__f14de018-9dd6-491e-8f14-8ef0f728ccbd__B78363348.jpg"></icon><desc>Live headlines,breaking news, analysis and interviews from Europe's News Centre.</desc><category>Overig</category></programme><programme channel="lgi-be-prod-master:euronews" start="20211227021600 +0000" stop="20211227023000 +0000" catchup-id="crid:~~2F~~2Ftelenet.be~~2F31e934a2-d9dc-4e1c-8c49-d1a11a7191bc-eng,imi:9dcce74766b81965f1fd9da7cfa4eb5138a9427f"><title>Euronews Tonight</title><date></date><icon src="https://staticqbr-be-prod.tnprod.cdn.dmdsdp.com/image-service/ImagesEPG/EventImages/f14__de0__f14de018-9dd6-491e-8f14-8ef0f728ccbd__B78363348.jpg"></icon><desc>Live headlines,breaking news, analysis and interviews from Europe's News Centre.</desc><category>Overig</category></programme><programme channel="lgi-be-prod-master:euronews" start="20211227023000 +0000" stop="20211227024500 +0000" catchup-id="crid:~~2F~~2Ftelenet.be~~2Ffb673d05-2348-45c1-b124-38ce2e758275-eng,imi:ad9a27f5175bcb873b1c65ec41f8814b09ae035c"><title>Euronews Tonight</title><date></date><icon src="https://staticqbr-be-prod.tnprod.cdn.dmdsdp.com/image-service/ImagesEPG/EventImages/f14__de0__f14de018-9dd6-491e-8f14-8ef0f728ccbd__B78363348.jpg"></icon><desc>Live headlines,breaking news, analysis and interviews from Europe's News Centre.</desc><category>Overig</category></programme><programme channel="lgi-be-prod-master:euronews" start="20211227024500 +0000" stop="20211227030000 +0000" catchup-id="crid:~~2F~~2Ftelenet.be~~2Fd42963ec-1e3a-4353-aebf-3ae01d96e8d4-eng,imi:39768af5dc5eeda8806c9e6b205f600c903b4618"><title>Euronews Tonight</title><date></date><icon src="https://staticqbr-be-prod.tnprod.cdn.dmdsdp.com/image-service/ImagesEPG/EventImages/f14__de0__f14de018-9dd6-491e-8f14-8ef0f728ccbd__B78363348.jpg"></icon><desc>Live headlines,breaking news, analysis and interviews from Europe's News Centre.</desc><category>Overig</category></programme><programme channel="lgi-be-prod-master:euronews" start="20211227030000 +0000" stop="20211227031100 +0000" catchup-id="crid:~~2F~~2Ftelenet.be~~2F8fc2a956-cc5b-4a0d-bb1e-aa35b297c5a9-eng,imi:963b5a6c09bf0d5b1497bde461e1e7d5f5064aa2"><title>Euronews Tonight</title><date></date><icon src="https://staticqbr-be-prod.tnprod.cdn.dmdsdp.com/image-service/ImagesEPG/EventImages/f14__de0__f14de018-9dd6-491e-8f14-8ef0f728ccbd__B78363348.jpg"></icon><desc>Live headlines,breaking news, analysis and interviews from Europe's News Centre.</desc><category>Overig</category></programme><programme channel="lgi-be-prod-master:euronews" start="20211227031100 +0000" stop="20211227032700 +0000" catchup-id="crid:~~2F~~2Ftelenet.be~~2F8543e343-6a50-4cef-8058-db25605a4ec0-eng,imi:dee2abca5ce64b75d458f399bb4428059f80f53f"><title>The Exchange</title><date></date><icon src="https://staticqbr-be-prod.tnprod.cdn.dmdsdp.com/image-service/ImagesEPG/EventImages/ac3__963__ac3963b9-0b65-45e1-8d9a-4540c8882a98__B105935192.jpg"></icon><desc>THE EXCHANGE looks beyond the boardroom and reports on the people, businesses, ideas and innovations that are at the forefront of the business conversation in the 21st Century.</desc><category>Wetenschap</category></programme><programme channel="lgi-be-prod-master:euronews" start="20211227032700 +0000" stop="20211227033800 +0000" catchup-id="crid:~~2F~~2Ftelenet.be~~2F26beb851-2741-43aa-be46-6697be2608ce-eng,imi:ee6f4648b3d02a2e228dbe70d228c58f7a36667b"><title>Euronews Tonight</title><date></date><icon src="https://staticqbr-be-prod.tnprod.cdn.dmdsdp.com/image-service/ImagesEPG/EventImages/f14__de0__f14de018-9dd6-491e-8f14-8ef0f728ccbd__B78363348.jpg"></icon><desc>Live headlines,breaking news, analysis and interviews from Europe's News Centre.</desc><category>Overig</category></programme><programme channel="lgi-be-prod-master:euronews" start="20211227033800 +0000" stop="20211227034900 +0000" catchup-id="crid:~~2F~~2Ftelenet.be~~2F9fbd0763-822b-4db9-9995-985933ba3c17-eng,imi:6f39ffa21323391c49b685d3e0e78db7182d3dc7"><title>Euronews Tonight</title><date></date><icon src="https://staticqbr-be-prod.tnprod.cdn.dmdsdp.com/image-service/ImagesEPG/EventImages/f14__de0__f14de018-9dd6-491e-8f14-8ef0f728ccbd__B78363348.jpg"></icon><desc>Live headlines,breaking news, analysis and interviews from Europe's News Centre.</desc><category>Overig</category></programme><programme channel="lgi-be-prod-master:euronews" start="20211227034900 +0000" stop="20211227040000 +0000" catchup-id="crid:~~2F~~2Ftelenet.be~~2F4c1db1a3-0ef1-4841-ad33-9760d9ba853f-eng,imi:58e4f35bfed0e0b1d31026e497ee66a1dc01bcdf"><title>State of the Union</title><date></date><icon src="https://staticqbr-be-prod.tnprod.cdn.dmdsdp.com/image-service/ImagesEPG/EventImages/f14__de0__f14de018-9dd6-491e-8f14-8ef0f728ccbd__B78363348.jpg"></icon><desc>Euronews' State of the Union brings you up to date with the most important european affairs, politics, economic, financial and corporate events of the week.</desc><category>Actualiteit</category></programme><programme channel="lgi-be-prod-master:euronews" start="20211227040000 +0000" stop="20211227041400 +0000" catchup-id="crid:~~2F~~2Ftelenet.be~~2F10ad9522-bc5a-48c5-9b22-59d27d184e1e-eng,imi:99ad1c93d794cc6dc4a4342404105f865f5e6a0a"><title>Good Morning Europe</title><date></date><icon src="https://staticqbr-be-prod.tnprod.cdn.dmdsdp.com/image-service/ImagesEPG/EventImages/f14__de0__f14de018-9dd6-491e-8f14-8ef0f728ccbd__B78363348.jpg"></icon><desc>Live headlines,breaking news, analysis and interviews from Europe's News Centre.</desc><category>Overig</category></programme><programme channel="lgi-be-prod-master:euronews" start="20211227041400 +0000" stop="20211227042900 +0000" catchup-id="crid:~~2F~~2Ftelenet.be~~2F9885aa56-3c14-495a-9f98-eec432244520-eng,imi:d2767f616f7f9bfff589129c240d0221d4012044"><title>Good Morning Europe</title><date></date><icon src="https://staticqbr-be-prod.tnprod.cdn.dmdsdp.com/image-service/ImagesEPG/EventImages/f14__de0__f14de018-9dd6-491e-8f14-8ef0f728ccbd__B78363348.jpg"></icon><desc>Live headlines,breaking news, analysis and interviews from Europe's News Centre.</desc><category>Overig</category></programme><programme channel="lgi-be-prod-master:euronews" start="20211227042900 +0000" stop="20211227044500 +0000" catchup-id="crid:~~2F~~2Ftelenet.be~~2F44f50230-2cea-4753-94a3-dac935d7db3f-eng,imi:bb8b2f7be81cf2157269143867ab4dd7987f8673"><title>Good Morning Europe</title><date></date><icon src="https://staticqbr-be-prod.tnprod.cdn.dmdsdp.com/image-service/ImagesEPG/EventImages/f14__de0__f14de018-9dd6-491e-8f14-8ef0f728ccbd__B78363348.jpg"></icon><desc>Live headlines,breaking news, analysis and interviews from Europe's News Centre.</desc><category>Overig</category></programme><programme channel="lgi-be-prod-master:euronews" start="20211227044500 +0000" stop="20211227050000 +0000" catchup-id="crid:~~2F~~2Ftelenet.be~~2F70718ec4-cdea-42fb-a507-30d3b9db5ae0-eng,imi:3353f7188bac745175691496c548fe1382005eec"><title>Good Morning Europe</title><date></date><icon src="https://staticqbr-be-prod.tnprod.cdn.dmdsdp.com/image-service/ImagesEPG/EventImages/f14__de0__f14de018-9dd6-491e-8f14-8ef0f728ccbd__B78363348.jpg"></icon><desc>Live headlines,breaking news, analysis and interviews from Europe's News Centre.</desc><category>Overig</category></programme><programme channel="lgi-be-prod-master:euronews" start="20211227050000 +0000" stop="20211227051300 +0000" catchup-id="crid:~~2F~~2Ftelenet.be~~2F89c1ae00-bceb-4147-b694-67007baad53f-eng,imi:19c56cdd490c36ba6edfa5b2b044b19881e72b3b"><title>Good Morning Europe</title><date></date><icon src="https://staticqbr-be-prod.tnprod.cdn.dmdsdp.com/image-service/ImagesEPG/EventImages/f14__de0__f14de018-9dd6-491e-8f14-8ef0f728ccbd__B78363348.jpg"></icon><desc>Live headlines,breaking news, analysis and interviews from Europe's News Centre.</desc><category>Overig</category></programme><programme channel="lgi-be-prod-master:euronews" start="20211227051300 +0000" stop="20211227052400 +0000" catchup-id="crid:~~2F~~2Ftelenet.be~~2Fc2941c69-ed17-4556-8176-4cd75e36caf5-eng,imi:edd2a734a21df391bed3291c602ef6165b401df1"><title>Good Morning Europe</title><date></date><icon src="https://staticqbr-be-prod.tnprod.cdn.dmdsdp.com/image-service/ImagesEPG/EventImages/f14__de0__f14de018-9dd6-491e-8f14-8ef0f728ccbd__B78363348.jpg"></icon><desc>Live headlines,breaking news, analysis and interviews from Europe's News Centre.</desc><category>Overig</category></programme><programme channel="lgi-be-prod-master:euronews" start="20211227052400 +0000" stop="20211227053600 +0000" catchup-id="crid:~~2F~~2Ftelenet.be~~2F12e8194c-92e8-4693-b2f6-5d281bfeffa0-eng,imi:28fd1028d6c22f348027dbf4e3d98fb3c71c64e6"><title>Good Morning Europe</title><date></date><icon src="https://staticqbr-be-prod.tnprod.cdn.dmdsdp.com/image-service/ImagesEPG/EventImages/f14__de0__f14de018-9dd6-491e-8f14-8ef0f728ccbd__B78363348.jpg"></icon><desc>Live headlines,breaking news, analysis and interviews from Europe's News Centre.</desc><category>Overig</category></programme><programme channel="lgi-be-prod-master:euronews" start="20211227053600 +0000" stop="20211227054800 +0000" catchup-id="crid:~~2F~~2Ftelenet.be~~2Fd094586a-73e8-46e6-9421-0d9d01f54f75-eng,imi:dd52894a021501331d81af004c9a3ade0c166005"><title>Good Morning Europe</title><date></date><icon src="https://staticqbr-be-prod.tnprod.cdn.dmdsdp.com/image-service/ImagesEPG/EventImages/f14__de0__f14de018-9dd6-491e-8f14-8ef0f728ccbd__B78363348.jpg"></icon><desc>Live headlines,breaking news, analysis and interviews from Europe's News Centre.</desc><category>Overig</category></programme><programme channel="lgi-be-prod-master:euronews" start="20211227054800 +0000" stop="20211227060000 +0000" catchup-id="crid:~~2F~~2Ftelenet.be~~2Fb117cef6-f0c9-4345-b48d-9d22fdc9eab4-eng,imi:d21ad4727b80621b805d4a6b52b1ce5a19607de1"><title>Good Morning Europe</title><date></date><icon src="https://staticqbr-be-prod.tnprod.cdn.dmdsdp.com/image-service/ImagesEPG/EventImages/f14__de0__f14de018-9dd6-491e-8f14-8ef0f728ccbd__B78363348.jpg"></icon><desc>Live headlines,breaking news, analysis and interviews from Europe's News Centre.</desc><category>Overig</category></programme><programme channel="lgi-be-prod-master:euronews" start="20211227060000 +0000" stop="20211227063600 +0000" catchup-id="crid:~~2F~~2Ftelenet.be~~2Fe0e63297-62b8-465b-adbb-0e48dbf28119-eng,imi:39d249c0f5e4cd6e7da02a46215c1c642eb3bd7b"><title>Good Morning Europe</title><date></date><icon src="https://staticqbr-be-prod.tnprod.cdn.dmdsdp.com/image-service/ImagesEPG/EventImages/f14__de0__f14de018-9dd6-491e-8f14-8ef0f728ccbd__B78363348.jpg"></icon><desc>Live headlines,breaking news, analysis and interviews from Europe's News Centre.</desc><category>Overig</category></programme><programme channel="lgi-be-prod-master:euronews" start="20211227063600 +0000" stop="20211227064700 +0000" catchup-id="crid:~~2F~~2Ftelenet.be~~2F1d814f7a-687b-46b1-b0d2-fdc05088fd4d-eng,imi:046802f70a09629613fc33ae76b872b029660195"><title>Good Morning Europe</title><date></date><icon src="https://staticqbr-be-prod.tnprod.cdn.dmdsdp.com/image-service/ImagesEPG/EventImages/f14__de0__f14de018-9dd6-491e-8f14-8ef0f728ccbd__B78363348.jpg"></icon><desc>Live headlines,breaking news, analysis and interviews from Europe's News Centre.</desc><category>Overig</category></programme><programme channel="lgi-be-prod-master:euronews" start="20211227064700 +0000" stop="20211227070000 +0000" catchup-id="crid:~~2F~~2Ftelenet.be~~2Fc2d9ca06-ffee-4748-99ce-a8b9f1026f4f-eng,imi:e18ddb7645c902c0bf4911a3c4e1a0231adc19b8"><title>Good Morning Europe</title><date></date><icon src="https://staticqbr-be-prod.tnprod.cdn.dmdsdp.com/image-service/ImagesEPG/EventImages/f14__de0__f14de018-9dd6-491e-8f14-8ef0f728ccbd__B78363348.jpg"></icon><desc>Live headlines,breaking news, analysis and interviews from Europe's News Centre.</desc><category>Overig</category></programme><programme channel="lgi-be-prod-master:euronews" start="20211227070000 +0000" stop="20211227073400 +0000" catchup-id="crid:~~2F~~2Ftelenet.be~~2F6420c72d-a492-4c8f-9eb2-fb8a5e7e101d-eng,imi:fd03db2b55ffcaaabd6573a3979e9b5a47b08c0c"><title>Good Morning Europe</title><date></date><icon src="https://staticqbr-be-prod.tnprod.cdn.dmdsdp.com/image-service/ImagesEPG/EventImages/f14__de0__f14de018-9dd6-491e-8f14-8ef0f728ccbd__B78363348.jpg"></icon><desc>Live headlines,breaking news, analysis and interviews from Europe's News Centre.</desc><category>Overig</category></programme><programme channel="lgi-be-prod-master:euronews" start="20211227073400 +0000" stop="20211227074600 +0000" catchup-id="crid:~~2F~~2Ftelenet.be~~2Fdea35e96-a342-4da5-93be-e98310f2ef5c-eng,imi:d77919b3f3bbe147fd1a4a4c91bcf141820cdff3"><title>Good Morning Europe</title><date></date><icon src="https://staticqbr-be-prod.tnprod.cdn.dmdsdp.com/image-service/ImagesEPG/EventImages/f14__de0__f14de018-9dd6-491e-8f14-8ef0f728ccbd__B78363348.jpg"></icon><desc>Live headlines,breaking news, analysis and interviews from Europe's News Centre.</desc><category>Overig</category></programme><programme channel="lgi-be-prod-master:euronews" start="20211227074600 +0000" stop="20211227080000 +0000" catchup-id="crid:~~2F~~2Ftelenet.be~~2F1bc80605-a0d3-4fb5-a743-f7c8c9b69fc2-eng,imi:68d208f11c7faa1ab4d5d45f71ce8637e16f5fed"><title>Good Morning Europe</title><date></date><icon src="https://staticqbr-be-prod.tnprod.cdn.dmdsdp.com/image-service/ImagesEPG/EventImages/f14__de0__f14de018-9dd6-491e-8f14-8ef0f728ccbd__B78363348.jpg"></icon><desc>Live headlines,breaking news, analysis and interviews from Europe's News Centre.</desc><category>Overig</category></programme><programme channel="lgi-be-prod-master:euronews" start="20211227080000 +0000" stop="20211227083500 +0000" catchup-id="crid:~~2F~~2Ftelenet.be~~2F8383302f-db97-4022-9653-fd252ea2faef-eng,imi:e41e0d64913a62886c6597143f88f9bb1b3fcaff"><title>Good Morning Europe</title><date></date><icon src="https://staticqbr-be-prod.tnprod.cdn.dmdsdp.com/image-service/ImagesEPG/EventImages/f14__de0__f14de018-9dd6-491e-8f14-8ef0f728ccbd__B78363348.jpg"></icon><desc>Live headlines,breaking news, analysis and interviews from Europe's News Centre.</desc><category>Overig</category></programme><programme channel="lgi-be-prod-master:euronews" start="20211227083500 +0000" stop="20211227084700 +0000" catchup-id="crid:~~2F~~2Ftelenet.be~~2Fc229d395-1cc6-428b-9966-04d97b2fd433-eng,imi:a7c50070dbf1c5dad015203d7fdb018169614adb"><title>Good Morning Europe</title><date></date><icon src="https://staticqbr-be-prod.tnprod.cdn.dmdsdp.com/image-service/ImagesEPG/EventImages/f14__de0__f14de018-9dd6-491e-8f14-8ef0f728ccbd__B78363348.jpg"></icon><desc>Live headlines,breaking news, analysis and interviews from Europe's News Centre.</desc><category>Overig</category></programme><programme channel="lgi-be-prod-master:euronews" start="20211227084700 +0000" stop="20211227090000 +0000" catchup-id="crid:~~2F~~2Ftelenet.be~~2Faf068082-89f9-47e8-bf12-1067a7033b77-eng,imi:2c4bd8420a48bed6b613ddf9ba713311699a21cd"><title>Good Morning Europe</title><date></date><icon src="https://staticqbr-be-prod.tnprod.cdn.dmdsdp.com/image-service/ImagesEPG/EventImages/f14__de0__f14de018-9dd6-491e-8f14-8ef0f728ccbd__B78363348.jpg"></icon><desc>Live headlines,breaking news, analysis and interviews from Europe's News Centre.</desc><category>Overig</category></programme><programme channel="lgi-be-prod-master:euronews" start="20211227090000 +0000" stop="20211227091200 +0000" catchup-id="crid:~~2F~~2Ftelenet.be~~2F8c092d23-60ab-4c3a-a1bc-910829003d2f-eng,imi:14c2028da09fda2f3f0c44b1d16e3d1c798e6ab1"><title>Good Morning Europe</title><date></date><icon src="https://staticqbr-be-prod.tnprod.cdn.dmdsdp.com/image-service/ImagesEPG/EventImages/f14__de0__f14de018-9dd6-491e-8f14-8ef0f728ccbd__B78363348.jpg"></icon><desc>Live headlines,breaking news, analysis and interviews from Europe's News Centre.</desc><category>Overig</category></programme><programme channel="lgi-be-prod-master:euronews" start="20211227091200 +0000" stop="20211227092200 +0000" catchup-id="crid:~~2F~~2Ftelenet.be~~2Fab15df2c-1813-4b37-b23d-72af13e1acaa-eng,imi:07c357b6524c0e910b72e4a1144613a801a2c8b9"><title>Good Morning Europe</title><date></date><icon src="https://staticqbr-be-prod.tnprod.cdn.dmdsdp.com/image-service/ImagesEPG/EventImages/f14__de0__f14de018-9dd6-491e-8f14-8ef0f728ccbd__B78363348.jpg"></icon><desc>Live headlines,breaking news, analysis and interviews from Europe's News Centre.</desc><category>Overig</category></programme><programme channel="lgi-be-prod-master:euronews" start="20211227092200 +0000" stop="20211227093400 +0000" catchup-id="crid:~~2F~~2Ftelenet.be~~2Fa03aee25-8c6e-4df7-9be8-95765a938979-eng,imi:9dd42c4e8728e814cb94ce12de7c13e4a0ea6bea"><title>Good Morning Europe</title><date></date><icon src="https://staticqbr-be-prod.tnprod.cdn.dmdsdp.com/image-service/ImagesEPG/EventImages/f14__de0__f14de018-9dd6-491e-8f14-8ef0f728ccbd__B78363348.jpg"></icon><desc>Live headlines,breaking news, analysis and interviews from Europe's News Centre.</desc><category>Overig</category></programme><programme channel="lgi-be-prod-master:euronews" start="20211227093400 +0000" stop="20211227094600 +0000" catchup-id="crid:~~2F~~2Ftelenet.be~~2F24d7ccc0-eede-4f2c-a3b6-e4f62478a575-eng,imi:11981de579e7e85df243bc81dc33d3d90214273c"><title>Good Morning Europe</title><date></date><icon src="https://staticqbr-be-prod.tnprod.cdn.dmdsdp.com/image-service/ImagesEPG/EventImages/f14__de0__f14de018-9dd6-491e-8f14-8ef0f728ccbd__B78363348.jpg"></icon><desc>Live headlines,breaking news, analysis and interviews from Europe's News Centre.</desc><category>Overig</category></programme><programme channel="lgi-be-prod-master:euronews" start="20211227094600 +0000" stop="20211227100000 +0000" catchup-id="crid:~~2F~~2Ftelenet.be~~2Fff541992-ab5f-45bd-9cf7-3528c2113b3c-eng,imi:e5f4cf15aae51e94686ba65cd7ba2fcf7f97b91b"><title>Good Morning Europe</title><date></date><icon src="https://staticqbr-be-prod.tnprod.cdn.dmdsdp.com/image-service/ImagesEPG/EventImages/f14__de0__f14de018-9dd6-491e-8f14-8ef0f728ccbd__B78363348.jpg"></icon><desc>Live headlines,breaking news, analysis and interviews from Europe's News Centre.</desc><category>Overig</category></programme><programme channel="lgi-be-prod-master:euronews" start="20211227100000 +0000" stop="20211227101300 +0000" catchup-id="crid:~~2F~~2Ftelenet.be~~2F527f1a0f-6111-40ed-a9b4-ddfa06f67af9-eng,imi:cd3397899d43a84764972b9c3112cfaeb22f3289"><title>Good Morning Europe</title><date></date><icon src="https://staticqbr-be-prod.tnprod.cdn.dmdsdp.com/image-service/ImagesEPG/EventImages/f14__de0__f14de018-9dd6-491e-8f14-8ef0f728ccbd__B78363348.jpg"></icon><desc>Live headlines,breaking news, analysis and interviews from Europe's News Centre.</desc><category>Overig</category></programme><programme channel="lgi-be-prod-master:euronews" start="20211227101300 +0000" stop="20211227102700 +0000" catchup-id="crid:~~2F~~2Ftelenet.be~~2Fa6209d80-4390-40f1-b1b7-68a2c1c452cb-eng,imi:ea54fa711cac2a7bcb5c93a6e660cf4d5152cb9b"><title>Good Morning Europe</title><date></date><icon src="https://staticqbr-be-prod.tnprod.cdn.dmdsdp.com/image-service/ImagesEPG/EventImages/f14__de0__f14de018-9dd6-491e-8f14-8ef0f728ccbd__B78363348.jpg"></icon><desc>Live headlines,breaking news, analysis and interviews from Europe's News Centre.</desc><category>Overig</category></programme><programme channel="lgi-be-prod-master:euronews" start="20211227102700 +0000" stop="20211227104100 +0000" catchup-id="crid:~~2F~~2Ftelenet.be~~2Ff8a11887-3aa3-495d-a3fb-8d3d74c5ed08-eng,imi:4ba207b290e3e0bc717115b77f6e277fcdaf3d25"><title>Good Morning Europe</title><date></date><icon src="https://staticqbr-be-prod.tnprod.cdn.dmdsdp.com/image-service/ImagesEPG/EventImages/f14__de0__f14de018-9dd6-491e-8f14-8ef0f728ccbd__B78363348.jpg"></icon><desc>Live headlines,breaking news, analysis and interviews from Europe's News Centre.</desc><category>Overig</category></programme><programme channel="lgi-be-prod-master:euronews" start="20211227104100 +0000" stop="20211227110000 +0000" catchup-id="crid:~~2F~~2Ftelenet.be~~2Fea7133df-692e-4144-814c-3b9bed893eb0-eng,imi:632652cacc9f0cb053561a0a84a7d4e4733c7b93"><title>Good Morning Europe</title><date></date><icon src="https://staticqbr-be-prod.tnprod.cdn.dmdsdp.com/image-service/ImagesEPG/EventImages/f14__de0__f14de018-9dd6-491e-8f14-8ef0f728ccbd__B78363348.jpg"></icon><desc>Live headlines,breaking news, analysis and interviews from Europe's News Centre.</desc><category>Overig</category></programme><programme channel="lgi-be-prod-master:euronews" start="20211227110000 +0000" stop="20211227111200 +0000" catchup-id="crid:~~2F~~2Ftelenet.be~~2Ff16214a9-983d-40c2-b985-b0ab24ae944f-eng,imi:c9be531128e90f1889116103e0b5a79afbfbbbc4"><title>Euronews Now</title><date></date><icon src="https://staticqbr-be-prod.tnprod.cdn.dmdsdp.com/image-service/ImagesEPG/EventImages/f14__de0__f14de018-9dd6-491e-8f14-8ef0f728ccbd__B78363348.jpg"></icon><desc>Breaking News and in depth analysis on the biggest stories making headlines in Europe and across the world. Euronews is Europe's Town Square with a dedication to &quot;all voices, all views, all welcome&quot;.</desc><category>Overig</category></programme><programme channel="lgi-be-prod-master:euronews" start="20211227111200 +0000" stop="20211227112400 +0000" catchup-id="crid:~~2F~~2Ftelenet.be~~2F551d7677-f4e7-455a-be37-1c45e2de93ba-eng,imi:1f112d1d8821bdf6b8be48982043907d614edf6e"><title>Euronews Now</title><date></date><icon src="https://staticqbr-be-prod.tnprod.cdn.dmdsdp.com/image-service/ImagesEPG/EventImages/f14__de0__f14de018-9dd6-491e-8f14-8ef0f728ccbd__B78363348.jpg"></icon><desc>Breaking News and in depth analysis on the biggest stories making headlines in Europe and across the world. Euronews is Europe's Town Square with a dedication to &quot;all voices, all views, all welcome&quot;.</desc><category>Overig</category></programme><programme channel="lgi-be-prod-master:euronews" start="20211227112400 +0000" stop="20211227113700 +0000" catchup-id="crid:~~2F~~2Ftelenet.be~~2Fe631e898-dda5-4ef5-8539-5040a69e15c9-eng,imi:16f2250e96de5611f429680182fe71c53b681a34"><title>Euronews Now</title><date></date><icon src="https://staticqbr-be-prod.tnprod.cdn.dmdsdp.com/image-service/ImagesEPG/EventImages/f14__de0__f14de018-9dd6-491e-8f14-8ef0f728ccbd__B78363348.jpg"></icon><desc>Breaking News and in depth analysis on the biggest stories making headlines in Europe and across the world. Euronews is Europe's Town Square with a dedication to &quot;all voices, all views, all welcome&quot;.</desc><category>Overig</category></programme><programme channel="lgi-be-prod-master:euronews" start="20211227113700 +0000" stop="20211227114800 +0000" catchup-id="crid:~~2F~~2Ftelenet.be~~2F033ea156-5d9d-4601-b930-5b2fc6f5e1e1-eng,imi:910f21bf22e491d9a9576bcdaa080cea676d6ac9"><title>Euronews Now</title><date></date><icon src="https://staticqbr-be-prod.tnprod.cdn.dmdsdp.com/image-service/ImagesEPG/EventImages/f14__de0__f14de018-9dd6-491e-8f14-8ef0f728ccbd__B78363348.jpg"></icon><desc>Breaking News and in depth analysis on the biggest stories making headlines in Europe and across the world. Euronews is Europe's Town Square with a dedication to &quot;all voices, all views, all welcome&quot;.</desc><category>Overig</category></programme><programme channel="lgi-be-prod-master:euronews" start="20211227114800 +0000" stop="20211227120000 +0000" catchup-id="crid:~~2F~~2Ftelenet.be~~2F20359cf1-be10-41f1-991f-55c0c24b817a-eng,imi:e071654880ebea8dc2f0e2ee57d268a3adf210af"><title>Euronews Now</title><date></date><icon src="https://staticqbr-be-prod.tnprod.cdn.dmdsdp.com/image-service/ImagesEPG/EventImages/f14__de0__f14de018-9dd6-491e-8f14-8ef0f728ccbd__B78363348.jpg"></icon><desc>Breaking News and in depth analysis on the biggest stories making headlines in Europe and across the world. Euronews is Europe's Town Square with a dedication to &quot;all voices, all views, all welcome&quot;.</desc><category>Overig</category></programme>