<programme channel="lgi-be-prod-master:almaghrebtv" start="20211226231000 +0000" stop="20211227004000 +0000" catchup-id="crid:~~2F~~2Ftelenet.be~~2F8d402f6a-bd9a-487c-946d-e4fd4ef03ea2-ara,imi:3b0c654bc6714cce679faaa1dac9da766050b005"><title>Fiction arabe</title><date></date><icon src="https://staticqbr-be-prod.tnprod.cdn.dmdsdp.com/image-service/ImagesEPG/EventImages/f15__6db__f156db89-09e9-45e2-92f2-44d4191a0219__B105936399.jpg"></icon><desc>Fiction arabe</desc><category>Dramaseries</category></programme><programme channel="lgi-be-prod-master:almaghrebtv" start="20211227004000 +0000" stop="20211227012000 +0000" catchup-id="crid:~~2F~~2Ftelenet.be~~2F88cc9471-2301-4f89-b9ed-83d6322cbd27-ara,imi:e16a62ceafc9dfc7462fa71d945e3b5de6705227"><title>Sirate Hob</title><date></date><icon src="https://staticqbr-be-prod.tnprod.cdn.dmdsdp.com/image-service/ImagesEPG/EventImages/f15__6db__f156db89-09e9-45e2-92f2-44d4191a0219__B105936399.jpg"></icon><desc>Série dramatique Arabe</desc><category>Dramaseries</category></programme><programme channel="lgi-be-prod-master:almaghrebtv" start="20211227012000 +0000" stop="20211227020000 +0000" catchup-id="crid:~~2F~~2Ftelenet.be~~2F5c1c88a9-13dc-41b7-b482-5e8cabe9c4fb-ara,imi:10177adb5ae7bbb9f3f741ee19be9c523d557527"><title>Programme de nuit</title><date></date><icon src="https://staticqbr-be-prod.tnprod.cdn.dmdsdp.com/image-service/ImagesEPG/EventImages/d17__cb1__d17cb1a6-4975-43f2-a006-e80a05891e76__B105933935.jpg"></icon><desc>Programme de nuit</desc><category>Muziek</category></programme><programme channel="lgi-be-prod-master:almaghrebtv" start="20211227020000 +0000" stop="20211227130000 +0000" catchup-id="crid:~~2F~~2Ftelenet.be~~2Fde6a3770-d237-48ec-8cc8-1d022363ec0f-ara,imi:13f6d19b90e6fce09a361a449f9f6c33147b7c6b"><title>Direct Mecca</title><date></date><icon src="https://staticqbr-be-prod.tnprod.cdn.dmdsdp.com/image-service/ImagesEPG/EventImages/b8c__d88__b8cd882a-1bbc-4bae-a038-177e5b33e35e__B145757016.jpg"></icon><desc>Transmission des prières musulmanes en direct depuis la Mecque</desc><category>Religie</category></programme>