<programme channel="lgi-be-prod-master:menttv" start="20211226230000 +0000" stop="20211227010000 +0000" catchup-id="crid:~~2F~~2Ftelenet.be~~2Fa24095c1-ee97-4ae8-8cba-134943e200b9,imi:86a7fdc62ef9f4c179713004f277f9b963449ec1"><title>Herbert</title><date></date><icon src="https://staticqbr-be-prod.tnprod.cdn.dmdsdp.com/image-service/ImagesEPG/EventImages/f14__de0__f14de018-9dd6-491e-8f14-8ef0f728ccbd__B78363348.jpg"></icon><desc>Talkshow met Herbert Verhaeghe</desc><category>Vrije tijd, Showbiz</category></programme><programme channel="lgi-be-prod-master:menttv" start="20211227010000 +0000" stop="20211227050000 +0000" catchup-id="crid:~~2F~~2Ftelenet.be~~2F7dba33d7-78d6-4eda-b5e2-27a5527c9ff0,imi:179812f9271fd34fd32ccb0d8b6d110bae148b6a"><title>Je Kijkt Naar De Sterren</title><date></date><icon src="https://staticqbr-be-prod.tnprod.cdn.dmdsdp.com/image-service/ImagesEPG/EventImages/d17__cb1__d17cb1a6-4975-43f2-a006-e80a05891e76__B105933935.jpg"></icon><desc>Muziekprogramma.</desc><category>Muziek</category></programme><programme channel="lgi-be-prod-master:menttv" start="20211227050000 +0000" stop="20211227060000 +0000" catchup-id="crid:~~2F~~2Ftelenet.be~~2F9befb332-a3fa-4c0d-8bbb-32dd7a46c495,imi:e21b16dafc4f7d7969c5d6624c22dfbc29dc7404"><title>Nog even soezen</title><date></date><icon src="https://staticqbr-be-prod.tnprod.cdn.dmdsdp.com/image-service/ImagesEPG/EventImages/d17__cb1__d17cb1a6-4975-43f2-a006-e80a05891e76__B105933935.jpg"></icon><desc>Muziek om bij wakker te worden, met hoofdzakelijk Vlaamse hits en pareltjes van bij de buren</desc><category>Muziek</category></programme><programme channel="lgi-be-prod-master:menttv" start="20211227060000 +0000" stop="20211227070000 +0000" catchup-id="crid:~~2F~~2Ftelenet.be~~2Fcd9210a7-4d41-4268-a4dc-8aba72690c2a,imi:a19f237b906f1834de09fa7fef242779a0ef4c8d"><title>Goeiemorgen morgen</title><date></date><icon src="https://staticqbr-be-prod.tnprod.cdn.dmdsdp.com/image-service/ImagesEPG/EventImages/d17__cb1__d17cb1a6-4975-43f2-a006-e80a05891e76__B105933935.jpg"></icon><desc>Fit uit bed met vooral Vlaamse hits en een vleugje uit Nederland, Frankrijk, Duitsland</desc><category>Muziek</category></programme><programme channel="lgi-be-prod-master:menttv" start="20211227070000 +0000" stop="20211227080000 +0000" catchup-id="crid:~~2F~~2Ftelenet.be~~2F12258458-2439-47e1-b33a-1b58072a0cdf,imi:75bccb43e96a98227b29b0e4d0f1908d3d4c1402"><title>al-1-maar-hits</title><date></date><icon src="https://staticqbr-be-prod.tnprod.cdn.dmdsdp.com/image-service/ImagesEPG/EventImages/d91__f92__d91f9226-7c2d-4c27-805f-e7d6c49da1e9__B105933931.jpg"></icon><desc>Zing mee met je TV</desc><category>Muziek</category></programme><programme channel="lgi-be-prod-master:menttv" start="20211227080000 +0000" stop="20211227090000 +0000" catchup-id="crid:~~2F~~2Ftelenet.be~~2Fd09662d0-a78f-4471-93cb-bca58a1fa25d,imi:3971e3d9bf01548ba42e7648e0ebf258fb6af553"><title>Een Uur Sorry Music</title><date></date><icon src="https://staticqbr-be-prod.tnprod.cdn.dmdsdp.com/image-service/ImagesEPG/EventImages/d17__cb1__d17cb1a6-4975-43f2-a006-e80a05891e76__B105933935.jpg"></icon><desc>Muziekprogramma.</desc><category>Muziek</category></programme><programme channel="lgi-be-prod-master:menttv" start="20211227090000 +0000" stop="20211227120000 +0000" catchup-id="crid:~~2F~~2Ftelenet.be~~2F2e7a47dd-72b8-496c-b135-4820f72239b0,imi:f81785af2671a7e914039077780b4fa2d0cd1088"><title>Léééf !</title><date></date><icon src="https://staticqbr-be-prod.tnprod.cdn.dmdsdp.com/image-service/ImagesEPG/EventImages/293__008__29300878-5b0d-4e02-8cd2-3d5286c41325__B77556188.jpg"></icon><desc>Luchtige actualiteit en muziek met Mathieu De Blauwe</desc><category>Vrije tijd, Showbiz</category></programme>