<programme channel="lgi-be-prod-master:dicoveryhd" start="20211226233000 +0000" stop="20211227002000 +0000" catchup-id="crid:~~2F~~2Ftelenet.be~~2F69342181-ba9b-457f-a947-dc8fb3baf36c,imi:dea163239d46b6346825a81e5ffc53184167f5c1"><title>Gold Rush</title><date></date><icon src="https://staticqbr-be-prod.tnprod.cdn.dmdsdp.com/image-service/ImagesEPG/EventImages/85a__d74__85ad74fc-d5ab-4c29-877d-2d27f921ebb1__B178194364.jpg"></icon><desc>Het goud is nog lang niet op, menen de mannen van Gold Rush. Daarom trekken ze er opnieuw op uit nu de winter voorbij is en de grond zacht genoeg om in te graven. Het is een nieuw seizoen van nieuwe dromen, nieuwe investeringen en nieuwe gezichten.</desc><category>Documentaire, Reality-tv</category></programme><programme channel="lgi-be-prod-master:dicoveryhd" start="20211227002000 +0000" stop="20211227004500 +0000" catchup-id="crid:~~2F~~2Ftelenet.be~~2F3326ec02-8503-4986-ae0e-70b36318d29a,imi:3f66125679ea37abc3c983909529de5d8d8f4d05"><title>Bizarre Foods: Delicious Destinations</title><date></date><icon src="https://staticqbr-be-prod.tnprod.cdn.dmdsdp.com/image-service/ImagesEPG/EventImages/50a__9e9__50a9e97f-9773-4bef-8527-792b7c071c11__B134939128.jpg"></icon><desc>Andrew proeft de diverse lekkernijen van wereldstad Dubai, zoals gemarineerde vleeskebabs en halwa, een zoet dessert met rozenwater dat bekendstaat als regionaal symbool.</desc><category>Culinair</category></programme><programme channel="lgi-be-prod-master:dicoveryhd" start="20211227004500 +0000" stop="20211227013500 +0000" catchup-id="crid:~~2F~~2Ftelenet.be~~2F7245ad68-3cb3-4eeb-8aca-52bf61c90b3d,imi:1347ff81b2b215bacd082d098a8c09ee6c2252bc"><title>Naked and Afraid</title><date></date><icon src="https://staticqbr-be-prod.tnprod.cdn.dmdsdp.com/image-service/ImagesEPG/EventImages/e4f__0c8__e4f0c842-83b3-43be-806d-45da2dfd2d2b__B201950573.jpg"></icon><desc>Twee survival-experts worden in het ruige landschap van Namibië gedropt. Slagen ze erin om ondanks zware stormen de 21 dagen durende survivaluitdaging te volbrengen?</desc><category>Documentaire, Reality-tv</category></programme><programme channel="lgi-be-prod-master:dicoveryhd" start="20211227013500 +0000" stop="20211227031000 +0000" catchup-id="crid:~~2F~~2Ftelenet.be~~2F397ccdd1-6ed7-4b76-8884-527bf930d0d0,imi:2769ac9a9c2bbae82291cb0142bff334c5f4fee6"><title>Naked and Afraid</title><date></date><icon src="https://staticqbr-be-prod.tnprod.cdn.dmdsdp.com/image-service/ImagesEPG/EventImages/e4f__0c8__e4f0c842-83b3-43be-806d-45da2dfd2d2b__B201950573.jpg"></icon><desc>Twee survival-experts worden in het ruige landschap van Namibië gedropt. Slagen ze erin om ondanks zware stormen de 21 dagen durende survivaluitdaging te volbrengen?</desc><category>Documentaire, Reality-tv</category></programme><programme channel="lgi-be-prod-master:dicoveryhd" start="20211227031000 +0000" stop="20211227035500 +0000" catchup-id="crid:~~2F~~2Ftelenet.be~~2Fb8bb09ba-cbba-4380-91d9-a514ff5eb29a,imi:972a919bcf86c43edacbd34afe27f7daef9e0be0"><title>Barnwood Builders</title><date></date><icon src="https://staticqbr-be-prod.tnprod.cdn.dmdsdp.com/image-service/ImagesEPG/EventImages/669__589__66958942-3f33-40b2-88b3-ba89b46ab9b5__B138429705.jpg"></icon><desc>Mark laat een van zijn ideeën tot leven komen: een opvouwbare stalen blokhut. Het team experimenteert met een houten voorgevel en maakt de hut af met een interieur van balken.</desc><category>Documentaire, Oude culturen</category></programme><programme channel="lgi-be-prod-master:dicoveryhd" start="20211227035500 +0000" stop="20211227044000 +0000" catchup-id="crid:~~2F~~2Ftelenet.be~~2F7ac2e0e1-aa88-408b-93a4-ee160e318473,imi:6c5f49ee1d58bf9e100455ff18c3ea56c81fd5ea"><title>Yukon Men</title><date></date><icon src="https://staticqbr-be-prod.tnprod.cdn.dmdsdp.com/image-service/ImagesEPG/EventImages/d7e__f4d__d7ef4d1a-1c9c-48f7-8502-ffd7951e02d8__B141395081.jpg"></icon><desc>De inwoners van Tanana zetten een grote reddingsactie op touw als George Roberts, een plaatselijke jager, vermist wordt in de wildernis van Alaska. Wordt hij ongedeerd gevonden?</desc><category>Documentaire, Reality-tv</category></programme><programme channel="lgi-be-prod-master:dicoveryhd" start="20211227044000 +0000" stop="20211227050000 +0000" catchup-id="crid:~~2F~~2Ftelenet.be~~2F4c122318-83de-4320-83ca-5c517d2e9bed,imi:bb392839fc412d486847869072c4f9c50e0180dd"><title>Salvage Dawgs</title><date></date><icon src="https://staticqbr-be-prod.tnprod.cdn.dmdsdp.com/image-service/ImagesEPG/EventImages/7d4__b0c__7d4b0c53-93f3-4be0-8cd9-dc6f1a59cc48__B134339920.jpg"></icon><desc>Het team verwijdert materialen bij een oude boerderij en voormalige Native American-nederzetting in Yorktown. Mike en Tay worden buiten ingezet voor het hijsen van een stalen boot.</desc><category>Documentaire, Reality-tv</category></programme><programme channel="lgi-be-prod-master:dicoveryhd" start="20211227050000 +0000" stop="20211227054500 +0000" catchup-id="crid:~~2F~~2Ftelenet.be~~2Fb6bd5413-25ac-4cc3-ada6-5ef30ca27148,imi:9e259d34aa1416d703a7933dafb327832c2e0cfa"><title>Treehouse Masters</title><date></date><icon src="https://staticqbr-be-prod.tnprod.cdn.dmdsdp.com/image-service/ImagesEPG/EventImages/e91__f34__e91f3418-d9c7-4378-8bdc-82cd5275ce1f__B47826858.jpg"></icon><desc>Een Iers gezin heeft de perfecte boom voor een cottage met een Keltisch thema. Het ontwerp van Pete omvat ook een regenmaker om het natte Ierse klimaat na te bootsen.</desc><category>Documentaire, Reality-tv</category></programme><programme channel="lgi-be-prod-master:dicoveryhd" start="20211227054500 +0000" stop="20211227061000 +0000" catchup-id="crid:~~2F~~2Ftelenet.be~~2F74504e58-773f-4d4d-aba1-7ba452a582c5,imi:7d277f4cc8955087f518c2ff0647dcca44670ca6"><title>Baggage Battles</title><date></date><icon src="https://staticqbr-be-prod.tnprod.cdn.dmdsdp.com/image-service/ImagesEPG/EventImages/13f__51f__13f51f18-af24-43a9-b378-fa7f439e39db__B204781213.jpg"></icon><desc>De opkopers zijn op jacht naar winst en deze keer zijn ze op een inboedelveiling in Texas. De veiling in Austin staat in het teken van duurdere, exclusieve items.</desc><category>Documentaire, Reality-tv</category></programme><programme channel="lgi-be-prod-master:dicoveryhd" start="20211227061000 +0000" stop="20211227070000 +0000" catchup-id="crid:~~2F~~2Ftelenet.be~~2F592c8613-57bf-413c-8df5-27a4cbc3090b,imi:ea0438a0512a6f1ecc369eb3ced6bc6a3ab44c21"><title>Outback Truckers</title><date></date><icon src="https://staticqbr-be-prod.tnprod.cdn.dmdsdp.com/image-service/ImagesEPG/EventImages/713__596__71359679-7a34-433d-b98c-0bad30196d0d__B141390040.jpg"></icon><desc>Stoere Australische truckers nemen je weer mee in de avontuurlijke wereld van het wegtransport. De ladingen zijn groter, de wegen gevaarlijker en de avonturen spannender dan ooit.</desc><category>Documentaire, Reality-tv</category></programme><programme channel="lgi-be-prod-master:dicoveryhd" start="20211227070000 +0000" stop="20211227075500 +0000" catchup-id="crid:~~2F~~2Ftelenet.be~~2F331932a4-61c7-4271-ad0e-1a7cf2b8ae9f,imi:07ee8223f93c47e4f8c8f46d24eef077dd7c2b94"><title>Outback Opal Hunters</title><date></date><icon src="https://staticqbr-be-prod.tnprod.cdn.dmdsdp.com/image-service/ImagesEPG/EventImages/9be__617__9be61735-6f88-4406-913a-6c07149af058__B170360832.jpg"></icon><desc>De Fire Crew probeert een grote tegenslag te overwinnen in de hoop het seizoen alsnog te redden. De Opal Queen gaat in haar eentje keiharde rotswanden te lijf om opaal te vinden.</desc><category>Documentaire, Reality-tv</category></programme><programme channel="lgi-be-prod-master:dicoveryhd" start="20211227075500 +0000" stop="20211227085000 +0000" catchup-id="crid:~~2F~~2Ftelenet.be~~2F6d5b1030-7bed-4568-a454-8d0ad1dd7077,imi:74828112aeb4c479fae0bbdb3c2a63ef920ab28f"><title>Outback Opal Hunters</title><date></date><icon src="https://staticqbr-be-prod.tnprod.cdn.dmdsdp.com/image-service/ImagesEPG/EventImages/9be__617__9be61735-6f88-4406-913a-6c07149af058__B170360832.jpg"></icon><desc>Justin sluit een deal die hem kan maken of breken. De Boulder Boys proberen hun mijn voor een overstroming te behoeden, terwijl de Cooke Brothers eindelijk een grote vondst doen.</desc><category>Documentaire, Reality-tv</category></programme><programme channel="lgi-be-prod-master:dicoveryhd" start="20211227085000 +0000" stop="20211227092000 +0000" catchup-id="crid:~~2F~~2Ftelenet.be~~2Fa312e467-0b8a-40b5-bb01-eb2c1b187a39,imi:7e1262ddf194c0f50ec1921b4b0709966d515fb5"><title>How Do They Do It?</title><date></date><icon src="https://staticqbr-be-prod.tnprod.cdn.dmdsdp.com/image-service/ImagesEPG/EventImages/b2f__844__b2f844d3-c56e-41c8-8fe4-c5dcc04ced1f__B48208155.jpg"></icon><desc>Brits-Canadese documentairereeks (2015) waarbij een kijkje achter de schermen wordt genomen bij de productie en werking van uiteenlopende producten</desc><category>Wetenschap</category></programme><programme channel="lgi-be-prod-master:dicoveryhd" start="20211227092000 +0000" stop="20211227101500 +0000" catchup-id="crid:~~2F~~2Ftelenet.be~~2Ff7641cd3-931d-423a-b294-528b0ad561e0,imi:27ca470dc026ee181dace76eecbf222071c7126d"><title>Outback Opal Hunters</title><date></date><icon src="https://staticqbr-be-prod.tnprod.cdn.dmdsdp.com/image-service/ImagesEPG/EventImages/9be__617__9be61735-6f88-4406-913a-6c07149af058__B170360832.jpg"></icon><desc>De mijnen in Nieuw Zuid-Wales worden getroffen door de ergste storm in 20 jaar. Het nieuwe team de Blacklighters moet op 300 km van hun oorspronkelijke mijnstad opnieuw beginnen.</desc><category>Documentaire, Reality-tv</category></programme><programme channel="lgi-be-prod-master:dicoveryhd" start="20211227101500 +0000" stop="20211227111000 +0000" catchup-id="crid:~~2F~~2Ftelenet.be~~2Faa24b065-e828-44d5-8a66-c0f4c9410caf,imi:0c0f4bd346aab3e84c4d8340b1d1517aa99f9cb7"><title>Outback Opal Hunters</title><date></date><icon src="https://staticqbr-be-prod.tnprod.cdn.dmdsdp.com/image-service/ImagesEPG/EventImages/9be__617__9be61735-6f88-4406-913a-6c07149af058__B170360832.jpg"></icon><desc>Pete en Sam beginnen een project dat een fortuin kan opleveren. Aaron moet zich uit de schulden graven nadat hij geld heeft geleend om het huis van zijn overleden vader te kopen.</desc><category>Documentaire, Reality-tv</category></programme><programme channel="lgi-be-prod-master:dicoveryhd" start="20211227111000 +0000" stop="20211227120500 +0000" catchup-id="crid:~~2F~~2Ftelenet.be~~2F06f71057-de80-4e02-af73-6f64d1429036,imi:fb9e7c825bb8dd31699e9c0500276f291f89500e"><title>Outback Opal Hunters</title><date></date><icon src="https://staticqbr-be-prod.tnprod.cdn.dmdsdp.com/image-service/ImagesEPG/EventImages/9be__617__9be61735-6f88-4406-913a-6c07149af058__B170360832.jpg"></icon><desc>De Young Guns besteden al hun spaargeld aan een hydraulische graafmachine die meer problemen creëert dan oplost. En de Blacklighters worden met de neus op de feiten gedrukt.</desc><category>Documentaire, Reality-tv</category></programme>