<programme channel="lgi-be-prod-master:foxbelgium" start="20211226231500 +0000" stop="20211227005500 +0000" catchup-id="crid:~~2F~~2Ftelenet.be~~2Fbbfd1b2c-144b-481f-a96e-9ef0dac68049,imi:d6ecd83a898ba8e2c3b4190191f92b6ee6f8df27"><title>RoboCop 3</title><date>1993</date><icon src="https://staticqbr-be-prod.tnprod.cdn.dmdsdp.com/image-service/ImagesEPG/EventImages/f9d__c4a__f9dc4acf-a8f3-4b96-b769-87f322f2637d__B107353224.jpg"></icon><desc>Sinds de vermoorde politieman Alex J. Murphy aan de slag is als RoboCop, is het aantal misdaden in Old Detroit sterk gedaald. De ordediensten zijn echter net in handen gekomen van een Japans megabedrijf dat snode plannen heeft. In opdracht van de Japanners dwingt de politie de bewoners van Old Detroit hun huizen te verlaten, zodat de opbouw van de 'droomstad' Delta City kan beginnen.</desc><category>Film, Sciencefiction</category></programme><programme channel="lgi-be-prod-master:foxbelgium" start="20211227005500 +0000" stop="20211227012000 +0000" catchup-id="crid:~~2F~~2Ftelenet.be~~2F60df3241-0eaa-4b12-98b8-b2737aa953eb,imi:ac50659c8617da634e30119e9292c4bcd79588ea"><title>BoJack Horseman</title><date></date><icon src="https://staticqbr-be-prod.tnprod.cdn.dmdsdp.com/image-service/ImagesEPG/EventImages/e23__6a8__e236a8a9-4bdc-4341-92a2-aeac7796289a__B152540845.jpg"></icon><desc>Sextina Aquafina belandt in een hottub door een tweet van Diane. Bojack ergert zich aan grappenmaker en steracteur Jurj Clooners.</desc><category>Animatie</category></programme><programme channel="lgi-be-prod-master:foxbelgium" start="20211227012000 +0000" stop="20211227014500 +0000" catchup-id="crid:~~2F~~2Ftelenet.be~~2F27c4e6c8-713a-45c2-85e8-7b1357afc23c,imi:98dc8011b5df70da5e909528bdf20038df67dae1"><title>BoJack Horseman</title><date></date><icon src="https://staticqbr-be-prod.tnprod.cdn.dmdsdp.com/image-service/ImagesEPG/EventImages/e23__6a8__e236a8a9-4bdc-4341-92a2-aeac7796289a__B152540845.jpg"></icon><desc>Todd maakt zijn eigen hoofd van papier-maché gigantisch groot na. Iemand van de klantenservice geeft BoJack goed advies als BoJack zijn abonnement op de krant wil opzeggen.</desc><category>Animatie</category></programme><programme channel="lgi-be-prod-master:foxbelgium" start="20211227014500 +0000" stop="20211227020500 +0000" catchup-id="crid:~~2F~~2Ftelenet.be~~2F02250309-bb91-4ad0-b851-b05f769d5d73,imi:e304e9acb177f69a6f70e43f190160d2d4a1ad7f"><title>Storage Hunters</title><date></date><icon src="https://staticqbr-be-prod.tnprod.cdn.dmdsdp.com/image-service/ImagesEPG/EventImages/4cd__8ee__4cd8ee75-9b20-49b9-8483-d14363917c4a__B77830283.jpg"></icon><desc>Amerikaanse realityreeks (2011) waarin professionele kopers en hun teams op de beste koopjes jagen tijdens veilingen en zo proberen de 'verborgen schat' te pakken te krijgen</desc><category>Documentaire, Reality-tv</category></programme><programme channel="lgi-be-prod-master:foxbelgium" start="20211227020500 +0000" stop="20211227022500 +0000" catchup-id="crid:~~2F~~2Ftelenet.be~~2F0a15867e-db37-4a51-b8ca-bb6fd1c78fc8,imi:0480d77240fad99d79dbfb4880a2460e8d85850b"><title>Storage Hunters</title><date></date><icon src="https://staticqbr-be-prod.tnprod.cdn.dmdsdp.com/image-service/ImagesEPG/EventImages/4cd__8ee__4cd8ee75-9b20-49b9-8483-d14363917c4a__B77830283.jpg"></icon><desc>De kopers bieden erop los om een veelbelovende locker in handen te krijgen die gevuld lijkt met zeldzame kunstobjecten. Gaat de winnaar naar huis met een pak geld of met waardeloze vervalsingen?</desc><category>Documentaire, Reality-tv</category></programme><programme channel="lgi-be-prod-master:foxbelgium" start="20211227022500 +0000" stop="20211227024500 +0000" catchup-id="crid:~~2F~~2Ftelenet.be~~2Ff964014b-ee25-486e-9255-3647741ec7aa,imi:a8334f8fc0f2f7b1029ee64eb774c2039de0745d"><title>Storage Hunters</title><date></date><icon src="https://staticqbr-be-prod.tnprod.cdn.dmdsdp.com/image-service/ImagesEPG/EventImages/4cd__8ee__4cd8ee75-9b20-49b9-8483-d14363917c4a__B77830283.jpg"></icon><desc>De kopers gaan tot het uiterste om een bedekt obect te scoren dat lijkt op een auto. Wacht de winnaar euforie of teleurstelling wanneer het doek eindelijk wordt weggetrokken?</desc><category>Documentaire, Reality-tv</category></programme><programme channel="lgi-be-prod-master:foxbelgium" start="20211227024500 +0000" stop="20211227030500 +0000" catchup-id="crid:~~2F~~2Ftelenet.be~~2F08a09e68-ee3a-4931-ac25-7547465e0cff,imi:9733ad3f3d8990e8f15e7977b021f62ac1546172"><title>Storage Hunters</title><date></date><icon src="https://staticqbr-be-prod.tnprod.cdn.dmdsdp.com/image-service/ImagesEPG/EventImages/4cd__8ee__4cd8ee75-9b20-49b9-8483-d14363917c4a__B77830283.jpg"></icon><desc>Amerikaanse realityreeks (2011) waarin professionele kopers en hun teams op de beste koopjes jagen tijdens veilingen en zo proberen de 'verborgen schat' te pakken te krijgen</desc><category>Documentaire, Reality-tv</category></programme><programme channel="lgi-be-prod-master:foxbelgium" start="20211227030500 +0000" stop="20211227032500 +0000" catchup-id="crid:~~2F~~2Ftelenet.be~~2Fe09ff594-1b80-42ac-8645-9a103744ca5c,imi:668c29de6792b4288c6259f402aaa7b8c98bca87"><title>Storage Hunters</title><date></date><icon src="https://staticqbr-be-prod.tnprod.cdn.dmdsdp.com/image-service/ImagesEPG/EventImages/4cd__8ee__4cd8ee75-9b20-49b9-8483-d14363917c4a__B77830283.jpg"></icon><desc>Amerikaanse realityreeks (2011) waarin professionele kopers en hun teams op de beste koopjes jagen tijdens veilingen en zo proberen de 'verborgen schat' te pakken te krijgen</desc><category>Documentaire, Reality-tv</category></programme><programme channel="lgi-be-prod-master:foxbelgium" start="20211227032500 +0000" stop="20211227034500 +0000" catchup-id="crid:~~2F~~2Ftelenet.be~~2F9c146000-b1a0-49b3-ab43-d21f41da3b42,imi:b1bf65de6e12af06c896f8ca6e121cb7a6773747"><title>Storage Hunters</title><date></date><icon src="https://staticqbr-be-prod.tnprod.cdn.dmdsdp.com/image-service/ImagesEPG/EventImages/4cd__8ee__4cd8ee75-9b20-49b9-8483-d14363917c4a__B77830283.jpg"></icon><desc>De kopers bieden op een opslagruimte met recreatiemateriaal en een verborgen item dat lijkt op een tractor. Wanneer het zeil weggetrokken wordt, wacht hen de verrassing van hun leven.</desc><category>Documentaire, Reality-tv</category></programme><programme channel="lgi-be-prod-master:foxbelgium" start="20211227034500 +0000" stop="20211227040500 +0000" catchup-id="crid:~~2F~~2Ftelenet.be~~2Fe29e919e-0f46-41d6-9fb0-91b7d3874684,imi:89abf24e66bac350762135fd025f215ba62a96bb"><title>Storage Hunters</title><date></date><icon src="https://staticqbr-be-prod.tnprod.cdn.dmdsdp.com/image-service/ImagesEPG/EventImages/4cd__8ee__4cd8ee75-9b20-49b9-8483-d14363917c4a__B77830283.jpg"></icon><desc>Amerikaanse realityreeks (2011) waarin professionele kopers en hun teams op de beste koopjes jagen tijdens veilingen en zo proberen de 'verborgen schat' te pakken te krijgen</desc><category>Documentaire, Reality-tv</category></programme><programme channel="lgi-be-prod-master:foxbelgium" start="20211227040500 +0000" stop="20211227042500 +0000" catchup-id="crid:~~2F~~2Ftelenet.be~~2F2d4c4456-7231-408f-aa0e-526f4b6006a2,imi:6865fa7eab41d480bf5b3adbea0fc03240c49ee1"><title>Storage Hunters</title><date></date><icon src="https://staticqbr-be-prod.tnprod.cdn.dmdsdp.com/image-service/ImagesEPG/EventImages/4cd__8ee__4cd8ee75-9b20-49b9-8483-d14363917c4a__B77830283.jpg"></icon><desc>Amerikaanse realityreeks (2011) waarin professionele kopers en hun teams op de beste koopjes jagen tijdens veilingen en zo proberen de 'verborgen schat' te pakken te krijgen</desc><category>Documentaire, Reality-tv</category></programme><programme channel="lgi-be-prod-master:foxbelgium" start="20211227042500 +0000" stop="20211227045000 +0000" catchup-id="crid:~~2F~~2Ftelenet.be~~2Fe5c21f35-f4b4-4a0e-995d-f34d721d8401,imi:d7c3a6eea4c1cd247e6cefc2098249dde0927f8c"><title>Storage Hunters</title><date></date><icon src="https://staticqbr-be-prod.tnprod.cdn.dmdsdp.com/image-service/ImagesEPG/EventImages/4cd__8ee__4cd8ee75-9b20-49b9-8483-d14363917c4a__B77830283.jpg"></icon><desc>Amerikaanse realityreeks (2011) waarin professionele kopers en hun teams op de beste koopjes jagen tijdens veilingen en zo proberen de 'verborgen schat' te pakken te krijgen</desc><category>Documentaire, Reality-tv</category></programme><programme channel="lgi-be-prod-master:foxbelgium" start="20211227045000 +0000" stop="20211227045500 +0000" catchup-id="crid:~~2F~~2Ftelenet.be~~2Fb64d0f21-9374-420f-ab2a-d0c568ea7509,imi:b6cf5b5836174c4c68729c7838d6b298a30d1cad"><title>Laugh Out Loud</title><date></date><icon src="https://staticqbr-be-prod.tnprod.cdn.dmdsdp.com/image-service/ImagesEPG/EventImages/60f__284__60f284d8-5259-4464-92ff-89b74d52cacf__B160593200.jpg"></icon><desc>Selectie van de meest komische internetfilmpjes.</desc><category>Vrije tijd, Showbiz</category></programme><programme channel="lgi-be-prod-master:foxbelgium" start="20211227045500 +0000" stop="20211227050000 +0000" catchup-id="crid:~~2F~~2Ftelenet.be~~2F711e684e-6030-41df-92c7-25e4d682f614,imi:9cd4751099bc1db5c1b8ea18f0d7a23ad67fb0f7"><title>Laugh Out Loud</title><date></date><icon src="https://staticqbr-be-prod.tnprod.cdn.dmdsdp.com/image-service/ImagesEPG/EventImages/60f__284__60f284d8-5259-4464-92ff-89b74d52cacf__B160593200.jpg"></icon><desc>Selectie van de meest komische internetfilmpjes.</desc><category>Vrije tijd, Showbiz</category></programme><programme channel="lgi-be-prod-master:foxbelgium" start="20211227050000 +0000" stop="20211227050500 +0000" catchup-id="crid:~~2F~~2Ftelenet.be~~2F6c0695bf-47bb-414c-adbd-51b9b2bb544f,imi:b405728c869a7ec0bde6def4944976bd211a5d0e"><title>Laugh Out Loud</title><date></date><icon src="https://staticqbr-be-prod.tnprod.cdn.dmdsdp.com/image-service/ImagesEPG/EventImages/60f__284__60f284d8-5259-4464-92ff-89b74d52cacf__B160593200.jpg"></icon><desc>Selectie van de meest komische internetfilmpjes.</desc><category>Vrije tijd, Showbiz</category></programme><programme channel="lgi-be-prod-master:foxbelgium" start="20211227050500 +0000" stop="20211227052500 +0000" catchup-id="crid:~~2F~~2Ftelenet.be~~2F2d4c4456-7231-408f-aa0e-526f4b6006a2,imi:731465b2df98597a5834b9d038bd7a27cf6f3fd4"><title>Storage Hunters</title><date></date><icon src="https://staticqbr-be-prod.tnprod.cdn.dmdsdp.com/image-service/ImagesEPG/EventImages/4cd__8ee__4cd8ee75-9b20-49b9-8483-d14363917c4a__B77830283.jpg"></icon><desc>Amerikaanse realityreeks (2011) waarin professionele kopers en hun teams op de beste koopjes jagen tijdens veilingen en zo proberen de 'verborgen schat' te pakken te krijgen</desc><category>Documentaire, Reality-tv</category></programme><programme channel="lgi-be-prod-master:foxbelgium" start="20211227052500 +0000" stop="20211227054500 +0000" catchup-id="crid:~~2F~~2Ftelenet.be~~2Fe5c21f35-f4b4-4a0e-995d-f34d721d8401,imi:dafdeb15f338c8f5e77289440977d004b9fb2776"><title>Storage Hunters</title><date></date><icon src="https://staticqbr-be-prod.tnprod.cdn.dmdsdp.com/image-service/ImagesEPG/EventImages/4cd__8ee__4cd8ee75-9b20-49b9-8483-d14363917c4a__B77830283.jpg"></icon><desc>Amerikaanse realityreeks (2011) waarin professionele kopers en hun teams op de beste koopjes jagen tijdens veilingen en zo proberen de 'verborgen schat' te pakken te krijgen</desc><category>Documentaire, Reality-tv</category></programme><programme channel="lgi-be-prod-master:foxbelgium" start="20211227054500 +0000" stop="20211227060500 +0000" catchup-id="crid:~~2F~~2Ftelenet.be~~2F8048045d-6848-476c-9c3a-debf1d2ec856,imi:a4ca5c556eaa828156cdff2dc869211fd08bca5e"><title>Storage Hunters</title><date></date><icon src="https://staticqbr-be-prod.tnprod.cdn.dmdsdp.com/image-service/ImagesEPG/EventImages/4cd__8ee__4cd8ee75-9b20-49b9-8483-d14363917c4a__B77830283.jpg"></icon><desc>Amerikaanse realityreeks (2011) waarin professionele kopers en hun teams op de beste koopjes jagen tijdens veilingen en zo proberen de 'verborgen schat' te pakken te krijgen</desc><category>Documentaire, Reality-tv</category></programme><programme channel="lgi-be-prod-master:foxbelgium" start="20211227060500 +0000" stop="20211227063500 +0000" catchup-id="crid:~~2F~~2Ftelenet.be~~2F5459b58f-5549-4674-881b-43a980d76f1b,imi:202455e4094865d46d682569a077d11967994a5b"><title>Storage Hunters</title><date></date><icon src="https://staticqbr-be-prod.tnprod.cdn.dmdsdp.com/image-service/ImagesEPG/EventImages/4cd__8ee__4cd8ee75-9b20-49b9-8483-d14363917c4a__B77830283.jpg"></icon><desc>Amerikaanse realityreeks (2011) waarin professionele kopers en hun teams op de beste koopjes jagen tijdens veilingen en zo proberen de 'verborgen schat' te pakken te krijgen</desc><category>Documentaire, Reality-tv</category></programme><programme channel="lgi-be-prod-master:foxbelgium" start="20211227063500 +0000" stop="20211227070000 +0000" catchup-id="crid:~~2F~~2Ftelenet.be~~2F3b568576-4540-4843-a9f0-2239a8dd1ef6,imi:31012fd4982b5d36de1bc5948a62c0c62049b91a"><title>Storage Hunters</title><date></date><icon src="https://staticqbr-be-prod.tnprod.cdn.dmdsdp.com/image-service/ImagesEPG/EventImages/4cd__8ee__4cd8ee75-9b20-49b9-8483-d14363917c4a__B77830283.jpg"></icon><desc>Amerikaanse realityreeks (2011) waarin professionele kopers en hun teams op de beste koopjes jagen tijdens veilingen en zo proberen de 'verborgen schat' te pakken te krijgen</desc><category>Documentaire, Reality-tv</category></programme><programme channel="lgi-be-prod-master:foxbelgium" start="20211227070000 +0000" stop="20211227073000 +0000" catchup-id="crid:~~2F~~2Ftelenet.be~~2F6796d388-b182-4bcf-8497-dd520e09f4ca,imi:00ef2e90f5fba00028c410a3c9d31d35dc70a204"><title>Will &amp; Grace</title><date></date><icon src="https://staticqbr-be-prod.tnprod.cdn.dmdsdp.com/image-service/ImagesEPG/EventImages/9dd__9bf__9dd9bf61-c5a4-496a-9d9d-d27138675149__B48311998.jpg"></icon><desc>Op de begrafenis van Stan loopt Karen zijn maîtresse Lorraine tegen het lijf. Karen vraagt Will wat Stan haar heeft nagelaten, waarop Will zegt dat Stan voor zijn dood zijn testament gewijzigd heeft.</desc><category>Sitcoms</category></programme><programme channel="lgi-be-prod-master:foxbelgium" start="20211227073000 +0000" stop="20211227075500 +0000" catchup-id="crid:~~2F~~2Ftelenet.be~~2F66c9ebb5-7c5c-4fe6-a434-2db27b0cebc6,imi:5010298f25d37695def58ba8ea2f2724fa89c73f"><title>Will &amp; Grace</title><date></date><icon src="https://staticqbr-be-prod.tnprod.cdn.dmdsdp.com/image-service/ImagesEPG/EventImages/9dd__9bf__9dd9bf61-c5a4-496a-9d9d-d27138675149__B48311998.jpg"></icon><desc>Grace zou met Leo naar Guatemala gaan, maar als Karen Will en Jack mee vraagt op een lange cruise, weet ze het niet meer. Leo houdt haar niet aan haar belofte en Grace gaat mee op de cruise.</desc><category>Sitcoms</category></programme><programme channel="lgi-be-prod-master:foxbelgium" start="20211227075500 +0000" stop="20211227085000 +0000" catchup-id="crid:~~2F~~2Ftelenet.be~~2Ff08f50b5-b680-4923-bfd5-978a46fd4b63,imi:4a09e697db0236c0400dbfb3b8ceac377ade1a27"><title>Below Deck Mediterranean</title><date></date><icon src="https://staticqbr-be-prod.tnprod.cdn.dmdsdp.com/image-service/ImagesEPG/EventImages/aff__152__aff1525f-c105-4834-aacd-f70c89a01345__B164715299.jpg"></icon><desc>Sandy laat het donderen, en Adam moet voor zichzelf opkomen. Joao is streng voor Jamie als ze zich verslaapt. Nu Kasey niet langer zeeziek is, neemt Hannah haar onder handen omdat ze zo traag is.</desc><category>Documentaire, Reality-tv</category></programme><programme channel="lgi-be-prod-master:foxbelgium" start="20211227085000 +0000" stop="20211227094500 +0000" catchup-id="crid:~~2F~~2Ftelenet.be~~2F76781879-66bd-4c3b-ba55-cd1a02d46094,imi:0d91368ded45bfae2e879106eaa538882cf88c2f"><title>Tiny House Nation</title><date></date><icon src="https://staticqbr-be-prod.tnprod.cdn.dmdsdp.com/image-service/ImagesEPG/EventImages/371__ef0__371ef044-89b0-41b1-b3ed-8d431b24044a__B164712343.jpg"></icon><desc>Josh en Shelley zijn een jong stel met een verhuis- en sleepbedrijf in Californië. Ze geven graag hun vermaarde huiscocktailfeestjes, en in het nieuw te bouwen tiny house moet dat zo blijven.</desc><category>Documentaire, Reality-tv</category></programme><programme channel="lgi-be-prod-master:foxbelgium" start="20211227094500 +0000" stop="20211227101500 +0000" catchup-id="crid:~~2F~~2Ftelenet.be~~2F5cf4ff94-8d39-4129-a536-eac035bd1b27,imi:a2dd11766cc7827d00fa9a6e22a80670bfca3724"><title>Storage Wars</title><date></date><icon src="https://staticqbr-be-prod.tnprod.cdn.dmdsdp.com/image-service/ImagesEPG/EventImages/397__98a__39798a20-789a-46ae-9b51-861fbf92c6fe__B49609719.jpg"></icon><desc>De kopers gaan terug naar San Bernardino, Californië. Darrell en Brandon betalen 230 dollar voor een unit en vinden iets heel ouds. Dave telt 1850 dollar neer voor een unit met vintage meubelen.</desc><category>Documentaire, Reality-tv</category></programme><programme channel="lgi-be-prod-master:foxbelgium" start="20211227101500 +0000" stop="20211227103500 +0000" catchup-id="crid:~~2F~~2Ftelenet.be~~2F19a5e12f-e64c-4fa0-9263-a150b6498e01,imi:dce5e63367df5ac1e50c7e113aaa8ff41d7ee61f"><title>Storage Wars</title><date></date><icon src="https://staticqbr-be-prod.tnprod.cdn.dmdsdp.com/image-service/ImagesEPG/EventImages/397__98a__39798a20-789a-46ae-9b51-861fbf92c6fe__B49609719.jpg"></icon><desc>Barry Weiss ontdekt dat zijn verslaving aan opslagruimtes zijn tol eist. Ondertussen kopen Darell en Brandon een opslag op die een feest belooft, en Dave zit iedereen op de huid.</desc><category>Documentaire, Reality-tv</category></programme><programme channel="lgi-be-prod-master:foxbelgium" start="20211227103500 +0000" stop="20211227113000 +0000" catchup-id="crid:~~2F~~2Ftelenet.be~~2Ff08f50b5-b680-4923-bfd5-978a46fd4b63,imi:9a7828146f4c2a3a6088f84d26c597fede37a5cc"><title>Below Deck Mediterranean</title><date></date><icon src="https://staticqbr-be-prod.tnprod.cdn.dmdsdp.com/image-service/ImagesEPG/EventImages/aff__152__aff1525f-c105-4834-aacd-f70c89a01345__B164715299.jpg"></icon><desc>Sandy laat het donderen, en Adam moet voor zichzelf opkomen. Joao is streng voor Jamie als ze zich verslaapt. Nu Kasey niet langer zeeziek is, neemt Hannah haar onder handen omdat ze zo traag is.</desc><category>Documentaire, Reality-tv</category></programme><programme channel="lgi-be-prod-master:foxbelgium" start="20211227113000 +0000" stop="20211227122500 +0000" catchup-id="crid:~~2F~~2Ftelenet.be~~2Ff3a44b8e-2f94-4b81-a1a4-3fb72fbefd28,imi:408b770bc07ccf41892c09fe3d8b7d58d092a7a8"><title>The Real Housewives of NYC</title><date></date><icon src="https://staticqbr-be-prod.tnprod.cdn.dmdsdp.com/image-service/ImagesEPG/EventImages/2e5__5b0__2e55b00a-94bc-47db-9607-f07249de4ba6__B205733432.jpg"></icon><desc>De dames zijn in Mexico. Ramona en Sonja zoeken de beste kamer en sluiten zich af. Tinsley confronteert Ramona en Sonja met een negatief artikel. Luann zakt af en Bethenny tikt Sonja op de vingers.</desc><category>Dramaseries</category></programme>