<programme channel="lgi-be-prod-master:mtv" start="20211226230000 +0000" stop="20211226233000 +0000" catchup-id="crid:~~2F~~2Ftelenet.be~~2F5ac9253f-a2b5-443f-a313-59d065f0a33b,imi:d9309ffca4dd0a23bafd8b90ed784bf987522984"><title>Ridiculousness</title><date></date><icon src="https://staticqbr-be-prod.tnprod.cdn.dmdsdp.com/image-service/ImagesEPG/EventImages/fca__fe9__fcafe929-b12f-4910-ae45-8b93bd38604c__B141099852.jpg"></icon><desc>In een gloednieuwe aflevering van Ridiculousness zien Rob, Chanel en Steelo kerstmannen die er de kantjes vanaf lopen, gaan ze met kerst op de vuist en balen ze van de feestmaaltijden.</desc><category>Vrije tijd, Showbiz</category></programme><programme channel="lgi-be-prod-master:mtv" start="20211226233000 +0000" stop="20211227000000 +0000" catchup-id="crid:~~2F~~2Ftelenet.be~~2F58268d13-ada4-4943-ad08-5d53fd048a52,imi:4f125f969107fe8a868bceda87acd918a8d6572f"><title>Ridiculousness</title><date></date><icon src="https://staticqbr-be-prod.tnprod.cdn.dmdsdp.com/image-service/ImagesEPG/EventImages/fca__fe9__fcafe929-b12f-4910-ae45-8b93bd38604c__B141099852.jpg"></icon><desc>In deze gloednieuwe aflevering van Ridiculousness kijken Rob, Chanel en Steelo naar DIREWORKS, bestuderen ze DRUNKITECTURE en geven ze vijf sterren aan RIDE OVERSHARING.</desc><category>Vrije tijd, Showbiz</category></programme><programme channel="lgi-be-prod-master:mtv" start="20211227000000 +0000" stop="20211227003000 +0000" catchup-id="crid:~~2F~~2Ftelenet.be~~2F319488c8-0c51-4341-82cf-d01b96f71b7a,imi:6daeb9760b89d77e3c107801de5cb22ef856adb9"><title>Ridiculousness</title><date></date><icon src="https://staticqbr-be-prod.tnprod.cdn.dmdsdp.com/image-service/ImagesEPG/EventImages/fca__fe9__fcafe929-b12f-4910-ae45-8b93bd38604c__B141099852.jpg"></icon><desc>Rob, Chanel en Steelo kijken naar boten in MEANT FOR THE WATER, zoeken een vuurtje in GOT A LIGHT? en worden drijfnat in WATER WASTED.</desc><category>Vrije tijd, Showbiz</category></programme><programme channel="lgi-be-prod-master:mtv" start="20211227003000 +0000" stop="20211227010000 +0000" catchup-id="crid:~~2F~~2Ftelenet.be~~2Fa68b0b4d-c89e-4f8a-b937-4b68155a582c,imi:734b3ea0a48cdbfea76e8254c54cfa03aef28b35"><title>MTV World Stage: EMA Highlights 2021</title><date>2021</date><icon src="https://staticqbr-be-prod.tnprod.cdn.dmdsdp.com/image-service/ImagesEPG/EventImages/d17__cb1__d17cb1a6-4975-43f2-a006-e80a05891e76__B105933935.jpg"></icon><desc>Hoogtepunten van de MTV EMA's in Hongarije</desc><category>Muziek</category></programme><programme channel="lgi-be-prod-master:mtv" start="20211227010000 +0000" stop="20211227050000 +0000" catchup-id="crid:~~2F~~2Ftelenet.be~~2F60f6928e-9d14-47ec-b03f-e76a3a8eb8a5,imi:8153265a91361b23190d0348133a55a7436d128d"><title>Music Television</title><date>2017</date><icon src="https://staticqbr-be-prod.tnprod.cdn.dmdsdp.com/image-service/ImagesEPG/EventImages/5cf__32a__5cf32a96-278a-4e11-a1ab-f61e21e6ccd6__B153210680.jpg"></icon><desc>music hours with the most popular international and local videos.</desc><category>Muziek</category></programme><programme channel="lgi-be-prod-master:mtv" start="20211227050000 +0000" stop="20211227060000 +0000" catchup-id="crid:~~2F~~2Ftelenet.be~~2Faa16395a-a1c4-4300-94b9-5e9323639914,imi:64608314d17666f891f57496063952e588183dcb"><title>Morning Vibes</title><date></date><icon src="https://staticqbr-be-prod.tnprod.cdn.dmdsdp.com/image-service/ImagesEPG/EventImages/c32__ec7__c32ec72a-889c-4f67-a8d4-17a5f36532a1__B141842847.jpg"></icon><desc>Waking up with the best morning videos.</desc><category>Vrije tijd, Showbiz</category></programme><programme channel="lgi-be-prod-master:mtv" start="20211227060000 +0000" stop="20211227070000 +0000" catchup-id="crid:~~2F~~2Ftelenet.be~~2F1364cc39-8a45-4d71-bb6a-5dc9cacedfab,imi:6f7c13638fcf064e67b361a30425f58ade6b6099"><title>Hot &amp; Happening</title><date></date><icon src="https://staticqbr-be-prod.tnprod.cdn.dmdsdp.com/image-service/ImagesEPG/EventImages/43a__f6c__43af6c2e-a3d7-409e-9d3f-857f1abf2776__B141342807.jpg"></icon><desc>The most popular MTV Spotify hits of the day.</desc><category>Vrije tijd, Showbiz</category></programme><programme channel="lgi-be-prod-master:mtv" start="20211227070000 +0000" stop="20211227080000 +0000" catchup-id="crid:~~2F~~2Ftelenet.be~~2F6a8e7d19-44c3-4afa-bd7f-491132db67db,imi:6d34ac62a12487ac6e9238b667ccf19fa6665a12"><title>Best Of</title><date>2020</date><icon src="https://staticqbr-be-prod.tnprod.cdn.dmdsdp.com/image-service/ImagesEPG/EventImages/fcb__7ef__fcb7ef27-6e33-4683-ac42-8bf81389a7b7__B181727425.jpg"></icon><desc>De beste clips van de grootste nationale en internationale artiesten.</desc><category>Vrije tijd, Showbiz</category></programme><programme channel="lgi-be-prod-master:mtv" start="20211227080000 +0000" stop="20211227090000 +0000" catchup-id="crid:~~2F~~2Ftelenet.be~~2F797bee64-94d3-467e-8e3e-3bfb45ee40f2,imi:ec5c5e5f4a277916d28c510c8b1c6252e5bf7374"><title>Favorites</title><date>2021</date><icon src="https://staticqbr-be-prod.tnprod.cdn.dmdsdp.com/image-service/ImagesEPG/EventImages/c32__ec7__c32ec72a-889c-4f67-a8d4-17a5f36532a1__B141842847.jpg"></icon><desc>Best videos of the biggest local and international superstars</desc><category>Muziek</category></programme><programme channel="lgi-be-prod-master:mtv" start="20211227090000 +0000" stop="20211227100000 +0000" catchup-id="crid:~~2F~~2Ftelenet.be~~2F166b70b6-2b04-4ad3-ae2a-ffd27d8ab9a5,imi:04aea893adafa9ee5778b955bd144d967b413c78"><title>MTV Brand New</title><date></date><icon src="https://staticqbr-be-prod.tnprod.cdn.dmdsdp.com/image-service/ImagesEPG/EventImages/a90__7e5__a907e5fa-06fb-4eb6-8c2e-cdbd96bc55cf__B146114601.jpg"></icon><desc>In deze interactieve show, gepresenteerd door Dennis, ligt de nadruk op nieuwe muziek en brengen we entertainment door opvallende rubrieken in of buiten de studio. Dennis kruipt in de huid van Dr. D, zijn alter ego, om bands en artiesten aan een psycho-analyse te onderwerpen. We laten de nieuwste video's zien, presenteren je het laatste nieuws, iedere week een verse concertagenda en ontvangen we muzikale gasten in de studio.</desc><category>Vrije tijd, Showbiz</category></programme><programme channel="lgi-be-prod-master:mtv" start="20211227100000 +0000" stop="20211227103000 +0000" catchup-id="crid:~~2F~~2Ftelenet.be~~2Ff41fb52d-7ea8-486f-ae3d-995d6372109c,imi:1953cc4f15a672ea3ac71c5219dcf5b03e62d9cd"><title>Just Tattoo of Us - US</title><date></date><icon src="https://staticqbr-be-prod.tnprod.cdn.dmdsdp.com/image-service/ImagesEPG/EventImages/c02__aa0__c02aa04b-9796-46e6-820f-99b1700a9c32__B148912757.jpg"></icon><desc>Floribama-vriendinnen Nilsa en Aimee komen langs voor ontnuchterende tattoos die hun vriendschap op de proef stellen. Zuidelijke zusjes staan voor een keerpunt als een schokkend geheim uitkomt.</desc><category>Documentaire, Reality-tv</category></programme><programme channel="lgi-be-prod-master:mtv" start="20211227103000 +0000" stop="20211227112500 +0000" catchup-id="crid:~~2F~~2Ftelenet.be~~2Fd694e858-990b-4abb-bbc1-930fb31c80f3,imi:f3ad9d806552023ab9dbf18970987340bba78fe2"><title>Teen Mom 2</title><date></date><icon src="https://staticqbr-be-prod.tnprod.cdn.dmdsdp.com/image-service/ImagesEPG/EventImages/1ae__3b9__1ae3b98e-4ade-434b-9d94-4b055a6ff4c0__B51960882.jpg"></icon><desc>Jenelle heeft een onrustige Moederdag wanneer ze Jace niet mag zien. Briana staat onder druk terwijl ze haar babyshower voorbereidt. Kailyn is geschokt als Javi alimentatie aanvraagt. Leah en Ali gaan naar de dokter. Aubree is klaar in groep 3.</desc><category>Documentaire, Reality-tv</category></programme><programme channel="lgi-be-prod-master:mtv" start="20211227112500 +0000" stop="20211227121500 +0000" catchup-id="crid:~~2F~~2Ftelenet.be~~2F09b71e9e-5abc-4a37-a54c-49baa5bac017,imi:511d214a437e40dea849ff6e77446aa0cd48ccef"><title>Teen Mom 2</title><date></date><icon src="https://staticqbr-be-prod.tnprod.cdn.dmdsdp.com/image-service/ImagesEPG/EventImages/1ae__3b9__1ae3b98e-4ade-434b-9d94-4b055a6ff4c0__B51960882.jpg"></icon><desc>Briana's babyshower wordt verstoord als Luis komt. Jenelles zaak om Jace terug te krijgen komt voor. Kailyn heeft moeite school, de jongens en Javi en Jo te combineren. Chelsea gaat een dagje uit met Aubree. Leah zoekt een helper voor Ali.</desc><category>Documentaire, Reality-tv</category></programme>