<programme channel="lgi-be-prod-master:11sports3betv" start="20211227003000 +0000" stop="20211227033000 +0000" catchup-id="crid:~~2F~~2Ftelenet.be~~2Ff71ebea4-e693-45b1-9c1e-166f5d555fda-fre,imi:ba481a208eca8ff196203c3a38e9ebb3db1f2043"><title>Ufc</title><date></date><icon src="https://staticqbr-be-prod.tnprod.cdn.dmdsdp.com/image-service/ImagesEPG/EventImages/fde__8c2__fde8c261-d370-4300-a363-d8b2bd5ee575__B106319858.jpg"></icon><desc>Gevechtssport.</desc><category>Sport, Vechtsporten</category></programme><programme channel="lgi-be-prod-master:11sports3betv" start="20211227033000 +0000" stop="20211227040000 +0000" catchup-id="crid:~~2F~~2Ftelenet.be~~2F5ee2bc7a-24b6-4154-af20-b2e456505e46-fre,imi:c04491ff84d5223a611457427a701d01a183c50a"><title>Bad Jokes</title><date></date><icon src="https://staticqbr-be-prod.tnprod.cdn.dmdsdp.com/image-service/ImagesEPG/EventImages/dd0__93f__dd093f32-aa72-4e3d-b84e-9cc51ad8219a__B106262915.jpg"></icon><desc>Sportmagazine.</desc><category>Sport</category></programme><programme channel="lgi-be-prod-master:11sports3betv" start="20211227040000 +0000" stop="20211227050000 +0000" catchup-id="crid:~~2F~~2Ftelenet.be~~2F7a630fe6-b37c-4b50-b5a0-80c376b42bb2-fre,imi:7e6d7bb099afdaddc04ab662ef33a31bd2e5e01d"><title>UFC Greatest Moments: Main Events</title><date></date><icon src="https://staticqbr-be-prod.tnprod.cdn.dmdsdp.com/image-service/ImagesEPG/EventImages/fde__8c2__fde8c261-d370-4300-a363-d8b2bd5ee575__B106319858.jpg"></icon><desc>Gevechtssport.</desc><category>Sport, Vechtsporten</category></programme><programme channel="lgi-be-prod-master:11sports3betv" start="20211227050000 +0000" stop="20211227060000 +0000" catchup-id="crid:~~2F~~2Ftelenet.be~~2F81de4ab6-7d77-41a8-8a1a-13113ae4a85a-fre,imi:2c43032e92a96ca0b09bbf6230fc574b4331b516"><title>UFC Greatest Moments: Main Events</title><date></date><icon src="https://staticqbr-be-prod.tnprod.cdn.dmdsdp.com/image-service/ImagesEPG/EventImages/fde__8c2__fde8c261-d370-4300-a363-d8b2bd5ee575__B106319858.jpg"></icon><desc>Gevechtssport.</desc><category>Sport, Vechtsporten</category></programme><programme channel="lgi-be-prod-master:11sports3betv" start="20211227060000 +0000" stop="20211227070000 +0000" catchup-id="crid:~~2F~~2Ftelenet.be~~2Feb6e8496-22cf-45bb-90ef-47045bb742d6-fre,imi:74961571bf096d3eea6eaea57f38b4c51eb89eb4"><title>UFC Unleashed</title><date></date><icon src="https://staticqbr-be-prod.tnprod.cdn.dmdsdp.com/image-service/ImagesEPG/EventImages/fde__8c2__fde8c261-d370-4300-a363-d8b2bd5ee575__B106319858.jpg"></icon><desc>Gevechtssport.</desc><category>Sport, Vechtsporten</category></programme><programme channel="lgi-be-prod-master:11sports3betv" start="20211227070000 +0000" stop="20211227103500 +0000" catchup-id="crid:~~2F~~2Ftelenet.be~~2Fcae770cd-de38-4281-9da6-5ccc6bf57089-fre,imi:4673b9adb07ac1d49d42d19285b138b3327dc678"><title>Ufc</title><date></date><icon src="https://staticqbr-be-prod.tnprod.cdn.dmdsdp.com/image-service/ImagesEPG/EventImages/fde__8c2__fde8c261-d370-4300-a363-d8b2bd5ee575__B106319858.jpg"></icon><desc>Gevechtssport.</desc><category>Sport, Vechtsporten</category></programme><programme channel="lgi-be-prod-master:11sports3betv" start="20211227103500 +0000" stop="20211227110000 +0000" catchup-id="crid:~~2F~~2Ftelenet.be~~2Fdaddc463-66b5-4b15-99ae-5754a05c9453-fre,imi:6c757112de54de9bb97150af9678cf3c7aec7cec"><title>Bad Jokes</title><date></date><icon src="https://staticqbr-be-prod.tnprod.cdn.dmdsdp.com/image-service/ImagesEPG/EventImages/dd0__93f__dd093f32-aa72-4e3d-b84e-9cc51ad8219a__B106262915.jpg"></icon><desc>Sportmagazine.</desc><category>Sport</category></programme><programme channel="lgi-be-prod-master:11sports3betv" start="20211227110000 +0000" stop="20211227113000 +0000" catchup-id="crid:~~2F~~2Ftelenet.be~~2F8334e403-01fc-4336-ac18-3700ff57128c-fre,imi:2d42f5884cbc4d78cf7fa4676e05ada03f5fd925"><title>No days off</title><date></date><icon src="https://staticqbr-be-prod.tnprod.cdn.dmdsdp.com/image-service/ImagesEPG/EventImages/f14__de0__f14de018-9dd6-491e-8f14-8ef0f728ccbd__B78363348.jpg"></icon><desc></desc><category>Overig</category></programme><programme channel="lgi-be-prod-master:11sports3betv" start="20211227113000 +0000" stop="20211227115500 +0000" catchup-id="crid:~~2F~~2Ftelenet.be~~2Fa4ee575d-edae-4496-9f36-8c6f85abed79-fre,imi:d40862ae03e07182a94c546cbb205908f1e59a31"><title>No days off</title><date></date><icon src="https://staticqbr-be-prod.tnprod.cdn.dmdsdp.com/image-service/ImagesEPG/EventImages/f14__de0__f14de018-9dd6-491e-8f14-8ef0f728ccbd__B78363348.jpg"></icon><desc></desc><category>Overig</category></programme><programme channel="lgi-be-prod-master:11sports3betv" start="20211227115500 +0000" stop="20211227122500 +0000" catchup-id="crid:~~2F~~2Ftelenet.be~~2F4b56f270-212c-489d-80a5-a41f8c593d79-fre,imi:ea97a327819d7bb0273da72b272b11f2ed35a071"><title>On Off Episodes</title><date></date><icon src="https://staticqbr-be-prod.tnprod.cdn.dmdsdp.com/image-service/ImagesEPG/EventImages/dd0__93f__dd093f32-aa72-4e3d-b84e-9cc51ad8219a__B106262915.jpg"></icon><desc>Sportmagazine.</desc><category>Sport</category></programme>