<programme channel="lgi-be-prod-master:cinecinemacl" start="20211226231400 +0000" stop="20211227004000 +0000" catchup-id="crid:~~2F~~2Ftelenet.be~~2F812289d1-d77d-48aa-adc2-31c54f2f29e3-fre,imi:215dcb4d9676eb086f4fb2a36edff4fcbd1eb4a9"><title>I vampiri</title><date>1956</date><icon src="https://staticqbr-be-prod.tnprod.cdn.dmdsdp.com/image-service/ImagesEPG/EventImages/f15__6db__f156db89-09e9-45e2-92f2-44d4191a0219__B105936399.jpg"></icon><desc>Julien du Grand, un médecin qui ne s'embarasse pas de scrupules, utilise le sang frais de jeunes filles pour assurer la vie éternelle à Giselle du Grand. Pierre Valentin, un journaliste un peu plus curieux que les autres, en vient à s'intéresser de près à cette affaire. Il découvre bientôt l'horrible secret de madame du Grand et décide de mettre fin à ses activités. Mais, quand il raconte son histoire, la police reste incrédule...</desc><category>Film, Sciencefiction</category></programme><programme channel="lgi-be-prod-master:cinecinemacl" start="20211227004000 +0000" stop="20211227020900 +0000" catchup-id="crid:~~2F~~2Ftelenet.be~~2Fb8a8f9e9-7342-48d5-88c4-87237a04888d-fre,imi:f11bb22d78a74e2c1348f1f817a96f0c9dc4215b"><title>Hotel des Amériques</title><date>1981</date><icon src="https://staticqbr-be-prod.tnprod.cdn.dmdsdp.com/image-service/ImagesEPG/EventImages/b91__049__b910491e-72a0-4f1e-9aea-6be5f4f2ff41__B105936402.jpg"></icon><desc>Op een nacht rijdt Hélène bijna Gilles aan. Hij is gefascineerd door haar schoonheid en laat haar niet meer met rust. Uiteindelijk valt Hélène voor zijn charmes en vertrouwt ze hem haar grootste geheim toe: de man van haar leven heeft het jaar daarvoor zelfmoord gepleegd.</desc><category>Film, Drama</category></programme><programme channel="lgi-be-prod-master:cinecinemacl" start="20211227020900 +0000" stop="20211227032900 +0000" catchup-id="crid:~~2F~~2Ftelenet.be~~2F432f2eb8-e337-403a-af7d-dc22dfabcaf4-fre,imi:5c4694bf7f8f8669bd1333b56647887064d31a75"><title>L'Américain</title><date>1969</date><icon src="https://staticqbr-be-prod.tnprod.cdn.dmdsdp.com/image-service/ImagesEPG/EventImages/b91__049__b910491e-72a0-4f1e-9aea-6be5f4f2ff41__B105936402.jpg"></icon><desc>Bruno revient à Rouen, sa ville natale, après avoir passé onze années aux Etats-Unis et fait fortune. Il reprend contact avec ses anciens amis. L'un a raté sa carrière de footballeur, l'autre s'est marié et mène une vie monotone, tandis que le poète anarchiste de la bande vit toujours un peu en marge de la société. Un seul a réussi, il est propriétaire d'un garage...</desc><category>Film</category></programme><programme channel="lgi-be-prod-master:cinecinemacl" start="20211227032900 +0000" stop="20211227070700 +0000" catchup-id="crid:~~2F~~2Ftelenet.be~~2F1370957e-c0e5-4c45-a42d-c7f0908e457f-fre,imi:f3f367caf2eabec235c0f0923725735e78930c8c"><title>Onderbreking</title><date></date><icon src="https://staticqbr-be-prod.tnprod.cdn.dmdsdp.com/image-service/ImagesEPG/EventImages/d2f__4ac__d2f4accd-d8db-4158-869e-2fbf7b27f128__B166199242.jpg"></icon><desc>Geen uitzending.</desc><category>Overig</category></programme><programme channel="lgi-be-prod-master:cinecinemacl" start="20211227070700 +0000" stop="20211227073300 +0000" catchup-id="crid:~~2F~~2Ftelenet.be~~2F593ceccd-87a7-48b8-8430-3596e12266e2-fre,imi:14688ec18336e3b1c7eaf5d3b10e8056a143a261"><title>Viva cinéma</title><date></date><icon src="https://staticqbr-be-prod.tnprod.cdn.dmdsdp.com/image-service/ImagesEPG/EventImages/215__e00__215e00d1-e35d-49ff-a2c6-bb77a2917299__W106255293.jpg"></icon><desc>Magazine du cinéma</desc><category>Nieuws, Actualiteitenprogramma's</category></programme><programme channel="lgi-be-prod-master:cinecinemacl" start="20211227073300 +0000" stop="20211227094500 +0000" catchup-id="crid:~~2F~~2Ftelenet.be~~2Fcf7dc323-383e-4c96-876b-460fce4aada1-fre,imi:a2343509e1148a6af217fff73c0b580baa38139d"><title>Huit et demi</title><date>1963</date><icon src="https://staticqbr-be-prod.tnprod.cdn.dmdsdp.com/image-service/ImagesEPG/EventImages/b91__049__b910491e-72a0-4f1e-9aea-6be5f4f2ff41__B105936402.jpg"></icon><desc>Guido Anselmi, un cinéaste réputé, suit une cure de repos dans une ville d'eau. Pour son prochain film, qu'il ne sait comment démarrer, il écoute les conseils de ses amis. Le tournage commence mais, subitement, Guido n'est satisfait de rien. Les doutes l'assaillent. Luiza, sa femme, Carla, sa maîtresse, Claudia, l'inaccessible beauté qu'il doit prochainement diriger : les visages féminins se mêlent. Guido s'évade dans des visions. Il revoit des épisodes de son enfance, des souvenirs de jeunesse, il rêve et chevauche allègrement réalité et songe...</desc><category>Film</category></programme><programme channel="lgi-be-prod-master:cinecinemacl" start="20211227094500 +0000" stop="20211227112500 +0000" catchup-id="crid:~~2F~~2Ftelenet.be~~2F1f85a40d-9ea9-483d-9a4d-ab0dcfcf77d9-fre,imi:0d9130c86d97d85065e127e4236cc9469b13b0f8"><title>Angélique et le Roy</title><date>1966</date><icon src="https://staticqbr-be-prod.tnprod.cdn.dmdsdp.com/image-service/ImagesEPG/EventImages/3c7__851__3c78516b-6bea-4cec-b12c-ef9bc6d7d4cd__B162324576.jpg"></icon><desc>Tot genoegen van de koning, steunt de wijze Colbert weduwe Angélique door haar uit te roepen tot de favoriet op de troon. Dit is echter niet naar de zin van La Montespan, een andere troonpretendent. door haar uit te roepen tot de favoriet op de troon. Dit is echter niet naar de zin van La Montespan, een andere troonpretendent.</desc><category>Film, Drama</category></programme><programme channel="lgi-be-prod-master:cinecinemacl" start="20211227112500 +0000" stop="20211227123000 +0000" catchup-id="crid:~~2F~~2Ftelenet.be~~2Fd142956b-cc4e-4be4-aa8c-1fb94d6a11dd-fre,imi:e0af35c2a29179853187afd905abef0493d257d5"><title>Valkoinen peura</title><date>1952</date><icon src="https://staticqbr-be-prod.tnprod.cdn.dmdsdp.com/image-service/ImagesEPG/EventImages/f15__6db__f156db89-09e9-45e2-92f2-44d4191a0219__B105936399.jpg"></icon><desc>Une jeune femme douée de pouvoirs magiques se sent délaissée par son mari et organise un sacrifice rituel afin de jouir de son pouvoir.</desc><category>Film, Sciencefiction</category></programme>