<programme channel="lgi-be-prod-master:rtltele" start="20211227010500 +0000" stop="20211227033500 +0000" catchup-id="crid:~~2F~~2Ftelenet.be~~2F2a646e12-3c2a-48ae-b2aa-8d54fab1866c-deu,imi:2d89647157ee526ba6382a432cdc3bbd17cf2462"><title>Spider-Man 3</title><date>2007</date><icon src="https://staticqbr-be-prod.tnprod.cdn.dmdsdp.com/image-service/ImagesEPG/EventImages/605__3d9__6053d9e2-6cd5-44a2-9fef-3bd07c102761__B50866205.jpg"></icon><desc>Peter Parker, alias Spider-Man, en zijn vriendin MJ willen trouwen. Na een romantisch avondje in het park raakt Peter echter besmet door een goedje afkomstig van een meteoriet. Hij ondergaat een transformatie, waardoor hij sterker wordt dan ooit, maar ook arroganter en egoïstischer. Zijn aanstaande bruid heeft het niet begrepen op de nieuwe Peter en stelt hem voor de keuze: zijn superkrachten of zij.</desc><category>Film, Sciencefiction</category></programme><programme channel="lgi-be-prod-master:rtltele" start="20211227033500 +0000" stop="20211227041500 +0000" catchup-id="crid:~~2F~~2Ftelenet.be~~2F3c81b4ad-f6f4-48c0-8fd3-7355c9c19463-deu,imi:3345953f7246ce86f8c23605fa3f824295fee71a"><title>Anwälte der Toten - Rechtsmediziner decken auf</title><date>1999</date><icon src="https://staticqbr-be-prod.tnprod.cdn.dmdsdp.com/image-service/ImagesEPG/EventImages/371__569__371569c6-b6e0-4a8a-8e05-6c20a8ddd88e__B105932966.jpg"></icon><desc>In der erfolgreichen Doku-Drama-Serie &quot;Anwälte der Toten&quot; geht es auf Verbrecherjagd. Echte Kommissare und Rechtsmediziner zeigen ihre spektakulärsten Fälle. Der Zuschauer ist hautnah mit dabei und erlebt alle Fälle filmisch aufwendig inszeniert und detailgetreu nachgestellt. Denn genau so hat es sich abgespielt.</desc><category>Documentaire, Reality-tv</category></programme><programme channel="lgi-be-prod-master:rtltele" start="20211227041500 +0000" stop="20211227050000 +0000" catchup-id="crid:~~2F~~2Ftelenet.be~~2F3c81b4ad-f6f4-48c0-8fd3-7355c9c19463-deu,imi:3dc7da6159fbb1241c1a5a4fe0f36226e2a0b6ec"><title>Anwälte der Toten - Rechtsmediziner decken auf</title><date>1999</date><icon src="https://staticqbr-be-prod.tnprod.cdn.dmdsdp.com/image-service/ImagesEPG/EventImages/371__569__371569c6-b6e0-4a8a-8e05-6c20a8ddd88e__B105932966.jpg"></icon><desc>In der erfolgreichen Doku-Drama-Serie &quot;Anwälte der Toten&quot; geht es auf Verbrecherjagd. Echte Kommissare und Rechtsmediziner zeigen ihre spektakulärsten Fälle. Der Zuschauer ist hautnah mit dabei und erlebt alle Fälle filmisch aufwendig inszeniert und detailgetreu nachgestellt. Denn genau so hat es sich abgespielt.</desc><category>Documentaire, Reality-tv</category></programme><programme channel="lgi-be-prod-master:rtltele" start="20211227050000 +0000" stop="20211227073000 +0000" catchup-id="crid:~~2F~~2Ftelenet.be~~2Fc30e158f-5480-4950-a518-b495b43aa30a-deu,imi:cf389835de6e24a1dee6e3b45e32d6bb2b4acb2f"><title>Guten Morgen Deutschland</title><date>2013</date><icon src="https://staticqbr-be-prod.tnprod.cdn.dmdsdp.com/image-service/ImagesEPG/EventImages/270__edb__270edbe8-8aaa-47f1-beda-4ac408f4e662__B49759872.jpg"></icon><desc>Mit &quot;Guten Morgen Deutschland&quot; präsentiert sich der frühe Morgen bei RTL mit einem informativen wie unterhaltsamen Magazin. Neben regelmäßigen Nachrichtenblöcken mit den aktuellen News gibt es jede Menge VIP- und Sport-Nachrichten, ein ausführliches Wetter und Servicethemen mit Verbrauchertipps und -ratschlägen.</desc><category>Actualiteit</category></programme><programme channel="lgi-be-prod-master:rtltele" start="20211227073000 +0000" stop="20211227080000 +0000" catchup-id="crid:~~2F~~2Ftelenet.be~~2Fddafa8f0-d238-4161-bc5a-ea38557bbf89-deu,imi:2938cf57e61431555e15cb3144a69f88ae6c6130"><title>Gute Zeiten, schlechte Zeiten</title><date></date><icon src="https://staticqbr-be-prod.tnprod.cdn.dmdsdp.com/image-service/ImagesEPG/EventImages/809__359__809359e1-ed79-4210-b8dd-69a2a76c5778__B49759915.jpg"></icon><desc>Obwohl gerade Laura und Moritz spüren, dass ihre Mutter nicht so tapfer ist, wie sie tut, akzeptieren sie nach anfänglichem Zögern Yvonnes Wunsch. Dabei ahnen sie nicht, wie schlecht es ihrer Mutter wirklich geht. Weihnachten im Kiez steht an. Und damit auch Tonis Geigenspiel, für das sie fleißig geübt hat. Doch im letzten Moment verlässt sie der Mut. Also &quot;vergisst&quot; sie ihre Geige. Ausgerechnet Erik hilft Toni, ihre Geige wiederzuholen.</desc><category>Soap</category></programme><programme channel="lgi-be-prod-master:rtltele" start="20211227080000 +0000" stop="20211227083000 +0000" catchup-id="crid:~~2F~~2Ftelenet.be~~2F703b5dfb-4351-4df8-8dee-882094a98254-deu,imi:c8e06d392539e312f1a2e6ec25aafd76a4481974"><title>Unter uns</title><date></date><icon src="https://staticqbr-be-prod.tnprod.cdn.dmdsdp.com/image-service/ImagesEPG/EventImages/dad__0c4__dad0c49e-d823-474b-9164-9f8a08ca2af8__B105934467.jpg"></icon><desc>Ute ist verzweifelt, denn Majas größter Wunsch zu Weihnachten scheint unerfüllbar. Doch Conor und Till finden einen Weg und machen nicht nur Maja glücklich. Julius' Überraschungsbesuch lässt Easy und Ringo ihren Streit vergessen. Das ist jedoch nicht von Dauer, denn Easy beschließt, Ringos bösen Machenschaften gegen Benedikt ein Ende zu bereiten. Nika ermutigt Paco, Weihnachten mit Leni zu verbringen - und erlebt eine Überraschung.</desc><category>Soap</category></programme><programme channel="lgi-be-prod-master:rtltele" start="20211227083000 +0000" stop="20211227090000 +0000" catchup-id="crid:~~2F~~2Ftelenet.be~~2F5df2ddb0-c68b-45c4-bb21-545a980c61ed-deu,imi:45ba9889d8f153517928e51abf11fa07a0a2b3f3"><title>Alles was zählt</title><date></date><icon src="https://staticqbr-be-prod.tnprod.cdn.dmdsdp.com/image-service/ImagesEPG/EventImages/780__6b2__7806b247-a951-4243-a57e-4711a9a430cb__B49759803.jpg"></icon><desc>Während Malu und Finn ihr erstes Weihnachten genießen, nutzt Caroline ihre Gastfreundschaft aus, um Jennys und Maximilians Projekt auszuspähen. Yannick nimmt seiner Schwester Lucie zuliebe Hennings Angebot an, Weihnachten im Loft zu feiern.</desc><category></category></programme><programme channel="lgi-be-prod-master:rtltele" start="20211227090000 +0000" stop="20211227100000 +0000" catchup-id="crid:~~2F~~2Ftelenet.be~~2F8ccb66fa-3ccb-45e8-b993-8a806158639d-deu,imi:8a24c954ca57146c47043d8db000856f8301e3e0"><title>Der Blaulicht Report</title><date></date><icon src="https://staticqbr-be-prod.tnprod.cdn.dmdsdp.com/image-service/ImagesEPG/EventImages/371__569__371569c6-b6e0-4a8a-8e05-6c20a8ddd88e__B105932966.jpg"></icon><desc>Chaos auf einer Entbindungsstation! Die Beamten haben alle Hände voll zu tun, als sie in einem Krankenhaus einen heftigen Familienstreit schlichten müssen.
Und: Nach einem bewaffneten Raubüberfall auf ein Café ahnen die Polizisten nicht, dass hinter der Tat weitaus mehr steckt, als sie zunächst angenommen haben.</desc><category>Documentaire, Reality-tv</category></programme><programme channel="lgi-be-prod-master:rtltele" start="20211227100000 +0000" stop="20211227110000 +0000" catchup-id="crid:~~2F~~2Ftelenet.be~~2F8d998158-a9f3-4f2a-b663-6709d69e14a0-deu,imi:1e644a4281a3c74a675f96cb7fc284c080f87acc"><title>Die Retourenprofis</title><date>2021</date><icon src="https://staticqbr-be-prod.tnprod.cdn.dmdsdp.com/image-service/ImagesEPG/EventImages/f14__de0__f14de018-9dd6-491e-8f14-8ef0f728ccbd__B78363348.jpg"></icon><desc>Jedes Jahr gehen in Deutschland rund 500 Millionen Artikel wieder zurück an die Verkäufer. Diese Retourenware ist echtes Händlergold, denn mit dem gewinnbringenden Weiterverkauf zeigt sich, wer in Sachen Rückläufer den richtigen Riecher hatte. Bei &quot;Die Retourenprofis&quot; liefern sich verschiedene Händler genau bei diesem Verkauf einen unterhaltsamen Wettstreit. Die Frage ist: Wer macht mit seiner Palette den größten Gewinn?</desc><category>Vrije tijd, Showbiz</category></programme><programme channel="lgi-be-prod-master:rtltele" start="20211227110000 +0000" stop="20211227140000 +0000" catchup-id="crid:~~2F~~2Ftelenet.be~~2F4fc9b27e-0f0e-41c7-8573-f0636b4c0b7a-deu,imi:03f38eacb8ad3dcfc24ac8fc01805ad2187b040d"><title>Punkt 12 - Das RTL-Mittagsjournal</title><date></date><icon src="https://staticqbr-be-prod.tnprod.cdn.dmdsdp.com/image-service/ImagesEPG/EventImages/f14__de0__f14de018-9dd6-491e-8f14-8ef0f728ccbd__B78363348.jpg"></icon><desc>Aktuelle Informationen, Servicethemen, jede Menge Lifestyle und das Neueste aus der Welt der Prominenten - das ist nur die eine Seite von &quot;Punkt 12&quot;. Darüber hinaus gibt es täglich spannende und ausführliche Reportagen und Mini-Dokus, die je nach Blickwinkel verblüffende, schrille oder schockierende Einblicke in den Alltag der Deutschen geben.</desc><category>Actualiteit</category></programme>