<programme channel="lgi-be-prod-master:latrois" start="20211226230500 +0000" stop="20211226234000 +0000" catchup-id="crid:~~2F~~2Ftelenet.be~~2Fb04e2970-bcde-4047-b843-d1ccc9754cc4-fre,imi:670da971e218fca34f38a014ecee29044514104a"><title>JT 19h30 avec interprétation en langue des signes</title><date></date><icon src="https://staticqbr-be-prod.tnprod.cdn.dmdsdp.com/image-service/ImagesEPG/EventImages/dd8__68d__dd868d21-5d97-4992-9bb8-03dee267ba5e__B77076074.jpg"></icon><desc>Tous les jours, retrouvez le JT de 19h30 traduit en simultané en langue des signes.</desc><category>Actualiteit</category></programme><programme channel="lgi-be-prod-master:latrois" start="20211226234000 +0000" stop="20211226234500 +0000" catchup-id="crid:~~2F~~2Ftelenet.be~~2Fd00bbe66-dd95-4e35-a187-e70c0ec94bf8-fre,imi:b5657dee90e2883b86fa500a1044bdd1ee191f45"><title>Météo internationale</title><date></date><icon src="https://staticqbr-be-prod.tnprod.cdn.dmdsdp.com/image-service/ImagesEPG/EventImages/450__42e__45042e00-1e40-47b2-a4e3-34d9d2d8e865__B179167867.jpg"></icon><desc>Retrouvez tous les jours les prévisions météorologiques des grandes villes d'Europe, du Proche-Orient et du Nord de l'Afrique, présentées en alternance par notre équipe.</desc><category>Nieuws, Weer</category></programme><programme channel="lgi-be-prod-master:latrois" start="20211226234500 +0000" stop="20211227001500 +0000" catchup-id="crid:~~2F~~2Ftelenet.be~~2F98c32071-616f-4167-bc5e-4f4f2671d83e-fre,imi:2214dc3fad69d6133c63ca580293b7e3d06ccdf1"><title>Dionne Warwick : Archives</title><date></date><icon src="https://staticqbr-be-prod.tnprod.cdn.dmdsdp.com/image-service/ImagesEPG/EventImages/f14__de0__f14de018-9dd6-491e-8f14-8ef0f728ccbd__B78363348.jpg"></icon><desc>Frêle jeune femme à la voix envoûtante, Dionne Warwick apparaît dès le début de sa carrière comme la nouvelle étoile de la soul. En 1964, Dionne se produit en concert  au 27 Club de Knokke et interprète certains de ses titres les plus célèbres, parmi lesquels &quot;Don't make me over&quot; et &quot;Walk on by&quot;.</desc><category>Overig</category></programme><programme channel="lgi-be-prod-master:latrois" start="20211227001500 +0000" stop="20211227050500 +0000" catchup-id="crid:~~2F~~2Ftelenet.be~~2Fa7a09e92-11ce-4e7a-9664-90458bde3b26-fre,imi:ac5d347f345be2004513af2969ec5710c968c68e"><title>Jazz pour tous - Comblain-la-Tour 1965: John Coltrane Quartet : Archives</title><date></date><icon src="https://staticqbr-be-prod.tnprod.cdn.dmdsdp.com/image-service/ImagesEPG/EventImages/d91__f92__d91f9226-7c2d-4c27-805f-e7d6c49da1e9__B105933931.jpg"></icon><desc>1965.
Concert de jazz du 01/08/1965, dans le cadre du 7ème festival international de Comblain-la-Tour, de John Coltrane accompagné de Mc Coy Tyner (pianiste), Elvin Jones (batteur) et Jimmy Garrisson (contrebassiste). Ils jouent: Crescent, Naema, My favorite thing.

Avec Sonny Rollins, John Coltrane était devenu à l'époque le saxo-ténor de jazz moderne le plus influent et le plus controversé.</desc><category>Muziek</category></programme><programme channel="lgi-be-prod-master:latrois" start="20211227050500 +0000" stop="20211227051500 +0000" catchup-id="crid:~~2F~~2Ftelenet.be~~2F5374d286-a0db-4fac-b86c-faa03506717c-fre,imi:f0aa9350d1439547c68eca50465330491fcbc120"><title>Paw Patrol</title><date></date><icon src="https://staticqbr-be-prod.tnprod.cdn.dmdsdp.com/image-service/ImagesEPG/EventImages/ca1__17d__ca117dd5-0480-4846-93e4-500eac242b95__B110613310.jpg"></icon><desc>Canadees-Amerikaanse animatieserie</desc><category>Kinderen, Animatie</category></programme><programme channel="lgi-be-prod-master:latrois" start="20211227051500 +0000" stop="20211227052500 +0000" catchup-id="crid:~~2F~~2Ftelenet.be~~2F5ff64b6b-f94c-4aec-9de3-c1ac643fa263-fre,imi:89c2c66bd7a6543e3ae6c4a18c9ee77e6f34b299"><title>Paw Patrol</title><date></date><icon src="https://staticqbr-be-prod.tnprod.cdn.dmdsdp.com/image-service/ImagesEPG/EventImages/ca1__17d__ca117dd5-0480-4846-93e4-500eac242b95__B110613310.jpg"></icon><desc>Canadees-Amerikaanse animatieserie</desc><category>Kinderen, Animatie</category></programme><programme channel="lgi-be-prod-master:latrois" start="20211227052500 +0000" stop="20211227053500 +0000" catchup-id="crid:~~2F~~2Ftelenet.be~~2Fc8c273cf-e789-4abe-a539-baf9c4fb95b0-fre,imi:7216830f9252c584545631e5fb6807840a67f3fd"><title>Paw Patrol</title><date></date><icon src="https://staticqbr-be-prod.tnprod.cdn.dmdsdp.com/image-service/ImagesEPG/EventImages/ca1__17d__ca117dd5-0480-4846-93e4-500eac242b95__B110613310.jpg"></icon><desc>Canadees-Amerikaanse animatieserie</desc><category>Kinderen, Animatie</category></programme><programme channel="lgi-be-prod-master:latrois" start="20211227053500 +0000" stop="20211227060000 +0000" catchup-id="crid:~~2F~~2Ftelenet.be~~2F7d2edfb1-35c2-4805-8bfc-0d62601b8af3-fre,imi:4b0bbc7b0ff4bad467fbbd8a0f70968b8cd44118"><title>Moomin</title><date></date><icon src="https://staticqbr-be-prod.tnprod.cdn.dmdsdp.com/image-service/ImagesEPG/EventImages/b5a__0ce__b5a0ce2f-2052-4bae-bb67-f78e7ac8522b__B169040675.jpg"></icon><desc>De op een nijlpaard lijkende trollenfamilie de Moomins zijn echte avonturiers en leven in de vredige Mooninvallei, een waar paradijs. Moomin woont daar samen met Mamma- en Pappamoomin. Zijn vrienden zijn Sniff de kangoeroe, Snufkin en Little My.</desc><category>Animatie</category></programme><programme channel="lgi-be-prod-master:latrois" start="20211227060000 +0000" stop="20211227062000 +0000" catchup-id="crid:~~2F~~2Ftelenet.be~~2Fec15615d-3d04-4308-8652-ee27ade7f708-fre,imi:4ecbd22598b7ed1183f3f8341387e94708dbba74"><title>Moomin</title><date></date><icon src="https://staticqbr-be-prod.tnprod.cdn.dmdsdp.com/image-service/ImagesEPG/EventImages/b5a__0ce__b5a0ce2f-2052-4bae-bb67-f78e7ac8522b__B169040675.jpg"></icon><desc>De op een nijlpaard lijkende trollenfamilie de Moomins zijn echte avonturiers en leven in de vredige Mooninvallei, een waar paradijs. Moomin woont daar samen met Mamma- en Pappamoomin. Zijn vrienden zijn Sniff de kangoeroe, Snufkin en Little My.</desc><category>Animatie</category></programme><programme channel="lgi-be-prod-master:latrois" start="20211227062000 +0000" stop="20211227063000 +0000" catchup-id="crid:~~2F~~2Ftelenet.be~~2F77049178-eb93-4953-9302-303a0c25ba37-fre,imi:04ef60be690a8bb45b85e5d7833c82bde8b9cccc"><title>Dorothy and the Magician of Oz</title><date></date><icon src="https://staticqbr-be-prod.tnprod.cdn.dmdsdp.com/image-service/ImagesEPG/EventImages/9e9__6d9__9e96d975-ce6d-4725-b7e9-8f8844d5d172__B179169475.jpg"></icon><desc>Dorothy vante les connaissances d'Épouvantail, qu'elle considère comme le plus savant des habitants de Oz. Mais au moment où Ozma lui demande  de construire un pont entre la Cité d'Émeraude et Munchkinland, il n'ose pas avouer qu'il ne sait pas comment s'y prendre. Heureusement, grâce à l'aide de ses amis, le pont sera prêt à temps pour le jour de la parade de l'amitié.</desc><category>Dramaseries</category></programme><programme channel="lgi-be-prod-master:latrois" start="20211227063000 +0000" stop="20211227064500 +0000" catchup-id="crid:~~2F~~2Ftelenet.be~~2Fa4e09c3e-628f-4df2-8dee-39f3f5b40079-fre,imi:6198110c6ad616b68fcc85dc7e016737a13f1775"><title>Dorothy and the Magician of Oz</title><date></date><icon src="https://staticqbr-be-prod.tnprod.cdn.dmdsdp.com/image-service/ImagesEPG/EventImages/9e9__6d9__9e96d975-ce6d-4725-b7e9-8f8844d5d172__B179169475.jpg"></icon><desc>Alors qu'elle cueille des baies magiques avec ses amis, Dorothy est faite prisonnière par l'armée de danseuses de la Générale Jinjur. Wilhelmina propose son aide pour la libérer et s'emparer par la même occasion des souliers rubis.</desc><category>Dramaseries</category></programme><programme channel="lgi-be-prod-master:latrois" start="20211227064500 +0000" stop="20211227065500 +0000" catchup-id="crid:~~2F~~2Ftelenet.be~~2F5b95a663-5841-4d25-89a2-72999b9d93ed-fre,imi:e030b849898c4a880cf885912efde5c996c3e376"><title>Ernest et Célestine : la collection</title><date></date><icon src="https://staticqbr-be-prod.tnprod.cdn.dmdsdp.com/image-service/ImagesEPG/EventImages/f14__de0__f14de018-9dd6-491e-8f14-8ef0f728ccbd__B78363348.jpg"></icon><desc>Célestine surprend la souris verte en train de voler des carottes dans le potager. Elle s'apprête à lui faire la morale lorsque celle-ci lui avoue, toute tremblante, qu'elle y est contrainte pour accueillir dignement son grand frère... qui veut à tout prix la convertir en voleuse professionnelle.</desc><category>Overig</category></programme><programme channel="lgi-be-prod-master:latrois" start="20211227065500 +0000" stop="20211227071000 +0000" catchup-id="crid:~~2F~~2Ftelenet.be~~2Fdbb09616-8c1e-4071-a68a-bb24ae1b482b-fre,imi:1db42b9ee2497a6bbe7d5458376f4e258c0169e9"><title>Ernest et Célestine : la collection</title><date></date><icon src="https://staticqbr-be-prod.tnprod.cdn.dmdsdp.com/image-service/ImagesEPG/EventImages/f14__de0__f14de018-9dd6-491e-8f14-8ef0f728ccbd__B78363348.jpg"></icon><desc>Ernest se met à éternuer sans discontinuer. Le médecin lui diagnostique une allergie... aux poils de souris !</desc><category>Overig</category></programme><programme channel="lgi-be-prod-master:latrois" start="20211227071000 +0000" stop="20211227073000 +0000" catchup-id="crid:~~2F~~2Ftelenet.be~~2Fc3696ebd-db27-49ae-9ca9-978d8357fb4b-fre,imi:e8bd1e7a89701939ae77228d96365dd510b2e9d6"><title>Paw Patrol</title><date></date><icon src="https://staticqbr-be-prod.tnprod.cdn.dmdsdp.com/image-service/ImagesEPG/EventImages/ca1__17d__ca117dd5-0480-4846-93e4-500eac242b95__B110613310.jpg"></icon><desc>Le mentor de Robin revient à Sherwood avec le moral dans les chaussettes. Il a perdu toute volonté à  cause d'un échec ayant eu une conclusion dramatique. C'est aujourd'hui à Robin de devenir le  mentor de son ex-mentor pour lui redonner foi en la justice !</desc><category>Kinderen, Animatie</category></programme><programme channel="lgi-be-prod-master:latrois" start="20211227073000 +0000" stop="20211227074000 +0000" catchup-id="crid:~~2F~~2Ftelenet.be~~2F2c6ab220-7f31-494b-a0dc-5762a8ac0997-fre,imi:d2ce6903a5ceec8322afd4c6cbaf4554ff969bc7"><title>Paw Patrol</title><date></date><icon src="https://staticqbr-be-prod.tnprod.cdn.dmdsdp.com/image-service/ImagesEPG/EventImages/ca1__17d__ca117dd5-0480-4846-93e4-500eac242b95__B110613310.jpg"></icon><desc>Canadees-Amerikaanse animatieserie</desc><category>Kinderen, Animatie</category></programme><programme channel="lgi-be-prod-master:latrois" start="20211227074000 +0000" stop="20211227075500 +0000" catchup-id="crid:~~2F~~2Ftelenet.be~~2F9388d793-5577-400e-9588-af36812ed2f9-fre,imi:2a11d3697357c0446fe64d25bcda05f23569e41f"><title>The Enchanted Village of Pinocchio</title><date></date><icon src="https://staticqbr-be-prod.tnprod.cdn.dmdsdp.com/image-service/ImagesEPG/EventImages/809__68b__80968bbd-aa66-4621-b3b8-d979ea32fa6a__B208493235.jpg"></icon><desc>A la veille de la journée des métiers, Volpek se moque de Pinocchio dont le père menuisier fabrique des tabourets. De peur d'être humilié le lendemain, le héros tente de dissuader son père venir parler de son métier à l'école. Geppetto qui a senti le malaise de son fils a pourtant prévu une surprise pour enchanter son fils et ses copains. Manque de chance, lorsque Pinocchio découvre que son père fabrique en secret un magnifique bobsleigh magique, Volpek déboule et tente de le voler...</desc><category>Animatie</category></programme><programme channel="lgi-be-prod-master:latrois" start="20211227075500 +0000" stop="20211227080500 +0000" catchup-id="crid:~~2F~~2Ftelenet.be~~2F4ccf0166-0be8-4e53-b56f-6bae65235ed2-fre,imi:dae06a27be7b751c3d5aa5cae4e85826db541c1c"><title>The Enchanted Village of Pinocchio</title><date></date><icon src="https://staticqbr-be-prod.tnprod.cdn.dmdsdp.com/image-service/ImagesEPG/EventImages/809__68b__80968bbd-aa66-4621-b3b8-d979ea32fa6a__B208493235.jpg"></icon><desc>Pinoc et Lumignon s'incrustent dans une fête  chez Prince, bien décidés à prouver qu'ils ont assez de manières pour se frayer dans le beau monde. Mais ils découvrent une réception guindée et pas drôle du tout autour d'une princesse coincée et revêche Béathilde...</desc><category>Animatie</category></programme><programme channel="lgi-be-prod-master:latrois" start="20211227080500 +0000" stop="20211227083000 +0000" catchup-id="crid:~~2F~~2Ftelenet.be~~2Faf80b377-5de5-400a-a574-7a891a4951ac-fre,imi:c43af5e3648decd2c0024dd24b5e0d83388e13d8"><title>Trolls: en avant la musique!</title><date></date><icon src="https://staticqbr-be-prod.tnprod.cdn.dmdsdp.com/image-service/ImagesEPG/EventImages/f15__6db__f156db89-09e9-45e2-92f2-44d4191a0219__B105936399.jpg"></icon><desc>Série d'animation</desc><category>Dramaseries</category></programme><programme channel="lgi-be-prod-master:latrois" start="20211227083000 +0000" stop="20211227095500 +0000" catchup-id="crid:~~2F~~2Ftelenet.be~~2F71805d2f-5de2-4803-a9bc-97f44837966b-fre,imi:10778b6a7205c3ca70496d14f80b9e3f6e7b3ebb"><title>Barbie : le lac des cygnes</title><date>2003</date><icon src="https://staticqbr-be-prod.tnprod.cdn.dmdsdp.com/image-service/ImagesEPG/EventImages/b91__049__b910491e-72a0-4f1e-9aea-6be5f4f2ff41__B105936402.jpg"></icon><desc>C'est les vacances. Shelly est partie en colonie avec d'autres enfants de son âge. Même si elle n'est pas toute seule dans sa chambre, elle éprouve beaucoup de chagrin d'être aussi loin de ses parents. Mais, heureusement, Barbie, qui l'a accompagnée dans son périple, est là pour la réconforter. Elle décide de lui raconter l'histoire d'Odette, une petite fille de l'âge de Shelly, passionnée de danse et qui vit avec ses parents. Un jour, en se promenant dans la forêt, Odette se retrouve nez à nez avec une licorne.</desc><category>Film</category></programme><programme channel="lgi-be-prod-master:latrois" start="20211227095500 +0000" stop="20211227101500 +0000" catchup-id="crid:~~2F~~2Ftelenet.be~~2F2c31ff22-bd42-4c12-9eaa-7f931b7f0f0f-fre,imi:86b6a2961e38ce9bcdec912770e6f96654cc3867"><title>Madagascar : A little wild</title><date></date><icon src="https://staticqbr-be-prod.tnprod.cdn.dmdsdp.com/image-service/ImagesEPG/EventImages/4a9__933__4a993301-df99-4bc7-8a0a-b28db9cf90a0__B106255676.jpg"></icon><desc>Lorsque leur visiteur de zoo préféré perd son ours en peluche, notre gang se lance dans une aventure folle à travers New York pour le lui rendre - et ce faisant, Marty apprend que certaines choses de la vie ne peuvent être trouvées dans un manuel d'instructions.</desc><category>Animatie</category></programme><programme channel="lgi-be-prod-master:latrois" start="20211227101500 +0000" stop="20211227110000 +0000" catchup-id="crid:~~2F~~2Ftelenet.be~~2F338fcab7-ca6c-4b84-9af1-78098195252f-fre,imi:8332534c687a10c557a14ae0a1897a56385d70c1"><title>Dragons: Rescue Riders</title><date></date><icon src="https://staticqbr-be-prod.tnprod.cdn.dmdsdp.com/image-service/ImagesEPG/EventImages/243__db6__243db699-e8b5-4819-acb0-1bec0623fbd2__B209207282.jpg"></icon><desc>Les premières neiges annoncent la fête d'Odinyule et ses échanges de cadeaux. Mais la météo pourrait gâcher cette tradition, sauf si les Gardiens du ciel interviennent !</desc><category>Animatie</category></programme><programme channel="lgi-be-prod-master:latrois" start="20211227110000 +0000" stop="20211227111000 +0000" catchup-id="crid:~~2F~~2Ftelenet.be~~2F86e585c5-0747-4a3c-8232-3d8058031b5e-fre,imi:77fc5468a7b07a7fd97e4d507c22613b793dbfd6"><title>Robin des Bois, malice à Sherwood</title><date></date><icon src="https://staticqbr-be-prod.tnprod.cdn.dmdsdp.com/image-service/ImagesEPG/EventImages/4a9__933__4a993301-df99-4bc7-8a0a-b28db9cf90a0__B106255676.jpg"></icon><desc>Alors que la paix règne à Sherwood, un drakkar plein de vikings débarque pour piller le village ! Heureusement, Robin et sa bande se dressent contre eux...</desc><category>Animatie</category></programme><programme channel="lgi-be-prod-master:latrois" start="20211227111000 +0000" stop="20211227112000 +0000" catchup-id="crid:~~2F~~2Ftelenet.be~~2F1d9c9571-8034-4045-b652-0960e6230bf0-fre,imi:a2e3dcf597941dc548f8e24eda7c2203086776e7"><title>Robin des Bois, malice à Sherwood</title><date></date><icon src="https://staticqbr-be-prod.tnprod.cdn.dmdsdp.com/image-service/ImagesEPG/EventImages/4a9__933__4a993301-df99-4bc7-8a0a-b28db9cf90a0__B106255676.jpg"></icon><desc>Malgré les efforts de Robin et sa bande, les vikings ont changé d'objectif. Ils ont laissé le village de côté pour s'attaquer directement au château du Roi Richard ! Robin va devoir ruser pour rétablir la situation...</desc><category>Animatie</category></programme><programme channel="lgi-be-prod-master:latrois" start="20211227112000 +0000" stop="20211227113000 +0000" catchup-id="crid:~~2F~~2Ftelenet.be~~2F000a6095-f8ca-4f0c-b6a8-9e5647ac10f4-fre,imi:36612ef3f9f0dd6f7aed85516c1a6b1a9f1b2b6c"><title>Robin des Bois, malice à Sherwood</title><date></date><icon src="https://staticqbr-be-prod.tnprod.cdn.dmdsdp.com/image-service/ImagesEPG/EventImages/4a9__933__4a993301-df99-4bc7-8a0a-b28db9cf90a0__B106255676.jpg"></icon><desc>Perdigan l'hypnotiseur réussit à hypnotiser Derké et propose ses services au Roi Richard... avec une idée belliqueuse derrière la tête. Robin s'en rend compte mais doit trouver un moyen de casser l'hypnose de Derké pour avoir une chance de gagner...</desc><category>Animatie</category></programme><programme channel="lgi-be-prod-master:latrois" start="20211227113000 +0000" stop="20211227114500 +0000" catchup-id="crid:~~2F~~2Ftelenet.be~~2Fc85159f6-d7f1-4508-abff-31874299ca16-fre,imi:35a89dc8389519963bb375b8a4e721788fb1e005"><title>Robin des Bois, malice à Sherwood</title><date></date><icon src="https://staticqbr-be-prod.tnprod.cdn.dmdsdp.com/image-service/ImagesEPG/EventImages/4a9__933__4a993301-df99-4bc7-8a0a-b28db9cf90a0__B106255676.jpg"></icon><desc>Marianne, énervée, rate un sort et transforme Derké en dragon &quot;sauvage&quot;. Aussitôt, l'animal, attiré par la bonne odeur de nourriture, file en direction du village. Robin et ses amis doivent l'arrêter !</desc><category>Animatie</category></programme><programme channel="lgi-be-prod-master:latrois" start="20211227114500 +0000" stop="20211227123000 +0000" catchup-id="crid:~~2F~~2Ftelenet.be~~2Fd9f163f9-6e16-43f3-97d1-5872dbc76756-fre,imi:a7483786e06435dc173d822a4036463efed14cee"><title>Spirit : Au galop en toute liberté : L'aventure de Noël</title><date></date><icon src="https://staticqbr-be-prod.tnprod.cdn.dmdsdp.com/image-service/ImagesEPG/EventImages/938__05a__93805a05-b54a-4d86-a6a6-f199a924ace1__B105932964.jpg"></icon><desc>Le réveillon approche, mais Lucky et sa bande seront-elles rentrées à temps alors qu'un rocher a fait dérailler leur train et qu'une tempête de neige se déclare?</desc><category>Dramaseries</category></programme>