<programme channel="lgi-be-prod-master:tf1hd" start="20211227010500 +0000" stop="20211227015500 +0000" catchup-id="crid:~~2F~~2Ftelenet.be~~2F72af7cfd-6967-444f-9cad-f26bcca6c5db-fre,imi:f65f4d628c3b46fcb9b73472874b91d3af4f27cb"><title>The Blacklist</title><date></date><icon src="https://staticqbr-be-prod.tnprod.cdn.dmdsdp.com/image-service/ImagesEPG/EventImages/fbe__eba__fbeebaa0-6878-40d2-9f0d-ee4d84ab408a__B129143218.jpg"></icon><desc>Er worden verschillende kinderen op een soortgelijke wijze ontvoerd. De speciale eenheid zet alles op alles om de kidnapper zo snel mogelijk te pakken. Red probeert ondertussen een man op te sporen die zelf alles en iedereen kan vinden. Liz overweegt een grote verandering in haar leven.</desc><category>Dramaseries, Actie</category></programme><programme channel="lgi-be-prod-master:tf1hd" start="20211227015500 +0000" stop="20211227024000 +0000" catchup-id="crid:~~2F~~2Ftelenet.be~~2Fda21a67b-640c-4109-9c30-84c5a7a1b075-fre,imi:933bb0082f34cb4180dfb4c810cf44f5dfb1ee90"><title>The Blacklist</title><date></date><icon src="https://staticqbr-be-prod.tnprod.cdn.dmdsdp.com/image-service/ImagesEPG/EventImages/fbe__eba__fbeebaa0-6878-40d2-9f0d-ee4d84ab408a__B129143218.jpg"></icon><desc>De speciale eenheid doet een alles-of-nietspoging om het dossier met bewijsmateriaal van de samenzwering tegen de VS in handen te krijgen. Slagen ze erin om presidentieel adviseur Anna McMahon in een rechtstreekse confrontatie af te troeven?</desc><category>Dramaseries, Actie</category></programme><programme channel="lgi-be-prod-master:tf1hd" start="20211227024000 +0000" stop="20211227032500 +0000" catchup-id="crid:~~2F~~2Ftelenet.be~~2Ffabf9ae1-942b-481b-b0f5-bb8931512025-fre,imi:fbc50494e1651f760d9ec47cbc7c7120a390cbd9"><title>The Blacklist</title><date></date><icon src="https://staticqbr-be-prod.tnprod.cdn.dmdsdp.com/image-service/ImagesEPG/EventImages/fbe__eba__fbeebaa0-6878-40d2-9f0d-ee4d84ab408a__B129143218.jpg"></icon><desc>Terwijl het werkelijke plan van de president in gang is gezet, gaan Liz en de speciale eenheid tot het uiterste om een ramp te voorkomen. Red heeft een geheime ontmoeting met een man die meer weet over zijn verleden.</desc><category>Dramaseries, Actie</category></programme><programme channel="lgi-be-prod-master:tf1hd" start="20211227032500 +0000" stop="20211227052500 +0000" catchup-id="crid:~~2F~~2Ftelenet.be~~2Fde54b920-a752-43a8-b9dd-fafe17000482-fre,imi:8c638f4c6d2fdd08a4fb410c0fd7aad249feae64"><title>Nachtprogramma's</title><date></date><icon src="https://staticqbr-be-prod.tnprod.cdn.dmdsdp.com/image-service/ImagesEPG/EventImages/277__c09__277c0973-34e1-4644-ad64-eac7b336188a__B169762966.jpg"></icon><desc>Retrouvez tous vos programmes de nuit.</desc><category>Actualiteit</category></programme><programme channel="lgi-be-prod-master:tf1hd" start="20211227052500 +0000" stop="20211227081000 +0000" catchup-id="crid:~~2F~~2Ftelenet.be~~2F4ff4994b-f3b0-421d-abb5-97d88e9267d3-fre,imi:d13eacc14839d72d067b845818cecdee5b807069"><title>Tfou</title><date></date><icon src="https://staticqbr-be-prod.tnprod.cdn.dmdsdp.com/image-service/ImagesEPG/EventImages/ef8__4f2__ef84f24c-338f-4526-85d8-50b80ce88c0f__B52347531.jpg"></icon><desc>Blue's Clues &amp; You ! : Blue et ses amis. Loup. Super Wings. Ernest et Rebecca. Droners. Kikoumba.</desc><category>Kinderen, Entertainment</category></programme><programme channel="lgi-be-prod-master:tf1hd" start="20211227081000 +0000" stop="20211227081500 +0000" catchup-id="crid:~~2F~~2Ftelenet.be~~2F2a07510e-b00b-44b9-a735-fd0b931fe4ad-fre,imi:6009bad0ac2d89904668e6f281d8cf40fbeb3db8"><title>Météo TF1 (matin)</title><date></date><icon src="https://staticqbr-be-prod.tnprod.cdn.dmdsdp.com/image-service/ImagesEPG/EventImages/ec9__888__ec988869-55f7-4b7c-9b95-0662d7adfe76__B77076165.jpg"></icon><desc>Prévisions météorologiques en France par le service de TF1.</desc><category>Nieuws, Weer</category></programme><programme channel="lgi-be-prod-master:tf1hd" start="20211227081500 +0000" stop="20211227085000 +0000" catchup-id="crid:~~2F~~2Ftelenet.be~~2F2cd26075-b265-44a2-8fdc-e11049ab7f6c-fre,imi:2edec3a21cec4b096e08a572b46f4161a7e06565"><title>Teleshopping</title><date></date><icon src="https://staticqbr-be-prod.tnprod.cdn.dmdsdp.com/image-service/ImagesEPG/EventImages/ae9__194__ae91949d-708d-476e-ad1c-b9a2a5b0d4c6__B155883114.jpg"></icon><desc>Homeshoppingprogramma.</desc><category>Vrije tijd, Shoppen</category></programme><programme channel="lgi-be-prod-master:tf1hd" start="20211227085000 +0000" stop="20211227085500 +0000" catchup-id="crid:~~2F~~2Ftelenet.be~~2Fb5ff074e-9f28-47df-8dd8-078b2c7b8566-fre,imi:1f7f0b1bdc2f92732318923f004d654392d7a532"><title>Météo TF1 (matin)</title><date></date><icon src="https://staticqbr-be-prod.tnprod.cdn.dmdsdp.com/image-service/ImagesEPG/EventImages/ec9__888__ec988869-55f7-4b7c-9b95-0662d7adfe76__B77076165.jpg"></icon><desc>Prévisions météorologiques en France par le service de TF1.</desc><category>Nieuws, Weer</category></programme><programme channel="lgi-be-prod-master:tf1hd" start="20211227085500 +0000" stop="20211227092500 +0000" catchup-id="crid:~~2F~~2Ftelenet.be~~2F92350083-b69a-4dc9-8729-bcdcb227fc60-fre,imi:491ad5b7b2f3a22f4a3c5354b1c52a886fd3bade"><title>Familles nombreuses : la vie en XXL</title><date></date><icon src="https://staticqbr-be-prod.tnprod.cdn.dmdsdp.com/image-service/ImagesEPG/EventImages/b20__b06__b20b060f-fbb0-4fc4-9789-39657265822b__B182054835.jpg"></icon><desc>Ce docu-réalité suit le quotidien exceptionnel de plusieurs familles nombreuses. Avec ces familles tout est XXL. Partagez le quotidien de ces familles nombreuses où tout se vit en plus grand.</desc><category>Documentaire, Reality-tv</category></programme><programme channel="lgi-be-prod-master:tf1hd" start="20211227092500 +0000" stop="20211227100000 +0000" catchup-id="crid:~~2F~~2Ftelenet.be~~2F008510a9-acce-4fa7-bf06-41b443fca211-fre,imi:9d670cf07f983dc06ec4488b974e40ac4fd05b16"><title>Familles nombreuses : la vie en XXL</title><date></date><icon src="https://staticqbr-be-prod.tnprod.cdn.dmdsdp.com/image-service/ImagesEPG/EventImages/b20__b06__b20b060f-fbb0-4fc4-9789-39657265822b__B182054835.jpg"></icon><desc>Ce docu-réalité suit le quotidien exceptionnel de plusieurs familles nombreuses. Avec ces familles tout est XXL. Partagez le quotidien de ces familles nombreuses où tout se vit en plus grand.</desc><category>Documentaire, Reality-tv</category></programme><programme channel="lgi-be-prod-master:tf1hd" start="20211227100000 +0000" stop="20211227105500 +0000" catchup-id="crid:~~2F~~2Ftelenet.be~~2F879185bd-89a4-4871-9613-47f651c0c2e3-fre,imi:dd7021e046ecb2a561d7a2e796f1c350756ca47f"><title>Lief en Leed</title><date></date><icon src="https://staticqbr-be-prod.tnprod.cdn.dmdsdp.com/image-service/ImagesEPG/EventImages/671__4e1__6714e15f-025f-49a3-9262-086cf6effd17__B48311984.jpg"></icon><desc>Mattie et Charlie préparent une vidéo surprise pour leurs parents. Ils sont déçus d'apprendre qu'ils ne passeront pas la Saint-Valentin ensemble.</desc><category>Soap</category></programme><programme channel="lgi-be-prod-master:tf1hd" start="20211227105500 +0000" stop="20211227110000 +0000" catchup-id="crid:~~2F~~2Ftelenet.be~~2F22741796-1da9-4c7a-9f4f-c5b8519a9962-fre,imi:803eadc0179f4b3b319e8bc3bacb95a984a30677"><title>Petits plats en équilibre</title><date></date><icon src="https://staticqbr-be-prod.tnprod.cdn.dmdsdp.com/image-service/ImagesEPG/EventImages/8b2__1ce__8b21ce6b-695c-4cf4-a77a-bd293b5e73bd__B155883798.jpg"></icon><desc>Chaque jour, Laurent Mariotte propose des recettes simples et savoureuses pour profiter des ingrédients de saison, en donnant la part belle aux produits locaux.</desc><category>Culinair</category></programme><programme channel="lgi-be-prod-master:tf1hd" start="20211227110000 +0000" stop="20211227115500 +0000" catchup-id="crid:~~2F~~2Ftelenet.be~~2F850787b3-fee7-4114-b473-653bcb088d78-fre,imi:0e1474610591f4fc97c6260674c459fd30d27482"><title>Les douze coups de midi</title><date></date><icon src="https://staticqbr-be-prod.tnprod.cdn.dmdsdp.com/image-service/ImagesEPG/EventImages/2bc__703__2bc703b0-c6fa-4842-862f-9953ee187a5f__B155883462.jpg"></icon><desc>De kandidaten kunnen iedere dag tot 20.000 euro winnen door zowel grappige als culturele vragen juist te beantwoorden.</desc><category>Vrije tijd, Showbiz</category></programme><programme channel="lgi-be-prod-master:tf1hd" start="20211227115500 +0000" stop="20211227120000 +0000" catchup-id="crid:~~2F~~2Ftelenet.be~~2F22741796-1da9-4c7a-9f4f-c5b8519a9962-fre,imi:faf8563f3c19225d0b228be7afef605718600a9e"><title>Petits plats en équilibre</title><date></date><icon src="https://staticqbr-be-prod.tnprod.cdn.dmdsdp.com/image-service/ImagesEPG/EventImages/8b2__1ce__8b21ce6b-695c-4cf4-a77a-bd293b5e73bd__B155883798.jpg"></icon><desc>Chaque jour, Laurent Mariotte propose des recettes simples et savoureuses pour profiter des ingrédients de saison, en donnant la part belle aux produits locaux.</desc><category>Culinair</category></programme>