<programme channel="lgi-be-prod-master:jplfr02" start="20211226232000 +0000" stop="20211227022000 +0000" catchup-id="crid:~~2F~~2Ftelenet.be~~2Fc1b5d240-f17c-4c38-a0c1-0401d7eea517-fre,imi:5a22f8aa1e2c9d7e523d634e67adbe8a6f7a0af3"><title>Next LIVE: KV Mechelen - RFC Seraing le 27/12 à 18:25</title><date></date><icon src="https://staticqbr-be-prod.tnprod.cdn.dmdsdp.com/image-service/ImagesEPG/EventImages/f14__de0__f14de018-9dd6-491e-8f14-8ef0f728ccbd__B78363348.jpg"></icon><desc>Live: KV Mechelen - RFC Seraing</desc><category>Overig</category></programme><programme channel="lgi-be-prod-master:jplfr02" start="20211227022000 +0000" stop="20211227052000 +0000" catchup-id="crid:~~2F~~2Ftelenet.be~~2Fc1b5d240-f17c-4c38-a0c1-0401d7eea517-fre,imi:a6095eaa9babe99457cca979955796c4d356f8cd"><title>Next LIVE: KV Mechelen - RFC Seraing le 27/12 à 18:25</title><date></date><icon src="https://staticqbr-be-prod.tnprod.cdn.dmdsdp.com/image-service/ImagesEPG/EventImages/f14__de0__f14de018-9dd6-491e-8f14-8ef0f728ccbd__B78363348.jpg"></icon><desc>Live: KV Mechelen - RFC Seraing</desc><category>Overig</category></programme><programme channel="lgi-be-prod-master:jplfr02" start="20211227052000 +0000" stop="20211227082000 +0000" catchup-id="crid:~~2F~~2Ftelenet.be~~2Fc1b5d240-f17c-4c38-a0c1-0401d7eea517-fre,imi:4015c0964cea7236cb7091708982db14f4396ccf"><title>Next LIVE: KV Mechelen - RFC Seraing le 27/12 à 18:25</title><date></date><icon src="https://staticqbr-be-prod.tnprod.cdn.dmdsdp.com/image-service/ImagesEPG/EventImages/f14__de0__f14de018-9dd6-491e-8f14-8ef0f728ccbd__B78363348.jpg"></icon><desc>Live: KV Mechelen - RFC Seraing</desc><category>Overig</category></programme><programme channel="lgi-be-prod-master:jplfr02" start="20211227082000 +0000" stop="20211227112000 +0000" catchup-id="crid:~~2F~~2Ftelenet.be~~2Fc1b5d240-f17c-4c38-a0c1-0401d7eea517-fre,imi:5993fd4949c5b56725cedb79fa5f5811b7381611"><title>Next LIVE: KV Mechelen - RFC Seraing le 27/12 à 18:25</title><date></date><icon src="https://staticqbr-be-prod.tnprod.cdn.dmdsdp.com/image-service/ImagesEPG/EventImages/f14__de0__f14de018-9dd6-491e-8f14-8ef0f728ccbd__B78363348.jpg"></icon><desc>Live: KV Mechelen - RFC Seraing</desc><category>Overig</category></programme><programme channel="lgi-be-prod-master:jplfr02" start="20211227112000 +0000" stop="20211227142000 +0000" catchup-id="crid:~~2F~~2Ftelenet.be~~2Fc1b5d240-f17c-4c38-a0c1-0401d7eea517-fre,imi:64466d0ef7752848142b46e61a5d9a12d3348b0f"><title>Next LIVE: KV Mechelen - RFC Seraing le 27/12 à 18:25</title><date></date><icon src="https://staticqbr-be-prod.tnprod.cdn.dmdsdp.com/image-service/ImagesEPG/EventImages/f14__de0__f14de018-9dd6-491e-8f14-8ef0f728ccbd__B78363348.jpg"></icon><desc>Live: KV Mechelen - RFC Seraing</desc><category>Overig</category></programme>