<programme channel="lgi-be-prod-master:tfx" start="20211226230000 +0000" stop="20211226233000 +0000" catchup-id="crid:~~2F~~2Ftelenet.be~~2F1b6074dc-8d38-40eb-ab40-c30352d5dd08-fre,imi:62a77f422a031862c73f0e0d715b0a0609a0fb83"><title>Friends</title><date></date><icon src="https://staticqbr-be-prod.tnprod.cdn.dmdsdp.com/image-service/ImagesEPG/EventImages/cb1__161__cb1161b1-3be8-4796-92b0-d11b47a5b14b__B128414948.jpg"></icon><desc>Chandler avait prévu un week-end romantique avec Monica, mais la jeune femme est débordée de travail ; Ross la remplace pour que le forfait ne soit pas perdu.</desc><category>Sitcoms</category></programme><programme channel="lgi-be-prod-master:tfx" start="20211226233000 +0000" stop="20211227000000 +0000" catchup-id="crid:~~2F~~2Ftelenet.be~~2F631c1f43-6c0b-4576-9dc0-64a1fea0f010-fre,imi:52c44281cdcf572c3765fbb7d652dcd01590f78f"><title>Friends</title><date></date><icon src="https://staticqbr-be-prod.tnprod.cdn.dmdsdp.com/image-service/ImagesEPG/EventImages/cb1__161__cb1161b1-3be8-4796-92b0-d11b47a5b14b__B128414948.jpg"></icon><desc>Ross is in de wolken wanneer hij zijn collega-paleontoloog professor Charlie Wheeler leert kennen. Hij nodigt de knappe verschijning uit om hem te vergezellen naar het dakterrasfeestje van Joey. Joey heeft immers zijn collega's uit de soapserie 'Days of Our Lives' uitgenodigd. Ross raakt geïntimideerd door de indrukwekkende lijst ex-vriendjes van Charlie. Intussen gedragen Rachel en de dronken Monica zich belachelijk. Ze zitten zowaar de knappe acteurs achterna.</desc><category>Sitcoms</category></programme><programme channel="lgi-be-prod-master:tfx" start="20211227000000 +0000" stop="20211227055500 +0000" catchup-id="crid:~~2F~~2Ftelenet.be~~2F07542110-9587-48f2-bc7e-b31795b9ca35-fre,imi:e7adac76f4f0c76abde7eb4383e4f7028d73650e"><title>Nachtprogramma's</title><date></date><icon src="https://staticqbr-be-prod.tnprod.cdn.dmdsdp.com/image-service/ImagesEPG/EventImages/277__c09__277c0973-34e1-4644-ad64-eac7b336188a__B169762966.jpg"></icon><desc>Retrouvez tous vos programmes de nuit.</desc><category>Actualiteit</category></programme><programme channel="lgi-be-prod-master:tfx" start="20211227055500 +0000" stop="20211227060000 +0000" catchup-id="crid:~~2F~~2Ftelenet.be~~2F5a881964-81a1-4424-98f0-e4c7dceed7eb-fre,imi:61da37171219fb9d08e5aeb7483d74a4dbc2f693"><title>Petits plats en équilibre</title><date></date><icon src="https://staticqbr-be-prod.tnprod.cdn.dmdsdp.com/image-service/ImagesEPG/EventImages/8b2__1ce__8b21ce6b-695c-4cf4-a77a-bd293b5e73bd__B155883798.jpg"></icon><desc>Laurent Mariotte délivre bonnes astuces et petits secrets autour d'un produit de saison. Des recettes simples et innovantes à partager pour tous les gourmands à la recherche d'originalité et d'équilibre.</desc><category>Culinair</category></programme><programme channel="lgi-be-prod-master:tfx" start="20211227060000 +0000" stop="20211227080000 +0000" catchup-id="crid:~~2F~~2Ftelenet.be~~2F0723b7c9-449d-4c7e-9221-01d18a36673e-fre,imi:372de36245ba418cb8c1c99568a3e8d43b382dc7"><title>Télé-achat</title><date></date><icon src="https://staticqbr-be-prod.tnprod.cdn.dmdsdp.com/image-service/ImagesEPG/EventImages/84a__d6f__84ad6fbd-5270-45d4-ba6f-0ca3ed6793ba__B105941316.jpg"></icon><desc>Retrouvez les produits du télé-achat</desc><category>Vrije tijd, Shoppen</category></programme><programme channel="lgi-be-prod-master:tfx" start="20211227080000 +0000" stop="20211227081500 +0000" catchup-id="crid:~~2F~~2Ftelenet.be~~2F7922fb15-cd69-4671-b687-519c74bfd837-fre,imi:c254e447c9a5d0a09b4a3341aa3204c75fc57e16"><title>TFX infos</title><date></date><icon src="https://staticqbr-be-prod.tnprod.cdn.dmdsdp.com/image-service/ImagesEPG/EventImages/f14__de0__f14de018-9dd6-491e-8f14-8ef0f728ccbd__B78363348.jpg"></icon><desc>Regardez le dernier journal télévisé avec une sélection des actualités préparée par la rédaction de TFX.</desc><category>Overig</category></programme><programme channel="lgi-be-prod-master:tfx" start="20211227081500 +0000" stop="20211227085000 +0000" catchup-id="crid:~~2F~~2Ftelenet.be~~2Ffe02a4c3-352a-44b7-982f-e9cb305fa359-fre,imi:b977b1cdf7eb0de86633f9148f164236b7378d1a"><title>The Nanny</title><date></date><icon src="https://staticqbr-be-prod.tnprod.cdn.dmdsdp.com/image-service/ImagesEPG/EventImages/2e9__68f__2e968f4d-b1ec-4551-ab29-e97e15594a10__B141037822.jpg"></icon><desc>Sylvia geeft haar dochter Fran een lapje grond op het kerkhof cadeau voor haar verjaardag. Daar heeft ze zo haar eigen redenen voor: Sylvia wil Fran koppelen aan Steve, een knappe begrafenisondernemer die ze ontmoet wanneer ze haar cadeau gaat inruilen. Tot haar grote verbazing blijkt Steve een geweldig gevoel voor humor te hebben. Voor één keer besluit Fran de raad van haar moeder op te volgen en met hem uit te gaan.</desc><category>Sitcoms</category></programme><programme channel="lgi-be-prod-master:tfx" start="20211227085000 +0000" stop="20211227092000 +0000" catchup-id="crid:~~2F~~2Ftelenet.be~~2F47f83f8f-cbda-42ee-b120-352cf0e9b1a5-fre,imi:deae44dbb337db5b0d424c7147e113fc86a5f4d4"><title>The Nanny</title><date></date><icon src="https://staticqbr-be-prod.tnprod.cdn.dmdsdp.com/image-service/ImagesEPG/EventImages/2e9__68f__2e968f4d-b1ec-4551-ab29-e97e15594a10__B141037822.jpg"></icon><desc>Wanneer Fran ontdekt dat de school van Grace binnenkort een toneelstuk gepland heeft, wil ze Maxwell overhalen de regie voor zijn rekening te nemen. Maxwell bedankt vriendelijk voor de eer, maar hij pleit er bij de schooldirectrice voor om de job aan zijn kinderoppas toe te vertrouwen. Ondanks haar gebrek aan ervaring zegt Fran onmiddellijk toe. Haar eerste opdracht bestaat erin een hoofdrolspeler voor het stuk te kiezen. Fran laat er geen twijfel over bestaan: ze kiest Grace.</desc><category>Sitcoms</category></programme><programme channel="lgi-be-prod-master:tfx" start="20211227092000 +0000" stop="20211227095000 +0000" catchup-id="crid:~~2F~~2Ftelenet.be~~2Ffcf58d70-d5f3-4c1c-8039-622291e9a414-fre,imi:62221479c9325c67541cbc5d355c98fb640ee23b"><title>The Nanny</title><date></date><icon src="https://staticqbr-be-prod.tnprod.cdn.dmdsdp.com/image-service/ImagesEPG/EventImages/2e9__68f__2e968f4d-b1ec-4551-ab29-e97e15594a10__B141037822.jpg"></icon><desc>Maxwell nodigt zijn ex-vriendin en voormalig supermodel Chloe Simpson uit voor een etentje. Zij besluit hem een wederdienst te doen: ze regelt een professionele fotosessie voor Maggie. Zowel Maggie als Fran zijn in de wolken met het nieuws, maar tijdens de sessie hoort Fran de fotograaf stiekem zeggen dat hij Maggie niet knap genoeg vindt om een carrière als model uit te bouwen. Wanneer Fran vervolgens op diplomatische wijze de verwachtingen van het tienermeisje probeert te temperen, wordt ze ervan beschuldigd jaloers te zijn op haar succes en komt hun relatie onder zware druk te staan. Chloe heeft Maggie immers verzekerd dat ze alles in huis heeft om een echte ster te worden.</desc><category>Sitcoms</category></programme><programme channel="lgi-be-prod-master:tfx" start="20211227095000 +0000" stop="20211227102000 +0000" catchup-id="crid:~~2F~~2Ftelenet.be~~2Fcba8a872-971d-44af-a6ad-2b1e2bf5f1b9-fre,imi:156aec6629682da12e1b030c1c1639ff5e3a6aa8"><title>The Nanny</title><date></date><icon src="https://staticqbr-be-prod.tnprod.cdn.dmdsdp.com/image-service/ImagesEPG/EventImages/2e9__68f__2e968f4d-b1ec-4551-ab29-e97e15594a10__B141037822.jpg"></icon><desc>Fran belt haar oom Irving om de afvoerbuizen in het huis van de Sheffields te repareren. Die is echter ondertussen zo oud dat hij zijn twaalfjarige kleindochter Tiffany moet meebrengen om de werken uit te voeren. Ondertussen weigert Maxwell om Maggie naar haar eerste fuif te laten gaan, maar reageert hij enthousiast wanneer hij ontdekt dat zijn zoon Brighton betrapt werd op het kussen van Tiffany. Tegen beter weten in besluit Fran haar baas te wijzen op het feit dat hij twee verschillende maatstaven hanteert.</desc><category>Sitcoms</category></programme><programme channel="lgi-be-prod-master:tfx" start="20211227102000 +0000" stop="20211227105000 +0000" catchup-id="crid:~~2F~~2Ftelenet.be~~2F441f2fea-7cfe-45cf-87e8-157f16d31ce8-fre,imi:5d9e5ac1acc8b876bf177b83082a7dedb295d60e"><title>The Nanny</title><date></date><icon src="https://staticqbr-be-prod.tnprod.cdn.dmdsdp.com/image-service/ImagesEPG/EventImages/2e9__68f__2e968f4d-b1ec-4551-ab29-e97e15594a10__B141037822.jpg"></icon><desc>De kinderen zijn allemaal tegelijk ziek en het geduld van Fran en Niles wordt dan ook zwaar op de proef gesteld. Wanneer ze door de dokter terug gezond verklaard worden, moet Fran naar het ziekenhuis om haar amandelen te laten wegnemen. Daar houdt ze zich niet aan de afspraken en zet ze de hele afdeling op stelten. C.C. wil dat Maxwell haar als partner vergezelt naar een reünie, maar haar plannen vallen in het water omdat hij liever op ziekenbezoek gaat bij Fran.</desc><category>Sitcoms</category></programme><programme channel="lgi-be-prod-master:tfx" start="20211227105000 +0000" stop="20211227112000 +0000" catchup-id="crid:~~2F~~2Ftelenet.be~~2F77efa4bd-0ea8-4455-bc7c-ca65f19c2d79-fre,imi:da4407ce9f0017390b6bfda433807c7859b9db66"><title>The Nanny</title><date></date><icon src="https://staticqbr-be-prod.tnprod.cdn.dmdsdp.com/image-service/ImagesEPG/EventImages/2e9__68f__2e968f4d-b1ec-4551-ab29-e97e15594a10__B141037822.jpg"></icon><desc>Fran merkt dat haar huisgenoten bijzonder gespannen zijn en ze stelt voor om samen op vakantie te gaan. Na enig aandringen krijgt ze haar zin. Een zware storm en het drukke verkeer in New York zorgen er echter voor dat ze de weg naar de luchthaven kwijtraken. Even later belanden Fran en de Sheffields in Queens, bij de ouders van Fran. Frans moeder Sylvia heeft slecht nieuws: het noodweer zorgde voor een stroompanne die de hele stad heeft lamgelegd.</desc><category>Sitcoms</category></programme><programme channel="lgi-be-prod-master:tfx" start="20211227112000 +0000" stop="20211227115000 +0000" catchup-id="crid:~~2F~~2Ftelenet.be~~2F077ea410-1e0d-4143-8705-48f9477a5897-fre,imi:64850ba99b642146723330789ddc5426bd1812e8"><title>Friends</title><date></date><icon src="https://staticqbr-be-prod.tnprod.cdn.dmdsdp.com/image-service/ImagesEPG/EventImages/cb1__161__cb1161b1-3be8-4796-92b0-d11b47a5b14b__B128414948.jpg"></icon><desc>Chandler plaatst voor de grap een waanzinnige biografie over Ross op zijn oud-studentenwebsite. Ross neemt weerwraak door net hetzelfde bij Chandler te doen. Tussen de twee vrienden woedt al snel een ware internetoorlog. Phoebe vraagt aan Monica om haar tegen te houden als ze weer contact wil zoeken met haar ex-vriendje Mike...</desc><category>Sitcoms</category></programme><programme channel="lgi-be-prod-master:tfx" start="20211227115000 +0000" stop="20211227122000 +0000" catchup-id="crid:~~2F~~2Ftelenet.be~~2F83ea5f91-28e4-4b49-8b62-f1da3525c7d1-fre,imi:448efff172619637894097a856f155dd180eea8b"><title>Friends</title><date></date><icon src="https://staticqbr-be-prod.tnprod.cdn.dmdsdp.com/image-service/ImagesEPG/EventImages/cb1__161__cb1161b1-3be8-4796-92b0-d11b47a5b14b__B128414948.jpg"></icon><desc>De vrienden hopen de gigantische geldprijs van de lotto binnen te halen. Ze leggen hun centen samen en kopen massaal veel loterijbiljetten. Nog voor ze het geld binnenrijven, maken ze al ruzie over het uitgeven ervan. Monica werkt iedereen op de zenuwen door ticketjes te kopen die enkel voor haar en Chandler gelden. Phoebe raakt helemaal geïrriteerd en dreigt ermee alle ticketjes uit het raam te gooien. Beseffen de vrienden nog op tijd dat geld niet belangrijk is?</desc><category>Sitcoms</category></programme>