<programme channel="lgi-be-prod-master:tv5monde" start="20211227005900 +0000" stop="20211227012500 +0000" catchup-id="crid:~~2F~~2Ftelenet.be~~2F915a97ba-28ca-4178-b3c6-0b4b47d23785-fre,imi:a1a529613893accf1bf387b2eb4c9f570fcbdfed"><title>Tv5monde, le journal Afrique</title><date></date><icon src="https://staticqbr-be-prod.tnprod.cdn.dmdsdp.com/image-service/ImagesEPG/EventImages/f14__de0__f14de018-9dd6-491e-8f14-8ef0f728ccbd__B78363348.jpg"></icon><desc>Toute l'actualité africaine proposée par la rédaction de TV5MONDE.</desc><category>Actualiteit</category></programme><programme channel="lgi-be-prod-master:tv5monde" start="20211227012500 +0000" stop="20211227013200 +0000" catchup-id="crid:~~2F~~2Ftelenet.be~~2Fcf6c4ec0-0059-4f06-917a-f6313e376cbd-fre,imi:c29935d65d4e71e04f68a39896ea4459830928d9"><title>Météo TV5 FBS</title><date></date><icon src="https://staticqbr-be-prod.tnprod.cdn.dmdsdp.com/image-service/ImagesEPG/EventImages/e54__87e__e5487e1b-3f80-4cc6-8277-ec8996463f7b__L52347536.jpg"></icon><desc>Le bulletin météorologique international.</desc><category>Nieuws, Weer</category></programme><programme channel="lgi-be-prod-master:tv5monde" start="20211227013200 +0000" stop="20211227030000 +0000" catchup-id="crid:~~2F~~2Ftelenet.be~~2Fd92ee3db-9dce-466c-9808-5c77e4a9ddd7-fre,imi:f1c50fc8894fa301d524441f47aafc84c7400232"><title>Concert de Philippe Katerine</title><date></date><icon src="https://staticqbr-be-prod.tnprod.cdn.dmdsdp.com/image-service/ImagesEPG/EventImages/d91__f92__d91f9226-7c2d-4c27-805f-e7d6c49da1e9__B105933931.jpg"></icon><desc>Concert exceptionnel de Philippe Katherine à l'occasion du Festival des festivals.</desc><category>Muziek</category></programme><programme channel="lgi-be-prod-master:tv5monde" start="20211227030000 +0000" stop="20211227033000 +0000" catchup-id="crid:~~2F~~2Ftelenet.be~~2F7c7acb7d-f62f-4695-8594-f5a09b522160-fre,imi:5c2f98f19c3014b9d86ef46210d9d7b2d131d0e9"><title>Goûtez-voir</title><date></date><icon src="https://staticqbr-be-prod.tnprod.cdn.dmdsdp.com/image-service/ImagesEPG/EventImages/f0f__2ef__f0f2efe1-d9fa-4735-b417-a66a4b982246__B177869217.jpg"></icon><desc>La Huchette En 2019, Sandra et Didier Goiffon reprennent La Huchette, un hôtel de charme situé à Replonges, au coeur de l'Ain. Quelques mois après leur ouverture, ils décrochent une première étoile au guide Michelin. Dans l'assiette, une cuisine alliant tradition et modernité, basée autour des produits locaux et de saison.</desc><category>Nieuws, Actualiteitenprogramma's</category></programme><programme channel="lgi-be-prod-master:tv5monde" start="20211227033000 +0000" stop="20211227043000 +0000" catchup-id="crid:~~2F~~2Ftelenet.be~~2Fe10f8392-799f-4884-a489-1a586b7c2d13-fre,imi:5b7a6d0f6c1947101aaaeb3af987794758bfdf58"><title>Dans mes pas, Thierry Marx à Akita</title><date></date><icon src="https://staticqbr-be-prod.tnprod.cdn.dmdsdp.com/image-service/ImagesEPG/EventImages/69a__201__69a20120-e71e-4c92-929d-5fe6493645fc__B160043378.jpg"></icon><desc>Un voyage au Japon, imaginé par le chef étoilé Thierry Marx, pour trois jeunes issus de la formation de réinsertion professionnelle Cuisine mode d'emploi(s) qu'il a fondée.</desc><category>Documentaire, Oude culturen</category></programme><programme channel="lgi-be-prod-master:tv5monde" start="20211227043000 +0000" stop="20211227045600 +0000" catchup-id="crid:~~2F~~2Ftelenet.be~~2Fab4abde3-bc0e-46a0-8b67-9770f4219d77-fre,imi:bc91c71ca624b605c48a843c4535267269689ca7"><title>Tv5monde, le journal Afrique</title><date></date><icon src="https://staticqbr-be-prod.tnprod.cdn.dmdsdp.com/image-service/ImagesEPG/EventImages/f14__de0__f14de018-9dd6-491e-8f14-8ef0f728ccbd__B78363348.jpg"></icon><desc>Toute l'actualité africaine proposée par la rédaction de TV5MONDE.</desc><category>Actualiteit</category></programme><programme channel="lgi-be-prod-master:tv5monde" start="20211227045600 +0000" stop="20211227045900 +0000" catchup-id="crid:~~2F~~2Ftelenet.be~~2F3b8f6b8a-4919-4519-b198-e145feb62b65-fre,imi:624e4f8739f18467e848517aec4ba38157e3db1e"><title>Météo TV5 FBS</title><date></date><icon src="https://staticqbr-be-prod.tnprod.cdn.dmdsdp.com/image-service/ImagesEPG/EventImages/e54__87e__e5487e1b-3f80-4cc6-8277-ec8996463f7b__L52347536.jpg"></icon><desc>Le bulletin météorologique international.</desc><category>Nieuws, Weer</category></programme><programme channel="lgi-be-prod-master:tv5monde" start="20211227045900 +0000" stop="20211227053000 +0000" catchup-id="crid:~~2F~~2Ftelenet.be~~2F84f92085-0c87-45d2-bd9a-9bc38f5ab777-fre,imi:0f0836304db5cbaa9dc05b02a6966f3c164d963b"><title>Allô tribunal</title><date></date><icon src="https://staticqbr-be-prod.tnprod.cdn.dmdsdp.com/image-service/ImagesEPG/EventImages/f15__6db__f156db89-09e9-45e2-92f2-44d4191a0219__B105936399.jpg"></icon><desc>Depuis plusieurs mois, Jonathan Otokoye conteste systématiquement toute contravention. Ayant reçu une nouvelle amende devant le domicile de son frère, il n'hésite pas une seconde et porte plainte pour usurpation d'identité...</desc><category>Dramaseries</category></programme><programme channel="lgi-be-prod-master:tv5monde" start="20211227053000 +0000" stop="20211227055600 +0000" catchup-id="crid:~~2F~~2Ftelenet.be~~2Fc72c9da6-768d-4731-98dd-0e389f2cfd10-fre,imi:74da7bbed51ef4647caf0c6d715749b27de7c35b"><title>Le 6h info</title><date></date><icon src="https://staticqbr-be-prod.tnprod.cdn.dmdsdp.com/image-service/ImagesEPG/EventImages/15b__e19__15be1913-04fe-4f8c-bc29-d886383ef59a__B106986287.jpg"></icon><desc>Le journal de 6h00 (heure de Paris) proposé par la rédaction de France Télévisions.</desc><category>Nieuws, Actualiteitenprogramma's</category></programme><programme channel="lgi-be-prod-master:tv5monde" start="20211227055600 +0000" stop="20211227060000 +0000" catchup-id="crid:~~2F~~2Ftelenet.be~~2Fba256a08-843f-44bf-bbfe-ea3f8cae11a3-fre,imi:087b6a61af55b5ccb76b75cf00b568293426a589"><title>Météo TV5 FBS</title><date></date><icon src="https://staticqbr-be-prod.tnprod.cdn.dmdsdp.com/image-service/ImagesEPG/EventImages/e54__87e__e5487e1b-3f80-4cc6-8277-ec8996463f7b__L52347536.jpg"></icon><desc>Le bulletin météorologique international.</desc><category>Nieuws, Weer</category></programme><programme channel="lgi-be-prod-master:tv5monde" start="20211227060000 +0000" stop="20211227063000 +0000" catchup-id="crid:~~2F~~2Ftelenet.be~~2F3fd76c8c-bf79-4542-969c-66f6b6a7720c-fre,imi:e2280c52bad1bd1be6c0cd172d1db5743a56320b"><title>Journal Radio Canada</title><date></date><icon src="https://staticqbr-be-prod.tnprod.cdn.dmdsdp.com/image-service/ImagesEPG/EventImages/ad1__ca1__ad1ca120-55e8-40ff-aa96-d5462fe864e6__B105730212.jpg"></icon><desc>Le journal télévisé proposé par la rédaction de Radio-Canada.</desc><category>Nieuws, Weer</category></programme><programme channel="lgi-be-prod-master:tv5monde" start="20211227063000 +0000" stop="20211227070000 +0000" catchup-id="crid:~~2F~~2Ftelenet.be~~2F3b671d2f-1121-46b1-9e2a-2bf79bd9f728-fre,imi:939f39cc2b78d9b2533d651c6b38a0c1fc938a85"><title>Télématin</title><date></date><icon src="https://staticqbr-be-prod.tnprod.cdn.dmdsdp.com/image-service/ImagesEPG/EventImages/94b__f6f__94bf6f63-a69e-439a-bf86-0a66f38470be__B106986835.jpg"></icon><desc>De l'info et de la bonne humeur, 7 jours sur 7 ! Réveils dynamiques garantis avec Thomas Sotto et Julia Vignali du lundi au jeudi, puis Damien Thévenot et Maya Lauqué du vendredi au dimanche.</desc><category>Nieuws, Actualiteitenprogramma's</category></programme><programme channel="lgi-be-prod-master:tv5monde" start="20211227070000 +0000" stop="20211227073000 +0000" catchup-id="crid:~~2F~~2Ftelenet.be~~2F9538541e-6fa6-4a51-92d4-cfd81e3443d5-fre,imi:7180e21da92cc084563370644cc4d9e4fd6169ef"><title>Télématin</title><date></date><icon src="https://staticqbr-be-prod.tnprod.cdn.dmdsdp.com/image-service/ImagesEPG/EventImages/94b__f6f__94bf6f63-a69e-439a-bf86-0a66f38470be__B106986835.jpg"></icon><desc>De l'info et de la bonne humeur, 7 jours sur 7 ! Réveils dynamiques garantis avec Thomas Sotto et Julia Vignali du lundi au jeudi, puis Damien Thévenot et Maya Lauqué du vendredi au dimanche.</desc><category>Nieuws, Actualiteitenprogramma's</category></programme><programme channel="lgi-be-prod-master:tv5monde" start="20211227073000 +0000" stop="20211227074200 +0000" catchup-id="crid:~~2F~~2Ftelenet.be~~2Fff1c30e3-cb60-46de-a543-22dc8ee5de30-fre,imi:1ffb5c70b5b390c6f8f5625bd9acc10a09180283"><title>Tv5monde, le journal</title><date></date><icon src="https://staticqbr-be-prod.tnprod.cdn.dmdsdp.com/image-service/ImagesEPG/EventImages/442__144__44214488-3224-4ead-ac58-b0f499f11dbb__B105728872.jpg"></icon><desc>Toute l'actualité nationale et internationale proposée par la rédaction de TV5MONDE.</desc><category>Actualiteit</category></programme><programme channel="lgi-be-prod-master:tv5monde" start="20211227074200 +0000" stop="20211227074500 +0000" catchup-id="crid:~~2F~~2Ftelenet.be~~2F0e23acad-ebd6-41b1-8166-f2ad6fa09432-fre,imi:a1064338f10146ddb95f0c5980ebc6579de4ca07"><title>Météo TV5 FBS</title><date></date><icon src="https://staticqbr-be-prod.tnprod.cdn.dmdsdp.com/image-service/ImagesEPG/EventImages/e54__87e__e5487e1b-3f80-4cc6-8277-ec8996463f7b__L52347536.jpg"></icon><desc>Le bulletin météorologique international.</desc><category>Nieuws, Weer</category></programme><programme channel="lgi-be-prod-master:tv5monde" start="20211227074500 +0000" stop="20211227080000 +0000" catchup-id="crid:~~2F~~2Ftelenet.be~~2F39ddf3ae-a6ee-4b5c-80fb-3255714caedf-fre,imi:bd294827372ee41fc72b2319fb56d7a961140e06"><title>Démo de mode</title><date></date><icon src="https://staticqbr-be-prod.tnprod.cdn.dmdsdp.com/image-service/ImagesEPG/EventImages/215__e00__215e00d1-e35d-49ff-a2c6-bb77a2917299__W106255293.jpg"></icon><desc>À l'occasion des défilés parisiens, prêt-à-porter et haute couture, Viviane Blassel invite des créateurs à regarder leur propre défilé et à s'exprimer sur leurs modèles, dans un lieu &quot; comme à la maison &quot;, propice à l'intimité et à la complicité. Décryptage du chemin de la création...</desc><category>Nieuws, Actualiteitenprogramma's</category></programme><programme channel="lgi-be-prod-master:tv5monde" start="20211227080000 +0000" stop="20211227082900 +0000" catchup-id="crid:~~2F~~2Ftelenet.be~~2Fe9036808-3aab-42d0-b3b0-e9fdbe75e927-fre,imi:e7f2f9676a810815ff2d748bb25052b13433c42f"><title>Monte-Carlo Riviera</title><date></date><icon src="https://staticqbr-be-prod.tnprod.cdn.dmdsdp.com/image-service/ImagesEPG/EventImages/215__e00__215e00d1-e35d-49ff-a2c6-bb77a2917299__W106255293.jpg"></icon><desc>Balade dans les rues monégasques avec le musicien et chanteur Faada Freddy. Le chef pâtissier Dorian Lutzelschwab.</desc><category>Nieuws, Actualiteitenprogramma's</category></programme><programme channel="lgi-be-prod-master:tv5monde" start="20211227082900 +0000" stop="20211227093000 +0000" catchup-id="crid:~~2F~~2Ftelenet.be~~2Fca0360d4-ccd0-4339-aca0-4a74b6894495-fre,imi:c17e1ca224276b36dca7f069826db211e2821790"><title>Dans mes pas, Thierry Marx à Akita</title><date></date><icon src="https://staticqbr-be-prod.tnprod.cdn.dmdsdp.com/image-service/ImagesEPG/EventImages/69a__201__69a20120-e71e-4c92-929d-5fe6493645fc__B160043378.jpg"></icon><desc>Un voyage au Japon, imaginé par le chef étoilé Thierry Marx, pour trois jeunes issus de la formation de réinsertion professionnelle Cuisine mode d'emploi(s) qu'il a fondée.</desc><category>Documentaire, Oude culturen</category></programme><programme channel="lgi-be-prod-master:tv5monde" start="20211227093000 +0000" stop="20211227100000 +0000" catchup-id="crid:~~2F~~2Ftelenet.be~~2F0435f269-550c-490c-ad52-f7073be1106d-fre,imi:243fe0fb97622712efe1a9f3a97fd07e002d5140"><title>Paname</title><date></date><icon src="https://staticqbr-be-prod.tnprod.cdn.dmdsdp.com/image-service/ImagesEPG/EventImages/215__e00__215e00d1-e35d-49ff-a2c6-bb77a2917299__W106255293.jpg"></icon><desc>Autour du boulevard Henri IV Yvan Hallouin franchit les portes de la Garde républicaine pour explorer la caserne des Célestins. Puis de part et d'autre du boulevard Henri IV, il nous emmène à la découverte d'adresses lumineuses et scientifiques.</desc><category>Nieuws, Actualiteitenprogramma's</category></programme><programme channel="lgi-be-prod-master:tv5monde" start="20211227100000 +0000" stop="20211227101400 +0000" catchup-id="crid:~~2F~~2Ftelenet.be~~2F7a138bc9-1568-4b87-9feb-93c8f3948c81-fre,imi:87ab96f12d38a9ae840511a912d9583031a62db1"><title>Tv5monde, le journal</title><date></date><icon src="https://staticqbr-be-prod.tnprod.cdn.dmdsdp.com/image-service/ImagesEPG/EventImages/442__144__44214488-3224-4ead-ac58-b0f499f11dbb__B105728872.jpg"></icon><desc>Toute l'actualité nationale et internationale proposée par la rédaction de TV5MONDE.</desc><category>Actualiteit</category></programme><programme channel="lgi-be-prod-master:tv5monde" start="20211227101400 +0000" stop="20211227101700 +0000" catchup-id="crid:~~2F~~2Ftelenet.be~~2F7df27d2e-deed-4cb0-a4c1-8c0850e9ad34-fre,imi:0b170aab2322725af8ab0dfd1283b0c26289307f"><title>Météo TV5 FBS</title><date></date><icon src="https://staticqbr-be-prod.tnprod.cdn.dmdsdp.com/image-service/ImagesEPG/EventImages/e54__87e__e5487e1b-3f80-4cc6-8277-ec8996463f7b__L52347536.jpg"></icon><desc>Le bulletin météorologique international.</desc><category>Nieuws, Weer</category></programme><programme channel="lgi-be-prod-master:tv5monde" start="20211227101700 +0000" stop="20211227102500 +0000" catchup-id="crid:~~2F~~2Ftelenet.be~~2F3da3e9d6-91ed-4d86-8b5f-a005cf4c92b9-fre,imi:37de411e4f5f06808bdc56f8d22a89ff105de251"><title>L'invité</title><date></date><icon src="https://staticqbr-be-prod.tnprod.cdn.dmdsdp.com/image-service/ImagesEPG/EventImages/02f__fdc__02ffdcfb-4a62-4e64-818e-4f77c1ee1908__B78360821.jpg"></icon><desc>Iedere zondag krijgt Pascal Vrebos een politieke gast over de vloer.</desc><category>Actualiteit</category></programme><programme channel="lgi-be-prod-master:tv5monde" start="20211227102500 +0000" stop="20211227111500 +0000" catchup-id="crid:~~2F~~2Ftelenet.be~~2F3fd52e81-91b4-44a6-a971-5d5ba060b83b-fre,imi:eefedacfc7704019e470e6d5703249ed66ba25c2"><title>Tout le monde veut prendre sa place</title><date></date><icon src="https://staticqbr-be-prod.tnprod.cdn.dmdsdp.com/image-service/ImagesEPG/EventImages/70a__104__70a1042f-5afe-4e70-988d-73d8597ff918__B49443122.jpg"></icon><desc>Het spel dat iedereen kan winnen. Een quiz, zes kandidaten en een kampioen die hoopt om iedereen er uit te spelen.</desc><category>Vrije tijd, Showbiz</category></programme><programme channel="lgi-be-prod-master:tv5monde" start="20211227111500 +0000" stop="20211227114800 +0000" catchup-id="crid:~~2F~~2Ftelenet.be~~2Ff5e49d32-c11e-4df3-8a7c-059ab558b239-fre,imi:43215933b372c6c39d1962fa3faf03a46544cf2a"><title>Questions pour un champion</title><date></date><icon src="https://staticqbr-be-prod.tnprod.cdn.dmdsdp.com/image-service/ImagesEPG/EventImages/29b__01e__29b01ebd-4a70-41f1-85a4-1aa22bee0ccb__B177866875.jpg"></icon><desc>Vier, drie en uiteindelijk twee kandidaten nemen het tegen elkaar op in dit spel, waarin levendigheid van geest niet onbelangrijk is.</desc><category>Spelshow</category></programme><programme channel="lgi-be-prod-master:tv5monde" start="20211227114800 +0000" stop="20211227120000 +0000" catchup-id="crid:~~2F~~2Ftelenet.be~~2F13669e1d-3b9a-402e-aead-5cd632cf1098-fre,imi:e339bc118a0b8b48b58b82c71a25ce42a650375f"><title>Maestro!</title><date></date><icon src="https://staticqbr-be-prod.tnprod.cdn.dmdsdp.com/image-service/ImagesEPG/EventImages/215__e00__215e00d1-e35d-49ff-a2c6-bb77a2917299__W106255293.jpg"></icon><desc>Les Contes d'Hoffmann Après &quot; Carmen &quot;, il est l'un des opéras français les plus joués dans le monde. &quot; Les Contes d'Hoffmann &quot;, oeuvre ultime de Jacques Offenbach, sur un livret de Jules Barbier, est créé à titre posthume, en février 1881. En 2000, Robert Carsen en assurait la mise en scène.</desc><category>Nieuws, Actualiteitenprogramma's</category></programme>