<programme channel="lgi-be-prod-master:vtmkzoom" start="20211227044000 +0000" stop="20211227044500 +0000" catchup-id="crid:~~2F~~2Ftelenet.be~~2Fefdde867-cf8b-42ea-b95d-a21f3fdb0073,imi:003e4ba2b835b1f86681026ce738dfb97c23d8fb"><title>Polly Pocket Shorts</title><date></date><icon src="https://staticqbr-be-prod.tnprod.cdn.dmdsdp.com/image-service/ImagesEPG/EventImages/0ef__49a__0ef49a54-7c89-4d91-a71f-3c37627384e6__B132746691.jpg"></icon><desc>Animatiesere waarin Polly Pocket van een gewone dag telkens iets ongewoons maakt</desc><category>Kinderen, Animatie</category></programme><programme channel="lgi-be-prod-master:vtmkzoom" start="20211227044500 +0000" stop="20211227050000 +0000" catchup-id="crid:~~2F~~2Ftelenet.be~~2Fed956e03-16d4-4d8a-9969-b3c9da211207,imi:bac93fd6cfb8ba1506346dee7f65fa9df1901202"><title>TiTaToverfeest</title><date></date><icon src="https://staticqbr-be-prod.tnprod.cdn.dmdsdp.com/image-service/ImagesEPG/EventImages/70d__24e__70d24ee6-103c-4964-a01e-d92e87cf8b9d__B169758805.jpg"></icon><desc>Jeugdserie waarin de Grobbebollen, Tika en Kwark nieuwe avonturen beleven in de Efteling</desc><category>Kinderen, Entertainment</category></programme><programme channel="lgi-be-prod-master:vtmkzoom" start="20211227050000 +0000" stop="20211227051500 +0000" catchup-id="crid:~~2F~~2Ftelenet.be~~2F8233cd20-34de-464f-bb6c-81e14bc1ed9f,imi:99dac9867505705f2c6cfdf81f6f69370986f79b"><title>TiTaToverfeest</title><date></date><icon src="https://staticqbr-be-prod.tnprod.cdn.dmdsdp.com/image-service/ImagesEPG/EventImages/70d__24e__70d24ee6-103c-4964-a01e-d92e87cf8b9d__B169758805.jpg"></icon><desc>Jeugdserie waarin de Grobbebollen, Tika en Kwark nieuwe avonturen beleven in de Efteling</desc><category>Kinderen, Entertainment</category></programme><programme channel="lgi-be-prod-master:vtmkzoom" start="20211227051500 +0000" stop="20211227053500 +0000" catchup-id="crid:~~2F~~2Ftelenet.be~~2F4265ff1f-3956-476c-ad22-2a925056958e,imi:dde93d969e10b5828ef3c04f961d0d42c8a06af4"><title>My Little Pony Les amies c'est magique !</title><date></date><icon src="https://staticqbr-be-prod.tnprod.cdn.dmdsdp.com/image-service/ImagesEPG/EventImages/ca3__751__ca375141-e722-4ca1-b24b-594cda0f83fc__B206579241.jpg"></icon><desc>Animatieserie</desc><category>Dramaseries</category></programme><programme channel="lgi-be-prod-master:vtmkzoom" start="20211227053500 +0000" stop="20211227054500 +0000" catchup-id="crid:~~2F~~2Ftelenet.be~~2Fe8868d71-9bc8-47b3-a59f-fc2bb63c9b08,imi:a3a69698fc7db98394f316839489ccaa1dbb1428"><title>Sammy &amp; Co</title><date></date><icon src="https://staticqbr-be-prod.tnprod.cdn.dmdsdp.com/image-service/ImagesEPG/EventImages/741__589__7415899d-633b-4f51-b5ec-55fdc7d0a42a__B78010010.jpg"></icon><desc>Franse animatieserie over de avonturen van de jonge zeeschildpadden Ricky en Ella en hun vriendjes in een koraalrif dichtbij een verlaten eiland in de grote oceaan</desc><category>Kinderen, Animatie</category></programme><programme channel="lgi-be-prod-master:vtmkzoom" start="20211227054500 +0000" stop="20211227055000 +0000" catchup-id="crid:~~2F~~2Ftelenet.be~~2F6915a1d1-c5df-4940-b55c-16c015ee956a,imi:f6762b4e53e8ce970fcf696bbfbad655d96627b9"><title>Polly Pocket Shorts</title><date></date><icon src="https://staticqbr-be-prod.tnprod.cdn.dmdsdp.com/image-service/ImagesEPG/EventImages/0ef__49a__0ef49a54-7c89-4d91-a71f-3c37627384e6__B132746691.jpg"></icon><desc>Animatiesere waarin Polly Pocket van een gewone dag telkens iets ongewoons maakt</desc><category>Kinderen, Animatie</category></programme><programme channel="lgi-be-prod-master:vtmkzoom" start="20211227055000 +0000" stop="20211227061500 +0000" catchup-id="crid:~~2F~~2Ftelenet.be~~2Fb1f754c5-3452-4cc2-91eb-b9e1e407f618,imi:456653390dd2aa37c5c31616fe58d89c3b475650"><title>Polly Pocket</title><date></date><icon src="https://staticqbr-be-prod.tnprod.cdn.dmdsdp.com/image-service/ImagesEPG/EventImages/e42__5ab__e425ab82-6a55-4057-98c8-e0da5451a4e0__B141412258.jpg"></icon><desc>Het avontuurlijke meisje Polly kan zichzelf en haar vriendinnen met een magisch apparaat laten krimpen. Als minimensjes beleven ze allerlei spannende avonturen.</desc><category>Kinderen, Animatie</category></programme><programme channel="lgi-be-prod-master:vtmkzoom" start="20211227061500 +0000" stop="20211227064000 +0000" catchup-id="crid:~~2F~~2Ftelenet.be~~2F9e30a5b7-851b-49ad-af9d-911265497516,imi:84e43f546b088befafbb7e2f68d46710cfc98597"><title>Lost in Oz</title><date></date><icon src="https://staticqbr-be-prod.tnprod.cdn.dmdsdp.com/image-service/ImagesEPG/EventImages/d1f__8f4__d1f8f46d-b886-4ce9-90ee-47f77b4b591d__B140436717.jpg"></icon><desc>Brits-Canadees-Amerikaanse animatieserie over het meisje Dorothy, dat samen met haar hondje Toto in het Land van Oz verzeild geraakt</desc><category>Kinderen, Animatie</category></programme><programme channel="lgi-be-prod-master:vtmkzoom" start="20211227064000 +0000" stop="20211227070000 +0000" catchup-id="crid:~~2F~~2Ftelenet.be~~2F24c1dfde-dc28-4750-9129-1ffeedd60340,imi:5b1f30e6768d0bb1b3aaf29f7e80093f676a4c71"><title>K3 Roller Disco</title><date></date><icon src="https://staticqbr-be-prod.tnprod.cdn.dmdsdp.com/image-service/ImagesEPG/EventImages/044__968__04496800-3b2f-455b-a91d-09b896bc0e87__B141413785.jpg"></icon><desc>Marthe heeft per ongeluk teveel chips besteld, waardoor ze met 1.000 dozen zitten in plaats van met 10. Ze zetten een bonnenactie op touw: elke klant kan een bon inwisselen voor één zakje chips. Maar het loopt niet zoals gepland.</desc><category>Kinderen, Entertainment</category></programme><programme channel="lgi-be-prod-master:vtmkzoom" start="20211227070000 +0000" stop="20211227082500 +0000" catchup-id="crid:~~2F~~2Ftelenet.be~~2Ffad85b86-abe4-4e77-b053-3724f5826443,imi:065fa88701f6198794e429342b4ed7ee4c1a10fa"><title>Dr. Proktors Teletijdtobbe</title><date>2015</date><icon src="https://staticqbr-be-prod.tnprod.cdn.dmdsdp.com/image-service/ImagesEPG/EventImages/c05__954__c059541d-9b49-4e37-8839-31728d2da74b__B116715415.jpg"></icon><desc>De liefdeszieke Doktor Proktor is terug in de tijd gereisd om de geschiedenis te veranderen. Hij wil het huwelijk tussen zijn geliefde Juliette en de boosaardige Claude Cliché tegenhouden en zelf het hart van Juliette veroveren. Door ongelukkige omstandigheden strandt Doktor Prokto0r echter in het verleden. Aan Lisa en Nilly de taak om hem te helpen terug naar het heden te komen.</desc><category>Film, Komedie</category></programme><programme channel="lgi-be-prod-master:vtmkzoom" start="20211227082500 +0000" stop="20211227085000 +0000" catchup-id="crid:~~2F~~2Ftelenet.be~~2F943bc42d-8ea3-44bc-9b87-f3afa97c0850,imi:5a68ea81cdbd529d41e068301699688ceade8291"><title>VLOGLAB #Stories</title><date></date><icon src="https://staticqbr-be-prod.tnprod.cdn.dmdsdp.com/image-service/ImagesEPG/EventImages/cc4__76c__cc476c26-d83b-44d7-8b8e-97f6b5a6e823__B201050688.jpg"></icon><desc>Jeugdmagazine</desc><category>Nieuws, Actualiteitenprogramma's</category></programme><programme channel="lgi-be-prod-master:vtmkzoom" start="20211227085000 +0000" stop="20211227091000 +0000" catchup-id="crid:~~2F~~2Ftelenet.be~~2F6211ca95-69eb-47ef-9460-0f610545b597,imi:0ccc7c168b38cb56165034eea3dd0417f9937782"><title>VLOGLAB #Stories</title><date></date><icon src="https://staticqbr-be-prod.tnprod.cdn.dmdsdp.com/image-service/ImagesEPG/EventImages/cc4__76c__cc476c26-d83b-44d7-8b8e-97f6b5a6e823__B201050688.jpg"></icon><desc>Jeugdmagazine</desc><category>Nieuws, Actualiteitenprogramma's</category></programme><programme channel="lgi-be-prod-master:vtmkzoom" start="20211227091000 +0000" stop="20211227093500 +0000" catchup-id="crid:~~2F~~2Ftelenet.be~~2Fd35c69d0-140c-4eb3-9ad6-cd8fb3610c08,imi:9a2279f1beac6c8f0e3c624406e396603b7cde3b"><title>Hallo K3</title><date></date><icon src="https://staticqbr-be-prod.tnprod.cdn.dmdsdp.com/image-service/ImagesEPG/EventImages/542__479__54247997-0634-4134-b5cd-264106d47210__B141414234.jpg"></icon><desc>Kristel krijgt bijna een hartaanval wanneer ze na een reisje terug thuiskomt. Karen heeft het appartement omgetoverd tot een stort. Als straf moet Karen in haar eentje alle rommel opkuisen. Kristel helpt Josje met het in elkaar timmeren van een zelfbouwpakket kastje. Maar blijkbaar is dat knutselwerk, zonder handleiding, toch moeilijker dan gedacht.</desc><category>Sitcoms</category></programme><programme channel="lgi-be-prod-master:vtmkzoom" start="20211227093500 +0000" stop="20211227100000 +0000" catchup-id="crid:~~2F~~2Ftelenet.be~~2F16c49de9-c97b-4387-a80b-77007ebc3d52,imi:cf31b44e0748fb437ac436dd2816089f51dcc8df"><title>Hallo K3</title><date></date><icon src="https://staticqbr-be-prod.tnprod.cdn.dmdsdp.com/image-service/ImagesEPG/EventImages/542__479__54247997-0634-4134-b5cd-264106d47210__B141414234.jpg"></icon><desc>Karen vindt de optredens van K3 niet grappig genoeg en werkt aan een nieuwe show, met stand-upcomedy. Helaas vindt Kristel de grappen van Karen absoluut niet geslaagd... Josje krijgt van haar tante intussen een oude buffetpiano, en het K'tje ziet het groots. Ze is vastbesloten haar eigen K3-nummers te componeren. Maar Rosie vraagt zich af of een nummer over een 'geurende kous' wel kans op slagen heeft...</desc><category>Sitcoms</category></programme><programme channel="lgi-be-prod-master:vtmkzoom" start="20211227100000 +0000" stop="20211227101000 +0000" catchup-id="crid:~~2F~~2Ftelenet.be~~2F068d5185-6c84-4d1d-82d4-f1a7371855ff,imi:86896796715ec2a368a194b543b8b0d583ee479d"><title>De Sprookjes van Klaas Vaak</title><date></date><icon src="https://staticqbr-be-prod.tnprod.cdn.dmdsdp.com/image-service/ImagesEPG/EventImages/cbf__2f5__cbf2f544-6c6b-48da-a3f4-8db07b20b4fd__B168706715.jpg"></icon><desc>Er leefde eens, ver weg in het oerwoud van Indië, een heks. Ondanks haar lelijke uiterlijk, was het een speciale heks, want ze kon prachtig zingen. En met haar prachtige stem kon ze bovendien iedereen betoveren.</desc><category>Kinderen, Animatie</category></programme><programme channel="lgi-be-prod-master:vtmkzoom" start="20211227101000 +0000" stop="20211227102000 +0000" catchup-id="crid:~~2F~~2Ftelenet.be~~2F59abf804-db34-4c34-85cb-f965771ef4e5,imi:db7a102cca4e85afc5c2866e76610f64679a9100"><title>De buurtpolitie - Extra</title><date></date><icon src="https://staticqbr-be-prod.tnprod.cdn.dmdsdp.com/image-service/ImagesEPG/EventImages/3b0__0bc__3b00bcaf-f2e4-410d-a7cd-84b0c72619d4__B142711934.jpg"></icon><desc>Specials van de gelijknamige scriptedrealityreeks waarin Koen en Tinneke van 'De Buurtpolitie' terugblikken op hun gekste, grappigste en spannendste avonturen</desc><category>Documentaire, Reality-tv</category></programme><programme channel="lgi-be-prod-master:vtmkzoom" start="20211227102000 +0000" stop="20211227103500 +0000" catchup-id="crid:~~2F~~2Ftelenet.be~~2Fb39a4120-017d-4c07-b9b5-1ef4587cfdd6,imi:dab2b6455fcb28cead99d6bc61894f4469979b3c"><title>De buurtpolitie - Extra</title><date></date><icon src="https://staticqbr-be-prod.tnprod.cdn.dmdsdp.com/image-service/ImagesEPG/EventImages/3b0__0bc__3b00bcaf-f2e4-410d-a7cd-84b0c72619d4__B142711934.jpg"></icon><desc>Specials van de gelijknamige scriptedrealityreeks waarin Koen en Tinneke van 'De Buurtpolitie' terugblikken op hun gekste, grappigste en spannendste avonturen</desc><category>Documentaire, Reality-tv</category></programme><programme channel="lgi-be-prod-master:vtmkzoom" start="20211227103500 +0000" stop="20211227104500 +0000" catchup-id="crid:~~2F~~2Ftelenet.be~~2F63236b54-1488-4165-9b64-91de140cb28f,imi:056a8dd7e2bbd745a397e3dfd88cb63554000ebc"><title>De buurtpolitie - Extra</title><date></date><icon src="https://staticqbr-be-prod.tnprod.cdn.dmdsdp.com/image-service/ImagesEPG/EventImages/3b0__0bc__3b00bcaf-f2e4-410d-a7cd-84b0c72619d4__B142711934.jpg"></icon><desc>Specials van de gelijknamige scriptedrealityreeks waarin Koen en Tinneke van 'De Buurtpolitie' terugblikken op hun gekste, grappigste en spannendste avonturen</desc><category>Documentaire, Reality-tv</category></programme><programme channel="lgi-be-prod-master:vtmkzoom" start="20211227104500 +0000" stop="20211227105500 +0000" catchup-id="crid:~~2F~~2Ftelenet.be~~2F7633484c-b667-42d1-ba53-1d9c7a2c33d9,imi:e2b6ca1d5c3866433577b8bda4e7432ee73d27fb"><title>Het Middelbaar</title><date></date><icon src="https://staticqbr-be-prod.tnprod.cdn.dmdsdp.com/image-service/ImagesEPG/EventImages/e47__932__e47932ec-a8ed-4f30-864b-e1a9e7a25043__B165197389.jpg"></icon><desc>Nederlandse jeugdserie (2015) die verschillende thema's in beeld brengt waar leerlingen uit het eerste middelbaar mee te maken krijgen.</desc><category>Kinderen, Entertainment</category></programme><programme channel="lgi-be-prod-master:vtmkzoom" start="20211227105500 +0000" stop="20211227110500 +0000" catchup-id="crid:~~2F~~2Ftelenet.be~~2F8bf76f7e-5670-42b1-a248-e9368560cf79,imi:0d40d3ddcf047754329b2e85756d1820b6afeb26"><title>Het Middelbaar</title><date></date><icon src="https://staticqbr-be-prod.tnprod.cdn.dmdsdp.com/image-service/ImagesEPG/EventImages/e47__932__e47932ec-a8ed-4f30-864b-e1a9e7a25043__B165197389.jpg"></icon><desc>Nederlandse jeugdserie (2015) die verschillende thema's in beeld brengt waar leerlingen uit het eerste middelbaar mee te maken krijgen.</desc><category>Kinderen, Entertainment</category></programme><programme channel="lgi-be-prod-master:vtmkzoom" start="20211227110500 +0000" stop="20211227112000 +0000" catchup-id="crid:~~2F~~2Ftelenet.be~~2Fe5d6756e-7fa6-46fd-ba50-cfaf58d23715,imi:a6916e6be16342feb0a6fd9249af71a525a3434e"><title>Het Middelbaar</title><date></date><icon src="https://staticqbr-be-prod.tnprod.cdn.dmdsdp.com/image-service/ImagesEPG/EventImages/e47__932__e47932ec-a8ed-4f30-864b-e1a9e7a25043__B165197389.jpg"></icon><desc>Nederlandse jeugdserie (2015) die verschillende thema's in beeld brengt waar leerlingen uit het eerste middelbaar mee te maken krijgen.</desc><category>Kinderen, Entertainment</category></programme><programme channel="lgi-be-prod-master:vtmkzoom" start="20211227112000 +0000" stop="20211227113000 +0000" catchup-id="crid:~~2F~~2Ftelenet.be~~2F5192b180-09ae-4429-bbca-5fc707750432,imi:022693f2eed17836146fa641df09fc8930a1a7a5"><title>Het Middelbaar</title><date></date><icon src="https://staticqbr-be-prod.tnprod.cdn.dmdsdp.com/image-service/ImagesEPG/EventImages/e47__932__e47932ec-a8ed-4f30-864b-e1a9e7a25043__B165197389.jpg"></icon><desc>Nederlandse jeugdserie (2015) die verschillende thema's in beeld brengt waar leerlingen uit het eerste middelbaar mee te maken krijgen.</desc><category>Kinderen, Entertainment</category></programme><programme channel="lgi-be-prod-master:vtmkzoom" start="20211227113000 +0000" stop="20211227114000 +0000" catchup-id="crid:~~2F~~2Ftelenet.be~~2Fe28eb3a6-973f-4b74-8113-bd61f1b86c62,imi:04a5a3bfebe3d46d581b14653b6d8bdc6449cb0a"><title>Het Middelbaar</title><date></date><icon src="https://staticqbr-be-prod.tnprod.cdn.dmdsdp.com/image-service/ImagesEPG/EventImages/e47__932__e47932ec-a8ed-4f30-864b-e1a9e7a25043__B165197389.jpg"></icon><desc>Nederlandse jeugdserie (2015) die verschillende thema's in beeld brengt waar leerlingen uit het eerste middelbaar mee te maken krijgen.</desc><category>Kinderen, Entertainment</category></programme><programme channel="lgi-be-prod-master:vtmkzoom" start="20211227114000 +0000" stop="20211227115000 +0000" catchup-id="crid:~~2F~~2Ftelenet.be~~2F74fe6ea0-ba7f-4a65-9944-8ee9bce5742c,imi:f5f3a4311d325864a6cb61c431d9c6ef52f15a13"><title>Wakandy</title><date></date><icon src="https://staticqbr-be-prod.tnprod.cdn.dmdsdp.com/image-service/ImagesEPG/EventImages/542__b0d__542b0d05-adf5-4abc-b446-b9f67f891795__B141407616.jpg"></icon><desc>Show waarin Andy Peelman elke uitdaging aangaat die zijn pad kruist</desc><category>Vrije tijd, Showbiz</category></programme><programme channel="lgi-be-prod-master:vtmkzoom" start="20211227115000 +0000" stop="20211227121000 +0000" catchup-id="crid:~~2F~~2Ftelenet.be~~2F24c1dfde-dc28-4750-9129-1ffeedd60340,imi:0a7a9b05dc495da29030f5dadc1b5159d582ea13"><title>K3 Roller Disco</title><date></date><icon src="https://staticqbr-be-prod.tnprod.cdn.dmdsdp.com/image-service/ImagesEPG/EventImages/044__968__04496800-3b2f-455b-a91d-09b896bc0e87__B141413785.jpg"></icon><desc>Marthe heeft per ongeluk teveel chips besteld, waardoor ze met 1.000 dozen zitten in plaats van met 10. Ze zetten een bonnenactie op touw: elke klant kan een bon inwisselen voor één zakje chips. Maar het loopt niet zoals gepland.</desc><category>Kinderen, Entertainment</category></programme>