<programme channel="lgi-be-prod-master:ard" start="20211226235800 +0000" stop="20211227000000 +0000" catchup-id="crid:~~2F~~2Ftelenet.be~~2Fd7f182d7-dca7-4f06-a021-f7e553a5855a-deu,imi:c7e22c0f28c26f1c464746c8d047c0df65ff464b"><title>Tagesschau (evening)</title><date></date><icon src="https://staticqbr-be-prod.tnprod.cdn.dmdsdp.com/image-service/ImagesEPG/EventImages/112__0f4__1120f412-f5b1-4a86-a6df-5692fa45a40c__B106689777.jpg"></icon><desc>Nieuwsuitzending.</desc><category>Actualiteit</category></programme><programme channel="lgi-be-prod-master:ard" start="20211227000000 +0000" stop="20211227013000 +0000" catchup-id="crid:~~2F~~2Ftelenet.be~~2F854451c3-ebe4-4003-a670-26a1f8653f72-deu,imi:4fce7b644347a61a576a043816b178005b208745"><title>Tatort</title><date></date><icon src="https://staticqbr-be-prod.tnprod.cdn.dmdsdp.com/image-service/ImagesEPG/EventImages/4f4__059__4f40597a-4615-4480-a616-79ddadcad075__B49127092.jpg"></icon><desc>Commissaris Charlotte Lindholm reist privé van Göttingen naar Hamburg om in het geheim een man te ontmoeten in een hotel. Als ze aankomt, treft ze echter een lijk aan. Lindholm wordt nu gezien als een verdachte. Is de moordenaar een van de andere gasten van het hotel?</desc><category>Dramaseries, Actie</category></programme><programme channel="lgi-be-prod-master:ard" start="20211227013000 +0000" stop="20211227030000 +0000" catchup-id="crid:~~2F~~2Ftelenet.be~~2F7fdd1c10-8b55-4e5d-8102-cfb6fdb5f459-deu,imi:92e4f36b71fffa06225f38ad031273e81d246dfe"><title>Donna Leon</title><date></date><icon src="https://staticqbr-be-prod.tnprod.cdn.dmdsdp.com/image-service/ImagesEPG/EventImages/bb4__453__bb44532c-7875-4d69-a8ad-ebbccfa5451e__B108531753.jpg"></icon><desc>Gravin Lando-Continui vraagt commissaris Brunetti om een familietragedie te onderzoeken die een eeuwigheid geleden plaatsvond. Ze wil de preciese omstandigheden kennen van het voorval waarbij haar nichtje van een brug viel en bijna verdronk. Vandaag is Manuela bijna dertig jaar oud, maar ze liep destijds onherstelbare hersenschade op, waardoor ze het geestelijke vermorgen van een zesjarige heeft.</desc><category>Dramaseries, Actie</category></programme><programme channel="lgi-be-prod-master:ard" start="20211227030000 +0000" stop="20211227033000 +0000" catchup-id="crid:~~2F~~2Ftelenet.be~~2F45b93c58-85ee-49c7-a68f-ded63e5312f9-deu,imi:0da337c30801c65b4e6bc40f0048aa268d3a7c4c"><title>Weltspiegel-Reportage</title><date></date><icon src="https://staticqbr-be-prod.tnprod.cdn.dmdsdp.com/image-service/ImagesEPG/EventImages/d19__dd5__d19dd533-9ce4-4e94-aee4-e544e02cd350__B106313135.jpg"></icon><desc>Reportagemagazine</desc><category>Nieuws, Actualiteitenprogramma's</category></programme><programme channel="lgi-be-prod-master:ard" start="20211227033000 +0000" stop="20211227034500 +0000" catchup-id="crid:~~2F~~2Ftelenet.be~~2Ff3f701ef-dea9-403c-8a8b-64af842843e7-deu,imi:eb5ca9694b9966024ffc4d68b767053698e48731"><title>Deutschlandbilder</title><date></date><icon src="https://staticqbr-be-prod.tnprod.cdn.dmdsdp.com/image-service/ImagesEPG/EventImages/c35__643__c3564316-cf06-45d5-83f6-2548c8c92e95__B109884415.jpg"></icon><desc>Magazine.</desc><category>Nieuws, Actualiteitenprogramma's</category></programme><programme channel="lgi-be-prod-master:ard" start="20211227034500 +0000" stop="20211227043000 +0000" catchup-id="crid:~~2F~~2Ftelenet.be~~2Fa5e3c179-2d42-4583-ad74-8f3fe35714a0-deu,imi:4b04c78af1c4c39b171534429407fe5389e361bb"><title>The Hunt</title><date></date><icon src="https://staticqbr-be-prod.tnprod.cdn.dmdsdp.com/image-service/ImagesEPG/EventImages/b94__c9a__b94c9ac5-6965-4eda-876b-a6dbf7f87eb1__B112387193.jpg"></icon><desc>David Attenborough trekt opnieuw de wilde natuur in om na te gaan hoe roofdieren hun prooien opjagen. Zijn team maakt gebruik van geavanceerde camera's om te tonen hoe dieren speciale jachttechnieken en afweermiddelen hebben ontwikkeld om te
overleven. Jagers falen meestal. Om een kans op slagen te hebben, moeten ze een bepaalde kwaliteit hebben, zoals snelheid, sluwheid, uithoudingsvermogen, kracht, samenwerking of intelligentie. Zo kunnen de grote krokodillen in de Nijl een jaar zonder eten gaan en hun adem twee uur lang inhouden. Zij wachten daarom geduldig het perfecte moment af om hun prooi in een val te lokken.</desc><category>Documentaire, Natuur</category></programme><programme channel="lgi-be-prod-master:ard" start="20211227043000 +0000" stop="20211227080000 +0000" catchup-id="crid:~~2F~~2Ftelenet.be~~2Fddb692f1-552c-4217-9a15-2cd062872448-deu,imi:cce48b54f8ca9a34862c3188ec5c2a6c895b5980"><title>ZDF-Morgenmagazin</title><date></date><icon src="https://staticqbr-be-prod.tnprod.cdn.dmdsdp.com/image-service/ImagesEPG/EventImages/51e__8b8__51e8b8d3-8e34-46c0-adf8-cd123dbc5e0b__B108618534.jpg"></icon><desc>Ochtendmagazine</desc><category>Nieuws, Actualiteitenprogramma's</category></programme><programme channel="lgi-be-prod-master:ard" start="20211227080000 +0000" stop="20211227080500 +0000" catchup-id="crid:~~2F~~2Ftelenet.be~~2F2aace357-b8bf-489b-89ba-2a392e95796b-deu,imi:cb5e52f266299e470161dc8cbcfd0cdb67c03f0f"><title>Tagesschau (morning)</title><date></date><icon src="https://staticqbr-be-prod.tnprod.cdn.dmdsdp.com/image-service/ImagesEPG/EventImages/112__0f4__1120f412-f5b1-4a86-a6df-5692fa45a40c__B106689777.jpg"></icon><desc>Nieuwsuitzending.</desc><category>Actualiteit</category></programme><programme channel="lgi-be-prod-master:ard" start="20211227080500 +0000" stop="20211227085500 +0000" catchup-id="crid:~~2F~~2Ftelenet.be~~2F6c136bf6-0ed4-489d-b1fe-b5dc7d3be4fd-deu,imi:e81709c7f752e8d5c8d2b849be687493a0a2833d"><title>Live nach Neun</title><date></date><icon src="https://staticqbr-be-prod.tnprod.cdn.dmdsdp.com/image-service/ImagesEPG/EventImages/161__7b3__1617b3cf-59f4-41d9-8730-10485383f109__B127216801.jpg"></icon><desc>Humaninterestmagazine</desc><category>Nieuws, Actualiteitenprogramma's</category></programme><programme channel="lgi-be-prod-master:ard" start="20211227085500 +0000" stop="20211227094500 +0000" catchup-id="crid:~~2F~~2Ftelenet.be~~2Faec09eab-00b3-488f-b257-5da757d435a3-deu,imi:0999b4ffa95416e9db82943a340877385a55481f"><title>Verrückt nach Meer</title><date></date><icon src="https://staticqbr-be-prod.tnprod.cdn.dmdsdp.com/image-service/ImagesEPG/EventImages/95a__63b__95a63b1d-7f71-4093-8ac8-b7789879b4f6__B113552265.jpg"></icon><desc>Des einen Leid ist des anderen Freud! Während heftiger Wind vor den paradiesischen 100 Islands bei den Kreuzfahrern Traumstrand-Träume platzen lässt, brechen über 300 glückliche Seefahrer in Jubelstürme aus: Die philippinische Bordcrew erwartet sehnsüchtig ihre Familien, denn das große Wiedersehen in Manila ist greifbar nah.
Auch die Passagiere Marion und Uwe machen das Beste aus den wilden Lüftchen im Westpazifik, aber das lustige Wellenbad im Schiffspool gerät völlig außer Kontrolle. In der Show-Lounge hört der Wellengang nicht auf - Marilyn Monroe bringt die Gäste zum Schunkeln.</desc><category>Documentaire, Reality-tv</category></programme><programme channel="lgi-be-prod-master:ard" start="20211227094500 +0000" stop="20211227101500 +0000" catchup-id="crid:~~2F~~2Ftelenet.be~~2F364f4b2d-8882-4a2c-8f01-c4b6b7182506-deu,imi:9062df5674e725495d6d130d1089258dc4037ea4"><title>Meister des Alltags</title><date></date><icon src="https://staticqbr-be-prod.tnprod.cdn.dmdsdp.com/image-service/ImagesEPG/EventImages/22f__260__22f260b7-3170-48e2-95ba-2a5b848b797f__B109883361.jpg"></icon><desc>Quiz.</desc><category>Spelshow</category></programme><programme channel="lgi-be-prod-master:ard" start="20211227101500 +0000" stop="20211227110000 +0000" catchup-id="crid:~~2F~~2Ftelenet.be~~2Fcc5a47bd-50f1-4c60-945c-97b4d8d75f81-deu,imi:1aecfd5fd35959d0fe2be698b5910ac5a2ddea4c"><title>Wer weiß denn sowas?</title><date></date><icon src="https://staticqbr-be-prod.tnprod.cdn.dmdsdp.com/image-service/ImagesEPG/EventImages/627__181__627181db-006c-4c6b-96c8-3e8e11ce00e7__B107532867.jpg"></icon><desc>Duitse quiz met presentator Kai Pflaume waarin Bernhard Höecker en Elton elk een team vormen met een prominente studiogast en antwoorden proberen te vinden op verrassende vragen</desc><category>Spelshow</category></programme><programme channel="lgi-be-prod-master:ard" start="20211227110000 +0000" stop="20211227111500 +0000" catchup-id="crid:~~2F~~2Ftelenet.be~~2F8450d8db-b766-4248-a4b0-83021bc17f7e-deu,imi:0cf8a9216a2405340aad9feff62b2a41eff52be6"><title>Tagesschau (noon)</title><date></date><icon src="https://staticqbr-be-prod.tnprod.cdn.dmdsdp.com/image-service/ImagesEPG/EventImages/112__0f4__1120f412-f5b1-4a86-a6df-5692fa45a40c__B106689777.jpg"></icon><desc>Nieuwsuitzending.</desc><category>Actualiteit</category></programme><programme channel="lgi-be-prod-master:ard" start="20211227111500 +0000" stop="20211227120000 +0000" catchup-id="crid:~~2F~~2Ftelenet.be~~2Fc2484ed1-677a-40fb-a1a0-7c2c47a01dc1-deu,imi:cd43a85864d24c6b73a39a4e24dd53b62875ac6c"><title>ARD-Buffet</title><date></date><icon src="https://staticqbr-be-prod.tnprod.cdn.dmdsdp.com/image-service/ImagesEPG/EventImages/826__525__826525cd-5de6-4102-995e-542cef938e56__B49039373.jpg"></icon><desc>Life-stylemagazine.</desc><category>Vrije tijd, Mode</category></programme>