<programme channel="lgi-be-prod-master:nickjrfr" start="20211226231500 +0000" stop="20211226233500 +0000" catchup-id="crid:~~2F~~2Ftelenet.be~~2F0a1b5f7b-b4ae-479b-97a7-9e1a53a7e485-fre,imi:8ba130a8dcd0681dc522382db257a20dd71a3fe6"><title>Dora The Explorer</title><date></date><icon src="https://staticqbr-be-prod.tnprod.cdn.dmdsdp.com/image-service/ImagesEPG/EventImages/99d__dd3__99ddd3be-70d4-49a1-beed-a70680615cab__B141095738.jpg"></icon><desc>Aujourd'hui, c'est la fête de la Scienceà l'école. Tous les élèves doivent présenter un projet sur l'énergie verte. Dora et Emma ont préparé un beau volcan pour expliquer la géothermie à leurs camarades.</desc><category>Animatie</category></programme><programme channel="lgi-be-prod-master:nickjrfr" start="20211226233500 +0000" stop="20211226235500 +0000" catchup-id="crid:~~2F~~2Ftelenet.be~~2Fa6eb3d39-d474-419c-9fb6-06448d042b89-fre,imi:d09832f1e8f2d7e187ea24fcee4ad66e5acf7bd4"><title>Dora The Explorer</title><date></date><icon src="https://staticqbr-be-prod.tnprod.cdn.dmdsdp.com/image-service/ImagesEPG/EventImages/99d__dd3__99ddd3be-70d4-49a1-beed-a70680615cab__B141095738.jpg"></icon><desc>Une petite sirène s'est égarée. Aide Dora à se changer en sirène grâce à son collier magique, puis ramène Maribel chez elle.</desc><category>Animatie</category></programme><programme channel="lgi-be-prod-master:nickjrfr" start="20211226235500 +0000" stop="20211227001500 +0000" catchup-id="crid:~~2F~~2Ftelenet.be~~2F0cce27c2-903a-4a93-a58b-983bc08bce4e-fre,imi:01362a0e8b80aa5480ac18114999211db922680d"><title>Dora The Explorer</title><date></date><icon src="https://staticqbr-be-prod.tnprod.cdn.dmdsdp.com/image-service/ImagesEPG/EventImages/99d__dd3__99ddd3be-70d4-49a1-beed-a70680615cab__B141095738.jpg"></icon><desc>Dora et Babouche se rendent à l'atelier d'artiste de Daniela pour l'aider à terminer une grande fresque sur laquelle sont représentés tous leurs amis.</desc><category>Animatie</category></programme><programme channel="lgi-be-prod-master:nickjrfr" start="20211227001500 +0000" stop="20211227004000 +0000" catchup-id="crid:~~2F~~2Ftelenet.be~~2F9f251437-922e-47ef-aff5-5f081d57eefc-fre,imi:f9cab68e409e8cf584759283db634e47b97a60c3"><title>Dora The Explorer</title><date></date><icon src="https://staticqbr-be-prod.tnprod.cdn.dmdsdp.com/image-service/ImagesEPG/EventImages/99d__dd3__99ddd3be-70d4-49a1-beed-a70680615cab__B141095738.jpg"></icon><desc>Dora lit Alice au Pays des Merveilles aux trois chatons. Mais voilà qu'ils traversent le miroir! Dora et Babouche le traversent à leur tour pour aller les chercher au goûter de la Reine.</desc><category>Animatie</category></programme><programme channel="lgi-be-prod-master:nickjrfr" start="20211227004000 +0000" stop="20211227010000 +0000" catchup-id="crid:~~2F~~2Ftelenet.be~~2F4ed5b1f7-fcc9-4bd2-a823-d29396f0a1d0-fre,imi:4b68029986fb79f8b17acf5f530f2879167750a8"><title>Dora The Explorer</title><date></date><icon src="https://staticqbr-be-prod.tnprod.cdn.dmdsdp.com/image-service/ImagesEPG/EventImages/99d__dd3__99ddd3be-70d4-49a1-beed-a70680615cab__B141095738.jpg"></icon><desc>Dora lit Alice au Pays des Merveilles aux trois chatons. Mais voilà qu'ils traversent le miroir! Dora et Babouche le traversent à leur tour pour aller les chercher au goûter de la Reine.</desc><category>Animatie</category></programme><programme channel="lgi-be-prod-master:nickjrfr" start="20211227010000 +0000" stop="20211227011500 +0000" catchup-id="crid:~~2F~~2Ftelenet.be~~2Ff7361178-3b28-4977-be9e-c3a516688515-fre,imi:9e95d492931c6bd1ab4abceca48b6e8202c17fe5"><title>Dora The Explorer</title><date></date><icon src="https://staticqbr-be-prod.tnprod.cdn.dmdsdp.com/image-service/ImagesEPG/EventImages/99d__dd3__99ddd3be-70d4-49a1-beed-a70680615cab__B141095738.jpg"></icon><desc>Totor a organisé une soirée chantante mais il a oublié d'envoyer les cartons d'invitation à ses amis! Aide Dora et Babouche à vite rejoindre l'étable pour appeler tous les amis de Totor à l'aide du micro de Dora.</desc><category>Animatie</category></programme><programme channel="lgi-be-prod-master:nickjrfr" start="20211227011500 +0000" stop="20211227013500 +0000" catchup-id="crid:~~2F~~2Ftelenet.be~~2F28621c13-f40d-487c-9b80-123b734939ef-fre,imi:4a64b25d8746dca4380f40eaa56f55b9431ed11d"><title>Dora The Explorer</title><date></date><icon src="https://staticqbr-be-prod.tnprod.cdn.dmdsdp.com/image-service/ImagesEPG/EventImages/99d__dd3__99ddd3be-70d4-49a1-beed-a70680615cab__B141095738.jpg"></icon><desc>Dora et Babouche viennent en aide à un papillon qui s'est coincé dans le buisson. Il invite nos amis au Bal des Papillons, où tous les invités reçoivent des ailes et volent ensemble.</desc><category>Animatie</category></programme><programme channel="lgi-be-prod-master:nickjrfr" start="20211227013500 +0000" stop="20211227015500 +0000" catchup-id="crid:~~2F~~2Ftelenet.be~~2Ff2867f85-6746-4e6e-9698-82609496dec8-fre,imi:953e3a1a46a2dc94c74c776153b07635b897613c"><title>Dora The Explorer</title><date></date><icon src="https://staticqbr-be-prod.tnprod.cdn.dmdsdp.com/image-service/ImagesEPG/EventImages/99d__dd3__99ddd3be-70d4-49a1-beed-a70680615cab__B141095738.jpg"></icon><desc>Babouche et Bébé Jaguar organisent un grand spectacle de cirque. Aide Diego et Dora à trouver le chapiteau où aura lieu le spectacle.</desc><category>Animatie</category></programme><programme channel="lgi-be-prod-master:nickjrfr" start="20211227015500 +0000" stop="20211227021000 +0000" catchup-id="crid:~~2F~~2Ftelenet.be~~2F6a993406-54de-4837-9792-7b1683ab5f4b-fre,imi:c99b26f5dd1c69e36bc7c41cead36000cc6283bf"><title>Dora The Explorer</title><date></date><icon src="https://staticqbr-be-prod.tnprod.cdn.dmdsdp.com/image-service/ImagesEPG/EventImages/99d__dd3__99ddd3be-70d4-49a1-beed-a70680615cab__B141095738.jpg"></icon><desc>Dora et Babouche lisent des livres à la bibliothèque. Val la pieuvre leur confie une mission: plonger au coeur de trois livres différents et rapporter trois objets pour compléter le mur d'histoires.</desc><category>Animatie</category></programme><programme channel="lgi-be-prod-master:nickjrfr" start="20211227021000 +0000" stop="20211227023000 +0000" catchup-id="crid:~~2F~~2Ftelenet.be~~2F0b5d686f-4a41-4cbd-86fb-492dacf2f2e8-fre,imi:41bb4dc9ea0a316d2e33dfd7278934888c3b6074"><title>Dora The Explorer</title><date></date><icon src="https://staticqbr-be-prod.tnprod.cdn.dmdsdp.com/image-service/ImagesEPG/EventImages/99d__dd3__99ddd3be-70d4-49a1-beed-a70680615cab__B141095738.jpg"></icon><desc>Dora est au Brésil, pour disputer la Coupe d'Or avec son équipe de football, l'équipe des explorateurs, et Paula, son amie brésilienne. Pour remporter la coupe, ils devront affronter trois équipes, les Samba Trees, les Dinosaurs et les Monsters.</desc><category>Animatie</category></programme><programme channel="lgi-be-prod-master:nickjrfr" start="20211227023000 +0000" stop="20211227025000 +0000" catchup-id="crid:~~2F~~2Ftelenet.be~~2Fcf2ec205-5e8e-4fc0-b5fa-cd6e6065e827-fre,imi:c06431cd34854b20491ef55c5003db2d8a2d7c09"><title>Paw Patrol</title><date></date><icon src="https://staticqbr-be-prod.tnprod.cdn.dmdsdp.com/image-service/ImagesEPG/EventImages/ca1__17d__ca117dd5-0480-4846-93e4-500eac242b95__B110613310.jpg"></icon><desc>Espérant avoir la plage pour lui seul, Hellinger crée un requin mécanique pour effrayer tout le monde. // Le ponton risque de s'effondrer à cause d'un pilier cassé.</desc><category>Kinderen, Animatie</category></programme><programme channel="lgi-be-prod-master:nickjrfr" start="20211227025000 +0000" stop="20211227030500 +0000" catchup-id="crid:~~2F~~2Ftelenet.be~~2F16197545-f0fc-4e9c-992a-706851805f22-fre,imi:b1bafb414ffe3aaf4c4124e8fcd4f56591022f2a"><title>Paw Patrol</title><date></date><icon src="https://staticqbr-be-prod.tnprod.cdn.dmdsdp.com/image-service/ImagesEPG/EventImages/ca1__17d__ca117dd5-0480-4846-93e4-500eac242b95__B110613310.jpg"></icon><desc>Everest, les Turbot et la pierre de l'espace sont piégés dans une grotte. // Madame Goodway a disparu et le maire Hellinger pose problème dans la Grande Vallée.</desc><category>Kinderen, Animatie</category></programme><programme channel="lgi-be-prod-master:nickjrfr" start="20211227030500 +0000" stop="20211227033000 +0000" catchup-id="crid:~~2F~~2Ftelenet.be~~2Fd58f9cf8-9010-4587-b81a-bbdfb5e040f3-fre,imi:5d7e911890b910a8998345e119535d9af3d1a817"><title>PAW Patrol</title><date></date><icon src="https://staticqbr-be-prod.tnprod.cdn.dmdsdp.com/image-service/ImagesEPG/EventImages/ca1__17d__ca117dd5-0480-4846-93e4-500eac242b95__B110613310.jpg"></icon><desc>Cali se perd dans la montagne. // Le harnais de Danny X Le Hardi se brise alors qu'il fait du kitesurf.</desc><category>Kinderen, Animatie</category></programme><programme channel="lgi-be-prod-master:nickjrfr" start="20211227033000 +0000" stop="20211227034000 +0000" catchup-id="crid:~~2F~~2Ftelenet.be~~2Fc6b23b38-4bc5-4c5a-913f-3a0280f1f98e-fre,imi:6ccb4375ec89e20c03ce0ce7604fb9bf66e99622"><title>Paw Patrol</title><date></date><icon src="https://staticqbr-be-prod.tnprod.cdn.dmdsdp.com/image-service/ImagesEPG/EventImages/ca1__17d__ca117dd5-0480-4846-93e4-500eac242b95__B110613310.jpg"></icon><desc>Carlos, Tracker et la Pat'patrouille découvrent un sifflet magique qui lance un sortilège aux animaux pour qu'ils protègent le trésor d'un célèbre pirate. Mais Carlos va se retrouver pris au piège.</desc><category>Kinderen, Animatie</category></programme><programme channel="lgi-be-prod-master:nickjrfr" start="20211227034000 +0000" stop="20211227040000 +0000" catchup-id="crid:~~2F~~2Ftelenet.be~~2F3f4a3f6e-e876-4e26-9b7a-21d8142156a5-fre,imi:fa6280ec8bbe4d684e1f91da1cdff388c3739e65"><title>PAW Patrol</title><date></date><icon src="https://staticqbr-be-prod.tnprod.cdn.dmdsdp.com/image-service/ImagesEPG/EventImages/ca1__17d__ca117dd5-0480-4846-93e4-500eac242b95__B110613310.jpg"></icon><desc>La camionnette du facteur est coincée dans la boue et le courrier est coincé dans un arbre. / Madame le maire se transforme en grenouille.</desc><category>Kinderen, Animatie</category></programme><programme channel="lgi-be-prod-master:nickjrfr" start="20211227040000 +0000" stop="20211227041500 +0000" catchup-id="crid:~~2F~~2Ftelenet.be~~2F97ff08e6-fc77-49e4-ab96-8015398b9b17-fre,imi:c37f77f1dea244a7dc51f47d6a5d681a23115acc"><title>PAW Patrol</title><date></date><icon src="https://staticqbr-be-prod.tnprod.cdn.dmdsdp.com/image-service/ImagesEPG/EventImages/ca1__17d__ca117dd5-0480-4846-93e4-500eac242b95__B110613310.jpg"></icon><desc>Katie gagne un duo avec Luke Stars, son idole. Lorsque le jeune homme arrive près de la Grande Vallée, un raton laveur lui vole son chapeau porte-bonheur. // La Pat' Patrouille va l'aider à le retrouver.</desc><category>Kinderen, Animatie</category></programme><programme channel="lgi-be-prod-master:nickjrfr" start="20211227041500 +0000" stop="20211227043500 +0000" catchup-id="crid:~~2F~~2Ftelenet.be~~2F15cb3605-72f5-4198-b252-5c37bbce59c3-fre,imi:775d2a3e869fe9e011f58ba08701d9a61723b947"><title>PAW Patrol</title><date></date><icon src="https://staticqbr-be-prod.tnprod.cdn.dmdsdp.com/image-service/ImagesEPG/EventImages/ca1__17d__ca117dd5-0480-4846-93e4-500eac242b95__B110613310.jpg"></icon><desc>Monsieur Hellinger boit l'eau d'une noix de coco dorée et se transforme en bébé. // La Pat' Patrouille et Tracker doivent trouver une autre noix de coco dorée pour lui rendre sa taille adulte.</desc><category>Kinderen, Animatie</category></programme><programme channel="lgi-be-prod-master:nickjrfr" start="20211227043500 +0000" stop="20211227050000 +0000" catchup-id="crid:~~2F~~2Ftelenet.be~~2F892a5f71-ab22-4e24-b058-045fcf6da369-fre,imi:91a01da9fcf518a890535aeedaf9e7364616f789"><title>Paw Patrol</title><date></date><icon src="https://staticqbr-be-prod.tnprod.cdn.dmdsdp.com/image-service/ImagesEPG/EventImages/ca1__17d__ca117dd5-0480-4846-93e4-500eac242b95__B110613310.jpg"></icon><desc>Monsieur Hellinger met en scène des situations d'urgence pour que ses chatons volent la vedette à la Pat' Patrouille. // Monsieur et madame Wingnut adoptent une autruche, mais celle-ci se perd.</desc><category>Kinderen, Animatie</category></programme><programme channel="lgi-be-prod-master:nickjrfr" start="20211227050000 +0000" stop="20211227052500 +0000" catchup-id="crid:~~2F~~2Ftelenet.be~~2F58f1b9a6-638e-4886-8d90-a02ac97f9b7c-fre,imi:098aef46ff479fc2315fbb6830b91e681fa6546e"><title>Dora The Explorer</title><date></date><icon src="https://staticqbr-be-prod.tnprod.cdn.dmdsdp.com/image-service/ImagesEPG/EventImages/99d__dd3__99ddd3be-70d4-49a1-beed-a70680615cab__B141095738.jpg"></icon><desc>La vigne arc-en-ciel du Pays des Contes de fées se dessèche, et sa magie va bientôt se tarir. Aide Dora et Babouche à la sauver en allant puiser de l'eau magique au centre du lac qui scintille.</desc><category>Animatie</category></programme><programme channel="lgi-be-prod-master:nickjrfr" start="20211227052500 +0000" stop="20211227053500 +0000" catchup-id="crid:~~2F~~2Ftelenet.be~~2F71caab58-06c4-4a93-8a38-eafee27fc310-fre,imi:23b3807acc777b66a2f8b95b09df39854f5c946c"><title>Alvin en de Chipmunks</title><date></date><icon src="https://staticqbr-be-prod.tnprod.cdn.dmdsdp.com/image-service/ImagesEPG/EventImages/608__4a5__6084a584-404c-4505-8eb6-121ac120dc36__B77450996.jpg"></icon><desc>Amerikaans-Franse animatieserie</desc><category>Animatie</category></programme><programme channel="lgi-be-prod-master:nickjrfr" start="20211227053500 +0000" stop="20211227055500 +0000" catchup-id="crid:~~2F~~2Ftelenet.be~~2F4ab1f9d8-6b99-43f2-b8c7-b02bafb11b3d-fre,imi:172feb740fc1225bfbcd483b480959a74ed32292"><title>Alvin en de Chipmunks</title><date></date><icon src="https://staticqbr-be-prod.tnprod.cdn.dmdsdp.com/image-service/ImagesEPG/EventImages/608__4a5__6084a584-404c-4505-8eb6-121ac120dc36__B77450996.jpg"></icon><desc>Amerikaans-Franse animatieserie</desc><category>Animatie</category></programme><programme channel="lgi-be-prod-master:nickjrfr" start="20211227055500 +0000" stop="20211227060000 +0000" catchup-id="crid:~~2F~~2Ftelenet.be~~2F6e93ad94-cdf3-497d-8887-484ca78f4135-fre,imi:acd2dc578bba4f0d5f3a1c5110efedf925c3028c"><title>Peppa Pig</title><date></date><icon src="https://staticqbr-be-prod.tnprod.cdn.dmdsdp.com/image-service/ImagesEPG/EventImages/f1d__6a7__f1d6a7da-2495-4503-aa7c-a7855312c4fb__B141095718.jpg"></icon><desc>Peppa et Suzy sont les meilleures amies du monde jusqu'au jour où elles se disputent lors d'une partie de cartes.</desc><category>Kinderen, Animatie</category></programme><programme channel="lgi-be-prod-master:nickjrfr" start="20211227060000 +0000" stop="20211227060500 +0000" catchup-id="crid:~~2F~~2Ftelenet.be~~2Fb58df0d7-85d8-4ae3-b0b9-392943e397a8-fre,imi:105b1ef99808abe038b5c9ce805e7927c5b7881a"><title>Peppa Pig</title><date></date><icon src="https://staticqbr-be-prod.tnprod.cdn.dmdsdp.com/image-service/ImagesEPG/EventImages/f1d__6a7__f1d6a7da-2495-4503-aa7c-a7855312c4fb__B141095718.jpg"></icon><desc>Le coffre à jouets de Peppa et George est plein et leurs lits sont couverts de peluches. Maman Cochon commande alors un nouveau coffre en kit.</desc><category>Kinderen, Animatie</category></programme><programme channel="lgi-be-prod-master:nickjrfr" start="20211227060500 +0000" stop="20211227061000 +0000" catchup-id="crid:~~2F~~2Ftelenet.be~~2Ff629601f-c83f-4da3-99d5-d8e749faa359-fre,imi:310bd3808b70b5649366c0d26f3de8b775bcc288"><title>Peppa Pig</title><date></date><icon src="https://staticqbr-be-prod.tnprod.cdn.dmdsdp.com/image-service/ImagesEPG/EventImages/f1d__6a7__f1d6a7da-2495-4503-aa7c-a7855312c4fb__B141095718.jpg"></icon><desc>Peppa et ses amis partent en camping avec madame Gazelle, leur professeur. Après avoir installé les tentes et ramassé du bois, ils chantent autour d'un feu de bois.</desc><category>Kinderen, Animatie</category></programme><programme channel="lgi-be-prod-master:nickjrfr" start="20211227061000 +0000" stop="20211227061500 +0000" catchup-id="crid:~~2F~~2Ftelenet.be~~2F14acc8e6-497b-4c68-b372-6e8068a3a957-fre,imi:d5fc6ab74f844a7a24a77b51fde273b1f32d046f"><title>Peppa Pig</title><date></date><icon src="https://staticqbr-be-prod.tnprod.cdn.dmdsdp.com/image-service/ImagesEPG/EventImages/f1d__6a7__f1d6a7da-2495-4503-aa7c-a7855312c4fb__B141095718.jpg"></icon><desc>Peppa et sa famille empruntent le bateau de Papy Cochon pour une balade sur la rivière. Tout va pour le mieux jusqu'à ce que l'embarcation s'empêtre dans les roseaux.</desc><category>Kinderen, Animatie</category></programme><programme channel="lgi-be-prod-master:nickjrfr" start="20211227061500 +0000" stop="20211227062500 +0000" catchup-id="crid:~~2F~~2Ftelenet.be~~2F27da4f3c-2c90-4303-949a-809742f18764-fre,imi:292d1c26ba091be279c79d8349d5548c395b1e39"><title>Peppa Pig</title><date></date><icon src="https://staticqbr-be-prod.tnprod.cdn.dmdsdp.com/image-service/ImagesEPG/EventImages/f1d__6a7__f1d6a7da-2495-4503-aa7c-a7855312c4fb__B141095718.jpg"></icon><desc>Peppa et sa famille sont à la maison lorsque survient une panne d'électricité.</desc><category>Kinderen, Animatie</category></programme><programme channel="lgi-be-prod-master:nickjrfr" start="20211227062500 +0000" stop="20211227065000 +0000" catchup-id="crid:~~2F~~2Ftelenet.be~~2Ff426eb22-29a7-4a9e-b9d3-294a435754cd-fre,imi:102e00ff98053676f01838641db2707fbf443921"><title>Paw Patrol</title><date></date><icon src="https://staticqbr-be-prod.tnprod.cdn.dmdsdp.com/image-service/ImagesEPG/EventImages/ca1__17d__ca117dd5-0480-4846-93e4-500eac242b95__B110613310.jpg"></icon><desc>Le traditionnel spectacle de fin d'année se complique: pas de neige et les vedettes invitées, une troupe de pingouins farfelus disparait avec les chatons de monsieur Hellinger juste avant le show.</desc><category>Kinderen, Animatie</category></programme><programme channel="lgi-be-prod-master:nickjrfr" start="20211227065000 +0000" stop="20211227072000 +0000" catchup-id="crid:~~2F~~2Ftelenet.be~~2F4d36a672-54fe-4f3d-9c2b-d5cacdc4e418-fre,imi:79945d35e7b5e5d93e36630cf3ca226041d1957d"><title>Paw Patrol</title><date></date><icon src="https://staticqbr-be-prod.tnprod.cdn.dmdsdp.com/image-service/ImagesEPG/EventImages/ca1__17d__ca117dd5-0480-4846-93e4-500eac242b95__B110613310.jpg"></icon><desc>A la recherche du fameux macaque albinos, le capitaine Turbot et François crashent leur deltaplane sur une île déserte. // Mme Goodway se retrouve aux commandes de l'avion d'Astrid quand il tombe en panne.</desc><category>Kinderen, Animatie</category></programme><programme channel="lgi-be-prod-master:nickjrfr" start="20211227072000 +0000" stop="20211227075000 +0000" catchup-id="crid:~~2F~~2Ftelenet.be~~2Fbf247a07-dddb-4200-a15f-a018213c2c57-fre,imi:b31c8f7fd92f8e592818dfd72e1f5097aec7eacc"><title>Blaze and the Monster Machines</title><date></date><icon src="https://staticqbr-be-prod.tnprod.cdn.dmdsdp.com/image-service/ImagesEPG/EventImages/cff__885__cff88503-13be-4742-9341-aa812976a4f2__B117572802.jpg"></icon><desc>Lors de la deuxième course de Monster Machines par équipes, Blaze et Crusher se retrouvent dans la même équipe. Blaze passe la course à essayer de convaincre Crusher de ne pas avoir recours à ses techniques de triche habituelles et de gagner...</desc><category>Kinderen, Animatie</category></programme><programme channel="lgi-be-prod-master:nickjrfr" start="20211227075000 +0000" stop="20211227082000 +0000" catchup-id="crid:~~2F~~2Ftelenet.be~~2F326103cd-5c64-479e-aa20-d79d6c25be6d-fre,imi:c9fee3e8517fa845766758febb9ac5f362186821"><title>Blaze and the Monster Machines</title><date></date><icon src="https://staticqbr-be-prod.tnprod.cdn.dmdsdp.com/image-service/ImagesEPG/EventImages/cff__885__cff88503-13be-4742-9341-aa812976a4f2__B117572802.jpg"></icon><desc>Afin de remporter la grande course, Crusher met A.J. et Gabby dans une bulle et les éloigne de Blaze et Watts. Ces derniers vont alors tout faire pour délivrer leurs pilotes avant le départ.</desc><category>Kinderen, Animatie</category></programme><programme channel="lgi-be-prod-master:nickjrfr" start="20211227082000 +0000" stop="20211227082500 +0000" catchup-id="crid:~~2F~~2Ftelenet.be~~2F71acbcde-e4fe-4b19-ab22-15d00ab97455-fre,imi:e63868ad3994cccaac0a42a287795db3491fad0a"><title>Peppa Pig</title><date></date><icon src="https://staticqbr-be-prod.tnprod.cdn.dmdsdp.com/image-service/ImagesEPG/EventImages/f1d__6a7__f1d6a7da-2495-4503-aa7c-a7855312c4fb__B141095718.jpg"></icon><desc>Peppa et George jouent dans le jardin avec leur balle rebondissante. Suzy le mouton arrive alors avec deux raquettes de tennis.</desc><category>Kinderen, Animatie</category></programme><programme channel="lgi-be-prod-master:nickjrfr" start="20211227082500 +0000" stop="20211227083000 +0000" catchup-id="crid:~~2F~~2Ftelenet.be~~2Ffae7e83d-af52-4c65-8809-3b6cbba1e2d5-fre,imi:6ff039f60d93fc81d4381cfd36394d81533fac48"><title>Peppa Pig</title><date></date><icon src="https://staticqbr-be-prod.tnprod.cdn.dmdsdp.com/image-service/ImagesEPG/EventImages/f1d__6a7__f1d6a7da-2495-4503-aa7c-a7855312c4fb__B141095718.jpg"></icon><desc>Il fait nuit et le ciel est rempli d'étoiles. Maman Pig et Papa Pig font enfiler à Peppa et George leur manteau par-dessus leur pyjama et sortent avec eux pour les observer.</desc><category>Kinderen, Animatie</category></programme><programme channel="lgi-be-prod-master:nickjrfr" start="20211227083000 +0000" stop="20211227083500 +0000" catchup-id="crid:~~2F~~2Ftelenet.be~~2F8b45b96e-c1de-49d7-b4cd-ebddad2b4e0d-fre,imi:b6e60a3d1f4efbf94ce052af7f9017b8a594c7b7"><title>Peppa Pig</title><date></date><icon src="https://staticqbr-be-prod.tnprod.cdn.dmdsdp.com/image-service/ImagesEPG/EventImages/f1d__6a7__f1d6a7da-2495-4503-aa7c-a7855312c4fb__B141095718.jpg"></icon><desc>C'est l'anniversaire de Papa Pig aujourd'hui, mais il doit aller travailler. En son absence, Maman Pig, Peppa et George lui préparent une surprise.</desc><category>Kinderen, Animatie</category></programme><programme channel="lgi-be-prod-master:nickjrfr" start="20211227083500 +0000" stop="20211227084000 +0000" catchup-id="crid:~~2F~~2Ftelenet.be~~2F7e8d7342-882c-4600-9f1a-55b8417f8400-fre,imi:f486cede4e8754f349047d9d9e629f316e632292"><title>Peppa Pig</title><date></date><icon src="https://staticqbr-be-prod.tnprod.cdn.dmdsdp.com/image-service/ImagesEPG/EventImages/f1d__6a7__f1d6a7da-2495-4503-aa7c-a7855312c4fb__B141095718.jpg"></icon><desc>Peppa participe à une soirée pyjama chez Zoe Zebra avec Suzy, Rebecca Rabbit et Emilie Eléphant. Les petites sont surexcitées à cette perspective.</desc><category>Kinderen, Animatie</category></programme><programme channel="lgi-be-prod-master:nickjrfr" start="20211227084000 +0000" stop="20211227084500 +0000" catchup-id="crid:~~2F~~2Ftelenet.be~~2F0dc67607-b52d-47dd-8eb9-6cc008a8030d-fre,imi:8e740ec577fd5e8becd91481a37cc9384f725580"><title>Peppa Pig</title><date></date><icon src="https://staticqbr-be-prod.tnprod.cdn.dmdsdp.com/image-service/ImagesEPG/EventImages/f1d__6a7__f1d6a7da-2495-4503-aa7c-a7855312c4fb__B141095718.jpg"></icon><desc>Il fait très froid en cette journée d'hiver mais Peppa et George ont décidé d'aller jouer au parc.</desc><category>Kinderen, Animatie</category></programme><programme channel="lgi-be-prod-master:nickjrfr" start="20211227084500 +0000" stop="20211227085000 +0000" catchup-id="crid:~~2F~~2Ftelenet.be~~2F04ea8f8b-a066-49e4-b0f4-d75bbd6bc746-fre,imi:c1110ba2474159521c8f87e67ae3dd0bf307e56a"><title>Peppa Pig</title><date></date><icon src="https://staticqbr-be-prod.tnprod.cdn.dmdsdp.com/image-service/ImagesEPG/EventImages/f1d__6a7__f1d6a7da-2495-4503-aa7c-a7855312c4fb__B141095718.jpg"></icon><desc>Peppa et Suzy comprennent que les adultes doivent travailler toute la journée. Elles font alors semblant de travailler dans une boutique à la garderie et trouvent cette tâche épuisante.</desc><category>Kinderen, Animatie</category></programme><programme channel="lgi-be-prod-master:nickjrfr" start="20211227085000 +0000" stop="20211227085500 +0000" catchup-id="crid:~~2F~~2Ftelenet.be~~2F437c9712-f84b-4650-9ae8-7653f202241b-fre,imi:7556b152f7eb726a1943c74e1980a59a7761240d"><title>Peppa Pig</title><date></date><icon src="https://staticqbr-be-prod.tnprod.cdn.dmdsdp.com/image-service/ImagesEPG/EventImages/f1d__6a7__f1d6a7da-2495-4503-aa7c-a7855312c4fb__B141095718.jpg"></icon><desc>Lors d'une balade, Peppa et sa famille admirent les couleurs d'un arc-en-ciel.</desc><category>Kinderen, Animatie</category></programme><programme channel="lgi-be-prod-master:nickjrfr" start="20211227085500 +0000" stop="20211227090500 +0000" catchup-id="crid:~~2F~~2Ftelenet.be~~2F870840c9-cff0-4558-a331-3d97dc655bba-fre,imi:b85a45996809b4c885a83cee5e6414af9b01f35a"><title>Peppa Pig</title><date></date><icon src="https://staticqbr-be-prod.tnprod.cdn.dmdsdp.com/image-service/ImagesEPG/EventImages/f1d__6a7__f1d6a7da-2495-4503-aa7c-a7855312c4fb__B141095718.jpg"></icon><desc>Pedro tousse et les enfants de la garderie ne tardent pas à être contaminés. Le docteur Brownbear leur donne un sirop au goût désagréable.</desc><category>Kinderen, Animatie</category></programme><programme channel="lgi-be-prod-master:nickjrfr" start="20211227090500 +0000" stop="20211227091500 +0000" catchup-id="crid:~~2F~~2Ftelenet.be~~2Fe18e9c60-d3ed-446b-b6ee-7c342aeda69c-fre,imi:5ccd97a310dbbd110806ba0db64a7293360550cf"><title>Peppa Pig</title><date></date><icon src="https://staticqbr-be-prod.tnprod.cdn.dmdsdp.com/image-service/ImagesEPG/EventImages/f1d__6a7__f1d6a7da-2495-4503-aa7c-a7855312c4fb__B141095718.jpg"></icon><desc>Papa Pig a laissé passer la date de retour d'un livre emprunté à la bibliothèque. Toute la famille s'y rend et chacun trouve des albums, romans ou BD à son goût.</desc><category>Kinderen, Animatie</category></programme><programme channel="lgi-be-prod-master:nickjrfr" start="20211227091500 +0000" stop="20211227092000 +0000" catchup-id="crid:~~2F~~2Ftelenet.be~~2Fbaee1498-6142-4abf-9a08-f0793ed913cd-fre,imi:d62102f84c16f8b8bf67780546d3d2f763a07ee5"><title>La Famille Chat</title><date></date><icon src="https://staticqbr-be-prod.tnprod.cdn.dmdsdp.com/image-service/ImagesEPG/EventImages/97d__998__97d998b9-e944-4b94-a520-7b549ff9eb6a__B123472245.jpg"></icon><desc>Mamie encourage les chatons à faire ses exercices matinaux avec elle mais ils pensent qu'ils n'en n'ont pas besoin jusqu'à ce qu'ils voient l'agilité de leur grand-mère.</desc><category>Kinderen, Animatie</category></programme><programme channel="lgi-be-prod-master:nickjrfr" start="20211227092000 +0000" stop="20211227092500 +0000" catchup-id="crid:~~2F~~2Ftelenet.be~~2Fc698cb53-bfe1-4ab3-a79d-f58a52c0de5b-fre,imi:b8435ab9ed19af0afdb0d24e6b0973cd28cf58fd"><title>La Famille Chat</title><date></date><icon src="https://staticqbr-be-prod.tnprod.cdn.dmdsdp.com/image-service/ImagesEPG/EventImages/97d__998__97d998b9-e944-4b94-a520-7b549ff9eb6a__B123472245.jpg"></icon><desc>Papa et les chatons vont au supermarché pour remplacer une vieille bouilloire, mais ils achètent tout un tas de choses dont ils n'ont pas besoin. Maman trouve une solution pour faire le thé.</desc><category>Kinderen, Animatie</category></programme><programme channel="lgi-be-prod-master:nickjrfr" start="20211227092500 +0000" stop="20211227093000 +0000" catchup-id="crid:~~2F~~2Ftelenet.be~~2F1e2fd270-26f2-4bff-badc-b3b0cd21b88e-fre,imi:7d76486a4bc11f3f150d27797256d3a338b830a8"><title>La Famille Chat</title><date></date><icon src="https://staticqbr-be-prod.tnprod.cdn.dmdsdp.com/image-service/ImagesEPG/EventImages/97d__998__97d998b9-e944-4b94-a520-7b549ff9eb6a__B123472245.jpg"></icon><desc>Les chatons jouent avec le nouveau drone de papa et le coincent dans la cheminée. Il parvient à le récupérer intact. Les chatons réalisent qu'il faut beaucoup d'entraînement pour s'en servir.</desc><category>Kinderen, Animatie</category></programme><programme channel="lgi-be-prod-master:nickjrfr" start="20211227093000 +0000" stop="20211227094500 +0000" catchup-id="crid:~~2F~~2Ftelenet.be~~2Fde457346-d995-41b1-9b5a-f0f58f27a8a9-fre,imi:3efb580f6396abfdd502201295ef2954625fc9cd"><title>La Famille Chat</title><date></date><icon src="https://staticqbr-be-prod.tnprod.cdn.dmdsdp.com/image-service/ImagesEPG/EventImages/97d__998__97d998b9-e944-4b94-a520-7b549ff9eb6a__B123472245.jpg"></icon><desc>Papa achète un système connecté pour la maison. Lui et les chatons en sont ravis, mais quand le système subit un dysfonctionnement, ils le renvoient et font le ménage eux-mêmes.</desc><category>Kinderen, Animatie</category></programme><programme channel="lgi-be-prod-master:nickjrfr" start="20211227094500 +0000" stop="20211227095500 +0000" catchup-id="crid:~~2F~~2Ftelenet.be~~2F1fbb8159-da73-4968-8044-61211a96b9d0-fre,imi:2052bab05c792ace02d1bce886d9c34a561e5304"><title>Ricky Zoom</title><date></date><icon src="https://staticqbr-be-prod.tnprod.cdn.dmdsdp.com/image-service/ImagesEPG/EventImages/513__de2__513de25d-1ef4-4ff1-bc9f-c7c25e841fdc__B165499572.jpg"></icon><desc>Loop se laisse entraîner pour faire des blagues avec Troy et Ashley, mais réalise rapidement qu'ils vont trop loin.</desc><category>Dramaseries</category></programme><programme channel="lgi-be-prod-master:nickjrfr" start="20211227095500 +0000" stop="20211227101000 +0000" catchup-id="crid:~~2F~~2Ftelenet.be~~2Fe57ea985-2bc1-4eda-8f94-d0a7ca58efa0-fre,imi:3c436ab34e7f90414b3a8f7a1f32990baddd364d"><title>Ricky Zoom</title><date></date><icon src="https://staticqbr-be-prod.tnprod.cdn.dmdsdp.com/image-service/ImagesEPG/EventImages/513__de2__513de25d-1ef4-4ff1-bc9f-c7c25e841fdc__B165499572.jpg"></icon><desc>Ricky participe à une course de son école, avec Scootio, DJ et Loop comme équipe de ravitaillement. Mais lorsqu'Ashley et Troy prennent l'avantage pendant la course, en ne prennant pas de pauses, Ricky décide de ne pas en prendre non plus.</desc><category>Dramaseries</category></programme><programme channel="lgi-be-prod-master:nickjrfr" start="20211227101000 +0000" stop="20211227102000 +0000" catchup-id="crid:~~2F~~2Ftelenet.be~~2Fbafe6554-bd00-44a1-bda2-e6453bf0286e-fre,imi:a7d20c2baaf2da317e2bc064ab10a2d3e027ae59"><title>Ricky Zoom</title><date></date><icon src="https://staticqbr-be-prod.tnprod.cdn.dmdsdp.com/image-service/ImagesEPG/EventImages/513__de2__513de25d-1ef4-4ff1-bc9f-c7c25e841fdc__B165499572.jpg"></icon><desc>Ricky reçoit un nouvel appareil appelé la Zoomventouse, qui se verrouille sur sa roue avant et lui permet de rouler sur les murs. Troy ne peut pas résister à l'envie de l'essayer lui-même.</desc><category>Dramaseries</category></programme><programme channel="lgi-be-prod-master:nickjrfr" start="20211227102000 +0000" stop="20211227103500 +0000" catchup-id="crid:~~2F~~2Ftelenet.be~~2F7e56ee61-6e3d-4f5f-b66b-213bdf258faa-fre,imi:aebb93840db8ffd806dc8e838ce2194c516b7783"><title>Ricky Zoom</title><date></date><icon src="https://staticqbr-be-prod.tnprod.cdn.dmdsdp.com/image-service/ImagesEPG/EventImages/513__de2__513de25d-1ef4-4ff1-bc9f-c7c25e841fdc__B165499572.jpg"></icon><desc>Le parc Wheelford acceuille Sam Dacier et son spectacle de klaxons. Mais le klaxon de Sam ne fonctionne pas très bien, et il a besoin de l'aide de Ricky et de ses amis pour discrètement se rendre chez Maxwell pour le faire réparer.</desc><category>Dramaseries</category></programme><programme channel="lgi-be-prod-master:nickjrfr" start="20211227103500 +0000" stop="20211227110000 +0000" catchup-id="crid:~~2F~~2Ftelenet.be~~2Fb7221423-1bfa-43c9-b19e-71a62a1a4765-fre,imi:1ec51367001586550c03d4d6857db20dc4a576c5"><title>Paw Patrol</title><date></date><icon src="https://staticqbr-be-prod.tnprod.cdn.dmdsdp.com/image-service/ImagesEPG/EventImages/ca1__17d__ca117dd5-0480-4846-93e4-500eac242b95__B110613310.jpg"></icon><desc>Mme Goodway décide d'offrir une plante à Carlos. Transplantée dans la jungle, la plante devient gigantesque et avale Galinetta. // Ruben se sert d'un nouvel outil, un électro-aimant.</desc><category>Kinderen, Animatie</category></programme><programme channel="lgi-be-prod-master:nickjrfr" start="20211227110000 +0000" stop="20211227113000 +0000" catchup-id="crid:~~2F~~2Ftelenet.be~~2F9cd4ab71-c0c5-4a69-a051-e247049fbbc9-fre,imi:fb7abb890dab0b132c95d23dd279800b44f653d7"><title>Paw Patrol</title><date></date><icon src="https://staticqbr-be-prod.tnprod.cdn.dmdsdp.com/image-service/ImagesEPG/EventImages/ca1__17d__ca117dd5-0480-4846-93e4-500eac242b95__B110613310.jpg"></icon><desc>Le Capitaine Turbot a inventé un dirigeable météo qui peut prédire le temps qu'il fera. // C'est le concours du meilleur chili dans la Grande Vallée.</desc><category>Kinderen, Animatie</category></programme><programme channel="lgi-be-prod-master:nickjrfr" start="20211227113000 +0000" stop="20211227120000 +0000" catchup-id="crid:~~2F~~2Ftelenet.be~~2F812b2cb7-5a8f-4f3d-b017-bc50579d070e-fre,imi:0af5071e5f2da4eeba7f278ef4ef9ffe03767cd8"><title>PAW Patrol</title><date></date><icon src="https://staticqbr-be-prod.tnprod.cdn.dmdsdp.com/image-service/ImagesEPG/EventImages/ca1__17d__ca117dd5-0480-4846-93e4-500eac242b95__B110613310.jpg"></icon><desc>Jake et Everest apporte du poisson aux pingouins mais un bébé pingouin n'arrive pas à traverser le cours d'eau pour les rejoindre. // Katie prépare les chats de la Grande Vallée pour le grand spectacle des chats.</desc><category>Kinderen, Animatie</category></programme>