<programme channel="lgi-be-prod-master:rexrioinfo" start="20211227001500 +0000" stop="20211227021000 +0000" catchup-id="crid:~~2F~~2Ftelenet.be~~2F540d05c7-05a3-4ea5-9256-14ad977c99dc,imi:eaf676eb879f313a99a1f24048b21573585f6d2f"><title>Eredivisie</title><date></date><icon src="https://staticqbr-be-prod.tnprod.cdn.dmdsdp.com/image-service/ImagesEPG/EventImages/398__18c__39818cf1-8923-403c-8190-8fff2b4df513__B207889511.jpg"></icon><desc>Verslag van Ajax - Fortuna op speeldag 18 in de Eredivisie. Commentaar: Philippe Crols.</desc><category>Sport, Voetbal</category></programme><programme channel="lgi-be-prod-master:rexrioinfo" start="20211227021000 +0000" stop="20211227040500 +0000" catchup-id="crid:~~2F~~2Ftelenet.be~~2Fd51b0fb3-5f51-408b-92b2-e637625efd43,imi:6758430973bf1c3ad78e01943e940700391d46d5"><title>Eredivisie</title><date></date><icon src="https://staticqbr-be-prod.tnprod.cdn.dmdsdp.com/image-service/ImagesEPG/EventImages/398__18c__39818cf1-8923-403c-8190-8fff2b4df513__B207889511.jpg"></icon><desc>Verslag van RKC - PSV op speeldag 18 in de Eredivisie. Commentaar: Jelle Tack.</desc><category>Sport, Voetbal</category></programme><programme channel="lgi-be-prod-master:rexrioinfo" start="20211227040500 +0000" stop="20211227055000 +0000" catchup-id="crid:~~2F~~2Ftelenet.be~~2F793eacd0-cd85-463c-ad94-81d2457a8813,imi:9844eb464df0a3e0d4f4aa7976754ee2ba166bd0"><title>Liverpool - Aston Villa</title><date></date><icon src=""></icon><desc>Verslag van Liverpool - Aston Villa op speeldag 16 in de Premier League. Commentaar: Filip Joos.</desc><category>Sport, Voetbal</category></programme><programme channel="lgi-be-prod-master:rexrioinfo" start="20211227055000 +0000" stop="20211228050000 +0000" catchup-id="crid:~~2F~~2Ftelenet.be~~2F59576456-3322-48ff-8099-e154cc7ea176,imi:7e6dbbd839708e57027fd23f3171b2fd7a9c5e26"><title>Geen programmagegevens beschikbaar</title><date></date><icon src=""></icon><desc>Geen programmagegevens beschikbaar.</desc><category>Overig</category></programme>