<programme channel="lgi-be-prod-master:acht" start="20211226232000 +0000" stop="20211227104500 +0000" catchup-id="crid:~~2F~~2Ftelenet.be~~2F35f4b59c-d256-4bf6-b3a5-bbcc602cd8d5,imi:f3287ad0817e894f7cde58937340beef86496188"><title>Geen Uitzending</title><date></date><icon src="https://staticqbr-be-prod.tnprod.cdn.dmdsdp.com/image-service/ImagesEPG/EventImages/163__5cc__1635cc4c-877f-490d-aab1-12968b6193d4__B175566831.jpg"></icon><desc>Geen uitzending.</desc><category>Overig</category></programme><programme channel="lgi-be-prod-master:acht" start="20211227104500 +0000" stop="20211227114000 +0000" catchup-id="crid:~~2F~~2Ftelenet.be~~2Ffb012fc3-f5df-4ead-b876-2e89843b5e50,imi:aeb86a0833bcaed383d3d470c7583d7527d92170"><title>Relic Hunter</title><date></date><icon src="https://staticqbr-be-prod.tnprod.cdn.dmdsdp.com/image-service/ImagesEPG/EventImages/48c__fc8__48cfc871-49f6-429e-ac0d-8f33283ba7d4__B133054271.jpg"></icon><desc>Sydney en een rivaliserende jager zijn een kunstvoorwerp met een explosief karakter op het spoor wanneer een Chinese krijgsheer zich tegen hen keert.</desc><category>Dramaseries, Actie</category></programme><programme channel="lgi-be-prod-master:acht" start="20211227114000 +0000" stop="20211227123500 +0000" catchup-id="crid:~~2F~~2Ftelenet.be~~2Fe004068a-22cf-4075-a328-215950c3818d,imi:249748f4fefdd4a6934632bebefdb07e7477143e"><title>Relic Hunter</title><date></date><icon src="https://staticqbr-be-prod.tnprod.cdn.dmdsdp.com/image-service/ImagesEPG/EventImages/48c__fc8__48cfc871-49f6-429e-ac0d-8f33283ba7d4__B133054271.jpg"></icon><desc>Nadat ze net op het nippertje kunnen ontsnappen aan Chinese huurlingen, lopen Sydney en Nigel recht in de armen van Gray Davidson, een oude vlam van Sydney. Er hangt spanning in de lucht als de vroegere minnaars met elkaar aan de praat raken. Het tweetal besluit om samen op vakantie te gaan naar Bali op voorwaarde dat Sydney haar werk niet meeneemt.</desc><category>Dramaseries, Actie</category></programme>