<programme channel="lgi-be-prod-master:zdf" start="20211226230000 +0000" stop="20211227003000 +0000" catchup-id="crid:~~2F~~2Ftelenet.be~~2F7ba2882a-9ed8-4ba3-9038-1fb565ea2ef5-deu,imi:9400edb76659591876a4f0c4f43763e97bad96e4"><title>The Two Faces of January</title><date>2014</date><icon src="https://staticqbr-be-prod.tnprod.cdn.dmdsdp.com/image-service/ImagesEPG/EventImages/c04__8cd__c048cd4f-8970-4429-85c0-a5bc9ee55a0e__B116735503.jpg"></icon><desc>Het stijlvolle Amerikaanse koppel Chester en Colette MacFarland vertoeft in 1962 in Athene waar ze tijdens een uitstapje naar de Akropolis de jonge Grieks sprekende Amerikaan Rydal tegenkomen. Hij werkt als gids en probeert tegelijkertijd toeristen op te lichten. Als het echtpaar hem voor een diner uitnodigt in hun exclusieve hotel, wordt hij ingezet om te helpen het lichaam van een schijnbaar bewusteloze man te verplaatsen. Rydal raakt hiermee ongewild verstrikt in het grimmige web van het duo en probeert hieruit te geraken. Maar dat wordt bemoeilijkt door de liefde die hij voelt voor Colette.</desc><category>Film, Actie</category></programme><programme channel="lgi-be-prod-master:zdf" start="20211227003000 +0000" stop="20211227020000 +0000" catchup-id="crid:~~2F~~2Ftelenet.be~~2Fa6cb704b-9303-45c5-b1b5-5bdfaef6d6bc-deu,imi:50d43a1ce5ba2aaaa19181c27d32072682c82ddd"><title>Birkebeinerne</title><date>2016</date><icon src="https://staticqbr-be-prod.tnprod.cdn.dmdsdp.com/image-service/ImagesEPG/EventImages/2a4__006__2a400678-cdfb-4918-b949-307ffaa44145__B137087333.jpg"></icon><desc>Noorwegen, 1206. Temidden van een vreselijke burgeroorlog, die al ontelbare mensenlevens heeft geëist, proberen twee moedige krijgers het bloedvergieten te beëindigen. De toekomst van het land ligt in de handen van 'Birkebeiners' Skjervald en Torstein: zij moeten de buitenechtelijke zoon en rechtmatige erfgenaam van koning Håkon Håkonsson beschermen. De koning werd vergiftigd en de strijd om de opvolging woedt volop.</desc><category>Film, Drama</category></programme><programme channel="lgi-be-prod-master:zdf" start="20211227020000 +0000" stop="20211227033500 +0000" catchup-id="crid:~~2F~~2Ftelenet.be~~2F87b96503-daeb-49db-950b-dbd4cbdae374-deu,imi:732f72df68cc450431cfacb35a20aca351bbb735"><title>Traqués</title><date>2017</date><icon src="https://staticqbr-be-prod.tnprod.cdn.dmdsdp.com/image-service/ImagesEPG/EventImages/556__aa7__556aa75c-4b9a-452e-a3ba-cc7593af0d30__B175536842.jpg"></icon><desc>Sarah leidt een eentonig leven, tot ze op een dag de elfjarige Léo in de kofferbak van haar auto aantreft. De jongen is zijn vader verloren tijdens een schietpartij in een parkeergarage. Net voor zijn dood lukte het de vader nog net om Léo is een vreemde auto te verstoppen zodat hij het incident zou overleven. Voor Sarah zich realiseert wat ze zich op de hals heeft gehaald, staat er een moordenaar voor haar deur.</desc><category>Dramaseries</category></programme><programme channel="lgi-be-prod-master:zdf" start="20211227033500 +0000" stop="20211227034500 +0000" catchup-id="crid:~~2F~~2Ftelenet.be~~2F8be9f8eb-0b02-4355-8504-0778a3bfffd3-deu,imi:2725f55c34b9423ba9e64f3c9669eaee21856304"><title>Zdf.formstark</title><date></date><icon src="https://staticqbr-be-prod.tnprod.cdn.dmdsdp.com/image-service/ImagesEPG/EventImages/81c__716__81c716ca-c023-4939-be7f-68abb33a4625__B110058250.jpg"></icon><desc>Documentairemagazine</desc><category>Documentaire, Oude culturen</category></programme><programme channel="lgi-be-prod-master:zdf" start="20211227034500 +0000" stop="20211227043000 +0000" catchup-id="crid:~~2F~~2Ftelenet.be~~2Fa7698e51-f217-4df2-a1dd-c33a787dbed6-deu,imi:3ae07dc0563d60b39412f146add106394048e5f4"><title>Das Traumschiff - Spezial</title><date></date><icon src="https://staticqbr-be-prod.tnprod.cdn.dmdsdp.com/image-service/ImagesEPG/EventImages/ee8__039__ee80391b-44e7-4a23-aab1-9cb7c47cbc7b__B162893385.jpg"></icon><desc>Een kijkje achter de schermen van de meest recente aflevering van 'Das Traumschiff', een van de meest populaire series op de Duitse televisie.</desc><category>Documentaire, Oude culturen</category></programme><programme channel="lgi-be-prod-master:zdf" start="20211227043000 +0000" stop="20211227080000 +0000" catchup-id="crid:~~2F~~2Ftelenet.be~~2Fa56001a7-9b42-4573-b83b-098f49b3ffe8-deu,imi:6930b13cb836e24fe5f45b279b4fed3af12c650e"><title>ZDF-Morgenmagazin</title><date></date><icon src="https://staticqbr-be-prod.tnprod.cdn.dmdsdp.com/image-service/ImagesEPG/EventImages/51e__8b8__51e8b8d3-8e34-46c0-adf8-cd123dbc5e0b__B108618534.jpg"></icon><desc>Ochtendmagazine</desc><category>Nieuws, Actualiteitenprogramma's</category></programme><programme channel="lgi-be-prod-master:zdf" start="20211227080000 +0000" stop="20211227080500 +0000" catchup-id="crid:~~2F~~2Ftelenet.be~~2F36b533d6-c749-4743-8898-29609540ed9f-deu,imi:aad190b856ef77aadaaf73fcfbb25c8115f497fa"><title>Heute Xpress</title><date></date><icon src="https://staticqbr-be-prod.tnprod.cdn.dmdsdp.com/image-service/ImagesEPG/EventImages/63e__31f__63e31f49-b03f-4225-ae3b-5d89d1f27ad8__B106695622.jpg"></icon><desc>Nieuwsuitzending.</desc><category>Actualiteit</category></programme><programme channel="lgi-be-prod-master:zdf" start="20211227080500 +0000" stop="20211227093000 +0000" catchup-id="crid:~~2F~~2Ftelenet.be~~2Fdec40719-9731-4b37-8111-ab7f3b03ad2e-deu,imi:5d6bb25519fa052275835d7e1890185d1f8e48b3"><title>Volle Kanne - Service täglich</title><date></date><icon src="https://staticqbr-be-prod.tnprod.cdn.dmdsdp.com/image-service/ImagesEPG/EventImages/e0c__859__e0c859e2-5b6c-4185-9491-004c0c9495f4__B49039374.jpg"></icon><desc>Consumentenmagazine.</desc><category>Nieuws, Actualiteitenprogramma's</category></programme><programme channel="lgi-be-prod-master:zdf" start="20211227093000 +0000" stop="20211227101500 +0000" catchup-id="crid:~~2F~~2Ftelenet.be~~2Fdc7d2cab-c7f5-4423-a13f-93de67b8be8e-deu,imi:b24154972aea553c4d81b480b04f1049494ad6a1"><title>Notruf Hafenkante</title><date></date><icon src="https://staticqbr-be-prod.tnprod.cdn.dmdsdp.com/image-service/ImagesEPG/EventImages/803__243__80324308-5586-4ec8-a2f5-d3c5488dc876__B105676701.jpg"></icon><desc>De 39-jarige hitproducent Jörg Willes wordt levensgevaarlijk verwond in zijn studio gevonden door de jonge zangeres Stella Jessen. Henning en Franzi doen onderzoek en tasten lang in het duister. Maar ze komen steeds meer te weten over miljonair Willes.</desc><category>Dramaseries, Actie</category></programme><programme channel="lgi-be-prod-master:zdf" start="20211227101500 +0000" stop="20211227110000 +0000" catchup-id="crid:~~2F~~2Ftelenet.be~~2F913af8f1-41ef-4281-b5f8-562ac63adb9c-deu,imi:2285d5f888b082e1385d02529afba1dd64c1280b"><title>SOKO Wismar</title><date></date><icon src="https://staticqbr-be-prod.tnprod.cdn.dmdsdp.com/image-service/ImagesEPG/EventImages/309__9eb__3099eb38-9c22-4133-b32a-4b517b0dc749__B49475702.jpg"></icon><desc>Ella Fürnberg maakt zich zorgen om haar ex-vriend die hun dochter niet heeft afgehaald. Haar zorgen zijn terecht: Thomas Metzeler ligt verstikt tussen zijn slangen, al blijken die laatsten niet de daders.</desc><category>Dramaseries, Actie</category></programme><programme channel="lgi-be-prod-master:zdf" start="20211227110000 +0000" stop="20211227111000 +0000" catchup-id="crid:~~2F~~2Ftelenet.be~~2F239db88d-ff4d-44dd-a794-6addfb575010-deu,imi:9560a218a0f54918a4c221717ecc46087392e65f"><title>Heute</title><date></date><icon src="https://staticqbr-be-prod.tnprod.cdn.dmdsdp.com/image-service/ImagesEPG/EventImages/a21__f34__a21f34dc-72f1-4fbb-a994-beb81b323dd6__B106695158.jpg"></icon><desc>Nieuwsuitzending.</desc><category>Actualiteit</category></programme><programme channel="lgi-be-prod-master:zdf" start="20211227111000 +0000" stop="20211227120000 +0000" catchup-id="crid:~~2F~~2Ftelenet.be~~2F56bb5fef-7a30-45ff-a7a5-33e76c246d42-deu,imi:7d077f264fbbe0a78991330aabe33ee29f7499eb"><title>Drehscheibe</title><date></date><icon src="https://staticqbr-be-prod.tnprod.cdn.dmdsdp.com/image-service/ImagesEPG/EventImages/bf6__37d__bf637df1-2d0e-4652-8131-26c5935fc079__B49071634.jpg"></icon><desc>Boulevardmagazine</desc><category>Nieuws, Actualiteitenprogramma's</category></programme>