<programme channel="lgi-be-prod-master:nickelodeon" start="20211226231500 +0000" stop="20211226233500 +0000" catchup-id="crid:~~2F~~2Ftelenet.be~~2Fd91e23f7-017e-4ebb-9706-6bfbc12e5dc6,imi:92b29bccd49cae41038742700379a1f3187fc093"><title>Big Time Rush</title><date></date><icon src="https://staticqbr-be-prod.tnprod.cdn.dmdsdp.com/image-service/ImagesEPG/EventImages/fd2__e74__fd2e7477-ab11-4d93-9a18-e002e9716374__B153147947.jpg"></icon><desc>De jongens verhuizen door een grote ruzie. James kraakt een gaaf appartement van een gepensioneerde, Logan vindt een stek aan het water, Carlos bouwt een huis van karton en het is aan Kendall om dingen op te knappen.</desc><category>Kinderen, Entertainment</category></programme><programme channel="lgi-be-prod-master:nickelodeon" start="20211226233500 +0000" stop="20211227000000 +0000" catchup-id="crid:~~2F~~2Ftelenet.be~~2Ffe9617d4-b764-45c5-b144-8d0b6a62fc02,imi:ec88145c339d02541d3d5a6e9a1dc46b7c7ea15b"><title>Big Time Rush</title><date></date><icon src="https://staticqbr-be-prod.tnprod.cdn.dmdsdp.com/image-service/ImagesEPG/EventImages/fd2__e74__fd2e7477-ab11-4d93-9a18-e002e9716374__B153147947.jpg"></icon><desc>Aan de vooravond van de release van hun tweede album, worden de jongens geïnterviewd door het programma Backstage Access. Ze blikken terug op de eerste jaren van de band.</desc><category>Kinderen, Entertainment</category></programme><programme channel="lgi-be-prod-master:nickelodeon" start="20211227000000 +0000" stop="20211227002000 +0000" catchup-id="crid:~~2F~~2Ftelenet.be~~2F2c233bd2-2bd5-461f-9d44-e2c48b0dd5fc,imi:4509cc881c08a6bac44c31055cd259c296f937f5"><title>Sam &amp; Cat</title><date></date><icon src="https://staticqbr-be-prod.tnprod.cdn.dmdsdp.com/image-service/ImagesEPG/EventImages/8a5__4c9__8a54c9c1-64a7-43c0-9a41-9582a6883e66__B158579822.jpg"></icon><desc>Als hun favoriete frisdrank verboden is geworden, maken Sam en Cat een eigen versie in hun appartement. Wanneer ze de frisdrank ook gaan verkopen, wordt er aan de deur geklopt.</desc><category>Jeugdcultuur</category></programme><programme channel="lgi-be-prod-master:nickelodeon" start="20211227002000 +0000" stop="20211227004000 +0000" catchup-id="crid:~~2F~~2Ftelenet.be~~2F5c1a3602-d085-4aeb-8c4f-437c2667e4d6,imi:321a5f7f0bd724554dfb239b5105217f14c20047"><title>Sam &amp; Cat</title><date></date><icon src="https://staticqbr-be-prod.tnprod.cdn.dmdsdp.com/image-service/ImagesEPG/EventImages/8a5__4c9__8a54c9c1-64a7-43c0-9a41-9582a6883e66__B158579822.jpg"></icon><desc>Het kleine meisje Kim heeft een wiskundeproefwerk. Maar ze is niet goed in wiskunde. Als ze een 7 of hoger haalt, gaan Sam en Cat een Fresno pop voor haar kopen. Kim haalt een 9,5 en de meiden gaan naar de winkel.</desc><category>Jeugdcultuur</category></programme><programme channel="lgi-be-prod-master:nickelodeon" start="20211227004000 +0000" stop="20211227010000 +0000" catchup-id="crid:~~2F~~2Ftelenet.be~~2Fa4588bdf-da47-4014-a04e-c597e6864987,imi:b95dc10bd3a51334f9015deffbd5dd5dad87d96a"><title>Ik ben Frankie</title><date></date><icon src="https://staticqbr-be-prod.tnprod.cdn.dmdsdp.com/image-service/ImagesEPG/EventImages/44a__4ac__44a4ac7f-e03d-41c0-95d1-4433ddc7b6a9__B168097325.jpg"></icon><desc>Frankie kan maar niet beslissen met wie ze naar het feest zal gaan; Cole of Andrew? Ondertussen probeert Tammy nog steeds te bewijzen dat Frankie een robot is. En Mr. Kingston heeft Frankie bijna in zijn macht.</desc><category>Jeugdcultuur</category></programme><programme channel="lgi-be-prod-master:nickelodeon" start="20211227010000 +0000" stop="20211227012500 +0000" catchup-id="crid:~~2F~~2Ftelenet.be~~2Fe9d17087-afd6-4c0e-89e8-92e018c28da8,imi:e2da8b1be81157c5d7bac17144b719544a6312a5"><title>Ik ben Frankie</title><date></date><icon src="https://staticqbr-be-prod.tnprod.cdn.dmdsdp.com/image-service/ImagesEPG/EventImages/44a__4ac__44a4ac7f-e03d-41c0-95d1-4433ddc7b6a9__B168097325.jpg"></icon><desc>Frankie krijgt de schuld van wat er op school gebeurd is en wordt geschorst. Maar Dayton gelooft niet dat Frankie het gedaan heeft. Ondertussen heeft Kingston nieuwe informatie om Frankie te pakken te krijgen.</desc><category>Jeugdcultuur</category></programme><programme channel="lgi-be-prod-master:nickelodeon" start="20211227012500 +0000" stop="20211227014500 +0000" catchup-id="crid:~~2F~~2Ftelenet.be~~2F454a2162-da05-4660-b1a4-87b07114ecaf,imi:1799409f88ea926aa367ada9eac18aa6bab08985"><title>School of Rock</title><date></date><icon src="https://staticqbr-be-prod.tnprod.cdn.dmdsdp.com/image-service/ImagesEPG/EventImages/d59__243__d592436b-2582-4ad9-a7a0-3f4002ff0468__B141342727.jpg"></icon><desc>Summer krijgt medelijden met de aartsvijand van de band, Justin van Night Lizard, omdat hij het moeilijk heeft en ze belooft hem te helpen met zijn muziek carrière, ook al wordt ze gewaarschuwd haar vrienden.</desc><category>Jeugdcultuur</category></programme><programme channel="lgi-be-prod-master:nickelodeon" start="20211227014500 +0000" stop="20211227020500 +0000" catchup-id="crid:~~2F~~2Ftelenet.be~~2Fff1c8e9b-fee4-441e-bfd5-abbfe0146860,imi:dcd2a2dc5eedab994b05923b50a54ded31dcbcd5"><title>School of Rock</title><date></date><icon src="https://staticqbr-be-prod.tnprod.cdn.dmdsdp.com/image-service/ImagesEPG/EventImages/d59__243__d592436b-2582-4ad9-a7a0-3f4002ff0468__B141342727.jpg"></icon><desc>Wanneer de instrumenten van de band gestolen worden houden de bandleden een rommelmarkt om geld op te halen om ze te vervangen. Maar als Tomika een dierbaar item van Summer verkoopt moet ze zich zien te herinneren waarom juist dit ding belangrijk was</desc><category>Jeugdcultuur</category></programme><programme channel="lgi-be-prod-master:nickelodeon" start="20211227020500 +0000" stop="20211227022500 +0000" catchup-id="crid:~~2F~~2Ftelenet.be~~2Fcb220bb5-3e1d-4147-a4d6-b8c26cc26f17,imi:f8e97afc7e3998053fbddc682913e7dffc6f21f6"><title>Game Shakers</title><date></date><icon src="https://staticqbr-be-prod.tnprod.cdn.dmdsdp.com/image-service/ImagesEPG/EventImages/811__173__811173c1-6901-404c-80fd-29cbbf04421f__B109216475.jpg"></icon><desc>De Game Shakers gaan een game maken over lama's. En om hun foto aan de muur bij Fooders te krijgen gaan de Game Shakers net een stapje te ver.</desc><category>Jeugdcultuur</category></programme><programme channel="lgi-be-prod-master:nickelodeon" start="20211227022500 +0000" stop="20211227024500 +0000" catchup-id="crid:~~2F~~2Ftelenet.be~~2F96f6fe43-785d-4ce9-95ae-add8406cd891,imi:de9c86aa543c20046cd95a0c33867eeca502f507"><title>Game Shakers</title><date></date><icon src="https://staticqbr-be-prod.tnprod.cdn.dmdsdp.com/image-service/ImagesEPG/EventImages/811__173__811173c1-6901-404c-80fd-29cbbf04421f__B109216475.jpg"></icon><desc>Dub gaat een race aan voor het burgemeesterschap van New York City, maar er is een probleem. Dub haat namelijk baby's en maakt zichzelf niet erg geliefd als kandidaat.</desc><category>Jeugdcultuur</category></programme><programme channel="lgi-be-prod-master:nickelodeon" start="20211227024500 +0000" stop="20211227030000 +0000" catchup-id="crid:~~2F~~2Ftelenet.be~~2F85f4d6da-cb8e-4996-bd04-e6fcf8741a76,imi:36d2857f60b3785920cc63c7b7db8ede2df4f117"><title>LEGO® City Avonturen</title><date></date><icon src="https://staticqbr-be-prod.tnprod.cdn.dmdsdp.com/image-service/ImagesEPG/EventImages/a61__325__a6132578-8faf-4d42-9483-011f56f9a777__B156422604.jpg"></icon><desc>Een verteller heeft het over een dag uit het leven van Harl Hubbs, de behulpzame klusjesman.</desc><category>Animatie</category></programme><programme channel="lgi-be-prod-master:nickelodeon" start="20211227030000 +0000" stop="20211227031000 +0000" catchup-id="crid:~~2F~~2Ftelenet.be~~2Fcb5bad78-c20d-4c0f-9040-c865d3537461,imi:aa28988dda238cfdb277bb51be5b499b0d4c929a"><title>LEGO® City Avonturen</title><date></date><icon src="https://staticqbr-be-prod.tnprod.cdn.dmdsdp.com/image-service/ImagesEPG/EventImages/a61__325__a6132578-8faf-4d42-9483-011f56f9a777__B156422604.jpg"></icon><desc>Fendrich en Sinclair strijden tegen elkaar om het hoogste gebouw van de stad te bouwen.</desc><category>Animatie</category></programme><programme channel="lgi-be-prod-master:nickelodeon" start="20211227031000 +0000" stop="20211227032000 +0000" catchup-id="crid:~~2F~~2Ftelenet.be~~2F921e6bd9-0d7a-49b4-bbf4-5411a4157349,imi:dff49072a2fb47af9930feac17e3c73cd0dbb86f"><title>LEGO® City Avonturen</title><date></date><icon src="https://staticqbr-be-prod.tnprod.cdn.dmdsdp.com/image-service/ImagesEPG/EventImages/a61__325__a6132578-8faf-4d42-9483-011f56f9a777__B156422604.jpg"></icon><desc>Het is handvrij-dag een feestdag waarop niemand in de stad zijn handen mag gebruiken.</desc><category>Animatie</category></programme><programme channel="lgi-be-prod-master:nickelodeon" start="20211227032000 +0000" stop="20211227034000 +0000" catchup-id="crid:~~2F~~2Ftelenet.be~~2Fd3246f3d-9b32-4b00-8585-a8cb3cc27885,imi:e13e47279ca4fcce540f9c0b0d05ad608d04cb36"><title>Alvin en de Chipmunks</title><date></date><icon src="https://staticqbr-be-prod.tnprod.cdn.dmdsdp.com/image-service/ImagesEPG/EventImages/dab__9a2__dab9a2b4-6fc8-41d6-8ca2-4bc5fb250c2c__B156924778.jpg"></icon><desc>Als Simon een weekendje weg gaat, vertrouwt hij zijn robot toe aan Jeanette. // Als Alvin klaagt dat hij zich verveelt, pakt Dave hem zijn telefoon af en zegt dat hij die pas terugkrijgt als hij zich zonder weet te vermaken.</desc><category>Animatie</category></programme><programme channel="lgi-be-prod-master:nickelodeon" start="20211227034000 +0000" stop="20211227035000 +0000" catchup-id="crid:~~2F~~2Ftelenet.be~~2F4cb23885-14a6-488c-a829-ce336bfdc232,imi:00064fd8aa415093c46f8cae2c79035c6551e925"><title>Alvin en de Chipmunks</title><date></date><icon src="https://staticqbr-be-prod.tnprod.cdn.dmdsdp.com/image-service/ImagesEPG/EventImages/dab__9a2__dab9a2b4-6fc8-41d6-8ca2-4bc5fb250c2c__B156924778.jpg"></icon><desc>Wanneer Dave zegt dat Simon wat spullen weg moet doen, vallen een paar gevaarlijke uitvindingen in verkeerde handen.</desc><category>Animatie</category></programme><programme channel="lgi-be-prod-master:nickelodeon" start="20211227035000 +0000" stop="20211227040000 +0000" catchup-id="crid:~~2F~~2Ftelenet.be~~2Ff88780ce-ad2f-416e-86c2-36e8678bd25d,imi:58374c3ec0fd56344a209418eb0e59d2e7fbf437"><title>Alvin en de Chipmunks</title><date></date><icon src="https://staticqbr-be-prod.tnprod.cdn.dmdsdp.com/image-service/ImagesEPG/EventImages/dab__9a2__dab9a2b4-6fc8-41d6-8ca2-4bc5fb250c2c__B156924778.jpg"></icon><desc>Wanneer een uitvinding van Simon een fout maakt, verruilen Alvin en Jeanette van lichaam en moeten ze als elkaar door het leven gaan.</desc><category>Animatie</category></programme><programme channel="lgi-be-prod-master:nickelodeon" start="20211227040000 +0000" stop="20211227042000 +0000" catchup-id="crid:~~2F~~2Ftelenet.be~~2Fbaaa0f2e-22fe-442a-9aee-29b5758ea86b,imi:e34763d11116854f5de282bc5feed3e5a402240d"><title>Dora The Explorer</title><date></date><icon src="https://staticqbr-be-prod.tnprod.cdn.dmdsdp.com/image-service/ImagesEPG/EventImages/99d__dd3__99ddd3be-70d4-49a1-beed-a70680615cab__B141095738.jpg"></icon><desc>Dora en Boots willen gaan picknicken op het strand, maar dan vinden ze een briefje in een fles.</desc><category>Animatie</category></programme><programme channel="lgi-be-prod-master:nickelodeon" start="20211227042000 +0000" stop="20211227044500 +0000" catchup-id="crid:~~2F~~2Ftelenet.be~~2F4948f0b6-f30e-44b1-be20-a18aecb09d20,imi:d1b4ec7dd33cc48ae7d8eda5b32d7dd294c959ba"><title>Abby Hatcher</title><date></date><icon src="https://staticqbr-be-prod.tnprod.cdn.dmdsdp.com/image-service/ImagesEPG/EventImages/83a__220__83a22024-2105-4249-aefe-5a741aa566d6__B148347355.jpg"></icon><desc>Er komt een feest waar iedereen verkleed naartoe gaat. Abby's kostuum wordt vies, haar tweede kostuum gaat stuk. // Grumbels wil net als mini Menno helpen met klussen. Hij kan grote klussen doen die mini Menno niet kan.</desc><category>Animatie</category></programme><programme channel="lgi-be-prod-master:nickelodeon" start="20211227044500 +0000" stop="20211227051000 +0000" catchup-id="crid:~~2F~~2Ftelenet.be~~2F5470b1b4-2b48-4b76-b80f-4c4b0b539aae,imi:dc2800b42964c1e68da9535a61b9805e16250b2d"><title>Blaze and the Monster Machines</title><date></date><icon src="https://staticqbr-be-prod.tnprod.cdn.dmdsdp.com/image-service/ImagesEPG/EventImages/5c0__9b8__5c09b86d-01f5-43a3-896e-7320fae8d48f__B78769995.jpg"></icon><desc>Gabby heeft een nieuwe pup, Chassie. Als Chassie na het spelen vies is moet ze in bad. En dan gaat het mis: Chassie wordt meegevoerd door een zeepbel.  Blaze, AJ en Gabby gaan er met z'n drieën achteraan.</desc><category>Kinderen, Animatie</category></programme><programme channel="lgi-be-prod-master:nickelodeon" start="20211227051000 +0000" stop="20211227053500 +0000" catchup-id="crid:~~2F~~2Ftelenet.be~~2Fdc3ea334-7f80-46e5-8a7b-17bd053243af,imi:82e33a69b85efb9d2979389823330c0a999838b6"><title>De familie BARBAPAPA</title><date></date><icon src="https://staticqbr-be-prod.tnprod.cdn.dmdsdp.com/image-service/ImagesEPG/EventImages/04b__9e8__04b9e816-06fd-4a1e-8119-59b428dde897__B200518303.jpg"></icon><desc>Barbabella past op en kookt het eten, zodat Barbapapa en Barbamama een avondje weg kunnen. // Bali heeft vier kittens gekregen. Barbabella is dol op ze en voelt zich erg verantwoordelijk.</desc><category>Kinderen, Entertainment</category></programme><programme channel="lgi-be-prod-master:nickelodeon" start="20211227053500 +0000" stop="20211227055500 +0000" catchup-id="crid:~~2F~~2Ftelenet.be~~2Fb5e634b7-de9c-406e-9adb-448bc7e8b69f,imi:c6494c9d05e8968fc65264cc73165cb268359665"><title>Paw Patrol</title><date></date><icon src="https://staticqbr-be-prod.tnprod.cdn.dmdsdp.com/image-service/ImagesEPG/EventImages/ca1__17d__ca117dd5-0480-4846-93e4-500eac242b95__B110613310.jpg"></icon><desc>De prinses van Blaffenburcht is jarig en geeft een verjaardagsfeestje. Maar als haar verjaardagscadeau in verkeerde handen terecht komt, zorgt dit voor veel problemen.</desc><category>Kinderen, Animatie</category></programme><programme channel="lgi-be-prod-master:nickelodeon" start="20211227055500 +0000" stop="20211227062000 +0000" catchup-id="crid:~~2F~~2Ftelenet.be~~2F7cc50ea3-cf6e-465a-8703-51fdb0d52cfb,imi:b9372f6c4fe8e8342a170e31fd2f5166324b4e6e"><title>Pokémon: Zon &amp; Maan</title><date></date><icon src="https://staticqbr-be-prod.tnprod.cdn.dmdsdp.com/image-service/ImagesEPG/EventImages/672__814__672814f9-307b-47b1-baf5-8ac99a3d9b66__B209688498.jpg"></icon><desc>Een ontmoeting met een Vaporeon Trainer zet Chloe aan om te denken over de toekomst van Eevee.</desc><category>Animatie</category></programme><programme channel="lgi-be-prod-master:nickelodeon" start="20211227062000 +0000" stop="20211227065000 +0000" catchup-id="crid:~~2F~~2Ftelenet.be~~2F2469f754-5a70-4c8b-8f82-bc39f9bbfe50,imi:43b0501ae54cde6141329c4c60efe1a50257f899"><title>Clifford</title><date></date><icon src="https://staticqbr-be-prod.tnprod.cdn.dmdsdp.com/image-service/ImagesEPG/EventImages/e0f__d15__e0fd1556-3a47-471d-806d-66ad2f7ebc8e__B48937378.jpg"></icon><desc>Jeugdreeks.</desc><category>Kinderen, Entertainment</category></programme><programme channel="lgi-be-prod-master:nickelodeon" start="20211227065000 +0000" stop="20211227071500 +0000" catchup-id="crid:~~2F~~2Ftelenet.be~~2F37adb553-6b14-4a08-93e9-5ebbc249b79a,imi:a9070fb0a61265b994b2668463ac6f06b0f699c1"><title>Henry Danger</title><date></date><icon src="https://staticqbr-be-prod.tnprod.cdn.dmdsdp.com/image-service/ImagesEPG/EventImages/32b__c8b__32bc8b3c-6e7e-4ea7-b929-a77dfbdd4786__B141342729.jpg"></icon><desc>Een anonieme schurk valt mensen aan die zich niet netjes gedragen. Ray en Henry komen erachter dat een vriendelijke tv-presentator schuil gaat achter het masker.</desc><category>Jeugdcultuur</category></programme><programme channel="lgi-be-prod-master:nickelodeon" start="20211227071500 +0000" stop="20211227074000 +0000" catchup-id="crid:~~2F~~2Ftelenet.be~~2F647e1b53-ea93-43b2-9696-ffc8779fd4b1,imi:70584da83fda46366a5899f491de8d45c61709d0"><title>De Thundermans</title><date></date><icon src="https://staticqbr-be-prod.tnprod.cdn.dmdsdp.com/image-service/ImagesEPG/EventImages/8dc__9e7__8dc9e752-8f21-4c10-86c4-88864b2d514d__B141342791.jpg"></icon><desc>Hank en Barb hebben een grote prijs gewonnen en bereiden zich voor op de uitreiking. De kinderen blijven thuis, en ze krijgen een Superoppas.</desc><category>Jeugdcultuur</category></programme><programme channel="lgi-be-prod-master:nickelodeon" start="20211227074000 +0000" stop="20211227080000 +0000" catchup-id="crid:~~2F~~2Ftelenet.be~~2F41d9639e-9d92-44ea-9859-cbbf63e1f877,imi:637a10053ab58176c8646110a265b608df070e56"><title>De Thundermans</title><date></date><icon src="https://staticqbr-be-prod.tnprod.cdn.dmdsdp.com/image-service/ImagesEPG/EventImages/8dc__9e7__8dc9e752-8f21-4c10-86c4-88864b2d514d__B141342791.jpg"></icon><desc>Cherry's populaire broer Perry is in de stad. Iedereen is gek op hem en ook Phoebe valt voor de knappe hockeyspeler. Billy en Nora hebben een nieuwe spelletje ontdekt, en Max wil bewijzen dat ie er beter in is maar slaagt daar niet in.</desc><category>Jeugdcultuur</category></programme><programme channel="lgi-be-prod-master:nickelodeon" start="20211227080000 +0000" stop="20211227083000 +0000" catchup-id="crid:~~2F~~2Ftelenet.be~~2F01d0c3da-6f8f-4e8a-b46d-b7fe7194fde5,imi:68fdf01b7a10673ea23477737847e2deef38a1f0"><title>Nicky, Ricky, Dicky &amp; Dawn</title><date></date><icon src="https://staticqbr-be-prod.tnprod.cdn.dmdsdp.com/image-service/ImagesEPG/EventImages/c7b__dc4__c7bdc485-1235-4540-a020-970a4214ee1d__B141095745.jpg"></icon><desc>Nicky, Ricky, Dicky en Dawn zijn een vierling met maar twee overeenkomsten: hun verjaardag en hun ouders. Dit dynamische kwartet knokt en bekvecht doorlopend met elkaar, maar wanneer puntje bij paaltje komt vormen ze een geweldig team samen</desc><category>Kinderen, Entertainment</category></programme><programme channel="lgi-be-prod-master:nickelodeon" start="20211227083000 +0000" stop="20211227085500 +0000" catchup-id="crid:~~2F~~2Ftelenet.be~~2Fdc97966a-61a9-42ff-ad07-57d925d21198,imi:a8886aae46f3b35fabc92eb60342f65c7d1f3ca5"><title>Nicky, Ricky, Dicky &amp; Dawn</title><date></date><icon src="https://staticqbr-be-prod.tnprod.cdn.dmdsdp.com/image-service/ImagesEPG/EventImages/c7b__dc4__c7bdc485-1235-4540-a020-970a4214ee1d__B141095745.jpg"></icon><desc>Nicky, Ricky, Dicky en Dawn zijn een vierling met maar twee overeenkomsten: hun verjaardag en hun ouders. Dit dynamische kwartet knokt en bekvecht doorlopend met elkaar, maar wanneer puntje bij paaltje komt vormen ze een geweldig team samen</desc><category>Kinderen, Entertainment</category></programme><programme channel="lgi-be-prod-master:nickelodeon" start="20211227085500 +0000" stop="20211227092000 +0000" catchup-id="crid:~~2F~~2Ftelenet.be~~2F48a58942-0d7c-46e4-81c3-995f6ddd7550,imi:2c9c55bef321dffb6ec606c778790a47d471b0b4"><title>Huize Herrie</title><date></date><icon src="https://staticqbr-be-prod.tnprod.cdn.dmdsdp.com/image-service/ImagesEPG/EventImages/fd2__665__fd26656e-65c8-4166-83d3-fd3ac1ac1cda__B141342780.jpg"></icon><desc>Lynn kan kampioen worden met basketbal, als ze in het goede team zit. // Mam en pap willen niet meer in de rij staan voor de badkamer. Dus besluiten ze stiekem een badkamer in de kast van hun slaapkamer te maken.</desc><category>Kinderen, Animatie</category></programme><programme channel="lgi-be-prod-master:nickelodeon" start="20211227092000 +0000" stop="20211227095000 +0000" catchup-id="crid:~~2F~~2Ftelenet.be~~2F85a86ce3-3371-477b-a804-ae63c8bfd1be,imi:3159f280f1c268e60c74395da51192e170dc06be"><title>The Loud House</title><date></date><icon src="https://staticqbr-be-prod.tnprod.cdn.dmdsdp.com/image-service/ImagesEPG/EventImages/fd2__665__fd26656e-65c8-4166-83d3-fd3ac1ac1cda__B141342780.jpg"></icon><desc>Het wereldkampioenschap American football is op tv en Lynn kijkt uiteraard. Ze komt er achter dat buurman Grauw ook kijkt en ook een fan is van de Lions. // Lisa wil dat Pap-Pap nog heel lang blijft leven, en bedenkt een plan om dat te laten lukken.</desc><category>Kinderen, Animatie</category></programme><programme channel="lgi-be-prod-master:nickelodeon" start="20211227095000 +0000" stop="20211227101500 +0000" catchup-id="crid:~~2F~~2Ftelenet.be~~2Fe6790b45-bfa4-4c7d-818c-c791fd8c938c,imi:2d63fcc995f50753b7bc36f3029340a9ff9006e3"><title>Huize Herrie</title><date></date><icon src="https://staticqbr-be-prod.tnprod.cdn.dmdsdp.com/image-service/ImagesEPG/EventImages/ca6__04e__ca604eb6-3150-4072-8bb8-18e470ee0ff6__B181575543.jpg"></icon><desc>Er is een stroomstoring in de buurt. Pap en man gaan de buren af en de kinderen besluiten om elkaar een vervolgverhaal te vertellen. // De klas van Lucy gaat op schoolreisje naar het strand.</desc><category>Kinderen, Animatie</category></programme><programme channel="lgi-be-prod-master:nickelodeon" start="20211227101500 +0000" stop="20211227104000 +0000" catchup-id="crid:~~2F~~2Ftelenet.be~~2F47a2f65b-f763-442a-b80b-abfed39542ad,imi:e8ebf89a107908fabd9eeac899de4d0ea2c75239"><title>De Casagrandes</title><date></date><icon src="https://staticqbr-be-prod.tnprod.cdn.dmdsdp.com/image-service/ImagesEPG/EventImages/592__cab__592cabaa-60e6-43c8-8804-2cd882ec6d5b__B168083751.jpg"></icon><desc>Carl's liefde voor speelgoed zorgt ervoor dat hij filmpjes gaat maken over het uitpakken ervan. // Frida exposeert in de galerie van Romeo en haar kunst zal geveild worden voor het goede doel.</desc><category>Animatie</category></programme><programme channel="lgi-be-prod-master:nickelodeon" start="20211227104000 +0000" stop="20211227110500 +0000" catchup-id="crid:~~2F~~2Ftelenet.be~~2F66eb4ed4-0def-49e4-8305-cabcd11d2872,imi:7c0c21f193999d5be548f668194855daa953fe5b"><title>SpongeBob</title><date></date><icon src="https://staticqbr-be-prod.tnprod.cdn.dmdsdp.com/image-service/ImagesEPG/EventImages/b87__c18__b87c187b-080c-416e-8115-f086614e7453__B48235092.jpg"></icon><desc>SpongeBob is een vierkante, gele zeespons die in een grote ananas op de bodem van de oceaan woont. In de plaats Bikinibroek heeft hij het gezelschap van vrienden en van zijn huisdier, Gerrit de slak.</desc><category>Kinderen, Animatie</category></programme><programme channel="lgi-be-prod-master:nickelodeon" start="20211227110500 +0000" stop="20211227112000 +0000" catchup-id="crid:~~2F~~2Ftelenet.be~~2Ff30a8138-cb7d-4639-b90c-ce4a077205c9,imi:ee1397897b7a346c6189a211147b1020be571a4b"><title>SpongeBob</title><date></date><icon src="https://staticqbr-be-prod.tnprod.cdn.dmdsdp.com/image-service/ImagesEPG/EventImages/b87__c18__b87c187b-080c-416e-8115-f086614e7453__B48235092.jpg"></icon><desc>Patrick verveelt zich en besluit als superheld De Patman zijn leven meer inhoud te gaan geven.</desc><category>Kinderen, Animatie</category></programme><programme channel="lgi-be-prod-master:nickelodeon" start="20211227112000 +0000" stop="20211227114500 +0000" catchup-id="crid:~~2F~~2Ftelenet.be~~2Fa653df8d-17e0-41b1-aaf4-28ed2ed52748,imi:884b3ccce84368afe57dff9d24c8672b6b5da952"><title>De Thundermans</title><date></date><icon src="https://staticqbr-be-prod.tnprod.cdn.dmdsdp.com/image-service/ImagesEPG/EventImages/8dc__9e7__8dc9e752-8f21-4c10-86c4-88864b2d514d__B141342791.jpg"></icon><desc>Barb probeert oude tijden te laten herleven door een meidenavond te organiseren, maar Phoebe en Nora willen liever hun favoriete serie kijken. Intussen proberen Billy, Max en Hank te bewijzen dat ze kunnen overleven in het wild.</desc><category>Jeugdcultuur</category></programme><programme channel="lgi-be-prod-master:nickelodeon" start="20211227114500 +0000" stop="20211227132000 +0000" catchup-id="crid:~~2F~~2Ftelenet.be~~2Fbd279415-e72f-4f54-86f0-94eadc7c4f86,imi:43511c7bb76472e2eca97df97b0c8aac9fc9f93a"><title>100% Coco</title><date></date><icon src="https://staticqbr-be-prod.tnprod.cdn.dmdsdp.com/image-service/ImagesEPG/EventImages/7c9__23e__7c923ec6-eb72-466f-bb4e-33a4cdccd3eb__B157512027.jpg"></icon><desc>Coco heeft bijna zomervakantie, maar ze kijkt allesbehalve uit naar de zomer met haar moeder en Hulleman op een camping in Nederland. Wat ze nog niet weet is dat ze een zomer vol fashion-avonturen op de New York Fashion School heeft gewonnen!</desc><category>Kinderen, Entertainment</category></programme>