<programme channel="lgi-be-prod-master:besport2" start="20211225231200 +0000" stop="20211226113300 +0000" catchup-id="crid:~~2F~~2Ftelenet.be~~2Fd9b0c0da-0f87-4b03-a7d4-14782390200c-fre,imi:34b8414bc3d237c28474a31abf4c4f4877755f54"><title>Onderbreking</title><date></date><icon src=""></icon><desc>Geen uitzending.</desc><category>Overig</category></programme><programme channel="lgi-be-prod-master:besport2" start="20211226113300 +0000" stop="20211226134500 +0000" catchup-id="crid:~~2F~~2Ftelenet.be~~2F2489e3dd-9951-4074-8629-bd4c6d2bf8b3-fre,imi:c76ddb5af2d9144f532da7b0627c24a7388e4a6b"><title>Basket Euroleague : Alba Berlin - AS Monaco</title><date></date><icon src="https://staticqbr-be-prod.tnprod.cdn.dmdsdp.com/image-service/ImagesEPG/EventImages/07c__e25__07ce25b8-65bf-4333-87e7-28e537077935__B106319587.jpg"></icon><desc>Basket.</desc><category>Sport</category></programme><programme channel="lgi-be-prod-master:besport2" start="20211226134500 +0000" stop="20211226155200 +0000" catchup-id="crid:~~2F~~2Ftelenet.be~~2F1f3ebc62-dfa4-43f5-9c21-3361e472f9f4-fre,imi:bcabb9c37bb6840c1c1a8529d53aa195c061e69a"><title>Basket BNXT League : Brussels - Limburg United</title><date></date><icon src="https://staticqbr-be-prod.tnprod.cdn.dmdsdp.com/image-service/ImagesEPG/EventImages/07c__e25__07ce25b8-65bf-4333-87e7-28e537077935__B106319587.jpg"></icon><desc>Basket.</desc><category>Sport</category></programme><programme channel="lgi-be-prod-master:besport2" start="20211226155200 +0000" stop="20211226180300 +0000" catchup-id="crid:~~2F~~2Ftelenet.be~~2F41e55ee4-8133-44c5-a63e-a1553a8405c9-fre,imi:409420855a563e1e0d7f835a32deb6bd75ec74f6"><title>Basket Euroleague : Real Madrid - CSKA Moscou</title><date></date><icon src="https://staticqbr-be-prod.tnprod.cdn.dmdsdp.com/image-service/ImagesEPG/EventImages/07c__e25__07ce25b8-65bf-4333-87e7-28e537077935__B106319587.jpg"></icon><desc>Basket.</desc><category>Sport</category></programme><programme channel="lgi-be-prod-master:besport2" start="20211226180300 +0000" stop="20211226183400 +0000" catchup-id="crid:~~2F~~2Ftelenet.be~~2F47914e65-2817-4c13-99b8-6d912934a875-fre,imi:567122ee66b46e40c0c5b3ed42cc80ff7f60d26d"><title>My Premier League : Christian Kabasele -3</title><date></date><icon src="https://staticqbr-be-prod.tnprod.cdn.dmdsdp.com/image-service/ImagesEPG/EventImages/117__82e__11782e0f-968d-4d7d-8ea1-f12e776752e9__B106321384.jpg"></icon><desc>Voetbal.</desc><category>Sport, Voetbal</category></programme><programme channel="lgi-be-prod-master:besport2" start="20211226183400 +0000" stop="20211226192600 +0000" catchup-id="crid:~~2F~~2Ftelenet.be~~2F96a488c2-b150-4317-983b-b4a852542bac-fre,imi:88597746890e4d3ba2cbdce7af25786c72a6f821"><title>Golf : PGA TOUR Super Season in Review</title><date></date><icon src="https://staticqbr-be-prod.tnprod.cdn.dmdsdp.com/image-service/ImagesEPG/EventImages/9b5__a1f__9b5a1f4a-755f-4f68-bd72-f8dcbd347af1__B106320064.jpg"></icon><desc>Golf.</desc><category>Sport</category></programme><programme channel="lgi-be-prod-master:besport2" start="20211226192600 +0000" stop="20211226195300 +0000" catchup-id="crid:~~2F~~2Ftelenet.be~~2F18af80a1-dae2-4eaf-99e1-57954f6562a5-fre,imi:2cee1aa48371eab1f817a32d1a6ec59647877b97"><title>Golf : L'oeil des Pros #40</title><date></date><icon src="https://staticqbr-be-prod.tnprod.cdn.dmdsdp.com/image-service/ImagesEPG/EventImages/9b5__a1f__9b5a1f4a-755f-4f68-bd72-f8dcbd347af1__B106320064.jpg"></icon><desc>Golf.</desc><category>Sport</category></programme><programme channel="lgi-be-prod-master:besport2" start="20211226195300 +0000" stop="20211226215400 +0000" catchup-id="crid:~~2F~~2Ftelenet.be~~2F47d88456-aac2-4a87-84fa-080dace62ca7-fre,imi:3896dcff0ed548421999523bbbec08d8dd018afb"><title>Basket BNXT League : Brussels - Limburg United</title><date></date><icon src="https://staticqbr-be-prod.tnprod.cdn.dmdsdp.com/image-service/ImagesEPG/EventImages/07c__e25__07ce25b8-65bf-4333-87e7-28e537077935__B106319587.jpg"></icon><desc>Basket.</desc><category>Sport</category></programme><programme channel="lgi-be-prod-master:besport2" start="20211226215400 +0000" stop="20211227135200 +0000" catchup-id="crid:~~2F~~2Ftelenet.be~~2Faeda8673-33ce-4828-a30a-e22dd7338556-fre,imi:6be3dda025743cf9b8cb7621b6a290d8c8734618"><title>Onderbreking</title><date></date><icon src=""></icon><desc>Geen uitzending.</desc><category>Overig</category></programme>