<programme channel="lgi-be-prod-master:jplnl01" start="20211226230000 +0000" stop="20211227010000 +0000" catchup-id="crid:~~2F~~2Ftelenet.be~~2Fd59b6df2-2723-438e-8a07-15eebb644916,imi:2bf84a4382f35f81e311de06d1da6c4add02f220"><title>Jupiler Pro League</title><date></date><icon src="https://staticqbr-be-prod.tnprod.cdn.dmdsdp.com/image-service/ImagesEPG/EventImages/d2c__568__d2c568d7-a8f5-4a89-8094-dd0b3ed9c466__B78183334.jpg"></icon><desc>Live: Standard de Liège - SV Zulte Waregem</desc><category>Sport, Voetbal</category></programme><programme channel="lgi-be-prod-master:jplnl01" start="20211227010000 +0000" stop="20211227030000 +0000" catchup-id="crid:~~2F~~2Ftelenet.be~~2Fe3824b61-869c-4f33-9ac7-9abd48fd7b19,imi:5a91b1eab7de0120f0fb5e9dc5e035ceb8b92c57"><title>Jupiler Pro League</title><date></date><icon src="https://staticqbr-be-prod.tnprod.cdn.dmdsdp.com/image-service/ImagesEPG/EventImages/d2c__568__d2c568d7-a8f5-4a89-8094-dd0b3ed9c466__B78183334.jpg"></icon><desc>Live: Cercle Brugge KSV - Club Brugge KV</desc><category>Sport, Voetbal</category></programme><programme channel="lgi-be-prod-master:jplnl01" start="20211227030000 +0000" stop="20211227050000 +0000" catchup-id="crid:~~2F~~2Ftelenet.be~~2Fbd2d60c6-7ce6-4163-800f-f5dedcccd0dc,imi:4e0e54558ad4f1c418cb26e3688228a5ecb25022"><title>Jupiler Pro League</title><date></date><icon src="https://staticqbr-be-prod.tnprod.cdn.dmdsdp.com/image-service/ImagesEPG/EventImages/d2c__568__d2c568d7-a8f5-4a89-8094-dd0b3ed9c466__B78183334.jpg"></icon><desc>Wedstrijd uit de Jupiler Pro League</desc><category>Sport, Voetbal</category></programme><programme channel="lgi-be-prod-master:jplnl01" start="20211227050000 +0000" stop="20211227070000 +0000" catchup-id="crid:~~2F~~2Ftelenet.be~~2F5a60e420-3658-4d7c-a9bc-51cafa4d4758,imi:77b6c06bc4c03e7d0d095d689b9864965cf3a06b"><title>Jupiler Pro League</title><date></date><icon src="https://staticqbr-be-prod.tnprod.cdn.dmdsdp.com/image-service/ImagesEPG/EventImages/d2c__568__d2c568d7-a8f5-4a89-8094-dd0b3ed9c466__B78183334.jpg"></icon><desc>Wedstrijd uit de Jupiler Pro League</desc><category>Sport, Voetbal</category></programme><programme channel="lgi-be-prod-master:jplnl01" start="20211227070000 +0000" stop="20211227090000 +0000" catchup-id="crid:~~2F~~2Ftelenet.be~~2F9e92b457-8339-4ebf-ac1f-a9ce84ec558b,imi:0ba22ae08eeaa4401f8f008cbf657123a45c56c9"><title>Jupiler Pro League</title><date></date><icon src="https://staticqbr-be-prod.tnprod.cdn.dmdsdp.com/image-service/ImagesEPG/EventImages/d2c__568__d2c568d7-a8f5-4a89-8094-dd0b3ed9c466__B78183334.jpg"></icon><desc>Wedstrijd uit de Jupiler Pro League</desc><category>Sport, Voetbal</category></programme><programme channel="lgi-be-prod-master:jplnl01" start="20211227090000 +0000" stop="20211227093500 +0000" catchup-id="crid:~~2F~~2Ftelenet.be~~2Ffacb0016-9252-41dd-ab67-570a5837acb6,imi:ed5fe493c137fb418c531108f831fb7daea46b82"><title>JPL Highlights</title><date></date><icon src="https://staticqbr-be-prod.tnprod.cdn.dmdsdp.com/image-service/ImagesEPG/EventImages/f14__de0__f14de018-9dd6-491e-8f14-8ef0f728ccbd__B78363348.jpg"></icon><desc>Résumé de la dernière journée.</desc><category>Overig</category></programme><programme channel="lgi-be-prod-master:jplnl01" start="20211227093500 +0000" stop="20211227100000 +0000" catchup-id="crid:~~2F~~2Ftelenet.be~~2F129d7a3e-7595-4af7-9ac2-8278a6cdb2c6,imi:a5363dba8ab98b9356511077be42ef4a058c63d3"><title>Pro League Extra</title><date></date><icon src="https://staticqbr-be-prod.tnprod.cdn.dmdsdp.com/image-service/ImagesEPG/EventImages/f14__de0__f14de018-9dd6-491e-8f14-8ef0f728ccbd__B78363348.jpg"></icon><desc>Pro League Extra</desc><category>Overig</category></programme><programme channel="lgi-be-prod-master:jplnl01" start="20211227100000 +0000" stop="20211227120000 +0000" catchup-id="crid:~~2F~~2Ftelenet.be~~2Fd59b6df2-2723-438e-8a07-15eebb644916,imi:bca37e4c4aa722677057d54d3e573ec0a62d983c"><title>Jupiler Pro League</title><date></date><icon src="https://staticqbr-be-prod.tnprod.cdn.dmdsdp.com/image-service/ImagesEPG/EventImages/d2c__568__d2c568d7-a8f5-4a89-8094-dd0b3ed9c466__B78183334.jpg"></icon><desc>Live: Standard de Liège - SV Zulte Waregem</desc><category>Sport, Voetbal</category></programme>