<programme channel="lgi-be-prod-master:primeaction" start="20211227002500 +0000" stop="20211227023000 +0000" catchup-id="crid:~~2F~~2Ftelenet.be~~2F1561919d-2608-48c8-9602-f84d86dd4ba2,imi:3220bae3a3acce09a9d07597bff0a350f55ad9cb"><title>Knives Out</title><date>2019</date><icon src="https://staticqbr-be-prod.tnprod.cdn.dmdsdp.com/image-service/ImagesEPG/EventImages/3b9__d7b__3b9d7bc4-391d-4a5c-804d-76e94b7ff2a2__B207889848.jpg"></icon><desc>Schrijver Harlan Thrombey wordt dood aangetroffen in zijn huis, vlak na zijn 85e verjaardag. Detective Benoit Blanc wordt ingeschakeld om het mysterie op te lossen, maar dat blijkt al gauw een behoorlijke opgave. Harlan heeft namelijk nogal vreemde en achterdochtige familieleden, alsook enkele personeelsleden die hem op zijn wenken bedienden toen hij nog in leven was.</desc><category>Film, Actie</category></programme><programme channel="lgi-be-prod-master:primeaction" start="20211227023000 +0000" stop="20211227035000 +0000" catchup-id="crid:~~2F~~2Ftelenet.be~~2F6d10b199-2587-4194-8f47-b50adc9ed909,imi:93ed9ae9fc8d95bdc8dffb6e1b43d3b8172f4bda"><title>Paydirt</title><date>2020</date><icon src="https://staticqbr-be-prod.tnprod.cdn.dmdsdp.com/image-service/ImagesEPG/EventImages/3b3__b3a__3b3b3a28-fd77-41bb-87fa-56603b763e3b__B182327170.jpg"></icon><desc>Na vijf jaar in de gevangenis wil een charismatische crimineel de buit claimen die hij destijds aan zijn neus zag voorbijgaan. Maar het geld ligt ergens in de woestijn begraven. Hij blijkt bovendien niet de enige te zijn die zijn oog heeft laten vallen op de gigantische geldsom. En daarbovenop zit ook sheriff Tucker hem genadeloos op de hielen.</desc><category>Film, Actie</category></programme><programme channel="lgi-be-prod-master:primeaction" start="20211227035000 +0000" stop="20211227051400 +0000" catchup-id="crid:~~2F~~2Ftelenet.be~~2F53789f0e-5397-4c9b-9780-d337596cd459,imi:225475b61a54cdaea0cab3db413cad31692750b1"><title>Lynn + Lucy</title><date>2019</date><icon src="https://staticqbr-be-prod.tnprod.cdn.dmdsdp.com/image-service/ImagesEPG/EventImages/606__ec4__606ec45a-4b5f-4506-a1a4-10c399aadd6a__B182122818.jpg"></icon><desc>Jonge moeders Lynn en Lucy groeiden samen op en zijn onafscheidelijk als buren en beste vriendinnen. Maar wanneer het noodlot toeslaat, wordt hun innige band zwaar op de proef gesteld. De gemeenschap waar ze wonen kijkt met angst en afkeer naar wat er zich tussen het duo ontvouwt.</desc><category>Film, Actie</category></programme><programme channel="lgi-be-prod-master:primeaction" start="20211227051400 +0000" stop="20211227060000 +0000" catchup-id="crid:~~2F~~2Ftelenet.be~~2F3ba545f6-2f6b-4bf9-b318-86720e3768cb,imi:d4ba47520cd9837e1c4f1bcaed6ef6df1d3b7803"><title>Onderbreking</title><date></date><icon src=""></icon><desc>Geen uitzending.</desc><category>Overig</category></programme><programme channel="lgi-be-prod-master:primeaction" start="20211227060000 +0000" stop="20211227072500 +0000" catchup-id="crid:~~2F~~2Ftelenet.be~~2Fe57a0ad1-d494-4285-a69c-f414bb3b3b98,imi:91504a553d4242c042ea0be499928e1898b98191"><title>Elliot, Het Kleine Rendiertje</title><date>2018</date><icon src="https://staticqbr-be-prod.tnprod.cdn.dmdsdp.com/image-service/ImagesEPG/EventImages/866__2ea__8662eaeb-43ed-4c7d-b06c-564a867a3267__B169419113.jpg"></icon><desc>Op 21 december kondigt Blitzen zijn pensioen aan. Hierdoor krijgt het paard Elliot de kans om zijn levensdroom waar te maken: een plekje krijgen op de slee van de Kerstman. Hij heeft hiervoor drie dagen. Elliot en zijn vriendin Hazel gaan op pad en leren tijdens hun reis in zichzelf te geloven.</desc><category>Film, Kids en familie</category></programme><programme channel="lgi-be-prod-master:primeaction" start="20211227072500 +0000" stop="20211227085500 +0000" catchup-id="crid:~~2F~~2Ftelenet.be~~2Fd7f4941b-9837-48f9-8ae2-35fc8e661388,imi:87d7e40b52674e61494013e90c29e4551a7e70f0"><title>Ride Your Wave</title><date>2019</date><icon src="https://staticqbr-be-prod.tnprod.cdn.dmdsdp.com/image-service/ImagesEPG/EventImages/698__b18__698b1897-0d77-4f9b-8c41-097f95b7503c__B203258969.jpg"></icon><desc>Hinako verhuist naar een stadje aan de kust omdat ze er les gaat volgen aan de universiteit. Ze doet niets liever dan surfen en weet absoluut nog niet wat ze met haar toekomst wil gaan doen. Wanneer er brand uitbreekt in haar appartement, maakt ze kennis met brandweerman Minato. Het klikt meteen tussen hen.</desc><category>Film, Animatie</category></programme><programme channel="lgi-be-prod-master:primeaction" start="20211227085500 +0000" stop="20211227105000 +0000" catchup-id="crid:~~2F~~2Ftelenet.be~~2Fbdeffbef-4e76-442f-b8b7-55399c426a6f,imi:66d4ee423712b3eab9c0739ef3a31a59255ce4aa"><title>The Personal History of David Copperfield</title><date>2019</date><icon src="https://staticqbr-be-prod.tnprod.cdn.dmdsdp.com/image-service/ImagesEPG/EventImages/5db__adf__5dbadfb9-efe2-4b0e-9da8-0b528ff7953a__B200548545.jpg"></icon><desc>Aan de zorgeloze kindertijd van David Copperfield komt abrupt een einde wanneer zijn moeder hertrouwt met de autoritaire Mr. Murdstone. Hij stuurt de jongen naar Londen om hem te laten werken in zijn fabriek. Wanneer zijn moeder overlijdt, verlaat David de fabriek en reist hij af naar zijn rijke en excentrieke tante Betsey. Hij groeit vervolgens op tot een jongeman met een eigen verhaal en een bijzonder talent als schrijver. Onderweg wordt hij vergezeld door een hele resem kleurrijke personages.</desc><category>Film, Drama</category></programme><programme channel="lgi-be-prod-master:primeaction" start="20211227105000 +0000" stop="20211227124500 +0000" catchup-id="crid:~~2F~~2Ftelenet.be~~2Fb7159f97-a409-453b-9b07-77702e69d165,imi:7f432025fd39d23cfe1860c0978fceba3787e8ed"><title>Locked Down</title><date>2021</date><icon src="https://staticqbr-be-prod.tnprod.cdn.dmdsdp.com/image-service/ImagesEPG/EventImages/6e8__baa__6e8baad4-64ed-449d-b408-5b107dc197b9__B203709809.jpg"></icon><desc>Geliefden Linda en Paxton staan op het punt om uit elkaar te gaan wanneer er een lockdown wordt afgekondigd. Noodgedwongen slijten ze hun dagen samen thuis, waar ze zich verdiepen in poëzie en wijn. Op een dag krijgen ze het idee om een warenhuis te overvallen. Brengt het plannen van de roof hen weer dichter bij elkaar?</desc><category>Film, Actie</category></programme>