<programme channel="lgi-be-prod-master:ntv" start="20211226230000 +0000" stop="20211226231000 +0000" catchup-id="crid:~~2F~~2Ftelenet.be~~2Ff99f9f76-f6dc-46e2-8d1a-826e313653dd-deu,imi:5942cbcdebc17a031ab046b71e5daeea6cea011f"><title>Nachrichten</title><date></date><icon src="https://staticqbr-be-prod.tnprod.cdn.dmdsdp.com/image-service/ImagesEPG/EventImages/f14__de0__f14de018-9dd6-491e-8f14-8ef0f728ccbd__B78363348.jpg"></icon><desc>ntv informiert über die aktuellen Top-Themen des Tages, zeigt die wichtigsten Entwicklungen auf der ganzen Welt, liefert Hintergründe und Einschätzungen und fasst zusammen, was die Menschen bewegt. Immer wieder sind Experten und Politiker im Studio oder zugeschaltet, die die Nachrichtenlage kommentieren und einordnen.</desc><category>Actualiteit</category></programme><programme channel="lgi-be-prod-master:ntv" start="20211226231000 +0000" stop="20211227000000 +0000" catchup-id="crid:~~2F~~2Ftelenet.be~~2F3ce0da80-0055-4dca-bdab-0877aaffa8f7-deu,imi:2be466ec03815198abe9819a8caca0a1b37682b7"><title>Leben im Eisfach - Die kälteste Stadt der Welt</title><date>2021</date><icon src="https://staticqbr-be-prod.tnprod.cdn.dmdsdp.com/image-service/ImagesEPG/EventImages/2e8__31b__2e831b0c-89e4-47e8-808f-b47941abb93d__B105932959.jpg"></icon><desc>Jakutsk - die kälteste Großstadt der Welt. Temperaturen von -55 Grad Celsius sind hier keine Seltenheit. Die Menschen haben sich angepasst: Autos werden im Winter niemals abgestellt, der Markt dient als Kühlhaus und ohne die richtige Kleidung geht man nicht aus dem Haus. Die Dokumentation taucht ein in die Stadt, die aufgrund ihrer Lage im Zentrum des weltweiten Interesses steht. Denn der Klimawandel lässt sich hier besonders gut beobachten.</desc><category>Reizen</category></programme><programme channel="lgi-be-prod-master:ntv" start="20211227000000 +0000" stop="20211227004000 +0000" catchup-id="crid:~~2F~~2Ftelenet.be~~2Fe6917bf0-b2fc-4a2e-bb01-4cb9a898f4a2-deu,imi:aade0198e9cc35bf8b5bbf0a1d3bc9f1c4669abd"><title>Rätselhafte Phänomene</title><date></date><icon src="https://staticqbr-be-prod.tnprod.cdn.dmdsdp.com/image-service/ImagesEPG/EventImages/69a__201__69a20120-e71e-4c92-929d-5fe6493645fc__B160043378.jpg"></icon><desc>Eine mysteriöse römische Ruine taucht auf Satellitenbildern auf. Archäologen reisen in die Gegend und machen eine erstaunliche Entdeckung. Auf einer entlegenen schottischen Insel wird ein mysteriöses Bauwerk entdeckt. Was hat es damit auf sich?</desc><category>Documentaire, Oude culturen</category></programme><programme channel="lgi-be-prod-master:ntv" start="20211227004000 +0000" stop="20211227012000 +0000" catchup-id="crid:~~2F~~2Ftelenet.be~~2F2acf46a8-6021-4d48-ad90-fdf00cd3e256-deu,imi:7e0aa0007f438d5ae1bfababeca58b60dbbfa370"><title>Rätselhafte Phänomene</title><date></date><icon src="https://staticqbr-be-prod.tnprod.cdn.dmdsdp.com/image-service/ImagesEPG/EventImages/69a__201__69a20120-e71e-4c92-929d-5fe6493645fc__B160043378.jpg"></icon><desc>Satelliten über New Jersey entdecken geheimnisvolle Strukturen. Ihr Ursprung deutet auf ein blutiges Kapitel in der amerikanischen Geschichte hin. In Nordengland finden Forscher Fotos eines Gebildes, tief in den Wäldern versteckt.</desc><category>Documentaire, Oude culturen</category></programme><programme channel="lgi-be-prod-master:ntv" start="20211227012000 +0000" stop="20211227020500 +0000" catchup-id="crid:~~2F~~2Ftelenet.be~~2F0a8592d9-e52f-4c35-a4f7-c2612942d9c9-deu,imi:28b2be336b89a1e0d5effc85281014cfab5f0168"><title>Rätselhafte Phänomene</title><date></date><icon src="https://staticqbr-be-prod.tnprod.cdn.dmdsdp.com/image-service/ImagesEPG/EventImages/69a__201__69a20120-e71e-4c92-929d-5fe6493645fc__B160043378.jpg"></icon><desc>In Russland entdecken Satelliten eine Reihe von Geisterstädten in den Bergen. Forscher reisen in die Gegend, um zu erfahren, was sich hier ereignet hat. Ein NASA-Flugzeug filmt bei einem Scan tief unter dem grönländischen Eis etwas, das auf eines der kontroversesten Experimente der Geschichte deutet.</desc><category>Documentaire, Oude culturen</category></programme><programme channel="lgi-be-prod-master:ntv" start="20211227020500 +0000" stop="20211227024500 +0000" catchup-id="crid:~~2F~~2Ftelenet.be~~2F206f174b-b93d-4661-91c8-6f1c794cea98-deu,imi:e101452cd6af2823b67db4764390efa9bf568157"><title>Rätselhafte Phänomene</title><date></date><icon src="https://staticqbr-be-prod.tnprod.cdn.dmdsdp.com/image-service/ImagesEPG/EventImages/69a__201__69a20120-e71e-4c92-929d-5fe6493645fc__B160043378.jpg"></icon><desc>Luftbilder zeigen ein seltsames Muster in der Nähe des Death Valley - sind es Relikte aus einer längst vergangenen Ära? Außerdem fängt ein Satellit über der italienischen Küste eine seltsame Struktur auf einer verlassenen Insel ein. Die Analysten stoßen auf eine höchst bizarre Geschichte, die sich dahinter verbirgt.</desc><category>Documentaire, Oude culturen</category></programme><programme channel="lgi-be-prod-master:ntv" start="20211227024500 +0000" stop="20211227032500 +0000" catchup-id="crid:~~2F~~2Ftelenet.be~~2Fe6917bf0-b2fc-4a2e-bb01-4cb9a898f4a2-deu,imi:e7bec6c7cd733ec6019d62d8cdd2f70e58749cf5"><title>Rätselhafte Phänomene</title><date></date><icon src="https://staticqbr-be-prod.tnprod.cdn.dmdsdp.com/image-service/ImagesEPG/EventImages/69a__201__69a20120-e71e-4c92-929d-5fe6493645fc__B160043378.jpg"></icon><desc>Eine mysteriöse römische Ruine taucht auf Satellitenbildern auf. Archäologen reisen in die Gegend und machen eine erstaunliche Entdeckung. Auf einer entlegenen schottischen Insel wird ein mysteriöses Bauwerk entdeckt. Was hat es damit auf sich?</desc><category>Documentaire, Oude culturen</category></programme><programme channel="lgi-be-prod-master:ntv" start="20211227032500 +0000" stop="20211227040500 +0000" catchup-id="crid:~~2F~~2Ftelenet.be~~2F2acf46a8-6021-4d48-ad90-fdf00cd3e256-deu,imi:b138e547dd8f8cbcaa26d5f448fa5763f427ec34"><title>Rätselhafte Phänomene</title><date></date><icon src="https://staticqbr-be-prod.tnprod.cdn.dmdsdp.com/image-service/ImagesEPG/EventImages/69a__201__69a20120-e71e-4c92-929d-5fe6493645fc__B160043378.jpg"></icon><desc>Satelliten über New Jersey entdecken geheimnisvolle Strukturen. Ihr Ursprung deutet auf ein blutiges Kapitel in der amerikanischen Geschichte hin. In Nordengland finden Forscher Fotos eines Gebildes, tief in den Wäldern versteckt.</desc><category>Documentaire, Oude culturen</category></programme><programme channel="lgi-be-prod-master:ntv" start="20211227040500 +0000" stop="20211227041500 +0000" catchup-id="crid:~~2F~~2Ftelenet.be~~2Faa5906fb-522a-4501-b1c3-37b79901c1d3-deu,imi:1c684dff11f98554aef84674c8345e479711af43"><title>Nachrichten</title><date></date><icon src="https://staticqbr-be-prod.tnprod.cdn.dmdsdp.com/image-service/ImagesEPG/EventImages/f14__de0__f14de018-9dd6-491e-8f14-8ef0f728ccbd__B78363348.jpg"></icon><desc>ntv informiert über die aktuellen Top-Themen des Tages, zeigt die wichtigsten Entwicklungen auf der ganzen Welt, liefert Hintergründe und Einschätzungen und fasst zusammen, was die Menschen bewegt. Immer wieder sind Experten und Politiker im Studio oder zugeschaltet, die die Nachrichtenlage kommentieren und einordnen.</desc><category>Actualiteit</category></programme><programme channel="lgi-be-prod-master:ntv" start="20211227041500 +0000" stop="20211227050000 +0000" catchup-id="crid:~~2F~~2Ftelenet.be~~2F3ce0da80-0055-4dca-bdab-0877aaffa8f7-deu,imi:ff13a9fd657ef1b9166ad2e33ec42d198b0d4918"><title>Leben im Eisfach - Die kälteste Stadt der Welt</title><date>2021</date><icon src="https://staticqbr-be-prod.tnprod.cdn.dmdsdp.com/image-service/ImagesEPG/EventImages/2e8__31b__2e831b0c-89e4-47e8-808f-b47941abb93d__B105932959.jpg"></icon><desc>Jakutsk - die kälteste Großstadt der Welt. Temperaturen von -55 Grad Celsius sind hier keine Seltenheit. Die Menschen haben sich angepasst: Autos werden im Winter niemals abgestellt, der Markt dient als Kühlhaus und ohne die richtige Kleidung geht man nicht aus dem Haus. Die Dokumentation taucht ein in die Stadt, die aufgrund ihrer Lage im Zentrum des weltweiten Interesses steht. Denn der Klimawandel lässt sich hier besonders gut beobachten.</desc><category>Reizen</category></programme><programme channel="lgi-be-prod-master:ntv" start="20211227050000 +0000" stop="20211227051500 +0000" catchup-id="crid:~~2F~~2Ftelenet.be~~2Fa365fd19-acd2-4ca3-844f-286a2a12a552-deu,imi:05db6c75d5c266163e5f41e734ff6ba5f6cb3f91"><title>Nachrichten</title><date></date><icon src="https://staticqbr-be-prod.tnprod.cdn.dmdsdp.com/image-service/ImagesEPG/EventImages/f14__de0__f14de018-9dd6-491e-8f14-8ef0f728ccbd__B78363348.jpg"></icon><desc>ntv informiert über die aktuellen Top-Themen des Tages, zeigt die wichtigsten Entwicklungen auf der ganzen Welt, liefert Hintergründe und Einschätzungen und fasst zusammen, was die Menschen bewegt. Immer wieder sind Experten und Politiker im Studio oder zugeschaltet, die die Nachrichtenlage kommentieren und einordnen.</desc><category>Actualiteit</category></programme><programme channel="lgi-be-prod-master:ntv" start="20211227051500 +0000" stop="20211227053000 +0000" catchup-id="crid:~~2F~~2Ftelenet.be~~2F2acf986a-25f9-485e-9d10-5ae12d2f64a7-deu,imi:7a28a23243459296055c315bd142a33d339399c3"><title>Nachrichten</title><date></date><icon src="https://staticqbr-be-prod.tnprod.cdn.dmdsdp.com/image-service/ImagesEPG/EventImages/f14__de0__f14de018-9dd6-491e-8f14-8ef0f728ccbd__B78363348.jpg"></icon><desc>ntv informiert über die aktuellen Top-Themen des Tages, zeigt die wichtigsten Entwicklungen auf der ganzen Welt, liefert Hintergründe und Einschätzungen und fasst zusammen, was die Menschen bewegt. Immer wieder sind Experten und Politiker im Studio oder zugeschaltet, die die Nachrichtenlage kommentieren und einordnen.</desc><category>Actualiteit</category></programme><programme channel="lgi-be-prod-master:ntv" start="20211227053000 +0000" stop="20211227054500 +0000" catchup-id="crid:~~2F~~2Ftelenet.be~~2F85384e2b-b239-4492-9783-de160fc59de3-deu,imi:6c23733b14bca249e1005e1a548d215b91dab700"><title>Nachrichten</title><date></date><icon src="https://staticqbr-be-prod.tnprod.cdn.dmdsdp.com/image-service/ImagesEPG/EventImages/f14__de0__f14de018-9dd6-491e-8f14-8ef0f728ccbd__B78363348.jpg"></icon><desc>ntv informiert über die aktuellen Top-Themen des Tages, zeigt die wichtigsten Entwicklungen auf der ganzen Welt, liefert Hintergründe und Einschätzungen und fasst zusammen, was die Menschen bewegt. Immer wieder sind Experten und Politiker im Studio oder zugeschaltet, die die Nachrichtenlage kommentieren und einordnen.</desc><category>Actualiteit</category></programme><programme channel="lgi-be-prod-master:ntv" start="20211227054500 +0000" stop="20211227060000 +0000" catchup-id="crid:~~2F~~2Ftelenet.be~~2F3d16b717-ea3b-4d74-b1ce-a76f269c3dbe-deu,imi:683442a9a21184b8d801a6fde6a17003793ab102"><title>Nachrichten</title><date></date><icon src="https://staticqbr-be-prod.tnprod.cdn.dmdsdp.com/image-service/ImagesEPG/EventImages/f14__de0__f14de018-9dd6-491e-8f14-8ef0f728ccbd__B78363348.jpg"></icon><desc>ntv informiert über die aktuellen Top-Themen des Tages, zeigt die wichtigsten Entwicklungen auf der ganzen Welt, liefert Hintergründe und Einschätzungen und fasst zusammen, was die Menschen bewegt. Immer wieder sind Experten und Politiker im Studio oder zugeschaltet, die die Nachrichtenlage kommentieren und einordnen.</desc><category>Actualiteit</category></programme><programme channel="lgi-be-prod-master:ntv" start="20211227060000 +0000" stop="20211227061000 +0000" catchup-id="crid:~~2F~~2Ftelenet.be~~2F0694a978-296b-479e-8825-976da5f5ac4e-deu,imi:efb276b34d9b732b0e933120d0d3ba677c67b58b"><title>Nachrichten</title><date></date><icon src="https://staticqbr-be-prod.tnprod.cdn.dmdsdp.com/image-service/ImagesEPG/EventImages/f14__de0__f14de018-9dd6-491e-8f14-8ef0f728ccbd__B78363348.jpg"></icon><desc>ntv informiert über die aktuellen Top-Themen des Tages, zeigt die wichtigsten Entwicklungen auf der ganzen Welt, liefert Hintergründe und Einschätzungen und fasst zusammen, was die Menschen bewegt. Immer wieder sind Experten und Politiker im Studio oder zugeschaltet, die die Nachrichtenlage kommentieren und einordnen.</desc><category>Actualiteit</category></programme><programme channel="lgi-be-prod-master:ntv" start="20211227061000 +0000" stop="20211227063000 +0000" catchup-id="crid:~~2F~~2Ftelenet.be~~2Fe2be8e52-76a9-467c-b81a-d76f01b46f6f-deu,imi:ac63c99df79228c6039d2a49a2b2b8f14f800a4b"><title>Telebörse</title><date></date><icon src="https://staticqbr-be-prod.tnprod.cdn.dmdsdp.com/image-service/ImagesEPG/EventImages/a9b__f51__a9bf5130-f1e3-42e2-b337-28cf35e6b2d2__B106253322.jpg"></icon><desc>Die &quot;Telebörse&quot; präsentiert die wichtigsten Wirtschafts- und Finanznachrichten des Tages, ordnet sie für die Zuschauer ein und liefert Erklärungen. Zu Wort kommen dabei sowohl Verbraucher als auch relevante Experten - vom Startup-Up-Gründer bis zum Vorstandschef. Die aktuellsten Entwicklungen an den Finanzmärkten veranschaulichen Reporter an den Börsen in Frankfurt und New York.</desc><category>Business &amp; Financial</category></programme><programme channel="lgi-be-prod-master:ntv" start="20211227063000 +0000" stop="20211227064000 +0000" catchup-id="crid:~~2F~~2Ftelenet.be~~2F3c01061f-fb51-4b9b-a3e5-0fc83bffc4b5-deu,imi:102a9a77ba6a3896a3716f044dd4234718206ae6"><title>Nachrichten</title><date></date><icon src="https://staticqbr-be-prod.tnprod.cdn.dmdsdp.com/image-service/ImagesEPG/EventImages/f14__de0__f14de018-9dd6-491e-8f14-8ef0f728ccbd__B78363348.jpg"></icon><desc>ntv informiert über die aktuellen Top-Themen des Tages, zeigt die wichtigsten Entwicklungen auf der ganzen Welt, liefert Hintergründe und Einschätzungen und fasst zusammen, was die Menschen bewegt. Immer wieder sind Experten und Politiker im Studio oder zugeschaltet, die die Nachrichtenlage kommentieren und einordnen.</desc><category>Actualiteit</category></programme><programme channel="lgi-be-prod-master:ntv" start="20211227064000 +0000" stop="20211227070000 +0000" catchup-id="crid:~~2F~~2Ftelenet.be~~2F4874dce3-9cfd-413d-9106-964b3923ea8f-deu,imi:023b3fa12f1de40f54ecbadad7c6b1293a8b97f0"><title>Telebörse</title><date></date><icon src="https://staticqbr-be-prod.tnprod.cdn.dmdsdp.com/image-service/ImagesEPG/EventImages/a9b__f51__a9bf5130-f1e3-42e2-b337-28cf35e6b2d2__B106253322.jpg"></icon><desc>Die &quot;Telebörse&quot; präsentiert die wichtigsten Wirtschafts- und Finanznachrichten des Tages, ordnet sie für die Zuschauer ein und liefert Erklärungen. Zu Wort kommen dabei sowohl Verbraucher als auch relevante Experten - vom Startup-Up-Gründer bis zum Vorstandschef. Die aktuellsten Entwicklungen an den Finanzmärkten veranschaulichen Reporter an den Börsen in Frankfurt und New York.</desc><category>Business &amp; Financial</category></programme><programme channel="lgi-be-prod-master:ntv" start="20211227070000 +0000" stop="20211227071000 +0000" catchup-id="crid:~~2F~~2Ftelenet.be~~2Fb8c2b1b1-5fe3-4d3f-b20d-fd4cf6a3846e-deu,imi:8ba7b630c53623eac1260c3c968d025eaca4973c"><title>Nachrichten</title><date></date><icon src="https://staticqbr-be-prod.tnprod.cdn.dmdsdp.com/image-service/ImagesEPG/EventImages/f14__de0__f14de018-9dd6-491e-8f14-8ef0f728ccbd__B78363348.jpg"></icon><desc>ntv informiert über die aktuellen Top-Themen des Tages, zeigt die wichtigsten Entwicklungen auf der ganzen Welt, liefert Hintergründe und Einschätzungen und fasst zusammen, was die Menschen bewegt. Immer wieder sind Experten und Politiker im Studio oder zugeschaltet, die die Nachrichtenlage kommentieren und einordnen.</desc><category>Actualiteit</category></programme><programme channel="lgi-be-prod-master:ntv" start="20211227071000 +0000" stop="20211227073000 +0000" catchup-id="crid:~~2F~~2Ftelenet.be~~2F227fc94d-0944-4d9a-992a-c0e51becf3c7-deu,imi:a53d7594ddc462628612fa1a1c5a5d7c8fbf76a1"><title>Telebörse</title><date></date><icon src="https://staticqbr-be-prod.tnprod.cdn.dmdsdp.com/image-service/ImagesEPG/EventImages/a9b__f51__a9bf5130-f1e3-42e2-b337-28cf35e6b2d2__B106253322.jpg"></icon><desc>Die &quot;Telebörse&quot; präsentiert die wichtigsten Wirtschafts- und Finanznachrichten des Tages, ordnet sie für die Zuschauer ein und liefert Erklärungen. Zu Wort kommen dabei sowohl Verbraucher als auch relevante Experten - vom Startup-Up-Gründer bis zum Vorstandschef. Die aktuellsten Entwicklungen an den Finanzmärkten veranschaulichen Reporter an den Börsen in Frankfurt und New York.</desc><category>Business &amp; Financial</category></programme><programme channel="lgi-be-prod-master:ntv" start="20211227073000 +0000" stop="20211227074000 +0000" catchup-id="crid:~~2F~~2Ftelenet.be~~2F36f7c216-eea0-4f98-8a55-04c761fdf706-deu,imi:bfd48380c6c1e7c8be295141e5d6acde085ed3d8"><title>Nachrichten</title><date></date><icon src="https://staticqbr-be-prod.tnprod.cdn.dmdsdp.com/image-service/ImagesEPG/EventImages/f14__de0__f14de018-9dd6-491e-8f14-8ef0f728ccbd__B78363348.jpg"></icon><desc>ntv informiert über die aktuellen Top-Themen des Tages, zeigt die wichtigsten Entwicklungen auf der ganzen Welt, liefert Hintergründe und Einschätzungen und fasst zusammen, was die Menschen bewegt. Immer wieder sind Experten und Politiker im Studio oder zugeschaltet, die die Nachrichtenlage kommentieren und einordnen.</desc><category>Actualiteit</category></programme><programme channel="lgi-be-prod-master:ntv" start="20211227074000 +0000" stop="20211227080000 +0000" catchup-id="crid:~~2F~~2Ftelenet.be~~2Fb5dd9fce-70af-4bef-a7f1-3e1f2f8a74d0-deu,imi:a084b9d9e4a57fe801d5b8afbbae4b9f96102d80"><title>Telebörse</title><date></date><icon src="https://staticqbr-be-prod.tnprod.cdn.dmdsdp.com/image-service/ImagesEPG/EventImages/a9b__f51__a9bf5130-f1e3-42e2-b337-28cf35e6b2d2__B106253322.jpg"></icon><desc>Die &quot;Telebörse&quot; präsentiert die wichtigsten Wirtschafts- und Finanznachrichten des Tages, ordnet sie für die Zuschauer ein und liefert Erklärungen. Zu Wort kommen dabei sowohl Verbraucher als auch relevante Experten - vom Startup-Up-Gründer bis zum Vorstandschef. Die aktuellsten Entwicklungen an den Finanzmärkten veranschaulichen Reporter an den Börsen in Frankfurt und New York.</desc><category>Business &amp; Financial</category></programme><programme channel="lgi-be-prod-master:ntv" start="20211227080000 +0000" stop="20211227081000 +0000" catchup-id="crid:~~2F~~2Ftelenet.be~~2F43afc5a6-2db3-4ea3-8a18-da5acd543929-deu,imi:3c0f96210941eaf3a13f178d5767f08ac0238375"><title>Nachrichten</title><date></date><icon src="https://staticqbr-be-prod.tnprod.cdn.dmdsdp.com/image-service/ImagesEPG/EventImages/f14__de0__f14de018-9dd6-491e-8f14-8ef0f728ccbd__B78363348.jpg"></icon><desc>ntv informiert über die aktuellen Top-Themen des Tages, zeigt die wichtigsten Entwicklungen auf der ganzen Welt, liefert Hintergründe und Einschätzungen und fasst zusammen, was die Menschen bewegt. Immer wieder sind Experten und Politiker im Studio oder zugeschaltet, die die Nachrichtenlage kommentieren und einordnen.</desc><category>Actualiteit</category></programme><programme channel="lgi-be-prod-master:ntv" start="20211227081000 +0000" stop="20211227083000 +0000" catchup-id="crid:~~2F~~2Ftelenet.be~~2F5ed78902-5608-43ed-9ea5-82e42902660a-deu,imi:0443885ed953b2ba1f6c4b039a0b7c0d3fa39d8c"><title>Telebörse</title><date></date><icon src="https://staticqbr-be-prod.tnprod.cdn.dmdsdp.com/image-service/ImagesEPG/EventImages/a9b__f51__a9bf5130-f1e3-42e2-b337-28cf35e6b2d2__B106253322.jpg"></icon><desc>Die &quot;Telebörse&quot; präsentiert die wichtigsten Wirtschafts- und Finanznachrichten des Tages, ordnet sie für die Zuschauer ein und liefert Erklärungen. Zu Wort kommen dabei sowohl Verbraucher als auch relevante Experten - vom Startup-Up-Gründer bis zum Vorstandschef. Die aktuellsten Entwicklungen an den Finanzmärkten veranschaulichen Reporter an den Börsen in Frankfurt und New York.</desc><category>Business &amp; Financial</category></programme><programme channel="lgi-be-prod-master:ntv" start="20211227083000 +0000" stop="20211227084000 +0000" catchup-id="crid:~~2F~~2Ftelenet.be~~2F349a6c8b-4cb7-4f3b-83f6-521e947d8b32-deu,imi:19d82a879286c6e3162648da53e8feeb567ba262"><title>Nachrichten</title><date></date><icon src="https://staticqbr-be-prod.tnprod.cdn.dmdsdp.com/image-service/ImagesEPG/EventImages/f14__de0__f14de018-9dd6-491e-8f14-8ef0f728ccbd__B78363348.jpg"></icon><desc>ntv informiert über die aktuellen Top-Themen des Tages, zeigt die wichtigsten Entwicklungen auf der ganzen Welt, liefert Hintergründe und Einschätzungen und fasst zusammen, was die Menschen bewegt. Immer wieder sind Experten und Politiker im Studio oder zugeschaltet, die die Nachrichtenlage kommentieren und einordnen.</desc><category>Actualiteit</category></programme><programme channel="lgi-be-prod-master:ntv" start="20211227084000 +0000" stop="20211227090000 +0000" catchup-id="crid:~~2F~~2Ftelenet.be~~2Ff99feb78-5dec-4b9c-8408-2f7e4713dca1-deu,imi:292f6f0a1b1ad7464ec04aa61ad6474e830634e6"><title>Telebörse</title><date></date><icon src="https://staticqbr-be-prod.tnprod.cdn.dmdsdp.com/image-service/ImagesEPG/EventImages/a9b__f51__a9bf5130-f1e3-42e2-b337-28cf35e6b2d2__B106253322.jpg"></icon><desc>Die &quot;Telebörse&quot; präsentiert die wichtigsten Wirtschafts- und Finanznachrichten des Tages, ordnet sie für die Zuschauer ein und liefert Erklärungen. Zu Wort kommen dabei sowohl Verbraucher als auch relevante Experten - vom Startup-Up-Gründer bis zum Vorstandschef. Die aktuellsten Entwicklungen an den Finanzmärkten veranschaulichen Reporter an den Börsen in Frankfurt und New York.</desc><category>Business &amp; Financial</category></programme><programme channel="lgi-be-prod-master:ntv" start="20211227090000 +0000" stop="20211227091000 +0000" catchup-id="crid:~~2F~~2Ftelenet.be~~2F878b4e9d-41d4-440e-8d4c-7aeada908c2d-deu,imi:62bf43e7f3912807c50de25649b7a184dc45ef93"><title>Nachrichten</title><date></date><icon src="https://staticqbr-be-prod.tnprod.cdn.dmdsdp.com/image-service/ImagesEPG/EventImages/f14__de0__f14de018-9dd6-491e-8f14-8ef0f728ccbd__B78363348.jpg"></icon><desc>ntv informiert über die aktuellen Top-Themen des Tages, zeigt die wichtigsten Entwicklungen auf der ganzen Welt, liefert Hintergründe und Einschätzungen und fasst zusammen, was die Menschen bewegt. Immer wieder sind Experten und Politiker im Studio oder zugeschaltet, die die Nachrichtenlage kommentieren und einordnen.</desc><category>Actualiteit</category></programme><programme channel="lgi-be-prod-master:ntv" start="20211227091000 +0000" stop="20211227093000 +0000" catchup-id="crid:~~2F~~2Ftelenet.be~~2Ffbe35f46-26af-48eb-bdef-0250e766ee47-deu,imi:e1b54826a2466350cd44ed2ddbd94731651c0b5b"><title>Telebörse</title><date></date><icon src="https://staticqbr-be-prod.tnprod.cdn.dmdsdp.com/image-service/ImagesEPG/EventImages/a9b__f51__a9bf5130-f1e3-42e2-b337-28cf35e6b2d2__B106253322.jpg"></icon><desc>Die &quot;Telebörse&quot; präsentiert die wichtigsten Wirtschafts- und Finanznachrichten des Tages, ordnet sie für die Zuschauer ein und liefert Erklärungen. Zu Wort kommen dabei sowohl Verbraucher als auch relevante Experten - vom Startup-Up-Gründer bis zum Vorstandschef. Die aktuellsten Entwicklungen an den Finanzmärkten veranschaulichen Reporter an den Börsen in Frankfurt und New York.</desc><category>Business &amp; Financial</category></programme><programme channel="lgi-be-prod-master:ntv" start="20211227093000 +0000" stop="20211227094000 +0000" catchup-id="crid:~~2F~~2Ftelenet.be~~2F17053c28-7c99-4804-a9cf-1932dcd7f736-deu,imi:484dbb0349fa690e9f2cb4a587ff9159b77bae5d"><title>Nachrichten</title><date></date><icon src="https://staticqbr-be-prod.tnprod.cdn.dmdsdp.com/image-service/ImagesEPG/EventImages/f14__de0__f14de018-9dd6-491e-8f14-8ef0f728ccbd__B78363348.jpg"></icon><desc>ntv informiert über die aktuellen Top-Themen des Tages, zeigt die wichtigsten Entwicklungen auf der ganzen Welt, liefert Hintergründe und Einschätzungen und fasst zusammen, was die Menschen bewegt. Immer wieder sind Experten und Politiker im Studio oder zugeschaltet, die die Nachrichtenlage kommentieren und einordnen.</desc><category>Actualiteit</category></programme><programme channel="lgi-be-prod-master:ntv" start="20211227094000 +0000" stop="20211227100000 +0000" catchup-id="crid:~~2F~~2Ftelenet.be~~2Fa208c6a6-cc7d-495f-ab3d-d12e7d453da8-deu,imi:915d7e815da11c23c7d61bf6ac391101fb4b20c9"><title>Telebörse</title><date></date><icon src="https://staticqbr-be-prod.tnprod.cdn.dmdsdp.com/image-service/ImagesEPG/EventImages/a9b__f51__a9bf5130-f1e3-42e2-b337-28cf35e6b2d2__B106253322.jpg"></icon><desc>Die &quot;Telebörse&quot; präsentiert die wichtigsten Wirtschafts- und Finanznachrichten des Tages, ordnet sie für die Zuschauer ein und liefert Erklärungen. Zu Wort kommen dabei sowohl Verbraucher als auch relevante Experten - vom Startup-Up-Gründer bis zum Vorstandschef. Die aktuellsten Entwicklungen an den Finanzmärkten veranschaulichen Reporter an den Börsen in Frankfurt und New York.</desc><category>Business &amp; Financial</category></programme><programme channel="lgi-be-prod-master:ntv" start="20211227100000 +0000" stop="20211227101000 +0000" catchup-id="crid:~~2F~~2Ftelenet.be~~2F6a8b0ca0-b9f2-434c-9a48-87e6d799c353-deu,imi:54f0cf91e1ff21cb25b5ffb299daa55229103b8c"><title>Nachrichten</title><date></date><icon src="https://staticqbr-be-prod.tnprod.cdn.dmdsdp.com/image-service/ImagesEPG/EventImages/f14__de0__f14de018-9dd6-491e-8f14-8ef0f728ccbd__B78363348.jpg"></icon><desc>ntv informiert über die aktuellen Top-Themen des Tages, zeigt die wichtigsten Entwicklungen auf der ganzen Welt, liefert Hintergründe und Einschätzungen und fasst zusammen, was die Menschen bewegt. Immer wieder sind Experten und Politiker im Studio oder zugeschaltet, die die Nachrichtenlage kommentieren und einordnen.</desc><category>Actualiteit</category></programme><programme channel="lgi-be-prod-master:ntv" start="20211227101000 +0000" stop="20211227103000 +0000" catchup-id="crid:~~2F~~2Ftelenet.be~~2F7030057b-bc52-40af-a145-26e4027e9b96-deu,imi:374094e4ab94772c6c2c0993a6af5aa5a2ab5e34"><title>Telebörse</title><date></date><icon src="https://staticqbr-be-prod.tnprod.cdn.dmdsdp.com/image-service/ImagesEPG/EventImages/a9b__f51__a9bf5130-f1e3-42e2-b337-28cf35e6b2d2__B106253322.jpg"></icon><desc>Die &quot;Telebörse&quot; präsentiert die wichtigsten Wirtschafts- und Finanznachrichten des Tages, ordnet sie für die Zuschauer ein und liefert Erklärungen. Zu Wort kommen dabei sowohl Verbraucher als auch relevante Experten - vom Startup-Up-Gründer bis zum Vorstandschef. Die aktuellsten Entwicklungen an den Finanzmärkten veranschaulichen Reporter an den Börsen in Frankfurt und New York.</desc><category>Business &amp; Financial</category></programme><programme channel="lgi-be-prod-master:ntv" start="20211227103000 +0000" stop="20211227104000 +0000" catchup-id="crid:~~2F~~2Ftelenet.be~~2Ffcad37a5-f97a-4ba7-8a95-bfbf0fe60651-deu,imi:8b684012a552bd58e60e8bc5d4a95ea3910acd0c"><title>Nachrichten</title><date></date><icon src="https://staticqbr-be-prod.tnprod.cdn.dmdsdp.com/image-service/ImagesEPG/EventImages/f14__de0__f14de018-9dd6-491e-8f14-8ef0f728ccbd__B78363348.jpg"></icon><desc>ntv informiert über die aktuellen Top-Themen des Tages, zeigt die wichtigsten Entwicklungen auf der ganzen Welt, liefert Hintergründe und Einschätzungen und fasst zusammen, was die Menschen bewegt. Immer wieder sind Experten und Politiker im Studio oder zugeschaltet, die die Nachrichtenlage kommentieren und einordnen.</desc><category>Actualiteit</category></programme><programme channel="lgi-be-prod-master:ntv" start="20211227104000 +0000" stop="20211227110000 +0000" catchup-id="crid:~~2F~~2Ftelenet.be~~2F5716b80e-ddbb-4e96-84e3-9cb6b5b351e8-deu,imi:efa0ca2a92464f8f1d728c03d5db3cebc9d61c1a"><title>Telebörse</title><date></date><icon src="https://staticqbr-be-prod.tnprod.cdn.dmdsdp.com/image-service/ImagesEPG/EventImages/a9b__f51__a9bf5130-f1e3-42e2-b337-28cf35e6b2d2__B106253322.jpg"></icon><desc>Die &quot;Telebörse&quot; präsentiert die wichtigsten Wirtschafts- und Finanznachrichten des Tages, ordnet sie für die Zuschauer ein und liefert Erklärungen. Zu Wort kommen dabei sowohl Verbraucher als auch relevante Experten - vom Startup-Up-Gründer bis zum Vorstandschef. Die aktuellsten Entwicklungen an den Finanzmärkten veranschaulichen Reporter an den Börsen in Frankfurt und New York.</desc><category>Business &amp; Financial</category></programme><programme channel="lgi-be-prod-master:ntv" start="20211227110000 +0000" stop="20211227110500 +0000" catchup-id="crid:~~2F~~2Ftelenet.be~~2F5838c8cd-97e5-4932-bef9-7a99917c8367-deu,imi:c00e0674624a55c9911f9b4ea1a1411b245508dc"><title>Nachrichten</title><date></date><icon src="https://staticqbr-be-prod.tnprod.cdn.dmdsdp.com/image-service/ImagesEPG/EventImages/f14__de0__f14de018-9dd6-491e-8f14-8ef0f728ccbd__B78363348.jpg"></icon><desc>ntv informiert über die aktuellen Top-Themen des Tages, zeigt die wichtigsten Entwicklungen auf der ganzen Welt, liefert Hintergründe und Einschätzungen und fasst zusammen, was die Menschen bewegt. Immer wieder sind Experten und Politiker im Studio oder zugeschaltet, die die Nachrichtenlage kommentieren und einordnen.</desc><category>Actualiteit</category></programme><programme channel="lgi-be-prod-master:ntv" start="20211227110500 +0000" stop="20211227111000 +0000" catchup-id="crid:~~2F~~2Ftelenet.be~~2Fd65a7122-e413-428f-9600-283dcd9da9f8-deu,imi:25246b5e4b3dfada74de5f4600fb749c6c48be8a"><title>Telebörse</title><date></date><icon src="https://staticqbr-be-prod.tnprod.cdn.dmdsdp.com/image-service/ImagesEPG/EventImages/a9b__f51__a9bf5130-f1e3-42e2-b337-28cf35e6b2d2__B106253322.jpg"></icon><desc>Die &quot;Telebörse&quot; präsentiert die wichtigsten Wirtschafts- und Finanznachrichten des Tages, ordnet sie für die Zuschauer ein und liefert Erklärungen. Zu Wort kommen dabei sowohl Verbraucher als auch relevante Experten - vom Startup-Up-Gründer bis zum Vorstandschef. Die aktuellsten Entwicklungen an den Finanzmärkten veranschaulichen Reporter an den Börsen in Frankfurt und New York.</desc><category>Business &amp; Financial</category></programme><programme channel="lgi-be-prod-master:ntv" start="20211227111000 +0000" stop="20211227120000 +0000" catchup-id="crid:~~2F~~2Ftelenet.be~~2Ffb60a412-8f05-4ed9-b742-a3957a1c67f1-deu,imi:f80bba621f579e825ef391e417d60b33dc80be8b"><title>Broiler, Bonzen und Bananen - Die Planwirtschaft</title><date></date><icon src="https://staticqbr-be-prod.tnprod.cdn.dmdsdp.com/image-service/ImagesEPG/EventImages/69a__201__69a20120-e71e-4c92-929d-5fe6493645fc__B160043378.jpg"></icon><desc>Schlange stehen für Bananen, hohe Preise für Kaffee oder Schokolade: Das ist Alltag in der DDR. Obwohl es keine Arbeitslosen gibt, können sich viele über die vom Staat subventionierten Waren hinaus wenig leisten. Statt den Lebensstandard mit Planwirtschaft und Vollbeschäftigung zu erhöhen, stürzt die diktatorische Staatsführung die DDR damit in eine Krise. Den Bürgern fehlt es an allen Ecken und Enden. Die Doku zeigt die Tücken des Systems.</desc><category>Documentaire, Oude culturen</category></programme>