<programme channel="lgi-be-prod-master:tvbreizh" start="20211226231500 +0000" stop="20211227001000 +0000" catchup-id="crid:~~2F~~2Ftelenet.be~~2F582cee40-539b-43e3-b909-c53a4c516a0e-fre,imi:22e59a4ef73791fea9da3ec0277c155f39e4a014"><title>CSI: NY</title><date></date><icon src="https://staticqbr-be-prod.tnprod.cdn.dmdsdp.com/image-service/ImagesEPG/EventImages/e4b__2e0__e4b2e099-4173-4a80-9d63-393485bdb5a5__B141346795.jpg"></icon><desc>Wanneer een Russische toerist dood wordt teruggevonden, bijt het CSI-team zich vast in de zaak. Al snel worden ze geconfronteerd met de meedogenloze realiteit van de mensenhandel.</desc><category>Dramaseries, Actie</category></programme><programme channel="lgi-be-prod-master:tvbreizh" start="20211227001000 +0000" stop="20211227010500 +0000" catchup-id="crid:~~2F~~2Ftelenet.be~~2Fb8f3318e-45a8-4756-b338-e46e9f22b2c6-fre,imi:98e38288db60f6b662c52443f2ab4cd4bd067e1b"><title>The Mentalist</title><date></date><icon src="https://staticqbr-be-prod.tnprod.cdn.dmdsdp.com/image-service/ImagesEPG/EventImages/d67__d31__d67d316e-c431-4098-b590-fbc12c8b73b3__B127308424.jpg"></icon><desc>De FBI roept schoorvoetend de hulp in van Jane bij de zoektocht naar een vermiste computerprogrammeur. Jane wil alleen meewerken als Lisbon hem mag helpen.</desc><category>Dramaseries, Actie</category></programme><programme channel="lgi-be-prod-master:tvbreizh" start="20211227010500 +0000" stop="20211227052000 +0000" catchup-id="crid:~~2F~~2Ftelenet.be~~2F563cc1e7-914d-4a55-8d50-a3c08050380d-fre,imi:20cde21629d54fa994e094517aed321ee56bb20e"><title>Programmes de la nuit</title><date></date><icon src="https://staticqbr-be-prod.tnprod.cdn.dmdsdp.com/image-service/ImagesEPG/EventImages/f15__6db__f156db89-09e9-45e2-92f2-44d4191a0219__B105936399.jpg"></icon><desc>Retrouvez tous vos programmes de nuit.</desc><category>Dramaseries</category></programme><programme channel="lgi-be-prod-master:tvbreizh" start="20211227052000 +0000" stop="20211227063000 +0000" catchup-id="crid:~~2F~~2Ftelenet.be~~2F9f224cca-6308-41d8-94cd-2646d30d711f-fre,imi:9564bb65c89337f653b3b02d41e4def20cde0848"><title>Profilage</title><date></date><icon src="https://staticqbr-be-prod.tnprod.cdn.dmdsdp.com/image-service/ImagesEPG/EventImages/73a__d5a__73ad5ab3-0543-4ddd-adfa-1946b72b808d__B51751762.jpg"></icon><desc>Jeanne Krakowski, een fotografe van hedendaagse kunst, wordt vermoord aangetroffen in haar prachtige loft. Deze voormalige kassierster had een verrassende blitzcarrière gemaakt waarvoor ze evenwel op persoonlijk vlak een zware prijs had moeten betalen. Zo had haar man de voogdij opgeëist over hun zevenjarige dochter nadat het meisje in een alcoholische coma belandde terwijl ze onder de hoede stond van haar moeder.</desc><category>Dramaseries, Actie</category></programme><programme channel="lgi-be-prod-master:tvbreizh" start="20211227063000 +0000" stop="20211227073500 +0000" catchup-id="crid:~~2F~~2Ftelenet.be~~2F3d997a87-62aa-4c95-9d9a-5df427c1826d-fre,imi:4b23d1b37d48b60b4950953bf0ca878f813d16a8"><title>Profilage</title><date></date><icon src="https://staticqbr-be-prod.tnprod.cdn.dmdsdp.com/image-service/ImagesEPG/EventImages/73a__d5a__73ad5ab3-0543-4ddd-adfa-1946b72b808d__B51751762.jpg"></icon><desc>Fred en Hyppolite hebben 's nachts autopech en bellen aan bij een alleenstaande woning. Ze treffen er het levenloze lichaam aan van Camille Janvier, een 35-jarige architecte. Van zowel haar man als haar zoontje ontbreekt elk spoor.</desc><category>Dramaseries, Actie</category></programme><programme channel="lgi-be-prod-master:tvbreizh" start="20211227073500 +0000" stop="20211227084000 +0000" catchup-id="crid:~~2F~~2Ftelenet.be~~2F97ffa900-b2e8-4071-8e2e-06eec63db1d9-fre,imi:e7b3999420aaca0e46a177ca028f0dbfa340494d"><title>Profilage</title><date></date><icon src="https://staticqbr-be-prod.tnprod.cdn.dmdsdp.com/image-service/ImagesEPG/EventImages/73a__d5a__73ad5ab3-0543-4ddd-adfa-1946b72b808d__B51751762.jpg"></icon><desc>Een 24-jarige ober wordt geblinddoekt en met messteken vermoord aangetroffen. Voor Chloé wijzen de afwezigheid van motief, de extreme gewelddadigheid en de macabere mise-en-scène op het werk van een geestelijk gestoorde in volle crisis. Het team komt een zekere Marc Génaro op het spoor, een paranoïde schizofreen die plotseling is gestopt met zijn behandeling. Ondertussen maakt Rocher zich zorgen over Chloé en vraagt zich af of ze na haar miskraam niet te vlug opnieuw aan het werk is gegaan.</desc><category>Dramaseries, Actie</category></programme><programme channel="lgi-be-prod-master:tvbreizh" start="20211227084000 +0000" stop="20211227094500 +0000" catchup-id="crid:~~2F~~2Ftelenet.be~~2F426bf76c-2b55-4ea9-bfc3-a4da93e1eba6-fre,imi:87ed85c6519a320a230a784eda06075b4371654f"><title>Profilage</title><date></date><icon src="https://staticqbr-be-prod.tnprod.cdn.dmdsdp.com/image-service/ImagesEPG/EventImages/73a__d5a__73ad5ab3-0543-4ddd-adfa-1946b72b808d__B51751762.jpg"></icon><desc>Wanneer het levenloze lichaam van Laure Brévin, commissaris bij de dienst anti-banditisme, wordt teruggevonden, wordt meteen aan een wraakactie van het misdaadmilieu gedacht. Maar Chloé begint te twijfelen wanneer ze ontdekt dat commissaris Brévin een liefdesrelatie had met iemand uit haar team.</desc><category>Dramaseries, Actie</category></programme><programme channel="lgi-be-prod-master:tvbreizh" start="20211227094500 +0000" stop="20211227104500 +0000" catchup-id="crid:~~2F~~2Ftelenet.be~~2F426bf76c-2b55-4ea9-bfc3-a4da93e1eba6-fre,imi:562e846031e79bd3ec0a7c34257b8bb92841c6b6"><title>Profilage</title><date></date><icon src="https://staticqbr-be-prod.tnprod.cdn.dmdsdp.com/image-service/ImagesEPG/EventImages/73a__d5a__73ad5ab3-0543-4ddd-adfa-1946b72b808d__B51751762.jpg"></icon><desc>Wanneer het levenloze lichaam van Laure Brévin, commissaris bij de dienst anti-banditisme, wordt teruggevonden, wordt meteen aan een wraakactie van het misdaadmilieu gedacht. Maar Chloé begint te twijfelen wanneer ze ontdekt dat commissaris Brévin een liefdesrelatie had met iemand uit haar team.</desc><category>Dramaseries, Actie</category></programme><programme channel="lgi-be-prod-master:tvbreizh" start="20211227104500 +0000" stop="20211227115000 +0000" catchup-id="crid:~~2F~~2Ftelenet.be~~2Fd8f05b59-6247-4d58-84d6-71e619228648-fre,imi:2acc2b4585c058f146f5d437fad8368747da5845"><title>Profilage</title><date></date><icon src="https://staticqbr-be-prod.tnprod.cdn.dmdsdp.com/image-service/ImagesEPG/EventImages/73a__d5a__73ad5ab3-0543-4ddd-adfa-1946b72b808d__B51751762.jpg"></icon><desc>Een mooie dame van in de veertig wordt dood aangetroffen bij de jazzclub waar ze sinds enige tijd zangeres was. In de club is ze enkel bij haar artiestennaam gekend: Julie Garland. Bij hun zoektocht naar haar ware identiteit ontdekken Chloé en Roger dat Julie Garland bekend was doorheen heel Frankrijk en dat ze een wel heel bijzondere band had met haar pianist.</desc><category>Dramaseries, Actie</category></programme><programme channel="lgi-be-prod-master:tvbreizh" start="20211227115000 +0000" stop="20211227124000 +0000" catchup-id="crid:~~2F~~2Ftelenet.be~~2Fb73e94de-59ce-4b1c-9832-741212359709-fre,imi:78053cd1f3a8eeefa28b53c7be55b3a008e0b3d7"><title>CSI: Miami</title><date></date><icon src="https://staticqbr-be-prod.tnprod.cdn.dmdsdp.com/image-service/ImagesEPG/EventImages/da3__139__da31395f-2216-4863-8235-11cb0dbbcdb2__B54796729.jpg"></icon><desc>Tijdens het spitsuur worden in het centrum van Miami drie mensen in koelen bloede neergeschoten. Horatio en zijn team moeten de dader zo snel mogelijk vatten. Aangezien de slachtoffers allemaal geraakt werden in het aangezicht, veronderstelt Horatio dat er een sluipschutter aan het werk is.</desc><category>Dramaseries, Actie</category></programme>