<programme channel="lgi-be-prod-master:eurosporthd" start="20211226232500 +0000" stop="20211227003000 +0000" catchup-id="crid:~~2F~~2Ftelenet.be~~2F1c2b6626-9aee-4784-b4a7-64007748ae13,imi:da1b8294d7dbad5f3e16c2e2ebf2f8844c59d276"><title>Tennis</title><date></date><icon src="https://staticqbr-be-prod.tnprod.cdn.dmdsdp.com/image-service/ImagesEPG/EventImages/13f__20d__13f20d2d-3795-40c8-9a14-ba862c0a3197__B106321146.jpg"></icon><desc>Grand Slam Tournament - Vrouwen</desc><category>Sport, Tennis</category></programme><programme channel="lgi-be-prod-master:eurosporthd" start="20211227003000 +0000" stop="20211227020000 +0000" catchup-id="crid:~~2F~~2Ftelenet.be~~2F99259538-0407-488c-9390-f800d7659e35,imi:512eb65de859ab5ca80cfb0444670b7d589aa4a0"><title>Tennis</title><date></date><icon src="https://staticqbr-be-prod.tnprod.cdn.dmdsdp.com/image-service/ImagesEPG/EventImages/13f__20d__13f20d2d-3795-40c8-9a14-ba862c0a3197__B106321146.jpg"></icon><desc>US Open - Finale Mannen</desc><category>Sport, Tennis</category></programme><programme channel="lgi-be-prod-master:eurosporthd" start="20211227020000 +0000" stop="20211227040000 +0000" catchup-id="crid:~~2F~~2Ftelenet.be~~2F2e673d8d-5c36-40b0-8477-4e1f664b938c,imi:1b5ed721510dabf3ede5bf0509a49910d92ed446"><title>Wielrennen</title><date></date><icon src="https://staticqbr-be-prod.tnprod.cdn.dmdsdp.com/image-service/ImagesEPG/EventImages/384__da0__384da0be-7660-453a-9e73-06b7483e2d2e__B106321634.jpg"></icon><desc>Wielrennen op de weg.</desc><category>Sport, Wielrennen</category></programme><programme channel="lgi-be-prod-master:eurosporthd" start="20211227040000 +0000" stop="20211227063000 +0000" catchup-id="crid:~~2F~~2Ftelenet.be~~2F14bcae23-dba2-430b-b905-202612f68477,imi:c594be2dad232a77cc442b03458dc540fa087c56"><title>Snooker</title><date></date><icon src="https://staticqbr-be-prod.tnprod.cdn.dmdsdp.com/image-service/ImagesEPG/EventImages/09c__64e__09c64ea7-be8c-4473-a5c3-3b144344f924__B118120319.jpg"></icon><desc>Sportprogramma.</desc><category>Sport</category></programme><programme channel="lgi-be-prod-master:eurosporthd" start="20211227063000 +0000" stop="20211227070000 +0000" catchup-id="crid:~~2F~~2Ftelenet.be~~2F4504473a-8451-46e3-818b-d0f4289b1b79,imi:130c8fc804d7c165d19934e4b1b23097499e7899"><title>Biatlon</title><date></date><icon src="https://staticqbr-be-prod.tnprod.cdn.dmdsdp.com/image-service/ImagesEPG/EventImages/255__eaf__255eaf40-2e1c-4397-8c38-1071567c3fd7__B118298226.jpg"></icon><desc>World Cup</desc><category>Sport, Olympische Winterspelen</category></programme><programme channel="lgi-be-prod-master:eurosporthd" start="20211227070000 +0000" stop="20211227073000 +0000" catchup-id="crid:~~2F~~2Ftelenet.be~~2F95c400ca-7a03-48c2-9f43-fcd1f3225293,imi:0ea657fb8cc56fec9f37a1d12759d721fb0b61d6"><title>Biatlon</title><date></date><icon src="https://staticqbr-be-prod.tnprod.cdn.dmdsdp.com/image-service/ImagesEPG/EventImages/255__eaf__255eaf40-2e1c-4397-8c38-1071567c3fd7__B118298226.jpg"></icon><desc>World Cup</desc><category>Sport, Olympische Winterspelen</category></programme><programme channel="lgi-be-prod-master:eurosporthd" start="20211227073000 +0000" stop="20211227081500 +0000" catchup-id="crid:~~2F~~2Ftelenet.be~~2F8e948bf9-7be5-4c6f-a017-f429503608a0,imi:8b1a1c83c486bd23d351a938accd21e9b204708d"><title>Biatlon</title><date></date><icon src="https://staticqbr-be-prod.tnprod.cdn.dmdsdp.com/image-service/ImagesEPG/EventImages/255__eaf__255eaf40-2e1c-4397-8c38-1071567c3fd7__B118298226.jpg"></icon><desc>World Cup</desc><category>Sport, Olympische Winterspelen</category></programme><programme channel="lgi-be-prod-master:eurosporthd" start="20211227081500 +0000" stop="20211227090000 +0000" catchup-id="crid:~~2F~~2Ftelenet.be~~2Fde6b1ad2-1889-4d3e-9502-0d0c0d0f8824,imi:84909e06d9769d1488d41fbe764eb4bf07469b57"><title>Biatlon</title><date></date><icon src="https://staticqbr-be-prod.tnprod.cdn.dmdsdp.com/image-service/ImagesEPG/EventImages/255__eaf__255eaf40-2e1c-4397-8c38-1071567c3fd7__B118298226.jpg"></icon><desc>World Cup</desc><category>Sport, Olympische Winterspelen</category></programme><programme channel="lgi-be-prod-master:eurosporthd" start="20211227090000 +0000" stop="20211227094500 +0000" catchup-id="crid:~~2F~~2Ftelenet.be~~2Fece84bf5-a135-40bd-91aa-4689e09ae13a,imi:925da3bb91f9a13a28cdbcbee257456e9a19683f"><title>Alpineskiën</title><date></date><icon src="https://staticqbr-be-prod.tnprod.cdn.dmdsdp.com/image-service/ImagesEPG/EventImages/7c6__b18__7c6b180f-cb31-4de4-84c9-f44fdbc6eaf0__B106321631.jpg"></icon><desc>Wintersport.</desc><category>Sport, Olympische Winterspelen</category></programme><programme channel="lgi-be-prod-master:eurosporthd" start="20211227094500 +0000" stop="20211227103000 +0000" catchup-id="crid:~~2F~~2Ftelenet.be~~2F2fbd30b4-7163-4c90-8a68-eb50a34173da,imi:26eb589a0c96099849e7dffa38fcadedb4e0787e"><title>Alpineskiën</title><date></date><icon src="https://staticqbr-be-prod.tnprod.cdn.dmdsdp.com/image-service/ImagesEPG/EventImages/7c6__b18__7c6b180f-cb31-4de4-84c9-f44fdbc6eaf0__B106321631.jpg"></icon><desc>Wintersport.</desc><category>Sport, Olympische Winterspelen</category></programme><programme channel="lgi-be-prod-master:eurosporthd" start="20211227103000 +0000" stop="20211227120000 +0000" catchup-id="crid:~~2F~~2Ftelenet.be~~2F7ddc6a17-2be0-4e19-85dd-c6099f3c84c9,imi:c7e82dc71a677531a317b42cc028ef852d15d238"><title>Alpineskiën</title><date></date><icon src="https://staticqbr-be-prod.tnprod.cdn.dmdsdp.com/image-service/ImagesEPG/EventImages/7c6__b18__7c6b180f-cb31-4de4-84c9-f44fdbc6eaf0__B106321631.jpg"></icon><desc>Training  Mannen</desc><category>Sport, Olympische Winterspelen</category></programme>