<programme channel="lgi-be-prod-master:aljazeeraeng" start="20211226230000 +0000" stop="20211226233000 +0000" catchup-id="crid:~~2F~~2Ftelenet.be~~2Ff0c65fb8-9f15-478d-87e5-c3d948a7fb80-eng,imi:6d6a74d234318bc6a81ef6b9736c1e5fc8eb5e20"><title>News live</title><date></date><icon src="https://staticqbr-be-prod.tnprod.cdn.dmdsdp.com/image-service/ImagesEPG/EventImages/f14__de0__f14de018-9dd6-491e-8f14-8ef0f728ccbd__B78363348.jpg"></icon><desc>Live, breaking and in-depth news from Asia, Africa, Europe and the Americas</desc><category>Nieuws, Actualiteitenprogramma's</category></programme><programme channel="lgi-be-prod-master:aljazeeraeng" start="20211226233000 +0000" stop="20211227000000 +0000" catchup-id="crid:~~2F~~2Ftelenet.be~~2Fc9d7a40b-0340-4a49-8624-db5a8703e410-eng,imi:769afc8c9dfb765dde02e628516e71fde6fb94ea"><title>Witness Disaster in Japan</title><date></date><icon src="https://staticqbr-be-prod.tnprod.cdn.dmdsdp.com/image-service/ImagesEPG/EventImages/995__53c__99553c59-cbd2-4443-a3bb-129972803ffc__B49807920.jpg"></icon><desc>Raed Athamneh, father, fixer and six-time war survivor, always bounces back. But after Israel's 2014 war on Gaza, can Raed recover once more?</desc><category>Nieuws, Actualiteitenprogramma's</category></programme><programme channel="lgi-be-prod-master:aljazeeraeng" start="20211227000000 +0000" stop="20211227003000 +0000" catchup-id="crid:~~2F~~2Ftelenet.be~~2F892bd8af-5a98-4234-aa9f-91d19c785905-eng,imi:48715cd2b9de8f23bfd1960434b2010e30f07dcc"><title>News live</title><date></date><icon src="https://staticqbr-be-prod.tnprod.cdn.dmdsdp.com/image-service/ImagesEPG/EventImages/f14__de0__f14de018-9dd6-491e-8f14-8ef0f728ccbd__B78363348.jpg"></icon><desc>Live, breaking and in-depth news from Asia, Africa, Europe and the Americas</desc><category>Nieuws, Actualiteitenprogramma's</category></programme><programme channel="lgi-be-prod-master:aljazeeraeng" start="20211227003000 +0000" stop="20211227010000 +0000" catchup-id="crid:~~2F~~2Ftelenet.be~~2F5c9717dc-6e35-41ae-ac46-8a4c418da02e-eng,imi:511b1f37d2458c4dc5324b28d1c67f6f1fb69eca"><title>Inside Story</title><date></date><icon src="https://staticqbr-be-prod.tnprod.cdn.dmdsdp.com/image-service/ImagesEPG/EventImages/f14__de0__f14de018-9dd6-491e-8f14-8ef0f728ccbd__B78363348.jpg"></icon><desc>Nieuws en duiding.</desc><category>Nieuws, Actualiteitenprogramma's</category></programme><programme channel="lgi-be-prod-master:aljazeeraeng" start="20211227010000 +0000" stop="20211227013000 +0000" catchup-id="crid:~~2F~~2Ftelenet.be~~2Fb29e19d3-4d5a-491f-8c29-9a58594d483a-eng,imi:aac71369ff974d03968bc782797395e1c31083f7"><title>The Bottom Line</title><date></date><icon src="https://staticqbr-be-prod.tnprod.cdn.dmdsdp.com/image-service/ImagesEPG/EventImages/215__e00__215e00d1-e35d-49ff-a2c6-bb77a2917299__W106255293.jpg"></icon><desc>Businessmagazine</desc><category>Nieuws, Actualiteitenprogramma's</category></programme><programme channel="lgi-be-prod-master:aljazeeraeng" start="20211227013000 +0000" stop="20211227020000 +0000" catchup-id="crid:~~2F~~2Ftelenet.be~~2F18421116-3b83-4733-9879-1df0f4414d2f-eng,imi:4559990af001b015dac72108319eff0f9312bfe7"><title>Portal</title><date></date><icon src="https://staticqbr-be-prod.tnprod.cdn.dmdsdp.com/image-service/ImagesEPG/EventImages/f14__de0__f14de018-9dd6-491e-8f14-8ef0f728ccbd__B78363348.jpg"></icon><desc>A new magazine series, showcasing the best content from Al Jazeera online.</desc><category>Nieuws, Actualiteitenprogramma's</category></programme><programme channel="lgi-be-prod-master:aljazeeraeng" start="20211227020000 +0000" stop="20211227023000 +0000" catchup-id="crid:~~2F~~2Ftelenet.be~~2F0628695e-64c5-49db-bac7-e97040b2336d-eng,imi:8b08f3a2ff4258df5e51bf4e409aa022e3a570de"><title>News live</title><date></date><icon src="https://staticqbr-be-prod.tnprod.cdn.dmdsdp.com/image-service/ImagesEPG/EventImages/f14__de0__f14de018-9dd6-491e-8f14-8ef0f728ccbd__B78363348.jpg"></icon><desc>Live, breaking and in-depth news from Asia, Africa, Europe and the Americas</desc><category>Nieuws, Actualiteitenprogramma's</category></programme><programme channel="lgi-be-prod-master:aljazeeraeng" start="20211227023000 +0000" stop="20211227030000 +0000" catchup-id="crid:~~2F~~2Ftelenet.be~~2F04b5de59-4fe9-403b-9d8f-8ee7d1aa96f6-eng,imi:b4ce69e04acf07cb9bea945e8595e26622045d8f"><title>Listening Post</title><date></date><icon src="https://staticqbr-be-prod.tnprod.cdn.dmdsdp.com/image-service/ImagesEPG/EventImages/938__05a__93805a05-b54a-4d86-a6a6-f199a924ace1__B105932964.jpg"></icon><desc>Reportages over actuele onderwerpen</desc><category>Nieuws, Actualiteitenprogramma's</category></programme><programme channel="lgi-be-prod-master:aljazeeraeng" start="20211227030000 +0000" stop="20211227033000 +0000" catchup-id="crid:~~2F~~2Ftelenet.be~~2Faf36a408-69a4-4a3e-b58b-01eea83a90ab-eng,imi:26c961129fa7088233732ed42c9042be1263e031"><title>News live</title><date></date><icon src="https://staticqbr-be-prod.tnprod.cdn.dmdsdp.com/image-service/ImagesEPG/EventImages/f14__de0__f14de018-9dd6-491e-8f14-8ef0f728ccbd__B78363348.jpg"></icon><desc>Live, breaking and in-depth news from Asia, Africa, Europe and the Americas</desc><category>Nieuws, Actualiteitenprogramma's</category></programme><programme channel="lgi-be-prod-master:aljazeeraeng" start="20211227033000 +0000" stop="20211227040000 +0000" catchup-id="crid:~~2F~~2Ftelenet.be~~2F67f1728d-909d-4884-97ce-82ec2d100244-eng,imi:428bed4f46b52d21dd4bdfbd45f524ff707ef471"><title>Counting the Cost</title><date></date><icon src="https://staticqbr-be-prod.tnprod.cdn.dmdsdp.com/image-service/ImagesEPG/EventImages/59a__5c9__59a5c960-dc99-4ea0-90c5-d9a498c06376__B105940124.jpg"></icon><desc>Informatief programma.</desc><category>Actualiteit</category></programme><programme channel="lgi-be-prod-master:aljazeeraeng" start="20211227040000 +0000" stop="20211227043000 +0000" catchup-id="crid:~~2F~~2Ftelenet.be~~2Fa69c3bab-4475-44df-a883-e30272dd6ec7-eng,imi:67c0c07998e132bb6bcb6ba603c4ebb965238d07"><title>News live</title><date></date><icon src="https://staticqbr-be-prod.tnprod.cdn.dmdsdp.com/image-service/ImagesEPG/EventImages/f14__de0__f14de018-9dd6-491e-8f14-8ef0f728ccbd__B78363348.jpg"></icon><desc>Live, breaking and in-depth news from Asia, Africa, Europe and the Americas</desc><category>Nieuws, Actualiteitenprogramma's</category></programme><programme channel="lgi-be-prod-master:aljazeeraeng" start="20211227043000 +0000" stop="20211227050000 +0000" catchup-id="crid:~~2F~~2Ftelenet.be~~2F857632ab-b440-424e-9289-8049b62d34f6-eng,imi:786d00a528900d089f564258715349cbdb63abb5"><title>UpFront</title><date></date><icon src="https://staticqbr-be-prod.tnprod.cdn.dmdsdp.com/image-service/ImagesEPG/EventImages/f14__de0__f14de018-9dd6-491e-8f14-8ef0f728ccbd__B78363348.jpg"></icon><desc>Challenging, dynamic and UpFront, Mehdi Hasan cuts through headlines to get to the heart of the matter with his guests and newsmakers</desc><category>Nieuws, Actualiteitenprogramma's</category></programme><programme channel="lgi-be-prod-master:aljazeeraeng" start="20211227050000 +0000" stop="20211227053000 +0000" catchup-id="crid:~~2F~~2Ftelenet.be~~2Ffcca0fc8-808a-481e-8b78-b5f43c8ac266-eng,imi:77bd6b1132f77211373e5e67fddd751a00854ab7"><title>News live</title><date></date><icon src="https://staticqbr-be-prod.tnprod.cdn.dmdsdp.com/image-service/ImagesEPG/EventImages/f14__de0__f14de018-9dd6-491e-8f14-8ef0f728ccbd__B78363348.jpg"></icon><desc>Live, breaking and in-depth news from Asia, Africa, Europe and the Americas</desc><category>Nieuws, Actualiteitenprogramma's</category></programme><programme channel="lgi-be-prod-master:aljazeeraeng" start="20211227053000 +0000" stop="20211227060000 +0000" catchup-id="crid:~~2F~~2Ftelenet.be~~2F3639eccd-f9e8-4040-81b7-d7e9007fb03b-eng,imi:abeced47e4567c84f631502942d2d85a0965ef23"><title>101 East</title><date></date><icon src="https://staticqbr-be-prod.tnprod.cdn.dmdsdp.com/image-service/ImagesEPG/EventImages/6a1__47f__6a147fb1-1a75-44c6-9343-2e817af25c42__B106317765.jpg"></icon><desc>101 East reports on the people and events shaping the Asia Pacific region</desc><category>Actualiteit</category></programme><programme channel="lgi-be-prod-master:aljazeeraeng" start="20211227060000 +0000" stop="20211227063000 +0000" catchup-id="crid:~~2F~~2Ftelenet.be~~2Fb29e19d3-4d5a-491f-8c29-9a58594d483a-eng,imi:1a9357fb9755362ff78087c76fae8ff1b0f325c0"><title>The Bottom Line</title><date></date><icon src="https://staticqbr-be-prod.tnprod.cdn.dmdsdp.com/image-service/ImagesEPG/EventImages/215__e00__215e00d1-e35d-49ff-a2c6-bb77a2917299__W106255293.jpg"></icon><desc>Businessmagazine</desc><category>Nieuws, Actualiteitenprogramma's</category></programme><programme channel="lgi-be-prod-master:aljazeeraeng" start="20211227063000 +0000" stop="20211227070000 +0000" catchup-id="crid:~~2F~~2Ftelenet.be~~2F18421116-3b83-4733-9879-1df0f4414d2f-eng,imi:214df76139a3ee4efd9117568f426eb4c15f9888"><title>Portal</title><date></date><icon src="https://staticqbr-be-prod.tnprod.cdn.dmdsdp.com/image-service/ImagesEPG/EventImages/f14__de0__f14de018-9dd6-491e-8f14-8ef0f728ccbd__B78363348.jpg"></icon><desc>A new magazine series, showcasing the best content from Al Jazeera online.</desc><category>Nieuws, Actualiteitenprogramma's</category></programme><programme channel="lgi-be-prod-master:aljazeeraeng" start="20211227070000 +0000" stop="20211227073000 +0000" catchup-id="crid:~~2F~~2Ftelenet.be~~2F1fd22f43-4cc8-49b7-bca7-ad9fbfce9a43-eng,imi:d6e9e15398ff6450685698d94e979483a48499a1"><title>News live</title><date></date><icon src="https://staticqbr-be-prod.tnprod.cdn.dmdsdp.com/image-service/ImagesEPG/EventImages/f14__de0__f14de018-9dd6-491e-8f14-8ef0f728ccbd__B78363348.jpg"></icon><desc>Live, breaking and in-depth news from Asia, Africa, Europe and the Americas</desc><category>Nieuws, Actualiteitenprogramma's</category></programme><programme channel="lgi-be-prod-master:aljazeeraeng" start="20211227073000 +0000" stop="20211227080000 +0000" catchup-id="crid:~~2F~~2Ftelenet.be~~2Fcc42c041-1283-4f16-ac50-b6eb311c7497-eng,imi:297d02778862b182f33cbed3136c245418cdb2b0"><title>Inside Story</title><date></date><icon src="https://staticqbr-be-prod.tnprod.cdn.dmdsdp.com/image-service/ImagesEPG/EventImages/f14__de0__f14de018-9dd6-491e-8f14-8ef0f728ccbd__B78363348.jpg"></icon><desc>Nieuws en duiding.</desc><category>Nieuws, Actualiteitenprogramma's</category></programme><programme channel="lgi-be-prod-master:aljazeeraeng" start="20211227080000 +0000" stop="20211227083000 +0000" catchup-id="crid:~~2F~~2Ftelenet.be~~2Ffe17c4f5-0a9f-4b4a-b655-69fb617ba6de-eng,imi:5469baf93b43a8b8be7c795773ed4ad798f52d7c"><title>News live</title><date></date><icon src="https://staticqbr-be-prod.tnprod.cdn.dmdsdp.com/image-service/ImagesEPG/EventImages/f14__de0__f14de018-9dd6-491e-8f14-8ef0f728ccbd__B78363348.jpg"></icon><desc>Live, breaking and in-depth news from Asia, Africa, Europe and the Americas</desc><category>Nieuws, Actualiteitenprogramma's</category></programme><programme channel="lgi-be-prod-master:aljazeeraeng" start="20211227083000 +0000" stop="20211227090000 +0000" catchup-id="crid:~~2F~~2Ftelenet.be~~2F857632ab-b440-424e-9289-8049b62d34f6-eng,imi:db37f936e3540ba4145290de0caff21cc0bc4718"><title>UpFront</title><date></date><icon src="https://staticqbr-be-prod.tnprod.cdn.dmdsdp.com/image-service/ImagesEPG/EventImages/f14__de0__f14de018-9dd6-491e-8f14-8ef0f728ccbd__B78363348.jpg"></icon><desc>Challenging, dynamic and UpFront, Mehdi Hasan cuts through headlines to get to the heart of the matter with his guests and newsmakers</desc><category>Nieuws, Actualiteitenprogramma's</category></programme><programme channel="lgi-be-prod-master:aljazeeraeng" start="20211227090000 +0000" stop="20211227093000 +0000" catchup-id="crid:~~2F~~2Ftelenet.be~~2F2dbd1e50-aa0e-4567-8624-1c94218d27ca-eng,imi:0d2695d9598493da54e24e4b6700764e86439289"><title>News live</title><date></date><icon src="https://staticqbr-be-prod.tnprod.cdn.dmdsdp.com/image-service/ImagesEPG/EventImages/f14__de0__f14de018-9dd6-491e-8f14-8ef0f728ccbd__B78363348.jpg"></icon><desc>Live, breaking and in-depth news from Asia, Africa, Europe and the Americas</desc><category>Nieuws, Actualiteitenprogramma's</category></programme><programme channel="lgi-be-prod-master:aljazeeraeng" start="20211227093000 +0000" stop="20211227100000 +0000" catchup-id="crid:~~2F~~2Ftelenet.be~~2F3ab754da-3fd7-4e96-8935-43f513874353-eng,imi:9a07713a3f4d9b2a79e1b988846e066b7bbb3ef5"><title>Studio B: Unscripted</title><date></date><icon src="https://staticqbr-be-prod.tnprod.cdn.dmdsdp.com/image-service/ImagesEPG/EventImages/f14__de0__f14de018-9dd6-491e-8f14-8ef0f728ccbd__B78363348.jpg"></icon><desc>Nieuws en duiding.</desc><category>Nieuws, Actualiteitenprogramma's</category></programme><programme channel="lgi-be-prod-master:aljazeeraeng" start="20211227100000 +0000" stop="20211227110000 +0000" catchup-id="crid:~~2F~~2Ftelenet.be~~2F4797fc7a-1925-4fdb-bc48-cb2abe40557b-eng,imi:a1cb3e83babfb80264405fbf69bab4263f4a12b1"><title>News Hour</title><date></date><icon src="https://staticqbr-be-prod.tnprod.cdn.dmdsdp.com/image-service/ImagesEPG/EventImages/f14__de0__f14de018-9dd6-491e-8f14-8ef0f728ccbd__B78363348.jpg"></icon><desc>Nieuws vanuit Al Jazeera's internationale nieuwscentra</desc><category>Actualiteit</category></programme><programme channel="lgi-be-prod-master:aljazeeraeng" start="20211227110000 +0000" stop="20211227113000 +0000" catchup-id="crid:~~2F~~2Ftelenet.be~~2F407bdad3-1168-427a-840d-cd241c084247-eng,imi:14697c7e405da30447ab04b47d3b272d4af7ea4f"><title>News live</title><date></date><icon src="https://staticqbr-be-prod.tnprod.cdn.dmdsdp.com/image-service/ImagesEPG/EventImages/f14__de0__f14de018-9dd6-491e-8f14-8ef0f728ccbd__B78363348.jpg"></icon><desc>Live, breaking and in-depth news from Asia, Africa, Europe and the Americas</desc><category>Nieuws, Actualiteitenprogramma's</category></programme><programme channel="lgi-be-prod-master:aljazeeraeng" start="20211227113000 +0000" stop="20211227120000 +0000" catchup-id="crid:~~2F~~2Ftelenet.be~~2Fcc42c041-1283-4f16-ac50-b6eb311c7497-eng,imi:58fb99f995b86b3b14205dd51c4ba2c29e4f01a7"><title>Inside Story</title><date></date><icon src="https://staticqbr-be-prod.tnprod.cdn.dmdsdp.com/image-service/ImagesEPG/EventImages/f14__de0__f14de018-9dd6-491e-8f14-8ef0f728ccbd__B78363348.jpg"></icon><desc>Nieuws en duiding.</desc><category>Nieuws, Actualiteitenprogramma's</category></programme>