<programme channel="lgi-be-prod-master:discoveryid" start="20211227000000 +0000" stop="20211227013000 +0000" catchup-id="crid:~~2F~~2Ftelenet.be~~2F6c973c65-a9ea-4928-af87-64c835f645f0,imi:156ec8c4bcf2de06d4342997bf22205eff197c9e"><title>I Killed My Family When I Was 16</title><date></date><icon src="https://staticqbr-be-prod.tnprod.cdn.dmdsdp.com/image-service/ImagesEPG/EventImages/69a__201__69a20120-e71e-4c92-929d-5fe6493645fc__B160043378.jpg"></icon><desc>In april 2000 vermoordde de zestienjarige José Rabadán zijn ouders en jongere zusje met een samoeraizwaard. Zeventien jaar later is hij volledig gereïntegreerd in de samenleving.</desc><category>Documentaire, Oude culturen</category></programme><programme channel="lgi-be-prod-master:discoveryid" start="20211227013000 +0000" stop="20211227022000 +0000" catchup-id="crid:~~2F~~2Ftelenet.be~~2F412b119d-9da9-4c44-b4c9-9037b608c400,imi:a0cdb075a8c3714148e34f66827f7952a39bd924"><title>Evil Lives Here</title><date></date><icon src="https://staticqbr-be-prod.tnprod.cdn.dmdsdp.com/image-service/ImagesEPG/EventImages/f14__de0__f14de018-9dd6-491e-8f14-8ef0f728ccbd__B78363348.jpg"></icon><desc>Waargebeurde verhalen van mensen die er na een aantal verdachte gebeurtenissen achter komen dat ze samenleven met een moordenaar. Worden ze meegesleurd in het kwaad?</desc><category>Overig</category></programme><programme channel="lgi-be-prod-master:discoveryid" start="20211227022000 +0000" stop="20211227031000 +0000" catchup-id="crid:~~2F~~2Ftelenet.be~~2F87d70ec1-6502-46cb-b851-5cd0b7eb8329,imi:5bb50d0ede943b5da985435f4eaa094b5b6fe2ca"><title>Killer Unknown</title><date></date><icon src="https://staticqbr-be-prod.tnprod.cdn.dmdsdp.com/image-service/ImagesEPG/EventImages/0a0__918__0a0918be-0721-42e3-82ef-d7bb13746ceb__B142630843.jpg"></icon><desc>Oud-rechercheurs en forensisch experts gaan op zoek naar aanwijzingen die mogelijk nieuw licht kunnen werpen op oude onopgeloste zaken in Tulsa County.</desc><category>Documentaire, Oude culturen</category></programme><programme channel="lgi-be-prod-master:discoveryid" start="20211227031000 +0000" stop="20211227035500 +0000" catchup-id="crid:~~2F~~2Ftelenet.be~~2F82ad31a7-d1ae-4b68-8258-e1f2761df43f,imi:ae187fb5e309f62f6501692f3757e66f382abe72"><title>Killer Unknown</title><date></date><icon src="https://staticqbr-be-prod.tnprod.cdn.dmdsdp.com/image-service/ImagesEPG/EventImages/0a0__918__0a0918be-0721-42e3-82ef-d7bb13746ceb__B142630843.jpg"></icon><desc>Oud-rechercheurs en forensisch experts gaan op zoek naar aanwijzingen die mogelijk nieuw licht kunnen werpen op oude onopgeloste zaken in Tulsa County.</desc><category>Documentaire, Oude culturen</category></programme><programme channel="lgi-be-prod-master:discoveryid" start="20211227035500 +0000" stop="20211227044000 +0000" catchup-id="crid:~~2F~~2Ftelenet.be~~2Febf4e7f2-a4a7-4074-860b-c317645b65a7,imi:4241d3ed9bf8a8961b9a2a000142a7028991be66"><title>Lone Star Law</title><date></date><icon src="https://staticqbr-be-prod.tnprod.cdn.dmdsdp.com/image-service/ImagesEPG/EventImages/371__569__371569c6-b6e0-4a8a-8e05-6c20a8ddd88e__B105932966.jpg"></icon><desc>De jachtopzieners speuren de Rio Grande af naar een lijk, terwijl jachtopziener Powell een opmerkelijk incident met een hert onderzoekt. Elders veroorzaakt een alligator overlast.</desc><category>Documentaire, Reality-tv</category></programme><programme channel="lgi-be-prod-master:discoveryid" start="20211227044000 +0000" stop="20211227050000 +0000" catchup-id="crid:~~2F~~2Ftelenet.be~~2F617020ce-7383-40be-aa13-b0bd0206cc1a,imi:92257fecc8f5012c78980cf5d2bcb53a476560be"><title>Hometown Homicide: Local Mysteries</title><date></date><icon src="https://staticqbr-be-prod.tnprod.cdn.dmdsdp.com/image-service/ImagesEPG/EventImages/f14__de0__f14de018-9dd6-491e-8f14-8ef0f728ccbd__B78363348.jpg"></icon><desc>In Courtland, Mississippi wordt een vrouw in brand gestoken. En een vermiste moeder wordt 160 km van haar huis in Altoona, Wisconsin dood gevonden. Is de dader iemand uit Altoona?</desc><category>Overig</category></programme><programme channel="lgi-be-prod-master:discoveryid" start="20211227050000 +0000" stop="20211227055500 +0000" catchup-id="crid:~~2F~~2Ftelenet.be~~2F44107eda-9734-4f6b-822b-6dc956ce688b,imi:b6601e1dafc38a41ae5bf0e5b6a3358721280e6b"><title>Relatively Evil</title><date></date><icon src="https://staticqbr-be-prod.tnprod.cdn.dmdsdp.com/image-service/ImagesEPG/EventImages/066__9fd__0669fd91-6e9d-47b9-9672-954719f36340__B164807605.jpg"></icon><desc>Een jongeman die in een tehuis is opgegroeid vindt zijn biologische broer terug. Maar gaandeweg ontstaan er in het herenigde gezin scheuren die tot een schokkend misdrijf leiden.</desc><category>Documentaire, Oude culturen</category></programme><programme channel="lgi-be-prod-master:discoveryid" start="20211227055500 +0000" stop="20211227065000 +0000" catchup-id="crid:~~2F~~2Ftelenet.be~~2F61001f2e-30b1-4c14-8d02-faa9fc49c300,imi:57b75c276e17fa5827d86f8baddd20ed078220f2"><title>Blood Relatives</title><date></date><icon src="https://staticqbr-be-prod.tnprod.cdn.dmdsdp.com/image-service/ImagesEPG/EventImages/d5d__15d__d5d15d2d-ba9b-432d-9116-f65275bfc9db__B103290590.jpg"></icon><desc>Iemand belt het alarmnummer om te melden dat een familielid dood is. Achter een schijnbare zelfmoord schuilt een wereld van seksfilmpjes, verbroken beloftes en moordmotieven.</desc><category>Documentaire, Oude culturen</category></programme><programme channel="lgi-be-prod-master:discoveryid" start="20211227065000 +0000" stop="20211227074500 +0000" catchup-id="crid:~~2F~~2Ftelenet.be~~2F9c760682-5963-4964-a0ca-152171cff583,imi:2bee9d09331a459faea978151a2504bf5a34767d"><title>Blood Relatives</title><date></date><icon src="https://staticqbr-be-prod.tnprod.cdn.dmdsdp.com/image-service/ImagesEPG/EventImages/d5d__15d__d5d15d2d-ba9b-432d-9116-f65275bfc9db__B103290590.jpg"></icon><desc>Rechercheurs die onderzoek doen naar een gruwelijke moord, stuiten op duistere geheimen en verboden relaties. Iedereen komt als verdachte in aanmerking, zelfs naaste familieleden.</desc><category>Documentaire, Oude culturen</category></programme><programme channel="lgi-be-prod-master:discoveryid" start="20211227074500 +0000" stop="20211227084000 +0000" catchup-id="crid:~~2F~~2Ftelenet.be~~2F0a0d5191-ea65-4dac-9a08-2bed8189911d,imi:ca5fab567e5fcd11e23b0c9c56b9b878cd126438"><title>Lone Star Law</title><date></date><icon src="https://staticqbr-be-prod.tnprod.cdn.dmdsdp.com/image-service/ImagesEPG/EventImages/371__569__371569c6-b6e0-4a8a-8e05-6c20a8ddd88e__B105932966.jpg"></icon><desc>In Galveston County moet een jachtopziener onderdak zien te vinden voor een alligator. In Hunt County onderzoeken de jachtopzieners een pand dat beschadigd is door kogels.</desc><category>Documentaire, Reality-tv</category></programme><programme channel="lgi-be-prod-master:discoveryid" start="20211227084000 +0000" stop="20211227093500 +0000" catchup-id="crid:~~2F~~2Ftelenet.be~~2F4f885e3c-c2ca-4a3a-b12b-73667efc5fa4,imi:f75b64dca9ece39dd9009a287df00a57b0ea8e5a"><title>Lone Star Law</title><date></date><icon src="https://staticqbr-be-prod.tnprod.cdn.dmdsdp.com/image-service/ImagesEPG/EventImages/371__569__371569c6-b6e0-4a8a-8e05-6c20a8ddd88e__B105932966.jpg"></icon><desc>Het snapperseizoen is aangebroken en de jachtopzieners hebben hun handen vol met vissers die de wet overtreden. Twee mannen worden aangehouden voor mishandeling van een varken.</desc><category>Documentaire, Reality-tv</category></programme><programme channel="lgi-be-prod-master:discoveryid" start="20211227093500 +0000" stop="20211227103000 +0000" catchup-id="crid:~~2F~~2Ftelenet.be~~2Fc12cb9ba-1db8-4ac1-afa2-4bc91e8573df,imi:dbf6cffc01de9af424d238b9f1aab98ff82e4f3f"><title>Bad Blood</title><date></date><icon src="https://staticqbr-be-prod.tnprod.cdn.dmdsdp.com/image-service/ImagesEPG/EventImages/4b2__8ee__4b28eee1-6569-4cb5-b6a6-6466e00432d4__B144260923.jpg"></icon><desc>Wanneer Hope Meek verdwijnt, denkt haar familie dat ze binnen een paar dagen wel zal terugkeren. Als weken in maanden veranderen, raakt haar zus ervan overtuigd dat ze is vermoord.</desc><category>Documentaire, Oude culturen</category></programme><programme channel="lgi-be-prod-master:discoveryid" start="20211227103000 +0000" stop="20211227112500 +0000" catchup-id="crid:~~2F~~2Ftelenet.be~~2F7658d7cb-f029-4eb8-aee0-e2bafc822099,imi:8e3d57f9f052b39826c8d26bdfaab35ecc829d74"><title>Bad Blood</title><date></date><icon src="https://staticqbr-be-prod.tnprod.cdn.dmdsdp.com/image-service/ImagesEPG/EventImages/4b2__8ee__4b28eee1-6569-4cb5-b6a6-6466e00432d4__B144260923.jpg"></icon><desc>Wanneer het verminkte lichaam van kok Joe Vulevic wordt gevonden, lijkt het het werk van de maffia. Maar dan ontdekt de politie dat de dader dichter bij huis gezocht moet worden.</desc><category>Documentaire, Oude culturen</category></programme><programme channel="lgi-be-prod-master:discoveryid" start="20211227112500 +0000" stop="20211227122000 +0000" catchup-id="crid:~~2F~~2Ftelenet.be~~2Ff85c4f80-d204-4500-87c3-12843e28f6ad,imi:ce62f33e717784352d579609120a1fb4aab2575c"><title>People Magazine Investigates</title><date></date><icon src="https://staticqbr-be-prod.tnprod.cdn.dmdsdp.com/image-service/ImagesEPG/EventImages/8b5__956__8b5956db-74ab-4d53-bd02-04c58bc26d39__B118076740.jpg"></icon><desc>Misdaadjournalisten die aan een geruchtmakende moordzaak werkten, vertellen over de schokkende feiten en onverwachte onthullingen die tijdens het onderzoek naar boven kwamen.</desc><category>Overig</category></programme>