<programme channel="lgi-be-prod-master:jplfr03" start="20211226231500 +0000" stop="20211227021500 +0000" catchup-id="crid:~~2F~~2Ftelenet.be~~2F8b4e1179-aa9d-47be-9c85-f3eaa6ead284-fre,imi:b9551a5ef36267786289bced356e8b818b5b9394"><title>Aucune diffusion</title><date></date><icon src="https://staticqbr-be-prod.tnprod.cdn.dmdsdp.com/image-service/ImagesEPG/EventImages/f14__de0__f14de018-9dd6-491e-8f14-8ef0f728ccbd__B78363348.jpg"></icon><desc></desc><category>Overig</category></programme><programme channel="lgi-be-prod-master:jplfr03" start="20211227021500 +0000" stop="20211227051500 +0000" catchup-id="crid:~~2F~~2Ftelenet.be~~2F8b4e1179-aa9d-47be-9c85-f3eaa6ead284-fre,imi:da458b895ece443a094abe768de3e69e1bab7636"><title>Aucune diffusion</title><date></date><icon src="https://staticqbr-be-prod.tnprod.cdn.dmdsdp.com/image-service/ImagesEPG/EventImages/f14__de0__f14de018-9dd6-491e-8f14-8ef0f728ccbd__B78363348.jpg"></icon><desc></desc><category>Overig</category></programme><programme channel="lgi-be-prod-master:jplfr03" start="20211227051500 +0000" stop="20211227081500 +0000" catchup-id="crid:~~2F~~2Ftelenet.be~~2F8b4e1179-aa9d-47be-9c85-f3eaa6ead284-fre,imi:96dae64546f08f0dc8957c1bd5bf2cf48725cc3f"><title>Aucune diffusion</title><date></date><icon src="https://staticqbr-be-prod.tnprod.cdn.dmdsdp.com/image-service/ImagesEPG/EventImages/f14__de0__f14de018-9dd6-491e-8f14-8ef0f728ccbd__B78363348.jpg"></icon><desc></desc><category>Overig</category></programme><programme channel="lgi-be-prod-master:jplfr03" start="20211227081500 +0000" stop="20211227111500 +0000" catchup-id="crid:~~2F~~2Ftelenet.be~~2F8b4e1179-aa9d-47be-9c85-f3eaa6ead284-fre,imi:7baf9808415c88c8ed1da4eba7f67cc0fbba8007"><title>Aucune diffusion</title><date></date><icon src="https://staticqbr-be-prod.tnprod.cdn.dmdsdp.com/image-service/ImagesEPG/EventImages/f14__de0__f14de018-9dd6-491e-8f14-8ef0f728ccbd__B78363348.jpg"></icon><desc></desc><category>Overig</category></programme><programme channel="lgi-be-prod-master:jplfr03" start="20211227111500 +0000" stop="20211227141500 +0000" catchup-id="crid:~~2F~~2Ftelenet.be~~2F8b4e1179-aa9d-47be-9c85-f3eaa6ead284-fre,imi:3bdf9f2ad83e3431195ffbb21c02bb869755cc02"><title>Aucune diffusion</title><date></date><icon src="https://staticqbr-be-prod.tnprod.cdn.dmdsdp.com/image-service/ImagesEPG/EventImages/f14__de0__f14de018-9dd6-491e-8f14-8ef0f728ccbd__B78363348.jpg"></icon><desc></desc><category>Overig</category></programme>