<programme channel="lgi-be-prod-master:raiuno" start="20211226234500 +0000" stop="20211227001500 +0000" catchup-id="crid:~~2F~~2Ftelenet.be~~2Fa74dd092-ed60-4a8e-ae3d-c0d5a14635b0-ita,imi:21bd95063534f238bd69e6d43310646bb35cfbd1"><title>Viaggio nella Chiesa di Francesco</title><date></date><icon src="https://staticqbr-be-prod.tnprod.cdn.dmdsdp.com/image-service/ImagesEPG/EventImages/f14__de0__f14de018-9dd6-491e-8f14-8ef0f728ccbd__B78363348.jpg"></icon><desc>Emission religieuse</desc><category>Overig</category></programme><programme channel="lgi-be-prod-master:raiuno" start="20211227001500 +0000" stop="20211227005000 +0000" catchup-id="crid:~~2F~~2Ftelenet.be~~2Fb0842d0a-efbd-49dc-9e00-35b48b5ffdb9-ita,imi:cd59cb3636ffdd4107edde8ca80ec614f7f5b88d"><title>RAI News 24</title><date></date><icon src="https://staticqbr-be-prod.tnprod.cdn.dmdsdp.com/image-service/ImagesEPG/EventImages/f14__de0__f14de018-9dd6-491e-8f14-8ef0f728ccbd__B78363348.jpg"></icon><desc>Nieuwsuitzending.</desc><category>Actualiteit</category></programme><programme channel="lgi-be-prod-master:raiuno" start="20211227005000 +0000" stop="20211227012000 +0000" catchup-id="crid:~~2F~~2Ftelenet.be~~2F8ca170c0-40bc-41bb-8637-3d8f7ab5b391-ita,imi:ad7385948c806668c1ba441d9c14eecfb5e2665b"><title>Sottovoce</title><date></date><icon src="https://staticqbr-be-prod.tnprod.cdn.dmdsdp.com/image-service/ImagesEPG/EventImages/6a1__47f__6a147fb1-1a75-44c6-9343-2e817af25c42__B106317765.jpg"></icon><desc>L'itinéraire professionnel d'une personnalité issue du domaine de la culture, du spectacle ou du sport.</desc><category>Actualiteit</category></programme><programme channel="lgi-be-prod-master:raiuno" start="20211227012000 +0000" stop="20211227023500 +0000" catchup-id="crid:~~2F~~2Ftelenet.be~~2F071deb34-3bc6-4f10-a4f5-8019320dbe94-ita,imi:52f60384b0a80bbb96665e11756f224efd16f22f"><title>Applausi</title><date></date><icon src="https://staticqbr-be-prod.tnprod.cdn.dmdsdp.com/image-service/ImagesEPG/EventImages/215__e00__215e00d1-e35d-49ff-a2c6-bb77a2917299__W106255293.jpg"></icon><desc>Magazine.</desc><category>Nieuws, Actualiteitenprogramma's</category></programme><programme channel="lgi-be-prod-master:raiuno" start="20211227023500 +0000" stop="20211227050000 +0000" catchup-id="crid:~~2F~~2Ftelenet.be~~2Fc42c0871-f5fc-4471-bf84-b8f7ae92a468-ita,imi:17ecad32bea27ccd8bb321073c573c93561adb63"><title>RAI News 24</title><date></date><icon src="https://staticqbr-be-prod.tnprod.cdn.dmdsdp.com/image-service/ImagesEPG/EventImages/f14__de0__f14de018-9dd6-491e-8f14-8ef0f728ccbd__B78363348.jpg"></icon><desc>Nieuwsuitzending.</desc><category>Actualiteit</category></programme><programme channel="lgi-be-prod-master:raiuno" start="20211227050000 +0000" stop="20211227060000 +0000" catchup-id="crid:~~2F~~2Ftelenet.be~~2Fb324b100-8efb-480e-a450-ef046eb380cb-ita,imi:c7d7454651205ed919df2d1c5564adb88f5a05ce"><title>RAI News 24</title><date></date><icon src="https://staticqbr-be-prod.tnprod.cdn.dmdsdp.com/image-service/ImagesEPG/EventImages/f14__de0__f14de018-9dd6-491e-8f14-8ef0f728ccbd__B78363348.jpg"></icon><desc>Nieuwsuitzending.</desc><category>Actualiteit</category></programme><programme channel="lgi-be-prod-master:raiuno" start="20211227060000 +0000" stop="20211227061000 +0000" catchup-id="crid:~~2F~~2Ftelenet.be~~2F9a2367f9-3a5d-430e-8f88-747cc71a8553-ita,imi:5d2d5150c7198748490f4de1706dc0d39e5dfea5"><title>TG 1</title><date></date><icon src="https://staticqbr-be-prod.tnprod.cdn.dmdsdp.com/image-service/ImagesEPG/EventImages/f14__de0__f14de018-9dd6-491e-8f14-8ef0f728ccbd__B78363348.jpg"></icon><desc>Nieuwsuitzending.</desc><category>Actualiteit</category></programme><programme channel="lgi-be-prod-master:raiuno" start="20211227061000 +0000" stop="20211227063000 +0000" catchup-id="crid:~~2F~~2Ftelenet.be~~2Ff7002c50-c599-4660-9d9d-36e88229dc82-ita,imi:0de5332d80ae5974384b70dfe41875b37d750b72"><title>Unomattina</title><date></date><icon src="https://staticqbr-be-prod.tnprod.cdn.dmdsdp.com/image-service/ImagesEPG/EventImages/215__e00__215e00d1-e35d-49ff-a2c6-bb77a2917299__W106255293.jpg"></icon><desc>Ochtendshow</desc><category>Nieuws, Actualiteitenprogramma's</category></programme><programme channel="lgi-be-prod-master:raiuno" start="20211227063000 +0000" stop="20211227063300 +0000" catchup-id="crid:~~2F~~2Ftelenet.be~~2Feae6c30e-b892-4faf-b7d8-a5a0e89116de-ita,imi:46359acf6bb64e3cdeab452cd58d9f98140e0995"><title>Tg 1 l.i.s.</title><date></date><icon src="https://staticqbr-be-prod.tnprod.cdn.dmdsdp.com/image-service/ImagesEPG/EventImages/f14__de0__f14de018-9dd6-491e-8f14-8ef0f728ccbd__B78363348.jpg"></icon><desc>TG 1 L.I.S</desc><category>Overig</category></programme><programme channel="lgi-be-prod-master:raiuno" start="20211227063300 +0000" stop="20211227063500 +0000" catchup-id="crid:~~2F~~2Ftelenet.be~~2F990a0ddd-34b1-45bf-8ba6-fbab8feefc71-ita,imi:2ef90472a1d603312cc03be5a4300087799312e7"><title>Che tempo fa</title><date></date><icon src="https://staticqbr-be-prod.tnprod.cdn.dmdsdp.com/image-service/ImagesEPG/EventImages/4fd__791__4fd79126-c92c-4544-856c-a53e2f5c6868__W51082771.jpg"></icon><desc>Weerbericht.</desc><category>Nieuws, Weer</category></programme><programme channel="lgi-be-prod-master:raiuno" start="20211227063500 +0000" stop="20211227065000 +0000" catchup-id="crid:~~2F~~2Ftelenet.be~~2Ff4f54eeb-8a12-4b3b-9cfa-17756aaf5d87-ita,imi:24f76710a77063ace35687f58863667663871d72"><title>Unomattina</title><date></date><icon src="https://staticqbr-be-prod.tnprod.cdn.dmdsdp.com/image-service/ImagesEPG/EventImages/215__e00__215e00d1-e35d-49ff-a2c6-bb77a2917299__W106255293.jpg"></icon><desc>Ochtendshow</desc><category>Nieuws, Actualiteitenprogramma's</category></programme><programme channel="lgi-be-prod-master:raiuno" start="20211227065000 +0000" stop="20211227065200 +0000" catchup-id="crid:~~2F~~2Ftelenet.be~~2Ff6426369-f383-417c-b124-bfdab2718703-ita,imi:31adbcd53dddb615ea35cc17023ac6cfd02cd8f3"><title>Che tempo fa</title><date></date><icon src="https://staticqbr-be-prod.tnprod.cdn.dmdsdp.com/image-service/ImagesEPG/EventImages/4fd__791__4fd79126-c92c-4544-856c-a53e2f5c6868__W51082771.jpg"></icon><desc>Weerbericht.</desc><category>Nieuws, Weer</category></programme><programme channel="lgi-be-prod-master:raiuno" start="20211227065200 +0000" stop="20211227070000 +0000" catchup-id="crid:~~2F~~2Ftelenet.be~~2F03a00bca-0e69-49a2-8d1f-7ff3bb8a0459-ita,imi:11f6a159aef35ca6f73084141e8ce4203bb7e096"><title>Unomattina</title><date></date><icon src="https://staticqbr-be-prod.tnprod.cdn.dmdsdp.com/image-service/ImagesEPG/EventImages/215__e00__215e00d1-e35d-49ff-a2c6-bb77a2917299__W106255293.jpg"></icon><desc>Ochtendshow</desc><category>Nieuws, Actualiteitenprogramma's</category></programme><programme channel="lgi-be-prod-master:raiuno" start="20211227070000 +0000" stop="20211227073000 +0000" catchup-id="crid:~~2F~~2Ftelenet.be~~2Fc7f2cd58-c806-424b-a8b8-d40d5b1b410c-ita,imi:6744d42330b01926f6e877e00c413a3b7bd7e476"><title>TG 1</title><date></date><icon src="https://staticqbr-be-prod.tnprod.cdn.dmdsdp.com/image-service/ImagesEPG/EventImages/f14__de0__f14de018-9dd6-491e-8f14-8ef0f728ccbd__B78363348.jpg"></icon><desc>Nieuwsuitzending.</desc><category>Actualiteit</category></programme><programme channel="lgi-be-prod-master:raiuno" start="20211227073000 +0000" stop="20211227073200 +0000" catchup-id="crid:~~2F~~2Ftelenet.be~~2F42a1bc80-feb1-4477-b18c-d9719a4d717f-ita,imi:3ecfc787873df7e320dc50a9f2544003185b6b04"><title>Che tempo fa</title><date></date><icon src="https://staticqbr-be-prod.tnprod.cdn.dmdsdp.com/image-service/ImagesEPG/EventImages/4fd__791__4fd79126-c92c-4544-856c-a53e2f5c6868__W51082771.jpg"></icon><desc>Weerbericht.</desc><category>Nieuws, Weer</category></programme><programme channel="lgi-be-prod-master:raiuno" start="20211227073200 +0000" stop="20211227080000 +0000" catchup-id="crid:~~2F~~2Ftelenet.be~~2Ff4aa969e-6a3a-4236-b4da-d1ed260b8aed-ita,imi:6a220a7174e12cce0bce7a2d44a0a5740826bc93"><title>Unomattina</title><date></date><icon src="https://staticqbr-be-prod.tnprod.cdn.dmdsdp.com/image-service/ImagesEPG/EventImages/215__e00__215e00d1-e35d-49ff-a2c6-bb77a2917299__W106255293.jpg"></icon><desc>Ochtendshow</desc><category>Nieuws, Actualiteitenprogramma's</category></programme><programme channel="lgi-be-prod-master:raiuno" start="20211227080000 +0000" stop="20211227080700 +0000" catchup-id="crid:~~2F~~2Ftelenet.be~~2Fdda5b99a-cd1f-4ed4-9195-ec457b2d0db5-ita,imi:54c562b0e5ec7a9808d62c95a9f9c26e1f50f209"><title>TG 1</title><date></date><icon src="https://staticqbr-be-prod.tnprod.cdn.dmdsdp.com/image-service/ImagesEPG/EventImages/f14__de0__f14de018-9dd6-491e-8f14-8ef0f728ccbd__B78363348.jpg"></icon><desc>Nieuwsuitzending.</desc><category>Actualiteit</category></programme><programme channel="lgi-be-prod-master:raiuno" start="20211227080700 +0000" stop="20211227080900 +0000" catchup-id="crid:~~2F~~2Ftelenet.be~~2F86d4a610-11a3-49b3-870f-5517fac82174-ita,imi:19690c517b87fa3ee1e6499bcbdd473a8fc6ef24"><title>Che tempo fa</title><date></date><icon src="https://staticqbr-be-prod.tnprod.cdn.dmdsdp.com/image-service/ImagesEPG/EventImages/4fd__791__4fd79126-c92c-4544-856c-a53e2f5c6868__W51082771.jpg"></icon><desc>Weerbericht.</desc><category>Nieuws, Weer</category></programme><programme channel="lgi-be-prod-master:raiuno" start="20211227080900 +0000" stop="20211227083000 +0000" catchup-id="crid:~~2F~~2Ftelenet.be~~2Fc1a180c6-a7e2-4a2a-9dcf-0526dd0ffe06-ita,imi:182b085e332993d78938c52dff8e4490dc489d52"><title>Unomattina</title><date></date><icon src="https://staticqbr-be-prod.tnprod.cdn.dmdsdp.com/image-service/ImagesEPG/EventImages/215__e00__215e00d1-e35d-49ff-a2c6-bb77a2917299__W106255293.jpg"></icon><desc>Ochtendshow</desc><category>Nieuws, Actualiteitenprogramma's</category></programme><programme channel="lgi-be-prod-master:raiuno" start="20211227083000 +0000" stop="20211227083500 +0000" catchup-id="crid:~~2F~~2Ftelenet.be~~2F74ce3cd8-451e-4385-bab8-532809dca228-ita,imi:de052aaba874f377704b8f0698232205450505f8"><title>TG1-Flash</title><date></date><icon src="https://staticqbr-be-prod.tnprod.cdn.dmdsdp.com/image-service/ImagesEPG/EventImages/f14__de0__f14de018-9dd6-491e-8f14-8ef0f728ccbd__B78363348.jpg"></icon><desc></desc><category>Overig</category></programme><programme channel="lgi-be-prod-master:raiuno" start="20211227083500 +0000" stop="20211227083800 +0000" catchup-id="crid:~~2F~~2Ftelenet.be~~2F3de26b7c-1b97-461b-9b6c-0bf10016763a-ita,imi:00356ebfa4c1267d0dfe27c1bb91f930e6d83cb9"><title>Rai Parlamento Telegiornale</title><date></date><icon src="https://staticqbr-be-prod.tnprod.cdn.dmdsdp.com/image-service/ImagesEPG/EventImages/215__e00__215e00d1-e35d-49ff-a2c6-bb77a2917299__W106255293.jpg"></icon><desc>Magazine politique</desc><category>Nieuws, Actualiteitenprogramma's</category></programme><programme channel="lgi-be-prod-master:raiuno" start="20211227083800 +0000" stop="20211227085000 +0000" catchup-id="crid:~~2F~~2Ftelenet.be~~2Fcd6783b0-40d1-4ef5-949f-01eee36ad5b2-ita,imi:89f79d8fcc8ac0ef501c961964b125f5a4624def"><title>Unomattina</title><date></date><icon src="https://staticqbr-be-prod.tnprod.cdn.dmdsdp.com/image-service/ImagesEPG/EventImages/215__e00__215e00d1-e35d-49ff-a2c6-bb77a2917299__W106255293.jpg"></icon><desc>Ochtendshow</desc><category>Nieuws, Actualiteitenprogramma's</category></programme><programme channel="lgi-be-prod-master:raiuno" start="20211227085000 +0000" stop="20211227085500 +0000" catchup-id="crid:~~2F~~2Ftelenet.be~~2Fb33535d0-1b82-4d3a-9a06-a00934206c21-ita,imi:78d4b9a92e88f16ced2d6f817978a73aeb5e3793"><title>TG 1</title><date></date><icon src="https://staticqbr-be-prod.tnprod.cdn.dmdsdp.com/image-service/ImagesEPG/EventImages/f14__de0__f14de018-9dd6-491e-8f14-8ef0f728ccbd__B78363348.jpg"></icon><desc>Nieuwsuitzending.</desc><category>Actualiteit</category></programme><programme channel="lgi-be-prod-master:raiuno" start="20211227085500 +0000" stop="20211227105500 +0000" catchup-id="crid:~~2F~~2Ftelenet.be~~2Fe6a9885b-def0-424e-9db6-645bef161911-ita,imi:3b1a7b448574f71b2f2f7fadbd258016bc5b348a"><title>Storie italiane</title><date></date><icon src="https://staticqbr-be-prod.tnprod.cdn.dmdsdp.com/image-service/ImagesEPG/EventImages/f14__de0__f14de018-9dd6-491e-8f14-8ef0f728ccbd__B78363348.jpg"></icon><desc>Divertissement</desc><category>Overig</category></programme><programme channel="lgi-be-prod-master:raiuno" start="20211227105500 +0000" stop="20211227123000 +0000" catchup-id="crid:~~2F~~2Ftelenet.be~~2F990d28ac-44a2-4a46-8bc7-2c2e4449ec13-ita,imi:8732a7a4133d35f554e6e2b8d8ce1c13375e011f"><title>È sempre mezzogiorno</title><date></date><icon src="https://staticqbr-be-prod.tnprod.cdn.dmdsdp.com/image-service/ImagesEPG/EventImages/f14__de0__f14de018-9dd6-491e-8f14-8ef0f728ccbd__B78363348.jpg"></icon><desc>Divertissement</desc><category>Overig</category></programme>