<programme channel="lgi-be-prod-master:zeven" start="20211226230500 +0000" stop="20211227002000 +0000" catchup-id="crid:~~2F~~2Ftelenet.be~~2F6d26790a-88fc-4e29-abb8-14816f6a6527,imi:b76f00306deaf2eba419d55c4526d3f1ef49ec12"><title>The Bake Off UK</title><date></date><icon src="https://staticqbr-be-prod.tnprod.cdn.dmdsdp.com/image-service/ImagesEPG/EventImages/9ae__895__9ae89532-51cf-48c9-8f37-7f3058de21dc__B152764659.jpg"></icon><desc>Kerstspecial van de Britse culinaire wedstrijd (2017) waarin oud-deelnemers terugkeren naar de tent om nog één keer de strijd met elkaar aan te gaan</desc><category>Culinair</category></programme><programme channel="lgi-be-prod-master:zeven" start="20211227002000 +0000" stop="20211227040000 +0000" catchup-id="crid:~~2F~~2Ftelenet.be~~2F9f6e56c5-ea00-48ac-b445-910fd0430ae6,imi:6075470a20d0710b779b104ad692fccc81e198f3"><title>Zenderonderbreking</title><date></date><icon src="https://staticqbr-be-prod.tnprod.cdn.dmdsdp.com/image-service/ImagesEPG/EventImages/dfc__553__dfc553e9-8be7-4a44-bb0e-e7ab77609a0c__B201072187.jpg"></icon><desc>Geen uitzending.</desc><category>Overig</category></programme><programme channel="lgi-be-prod-master:zeven" start="20211227040000 +0000" stop="20211227065000 +0000" catchup-id="crid:~~2F~~2Ftelenet.be~~2F24ae2bcc-73af-4001-8e7a-7dc8574c4624,imi:3d3d6e963151d9bbc4cc246258846e345c4e76bc"><title>Zenderonderbreking</title><date></date><icon src="https://staticqbr-be-prod.tnprod.cdn.dmdsdp.com/image-service/ImagesEPG/EventImages/dfc__553__dfc553e9-8be7-4a44-bb0e-e7ab77609a0c__B201072187.jpg"></icon><desc>Geen uitzending.</desc><category>Overig</category></programme><programme channel="lgi-be-prod-master:zeven" start="20211227065000 +0000" stop="20211227074000 +0000" catchup-id="crid:~~2F~~2Ftelenet.be~~2Ffadb2132-ae02-4c25-bc3d-c84036663639,imi:4a7bf2107022760bc3b1c5386c75799de9f65485"><title>Property Brothers</title><date></date><icon src="https://staticqbr-be-prod.tnprod.cdn.dmdsdp.com/image-service/ImagesEPG/EventImages/a53__829__a53829fb-60b8-47d2-aff2-ac864d24dcc2__B116497720.jpg"></icon><desc>Met een tweeling op komst hebben Sam en Monica twee keer zoveel ruimte nodig, en ze hopen een uitgestrekt voorstedelijk droomhuis te vinden dat past bij hun budget en eigentijdse flair. Maar met nog maar 2 maanden te gaan, begint de tijd te dringen.</desc><category>Documentaire, Reality-tv</category></programme><programme channel="lgi-be-prod-master:zeven" start="20211227074000 +0000" stop="20211227082500 +0000" catchup-id="crid:~~2F~~2Ftelenet.be~~2Fd45ebbe6-877c-41ff-a8da-a35a825bbc9c,imi:56275b631013d067a2713f254dd410d96271a8f6"><title>The Doctors</title><date></date><icon src="https://staticqbr-be-prod.tnprod.cdn.dmdsdp.com/image-service/ImagesEPG/EventImages/f1f__8db__f1f8db54-d6bc-4d76-bc9c-f5b41d1050f7__B153992949.jpg"></icon><desc>Amerikaanse talkshow met Travis Stork, waarin een panel van de beste medische specialisten gezondheidsonderwerpen aansnijdt</desc><category>Gezondheid</category></programme><programme channel="lgi-be-prod-master:zeven" start="20211227082500 +0000" stop="20211227091000 +0000" catchup-id="crid:~~2F~~2Ftelenet.be~~2Fac34a070-46fd-4225-a7e9-3a6afabead19,imi:3e85ea7ec3dc9ce4d6fb34425c3de047d4eba995"><title>Dr. Phil</title><date></date><icon src="https://staticqbr-be-prod.tnprod.cdn.dmdsdp.com/image-service/ImagesEPG/EventImages/665__5e4__6655e4a9-15d8-4c5e-b508-66d0b82e3452__B141335165.jpg"></icon><desc>Steves vrouw, Tamara, had haar leven goed op de rit. Ze nam deel aan missverkiezingen en maakte carrière als presentatrice. Volgens Steve ging haar leven bergafwaarts toen ze het zwaar verslavende medicijn Adderall ging gebruiken. Tamara houdt vol dat het middel haar alleen maar positieve dingen gebracht.</desc><category>Actualiteit</category></programme><programme channel="lgi-be-prod-master:zeven" start="20211227091000 +0000" stop="20211227100000 +0000" catchup-id="crid:~~2F~~2Ftelenet.be~~2F8dd8e73c-3e5c-4330-bb9a-ebac4b4d606d,imi:d36657e1db0452974b0a84e17276bb4aa7b40d00"><title>Cold Case</title><date></date><icon src="https://staticqbr-be-prod.tnprod.cdn.dmdsdp.com/image-service/ImagesEPG/EventImages/4e2__97a__4e297aa7-2683-458c-9803-58d3439fa4f8__B129143532.jpg"></icon><desc>Seriemoordenaar Roy Briggam Anthony komt na 25 jaar vervroegd vrij. John Stillman wil de man zo snel mogelijk opnieuw achter de tralies omdat hij met zekerheid weet dat de crimineel meteen weer aan het moorden zal gaan. Hij geeft zijn detectives de opdracht een van de onopgeloste moorden uit 1977 zo snel mogelijk met harde bewijzen aan Anthony te linken, zodat de man opnieuw kan terechtstaan. Dat wordt geen makkelijke opgave want Anthony vermoordde mannen en vrouwen met uiteenlopende motieven. Het patroon en de denkwijze van de seriemoordenaar doorprikken, is hun enige kans om vooruitgang te boeken in dit ongewone onderzoek.</desc><category>Dramaseries, Actie</category></programme><programme channel="lgi-be-prod-master:zeven" start="20211227100000 +0000" stop="20211227105000 +0000" catchup-id="crid:~~2F~~2Ftelenet.be~~2F176ca64e-08a3-4435-a4d5-00757b13b562,imi:fc3c609f1a5ca2b153aa24bd2ff0803636828956"><title>Castle</title><date></date><icon src="https://staticqbr-be-prod.tnprod.cdn.dmdsdp.com/image-service/ImagesEPG/EventImages/b2d__875__b2d87587-6577-4724-97ab-44c4fe00c8ac__B129149687.jpg"></icon><desc>De 22-jarige popster Mandy Sutton wordt dood aangetroffen. Het slachtoffer hield er een wilde levensstijl op na en schuimde het ene feestje na het andere af. Haar vriend Zach had haar recent nog gedumpt nadat er een foto was verschenen waarop Mandy erg close was met een andere man. Groot is de verbazing wanneer uit onderzoek blijkt dat de vrouw die dood werd aangetroffen helemaal niet Mandy is, maar wel haar dubbelgangster, die was ingehuurd om de paparazzi af te leiden.</desc><category>Dramaseries, Actie</category></programme><programme channel="lgi-be-prod-master:zeven" start="20211227105000 +0000" stop="20211227114000 +0000" catchup-id="crid:~~2F~~2Ftelenet.be~~2F21683b7d-edb5-4d2a-82cc-3760c11acb10,imi:2b21543d4ad9e555475257c14edcec65a9fc1190"><title>Without a Trace</title><date></date><icon src="https://staticqbr-be-prod.tnprod.cdn.dmdsdp.com/image-service/ImagesEPG/EventImages/75b__421__75b42138-e8c2-4f4d-939b-46e7f57b6a67__B48159617.jpg"></icon><desc>De jonge bankbediende Erin MacNeil verdwijnt nadat haar buurvrouw getuige is van een hevige ruzie bij haar thuis. De kerel die amok maakte, was niet haar echtgenoot. Omdat hij uit eigen beweging Erins huis verliet, nam de buurvrouw geen contact op met de politie. Erins echtgenoot beweert deze mysterieuze man niet te kennen en geeft toe dat ze als koppel de laatste tijd veel ruzie maakten. Ondertussen legt het onderzoek naar de manager van het bankfiliaal, waar Erin werkte, een groot fraudesysteem bloot. Mogelijk heeft dat iets met Erins verdwijning te maken. Ondertussen keert Jack terug als hoofd van de afdeling.</desc><category>Dramaseries, Actie</category></programme><programme channel="lgi-be-prod-master:zeven" start="20211227114000 +0000" stop="20211227124000 +0000" catchup-id="crid:~~2F~~2Ftelenet.be~~2F9107fcbe-5bba-4c70-aa54-ff2dc60ee2e2,imi:bd8e79a47a77e43fa56fc2a2c546654fff0c2b4d"><title>Zenderonderbreking</title><date></date><icon src="https://staticqbr-be-prod.tnprod.cdn.dmdsdp.com/image-service/ImagesEPG/EventImages/dfc__553__dfc553e9-8be7-4a44-bb0e-e7ab77609a0c__B201072187.jpg"></icon><desc>Geen uitzending.</desc><category>Overig</category></programme>