<programme channel="lgi-be-prod-master:bbcworld" start="20211226230000 +0000" stop="20211226233000 +0000" catchup-id="crid:~~2F~~2Ftelenet.be~~2F8d7b31d2-609b-4911-bac9-bdc4705142ab-eng,imi:bbf5ee0774d331b3ca5cccd511838df7b870c64d"><title>BBC World News</title><date></date><icon src="https://staticqbr-be-prod.tnprod.cdn.dmdsdp.com/image-service/ImagesEPG/EventImages/72a__a7f__72aa7f70-aef3-4b14-99c2-a21d0d29ef5a__B48564116.jpg"></icon><desc>Het belangrijkste wereldnieuws in een half uur</desc><category>Nieuws, Actualiteitenprogramma's</category></programme><programme channel="lgi-be-prod-master:bbcworld" start="20211226233000 +0000" stop="20211227000000 +0000" catchup-id="crid:~~2F~~2Ftelenet.be~~2F1d9cc838-bfc8-4263-9b36-dc6570c2b12d-eng,imi:61fa66d527cb2d4ea3e46fd18f48412d1ae67a79"><title>Inside Culture</title><date></date><icon src="https://staticqbr-be-prod.tnprod.cdn.dmdsdp.com/image-service/ImagesEPG/EventImages/293__008__29300878-5b0d-4e02-8cd2-3d5286c41325__B77556188.jpg"></icon><desc>Mary Beard asks why we laugh and explores what laughter can tell us about ourselves, our relationships and the world we live in</desc><category>Documentaire, Kunst</category></programme><programme channel="lgi-be-prod-master:bbcworld" start="20211227000000 +0000" stop="20211227003000 +0000" catchup-id="crid:~~2F~~2Ftelenet.be~~2F2e0ec9e2-40bd-4945-9353-8697ef115b26-eng,imi:2c2d08481f633cac7cf45eeb3efcb438557eb22e"><title>BBC World News</title><date></date><icon src="https://staticqbr-be-prod.tnprod.cdn.dmdsdp.com/image-service/ImagesEPG/EventImages/72a__a7f__72aa7f70-aef3-4b14-99c2-a21d0d29ef5a__B48564116.jpg"></icon><desc>Het belangrijkste wereldnieuws in een half uur</desc><category>Nieuws, Actualiteitenprogramma's</category></programme><programme channel="lgi-be-prod-master:bbcworld" start="20211227003000 +0000" stop="20211227010000 +0000" catchup-id="crid:~~2F~~2Ftelenet.be~~2Fe4bde7be-fa0c-4e18-941b-dc265e2a117d-eng,imi:d9a4fa0af89915e41ef7444b97d2faee2241f3b4"><title>Weather World</title><date></date><icon src="https://staticqbr-be-prod.tnprod.cdn.dmdsdp.com/image-service/ImagesEPG/EventImages/f14__de0__f14de018-9dd6-491e-8f14-8ef0f728ccbd__B78363348.jpg"></icon><desc>Sarah Keith-Lucas and Nick Miller report on the latest weather stories, including a look at the role of climate change in last winter's severe weather in the UK and USA</desc><category>Nieuws, Actualiteitenprogramma's</category></programme><programme channel="lgi-be-prod-master:bbcworld" start="20211227010000 +0000" stop="20211227013000 +0000" catchup-id="crid:~~2F~~2Ftelenet.be~~2Fe3000266-c073-42d2-b165-c184e941f09d-eng,imi:0d9c0d703ebb2123aff36e07d279578cddf3db3b"><title>BBC World News</title><date></date><icon src="https://staticqbr-be-prod.tnprod.cdn.dmdsdp.com/image-service/ImagesEPG/EventImages/72a__a7f__72aa7f70-aef3-4b14-99c2-a21d0d29ef5a__B48564116.jpg"></icon><desc>Het belangrijkste wereldnieuws in een half uur</desc><category>Nieuws, Actualiteitenprogramma's</category></programme><programme channel="lgi-be-prod-master:bbcworld" start="20211227013000 +0000" stop="20211227020000 +0000" catchup-id="crid:~~2F~~2Ftelenet.be~~2F811891fa-ed77-4cce-87a0-aabda68a25cd-eng,imi:148682f7ec2047307d30812d59973bc53514f850"><title>Click</title><date></date><icon src="https://staticqbr-be-prod.tnprod.cdn.dmdsdp.com/image-service/ImagesEPG/EventImages/439__071__4390710e-1c97-4fbd-aa84-33c2a020d888__B52713495.jpg"></icon><desc>Click celebrates Christmas in style with a host of amazing gadgets and a look back at the year in tech</desc><category>Nieuws, Actualiteitenprogramma's</category></programme><programme channel="lgi-be-prod-master:bbcworld" start="20211227020000 +0000" stop="20211227023000 +0000" catchup-id="crid:~~2F~~2Ftelenet.be~~2F1d99e0d0-596b-4cab-acd6-7c42d281bc9e-eng,imi:85c0c5b0e767d6e307d377fe4109b563d9585a9a"><title>BBC World News</title><date></date><icon src="https://staticqbr-be-prod.tnprod.cdn.dmdsdp.com/image-service/ImagesEPG/EventImages/72a__a7f__72aa7f70-aef3-4b14-99c2-a21d0d29ef5a__B48564116.jpg"></icon><desc>Het belangrijkste wereldnieuws in een half uur</desc><category>Nieuws, Actualiteitenprogramma's</category></programme><programme channel="lgi-be-prod-master:bbcworld" start="20211227023000 +0000" stop="20211227030000 +0000" catchup-id="crid:~~2F~~2Ftelenet.be~~2F4b5ea7da-d8e8-48ee-89f8-9b5bebd4be87-eng,imi:a5020a4c166b60b90f897d2c791583dcbc43bf12"><title>Amol Rajan Interviews Sundar Pichai</title><date></date><icon src="https://staticqbr-be-prod.tnprod.cdn.dmdsdp.com/image-service/ImagesEPG/EventImages/6a1__47f__6a147fb1-1a75-44c6-9343-2e817af25c42__B106317765.jpg"></icon><desc>The BBC's media editor and Radio 4 Today presenter sits down with pioneers, leaders and maverick thinkers working in politics, technology, business and culture who are shaping the rapidly changing 21st-century world. In the first edition, he talks to Indian-American business executive Sundar Pichai, the CEO of Alphabet Inc and its subsidiary Google, on issues from the company's hotly debated privacy practices and tax policies to its developments in AI and quantum computing</desc><category>Actualiteit</category></programme><programme channel="lgi-be-prod-master:bbcworld" start="20211227030000 +0000" stop="20211227033000 +0000" catchup-id="crid:~~2F~~2Ftelenet.be~~2F98ac9efe-9650-439a-96d2-0a80da101392-eng,imi:63f3030857e22b815fef3713c33d0737e2a8c6eb"><title>BBC World News</title><date></date><icon src="https://staticqbr-be-prod.tnprod.cdn.dmdsdp.com/image-service/ImagesEPG/EventImages/72a__a7f__72aa7f70-aef3-4b14-99c2-a21d0d29ef5a__B48564116.jpg"></icon><desc>Het belangrijkste wereldnieuws in een half uur</desc><category>Nieuws, Actualiteitenprogramma's</category></programme><programme channel="lgi-be-prod-master:bbcworld" start="20211227033000 +0000" stop="20211227040000 +0000" catchup-id="crid:~~2F~~2Ftelenet.be~~2Ff3738371-135e-4e7e-a799-83b6557df245-eng,imi:bf665d76133d14ff194cd6ebd49a890b3fba3193"><title>Talking Movies</title><date></date><icon src="https://staticqbr-be-prod.tnprod.cdn.dmdsdp.com/image-service/ImagesEPG/EventImages/835__072__83507257-fcab-45d6-9f5e-020a9068a43d__B105936401.jpg"></icon><desc>In Talking Movies: Review of 2021 the team looks back at what has been, because of the impact of COVID-19, another tumultuous year for world cinema</desc><category>Vrije tijd, Showbiz</category></programme><programme channel="lgi-be-prod-master:bbcworld" start="20211227040000 +0000" stop="20211227043000 +0000" catchup-id="crid:~~2F~~2Ftelenet.be~~2Fe07b1c5a-26e2-4582-b0a0-ba7b0baaa630-eng,imi:3587a0d3e078ec44197e09e5714bf03a9d96df28"><title>BBC World News</title><date></date><icon src="https://staticqbr-be-prod.tnprod.cdn.dmdsdp.com/image-service/ImagesEPG/EventImages/72a__a7f__72aa7f70-aef3-4b14-99c2-a21d0d29ef5a__B48564116.jpg"></icon><desc>Het belangrijkste wereldnieuws in een half uur</desc><category>Nieuws, Actualiteitenprogramma's</category></programme><programme channel="lgi-be-prod-master:bbcworld" start="20211227043000 +0000" stop="20211227050000 +0000" catchup-id="crid:~~2F~~2Ftelenet.be~~2F2ee27fe0-9d1e-403f-9351-d40c129aa3a0-eng,imi:9e711407a3f0697d7df26757aa83a219ac585743"><title>HARDtalk</title><date></date><icon src="https://staticqbr-be-prod.tnprod.cdn.dmdsdp.com/image-service/ImagesEPG/EventImages/dc8__1c4__dc81c4e1-6b0e-43a5-91e8-6d65d26f6d7c__B49318128.jpg"></icon><desc>Stephen Sackur speaks to artist and sculptor Maggi Hambling. How has her creative vision evolved over the last six decades?</desc><category>Actualiteit</category></programme><programme channel="lgi-be-prod-master:bbcworld" start="20211227050000 +0000" stop="20211227053000 +0000" catchup-id="crid:~~2F~~2Ftelenet.be~~2F99eb49ea-86ee-45c5-b562-a168c856aa85-eng,imi:ec47ce07b2b862b728fcb62b73e0fec95774a205"><title>BBC World News</title><date></date><icon src="https://staticqbr-be-prod.tnprod.cdn.dmdsdp.com/image-service/ImagesEPG/EventImages/72a__a7f__72aa7f70-aef3-4b14-99c2-a21d0d29ef5a__B48564116.jpg"></icon><desc>Het belangrijkste wereldnieuws in een half uur</desc><category>Nieuws, Actualiteitenprogramma's</category></programme><programme channel="lgi-be-prod-master:bbcworld" start="20211227053000 +0000" stop="20211227060000 +0000" catchup-id="crid:~~2F~~2Ftelenet.be~~2Fdee406f9-a23b-448f-85f0-65369c5a8967-eng,imi:3e1afe1e19a9c6293bf538a6122325a2b94c5ff6"><title>Our World</title><date></date><icon src="https://staticqbr-be-prod.tnprod.cdn.dmdsdp.com/image-service/ImagesEPG/EventImages/f14__de0__f14de018-9dd6-491e-8f14-8ef0f728ccbd__B78363348.jpg"></icon><desc>James Clayton meets the investors who made a fortune trading from their bedrooms, the tech supremos who were watching on astonished and the hedge fund giants nursing their losses</desc><category>Actualiteit</category></programme><programme channel="lgi-be-prod-master:bbcworld" start="20211227060000 +0000" stop="20211227063000 +0000" catchup-id="crid:~~2F~~2Ftelenet.be~~2Fdff7c6da-b1b0-4daa-adcb-3ab1aec0916d-eng,imi:28063e55e12887991009e06f9934891a7b3305d2"><title>BBC World News</title><date></date><icon src="https://staticqbr-be-prod.tnprod.cdn.dmdsdp.com/image-service/ImagesEPG/EventImages/72a__a7f__72aa7f70-aef3-4b14-99c2-a21d0d29ef5a__B48564116.jpg"></icon><desc>Het belangrijkste wereldnieuws in een half uur</desc><category>Nieuws, Actualiteitenprogramma's</category></programme><programme channel="lgi-be-prod-master:bbcworld" start="20211227063000 +0000" stop="20211227070000 +0000" catchup-id="crid:~~2F~~2Ftelenet.be~~2Fec9b745e-de80-4861-b4b9-25ba161d2ce0-eng,imi:aa36d152d635d0a671affbcceeea8fcd0e639a83"><title>Talking Movies</title><date></date><icon src="https://staticqbr-be-prod.tnprod.cdn.dmdsdp.com/image-service/ImagesEPG/EventImages/835__072__83507257-fcab-45d6-9f5e-020a9068a43d__B105936401.jpg"></icon><desc>On the 70th anniversary of one of her career-defining films All about Eve, Talking Movies looks back at the life and times of Bette Davis, regarded as one of the greatest actresses in Hollywood history. Davis worked for more than 60 years and made over 100 films, including classics such as Whatever Happened to Baby Jane? and Dark Victory. She was a trailblazer for the independent actress who feuded with studio bosses at a time when women in Hollywood were not expected to be assertive.</desc><category>Vrije tijd, Showbiz</category></programme><programme channel="lgi-be-prod-master:bbcworld" start="20211227070000 +0000" stop="20211227071000 +0000" catchup-id="crid:~~2F~~2Ftelenet.be~~2F39ca0289-f78f-4a16-8b5b-b61b9f4644a4-eng,imi:aec62311745278b6fd5e7545cffe08f5aa8eb6fd"><title>BBC World News</title><date></date><icon src="https://staticqbr-be-prod.tnprod.cdn.dmdsdp.com/image-service/ImagesEPG/EventImages/72a__a7f__72aa7f70-aef3-4b14-99c2-a21d0d29ef5a__B48564116.jpg"></icon><desc>Het belangrijkste wereldnieuws in een half uur</desc><category>Nieuws, Actualiteitenprogramma's</category></programme><programme channel="lgi-be-prod-master:bbcworld" start="20211227071000 +0000" stop="20211227073000 +0000" catchup-id="crid:~~2F~~2Ftelenet.be~~2F0bcf64fc-684d-4a35-9f14-58837418d75c-eng,imi:5b1579ad6fd706e87ec0fcb977fc94d25630aa56"><title>Inside Kim's North Korea</title><date></date><icon src="https://staticqbr-be-prod.tnprod.cdn.dmdsdp.com/image-service/ImagesEPG/EventImages/f14__de0__f14de018-9dd6-491e-8f14-8ef0f728ccbd__B78363348.jpg"></icon><desc>Nieuwsuitzending.</desc><category>Actualiteit</category></programme><programme channel="lgi-be-prod-master:bbcworld" start="20211227073000 +0000" stop="20211227080000 +0000" catchup-id="crid:~~2F~~2Ftelenet.be~~2F4d24bf34-7a95-4c61-98f1-66158f33c1bf-eng,imi:328a266210483d8503cc08f960eb7d166fd35f8b"><title>Venezuela: The Fall of an Oil Giant</title><date></date><icon src="https://staticqbr-be-prod.tnprod.cdn.dmdsdp.com/image-service/ImagesEPG/EventImages/69a__201__69a20120-e71e-4c92-929d-5fe6493645fc__B160043378.jpg"></icon><desc>It was once the richest democracy in Latin America, but under President Nicolas Maduro, Venezuela has been in an economic tailspin</desc><category>Documentaire, Oude culturen</category></programme><programme channel="lgi-be-prod-master:bbcworld" start="20211227080000 +0000" stop="20211227083000 +0000" catchup-id="crid:~~2F~~2Ftelenet.be~~2F6dd97c62-9d7b-419a-8672-74ee07e0a50a-eng,imi:b1c74b1ef7b9ba2d5f443808505561b7206dc9b8"><title>BBC World News</title><date></date><icon src="https://staticqbr-be-prod.tnprod.cdn.dmdsdp.com/image-service/ImagesEPG/EventImages/72a__a7f__72aa7f70-aef3-4b14-99c2-a21d0d29ef5a__B48564116.jpg"></icon><desc>Het belangrijkste wereldnieuws in een half uur</desc><category>Nieuws, Actualiteitenprogramma's</category></programme><programme channel="lgi-be-prod-master:bbcworld" start="20211227083000 +0000" stop="20211227090000 +0000" catchup-id="crid:~~2F~~2Ftelenet.be~~2F3069376e-4d87-418a-b032-5f4ed67914f1-eng,imi:0457cc9ca2f70e4a24db5b42c6b326ae3519f305"><title>Talking Business</title><date></date><icon src="https://staticqbr-be-prod.tnprod.cdn.dmdsdp.com/image-service/ImagesEPG/EventImages/f14__de0__f14de018-9dd6-491e-8f14-8ef0f728ccbd__B78363348.jpg"></icon><desc>For many of us the pandemic has meant changes to the way we work, for others it's meant a total re-evaluation</desc><category>Nieuws, Actualiteitenprogramma's</category></programme><programme channel="lgi-be-prod-master:bbcworld" start="20211227090000 +0000" stop="20211227093000 +0000" catchup-id="crid:~~2F~~2Ftelenet.be~~2F1279773e-d2ca-4c34-8fdb-e1f00d600b2a-eng,imi:17ae2c1f5c64a22220a24e9cf875e5d55a30fd07"><title>BBC World News</title><date></date><icon src="https://staticqbr-be-prod.tnprod.cdn.dmdsdp.com/image-service/ImagesEPG/EventImages/72a__a7f__72aa7f70-aef3-4b14-99c2-a21d0d29ef5a__B48564116.jpg"></icon><desc>Het belangrijkste wereldnieuws in een half uur</desc><category>Nieuws, Actualiteitenprogramma's</category></programme><programme channel="lgi-be-prod-master:bbcworld" start="20211227093000 +0000" stop="20211227100000 +0000" catchup-id="crid:~~2F~~2Ftelenet.be~~2F2ee27fe0-9d1e-403f-9351-d40c129aa3a0-eng,imi:1c2accc46e96fd9e2f31abdd1356c31aef33fb6b"><title>HARDtalk</title><date></date><icon src="https://staticqbr-be-prod.tnprod.cdn.dmdsdp.com/image-service/ImagesEPG/EventImages/dc8__1c4__dc81c4e1-6b0e-43a5-91e8-6d65d26f6d7c__B49318128.jpg"></icon><desc>Stephen Sackur speaks to artist and sculptor Maggi Hambling. How has her creative vision evolved over the last six decades?</desc><category>Actualiteit</category></programme><programme channel="lgi-be-prod-master:bbcworld" start="20211227100000 +0000" stop="20211227103000 +0000" catchup-id="crid:~~2F~~2Ftelenet.be~~2Fc8e6d463-a2f3-471b-ae8c-556635007f01-eng,imi:eeb321cbbc9020546043d4a5a57d33029a85c337"><title>BBC News (morning)</title><date></date><icon src="https://staticqbr-be-prod.tnprod.cdn.dmdsdp.com/image-service/ImagesEPG/EventImages/f03__852__f038526c-04df-4a88-88f0-d9b77658c79d__B106831871.jpg"></icon><desc>The latest national and international stories as they break</desc><category>Actualiteit</category></programme><programme channel="lgi-be-prod-master:bbcworld" start="20211227103000 +0000" stop="20211227110000 +0000" catchup-id="crid:~~2F~~2Ftelenet.be~~2Fdee406f9-a23b-448f-85f0-65369c5a8967-eng,imi:4a8a37f6462a77644d8008783a3f9d851bc1604e"><title>Our World</title><date></date><icon src="https://staticqbr-be-prod.tnprod.cdn.dmdsdp.com/image-service/ImagesEPG/EventImages/f14__de0__f14de018-9dd6-491e-8f14-8ef0f728ccbd__B78363348.jpg"></icon><desc>James Clayton meets the investors who made a fortune trading from their bedrooms, the tech supremos who were watching on astonished and the hedge fund giants nursing their losses</desc><category>Actualiteit</category></programme><programme channel="lgi-be-prod-master:bbcworld" start="20211227110000 +0000" stop="20211227113000 +0000" catchup-id="crid:~~2F~~2Ftelenet.be~~2F9b2907b5-7bde-491f-9858-46321bfe4b5d-eng,imi:225b14bccb252d6020cf9f0c2eca7f6d2df36ae6"><title>BBC World News</title><date></date><icon src="https://staticqbr-be-prod.tnprod.cdn.dmdsdp.com/image-service/ImagesEPG/EventImages/72a__a7f__72aa7f70-aef3-4b14-99c2-a21d0d29ef5a__B48564116.jpg"></icon><desc>Het belangrijkste wereldnieuws in een half uur</desc><category>Nieuws, Actualiteitenprogramma's</category></programme><programme channel="lgi-be-prod-master:bbcworld" start="20211227113000 +0000" stop="20211227120000 +0000" catchup-id="crid:~~2F~~2Ftelenet.be~~2Fa62aa070-0de8-4638-a9ac-e5fb4c07fd2c-eng,imi:160b8b8d2dce7c49399268e36d5bf91260eb6133"><title>Witness History</title><date></date><icon src="https://staticqbr-be-prod.tnprod.cdn.dmdsdp.com/image-service/ImagesEPG/EventImages/896__9d6__8969d666-6251-4125-8019-7e922a661d62__B160044006.jpg"></icon><desc>In the final edition of Witness History from 2021, Witness History introduces us to some of the team's favourite films from the past 12 months</desc><category>Documentaire, Geschiedenis</category></programme>