<programme channel="lgi-be-prod-master:ab3" start="20211226235000 +0000" stop="20211227010000 +0000" catchup-id="crid:~~2F~~2Ftelenet.be~~2Fce5da30d-b8bb-4f56-a365-3f038106db4b-fre,imi:93c179d0e6e11b3ca55fcac4bada673d97fa1337"><title>90' enquêtes saison 15</title><date></date><icon src="https://staticqbr-be-prod.tnprod.cdn.dmdsdp.com/image-service/ImagesEPG/EventImages/215__e00__215e00d1-e35d-49ff-a2c6-bb77a2917299__W106255293.jpg"></icon><desc>Les fêtes de fin d'année, c'est la période préférée des Français. L'occasion de casser la tirelire pour s'offrir des menus d'exception à Noël ou pour le réveillon de la Saint-Sylvestre. Pourtant aujourd'hui, il est possible de trouver des produits couteux pour beaucoup moins cher en grande surface. Alors d'où viennent ces produits bons marchés et dans quelles conditions sont-ils produits ?</desc><category>Nieuws, Actualiteitenprogramma's</category></programme><programme channel="lgi-be-prod-master:ab3" start="20211227010000 +0000" stop="20211227021500 +0000" catchup-id="crid:~~2F~~2Ftelenet.be~~2F533ceb5d-b92c-40e5-b84e-8d525a8389af-fre,imi:21ce56956101626a8fcf8126d1c67e76015fca8d"><title>90' enquêtes saison 13</title><date></date><icon src="https://staticqbr-be-prod.tnprod.cdn.dmdsdp.com/image-service/ImagesEPG/EventImages/215__e00__215e00d1-e35d-49ff-a2c6-bb77a2917299__W106255293.jpg"></icon><desc>Chaque année, la magie de Noël envahit toutes les villes de France. Un mois avant le 25 décembre, illuminations, chalets en bois, spécialités régionales font leur apparition. C'est le coup d'envoi du plus gros pic de consommation du pays : 80 milliards d'euros en quelques semaines ! Le début aussi d'une bataille sans merci entre commerçants. En plein rush, l'un des plus grands hypermarchés de France nous a ouvert ses portes. Nous avons pu vivre en immersion, aux côtés des équipes, les journées les plus importantes de l'année.</desc><category>Nieuws, Actualiteitenprogramma's</category></programme><programme channel="lgi-be-prod-master:ab3" start="20211227021500 +0000" stop="20211227024000 +0000" catchup-id="crid:~~2F~~2Ftelenet.be~~2F53517869-0418-4074-baf0-8b83760292dc-fre,imi:f86ca99e50eda25db93e3e466939c7b94856fd6d"><title>Les Filles d'à côté</title><date></date><icon src="https://staticqbr-be-prod.tnprod.cdn.dmdsdp.com/image-service/ImagesEPG/EventImages/835__072__83507257-fcab-45d6-9f5e-020a9068a43d__B105936401.jpg"></icon><desc>Madame Bellefeuille organiseert een gemaskerd bal ten voordele van verwaarloosde en achtergelaten honden. Marc weigert mee te werken, Daniel en Gérard accepteren de uitnodiging met enthousiasme.</desc><category>Sitcoms</category></programme><programme channel="lgi-be-prod-master:ab3" start="20211227024000 +0000" stop="20211227030500 +0000" catchup-id="crid:~~2F~~2Ftelenet.be~~2F2f309a8c-fe80-488a-a9ac-000a1ca65b35-fre,imi:b3df25dcab4662a418035e5796ea3fde5c5ad520"><title>Les Filles d'à côté</title><date></date><icon src="https://staticqbr-be-prod.tnprod.cdn.dmdsdp.com/image-service/ImagesEPG/EventImages/835__072__83507257-fcab-45d6-9f5e-020a9068a43d__B105936401.jpg"></icon><desc>Marcs oog valt op een horoscoop en tot zijn ontzetting leest hij dat hij een ongeluk zal krijgen.</desc><category>Sitcoms</category></programme><programme channel="lgi-be-prod-master:ab3" start="20211227030500 +0000" stop="20211227033000 +0000" catchup-id="crid:~~2F~~2Ftelenet.be~~2F9102563d-5c84-4df7-8468-48b4e3da1c4c-fre,imi:7f3959f12b8bcd3f6da76ddc9116e63e3881641f"><title>Les Filles d'à côté</title><date></date><icon src="https://staticqbr-be-prod.tnprod.cdn.dmdsdp.com/image-service/ImagesEPG/EventImages/835__072__83507257-fcab-45d6-9f5e-020a9068a43d__B105936401.jpg"></icon><desc>Les filles s'absentent et confient Wendy à Vincent. Mais celui-ci laisse l'enfant seule pour voir sa petite amie en dehors de l'appartement.</desc><category>Sitcoms</category></programme><programme channel="lgi-be-prod-master:ab3" start="20211227033000 +0000" stop="20211227035500 +0000" catchup-id="crid:~~2F~~2Ftelenet.be~~2F66a2a793-8e67-41eb-899e-f5b41f71262d-fre,imi:cf176c34a107ec35f43009d647e4386be50e7172"><title>Les Filles d'à côté</title><date></date><icon src="https://staticqbr-be-prod.tnprod.cdn.dmdsdp.com/image-service/ImagesEPG/EventImages/835__072__83507257-fcab-45d6-9f5e-020a9068a43d__B105936401.jpg"></icon><desc>Fanny emmène les enfants chez leur grand-mère. Pendant ce temps, les filles doivent accueillir Marion, une de leurs amies.</desc><category>Sitcoms</category></programme><programme channel="lgi-be-prod-master:ab3" start="20211227035500 +0000" stop="20211227042000 +0000" catchup-id="crid:~~2F~~2Ftelenet.be~~2Fd9651fec-b552-460a-a851-ace64c10376d-fre,imi:d21a13b7d65ae3a41e83cbeb7dac73fc504fa662"><title>Hélène et les Garçons</title><date></date><icon src="https://staticqbr-be-prod.tnprod.cdn.dmdsdp.com/image-service/ImagesEPG/EventImages/d52__ad0__d52ad052-c4d4-46e3-8b14-8abc4e00912e__L30049769.jpg"></icon><desc>Pour consoler Nathalie, qui ne supporte pas de voir José filer le parfait amour avec Bénédicte, les filles décident de se mettre en frais pour lui trouver un nouveau flirt. N'appréciant guère cette décision, les garçons s'empressent d'aller draguer de leur côté.</desc><category>Sitcoms</category></programme><programme channel="lgi-be-prod-master:ab3" start="20211227042000 +0000" stop="20211227044500 +0000" catchup-id="crid:~~2F~~2Ftelenet.be~~2F0971fcfa-1247-4bb8-a676-e7e765e27e5d-fre,imi:989cc78267688473aeb355ed825aeb2922e70609"><title>Hélène et les Garçons</title><date></date><icon src="https://staticqbr-be-prod.tnprod.cdn.dmdsdp.com/image-service/ImagesEPG/EventImages/d52__ad0__d52ad052-c4d4-46e3-8b14-8abc4e00912e__L30049769.jpg"></icon><desc>Persuadées que Frédéric, le cousin de Christian, serait parfait pour Nathalie, Johanna, Cathy et Hélène organisent une rencontre. Patricia, la petite amie de Frédéric, confie ses inquiétudes à Christian.</desc><category>Sitcoms</category></programme><programme channel="lgi-be-prod-master:ab3" start="20211227044500 +0000" stop="20211227053000 +0000" catchup-id="crid:~~2F~~2Ftelenet.be~~2F7bcdf6ee-4c20-4199-a6e2-c55e3391a6fe-fre,imi:4707105c2e6289cfafffcc17342c10efc4128228"><title>Hélène et les Garçons</title><date></date><icon src="https://staticqbr-be-prod.tnprod.cdn.dmdsdp.com/image-service/ImagesEPG/EventImages/d52__ad0__d52ad052-c4d4-46e3-8b14-8abc4e00912e__L30049769.jpg"></icon><desc>Pour plaire à Christian, Johanna décide de devenir romantique. En fréquentant les cercles de poésie, elle fait la connaissance de Thibault, un peintre pour lequel elle pose nue. Bien qu'agacé par le nouvel engouement de Johanna, Christian accepte lui aussi de participer à une séance de pose chez Thibault !</desc><category>Sitcoms</category></programme><programme channel="lgi-be-prod-master:ab3" start="20211227053000 +0000" stop="20211227055500 +0000" catchup-id="crid:~~2F~~2Ftelenet.be~~2F5e9db6ba-27a6-4a54-a2a8-9e655c0a13b2-fre,imi:54adade8a6f17066baf204c09356d8ed957788d8"><title>Hélène et les Garçons</title><date></date><icon src="https://staticqbr-be-prod.tnprod.cdn.dmdsdp.com/image-service/ImagesEPG/EventImages/d52__ad0__d52ad052-c4d4-46e3-8b14-8abc4e00912e__L30049769.jpg"></icon><desc>Christian est de moins en moins disponible pour ses amis qui le soupçonnent d'avoir une autre fille que Johanna dans sa vie. Il finit par leur avouer qu'il a découvert le karting, grâce à Frédéric son cousin, et qu'il s'entraîne très sérieusement pour devenir un champion. Johanna rencontre Frédéric et décide de se mettre elle aussi au kart !</desc><category>Sitcoms</category></programme><programme channel="lgi-be-prod-master:ab3" start="20211227055500 +0000" stop="20211227062000 +0000" catchup-id="crid:~~2F~~2Ftelenet.be~~2F87f239b6-cf1b-47c7-9470-10878fbf23e0-fre,imi:4a99c37036935cec84fee7a0c8e360d626072c65"><title>Hélène et les Garçons</title><date></date><icon src="https://staticqbr-be-prod.tnprod.cdn.dmdsdp.com/image-service/ImagesEPG/EventImages/d52__ad0__d52ad052-c4d4-46e3-8b14-8abc4e00912e__L30049769.jpg"></icon><desc>Johanna doit participer à la course de kart des débutants. Toute la bande s'apprête à aller l'encourager lorsque Nicolas annonce qu'elle est sortie de la piste et qu'elle a renversé Cathy.</desc><category>Sitcoms</category></programme><programme channel="lgi-be-prod-master:ab3" start="20211227062000 +0000" stop="20211227064500 +0000" catchup-id="crid:~~2F~~2Ftelenet.be~~2Fa2e58697-1ae9-4be5-9aa9-428f34ba33bf-fre,imi:7764af27a2b839728331ad72cf8461a8801b9706"><title>Petits secrets entre voisins</title><date></date><icon src="https://staticqbr-be-prod.tnprod.cdn.dmdsdp.com/image-service/ImagesEPG/EventImages/fa2__058__fa205816-7394-41d7-bd3a-3e6c872446fe__B78052481.jpg"></icon><desc>Chaque épisode raconte une incroyable histoire de voisins : conflits de voisinage, amours interdits, secrets, jalousies... La vie de nos voisins semble parfaitement normale. Mais les apparences sont trompeuses et derrière leurs murs, se cachent bien souvent d'incroyables histoires. Et vous, connaissez-vous vraiment vos voisins ?</desc><category>Documentaire, Reality-tv</category></programme><programme channel="lgi-be-prod-master:ab3" start="20211227064500 +0000" stop="20211227071000 +0000" catchup-id="crid:~~2F~~2Ftelenet.be~~2Faab7d00f-6ce0-48fd-873e-4d70ee2c3641-fre,imi:ac796180923ff836ccbeaf3611c996de43c077b2"><title>Petits secrets entre voisins</title><date></date><icon src="https://staticqbr-be-prod.tnprod.cdn.dmdsdp.com/image-service/ImagesEPG/EventImages/fa2__058__fa205816-7394-41d7-bd3a-3e6c872446fe__B78052481.jpg"></icon><desc>Chaque épisode raconte une incroyable histoire de voisins : conflits de voisinage, amours interdits, secrets, jalousies... La vie de nos voisins semble parfaitement normale. Mais les apparences sont trompeuses et derrière leurs murs, se cachent bien souvent d'incroyables histoires. Et vous, connaissez-vous vraiment vos voisins ?</desc><category>Documentaire, Reality-tv</category></programme><programme channel="lgi-be-prod-master:ab3" start="20211227071000 +0000" stop="20211227075000 +0000" catchup-id="crid:~~2F~~2Ftelenet.be~~2Ff6f9de34-05f4-48d4-b05e-854b858ec839-fre,imi:a1e3e4e0da10756546c7d31a3ac8ec52f7345e2b"><title>Cauchemar en cuisine : 24h en enfer S3</title><date></date><icon src="https://staticqbr-be-prod.tnprod.cdn.dmdsdp.com/image-service/ImagesEPG/EventImages/8a5__7d1__8a57d11c-0bb2-45ec-a30e-44884b078800__B106258281.jpg"></icon><desc>Nouveau défi pour le chef Gordon Ramsay : sauver le South Boulevard (SoBo), restaurant dont les plats sont inspirés de la cuisine sud-coréenne.</desc><category>Culinair</category></programme><programme channel="lgi-be-prod-master:ab3" start="20211227075000 +0000" stop="20211227091500 +0000" catchup-id="crid:~~2F~~2Ftelenet.be~~2F9a5fa0ff-c40f-4276-8bad-164d59d6816b-fre,imi:0dd19b80f6806989992897b8974cfa15e7e77c9f"><title>Cauchemar en cuisine : 24h en enfer S3</title><date></date><icon src="https://staticqbr-be-prod.tnprod.cdn.dmdsdp.com/image-service/ImagesEPG/EventImages/8a5__7d1__8a57d11c-0bb2-45ec-a30e-44884b078800__B106258281.jpg"></icon><desc>Gordon remet sur pieds trois entreprises d'Ellicott City, dans le Maryland. Elles ont toutes subi des dommages suites aux inondations de 2016 et 2018. Le décorateur d'intérieur Nate Berkus, l'ancien joueur de baseball professionnel Cal Ripken Jr. et l'ancien joueur de football professionnel Torrey Smith aident Gordon.</desc><category>Culinair</category></programme><programme channel="lgi-be-prod-master:ab3" start="20211227091500 +0000" stop="20211227093000 +0000" catchup-id="crid:~~2F~~2Ftelenet.be~~2F852444cd-0150-416c-b382-8edbf51bd3a0-fre,imi:40cfeee8552b2d35bc2b9b0c2597665439f99b59"><title>16 9 tele achat</title><date></date><icon src="https://staticqbr-be-prod.tnprod.cdn.dmdsdp.com/image-service/ImagesEPG/EventImages/a33__23a__a3323adf-900e-4ca6-aaba-714a0660e634__B105941315.jpg"></icon><desc>Homeshoppingprogramma.</desc><category>Vrije tijd, Shoppen</category></programme><programme channel="lgi-be-prod-master:ab3" start="20211227093000 +0000" stop="20211227100100 +0000" catchup-id="crid:~~2F~~2Ftelenet.be~~2F2e1f5a6d-8067-4a73-bb74-fbcdfa4fc64f-fre,imi:5e9cd69eee228d947813970b320291f761bd40d6"><title>16 9 tele achat</title><date></date><icon src="https://staticqbr-be-prod.tnprod.cdn.dmdsdp.com/image-service/ImagesEPG/EventImages/a33__23a__a3323adf-900e-4ca6-aaba-714a0660e634__B105941315.jpg"></icon><desc>Homeshoppingprogramma.</desc><category>Vrije tijd, Shoppen</category></programme><programme channel="lgi-be-prod-master:ab3" start="20211227100100 +0000" stop="20211227101400 +0000" catchup-id="crid:~~2F~~2Ftelenet.be~~2Fef0bd227-d05b-46ab-949f-3c18ea0a354c-fre,imi:e451cd37d291caada8597da59ba38ab7aaabd92d"><title>16 9 tele achat</title><date></date><icon src="https://staticqbr-be-prod.tnprod.cdn.dmdsdp.com/image-service/ImagesEPG/EventImages/a33__23a__a3323adf-900e-4ca6-aaba-714a0660e634__B105941315.jpg"></icon><desc>Homeshoppingprogramma.</desc><category>Vrije tijd, Shoppen</category></programme><programme channel="lgi-be-prod-master:ab3" start="20211227101400 +0000" stop="20211227101500 +0000" catchup-id="crid:~~2F~~2Ftelenet.be~~2F39864689-0c07-4e30-8f5d-87a3911075e8-fre,imi:50eb291715315a63f47cf178514e90328dd62c1b"><title>16 9 tele achat</title><date></date><icon src="https://staticqbr-be-prod.tnprod.cdn.dmdsdp.com/image-service/ImagesEPG/EventImages/a33__23a__a3323adf-900e-4ca6-aaba-714a0660e634__B105941315.jpg"></icon><desc>Homeshoppingprogramma.</desc><category>Vrije tijd, Shoppen</category></programme><programme channel="lgi-be-prod-master:ab3" start="20211227101500 +0000" stop="20211227104000 +0000" catchup-id="crid:~~2F~~2Ftelenet.be~~2Ff93bf3cb-bf8e-416e-8d21-656600da6361-fre,imi:8afd297e66b2e182a2fc464232b000723af9555d"><title>Petits secrets entre voisins</title><date></date><icon src="https://staticqbr-be-prod.tnprod.cdn.dmdsdp.com/image-service/ImagesEPG/EventImages/fa2__058__fa205816-7394-41d7-bd3a-3e6c872446fe__B78052481.jpg"></icon><desc>Chaque épisode raconte une incroyable histoire de voisins : conflits de voisinage, amours interdits, secrets, jalousies... La vie de nos voisins semble parfaitement normale. Mais les apparences sont trompeuses et derrière leurs murs, se cachent bien souvent d'incroyables histoires. Et vous, connaissez-vous vraiment vos voisins ?</desc><category>Documentaire, Reality-tv</category></programme><programme channel="lgi-be-prod-master:ab3" start="20211227104000 +0000" stop="20211227110500 +0000" catchup-id="crid:~~2F~~2Ftelenet.be~~2Fec252c57-07e8-455a-afe4-55c491475c14-fre,imi:e31d0b77c4abc431dd887398b631b6398d8bc5ac"><title>Petits secrets entre voisins</title><date></date><icon src="https://staticqbr-be-prod.tnprod.cdn.dmdsdp.com/image-service/ImagesEPG/EventImages/fa2__058__fa205816-7394-41d7-bd3a-3e6c872446fe__B78052481.jpg"></icon><desc>Chaque épisode raconte une incroyable histoire de voisins : conflits de voisinage, amours interdits, secrets, jalousies... La vie de nos voisins semble parfaitement normale. Mais les apparences sont trompeuses et derrière leurs murs, se cachent bien souvent d'incroyables histoires. Et vous, connaissez-vous vraiment vos voisins ?</desc><category>Documentaire, Reality-tv</category></programme><programme channel="lgi-be-prod-master:ab3" start="20211227110500 +0000" stop="20211227113000 +0000" catchup-id="crid:~~2F~~2Ftelenet.be~~2Fd876452f-a1a4-4540-a0d2-cb1e53ef927e-fre,imi:deaf037ce63de5e32f237cf60ca94549240f3e09"><title>Petits secrets entre voisins</title><date></date><icon src="https://staticqbr-be-prod.tnprod.cdn.dmdsdp.com/image-service/ImagesEPG/EventImages/fa2__058__fa205816-7394-41d7-bd3a-3e6c872446fe__B78052481.jpg"></icon><desc>Chaque épisode raconte une incroyable histoire de voisins : conflits de voisinage, amours interdits, secrets, jalousies... La vie de nos voisins semble parfaitement normale. Mais les apparences sont trompeuses et derrière leurs murs, se cachent bien souvent d'incroyables histoires. Et vous, connaissez-vous vraiment vos voisins ?</desc><category>Documentaire, Reality-tv</category></programme><programme channel="lgi-be-prod-master:ab3" start="20211227113000 +0000" stop="20211227115500 +0000" catchup-id="crid:~~2F~~2Ftelenet.be~~2Ff425d5de-cbc6-4a8c-a1ea-e9106136c2b2-fre,imi:e025369ea9a629b49b9b2894ae5f9d62ff1fc31f"><title>Petits secrets entre voisins</title><date></date><icon src="https://staticqbr-be-prod.tnprod.cdn.dmdsdp.com/image-service/ImagesEPG/EventImages/fa2__058__fa205816-7394-41d7-bd3a-3e6c872446fe__B78052481.jpg"></icon><desc>Chaque épisode raconte une incroyable histoire de voisins : conflits de voisinage, amours interdits, secrets, jalousies... La vie de nos voisins semble parfaitement normale. Mais les apparences sont trompeuses et derrière leurs murs, se cachent bien souvent d'incroyables histoires. Et vous, connaissez-vous vraiment vos voisins ?</desc><category>Documentaire, Reality-tv</category></programme><programme channel="lgi-be-prod-master:ab3" start="20211227115500 +0000" stop="20211227122000 +0000" catchup-id="crid:~~2F~~2Ftelenet.be~~2F0c40e1be-fc05-4451-b496-e3896a3778f9-fre,imi:2df1fd8827b17f6a3120f2ba3b7f2e0a2c35abe1"><title>Petits secrets entre voisins</title><date></date><icon src="https://staticqbr-be-prod.tnprod.cdn.dmdsdp.com/image-service/ImagesEPG/EventImages/fa2__058__fa205816-7394-41d7-bd3a-3e6c872446fe__B78052481.jpg"></icon><desc>Chaque épisode raconte une incroyable histoire de voisins : conflits de voisinage, amours interdits, secrets, jalousies... La vie de nos voisins semble parfaitement normale. Mais les apparences sont trompeuses et derrière leurs murs, se cachent bien souvent d'incroyables histoires. Et vous, connaissez-vous vraiment vos voisins ?</desc><category>Documentaire, Reality-tv</category></programme>