<programme channel="lgi-be-prod-master:nickjr" start="20211226230500 +0000" stop="20211226233000 +0000" catchup-id="crid:~~2F~~2Ftelenet.be~~2F7e47fa36-d7da-4291-b461-f998eaeb4298,imi:b2ead851067463398b5a473364ceff6ea5b410c4"><title>De familie BARBAPAPA</title><date></date><icon src="https://staticqbr-be-prod.tnprod.cdn.dmdsdp.com/image-service/ImagesEPG/EventImages/04b__9e8__04b9e816-06fd-4a1e-8119-59b428dde897__B200518303.jpg"></icon><desc>De kinderen lenen boeken uit de bieb voor een spreekbeurt. Barbabob vergeet zijn boek in te leveren en het gaat kapot. // Iedereen moet zijn kamer opruimen en schoonmaken. De kinderen proberen er allemaal onderuit te komen.</desc><category>Kinderen, Entertainment</category></programme><programme channel="lgi-be-prod-master:nickjr" start="20211226233000 +0000" stop="20211226235000 +0000" catchup-id="crid:~~2F~~2Ftelenet.be~~2F3b96e572-5ef9-459a-9dab-9e249ab3a3ea,imi:d8dc507bd6e409337d9120fd569e56e578b7c325"><title>De familie BARBAPAPA</title><date></date><icon src="https://staticqbr-be-prod.tnprod.cdn.dmdsdp.com/image-service/ImagesEPG/EventImages/04b__9e8__04b9e816-06fd-4a1e-8119-59b428dde897__B200518303.jpg"></icon><desc>Barbabenno ziet een formulier op een pak Dinocrunch waarmee je een prijs kunt winnen. // De Barbakinderen sparen stickers en Barbabee wil zijn hele album vol krijgen.</desc><category>Kinderen, Entertainment</category></programme><programme channel="lgi-be-prod-master:nickjr" start="20211226235000 +0000" stop="20211226235500 +0000" catchup-id="crid:~~2F~~2Ftelenet.be~~2Fc0da4bfd-5837-4362-b132-e15af1ce0887,imi:5b5a42a7ce44e3da74b2dc444432f8b3772e4969"><title>Peppa Pig</title><date></date><icon src="https://staticqbr-be-prod.tnprod.cdn.dmdsdp.com/image-service/ImagesEPG/EventImages/f1d__6a7__f1d6a7da-2495-4503-aa7c-a7855312c4fb__B141095718.jpg"></icon><desc>Goudje de vis kijkt niet blij en eet niet. Peppa, George en Mamma Big gaan met de bus naar de dierenarts genaamd dokter Hamster.</desc><category>Kinderen, Animatie</category></programme><programme channel="lgi-be-prod-master:nickjr" start="20211226235500 +0000" stop="20211227000000 +0000" catchup-id="crid:~~2F~~2Ftelenet.be~~2Fb7bb7c33-a387-45ef-9f94-a9bc475f9119,imi:b88869a38fd8288df10c67dce5111e3502fc9907"><title>Peppa Pig</title><date></date><icon src="https://staticqbr-be-prod.tnprod.cdn.dmdsdp.com/image-service/ImagesEPG/EventImages/f1d__6a7__f1d6a7da-2495-4503-aa7c-a7855312c4fb__B141095718.jpg"></icon><desc>De familie gaat naar de kermis. Mamma Big is boos, omdat de mensen op de kermis zeggen dat zij geen prijs kan winnen. George is verdrietig, omdat de mini-golfbaan te groot is voor hem.</desc><category>Kinderen, Animatie</category></programme><programme channel="lgi-be-prod-master:nickjr" start="20211227000000 +0000" stop="20211227000500 +0000" catchup-id="crid:~~2F~~2Ftelenet.be~~2F27038715-c894-41f5-bd31-c54a4cf05689,imi:053d35ebaec9962e58ae3b24a0681be61a5b5a70"><title>Peppa Pig</title><date></date><icon src="https://staticqbr-be-prod.tnprod.cdn.dmdsdp.com/image-service/ImagesEPG/EventImages/f1d__6a7__f1d6a7da-2495-4503-aa7c-a7855312c4fb__B141095718.jpg"></icon><desc>Peppa en haar vrienden leren op school van mevrouw Gazelle hoe zij moeten tellen bij een spelletje.</desc><category>Kinderen, Animatie</category></programme><programme channel="lgi-be-prod-master:nickjr" start="20211227000500 +0000" stop="20211227001000 +0000" catchup-id="crid:~~2F~~2Ftelenet.be~~2F7c5f2bff-8e09-4d2f-b0a7-db9a6bf254c7,imi:89aae54667829b803c1207bb0bdcdafaf86fe624"><title>Peppa Pig</title><date></date><icon src="https://staticqbr-be-prod.tnprod.cdn.dmdsdp.com/image-service/ImagesEPG/EventImages/f1d__6a7__f1d6a7da-2495-4503-aa7c-a7855312c4fb__B141095718.jpg"></icon><desc>Peppa en haar familie proberen naar de speeltuin te gaan, maar meneer Stier zijn wegwerkzaamheden staan in de weg.</desc><category>Kinderen, Animatie</category></programme><programme channel="lgi-be-prod-master:nickjr" start="20211227001000 +0000" stop="20211227001500 +0000" catchup-id="crid:~~2F~~2Ftelenet.be~~2Fef290aa5-661c-471b-bbc5-3066a7e689cd,imi:f869030682d18fbd706cb040f6027322751bff21"><title>Peppa Pig</title><date></date><icon src="https://staticqbr-be-prod.tnprod.cdn.dmdsdp.com/image-service/ImagesEPG/EventImages/c48__19e__c4819ec9-a082-4d7d-939f-fade73035778__B161460131.jpg"></icon><desc>Peppa en George worden vroeg wakker op Eerste Kerstdag. Heeft de Kerstman de cadeautjes gebracht die ze graag wilden krijgen?</desc><category>Kinderen, Animatie</category></programme><programme channel="lgi-be-prod-master:nickjr" start="20211227001500 +0000" stop="20211227002000 +0000" catchup-id="crid:~~2F~~2Ftelenet.be~~2F927c3144-8f24-4c0a-ae65-bb684336e8a6,imi:ab7a1350f25dc58441ed1ff2ec9c3e2590ca2220"><title>Peppa Pig</title><date></date><icon src="https://staticqbr-be-prod.tnprod.cdn.dmdsdp.com/image-service/ImagesEPG/EventImages/c48__19e__c4819ec9-a082-4d7d-939f-fade73035778__B161460131.jpg"></icon><desc>Mejuffrouw Konijn neemt Peppa en haar familie mee voor een ritje in haar reddingshelikopter</desc><category>Kinderen, Animatie</category></programme><programme channel="lgi-be-prod-master:nickjr" start="20211227002000 +0000" stop="20211227004500 +0000" catchup-id="crid:~~2F~~2Ftelenet.be~~2Fd11c7ac4-1408-488d-9182-7803fa78ced9,imi:2ec14e1d7554d2b30cae5a22e8e9952e947a95c8"><title>Paw Patrol</title><date></date><icon src="https://staticqbr-be-prod.tnprod.cdn.dmdsdp.com/image-service/ImagesEPG/EventImages/3fc__4c4__3fc4c4ef-8142-49e0-8459-4eae93246f0a__B156925404.jpg"></icon><desc>Als de wortelen van Yumi verdwijnen, roept zij de hulp in van Ryder an Paw Patrol. Ze ontdekken dat konijnen tunnels graven onder haar tuin. // Katie laat een van de pup mee doen aan een wedstrijd, maar dan roept Goodway de hulp in.</desc><category>Kinderen, Animatie</category></programme><programme channel="lgi-be-prod-master:nickjr" start="20211227004500 +0000" stop="20211227011500 +0000" catchup-id="crid:~~2F~~2Ftelenet.be~~2F296509d2-61e9-4bca-99ef-69e342eaed9e,imi:5ee917b587235d37a918d35f9498deb22f8d603d"><title>Paw Patrol</title><date></date><icon src="https://staticqbr-be-prod.tnprod.cdn.dmdsdp.com/image-service/ImagesEPG/EventImages/3fc__4c4__3fc4c4ef-8142-49e0-8459-4eae93246f0a__B156925404.jpg"></icon><desc>Een tanker lekt olie in de baai en een babywalvis is door de olievlek gezwommen. // Het is over-over-over-overgrootvader-Grover-dag en ter ere daarvan is zijn standbeeld weggebracht voor een schoonmaakbeurt.</desc><category>Kinderen, Animatie</category></programme><programme channel="lgi-be-prod-master:nickjr" start="20211227011500 +0000" stop="20211227013500 +0000" catchup-id="crid:~~2F~~2Ftelenet.be~~2Feeac7cef-9889-4567-b2ae-1a6f5d4a2202,imi:f38c319fe6628d7e7e5a07fdcba6f9fd5e8bc7fe"><title>Blaze and the Monster Machines</title><date></date><icon src="https://staticqbr-be-prod.tnprod.cdn.dmdsdp.com/image-service/ImagesEPG/EventImages/f14__de0__f14de018-9dd6-491e-8f14-8ef0f728ccbd__B78363348.jpg"></icon><desc>Blaze en AJ ontmoeten een heel bijzonder wezen; het is Gormy en Gormy komt uit de ruimte. Als Gormy weer terug wil vliegen naar huis, verliest hij de accu's van zijn raketrugzak. Blaze en AJ helpen hem de accu's terug te vinden.</desc><category>Kinderen, Animatie</category></programme><programme channel="lgi-be-prod-master:nickjr" start="20211227013500 +0000" stop="20211227015500 +0000" catchup-id="crid:~~2F~~2Ftelenet.be~~2Fbeea0c12-1f6c-4b75-bd5d-3d14a27ed385,imi:b0b6f45f4d2fff89b659c119d7e2d1111d3f52f2"><title>Blaze and the Monster Machines</title><date></date><icon src="https://staticqbr-be-prod.tnprod.cdn.dmdsdp.com/image-service/ImagesEPG/EventImages/f14__de0__f14de018-9dd6-491e-8f14-8ef0f728ccbd__B78363348.jpg"></icon><desc>Blaze stelt zijn familie aan ons voor; zijn vader, zijn moeder en zijn zusje Sparkle. En als de familie bij elkaar is wordt er natuurlijk geracet.</desc><category>Kinderen, Animatie</category></programme><programme channel="lgi-be-prod-master:nickjr" start="20211227015500 +0000" stop="20211227022000 +0000" catchup-id="crid:~~2F~~2Ftelenet.be~~2F429105de-e60d-43ac-8033-9541e5c1ce2b,imi:b4cdd96214f2f99a36aef21410c3b0b5eb4a0a25"><title>Santiago en de Zee</title><date></date><icon src="https://staticqbr-be-prod.tnprod.cdn.dmdsdp.com/image-service/ImagesEPG/EventImages/874__588__874588ea-edea-49ea-8191-9e034103b73a__B202103103.jpg"></icon><desc>Tomás leert dat een riff op zijn gitaar ervoor kan zorgen dat iedereen gaat dansen. // Tomás doet een goocheltruc die fout gaat en verandert Abuelo per ongeluk in een kip dat gouden eieren legt.</desc><category>Kinderen, Animatie</category></programme><programme channel="lgi-be-prod-master:nickjr" start="20211227022000 +0000" stop="20211227023500 +0000" catchup-id="crid:~~2F~~2Ftelenet.be~~2Fbde25e83-08ae-4b36-a5e8-b84d2fd879e4,imi:0926679f12ad7d7621e9695d84b2d08280949f6e"><title>Baby Shark's Big Show</title><date></date><icon src="https://staticqbr-be-prod.tnprod.cdn.dmdsdp.com/image-service/ImagesEPG/EventImages/d42__f01__d42f015e-bcdd-469b-9814-79836f42eec2__B208780131.jpg"></icon><desc>Als de taart van oma vlak voor de bakwedstrijd verdwijnt, schieten detective Baby Shark en William Watson te hulp!</desc><category>Kinderen, Onder de 5</category></programme><programme channel="lgi-be-prod-master:nickjr" start="20211227023500 +0000" stop="20211227030000 +0000" catchup-id="crid:~~2F~~2Ftelenet.be~~2F916ac38f-e0f6-47c5-b410-b3cd9fa83019,imi:515eb0eeb5605aad87802549c0c6fabaa3d4d71b"><title>Deer Squad</title><date></date><icon src="https://staticqbr-be-prod.tnprod.cdn.dmdsdp.com/image-service/ImagesEPG/EventImages/a6b__7fa__a6b7fa32-122d-43e8-8139-70ea7c6465a1__B200003072.jpg"></icon><desc>De Deer Squad heeft de griep dus grijpt Meneer Staal zijn kans om zelf een superheld te worden met chaos tot gevolg. / Meneer Staal 'leent' water uit het Kristalmeer voor zijn zwembad in de stad maar alles loopt in de soep!</desc><category>Kinderen, Animatie</category></programme><programme channel="lgi-be-prod-master:nickjr" start="20211227030000 +0000" stop="20211227032500 +0000" catchup-id="crid:~~2F~~2Ftelenet.be~~2Fe976bdea-96d2-47a7-91c9-abb494b504db,imi:5510c110ab15cf620d8bdc36da867d8be3bcbf4c"><title>Deer Squad</title><date></date><icon src="https://staticqbr-be-prod.tnprod.cdn.dmdsdp.com/image-service/ImagesEPG/EventImages/a6b__7fa__a6b7fa32-122d-43e8-8139-70ea7c6465a1__B200003072.jpg"></icon><desc>Meneer Staal vraagt Professor Schets een anti-zwaartekrachtstraal te bouwen maar die blijkt levensgevaarlijk! / Muffin's superstuiterbal dreigt het jaarlijkse Winterfestival de dwarsbomen en Kai zal een groot offer moeten brengen.</desc><category>Kinderen, Animatie</category></programme><programme channel="lgi-be-prod-master:nickjr" start="20211227032500 +0000" stop="20211227034500 +0000" catchup-id="crid:~~2F~~2Ftelenet.be~~2F49a5a7a2-7615-4c2b-bb32-5870dd82ef18,imi:ab07d251c7bc70abaa8b09319be36e66e6866c84"><title>Paw Patrol</title><date></date><icon src="https://staticqbr-be-prod.tnprod.cdn.dmdsdp.com/image-service/ImagesEPG/EventImages/ca1__17d__ca117dd5-0480-4846-93e4-500eac242b95__B110613310.jpg"></icon><desc>Het spookt in het kasteel van Blaffenburcht. Ryder en de Paw Patrol gaan het mysterie oplossen. // Burgemeester Humdinger heeft vakantie en gaat op safari in de jungle. En daar komt hij wel heel dicht bij de dieren te staan.</desc><category>Kinderen, Animatie</category></programme><programme channel="lgi-be-prod-master:nickjr" start="20211227034500 +0000" stop="20211227035000 +0000" catchup-id="crid:~~2F~~2Ftelenet.be~~2Ffdfed85e-99df-4422-ab23-d904c6a7f8d5,imi:a0eae246bd62edaac8a62d672175e7c517897ab8"><title>Peppa Pig</title><date></date><icon src="https://staticqbr-be-prod.tnprod.cdn.dmdsdp.com/image-service/ImagesEPG/EventImages/f1d__6a7__f1d6a7da-2495-4503-aa7c-a7855312c4fb__B141095718.jpg"></icon><desc>Als Peppa's vriendinnetjes komen spelen in haar boomhut, is het supergezellig, maar als de jongens komen, gaat 't mis. Peppa zet ze zonder pardon buiten. Opa weet raad en bouwt voor de jongens een kasteelhut, maar of het daar gezelliger van wordt?</desc><category>Kinderen, Animatie</category></programme><programme channel="lgi-be-prod-master:nickjr" start="20211227035000 +0000" stop="20211227035500 +0000" catchup-id="crid:~~2F~~2Ftelenet.be~~2F9751b234-f3f5-4562-8168-bb811037a71d,imi:01d356d23b581d5d4a08b33ad617e41dfe63183e"><title>Peppa Pig</title><date></date><icon src="https://staticqbr-be-prod.tnprod.cdn.dmdsdp.com/image-service/ImagesEPG/EventImages/f1d__6a7__f1d6a7da-2495-4503-aa7c-a7855312c4fb__B141095718.jpg"></icon><desc>Opa Big heeft een trein gemaakt! Hij weet zeker dat het de sterkste kleine trein van de wereld is, maar Opa Hond vindt dat grote onzin. Totdat de bus van mejuffrouw Konijn vast zit in de modder.</desc><category>Kinderen, Animatie</category></programme><programme channel="lgi-be-prod-master:nickjr" start="20211227035500 +0000" stop="20211227040000 +0000" catchup-id="crid:~~2F~~2Ftelenet.be~~2F1b812b80-65da-405f-b5c1-1cf35018e3a8,imi:2aca508c5faeae9395d1ce4b40b9f1d89075f7c6"><title>Peppa Pig</title><date></date><icon src="https://staticqbr-be-prod.tnprod.cdn.dmdsdp.com/image-service/ImagesEPG/EventImages/f1d__6a7__f1d6a7da-2495-4503-aa7c-a7855312c4fb__B141095718.jpg"></icon><desc>Peppa en haar hele klas gaan op schoolreisje naar de bergen. Daar ontdekken ze de echo, ruilen hun lunch en hebben ze een heerlijke dag. En voordat ze terug zijn zingen ze ook nog het Bing-Bong lied!</desc><category>Kinderen, Animatie</category></programme><programme channel="lgi-be-prod-master:nickjr" start="20211227040000 +0000" stop="20211227040500 +0000" catchup-id="crid:~~2F~~2Ftelenet.be~~2F88b7639c-e9be-42e5-878d-a871a08d95fe,imi:dc1f4262fe0f61f8b3412b5336c45a73147cf0c7"><title>Peppa Pig</title><date></date><icon src="https://staticqbr-be-prod.tnprod.cdn.dmdsdp.com/image-service/ImagesEPG/EventImages/f1d__6a7__f1d6a7da-2495-4503-aa7c-a7855312c4fb__B141095718.jpg"></icon><desc>Peppa en George gaan spelen bij Kelly en Karel Konijn, en daar is alles anders dan thuis. Het huis, de gewoontes en vooral het eten. Eerst kan George er maar moeilijk aan wennen, totdat hij een wortel proeft.</desc><category>Kinderen, Animatie</category></programme><programme channel="lgi-be-prod-master:nickjr" start="20211227040500 +0000" stop="20211227041500 +0000" catchup-id="crid:~~2F~~2Ftelenet.be~~2Fdbc0aa4e-a79e-4360-a63c-9e77020fd8a4,imi:dd180a7b890116ca79e4f10e1c6abf9c96fea536"><title>Peppa Pig</title><date></date><icon src="https://staticqbr-be-prod.tnprod.cdn.dmdsdp.com/image-service/ImagesEPG/EventImages/f1d__6a7__f1d6a7da-2495-4503-aa7c-a7855312c4fb__B141095718.jpg"></icon><desc>De tante en oom van Peppa en George hebben een babytje en de hele familie gaat op bezoek. De verwachtingen zijn hoog gespannen, maar de baby kan nog niets. Dan besluiten Peppa en nichtje Chloe dat George ook een heel leuk babytje zou kunnen zijn.</desc><category>Kinderen, Animatie</category></programme><programme channel="lgi-be-prod-master:nickjr" start="20211227041500 +0000" stop="20211227044000 +0000" catchup-id="crid:~~2F~~2Ftelenet.be~~2F6fd6c24a-dbbf-4c44-b951-a07fa4c35c4c,imi:d3eba12f50601b7a6971aafc9627bc10b1ed3532"><title>Blue's Clues &amp; You</title><date></date><icon src="https://staticqbr-be-prod.tnprod.cdn.dmdsdp.com/image-service/ImagesEPG/EventImages/d1b__073__d1b0738a-30fd-41b7-b6e0-7975fe4706c7__B169681121.jpg"></icon><desc>Het regent dus Josh en Blue gaan lekker buiten spelen. Maar wat doet Blue nou het liefst? Josh speelt Blue's Clues om erachter te komen.</desc><category>Educatie</category></programme><programme channel="lgi-be-prod-master:nickjr" start="20211227044000 +0000" stop="20211227050000 +0000" catchup-id="crid:~~2F~~2Ftelenet.be~~2Fba6bbdbf-56b2-4813-95c8-464893d29562,imi:3c91cd60349782a4df4a5b101d0eae013ab5508f"><title>Blaze and the Monster Machines</title><date></date><icon src="https://staticqbr-be-prod.tnprod.cdn.dmdsdp.com/image-service/ImagesEPG/EventImages/cff__885__cff88503-13be-4742-9341-aa812976a4f2__B117572802.jpg"></icon><desc>Blaze brengt samen met AJ en Zegg een bezoek aan Insectenland. Daar helpen ze papa en mama Vuurvlieg hun door de wind weggeblazen ei terug te krijgen.</desc><category>Kinderen, Animatie</category></programme><programme channel="lgi-be-prod-master:nickjr" start="20211227050000 +0000" stop="20211227050500 +0000" catchup-id="crid:~~2F~~2Ftelenet.be~~2Fd5443037-ef06-48e1-9422-65a254d3cbea,imi:1359cee3e1d4789d9f007e05c7a518ce69e34af1"><title>Peppa Pig</title><date></date><icon src="https://staticqbr-be-prod.tnprod.cdn.dmdsdp.com/image-service/ImagesEPG/EventImages/f1d__6a7__f1d6a7da-2495-4503-aa7c-a7855312c4fb__B141095718.jpg"></icon><desc>Peppa is al eens bij de tandarts geweest, maar voor George is het de eerste keer. En dat is eng. Maar als hij aan de beurt is, valt 't reuze mee, zelfs meneertje Dinosaus vindt de tandarts leuk!</desc><category>Kinderen, Animatie</category></programme><programme channel="lgi-be-prod-master:nickjr" start="20211227050500 +0000" stop="20211227051000 +0000" catchup-id="crid:~~2F~~2Ftelenet.be~~2Ffdfed85e-99df-4422-ab23-d904c6a7f8d5,imi:bb879658f4881a8d932870134466e19770d09565"><title>Peppa Pig</title><date></date><icon src="https://staticqbr-be-prod.tnprod.cdn.dmdsdp.com/image-service/ImagesEPG/EventImages/f1d__6a7__f1d6a7da-2495-4503-aa7c-a7855312c4fb__B141095718.jpg"></icon><desc>Als Peppa's vriendinnetjes komen spelen in haar boomhut, is het supergezellig, maar als de jongens komen, gaat 't mis. Peppa zet ze zonder pardon buiten. Opa weet raad en bouwt voor de jongens een kasteelhut, maar of het daar gezelliger van wordt?</desc><category>Kinderen, Animatie</category></programme><programme channel="lgi-be-prod-master:nickjr" start="20211227051000 +0000" stop="20211227051500 +0000" catchup-id="crid:~~2F~~2Ftelenet.be~~2Fcca6e961-6846-4671-ae0c-7531c92f0daf,imi:4d7b85f817cf9c9d13971cec1aa60b6b8a28f3d6"><title>Peppa Pig</title><date></date><icon src="https://staticqbr-be-prod.tnprod.cdn.dmdsdp.com/image-service/ImagesEPG/EventImages/f1d__6a7__f1d6a7da-2495-4503-aa7c-a7855312c4fb__B141095718.jpg"></icon><desc>Peppa en haar familie gaan naar de braderie op school en doen daar van alles. Peppa en haar vriendjes laten zich schminken als tijgers.</desc><category>Kinderen, Animatie</category></programme><programme channel="lgi-be-prod-master:nickjr" start="20211227051500 +0000" stop="20211227052000 +0000" catchup-id="crid:~~2F~~2Ftelenet.be~~2Feb4b4b9f-1576-4550-a757-8a11871f0029,imi:a7480add54d78be99a92c1f5213a069917fc48d9"><title>Peppa Pig</title><date></date><icon src="https://staticqbr-be-prod.tnprod.cdn.dmdsdp.com/image-service/ImagesEPG/EventImages/f1d__6a7__f1d6a7da-2495-4503-aa7c-a7855312c4fb__B141095718.jpg"></icon><desc>Mama Big is jarig en Peppa, George en Papa Big gaan haar verrassen.</desc><category>Kinderen, Animatie</category></programme><programme channel="lgi-be-prod-master:nickjr" start="20211227052000 +0000" stop="20211227052500 +0000" catchup-id="crid:~~2F~~2Ftelenet.be~~2F29c11470-66f5-4680-8287-a6dd891e8c8d,imi:fa4f61cb12c0d4ac469731f14b81efdaad74a274"><title>Peppa Pig</title><date></date><icon src="https://staticqbr-be-prod.tnprod.cdn.dmdsdp.com/image-service/ImagesEPG/EventImages/f1d__6a7__f1d6a7da-2495-4503-aa7c-a7855312c4fb__B141095718.jpg"></icon><desc>Er is een tand uit bij Peppa, dus ze legt hem onder haar kussen voor de Tandenfee. Maar Peppa is bang dat ze misschien boosaardig is.</desc><category>Kinderen, Animatie</category></programme><programme channel="lgi-be-prod-master:nickjr" start="20211227052500 +0000" stop="20211227053000 +0000" catchup-id="crid:~~2F~~2Ftelenet.be~~2Fd4fa60be-5f90-4f19-b683-30361b9eec85,imi:b6505d8ffade2ff03840c541b8c78232b7197047"><title>Peppa Pig</title><date></date><icon src="https://staticqbr-be-prod.tnprod.cdn.dmdsdp.com/image-service/ImagesEPG/EventImages/f1d__6a7__f1d6a7da-2495-4503-aa7c-a7855312c4fb__B141095718.jpg"></icon><desc>De auto gaat kapot. Peppa en haar familie huren een andere, maar die doet heel raar.</desc><category>Kinderen, Animatie</category></programme><programme channel="lgi-be-prod-master:nickjr" start="20211227053000 +0000" stop="20211227054000 +0000" catchup-id="crid:~~2F~~2Ftelenet.be~~2F11e5a67b-17c0-4ed8-b8ec-eb34d7a8fa15,imi:957ff800ced0c3152c8b5c34c3f9dafed9be111c"><title>Peppa Pig</title><date></date><icon src="https://staticqbr-be-prod.tnprod.cdn.dmdsdp.com/image-service/ImagesEPG/EventImages/f1d__6a7__f1d6a7da-2495-4503-aa7c-a7855312c4fb__B141095718.jpg"></icon><desc>Peppa en haar familie gaan lunchen bij Opa en Oma Big. Tenminste, dat is bedoeling, maar ze komen in een ellenlange file terecht. Zelfs binnendoor rijden helpt niet. Hoe kunnen ze nu toch genieten van al dat heerlijke eten?</desc><category>Kinderen, Animatie</category></programme><programme channel="lgi-be-prod-master:nickjr" start="20211227054000 +0000" stop="20211227054500 +0000" catchup-id="crid:~~2F~~2Ftelenet.be~~2F49385ba9-5a9e-429b-ad78-cba58d58b887,imi:4ec9f438dc6eef2bf15dd6ff4f5b0330659d8d6f"><title>Peppa Pig</title><date></date><icon src="https://staticqbr-be-prod.tnprod.cdn.dmdsdp.com/image-service/ImagesEPG/EventImages/f1d__6a7__f1d6a7da-2495-4503-aa7c-a7855312c4fb__B141095718.jpg"></icon><desc>Peppa en George gaan met Opa en Oma Big naar het strand en vinden daar getijdepoelen. Peppa vindt het eerst niks, maar als ze ontdekt wat er met en in zulke poelen te beleven valt en ze zelfs een visje redt, wil ze er ook eentje.</desc><category>Kinderen, Animatie</category></programme><programme channel="lgi-be-prod-master:nickjr" start="20211227054500 +0000" stop="20211227055000 +0000" catchup-id="crid:~~2F~~2Ftelenet.be~~2F9751b234-f3f5-4562-8168-bb811037a71d,imi:c7280d6838921727957cf86ca94a7cabb642d554"><title>Peppa Pig</title><date></date><icon src="https://staticqbr-be-prod.tnprod.cdn.dmdsdp.com/image-service/ImagesEPG/EventImages/f1d__6a7__f1d6a7da-2495-4503-aa7c-a7855312c4fb__B141095718.jpg"></icon><desc>Opa Big heeft een trein gemaakt! Hij weet zeker dat het de sterkste kleine trein van de wereld is, maar Opa Hond vindt dat grote onzin. Totdat de bus van mejuffrouw Konijn vast zit in de modder.</desc><category>Kinderen, Animatie</category></programme><programme channel="lgi-be-prod-master:nickjr" start="20211227055000 +0000" stop="20211227055500 +0000" catchup-id="crid:~~2F~~2Ftelenet.be~~2F1b812b80-65da-405f-b5c1-1cf35018e3a8,imi:fe50da84c1a1b8e5b5cb9b7e0472fad5f405c3d9"><title>Peppa Pig</title><date></date><icon src="https://staticqbr-be-prod.tnprod.cdn.dmdsdp.com/image-service/ImagesEPG/EventImages/f1d__6a7__f1d6a7da-2495-4503-aa7c-a7855312c4fb__B141095718.jpg"></icon><desc>Peppa en haar hele klas gaan op schoolreisje naar de bergen. Daar ontdekken ze de echo, ruilen hun lunch en hebben ze een heerlijke dag. En voordat ze terug zijn zingen ze ook nog het Bing-Bong lied!</desc><category>Kinderen, Animatie</category></programme><programme channel="lgi-be-prod-master:nickjr" start="20211227055500 +0000" stop="20211227060000 +0000" catchup-id="crid:~~2F~~2Ftelenet.be~~2F88b7639c-e9be-42e5-878d-a871a08d95fe,imi:014e9fcb88675e9c378d677165e059f0686ea514"><title>Peppa Pig</title><date></date><icon src="https://staticqbr-be-prod.tnprod.cdn.dmdsdp.com/image-service/ImagesEPG/EventImages/f1d__6a7__f1d6a7da-2495-4503-aa7c-a7855312c4fb__B141095718.jpg"></icon><desc>Peppa en George gaan spelen bij Kelly en Karel Konijn, en daar is alles anders dan thuis. Het huis, de gewoontes en vooral het eten. Eerst kan George er maar moeilijk aan wennen, totdat hij een wortel proeft.</desc><category>Kinderen, Animatie</category></programme><programme channel="lgi-be-prod-master:nickjr" start="20211227060000 +0000" stop="20211227062500 +0000" catchup-id="crid:~~2F~~2Ftelenet.be~~2F03a7ce66-5a4a-42a6-91f3-98d1f3be45b6,imi:6386e2449845339bb3a801e0976119d2d0cc63ea"><title>Santiago en de Zee</title><date></date><icon src="https://staticqbr-be-prod.tnprod.cdn.dmdsdp.com/image-service/ImagesEPG/EventImages/874__588__874588ea-edea-49ea-8191-9e034103b73a__B202103103.jpg"></icon><desc>Santiago en z'n vrienden willen de Diamanten Schedel in het dagboek van Capitán Calavera zetten. // Babbelaar weet het kompas van Santiago te stelen en gaat samen met Bonnie op zoek naar schatten.</desc><category>Kinderen, Animatie</category></programme><programme channel="lgi-be-prod-master:nickjr" start="20211227062500 +0000" stop="20211227063500 +0000" catchup-id="crid:~~2F~~2Ftelenet.be~~2F4fe35fbf-bfd0-4d39-8213-b79f8f532da3,imi:725df5afc8917f5ef375e58990b42c04d8dd63ff"><title>Baby Shark's Big Show</title><date></date><icon src="https://staticqbr-be-prod.tnprod.cdn.dmdsdp.com/image-service/ImagesEPG/EventImages/d42__f01__d42f015e-bcdd-469b-9814-79836f42eec2__B208780131.jpg"></icon><desc>Een potje honkkokkel verandert in een reddingsmissie als Hanks huisdiersteen in het hol van de slobberslak terechtkomt.</desc><category>Kinderen, Onder de 5</category></programme><programme channel="lgi-be-prod-master:nickjr" start="20211227063500 +0000" stop="20211227065000 +0000" catchup-id="crid:~~2F~~2Ftelenet.be~~2F2763a7df-3738-4145-a736-5969244ca1e4,imi:115333b1e6eb95c623ad566b10462604f478e4d9"><title>Paw Patrol</title><date></date><icon src="https://staticqbr-be-prod.tnprod.cdn.dmdsdp.com/image-service/ImagesEPG/EventImages/ca1__17d__ca117dd5-0480-4846-93e4-500eac242b95__B110613310.jpg"></icon><desc>Het is winter in Avonturenbaai en de vorst zorgt voor de nodige problemen.</desc><category>Kinderen, Animatie</category></programme><programme channel="lgi-be-prod-master:nickjr" start="20211227065000 +0000" stop="20211227071500 +0000" catchup-id="crid:~~2F~~2Ftelenet.be~~2F4174243e-2fed-4130-8b43-faf9a11c1743,imi:47065d0b15e13d09f956b4173ce6de92c553a94b"><title>Paw Patrol</title><date></date><icon src="https://staticqbr-be-prod.tnprod.cdn.dmdsdp.com/image-service/ImagesEPG/EventImages/3fc__4c4__3fc4c4ef-8142-49e0-8459-4eae93246f0a__B156925404.jpg"></icon><desc>Tijdens 'n cowboyfeest ontsnappen er 'n paar koeien uit 'n veewagon. De Paw Patroll moet de koeien terugdrijven naar 't station. // Wanneer hun vriend Alex besluit dat hij lid wil worden van de Paw Patroll, mag hij mee voor een noodgeval.</desc><category>Kinderen, Animatie</category></programme><programme channel="lgi-be-prod-master:nickjr" start="20211227071500 +0000" stop="20211227074000 +0000" catchup-id="crid:~~2F~~2Ftelenet.be~~2F12bde740-0742-48bb-8d6c-e973f8c8199f,imi:6c881978f5af22fabe44c5a615d5a645d8e4bf5f"><title>Deer Squad</title><date></date><icon src="https://staticqbr-be-prod.tnprod.cdn.dmdsdp.com/image-service/ImagesEPG/EventImages/a6b__7fa__a6b7fa32-122d-43e8-8139-70ea7c6465a1__B200003072.jpg"></icon><desc>De tips van Rammy over focus en meditatie komen goed van pas als de Replicator van Meneer Staal het donuts laat regenen in Midden Bos. // Als Kai zijn Waterkracht botviert op een ijsmachine, verandert deze in een losgeslagen ijsbot!</desc><category>Kinderen, Animatie</category></programme><programme channel="lgi-be-prod-master:nickjr" start="20211227074000 +0000" stop="20211227080500 +0000" catchup-id="crid:~~2F~~2Ftelenet.be~~2F2ca3970a-819e-4944-86d0-8d7ca14dc48c,imi:dedf0cdb9bd3f30f7358740cc9f6157096913a66"><title>Blue's Clues &amp; You</title><date></date><icon src="https://staticqbr-be-prod.tnprod.cdn.dmdsdp.com/image-service/ImagesEPG/EventImages/d1b__073__d1b0738a-30fd-41b7-b6e0-7975fe4706c7__B169681121.jpg"></icon><desc>Josh richt een band op en zoekt met Blue's Clues uit welk instrument Blue wil spelen.</desc><category>Educatie</category></programme><programme channel="lgi-be-prod-master:nickjr" start="20211227080500 +0000" stop="20211227081500 +0000" catchup-id="crid:~~2F~~2Ftelenet.be~~2Fa9b4cb2f-aaa0-4db7-8e83-c74872f343f6,imi:da6375dfeed5293b871803812db0c8105ddda127"><title>Peppa Pig</title><date></date><icon src="https://staticqbr-be-prod.tnprod.cdn.dmdsdp.com/image-service/ImagesEPG/EventImages/f1d__6a7__f1d6a7da-2495-4503-aa7c-a7855312c4fb__B141095718.jpg"></icon><desc>Peppa en Suzie hebben ruzie. Ze willen het wel goedmaken, maar dat lukt niet. Totdat ze tegelijk sorry zeggen, maar dan beginnen ze meteen weer opnieuw met ruzieen. Dat komt omdat ze zo op elkaar lijken; daarom zijn ze de beste vriendinnen!</desc><category>Kinderen, Animatie</category></programme><programme channel="lgi-be-prod-master:nickjr" start="20211227081500 +0000" stop="20211227082000 +0000" catchup-id="crid:~~2F~~2Ftelenet.be~~2Fc0da4bfd-5837-4362-b132-e15af1ce0887,imi:0e13fdeb89f7926b5bf372e45b6fc7b44a360b7b"><title>Peppa Pig</title><date></date><icon src="https://staticqbr-be-prod.tnprod.cdn.dmdsdp.com/image-service/ImagesEPG/EventImages/f1d__6a7__f1d6a7da-2495-4503-aa7c-a7855312c4fb__B141095718.jpg"></icon><desc>Goudje de vis kijkt niet blij en eet niet. Peppa, George en Mamma Big gaan met de bus naar de dierenarts genaamd dokter Hamster.</desc><category>Kinderen, Animatie</category></programme><programme channel="lgi-be-prod-master:nickjr" start="20211227082000 +0000" stop="20211227082500 +0000" catchup-id="crid:~~2F~~2Ftelenet.be~~2F27038715-c894-41f5-bd31-c54a4cf05689,imi:0e20ecc8498ce11bc08dca8b80ad231dda16a5a5"><title>Peppa Pig</title><date></date><icon src="https://staticqbr-be-prod.tnprod.cdn.dmdsdp.com/image-service/ImagesEPG/EventImages/f1d__6a7__f1d6a7da-2495-4503-aa7c-a7855312c4fb__B141095718.jpg"></icon><desc>Peppa en haar vrienden leren op school van mevrouw Gazelle hoe zij moeten tellen bij een spelletje.</desc><category>Kinderen, Animatie</category></programme><programme channel="lgi-be-prod-master:nickjr" start="20211227082500 +0000" stop="20211227085000 +0000" catchup-id="crid:~~2F~~2Ftelenet.be~~2Fb3d96c38-7520-49f3-8f00-28be2e05b32c,imi:6a019d2bc8e5fcd4965dfb22c725260351b857cb"><title>PAW Patrol</title><date></date><icon src="https://staticqbr-be-prod.tnprod.cdn.dmdsdp.com/image-service/ImagesEPG/EventImages/ca1__17d__ca117dd5-0480-4846-93e4-500eac242b95__B110613310.jpg"></icon><desc>Het alienkindje laat een ruimtesteen achter bij de pups. Maar deze steen blijkt te kunnen lopen en praten. // Burgemeester Goodway gaat kamperen. Burgemeester Humdinger neemt stiekem haar werk over in de Avonturenbaai.</desc><category>Kinderen, Animatie</category></programme><programme channel="lgi-be-prod-master:nickjr" start="20211227085000 +0000" stop="20211227091500 +0000" catchup-id="crid:~~2F~~2Ftelenet.be~~2F307916f4-a4cf-4d32-9fcf-83f824bc877d,imi:0f1fef6d3a414448d9e57137246333aed3e55d9a"><title>Bubble Guppies</title><date></date><icon src="https://staticqbr-be-prod.tnprod.cdn.dmdsdp.com/image-service/ImagesEPG/EventImages/351__389__35138937-ea69-43b2-a8f2-e3429f8e3aa3__B48187406.jpg"></icon><desc>Van panda's tot eetstokjes en van de Chinese muur tot noedels, de guppy's zijn dol op China. En tussen de lantaarns, de trommels en het vuurwerk laten Molly, Gil en de rest een enorme festivaldraak meelopen in de Chinese nieuwjaarsoptocht.</desc><category>Kinderen, Animatie</category></programme><programme channel="lgi-be-prod-master:nickjr" start="20211227091500 +0000" stop="20211227092500 +0000" catchup-id="crid:~~2F~~2Ftelenet.be~~2F46cdc49c-81e3-454f-89ff-79285dae5d36,imi:a862c6624ec0195c388dfc8f4951439a311ca410"><title>De familie BARBAPAPA</title><date></date><icon src="https://staticqbr-be-prod.tnprod.cdn.dmdsdp.com/image-service/ImagesEPG/EventImages/04b__9e8__04b9e816-06fd-4a1e-8119-59b428dde897__B200518303.jpg"></icon><desc>Barbabee valt in een vat met roze inkt en lijkt nu op Barbapapa. Daar maakt hij gebruik van.</desc><category>Kinderen, Entertainment</category></programme><programme channel="lgi-be-prod-master:nickjr" start="20211227092500 +0000" stop="20211227095000 +0000" catchup-id="crid:~~2F~~2Ftelenet.be~~2F30af2213-10c4-45c6-b810-41ef19d397da,imi:bd5d8464b3139802bc706519995e3f519cbcbbd2"><title>De familie BARBAPAPA</title><date></date><icon src="https://staticqbr-be-prod.tnprod.cdn.dmdsdp.com/image-service/ImagesEPG/EventImages/04b__9e8__04b9e816-06fd-4a1e-8119-59b428dde897__B200518303.jpg"></icon><desc>De kinderen ontdekken dat er andere kleuren ontstaan als je basiskleuren mengt. // Barbabob heeft geen inspiratie en iedereen komt met tips.</desc><category>Kinderen, Entertainment</category></programme><programme channel="lgi-be-prod-master:nickjr" start="20211227095000 +0000" stop="20211227095500 +0000" catchup-id="crid:~~2F~~2Ftelenet.be~~2F12c8bbeb-6ac3-42d5-94f3-8413da1f9779,imi:5bfb6379f731d80717cc831a82599798c456837e"><title>Peppa Pig</title><date></date><icon src="https://staticqbr-be-prod.tnprod.cdn.dmdsdp.com/image-service/ImagesEPG/EventImages/c48__19e__c4819ec9-a082-4d7d-939f-fade73035778__B161460131.jpg"></icon><desc>Mevrouw Gazelle brengt de kinderen naar de gymles van Opie Konijn. Eerst vinden ze alle opdrachten maar eng, tot Opie Konijn ze uitlegt hoe hij door een jungle is gelopen. Dat helpt de kinderen over hun angst heen.</desc><category>Kinderen, Animatie</category></programme><programme channel="lgi-be-prod-master:nickjr" start="20211227095500 +0000" stop="20211227100000 +0000" catchup-id="crid:~~2F~~2Ftelenet.be~~2Fea043380-2e9d-4837-83e1-6dec9a739a44,imi:92696135963429574d6ce1077c7057ab76494c58"><title>Peppa Pig</title><date></date><icon src="https://staticqbr-be-prod.tnprod.cdn.dmdsdp.com/image-service/ImagesEPG/EventImages/c48__19e__c4819ec9-a082-4d7d-939f-fade73035778__B161460131.jpg"></icon><desc>Baby Alexander is nog te jong om te praten, maar Peppa leert hem zijn eerste woord.</desc><category>Kinderen, Animatie</category></programme><programme channel="lgi-be-prod-master:nickjr" start="20211227100000 +0000" stop="20211227100500 +0000" catchup-id="crid:~~2F~~2Ftelenet.be~~2F552fd130-eba1-4a76-991f-2e0621cb1e89,imi:828ba437a7bffebdb5753e0feaadda044a458960"><title>Peppa Pig</title><date></date><icon src="https://staticqbr-be-prod.tnprod.cdn.dmdsdp.com/image-service/ImagesEPG/EventImages/c48__19e__c4819ec9-a082-4d7d-939f-fade73035778__B161460131.jpg"></icon><desc>Peppa en haar familie plukken appels en bramen in de tuin van Opa en Oma Big. Daar willen ze een taart mee maken.</desc><category>Kinderen, Animatie</category></programme><programme channel="lgi-be-prod-master:nickjr" start="20211227100500 +0000" stop="20211227101000 +0000" catchup-id="crid:~~2F~~2Ftelenet.be~~2Fe4c30e0b-47da-4baa-83d6-d5fdd7e51515,imi:dd208d4864b71dacf289aaab6b38aefd32bbb48c"><title>Peppa Pig</title><date></date><icon src="https://staticqbr-be-prod.tnprod.cdn.dmdsdp.com/image-service/ImagesEPG/EventImages/c48__19e__c4819ec9-a082-4d7d-939f-fade73035778__B161460131.jpg"></icon><desc>Peppa wil leren fluiten omdat iedereen dat al lijkt te kunnen.</desc><category>Kinderen, Animatie</category></programme><programme channel="lgi-be-prod-master:nickjr" start="20211227101000 +0000" stop="20211227101500 +0000" catchup-id="crid:~~2F~~2Ftelenet.be~~2F656eedeb-5fa7-451c-adc6-ef43d6a10b0a,imi:de2789a2e65a271069683539452cf975835b2c16"><title>Peppa Pig</title><date></date><icon src="https://staticqbr-be-prod.tnprod.cdn.dmdsdp.com/image-service/ImagesEPG/EventImages/c48__19e__c4819ec9-a082-4d7d-939f-fade73035778__B161460131.jpg"></icon><desc>Mejuffrouw Konijn heeft haar enkel bezeerd, dus haar zus en vrienden bieden aan om haar te vervangen op alle plekken waar ze werkt.</desc><category>Kinderen, Animatie</category></programme><programme channel="lgi-be-prod-master:nickjr" start="20211227101500 +0000" stop="20211227102000 +0000" catchup-id="crid:~~2F~~2Ftelenet.be~~2F24e42fd1-bfb7-4137-a2d0-b84cf06f33c3,imi:e39e900eabec287175505aefe8b73c8eba6a2c93"><title>Peppa Pig</title><date></date><icon src="https://staticqbr-be-prod.tnprod.cdn.dmdsdp.com/image-service/ImagesEPG/EventImages/c48__19e__c4819ec9-a082-4d7d-939f-fade73035778__B161460131.jpg"></icon><desc>Mevrouw Zebra leert Peppa, George, Zoe, Zaza en Zuzu hoe ze een echt theeservies kunnen maken van klei.</desc><category>Kinderen, Animatie</category></programme><programme channel="lgi-be-prod-master:nickjr" start="20211227102000 +0000" stop="20211227104500 +0000" catchup-id="crid:~~2F~~2Ftelenet.be~~2F5519e47e-2fae-47a8-862e-c937818d7911,imi:9251105e1c7a1eb694c1d1c4a5d2f1fba97330a6"><title>Blaze and the Monster Machines</title><date></date><icon src="https://staticqbr-be-prod.tnprod.cdn.dmdsdp.com/image-service/ImagesEPG/EventImages/ba4__588__ba45880c-757f-4165-9797-c3cf8cef56e9__B132758938.jpg"></icon><desc>Blaze ontdekt een spannende nieuwe sport, Truckbal. Crusher heeft een team van vier trucks en daagt Blaze uit voor een wedstrijd. Blaze heeft echter nog geen team en gaat daarom langs bij Starla, Zegg en Darington.</desc><category>Kinderen, Animatie</category></programme><programme channel="lgi-be-prod-master:nickjr" start="20211227104500 +0000" stop="20211227111000 +0000" catchup-id="crid:~~2F~~2Ftelenet.be~~2Ff2314ae2-96e3-4381-81cc-289b90f357d9,imi:f6352cffead15266f333b00c274900e2afa64b74"><title>Santiago en de Zee</title><date></date><icon src="https://staticqbr-be-prod.tnprod.cdn.dmdsdp.com/image-service/ImagesEPG/EventImages/874__588__874588ea-edea-49ea-8191-9e034103b73a__B202103103.jpg"></icon><desc>Santiago en zijn vrienden spelen een spelletje, maar door zijn angst voor spinnen breekt de verrekijker van Santiago. // Santiago en zijn vrienden vinden en schatkaart waar een deel van is afgescheurd.</desc><category>Kinderen, Animatie</category></programme><programme channel="lgi-be-prod-master:nickjr" start="20211227111000 +0000" stop="20211227113500 +0000" catchup-id="crid:~~2F~~2Ftelenet.be~~2F55f903b9-d68f-4dfc-8454-eb52f5b2de46,imi:cc48ef5ebce4118f3239264fc849acf71e727a30"><title>Paw Patrol</title><date></date><icon src="https://staticqbr-be-prod.tnprod.cdn.dmdsdp.com/image-service/ImagesEPG/EventImages/ca1__17d__ca117dd5-0480-4846-93e4-500eac242b95__B110613310.jpg"></icon><desc>De prinses van Blaffenburcht is jarig en geeft een verjaardagsfeestje. Maar als haar verjaardagscadeau in verkeerde handen terecht komt, zorgt dit voor veel problemen.</desc><category>Kinderen, Animatie</category></programme><programme channel="lgi-be-prod-master:nickjr" start="20211227113500 +0000" stop="20211227115500 +0000" catchup-id="crid:~~2F~~2Ftelenet.be~~2F1e2d5daa-18fd-4c84-b761-86da50373180,imi:b75e68665b522e97ca9eb83c53a59030381703d0"><title>Paw Patrol</title><date></date><icon src="https://staticqbr-be-prod.tnprod.cdn.dmdsdp.com/image-service/ImagesEPG/EventImages/ca1__17d__ca117dd5-0480-4846-93e4-500eac242b95__B110613310.jpg"></icon><desc>De nijlpaarden breken met hun act de circustent af. Gelukkig schiet de Paw Patrol circusdirecteur Raimundo te hulp. // De pups kijken naar de marathon-uitzending van Apollo de Superpup, maar ze vallen allemaal in slaap.</desc><category>Kinderen, Animatie</category></programme><programme channel="lgi-be-prod-master:nickjr" start="20211227115500 +0000" stop="20211227121000 +0000" catchup-id="crid:~~2F~~2Ftelenet.be~~2F28c5f9b4-8735-4101-bcf7-c00991480289,imi:e0fec1b23ca7df9c056a43abc46d62b38642cc5b"><title>Paw Patrol</title><date></date><icon src="https://staticqbr-be-prod.tnprod.cdn.dmdsdp.com/image-service/ImagesEPG/EventImages/3fc__4c4__3fc4c4ef-8142-49e0-8459-4eae93246f0a__B156925404.jpg"></icon><desc>Een tanker lekt olie in de baai en een babywalvis is door de olievlek gezwommen.</desc><category>Kinderen, Animatie</category></programme>