<programme channel="lgi-be-prod-master:mtvnhd" start="20211227000000 +0000" stop="20211227013000 +0000" catchup-id="crid:~~2F~~2Ftelenet.be~~2Fbed489eb-e4eb-4e60-aade-3f24893bd0f4,imi:148dd4921ed1b1c073b14a8939219b00afaba38c"><title>The Weeknd X Ariana X Justin</title><date></date><icon src="https://staticqbr-be-prod.tnprod.cdn.dmdsdp.com/image-service/ImagesEPG/EventImages/d17__cb1__d17cb1a6-4975-43f2-a006-e80a05891e76__B105933935.jpg"></icon><desc>Check out these huge tracks from three of the biggest acts on the planet, The Weekend, Ariana Grande and Justin Bieber! We love them!</desc><category>Muziek</category></programme><programme channel="lgi-be-prod-master:mtvnhd" start="20211227013000 +0000" stop="20211227020000 +0000" catchup-id="crid:~~2F~~2Ftelenet.be~~2F7166f424-f73e-427f-99e8-6b076c06d677,imi:3dd3022a652b91fad5d178a7e0d831469e9d5de2"><title>Hot Right Now!</title><date></date><icon src="https://staticqbr-be-prod.tnprod.cdn.dmdsdp.com/image-service/ImagesEPG/EventImages/974__118__97411895-1709-40ec-b4ba-a4825fac689c__B145108446.jpg"></icon><desc>We bring you the very hottest music videos in the world right now!</desc><category>Muziek</category></programme><programme channel="lgi-be-prod-master:mtvnhd" start="20211227020000 +0000" stop="20211227022000 +0000" catchup-id="crid:~~2F~~2Ftelenet.be~~2Fb8a5c32b-846b-42c2-b3b7-f547eb68d22d,imi:d5359fded560c57d302cea71d636dd0c89ee1ccc"><title>Kings Of Leon: Rocks Special</title><date>2021</date><icon src="https://staticqbr-be-prod.tnprod.cdn.dmdsdp.com/image-service/ImagesEPG/EventImages/d17__cb1__d17cb1a6-4975-43f2-a006-e80a05891e76__B105933935.jpg"></icon><desc>Jack Saunders chats to Caleb and Nathan from Kings Of Leon about their huge new album, getting back on tour, and playing golf!</desc><category>Muziek</category></programme><programme channel="lgi-be-prod-master:mtvnhd" start="20211227022000 +0000" stop="20211227024500 +0000" catchup-id="crid:~~2F~~2Ftelenet.be~~2F862c6786-a49e-473a-9976-6f40f27ab392,imi:af672500d5413d422bc3bec2a9b12a1b9390d67e"><title>My Life On MTV: Coldplay &amp; U2</title><date></date><icon src="https://staticqbr-be-prod.tnprod.cdn.dmdsdp.com/image-service/ImagesEPG/EventImages/f14__de0__f14de018-9dd6-491e-8f14-8ef0f728ccbd__B78363348.jpg"></icon><desc>This is the true story about the evolution of two of the world's greatest rock bands, with MTV global archival footage dating back to our first broadcast year...1981! (S1, ep8)</desc><category>Vrije tijd, Showbiz</category></programme><programme channel="lgi-be-prod-master:mtvnhd" start="20211227024500 +0000" stop="20211227033000 +0000" catchup-id="crid:~~2F~~2Ftelenet.be~~2F0f3fc3fa-ec71-49b6-95d5-2b6a467a9e03,imi:eea336752d16574172813df1e7cab79defb4f650"><title>MTV World Stage: Coldplay</title><date>2009</date><icon src="https://staticqbr-be-prod.tnprod.cdn.dmdsdp.com/image-service/ImagesEPG/EventImages/d17__cb1__d17cb1a6-4975-43f2-a006-e80a05891e76__B105933935.jpg"></icon><desc>World Stage celebrates a Coldplay classic World Stage edition from their 2009 Vida La Vida tour at the Saitama Super Arena in Tokyo, Japan.</desc><category>Muziek</category></programme><programme channel="lgi-be-prod-master:mtvnhd" start="20211227033000 +0000" stop="20211227060000 +0000" catchup-id="crid:~~2F~~2Ftelenet.be~~2F71e257ff-905c-457b-826d-478df35011ce,imi:1c352a041c32a8a87304e5bee78a5f96f9325ca0"><title>MTV Rewind: 2016</title><date></date><icon src="https://staticqbr-be-prod.tnprod.cdn.dmdsdp.com/image-service/ImagesEPG/EventImages/cc4__ba7__cc4ba7b3-efe2-4c54-9a44-8c63433a4b07__B145095959.jpg"></icon><desc>Step into the MTV Time Machine and travel back to 2016 to check out what tracks were stealing our hearts and ruling the charts!</desc><category>Muziek</category></programme><programme channel="lgi-be-prod-master:mtvnhd" start="20211227060000 +0000" stop="20211227080000 +0000" catchup-id="crid:~~2F~~2Ftelenet.be~~2Fd273ffa5-3a63-42b7-920a-c3111e80ff7f,imi:a98b1547e0e9f0abf34826fa2af3362c54d6da9a"><title>Hot Right Now!</title><date></date><icon src="https://staticqbr-be-prod.tnprod.cdn.dmdsdp.com/image-service/ImagesEPG/EventImages/974__118__97411895-1709-40ec-b4ba-a4825fac689c__B145108446.jpg"></icon><desc>We bring you the very hottest music videos in the world right now!</desc><category>Muziek</category></programme><programme channel="lgi-be-prod-master:mtvnhd" start="20211227080000 +0000" stop="20211227100000 +0000" catchup-id="crid:~~2F~~2Ftelenet.be~~2Fcf33e6ed-07e5-45d7-95a2-2bdfeec634b8,imi:95935808f11dcb78f2921d3996fbabe8f31c3074"><title>Rock Solid Playlist</title><date></date><icon src="https://staticqbr-be-prod.tnprod.cdn.dmdsdp.com/image-service/ImagesEPG/EventImages/d17__cb1__d17cb1a6-4975-43f2-a006-e80a05891e76__B105933935.jpg"></icon><desc>Grab your air guitar and party hard to our rock solid playlist!</desc><category>Muziek</category></programme><programme channel="lgi-be-prod-master:mtvnhd" start="20211227100000 +0000" stop="20211227102000 +0000" catchup-id="crid:~~2F~~2Ftelenet.be~~2Fb8a5c32b-846b-42c2-b3b7-f547eb68d22d,imi:d3688c462b04a932e2423e0d190ba6a55111301d"><title>Kings Of Leon: Rocks Special</title><date>2021</date><icon src="https://staticqbr-be-prod.tnprod.cdn.dmdsdp.com/image-service/ImagesEPG/EventImages/d17__cb1__d17cb1a6-4975-43f2-a006-e80a05891e76__B105933935.jpg"></icon><desc>Jack Saunders chats to Caleb and Nathan from Kings Of Leon about their huge new album, getting back on tour, and playing golf!</desc><category>Muziek</category></programme><programme channel="lgi-be-prod-master:mtvnhd" start="20211227102000 +0000" stop="20211227104500 +0000" catchup-id="crid:~~2F~~2Ftelenet.be~~2F862c6786-a49e-473a-9976-6f40f27ab392,imi:262845a43a0c2a98245386d0e50403fa845ba8ce"><title>My Life On MTV: Coldplay &amp; U2</title><date></date><icon src="https://staticqbr-be-prod.tnprod.cdn.dmdsdp.com/image-service/ImagesEPG/EventImages/f14__de0__f14de018-9dd6-491e-8f14-8ef0f728ccbd__B78363348.jpg"></icon><desc>This is the true story about the evolution of two of the world's greatest rock bands, with MTV global archival footage dating back to our first broadcast year...1981! (S1, ep8)</desc><category>Vrije tijd, Showbiz</category></programme><programme channel="lgi-be-prod-master:mtvnhd" start="20211227104500 +0000" stop="20211227113000 +0000" catchup-id="crid:~~2F~~2Ftelenet.be~~2F0f3fc3fa-ec71-49b6-95d5-2b6a467a9e03,imi:0bef7b570d293a4868523068c8f4ca2f4d06ffb7"><title>MTV World Stage: Coldplay</title><date>2009</date><icon src="https://staticqbr-be-prod.tnprod.cdn.dmdsdp.com/image-service/ImagesEPG/EventImages/d17__cb1__d17cb1a6-4975-43f2-a006-e80a05891e76__B105933935.jpg"></icon><desc>World Stage celebrates a Coldplay classic World Stage edition from their 2009 Vida La Vida tour at the Saitama Super Arena in Tokyo, Japan.</desc><category>Muziek</category></programme><programme channel="lgi-be-prod-master:mtvnhd" start="20211227113000 +0000" stop="20211227115500 +0000" catchup-id="crid:~~2F~~2Ftelenet.be~~2Fdaa8f199-a03d-4763-8598-9b0c1e4a8286,imi:47fc0d45765fe692fc0d0912b7f3610ddf94735f"><title>MTV Unplugged: Lady Gaga &amp; Tony...</title><date>2021</date><icon src="https://staticqbr-be-prod.tnprod.cdn.dmdsdp.com/image-service/ImagesEPG/EventImages/d17__cb1__d17cb1a6-4975-43f2-a006-e80a05891e76__B105933935.jpg"></icon><desc>... Bennett. This highly-anticipated episode of MTV Unplugged features Lady Gaga and Tony Bennett performing a combination of stripped-back duets and solo songs from their album, Love For Sale.</desc><category>Muziek</category></programme><programme channel="lgi-be-prod-master:mtvnhd" start="20211227115500 +0000" stop="20211227121500 +0000" catchup-id="crid:~~2F~~2Ftelenet.be~~2Fa8de2701-6caa-4bfd-afc4-c7d7316efc5b,imi:806d4dbd8053f3884f74ad04cfb8854a46fa704a"><title>Bastille: I Want My MTV</title><date>2021</date><icon src="https://staticqbr-be-prod.tnprod.cdn.dmdsdp.com/image-service/ImagesEPG/EventImages/d17__cb1__d17cb1a6-4975-43f2-a006-e80a05891e76__B105933935.jpg"></icon><desc>Bastille comes in to MTV HQ to talk about the music videos that have made them into the successful band they are today! What was the first video they saw on MTV and who's their biggest inspiration?</desc><category>Muziek</category></programme>