<programme channel="lgi-be-prod-master:cartoonnetwork" start="20211226230000 +0000" stop="20211226231000 +0000" catchup-id="crid:~~2F~~2Ftelenet.be~~2Fcd16e5a2-0c71-4ad7-97a3-ab9e38b21624,imi:982ab0aa713d5ed93f0b4e06decfece0c696d546"><title>The Amazing World of Gumball</title><date></date><icon src="https://staticqbr-be-prod.tnprod.cdn.dmdsdp.com/image-service/ImagesEPG/EventImages/3dc__306__3dc30684-83b1-4a0a-a2aa-fa99c6f46fb3__B48930573.jpg"></icon><desc>Gumball en Darwin hebben een videocamera en maken daar natuurlijk filmpjes mee. Dat daarbij niemand ontzien wordt en niet iedereen vrijwillig meedoet, moge duidelijk zijn.</desc><category>Kinderen, Animatie</category></programme><programme channel="lgi-be-prod-master:cartoonnetwork" start="20211226231000 +0000" stop="20211226232500 +0000" catchup-id="crid:~~2F~~2Ftelenet.be~~2Fb556ba3e-2b07-4879-96e5-0d40b42be81d,imi:a708c8c16bc9d86917ab31389e56e3573ef3740b"><title>The Amazing World of Gumball</title><date></date><icon src="https://staticqbr-be-prod.tnprod.cdn.dmdsdp.com/image-service/ImagesEPG/EventImages/3dc__306__3dc30684-83b1-4a0a-a2aa-fa99c6f46fb3__B48930573.jpg"></icon><desc>Sara komt van een andere school waar Gumball en Darwin bekend staan als heftige en ruige gasten, zonder te weten waarom.</desc><category>Kinderen, Animatie</category></programme><programme channel="lgi-be-prod-master:cartoonnetwork" start="20211226232500 +0000" stop="20211226233500 +0000" catchup-id="crid:~~2F~~2Ftelenet.be~~2Fca0df5a9-9910-47af-85da-6835d3b9b1a5,imi:c6577c97ec91f5cd7d986efdef835137214e1d19"><title>Power Players</title><date></date><icon src="https://staticqbr-be-prod.tnprod.cdn.dmdsdp.com/image-service/ImagesEPG/EventImages/784__034__78403493-dc3c-4c3c-897c-73623d918e7d__B202585360.jpg"></icon><desc>Axel ontdekt het geheime lab van zijn oom terwijl hij op zoek is naar gereedschap om wat speelgoed te repareren. Maar in plaats daarvan wekt hij speelgoed weer tot leven, waaronder de slechte HoornToorn en een compleet team van speelgoed met speciale krachten dat hem wil tegenhouden.</desc><category>Animatie</category></programme><programme channel="lgi-be-prod-master:cartoonnetwork" start="20211226233500 +0000" stop="20211226234500 +0000" catchup-id="crid:~~2F~~2Ftelenet.be~~2Fe11f3254-c407-4d7c-8ade-5f277a291142,imi:ab6a8402e51b65d4edfa7027ee3db1f5352e297b"><title>Power Players</title><date></date><icon src="https://staticqbr-be-prod.tnprod.cdn.dmdsdp.com/image-service/ImagesEPG/EventImages/784__034__78403493-dc3c-4c3c-897c-73623d918e7d__B202585360.jpg"></icon><desc>Axel komt erachter dat hij kan transformeren in speelgoed en voorkomt samen met zijn team dat HoornToorn een Minergie batterij steelt.</desc><category>Animatie</category></programme><programme channel="lgi-be-prod-master:cartoonnetwork" start="20211226234500 +0000" stop="20211226235500 +0000" catchup-id="crid:~~2F~~2Ftelenet.be~~2Ff96e6b8d-7054-4586-90ca-e4ba8a93d7e8,imi:9dccd8e75ea6ade02dbfbe17e07deec002fa9311"><title>Power Players</title><date></date><icon src="https://staticqbr-be-prod.tnprod.cdn.dmdsdp.com/image-service/ImagesEPG/EventImages/784__034__78403493-dc3c-4c3c-897c-73623d918e7d__B202585360.jpg"></icon><desc>Een op hol geslagen door Sloombot gemaakte thermostaat maakt de ene kamer extreem koud en de andere kamer extreem warm. Nu is het aan Axel om samen met Galileo en Bobbie de thermostaat uit te schakelen.</desc><category>Animatie</category></programme><programme channel="lgi-be-prod-master:cartoonnetwork" start="20211226235500 +0000" stop="20211227000500 +0000" catchup-id="crid:~~2F~~2Ftelenet.be~~2F443590c8-1b4f-4669-a1f7-38ae7013e255,imi:ef00d80d176533d9350b9ae20ca919abbb2a7c6a"><title>Power Players</title><date></date><icon src="https://staticqbr-be-prod.tnprod.cdn.dmdsdp.com/image-service/ImagesEPG/EventImages/784__034__78403493-dc3c-4c3c-897c-73623d918e7d__B202585360.jpg"></icon><desc>Sergeant en Masco worden het maar niet eens over wat er belangrijker is: het wapen of degene die het wapen gebruikt. Uiteindelijk moeten ze tijdens een gevecht met Dynamo samenwerken om hem te verslaan.</desc><category>Animatie</category></programme><programme channel="lgi-be-prod-master:cartoonnetwork" start="20211227000500 +0000" stop="20211227001500 +0000" catchup-id="crid:~~2F~~2Ftelenet.be~~2F6f717dd8-2f77-4fa8-8572-dead7654b4d1,imi:35bd0852507100f2811d2d077e1e669f9113f1fd"><title>Power Players</title><date></date><icon src="https://staticqbr-be-prod.tnprod.cdn.dmdsdp.com/image-service/ImagesEPG/EventImages/784__034__78403493-dc3c-4c3c-897c-73623d918e7d__B202585360.jpg"></icon><desc>Wanneer Axel en zijn vrienden een film over Koning Arthur zien, steekt Axel zijn zwaard in de lucht en verklaart zichzelf tot koning. Maar als Dynamo zijn magnetisme gebruikt om het zwaard te stelen, vraagt het hele team zich af wie er eigenlijk de leider zou moeten zijn.</desc><category>Animatie</category></programme><programme channel="lgi-be-prod-master:cartoonnetwork" start="20211227001500 +0000" stop="20211227002500 +0000" catchup-id="crid:~~2F~~2Ftelenet.be~~2Fe58f876b-cd0e-4e3d-8cb8-79de1a81db7b,imi:404c818d80ede34e150458ce91ab2ce0d037c515"><title>Power Players</title><date></date><icon src="https://staticqbr-be-prod.tnprod.cdn.dmdsdp.com/image-service/ImagesEPG/EventImages/784__034__78403493-dc3c-4c3c-897c-73623d918e7d__B202585360.jpg"></icon><desc>HoornToorn en Prinses Suikerzout maken ruzie over wie er een betere schurk is en Zoe en Cleo over wie er de beste trefbal coach is. Axel zal de lessen die hij over trefbal heeft geleerd toe moeten passen om de ruzies te stoppen.</desc><category>Animatie</category></programme><programme channel="lgi-be-prod-master:cartoonnetwork" start="20211227002500 +0000" stop="20211227003500 +0000" catchup-id="crid:~~2F~~2Ftelenet.be~~2F8370564d-6117-457b-b5ee-621d4845c24b,imi:4cfca60330e6bd952edc576001f05bfccd0a53f2"><title>Angelo Rules</title><date></date><icon src="https://staticqbr-be-prod.tnprod.cdn.dmdsdp.com/image-service/ImagesEPG/EventImages/f14__de0__f14de018-9dd6-491e-8f14-8ef0f728ccbd__B78363348.jpg"></icon><desc>Poesje Mauw blijkt spullen te stelen uit de hele buurt en te verstoppen onder Angelo's bed. Kunnen Angelo Lola en Sherwood alles terugbrengen voor de politie Poesje Mauw oppakt?</desc><category>Overig</category></programme><programme channel="lgi-be-prod-master:cartoonnetwork" start="20211227003500 +0000" stop="20211227005000 +0000" catchup-id="crid:~~2F~~2Ftelenet.be~~2F7b728faa-7f7e-4e2f-9eb6-bd873438c199,imi:2ab8e3cdeaf00d79a89eee404aa9448fe09513f7"><title>Angelo Rules</title><date></date><icon src="https://staticqbr-be-prod.tnprod.cdn.dmdsdp.com/image-service/ImagesEPG/EventImages/f14__de0__f14de018-9dd6-491e-8f14-8ef0f728ccbd__B78363348.jpg"></icon><desc>Angelo Rules volgt de twaalfjarige Angelo terwijl hij probeert controle te krijgen over zijn leven met grappige listen en een beetje hulp van zijn vrienden Sherwood en Lola.</desc><category>Overig</category></programme><programme channel="lgi-be-prod-master:cartoonnetwork" start="20211227005000 +0000" stop="20211227010000 +0000" catchup-id="crid:~~2F~~2Ftelenet.be~~2F5f1a8ee2-906c-4cc2-a8f2-826a6b02ef9b,imi:dbc05ca334a1a3addfe8729b56befe76eaf4426e"><title>Angelo Rules</title><date></date><icon src="https://staticqbr-be-prod.tnprod.cdn.dmdsdp.com/image-service/ImagesEPG/EventImages/f14__de0__f14de018-9dd6-491e-8f14-8ef0f728ccbd__B78363348.jpg"></icon><desc>Angelo Rules volgt de twaalfjarige Angelo terwijl hij probeert controle te krijgen over zijn leven met grappige listen en een beetje hulp van zijn vrienden Sherwood en Lola.</desc><category>Overig</category></programme><programme channel="lgi-be-prod-master:cartoonnetwork" start="20211227010000 +0000" stop="20211227011000 +0000" catchup-id="crid:~~2F~~2Ftelenet.be~~2F2a2c39db-1246-479c-8d5f-a89818e32a3f,imi:cce1d15b137a719cbcd8fea7b647cef836de89a3"><title>Angelo Rules</title><date></date><icon src="https://staticqbr-be-prod.tnprod.cdn.dmdsdp.com/image-service/ImagesEPG/EventImages/f14__de0__f14de018-9dd6-491e-8f14-8ef0f728ccbd__B78363348.jpg"></icon><desc>Angelo Rules volgt de twaalfjarige Angelo terwijl hij probeert controle te krijgen over zijn leven met grappige listen en een beetje hulp van zijn vrienden Sherwood en Lola.</desc><category>Overig</category></programme><programme channel="lgi-be-prod-master:cartoonnetwork" start="20211227011000 +0000" stop="20211227012000 +0000" catchup-id="crid:~~2F~~2Ftelenet.be~~2F061a3124-a4cf-44b4-9b04-18569f5c58b2,imi:d12679a4c8fafc81293eb44c2a3873d354282e91"><title>Angelo Rules</title><date></date><icon src="https://staticqbr-be-prod.tnprod.cdn.dmdsdp.com/image-service/ImagesEPG/EventImages/f14__de0__f14de018-9dd6-491e-8f14-8ef0f728ccbd__B78363348.jpg"></icon><desc>Angelo komt er achter dat hij maanden had moeten besteden aan de penvriendje-opdracht voor school. Er zit maar één ding op samen met Sherwood en Lola maanden aan penvriend-contact bedenken in één weekend.</desc><category>Overig</category></programme><programme channel="lgi-be-prod-master:cartoonnetwork" start="20211227012000 +0000" stop="20211227013000 +0000" catchup-id="crid:~~2F~~2Ftelenet.be~~2F7afbfabe-ed9c-4e9e-8308-7ee37cff1e73,imi:db3edf9807018b1c3e44b8c464d488bc1649b6c6"><title>Angelo Rules</title><date></date><icon src="https://staticqbr-be-prod.tnprod.cdn.dmdsdp.com/image-service/ImagesEPG/EventImages/f14__de0__f14de018-9dd6-491e-8f14-8ef0f728ccbd__B78363348.jpg"></icon><desc>Angelo Rules volgt de twaalfjarige Angelo terwijl hij probeert controle te krijgen over zijn leven met grappige listen en een beetje hulp van zijn vrienden Sherwood en Lola.</desc><category>Overig</category></programme><programme channel="lgi-be-prod-master:cartoonnetwork" start="20211227013000 +0000" stop="20211227014000 +0000" catchup-id="crid:~~2F~~2Ftelenet.be~~2F825a8988-3ece-41d7-846f-1bfced6fa68a,imi:c90226d846461a883253d77d832c90cfd286e058"><title>Angelo Rules</title><date></date><icon src="https://staticqbr-be-prod.tnprod.cdn.dmdsdp.com/image-service/ImagesEPG/EventImages/f14__de0__f14de018-9dd6-491e-8f14-8ef0f728ccbd__B78363348.jpg"></icon><desc>Tijdens het nablijven ontdekt Angelo de 3D-printer waarmee hij Bobbelkoppen kan maken van iedereen die hij kent. Maar al snel overstijgt de vraag het aanbod en moet Angelo nog meer nablijven om alles te kunnen maken!</desc><category>Overig</category></programme><programme channel="lgi-be-prod-master:cartoonnetwork" start="20211227014000 +0000" stop="20211227015000 +0000" catchup-id="crid:~~2F~~2Ftelenet.be~~2F20b7b406-5851-46e7-a945-cc746b0398cf,imi:694eb28a1041f5889a27c6ed1aa8b112816938f4"><title>Angelo Rules</title><date></date><icon src="https://staticqbr-be-prod.tnprod.cdn.dmdsdp.com/image-service/ImagesEPG/EventImages/f14__de0__f14de018-9dd6-491e-8f14-8ef0f728ccbd__B78363348.jpg"></icon><desc>Cathy introduceert de Duo Choco Toef een nieuw verrukkelijk cakeje! Maar door de recensies van Angelo Lola en Sherwood wordt de vraag groter en gaat de prijs omhoog waardoor ze ze niet meer kunnen betalen! Kunnen onze vrienden achter het geheime recept komen en de cakejes zelf maken?</desc><category>Overig</category></programme><programme channel="lgi-be-prod-master:cartoonnetwork" start="20211227015000 +0000" stop="20211227021500 +0000" catchup-id="crid:~~2F~~2Ftelenet.be~~2Fbacc9a78-ee4a-4f1a-8a40-121073fec29f,imi:5ff00268d70d1784583b8f2810ca4285bdbf21af"><title>Ninjago, Masters van Spinjitsu</title><date></date><icon src="https://staticqbr-be-prod.tnprod.cdn.dmdsdp.com/image-service/ImagesEPG/EventImages/f5e__0c8__f5e0c8fb-7531-4029-a73b-4e67f8790c41__B77443451.jpg"></icon><desc>Amerikaans-Deense animatieserie die zich afspeelt in Ninjago, een schitterende plek, vol prachtige wezens, natuurwonderen en fantastische legendes. Maar duistere creaturen hebben het op Ninjago en zijn bewoners gemunt</desc><category>Kinderen, Animatie</category></programme><programme channel="lgi-be-prod-master:cartoonnetwork" start="20211227021500 +0000" stop="20211227022500 +0000" catchup-id="crid:~~2F~~2Ftelenet.be~~2F80c63eca-bb03-424d-9577-1df3f823671d,imi:8b20d5ef51bab7454f0841a2bd473c97c6469742"><title>The Amazing World of Gumball</title><date></date><icon src="https://staticqbr-be-prod.tnprod.cdn.dmdsdp.com/image-service/ImagesEPG/EventImages/3dc__306__3dc30684-83b1-4a0a-a2aa-fa99c6f46fb3__B48930573.jpg"></icon><desc>Darwin haalt een score van 100% voor zijn vaardigheidstoets en wordt naar een overheidslaboratorium voor genieën gestuurd. Gumball besluit daarop zelf superslim te worden, zodat hij bij Darwin kan blijven.</desc><category>Kinderen, Animatie</category></programme><programme channel="lgi-be-prod-master:cartoonnetwork" start="20211227022500 +0000" stop="20211227023500 +0000" catchup-id="crid:~~2F~~2Ftelenet.be~~2Fb909ae7a-b285-4d53-9393-2a04436b6a50,imi:a7ca03beb1db9f66ef5516db9979d11057091793"><title>The Amazing World of Gumball</title><date></date><icon src="https://staticqbr-be-prod.tnprod.cdn.dmdsdp.com/image-service/ImagesEPG/EventImages/3dc__306__3dc30684-83b1-4a0a-a2aa-fa99c6f46fb3__B48930573.jpg"></icon><desc>Wanneer Gumball ontdekt dat zijn echte naam Zac is... gaat hij zich ernaar gedragen!</desc><category>Kinderen, Animatie</category></programme><programme channel="lgi-be-prod-master:cartoonnetwork" start="20211227023500 +0000" stop="20211227024500 +0000" catchup-id="crid:~~2F~~2Ftelenet.be~~2Ffc5b68be-57fc-4ccb-a7fd-d7a25f48eb12,imi:f4050df28393f958fca32619ffc3427a95ec903e"><title>The Amazing World of Gumball</title><date></date><icon src="https://staticqbr-be-prod.tnprod.cdn.dmdsdp.com/image-service/ImagesEPG/EventImages/3dc__306__3dc30684-83b1-4a0a-a2aa-fa99c6f46fb3__B48930573.jpg"></icon><desc>Het is een rustige dag voor Gumball en Darwin, en de achtergrondpersonages grijpen de kans om op de voorgrond te treden.</desc><category>Kinderen, Animatie</category></programme><programme channel="lgi-be-prod-master:cartoonnetwork" start="20211227024500 +0000" stop="20211227025500 +0000" catchup-id="crid:~~2F~~2Ftelenet.be~~2F9e327257-c352-40a5-8764-eb43d9e57efb,imi:5e793979ad8d522e3136cd148972aa5e1225ff9f"><title>The Amazing World of Gumball</title><date></date><icon src="https://staticqbr-be-prod.tnprod.cdn.dmdsdp.com/image-service/ImagesEPG/EventImages/3dc__306__3dc30684-83b1-4a0a-a2aa-fa99c6f46fb3__B48930573.jpg"></icon><desc>Gumball en Darwin klagen zo veel, dat ze het doel worden van een liefdadigheidsactie. Gumball heeft zo'n slecht humeur, dat Darwin binnen de kortste keren ook loopt te klagen.</desc><category>Kinderen, Animatie</category></programme><programme channel="lgi-be-prod-master:cartoonnetwork" start="20211227025500 +0000" stop="20211227030500 +0000" catchup-id="crid:~~2F~~2Ftelenet.be~~2F6fc25763-0642-4a1f-8eb1-67d5c6546f01,imi:a388931ee8377eef242705c49d7c59220f5fabe4"><title>The Amazing World of Gumball</title><date></date><icon src="https://staticqbr-be-prod.tnprod.cdn.dmdsdp.com/image-service/ImagesEPG/EventImages/3dc__306__3dc30684-83b1-4a0a-a2aa-fa99c6f46fb3__B48930573.jpg"></icon><desc>De Watersons gaan op vakantie en moeten rennen voor hun leven! De Watersons wisselen enge verhalen uit in de auto tijdens een familievakantie.</desc><category>Kinderen, Animatie</category></programme><programme channel="lgi-be-prod-master:cartoonnetwork" start="20211227030500 +0000" stop="20211227032000 +0000" catchup-id="crid:~~2F~~2Ftelenet.be~~2F258320bc-f390-4c35-a851-b2960aec07a6,imi:073c47fc2702d014b1b40ffd38620e5e8cb416f5"><title>The Amazing World of Gumball</title><date></date><icon src="https://staticqbr-be-prod.tnprod.cdn.dmdsdp.com/image-service/ImagesEPG/EventImages/3dc__306__3dc30684-83b1-4a0a-a2aa-fa99c6f46fb3__B48930573.jpg"></icon><desc>Wanneer Gumball en Darwin erachter komen dat de directeur van de school heeft gelogen over zijn diploma, probeert hij hen op allerlei manieren om te kopen.</desc><category>Kinderen, Animatie</category></programme><programme channel="lgi-be-prod-master:cartoonnetwork" start="20211227032000 +0000" stop="20211227033000 +0000" catchup-id="crid:~~2F~~2Ftelenet.be~~2Fd5fa9b3a-6630-4f91-a97c-3d7485cd5b18,imi:0acad135978e84e2e5950f8d6c7be11515729378"><title>The Amazing World of Gumball</title><date></date><icon src="https://staticqbr-be-prod.tnprod.cdn.dmdsdp.com/image-service/ImagesEPG/EventImages/3dc__306__3dc30684-83b1-4a0a-a2aa-fa99c6f46fb3__B48930573.jpg"></icon><desc>In 'Het niks' lijken er opeens allerlei dingen te verdwijnen! Het valt Darwin en Gumball op dat er tijdens een cheerleadertraining iemand ontbreekt. Wanneer ze erop beginnen te letten, blijken er opeens wel meer dingen te zijn verdwenen.</desc><category>Kinderen, Animatie</category></programme><programme channel="lgi-be-prod-master:cartoonnetwork" start="20211227033000 +0000" stop="20211227034000 +0000" catchup-id="crid:~~2F~~2Ftelenet.be~~2F8f81ed1f-e664-4956-8cf2-7905ebd9f7cd,imi:61f3f5f2b9e1d6157720ac9ed7edcfedac2a24d8"><title>The Amazing World of Gumball</title><date></date><icon src="https://staticqbr-be-prod.tnprod.cdn.dmdsdp.com/image-service/ImagesEPG/EventImages/3dc__306__3dc30684-83b1-4a0a-a2aa-fa99c6f46fb3__B48930573.jpg"></icon><desc>Gumball en Darwin helpen Rocky aan een 'echte' baan zodat hij zijn vader trots kan maken. Meneer Robinson heeft een transfusie nodig en Gumball en Darwin proberen zijn zoon Rocky over te halen hem te helpen.</desc><category>Kinderen, Animatie</category></programme><programme channel="lgi-be-prod-master:cartoonnetwork" start="20211227034000 +0000" stop="20211227035000 +0000" catchup-id="crid:~~2F~~2Ftelenet.be~~2F1c098437-5069-4fdc-8b76-3bcdf2d026a1,imi:832022a298a848937c1c72cab6691869b7ee8386"><title>The Amazing World of Gumball</title><date></date><icon src="https://staticqbr-be-prod.tnprod.cdn.dmdsdp.com/image-service/ImagesEPG/EventImages/3dc__306__3dc30684-83b1-4a0a-a2aa-fa99c6f46fb3__B48930573.jpg"></icon><desc>Het internet werkt niet meer. Het blijkt dat Richard meelift op de aansluiting van de buren. Nu lijkt het dat die dat hebben ontdekt en de toegangscode hebben veranderd. Gumball en Darwin brengen eerst computeractiviteiten in het echte leven en proberen dan meneer Robinson te hacken om achter het nieuwe wachtwoord te komen.</desc><category>Kinderen, Animatie</category></programme><programme channel="lgi-be-prod-master:cartoonnetwork" start="20211227035000 +0000" stop="20211227040000 +0000" catchup-id="crid:~~2F~~2Ftelenet.be~~2F5786a6ad-e30c-401b-9c8d-6335af78e1b1,imi:c16d6d002adc64fe257ff2db2b9550cbcb5fce6a"><title>The Amazing World of Gumball</title><date></date><icon src="https://staticqbr-be-prod.tnprod.cdn.dmdsdp.com/image-service/ImagesEPG/EventImages/3dc__306__3dc30684-83b1-4a0a-a2aa-fa99c6f46fb3__B48930573.jpg"></icon><desc>Gumball wil niet meer de loser zijn en besluit al z'n natuurlijke aandrang aan nare opmerkingen en foute grappen in te slikken om populair te worden. Dat iedereen hierdoor in een heel ander soort tv-serie terechtkomt, moet snel verholpen worden, want anders...</desc><category>Kinderen, Animatie</category></programme><programme channel="lgi-be-prod-master:cartoonnetwork" start="20211227040000 +0000" stop="20211227041500 +0000" catchup-id="crid:~~2F~~2Ftelenet.be~~2F0e23f4e3-5af0-41eb-b135-a1eac3aedcbe,imi:c6ae28594d3ce3da8c3e70d10a553b2ce6017abe"><title>The Amazing World of Gumball</title><date></date><icon src="https://staticqbr-be-prod.tnprod.cdn.dmdsdp.com/image-service/ImagesEPG/EventImages/3dc__306__3dc30684-83b1-4a0a-a2aa-fa99c6f46fb3__B48930573.jpg"></icon><desc>Rocky is wanhopig op zoek naar liefde, en zodra hij op aanraden van Gumball en Darwin gebruik gaat maken van een datingservice met swipe, lijkt de zoektocht alleen maar lastiger. Tot hij de liefde van z'n leven weer ziet en per ongeluk de verkeerde kant op swipet...</desc><category>Kinderen, Animatie</category></programme><programme channel="lgi-be-prod-master:cartoonnetwork" start="20211227041500 +0000" stop="20211227042500 +0000" catchup-id="crid:~~2F~~2Ftelenet.be~~2F97ddf763-c5d1-46b5-a93a-fbd8d1618dc0,imi:6e1c18c173d941cb6aaf50b2734176ea57379a98"><title>The Amazing World of Gumball</title><date></date><icon src="https://staticqbr-be-prod.tnprod.cdn.dmdsdp.com/image-service/ImagesEPG/EventImages/3dc__306__3dc30684-83b1-4a0a-a2aa-fa99c6f46fb3__B48930573.jpg"></icon><desc>Bobert neemt alles letterlijk en dat kan heel gevaarlijk zijn, iets wat Gumball en Darwin aan den lijve ondervinden. Er zit maar 1 ding op, Bobert herprogrameren. Maar hoe doe je dat zonder nog meer rampen te veroorzaken?</desc><category>Kinderen, Animatie</category></programme><programme channel="lgi-be-prod-master:cartoonnetwork" start="20211227042500 +0000" stop="20211227043500 +0000" catchup-id="crid:~~2F~~2Ftelenet.be~~2Fe93a66e2-2028-496a-a079-908352e0d055,imi:7feab20f0c60ef51a568a82ceed485bba062e7e7"><title>The Amazing World of Gumball</title><date></date><icon src="https://staticqbr-be-prod.tnprod.cdn.dmdsdp.com/image-service/ImagesEPG/EventImages/3dc__306__3dc30684-83b1-4a0a-a2aa-fa99c6f46fb3__B48930573.jpg"></icon><desc>Als mam boos is omdat iemand in het gezin iets vergeten is, proberen ze er met z'n allen achter te komen wat het is.</desc><category>Kinderen, Animatie</category></programme><programme channel="lgi-be-prod-master:cartoonnetwork" start="20211227043500 +0000" stop="20211227044500 +0000" catchup-id="crid:~~2F~~2Ftelenet.be~~2Feaa08c32-6fe1-4e5c-bdcd-9f4475500645,imi:5397bd129a5be28959d1b94f8424ff8fe3907257"><title>The Amazing World of Gumball</title><date></date><icon src="https://staticqbr-be-prod.tnprod.cdn.dmdsdp.com/image-service/ImagesEPG/EventImages/3dc__306__3dc30684-83b1-4a0a-a2aa-fa99c6f46fb3__B48930573.jpg"></icon><desc>Of het nou om een spannende politieachtervolging gaat of een nieuwtje over Daisy de Ezel, Channel 6 Elmore News zit er bovenop. Ervaren nieuwslezer Kip Schlezinger is DE aangewezen persoon om je het laatste nieuws, de sportuitslagen en weersverwachting te brengen.....</desc><category>Kinderen, Animatie</category></programme><programme channel="lgi-be-prod-master:cartoonnetwork" start="20211227044500 +0000" stop="20211227050000 +0000" catchup-id="crid:~~2F~~2Ftelenet.be~~2F99eec4a5-ff76-4547-9dae-261301e3c878,imi:de3b1df5a689786d1e172dfa98ea8aa25c3f5217"><title>The Amazing World of Gumball</title><date></date><icon src="https://staticqbr-be-prod.tnprod.cdn.dmdsdp.com/image-service/ImagesEPG/EventImages/3dc__306__3dc30684-83b1-4a0a-a2aa-fa99c6f46fb3__B48930573.jpg"></icon><desc>Nicole wil af van de spuuglelijke vaas die ze van Oma JoJo heeft gehad en geeft de kinderen opdracht hem te vernietigen. Maar dan vraagt Oma JoJo ineens haar vaas terug.</desc><category>Kinderen, Animatie</category></programme><programme channel="lgi-be-prod-master:cartoonnetwork" start="20211227050000 +0000" stop="20211227052500 +0000" catchup-id="crid:~~2F~~2Ftelenet.be~~2Fbcb15c5d-23eb-40bf-a430-a85872acf7f1,imi:9fe8aabe610e55ee9117cd4061a7a230154fd468"><title>Be Cool Scooby-Doo!</title><date></date><icon src="https://staticqbr-be-prod.tnprod.cdn.dmdsdp.com/image-service/ImagesEPG/EventImages/676__691__67669136-9a11-4690-aac8-33c1d329ecfb__B68998997.jpg"></icon><desc>Fred is verheugd om de kluis te bezoeken - een hoge veiligheidsgevangenis waarvan nog nooit een veroordeelde is ontsnapt. Maar wanneer de geest van Stealing Stan, een gevangene die altijd beweerde onschuldig te zijn, de gevangenis terroriseert, moet Fred het mysterie oplossen en zijn standpunt over het strafrecht heroverwegen!</desc><category>Kinderen, Animatie</category></programme><programme channel="lgi-be-prod-master:cartoonnetwork" start="20211227052500 +0000" stop="20211227053000 +0000" catchup-id="crid:~~2F~~2Ftelenet.be~~2F8651692f-12f1-49a2-a24c-35251803f4ce,imi:3d723dd860a1ba270c1d5133650048991119eff9"><title>New Looney Tunes</title><date></date><icon src="https://staticqbr-be-prod.tnprod.cdn.dmdsdp.com/image-service/ImagesEPG/EventImages/ec8__f1e__ec8f1e7e-5c98-417d-a6a3-14901027c804__B142578334.jpg"></icon><desc>Een verwend meisje genaamd Francine neemt alle wortels van Bugs mee voor haar pony, Pudding. Bugs en Squeaks ondernemen een missie om ze terug te krijgen.</desc><category>Kinderen, Animatie</category></programme><programme channel="lgi-be-prod-master:cartoonnetwork" start="20211227053000 +0000" stop="20211227054000 +0000" catchup-id="crid:~~2F~~2Ftelenet.be~~2F57166942-7804-45fb-8339-9ceefe24a596,imi:2cfdf7a7ddcf5389de48ba6d7619daea62420b2b"><title>New Looney Tunes</title><date></date><icon src="https://staticqbr-be-prod.tnprod.cdn.dmdsdp.com/image-service/ImagesEPG/EventImages/ec8__f1e__ec8f1e7e-5c98-417d-a6a3-14901027c804__B142578334.jpg"></icon><desc>Bugs is aan de late kant voor zijn vlucht, maar hij moet het eerst opnemen tegen een tolpoortje dat wel een lesje in manieren kan gebruiken.</desc><category>Kinderen, Animatie</category></programme><programme channel="lgi-be-prod-master:cartoonnetwork" start="20211227054000 +0000" stop="20211227054500 +0000" catchup-id="crid:~~2F~~2Ftelenet.be~~2F9b39bcdb-1ac8-49c9-8cb7-0cd7543a2b48,imi:27652dec10eb7a96e5607ba77aa0919f1f7faa48"><title>New Looney Tunes</title><date></date><icon src="https://staticqbr-be-prod.tnprod.cdn.dmdsdp.com/image-service/ImagesEPG/EventImages/ec8__f1e__ec8f1e7e-5c98-417d-a6a3-14901027c804__B142578334.jpg"></icon><desc>Bugs en een Sneeuwman vechten om een wortel.</desc><category>Kinderen, Animatie</category></programme><programme channel="lgi-be-prod-master:cartoonnetwork" start="20211227054500 +0000" stop="20211227055500 +0000" catchup-id="crid:~~2F~~2Ftelenet.be~~2F149bd763-fcef-4f0c-8daa-71cd623d8cee,imi:b0c34fa208fbf80451e4dfef9d93fe4a4ceb052e"><title>New Looney Tunes</title><date></date><icon src="https://staticqbr-be-prod.tnprod.cdn.dmdsdp.com/image-service/ImagesEPG/EventImages/ec8__f1e__ec8f1e7e-5c98-417d-a6a3-14901027c804__B142578334.jpg"></icon><desc>Bugs en Wile stinken enorm. Wie heeft de beste oplossing voor deze stinkende situatie? Het is natuur tegen wetenschap. Moge de beste man winnen.</desc><category>Kinderen, Animatie</category></programme><programme channel="lgi-be-prod-master:cartoonnetwork" start="20211227055500 +0000" stop="20211227060500 +0000" catchup-id="crid:~~2F~~2Ftelenet.be~~2Fc67ac39f-e915-413f-87c7-550df7290452,imi:b7eb76602e3447fb2c8bfbc119171e5eb076f9d4"><title>The Amazing World of Gumball</title><date></date><icon src="https://staticqbr-be-prod.tnprod.cdn.dmdsdp.com/image-service/ImagesEPG/EventImages/3dc__306__3dc30684-83b1-4a0a-a2aa-fa99c6f46fb3__B48930573.jpg"></icon><desc>Gumball denkt dat Banaantje Joe aan Darwins pen heeft gekauwd, Joe ontkent. Gumball gaat Joe pesten om ervoor dat zorgen dat Joe sorry zegt, maar gaat daarin veel te ver.</desc><category>Kinderen, Animatie</category></programme><programme channel="lgi-be-prod-master:cartoonnetwork" start="20211227060500 +0000" stop="20211227062000 +0000" catchup-id="crid:~~2F~~2Ftelenet.be~~2F8475a26f-570d-4eac-9631-c78838789685,imi:85e5aba5079185a8668cc6d3e2a807e810fda39c"><title>The Amazing World of Gumball</title><date></date><icon src="https://staticqbr-be-prod.tnprod.cdn.dmdsdp.com/image-service/ImagesEPG/EventImages/3dc__306__3dc30684-83b1-4a0a-a2aa-fa99c6f46fb3__B48930573.jpg"></icon><desc>Gumball denkt dat Banaantje Joe aan Darwins pen heeft gekauwd, Joe ontkent. Gumball gaat Joe pesten om ervoor dat zorgen dat Joe sorry zegt, maar gaat daarin veel te ver.</desc><category>Kinderen, Animatie</category></programme><programme channel="lgi-be-prod-master:cartoonnetwork" start="20211227062000 +0000" stop="20211227063000 +0000" catchup-id="crid:~~2F~~2Ftelenet.be~~2Fe270d0e4-a96d-40ea-8390-f9562077594f,imi:b826b133b026a3d81886c75acf3bf6eea9d647db"><title>De heldhaftige queeste van de dappere prins Ivandoe</title><date></date><icon src="https://staticqbr-be-prod.tnprod.cdn.dmdsdp.com/image-service/ImagesEPG/EventImages/506__726__50672615-185c-42e6-90e8-e05828454729__B118303265.jpg"></icon><desc>Ivandoe en Bert zien in het bos een kleine ongelukkige prins. Hij moet gekust worden om weer terug te veranderen in de prachtige brulkikker die hij ooit was. Maar Ivandoe en Bert hebben absoluut geen zin om deze prins te kussen...ze willen verder met hun queeste!</desc><category>Animatie</category></programme><programme channel="lgi-be-prod-master:cartoonnetwork" start="20211227063000 +0000" stop="20211227064000 +0000" catchup-id="crid:~~2F~~2Ftelenet.be~~2F19b7178e-6c19-4198-83ee-cb6b42f1a744,imi:bd247389d8e0e5b186b66f5ab63b784351ca7ad0"><title>Jellystone!</title><date></date><icon src="https://staticqbr-be-prod.tnprod.cdn.dmdsdp.com/image-service/ImagesEPG/EventImages/f14__de0__f14de018-9dd6-491e-8f14-8ef0f728ccbd__B78363348.jpg"></icon><desc></desc><category>Overig</category></programme><programme channel="lgi-be-prod-master:cartoonnetwork" start="20211227064000 +0000" stop="20211227065500 +0000" catchup-id="crid:~~2F~~2Ftelenet.be~~2Fb188b51f-090e-4e25-b7be-3e596ace0be1,imi:12a8f4971c329844fd1202963ae89af02b1d1d33"><title>Jellystone!</title><date></date><icon src="https://staticqbr-be-prod.tnprod.cdn.dmdsdp.com/image-service/ImagesEPG/EventImages/f14__de0__f14de018-9dd6-491e-8f14-8ef0f728ccbd__B78363348.jpg"></icon><desc></desc><category>Overig</category></programme><programme channel="lgi-be-prod-master:cartoonnetwork" start="20211227065500 +0000" stop="20211227070500 +0000" catchup-id="crid:~~2F~~2Ftelenet.be~~2F4275b598-182f-4eb0-9dd6-648d3aedebb3,imi:087c1b6f2dd9135e5a98fa0feb4c0025bfc4acf0"><title>The Tom and Jerry Show</title><date></date><icon src="https://staticqbr-be-prod.tnprod.cdn.dmdsdp.com/image-service/ImagesEPG/EventImages/27e__952__27e952de-7cb1-44fc-ad70-dd7799bf6cfa__B77105034.jpg"></icon><desc>Butch sluit Tom op in de kelder om te voorkomen dat Tom's date met Toodles doorgaat. Als Butch in zijn plaats bij Toodles aankomt, mag hij gelijk op haar oervervelende neefjes en nichtjes passen. Tom probeert te ontsnappen uit de kelder maar wordt telkens gehinderd door Jerry en Tuffy die denken dat er een monster in de kelder huist.</desc><category>Kinderen, Animatie</category></programme><programme channel="lgi-be-prod-master:cartoonnetwork" start="20211227070500 +0000" stop="20211227072000 +0000" catchup-id="crid:~~2F~~2Ftelenet.be~~2Fd7c30b00-61e3-4d11-b7aa-93feb70e0f45,imi:fa50227636e81554fafcf6e9b879aa6f81ee0965"><title>The Tom and Jerry Show</title><date></date><icon src="https://staticqbr-be-prod.tnprod.cdn.dmdsdp.com/image-service/ImagesEPG/EventImages/27e__952__27e952de-7cb1-44fc-ad70-dd7799bf6cfa__B77105034.jpg"></icon><desc>Tom verandert per ongeluk de kerstman in een kerstkoekje door middel van een toverspreuk. Als hij merkt dat hij de betovering niet ongedaan kan maken staan Tom en Jerry paraat om de Kerstman te helpen met het bezorgen van de pakketjes.</desc><category>Kinderen, Animatie</category></programme><programme channel="lgi-be-prod-master:cartoonnetwork" start="20211227072000 +0000" stop="20211227073000 +0000" catchup-id="crid:~~2F~~2Ftelenet.be~~2Fb7736a09-1949-49f7-adca-2851b51082e6,imi:3629bc67919869cc561e005732bf9cc0fc59d4ef"><title>De Fungies!</title><date></date><icon src="https://staticqbr-be-prod.tnprod.cdn.dmdsdp.com/image-service/ImagesEPG/EventImages/f14__de0__f14de018-9dd6-491e-8f14-8ef0f728ccbd__B78363348.jpg"></icon><desc>Het verlangen van Seth om Nancy te helpen met haar baan in het ziekenhuis, leidt tot chaos wanneer hij zonder haar medeweten voor dokter speelt met zieke Fungies. Seth moet zijn wangedrag toegeven en naar zijn moeder luisteren om dingen weer recht te zetten.</desc><category>Overig</category></programme><programme channel="lgi-be-prod-master:cartoonnetwork" start="20211227073000 +0000" stop="20211227075000 +0000" catchup-id="crid:~~2F~~2Ftelenet.be~~2Fdf97d438-11dd-4bf6-aa40-bff09c33217a,imi:2d23942c72e4ca59bf5a09d9aa31a1d4ed116abf"><title>De Fungies!</title><date></date><icon src="https://staticqbr-be-prod.tnprod.cdn.dmdsdp.com/image-service/ImagesEPG/EventImages/f14__de0__f14de018-9dd6-491e-8f14-8ef0f728ccbd__B78363348.jpg"></icon><desc>Seth en Claudette moeten als straf in het weekend een project maken vanwege het verstoren van de les. Maar zal Seth eindelijk luisteren als hij met Claudette op een boot midden op de oceaan terecht komt of zal de enorme storm hun schip laten zinken?</desc><category>Overig</category></programme><programme channel="lgi-be-prod-master:cartoonnetwork" start="20211227075000 +0000" stop="20211227080000 +0000" catchup-id="crid:~~2F~~2Ftelenet.be~~2F6f66e70f-363d-463f-9c0d-045e237c4eb4,imi:6700c6f7df46cead742fdcd7ae535726a87f46e8"><title>Appel en Uitje</title><date></date><icon src="https://staticqbr-be-prod.tnprod.cdn.dmdsdp.com/image-service/ImagesEPG/EventImages/ec6__a38__ec6a3817-5f3e-4aca-92f6-82c702710f7d__B130956455.jpg"></icon><desc>Amerikaanse animatieserie</desc><category>Kinderen, Animatie</category></programme><programme channel="lgi-be-prod-master:cartoonnetwork" start="20211227080000 +0000" stop="20211227081500 +0000" catchup-id="crid:~~2F~~2Ftelenet.be~~2F0c191473-20a0-4c0c-ab72-cede9fabc5eb,imi:3f7397fde580ba6bc6570160471d71549f607516"><title>Appel en Uitje</title><date></date><icon src="https://staticqbr-be-prod.tnprod.cdn.dmdsdp.com/image-service/ImagesEPG/EventImages/ec6__a38__ec6a3817-5f3e-4aca-92f6-82c702710f7d__B130956455.jpg"></icon><desc>Amerikaanse animatieserie</desc><category>Kinderen, Animatie</category></programme><programme channel="lgi-be-prod-master:cartoonnetwork" start="20211227081500 +0000" stop="20211227082500 +0000" catchup-id="crid:~~2F~~2Ftelenet.be~~2F2c63d344-4dba-4337-9db0-4f0295e51a56,imi:03843cc0bc4e2049edc4a9cc2efc8777ea015ed0"><title>The Tom and Jerry Show</title><date></date><icon src="https://staticqbr-be-prod.tnprod.cdn.dmdsdp.com/image-service/ImagesEPG/EventImages/27e__952__27e952de-7cb1-44fc-ad70-dd7799bf6cfa__B77105034.jpg"></icon><desc>Jerry en Tuffy staan klaar om te vertrekken naar een familie reunie maar Tuffy blijft helaas thuis achter. Tom denkt dat Tuffy een makkelijke prooi is maar hij komt er al vlot achter dat Tuffy een ware kwelgeest kan zijn. Jerry racet naar huis als hij doorheeft dat hij zijn neefje heeft achtergelaten.</desc><category>Kinderen, Animatie</category></programme><programme channel="lgi-be-prod-master:cartoonnetwork" start="20211227082500 +0000" stop="20211227084500 +0000" catchup-id="crid:~~2F~~2Ftelenet.be~~2F6e9f93c6-9eb6-4af3-86f2-27ae397ef20d,imi:ac6e7cf5422824e8e5b9dd4d614802728e2885ab"><title>The Tom and Jerry Show</title><date></date><icon src="https://staticqbr-be-prod.tnprod.cdn.dmdsdp.com/image-service/ImagesEPG/EventImages/27e__952__27e952de-7cb1-44fc-ad70-dd7799bf6cfa__B77105034.jpg"></icon><desc>Tom en Jerry worden ingehuurd door een slecht goochelende goochelaar om uit te vinden wat er met zijn duivenvriend is gebeurd die hij in een goocheltruc heeft laten verdwijnen. Hun onderzoek leid naar de duif maar deze denkt dat hij écht is weggetoverd en dat alleen zijn goochelende vriend hem kan terug halen. Uiteindelijk is het vriendschap die deze zaak tot een goed einde brengt.</desc><category>Kinderen, Animatie</category></programme><programme channel="lgi-be-prod-master:cartoonnetwork" start="20211227084500 +0000" stop="20211227085000 +0000" catchup-id="crid:~~2F~~2Ftelenet.be~~2F9cec9684-a4e9-4261-9132-5f7203e162dd,imi:c1f1781dd19c7847993f704b7aa062071a8dba67"><title>Taffy</title><date></date><icon src="https://staticqbr-be-prod.tnprod.cdn.dmdsdp.com/image-service/ImagesEPG/EventImages/cf7__8eb__cf78eb0b-2800-49c7-9446-8281d6ac6e92__B152525489.jpg"></icon><desc>Op de golfclub is een nieuwe mode ontstaan. Vaarwel katten, lang leve wasberen, de beste huisdieren ter wereld! Een wild enthousiaste meneer Fuffernin vraagt aan de verbijsterde mevrouw Muchmore om een feestje te organiseren ter ere van deze wilde beesten. Bentley moet zijn strategie veranderen, want Taffy moet koste wat kost weer een kat worden!</desc><category>Kinderen, Animatie</category></programme><programme channel="lgi-be-prod-master:cartoonnetwork" start="20211227085000 +0000" stop="20211227085500 +0000" catchup-id="crid:~~2F~~2Ftelenet.be~~2F6d7a7f9a-b82b-4b62-8708-b0dbfed2c62b,imi:a03c858e4cf84696a077476f7621c6a5ddfbcb95"><title>Taffy</title><date></date><icon src="https://staticqbr-be-prod.tnprod.cdn.dmdsdp.com/image-service/ImagesEPG/EventImages/cf7__8eb__cf78eb0b-2800-49c7-9446-8281d6ac6e92__B152525489.jpg"></icon><desc>Morsythe, de tweelingbroer van Forsythe, arriveert in het landhuis om een butlertraining bij te wonen. In tegenstelling tot zijn broer voert Morsythe zijn verschillende toevertrouwde taken rampzalig uit. Deze situatie is verschrikkelijk voor iedereen, vooral voor Bentley en Taffy. De twee dieren besluiten hun krachten te bundelen om hem kwijt te raken en om te ontdekken wat zijn ware bedoeling is.</desc><category>Kinderen, Animatie</category></programme><programme channel="lgi-be-prod-master:cartoonnetwork" start="20211227085500 +0000" stop="20211227090500 +0000" catchup-id="crid:~~2F~~2Ftelenet.be~~2F404a452e-eca5-4c74-b1c3-48ecc46e9c86,imi:893ff50b883c710b53ab60b7e582225c9573ad3c"><title>Taffy</title><date></date><icon src="https://staticqbr-be-prod.tnprod.cdn.dmdsdp.com/image-service/ImagesEPG/EventImages/cf7__8eb__cf78eb0b-2800-49c7-9446-8281d6ac6e92__B152525489.jpg"></icon><desc>Binikos biedt Addie snoepjes aan om haar zoet te houden. Helaas verandert ze door het hoge suikergehalte in een angstaanjagend en onhandig monster. Bentley, die de gelijkenis tussen de snoepjes en Taffy's strikje opmerkt, besluit het snoep te gebruiken om de wasbeer een lesje te leren. Hij geeft Addie steeds meer snoepjes, waardoor het monster in haar ontwaakt en ze Taffy achterna gaat om zijn strik af te pakken.</desc><category>Kinderen, Animatie</category></programme><programme channel="lgi-be-prod-master:cartoonnetwork" start="20211227090500 +0000" stop="20211227091500 +0000" catchup-id="crid:~~2F~~2Ftelenet.be~~2F2308a228-9909-4ada-b4bd-d89fc247b8db,imi:98339cbea6259e9ad07757852ced922d93c76f25"><title>Taffy</title><date></date><icon src="https://staticqbr-be-prod.tnprod.cdn.dmdsdp.com/image-service/ImagesEPG/EventImages/cf7__8eb__cf78eb0b-2800-49c7-9446-8281d6ac6e92__B152525489.jpg"></icon><desc>Tijdens haar bezoek aan haar oma, ontdekt Addie het verhaal van haar voorvader, een legendarische vuilnisverzamelaar. Om hetzelfde te bereiken, moet Addy de perfecte partner vinden om haar te helpen bij deze belangrijke missie. Taffy en Bentley moeten een aantal tests doorstaan om te beslissen wie het beste hulpje is voor Addie.</desc><category>Kinderen, Animatie</category></programme><programme channel="lgi-be-prod-master:cartoonnetwork" start="20211227091500 +0000" stop="20211227092300 +0000" catchup-id="crid:~~2F~~2Ftelenet.be~~2F14fb05f6-5eea-471f-936f-8f8cb6f7fd5e,imi:42243c5d09e2680b499e1a4aa3bde4ea0c22df96"><title>New Looney Tunes</title><date></date><icon src="https://staticqbr-be-prod.tnprod.cdn.dmdsdp.com/image-service/ImagesEPG/EventImages/ec8__f1e__ec8f1e7e-5c98-417d-a6a3-14901027c804__B142578334.jpg"></icon><desc>Een spook bezoekt Bugs en probeert zijn bedlaken af te pakken.</desc><category>Kinderen, Animatie</category></programme><programme channel="lgi-be-prod-master:cartoonnetwork" start="20211227092300 +0000" stop="20211227092500 +0000" catchup-id="crid:~~2F~~2Ftelenet.be~~2F60df566c-4fc7-497c-a4de-98aff49d3b7c,imi:b8d7f8aa4200cc7506ee9207a9f96dc85bb28747"><title>New Looney Tunes</title><date></date><icon src="https://staticqbr-be-prod.tnprod.cdn.dmdsdp.com/image-service/ImagesEPG/EventImages/ec8__f1e__ec8f1e7e-5c98-417d-a6a3-14901027c804__B142578334.jpg"></icon><desc>Bugs laat zijn huis zo vies worden dat er een enorm stofnest ontstaat. Het gevecht barst los wanneer Bugs besluit dat het huis te klein is voor hen tweeën.</desc><category>Kinderen, Animatie</category></programme><programme channel="lgi-be-prod-master:cartoonnetwork" start="20211227092500 +0000" stop="20211227093000 +0000" catchup-id="crid:~~2F~~2Ftelenet.be~~2Ff4451804-6b18-4a46-b51a-e8d9a5f2ca10,imi:a4098aeee156c28a825563acdbc3320b168256a9"><title>New Looney Tunes</title><date></date><icon src="https://staticqbr-be-prod.tnprod.cdn.dmdsdp.com/image-service/ImagesEPG/EventImages/ec8__f1e__ec8f1e7e-5c98-417d-a6a3-14901027c804__B142578334.jpg"></icon><desc>Een computervirus neemt de computer van bugs in bezit. Bugs gaat het systeem in om het tegen het virus op te nemen.</desc><category>Kinderen, Animatie</category></programme><programme channel="lgi-be-prod-master:cartoonnetwork" start="20211227093000 +0000" stop="20211227094500 +0000" catchup-id="crid:~~2F~~2Ftelenet.be~~2F0d605146-b542-4f2a-8d9b-95f0b91036cd,imi:f679e1ee12058d75095770dd684cb1b63c21293e"><title>New Looney Tunes</title><date></date><icon src="https://staticqbr-be-prod.tnprod.cdn.dmdsdp.com/image-service/ImagesEPG/EventImages/ec8__f1e__ec8f1e7e-5c98-417d-a6a3-14901027c804__B142578334.jpg"></icon><desc>Bugs ziet per ongeluk een olieveld aan voor het Burning Man festival. Stuk voor stuk dwarsboomt hij de plannen van oliedief Ivana.</desc><category>Kinderen, Animatie</category></programme><programme channel="lgi-be-prod-master:cartoonnetwork" start="20211227094500 +0000" stop="20211227095500 +0000" catchup-id="crid:~~2F~~2Ftelenet.be~~2F86c7c0c2-c843-4984-a170-9b27df6cb829,imi:62c4e23c9916bc4ee503a1a224a5492d0d34241b"><title>Teen Titans Go !</title><date></date><icon src="https://staticqbr-be-prod.tnprod.cdn.dmdsdp.com/image-service/ImagesEPG/EventImages/c32__c06__c32c0649-6507-41d1-b5fb-73be803bc507__B50501321.jpg"></icon><desc>De T-Car is kapot gegaan bij een brand, dus gaan de Titans op zoek naar een tweedehandsauto</desc><category>Kinderen, Animatie</category></programme><programme channel="lgi-be-prod-master:cartoonnetwork" start="20211227095500 +0000" stop="20211227100500 +0000" catchup-id="crid:~~2F~~2Ftelenet.be~~2F4c9e306c-725c-4649-92f3-52ed42176602,imi:777fd92bd9bda1a4585134f8daea7bba3a3c1695"><title>Teen Titans Go !</title><date></date><icon src="https://staticqbr-be-prod.tnprod.cdn.dmdsdp.com/image-service/ImagesEPG/EventImages/c32__c06__c32c0649-6507-41d1-b5fb-73be803bc507__B50501321.jpg"></icon><desc>Starfire wil een wereldrecord vestigen, dus besluit ze haar nagels te laten groeien.</desc><category>Kinderen, Animatie</category></programme><programme channel="lgi-be-prod-master:cartoonnetwork" start="20211227100500 +0000" stop="20211227101500 +0000" catchup-id="crid:~~2F~~2Ftelenet.be~~2F8f6fd249-2be1-411b-b482-8ac76697fff4,imi:ac651a845bbe8393c8d69e94aa3fb059ab9b48f2"><title>Teen Titans Go !</title><date></date><icon src="https://staticqbr-be-prod.tnprod.cdn.dmdsdp.com/image-service/ImagesEPG/EventImages/c32__c06__c32c0649-6507-41d1-b5fb-73be803bc507__B50501321.jpg"></icon><desc>Om de hoogste rang bij de Bat Scouts te bereiken, moet Robin de Titans iets leren over wat het is om burgerwacht te zijn.</desc><category>Kinderen, Animatie</category></programme><programme channel="lgi-be-prod-master:cartoonnetwork" start="20211227101500 +0000" stop="20211227120000 +0000" catchup-id="crid:~~2F~~2Ftelenet.be~~2F9661295c-7aa9-43eb-9ed3-75ebafbbad11,imi:97229f54bf56d8d5c9a65abe0cb7e26b451e3d4d"><title>Teen Titans Go !</title><date></date><icon src="https://staticqbr-be-prod.tnprod.cdn.dmdsdp.com/image-service/ImagesEPG/EventImages/c32__c06__c32c0649-6507-41d1-b5fb-73be803bc507__B50501321.jpg"></icon><desc>Beast Boy wil graag tovenaar worden, maar vernield daarbij Raven's spreukenboek, dus moeten ze op zoek naar een nieuw exemplaar</desc><category>Kinderen, Animatie</category></programme>