<programme channel="lgi-be-prod-master:vijfhd" start="20211226233500 +0000" stop="20211227040000 +0000" catchup-id="crid:~~2F~~2Ftelenet.be~~2F27a9efc5-f605-4ddd-86b2-168632e13912,imi:4718d8c8694be07e93d24772a9b3357d049109ad"><title>Geen uitzending</title><date></date><icon src="https://staticqbr-be-prod.tnprod.cdn.dmdsdp.com/image-service/ImagesEPG/EventImages/a63__5cb__a635cb82-5dd9-481a-aff9-953a1ce5254d__B181820493.jpg"></icon><desc>Geen uitzending.</desc><category>Overig</category></programme><programme channel="lgi-be-prod-master:vijfhd" start="20211227040000 +0000" stop="20211227053500 +0000" catchup-id="crid:~~2F~~2Ftelenet.be~~2F0154b176-8654-460e-ac1a-877687ade545,imi:1e8a9b1af083498a7482e8d571a4f57771a4a675"><title>Geen uitzending</title><date></date><icon src="https://staticqbr-be-prod.tnprod.cdn.dmdsdp.com/image-service/ImagesEPG/EventImages/a63__5cb__a635cb82-5dd9-481a-aff9-953a1ce5254d__B181820493.jpg"></icon><desc>Geen uitzending.</desc><category>Overig</category></programme><programme channel="lgi-be-prod-master:vijfhd" start="20211227053500 +0000" stop="20211227061500 +0000" catchup-id="crid:~~2F~~2Ftelenet.be~~2Fe30a8f5b-417f-4f85-9fe1-d677f564c2be,imi:4172a9bc9002a3206ba24b2e6773d1b41433d0ce"><title>Madam Secretary</title><date></date><icon src="https://staticqbr-be-prod.tnprod.cdn.dmdsdp.com/image-service/ImagesEPG/EventImages/956__0d7__9560d731-4c68-45eb-af60-cccd30f0bdf0__B207958731.jpg"></icon><desc>Staatssecretaris Elizabeth McCord en haar personeel doen hun best om een mislukte uitlevering van een Mexicaanse kartelleider aan de VS voor elkaar te krijgen.</desc><category>Dramaseries</category></programme><programme channel="lgi-be-prod-master:vijfhd" start="20211227061500 +0000" stop="20211227070000 +0000" catchup-id="crid:~~2F~~2Ftelenet.be~~2F2be9ff0d-b32f-431a-be0d-b8346363177d,imi:d5e86a22aabbe423c9471d79154311242f4d125d"><title>Private Eyes</title><date></date><icon src="https://staticqbr-be-prod.tnprod.cdn.dmdsdp.com/image-service/ImagesEPG/EventImages/c01__70c__c0170c47-2443-4755-8bb9-160b62f86d79__B77545990.jpg"></icon><desc>De zus van Maz benadert Angie met een buitengewoon verzoek. Een zeldzaam dier verdwijnt uit Ripleys aquarium. Het duo duikt vervolgens in de duistere wereld van de illegale dierenhandel.</desc><category>Dramaseries, Actie</category></programme><programme channel="lgi-be-prod-master:vijfhd" start="20211227070000 +0000" stop="20211227080000 +0000" catchup-id="crid:~~2F~~2Ftelenet.be~~2F0ccbf7f1-bfdf-4e02-aae4-d0e8d04fcc25,imi:408edf79bd6a573a2f85da33269f80a758412db3"><title>Geen uitzending</title><date></date><icon src="https://staticqbr-be-prod.tnprod.cdn.dmdsdp.com/image-service/ImagesEPG/EventImages/a63__5cb__a635cb82-5dd9-481a-aff9-953a1ce5254d__B181820493.jpg"></icon><desc>Geen uitzending.</desc><category>Overig</category></programme><programme channel="lgi-be-prod-master:vijfhd" start="20211227080000 +0000" stop="20211227085000 +0000" catchup-id="crid:~~2F~~2Ftelenet.be~~2F4ed52778-e94a-4a24-a151-3763444efcae,imi:c8e1100950bd2c5203f0d40cdaf6adca8aa6edc3"><title>Rizolli &amp; Isles</title><date></date><icon src="https://staticqbr-be-prod.tnprod.cdn.dmdsdp.com/image-service/ImagesEPG/EventImages/b33__71e__b3371ea1-f533-4445-97ba-1898607fd51e__B127317235.jpg"></icon><desc>Maura's kennis over de Amerikaanse geschiedenis komt haar goed van pas wanneer zij en Jane een moord proberen op te lossen die plaatsvond tijdens re-enactment van de Amerikaanse revolutie. Maura's moeder komt op bezoek.</desc><category>Dramaseries, Actie</category></programme><programme channel="lgi-be-prod-master:vijfhd" start="20211227085000 +0000" stop="20211227092000 +0000" catchup-id="crid:~~2F~~2Ftelenet.be~~2Ffbe40fba-7e7d-410a-a42a-5b6787dd8cdd,imi:2df507742df13ef009546415d2c54a847c99e913"><title>Geen uitzending</title><date></date><icon src="https://staticqbr-be-prod.tnprod.cdn.dmdsdp.com/image-service/ImagesEPG/EventImages/a63__5cb__a635cb82-5dd9-481a-aff9-953a1ce5254d__B181820493.jpg"></icon><desc>Geen uitzending.</desc><category>Overig</category></programme><programme channel="lgi-be-prod-master:vijfhd" start="20211227092000 +0000" stop="20211227102500 +0000" catchup-id="crid:~~2F~~2Ftelenet.be~~2Fa4dfca3d-b9a9-46c9-ae59-f3221571a21d,imi:f369f01f20317807be15d654be5e04b87b424d7c"><title>MasterChef: The Professionals</title><date></date><icon src="https://staticqbr-be-prod.tnprod.cdn.dmdsdp.com/image-service/ImagesEPG/EventImages/bdb__ba2__bdbba228-c06a-4e2a-83d8-76517f7fd12f__B209060537.jpg"></icon><desc>De tweede groep van vijf chefs krijgt twee zware opdrachten voor de kiezen. Ze krijgen drie uur de tijd om met beperkte middelen en faciliteiten een topgerecht te bereiden dat getuigt van veelzijdigheid en stijl. Hun gerechten worden beoordeeld door een groep van experts in streetfood en de pop-upindustrie. De winnaar stoot meteen door naar de halve finale. De vier overige deelnemers bereiden een nieuw gerecht in slechts 90 minuten.</desc><category>Culinair</category></programme><programme channel="lgi-be-prod-master:vijfhd" start="20211227102500 +0000" stop="20211227110000 +0000" catchup-id="crid:~~2F~~2Ftelenet.be~~2F7a43b178-1fd3-4ed3-bfbd-e39ea43ac2a0,imi:902de2d3f1f7d1dedf321479866fff343f428052"><title>Geen uitzending</title><date></date><icon src="https://staticqbr-be-prod.tnprod.cdn.dmdsdp.com/image-service/ImagesEPG/EventImages/a63__5cb__a635cb82-5dd9-481a-aff9-953a1ce5254d__B181820493.jpg"></icon><desc>Geen uitzending.</desc><category>Overig</category></programme><programme channel="lgi-be-prod-master:vijfhd" start="20211227110000 +0000" stop="20211227115500 +0000" catchup-id="crid:~~2F~~2Ftelenet.be~~2F51d46a7a-2759-47bf-9cf1-7d610fd29901,imi:7ecf7b2cb65adfeed4d9ada509e544f446eca692"><title>Madam Secretary</title><date></date><icon src="https://staticqbr-be-prod.tnprod.cdn.dmdsdp.com/image-service/ImagesEPG/EventImages/956__0d7__9560d731-4c68-45eb-af60-cccd30f0bdf0__B207958731.jpg"></icon><desc>Secretaris McCord organiseert een kerstfeest in een poging de senatoren te overtuigen om een landmijnverdrag te ondertekenen. Henry probeert de meerderheidsleider van de Senaat te beschuldigen van samenspanning met de Russen.</desc><category>Dramaseries</category></programme><programme channel="lgi-be-prod-master:vijfhd" start="20211227115500 +0000" stop="20211227121500 +0000" catchup-id="crid:~~2F~~2Ftelenet.be~~2Fd7b021fa-b9f9-4380-af0b-0adb000205b9,imi:bd2d2dcd69cc2a89b017d6761b7c0554f1fc719d"><title>Geen uitzending</title><date></date><icon src="https://staticqbr-be-prod.tnprod.cdn.dmdsdp.com/image-service/ImagesEPG/EventImages/a63__5cb__a635cb82-5dd9-481a-aff9-953a1ce5254d__B181820493.jpg"></icon><desc>Geen uitzending.</desc><category>Overig</category></programme>