<programme channel="lgi-be-prod-master:shortshd" start="20211226230500 +0000" stop="20211226232400 +0000" catchup-id="crid:~~2F~~2Ftelenet.be~~2F82222c08-bc90-442d-ab49-5195dc5c64bb,imi:bea80e0f8e37d6cb09f736dfe55212ac42eda600"><title>Conversation with the devil</title><date>2020</date><icon src="https://staticqbr-be-prod.tnprod.cdn.dmdsdp.com/image-service/ImagesEPG/EventImages/374__37b__37437ba4-3627-4731-b1de-6b927d14fa09__B77448493.jpg"></icon><desc>A man at his emotional end contemplates his life, and the end of it, while gaining horrifying insight from a stranger in the night.</desc><category>Film</category></programme><programme channel="lgi-be-prod-master:shortshd" start="20211226232400 +0000" stop="20211226235100 +0000" catchup-id="crid:~~2F~~2Ftelenet.be~~2Fc544f8ee-e8ae-4d48-bfce-0c3b61f27df4,imi:57056eabf3a1e8b0b185841f281783186c70b94b"><title>A sort of hunger</title><date>2019</date><icon src="https://staticqbr-be-prod.tnprod.cdn.dmdsdp.com/image-service/ImagesEPG/EventImages/374__37b__37437ba4-3627-4731-b1de-6b927d14fa09__B77448493.jpg"></icon><desc>Kevin never thought he would owe money to the most dangerous mobsters in LA. But he begins to realize that the money isn't worth his life when he takes part in a break-in that goes horribly wrong.</desc><category>Film</category></programme><programme channel="lgi-be-prod-master:shortshd" start="20211226235100 +0000" stop="20211227000100 +0000" catchup-id="crid:~~2F~~2Ftelenet.be~~2Fa9e52812-57b6-4075-8532-666aa8761dc6,imi:5b6c17d768f8da483371bc5df56a465e0f9a9bba"><title>Don't you dare</title><date>2020</date><icon src="https://staticqbr-be-prod.tnprod.cdn.dmdsdp.com/image-service/ImagesEPG/EventImages/374__37b__37437ba4-3627-4731-b1de-6b927d14fa09__B77448493.jpg"></icon><desc>A group of girls abducted by sex traffickers summon an occult being to save them, but will their salvation come with a cost?</desc><category>Film</category></programme><programme channel="lgi-be-prod-master:shortshd" start="20211227000100 +0000" stop="20211227005700 +0000" catchup-id="crid:~~2F~~2Ftelenet.be~~2F83fe9255-a85b-4c75-8c40-501fe59ae95d,imi:d2a3e47b06ea3fab3b5dd90e7dbd1f89539c0661"><title>Best of 2021</title><date></date><icon src="https://staticqbr-be-prod.tnprod.cdn.dmdsdp.com/image-service/ImagesEPG/EventImages/d91__f92__d91f9226-7c2d-4c27-805f-e7d6c49da1e9__B105933931.jpg"></icon><desc></desc><category>Muziek</category></programme><programme channel="lgi-be-prod-master:shortshd" start="20211227005700 +0000" stop="20211227020700 +0000" catchup-id="crid:~~2F~~2Ftelenet.be~~2F83fe9255-a85b-4c75-8c40-501fe59ae95d,imi:81555dc8b66c6deaeb5aa629cbaad416e8ab875c"><title>Best of 2021</title><date></date><icon src="https://staticqbr-be-prod.tnprod.cdn.dmdsdp.com/image-service/ImagesEPG/EventImages/d91__f92__d91f9226-7c2d-4c27-805f-e7d6c49da1e9__B105933931.jpg"></icon><desc></desc><category>Muziek</category></programme><programme channel="lgi-be-prod-master:shortshd" start="20211227020700 +0000" stop="20211227022500 +0000" catchup-id="crid:~~2F~~2Ftelenet.be~~2F82222c08-bc90-442d-ab49-5195dc5c64bb,imi:778353c19f6c3a2b80b334de5af0182c7169f578"><title>Conversation with the devil</title><date>2020</date><icon src="https://staticqbr-be-prod.tnprod.cdn.dmdsdp.com/image-service/ImagesEPG/EventImages/374__37b__37437ba4-3627-4731-b1de-6b927d14fa09__B77448493.jpg"></icon><desc>A man at his emotional end contemplates his life, and the end of it, while gaining horrifying insight from a stranger in the night.</desc><category>Film</category></programme><programme channel="lgi-be-prod-master:shortshd" start="20211227022500 +0000" stop="20211227025300 +0000" catchup-id="crid:~~2F~~2Ftelenet.be~~2Fc544f8ee-e8ae-4d48-bfce-0c3b61f27df4,imi:91677f0efca205712c4a30499a54f3a5f581605b"><title>A sort of hunger</title><date>2019</date><icon src="https://staticqbr-be-prod.tnprod.cdn.dmdsdp.com/image-service/ImagesEPG/EventImages/374__37b__37437ba4-3627-4731-b1de-6b927d14fa09__B77448493.jpg"></icon><desc>Kevin never thought he would owe money to the most dangerous mobsters in LA. But he begins to realize that the money isn't worth his life when he takes part in a break-in that goes horribly wrong.</desc><category>Film</category></programme><programme channel="lgi-be-prod-master:shortshd" start="20211227025300 +0000" stop="20211227035000 +0000" catchup-id="crid:~~2F~~2Ftelenet.be~~2F83fe9255-a85b-4c75-8c40-501fe59ae95d,imi:b804979b663b247a90fcb077c078a5ea2fee7c5f"><title>Best of 2021</title><date></date><icon src="https://staticqbr-be-prod.tnprod.cdn.dmdsdp.com/image-service/ImagesEPG/EventImages/d91__f92__d91f9226-7c2d-4c27-805f-e7d6c49da1e9__B105933931.jpg"></icon><desc></desc><category>Muziek</category></programme><programme channel="lgi-be-prod-master:shortshd" start="20211227035000 +0000" stop="20211227050000 +0000" catchup-id="crid:~~2F~~2Ftelenet.be~~2F83fe9255-a85b-4c75-8c40-501fe59ae95d,imi:bee606e66942c870dc9d661850a369b2ef0db9d5"><title>Best of 2021</title><date></date><icon src="https://staticqbr-be-prod.tnprod.cdn.dmdsdp.com/image-service/ImagesEPG/EventImages/d91__f92__d91f9226-7c2d-4c27-805f-e7d6c49da1e9__B105933931.jpg"></icon><desc></desc><category>Muziek</category></programme><programme channel="lgi-be-prod-master:shortshd" start="20211227050000 +0000" stop="20211227055900 +0000" catchup-id="crid:~~2F~~2Ftelenet.be~~2F67a896c2-cb22-405d-85dd-d150e959969b,imi:9a49df77eb234f05a104a087da23aa661c8bb02d"><title>Pure drama</title><date></date><icon src="https://staticqbr-be-prod.tnprod.cdn.dmdsdp.com/image-service/ImagesEPG/EventImages/f14__de0__f14de018-9dd6-491e-8f14-8ef0f728ccbd__B78363348.jpg"></icon><desc></desc><category>Overig</category></programme><programme channel="lgi-be-prod-master:shortshd" start="20211227055900 +0000" stop="20211227065900 +0000" catchup-id="crid:~~2F~~2Ftelenet.be~~2F91195ee2-a66e-45e0-bf6d-3181ebe06203,imi:ec3e0fa0ccbaaa350152c3f3a5ed6ad1bdaf92bc"><title>Animation</title><date></date><icon src="https://staticqbr-be-prod.tnprod.cdn.dmdsdp.com/image-service/ImagesEPG/EventImages/f15__6db__f156db89-09e9-45e2-92f2-44d4191a0219__B105936399.jpg"></icon><desc>Série d'animation</desc><category>Dramaseries</category></programme><programme channel="lgi-be-prod-master:shortshd" start="20211227065900 +0000" stop="20211227080100 +0000" catchup-id="crid:~~2F~~2Ftelenet.be~~2F24d99028-7c5e-466e-b967-1027cfc333fb,imi:0d9c3e2181a891a705bc4099a77f96f386a2f152"><title>World cinema</title><date></date><icon src="https://staticqbr-be-prod.tnprod.cdn.dmdsdp.com/image-service/ImagesEPG/EventImages/f14__de0__f14de018-9dd6-491e-8f14-8ef0f728ccbd__B78363348.jpg"></icon><desc></desc><category>Overig</category></programme><programme channel="lgi-be-prod-master:shortshd" start="20211227080100 +0000" stop="20211227090500 +0000" catchup-id="crid:~~2F~~2Ftelenet.be~~2F6d084132-3576-4ee5-bdbd-2634042f8929,imi:3c35b08cc2db164faf801c55cde89d2c21d683b9"><title>Documentary</title><date></date><icon src="https://staticqbr-be-prod.tnprod.cdn.dmdsdp.com/image-service/ImagesEPG/EventImages/f14__de0__f14de018-9dd6-491e-8f14-8ef0f728ccbd__B78363348.jpg"></icon><desc></desc><category>Actualiteit</category></programme><programme channel="lgi-be-prod-master:shortshd" start="20211227090500 +0000" stop="20211227100100 +0000" catchup-id="crid:~~2F~~2Ftelenet.be~~2F4c525e61-9e73-4cd0-9044-c85ad6324e09,imi:547754a1503d8a82e0f26a5670ad74fcfa5ff36d"><title>Editor's pick</title><date></date><icon src="https://staticqbr-be-prod.tnprod.cdn.dmdsdp.com/image-service/ImagesEPG/EventImages/f14__de0__f14de018-9dd6-491e-8f14-8ef0f728ccbd__B78363348.jpg"></icon><desc>Editor's pick a selection of daytime short films.</desc><category>Overig</category></programme><programme channel="lgi-be-prod-master:shortshd" start="20211227100100 +0000" stop="20211227103400 +0000" catchup-id="crid:~~2F~~2Ftelenet.be~~2Fa92c5413-7d7b-4117-a1e9-51243385d65e,imi:2e85984619ef4a9ee73cdd3c7acfef8229affd03"><title>Love</title><date></date><icon src="https://staticqbr-be-prod.tnprod.cdn.dmdsdp.com/image-service/ImagesEPG/EventImages/f15__6db__f156db89-09e9-45e2-92f2-44d4191a0219__B105936399.jpg"></icon><desc></desc><category>Dramaseries</category></programme><programme channel="lgi-be-prod-master:shortshd" start="20211227103400 +0000" stop="20211227110000 +0000" catchup-id="crid:~~2F~~2Ftelenet.be~~2Fa92c5413-7d7b-4117-a1e9-51243385d65e,imi:aead5b14fe4c7904363104c35b4192c2573d401b"><title>Love</title><date></date><icon src="https://staticqbr-be-prod.tnprod.cdn.dmdsdp.com/image-service/ImagesEPG/EventImages/f15__6db__f156db89-09e9-45e2-92f2-44d4191a0219__B105936399.jpg"></icon><desc></desc><category>Dramaseries</category></programme><programme channel="lgi-be-prod-master:shortshd" start="20211227110000 +0000" stop="20211227113000 +0000" catchup-id="crid:~~2F~~2Ftelenet.be~~2F15430fe2-ea5e-49f7-a11e-f5245af378d2,imi:7bb0248453fbbd64c15a46e04d4c481740daac77"><title>Comedy</title><date></date><icon src="https://staticqbr-be-prod.tnprod.cdn.dmdsdp.com/image-service/ImagesEPG/EventImages/f14__de0__f14de018-9dd6-491e-8f14-8ef0f728ccbd__B78363348.jpg"></icon><desc></desc><category>Overig</category></programme><programme channel="lgi-be-prod-master:shortshd" start="20211227113000 +0000" stop="20211227120200 +0000" catchup-id="crid:~~2F~~2Ftelenet.be~~2F15430fe2-ea5e-49f7-a11e-f5245af378d2,imi:6038ea11629d54a0994a0153b48a05445e743a45"><title>Comedy</title><date></date><icon src="https://staticqbr-be-prod.tnprod.cdn.dmdsdp.com/image-service/ImagesEPG/EventImages/f14__de0__f14de018-9dd6-491e-8f14-8ef0f728ccbd__B78363348.jpg"></icon><desc></desc><category>Overig</category></programme>