<programme channel="lgi-be-prod-master:penthousehd" start="20211226230100 +0000" stop="20211227005000 +0000" catchup-id="crid:~~2F~~2Ftelenet.be~~2F7ba9955a-92cc-4485-a432-a67ebd62d1d0,imi:025ee7695337d08b62461f71fda2d773cbc554ee"><title>I'm Banging My Big Butt Stepmom</title><date>2019</date><icon src="https://staticqbr-be-prod.tnprod.cdn.dmdsdp.com/image-service/ImagesEPG/EventImages/b91__049__b910491e-72a0-4f1e-9aea-6be5f4f2ff41__B105936402.jpg"></icon><desc>Tony?s (Moves) beautiful stepmom Gia (Milana) needs help putting oil on her back and around her lovely butt.  Tony?s a bit nervous because he?s getting a turned on and his dad has lots of cameras around.  Then Gia hits him with these words ?if you don?t fuck me I?m gonna leave your dad.?  What?s a good son to do?!</desc><category>Entertainment, Erotiek</category></programme><programme channel="lgi-be-prod-master:penthousehd" start="20211227005000 +0000" stop="20211227010000 +0000" catchup-id="crid:~~2F~~2Ftelenet.be~~2F76056e16-335b-4c7a-b3b6-14ddedbf82d8,imi:cf555c7148992b0fb271adceb9c92c2a2439d499"><title>Full Services Fantasies</title><date>2016</date><icon src="https://staticqbr-be-prod.tnprod.cdn.dmdsdp.com/image-service/ImagesEPG/EventImages/b91__049__b910491e-72a0-4f1e-9aea-6be5f4f2ff41__B105936402.jpg"></icon><desc>Exercise instructor, Joss, gets a peek at how delicious Candee is before class.   When he has to work on her beautiful ass he can?t help himself? could you?!  Soon he?s eating her out!  Now, that?s a workout!</desc><category>Entertainment, Erotiek</category></programme><programme channel="lgi-be-prod-master:penthousehd" start="20211227010000 +0000" stop="20211227023400 +0000" catchup-id="crid:~~2F~~2Ftelenet.be~~2F2bdd32fc-b8ca-4197-82b7-269c86b99109,imi:4c1f93bb7771024085100d86d8a713cdef150f76"><title>Interracial Submissions</title><date>2016</date><icon src="https://staticqbr-be-prod.tnprod.cdn.dmdsdp.com/image-service/ImagesEPG/EventImages/b91__049__b910491e-72a0-4f1e-9aea-6be5f4f2ff41__B105936402.jpg"></icon><desc>Layla has just made a new acquisition, an adventure site, which she is very excited about and tries to get her team of writers to complete their assignments for the site?s launch. With so many beautiful women working for her you can bet that every article will have a happy ending!</desc><category>Entertainment, Erotiek</category></programme><programme channel="lgi-be-prod-master:penthousehd" start="20211227023400 +0000" stop="20211227024900 +0000" catchup-id="crid:~~2F~~2Ftelenet.be~~2Fb80adee6-b6fa-4285-88c1-7f6057d0ace4,imi:d62ac2f6c6c63d94b6fa365a8c05eadf9cc326d3"><title>Love and Zen</title><date>2016</date><icon src="https://staticqbr-be-prod.tnprod.cdn.dmdsdp.com/image-service/ImagesEPG/EventImages/b91__049__b910491e-72a0-4f1e-9aea-6be5f4f2ff41__B105936402.jpg"></icon><desc>Emily?s been alone and sexless for a year now and it?s starting to show. Her friends, her boss, even her new acquaintances all get the vibe that the hurt she?s nursing has closed her off to new experiences. Will their efforts to get her to loosen up, plus a weekend at a tony yoga retreat, be enough to convince her to just... let love in?</desc><category>Entertainment, Erotiek</category></programme><programme channel="lgi-be-prod-master:penthousehd" start="20211227024900 +0000" stop="20211227030000 +0000" catchup-id="crid:~~2F~~2Ftelenet.be~~2F0eeae2cd-3187-434d-b4d5-b6b6c1f4bb53,imi:324adf1501a61d333db18728dc97fe53d90ccff2"><title>Seduced by the Succubus</title><date>2016</date><icon src="https://staticqbr-be-prod.tnprod.cdn.dmdsdp.com/image-service/ImagesEPG/EventImages/b91__049__b910491e-72a0-4f1e-9aea-6be5f4f2ff41__B105936402.jpg"></icon><desc>Kenna returns to the warehouse to tell Lorelei, the succubus, she was right, her boyfriend was cheating! She then hears the story of why Lorelei is trapped in the warehouse and discovers how the spirit can be released from her prison. Happy days for all of us because it involves both girls getting naked and a lot of licking, sucking and fingering!</desc><category>Entertainment, Erotiek</category></programme><programme channel="lgi-be-prod-master:penthousehd" start="20211227030000 +0000" stop="20211227031700 +0000" catchup-id="crid:~~2F~~2Ftelenet.be~~2F5d01b685-983b-4fc0-8d8c-c983a4f01cf2,imi:57a707939e28d541c51dd70b30c322fdf02f6adc"><title>Big Tits in Lingerie</title><date>2019</date><icon src="https://staticqbr-be-prod.tnprod.cdn.dmdsdp.com/image-service/ImagesEPG/EventImages/b91__049__b910491e-72a0-4f1e-9aea-6be5f4f2ff41__B105936402.jpg"></icon><desc>Jasmine Jae, has a jolly good time strip teasing for her man, Angelo Godshack, in her tight red and black lingerie. Thus, Angelo is hard as a rock and is ready to penetrate her tight vagina.</desc><category>Entertainment, Erotiek</category></programme><programme channel="lgi-be-prod-master:penthousehd" start="20211227031700 +0000" stop="20211227034400 +0000" catchup-id="crid:~~2F~~2Ftelenet.be~~2Fd2ba74b4-41b0-4bb7-b525-3e84dd6ced2b,imi:e37bb8b75e240631f05dbddaaf09108742e5ee36"><title>Big Titty MILF Maids</title><date>2021</date><icon src="https://staticqbr-be-prod.tnprod.cdn.dmdsdp.com/image-service/ImagesEPG/EventImages/b91__049__b910491e-72a0-4f1e-9aea-6be5f4f2ff41__B105936402.jpg"></icon><desc>Brick (Danger) is trying to sleep but Lilith (Morningstar) is ready to clean, waking him up. He?s woken with a hard-on which does not go unnoticed by the busty maid, who is more than happy to make amends by relieving him of that boner!</desc><category>Entertainment, Erotiek</category></programme><programme channel="lgi-be-prod-master:penthousehd" start="20211227034400 +0000" stop="20211227040000 +0000" catchup-id="crid:~~2F~~2Ftelenet.be~~2Fc870811a-cdff-41bd-8121-2e1e914328b6,imi:e3ae577aace10b7de23de1dd196ef7464742e973"><title>The Bel Air Babysitter's Club</title><date>2018</date><icon src="https://staticqbr-be-prod.tnprod.cdn.dmdsdp.com/image-service/ImagesEPG/EventImages/b91__049__b910491e-72a0-4f1e-9aea-6be5f4f2ff41__B105936402.jpg"></icon><desc>Insecure babysitter, Gina Valentina, accidentally masturbates in the home of Ryan Driller and tries to avoid him most days. But when he confronts her about how he really feels, she wants him to show her how it works and the two begin to get busy.</desc><category>Entertainment, Erotiek</category></programme><programme channel="lgi-be-prod-master:penthousehd" start="20211227040000 +0000" stop="20211227041300 +0000" catchup-id="crid:~~2F~~2Ftelenet.be~~2Fbdcc985a-edf9-4031-b4d6-925b9d9f67ff,imi:64badb547f3c780e73a8ba264aec8f06f9970b7d"><title>Pet Retreat</title><date>2017</date><icon src="https://staticqbr-be-prod.tnprod.cdn.dmdsdp.com/image-service/ImagesEPG/EventImages/c53__8fa__c538faaf-72fe-4147-a9ae-141564fb7b17__B117036537.jpg"></icon><desc>Wanneer de vrouwen van Penthouse gezellige onderonsjes houden, kan er vanalles gebeuren! Het duurt niet lang vooraleer de bovenste knopen van hun blouse worden losgetrokken.</desc><category>Entertainment, Erotiek</category></programme><programme channel="lgi-be-prod-master:penthousehd" start="20211227041300 +0000" stop="20211227042600 +0000" catchup-id="crid:~~2F~~2Ftelenet.be~~2Ffb573a03-1dc8-4a1b-9d11-725c4a383f67,imi:08707620ae0cdb1fc9b27ee9dd9db582deb44ae7"><title>Poker Night</title><date></date><icon src="https://staticqbr-be-prod.tnprod.cdn.dmdsdp.com/image-service/ImagesEPG/EventImages/b91__049__b910491e-72a0-4f1e-9aea-6be5f4f2ff41__B105936402.jpg"></icon><desc>Charlie Mac notices that his girl is getting hit on by his friend and decides to intervine. They excuse themselves to the bedroom where they have hot steamy sex.</desc><category>Entertainment, Erotiek</category></programme><programme channel="lgi-be-prod-master:penthousehd" start="20211227042600 +0000" stop="20211227044100 +0000" catchup-id="crid:~~2F~~2Ftelenet.be~~2F5d4bd4be-4384-4664-994c-6959c123eeb7,imi:d61a7d7bd97494da4d5aa4e55827a3229872409f"><title>My Dirty Secret</title><date></date><icon src="https://staticqbr-be-prod.tnprod.cdn.dmdsdp.com/image-service/ImagesEPG/EventImages/b91__049__b910491e-72a0-4f1e-9aea-6be5f4f2ff41__B105936402.jpg"></icon><desc>Raquel is the older woman who can't wait to get her mouth on a younger man's cock.  It doesn't take long when the delivery guy shows up.</desc><category>Entertainment, Erotiek</category></programme><programme channel="lgi-be-prod-master:penthousehd" start="20211227044100 +0000" stop="20211227050000 +0000" catchup-id="crid:~~2F~~2Ftelenet.be~~2F0263d364-9501-4526-8260-3aaa91f68c56,imi:ba37ac0e80d8a9116d607d599ecef58210b9ed8b"><title>Layla Sin's Bedtime Tales 2</title><date>2017</date><icon src="https://staticqbr-be-prod.tnprod.cdn.dmdsdp.com/image-service/ImagesEPG/EventImages/b91__049__b910491e-72a0-4f1e-9aea-6be5f4f2ff41__B105936402.jpg"></icon><desc>Tiffany (Tatum) is dating a masseuse (Charlie Dean) and is dying for one of his back rubs.  One day he offered to give her a massage, but that isn?t all he has in mind, he's thinking of a whole lot more!</desc><category>Entertainment, Erotiek</category></programme><programme channel="lgi-be-prod-master:penthousehd" start="20211227050000 +0000" stop="20211227061200 +0000" catchup-id="crid:~~2F~~2Ftelenet.be~~2F4955c312-7555-4e7e-8c89-8face995bad8,imi:0f9683912bafe96afcece086909a3ede14816b49"><title>Anytime Anywhere Sex</title><date>2018</date><icon src="https://staticqbr-be-prod.tnprod.cdn.dmdsdp.com/image-service/ImagesEPG/EventImages/b91__049__b910491e-72a0-4f1e-9aea-6be5f4f2ff41__B105936402.jpg"></icon><desc>Sex is good anytime and anywhere.  These five couples know it even if they don?t really know each other, so maybe we should add in that its good with anyone, too!</desc><category>Entertainment, Erotiek</category></programme><programme channel="lgi-be-prod-master:penthousehd" start="20211227061200 +0000" stop="20211227063200 +0000" catchup-id="crid:~~2F~~2Ftelenet.be~~2Fd57f2a54-236f-4191-b019-26a30956e5a7,imi:5017f24835f6c63a06367326bc3781ecd901fbac"><title>The Perfect Kiss</title><date></date><icon src="https://staticqbr-be-prod.tnprod.cdn.dmdsdp.com/image-service/ImagesEPG/EventImages/350__9cb__3509cbeb-c356-40cb-9eae-4606a9c8f851__B143741378.jpg"></icon><desc>Carter, Ryan?s sexy maid, is still working when Ryan gets home early from work. She asked if she can help with anything and Ryan has her start working on a few nobs of his own that needs a little spit shine.</desc><category>Entertainment, Erotiek</category></programme><programme channel="lgi-be-prod-master:penthousehd" start="20211227063200 +0000" stop="20211227064700 +0000" catchup-id="crid:~~2F~~2Ftelenet.be~~2F8f926ddb-cd03-4507-9021-258cd4bdeea0,imi:630e81698f2e35b91c6e88baefed124b3ffed5c2"><title>Euro Adventures Sex in Prague</title><date></date><icon src="https://staticqbr-be-prod.tnprod.cdn.dmdsdp.com/image-service/ImagesEPG/EventImages/b91__049__b910491e-72a0-4f1e-9aea-6be5f4f2ff41__B105936402.jpg"></icon><desc>Ivana and Layla are sitting, drinking wine, and discussing how Ivana really knows how to live life, while their husbands are away talking business.</desc><category>Entertainment, Erotiek</category></programme><programme channel="lgi-be-prod-master:penthousehd" start="20211227064700 +0000" stop="20211227070000 +0000" catchup-id="crid:~~2F~~2Ftelenet.be~~2Ffa74f0d3-ba42-446d-bebe-aa520aa94e0b,imi:6d3640e25fa22d0e4d3a663698c969d7ab6474aa"><title>Blonde Bitches and The Babes That Love Them</title><date>2013</date><icon src="https://staticqbr-be-prod.tnprod.cdn.dmdsdp.com/image-service/ImagesEPG/EventImages/b91__049__b910491e-72a0-4f1e-9aea-6be5f4f2ff41__B105936402.jpg"></icon><desc>Vanessa wants to thank Gina (Bailey), for her advice about how to please her boyfriend, but she wants to do it in person and REALLY show how appreciative she is. She does? with her mouth, tongue, and fingers!</desc><category>Entertainment, Erotiek</category></programme><programme channel="lgi-be-prod-master:penthousehd" start="20211227070000 +0000" stop="20211227071400 +0000" catchup-id="crid:~~2F~~2Ftelenet.be~~2Fc9b97390-6c47-4245-bffc-9b45d75851b6,imi:fd99ab5077d63deb5a08bd738bc078c9043e1328"><title>Horny MILFS and Cougars on the Prowl</title><date>2015</date><icon src="https://staticqbr-be-prod.tnprod.cdn.dmdsdp.com/image-service/ImagesEPG/EventImages/b91__049__b910491e-72a0-4f1e-9aea-6be5f4f2ff41__B105936402.jpg"></icon><desc>What an amazing therapist Julia Ann is, her client Brad (Brad Knight) is worried that he has never satisfied a sex partner, so Julia Ann gives him a test to pick the toy he thinks will satisfy his girlfriend. When he does, she takes it to the next level asking him to show her how he would satisfy her with it. Ouch, I wonder what kind of insurance she takes! Once that toy finds her pussy, Brad has to join in  with some tongue action! Well, we can?t stop here, Brad, show her how else you would try to satisfy your girlfriend with mish, a blowjob, spoon and since we can?t let the session run overtime, another blowjob to pop!</desc><category>Entertainment, Erotiek</category></programme><programme channel="lgi-be-prod-master:penthousehd" start="20211227071400 +0000" stop="20211227073400 +0000" catchup-id="crid:~~2F~~2Ftelenet.be~~2F0bc1138f-2565-4e36-84a1-5b8ac56683ed,imi:892cce711231f444097c1df6c3ad479eb8c9f988"><title>Sex Hungry Euro Babes</title><date>2020</date><icon src="https://staticqbr-be-prod.tnprod.cdn.dmdsdp.com/image-service/ImagesEPG/EventImages/b91__049__b910491e-72a0-4f1e-9aea-6be5f4f2ff41__B105936402.jpg"></icon><desc>Realtor, Kristof (Cale) is showing beautiful Kesha (Ortega) and Kira (Queen) a hot property. He?s forgotten his paperwork and leaves them alone just for a few minutes, minutes long enough for the two hotties to get naked and sexy by the pool. When Krsitof returns they are warmed up and ready for cock too!</desc><category>Entertainment, Erotiek</category></programme><programme channel="lgi-be-prod-master:penthousehd" start="20211227073400 +0000" stop="20211227074800 +0000" catchup-id="crid:~~2F~~2Ftelenet.be~~2Fe11b4cdb-862e-4aca-b089-a75600d47d29,imi:0cb94d26a09cb2c8d0713643d669796eb8780fa4"><title>Erotic Tall Tales</title><date>2016</date><icon src="https://staticqbr-be-prod.tnprod.cdn.dmdsdp.com/image-service/ImagesEPG/EventImages/b91__049__b910491e-72a0-4f1e-9aea-6be5f4f2ff41__B105936402.jpg"></icon><desc>Howard is told by his doctor Karla, he has elevated testosterone levels and something needs to be done to relieve the buildup. He invites her to suck him.  After a slap he redeems himself with the perfect pussy line and she lets him lick it.  Just what the doctor ordered!</desc><category>Entertainment, Erotiek</category></programme><programme channel="lgi-be-prod-master:penthousehd" start="20211227074800 +0000" stop="20211227080000 +0000" catchup-id="crid:~~2F~~2Ftelenet.be~~2F9f492d26-2f1e-4137-87c2-f53d987b69f9,imi:78b786644b264178a8ed650c3c8e8b1875a726e5"><title>Lust With a Foreign Accent</title><date>2017</date><icon src="https://staticqbr-be-prod.tnprod.cdn.dmdsdp.com/image-service/ImagesEPG/EventImages/b91__049__b910491e-72a0-4f1e-9aea-6be5f4f2ff41__B105936402.jpg"></icon><desc>Kai is teaching Russian beauty, Nikky, English.  He?s doing it in a most self-serving way, like teaching her to say ?I want to suck on your cock.?  Nikky seems to be a very eager learner as they work their way some sexy body language.  Can you say ?POP?!?</desc><category>Entertainment, Erotiek</category></programme><programme channel="lgi-be-prod-master:penthousehd" start="20211227080000 +0000" stop="20211227081400 +0000" catchup-id="crid:~~2F~~2Ftelenet.be~~2Fb392ebe9-9206-4cca-a357-cf15d100e2e8,imi:680993277d9d3866aa3409176661dbab6a19ca8b"><title>The Pussy Experience</title><date>2014</date><icon src="https://staticqbr-be-prod.tnprod.cdn.dmdsdp.com/image-service/ImagesEPG/EventImages/b91__049__b910491e-72a0-4f1e-9aea-6be5f4f2ff41__B105936402.jpg"></icon><desc>Dressed as a couple in love wearing matching polka-dot dresses, Kari and Taylor have a romantic picnic in the park that leads to a &quot;hot lesbian lunch&quot;.  Bobby socks and all!</desc><category>Entertainment, Erotiek</category></programme><programme channel="lgi-be-prod-master:penthousehd" start="20211227081400 +0000" stop="20211227083100 +0000" catchup-id="crid:~~2F~~2Ftelenet.be~~2Fbb0648bb-66eb-438b-84b4-3637d27f6d02,imi:91a139082a45542c511736b759c13759cab78fc0"><title>Xposed</title><date>2015</date><icon src="https://staticqbr-be-prod.tnprod.cdn.dmdsdp.com/image-service/ImagesEPG/EventImages/b91__049__b910491e-72a0-4f1e-9aea-6be5f4f2ff41__B105936402.jpg"></icon><desc>Kira is enjoying the surf when Nick comes by and entices her out for some afternoon delight with his big dick!</desc><category>Entertainment, Erotiek</category></programme><programme channel="lgi-be-prod-master:penthousehd" start="20211227083100 +0000" stop="20211227084600 +0000" catchup-id="crid:~~2F~~2Ftelenet.be~~2Fa3b395a5-6cd7-46d6-abec-bfcc9c24c912,imi:5f34c1e0e9f1b1c4c9cc3e1bac9637496a28ac50"><title>Hot Amateur Cam Girls Exposed</title><date></date><icon src="https://staticqbr-be-prod.tnprod.cdn.dmdsdp.com/image-service/ImagesEPG/EventImages/b91__049__b910491e-72a0-4f1e-9aea-6be5f4f2ff41__B105936402.jpg"></icon><desc>Jenna Rose surprises Lou Lou with a tasty?.mmmm?lesson on how to be a porn star with the camera running.</desc><category>Entertainment, Erotiek</category></programme><programme channel="lgi-be-prod-master:penthousehd" start="20211227084600 +0000" stop="20211227090000 +0000" catchup-id="crid:~~2F~~2Ftelenet.be~~2Fe8b4eed9-e636-4c45-b086-d2236e55c6f4,imi:b152b1ea5aa61fbd37b1bc624b285fd4a41f2cad"><title>In the Heat of the Moment</title><date></date><icon src="https://staticqbr-be-prod.tnprod.cdn.dmdsdp.com/image-service/ImagesEPG/EventImages/b91__049__b910491e-72a0-4f1e-9aea-6be5f4f2ff41__B105936402.jpg"></icon><desc>The one thing that has been helping Ken get through his divorce are the great art pieces Julia has been bringing to him. This time Ken wants to bring his ?great piece? to Julia, but first a little foreplay with his tongue and fingers, and now she?s ready for his ?piece.?  At the end, he does a Jackson Pollock all over her neatly shaved pussy!</desc><category>Entertainment, Erotiek</category></programme><programme channel="lgi-be-prod-master:penthousehd" start="20211227090000 +0000" stop="20211227091800 +0000" catchup-id="crid:~~2F~~2Ftelenet.be~~2F52f38add-ecea-42c6-b745-2597662d6fa0,imi:9cf5c0e016f3b4d59b963caa7048487efb70dac2"><title>Stepdaughter Seduction</title><date>2020</date><icon src="https://staticqbr-be-prod.tnprod.cdn.dmdsdp.com/image-service/ImagesEPG/EventImages/b91__049__b910491e-72a0-4f1e-9aea-6be5f4f2ff41__B105936402.jpg"></icon><desc>Natalie (Knight) and her stepfather (Brad Newman) have a very special, very close relationship.  In fact it?s so special and close that he eats her pussy for breakfast and she sucks his dick anytime her mother?s not home!</desc><category>Entertainment, Erotiek</category></programme><programme channel="lgi-be-prod-master:penthousehd" start="20211227091800 +0000" stop="20211227094200 +0000" catchup-id="crid:~~2F~~2Ftelenet.be~~2F400d3453-9e3d-49e0-8114-c2560ce0db43,imi:e522cd742bce06e2771989679dbf8d81ab61910d"><title>Pet Taggers</title><date></date><icon src="https://staticqbr-be-prod.tnprod.cdn.dmdsdp.com/image-service/ImagesEPG/EventImages/3ea__c60__3eac6049-33a7-4579-86bc-ec95bc1af2e5__B146588322.jpg"></icon><desc>Michael tries to bring out the playful side of sexy spray artist, Jillian, by juggling paint cans for her. Jillian is game and she lets Michael juggle her natural sweet breasts before getting into some serious art on her shaved pussy, which can handle more than one finger! Jillian?s mouth happily handles Michael?s dick and balls. Michael gladly complies.</desc><category>Entertainment, Erotiek</category></programme><programme channel="lgi-be-prod-master:penthousehd" start="20211227094200 +0000" stop="20211227100000 +0000" catchup-id="crid:~~2F~~2Ftelenet.be~~2F5e3dbcd1-773c-4bce-aedd-201ab6731dd1,imi:aefe0cc9d5fff486c2f1087a6dfccab1f978d375"><title>Dirty Little Mermaids</title><date>2019</date><icon src="https://staticqbr-be-prod.tnprod.cdn.dmdsdp.com/image-service/ImagesEPG/EventImages/b91__049__b910491e-72a0-4f1e-9aea-6be5f4f2ff41__B105936402.jpg"></icon><desc>Hot mermaid Marina (Gianna Dior) shows the senator (Jake Adams) to his room at the nudist resort. After detailing the amenities she asks if there is anything she can do for him.  Oh, yes there is!  A BJ, cowgirl, reverse BJ, mish, spoon and he might need a place to shoot his load!</desc><category>Entertainment, Erotiek</category></programme><programme channel="lgi-be-prod-master:penthousehd" start="20211227100000 +0000" stop="20211227101800 +0000" catchup-id="crid:~~2F~~2Ftelenet.be~~2Fddc38418-667b-4e0e-8b62-db7dbde92e9a,imi:adc8ef8553b2f31d8c73594179df9e87ad91123a"><title>Euro Girls Love Black Dick</title><date>2020</date><icon src="https://staticqbr-be-prod.tnprod.cdn.dmdsdp.com/image-service/ImagesEPG/EventImages/b91__049__b910491e-72a0-4f1e-9aea-6be5f4f2ff41__B105936402.jpg"></icon><desc>Otto (Aaron Rock) invites beautiful Czech blonde Palio (Ariela Donovan) over for some sexy entertainment and once his BBC is out in the open the real fun begins!</desc><category>Entertainment, Erotiek</category></programme><programme channel="lgi-be-prod-master:penthousehd" start="20211227101800 +0000" stop="20211227103800 +0000" catchup-id="crid:~~2F~~2Ftelenet.be~~2Fce8d4335-1ed0-4447-95e7-c1311cef255f,imi:eec49ac77718dedfad9ee141c9f6bc71d4e6bc3f"><title>Interracial Sexcapades</title><date>2015</date><icon src="https://staticqbr-be-prod.tnprod.cdn.dmdsdp.com/image-service/ImagesEPG/EventImages/b91__049__b910491e-72a0-4f1e-9aea-6be5f4f2ff41__B105936402.jpg"></icon><desc>There is nothing like make-up sex outside under the canopy! Ana Foxx and Danny Mountain are due for some and Ana knows just how to start?with a very messy blowjob! Danny begins his apologizes by eating out her sweet cunt, but they really express it best with some hot cowgirl, and spooning before Danny explodes all over Ana?s silky smooth chocolate belly. Apology accepted!</desc><category>Entertainment, Erotiek</category></programme><programme channel="lgi-be-prod-master:penthousehd" start="20211227103800 +0000" stop="20211227105000 +0000" catchup-id="crid:~~2F~~2Ftelenet.be~~2Fde91a2d6-9547-4227-8f35-72d8efefbe8e,imi:4e6039f210099f908274135b68d78f2476052616"><title>My Stepdaughter Loves My Cock</title><date>2019</date><icon src="https://staticqbr-be-prod.tnprod.cdn.dmdsdp.com/image-service/ImagesEPG/EventImages/b91__049__b910491e-72a0-4f1e-9aea-6be5f4f2ff41__B105936402.jpg"></icon><desc>Stella Flex flexes her tight little coochie as she opens her legs, begging her step-father, Yanick Shaft to penetrate.</desc><category>Entertainment, Erotiek</category></programme><programme channel="lgi-be-prod-master:penthousehd" start="20211227105000 +0000" stop="20211227110100 +0000" catchup-id="crid:~~2F~~2Ftelenet.be~~2Fb5d5aa41-6826-4d38-a9f3-34dab0e02f48,imi:2f22c027f7fae055473ad6839c543ee02928f364"><title>Chocolate Flavored Kisses</title><date></date><icon src="https://staticqbr-be-prod.tnprod.cdn.dmdsdp.com/image-service/ImagesEPG/EventImages/b91__049__b910491e-72a0-4f1e-9aea-6be5f4f2ff41__B105936402.jpg"></icon><desc>Sasha has been a dancer all her life. She?s auditioning for a new job and shows the producer her dance moves by shaking her ass.</desc><category>Entertainment, Erotiek</category></programme><programme channel="lgi-be-prod-master:penthousehd" start="20211227110100 +0000" stop="20211227125000 +0000" catchup-id="crid:~~2F~~2Ftelenet.be~~2F7ba9955a-92cc-4485-a432-a67ebd62d1d0,imi:e6cdd2aa34268ae8eb514929816217141801709d"><title>I'm Banging My Big Butt Stepmom</title><date>2019</date><icon src="https://staticqbr-be-prod.tnprod.cdn.dmdsdp.com/image-service/ImagesEPG/EventImages/b91__049__b910491e-72a0-4f1e-9aea-6be5f4f2ff41__B105936402.jpg"></icon><desc>Tony?s (Moves) beautiful stepmom Gia (Milana) needs help putting oil on her back and around her lovely butt.  Tony?s a bit nervous because he?s getting a turned on and his dad has lots of cameras around.  Then Gia hits him with these words ?if you don?t fuck me I?m gonna leave your dad.?  What?s a good son to do?!</desc><category>Entertainment, Erotiek</category></programme>