<programme channel="lgi-be-prod-master:2behd" start="20211227002500 +0000" stop="20211227014000 +0000" catchup-id="crid:~~2F~~2Ftelenet.be~~2Fb2e86e90-e4be-43cd-b731-d892263b9849,imi:608d4882b7a2f2b83bd2baa7b248757313ff8928"><title>Ambulance</title><date></date><icon src="https://staticqbr-be-prod.tnprod.cdn.dmdsdp.com/image-service/ImagesEPG/EventImages/0fe__a55__0fea55ae-b3f1-4717-9203-f6d90f3057f6__B143197440.jpg"></icon><desc>Verpleegkundige Luke zet zijn kennis om in de praktijk wanneer hij wordt opgeroepen voor een zwaar motorongeval. Ambulanciers Alex en Sam worden opgeroepen voor een verwarde 103-jarige vrouw die weigert om naar het ziekenhuis te gaan.</desc><category>Documentaire, Reality-tv</category></programme><programme channel="lgi-be-prod-master:2behd" start="20211227014000 +0000" stop="20211227024000 +0000" catchup-id="crid:~~2F~~2Ftelenet.be~~2Fb99f032e-9455-4f07-8d4f-80951b188d8a,imi:2dc005b17a80d920a3a8fd3babfa4caac7028f21"><title>Embarrassing Bodies Special: The Man with Half a Face</title><date>2013</date><icon src="https://staticqbr-be-prod.tnprod.cdn.dmdsdp.com/image-service/ImagesEPG/EventImages/382__615__38261565-bb6b-492f-9f0e-a39b9dd15108__B178180602.jpg"></icon><desc>Dokter Christian Jessen zoomt in op het schokkende verhaal van Eric, die de helft van zijn gezicht verloor tijdens een slepende strijd tegen kanker. Samen met specialisten van het Londense universiteitsziekenhuis, probeert dr. Christian ervoor te zorgen dat Erics gezicht zo goed mogelijk gereconstrueerd kan worden.</desc><category>Documentaire, Reality-tv</category></programme><programme channel="lgi-be-prod-master:2behd" start="20211227024000 +0000" stop="20211227041000 +0000" catchup-id="crid:~~2F~~2Ftelenet.be~~2F5a310c72-a09c-44a9-9c96-08a011167ea1,imi:dd1c0d8f5952fefb2f68cd8eedaedf21f3d8570d"><title>Geen uitzending</title><date></date><icon src="https://staticqbr-be-prod.tnprod.cdn.dmdsdp.com/image-service/ImagesEPG/EventImages/5ac__efd__5acefdc2-61db-494b-9a7b-6505263e84f5__B175566732.jpg"></icon><desc>Geen uitzending.</desc><category>Overig</category></programme><programme channel="lgi-be-prod-master:2behd" start="20211227041000 +0000" stop="20211227060500 +0000" catchup-id="crid:~~2F~~2Ftelenet.be~~2Fecbaff6b-4e44-4bc1-89e0-061c82c569db,imi:0f9040ede98e8cf1a65c74ad6b8302d254a29ac2"><title>Geen uitzending</title><date></date><icon src="https://staticqbr-be-prod.tnprod.cdn.dmdsdp.com/image-service/ImagesEPG/EventImages/5ac__efd__5acefdc2-61db-494b-9a7b-6505263e84f5__B175566732.jpg"></icon><desc>Geen uitzending.</desc><category>Overig</category></programme><programme channel="lgi-be-prod-master:2behd" start="20211227060500 +0000" stop="20211227070000 +0000" catchup-id="crid:~~2F~~2Ftelenet.be~~2F538f05d9-fc88-4a57-8d1c-9fc151d6e2ed,imi:b8f61ed40c7a75f7c10f963db874e2233fae923c"><title>Masterchef Australia</title><date></date><icon src="https://staticqbr-be-prod.tnprod.cdn.dmdsdp.com/image-service/ImagesEPG/EventImages/cba__45c__cba45ca3-93ec-42de-a612-bc55fe97a95b__B77681089.jpg"></icon><desc>Australische culinaire wedstrijd (2019) waarin amateurkoks uit heel Australië de strijd met elkaar aangaan</desc><category>Spelshow</category></programme><programme channel="lgi-be-prod-master:2behd" start="20211227070000 +0000" stop="20211227090000 +0000" catchup-id="crid:~~2F~~2Ftelenet.be~~2F53be1ec8-8cb5-4158-97a5-ecfb21d8b60d,imi:adb129190dc3278c3d12364f66da64d2d499753a"><title>Geen uitzending</title><date></date><icon src="https://staticqbr-be-prod.tnprod.cdn.dmdsdp.com/image-service/ImagesEPG/EventImages/5ac__efd__5acefdc2-61db-494b-9a7b-6505263e84f5__B175566732.jpg"></icon><desc>Geen uitzending.</desc><category>Overig</category></programme><programme channel="lgi-be-prod-master:2behd" start="20211227090000 +0000" stop="20211227094500 +0000" catchup-id="crid:~~2F~~2Ftelenet.be~~2F7baf9123-48f6-4e8c-9703-74940876f292,imi:4c5302c6c8704ff193c05902d81bdc103f3963f3"><title>A Place In The Sun: Winter Sun</title><date></date><icon src="https://staticqbr-be-prod.tnprod.cdn.dmdsdp.com/image-service/ImagesEPG/EventImages/82f__52d__82f52d07-e4b5-4b24-b5ef-9ae73b1d02a9__B48881107.jpg"></icon><desc>Britse realityreeks (2015) over mensen die op zoek zijn naar een vaste verblijfplaats of vakantiehuis in de zon</desc><category>Documentaire, Reality-tv</category></programme><programme channel="lgi-be-prod-master:2behd" start="20211227094500 +0000" stop="20211227112500 +0000" catchup-id="crid:~~2F~~2Ftelenet.be~~2F01922dbb-9814-41e4-a4f5-d8c32c2e318d,imi:971027b30ab250cb8b762b87f7324bda3758ea31"><title>Geen uitzending</title><date></date><icon src="https://staticqbr-be-prod.tnprod.cdn.dmdsdp.com/image-service/ImagesEPG/EventImages/5ac__efd__5acefdc2-61db-494b-9a7b-6505263e84f5__B175566732.jpg"></icon><desc>Geen uitzending.</desc><category>Overig</category></programme><programme channel="lgi-be-prod-master:2behd" start="20211227112500 +0000" stop="20211227115500 +0000" catchup-id="crid:~~2F~~2Ftelenet.be~~2F02c0a100-8316-4427-a7b6-0b5ea22776af,imi:8124c48ca9a10780581f2d2d6ba2ae731aa13e03"><title>Extreme Cake Makers</title><date></date><icon src="https://staticqbr-be-prod.tnprod.cdn.dmdsdp.com/image-service/ImagesEPG/EventImages/f12__351__f123519a-2b63-43e1-aedc-51d36699894e__B141341467.jpg"></icon><desc>Natassja bakt een torenhoge spiraalcake van gezouten karamel, mango en passievrucht. Molly bakt een cake in opdracht van Blackburn Hospital. Ze maakt een vijfdelige, 60 centimeter hoge chocoladecake voor de 70e verjaardag van de NHS-dienst. Eloise maakt voor het eerst een dierencake, namelijk een reusachtige kikker met 42 kikkercupcakes. Ze heeft 6 kilo handgeschilderd suikerglazuur nodig om haar creatie af te werken.</desc><category>Documentaire, Reality-tv</category></programme>