<programme channel="lgi-be-prod-master:babytv" start="20211226230000 +0000" stop="20211226233000 +0000" catchup-id="crid:~~2F~~2Ftelenet.be~~2F0b798f26-1837-4e82-8b54-e696c120f631,imi:97282c413b6a1623d9bc971ea2b2db511925600a"><title>Dromige Nachten</title><date></date><icon src="https://staticqbr-be-prod.tnprod.cdn.dmdsdp.com/image-service/ImagesEPG/EventImages/712__893__71289317-ac82-4493-a43c-8846d0ea0c73__B106254167.jpg"></icon><desc>Liedjes &amp; Rijmpjes,Bloemen,Melkweg,Doe Je Ogen Dicht,Schemering,Vallende ster,Magische sterren,Bloemen</desc><category>Kinderen, Onder de 5</category></programme><programme channel="lgi-be-prod-master:babytv" start="20211226233000 +0000" stop="20211227000000 +0000" catchup-id="crid:~~2F~~2Ftelenet.be~~2Fced0b51a-9990-4537-91b9-d1633795f676,imi:41c22c6fcf0e8be97e2cb026f8dfb9dbb02bf979"><title>Dromige Nachten</title><date></date><icon src="https://staticqbr-be-prod.tnprod.cdn.dmdsdp.com/image-service/ImagesEPG/EventImages/712__893__71289317-ac82-4493-a43c-8846d0ea0c73__B106254167.jpg"></icon><desc>Liedjes &amp; versjes,Slaaptijd,Bloemen,Hemel,Concertino</desc><category>Kinderen, Onder de 5</category></programme><programme channel="lgi-be-prod-master:babytv" start="20211227000000 +0000" stop="20211227003000 +0000" catchup-id="crid:~~2F~~2Ftelenet.be~~2F029e7ad6-f41e-4c20-b7cd-bfb45d71a29f,imi:b0690f210d5600fcf6f2de86ed32f78990456187"><title>Dromige Nachten</title><date></date><icon src="https://staticqbr-be-prod.tnprod.cdn.dmdsdp.com/image-service/ImagesEPG/EventImages/712__893__71289317-ac82-4493-a43c-8846d0ea0c73__B106254167.jpg"></icon><desc>Sterrenhemel,Bloemen,Liedjes &amp; Rijmpjes,Schemering,Vallende ster</desc><category>Kinderen, Onder de 5</category></programme><programme channel="lgi-be-prod-master:babytv" start="20211227003000 +0000" stop="20211227010000 +0000" catchup-id="crid:~~2F~~2Ftelenet.be~~2Ff322ada9-7080-4786-be81-5bda9d5f12a4,imi:f07503ec2a7e7063c2028447c96dc5f8934f5d78"><title>Maan en Sterren</title><date></date><icon src="https://staticqbr-be-prod.tnprod.cdn.dmdsdp.com/image-service/ImagesEPG/EventImages/712__893__71289317-ac82-4493-a43c-8846d0ea0c73__B106254167.jpg"></icon><desc>Liedjes &amp; versjes,Liedjes &amp; versjes,Liedjes &amp; versjes,Liedjes &amp; versjes,Liedjes &amp; versjes,Liedjes &amp; versjes,Liedjes &amp; versjes,Liedjes &amp; versjes,Liedjes &amp; versjes,Liedjes &amp; versjes,Sterrenhemel,Wooly,Hemel</desc><category>Kinderen, Onder de 5</category></programme><programme channel="lgi-be-prod-master:babytv" start="20211227010000 +0000" stop="20211227013000 +0000" catchup-id="crid:~~2F~~2Ftelenet.be~~2Fb1cea878-037f-4489-9e94-c0393fa7cb05,imi:7052d38b04671e772fe59d24c216e619cce311da"><title>BabyTV's nachtelijke melodie?n</title><date></date><icon src="https://staticqbr-be-prod.tnprod.cdn.dmdsdp.com/image-service/ImagesEPG/EventImages/712__893__71289317-ac82-4493-a43c-8846d0ea0c73__B106254167.jpg"></icon><desc>Liedjes &amp; Rijmpjes,Oceaan,Maanlicht,Welterusten,Vallende ster,Liedjes &amp; Rijmpjes,Sterrenhemel</desc><category>Kinderen, Onder de 5</category></programme><programme channel="lgi-be-prod-master:babytv" start="20211227013000 +0000" stop="20211227020000 +0000" catchup-id="crid:~~2F~~2Ftelenet.be~~2Ffeaf3542-9bda-4200-8ad3-3b8e458fff02,imi:f872d80b6e0d04b330de57913983171dba54bd51"><title>Slaap Lekker</title><date></date><icon src="https://staticqbr-be-prod.tnprod.cdn.dmdsdp.com/image-service/ImagesEPG/EventImages/712__893__71289317-ac82-4493-a43c-8846d0ea0c73__B106254167.jpg"></icon><desc>Oceaan,Slaaptijd,Schemering,Liedjes &amp; Rijmpjes,Sterrenhemel,Sterrenhemel,Bloemen</desc><category>Kinderen, Onder de 5</category></programme><programme channel="lgi-be-prod-master:babytv" start="20211227020000 +0000" stop="20211227023000 +0000" catchup-id="crid:~~2F~~2Ftelenet.be~~2F033b0420-cc27-47a1-b64f-3bc95c2ea67a,imi:c7fd319e7e76293c3d05ff0f57a16f6a1f9dc154"><title>Welterusten knuffels</title><date></date><icon src="https://staticqbr-be-prod.tnprod.cdn.dmdsdp.com/image-service/ImagesEPG/EventImages/712__893__71289317-ac82-4493-a43c-8846d0ea0c73__B106254167.jpg"></icon><desc>Schemering,Liedjes &amp; Rijmpjes,Sterrenhemel,Slaaptijd,Doe Je Ogen Dicht,Liedjes &amp; Rijmpjes,Sterrenhemel,Oceaan</desc><category>Kinderen, Onder de 5</category></programme><programme channel="lgi-be-prod-master:babytv" start="20211227023000 +0000" stop="20211227030000 +0000" catchup-id="crid:~~2F~~2Ftelenet.be~~2F254218a6-7e30-4aa5-a71b-8cbdf1a4e361,imi:907da83bbb84cd128b784fe79bb03c108c5de1ef"><title>Dromige Nachten</title><date></date><icon src="https://staticqbr-be-prod.tnprod.cdn.dmdsdp.com/image-service/ImagesEPG/EventImages/712__893__71289317-ac82-4493-a43c-8846d0ea0c73__B106254167.jpg"></icon><desc>Melkweg,Sterrenhemel,Liedjes &amp; Rijmpjes,Schemering,Welterusten,Lucht</desc><category>Kinderen, Onder de 5</category></programme><programme channel="lgi-be-prod-master:babytv" start="20211227030000 +0000" stop="20211227033000 +0000" catchup-id="crid:~~2F~~2Ftelenet.be~~2Fea87ac04-32ef-475f-89e4-f345586becbe,imi:4909a1386b9430bcd19b81d3c67aa300f3956c53"><title>Maan en Sterren</title><date></date><icon src="https://staticqbr-be-prod.tnprod.cdn.dmdsdp.com/image-service/ImagesEPG/EventImages/712__893__71289317-ac82-4493-a43c-8846d0ea0c73__B106254167.jpg"></icon><desc>Liedjes &amp; versjes,Liedjes &amp; versjes,Liedjes &amp; versjes,Liedjes &amp; versjes,Liedjes &amp; versjes,Liedjes &amp; versjes,Liedjes &amp; versjes,Liedjes &amp; versjes,Liedjes &amp; versjes,Liedjes &amp; versjes,Sterrenhemel,Wooly,Hemel</desc><category>Kinderen, Onder de 5</category></programme><programme channel="lgi-be-prod-master:babytv" start="20211227033000 +0000" stop="20211227040000 +0000" catchup-id="crid:~~2F~~2Ftelenet.be~~2Fc56ba23f-54ed-4bc0-8a35-9bc918cc5ba8,imi:929fe6be5c701b040da1dceda618d8ff28b5491c"><title>Kalmerende Geluiden</title><date></date><icon src="https://staticqbr-be-prod.tnprod.cdn.dmdsdp.com/image-service/ImagesEPG/EventImages/712__893__71289317-ac82-4493-a43c-8846d0ea0c73__B106254167.jpg"></icon><desc>Doe Je Ogen Dicht,Lucht,Schemering,Liedjes &amp; Rijmpjes,Liedjes &amp; Rijmpjes,Liedjes &amp; Rijmpjes,Liedjes &amp; Rijmpjes,Liedjes &amp; Rijmpjes,Liedjes &amp; Rijmpjes</desc><category>Kinderen, Onder de 5</category></programme><programme channel="lgi-be-prod-master:babytv" start="20211227040000 +0000" stop="20211227043000 +0000" catchup-id="crid:~~2F~~2Ftelenet.be~~2F05d79c2a-d725-41d3-8a99-343da092d153,imi:9f817b593162b92f1bd3c5b4208291c2a59b27fb"><title>Van Nacht naar Dag</title><date></date><icon src="https://staticqbr-be-prod.tnprod.cdn.dmdsdp.com/image-service/ImagesEPG/EventImages/712__893__71289317-ac82-4493-a43c-8846d0ea0c73__B106254167.jpg"></icon><desc>Liedjes &amp; versjes,Liedjes &amp; versjes,Liedjes &amp; versjes,Liedjes &amp; versjes,Liedjes &amp; versjes,Liedjes &amp; versjes,Liedjes &amp; versjes,Liedjes &amp; versjes,Wooly,Bedtijd,Concertino</desc><category>Kinderen, Onder de 5</category></programme><programme channel="lgi-be-prod-master:babytv" start="20211227043000 +0000" stop="20211227050000 +0000" catchup-id="crid:~~2F~~2Ftelenet.be~~2F1b37cbbc-494a-4900-9ee3-75b6a97a5f27,imi:b907fea5b206f69862a99d705511065986a052df"><title>Van Nacht naar Dag</title><date></date><icon src="https://staticqbr-be-prod.tnprod.cdn.dmdsdp.com/image-service/ImagesEPG/EventImages/712__893__71289317-ac82-4493-a43c-8846d0ea0c73__B106254167.jpg"></icon><desc>Liedjes &amp; Rijmpjes,Liedjes &amp; Rijmpjes,Liedjes &amp; Rijmpjes,Liedjes &amp; Rijmpjes,Liedjes &amp; Rijmpjes,Maya &amp; Yaya,Liedjes &amp; Rijmpjes,In de speelgoedwereld,Laten we Dansen,Liedjes &amp; Rijmpjes,Liedjes &amp; Rijmpjes,Stitches</desc><category>Kinderen, Onder de 5</category></programme><programme channel="lgi-be-prod-master:babytv" start="20211227050000 +0000" stop="20211227053000 +0000" catchup-id="crid:~~2F~~2Ftelenet.be~~2F0d096c5b-dfc8-4985-8283-5b4491d0f1da,imi:5f60929066b3eb708b2412b8c78d5ebab7a8dd6c"><title>Opstaan met BabyTV Vrienden</title><date></date><icon src="https://staticqbr-be-prod.tnprod.cdn.dmdsdp.com/image-service/ImagesEPG/EventImages/712__893__71289317-ac82-4493-a43c-8846d0ea0c73__B106254167.jpg"></icon><desc>Charlie en het alfabet,Liedjes &amp; versjes,De magische speeltuin van opa Joe,Beep Beep,Liedjes &amp; versjes,Victor de Verver,Liedjes &amp; versjes,Mitch Match</desc><category>Kinderen, Onder de 5</category></programme><programme channel="lgi-be-prod-master:babytv" start="20211227053000 +0000" stop="20211227060000 +0000" catchup-id="crid:~~2F~~2Ftelenet.be~~2Fb251a9e9-c663-44a7-b61f-1b263cde9650,imi:585c659f1ca0bb0bf4c10582a2556a6f42d3d325"><title>Opstaan met BabyTV Vrienden</title><date></date><icon src="https://staticqbr-be-prod.tnprod.cdn.dmdsdp.com/image-service/ImagesEPG/EventImages/712__893__71289317-ac82-4493-a43c-8846d0ea0c73__B106254167.jpg"></icon><desc>Oliver op ontdekkingsreis,Toto's peuterspeelzaal,Liedjes &amp; Rijmpjes,Gefeliciteerd met je verjaardag,Kleine Lola in de stad,Draco,Liedjes &amp; Rijmpjes,Wakker worden slaapkop</desc><category>Kinderen, Onder de 5</category></programme><programme channel="lgi-be-prod-master:babytv" start="20211227060000 +0000" stop="20211227063000 +0000" catchup-id="crid:~~2F~~2Ftelenet.be~~2Fadb41a85-66cf-49f9-a774-5b59ef5d580b,imi:987ef6138556a837a2618004d469557d44cfa339"><title>Goede Morgen uitrekken</title><date></date><icon src="https://staticqbr-be-prod.tnprod.cdn.dmdsdp.com/image-service/ImagesEPG/EventImages/712__893__71289317-ac82-4493-a43c-8846d0ea0c73__B106254167.jpg"></icon><desc>In het Dierenrijk,Tulli,Liedjes &amp; versjes,Wakker worden slaapkop,Liedjes &amp; versjes,Billy en BamBam,Liedjes &amp; versjes</desc><category>Kinderen, Onder de 5</category></programme><programme channel="lgi-be-prod-master:babytv" start="20211227063000 +0000" stop="20211227070000 +0000" catchup-id="crid:~~2F~~2Ftelenet.be~~2F023a99f6-3be4-4dd2-8e49-0a3511c0b4c3,imi:bb43b605437f0c8fef3bcd5b5fb16ed6fed66b53"><title>Goede Morgen uitrekken</title><date></date><icon src="https://staticqbr-be-prod.tnprod.cdn.dmdsdp.com/image-service/ImagesEPG/EventImages/712__893__71289317-ac82-4493-a43c-8846d0ea0c73__B106254167.jpg"></icon><desc>In het Dierenrijk,Tulli,Liedjes &amp; versjes,Wakker worden slaapkop,Liedjes &amp; versjes,Billy en BamBam,Liedjes &amp; versjes</desc><category>Kinderen, Onder de 5</category></programme><programme channel="lgi-be-prod-master:babytv" start="20211227070000 +0000" stop="20211227073000 +0000" catchup-id="crid:~~2F~~2Ftelenet.be~~2Fb1fdf820-a15e-4f2c-98ca-10cc5df7b6ec,imi:2d935a95ac3fc4a1a06da923730cbc8773e6b8de"><title>Begin je dag met BabyTV's Vrienden</title><date></date><icon src="https://staticqbr-be-prod.tnprod.cdn.dmdsdp.com/image-service/ImagesEPG/EventImages/712__893__71289317-ac82-4493-a43c-8846d0ea0c73__B106254167.jpg"></icon><desc>Wat een prachtige dag,LaLe Ki LoLu,Het circus is in de stad!,Kleine Lola brengt een bezoek aan de boerderij,BabyTV-studio's,Plakken met Pieter</desc><category>Kinderen, Onder de 5</category></programme><programme channel="lgi-be-prod-master:babytv" start="20211227073000 +0000" stop="20211227080000 +0000" catchup-id="crid:~~2F~~2Ftelenet.be~~2Fdab741c5-70d2-4644-8388-42dafe28cef3,imi:c8842d8882a369db7cd0285477b096e0db0bc41e"><title>Toto's peuterspeelzaal en andere verhalen</title><date></date><icon src="https://staticqbr-be-prod.tnprod.cdn.dmdsdp.com/image-service/ImagesEPG/EventImages/712__893__71289317-ac82-4493-a43c-8846d0ea0c73__B106254167.jpg"></icon><desc>Toto's peuterspeelzaal,Liedjes &amp; Rijmpjes,Flip &amp; Flash,Tutti Frutti,Knuffelpoppen,Big Bugs Band,Dino &amp; de jacht op eieren</desc><category>Kinderen, Onder de 5</category></programme><programme channel="lgi-be-prod-master:babytv" start="20211227080000 +0000" stop="20211227083000 +0000" catchup-id="crid:~~2F~~2Ftelenet.be~~2Fd15e5324-d7bd-4c2c-bd93-54cb2ba79a99,imi:de01e3c4537d6eb9dae871f2884552d8b41308ca"><title>Liedjes &amp; Rijmpjes</title><date></date><icon src="https://staticqbr-be-prod.tnprod.cdn.dmdsdp.com/image-service/ImagesEPG/EventImages/712__893__71289317-ac82-4493-a43c-8846d0ea0c73__B106254167.jpg"></icon><desc>Liedjes &amp; Rijmpjes,Charlie &amp; de getallen,Teeny &amp; Tiny's Klaslokaal,Liedjes &amp; Rijmpjes,Slakkenspoor,Wat een prachtige dag,Gefeliciteerd met je verjaardag,Toto's peuterspeelzaal</desc><category>Kinderen, Onder de 5</category></programme><programme channel="lgi-be-prod-master:babytv" start="20211227083000 +0000" stop="20211227090000 +0000" catchup-id="crid:~~2F~~2Ftelenet.be~~2F7c7dd5e5-4c67-4a52-8644-d16dbfe00c07,imi:f891b7b925f2c02fe9728a910bd496a70ee9be48"><title>Kunst, Activiteit &amp; Muziek Tijd</title><date></date><icon src="https://staticqbr-be-prod.tnprod.cdn.dmdsdp.com/image-service/ImagesEPG/EventImages/712__893__71289317-ac82-4493-a43c-8846d0ea0c73__B106254167.jpg"></icon><desc>De Cuddlies,Liedjes &amp; Rijmpjes,In het Dierenrijk,Lale Ki Lolu,Charlie &amp; de vormen,Kleine Lola in de stad</desc><category>Kinderen, Onder de 5</category></programme><programme channel="lgi-be-prod-master:babytv" start="20211227090000 +0000" stop="20211227093000 +0000" catchup-id="crid:~~2F~~2Ftelenet.be~~2F084a027b-d208-45b1-b070-a6a81ebe77c0,imi:8c65f94d7431227fdeac5e645ff1780e215f13b8"><title>Magische Eerste Ontdekkingen</title><date></date><icon src="https://staticqbr-be-prod.tnprod.cdn.dmdsdp.com/image-service/ImagesEPG/EventImages/712__893__71289317-ac82-4493-a43c-8846d0ea0c73__B106254167.jpg"></icon><desc>Gee-Rafa,Het circus is in de stad!,Liedjes &amp; Rijmpjes,Oliver op ontdekkingsreis,Beep Beep,Rocco,Choopies</desc><category>Kinderen, Onder de 5</category></programme><programme channel="lgi-be-prod-master:babytv" start="20211227093000 +0000" stop="20211227100000 +0000" catchup-id="crid:~~2F~~2Ftelenet.be~~2F02a9434c-4bca-453c-be50-112fedbd4da0,imi:1fd32ac19c9efac9057bd111a5dddfd9c7f1612a"><title>Verbeelding Speeltuin</title><date></date><icon src="https://staticqbr-be-prod.tnprod.cdn.dmdsdp.com/image-service/ImagesEPG/EventImages/712__893__71289317-ac82-4493-a43c-8846d0ea0c73__B106254167.jpg"></icon><desc>Choopies,HAPPY BIRTHDAY TO YOU,Tucky de Papegaai en zijn avonturen,Billy en BamBam,Momento de Grote Chef,Knuffelbare poppen,Liedjes &amp; versjes</desc><category>Kinderen, Onder de 5</category></programme><programme channel="lgi-be-prod-master:babytv" start="20211227100000 +0000" stop="20211227103000 +0000" catchup-id="crid:~~2F~~2Ftelenet.be~~2F91533a52-a7ae-498c-9fb0-e0170c0b6081,imi:d774e9322f1c471e9ead9bf7def5a70045f47b77"><title>Verkennen met BabyHood</title><date></date><icon src="https://staticqbr-be-prod.tnprod.cdn.dmdsdp.com/image-service/ImagesEPG/EventImages/712__893__71289317-ac82-4493-a43c-8846d0ea0c73__B106254167.jpg"></icon><desc>De mini-bende,Plakken met Pieter,Wat een prachtige dag,Kleine Lola brengt een bezoek aan de boerderij,BabyTV-studio's,Wakker worden slaapkop</desc><category>Kinderen, Onder de 5</category></programme><programme channel="lgi-be-prod-master:babytv" start="20211227103000 +0000" stop="20211227110000 +0000" catchup-id="crid:~~2F~~2Ftelenet.be~~2F9c0b221b-b5b6-4a0f-a6df-1b1d1b77c07b,imi:4c625bac8144d913209a7ed54ae15bc87adb1556"><title>Choopies en andere verhalen</title><date></date><icon src="https://staticqbr-be-prod.tnprod.cdn.dmdsdp.com/image-service/ImagesEPG/EventImages/712__893__71289317-ac82-4493-a43c-8846d0ea0c73__B106254167.jpg"></icon><desc>Choopies,Flip &amp; Flash,Tutti Frutti,Liedjes &amp; Rijmpjes,Knuffelpoppen,Big Bugs Band,Dino &amp; de jacht op eieren</desc><category>Kinderen, Onder de 5</category></programme><programme channel="lgi-be-prod-master:babytv" start="20211227110000 +0000" stop="20211227113000 +0000" catchup-id="crid:~~2F~~2Ftelenet.be~~2Fd15e5324-d7bd-4c2c-bd93-54cb2ba79a99,imi:55b7e19f11369be672b58dacc3b7ab93f91914f3"><title>Liedjes &amp; Rijmpjes</title><date></date><icon src="https://staticqbr-be-prod.tnprod.cdn.dmdsdp.com/image-service/ImagesEPG/EventImages/712__893__71289317-ac82-4493-a43c-8846d0ea0c73__B106254167.jpg"></icon><desc>Liedjes &amp; Rijmpjes,Charlie &amp; de getallen,Teeny &amp; Tiny's Klaslokaal,Liedjes &amp; Rijmpjes,Slakkenspoor,Wat een prachtige dag,Gefeliciteerd met je verjaardag,Toto's peuterspeelzaal</desc><category>Kinderen, Onder de 5</category></programme><programme channel="lgi-be-prod-master:babytv" start="20211227113000 +0000" stop="20211227120000 +0000" catchup-id="crid:~~2F~~2Ftelenet.be~~2F5cd758aa-c8ea-4c39-be9e-35754b5c2767,imi:405c049f68e1a7a006fe06eb8439bf39b2ba0063"><title>Kunst, Activiteit &amp; Muziek Tijd</title><date></date><icon src="https://staticqbr-be-prod.tnprod.cdn.dmdsdp.com/image-service/ImagesEPG/EventImages/712__893__71289317-ac82-4493-a43c-8846d0ea0c73__B106254167.jpg"></icon><desc>Liedjes &amp; Rijmpjes,Mona &amp; Stift,De Cuddlies,Liedjes &amp; Rijmpjes,In het Dierenrijk,Lale Ki Lolu,Charlie &amp; de vormen</desc><category>Kinderen, Onder de 5</category></programme>