<programme channel="lgi-be-prod-master:e" start="20211226230000 +0000" stop="20211227000000 +0000" catchup-id="crid:~~2F~~2Ftelenet.be~~2Ff44bbd68-0591-453a-8770-d7e15edaa67b,imi:344fff91ac28131868f4c07e93f269a820589ca7"><title>Flip It Like Disick S1</title><date></date><icon src="https://staticqbr-be-prod.tnprod.cdn.dmdsdp.com/image-service/ImagesEPG/EventImages/f14__de0__f14de018-9dd6-491e-8f14-8ef0f728ccbd__B78363348.jpg"></icon><desc></desc><category>Overig</category></programme><programme channel="lgi-be-prod-master:e" start="20211227000000 +0000" stop="20211227010000 +0000" catchup-id="crid:~~2F~~2Ftelenet.be~~2Fd0d5efc5-5a3d-47c1-a525-9af03016215c,imi:0b015d23621480d581957bfd1d0e285f416156f8"><title>Flip It Like Disick S1</title><date></date><icon src="https://staticqbr-be-prod.tnprod.cdn.dmdsdp.com/image-service/ImagesEPG/EventImages/f14__de0__f14de018-9dd6-491e-8f14-8ef0f728ccbd__B78363348.jpg"></icon><desc></desc><category>Overig</category></programme><programme channel="lgi-be-prod-master:e" start="20211227010000 +0000" stop="20211227020000 +0000" catchup-id="crid:~~2F~~2Ftelenet.be~~2F8a297fae-167a-4eb0-a1c7-9fe7a17b5b66,imi:d5794a3fd5d43942a41bbc56ff22b347bc7279a6"><title>Botched S5</title><date></date><icon src="https://staticqbr-be-prod.tnprod.cdn.dmdsdp.com/image-service/ImagesEPG/EventImages/f14__de0__f14de018-9dd6-491e-8f14-8ef0f728ccbd__B78363348.jpg"></icon><desc></desc><category>Overig</category></programme><programme channel="lgi-be-prod-master:e" start="20211227020000 +0000" stop="20211227030000 +0000" catchup-id="crid:~~2F~~2Ftelenet.be~~2Ff51cba6f-cc0f-45a6-bcf5-da9f6b784bc3,imi:bbdc77fd856ac618dfddc86a95534be2da1a2673"><title>Botched S5</title><date></date><icon src="https://staticqbr-be-prod.tnprod.cdn.dmdsdp.com/image-service/ImagesEPG/EventImages/f14__de0__f14de018-9dd6-491e-8f14-8ef0f728ccbd__B78363348.jpg"></icon><desc></desc><category>Overig</category></programme><programme channel="lgi-be-prod-master:e" start="20211227030000 +0000" stop="20211227040000 +0000" catchup-id="crid:~~2F~~2Ftelenet.be~~2Fc6491261-5257-4e96-ad1b-b965749330ef,imi:a3ff752bbd73c2793156a320e9b7b520f2e3a45b"><title>Botched S5</title><date></date><icon src="https://staticqbr-be-prod.tnprod.cdn.dmdsdp.com/image-service/ImagesEPG/EventImages/f14__de0__f14de018-9dd6-491e-8f14-8ef0f728ccbd__B78363348.jpg"></icon><desc></desc><category>Overig</category></programme><programme channel="lgi-be-prod-master:e" start="20211227040000 +0000" stop="20211227050000 +0000" catchup-id="crid:~~2F~~2Ftelenet.be~~2F363f213a-152a-4afd-83a8-c8ed7945745f,imi:b7ac6f2c96c06807055388873d35997669870bd8"><title>Botched S5</title><date></date><icon src="https://staticqbr-be-prod.tnprod.cdn.dmdsdp.com/image-service/ImagesEPG/EventImages/f14__de0__f14de018-9dd6-491e-8f14-8ef0f728ccbd__B78363348.jpg"></icon><desc></desc><category>Overig</category></programme><programme channel="lgi-be-prod-master:e" start="20211227050000 +0000" stop="20211227053000 +0000" catchup-id="crid:~~2F~~2Ftelenet.be~~2Fabc487ec-b5e4-44e4-baf9-39d2a08f8684,imi:94021ec57f0b3fb1f7eab789980bd4a295b6593e"><title>Fashion Bloggers S2</title><date></date><icon src="https://staticqbr-be-prod.tnprod.cdn.dmdsdp.com/image-service/ImagesEPG/EventImages/f14__de0__f14de018-9dd6-491e-8f14-8ef0f728ccbd__B78363348.jpg"></icon><desc>Season Two of the hit reality doco series sees a new face join the set of social media starlets as they lift the lids on their jet-set lives. Nadia Fairfax, the rising style icon behind Fairfax Journal, joins familiar blogging glitterati Amanda Shadforth (Oracle Fox), Sara Donaldson (Harper &amp; Harley), Zanita Whittington (Zanita) and Kate Waterhouse (Kate Waterhouse) - and they?re on a mission to fill Instagram feeds everywhere with ideas, inspiration and a whole heap of wardrobe envy.</desc><category>Overig</category></programme><programme channel="lgi-be-prod-master:e" start="20211227053000 +0000" stop="20211227060000 +0000" catchup-id="crid:~~2F~~2Ftelenet.be~~2F9771108e-97de-47ec-85b7-907a705346a8,imi:d78d89d696d3335af35029250601dcca7788aa45"><title>Fashion Bloggers S2</title><date></date><icon src="https://staticqbr-be-prod.tnprod.cdn.dmdsdp.com/image-service/ImagesEPG/EventImages/f14__de0__f14de018-9dd6-491e-8f14-8ef0f728ccbd__B78363348.jpg"></icon><desc>Season Two of the hit reality doco series sees a new face join the set of social media starlets as they lift the lids on their jet-set lives. Nadia Fairfax, the rising style icon behind Fairfax Journal, joins familiar blogging glitterati Amanda Shadforth (Oracle Fox), Sara Donaldson (Harper &amp; Harley), Zanita Whittington (Zanita) and Kate Waterhouse (Kate Waterhouse) - and they?re on a mission to fill Instagram feeds everywhere with ideas, inspiration and a whole heap of wardrobe envy.</desc><category>Overig</category></programme><programme channel="lgi-be-prod-master:e" start="20211227060000 +0000" stop="20211227070000 +0000" catchup-id="crid:~~2F~~2Ftelenet.be~~2F004887e5-bded-492c-9c1c-414457f01ea1,imi:131319910711c388362e9b6637440b43785b545c"><title>Keeping Up With the Kardashians</title><date></date><icon src="https://staticqbr-be-prod.tnprod.cdn.dmdsdp.com/image-service/ImagesEPG/EventImages/3f6__e93__3f6e9333-bd33-44e8-8222-23213be53df9__B180969198.jpg"></icon><desc>Amerikaanse realityreeks (2018) over het jetsetleven van de zussen Kourtney, Kim en Khloé Kardashian</desc><category>Documentaire, Reality-tv</category></programme><programme channel="lgi-be-prod-master:e" start="20211227070000 +0000" stop="20211227080000 +0000" catchup-id="crid:~~2F~~2Ftelenet.be~~2F007f1c25-4ac1-43e1-af8c-966bd8d1ecfe,imi:82413d2c0ae0128be96fd4975d68c66bb0e2b39e"><title>Keeping Up With the Kardashians</title><date></date><icon src="https://staticqbr-be-prod.tnprod.cdn.dmdsdp.com/image-service/ImagesEPG/EventImages/3f6__e93__3f6e9333-bd33-44e8-8222-23213be53df9__B180969198.jpg"></icon><desc>Amerikaanse realityreeks (2018) over het jetsetleven van de zussen Kourtney, Kim en Khloé Kardashian</desc><category>Documentaire, Reality-tv</category></programme><programme channel="lgi-be-prod-master:e" start="20211227080000 +0000" stop="20211227090000 +0000" catchup-id="crid:~~2F~~2Ftelenet.be~~2F6a510be6-96c8-40b7-bf6b-c7ee3a0fd600,imi:d8fee9b7992e266fa29fc8c4d8861ef1176f5c43"><title>WAGs Miami</title><date></date><icon src="https://staticqbr-be-prod.tnprod.cdn.dmdsdp.com/image-service/ImagesEPG/EventImages/255__56b__25556b43-0e76-4632-884a-323485517319__B147432274.jpg"></icon><desc>Realityreeks over de vrouwen en vriendinnen van bekende Amerikaanse topsporters</desc><category>Overig</category></programme><programme channel="lgi-be-prod-master:e" start="20211227090000 +0000" stop="20211227100000 +0000" catchup-id="crid:~~2F~~2Ftelenet.be~~2F52f58b97-9840-47c8-b2ac-1d7844baa01b,imi:ea463449641fd75d2333b07f6d67015535c9d397"><title>WAGs Miami</title><date></date><icon src="https://staticqbr-be-prod.tnprod.cdn.dmdsdp.com/image-service/ImagesEPG/EventImages/255__56b__25556b43-0e76-4632-884a-323485517319__B147432274.jpg"></icon><desc>Realityreeks over de vrouwen en vriendinnen van bekende Amerikaanse topsporters</desc><category>Overig</category></programme><programme channel="lgi-be-prod-master:e" start="20211227100000 +0000" stop="20211227103000 +0000" catchup-id="crid:~~2F~~2Ftelenet.be~~2Fabc487ec-b5e4-44e4-baf9-39d2a08f8684,imi:3b3946c0e15efe7d5b328a90df644961a6479b83"><title>Fashion Bloggers S2</title><date></date><icon src="https://staticqbr-be-prod.tnprod.cdn.dmdsdp.com/image-service/ImagesEPG/EventImages/f14__de0__f14de018-9dd6-491e-8f14-8ef0f728ccbd__B78363348.jpg"></icon><desc>Season Two of the hit reality doco series sees a new face join the set of social media starlets as they lift the lids on their jet-set lives. Nadia Fairfax, the rising style icon behind Fairfax Journal, joins familiar blogging glitterati Amanda Shadforth (Oracle Fox), Sara Donaldson (Harper &amp; Harley), Zanita Whittington (Zanita) and Kate Waterhouse (Kate Waterhouse) - and they?re on a mission to fill Instagram feeds everywhere with ideas, inspiration and a whole heap of wardrobe envy.</desc><category>Overig</category></programme><programme channel="lgi-be-prod-master:e" start="20211227103000 +0000" stop="20211227110000 +0000" catchup-id="crid:~~2F~~2Ftelenet.be~~2F9771108e-97de-47ec-85b7-907a705346a8,imi:3e827e6dbe95273ba055757fef7822a80c1f760a"><title>Fashion Bloggers S2</title><date></date><icon src="https://staticqbr-be-prod.tnprod.cdn.dmdsdp.com/image-service/ImagesEPG/EventImages/f14__de0__f14de018-9dd6-491e-8f14-8ef0f728ccbd__B78363348.jpg"></icon><desc>Season Two of the hit reality doco series sees a new face join the set of social media starlets as they lift the lids on their jet-set lives. Nadia Fairfax, the rising style icon behind Fairfax Journal, joins familiar blogging glitterati Amanda Shadforth (Oracle Fox), Sara Donaldson (Harper &amp; Harley), Zanita Whittington (Zanita) and Kate Waterhouse (Kate Waterhouse) - and they?re on a mission to fill Instagram feeds everywhere with ideas, inspiration and a whole heap of wardrobe envy.</desc><category>Overig</category></programme><programme channel="lgi-be-prod-master:e" start="20211227110000 +0000" stop="20211227113000 +0000" catchup-id="crid:~~2F~~2Ftelenet.be~~2F6500f19f-ce6f-4e18-b9e9-79b1c5b21bab,imi:8af1ef8269c93a0af951e01c8cdcc27c9f6b875c"><title>We Got Love Teyana &amp; Iman</title><date></date><icon src="https://staticqbr-be-prod.tnprod.cdn.dmdsdp.com/image-service/ImagesEPG/EventImages/f14__de0__f14de018-9dd6-491e-8f14-8ef0f728ccbd__B78363348.jpg"></icon><desc>Life in Atlanta is anything but quiet for pop-culture powerhouses Teyana Taylor and Iman Shumpert. In this authentically bold and unfiltered new series, triple-threat Teyana and NBA-star Iman - along with their tight-knit entourage of family and friends -take the world by storm, all while juggling music, sports, fashion, business, and most importantly, family. With unprecedented access into Teyana and Iman?s universe, you never know quite what to expect from this duo?s larger-than-life personalities, but one thing?s for sure, it?s rooted in love.</desc><category>Overig</category></programme><programme channel="lgi-be-prod-master:e" start="20211227113000 +0000" stop="20211227120000 +0000" catchup-id="crid:~~2F~~2Ftelenet.be~~2Fecd459ae-0c62-47e0-abf8-0b140909d0ee,imi:458868358a86dd9f64452363ba50603116993a50"><title>We Got Love Teyana &amp; Iman</title><date></date><icon src="https://staticqbr-be-prod.tnprod.cdn.dmdsdp.com/image-service/ImagesEPG/EventImages/f14__de0__f14de018-9dd6-491e-8f14-8ef0f728ccbd__B78363348.jpg"></icon><desc>Life in Atlanta is anything but quiet for pop-culture powerhouses Teyana Taylor and Iman Shumpert. In this authentically bold and unfiltered new series, triple-threat Teyana and NBA-star Iman - along with their tight-knit entourage of family and friends -take the world by storm, all while juggling music, sports, fashion, business, and most importantly, family. With unprecedented access into Teyana and Iman?s universe, you never know quite what to expect from this duo?s larger-than-life personalities, but one thing?s for sure, it?s rooted in love.</desc><category>Overig</category></programme>