<programme channel="lgi-be-prod-master:vtmhd" start="20211227000000 +0000" stop="20211227003000 +0000" catchup-id="crid:~~2F~~2Ftelenet.be~~2F3aa466c8-b16a-4ed6-af9d-ba83daa48a3a,imi:dfb36665991c5d65d218be22ece201d7904052db"><title>Geen Uitzending</title><date></date><icon src="https://staticqbr-be-prod.tnprod.cdn.dmdsdp.com/image-service/ImagesEPG/EventImages/912__877__9128779e-0a50-42d6-8d1d-16008ec21723__B170272309.jpg"></icon><desc>Geen uitzending.</desc><category>Overig</category></programme><programme channel="lgi-be-prod-master:vtmhd" start="20211227003000 +0000" stop="20211227044000 +0000" catchup-id="crid:~~2F~~2Ftelenet.be~~2F3aa466c8-b16a-4ed6-af9d-ba83daa48a3a,imi:e25bc8303ecb72b556c5c7a08f3b9c1bad28bccb"><title>Geen Uitzending</title><date></date><icon src="https://staticqbr-be-prod.tnprod.cdn.dmdsdp.com/image-service/ImagesEPG/EventImages/912__877__9128779e-0a50-42d6-8d1d-16008ec21723__B170272309.jpg"></icon><desc>Geen uitzending.</desc><category>Overig</category></programme><programme channel="lgi-be-prod-master:vtmhd" start="20211227044000 +0000" stop="20211227045000 +0000" catchup-id="crid:~~2F~~2Ftelenet.be~~2Fbe6c7f23-f9fe-4b64-a32b-23a70d7659c0,imi:b6c72becea4f61dc97887dc041d476c7138f00e7"><title>Brandweerman Sam</title><date></date><icon src="https://staticqbr-be-prod.tnprod.cdn.dmdsdp.com/image-service/ImagesEPG/EventImages/adc__594__adc594f7-008d-4740-986d-dd7e18af22b6__B133250026.jpg"></icon><desc>Norman Price en zijn vrienden vinden het heerlijk om te spelen, maar daardoor raken ze vaak in de problemen. Zo zitten ze vast in een brandend gebouw, kunnen ze niet meer van een hoge rotswand af of verdwalen ze in een grot. Gelukkig is de dappere Brandweerman Sam altijd in de buurt om ze te helpen.</desc><category>Kinderen, Animatie</category></programme><programme channel="lgi-be-prod-master:vtmhd" start="20211227045000 +0000" stop="20211227050000 +0000" catchup-id="crid:~~2F~~2Ftelenet.be~~2F8f6cc7b8-8309-4e73-a87f-00970e9f8480,imi:00514d792f987823e3f999c3fb8db316db807ebb"><title>De Proefknuffels</title><date></date><icon src="https://staticqbr-be-prod.tnprod.cdn.dmdsdp.com/image-service/ImagesEPG/EventImages/a13__32c__a1332c04-3397-476a-8aba-07cbec4e97e5__B141471276.jpg"></icon><desc>Professor Üfknuffel en Victoria Varkenshaas onderzoeken of schoonheid echt vanbinnen zit.</desc><category>Kinderen, Entertainment</category></programme><programme channel="lgi-be-prod-master:vtmhd" start="20211227050000 +0000" stop="20211227051000 +0000" catchup-id="crid:~~2F~~2Ftelenet.be~~2F66e13869-52ac-49bd-a5af-c31129356a83,imi:d16729e7acabbcd1fe3a1a4a6e896721b726fc02"><title>Maya!</title><date></date><icon src="https://staticqbr-be-prod.tnprod.cdn.dmdsdp.com/image-service/ImagesEPG/EventImages/9b1__5e4__9b15e474-435b-463a-9612-dac921afb2d5__B128420540.jpg"></icon><desc>Bijenwas is het beu dat de insecten van de weide in de bloemen spelen. Daarom besluit hij de bloemen toe te wijzen aan een eigenaar door een stempel te gebruiken. Maar dat stempelen loopt al snel uit de hand.</desc><category>Kinderen, Onder de 5</category></programme><programme channel="lgi-be-prod-master:vtmhd" start="20211227051000 +0000" stop="20211227051500 +0000" catchup-id="crid:~~2F~~2Ftelenet.be~~2F3371d215-431a-4c70-ac9e-8ee8a19867eb,imi:b5606df9912e4a282ad9953b43439429062b3efa"><title>Kabouter Plop</title><date></date><icon src="https://staticqbr-be-prod.tnprod.cdn.dmdsdp.com/image-service/ImagesEPG/EventImages/9b3__c24__9b3c24e5-ba0d-42f5-81ac-b115687a6093__B141346884.jpg"></icon><desc>Kinderserie met kabouterverhalen voor de allerkleinsten</desc><category>Kinderen, Onder de 5</category></programme><programme channel="lgi-be-prod-master:vtmhd" start="20211227051500 +0000" stop="20211227052000 +0000" catchup-id="crid:~~2F~~2Ftelenet.be~~2F267d9c04-326c-427f-b790-a15dd8385fc5,imi:52d09e46e17c780aeae78b8bdfec99e0dd787d3e"><title>Kabouter Plop</title><date></date><icon src="https://staticqbr-be-prod.tnprod.cdn.dmdsdp.com/image-service/ImagesEPG/EventImages/9b3__c24__9b3c24e5-ba0d-42f5-81ac-b115687a6093__B141346884.jpg"></icon><desc>Plop en Lui kunnen niet zo goed lakens opvouwen. Kwebbel en Klus weten precies hoe het moet en geven een demonstratie.</desc><category>Kinderen, Onder de 5</category></programme><programme channel="lgi-be-prod-master:vtmhd" start="20211227052000 +0000" stop="20211227054500 +0000" catchup-id="crid:~~2F~~2Ftelenet.be~~2F3bd97260-d3e4-4d1c-b423-7d5a23c1d6a7,imi:28920dfe0ebb9770a22e9e7a60789c81da3e4789"><title>Trolls: The Beat Goes On!</title><date></date><icon src="https://staticqbr-be-prod.tnprod.cdn.dmdsdp.com/image-service/ImagesEPG/EventImages/915__27c__91527c55-bda8-4adb-8231-2cb78ca0b14f__B111522365.jpg"></icon><desc>Amerikaanse animatieserie, gebaseerd op de gelijknamige musicalfilm 'Trolls'</desc><category>Kinderen, Animatie</category></programme><programme channel="lgi-be-prod-master:vtmhd" start="20211227054500 +0000" stop="20211227060500 +0000" catchup-id="crid:~~2F~~2Ftelenet.be~~2F547b225d-e81b-4341-b99b-da9e501b4606,imi:421927fcad58e55cee7755482d2209da94c82b84"><title>Lost in Oz</title><date></date><icon src="https://staticqbr-be-prod.tnprod.cdn.dmdsdp.com/image-service/ImagesEPG/EventImages/d1f__8f4__d1f8f46d-b886-4ce9-90ee-47f77b4b591d__B140436717.jpg"></icon><desc>Brits-Canadees-Amerikaanse animatieserie over het meisje Dorothy, dat samen met haar hondje Toto in het Land van Oz verzeild geraakt</desc><category>Kinderen, Animatie</category></programme><programme channel="lgi-be-prod-master:vtmhd" start="20211227060500 +0000" stop="20211227063000 +0000" catchup-id="crid:~~2F~~2Ftelenet.be~~2F8dd64e9e-dedc-4a26-8e4f-292bef8e685a,imi:f9d39c434426b95ac9ce5fba525abc9cd6929d14"><title>Spirit: Samen Vrij</title><date></date><icon src="https://staticqbr-be-prod.tnprod.cdn.dmdsdp.com/image-service/ImagesEPG/EventImages/a74__304__a743042c-1bc5-4a71-b439-c4b2ee11ed38__B130415547.jpg"></icon><desc>Amerikaanse animatieserie over de 12-jarige Lucky, die samen met haar paard Spirit en haar vriendinnen Abigail en Pru spannende avonturen beleeft</desc><category>Kinderen, Animatie</category></programme><programme channel="lgi-be-prod-master:vtmhd" start="20211227063000 +0000" stop="20211227065000 +0000" catchup-id="crid:~~2F~~2Ftelenet.be~~2F676e3528-535f-4a44-95d7-06e889503065,imi:49879eba68a519043aad3c428aaa2a28c0132e7d"><title>K3 Roller Disco</title><date></date><icon src="https://staticqbr-be-prod.tnprod.cdn.dmdsdp.com/image-service/ImagesEPG/EventImages/044__968__04496800-3b2f-455b-a91d-09b896bc0e87__B141413785.jpg"></icon><desc>Klaasje redt het leven van een kikker en wil hem bij zich houden. Volgens haar brengt hij geluk. Marthe heeft nieuwe dure glazen gekocht en doet er alles aan om die niet te breken. Hanne hecht ineens wel heel veel belang aan haar horoscoop.</desc><category>Kinderen, Entertainment</category></programme><programme channel="lgi-be-prod-master:vtmhd" start="20211227065000 +0000" stop="20211227070500 +0000" catchup-id="crid:~~2F~~2Ftelenet.be~~2Fb53d2243-a17e-41bc-97b6-e63fb724e57e,imi:dc1ffe22f7ccddf8f5a94cea7c78e3ab32f7215b"><title>De buurtpolitie - Extra</title><date></date><icon src="https://staticqbr-be-prod.tnprod.cdn.dmdsdp.com/image-service/ImagesEPG/EventImages/3b0__0bc__3b00bcaf-f2e4-410d-a7cd-84b0c72619d4__B142711934.jpg"></icon><desc>Specials van de gelijknamige scriptedrealityreeks waarin Koen en Tinneke van 'De Buurtpolitie' terugblikken op hun gekste, grappigste en spannendste avonturen</desc><category>Documentaire, Reality-tv</category></programme><programme channel="lgi-be-prod-master:vtmhd" start="20211227070500 +0000" stop="20211227072500 +0000" catchup-id="crid:~~2F~~2Ftelenet.be~~2F3f75ecc7-9562-4863-81f0-68a6c059746a,imi:eb5ca9eadc408b064f1b6a530898e3cb99e3f271"><title>De Avonturen van De Gelaarsde Kat</title><date></date><icon src="https://staticqbr-be-prod.tnprod.cdn.dmdsdp.com/image-service/ImagesEPG/EventImages/248__4f3__2484f394-acfe-4e41-96ef-fb663eecfef0__B141405770.jpg"></icon><desc>Amerikaanse animatieserie waarin de gelaarsde kat elke aflevering een spannend avontuur beleeft</desc><category>Kinderen, Animatie</category></programme><programme channel="lgi-be-prod-master:vtmhd" start="20211227072500 +0000" stop="20211227075000 +0000" catchup-id="crid:~~2F~~2Ftelenet.be~~2F60d8973c-bb73-498d-8a68-d8f7b0001760,imi:ff8f828d6d77c71163ec57218f1728367ae496cb"><title>Lang Leve Koning Julien</title><date></date><icon src="https://staticqbr-be-prod.tnprod.cdn.dmdsdp.com/image-service/ImagesEPG/EventImages/87c__9f2__87c9f2db-64e6-4d56-968d-f205a29e4d87__B107697040.jpg"></icon><desc>Animatieserie over de gekke avonturen van Koning Julien in de jungle van Madagascar</desc><category>Kinderen, Animatie</category></programme><programme channel="lgi-be-prod-master:vtmhd" start="20211227075000 +0000" stop="20211227081000 +0000" catchup-id="crid:~~2F~~2Ftelenet.be~~2F43cff79f-fc3e-4da7-a8b8-2e5a6392eb8c,imi:cd7b3184055ac283e0b13e6a32de958a4906c67a"><title>Kong - Koning van de Apen</title><date></date><icon src="https://staticqbr-be-prod.tnprod.cdn.dmdsdp.com/image-service/ImagesEPG/EventImages/c50__6cc__c506cce9-68d5-4e77-8fd9-5b43937981b7__B142621238.jpg"></icon><desc>Amerikaans-Japans-Canadese animatieserie over Kong en zijn vrienden, die de wereld proberen te redden van robotdinosaurussen</desc><category>Kinderen, Animatie</category></programme><programme channel="lgi-be-prod-master:vtmhd" start="20211227081000 +0000" stop="20211227082000 +0000" catchup-id="crid:~~2F~~2Ftelenet.be~~2Ff71dfb3a-5273-4b19-8159-68a2f38e1711,imi:50679ce348787a8b81362dc228b670f3ec770f16"><title>Het Middelbaar</title><date></date><icon src="https://staticqbr-be-prod.tnprod.cdn.dmdsdp.com/image-service/ImagesEPG/EventImages/f14__de0__f14de018-9dd6-491e-8f14-8ef0f728ccbd__B78363348.jpg"></icon><desc>Jeugdserie (2016) die verschillende thema's in beeld brengt waar leerlingen uit het eerste middelbaar mee te maken krijgen.</desc><category>Kinderen, Entertainment</category></programme><programme channel="lgi-be-prod-master:vtmhd" start="20211227082000 +0000" stop="20211227083500 +0000" catchup-id="crid:~~2F~~2Ftelenet.be~~2F6d2b07b7-a4a3-43a1-b0ce-e3c1b0416cd7,imi:6e891aa9aa03f2f423ea18752fb52e5709927e44"><title>Het Middelbaar</title><date></date><icon src="https://staticqbr-be-prod.tnprod.cdn.dmdsdp.com/image-service/ImagesEPG/EventImages/f14__de0__f14de018-9dd6-491e-8f14-8ef0f728ccbd__B78363348.jpg"></icon><desc>Jeugdserie (2016) die verschillende thema's in beeld brengt waar leerlingen uit het eerste middelbaar mee te maken krijgen.</desc><category>Kinderen, Entertainment</category></programme><programme channel="lgi-be-prod-master:vtmhd" start="20211227083500 +0000" stop="20211227085000 +0000" catchup-id="crid:~~2F~~2Ftelenet.be~~2Fff731c0f-e979-4d6c-9e6c-a6a61511f9c9,imi:bfa3ecb897b8a6a04150ccc621755a5d4d3ab5b3"><title>Loic: Zot van Koken</title><date></date><icon src="https://staticqbr-be-prod.tnprod.cdn.dmdsdp.com/image-service/ImagesEPG/EventImages/40c__6ac__40c6acbb-f5ae-4d60-8110-b3f18d371249__B154586353.jpg"></icon><desc>Culinair magazine (2020) waarin Loïc Van Impe een lekker en toegankelijk gerecht klaarmaakt</desc><category>Culinair</category></programme><programme channel="lgi-be-prod-master:vtmhd" start="20211227085000 +0000" stop="20211227105500 +0000" catchup-id="crid:~~2F~~2Ftelenet.be~~2Ff8e431b7-15ef-4ddf-b8df-32e554b4653f,imi:cccc1178d7c79773f31512940cca5756858ed3be"><title>Geen Uitzending</title><date></date><icon src="https://staticqbr-be-prod.tnprod.cdn.dmdsdp.com/image-service/ImagesEPG/EventImages/912__877__9128779e-0a50-42d6-8d1d-16008ec21723__B170272309.jpg"></icon><desc>Geen uitzending.</desc><category>Overig</category></programme><programme channel="lgi-be-prod-master:vtmhd" start="20211227105500 +0000" stop="20211227112500 +0000" catchup-id="crid:~~2F~~2Ftelenet.be~~2Fe5c71f65-8c64-4a11-a444-16f4622cbf5a,imi:1977ac875a3c1c2c37f403230c7d3174508bec94"><title>Echte verhalen: De buurtpolitie</title><date></date><icon src="https://staticqbr-be-prod.tnprod.cdn.dmdsdp.com/image-service/ImagesEPG/EventImages/08a__805__08a8052d-6806-4df9-8643-7d597225418c__B148507582.jpg"></icon><desc>Rechercheurs Eric en Brigitte zien tijdens hun patrouille een man met autopech langs de kant van de weg staan. Eric vindt dat de man zich verdacht gedraagt. Hij beslist de nummerplaat van de wagen te checken. De smartphone van Jochen is gestolen. Gelukkig had hij een app gedownload zodat kan zien waar het toestel zich bevindt. Hij overhandigt het adres aan inspecteurs Floor en Velimir.</desc><category>Documentaire, Reality-tv</category></programme><programme channel="lgi-be-prod-master:vtmhd" start="20211227112500 +0000" stop="20211227120000 +0000" catchup-id="crid:~~2F~~2Ftelenet.be~~2F9ab0829b-f5ab-4dd4-983c-a37efd2188a7,imi:cb3d57b559f085a4a4f888e1026d910fc36cd400"><title>Lisa</title><date></date><icon src="https://staticqbr-be-prod.tnprod.cdn.dmdsdp.com/image-service/ImagesEPG/EventImages/7ef__02b__7ef02b9b-3636-4d9b-93b7-49e4e3064119__B181105133.jpg"></icon><desc>Katja voelt zich schuldig en vraagt vergiffenis aan Lisa. Jonas is kwaad op Babette en maakt haar duidelijk dat ze zich niet met zijn familie moet bemoeien. Ondertussen komt er een nieuwe opdracht binnen voor Octopus. Nathan ziet het meteen zitten. Erik bekent aan Suzanne dat hij haar nog altijd graag ziet.</desc><category>Dramaseries, Romantiek</category></programme>