<programme channel="lgi-be-prod-master:ketnet" start="20211227050000 +0000" stop="20211227050500 +0000" catchup-id="crid:~~2F~~2Ftelenet.be~~2Fe2404a78-856b-4138-9945-d39d500b5749,imi:f8da565e2e14ced271f8cfb5bea53359bc1999aa"><title>Tik Tak</title><date></date><icon src="https://staticqbr-be-prod.tnprod.cdn.dmdsdp.com/image-service/ImagesEPG/EventImages/4e2__72c__4e272c28-196a-4ad9-8140-3ba8243037b0__B158704949.jpg"></icon><desc>Remake van de legendarische kleuterserie. De vaste waarden, zoals de spelende kinderen aan tafel, het drinkmannetje en het 'Tik Tak'-huisje zijn behouden, maar er zijn ook nieuwe rubrieken.</desc><category>Kinderen, Onder de 5</category></programme><programme channel="lgi-be-prod-master:ketnet" start="20211227050500 +0000" stop="20211227051000 +0000" catchup-id="crid:~~2F~~2Ftelenet.be~~2F906a6932-8aad-48ea-8e18-b8481f4b3e72,imi:7450ae92c6e71fc2a9a74c13bb004473689ce5e3"><title>Bumba en het magische wonderboek</title><date></date><icon src="https://staticqbr-be-prod.tnprod.cdn.dmdsdp.com/image-service/ImagesEPG/EventImages/357__127__357127ed-f13d-4e1e-9754-02526167a8b7__B104057959.jpg"></icon><desc>Tabachi's grote walvis tovert een walrus uit zijn sneeuwfontein ...</desc><category>Kinderen, Animatie</category></programme><programme channel="lgi-be-prod-master:ketnet" start="20211227051000 +0000" stop="20211227051500 +0000" catchup-id="crid:~~2F~~2Ftelenet.be~~2F754309d9-b8cf-45a8-a98d-903fa5845d99,imi:857a3a23de974dbc09d9e5203a1d13e3e340316d"><title>Dimitri</title><date></date><icon src="https://staticqbr-be-prod.tnprod.cdn.dmdsdp.com/image-service/ImagesEPG/EventImages/614__171__6141713b-2490-4585-9cfa-9df8c698a359__B141148271.jpg"></icon><desc>Stop-motion animatiereeks over een vogeltje dat verdwaald raakt in de Afrikaanse savanne.</desc><category>Kinderen, Onder de 5</category></programme><programme channel="lgi-be-prod-master:ketnet" start="20211227051500 +0000" stop="20211227052000 +0000" catchup-id="crid:~~2F~~2Ftelenet.be~~2Fc3220e8e-e3d1-459d-bb27-2fdcfa67adad,imi:ab0ec82d210d6b065802612b7222ce7596f26554"><title>Ollie</title><date></date><icon src="https://staticqbr-be-prod.tnprod.cdn.dmdsdp.com/image-service/ImagesEPG/EventImages/155__154__1551542f-63f7-460b-a420-bef8b964dc8d__B165765324.jpg"></icon><desc>Leuke animatiereeks over de nachtelijke avonturen van de uil Ollie en zijn vriendjes in een park middenin de stad</desc><category>Kinderen, Animatie</category></programme><programme channel="lgi-be-prod-master:ketnet" start="20211227052000 +0000" stop="20211227052500 +0000" catchup-id="crid:~~2F~~2Ftelenet.be~~2F0fe2d18d-72fc-4684-8071-89db1d3c5872,imi:da2c8e953dd9ddecddcbb451c03d0510f5d388ed"><title>Stoppeltje</title><date></date><icon src="https://staticqbr-be-prod.tnprod.cdn.dmdsdp.com/image-service/ImagesEPG/EventImages/0ec__3de__0ec3de66-199f-4a28-9645-1d28f182c8a3__B141391989.jpg"></icon><desc>Animatieserie naar de boeken van Pierre Bailly en Céline Fraipont.</desc><category>Kinderen, Onder de 5</category></programme><programme channel="lgi-be-prod-master:ketnet" start="20211227052500 +0000" stop="20211227053000 +0000" catchup-id="crid:~~2F~~2Ftelenet.be~~2Fffa310c9-af5f-49b2-9c53-f5cd3173b113,imi:e537b64ed2b525d789cdceb42665dbae5582cd38"><title>Tik Tak</title><date></date><icon src="https://staticqbr-be-prod.tnprod.cdn.dmdsdp.com/image-service/ImagesEPG/EventImages/4e2__72c__4e272c28-196a-4ad9-8140-3ba8243037b0__B158704949.jpg"></icon><desc>Remake van de legendarische kleuterserie. De vaste waarden, zoals de spelende kinderen aan tafel, het drinkmannetje en het 'Tik Tak'-huisje zijn behouden, maar er zijn ook nieuwe rubrieken.</desc><category>Kinderen, Onder de 5</category></programme><programme channel="lgi-be-prod-master:ketnet" start="20211227053000 +0000" stop="20211227054200 +0000" catchup-id="crid:~~2F~~2Ftelenet.be~~2F9b00615f-c423-4c80-91b0-0d98b36cc9cc,imi:f252e3203f88d13b6434dadad211d2955af97d25"><title>Vos en Haas</title><date></date><icon src="https://staticqbr-be-prod.tnprod.cdn.dmdsdp.com/image-service/ImagesEPG/EventImages/87b__365__87b365f0-38f9-4020-b050-a51a2a99c8b9__B157008008.jpg"></icon><desc>Nederlandse animatieserie over de avonturen van Vos &amp; Haas en hun vrienden in het bos. Gebaseerd op de boeken van Sylvia Vanden Heede en Thé Tjong Khing.</desc><category>Kinderen, Onder de 5</category></programme><programme channel="lgi-be-prod-master:ketnet" start="20211227054200 +0000" stop="20211227054500 +0000" catchup-id="crid:~~2F~~2Ftelenet.be~~2F037ffa49-1872-486f-8495-292dcbc52463,imi:aa7ed6f5b94b9a355b5b1a8a945213bfd499e9cd"><title>Sarah zingt</title><date></date><icon src="https://staticqbr-be-prod.tnprod.cdn.dmdsdp.com/image-service/ImagesEPG/EventImages/bb6__996__bb6996ad-8def-4f81-8660-30e769756c29__B177690299.jpg"></icon><desc>Sarah zingt samen met haar vriendjes de leukste kinderliedjes. Zingen jullie mee?</desc><category>Kinderen, Onder de 5</category></programme><programme channel="lgi-be-prod-master:ketnet" start="20211227054500 +0000" stop="20211227055000 +0000" catchup-id="crid:~~2F~~2Ftelenet.be~~2F7df4e32f-b51f-430c-a0d2-a4597534e71c,imi:9008975d268a20aa48a80188ebe85bdbe9be926a"><title>Kaatjes Kameraadjes</title><date></date><icon src="https://staticqbr-be-prod.tnprod.cdn.dmdsdp.com/image-service/ImagesEPG/EventImages/134__a75__134a7556-51b3-4aa6-876c-fc5f847a8763__B141392278.jpg"></icon><desc>Kaatje, Kamiel, Viktor, en Frits en Frats gaan te rade bij kinderen over allerhande problemen en vragen die met de komst van de Sint te maken hebben.</desc><category>Kinderen, Entertainment</category></programme><programme channel="lgi-be-prod-master:ketnet" start="20211227055000 +0000" stop="20211227055500 +0000" catchup-id="crid:~~2F~~2Ftelenet.be~~2F2e311c27-264b-4433-9097-cc68e4bd124e,imi:e6b8df3309fcca5ca26a708fbc96d705c4b80119"><title>Hongerige berenverhalen</title><date></date><icon src="https://staticqbr-be-prod.tnprod.cdn.dmdsdp.com/image-service/ImagesEPG/EventImages/b06__6d6__b066d66c-6f3d-4cab-bd98-c716254f5c55__B207307048.jpg"></icon><desc>Animatieserie over twee zoetbekken van beren die er alles voor over hebben om toch maar iets lekkers te kunnen eten</desc><category>Kinderen, Onder de 5</category></programme><programme channel="lgi-be-prod-master:ketnet" start="20211227055500 +0000" stop="20211227060500 +0000" catchup-id="crid:~~2F~~2Ftelenet.be~~2Fa2491e66-3220-4862-abff-7e5e37238db9,imi:31c291018c1d769cf0b9e77f359ceb2353633925"><title>Knofje</title><date></date><icon src="https://staticqbr-be-prod.tnprod.cdn.dmdsdp.com/image-service/ImagesEPG/EventImages/9db__fac__9dbfac47-fb79-4218-a07f-e5ac2d914fb1__B177690933.jpg"></icon><desc>Knofje is een eigenzinnig meisje van viereneenhalf. Ze woont met haar moeder, vader en babyzusje Elisabeth in een flat waar ze vanalles beleeft. Soms met haar buurjongen Zizou, soms met haar opa en oma Snor, waar ze graag logeert. Iedere aflevering heeft een eigen liedje.</desc><category>Kinderen, Animatie</category></programme><programme channel="lgi-be-prod-master:ketnet" start="20211227060500 +0000" stop="20211227061000 +0000" catchup-id="crid:~~2F~~2Ftelenet.be~~2Fad05e832-9c24-4305-af45-dfd015352628,imi:b880c6df4f7e574eb03189a66b6ca6b851618416"><title>Simon</title><date></date><icon src="https://staticqbr-be-prod.tnprod.cdn.dmdsdp.com/image-service/ImagesEPG/EventImages/36a__42c__36a42ca0-8e06-4afb-bf74-308e0cc1b0f2__B120711363.jpg"></icon><desc>Animatieserie over een konijnengezin waarin de brutale Simon met zijn jonge broertje Casper zonder angst alle (herkenbare) dagelijkse problemen en uitdagingen probeert te overwinnen.</desc><category>Kinderen, Animatie</category></programme><programme channel="lgi-be-prod-master:ketnet" start="20211227061000 +0000" stop="20211227061500 +0000" catchup-id="crid:~~2F~~2Ftelenet.be~~2Fb073b465-fdc8-4207-b448-f26739599544,imi:c6e255a0862cc3a64b44d584ddc52ad80b88b662"><title>Sarah knutselt</title><date></date><icon src="https://staticqbr-be-prod.tnprod.cdn.dmdsdp.com/image-service/ImagesEPG/EventImages/ab2__c7b__ab2c7ba1-a811-429d-9faa-e556ee310c6e__B177690115.jpg"></icon><desc>Sarah knutselt samen met haar vriendjes de leukste knutselwerkjes. Knutselen jullie mee?</desc><category>Kinderen, Onder de 5</category></programme><programme channel="lgi-be-prod-master:ketnet" start="20211227061500 +0000" stop="20211227062500 +0000" catchup-id="crid:~~2F~~2Ftelenet.be~~2Fa75a6b30-04f8-45e0-ab24-dd5e96e1ff77,imi:22e834b6101dc9d9b772b0252a7d922c4b5abf0f"><title>Wolfje's verhalen</title><date></date><icon src="https://staticqbr-be-prod.tnprod.cdn.dmdsdp.com/image-service/ImagesEPG/EventImages/4b1__03d__4b103d6d-27a8-4b2e-9c41-3f5469ccfdc5__B106254933.jpg"></icon><desc>Animatiereeks over de avonturen vzn Wolfje</desc><category>Kinderen, Animatie</category></programme><programme channel="lgi-be-prod-master:ketnet" start="20211227062500 +0000" stop="20211227063000 +0000" catchup-id="crid:~~2F~~2Ftelenet.be~~2F63e3ec4d-769d-4751-bcde-fac38524ca8a,imi:3639f58b28d2063f15f4c69ffb7985dc26f560e0"><title>Meneer Papier</title><date></date><icon src="https://staticqbr-be-prod.tnprod.cdn.dmdsdp.com/image-service/ImagesEPG/EventImages/e10__deb__e10debfc-1d91-43b9-acbe-de00a333e657__B209689281.jpg"></icon><desc>Cut-out animatiereeks waarin meneer Papier met schaar en papier zijn eigen wereld maakt vol fantasie. Gebaseerd op de boeken van Elvis Peeters en Gerda Dendooven.</desc><category>Kinderen, Animatie</category></programme><programme channel="lgi-be-prod-master:ketnet" start="20211227063000 +0000" stop="20211227063500 +0000" catchup-id="crid:~~2F~~2Ftelenet.be~~2F57145ff6-46fd-421c-992e-e3fc0f3eaaff,imi:6b726f15f04fc30fb61db118e6ff8a6bfa14594d"><title>Opa</title><date></date><icon src="https://staticqbr-be-prod.tnprod.cdn.dmdsdp.com/image-service/ImagesEPG/EventImages/eea__5b5__eea5b590-63b1-4727-b22a-cac8c17c1e93__B208766157.jpg"></icon><desc>Beleef samen met Arthur en Frida zotte avonturen met bananen, dino's, eenhoorns...</desc><category>Kinderen, Entertainment</category></programme><programme channel="lgi-be-prod-master:ketnet" start="20211227063500 +0000" stop="20211227070000 +0000" catchup-id="crid:~~2F~~2Ftelenet.be~~2F00143194-b8dd-4c8c-b70f-fedeb3995188,imi:8cf0bb08ef005aad485ca3ace268fe55df370485"><title>Operatie Kerstman</title><date></date><icon src="https://staticqbr-be-prod.tnprod.cdn.dmdsdp.com/image-service/ImagesEPG/EventImages/1fc__e00__1fce00fc-032c-4b0c-89e9-1386ca9c7368__B210971701.jpg"></icon><desc>De achtjarige William slijt zijn dagen in eenzaamheid in het landhuis van zijn steenrijke ouders. Hij is gewend alles te krijgen wat hij maar wil, en vraagt als kerstcadeau niets minder dan de Kerstman zelf. De vader van William wil de wens van zijn zoon inwilligen en neemt een vermaard jager onder de arm. De gewetenloze huurling zet een val uit voor zijn bijzondere prooi. Zal de ondoordachte wens van William een eind maken aan de magie van kerst?</desc><category>Film</category></programme><programme channel="lgi-be-prod-master:ketnet" start="20211227070000 +0000" stop="20211227071500 +0000" catchup-id="crid:~~2F~~2Ftelenet.be~~2F42c52ed4-77ba-4e49-8a00-50f403fe3618,imi:8e9affddf89dd6b2b80b5ef9894c99b791db607c"><title>De Hoppers</title><date></date><icon src="https://staticqbr-be-prod.tnprod.cdn.dmdsdp.com/image-service/ImagesEPG/EventImages/779__6f7__7796f712-2e3a-4bf9-859f-8f2081d61aa3__B161860896.jpg"></icon><desc>Arno en Mo willen Esra een hart onder de riem steken. Esra wil zo graag naar een toverschool, maar zal dat ooit lukken? De twee jongens bedenken een plan. Ze laten Esra geloven dat ze toegelaten is aan de Boma Toverschool. Daria en Esra hebben meteen door dat Arno en Mo hierachter zitten en besluiten het spel mee te spelen. Ze laten de twee geloven dat Esra Daria in een kikker heeft omgetoverd. Arno en Mo zijn in paniek en voelen zich schuldig. Hoe krijgen ze Daria ooit terug?</desc><category>Kinderen, Entertainment</category></programme><programme channel="lgi-be-prod-master:ketnet" start="20211227071500 +0000" stop="20211227073000 +0000" catchup-id="crid:~~2F~~2Ftelenet.be~~2F9715431e-d90f-4b61-bed0-15fd48676a2e,imi:ad6b63515e95739f1aa3a03436304a9ac7bc9f11"><title>Ik u ook</title><date></date><icon src="https://staticqbr-be-prod.tnprod.cdn.dmdsdp.com/image-service/ImagesEPG/EventImages/5fb__162__5fb162ff-5d44-4b09-9090-8dee6459e779__B179484891.jpg"></icon><desc>Lou wil een documentaire maken over haar pa en beslist hem stiekem te filmen. Cas is het beu dat Mel al haar rommel laat rondslingeren. Ze besluiten het appartement in twee te verdelen: het land van de sloddervos en het land van de seut.</desc><category>Kinderen, Entertainment</category></programme><programme channel="lgi-be-prod-master:ketnet" start="20211227073000 +0000" stop="20211227090000 +0000" catchup-id="crid:~~2F~~2Ftelenet.be~~2F1058772f-5c4d-4ebf-9f72-7bf191508c1e,imi:480705208d8c47af732bcf57759efb82e027ae50"><title>Nachtwacht: De poort der zielen</title><date>2018</date><icon src="https://staticqbr-be-prod.tnprod.cdn.dmdsdp.com/image-service/ImagesEPG/EventImages/aa4__3a0__aa43a0b8-68dd-4cde-bff1-0e75c9a67208__B145695933.jpg"></icon><desc>De bewoners van het pittoreske Schemermeer maken zich op voor een groot dorpsfeest. Vladimir, Wilko en Keelin, de leden van de Nachtwacht, hebben extra reden tot feesten want hun vriend en mentor Vega mag eindelijk uit zijn boek komen. Maar de vreugde is van korte duur want de drie helden krijgen slecht nieuws te horen. Iemand van hen zal immers de Nachtwacht moeten verlaten. Ondertussen beraamt de opperdemon Nemmeza snode plannen om alleenheerser te worden over alle werelden. Zal de Nachtwacht sterk genoeg zijn om dit duistere wezen tijdig te stoppen?</desc><category>Film, Kids en familie</category></programme><programme channel="lgi-be-prod-master:ketnet" start="20211227090000 +0000" stop="20211227092500 +0000" catchup-id="crid:~~2F~~2Ftelenet.be~~2Fc5ca062d-1f0b-4ae9-9efa-29d0ff90d2de,imi:50353e35d74b5edc228ef711210595eaf57ddab2"><title>Nachtwacht</title><date></date><icon src="https://staticqbr-be-prod.tnprod.cdn.dmdsdp.com/image-service/ImagesEPG/EventImages/112__7d2__1127d2a2-82af-4474-bbb6-d4d2ae19f5fa__B78011485.jpg"></icon><desc>Brik vindt een gigantische voetafdruk in Schemermeer na het snoeien van struiken. Hij is ervan overtuigd dat deze echt is, maar de rest van het dorp lacht het weg. Buiten de Nachtwacht dan, want die vermoeden dat er meer aan de hand is.</desc><category>Jeugdcultuur</category></programme><programme channel="lgi-be-prod-master:ketnet" start="20211227092500 +0000" stop="20211227102000 +0000" catchup-id="crid:~~2F~~2Ftelenet.be~~2F8ac797f5-580b-45fb-87cb-5a750bde4bd5,imi:17862e2a653caf007d6b95d7801c93d0addfd384"><title>De Blacklist: compilatie</title><date></date><icon src="https://staticqbr-be-prod.tnprod.cdn.dmdsdp.com/image-service/ImagesEPG/EventImages/a8e__803__a8e803cb-798d-4789-a182-c373b2e13234__B155804054.jpg"></icon><desc>Noach en Mateo zijn ambitieuze mannen. Ze willen graag een skipiste in hun eigen straat, een die uit hun slaapkamer vertrekt. Klein probleempje...geen van beide kan skiën. Tom to the rescue. Maar kan hij wel skiën?</desc><category>Kinderen, Entertainment</category></programme><programme channel="lgi-be-prod-master:ketnet" start="20211227102000 +0000" stop="20211227102500 +0000" catchup-id="crid:~~2F~~2Ftelenet.be~~2F34b6423d-6746-4262-bb3f-7ae28d1405b3,imi:475f262f3446602b4fa16187b15a59d63edadcd1"><title>Grizzy &amp; the Lemmings</title><date></date><icon src="https://staticqbr-be-prod.tnprod.cdn.dmdsdp.com/image-service/ImagesEPG/EventImages/29b__c91__29bc91e2-1aef-4b4b-b491-e9461aa65ad5__B141024573.jpg"></icon><desc>Grizzy wil niets liever dan rustig wonen in het huis van de boswachter, maar helaas heeft hij geen rekening gehouden met de streken die de Lemmingen uithalen.</desc><category>Kinderen, Animatie</category></programme><programme channel="lgi-be-prod-master:ketnet" start="20211227102500 +0000" stop="20211227105000 +0000" catchup-id="crid:~~2F~~2Ftelenet.be~~2Ffea5c10f-90ce-4d4b-b5d3-313914165135,imi:12644ef8ee0a87589f9b591a4d4125f681816353"><title>Helden</title><date></date><icon src="https://staticqbr-be-prod.tnprod.cdn.dmdsdp.com/image-service/ImagesEPG/EventImages/f3b__fde__f3bfde87-b445-4432-ba97-7802c2203e5c__B141394861.jpg"></icon><desc>Spannend programma waarin vier waaghalzen hun krachten bundelen om de meest waanzinnige ideeën werkelijkheid te laten worden. Sieg, Dempsey, Nico en Maureen zijn dan ook helden in hart en nieren</desc><category>Kinderen, Entertainment</category></programme><programme channel="lgi-be-prod-master:ketnet" start="20211227105000 +0000" stop="20211227110000 +0000" catchup-id="crid:~~2F~~2Ftelenet.be~~2Fa127b1bc-80f9-490c-a286-18a1bd002241,imi:0c80054eeef6d7fcbbfa48f0d7583b6ba780ffd4"><title>De week van Karrewiet met VGT</title><date></date><icon src="https://staticqbr-be-prod.tnprod.cdn.dmdsdp.com/image-service/ImagesEPG/EventImages/97f__a88__97fa88d3-5396-44d2-bfbf-91cbaa06186c__B136361442.jpg"></icon><desc>Weekoverzicht van dit infomagazine voor de jeugd, getolkt in Vlaamse Gebarentaal (VGT). Ook beschikbaar op Ketnet.be, via de KetnetVideo-app en via Net gemist.</desc><category>Kinderen, Educatie</category></programme><programme channel="lgi-be-prod-master:ketnet" start="20211227110000 +0000" stop="20211227111500 +0000" catchup-id="crid:~~2F~~2Ftelenet.be~~2Fe6400c8e-c527-4650-b632-8364d7a5b6d6,imi:72e127dfe38c8cc3111880125c9d27ab17b09ccf"><title>W817</title><date></date><icon src="https://staticqbr-be-prod.tnprod.cdn.dmdsdp.com/image-service/ImagesEPG/EventImages/7bd__5e0__7bd5e017-070d-44f9-8c5a-9f54810498a7__B141117714.jpg"></icon><desc>Toms artikel over de riolen is een succes. Maar hij ontdekt dat zijn artikel door iemand is herschreven. Kim wil Tom betalen als hij haar opstel schrijft. Steve lijkt sprekend op de robotfoto van de aanrander in het park.</desc><category>Sitcoms</category></programme><programme channel="lgi-be-prod-master:ketnet" start="20211227111500 +0000" stop="20211227113000 +0000" catchup-id="crid:~~2F~~2Ftelenet.be~~2F2043ea73-b93e-4d8d-bb1f-a3be3ada010a,imi:f76c558129274c97846a6eb25a99e1f46612533d"><title>W817</title><date></date><icon src="https://staticqbr-be-prod.tnprod.cdn.dmdsdp.com/image-service/ImagesEPG/EventImages/7bd__5e0__7bd5e017-070d-44f9-8c5a-9f54810498a7__B141117714.jpg"></icon><desc>Steve zit opgesloten in de gevangenis. Zoë heeft haar nieuwe vriend Foppe meegebracht. Akke mist Maaike, maar samen met Carlo voert hij het TBM-plan uit.</desc><category>Sitcoms</category></programme><programme channel="lgi-be-prod-master:ketnet" start="20211227113000 +0000" stop="20211227115500 +0000" catchup-id="crid:~~2F~~2Ftelenet.be~~2F7e5f9117-4978-4596-a1f6-c543dc5ee3b7,imi:b1ea4a8bbc5c6d2f2b72f1fd2b6e2b1334829e5b"><title>Holly Hobbie</title><date></date><icon src="https://staticqbr-be-prod.tnprod.cdn.dmdsdp.com/image-service/ImagesEPG/EventImages/e35__4ea__e354ea8d-ae6a-4d9d-89dc-9a3d904ac847__B168786461.jpg"></icon><desc>De 13-jarige singer-songwriter Holly Hobbie, droomt ervan om de wereld te verbeteren. Gebaseerd op de gelijknamige meisjesfiguur van schrijfster en illustratrice Denise Holly Hobbie-Ulinskas.</desc><category>Jeugdcultuur</category></programme><programme channel="lgi-be-prod-master:ketnet" start="20211227115500 +0000" stop="20211227120500 +0000" catchup-id="crid:~~2F~~2Ftelenet.be~~2F8163e84a-32a9-4fb9-b1fa-ab9036891e9e,imi:0ac184c61944caa52cf88de2581dfeeb7bc315d1"><title>Arthur en de kinderen van de ronde tafel</title><date></date><icon src="https://staticqbr-be-prod.tnprod.cdn.dmdsdp.com/image-service/ImagesEPG/EventImages/075__829__07582992-0fcc-4034-af96-5ba4b387e552__B165830220.jpg"></icon><desc>Animatieserie over de avonturen van de schildknaap Arthur en zijn vrienden in de middeleeuwen</desc><category>Kinderen, Animatie</category></programme>