<programme channel="lgi-be-prod-master:bbc2" start="20211226230000 +0000" stop="20211227011000 +0000" catchup-id="crid:~~2F~~2Ftelenet.be~~2Fe1549860-e4b8-4bb2-91bb-aa101d16ab3d-eng,imi:fe1138ab25356339d29a6d852b4a4b273d86c0fc"><title>Tina Live!</title><date></date><icon src="https://staticqbr-be-prod.tnprod.cdn.dmdsdp.com/image-service/ImagesEPG/EventImages/293__008__29300878-5b0d-4e02-8cd2-3d5286c41325__B77556188.jpg"></icon><desc>Een concert van Tina Turner in Arnhem in 2009 als onderdeel van haar 50e jubileumtournee, waarbij ze 90 shows gaf in meer dan 40 verschillende steden in Noord-Amerika en Europa in 2008 en 2009. De set bevat een aantal van Tina's meest geliefde nummers, waaronder 'The Best', 'What's Love Got to Do With It' en 'Proud Mary'.</desc><category>Vrije tijd, Showbiz</category></programme><programme channel="lgi-be-prod-master:bbc2" start="20211227011000 +0000" stop="20211227025000 +0000" catchup-id="crid:~~2F~~2Ftelenet.be~~2F5562f88c-4895-4b81-bda7-d991b20d8b32-eng,imi:a3f45d5ab8134c37caee92c2a35f81e0ab74d24c"><title>Mr. Holmes</title><date>2015</date><icon src="https://staticqbr-be-prod.tnprod.cdn.dmdsdp.com/image-service/ImagesEPG/EventImages/65a__dc0__65adc0c7-9949-424a-9baf-37ac489096a2__B67957508.jpg"></icon><desc>1947. De nu 93-jarige Sherlock Holmes woont met zijn huishoudster en haar zoon in een afgelegen boerderijtje in Sussex, waar hij honingbijen houdt, in een dagboek schrijft en worstelt met zijn verminderde geheugen. Maar in deze nadagen van zijn leven blijft Holmes gefascineerd door een onopgeloste zaak rond een prachtige, jonge vrouw, en stelt hij zich vragen over leven, liefde en de grenzen van de geest om iets wel of niet zeker te weten.</desc><category>Film, Drama</category></programme><programme channel="lgi-be-prod-master:bbc2" start="20211227025000 +0000" stop="20211227040500 +0000" catchup-id="crid:~~2F~~2Ftelenet.be~~2Fb0ee9abd-5b21-4e45-991f-e775697a5f02-eng,imi:0f49cd51be0413eaccff704e95405a79d24776d2"><title>Strictly Come Dancing Christmas Special</title><date></date><icon src="https://staticqbr-be-prod.tnprod.cdn.dmdsdp.com/image-service/ImagesEPG/EventImages/21e__afa__21eafa3c-8956-4792-b20c-ae3bb5a98914__B134325338.jpg"></icon><desc>Tess Daly and Claudia Winkleman host a special festive edition of the show, which sees Jay Blades, Fred Sirieix, Mel Giedroyc, Moira Stuart, Anne-Marie and Adrian Chiles taking to the floor to impress judges Craig Revel Horwood, Shirley Ballas, Motsi Mabuse and Anton Du Beke. The contestants will also be taking part in a group routine alongside the professional dancers, and there will be musical performances from guests Jamie Cullum, Gary Barlow and Sheridan Smith</desc><category>Vrije tijd, Showbiz</category></programme><programme channel="lgi-be-prod-master:bbc2" start="20211227040500 +0000" stop="20211227061500 +0000" catchup-id="crid:~~2F~~2Ftelenet.be~~2Fbb97c2ba-5543-4608-8c87-b248f16c51df-eng,imi:5a2afd7c99dbf348f5ecf95de270d47778bb0b3a"><title>This Is BBC Two</title><date></date><icon src="https://staticqbr-be-prod.tnprod.cdn.dmdsdp.com/image-service/ImagesEPG/EventImages/5f6__d84__5f6d8486-b3fd-4c64-b752-95ffcc2c895e__B110117171.jpg"></icon><desc>Magazine met een voorbeschouwing van programma's</desc><category>Nieuws, Actualiteitenprogramma's</category></programme><programme channel="lgi-be-prod-master:bbc2" start="20211227061500 +0000" stop="20211227064500 +0000" catchup-id="crid:~~2F~~2Ftelenet.be~~2Fe04569de-e5f9-4f5b-a988-a972afa8dfe3-eng,imi:4e4d6294fa82320c273b85febe3623c97708c116"><title>Mary Berry - Love to Cook</title><date></date><icon src="https://staticqbr-be-prod.tnprod.cdn.dmdsdp.com/image-service/ImagesEPG/EventImages/8a5__7d1__8a57d11c-0bb2-45ec-a30e-44884b078800__B106258281.jpg"></icon><desc>Mary cooks four recipes that prove watching the pennies does not mean having to sacrifice on flavour. They include a crab courgetti spaghetti dish that uses tinned fish at a fraction of the cost of fresh. Plus, a spinach filo swirl demonstrates an inventive way of stretching six sausages to feed the family. Last in the series</desc><category>Culinair</category></programme><programme channel="lgi-be-prod-master:bbc2" start="20211227064500 +0000" stop="20211227071500 +0000" catchup-id="crid:~~2F~~2Ftelenet.be~~2Ff1db1dec-b030-4d28-9b28-8e5c840be542-eng,imi:ed17f2927008fcaa87a03994fc9b22607e101910"><title>Between the Covers</title><date></date><icon src="https://staticqbr-be-prod.tnprod.cdn.dmdsdp.com/image-service/ImagesEPG/EventImages/0d0__873__0d08738b-bf8d-4751-8924-56bdc91233dd__B209261410.jpg"></icon><desc>Sara Cox krijgt het gezelschap van Radio 1-dj Greg James, actrice Imogen Stubbs, zangeres Fleur East en komiek Lloyd Griffith. Ze delen hun favoriete boeken en bespreken de twee boekenclubkeuzes van deze week, namelijk 'Sankofa' van Chibundu Onuzo en 'The Secret Scripture' van Sebastian Barry.</desc><category>Documentaire, Kunst</category></programme><programme channel="lgi-be-prod-master:bbc2" start="20211227071500 +0000" stop="20211227081500 +0000" catchup-id="crid:~~2F~~2Ftelenet.be~~2F93a6d2ea-2615-4707-945d-2af6a486f97c-eng,imi:5962ad9d8302bd52b96a4e5eaed4b8717655dc3f"><title>Our Wild Adventures</title><date></date><icon src="https://staticqbr-be-prod.tnprod.cdn.dmdsdp.com/image-service/ImagesEPG/EventImages/69a__201__69a20120-e71e-4c92-929d-5fe6493645fc__B160043378.jpg"></icon><desc>Gordon Buchanan blikt terug op zijn jaar in de bossen van Minnesota, waar hij een familie van Amerikaanse zwarte beren beter leerde kennen. Chris Packham herinnert zich het magische moment toen een potvis uit het niets opdook naast zijn boot, en die keer dat hij iets te dicht kwam bij het blaasgat van een grijze walvis. Liz Bonnin vertelt hoe ze alligators filmde in Florida tijdens het broedseizoen.</desc><category>Documentaire, Oude culturen</category></programme><programme channel="lgi-be-prod-master:bbc2" start="20211227081500 +0000" stop="20211227091500 +0000" catchup-id="crid:~~2F~~2Ftelenet.be~~2F4e3b9350-874a-4e6a-a74e-50f23a255727-eng,imi:941a8c44bc17fc7859f5c9400c1bea2980ef7c18"><title>Cheetah Family and Me</title><date></date><icon src="https://staticqbr-be-prod.tnprod.cdn.dmdsdp.com/image-service/ImagesEPG/EventImages/bc8__367__bc836783-c15d-43f9-a9d9-ab8aff92d28d__B200069369.jpg"></icon><desc>De cheeta is het snelste landroofdier op aarde, maar in deze adembenemende documentaire laat natuurfilmer Gordon Buchanan een kwetsbaardere kant zien van deze ontzagwekkende katachtige. Zijn aanpak is uniek te noemen: hij volgt de Zuid-Afrikaanse cheetafamilies te voet. Van dichtbij ziet hij de emotionele, zinderende strijd die ze moeten leveren om zowel natuurlijke als door de mens veroorzaakte gevaren in de spectaculaire Kalahari te bezweren.</desc><category>Documentaire, Natuur</category></programme><programme channel="lgi-be-prod-master:bbc2" start="20211227091500 +0000" stop="20211227100500 +0000" catchup-id="crid:~~2F~~2Ftelenet.be~~2F4c32ea5f-9044-46b4-87ad-27d6388a29cf-eng,imi:3cc6e368d179b23bc26095cb095e7540cfd7f6db"><title>Musicals: Talking Pictures</title><date></date><icon src="https://staticqbr-be-prod.tnprod.cdn.dmdsdp.com/image-service/ImagesEPG/EventImages/69a__201__69a20120-e71e-4c92-929d-5fe6493645fc__B160043378.jpg"></icon><desc>The story of the Hollywood musical, using interviews with stars from the genre's golden age, as well as some of the directors and songwriters who helped create them. Among the big names remembering their experiences are Fred Astaire, Gene Kelly, Julie Andrews, Rex Harrison, Barbra Streisand, Liza Minnelli and Judy Garland, while the films under discussion include Singin' in the Rain, On the Town, My Fair Lady, Funny Girl and The Sound of Music</desc><category>Documentaire, Oude culturen</category></programme><programme channel="lgi-be-prod-master:bbc2" start="20211227100500 +0000" stop="20211227125500 +0000" catchup-id="crid:~~2F~~2Ftelenet.be~~2Fb19b5f58-3f0d-4958-913e-902fc4f70591-eng,imi:3c51383df517934f5b5356b1207b106dee8bb7b7"><title>A Star Is Born</title><date>1954</date><icon src="https://staticqbr-be-prod.tnprod.cdn.dmdsdp.com/image-service/ImagesEPG/EventImages/a07__c04__a07c0492-3047-4ee8-983c-82c2eaa91187__B69006261.jpg"></icon><desc>Norman Maine, een bekende acteur met een drankprobleem, besluit een aankomende, jonge zangeres te helpen nadat hij haar horen zingen heeft. Hij bezorgt haar de hoofdrol in een grote musical. De twee leren elkaar beter kennen en later trouwen ze. Maar terwijl zij steeds succesvoller wordt, gaat het met zijn carrière duidelijk bergaf.</desc><category>Film</category></programme>