<programme channel="lgi-be-prod-master:c8" start="20211226233000 +0000" stop="20211227050000 +0000" catchup-id="crid:~~2F~~2Ftelenet.be~~2F60733b13-42b7-492d-9851-5e1c7aa00542-fre,imi:6f2561cffd54a797e308ea3257470a51137ddf74"><title>Nachtprogramma's</title><date></date><icon src="https://staticqbr-be-prod.tnprod.cdn.dmdsdp.com/image-service/ImagesEPG/EventImages/277__c09__277c0973-34e1-4644-ad64-eac7b336188a__B169762966.jpg"></icon><desc>restprogramma in loop</desc><category>Actualiteit</category></programme><programme channel="lgi-be-prod-master:c8" start="20211227050000 +0000" stop="20211227053000 +0000" catchup-id="crid:~~2F~~2Ftelenet.be~~2F7a278884-16a9-4281-a7d8-eac79444db8a-fre,imi:c53d6eafe527506776747d51c47d611034ba4f04"><title>Gym direct</title><date></date><icon src="https://staticqbr-be-prod.tnprod.cdn.dmdsdp.com/image-service/ImagesEPG/EventImages/c9d__cf2__c9dcf21e-5883-44b3-9bd7-c06c0d8b6ba2__B106320892.jpg"></icon><desc>De nouvelles personnalités invitées et toujours autant de vitalité incarnée par Sandrine Arcizet et son équipe de coachs du lundi au vendredi.</desc><category>Sport</category></programme><programme channel="lgi-be-prod-master:c8" start="20211227053000 +0000" stop="20211227060000 +0000" catchup-id="crid:~~2F~~2Ftelenet.be~~2F812d1326-f630-4e50-89a1-9fcb6554a8bf-fre,imi:4246c60484832c479c1becfb103d0c08888cf419"><title>Gym direct</title><date></date><icon src="https://staticqbr-be-prod.tnprod.cdn.dmdsdp.com/image-service/ImagesEPG/EventImages/c9d__cf2__c9dcf21e-5883-44b3-9bd7-c06c0d8b6ba2__B106320892.jpg"></icon><desc>De nouvelles personnalités invitées et toujours autant de vitalité incarnée par Sandrine Arcizet et son équipe de coachs du lundi au vendredi.</desc><category>Sport</category></programme><programme channel="lgi-be-prod-master:c8" start="20211227060000 +0000" stop="20211227080000 +0000" catchup-id="crid:~~2F~~2Ftelenet.be~~2F3b3b0b0d-3944-436e-a61f-7c97647d0ec4-fre,imi:0c18154254960ccc14a61bfafeac54f8da6bfddf"><title>Télé-achat</title><date></date><icon src="https://staticqbr-be-prod.tnprod.cdn.dmdsdp.com/image-service/ImagesEPG/EventImages/84a__d6f__84ad6fbd-5270-45d4-ba6f-0ca3ed6793ba__B105941316.jpg"></icon><desc>Un magazine pour le consommateur qui fait découvrir son choix des promotions quotidiennes et une sélection des meilleures ventes. Découvrez les meilleurs produits à des prix imbattables.</desc><category>Vrije tijd, Shoppen</category></programme><programme channel="lgi-be-prod-master:c8" start="20211227080000 +0000" stop="20211227081000 +0000" catchup-id="crid:~~2F~~2Ftelenet.be~~2F149f3eb2-303e-476c-a3ad-eaa60e1cf70c-fre,imi:7ea309498c5573ed94b89ae9fd0b7452c0152c73"><title>Le JT</title><date></date><icon src="https://staticqbr-be-prod.tnprod.cdn.dmdsdp.com/image-service/ImagesEPG/EventImages/f14__de0__f14de018-9dd6-491e-8f14-8ef0f728ccbd__B78363348.jpg"></icon><desc>Un rendez-vous d'information synthétique, pour comprendre le monde et les enjeux du moment. Un décodage moderne de l'actualité en quinze minutes d'infos denses et pédagogiques.</desc><category>Nieuws, Weer</category></programme><programme channel="lgi-be-prod-master:c8" start="20211227081000 +0000" stop="20211227095500 +0000" catchup-id="crid:~~2F~~2Ftelenet.be~~2F11247a71-68c4-4466-9cc7-88d8161fea5b-fre,imi:cbce3726a9b0d1ca85fa0c60e6eed44ffc7752d8"><title>I'll Be Home for Christmas</title><date>1998</date><icon src="https://staticqbr-be-prod.tnprod.cdn.dmdsdp.com/image-service/ImagesEPG/EventImages/268__9ba__2689ba98-d387-45d9-8794-edd96e03c0da__B49891178.jpg"></icon><desc>Jake voelt er sinds de dood van zijn moeder niet veel meer voor om kerst samen met zijn vader thuis in New York door te brengen. Hij zoekt samen met zijn vriendin tijdens deze periode dan ook meestal warmere oorden op, ook al is dat meer een excuus om vooral niet naar huis te moeten gaan. Deze keer heeft zijn vader hem echter een Porsche beloofd indien hij voor kerstavond 18.00 uur in het ouderlijke huis verschijnt, en dat verandert de zaak natuurlijk. Dat is echter buiten zijn jolige vrienden gerekend die hem, verkleed als kerstman, midden in de woestijn droppen. Op de helse tocht naar huis, waar zijn nagelnieuwe auto en zijn vriendin op hem wachten, leert Jake de ware betekenis van Kerstmis kennen.</desc><category>Film, Kids en familie</category></programme><programme channel="lgi-be-prod-master:c8" start="20211227095500 +0000" stop="20211227114000 +0000" catchup-id="crid:~~2F~~2Ftelenet.be~~2Fc05ed1a5-3d7c-446a-a241-5ab3c9bfd5ad-fre,imi:917534097c324ba1f0f585f9e68ce6ddf788406e"><title>It's Christmas, Carol !</title><date>2012</date><icon src="https://staticqbr-be-prod.tnprod.cdn.dmdsdp.com/image-service/ImagesEPG/EventImages/3ad__c10__3adc10d5-5bd3-471f-a2fc-6dc8f7796958__B49891171.jpg"></icon><desc>Carol heeft het helemaal op haar eentje gemaakt in de uitgeverswereld. Haar werk is haar leven en ze is een harde tante die weinig begrip heeft voor haar medewerkers. De avond voor Kerstmis krijgt ze het bezoek van de geest van Eve, de stichtster van het bedrijf en samen overlopen ze de voorbije Kerstmissen. Carol beseft dat ze een triestig leven leidt en beslist om daar verandering in te brengen.</desc><category>Film, Kids en familie</category></programme><programme channel="lgi-be-prod-master:c8" start="20211227114000 +0000" stop="20211227132000 +0000" catchup-id="crid:~~2F~~2Ftelenet.be~~2Ffe6cdac8-e03a-46a0-b9a6-f9569b763180-fre,imi:6776810cfc835d19b423b048feb3b73127d8f1b5"><title>Golden Christmas 3</title><date>2012</date><icon src="https://staticqbr-be-prod.tnprod.cdn.dmdsdp.com/image-service/ImagesEPG/EventImages/835__072__83507257-fcab-45d6-9f5e-020a9068a43d__B105936401.jpg"></icon><desc>De vrijgevochten Heather en marineofficier Bobby worden verliefd dankzij drie golden retrievers, Bobby's nichtje Myra en een komische theaterproductie van 'A Christmas Carol'.</desc><category>Film, Kids en familie</category></programme>