<programme channel="lgi-be-prod-master:russiantoday" start="20211226230000 +0000" stop="20211226232900 +0000" catchup-id="crid:~~2F~~2Ftelenet.be~~2Ff9df6d3c-24e4-4f0e-8dd1-94735cffd07f-eng,imi:dfd114fb242b2756b325b96e15616eecc297f66f"><title>Headline News</title><date></date><icon src="https://staticqbr-be-prod.tnprod.cdn.dmdsdp.com/image-service/ImagesEPG/EventImages/f14__de0__f14de018-9dd6-491e-8f14-8ef0f728ccbd__B78363348.jpg"></icon><desc>Nieuwsuitzending.</desc><category>Actualiteit</category></programme><programme channel="lgi-be-prod-master:russiantoday" start="20211226232900 +0000" stop="20211227000000 +0000" catchup-id="crid:~~2F~~2Ftelenet.be~~2F40df0547-e261-4302-bb24-0b51d2a4a213-eng,imi:c0cdbae0a2f3c35a8c8fdab219c95bfdd776c150"><title>Worlds Apart with Oksana Boyko</title><date></date><icon src="https://staticqbr-be-prod.tnprod.cdn.dmdsdp.com/image-service/ImagesEPG/EventImages/2e4__9d6__2e49d6fe-e1c9-402d-a40e-dc30522b1722__B105940125.jpg"></icon><desc>Fast-paced, in-depth discussion on the pressing issues of the day. Host Oksana Boyko strives to depart from the traditional Q-and-A form of interview in favour of an emotive and engaging conversation. While the title and format of the programme presuppose differences of opinion, WA's main goal is to facilitate public debate in an intelligent and respectful manner</desc><category>Nieuws, Actualiteitenprogramma's</category></programme><programme channel="lgi-be-prod-master:russiantoday" start="20211227000000 +0000" stop="20211227002900 +0000" catchup-id="crid:~~2F~~2Ftelenet.be~~2F1e8b6e3f-6fcf-4044-99b1-a3c71fd2ba4e-eng,imi:2b2b9ecc9ef2e87617d00bb535f39c9d2c444a20"><title>Headline News</title><date></date><icon src="https://staticqbr-be-prod.tnprod.cdn.dmdsdp.com/image-service/ImagesEPG/EventImages/f14__de0__f14de018-9dd6-491e-8f14-8ef0f728ccbd__B78363348.jpg"></icon><desc>Nieuwsuitzending.</desc><category>Actualiteit</category></programme><programme channel="lgi-be-prod-master:russiantoday" start="20211227002900 +0000" stop="20211227010000 +0000" catchup-id="crid:~~2F~~2Ftelenet.be~~2Fc0d4e282-6b84-467d-afbd-ab882e4c0c70-eng,imi:c048eff1f35c9648fa730f699fd4a908194cd212"><title>Documentary</title><date></date><icon src="https://staticqbr-be-prod.tnprod.cdn.dmdsdp.com/image-service/ImagesEPG/EventImages/f14__de0__f14de018-9dd6-491e-8f14-8ef0f728ccbd__B78363348.jpg"></icon><desc>Nieuwsuitzending.</desc><category>Actualiteit</category></programme><programme channel="lgi-be-prod-master:russiantoday" start="20211227010000 +0000" stop="20211227012900 +0000" catchup-id="crid:~~2F~~2Ftelenet.be~~2F6ff3ea1d-01ac-460a-99c3-a590e11cc11b-eng,imi:0b47bde3bbf308660d0dfc9300a15bd06f61362b"><title>News Weekly</title><date></date><icon src="https://staticqbr-be-prod.tnprod.cdn.dmdsdp.com/image-service/ImagesEPG/EventImages/f14__de0__f14de018-9dd6-491e-8f14-8ef0f728ccbd__B78363348.jpg"></icon><desc>The week's most important news review</desc><category>Actualiteit</category></programme><programme channel="lgi-be-prod-master:russiantoday" start="20211227012900 +0000" stop="20211227020000 +0000" catchup-id="crid:~~2F~~2Ftelenet.be~~2F6e18d852-f49b-4c14-8305-92886648d667-eng,imi:2f1f1c78a55160286849261da6550d118ec3e0bb"><title>Documentary</title><date></date><icon src="https://staticqbr-be-prod.tnprod.cdn.dmdsdp.com/image-service/ImagesEPG/EventImages/f14__de0__f14de018-9dd6-491e-8f14-8ef0f728ccbd__B78363348.jpg"></icon><desc>Nieuwsuitzending.</desc><category>Actualiteit</category></programme><programme channel="lgi-be-prod-master:russiantoday" start="20211227020000 +0000" stop="20211227023000 +0000" catchup-id="crid:~~2F~~2Ftelenet.be~~2Fa12d6fd7-b8bc-48ba-9c7e-3fa95090f7d0-eng,imi:e8f81e7bc19287216f9ad6eaaf528c02ab00ec75"><title>Headline News</title><date></date><icon src="https://staticqbr-be-prod.tnprod.cdn.dmdsdp.com/image-service/ImagesEPG/EventImages/f14__de0__f14de018-9dd6-491e-8f14-8ef0f728ccbd__B78363348.jpg"></icon><desc>Nieuwsuitzending.</desc><category>Actualiteit</category></programme><programme channel="lgi-be-prod-master:russiantoday" start="20211227023000 +0000" stop="20211227030000 +0000" catchup-id="crid:~~2F~~2Ftelenet.be~~2F5a01db75-87df-44d0-8631-f381f0e9ec36-eng,imi:74482efefa0f7aee9e7e9c3b47084694661fd2a1"><title>Documentary</title><date></date><icon src="https://staticqbr-be-prod.tnprod.cdn.dmdsdp.com/image-service/ImagesEPG/EventImages/f14__de0__f14de018-9dd6-491e-8f14-8ef0f728ccbd__B78363348.jpg"></icon><desc>Nieuwsuitzending.</desc><category>Actualiteit</category></programme><programme channel="lgi-be-prod-master:russiantoday" start="20211227030000 +0000" stop="20211227032900 +0000" catchup-id="crid:~~2F~~2Ftelenet.be~~2F56b7ac4f-1a15-4dc5-8eed-5083beca3827-eng,imi:3748d19faf5d51354a4585187eb157b75cbaf6c3"><title>Headline News</title><date></date><icon src="https://staticqbr-be-prod.tnprod.cdn.dmdsdp.com/image-service/ImagesEPG/EventImages/f14__de0__f14de018-9dd6-491e-8f14-8ef0f728ccbd__B78363348.jpg"></icon><desc>Nieuwsuitzending.</desc><category>Actualiteit</category></programme><programme channel="lgi-be-prod-master:russiantoday" start="20211227032900 +0000" stop="20211227040000 +0000" catchup-id="crid:~~2F~~2Ftelenet.be~~2F8b5d6f71-ab79-4076-9b7c-e9b956c06257-eng,imi:a9e5208d3748c77578fff490ed436b98f45640ce"><title>Worlds Apart with Oksana Boyko</title><date></date><icon src="https://staticqbr-be-prod.tnprod.cdn.dmdsdp.com/image-service/ImagesEPG/EventImages/2e4__9d6__2e49d6fe-e1c9-402d-a40e-dc30522b1722__B105940125.jpg"></icon><desc>Fast-paced, in-depth discussion on the pressing issues of the day. Host Oksana Boyko strives to depart from the traditional Q-and-A form of interview in favour of an emotive and engaging conversation. While the title and format of the programme presuppose differences of opinion, WA's main goal is to facilitate public debate in an intelligent and respectful manner</desc><category>Nieuws, Actualiteitenprogramma's</category></programme><programme channel="lgi-be-prod-master:russiantoday" start="20211227040000 +0000" stop="20211227042900 +0000" catchup-id="crid:~~2F~~2Ftelenet.be~~2Fad74e85c-1c94-4c27-b15c-6ad140be2008-eng,imi:f53060a09d28adf4bab2b639aa1fb6ff156fad17"><title>Headline News</title><date></date><icon src="https://staticqbr-be-prod.tnprod.cdn.dmdsdp.com/image-service/ImagesEPG/EventImages/f14__de0__f14de018-9dd6-491e-8f14-8ef0f728ccbd__B78363348.jpg"></icon><desc>Nieuwsuitzending.</desc><category>Actualiteit</category></programme><programme channel="lgi-be-prod-master:russiantoday" start="20211227042900 +0000" stop="20211227050000 +0000" catchup-id="crid:~~2F~~2Ftelenet.be~~2F59f9ebf4-0ec3-4b13-b1ce-1fcea4f30888-eng,imi:d41d23bb2da94791630f9ae97efe1ffed6fb00a7"><title>Going Underground</title><date></date><icon src="https://staticqbr-be-prod.tnprod.cdn.dmdsdp.com/image-service/ImagesEPG/EventImages/f14__de0__f14de018-9dd6-491e-8f14-8ef0f728ccbd__B78363348.jpg"></icon><desc>Going Underground brings our viewers the news they won?t get on other networks. We examine both underground and mainstream issues from a fresh and alternative perspective. With Afshin Rattansi</desc><category>Actualiteit</category></programme><programme channel="lgi-be-prod-master:russiantoday" start="20211227050000 +0000" stop="20211227052900 +0000" catchup-id="crid:~~2F~~2Ftelenet.be~~2Fc8a63e07-61d8-499f-b9e5-871bef63fc1d-eng,imi:9cceaab70d93adc9a8d47f5ddf5921951b925cf8"><title>Headline News</title><date></date><icon src="https://staticqbr-be-prod.tnprod.cdn.dmdsdp.com/image-service/ImagesEPG/EventImages/f14__de0__f14de018-9dd6-491e-8f14-8ef0f728ccbd__B78363348.jpg"></icon><desc>Nieuwsuitzending.</desc><category>Actualiteit</category></programme><programme channel="lgi-be-prod-master:russiantoday" start="20211227052900 +0000" stop="20211227060000 +0000" catchup-id="crid:~~2F~~2Ftelenet.be~~2F95722add-8743-4b1f-b6fe-21be1e51c456-eng,imi:c1fc2dae422ca8b1651b597e3525ba75009a0243"><title>Cross Talk</title><date></date><icon src="https://staticqbr-be-prod.tnprod.cdn.dmdsdp.com/image-service/ImagesEPG/EventImages/f14__de0__f14de018-9dd6-491e-8f14-8ef0f728ccbd__B78363348.jpg"></icon><desc>Nieuwsuitzending.</desc><category>Actualiteit</category></programme><programme channel="lgi-be-prod-master:russiantoday" start="20211227060000 +0000" stop="20211227062900 +0000" catchup-id="crid:~~2F~~2Ftelenet.be~~2F58b51860-41ee-4f5e-b34e-0e5f70a35c26-eng,imi:68d26135f25474e7194a6033c7d7e5fe0c7af1ba"><title>Headline News</title><date></date><icon src="https://staticqbr-be-prod.tnprod.cdn.dmdsdp.com/image-service/ImagesEPG/EventImages/f14__de0__f14de018-9dd6-491e-8f14-8ef0f728ccbd__B78363348.jpg"></icon><desc>Nieuwsuitzending.</desc><category>Actualiteit</category></programme><programme channel="lgi-be-prod-master:russiantoday" start="20211227062900 +0000" stop="20211227070000 +0000" catchup-id="crid:~~2F~~2Ftelenet.be~~2Ff88e31ab-98bc-463e-bc78-781db16203d7-eng,imi:eefc79bad0841e218f291c1a69c555ed0c2f1192"><title>Documentary</title><date></date><icon src="https://staticqbr-be-prod.tnprod.cdn.dmdsdp.com/image-service/ImagesEPG/EventImages/f14__de0__f14de018-9dd6-491e-8f14-8ef0f728ccbd__B78363348.jpg"></icon><desc>Nieuwsuitzending.</desc><category>Actualiteit</category></programme><programme channel="lgi-be-prod-master:russiantoday" start="20211227070000 +0000" stop="20211227072900 +0000" catchup-id="crid:~~2F~~2Ftelenet.be~~2F1dd97cf9-f2fb-4ab4-9bc3-af9722b8bfe8-eng,imi:e75a3d3001cf04aeb6b3b537c8666d1d1551a31c"><title>Headline News</title><date></date><icon src="https://staticqbr-be-prod.tnprod.cdn.dmdsdp.com/image-service/ImagesEPG/EventImages/f14__de0__f14de018-9dd6-491e-8f14-8ef0f728ccbd__B78363348.jpg"></icon><desc>Nieuwsuitzending.</desc><category>Actualiteit</category></programme><programme channel="lgi-be-prod-master:russiantoday" start="20211227072900 +0000" stop="20211227080000 +0000" catchup-id="crid:~~2F~~2Ftelenet.be~~2Fb1ffcb42-6a10-4d88-b32a-f1b302bb085c-eng,imi:e45ed0d0be4c0d2ea865a4f838abce06d037610e"><title>Going Underground</title><date></date><icon src="https://staticqbr-be-prod.tnprod.cdn.dmdsdp.com/image-service/ImagesEPG/EventImages/f14__de0__f14de018-9dd6-491e-8f14-8ef0f728ccbd__B78363348.jpg"></icon><desc>Going Underground brings our viewers the news they won?t get on other networks. We examine both underground and mainstream issues from a fresh and alternative perspective. With Afshin Rattansi</desc><category>Actualiteit</category></programme><programme channel="lgi-be-prod-master:russiantoday" start="20211227080000 +0000" stop="20211227082900 +0000" catchup-id="crid:~~2F~~2Ftelenet.be~~2F775823ac-6007-4c48-b56f-4aa7af38e01d-eng,imi:2b2c875b3dae521abc82a331689f5552f1405ccc"><title>Headline News</title><date></date><icon src="https://staticqbr-be-prod.tnprod.cdn.dmdsdp.com/image-service/ImagesEPG/EventImages/f14__de0__f14de018-9dd6-491e-8f14-8ef0f728ccbd__B78363348.jpg"></icon><desc>Nieuwsuitzending.</desc><category>Actualiteit</category></programme><programme channel="lgi-be-prod-master:russiantoday" start="20211227082900 +0000" stop="20211227090000 +0000" catchup-id="crid:~~2F~~2Ftelenet.be~~2F28a7b568-8c25-436f-8e3a-40788fd93fcc-eng,imi:6adeaa123a43d9c3434861e961091c4c61233455"><title>Cross Talk</title><date></date><icon src="https://staticqbr-be-prod.tnprod.cdn.dmdsdp.com/image-service/ImagesEPG/EventImages/f14__de0__f14de018-9dd6-491e-8f14-8ef0f728ccbd__B78363348.jpg"></icon><desc>Nieuwsuitzending.</desc><category>Actualiteit</category></programme><programme channel="lgi-be-prod-master:russiantoday" start="20211227090000 +0000" stop="20211227092900 +0000" catchup-id="crid:~~2F~~2Ftelenet.be~~2F2c7783d0-30a1-4893-810a-e484fff3c3e5-eng,imi:162c7979318e5cdf51de98c594aa33d8d93cd03c"><title>Headline News</title><date></date><icon src="https://staticqbr-be-prod.tnprod.cdn.dmdsdp.com/image-service/ImagesEPG/EventImages/f14__de0__f14de018-9dd6-491e-8f14-8ef0f728ccbd__B78363348.jpg"></icon><desc>Nieuwsuitzending.</desc><category>Actualiteit</category></programme><programme channel="lgi-be-prod-master:russiantoday" start="20211227092900 +0000" stop="20211227100000 +0000" catchup-id="crid:~~2F~~2Ftelenet.be~~2Fd1dafc81-91d7-4491-9207-8ca695e0bf3b-eng,imi:60e6052154aa62df5f3e9a9aec6289072ecef424"><title>Documentary</title><date></date><icon src="https://staticqbr-be-prod.tnprod.cdn.dmdsdp.com/image-service/ImagesEPG/EventImages/f14__de0__f14de018-9dd6-491e-8f14-8ef0f728ccbd__B78363348.jpg"></icon><desc>Nieuwsuitzending.</desc><category>Actualiteit</category></programme><programme channel="lgi-be-prod-master:russiantoday" start="20211227100000 +0000" stop="20211227102900 +0000" catchup-id="crid:~~2F~~2Ftelenet.be~~2F6be0159b-51f8-4831-80a2-90827fd185c1-eng,imi:126f2634398e6799e68afea2b1b7e4bf65584542"><title>Headline News</title><date></date><icon src="https://staticqbr-be-prod.tnprod.cdn.dmdsdp.com/image-service/ImagesEPG/EventImages/f14__de0__f14de018-9dd6-491e-8f14-8ef0f728ccbd__B78363348.jpg"></icon><desc>Nieuwsuitzending.</desc><category>Actualiteit</category></programme><programme channel="lgi-be-prod-master:russiantoday" start="20211227102900 +0000" stop="20211227110000 +0000" catchup-id="crid:~~2F~~2Ftelenet.be~~2F9ce722f5-da54-42d7-80e9-f30c7a09cb08-eng,imi:2c2fba882faeb0059de727dba1e841ba935a027e"><title>Going Underground</title><date></date><icon src="https://staticqbr-be-prod.tnprod.cdn.dmdsdp.com/image-service/ImagesEPG/EventImages/f14__de0__f14de018-9dd6-491e-8f14-8ef0f728ccbd__B78363348.jpg"></icon><desc>Going Underground brings our viewers the news they won?t get on other networks. We examine both underground and mainstream issues from a fresh and alternative perspective. With Afshin Rattansi</desc><category>Actualiteit</category></programme><programme channel="lgi-be-prod-master:russiantoday" start="20211227110000 +0000" stop="20211227112900 +0000" catchup-id="crid:~~2F~~2Ftelenet.be~~2F7d98e0dd-cf8d-44ac-b094-e556a3b85b76-eng,imi:2b978a9170344be2d004e57d9de5a29f2dfa15ff"><title>Headline News</title><date></date><icon src="https://staticqbr-be-prod.tnprod.cdn.dmdsdp.com/image-service/ImagesEPG/EventImages/f14__de0__f14de018-9dd6-491e-8f14-8ef0f728ccbd__B78363348.jpg"></icon><desc>Nieuwsuitzending.</desc><category>Actualiteit</category></programme><programme channel="lgi-be-prod-master:russiantoday" start="20211227112900 +0000" stop="20211227120000 +0000" catchup-id="crid:~~2F~~2Ftelenet.be~~2F403d9a23-6440-4b49-ae91-a3f12800bc4c-eng,imi:783860c2b2bed6a686d78c23789b55c76ab09639"><title>Cross Talk</title><date></date><icon src="https://staticqbr-be-prod.tnprod.cdn.dmdsdp.com/image-service/ImagesEPG/EventImages/f14__de0__f14de018-9dd6-491e-8f14-8ef0f728ccbd__B78363348.jpg"></icon><desc>Nieuwsuitzending.</desc><category>Actualiteit</category></programme>