<programme channel="lgi-be-prod-master:brava" start="20211226230000 +0000" stop="20211227013200 +0000" catchup-id="crid:~~2F~~2Ftelenet.be~~2Ff5cb962f-28ab-4bdc-a45c-a70a6836f059,imi:fb944c422234488493aab0f5fa80c00e2e8b419b"><title>Nicolai - Die lustigen Weiber von Windsor</title><date>2015</date><icon src="https://staticqbr-be-prod.tnprod.cdn.dmdsdp.com/image-service/ImagesEPG/EventImages/d17__cb1__d17cb1a6-4975-43f2-a006-e80a05891e76__B105933935.jpg"></icon><desc>Christian Zacharias dirigeert het koor en orkest van de Opéra Royal de Liege in een uitvoering van de opera Die lustigen Weiber von Windsor van Otto Nicolai (1810-1849). Solisten zijn Franz Hawlata, Anneke Luyten, Werner Van Mechelen, Sabina Willeit en Laurent Kubla. Opgenomen in de Opéra Royal de Wallonie in 2015. Sir John Falstaff leidt een losbandig leven. Zonder een cent te makken verstuurt hij dezelfde liefdesbrief naar Frau Fluth en Frau Reich, twee rijke bourgeoise vrouwen. De twee doorzien zijn list en laten het er niet bij zitten. Vanaf dat draait hun leven voornamelijk om amusement ten koste van de onbekwame vrijer.</desc><category>Muziek</category></programme><programme channel="lgi-be-prod-master:brava" start="20211227013200 +0000" stop="20211227023900 +0000" catchup-id="crid:~~2F~~2Ftelenet.be~~2F414ea5e4-1547-4e3a-a898-41ad8f4c0615,imi:d38e2526fa0f6407c8104582fc6a7c95e4c037a5"><title>Beauty is a Crime: Mendelssohn &amp; Brahms</title><date></date><icon src="https://staticqbr-be-prod.tnprod.cdn.dmdsdp.com/image-service/ImagesEPG/EventImages/d17__cb1__d17cb1a6-4975-43f2-a006-e80a05891e76__B105933935.jpg"></icon><desc>De Griekse dirigent Teodor Currentzis dirigeert het ensemble MusicAeterna en de Oostenrijks-Moldavische violiste Patricia Kopatchinskaja tijdens Musikfest Bremen in 2015. Voor dit concert getiteld 'Beauty is a Crime', ging men op zoek naar een nieuwe definitie van het woord schoonheid en besloot Currentzis een volledig nieuw licht te laten schijnen op twee geliefde achttiende-eeuwse werken: Mendelssohns Vioolconcert in e-klein, Op. 64 en Brahms' Symfonie Nr. 3 in F-groot, Op. 90.</desc><category>Muziek, Klassieke muziek</category></programme><programme channel="lgi-be-prod-master:brava" start="20211227023900 +0000" stop="20211227035800 +0000" catchup-id="crid:~~2F~~2Ftelenet.be~~2F6e33136d-88cf-4b99-bdfe-41b38d5071ce,imi:2c8e3c3f6b83f7eb1449340f7fe959a08eefc9de"><title>Glass - Concert voor twee piano's</title><date></date><icon src="https://staticqbr-be-prod.tnprod.cdn.dmdsdp.com/image-service/ImagesEPG/EventImages/d17__cb1__d17cb1a6-4975-43f2-a006-e80a05891e76__B105933935.jpg"></icon><desc>Als onderdeel van hun nieuwe samenwerking met componist Philip Glass, die bekend staat om zijn repetitieve minimalistische composities, spelen de Franse zussen Katia en Marielle Labèque de Europese première van Glass' Concert voor twee piano's met de Orchestre de Paris. Het programma wordt vervolgd met de Vijfde Symfonie van Dimitri Sjostakovitsj (1906-1976) onder leiding van Jaap van Zweden, de huidige dirigent van het New York Philharmonic.</desc><category>Muziek, Klassieke muziek</category></programme><programme channel="lgi-be-prod-master:brava" start="20211227035800 +0000" stop="20211227050000 +0000" catchup-id="crid:~~2F~~2Ftelenet.be~~2Fdb86edab-d7c1-4391-9245-ed92c1b16480,imi:9282e3a8a6949ac2a3c2d2144dfd306510fdb176"><title>DvoÅâ¢ák - Het Gouden Spinnewiel, Op. 109</title><date></date><icon src="https://staticqbr-be-prod.tnprod.cdn.dmdsdp.com/image-service/ImagesEPG/EventImages/d17__cb1__d17cb1a6-4975-43f2-a006-e80a05891e76__B105933935.jpg"></icon><desc>Sir Simon Rattle dirigeert het Tsjechisch Filharmonisch Orkest in dit concertprogramma met werken van Antonín DvoÅâ¢ák en Gustav Mahler, dat werd opgenomen op 1 maart 2019 in het Rudolfinum, DvoÅâ¢ák Hall, Praag. Het concert begint met DvoÅâ¢áks symfonische gedicht 'Het gouden spinnewiel', opus 109. Dit werk is gebaseerd op een sprookje van de Tsjechische schrijver Bozena NÄ&gt;mcová. DvoÅâ¢áks 'Het gouden spinnewiel' ontving in 1896 z'n première in besloten kring, uitgevoerd door het orkest van het Praagse conservatorium onder leiding van Antonín Bennewitz.</desc><category>Muziek, Klassieke muziek</category></programme><programme channel="lgi-be-prod-master:brava" start="20211227050000 +0000" stop="20211227055800 +0000" catchup-id="crid:~~2F~~2Ftelenet.be~~2F69bc31a1-fdfd-4f45-944a-961bae5be631,imi:f0d079b80b3893ba7cda6a8ad4389dcc0220dda1"><title>Napels, Klavierstad - Scarlatti en Durante</title><date></date><icon src="https://staticqbr-be-prod.tnprod.cdn.dmdsdp.com/image-service/ImagesEPG/EventImages/d17__cb1__d17cb1a6-4975-43f2-a006-e80a05891e76__B105933935.jpg"></icon><desc>Piepjong maar al veelvuldig gelauwerd: Cristiano Gaudio is een klavecinist om de komende jaren in de gaten te houden. Op een eerste kennismaking hoeft u niet langer te wachten: wij strikten dit supertalent voor een klavecimbelrecital met toccata's en sonates van Alessandro Scarlatti en Francesco Durante - de primo maestro van het Conservatorio dei Poveri di Gesù Cristo.</desc><category>Muziek, Klassieke muziek</category></programme><programme channel="lgi-be-prod-master:brava" start="20211227055800 +0000" stop="20211227065200 +0000" catchup-id="crid:~~2F~~2Ftelenet.be~~2F16875480-a786-42b4-aa47-736e303ba9a4,imi:6592edfd37053494727da497f2584ec758c14db1"><title>Giovanni de Macque - Madrigalen</title><date></date><icon src="https://staticqbr-be-prod.tnprod.cdn.dmdsdp.com/image-service/ImagesEPG/EventImages/d17__cb1__d17cb1a6-4975-43f2-a006-e80a05891e76__B105933935.jpg"></icon><desc>Een expressionistische serenade als opmaat naar een zinderende festivalweek: de opdracht voor Manfred Cordes en Weser-Renaissance Bremen. In Giovanni De Macque - een van de beste madrigalisten van rond 1600 - vonden ze de perfecte partner. De Macque, geboren in Valenciennes, kreeg zijn opleiding in Napels en evolueerde van conservatief naar experimenteel, met veelkleurige, beeldende muziek op teksten over extase en gebroken harten.</desc><category>Muziek, Klassieke muziek</category></programme><programme channel="lgi-be-prod-master:brava" start="20211227065200 +0000" stop="20211227075800 +0000" catchup-id="crid:~~2F~~2Ftelenet.be~~2F3780915c-7682-4fdc-bbdd-7e07faa86d22,imi:d9d089490b48ff3d6357a2da2a40b420061c175a"><title>Bach - Das wohltemperierte Klavier I: Nr. 1 t/m 12</title><date></date><icon src="https://staticqbr-be-prod.tnprod.cdn.dmdsdp.com/image-service/ImagesEPG/EventImages/d17__cb1__d17cb1a6-4975-43f2-a006-e80a05891e76__B105933935.jpg"></icon><desc>Toen Johann Sebastian Bach in 1722 in het Duitse Köthen woonde, bracht hij een boek met preludes en fuga's in alle 24 majeur- en mineurtoonsoorten uit. Deze verzameling kreeg de naam Das wohltemperierte Klavier, Boek Een, BWV 846-869. Ongeveer twintig jaar later stelde Bach in Leipzig een vergelijkbare bundel samen, nu bekend als Das wohltemperierte Klavier, Boek Twee, BWV 870-893. Bach schreef deze reeks composities voor het 'klavier', wat zowel op klavecimbel, klavechord, of orgel kan duiden. Deze werken zijn zeer bepalend gebleken voor de geschiedenis van de Westerse klassieke muziek.</desc><category>Muziek, Klassieke muziek</category></programme><programme channel="lgi-be-prod-master:brava" start="20211227075800 +0000" stop="20211227090200 +0000" catchup-id="crid:~~2F~~2Ftelenet.be~~2Fabe40c53-ce22-4149-a134-24057d60a99a,imi:1b27bbcc430736db38f32823dd086a4919622192"><title>Solo-Finale - Liszt Pianoconcours 2017</title><date></date><icon src="https://staticqbr-be-prod.tnprod.cdn.dmdsdp.com/image-service/ImagesEPG/EventImages/d17__cb1__d17cb1a6-4975-43f2-a006-e80a05891e76__B105933935.jpg"></icon><desc>Minsoo Hong (1993, Zuid-Korea) speelt Liszts Sposalizio uit Années de Pèlerinage: Deuxième Année (S161/1) en Bellini/Liszts Réminiscences de Norma (S394) tijdens de solo-finale van het 11e Internationaal Franz Liszt Pianoconcours in TivoliVredenburg te Utrecht. Het concours bevordert zowel de muzikale ontwikkeling alsook de concertervaring van pianotalenten afkomstig uit alle uithoeken van de wereld. Hierdoor vormt het concours een belangrijke opstap tot de internationale klassieke concertwereld voor jong talent dat een professionele carrière als musicus ambieert.</desc><category>Muziek, Klassieke muziek</category></programme><programme channel="lgi-be-prod-master:brava" start="20211227090200 +0000" stop="20211227102300 +0000" catchup-id="crid:~~2F~~2Ftelenet.be~~2F28721f4d-199b-47bc-9986-5bf4c58b4714,imi:457d271047b73c3530f890c77388d22a4832ada7"><title>Yannick</title><date></date><icon src="https://staticqbr-be-prod.tnprod.cdn.dmdsdp.com/image-service/ImagesEPG/EventImages/d17__cb1__d17cb1a6-4975-43f2-a006-e80a05891e76__B105933935.jpg"></icon><desc>De Canadese dirigent en pianist Yannick Nézet-Séguin is chef-dirigent van de Orchestre Métropolitain te Montréal, de Metropolitan Opera te New York en het Philadelphia Orchestra. Voordat hij 2018 in diens trad voor de MET, was hij dirigent van van 20006 tot 2018 dirigent van Rotterdam Filharmonisch Orkest. Ter ere van Nézet-Séguins bijdrage aan de klassieke muziek in Nederland, vervaardigde regisseur Christiaan van Schermbeek een portret van de sterdirigent.</desc><category>Muziek, Klassieke muziek</category></programme><programme channel="lgi-be-prod-master:brava" start="20211227102300 +0000" stop="20211227105900 +0000" catchup-id="crid:~~2F~~2Ftelenet.be~~2F0b01f3c5-0115-445b-9ff5-3705dc3b02b9,imi:55b1dbed9d39926c948d7e3dbe0fa6a0a893e3bd"><title>Fauré - Pianokwartet Nr. 2, Op. 45</title><date></date><icon src="https://staticqbr-be-prod.tnprod.cdn.dmdsdp.com/image-service/ImagesEPG/EventImages/d17__cb1__d17cb1a6-4975-43f2-a006-e80a05891e76__B105933935.jpg"></icon><desc>Het Ébène Quartet, bestaande uit Daishin Kashimoto (viool), Lise Berthaud (altviool), François Salque (cello) en Eric Le Sage (piano), speelt Gabriel Fauré's Pianokwartet nr. 2, Op. 45 in het Louisiana Museum of Modern Art in Denemarken. Het is één van de twee kamermuziekwerken die Fauré schreef voor pianokwartet. Fauré gebruikt de klassieke, vierdelige opbouw: het openingsdeel Allegro wordt gevolgd door het scherzo, het langzame deel, en de finale.</desc><category>Muziek, Klassieke muziek</category></programme><programme channel="lgi-be-prod-master:brava" start="20211227105900 +0000" stop="20211227114000 +0000" catchup-id="crid:~~2F~~2Ftelenet.be~~2F0ed492b4-235f-44d2-a141-5f9dd4642be9,imi:612bac30ae323e739ec2908b14a3336b69196262"><title>Brahms - Symfonie Nr. 2, Op. 73</title><date></date><icon src="https://staticqbr-be-prod.tnprod.cdn.dmdsdp.com/image-service/ImagesEPG/EventImages/d17__cb1__d17cb1a6-4975-43f2-a006-e80a05891e76__B105933935.jpg"></icon><desc>Het Berliner Philharmoniker onder leiding van Claudio Abbado en solist Daniel Barenboim verzorgen het Europakonzert van 1994 in het Duitse Meiningen. Op het programma staan Beethovens Pianoconcert Nr. 5 en de Tweede Symfonie van Brahms. Het pianoconcert is de laatste van de vijf concerten die Beethoven componeerde en staat ook wel bekend als het 'Keizersconcert'. Het werk is gecomponeerd tussen 1809 en 1811. Brahms' Tweede Symfonie dateert van 1877 en wordt vaak vergeleken met de Zesde Symfonie van Beethoven, vanwege het vrolijke, opgewekte en pastorale karakter.</desc><category>Muziek, Klassieke muziek</category></programme><programme channel="lgi-be-prod-master:brava" start="20211227114000 +0000" stop="20211227120100 +0000" catchup-id="crid:~~2F~~2Ftelenet.be~~2Fd51dde22-351d-44f4-a918-b6d2c3239158,imi:5b4d61e920fd1a4ef345cdd4c8fc28b02c830536"><title>Graupner - Magnificat anima mea</title><date></date><icon src="https://staticqbr-be-prod.tnprod.cdn.dmdsdp.com/image-service/ImagesEPG/EventImages/d17__cb1__d17cb1a6-4975-43f2-a006-e80a05891e76__B105933935.jpg"></icon><desc>Patrick Debrabandere leidt het Vox Mago kamerkoor in een uitvoering vanners cantata Magnificat anima mea. Opgenomen in december 2018 in de Onze-Lieve-Vrouw Presentatiekerk te Gent. Deze uitbundige cantata werd in 1722 voor Kerstmis geschreven toen de componist om familieredenen Leipzig bezocht en door de gemeenteraad werd gevraagd het Thomaskantorat waar te nemen.ner was een Duits barokcomponist en kapelmeester. Zijn muziek is doorvoeld, vernieuwend en veeleisend.ner heeft een omvangrijk oeuvre gecomponeerd en is daarmee één van de vruchtbaarste componisten uit de geschiedenis van de westerse muziek geworden.</desc><category>Muziek, Klassieke muziek</category></programme>