<programme channel="lgi-be-prod-master:nicktoons" start="20211226230500 +0000" stop="20211226233000 +0000" catchup-id="crid:~~2F~~2Ftelenet.be~~2Fd618da00-8c7b-4d8f-ad3c-175465596ca4,imi:3c3bc262eff073ef46d769094e8266dee4592db1"><title>Kung Fu Panda - Legends of Awesomeness</title><date></date><icon src="https://staticqbr-be-prod.tnprod.cdn.dmdsdp.com/image-service/ImagesEPG/EventImages/01a__326__01a326b8-9005-4623-b405-89fed774a004__B49839313.jpg"></icon><desc>When Po learns a kung fu move that can erase someone's short-term memory, he takes it too far.</desc><category>Animatie</category></programme><programme channel="lgi-be-prod-master:nicktoons" start="20211226233000 +0000" stop="20211226235500 +0000" catchup-id="crid:~~2F~~2Ftelenet.be~~2F0dce6a97-bdc1-4a86-a8c2-953088ce8a15,imi:fc39feb1b550489c0f978c2522ecfccd2f5a6ece"><title>Pinguïns van Madagascar</title><date></date><icon src="https://staticqbr-be-prod.tnprod.cdn.dmdsdp.com/image-service/ImagesEPG/EventImages/c74__7d6__c747d629-04f0-4bb5-a09f-ce979bbd7c0a__B142579525.jpg"></icon><desc>As the vet gathers the penguins to give them a shot, Skipper's fear of needles takes over and he goes on the run. // During a solar eclipse, Phil and Mason convince the bossy Julien that the sky spirits are angry at him. He starts acting extra-nice.</desc><category>Animatie</category></programme><programme channel="lgi-be-prod-master:nicktoons" start="20211226235500 +0000" stop="20211227001500 +0000" catchup-id="crid:~~2F~~2Ftelenet.be~~2Fca8ded1d-4e1f-4825-a31a-262b16503b5e,imi:5f3d64bbc53df67484566b17e5a0dd8e3c64ff41"><title>Pinguïns van Madagascar</title><date></date><icon src="https://staticqbr-be-prod.tnprod.cdn.dmdsdp.com/image-service/ImagesEPG/EventImages/c74__7d6__c747d629-04f0-4bb5-a09f-ce979bbd7c0a__B142579525.jpg"></icon><desc>Mort is exposed to Kowalski's super-ray, and he grows super-big and strong. // Marlene gets a new roommate! At first, she's excited to have a new best friend. But her attitude changes when her roommate turns out to have some pretty disgusting habits.</desc><category>Animatie</category></programme><programme channel="lgi-be-prod-master:nicktoons" start="20211227001500 +0000" stop="20211227004000 +0000" catchup-id="crid:~~2F~~2Ftelenet.be~~2F26081435-5799-4d8e-b4d7-02fd549766d8,imi:156540547cbbe93d70eff6b063af157fecc3c89f"><title>Regenboog Vlinder Eenhoorn Kitten</title><date></date><icon src="https://staticqbr-be-prod.tnprod.cdn.dmdsdp.com/image-service/ImagesEPG/EventImages/660__c24__660c2471-c88f-42a2-9f1c-97157dc0c759__B150550219.jpg"></icon><desc>When Felicity visits Mirror Rock with Miguel, she accidentally releases the evil mirror image of herself, Evil Felicity! // Felicity is having a big party to celebrate her &quot;Cat-ceanara,&quot; in which she'll officially go from kittenhood to cathood.</desc><category>Animatie</category></programme><programme channel="lgi-be-prod-master:nicktoons" start="20211227004000 +0000" stop="20211227010000 +0000" catchup-id="crid:~~2F~~2Ftelenet.be~~2F5c95b090-f07b-4489-a79b-e45641a5f859,imi:108b7ac3352fb3f34ebe00b4e1818e1e65f8e557"><title>Regenboog Vlinder Eenhoorn Kitten</title><date></date><icon src="https://staticqbr-be-prod.tnprod.cdn.dmdsdp.com/image-service/ImagesEPG/EventImages/660__c24__660c2471-c88f-42a2-9f1c-97157dc0c759__B150550219.jpg"></icon><desc>In order for a genie to grant more wishes, Felicity must get the last person who found the lamp to complete an unmade wish. // Someone is stealing the gold coins the Saber Tooth Fairy exchanges for loose teeth.</desc><category>Animatie</category></programme><programme channel="lgi-be-prod-master:nicktoons" start="20211227010000 +0000" stop="20211227012000 +0000" catchup-id="crid:~~2F~~2Ftelenet.be~~2F06e22e89-7ff8-4e3f-a642-fff77a7d2930,imi:47e1c88a45e2c91b769703a12d2eff1d295c6ee9"><title>Sanjay &amp; Craig</title><date></date><icon src="https://staticqbr-be-prod.tnprod.cdn.dmdsdp.com/image-service/ImagesEPG/EventImages/3c7__8ec__3c78ec26-a047-4e62-ade8-61e6f0e0566d__B141148285.jpg"></icon><desc>Sanjay and Craig try to find the 'hook' to help a boring puppy find a home. // What starts as Sanjay and Craig playing a schoolyard game turns into a mythic adventure involving a girl in trouble, Darlene and a villain called the Butt Master.</desc><category>Animatie</category></programme><programme channel="lgi-be-prod-master:nicktoons" start="20211227012000 +0000" stop="20211227014500 +0000" catchup-id="crid:~~2F~~2Ftelenet.be~~2Ff70d77cd-bb8e-4bab-91a7-4f7a7b4dc7fb,imi:8c418eb924d9110f0b16e731d0f4183a87913226"><title>Fanboy &amp; Chum Chum</title><date></date><icon src="https://staticqbr-be-prod.tnprod.cdn.dmdsdp.com/image-service/ImagesEPG/EventImages/963__86e__96386e33-6f1b-4f0b-b66a-25f5fda281ba__B48312066.jpg"></icon><desc>When Kyle's old rival, comes to town, he realizes the value of having friends like Fanboy and Chum Chum. // Fanboy and Chum Chum are playing pirates and decide to bury all their favorite possessions so they can then dig up the treasure.</desc><category>Kinderen, Animatie</category></programme><programme channel="lgi-be-prod-master:nicktoons" start="20211227014500 +0000" stop="20211227020500 +0000" catchup-id="crid:~~2F~~2Ftelenet.be~~2F9824d5ac-d220-4353-8050-50b3087987e9,imi:bf51469b6f291660797312ed5c69dda43a93688f"><title>T.U.F.F. Puppy</title><date></date><icon src="https://staticqbr-be-prod.tnprod.cdn.dmdsdp.com/image-service/ImagesEPG/EventImages/4a9__933__4a993301-df99-4bc7-8a0a-b28db9cf90a0__B106255676.jpg"></icon><desc>When the Chameleon witnesses Snaptrap committing a crime, he agrees to testify against him, and Dudley has to keep him save. // Dudley has to assist the British Undercover Force B.U.F.F. to prevent a Crown Jewel thievery.</desc><category>Animatie</category></programme><programme channel="lgi-be-prod-master:nicktoons" start="20211227020500 +0000" stop="20211227023000 +0000" catchup-id="crid:~~2F~~2Ftelenet.be~~2Fbf4a1dac-5f34-4148-b294-bf18bb613fcd,imi:c34e85895002f02638e42a0463dc8d802d2b43eb"><title>Winx Club</title><date></date><icon src="https://staticqbr-be-prod.tnprod.cdn.dmdsdp.com/image-service/ImagesEPG/EventImages/2e9__799__2e979979-d599-43a5-98eb-28619ed9539c__B141149936.jpg"></icon><desc>In Fearwood Forest, the Winx and Specialists fight off werewolves summoned by Selina. After saving the villagers from the attack, they enter the Legendarium World to find final object needed to forge the Legendarium Key.</desc><category>Kinderen, Animatie</category></programme><programme channel="lgi-be-prod-master:nicktoons" start="20211227023000 +0000" stop="20211227025000 +0000" catchup-id="crid:~~2F~~2Ftelenet.be~~2F687f411e-fcb3-4bde-9f24-b218d4d3e09b,imi:74ed372cdfa4073f93394318ef2a276c056e51d5"><title>SpongeBob</title><date></date><icon src="https://staticqbr-be-prod.tnprod.cdn.dmdsdp.com/image-service/ImagesEPG/EventImages/b87__c18__b87c187b-080c-416e-8115-f086614e7453__B48235092.jpg"></icon><desc>SpongeBob is een vierkante, gele zeespons die in een grote ananas op de bodem van de oceaan woont. In de plaats Bikinibroek heeft hij het gezelschap van vrienden en van zijn huisdier, Gerrit de slak.</desc><category>Kinderen, Animatie</category></programme><programme channel="lgi-be-prod-master:nicktoons" start="20211227025000 +0000" stop="20211227031500 +0000" catchup-id="crid:~~2F~~2Ftelenet.be~~2F8c7937a4-55ee-4a89-810a-99efa0a05930,imi:60dd575413d914f36a506d1d87e881cc90ba3c96"><title>SpongeBob</title><date></date><icon src="https://staticqbr-be-prod.tnprod.cdn.dmdsdp.com/image-service/ImagesEPG/EventImages/712__893__71289317-ac82-4493-a43c-8846d0ea0c73__B106254167.jpg"></icon><desc>SpongeBob SquarePants is een gele zeespons die diep in de oceaan leeft in het onderwaterstadje Bikinibroek. Samen met zijn maatje Patrick de roze zeester beleeft SpongeBob de gekste en spannendste avonturen.</desc><category>Kinderen, Animatie</category></programme><programme channel="lgi-be-prod-master:nicktoons" start="20211227031500 +0000" stop="20211227033500 +0000" catchup-id="crid:~~2F~~2Ftelenet.be~~2F8fb6c879-7616-4407-926f-c154c71ef5ca,imi:f6c894ed4cb25210a50beea5a846406211311748"><title>SpongeBob</title><date></date><icon src="https://staticqbr-be-prod.tnprod.cdn.dmdsdp.com/image-service/ImagesEPG/EventImages/b87__c18__b87c187b-080c-416e-8115-f086614e7453__B48235092.jpg"></icon><desc>SpongeBob is een vierkante, gele zeespons die in een grote ananas op de bodem van de oceaan woont. In de plaats Bikinibroek heeft hij het gezelschap van vrienden en van zijn huisdier, Gerrit de slak.</desc><category>Kinderen, Animatie</category></programme><programme channel="lgi-be-prod-master:nicktoons" start="20211227033500 +0000" stop="20211227040000 +0000" catchup-id="crid:~~2F~~2Ftelenet.be~~2Ffb7f0e7f-8ef8-4342-9250-ee4c6bc8fac8,imi:bfce52f9949914abc5cfa0988192ef76e6dc75cb"><title>SpongeBob</title><date></date><icon src="https://staticqbr-be-prod.tnprod.cdn.dmdsdp.com/image-service/ImagesEPG/EventImages/b87__c18__b87c187b-080c-416e-8115-f086614e7453__B48235092.jpg"></icon><desc>SpongeBob is een vierkante, gele zeespons die in een grote ananas op de bodem van de oceaan woont. In de plaats Bikinibroek heeft hij het gezelschap van vrienden en van zijn huisdier, Gerrit de slak.</desc><category>Kinderen, Animatie</category></programme><programme channel="lgi-be-prod-master:nicktoons" start="20211227040000 +0000" stop="20211227042000 +0000" catchup-id="crid:~~2F~~2Ftelenet.be~~2Ff3e3d4c1-25f8-4b72-809c-021fa948c714,imi:1f7c0df1179f07eb65c81459fce89499c85aa6e5"><title>SpongeBob</title><date></date><icon src="https://staticqbr-be-prod.tnprod.cdn.dmdsdp.com/image-service/ImagesEPG/EventImages/b87__c18__b87c187b-080c-416e-8115-f086614e7453__B48235092.jpg"></icon><desc>SpongeBob is een vierkante, gele zeespons die in een grote ananas op de bodem van de oceaan woont. In de plaats Bikinibroek heeft hij het gezelschap van vrienden en van zijn huisdier, Gerrit de slak.</desc><category>Kinderen, Animatie</category></programme><programme channel="lgi-be-prod-master:nicktoons" start="20211227042000 +0000" stop="20211227044500 +0000" catchup-id="crid:~~2F~~2Ftelenet.be~~2Fe97e0122-0763-4731-b7bb-6d3912e46cd2,imi:0e87156e7a4c9610a8f7357935b5e29bc746183e"><title>SpongeBob</title><date></date><icon src="https://staticqbr-be-prod.tnprod.cdn.dmdsdp.com/image-service/ImagesEPG/EventImages/b87__c18__b87c187b-080c-416e-8115-f086614e7453__B48235092.jpg"></icon><desc>SpongeBob is een vierkante, gele zeespons die in een grote ananas op de bodem van de oceaan woont. In de plaats Bikinibroek heeft hij het gezelschap van vrienden en van zijn huisdier, Gerrit de slak.</desc><category>Kinderen, Animatie</category></programme><programme channel="lgi-be-prod-master:nicktoons" start="20211227044500 +0000" stop="20211227051000 +0000" catchup-id="crid:~~2F~~2Ftelenet.be~~2Fb5b79dea-1d82-4175-baea-88c50e4b6b75,imi:ff60b82948acf391a2367331f3979c174decf7f8"><title>SpongeBob</title><date></date><icon src="https://staticqbr-be-prod.tnprod.cdn.dmdsdp.com/image-service/ImagesEPG/EventImages/b87__c18__b87c187b-080c-416e-8115-f086614e7453__B48235092.jpg"></icon><desc>SpongeBob is een vierkante, gele zeespons die in een grote ananas op de bodem van de oceaan woont. In de plaats Bikinibroek heeft hij het gezelschap van vrienden en van zijn huisdier, Gerrit de slak.</desc><category>Kinderen, Animatie</category></programme><programme channel="lgi-be-prod-master:nicktoons" start="20211227051000 +0000" stop="20211227052000 +0000" catchup-id="crid:~~2F~~2Ftelenet.be~~2Ffa9de914-653f-4f4b-86da-f637babb61e3,imi:e3054a19cc1bcb58e2fbffc3ad0248515bd80523"><title>Alvin en de Chipmunks</title><date></date><icon src="https://staticqbr-be-prod.tnprod.cdn.dmdsdp.com/image-service/ImagesEPG/EventImages/608__4a5__6084a584-404c-4505-8eb6-121ac120dc36__B77450996.jpg"></icon><desc>Theodore's new talking-teddy bear is driving Alvin and Simon nuts. So, they decide to rewire the bear's hard drive, so the bear will follow their directions! But when Alvin abuses the privilege, Simon turns the tables on him.</desc><category>Animatie</category></programme><programme channel="lgi-be-prod-master:nicktoons" start="20211227052000 +0000" stop="20211227053000 +0000" catchup-id="crid:~~2F~~2Ftelenet.be~~2Fc1bbfa85-4265-4b2f-b392-730d2425d676,imi:c30da1c1f5e4925817f50109d5127b7309f4c9e0"><title>Alvin en de Chipmunks</title><date></date><icon src="https://staticqbr-be-prod.tnprod.cdn.dmdsdp.com/image-service/ImagesEPG/EventImages/608__4a5__6084a584-404c-4505-8eb6-121ac120dc36__B77450996.jpg"></icon><desc>Just like every year, Alvin is none-too thrilled about going back to school. That is until he sees the new Principal and then it's whoa! Love at first sight!</desc><category>Animatie</category></programme><programme channel="lgi-be-prod-master:nicktoons" start="20211227053000 +0000" stop="20211227054500 +0000" catchup-id="crid:~~2F~~2Ftelenet.be~~2Fb72389d1-cd37-4019-9a9d-bf4203734f5c,imi:0c98bc357096d8251f8abcea96efa0909e8e7ddc"><title>Alvin en de Chipmunks</title><date></date><icon src="https://staticqbr-be-prod.tnprod.cdn.dmdsdp.com/image-service/ImagesEPG/EventImages/608__4a5__6084a584-404c-4505-8eb6-121ac120dc36__B77450996.jpg"></icon><desc>When Theodore disappears from his bed, leaving a blob of sticky, green slime behind, Alvin is POSITIVE that he has been kidnapped by aliens!With the help of Simon and his home-made high-tech gear, they are ready to fight the aliens and save their brother.</desc><category>Animatie</category></programme><programme channel="lgi-be-prod-master:nicktoons" start="20211227054500 +0000" stop="20211227060500 +0000" catchup-id="crid:~~2F~~2Ftelenet.be~~2F7aa6ef0c-3066-43fb-9206-21e8966df615,imi:a2946aa7969438efb2d96d165031009bdc061f13"><title>Les pingouins de Madagascar</title><date></date><icon src="https://staticqbr-be-prod.tnprod.cdn.dmdsdp.com/image-service/ImagesEPG/EventImages/c74__7d6__c747d629-04f0-4bb5-a09f-ce979bbd7c0a__B142579525.jpg"></icon><desc>It's off to the races when Skipper agrees to give a day off from hard training to the first penguin who can bring him a kipper. // The penguins are determined to make opening day of their favorite action star's blockbuster movie!</desc><category>Kinderen, Animatie</category></programme><programme channel="lgi-be-prod-master:nicktoons" start="20211227060500 +0000" stop="20211227063000 +0000" catchup-id="crid:~~2F~~2Ftelenet.be~~2F5b485cb4-a31b-4cc9-a580-04ee57eb0bed,imi:96dc591322e4bd8f791f8263f0975b3cd2fb2ac4"><title>Les pingouins de Madagascar</title><date></date><icon src="https://staticqbr-be-prod.tnprod.cdn.dmdsdp.com/image-service/ImagesEPG/EventImages/c74__7d6__c747d629-04f0-4bb5-a09f-ce979bbd7c0a__B142579525.jpg"></icon><desc>Private has to get over his fear of roaches and use them to help him free the other penguins from the grip of Officer X. // The penguins discover a kid on a field trip to the zoo has seen one of their covert missions.</desc><category>Kinderen, Animatie</category></programme><programme channel="lgi-be-prod-master:nicktoons" start="20211227063000 +0000" stop="20211227065500 +0000" catchup-id="crid:~~2F~~2Ftelenet.be~~2F521c16f2-2478-4651-aa6c-edc92edc509a,imi:4080b97b1cd00ec4810b3792f619ebee9bb3d8be"><title>Huize Herrie</title><date></date><icon src="https://staticqbr-be-prod.tnprod.cdn.dmdsdp.com/image-service/ImagesEPG/EventImages/ca6__04e__ca604eb6-3150-4072-8bb8-18e470ee0ff6__B181575543.jpg"></icon><desc>Ronnie Anne komt een meisje tegen in het park, met wie ze goed kan opschieten. Het blijkt dat haar ouders komen kijken naar een leeg appartement in het gebouw waar Ronnie Anne woont.</desc><category>Kinderen, Animatie</category></programme><programme channel="lgi-be-prod-master:nicktoons" start="20211227065500 +0000" stop="20211227071500 +0000" catchup-id="crid:~~2F~~2Ftelenet.be~~2F59a6e4d6-125c-4d4d-9698-22e9016b3e1f,imi:083616f9aecf2a63889919b47a2a1585c33391b5"><title>De Casagrandes</title><date></date><icon src="https://staticqbr-be-prod.tnprod.cdn.dmdsdp.com/image-service/ImagesEPG/EventImages/592__cab__592cabaa-60e6-43c8-8804-2cd882ec6d5b__B168083751.jpg"></icon><desc>Carl's new hit song samples a singing group, but he needs to get their okay before it can play on the radio! // During a snow day, Ronnie Anne and her skater pals must battle for the gym space by playing dodgeball.</desc><category>Animatie</category></programme><programme channel="lgi-be-prod-master:nicktoons" start="20211227071500 +0000" stop="20211227074000 +0000" catchup-id="crid:~~2F~~2Ftelenet.be~~2Fb63f19ae-05d1-4f89-9c73-9c28b0e9a748,imi:9ac4c08e6d3a97b06041d52b55a24e62c651c2c5"><title>SpongeBob</title><date></date><icon src="https://staticqbr-be-prod.tnprod.cdn.dmdsdp.com/image-service/ImagesEPG/EventImages/b87__c18__b87c187b-080c-416e-8115-f086614e7453__B48235092.jpg"></icon><desc>SpongeBob is een vierkante, gele zeespons die in een grote ananas op de bodem van de oceaan woont. In de plaats Bikinibroek heeft hij het gezelschap van vrienden en van zijn huisdier, Gerrit de slak.</desc><category>Kinderen, Animatie</category></programme><programme channel="lgi-be-prod-master:nicktoons" start="20211227074000 +0000" stop="20211227080500 +0000" catchup-id="crid:~~2F~~2Ftelenet.be~~2Fff30672a-45e2-4156-82cd-0803b5746dbe,imi:26efba25d55df3f038a80be22d1875487a2dbfa9"><title>Kamp Koral'</title><date></date><icon src="https://staticqbr-be-prod.tnprod.cdn.dmdsdp.com/image-service/ImagesEPG/EventImages/989__619__98961999-e33f-45e3-8503-eb734a3bb602__B204746237.jpg"></icon><desc>The campers meet two backwoods narwhals named Narlene and Nobby, who treat them to a sweet surprise. // On a rainy day, SpongeBob and his friends entertain themselves indoors with a turbulent game of tag.</desc><category>Animatie</category></programme><programme channel="lgi-be-prod-master:nicktoons" start="20211227080500 +0000" stop="20211227083000 +0000" catchup-id="crid:~~2F~~2Ftelenet.be~~2F5b74fdf6-7927-423a-a1b3-19c75ea6adee,imi:d0b3d287a7f7c218fed03acb2501a6ae66f3f2b7"><title>Rugrats (2021)</title><date></date><icon src="https://staticqbr-be-prod.tnprod.cdn.dmdsdp.com/image-service/ImagesEPG/EventImages/4a9__933__4a993301-df99-4bc7-8a0a-b28db9cf90a0__B106255676.jpg"></icon><desc>Angelica takes advantage of a family problem to make Tommy and Chuckie play a game of house. // Tommy and the babies help Chuckie take care of what he thinks is the last balloon in the whole wide world.</desc><category>Animatie</category></programme><programme channel="lgi-be-prod-master:nicktoons" start="20211227083000 +0000" stop="20211227084000 +0000" catchup-id="crid:~~2F~~2Ftelenet.be~~2F71da712b-1b2c-4139-b325-2a9778f0a1be,imi:c5361856de3edded7910dd1681578c3dc6949928"><title>Alvin en de Chipmunks</title><date></date><icon src="https://staticqbr-be-prod.tnprod.cdn.dmdsdp.com/image-service/ImagesEPG/EventImages/608__4a5__6084a584-404c-4505-8eb6-121ac120dc36__B77450996.jpg"></icon><desc>Alvin is tired of seeing his celebrity status overshadowed by Reality TV stars. So, he decides to become one himself. Just one problem, Alvin has to film Dave without him knowing.</desc><category>Animatie</category></programme><programme channel="lgi-be-prod-master:nicktoons" start="20211227084000 +0000" stop="20211227085000 +0000" catchup-id="crid:~~2F~~2Ftelenet.be~~2F0de2717f-bf3f-418d-8b4b-ee3ebc6ce46e,imi:49f5837655a949f6856126b69315417835d8824b"><title>Alvin en de Chipmunks</title><date></date><icon src="https://staticqbr-be-prod.tnprod.cdn.dmdsdp.com/image-service/ImagesEPG/EventImages/608__4a5__6084a584-404c-4505-8eb6-121ac120dc36__B77450996.jpg"></icon><desc>It's the big Bake-Off, and Eleanor has prepared her signature cake and left it out to cool. But Brittany and Alvin come home, and eat the cake without knowing its importance! Can they re-make the cake in time? Or will Eleanor's dreams be reduced to crumbs</desc><category>Animatie</category></programme><programme channel="lgi-be-prod-master:nicktoons" start="20211227085000 +0000" stop="20211227090500 +0000" catchup-id="crid:~~2F~~2Ftelenet.be~~2Fc7be9ba2-55bc-4523-8a32-854a2819aea0,imi:2aca222cbbaacaebc205af0a99dbc8f44c53ee98"><title>Alvin en de Chipmunks</title><date></date><icon src="https://staticqbr-be-prod.tnprod.cdn.dmdsdp.com/image-service/ImagesEPG/EventImages/608__4a5__6084a584-404c-4505-8eb6-121ac120dc36__B77450996.jpg"></icon><desc>In order to get Theodore to do his bidding, Alvin tells Theodore that he has secret powers and can turn trash into candy. When Derek steals Theodore's candy, Theodore tells Derek that Alvin will get him back using his secret powers. Now Alvin has to come</desc><category>Animatie</category></programme><programme channel="lgi-be-prod-master:nicktoons" start="20211227090500 +0000" stop="20211227091500 +0000" catchup-id="crid:~~2F~~2Ftelenet.be~~2F81f51583-790d-46a0-b64e-7e7144d590dd,imi:4732d6de9e4257c1c797a0769cd40b060d005ab5"><title>Alvin en de Chipmunks</title><date></date><icon src="https://staticqbr-be-prod.tnprod.cdn.dmdsdp.com/image-service/ImagesEPG/EventImages/608__4a5__6084a584-404c-4505-8eb6-121ac120dc36__B77450996.jpg"></icon><desc>When Alvin gets hurt, Simon agrees to face off against Derek on a survival reality show, where there's room for only one winner. Is playing dirty the only way to win?</desc><category>Animatie</category></programme><programme channel="lgi-be-prod-master:nicktoons" start="20211227091500 +0000" stop="20211227094000 +0000" catchup-id="crid:~~2F~~2Ftelenet.be~~2Fbee9f292-3c69-47e9-8f3f-12957962a3ca,imi:8daae8fc9b8f41a60b9e32824ad75ecd003e3fef"><title>De avonturen van Kid Danger</title><date></date><icon src="https://staticqbr-be-prod.tnprod.cdn.dmdsdp.com/image-service/ImagesEPG/EventImages/053__9f9__0539f966-ab89-420a-a9a3-e5d4ed2f0868__B141095727.jpg"></icon><desc>When the Wahoo Punch Bro is running amok through Swellview, Captain Man &amp; Kid Danger must find a way to stop him. // When Mitch Bilsky mocks Henry's kiddie motor scooter, Ray sets up race between Henry &amp; Mitch to prove whose transportation is faster.</desc><category>Kinderen, Entertainment</category></programme><programme channel="lgi-be-prod-master:nicktoons" start="20211227094000 +0000" stop="20211227100000 +0000" catchup-id="crid:~~2F~~2Ftelenet.be~~2Fd0908bf1-a63f-4a95-a007-b89ffa1ca437,imi:8c6fceec12415773c7ad5c131863f3a785afaa6c"><title>Sanjay &amp; Craig</title><date></date><icon src="https://staticqbr-be-prod.tnprod.cdn.dmdsdp.com/image-service/ImagesEPG/EventImages/3c7__8ec__3c78ec26-a047-4e62-ade8-61e6f0e0566d__B141148285.jpg"></icon><desc>When Chicken Chuck adds his own sauce to Penny's hot wings, a heated competition erupts between the longtime friends. // The kids go on a quest to find a legendary pool in the forest.</desc><category>Animatie</category></programme><programme channel="lgi-be-prod-master:nicktoons" start="20211227100000 +0000" stop="20211227102000 +0000" catchup-id="crid:~~2F~~2Ftelenet.be~~2F4c904a36-9bbd-456f-849d-a2ce87968ffb,imi:0cb701b1b62d58a9529f0bad40ae209c55ca8eff"><title>Sanjay &amp; Craig</title><date></date><icon src="https://staticqbr-be-prod.tnprod.cdn.dmdsdp.com/image-service/ImagesEPG/EventImages/3c7__8ec__3c78ec26-a047-4e62-ade8-61e6f0e0566d__B141148285.jpg"></icon><desc>Sanjay and Craig realize that only by taking off their shirts can they experience the ecstasy of total freedom. // Craig helps Sanjay overcome his fear of embarrassment and reveal his goofy middle name.</desc><category>Animatie</category></programme><programme channel="lgi-be-prod-master:nicktoons" start="20211227102000 +0000" stop="20211227104500 +0000" catchup-id="crid:~~2F~~2Ftelenet.be~~2Ffd676596-767a-45bf-8ae1-6bbb4acb6caf,imi:b830c852000e9329afcb73db457199a84526a3b3"><title>The Loud House</title><date></date><icon src="https://staticqbr-be-prod.tnprod.cdn.dmdsdp.com/image-service/ImagesEPG/EventImages/80f__17d__80f17d5f-1a79-4c8b-9a54-9083b3b243af__B110350809.jpg"></icon><desc>Tired of doing favors to get a ride from Lori, Lincoln decides it's time to help Leni pass her driver's test. // Lincoln conspires with the rest of his sisters to overthrow Lori's tyranny as their 'baby'sitter.</desc><category>Kinderen, Animatie</category></programme><programme channel="lgi-be-prod-master:nicktoons" start="20211227104500 +0000" stop="20211227111000 +0000" catchup-id="crid:~~2F~~2Ftelenet.be~~2Fc6262aa9-aa2c-4490-af17-acf6495ff4b4,imi:02c905cf94b70460799056c976ddd999e3f6bdb6"><title>The Loud House</title><date></date><icon src="https://staticqbr-be-prod.tnprod.cdn.dmdsdp.com/image-service/ImagesEPG/EventImages/80f__17d__80f17d5f-1a79-4c8b-9a54-9083b3b243af__B110350809.jpg"></icon><desc>Lincoln devises a plan to get the best seat in the car for a long, family, road trip. // Lincoln tries to prove he's mature enough to have dinner at the adult table, leaving the kiddie table behind him.</desc><category>Kinderen, Animatie</category></programme><programme channel="lgi-be-prod-master:nicktoons" start="20211227111000 +0000" stop="20211227113500 +0000" catchup-id="crid:~~2F~~2Ftelenet.be~~2Fdd64391e-a353-4aae-8c31-66d3fc96063c,imi:ab7c9e0277580958669ab7ad521efef83953b76d"><title>De Casagrandes</title><date></date><icon src="https://staticqbr-be-prod.tnprod.cdn.dmdsdp.com/image-service/ImagesEPG/EventImages/592__cab__592cabaa-60e6-43c8-8804-2cd882ec6d5b__B168083751.jpg"></icon><desc>After a magician hypnotizes Bobby into thinking he's a cat, the family needs to snap him out of it! // Ronnie Anne and her friends uncover a town mystery: what happened to Bruno's hot dog cart?</desc><category>Animatie</category></programme><programme channel="lgi-be-prod-master:nicktoons" start="20211227113500 +0000" stop="20211227120000 +0000" catchup-id="crid:~~2F~~2Ftelenet.be~~2F97563c9d-8962-4b08-9c57-7b9cebc48b5a,imi:d50d8311e46ca42b0af70becc8671bb9ecd113d0"><title>De Casagrandes</title><date></date><icon src="https://staticqbr-be-prod.tnprod.cdn.dmdsdp.com/image-service/ImagesEPG/EventImages/592__cab__592cabaa-60e6-43c8-8804-2cd882ec6d5b__B168083751.jpg"></icon><desc>When Ronnie Anne finds out her Tio Carlos was a famous skateboarder, she begs him to teach her some new moves. // In order to buy a new skateboard, Ronnie Anne and Sid start a dog-walking business that quickly gets out of hand.</desc><category>Animatie</category></programme>