<programme channel="lgi-be-prod-master:cctv" start="20211226230000 +0000" stop="20211226233000 +0000" catchup-id="crid:~~2F~~2Ftelenet.be~~2Fb747987e-3410-4672-85a4-be27a8a67cd9-eng,imi:42c7ada55766bbd2458ad58eb1e6415850d3c49b"><title>News Update</title><date></date><icon src="https://staticqbr-be-prod.tnprod.cdn.dmdsdp.com/image-service/ImagesEPG/EventImages/f14__de0__f14de018-9dd6-491e-8f14-8ef0f728ccbd__B78363348.jpg"></icon><desc>Nieuwsuitzending.</desc><category>Actualiteit</category></programme><programme channel="lgi-be-prod-master:cctv" start="20211226233000 +0000" stop="20211227000000 +0000" catchup-id="crid:~~2F~~2Ftelenet.be~~2F6392e8dc-b80e-402b-a0e5-7605d894bd1c-eng,imi:3d4dbf61c8635d812c35f2c9f4c2b5f01d133b71"><title>Faces of Africa</title><date></date><icon src="https://staticqbr-be-prod.tnprod.cdn.dmdsdp.com/image-service/ImagesEPG/EventImages/f14__de0__f14de018-9dd6-491e-8f14-8ef0f728ccbd__B78363348.jpg"></icon><desc>Nieuws uit Afrika</desc><category>Actualiteit</category></programme><programme channel="lgi-be-prod-master:cctv" start="20211227000000 +0000" stop="20211227002000 +0000" catchup-id="crid:~~2F~~2Ftelenet.be~~2F2486c7b1-f37f-47ae-82b1-a5c2f7d37f2b-eng,imi:850891eff39d984581b6c3e587ce9cf804a8c51a"><title>News Update</title><date></date><icon src="https://staticqbr-be-prod.tnprod.cdn.dmdsdp.com/image-service/ImagesEPG/EventImages/f14__de0__f14de018-9dd6-491e-8f14-8ef0f728ccbd__B78363348.jpg"></icon><desc>Nieuwsuitzending.</desc><category>Actualiteit</category></programme><programme channel="lgi-be-prod-master:cctv" start="20211227002000 +0000" stop="20211227010000 +0000" catchup-id="crid:~~2F~~2Ftelenet.be~~2Fcfd563db-7f3d-4065-a7b6-cf7d69e40342-eng,imi:e7d20a9419f468bc7d411dfb029ce88370c823ed"><title>China 24</title><date></date><icon src="https://staticqbr-be-prod.tnprod.cdn.dmdsdp.com/image-service/ImagesEPG/EventImages/f14__de0__f14de018-9dd6-491e-8f14-8ef0f728ccbd__B78363348.jpg"></icon><desc>Nieuwsuitzending.</desc><category>Actualiteit</category></programme><programme channel="lgi-be-prod-master:cctv" start="20211227010000 +0000" stop="20211227013000 +0000" catchup-id="crid:~~2F~~2Ftelenet.be~~2F08717726-db79-4fce-b45d-868122239a9b-eng,imi:d6594223de94139495e100cf826263f1f446e5ac"><title>News Update</title><date></date><icon src="https://staticqbr-be-prod.tnprod.cdn.dmdsdp.com/image-service/ImagesEPG/EventImages/f14__de0__f14de018-9dd6-491e-8f14-8ef0f728ccbd__B78363348.jpg"></icon><desc>Nieuwsuitzending.</desc><category>Actualiteit</category></programme><programme channel="lgi-be-prod-master:cctv" start="20211227013000 +0000" stop="20211227020000 +0000" catchup-id="crid:~~2F~~2Ftelenet.be~~2F52c2b126-c781-48a9-9e10-1ae5f5a098e8-eng,imi:d4dbbcd658e1403a2775161ec5dd60e55d82049a"><title>Americas Now</title><date></date><icon src="https://staticqbr-be-prod.tnprod.cdn.dmdsdp.com/image-service/ImagesEPG/EventImages/69a__201__69a20120-e71e-4c92-929d-5fe6493645fc__B160043378.jpg"></icon><desc>A look at the Americas from the Chinese angle, showing the real Latin America.</desc><category>Documentaire, Oude culturen</category></programme><programme channel="lgi-be-prod-master:cctv" start="20211227020000 +0000" stop="20211227023000 +0000" catchup-id="crid:~~2F~~2Ftelenet.be~~2Fa831b563-79fc-4ae0-8e0f-8d2abed313a2-eng,imi:ffdb65c6d3a6a3e2e9ab2e93353866a0805d102e"><title>News Update</title><date></date><icon src="https://staticqbr-be-prod.tnprod.cdn.dmdsdp.com/image-service/ImagesEPG/EventImages/f14__de0__f14de018-9dd6-491e-8f14-8ef0f728ccbd__B78363348.jpg"></icon><desc>Nieuwsuitzending.</desc><category>Actualiteit</category></programme><programme channel="lgi-be-prod-master:cctv" start="20211227023000 +0000" stop="20211227030000 +0000" catchup-id="crid:~~2F~~2Ftelenet.be~~2F60191d31-d6bb-4621-9f5b-78bf4f5df09d-eng,imi:bb50f33e088591859b64225d9913aa5cd081c5ce"><title>Faces of Africa</title><date></date><icon src="https://staticqbr-be-prod.tnprod.cdn.dmdsdp.com/image-service/ImagesEPG/EventImages/f14__de0__f14de018-9dd6-491e-8f14-8ef0f728ccbd__B78363348.jpg"></icon><desc>Nieuws uit Afrika</desc><category>Actualiteit</category></programme><programme channel="lgi-be-prod-master:cctv" start="20211227030000 +0000" stop="20211227033000 +0000" catchup-id="crid:~~2F~~2Ftelenet.be~~2F195cd9f4-dc05-42da-a83e-66ae20d856a1-eng,imi:4abc3cd9624ad41796649e8458ff0fd6368ac7c5"><title>News Update</title><date></date><icon src="https://staticqbr-be-prod.tnprod.cdn.dmdsdp.com/image-service/ImagesEPG/EventImages/f14__de0__f14de018-9dd6-491e-8f14-8ef0f728ccbd__B78363348.jpg"></icon><desc>Nieuwsuitzending.</desc><category>Actualiteit</category></programme><programme channel="lgi-be-prod-master:cctv" start="20211227033000 +0000" stop="20211227040000 +0000" catchup-id="crid:~~2F~~2Ftelenet.be~~2Fdeb9d31b-2f8c-40f2-979b-b8c14f06b414-eng,imi:176cf1b57b9d2a6ede0a21cd38b37129e1d90b46"><title>Culture Express</title><date></date><icon src="https://staticqbr-be-prod.tnprod.cdn.dmdsdp.com/image-service/ImagesEPG/EventImages/f14__de0__f14de018-9dd6-491e-8f14-8ef0f728ccbd__B78363348.jpg"></icon><desc>Nieuwsuitzending.</desc><category>Actualiteit</category></programme><programme channel="lgi-be-prod-master:cctv" start="20211227040000 +0000" stop="20211227043000 +0000" catchup-id="crid:~~2F~~2Ftelenet.be~~2F816d0968-773d-4683-8b04-3638860ff18f-eng,imi:bf5f8800b74cf7f01314e4caa69e57c5fcedcdf9"><title>News Update</title><date></date><icon src="https://staticqbr-be-prod.tnprod.cdn.dmdsdp.com/image-service/ImagesEPG/EventImages/f14__de0__f14de018-9dd6-491e-8f14-8ef0f728ccbd__B78363348.jpg"></icon><desc>Nieuwsuitzending.</desc><category>Actualiteit</category></programme><programme channel="lgi-be-prod-master:cctv" start="20211227043000 +0000" stop="20211227050000 +0000" catchup-id="crid:~~2F~~2Ftelenet.be~~2F3a037c14-364c-4337-b6c2-cf6975aab007-eng,imi:f20e6d9995a7efbaf3757c72b1358f6cc6a57c2f"><title>Travelogue</title><date></date><icon src="https://staticqbr-be-prod.tnprod.cdn.dmdsdp.com/image-service/ImagesEPG/EventImages/f14__de0__f14de018-9dd6-491e-8f14-8ef0f728ccbd__B78363348.jpg"></icon><desc>Toeristisch programma</desc><category>Actualiteit</category></programme><programme channel="lgi-be-prod-master:cctv" start="20211227050000 +0000" stop="20211227060000 +0000" catchup-id="crid:~~2F~~2Ftelenet.be~~2F311f6a9f-bcaa-4bac-a5a6-cc9711ec0bf3-eng,imi:ee5593665bff2244c477065135a5a407312af021"><title>CPY_News Hour</title><date></date><icon src="https://staticqbr-be-prod.tnprod.cdn.dmdsdp.com/image-service/ImagesEPG/EventImages/f14__de0__f14de018-9dd6-491e-8f14-8ef0f728ccbd__B78363348.jpg"></icon><desc>Nieuwsuitzending.</desc><category>Actualiteit</category></programme><programme channel="lgi-be-prod-master:cctv" start="20211227060000 +0000" stop="20211227063000 +0000" catchup-id="crid:~~2F~~2Ftelenet.be~~2F95902f96-bbd8-4a85-a6a4-374c0f9ed83c-eng,imi:c33eff5ab2d25c278f2d5c3adb4ac585a0419282"><title>Dialogue</title><date></date><icon src="https://staticqbr-be-prod.tnprod.cdn.dmdsdp.com/image-service/ImagesEPG/EventImages/f14__de0__f14de018-9dd6-491e-8f14-8ef0f728ccbd__B78363348.jpg"></icon><desc>Nieuwsuitzending.</desc><category>Actualiteit</category></programme><programme channel="lgi-be-prod-master:cctv" start="20211227070000 +0000" stop="20211227073000 +0000" catchup-id="crid:~~2F~~2Ftelenet.be~~2Fd56c98a0-f208-4970-a743-4b46107a7b6e-eng,imi:dcd87bb1b26b77e70ac6dcbabf525c8b10389c68"><title>News Update</title><date></date><icon src="https://staticqbr-be-prod.tnprod.cdn.dmdsdp.com/image-service/ImagesEPG/EventImages/f14__de0__f14de018-9dd6-491e-8f14-8ef0f728ccbd__B78363348.jpg"></icon><desc>Nieuwsuitzending.</desc><category>Actualiteit</category></programme><programme channel="lgi-be-prod-master:cctv" start="20211227073000 +0000" stop="20211227080000 +0000" catchup-id="crid:~~2F~~2Ftelenet.be~~2Fb8071720-c8b3-4f34-b373-de1619b266fc-eng,imi:84cc55093984af5469862d3c857ff71b40e17afa"><title>Americas Now</title><date></date><icon src="https://staticqbr-be-prod.tnprod.cdn.dmdsdp.com/image-service/ImagesEPG/EventImages/69a__201__69a20120-e71e-4c92-929d-5fe6493645fc__B160043378.jpg"></icon><desc>A look at the Americas from the Chinese angle, showing the real Latin America.</desc><category>Documentaire, Oude culturen</category></programme><programme channel="lgi-be-prod-master:cctv" start="20211227080000 +0000" stop="20211227090000 +0000" catchup-id="crid:~~2F~~2Ftelenet.be~~2Ff763dd68-5053-4269-8005-9ccbc6dfd149-eng,imi:6aebd0f093ce5f30584c591845fe5178699f4c42"><title>World Insight</title><date></date><icon src="https://staticqbr-be-prod.tnprod.cdn.dmdsdp.com/image-service/ImagesEPG/EventImages/f14__de0__f14de018-9dd6-491e-8f14-8ef0f728ccbd__B78363348.jpg"></icon><desc>Nieuwsuitzending.</desc><category>Actualiteit</category></programme><programme channel="lgi-be-prod-master:cctv" start="20211227090000 +0000" stop="20211227093000 +0000" catchup-id="crid:~~2F~~2Ftelenet.be~~2F025ab1f4-cb01-406f-a502-40abbfd58c20-eng,imi:09908dba2420f3dfb0741d1fbfcf14c2809fa224"><title>Biz Asia</title><date></date><icon src="https://staticqbr-be-prod.tnprod.cdn.dmdsdp.com/image-service/ImagesEPG/EventImages/f14__de0__f14de018-9dd6-491e-8f14-8ef0f728ccbd__B78363348.jpg"></icon><desc>Economisch nieuws uit Azië</desc><category>Actualiteit</category></programme><programme channel="lgi-be-prod-master:cctv" start="20211227093000 +0000" stop="20211227100000 +0000" catchup-id="crid:~~2F~~2Ftelenet.be~~2F08b4a291-4ffe-4cf9-8352-84efa585580b-eng,imi:cfd508dc53397503d264319f610c3be8d7fbf44b"><title>Faces of Africa</title><date></date><icon src="https://staticqbr-be-prod.tnprod.cdn.dmdsdp.com/image-service/ImagesEPG/EventImages/f14__de0__f14de018-9dd6-491e-8f14-8ef0f728ccbd__B78363348.jpg"></icon><desc>Nieuws uit Afrika</desc><category>Actualiteit</category></programme><programme channel="lgi-be-prod-master:cctv" start="20211227100000 +0000" stop="20211227103000 +0000" catchup-id="crid:~~2F~~2Ftelenet.be~~2F2f3cece4-deea-4370-94ae-45f99bea9052-eng,imi:beb75143e8d0c1bf4739e9dbecd5468f1687f2f3"><title>News Update</title><date></date><icon src="https://staticqbr-be-prod.tnprod.cdn.dmdsdp.com/image-service/ImagesEPG/EventImages/f14__de0__f14de018-9dd6-491e-8f14-8ef0f728ccbd__B78363348.jpg"></icon><desc>Nieuwsuitzending.</desc><category>Actualiteit</category></programme><programme channel="lgi-be-prod-master:cctv" start="20211227103000 +0000" stop="20211227110000 +0000" catchup-id="crid:~~2F~~2Ftelenet.be~~2Fbf5ee86e-0b65-4300-a775-2f5166457cfd-eng,imi:1763f31c65fe074a33484fc385c8df706baef712"><title>Travelogue</title><date></date><icon src="https://staticqbr-be-prod.tnprod.cdn.dmdsdp.com/image-service/ImagesEPG/EventImages/f14__de0__f14de018-9dd6-491e-8f14-8ef0f728ccbd__B78363348.jpg"></icon><desc>Toeristisch programma</desc><category>Actualiteit</category></programme><programme channel="lgi-be-prod-master:cctv" start="20211227110000 +0000" stop="20211227113000 +0000" catchup-id="crid:~~2F~~2Ftelenet.be~~2F7dab959b-1298-415a-8678-c93ded051438-eng,imi:3e8099178e474e1a9127cf68da8e895f431af945"><title>Africa</title><date></date><icon src="https://staticqbr-be-prod.tnprod.cdn.dmdsdp.com/image-service/ImagesEPG/EventImages/6a5__6db__6a56db7f-abb7-4268-ae44-a98a78d6593c__B170259315.jpg"></icon><desc>In de vijf afleveringen van de natuurdocumentaire BBC Wildlife: Africa wordt telkens een ander adembenemend natuurgebied van het Afrikaanse continent in beeld gebracht. Van de halfwoestijn in de Kalahari en de (sub)tropische savanne maar ook Congo met zijn onontgonnen oerwouden en de grootste woestijn op aarde, de Sahara, tot aan het zuidelijkste puntje van het Afrikaanse continent, De Kaap. Elke aflevering onthult intieme, oog-in-oog ontmoetingen met buitengewone dieren in het wild, gaat op zoek naar onontdekte plaatsen en legt ongezien gedrag vast, zelfs van de meest bekende als onbekende dieren in het wild.</desc><category>Documentaire, Natuur</category></programme><programme channel="lgi-be-prod-master:cctv" start="20211227113000 +0000" stop="20211227120000 +0000" catchup-id="crid:~~2F~~2Ftelenet.be~~2F29802dc6-4656-434f-899d-72a14e78c432-eng,imi:d9298e20e7d6a05300eaca69a2c29795c07bb811"><title>Culture Express</title><date></date><icon src="https://staticqbr-be-prod.tnprod.cdn.dmdsdp.com/image-service/ImagesEPG/EventImages/f14__de0__f14de018-9dd6-491e-8f14-8ef0f728ccbd__B78363348.jpg"></icon><desc>Nieuwsuitzending.</desc><category>Actualiteit</category></programme>