<programme channel="lgi-be-prod-master:history" start="20211226231500 +0000" stop="20211227001000 +0000" catchup-id="crid:~~2F~~2Ftelenet.be~~2Fc871155e-5857-42f9-9158-93345784ba8f,imi:784d80df4763d24139694d97a90a15a35fb3d417"><title>American Pickers</title><date></date><icon src="https://staticqbr-be-prod.tnprod.cdn.dmdsdp.com/image-service/ImagesEPG/EventImages/2d0__677__2d067790-1b16-4876-9ca6-7250efc711b4__B153133145.jpg"></icon><desc>In deze realityserie volgen we de meest ervaren 'pickers': Mike Wolfe en Frank Fritz. De mannen gaan heel Amerika af opzoek naar de meest waardevolle voorwerpen met een historische waarde</desc><category>Documentaire, Reality-tv</category></programme><programme channel="lgi-be-prod-master:history" start="20211227001000 +0000" stop="20211227010500 +0000" catchup-id="crid:~~2F~~2Ftelenet.be~~2F71739dd4-364e-4d21-b3d5-1293031f7bfc,imi:820d762b7c6e4dd5801b4d44533c90b65e84aaae"><title>When Big Things Go Wrong</title><date></date><icon src="https://staticqbr-be-prod.tnprod.cdn.dmdsdp.com/image-service/ImagesEPG/EventImages/f14__de0__f14de018-9dd6-491e-8f14-8ef0f728ccbd__B78363348.jpg"></icon><desc>Le 24 juillet 2013, le train Alvia 151 déraille peu de temps avant d'atteindre la gare de Saint-Jacques-de-Compostelle, faisant de nombreuses victimes.</desc><category>Overig</category></programme><programme channel="lgi-be-prod-master:history" start="20211227010500 +0000" stop="20211227015000 +0000" catchup-id="crid:~~2F~~2Ftelenet.be~~2F9ae61dc6-2c5d-4840-bf4b-e7d864fa9b3a,imi:de6703ec5865baff92dd3f3f4c57f1e3a0cd5e56"><title>Race To Victory</title><date></date><icon src="https://staticqbr-be-prod.tnprod.cdn.dmdsdp.com/image-service/ImagesEPG/EventImages/1fc__390__1fc390d1-3728-43e2-af7d-12ecbe6d78f3__B172021251.jpg"></icon><desc>Op 13 april 1943 ontdekken Duitse troepen massagraven met de lichamen van meer dan 4000 Poolse militaire officieren. We weten nu dat zij niet slachtoffers van de Holocaust waren, maar het bewijs van de overname van Polen door de Sovjet-Unie in 1939.</desc><category>Overig</category></programme><programme channel="lgi-be-prod-master:history" start="20211227015000 +0000" stop="20211227024000 +0000" catchup-id="crid:~~2F~~2Ftelenet.be~~2F73551f16-c70f-44d0-ac9d-614f51c47cca,imi:145879b92c3a84d47f277480fdd54ae94c88da83"><title>Hitler's Steel Beast</title><date></date><icon src="https://staticqbr-be-prod.tnprod.cdn.dmdsdp.com/image-service/ImagesEPG/EventImages/f14__de0__f14de018-9dd6-491e-8f14-8ef0f728ccbd__B78363348.jpg"></icon><desc>Aan het einde van de jaren dertig gaf Hitler opdracht een speciale trein te bouwen, die hem veilig kon vervoeren en zijn groeiende paranoia kon verlichten. We reizen naar Duitsland om te ontdekken wat er van deze uitzonderlijke treinen over is.</desc><category>Overig</category></programme><programme channel="lgi-be-prod-master:history" start="20211227024000 +0000" stop="20211227032500 +0000" catchup-id="crid:~~2F~~2Ftelenet.be~~2F2ba104f6-7ecf-4370-b727-5261e5f974f4,imi:31fc1351249a20511c47bdb416b58926ab49c205"><title>American Pickers</title><date></date><icon src="https://staticqbr-be-prod.tnprod.cdn.dmdsdp.com/image-service/ImagesEPG/EventImages/2d0__677__2d067790-1b16-4876-9ca6-7250efc711b4__B153133145.jpg"></icon><desc>Van een supergrote machinewinkel in Chicago worden de jongens enorm enthousisat. Danielle en Robbie gaan op zoek naar curiosa in een Odd Fellows-huis dat is omgetoverd tot een wijnmakerij.</desc><category>Documentaire, Reality-tv</category></programme><programme channel="lgi-be-prod-master:history" start="20211227032500 +0000" stop="20211227041000 +0000" catchup-id="crid:~~2F~~2Ftelenet.be~~2Fc871155e-5857-42f9-9158-93345784ba8f,imi:ebc35fa8d88fc7293c6813e995fc60d75cf0aeb2"><title>American Pickers</title><date></date><icon src="https://staticqbr-be-prod.tnprod.cdn.dmdsdp.com/image-service/ImagesEPG/EventImages/2d0__677__2d067790-1b16-4876-9ca6-7250efc711b4__B153133145.jpg"></icon><desc>In Illinois kammen Mike en Frank een adembenemende historische jachthaven uit. Danielle sluit in Kansas City een deal over de moeder aller burleske collecties.</desc><category>Documentaire, Reality-tv</category></programme><programme channel="lgi-be-prod-master:history" start="20211227041000 +0000" stop="20211227050000 +0000" catchup-id="crid:~~2F~~2Ftelenet.be~~2Fcf1d74a2-db2e-4055-836c-4ecd6c011b59,imi:5020cde9e9e000344652e1330ad48cd60db5a272"><title>American Pickers</title><date></date><icon src="https://staticqbr-be-prod.tnprod.cdn.dmdsdp.com/image-service/ImagesEPG/EventImages/2d0__677__2d067790-1b16-4876-9ca6-7250efc711b4__B153133145.jpg"></icon><desc>Terwijl ze door Florida reizen, gaan de mannen in een voormalig dranklokaal uit hun dak: een pickers-paradijs!</desc><category>Documentaire, Reality-tv</category></programme><programme channel="lgi-be-prod-master:history" start="20211227050000 +0000" stop="20211227055500 +0000" catchup-id="crid:~~2F~~2Ftelenet.be~~2Fa9202fd2-c112-49eb-a796-ac14aedcf263,imi:f0cd52d2e91398a13273b6c50ef0a80a93b2cd31"><title>American Pickers</title><date></date><icon src="https://staticqbr-be-prod.tnprod.cdn.dmdsdp.com/image-service/ImagesEPG/EventImages/2d0__677__2d067790-1b16-4876-9ca6-7250efc711b4__B153133145.jpg"></icon><desc>Na een leven lang verzamelen en restaureren, opent een stel uit Alabama de deuren naar hun hangar van 28.000 vierkante meter vol hoog octaan-auto's die van de schroothoop zijn gered.</desc><category>Documentaire, Reality-tv</category></programme><programme channel="lgi-be-prod-master:history" start="20211227055500 +0000" stop="20211227062500 +0000" catchup-id="crid:~~2F~~2Ftelenet.be~~2F6e7866b1-ba0f-4870-811b-1e2c9fd169e5,imi:584e2a2e304971a8575cff8b5b5640d55c81186b"><title>Nature Gone Wild</title><date></date><icon src="https://staticqbr-be-prod.tnprod.cdn.dmdsdp.com/image-service/ImagesEPG/EventImages/f14__de0__f14de018-9dd6-491e-8f14-8ef0f728ccbd__B78363348.jpg"></icon><desc>Een bos stort neer op doodsbange automobilisten. Een acrobatische beer pronkt met zijn evenwichtsnummer. En mobiele wc's vliegen in het rond.</desc><category>Overig</category></programme><programme channel="lgi-be-prod-master:history" start="20211227062500 +0000" stop="20211227072000 +0000" catchup-id="crid:~~2F~~2Ftelenet.be~~2Ff44fe16e-9506-4b9d-ab14-ebf2db9d2050,imi:81b2cace2dd174cb18b860546c2f869008809e1c"><title>Curse Of Skinwalker Ranch</title><date></date><icon src="https://staticqbr-be-prod.tnprod.cdn.dmdsdp.com/image-service/ImagesEPG/EventImages/f14__de0__f14de018-9dd6-491e-8f14-8ef0f728ccbd__B78363348.jpg"></icon><desc>Na een thermisch experiment in Homestead Two dat meer bewijs van een vreemde aanwezigheid aan het licht brengt, wordt het team plotseling op gevaarlijke en verontrustende manieren getroffen.</desc><category>Overig</category></programme><programme channel="lgi-be-prod-master:history" start="20211227072000 +0000" stop="20211227081500 +0000" catchup-id="crid:~~2F~~2Ftelenet.be~~2F029b5c89-467d-41bc-8fb2-87f5fb00e93d,imi:f9e9d5103d3155d72a3f41d16c7a0e9f6fe6ded5"><title>Forged In Fire</title><date></date><icon src="https://staticqbr-be-prod.tnprod.cdn.dmdsdp.com/image-service/ImagesEPG/EventImages/14e__176__14e176d5-eadf-4b6a-92d9-b0f181b25393__B127976008.jpg"></icon><desc>Vier smeden moeten staal uit de slee van de kerstman gebruiken om bijzondere messen te smeden. Slechts twee smeden keren terug naar huis om het iconische zwaard na te maken dat generaal George Washington tijdens de Amerikaanse Revolutie droeg.</desc><category>Overig</category></programme><programme channel="lgi-be-prod-master:history" start="20211227081500 +0000" stop="20211227091000 +0000" catchup-id="crid:~~2F~~2Ftelenet.be~~2F86a150cb-d53f-4fdd-9677-dcba075085a3,imi:529904b99ef905ecb554f57eeaf21dcb71daa313"><title>Fifth Gear</title><date></date><icon src="https://staticqbr-be-prod.tnprod.cdn.dmdsdp.com/image-service/ImagesEPG/EventImages/6e7__b97__6e7b97d1-91c8-4764-abd4-235d891d77b0__B165207571.jpg"></icon><desc>Tiff Needell en Rebecca Jackson doen mee aan een van de oudste en buitenissigste autosportevenementen in Groot-Brittannië: The Exeter Trial. Ze moeten dertien onmogelijk steile en modderige heuvels bedwingen in een 24-uur durende race in Devon.</desc><category>Overig</category></programme><programme channel="lgi-be-prod-master:history" start="20211227091000 +0000" stop="20211227100500 +0000" catchup-id="crid:~~2F~~2Ftelenet.be~~2F0f64eb24-79ce-4f69-a2f4-ed86a62e0e5f,imi:85741ca7cc2ab47877fe9a76df79556629bf51f4"><title>Lost Gold Of World War Ii</title><date></date><icon src="https://staticqbr-be-prod.tnprod.cdn.dmdsdp.com/image-service/ImagesEPG/EventImages/5ab__fd3__5abfd3cb-9efe-4d7d-81e4-d0d44a62e66b__B147441205.jpg"></icon><desc>Het zoeken naar een van de grootste schatten in de geschiedenis gaat verder. Lost Gold of World War II hervat de zoektocht naar miljarden dollars aan gestolen buit, die vermoedelijk door de Japanse generaal Tomoyuki Yamashita zijn verborgen.</desc><category>Overig</category></programme><programme channel="lgi-be-prod-master:history" start="20211227100500 +0000" stop="20211227110000 +0000" catchup-id="crid:~~2F~~2Ftelenet.be~~2F1c9b1e54-027a-424b-81d6-c57fa6b4499e,imi:463fed945c4c7ceff22afd20777ccdb6396e803c"><title>Mountain Men</title><date></date><icon src="https://staticqbr-be-prod.tnprod.cdn.dmdsdp.com/image-service/ImagesEPG/EventImages/9d1__80f__9d180f14-3208-4961-915c-fde97b18a5c7__B142567391.jpg"></icon><desc>Jakes tweede achtervolging van de bergleeuw in de Ruby Valley laat hem achter op een klif. Kidd gaat op een wildwaterexcursie en Jason raapt de brokken op, nadat een storm een boom op zijn zaak heeft laten vallen.</desc><category>Documentaire, Reality-tv</category></programme><programme channel="lgi-be-prod-master:history" start="20211227110000 +0000" stop="20211227120000 +0000" catchup-id="crid:~~2F~~2Ftelenet.be~~2F77abebda-4073-46d0-9b03-37a3e92b45ad,imi:d1f41e561dcee958ce3bd43ca58292b3cdf82e48"><title>Ancient Aliens</title><date></date><icon src="https://staticqbr-be-prod.tnprod.cdn.dmdsdp.com/image-service/ImagesEPG/EventImages/aa7__e1a__aa7e1aa0-43c5-4396-9aca-b3e62402fb88__B142567699.jpg"></icon><desc>Het Witte Huis heeft ontkend enige kennis te hebben van buitenaardse objecten die op aarde komen, maar ontmoetingen met vreemde verschijnselen gaan helemaal terug tot George Washington.</desc><category>Overig</category></programme>