<programme channel="lgi-be-prod-master:11football" start="20211226232500 +0000" stop="20211227012500 +0000" catchup-id="crid:~~2F~~2Ftelenet.be~~2F82b34163-fdc7-4404-868b-e04780f0f1b1,imi:fd6bad18f2203ffb60c49466d0f7d3e3a9efc244"><title>Inter - Torino</title><date></date><icon src=""></icon><desc>Voetbal.</desc><category>Sport, Voetbal</category></programme><programme channel="lgi-be-prod-master:11football" start="20211227012500 +0000" stop="20211227032500 +0000" catchup-id="crid:~~2F~~2Ftelenet.be~~2F235cd1f7-b8c5-4db2-a688-1c1c686d198b,imi:8bceceb14915935d84e4a14b323552521c6c7161"><title>Athletic Club - Real Madrid</title><date></date><icon src=""></icon><desc>Voetbal.</desc><category>Sport, Voetbal</category></programme><programme channel="lgi-be-prod-master:11football" start="20211227032500 +0000" stop="20211227050000 +0000" catchup-id="crid:~~2F~~2Ftelenet.be~~2Fb561b423-4c9a-4269-8f36-f3a995fff655,imi:a36d4b19e73f7de455d46c61e26e6b1425c4d615"><title>Ligue 1</title><date></date><icon src="https://staticqbr-be-prod.tnprod.cdn.dmdsdp.com/image-service/ImagesEPG/EventImages/560__15f__56015f1d-054e-41bc-90b7-e7bbe677b8ea__B50645648.jpg"></icon><desc>Voetbal.</desc><category>Sport, Voetbal</category></programme><programme channel="lgi-be-prod-master:11football" start="20211227050000 +0000" stop="20211227070000 +0000" catchup-id="crid:~~2F~~2Ftelenet.be~~2Fbe42311a-3448-4d6d-9229-9f8661a1177c,imi:4501ac0ece93b535b60c953ef2424300923a0511"><title>Efl</title><date></date><icon src="https://staticqbr-be-prod.tnprod.cdn.dmdsdp.com/image-service/ImagesEPG/EventImages/117__82e__11782e0f-968d-4d7d-8ea1-f12e776752e9__B106321384.jpg"></icon><desc>Voetbal.</desc><category>Sport, Voetbal</category></programme><programme channel="lgi-be-prod-master:11football" start="20211227070000 +0000" stop="20211227090000 +0000" catchup-id="crid:~~2F~~2Ftelenet.be~~2F3f6bcc34-b4bf-47ab-bb36-7a66236f3d07,imi:bff080737311e447af22479e0d14b0af88418bc6"><title>Real Madrid - Cadiz</title><date></date><icon src=""></icon><desc>Voetbal.</desc><category>Sport, Voetbal</category></programme><programme channel="lgi-be-prod-master:11football" start="20211227090000 +0000" stop="20211227110000 +0000" catchup-id="crid:~~2F~~2Ftelenet.be~~2F10cde8c1-8aac-4b0d-a42c-9be56c74e66e,imi:abb835264190796bf0055f33eef51f5cc60e326b"><title>Bayern München - Wolfsburg</title><date></date><icon src=""></icon><desc>Voetbal.</desc><category>Sport, Voetbal</category></programme><programme channel="lgi-be-prod-master:11football" start="20211227110000 +0000" stop="20211227113000 +0000" catchup-id="crid:~~2F~~2Ftelenet.be~~2F04c54d53-d5bb-4634-8784-774de54b2d78,imi:3f941af453e3355be3f72a874e84bed7b7d86446"><title>EFL Highlights</title><date></date><icon src="https://staticqbr-be-prod.tnprod.cdn.dmdsdp.com/image-service/ImagesEPG/EventImages/dd0__93f__dd093f32-aa72-4e3d-b84e-9cc51ad8219a__B106262915.jpg"></icon><desc>Sportmagazine.</desc><category>Sport</category></programme><programme channel="lgi-be-prod-master:11football" start="20211227113000 +0000" stop="20211227115000 +0000" catchup-id="crid:~~2F~~2Ftelenet.be~~2Fa86c5b52-a638-46e1-97d8-ab0f6b5f1707,imi:1ad8c06234009892abd2e10b30d582617b2c38ba"><title>SPFL Highlights</title><date></date><icon src="https://staticqbr-be-prod.tnprod.cdn.dmdsdp.com/image-service/ImagesEPG/EventImages/dd0__93f__dd093f32-aa72-4e3d-b84e-9cc51ad8219a__B106262915.jpg"></icon><desc>Sportmagazine.</desc><category>Sport</category></programme><programme channel="lgi-be-prod-master:11football" start="20211227115000 +0000" stop="20211227122000 +0000" catchup-id="crid:~~2F~~2Ftelenet.be~~2F20dc1aed-fb59-4750-b15d-2e312b4a388d,imi:3b8703727f0efb9645c74451f0f177a0c7fafd19"><title>Footballer's Lives</title><date></date><icon src="https://staticqbr-be-prod.tnprod.cdn.dmdsdp.com/image-service/ImagesEPG/EventImages/f14__de0__f14de018-9dd6-491e-8f14-8ef0f728ccbd__B78363348.jpg"></icon><desc></desc><category>Overig</category></programme>