<programme channel="lgi-be-prod-master:theisraelinetwork" start="20211226230000 +0000" stop="20211227001500 +0000" catchup-id="crid:~~2F~~2Ftelenet.be~~2Fcd649a06-b13e-4939-b0fd-424bcb8cafe7-heb,imi:086127a8dfd54b060a22cfb377b52a0b7e87c386"><title>Evening News</title><date></date><icon src="https://staticqbr-be-prod.tnprod.cdn.dmdsdp.com/image-service/ImagesEPG/EventImages/f14__de0__f14de018-9dd6-491e-8f14-8ef0f728ccbd__B78363348.jpg"></icon><desc></desc><category>Actualiteit</category></programme><programme channel="lgi-be-prod-master:theisraelinetwork" start="20211227001500 +0000" stop="20211227010500 +0000" catchup-id="crid:~~2F~~2Ftelenet.be~~2F5984c7e3-b63f-498d-be4e-48ea8de50178-heb,imi:c944fa2f73366c8892cd5ca88037f28a033406f8"><title>6pm - amnon levy</title><date></date><icon src="https://staticqbr-be-prod.tnprod.cdn.dmdsdp.com/image-service/ImagesEPG/EventImages/938__05a__93805a05-b54a-4d86-a6a6-f199a924ace1__B105932964.jpg"></icon><desc></desc><category>Nieuws, Actualiteitenprogramma's</category></programme><programme channel="lgi-be-prod-master:theisraelinetwork" start="20211227010500 +0000" stop="20211227013000 +0000" catchup-id="crid:~~2F~~2Ftelenet.be~~2Feb2baf8c-fcf3-4920-89d2-1eeb41883856-heb,imi:958bd286126dfd4b0705ce941280aab87c4855b3"><title>The Past Day</title><date></date><icon src="https://staticqbr-be-prod.tnprod.cdn.dmdsdp.com/image-service/ImagesEPG/EventImages/f14__de0__f14de018-9dd6-491e-8f14-8ef0f728ccbd__B78363348.jpg"></icon><desc></desc><category>Actualiteit</category></programme><programme channel="lgi-be-prod-master:theisraelinetwork" start="20211227013000 +0000" stop="20211227032000 +0000" catchup-id="crid:~~2F~~2Ftelenet.be~~2Fb96efb8e-b146-412e-944e-d2fbb779a7d4-heb,imi:83fc0db22fc8f95a6b620aa933a1bd99baa6d52a"><title>Opening the day</title><date></date><icon src="https://staticqbr-be-prod.tnprod.cdn.dmdsdp.com/image-service/ImagesEPG/EventImages/e75__aa8__e75aa809-03a1-442b-9c69-845e22973617__W51082683.jpg"></icon><desc></desc><category>Nieuws, Actualiteitenprogramma's</category></programme><programme channel="lgi-be-prod-master:theisraelinetwork" start="20211227032000 +0000" stop="20211227033500 +0000" catchup-id="crid:~~2F~~2Ftelenet.be~~2F77f959ff-fdef-491e-a870-9b5d44afea99-heb,imi:07dee33eb0d63eac7adc1393936bc38df920ca7e"><title>The routine with avri gilad</title><date></date><icon src="https://staticqbr-be-prod.tnprod.cdn.dmdsdp.com/image-service/ImagesEPG/EventImages/f14__de0__f14de018-9dd6-491e-8f14-8ef0f728ccbd__B78363348.jpg"></icon><desc></desc><category>Overig</category></programme><programme channel="lgi-be-prod-master:theisraelinetwork" start="20211227033500 +0000" stop="20211227040000 +0000" catchup-id="crid:~~2F~~2Ftelenet.be~~2F6e1c3065-b8a1-4d48-99ab-8eb82a5ac354-heb,imi:c485fd1c0ee962532e397f250af4741eae1febe0"><title>Le gazoduc de la discorde</title><date>2010</date><icon src="https://staticqbr-be-prod.tnprod.cdn.dmdsdp.com/image-service/ImagesEPG/EventImages/69a__201__69a20120-e71e-4c92-929d-5fe6493645fc__B160043378.jpg"></icon><desc>Depuis 2005, la petite communauté de Rossport, située sur la côte irlandaise, s'oppose au pétrolier Shell, qui veut construire un gazoduc sous-marin.</desc><category>Documentaire, Oude culturen</category></programme><programme channel="lgi-be-prod-master:theisraelinetwork" start="20211227040000 +0000" stop="20211227043500 +0000" catchup-id="crid:~~2F~~2Ftelenet.be~~2F20c88547-fb67-4225-9591-63d0a5437586-heb,imi:e6d896269bce67cfb524b632f1860f582d7768ae"><title>All Inclusive</title><date>2016</date><icon src="https://staticqbr-be-prod.tnprod.cdn.dmdsdp.com/image-service/ImagesEPG/EventImages/f14__de0__f14de018-9dd6-491e-8f14-8ef0f728ccbd__B78363348.jpg"></icon><desc></desc><category>Spelshow</category></programme><programme channel="lgi-be-prod-master:theisraelinetwork" start="20211227043500 +0000" stop="20211227060500 +0000" catchup-id="crid:~~2F~~2Ftelenet.be~~2F6ea80150-9df2-49a9-8e84-8c9910ae1381-heb,imi:75ab6d544dd678628024f3c14658719c751be816"><title>Five - sharon gal</title><date></date><icon src="https://staticqbr-be-prod.tnprod.cdn.dmdsdp.com/image-service/ImagesEPG/EventImages/215__e00__215e00d1-e35d-49ff-a2c6-bb77a2917299__W106255293.jpg"></icon><desc></desc><category>Nieuws, Actualiteitenprogramma's</category></programme><programme channel="lgi-be-prod-master:theisraelinetwork" start="20211227060500 +0000" stop="20211228050000 +0000" catchup-id="crid:~~2F~~2Ftelenet.be~~2F837b5918-bdd5-49bd-af76-40a05cbbc16b-heb,imi:bc96b3653ee8a4b5e29629c201e97ecf4fc86596"><title>Geen programmagegevens beschikbaar</title><date></date><icon src=""></icon><desc>Geen programmagegevens beschikbaar.</desc><category>Overig</category></programme>