<programme channel="lgi-be-prod-master:mezzo" start="20211226230000 +0000" stop="20211226235400 +0000" catchup-id="crid:~~2F~~2Ftelenet.be~~2F5cf4ba55-c336-40f8-b05b-ca7a432162f1-fre,imi:25794397ea4152718676f58723b52663abcbba6e"><title>Festival de Saintes 2020</title><date></date><icon src="https://staticqbr-be-prod.tnprod.cdn.dmdsdp.com/image-service/ImagesEPG/EventImages/d91__f92__d91f9226-7c2d-4c27-805f-e7d6c49da1e9__B105933931.jpg"></icon><desc>Au programme : les oeuvers de Gabriel Fauré, Hector Berlioz, Claude Debussy et Henri Duparc.</desc><category>Muziek</category></programme><programme channel="lgi-be-prod-master:mezzo" start="20211226235400 +0000" stop="20211227010000 +0000" catchup-id="crid:~~2F~~2Ftelenet.be~~2F9923dd41-0300-4904-a40b-524fa35a262f-fre,imi:14242df7193d69a16588f155c3a7002661e6911a"><title>Intermezzo</title><date></date><icon src="https://staticqbr-be-prod.tnprod.cdn.dmdsdp.com/image-service/ImagesEPG/EventImages/69a__201__69a20120-e71e-4c92-929d-5fe6493645fc__B160043378.jpg"></icon><desc>Un florilège d'extraits musicaux, une façon différente et extrêmement variée de découvrir la musique, les interprètes et les orchestres.</desc><category>Documentaire, Oude culturen</category></programme><programme channel="lgi-be-prod-master:mezzo" start="20211227010000 +0000" stop="20211227014300 +0000" catchup-id="crid:~~2F~~2Ftelenet.be~~2F8cc840b0-183e-436f-beff-af45e680b8c7-fre,imi:5f4e19c54c41fd0ceb657baac52989c1d5c4efbe"><title>Festival de Grenade : Pablo Sáinz-Villegas, Hommage à Andrés Segovia</title><date>2021</date><icon src="https://staticqbr-be-prod.tnprod.cdn.dmdsdp.com/image-service/ImagesEPG/EventImages/d91__f92__d91f9226-7c2d-4c27-805f-e7d6c49da1e9__B105933931.jpg"></icon><desc>Au programme : Oeuvres de Enrique Granados : &quot;Danse espagnole nº5 'Andalouse'&quot;, op. 37 ; &quot;Danse espagnole nº10 ; &quot;Danse mélancolique&quot;, op. 37 ; &quot;Invocation et danse&quot;, de Joaquín Rodrigo ; Oeuvres de Francisco Tárrega : &quot;Caprice arabe&quot; ; &quot;Prélude-larme&quot; ; &quot;Adelita&quot; ; Oeuvres de d'Isaac Albéniz : &quot;Torre Bermeja&quot;, des &quot;Douze pièces caractéristiques&quot;, op. 92 ; &quot;Majorque (Barcarola)&quot;, op. 202 ; &quot;Asturies (Légende)&quot;, de la &quot;Suite espagnole&quot;, op. 47.</desc><category>Muziek</category></programme><programme channel="lgi-be-prod-master:mezzo" start="20211227014300 +0000" stop="20211227024300 +0000" catchup-id="crid:~~2F~~2Ftelenet.be~~2Fc4738ff4-5ac9-4151-8b74-dd3004246518-fre,imi:d4996b86ea2b4eddf123165e2dbb3f556f7068d3"><title>Javier Perianes à l'Alhambra de Grenade</title><date></date><icon src="https://staticqbr-be-prod.tnprod.cdn.dmdsdp.com/image-service/ImagesEPG/EventImages/d91__f92__d91f9226-7c2d-4c27-805f-e7d6c49da1e9__B105933931.jpg"></icon><desc>Au programme : &quot;Le tombeau de Claude Debussy&quot;, de Manuel de Falla ; &quot;La soirée dans Grenade&quot;, &quot;La Puerta del Vino, Préludes, Livre II&quot;, &quot;La sérénade interrompue, Préludes, Livre I&quot;, de Claude Debussy ; &quot;El Albayzín&quot;, &quot;Suite Iberia&quot;, de Isaac Albéniz ; &quot;El amor brujo, suite pour piano&quot;, &quot;Fantasía Baetica&quot;, de Manuel de Falla.</desc><category>Muziek</category></programme><programme channel="lgi-be-prod-master:mezzo" start="20211227024300 +0000" stop="20211227050000 +0000" catchup-id="crid:~~2F~~2Ftelenet.be~~2F9923dd41-0300-4904-a40b-524fa35a262f-fre,imi:d2d7b05d01f1badd1e770c90c1ce32b68c261fe8"><title>Intermezzo</title><date></date><icon src="https://staticqbr-be-prod.tnprod.cdn.dmdsdp.com/image-service/ImagesEPG/EventImages/69a__201__69a20120-e71e-4c92-929d-5fe6493645fc__B160043378.jpg"></icon><desc>Un florilège d'extraits musicaux, une façon différente et extrêmement variée de découvrir la musique, les interprètes et les orchestres.</desc><category>Documentaire, Oude culturen</category></programme><programme channel="lgi-be-prod-master:mezzo" start="20211227050000 +0000" stop="20211227070400 +0000" catchup-id="crid:~~2F~~2Ftelenet.be~~2Fa4935b40-aea9-439b-ac16-7ead66a2627a-fre,imi:74dd68856c9af696b0085abd1873556eb64d055a"><title>Juditha triumphans</title><date></date><icon src="https://staticqbr-be-prod.tnprod.cdn.dmdsdp.com/image-service/ImagesEPG/EventImages/d17__cb1__d17cb1a6-4975-43f2-a006-e80a05891e76__B105933935.jpg"></icon><desc>Le roi de Babylone Nabuchodonosor envoie son général Holopherne conquérir la ville de Béthulie en Israël. Pour sauver ses compatriotes israélites, la courageuse Judith décide de séduire Holopherne. Quand il s'endort, elle lui coupe la tête.</desc><category>Muziek, Klassieke muziek</category></programme><programme channel="lgi-be-prod-master:mezzo" start="20211227070400 +0000" stop="20211227083000 +0000" catchup-id="crid:~~2F~~2Ftelenet.be~~2F9923dd41-0300-4904-a40b-524fa35a262f-fre,imi:f3118e8476e9ad885aa6de4fde49b49356786063"><title>Intermezzo</title><date></date><icon src="https://staticqbr-be-prod.tnprod.cdn.dmdsdp.com/image-service/ImagesEPG/EventImages/69a__201__69a20120-e71e-4c92-929d-5fe6493645fc__B160043378.jpg"></icon><desc>Un florilège d'extraits musicaux, une façon différente et extrêmement variée de découvrir la musique, les interprètes et les orchestres.</desc><category>Documentaire, Oude culturen</category></programme><programme channel="lgi-be-prod-master:mezzo" start="20211227083000 +0000" stop="20211227100000 +0000" catchup-id="crid:~~2F~~2Ftelenet.be~~2Fb5c60e3a-af7c-425d-9186-0758c3aa4757-fre,imi:20844f0dbd6d6f504b5187c8e6dd8f3d1d578d59"><title>Tugan Sokhiev et le Capitole de Toulouse</title><date></date><icon src="https://staticqbr-be-prod.tnprod.cdn.dmdsdp.com/image-service/ImagesEPG/EventImages/b4c__e2d__b4ce2dc9-0027-4694-9ddb-9f3ccab885e8__B145113416.jpg"></icon><desc>Au programme : &quot;Concerto pour piano n°2&quot; en sol mineur op. 16, de Sergei Prokofiev ; &quot;Symphonie n°10&quot; en mi mineur op. 93, de Dmitri Chostakovitch.</desc><category>Muziek</category></programme><programme channel="lgi-be-prod-master:mezzo" start="20211227100000 +0000" stop="20211227110900 +0000" catchup-id="crid:~~2F~~2Ftelenet.be~~2F3e2dd410-381c-48d7-8388-7f895e352535-fre,imi:85b64c866c95a7e35ffc9824505111988904ce4f"><title>L'Orchestre National du Capitole de Toulouse, Maxim Emelyanychev et Adam Laloum</title><date></date><icon src="https://staticqbr-be-prod.tnprod.cdn.dmdsdp.com/image-service/ImagesEPG/EventImages/d91__f92__d91f9226-7c2d-4c27-805f-e7d6c49da1e9__B105933931.jpg"></icon><desc>Orchestre National du Capitole de Toulouse, Maxim Emelyanychev (direction) Adam Laloum (Piano) Robert Schumann (1810 - 1856) Genoveva, overture op. 81 Concerto pour piano en la mineur, op. 54 Symphonie n° 4 en ré mineur, op. 120 Enregistré à la Halle aux Grains, Toulouse, 8 janvier 2021 &quot;</desc><category>Muziek</category></programme><programme channel="lgi-be-prod-master:mezzo" start="20211227110900 +0000" stop="20211227120000 +0000" catchup-id="crid:~~2F~~2Ftelenet.be~~2F9923dd41-0300-4904-a40b-524fa35a262f-fre,imi:93f028d83fa323e8d86e19172bf651b4ca129646"><title>Intermezzo</title><date></date><icon src="https://staticqbr-be-prod.tnprod.cdn.dmdsdp.com/image-service/ImagesEPG/EventImages/69a__201__69a20120-e71e-4c92-929d-5fe6493645fc__B160043378.jpg"></icon><desc>Un florilège d'extraits musicaux, une façon différente et extrêmement variée de découvrir la musique, les interprètes et les orchestres.</desc><category>Documentaire, Oude culturen</category></programme>