<programme channel="lgi-be-prod-master:stories" start="20211226230000 +0000" stop="20211226233000 +0000" catchup-id="crid:~~2F~~2Ftelenet.be~~2F0dd1af61-8b6a-43cd-ab68-703fc853bcf7,imi:c18750bae7dd78568e7cc4af3b626e55d4c3f2db"><title>Dyk?</title><date></date><icon src="https://staticqbr-be-prod.tnprod.cdn.dmdsdp.com/image-service/ImagesEPG/EventImages/07f__654__07f65435-7b5e-4f82-92a5-367816d38fa2__B106261207.jpg"></icon><desc>Funfacts uit de showbizzwereld met Anke Goergen</desc><category>Documentaire, Oude culturen</category></programme><programme channel="lgi-be-prod-master:stories" start="20211226233000 +0000" stop="20211227000000 +0000" catchup-id="crid:~~2F~~2Ftelenet.be~~2F63571ee0-54f7-4d4a-ae27-8af65961734d,imi:ec7b34b97f4ecb3ea936ef4650079a41cd7f45a5"><title>Meditijd</title><date></date><icon src="https://staticqbr-be-prod.tnprod.cdn.dmdsdp.com/image-service/ImagesEPG/EventImages/f14__de0__f14de018-9dd6-491e-8f14-8ef0f728ccbd__B78363348.jpg"></icon><desc>In Meditijd praat Jan Van Parijs met experten uit de medische wereld.</desc><category>Overig</category></programme><programme channel="lgi-be-prod-master:stories" start="20211227000000 +0000" stop="20211227010000 +0000" catchup-id="crid:~~2F~~2Ftelenet.be~~2F97741f8f-dfae-41c5-b8a8-3867aa9e4d83,imi:7dc1df908eb89fa192c54202fbd5450cecd9a615"><title>De Platenkast</title><date></date><icon src="https://staticqbr-be-prod.tnprod.cdn.dmdsdp.com/image-service/ImagesEPG/EventImages/f14__de0__f14de018-9dd6-491e-8f14-8ef0f728ccbd__B78363348.jpg"></icon><desc>De Platenkast van Frank Vloeberghs. Stefan Ackermans overloopt het leven van bekende Vlamingen aan de hand van hun platenkast.</desc><category>Overig</category></programme><programme channel="lgi-be-prod-master:stories" start="20211227010000 +0000" stop="20211227020000 +0000" catchup-id="crid:~~2F~~2Ftelenet.be~~2F7acd6c66-b54e-4431-be64-d4bf6d7d7cb8,imi:e4c5ae4a7ad83ca5d6a343ea77010372e09ad326"><title>Music Plus</title><date></date><icon src="https://staticqbr-be-prod.tnprod.cdn.dmdsdp.com/image-service/ImagesEPG/EventImages/d91__f92__d91f9226-7c2d-4c27-805f-e7d6c49da1e9__B105933931.jpg"></icon><desc>Muziek van hier en nu</desc><category>Muziek</category></programme><programme channel="lgi-be-prod-master:stories" start="20211227020000 +0000" stop="20211227030000 +0000" catchup-id="crid:~~2F~~2Ftelenet.be~~2F3aea125d-2636-4897-a369-14c9461cc800,imi:859312161a5d48fe534fc5754e9c24297a109f28"><title>Non stop retro</title><date></date><icon src="https://staticqbr-be-prod.tnprod.cdn.dmdsdp.com/image-service/ImagesEPG/EventImages/f14__de0__f14de018-9dd6-491e-8f14-8ef0f728ccbd__B78363348.jpg"></icon><desc>Ongestoord genieten van hits uit het verleden</desc><category>Overig</category></programme><programme channel="lgi-be-prod-master:stories" start="20211227030000 +0000" stop="20211227040000 +0000" catchup-id="crid:~~2F~~2Ftelenet.be~~2F94654379-d3d4-4c27-8b37-1d9187fad0c1,imi:ef540bf6e91713390764bd8143a7dbdf07878ff4"><title>Hoes'oh?!</title><date></date><icon src="https://staticqbr-be-prod.tnprod.cdn.dmdsdp.com/image-service/ImagesEPG/EventImages/f14__de0__f14de018-9dd6-491e-8f14-8ef0f728ccbd__B78363348.jpg"></icon><desc>Een zoektocht in de platenkast van TV Plus</desc><category>Overig</category></programme><programme channel="lgi-be-prod-master:stories" start="20211227040000 +0000" stop="20211227050000 +0000" catchup-id="crid:~~2F~~2Ftelenet.be~~2Fe304a560-0db2-45f1-9db2-37e2b5232541,imi:ca54d50180e6eb64ef9cb03439941b9f1a686879"><title>Jukebox</title><date></date><icon src="https://staticqbr-be-prod.tnprod.cdn.dmdsdp.com/image-service/ImagesEPG/EventImages/d91__f92__d91f9226-7c2d-4c27-805f-e7d6c49da1e9__B105933931.jpg"></icon><desc>De jukebox van TV Plus verrast je met geweldige retromuziek</desc><category>Muziek</category></programme><programme channel="lgi-be-prod-master:stories" start="20211227050000 +0000" stop="20211227053000 +0000" catchup-id="crid:~~2F~~2Ftelenet.be~~2F447c28df-ba69-4074-9c01-f703b2af23b5,imi:9056857dede0b004424f349d5b3e035d1b4622c8"><title>Hello Cox</title><date></date><icon src="https://staticqbr-be-prod.tnprod.cdn.dmdsdp.com/image-service/ImagesEPG/EventImages/f14__de0__f14de018-9dd6-491e-8f14-8ef0f728ccbd__B78363348.jpg"></icon><desc>De wereld van de BV's volgens Maarten Cox.</desc><category>Overig</category></programme><programme channel="lgi-be-prod-master:stories" start="20211227053000 +0000" stop="20211227070000 +0000" catchup-id="crid:~~2F~~2Ftelenet.be~~2F45b78266-1361-4170-a3e6-ee5e7c254db1,imi:b7865397c323890951ed7ea7fe49feb07a10c46d"><title>Non stop retro</title><date></date><icon src="https://staticqbr-be-prod.tnprod.cdn.dmdsdp.com/image-service/ImagesEPG/EventImages/f14__de0__f14de018-9dd6-491e-8f14-8ef0f728ccbd__B78363348.jpg"></icon><desc>Ongestoord genieten van hits uit het verleden</desc><category>Overig</category></programme><programme channel="lgi-be-prod-master:stories" start="20211227070000 +0000" stop="20211228050000 +0000" catchup-id="crid:~~2F~~2Ftelenet.be~~2F086e6f4b-a682-4408-b1c9-7f5c1c661594,imi:157d39c0a9d055555eeeced98cc522827dde92ef"><title>Geen programmagegevens beschikbaar</title><date></date><icon src=""></icon><desc>Geen programmagegevens beschikbaar.</desc><category>Overig</category></programme>