<programme channel="lgi-be-prod-master:plugrtl" start="20211227005000 +0000" stop="20211227070000 +0000" catchup-id="crid:~~2F~~2Ftelenet.be~~2F439d4325-ac72-45fc-b176-5b9ab0e4ed20-fre,imi:4eea7180442520d396b73c1e60e4c64b5222e6fa"><title>Télé-achat</title><date></date><icon src="https://staticqbr-be-prod.tnprod.cdn.dmdsdp.com/image-service/ImagesEPG/EventImages/84a__d6f__84ad6fbd-5270-45d4-ba6f-0ca3ed6793ba__B105941316.jpg"></icon><desc>Tous vos produits préférés pour la cuisine, la salle de bain, votre voiture, votre bien-être, bref de quoi améliorer votre vie au quotidien, tout cela présenté en détail.</desc><category>Vrije tijd, Shoppen</category></programme><programme channel="lgi-be-prod-master:plugrtl" start="20211227070000 +0000" stop="20211227083000 +0000" catchup-id="crid:~~2F~~2Ftelenet.be~~2F2eb1b8e8-5bbb-4888-a69d-83a4eaf46a71-fre,imi:f43b71dcbbb0f99432b3ff4a97984b5acb173eb6"><title>Shopping Hours</title><date></date><icon src="https://staticqbr-be-prod.tnprod.cdn.dmdsdp.com/image-service/ImagesEPG/EventImages/7b9__201__7b9201f4-003d-4b3a-8552-e1f3419f946d__B145364926.jpg"></icon><desc>Tous vos produits préférés pour la cuisine, la salle de bain, votre voiture, votre bien-être; bref de quoi améliorer votre vie au quotidien. Tout cela présenté en détail.</desc><category>Nieuws, Actualiteitenprogramma's</category></programme><programme channel="lgi-be-prod-master:plugrtl" start="20211227083000 +0000" stop="20211227103000 +0000" catchup-id="crid:~~2F~~2Ftelenet.be~~2F0d4211d7-0170-44b4-9e5d-03788e511144-fre,imi:a89629878c6b05a7df623cd30efd590164259f50"><title>La boutique</title><date></date><icon src="https://staticqbr-be-prod.tnprod.cdn.dmdsdp.com/image-service/ImagesEPG/EventImages/3a4__0c8__3a40c84c-c8fb-4e6a-92c3-05c4cb10e2a2__B77811056.jpg"></icon><desc>Secrets de beauté, magie des bijoux, créations de mode, cuisine conviviale et gourmande, entretien et décoration de la maison, etc. La Boutique RTL TVI explore les nouvelles tendances et vous fait vivre une expérience d'achat unique.</desc><category>Vrije tijd, Shoppen</category></programme><programme channel="lgi-be-prod-master:plugrtl" start="20211227103000 +0000" stop="20211227123000 +0000" catchup-id="crid:~~2F~~2Ftelenet.be~~2F509fdf2e-c4ae-4e1d-94d2-bd6dea25bc67-fre,imi:b4c752857e89a3ad11872d71f5e080d6dbbe6c5a"><title>Shopping Hours</title><date></date><icon src="https://staticqbr-be-prod.tnprod.cdn.dmdsdp.com/image-service/ImagesEPG/EventImages/7b9__201__7b9201f4-003d-4b3a-8552-e1f3419f946d__B145364926.jpg"></icon><desc>Tous vos produits préférés pour la cuisine, la salle de bain, votre voiture, votre bien-être; bref de quoi améliorer votre vie au quotidien. Tout cela présenté en détail.</desc><category>Nieuws, Actualiteitenprogramma's</category></programme>