<programme channel="lgi-be-prod-master:vitaya" start="20211226231500 +0000" stop="20211227000500 +0000" catchup-id="crid:~~2F~~2Ftelenet.be~~2Fcdcf0bf9-f330-4fdc-a6cc-f2de06d9e5e3,imi:e6d8b0ce04118c45f0fa5d1bcbb2e5c091b25040"><title>Emergence</title><date></date><icon src="https://staticqbr-be-prod.tnprod.cdn.dmdsdp.com/image-service/ImagesEPG/EventImages/734__edb__734edb39-2b9d-41d9-aaac-a8ee4ed2cb9a__B165276730.jpg"></icon><desc>Jo en Books proberen te communiceren met Piper. Ondertussen wil Piper Benny redden uit handen van Helen, die mysterieuze plannen heeft. Alex krijgt een verrassend aanbod dat alles kan veranderen.</desc><category>Dramaseries</category></programme><programme channel="lgi-be-prod-master:vitaya" start="20211227000500 +0000" stop="20211227005500 +0000" catchup-id="crid:~~2F~~2Ftelenet.be~~2F388dd128-3a5d-4965-b59b-18d6ba7ed8fe,imi:7824c7afcb4ef3c56c3d6ebad1243f567fbf6b92"><title>The Orville</title><date></date><icon src="https://staticqbr-be-prod.tnprod.cdn.dmdsdp.com/image-service/ImagesEPG/EventImages/eec__ea4__eecea4dd-bed4-4c9f-af47-c8541ff91622__B149050669.jpg"></icon><desc>Ed ontdekt dat de Moclans aan boord een geheim koesteren.</desc><category>Sitcoms</category></programme><programme channel="lgi-be-prod-master:vitaya" start="20211227005500 +0000" stop="20211227100000 +0000" catchup-id="crid:~~2F~~2Ftelenet.be~~2F091728cf-96c4-45e5-baf3-5e1297220bc2,imi:3e913fe07d424b94daef3e4f073df255ceefc6ea"><title>Zenderonderbreking</title><date></date><icon src="https://staticqbr-be-prod.tnprod.cdn.dmdsdp.com/image-service/ImagesEPG/EventImages/827__2a6__8272a660-49a5-439a-9706-32f2eed9518e__B207951666.jpg"></icon><desc>Geen uitzending.</desc><category>Overig</category></programme><programme channel="lgi-be-prod-master:vitaya" start="20211227100000 +0000" stop="20211227105000 +0000" catchup-id="crid:~~2F~~2Ftelenet.be~~2F2c0bda15-5077-40dc-9b87-aa200aacbd87,imi:dda7f3d7d4f5a4c93af11dc62601ce75bb41e863"><title>Sturm der Liebe</title><date></date><icon src="https://staticqbr-be-prod.tnprod.cdn.dmdsdp.com/image-service/ImagesEPG/EventImages/57d__f6f__57df6f14-70df-4d41-a26d-6d3c406ce418__B77359457.jpg"></icon><desc>Ariane heeft een manier gevonden om Christoph, Werner en Robert onder druk te zetten. Christoph en Werner willen toegeven, maar Robert wil daar niet van weten. Franzi en Tim zijn dolgelukkig. Nu Steffen niet meer tussen hen in staat, kunnen ze volop voor mekaar gaan. Tijdens hun zoektocht naar André ontmoeten Michael en Rosalie auteur Joell Wauters, die onderzoek doet naar de riviergeest.</desc><category>Soap</category></programme><programme channel="lgi-be-prod-master:vitaya" start="20211227105000 +0000" stop="20211227132000 +0000" catchup-id="crid:~~2F~~2Ftelenet.be~~2Fbee35e60-b4d7-4ad1-a40d-80a642e55455,imi:45d95e595b0742fd5c756c30f4d08d6c1e3ab57e"><title>Onderbreking</title><date></date><icon src="https://staticqbr-be-prod.tnprod.cdn.dmdsdp.com/image-service/ImagesEPG/EventImages/78f__643__78f643e0-edef-483a-a1e8-f0ddc986ddfa__B175566789.jpg"></icon><desc>Geen uitzending.</desc><category>Overig</category></programme>