<programme channel="lgi-be-prod-master:bbchd" start="20211227001500 +0000" stop="20211227021500 +0000" catchup-id="crid:~~2F~~2Ftelenet.be~~2F8c7dd874-eb82-4f13-9e2c-2d6d29911b40-eng,imi:04ed7152ef3122b3e10dee3edf647688807ad1c8"><title>The Accountant</title><date>2016</date><icon src="https://staticqbr-be-prod.tnprod.cdn.dmdsdp.com/image-service/ImagesEPG/EventImages/a41__693__a416934c-3d8e-41a6-a701-63aff9b01eda__B110185338.jpg"></icon><desc>Christian Wolff is een wiskundegenie. Achter de deuren van een klein onopvallend boekhoudkantoor, werkt hij als freelance accountant voor 's werelds machtigste criminele organisaties. Wanneer de fiscus hem op de hielen zit, gaat hij als afleidingsmanoeuvre aan de slag bij een vooruitstrevend roboticabedrijf. Maar niets is wat het lijkt. Miljoenen dollars verdwijnen als sneeuw voor de zon en wanneer Christian grondig de boekhouding doorloopt en steeds dichter bij de waarheid komt, loopt ook het aantal dodelijke slachtoffers steeds verder op.</desc><category>Film, Actie</category></programme><programme channel="lgi-be-prod-master:bbchd" start="20211227021500 +0000" stop="20211227022000 +0000" catchup-id="crid:~~2F~~2Ftelenet.be~~2F49224b91-a46d-47f0-bd29-34afa6baa81e-eng,imi:e1527cadc2d63dd0fc5fac62c568c42b9c3e05e2"><title>Weather for the Week Ahead</title><date></date><icon src="https://staticqbr-be-prod.tnprod.cdn.dmdsdp.com/image-service/ImagesEPG/EventImages/6cc__e39__6cce3994-c24f-49ef-ae01-972e4d5d7646__B108622724.jpg"></icon><desc>Weerbericht voor de komende week</desc><category>Nieuws, Weer</category></programme><programme channel="lgi-be-prod-master:bbchd" start="20211227022000 +0000" stop="20211227060000 +0000" catchup-id="crid:~~2F~~2Ftelenet.be~~2F2853839c-93f8-47bc-b1d9-bbfdbe476899-eng,imi:6515e75d04a7d7203c44e24d23dc9ce0de92b9f3"><title>BBC News (night)</title><date></date><icon src="https://staticqbr-be-prod.tnprod.cdn.dmdsdp.com/image-service/ImagesEPG/EventImages/f03__852__f038526c-04df-4a88-88f0-d9b77658c79d__B106831871.jpg"></icon><desc>Het laatste nationaal en internationaal nieuws</desc><category>Actualiteit</category></programme><programme channel="lgi-be-prod-master:bbchd" start="20211227060000 +0000" stop="20211227074500 +0000" catchup-id="crid:~~2F~~2Ftelenet.be~~2Fd4b425ad-b1f7-4ea6-9be0-01a7a4d55b2c-eng,imi:b65aa91e8e82add1d75095a3bc4d5940ef563f06"><title>Breakfast</title><date></date><icon src="https://staticqbr-be-prod.tnprod.cdn.dmdsdp.com/image-service/ImagesEPG/EventImages/e4b__95d__e4b95d80-0f92-4d0b-8120-e4d31c807e6a__B52383341.jpg"></icon><desc>A round-up of national and international news, plus current affairs, arts and entertainment, and weather</desc><category>Nieuws, Actualiteitenprogramma's</category></programme><programme channel="lgi-be-prod-master:bbchd" start="20211227074500 +0000" stop="20211227092000 +0000" catchup-id="crid:~~2F~~2Ftelenet.be~~2Fbbcc9331-8ce2-4558-be6c-c7e211bc3c0c-eng,imi:5c1a22849747c3959675065e41c1cb76e6be6e08"><title>Match of the Day</title><date></date><icon src="https://staticqbr-be-prod.tnprod.cdn.dmdsdp.com/image-service/ImagesEPG/EventImages/e32__bce__e32bce52-915d-412c-800e-a9f61cfa36dc__B110114385.jpg"></icon><desc>Met samenvattingen van de wedstrijden op Boxing Day: Manchester City - Leicester City, Liverpool - Leeds United, Wolverhampton Wanderers - Watford, Burnley - Everton, Norwich City - Arsenal, Tottenham Hotspur - Crystal Palace, West Ham United - Southampton en Brighton &amp; Hove Albion - Brentford.</desc><category>Sport, Voetbal</category></programme><programme channel="lgi-be-prod-master:bbchd" start="20211227092000 +0000" stop="20211227104500 +0000" catchup-id="crid:~~2F~~2Ftelenet.be~~2Fab9f5fd0-354c-47de-a19a-0a4beaa45898-eng,imi:374eea3568836fd2114645989dfdf1f6e58a0867"><title>Monsters vs Aliens</title><date>2009</date><icon src="https://staticqbr-be-prod.tnprod.cdn.dmdsdp.com/image-service/ImagesEPG/EventImages/a20__eeb__a20eeb21-eccd-4a8e-82f9-ca45e37d0fc8__B116498419.jpg"></icon><desc>Wanneer Susan Murphy op haar trouwdag geraakt wordt door een meteoriet, groeit ze plots vijftien meter en wordt ze meteen bestempeld als een monster. Het leger neemt haar gevangen en brengt haar naar een geheim kamp waar een bonte verzameling aan monsters wordt vastgehouden. Wanneer de aarde wordt aangevallen door buitenaardse robots komt er een einde aan hun gevangenschap. Alle hoop van de mensheid is nu gevestigd op de monsters, die als enigen de wereld kunnen beschermen.</desc><category>Film, Animatie</category></programme><programme channel="lgi-be-prod-master:bbchd" start="20211227104500 +0000" stop="20211227121500 +0000" catchup-id="crid:~~2F~~2Ftelenet.be~~2F332153d7-6b9c-4b7e-8966-7d99d9a46932-eng,imi:3a442bca9d3f38e72c09228db029b0013102f6b0"><title>The Boss Baby</title><date>2017</date><icon src="https://staticqbr-be-prod.tnprod.cdn.dmdsdp.com/image-service/ImagesEPG/EventImages/c62__85f__c6285f9e-503b-4655-b6e0-cc7276b113bf__B120226577.jpg"></icon><desc>Wanneer Tim een missie onderneemt om de liefde van zijn ouders terug te winnen, ontdekt hij een geheim plan van de CEO van Puppy Co. dat de liefdesbalans in de wereld wil verpesten. Aan de basis van deze plannen staat een baby die doet alsof het nieuwe broertje van Tim is. Samen met zijn echte nieuwe broertje, moet de jongen nu de plannen een halt toeroepen.</desc><category>Film, Animatie</category></programme>