<programme channel="lgi-be-prod-master:tmc" start="20211227004500 +0000" stop="20211227054500 +0000" catchup-id="crid:~~2F~~2Ftelenet.be~~2F703896bf-fc22-450c-bab1-602c60262257-fre,imi:49460368187b26bb3c92659d755354dcbc98e08a"><title>Nachtprogramma's</title><date></date><icon src="https://staticqbr-be-prod.tnprod.cdn.dmdsdp.com/image-service/ImagesEPG/EventImages/277__c09__277c0973-34e1-4644-ad64-eac7b336188a__B169762966.jpg"></icon><desc>Retrouvez tous vos programmes de nuit.</desc><category>Actualiteit</category></programme><programme channel="lgi-be-prod-master:tmc" start="20211227054500 +0000" stop="20211227074500 +0000" catchup-id="crid:~~2F~~2Ftelenet.be~~2F6a212a79-23b2-4772-9236-84b4fbc1bc37-fre,imi:bac9e311064a985f83c5212a5fdbb18bf61514d6"><title>TV Achat TMC</title><date></date><icon src="https://staticqbr-be-prod.tnprod.cdn.dmdsdp.com/image-service/ImagesEPG/EventImages/215__e00__215e00d1-e35d-49ff-a2c6-bb77a2917299__W106255293.jpg"></icon><desc>Pour faire les boutiques sans sortir de chez soi.</desc><category>Nieuws, Actualiteitenprogramma's</category></programme><programme channel="lgi-be-prod-master:tmc" start="20211227074500 +0000" stop="20211227093000 +0000" catchup-id="crid:~~2F~~2Ftelenet.be~~2F21998832-4cfe-48c2-97b5-80c1add19093-fre,imi:e04f7bb7891fc0f357a266e79108bfc0c182ee4b"><title>Noël sous le signe du destin</title><date></date><icon src="https://staticqbr-be-prod.tnprod.cdn.dmdsdp.com/image-service/ImagesEPG/EventImages/f14__de0__f14de018-9dd6-491e-8f14-8ef0f728ccbd__B78363348.jpg"></icon><desc>Olivia et Edward viennent en aide à une vieille femme qui perd ses billets de banque dans la rue. A partir de ce jour, leurs chemins ne cessent de se croiser. Hasard ou fatalité ?</desc><category>Overig</category></programme><programme channel="lgi-be-prod-master:tmc" start="20211227093000 +0000" stop="20211227111000 +0000" catchup-id="crid:~~2F~~2Ftelenet.be~~2F84cf7067-5a50-4ee4-8100-3c5f7a1d0c70-fre,imi:52da25ec7235598483b195b0446f1dfb2fc27452"><title>Père Noël incognito</title><date></date><icon src="https://staticqbr-be-prod.tnprod.cdn.dmdsdp.com/image-service/ImagesEPG/EventImages/f14__de0__f14de018-9dd6-491e-8f14-8ef0f728ccbd__B78363348.jpg"></icon><desc>En quête d'un scoop qui lui ouvrirait les portes d'une chaîne de télévision, une journaliste tente d'approcher un mystérieux et généreux Père Noël.</desc><category>Overig</category></programme><programme channel="lgi-be-prod-master:tmc" start="20211227111000 +0000" stop="20211227130000 +0000" catchup-id="crid:~~2F~~2Ftelenet.be~~2F16c5a7c8-8d64-4e3e-930f-6f59ff3cd152-fre,imi:07a17b6ca824448f613ab72844bffba076bdcfee"><title>My Christmas Love</title><date>2016</date><icon src="https://staticqbr-be-prod.tnprod.cdn.dmdsdp.com/image-service/ImagesEPG/EventImages/c7c__d85__c7cd8563-c7e3-4e9d-b69e-b316e082c2a8__B115994625.jpg"></icon><desc>In de liefde heeft Cynthia extreem hoge verwachtingen van mannen. Wanneer ze plots cadeautjes ontvangt van een anonieme afzender, probeert ze samen met haar vriendinnen de identiteit van de romantische ziel te achterhalen. Kan deze anonieme romanticus voldoen aan de torenhoge verwachtingen van Cynthia?</desc><category>Film, Drama</category></programme>