<programme channel="lgi-be-prod-master:france3" start="20211226231000 +0000" stop="20211226231500 +0000" catchup-id="crid:~~2F~~2Ftelenet.be~~2Fd5b360f8-e10a-4afc-a4d3-625c95cfcf6d-fre,imi:153548eecd4c004b8c303a1439af1610f21b18bf"><title>12/13 Météo</title><date></date><icon src="https://staticqbr-be-prod.tnprod.cdn.dmdsdp.com/image-service/ImagesEPG/EventImages/245__9dd__2459dd47-25f7-43f4-9334-7f87e6a74abb__B177866867.jpg"></icon><desc>Bulletin météorologique du service de presse de France 3-Météo France.</desc><category>Nieuws, Weer</category></programme><programme channel="lgi-be-prod-master:france3" start="20211226231500 +0000" stop="20211227004000 +0000" catchup-id="crid:~~2F~~2Ftelenet.be~~2Ff9970db7-528e-4fa3-b235-feb110d64527-fre,imi:90478e815af379200ac854b480febd2987198acc"><title>Vera</title><date></date><icon src="https://staticqbr-be-prod.tnprod.cdn.dmdsdp.com/image-service/ImagesEPG/EventImages/3cb__da4__3cbda4a8-0c07-4a56-a570-9b40931bb918__B130549480.jpg"></icon><desc>In een rivier wordt het lichaam van een jongeman aangetroffen. Het lijk is zwaar toegetakeld. Vera heeft er alle moeite mee om de identiteit van de man te achterhalen. Een tatoeage op het lichaam leidt haar naar de onderwereld van Newcastle, waar het slachtoffer schijnbaar connecties had. Het onderzoek krijgt echter een geheel andere wending en leidt Vera en Aiden naar een afgelegen boerderij, waar 13 jaar eerder een moord heeft plaatsgevonden. Is er een link tussen beide moorden?</desc><category>Dramaseries, Actie</category></programme><programme channel="lgi-be-prod-master:france3" start="20211227004000 +0000" stop="20211227024500 +0000" catchup-id="crid:~~2F~~2Ftelenet.be~~2Ff3d82dc6-c5cc-4c50-b89b-6dc82c2b5ae8-fre,imi:bc66dfc4156c2a47315169334bce6c1ddaa78a99"><title>Des racines et des ailes</title><date></date><icon src="https://staticqbr-be-prod.tnprod.cdn.dmdsdp.com/image-service/ImagesEPG/EventImages/bd8__72a__bd872a94-7a0b-480a-a15a-da939dd7d49d__B106954432.jpg"></icon><desc>Een blik op twee markante trekpleisters van de Franse hoofdstad: het Île de la Cité en de Seine. Met de volgende reportages: -Sur l'île de la Cité. - Au fil de la Seine.</desc><category>Nieuws, Actualiteitenprogramma's</category></programme><programme channel="lgi-be-prod-master:france3" start="20211227024500 +0000" stop="20211227025000 +0000" catchup-id="crid:~~2F~~2Ftelenet.be~~2Ff1c5186c-b384-4fa3-9913-6cbe87bf4451-fre,imi:53f6266440d0ec9c9b7a7f9effd9383347e44494"><title>La p'tite librairie</title><date></date><icon src="https://staticqbr-be-prod.tnprod.cdn.dmdsdp.com/image-service/ImagesEPG/EventImages/1a1__81b__1a181bae-f68a-4abe-9224-26d2d15b4ca9__B171708376.jpg"></icon><desc>François Busnel propose chaque jour de découvrir ou redécouvrir une oeuvre française ou étrangère : roman, essai, grand classique ou encore bande dessinée.</desc><category>Nieuws, Actualiteitenprogramma's</category></programme><programme channel="lgi-be-prod-master:france3" start="20211227025000 +0000" stop="20211227031500 +0000" catchup-id="crid:~~2F~~2Ftelenet.be~~2F50341f21-76ce-4847-9aa1-bcd8ed76cf4e-fre,imi:5d74598f2e0c548490a3461098d349fa5f3fc7f5"><title>Les nouveaux nomades</title><date></date><icon src="https://staticqbr-be-prod.tnprod.cdn.dmdsdp.com/image-service/ImagesEPG/EventImages/7ba__cf4__7bacf4a0-0f44-49c3-bbc9-c4052ce085de__B106956967.jpg"></icon><desc>Regionaal magazine</desc><category>Nieuws, Actualiteitenprogramma's</category></programme><programme channel="lgi-be-prod-master:france3" start="20211227031500 +0000" stop="20211227034000 +0000" catchup-id="crid:~~2F~~2Ftelenet.be~~2F40aa7752-84b6-4dde-8d5b-7f7b48327aa9-fre,imi:ab25b667a94a752b19dd0a36d9d92eb532318c45"><title>Les nouveaux nomades</title><date></date><icon src="https://staticqbr-be-prod.tnprod.cdn.dmdsdp.com/image-service/ImagesEPG/EventImages/7ba__cf4__7bacf4a0-0f44-49c3-bbc9-c4052ce085de__B106956967.jpg"></icon><desc>(Reprise du 25/12/21)</desc><category>Nieuws, Actualiteitenprogramma's</category></programme><programme channel="lgi-be-prod-master:france3" start="20211227034000 +0000" stop="20211227040500 +0000" catchup-id="crid:~~2F~~2Ftelenet.be~~2F9e6bbe0f-e115-41c4-b6b5-334c9871a181-fre,imi:88c20665ab70e50d10879b20488a598ba02e6a26"><title>Les matinales</title><date></date><icon src="https://staticqbr-be-prod.tnprod.cdn.dmdsdp.com/image-service/ImagesEPG/EventImages/d90__351__d903516d-c17f-44a0-83e2-334c4570f77e__B177867841.jpg"></icon><desc>Programme de musique classique pour se réveiller en douceur.</desc><category>Muziek, Klassieke muziek</category></programme><programme channel="lgi-be-prod-master:france3" start="20211227040500 +0000" stop="20211227050000 +0000" catchup-id="crid:~~2F~~2Ftelenet.be~~2F5e3d3c99-9ebc-4263-95c3-0b452a65eb7a-fre,imi:a278f9bd75c2fd8a5c8412f9093f44fd97cc8702"><title>Le grand Slam</title><date></date><icon src="https://staticqbr-be-prod.tnprod.cdn.dmdsdp.com/image-service/ImagesEPG/EventImages/5a2__a7f__5a2a7f6b-ae57-4d20-a45b-fa8d3f05a12d__B152963343.jpg"></icon><desc>Chaque dimanche, &quot;Le Grand Slam&quot; accueille les champions qui ont marqué l'histoire de &quot;Slam&quot; par leur palmarès et leur personnalité.</desc><category>Vrije tijd, Showbiz</category></programme><programme channel="lgi-be-prod-master:france3" start="20211227050000 +0000" stop="20211227073000 +0000" catchup-id="crid:~~2F~~2Ftelenet.be~~2F43a6164c-db34-49da-a0c7-37ff6b946992-fre,imi:1f4a9055dffde158dd54e3f82022974ec7de7253"><title>Samedi Okoo</title><date></date><icon src="https://staticqbr-be-prod.tnprod.cdn.dmdsdp.com/image-service/ImagesEPG/EventImages/260__a88__260a882f-53ae-46f3-9f1e-008f6ecc481e__B161390807.jpg"></icon><desc>Une sélection de dessins animés, des reportages, des expériences pour apprendre en s'amusant, des découvertes et des exclus, avec Okoo il y en aura pour tous les goûts et pour tous les enfants de 3 à 12 ans !</desc><category>Nieuws, Actualiteitenprogramma's</category></programme><programme channel="lgi-be-prod-master:france3" start="20211227073000 +0000" stop="20211227095000 +0000" catchup-id="crid:~~2F~~2Ftelenet.be~~2F44c2573d-2435-4c3d-90c3-e8fed405d7cb-fre,imi:fe88fda838fcec98e364025eb12308da48a3fe7c"><title>Samedi Okoo</title><date></date><icon src="https://staticqbr-be-prod.tnprod.cdn.dmdsdp.com/image-service/ImagesEPG/EventImages/260__a88__260a882f-53ae-46f3-9f1e-008f6ecc481e__B161390807.jpg"></icon><desc>Des dessins animés, des reportages, des expériences, des découvertes, des exclus, avec Okoo il y en aura pour tous les goûts !</desc><category>Nieuws, Actualiteitenprogramma's</category></programme><programme channel="lgi-be-prod-master:france3" start="20211227095000 +0000" stop="20211227095500 +0000" catchup-id="crid:~~2F~~2Ftelenet.be~~2F108918c6-0c86-447d-93ea-9d18499d56c3-fre,imi:df35da54cf9441db77fbc3c6ecbe7775ba233fcc"><title>Consomag</title><date></date><icon src="https://staticqbr-be-prod.tnprod.cdn.dmdsdp.com/image-service/ImagesEPG/EventImages/dc5__0dd__dc50dd09-1d5e-42ff-ad10-9c47766e6ca6__B106192799.jpg"></icon><desc>Le magazine de l'Institut national de la consommation donne à chacun des conseils pratiques pour mieux consommer.</desc><category>Educatie</category></programme><programme channel="lgi-be-prod-master:france3" start="20211227095500 +0000" stop="20211227103000 +0000" catchup-id="crid:~~2F~~2Ftelenet.be~~2Ffa698229-584f-4459-8e99-4d801676962b-fre,imi:9e6750b9abaa2703e163077556c8d2ce658f9542"><title>Outremer.story</title><date></date><icon src="https://staticqbr-be-prod.tnprod.cdn.dmdsdp.com/image-service/ImagesEPG/EventImages/215__e00__215e00d1-e35d-49ff-a2c6-bb77a2917299__W106255293.jpg"></icon><desc>Magazine.</desc><category>Nieuws, Actualiteitenprogramma's</category></programme><programme channel="lgi-be-prod-master:france3" start="20211227103000 +0000" stop="20211227103500 +0000" catchup-id="crid:~~2F~~2Ftelenet.be~~2F1fe3937d-c781-4c14-a8b9-d683ec64ab80-fre,imi:9e5feb3ee5639f2ca1273607314f8871a5f05c42"><title>12/13 Météo</title><date></date><icon src="https://staticqbr-be-prod.tnprod.cdn.dmdsdp.com/image-service/ImagesEPG/EventImages/245__9dd__2459dd47-25f7-43f4-9334-7f87e6a74abb__B177866867.jpg"></icon><desc>Bulletin météorologique du service de presse de France 3-Météo France.</desc><category>Nieuws, Weer</category></programme><programme channel="lgi-be-prod-master:france3" start="20211227103500 +0000" stop="20211227104900 +0000" catchup-id="crid:~~2F~~2Ftelenet.be~~2Fd520e9cd-96e9-4916-be23-c68275cb60df-fre,imi:4324bd4b3496d751d2c8b2dfce295647f3506a44"><title>Outremer.l'info</title><date></date><icon src="https://staticqbr-be-prod.tnprod.cdn.dmdsdp.com/image-service/ImagesEPG/EventImages/215__e00__215e00d1-e35d-49ff-a2c6-bb77a2917299__W106255293.jpg"></icon><desc>Informatief magazine</desc><category>Nieuws, Actualiteitenprogramma's</category></programme><programme channel="lgi-be-prod-master:france3" start="20211227104900 +0000" stop="20211227105000 +0000" catchup-id="crid:~~2F~~2Ftelenet.be~~2F208fecd6-6c61-4fd8-9ced-3e3f9c95262c-fre,imi:32c5047603055055b97a123019b40eb608f50b2d"><title>12/13 : Météo régionale</title><date></date><icon src="https://staticqbr-be-prod.tnprod.cdn.dmdsdp.com/image-service/ImagesEPG/EventImages/d84__726__d8472623-18b8-4522-96ab-7c03fc728e9d__B177868149.jpg"></icon><desc>Un aperçu des prévisions météorologiques concernant la région pour la journée et le lendemain.</desc><category>Nieuws, Weer</category></programme><programme channel="lgi-be-prod-master:france3" start="20211227105000 +0000" stop="20211227110000 +0000" catchup-id="crid:~~2F~~2Ftelenet.be~~2F8dc8691a-eba6-4725-b61c-68cb0f15e1dc-fre,imi:7cd704d216762b6674915fc9d33c824c29f9c6dd"><title>12/13 : Edition de proximité</title><date></date><icon src="https://staticqbr-be-prod.tnprod.cdn.dmdsdp.com/image-service/ImagesEPG/EventImages/e2c__379__e2c379d9-fbd9-4840-92f7-0fe26fd06bba__B177868028.jpg"></icon><desc>Nieuwsbulletin</desc><category>Actualiteit</category></programme><programme channel="lgi-be-prod-master:france3" start="20211227110000 +0000" stop="20211227111800 +0000" catchup-id="crid:~~2F~~2Ftelenet.be~~2F3478e86b-80f0-4cb0-b478-8255ef673276-fre,imi:6e7b579bdb959a7d720b01e9b0d1a0ac0817b823"><title>12/13 : Journal régional</title><date></date><icon src="https://staticqbr-be-prod.tnprod.cdn.dmdsdp.com/image-service/ImagesEPG/EventImages/3e1__2bb__3e12bb76-f7be-49cb-936a-b3caec989c39__B177868085.jpg"></icon><desc>Nieuws</desc><category>Actualiteit</category></programme><programme channel="lgi-be-prod-master:france3" start="20211227111800 +0000" stop="20211227112500 +0000" catchup-id="crid:~~2F~~2Ftelenet.be~~2Fb97b9d80-04b3-4345-b7de-ef4af07428f9-fre,imi:607a8cb5ad79d915e6d5717c117bc4b2b805be99"><title>12/13 : Météo régionale</title><date></date><icon src="https://staticqbr-be-prod.tnprod.cdn.dmdsdp.com/image-service/ImagesEPG/EventImages/d84__726__d8472623-18b8-4522-96ab-7c03fc728e9d__B177868149.jpg"></icon><desc>Un aperçu des prévisions météorologiques concernant la région pour la journée et le lendemain.</desc><category>Nieuws, Weer</category></programme><programme channel="lgi-be-prod-master:france3" start="20211227112500 +0000" stop="20211227115500 +0000" catchup-id="crid:~~2F~~2Ftelenet.be~~2F1b45c1f6-fa82-4ea2-b2d7-d610a5d9a70a-fre,imi:05ba78b4b3ee52ff1b56dd1efb18149562ce7a82"><title>12/13 : Journal national</title><date></date><icon src="https://staticqbr-be-prod.tnprod.cdn.dmdsdp.com/image-service/ImagesEPG/EventImages/35a__987__35a9873d-bd44-4a2f-b48c-5db8ade57429__B169844261.jpg"></icon><desc>Journal national du 12/13 pour connaître l'essentiel de l'actualité nationale à la mi-journée.</desc><category>Actualiteit</category></programme>