<programme channel="lgi-be-prod-master:qmusic" start="20211227010000 +0000" stop="20211227050000 +0000" catchup-id="crid:~~2F~~2Ftelenet.be~~2Fa8baf3ed-4a50-4ca0-b9a1-128f3f9ba197,imi:1254aaf76354ac58eb4d965fc002394a015cefb6"><title>Q-non-stop</title><date></date><icon src="https://staticqbr-be-prod.tnprod.cdn.dmdsdp.com/image-service/ImagesEPG/EventImages/d91__f92__d91f9226-7c2d-4c27-805f-e7d6c49da1e9__B105933931.jpg"></icon><desc>Muziekprogramma.</desc><category>Muziek</category></programme><programme channel="lgi-be-prod-master:qmusic" start="20211227050000 +0000" stop="20211227090000 +0000" catchup-id="crid:~~2F~~2Ftelenet.be~~2Fdf3deab4-f391-48d7-92eb-d61bdd0bd1d5,imi:dca0b4b9b323921e2eb1945e8d33da904bc7d023"><title>Q-Top 1000</title><date></date><icon src="https://staticqbr-be-prod.tnprod.cdn.dmdsdp.com/image-service/ImagesEPG/EventImages/d91__f92__d91f9226-7c2d-4c27-805f-e7d6c49da1e9__B105933931.jpg"></icon><desc>Muziekprogramma.</desc><category>Muziek</category></programme><programme channel="lgi-be-prod-master:qmusic" start="20211227090000 +0000" stop="20211227120000 +0000" catchup-id="crid:~~2F~~2Ftelenet.be~~2Fb31b0444-37ed-4b28-9de2-4beb484011e3,imi:65dae550d929b043d024e04de291da8bdac3f409"><title>Q-Top 1000</title><date></date><icon src="https://staticqbr-be-prod.tnprod.cdn.dmdsdp.com/image-service/ImagesEPG/EventImages/d91__f92__d91f9226-7c2d-4c27-805f-e7d6c49da1e9__B105933931.jpg"></icon><desc>Muziekprogramma.</desc><category>Muziek</category></programme>