<programme channel="lgi-be-prod-master:cnbceurope" start="20211226230000 +0000" stop="20211227000000 +0000" catchup-id="crid:~~2F~~2Ftelenet.be~~2F27ea33ac-bd6d-466f-9466-165cfde165e1-eng,imi:e8bbac5b0e45f4f7791466560d1005a6cbb523cd"><title>American Greed</title><date></date><icon src="https://staticqbr-be-prod.tnprod.cdn.dmdsdp.com/image-service/ImagesEPG/EventImages/6e5__a94__6e5a949e-2026-48dc-a8af-43e3838c40e0__B120122007.jpg"></icon><desc>Stories behind some of the biggest corporate crimes in the US, as well as cases of insurance fraud, bank robbery, money laundering and identity theft</desc><category>Wetenschap</category></programme><programme channel="lgi-be-prod-master:cnbceurope" start="20211227000000 +0000" stop="20211227020000 +0000" catchup-id="crid:~~2F~~2Ftelenet.be~~2Fb53a8757-e36f-404e-9673-75cc69b0aed0-eng,imi:7e0184daaeab39588e316f357e4a9bf3df6c3654"><title>Asia Squawk Box</title><date></date><icon src="https://staticqbr-be-prod.tnprod.cdn.dmdsdp.com/image-service/ImagesEPG/EventImages/2e4__9d6__2e49d6fe-e1c9-402d-a40e-dc30522b1722__B105940125.jpg"></icon><desc>Anchored by Martin Soong and Sri Jegarajah at the Singapore Exchange (SGX), 'Squawk Box' is CNBC´´s flagship show that sets the news agenda and takes viewers through the pre-game and opening of Asia's business trading day, covering the top market moving stories and views from the top CEOs, asset managers and newsmakers</desc><category>Nieuws, Actualiteitenprogramma's</category></programme><programme channel="lgi-be-prod-master:cnbceurope" start="20211227020000 +0000" stop="20211227023000 +0000" catchup-id="crid:~~2F~~2Ftelenet.be~~2F7badc2f9-0d37-4d6f-ba2f-610d9403aa16-eng,imi:26f682ea67ba79ec57e8e1ec9bc7e6a5153157a6"><title>Managing Asia</title><date></date><icon src="https://staticqbr-be-prod.tnprod.cdn.dmdsdp.com/image-service/ImagesEPG/EventImages/a9b__f51__a9bf5130-f1e3-42e2-b337-28cf35e6b2d2__B106253322.jpg"></icon><desc>Magazine over zakendoen in en met Aziatische landen</desc><category>Business &amp; Financial</category></programme><programme channel="lgi-be-prod-master:cnbceurope" start="20211227023000 +0000" stop="20211227030000 +0000" catchup-id="crid:~~2F~~2Ftelenet.be~~2Fd90e7b14-6cdb-44e7-b310-fad0f9e4cd8a-eng,imi:c86f5beb6261c11d8443f74dd5216ef08f734abc"><title>Finding Solutions</title><date></date><icon src="https://staticqbr-be-prod.tnprod.cdn.dmdsdp.com/image-service/ImagesEPG/EventImages/f14__de0__f14de018-9dd6-491e-8f14-8ef0f728ccbd__B78363348.jpg"></icon><desc>Nieuwsuitzending.</desc><category>Actualiteit</category></programme><programme channel="lgi-be-prod-master:cnbceurope" start="20211227030000 +0000" stop="20211227033000 +0000" catchup-id="crid:~~2F~~2Ftelenet.be~~2Fc9f82478-76b3-4d71-92f5-e440a0205e52-eng,imi:ef64889b414411c89c3a58677a333dd15b40ba8c"><title>Programma nog te bepalen</title><date></date><icon src="https://staticqbr-be-prod.tnprod.cdn.dmdsdp.com/image-service/ImagesEPG/EventImages/f14__de0__f14de018-9dd6-491e-8f14-8ef0f728ccbd__B78363348.jpg"></icon><desc>Programma nog niet gekend.</desc><category>Overig</category></programme><programme channel="lgi-be-prod-master:cnbceurope" start="20211227033000 +0000" stop="20211227040000 +0000" catchup-id="crid:~~2F~~2Ftelenet.be~~2F3fddb290-0612-47f0-bb80-ebce97da96e7-eng,imi:34a495821cb5f616683e868efefa108485664420"><title>Sustainable Future</title><date></date><icon src="https://staticqbr-be-prod.tnprod.cdn.dmdsdp.com/image-service/ImagesEPG/EventImages/f14__de0__f14de018-9dd6-491e-8f14-8ef0f728ccbd__B78363348.jpg"></icon><desc>Nieuwsuitzending.</desc><category>Actualiteit</category></programme><programme channel="lgi-be-prod-master:cnbceurope" start="20211227040000 +0000" stop="20211227050000 +0000" catchup-id="crid:~~2F~~2Ftelenet.be~~2Ff5570ae5-5d83-4b69-a8d1-95338a340f66-eng,imi:17fab160c4915bfc0966263d691e79728905ca60"><title>Meet the Press</title><date></date><icon src="https://staticqbr-be-prod.tnprod.cdn.dmdsdp.com/image-service/ImagesEPG/EventImages/2e4__9d6__2e49d6fe-e1c9-402d-a40e-dc30522b1722__B105940125.jpg"></icon><desc>Headline-making interviews, analysis and discussion with world leaders and US newsmakers and a review of the week's political events from noted journalists and experts</desc><category>Nieuws, Actualiteitenprogramma's</category></programme><programme channel="lgi-be-prod-master:cnbceurope" start="20211227050000 +0000" stop="20211227060000 +0000" catchup-id="crid:~~2F~~2Ftelenet.be~~2Fb0246d0e-2351-4e73-b6c2-6bf018b6b7ac-eng,imi:8b3e4798585ed3d0497eead8d40a09a339cbaf90"><title>American Greed</title><date></date><icon src="https://staticqbr-be-prod.tnprod.cdn.dmdsdp.com/image-service/ImagesEPG/EventImages/6e5__a94__6e5a949e-2026-48dc-a8af-43e3838c40e0__B120122007.jpg"></icon><desc>Stories behind some of the biggest corporate crimes in the US, as well as cases of insurance fraud, bank robbery, money laundering and identity theft</desc><category>Wetenschap</category></programme><programme channel="lgi-be-prod-master:cnbceurope" start="20211227060000 +0000" stop="20211227063000 +0000" catchup-id="crid:~~2F~~2Ftelenet.be~~2Ff55ce027-add2-4899-8bc2-549833368c25-eng,imi:2c60ceb3dda3740000103aa6b973faee6b0b7ca3"><title>Squawk Box Europe</title><date></date><icon src="https://staticqbr-be-prod.tnprod.cdn.dmdsdp.com/image-service/ImagesEPG/EventImages/a9b__f51__a9bf5130-f1e3-42e2-b337-28cf35e6b2d2__B106253322.jpg"></icon><desc>Anchored by Geoff Cutmore, Steve Sedgwick and Karen Tso, CNBC's flagship show leads you into and delivers the open of the European markets. Featuring leading business executives, financial strategists and fund managers, 'Squawk Box' provides original points of view and instant analysis of the latest business and market news</desc><category>Business &amp; Financial</category></programme><programme channel="lgi-be-prod-master:cnbceurope" start="20211227063000 +0000" stop="20211227070000 +0000" catchup-id="crid:~~2F~~2Ftelenet.be~~2F0e010da5-fd4f-46c9-b276-2bb6f67ba285-eng,imi:2761b366d386c1f83f7cfd4e469c0f65612a8b3d"><title>Squawk Box Europe</title><date></date><icon src="https://staticqbr-be-prod.tnprod.cdn.dmdsdp.com/image-service/ImagesEPG/EventImages/a9b__f51__a9bf5130-f1e3-42e2-b337-28cf35e6b2d2__B106253322.jpg"></icon><desc>Anchored by Geoff Cutmore, Steve Sedgwick and Karen Tso, CNBC's flagship show leads you into and delivers the open of the European markets. Featuring leading business executives, financial strategists and fund managers, 'Squawk Box' provides original points of view and instant analysis of the latest business and market news</desc><category>Business &amp; Financial</category></programme><programme channel="lgi-be-prod-master:cnbceurope" start="20211227070000 +0000" stop="20211227073000 +0000" catchup-id="crid:~~2F~~2Ftelenet.be~~2F9639c834-cf7b-4ab1-adcc-635e0d523244-eng,imi:d2c332a213faa35083ef4da7055ac818ca93ba74"><title>Squawk Box Europe</title><date></date><icon src="https://staticqbr-be-prod.tnprod.cdn.dmdsdp.com/image-service/ImagesEPG/EventImages/a9b__f51__a9bf5130-f1e3-42e2-b337-28cf35e6b2d2__B106253322.jpg"></icon><desc>Anchored by Geoff Cutmore, Steve Sedgwick and Karen Tso, CNBC's flagship show leads you into and delivers the open of the European markets. Featuring leading business executives, financial strategists and fund managers, 'Squawk Box' provides original points of view and instant analysis of the latest business and market news</desc><category>Business &amp; Financial</category></programme><programme channel="lgi-be-prod-master:cnbceurope" start="20211227073000 +0000" stop="20211227080000 +0000" catchup-id="crid:~~2F~~2Ftelenet.be~~2Fdb5b3e9b-b29f-4232-80ce-7f1411893e18-eng,imi:e07ca66cf9570722e28750ebc9d323a2869f2041"><title>Squawk Box Europe</title><date></date><icon src="https://staticqbr-be-prod.tnprod.cdn.dmdsdp.com/image-service/ImagesEPG/EventImages/a9b__f51__a9bf5130-f1e3-42e2-b337-28cf35e6b2d2__B106253322.jpg"></icon><desc>Anchored by Geoff Cutmore, Steve Sedgwick and Karen Tso, CNBC's flagship show leads you into and delivers the open of the European markets. Featuring leading business executives, financial strategists and fund managers, 'Squawk Box' provides original points of view and instant analysis of the latest business and market news</desc><category>Business &amp; Financial</category></programme><programme channel="lgi-be-prod-master:cnbceurope" start="20211227080000 +0000" stop="20211227083000 +0000" catchup-id="crid:~~2F~~2Ftelenet.be~~2F384b590e-f8b0-4bb1-8c12-f6cb2d5246e0-eng,imi:745791ca3e3bc05c887e9ea6da4b467334e81d88"><title>Squawk Box Europe</title><date></date><icon src="https://staticqbr-be-prod.tnprod.cdn.dmdsdp.com/image-service/ImagesEPG/EventImages/a9b__f51__a9bf5130-f1e3-42e2-b337-28cf35e6b2d2__B106253322.jpg"></icon><desc>Anchored by Geoff Cutmore, Steve Sedgwick and Karen Tso, CNBC's flagship show leads you into and delivers the open of the European markets. Featuring leading business executives, financial strategists and fund managers, 'Squawk Box' provides original points of view and instant analysis of the latest business and market news</desc><category>Business &amp; Financial</category></programme><programme channel="lgi-be-prod-master:cnbceurope" start="20211227083000 +0000" stop="20211227090000 +0000" catchup-id="crid:~~2F~~2Ftelenet.be~~2F3e3a4797-9086-44c2-8e1d-03575c5749f7-eng,imi:86951211e028faaea8af8b9924a57335d2717008"><title>Squawk Box Europe</title><date></date><icon src="https://staticqbr-be-prod.tnprod.cdn.dmdsdp.com/image-service/ImagesEPG/EventImages/a9b__f51__a9bf5130-f1e3-42e2-b337-28cf35e6b2d2__B106253322.jpg"></icon><desc>Anchored by Geoff Cutmore, Steve Sedgwick and Karen Tso, CNBC's flagship show leads you into and delivers the open of the European markets. Featuring leading business executives, financial strategists and fund managers, 'Squawk Box' provides original points of view and instant analysis of the latest business and market news</desc><category>Business &amp; Financial</category></programme><programme channel="lgi-be-prod-master:cnbceurope" start="20211227090000 +0000" stop="20211227100000 +0000" catchup-id="crid:~~2F~~2Ftelenet.be~~2F1a9ec854-52d2-4b63-964a-ecd02f67718f-eng,imi:d3f77673a9abfaf4f00e89914f836aa994fc609b"><title>Europe Street Signs</title><date></date><icon src="https://staticqbr-be-prod.tnprod.cdn.dmdsdp.com/image-service/ImagesEPG/EventImages/f14__de0__f14de018-9dd6-491e-8f14-8ef0f728ccbd__B78363348.jpg"></icon><desc>A rundown of the latest business news and reviews from Wall Street</desc><category>Nieuws, Actualiteitenprogramma's</category></programme><programme channel="lgi-be-prod-master:cnbceurope" start="20211227100000 +0000" stop="20211227110000 +0000" catchup-id="crid:~~2F~~2Ftelenet.be~~2Fe7073841-fbbf-44ad-a03a-f410fd21da2c-eng,imi:4b2a0acbc856c2b2ed21bb693fb933643efbb6e4"><title>Worldwide Exchange</title><date></date><icon src="https://staticqbr-be-prod.tnprod.cdn.dmdsdp.com/image-service/ImagesEPG/EventImages/a9b__f51__a9bf5130-f1e3-42e2-b337-28cf35e6b2d2__B106253322.jpg"></icon><desc>Broadcast from CNBC Global Headquarters in Englewood Cliffs, N.J., CNBC´´s 'Worldwide Exchange' delivers actionable information and analysis for anyone who wants to be part of the global business conversation. Anchored by Brian Sullivan, the program prepares CNBC's worldwide audience with a smart take on overnight U.S. news and live international market action</desc><category>Business &amp; Financial</category></programme><programme channel="lgi-be-prod-master:cnbceurope" start="20211227110000 +0000" stop="20211227140000 +0000" catchup-id="crid:~~2F~~2Ftelenet.be~~2F37319139-be83-44b6-9a33-2915cca017fd-eng,imi:9852cbf604beb79f8a914b6827f85ed29852b506"><title>US CNBC Squawk Box</title><date></date><icon src="https://staticqbr-be-prod.tnprod.cdn.dmdsdp.com/image-service/ImagesEPG/EventImages/a9b__f51__a9bf5130-f1e3-42e2-b337-28cf35e6b2d2__B106253322.jpg"></icon><desc>Anchored by Joe Kernen, Becky Quick and Andrew Ross Sorkin, the show brings Wall Street to Main Street. It's a must-see for everyone from the professional trader to the casual investor</desc><category>Business &amp; Financial</category></programme>