<programme channel="lgi-be-prod-master:rtvmechelen" start="20211227080000 +0000" stop="20211227093000 +0000" catchup-id="crid:~~2F~~2Ftelenet.be~~2F74d8fab2-b332-4188-b4de-00786d344fb4,imi:af68b222b1b82f639675d946c73ab7f233af8919"><title>RTV Vandaag - Weerbericht - herhalingslus</title><date></date><icon src="https://staticqbr-be-prod.tnprod.cdn.dmdsdp.com/image-service/ImagesEPG/EventImages/f14__de0__f14de018-9dd6-491e-8f14-8ef0f728ccbd__B78363348.jpg"></icon><desc></desc><category>Overig</category></programme><programme channel="lgi-be-prod-master:rtvmechelen" start="20211227093000 +0000" stop="20211227094500 +0000" catchup-id="crid:~~2F~~2Ftelenet.be~~2Faac7685a-dd06-4ac4-a49f-21308ee49bfb,imi:5e1c901ca8bef760ac35989198033df04977550a"><title>De Kempen Beweegt</title><date></date><icon src="https://staticqbr-be-prod.tnprod.cdn.dmdsdp.com/image-service/ImagesEPG/EventImages/f14__de0__f14de018-9dd6-491e-8f14-8ef0f728ccbd__B78363348.jpg"></icon><desc></desc><category>Overig</category></programme><programme channel="lgi-be-prod-master:rtvmechelen" start="20211227094500 +0000" stop="20211227101500 +0000" catchup-id="crid:~~2F~~2Ftelenet.be~~2F25012f84-f7db-44b3-9b08-65adc6dac9eb,imi:482836ccaca5848f0c9460e3b7e7a9bbbefa19b3"><title>Allemaal Beestjes</title><date></date><icon src="https://staticqbr-be-prod.tnprod.cdn.dmdsdp.com/image-service/ImagesEPG/EventImages/f14__de0__f14de018-9dd6-491e-8f14-8ef0f728ccbd__B78363348.jpg"></icon><desc></desc><category>Overig</category></programme><programme channel="lgi-be-prod-master:rtvmechelen" start="20211227101500 +0000" stop="20211227104500 +0000" catchup-id="crid:~~2F~~2Ftelenet.be~~2Fa23db17c-de88-4546-833e-f3c0a06f5ad2,imi:c5e8aa69e194440d3eba0361927b55247d9c0971"><title>Wonen Plus</title><date></date><icon src="https://staticqbr-be-prod.tnprod.cdn.dmdsdp.com/image-service/ImagesEPG/EventImages/f14__de0__f14de018-9dd6-491e-8f14-8ef0f728ccbd__B78363348.jpg"></icon><desc>Lifestyle</desc><category>Overig</category></programme><programme channel="lgi-be-prod-master:rtvmechelen" start="20211227104500 +0000" stop="20211227111500 +0000" catchup-id="crid:~~2F~~2Ftelenet.be~~2F1b78b11b-9f3e-4c8d-a44d-21f2fd2c1520,imi:701fd79b77f3613b99d96d6aaed5ec1d78ed4827"><title>Body Talk</title><date></date><icon src="https://staticqbr-be-prod.tnprod.cdn.dmdsdp.com/image-service/ImagesEPG/EventImages/f14__de0__f14de018-9dd6-491e-8f14-8ef0f728ccbd__B78363348.jpg"></icon><desc></desc><category>Overig</category></programme><programme channel="lgi-be-prod-master:rtvmechelen" start="20211227111500 +0000" stop="20211227123000 +0000" catchup-id="crid:~~2F~~2Ftelenet.be~~2F26c0c8f7-37c3-4dde-adc8-e5e07ee4b688,imi:2b1dc5b220c5321b439a965c899d33e764e55687"><title>TV PLUS: programmalus</title><date></date><icon src="https://staticqbr-be-prod.tnprod.cdn.dmdsdp.com/image-service/ImagesEPG/EventImages/215__e00__215e00d1-e35d-49ff-a2c6-bb77a2917299__W106255293.jpg"></icon><desc>Magazine.</desc><category>Nieuws, Actualiteitenprogramma's</category></programme>