<programme channel="lgi-be-prod-master:beserieshd" start="20211227000200 +0000" stop="20211227014800 +0000" catchup-id="crid:~~2F~~2Ftelenet.be~~2F0f893f1d-4c22-4960-a1e3-1d29e66042a9-fre,imi:9c25d33e082e3c7bf777189072a83a82ed96bed5"><title>State of Mind</title><date>2017</date><icon src="https://staticqbr-be-prod.tnprod.cdn.dmdsdp.com/image-service/ImagesEPG/EventImages/8a6__c7f__8a6c7f87-fbfc-4ee7-9b37-3ba6540a5472__B202541555.jpg"></icon><desc>Dr. Alan Stone is belast met de behandeling van drie verschillende paranoïde schizofrene patiënten in Michigan's Ypsilanti State Hospital. Alle drie beweren ze Jezus Christus te zijn. Stone brengt de drie bij elkaar en confronteert hen met hun tegenstrijdige beweringen in een unieke soort van ondersteuningsgroep. Hoewel de heren worstelen met de affiniteit van Stone en hun overtuigingen, beginnen ze zichzelf na verloop van tijd wel in een nieuw daglicht te zien.</desc><category>Film, Drama</category></programme><programme channel="lgi-be-prod-master:beserieshd" start="20211227014800 +0000" stop="20211227020600 +0000" catchup-id="crid:~~2F~~2Ftelenet.be~~2Fdbde162e-6a03-42e9-9704-b7cae6076621-fre,imi:5e8ca9ef584c832026f25ad082063ffd2f632db9"><title>Rimpels</title><date>2020</date><icon src="https://staticqbr-be-prod.tnprod.cdn.dmdsdp.com/image-service/ImagesEPG/EventImages/374__37b__37437ba4-3627-4731-b1de-6b927d14fa09__B77448493.jpg"></icon><desc>Rudy, célibataire quadra, espère trouver l'âme soeur via un site de rencontre. 
Mais pour cela, il a besoin d'une photo de profil...</desc><category>Film</category></programme><programme channel="lgi-be-prod-master:beserieshd" start="20211227020600 +0000" stop="20211227040600 +0000" catchup-id="crid:~~2F~~2Ftelenet.be~~2F6669f12c-7ea6-44ca-b8a9-d7112f2020e0-fre,imi:d52bb0b5a4886db6cfbafe5d7014ac940a50384e"><title>Håp</title><date>2019</date><icon src="https://staticqbr-be-prod.tnprod.cdn.dmdsdp.com/image-service/ImagesEPG/EventImages/abb__9c0__abb9c0f7-7b50-47d5-955e-d5933572f2bf__B203590167.jpg"></icon><desc>HOPE est l'histoire vraie et touchante de sa réalisatrice Maria Sødahl. 
Quelle place donner à l'amour quand on pense qu'on n'a plus que trois mois à vivre ? Anja (43 ans) vit avec Tomas (59 ans) et leurs nombreux enfants. Les années passant, ils se sont peu à peu éloignés l'un de l'autre. Suite à un examen médical, Anja apprend qu'elle a une tumeur au cerveau. Cette terrible nouvelle va bousculer les liens familiaux et ranimer la flamme de cet amour quelque peu délaissé.</desc><category>Film, Drama</category></programme><programme channel="lgi-be-prod-master:beserieshd" start="20211227040600 +0000" stop="20211227070300 +0000" catchup-id="crid:~~2F~~2Ftelenet.be~~2F3acff0c3-96bc-4944-92b9-6f78cac9e135-fre,imi:27e24819b8f78106487139dbcf433bca5e5190ae"><title>Onderbreking</title><date></date><icon src=""></icon><desc>Geen uitzending.</desc><category>Overig</category></programme><programme channel="lgi-be-prod-master:beserieshd" start="20211227070300 +0000" stop="20211227084200 +0000" catchup-id="crid:~~2F~~2Ftelenet.be~~2F89fa4a99-221c-4ae0-b14b-1b08990b850a-fre,imi:b3c2ccf611e526cd5324c9562c825f0488760253"><title>Les parfums</title><date>2020</date><icon src="https://staticqbr-be-prod.tnprod.cdn.dmdsdp.com/image-service/ImagesEPG/EventImages/0cd__e6b__0cde6b77-4ef2-4da8-8c2c-92043bb56fce__B200560441.jpg"></icon><desc>Anne Walberg est une célébrité dans le monde du parfum. Elle crée des fragrances et vend son incroyable talent à des sociétés en tout genre. Elle vit en diva, égoïste, au tempérament bien trempé. Guillaume est son nouveau chauffeur et le seul qui n'a pas peur de lui tenir tête. Sans doute la raison pour laquelle elle ne le renvoie pas.</desc><category>Film, Komedie</category></programme><programme channel="lgi-be-prod-master:beserieshd" start="20211227084200 +0000" stop="20211227095800 +0000" catchup-id="crid:~~2F~~2Ftelenet.be~~2Fb68ed38e-4528-434f-aa4e-2438592e8bc5-fre,imi:d3ce27c38c1c94fa8359343883ff846c7222dc06"><title>Seize printemps</title><date>2020</date><icon src="https://staticqbr-be-prod.tnprod.cdn.dmdsdp.com/image-service/ImagesEPG/EventImages/dcc__30c__dcc30c2d-ec6b-4f8e-9fbc-1c466cc02e8d__B209792486.jpg"></icon><desc>Suzanne a seize ans. Elle s'ennuie avec les gens de son âge. Tous les jours, pour aller au lycée, elle passe devant un théâtre. Elle y rencontre un homme plus vieux qu'elle qui devient son obsession. Grâce à leur différence d'âge, ils pensent ne plus s'ennuyer ensemble et tombent amoureux. Mais Suzanne sent qu'elle risque de passer à côté de sa vie, celle de ses seize ans qu'elle avait tant de mal à vivre comme les autres.</desc><category>Film, Romantiek</category></programme><programme channel="lgi-be-prod-master:beserieshd" start="20211227095800 +0000" stop="20211227102600 +0000" catchup-id="crid:~~2F~~2Ftelenet.be~~2F57d8d58e-6cfb-4a20-acbe-769d54db74e3-fre,imi:276e5ff506eef9f1608eb554ee7a8cfc79d8198b"><title>Insecure</title><date></date><icon src="https://staticqbr-be-prod.tnprod.cdn.dmdsdp.com/image-service/ImagesEPG/EventImages/177__69e__17769ea9-628a-4173-9b9c-8f46ccf860ed__B209924005.jpg"></icon><desc>C'est le dernier tour de piste pour Issa, Molly et leur inébranlable groupe d'amis noirs du millénaux, alors qu'ils continuent de vivre des expériences formatrices au coeur de Los Angeles. Reprenant peu après la conclusion difficile de la saison 4, la cinquième et dernière saison voit Issa et sa bande tenter de se reconstruire et d'aller de l'avant.</desc><category>Sitcoms</category></programme><programme channel="lgi-be-prod-master:beserieshd" start="20211227102600 +0000" stop="20211227105500 +0000" catchup-id="crid:~~2F~~2Ftelenet.be~~2F5244c4dc-d0b1-47f5-814c-87cd04fbfb05-fre,imi:8c791f4d655456a015f92077f5da2121dcd18362"><title>Insecure</title><date></date><icon src="https://staticqbr-be-prod.tnprod.cdn.dmdsdp.com/image-service/ImagesEPG/EventImages/177__69e__17769ea9-628a-4173-9b9c-8f46ccf860ed__B209924005.jpg"></icon><desc>C'est le dernier tour de piste pour Issa, Molly et leur inébranlable groupe d'amis noirs du millénaux, alors qu'ils continuent de vivre des expériences formatrices au coeur de Los Angeles. Reprenant peu après la conclusion difficile de la saison 4, la cinquième et dernière saison voit Issa et sa bande tenter de se reconstruire et d'aller de l'avant.</desc><category>Sitcoms</category></programme><programme channel="lgi-be-prod-master:beserieshd" start="20211227105500 +0000" stop="20211227114700 +0000" catchup-id="crid:~~2F~~2Ftelenet.be~~2F78713972-1a14-4307-9ad9-168925fbefcc-fre,imi:6e5f4f67a6d18e980612a83d0c041b902e87a2ce"><title>Hippocrate</title><date></date><icon src="https://staticqbr-be-prod.tnprod.cdn.dmdsdp.com/image-service/ImagesEPG/EventImages/245__73b__24573b95-62b5-48b7-8047-054c82aabf5e__B138696599.jpg"></icon><desc>Een openbaar ziekenhuis aan de rand van een grote stad. Na gezondheidsmaatregelen worden de artsen van de afdeling interne geneeskunde 48 uur lang bij hen thuis opgesloten. Drie onervaren stagiaires en een forensisch arts, die elkaar nog niet kennen, zullen moeten samenwerken om de afdeling en de patiënten alleen te beheren.</desc><category>Dramaseries</category></programme><programme channel="lgi-be-prod-master:beserieshd" start="20211227114700 +0000" stop="20211227123800 +0000" catchup-id="crid:~~2F~~2Ftelenet.be~~2F914823d9-bd33-40c5-9afb-66a7141007b2-fre,imi:49b404aff6c274a59b71f16f3167631d48ad5fe5"><title>Hippocrate</title><date></date><icon src="https://staticqbr-be-prod.tnprod.cdn.dmdsdp.com/image-service/ImagesEPG/EventImages/245__73b__24573b95-62b5-48b7-8047-054c82aabf5e__B138696599.jpg"></icon><desc>De quarantaineperiode wordt verlengd. Het medisch personeel vraagt om versterking. Alyson is bang dat bij een tekort aan senioren, haar stage niet zal worden goedgekeurd.</desc><category>Dramaseries</category></programme>