<programme channel="lgi-be-prod-master:rcontactvision" start="20211226230000 +0000" stop="20211227050000 +0000" catchup-id="crid:~~2F~~2Ftelenet.be~~2Fba79410b-8898-4acf-9335-c03e9339d6f6-fre,imi:20218d82e445b62409ebfbd205ef66b4b3917896"><title>Non stop</title><date></date><icon src="https://staticqbr-be-prod.tnprod.cdn.dmdsdp.com/image-service/ImagesEPG/EventImages/55f__2a7__55f2a75f-a8a3-401b-ac88-84fe0272acfc__B106260667.jpg"></icon><desc>De la musique Feel Good sans interruption durant toute la nuit.&amp;nbsp;</desc><category>Documentaire, Oude culturen</category></programme><programme channel="lgi-be-prod-master:rcontactvision" start="20211227050000 +0000" stop="20211227090000 +0000" catchup-id="crid:~~2F~~2Ftelenet.be~~2F04bef2b3-660b-48cf-bf1e-c0a3186eaf2d-fre,imi:90c78d10ae29eb60708504224bb443b5d76325e3"><title>Aurélie &amp; Kevin</title><date></date><icon src="https://staticqbr-be-prod.tnprod.cdn.dmdsdp.com/image-service/ImagesEPG/EventImages/f14__de0__f14de018-9dd6-491e-8f14-8ef0f728ccbd__B78363348.jpg"></icon><desc>Durant les vacances Radio Contact vous accompagne tous les matins.</desc><category>Overig</category></programme><programme channel="lgi-be-prod-master:rcontactvision" start="20211227090000 +0000" stop="20211227120000 +0000" catchup-id="crid:~~2F~~2Ftelenet.be~~2F71d34d1c-8882-4e24-9b88-e8e656712a43-fre,imi:339b83941d94e94143ddf0102f1e5582fccf58b9"><title>Gaetan</title><date></date><icon src="https://staticqbr-be-prod.tnprod.cdn.dmdsdp.com/image-service/ImagesEPG/EventImages/d91__f92__d91f9226-7c2d-4c27-805f-e7d6c49da1e9__B105933931.jpg"></icon><desc>Sa passion de la radio, de la musique et des gens est contagieuse. Gaëtan Bartosz, c'est l'emblême-même du Feel Good autour du lunch...</desc><category>Muziek</category></programme>