<programme channel="lgi-be-prod-master:11sportsbetv" start="20211226230500 +0000" stop="20211226233500 +0000" catchup-id="crid:~~2F~~2Ftelenet.be~~2Fed28e665-c1a7-41a7-8237-699ff7bb3a44-fre,imi:89d378a190a8e738ea36db48e25bf6417fcc28e0"><title>NBA Action</title><date></date><icon src=""></icon><desc>Sportmagazine.</desc><category>Sport</category></programme><programme channel="lgi-be-prod-master:11sportsbetv" start="20211226233500 +0000" stop="20211227002500 +0000" catchup-id="crid:~~2F~~2Ftelenet.be~~2F531785b6-fcad-4062-8a9d-227f9d7fd58b-fre,imi:d4898ef6b7fb277673fdadb1cb904f7a6cf93c22"><title>Dunk League S2</title><date></date><icon src="https://staticqbr-be-prod.tnprod.cdn.dmdsdp.com/image-service/ImagesEPG/EventImages/07c__e25__07ce25b8-65bf-4333-87e7-28e537077935__B106319587.jpg"></icon><desc>Basket.</desc><category>Sport</category></programme><programme channel="lgi-be-prod-master:11sportsbetv" start="20211227002500 +0000" stop="20211227004500 +0000" catchup-id="crid:~~2F~~2Ftelenet.be~~2F7d1e2c35-434f-426e-837c-86395f310b53-fre,imi:be4b71af227e0debeccf7b2ddfb3de1ed8831850"><title>NFL Extra</title><date></date><icon src="https://staticqbr-be-prod.tnprod.cdn.dmdsdp.com/image-service/ImagesEPG/EventImages/dd0__93f__dd093f32-aa72-4e3d-b84e-9cc51ad8219a__B106262915.jpg"></icon><desc>Sportmagazine.</desc><category>Sport</category></programme><programme channel="lgi-be-prod-master:11sportsbetv" start="20211227004500 +0000" stop="20211227012000 +0000" catchup-id="crid:~~2F~~2Ftelenet.be~~2F4bac9a5f-a146-4f42-ab79-a5060463c9ac-fre,imi:ced9b1d487bd50e13ef454bf573f3d00ee8b439f"><title>NFL Gameday</title><date></date><icon src=""></icon><desc>Sportmagazine.</desc><category>Sport</category></programme><programme channel="lgi-be-prod-master:11sportsbetv" start="20211227012000 +0000" stop="20211227042500 +0000" catchup-id="crid:~~2F~~2Ftelenet.be~~2Fa7f34e7c-9bb3-4bf9-a1d8-91acf1e951ba-fre,imi:afdb9af4dfd5de7b37e38ee3f15e5c34fa95444a"><title>Dallas Cowboys - Washington Football Team</title><date></date><icon src=""></icon><desc>Amerikaans voetbal.</desc><category></category></programme><programme channel="lgi-be-prod-master:11sportsbetv" start="20211227042500 +0000" stop="20211227050500 +0000" catchup-id="crid:~~2F~~2Ftelenet.be~~2Fed28e665-c1a7-41a7-8237-699ff7bb3a44-fre,imi:08bcd72de597df4264720ea40e10c1a441ed5e41"><title>NBA Action</title><date></date><icon src=""></icon><desc>Sportmagazine.</desc><category>Sport</category></programme><programme channel="lgi-be-prod-master:11sportsbetv" start="20211227050500 +0000" stop="20211227073500 +0000" catchup-id="crid:~~2F~~2Ftelenet.be~~2F50e25d71-73e3-49e8-871d-585601bc46ee-fre,imi:5c9520687c365ce2f447e36b7f2365e75bbb8345"><title>L.A. Lakers - Phoenix</title><date></date><icon src=""></icon><desc>Basket.</desc><category>Sport</category></programme><programme channel="lgi-be-prod-master:11sportsbetv" start="20211227073500 +0000" stop="20211227101000 +0000" catchup-id="crid:~~2F~~2Ftelenet.be~~2F50600365-0f58-48f8-a05f-f9785dca82a9-fre,imi:46e8a7e378db2115a3c52b1faf88270fd40347a7"><title>L.A. Lakers - Brooklyn Nets</title><date></date><icon src=""></icon><desc>Basket.</desc><category>Sport</category></programme><programme channel="lgi-be-prod-master:11sportsbetv" start="20211227101000 +0000" stop="20211227104000 +0000" catchup-id="crid:~~2F~~2Ftelenet.be~~2F2e87b608-346e-49e2-a09c-35663cdb6269-fre,imi:ddaabf81cf521ce06df21cd97f94d0e53fd5f21b"><title>Dunk League S3</title><date></date><icon src="https://staticqbr-be-prod.tnprod.cdn.dmdsdp.com/image-service/ImagesEPG/EventImages/07c__e25__07ce25b8-65bf-4333-87e7-28e537077935__B106319587.jpg"></icon><desc>Basket.</desc><category>Sport</category></programme><programme channel="lgi-be-prod-master:11sportsbetv" start="20211227104000 +0000" stop="20211227134000 +0000" catchup-id="crid:~~2F~~2Ftelenet.be~~2Fa7f34e7c-9bb3-4bf9-a1d8-91acf1e951ba-fre,imi:4c2f5776aeaadcf6ec0bf65f2b75829b06fbe133"><title>Dallas Cowboys - Washington Football Team</title><date></date><icon src=""></icon><desc>Amerikaans voetbal.</desc><category></category></programme>