<programme channel="lgi-be-prod-master:disneyvl" start="20211226231900 +0000" stop="20211226234100 +0000" catchup-id="crid:~~2F~~2Ftelenet.be~~2F2048b19c-e927-4b45-9544-d82c397199a3,imi:ce624e3d7c7b2187d44a9c521153ab1b195e677b"><title>Miraculous Tales of Ladybug &amp; Cat Noir</title><date></date><icon src="https://staticqbr-be-prod.tnprod.cdn.dmdsdp.com/image-service/ImagesEPG/EventImages/320__964__32096463-7dec-48bb-b87c-c24ffe8c1d12__B69026788.jpg"></icon><desc>Max heeft een klein robotje (Markov) dat heel graag mens wil worden. Als dat niet lukt wordt hij zo boos, dat hij zelfs Havikmot aanvalt als die hem voor zijn karretje wil spannen.</desc><category>Kinderen, Animatie</category></programme><programme channel="lgi-be-prod-master:disneyvl" start="20211226234100 +0000" stop="20211227000200 +0000" catchup-id="crid:~~2F~~2Ftelenet.be~~2F325fdfc6-e572-4fa2-8fc7-27f538a15290,imi:5942ae64f6094039ddef2e662e4dadb574aceb60"><title>Miraculous Tales of Ladybug &amp; Cat Noir</title><date></date><icon src="https://staticqbr-be-prod.tnprod.cdn.dmdsdp.com/image-service/ImagesEPG/EventImages/320__964__32096463-7dec-48bb-b87c-c24ffe8c1d12__B69026788.jpg"></icon><desc>Als Alya's jongere zusjes lopen te keten terwijl zij en Marinette aan het oppassen zijn, verandert Havikmot de meisjes in zijn lievelingsmonstertjes, de Sapoti's.</desc><category>Kinderen, Animatie</category></programme><programme channel="lgi-be-prod-master:disneyvl" start="20211227000200 +0000" stop="20211227001500 +0000" catchup-id="crid:~~2F~~2Ftelenet.be~~2Fe6cf2b08-eb31-4499-b6c4-b4d1d79096b1,imi:7bdf83b775d6eead7d2b56f8fefb98f4aab02f68"><title>Phineas and Ferb</title><date></date><icon src="https://staticqbr-be-prod.tnprod.cdn.dmdsdp.com/image-service/ImagesEPG/EventImages/c32__e90__c32e9006-c028-425d-b57c-1fcf4e37e0f3__B48154785.jpg"></icon><desc>De broertjes Phineas en Ferb gebruiken elke dag van hun vakantie om superuitvindingen te doen. Ze bouwen een achtbaan of beklimmen de Eiffeltoren, want niets is Phineas en Ferb te gek!</desc><category>Kinderen, Animatie</category></programme><programme channel="lgi-be-prod-master:disneyvl" start="20211227001500 +0000" stop="20211227005900 +0000" catchup-id="crid:~~2F~~2Ftelenet.be~~2F2da65850-54a8-43d7-9a38-9a4fadf684b5,imi:4af3d6a39432a5ac8dabcb84c38c473b0da48a52"><title>Alex &amp; Co.</title><date></date><icon src="https://staticqbr-be-prod.tnprod.cdn.dmdsdp.com/image-service/ImagesEPG/EventImages/a34__4c7__a344c728-b553-44f0-9d2b-031122385cbe__B68999622.jpg"></icon><desc>Iedereen is druk met de voorbereidingen voor de avond in de Blue Factory. Sam neemt een beslissing en zet met Rebecca een schitterend optreden neer.</desc><category>Kinderen, Entertainment</category></programme><programme channel="lgi-be-prod-master:disneyvl" start="20211227005900 +0000" stop="20211227010000 +0000" catchup-id="crid:~~2F~~2Ftelenet.be~~2Ffd15a49b-7f0e-4154-a7a7-323fb6f37cad,imi:21d64becdcb2ac5030d20dee4074f62a807dd70f"><title>Alex &amp; Co.</title><date></date><icon src="https://staticqbr-be-prod.tnprod.cdn.dmdsdp.com/image-service/ImagesEPG/EventImages/a34__4c7__a344c728-b553-44f0-9d2b-031122385cbe__B68999622.jpg"></icon><desc>Alex&amp;Co is uit elkaar. Clio en Nicole vergeven Alex zijn leugen over Nobody, en het drietal van de Linda's wordt weer compleet met Giada, de zus van Rebecca.</desc><category>Kinderen, Entertainment</category></programme><programme channel="lgi-be-prod-master:disneyvl" start="20211227010000 +0000" stop="20211227012200 +0000" catchup-id="crid:~~2F~~2Ftelenet.be~~2F0cfdff05-edf3-49e0-9974-e71e843cacc7,imi:934c0aa57e36eb0ff5bff7ac2621b3720a944c30"><title>Sadie Sparks</title><date></date><icon src="https://staticqbr-be-prod.tnprod.cdn.dmdsdp.com/image-service/ImagesEPG/EventImages/984__6db__9846dbc9-f613-4203-98e9-7d15d0e56d8c__B148340229.jpg"></icon><desc>Sadies date met Sam loopt helemaal verkeerd af en ze wenst dat ze de dag nog eens over mocht doen. / Sadie gebruikt een spreuk om Melvin weer wat zelfvertrouwen te geven tijdens Wereld Groendag.</desc><category>Kinderen, Animatie</category></programme><programme channel="lgi-be-prod-master:disneyvl" start="20211227012200 +0000" stop="20211227014400 +0000" catchup-id="crid:~~2F~~2Ftelenet.be~~2F990eaee5-812d-456d-9b59-869fe4e18028,imi:895470ac531839cc5cab4889e0d511df81ac62ff"><title>Sadie Sparks</title><date></date><icon src="https://staticqbr-be-prod.tnprod.cdn.dmdsdp.com/image-service/ImagesEPG/EventImages/984__6db__9846dbc9-f613-4203-98e9-7d15d0e56d8c__B148340229.jpg"></icon><desc>Max vindt een heel mooie steen bij 't meer. / Sadie heeft last van een magieblok.</desc><category>Kinderen, Animatie</category></programme><programme channel="lgi-be-prod-master:disneyvl" start="20211227014400 +0000" stop="20211227020600 +0000" catchup-id="crid:~~2F~~2Ftelenet.be~~2Fcba5226b-5b82-4cfd-9ebf-30e9ae2b8b96,imi:de1a6d0b695b43d19a00905714ae590c7a2459b2"><title>Sadie Sparks</title><date></date><icon src="https://staticqbr-be-prod.tnprod.cdn.dmdsdp.com/image-service/ImagesEPG/EventImages/984__6db__9846dbc9-f613-4203-98e9-7d15d0e56d8c__B148340229.jpg"></icon><desc>Sadie is de controle over haar krachten kwijt en wordt door de Wakers in de Bol van Chiron geplaatst om haar krachten weer in Balans te krijgen. / Sadie moet Harmony en 't Magische Rijk redden.</desc><category>Kinderen, Animatie</category></programme><programme channel="lgi-be-prod-master:disneyvl" start="20211227020600 +0000" stop="20211227022800 +0000" catchup-id="crid:~~2F~~2Ftelenet.be~~2Ffe473669-b404-469b-b023-24bd04acb99b,imi:13b990cba317e0c73849c7d086c213eae34bc0ff"><title>Miraculous Tales of Ladybug &amp; Cat Noir</title><date></date><icon src="https://staticqbr-be-prod.tnprod.cdn.dmdsdp.com/image-service/ImagesEPG/EventImages/320__964__32096463-7dec-48bb-b87c-c24ffe8c1d12__B69026788.jpg"></icon><desc>Marinette en haar vriendinnen hebben een ingewikkeld plan om Adrien aan Marinette te koppelen. Tijdens de uitvoering ervan akumeert Havikmot echter per ongeluk een baby.</desc><category>Kinderen, Animatie</category></programme><programme channel="lgi-be-prod-master:disneyvl" start="20211227022800 +0000" stop="20211227025000 +0000" catchup-id="crid:~~2F~~2Ftelenet.be~~2Fcda177bb-a068-44fd-be8d-f001d70dd9ca,imi:b77e1f836e24491a8aee1e45f438f69e755dd809"><title>Miraculous Tales of Ladybug &amp; Cat Noir</title><date></date><icon src="https://staticqbr-be-prod.tnprod.cdn.dmdsdp.com/image-service/ImagesEPG/EventImages/320__964__32096463-7dec-48bb-b87c-c24ffe8c1d12__B69026788.jpg"></icon><desc>Als schermkampioene Kagami denkt dat ze van Adrian heeft verloren met schermen, is ze zó gedesillusioneerd dat Havikmot zijn kans schoon ziet om haar te akumeren.</desc><category>Kinderen, Animatie</category></programme><programme channel="lgi-be-prod-master:disneyvl" start="20211227025000 +0000" stop="20211227031200 +0000" catchup-id="crid:~~2F~~2Ftelenet.be~~2Fddf601ad-90c3-4074-aad5-aedd0577111c,imi:950b0c0e0d5cfb22199dfb03f5683ac63080f0d7"><title>Miraculous Tales of Ladybug &amp; Cat Noir</title><date></date><icon src="https://staticqbr-be-prod.tnprod.cdn.dmdsdp.com/image-service/ImagesEPG/EventImages/320__964__32096463-7dec-48bb-b87c-c24ffe8c1d12__B69026788.jpg"></icon><desc>Marinette is jarig en haar oma Gina komt op bezoek en wil met haar op stap door Parijs. Ze wordt een makkelijke prooi voor Havikmot als Marinette er halverwege de middag vandoor gaat om te feesten.</desc><category>Kinderen, Animatie</category></programme><programme channel="lgi-be-prod-master:disneyvl" start="20211227031200 +0000" stop="20211227033300 +0000" catchup-id="crid:~~2F~~2Ftelenet.be~~2Fa48ffe27-ad72-4fb6-ba1a-965900ab57de,imi:e06aa347707bf85ac437b08c167f902d012ced31"><title>Miraculous Tales of Ladybug &amp; Cat Noir</title><date></date><icon src="https://staticqbr-be-prod.tnprod.cdn.dmdsdp.com/image-service/ImagesEPG/EventImages/320__964__32096463-7dec-48bb-b87c-c24ffe8c1d12__B69026788.jpg"></icon><desc>De populaire zangeres Clara Nachtegaal wordt door Havikmot geakumeerd tot Angstegaal. Om haar te verslaan moeten Adrien en Marinette blijven dansen, zingen en rijmen.</desc><category>Kinderen, Animatie</category></programme><programme channel="lgi-be-prod-master:disneyvl" start="20211227033300 +0000" stop="20211227035500 +0000" catchup-id="crid:~~2F~~2Ftelenet.be~~2F61bf49a7-e479-4148-b697-8c89b2b6bbe5,imi:aaa14269f2e179ac2e3954a90270c185843d9f99"><title>Miraculous Tales of Ladybug &amp; Cat Noir</title><date></date><icon src="https://staticqbr-be-prod.tnprod.cdn.dmdsdp.com/image-service/ImagesEPG/EventImages/320__964__32096463-7dec-48bb-b87c-c24ffe8c1d12__B69026788.jpg"></icon><desc>De bodyguard die Adrien moet beschermen tegen opdringerige fans wordt geakumeerd en verandert in een enorme Gorilla. Gelukkig kan Ladybug het kwaad met een list uitdrijven.</desc><category>Kinderen, Animatie</category></programme><programme channel="lgi-be-prod-master:disneyvl" start="20211227035500 +0000" stop="20211227041700 +0000" catchup-id="crid:~~2F~~2Ftelenet.be~~2F2048b19c-e927-4b45-9544-d82c397199a3,imi:cfc22d6afb3a693c34752b28230dbdfa59ea2570"><title>Miraculous Tales of Ladybug &amp; Cat Noir</title><date></date><icon src="https://staticqbr-be-prod.tnprod.cdn.dmdsdp.com/image-service/ImagesEPG/EventImages/320__964__32096463-7dec-48bb-b87c-c24ffe8c1d12__B69026788.jpg"></icon><desc>Max heeft een klein robotje (Markov) dat heel graag mens wil worden. Als dat niet lukt wordt hij zo boos, dat hij zelfs Havikmot aanvalt als die hem voor zijn karretje wil spannen.</desc><category>Kinderen, Animatie</category></programme><programme channel="lgi-be-prod-master:disneyvl" start="20211227041700 +0000" stop="20211227043900 +0000" catchup-id="crid:~~2F~~2Ftelenet.be~~2F325fdfc6-e572-4fa2-8fc7-27f538a15290,imi:3c0605808c72ffd12c5519f2c2e3de4509a25813"><title>Miraculous Tales of Ladybug &amp; Cat Noir</title><date></date><icon src="https://staticqbr-be-prod.tnprod.cdn.dmdsdp.com/image-service/ImagesEPG/EventImages/320__964__32096463-7dec-48bb-b87c-c24ffe8c1d12__B69026788.jpg"></icon><desc>Als Alya's jongere zusjes lopen te keten terwijl zij en Marinette aan het oppassen zijn, verandert Havikmot de meisjes in zijn lievelingsmonstertjes, de Sapoti's.</desc><category>Kinderen, Animatie</category></programme><programme channel="lgi-be-prod-master:disneyvl" start="20211227043900 +0000" stop="20211227050000 +0000" catchup-id="crid:~~2F~~2Ftelenet.be~~2F28866a4f-09b1-45c3-9e08-8f40385ddfb2,imi:0068000c6e5d3910c1c104103783e96be4376b3c"><title>101 Dalmatian Street</title><date></date><icon src="https://staticqbr-be-prod.tnprod.cdn.dmdsdp.com/image-service/ImagesEPG/EventImages/c35__c45__c35c4597-fef2-41f6-b0a6-330aa473c6e4__B142565292.jpg"></icon><desc>Bij een verkiezing om te bepalen wie de baas wordt van de honden wint Diesel, de meest ongeschikte leider. / Dylan doet een vreemde ontdekking!</desc><category>Kinderen, Animatie</category></programme><programme channel="lgi-be-prod-master:disneyvl" start="20211227050000 +0000" stop="20211227050500 +0000" catchup-id="crid:~~2F~~2Ftelenet.be~~2F8d93bd26-6f16-4c13-888e-a9394a40ba7c,imi:60951d4fc7a0b98b2e6ab2230076d9dcfa218dd9"><title>Mickey Mouse</title><date></date><icon src="https://staticqbr-be-prod.tnprod.cdn.dmdsdp.com/image-service/ImagesEPG/EventImages/cef__d2d__cefd2d1b-0309-4b71-8e62-32a7969c75cb__B132756407.jpg"></icon><desc>Donald, Goofy en Mickey gaan kamperen. Alleen waar Mickey kiest voor primitief, komen de andere twee met een megaluxe camper aanzetten.</desc><category>Kinderen, Animatie</category></programme><programme channel="lgi-be-prod-master:disneyvl" start="20211227050500 +0000" stop="20211227052700 +0000" catchup-id="crid:~~2F~~2Ftelenet.be~~2F104a8fc4-f438-4823-9fc0-350dbf943dd9,imi:abc33aed3059097fd1a28c4bd3ef51a2d22653e4"><title>Miraculous Tales of Ladybug &amp; Cat Noir</title><date></date><icon src="https://staticqbr-be-prod.tnprod.cdn.dmdsdp.com/image-service/ImagesEPG/EventImages/320__964__32096463-7dec-48bb-b87c-c24ffe8c1d12__B69026788.jpg"></icon><desc>Havikmot akumeert de Kerstman, maar Ladybug en Cat Noir weten de betovering te verbreken vóór Kerstmis verpest wordt.</desc><category>Kinderen, Animatie</category></programme><programme channel="lgi-be-prod-master:disneyvl" start="20211227052700 +0000" stop="20211227055000 +0000" catchup-id="crid:~~2F~~2Ftelenet.be~~2F292244ee-f7a5-4db5-a30e-0064d68a2109,imi:9b6d4168b1113b4c3dbf371353092c5b9bddaa47"><title>Miraculous Tales of Ladybug &amp; Cat Noir</title><date></date><icon src="https://staticqbr-be-prod.tnprod.cdn.dmdsdp.com/image-service/ImagesEPG/EventImages/320__964__32096463-7dec-48bb-b87c-c24ffe8c1d12__B69026788.jpg"></icon><desc>Wanneer Simon de hypnotiseur verliest bij een spelshow op tv ziet Havikmot daar een mooie mogelijkheid in om hem te misbruiken voor zijn eigen doeleinden.</desc><category>Kinderen, Animatie</category></programme><programme channel="lgi-be-prod-master:disneyvl" start="20211227055000 +0000" stop="20211227060100 +0000" catchup-id="crid:~~2F~~2Ftelenet.be~~2F472a9b73-4c0d-435d-b7e7-cba78017ed5a,imi:1d1cce974a448273b69f7916ed6cea26c34aa9b7"><title>Ik, Elvis Riboldi</title><date></date><icon src="https://staticqbr-be-prod.tnprod.cdn.dmdsdp.com/image-service/ImagesEPG/EventImages/4b1__03d__4b103d6d-27a8-4b2e-9c41-3f5469ccfdc5__B106254933.jpg"></icon><desc>Er is een ruimteschip neergestort in Icaria met aan boord een blauw buitenaards wezentje. Elvis is dolblij met zijn nieuwe maatje en noemt hem Murphy.</desc><category>Kinderen, Animatie</category></programme><programme channel="lgi-be-prod-master:disneyvl" start="20211227060100 +0000" stop="20211227061300 +0000" catchup-id="crid:~~2F~~2Ftelenet.be~~2F502a264d-77a0-445c-b456-18567f4e947d,imi:234c2bb17d611259268d146c551cd169c32a2c52"><title>Ik, Elvis Riboldi</title><date></date><icon src="https://staticqbr-be-prod.tnprod.cdn.dmdsdp.com/image-service/ImagesEPG/EventImages/4b1__03d__4b103d6d-27a8-4b2e-9c41-3f5469ccfdc5__B106254933.jpg"></icon><desc>Elvis heeft besloten superheld te worden. Hij noemt zichzelf Heldenman. Op zijn eigen, niet zo handige manier, redt hij her en der mensen maar niks bijzonders.</desc><category>Kinderen, Animatie</category></programme><programme channel="lgi-be-prod-master:disneyvl" start="20211227061300 +0000" stop="20211227062400 +0000" catchup-id="crid:~~2F~~2Ftelenet.be~~2Fe41872b7-beda-419e-8128-380e3dd0d21a,imi:e7415736c4ef6e4c068eb3b014d9fd2821cc72cb"><title>Ik, Elvis Riboldi</title><date></date><icon src="https://staticqbr-be-prod.tnprod.cdn.dmdsdp.com/image-service/ImagesEPG/EventImages/4b1__03d__4b103d6d-27a8-4b2e-9c41-3f5469ccfdc5__B106254933.jpg"></icon><desc>Elvis heeft een nieuw klasgenootje, Travis. Travis is erg onzeker en kijkt enorm op tegen Elvis. Aanvankelijk vindt Elvis dat geen probleem, maar dan begint Travis hem steeds meer na te apen.</desc><category>Kinderen, Animatie</category></programme><programme channel="lgi-be-prod-master:disneyvl" start="20211227062400 +0000" stop="20211227063700 +0000" catchup-id="crid:~~2F~~2Ftelenet.be~~2F632954f7-01dc-4fbb-9c81-6c3471f6d907,imi:3168dc3068e01a06e16a13e4b51cade2a5cb4a9b"><title>Ik, Elvis Riboldi</title><date></date><icon src="https://staticqbr-be-prod.tnprod.cdn.dmdsdp.com/image-service/ImagesEPG/EventImages/4b1__03d__4b103d6d-27a8-4b2e-9c41-3f5469ccfdc5__B106254933.jpg"></icon><desc>Dankzij een beeldje van een driekoppige aap mag Elvis drie wensen doen. De eerste twee verspilt hij per ongeluk, dus over de derde wil hij goed nadenken.</desc><category>Kinderen, Animatie</category></programme><programme channel="lgi-be-prod-master:disneyvl" start="20211227063700 +0000" stop="20211227070100 +0000" catchup-id="crid:~~2F~~2Ftelenet.be~~2F7437468a-facf-4b49-99aa-7fc54d4188ce,imi:938c46f2f9ead0b811fe5e3ba5bd9a7d98c7ded6"><title>Hotel Transylvanie: de serie</title><date></date><icon src="https://staticqbr-be-prod.tnprod.cdn.dmdsdp.com/image-service/ImagesEPG/EventImages/024__71a__02471afc-d479-47ef-a61b-444f01e13076__B116220264.jpg"></icon><desc>Mavis probeert het Kistfeest te redden.</desc><category>Kinderen, Animatie</category></programme><programme channel="lgi-be-prod-master:disneyvl" start="20211227070100 +0000" stop="20211227072400 +0000" catchup-id="crid:~~2F~~2Ftelenet.be~~2F381f5a17-4160-4441-8b61-51dade07bf63,imi:b1dd38be25b2b726ad5968fe04941f30dd080881"><title>Hotel Transylvanië: de serie</title><date></date><icon src="https://staticqbr-be-prod.tnprod.cdn.dmdsdp.com/image-service/ImagesEPG/EventImages/2a3__72e__2a372e8d-b64c-4e41-a789-78783b45fc40__B165421029.jpg"></icon><desc>Krampus is de laatste tijd een stuk minder enthousiast over zijn baan en dat is te merken ook. Om te zorgen dat de kinderen toch een fijne Kistmis hebben, neemt Mavis voor hem waar.</desc><category>Kinderen, Animatie</category></programme><programme channel="lgi-be-prod-master:disneyvl" start="20211227072400 +0000" stop="20211227074800 +0000" catchup-id="crid:~~2F~~2Ftelenet.be~~2Ffffc102d-76a3-49da-8378-043af04803aa,imi:deee912bee1d24076c6e9d019569a6a4d37860e7"><title>Big Hero 6: De Serie</title><date></date><icon src="https://staticqbr-be-prod.tnprod.cdn.dmdsdp.com/image-service/ImagesEPG/EventImages/2b6__202__2b620201-1bac-48d4-a8bd-911e522672e2__B126482417.jpg"></icon><desc>Fred wordt gevolgd en gearresteerd door de politie.</desc><category>Kinderen, Animatie</category></programme><programme channel="lgi-be-prod-master:disneyvl" start="20211227074800 +0000" stop="20211227080900 +0000" catchup-id="crid:~~2F~~2Ftelenet.be~~2F06209312-5519-485a-af31-1151a31ffd6d,imi:23048be8547bd9da969fc5be306fd291a6ae118e"><title>Big Hero 6: De Serie</title><date></date><icon src="https://staticqbr-be-prod.tnprod.cdn.dmdsdp.com/image-service/ImagesEPG/EventImages/2b6__202__2b620201-1bac-48d4-a8bd-911e522672e2__B126482417.jpg"></icon><desc>Een nieuwe boef die zichzelf Major Blast noemt, verschijnt in de stad en heeft het voorzien op Fred! De andere leden van Big Hero 6 proberen uit te zoeken wie er achter het masker van Major Blast zit.</desc><category>Kinderen, Animatie</category></programme><programme channel="lgi-be-prod-master:disneyvl" start="20211227080900 +0000" stop="20211227083400 +0000" catchup-id="crid:~~2F~~2Ftelenet.be~~2Fe71b1666-f702-4038-85e9-da4a51afe548,imi:9746d17f0bcf04442f5776dc84fa511be5250365"><title>Phineas and Ferb</title><date></date><icon src="https://staticqbr-be-prod.tnprod.cdn.dmdsdp.com/image-service/ImagesEPG/EventImages/c32__e90__c32e9006-c028-425d-b57c-1fcf4e37e0f3__B48154785.jpg"></icon><desc>De broertjes Phineas en Ferb gebruiken elke dag van hun vakantie om superuitvindingen te doen. Ze bouwen een achtbaan of beklimmen de Eiffeltoren, want niets is Phineas en Ferb te gek!</desc><category>Kinderen, Animatie</category></programme><programme channel="lgi-be-prod-master:disneyvl" start="20211227083400 +0000" stop="20211227085800 +0000" catchup-id="crid:~~2F~~2Ftelenet.be~~2Fa3acf176-0a30-46f8-bf0e-7f5704dff850,imi:4f2245d8ad96d70d509442a8c1b04d5fee138458"><title>Phineas and Ferb</title><date></date><icon src="https://staticqbr-be-prod.tnprod.cdn.dmdsdp.com/image-service/ImagesEPG/EventImages/f15__6db__f156db89-09e9-45e2-92f2-44d4191a0219__B105936399.jpg"></icon><desc>P&amp;F zijn uitgedaagd door de plaatselijke pestkop Buford om mee te doen aan een gevecht. /  In de stad wordt een romantische film opgenomen en Candace wil er een rol in.</desc><category>Kinderen, Animatie</category></programme><programme channel="lgi-be-prod-master:disneyvl" start="20211227085800 +0000" stop="20211227092300 +0000" catchup-id="crid:~~2F~~2Ftelenet.be~~2F0ff31be5-d11e-48a9-9a29-71e1a642c13d,imi:31cf67aedbd362b11fe54a85ab0e69450b106cfe"><title>Phineas and Ferb</title><date></date><icon src="https://staticqbr-be-prod.tnprod.cdn.dmdsdp.com/image-service/ImagesEPG/EventImages/f15__6db__f156db89-09e9-45e2-92f2-44d4191a0219__B105936399.jpg"></icon><desc>Phineas, Ferb en hun vrienden gaan logeren bij opa en oma. Daar maken ze onder meer kennis met het mysterie rondom Bigfoot. / Phineas en Ferb knappen hun boomhut op. Het wordt een gigantisch bouwwerk.</desc><category>Kinderen, Animatie</category></programme><programme channel="lgi-be-prod-master:disneyvl" start="20211227092300 +0000" stop="20211227094500 +0000" catchup-id="crid:~~2F~~2Ftelenet.be~~2F328de07c-dccb-4024-aedf-b77784203e1c,imi:0d332f5f0ac2234dd12bf1ece8b65c0ed4f716f6"><title>Milo Murphy's Wet</title><date></date><icon src="https://staticqbr-be-prod.tnprod.cdn.dmdsdp.com/image-service/ImagesEPG/EventImages/5a5__16c__5a516c2f-d936-413e-85c7-b0f921fad0ad__B107439699.jpg"></icon><desc>Sara wil met Milo naar de film. / Milo's absentiebrief.</desc><category>Kinderen, Animatie</category></programme><programme channel="lgi-be-prod-master:disneyvl" start="20211227094500 +0000" stop="20211227100900 +0000" catchup-id="crid:~~2F~~2Ftelenet.be~~2Fc9fe65b7-2601-4dfe-9986-56dff8e010d6,imi:b2722dcf84796bb38cdd69da8742036eb746916d"><title>Milo Murphy's Wet</title><date></date><icon src="https://staticqbr-be-prod.tnprod.cdn.dmdsdp.com/image-service/ImagesEPG/EventImages/5a5__16c__5a516c2f-d936-413e-85c7-b0f921fad0ad__B107439699.jpg"></icon><desc>Sinds jaren willen Melissa en Zack proberen om een verassingsfeestje te organiseren voor de verjaardag van Milo. / Milo, Melissa en Zack gaan naar de opera om extra punten te halen voor school.</desc><category>Kinderen, Animatie</category></programme><programme channel="lgi-be-prod-master:disneyvl" start="20211227100900 +0000" stop="20211227102100 +0000" catchup-id="crid:~~2F~~2Ftelenet.be~~2Fa4325259-5d62-46d8-b66d-f95d8cba4160,imi:a1c1890210099effa5a67d8e4e8f73f9f5a700f8"><title>Milo Murphy's Wet</title><date></date><icon src="https://staticqbr-be-prod.tnprod.cdn.dmdsdp.com/image-service/ImagesEPG/EventImages/5a5__16c__5a516c2f-d936-413e-85c7-b0f921fad0ad__B107439699.jpg"></icon><desc>Milo is enthousiast over carrieredag op school.</desc><category>Kinderen, Animatie</category></programme><programme channel="lgi-be-prod-master:disneyvl" start="20211227102100 +0000" stop="20211227104500 +0000" catchup-id="crid:~~2F~~2Ftelenet.be~~2F7437468a-facf-4b49-99aa-7fc54d4188ce,imi:c16cc93ff02370efceb9cf1123ee16fcde5f2c2a"><title>Hotel Transylvanie: de serie</title><date></date><icon src="https://staticqbr-be-prod.tnprod.cdn.dmdsdp.com/image-service/ImagesEPG/EventImages/024__71a__02471afc-d479-47ef-a61b-444f01e13076__B116220264.jpg"></icon><desc>Mavis probeert het Kistfeest te redden.</desc><category>Kinderen, Animatie</category></programme><programme channel="lgi-be-prod-master:disneyvl" start="20211227104500 +0000" stop="20211227111000 +0000" catchup-id="crid:~~2F~~2Ftelenet.be~~2F80a83d49-8401-45d3-8c89-d0e123e56f64,imi:ad307a6b71224bcc844a6656cf496e3ca390e396"><title>Hotel Transylvanie: de serie</title><date></date><icon src="https://staticqbr-be-prod.tnprod.cdn.dmdsdp.com/image-service/ImagesEPG/EventImages/024__71a__02471afc-d479-47ef-a61b-444f01e13076__B116220264.jpg"></icon><desc>Mavis verwoest per ongeluk de mummiedoeken van Pedro. / Mavis draait door als ze denkt dat ze in haar neef Klaus verandert.</desc><category>Kinderen, Animatie</category></programme><programme channel="lgi-be-prod-master:disneyvl" start="20211227111000 +0000" stop="20211227113100 +0000" catchup-id="crid:~~2F~~2Ftelenet.be~~2Fb08f7fad-9ff0-4870-abf8-f4f216f52f71,imi:587dfc5d7e761fc3d04466e88e7eafbdb29b51c1"><title>Big City Greens S1 Splits</title><date></date><icon src="https://staticqbr-be-prod.tnprod.cdn.dmdsdp.com/image-service/ImagesEPG/EventImages/bf6__925__bf6925fd-4b94-4084-9e53-010306997f8c__B136256152.jpg"></icon><desc>Op het Valentijnsfeest wordt Cricket ongewild verliefd op Gabriella! / Cricket werkt samen met Officier Sleutel om de rommelkant van de buurt op te sporen.</desc><category>Kinderen, Animatie</category></programme><programme channel="lgi-be-prod-master:disneyvl" start="20211227113100 +0000" stop="20211227115500 +0000" catchup-id="crid:~~2F~~2Ftelenet.be~~2Fda32108c-153e-4734-b9b4-8feed25fe4b1,imi:709fbe0d3ce437e3c86948c86086a2c76a5917f9"><title>Groen in de Grote Stad</title><date></date><icon src="https://staticqbr-be-prod.tnprod.cdn.dmdsdp.com/image-service/ImagesEPG/EventImages/bf6__925__bf6925fd-4b94-4084-9e53-010306997f8c__B136256152.jpg"></icon><desc>Omie wil niet met Tilly spelen. / Oma maakt speciale koek.</desc><category>Kinderen, Animatie</category></programme><programme channel="lgi-be-prod-master:disneyvl" start="20211227115500 +0000" stop="20211227121700 +0000" catchup-id="crid:~~2F~~2Ftelenet.be~~2Ff35f566c-2c78-4d41-bc55-d7edad294176,imi:4fb2190ee0bede417033e2d7b27f3f8ad2a11760"><title>Groen in de Grote Stad</title><date></date><icon src="https://staticqbr-be-prod.tnprod.cdn.dmdsdp.com/image-service/ImagesEPG/EventImages/bf6__925__bf6925fd-4b94-4084-9e53-010306997f8c__B136256152.jpg"></icon><desc>Cricket vs. stinkdieren. / Nancy maakt Saxon kapot.</desc><category>Kinderen, Animatie</category></programme>