<programme channel="lgi-be-prod-master:tve" start="20211226230000 +0000" stop="20211226233000 +0000" catchup-id="crid:~~2F~~2Ftelenet.be~~2F85aa6da7-c40a-4469-bf48-807a34cc792f-esp,imi:c41dd716417944273602f39fbd91e2e560996dba"><title>Atencion obras</title><date></date><icon src="https://staticqbr-be-prod.tnprod.cdn.dmdsdp.com/image-service/ImagesEPG/EventImages/215__e00__215e00d1-e35d-49ff-a2c6-bb77a2917299__W106255293.jpg"></icon><desc>Magazine cultural sobre las más diversas manifestaciones artísticas conducido por Cayetana Guillén Cuervo.</desc><category>Nieuws, Actualiteitenprogramma's</category></programme><programme channel="lgi-be-prod-master:tve" start="20211226233000 +0000" stop="20211227000000 +0000" catchup-id="crid:~~2F~~2Ftelenet.be~~2F5b281e9b-54fa-48f4-b4b3-94566c55f161-esp,imi:69c0af05aaf64af877ce947655ab12642f136687"><title>Pagina Dos</title><date></date><icon src="https://staticqbr-be-prod.tnprod.cdn.dmdsdp.com/image-service/ImagesEPG/EventImages/d70__6d0__d706d0d3-35db-41e6-8d27-71ef5f39ae8b__B105941142.jpg"></icon><desc>Página 2 recoge los principales temas de la actualidad literaria y editorial en completos reportajes y nos presentará las novedades editoriales más interesantes</desc><category>Educatie</category></programme><programme channel="lgi-be-prod-master:tve" start="20211227000000 +0000" stop="20211227011500 +0000" catchup-id="crid:~~2F~~2Ftelenet.be~~2F2d40421c-10ef-45be-88bb-781216a11f08-esp,imi:8460a43c1b8bca0206c1f6babc52611c63a8e625"><title>Programa a determinar</title><date></date><icon src="https://staticqbr-be-prod.tnprod.cdn.dmdsdp.com/image-service/ImagesEPG/EventImages/f14__de0__f14de018-9dd6-491e-8f14-8ef0f728ccbd__B78363348.jpg"></icon><desc>Aún no hay un programa específico, queda a la espera de ser determinado por la cadena que emitirá el programa.</desc><category>Overig</category></programme><programme channel="lgi-be-prod-master:tve" start="20211227011500 +0000" stop="20211227014500 +0000" catchup-id="crid:~~2F~~2Ftelenet.be~~2Ff3a807b2-dabc-4da9-8bed-f15528fb5810-esp,imi:badab0caa5acd8aa0359da91a30770430746076c"><title>Metrópolis</title><date></date><icon src="https://staticqbr-be-prod.tnprod.cdn.dmdsdp.com/image-service/ImagesEPG/EventImages/59a__5c9__59a5c960-dc99-4ea0-90c5-d9a498c06376__B105940124.jpg"></icon><desc>Metrópolis trata todas las tendencias artísticas de vanguardia que se producen dentro y fuera del país.</desc><category>Actualiteit</category></programme><programme channel="lgi-be-prod-master:tve" start="20211227014500 +0000" stop="20211227020000 +0000" catchup-id="crid:~~2F~~2Ftelenet.be~~2Fb7242fb4-1b67-45f8-82f4-a840da30e9f0-esp,imi:fb6ca2d50af5ad3088d88d925d9c87841b2bac73"><title>Camara abierta</title><date></date><icon src="https://staticqbr-be-prod.tnprod.cdn.dmdsdp.com/image-service/ImagesEPG/EventImages/f14__de0__f14de018-9dd6-491e-8f14-8ef0f728ccbd__B78363348.jpg"></icon><desc>Programa de actualidad en todo lo relaccionado con la sociedad de la informacion y las redas sociales en internet</desc><category>Overig</category></programme><programme channel="lgi-be-prod-master:tve" start="20211227020000 +0000" stop="20211227050000 +0000" catchup-id="crid:~~2F~~2Ftelenet.be~~2F1fbfcc95-80d8-4dad-8822-fa771d6e0aa9-esp,imi:e2e64b69b98c38234bc077724a49ed6301406a68"><title>Noticias 24h</title><date></date><icon src="https://staticqbr-be-prod.tnprod.cdn.dmdsdp.com/image-service/ImagesEPG/EventImages/f14__de0__f14de018-9dd6-491e-8f14-8ef0f728ccbd__B78363348.jpg"></icon><desc>INFORMACIÓN CONTINUA 24 HORAS 366 DIAS AL AÑO</desc><category>Actualiteit</category></programme><programme channel="lgi-be-prod-master:tve" start="20211227050000 +0000" stop="20211227060000 +0000" catchup-id="crid:~~2F~~2Ftelenet.be~~2F1fbfcc95-80d8-4dad-8822-fa771d6e0aa9-esp,imi:8a3651c0ef33328ad09a344b5ad2e85013dc778f"><title>Noticias 24h</title><date></date><icon src="https://staticqbr-be-prod.tnprod.cdn.dmdsdp.com/image-service/ImagesEPG/EventImages/f14__de0__f14de018-9dd6-491e-8f14-8ef0f728ccbd__B78363348.jpg"></icon><desc>INFORMACIÓN CONTINUA 24 HORAS 366 DIAS AL AÑO</desc><category>Actualiteit</category></programme><programme channel="lgi-be-prod-master:tve" start="20211227060000 +0000" stop="20211227073000 +0000" catchup-id="crid:~~2F~~2Ftelenet.be~~2Fa3e05cd5-8632-42e0-aedd-080f09d01b32-esp,imi:6d275b181b40a5ff6201c285f17af0101e05a833"><title>Noticias 24h</title><date></date><icon src="https://staticqbr-be-prod.tnprod.cdn.dmdsdp.com/image-service/ImagesEPG/EventImages/f14__de0__f14de018-9dd6-491e-8f14-8ef0f728ccbd__B78363348.jpg"></icon><desc>INFORMACIÓN CONTINUA 24 HORAS 366 DIAS AL AÑO</desc><category>Actualiteit</category></programme><programme channel="lgi-be-prod-master:tve" start="20211227073000 +0000" stop="20211227090000 +0000" catchup-id="crid:~~2F~~2Ftelenet.be~~2F08d5f0d9-291c-4237-89ec-25da9345037c-esp,imi:59f4ed48766a679376007a84a6580f98aca39346"><title>La hora de la 1</title><date></date><icon src="https://staticqbr-be-prod.tnprod.cdn.dmdsdp.com/image-service/ImagesEPG/EventImages/d70__6d0__d706d0d3-35db-41e6-8d27-71ef5f39ae8b__B105941142.jpg"></icon><desc>En La hora de la Actualidad se abordará actualidad social. El programa contará con voces autorizadas que tratarán temas que fomenten el pensamiento crítico y el servició público para ayudar a los ciudadanos en su día a día.</desc><category>Educatie</category></programme><programme channel="lgi-be-prod-master:tve" start="20211227090000 +0000" stop="20211227113000 +0000" catchup-id="crid:~~2F~~2Ftelenet.be~~2F4fd8d809-2119-4124-9969-f04b3bfdc1d7-esp,imi:3d11816582a1bde50d5344d80e2a5d1d836082bd"><title>La hora de la 1</title><date></date><icon src="https://staticqbr-be-prod.tnprod.cdn.dmdsdp.com/image-service/ImagesEPG/EventImages/d70__6d0__d706d0d3-35db-41e6-8d27-71ef5f39ae8b__B105941142.jpg"></icon><desc>En La hora de la Actualidad se abordará actualidad social. El programa contará con voces autorizadas que tratarán temas que fomenten el pensamiento crítico y el servició público para ayudar a los ciudadanos en su día a día.</desc><category>Educatie</category></programme><programme channel="lgi-be-prod-master:tve" start="20211227113000 +0000" stop="20211227130000 +0000" catchup-id="crid:~~2F~~2Ftelenet.be~~2Fc56d05a4-77e2-42cb-9292-76f620e81e67-esp,imi:e6ed671f35cb4d01f03fc87fb79a7f17c446b3da"><title>Mejor contigo</title><date></date><icon src="https://staticqbr-be-prod.tnprod.cdn.dmdsdp.com/image-service/ImagesEPG/EventImages/d70__6d0__d706d0d3-35db-41e6-8d27-71ef5f39ae8b__B105941142.jpg"></icon><desc>Un programa desenfadado, alegre, próximo, cariñosamente irreverente y humano, conducido por Ion Aramendi, un rostro habitual y popular de TVE que destaca por su cercanía y simpatía, valores que definen también al programa. SUBT.</desc><category>Educatie</category></programme>