<programme channel="lgi-be-prod-master:cnn" start="20211226230000 +0000" stop="20211227000000 +0000" catchup-id="crid:~~2F~~2Ftelenet.be~~2Fc715b16e-a88d-477e-9f24-57179851671d-eng,imi:03bbaeb0aa902348a457ddfef9a4304feaff17fc"><title>CNN Newsroom</title><date></date><icon src="https://staticqbr-be-prod.tnprod.cdn.dmdsdp.com/image-service/ImagesEPG/EventImages/f14__de0__f14de018-9dd6-491e-8f14-8ef0f728ccbd__B78363348.jpg"></icon><desc>The latest news and information from around the world</desc><category>Actualiteit</category></programme><programme channel="lgi-be-prod-master:cnn" start="20211227000000 +0000" stop="20211227010000 +0000" catchup-id="crid:~~2F~~2Ftelenet.be~~2F08b18689-28d6-48fd-9b80-e1229816ef9b-eng,imi:82817e82c250bed2e17bb8b7ed3ccd96895860ce"><title>Stanley Tucci: Searching for Italy</title><date></date><icon src="https://staticqbr-be-prod.tnprod.cdn.dmdsdp.com/image-service/ImagesEPG/EventImages/2e8__31b__2e831b0c-89e4-47e8-808f-b47941abb93d__B105932959.jpg"></icon><desc>Toeristisch magazine.</desc><category>Reizen</category></programme><programme channel="lgi-be-prod-master:cnn" start="20211227010000 +0000" stop="20211227020000 +0000" catchup-id="crid:~~2F~~2Ftelenet.be~~2F4cae00ff-b477-4be5-9fa2-0faa37385e73-eng,imi:443c07e90d32e40ef3a417fb6e38aa1787755f31"><title>CNN Newsroom</title><date></date><icon src="https://staticqbr-be-prod.tnprod.cdn.dmdsdp.com/image-service/ImagesEPG/EventImages/f14__de0__f14de018-9dd6-491e-8f14-8ef0f728ccbd__B78363348.jpg"></icon><desc>The latest news and information from around the world</desc><category>Actualiteit</category></programme><programme channel="lgi-be-prod-master:cnn" start="20211227020000 +0000" stop="20211227030000 +0000" catchup-id="crid:~~2F~~2Ftelenet.be~~2Ff720cc1c-bacd-49eb-8852-aa31c30223fb-eng,imi:be17ca06e43dab71d2b49a5fb9c46a1a66a986d0"><title>Fareed Zakaria GPS</title><date></date><icon src="https://staticqbr-be-prod.tnprod.cdn.dmdsdp.com/image-service/ImagesEPG/EventImages/f14__de0__f14de018-9dd6-491e-8f14-8ef0f728ccbd__B78363348.jpg"></icon><desc>Auteur Fareed Zakaria bekijkt mogelijke oplossingen voor problemen in de wereld</desc><category>Actualiteit</category></programme><programme channel="lgi-be-prod-master:cnn" start="20211227030000 +0000" stop="20211227033000 +0000" catchup-id="crid:~~2F~~2Ftelenet.be~~2Fad7681f9-00f8-4ca7-a886-ea2f151267f6-eng,imi:79386cf1c8c2e52e9f8c94ca15630b5b63f176c4"><title>African Voices Changemakers</title><date></date><icon src="https://staticqbr-be-prod.tnprod.cdn.dmdsdp.com/image-service/ImagesEPG/EventImages/69a__201__69a20120-e71e-4c92-929d-5fe6493645fc__B160043378.jpg"></icon><desc>A Tanzanian girls' rights activist; a Ugandan engineer accelerates science through robots; a social entrepreneur in Nigeria equips young adults with the skills to build a career</desc><category>Documentaire, Oude culturen</category></programme><programme channel="lgi-be-prod-master:cnn" start="20211227033000 +0000" stop="20211227034500 +0000" catchup-id="crid:~~2F~~2Ftelenet.be~~2F65e23a1e-9f38-4a9f-8d14-8091f6861c91-eng,imi:3708789aecaf5e5fb3ca0cf3e7ab81e512aacef6"><title>Marketplace Africa</title><date></date><icon src="https://staticqbr-be-prod.tnprod.cdn.dmdsdp.com/image-service/ImagesEPG/EventImages/f14__de0__f14de018-9dd6-491e-8f14-8ef0f728ccbd__B78363348.jpg"></icon><desc>Marketplace Africa offers unique access to the latest African market information, with a look at events and developments that impact the business world</desc><category>Actualiteit</category></programme><programme channel="lgi-be-prod-master:cnn" start="20211227034500 +0000" stop="20211227040000 +0000" catchup-id="crid:~~2F~~2Ftelenet.be~~2F543140fe-be2e-43fe-9973-14a7564ccddf-eng,imi:10d829006fdb6dc0b7c98a6c6f684095b724a450"><title>Marketplace Africa</title><date></date><icon src="https://staticqbr-be-prod.tnprod.cdn.dmdsdp.com/image-service/ImagesEPG/EventImages/f14__de0__f14de018-9dd6-491e-8f14-8ef0f728ccbd__B78363348.jpg"></icon><desc>A movement to plant seeds of sustainability in Ivory Coast; a leading adhesive and electrical manufacturer Pratley Group's historic milestones and potential in a DIY world</desc><category>Actualiteit</category></programme><programme channel="lgi-be-prod-master:cnn" start="20211227040000 +0000" stop="20211227043000 +0000" catchup-id="crid:~~2F~~2Ftelenet.be~~2Fec0a2bc2-11b4-4c48-976a-391ebdf8957c-eng,imi:e03bb45e958f615a471084b78bb061ae648383ea"><title>Living Golf</title><date></date><icon src="https://staticqbr-be-prod.tnprod.cdn.dmdsdp.com/image-service/ImagesEPG/EventImages/09c__64e__09c64ea7-be8c-4473-a5c3-3b144344f924__B118120319.jpg"></icon><desc>A look back at this historic season in the sport, with record-breaking major winners, an Olympic Games and some breakthrough stars</desc><category>Sport</category></programme><programme channel="lgi-be-prod-master:cnn" start="20211227043000 +0000" stop="20211227050000 +0000" catchup-id="crid:~~2F~~2Ftelenet.be~~2F54e49db5-676f-4c87-b7cc-0a466308e47d-eng,imi:6bb64828fd79d7cc84ac7e33cb1535cc1592ae22"><title>Inside Africa</title><date></date><icon src="https://staticqbr-be-prod.tnprod.cdn.dmdsdp.com/image-service/ImagesEPG/EventImages/2e4__9d6__2e49d6fe-e1c9-402d-a40e-dc30522b1722__B105940125.jpg"></icon><desc>Inside Africa takes its viewers on a journey across Africa, exploring the true diversity and depth of different cultures, countries and regions</desc><category>Nieuws, Actualiteitenprogramma's</category></programme><programme channel="lgi-be-prod-master:cnn" start="20211227050000 +0000" stop="20211227054500 +0000" catchup-id="crid:~~2F~~2Ftelenet.be~~2F48f29ec8-e6bb-4392-8b68-bfb4ddd7d215-eng,imi:47f0c49e4e33848982a736a3b9105e7ac6423605"><title>CNN Newsroom with Anna Coren</title><date></date><icon src="https://staticqbr-be-prod.tnprod.cdn.dmdsdp.com/image-service/ImagesEPG/EventImages/f14__de0__f14de018-9dd6-491e-8f14-8ef0f728ccbd__B78363348.jpg"></icon><desc>Live from Hong Kong, Anna Coren brings context and clarity to the day's top stories from around the world</desc><category>Actualiteit</category></programme><programme channel="lgi-be-prod-master:cnn" start="20211227054500 +0000" stop="20211227060000 +0000" catchup-id="crid:~~2F~~2Ftelenet.be~~2Faebe52af-e903-427d-9e02-17aa75e5eae7-eng,imi:4d892b3cf631e78e79f2f5080f1a3247b2ef7946"><title>World Sport</title><date></date><icon src="https://staticqbr-be-prod.tnprod.cdn.dmdsdp.com/image-service/ImagesEPG/EventImages/09c__64e__09c64ea7-be8c-4473-a5c3-3b144344f924__B118120319.jpg"></icon><desc>A comprehensive review of sports news from around the world, including all the key highlights, profiles and interviews with the newsmakers and stars of sport</desc><category>Sport</category></programme><programme channel="lgi-be-prod-master:cnn" start="20211227060000 +0000" stop="20211227070000 +0000" catchup-id="crid:~~2F~~2Ftelenet.be~~2F48f29ec8-e6bb-4392-8b68-bfb4ddd7d215-eng,imi:45299dce677694a9f4316cb5547c38a4d4be8cb6"><title>CNN Newsroom with Anna Coren</title><date></date><icon src="https://staticqbr-be-prod.tnprod.cdn.dmdsdp.com/image-service/ImagesEPG/EventImages/f14__de0__f14de018-9dd6-491e-8f14-8ef0f728ccbd__B78363348.jpg"></icon><desc>Live from Hong Kong, Anna Coren brings context and clarity to the day's top stories from around the world</desc><category>Actualiteit</category></programme><programme channel="lgi-be-prod-master:cnn" start="20211227070000 +0000" stop="20211227074500 +0000" catchup-id="crid:~~2F~~2Ftelenet.be~~2Feda9330b-b656-49ed-8425-71944b8c66e7-eng,imi:824e2192e1663e50a858594003f316bf0c8c484f"><title>CNN Newsroom</title><date></date><icon src="https://staticqbr-be-prod.tnprod.cdn.dmdsdp.com/image-service/ImagesEPG/EventImages/f14__de0__f14de018-9dd6-491e-8f14-8ef0f728ccbd__B78363348.jpg"></icon><desc>Live from Atlanta, Kim Brunhuber brings context and clarity to the day's top stories from around the world</desc><category>Actualiteit</category></programme><programme channel="lgi-be-prod-master:cnn" start="20211227074500 +0000" stop="20211227080000 +0000" catchup-id="crid:~~2F~~2Ftelenet.be~~2F743c6da3-cdea-4f51-8bbf-760acf704110-eng,imi:3f1fc82e6f09ba84636e195e2d1c8dfffcd731ff"><title>World Sport</title><date></date><icon src="https://staticqbr-be-prod.tnprod.cdn.dmdsdp.com/image-service/ImagesEPG/EventImages/09c__64e__09c64ea7-be8c-4473-a5c3-3b144344f924__B118120319.jpg"></icon><desc>A comprehensive review of sports news from around the world, including all the key highlights, profiles and interviews with the newsmakers and stars of sport</desc><category>Sport</category></programme><programme channel="lgi-be-prod-master:cnn" start="20211227080000 +0000" stop="20211227090000 +0000" catchup-id="crid:~~2F~~2Ftelenet.be~~2Feda9330b-b656-49ed-8425-71944b8c66e7-eng,imi:94982af83577ff4721cefc5a12a2921c7374b457"><title>CNN Newsroom</title><date></date><icon src="https://staticqbr-be-prod.tnprod.cdn.dmdsdp.com/image-service/ImagesEPG/EventImages/f14__de0__f14de018-9dd6-491e-8f14-8ef0f728ccbd__B78363348.jpg"></icon><desc>Live from Atlanta, Kim Brunhuber brings context and clarity to the day's top stories from around the world</desc><category>Actualiteit</category></programme><programme channel="lgi-be-prod-master:cnn" start="20211227090000 +0000" stop="20211227100000 +0000" catchup-id="crid:~~2F~~2Ftelenet.be~~2Fc8621cb4-11e1-4426-aae2-e70c64dddbd3-eng,imi:2311ceed94d1177a11d7e4724fe6dab4ccb5a1a9"><title>CNN Newsroom</title><date></date><icon src="https://staticqbr-be-prod.tnprod.cdn.dmdsdp.com/image-service/ImagesEPG/EventImages/f14__de0__f14de018-9dd6-491e-8f14-8ef0f728ccbd__B78363348.jpg"></icon><desc>Live from London, Max Foster brings context and clarity to the day's top stories from around the world</desc><category>Actualiteit</category></programme><programme channel="lgi-be-prod-master:cnn" start="20211227100000 +0000" stop="20211227110000 +0000" catchup-id="crid:~~2F~~2Ftelenet.be~~2F3a0ec3e7-b168-4258-a785-0a4aef06a320-eng,imi:7c897afc4cb3f721b6b2690d9134554d5cf8afe8"><title>Early Start</title><date></date><icon src="https://staticqbr-be-prod.tnprod.cdn.dmdsdp.com/image-service/ImagesEPG/EventImages/f14__de0__f14de018-9dd6-491e-8f14-8ef0f728ccbd__B78363348.jpg"></icon><desc>Get a jump on the day's news with Christine Romans and Dave Briggs</desc><category>Overig</category></programme><programme channel="lgi-be-prod-master:cnn" start="20211227110000 +0000" stop="20211227133000 +0000" catchup-id="crid:~~2F~~2Ftelenet.be~~2F348487d3-c40d-45e7-a82b-2c3f5c77a186-eng,imi:96d8d39ce28d004da790ed294c37662a0dd24380"><title>New Day</title><date></date><icon src="https://staticqbr-be-prod.tnprod.cdn.dmdsdp.com/image-service/ImagesEPG/EventImages/215__e00__215e00d1-e35d-49ff-a2c6-bb77a2917299__W106255293.jpg"></icon><desc>The latest news and top stories</desc><category>Nieuws, Actualiteitenprogramma's</category></programme>