<programme channel="lgi-be-prod-master:vsw4" start="20211226122500 +0000" stop="20211226144500 +0000" catchup-id="crid:~~2F~~2Ftelenet.be~~2F08ffd4d5-e9f0-470d-8cae-53cf82c94e47-fre,imi:2f9124c34fd64d94643e440fb72d2259ec4cb110"><title>Foot Premier League : Liverpool - Leeds</title><date></date><icon src="https://staticqbr-be-prod.tnprod.cdn.dmdsdp.com/image-service/ImagesEPG/EventImages/117__82e__11782e0f-968d-4d7d-8ea1-f12e776752e9__B106321384.jpg"></icon><desc></desc><category>Sport, Voetbal</category></programme><programme channel="lgi-be-prod-master:vsw4" start="20211226144500 +0000" stop="20211226172500 +0000" catchup-id="crid:~~2F~~2Ftelenet.be~~2F134c6e64-3e69-48bd-86a9-afd860312c50-fre,imi:0668f22e3c6b0cbb684bce7d9838d583d0f5f38c"><title>Foot Premier League : Goals of the Day</title><date></date><icon src="https://staticqbr-be-prod.tnprod.cdn.dmdsdp.com/image-service/ImagesEPG/EventImages/117__82e__11782e0f-968d-4d7d-8ea1-f12e776752e9__B106321384.jpg"></icon><desc>Commentaires : Philippe Daman et Baptiste Reginster.</desc><category>Sport, Voetbal</category></programme><programme channel="lgi-be-prod-master:vsw4" start="20211226172500 +0000" stop="20211226192700 +0000" catchup-id="crid:~~2F~~2Ftelenet.be~~2F55dbc34f-ab80-4acf-a863-18e962e46b34-fre,imi:8fddb342f2903017c0d0f11f20d92f564b8eefb7"><title>Foot Premier League : Aston Villa - Chelsea</title><date></date><icon src="https://staticqbr-be-prod.tnprod.cdn.dmdsdp.com/image-service/ImagesEPG/EventImages/117__82e__11782e0f-968d-4d7d-8ea1-f12e776752e9__B106321384.jpg"></icon><desc></desc><category>Sport, Voetbal</category></programme><programme channel="lgi-be-prod-master:vsw4" start="20211226192700 +0000" stop="20211226195500 +0000" catchup-id="crid:~~2F~~2Ftelenet.be~~2F994c86d9-5a3c-44c2-9a36-fda9e3bb9880-fre,imi:06cffab9404bc2564761734df036774304bb5aaa"><title>Le monde de la Premier League</title><date></date><icon src="https://staticqbr-be-prod.tnprod.cdn.dmdsdp.com/image-service/ImagesEPG/EventImages/117__82e__11782e0f-968d-4d7d-8ea1-f12e776752e9__B106321384.jpg"></icon><desc>Commentaires : Benoît Goeders.</desc><category>Sport, Voetbal</category></programme><programme channel="lgi-be-prod-master:vsw4" start="20211226195500 +0000" stop="20211227190200 +0000" catchup-id="crid:~~2F~~2Ftelenet.be~~2Fa9f8cf08-6836-4a5e-b67d-71c3df5e43bc-fre,imi:de9c4e4f045890325fc3a4f3921ebb9932581de2"><title>Foot Premier League : Brighton - Brentford</title><date></date><icon src="https://staticqbr-be-prod.tnprod.cdn.dmdsdp.com/image-service/ImagesEPG/EventImages/117__82e__11782e0f-968d-4d7d-8ea1-f12e776752e9__B106321384.jpg"></icon><desc></desc><category>Sport, Voetbal</category></programme>