<programme channel="lgi-be-prod-master:playhousedisney" start="20211227040000 +0000" stop="20211227041000 +0000" catchup-id="crid:~~2F~~2Ftelenet.be~~2F468f4ed1-5ed8-4f8a-a541-e138c0d6a797,imi:c392a21ec21ab751d013b1f8efb7d81344c19f5e"><title>Kenny Knuffelmonster</title><date></date><icon src="https://staticqbr-be-prod.tnprod.cdn.dmdsdp.com/image-service/ImagesEPG/EventImages/252__120__2521203a-6a39-485d-a11c-688b3d35b3f9__B48850421.jpg"></icon><desc>Animatieserie</desc><category>Kinderen, Animatie</category></programme><programme channel="lgi-be-prod-master:playhousedisney" start="20211227041000 +0000" stop="20211227043500 +0000" catchup-id="crid:~~2F~~2Ftelenet.be~~2Fd0d4d61f-d74a-435e-ab43-a13d608e97ee,imi:df5fc4eb49fcc8d0be06c143526744f262016f48"><title>Kenny Knuffelmonster</title><date></date><icon src="https://staticqbr-be-prod.tnprod.cdn.dmdsdp.com/image-service/ImagesEPG/EventImages/252__120__2521203a-6a39-485d-a11c-688b3d35b3f9__B48850421.jpg"></icon><desc>Animatieserie</desc><category>Kinderen, Animatie</category></programme><programme channel="lgi-be-prod-master:playhousedisney" start="20211227043500 +0000" stop="20211227050000 +0000" catchup-id="crid:~~2F~~2Ftelenet.be~~2F94b152e0-490a-431d-9eef-8711363fc23f,imi:e250b785c281f0570dd4f9fc25bbee929ce7ade8"><title>Kenny Knuffelmonster</title><date></date><icon src="https://staticqbr-be-prod.tnprod.cdn.dmdsdp.com/image-service/ImagesEPG/EventImages/252__120__2521203a-6a39-485d-a11c-688b3d35b3f9__B48850421.jpg"></icon><desc>Animatieserie</desc><category>Kinderen, Animatie</category></programme><programme channel="lgi-be-prod-master:playhousedisney" start="20211227050000 +0000" stop="20211227052500 +0000" catchup-id="crid:~~2F~~2Ftelenet.be~~2Ffe724280-a93e-448a-a966-694920e65e98,imi:19e2e634e448bb2ddf6eb02b617c58e950d124c6"><title>Mickey Mouse Clubhuis</title><date></date><icon src="https://staticqbr-be-prod.tnprod.cdn.dmdsdp.com/image-service/ImagesEPG/EventImages/a41__93c__a4193cba-00a1-4c25-8419-919ba85a6412__B113684622.jpg"></icon><desc>Animatieserie</desc><category>Kinderen, Animatie</category></programme><programme channel="lgi-be-prod-master:playhousedisney" start="20211227052500 +0000" stop="20211227055000 +0000" catchup-id="crid:~~2F~~2Ftelenet.be~~2F2dba8d63-4118-4fa4-941b-0ef1987b136e,imi:5910ccc226c9b41cc8f686e1517e6c335ded7f71"><title>Mickey Mouse Clubhuis</title><date></date><icon src="https://staticqbr-be-prod.tnprod.cdn.dmdsdp.com/image-service/ImagesEPG/EventImages/a41__93c__a4193cba-00a1-4c25-8419-919ba85a6412__B113684622.jpg"></icon><desc>Animatieserie</desc><category>Kinderen, Animatie</category></programme><programme channel="lgi-be-prod-master:playhousedisney" start="20211227055000 +0000" stop="20211227061500 +0000" catchup-id="crid:~~2F~~2Ftelenet.be~~2F87ed4baa-7758-4d49-be7d-ff31907e5a35,imi:deb37216e1b4ad749356f139da842232343ac141"><title>Mickey Mouse Clubhuis</title><date></date><icon src="https://staticqbr-be-prod.tnprod.cdn.dmdsdp.com/image-service/ImagesEPG/EventImages/a41__93c__a4193cba-00a1-4c25-8419-919ba85a6412__B113684622.jpg"></icon><desc>Animatieserie</desc><category>Kinderen, Animatie</category></programme><programme channel="lgi-be-prod-master:playhousedisney" start="20211227061500 +0000" stop="20211227064000 +0000" catchup-id="crid:~~2F~~2Ftelenet.be~~2Fc59a7a7f-861a-4d29-9b6b-3a90e2e3e3ac,imi:6b81009b57df8972fb49abe7cb83f668747951b6"><title>Mickey Mouse Funhouse</title><date></date><icon src="https://staticqbr-be-prod.tnprod.cdn.dmdsdp.com/image-service/ImagesEPG/EventImages/f14__de0__f14de018-9dd6-491e-8f14-8ef0f728ccbd__B78363348.jpg"></icon><desc></desc><category>Overig</category></programme><programme channel="lgi-be-prod-master:playhousedisney" start="20211227064000 +0000" stop="20211227065000 +0000" catchup-id="crid:~~2F~~2Ftelenet.be~~2F03df6d48-8e3f-4c7c-8c19-bb0b3f859f7b,imi:e3b2d0b23bc76e4aa88848c16d11bd9d30a64237"><title>Bluey</title><date></date><icon src="https://staticqbr-be-prod.tnprod.cdn.dmdsdp.com/image-service/ImagesEPG/EventImages/4b1__03d__4b103d6d-27a8-4b2e-9c41-3f5469ccfdc5__B106254933.jpg"></icon><desc>Australische animatieserie</desc><category>Kinderen, Animatie</category></programme><programme channel="lgi-be-prod-master:playhousedisney" start="20211227065000 +0000" stop="20211227070000 +0000" catchup-id="crid:~~2F~~2Ftelenet.be~~2F2746f500-3b8e-4f8f-9d92-909738b844f8,imi:8774b849475c06b82602a46a5165b07d313b7b0e"><title>Bluey</title><date></date><icon src="https://staticqbr-be-prod.tnprod.cdn.dmdsdp.com/image-service/ImagesEPG/EventImages/4b1__03d__4b103d6d-27a8-4b2e-9c41-3f5469ccfdc5__B106254933.jpg"></icon><desc>Australische animatieserie</desc><category>Kinderen, Animatie</category></programme><programme channel="lgi-be-prod-master:playhousedisney" start="20211227070000 +0000" stop="20211227070500 +0000" catchup-id="crid:~~2F~~2Ftelenet.be~~2F55b606d4-3e30-4cad-a79e-a23ecbf3b1ce,imi:56394a1ac494f1cc15e2fe28f66556660f116f3d"><title>Bluey</title><date></date><icon src="https://staticqbr-be-prod.tnprod.cdn.dmdsdp.com/image-service/ImagesEPG/EventImages/4b1__03d__4b103d6d-27a8-4b2e-9c41-3f5469ccfdc5__B106254933.jpg"></icon><desc>Australische animatieserie</desc><category>Kinderen, Animatie</category></programme><programme channel="lgi-be-prod-master:playhousedisney" start="20211227070500 +0000" stop="20211227071500 +0000" catchup-id="crid:~~2F~~2Ftelenet.be~~2F328587f5-e233-4366-bec1-a4a873dfc2b0,imi:a2281f9bb81fdb7f021bbf4d16018d9c6d61f4af"><title>Bluey</title><date></date><icon src="https://staticqbr-be-prod.tnprod.cdn.dmdsdp.com/image-service/ImagesEPG/EventImages/4b1__03d__4b103d6d-27a8-4b2e-9c41-3f5469ccfdc5__B106254933.jpg"></icon><desc>Australische animatieserie</desc><category>Kinderen, Animatie</category></programme><programme channel="lgi-be-prod-master:playhousedisney" start="20211227071500 +0000" stop="20211227072500 +0000" catchup-id="crid:~~2F~~2Ftelenet.be~~2F52a8ee69-146d-4e88-9b00-23702a1b7ad8,imi:a78cd162b8f6bd658e3030b6c7f21bb99a90f243"><title>Bluey</title><date></date><icon src="https://staticqbr-be-prod.tnprod.cdn.dmdsdp.com/image-service/ImagesEPG/EventImages/4b1__03d__4b103d6d-27a8-4b2e-9c41-3f5469ccfdc5__B106254933.jpg"></icon><desc>Australische animatieserie</desc><category>Kinderen, Animatie</category></programme><programme channel="lgi-be-prod-master:playhousedisney" start="20211227072500 +0000" stop="20211227073000 +0000" catchup-id="crid:~~2F~~2Ftelenet.be~~2F9aa8cd02-770f-44fa-9027-9d15fb4b2796,imi:d4b7ce30f4c9a57d5eb174bcecf8cb5ddf2879ff"><title>Bluey</title><date></date><icon src="https://staticqbr-be-prod.tnprod.cdn.dmdsdp.com/image-service/ImagesEPG/EventImages/4b1__03d__4b103d6d-27a8-4b2e-9c41-3f5469ccfdc5__B106254933.jpg"></icon><desc>Australische animatieserie</desc><category>Kinderen, Animatie</category></programme><programme channel="lgi-be-prod-master:playhousedisney" start="20211227073000 +0000" stop="20211227080000 +0000" catchup-id="crid:~~2F~~2Ftelenet.be~~2F9349e5fd-70f4-4026-9781-5a02a69ff904,imi:ef9889e01df6e57d10fc9065401362ffbfbee202"><title>PJ Masks: Pyjamahelden</title><date></date><icon src="https://staticqbr-be-prod.tnprod.cdn.dmdsdp.com/image-service/ImagesEPG/EventImages/293__c87__293c87e7-1685-434e-98aa-86cd3bf4072b__B108854176.jpg"></icon><desc>Animatiereeks.</desc><category>Animatie</category></programme><programme channel="lgi-be-prod-master:playhousedisney" start="20211227080000 +0000" stop="20211227083000 +0000" catchup-id="crid:~~2F~~2Ftelenet.be~~2Fc62ebaea-d23c-42bf-a302-ab8cff8e7524,imi:e6fc1cbe9908124c39f989eed9e4010c0bc9d63d"><title>Mickey Mouse Funhouse</title><date></date><icon src="https://staticqbr-be-prod.tnprod.cdn.dmdsdp.com/image-service/ImagesEPG/EventImages/f14__de0__f14de018-9dd6-491e-8f14-8ef0f728ccbd__B78363348.jpg"></icon><desc></desc><category>Overig</category></programme><programme channel="lgi-be-prod-master:playhousedisney" start="20211227083000 +0000" stop="20211227090000 +0000" catchup-id="crid:~~2F~~2Ftelenet.be~~2Fae99a1e6-e148-4def-8784-bcfe64bae8de,imi:6a5fe83f11e53fbf3fce5feb7f041e1f18f0262e"><title>De Kuikenclub</title><date></date><icon src="https://staticqbr-be-prod.tnprod.cdn.dmdsdp.com/image-service/ImagesEPG/EventImages/712__893__71289317-ac82-4493-a43c-8846d0ea0c73__B106254167.jpg"></icon><desc>Jeugdprogramma.</desc><category>Kinderen, Entertainment</category></programme><programme channel="lgi-be-prod-master:playhousedisney" start="20211227090000 +0000" stop="20211227093000 +0000" catchup-id="crid:~~2F~~2Ftelenet.be~~2Fb2902318-9b6e-44fc-a730-46c8303707d4,imi:7cfc7a039ec0e1a22fe1a2cfe054a6d9acd76d0b"><title>Marvel Spidey and His Amazing Friends</title><date></date><icon src="https://staticqbr-be-prod.tnprod.cdn.dmdsdp.com/image-service/ImagesEPG/EventImages/f14__de0__f14de018-9dd6-491e-8f14-8ef0f728ccbd__B78363348.jpg"></icon><desc></desc><category>Overig</category></programme><programme channel="lgi-be-prod-master:playhousedisney" start="20211227093000 +0000" stop="20211227100000 +0000" catchup-id="crid:~~2F~~2Ftelenet.be~~2F65c28666-a5ee-4a26-b4ce-4de0e89acdd1,imi:f23b545a816a68c9ee0bf35c59f4f0ce2f7c3fd7"><title>Mickey Mouse Funhouse</title><date></date><icon src="https://staticqbr-be-prod.tnprod.cdn.dmdsdp.com/image-service/ImagesEPG/EventImages/f14__de0__f14de018-9dd6-491e-8f14-8ef0f728ccbd__B78363348.jpg"></icon><desc></desc><category>Overig</category></programme><programme channel="lgi-be-prod-master:playhousedisney" start="20211227100000 +0000" stop="20211227110000 +0000" catchup-id="crid:~~2F~~2Ftelenet.be~~2F6662aa82-e1c6-4e6c-9001-3aa8d6a5c2de,imi:147077389559a22717c6868333973c3670542f3f"><title>Mickey Mouse Clubhuis: Super Avontuur</title><date></date><icon src="https://staticqbr-be-prod.tnprod.cdn.dmdsdp.com/image-service/ImagesEPG/EventImages/4b1__03d__4b103d6d-27a8-4b2e-9c41-3f5469ccfdc5__B106254933.jpg"></icon><desc>Animatiefilm</desc><category>Kinderen, Animatie</category></programme><programme channel="lgi-be-prod-master:playhousedisney" start="20211227110000 +0000" stop="20211227113000 +0000" catchup-id="crid:~~2F~~2Ftelenet.be~~2F8b1a0a8b-7d0a-4827-b1a0-a7b16b08da97,imi:1bb79eb10586e598063a74801757e051e238f06c"><title>PJ Masks: Pyjamahelden</title><date></date><icon src="https://staticqbr-be-prod.tnprod.cdn.dmdsdp.com/image-service/ImagesEPG/EventImages/293__c87__293c87e7-1685-434e-98aa-86cd3bf4072b__B108854176.jpg"></icon><desc>Animatiereeks.</desc><category>Animatie</category></programme><programme channel="lgi-be-prod-master:playhousedisney" start="20211227113000 +0000" stop="20211227114000 +0000" catchup-id="crid:~~2F~~2Ftelenet.be~~2Fc32b3a3a-c47e-4619-9a9d-a8fcc674890a,imi:1bbde82f83beac8ca38ac0814dc78e87a11489bd"><title>Bluey</title><date></date><icon src="https://staticqbr-be-prod.tnprod.cdn.dmdsdp.com/image-service/ImagesEPG/EventImages/4b1__03d__4b103d6d-27a8-4b2e-9c41-3f5469ccfdc5__B106254933.jpg"></icon><desc>Australische animatieserie</desc><category>Kinderen, Animatie</category></programme><programme channel="lgi-be-prod-master:playhousedisney" start="20211227114000 +0000" stop="20211227115000 +0000" catchup-id="crid:~~2F~~2Ftelenet.be~~2Fc0086cfe-f85b-4b3b-85ef-84195c8c0812,imi:988d84b8d604d3625b14ae0dbee1f73300cd5ef6"><title>Bluey</title><date></date><icon src="https://staticqbr-be-prod.tnprod.cdn.dmdsdp.com/image-service/ImagesEPG/EventImages/4b1__03d__4b103d6d-27a8-4b2e-9c41-3f5469ccfdc5__B106254933.jpg"></icon><desc>Australische animatieserie</desc><category>Kinderen, Animatie</category></programme><programme channel="lgi-be-prod-master:playhousedisney" start="20211227115000 +0000" stop="20211227115500 +0000" catchup-id="crid:~~2F~~2Ftelenet.be~~2F7ffa1bde-e856-45f6-9b99-62c27eecc4a3,imi:1a4202e795cc4163c1fcb8a3176fe74ade3c66e3"><title>Bluey</title><date></date><icon src="https://staticqbr-be-prod.tnprod.cdn.dmdsdp.com/image-service/ImagesEPG/EventImages/4b1__03d__4b103d6d-27a8-4b2e-9c41-3f5469ccfdc5__B106254933.jpg"></icon><desc>Australische animatieserie</desc><category>Kinderen, Animatie</category></programme><programme channel="lgi-be-prod-master:playhousedisney" start="20211227115500 +0000" stop="20211227120500 +0000" catchup-id="crid:~~2F~~2Ftelenet.be~~2Fc8d076a4-056f-4823-a5ea-1fb6786bb27c,imi:bb708d809463e7cfa6a11559d08319d543352182"><title>Bluey</title><date></date><icon src="https://staticqbr-be-prod.tnprod.cdn.dmdsdp.com/image-service/ImagesEPG/EventImages/4b1__03d__4b103d6d-27a8-4b2e-9c41-3f5469ccfdc5__B106254933.jpg"></icon><desc>Australische animatieserie</desc><category>Kinderen, Animatie</category></programme>