<programme channel="lgi-be-prod-master:rtltvihd" start="20211226235500 +0000" stop="20211227003500 +0000" catchup-id="crid:~~2F~~2Ftelenet.be~~2F6fb3b5c1-e61d-4bc7-9979-3dfc4f9e8f3a-fre,imi:7a5322ce144558a20b3d2a46511df59284a9565a"><title>RTL info 19 heures</title><date></date><icon src="https://staticqbr-be-prod.tnprod.cdn.dmdsdp.com/image-service/ImagesEPG/EventImages/657__3bc__6573bc3d-90d4-4c11-8f23-ea33a4f9000c__B78135364.jpg"></icon><desc>L'information est au coeur de RTL TVI. Cette année plus que jamais, l'ensemble des équipes de la rédaction se mobilise afin de faire preuve de réactivité dans n'importe quelles circonstances.</desc><category>Actualiteit</category></programme><programme channel="lgi-be-prod-master:rtltvihd" start="20211227003500 +0000" stop="20211227004000 +0000" catchup-id="crid:~~2F~~2Ftelenet.be~~2F61a13ca4-e896-4b1c-9065-2b202fc49266-fre,imi:3ef55b63e9beb90ee1f75780f909dbb61a9189fa"><title>Météo RTV-TVI</title><date></date><icon src="https://staticqbr-be-prod.tnprod.cdn.dmdsdp.com/image-service/ImagesEPG/EventImages/81a__ee7__81aee7cf-b759-499d-a983-782f2fad968a__B78135370.jpg"></icon><desc>Quel temps fera-t-il demain ? Nos bulletins météo vous tiennent au courant des prévisions. La pluie et le beau temps, annoncés par nos spécialistes.</desc><category>Nieuws, Weer</category></programme><programme channel="lgi-be-prod-master:rtltvihd" start="20211227004000 +0000" stop="20211227024000 +0000" catchup-id="crid:~~2F~~2Ftelenet.be~~2F0773f56b-b5f7-4ee4-84a3-83620cf1728a-fre,imi:2c92fe6b128cad369e4f936e74f076e7ca814f5d"><title>Jeux de nuit</title><date></date><icon src="https://staticqbr-be-prod.tnprod.cdn.dmdsdp.com/image-service/ImagesEPG/EventImages/088__74b__08874ba5-cca6-45b0-8a7e-8aac7011649b__B78137370.jpg"></icon><desc>Spelprogramma</desc><category>Vrije tijd, Showbiz</category></programme><programme channel="lgi-be-prod-master:rtltvihd" start="20211227024000 +0000" stop="20211227040000 +0000" catchup-id="crid:~~2F~~2Ftelenet.be~~2F969fbe9b-4331-4523-a60b-e5908775baa9-fre,imi:0a1b16ee8d9c5a7da80a8b053de423e049a67e18"><title>Boucle de nuit</title><date></date><icon src="https://staticqbr-be-prod.tnprod.cdn.dmdsdp.com/image-service/ImagesEPG/EventImages/f15__6db__f156db89-09e9-45e2-92f2-44d4191a0219__B105936399.jpg"></icon><desc>Rediffusion en boucle du journal télévisé, du bulletin météo et de magazines, toute la nuit jusqu'au matin.</desc><category>Actualiteit</category></programme><programme channel="lgi-be-prod-master:rtltvihd" start="20211227040000 +0000" stop="20211227080000 +0000" catchup-id="crid:~~2F~~2Ftelenet.be~~2Ff9506920-c0a3-47b1-8c10-ab5424aca32f-fre,imi:a9335ab4eefe4a880393968e81938bed0d034411"><title>Bel RTL</title><date></date><icon src="https://staticqbr-be-prod.tnprod.cdn.dmdsdp.com/image-service/ImagesEPG/EventImages/914__89f__91489f0c-e62b-4abd-97fc-5475f246e1d3__B78135379.jpg"></icon><desc>Les meilleurs moments des programmes de Bel RTL en images, depuis le grand studio de Bel RTL.</desc><category>Nieuws, Actualiteitenprogramma's</category></programme><programme channel="lgi-be-prod-master:rtltvihd" start="20211227080000 +0000" stop="20211227101500 +0000" catchup-id="crid:~~2F~~2Ftelenet.be~~2Ffe507d38-8628-4575-b03e-b085901c830d-fre,imi:f9ad726407f0c392ef2335cae63e37520cfb0990"><title>La boutique</title><date></date><icon src="https://staticqbr-be-prod.tnprod.cdn.dmdsdp.com/image-service/ImagesEPG/EventImages/3a4__0c8__3a40c84c-c8fb-4e6a-92c3-05c4cb10e2a2__B77811056.jpg"></icon><desc>Secrets de beauté, magie des bijoux, créations de mode, cuisine conviviale et gourmande, entretien et décoration de la maison... La Boutique RTL TVI explore les nouvelles tendances et vous fait vivre une expérience d'achat unique !</desc><category>Vrije tijd, Shoppen</category></programme><programme channel="lgi-be-prod-master:rtltvihd" start="20211227101500 +0000" stop="20211227112500 +0000" catchup-id="crid:~~2F~~2Ftelenet.be~~2F18bf7576-ff48-431c-b3ae-1b87e51da566-fre,imi:55c5ab9ca54f369b989eec8f0cc383fd93f5ce02"><title>Shopping Hours</title><date></date><icon src="https://staticqbr-be-prod.tnprod.cdn.dmdsdp.com/image-service/ImagesEPG/EventImages/7b9__201__7b9201f4-003d-4b3a-8552-e1f3419f946d__B145364926.jpg"></icon><desc>Chaque jour, un produit exclusif est mis en valeur, au travers de reportages dévoilant son utilisation et son concept.</desc><category>Nieuws, Actualiteitenprogramma's</category></programme><programme channel="lgi-be-prod-master:rtltvihd" start="20211227112500 +0000" stop="20211227115500 +0000" catchup-id="crid:~~2F~~2Ftelenet.be~~2Fda0e60e2-3420-4e73-9de4-0fc61f53f5d8-fre,imi:db7f3b55119395ec9883fac5335133deb924599e"><title>La grande balade</title><date></date><icon src="https://staticqbr-be-prod.tnprod.cdn.dmdsdp.com/image-service/ImagesEPG/EventImages/3a3__a11__3a3a1160-978c-4b3b-900d-098a8e51f073__B78135365.jpg"></icon><desc>La Grande Balade vous emmène à la découverte du patrimoine touristique et gastronomique de notre Belgique.</desc><category>Culinair</category></programme>