<programme channel="lgi-be-prod-master:11sports3" start="20211227003000 +0000" stop="20211227033000 +0000" catchup-id="crid:~~2F~~2Ftelenet.be~~2Ff71ebea4-e693-45b1-9c1e-166f5d555fda,imi:2839ae962965e05b9a573b8f00a8ea70990a185a"><title>Ufc</title><date></date><icon src="https://staticqbr-be-prod.tnprod.cdn.dmdsdp.com/image-service/ImagesEPG/EventImages/fde__8c2__fde8c261-d370-4300-a363-d8b2bd5ee575__B106319858.jpg"></icon><desc>Gevechtssport.</desc><category>Sport, Vechtsporten</category></programme><programme channel="lgi-be-prod-master:11sports3" start="20211227033000 +0000" stop="20211227040000 +0000" catchup-id="crid:~~2F~~2Ftelenet.be~~2F5ee2bc7a-24b6-4154-af20-b2e456505e46,imi:7f60831c15ab3b62c7beaac2329a0650912db1b2"><title>Bad Jokes</title><date></date><icon src="https://staticqbr-be-prod.tnprod.cdn.dmdsdp.com/image-service/ImagesEPG/EventImages/dd0__93f__dd093f32-aa72-4e3d-b84e-9cc51ad8219a__B106262915.jpg"></icon><desc>Sportmagazine.</desc><category>Sport</category></programme><programme channel="lgi-be-prod-master:11sports3" start="20211227040000 +0000" stop="20211227050000 +0000" catchup-id="crid:~~2F~~2Ftelenet.be~~2F7a630fe6-b37c-4b50-b5a0-80c376b42bb2,imi:c23ae3d7287f79e348befeae56c5d4704ac725d6"><title>UFC Greatest Moments: Main Events</title><date></date><icon src="https://staticqbr-be-prod.tnprod.cdn.dmdsdp.com/image-service/ImagesEPG/EventImages/fde__8c2__fde8c261-d370-4300-a363-d8b2bd5ee575__B106319858.jpg"></icon><desc>Gevechtssport.</desc><category>Sport, Vechtsporten</category></programme><programme channel="lgi-be-prod-master:11sports3" start="20211227050000 +0000" stop="20211227060000 +0000" catchup-id="crid:~~2F~~2Ftelenet.be~~2F81de4ab6-7d77-41a8-8a1a-13113ae4a85a,imi:7bf88277bbd01d045b01633c5b0b565bdb316d65"><title>UFC Greatest Moments: Main Events</title><date></date><icon src="https://staticqbr-be-prod.tnprod.cdn.dmdsdp.com/image-service/ImagesEPG/EventImages/fde__8c2__fde8c261-d370-4300-a363-d8b2bd5ee575__B106319858.jpg"></icon><desc>Gevechtssport.</desc><category>Sport, Vechtsporten</category></programme><programme channel="lgi-be-prod-master:11sports3" start="20211227060000 +0000" stop="20211227070000 +0000" catchup-id="crid:~~2F~~2Ftelenet.be~~2Feb6e8496-22cf-45bb-90ef-47045bb742d6,imi:424e358b56524a072ad34d9ad98c73b17c9bf76e"><title>UFC Unleashed</title><date></date><icon src="https://staticqbr-be-prod.tnprod.cdn.dmdsdp.com/image-service/ImagesEPG/EventImages/fde__8c2__fde8c261-d370-4300-a363-d8b2bd5ee575__B106319858.jpg"></icon><desc>Gevechtssport.</desc><category>Sport, Vechtsporten</category></programme><programme channel="lgi-be-prod-master:11sports3" start="20211227070000 +0000" stop="20211227103500 +0000" catchup-id="crid:~~2F~~2Ftelenet.be~~2Fcae770cd-de38-4281-9da6-5ccc6bf57089,imi:d0d77872b0abbad360056869d53eca0d2341d92e"><title>Ufc</title><date></date><icon src="https://staticqbr-be-prod.tnprod.cdn.dmdsdp.com/image-service/ImagesEPG/EventImages/fde__8c2__fde8c261-d370-4300-a363-d8b2bd5ee575__B106319858.jpg"></icon><desc>Gevechtssport.</desc><category>Sport, Vechtsporten</category></programme><programme channel="lgi-be-prod-master:11sports3" start="20211227103500 +0000" stop="20211227110000 +0000" catchup-id="crid:~~2F~~2Ftelenet.be~~2Fdaddc463-66b5-4b15-99ae-5754a05c9453,imi:0785e54e808d24c16f3f8a4659bd5e1c2d13324b"><title>Bad Jokes</title><date></date><icon src="https://staticqbr-be-prod.tnprod.cdn.dmdsdp.com/image-service/ImagesEPG/EventImages/dd0__93f__dd093f32-aa72-4e3d-b84e-9cc51ad8219a__B106262915.jpg"></icon><desc>Sportmagazine.</desc><category>Sport</category></programme><programme channel="lgi-be-prod-master:11sports3" start="20211227110000 +0000" stop="20211227113000 +0000" catchup-id="crid:~~2F~~2Ftelenet.be~~2F8334e403-01fc-4336-ac18-3700ff57128c,imi:7feb3af8218d56d173d457ac5832438f5fb81642"><title>No days off</title><date></date><icon src="https://staticqbr-be-prod.tnprod.cdn.dmdsdp.com/image-service/ImagesEPG/EventImages/f14__de0__f14de018-9dd6-491e-8f14-8ef0f728ccbd__B78363348.jpg"></icon><desc></desc><category>Overig</category></programme><programme channel="lgi-be-prod-master:11sports3" start="20211227113000 +0000" stop="20211227115500 +0000" catchup-id="crid:~~2F~~2Ftelenet.be~~2Fa4ee575d-edae-4496-9f36-8c6f85abed79,imi:50d4f586cc79d54b4fea1688af873e796dfd3532"><title>No days off</title><date></date><icon src="https://staticqbr-be-prod.tnprod.cdn.dmdsdp.com/image-service/ImagesEPG/EventImages/f14__de0__f14de018-9dd6-491e-8f14-8ef0f728ccbd__B78363348.jpg"></icon><desc></desc><category>Overig</category></programme><programme channel="lgi-be-prod-master:11sports3" start="20211227115500 +0000" stop="20211227122500 +0000" catchup-id="crid:~~2F~~2Ftelenet.be~~2F4b56f270-212c-489d-80a5-a41f8c593d79,imi:c8168450aa1dd25261b4a036acdd47cb50ad98e0"><title>On Off Episodes</title><date></date><icon src="https://staticqbr-be-prod.tnprod.cdn.dmdsdp.com/image-service/ImagesEPG/EventImages/dd0__93f__dd093f32-aa72-4e3d-b84e-9cc51ad8219a__B106262915.jpg"></icon><desc>Sportmagazine.</desc><category>Sport</category></programme>