<programme channel="lgi-be-prod-master:trt" start="20211226230000 +0000" stop="20211226233000 +0000" catchup-id="crid:~~2F~~2Ftelenet.be~~2F00da11dc-cf1b-4c75-9a24-43ccb3941094-tur,imi:96be9ff7589d0fd331393d20099007331828e768"><title>Anne Baba Akademisi</title><date></date><icon src="https://staticqbr-be-prod.tnprod.cdn.dmdsdp.com/image-service/ImagesEPG/EventImages/f14__de0__f14de018-9dd6-491e-8f14-8ef0f728ccbd__B78363348.jpg"></icon><desc></desc><category>Overig</category></programme><programme channel="lgi-be-prod-master:trt" start="20211226233000 +0000" stop="20211226235000 +0000" catchup-id="crid:~~2F~~2Ftelenet.be~~2F7bb7a937-caa5-4a46-8463-dbe34e455a15-tur,imi:0044182b2829fee9a1dd6895f8e66283b2b7d1b8"><title>Her Yer Türkiye</title><date></date><icon src="https://staticqbr-be-prod.tnprod.cdn.dmdsdp.com/image-service/ImagesEPG/EventImages/f14__de0__f14de018-9dd6-491e-8f14-8ef0f728ccbd__B78363348.jpg"></icon><desc></desc><category>Overig</category></programme><programme channel="lgi-be-prod-master:trt" start="20211226235000 +0000" stop="20211227000000 +0000" catchup-id="crid:~~2F~~2Ftelenet.be~~2F1981ac43-ec2b-40f9-a059-1d2cbcd7ac74-tur,imi:006aed7c79e084ecdf104364281ae9b014967b47"><title>TRT TÜRK Seyahatname</title><date></date><icon src="https://staticqbr-be-prod.tnprod.cdn.dmdsdp.com/image-service/ImagesEPG/EventImages/f14__de0__f14de018-9dd6-491e-8f14-8ef0f728ccbd__B78363348.jpg"></icon><desc></desc><category>Overig</category></programme><programme channel="lgi-be-prod-master:trt" start="20211227000000 +0000" stop="20211227003000 +0000" catchup-id="crid:~~2F~~2Ftelenet.be~~2F359ba76e-6652-4b94-8a53-672c8cf40f5b-tur,imi:3bdc549613f2237a9402b45fbe9dd4c594cfab37"><title>Saba'dan Gönüle Eagri</title><date></date><icon src="https://staticqbr-be-prod.tnprod.cdn.dmdsdp.com/image-service/ImagesEPG/EventImages/f14__de0__f14de018-9dd6-491e-8f14-8ef0f728ccbd__B78363348.jpg"></icon><desc></desc><category>Overig</category></programme><programme channel="lgi-be-prod-master:trt" start="20211227003000 +0000" stop="20211227004000 +0000" catchup-id="crid:~~2F~~2Ftelenet.be~~2Fb03b3b9a-6ccc-4fc4-92be-8d958f9992fd-tur,imi:b3d358bb5ead3852f3a867a55c1a47161b6c7358"><title>Hanedan</title><date>2013</date><icon src="https://staticqbr-be-prod.tnprod.cdn.dmdsdp.com/image-service/ImagesEPG/EventImages/215__e00__215e00d1-e35d-49ff-a2c6-bb77a2917299__W106255293.jpg"></icon><desc></desc><category>Nieuws, Actualiteitenprogramma's</category></programme><programme channel="lgi-be-prod-master:trt" start="20211227004000 +0000" stop="20211227010000 +0000" catchup-id="crid:~~2F~~2Ftelenet.be~~2F8b45a5d5-b5bc-4fcd-af3f-f5ef77a9d322-tur,imi:ceb5851aad22987de498d3e2588c83fd311084f1"><title>Orali Olmak</title><date></date><icon src="https://staticqbr-be-prod.tnprod.cdn.dmdsdp.com/image-service/ImagesEPG/EventImages/f14__de0__f14de018-9dd6-491e-8f14-8ef0f728ccbd__B78363348.jpg"></icon><desc></desc><category>Overig</category></programme><programme channel="lgi-be-prod-master:trt" start="20211227010000 +0000" stop="20211227012000 +0000" catchup-id="crid:~~2F~~2Ftelenet.be~~2F8541636f-d96a-4648-93ac-5e80cf68dba3-tur,imi:07721f8c5107baefed767eeb7a54e36858ce5309"><title>Kesin Dönüs</title><date></date><icon src="https://staticqbr-be-prod.tnprod.cdn.dmdsdp.com/image-service/ImagesEPG/EventImages/f14__de0__f14de018-9dd6-491e-8f14-8ef0f728ccbd__B78363348.jpg"></icon><desc></desc><category>Overig</category></programme><programme channel="lgi-be-prod-master:trt" start="20211227012000 +0000" stop="20211227021000 +0000" catchup-id="crid:~~2F~~2Ftelenet.be~~2Fed3af3ec-e4b9-4695-b11d-a735f1054ad1-tur,imi:1b02ad57ddf92e601add54cb3a4d3b9808fd030d"><title>Büsra Ve Kübra Ile Taniklar</title><date></date><icon src="https://staticqbr-be-prod.tnprod.cdn.dmdsdp.com/image-service/ImagesEPG/EventImages/f14__de0__f14de018-9dd6-491e-8f14-8ef0f728ccbd__B78363348.jpg"></icon><desc></desc><category>Overig</category></programme><programme channel="lgi-be-prod-master:trt" start="20211227021000 +0000" stop="20211227024000 +0000" catchup-id="crid:~~2F~~2Ftelenet.be~~2F475fa6ad-816f-4d45-ba01-c01f2397341c-tur,imi:4d3306341be16f7a3f872657d85f81cbda805a31"><title>Gurbet</title><date></date><icon src="https://staticqbr-be-prod.tnprod.cdn.dmdsdp.com/image-service/ImagesEPG/EventImages/f14__de0__f14de018-9dd6-491e-8f14-8ef0f728ccbd__B78363348.jpg"></icon><desc></desc><category>Overig</category></programme><programme channel="lgi-be-prod-master:trt" start="20211227024000 +0000" stop="20211227030000 +0000" catchup-id="crid:~~2F~~2Ftelenet.be~~2F14a74618-a56f-4d71-8478-3307f0009938-tur,imi:f69364ccc7e7f191d16f1c960ef36c163226085a"><title>TRT TÜRK Yeni Hayat</title><date></date><icon src="https://staticqbr-be-prod.tnprod.cdn.dmdsdp.com/image-service/ImagesEPG/EventImages/f14__de0__f14de018-9dd6-491e-8f14-8ef0f728ccbd__B78363348.jpg"></icon><desc></desc><category>Overig</category></programme><programme channel="lgi-be-prod-master:trt" start="20211227030000 +0000" stop="20211227031000 +0000" catchup-id="crid:~~2F~~2Ftelenet.be~~2F58a46f13-8e14-4938-9fec-178f789a856f-tur,imi:8ed4bf3cfa58353b204d49d181f1fd28fe0d2939"><title>Türk Ealgilari</title><date></date><icon src="https://staticqbr-be-prod.tnprod.cdn.dmdsdp.com/image-service/ImagesEPG/EventImages/f14__de0__f14de018-9dd6-491e-8f14-8ef0f728ccbd__B78363348.jpg"></icon><desc></desc><category>Overig</category></programme><programme channel="lgi-be-prod-master:trt" start="20211227031000 +0000" stop="20211227034500 +0000" catchup-id="crid:~~2F~~2Ftelenet.be~~2F973fff3e-a136-41da-8fc0-fb260f5cf9c9-tur,imi:5bacad6655a1eb03c16a6c8cf91afbbd96f11b0d"><title>Sehrin Isiklari</title><date>2014</date><icon src="https://staticqbr-be-prod.tnprod.cdn.dmdsdp.com/image-service/ImagesEPG/EventImages/d17__cb1__d17cb1a6-4975-43f2-a006-e80a05891e76__B105933935.jpg"></icon><desc></desc><category>Muziek</category></programme><programme channel="lgi-be-prod-master:trt" start="20211227034500 +0000" stop="20211227041500 +0000" catchup-id="crid:~~2F~~2Ftelenet.be~~2F3be9273d-f17a-4f8c-85ca-04a63dac4c34-tur,imi:3dcfee78a42f0029fdefba0f4b832a5bee751df5"><title>Suhedanin Izinde</title><date></date><icon src="https://staticqbr-be-prod.tnprod.cdn.dmdsdp.com/image-service/ImagesEPG/EventImages/f14__de0__f14de018-9dd6-491e-8f14-8ef0f728ccbd__B78363348.jpg"></icon><desc></desc><category>Overig</category></programme><programme channel="lgi-be-prod-master:trt" start="20211227041500 +0000" stop="20211227044000 +0000" catchup-id="crid:~~2F~~2Ftelenet.be~~2Ffc358b3f-173a-4756-891b-639c392e4298-tur,imi:71335955e4963d6f26874185dda21b36f29aff48"><title>Milli Kebabimiz Döner</title><date></date><icon src="https://staticqbr-be-prod.tnprod.cdn.dmdsdp.com/image-service/ImagesEPG/EventImages/f14__de0__f14de018-9dd6-491e-8f14-8ef0f728ccbd__B78363348.jpg"></icon><desc></desc><category>Overig</category></programme><programme channel="lgi-be-prod-master:trt" start="20211227044000 +0000" stop="20211227050000 +0000" catchup-id="crid:~~2F~~2Ftelenet.be~~2F806da75d-6c42-4207-99e3-231fc157f41d-tur,imi:e5fbb11fbbe63f9971aa63de319edb98cad6c5b0"><title>Sesin Yüzleri</title><date></date><icon src="https://staticqbr-be-prod.tnprod.cdn.dmdsdp.com/image-service/ImagesEPG/EventImages/f14__de0__f14de018-9dd6-491e-8f14-8ef0f728ccbd__B78363348.jpg"></icon><desc></desc><category>Overig</category></programme><programme channel="lgi-be-prod-master:trt" start="20211227050000 +0000" stop="20211227053000 +0000" catchup-id="crid:~~2F~~2Ftelenet.be~~2F29701647-7cc9-4c11-ba75-dd7ff3c21ed4-tur,imi:d2aa89d0207218df1b9a33f729839b16bfcffa06"><title>Sehir Kaeaklari</title><date></date><icon src="https://staticqbr-be-prod.tnprod.cdn.dmdsdp.com/image-service/ImagesEPG/EventImages/f14__de0__f14de018-9dd6-491e-8f14-8ef0f728ccbd__B78363348.jpg"></icon><desc></desc><category>Overig</category></programme><programme channel="lgi-be-prod-master:trt" start="20211227053000 +0000" stop="20211227061500 +0000" catchup-id="crid:~~2F~~2Ftelenet.be~~2F76c26505-30b3-4a11-b833-37c495cf6be5-tur,imi:e2f0b3122d2807debf9d1c86125188b96c30af89"><title>Kuba'nin Izinde</title><date>2014</date><icon src="https://staticqbr-be-prod.tnprod.cdn.dmdsdp.com/image-service/ImagesEPG/EventImages/215__e00__215e00d1-e35d-49ff-a2c6-bb77a2917299__W106255293.jpg"></icon><desc></desc><category>Nieuws, Actualiteitenprogramma's</category></programme><programme channel="lgi-be-prod-master:trt" start="20211227061500 +0000" stop="20211227070000 +0000" catchup-id="crid:~~2F~~2Ftelenet.be~~2Fe5ec6574-0cdf-4e1a-b5a6-8e502baee988-tur,imi:682184078e7f00b6a72398a1af4947225991b76a"><title>Ueus Noktasi</title><date></date><icon src="https://staticqbr-be-prod.tnprod.cdn.dmdsdp.com/image-service/ImagesEPG/EventImages/f14__de0__f14de018-9dd6-491e-8f14-8ef0f728ccbd__B78363348.jpg"></icon><desc></desc><category>Overig</category></programme><programme channel="lgi-be-prod-master:trt" start="20211227070000 +0000" stop="20211227073000 +0000" catchup-id="crid:~~2F~~2Ftelenet.be~~2F3d54fc0e-3f0a-4d7a-b3f5-0bceef35e694-tur,imi:d98199be3e3bc672e689a7bf9bf95c2d25db47b3"><title>Türklerin Izinde</title><date>2014</date><icon src="https://staticqbr-be-prod.tnprod.cdn.dmdsdp.com/image-service/ImagesEPG/EventImages/215__e00__215e00d1-e35d-49ff-a2c6-bb77a2917299__W106255293.jpg"></icon><desc></desc><category>Nieuws, Actualiteitenprogramma's</category></programme><programme channel="lgi-be-prod-master:trt" start="20211227073000 +0000" stop="20211227080000 +0000" catchup-id="crid:~~2F~~2Ftelenet.be~~2F31f83c0d-07f2-4ef9-8281-656ed74408a5-tur,imi:af714f759d4187fda890e798992a1cc9869ca5d1"><title>Kayip Türkler</title><date>2014</date><icon src="https://staticqbr-be-prod.tnprod.cdn.dmdsdp.com/image-service/ImagesEPG/EventImages/215__e00__215e00d1-e35d-49ff-a2c6-bb77a2917299__W106255293.jpg"></icon><desc></desc><category>Nieuws, Actualiteitenprogramma's</category></programme><programme channel="lgi-be-prod-master:trt" start="20211227080000 +0000" stop="20211227083000 +0000" catchup-id="crid:~~2F~~2Ftelenet.be~~2F10064823-66c3-4007-8143-a1c99da2d9be-tur,imi:d1605ae400e88b54ba0da5bc56bd237e0daff4b4"><title>Gök Kubbeden Yer Kubbeye</title><date>2013</date><icon src="https://staticqbr-be-prod.tnprod.cdn.dmdsdp.com/image-service/ImagesEPG/EventImages/215__e00__215e00d1-e35d-49ff-a2c6-bb77a2917299__W106255293.jpg"></icon><desc></desc><category>Nieuws, Actualiteitenprogramma's</category></programme><programme channel="lgi-be-prod-master:trt" start="20211227083000 +0000" stop="20211227090000 +0000" catchup-id="crid:~~2F~~2Ftelenet.be~~2F05b8b4ec-9107-4acb-888b-7758c3a8bff5-tur,imi:53ca00d3df855062f95d27e47991a993383592d3"><title>Nohut Oda Bakla Sofa</title><date>2013</date><icon src="https://staticqbr-be-prod.tnprod.cdn.dmdsdp.com/image-service/ImagesEPG/EventImages/293__008__29300878-5b0d-4e02-8cd2-3d5286c41325__B77556188.jpg"></icon><desc></desc><category>Documentaire, Kunst</category></programme><programme channel="lgi-be-prod-master:trt" start="20211227090000 +0000" stop="20211227093000 +0000" catchup-id="crid:~~2F~~2Ftelenet.be~~2Fac3872d9-a02a-49ed-b89c-4ca69a90124e-tur,imi:62305ef7c07c1a3220fcfd906ba97db56617af67"><title>Yeni Rota</title><date>2014</date><icon src="https://staticqbr-be-prod.tnprod.cdn.dmdsdp.com/image-service/ImagesEPG/EventImages/215__e00__215e00d1-e35d-49ff-a2c6-bb77a2917299__W106255293.jpg"></icon><desc></desc><category>Nieuws, Actualiteitenprogramma's</category></programme><programme channel="lgi-be-prod-master:trt" start="20211227093000 +0000" stop="20211227100000 +0000" catchup-id="crid:~~2F~~2Ftelenet.be~~2Fe95f8b28-9e1c-4da8-8fb8-c20749c01a3b-tur,imi:160cc3666a4e44b46060e09e92709c3c1cc7e672"><title>Sokak Lezzetleri</title><date>2013</date><icon src="https://staticqbr-be-prod.tnprod.cdn.dmdsdp.com/image-service/ImagesEPG/EventImages/215__e00__215e00d1-e35d-49ff-a2c6-bb77a2917299__W106255293.jpg"></icon><desc></desc><category>Nieuws, Actualiteitenprogramma's</category></programme><programme channel="lgi-be-prod-master:trt" start="20211227100000 +0000" stop="20211227101000 +0000" catchup-id="crid:~~2F~~2Ftelenet.be~~2Fb03b3b9a-6ccc-4fc4-92be-8d958f9992fd-tur,imi:4bb9e8c5741fc0a0f6440974712b2c22d9a77180"><title>Hanedan</title><date>2013</date><icon src="https://staticqbr-be-prod.tnprod.cdn.dmdsdp.com/image-service/ImagesEPG/EventImages/215__e00__215e00d1-e35d-49ff-a2c6-bb77a2917299__W106255293.jpg"></icon><desc></desc><category>Nieuws, Actualiteitenprogramma's</category></programme><programme channel="lgi-be-prod-master:trt" start="20211227101000 +0000" stop="20211227104000 +0000" catchup-id="crid:~~2F~~2Ftelenet.be~~2Fc0e888ef-f180-43ef-aa23-d0e4b1aa27ff-tur,imi:3f1495d241479b0e5152f0408561d90bd5867218"><title>Cihad-i Ekber</title><date>2014</date><icon src="https://staticqbr-be-prod.tnprod.cdn.dmdsdp.com/image-service/ImagesEPG/EventImages/215__e00__215e00d1-e35d-49ff-a2c6-bb77a2917299__W106255293.jpg"></icon><desc></desc><category>Nieuws, Actualiteitenprogramma's</category></programme><programme channel="lgi-be-prod-master:trt" start="20211227104000 +0000" stop="20211227110000 +0000" catchup-id="crid:~~2F~~2Ftelenet.be~~2Fd5b30c8d-43dc-43ce-bf4e-655f65d637e8-tur,imi:23032605642c2cb3739ce871e8e909f639723dda"><title>Lezzet-i Sahane</title><date></date><icon src="https://staticqbr-be-prod.tnprod.cdn.dmdsdp.com/image-service/ImagesEPG/EventImages/215__e00__215e00d1-e35d-49ff-a2c6-bb77a2917299__W106255293.jpg"></icon><desc></desc><category>Nieuws, Actualiteitenprogramma's</category></programme><programme channel="lgi-be-prod-master:trt" start="20211227110000 +0000" stop="20211227113000 +0000" catchup-id="crid:~~2F~~2Ftelenet.be~~2Fe9fcdc0e-ab48-4d0e-898e-834174029d9d-tur,imi:e6be084c210e916359e4254d44da56b94991be4c"><title>Koleksiyoner</title><date>2014</date><icon src="https://staticqbr-be-prod.tnprod.cdn.dmdsdp.com/image-service/ImagesEPG/EventImages/215__e00__215e00d1-e35d-49ff-a2c6-bb77a2917299__W106255293.jpg"></icon><desc></desc><category>Nieuws, Actualiteitenprogramma's</category></programme><programme channel="lgi-be-prod-master:trt" start="20211227113000 +0000" stop="20211227120000 +0000" catchup-id="crid:~~2F~~2Ftelenet.be~~2Fc63c40e9-5c01-413c-abfe-2441450d3cbb-tur,imi:1210d66cbb2819a7cd742d98e765d146efa44afb"><title>Kökler ve Kanatlar</title><date>2013</date><icon src="https://staticqbr-be-prod.tnprod.cdn.dmdsdp.com/image-service/ImagesEPG/EventImages/215__e00__215e00d1-e35d-49ff-a2c6-bb77a2917299__W106255293.jpg"></icon><desc></desc><category>Nieuws, Actualiteitenprogramma's</category></programme>