<programme channel="lgi-be-prod-master:vox" start="20211226235000 +0000" stop="20211227004000 +0000" catchup-id="crid:~~2F~~2Ftelenet.be~~2F04051901-ae15-4225-afc0-7603cd6ff88b-deu,imi:2d07346663cbc2cc66fa5fc97baeee4e9d7c4648"><title>Medical Detectives</title><date></date><icon src="https://staticqbr-be-prod.tnprod.cdn.dmdsdp.com/image-service/ImagesEPG/EventImages/2c5__abc__2c5abc40-a5d5-434b-ab3e-49c8393e2aa6__B160044316.jpg"></icon><desc>Julie Ann Braun war eine sehr zuverlässige Frau und ging immer pünktlich zur Arbeit. Als sie eines Morgens dort nicht erscheint, fährt Julies Mutter zu ihrer Wohnung, um nachzusehen. Dort findet sie ihre Tochter tot auf dem Boden liegen. Julie wurde mit 37 Messerstichen ermordet. Da es jedoch keinerlei Anzeichen auf ein gewaltsames Eindringen gibt, geht die Polizei davon aus, dass Julie ihren Mörder gekannt haben muss. In der Nachbarschaft ist kurz vor diesem Mord ein vorbestrafter Mann eingezogen, und dieser ist plötzlich nicht mehr auffindbar.</desc><category>Wetenschap, Medisch</category></programme><programme channel="lgi-be-prod-master:vox" start="20211227004000 +0000" stop="20211227013000 +0000" catchup-id="crid:~~2F~~2Ftelenet.be~~2F3b490141-9195-47da-8852-6886fe49d4af-deu,imi:1d10f6ab2ec8d752e9e4653986edb374983a9338"><title>Medical Detectives</title><date></date><icon src="https://staticqbr-be-prod.tnprod.cdn.dmdsdp.com/image-service/ImagesEPG/EventImages/2c5__abc__2c5abc40-a5d5-434b-ab3e-49c8393e2aa6__B160044316.jpg"></icon><desc>Inmitten eines niedergebrannten Hauses findet die Polizei die Leichen einer ganzen Familie. Auf den ersten Blick sieht es so aus, als habe das Familienoberhaupt zuerst Frau und Kinder und schließlich sich selbst umgebracht. Bei näherer Betrachtung ergibt sich jedoch ein ganz anderer Befund. Modernste forensische Methoden, eine Stechkarte und ein auf Kassette gesprochenes Tagebuch führen die Ermittler schließlich auf die Spur des wahren Mörders.
Eine junge Nachrichtenredakteurin wird in ihrer Wohnung vergewaltigt und ermordet.</desc><category>Wetenschap, Medisch</category></programme><programme channel="lgi-be-prod-master:vox" start="20211227013000 +0000" stop="20211227022000 +0000" catchup-id="crid:~~2F~~2Ftelenet.be~~2Fdf099f89-9c60-4faa-9ea9-90fa248c7ef7-deu,imi:7a586865aea56baac22225477cd767c970a3a979"><title>Medical Detectives</title><date></date><icon src="https://staticqbr-be-prod.tnprod.cdn.dmdsdp.com/image-service/ImagesEPG/EventImages/2c5__abc__2c5abc40-a5d5-434b-ab3e-49c8393e2aa6__B160044316.jpg"></icon><desc>Weil der renommierte Herzchirurg Dr. Daryl Sutorius seit seiner Scheidung an Depressionen leidet, empfehlen ihm seine Freunde, sein Glück über eine Partnervermittlung zu versuchen. Zur Verwunderung aller findet er dort tatsächlich eine Frau, die attraktive 45-jährige Dante Britteon, die er bereits einen knappen Monat später heiratet.
Etwa ein Jahr nach der Hochzeit erhält die Polizei einen Anruf von Sutorius' Krankenschwester, die sich Sorgen um ihren Chef macht. Die Beamten fahren zu seinem Haus, wo sie ihn in einer Blutlache auf der Couch finden. Auf dem Boden neben ihm: Eine Pistole, Kaliber 38.</desc><category>Wetenschap, Medisch</category></programme><programme channel="lgi-be-prod-master:vox" start="20211227022000 +0000" stop="20211227031000 +0000" catchup-id="crid:~~2F~~2Ftelenet.be~~2Ffa19213c-32b3-4f9c-8635-950674802866-deu,imi:53a245d7ccbc32bbaa0abe7ec71e070962f19a6c"><title>Medical Detectives</title><date></date><icon src="https://staticqbr-be-prod.tnprod.cdn.dmdsdp.com/image-service/ImagesEPG/EventImages/2c5__abc__2c5abc40-a5d5-434b-ab3e-49c8393e2aa6__B160044316.jpg"></icon><desc>Die Stadt Philadelphia wird von einem Serienvergewaltiger heimgesucht, der genauso plötzlich wieder verschwindet, wie er aufgetaucht ist. Einige Zeit später werden in Fort Collins, Colorado, mehrere Frauen nach demselben Muster vergewaltigt. Die Polizei von Colorado findet an einem der Tatorte einen Fingerabdruck, doch er passt zu keinem der in der Verbrecherkartei gespeicherten Abdrücke. Nach weiteren Recherchen haben die Ermittler eine Liste mit 900 Namen zusammengestellt, die es zu überprüfen gilt. Der entscheidende Tipp kommt jedoch von einer Frau, die den Täter aufgrund einer Phantomzeichnung identifizieren kann.</desc><category>Wetenschap, Medisch</category></programme><programme channel="lgi-be-prod-master:vox" start="20211227031000 +0000" stop="20211227040000 +0000" catchup-id="crid:~~2F~~2Ftelenet.be~~2F61bde142-7300-4631-a7bf-9a2f5038bc1f-deu,imi:d3d4babdec523b44ff09c5e64c4cc00c49a59226"><title>Forensic Files</title><date></date><icon src="https://staticqbr-be-prod.tnprod.cdn.dmdsdp.com/image-service/ImagesEPG/EventImages/2c5__abc__2c5abc40-a5d5-434b-ab3e-49c8393e2aa6__B160044316.jpg"></icon><desc>Karen Patti arbeitet Tag und Nacht, um ihren Kindern ein anständiges Leben bieten zu können. Als ihre neunjährige Tochter Sharra entführt und nur wenig später ermordet aufgefunden wird, gerät der Babysitter Jack Hubbel in Verdacht. Im zweiten Fall muss die Polizei den Tod des Medizinstudenten Michael Andrade aufklären, dessen Leiche in einer ausgebrannten Wohnung gefunden wurde. Der junge Mann wurde stranguliert, bevor das Feuer ausbrach.</desc><category>Wetenschap, Medisch</category></programme><programme channel="lgi-be-prod-master:vox" start="20211227040000 +0000" stop="20211227041000 +0000" catchup-id="crid:~~2F~~2Ftelenet.be~~2Fe80c9d5a-412f-49c6-ac8e-9e6003224df5-deu,imi:3128be37467ba93f40ee383d3f9c7be972f8edbf"><title>Medical Detectives</title><date></date><icon src="https://staticqbr-be-prod.tnprod.cdn.dmdsdp.com/image-service/ImagesEPG/EventImages/2c5__abc__2c5abc40-a5d5-434b-ab3e-49c8393e2aa6__B160044316.jpg"></icon><desc>Die wohlhabende 46-jährige Janet Overton ist plötzlich und unerwartet in dem Haus gestorben, das sie zusammen mit ihrem Mann Richard und ihrem Sohn Eric bewohnt. Der Gerichtsmediziner findet keinerlei Hinweise auf einen unnatürlichen Tod. Ein Blick in ihre Krankenakte ergibt jedoch, dass sie in letzter Zeit immer wieder wegen Symptomen wie Brechreiz oder Hautirritationen einen Arzt aufgesucht hatte, aber keine Diagnose gestellt werden konnte. Sechs Monate später meldet sich Richards Exfrau Dorothy, die nach ihrer Scheidung unter den gleichen Symptomen gelitten hatte.</desc><category>Wetenschap, Medisch</category></programme><programme channel="lgi-be-prod-master:vox" start="20211227041000 +0000" stop="20211227045500 +0000" catchup-id="crid:~~2F~~2Ftelenet.be~~2F8bf090b7-8ddd-4af2-a29b-943fffcee910-deu,imi:4633df4359f7fdd9fcc13fa73153d00f6f3e3ffc"><title>CSI: NY</title><date></date><icon src="https://staticqbr-be-prod.tnprod.cdn.dmdsdp.com/image-service/ImagesEPG/EventImages/e4b__2e0__e4b2e099-4173-4a80-9d63-393485bdb5a5__B141346795.jpg"></icon><desc>De politie van New York krijgt een foto opgestuurd van het lichaam van Marschall Baxter, die dood werd teruggevonden in de studio van het theater waar hij lesgaf. Nader onderzoek wijst uit dat Baxter een stalker was die jonge vrouwen lastigviel.</desc><category>Dramaseries, Actie</category></programme><programme channel="lgi-be-prod-master:vox" start="20211227045500 +0000" stop="20211227054000 +0000" catchup-id="crid:~~2F~~2Ftelenet.be~~2F28c909c9-9b05-4f7f-bba2-131fe882d620-deu,imi:5687e9d0c81f765d5c5f24968bb784fdc66db0b9"><title>CSI: NY</title><date></date><icon src="https://staticqbr-be-prod.tnprod.cdn.dmdsdp.com/image-service/ImagesEPG/EventImages/e4b__2e0__e4b2e099-4173-4a80-9d63-393485bdb5a5__B141346795.jpg"></icon><desc>Een man wordt in het park met een honkbalknuppel doodgeslagen. Mac en Stella moeten uitzoeken wie de man heeft vermoord en waarom. Ze komen uit bij een bende, de Tanglewood Boys, en ontdekken dat de leden gewoon voor het plezier mensen vermoorden. Ondertussen onderzoeken Danny en Aiden een vluchtmisdrijf.</desc><category>Dramaseries, Actie</category></programme><programme channel="lgi-be-prod-master:vox" start="20211227054000 +0000" stop="20211227063500 +0000" catchup-id="crid:~~2F~~2Ftelenet.be~~2F074cdee5-ec52-42a7-ae2b-0b1814595eb3-deu,imi:0b309176dde4c9cdb46aa9e64be2177b0df648d4"><title>CSI: NY</title><date></date><icon src="https://staticqbr-be-prod.tnprod.cdn.dmdsdp.com/image-service/ImagesEPG/EventImages/e4b__2e0__e4b2e099-4173-4a80-9d63-393485bdb5a5__B141346795.jpg"></icon><desc>Een circusartiest wordt dood aangetroffen in een doos. Mac en Stella trekken op onderzoek uit in het circus waar de man werkte. Danny en Flack vinden ondertussen het lijk van een vrouw in een afvoerkoker van een wasserette. De zus van het slachtoffer woont ook in het gebouw maar weigert iedere medewerking.</desc><category>Dramaseries, Actie</category></programme><programme channel="lgi-be-prod-master:vox" start="20211227063500 +0000" stop="20211227072500 +0000" catchup-id="crid:~~2F~~2Ftelenet.be~~2Ff3a86bb1-9b43-420e-a557-2b3d297d8120-deu,imi:77c3b6b171f69d91b02d1c1d54a58a2b52bc37d4"><title>C.S.I.: Crime Scene Investigation</title><date></date><icon src="https://staticqbr-be-prod.tnprod.cdn.dmdsdp.com/image-service/ImagesEPG/EventImages/ef8__29b__ef829b39-7704-4379-b570-094c0dfc6886__B141333348.jpg"></icon><desc>Grissom en zijn team onderzoeken twee moorden die tijdens het jaarlijkse rodeofestival in Las Vegas werden gepleegd. Ze leggen al snel het verband met illegale praktijken binnen stierenkwekerijen.</desc><category>Dramaseries, Actie</category></programme><programme channel="lgi-be-prod-master:vox" start="20211227072500 +0000" stop="20211227082000 +0000" catchup-id="crid:~~2F~~2Ftelenet.be~~2F7fc823ec-e59e-4c2a-89c5-a7494c4dcecc-deu,imi:b736287696e2b2ab3affabd44d48c324b5a05872"><title>C.S.I.: Crime Scene Investigation</title><date></date><icon src="https://staticqbr-be-prod.tnprod.cdn.dmdsdp.com/image-service/ImagesEPG/EventImages/ef8__29b__ef829b39-7704-4379-b570-094c0dfc6886__B141333348.jpg"></icon><desc>Tijdens een grote rechtszaak tegen een gevaarlijke bende komen verschillende kroongetuigen in verdachte omstandigheden om het leven. Grissom en zijn team onderzoeken de moorden, maar krijgen af te rekenen met een griepepidemie binnen het team.</desc><category>Dramaseries, Actie</category></programme><programme channel="lgi-be-prod-master:vox" start="20211227082000 +0000" stop="20211227091500 +0000" catchup-id="crid:~~2F~~2Ftelenet.be~~2Fdecd8338-e94c-431f-ad79-24607f248814-deu,imi:0a2b810c2cb10f4f91920031f4de6e95f2eb6b81"><title>CSI: Miami</title><date></date><icon src="https://staticqbr-be-prod.tnprod.cdn.dmdsdp.com/image-service/ImagesEPG/EventImages/da3__139__da31395f-2216-4863-8235-11cb0dbbcdb2__B54796729.jpg"></icon><desc>Nadat hij werd beschoten door Calleigh, vecht Delko voor zijn leven. Horatio en de rest van zijn team halen herinneringen op. Hoe hebben ze elkaar twaalf jaar geleden leren kennen en hoe zijn ze zo'n hecht team geworden? Intussen komt Jesse Cardoza bij het team.</desc><category>Dramaseries, Actie</category></programme><programme channel="lgi-be-prod-master:vox" start="20211227091500 +0000" stop="20211227101000 +0000" catchup-id="crid:~~2F~~2Ftelenet.be~~2F2491f1e7-2168-48e1-a81c-96ee580fa40b-deu,imi:0c38516b3604b8eda7e001628d14073b4a574a5f"><title>CSI: Miami</title><date></date><icon src="https://staticqbr-be-prod.tnprod.cdn.dmdsdp.com/image-service/ImagesEPG/EventImages/da3__139__da31395f-2216-4863-8235-11cb0dbbcdb2__B54796729.jpg"></icon><desc>Tijdens een volleybaltornooi voor het goede doel worden drie mannen geëlektrocuteerd door een kabel die in het zand lag. De enige overlevende werd gered door zijn rubberen zolen. Jesse en Calleigh ontdekken dat de organisatrice, een rijke, oudere vrouw, een affaire had met twee van de drie slachtoffers. Mede door de getuigenis van Calleigh wordt de zaak tegen Delko doorverwezen naar assisen. Zal het jonge koppel deze storm overleven?</desc><category>Dramaseries, Actie</category></programme><programme channel="lgi-be-prod-master:vox" start="20211227101000 +0000" stop="20211227110500 +0000" catchup-id="crid:~~2F~~2Ftelenet.be~~2Fd78e6023-e62a-4964-a13d-e5c3d88109cf-deu,imi:5379e2a98b69f13f53e848b686b890cbe515c054"><title>CSI: Miami</title><date></date><icon src="https://staticqbr-be-prod.tnprod.cdn.dmdsdp.com/image-service/ImagesEPG/EventImages/da3__139__da31395f-2216-4863-8235-11cb0dbbcdb2__B54796729.jpg"></icon><desc>Howard Burgess, een financiële oplichter en een van de meest gehate mannen van Miami, wordt vermoord teruggevonden in zijn privéjet. Howard is verantwoordelijk voor het bankroet van enkele honderden mensen. De lijst van verdachten is dus enorm. Ook zijn eigen familie blijft niet buiten schot.</desc><category>Dramaseries, Actie</category></programme><programme channel="lgi-be-prod-master:vox" start="20211227110500 +0000" stop="20211227120000 +0000" catchup-id="crid:~~2F~~2Ftelenet.be~~2Ff36479cd-020a-4a06-83da-c0752e520fce-deu,imi:8ca08beb4b31fef76e677c01538c2ab703c7dd58"><title>CSI: Miami</title><date></date><icon src="https://staticqbr-be-prod.tnprod.cdn.dmdsdp.com/image-service/ImagesEPG/EventImages/da3__139__da31395f-2216-4863-8235-11cb0dbbcdb2__B54796729.jpg"></icon><desc>Een meisje overlijdt na orgaanfalen. Alexx Woods is ervan overtuigd dat ze is vermoord met een onbekend gif. De hoofdverdachte is haar vriend Ethan, die van plan was om haar ten huwelijk te vragen. Na onderzoek blijkt dat Lauren een voedselvergiftiging heeft opgelopen. Het team onderzoekt het restaurant waar het koppel laatst at en de boerderij waar de producten werden gekweekt.</desc><category>Dramaseries, Actie</category></programme>