<programme channel="lgi-be-prod-master:natgeofr" start="20211226232500 +0000" stop="20211227001000 +0000" catchup-id="crid:~~2F~~2Ftelenet.be~~2F178a84b5-13b9-4231-be54-8be67efaae17-fre,imi:cfd39d44aa1b0aa7ade98ee0dfa958b6801c6755"><title>Le royaume des momies égyptiennes</title><date></date><icon src="https://staticqbr-be-prod.tnprod.cdn.dmdsdp.com/image-service/ImagesEPG/EventImages/69a__201__69a20120-e71e-4c92-929d-5fe6493645fc__B160043378.jpg"></icon><desc>Au coeur de l'antique nécropole égyptienne de Saqqarah, le Dr Ramadan Hussein et son équipe oeuvrent sans relâche à la découverte d'un complexe funéraire unique au monde. Un mur situé au fond d'un puits de 30 mètres de profondeur intrigue l'archéologue, derrière lequel il soupçonne l'existence d'un salon mortuaire. Quels secrets renferme-t-il ? Les experts s'empressent alors d'extraire ce rocher instable. Cette entreprise périlleuse les mènera jusqu'à l'une des plus grandes découvertes de la campagne de fouilles.</desc><category>Documentaire, Oude culturen</category></programme><programme channel="lgi-be-prod-master:natgeofr" start="20211227001000 +0000" stop="20211227005500 +0000" catchup-id="crid:~~2F~~2Ftelenet.be~~2F074c67c8-7658-46d4-9bec-f8b9e256b5a1-fre,imi:2d920306ec67f22370a7b84b6593b4988f3981ce"><title>Le royaume des momies égyptiennes</title><date></date><icon src="https://staticqbr-be-prod.tnprod.cdn.dmdsdp.com/image-service/ImagesEPG/EventImages/69a__201__69a20120-e71e-4c92-929d-5fe6493645fc__B160043378.jpg"></icon><desc>Au sein du complexe funéraire de Saqqarah récemment mis au jour, un salon mortuaire se distingue des autres : il n'abrite qu'un seul sarcophage de pierre.</desc><category>Documentaire, Oude culturen</category></programme><programme channel="lgi-be-prod-master:natgeofr" start="20211227005500 +0000" stop="20211227014000 +0000" catchup-id="crid:~~2F~~2Ftelenet.be~~2F09a82c32-112e-4f8f-a036-1cc4cd550282-fre,imi:247274f1a35c1a1950c218731aac9fdbe7f3aa99"><title>Tutankhamun in Colour</title><date></date><icon src="https://staticqbr-be-prod.tnprod.cdn.dmdsdp.com/image-service/ImagesEPG/EventImages/547__7d4__5477d4f7-7fe6-450d-a5a7-84ff770d76fe__B171839135.jpg"></icon><desc>Egyptoloog Elizabeth Frood neemt de kijker mee naar 1922 om de vondst van het graf van Toetanchamon te herbeleven aan de hand van ingekleurde foto's en filmmateriaal. De documentaire vertelt het verhaal van de eerste ontmoeting tussen Howard Carter en Lord Carnarvon en de ontdekking van een reusachtige kamer vol oeroude relikwieën. Er is ook aandacht voor de invloed die de ontdekkingen hadden op hoe de jonge koning en Egypte als natie werden gezien door de wereld.</desc><category>Documentaire, Oude culturen</category></programme><programme channel="lgi-be-prod-master:natgeofr" start="20211227014000 +0000" stop="20211227022500 +0000" catchup-id="crid:~~2F~~2Ftelenet.be~~2F66a11694-59f2-4d53-97ba-e333070d3a14-fre,imi:5edfe439efe83debd1dcea2c72795f56b52b0e79"><title>Flooded Tombs of The Nile</title><date></date><icon src="https://staticqbr-be-prod.tnprod.cdn.dmdsdp.com/image-service/ImagesEPG/EventImages/888__d3c__888d3cb4-ca0f-41ee-a720-34b9635c0c53__B200447720.jpg"></icon><desc>Archeologen duiken in een ondergelopen piramide in de buurt van de Nijl, op zoek naar het graf van een koning dat aanwijzingen kan geven over de herkomst en de geschiedenis van het koninkrijk Koesj.</desc><category>Documentaire, Oude culturen</category></programme><programme channel="lgi-be-prod-master:natgeofr" start="20211227022500 +0000" stop="20211227024500 +0000" catchup-id="crid:~~2F~~2Ftelenet.be~~2F68983087-05b1-481d-85c2-c10421c6f846-fre,imi:a5b60fb4991d81a296b2ef4c7a7ac344eeba3746"><title>Science of Stupid</title><date></date><icon src="https://staticqbr-be-prod.tnprod.cdn.dmdsdp.com/image-service/ImagesEPG/EventImages/bc9__9f1__bc99f14b-b41f-484b-9d03-0e51b6107c1d__B141402842.jpg"></icon><desc>Dallas Campbell presenteert het programma waarin wetenschappelijke principes worden uitgelegd met behulp van maffe en spectaculaire filmpjes.</desc><category>Wetenschap</category></programme><programme channel="lgi-be-prod-master:natgeofr" start="20211227024500 +0000" stop="20211227031000 +0000" catchup-id="crid:~~2F~~2Ftelenet.be~~2F4e6bc397-43f4-4277-afa6-5ba29d94fc35-fre,imi:0ba52acea06134a7b3d31a16d82fa167ed32b663"><title>Science of Stupid</title><date></date><icon src="https://staticqbr-be-prod.tnprod.cdn.dmdsdp.com/image-service/ImagesEPG/EventImages/bc9__9f1__bc99f14b-b41f-484b-9d03-0e51b6107c1d__B141402842.jpg"></icon><desc>Dallas Campbell presenteert het programma waarin wetenschappelijke principes worden uitgelegd met behulp van maffe en spectaculaire filmpjes.</desc><category>Wetenschap</category></programme><programme channel="lgi-be-prod-master:natgeofr" start="20211227031000 +0000" stop="20211227044000 +0000" catchup-id="crid:~~2F~~2Ftelenet.be~~2F6e5f1f39-3c3a-4daf-b23d-68c5bb233bc8-fre,imi:4381172ed84d09ce228df9aaadba9fb40d19f8c9"><title>Expedition Mars: Spirit And Opportunity</title><date></date><icon src="https://staticqbr-be-prod.tnprod.cdn.dmdsdp.com/image-service/ImagesEPG/EventImages/282__9de__2829dec7-4879-43c5-bbdc-7595ad05b7dc__B152639562.jpg"></icon><desc>NASA verloor in 2011 het contact met Spirit. In juni 2018 gebeurde hetzelfde met Opportunity. De NASA neemt afscheid van deze dappere verkenners van de rode planeet.</desc><category>Documentaire, Oude culturen</category></programme><programme channel="lgi-be-prod-master:natgeofr" start="20211227044000 +0000" stop="20211227061000 +0000" catchup-id="crid:~~2F~~2Ftelenet.be~~2F57bcc588-0a70-475a-86be-b2b4a717a9a5-fre,imi:6d8e506c91f4fc65c241388531136ece84ae4f72"><title>Ultimate Airport Dubai</title><date></date><icon src="https://staticqbr-be-prod.tnprod.cdn.dmdsdp.com/image-service/ImagesEPG/EventImages/f76__5a8__f765a88f-2cda-4958-b8ae-f1771d3161ae__B59879605.jpg"></icon><desc>Het wordt spannend: motoren, lading en bouwmaterialen raken zoek. Hoe lang kan een bijna overbelaste luchthaven dit volhouden?</desc><category>Documentaire, Reality-tv</category></programme><programme channel="lgi-be-prod-master:natgeofr" start="20211227061000 +0000" stop="20211227063500 +0000" catchup-id="crid:~~2F~~2Ftelenet.be~~2F61a5b032-9ff5-42f7-8415-e4cc19a564a6-fre,imi:8a25709a7079365233b548942bbddc1f146d83cf"><title>Science of Stupid</title><date></date><icon src="https://staticqbr-be-prod.tnprod.cdn.dmdsdp.com/image-service/ImagesEPG/EventImages/bc9__9f1__bc99f14b-b41f-484b-9d03-0e51b6107c1d__B141402842.jpg"></icon><desc>In het tijdperk van Twitter, Facebook en YouTube worden amateuristische stunts, die nogal eens mis gaan, in snel tempo wereldwijde hits. Op het internet zijn ontelbare video's van crashes en andere riskante capriolen in omloop, maar waarom mislukken deze heldendaden eigenlijk? Richard Hammond doet met behulp van wetenschappelijke analyses uit de doeken wat er tijdens deze gedurfde experimenten niet goed ging en waarom.</desc><category>Wetenschap</category></programme><programme channel="lgi-be-prod-master:natgeofr" start="20211227063500 +0000" stop="20211227070000 +0000" catchup-id="crid:~~2F~~2Ftelenet.be~~2Fee68c4a3-510b-495e-a2c8-ffc1fd39ad2f-fre,imi:17e2de1644642e5e6d15875512df26c0582f5524"><title>Science of Stupid</title><date></date><icon src="https://staticqbr-be-prod.tnprod.cdn.dmdsdp.com/image-service/ImagesEPG/EventImages/bc9__9f1__bc99f14b-b41f-484b-9d03-0e51b6107c1d__B141402842.jpg"></icon><desc>In het tijdperk van Twitter, Facebook en YouTube worden amateuristische stunts, die nogal eens mis gaan, in snel tempo wereldwijde hits. Op het internet zijn ontelbare video's van crashes en andere riskante capriolen in omloop, maar waarom mislukken deze heldendaden eigenlijk? Richard Hammond doet met behulp van wetenschappelijke analyses uit de doeken wat er tijdens deze gedurfde experimenten niet goed ging en waarom.</desc><category>Wetenschap</category></programme><programme channel="lgi-be-prod-master:natgeofr" start="20211227070000 +0000" stop="20211227075000 +0000" catchup-id="crid:~~2F~~2Ftelenet.be~~2F6f1fcc70-1345-4ea1-a808-549fe4939f46-fre,imi:00367b30105fd316ac251c9aec43e49e262a34a2"><title>Voyage au bout de l'enfer</title><date></date><icon src="https://staticqbr-be-prod.tnprod.cdn.dmdsdp.com/image-service/ImagesEPG/EventImages/69a__201__69a20120-e71e-4c92-929d-5fe6493645fc__B160043378.jpg"></icon><desc>L'histoire de Brit David et sa future femme philippine, rencontrée sur Internet, ainsi que d'Angela, qui a décidé de s'adonner au trafic de drogue en Thaïlande.</desc><category>Documentaire, Oude culturen</category></programme><programme channel="lgi-be-prod-master:natgeofr" start="20211227075000 +0000" stop="20211227084000 +0000" catchup-id="crid:~~2F~~2Ftelenet.be~~2F400e0ae2-fb2b-4de4-96d6-feafe8c90715-fre,imi:f23fe4f5ce25e3fe1119df59d6d8ea149a40f6b3"><title>Voyage au bout de l'enfer</title><date></date><icon src="https://staticqbr-be-prod.tnprod.cdn.dmdsdp.com/image-service/ImagesEPG/EventImages/69a__201__69a20120-e71e-4c92-929d-5fe6493645fc__B160043378.jpg"></icon><desc>A El Paso, un adolescent américain abandonne le lycée : tenté par l'argent facile, il se met au trafic de marijuana pour le compte de ses frères au Mexique.</desc><category>Documentaire, Oude culturen</category></programme><programme channel="lgi-be-prod-master:natgeofr" start="20211227084000 +0000" stop="20211227093500 +0000" catchup-id="crid:~~2F~~2Ftelenet.be~~2F4b78b114-1a9f-430e-ab3a-7c9b3708c64f-fre,imi:5481ca01d8bbb2da233e431d4374cb8196826520"><title>La Minute de vérité</title><date></date><icon src="https://staticqbr-be-prod.tnprod.cdn.dmdsdp.com/image-service/ImagesEPG/EventImages/69a__201__69a20120-e71e-4c92-929d-5fe6493645fc__B160043378.jpg"></icon><desc>Le 12 octobre 2002, l'île de Bali, en Indonésie, est frappée par une série d'attentats à la bombe, attribuée à la Jemah Islamiyah, qui a fait 200 morts.</desc><category>Documentaire, Oude culturen</category></programme><programme channel="lgi-be-prod-master:natgeofr" start="20211227093500 +0000" stop="20211227103000 +0000" catchup-id="crid:~~2F~~2Ftelenet.be~~2F6039d087-51cd-4023-81f2-2770ce61156b-fre,imi:c55f1d6c71626b5c24335574db0eff50f60abb80"><title>La Minute de vérité</title><date></date><icon src="https://staticqbr-be-prod.tnprod.cdn.dmdsdp.com/image-service/ImagesEPG/EventImages/69a__201__69a20120-e71e-4c92-929d-5fe6493645fc__B160043378.jpg"></icon><desc>Un vol entre Londres et Belfast tourne au drame en janvier 1989. Peu après le décollage, un moteur de l'avion cesse de fonctionner et le pilote est contraint de tenter un atterrissage à l'aéroport le plus proche. A l'atterrissage, la catastrophe se produit.</desc><category>Documentaire, Oude culturen</category></programme><programme channel="lgi-be-prod-master:natgeofr" start="20211227103000 +0000" stop="20211227112500 +0000" catchup-id="crid:~~2F~~2Ftelenet.be~~2F4e989d46-0dac-407d-879a-a8b814a02d0f-fre,imi:e2a5cebec63ab46b04e1490feb0d7186f785f89a"><title>Des trains pas comme les autres</title><date></date><icon src="https://staticqbr-be-prod.tnprod.cdn.dmdsdp.com/image-service/ImagesEPG/EventImages/371__016__37101682-9c06-4da7-8a34-668c627c5f5a__B49149592.jpg"></icon><desc>Le globe-trotter Philippe Gougler découvre les charmes et la culture de la Croatie en empruntant les lignes ferroviaires du pays de Dubrovnik à Zagreb.</desc><category>Documentaire, Oude culturen</category></programme><programme channel="lgi-be-prod-master:natgeofr" start="20211227112500 +0000" stop="20211227122000 +0000" catchup-id="crid:~~2F~~2Ftelenet.be~~2F5375b6d7-9609-415e-832e-97bf372c56f5-fre,imi:e5cf61f56cf302a67f1653cd61c5f5edb3a0176b"><title>Des trains pas comme les autres</title><date></date><icon src="https://staticqbr-be-prod.tnprod.cdn.dmdsdp.com/image-service/ImagesEPG/EventImages/371__016__37101682-9c06-4da7-8a34-668c627c5f5a__B49149592.jpg"></icon><desc>Au Nord de la Mauritanie, à Zouérate, cité minière au milieu des montagnes, Philippe Gougler embarque à bord de l'unique train de voyageurs du pays.</desc><category>Documentaire, Oude culturen</category></programme>