<programme channel="lgi-be-prod-master:jplfr01" start="20211226230000 +0000" stop="20211227010000 +0000" catchup-id="crid:~~2F~~2Ftelenet.be~~2Fd59b6df2-2723-438e-8a07-15eebb644916-fre,imi:a3c97a747a922137e653bad819c936d2cda491ae"><title>Jupiler Pro League</title><date></date><icon src="https://staticqbr-be-prod.tnprod.cdn.dmdsdp.com/image-service/ImagesEPG/EventImages/d2c__568__d2c568d7-a8f5-4a89-8094-dd0b3ed9c466__B78183334.jpg"></icon><desc>Standard de Liège - SV Zulte Waregem</desc><category>Sport, Voetbal</category></programme><programme channel="lgi-be-prod-master:jplfr01" start="20211227010000 +0000" stop="20211227030000 +0000" catchup-id="crid:~~2F~~2Ftelenet.be~~2Fe3824b61-869c-4f33-9ac7-9abd48fd7b19-fre,imi:ce2ba3a20ee7de74c89c16c329cf38cc4ae4a136"><title>Jupiler Pro League</title><date></date><icon src="https://staticqbr-be-prod.tnprod.cdn.dmdsdp.com/image-service/ImagesEPG/EventImages/d2c__568__d2c568d7-a8f5-4a89-8094-dd0b3ed9c466__B78183334.jpg"></icon><desc>Live: Cercle Brugge KSV - Club Brugge KV</desc><category>Sport, Voetbal</category></programme><programme channel="lgi-be-prod-master:jplfr01" start="20211227030000 +0000" stop="20211227050000 +0000" catchup-id="crid:~~2F~~2Ftelenet.be~~2Fbd2d60c6-7ce6-4163-800f-f5dedcccd0dc-fre,imi:814853e1c4ce93dad5caf4ddd05ec9ab83f01460"><title>Jupiler Pro League</title><date></date><icon src="https://staticqbr-be-prod.tnprod.cdn.dmdsdp.com/image-service/ImagesEPG/EventImages/d2c__568__d2c568d7-a8f5-4a89-8094-dd0b3ed9c466__B78183334.jpg"></icon><desc>Live: KV Kortrijk - Royal Antwerp FC</desc><category>Sport, Voetbal</category></programme><programme channel="lgi-be-prod-master:jplfr01" start="20211227050000 +0000" stop="20211227070000 +0000" catchup-id="crid:~~2F~~2Ftelenet.be~~2F5a60e420-3658-4d7c-a9bc-51cafa4d4758-fre,imi:5b11bdd11b68330ccabed12ff67e8e197c46acd2"><title>Jupiler Pro League</title><date></date><icon src="https://staticqbr-be-prod.tnprod.cdn.dmdsdp.com/image-service/ImagesEPG/EventImages/d2c__568__d2c568d7-a8f5-4a89-8094-dd0b3ed9c466__B78183334.jpg"></icon><desc>Live: Royale Union St.-Gilloise - KAA Gent</desc><category>Sport, Voetbal</category></programme><programme channel="lgi-be-prod-master:jplfr01" start="20211227070000 +0000" stop="20211227090000 +0000" catchup-id="crid:~~2F~~2Ftelenet.be~~2F9e92b457-8339-4ebf-ac1f-a9ce84ec558b-fre,imi:9ed764721efedd0e9d64cd862e29f01a77f41d17"><title>Jupiler Pro League</title><date></date><icon src="https://staticqbr-be-prod.tnprod.cdn.dmdsdp.com/image-service/ImagesEPG/EventImages/d2c__568__d2c568d7-a8f5-4a89-8094-dd0b3ed9c466__B78183334.jpg"></icon><desc>Wedstrijd uit de Jupiler Pro League</desc><category>Sport, Voetbal</category></programme><programme channel="lgi-be-prod-master:jplfr01" start="20211227090000 +0000" stop="20211227093500 +0000" catchup-id="crid:~~2F~~2Ftelenet.be~~2Ffacb0016-9252-41dd-ab67-570a5837acb6-fre,imi:30ed563e5524ba505bebcf2e798eb64c8083de91"><title>JPL Highlights</title><date></date><icon src="https://staticqbr-be-prod.tnprod.cdn.dmdsdp.com/image-service/ImagesEPG/EventImages/f14__de0__f14de018-9dd6-491e-8f14-8ef0f728ccbd__B78363348.jpg"></icon><desc>JPL Highlights</desc><category>Overig</category></programme><programme channel="lgi-be-prod-master:jplfr01" start="20211227093500 +0000" stop="20211227100000 +0000" catchup-id="crid:~~2F~~2Ftelenet.be~~2F129d7a3e-7595-4af7-9ac2-8278a6cdb2c6-fre,imi:fdd103d201ced734ac610f423ac62e6b8e2fc918"><title>Pro League Extra</title><date></date><icon src="https://staticqbr-be-prod.tnprod.cdn.dmdsdp.com/image-service/ImagesEPG/EventImages/f14__de0__f14de018-9dd6-491e-8f14-8ef0f728ccbd__B78363348.jpg"></icon><desc>Pro League Extra: Les meilleurs reportages du week-end foot.</desc><category>Overig</category></programme><programme channel="lgi-be-prod-master:jplfr01" start="20211227100000 +0000" stop="20211227120000 +0000" catchup-id="crid:~~2F~~2Ftelenet.be~~2Fd59b6df2-2723-438e-8a07-15eebb644916-fre,imi:f584875c036c807142160fa7ec0411b36c28e8f0"><title>Jupiler Pro League</title><date></date><icon src="https://staticqbr-be-prod.tnprod.cdn.dmdsdp.com/image-service/ImagesEPG/EventImages/d2c__568__d2c568d7-a8f5-4a89-8094-dd0b3ed9c466__B78183334.jpg"></icon><desc>Live: Standard de Liège - SV Zulte Waregem</desc><category>Sport, Voetbal</category></programme>