<programme channel="lgi-be-prod-master:bbcfirst" start="20211226230500 +0000" stop="20211227001000 +0000" catchup-id="crid:~~2F~~2Ftelenet.be~~2Fcc9620be-c765-4fb1-99a5-25e68277063b,imi:6cc27bdc56037196024436f9bd8d5c9c2af848f8"><title>Death in Paradise</title><date></date><icon src="https://staticqbr-be-prod.tnprod.cdn.dmdsdp.com/image-service/ImagesEPG/EventImages/f44__6b2__f446b2c9-6d42-42b7-9b4c-7aa1651204fc__B180546397.jpg"></icon><desc>Het team is verbijsterd wanneer een archeoloog wordt vergiftigd tijdens een opgraving, maar er is geen bewijs om aan te tonen hoe het gebeurd is. Intussen test Neville zijn kookkunsten met krab.</desc><category>Dramaseries, Actie</category></programme><programme channel="lgi-be-prod-master:bbcfirst" start="20211227001000 +0000" stop="20211227005500 +0000" catchup-id="crid:~~2F~~2Ftelenet.be~~2Fd9585d45-91f8-4793-8234-f1fc6748df26,imi:b95af8c83e1a53012b089ac761fcd7d41834e911"><title>Vienna Blood</title><date></date><icon src="https://staticqbr-be-prod.tnprod.cdn.dmdsdp.com/image-service/ImagesEPG/EventImages/af3__5ad__af35ad39-799b-46e0-9196-b4bc6954c9d8__B181916384.jpg"></icon><desc>Wanneer een fanatieke monnik, broeder Stanislav, vermoord wordt aangetroffen in zijn klooster, valt de verdenking op de religieuze jood Isaak Korngold, die de monnik had berispt voor het verspreiden van antisemitische retoriek. Nadat Oskar de voor de hand liggende verdachte heeft gearresteerd, leidt het schandaal het familiebedrijf Korngold tot een faillissement en bedreigt het Isaaks broer, Jonas' aanstaande huwelijk met Clara Weiss.</desc><category>Dramaseries, Actie</category></programme><programme channel="lgi-be-prod-master:bbcfirst" start="20211227005500 +0000" stop="20211227014000 +0000" catchup-id="crid:~~2F~~2Ftelenet.be~~2Fcf40bdc6-24f3-42e8-ab50-f1367f34e9c2,imi:749bcf34c7c7f48b111e5f9d7cfd848893536ec1"><title>Vienna Blood</title><date></date><icon src="https://staticqbr-be-prod.tnprod.cdn.dmdsdp.com/image-service/ImagesEPG/EventImages/af3__5ad__af35ad39-799b-46e0-9196-b4bc6954c9d8__B181916384.jpg"></icon><desc>Max Liebermann, een leerling van Sigmund Freud, helpt inspecteur Rheinhardt bij het onderzoek naar een reeks verontrustende moorden rond de grand cafés en operahuizen in het Wenen van 1900.</desc><category>Dramaseries, Actie</category></programme><programme channel="lgi-be-prod-master:bbcfirst" start="20211227014000 +0000" stop="20211227023500 +0000" catchup-id="crid:~~2F~~2Ftelenet.be~~2F308042c0-210e-4740-8407-65421b5eada1,imi:376c5cfc3ab91199a40e2e1cea383aedab19f7dc"><title>Whitstable Pearl</title><date></date><icon src="https://staticqbr-be-prod.tnprod.cdn.dmdsdp.com/image-service/ImagesEPG/EventImages/323__f39__323f39e4-13b0-486b-b7d5-5d84a9661ae5__B207699094.jpg"></icon><desc>Wanneer een goede vriend van de familie onder mysterieuze omstandigheden dood wordt aangetroffen, vermoedt Pearl Nolan dat er sprake is van een misdrijf en gaat ze samen met de onlangs aangestelde inspecteur Mike McGuire op zoek naar de waarheid.</desc><category>Dramaseries</category></programme><programme channel="lgi-be-prod-master:bbcfirst" start="20211227023500 +0000" stop="20211227032500 +0000" catchup-id="crid:~~2F~~2Ftelenet.be~~2Fcf82a99b-6316-43b5-b251-fcaba05c640a,imi:dbf312c5b21c1fc7b4aef1dd943cc819397118b0"><title>Midsomer murders</title><date></date><icon src="https://staticqbr-be-prod.tnprod.cdn.dmdsdp.com/image-service/ImagesEPG/EventImages/136__18e__13618e8b-6886-4352-886d-bb8d774069cc__B115293731.jpg"></icon><desc>Deel 1. Midsomer bereikt bijna zijn kookpunt als een priester verkleed als strooien pop levend verbrand. Meer mensen vliegen alsof ze door hekserij worden getroffen spontaan in brand.</desc><category>Dramaseries, Actie</category></programme><programme channel="lgi-be-prod-master:bbcfirst" start="20211227032500 +0000" stop="20211227041500 +0000" catchup-id="crid:~~2F~~2Ftelenet.be~~2F0a560591-2a25-40f4-9a78-e29caf2809a1,imi:1b1163476fe79491989f28eb02258f79f9d246d0"><title>Midsomer murders</title><date></date><icon src="https://staticqbr-be-prod.tnprod.cdn.dmdsdp.com/image-service/ImagesEPG/EventImages/136__18e__13618e8b-6886-4352-886d-bb8d774069cc__B115293731.jpg"></icon><desc>Deel 2. Midsomer bereikt bijna zijn kookpunt als een priester verkleed als strooien pop levend verbrand. Meer mensen vliegen alsof ze door hekserij worden getroffen spontaan in brand.</desc><category>Dramaseries, Actie</category></programme><programme channel="lgi-be-prod-master:bbcfirst" start="20211227041500 +0000" stop="20211227050000 +0000" catchup-id="crid:~~2F~~2Ftelenet.be~~2F0f04693b-511c-41c8-a459-fc6ac47ba81c,imi:317baeb276161b7720b2fe9ea019332bb90bf49c"><title>The Coroner</title><date></date><icon src="https://staticqbr-be-prod.tnprod.cdn.dmdsdp.com/image-service/ImagesEPG/EventImages/8ac__424__8ac4242a-b23a-4184-8ac3-d82f73c24d27__B108354529.jpg"></icon><desc>Als een lokale journalist de inwoners van Lighthaven ervan probeert te overtuigen dat zich een grote kat op de heide bevindt, gelooft niemand hem totdat zijn verminkte lichaam wordt gevonden.</desc><category>Dramaseries, Actie</category></programme><programme channel="lgi-be-prod-master:bbcfirst" start="20211227050000 +0000" stop="20211227060500 +0000" catchup-id="crid:~~2F~~2Ftelenet.be~~2F57d34749-a67f-42b5-b19c-eb22646d1b14,imi:fa699c2ce193cbc8fdc7950e70ac191f4502656a"><title>Downton Abbey</title><date></date><icon src="https://staticqbr-be-prod.tnprod.cdn.dmdsdp.com/image-service/ImagesEPG/EventImages/c82__d56__c82d5644-e125-4dd1-b11b-eebc20725e13__B48937852.jpg"></icon><desc>Er worden volop voorbereidingen getroffen voor Roses grote dag, maar de spanningen in de familie gooien roet in het eten. De regeling tussen Edith en Marigold lijkt goed te werken, maar hoe lang kunnen Edith en Cora de waarheid voor Robert verborgen houden? In Londen onthult Denker een donkere zijde van haar persoonlijkheid. Het oorlogsmonument wordt onthuld, maar Mrs Patmore is nog steeds van streek. Branson neemt een zware beslissing, en de donderwolken boven Anna en Bates' hoofd komen tot uitbarsting.</desc><category>Dramaseries</category></programme><programme channel="lgi-be-prod-master:bbcfirst" start="20211227060500 +0000" stop="20211227070500 +0000" catchup-id="crid:~~2F~~2Ftelenet.be~~2Fa7003f9b-cebd-4c5f-bca0-effb1f1e17a0,imi:825ec0ec147230ba0abc9bf8b790856c37d31a41"><title>New Tricks</title><date></date><icon src="https://staticqbr-be-prod.tnprod.cdn.dmdsdp.com/image-service/ImagesEPG/EventImages/e45__c02__e45c02fb-0c49-423c-b1ea-750f6505952b__B48592268.jpg"></icon><desc>Het team van UCOS krijgt een nieuwe zaak voorgeschoteld. In 2010 werd een jonge dokter gewurgd in haar praktijk en er is nieuw bewijsmateriaal aan het licht gekomen waardoor de zaak heropend moet worden. Intussen zit Dan met een depressie nadat zijn dochter naar de universiteit is vertrokken.</desc><category>Dramaseries, Actie</category></programme><programme channel="lgi-be-prod-master:bbcfirst" start="20211227070500 +0000" stop="20211227080000 +0000" catchup-id="crid:~~2F~~2Ftelenet.be~~2Fc11c576f-b8d9-411d-92cb-bb937cd4fb8a,imi:94fb43bd0d871fdc4445ceb52583f3fc8fd0c797"><title>Death in Paradise</title><date></date><icon src="https://staticqbr-be-prod.tnprod.cdn.dmdsdp.com/image-service/ImagesEPG/EventImages/63e__7bf__63e7bf8d-695a-4492-8f3b-c7f5cc18f445__B138508581.jpg"></icon><desc>Het team wordt opgeschrikt door een tweede moord, die te maken heeft met de dood van Tiana, koningin van het festival. Er is een nieuw spoor, gelinkt aan een telefonische oproep. Daardoor reizen DI Jack en zijn onderzoekers af naar Rosalie Island, waar de eigenaar en werknemers van een investeringsmaatschappij nu allemaal onder verdenking vallen.</desc><category>Dramaseries, Actie</category></programme><programme channel="lgi-be-prod-master:bbcfirst" start="20211227080000 +0000" stop="20211227090000 +0000" catchup-id="crid:~~2F~~2Ftelenet.be~~2F0d46cdc8-d23a-4eb0-9da2-aa020ad69ed1,imi:715c980315f84f049be9c53affc4bf93ddc8357e"><title>Midsomer murders</title><date></date><icon src="https://staticqbr-be-prod.tnprod.cdn.dmdsdp.com/image-service/ImagesEPG/EventImages/136__18e__13618e8b-6886-4352-886d-bb8d774069cc__B115293731.jpg"></icon><desc>Deel 1. Negen jaar nadat Ferdy Villers zich van het leven heeft beroofd, komt zijn familie tijdens de kerstdagen bij elkaar, niet wetend dat iemand uit is op revanche.</desc><category>Dramaseries, Actie</category></programme><programme channel="lgi-be-prod-master:bbcfirst" start="20211227090000 +0000" stop="20211227100000 +0000" catchup-id="crid:~~2F~~2Ftelenet.be~~2Fceacc7c5-0cf3-4e13-beb3-a74cb82f1bba,imi:ca730a1c439cc336a08740958fea0e00f33edb5a"><title>Midsomer murders</title><date></date><icon src="https://staticqbr-be-prod.tnprod.cdn.dmdsdp.com/image-service/ImagesEPG/EventImages/136__18e__13618e8b-6886-4352-886d-bb8d774069cc__B115293731.jpg"></icon><desc>Deel 2. Negen jaar nadat Ferdy Villers zich van het leven heeft beroofd, komt zijn familie tijdens de kerstdagen bij elkaar, niet wetend dat iemand uit is op revanche.</desc><category>Dramaseries, Actie</category></programme><programme channel="lgi-be-prod-master:bbcfirst" start="20211227100000 +0000" stop="20211227110000 +0000" catchup-id="crid:~~2F~~2Ftelenet.be~~2F94791c5d-1ecf-43a6-8ed7-2ce50ee49255,imi:1b7509f6ddec7c242b2799fa619e492a0d76467f"><title>Agatha Raisin</title><date></date><icon src="https://staticqbr-be-prod.tnprod.cdn.dmdsdp.com/image-service/ImagesEPG/EventImages/f14__de0__f14de018-9dd6-491e-8f14-8ef0f728ccbd__B78363348.jpg"></icon><desc>Samen met haar oude vriend Sir Charles duikt Agatha in het verleden van Melissa. Ze stuiten op twee ex-echtgenoten, een boze zus en dubieuze relaties met motorrijders.</desc><category>Dramaseries, Actie</category></programme><programme channel="lgi-be-prod-master:bbcfirst" start="20211227110000 +0000" stop="20211227125000 +0000" catchup-id="crid:~~2F~~2Ftelenet.be~~2F8ebab3a8-d216-4896-a828-062b971269f8,imi:81bde0d8836561468e3afb373642415235d9a833"><title>Downton Abbey</title><date></date><icon src="https://staticqbr-be-prod.tnprod.cdn.dmdsdp.com/image-service/ImagesEPG/EventImages/c82__d56__c82d5644-e125-4dd1-b11b-eebc20725e13__B48937852.jpg"></icon><desc>Lord Sinderby en zijn vrouw nodigen de hele familie Crawley uit voor een jachtpartijtje in Northumberland. Hun butler Stowell is echter niet opgezet met de komst van Tom en weigert hem te bedienen. Wanneer Lord Sinderby Thomas beledigt, besluit Stowell hem terug te pakken door een familiegeheim te vertellen aan Thomas. Ondertussen herenigt Violet prins Kuragin met zijn vrouw. Mr Carson en Mrs Hughes besluiten samen een bed &amp; breakfast te openen, maar Mrs Hughes moet toegeven dat ze geen geld meer heeft om te investeren. Ondertussen doet Bates er alles aan om Anna vrij te pleiten van de moord op Green...</desc><category>Dramaseries</category></programme>