<programme channel="lgi-be-prod-master:jplnl02" start="20211226232000 +0000" stop="20211227022000 +0000" catchup-id="crid:~~2F~~2Ftelenet.be~~2Fd3535f73-024d-4638-b235-e15869a30ac1,imi:800fc0dca3e325aa12240a3ca25a75d22b2fc697"><title>Next LIVE: KV Mechelen - RFC Seraing op 27/12 om 18:25</title><date></date><icon src="https://staticqbr-be-prod.tnprod.cdn.dmdsdp.com/image-service/ImagesEPG/EventImages/f14__de0__f14de018-9dd6-491e-8f14-8ef0f728ccbd__B78363348.jpg"></icon><desc></desc><category>Overig</category></programme><programme channel="lgi-be-prod-master:jplnl02" start="20211227022000 +0000" stop="20211227052000 +0000" catchup-id="crid:~~2F~~2Ftelenet.be~~2Fd3535f73-024d-4638-b235-e15869a30ac1,imi:e60361b0833d15836b48c1006e348537c5216a76"><title>Next LIVE: KV Mechelen - RFC Seraing op 27/12 om 18:25</title><date></date><icon src="https://staticqbr-be-prod.tnprod.cdn.dmdsdp.com/image-service/ImagesEPG/EventImages/f14__de0__f14de018-9dd6-491e-8f14-8ef0f728ccbd__B78363348.jpg"></icon><desc></desc><category>Overig</category></programme><programme channel="lgi-be-prod-master:jplnl02" start="20211227052000 +0000" stop="20211227082000 +0000" catchup-id="crid:~~2F~~2Ftelenet.be~~2Fd3535f73-024d-4638-b235-e15869a30ac1,imi:23647e1bd97308f7a65d9bd94eaeeceba593b483"><title>Next LIVE: KV Mechelen - RFC Seraing op 27/12 om 18:25</title><date></date><icon src="https://staticqbr-be-prod.tnprod.cdn.dmdsdp.com/image-service/ImagesEPG/EventImages/f14__de0__f14de018-9dd6-491e-8f14-8ef0f728ccbd__B78363348.jpg"></icon><desc></desc><category>Overig</category></programme><programme channel="lgi-be-prod-master:jplnl02" start="20211227082000 +0000" stop="20211227112000 +0000" catchup-id="crid:~~2F~~2Ftelenet.be~~2Fd3535f73-024d-4638-b235-e15869a30ac1,imi:b600d6a75dc450955107b266e9fdd5613b4a1de5"><title>Next LIVE: KV Mechelen - RFC Seraing op 27/12 om 18:25</title><date></date><icon src="https://staticqbr-be-prod.tnprod.cdn.dmdsdp.com/image-service/ImagesEPG/EventImages/f14__de0__f14de018-9dd6-491e-8f14-8ef0f728ccbd__B78363348.jpg"></icon><desc></desc><category>Overig</category></programme><programme channel="lgi-be-prod-master:jplnl02" start="20211227112000 +0000" stop="20211227142000 +0000" catchup-id="crid:~~2F~~2Ftelenet.be~~2Fd3535f73-024d-4638-b235-e15869a30ac1,imi:c5778b61bc303a5b019cf07af42e94d950b50862"><title>Next LIVE: KV Mechelen - RFC Seraing op 27/12 om 18:25</title><date></date><icon src="https://staticqbr-be-prod.tnprod.cdn.dmdsdp.com/image-service/ImagesEPG/EventImages/f14__de0__f14de018-9dd6-491e-8f14-8ef0f728ccbd__B78363348.jpg"></icon><desc></desc><category>Overig</category></programme>