<programme channel="lgi-be-prod-master:vierhd" start="20211226231000 +0000" stop="20211227011500 +0000" catchup-id="crid:~~2F~~2Ftelenet.be~~2F38b00f34-366f-48fe-923e-fc0e45c9980d,imi:23dae29a09c02773ab7851b3e740883f3289d3eb"><title>Cop Out</title><date>2010</date><icon src="https://staticqbr-be-prod.tnprod.cdn.dmdsdp.com/image-service/ImagesEPG/EventImages/af6__728__af672878-effa-4ecd-a69e-8673d230b205__B50035930.jpg"></icon><desc>Politieagenten Jimmy Monroe en Paul Hodges zijn al negen jaar partners. Na een mislukte inval en de dood van een informant worden ze van een belangrijke zaak gehaald. Ze blijven zich echter met het onderzoek moeien en raken zo verwikkeld in tal van avonturen. Zo krijgen ze te maken met een genadeloze drugsbende die geld probeert wit te wassen en moeten ze een Mexicaanse vrouw redden.</desc><category>Film, Komedie</category></programme><programme channel="lgi-be-prod-master:vierhd" start="20211227011500 +0000" stop="20211227023000 +0000" catchup-id="crid:~~2F~~2Ftelenet.be~~2F69f6fcef-6151-4bbb-90d0-6c35a9c3c0b0,imi:3fca460021828519b3ea2a8e7ded1e7c16675014"><title>Sports Late Night</title><date></date><icon src="https://staticqbr-be-prod.tnprod.cdn.dmdsdp.com/image-service/ImagesEPG/EventImages/b5b__8fa__b5b8fa27-9392-430a-bb41-6ca3f3a91afa__B202137364.jpg"></icon><desc>Met een verslag van de eenentwintigste speeldag in de Jupiler Pro League: Cercle Brugge - Club Brugge, Standard - Zulte Waregem, KV Kortrijk - Antwerp, Royale Union Saint-Gilloise - KAA Gent en KV Oostende - KRC Genk.</desc><category>Sport, Voetbal</category></programme><programme channel="lgi-be-prod-master:vierhd" start="20211227023000 +0000" stop="20211227040000 +0000" catchup-id="crid:~~2F~~2Ftelenet.be~~2Fee56ff3d-cee7-45e9-9085-c703f9ddec05,imi:0c2020b35c5bc8c9f1c43ad76511e1acaa68cc1f"><title>Geen uitzending</title><date></date><icon src="https://staticqbr-be-prod.tnprod.cdn.dmdsdp.com/image-service/ImagesEPG/EventImages/167__ef8__167ef834-7d1c-4336-9234-795ed7efc46a__B181818910.jpg"></icon><desc>Geen uitzending.</desc><category>Overig</category></programme><programme channel="lgi-be-prod-master:vierhd" start="20211227040000 +0000" stop="20211227053000 +0000" catchup-id="crid:~~2F~~2Ftelenet.be~~2F8e0c711d-ade9-47f5-926f-4e67202894cf,imi:95a025d9e8c3bd1ca63ccd4c3a12cc800824c070"><title>Geen uitzending</title><date></date><icon src="https://staticqbr-be-prod.tnprod.cdn.dmdsdp.com/image-service/ImagesEPG/EventImages/167__ef8__167ef834-7d1c-4336-9234-795ed7efc46a__B181818910.jpg"></icon><desc>Geen uitzending.</desc><category>Overig</category></programme><programme channel="lgi-be-prod-master:vierhd" start="20211227053000 +0000" stop="20211227055500 +0000" catchup-id="crid:~~2F~~2Ftelenet.be~~2F7ca149d8-e5de-4f03-baea-67f42ec53bc2,imi:e8ed7ff8118a3a18d7b852206eb252dd420739e7"><title>Het perfecte feestmenu</title><date></date><icon src="https://staticqbr-be-prod.tnprod.cdn.dmdsdp.com/image-service/ImagesEPG/EventImages/dcc__82a__dcc82a1a-57ec-42d4-b34c-1a3afb51ccc1__B160609598.jpg"></icon><desc>Het perfecte feestmenu van Johan Segers begint met een koud voorgerecht: oesters en gêlée. En Johan heeft niet één, maar twee voorgerechtjes gepland. Als tweede volgt een heerlijke ossenstaartsoep, helemaal bereid op wijze van de chef. Johan sluit zijn menu af met een gegrilde griet met witloof en grijze garnaaltjes. Een veelbelovend en haalbaar menu, ideaal om mee uit te pakken op een feestje!</desc><category>Culinair</category></programme><programme channel="lgi-be-prod-master:vierhd" start="20211227055500 +0000" stop="20211227061000 +0000" catchup-id="crid:~~2F~~2Ftelenet.be~~2F3b1735bc-7124-49cb-ba7c-b853339091c4,imi:5aa6a213f325b046213d0f9497221cb6f0ace739"><title>De dagschotel</title><date></date><icon src="https://staticqbr-be-prod.tnprod.cdn.dmdsdp.com/image-service/ImagesEPG/EventImages/c8b__8d6__c8b8d6a6-7a48-4fd3-b320-e23256fd3c09__B141353170.jpg"></icon><desc>Bladerdeegjes met tongrolletjes, het klinkt ongelooflijk 'jaren 80 en dat zijn ze ook. Maar Dominique Persoone maakt deze klassieker zo overheerlijk klaar, dat de smaken vanop het communiefeest van 20 jaar geleden plots helemaal terug zijn. Oma's kitchen rules!</desc><category>Culinair</category></programme><programme channel="lgi-be-prod-master:vierhd" start="20211227061000 +0000" stop="20211227063500 +0000" catchup-id="crid:~~2F~~2Ftelenet.be~~2F2b943d20-ff2b-4e4a-a3c9-85e3221b89cf,imi:8cfc5caf9193ebfe9a59f23f5eae85b781f01827"><title>Tot op het Bot: Het Rund</title><date></date><icon src="https://staticqbr-be-prod.tnprod.cdn.dmdsdp.com/image-service/ImagesEPG/EventImages/4a6__42e__4a642ef1-a803-41a0-82c9-76e2185b1032__B141353485.jpg"></icon><desc>De onglet of longhaas is een geheimzinnig stukje rundvlees, en net dat stukje wil onze chef vandaag klaarmaken. Het is een heel beweeglijke spier die binnenin de koe verscholen ligt en die in het verleden in het slachthuis of bij de slager wel eens verdween omdat echte vleeseters er gek op zijn. Beenhouwer Benny onthult alle geheimen over dit stuk vlees en hij bezorgt Johan ook een mooi pijpje merg, want onze chef wil een onglet 'bordelaise' maken, met rode wijnsaus dus, en met een paar stukjes merg erbij.</desc><category>Culinair</category></programme><programme channel="lgi-be-prod-master:vierhd" start="20211227063500 +0000" stop="20211227074500 +0000" catchup-id="crid:~~2F~~2Ftelenet.be~~2F527f05d2-57e5-4f65-a961-c0994baa4ba1,imi:8f8030d5e9b75083d9d1fec226717e2fd5bca712"><title>Blind gekocht Australië</title><date></date><icon src="https://staticqbr-be-prod.tnprod.cdn.dmdsdp.com/image-service/ImagesEPG/EventImages/009__7d5__0097d5e4-5921-47e5-800c-11e8d2eaf448__B168561286.jpg"></icon><desc>Australische realityreeks (2018) waarin zes koppels al hun spaarcenten blind toevertrouwen aan Shaynna Blaze en haar team, die voor hen een woning kopen</desc><category>Documentaire, Reality-tv</category></programme><programme channel="lgi-be-prod-master:vierhd" start="20211227074500 +0000" stop="20211227095000 +0000" catchup-id="crid:~~2F~~2Ftelenet.be~~2Fda1b55ef-ce03-46a2-960c-84e6c3829435,imi:69e3e64af9d5773ee93feeb38ab47ee83137b862"><title>Geen uitzending</title><date></date><icon src="https://staticqbr-be-prod.tnprod.cdn.dmdsdp.com/image-service/ImagesEPG/EventImages/167__ef8__167ef834-7d1c-4336-9234-795ed7efc46a__B181818910.jpg"></icon><desc>Geen uitzending.</desc><category>Overig</category></programme><programme channel="lgi-be-prod-master:vierhd" start="20211227095000 +0000" stop="20211227110000 +0000" catchup-id="crid:~~2F~~2Ftelenet.be~~2F69f6fcef-6151-4bbb-90d0-6c35a9c3c0b0,imi:a29d53322437ec0f6d20d80a3bc3d65c3e74a154"><title>Sports Late Night</title><date></date><icon src="https://staticqbr-be-prod.tnprod.cdn.dmdsdp.com/image-service/ImagesEPG/EventImages/b5b__8fa__b5b8fa27-9392-430a-bb41-6ca3f3a91afa__B202137364.jpg"></icon><desc>Met een verslag van de eenentwintigste speeldag in de Jupiler Pro League: Cercle Brugge - Club Brugge, Standard - Zulte Waregem, KV Kortrijk - Antwerp, Royale Union Saint-Gilloise - KAA Gent en KV Oostende - KRC Genk.</desc><category>Sport, Voetbal</category></programme><programme channel="lgi-be-prod-master:vierhd" start="20211227110000 +0000" stop="20211227140500 +0000" catchup-id="crid:~~2F~~2Ftelenet.be~~2Fe942a2bc-3bf6-453b-b0ef-6184ef9fe1d7,imi:1bcdd0dae057b690b051df8d43a354cd809baaea"><title>Geen uitzending</title><date></date><icon src="https://staticqbr-be-prod.tnprod.cdn.dmdsdp.com/image-service/ImagesEPG/EventImages/167__ef8__167ef834-7d1c-4336-9234-795ed7efc46a__B181818910.jpg"></icon><desc>Geen uitzending.</desc><category>Overig</category></programme>