<programme channel="lgi-be-prod-master:cinecinemapre" start="20211226230500 +0000" stop="20211227003300 +0000" catchup-id="crid:~~2F~~2Ftelenet.be~~2F9ad1f6fb-7a33-445c-9dcc-0d72276c00be-fre,imi:e0b5902921a57017085d8902876586f5db20401f"><title>Bienvenue parmi nous</title><date>2012</date><icon src="https://staticqbr-be-prod.tnprod.cdn.dmdsdp.com/image-service/ImagesEPG/EventImages/e4a__036__e4a0364f-4f1a-42c9-9d12-51b7c7f11e17__B113370026.jpg"></icon><desc>Taillandier, een zestiger, is een vermaarde kunstschilder, maar toch is hij abrupt gestopt met schilderen. Hij is depressief en besluit zijn familie en vrienden te verlaten, zonder doel en zonder iemand iets te vertellen trekt hij weg. Onderweg maakt hij kennis met Marylou, een adolescente die door haar moeder werd verstoten...</desc><category>Film, Drama</category></programme><programme channel="lgi-be-prod-master:cinecinemapre" start="20211227003300 +0000" stop="20211227020900 +0000" catchup-id="crid:~~2F~~2Ftelenet.be~~2F61b0dc98-b497-467a-9e58-c82a3f0d91b1-fre,imi:72a1c2265948e1a8270d76d56379681d6fca3486"><title>Gangbyun Hotel</title><date>2018</date><icon src="https://staticqbr-be-prod.tnprod.cdn.dmdsdp.com/image-service/ImagesEPG/EventImages/b91__049__b910491e-72a0-4f1e-9aea-6be5f4f2ff41__B105936402.jpg"></icon><desc>Séjournant dans un hôtel au bord du fleuve Han, le poète Ko Young-wan convie ses deux fils, Byung-soo et Kyung-soo, à le rejoindre afin de passer un peu de temps avec eux. Il leur annonce avoir le sentiment qu'il va bientôt mourir. Durant cette journée qu'ils vont passer ensemble, le père et ses fils vont discuter, notamment de leur rapport aux femmes ou encore de la raison pour laquelle Byung-soo et Kyung-soo se nomment ainsi. Parallèlement, dans le même hôtel, la jeune Sang-hee se remet difficilement d'une rupture amoureuse et d'une brûlure à la main qui sont probablement liées.</desc><category>Film, Drama</category></programme><programme channel="lgi-be-prod-master:cinecinemapre" start="20211227020900 +0000" stop="20211227060000 +0000" catchup-id="crid:~~2F~~2Ftelenet.be~~2Fcab3f223-eeb9-4e60-9289-4702fc7efc24-fre,imi:ecd8e2648a0aacd5bb54371cb89d1fcf5e0f63fc"><title>Onderbreking</title><date></date><icon src="https://staticqbr-be-prod.tnprod.cdn.dmdsdp.com/image-service/ImagesEPG/EventImages/d2f__4ac__d2f4accd-d8db-4158-869e-2fbf7b27f128__B166199242.jpg"></icon><desc>Geen uitzending.</desc><category>Overig</category></programme><programme channel="lgi-be-prod-master:cinecinemapre" start="20211227060000 +0000" stop="20211227073600 +0000" catchup-id="crid:~~2F~~2Ftelenet.be~~2Febabcd16-524b-48d7-812f-62c33d5aadd8-fre,imi:cc31df3d1065aac294ea9657aa5ff4e19ec04323"><title>Pourquoi j'ai pas mangé mon père</title><date>2015</date><icon src="https://staticqbr-be-prod.tnprod.cdn.dmdsdp.com/image-service/ImagesEPG/EventImages/82c__fec__82cfecec-b259-4cc0-85a2-b0b3c61f58b6__B150776986.jpg"></icon><desc>Twee miljoen jaren geleden. Aapmens Edouard valt uit een boom en breekt daarbij een van zijn voorpoten. Om te kunnen overleven leert Edouard rechtop te staan en ontdekt zo het lopen op twee benen. Omgeven door allerlei gevaren op de savanne probeert hij de andere aapmensen te overtuigen om hem te vergezellen.</desc><category>Film, Animatie</category></programme><programme channel="lgi-be-prod-master:cinecinemapre" start="20211227073600 +0000" stop="20211227092700 +0000" catchup-id="crid:~~2F~~2Ftelenet.be~~2F65fcf193-2f6a-4a79-8b16-c7b4d9ba9168-fre,imi:f4d5bc74c18820c544d8cbf7f9bc11afacd622e4"><title>La belle époque</title><date>2019</date><icon src="https://staticqbr-be-prod.tnprod.cdn.dmdsdp.com/image-service/ImagesEPG/EventImages/c95__d21__c95d2121-1a82-412c-b308-7f41bd15e90f__B178371269.jpg"></icon><desc>Het leven van zestiger Victor wordt volledig op z'n kop gezet wanneer hij kennismaakt met Antoine, een briljant ondernemer. Hij biedt hem de kans om terug te keren naar het verleden, waarop Victor ervoor kiest om de meest gedenkwaardige week van zijn leven opnieuw te beleven: toen hij 40 jaar geleden zijn grote liefde ontmoette.</desc><category>Film, Komedie</category></programme><programme channel="lgi-be-prod-master:cinecinemapre" start="20211227092700 +0000" stop="20211227112400 +0000" catchup-id="crid:~~2F~~2Ftelenet.be~~2F09477b9d-ac26-4417-8636-42c2390abb72-fre,imi:6735a2259eb387c56c939a38bd87a389902ab769"><title>L'Auberge espagnole</title><date>2001</date><icon src="https://staticqbr-be-prod.tnprod.cdn.dmdsdp.com/image-service/ImagesEPG/EventImages/835__072__83507257-fcab-45d6-9f5e-020a9068a43d__B105936401.jpg"></icon><desc>De Franse economiestudent Xavier heeft een mooie jobaanbieding op zak, maar daarvoor moet hij wel Spaans kennen. Zeer tegen de zin van zijn vriendin Martine schrijft hij zich in voor een spoedcursus in Barcelona. Hij gaat er in een studentenhuis logeren en maakt er kennis met een heel gevarieerde groep medestudenten uit Italië, Engeland, Denmarken, België en Duitsland. De internationale studentensfeer valt Xavier bijzonder mee, maar zet zijn persoonlijke overtuigingen én zijn trouw aan Martine zwaar onder druk.</desc><category>Film, Komedie</category></programme><programme channel="lgi-be-prod-master:cinecinemapre" start="20211227112400 +0000" stop="20211227124700 +0000" catchup-id="crid:~~2F~~2Ftelenet.be~~2Fe001bff3-5c21-4928-bf9f-877a28471ac7-fre,imi:4a5b1e09b23f1e6a2c1bea2a85ee0bedba59ee68"><title>Beestenboot</title><date>2015</date><icon src="https://staticqbr-be-prod.tnprod.cdn.dmdsdp.com/image-service/ImagesEPG/EventImages/844__23f__84423f9c-b17c-43cf-ad9b-150aabc1bb3e__B67958509.jpg"></icon><desc>Nestertjes Dave en zijn zoontje Finny krijgen te horen dat de aarde gaat overstromen. Eerst lachen ze dit nieuws weg, maar dan wordt het bittere ernst en moeten ze alle dieren zien te redden van het aanstormende water.</desc><category>Film, Animatie</category></programme>