<programme channel="lgi-be-prod-master:animalplanethd" start="20211226234000 +0000" stop="20211227003000 +0000" catchup-id="crid:~~2F~~2Ftelenet.be~~2F16a498a8-c48e-47d1-97c9-94f1be96fa03,imi:175a41d93c472f37d0cbed8e9e1951691b1a9195"><title>Dr. Jeff: Rocky Mountain Vet</title><date></date><icon src="https://staticqbr-be-prod.tnprod.cdn.dmdsdp.com/image-service/ImagesEPG/EventImages/094__3a4__0943a444-f569-4600-aad9-ed22be3d03f8__B111072703.jpg"></icon><desc>Dr. Jeff gaat naar Mexico om huisdieren te helpen en hij behandelt een paar onwillige patiënten in een apenreservaat. Het team probeert straathonden te vangen en te behandelen.</desc><category>Documentaire, Reality-tv</category></programme><programme channel="lgi-be-prod-master:animalplanethd" start="20211227003000 +0000" stop="20211227011500 +0000" catchup-id="crid:~~2F~~2Ftelenet.be~~2Fb0f53c38-a83b-4c63-9bc6-f04e133f79cf,imi:6b4bfa6a97676f4aa7a01aa91ba1c1d55bf5d05f"><title>Scaled</title><date></date><icon src="https://staticqbr-be-prod.tnprod.cdn.dmdsdp.com/image-service/ImagesEPG/EventImages/69a__201__69a20120-e71e-4c92-929d-5fe6493645fc__B160043378.jpg"></icon><desc>Het team bouwt voor een blauwtongskink een terrarium met een Balinees thema en de klanten krijgen daarnaast ook nog een verblijf voor hun wimpergekko's cadeau.</desc><category>Documentaire, Oude culturen</category></programme><programme channel="lgi-be-prod-master:animalplanethd" start="20211227011500 +0000" stop="20211227020000 +0000" catchup-id="crid:~~2F~~2Ftelenet.be~~2Fcd5736ac-6db8-4039-9c26-5d96c04692a0,imi:e0bf097c29d034e2de43ea1ae2b1a8966f12bbea"><title>Scaled</title><date></date><icon src="https://staticqbr-be-prod.tnprod.cdn.dmdsdp.com/image-service/ImagesEPG/EventImages/69a__201__69a20120-e71e-4c92-929d-5fe6493645fc__B160043378.jpg"></icon><desc>Greg en Lucas bezoeken een gezin dat voor hun eerste reptiel een terrarium met een saloon-thema wil. Tyrone, Jason, Chris en Lucas strijden om wie de grappigste memes kan maken.</desc><category>Documentaire, Oude culturen</category></programme><programme channel="lgi-be-prod-master:animalplanethd" start="20211227020000 +0000" stop="20211227024500 +0000" catchup-id="crid:~~2F~~2Ftelenet.be~~2F26ee73f5-e244-4165-8f5d-b3bf771c62ac,imi:458843e266ca81f50938743e7b10917b2aad99b3"><title>The Zoo: San Diego</title><date></date><icon src="https://staticqbr-be-prod.tnprod.cdn.dmdsdp.com/image-service/ImagesEPG/EventImages/f14__de0__f14de018-9dd6-491e-8f14-8ef0f728ccbd__B78363348.jpg"></icon><desc>Wanneer de eieren en kuikens van de kleine flamingo's geroofd worden, neemt het team een pijnlijke beslissing. En een wallaby en haar jong worden tot dierenambassadeur benoemd.</desc><category>Overig</category></programme><programme channel="lgi-be-prod-master:animalplanethd" start="20211227024500 +0000" stop="20211227033000 +0000" catchup-id="crid:~~2F~~2Ftelenet.be~~2F1546a708-5bce-4ff0-9432-63b981369b26,imi:3943be841fe6a6f21549727734b22f93bc07475c"><title>Treehouse Masters</title><date></date><icon src="https://staticqbr-be-prod.tnprod.cdn.dmdsdp.com/image-service/ImagesEPG/EventImages/e91__f34__e91f3418-d9c7-4378-8bdc-82cd5275ce1f__B47826858.jpg"></icon><desc>Een stel droomt van een boomhut met vrij uitzicht op de bergen. Pete creëert een bungalow met grote ramen zodat de twee weer kunnen genieten van het uitzicht dat was verdwenen.</desc><category>Documentaire, Reality-tv</category></programme><programme channel="lgi-be-prod-master:animalplanethd" start="20211227033000 +0000" stop="20211227035500 +0000" catchup-id="crid:~~2F~~2Ftelenet.be~~2Fcdedf3ae-9212-4656-9f9e-8ab65dcb900b,imi:f33c67ee762d92e76b901f1259545c23bb08ba4a"><title>Solved</title><date></date><icon src="https://staticqbr-be-prod.tnprod.cdn.dmdsdp.com/image-service/ImagesEPG/EventImages/69a__201__69a20120-e71e-4c92-929d-5fe6493645fc__B160043378.jpg"></icon><desc>Experts analyseren en verklaren opnames uit Arkansas van 5000 vogels die uit de lucht vallen. Waarom zou een stinkdier een handstand doen en waarom lichten sommige kikkers op?</desc><category>Documentaire, Oude culturen</category></programme><programme channel="lgi-be-prod-master:animalplanethd" start="20211227035500 +0000" stop="20211227041500 +0000" catchup-id="crid:~~2F~~2Ftelenet.be~~2Fadfd84f6-6284-4421-8fb1-7dccd0adb621,imi:2b4d63e1fd7595195b944b0f6d87b5459843a217"><title>Solved</title><date></date><icon src="https://staticqbr-be-prod.tnprod.cdn.dmdsdp.com/image-service/ImagesEPG/EventImages/69a__201__69a20120-e71e-4c92-929d-5fe6493645fc__B160043378.jpg"></icon><desc>Experts analyseren en verklaren een aantal mysterieuze natuurverschijnselen. Elk mysterie begint met fascinerende beelden die met een camera zijn vastgelegd.</desc><category>Documentaire, Oude culturen</category></programme><programme channel="lgi-be-prod-master:animalplanethd" start="20211227041500 +0000" stop="20211227050000 +0000" catchup-id="crid:~~2F~~2Ftelenet.be~~2F0b2e8c8c-3e55-49bf-add0-af4bdf276893,imi:92001696c599565f857caeb49239bc5207f9529f"><title>Londen Zoo</title><date></date><icon src="https://staticqbr-be-prod.tnprod.cdn.dmdsdp.com/image-service/ImagesEPG/EventImages/758__113__758113b2-e9e3-44b1-8309-0446e15f1c60__B107706526.jpg"></icon><desc>Een mangabey-baby is verstoten. Kan het aapje met de hand worden grootgebracht? Ciaran bereidt de gorilla's voor op hun nieuwe verblijf. De tarantula's smullen van sprinkhanen.</desc><category>Documentaire, Reality-tv</category></programme><programme channel="lgi-be-prod-master:animalplanethd" start="20211227050000 +0000" stop="20211227054800 +0000" catchup-id="crid:~~2F~~2Ftelenet.be~~2F299b8d1c-cd45-4c00-a064-6b9558ef5399,imi:6da6c8118a86c21570e96a107c171c423476d16b"><title>Londen Zoo</title><date></date><icon src="https://staticqbr-be-prod.tnprod.cdn.dmdsdp.com/image-service/ImagesEPG/EventImages/758__113__758113b2-e9e3-44b1-8309-0446e15f1c60__B107706526.jpg"></icon><desc>De gorillafamilie verhuist eindelijk naar hun nieuwe regenwoudverblijf, het mangabey-aapje maakt kennis met de troep en op de boerderij worden lammetjes geboren.</desc><category>Documentaire, Reality-tv</category></programme><programme channel="lgi-be-prod-master:animalplanethd" start="20211227054800 +0000" stop="20211227063600 +0000" catchup-id="crid:~~2F~~2Ftelenet.be~~2F78449063-b788-4a39-aff2-0b7dbf323581,imi:984248192689473a9ce1ded67f42f04299f07028"><title>Treehouse Masters</title><date></date><icon src="https://staticqbr-be-prod.tnprod.cdn.dmdsdp.com/image-service/ImagesEPG/EventImages/e91__f34__e91f3418-d9c7-4378-8bdc-82cd5275ce1f__B47826858.jpg"></icon><desc>Pete is in Appalachia in Alabama, waar hij een unieke spionageboomhut bouwt, compleet met pratende gadgets, verborgen doorgangen, geheime ruimtes en nog veel meer!</desc><category>Documentaire, Reality-tv</category></programme><programme channel="lgi-be-prod-master:animalplanethd" start="20211227063600 +0000" stop="20211227072500 +0000" catchup-id="crid:~~2F~~2Ftelenet.be~~2F346bc2d4-2fc8-4f52-bc2a-8149a6557623,imi:371535544e4205668dfd116a2b52f5ca015bcde5"><title>Pit Bulls &amp; Parolees</title><date></date><icon src="https://staticqbr-be-prod.tnprod.cdn.dmdsdp.com/image-service/ImagesEPG/EventImages/30f__7c4__30f7c445-f540-4ad7-a0ef-b8ecf9cf304d__B143745828.jpg"></icon><desc>Tia stuurt Mariah naar Californië om een voormalig lid van de Villalobos-familie te redden. Een puppy brengt met haar eigen gedrag haar kansen op adoptie in gevaar.</desc><category>Documentaire, Reality-tv</category></programme><programme channel="lgi-be-prod-master:animalplanethd" start="20211227072500 +0000" stop="20211227081500 +0000" catchup-id="crid:~~2F~~2Ftelenet.be~~2F2244898b-95a5-49da-8ee5-f9a0ecea69fe,imi:bc4dbd01426ddddfd626fbf0b1e57bcc1213cfb1"><title>Pit Bulls &amp; Parolees</title><date></date><icon src="https://staticqbr-be-prod.tnprod.cdn.dmdsdp.com/image-service/ImagesEPG/EventImages/30f__7c4__30f7c445-f540-4ad7-a0ef-b8ecf9cf304d__B143745828.jpg"></icon><desc>Tia haast zich om een hond te redden die in de volle zon zit vastgebonden. Matt keert terug naar huis om een pitbull te redden die op de lijst staat om een spuitje te krijgen.</desc><category>Documentaire, Reality-tv</category></programme><programme channel="lgi-be-prod-master:animalplanethd" start="20211227081500 +0000" stop="20211227090500 +0000" catchup-id="crid:~~2F~~2Ftelenet.be~~2Ffa53fe1d-c25e-4459-9500-2986250a46de,imi:a2dffa2b81ef789bdc3b6dbfdf8d4f0be6de97f9"><title>My Cat From Hell</title><date></date><icon src="https://staticqbr-be-prod.tnprod.cdn.dmdsdp.com/image-service/ImagesEPG/EventImages/4fc__c05__4fcc05ef-05f8-4839-bfaa-8ddbbac147b4__B179444497.jpg"></icon><desc>Jackson rijdt naar Los Angeles om 50 kittens te redden die daar in asiels zitten. Hij neemt de dieren mee terug naar asiels in Boulder, Colorado, waar hij vroeger heeft gewerkt.</desc><category>Documentaire, Reality-tv</category></programme><programme channel="lgi-be-prod-master:animalplanethd" start="20211227090500 +0000" stop="20211227095500 +0000" catchup-id="crid:~~2F~~2Ftelenet.be~~2Fd8e5c6eb-68f6-400f-a1e3-2c97f0daa3d1,imi:b6efb04989bea770a7e8b80cdd6d2e9211bdb811"><title>My Cat From Hell</title><date></date><icon src="https://staticqbr-be-prod.tnprod.cdn.dmdsdp.com/image-service/ImagesEPG/EventImages/4fc__c05__4fcc05ef-05f8-4839-bfaa-8ddbbac147b4__B179444497.jpg"></icon><desc>Jackson helpt iemand met een kattenfobie en hij gaat terug naar Colorado om te zorgen dat zijn favoriete kitten van het kittenopvangproject bij haar adoptiegezin kan blijven.</desc><category>Documentaire, Reality-tv</category></programme><programme channel="lgi-be-prod-master:animalplanethd" start="20211227095500 +0000" stop="20211227105000 +0000" catchup-id="crid:~~2F~~2Ftelenet.be~~2F99ac4288-8560-4ff1-9a17-0853cf9b295b,imi:0c45939e088801a701fdbe8261a5602ad19ca237"><title>Amanda To The Rescue</title><date></date><icon src="https://staticqbr-be-prod.tnprod.cdn.dmdsdp.com/image-service/ImagesEPG/EventImages/77a__efd__77aefd08-b23f-4421-abf9-df66fa600d88__B144904265.jpg"></icon><desc>Na terugkeer uit Puerto Rico laat Amanda de geredde honden wennen aan het leven in Vancouver, Washington. Maar eerst gaan de dieren naar de dierenarts voor een medische controle.</desc><category>Documentaire, Oude culturen</category></programme><programme channel="lgi-be-prod-master:animalplanethd" start="20211227105000 +0000" stop="20211227114500 +0000" catchup-id="crid:~~2F~~2Ftelenet.be~~2F8561c428-a9d2-4194-8e78-48d07c1502d0,imi:2fb9cbdac506b102ad7c09968ae78c87ea2daf47"><title>Amanda To The Rescue</title><date></date><icon src="https://staticqbr-be-prod.tnprod.cdn.dmdsdp.com/image-service/ImagesEPG/EventImages/77a__efd__77aefd08-b23f-4421-abf9-df66fa600d88__B144904265.jpg"></icon><desc>Amanda gaat undercover op pad voor de adoptie van drie puppy's uit puppyfabrieken, waaronder een schattige chihuahua die het hart steelt van een van haar medewerkers.</desc><category>Documentaire, Oude culturen</category></programme><programme channel="lgi-be-prod-master:animalplanethd" start="20211227114500 +0000" stop="20211227124000 +0000" catchup-id="crid:~~2F~~2Ftelenet.be~~2Fef1b11e9-14ad-4cf7-97a2-f828771f4b0c,imi:4622075f58e2ab18108f46d4b0423ce5cf330673"><title>The Bronx Zoo</title><date></date><icon src="https://staticqbr-be-prod.tnprod.cdn.dmdsdp.com/image-service/ImagesEPG/EventImages/ea3__759__ea37594e-9c4c-447f-9f58-fb156bb2dbd3__B107189495.jpg"></icon><desc>Volg de dagelijkse gang van zaken bij de Bronx Zoo en kijk mee hoe de medewerkers de dieren verzorgen en het publiek informeren over soortenbescherming en biodiversiteit.</desc><category>Documentaire, Reality-tv</category></programme>