<programme channel="lgi-be-prod-master:ln24" start="20211226230000 +0000" stop="20211227000000 +0000" catchup-id="crid:~~2F~~2Ftelenet.be~~2F9a78ef07-bcc8-4a94-91b6-84d23dea986d-fre,imi:9ef08576e501e01ffc87af5377a41adba45866b8"><title>Best of C'est Direct</title><date></date><icon src="https://staticqbr-be-prod.tnprod.cdn.dmdsdp.com/image-service/ImagesEPG/EventImages/f14__de0__f14de018-9dd6-491e-8f14-8ef0f728ccbd__B78363348.jpg"></icon><desc></desc><category>Overig</category></programme><programme channel="lgi-be-prod-master:ln24" start="20211227000000 +0000" stop="20211227020000 +0000" catchup-id="crid:~~2F~~2Ftelenet.be~~2F82d4000a-7196-4b71-8849-7fd17cb7b7ee-fre,imi:73d85e03015938f42e189cbae9c30846403da69f"><title>Best of des Visiteurs du soir</title><date></date><icon src="https://staticqbr-be-prod.tnprod.cdn.dmdsdp.com/image-service/ImagesEPG/EventImages/f14__de0__f14de018-9dd6-491e-8f14-8ef0f728ccbd__B78363348.jpg"></icon><desc></desc><category>Overig</category></programme><programme channel="lgi-be-prod-master:ln24" start="20211227020000 +0000" stop="20211227030000 +0000" catchup-id="crid:~~2F~~2Ftelenet.be~~2F3866a237-52cd-43c4-bda2-0f04940a2eef-fre,imi:2688033a91a343c42e3f37b364bd02beb21103d4"><title>Best of C'est Direct</title><date></date><icon src="https://staticqbr-be-prod.tnprod.cdn.dmdsdp.com/image-service/ImagesEPG/EventImages/f14__de0__f14de018-9dd6-491e-8f14-8ef0f728ccbd__B78363348.jpg"></icon><desc></desc><category>Overig</category></programme><programme channel="lgi-be-prod-master:ln24" start="20211227030000 +0000" stop="20211227053000 +0000" catchup-id="crid:~~2F~~2Ftelenet.be~~2F60efc1d2-45c1-47b6-afa2-165f5542fba1-fre,imi:9e6e6ee588b9bf5ec25957115617d4d21001a6fc"><title>Best of des Visiteurs du soir</title><date></date><icon src="https://staticqbr-be-prod.tnprod.cdn.dmdsdp.com/image-service/ImagesEPG/EventImages/f14__de0__f14de018-9dd6-491e-8f14-8ef0f728ccbd__B78363348.jpg"></icon><desc></desc><category>Overig</category></programme><programme channel="lgi-be-prod-master:ln24" start="20211227053000 +0000" stop="20211227070000 +0000" catchup-id="crid:~~2F~~2Ftelenet.be~~2Fe6919c00-78f4-488c-8916-989009346d2a-fre,imi:64b4fa8427bf85b51332ef9ce6a29ed52ed48a67"><title>L'actu en continu</title><date></date><icon src="https://staticqbr-be-prod.tnprod.cdn.dmdsdp.com/image-service/ImagesEPG/EventImages/f14__de0__f14de018-9dd6-491e-8f14-8ef0f728ccbd__B78363348.jpg"></icon><desc></desc><category>Overig</category></programme><programme channel="lgi-be-prod-master:ln24" start="20211227070000 +0000" stop="20211227071000 +0000" catchup-id="crid:~~2F~~2Ftelenet.be~~2F5729bd6e-7be1-4a62-8fdf-3b791048670b-fre,imi:93bf2785836fce4eb1eac6b65aa6503c439d65e2"><title>Le journal de 8 heures</title><date></date><icon src="https://staticqbr-be-prod.tnprod.cdn.dmdsdp.com/image-service/ImagesEPG/EventImages/55f__2a7__55f2a75f-a8a3-401b-ac88-84fe0272acfc__B106260667.jpg"></icon><desc>Nieuwsuitzending.</desc><category>Nieuws, Weer</category></programme><programme channel="lgi-be-prod-master:ln24" start="20211227071000 +0000" stop="20211227090000 +0000" catchup-id="crid:~~2F~~2Ftelenet.be~~2F4e31621d-696e-4ffb-96e4-9ac0a2601f97-fre,imi:0c60c6877add48c834e6c1775d4447af09ab27f9"><title>L'actu en continu</title><date></date><icon src="https://staticqbr-be-prod.tnprod.cdn.dmdsdp.com/image-service/ImagesEPG/EventImages/f14__de0__f14de018-9dd6-491e-8f14-8ef0f728ccbd__B78363348.jpg"></icon><desc></desc><category>Overig</category></programme><programme channel="lgi-be-prod-master:ln24" start="20211227090000 +0000" stop="20211227091000 +0000" catchup-id="crid:~~2F~~2Ftelenet.be~~2Fdf7f29ea-7be0-4b98-a873-9847d8eb6bf3-fre,imi:a2ca16e3b39fedcbfbda2d511cf335d96842f3e2"><title>Le journal de 10 heures</title><date></date><icon src="https://staticqbr-be-prod.tnprod.cdn.dmdsdp.com/image-service/ImagesEPG/EventImages/f14__de0__f14de018-9dd6-491e-8f14-8ef0f728ccbd__B78363348.jpg"></icon><desc></desc><category>Overig</category></programme><programme channel="lgi-be-prod-master:ln24" start="20211227091000 +0000" stop="20211227110000 +0000" catchup-id="crid:~~2F~~2Ftelenet.be~~2Fff3a56d9-8fe4-41fc-ada1-94928cb2cc4f-fre,imi:5cd759925b8f786cc22ea4c848235454da50c5d7"><title>L'actu en continu</title><date></date><icon src="https://staticqbr-be-prod.tnprod.cdn.dmdsdp.com/image-service/ImagesEPG/EventImages/f14__de0__f14de018-9dd6-491e-8f14-8ef0f728ccbd__B78363348.jpg"></icon><desc></desc><category>Overig</category></programme><programme channel="lgi-be-prod-master:ln24" start="20211227110000 +0000" stop="20211227113000 +0000" catchup-id="crid:~~2F~~2Ftelenet.be~~2Fb3ac0539-4582-47ed-a807-15b25af56729-fre,imi:b94036f5879209db49735adae0c19e688d17a1f0"><title>Le Journal de midi</title><date></date><icon src="https://staticqbr-be-prod.tnprod.cdn.dmdsdp.com/image-service/ImagesEPG/EventImages/f14__de0__f14de018-9dd6-491e-8f14-8ef0f728ccbd__B78363348.jpg"></icon><desc></desc><category>Overig</category></programme><programme channel="lgi-be-prod-master:ln24" start="20211227113000 +0000" stop="20211227120000 +0000" catchup-id="crid:~~2F~~2Ftelenet.be~~2F2d18941b-4b8f-4306-b5b0-9e9ebd9ea8ca-fre,imi:659e0e7b0d1d645617abd5f0cf4f8105df8fb7df"><title>L'actu en continu</title><date></date><icon src="https://staticqbr-be-prod.tnprod.cdn.dmdsdp.com/image-service/ImagesEPG/EventImages/f14__de0__f14de018-9dd6-491e-8f14-8ef0f728ccbd__B78363348.jpg"></icon><desc></desc><category>Overig</category></programme>