<programme channel="lgi-be-prod-master:lci" start="20211226230000 +0000" stop="20211227050000 +0000" catchup-id="crid:~~2F~~2Ftelenet.be~~2Fe52da9b4-87f3-4d7e-ba2e-5dfcdaca3f19-fre,imi:526977533bd2306edcf8bd53766f0ebb9f9edf8a"><title>Nachtprogramma's</title><date></date><icon src="https://staticqbr-be-prod.tnprod.cdn.dmdsdp.com/image-service/ImagesEPG/EventImages/277__c09__277c0973-34e1-4644-ad64-eac7b336188a__B169762966.jpg"></icon><desc>restprogramma in loop</desc><category>Actualiteit</category></programme><programme channel="lgi-be-prod-master:lci" start="20211227050000 +0000" stop="20211227073000 +0000" catchup-id="crid:~~2F~~2Ftelenet.be~~2F6f746844-af62-4eea-b2b1-fa4071a8cfa2-fre,imi:eca12293412d940019c3c8a4a2e10cf6f331ac24"><title>Les matins de LCI</title><date></date><icon src="https://staticqbr-be-prod.tnprod.cdn.dmdsdp.com/image-service/ImagesEPG/EventImages/215__e00__215e00d1-e35d-49ff-a2c6-bb77a2917299__W106255293.jpg"></icon><desc>La matinale de LCI placée sous le signe de l'info et de la bonne humeur. Les journalistes Hélène Mannarino et Stefan Etcheverry vous retrouvent chaque matin de 6h00 à 9h00 du lundi au vendredi.</desc><category>Nieuws, Actualiteitenprogramma's</category></programme><programme channel="lgi-be-prod-master:lci" start="20211227073000 +0000" stop="20211227080000 +0000" catchup-id="crid:~~2F~~2Ftelenet.be~~2F6ef2dc17-7930-4c71-a057-c728b4cff04a-fre,imi:bd66ac980a40db33ab0beaaadae8b72b9fddc9aa"><title>L'interview politique</title><date></date><icon src="https://staticqbr-be-prod.tnprod.cdn.dmdsdp.com/image-service/ImagesEPG/EventImages/f14__de0__f14de018-9dd6-491e-8f14-8ef0f728ccbd__B78363348.jpg"></icon><desc>Chaque matin de la semaine, un entretien avec un invité qui fait l'actualité politique.</desc><category>Overig</category></programme><programme channel="lgi-be-prod-master:lci" start="20211227080000 +0000" stop="20211227110000 +0000" catchup-id="crid:~~2F~~2Ftelenet.be~~2F7de2dd5c-4c53-4bfd-95f2-29b3426cce6a-fre,imi:793c7c2f3b9b76307738c0269c2dd33d838759d1"><title>Unter Verdacht - Hase und Igel</title><date></date><icon src="https://staticqbr-be-prod.tnprod.cdn.dmdsdp.com/image-service/ImagesEPG/EventImages/49d__32f__49d32f5f-80d5-4364-ab11-d75bcee8773f__B106261375.jpg"></icon><desc>Claus Reiter traut seinen Augen nicht, als er sein Büro betritt und ein ehemaliger Kollege an seinem Schreibtisch sitzt: Thomas Sell war Hauptkommissar des Dezernats für Wirtschaftskriminalität und Reiters Hauptkonkurrent um die freie Stelle als Kommissariatsleiter. Doch vor 13 Jahren wurde Sell wegen Mordes verhaftet und der ermittelnde Beamte war Claus Reiter. Nun behauptet der frisch aus dem Gefängnis entlassene Sell, dass Reiter damals in dem Verfahren gegen ihn Fakten vertuscht habe, um ihn so aus dem Rennen um die Beförderung zu werfen.</desc><category>Dramaseries, Actie</category></programme><programme channel="lgi-be-prod-master:lci" start="20211227110000 +0000" stop="20211227140000 +0000" catchup-id="crid:~~2F~~2Ftelenet.be~~2F36668ec4-870e-429a-92bf-9f0f9a57d7aa-fre,imi:faa8ee3521da2a35e47ac26a5d89643f24b9bdb9"><title>LCI midi</title><date></date><icon src="https://staticqbr-be-prod.tnprod.cdn.dmdsdp.com/image-service/ImagesEPG/EventImages/215__e00__215e00d1-e35d-49ff-a2c6-bb77a2917299__W106255293.jpg"></icon><desc>Deux heures d'info et de débats pour tout savoir à la mi-journée.</desc><category>Nieuws, Actualiteitenprogramma's</category></programme>