<programme channel="lgi-be-prod-master:mediasetint" start="20211226232800 +0000" stop="20211227004300 +0000" catchup-id="crid:~~2F~~2Ftelenet.be~~2F6e051917-154b-4105-87a7-87e2787288a1-ita,imi:96a348be6e2a9c3ff5992db04d580e88c66c7286"><title>Intervista (l') '21</title><date></date><icon src="https://staticqbr-be-prod.tnprod.cdn.dmdsdp.com/image-service/ImagesEPG/EventImages/f14__de0__f14de018-9dd6-491e-8f14-8ef0f728ccbd__B78363348.jpg"></icon><desc>Show.</desc><category>Vrije tijd, Showbiz</category></programme><programme channel="lgi-be-prod-master:mediasetint" start="20211227004300 +0000" stop="20211227013400 +0000" catchup-id="crid:~~2F~~2Ftelenet.be~~2F48890568-8847-45f0-9103-f55f3ff98db5-ita,imi:7364d270f2e294178fa76d7d2714bcc7cc11cd59"><title>Caduta libera</title><date></date><icon src="https://staticqbr-be-prod.tnprod.cdn.dmdsdp.com/image-service/ImagesEPG/EventImages/9a4__bbf__9a4bbf1f-a1de-42e6-9ab1-e21c8aefb859__B106321856.jpg"></icon><desc>Quiz.</desc><category>Spelshow</category></programme><programme channel="lgi-be-prod-master:mediasetint" start="20211227013400 +0000" stop="20211227015800 +0000" catchup-id="crid:~~2F~~2Ftelenet.be~~2F613be2f5-584f-4434-a4a1-bb7b737b3790-ita,imi:745187f120afc97a4604f85a3bcabbc8635d94d9"><title>Ti regalo una storia '17</title><date></date><icon src="https://staticqbr-be-prod.tnprod.cdn.dmdsdp.com/image-service/ImagesEPG/EventImages/f14__de0__f14de018-9dd6-491e-8f14-8ef0f728ccbd__B78363348.jpg"></icon><desc></desc><category>Overig</category></programme><programme channel="lgi-be-prod-master:mediasetint" start="20211227015800 +0000" stop="20211227022300 +0000" catchup-id="crid:~~2F~~2Ftelenet.be~~2Ff2182d57-1842-4ca1-9a07-ea0f000cbda9-ita,imi:0499aceb2020fe139a4ef041a651ed87a67edb58"><title>Ti regalo una storia '17</title><date></date><icon src="https://staticqbr-be-prod.tnprod.cdn.dmdsdp.com/image-service/ImagesEPG/EventImages/f14__de0__f14de018-9dd6-491e-8f14-8ef0f728ccbd__B78363348.jpg"></icon><desc></desc><category>Overig</category></programme><programme channel="lgi-be-prod-master:mediasetint" start="20211227022300 +0000" stop="20211227024300 +0000" catchup-id="crid:~~2F~~2Ftelenet.be~~2Fbfbb2021-4d28-417b-b212-5c600d851616-ita,imi:cc23d829e92e3d042225d3c0e7096de0467d9f63"><title>Alfabeto di maurizio costanzo '21</title><date></date><icon src="https://staticqbr-be-prod.tnprod.cdn.dmdsdp.com/image-service/ImagesEPG/EventImages/f14__de0__f14de018-9dd6-491e-8f14-8ef0f728ccbd__B78363348.jpg"></icon><desc>Show.</desc><category>Vrije tijd, Showbiz</category></programme><programme channel="lgi-be-prod-master:mediasetint" start="20211227024300 +0000" stop="20211227025300 +0000" catchup-id="crid:~~2F~~2Ftelenet.be~~2F20d5643e-d7c2-427b-8000-3ad1406e6f5b-ita,imi:2c6096bdf39f603ffc14a0dd8d709ff9b82f0559"><title>Gym me 5' '21</title><date></date><icon src="https://staticqbr-be-prod.tnprod.cdn.dmdsdp.com/image-service/ImagesEPG/EventImages/371__569__371569c6-b6e0-4a8a-8e05-6c20a8ddd88e__B105932966.jpg"></icon><desc>Realityreeks.</desc><category>Documentaire, Reality-tv</category></programme><programme channel="lgi-be-prod-master:mediasetint" start="20211227025300 +0000" stop="20211227050100 +0000" catchup-id="crid:~~2F~~2Ftelenet.be~~2F3d31fed3-9c2f-415b-b0a5-27b43ac31c8c-ita,imi:0be734aace07858f4a9ebe780886fd277c807f91"><title>Zelig christmas '02</title><date></date><icon src="https://staticqbr-be-prod.tnprod.cdn.dmdsdp.com/image-service/ImagesEPG/EventImages/835__072__83507257-fcab-45d6-9f5e-020a9068a43d__B105936401.jpg"></icon><desc>Komische serie.</desc><category>Sitcoms</category></programme><programme channel="lgi-be-prod-master:mediasetint" start="20211227050100 +0000" stop="20211227052500 +0000" catchup-id="crid:~~2F~~2Ftelenet.be~~2Fc172ed05-32f0-425a-99e4-98e988beb006-ita,imi:5179dba7e98b473229f81ab27903876c56ae155b"><title>Centovetrine xi</title><date></date><icon src="https://staticqbr-be-prod.tnprod.cdn.dmdsdp.com/image-service/ImagesEPG/EventImages/dad__0c4__dad0c49e-d823-474b-9164-9f8a08ca2af8__B105934467.jpg"></icon><desc>Soap.</desc><category>Soap</category></programme><programme channel="lgi-be-prod-master:mediasetint" start="20211227052500 +0000" stop="20211227055000 +0000" catchup-id="crid:~~2F~~2Ftelenet.be~~2Faec2e1d8-b1e7-4e2a-9c0a-438824192cff-ita,imi:57453d24f823c9b60da41380d4fa357c11e82ee4"><title>Fatti e misfatti '21 - (tgcom24)</title><date></date><icon src="https://staticqbr-be-prod.tnprod.cdn.dmdsdp.com/image-service/ImagesEPG/EventImages/f14__de0__f14de018-9dd6-491e-8f14-8ef0f728ccbd__B78363348.jpg"></icon><desc>Nieuwsuitzending.</desc><category>Actualiteit</category></programme><programme channel="lgi-be-prod-master:mediasetint" start="20211227055000 +0000" stop="20211227073000 +0000" catchup-id="crid:~~2F~~2Ftelenet.be~~2F9dbe82c1-6005-4cf5-94d3-17e2e2b8ecf4-ita,imi:c8cf2331e844716cb55cb7d72e84ffa6428581f8"><title>Mattino 5 news</title><date></date><icon src="https://staticqbr-be-prod.tnprod.cdn.dmdsdp.com/image-service/ImagesEPG/EventImages/2e4__9d6__2e49d6fe-e1c9-402d-a40e-dc30522b1722__B105940125.jpg"></icon><desc>Actualiteitenmagazine.</desc><category>Nieuws, Actualiteitenprogramma's</category></programme><programme channel="lgi-be-prod-master:mediasetint" start="20211227073000 +0000" stop="20211227075500 +0000" catchup-id="crid:~~2F~~2Ftelenet.be~~2F2b10deab-10fe-4610-a362-af09dea50a85-ita,imi:760d0f56ed59588f5b3f7801298b626ed011c459"><title>Finalmente soli ii</title><date></date><icon src=""></icon><desc>Sitcom.</desc><category>Sitcoms</category></programme><programme channel="lgi-be-prod-master:mediasetint" start="20211227075500 +0000" stop="20211227092000 +0000" catchup-id="crid:~~2F~~2Ftelenet.be~~2F0f1fef3c-9c5f-4dff-a585-50a7436ee52c-ita,imi:6286d66db86f2c6d9991e6b519a1219cdd6886c5"><title>Forum</title><date></date><icon src="https://staticqbr-be-prod.tnprod.cdn.dmdsdp.com/image-service/ImagesEPG/EventImages/59a__5c9__59a5c960-dc99-4ea0-90c5-d9a498c06376__B105940124.jpg"></icon><desc>Informatief programma.</desc><category>Actualiteit</category></programme><programme channel="lgi-be-prod-master:mediasetint" start="20211227092000 +0000" stop="20211227102500 +0000" catchup-id="crid:~~2F~~2Ftelenet.be~~2Fa3f23b17-ae28-4e9a-9003-bb897d760f4d-ita,imi:d1c6b557fb2ca74f9e0bb982eb329ba877e643ae"><title>Lo sportello di forum '21-'22 il meglio di</title><date></date><icon src="https://staticqbr-be-prod.tnprod.cdn.dmdsdp.com/image-service/ImagesEPG/EventImages/59a__5c9__59a5c960-dc99-4ea0-90c5-d9a498c06376__B105940124.jpg"></icon><desc>Informatief programma.</desc><category>Actualiteit</category></programme><programme channel="lgi-be-prod-master:mediasetint" start="20211227102500 +0000" stop="20211227111300 +0000" catchup-id="crid:~~2F~~2Ftelenet.be~~2F809c71a9-83e0-481a-80cb-f1c4da63978e-ita,imi:d97f27cd08353ff684d4f5ec7c29002825c66c31"><title>Grande fratello vip aut. '21 (live) - mediaset italia</title><date></date><icon src="https://staticqbr-be-prod.tnprod.cdn.dmdsdp.com/image-service/ImagesEPG/EventImages/371__569__371569c6-b6e0-4a8a-8e05-6c20a8ddd88e__B105932966.jpg"></icon><desc>Realityreeks.</desc><category>Documentaire, Reality-tv</category></programme><programme channel="lgi-be-prod-master:mediasetint" start="20211227111300 +0000" stop="20211227113700 +0000" catchup-id="crid:~~2F~~2Ftelenet.be~~2Fed42ef90-c802-4110-8b8f-49bfa1badb4c-ita,imi:5ef619599f05dda5fcfc7378cf3b1d04bffaf305"><title>Ti regalo una storia '17</title><date></date><icon src="https://staticqbr-be-prod.tnprod.cdn.dmdsdp.com/image-service/ImagesEPG/EventImages/f14__de0__f14de018-9dd6-491e-8f14-8ef0f728ccbd__B78363348.jpg"></icon><desc></desc><category>Overig</category></programme><programme channel="lgi-be-prod-master:mediasetint" start="20211227113700 +0000" stop="20211227120200 +0000" catchup-id="crid:~~2F~~2Ftelenet.be~~2F8dbd0354-9585-49a4-9034-699fa9d52c6f-ita,imi:1ce71dca75460b9e66f139058a8eb9de24e3b382"><title>Ti regalo una storia '17</title><date></date><icon src="https://staticqbr-be-prod.tnprod.cdn.dmdsdp.com/image-service/ImagesEPG/EventImages/f14__de0__f14de018-9dd6-491e-8f14-8ef0f728ccbd__B78363348.jpg"></icon><desc></desc><category>Overig</category></programme>