<programme channel="lgi-be-prod-master:natgeohd" start="20211226233000 +0000" stop="20211227002000 +0000" catchup-id="crid:~~2F~~2Ftelenet.be~~2F0d7994a5-23f0-4e05-91f2-e2b81e487012,imi:3d075eb5df6dc9d4721e9ac790453f4ac4333095"><title>Nazi Megastructures (Compilations)</title><date></date><icon src="https://staticqbr-be-prod.tnprod.cdn.dmdsdp.com/image-service/ImagesEPG/EventImages/409__5c2__4095c243-db12-4cd4-b501-bd9db32cea79__B140034656.jpg"></icon><desc>In mei 1940 komen de nazi's aan bij Het Kanaal bij Engeland. Hitlers plan is om de Britse luchtmacht en het Britse leger in het zuiden van Engeland uit te schakelen.</desc><category>Documentaire, Geschiedenis</category></programme><programme channel="lgi-be-prod-master:natgeohd" start="20211227002000 +0000" stop="20211227011000 +0000" catchup-id="crid:~~2F~~2Ftelenet.be~~2F614a69b4-84f5-4032-b2a8-6337f7f004ad,imi:1f9d3111b1ef3f4d1adea29f90a530772292ddac"><title>Nazi Megastructures (Compilations)</title><date></date><icon src="https://staticqbr-be-prod.tnprod.cdn.dmdsdp.com/image-service/ImagesEPG/EventImages/409__5c2__4095c243-db12-4cd4-b501-bd9db32cea79__B140034656.jpg"></icon><desc>Operatie Mincemeat zorgde voor een gewaagde verrassingsaanval op de nazi's op Sicilië. De Duitse troepen probeerden over het ruige terrein te ontsnappen en het veilige vasteland te bereiken.</desc><category>Documentaire, Geschiedenis</category></programme><programme channel="lgi-be-prod-master:natgeohd" start="20211227011000 +0000" stop="20211227015500 +0000" catchup-id="crid:~~2F~~2Ftelenet.be~~2F155263e6-24fb-45c9-b484-de1374ad61be,imi:24c92f2530d849c7992bcac63dc1b1d097538569"><title>Drugs Inc.: Cartel Games</title><date></date><icon src="https://staticqbr-be-prod.tnprod.cdn.dmdsdp.com/image-service/ImagesEPG/EventImages/eba__4d7__eba4d7a1-e14c-407a-bbc0-c708bfb576be__B141405723.jpg"></icon><desc>In Kensington, Philadelphia, wordt op grote schaal heroïne, crack en cocaïne verhandeld. In sommige buurten kun je niet veilig over straat lopen.</desc><category>Documentaire, Oude culturen</category></programme><programme channel="lgi-be-prod-master:natgeohd" start="20211227015500 +0000" stop="20211227024000 +0000" catchup-id="crid:~~2F~~2Ftelenet.be~~2F3a0bac9d-79fb-4f9a-aefa-8fdf78babfaa,imi:626222267cb8d07a437862970f78186e4f1ad2ac"><title>Drugs Inc.: Cartel Games</title><date></date><icon src="https://staticqbr-be-prod.tnprod.cdn.dmdsdp.com/image-service/ImagesEPG/EventImages/eba__4d7__eba4d7a1-e14c-407a-bbc0-c708bfb576be__B141405723.jpg"></icon><desc>Deze speciale aflevering onderzoekt de donkere kant van de drugshandel, waar de verdovende middelen levens vernielen en beëindigen.</desc><category>Documentaire, Oude culturen</category></programme><programme channel="lgi-be-prod-master:natgeohd" start="20211227024000 +0000" stop="20211227033000 +0000" catchup-id="crid:~~2F~~2Ftelenet.be~~2F93daeea5-badd-41b0-a7d4-e4f65ae66389,imi:fc4f0ad221e644bd45e0c8a34e0f163654e154d8"><title>Air Crash Investigation</title><date></date><icon src="https://staticqbr-be-prod.tnprod.cdn.dmdsdp.com/image-service/ImagesEPG/EventImages/7fa__75c__7fa75c5b-1453-4054-9f79-9dc7f93f98d6__B141404460.jpg"></icon><desc>Om te ontdekken hoe de luchtvaart na elke ramp toch veiliger wordt, onderzoekt Air Crash Investigation legendarische vliegrampen.</desc><category>Documentaire, Oude culturen</category></programme><programme channel="lgi-be-prod-master:natgeohd" start="20211227033000 +0000" stop="20211227041500 +0000" catchup-id="crid:~~2F~~2Ftelenet.be~~2F3cbe33fc-99a4-4e4f-aaec-90012c310240,imi:d99df6b859cb5bfca10d3baf8d5a8899d9328877"><title>Air Crash Investigation</title><date></date><icon src="https://staticqbr-be-prod.tnprod.cdn.dmdsdp.com/image-service/ImagesEPG/EventImages/7fa__75c__7fa75c5b-1453-4054-9f79-9dc7f93f98d6__B141404460.jpg"></icon><desc>Manx2 vlucht 7100 krijgt toestemming om te landen op Cork Airport in Ierland. Het toestel maakt een rol en crasht op de landingsbaan.</desc><category>Documentaire, Oude culturen</category></programme><programme channel="lgi-be-prod-master:natgeohd" start="20211227041500 +0000" stop="20211227043500 +0000" catchup-id="crid:~~2F~~2Ftelenet.be~~2F3dcfe429-b51b-4b26-8ef8-844d14aa6814,imi:af2e11fb1c68822fe23e6d21c33461924793acb0"><title>Science of Stupid</title><date></date><icon src="https://staticqbr-be-prod.tnprod.cdn.dmdsdp.com/image-service/ImagesEPG/EventImages/bc9__9f1__bc99f14b-b41f-484b-9d03-0e51b6107c1d__B141402842.jpg"></icon><desc>Amerikaanse documentairereeks (2020) over avonturen die uitdraaien op tegenslagen door toedoen van de wetenschap</desc><category>Wetenschap</category></programme><programme channel="lgi-be-prod-master:natgeohd" start="20211227043500 +0000" stop="20211227050000 +0000" catchup-id="crid:~~2F~~2Ftelenet.be~~2Fb4c553c7-4a88-40ff-a53d-57c5d7590563,imi:208bda647f5f9f1b3cd23ddd5f89b701b751711f"><title>Science of Stupid</title><date></date><icon src="https://staticqbr-be-prod.tnprod.cdn.dmdsdp.com/image-service/ImagesEPG/EventImages/bc9__9f1__bc99f14b-b41f-484b-9d03-0e51b6107c1d__B141402842.jpg"></icon><desc>Amerikaanse documentairereeks (2018) waarin avonturen uitdraaien op tegenslagen door toedoen van de wetenschap</desc><category>Wetenschap</category></programme><programme channel="lgi-be-prod-master:natgeohd" start="20211227050000 +0000" stop="20211227054500 +0000" catchup-id="crid:~~2F~~2Ftelenet.be~~2F67d3a47e-8ba8-4a30-8dd6-c7ca35ed59b1,imi:3bf198902014accf061fdab1151e89d1a7ed5fe8"><title>Doomsday Preppers</title><date></date><icon src="https://staticqbr-be-prod.tnprod.cdn.dmdsdp.com/image-service/ImagesEPG/EventImages/997__4a9__9974a9b5-f135-4ba9-9c82-58a600be62b0__B209499240.jpg"></icon><desc>Brad en Krystal bouwen een ondergrondse bunker in Oklahoma, maar zijn bang dat hij niet op tijd af is. Kevin vreest dat Amerika onbewoonbaar wordt en verkast met zijn gezin naar Costa Rica.</desc><category>Documentaire, Reality-tv</category></programme><programme channel="lgi-be-prod-master:natgeohd" start="20211227054500 +0000" stop="20211227063000 +0000" catchup-id="crid:~~2F~~2Ftelenet.be~~2F40f66222-9715-40bd-af89-bb3363ee5c35,imi:2bae5700a9774cdc4eba905c7c32fc32f1af3949"><title>Car S.O.S</title><date></date><icon src="https://staticqbr-be-prod.tnprod.cdn.dmdsdp.com/image-service/ImagesEPG/EventImages/b75__cff__b75cff31-072b-4cd8-9013-26913df5d681__B141429254.jpg"></icon><desc>Tim en Fuzz reizen naar Lincolnshire waar de belichaming van een luxetijdperk op hen wacht: een Rolls Royce Doctor's Coupe uit 1929.</desc><category>Documentaire, Reality-tv</category></programme><programme channel="lgi-be-prod-master:natgeohd" start="20211227063000 +0000" stop="20211227071500 +0000" catchup-id="crid:~~2F~~2Ftelenet.be~~2F633fe056-c327-435c-9ef4-669b53658063,imi:56b7fdfc95a53df8a0dd95a0aaa36094341ba244"><title>Car S.O.S</title><date></date><icon src="https://staticqbr-be-prod.tnprod.cdn.dmdsdp.com/image-service/ImagesEPG/EventImages/b75__cff__b75cff31-072b-4cd8-9013-26913df5d681__B141429254.jpg"></icon><desc>Tim en Fuzz gaan naar Northumberland om een verborgen schat te redden, een Morgan driewieler uit 1934 die 50 jaar in een schuur heeft gestaan.</desc><category>Documentaire, Reality-tv</category></programme><programme channel="lgi-be-prod-master:natgeohd" start="20211227071500 +0000" stop="20211227080000 +0000" catchup-id="crid:~~2F~~2Ftelenet.be~~2F4ab4f32c-7a26-4d81-b7b5-8bad705a7d67,imi:a7f0abb3c9a5f650b6a4be554355c74483bf9238"><title>Drain the Oceans</title><date></date><icon src="https://staticqbr-be-prod.tnprod.cdn.dmdsdp.com/image-service/ImagesEPG/EventImages/f35__ec9__f35ec983-be81-4ac5-93a0-4c139143a860__B129362501.jpg"></icon><desc>Lake Michigan onthult Chicago's geschiedenis aan de hand van sonartechnologie. 300 mensen komen om bij een ramp, er wordt een mysterie opgelost en een technisch wonder voorkomt dat de stad stikt.</desc><category>Documentaire, Oude culturen</category></programme><programme channel="lgi-be-prod-master:natgeohd" start="20211227080000 +0000" stop="20211227085500 +0000" catchup-id="crid:~~2F~~2Ftelenet.be~~2F021a2bd5-cca9-4052-9e87-d8875937c422,imi:af23ef3f80096bce8ecea2d0540bbe6978caa555"><title>Drain the Oceans</title><date></date><icon src="https://staticqbr-be-prod.tnprod.cdn.dmdsdp.com/image-service/ImagesEPG/EventImages/f35__ec9__f35ec983-be81-4ac5-93a0-4c139143a860__B129362501.jpg"></icon><desc>Een onderwaterscan onthult een scheepswrak uit WO II. Het wrak van een van Hitlers onderzeeërs getuigt van de akelige nazi-erfenis. Japanse kamikazepiloten vallen de Amerikaanse marine aan.</desc><category>Documentaire, Oude culturen</category></programme><programme channel="lgi-be-prod-master:natgeohd" start="20211227085500 +0000" stop="20211227100000 +0000" catchup-id="crid:~~2F~~2Ftelenet.be~~2Ff1eb89e4-b432-473f-afd3-ef4d870613d8,imi:5c8ba263c17e46f154e9d7ebe36e57ef05852dff"><title>Great Inventions</title><date></date><icon src="https://staticqbr-be-prod.tnprod.cdn.dmdsdp.com/image-service/ImagesEPG/EventImages/8b8__777__8b877715-a389-4d33-bd6e-bced5f73188b__B179449872.jpg"></icon><desc>Wat heeft de goudkoorts in Californië te maken met studs op spijkerbroeken? Waar komt de naam 'jeans' vandaan, en welke rol speelt een Duitse chemische fabriek in de jeansmode?</desc><category>Documentaire, Geschiedenis</category></programme><programme channel="lgi-be-prod-master:natgeohd" start="20211227100000 +0000" stop="20211227110500 +0000" catchup-id="crid:~~2F~~2Ftelenet.be~~2Fe2ad1523-5154-4b0e-b9b0-0854b21966bf,imi:39723e038215540d796368d27783f377e1f57362"><title>Great Inventions</title><date></date><icon src="https://staticqbr-be-prod.tnprod.cdn.dmdsdp.com/image-service/ImagesEPG/EventImages/8b8__777__8b877715-a389-4d33-bd6e-bced5f73188b__B179449872.jpg"></icon><desc>Het woord 'koffie' komt van Kaffa, een regio in Ethiopië, waar een herder zijn geiten springerig zag worden van de koffiebes, zo wordt gezegd. 'Great Inventions' onderzoekt alle aspecten van de koffieteelt.</desc><category>Documentaire, Geschiedenis</category></programme><programme channel="lgi-be-prod-master:natgeohd" start="20211227110500 +0000" stop="20211227113000 +0000" catchup-id="crid:~~2F~~2Ftelenet.be~~2Fd8477a97-77ae-4a1f-b369-8283a31f7171,imi:192e2b8cde313f4e99a347a9560da539d202c6d8"><title>Storage Wars: Canada</title><date></date><icon src="https://staticqbr-be-prod.tnprod.cdn.dmdsdp.com/image-service/ImagesEPG/EventImages/080__467__080467f2-cc32-405a-8eff-76e6ee462250__B59879591.jpg"></icon><desc>Een veiling in London, Ontario brengt nieuwe schatten maar ook een oude wrok naar de oppervlakte.</desc><category>Documentaire, Reality-tv</category></programme><programme channel="lgi-be-prod-master:natgeohd" start="20211227113000 +0000" stop="20211227122500 +0000" catchup-id="crid:~~2F~~2Ftelenet.be~~2F0cb02365-acb0-4888-8b35-9472310326f8,imi:1be7c14825223a05862a8186c8ffcc396ee10e62"><title>Atlas of Cursed Places</title><date></date><icon src="https://staticqbr-be-prod.tnprod.cdn.dmdsdp.com/image-service/ImagesEPG/EventImages/061__d70__061d705b-70dc-4c41-900d-ce968f25eb3a__B179960825.jpg"></icon><desc>De Bermudadriehoek. Iedereen kent dit stukje oceaan waar schepen en vliegtuigen zomaar verdwijnen. Of is dat toch niet het geval? Sam duikt in dit eeuwenoude mysterie.</desc><category>Documentaire, Oude culturen</category></programme>