<programme channel="lgi-be-prod-master:caz2" start="20211226233500 +0000" stop="20211227000000 +0000" catchup-id="crid:~~2F~~2Ftelenet.be~~2Fb4cefe45-9474-42fc-959d-d40de25044aa,imi:597da672cc57fbb58daa32a38aa7708a251e4ac0"><title>Dennis</title><date></date><icon src="https://staticqbr-be-prod.tnprod.cdn.dmdsdp.com/image-service/ImagesEPG/EventImages/b02__565__b025654c-cc78-4bcf-861e-e5dcd8456934__B207003384.jpg"></icon><desc>Alarm! De ouders van Michelle en Nadine komen voor een paar dagen naar België en nodigen zichzelf uit voor het diner. Dennis en de zussen weten dat de avond een ramp zal worden en lopen op de toppen van tenen. Fredje is de enige die Mia en Corneel niet kent en hij vindt het wel fijn om zijn aanstaande schoonouders te ontmoeten. Nadine heeft haar zoveelste sollicitatiegesprek. Ze wordt naar een reclamebureau gestuurd, waar er een telefoniste gezocht wordt. Tijdens de babbel toont ze zich van haar meest assertieve kant.</desc><category>Sitcoms</category></programme><programme channel="lgi-be-prod-master:caz2" start="20211227000000 +0000" stop="20211227003000 +0000" catchup-id="crid:~~2F~~2Ftelenet.be~~2F2c420e47-5a89-4058-81f5-f7fc15054a1f,imi:2da7c200fada5f3425754069ac4cea73076e99c0"><title>EHBL</title><date></date><icon src="https://staticqbr-be-prod.tnprod.cdn.dmdsdp.com/image-service/ImagesEPG/EventImages/7b8__628__7b8628df-d90f-4f82-881c-3cb1bfc3fef2__B127002173.jpg"></icon><desc>In 1996 kochten Griet en haar toenmalige man een huis in Gent. Na een moeilijke scheiding probeert Griet het huis nu alleen op te knappen. Momenteel woont ze al meer dan een jaar op een kleine zolderkamer met haar drie tienerzonen, te midden van een bouwwerf. Griets zus Lut vond de situatie niet langer houdbaar en daarom schakelt ze de hulp in van EHBL.</desc><category>Vrije tijd, Ontspanning</category></programme><programme channel="lgi-be-prod-master:caz2" start="20211227003000 +0000" stop="20211227050000 +0000" catchup-id="crid:~~2F~~2Ftelenet.be~~2F55061444-e130-4e49-ac9d-d0e4fe004674,imi:73553df75e9145faf077d313e2c247ed04a3644d"><title>Zenderonderbreking</title><date></date><icon src="https://staticqbr-be-prod.tnprod.cdn.dmdsdp.com/image-service/ImagesEPG/EventImages/768__b53__768b53fe-2ce6-4cfb-a933-b568808a7d42__B200432087.jpg"></icon><desc>Geen uitzending.</desc><category>Overig</category></programme><programme channel="lgi-be-prod-master:caz2" start="20211227050000 +0000" stop="20211227093000 +0000" catchup-id="crid:~~2F~~2Ftelenet.be~~2F6433452d-ed8e-4d16-a8a7-c8f139449e95,imi:47e43b59fd43e06104756baf3ccb70fc3302b6d3"><title>Joe</title><date></date><icon src="https://staticqbr-be-prod.tnprod.cdn.dmdsdp.com/image-service/ImagesEPG/EventImages/020__eb7__020eb7e5-ff74-49a9-9e53-6f89b30b26cb__B148840498.jpg"></icon><desc></desc><category>Muziek</category></programme><programme channel="lgi-be-prod-master:caz2" start="20211227093000 +0000" stop="20211227100000 +0000" catchup-id="crid:~~2F~~2Ftelenet.be~~2F3615ae2c-8e45-4f04-90fd-63f8f0c194fc,imi:07683d9cc8cdddf9605fb499a5fc45fa2d8d7641"><title>Zenderonderbreking</title><date></date><icon src="https://staticqbr-be-prod.tnprod.cdn.dmdsdp.com/image-service/ImagesEPG/EventImages/fd2__b4a__fd2b4a11-68da-4513-89e9-a6f02985dfbc__B201207411.jpg"></icon><desc>Geen uitzending.</desc><category>Overig</category></programme><programme channel="lgi-be-prod-master:caz2" start="20211227100000 +0000" stop="20211227135000 +0000" catchup-id="crid:~~2F~~2Ftelenet.be~~2F6433452d-ed8e-4d16-a8a7-c8f139449e95,imi:f41068ea457e08fce602d7664e9cbc903522190b"><title>Joe</title><date></date><icon src="https://staticqbr-be-prod.tnprod.cdn.dmdsdp.com/image-service/ImagesEPG/EventImages/020__eb7__020eb7e5-ff74-49a9-9e53-6f89b30b26cb__B148840498.jpg"></icon><desc></desc><category>Muziek</category></programme>