<programme channel="lgi-be-prod-master:ladeuxhd" start="20211227004500 +0000" stop="20211227005500 +0000" catchup-id="crid:~~2F~~2Ftelenet.be~~2F8bbddc48-c8c0-461b-b889-fb8e42f95876-fre,imi:2e7d5032e9c7ea4c0586a4b7db30fe65d784b006"><title>Vews</title><date></date><icon src="https://staticqbr-be-prod.tnprod.cdn.dmdsdp.com/image-service/ImagesEPG/EventImages/dfe__3c2__dfe3c2b9-d287-4b77-aa75-a1a60e0f9151__B162954511.jpg"></icon><desc>Vews propose des vidéos d'actualité destinées au web. Elles apportent un regard différent sur l'info avec un ton direct et authentique. L'expérience se prolonge sous la forme d'un JT basé sur les vidéos de la journée, enrichies avec des directs, du décryptage et de la découverte.</desc><category>Actualiteit</category></programme><programme channel="lgi-be-prod-master:ladeuxhd" start="20211227005500 +0000" stop="20211227050000 +0000" catchup-id="crid:~~2F~~2Ftelenet.be~~2Fbec6e277-b9f8-4341-bfbf-fb8189a9c15d-fre,imi:91f63fc6de31cfdb4ec2207b58fe70a31f838257"><title>Stress en cuisine</title><date></date><icon src="https://staticqbr-be-prod.tnprod.cdn.dmdsdp.com/image-service/ImagesEPG/EventImages/f7c__aaa__f7caaa91-ba73-41b4-8330-f3ba538336a0__B179678852.jpg"></icon><desc>Les deux potes Rodolphe et Flavio ont 45 minutes et pas une de plus pour reproduire un taboulé revu par le chef Florian Barbarot. Mais y arriveront-ils ? Entre le désamorçage d'une bombe, des leçons de français, un switch à la dernière minute, des attaques gratuites et des dégustations de piments, rien n'est moins sûr.</desc><category>Culinair</category></programme><programme channel="lgi-be-prod-master:ladeuxhd" start="20211227050000 +0000" stop="20211227070500 +0000" catchup-id="crid:~~2F~~2Ftelenet.be~~2Fd33dd089-d994-4517-9796-5ee50ccbc543-fre,imi:b9bd6b5c4f1af12c82b7c10e85761e13c045848c"><title>Le réveil de tipik</title><date></date><icon src="https://staticqbr-be-prod.tnprod.cdn.dmdsdp.com/image-service/ImagesEPG/EventImages/668__2f8__6682f8ff-81b6-4dd9-ac19-910e3c286f0e__B182087339.jpg"></icon><desc>Ochtendmagazine</desc><category>Vrije tijd, Motorrijden</category></programme><programme channel="lgi-be-prod-master:ladeuxhd" start="20211227070500 +0000" stop="20211227075000 +0000" catchup-id="crid:~~2F~~2Ftelenet.be~~2Fda433da4-4b2c-4b4b-8637-8f055b00893b-fre,imi:1ebbb4985a54686bbe84fc8f90d06c137fd49a2d"><title>Cold Case</title><date></date><icon src="https://staticqbr-be-prod.tnprod.cdn.dmdsdp.com/image-service/ImagesEPG/EventImages/4e2__97a__4e297aa7-2683-458c-9803-58d3439fa4f8__B129143532.jpg"></icon><desc>Will Jeffries rouvre une affaire vieille de dix-sept ans : une jeune fille afro-américaine de bonne famille, Wanda Johnson, avait été retrouvée morte d'une balle dans le ventre sur un terrain vague. La mère de celle-ci, Althea, qui n'a eu de cesse de relancer Jeffries chaque année, vient de découvrir un homme, Brother Olajuwon, qui affirme avoir vu sa fille le soir du meurtre. Celle-ci se trouvait à bord d'une voiture verte sillonnant les rues d'un quartier de dealers...</desc><category>Dramaseries, Actie</category></programme><programme channel="lgi-be-prod-master:ladeuxhd" start="20211227075000 +0000" stop="20211227092000 +0000" catchup-id="crid:~~2F~~2Ftelenet.be~~2Fc1bd975c-ae59-437c-9c4a-52810670cbd0-fre,imi:ca90c864110be9f3eaf34ad880a39ce591b177f1"><title>Gift of the Magi</title><date>2010</date><icon src="https://staticqbr-be-prod.tnprod.cdn.dmdsdp.com/image-service/ImagesEPG/EventImages/c0f__dd3__c0fdd3cc-5b4c-4eb0-997b-7726c7612a4f__B49816500.jpg"></icon><desc>Della en Jim Young zijn pas getrouwd. Ze hebben het financieel niet breed en besluiten daardoor om elkaar dit jaar geen kerstcadeaus te kopen. Geen van beide kan zich echter aan deze belofte houden en allebei bewegen ze hemel en aarde om de liefde van hun leven een bijzonder kerstcadeau te bezorgen.</desc><category>Film, Romantiek</category></programme><programme channel="lgi-be-prod-master:ladeuxhd" start="20211227092000 +0000" stop="20211227101500 +0000" catchup-id="crid:~~2F~~2Ftelenet.be~~2F40bfa0c7-4481-4804-87e7-2416c8251a76-fre,imi:710daecc1b65d0936db462217b2154ccf3251ec0"><title>Sous le soleil</title><date></date><icon src="https://staticqbr-be-prod.tnprod.cdn.dmdsdp.com/image-service/ImagesEPG/EventImages/445__3d1__4453d150-057c-4e73-a7ad-bd3116b9b517__B171864352.jpg"></icon><desc>Elodie et Antoine continue leur relation. Il lui a même trouvé un appartement à St-Tropez qui est assez discret. Elsa est la nouvelle associée d'Antoine dans le cabinet d'avocat. Elle voit bien qu'il met en danger leur travail au sein de la boîte.</desc><category>Dramaseries</category></programme><programme channel="lgi-be-prod-master:ladeuxhd" start="20211227101500 +0000" stop="20211227102500 +0000" catchup-id="crid:~~2F~~2Ftelenet.be~~2F927b060e-d0c5-4ce9-b6ef-f20ddb9a41e1-fre,imi:71ec6dd7a7ff2352b377cf9d87d946662f096fde"><title>Le zapping au mètre</title><date></date><icon src="https://staticqbr-be-prod.tnprod.cdn.dmdsdp.com/image-service/ImagesEPG/EventImages/0b9__aca__0b9acab7-06db-44f5-986d-b73c839f55ee__B128046971.jpg"></icon><desc>Show.</desc><category>Vrije tijd, Showbiz</category></programme><programme channel="lgi-be-prod-master:ladeuxhd" start="20211227102500 +0000" stop="20211227105500 +0000" catchup-id="crid:~~2F~~2Ftelenet.be~~2Fe4022bf7-ee4b-431d-a8b9-23099f81f2d8-fre,imi:9fa0d06ac468d530f29e9abe0b0c1915c1733701"><title>N'oubliez pas les paroles</title><date></date><icon src="https://staticqbr-be-prod.tnprod.cdn.dmdsdp.com/image-service/ImagesEPG/EventImages/734__0fc__7340fc0a-d600-4225-8e32-0d4c60221277__B181180387.jpg"></icon><desc>Wanneer de woorden vervagen, moeten de kandidaten die karaoke zingen onder begeleiding van een orkest de juiste woorden vinden. Hoe ver zullen ze erin slagen om de inkomstenschaal, die tot 20.000 euro kan oplopen, op te krikken?</desc><category>Spelshow</category></programme><programme channel="lgi-be-prod-master:ladeuxhd" start="20211227105500 +0000" stop="20211227113000 +0000" catchup-id="crid:~~2F~~2Ftelenet.be~~2Fad330d92-6af9-4799-b3a2-034f147566bd-fre,imi:000e71d7a9f0cb6a237de5c9815e0a72ac55a518"><title>N'oubliez pas les paroles</title><date></date><icon src="https://staticqbr-be-prod.tnprod.cdn.dmdsdp.com/image-service/ImagesEPG/EventImages/734__0fc__7340fc0a-d600-4225-8e32-0d4c60221277__B181180387.jpg"></icon><desc>Wanneer de woorden vervagen, moeten de kandidaten die karaoke zingen onder begeleiding van een orkest de juiste woorden vinden. Hoe ver zullen ze erin slagen om de inkomstenschaal, die tot 20.000 euro kan oplopen, op te krikken?</desc><category>Spelshow</category></programme><programme channel="lgi-be-prod-master:ladeuxhd" start="20211227113000 +0000" stop="20211227120000 +0000" catchup-id="crid:~~2F~~2Ftelenet.be~~2F6c29cbf8-ff2b-4fed-ac09-b7c81ffe65f2-fre,imi:d3b9f5685e4c629e00e01f9b1a16ba5f2a305434"><title>Ici tout commence</title><date></date><icon src="https://staticqbr-be-prod.tnprod.cdn.dmdsdp.com/image-service/ImagesEPG/EventImages/148__c42__148c42fa-f9c6-4348-ac8c-f0086c9f67e5__B177873368.jpg"></icon><desc>L'Institut Auguste Armand est en effervescence : le concours de la meilleure école de cuisine approche. Louis a un plan pour convaincre Teyssier de le laisser participer. A la coloc, Eliott n'a pas d'autre choix que d'appeler son père à l'aide. Clotilde surprend Deva avec Souleymane...</desc><category>Dramaseries</category></programme>