<programme channel="lgi-be-prod-master:ned1" start="20211227001200 +0000" stop="20211227011000 +0000" catchup-id="crid:~~2F~~2Ftelenet.be~~2F472e65bd-4e8f-4b29-89e2-81ac2f437d07,imi:e9071e984cccf1f1e055fec4d21d368f05d8e060"><title>De TV show</title><date></date><icon src="https://staticqbr-be-prod.tnprod.cdn.dmdsdp.com/image-service/ImagesEPG/EventImages/54a__bef__54abefb0-d8f5-46c6-a032-a3f037902e68__B140485099.jpg"></icon><desc>Hoe is het ze vergaan - soms tientallen jaren na de uitzending - de iconen die in de loop van de afgelopen 40 jaar het nieuws bepaalden? Ruim baan voor de meest emotionele en hilarische quotes en momenten en de levenslessen van André van Duin, John Kraaijkamp, Oprah Winfrey, Roger Moore, David Bowie, Sting, Henry Kissinger en vele anderen.</desc><category>Actualiteit</category></programme><programme channel="lgi-be-prod-master:ned1" start="20211227011000 +0000" stop="20211227021300 +0000" catchup-id="crid:~~2F~~2Ftelenet.be~~2F02ab7dad-44c9-484c-ae3a-4d4fe2907ab4,imi:2e9beeb59f9f190e958a7425be9d45fcbd962811"><title>Hans Liberg - Attacca (2/2)</title><date></date><icon src="https://staticqbr-be-prod.tnprod.cdn.dmdsdp.com/image-service/ImagesEPG/EventImages/d17__cb1__d17cb1a6-4975-43f2-a006-e80a05891e76__B105933935.jpg"></icon><desc>Een show met high en low: campingrepertoire, gecombineerd met een elitaire meezinger over George Condo. George wie? Zoek dat zelf maar op. Wat niet veel mensen weten, is dat Hans Liberg een grote kunstverzameling heeft, maar daar niet graag mee te koop loopt. In Attaca daarover meer. Verder natuurlijk een virtuoze solo op de alpenhoorn. Klassiek, pop en alles wat er zo aan muziek te vinden is. Veel beweging en hippe arrangementen.</desc><category>Muziek, Klassieke muziek</category></programme><programme channel="lgi-be-prod-master:ned1" start="20211227021300 +0000" stop="20211227022800 +0000" catchup-id="crid:~~2F~~2Ftelenet.be~~2Fb4133790-57b7-45b9-b12d-bbb288317042,imi:d499f512fef6c0748a0e1b094a5f5a34f3dd89d9"><title>NOS Journaal (laat)</title><date></date><icon src="https://staticqbr-be-prod.tnprod.cdn.dmdsdp.com/image-service/ImagesEPG/EventImages/c57__3c3__c573c391-5f0e-4195-a882-02e94a00d2b0__B49039295.jpg"></icon><desc>Met het laatste nieuws, gebeurtenissen van nationaal en internationaal belang en de weersverwachting.</desc><category>Actualiteit</category></programme><programme channel="lgi-be-prod-master:ned1" start="20211227022800 +0000" stop="20211227023300 +0000" catchup-id="crid:~~2F~~2Ftelenet.be~~2Fc24657d2-8cb2-43e4-82da-c79f0311ed3d,imi:b7f00ed807185703133419f25e9ba75d4922ef56"><title>NOS Journaal (laat)</title><date></date><icon src="https://staticqbr-be-prod.tnprod.cdn.dmdsdp.com/image-service/ImagesEPG/EventImages/c57__3c3__c573c391-5f0e-4195-a882-02e94a00d2b0__B49039295.jpg"></icon><desc>Met het laatste nieuws, gebeurtenissen van nationaal en internationaal belang en de weersverwachting. En op NPO Nieuws met gebarentolk.</desc><category>Actualiteit</category></programme><programme channel="lgi-be-prod-master:ned1" start="20211227023300 +0000" stop="20211227045400 +0000" catchup-id="crid:~~2F~~2Ftelenet.be~~2Fc24657d2-8cb2-43e4-82da-c79f0311ed3d,imi:750e0eee438a06b247b1fcb50f0597298a93d67d"><title>NOS Journaal (laat)</title><date></date><icon src="https://staticqbr-be-prod.tnprod.cdn.dmdsdp.com/image-service/ImagesEPG/EventImages/c57__3c3__c573c391-5f0e-4195-a882-02e94a00d2b0__B49039295.jpg"></icon><desc>Met het laatste nieuws, gebeurtenissen van nationaal en internationaal belang en de weersverwachting. En op NPO Nieuws met gebarentolk.</desc><category>Actualiteit</category></programme><programme channel="lgi-be-prod-master:ned1" start="20211227045400 +0000" stop="20211227045500 +0000" catchup-id="crid:~~2F~~2Ftelenet.be~~2F8e96acb6-a50d-4da2-8506-19882f4a129d,imi:cd2b4ff226bdd89d77927a39b86557f8ae3803e4"><title>Nederland in beweging</title><date></date><icon src="https://staticqbr-be-prod.tnprod.cdn.dmdsdp.com/image-service/ImagesEPG/EventImages/268__9f6__2689f6cf-2b88-4094-9c6f-984f5ac1c1e4__B163126572.jpg"></icon><desc>Wilt u investeren in uw gezondheid? Meedoen betekent dat u al een kwartier beweegt van het aanbevolen dagelijkse half uur.</desc><category>Nieuws, Actualiteitenprogramma's</category></programme><programme channel="lgi-be-prod-master:ned1" start="20211227045500 +0000" stop="20211227051000 +0000" catchup-id="crid:~~2F~~2Ftelenet.be~~2Fb11b64a7-8d31-444f-b5ce-9573913067ab,imi:330cd42c55cd9da584ecaa5076053372cfe751fa"><title>Nederland in beweging</title><date></date><icon src="https://staticqbr-be-prod.tnprod.cdn.dmdsdp.com/image-service/ImagesEPG/EventImages/268__9f6__2689f6cf-2b88-4094-9c6f-984f5ac1c1e4__B163126572.jpg"></icon><desc>Wilt u investeren in uw gezondheid? Meedoen betekent dat u al een kwartier beweegt van het aanbevolen dagelijkse half uur.</desc><category>Nieuws, Actualiteitenprogramma's</category></programme><programme channel="lgi-be-prod-master:ned1" start="20211227051000 +0000" stop="20211227053000 +0000" catchup-id="crid:~~2F~~2Ftelenet.be~~2Ff852f220-d966-4249-b873-efe87b2c1c10,imi:ebe8491de4e0d2c7601ab8c60986bd47205a710e"><title>MAX Geheugentrainer</title><date></date><icon src="https://staticqbr-be-prod.tnprod.cdn.dmdsdp.com/image-service/ImagesEPG/EventImages/ea6__278__ea6278ae-05aa-4519-915e-9fee5758a1d4__B175839340.jpg"></icon><desc>Naarmate iemand ouder wordt, wil het geheugen nog wel eens iets minder scherp worden. Dit programma geeft u de kans om het geheugen te trainen. Met eenvoudige oefeningen en opdrachten leert u binnen de kortste keren weer meer te onthouden dan u gewend was.</desc><category>Nieuws, Actualiteitenprogramma's</category></programme><programme channel="lgi-be-prod-master:ned1" start="20211227053000 +0000" stop="20211227053500 +0000" catchup-id="crid:~~2F~~2Ftelenet.be~~2F8282f3aa-10a3-438e-9188-dcd39dc32aed,imi:0ce63cfdab53544abb6a42d52aa7e53e7d5ddb99"><title>NOS Journaal (ochtend)</title><date></date><icon src="https://staticqbr-be-prod.tnprod.cdn.dmdsdp.com/image-service/ImagesEPG/EventImages/c57__3c3__c573c391-5f0e-4195-a882-02e94a00d2b0__B49039295.jpg"></icon><desc>Het laatste nieuws, gebeurtenissen van nationaal en internationaal belang en de weersverwachting</desc><category>Actualiteit</category></programme><programme channel="lgi-be-prod-master:ned1" start="20211227053500 +0000" stop="20211227054000 +0000" catchup-id="crid:~~2F~~2Ftelenet.be~~2F8282f3aa-10a3-438e-9188-dcd39dc32aed,imi:651f4b966480ed25215b5231881ce9866ccbc577"><title>NOS Journaal (ochtend)</title><date></date><icon src="https://staticqbr-be-prod.tnprod.cdn.dmdsdp.com/image-service/ImagesEPG/EventImages/c57__3c3__c573c391-5f0e-4195-a882-02e94a00d2b0__B49039295.jpg"></icon><desc>Het laatste nieuws, gebeurtenissen van nationaal en internationaal belang en de weersverwachting</desc><category>Actualiteit</category></programme><programme channel="lgi-be-prod-master:ned1" start="20211227054000 +0000" stop="20211227054500 +0000" catchup-id="crid:~~2F~~2Ftelenet.be~~2F8282f3aa-10a3-438e-9188-dcd39dc32aed,imi:42e28c267ca928b0bf892425fc2d62131884fd8e"><title>NOS Journaal (ochtend)</title><date></date><icon src="https://staticqbr-be-prod.tnprod.cdn.dmdsdp.com/image-service/ImagesEPG/EventImages/c57__3c3__c573c391-5f0e-4195-a882-02e94a00d2b0__B49039295.jpg"></icon><desc>Het laatste nieuws, gebeurtenissen van nationaal en internationaal belang en de weersverwachting</desc><category>Actualiteit</category></programme><programme channel="lgi-be-prod-master:ned1" start="20211227054500 +0000" stop="20211227055000 +0000" catchup-id="crid:~~2F~~2Ftelenet.be~~2F8282f3aa-10a3-438e-9188-dcd39dc32aed,imi:bec1b77154aef3a3361fd1389080e7bc38370c8e"><title>NOS Journaal (ochtend)</title><date></date><icon src="https://staticqbr-be-prod.tnprod.cdn.dmdsdp.com/image-service/ImagesEPG/EventImages/c57__3c3__c573c391-5f0e-4195-a882-02e94a00d2b0__B49039295.jpg"></icon><desc>Het laatste nieuws, gebeurtenissen van nationaal en internationaal belang en de weersverwachting</desc><category>Actualiteit</category></programme><programme channel="lgi-be-prod-master:ned1" start="20211227055000 +0000" stop="20211227060000 +0000" catchup-id="crid:~~2F~~2Ftelenet.be~~2F8282f3aa-10a3-438e-9188-dcd39dc32aed,imi:611ee41e520065bc2873382fe570e02cf29f0d53"><title>NOS Journaal (ochtend)</title><date></date><icon src="https://staticqbr-be-prod.tnprod.cdn.dmdsdp.com/image-service/ImagesEPG/EventImages/c57__3c3__c573c391-5f0e-4195-a882-02e94a00d2b0__B49039295.jpg"></icon><desc>Het laatste nieuws, gebeurtenissen van nationaal en internationaal belang en de weersverwachting</desc><category>Actualiteit</category></programme><programme channel="lgi-be-prod-master:ned1" start="20211227060000 +0000" stop="20211227061100 +0000" catchup-id="crid:~~2F~~2Ftelenet.be~~2F8282f3aa-10a3-438e-9188-dcd39dc32aed,imi:31db6720fe3d606e552fe292dae371ca8fe018cd"><title>NOS Journaal (ochtend)</title><date></date><icon src="https://staticqbr-be-prod.tnprod.cdn.dmdsdp.com/image-service/ImagesEPG/EventImages/c57__3c3__c573c391-5f0e-4195-a882-02e94a00d2b0__B49039295.jpg"></icon><desc>Het laatste nieuws, gebeurtenissen van nationaal en internationaal belang en de weersverwachting</desc><category>Actualiteit</category></programme><programme channel="lgi-be-prod-master:ned1" start="20211227061100 +0000" stop="20211227062200 +0000" catchup-id="crid:~~2F~~2Ftelenet.be~~2F8282f3aa-10a3-438e-9188-dcd39dc32aed,imi:be6649346e491bb952b2fafc8da0bedb907a6635"><title>NOS Journaal (ochtend)</title><date></date><icon src="https://staticqbr-be-prod.tnprod.cdn.dmdsdp.com/image-service/ImagesEPG/EventImages/c57__3c3__c573c391-5f0e-4195-a882-02e94a00d2b0__B49039295.jpg"></icon><desc>Het laatste nieuws, gebeurtenissen van nationaal en internationaal belang en de weersverwachting</desc><category>Actualiteit</category></programme><programme channel="lgi-be-prod-master:ned1" start="20211227062200 +0000" stop="20211227063500 +0000" catchup-id="crid:~~2F~~2Ftelenet.be~~2F8282f3aa-10a3-438e-9188-dcd39dc32aed,imi:04d4aa28e22005823a15fc1b04a94197f46b8260"><title>NOS Journaal (ochtend)</title><date></date><icon src="https://staticqbr-be-prod.tnprod.cdn.dmdsdp.com/image-service/ImagesEPG/EventImages/c57__3c3__c573c391-5f0e-4195-a882-02e94a00d2b0__B49039295.jpg"></icon><desc>Het laatste nieuws, gebeurtenissen van nationaal en internationaal belang en de weersverwachting</desc><category>Actualiteit</category></programme><programme channel="lgi-be-prod-master:ned1" start="20211227063500 +0000" stop="20211227064500 +0000" catchup-id="crid:~~2F~~2Ftelenet.be~~2F8282f3aa-10a3-438e-9188-dcd39dc32aed,imi:8393c047abe286c877b217278db3295500930c4d"><title>NOS Journaal (ochtend)</title><date></date><icon src="https://staticqbr-be-prod.tnprod.cdn.dmdsdp.com/image-service/ImagesEPG/EventImages/c57__3c3__c573c391-5f0e-4195-a882-02e94a00d2b0__B49039295.jpg"></icon><desc>Het laatste nieuws, gebeurtenissen van nationaal en internationaal belang en de weersverwachting</desc><category>Actualiteit</category></programme><programme channel="lgi-be-prod-master:ned1" start="20211227064500 +0000" stop="20211227070000 +0000" catchup-id="crid:~~2F~~2Ftelenet.be~~2F8282f3aa-10a3-438e-9188-dcd39dc32aed,imi:27dc9b7fe8e8550ffd1c090a7cb78e978489d16d"><title>NOS Journaal (ochtend)</title><date></date><icon src="https://staticqbr-be-prod.tnprod.cdn.dmdsdp.com/image-service/ImagesEPG/EventImages/c57__3c3__c573c391-5f0e-4195-a882-02e94a00d2b0__B49039295.jpg"></icon><desc>Het laatste nieuws, gebeurtenissen van nationaal en internationaal belang en de weersverwachting</desc><category>Actualiteit</category></programme><programme channel="lgi-be-prod-master:ned1" start="20211227070000 +0000" stop="20211227071100 +0000" catchup-id="crid:~~2F~~2Ftelenet.be~~2F8282f3aa-10a3-438e-9188-dcd39dc32aed,imi:80eb5ab50059f72f9e664b581cb2e9d1eb7ccdfa"><title>NOS Journaal (ochtend)</title><date></date><icon src="https://staticqbr-be-prod.tnprod.cdn.dmdsdp.com/image-service/ImagesEPG/EventImages/c57__3c3__c573c391-5f0e-4195-a882-02e94a00d2b0__B49039295.jpg"></icon><desc>Het laatste nieuws, gebeurtenissen van nationaal en internationaal belang en de weersverwachting</desc><category>Actualiteit</category></programme><programme channel="lgi-be-prod-master:ned1" start="20211227071100 +0000" stop="20211227072200 +0000" catchup-id="crid:~~2F~~2Ftelenet.be~~2F8282f3aa-10a3-438e-9188-dcd39dc32aed,imi:c0cb06514a6d4ea663c4a81fad4814ae4d329af6"><title>NOS Journaal (ochtend)</title><date></date><icon src="https://staticqbr-be-prod.tnprod.cdn.dmdsdp.com/image-service/ImagesEPG/EventImages/c57__3c3__c573c391-5f0e-4195-a882-02e94a00d2b0__B49039295.jpg"></icon><desc>Het laatste nieuws, gebeurtenissen van nationaal en internationaal belang en de weersverwachting</desc><category>Actualiteit</category></programme><programme channel="lgi-be-prod-master:ned1" start="20211227072200 +0000" stop="20211227073500 +0000" catchup-id="crid:~~2F~~2Ftelenet.be~~2F8282f3aa-10a3-438e-9188-dcd39dc32aed,imi:056271a9a5622a12d546d36965aeecf77ee12343"><title>NOS Journaal (ochtend)</title><date></date><icon src="https://staticqbr-be-prod.tnprod.cdn.dmdsdp.com/image-service/ImagesEPG/EventImages/c57__3c3__c573c391-5f0e-4195-a882-02e94a00d2b0__B49039295.jpg"></icon><desc>Het laatste nieuws, gebeurtenissen van nationaal en internationaal belang en de weersverwachting</desc><category>Actualiteit</category></programme><programme channel="lgi-be-prod-master:ned1" start="20211227073500 +0000" stop="20211227074500 +0000" catchup-id="crid:~~2F~~2Ftelenet.be~~2F8282f3aa-10a3-438e-9188-dcd39dc32aed,imi:baf4bf58c611bc97953b9b8b49917c3dea384be1"><title>NOS Journaal (ochtend)</title><date></date><icon src="https://staticqbr-be-prod.tnprod.cdn.dmdsdp.com/image-service/ImagesEPG/EventImages/c57__3c3__c573c391-5f0e-4195-a882-02e94a00d2b0__B49039295.jpg"></icon><desc>Het laatste nieuws, gebeurtenissen van nationaal en internationaal belang en de weersverwachting</desc><category>Actualiteit</category></programme><programme channel="lgi-be-prod-master:ned1" start="20211227074500 +0000" stop="20211227080000 +0000" catchup-id="crid:~~2F~~2Ftelenet.be~~2F8282f3aa-10a3-438e-9188-dcd39dc32aed,imi:f48d2ccfbb20eef748c4327ebaac886f77aec9f9"><title>NOS Journaal (ochtend)</title><date></date><icon src="https://staticqbr-be-prod.tnprod.cdn.dmdsdp.com/image-service/ImagesEPG/EventImages/c57__3c3__c573c391-5f0e-4195-a882-02e94a00d2b0__B49039295.jpg"></icon><desc>Het laatste nieuws, gebeurtenissen van nationaal en internationaal belang en de weersverwachting</desc><category>Actualiteit</category></programme><programme channel="lgi-be-prod-master:ned1" start="20211227080000 +0000" stop="20211227081600 +0000" catchup-id="crid:~~2F~~2Ftelenet.be~~2F8282f3aa-10a3-438e-9188-dcd39dc32aed,imi:bfadd75b9632aaaea3bc8c05747684d41ae8fbc2"><title>NOS Journaal (ochtend)</title><date></date><icon src="https://staticqbr-be-prod.tnprod.cdn.dmdsdp.com/image-service/ImagesEPG/EventImages/c57__3c3__c573c391-5f0e-4195-a882-02e94a00d2b0__B49039295.jpg"></icon><desc>Het laatste nieuws, gebeurtenissen van nationaal en internationaal belang en de weersverwachting</desc><category>Actualiteit</category></programme><programme channel="lgi-be-prod-master:ned1" start="20211227081600 +0000" stop="20211227082500 +0000" catchup-id="crid:~~2F~~2Ftelenet.be~~2F8282f3aa-10a3-438e-9188-dcd39dc32aed,imi:4dcaa44fc928590ebd57a5b22f92485955cd28ea"><title>NOS Journaal (ochtend)</title><date></date><icon src="https://staticqbr-be-prod.tnprod.cdn.dmdsdp.com/image-service/ImagesEPG/EventImages/c57__3c3__c573c391-5f0e-4195-a882-02e94a00d2b0__B49039295.jpg"></icon><desc>Het laatste nieuws, gebeurtenissen van nationaal en internationaal belang en de weersverwachting</desc><category>Actualiteit</category></programme><programme channel="lgi-be-prod-master:ned1" start="20211227082500 +0000" stop="20211227083800 +0000" catchup-id="crid:~~2F~~2Ftelenet.be~~2F8282f3aa-10a3-438e-9188-dcd39dc32aed,imi:0b6fade6284f93459d9dc3dda6af9220dcbee8a4"><title>NOS Journaal (ochtend)</title><date></date><icon src="https://staticqbr-be-prod.tnprod.cdn.dmdsdp.com/image-service/ImagesEPG/EventImages/c57__3c3__c573c391-5f0e-4195-a882-02e94a00d2b0__B49039295.jpg"></icon><desc>Het laatste nieuws, gebeurtenissen van nationaal en internationaal belang en de weersverwachting</desc><category>Actualiteit</category></programme><programme channel="lgi-be-prod-master:ned1" start="20211227083800 +0000" stop="20211227084700 +0000" catchup-id="crid:~~2F~~2Ftelenet.be~~2F8282f3aa-10a3-438e-9188-dcd39dc32aed,imi:1d37252ea4b68df0d832c921756c4bb18af88aad"><title>NOS Journaal (ochtend)</title><date></date><icon src="https://staticqbr-be-prod.tnprod.cdn.dmdsdp.com/image-service/ImagesEPG/EventImages/c57__3c3__c573c391-5f0e-4195-a882-02e94a00d2b0__B49039295.jpg"></icon><desc>Het laatste nieuws, gebeurtenissen van nationaal en internationaal belang en de weersverwachting</desc><category>Actualiteit</category></programme><programme channel="lgi-be-prod-master:ned1" start="20211227084700 +0000" stop="20211227090000 +0000" catchup-id="crid:~~2F~~2Ftelenet.be~~2F8282f3aa-10a3-438e-9188-dcd39dc32aed,imi:93de1f5105a3c149c68d81a20b4e76280677ed98"><title>NOS Journaal (ochtend)</title><date></date><icon src="https://staticqbr-be-prod.tnprod.cdn.dmdsdp.com/image-service/ImagesEPG/EventImages/c57__3c3__c573c391-5f0e-4195-a882-02e94a00d2b0__B49039295.jpg"></icon><desc>Het laatste nieuws, gebeurtenissen van nationaal en internationaal belang en de weersverwachting</desc><category>Actualiteit</category></programme><programme channel="lgi-be-prod-master:ned1" start="20211227090000 +0000" stop="20211227091500 +0000" catchup-id="crid:~~2F~~2Ftelenet.be~~2F8282f3aa-10a3-438e-9188-dcd39dc32aed,imi:1b357b751a36eac07632b96c82bc1f84eda30904"><title>NOS Journaal (ochtend)</title><date></date><icon src="https://staticqbr-be-prod.tnprod.cdn.dmdsdp.com/image-service/ImagesEPG/EventImages/c57__3c3__c573c391-5f0e-4195-a882-02e94a00d2b0__B49039295.jpg"></icon><desc>Het laatste nieuws, gebeurtenissen van nationaal en internationaal belang en de weersverwachting</desc><category>Actualiteit</category></programme><programme channel="lgi-be-prod-master:ned1" start="20211227091500 +0000" stop="20211227093000 +0000" catchup-id="crid:~~2F~~2Ftelenet.be~~2F2ccd003e-617e-4a1e-ad39-69387283c611,imi:24cfab77b7b49c79354da263ae044b94ec570336"><title>Nederland in beweging</title><date></date><icon src="https://staticqbr-be-prod.tnprod.cdn.dmdsdp.com/image-service/ImagesEPG/EventImages/268__9f6__2689f6cf-2b88-4094-9c6f-984f5ac1c1e4__B163126572.jpg"></icon><desc>Wilt u investeren in uw gezondheid? Meedoen betekent dat u al een kwartier beweegt van het aanbevolen dagelijkse half uur.</desc><category>Nieuws, Actualiteitenprogramma's</category></programme><programme channel="lgi-be-prod-master:ned1" start="20211227093000 +0000" stop="20211227094500 +0000" catchup-id="crid:~~2F~~2Ftelenet.be~~2F482ad6ce-8067-432f-bbf6-a9e561914366,imi:72231a2ec84618c1e5bc1b591040b73e44df38b5"><title>MAX Geheugentrainer</title><date></date><icon src="https://staticqbr-be-prod.tnprod.cdn.dmdsdp.com/image-service/ImagesEPG/EventImages/ea6__278__ea6278ae-05aa-4519-915e-9fee5758a1d4__B175839340.jpg"></icon><desc>Naarmate iemand ouder wordt, wil het geheugen nog wel eens iets minder scherp worden. Dit programma geeft u de kans om het geheugen te trainen. Met eenvoudige oefeningen en opdrachten leert u binnen de kortste keren weer meer te onthouden dan u gewend was.</desc><category>Nieuws, Actualiteitenprogramma's</category></programme><programme channel="lgi-be-prod-master:ned1" start="20211227094500 +0000" stop="20211227100000 +0000" catchup-id="crid:~~2F~~2Ftelenet.be~~2F8282f3aa-10a3-438e-9188-dcd39dc32aed,imi:e0813814fdd6c64c5faa8da9fb0c7e62d8710d09"><title>NOS Journaal (ochtend)</title><date></date><icon src="https://staticqbr-be-prod.tnprod.cdn.dmdsdp.com/image-service/ImagesEPG/EventImages/c57__3c3__c573c391-5f0e-4195-a882-02e94a00d2b0__B49039295.jpg"></icon><desc>Het laatste nieuws, gebeurtenissen van nationaal en internationaal belang en de weersverwachting</desc><category>Actualiteit</category></programme><programme channel="lgi-be-prod-master:ned1" start="20211227100000 +0000" stop="20211227101600 +0000" catchup-id="crid:~~2F~~2Ftelenet.be~~2F8282f3aa-10a3-438e-9188-dcd39dc32aed,imi:d2c50b3d6c3f7e0513b739a5146aef10d02a7d7f"><title>NOS Journaal (ochtend)</title><date></date><icon src="https://staticqbr-be-prod.tnprod.cdn.dmdsdp.com/image-service/ImagesEPG/EventImages/c57__3c3__c573c391-5f0e-4195-a882-02e94a00d2b0__B49039295.jpg"></icon><desc>Het laatste nieuws, gebeurtenissen van nationaal en internationaal belang en de weersverwachting</desc><category>Actualiteit</category></programme><programme channel="lgi-be-prod-master:ned1" start="20211227101600 +0000" stop="20211227110000 +0000" catchup-id="crid:~~2F~~2Ftelenet.be~~2F7a1176b5-cae1-4c2d-8f76-4da63fee9862,imi:334744378b18209003a98cd48cc4b0e4855f0252"><title>Een huis vol kerst</title><date></date><icon src="https://staticqbr-be-prod.tnprod.cdn.dmdsdp.com/image-service/ImagesEPG/EventImages/f14__de0__f14de018-9dd6-491e-8f14-8ef0f728ccbd__B78363348.jpg"></icon><desc>Ieder gezin steekt de handen uit de mouwen om een liefdevolle en onvergetelijke kerst te bezorgen aan mensen in hun omgeving die dit verdienen. Zo verzorgen de Cudoghams een warme kerst voor een dakloos gezin uit Amsterdam, geeft de familie Buddenbruck minimagezinnen in Limburg de dag van hun leven en haalt de familie Jelies deze kerst alles uit de kast om de oudste bewoners van Tollebeek in het zonnetje te zetten.</desc><category>Vrije tijd, Showbiz</category></programme><programme channel="lgi-be-prod-master:ned1" start="20211227110000 +0000" stop="20211227111400 +0000" catchup-id="crid:~~2F~~2Ftelenet.be~~2Feb7eee41-68ef-48fc-b58a-b07a4947d2d9,imi:445c08bf47337b02f46a65a0b387fd67470997c8"><title>NOS Journaal (middag)</title><date></date><icon src="https://staticqbr-be-prod.tnprod.cdn.dmdsdp.com/image-service/ImagesEPG/EventImages/c57__3c3__c573c391-5f0e-4195-a882-02e94a00d2b0__B49039295.jpg"></icon><desc>Het laatste nieuws, gebeurtenissen van nationaal en internationaal belang en de weersverwachting</desc><category>Actualiteit</category></programme><programme channel="lgi-be-prod-master:ned1" start="20211227111400 +0000" stop="20211227120000 +0000" catchup-id="crid:~~2F~~2Ftelenet.be~~2F15df9028-2b52-4b71-86c1-ace38d542e86,imi:11c45c737fa787405e9100dd31ebdf8f8f20f49f"><title>De Nieuws BV</title><date></date><icon src="https://staticqbr-be-prod.tnprod.cdn.dmdsdp.com/image-service/ImagesEPG/EventImages/8ae__2a1__8ae2a193-f832-4f43-b633-30580b8ba01f__B175307208.jpg"></icon><desc>Actualiteitenmagazine dat tegelijkertijd wordt uitgezonden op radio én tv, gepresenteerd door Natasja Gibbs en Patriek Lodiers</desc><category>Nieuws, Actualiteitenprogramma's</category></programme>