<programme channel="lgi-be-prod-master:crimeinvestigation" start="20211226231500 +0000" stop="20211226234000 +0000" catchup-id="crid:~~2F~~2Ftelenet.be~~2Fb40adf28-6552-462c-a74e-662393f53f4d,imi:e7c665392524a5e0c70c8ea15036737d85ddfc1c"><title>Court Cam</title><date></date><icon src="https://staticqbr-be-prod.tnprod.cdn.dmdsdp.com/image-service/ImagesEPG/EventImages/f14__de0__f14de018-9dd6-491e-8f14-8ef0f728ccbd__B78363348.jpg"></icon><desc>Court Cam neemt je mee naar de meest dramatische rechtszaalmomenten van Amerika. Van angstaanjagende uitbarstingen tot furieuze rechters; deze serie neemt je mee terug naar waar het gebeurde voor het verhaal achter het verhaal.</desc><category>Overig</category></programme><programme channel="lgi-be-prod-master:crimeinvestigation" start="20211226234000 +0000" stop="20211227000500 +0000" catchup-id="crid:~~2F~~2Ftelenet.be~~2F349d4147-3b32-4ad0-a874-0e8b2e8fd273,imi:7723ed9ff5b6b313e33561116da1fec3e93ddf70"><title>Court Cam</title><date></date><icon src="https://staticqbr-be-prod.tnprod.cdn.dmdsdp.com/image-service/ImagesEPG/EventImages/f14__de0__f14de018-9dd6-491e-8f14-8ef0f728ccbd__B78363348.jpg"></icon><desc>Court Cam neemt je mee naar de meest dramatische rechtszaalmomenten van Amerika. Van angstaanjagende uitbarstingen tot furieuze rechters; deze serie neemt je mee terug naar waar het gebeurde voor het verhaal achter het verhaal.</desc><category>Overig</category></programme><programme channel="lgi-be-prod-master:crimeinvestigation" start="20211227000500 +0000" stop="20211227003500 +0000" catchup-id="crid:~~2F~~2Ftelenet.be~~2F8a948b07-a7dd-4120-a4eb-d8d13a118571,imi:ea3b5013c6a70696f28b56b57bb416e154ff7730"><title>Court Cam</title><date></date><icon src="https://staticqbr-be-prod.tnprod.cdn.dmdsdp.com/image-service/ImagesEPG/EventImages/f14__de0__f14de018-9dd6-491e-8f14-8ef0f728ccbd__B78363348.jpg"></icon><desc>Court Cam neemt je mee naar de meest dramatische rechtszaalmomenten van Amerika. Van angstaanjagende uitbarstingen tot furieuze rechters; deze serie neemt je mee terug naar waar het gebeurde voor het verhaal achter het verhaal.</desc><category>Overig</category></programme><programme channel="lgi-be-prod-master:crimeinvestigation" start="20211227003500 +0000" stop="20211227010500 +0000" catchup-id="crid:~~2F~~2Ftelenet.be~~2F30271fb1-0e95-4c34-9074-bb09e7b2c02c,imi:a159eb558910ecb80f48f5d2aa28c36526852d9a"><title>Court Cam</title><date></date><icon src="https://staticqbr-be-prod.tnprod.cdn.dmdsdp.com/image-service/ImagesEPG/EventImages/f14__de0__f14de018-9dd6-491e-8f14-8ef0f728ccbd__B78363348.jpg"></icon><desc>Court Cam neemt je mee naar de meest dramatische rechtszaalmomenten van Amerika. Van angstaanjagende uitbarstingen tot furieuze rechters; deze serie neemt je mee terug naar waar het gebeurde voor het verhaal achter het verhaal.</desc><category>Overig</category></programme><programme channel="lgi-be-prod-master:crimeinvestigation" start="20211227010500 +0000" stop="20211227013000 +0000" catchup-id="crid:~~2F~~2Ftelenet.be~~2F9ce95726-068f-4d81-a62c-7736543e64e3,imi:fae7f2f687b0c7e3698c9392d781d581e3642b0b"><title>Court Cam</title><date></date><icon src="https://staticqbr-be-prod.tnprod.cdn.dmdsdp.com/image-service/ImagesEPG/EventImages/f14__de0__f14de018-9dd6-491e-8f14-8ef0f728ccbd__B78363348.jpg"></icon><desc>Court Cam neemt je mee naar de meest dramatische rechtszaalmomenten van Amerika. Van angstaanjagende uitbarstingen tot furieuze rechters; deze serie neemt je mee terug naar waar het gebeurde voor het verhaal achter het verhaal.</desc><category>Overig</category></programme><programme channel="lgi-be-prod-master:crimeinvestigation" start="20211227013000 +0000" stop="20211227020000 +0000" catchup-id="crid:~~2F~~2Ftelenet.be~~2F1567c31b-db10-433c-ba84-f3fed8e84047,imi:cc2ba7f87a327afeeccfb809f26276b89a227858"><title>It Takes A Killer</title><date></date><icon src="https://staticqbr-be-prod.tnprod.cdn.dmdsdp.com/image-service/ImagesEPG/EventImages/30c__812__30c81289-4e5b-44de-a5bd-b556c1404366__B128163403.jpg"></icon><desc>De beruchtste moorden van de wereld worden onderzocht aan de hand van de gedachten en de motieven van de daders. Experts van de FBI, Scotland Yard en de beste rechercheurs bekijken bewijsmateriaal van de plaatsen delict.</desc><category>Nieuws, Actualiteitenprogramma's</category></programme><programme channel="lgi-be-prod-master:crimeinvestigation" start="20211227020000 +0000" stop="20211227022500 +0000" catchup-id="crid:~~2F~~2Ftelenet.be~~2F04c96701-6f53-4167-a2c9-bbc297c01d6b,imi:ec1d78d50c956ce3b43a24023d8711af7b1c9018"><title>It Takes A Killer</title><date></date><icon src="https://staticqbr-be-prod.tnprod.cdn.dmdsdp.com/image-service/ImagesEPG/EventImages/30c__812__30c81289-4e5b-44de-a5bd-b556c1404366__B128163403.jpg"></icon><desc>De beruchtste moorden van de wereld worden onderzocht aan de hand van de gedachten en de motieven van de daders. Experts van de FBI, Scotland Yard en de beste rechercheurs bekijken bewijsmateriaal van de plaatsen delict.</desc><category>Nieuws, Actualiteitenprogramma's</category></programme><programme channel="lgi-be-prod-master:crimeinvestigation" start="20211227022500 +0000" stop="20211227025500 +0000" catchup-id="crid:~~2F~~2Ftelenet.be~~2F4a28f287-8398-4c92-a5f4-5d8346347fd5,imi:90ca7ec679b0593b2cf0753955c9a2fba8179f3c"><title>It Takes A Killer</title><date></date><icon src="https://staticqbr-be-prod.tnprod.cdn.dmdsdp.com/image-service/ImagesEPG/EventImages/30c__812__30c81289-4e5b-44de-a5bd-b556c1404366__B128163403.jpg"></icon><desc>De beruchtste moorden van de wereld worden onderzocht aan de hand van de gedachten en de motieven van de daders. Experts van de FBI, Scotland Yard en de beste rechercheurs bekijken bewijsmateriaal van de plaatsen delict.</desc><category>Nieuws, Actualiteitenprogramma's</category></programme><programme channel="lgi-be-prod-master:crimeinvestigation" start="20211227025500 +0000" stop="20211227032000 +0000" catchup-id="crid:~~2F~~2Ftelenet.be~~2Fe9563249-6675-4c4a-be04-7c528fc20109,imi:a67f99323ba6c981ffd1f250899398fbac30cce5"><title>It Takes A Killer</title><date></date><icon src="https://staticqbr-be-prod.tnprod.cdn.dmdsdp.com/image-service/ImagesEPG/EventImages/30c__812__30c81289-4e5b-44de-a5bd-b556c1404366__B128163403.jpg"></icon><desc>De beruchtste moorden van de wereld worden onderzocht aan de hand van de gedachten en de motieven van de daders. Experts van de FBI, Scotland Yard en de beste rechercheurs bekijken bewijsmateriaal van de plaatsen delict.</desc><category>Nieuws, Actualiteitenprogramma's</category></programme><programme channel="lgi-be-prod-master:crimeinvestigation" start="20211227032000 +0000" stop="20211227034500 +0000" catchup-id="crid:~~2F~~2Ftelenet.be~~2F51df4daf-2a2d-41a4-90dd-6c48a91062a3,imi:56bb4de8bb1af965aa0acc6847d1e5f972cdc406"><title>It Takes A Killer</title><date></date><icon src="https://staticqbr-be-prod.tnprod.cdn.dmdsdp.com/image-service/ImagesEPG/EventImages/30c__812__30c81289-4e5b-44de-a5bd-b556c1404366__B128163403.jpg"></icon><desc>De beruchtste moorden van de wereld worden onderzocht aan de hand van de gedachten en de motieven van de daders. Experts van de FBI, Scotland Yard en de beste rechercheurs bekijken bewijsmateriaal van de plaatsen delict.</desc><category>Nieuws, Actualiteitenprogramma's</category></programme><programme channel="lgi-be-prod-master:crimeinvestigation" start="20211227034500 +0000" stop="20211227041000 +0000" catchup-id="crid:~~2F~~2Ftelenet.be~~2Fdde4be65-a26c-4d5d-8842-f9498a49c26a,imi:d61e8506e30e6724f693264ff239c56a1c07d642"><title>It Takes A Killer</title><date></date><icon src="https://staticqbr-be-prod.tnprod.cdn.dmdsdp.com/image-service/ImagesEPG/EventImages/30c__812__30c81289-4e5b-44de-a5bd-b556c1404366__B128163403.jpg"></icon><desc>De beruchtste moorden van de wereld worden onderzocht aan de hand van de gedachten en de motieven van de daders. Experts van de FBI, Scotland Yard en de beste rechercheurs bekijken bewijsmateriaal van de plaatsen delict.</desc><category>Nieuws, Actualiteitenprogramma's</category></programme><programme channel="lgi-be-prod-master:crimeinvestigation" start="20211227041000 +0000" stop="20211227043500 +0000" catchup-id="crid:~~2F~~2Ftelenet.be~~2F52efc69c-9958-41c9-9378-1ddc41b956c7,imi:4626ad0b7ece17b291d2379cbd1d3a3b83807760"><title>It Takes A Killer</title><date></date><icon src="https://staticqbr-be-prod.tnprod.cdn.dmdsdp.com/image-service/ImagesEPG/EventImages/30c__812__30c81289-4e5b-44de-a5bd-b556c1404366__B128163403.jpg"></icon><desc>De beruchtste moorden van de wereld worden onderzocht aan de hand van de gedachten en de motieven van de daders. Experts van de FBI, Scotland Yard en de beste rechercheurs bekijken bewijsmateriaal van de plaatsen delict.</desc><category>Nieuws, Actualiteitenprogramma's</category></programme><programme channel="lgi-be-prod-master:crimeinvestigation" start="20211227043500 +0000" stop="20211227050000 +0000" catchup-id="crid:~~2F~~2Ftelenet.be~~2F0ab8991b-d670-450f-b456-df1a38a6fe1e,imi:1f5097fc3bb1b130e8288d458261a6dda8298abb"><title>It Takes A Killer</title><date></date><icon src="https://staticqbr-be-prod.tnprod.cdn.dmdsdp.com/image-service/ImagesEPG/EventImages/30c__812__30c81289-4e5b-44de-a5bd-b556c1404366__B128163403.jpg"></icon><desc>De beruchtste moorden van de wereld worden onderzocht aan de hand van de gedachten en de motieven van de daders. Experts van de FBI, Scotland Yard en de beste rechercheurs bekijken bewijsmateriaal van de plaatsen delict.</desc><category>Nieuws, Actualiteitenprogramma's</category></programme><programme channel="lgi-be-prod-master:crimeinvestigation" start="20211227050000 +0000" stop="20211227060000 +0000" catchup-id="crid:~~2F~~2Ftelenet.be~~2F4dba0a9c-789c-4ecf-a4ef-f5adc701c17a,imi:4335160a17f113fab2955551b1a43270b5ab807f"><title>The First 48</title><date></date><icon src="https://staticqbr-be-prod.tnprod.cdn.dmdsdp.com/image-service/ImagesEPG/EventImages/f14__de0__f14de018-9dd6-491e-8f14-8ef0f728ccbd__B78363348.jpg"></icon><desc>In Mobile worden binnen 12 uur twee jonge mannen neergeschoten en aanwijzingen wijzen op een vete tussen rivaliserende bendes.</desc><category>Overig</category></programme><programme channel="lgi-be-prod-master:crimeinvestigation" start="20211227060000 +0000" stop="20211227065500 +0000" catchup-id="crid:~~2F~~2Ftelenet.be~~2F7a41a113-2a43-4640-9b00-be17442222fb,imi:48de87c8ed05aeb26c95f4487e1fc55210dfb040"><title>PREMIÈRE The First 48</title><date></date><icon src="https://staticqbr-be-prod.tnprod.cdn.dmdsdp.com/image-service/ImagesEPG/EventImages/286__aab__286aabbf-6dd3-4adc-a3cc-b633b0f67239__B128163834.jpg"></icon><desc>Tulsa's Moordzaken reageert wanneer een vader van drie kinderen op zijn werk wordt neergeschoten door verdachten die met de politie in een patstelling terechtkomen.</desc><category>Documentaire, Reality-tv</category></programme><programme channel="lgi-be-prod-master:crimeinvestigation" start="20211227065500 +0000" stop="20211227075500 +0000" catchup-id="crid:~~2F~~2Ftelenet.be~~2Fc4c3c01c-2710-4da2-b667-cba30251415c,imi:ec050d65f8a93e257503b1661ead715f60ebc0ab"><title>Homicide: Hours To Kill</title><date></date><icon src="https://staticqbr-be-prod.tnprod.cdn.dmdsdp.com/image-service/ImagesEPG/EventImages/f0d__a50__f0da50a6-622c-4360-99d2-0f1255e3d0b1__B165490249.jpg"></icon><desc>De sleutel om de heftigste moorden op te lossen ligt ergens in de laatste 24 uur van het leven van het slachtoffer.</desc><category>Documentaire, Oude culturen</category></programme><programme channel="lgi-be-prod-master:crimeinvestigation" start="20211227075500 +0000" stop="20211227085500 +0000" catchup-id="crid:~~2F~~2Ftelenet.be~~2F30ec09dd-c6d7-4a6c-b749-00c9d07b49e9,imi:0c3fa002d598904ed22c25e1a22b6649322dd8b6"><title>Homicide Hunter</title><date></date><icon src="https://staticqbr-be-prod.tnprod.cdn.dmdsdp.com/image-service/ImagesEPG/EventImages/2a0__514__2a051494-66f3-480e-9acc-5626c057345e__B128163650.jpg"></icon><desc>Onderzoeksserie over moordzaken verteld aan de hand van persoonlijke ervaringen van de gepensioneerde rechercheur Joe Kenda uit Colorado.</desc><category>Overig</category></programme><programme channel="lgi-be-prod-master:crimeinvestigation" start="20211227085500 +0000" stop="20211227095000 +0000" catchup-id="crid:~~2F~~2Ftelenet.be~~2Fca4a5acf-e964-488a-8842-c472bd27bf5e,imi:f993c8f418f246e6d5b5b6fe65602ea31d9fe4ff"><title>Homicide Hunter</title><date></date><icon src="https://staticqbr-be-prod.tnprod.cdn.dmdsdp.com/image-service/ImagesEPG/EventImages/2a0__514__2a051494-66f3-480e-9acc-5626c057345e__B128163650.jpg"></icon><desc>Homocide Hunter neemt ons mee achter de schermen met een van 's werelds beste rechercheurs om erachter te komen hoe moorden echt worden opgelost.</desc><category>Documentaire, Oude culturen</category></programme><programme channel="lgi-be-prod-master:crimeinvestigation" start="20211227095000 +0000" stop="20211227105000 +0000" catchup-id="crid:~~2F~~2Ftelenet.be~~2F482c3b2a-7f5e-4509-926f-cc42fbe4d102,imi:849b8a3594dafd5a45aa690a58f8350d99fad018"><title>Crimes That Shook the World</title><date></date><icon src="https://staticqbr-be-prod.tnprod.cdn.dmdsdp.com/image-service/ImagesEPG/EventImages/69a__201__69a20120-e71e-4c92-929d-5fe6493645fc__B160043378.jpg"></icon><desc>Deze keer de moord op Sarah Payne en de campagne om anderen voor hetzelfde lot te behoeden.</desc><category>Documentaire, Oude culturen</category></programme><programme channel="lgi-be-prod-master:crimeinvestigation" start="20211227105000 +0000" stop="20211227115000 +0000" catchup-id="crid:~~2F~~2Ftelenet.be~~2F19ea5148-b05c-47bd-9a9e-d5c0a3fd1d33,imi:6850c0ace11e506a6dddcb928ed8ea9b2fb61805"><title>PREMIERE: Nightmare in Suburbia</title><date></date><icon src="https://staticqbr-be-prod.tnprod.cdn.dmdsdp.com/image-service/ImagesEPG/EventImages/6fe__fca__6fefcac5-bb4d-4fa3-ae87-71c812c30951__B116909584.jpg"></icon><desc>Nightmare in Suburbia neemt een kijkje in de duistere, moorddadige krochten van Britse buitenwijken.</desc><category>Documentaire, Reality-tv</category></programme><programme channel="lgi-be-prod-master:crimeinvestigation" start="20211227115000 +0000" stop="20211227124500 +0000" catchup-id="crid:~~2F~~2Ftelenet.be~~2F512124a2-1990-4c31-a307-e461fa50e7be,imi:5c66f58828f4849c2b4555dd2cd3fea84a1bffb7"><title>Cold Case Files</title><date></date><icon src="https://staticqbr-be-prod.tnprod.cdn.dmdsdp.com/image-service/ImagesEPG/EventImages/9b2__23c__9b223c30-b486-4d10-ade7-11c9429d4ff9__B128164595.jpg"></icon><desc>Een schoonmaker van een school wordt verdacht van de moord op een tiener, maar zonder bewijs blijft de zaak onopgelost. En na het zien van deze serie vroeg een vrouw de politie om de zaak van haar vermiste nichtje te heropenen.</desc><category>Documentaire, Oude culturen</category></programme>