<programme channel="lgi-be-prod-master:kanaalz" start="20211227080000 +0000" stop="20211227100000 +0000" catchup-id="crid:~~2F~~2Ftelenet.be~~2Fb003da6d-dc3c-4bfb-8e7a-758aeddc840f,imi:d6228c1a5e591aeb9e76fd72e2e1f35ddba23d06"><title>Z-Positieve Energie</title><date></date><icon src="https://staticqbr-be-prod.tnprod.cdn.dmdsdp.com/image-service/ImagesEPG/EventImages/f14__de0__f14de018-9dd6-491e-8f14-8ef0f728ccbd__B78363348.jpg"></icon><desc></desc><category>Overig</category></programme><programme channel="lgi-be-prod-master:kanaalz" start="20211227100000 +0000" stop="20211227120000 +0000" catchup-id="crid:~~2F~~2Ftelenet.be~~2F9ecc9075-e86b-4dc7-9f87-86f3c2460eea,imi:4d53c22394b4737c8ef0b1d787b417dbb8348106"><title>Herhalingslus</title><date></date><icon src="https://staticqbr-be-prod.tnprod.cdn.dmdsdp.com/image-service/ImagesEPG/EventImages/f14__de0__f14de018-9dd6-491e-8f14-8ef0f728ccbd__B78363348.jpg"></icon><desc></desc><category>Overig</category></programme>