<programme channel="lgi-be-prod-master:jplnl03" start="20211226231500 +0000" stop="20211227021500 +0000" catchup-id="crid:~~2F~~2Ftelenet.be~~2F7ef5a81b-41ed-47d2-a702-7caf816ae35e,imi:f097d370db05c9d1b48228540f65a067c7e70b25"><title>Geen uitzendingen</title><date></date><icon src="https://staticqbr-be-prod.tnprod.cdn.dmdsdp.com/image-service/ImagesEPG/EventImages/f14__de0__f14de018-9dd6-491e-8f14-8ef0f728ccbd__B78363348.jpg"></icon><desc></desc><category>Overig</category></programme><programme channel="lgi-be-prod-master:jplnl03" start="20211227021500 +0000" stop="20211227051500 +0000" catchup-id="crid:~~2F~~2Ftelenet.be~~2F7ef5a81b-41ed-47d2-a702-7caf816ae35e,imi:eb5013af5d569c84d60c624b7870265413445865"><title>Geen uitzendingen</title><date></date><icon src="https://staticqbr-be-prod.tnprod.cdn.dmdsdp.com/image-service/ImagesEPG/EventImages/f14__de0__f14de018-9dd6-491e-8f14-8ef0f728ccbd__B78363348.jpg"></icon><desc></desc><category>Overig</category></programme><programme channel="lgi-be-prod-master:jplnl03" start="20211227051500 +0000" stop="20211227081500 +0000" catchup-id="crid:~~2F~~2Ftelenet.be~~2F7ef5a81b-41ed-47d2-a702-7caf816ae35e,imi:583bee0279f418179b0cfe06b21fc9992360b81c"><title>Geen uitzendingen</title><date></date><icon src="https://staticqbr-be-prod.tnprod.cdn.dmdsdp.com/image-service/ImagesEPG/EventImages/f14__de0__f14de018-9dd6-491e-8f14-8ef0f728ccbd__B78363348.jpg"></icon><desc></desc><category>Overig</category></programme><programme channel="lgi-be-prod-master:jplnl03" start="20211227081500 +0000" stop="20211227111500 +0000" catchup-id="crid:~~2F~~2Ftelenet.be~~2F7ef5a81b-41ed-47d2-a702-7caf816ae35e,imi:072a859b76affe3dd6751fa958531b21ed0f016d"><title>Geen uitzendingen</title><date></date><icon src="https://staticqbr-be-prod.tnprod.cdn.dmdsdp.com/image-service/ImagesEPG/EventImages/f14__de0__f14de018-9dd6-491e-8f14-8ef0f728ccbd__B78363348.jpg"></icon><desc></desc><category>Overig</category></programme><programme channel="lgi-be-prod-master:jplnl03" start="20211227111500 +0000" stop="20211227141500 +0000" catchup-id="crid:~~2F~~2Ftelenet.be~~2F7ef5a81b-41ed-47d2-a702-7caf816ae35e,imi:4943026edab00f2937fe593eb6c15cc7c52c6a45"><title>Geen uitzendingen</title><date></date><icon src="https://staticqbr-be-prod.tnprod.cdn.dmdsdp.com/image-service/ImagesEPG/EventImages/f14__de0__f14de018-9dd6-491e-8f14-8ef0f728ccbd__B78363348.jpg"></icon><desc></desc><category>Overig</category></programme>