<programme channel="lgi-be-prod-master:eurosport2" start="20211226230500 +0000" stop="20211226235000 +0000" catchup-id="crid:~~2F~~2Ftelenet.be~~2Ffc8d025e-dd77-4ffa-b4f6-bb678f848eef,imi:62abde91bb0fa4a3f3a6e5bfded427df3480b756"><title>Schansspringen</title><date></date><icon src=""></icon><desc>Vierschansentournee</desc><category>Sport, Olympische Winterspelen</category></programme><programme channel="lgi-be-prod-master:eurosport2" start="20211226235000 +0000" stop="20211226235500 +0000" catchup-id="crid:~~2F~~2Ftelenet.be~~2Feda41b77-8f48-471f-8b41-a498dc2f0b54,imi:e4875aa0cd3ba7c6a191c74a93f455c1dd2e92b4"><title>Nieuws</title><date></date><icon src="https://staticqbr-be-prod.tnprod.cdn.dmdsdp.com/image-service/ImagesEPG/EventImages/f14__de0__f14de018-9dd6-491e-8f14-8ef0f728ccbd__B78363348.jpg"></icon><desc>Nieuwsuitzending.</desc><category>Actualiteit</category></programme><programme channel="lgi-be-prod-master:eurosport2" start="20211226235500 +0000" stop="20211227010000 +0000" catchup-id="crid:~~2F~~2Ftelenet.be~~2F3018c550-3336-488c-82ee-a22c2da69bd9,imi:432bd742b43f1fe72695d33c36799e20fbdc407e"><title>Wielrennen</title><date></date><icon src="https://staticqbr-be-prod.tnprod.cdn.dmdsdp.com/image-service/ImagesEPG/EventImages/384__da0__384da0be-7660-453a-9e73-06b7483e2d2e__B106321634.jpg"></icon><desc>World Tour</desc><category>Sport, Wielrennen</category></programme><programme channel="lgi-be-prod-master:eurosport2" start="20211227010000 +0000" stop="20211227020000 +0000" catchup-id="crid:~~2F~~2Ftelenet.be~~2Facf51dac-33cb-4203-8c87-327a73392340,imi:d6c0d4311498ce2a6286df7d0922e252f6739242"><title>Wielrennen</title><date></date><icon src="https://staticqbr-be-prod.tnprod.cdn.dmdsdp.com/image-service/ImagesEPG/EventImages/384__da0__384da0be-7660-453a-9e73-06b7483e2d2e__B106321634.jpg"></icon><desc>Como - Bergamo (239km)</desc><category>Sport, Wielrennen</category></programme><programme channel="lgi-be-prod-master:eurosport2" start="20211227020000 +0000" stop="20211227040000 +0000" catchup-id="crid:~~2F~~2Ftelenet.be~~2F8e981249-3f59-4411-998d-92c25cbda84a,imi:08e6d0e84cdc097826d6ac880a6366167ddd8e32"><title>Snooker</title><date></date><icon src="https://staticqbr-be-prod.tnprod.cdn.dmdsdp.com/image-service/ImagesEPG/EventImages/09c__64e__09c64ea7-be8c-4473-a5c3-3b144344f924__B118120319.jpg"></icon><desc>Sportprogramma.</desc><category>Sport</category></programme><programme channel="lgi-be-prod-master:eurosport2" start="20211227040000 +0000" stop="20211227044500 +0000" catchup-id="crid:~~2F~~2Ftelenet.be~~2F9ef7ee27-83bc-41da-a3e3-f1af3265c045,imi:c1308d03aa4790db1a87d0862fc359f50cbd543d"><title>Biatlon</title><date></date><icon src="https://staticqbr-be-prod.tnprod.cdn.dmdsdp.com/image-service/ImagesEPG/EventImages/255__eaf__255eaf40-2e1c-4397-8c38-1071567c3fd7__B118298226.jpg"></icon><desc>World Cup</desc><category>Sport, Olympische Winterspelen</category></programme><programme channel="lgi-be-prod-master:eurosport2" start="20211227044500 +0000" stop="20211227053000 +0000" catchup-id="crid:~~2F~~2Ftelenet.be~~2F033dcb68-80d9-4707-a2fe-2132416410d6,imi:1217831656cf99804629425c043e32acd65db931"><title>Biatlon</title><date></date><icon src="https://staticqbr-be-prod.tnprod.cdn.dmdsdp.com/image-service/ImagesEPG/EventImages/255__eaf__255eaf40-2e1c-4397-8c38-1071567c3fd7__B118298226.jpg"></icon><desc>World Cup</desc><category>Sport, Olympische Winterspelen</category></programme><programme channel="lgi-be-prod-master:eurosport2" start="20211227053000 +0000" stop="20211227063000 +0000" catchup-id="crid:~~2F~~2Ftelenet.be~~2F2f3aea6c-0219-438d-8180-a97edf5d1daa,imi:92b39e36090715b0ad50cb6749e4827106027cb2"><title>Langlaufen</title><date></date><icon src="https://staticqbr-be-prod.tnprod.cdn.dmdsdp.com/image-service/ImagesEPG/EventImages/7c6__b18__7c6b180f-cb31-4de4-84c9-f44fdbc6eaf0__B106321631.jpg"></icon><desc>World Cup Langlaufen</desc><category>Sport, Olympische Winterspelen</category></programme><programme channel="lgi-be-prod-master:eurosport2" start="20211227063000 +0000" stop="20211227080000 +0000" catchup-id="crid:~~2F~~2Ftelenet.be~~2Fbaffefee-4b2b-4a4c-93f6-9f13747cd87e,imi:95eadc9656a8af4869b1de16f05d6f2c1d74cc5b"><title>Wielrennen</title><date></date><icon src="https://staticqbr-be-prod.tnprod.cdn.dmdsdp.com/image-service/ImagesEPG/EventImages/384__da0__384da0be-7660-453a-9e73-06b7483e2d2e__B106321634.jpg"></icon><desc>World Tour</desc><category>Sport, Wielrennen</category></programme><programme channel="lgi-be-prod-master:eurosport2" start="20211227080000 +0000" stop="20211227090000 +0000" catchup-id="crid:~~2F~~2Ftelenet.be~~2F2d43c24c-5141-48c2-ac71-c5018866e2d4,imi:93a61ac7e322215708a83e7e1763cf5a1c7d4681"><title>Tennis</title><date></date><icon src="https://staticqbr-be-prod.tnprod.cdn.dmdsdp.com/image-service/ImagesEPG/EventImages/13f__20d__13f20d2d-3795-40c8-9a14-ba862c0a3197__B106321146.jpg"></icon><desc>Grand Slam Tournament - Vrouwen</desc><category>Sport, Tennis</category></programme><programme channel="lgi-be-prod-master:eurosport2" start="20211227090000 +0000" stop="20211227103000 +0000" catchup-id="crid:~~2F~~2Ftelenet.be~~2Fa3c5a912-a9cf-4f4c-9ce8-a3b917e1d97d,imi:f7096ba19652f9b8ab7f449823daf39246d23959"><title>Tennis</title><date></date><icon src="https://staticqbr-be-prod.tnprod.cdn.dmdsdp.com/image-service/ImagesEPG/EventImages/13f__20d__13f20d2d-3795-40c8-9a14-ba862c0a3197__B106321146.jpg"></icon><desc>Grand Slam Tournament - Mannen</desc><category>Sport, Tennis</category></programme><programme channel="lgi-be-prod-master:eurosport2" start="20211227103000 +0000" stop="20211227120000 +0000" catchup-id="crid:~~2F~~2Ftelenet.be~~2Ff218aaac-bbe9-44d7-8bcf-9a3d3092d60f,imi:969c912ffc9bad40d4c060a2797c90f8d6f4708c"><title>Snooker</title><date></date><icon src="https://staticqbr-be-prod.tnprod.cdn.dmdsdp.com/image-service/ImagesEPG/EventImages/09c__64e__09c64ea7-be8c-4473-a5c3-3b144344f924__B118120319.jpg"></icon><desc>Sportprogramma.</desc><category>Sport</category></programme>