<programme channel="lgi-be-prod-master:be1hd" start="20211227000500 +0000" stop="20211227015500 +0000" catchup-id="crid:~~2F~~2Ftelenet.be~~2Fcc256520-be6f-48e4-a20d-22f57ceded16-fre,imi:add431474699612d4dd322ab6a33e55365367114"><title>The Tale</title><date>2018</date><icon src="https://staticqbr-be-prod.tnprod.cdn.dmdsdp.com/image-service/ImagesEPG/EventImages/b2e__8d3__b2e8d351-3c41-485f-81fc-47f6e4244886__B169136534.jpg"></icon><desc>Een vrouw wordt gedwongen om haar allereerste seksuele relatie opnieuw te evalueren, net als de verhalen die ze zichzelf wijsmaakt om te overleven.</desc><category>Film, Actie</category></programme><programme channel="lgi-be-prod-master:be1hd" start="20211227015500 +0000" stop="20211227020000 +0000" catchup-id="crid:~~2F~~2Ftelenet.be~~2F534afff2-07b3-496f-b235-c0073f823c67-fre,imi:7f3880a72569035a528d7876e97ecd411e6287e5"><title>Air frais</title><date>2019</date><icon src="https://staticqbr-be-prod.tnprod.cdn.dmdsdp.com/image-service/ImagesEPG/EventImages/374__37b__37437ba4-3627-4731-b1de-6b927d14fa09__B77448493.jpg"></icon><desc>Léa, une jeune fille, achète une caméra 360. Elle l'emmène partout avec elle et récupère des images. On ne comprend pas vraiment pourquoi. On découvre par la suite qu'elle avait une idée derrière la tête.</desc><category>Film</category></programme><programme channel="lgi-be-prod-master:be1hd" start="20211227020000 +0000" stop="20211227024700 +0000" catchup-id="crid:~~2F~~2Ftelenet.be~~2Fccbe592f-9d95-4b89-bd52-6d111b11e708-fre,imi:ff113dd8d591e23579ae4bf9081e1d0d1d455aed"><title>Dexter: New Blood</title><date></date><icon src="https://staticqbr-be-prod.tnprod.cdn.dmdsdp.com/image-service/ImagesEPG/EventImages/598__ddf__598ddf38-3215-4790-b28a-0cf5575a1afa__B209212439.jpg"></icon><desc>«Surprise Motherfucker!» Le serial killer préféré de toute une génération revient dans une nouvelle mini-série de Showtime, Dexter: New Blood. Dans la peau de «Dexter», on retrouve bien évidemment Michael C. Hall bien loin de son Miami natal. Il vit désormais sous le nom de Jimmy Lindsay, un vendeur d'armes sans histoire ayant élu domicile dans un bled paumé dans le nord de l'Etat de New-York.</desc><category>Dramaseries, Actie</category></programme><programme channel="lgi-be-prod-master:be1hd" start="20211227024700 +0000" stop="20211227030000 +0000" catchup-id="crid:~~2F~~2Ftelenet.be~~2Fcb17ae39-450f-4991-873e-66da2f7472a3-fre,imi:caa2198f89a66f688ce755a40dc4cb5d917b46cb"><title>Smile</title><date>2019</date><icon src="https://staticqbr-be-prod.tnprod.cdn.dmdsdp.com/image-service/ImagesEPG/EventImages/394__edb__394edb2a-cfb8-4856-a33b-ca2385adf21a__B210399962.jpg"></icon><desc>Une femme à qui, depuis le plus jeune âge, on reproche de tirer la tronche se réveille un matin avec un sourire au visage qu'elle ne peut plus retirer.</desc><category>Film</category></programme><programme channel="lgi-be-prod-master:be1hd" start="20211227030000 +0000" stop="20211227043400 +0000" catchup-id="crid:~~2F~~2Ftelenet.be~~2F649ce4e0-c4ec-42fb-8c55-57152ea5dd43-fre,imi:006af974eb73eb93becefd184dd094c647d54d9b"><title>The Banishing</title><date>2020</date><icon src="https://staticqbr-be-prod.tnprod.cdn.dmdsdp.com/image-service/ImagesEPG/EventImages/bd6__d60__bd6d60b6-67ba-4e08-8a02-2052d60257c3__B207889861.jpg"></icon><desc>De jaren 30. Een jonge dominee trekt samen met zijn vrouw en dochter in in een landhuis dat een gruwelijk geheim met zich meebrengt.</desc><category>Film, Sciencefiction</category></programme><programme channel="lgi-be-prod-master:be1hd" start="20211227043400 +0000" stop="20211227060000 +0000" catchup-id="crid:~~2F~~2Ftelenet.be~~2F84881ce8-c4b6-4a61-96a2-00abb3615754-fre,imi:577984876db4e8ea9f1b6fd4d94859fe2afbb309"><title>De Kuthoer</title><date>2020</date><icon src="https://staticqbr-be-prod.tnprod.cdn.dmdsdp.com/image-service/ImagesEPG/EventImages/152__e58__152e5880-55a4-42e1-b17b-9ee46187b713__B163160864.jpg"></icon><desc>Columniste en auteur Femke wordt dagelijks overspoeld met anonieme nare berichten en op sociale media wordt ze dood gewenst. Op een dag is ze er helemaal klaar mee en ontvlamt de woede in haar. Femke besluit wraak te nemen op haar 'reaguurders'.</desc><category>Film, Komedie</category></programme><programme channel="lgi-be-prod-master:be1hd" start="20211227060000 +0000" stop="20211227065800 +0000" catchup-id="crid:~~2F~~2Ftelenet.be~~2F1bd991a3-0f32-4b99-8319-35e1a8ef2943-fre,imi:cd2237db2944c102851d8fcaa4facdc91985aa0d"><title>La boîte à cartoons</title><date></date><icon src="https://staticqbr-be-prod.tnprod.cdn.dmdsdp.com/image-service/ImagesEPG/EventImages/48a__671__48a671bb-401b-41f9-9863-76f41e53d4c6__B129218707.jpg"></icon><desc>Tekenfilm.</desc><category>Kinderen, Animatie</category></programme><programme channel="lgi-be-prod-master:be1hd" start="20211227065800 +0000" stop="20211227083500 +0000" catchup-id="crid:~~2F~~2Ftelenet.be~~2F61af1307-127d-4ed6-8d7d-c1839f8afcc5-fre,imi:bb77f3501182dd07837b37bfe7d147f3a4e6d12c"><title>Summerland</title><date>2020</date><icon src="https://staticqbr-be-prod.tnprod.cdn.dmdsdp.com/image-service/ImagesEPG/EventImages/e78__d4c__e78d4c6b-dcb2-4cec-a89d-5d0b79357c9d__B201473553.jpg"></icon><desc>Om zich te kunnen concentreren op haar werk als schrijfster terwijl WO II volop aan de gang is, sluit de jonge ambitieuze Alice zich op in haar werkkamer op de kliffen van Dover. Afgesloten van de buitenwereld probeert ze wetenschappelijk bewijs te vinden dat mythes en magie niet bestaan. Haar isolement wordt doorbroken wanneer ze de zorg voor de jonge, uit Londen gevluchte Frank op zich moet nemen. Door zijn onschuld en nieuwsgierigheid komen emoties en geheimen uit het verleden naar boven die Alice lange tijd heeft proberen te onderdrukken.</desc><category>Film, Romantiek</category></programme><programme channel="lgi-be-prod-master:be1hd" start="20211227083500 +0000" stop="20211227101200 +0000" catchup-id="crid:~~2F~~2Ftelenet.be~~2F30d87c18-d94f-428b-9448-4fc6ae68edbf-fre,imi:f5afc8bc885fac3bde79e200abc6c13017e7a9e8"><title>Six Minutes to Midnight</title><date>2021</date><icon src="https://staticqbr-be-prod.tnprod.cdn.dmdsdp.com/image-service/ImagesEPG/EventImages/61e__e12__61ee126b-e69a-43d3-9781-951b354d0938__B204441187.jpg"></icon><desc>Augustus 1939. Zeventien dagen voor het uitbreken van de Tweede Wereldoorlog stuurt de Britse geheime dienst Thomas Miller naar een privéschool aan de Engelse kust. Daar zwaait schooldirecteur Rocholl de scepter. De studentes blijken veelal familieleden van prominente nazi's te zijn.</desc><category>Film, Actie</category></programme><programme channel="lgi-be-prod-master:be1hd" start="20211227101200 +0000" stop="20211227120000 +0000" catchup-id="crid:~~2F~~2Ftelenet.be~~2F3ce5b4f0-1ae0-4acf-8eee-b816389d01cc-fre,imi:134630503656c45f15592a6363446b48309d57ff"><title>The Singing Club</title><date>2020</date><icon src="https://staticqbr-be-prod.tnprod.cdn.dmdsdp.com/image-service/ImagesEPG/EventImages/b9c__2c1__b9c2c132-8d74-452f-a5c5-2571ef5c1b76__B207889280.jpg"></icon><desc>De vrouwen van enkele soldaten die naar Afghanistan vertrokken zijn, besluiten samen een koor te vormen. Tegenpolen Lisa en Kate besluiten de leiding op zich te nemen. Al gauw groeit het koor uit tot een wereldwijde sensatie.</desc><category>Film, Komedie</category></programme>