<programme channel="lgi-be-prod-master:njam" start="20211226233000 +0000" stop="20211227001500 +0000" catchup-id="crid:~~2F~~2Ftelenet.be~~2F262a16c9-7441-4310-9bd8-63f65210baad,imi:6b3bf7102f0bb2a41afe5fd80c1fa4dac5aa5fdd"><title>De Chalet, Hollandse Maatjes</title><date></date><icon src="https://staticqbr-be-prod.tnprod.cdn.dmdsdp.com/image-service/ImagesEPG/EventImages/4d7__fc4__4d7fc40c-e4c1-4c4e-8f5e-68925e41870d__B209994872.jpg"></icon><desc>De boys maken het extra feestelijk met een kerststol als ontbijt, de zotste carpaccio ooit en een kalkoenrollade met truffel als diner. De party wordt alleen maar gekker, wanneer Dominique de ijskoude vijver induikt en... z'n kleren vergeet.</desc><category>Culinair</category></programme><programme channel="lgi-be-prod-master:njam" start="20211227001500 +0000" stop="20211227010000 +0000" catchup-id="crid:~~2F~~2Ftelenet.be~~2Fad0736ab-0ff0-48e1-878a-ebfb4f69f261,imi:1d2d2264d2de244c522de8cfeef2ab940be4a8be"><title>De Chalet, Hollandse Maatjes</title><date></date><icon src="https://staticqbr-be-prod.tnprod.cdn.dmdsdp.com/image-service/ImagesEPG/EventImages/4d7__fc4__4d7fc40c-e4c1-4c4e-8f5e-68925e41870d__B209994872.jpg"></icon><desc>De laatste dag van hun weekend begint ongezien productief op het strand. De boys vangen grote zeebaarzen die meteen in de stamppot mogen. En terwijl Peppe oesterzwammen op koffieprut oogst, zorgt voor Dominique voor zoet op een stokje.</desc><category>Culinair</category></programme><programme channel="lgi-be-prod-master:njam" start="20211227010000 +0000" stop="20211227014500 +0000" catchup-id="crid:~~2F~~2Ftelenet.be~~2F0af89a59-7142-4b34-8275-8c0d1739137d,imi:0e8e05025a1dfe6cb2ab36382bc90471db7ce435"><title>Het Weekmenu - reeks 2</title><date></date><icon src="https://staticqbr-be-prod.tnprod.cdn.dmdsdp.com/image-service/ImagesEPG/EventImages/781__d18__781d1857-fa36-4bea-baaf-65d53a609721__B132337294.jpg"></icon><desc>Visballetjes met frisse salade // Gevuld gehaktbrood met aubergines // Gnudi van ricotta met groene groentjes // Pasta met ribbetjes en tomatensaus (met Peppe Giacomazza)</desc><category>Culinair</category></programme><programme channel="lgi-be-prod-master:njam" start="20211227014500 +0000" stop="20211227020500 +0000" catchup-id="crid:~~2F~~2Ftelenet.be~~2Fb2737b4c-c28c-4352-a473-1fb4f0011cc8,imi:e4b767929cc6d1fd8eea68b937ccdca428ce88ef"><title>Feest van eigen bodem</title><date></date><icon src="https://staticqbr-be-prod.tnprod.cdn.dmdsdp.com/image-service/ImagesEPG/EventImages/6e2__564__6e256426-d154-4550-bcf4-f4729e495114__B179201184.jpg"></icon><desc>Een tapasplankje met charcuterie hoeft niet uit de Italiaanse keuken te komen. Bart Desmidt zet drie Belgische vleeswaren in de kijker als hapje en sluit af met een grietbot met aardappelpuree.</desc><category>Culinair</category></programme><programme channel="lgi-be-prod-master:njam" start="20211227020500 +0000" stop="20211227023500 +0000" catchup-id="crid:~~2F~~2Ftelenet.be~~2F36a73790-fd91-41d6-85f1-57cbf6c3a521,imi:0e3268e771e6c53d6e3a2acd5df5022d1f0abf77"><title>Het perfecte feestmenu</title><date></date><icon src="https://staticqbr-be-prod.tnprod.cdn.dmdsdp.com/image-service/ImagesEPG/EventImages/dcc__82a__dcc82a1a-57ec-42d4-b34c-1a3afb51ccc1__B160609598.jpg"></icon><desc>In Het Perfecte Feestmenu tovert Dominique Persoone vandaag een fantastisch driegangenmenu op tafel. Het voorgerecht is een toast met gekonfijte zalm en wasabiroom, helemaal op voorhand klaar te zetten en dus ideaal als er gasten komen. Nadien volgt er een heerlijke tagliatelli met kwartel en boschampiganons. Dominique sluit zijn feestmenu af met crêpes Pavillon Montsouris, het perfecte dessert voor de zoetebekken onder ons.</desc><category>Culinair</category></programme><programme channel="lgi-be-prod-master:njam" start="20211227023500 +0000" stop="20211227031500 +0000" catchup-id="crid:~~2F~~2Ftelenet.be~~2F81f86cae-e0ab-474c-b451-714b8df99cfa,imi:130355706994a5275023b0e9f3ccda689b08d04f"><title>Het Weekmenu - reeks 2</title><date></date><icon src="https://staticqbr-be-prod.tnprod.cdn.dmdsdp.com/image-service/ImagesEPG/EventImages/781__d18__781d1857-fa36-4bea-baaf-65d53a609721__B132337294.jpg"></icon><desc>De chef maakt een vierdaags weekmenu dat perfect is voorbereid. Viscurry met naanbrood // Lamsgehakt met tzatziki, koolsla en pittabrood // Mexicaanse pulled chicken // Indisch stoofpotje met zoete aardappel en tempeh</desc><category>Culinair</category></programme><programme channel="lgi-be-prod-master:njam" start="20211227031500 +0000" stop="20211227033500 +0000" catchup-id="crid:~~2F~~2Ftelenet.be~~2Fb37df9a8-15a9-463c-9f77-1094cf50c66b,imi:7fb788007b01a5c4aae687530512523fed3a33f0"><title>Pasta &amp; Risotto</title><date></date><icon src="https://staticqbr-be-prod.tnprod.cdn.dmdsdp.com/image-service/ImagesEPG/EventImages/49c__87f__49c87fdd-5b51-44de-b09b-83871d8b7cda__B144144898.jpg"></icon><desc>Culinair magazine (2017) waarin njam!-chefs Peppe Giacomazza, Dagny Ros Asmundsdottir, Jan Tournier en Steffi Vertriest een lekkere pasta en risotto klaarmaken</desc><category>Culinair</category></programme><programme channel="lgi-be-prod-master:njam" start="20211227033500 +0000" stop="20211227035000 +0000" catchup-id="crid:~~2F~~2Ftelenet.be~~2F859daea2-d659-4763-9542-70efa6bd4b79,imi:e87d865432a5d53621d9bef0fed966855921f401"><title>Likoké On Tour</title><date></date><icon src="https://staticqbr-be-prod.tnprod.cdn.dmdsdp.com/image-service/ImagesEPG/EventImages/1dd__ca5__1ddca55d-c102-4c97-b274-8e00a6c39987__B147822989.jpg"></icon><desc>LOT of Likoké on tour: Een project waar Piet Huysentruyt en zijn team 'letterlijk' hun grenzen verleggen. Net zoals artiesten op wereld tournee vertrekken, gaat Likoké met de volledige ploeg op tour. Oorspronkelijk is het idee ontstaan om de geest van Likoké terug te brengen naar Afrika, als eerbetoon aan de vader van Chef Piet Huysentruyt. Daarvoor komt het team eerst naar Kortrijk, de stad waar het allemaal begon met de geboorte van Piet en de familie Huysentruyt. Na België maken ze een kleine omweg langs Azië (Japan, Bali en Singapore) om te belanden in Afrika!</desc><category>Culinair</category></programme><programme channel="lgi-be-prod-master:njam" start="20211227035000 +0000" stop="20211227043000 +0000" catchup-id="crid:~~2F~~2Ftelenet.be~~2F1b377d1f-cea5-4ba8-a2cd-0919cf0d9fdc,imi:d89e4edf1a8cfcabb96c484cf72e431a8a33a04e"><title>De Chalet aan de Semois</title><date></date><icon src="https://staticqbr-be-prod.tnprod.cdn.dmdsdp.com/image-service/ImagesEPG/EventImages/b19__926__b199269d-3f9e-441c-a099-ab8cf47750ff__B179201852.jpg"></icon><desc>De heren zetten hun laatste dag in met een plons in de hottub en een poging tot vissen in de Semois. Dominique doet aan outdoorcooking en legt pladijs op de grill, Jeroen frituurt ijs als 4-uurtje en Peppe zorgt voor het laatste avondmaal.</desc><category>Culinair</category></programme><programme channel="lgi-be-prod-master:njam" start="20211227043000 +0000" stop="20211227043500 +0000" catchup-id="crid:~~2F~~2Ftelenet.be~~2Fae2a96ba-0c2c-4b54-8eeb-aff49ec785fd,imi:6fadc6d513dd8bfb260b57d4ac75b6d56a114717"><title>It's Aperotime - a Taste of History</title><date></date><icon src="https://staticqbr-be-prod.tnprod.cdn.dmdsdp.com/image-service/ImagesEPG/EventImages/a9b__153__a9b153ac-78de-4764-973a-1b48569a4eec__B117138232.jpg"></icon><desc>Het begrip duurzaamheid is langzaam maar zeker in de cocktailwereld binnen gesijpeld. We hebben meer aandacht voor mens &amp; milieu. Daarom maakt bartender Naushad duurzame én eigen creaties: de Seaside, de Gin with Loof en de Belgium's Gold.</desc><category>Culinair</category></programme><programme channel="lgi-be-prod-master:njam" start="20211227043500 +0000" stop="20211227050500 +0000" catchup-id="crid:~~2F~~2Ftelenet.be~~2Fae783abf-8236-4032-b1a3-4f9e15178f42,imi:24a7fc1e0c382f3a47cfae3e95ec351c1f929d60"><title>De Chalet, 3 chefs, een feest</title><date></date><icon src="https://staticqbr-be-prod.tnprod.cdn.dmdsdp.com/image-service/ImagesEPG/EventImages/8e3__818__8e381865-1247-48d5-ae8e-195e8767781b__B157608753.jpg"></icon><desc>Drie Njam!-chefs trekken naar de Ardennen. Dominique Persoone, Peppe Giacomazza en Roger Van Damme maken er een feestlijk culinaire vakantie van. Laat je inspireren om van de vroege uurtjes tot het gat in de nacht van het leven te genieten. De chefs beleven een tweede dag in de chalet. Dominique bereidt tortilla's, Roger gaart zalmforel in een zoutkorst en Peppe is creatief met tiramisu.</desc><category>Culinair</category></programme><programme channel="lgi-be-prod-master:njam" start="20211227050500 +0000" stop="20211227055000 +0000" catchup-id="crid:~~2F~~2Ftelenet.be~~2Fececa9f2-07c6-4f75-84c6-dcc06e83628a,imi:a6f782aa999295513e2a12ae7720a8ee24599e51"><title>Het feestmenu van ...</title><date></date><icon src="https://staticqbr-be-prod.tnprod.cdn.dmdsdp.com/image-service/ImagesEPG/EventImages/8a5__7d1__8a57d11c-0bb2-45ec-a30e-44884b078800__B106258281.jpg"></icon><desc>Tijdens de feestdagen zet njam! al haar chefs in om heel Vlaanderen te voorzien van culinaire inspiratie. In de feestelijke special &quot;Het feestmenu &quot; stellen de njam!-chefs hun ideale feestmenu samen met recepten van hun collega's en hun eigen ultieme feestrecepten.</desc><category>Culinair</category></programme><programme channel="lgi-be-prod-master:njam" start="20211227055000 +0000" stop="20211227061000 +0000" catchup-id="crid:~~2F~~2Ftelenet.be~~2Fa5dc7c26-de7b-4dec-9f2c-159bc4e693f8,imi:358967bfd4ee4fb82d128471635b80d76f6b600b"><title>HAPeritief! (compilatie)</title><date></date><icon src="https://staticqbr-be-prod.tnprod.cdn.dmdsdp.com/image-service/ImagesEPG/EventImages/f14__de0__f14de018-9dd6-491e-8f14-8ef0f728ccbd__B78363348.jpg"></icon><desc>Bartender Hannah Van Ongevalle schenkt het aperitief en Jeroen De Pauw en Bart Desmidt zorgen voor een feestelijk hapje. In deze aflevering: de Sparkle &amp; Spice en knolseldertoastjes met paprika en ricotta, de Christmas Candy (non-alcoholisch) en een hapje met langoustines met Elixir d'Anvers, de Grand Mimosa en cannelloni van ham en rundstartaar, de Brambini en een hapje van gerookte zalm met peer en gember.</desc><category>Overig</category></programme><programme channel="lgi-be-prod-master:njam" start="20211227061000 +0000" stop="20211227070000 +0000" catchup-id="crid:~~2F~~2Ftelenet.be~~2F98ab21e7-a4c1-4154-9df2-5100d3db76fd,imi:6ab96927a1b6ca5014fc440151c0d942b68924c6"><title>De Chalet, Hollandse Maatjes</title><date></date><icon src="https://staticqbr-be-prod.tnprod.cdn.dmdsdp.com/image-service/ImagesEPG/EventImages/4d7__fc4__4d7fc40c-e4c1-4c4e-8f5e-68925e41870d__B209994872.jpg"></icon><desc>Peppe, Dominique en Roger zetten de eerste dag van hun weekend in met een oranje cocktail, Hollandse maatjes en een lamsstoofpot. Terwijl Roger spritsen bakt met lokale bloem, trekken onze twee macho's naar het strand op een snorfiets.</desc><category>Culinair</category></programme><programme channel="lgi-be-prod-master:njam" start="20211227070000 +0000" stop="20211227073500 +0000" catchup-id="crid:~~2F~~2Ftelenet.be~~2F9a1478fc-d459-47f7-a585-f4927b6795aa,imi:52c9350ff2cb6b55e05d28604f9d20c74ffda67e"><title>10 Jaar NJAM! 10 vragen voor..</title><date></date><icon src="https://staticqbr-be-prod.tnprod.cdn.dmdsdp.com/image-service/ImagesEPG/EventImages/bd6__f46__bd6f46e6-fde6-4d69-9e38-bdcdbe2a865a__B203940702.jpg"></icon><desc>Culinair magazine (2021) ter gelegenheid van het tienjarig bestaan van Njam!</desc><category>Culinair</category></programme><programme channel="lgi-be-prod-master:njam" start="20211227073500 +0000" stop="20211227082000 +0000" catchup-id="crid:~~2F~~2Ftelenet.be~~2F98ab21e7-a4c1-4154-9df2-5100d3db76fd,imi:b46b174f3d1c1badefed4b7fc270b98ac249e364"><title>De Chalet, Hollandse Maatjes</title><date></date><icon src="https://staticqbr-be-prod.tnprod.cdn.dmdsdp.com/image-service/ImagesEPG/EventImages/4d7__fc4__4d7fc40c-e4c1-4c4e-8f5e-68925e41870d__B209994872.jpg"></icon><desc>Peppe, Dominique en Roger zetten de eerste dag van hun weekend in met een oranje cocktail, Hollandse maatjes en een lamsstoofpot. Terwijl Roger spritsen bakt met lokale bloem, trekken onze twee macho's naar het strand op een snorfiets.</desc><category>Culinair</category></programme><programme channel="lgi-be-prod-master:njam" start="20211227082000 +0000" stop="20211227085000 +0000" catchup-id="crid:~~2F~~2Ftelenet.be~~2F95739135-9b28-4370-b0cc-131e72baa960,imi:d499af1003c335088c841056579448a0888afde0"><title>Smossen mag</title><date></date><icon src="https://staticqbr-be-prod.tnprod.cdn.dmdsdp.com/image-service/ImagesEPG/EventImages/1af__d2e__1afd2e40-580e-4a25-b162-c6067adf0e10__B152764720.jpg"></icon><desc>Vraag aan 100 kinderen waaraan ze denken als ze het woord &quot;feest!&quot; horen en je zal als antwoord krijgen: ballonnen, boa's, vuurwerk, kinderchampagne en een echt feestmaal met bergen frietjes. Voor één keer zijn de kids de baas en vervult chef Roger van Damme hun wensen. Mats (10 jaar), Deborah (12 jaar) en Liselotte (9 jaar) maken zelf hun frietjes en serveren het met een bijzondere kip, aparte appelmoes, en verder met alles erop en eraan. Het ideale kinderfeest!</desc><category>Culinair</category></programme><programme channel="lgi-be-prod-master:njam" start="20211227085000 +0000" stop="20211227092000 +0000" catchup-id="crid:~~2F~~2Ftelenet.be~~2F36a73790-fd91-41d6-85f1-57cbf6c3a521,imi:5a06162ab50e116b24b4e9bc23b9348486472100"><title>Het perfecte feestmenu</title><date></date><icon src="https://staticqbr-be-prod.tnprod.cdn.dmdsdp.com/image-service/ImagesEPG/EventImages/dcc__82a__dcc82a1a-57ec-42d4-b34c-1a3afb51ccc1__B160609598.jpg"></icon><desc>In Het Perfecte Feestmenu tovert Dominique Persoone vandaag een fantastisch driegangenmenu op tafel. Het voorgerecht is een toast met gekonfijte zalm en wasabiroom, helemaal op voorhand klaar te zetten en dus ideaal als er gasten komen. Nadien volgt er een heerlijke tagliatelli met kwartel en boschampiganons. Dominique sluit zijn feestmenu af met crêpes Pavillon Montsouris, het perfecte dessert voor de zoetebekken onder ons.</desc><category>Culinair</category></programme><programme channel="lgi-be-prod-master:njam" start="20211227092000 +0000" stop="20211227100600 +0000" catchup-id="crid:~~2F~~2Ftelenet.be~~2F81f86cae-e0ab-474c-b451-714b8df99cfa,imi:2db504e7493541c7a6c2186156fb505586280b47"><title>Het Weekmenu - reeks 2</title><date></date><icon src="https://staticqbr-be-prod.tnprod.cdn.dmdsdp.com/image-service/ImagesEPG/EventImages/781__d18__781d1857-fa36-4bea-baaf-65d53a609721__B132337294.jpg"></icon><desc>De chef maakt een vierdaags weekmenu dat perfect is voorbereid. Viscurry met naanbrood // Lamsgehakt met tzatziki, koolsla en pittabrood // Mexicaanse pulled chicken // Indisch stoofpotje met zoete aardappel en tempeh</desc><category>Culinair</category></programme><programme channel="lgi-be-prod-master:njam" start="20211227100600 +0000" stop="20211227102500 +0000" catchup-id="crid:~~2F~~2Ftelenet.be~~2Fb37df9a8-15a9-463c-9f77-1094cf50c66b,imi:7bce11750314bd344a6c761244d035cabf39b873"><title>Pasta &amp; Risotto</title><date></date><icon src="https://staticqbr-be-prod.tnprod.cdn.dmdsdp.com/image-service/ImagesEPG/EventImages/49c__87f__49c87fdd-5b51-44de-b09b-83871d8b7cda__B144144898.jpg"></icon><desc>Culinair magazine (2017) waarin njam!-chefs Peppe Giacomazza, Dagny Ros Asmundsdottir, Jan Tournier en Steffi Vertriest een lekkere pasta en risotto klaarmaken</desc><category>Culinair</category></programme><programme channel="lgi-be-prod-master:njam" start="20211227102500 +0000" stop="20211227104100 +0000" catchup-id="crid:~~2F~~2Ftelenet.be~~2F859daea2-d659-4763-9542-70efa6bd4b79,imi:c4e410ea32b4009ff8c89895e319382064959a39"><title>Likoké On Tour</title><date></date><icon src="https://staticqbr-be-prod.tnprod.cdn.dmdsdp.com/image-service/ImagesEPG/EventImages/1dd__ca5__1ddca55d-c102-4c97-b274-8e00a6c39987__B147822989.jpg"></icon><desc>LOT of Likoké on tour: Een project waar Piet Huysentruyt en zijn team 'letterlijk' hun grenzen verleggen. Net zoals artiesten op wereld tournee vertrekken, gaat Likoké met de volledige ploeg op tour. Oorspronkelijk is het idee ontstaan om de geest van Likoké terug te brengen naar Afrika, als eerbetoon aan de vader van Chef Piet Huysentruyt. Daarvoor komt het team eerst naar Kortrijk, de stad waar het allemaal begon met de geboorte van Piet en de familie Huysentruyt. Na België maken ze een kleine omweg langs Azië (Japan, Bali en Singapore) om te belanden in Afrika!</desc><category>Culinair</category></programme><programme channel="lgi-be-prod-master:njam" start="20211227104100 +0000" stop="20211227113000 +0000" catchup-id="crid:~~2F~~2Ftelenet.be~~2F1b377d1f-cea5-4ba8-a2cd-0919cf0d9fdc,imi:ce7b67466a7bc8a696c24bdd04b1589b32c2f467"><title>De Chalet aan de Semois</title><date></date><icon src="https://staticqbr-be-prod.tnprod.cdn.dmdsdp.com/image-service/ImagesEPG/EventImages/b19__926__b199269d-3f9e-441c-a099-ab8cf47750ff__B179201852.jpg"></icon><desc>De heren zetten hun laatste dag in met een plons in de hottub en een poging tot vissen in de Semois. Dominique doet aan outdoorcooking en legt pladijs op de grill, Jeroen frituurt ijs als 4-uurtje en Peppe zorgt voor het laatste avondmaal.</desc><category>Culinair</category></programme><programme channel="lgi-be-prod-master:njam" start="20211227113000 +0000" stop="20211227120000 +0000" catchup-id="crid:~~2F~~2Ftelenet.be~~2Fbadb155a-836a-403b-8e15-dbc253800e4a,imi:51ac8e8f609ea49b64f268594b720e825128298d"><title>10 Jaar NJAM! 10 vragen voor..</title><date></date><icon src="https://staticqbr-be-prod.tnprod.cdn.dmdsdp.com/image-service/ImagesEPG/EventImages/bd6__f46__bd6f46e6-fde6-4d69-9e38-bdcdbe2a865a__B203940702.jpg"></icon><desc>Culinair magazine (2021) ter gelegenheid van het tienjarig bestaan van Njam!</desc><category>Culinair</category></programme>