<programme channel="lgi-be-prod-master:primegolf" start="20211226230000 +0000" stop="20211227000000 +0000" catchup-id="crid:~~2F~~2Ftelenet.be~~2F70efdbba-b8be-499f-8d88-f9469467f36a,imi:36a833eef2772cc73501eff7aa80c000a2707004"><title>The Players Official Film</title><date></date><icon src="https://staticqbr-be-prod.tnprod.cdn.dmdsdp.com/image-service/ImagesEPG/EventImages/9b5__a1f__9b5a1f4a-755f-4f68-bd72-f8dcbd347af1__B106320064.jpg"></icon><desc>Alle hoogtepunten van THE PLAYERS Championship 2021, de officieuze vijfde major in golf, gespeeld op de TPC Sawgrass, in Ponte Vedra Beach, Florida.</desc><category>Sport</category></programme><programme channel="lgi-be-prod-master:primegolf" start="20211227000000 +0000" stop="20211227030000 +0000" catchup-id="crid:~~2F~~2Ftelenet.be~~2F18db88d7-847e-4fbb-805f-58b7422cd22a,imi:01ae9593579323a4582dd3fa33572cfbfe178ba3"><title>European Tour: Alfred Dunhill Links Championship - Dag 4 (Herhaling)</title><date></date><icon src="https://staticqbr-be-prod.tnprod.cdn.dmdsdp.com/image-service/ImagesEPG/EventImages/9b5__a1f__9b5a1f4a-755f-4f68-bd72-f8dcbd347af1__B106320064.jpg"></icon><desc>Herhaling van de vierde en beslissende dag van het Alfred Dunhill Links Championship, gespeeld op de Old Course, St. Andrews, Carnoustie en Kingsbarns, in Schotland.</desc><category>Sport</category></programme><programme channel="lgi-be-prod-master:primegolf" start="20211227030000 +0000" stop="20211227060000 +0000" catchup-id="crid:~~2F~~2Ftelenet.be~~2Fc005d0bb-ac83-484c-9c80-4296344a94ee,imi:577476bf7388f61c7b1ba248c3ecc5a7e168d618"><title>AT&amp;T Pebble Beach Pro-Am (herhaling)</title><date></date><icon src="https://staticqbr-be-prod.tnprod.cdn.dmdsdp.com/image-service/ImagesEPG/EventImages/9b5__a1f__9b5a1f4a-755f-4f68-bd72-f8dcbd347af1__B106320064.jpg"></icon><desc>Herhaling van de vierde en beslissende dag van de AT&amp;T Pebble Beach Pro-Am, gespeeld op Pebble Beach Golf Links, in Pebble Beach, Californië.</desc><category>Sport</category></programme><programme channel="lgi-be-prod-master:primegolf" start="20211227060000 +0000" stop="20211227100000 +0000" catchup-id="crid:~~2F~~2Ftelenet.be~~2F5642d737-1eae-49a8-94ea-638e86c8f1a0,imi:66e6b6a505d836f37de4377865b008d69ded8faf"><title>European Tour: Abu Dhabi HSBC Championship - Dag 4 (Herhaling)</title><date></date><icon src="https://staticqbr-be-prod.tnprod.cdn.dmdsdp.com/image-service/ImagesEPG/EventImages/9b5__a1f__9b5a1f4a-755f-4f68-bd72-f8dcbd347af1__B106320064.jpg"></icon><desc>Herhaling van de vierde en beslissende dag van de Abu Dhabi HSBC Championship, gespeeld op de Abu Dhabi Golf Club in de Verenigde Arabische Emiraten in de European Tour.</desc><category>Sport</category></programme><programme channel="lgi-be-prod-master:primegolf" start="20211227100000 +0000" stop="20211227110000 +0000" catchup-id="crid:~~2F~~2Ftelenet.be~~2F577b161e-3544-4993-a2c7-314f8c2d1a21,imi:8a6e26418ecb914a9f7739e322f9aae3fc4917c3"><title>Golf: TOUR Championship (Hoogtepunten)</title><date></date><icon src="https://staticqbr-be-prod.tnprod.cdn.dmdsdp.com/image-service/ImagesEPG/EventImages/9b5__a1f__9b5a1f4a-755f-4f68-bd72-f8dcbd347af1__B106320064.jpg"></icon><desc>Alle hoogtepunten de TOUR Championship, gespeeld in de PGA Tour.</desc><category>Sport</category></programme><programme channel="lgi-be-prod-master:primegolf" start="20211227110000 +0000" stop="20211227120000 +0000" catchup-id="crid:~~2F~~2Ftelenet.be~~2F72b3c86d-8b1e-4332-9e46-3d71ae2318ac,imi:316a00391d7a0565963d5c58ffb9c09a2d65e3a9"><title>Korn Ferry Tour: BMW Charity Pro-Am</title><date></date><icon src="https://staticqbr-be-prod.tnprod.cdn.dmdsdp.com/image-service/ImagesEPG/EventImages/9b5__a1f__9b5a1f4a-755f-4f68-bd72-f8dcbd347af1__B106320064.jpg"></icon><desc>Alle hoogtepunten van het BMW Charity Pro-Am toernooi, gespeeld in de Korn Ferry Tour.</desc><category>Sport</category></programme>