<programme channel="lgi-be-prod-master:tmf" start="20211226232500 +0000" stop="20211226235000 +0000" catchup-id="crid:~~2F~~2Ftelenet.be~~2Fdfb983d7-1bfa-49a5-9566-9a52e75c6ecb,imi:4e7dacaef1697dd13356b0d3d51a3a81bd7d5f6c"><title>Workaholics</title><date></date><icon src="https://staticqbr-be-prod.tnprod.cdn.dmdsdp.com/image-service/ImagesEPG/EventImages/be7__543__be7543a2-68ee-4e1a-93e3-eb6fa2093cc7__B145161106.jpg"></icon><desc>De jongens raken geobsedeerd door weddenschappen op middelbare school sporten</desc><category>Sitcoms</category></programme><programme channel="lgi-be-prod-master:tmf" start="20211226235000 +0000" stop="20211227001500 +0000" catchup-id="crid:~~2F~~2Ftelenet.be~~2Feee1572b-508e-431d-bea2-67ca538bbef8,imi:1efcaf761a8b2706891f31d3a8afd57e96e6ae70"><title>Workaholics</title><date></date><icon src="https://staticqbr-be-prod.tnprod.cdn.dmdsdp.com/image-service/ImagesEPG/EventImages/be7__543__be7543a2-68ee-4e1a-93e3-eb6fa2093cc7__B145161106.jpg"></icon><desc>Wanneer ze op Valentijnsdag alleen zijn, zoeken de vrienden romantiek bij een webcammeisje.</desc><category>Sitcoms</category></programme><programme channel="lgi-be-prod-master:tmf" start="20211227001500 +0000" stop="20211227004500 +0000" catchup-id="crid:~~2F~~2Ftelenet.be~~2F891cc52e-3030-47df-85d1-c6f12aebccdf,imi:77db7c341d99d479b3d3e72d92e5c744c407efa4"><title>Workaholics</title><date></date><icon src="https://staticqbr-be-prod.tnprod.cdn.dmdsdp.com/image-service/ImagesEPG/EventImages/be7__543__be7543a2-68ee-4e1a-93e3-eb6fa2093cc7__B145161106.jpg"></icon><desc>Adam en Ders proberen rijke uitvinders te worden, terwijl Blake lid wordt van een groep tienerkunstenaars.</desc><category>Sitcoms</category></programme><programme channel="lgi-be-prod-master:tmf" start="20211227004500 +0000" stop="20211227010500 +0000" catchup-id="crid:~~2F~~2Ftelenet.be~~2F327ce8ce-8e82-4a77-9c8a-8d02ff57cb83,imi:13c1a873977755fbde88e452b347911c6ad3c5e6"><title>Workaholics</title><date></date><icon src="https://staticqbr-be-prod.tnprod.cdn.dmdsdp.com/image-service/ImagesEPG/EventImages/be7__543__be7543a2-68ee-4e1a-93e3-eb6fa2093cc7__B145161106.jpg"></icon><desc>De vrienden gaan naar een bejaardentehuis en ontmoeten de opa van Adam.</desc><category>Sitcoms</category></programme><programme channel="lgi-be-prod-master:tmf" start="20211227010500 +0000" stop="20211227012500 +0000" catchup-id="crid:~~2F~~2Ftelenet.be~~2F5df2f6f2-83de-4844-93b2-520a45672e5f,imi:4b245a6de47dfa9cc3abb5f2ae68f1511c8881e8"><title>Workaholics</title><date></date><icon src="https://staticqbr-be-prod.tnprod.cdn.dmdsdp.com/image-service/ImagesEPG/EventImages/be7__543__be7543a2-68ee-4e1a-93e3-eb6fa2093cc7__B145161106.jpg"></icon><desc>De vrienden gaan midden in de nacht op weg om de ultieme ontbijtburrito te vinden.</desc><category>Sitcoms</category></programme><programme channel="lgi-be-prod-master:tmf" start="20211227012500 +0000" stop="20211227014500 +0000" catchup-id="crid:~~2F~~2Ftelenet.be~~2Fff7a8cc0-c04c-4fb8-a65d-a2296f815538,imi:158808d792670ef060391887148ade58dbb76821"><title>Broad City</title><date></date><icon src="https://staticqbr-be-prod.tnprod.cdn.dmdsdp.com/image-service/ImagesEPG/EventImages/3c7__641__3c764167-ffed-45c8-9404-b060383aa95e__B141095717.jpg"></icon><desc>Ilana zoekt een oude vlam op om haar Bitcoin-deel op te eisen. Abbi laat voor het eerst haar was doen en raakt haar lievelingstrui kwijt.</desc><category>Sitcoms</category></programme><programme channel="lgi-be-prod-master:tmf" start="20211227014500 +0000" stop="20211227020500 +0000" catchup-id="crid:~~2F~~2Ftelenet.be~~2F58f8a328-5cb7-49bf-97d2-1f91fe77b47d,imi:0950e8cbb68ae0f6885dec0f8176a39ed4ca1c84"><title>Broad City</title><date></date><icon src="https://staticqbr-be-prod.tnprod.cdn.dmdsdp.com/image-service/ImagesEPG/EventImages/3c7__641__3c764167-ffed-45c8-9404-b060383aa95e__B141095717.jpg"></icon><desc>Ilana ontdekt een angstaanjagend geheim over Jaimé. Abbi probeert de sprong te maken van truivouwer tot etalage-artiest bij Anthropologie.</desc><category>Sitcoms</category></programme><programme channel="lgi-be-prod-master:tmf" start="20211227020500 +0000" stop="20211227022500 +0000" catchup-id="crid:~~2F~~2Ftelenet.be~~2F8af73b76-07d6-4383-8d90-d2f54773834f,imi:012227c2ece5f8c126bd121d9268222a3e6de938"><title>Broad City</title><date></date><icon src="https://staticqbr-be-prod.tnprod.cdn.dmdsdp.com/image-service/ImagesEPG/EventImages/3c7__641__3c764167-ffed-45c8-9404-b060383aa95e__B141095717.jpg"></icon><desc>Abbi krijgt een uitnodiging voor een chic kunstevenement bij MoMA. Ilana en Lincoln checken hun relatie van een jaar.</desc><category>Sitcoms</category></programme><programme channel="lgi-be-prod-master:tmf" start="20211227022500 +0000" stop="20211227024500 +0000" catchup-id="crid:~~2F~~2Ftelenet.be~~2F6be243f7-4cdf-4de9-85a9-11503438fe6d,imi:60628aa9cbbde67ecf7bf12a463a8fbc7e5571b2"><title>Broad City</title><date></date><icon src="https://staticqbr-be-prod.tnprod.cdn.dmdsdp.com/image-service/ImagesEPG/EventImages/3c7__641__3c764167-ffed-45c8-9404-b060383aa95e__B141095717.jpg"></icon><desc>De meiden ontmoeten een verre achterneef van Ilana. Hij is een overlevende van de Holocaust en ze gaan met hem naar een dragbrunch. Abbi probeert een nieuwe look uit.</desc><category>Sitcoms</category></programme><programme channel="lgi-be-prod-master:tmf" start="20211227024500 +0000" stop="20211227030500 +0000" catchup-id="crid:~~2F~~2Ftelenet.be~~2Faa401c41-8b93-44b3-afaf-63ed1306fb7c,imi:89a19c854b2d3944ca75bdcd995dd35f04e35f0c"><title>Broad City</title><date></date><icon src="https://staticqbr-be-prod.tnprod.cdn.dmdsdp.com/image-service/ImagesEPG/EventImages/3c7__641__3c764167-ffed-45c8-9404-b060383aa95e__B141095717.jpg"></icon><desc>Ilana krijgt een baan als haarmodel. Abbi's nieuwe vlam zegt dat ze niet volwassen genoeg is.</desc><category>Sitcoms</category></programme><programme channel="lgi-be-prod-master:tmf" start="20211227030500 +0000" stop="20211227032500 +0000" catchup-id="crid:~~2F~~2Ftelenet.be~~2F0f57e649-c73a-4f18-967f-b22be8b343de,imi:3c1a07b71c22b21662f7483929d7787ed12db786"><title>Broad City</title><date></date><icon src="https://staticqbr-be-prod.tnprod.cdn.dmdsdp.com/image-service/ImagesEPG/EventImages/3c7__641__3c764167-ffed-45c8-9404-b060383aa95e__B141095717.jpg"></icon><desc>Abbi en Ilana gaan naar Sleep No More en Abbi probeert het juiste moment te kiezen om Ilana belangrijk nieuws te vertellen.</desc><category>Sitcoms</category></programme><programme channel="lgi-be-prod-master:tmf" start="20211227032500 +0000" stop="20211227034500 +0000" catchup-id="crid:~~2F~~2Ftelenet.be~~2F1b63679d-7989-4938-9ea8-cf13cb48fe2f,imi:4e25e0d2c9cdff945ee86d0b59a37b998aa333da"><title>Broad City</title><date></date><icon src="https://staticqbr-be-prod.tnprod.cdn.dmdsdp.com/image-service/ImagesEPG/EventImages/3c7__641__3c764167-ffed-45c8-9404-b060383aa95e__B141095717.jpg"></icon><desc>Abbi, Ilana en Bevers verkopen Abbi's spullen in New York City. Abbi heeft kaartjes voor een concert van Lil Wayne en de meiden gaan op een 'trip'.</desc><category>Sitcoms</category></programme><programme channel="lgi-be-prod-master:tmf" start="20211227034500 +0000" stop="20211227040500 +0000" catchup-id="crid:~~2F~~2Ftelenet.be~~2F9042f77a-6b5c-4b03-95fa-d7140d5c4d6a,imi:8db6025a23c1c96d43e3c143620bebb2c8b444e4"><title>Broad City</title><date></date><icon src="https://staticqbr-be-prod.tnprod.cdn.dmdsdp.com/image-service/ImagesEPG/EventImages/3c7__641__3c764167-ffed-45c8-9404-b060383aa95e__B141095717.jpg"></icon><desc>Amerikaanse komische serie</desc><category>Sitcoms</category></programme><programme channel="lgi-be-prod-master:tmf" start="20211227040500 +0000" stop="20211227042500 +0000" catchup-id="crid:~~2F~~2Ftelenet.be~~2Ffc579d84-bd2c-4a82-99e5-e9dffbfedf29,imi:168c63e1b64ac67c3768a6ca2503d310972ebf55"><title>Inside Amy Schumer</title><date></date><icon src="https://staticqbr-be-prod.tnprod.cdn.dmdsdp.com/image-service/ImagesEPG/EventImages/266__ceb__266ceb7d-f66d-47e3-bc8a-58c589f22edf__B206516354.jpg"></icon><desc>Amy heeft spijt van een onenightstand, een vliegreis en haar auditie voor Twee meiden, één beker.</desc><category>Sitcoms</category></programme><programme channel="lgi-be-prod-master:tmf" start="20211227042500 +0000" stop="20211227044000 +0000" catchup-id="crid:~~2F~~2Ftelenet.be~~2F789c61ab-fb7c-41fe-9208-593e5ac3b08b,imi:5b07dbf41afd75cccbc73590c119f86df31daa2a"><title>Inside Amy Schumer</title><date></date><icon src="https://staticqbr-be-prod.tnprod.cdn.dmdsdp.com/image-service/ImagesEPG/EventImages/266__ceb__266ceb7d-f66d-47e3-bc8a-58c589f22edf__B206516354.jpg"></icon><desc>Amy worstelt met sexting, bezoekt een ballenrestaurant en interviewt een stripper.</desc><category>Sitcoms</category></programme><programme channel="lgi-be-prod-master:tmf" start="20211227044000 +0000" stop="20211227050000 +0000" catchup-id="crid:~~2F~~2Ftelenet.be~~2Fe0db202c-cf63-4e7f-a5c9-406d49990c83,imi:d4dc7bfb7575d1550c131a8b54bf3285ec83e633"><title>Takeshi's Castle Indonesia</title><date></date><icon src="https://staticqbr-be-prod.tnprod.cdn.dmdsdp.com/image-service/ImagesEPG/EventImages/77f__6db__77f6dbe4-6660-4914-a7c7-4a6241595b88__B179383317.jpg"></icon><desc>Na 'Helden', 'Instafamous' en 'De Buurtpolitie 'wou Dempsey Hendrickx eindelijk eens meedoen met een echt vreemd programma. Adriaan Van den Hoof nodigde hem dan ook graag uit om samen naar deze gekkigheid te kijken.</desc><category>Vrije tijd, Showbiz</category></programme><programme channel="lgi-be-prod-master:tmf" start="20211227050000 +0000" stop="20211227052500 +0000" catchup-id="crid:~~2F~~2Ftelenet.be~~2F8f0f0cd1-15fd-4301-ab44-44ba217b27e2,imi:85cdd99cbe6fdd59bbc779df435e46cd6c4f6462"><title>Most Ridiculous</title><date></date><icon src="https://staticqbr-be-prod.tnprod.cdn.dmdsdp.com/image-service/ImagesEPG/EventImages/414__6ec__4146ec81-7c33-4877-b3cf-d132fa67cc70__B141095715.jpg"></icon><desc>We zien jeugdige valpartijen, pogostick ongevallen en een schokkend experiment! Een aflevering met zot gespuis.</desc><category>Vrije tijd, Showbiz</category></programme><programme channel="lgi-be-prod-master:tmf" start="20211227052500 +0000" stop="20211227055000 +0000" catchup-id="crid:~~2F~~2Ftelenet.be~~2Feb2d7bc4-f124-45ae-bb4c-02365dd936b7,imi:26875eff3db7a68baee4706fd52af49d32935d70"><title>Most Ridiculous</title><date></date><icon src="https://staticqbr-be-prod.tnprod.cdn.dmdsdp.com/image-service/ImagesEPG/EventImages/414__6ec__4146ec81-7c33-4877-b3cf-d132fa67cc70__B141095715.jpg"></icon><desc>Sven de Ridder voorziet ze van commentaar. Skateboarden, skydiven of gewoon fietsen, allles kan verkeerd aflopen. Deze aflevering zit vol Waaghalzen.</desc><category>Vrije tijd, Showbiz</category></programme><programme channel="lgi-be-prod-master:tmf" start="20211227055000 +0000" stop="20211227062000 +0000" catchup-id="crid:~~2F~~2Ftelenet.be~~2F31439ace-a6aa-4340-9c09-0bcdf222c35d,imi:3c5ce059d79a8afe51df146df7a9d9b304d8dfaf"><title>Your Face or Mine</title><date></date><icon src="https://staticqbr-be-prod.tnprod.cdn.dmdsdp.com/image-service/ImagesEPG/EventImages/6d6__810__6d6810df-87d3-4196-8d13-51b9997ed255__B141095741.jpg"></icon><desc>Special. Footballer en Celebrity Big Brother-deelnemer Jermaine Pennant en model Alice Goodwin moeten allerlei gezichten beoordelen. Met presentatoren Jimmy Carr en Katherine Ryan.</desc><category>Spelshow</category></programme><programme channel="lgi-be-prod-master:tmf" start="20211227062000 +0000" stop="20211227065000 +0000" catchup-id="crid:~~2F~~2Ftelenet.be~~2F40fbcbf6-6c38-420c-8c59-e86ad2e30fef,imi:9ff63c2d26ed5ee7787a7b14d593463ed2ebe893"><title>Your Face or Mine</title><date></date><icon src="https://staticqbr-be-prod.tnprod.cdn.dmdsdp.com/image-service/ImagesEPG/EventImages/6d6__810__6d6810df-87d3-4196-8d13-51b9997ed255__B141095741.jpg"></icon><desc>Jimmy Carr en Katherine Ryan presenteren de gameshow die stellen op de proef stelt. Ryan en Simi moeten allerlei gezichten beoordelen om kans te maken op duizenden ponden.</desc><category>Spelshow</category></programme><programme channel="lgi-be-prod-master:tmf" start="20211227065000 +0000" stop="20211227071500 +0000" catchup-id="crid:~~2F~~2Ftelenet.be~~2F338273f8-3773-4491-9ef5-26f5cf13f99d,imi:7a6487dc3e5e8f0768aefae0babf23988766bd9d"><title>Most Ridiculous</title><date></date><icon src="https://staticqbr-be-prod.tnprod.cdn.dmdsdp.com/image-service/ImagesEPG/EventImages/414__6ec__4146ec81-7c33-4877-b3cf-d132fa67cc70__B141095715.jpg"></icon><desc>We gaan allemaal naar de klote! Veel blauwe ballen en schaamtelijke schaafwonden bij deze stupide sporters!</desc><category>Vrije tijd, Showbiz</category></programme><programme channel="lgi-be-prod-master:tmf" start="20211227071500 +0000" stop="20211227074500 +0000" catchup-id="crid:~~2F~~2Ftelenet.be~~2F09a20f27-b6a4-4e57-925f-6d70961a0d0a,imi:9396c7860d2ec61e3f15232a1da5a4353822953a"><title>Most Ridiculous</title><date></date><icon src="https://staticqbr-be-prod.tnprod.cdn.dmdsdp.com/image-service/ImagesEPG/EventImages/414__6ec__4146ec81-7c33-4877-b3cf-d132fa67cc70__B141095715.jpg"></icon><desc>Een aflevering waar de inbrekers, geschifte chauffeurs en zatte zotten één ding gemeen hebben: het zijn herrieschoppers.</desc><category>Vrije tijd, Showbiz</category></programme><programme channel="lgi-be-prod-master:tmf" start="20211227074500 +0000" stop="20211227080500 +0000" catchup-id="crid:~~2F~~2Ftelenet.be~~2F57da5f78-2639-4437-b986-b6a88dd207e7,imi:7e2d6ace4ee3bddc3e8ff07c773a377e1207138f"><title>Your Face or Mine</title><date></date><icon src="https://staticqbr-be-prod.tnprod.cdn.dmdsdp.com/image-service/ImagesEPG/EventImages/6d6__810__6d6810df-87d3-4196-8d13-51b9997ed255__B141095741.jpg"></icon><desc>Jack en Dani moeten allerlei gezichten beoordelen om kans te maken op duizenden ponden.</desc><category>Spelshow</category></programme><programme channel="lgi-be-prod-master:tmf" start="20211227080500 +0000" stop="20211227083500 +0000" catchup-id="crid:~~2F~~2Ftelenet.be~~2Fc7045af7-146f-48b8-8e32-32d3c653d1ce,imi:d0435b84104130eef7720d5b769688375420dab9"><title>Your Face or Mine</title><date></date><icon src="https://staticqbr-be-prod.tnprod.cdn.dmdsdp.com/image-service/ImagesEPG/EventImages/6d6__810__6d6810df-87d3-4196-8d13-51b9997ed255__B141095741.jpg"></icon><desc>Kady en Myles van TOWIE moeten allerlei gezichten beoordelen om kans te maken op duizenden ponden.</desc><category>Spelshow</category></programme><programme channel="lgi-be-prod-master:tmf" start="20211227083500 +0000" stop="20211227090000 +0000" catchup-id="crid:~~2F~~2Ftelenet.be~~2F2e1351d2-1d52-48bc-95d4-91feb93c9231,imi:fcf18a63794c8b80ef4b5026f5002e7c39d0fa85"><title>Your Face or Mine</title><date></date><icon src="https://staticqbr-be-prod.tnprod.cdn.dmdsdp.com/image-service/ImagesEPG/EventImages/6d6__810__6d6810df-87d3-4196-8d13-51b9997ed255__B141095741.jpg"></icon><desc>Jimmy Carr en Katherine Ryan presenteren de gameshow die stellen op de proef stelt. Olympische atleet Greg Rutherford en z'n partner staan in de startblokken om kans te maken op duizenden ponden.</desc><category>Spelshow</category></programme><programme channel="lgi-be-prod-master:tmf" start="20211227090000 +0000" stop="20211227092500 +0000" catchup-id="crid:~~2F~~2Ftelenet.be~~2Fbd2dc18a-f334-4b0e-967e-e7b77e0f6245,imi:0a63b3c925cde205426811ffd9ef5d01f4389328"><title>Your Face or Mine</title><date></date><icon src="https://staticqbr-be-prod.tnprod.cdn.dmdsdp.com/image-service/ImagesEPG/EventImages/6d6__810__6d6810df-87d3-4196-8d13-51b9997ed255__B141095741.jpg"></icon><desc>Jimmy Carr en Katherine Ryan presenteren de gameshow die stellen op de proef stelt. Cheryl en Haydn moeten allerlei gezichten beoordelen om kans te maken op duizenden ponden.</desc><category>Spelshow</category></programme><programme channel="lgi-be-prod-master:tmf" start="20211227092500 +0000" stop="20211227095500 +0000" catchup-id="crid:~~2F~~2Ftelenet.be~~2Ff160c049-8863-45d3-910d-6e0bd3d63392,imi:99506542e18e9abfe0fcf2d9a8f6bb4425206e7a"><title>Nathan For You</title><date></date><icon src="https://staticqbr-be-prod.tnprod.cdn.dmdsdp.com/image-service/ImagesEPG/EventImages/710__28d__71028d0c-4046-4e13-9e64-ffde646cace2__B205729183.jpg"></icon><desc>Komiek Nathan Fielder gebruikt zijn business diploma en levenservaringen om worstelende kleine bedrijven te helpen. Dit doet hij met strategieën die je van een traditionele business consultant niet zou verwachten. De onconventionele oplossingen die Nathan bedenkt zorgen voor genoeg hilarische en ongemakkelijke momenten om van begin tot eind te genieten van elke aflevering. En ondernemers, let goed op, misschien leer je er nog iets van.</desc><category>Documentaire, Reality-tv</category></programme><programme channel="lgi-be-prod-master:tmf" start="20211227095500 +0000" stop="20211227102000 +0000" catchup-id="crid:~~2F~~2Ftelenet.be~~2Fbd82445e-c621-4d31-97bc-060a5162da91,imi:1b2dc1959e09a582cf0cabb06207a61ef657e22e"><title>Nathan for You</title><date></date><icon src="https://staticqbr-be-prod.tnprod.cdn.dmdsdp.com/image-service/ImagesEPG/EventImages/710__28d__71028d0c-4046-4e13-9e64-ffde646cace2__B205729183.jpg"></icon><desc>Nathan helpt een slijterij om drank te verkopen aan minderjarige jongeren; een examinator leert hoe hij discreet te werk kan gaan.</desc><category>Documentaire, Reality-tv</category></programme><programme channel="lgi-be-prod-master:tmf" start="20211227102000 +0000" stop="20211227105000 +0000" catchup-id="crid:~~2F~~2Ftelenet.be~~2F891fbafa-efa8-4af8-bbab-71a4a7beafbd,imi:e873744e345fb777b96c5f8f6a5e5b43bf845f16"><title>South Park</title><date></date><icon src="https://staticqbr-be-prod.tnprod.cdn.dmdsdp.com/image-service/ImagesEPG/EventImages/745__e6e__745e6e4d-1466-40fe-b3e7-f299848929c0__B47987782.jpg"></icon><desc>Stan Marsh zit aan de grond. Hij heeft geen baan, geen fiets en de enige manier om uit zijn penibele situatie te komen is door het plaatselijke kinderijshockeyteam te coachen.</desc><category>Animatie</category></programme><programme channel="lgi-be-prod-master:tmf" start="20211227105000 +0000" stop="20211227111500 +0000" catchup-id="crid:~~2F~~2Ftelenet.be~~2Ff8cb7b89-a3f1-4bb2-80aa-a0088b926957,imi:20b2add8adbbec159038b2527a39b0431cb746fc"><title>South Park</title><date></date><icon src="https://staticqbr-be-prod.tnprod.cdn.dmdsdp.com/image-service/ImagesEPG/EventImages/745__e6e__745e6e4d-1466-40fe-b3e7-f299848929c0__B47987782.jpg"></icon><desc>Stan staat buiten de groep nadat zijn vader Randy het 'N-Woord' heeft uitgesproken op nationale tv. Cartman krijgt een sensitiviteits- training op school</desc><category>Animatie</category></programme><programme channel="lgi-be-prod-master:tmf" start="20211227111500 +0000" stop="20211227113500 +0000" catchup-id="crid:~~2F~~2Ftelenet.be~~2Fcb34bd52-2c30-4012-b1b1-cc49bf092a49,imi:51b2736c02f868b54ba583b5e9c1b18875b6a1a3"><title>Adventure TIme</title><date></date><icon src="https://staticqbr-be-prod.tnprod.cdn.dmdsdp.com/image-service/ImagesEPG/EventImages/df3__6dd__df36dd96-8392-443f-8af5-4659d8948924__B141038066.jpg"></icon><desc>Finn en Jake zullen, op bevel van de nieuwe heerser in het Suikerrijk, Prinses Koning van Ooo, een van de grootste geheimen van het koninkrijk ontdekken.</desc><category>Kinderen, Animatie</category></programme><programme channel="lgi-be-prod-master:tmf" start="20211227113500 +0000" stop="20211227114500 +0000" catchup-id="crid:~~2F~~2Ftelenet.be~~2F0f246f95-958c-46ff-af12-45c3c18128b3,imi:670785b8a56a8e7df24ccc88ef095940ecae83a8"><title>Adventure TIme</title><date></date><icon src="https://staticqbr-be-prod.tnprod.cdn.dmdsdp.com/image-service/ImagesEPG/EventImages/df3__6dd__df36dd96-8392-443f-8af5-4659d8948924__B141038066.jpg"></icon><desc>Bubbelien moet samen met Marcelien het hoofd bieden aan een dreiging voor haar onderdanen.</desc><category>Kinderen, Animatie</category></programme><programme channel="lgi-be-prod-master:tmf" start="20211227114500 +0000" stop="20211227120000 +0000" catchup-id="crid:~~2F~~2Ftelenet.be~~2Faf0670e5-fceb-45fc-9574-371074da8a72,imi:7bee341bf8b84eb2d2d1f8c5775a5fa1f5599023"><title>The King of Queens'</title><date></date><icon src="https://staticqbr-be-prod.tnprod.cdn.dmdsdp.com/image-service/ImagesEPG/EventImages/494__4a4__4944a42f-8c9b-4940-bdc8-e94c33849245__B181312794.jpg"></icon><desc>Carrie is in de wolken met haar nieuwe kapsel. Doug denkt er anders over en hij wil niet dat zijn vrouw met dergelijk kapsel meegaat naar zijn schoolreünie. Spence blijft liever thuis van de reünie omdat hij vreest zijn vroegere lerares Spaans, met wie hij een korte maar passionele relatie had, tegen het lijf te lopen.</desc><category>Sitcoms</category></programme>