<programme channel="lgi-be-prod-master:evenaar" start="20211226231500 +0000" stop="20211227011000 +0000" catchup-id="crid:~~2F~~2Ftelenet.be~~2F6a6042ee-0589-45b9-881f-ca747c559b56,imi:86a464f843fb2d5f3287a837be36bf25b70dd56f"><title>De Domeinen Ditvoorst</title><date>1992</date><icon src="https://staticqbr-be-prod.tnprod.cdn.dmdsdp.com/image-service/ImagesEPG/EventImages/ccb__b6b__ccbb6b31-f06e-4efe-bcca-beb0e5aa9cd9__B211003260.jpg"></icon><desc>Acteur Thom Hoffman maakte over het leven en het werk van de in 1987 overleden Nederlandse filmmaker Adriaan Ditvoorst een documentaire. Een fascinerend verhaal. 1992</desc><category>Film, Documentaire</category></programme><programme channel="lgi-be-prod-master:evenaar" start="20211227011000 +0000" stop="20211227015500 +0000" catchup-id="crid:~~2F~~2Ftelenet.be~~2Fb14a3bbd-774f-4378-81ca-79196a3099cb,imi:3b76227ab035787949c1c72f661a838fde63a4f1"><title>Met de trein reizen</title><date></date><icon src="https://staticqbr-be-prod.tnprod.cdn.dmdsdp.com/image-service/ImagesEPG/EventImages/938__05a__93805a05-b54a-4d86-a6a6-f199a924ace1__B105932964.jpg"></icon><desc>Rustig met de trein reizen Afl. 4</desc><category>Nieuws, Actualiteitenprogramma's</category></programme><programme channel="lgi-be-prod-master:evenaar" start="20211227015500 +0000" stop="20211227025500 +0000" catchup-id="crid:~~2F~~2Ftelenet.be~~2Fea91eaf4-ae17-49e1-9e90-75cb83217a9c,imi:c10afaeb1fd9a894ffb91b29532070dad2bb2cfe"><title>De Daken van</title><date></date><icon src="https://staticqbr-be-prod.tnprod.cdn.dmdsdp.com/image-service/ImagesEPG/EventImages/2d0__40f__2d040f3e-ba6f-4d8c-bfe8-4a919d7a0ffa__B160043017.jpg"></icon><desc>Documentairereeks (2018) over het leven op de skyscrapers van de metropolen Parijs, New York, Tokyo en Barcelona</desc><category>Nieuws, Actualiteitenprogramma's</category></programme><programme channel="lgi-be-prod-master:evenaar" start="20211227025500 +0000" stop="20211227035500 +0000" catchup-id="crid:~~2F~~2Ftelenet.be~~2F618428fb-e351-47d7-99e3-003e237dc077,imi:1a21d3b1a9841ca4e25c14e47fb7aa1c9f994d93"><title>De Alpen</title><date></date><icon src="https://staticqbr-be-prod.tnprod.cdn.dmdsdp.com/image-service/ImagesEPG/EventImages/2d0__40f__2d040f3e-ba6f-4d8c-bfe8-4a919d7a0ffa__B160043017.jpg"></icon><desc>De Zwitserse bergen - Van Engadin tot het meer van Zürich</desc><category>Nieuws, Actualiteitenprogramma's</category></programme><programme channel="lgi-be-prod-master:evenaar" start="20211227035500 +0000" stop="20211227041000 +0000" catchup-id="crid:~~2F~~2Ftelenet.be~~2Fde5883d3-d953-4358-afa1-fac373b4935e,imi:a88863b64670425cfdf8aed981b9bed9de9514ef"><title>Rondje Gastronomisch Vlaanderen</title><date></date><icon src="https://staticqbr-be-prod.tnprod.cdn.dmdsdp.com/image-service/ImagesEPG/EventImages/69a__201__69a20120-e71e-4c92-929d-5fe6493645fc__B160043378.jpg"></icon><desc>Van hop tot bier - Toerisme Vlaanderen</desc><category>Documentaire, Oude culturen</category></programme><programme channel="lgi-be-prod-master:evenaar" start="20211227041000 +0000" stop="20211227050500 +0000" catchup-id="crid:~~2F~~2Ftelenet.be~~2F4bd11661-c41f-4029-b18c-17718b322538,imi:c75cff73d8aa494270a22c2630fdf06b6a8dde41"><title>Stapland</title><date></date><icon src="https://staticqbr-be-prod.tnprod.cdn.dmdsdp.com/image-service/ImagesEPG/EventImages/835__072__83507257-fcab-45d6-9f5e-020a9068a43d__B105936401.jpg"></icon><desc>We volgen Bradley Mayhew, die schrijft reizen en trekking gidsen voor de Lonely Planet, meestal in het verre Azië. Nu verkent hij een aantal van de mooiste, meest fascinerende en spannende wandelroutes in Europa. Vanuit de lucht zien we het epische landschap rondom de paden, afgewisseld met interessante locaties en sterke verhalen langs de weg: oude dorpen, kloosters, kastelen, wijngaarden, oude herbergen en nog veel meer. Culinaire verhalen, kunst, historische bezienswaardigheden, architectuur en, belangrijker nog, interessante mensen zijn ook onderdeel van de ervaring. De serie is een onderhoudende en plezierige blik op de landschappen, monumenten en het leven in Europa. Reismagazine waarin Bradley Mayhew de meest fascinerende en spannende wandelroutes in Europa verkent.</desc><category>Dramaseries, Thriller</category></programme><programme channel="lgi-be-prod-master:evenaar" start="20211227050500 +0000" stop="20211227052500 +0000" catchup-id="crid:~~2F~~2Ftelenet.be~~2Ff3674965-06f2-4748-90ea-224447f7a8a5,imi:eea0fb6ebeeb6e47eaab12b05325218a986e1f1e"><title>Smaakmakkers winter 2021</title><date></date><icon src="https://staticqbr-be-prod.tnprod.cdn.dmdsdp.com/image-service/ImagesEPG/EventImages/69a__201__69a20120-e71e-4c92-929d-5fe6493645fc__B160043378.jpg"></icon><desc>Smaakmakkers winter 2021 - afl 4</desc><category>Documentaire, Oude culturen</category></programme><programme channel="lgi-be-prod-master:evenaar" start="20211227052500 +0000" stop="20211227054500 +0000" catchup-id="crid:~~2F~~2Ftelenet.be~~2F7845118c-9978-4d08-9d0d-6735d7a0e7be,imi:4905c5724b3af79334ce848877e971bd46795f84"><title>Rondje Gastronomisch Vlaanderen</title><date></date><icon src="https://staticqbr-be-prod.tnprod.cdn.dmdsdp.com/image-service/ImagesEPG/EventImages/69a__201__69a20120-e71e-4c92-929d-5fe6493645fc__B160043378.jpg"></icon><desc>Van boon tot praline - Toerisme Vlaanderen</desc><category>Documentaire, Oude culturen</category></programme><programme channel="lgi-be-prod-master:evenaar" start="20211227054500 +0000" stop="20211227061500 +0000" catchup-id="crid:~~2F~~2Ftelenet.be~~2Faaeff404-484b-4536-b632-f4c44cfd3401,imi:b15987e6c5c19bc872aedd63539d8a5166b0c4b5"><title>Mooi en Meedogenloos</title><date></date><icon src="https://staticqbr-be-prod.tnprod.cdn.dmdsdp.com/image-service/ImagesEPG/EventImages/5ad__419__5ad41954-87db-4949-b295-8803bb044e19__B118118604.jpg"></icon><desc>Bill heeft kritiek op Thomas in een gesprek met Wyatt. Hij heeft onbedoeld zijn droom over Brooke verstoord. Het wordt Douglas allemaal even teveel op de bruiloft. Zoe pusht Thomas om verder te gaan met de plechtigheid.</desc><category>Soap</category></programme><programme channel="lgi-be-prod-master:evenaar" start="20211227061500 +0000" stop="20211227070000 +0000" catchup-id="crid:~~2F~~2Ftelenet.be~~2F3c7f0613-7f24-4deb-bf8a-a4db8a57a623,imi:24c4c184585fef8799e58a8290531dfb5f3c541c"><title>De Dingen des Levens</title><date></date><icon src="https://staticqbr-be-prod.tnprod.cdn.dmdsdp.com/image-service/ImagesEPG/EventImages/5fe__204__5fe204b3-369f-4e06-a17b-bedbc0b8afee__B128988024.jpg"></icon><desc>Terwijl de zoektocht naar Paul doorgaat, nemen Gabi en Chad een pauze en praten over waar ze naar toe gaan. Sonny besluit zelf op zoek te gaan naar Paul en is opgelucht als hij hem vindt. Claire is geschrokken dat de sekstape van haar en Theo nog steeds op Theo's computer staat. Op hetzelfde moment ontdekken Abe en Hope de film.</desc><category>Soap</category></programme><programme channel="lgi-be-prod-master:evenaar" start="20211227070000 +0000" stop="20211227080000 +0000" catchup-id="crid:~~2F~~2Ftelenet.be~~2F57ea4eaa-f45e-4689-9f19-03aebd4569ed,imi:59fab57483f4efc16fbfe6a556f7d5fb42da44f9"><title>De Rolkrant</title><date></date><icon src="https://staticqbr-be-prod.tnprod.cdn.dmdsdp.com/image-service/ImagesEPG/EventImages/f14__de0__f14de018-9dd6-491e-8f14-8ef0f728ccbd__B78363348.jpg"></icon><desc>Nieuwsberichten en allerhande info met radio Mfm</desc><category>Actualiteit</category></programme><programme channel="lgi-be-prod-master:evenaar" start="20211227080000 +0000" stop="20211227084500 +0000" catchup-id="crid:~~2F~~2Ftelenet.be~~2F3180ed56-e1c7-4ae0-a906-f6255eccef4c,imi:58da227aa617f0eb0591a4373072f98ea6e1a1c5"><title>Vieringen</title><date></date><icon src="https://staticqbr-be-prod.tnprod.cdn.dmdsdp.com/image-service/ImagesEPG/EventImages/59a__5c9__59a5c960-dc99-4ea0-90c5-d9a498c06376__B105940124.jpg"></icon><desc>Dagelijkse vieringen vanuit een locatie in Vlaanderen, Brussel</desc><category>Actualiteit</category></programme><programme channel="lgi-be-prod-master:evenaar" start="20211227084500 +0000" stop="20211227085500 +0000" catchup-id="crid:~~2F~~2Ftelenet.be~~2Fc4ccd42c-8d97-4bff-9715-2dbdccc24f4e,imi:55efd77c4902d87dc856748730560474d18c7827"><title>Kerk in Nood - Kerstvideo's</title><date></date><icon src="https://staticqbr-be-prod.tnprod.cdn.dmdsdp.com/image-service/ImagesEPG/EventImages/59a__5c9__59a5c960-dc99-4ea0-90c5-d9a498c06376__B105940124.jpg"></icon><desc>Wat doet Kerk in Nood concreet om christenen in Oekraïne te helpen?</desc><category>Actualiteit</category></programme><programme channel="lgi-be-prod-master:evenaar" start="20211227085500 +0000" stop="20211227091500 +0000" catchup-id="crid:~~2F~~2Ftelenet.be~~2F083dab34-458a-486d-8aa8-894a51232939,imi:1fa9e74a88f96d759e453d4b456f8628ee516e13"><title>Sanne Leest</title><date></date><icon src="https://staticqbr-be-prod.tnprod.cdn.dmdsdp.com/image-service/ImagesEPG/EventImages/938__05a__93805a05-b54a-4d86-a6a6-f199a924ace1__B105932964.jpg"></icon><desc>Sanne leest fragmenten uit werk van Diane De Keyzer, Uit haar nieuwe boek 'de vondelingen', dit najaar uitgegeven bij Pelckmans  en een ouder werk 'kerstekind' uitgegeven bij Manteau ism Wablieft. Sanne schakelt tussen deze twee en neemt jullie mee naar 'kindekes in doekskes gewikkeld' en licht een heel klein stukje van de geschiedenis van gevonden kinderen, heel lang geleden tot vandaag,  uit dit boek. Tussendoor pikt ze in op het verhaal 'kerstekind' een autobiografisch stukje van de schrijfster, die zoals de titel al doet vermoeden, als kerstekind geboren werd</desc><category>Nieuws, Actualiteitenprogramma's</category></programme><programme channel="lgi-be-prod-master:evenaar" start="20211227091500 +0000" stop="20211227100000 +0000" catchup-id="crid:~~2F~~2Ftelenet.be~~2F8ad6e44e-924f-4d7d-a73a-9d76a79f83ea,imi:481c8afce5a905452c5d4ce2e0a19ea7dd20b2e9"><title>Dicte</title><date></date><icon src="https://staticqbr-be-prod.tnprod.cdn.dmdsdp.com/image-service/ImagesEPG/EventImages/0f8__692__0f86923b-d62c-4d96-9ce0-2690ccd957d1__B78005880.jpg"></icon><desc>Dicte en Bo staan voor een levensbedreigende crisis net nadat ze een grote stap hebben genomen in hun relatie. Wagners ex-vrouw komt op bezoek en zorgt voor onrust.</desc><category>Dramaseries, Actie</category></programme><programme channel="lgi-be-prod-master:evenaar" start="20211227100000 +0000" stop="20211227101000 +0000" catchup-id="crid:~~2F~~2Ftelenet.be~~2F33bb4da9-f2de-4df6-ab13-cde4a26309a2,imi:e8c2adc413f754edbb8aa4385352b5bf2a0ef2e7"><title>De Wensenboom Ochtend</title><date></date><icon src="https://staticqbr-be-prod.tnprod.cdn.dmdsdp.com/image-service/ImagesEPG/EventImages/215__e00__215e00d1-e35d-49ff-a2c6-bb77a2917299__W106255293.jpg"></icon><desc>De wensenboom vervult wensen en wil zo zorgen voor een steuntje in de rug. Iemand in het zonnetje zetten lijkt iets kleins, maar is heel belangrijk. Iemand een spoedig herstel toewensen, gelukwensen met zijn verjaardag of de geboorte van een kind of kleinkind, feliciteren voor huwelijk of een zilveren of gouden jubileum, succes wensen met een nieuwe uitdaging, ...</desc><category>Nieuws, Actualiteitenprogramma's</category></programme><programme channel="lgi-be-prod-master:evenaar" start="20211227101000 +0000" stop="20211227102000 +0000" catchup-id="crid:~~2F~~2Ftelenet.be~~2F03b8f267-f39c-4460-a49c-ed16f03e3e20,imi:014e25751f9edaadd0432f5e60f28ba85ed25fd3"><title>Clips à la carte</title><date></date><icon src="https://staticqbr-be-prod.tnprod.cdn.dmdsdp.com/image-service/ImagesEPG/EventImages/d91__f92__d91f9226-7c2d-4c27-805f-e7d6c49da1e9__B105933931.jpg"></icon><desc>Elke dag een ander verrassend, smaakvol menu. Programma van Michel Follet</desc><category>Muziek</category></programme><programme channel="lgi-be-prod-master:evenaar" start="20211227102000 +0000" stop="20211227110000 +0000" catchup-id="crid:~~2F~~2Ftelenet.be~~2F2882f8f1-3b2c-4744-bc59-acaec7822afd,imi:64228eaa692ac2f3fc7a2c660d24a409cef4eac9"><title>Aan Het Juiste Adres Op</title><date></date><icon src="https://staticqbr-be-prod.tnprod.cdn.dmdsdp.com/image-service/ImagesEPG/EventImages/215__e00__215e00d1-e35d-49ff-a2c6-bb77a2917299__W106255293.jpg"></icon><desc>Huiselijk programma waarin Michel Follet telkens vier gasten ontvangt. Centrale gast vandaag  Johan Verminnen (zanger/muzikant) en gasten Annie Van Avermaet, Bartel De Vrind en Jo Vermeulen.</desc><category>Nieuws, Actualiteitenprogramma's</category></programme><programme channel="lgi-be-prod-master:evenaar" start="20211227110000 +0000" stop="20211227112000 +0000" catchup-id="crid:~~2F~~2Ftelenet.be~~2Fa8dbd8aa-630a-436e-95aa-08e63c4c1ae9,imi:0e5acf391800db924c9ab2a86b45c18a64d5e4b9"><title>Best Books 2021</title><date></date><icon src="https://staticqbr-be-prod.tnprod.cdn.dmdsdp.com/image-service/ImagesEPG/EventImages/215__e00__215e00d1-e35d-49ff-a2c6-bb77a2917299__W106255293.jpg"></icon><desc>Best Books 2021 - Afl. 1/6</desc><category>Nieuws, Actualiteitenprogramma's</category></programme><programme channel="lgi-be-prod-master:evenaar" start="20211227112000 +0000" stop="20211227120000 +0000" catchup-id="crid:~~2F~~2Ftelenet.be~~2F3c7f0613-7f24-4deb-bf8a-a4db8a57a623,imi:75d2eff6096299490644afc42a22ca3c2dbbadc5"><title>De Dingen des Levens</title><date></date><icon src="https://staticqbr-be-prod.tnprod.cdn.dmdsdp.com/image-service/ImagesEPG/EventImages/5fe__204__5fe204b3-369f-4e06-a17b-bedbc0b8afee__B128988024.jpg"></icon><desc>Terwijl de zoektocht naar Paul doorgaat, nemen Gabi en Chad een pauze en praten over waar ze naar toe gaan. Sonny besluit zelf op zoek te gaan naar Paul en is opgelucht als hij hem vindt. Claire is geschrokken dat de sekstape van haar en Theo nog steeds op Theo's computer staat. Op hetzelfde moment ontdekken Abe en Hope de film.</desc><category>Soap</category></programme>