<programme channel="lgi-be-prod-master:nickelodeonfr" start="20211226230500 +0000" stop="20211226233000 +0000" catchup-id="crid:~~2F~~2Ftelenet.be~~2F7104b27e-b34b-4b4f-8496-2c519a32065e-fre,imi:9102a903112bd2f58bc800ace88b8947488b6aa4"><title>Sanjay et Craig</title><date></date><icon src="https://staticqbr-be-prod.tnprod.cdn.dmdsdp.com/image-service/ImagesEPG/EventImages/4a9__933__4a993301-df99-4bc7-8a0a-b28db9cf90a0__B106255676.jpg"></icon><desc>Un groupe de jeunes se montre fans de Sanjay et Craig qui deviennent de ce fait leurs idoles. // Sanjay et Craig mettent l'odeur d'Hector en bouteille afin d'en vendre des flacons de parfum.</desc><category>Animatie</category></programme><programme channel="lgi-be-prod-master:nickelodeonfr" start="20211226233000 +0000" stop="20211226235000 +0000" catchup-id="crid:~~2F~~2Ftelenet.be~~2F6bc4e9f6-eeb5-4bf2-9f1d-b4575af84041-fre,imi:07d388e6855338701c4cf12214b0750721fc54fb"><title>Sanjay et Craig</title><date></date><icon src="https://staticqbr-be-prod.tnprod.cdn.dmdsdp.com/image-service/ImagesEPG/EventImages/4a9__933__4a993301-df99-4bc7-8a0a-b28db9cf90a0__B106255676.jpg"></icon><desc>Sanjay et Craig aident Megan à retrouver ses 2 dents de devant qu'elle a perdues en tombant à vélo. // Sanjay et Craig sont en admiration devant la statue de conquistador donnée par leur grand-mère.</desc><category>Animatie</category></programme><programme channel="lgi-be-prod-master:nickelodeonfr" start="20211226235000 +0000" stop="20211227001500 +0000" catchup-id="crid:~~2F~~2Ftelenet.be~~2Fe14d0422-db58-4045-909e-a36c564622fa-fre,imi:7f65a804968673ed74845c57c87ec442eda8a388"><title>Sanjay et Craig</title><date></date><icon src="https://staticqbr-be-prod.tnprod.cdn.dmdsdp.com/image-service/ImagesEPG/EventImages/4a9__933__4a993301-df99-4bc7-8a0a-b28db9cf90a0__B106255676.jpg"></icon><desc>Sanjay et Craig se retrouvent coincés dans une benne à ordure infestée de... chihuahuas ! // Sanjay, Craig et Megan décident d'en finir avec la manie qu'a Hector de parler trop près des gens.</desc><category>Animatie</category></programme><programme channel="lgi-be-prod-master:nickelodeonfr" start="20211227001500 +0000" stop="20211227004000 +0000" catchup-id="crid:~~2F~~2Ftelenet.be~~2Febd94734-ca6b-411e-a40d-a69d5a14cc48-fre,imi:2633a84ad2a486ce9d10848d0e7785cc0eaef768"><title>Sanjay et Craig</title><date></date><icon src="https://staticqbr-be-prod.tnprod.cdn.dmdsdp.com/image-service/ImagesEPG/EventImages/4a9__933__4a993301-df99-4bc7-8a0a-b28db9cf90a0__B106255676.jpg"></icon><desc>Sanjay et Craig désirent reformer le célèbre duo Street Dog et Tufflips, mais cela aboutit à diviser la ville en deux et à donner naissance à l'une des batailles de rap les plus mythiques !</desc><category>Animatie</category></programme><programme channel="lgi-be-prod-master:nickelodeonfr" start="20211227004000 +0000" stop="20211227010000 +0000" catchup-id="crid:~~2F~~2Ftelenet.be~~2F03916e56-bf3d-4b14-86b1-99ec95b98ff8-fre,imi:04b545eb8d3806e846305fd40e28151300e411b2"><title>Sanjay et Craig</title><date></date><icon src="https://staticqbr-be-prod.tnprod.cdn.dmdsdp.com/image-service/ImagesEPG/EventImages/4a9__933__4a993301-df99-4bc7-8a0a-b28db9cf90a0__B106255676.jpg"></icon><desc>Sanjay et Craig sont sceptiques face à la nouvelle voiture high-tech de leur famille qui devine leur moindre lubie. // Craig kidnappe une anguille dans un restaurant de sushis.</desc><category>Animatie</category></programme><programme channel="lgi-be-prod-master:nickelodeonfr" start="20211227010000 +0000" stop="20211227012500 +0000" catchup-id="crid:~~2F~~2Ftelenet.be~~2F5cfa7fd2-bf89-47fc-9f51-4d0576d2f754-fre,imi:7e00947ace91319a79c7e46155c0d08d04fa6d96"><title>Sanjay et Craig</title><date></date><icon src="https://staticqbr-be-prod.tnprod.cdn.dmdsdp.com/image-service/ImagesEPG/EventImages/4a9__933__4a993301-df99-4bc7-8a0a-b28db9cf90a0__B106255676.jpg"></icon><desc>Sanjay et Craig partent à la recherche de la tête d'un avocat qui n'est plus affichée sur un panneau publicitaire au bord de la route. // Sanjay, Craig et Tufflips enquêtent sur un réseau pirate.</desc><category>Animatie</category></programme><programme channel="lgi-be-prod-master:nickelodeonfr" start="20211227012500 +0000" stop="20211227014500 +0000" catchup-id="crid:~~2F~~2Ftelenet.be~~2Fef978b6e-8aee-43e1-b9f1-c70174412f0f-fre,imi:21344f07363bf4a405302396102b1e93a5b20df5"><title>Sanjay et Craig</title><date></date><icon src="https://staticqbr-be-prod.tnprod.cdn.dmdsdp.com/image-service/ImagesEPG/EventImages/4a9__933__4a993301-df99-4bc7-8a0a-b28db9cf90a0__B106255676.jpg"></icon><desc>Sanjay et Craig emmènent le chef en vogue Anthony Gourmand à une dégustation. // Sanjay et Craig sont tout contents de gagner une entrée dans le parc à thème de Tufflips.</desc><category>Animatie</category></programme><programme channel="lgi-be-prod-master:nickelodeonfr" start="20211227014500 +0000" stop="20211227021000 +0000" catchup-id="crid:~~2F~~2Ftelenet.be~~2F5e2100d1-e734-452a-b11d-5c9c37200007-fre,imi:02cfdf5e0b95234b68aace515c82681e554bbe11"><title>Sanjay et Craig</title><date></date><icon src="https://staticqbr-be-prod.tnprod.cdn.dmdsdp.com/image-service/ImagesEPG/EventImages/4a9__933__4a993301-df99-4bc7-8a0a-b28db9cf90a0__B106255676.jpg"></icon><desc>Noodman décide de poursuivre le fermier Larry en justice, ce procès pourrait lui coûter sa ferme ainsi que ses chiens.  // Sanjay est aux anges : Penny et Belle passent la nuit chez lui, mais une vidéo embarrassante pourrait bien tout gâcher.</desc><category>Animatie</category></programme><programme channel="lgi-be-prod-master:nickelodeonfr" start="20211227021000 +0000" stop="20211227023500 +0000" catchup-id="crid:~~2F~~2Ftelenet.be~~2F804441b1-3c7a-4f1e-8f1a-56d004c82049-fre,imi:4b6afc7f24f2f47509c76cc97c05e80f8ab1a649"><title>Sanjay et Craig</title><date></date><icon src="https://staticqbr-be-prod.tnprod.cdn.dmdsdp.com/image-service/ImagesEPG/EventImages/4a9__933__4a993301-df99-4bc7-8a0a-b28db9cf90a0__B106255676.jpg"></icon><desc>Afin d'apprécier pleinement la fraîcheur du lac Lundgren, les enfants essaient d'atteindre le nirvana de chaleur avant de faire le grand plongeon. // Sanjay se retrouve seul toute une après-midi et cherche à s'occuper.</desc><category>Animatie</category></programme><programme channel="lgi-be-prod-master:nickelodeonfr" start="20211227023500 +0000" stop="20211227025500 +0000" catchup-id="crid:~~2F~~2Ftelenet.be~~2F28590178-243f-4151-8233-8086ccbc17bf-fre,imi:11996b6f0557fb3c6b462305013eaace323353ea"><title>Bob l'éponge</title><date></date><icon src="https://staticqbr-be-prod.tnprod.cdn.dmdsdp.com/image-service/ImagesEPG/EventImages/712__893__71289317-ac82-4493-a43c-8846d0ea0c73__B106254167.jpg"></icon><desc>Plankton crée un clone hybride à mi chemin entre lui et Krabs, pour récupérer la recette secrète. // Carlo échange son travail avec un chauffeur de bus, et prend Bob et Patrick comme passagers.</desc><category>Kinderen, Entertainment</category></programme><programme channel="lgi-be-prod-master:nickelodeonfr" start="20211227025500 +0000" stop="20211227032000 +0000" catchup-id="crid:~~2F~~2Ftelenet.be~~2F6d39b6ff-5921-4c1b-95fc-13fba347a4ee-fre,imi:e0550c8c676203a6786f6be9fc8a62dc26963193"><title>Bob l'éponge</title><date></date><icon src="https://staticqbr-be-prod.tnprod.cdn.dmdsdp.com/image-service/ImagesEPG/EventImages/712__893__71289317-ac82-4493-a43c-8846d0ea0c73__B106254167.jpg"></icon><desc>Les trois nièces de Sandy viennent lui rendre visite. Bob s'occupe de les garder le temps que Sandy termine leur cadeau. // Patrick est agent de sécurité au Musée de Tout et Rien de Bikini Bottom. Il forme Bob au poste d'assistant junior.</desc><category>Kinderen, Entertainment</category></programme><programme channel="lgi-be-prod-master:nickelodeonfr" start="20211227032000 +0000" stop="20211227034000 +0000" catchup-id="crid:~~2F~~2Ftelenet.be~~2F9a98dc52-e69d-469c-babd-354296220ac6-fre,imi:4adc592dfbcbad73108f4bfce590bc4cc0929097"><title>Bob l'éponge</title><date></date><icon src="https://staticqbr-be-prod.tnprod.cdn.dmdsdp.com/image-service/ImagesEPG/EventImages/712__893__71289317-ac82-4493-a43c-8846d0ea0c73__B106254167.jpg"></icon><desc>Le réveil de Bob rend l'âme et aucun autre n'est capable de le sortir de son sommeil. // Karen et Plancton reçoivent un bébé à la maison.</desc><category>Kinderen, Entertainment</category></programme><programme channel="lgi-be-prod-master:nickelodeonfr" start="20211227034000 +0000" stop="20211227040500 +0000" catchup-id="crid:~~2F~~2Ftelenet.be~~2Ff8205fff-7b36-404b-a476-9f9b69008fef-fre,imi:5279fbaff759a581e8828e448f103185ef1892c8"><title>Bob l'éponge</title><date></date><icon src="https://staticqbr-be-prod.tnprod.cdn.dmdsdp.com/image-service/ImagesEPG/EventImages/712__893__71289317-ac82-4493-a43c-8846d0ea0c73__B106254167.jpg"></icon><desc>Patrick se bat pour récupérer sa maison qui s'avère être la carapace de Tony, une tortue qui s'était endormie. // Monsieur Krabs tente de faire partir Jenkins, un client âgé qui se croit tout permis.</desc><category>Kinderen, Entertainment</category></programme><programme channel="lgi-be-prod-master:nickelodeonfr" start="20211227040500 +0000" stop="20211227043000 +0000" catchup-id="crid:~~2F~~2Ftelenet.be~~2F00df4dc8-c606-4b55-ab56-8df0ccd076fe-fre,imi:ec54198fc012a74271b97deaae1058e8a452ef3c"><title>Bob l'éponge</title><date></date><icon src="https://staticqbr-be-prod.tnprod.cdn.dmdsdp.com/image-service/ImagesEPG/EventImages/712__893__71289317-ac82-4493-a43c-8846d0ea0c73__B106254167.jpg"></icon><desc>Carlo rapproche les dents du bonheur de Bob et provoque un changement inattendu. // Maintenant propre, la Bulle infernale fait la plonge au Crabe Croustillant, mais la tentation de la saleté est partout.</desc><category>Kinderen, Entertainment</category></programme><programme channel="lgi-be-prod-master:nickelodeonfr" start="20211227043000 +0000" stop="20211227050000 +0000" catchup-id="crid:~~2F~~2Ftelenet.be~~2Ff703de6b-fca9-4c08-9a29-b4156ae21b20-fre,imi:f5ba93f8620cdbd3ce23efb2ecf2717c296684f7"><title>Bob l'éponge</title><date></date><icon src="https://staticqbr-be-prod.tnprod.cdn.dmdsdp.com/image-service/ImagesEPG/EventImages/712__893__71289317-ac82-4493-a43c-8846d0ea0c73__B106254167.jpg"></icon><desc>Carlo quitte sa maison infectée, mais c'est une autre infection qui l'attend à l'hôtel. // Pensant faire du babysitting, Bob et Patrick s'occupent d'une mamie grincheuse qui ne pense qu'à s'échapper.</desc><category>Kinderen, Entertainment</category></programme><programme channel="lgi-be-prod-master:nickelodeonfr" start="20211227050000 +0000" stop="20211227052500 +0000" catchup-id="crid:~~2F~~2Ftelenet.be~~2Fae9094ed-26e7-407f-aabd-b59c87530a3c-fre,imi:722c991be5d5ca468c149d3580f3981c0b1d6a20"><title>Bob l'éponge</title><date></date><icon src="https://staticqbr-be-prod.tnprod.cdn.dmdsdp.com/image-service/ImagesEPG/EventImages/712__893__71289317-ac82-4493-a43c-8846d0ea0c73__B106254167.jpg"></icon><desc>Les amis de Bob organisent une fête suprise pour son anniversaire, mais il se retrouve embarqué dans une visite touristique sur la terre ferme.</desc><category>Kinderen, Entertainment</category></programme><programme channel="lgi-be-prod-master:nickelodeonfr" start="20211227052500 +0000" stop="20211227054500 +0000" catchup-id="crid:~~2F~~2Ftelenet.be~~2Fcf1927ac-0a36-4d5b-9ee7-52725dd3a5c3-fre,imi:af57328fdf3947188bf32a72d78cffd7726d9108"><title>Bob l'éponge</title><date></date><icon src="https://staticqbr-be-prod.tnprod.cdn.dmdsdp.com/image-service/ImagesEPG/EventImages/712__893__71289317-ac82-4493-a43c-8846d0ea0c73__B106254167.jpg"></icon><desc>Les amis de Bob organisent une fête suprise pour son anniversaire, mais il se retrouve embarqué dans une visite touristique sur la terre ferme.</desc><category>Kinderen, Entertainment</category></programme><programme channel="lgi-be-prod-master:nickelodeonfr" start="20211227054500 +0000" stop="20211227061500 +0000" catchup-id="crid:~~2F~~2Ftelenet.be~~2F538b8cea-dedc-4fa4-aa25-8432adb999b2-fre,imi:82535e81a25db69de6479f4a5be4511e964491e8"><title>Bienvenue chez les Loud</title><date></date><icon src="https://staticqbr-be-prod.tnprod.cdn.dmdsdp.com/image-service/ImagesEPG/EventImages/4b1__03d__4b103d6d-27a8-4b2e-9c41-3f5469ccfdc5__B106254933.jpg"></icon><desc>Les Loud montent un groupe de musique en famille pour jouer à une fête. // Madame Loud emmène Lincoln à son travail, au cabinet dentaire du docteur Feinstein.</desc><category>Kinderen, Animatie</category></programme><programme channel="lgi-be-prod-master:nickelodeonfr" start="20211227061500 +0000" stop="20211227064000 +0000" catchup-id="crid:~~2F~~2Ftelenet.be~~2Ff68ccc06-9ad2-4080-abc0-66fb8fe37342-fre,imi:bc666ab38a798471d315c9007bfee4df047628fd"><title>Bienvenue chez les Loud</title><date></date><icon src="https://staticqbr-be-prod.tnprod.cdn.dmdsdp.com/image-service/ImagesEPG/EventImages/4b1__03d__4b103d6d-27a8-4b2e-9c41-3f5469ccfdc5__B106254933.jpg"></icon><desc>Lincoln et Clyde ont une semaine pour monter une affaire qui marche. // Dans une famille nombreuse comme celle de Lincoln, tout tourne vite à la compétition entre frère et soeurs.</desc><category>Kinderen, Animatie</category></programme><programme channel="lgi-be-prod-master:nickelodeonfr" start="20211227064000 +0000" stop="20211227071000 +0000" catchup-id="crid:~~2F~~2Ftelenet.be~~2Fc4a53d0a-c4b7-48e7-951f-2d9f0b0ca6d3-fre,imi:057baad9cdd516f284e299314b3222288b77a099"><title>Les Loud - Bienvenue chez les Casagrandes</title><date></date><icon src="https://staticqbr-be-prod.tnprod.cdn.dmdsdp.com/image-service/ImagesEPG/EventImages/4a9__933__4a993301-df99-4bc7-8a0a-b28db9cf90a0__B106255676.jpg"></icon><desc>Ronnie-Anne demande l'aide de Carlota pour rester à la pointe de la mode. // Bobby peine à retrouver Sergio après avoir souhaité le départ de ce dernier.</desc><category>Animatie</category></programme><programme channel="lgi-be-prod-master:nickelodeonfr" start="20211227071000 +0000" stop="20211227074000 +0000" catchup-id="crid:~~2F~~2Ftelenet.be~~2Fa789469d-3c04-4c49-8890-e1deb7d2298e-fre,imi:304206922c4e83b957d75eaf3a9b303bc8692ccc"><title>Les Loud - Bienvenue chez les Casagrandes</title><date></date><icon src="https://staticqbr-be-prod.tnprod.cdn.dmdsdp.com/image-service/ImagesEPG/EventImages/4a9__933__4a993301-df99-4bc7-8a0a-b28db9cf90a0__B106255676.jpg"></icon><desc>Carlota craint que sa famille l'embarrasse lors de sa rencontre avec une musicienne célèbre. // Hector décide de terminer l'école et devient le nouveau camarade de classe de Ronnie-Anne et Carl.</desc><category>Animatie</category></programme><programme channel="lgi-be-prod-master:nickelodeonfr" start="20211227074000 +0000" stop="20211227081000 +0000" catchup-id="crid:~~2F~~2Ftelenet.be~~2F5ab22c90-e20a-43db-8476-0d4cafaf9038-fre,imi:7f45ac29100040ad4b792b814c04dcff9f1d5c93"><title>Les Thunderman</title><date></date><icon src="https://staticqbr-be-prod.tnprod.cdn.dmdsdp.com/image-service/ImagesEPG/EventImages/f14__de0__f14de018-9dd6-491e-8f14-8ef0f728ccbd__B78363348.jpg"></icon><desc>Max rêve de remporter le concours de la vidéo de ratage la plus vue sur le réseau social Piailleur. Quand ses tentatives de vidéos truquées avec Nora et Billy tombent à l'eau, il a une idée de génie.</desc><category>Overig</category></programme><programme channel="lgi-be-prod-master:nickelodeonfr" start="20211227081000 +0000" stop="20211227084000 +0000" catchup-id="crid:~~2F~~2Ftelenet.be~~2Fa4c31b43-7496-49ab-8a72-98eef3a09fc4-fre,imi:5dc8b3f3fae4f2b188188ae320aa4d37ab58c302"><title>Les Thunderman</title><date></date><icon src="https://staticqbr-be-prod.tnprod.cdn.dmdsdp.com/image-service/ImagesEPG/EventImages/f14__de0__f14de018-9dd6-491e-8f14-8ef0f728ccbd__B78363348.jpg"></icon><desc>Phoebe et Max sont aux abois lorsqu'ils découvrent que leurs bandes d'amis respectives sont en train de sympathiser. Ils sont prêts à tous pour briser cette amitié dans l'oeuf.</desc><category>Overig</category></programme><programme channel="lgi-be-prod-master:nickelodeonfr" start="20211227084000 +0000" stop="20211227090000 +0000" catchup-id="crid:~~2F~~2Ftelenet.be~~2F8f154340-71fa-4f96-a802-ce5747c48987-fre,imi:9e973d9f0d0ffad1ee96da8ebe0c636928991e0a"><title>Les Thunderman</title><date></date><icon src="https://staticqbr-be-prod.tnprod.cdn.dmdsdp.com/image-service/ImagesEPG/EventImages/f14__de0__f14de018-9dd6-491e-8f14-8ef0f728ccbd__B78363348.jpg"></icon><desc>Dans l'espoir de financer l'installation d'une piscine qui les sauverait de la vague de chaleur qui s'est abattue sur la ville, la fratrie Thunderman décide d'organiser une brocante dans leur jardin.</desc><category>Overig</category></programme><programme channel="lgi-be-prod-master:nickelodeonfr" start="20211227090000 +0000" stop="20211227093000 +0000" catchup-id="crid:~~2F~~2Ftelenet.be~~2Fe2348ec1-f3bc-4122-ae0e-2dc11fce76e8-fre,imi:a6331a2bd0ae1195b12c07086f36e0f5926a5e26"><title>Henry Danger</title><date></date><icon src="https://staticqbr-be-prod.tnprod.cdn.dmdsdp.com/image-service/ImagesEPG/EventImages/32b__c8b__32bc8b3c-6e7e-4ea7-b929-a77dfbdd4786__B141342729.jpg"></icon><desc>Pour lui plaire, Jasper a fait croire à une camarade de classe qu'il était Kid Danger. Comme on fête Halloween, il revêt le costume du super-héros. Pendant leur &quot;mission-bonbons&quot;, ils tombent nez-à-nez avec un cambrioleur.</desc><category>Jeugdcultuur</category></programme><programme channel="lgi-be-prod-master:nickelodeonfr" start="20211227093000 +0000" stop="20211227100000 +0000" catchup-id="crid:~~2F~~2Ftelenet.be~~2Fc23e5535-b4b4-40f8-857c-69cb5c2907f9-fre,imi:1c1b5d588b0b8f4cb821cc9a0fd0c79a9245229b"><title>Henry Danger</title><date></date><icon src="https://staticqbr-be-prod.tnprod.cdn.dmdsdp.com/image-service/ImagesEPG/EventImages/32b__c8b__32bc8b3c-6e7e-4ea7-b929-a77dfbdd4786__B141342729.jpg"></icon><desc>Une créature extra-terrestre est sortie d'un caillou provenant de l'espace que Gooch gardait au Chiné-club. Après s'être cachée dans le sac à dos de Henry, elle terrorise la maison Hart.</desc><category>Jeugdcultuur</category></programme><programme channel="lgi-be-prod-master:nickelodeonfr" start="20211227100000 +0000" stop="20211227102500 +0000" catchup-id="crid:~~2F~~2Ftelenet.be~~2Fbd6c2f24-dd7b-4523-b399-70a16aaa8a48-fre,imi:3490a43c65e9ffcafaaafa3640eed98058f9a547"><title>Annie &amp; Pony</title><date></date><icon src="https://staticqbr-be-prod.tnprod.cdn.dmdsdp.com/image-service/ImagesEPG/EventImages/712__893__71289317-ac82-4493-a43c-8846d0ea0c73__B106254167.jpg"></icon><desc>Mme Ramiro organise un bal pour la Saint Valentin, mais personne ne veut y aller. // Annie demande à son père de venir faire un exposé en classe.</desc><category>Kinderen, Entertainment</category></programme><programme channel="lgi-be-prod-master:nickelodeonfr" start="20211227102500 +0000" stop="20211227105500 +0000" catchup-id="crid:~~2F~~2Ftelenet.be~~2F5e45c418-a5d3-4f04-b3a9-a274d620cf80-fre,imi:86e2308188c05192000d8191c5bdbf368d04d72a"><title>Bienvenue chez les Loud</title><date></date><icon src="https://staticqbr-be-prod.tnprod.cdn.dmdsdp.com/image-service/ImagesEPG/EventImages/4b1__03d__4b103d6d-27a8-4b2e-9c41-3f5469ccfdc5__B106254933.jpg"></icon><desc>A force d'être entouré de filles, Lincoln a peur de trop leur ressembler. // Lincoln et Clyde ont un objectif en tête: avoir des invitations pour l'anniversaire de Chandler.</desc><category>Kinderen, Animatie</category></programme><programme channel="lgi-be-prod-master:nickelodeonfr" start="20211227105500 +0000" stop="20211227112500 +0000" catchup-id="crid:~~2F~~2Ftelenet.be~~2F9dfef262-5029-4899-86c3-c4355fbaa008-fre,imi:97759c96e3ecd087be231cb16ef809da614f73eb"><title>Les Loud - Bienvenue chez les Casagrandes</title><date></date><icon src="https://staticqbr-be-prod.tnprod.cdn.dmdsdp.com/image-service/ImagesEPG/EventImages/4a9__933__4a993301-df99-4bc7-8a0a-b28db9cf90a0__B106255676.jpg"></icon><desc>Un fast-food lumineux et bruyant ouvre devant l'immeuble de Ronnie et Sid. // Bobby se cherche désespérément un meilleur ami.</desc><category>Animatie</category></programme><programme channel="lgi-be-prod-master:nickelodeonfr" start="20211227112500 +0000" stop="20211227115500 +0000" catchup-id="crid:~~2F~~2Ftelenet.be~~2F6578543c-ac97-4032-b5a4-cf12e89dcb7f-fre,imi:c762cd568072e78e6fcd3c574ecca0edd2d6cd3a"><title>Les Loud - Bienvenue chez les Casagrandes</title><date></date><icon src="https://staticqbr-be-prod.tnprod.cdn.dmdsdp.com/image-service/ImagesEPG/EventImages/4a9__933__4a993301-df99-4bc7-8a0a-b28db9cf90a0__B106255676.jpg"></icon><desc>Ronnie-Anne pense que le mariage de ses grands-parents est en péril après avoir regardé la télévision. // Ronnie-Anne apprend à danser baile folklorico avec sa tante Frida.</desc><category>Animatie</category></programme><programme channel="lgi-be-prod-master:nickelodeonfr" start="20211227115500 +0000" stop="20211227122000 +0000" catchup-id="crid:~~2F~~2Ftelenet.be~~2F8ac75395-eb1b-43f8-8913-3c82f2ed076e-fre,imi:6ea9ef190ea8ad82b8edd035feb10d76ec7d3815"><title>Henry Danger</title><date></date><icon src="https://staticqbr-be-prod.tnprod.cdn.dmdsdp.com/image-service/ImagesEPG/EventImages/32b__c8b__32bc8b3c-6e7e-4ea7-b929-a77dfbdd4786__B141342729.jpg"></icon><desc>Henry apprend qu'il n'est pas invité à l'anniv' de Debbie Putch.</desc><category>Jeugdcultuur</category></programme>