<programme channel="lgi-be-prod-master:boomerang" start="20211226230000 +0000" stop="20211226230500 +0000" catchup-id="crid:~~2F~~2Ftelenet.be~~2Ff1cb3fa7-d11c-4048-bb0f-59227e5cf19f,imi:1bd492ccbba7eaee6dad65bc84c62a4e37dfe679"><title>Flap de Hond</title><date></date><icon src="https://staticqbr-be-prod.tnprod.cdn.dmdsdp.com/image-service/ImagesEPG/EventImages/267__649__26764957-7dee-4648-9da3-bcb2bb44a448__B142578921.jpg"></icon><desc>Wanneer Victor een weekendje weggaat biedt Lola aan om op Tank te passen ook al weet ze dat Tank en haar eigen huisdieren niet zo'n goede klik hebben. Maar wanneer Tank verdwijnt ontstaat er paniek. Pat gaat op onderzoek uit en ontdekt dat de Guanos Tank gebruiken om elektriciteit te produceren voor hun televisie. Lola zoekt ook naar Tank maar wanneer plotseling Victor terug komt - zijn weekend is afgelast - en hij zijn hond wil zien moet onze held zijn favoriete vijand zien te redden en hem snel zien terug te brengen naar zijn eigenaar.</desc><category>Dramaseries</category></programme><programme channel="lgi-be-prod-master:boomerang" start="20211226230500 +0000" stop="20211226231000 +0000" catchup-id="crid:~~2F~~2Ftelenet.be~~2Fe78c3430-f58d-416a-ba3f-635516391497,imi:9e0824ba39bc5770edc509116642c2cdbe0d7ff2"><title>Flap de Hond</title><date></date><icon src="https://staticqbr-be-prod.tnprod.cdn.dmdsdp.com/image-service/ImagesEPG/EventImages/267__649__26764957-7dee-4648-9da3-bcb2bb44a448__B142578921.jpg"></icon><desc>Lola geniet van een relaxte middag met haar huisdieren wanneer ze iemand hoort schelden. Het is Victor die een mol probeert te vangen. Lola wil dat Victor de arme mol met rust laat. Het ziet er zooo schattig uit. Maar haar buurman is vastbesloten van 'm af te komen. Pat slaagt erin om de mol uit Tank's kaken te redden en neemt het dier mee naar Lola die graag voor 'm wil zorgen. Het kleine meisje vraagt â?â?Pat om de mol te bewaken. Maar de mol heeft moeite om op één plek te blijven en bevind zich al weer snel in de tuin van Victor waar hij nu het doelwit is van zowel Victor als de Guanos.</desc><category>Dramaseries</category></programme><programme channel="lgi-be-prod-master:boomerang" start="20211226231000 +0000" stop="20211226232500 +0000" catchup-id="crid:~~2F~~2Ftelenet.be~~2F0c7474bd-8e3b-4926-b142-eaf0e4bf3f5c,imi:fc46fcc2c5f0f186fbd87b57f6693e47aa68eaa3"><title>Flap de Hond</title><date></date><icon src="https://staticqbr-be-prod.tnprod.cdn.dmdsdp.com/image-service/ImagesEPG/EventImages/267__649__26764957-7dee-4648-9da3-bcb2bb44a448__B142578921.jpg"></icon><desc>Lola gebruikt haar hypnoseboek om haar hond te hypnotiseren. Maar ze wordt gestoord door haar vader. Deze heeft een verrassingsmaaltijd voorbereid voor de verjaardag van zijn vrouw en heeft de hulp van zijn dochter nodig. Ondertussen breken de Guanos het huis in en proberen ze Hoodie te vangen. Pat probeert ze te stoppen maar de Guanos weten hem te misleiden en sluiten hem op in het tuinhuis. Ze hypnotiseren de arme kat en dwingen hem om hen te volgen. Pat heeftalles gezien en gebruikt zijn vaardigheden om zich te bevrijden uit het tuinhuis en zo de arme kat te redden.</desc><category>Dramaseries</category></programme><programme channel="lgi-be-prod-master:boomerang" start="20211226232500 +0000" stop="20211226233000 +0000" catchup-id="crid:~~2F~~2Ftelenet.be~~2Ff1ef37cb-9e75-42bc-a1d5-02755bf33109,imi:d4ce43d38a2659c2c43f11bcb34e83e21584dccc"><title>Flap de Hond</title><date></date><icon src="https://staticqbr-be-prod.tnprod.cdn.dmdsdp.com/image-service/ImagesEPG/EventImages/267__649__26764957-7dee-4648-9da3-bcb2bb44a448__B142578921.jpg"></icon><desc>Pat voelt zich vandaag niet zo goed. Hij is verkouden en kan niks ruiken. Dat is jammer voor zijn beste vriend want die heeft een gunst van hem nodig. Hoodie is verdwenen en Pat's beroemde reukvermogen is nodig om het kleine katje te kunnen volgen. Pat is echter te verkouden en zijn neus laat hem in de steek. Hij moet echter snel een oplossing zien te verzinnen want Victor staat op het punt Tank te bevrijden. En als Tank Hoodie in zij klauwen krijgt dan is de arme kat het haasje.</desc><category>Dramaseries</category></programme><programme channel="lgi-be-prod-master:boomerang" start="20211226233000 +0000" stop="20211226234000 +0000" catchup-id="crid:~~2F~~2Ftelenet.be~~2F08dbd821-221e-4d37-bd38-0915c0d725bd,imi:7294a4abe245cc2a2c46c222b75eff365afe08ef"><title>Flap de Hond</title><date></date><icon src="https://staticqbr-be-prod.tnprod.cdn.dmdsdp.com/image-service/ImagesEPG/EventImages/267__649__26764957-7dee-4648-9da3-bcb2bb44a448__B142578921.jpg"></icon><desc>Lola wil een pakketje sturen naar haar Japanse penvriendin. Maar de Guanos hebben een sluw idee. Ze laten Pat in de val lopen waarna hij gevangen zit in een kooi. Nu onze held niets kan ondernemen grijpen de Guanos hun kans en proppen Hoodie in het pakketje zodat ze voor altijd van hem af zijn. Pat moet al zijn vindingrijkheid gebruiken om te voorkomen dat et katje naar Japan wordt verzonden.</desc><category>Dramaseries</category></programme><programme channel="lgi-be-prod-master:boomerang" start="20211226234000 +0000" stop="20211226234500 +0000" catchup-id="crid:~~2F~~2Ftelenet.be~~2Fe5d2121d-5345-4139-b627-c7b7e0a93c3d,imi:8122e98ced52979a573d4919de12f1a24bf85eae"><title>Flap de Hond</title><date></date><icon src="https://staticqbr-be-prod.tnprod.cdn.dmdsdp.com/image-service/ImagesEPG/EventImages/267__649__26764957-7dee-4648-9da3-bcb2bb44a448__B142578921.jpg"></icon><desc>Flap is een lief klein hondje. Het soort vriend waar je alleen maar van kunt dromen. Hij is misschien klein van stuk, maar hij heeft doorzettingsvermogen en is dapper. Daarnaast is hij een kei in het uitvinden van unieke gadgets die hem de extra kracht en moed geven om allerlei obstakels te overwinnen.</desc><category>Dramaseries</category></programme><programme channel="lgi-be-prod-master:boomerang" start="20211226234500 +0000" stop="20211227000000 +0000" catchup-id="crid:~~2F~~2Ftelenet.be~~2F005f3538-62f9-40a4-bd83-c460867e5172,imi:0e56039688b1b10ec412246690203884502a0c7c"><title>Flap de Hond</title><date></date><icon src="https://staticqbr-be-prod.tnprod.cdn.dmdsdp.com/image-service/ImagesEPG/EventImages/267__649__26764957-7dee-4648-9da3-bcb2bb44a448__B142578921.jpg"></icon><desc>Lola en haar vrienden moeten de volgende dag een wiskundeopdracht inleveren. In plaats van zijn eigen huiswerk te doen besluit Victor te wachten tot de meisjes hun opdracht hebben afgerond zodat hij hun schrijfboekjes kan stelen. Maar Pat heeft zijn truc opgemerkt en is niet van plan de jongen ermee weg te laten komen. Terug naar huis sluipt hij het huis van de jongen binnen om het huiswerk van zijn beste vriendin terug te halen. Maar het huis van Victor zit boordevol valstrikken waarvan er één een enorme hond is genaamd Tank!</desc><category>Dramaseries</category></programme><programme channel="lgi-be-prod-master:boomerang" start="20211227000000 +0000" stop="20211227001000 +0000" catchup-id="crid:~~2F~~2Ftelenet.be~~2F56852318-8d63-408f-be72-eefab7bdb7d2,imi:18e9f18c038098c35524772f43a7aec008972129"><title>Mush Mush &amp; de Zwammetjes</title><date></date><icon src="https://staticqbr-be-prod.tnprod.cdn.dmdsdp.com/image-service/ImagesEPG/EventImages/1e1__bf1__1e1bf1aa-f928-4917-950c-c5b8badeb6cd__B181579300.jpg"></icon><desc>Animatieserie over de avonturen van het paddenstoeltje Mush-Mush en zijn vriendjes in het bos</desc><category>Kinderen, Animatie</category></programme><programme channel="lgi-be-prod-master:boomerang" start="20211227001000 +0000" stop="20211227002500 +0000" catchup-id="crid:~~2F~~2Ftelenet.be~~2F1b3aea3e-9b33-49ba-a874-cba5cd20a4b7,imi:5602cbe8017753c0b51d2ff84d3b5879b889ba9e"><title>Mush Mush &amp; de Zwammetjes</title><date></date><icon src="https://staticqbr-be-prod.tnprod.cdn.dmdsdp.com/image-service/ImagesEPG/EventImages/1e1__bf1__1e1bf1aa-f928-4917-950c-c5b8badeb6cd__B181579300.jpg"></icon><desc>Animatieserie over de avonturen van het paddenstoeltje Mush-Mush en zijn vriendjes in het bos</desc><category>Kinderen, Animatie</category></programme><programme channel="lgi-be-prod-master:boomerang" start="20211227002500 +0000" stop="20211227005000 +0000" catchup-id="crid:~~2F~~2Ftelenet.be~~2Ff6b994a1-3f7f-4ce7-88bf-064d707bfa14,imi:2a70948d0e8e3c357980435c32d8584c64ac7ff8"><title>Mush Mush &amp; de Zwammetjes</title><date></date><icon src="https://staticqbr-be-prod.tnprod.cdn.dmdsdp.com/image-service/ImagesEPG/EventImages/1e1__bf1__1e1bf1aa-f928-4917-950c-c5b8badeb6cd__B181579300.jpg"></icon><desc>Animatieserie over de avonturen van het paddenstoeltje Mush-Mush en zijn vriendjes in het bos</desc><category>Kinderen, Animatie</category></programme><programme channel="lgi-be-prod-master:boomerang" start="20211227005000 +0000" stop="20211227010000 +0000" catchup-id="crid:~~2F~~2Ftelenet.be~~2F6cf15a41-8eb3-4b19-bed7-7d98205c49be,imi:bdd7d13b052659e977fa6e838bbb184eb583444f"><title>Lamput</title><date></date><icon src="https://staticqbr-be-prod.tnprod.cdn.dmdsdp.com/image-service/ImagesEPG/EventImages/f2a__283__f2a28309-8170-4670-83a3-aa3e4ea1df1d__B173444852.jpg"></icon><desc>Hongkongse animatieserie</desc><category>Kinderen, Animatie</category></programme><programme channel="lgi-be-prod-master:boomerang" start="20211227010000 +0000" stop="20211227011000 +0000" catchup-id="crid:~~2F~~2Ftelenet.be~~2F7d81bf5b-fe43-477b-b074-bfe36ee99da9,imi:f25ed6811435e542de3df948e827442851d3acc2"><title>Power Players</title><date></date><icon src="https://staticqbr-be-prod.tnprod.cdn.dmdsdp.com/image-service/ImagesEPG/EventImages/784__034__78403493-dc3c-4c3c-897c-73623d918e7d__B202585360.jpg"></icon><desc>Masco neemt de disciplinetraining van Sergeant net iets te serieus. Hierdoor raakt hij zijn eigen identiteit kwijt en komt hij slecht voorbereid in een &quot;Lucha Libre&quot;-wedstrijd tegen HoornToorn terecht.</desc><category>Animatie</category></programme><programme channel="lgi-be-prod-master:boomerang" start="20211227011000 +0000" stop="20211227012000 +0000" catchup-id="crid:~~2F~~2Ftelenet.be~~2F2dff18b0-303b-44cb-a478-059476e11db6,imi:5fb7940154d394f378a0edeaa88e7d1afdbacbeb"><title>Power Players</title><date></date><icon src="https://staticqbr-be-prod.tnprod.cdn.dmdsdp.com/image-service/ImagesEPG/EventImages/784__034__78403493-dc3c-4c3c-897c-73623d918e7d__B202585360.jpg"></icon><desc>Axel helpt Beer Barbaar om zijn angst voor het donker te overwinnen en te voorkomen dat Dynamo zijn truck steelt.</desc><category>Animatie</category></programme><programme channel="lgi-be-prod-master:boomerang" start="20211227012000 +0000" stop="20211227013000 +0000" catchup-id="crid:~~2F~~2Ftelenet.be~~2F7b952822-afa6-4963-ba36-67268bdb1c90,imi:ee3f5612dd7cc7f05b926e4f23729a8178e67f1a"><title>Power Players</title><date></date><icon src="https://staticqbr-be-prod.tnprod.cdn.dmdsdp.com/image-service/ImagesEPG/EventImages/784__034__78403493-dc3c-4c3c-897c-73623d918e7d__B202585360.jpg"></icon><desc>Axel moet alle ballen hoog houden tijdens de speelafspraak met Luka en het verdedigen van het huis tegen de nieuwste gruwel van Dr. Nautilus, een monster met tentakels dat aanvalt uit elke afvoer, pijp en kraan in het gebouw.</desc><category>Animatie</category></programme><programme channel="lgi-be-prod-master:boomerang" start="20211227013000 +0000" stop="20211227014000 +0000" catchup-id="crid:~~2F~~2Ftelenet.be~~2Fa0308e1b-3227-4b4d-b484-bfeb43facec8,imi:71d11a0bda800d583dd99c98fec76120064e760e"><title>Power Players</title><date></date><icon src="https://staticqbr-be-prod.tnprod.cdn.dmdsdp.com/image-service/ImagesEPG/EventImages/784__034__78403493-dc3c-4c3c-897c-73623d918e7d__B202585360.jpg"></icon><desc>Axel en zijn team moeten voorkomen dat het bowlingtoernooi tussen Zoe en haar rivaal Cleo LeBal niet wordt verpest door HoornToorn, Stekelvark en de nieuwe magnetische schurk Dynamo.</desc><category>Animatie</category></programme><programme channel="lgi-be-prod-master:boomerang" start="20211227014000 +0000" stop="20211227015000 +0000" catchup-id="crid:~~2F~~2Ftelenet.be~~2Fa30a77ec-12df-4a72-ae0f-69f8b82cc4fa,imi:e9b96ff2e289fefaa237d14614d584c42edc440b"><title>Power Players</title><date></date><icon src="https://staticqbr-be-prod.tnprod.cdn.dmdsdp.com/image-service/ImagesEPG/EventImages/784__034__78403493-dc3c-4c3c-897c-73623d918e7d__B202585360.jpg"></icon><desc>Het team moet vanwege Axel's kapotte drone-vleugel een andere manier vinden om HoornToorn tegen te houden, wanneer deze samen met zijn handlangers in speelgoedvliegtuigen luchtaanvallen uitvoert op het stadspark.</desc><category>Animatie</category></programme><programme channel="lgi-be-prod-master:boomerang" start="20211227015000 +0000" stop="20211227020000 +0000" catchup-id="crid:~~2F~~2Ftelenet.be~~2F2285ddbd-e051-4072-bbea-ede9e2a3d0c9,imi:df026cd190d91d4d70bbef67c0843225c9d15204"><title>Lamput</title><date></date><icon src="https://staticqbr-be-prod.tnprod.cdn.dmdsdp.com/image-service/ImagesEPG/EventImages/f2a__283__f2a28309-8170-4670-83a3-aa3e4ea1df1d__B173444852.jpg"></icon><desc>Hongkongse animatieserie</desc><category>Kinderen, Animatie</category></programme><programme channel="lgi-be-prod-master:boomerang" start="20211227020000 +0000" stop="20211227020500 +0000" catchup-id="crid:~~2F~~2Ftelenet.be~~2F5c4a8a3e-512b-448b-80ee-18f8819ae655,imi:0360b6eecab56c407dfcaf5f141a692267d686ee"><title>Taffy</title><date></date><icon src="https://staticqbr-be-prod.tnprod.cdn.dmdsdp.com/image-service/ImagesEPG/EventImages/cf7__8eb__cf78eb0b-2800-49c7-9446-8281d6ac6e92__B152525489.jpg"></icon><desc>Mevrouw Muchmore wil haar vriendinnen haar trouwvideo laten zien. Laat Taffy nu net die film hebben gebruikt om een nieuw kattenstrikje te fabriceren. Taffy en Bentley maken samen een nieuwe film.</desc><category>Kinderen, Animatie</category></programme><programme channel="lgi-be-prod-master:boomerang" start="20211227020500 +0000" stop="20211227021000 +0000" catchup-id="crid:~~2F~~2Ftelenet.be~~2F1423ff52-8b10-4662-9145-a2b07c06c45d,imi:5fea5aba9f2256934473395018639f24684fe228"><title>Taffy</title><date></date><icon src="https://staticqbr-be-prod.tnprod.cdn.dmdsdp.com/image-service/ImagesEPG/EventImages/cf7__8eb__cf78eb0b-2800-49c7-9446-8281d6ac6e92__B152525489.jpg"></icon><desc>Bentley ontvangt liefdesbrieven van een geheime aanbidster. Wie zou het zijn?</desc><category>Kinderen, Animatie</category></programme><programme channel="lgi-be-prod-master:boomerang" start="20211227021000 +0000" stop="20211227022000 +0000" catchup-id="crid:~~2F~~2Ftelenet.be~~2F20561eea-e0d8-41dd-8b18-c74121ff9e75,imi:0005349d129bf9edaf85d8fce3809a909c2ec43a"><title>Taffy</title><date></date><icon src="https://staticqbr-be-prod.tnprod.cdn.dmdsdp.com/image-service/ImagesEPG/EventImages/cf7__8eb__cf78eb0b-2800-49c7-9446-8281d6ac6e92__B152525489.jpg"></icon><desc>Mevrouw Muchmore laat met een DNA-test onderzoek doen naar de afkomst van haar lievelingen Bentley en Taffy. Taffy vreest dat hij ontmaskert wordt en probeert het onderzoek te saboteren.</desc><category>Kinderen, Animatie</category></programme><programme channel="lgi-be-prod-master:boomerang" start="20211227022000 +0000" stop="20211227022500 +0000" catchup-id="crid:~~2F~~2Ftelenet.be~~2Fa2d1fe5c-a0ad-41ca-bf79-79db25b07dc3,imi:1d8b9cb309f2ced148d8815ef3c6612d64d269aa"><title>Taffy</title><date></date><icon src="https://staticqbr-be-prod.tnprod.cdn.dmdsdp.com/image-service/ImagesEPG/EventImages/cf7__8eb__cf78eb0b-2800-49c7-9446-8281d6ac6e92__B152525489.jpg"></icon><desc>Taffy en Bentley lopen per ongeluk een vakantie mis omdat ze de ander niets gunnen en continu ruzie maken.</desc><category>Kinderen, Animatie</category></programme><programme channel="lgi-be-prod-master:boomerang" start="20211227022500 +0000" stop="20211227023000 +0000" catchup-id="crid:~~2F~~2Ftelenet.be~~2Fa2e39a11-2174-43ec-a258-ccf4455faf42,imi:8b30edd07d71168a7922e7833507b83a3a59f4f7"><title>Taffy</title><date></date><icon src="https://staticqbr-be-prod.tnprod.cdn.dmdsdp.com/image-service/ImagesEPG/EventImages/cf7__8eb__cf78eb0b-2800-49c7-9446-8281d6ac6e92__B152525489.jpg"></icon><desc>Taffy krijgt bezoek van zijn oude vrienden van de vuilnisbelt. Maar of hij daar nu zo blij mee moet zijn?</desc><category>Kinderen, Animatie</category></programme><programme channel="lgi-be-prod-master:boomerang" start="20211227023000 +0000" stop="20211227024000 +0000" catchup-id="crid:~~2F~~2Ftelenet.be~~2F85f5c6fc-a47d-405d-a435-41867c3a4e52,imi:2504ff7d3dd6c8fc9c32b6df165b84acb91d0293"><title>Taffy</title><date></date><icon src="https://staticqbr-be-prod.tnprod.cdn.dmdsdp.com/image-service/ImagesEPG/EventImages/cf7__8eb__cf78eb0b-2800-49c7-9446-8281d6ac6e92__B152525489.jpg"></icon><desc>Bentley wordt in de nacht voor het kerstfeest door drie geesten bezocht. Zal hij tot inkeer komen en in het vervolg aardiger zijn voor Taffy?</desc><category>Kinderen, Animatie</category></programme><programme channel="lgi-be-prod-master:boomerang" start="20211227024000 +0000" stop="20211227024500 +0000" catchup-id="crid:~~2F~~2Ftelenet.be~~2Fe95bddbe-3e27-4238-9538-f72b0f5d25ff,imi:87b2a8a4d2db4185141e27fb04e746b85c15328d"><title>Taffy</title><date></date><icon src="https://staticqbr-be-prod.tnprod.cdn.dmdsdp.com/image-service/ImagesEPG/EventImages/cf7__8eb__cf78eb0b-2800-49c7-9446-8281d6ac6e92__B152525489.jpg"></icon><desc>Taffy en Bentley ruilen per ongeluk van lichaam.</desc><category>Kinderen, Animatie</category></programme><programme channel="lgi-be-prod-master:boomerang" start="20211227024500 +0000" stop="20211227025000 +0000" catchup-id="crid:~~2F~~2Ftelenet.be~~2Fb8096931-fda4-4592-991a-91ee0f977eb6,imi:2850c3fbcd4284a3ef16e3617a5a816ec7ca028f"><title>Taffy</title><date></date><icon src="https://staticqbr-be-prod.tnprod.cdn.dmdsdp.com/image-service/ImagesEPG/EventImages/cf7__8eb__cf78eb0b-2800-49c7-9446-8281d6ac6e92__B152525489.jpg"></icon><desc>Mevrouw Muchmore installeert &quot;Top of flop&quot;; een app die registreert - en deelt - hoe schattig je huisdieren  zijn. Of juist niet.</desc><category>Kinderen, Animatie</category></programme><programme channel="lgi-be-prod-master:boomerang" start="20211227025000 +0000" stop="20211227030000 +0000" catchup-id="crid:~~2F~~2Ftelenet.be~~2F2b102634-5d14-4fa9-8da7-c6681a4c6310,imi:ce34b9a1d04f28944b63838718f027f93eb1b5a3"><title>Taffy</title><date></date><icon src="https://staticqbr-be-prod.tnprod.cdn.dmdsdp.com/image-service/ImagesEPG/EventImages/cf7__8eb__cf78eb0b-2800-49c7-9446-8281d6ac6e92__B152525489.jpg"></icon><desc>Mevrouw Muchmore hoopt in aanmerking te komen voor een dansje in de ruimte, maar dan moet ze wel in topconditie zijn. Daarom volgt ze een speciaal kooldieet.</desc><category>Kinderen, Animatie</category></programme><programme channel="lgi-be-prod-master:boomerang" start="20211227030000 +0000" stop="20211227031000 +0000" catchup-id="crid:~~2F~~2Ftelenet.be~~2Fc973ee28-0415-4042-b5fb-d8c7419666ed,imi:477889a6cbd1f1e95685ea63bdb4e8a9aecfe44d"><title>Alice &amp; Lewis</title><date></date><icon src="https://staticqbr-be-prod.tnprod.cdn.dmdsdp.com/image-service/ImagesEPG/EventImages/9c0__9ba__9c09ba4f-4034-4c51-9a95-d4ce42992366__B180873556.jpg"></icon><desc>Alice zet een grote schelp op haar hoofd en doet net alsof ze een Koningin is. De Koningin ziet wel iets in haar en neemt haar onder haar hoede. Tot groot ongenoegen van Lewis, die de Koningin niet vertrouwt.</desc><category>Dramaseries</category></programme><programme channel="lgi-be-prod-master:boomerang" start="20211227031000 +0000" stop="20211227032000 +0000" catchup-id="crid:~~2F~~2Ftelenet.be~~2Fd3fa6669-e465-4d92-8dc0-f7cc744dad1c,imi:521598cc4789804a8346af6048efdd47f7308e88"><title>Alice &amp; Lewis</title><date></date><icon src="https://staticqbr-be-prod.tnprod.cdn.dmdsdp.com/image-service/ImagesEPG/EventImages/9c0__9ba__9c09ba4f-4034-4c51-9a95-d4ce42992366__B180873556.jpg"></icon><desc>De zesjarige Alice heeft een magische sleutel waarmee ze naar Wonderland kan. Dit is een andere wereld waarin ze het schattige konijntje Lewis heeft ontmoet en voor ze het wist, waren ze beste vrienden.</desc><category>Dramaseries</category></programme><programme channel="lgi-be-prod-master:boomerang" start="20211227032000 +0000" stop="20211227033500 +0000" catchup-id="crid:~~2F~~2Ftelenet.be~~2Fb8ab0c7e-8415-4324-9d05-8707b0e41e8e,imi:68aebae93613f4960b1380bc18837dee849e7f03"><title>Alice &amp; Lewis</title><date></date><icon src="https://staticqbr-be-prod.tnprod.cdn.dmdsdp.com/image-service/ImagesEPG/EventImages/9c0__9ba__9c09ba4f-4034-4c51-9a95-d4ce42992366__B180873556.jpg"></icon><desc>De zesjarige Alice heeft een magische sleutel waarmee ze naar Wonderland kan. Dit is een andere wereld waarin ze het schattige konijntje Lewis heeft ontmoet en voor ze het wist, waren ze beste vrienden.</desc><category>Dramaseries</category></programme><programme channel="lgi-be-prod-master:boomerang" start="20211227033500 +0000" stop="20211227034500 +0000" catchup-id="crid:~~2F~~2Ftelenet.be~~2Ff531e1a9-8571-4ce7-be70-f17be51fb629,imi:c66295d6a19599e8b0610b590e4e2b2dc8d327eb"><title>Alice &amp; Lewis</title><date></date><icon src="https://staticqbr-be-prod.tnprod.cdn.dmdsdp.com/image-service/ImagesEPG/EventImages/9c0__9ba__9c09ba4f-4034-4c51-9a95-d4ce42992366__B180873556.jpg"></icon><desc>De zesjarige Alice heeft een magische sleutel waarmee ze naar Wonderland kan. Dit is een andere wereld waarin ze het schattige konijntje Lewis heeft ontmoet en voor ze het wist, waren ze beste vrienden.</desc><category>Dramaseries</category></programme><programme channel="lgi-be-prod-master:boomerang" start="20211227034500 +0000" stop="20211227040000 +0000" catchup-id="crid:~~2F~~2Ftelenet.be~~2Fe944a6e7-457b-4716-96ed-d58b679b916d,imi:ba7ee840ec99b1d701dd678de11dcfd3e868353a"><title>Alice &amp; Lewis</title><date></date><icon src="https://staticqbr-be-prod.tnprod.cdn.dmdsdp.com/image-service/ImagesEPG/EventImages/9c0__9ba__9c09ba4f-4034-4c51-9a95-d4ce42992366__B180873556.jpg"></icon><desc>De zesjarige Alice heeft een magische sleutel waarmee ze naar Wonderland kan. Dit is een andere wereld waarin ze het schattige konijntje Lewis heeft ontmoet en voor ze het wist, waren ze beste vrienden.</desc><category>Dramaseries</category></programme><programme channel="lgi-be-prod-master:boomerang" start="20211227040000 +0000" stop="20211227040500 +0000" catchup-id="crid:~~2F~~2Ftelenet.be~~2F96b3bf56-d780-4e5d-a4b8-4af157a3ed2b,imi:4552300eeea06fb646d02126386f26a211e24998"><title>Flap de Hond</title><date></date><icon src="https://staticqbr-be-prod.tnprod.cdn.dmdsdp.com/image-service/ImagesEPG/EventImages/267__649__26764957-7dee-4648-9da3-bcb2bb44a448__B142578921.jpg"></icon><desc>Lola en Pat graven in de tuin en doen zich voor als archeologen. Victor maakt er grapjes over - archeoloog zijn is zó verleden tijd! Victor is van plan astronaut te worden en vliegt door de ruimte! Hij is zelfs van plan om 's middags Tank naar een Space Festival te brengen. Lola vind het een pracht idee en besluit hem samen met Pat te vergezellen. Op het festival lijkt Victor terughoudend te zijn om de activiteiten uit te voeren terwijl Lola en Pat staan te popelen om de centrifuge de windtunnel en zelfs de ruimtebungee te testen. Echter de Guanos zijn van plan de middag van de kinderen te ruïneren en knoeien met de machines.</desc><category>Dramaseries</category></programme><programme channel="lgi-be-prod-master:boomerang" start="20211227040500 +0000" stop="20211227041000 +0000" catchup-id="crid:~~2F~~2Ftelenet.be~~2F0f8a5128-db75-4980-81d5-08b65df7514f,imi:063688bd00ad4a1e5fb78b1bdb0befb08cc3b53d"><title>Flap de Hond</title><date></date><icon src="https://staticqbr-be-prod.tnprod.cdn.dmdsdp.com/image-service/ImagesEPG/EventImages/267__649__26764957-7dee-4648-9da3-bcb2bb44a448__B142578921.jpg"></icon><desc>Het is Pat's verjaardag en Lola heeft besloten hem een â?â?enorme ballon te geven die ze ter ere van hem heeft aangepast. Maar Hoodie wiens nieuwsgierigheid vaak tot calamiteiten leidt laat de ballon uit het raam vliegen. Pat ziet dat Lola verdrietig is en zet de achtervolging in op de ballon. Ze heeft echter niet gerekend op de ondeugende Guanos die besluiten de teddybeer van Tank aan de ballon vast te maken. Pat moet de waakhond onder ogen zien en redt hiermee zonder het zelf te beseffen zijn eigen verjaardagscadeau.</desc><category>Dramaseries</category></programme><programme channel="lgi-be-prod-master:boomerang" start="20211227041000 +0000" stop="20211227042000 +0000" catchup-id="crid:~~2F~~2Ftelenet.be~~2F957e44c8-337c-42e5-9dea-13a88bdb96a3,imi:c0f223d987d637917b0704a75388a7e35aa1eeab"><title>Flap de Hond</title><date></date><icon src="https://staticqbr-be-prod.tnprod.cdn.dmdsdp.com/image-service/ImagesEPG/EventImages/267__649__26764957-7dee-4648-9da3-bcb2bb44a448__B142578921.jpg"></icon><desc>Lola pakt een vogel op die de erker is in gevlogen. Maar de vogel is geen oude vogel maar een van de Guanos vastbesloten om te genieten van het comfort van het huis. Terwijl het meisje op zoek is naar medicijnen om haar patiëntje te behandelen bedreigt de Guano-indringer Pat met wraak tenzij hij hem behandelt als een koning. Wanneer de twee andere Guano leden zich zogenaamd ook ziek voordoen in een poging zich bij hun metgezel aan te sluiten moet Pat de confrontatie met het boeven trio aangaan om te voorkomen dat ze het huis ondersteboven keren.</desc><category>Dramaseries</category></programme><programme channel="lgi-be-prod-master:boomerang" start="20211227042000 +0000" stop="20211227042500 +0000" catchup-id="crid:~~2F~~2Ftelenet.be~~2F13606f2e-dde6-41e3-bd36-e33c6a96cc88,imi:f5c2a34c90a0fa61d42b7df770db5d85a76a2085"><title>Flap de Hond</title><date></date><icon src="https://staticqbr-be-prod.tnprod.cdn.dmdsdp.com/image-service/ImagesEPG/EventImages/267__649__26764957-7dee-4648-9da3-bcb2bb44a448__B142578921.jpg"></icon><desc>Lola Lucie en Hugo bevinden zich midden in een Pirates of the Caribbean rollenspel. Pat neemt zijn rol als zeerover uitermate serieus. Elk kind heeft iets meegenomen om de schat te vertegenwoordigen; Lola heeft de juwelendoos van haar moeder gekozen. Maar wanneer de sieraden ineens verdwijnen gaat Pat op onderzoek uit. En als er problemen zijn zijn de Guanos niet ver weg! Het avontuur neemt onze held mee door de riolen waar Pat de duiven te slim af moet zijn om de schat terug te halen en de dag te redden.</desc><category>Dramaseries</category></programme><programme channel="lgi-be-prod-master:boomerang" start="20211227042500 +0000" stop="20211227043000 +0000" catchup-id="crid:~~2F~~2Ftelenet.be~~2F03b6ee73-ee5d-4430-a5f4-62206f241a29,imi:94fd8635531b18fcd43c5ac20024cabf31d47188"><title>Flap de Hond</title><date></date><icon src="https://staticqbr-be-prod.tnprod.cdn.dmdsdp.com/image-service/ImagesEPG/EventImages/267__649__26764957-7dee-4648-9da3-bcb2bb44a448__B142578921.jpg"></icon><desc>Lola en een vriend spelen met een bal. De bal beland in de tuin van Victor. Pat gaat naar de buren om de bal op te halen. Echter Tank besluit wat lol te maken en jaagt onze held door de straten niet wetende dat de vrachtwagen met dierencontroleurs op de loer ligt. Tank wordt opgepakt door de controlefunctionaris voor dieren die hem als een openbaar gevaar beschouwt. Victor is verdrietig en Lola medelevend omdat ze zich geen wereld zonder Pat kan voorstellen en haar buurman graag zou willen helpen. De kinderen besluiten om te protesteren voor het dierencontrolekantoor.</desc><category>Dramaseries</category></programme><programme channel="lgi-be-prod-master:boomerang" start="20211227043000 +0000" stop="20211227044000 +0000" catchup-id="crid:~~2F~~2Ftelenet.be~~2F5431f17d-d0c6-4912-ab6e-0d026b22e0e8,imi:41c0f022947a4f65026d567f85500b6d71e28dda"><title>Flap de Hond</title><date></date><icon src="https://staticqbr-be-prod.tnprod.cdn.dmdsdp.com/image-service/ImagesEPG/EventImages/267__649__26764957-7dee-4648-9da3-bcb2bb44a448__B142578921.jpg"></icon><desc>Tijdens een wandeling in de bergen ontdekt Lola een vogel die gevangen zit in een ijsblok. Zou het een prehistorische Guano kunnen zijn? De drie opstandige duiven zijn ervan overtuigd dat dat zo is. Maar Lola heeft de curator van het museum al opgebeld dus moeten ze alles op alles zetten om hun voorouder te bevrijden voordat de ambtenaar arriveert. Pat beseft echter de waarde van Lola's vondst en weet dat dit hun ticket is voor een mooie wereldreis. Hij doet alles wat in zijn macht ligt om de vondst te beschermen. Maar al snel wordt onze held geconfronteerd met een dilemma. Dit is een reis die alleen Lola kan ondernemen.</desc><category>Dramaseries</category></programme><programme channel="lgi-be-prod-master:boomerang" start="20211227044000 +0000" stop="20211227044500 +0000" catchup-id="crid:~~2F~~2Ftelenet.be~~2Fb7354b2b-1a5d-41f3-b74e-fe5099146808,imi:8ec891a981d2556d862661206f03613699d01972"><title>Flap de Hond</title><date></date><icon src="https://staticqbr-be-prod.tnprod.cdn.dmdsdp.com/image-service/ImagesEPG/EventImages/267__649__26764957-7dee-4648-9da3-bcb2bb44a448__B142578921.jpg"></icon><desc>Lola en Lucy besluiten de nacht door te brengen met kamperen. Een nacht vol plezier is gegarandeerd. Pat helpt de meisjes de tent op zetten en neemt de hele nacht de wacht op zich zodat de meisjes rustig kunnen slapen. Maar al snel verschijnen er angstaanjagende schaduwen midden in de nacht. Wat een rustige logeerpartij zou moeten zijn blijkt een angstaanjagende ervaring te zijn aangezien de Guanos besloten hebben er een eigen spookachtige draai aan te geven. Zonder het zelf op te merken maakt de tent van de meisjes een reis door de nacht. Pat moet de duiven te slim af zijn en iedereen veilig thuisbrengen.</desc><category>Dramaseries</category></programme><programme channel="lgi-be-prod-master:boomerang" start="20211227044500 +0000" stop="20211227045000 +0000" catchup-id="crid:~~2F~~2Ftelenet.be~~2Fffcd844a-a2be-43f3-b206-833d882102c3,imi:11ac5479f830b0daca96294bcdb232d47c3f282e"><title>Flap de Hond</title><date></date><icon src="https://staticqbr-be-prod.tnprod.cdn.dmdsdp.com/image-service/ImagesEPG/EventImages/267__649__26764957-7dee-4648-9da3-bcb2bb44a448__B142578921.jpg"></icon><desc>Flap is een lief klein hondje. Het soort vriend waar je alleen maar van kunt dromen. Hij is misschien klein van stuk, maar hij heeft doorzettingsvermogen en is dapper. Daarnaast is hij een kei in het uitvinden van unieke gadgets die hem de extra kracht en moed geven om allerlei obstakels te overwinnen.</desc><category>Dramaseries</category></programme><programme channel="lgi-be-prod-master:boomerang" start="20211227045000 +0000" stop="20211227050000 +0000" catchup-id="crid:~~2F~~2Ftelenet.be~~2F1eae6ad4-4249-4ba4-a302-45744794509b,imi:f99260d7470d381e6fba15b6870745570e80929f"><title>Lamput</title><date></date><icon src="https://staticqbr-be-prod.tnprod.cdn.dmdsdp.com/image-service/ImagesEPG/EventImages/f2a__283__f2a28309-8170-4670-83a3-aa3e4ea1df1d__B173444852.jpg"></icon><desc>Hongkongse animatieserie</desc><category>Kinderen, Animatie</category></programme><programme channel="lgi-be-prod-master:boomerang" start="20211227050000 +0000" stop="20211227051000 +0000" catchup-id="crid:~~2F~~2Ftelenet.be~~2F2ad12b22-fa5f-4051-ae86-2efe2d32918e,imi:45af4b89d60159c601f40735d6e0c1c8de40933a"><title>Looney Tunes Cartoons</title><date></date><icon src="https://staticqbr-be-prod.tnprod.cdn.dmdsdp.com/image-service/ImagesEPG/EventImages/4b1__03d__4b103d6d-27a8-4b2e-9c41-3f5469ccfdc5__B106254933.jpg"></icon><desc>Tekenfilm.</desc><category>Kinderen, Animatie</category></programme><programme channel="lgi-be-prod-master:boomerang" start="20211227051000 +0000" stop="20211227052500 +0000" catchup-id="crid:~~2F~~2Ftelenet.be~~2Fb52a1724-8e35-41c2-a855-0bb2413e27b1,imi:153c19a367552575b7df47e1ba684a7939c3b04b"><title>Looney Tunes Cartoons</title><date></date><icon src="https://staticqbr-be-prod.tnprod.cdn.dmdsdp.com/image-service/ImagesEPG/EventImages/4b1__03d__4b103d6d-27a8-4b2e-9c41-3f5469ccfdc5__B106254933.jpg"></icon><desc>Tekenfilm.</desc><category>Kinderen, Animatie</category></programme><programme channel="lgi-be-prod-master:boomerang" start="20211227052500 +0000" stop="20211227053500 +0000" catchup-id="crid:~~2F~~2Ftelenet.be~~2F7318e7e8-23f6-47b8-be22-cf703bd0917b,imi:5e6827a3d01aa9da71c53399bc779134d3766070"><title>Looney Tunes Cartoons</title><date></date><icon src="https://staticqbr-be-prod.tnprod.cdn.dmdsdp.com/image-service/ImagesEPG/EventImages/4b1__03d__4b103d6d-27a8-4b2e-9c41-3f5469ccfdc5__B106254933.jpg"></icon><desc>Tekenfilm.</desc><category>Kinderen, Animatie</category></programme><programme channel="lgi-be-prod-master:boomerang" start="20211227053500 +0000" stop="20211227060000 +0000" catchup-id="crid:~~2F~~2Ftelenet.be~~2F8e5725bd-493f-456d-8efc-2b864955c947,imi:d745906245dca99e76eec3ddc67b5cf3bc66b8ad"><title>Looney Tunes Cartoons</title><date></date><icon src="https://staticqbr-be-prod.tnprod.cdn.dmdsdp.com/image-service/ImagesEPG/EventImages/4b1__03d__4b103d6d-27a8-4b2e-9c41-3f5469ccfdc5__B106254933.jpg"></icon><desc>Tekenfilm.</desc><category>Kinderen, Animatie</category></programme><programme channel="lgi-be-prod-master:boomerang" start="20211227060000 +0000" stop="20211227060500 +0000" catchup-id="crid:~~2F~~2Ftelenet.be~~2Fee14047c-abf6-4dcd-9e8a-689ce7e10eb5,imi:8cd1888750f2ee8ca096c1efb745fa2e629e550d"><title>The Tom and Jerry Show</title><date></date><icon src="https://staticqbr-be-prod.tnprod.cdn.dmdsdp.com/image-service/ImagesEPG/EventImages/27e__952__27e952de-7cb1-44fc-ad70-dd7799bf6cfa__B77105034.jpg"></icon><desc>Na een zoveelste mislukte poging om Jerry te vangen krijgt Tom hulp van een reizende verkoopkat genaamd Carver. Deze verkoopt Tom een reeks van muizenvallen en listige truuks. Tom gaat er op uit om Jerry een hoop blauwe plekken te bezorgen maar bezeert daarbij vooral zichzelf.</desc><category>Kinderen, Animatie</category></programme><programme channel="lgi-be-prod-master:boomerang" start="20211227060500 +0000" stop="20211227061000 +0000" catchup-id="crid:~~2F~~2Ftelenet.be~~2Fa1c2e07b-9514-4928-b9cd-c340e2e689f8,imi:ed5816e0cd0d2a524b783a1b6a4f0d7f574950f3"><title>The Tom and Jerry Show</title><date></date><icon src="https://staticqbr-be-prod.tnprod.cdn.dmdsdp.com/image-service/ImagesEPG/EventImages/27e__952__27e952de-7cb1-44fc-ad70-dd7799bf6cfa__B77105034.jpg"></icon><desc>In een post-Edwardiaans tijdperk bevindt Tom zich in de kelder van een indrukwekkend herenhuis van een aristocratische familie waar hij kolen in de kachel moet schept wanneer de butler roet in het eten komt gooien.</desc><category>Kinderen, Animatie</category></programme><programme channel="lgi-be-prod-master:boomerang" start="20211227061000 +0000" stop="20211227062000 +0000" catchup-id="crid:~~2F~~2Ftelenet.be~~2F77ce34c4-84db-4d3f-8b9e-98bd9ec2c3c7,imi:34d68df2cc0bb622ff01b31d61edb813767c9e64"><title>The Tom and Jerry Show</title><date></date><icon src="https://staticqbr-be-prod.tnprod.cdn.dmdsdp.com/image-service/ImagesEPG/EventImages/27e__952__27e952de-7cb1-44fc-ad70-dd7799bf6cfa__B77105034.jpg"></icon><desc>Als de pokervrienden van Spike verdwenen blijken te zijn huurt hij Tom en Jerry in om ze te vinden.</desc><category>Kinderen, Animatie</category></programme><programme channel="lgi-be-prod-master:boomerang" start="20211227062000 +0000" stop="20211227070000 +0000" catchup-id="crid:~~2F~~2Ftelenet.be~~2Fc9824c0c-3b60-4cc2-a09c-ef11be364bb3,imi:0ab81a6ad5b3a07f870d9250c2a6819abea50eaf"><title>The Tom and Jerry Show</title><date></date><icon src="https://staticqbr-be-prod.tnprod.cdn.dmdsdp.com/image-service/ImagesEPG/EventImages/27e__952__27e952de-7cb1-44fc-ad70-dd7799bf6cfa__B77105034.jpg"></icon><desc>Tom en Jerry kunnen niet slapen omdat er een hond aan het blaffen is. Als ze toch willen slapen moeten ze de herrieschopper zien te vinden. Het geblaf weerkaatst op de daken dus de hond vinden blijkt lastig. Ze krijgen hulp van een expert in echolocatie (een vleermuis) en vinden de herrieschopper. Het blijkt dat de hond niet kan slapen zonder haar kussen. Tom geeft de hond een kussen maar omdat het niet haar kussen is heeft het geen zin. Ze lossen de zaak onbetaald op de beloning volgt in de vorm van een diepe slaap.</desc><category>Kinderen, Animatie</category></programme><programme channel="lgi-be-prod-master:boomerang" start="20211227070000 +0000" stop="20211227070500 +0000" catchup-id="crid:~~2F~~2Ftelenet.be~~2F215c758d-9624-4bee-b0fb-b4ba5d87ffc6,imi:99867768d38d3a40261bc5c969e06d58d0b3c413"><title>Grizzy and the Lemmings</title><date></date><icon src="https://staticqbr-be-prod.tnprod.cdn.dmdsdp.com/image-service/ImagesEPG/EventImages/29b__c91__29bc91e2-1aef-4b4b-b491-e9461aa65ad5__B141024573.jpg"></icon><desc>De Lemmings kliederen in het boek Sneeuwwitje op de bank ik de huiskamer. Grizzy smijt ze zonder veel omhaal naar buiten en ze landen met een knal op de grond met hun boek die openligt op de pagina waar de dwergen werken in de mijn met hun houwelen. De harde landing veroorzaakt een persoonlijkheidsstoornis. De Lemmings geloven dat ze de dwergen uit het sprookje zijn en vallen de hut aan met hun houwelen.</desc><category>Kinderen, Animatie</category></programme><programme channel="lgi-be-prod-master:boomerang" start="20211227070500 +0000" stop="20211227071000 +0000" catchup-id="crid:~~2F~~2Ftelenet.be~~2F5095ca2f-7024-4854-b9e9-843637ea0b4a,imi:6fedb9d2f0fcee85e7d7e0fc05481271957174f7"><title>Grizzy and the Lemmings</title><date></date><icon src="https://staticqbr-be-prod.tnprod.cdn.dmdsdp.com/image-service/ImagesEPG/EventImages/29b__c91__29bc91e2-1aef-4b4b-b491-e9461aa65ad5__B141024573.jpg"></icon><desc>Grizzy en de Lemmings hun favoriete merk chocoladepasta organiseert een grote wedstrijd waar de hoofdprijs een gigantische pot pasta is. Om te winnen moet je tien keer achter elkaar een basketbal in de basket gooien die speciaal hiervoor op de parkeerplaats van een supermarkt staat. Zin in een potje?</desc><category>Kinderen, Animatie</category></programme><programme channel="lgi-be-prod-master:boomerang" start="20211227071000 +0000" stop="20211227072000 +0000" catchup-id="crid:~~2F~~2Ftelenet.be~~2Fc59275b5-808d-4200-9327-1e72064da62a,imi:86e751ecdc287a814f871a69ff799e5f67359708"><title>Grizzy and the Lemmings</title><date></date><icon src="https://staticqbr-be-prod.tnprod.cdn.dmdsdp.com/image-service/ImagesEPG/EventImages/29b__c91__29bc91e2-1aef-4b4b-b491-e9461aa65ad5__B141024573.jpg"></icon><desc>Bevrijd uit het ijs dat hem miljoenen jaren geconserveerd heeft valt een sabeltandbeer de hut binnen totaal uitgehongerd. Het lukt Grizzy niet om zijn voorraad te beschermen en het lukt de Lemmings niet om hem te temmen voor de rodeo - ook al werken ze allemaal samen. Maar als ze ontdekken dat een prehistorische ketting het wezen in bedwang kan houden is het iedereen voor zich.</desc><category>Kinderen, Animatie</category></programme><programme channel="lgi-be-prod-master:boomerang" start="20211227072000 +0000" stop="20211227073000 +0000" catchup-id="crid:~~2F~~2Ftelenet.be~~2Ff2ee47c7-95f0-48e9-8009-097ca4c729ec,imi:5b9b9a487f9133d2645b2dcfbd6a076f4f892e5e"><title>Grizzy and the Lemmings</title><date></date><icon src="https://staticqbr-be-prod.tnprod.cdn.dmdsdp.com/image-service/ImagesEPG/EventImages/29b__c91__29bc91e2-1aef-4b4b-b491-e9461aa65ad5__B141024573.jpg"></icon><desc>De Lemmings ontdekken een topgeheim prototype van het Canadese leger waarmee je door vaste objecten kunt gaan gedurende een paar seconden. Hoe kan Grizzy voorkomen dat de infiltrerende Lemmings zijn pot chocoladepasta stelen?</desc><category>Kinderen, Animatie</category></programme><programme channel="lgi-be-prod-master:boomerang" start="20211227073000 +0000" stop="20211227074000 +0000" catchup-id="crid:~~2F~~2Ftelenet.be~~2Fcdff6780-4f2f-4a1f-96ba-6c0656bf223c,imi:3d61be06feaa860759d67244737925fd6966977f"><title>Flap de Hond</title><date></date><icon src="https://staticqbr-be-prod.tnprod.cdn.dmdsdp.com/image-service/ImagesEPG/EventImages/267__649__26764957-7dee-4648-9da3-bcb2bb44a448__B142578921.jpg"></icon><desc>Lola is vastbesloten een â?â?vallende ster te zien zodat ze een wens kan doen. Ondertussen willen de Guanos hun eigen wens in vervulling laten gaan: Hoodie uit de weg ruimen. Terwijl Lola en Victor bezig zijn een telescoop op te zetten moet Pat de vogels afweren. Uiteindelijk verandert onze held zichzelf in een vallende ster zodat zijn beste maatje haar wens kan doen.</desc><category>Dramaseries</category></programme><programme channel="lgi-be-prod-master:boomerang" start="20211227074000 +0000" stop="20211227074500 +0000" catchup-id="crid:~~2F~~2Ftelenet.be~~2F8bea39e8-bce8-4f92-8df5-3cae585499d2,imi:e2d1663c797323739c9e6965c05f9a23c34b7c3b"><title>Flap de Hond</title><date></date><icon src="https://staticqbr-be-prod.tnprod.cdn.dmdsdp.com/image-service/ImagesEPG/EventImages/267__649__26764957-7dee-4648-9da3-bcb2bb44a448__B142578921.jpg"></icon><desc>Lola vindt Victor verdrietig en alleen in zijn tuin. Morgen is zijn verjaardag maar er is helemaal niets gepland voor deze speciale dag. Met haar enorme hart besluit het kleine meisje als verrassing een piñata-feestje te organiseren. Maar dat zal nog niet zo makkelijk zijn want Victor moet achter Lola's geheime plannetje zien te komen. De Guanos hebben hun zinnen gezet op het snoep. Gelukkig voor Lola houdt Pat de wacht!</desc><category>Dramaseries</category></programme><programme channel="lgi-be-prod-master:boomerang" start="20211227074500 +0000" stop="20211227080000 +0000" catchup-id="crid:~~2F~~2Ftelenet.be~~2Ffbd2ed16-402d-404e-99a3-ad06b0d20b34,imi:0746c66c3a45238eee4a12d10acc050012bfcf52"><title>Flap de Hond</title><date></date><icon src="https://staticqbr-be-prod.tnprod.cdn.dmdsdp.com/image-service/ImagesEPG/EventImages/267__649__26764957-7dee-4648-9da3-bcb2bb44a448__B142578921.jpg"></icon><desc>Lola en haar vrienden bevinden zich midden in een middeleeuws rollenspel. Er is een schat verborgen in het springkasteel: heerlijke snoep en koekjes. Maar de gevreesde zwarte ridder Victor dreigt de schat te grijpen en gooit iedereen de kerker in. Pat moet niet alleen van Tank af zien te komen die het kasteel bewaakt maar ook voorkomen dat de Guanos hun schat veroveren. Niemand maar dan ook niemand haald zich de woede van Pat op de hals en komt ermee weg!</desc><category>Dramaseries</category></programme><programme channel="lgi-be-prod-master:boomerang" start="20211227080000 +0000" stop="20211227081000 +0000" catchup-id="crid:~~2F~~2Ftelenet.be~~2F95b69e94-553b-471f-840b-4b15e0e6a84d,imi:396cc52655b7a12ef50421a959fbcea19df55a93"><title>Molmans</title><date></date><icon src="https://staticqbr-be-prod.tnprod.cdn.dmdsdp.com/image-service/ImagesEPG/EventImages/f15__6db__f156db89-09e9-45e2-92f2-44d4191a0219__B105936399.jpg"></icon><desc>Serie.</desc><category>Dramaseries</category></programme><programme channel="lgi-be-prod-master:boomerang" start="20211227081000 +0000" stop="20211227083000 +0000" catchup-id="crid:~~2F~~2Ftelenet.be~~2Fb02f5d31-c022-4f53-93ef-93eeb2fe80c5,imi:210fd53630dcacb503d60455a07a6da09f7bbae0"><title>Molmans</title><date></date><icon src="https://staticqbr-be-prod.tnprod.cdn.dmdsdp.com/image-service/ImagesEPG/EventImages/f15__6db__f156db89-09e9-45e2-92f2-44d4191a0219__B105936399.jpg"></icon><desc>Serie.</desc><category>Dramaseries</category></programme><programme channel="lgi-be-prod-master:boomerang" start="20211227083000 +0000" stop="20211227084000 +0000" catchup-id="crid:~~2F~~2Ftelenet.be~~2F345e45fc-30dd-4638-89a9-49959a98ddfc,imi:fe39bf9ceddc1519ba3685847aa942a9fda1eef8"><title>Baby Looney Tunes</title><date></date><icon src="https://staticqbr-be-prod.tnprod.cdn.dmdsdp.com/image-service/ImagesEPG/EventImages/f00__468__f004682a-ed1d-4b2e-9321-32901d4711cf__B48675522.jpg"></icon><desc>Sylvester gelooft een reclame die zegt dat hij cool wordt als hij Choco Zoet eet.</desc><category>Kinderen, Animatie</category></programme><programme channel="lgi-be-prod-master:boomerang" start="20211227084000 +0000" stop="20211227090000 +0000" catchup-id="crid:~~2F~~2Ftelenet.be~~2F75c508ed-48ed-4b5d-9eda-54ecfd01f54a,imi:acb242643343ca9d0957aaea4154d93f237298db"><title>Baby Looney Tunes</title><date></date><icon src="https://staticqbr-be-prod.tnprod.cdn.dmdsdp.com/image-service/ImagesEPG/EventImages/f00__468__f004682a-ed1d-4b2e-9321-32901d4711cf__B48675522.jpg"></icon><desc>Bugs Daffy en Taz krijgen straf en moeten een tijdje in de hoek staan</desc><category>Kinderen, Animatie</category></programme><programme channel="lgi-be-prod-master:boomerang" start="20211227090000 +0000" stop="20211227100000 +0000" catchup-id="crid:~~2F~~2Ftelenet.be~~2F1d73d1b6-de18-4a62-a008-eef1117d4624,imi:6bfdf2c0b8cc1620563338437403c9c02e196283"><title>Tom en Jerry: Het Verdwaalde Draakje</title><date>2014</date><icon src="https://staticqbr-be-prod.tnprod.cdn.dmdsdp.com/image-service/ImagesEPG/EventImages/db0__f28__db0f2893-25d8-4147-8910-68085455bff5__B130540274.jpg"></icon><desc>Tom en Jerry stuiten op een mysterieus lichtgevend ei, maar weten niet dat het ei afkomstig is van een levensgrote vuurspuwende draak. In een mum van tijd breekt baby Puffy de eierschaal open en beschouwt hij Tom als zijn moeder. De boze drakenmoeder wil haar baby terug, maar ze is niet de enige. De heks Drizelda met haar machtige toverkrachten neemt de babydraak gevangen voor haar eigen kwaadaardige plannetjes. Met klauw en tand verzetten Tom en Jerry zich. Samen met sterke bondgenoten en dierenvrienden proberen ze het babydraakje te bevrijden. Kunnen Tom en Jerry ervoor zorgen dat het draakje nog lang en gelukkig zal leven?</desc><category>Film, Animatie</category></programme><programme channel="lgi-be-prod-master:boomerang" start="20211227100000 +0000" stop="20211227100500 +0000" catchup-id="crid:~~2F~~2Ftelenet.be~~2F833de43d-417a-4056-a6cb-a8732a45481f,imi:a7634409e4b0cfa08a8e2ae3112f7070005cd009"><title>The Tom and Jerry Show</title><date></date><icon src="https://staticqbr-be-prod.tnprod.cdn.dmdsdp.com/image-service/ImagesEPG/EventImages/27e__952__27e952de-7cb1-44fc-ad70-dd7799bf6cfa__B77105034.jpg"></icon><desc>Een boeket bloemen bezorgt Tom een hoop narigheid.</desc><category>Kinderen, Animatie</category></programme><programme channel="lgi-be-prod-master:boomerang" start="20211227100500 +0000" stop="20211227101000 +0000" catchup-id="crid:~~2F~~2Ftelenet.be~~2Fc7ce12b4-9e9c-4764-89fc-8ccb3ec82dda,imi:1000c62ef13e29597db92811c4e15fe7afa4e06c"><title>The Tom and Jerry Show</title><date></date><icon src="https://staticqbr-be-prod.tnprod.cdn.dmdsdp.com/image-service/ImagesEPG/EventImages/27e__952__27e952de-7cb1-44fc-ad70-dd7799bf6cfa__B77105034.jpg"></icon><desc>Tom en Jerry moeten een baby-ijsbeertje grootbrengen dat bij vergissing is thuisbezorgd bij Rick en Ginger.</desc><category>Kinderen, Animatie</category></programme><programme channel="lgi-be-prod-master:boomerang" start="20211227101000 +0000" stop="20211227102500 +0000" catchup-id="crid:~~2F~~2Ftelenet.be~~2F0db81b92-c000-45e0-9498-69c51809fd23,imi:cdb7634598a3273a5a8e29d6c3b5f6141c7d18d7"><title>The Tom and Jerry Show</title><date></date><icon src="https://staticqbr-be-prod.tnprod.cdn.dmdsdp.com/image-service/ImagesEPG/EventImages/27e__952__27e952de-7cb1-44fc-ad70-dd7799bf6cfa__B77105034.jpg"></icon><desc>Tom moet de katten uit de buurt mobiliseren om te helpen de kattenharen van Ricks nieuwe massagestoel te verwijderen.</desc><category>Kinderen, Animatie</category></programme><programme channel="lgi-be-prod-master:boomerang" start="20211227102500 +0000" stop="20211227103500 +0000" catchup-id="crid:~~2F~~2Ftelenet.be~~2F0f732b71-94c7-425e-8d69-0ec58bc53888,imi:a10d73271b04254385f9e9a727f7442b368675b6"><title>The Tom and Jerry Show</title><date></date><icon src="https://staticqbr-be-prod.tnprod.cdn.dmdsdp.com/image-service/ImagesEPG/EventImages/27e__952__27e952de-7cb1-44fc-ad70-dd7799bf6cfa__B77105034.jpg"></icon><desc>Een vogelverschrikker terroriseert Katsylvanië.</desc><category>Kinderen, Animatie</category></programme><programme channel="lgi-be-prod-master:boomerang" start="20211227103500 +0000" stop="20211227104000 +0000" catchup-id="crid:~~2F~~2Ftelenet.be~~2F2d31a3e9-edfe-48a3-a76c-eb81e1702cd1,imi:475fd9597cffa9580feca2344619c8962cad7dfc"><title>The Tom and Jerry Show</title><date></date><icon src="https://staticqbr-be-prod.tnprod.cdn.dmdsdp.com/image-service/ImagesEPG/EventImages/27e__952__27e952de-7cb1-44fc-ad70-dd7799bf6cfa__B77105034.jpg"></icon><desc>Ginger moet op haar moeders hond Goliath passen. Goliath is een vriendelijke reus, tenzij je hem uit z'n slaapje haalt!</desc><category>Kinderen, Animatie</category></programme><programme channel="lgi-be-prod-master:boomerang" start="20211227104000 +0000" stop="20211227105500 +0000" catchup-id="crid:~~2F~~2Ftelenet.be~~2Ff8ed3426-3d3d-43df-a4ed-d447f8c82f44,imi:bbaa906e8b573363043123a69a14245b1f808223"><title>The Tom and Jerry Show</title><date></date><icon src="https://staticqbr-be-prod.tnprod.cdn.dmdsdp.com/image-service/ImagesEPG/EventImages/27e__952__27e952de-7cb1-44fc-ad70-dd7799bf6cfa__B77105034.jpg"></icon><desc>Na een iets wat destructieve achtervolging worden Tom en Spike het asiel ingegooid, en Ginger huurt een ongedierte verdelger om voor eens en altijd af te rekenen met Jerry en Tuffy. Tom en Spike proberen uit het asiel te ontsnappen en Jerry en Tuffy maken de ongedierte bestrijder het leven zuur.</desc><category>Kinderen, Animatie</category></programme><programme channel="lgi-be-prod-master:boomerang" start="20211227105500 +0000" stop="20211227110000 +0000" catchup-id="crid:~~2F~~2Ftelenet.be~~2F798e1108-8841-4d91-95b6-3d0367d31ecc,imi:93f46c9fe58b0dc3a6d9806a735f609bb61b49ed"><title>The Tom and Jerry Show</title><date></date><icon src="https://staticqbr-be-prod.tnprod.cdn.dmdsdp.com/image-service/ImagesEPG/EventImages/27e__952__27e952de-7cb1-44fc-ad70-dd7799bf6cfa__B77105034.jpg"></icon><desc>De Muizen van Mars brengen een tegenbezoek aan Aarde en beginnen gelijk te stoken tussen Spike en Tom.</desc><category>Kinderen, Animatie</category></programme><programme channel="lgi-be-prod-master:boomerang" start="20211227110000 +0000" stop="20211227111000 +0000" catchup-id="crid:~~2F~~2Ftelenet.be~~2F215a4b77-037f-4c89-ad1d-c152a399831f,imi:58010cea43a8c72d8a75ca7c6b792f695f2b74cc"><title>The Tom and Jerry Show</title><date></date><icon src="https://staticqbr-be-prod.tnprod.cdn.dmdsdp.com/image-service/ImagesEPG/EventImages/27e__952__27e952de-7cb1-44fc-ad70-dd7799bf6cfa__B77105034.jpg"></icon><desc>Een paar oude tapdansschoenen van Ginger verandert Tom in een fanatieke tapdanser.</desc><category>Kinderen, Animatie</category></programme><programme channel="lgi-be-prod-master:boomerang" start="20211227111000 +0000" stop="20211227112000 +0000" catchup-id="crid:~~2F~~2Ftelenet.be~~2F03ab6fc8-86f6-45fe-b768-43824de906e3,imi:c643ea2e2b06cf17fa4c1652419927fb88726e49"><title>The Tom and Jerry Show</title><date></date><icon src="https://staticqbr-be-prod.tnprod.cdn.dmdsdp.com/image-service/ImagesEPG/EventImages/27e__952__27e952de-7cb1-44fc-ad70-dd7799bf6cfa__B77105034.jpg"></icon><desc>Tuffy's wens om net zo sterk te zijn als Spike komt uit.</desc><category>Kinderen, Animatie</category></programme><programme channel="lgi-be-prod-master:boomerang" start="20211227112000 +0000" stop="20211227113000 +0000" catchup-id="crid:~~2F~~2Ftelenet.be~~2F0a635e38-d214-4926-ba14-b6a82d7f9f83,imi:64799e9d49c5efc133b35690b77435ca5771f998"><title>The Tom and Jerry Show</title><date></date><icon src="https://staticqbr-be-prod.tnprod.cdn.dmdsdp.com/image-service/ImagesEPG/EventImages/27e__952__27e952de-7cb1-44fc-ad70-dd7799bf6cfa__B77105034.jpg"></icon><desc>Spike laat Tuufy zien wat nodig is om 'n hond te zijn</desc><category>Kinderen, Animatie</category></programme><programme channel="lgi-be-prod-master:boomerang" start="20211227113000 +0000" stop="20211227113500 +0000" catchup-id="crid:~~2F~~2Ftelenet.be~~2F8ccc6913-52eb-48e9-83c1-171a6cbd0971,imi:33839d345706cb0230691a61e57682eb3d019495"><title>The Tom and Jerry Show</title><date></date><icon src="https://staticqbr-be-prod.tnprod.cdn.dmdsdp.com/image-service/ImagesEPG/EventImages/27e__952__27e952de-7cb1-44fc-ad70-dd7799bf6cfa__B77105034.jpg"></icon><desc>Jerry sluit vriendschap met een baby-alligator, en zorgt dat het beestje veilig is tot zijn moeder hem op komt halen.</desc><category>Kinderen, Animatie</category></programme><programme channel="lgi-be-prod-master:boomerang" start="20211227113500 +0000" stop="20211227115000 +0000" catchup-id="crid:~~2F~~2Ftelenet.be~~2F7b8ed380-84ce-4771-b26d-ceaee5d902b9,imi:269dde7269a92607a0ad2a88843a31125bb4e217"><title>The Tom and Jerry Show</title><date></date><icon src="https://staticqbr-be-prod.tnprod.cdn.dmdsdp.com/image-service/ImagesEPG/EventImages/27e__952__27e952de-7cb1-44fc-ad70-dd7799bf6cfa__B77105034.jpg"></icon><desc>De Kat en Muis Detectives gaan undercover als piccolo's in een hotel om een juwelendief te vangen.</desc><category>Kinderen, Animatie</category></programme><programme channel="lgi-be-prod-master:boomerang" start="20211227115000 +0000" stop="20211227120000 +0000" catchup-id="crid:~~2F~~2Ftelenet.be~~2F8dc4d17a-c070-45d8-91c8-e38864a8dd97,imi:e46187c655aff482d8c0fda0f00a54503eeba9c3"><title>The Tom and Jerry Show</title><date></date><icon src="https://staticqbr-be-prod.tnprod.cdn.dmdsdp.com/image-service/ImagesEPG/EventImages/27e__952__27e952de-7cb1-44fc-ad70-dd7799bf6cfa__B77105034.jpg"></icon><desc>Vanuit een impulsieve daad schopt Tom 'Ruggles', het geliefde bijtspeeltje van Spike, over het tuinhek. Hij besluit om 'm terug te halen als hij ziet hoe verdrietig Spike er van is. Het wordt alleen moeilijk als blijkt dat Ruggles is geadopteerd door een fantasierijk meisje genaamd Matalyn. Tom moet 'm zien terug te stelen.</desc><category>Kinderen, Animatie</category></programme>