<programme channel="lgi-be-prod-master:zes" start="20211227003000 +0000" stop="20211227012500 +0000" catchup-id="crid:~~2F~~2Ftelenet.be~~2F04d61dbd-2902-48a6-9dd6-7f026a6bb156,imi:1389298d182ad438e45bb95e3d756d76863f0c96"><title>Elementary</title><date></date><icon src="https://staticqbr-be-prod.tnprod.cdn.dmdsdp.com/image-service/ImagesEPG/EventImages/87f__57f__87f57f11-6eb4-4854-afd5-2c8bf90ec417__B51762989.jpg"></icon><desc>Een gerenommeerde wiskundige roept de hulp in van Holmes wanneer een van zijn studentes wordt ontvoerd.</desc><category>Dramaseries, Actie</category></programme><programme channel="lgi-be-prod-master:zes" start="20211227012500 +0000" stop="20211227021000 +0000" catchup-id="crid:~~2F~~2Ftelenet.be~~2F62ce3ab6-9688-4fb7-8ad0-bbbc545ea7ea,imi:1feac56163d390780f9e2069f10de468cf403f27"><title>Elementary</title><date></date><icon src="https://staticqbr-be-prod.tnprod.cdn.dmdsdp.com/image-service/ImagesEPG/EventImages/87f__57f__87f57f11-6eb4-4854-afd5-2c8bf90ec417__B51762989.jpg"></icon><desc>Wanneer een vrouw gewurgd wordt aangetroffen in het ziekenhuis, is Holmes ervan overtuigd dat seriemoordenaar Michael Rowan de dader is. De man werd namelijk op de plaats delict gezien.</desc><category>Dramaseries, Actie</category></programme><programme channel="lgi-be-prod-master:zes" start="20211227021000 +0000" stop="20211227025000 +0000" catchup-id="crid:~~2F~~2Ftelenet.be~~2Fa84ccfa6-a74b-46f9-ab5d-f594cf0dfcf6,imi:e147a3a7015d13f6200392d18e1a98cc1c49bb3b"><title>Elementary</title><date></date><icon src="https://staticqbr-be-prod.tnprod.cdn.dmdsdp.com/image-service/ImagesEPG/EventImages/87f__57f__87f57f11-6eb4-4854-afd5-2c8bf90ec417__B51762989.jpg"></icon><desc>Holmes en Watson staan voor hun grootste uitdaging tot nu toe, wanneer Joan wordt verdacht van moord. Dit zou wel eens het einde van hun samenwerking kunnen betekenen.</desc><category>Dramaseries, Actie</category></programme><programme channel="lgi-be-prod-master:zes" start="20211227025000 +0000" stop="20211227040000 +0000" catchup-id="crid:~~2F~~2Ftelenet.be~~2F3e037f4a-0ed3-4464-ad9a-66e491f74819,imi:e07b2b4a842bdad793835f3d874cd644c8051957"><title>LOOP Play6</title><date></date><icon src="https://staticqbr-be-prod.tnprod.cdn.dmdsdp.com/image-service/ImagesEPG/EventImages/6c8__9e7__6c89e75e-7a3c-4260-ae54-4f33b93c5836__B181820499.jpg"></icon><desc>Geen uitzending.</desc><category>Overig</category></programme><programme channel="lgi-be-prod-master:zes" start="20211227040000 +0000" stop="20211227050000 +0000" catchup-id="crid:~~2F~~2Ftelenet.be~~2Ffc6f3f4b-4e95-4a72-8887-9b1048209b66,imi:503e3ec9ca58670e7c320e76e245def3d3e61fb0"><title>LOOP Play6</title><date></date><icon src="https://staticqbr-be-prod.tnprod.cdn.dmdsdp.com/image-service/ImagesEPG/EventImages/6c8__9e7__6c89e75e-7a3c-4260-ae54-4f33b93c5836__B181820499.jpg"></icon><desc>Geen uitzending.</desc><category>Overig</category></programme><programme channel="lgi-be-prod-master:zes" start="20211227050000 +0000" stop="20211227090000 +0000" catchup-id="crid:~~2F~~2Ftelenet.be~~2F08b4e63e-3177-49d6-843a-c4e407cb6573,imi:e3fa78edf8598ca15e0489da81ea9075c84fe36a"><title>NRJ Get Up</title><date></date><icon src="https://staticqbr-be-prod.tnprod.cdn.dmdsdp.com/image-service/ImagesEPG/EventImages/ee0__a55__ee0a550b-f306-4739-9bd6-d32c006c9205__B202583443.jpg"></icon><desc>Michaël Joossens en Jarne Rediers verwelkomen je elke ochtend van 6 tot 10u bij de Jongste Ochtendclub van Vlaanderen.
Ze overlopen het belangrijkste - en meest relevante - nieuws. Van de laatste nieuwe TikTok-trend tot het nieuwste nummer dat je moet gehoord hebben en de actua die je nodig hebt om te kunnen mee praten in de - al dan niet virtuele - koffiehoek!</desc><category>Muziek</category></programme><programme channel="lgi-be-prod-master:zes" start="20211227090000 +0000" stop="20211227094000 +0000" catchup-id="crid:~~2F~~2Ftelenet.be~~2F0f293431-3356-49f1-8ce8-5520a80afe41,imi:ae2394cae409041654efe059b117dc9b19d2c5be"><title>LOOP Play6</title><date></date><icon src="https://staticqbr-be-prod.tnprod.cdn.dmdsdp.com/image-service/ImagesEPG/EventImages/6c8__9e7__6c89e75e-7a3c-4260-ae54-4f33b93c5836__B181820499.jpg"></icon><desc>Geen uitzending.</desc><category>Overig</category></programme><programme channel="lgi-be-prod-master:zes" start="20211227094000 +0000" stop="20211227102500 +0000" catchup-id="crid:~~2F~~2Ftelenet.be~~2Fa1869a3d-7694-4d30-822b-897966eef855,imi:9f45fd0fa3de8efa4c23c39e8bedd8444d56bd25"><title>Madam Secretary</title><date></date><icon src="https://staticqbr-be-prod.tnprod.cdn.dmdsdp.com/image-service/ImagesEPG/EventImages/c66__3b9__c663b903-296c-4218-b707-0ddb533e9a64__B106830043.jpg"></icon><desc>Elizabeth neemt het op tegen een Amerikaanse gouverneur over het nieuwe beleid van de staat om ongeautoriseerde immigranten van hun kinderen te scheiden. Ook besluit ze haar huwelijksgeloften met Henry te hernieuwen.</desc><category>Dramaseries</category></programme><programme channel="lgi-be-prod-master:zes" start="20211227102500 +0000" stop="20211227111500 +0000" catchup-id="crid:~~2F~~2Ftelenet.be~~2F12904c50-8f17-40bf-a956-e4021969d67a,imi:86393401ed551f69e8e2134b5da9096204576e30"><title>Madam Secretary</title><date></date><icon src="https://staticqbr-be-prod.tnprod.cdn.dmdsdp.com/image-service/ImagesEPG/EventImages/c66__3b9__c663b903-296c-4218-b707-0ddb533e9a64__B106830043.jpg"></icon><desc>Elizabeth moet een deal met een militaire aannemer redden door gevechtsvliegtuigen aan Taiwan te leveren, maar ze riskeert hiermee dat er een oorlog met China wordt ontketend. Ook raakt Daisy gefrustreerd op Matt omdat hij haar niet heeft geholpen om voor haar hond te zorgen zoals hij had beloofd.</desc><category>Dramaseries</category></programme><programme channel="lgi-be-prod-master:zes" start="20211227111500 +0000" stop="20211227120500 +0000" catchup-id="crid:~~2F~~2Ftelenet.be~~2F8803ed35-0942-4e53-8bb8-409a4b9186dd,imi:71520e5a5211e13fbcad632214dcfe7394ef7a58"><title>Legends of Tomorrow</title><date></date><icon src="https://staticqbr-be-prod.tnprod.cdn.dmdsdp.com/image-service/ImagesEPG/EventImages/7bc__277__7bc27743-a624-4b37-8fd9-dffcaf3ec685__B114064999.jpg"></icon><desc>Met de alsmaar toenemende duisternis in 2019 beseft het team dat de problemen toenemen, terwijl zij de geschiedenis proberen op te klaren. Sara redt Ava van een fatum dat nog erger is dan de dood.</desc><category>Dramaseries, Sciencefiction</category></programme>