<programme channel="lgi-be-prod-master:cinecinemafr" start="20211227001100 +0000" stop="20211227015300 +0000" catchup-id="crid:~~2F~~2Ftelenet.be~~2F933193e2-daab-47e0-adea-435809d4d2e5-fre,imi:56e5e6c8747df2ae35dd9ed98556b75d19360d8e"><title>Un héros très discret</title><date>1995</date><icon src="https://staticqbr-be-prod.tnprod.cdn.dmdsdp.com/image-service/ImagesEPG/EventImages/b91__049__b910491e-72a0-4f1e-9aea-6be5f4f2ff41__B105936402.jpg"></icon><desc>Albert Dehousse ontdekt aan het einde van de tweede wereldoorlog dat zijn vader geen oorlogsheld was en zijn moeder collaboreerde. Hij verlaat daarop zijn vrouw en trekt naar Parijs. Daar sluit hij aan bij het verzet en gaat hij op zoek naar collaboreurs.</desc><category>Film, Drama</category></programme><programme channel="lgi-be-prod-master:cinecinemafr" start="20211227015300 +0000" stop="20211227032700 +0000" catchup-id="crid:~~2F~~2Ftelenet.be~~2Fe2695bc7-8ffc-4ce3-93da-6c487ebfe4dc-fre,imi:410313f6f624dbf0f52384210f874f0f3eecf29c"><title>Le convoyeur</title><date>2004</date><icon src="https://staticqbr-be-prod.tnprod.cdn.dmdsdp.com/image-service/ImagesEPG/EventImages/192__94c__19294cf1-8c4e-4fbe-a2a8-c2c9e5f4f336__B120997197.jpg"></icon><desc>De Vigilante is een kleine geldtransportonderneming. Dit jaar alleen werden er al drie wagens overvallen, zonder overlevenden. Alexandre Demarre begint zijn eerste werkdag bij Vigilante. Flik? Overvaller? Gewoon werkloos? Wie is hij en wat zoekt hij?</desc><category>Film, Actie</category></programme><programme channel="lgi-be-prod-master:cinecinemafr" start="20211227032700 +0000" stop="20211227072900 +0000" catchup-id="crid:~~2F~~2Ftelenet.be~~2F59a41985-ae92-4dd0-8cca-8a20f05bee1c-fre,imi:f4f2bc04fdb0c4d96a3edd621f0bfe71ac438517"><title>Onderbreking</title><date></date><icon src="https://staticqbr-be-prod.tnprod.cdn.dmdsdp.com/image-service/ImagesEPG/EventImages/d2f__4ac__d2f4accd-d8db-4158-869e-2fbf7b27f128__B166199242.jpg"></icon><desc>Geen uitzending.</desc><category>Overig</category></programme><programme channel="lgi-be-prod-master:cinecinemafr" start="20211227072900 +0000" stop="20211227085900 +0000" catchup-id="crid:~~2F~~2Ftelenet.be~~2Fb048fcc1-e4b9-42f9-9c87-c49143dcc80b-fre,imi:370a9f3d74191911d3ee811bb084751169024102"><title>Invasion Day</title><date>2015</date><icon src="https://staticqbr-be-prod.tnprod.cdn.dmdsdp.com/image-service/ImagesEPG/EventImages/b91__049__b910491e-72a0-4f1e-9aea-6be5f4f2ff41__B105936402.jpg"></icon><desc>Aux premières heures du 9 avril 1940, l'armée danoise est en alerte : les troupes allemandes ont passé la frontière et le Danemark se retrouve en situation de guerre. Dans le sud du Jutland, les forces motorisées sont mobilisées pour contenir l'envahisseur en attendant que des renforts puissent être mobilisés. Le lieutenant Sand et ses hommes, membres d'une brigade cycliste, font partie de ces soldats auxquels est assignée cette tâche presque impossible. Dès les premières heures, l'état d'impréparation de l'armée danoise a des conséquences dramatiques...</desc><category>Film</category></programme><programme channel="lgi-be-prod-master:cinecinemafr" start="20211227085900 +0000" stop="20211227103000 +0000" catchup-id="crid:~~2F~~2Ftelenet.be~~2F80d4544f-b6a0-4f5b-bf68-089860427736-fre,imi:90a826df53b8b8f718eb05cd19ffdcdaf3666c43"><title>La fille au bracelet</title><date>2020</date><icon src="https://staticqbr-be-prod.tnprod.cdn.dmdsdp.com/image-service/ImagesEPG/EventImages/01e__3c3__01e3c330-a8b2-4cb0-9480-a8ea994285ef__B176017716.jpg"></icon><desc>De zestienjarige Lise wordt ervan beschuldigd haar beste vriendin te hebben vermoord. Haar familie staat volledig achter haar, maar in de rechtbank komen steeds meer geheimen aan het licht. Lise blijft daarbij haast onbewogen, waardoor er steeds meer getwijfeld wordt aan haar onschuld.</desc><category>Film, Drama</category></programme><programme channel="lgi-be-prod-master:cinecinemafr" start="20211227103000 +0000" stop="20211227115900 +0000" catchup-id="crid:~~2F~~2Ftelenet.be~~2Fe2695bc7-8ffc-4ce3-93da-6c487ebfe4dc-fre,imi:b89689da8616eb5a502e88bb77f2d979ecd37185"><title>Le convoyeur</title><date>2004</date><icon src="https://staticqbr-be-prod.tnprod.cdn.dmdsdp.com/image-service/ImagesEPG/EventImages/192__94c__19294cf1-8c4e-4fbe-a2a8-c2c9e5f4f336__B120997197.jpg"></icon><desc>De Vigilante is een kleine geldtransportonderneming. Dit jaar alleen werden er al drie wagens overvallen, zonder overlevenden. Alexandre Demarre begint zijn eerste werkdag bij Vigilante. Flik? Overvaller? Gewoon werkloos? Wie is hij en wat zoekt hij?</desc><category>Film, Actie</category></programme>