<programme channel="lgi-be-prod-master:natgeowild" start="20211226231000 +0000" stop="20211226235500 +0000" catchup-id="crid:~~2F~~2Ftelenet.be~~2F246b5abd-4e57-4974-92a5-6ff512ace4a4,imi:6a4b1cd65506dd31fed351c6336204cc0ecc816a"><title>Wild Nordic</title><date></date><icon src="https://staticqbr-be-prod.tnprod.cdn.dmdsdp.com/image-service/ImagesEPG/EventImages/af4__cef__af4cef42-9177-4ab2-82db-d2d021d63da6__B156339924.jpg"></icon><desc>Alle dieren in Scandinavië bereiden zich in de herfst voor op de winter. Voordat het gaat vriezen en de winter haar intrede doet, moeten de dieren er klaar voor zijn.</desc><category>Documentaire, Natuur</category></programme><programme channel="lgi-be-prod-master:natgeowild" start="20211226235500 +0000" stop="20211227004500 +0000" catchup-id="crid:~~2F~~2Ftelenet.be~~2F68f6f8fb-772e-4652-9f2d-b70aa96645bc,imi:836becb979cf181c246d931818f5003d96477499"><title>Wild Nordic</title><date></date><icon src="https://staticqbr-be-prod.tnprod.cdn.dmdsdp.com/image-service/ImagesEPG/EventImages/af4__cef__af4cef42-9177-4ab2-82db-d2d021d63da6__B156339924.jpg"></icon><desc>Compilaties van de documentairereeks (2019) over de fauna en flora van de Noorse kustlijn</desc><category>Documentaire, Natuur</category></programme><programme channel="lgi-be-prod-master:natgeowild" start="20211227004500 +0000" stop="20211227013000 +0000" catchup-id="crid:~~2F~~2Ftelenet.be~~2F5ae3556c-17d6-4ee4-9017-6ff666e33471,imi:6d41e08bd8a3d66523118e06758cd01d954dec12"><title>Snow Leopard of Afghanistan</title><date></date><icon src="https://staticqbr-be-prod.tnprod.cdn.dmdsdp.com/image-service/ImagesEPG/EventImages/239__8c1__2398c1ce-e9ca-4f2f-9741-d7a927b9c361__B117286836.jpg"></icon><desc>Wetenschappers van het Wildlife Conservation Society proberen een zeldzame sneeuwpanter op te sporen en te bestuderen. Tijdens hun zoektocht naar dit intelligente, behoedzame en goed gecamoufleerde dier ontstaan er onverwachte problemen zoals defecte apparatuur, plotselinge weersveranderingen en de dreiging van de Taliban.</desc><category>Documentaire, Natuur</category></programme><programme channel="lgi-be-prod-master:natgeowild" start="20211227013000 +0000" stop="20211227022000 +0000" catchup-id="crid:~~2F~~2Ftelenet.be~~2Fdcf5a4ca-0f24-4515-b2f1-108b8c69b3f1,imi:4eab9fc73ff63f7e6d13ac7b778902f3de22cafb"><title>Wild Lapland</title><date></date><icon src="https://staticqbr-be-prod.tnprod.cdn.dmdsdp.com/image-service/ImagesEPG/EventImages/3ff__b79__3ffb79ef-7bc6-492a-8ad3-f3939b6eae99__B160044812.jpg"></icon><desc>Natuurdocumentaire.</desc><category>Documentaire, Natuur</category></programme><programme channel="lgi-be-prod-master:natgeowild" start="20211227022000 +0000" stop="20211227030500 +0000" catchup-id="crid:~~2F~~2Ftelenet.be~~2F1f258b28-9e8d-4507-a54e-3fb6b8ae52f6,imi:3e202aefcc1c8fc98f4d3695112aab8122f00d31"><title>Secrets of The Zoo S3 Compilations</title><date></date><icon src="https://staticqbr-be-prod.tnprod.cdn.dmdsdp.com/image-service/ImagesEPG/EventImages/3ff__b79__3ffb79ef-7bc6-492a-8ad3-f3939b6eae99__B160044812.jpg"></icon><desc>Natuurdocumentaire.</desc><category>Documentaire, Natuur</category></programme><programme channel="lgi-be-prod-master:natgeowild" start="20211227030500 +0000" stop="20211227035000 +0000" catchup-id="crid:~~2F~~2Ftelenet.be~~2Fe4d6666c-da00-4bca-963b-b8e9a2790b43,imi:0cec1db4769ac4403a74969a3ae6f75663ac5117"><title>Secrets of The Zoo S3 Compilations</title><date></date><icon src="https://staticqbr-be-prod.tnprod.cdn.dmdsdp.com/image-service/ImagesEPG/EventImages/3ff__b79__3ffb79ef-7bc6-492a-8ad3-f3939b6eae99__B160044812.jpg"></icon><desc>Natuurdocumentaire.</desc><category>Documentaire, Natuur</category></programme><programme channel="lgi-be-prod-master:natgeowild" start="20211227035000 +0000" stop="20211227043500 +0000" catchup-id="crid:~~2F~~2Ftelenet.be~~2F9576cf19-1b2d-4cbf-993b-14612b9e8ded,imi:7a1e7e13a2ba66f9d3a7aab7ae2d744926e1cf69"><title>Secrets of The Zoo S3 Compilations</title><date></date><icon src="https://staticqbr-be-prod.tnprod.cdn.dmdsdp.com/image-service/ImagesEPG/EventImages/3ff__b79__3ffb79ef-7bc6-492a-8ad3-f3939b6eae99__B160044812.jpg"></icon><desc>Natuurdocumentaire.</desc><category>Documentaire, Natuur</category></programme><programme channel="lgi-be-prod-master:natgeowild" start="20211227043500 +0000" stop="20211227050000 +0000" catchup-id="crid:~~2F~~2Ftelenet.be~~2F02b985f8-a816-460d-892b-acd83429f649,imi:074b98d862f155232a50367c12e8f5ac89a9172b"><title>Outback Wrangler</title><date></date><icon src="https://staticqbr-be-prod.tnprod.cdn.dmdsdp.com/image-service/ImagesEPG/EventImages/361__ab5__361ab5bc-ab44-4653-bea9-f87d1ed8a62c__B148233354.jpg"></icon><desc>Krokodillen die vee doden, olifanten die oogsten vernielen, buffels op hol: het samenleven van mensen en wilde dieren gaat niet altijd over een leien dakje. Matt Whright zorgt ervoor dat dieren die echt voor grote problemen zorgen, naar een veilige omgeving verplaatst worden.</desc><category>Documentaire, Reality-tv</category></programme><programme channel="lgi-be-prod-master:natgeowild" start="20211227050000 +0000" stop="20211227052500 +0000" catchup-id="crid:~~2F~~2Ftelenet.be~~2F5022726c-605b-4a60-998f-be103b9cc999,imi:5e122708b7be4254b71164c628bfcb1d1b8f975e"><title>Outback Wrangler</title><date></date><icon src="https://staticqbr-be-prod.tnprod.cdn.dmdsdp.com/image-service/ImagesEPG/EventImages/361__ab5__361ab5bc-ab44-4653-bea9-f87d1ed8a62c__B148233354.jpg"></icon><desc>Krokodillen die vee doden, olifanten die oogsten vernielen, buffels op hol: het samenleven van mensen en wilde dieren gaat niet altijd over een leien dakje. Matt Whright zorgt ervoor dat dieren die echt voor grote problemen zorgen, naar een veilige omgeving verplaatst worden.</desc><category>Documentaire, Reality-tv</category></programme><programme channel="lgi-be-prod-master:natgeowild" start="20211227052500 +0000" stop="20211227054500 +0000" catchup-id="crid:~~2F~~2Ftelenet.be~~2F7de5a657-76c6-42f9-a033-5954f89e66eb,imi:054d3c2508b022eb918eb52701e03e80f2c96920"><title>Trials of The Wild</title><date></date><icon src="https://staticqbr-be-prod.tnprod.cdn.dmdsdp.com/image-service/ImagesEPG/EventImages/d4e__e15__d4ee15a8-93e2-4e4e-886f-ef789d864a53__B141397649.jpg"></icon><desc>Is liefde niet groots? Voor veel dieren in het wild is het aantrekken van een partner en het krijgen van de kans om te broeden meer een bloedsport.</desc><category>Documentaire, Natuur</category></programme><programme channel="lgi-be-prod-master:natgeowild" start="20211227054500 +0000" stop="20211227061000 +0000" catchup-id="crid:~~2F~~2Ftelenet.be~~2F501f8aca-b282-45d3-b0d2-2778b260720e,imi:b873d0e413c34d4a634d33da73cab0448a1e9be7"><title>Trials of The Wild</title><date></date><icon src="https://staticqbr-be-prod.tnprod.cdn.dmdsdp.com/image-service/ImagesEPG/EventImages/d4e__e15__d4ee15a8-93e2-4e4e-886f-ef789d864a53__B141397649.jpg"></icon><desc>Een roofdier sluipt door de Costa Ricaanse bossen. Geen jaguar, maar een superorganisme van een half miljoen kleine eenheden - een mierenkolonie.</desc><category>Documentaire, Natuur</category></programme><programme channel="lgi-be-prod-master:natgeowild" start="20211227061000 +0000" stop="20211227065500 +0000" catchup-id="crid:~~2F~~2Ftelenet.be~~2Fa61b24d7-488e-4bca-ba11-37cb17ea7912,imi:285bbf7f9cff2e143ef48dbc6db5deca1141a0a5"><title>America the Beautiful: Mighty Northwest</title><date></date><icon src="https://staticqbr-be-prod.tnprod.cdn.dmdsdp.com/image-service/ImagesEPG/EventImages/399__d6f__399d6ff8-f6c6-4e90-92c3-ee50c8cda014__B142925985.jpg"></icon><desc>Van weilanden in de vallei tot hoog in de Rocky Mountains; het leven is overvloedig en veerkrachtig. Dieren die hier leven worden geconfronteerd met tal van uitdagingen.</desc><category>Documentaire, Natuur</category></programme><programme channel="lgi-be-prod-master:natgeowild" start="20211227065500 +0000" stop="20211227074000 +0000" catchup-id="crid:~~2F~~2Ftelenet.be~~2F57329e4d-b6c5-45e9-a4de-97ad321e0b41,imi:fde4a44294aa365fa915cab574cd3bed5d47b05a"><title>Savage Islands Giants</title><date></date><icon src="https://staticqbr-be-prod.tnprod.cdn.dmdsdp.com/image-service/ImagesEPG/EventImages/32a__ed4__32aed425-ac7b-45cf-8d58-efa3ad3dc5a2__B142918547.jpg"></icon><desc>Halverwege tussen Nieuw-Zeeland en Antarctica liggen de ruige Aucklandeilanden, een baken van het leven in de duistere zuidelijke oceaan.</desc><category>Documentaire, Natuur</category></programme><programme channel="lgi-be-prod-master:natgeowild" start="20211227074000 +0000" stop="20211227082500 +0000" catchup-id="crid:~~2F~~2Ftelenet.be~~2F526bcd86-ccc4-4422-80ef-cb6f9b274233,imi:2f5475283180404303cfffe1686d49af5b757f67"><title>America the Beautiful: Mighty Northwest</title><date></date><icon src="https://staticqbr-be-prod.tnprod.cdn.dmdsdp.com/image-service/ImagesEPG/EventImages/399__d6f__399d6ff8-f6c6-4e90-92c3-ee50c8cda014__B142925985.jpg"></icon><desc>Welkom in het land van de reuzen, waar de hoogste bomen ter wereld uitkijken over de kust van Californië.</desc><category>Documentaire, Natuur</category></programme><programme channel="lgi-be-prod-master:natgeowild" start="20211227082500 +0000" stop="20211227091000 +0000" catchup-id="crid:~~2F~~2Ftelenet.be~~2F512e7500-4f49-4b95-b51d-692c76082bd6,imi:168aba744b2a4c867cac991a3b8d9f02ae55f9a5"><title>America the Beautiful: Mighty Northwest</title><date></date><icon src="https://staticqbr-be-prod.tnprod.cdn.dmdsdp.com/image-service/ImagesEPG/EventImages/399__d6f__399d6ff8-f6c6-4e90-92c3-ee50c8cda014__B142925985.jpg"></icon><desc>De gevaarlijke pieken van West-Montana verbergen een oud geheim: de gletsjergebieden van Amerika.</desc><category>Documentaire, Natuur</category></programme><programme channel="lgi-be-prod-master:natgeowild" start="20211227091000 +0000" stop="20211227100000 +0000" catchup-id="crid:~~2F~~2Ftelenet.be~~2Fa61b24d7-488e-4bca-ba11-37cb17ea7912,imi:5513abd8cfa2820603d0bb807eda875627f171ba"><title>America the Beautiful: Mighty Northwest</title><date></date><icon src="https://staticqbr-be-prod.tnprod.cdn.dmdsdp.com/image-service/ImagesEPG/EventImages/399__d6f__399d6ff8-f6c6-4e90-92c3-ee50c8cda014__B142925985.jpg"></icon><desc>Van weilanden in de vallei tot hoog in de Rocky Mountains; het leven is overvloedig en veerkrachtig. Dieren die hier leven worden geconfronteerd met tal van uitdagingen.</desc><category>Documentaire, Natuur</category></programme><programme channel="lgi-be-prod-master:natgeowild" start="20211227100000 +0000" stop="20211227104500 +0000" catchup-id="crid:~~2F~~2Ftelenet.be~~2F57329e4d-b6c5-45e9-a4de-97ad321e0b41,imi:5d063f738f8a303c333ab11c392ce1cd7dcc5d4d"><title>Savage Islands Giants</title><date></date><icon src="https://staticqbr-be-prod.tnprod.cdn.dmdsdp.com/image-service/ImagesEPG/EventImages/32a__ed4__32aed425-ac7b-45cf-8d58-efa3ad3dc5a2__B142918547.jpg"></icon><desc>Halverwege tussen Nieuw-Zeeland en Antarctica liggen de ruige Aucklandeilanden, een baken van het leven in de duistere zuidelijke oceaan.</desc><category>Documentaire, Natuur</category></programme><programme channel="lgi-be-prod-master:natgeowild" start="20211227104500 +0000" stop="20211227113000 +0000" catchup-id="crid:~~2F~~2Ftelenet.be~~2F478ea6e6-e743-445f-ab26-13ddf2fc295d,imi:b4d04460dba6953fb16af5f8ad9d5ec2d20554fe"><title>Planet Carnivore</title><date></date><icon src="https://staticqbr-be-prod.tnprod.cdn.dmdsdp.com/image-service/ImagesEPG/EventImages/65a__c58__65ac583f-9321-4129-b636-cd0c255d543e__B142920990.jpg"></icon><desc>Witte haaien, ijsberen, leeuwen en bruine beren strijden met rivalen en de elementen om hun plek aan de top van de voedselketen te handhaven.</desc><category>Documentaire, Natuur</category></programme><programme channel="lgi-be-prod-master:natgeowild" start="20211227113000 +0000" stop="20211227122000 +0000" catchup-id="crid:~~2F~~2Ftelenet.be~~2Ff5c980eb-e573-43db-9b0e-71ef7ee5e224,imi:13fa50cb153963a66d111a2911719623f4d28a3b"><title>Blood Rivals: Lion vs Buffalo</title><date></date><icon src="https://staticqbr-be-prod.tnprod.cdn.dmdsdp.com/image-service/ImagesEPG/EventImages/814__740__814740eb-69c2-45d6-86c1-c0d05fcb5ed2__B149577451.jpg"></icon><desc>De buffels kunnen hun brute kracht en effectieve samenwerking goed gebruiken om de meedogenloze aanvallen van de leeuwen af te slaan.</desc><category>Documentaire, Oude culturen</category></programme>