<programme channel="lgi-be-prod-master:france2" start="20211226233000 +0000" stop="20211226233500 +0000" catchup-id="crid:~~2F~~2Ftelenet.be~~2Fea1edb16-488d-4785-bf66-4e0b7f12860c-fre,imi:9b3827b19879ba2a39b2c6a2dd97793ede7bd11e"><title>Le pitch cinéma</title><date></date><icon src="https://staticqbr-be-prod.tnprod.cdn.dmdsdp.com/image-service/ImagesEPG/EventImages/76f__eb8__76feb8af-3af8-4f34-98fb-77aa0246befa__B154830712.jpg"></icon><desc>Les films de cinéma vus par ceux qui ne les ont pas vus.</desc><category>Nieuws, Actualiteitenprogramma's</category></programme><programme channel="lgi-be-prod-master:france2" start="20211226233500 +0000" stop="20211227003000 +0000" catchup-id="crid:~~2F~~2Ftelenet.be~~2Fae357897-d7a4-413b-93a9-5075c392fb74-fre,imi:fadd4fb99084524f76d3e9d9cff362945a10b391"><title>Histoires Courtes</title><date></date><icon src="https://staticqbr-be-prod.tnprod.cdn.dmdsdp.com/image-service/ImagesEPG/EventImages/967__643__96764383-4d2f-4c8c-9d8f-1d4dba75c7b5__B106480332.jpg"></icon><desc>Une sélection de courts métrages français et internationaux liés par un thème.</desc><category>Vrije tijd, Showbiz</category></programme><programme channel="lgi-be-prod-master:france2" start="20211227003000 +0000" stop="20211227003500 +0000" catchup-id="crid:~~2F~~2Ftelenet.be~~2F51bbc91b-3685-4fd5-a50c-4d79d71475c3-fre,imi:ea6e75a18a113fdcc1a9dafb8ea38abf59583e51"><title>Météo 2 France2</title><date></date><icon src="https://staticqbr-be-prod.tnprod.cdn.dmdsdp.com/image-service/ImagesEPG/EventImages/81a__ee7__81aee7cf-b759-499d-a983-782f2fad968a__B78135370.jpg"></icon><desc>Le point, plusieurs fois par jour, sur l'évolution de la météo, grâce à des cartes et des explications.</desc><category>Nieuws, Weer</category></programme><programme channel="lgi-be-prod-master:france2" start="20211227003500 +0000" stop="20211227010500 +0000" catchup-id="crid:~~2F~~2Ftelenet.be~~2F7687624d-d53b-45c9-8985-79ffd31c7e21-fre,imi:099056c536fd4534d72964f4ef3097c85e0b1b2a"><title>13H15, le samedi</title><date></date><icon src="https://staticqbr-be-prod.tnprod.cdn.dmdsdp.com/image-service/ImagesEPG/EventImages/f96__cf5__f96cf5d3-e818-4c59-80f6-d2301dca6150__B51432888.jpg"></icon><desc>Un autre regard sur l'actualité avec des images, des émotions et une écriture sensible aux aventures humaines: des histoires françaises, le feuilleton de la politique, les coulisses de la vie de tous les jours, les sagas familiales, les confidences des grands témoins.</desc><category>Nieuws, Actualiteitenprogramma's</category></programme><programme channel="lgi-be-prod-master:france2" start="20211227010500 +0000" stop="20211227014000 +0000" catchup-id="crid:~~2F~~2Ftelenet.be~~2F2c01c524-4604-499b-b96f-9e52817ce63a-fre,imi:6fb5de441db5f895e77d51ee879b27115035e706"><title>Les enfants de la télé</title><date></date><icon src="https://staticqbr-be-prod.tnprod.cdn.dmdsdp.com/image-service/ImagesEPG/EventImages/7c4__8d2__7c48d2d0-f9fd-4d2f-994e-b51e47c75351__B110443087.jpg"></icon><desc>Au programme de ce moment convivial d'humeur et d'humour, un savant mélange de séquences cultes, de fous rires, d'images drôles et émouvantes. L'occasion de revoir avec plaisir les images qui ont fait les belles heures de la télévision.</desc><category>Vrije tijd, Showbiz</category></programme><programme channel="lgi-be-prod-master:france2" start="20211227014000 +0000" stop="20211227020500 +0000" catchup-id="crid:~~2F~~2Ftelenet.be~~2Fd4dced08-01ea-4208-84cf-e6026afd820c-fre,imi:c85f974e677de316a5bfad9d845ff813420d85bb"><title>Les enfants de la télé, la suite</title><date></date><icon src="https://staticqbr-be-prod.tnprod.cdn.dmdsdp.com/image-service/ImagesEPG/EventImages/ce6__500__ce65009f-cf79-46c3-973a-f7cc7e5c66f8__B172646442.jpg"></icon><desc>Après le rendez-vous de 18h, de nouveaux invités prennent place sur le plateau. Pour les surprendre et parfois même les embarrasser, Laurent Ruquier a mis la main sur des images qui évoquent leur biographie télévisuelle. Gare aux casseroles !</desc><category>Vrije tijd, Showbiz</category></programme><programme channel="lgi-be-prod-master:france2" start="20211227020500 +0000" stop="20211227025500 +0000" catchup-id="crid:~~2F~~2Ftelenet.be~~2F5be9ad75-68d4-42de-8588-5c73b15f9ba3-fre,imi:92231bb7b84269ff99589f22327175b363a1a34b"><title>Voyage au bout du monde</title><date></date><icon src="https://staticqbr-be-prod.tnprod.cdn.dmdsdp.com/image-service/ImagesEPG/EventImages/271__5bb__2715bbdc-fdeb-4880-b404-f28cc37b1821__B110193162.jpg"></icon><desc>Le royaume hachémite de Jordanie, est bordé à l'ouest par la Cisjordanie et Israël, au sud par l'Arabie saoudite, à l'est par l'Irak et au nord par la Syrie.</desc><category>Wetenschap</category></programme><programme channel="lgi-be-prod-master:france2" start="20211227025500 +0000" stop="20211227032000 +0000" catchup-id="crid:~~2F~~2Ftelenet.be~~2F92367eac-ec14-49bc-a6c3-5b4b221ae563-fre,imi:17af0803a661d8f919caad207529cf844deadef1"><title>Dinard à l'heure anglaise</title><date></date><icon src="https://staticqbr-be-prod.tnprod.cdn.dmdsdp.com/image-service/ImagesEPG/EventImages/69a__201__69a20120-e71e-4c92-929d-5fe6493645fc__B160043378.jpg"></icon><desc>Tous les ans depuis septembre 1990, la ville de Dinard, en Ille-et-Vilaine, accueille le festival du cinéma britannique qui décerne ses célèbres Hitchcock d'Or.</desc><category>Documentaire, Oude culturen</category></programme><programme channel="lgi-be-prod-master:france2" start="20211227032000 +0000" stop="20211227033000 +0000" catchup-id="crid:~~2F~~2Ftelenet.be~~2Fee9278d9-797f-4494-a6ca-c87c6caa2215-fre,imi:6bf5651bcf1e8d1bc53eb125bab4808a1c7d425e"><title>Pays et marchés du monde</title><date></date><icon src="https://staticqbr-be-prod.tnprod.cdn.dmdsdp.com/image-service/ImagesEPG/EventImages/e50__689__e506899d-876f-47b1-91d7-fd7b53bacd5c__B107342898.jpg"></icon><desc>À chaque épisode, un voyage ! Xavier Petit, caméraman reporter, nous fait découvrir un pays, une ville, un peuple et bien sûr, un marché traditionnel .</desc><category>Documentaire, Oude culturen</category></programme><programme channel="lgi-be-prod-master:france2" start="20211227033000 +0000" stop="20211227033500 +0000" catchup-id="crid:~~2F~~2Ftelenet.be~~2F105bedf1-1d94-4692-a5fc-677e1f273f80-fre,imi:ff926a5c111219794c1f2587dd3d1f04537b6d52"><title>Pays et marchés du monde</title><date></date><icon src="https://staticqbr-be-prod.tnprod.cdn.dmdsdp.com/image-service/ImagesEPG/EventImages/e50__689__e506899d-876f-47b1-91d7-fd7b53bacd5c__B107342898.jpg"></icon><desc>A la découverte d'un pays, d'une ville, d'un peuple et, bien sûr, d'un marché traditionnel et d'une spécialité locale.</desc><category>Documentaire, Oude culturen</category></programme><programme channel="lgi-be-prod-master:france2" start="20211227033500 +0000" stop="20211227043500 +0000" catchup-id="crid:~~2F~~2Ftelenet.be~~2Fc5768c68-1d4d-4aa8-aa9b-46581f2c8dbc-fre,imi:ad8c2a8b5b15e0d73c3c022070ff1c99dcae2040"><title>Tout le monde veut prendre sa place</title><date></date><icon src="https://staticqbr-be-prod.tnprod.cdn.dmdsdp.com/image-service/ImagesEPG/EventImages/70a__104__70a1042f-5afe-4e70-988d-73d8597ff918__B49443122.jpg"></icon><desc>Het spel dat iedereen kan winnen. Een quiz, zes kandidaten en een kampioen die hoopt om iedereen er uit te spelen.</desc><category>Vrije tijd, Showbiz</category></programme><programme channel="lgi-be-prod-master:france2" start="20211227043500 +0000" stop="20211227050000 +0000" catchup-id="crid:~~2F~~2Ftelenet.be~~2Fa6669d0f-6187-44bd-bf3d-a9fe07bac4da-fre,imi:dcaed06f7756143d4b18cad0ed920b4b2e9ae857"><title>Un si grand soleil</title><date></date><icon src="https://staticqbr-be-prod.tnprod.cdn.dmdsdp.com/image-service/ImagesEPG/EventImages/a6f__bb0__a6fbb051-e50c-4c21-bc68-6180b0a91f72__B130932556.jpg"></icon><desc>Alors que Manu et Alex enquêtent sur une affaire de meurtre sur fond de tableaux volés, Anissa découvre que Yasmine a organisé et finance la protection de Driss en prison. Eliott, quant à lui, reprend du service pour Bernier.</desc><category>Soap</category></programme><programme channel="lgi-be-prod-master:france2" start="20211227050000 +0000" stop="20211227053000 +0000" catchup-id="crid:~~2F~~2Ftelenet.be~~2F2c987486-5c11-4cba-9b66-93e86eb3efac-fre,imi:01dbea86789f64c559869d68d9720642dd5a9529"><title>Le 6h info</title><date></date><icon src="https://staticqbr-be-prod.tnprod.cdn.dmdsdp.com/image-service/ImagesEPG/EventImages/15b__e19__15be1913-04fe-4f8c-bc29-d886383ef59a__B106986287.jpg"></icon><desc>Un rendez-vous réveil-matin, avec un point sur l'actualité assorti de différentes rubriques qui permettent d'en explorer certains aspects plus en profondeur.</desc><category>Nieuws, Actualiteitenprogramma's</category></programme><programme channel="lgi-be-prod-master:france2" start="20211227053000 +0000" stop="20211227070000 +0000" catchup-id="crid:~~2F~~2Ftelenet.be~~2F1963f874-2503-4c14-8929-786eeeb65d03-fre,imi:818e279208f2d8c192d26b033f1da3829781b175"><title>Télématin</title><date></date><icon src="https://staticqbr-be-prod.tnprod.cdn.dmdsdp.com/image-service/ImagesEPG/EventImages/94b__f6f__94bf6f63-a69e-439a-bf86-0a66f38470be__B106986835.jpg"></icon><desc>Du lundi au jeudi, rendez-vous, dès 6h30 avec Thomas Sotto et Julia Vignali. Et du vendredi au dimanche, c'est au tour de Damien Thévenot et Maya Lauqué de dynamiser le réveil.</desc><category>Nieuws, Actualiteitenprogramma's</category></programme><programme channel="lgi-be-prod-master:france2" start="20211227070000 +0000" stop="20211227071500 +0000" catchup-id="crid:~~2F~~2Ftelenet.be~~2Ffc39cd96-8b89-46cc-9815-05165a7e5736-fre,imi:ba2e2c39224cbc36b31d0540761927592356094b"><title>Journal 08h00</title><date></date><icon src="https://staticqbr-be-prod.tnprod.cdn.dmdsdp.com/image-service/ImagesEPG/EventImages/127__a3c__127a3cd2-c7b5-4907-8716-0245b38d6d9c__B106986050.jpg"></icon><desc>Pour bien démarrer la journée, la rédaction de France 2 propose un point sur l'actualité. Les principales informations nationales et internationales sont passées en revue.</desc><category>Actualiteit</category></programme><programme channel="lgi-be-prod-master:france2" start="20211227071500 +0000" stop="20211227083000 +0000" catchup-id="crid:~~2F~~2Ftelenet.be~~2Fd67199f1-a3ab-4092-8148-7f07003e9bd1-fre,imi:38ea8ba3d47de2694fe893594b19f516c2899374"><title>Télématin</title><date></date><icon src="https://staticqbr-be-prod.tnprod.cdn.dmdsdp.com/image-service/ImagesEPG/EventImages/94b__f6f__94bf6f63-a69e-439a-bf86-0a66f38470be__B106986835.jpg"></icon><desc>Du lundi au jeudi, rendez-vous, dès 6h30 avec Thomas Sotto et Julia Vignali. Et du vendredi au dimanche, c'est au tour de Damien Thévenot et Maya Lauqué de dynamiser le réveil.</desc><category>Nieuws, Actualiteitenprogramma's</category></programme><programme channel="lgi-be-prod-master:france2" start="20211227083000 +0000" stop="20211227085500 +0000" catchup-id="crid:~~2F~~2Ftelenet.be~~2F5fe81e16-3373-4224-a23d-477104af232a-fre,imi:146841e8be47c46f0b5e7ca4bd034520e8eba1d2"><title>La maison des Maternelles</title><date></date><icon src="https://staticqbr-be-prod.tnprod.cdn.dmdsdp.com/image-service/ImagesEPG/EventImages/215__e00__215e00d1-e35d-49ff-a2c6-bb77a2917299__W106255293.jpg"></icon><desc>Samen met Benjamin Muller en Marie Perarnau beantwoordt Agathe Lecaron de vele vragen die ouders hebben. Het team ontvangt ouders en kinderen elke dag en biedt hen de mogelijkheid om de beste specialisten te ontmoeten.</desc><category>Nieuws, Actualiteitenprogramma's</category></programme><programme channel="lgi-be-prod-master:france2" start="20211227085500 +0000" stop="20211227091000 +0000" catchup-id="crid:~~2F~~2Ftelenet.be~~2F7fdddb1d-f451-42c4-bcac-ffdc26823cb5-fre,imi:d2b859ee5eb5387c092ad625a6633af225edc8b9"><title>La maison des Maternelles</title><date></date><icon src="https://staticqbr-be-prod.tnprod.cdn.dmdsdp.com/image-service/ImagesEPG/EventImages/215__e00__215e00d1-e35d-49ff-a2c6-bb77a2917299__W106255293.jpg"></icon><desc>Samen met Benjamin Muller en Marie Perarnau beantwoordt Agathe Lecaron de vele vragen die ouders hebben. Het team ontvangt ouders en kinderen elke dag en biedt hen de mogelijkheid om de beste specialisten te ontmoeten.</desc><category>Nieuws, Actualiteitenprogramma's</category></programme><programme channel="lgi-be-prod-master:france2" start="20211227091000 +0000" stop="20211227092000 +0000" catchup-id="crid:~~2F~~2Ftelenet.be~~2F9730dc7f-ed7e-445e-9147-e7fb7a7c654c-fre,imi:308c6acef13370fe030e881526edd6243e6163a0"><title>Consomag</title><date></date><icon src="https://staticqbr-be-prod.tnprod.cdn.dmdsdp.com/image-service/ImagesEPG/EventImages/dc5__0dd__dc50dd09-1d5e-42ff-ad10-9c47766e6ca6__B106192799.jpg"></icon><desc>Le magazine de l'Institut national de la consommation donne à chacun des conseils pratiques pour mieux consommer.</desc><category>Educatie</category></programme><programme channel="lgi-be-prod-master:france2" start="20211227092000 +0000" stop="20211227094000 +0000" catchup-id="crid:~~2F~~2Ftelenet.be~~2F8fb2ca0c-06ca-44c3-83d0-5783a16b8f50-fre,imi:dcbbde5bfa525ee3ed032c7aaed47dbc4a4b48af"><title>Mooi en Meedogenloos</title><date></date><icon src="https://staticqbr-be-prod.tnprod.cdn.dmdsdp.com/image-service/ImagesEPG/EventImages/5ad__419__5ad41954-87db-4949-b295-8803bb044e19__B118118604.jpg"></icon><desc>Liam implore le pardon de Hope, lui disant qu'il n'aime qu'elle. Finn s'inquiète des sentiments de Steffy envers Liam et de ce que cela signifierait si Liam était le père de ce bébé. Flo laisse sous-entendre à Summer Newman qu'elle connait des ragots sur Sally Spectra.</desc><category>Soap</category></programme><programme channel="lgi-be-prod-master:france2" start="20211227094000 +0000" stop="20211227094500 +0000" catchup-id="crid:~~2F~~2Ftelenet.be~~2F35d6d917-1f38-4694-9877-7955a3403c52-fre,imi:417e64bf514fd7465309ada2c73d736894ca5d5a"><title>Météo outre-mer</title><date></date><icon src="https://staticqbr-be-prod.tnprod.cdn.dmdsdp.com/image-service/ImagesEPG/EventImages/15e__30c__15e30c9d-6bd7-4eeb-98eb-ed31fd7860f2__B78651941.jpg"></icon><desc>Le point sur l'évolution de la météo dans les Outre-mers, grâce à des cartes et des explications.</desc><category>Nieuws, Weer</category></programme><programme channel="lgi-be-prod-master:france2" start="20211227094500 +0000" stop="20211227102000 +0000" catchup-id="crid:~~2F~~2Ftelenet.be~~2F3cd95032-f110-45f0-8ba5-4dffdbf2c041-fre,imi:52e025927b453a55fb40c1a40d76b64daced1076"><title>Tout le monde a son mot à dire</title><date></date><icon src="https://staticqbr-be-prod.tnprod.cdn.dmdsdp.com/image-service/ImagesEPG/EventImages/8b4__d27__8b4d2719-e060-4cc2-b91c-69da51e994a8__B104048533.jpg"></icon><desc>Een dagelijkse oefening van de geest om plezier te hebben met de Franse taal en de algemene cultuur te verrijken.</desc><category>Vrije tijd, Showbiz</category></programme><programme channel="lgi-be-prod-master:france2" start="20211227102000 +0000" stop="20211227105000 +0000" catchup-id="crid:~~2F~~2Ftelenet.be~~2Fe12fa258-de9b-4fbb-9181-a3b85bd602ee-fre,imi:304d42e302a5e4f4b219a8b1474a9cb9f1d54422"><title>Chacun son tour</title><date></date><icon src="https://staticqbr-be-prod.tnprod.cdn.dmdsdp.com/image-service/ImagesEPG/EventImages/69a__201__69a20120-e71e-4c92-929d-5fe6493645fc__B160043378.jpg"></icon><desc>Des participants tirés au sort parmi le public doivent répondre à des questions de culture générale dans l'espoir d'être qualifié pour la deuxième épreuveâ: le billard japonais, un jeu d'adresse qui peut rapporter cadeaux et argent. Les candidats qui perdent leur duel de culture générale réintègrent le public et peuvent donc être à nouveau tirés au sort.</desc><category>Documentaire, Oude culturen</category></programme><programme channel="lgi-be-prod-master:france2" start="20211227105000 +0000" stop="20211227115000 +0000" catchup-id="crid:~~2F~~2Ftelenet.be~~2Fcd006326-a672-44c7-989b-1005c0026aa6-fre,imi:c9fc7372b214c9f7a0ea73cc4680482827eb9d2f"><title>Tout le monde veut prendre sa place</title><date></date><icon src="https://staticqbr-be-prod.tnprod.cdn.dmdsdp.com/image-service/ImagesEPG/EventImages/70a__104__70a1042f-5afe-4e70-988d-73d8597ff918__B49443122.jpg"></icon><desc>Het spel dat iedereen kan winnen. Een quiz, zes kandidaten en een kampioen die hoopt om iedereen er uit te spelen.</desc><category>Vrije tijd, Showbiz</category></programme><programme channel="lgi-be-prod-master:france2" start="20211227115000 +0000" stop="20211227120000 +0000" catchup-id="crid:~~2F~~2Ftelenet.be~~2F49055e5b-22f1-40ee-93e5-91198cd9c538-fre,imi:94d86157de8dd7411bcc19f058fa57660953d4cc"><title>Météo 2 France2</title><date></date><icon src="https://staticqbr-be-prod.tnprod.cdn.dmdsdp.com/image-service/ImagesEPG/EventImages/81a__ee7__81aee7cf-b759-499d-a983-782f2fad968a__B78135370.jpg"></icon><desc>Le point, plusieurs fois par jour, sur l'évolution de la météo, grâce à des cartes et des explications.</desc><category>Nieuws, Weer</category></programme>