<programme channel="lgi-be-prod-master:tlcvlaanderen" start="20211226230000 +0000" stop="20211226235500 +0000" catchup-id="crid:~~2F~~2Ftelenet.be~~2F58d7a8a8-9df4-4fc8-a5f1-d224207c5d2a,imi:e62bb1b46f36fbd9e18ebdbfdf3876fc1a3a6735"><title>Dr. Pimple Popper</title><date></date><icon src="https://staticqbr-be-prod.tnprod.cdn.dmdsdp.com/image-service/ImagesEPG/EventImages/12d__089__12d0898f-72ab-4d53-a9c2-041dd1f45ca2__B151844207.jpg"></icon><desc>Dr. Sandra Lee is een van de bekendste dermatologen van Amerika. Op YouTube is ze bekend als 'Dr. Pimple Popper'. Ze heeft op haar kanaal al duizenden behandelingen uitgevoerd.</desc><category>Documentaire, Reality-tv</category></programme><programme channel="lgi-be-prod-master:tlcvlaanderen" start="20211226235500 +0000" stop="20211227004500 +0000" catchup-id="crid:~~2F~~2Ftelenet.be~~2Fe107aeec-423b-4071-8baf-ffa6ea5b1280,imi:8a912d95b1c15d3b8288a44d60b9c33dd860e790"><title>Spring Baking Championship</title><date></date><icon src="https://staticqbr-be-prod.tnprod.cdn.dmdsdp.com/image-service/ImagesEPG/EventImages/11b__ad7__11bad783-6145-47e4-9f76-7193dcc71cb7__B122273647.jpg"></icon><desc>De zes overgebleven bakkers maken minimalistische desserts zonder bloem. En voor de daaropvolgende opdracht krijgen ze inspiratie uit een bijzondere vondst van een garageverkoop.</desc><category>Spelshow</category></programme><programme channel="lgi-be-prod-master:tlcvlaanderen" start="20211227004500 +0000" stop="20211227022500 +0000" catchup-id="crid:~~2F~~2Ftelenet.be~~2F352164a3-bf70-448d-a40c-51ce5a2555b0,imi:d2bb43db657921fe53ed298059fe4164a508626d"><title>My 600lb Life</title><date></date><icon src="https://staticqbr-be-prod.tnprod.cdn.dmdsdp.com/image-service/ImagesEPG/EventImages/db7__44f__db744fec-2324-47bf-8ff2-1be1497d487c__B129429635.jpg"></icon><desc>Volg het leven van mensen die bijna 300 kilo wegen. Na hun jarenlange strijd proberen ze nu samen met anderen duizenden kilo's te verliezen om te overleven.</desc><category>Documentaire, Reality-tv</category></programme><programme channel="lgi-be-prod-master:tlcvlaanderen" start="20211227022500 +0000" stop="20211227031000 +0000" catchup-id="crid:~~2F~~2Ftelenet.be~~2F050830c3-aed1-4219-bcea-5f2e288461d1,imi:e48839724e43b429049db34838531c971d918b20"><title>Curvy Brides' Boutique</title><date></date><icon src="https://staticqbr-be-prod.tnprod.cdn.dmdsdp.com/image-service/ImagesEPG/EventImages/3f5__737__3f5737b9-7e76-49c8-a1ca-230c0ef29310__B171870077.jpg"></icon><desc>Bruid Ruth leed aan boulimia voordat ze plus-size ambassadeur werd. Jo en Al helpen de bühne-minnende bruid Lizzie om het middelpunt van haar eigen bruiloft te worden.</desc><category>Documentaire, Reality-tv</category></programme><programme channel="lgi-be-prod-master:tlcvlaanderen" start="20211227031000 +0000" stop="20211227035500 +0000" catchup-id="crid:~~2F~~2Ftelenet.be~~2Ff75e6648-d73c-458e-80f3-24a57e71250d,imi:f73b6a05763ac8b14ecf8b9d429b3299dd759d03"><title>Curvy Brides' Boutique</title><date></date><icon src="https://staticqbr-be-prod.tnprod.cdn.dmdsdp.com/image-service/ImagesEPG/EventImages/3f5__737__3f5737b9-7e76-49c8-a1ca-230c0ef29310__B171870077.jpg"></icon><desc>Na het tragische verlies van haar man heeft Lisa de liefde hervonden en wil ze haar verloofde imponeren. Voor Chanel is het vinden van de juiste bruidsjurk een enorme uitdaging.</desc><category>Documentaire, Reality-tv</category></programme><programme channel="lgi-be-prod-master:tlcvlaanderen" start="20211227044000 +0000" stop="20211227050000 +0000" catchup-id="crid:~~2F~~2Ftelenet.be~~2F1997d101-7088-48c1-b1b7-6af9de439b37,imi:ca52a8e9cb319a8d38bfd84c3a19e43868d31a6e"><title>Curvy Brides' Boutique</title><date></date><icon src="https://staticqbr-be-prod.tnprod.cdn.dmdsdp.com/image-service/ImagesEPG/EventImages/3f5__737__3f5737b9-7e76-49c8-a1ca-230c0ef29310__B171870077.jpg"></icon><desc>In het landelijke Essex ligt een paradijs voor volslanke bruiden. Jo Cooke en Alison Law bieden aanstaande bruiden de kans om er geweldig uit te zien en zich ook zo te voelen.</desc><category>Documentaire, Reality-tv</category></programme><programme channel="lgi-be-prod-master:tlcvlaanderen" start="20211227050000 +0000" stop="20211227052500 +0000" catchup-id="crid:~~2F~~2Ftelenet.be~~2F80283487-516c-47db-ad94-dfefa7d3864a,imi:9f02b9fd90d4715201289317cc13b9ff30d7d721"><title>Flip or Flop</title><date></date><icon src="https://staticqbr-be-prod.tnprod.cdn.dmdsdp.com/image-service/ImagesEPG/EventImages/c1b__7ba__c1b7bac4-7642-4302-a456-b0ab8431026f__B130419046.jpg"></icon><desc>Tarek en Christina hebben een bezichtiging gepland, maar Tarek moet zich haasten om een andere afspraak te halen. Christina plaagt hem ermee, maar dat dreigt op ruzie uit te lopen.</desc><category>Documentaire, Reality-tv</category></programme><programme channel="lgi-be-prod-master:tlcvlaanderen" start="20211227052500 +0000" stop="20211227055000 +0000" catchup-id="crid:~~2F~~2Ftelenet.be~~2Fdf36c088-a07a-480f-af70-fcd5d4ea330a,imi:5cc6dbc2ea974f0e316a1d3f16d54cccfdf375eb"><title>Flip or Flop</title><date></date><icon src="https://staticqbr-be-prod.tnprod.cdn.dmdsdp.com/image-service/ImagesEPG/EventImages/c1b__7ba__c1b7bac4-7642-4302-a456-b0ab8431026f__B130419046.jpg"></icon><desc>Tarek en Christina zijn de stad uit wanneer ze een tip krijgen over een huis in La Mirada. Ze moeten de gok wagen en het ongezien kopen. Hoe zal dat uitpakken?</desc><category>Documentaire, Reality-tv</category></programme><programme channel="lgi-be-prod-master:tlcvlaanderen" start="20211227055000 +0000" stop="20211227061500 +0000" catchup-id="crid:~~2F~~2Ftelenet.be~~2F4a125caf-35ed-4960-9a48-a39049c329e4,imi:2bb8a897297009cffbbecfdacdd13d39a5d8c12a"><title>Flip or Flop</title><date></date><icon src="https://staticqbr-be-prod.tnprod.cdn.dmdsdp.com/image-service/ImagesEPG/EventImages/c1b__7ba__c1b7bac4-7642-4302-a456-b0ab8431026f__B130419046.jpg"></icon><desc>Tarek en Christina kopen een huis met drie verdiepen met een nogal ouderwetse indeling. De problemen stapelen zich op, net als de irritaties. Toch pakken ze het samen aan.</desc><category>Documentaire, Reality-tv</category></programme><programme channel="lgi-be-prod-master:tlcvlaanderen" start="20211227061500 +0000" stop="20211227064000 +0000" catchup-id="crid:~~2F~~2Ftelenet.be~~2Ffe5c5110-c23b-4d37-b2f2-69252ed77358,imi:51293c1910f2e6bd6bdf732e13d009ef41becff0"><title>Extreme Couponing</title><date></date><icon src="https://staticqbr-be-prod.tnprod.cdn.dmdsdp.com/image-service/ImagesEPG/EventImages/af8__8bd__af88bd94-1982-48cf-a18d-5e55f8d34583__B48209319.jpg"></icon><desc>Amber uit Arizona geeft haar gezin van zes personen te eten van slechts $50 per week. In Ohio probeert Amanda indruk te maken op haar oma door haar bonnenrecord te verbreken.</desc><category>Documentaire, Reality-tv</category></programme><programme channel="lgi-be-prod-master:tlcvlaanderen" start="20211227064000 +0000" stop="20211227070500 +0000" catchup-id="crid:~~2F~~2Ftelenet.be~~2F862f8d44-4ac8-4894-9860-3e69cacbb010,imi:a5d33f452dadce14860f977805af7d93f608bb5b"><title>Extreme Couponing</title><date></date><icon src="https://staticqbr-be-prod.tnprod.cdn.dmdsdp.com/image-service/ImagesEPG/EventImages/af8__8bd__af88bd94-1982-48cf-a18d-5e55f8d34583__B48209319.jpg"></icon><desc>Kelly wil indruk maken op haar beste vriend door meer dan $1.000 aan boodschappen gratis te krijgen. Rebecca probeert haar sceptische echtgenoot te interesseren voor kortingsbonnen.</desc><category>Documentaire, Reality-tv</category></programme><programme channel="lgi-be-prod-master:tlcvlaanderen" start="20211227070500 +0000" stop="20211227073000 +0000" catchup-id="crid:~~2F~~2Ftelenet.be~~2Fab30e7ca-28e2-4a23-87bd-c7ae8ced0e86,imi:0c86fd2dbab70d41a08ff53f0d7fab8087f8a978"><title>Curvy Brides' Boutique</title><date></date><icon src="https://staticqbr-be-prod.tnprod.cdn.dmdsdp.com/image-service/ImagesEPG/EventImages/3f5__737__3f5737b9-7e76-49c8-a1ca-230c0ef29310__B171870077.jpg"></icon><desc>In het landelijke Essex ligt een paradijs voor volslanke bruiden. Jo Cooke en Alison Law bieden aanstaande bruiden de kans om er geweldig uit te zien en zich ook zo te voelen.</desc><category>Documentaire, Reality-tv</category></programme><programme channel="lgi-be-prod-master:tlcvlaanderen" start="20211227073000 +0000" stop="20211227075500 +0000" catchup-id="crid:~~2F~~2Ftelenet.be~~2Fa24a8b71-14e3-4bce-b093-2cf99b843603,imi:5d0e6dc7cadcbc96baf9e4ca94884852110e2ed7"><title>Curvy Brides' Boutique</title><date></date><icon src="https://staticqbr-be-prod.tnprod.cdn.dmdsdp.com/image-service/ImagesEPG/EventImages/3f5__737__3f5737b9-7e76-49c8-a1ca-230c0ef29310__B171870077.jpg"></icon><desc>In het landelijke Essex ligt een paradijs voor volslanke bruiden. Jo Cooke en Alison Law bieden aanstaande bruiden de kans om er geweldig uit te zien en zich ook zo te voelen.</desc><category>Documentaire, Reality-tv</category></programme><programme channel="lgi-be-prod-master:tlcvlaanderen" start="20211227075500 +0000" stop="20211227082000 +0000" catchup-id="crid:~~2F~~2Ftelenet.be~~2F1d843d1c-f15e-441a-aee4-096898659fdc,imi:64e9eea39ba3cb3c595055d57cd9133e440f76d9"><title>Say Yes to the Dress UK</title><date></date><icon src="https://staticqbr-be-prod.tnprod.cdn.dmdsdp.com/image-service/ImagesEPG/EventImages/650__0e7__6500e76b-be7e-4edf-bdc9-704d67a7536e__B122419929.jpg"></icon><desc>Ontmoet koninklijk designer David Emanuel bij Confetti &amp; Lace in Essex. Samen met eigenaresse Christine Dando en haar team helpt hij aanstaande bruiden hun droomjurk te vinden.</desc><category>Documentaire, Reality-tv</category></programme><programme channel="lgi-be-prod-master:tlcvlaanderen" start="20211227082000 +0000" stop="20211227091000 +0000" catchup-id="crid:~~2F~~2Ftelenet.be~~2F60364978-d3de-4c04-8bf3-123456f05996,imi:cae6f1090fe16579f9a2a953def37264586dd308"><title>My 600lb Life</title><date></date><icon src="https://staticqbr-be-prod.tnprod.cdn.dmdsdp.com/image-service/ImagesEPG/EventImages/db7__44f__db744fec-2324-47bf-8ff2-1be1497d487c__B129429635.jpg"></icon><desc>Volg het leven van mensen die bijna 300 kilo wegen. Na hun jarenlange strijd proberen ze nu samen met anderen duizenden kilo's te verliezen om te overleven.</desc><category>Documentaire, Reality-tv</category></programme><programme channel="lgi-be-prod-master:tlcvlaanderen" start="20211227091000 +0000" stop="20211227100500 +0000" catchup-id="crid:~~2F~~2Ftelenet.be~~2F19fe9a1d-de34-4b02-9494-50f7f1d9c6eb,imi:d60006ecdf8b6b53d339fbd752535c015b01e91b"><title>My 600lb Life</title><date></date><icon src="https://staticqbr-be-prod.tnprod.cdn.dmdsdp.com/image-service/ImagesEPG/EventImages/db7__44f__db744fec-2324-47bf-8ff2-1be1497d487c__B129429635.jpg"></icon><desc>Volg het leven van mensen die bijna 300 kilo wegen. Na hun jarenlange strijd proberen ze nu samen met anderen duizenden kilo's te verliezen om te overleven.</desc><category>Documentaire, Reality-tv</category></programme><programme channel="lgi-be-prod-master:tlcvlaanderen" start="20211227100500 +0000" stop="20211227110000 +0000" catchup-id="crid:~~2F~~2Ftelenet.be~~2Fe93d5ecb-4769-4c05-9ff7-3cb8bfead262,imi:b8dbeefce9b230e96f185f3670a72bdfbf1ee40c"><title>My 600lb Life</title><date></date><icon src="https://staticqbr-be-prod.tnprod.cdn.dmdsdp.com/image-service/ImagesEPG/EventImages/db7__44f__db744fec-2324-47bf-8ff2-1be1497d487c__B129429635.jpg"></icon><desc>Volg het leven van mensen die bijna 300 kilo wegen. Na hun jarenlange strijd proberen ze nu samen met anderen duizenden kilo's te verliezen om te overleven.</desc><category>Documentaire, Reality-tv</category></programme><programme channel="lgi-be-prod-master:tlcvlaanderen" start="20211227110000 +0000" stop="20211227115500 +0000" catchup-id="crid:~~2F~~2Ftelenet.be~~2F18d18f26-cdf4-477a-a061-765e9225665a,imi:e9bfcc20d1b5807619585cfc5cc1c3b40e1bafbc"><title>My 600lb Life</title><date></date><icon src="https://staticqbr-be-prod.tnprod.cdn.dmdsdp.com/image-service/ImagesEPG/EventImages/db7__44f__db744fec-2324-47bf-8ff2-1be1497d487c__B129429635.jpg"></icon><desc>Volg het leven van mensen die bijna 300 kilo wegen. Na hun jarenlange strijd proberen ze nu samen met anderen duizenden kilo's te verliezen om te overleven.</desc><category>Documentaire, Reality-tv</category></programme>