<programme channel="lgi-be-prod-master:hustlerhd" start="20211226233000 +0000" stop="20211227010000 +0000" catchup-id="crid:~~2F~~2Ftelenet.be~~2F813c2833-faca-41c9-a47b-cd02c4496092,imi:f8638adfae0bbce7efc4ff064b2bf5e0b21c7d57"><title>Double Team All My Filthy Holes</title><date></date><icon src="https://staticqbr-be-prod.tnprod.cdn.dmdsdp.com/image-service/ImagesEPG/EventImages/b91__049__b910491e-72a0-4f1e-9aea-6be5f4f2ff41__B105936402.jpg"></icon><desc>Good girls leave their inhibitions at the door when they agree to their first threeway! They'll never go back to 1-on-1 jaw jammin' after two hung fellas get done with their dripping pink hole!</desc><category>Entertainment, Erotiek</category></programme><programme channel="lgi-be-prod-master:hustlerhd" start="20211227010000 +0000" stop="20211227023000 +0000" catchup-id="crid:~~2F~~2Ftelenet.be~~2Fd83f33b2-46aa-47f2-a9f0-1821461eba98,imi:e818c34687438a6b33e1591116a585fcc3cdbeb7"><title>BiCep Training: Lifting Huge Dongs</title><date>2021</date><icon src="https://staticqbr-be-prod.tnprod.cdn.dmdsdp.com/image-service/ImagesEPG/EventImages/b91__049__b910491e-72a0-4f1e-9aea-6be5f4f2ff41__B105936402.jpg"></icon><desc>What better way to work on my fitness &amp; tone my BiCeps than to help hung studs lift their massive dongs! I can't wait to let them share my pretty pink!</desc><category>Entertainment, Erotiek</category></programme><programme channel="lgi-be-prod-master:hustlerhd" start="20211227023000 +0000" stop="20211227040000 +0000" catchup-id="crid:~~2F~~2Ftelenet.be~~2Fed90a48b-2bfa-4608-ade8-c6cd134d615c,imi:3a943f4b6f350161395b1164f7e6ea48b06461af"><title>I Love Amateur Anal!</title><date>2020</date><icon src="https://staticqbr-be-prod.tnprod.cdn.dmdsdp.com/image-service/ImagesEPG/EventImages/b91__049__b910491e-72a0-4f1e-9aea-6be5f4f2ff41__B105936402.jpg"></icon><desc>Some of these sexy starlets are busty, while others are petite, but there's one thing they all have in common: they love it when a hung stud spreads their cheeks and stretches their tight amateur butts!</desc><category>Entertainment, Erotiek</category></programme><programme channel="lgi-be-prod-master:hustlerhd" start="20211227040000 +0000" stop="20211227053000 +0000" catchup-id="crid:~~2F~~2Ftelenet.be~~2F8f4e60f6-2322-4dfa-91a8-239ce6b8b5c4,imi:c5966d522759bd8949e3bea7de823b9d0fc191aa"><title>Stacked 18YOs Stretched N' Satisfied</title><date>2020</date><icon src="https://staticqbr-be-prod.tnprod.cdn.dmdsdp.com/image-service/ImagesEPG/EventImages/b91__049__b910491e-72a0-4f1e-9aea-6be5f4f2ff41__B105936402.jpg"></icon><desc>Big-breasted 18YOs love a thick shaft thrusting between their wet lips. Their fingers grip into the sheets as they're moments away from screaming out in intensely satisfying orgasms!</desc><category>Entertainment, Erotiek</category></programme><programme channel="lgi-be-prod-master:hustlerhd" start="20211227053000 +0000" stop="20211227070000 +0000" catchup-id="crid:~~2F~~2Ftelenet.be~~2F634125c1-1543-4e8a-ba1c-2faa58844c92,imi:a4e3d3d21a98d8ac59819c1473c66d9900dddc05"><title>Massage Made Me Go Lesbian</title><date></date><icon src="https://staticqbr-be-prod.tnprod.cdn.dmdsdp.com/image-service/ImagesEPG/EventImages/b91__049__b910491e-72a0-4f1e-9aea-6be5f4f2ff41__B105936402.jpg"></icon><desc>Hot lesbian masseuses know how to tease their clients with their hand and mouths until they're begging for more! Innocent girls had no idea what they were getting into, but now they're full-on lesbians!</desc><category>Entertainment, Erotiek</category></programme><programme channel="lgi-be-prod-master:hustlerhd" start="20211227070000 +0000" stop="20211227083000 +0000" catchup-id="crid:~~2F~~2Ftelenet.be~~2F2e477b2c-a1f7-4928-930f-bc0b91532e61,imi:2328a42ebabd2a3e05be4b89a4844b8291f59c25"><title>Freaky Cosplay Bang</title><date></date><icon src="https://staticqbr-be-prod.tnprod.cdn.dmdsdp.com/image-service/ImagesEPG/EventImages/b91__049__b910491e-72a0-4f1e-9aea-6be5f4f2ff41__B105936402.jpg"></icon><desc>Sex kittens in costume slurp on massive meat sticks before getting pounded by engorged beef hammers.</desc><category>Entertainment, Erotiek</category></programme><programme channel="lgi-be-prod-master:hustlerhd" start="20211227083000 +0000" stop="20211227100000 +0000" catchup-id="crid:~~2F~~2Ftelenet.be~~2Ffdfc5a17-9022-4c74-a0cd-ac6f0eba827d,imi:bd5309b3f02cb6de403b0d1d37fe23c4331350f8"><title>XXL Mega Juggs Milk Throbbing Dongs #2</title><date></date><icon src="https://staticqbr-be-prod.tnprod.cdn.dmdsdp.com/image-service/ImagesEPG/EventImages/b91__049__b910491e-72a0-4f1e-9aea-6be5f4f2ff41__B105936402.jpg"></icon><desc>Massive, all-natural boobs slide up and down equally massive shafts until they erupt and coat these huge melons with hot, sticky spooge! Get all of this, as well as a handful of hot 3Ways!</desc><category>Entertainment, Erotiek</category></programme><programme channel="lgi-be-prod-master:hustlerhd" start="20211227100000 +0000" stop="20211227113000 +0000" catchup-id="crid:~~2F~~2Ftelenet.be~~2F056cb426-6941-4241-9576-dbf91e7f5d0c,imi:6eb1f687be28b3ca403cb4d414d92facaa9fd05c"><title>Sensual 19YO SchoolGirl Seductions</title><date>2020</date><icon src="https://staticqbr-be-prod.tnprod.cdn.dmdsdp.com/image-service/ImagesEPG/EventImages/b91__049__b910491e-72a0-4f1e-9aea-6be5f4f2ff41__B105936402.jpg"></icon><desc>These naughty over-18 coeds are so horny they don't even finish removing their uniforms before slamming their juicy wet pinks down on tempting 10'' tools! Class is session, and these girls are learning!</desc><category>Entertainment, Erotiek</category></programme><programme channel="lgi-be-prod-master:hustlerhd" start="20211227113000 +0000" stop="20211227130000 +0000" catchup-id="crid:~~2F~~2Ftelenet.be~~2F50558477-8385-47d3-8ac3-ccc4e0848763,imi:9a8ac8d3c7c0a301144f8ba2b9f98bcb6c75af3a"><title>Chesty Cheaters Get Crammed</title><date></date><icon src="https://staticqbr-be-prod.tnprod.cdn.dmdsdp.com/image-service/ImagesEPG/EventImages/b91__049__b910491e-72a0-4f1e-9aea-6be5f4f2ff41__B105936402.jpg"></icon><desc>Sexually starved, busty nymphos can't get enough solid shaft! Deceiving their boyfriends, chronic cheaters devour throbbers, sliding it between massive melons &amp; get hard rod shoved in all their holes!</desc><category>Entertainment, Erotiek</category></programme>