<programme channel="lgi-be-prod-master:ned2" start="20211226234500 +0000" stop="20211227001500 +0000" catchup-id="crid:~~2F~~2Ftelenet.be~~2F1a3a05eb-63c0-409c-89de-26aeb8edce35,imi:1edeb91f86fb8f319459eb7b5c1c962caf006d44"><title>Jacobine op 2</title><date></date><icon src="https://staticqbr-be-prod.tnprod.cdn.dmdsdp.com/image-service/ImagesEPG/EventImages/a52__1af__a521afa1-74c2-402c-8a22-20eb60f2738f__B175805237.jpg"></icon><desc>Drie gasten, drie perspectieven, één thema. Als het gaat om de levensvragen van deze tijd, zoekt presentator Jacobine Geel naar inspiratie, verdieping en verrassing.</desc><category>Actualiteit</category></programme><programme channel="lgi-be-prod-master:ned2" start="20211227001500 +0000" stop="20211227002500 +0000" catchup-id="crid:~~2F~~2Ftelenet.be~~2Fc2313fa2-eed8-4ff6-8567-4ee67555b9d7,imi:62719b4a9bf816fb34a2612bf1109d03050f05ba"><title>Naches</title><date></date><icon src="https://staticqbr-be-prod.tnprod.cdn.dmdsdp.com/image-service/ImagesEPG/EventImages/090__08b__09008ba9-b699-44dc-9716-a1d362257208__B127580527.jpg"></icon><desc>Johan van de Walle woont in het hart van het Limburgse heuvellandschap. Hij is gepensioneerd bibliothecaris en studeert nog steeds veel in joodse boeken. Op het eerste gezicht oogt hij wellicht wat braaf, maar na een lichte bergetappe op de fiets blijkt hij een ondeugende kant te hebben.</desc><category>Documentaire, Oude culturen</category></programme><programme channel="lgi-be-prod-master:ned2" start="20211227002500 +0000" stop="20211227003000 +0000" catchup-id="crid:~~2F~~2Ftelenet.be~~2F2012a221-2e7f-4866-a1d2-55a4dcdfbeff,imi:57a985cbf213708a73f7ebd8db68183c4e25b647"><title>Jeugdjournaal met gebarentolk</title><date></date><icon src="https://staticqbr-be-prod.tnprod.cdn.dmdsdp.com/image-service/ImagesEPG/EventImages/c0b__d71__c0bd7181-d920-44b8-8c91-47adfc25da1b__B78361954.jpg"></icon><desc>Mix van het belangrijkste nieuws uit binnen- en buitenland, het weer en een nieuwsgerelateerde stelling.</desc><category>Kinderen, Entertainment</category></programme><programme channel="lgi-be-prod-master:ned2" start="20211227003000 +0000" stop="20211227011600 +0000" catchup-id="crid:~~2F~~2Ftelenet.be~~2Fbfbe0990-a02c-4183-a83a-7eacad640b84,imi:8a26910003373135540c07e8406a318a732b9c0c"><title>NOS Jeugdjournaal Jaaroverzicht met gebarentolk 2021</title><date></date><icon src="https://staticqbr-be-prod.tnprod.cdn.dmdsdp.com/image-service/ImagesEPG/EventImages/2e4__9d6__2e49d6fe-e1c9-402d-a40e-dc30522b1722__B105940125.jpg"></icon><desc>Een terugblik op belangrijke en opmerkelijke nieuwsgebeurtenissen van het afgelopen jaar.</desc><category>Nieuws, Actualiteitenprogramma's</category></programme><programme channel="lgi-be-prod-master:ned2" start="20211227011600 +0000" stop="20211227060000 +0000" catchup-id="crid:~~2F~~2Ftelenet.be~~2F9a7426f4-f286-40ca-8640-2df1f0a80cec,imi:741a881d0a20b275b368a5dd54e063435d0f1a0a"><title>Buitenhof</title><date></date><icon src="https://staticqbr-be-prod.tnprod.cdn.dmdsdp.com/image-service/ImagesEPG/EventImages/1e0__df0__1e0df08e-951c-41ca-a614-668df2f839a7__B138618354.jpg"></icon><desc>Politieke talkshow (2021) met maatschappelijke en politieke debatten, gesprekken en opinies</desc><category>Actualiteit</category></programme><programme channel="lgi-be-prod-master:ned2" start="20211227060000 +0000" stop="20211227061100 +0000" catchup-id="crid:~~2F~~2Ftelenet.be~~2F762aa9d7-b6e8-47dc-9c09-ca6b44cf2695,imi:2ef3cf915c67e7da07c717168f4fb849561c74e9"><title>NOS Journaal met gebarentolk</title><date></date><icon src="https://staticqbr-be-prod.tnprod.cdn.dmdsdp.com/image-service/ImagesEPG/EventImages/c57__3c3__c573c391-5f0e-4195-a882-02e94a00d2b0__B49039295.jpg"></icon><desc>Met het laatste nieuws en de weersverwachting.</desc><category>Actualiteit</category></programme><programme channel="lgi-be-prod-master:ned2" start="20211227061100 +0000" stop="20211227063000 +0000" catchup-id="crid:~~2F~~2Ftelenet.be~~2F65fa9b35-939c-42a2-88a8-02743783ff25,imi:f9340c09812c46f59205c313468cd1e582d07ddb"><title>NOS Journaal</title><date></date><icon src="https://staticqbr-be-prod.tnprod.cdn.dmdsdp.com/image-service/ImagesEPG/EventImages/c57__3c3__c573c391-5f0e-4195-a882-02e94a00d2b0__B49039295.jpg"></icon><desc>Met het laatste nieuws, gebeurtenissen van nationaal en internationaal belang en de weersverwachting.</desc><category>Actualiteit</category></programme><programme channel="lgi-be-prod-master:ned2" start="20211227063000 +0000" stop="20211227063800 +0000" catchup-id="crid:~~2F~~2Ftelenet.be~~2Ff28070de-9190-4efc-92fb-65fa8a8b8c16,imi:2dc732c53d1b7f50651efa66cb33b4984e38bbde"><title>NOS Journaal met gebarentolk</title><date></date><icon src="https://staticqbr-be-prod.tnprod.cdn.dmdsdp.com/image-service/ImagesEPG/EventImages/c57__3c3__c573c391-5f0e-4195-a882-02e94a00d2b0__B49039295.jpg"></icon><desc>Met het laatste nieuws en de weersverwachting.</desc><category>Actualiteit</category></programme><programme channel="lgi-be-prod-master:ned2" start="20211227063800 +0000" stop="20211227064200 +0000" catchup-id="crid:~~2F~~2Ftelenet.be~~2F65fa9b35-939c-42a2-88a8-02743783ff25,imi:0314ef461f82a223004f5b5119d460738b00e2ac"><title>NOS Journaal</title><date></date><icon src="https://staticqbr-be-prod.tnprod.cdn.dmdsdp.com/image-service/ImagesEPG/EventImages/c57__3c3__c573c391-5f0e-4195-a882-02e94a00d2b0__B49039295.jpg"></icon><desc>Met het laatste nieuws, gebeurtenissen van nationaal en internationaal belang en de weersverwachting.</desc><category>Actualiteit</category></programme><programme channel="lgi-be-prod-master:ned2" start="20211227064200 +0000" stop="20211227064600 +0000" catchup-id="crid:~~2F~~2Ftelenet.be~~2F65fa9b35-939c-42a2-88a8-02743783ff25,imi:35aeb7dc763c8f408a0737c80c7abc074c6e4845"><title>NOS Journaal</title><date></date><icon src="https://staticqbr-be-prod.tnprod.cdn.dmdsdp.com/image-service/ImagesEPG/EventImages/c57__3c3__c573c391-5f0e-4195-a882-02e94a00d2b0__B49039295.jpg"></icon><desc>Met het laatste nieuws, gebeurtenissen van nationaal en internationaal belang en de weersverwachting.</desc><category>Actualiteit</category></programme><programme channel="lgi-be-prod-master:ned2" start="20211227064600 +0000" stop="20211227065000 +0000" catchup-id="crid:~~2F~~2Ftelenet.be~~2F65fa9b35-939c-42a2-88a8-02743783ff25,imi:936c2f2938fc428a5f812fc0b188e1e9669c1bc8"><title>NOS Journaal</title><date></date><icon src="https://staticqbr-be-prod.tnprod.cdn.dmdsdp.com/image-service/ImagesEPG/EventImages/c57__3c3__c573c391-5f0e-4195-a882-02e94a00d2b0__B49039295.jpg"></icon><desc>Met het laatste nieuws, gebeurtenissen van nationaal en internationaal belang en de weersverwachting.</desc><category>Actualiteit</category></programme><programme channel="lgi-be-prod-master:ned2" start="20211227065000 +0000" stop="20211227070000 +0000" catchup-id="crid:~~2F~~2Ftelenet.be~~2F65fa9b35-939c-42a2-88a8-02743783ff25,imi:361b24ba296af56d3a440aa763f0d623ab682333"><title>NOS Journaal</title><date></date><icon src="https://staticqbr-be-prod.tnprod.cdn.dmdsdp.com/image-service/ImagesEPG/EventImages/c57__3c3__c573c391-5f0e-4195-a882-02e94a00d2b0__B49039295.jpg"></icon><desc>Met het laatste nieuws, gebeurtenissen van nationaal en internationaal belang en de weersverwachting.</desc><category>Actualiteit</category></programme><programme channel="lgi-be-prod-master:ned2" start="20211227070000 +0000" stop="20211227071200 +0000" catchup-id="crid:~~2F~~2Ftelenet.be~~2F056dc356-9443-4a4f-9f0b-48a8693e532f,imi:b8e6f70e49e5d2ee123259daddba362d5583f7cd"><title>NOS Journaal met gebarentolk</title><date></date><icon src="https://staticqbr-be-prod.tnprod.cdn.dmdsdp.com/image-service/ImagesEPG/EventImages/c57__3c3__c573c391-5f0e-4195-a882-02e94a00d2b0__B49039295.jpg"></icon><desc>Met het laatste nieuws en de weersverwachting.</desc><category>Actualiteit</category></programme><programme channel="lgi-be-prod-master:ned2" start="20211227071200 +0000" stop="20211227073000 +0000" catchup-id="crid:~~2F~~2Ftelenet.be~~2F65fa9b35-939c-42a2-88a8-02743783ff25,imi:70fe169efbe2b8dce009309df616144a746ce76d"><title>NOS Journaal</title><date></date><icon src="https://staticqbr-be-prod.tnprod.cdn.dmdsdp.com/image-service/ImagesEPG/EventImages/c57__3c3__c573c391-5f0e-4195-a882-02e94a00d2b0__B49039295.jpg"></icon><desc>Met het laatste nieuws, gebeurtenissen van nationaal en internationaal belang en de weersverwachting.</desc><category>Actualiteit</category></programme><programme channel="lgi-be-prod-master:ned2" start="20211227073000 +0000" stop="20211227073900 +0000" catchup-id="crid:~~2F~~2Ftelenet.be~~2F0e6468a9-2fbe-457d-a725-d322f20cb88a,imi:c97ef46e39d18cd6ac8ec54c8b107d9557ba08d9"><title>NOS Journaal</title><date></date><icon src="https://staticqbr-be-prod.tnprod.cdn.dmdsdp.com/image-service/ImagesEPG/EventImages/c57__3c3__c573c391-5f0e-4195-a882-02e94a00d2b0__B49039295.jpg"></icon><desc>Het laatste nieuws, gebeurtenissen van nationaal en internationaal belang, en een weersvoorspelling</desc><category>Actualiteit</category></programme><programme channel="lgi-be-prod-master:ned2" start="20211227073900 +0000" stop="20211227074300 +0000" catchup-id="crid:~~2F~~2Ftelenet.be~~2F65fa9b35-939c-42a2-88a8-02743783ff25,imi:5dd1835ff6f4b110673473fb696f2ea1b1c2226e"><title>NOS Journaal</title><date></date><icon src="https://staticqbr-be-prod.tnprod.cdn.dmdsdp.com/image-service/ImagesEPG/EventImages/c57__3c3__c573c391-5f0e-4195-a882-02e94a00d2b0__B49039295.jpg"></icon><desc>Met het laatste nieuws, gebeurtenissen van nationaal en internationaal belang en de weersverwachting.</desc><category>Actualiteit</category></programme><programme channel="lgi-be-prod-master:ned2" start="20211227074300 +0000" stop="20211227074700 +0000" catchup-id="crid:~~2F~~2Ftelenet.be~~2F65fa9b35-939c-42a2-88a8-02743783ff25,imi:683fe0047afe18beee1973b10c4c6ab0b4a5375b"><title>NOS Journaal</title><date></date><icon src="https://staticqbr-be-prod.tnprod.cdn.dmdsdp.com/image-service/ImagesEPG/EventImages/c57__3c3__c573c391-5f0e-4195-a882-02e94a00d2b0__B49039295.jpg"></icon><desc>Met het laatste nieuws, gebeurtenissen van nationaal en internationaal belang en de weersverwachting.</desc><category>Actualiteit</category></programme><programme channel="lgi-be-prod-master:ned2" start="20211227074700 +0000" stop="20211227080000 +0000" catchup-id="crid:~~2F~~2Ftelenet.be~~2F65fa9b35-939c-42a2-88a8-02743783ff25,imi:c37fe052161de1abcb82c13fb44a4be325299c69"><title>NOS Journaal</title><date></date><icon src="https://staticqbr-be-prod.tnprod.cdn.dmdsdp.com/image-service/ImagesEPG/EventImages/c57__3c3__c573c391-5f0e-4195-a882-02e94a00d2b0__B49039295.jpg"></icon><desc>Met het laatste nieuws, gebeurtenissen van nationaal en internationaal belang en de weersverwachting.</desc><category>Actualiteit</category></programme><programme channel="lgi-be-prod-master:ned2" start="20211227080000 +0000" stop="20211227081500 +0000" catchup-id="crid:~~2F~~2Ftelenet.be~~2F9ae10d80-aaf0-4d4b-b075-8bcac87b1069,imi:cfe36c953a2f37d264e4aa0f28e795522722d7e0"><title>NOS Journaal met gebarentolk</title><date></date><icon src="https://staticqbr-be-prod.tnprod.cdn.dmdsdp.com/image-service/ImagesEPG/EventImages/c57__3c3__c573c391-5f0e-4195-a882-02e94a00d2b0__B49039295.jpg"></icon><desc>Met het laatste nieuws en de weersverwachting.</desc><category>Actualiteit</category></programme><programme channel="lgi-be-prod-master:ned2" start="20211227081500 +0000" stop="20211227083000 +0000" catchup-id="crid:~~2F~~2Ftelenet.be~~2Fb11b64a7-8d31-444f-b5ce-9573913067ab,imi:1895963089a667d0eba35d0faf1aa3c1ab942cd4"><title>Nederland in beweging</title><date></date><icon src="https://staticqbr-be-prod.tnprod.cdn.dmdsdp.com/image-service/ImagesEPG/EventImages/268__9f6__2689f6cf-2b88-4094-9c6f-984f5ac1c1e4__B163126572.jpg"></icon><desc>Wilt u investeren in uw gezondheid? Meedoen betekent dat u al een kwartier beweegt van het aanbevolen dagelijkse half uur.</desc><category>Nieuws, Actualiteitenprogramma's</category></programme><programme channel="lgi-be-prod-master:ned2" start="20211227083000 +0000" stop="20211227092500 +0000" catchup-id="crid:~~2F~~2Ftelenet.be~~2F9a7426f4-f286-40ca-8640-2df1f0a80cec,imi:306c5ac3784d1e367fa4db43b9028c907629f5ff"><title>Buitenhof</title><date></date><icon src="https://staticqbr-be-prod.tnprod.cdn.dmdsdp.com/image-service/ImagesEPG/EventImages/1e0__df0__1e0df08e-951c-41ca-a614-668df2f839a7__B138618354.jpg"></icon><desc>Politieke talkshow (2021) met maatschappelijke en politieke debatten, gesprekken en opinies</desc><category>Actualiteit</category></programme><programme channel="lgi-be-prod-master:ned2" start="20211227092500 +0000" stop="20211227100000 +0000" catchup-id="crid:~~2F~~2Ftelenet.be~~2F8dbb37ce-90c9-4557-8278-34a67bb7f542,imi:7f30827a115a3bb720b4442dd618f83d1a312351"><title>3 op Reis</title><date></date><icon src="https://staticqbr-be-prod.tnprod.cdn.dmdsdp.com/image-service/ImagesEPG/EventImages/c9c__f03__c9cf038c-dc85-4953-a211-053ff3087918__B67931126.jpg"></icon><desc>Maurice rijdt in Nederland een deel van de Trans European Trail, een avontuurlijke off-road motorroute die door 30 landen in Europa loopt. Deze week brengt de route hem in het Oosten van Gelderland, waar hij de Achterhoekse motorcultuur leert kennen. Nienke volgt de legendarische Hippie Trail en komt deze aflevering aan in Hongarije. Ze reist af naar het kleine dorpje Bedepuszta, waar het rustige dorpsleven eens per jaar plaatsmaakt voor een cultureel festival met een Nederlands tintje.</desc><category>Reizen</category></programme><programme channel="lgi-be-prod-master:ned2" start="20211227100000 +0000" stop="20211227101500 +0000" catchup-id="crid:~~2F~~2Ftelenet.be~~2F33263899-97b4-4ef8-99f0-f6087421ceb7,imi:9eee60fef945e8d41970641bcd5373fce5211b87"><title>NOS Journaal</title><date></date><icon src="https://staticqbr-be-prod.tnprod.cdn.dmdsdp.com/image-service/ImagesEPG/EventImages/c57__3c3__c573c391-5f0e-4195-a882-02e94a00d2b0__B49039295.jpg"></icon><desc>Met het laatste nieuws, gebeurtenissen van nationaal en internationaal belang en de weersverwachting.</desc><category>Actualiteit</category></programme><programme channel="lgi-be-prod-master:ned2" start="20211227101500 +0000" stop="20211227102500 +0000" catchup-id="crid:~~2F~~2Ftelenet.be~~2F7e6bb8bc-8938-4342-8b94-8008b1726d79,imi:2d1d7be88e8858b3495cb5c1052e73415a6c6787"><title>Metterdaad</title><date></date><icon src="https://staticqbr-be-prod.tnprod.cdn.dmdsdp.com/image-service/ImagesEPG/EventImages/30f__222__30f2226c-5c1e-48ce-b03e-d9c434589d06__B77875801.jpg"></icon><desc>Dorina loopt met haar drie jonge kinderen over straat. Ze bedelt om geld, zodat ze melk voor de kleinste kan kopen. Dorina is een Roma-vrouw, voor wie in Albanië weinig perspectief voor is. Degene die zich wel om haar bekommert, is Blerta. Zij is hulpverleenster van de lokale kerk en zorgt voor basisbehoeften, zoals kleding en eten. Maar haar grootste doel is kinderen van Roma-families stimuleren om naar school te gaan en huiswerkbegeleiding in de kerk te volgen. De 14-jarige dochter van Brunelda is van school gegaan om te trouwen met een Roma-man. Blerta bekommert zich om Brunelda's jongere dochter, zodat zij niet dezelfde keuze maakt.</desc><category>Nieuws, Actualiteitenprogramma's</category></programme><programme channel="lgi-be-prod-master:ned2" start="20211227102500 +0000" stop="20211227104500 +0000" catchup-id="crid:~~2F~~2Ftelenet.be~~2F33263899-97b4-4ef8-99f0-f6087421ceb7,imi:e58b6948f706f3207f6c0adf97dbe177bfb85869"><title>NOS Journaal</title><date></date><icon src="https://staticqbr-be-prod.tnprod.cdn.dmdsdp.com/image-service/ImagesEPG/EventImages/c57__3c3__c573c391-5f0e-4195-a882-02e94a00d2b0__B49039295.jpg"></icon><desc>Met het laatste nieuws, gebeurtenissen van nationaal en internationaal belang en de weersverwachting.</desc><category>Actualiteit</category></programme><programme channel="lgi-be-prod-master:ned2" start="20211227104500 +0000" stop="20211227110500 +0000" catchup-id="crid:~~2F~~2Ftelenet.be~~2F93ec5188-fa16-4ce5-8b8a-353ee0c63272,imi:bc5302c5eaf63a9837076bd5e1f965a5febfb947"><title>Noord-Zuid-Oost-West</title><date></date><icon src="https://staticqbr-be-prod.tnprod.cdn.dmdsdp.com/image-service/ImagesEPG/EventImages/566__35c__56635cfe-3e68-4b77-a419-2964c533c316__B180494149.jpg"></icon><desc>In negen etappes loopt Klaas Drupsteen de pelgrimsroute de Walk of Wisdom. Iedere keer wandelt een bekende 'wijze' Gelderlander met hem mee. In Hernen ontmoet hij bioloog Jan van Hooff, die veel over mensen leerde door een leven lang onderzoek te doen naar apen. Onderweg naar Deest vertelt hij dat we meer op apen lijken dan we denken. Wijsheid zit volgens Jan in de wijze waarop je als mens de werkelijkheid aanvaardt. Lijden en verlies horen bij het leven, en volgens hem zorgt relativeren ervoor dat je daarna weer verder kunt.</desc><category>Nieuws, Actualiteitenprogramma's</category></programme><programme channel="lgi-be-prod-master:ned2" start="20211227110500 +0000" stop="20211227112500 +0000" catchup-id="crid:~~2F~~2Ftelenet.be~~2F3f121d1e-25b4-4201-b7f0-395bedf15762,imi:b2dbe0500dfa9dd251c505ef6cb82cf28e3f8b9c"><title>Kook mee met max</title><date></date><icon src="https://staticqbr-be-prod.tnprod.cdn.dmdsdp.com/image-service/ImagesEPG/EventImages/133__c95__133c9523-381a-4335-a54f-274daf1f3c91__B110361580.jpg"></icon><desc>De recepten blinken uit in eenvoud en diversiteit en er zijn geen ingewikkelde apparaten voor nodig.</desc><category>Culinair</category></programme><programme channel="lgi-be-prod-master:ned2" start="20211227112500 +0000" stop="20211227120000 +0000" catchup-id="crid:~~2F~~2Ftelenet.be~~2Fac5c688d-3bd8-4864-adc7-b39a5f820564,imi:41a12b868a9c4d6e27bd00b8cad1130ae21bf533"><title>BinnensteBuiten</title><date></date><icon src="https://staticqbr-be-prod.tnprod.cdn.dmdsdp.com/image-service/ImagesEPG/EventImages/be1__4d5__be14d55d-1c22-41a9-893d-4babefd4d9fa__B126099683.jpg"></icon><desc>'BinnensteBuiten' sluit het jaar 2020 af op Texel. Chef-kok Leon Mazairac maakt een bijzonder diner voor sommelier Lendl en vogelaar Camilla.</desc><category>Vrije tijd, Mode</category></programme>