<programme channel="lgi-be-prod-master:france4" start="20211226230000 +0000" stop="20211227010500 +0000" catchup-id="crid:~~2F~~2Ftelenet.be~~2F6d794d03-6a09-4222-a8d9-bb14cbc6d7d5-fre,imi:ae1720737857f443a65f17c595b8896a8a9fef15"><title>Très chère Mathilde</title><date></date><icon src="https://staticqbr-be-prod.tnprod.cdn.dmdsdp.com/image-service/ImagesEPG/EventImages/293__008__29300878-5b0d-4e02-8cd2-3d5286c41325__B77556188.jpg"></icon><desc>De 88-jarige weduwe van een rijke zakenman leidt samen met haar dochter een vreedzaam bestaan in een immens appartement in luxemburg. De flat werd meer dan twintig jaar geleden tegen lijfrente verkocht aan een rijke Amerikaan. Wanneer de zoon van de overleden man komt opdagen, betekent dit het begin van tal van misverstanden.</desc><category>Vrije tijd, Showbiz</category></programme><programme channel="lgi-be-prod-master:france4" start="20211227010500 +0000" stop="20211227024000 +0000" catchup-id="crid:~~2F~~2Ftelenet.be~~2F26977ae5-614f-4e3b-8d25-cb4ec9e992ce-fre,imi:feab05d8bac3936ad0ccda5044d4e41be92b425d"><title>Papy fait de la résistance</title><date></date><icon src="https://staticqbr-be-prod.tnprod.cdn.dmdsdp.com/image-service/ImagesEPG/EventImages/293__008__29300878-5b0d-4e02-8cd2-3d5286c41325__B77556188.jpg"></icon><desc>Tijdens de Tweede Wereldoorlog krijgt een gezin van Parijse verzetsstrijders te maken met tegenspoed wanneer een Duitse generaal zijn hoofdkwartier in hun huis opzet.</desc><category>Vrije tijd, Showbiz</category></programme><programme channel="lgi-be-prod-master:france4" start="20211227024000 +0000" stop="20211227030500 +0000" catchup-id="crid:~~2F~~2Ftelenet.be~~2F82af88e8-79aa-40d3-9793-b222af7caac7-fre,imi:e3bbc6b2f68c531870ff33cd8cb3d6a3441ee551"><title>Moonwalk</title><date></date><icon src="https://staticqbr-be-prod.tnprod.cdn.dmdsdp.com/image-service/ImagesEPG/EventImages/f14__de0__f14de018-9dd6-491e-8f14-8ef0f728ccbd__B78363348.jpg"></icon><desc>Oumar a rencontré Fary : 27 ans dont 16 dans l'humour, inégalités dans le paysage médiatique français, et un Rachid Badouri surprise.</desc><category>Overig</category></programme><programme channel="lgi-be-prod-master:france4" start="20211227030500 +0000" stop="20211227032000 +0000" catchup-id="crid:~~2F~~2Ftelenet.be~~2F4f6d31a3-8c58-4169-bf35-e3676b1705a9-fre,imi:729f2f3dcc0c57065f37366d2f0a84ed5a2a93b8"><title>Culturebox les nuits</title><date></date><icon src="https://staticqbr-be-prod.tnprod.cdn.dmdsdp.com/image-service/ImagesEPG/EventImages/215__e00__215e00d1-e35d-49ff-a2c6-bb77a2917299__W106255293.jpg"></icon><desc>Magazine d'information</desc><category>Nieuws, Actualiteitenprogramma's</category></programme><programme channel="lgi-be-prod-master:france4" start="20211227032000 +0000" stop="20211227040000 +0000" catchup-id="crid:~~2F~~2Ftelenet.be~~2Ff6086b30-cb9b-4164-a673-5b6591b308ec-fre,imi:386b7d5b554350e5db9cadc4abf2333d1f34a3f6"><title>Culturebox, l'émission</title><date></date><icon src="https://staticqbr-be-prod.tnprod.cdn.dmdsdp.com/image-service/ImagesEPG/EventImages/215__e00__215e00d1-e35d-49ff-a2c6-bb77a2917299__W106255293.jpg"></icon><desc>L'émission dédiée à la culture, au spectacle vivant et aux artistes, présentée par Daphné Bürki et Raphäl Yem.</desc><category>Nieuws, Actualiteitenprogramma's</category></programme><programme channel="lgi-be-prod-master:france4" start="20211227040000 +0000" stop="20211227042500 +0000" catchup-id="crid:~~2F~~2Ftelenet.be~~2Fc14ad5b7-427d-4ce3-b0b7-52546d7b9f29-fre,imi:4df9668dcb3ef460bf15a5c88d16eef33ad874fa"><title>Furiki</title><date></date><icon src="https://staticqbr-be-prod.tnprod.cdn.dmdsdp.com/image-service/ImagesEPG/EventImages/f94__750__f94750c6-fdd7-4c7e-8603-011b7df8643e__B151268783.jpg"></icon><desc>André Furiki est un paresseux hyperactif et passionné de vitesse. Il est le premier de son espèce à intégrer une école de course automobile pour décrocher un diplôme de pilote.</desc><category>Kinderen, Animatie</category></programme><programme channel="lgi-be-prod-master:france4" start="20211227042500 +0000" stop="20211227043500 +0000" catchup-id="crid:~~2F~~2Ftelenet.be~~2Fc41bd947-f3f6-4dcf-b539-b6dc937df36a-fre,imi:ced843bda8bd61fcae18a56dad2296d1c56e6c68"><title>Roger</title><date></date><icon src="https://staticqbr-be-prod.tnprod.cdn.dmdsdp.com/image-service/ImagesEPG/EventImages/81f__a9e__81fa9e0e-bec0-465c-8ce5-b114a62179a2__B182221363.jpg"></icon><desc>Sur une île tropicale, Fatou la petite fille et Roger l'extraterrestre provoquent de petits incidents qui sont prétexte à de nombreuses aventures.</desc><category>Dramaseries</category></programme><programme channel="lgi-be-prod-master:france4" start="20211227043500 +0000" stop="20211227051500 +0000" catchup-id="crid:~~2F~~2Ftelenet.be~~2F1af6c883-0be9-4bc5-bada-6c91bc953e7d-fre,imi:e2b83c5a44ddc131dcaec43b22cfbb55265d41b0"><title>Nawak</title><date></date><icon src="https://staticqbr-be-prod.tnprod.cdn.dmdsdp.com/image-service/ImagesEPG/EventImages/f15__6db__f156db89-09e9-45e2-92f2-44d4191a0219__B105936399.jpg"></icon><desc>Nawak est un petit indien qui vit heureux dans son village avec la famille qu'il aime et son meilleur ami qui l'accompagne partout, le poney Kawak. Le problème, cependant, est que Nawak est très maladroit et semble n'avoir de chance en rien. Même l'activité quotidienne la plus simple, devient un véritable défi pour lui et se termine généralement par un accident ou plutôt par une catastrophe...</desc><category>Dramaseries</category></programme><programme channel="lgi-be-prod-master:france4" start="20211227051500 +0000" stop="20211227055000 +0000" catchup-id="crid:~~2F~~2Ftelenet.be~~2F78132ae8-2293-480a-9f82-8a95a065407d-fre,imi:e38d83e02a9ca1a1eddc3bcee4133bfca3fce63f"><title>Géo Jet</title><date></date><icon src="https://staticqbr-be-prod.tnprod.cdn.dmdsdp.com/image-service/ImagesEPG/EventImages/f15__6db__f156db89-09e9-45e2-92f2-44d4191a0219__B105936399.jpg"></icon><desc>Xuli, Kyan, Lars et Foz explorent le monde à la découverte de ses merveilles en compagnie de leur guide Musicorne, une licorne funky au déhanché disco.</desc><category>Dramaseries</category></programme><programme channel="lgi-be-prod-master:france4" start="20211227055000 +0000" stop="20211227060400 +0000" catchup-id="crid:~~2F~~2Ftelenet.be~~2Ff9d0b346-0bb6-4b44-adb3-cecc1d86f522-fre,imi:d97a761e7b8fe7867817aad426bcfd0508bd7f31"><title>Mick le mini chef</title><date></date><icon src="https://staticqbr-be-prod.tnprod.cdn.dmdsdp.com/image-service/ImagesEPG/EventImages/f15__6db__f156db89-09e9-45e2-92f2-44d4191a0219__B105936399.jpg"></icon><desc>Végétaburger, Cordon bleu tempête, Sushi pressé, Moignon de poulet sauve qui pique, Nugget's coincoin et ketchup du potager ou Kebab à la mode de Troyes : autant de plats simples et appétissants parmi ceux qui composent l'Atlas des cuisines du monde de Mick le Mini Chef. L'imagination de Mick, petit génie de la cuisine, est sans limite lorsqu'il s'agit de venir en aide à Mathilde et son frère Léo pour préparer des petits plats. Mick, jaillissant de son vieux livre de recettes, est toujours prêt à partager ses connaissances et sa passion.</desc><category>Dramaseries</category></programme><programme channel="lgi-be-prod-master:france4" start="20211227060400 +0000" stop="20211227060500 +0000" catchup-id="crid:~~2F~~2Ftelenet.be~~2F66237264-a2e3-4aab-ad67-f8484d51fe5c-fre,imi:b16fc0e93a3e45ee20aa0c9bc98cc2fb70f67ee9"><title>Un jour, une question</title><date></date><icon src="https://staticqbr-be-prod.tnprod.cdn.dmdsdp.com/image-service/ImagesEPG/EventImages/ce6__500__ce65009f-cf79-46c3-973a-f7cc7e5c66f8__B172646442.jpg"></icon><desc>A quoi ça sert ? Ça veut dire quoi ? C'est qui ? Pourquoi c'est comme ça ? Les questions des enfants trouvent quotidiennement une réponse.</desc><category>Nieuws, Actualiteitenprogramma's</category></programme><programme channel="lgi-be-prod-master:france4" start="20211227060500 +0000" stop="20211227064000 +0000" catchup-id="crid:~~2F~~2Ftelenet.be~~2F1ecc6ca8-c121-4340-aef0-8474b793c377-fre,imi:99d730816ec71655635ea5a2ac38b65e1b4d91c8"><title>Gigantosaurus S1 Splits</title><date></date><icon src="https://staticqbr-be-prod.tnprod.cdn.dmdsdp.com/image-service/ImagesEPG/EventImages/73f__505__73f5058b-5b31-4afa-90b4-9210b6e7f149__B154544395.jpg"></icon><desc>Ils sont 4 jeunes dinosaures (Rocky, Bill, Tiny et Mazu) qui grandissent dans un monde en pleine formation lui aussi : on y croise des pluies de météorites, des volcans, des brachiosaures, d'énormes tricératops et aussi... le grand méchant loup ! Ou du moins son équivalent au Crétacé : le grand méchant Gigantosaurus. C'est un animal étrange dont le seul nom suffit à susciter des émotions différentes chez nos 4 jeunes dinos. La peur pour Bill, la combativité pour Rocky, le rire pour Tiny et la curiosité pour Mazu.</desc><category>Kinderen, Animatie</category></programme><programme channel="lgi-be-prod-master:france4" start="20211227064000 +0000" stop="20211227073500 +0000" catchup-id="crid:~~2F~~2Ftelenet.be~~2Fdde48153-f519-4c09-9bd8-a9d9945af392-fre,imi:1f44ebeefd02c3da4e00b63b3fbca9effc584087"><title>Grizzy and the Lemmings</title><date></date><icon src="https://staticqbr-be-prod.tnprod.cdn.dmdsdp.com/image-service/ImagesEPG/EventImages/29b__c91__29bc91e2-1aef-4b4b-b491-e9461aa65ad5__B141024573.jpg"></icon><desc>Grizzy, gros ours placide et chapardeur, vit comme un roi dans la forêt canadienne, n'hésitant pas à s'approprier la cabane du garde forestier dès que celui-ci a le dos tourné. Seuls les lemmings, de petits mammifères idiots, lui contestent ses privilèges...</desc><category>Kinderen, Animatie</category></programme><programme channel="lgi-be-prod-master:france4" start="20211227073500 +0000" stop="20211227090000 +0000" catchup-id="crid:~~2F~~2Ftelenet.be~~2F2a84c8eb-f36c-441f-8c7b-bffeeff212eb-fre,imi:95079a81a2d105e979830c03c61c0e9e8f585067"><title>Voll zu spät!</title><date></date><icon src="https://staticqbr-be-prod.tnprod.cdn.dmdsdp.com/image-service/ImagesEPG/EventImages/4a9__933__4a993301-df99-4bc7-8a0a-b28db9cf90a0__B106255676.jpg"></icon><desc>Les aventures de deux enfants qui arrivent tous les jours en retard à l'école en dépit de leurs efforts à cause d'un événement extraordinaire.</desc><category>Animatie</category></programme><programme channel="lgi-be-prod-master:france4" start="20211227090000 +0000" stop="20211227094500 +0000" catchup-id="crid:~~2F~~2Ftelenet.be~~2F9d60cf83-5718-4968-b6e2-450587f9bf07-fre,imi:587676e531302a20aff0b07ca937a74e83d1e21f"><title>Idéfix et les irréductibles</title><date></date><icon src="https://staticqbr-be-prod.tnprod.cdn.dmdsdp.com/image-service/ImagesEPG/EventImages/4a9__933__4a993301-df99-4bc7-8a0a-b28db9cf90a0__B106255676.jpg"></icon><desc>La nouvelle série d'animation, drôle et pleine d'aventures, d'après la BD d'Uderzo et Gosciny est sortie en juillet 2021. La série est concentrée sur le compagnon fidèle d'Astérix, Idéfix et ses amis animaux: Turbine la chienne, Baratine une chatte, Asmatix un pigeon et les autres dans la lutte contre les envahisseurs romains. Une partie de territoire n'est pas encore vaincue et la compagnie courageuse fait les efforts de la tenir libre.</desc><category>Animatie</category></programme><programme channel="lgi-be-prod-master:france4" start="20211227094500 +0000" stop="20211227102000 +0000" catchup-id="crid:~~2F~~2Ftelenet.be~~2Fa0e2b44b-7e96-4e2d-a2d5-85ffebffe09e-fre,imi:e56d23fd8a38f2a0766e379fb227c2e671827037"><title>Moi à ton âge</title><date></date><icon src="https://staticqbr-be-prod.tnprod.cdn.dmdsdp.com/image-service/ImagesEPG/EventImages/f15__6db__f156db89-09e9-45e2-92f2-44d4191a0219__B105936399.jpg"></icon><desc>Cette nouvelle série animée est une création vraiment originale qui allie émotion et comédie à l'esprit cartoon et s'amuse des décalages horaires.</desc><category>Dramaseries</category></programme><programme channel="lgi-be-prod-master:france4" start="20211227102000 +0000" stop="20211227102500 +0000" catchup-id="crid:~~2F~~2Ftelenet.be~~2F5b8960ee-1329-4c48-af30-17f9d43f66f6-fre,imi:12f2d546b37381ef16ce54450254029db0e253f6"><title>Un jour, une question</title><date></date><icon src="https://staticqbr-be-prod.tnprod.cdn.dmdsdp.com/image-service/ImagesEPG/EventImages/ce6__500__ce65009f-cf79-46c3-973a-f7cc7e5c66f8__B172646442.jpg"></icon><desc>A quoi ça sert ? Ça veut dire quoi ? C'est qui ? Pourquoi c'est comme ça ? Les questions des enfants trouvent quotidiennement une réponse.</desc><category>Nieuws, Actualiteitenprogramma's</category></programme><programme channel="lgi-be-prod-master:france4" start="20211227102500 +0000" stop="20211227111000 +0000" catchup-id="crid:~~2F~~2Ftelenet.be~~2Fadc24572-0dce-4b25-b26a-880256376761-fre,imi:c66690f6eff5e0b5b090e1422041b1c126dec832"><title>PJ Masks</title><date></date><icon src="https://staticqbr-be-prod.tnprod.cdn.dmdsdp.com/image-service/ImagesEPG/EventImages/3b2__b25__3b2b2583-1af4-436d-9bcd-156322beb309__B161156612.jpg"></icon><desc>Dotés de pouvoirs particuliers grâce à leurs pyjamas spéciaux, les Pyjamasques vivent la nuit des aventures extraordinaires au lieu de dormir dans leur lit.</desc><category>Kinderen, Animatie</category></programme><programme channel="lgi-be-prod-master:france4" start="20211227111000 +0000" stop="20211227111500 +0000" catchup-id="crid:~~2F~~2Ftelenet.be~~2F30fd61f7-ead0-4c54-98fc-02c3af85445c-fre,imi:014eb35245c5a3c0934e7b9b1cf74117b8471db6"><title>Marcus Level</title><date></date><icon src="https://staticqbr-be-prod.tnprod.cdn.dmdsdp.com/image-service/ImagesEPG/EventImages/f15__6db__f156db89-09e9-45e2-92f2-44d4191a0219__B105936399.jpg"></icon><desc>Marcus mange n'importe quoi, n'importe comment, n'importe quand. Marcus ne bouge pas aussi souvent de son canapé qu'il le faudrait. Enfin, Marcus a des troubles du sommeil car il n'a jamais su trouver le calme suite à une exposition trop longue à la lumière et au son de sa télé ou de sa console de jeu... Toute une éducation à refaire ! Et cette éducation, viendra précisément de ceux qui sont l'objet de ces campagnes !</desc><category>Dramaseries</category></programme><programme channel="lgi-be-prod-master:france4" start="20211227111500 +0000" stop="20211227115000 +0000" catchup-id="crid:~~2F~~2Ftelenet.be~~2F0f7aa633-4c51-4cd1-bf29-e8fa11ce2085-fre,imi:c771ec428668c09221f881e59d178dbe8bc2b9e0"><title>Masha &amp; Michka</title><date></date><icon src="https://staticqbr-be-prod.tnprod.cdn.dmdsdp.com/image-service/ImagesEPG/EventImages/b6e__d09__b6ed0909-d7c6-42f6-9875-92b6f5f02fed__B48774678.jpg"></icon><desc>Macha adore faire des bêtises et son ami l'ours Michka en paie le prix fort. Si la patience de celui-ci est mise à rude épreuve, la tendresse finit toujours par l'emporter.</desc><category>Kinderen, Animatie</category></programme><programme channel="lgi-be-prod-master:france4" start="20211227115000 +0000" stop="20211227123000 +0000" catchup-id="crid:~~2F~~2Ftelenet.be~~2F01f8c226-9aeb-47f5-a80f-f15b860995c6-fre,imi:ece2e342044adf17ed1b8d22d2da7f0d1261e22f"><title>Disco Dragon</title><date></date><icon src="https://staticqbr-be-prod.tnprod.cdn.dmdsdp.com/image-service/ImagesEPG/EventImages/f15__6db__f156db89-09e9-45e2-92f2-44d4191a0219__B105936399.jpg"></icon><desc>Série d'animation</desc><category>Dramaseries</category></programme>