<programme channel="lgi-be-prod-master:nickhits" start="20211226230000 +0000" stop="20211227050000 +0000" catchup-id="crid:~~2F~~2Ftelenet.be~~2F7e7a950c-6f00-4006-b9ca-68ec9177923e,imi:ee666761d6184e8f621fd4ff55ecf006bc799da6"><title>Nick Music</title><date></date><icon src="https://staticqbr-be-prod.tnprod.cdn.dmdsdp.com/image-service/ImagesEPG/EventImages/fe2__8e9__fe28e9bf-b676-4b66-a424-964d5119cdda__B145090528.jpg"></icon><desc></desc><category>Muziek</category></programme><programme channel="lgi-be-prod-master:nickhits" start="20211227050000 +0000" stop="20211227110000 +0000" catchup-id="crid:~~2F~~2Ftelenet.be~~2F7e7a950c-6f00-4006-b9ca-68ec9177923e,imi:036e6bd5622af04454e6f642146d0ffc9620788b"><title>Nick Music</title><date></date><icon src="https://staticqbr-be-prod.tnprod.cdn.dmdsdp.com/image-service/ImagesEPG/EventImages/fe2__8e9__fe28e9bf-b676-4b66-a424-964d5119cdda__B145090528.jpg"></icon><desc></desc><category>Muziek</category></programme><programme channel="lgi-be-prod-master:nickhits" start="20211227110000 +0000" stop="20211227170000 +0000" catchup-id="crid:~~2F~~2Ftelenet.be~~2F7e7a950c-6f00-4006-b9ca-68ec9177923e,imi:bcdd9e3dfc0b61a099e92dc5fdd40420af2b98d9"><title>Nick Music</title><date></date><icon src="https://staticqbr-be-prod.tnprod.cdn.dmdsdp.com/image-service/ImagesEPG/EventImages/fe2__8e9__fe28e9bf-b676-4b66-a424-964d5119cdda__B145090528.jpg"></icon><desc></desc><category>Muziek</category></programme>