<programme channel="lgi-be-prod-master:playboytv" start="20211226231100 +0000" stop="20211226232100 +0000" catchup-id="crid:~~2F~~2Ftelenet.be~~2Fa13d7c5a-b5ce-410b-8062-bebed98decf6,imi:ce4dc5f913fe9a7d9fcc53c8a184561805a850c6"><title>SeeSons - BANQUET</title><date></date><icon src="https://staticqbr-be-prod.tnprod.cdn.dmdsdp.com/image-service/ImagesEPG/EventImages/b91__049__b910491e-72a0-4f1e-9aea-6be5f4f2ff41__B105936402.jpg"></icon><desc>Spend a great time with these wonderful girls... they will give you a very original and rock n'roll vision of all the major events of the year.</desc><category>Entertainment, Erotiek</category></programme><programme channel="lgi-be-prod-master:playboytv" start="20211226232100 +0000" stop="20211227001900 +0000" catchup-id="crid:~~2F~~2Ftelenet.be~~2Fe14a6d52-a84e-44df-a315-2eac092ee2b6,imi:12958ce9641e6a313b8f37491bb0d5d64f1703e9"><title>Diary - day</title><date></date><icon src="https://staticqbr-be-prod.tnprod.cdn.dmdsdp.com/image-service/ImagesEPG/EventImages/b91__049__b910491e-72a0-4f1e-9aea-6be5f4f2ff41__B105936402.jpg"></icon><desc>Come and meet up the Playboy TV Europe girls in this new day on Reunion Island! Photo shooting on the edge of a black sand beach, sports session and of course a hot nightlife with our playmates.</desc><category>Entertainment, Erotiek</category></programme><programme channel="lgi-be-prod-master:playboytv" start="20211227001900 +0000" stop="20211227004800 +0000" catchup-id="crid:~~2F~~2Ftelenet.be~~2F8bab5413-3063-4b38-a677-686495f361b3,imi:97ceef92264227263e35828940f420c8a69af683"><title>Fantasy Flirt</title><date></date><icon src="https://staticqbr-be-prod.tnprod.cdn.dmdsdp.com/image-service/ImagesEPG/EventImages/b91__049__b910491e-72a0-4f1e-9aea-6be5f4f2ff41__B105936402.jpg"></icon><desc>Hot videos and photos merge in a flirtatious visit with sexy models.</desc><category>Entertainment, Erotiek</category></programme><programme channel="lgi-be-prod-master:playboytv" start="20211227004800 +0000" stop="20211227011000 +0000" catchup-id="crid:~~2F~~2Ftelenet.be~~2F2a991e4d-10d9-42b1-9a7d-8e8d227be756,imi:20247efd2622216b8714b3dcaaa18a1857bd90d5"><title>Rainbow girls ep 2 - duka sobaka bi</title><date></date><icon src="https://staticqbr-be-prod.tnprod.cdn.dmdsdp.com/image-service/ImagesEPG/EventImages/b91__049__b910491e-72a0-4f1e-9aea-6be5f4f2ff41__B105936402.jpg"></icon><desc>Rainbow girls takes us out of the bimbo's clichés. All the differencies and ethnicities are welcome in this multicolor series. They are all models but also special exemples of female empowerment. Dive into their exclusives photoshoots and interviews for Playboy TV Europe. In this 1st episode meet Duka Sobaka, who's gonna tell us about being a lesbian model in Ukraine.</desc><category>Entertainment, Erotiek</category></programme><programme channel="lgi-be-prod-master:playboytv" start="20211227011000 +0000" stop="20211227013200 +0000" catchup-id="crid:~~2F~~2Ftelenet.be~~2F06fe04ae-c3b2-49c4-9c23-466b95c703f1,imi:6aa7b3a8f963492398b1b390f77ab85f47edba24"><title>Undercover</title><date></date><icon src="https://staticqbr-be-prod.tnprod.cdn.dmdsdp.com/image-service/ImagesEPG/EventImages/b91__049__b910491e-72a0-4f1e-9aea-6be5f4f2ff41__B105936402.jpg"></icon><desc>A visit to an S&amp;M studio yields three willing submissives and their no nonsense instructor, while a trip to a San Francisco photography studio provides a rare look into the world of fetish photography.</desc><category>Entertainment, Erotiek</category></programme><programme channel="lgi-be-prod-master:playboytv" start="20211227013200 +0000" stop="20211227014400 +0000" catchup-id="crid:~~2F~~2Ftelenet.be~~2F4389a817-1b7a-418b-a3a5-328fac7c2892,imi:9e9e5a1443c2b50914dc11a525d2052cc7bff0f5"><title>Pink kiss ep 5 bali</title><date></date><icon src="https://staticqbr-be-prod.tnprod.cdn.dmdsdp.com/image-service/ImagesEPG/EventImages/b91__049__b910491e-72a0-4f1e-9aea-6be5f4f2ff41__B105936402.jpg"></icon><desc>Follow the journey of the Pink kiss project, which gathers influencers, sublime models and photographers before taking them to the most heavenly places on Earth. Associated with the world-known Black Tape Project, the Pinkkiss project delivers a story-driven, intense series, as a discovery trip mixes with eroticism.</desc><category>Entertainment, Erotiek</category></programme><programme channel="lgi-be-prod-master:playboytv" start="20211227014400 +0000" stop="20211227024300 +0000" catchup-id="crid:~~2F~~2Ftelenet.be~~2F24dc1399-a5a0-4d10-92d8-015616c43ae4,imi:8a8f41e1f3c2b224dc685b77c46bf926e921603c"><title>Playboy shoutout</title><date></date><icon src="https://staticqbr-be-prod.tnprod.cdn.dmdsdp.com/image-service/ImagesEPG/EventImages/b91__049__b910491e-72a0-4f1e-9aea-6be5f4f2ff41__B105936402.jpg"></icon><desc>What's it take to get into the most famous men's magazine? 10 photographers and 10 models battle it out.</desc><category>Entertainment, Erotiek</category></programme><programme channel="lgi-be-prod-master:playboytv" start="20211227024300 +0000" stop="20211227031200 +0000" catchup-id="crid:~~2F~~2Ftelenet.be~~2F3b33aa0d-4a33-490a-b8db-f89e4407fad9,imi:e7888d13c377f6605418db535169a2ee10212d08"><title>Bare bliss</title><date></date><icon src="https://staticqbr-be-prod.tnprod.cdn.dmdsdp.com/image-service/ImagesEPG/EventImages/b91__049__b910491e-72a0-4f1e-9aea-6be5f4f2ff41__B105936402.jpg"></icon><desc>Playboy is always searching for starlets. Here are some of our new precious ones.</desc><category>Entertainment, Erotiek</category></programme><programme channel="lgi-be-prod-master:playboytv" start="20211227031200 +0000" stop="20211227041200 +0000" catchup-id="crid:~~2F~~2Ftelenet.be~~2F83257f44-bd8c-4982-b60d-bb854bc88f81,imi:e218f34be2b32a7272a87ea06143519dcf4018e6"><title>Swing</title><date>2011</date><icon src="https://staticqbr-be-prod.tnprod.cdn.dmdsdp.com/image-service/ImagesEPG/EventImages/b91__049__b910491e-72a0-4f1e-9aea-6be5f4f2ff41__B105936402.jpg"></icon><desc>Playboy TV's smash couples show is pushing the envelope even further this year. Watch us test the boundaries of 'commitment' and take our cameras into the world of real swingers.</desc><category>Entertainment, Erotiek</category></programme><programme channel="lgi-be-prod-master:playboytv" start="20211227041200 +0000" stop="20211227044400 +0000" catchup-id="crid:~~2F~~2Ftelenet.be~~2F34dc4669-325f-47f7-ad09-e989a0b61215,imi:c13bd28a3508528b88d5c05110305bf0b31f83ff"><title>Seven motives</title><date></date><icon src="https://staticqbr-be-prod.tnprod.cdn.dmdsdp.com/image-service/ImagesEPG/EventImages/b91__049__b910491e-72a0-4f1e-9aea-6be5f4f2ff41__B105936402.jpg"></icon><desc>Strangers vie in sexy challenges to determine who murdered their host.</desc><category>Entertainment, Erotiek</category></programme><programme channel="lgi-be-prod-master:playboytv" start="20211227044400 +0000" stop="20211227051000 +0000" catchup-id="crid:~~2F~~2Ftelenet.be~~2F82f82ae1-b31b-4185-892c-8f8a0c5765ad,imi:c3ff394e5405179de47d047499b5fadb7e5722a0"><title>Eternal allure</title><date></date><icon src="https://staticqbr-be-prod.tnprod.cdn.dmdsdp.com/image-service/ImagesEPG/EventImages/b91__049__b910491e-72a0-4f1e-9aea-6be5f4f2ff41__B105936402.jpg"></icon><desc>Timeless beauties bare it all throughout locations worldwide.</desc><category>Entertainment, Erotiek</category></programme><programme channel="lgi-be-prod-master:playboytv" start="20211227051000 +0000" stop="20211227053000 +0000" catchup-id="crid:~~2F~~2Ftelenet.be~~2F928b641a-f4de-4c46-bb8f-1e6c2e08d52a,imi:806a3e4170018d7e2a6a10cfa4419814248ca15a"><title>Girls of MetArt</title><date></date><icon src="https://staticqbr-be-prod.tnprod.cdn.dmdsdp.com/image-service/ImagesEPG/EventImages/b91__049__b910491e-72a0-4f1e-9aea-6be5f4f2ff41__B105936402.jpg"></icon><desc>The international beauties of MetArt return for a sizzling new season.</desc><category>Entertainment, Erotiek</category></programme><programme channel="lgi-be-prod-master:playboytv" start="20211227053000 +0000" stop="20211227055900 +0000" catchup-id="crid:~~2F~~2Ftelenet.be~~2Fdce9e6ba-dce6-4c43-93c6-b5068c7d9123,imi:e84ef6b4e342218d7d8c3e5aaf41854e507bd138"><title>Girls of kiev</title><date></date><icon src="https://staticqbr-be-prod.tnprod.cdn.dmdsdp.com/image-service/ImagesEPG/EventImages/b91__049__b910491e-72a0-4f1e-9aea-6be5f4f2ff41__B105936402.jpg"></icon><desc>In this new season of Girls of Kiev, the two Vagabond Vlogs accomplices go on their wildest trips with their favorite models! In the shedule: ultra sexy photo shoots, crazy kart races,  watered pool parties and very special private parties... Here we go !!</desc><category>Entertainment, Erotiek</category></programme><programme channel="lgi-be-prod-master:playboytv" start="20211227055900 +0000" stop="20211227061700 +0000" catchup-id="crid:~~2F~~2Ftelenet.be~~2Fe14a6d52-a84e-44df-a315-2eac092ee2b6,imi:61abb5262d54439d6f5a2c6fd039bf44d38d6a74"><title>Diary - day</title><date></date><icon src="https://staticqbr-be-prod.tnprod.cdn.dmdsdp.com/image-service/ImagesEPG/EventImages/b91__049__b910491e-72a0-4f1e-9aea-6be5f4f2ff41__B105936402.jpg"></icon><desc>Come and meet up the Playboy TV Europe girls in this new day on Reunion Island! Photo shooting on the edge of a black sand beach, sports session and of course a hot nightlife with our playmates.</desc><category>Entertainment, Erotiek</category></programme><programme channel="lgi-be-prod-master:playboytv" start="20211227061700 +0000" stop="20211227062900 +0000" catchup-id="crid:~~2F~~2Ftelenet.be~~2F4389a817-1b7a-418b-a3a5-328fac7c2892,imi:4e8a7e58d31f35e4b982df1f083b98572432b7ff"><title>Pink kiss ep 5 bali</title><date></date><icon src="https://staticqbr-be-prod.tnprod.cdn.dmdsdp.com/image-service/ImagesEPG/EventImages/b91__049__b910491e-72a0-4f1e-9aea-6be5f4f2ff41__B105936402.jpg"></icon><desc>Follow the journey of the Pink kiss project, which gathers influencers, sublime models and photographers before taking them to the most heavenly places on Earth. Associated with the world-known Black Tape Project, the Pinkkiss project delivers a story-driven, intense series, as a discovery trip mixes with eroticism.</desc><category>Entertainment, Erotiek</category></programme><programme channel="lgi-be-prod-master:playboytv" start="20211227062900 +0000" stop="20211227063000 +0000" catchup-id="crid:~~2F~~2Ftelenet.be~~2F01ec3a70-e0d1-46e2-8abe-1d8b9f10a20e,imi:9bcd878939a67941016da8c1a7da665797316d28"><title>Your personal trainer 9 - pilates</title><date></date><icon src="https://staticqbr-be-prod.tnprod.cdn.dmdsdp.com/image-service/ImagesEPG/EventImages/b91__049__b910491e-72a0-4f1e-9aea-6be5f4f2ff41__B105936402.jpg"></icon><desc>10 episodes to make the best shape ever ! Today: a pilates session! Don't miss any lessons !!</desc><category>Entertainment, Erotiek</category></programme><programme channel="lgi-be-prod-master:playboytv" start="20211227063000 +0000" stop="20211227064100 +0000" catchup-id="crid:~~2F~~2Ftelenet.be~~2F4149f9ce-8907-4c94-8345-41bb8c584a32,imi:a5ff4af64c5e25990d3cf74147611dafcd1b2069"><title>FROM BEHIND - Patrice Berchery</title><date></date><icon src="https://staticqbr-be-prod.tnprod.cdn.dmdsdp.com/image-service/ImagesEPG/EventImages/b91__049__b910491e-72a0-4f1e-9aea-6be5f4f2ff41__B105936402.jpg"></icon><desc>Every week, dive into the backstage of the best fashion photoshoot, directed by the famous European erotic magazine : Normal Mag. In this episode, Patrice Berchery photographs Lexy Monster.</desc><category>Entertainment, Erotiek</category></programme><programme channel="lgi-be-prod-master:playboytv" start="20211227064100 +0000" stop="20211227071100 +0000" catchup-id="crid:~~2F~~2Ftelenet.be~~2F8038ffc7-6823-446a-bb93-5af5a431a52c,imi:44e71e92c453c68421f1c397d4d70609649758b2"><title>Naked Happy Girls</title><date></date><icon src="https://staticqbr-be-prod.tnprod.cdn.dmdsdp.com/image-service/ImagesEPG/EventImages/b91__049__b910491e-72a0-4f1e-9aea-6be5f4f2ff41__B105936402.jpg"></icon><desc>Andrew photographs a law student and a rocker.</desc><category>Entertainment, Erotiek</category></programme><programme channel="lgi-be-prod-master:playboytv" start="20211227071100 +0000" stop="20211227074200 +0000" catchup-id="crid:~~2F~~2Ftelenet.be~~2Fdce9e6ba-dce6-4c43-93c6-b5068c7d9123,imi:c28dffb5773dcdd586e143977c21e5116294e507"><title>Girls of kiev</title><date></date><icon src="https://staticqbr-be-prod.tnprod.cdn.dmdsdp.com/image-service/ImagesEPG/EventImages/b91__049__b910491e-72a0-4f1e-9aea-6be5f4f2ff41__B105936402.jpg"></icon><desc>In this new season of Girls of Kiev, the two Vagabond Vlogs accomplices go on their wildest trips with their favorite models! In the shedule: ultra sexy photo shoots, crazy kart races,  watered pool parties and very special private parties... Here we go !!</desc><category>Entertainment, Erotiek</category></programme><programme channel="lgi-be-prod-master:playboytv" start="20211227074200 +0000" stop="20211227081500 +0000" catchup-id="crid:~~2F~~2Ftelenet.be~~2F34dc4669-325f-47f7-ad09-e989a0b61215,imi:eed109078dd6d9517bd854855df5a8a6e6faba8c"><title>Seven motives</title><date></date><icon src="https://staticqbr-be-prod.tnprod.cdn.dmdsdp.com/image-service/ImagesEPG/EventImages/b91__049__b910491e-72a0-4f1e-9aea-6be5f4f2ff41__B105936402.jpg"></icon><desc>Strangers vie in sexy challenges to determine who murdered their host.</desc><category>Entertainment, Erotiek</category></programme><programme channel="lgi-be-prod-master:playboytv" start="20211227081500 +0000" stop="20211227084800 +0000" catchup-id="crid:~~2F~~2Ftelenet.be~~2F4446e75b-2767-45c0-a875-c1d4990c77de,imi:4e13d4c5afdaa7f4b43c87378cc3971db71e12ae"><title>Sexy Girls Next Door</title><date></date><icon src="https://staticqbr-be-prod.tnprod.cdn.dmdsdp.com/image-service/ImagesEPG/EventImages/b91__049__b910491e-72a0-4f1e-9aea-6be5f4f2ff41__B105936402.jpg"></icon><desc>Follow the journeys of three aspiring models as they pose for Playboy.</desc><category>Entertainment, Erotiek</category></programme><programme channel="lgi-be-prod-master:playboytv" start="20211227084800 +0000" stop="20211227090300 +0000" catchup-id="crid:~~2F~~2Ftelenet.be~~2Fc153b954-3f81-4c09-9510-ec4b3f88135f,imi:fd3f0da1deca76a8296fbd2e70ce2c346b261d6b"><title>Be Asstonishing - episode 4 - Rodeo clip - Jessy</title><date></date><icon src="https://staticqbr-be-prod.tnprod.cdn.dmdsdp.com/image-service/ImagesEPG/EventImages/b91__049__b910491e-72a0-4f1e-9aea-6be5f4f2ff41__B105936402.jpg"></icon><desc>Follow Jessy, a women's right to be sexy militant girl on the set of a hip hop music video</desc><category>Entertainment, Erotiek</category></programme><programme channel="lgi-be-prod-master:playboytv" start="20211227090300 +0000" stop="20211227093100 +0000" catchup-id="crid:~~2F~~2Ftelenet.be~~2F2acef457-a5ec-4dc8-a785-d0c20d2c23a9,imi:baf59f723557ec5b9b74e42e8095e37bc4109c13"><title>69 sexy things</title><date></date><icon src="https://staticqbr-be-prod.tnprod.cdn.dmdsdp.com/image-service/ImagesEPG/EventImages/b91__049__b910491e-72a0-4f1e-9aea-6be5f4f2ff41__B105936402.jpg"></icon><desc>There are certain sexy things everyone should do before they die. Playboy guides you through the list.</desc><category>Entertainment, Erotiek</category></programme><programme channel="lgi-be-prod-master:playboytv" start="20211227093100 +0000" stop="20211227095400 +0000" catchup-id="crid:~~2F~~2Ftelenet.be~~2Fac670dd2-c6a4-4919-bb0a-39f9e72b3e4f,imi:b0c9bbcc5ad6fa69265f0edf7220d3cb92d16ebe"><title>Erotic videos ep 6 - sweet dreams</title><date></date><icon src="https://staticqbr-be-prod.tnprod.cdn.dmdsdp.com/image-service/ImagesEPG/EventImages/b91__049__b910491e-72a0-4f1e-9aea-6be5f4f2ff41__B105936402.jpg"></icon><desc>Welcome to the erotic and fantasy universe of the Russian director Slava Petrov ! In this episode: a daydream of three beautiful models.</desc><category>Entertainment, Erotiek</category></programme><programme channel="lgi-be-prod-master:playboytv" start="20211227095400 +0000" stop="20211227102300 +0000" catchup-id="crid:~~2F~~2Ftelenet.be~~2F7b46bfc9-a97f-4887-8dd0-be0e3acef2d6,imi:4c5b98cde325e4da8a42179243c4486b25a613d1"><title>Early bird yoga</title><date></date><icon src="https://staticqbr-be-prod.tnprod.cdn.dmdsdp.com/image-service/ImagesEPG/EventImages/b91__049__b910491e-72a0-4f1e-9aea-6be5f4f2ff41__B105936402.jpg"></icon><desc>Relax your mind, body and soul with nude yoga instructor Daniella.</desc><category>Entertainment, Erotiek</category></programme><programme channel="lgi-be-prod-master:playboytv" start="20211227102300 +0000" stop="20211227105200 +0000" catchup-id="crid:~~2F~~2Ftelenet.be~~2F47788a2c-21dc-4bbb-a199-eadf75187bbd,imi:4d104fae93eee9b44a33fa5836341daf304c4baf"><title>Girlfriend experience - serena</title><date></date><icon src="https://staticqbr-be-prod.tnprod.cdn.dmdsdp.com/image-service/ImagesEPG/EventImages/b91__049__b910491e-72a0-4f1e-9aea-6be5f4f2ff41__B105936402.jpg"></icon><desc>Jona and JC, our famous « vagabond bloggers », follows their girlfriends during all their funny and sexy activities. Using a handheld camera, they bring us the every day life of the best international models, who know very well how to seduce their boyfriends... In this episode, discover all the secrets of Serena, @serenabecker_ on Instagram.</desc><category>Entertainment, Erotiek</category></programme><programme channel="lgi-be-prod-master:playboytv" start="20211227105200 +0000" stop="20211227111900 +0000" catchup-id="crid:~~2F~~2Ftelenet.be~~2F95c16c26-6501-4bd0-a351-ae78cd1d24e8,imi:86cf4cc45929239afab9bd7ecf1bb59d0e1e121b"><title>Playboy trip patagonia</title><date></date><icon src="https://staticqbr-be-prod.tnprod.cdn.dmdsdp.com/image-service/ImagesEPG/EventImages/b91__049__b910491e-72a0-4f1e-9aea-6be5f4f2ff41__B105936402.jpg"></icon><desc>Watch what happens when we let four gorgeous Playboy girls loose in Argentina! Join Shanna, Lauren, Jaclyn and Danielle are they rev up their RV and strip down for a sexy lakeside photo shoot.</desc><category>Entertainment, Erotiek</category></programme><programme channel="lgi-be-prod-master:playboytv" start="20211227111900 +0000" stop="20211227114600 +0000" catchup-id="crid:~~2F~~2Ftelenet.be~~2F00dd95b9-a0a9-4b10-add5-dc7b80f3601d,imi:53a206a41dcca2807e99dd4e70d9f7e58adb69fb"><title>Fiction in bed</title><date></date><icon src="https://staticqbr-be-prod.tnprod.cdn.dmdsdp.com/image-service/ImagesEPG/EventImages/b91__049__b910491e-72a0-4f1e-9aea-6be5f4f2ff41__B105936402.jpg"></icon><desc>A young couple's life is disrupted when they discover that they've both fallen for the same mysterious delivery girl.</desc><category>Entertainment, Erotiek</category></programme><programme channel="lgi-be-prod-master:playboytv" start="20211227114600 +0000" stop="20211227120800 +0000" catchup-id="crid:~~2F~~2Ftelenet.be~~2F4910fdfc-fb91-441f-b90c-8fbe2b8efac0,imi:ac706e7acb11c993980edbb00cd77cb0261ef048"><title>Travelling photographers - photoshooting with russian beauties</title><date></date><icon src="https://staticqbr-be-prod.tnprod.cdn.dmdsdp.com/image-service/ImagesEPG/EventImages/b91__049__b910491e-72a0-4f1e-9aea-6be5f4f2ff41__B105936402.jpg"></icon><desc>Jona and JC meet up with model and actress Yaroslavna, and make-up artist Anna at Kata Noi Beach in Phuket, Thailand for a photoshoot on the beach and in the sea. Before getting tatooed !</desc><category>Entertainment, Erotiek</category></programme>