<programme channel="lgi-be-prod-master:primesporthd" start="20211227001500 +0000" stop="20211227021000 +0000" catchup-id="crid:~~2F~~2Ftelenet.be~~2F540d05c7-05a3-4ea5-9256-14ad977c99dc,imi:e3aff751da09f8bc8f28023df031b505bf8945be"><title>Eredivisie</title><date></date><icon src="https://staticqbr-be-prod.tnprod.cdn.dmdsdp.com/image-service/ImagesEPG/EventImages/398__18c__39818cf1-8923-403c-8190-8fff2b4df513__B207889511.jpg"></icon><desc>Verslag van Ajax - Fortuna op speeldag 18 in de Eredivisie. Commentaar: Philippe Crols.</desc><category>Sport, Voetbal</category></programme><programme channel="lgi-be-prod-master:primesporthd" start="20211227021000 +0000" stop="20211227040500 +0000" catchup-id="crid:~~2F~~2Ftelenet.be~~2Fd51b0fb3-5f51-408b-92b2-e637625efd43,imi:b5cd20c5606302761532fb3b39b926b2281c0602"><title>Eredivisie</title><date></date><icon src="https://staticqbr-be-prod.tnprod.cdn.dmdsdp.com/image-service/ImagesEPG/EventImages/398__18c__39818cf1-8923-403c-8190-8fff2b4df513__B207889511.jpg"></icon><desc>Verslag van RKC - PSV op speeldag 18 in de Eredivisie. Commentaar: Jelle Tack.</desc><category>Sport, Voetbal</category></programme><programme channel="lgi-be-prod-master:primesporthd" start="20211227040500 +0000" stop="20211227055000 +0000" catchup-id="crid:~~2F~~2Ftelenet.be~~2F793eacd0-cd85-463c-ad94-81d2457a8813,imi:5e3ecb5894b35bbc411502a2594cd26b4f79d20f"><title>Liverpool - Aston Villa</title><date></date><icon src=""></icon><desc>Verslag van Liverpool - Aston Villa op speeldag 16 in de Premier League. Commentaar: Filip Joos.</desc><category>Sport, Voetbal</category></programme><programme channel="lgi-be-prod-master:primesporthd" start="20211227055000 +0000" stop="20211228050000 +0000" catchup-id="crid:~~2F~~2Ftelenet.be~~2F59576456-3322-48ff-8099-e154cc7ea176,imi:ce496f71a43698bd1cda5633ee4dc51947e38d0d"><title>Geen programmagegevens beschikbaar</title><date></date><icon src=""></icon><desc>Geen programmagegevens beschikbaar.</desc><category>Overig</category></programme>