<programme channel="lgi-be-prod-master:bloomberg" start="20211226230000 +0000" stop="20211227000000 +0000" catchup-id="crid:~~2F~~2Ftelenet.be~~2F96755f22-e7af-489c-a0e5-aab521d050a2-eng,imi:cf304e9c1da217fe5d0403e340983df14104dd8f"><title>Bloomberg Daybreak: Australia</title><date></date><icon src="https://staticqbr-be-prod.tnprod.cdn.dmdsdp.com/image-service/ImagesEPG/EventImages/f14__de0__f14de018-9dd6-491e-8f14-8ef0f728ccbd__B78363348.jpg"></icon><desc>Nieuwsuitzending.</desc><category>Actualiteit</category></programme><programme channel="lgi-be-prod-master:bloomberg" start="20211227000000 +0000" stop="20211227020000 +0000" catchup-id="crid:~~2F~~2Ftelenet.be~~2F3b493b9f-b545-43b1-ab2b-8d9975f8ba99-eng,imi:da1dbc97da18d855a08f77514afa131055ff9d8e"><title>Bloomberg Daybreak: Asia</title><date></date><icon src="https://staticqbr-be-prod.tnprod.cdn.dmdsdp.com/image-service/ImagesEPG/EventImages/f14__de0__f14de018-9dd6-491e-8f14-8ef0f728ccbd__B78363348.jpg"></icon><desc>Live from New York and Hong Kong, the show presents the essential stories from the close of the US markets to the open of trading across Asia</desc><category>Actualiteit</category></programme><programme channel="lgi-be-prod-master:bloomberg" start="20211227020000 +0000" stop="20211227030000 +0000" catchup-id="crid:~~2F~~2Ftelenet.be~~2F7c07dd96-6b4e-4044-85d3-71c6fb90f257-eng,imi:32d10b5d06dabb38e992c5c244a674eaa1b49e7c"><title>Bloomberg Markets: China Open</title><date></date><icon src="https://staticqbr-be-prod.tnprod.cdn.dmdsdp.com/image-service/ImagesEPG/EventImages/f14__de0__f14de018-9dd6-491e-8f14-8ef0f728ccbd__B78363348.jpg"></icon><desc>Nieuwsuitzending.</desc><category>Actualiteit</category></programme><programme channel="lgi-be-prod-master:bloomberg" start="20211227030000 +0000" stop="20211227050000 +0000" catchup-id="crid:~~2F~~2Ftelenet.be~~2Fe65c8e01-b3a4-4449-afbb-cd500b62f254-eng,imi:8579ae90fd1dcff70ea326a8dcadf86fd863b68b"><title>Bloomberg Markets: Asia</title><date></date><icon src="https://staticqbr-be-prod.tnprod.cdn.dmdsdp.com/image-service/ImagesEPG/EventImages/f14__de0__f14de018-9dd6-491e-8f14-8ef0f728ccbd__B78363348.jpg"></icon><desc>Live from Hong Kong, this show offers the most important global business and markets news as it happens</desc><category>Actualiteit</category></programme><programme channel="lgi-be-prod-master:bloomberg" start="20211227050000 +0000" stop="20211227060000 +0000" catchup-id="crid:~~2F~~2Ftelenet.be~~2F509d8b99-46f4-46bf-8e57-31a9b70b9a22-eng,imi:9b55d5a4ff1fea85a5c59596a42e48e5cfb5f965"><title>Bloomberg Daybreak: Middle East</title><date></date><icon src="https://staticqbr-be-prod.tnprod.cdn.dmdsdp.com/image-service/ImagesEPG/EventImages/f14__de0__f14de018-9dd6-491e-8f14-8ef0f728ccbd__B78363348.jpg"></icon><desc>Live from Dubai, the show focuses on global macro issues with a Middle Eastern context, including expert analysis of major market moves and interviews with regional newsmakers</desc><category>Actualiteit</category></programme><programme channel="lgi-be-prod-master:bloomberg" start="20211227060000 +0000" stop="20211227070000 +0000" catchup-id="crid:~~2F~~2Ftelenet.be~~2Ffb64c9c5-3a84-489d-aa12-52ee4ba35b22-eng,imi:bd487a39be84873e110c25470d91931fddbb3d5c"><title>Bloomberg: Daybreak Europe</title><date></date><icon src="https://staticqbr-be-prod.tnprod.cdn.dmdsdp.com/image-service/ImagesEPG/EventImages/f14__de0__f14de018-9dd6-491e-8f14-8ef0f728ccbd__B78363348.jpg"></icon><desc>Live market reports from London and overnight news from Wall Street. Markets never sleep and neither does Bloomberg News. Track investments 24 hours a day, around the world</desc><category>Actualiteit</category></programme><programme channel="lgi-be-prod-master:bloomberg" start="20211227070000 +0000" stop="20211227080000 +0000" catchup-id="crid:~~2F~~2Ftelenet.be~~2Fdb2b31eb-7bc6-46d7-a7b2-4f17a8aaffe1-eng,imi:881a126a37b4ba14277512846853f132899a1820"><title>Bloomberg Markets: Europe</title><date></date><icon src="https://staticqbr-be-prod.tnprod.cdn.dmdsdp.com/image-service/ImagesEPG/EventImages/f14__de0__f14de018-9dd6-491e-8f14-8ef0f728ccbd__B78363348.jpg"></icon><desc>Nieuwsuitzending.</desc><category>Actualiteit</category></programme><programme channel="lgi-be-prod-master:bloomberg" start="20211227080000 +0000" stop="20211227090000 +0000" catchup-id="crid:~~2F~~2Ftelenet.be~~2F3f5a2dfa-3920-4739-b7bb-493913e1719d-eng,imi:7732a33689d994f6a137dcf037d544118ed17e94"><title>Bloomberg Markets: European Open</title><date></date><icon src="https://staticqbr-be-prod.tnprod.cdn.dmdsdp.com/image-service/ImagesEPG/EventImages/f14__de0__f14de018-9dd6-491e-8f14-8ef0f728ccbd__B78363348.jpg"></icon><desc>Nieuwsuitzending.</desc><category>Actualiteit</category></programme><programme channel="lgi-be-prod-master:bloomberg" start="20211227090000 +0000" stop="20211227100000 +0000" catchup-id="crid:~~2F~~2Ftelenet.be~~2F19e3de88-2e1a-4f30-b6c3-9174a5dbbcc9-eng,imi:675f1fab61f1b450920d5c74dc8391cd0f24cfe6"><title>Bloomberg Surveillance</title><date></date><icon src="https://staticqbr-be-prod.tnprod.cdn.dmdsdp.com/image-service/ImagesEPG/EventImages/f14__de0__f14de018-9dd6-491e-8f14-8ef0f728ccbd__B78363348.jpg"></icon><desc>...Edition. Bloomberg Surveillance: Early Edition with Francine Lacqua live from London, bringing insight on global markets and the top business stories of the day</desc><category>Nieuws, Actualiteitenprogramma's</category></programme><programme channel="lgi-be-prod-master:bloomberg" start="20211227100000 +0000" stop="20211227110000 +0000" catchup-id="crid:~~2F~~2Ftelenet.be~~2F2f1eefa4-dc72-4db3-b312-b3a98b2b4dce-eng,imi:a06e9ebf77f3e76ef04af5990989fe795f4b4508"><title>Bloomberg Surveillance: Early Edition</title><date></date><icon src="https://staticqbr-be-prod.tnprod.cdn.dmdsdp.com/image-service/ImagesEPG/EventImages/f14__de0__f14de018-9dd6-491e-8f14-8ef0f728ccbd__B78363348.jpg"></icon><desc>...Edition. Bloomberg Surveillance: Early Edition with Francine Lacqua, Matt Miller and Kailey Leinz live from London, Berlin and New York, bringing insight on markets and the top stories of the day</desc><category>Actualiteit</category></programme><programme channel="lgi-be-prod-master:bloomberg" start="20211227110000 +0000" stop="20211227140000 +0000" catchup-id="crid:~~2F~~2Ftelenet.be~~2F15b11adb-9821-47de-80d1-3178a8341b84-eng,imi:ecdc0d45bd2c5283ff0af55dc10592daf89e2f7e"><title>Bloomberg Surveillance</title><date></date><icon src="https://staticqbr-be-prod.tnprod.cdn.dmdsdp.com/image-service/ImagesEPG/EventImages/f14__de0__f14de018-9dd6-491e-8f14-8ef0f728ccbd__B78363348.jpg"></icon><desc>Live from London and New York, the programme offers insight on global markets and the top business stories of the day</desc><category>Nieuws, Actualiteitenprogramma's</category></programme>