<programme channel="lgi-be-prod-master:11sports" start="20211226230500 +0000" stop="20211226233500 +0000" catchup-id="crid:~~2F~~2Ftelenet.be~~2Fed28e665-c1a7-41a7-8237-699ff7bb3a44,imi:9c65259bc17466712dfe1d04b2809df38beec116"><title>NBA Action</title><date></date><icon src=""></icon><desc>Sportmagazine.</desc><category>Sport</category></programme><programme channel="lgi-be-prod-master:11sports" start="20211226233500 +0000" stop="20211227002500 +0000" catchup-id="crid:~~2F~~2Ftelenet.be~~2F531785b6-fcad-4062-8a9d-227f9d7fd58b,imi:f0ec40a5a45f41765236d96335c890bb46f18722"><title>Dunk League S2</title><date></date><icon src="https://staticqbr-be-prod.tnprod.cdn.dmdsdp.com/image-service/ImagesEPG/EventImages/07c__e25__07ce25b8-65bf-4333-87e7-28e537077935__B106319587.jpg"></icon><desc>Basket.</desc><category>Sport</category></programme><programme channel="lgi-be-prod-master:11sports" start="20211227002500 +0000" stop="20211227004500 +0000" catchup-id="crid:~~2F~~2Ftelenet.be~~2F7d1e2c35-434f-426e-837c-86395f310b53,imi:f42830bfdcd4f61a01e00e1136c2616e52e74a2c"><title>NFL Extra</title><date></date><icon src="https://staticqbr-be-prod.tnprod.cdn.dmdsdp.com/image-service/ImagesEPG/EventImages/dd0__93f__dd093f32-aa72-4e3d-b84e-9cc51ad8219a__B106262915.jpg"></icon><desc>Sportmagazine.</desc><category>Sport</category></programme><programme channel="lgi-be-prod-master:11sports" start="20211227004500 +0000" stop="20211227012000 +0000" catchup-id="crid:~~2F~~2Ftelenet.be~~2F4bac9a5f-a146-4f42-ab79-a5060463c9ac,imi:c81cbeb592dbb2c1acc68cdc99e4b71032ab2183"><title>NFL Gameday</title><date></date><icon src=""></icon><desc>Sportmagazine.</desc><category>Sport</category></programme><programme channel="lgi-be-prod-master:11sports" start="20211227012000 +0000" stop="20211227042500 +0000" catchup-id="crid:~~2F~~2Ftelenet.be~~2Fa7f34e7c-9bb3-4bf9-a1d8-91acf1e951ba-live,imi:d485e3a8e4885ac9eb580711cdc9a70bae7f1ff4"><title>LIVE: Dallas Cowboys - Washington Football Team</title><date></date><icon src=""></icon><desc>Amerikaans voetbal.</desc><category></category></programme><programme channel="lgi-be-prod-master:11sports" start="20211227042500 +0000" stop="20211227050500 +0000" catchup-id="crid:~~2F~~2Ftelenet.be~~2Fed28e665-c1a7-41a7-8237-699ff7bb3a44,imi:5a66504dfdfc1ede3f2672c35d3a32c19907ab63"><title>NBA Action</title><date></date><icon src=""></icon><desc>Sportmagazine.</desc><category>Sport</category></programme><programme channel="lgi-be-prod-master:11sports" start="20211227050500 +0000" stop="20211227073500 +0000" catchup-id="crid:~~2F~~2Ftelenet.be~~2F50e25d71-73e3-49e8-871d-585601bc46ee,imi:aeb871d3b5552e7653906cd7f033609750333536"><title>L.A. Lakers - Phoenix</title><date></date><icon src=""></icon><desc>Basket.</desc><category>Sport</category></programme><programme channel="lgi-be-prod-master:11sports" start="20211227073500 +0000" stop="20211227101000 +0000" catchup-id="crid:~~2F~~2Ftelenet.be~~2F50600365-0f58-48f8-a05f-f9785dca82a9,imi:79e25796d5ddc58245136ff40e23d910392bae7d"><title>L.A. Lakers - Brooklyn Nets</title><date></date><icon src=""></icon><desc>Basket.</desc><category>Sport</category></programme><programme channel="lgi-be-prod-master:11sports" start="20211227101000 +0000" stop="20211227104000 +0000" catchup-id="crid:~~2F~~2Ftelenet.be~~2F2e87b608-346e-49e2-a09c-35663cdb6269,imi:426e00320476b3d02977d647a11aa2c708b04619"><title>Dunk League S3</title><date></date><icon src="https://staticqbr-be-prod.tnprod.cdn.dmdsdp.com/image-service/ImagesEPG/EventImages/07c__e25__07ce25b8-65bf-4333-87e7-28e537077935__B106319587.jpg"></icon><desc>Basket.</desc><category>Sport</category></programme><programme channel="lgi-be-prod-master:11sports" start="20211227104000 +0000" stop="20211227134000 +0000" catchup-id="crid:~~2F~~2Ftelenet.be~~2Fa7f34e7c-9bb3-4bf9-a1d8-91acf1e951ba,imi:1888f5c475b455f07858bcbac6396875e62ef6c7"><title>Dallas Cowboys - Washington Football Team</title><date></date><icon src=""></icon><desc>Amerikaans voetbal.</desc><category></category></programme>