<programme channel="lgi-be-prod-master:ned3" start="20211226233100 +0000" stop="20211227052100 +0000" catchup-id="crid:~~2F~~2Ftelenet.be~~2F29604ec9-8390-45c6-8db4-a9b9a00bae8c,imi:ccd23becfe38747153ee2404ae5aa476c2244edd"><title>NPO Radio 2 Top 2000</title><date></date><icon src="https://staticqbr-be-prod.tnprod.cdn.dmdsdp.com/image-service/ImagesEPG/EventImages/40e__974__40e974e9-8567-48b9-8128-05c83caf1695__B142912656.jpg"></icon><desc>Livestream vanuit het Top2000 Café met unieke beelden van de radio-uitzending, verrijkt met videoclips.</desc><category>Muziek</category></programme><programme channel="lgi-be-prod-master:ned3" start="20211227052100 +0000" stop="20211227053200 +0000" catchup-id="crid:~~2F~~2Ftelenet.be~~2F7a520169-95dd-4cb9-b083-d49ff6001c1c,imi:aad4c9a3052dec498ac40184ead874a86d3bf81a"><title>TekstTV</title><date></date><icon src="https://staticqbr-be-prod.tnprod.cdn.dmdsdp.com/image-service/ImagesEPG/EventImages/f53__66e__f5366e7d-4d6e-417a-995a-bb8a0241ed56__B118494863.jpg"></icon><desc>Actuamagazine met een selectie van het laatste nieuws in tekstvorm</desc><category>Nieuws, Actualiteitenprogramma's</category></programme><programme channel="lgi-be-prod-master:ned3" start="20211227053200 +0000" stop="20211227053700 +0000" catchup-id="crid:~~2F~~2Ftelenet.be~~2F38624dea-742f-4c8f-a1a2-5c65baf588c4,imi:40871ebdf9845fb441c800a5dd90ca189f21393a"><title>Pingu</title><date></date><icon src="https://staticqbr-be-prod.tnprod.cdn.dmdsdp.com/image-service/ImagesEPG/EventImages/6df__985__6df985a7-779a-4e15-89ac-86653ce2f193__B52352162.jpg"></icon><desc>Animatieserie met kleifiguren over Pingu en zijn familie</desc><category>Kinderen, Animatie</category></programme><programme channel="lgi-be-prod-master:ned3" start="20211227053700 +0000" stop="20211227055300 +0000" catchup-id="crid:~~2F~~2Ftelenet.be~~2F4b55bef4-d72a-4629-936e-dfc87ea5beb9,imi:896eb7590bc35f0a1aa43f45b5ff177c49860caa"><title>Sesamstraat</title><date></date><icon src="https://staticqbr-be-prod.tnprod.cdn.dmdsdp.com/image-service/ImagesEPG/EventImages/8d9__75e__8d975e38-612f-4667-8f2c-84c921306176__B78340319.jpg"></icon><desc>Ieniemienie is heel erg stout. Daarom moet ze voor straf op haar kamer zitten maar op je kamer kan je ook stoute dingen doen!</desc><category>Kinderen, Entertainment</category></programme><programme channel="lgi-be-prod-master:ned3" start="20211227055300 +0000" stop="20211227060000 +0000" catchup-id="crid:~~2F~~2Ftelenet.be~~2Ff2dfe550-db35-4139-b1b9-c3708a57b2e2,imi:29890a1481d430a5e58b2a59c5cb15f81ee7a355"><title>Kikker &amp; Vriendjes</title><date></date><icon src="https://staticqbr-be-prod.tnprod.cdn.dmdsdp.com/image-service/ImagesEPG/EventImages/4b1__03d__4b103d6d-27a8-4b2e-9c41-3f5469ccfdc5__B106254933.jpg"></icon><desc>Deze kleurrijke animatieserie volgt de avonturen van Kikker, Eend, Haas, Varken en Rat en laat kinderen de kracht van vriendschap ontdekken.</desc><category>Kinderen, Animatie</category></programme><programme channel="lgi-be-prod-master:ned3" start="20211227060000 +0000" stop="20211227060600 +0000" catchup-id="crid:~~2F~~2Ftelenet.be~~2Fb423b2c9-267c-4dc8-befe-f27181caf1a2,imi:d1d1866781a407f04710d2450c8fe2a06f793a68"><title>De avonturen van Pim &amp; Pom</title><date></date><icon src="https://staticqbr-be-prod.tnprod.cdn.dmdsdp.com/image-service/ImagesEPG/EventImages/e5e__d9a__e5ed9a10-7fcf-4156-9b7e-53e47b296d52__B47465169.jpg"></icon><desc>Pim en Pom vliegen mee met de prachtige kraanvogels die op een Japanse kimono staan afgebeeld. Pim is opgetogen, maar Pom vindt die hoogte eng.</desc><category>Kinderen, Animatie</category></programme><programme channel="lgi-be-prod-master:ned3" start="20211227060600 +0000" stop="20211227060800 +0000" catchup-id="crid:~~2F~~2Ftelenet.be~~2F6a5735eb-19f3-40ab-9153-a79ab49a8659,imi:aab44788cc8d0f8ca06fec59ea40d0d4041ba4d1"><title>Zin in Zappelin</title><date></date><icon src="https://staticqbr-be-prod.tnprod.cdn.dmdsdp.com/image-service/ImagesEPG/EventImages/00a__c98__00ac98e9-da60-4e4d-8284-6fa26241f062__B161872852.jpg"></icon><desc>Vrolijk kleuterprogramma. Fenna Ramos woont met haar beste vriend en knuffel Zappie in een zappelin. Overal waar Fenna is, is Zappie ook. De hele dag door beleeft Fenna avonturen, vertelt ze verhalen, speelt ze spelletjes en kookt, knutselt en zingt ze vanuit haar woonkamer, slaapkamer of moestuin.</desc><category>Kinderen, Onder de 5</category></programme><programme channel="lgi-be-prod-master:ned3" start="20211227060800 +0000" stop="20211227061000 +0000" catchup-id="crid:~~2F~~2Ftelenet.be~~2Fe50fa5cb-1aab-4c26-84a1-12cfd2ead998,imi:b165ebf9906aa257781b064fddcec08cec1f57c4"><title>Zin in Zappelin</title><date></date><icon src="https://staticqbr-be-prod.tnprod.cdn.dmdsdp.com/image-service/ImagesEPG/EventImages/00a__c98__00ac98e9-da60-4e4d-8284-6fa26241f062__B161872852.jpg"></icon><desc>Vrolijk kleuterprogramma. Fenna Ramos woont met haar beste vriend en knuffel Zappie in een zappelin. Overal waar Fenna is, is Zappie ook. De hele dag door beleeft Fenna avonturen, vertelt ze verhalen, speelt ze spelletjes en kookt, knutselt en zingt ze vanuit haar woonkamer, slaapkamer of moestuin.</desc><category>Kinderen, Onder de 5</category></programme><programme channel="lgi-be-prod-master:ned3" start="20211227061000 +0000" stop="20211227061500 +0000" catchup-id="crid:~~2F~~2Ftelenet.be~~2Fcbb5fcf3-091e-46f2-aafd-898b1216c8d5,imi:a92e743e31dd55a7f30f1b96346a96b0fe4ea6c9"><title>Zappelin Go</title><date></date><icon src="https://staticqbr-be-prod.tnprod.cdn.dmdsdp.com/image-service/ImagesEPG/EventImages/d8b__820__d8b8207c-f532-4459-a006-5e900450220c__B78374717.jpg"></icon><desc>Soy beleeft samen met zijn vriend Joe de leukste, spannendste en stoerste avonturen. De kinderen worden uitgedaagd om de bewegingen uit de verhalen samen met Soy en Joe mee te doen.</desc><category>Kinderen, Onder de 5</category></programme><programme channel="lgi-be-prod-master:ned3" start="20211227061500 +0000" stop="20211227062100 +0000" catchup-id="crid:~~2F~~2Ftelenet.be~~2Fceaa55a4-aef3-4a3b-987c-f2890f3f2919,imi:9721fec77b568f8bc1899c64cca8c9622e3f0b6a"><title>Zin in Zappelin</title><date></date><icon src="https://staticqbr-be-prod.tnprod.cdn.dmdsdp.com/image-service/ImagesEPG/EventImages/00a__c98__00ac98e9-da60-4e4d-8284-6fa26241f062__B161872852.jpg"></icon><desc>Vrolijk kleuterprogramma. Fenna Ramos woont met haar beste vriend en knuffel Zappie in een zappelin. Overal waar Fenna is, is Zappie ook. De hele dag door beleeft Fenna avonturen, vertelt ze verhalen, speelt ze spelletjes en kookt, knutselt en zingt ze vanuit haar woonkamer, slaapkamer of moestuin.</desc><category>Kinderen, Onder de 5</category></programme><programme channel="lgi-be-prod-master:ned3" start="20211227062100 +0000" stop="20211227063300 +0000" catchup-id="crid:~~2F~~2Ftelenet.be~~2F0219585c-7cff-4f40-8720-04f7fc3f25ce,imi:92906ec9873bc75c58f3598cda1c4ac92a38a3cf"><title>Karsten og Petra</title><date></date><icon src="https://staticqbr-be-prod.tnprod.cdn.dmdsdp.com/image-service/ImagesEPG/EventImages/743__1ee__7431eec7-36ba-4546-97cf-dd6c187ec904__B78359158.jpg"></icon><desc>Serie over de twee vijfjarigen Casper en Emma die voor het eerst naar de basisschool gaan. Ze hebben allebei een knuffel: Caspers knuffel heet Welpje en Emma's knuffel heet Mevrouw Konijn. Deze knuffels kunnen praten! Casper en Emma nemen hun knuffels overal mee naar toe.</desc><category>Kinderen, Entertainment</category></programme><programme channel="lgi-be-prod-master:ned3" start="20211227063300 +0000" stop="20211227063700 +0000" catchup-id="crid:~~2F~~2Ftelenet.be~~2F2aa41fe8-bfaa-4a68-aa8a-0dd5afe8e3b4,imi:4f69c11aaaddb4ad6c7679c9fa52eed54ad8f3a4"><title>Zin in Zappelin</title><date></date><icon src="https://staticqbr-be-prod.tnprod.cdn.dmdsdp.com/image-service/ImagesEPG/EventImages/00a__c98__00ac98e9-da60-4e4d-8284-6fa26241f062__B161872852.jpg"></icon><desc>Vrolijk kleuterprogramma. Fenna Ramos woont met haar beste vriend en knuffel Zappie in een zappelin. Overal waar Fenna is, is Zappie ook. De hele dag door beleeft Fenna avonturen, vertelt ze verhalen, speelt ze spelletjes en kookt, knutselt en zingt ze vanuit haar woonkamer, slaapkamer of moestuin.</desc><category>Kinderen, Onder de 5</category></programme><programme channel="lgi-be-prod-master:ned3" start="20211227063700 +0000" stop="20211227064500 +0000" catchup-id="crid:~~2F~~2Ftelenet.be~~2F3317f026-7de1-412d-928b-fecacbaf1f16,imi:e79c7e617825cd15a9ee486c17a2cd4b73e5f249"><title>KRO Kindertijd</title><date></date><icon src="https://staticqbr-be-prod.tnprod.cdn.dmdsdp.com/image-service/ImagesEPG/EventImages/a90__e64__a90e6429-ffa6-4e9e-b6f1-0205ce2fb5f7__B155892717.jpg"></icon><desc>In het kader van een uitwisselingsproject met Europese collega-omroepen maakt Kindertijd ieder jaar de serie Dit ben ik, waarin kinderen zichzelf in hun eigen omgeving laten zien. Dit keer: Duitsland.</desc><category>Actualiteit</category></programme><programme channel="lgi-be-prod-master:ned3" start="20211227064500 +0000" stop="20211227064900 +0000" catchup-id="crid:~~2F~~2Ftelenet.be~~2Fb578c814-798f-485c-a3f2-4dea3ab07cca,imi:2ff1aabf3f243c074fd38152f30a7cec6ea4f688"><title>Zin in Zappelin</title><date></date><icon src="https://staticqbr-be-prod.tnprod.cdn.dmdsdp.com/image-service/ImagesEPG/EventImages/00a__c98__00ac98e9-da60-4e4d-8284-6fa26241f062__B161872852.jpg"></icon><desc>Vrolijk kleuterprogramma. Fenna Ramos woont met haar beste vriend en knuffel Zappie in een zappelin. Overal waar Fenna is, is Zappie ook. De hele dag door beleeft Fenna avonturen, vertelt ze verhalen, speelt ze spelletjes en kookt, knutselt en zingt ze vanuit haar woonkamer, slaapkamer of moestuin.</desc><category>Kinderen, Onder de 5</category></programme><programme channel="lgi-be-prod-master:ned3" start="20211227064900 +0000" stop="20211227070000 +0000" catchup-id="crid:~~2F~~2Ftelenet.be~~2Fe1c95e18-153e-4177-ad4a-f41124e10bb0,imi:69e5f493ade2ad5778bd2d48b5a23153883c2799"><title>That's Joey!</title><date></date><icon src="https://staticqbr-be-prod.tnprod.cdn.dmdsdp.com/image-service/ImagesEPG/EventImages/320__8c4__3208c44c-af80-4e23-91c3-0467b111dc92__B206717883.jpg"></icon><desc>Franse animatieserie (2020) over grappenmaker Joey, die alles met humor probeert op te lossen, samen met zijn vrienden Olivia en Yassine</desc><category>Kinderen, Animatie</category></programme><programme channel="lgi-be-prod-master:ned3" start="20211227070000 +0000" stop="20211227070400 +0000" catchup-id="crid:~~2F~~2Ftelenet.be~~2F7f102999-f185-4d2b-8cf0-bf532547aabc,imi:7a903fc5c15e625eb7192d718704c67ec1c63c80"><title>Zin in Zappelin</title><date></date><icon src="https://staticqbr-be-prod.tnprod.cdn.dmdsdp.com/image-service/ImagesEPG/EventImages/00a__c98__00ac98e9-da60-4e4d-8284-6fa26241f062__B161872852.jpg"></icon><desc>Vrolijk kleuterprogramma. Fenna Ramos woont met haar beste vriend en knuffel Zappie in een zappelin. Overal waar Fenna is, is Zappie ook. De hele dag door beleeft Fenna avonturen, vertelt ze verhalen, speelt ze spelletjes en kookt, knutselt en zingt ze vanuit haar woonkamer, slaapkamer of moestuin.</desc><category>Kinderen, Onder de 5</category></programme><programme channel="lgi-be-prod-master:ned3" start="20211227070400 +0000" stop="20211227071200 +0000" catchup-id="crid:~~2F~~2Ftelenet.be~~2F749770f7-0d38-42b9-921f-71ecbc0a0013,imi:b402f73dbbd26ced63af91c2c6c483b60f4dda4e"><title>Machtige Mike</title><date></date><icon src="https://staticqbr-be-prod.tnprod.cdn.dmdsdp.com/image-service/ImagesEPG/EventImages/f2e__05e__f2e05e7b-d462-4638-9037-19b8be749f92__B155953081.jpg"></icon><desc>Het is gillend heet buiten en Mike heeft Iris uitgenodigd op het terras voor een verkoelende cocktail. Maar de wasberen stelen de ijsblokjesmachine. Er volgt een achtervolging en de machine eindigt in het zwembad, die verandert in een ijsbaan. De schildpadden zijn in de zevende hemel, terwijl Mike en de wasberen vechten om de machine.</desc><category>Kinderen, Animatie</category></programme><programme channel="lgi-be-prod-master:ned3" start="20211227071200 +0000" stop="20211227071900 +0000" catchup-id="crid:~~2F~~2Ftelenet.be~~2F113ff97c-91d7-496a-be99-24e1a8c2bb1f,imi:98cead19b56447c231dfaabc1a655874bd0bf5b2"><title>Shaun het schaap</title><date></date><icon src="https://staticqbr-be-prod.tnprod.cdn.dmdsdp.com/image-service/ImagesEPG/EventImages/15d__095__15d0954c-a8ba-4ef4-9461-0226ba89e909__B104056280.jpg"></icon><desc>Shaun is een bijzonder schaap dat niet meegaat met de kudde en menselijk gedrag vertoont. Hij bezit de intelligentie, creativiteit en het gedrag van een mens. Elke aflevering neemt Shaun de kudde weer mee op avontuur. De schaapherdershond Bitzer probeert de kudde tevergeefs in bedwang te houden. In het weiland staan onder andere de ondeugende varkens, Timmy het lammetje en Shirley het enorme schaap dat overal en altijd eet.</desc><category>Kinderen, Animatie</category></programme><programme channel="lgi-be-prod-master:ned3" start="20211227071900 +0000" stop="20211227072700 +0000" catchup-id="crid:~~2F~~2Ftelenet.be~~2F7e5849a6-9bbc-463c-8337-dc1fa4f929ca,imi:8be267609c16d21aff9156b902c465e6362671b6"><title>Buurman en Buurman hebben een nieuw huis</title><date></date><icon src="https://staticqbr-be-prod.tnprod.cdn.dmdsdp.com/image-service/ImagesEPG/EventImages/4b2__64e__4b264e8f-4cfd-46b5-8cc8-80fe47ae87c0__B137493914.jpg"></icon><desc>Animatieserie over twee klunzige, maar altijd positieve buurmannen.</desc><category>Kinderen, Animatie</category></programme><programme channel="lgi-be-prod-master:ned3" start="20211227072700 +0000" stop="20211227073900 +0000" catchup-id="crid:~~2F~~2Ftelenet.be~~2F044d77a8-9394-4460-86b5-331a18dffb2c,imi:8e2e3e0bfa702c4b1454b8bd5f9ecc1d413c999d"><title>Poesjes</title><date></date><icon src="https://staticqbr-be-prod.tnprod.cdn.dmdsdp.com/image-service/ImagesEPG/EventImages/f14__de0__f14de018-9dd6-491e-8f14-8ef0f728ccbd__B78363348.jpg"></icon><desc>Het is kerst en Boudewijn wil dat in zijn eentje vieren met een enorm feestmaal. De kerstman brengt iedereen cadeautjes, behalve Boudewijn, die maar niet begrijpt waarom hij wordt overgeslagen.</desc><category>Jeugdcultuur</category></programme><programme channel="lgi-be-prod-master:ned3" start="20211227073900 +0000" stop="20211227075000 +0000" catchup-id="crid:~~2F~~2Ftelenet.be~~2Ff131fa3e-4479-4823-8ba7-7fc6e6e9973f,imi:4586da369a135274a197989c70e8dcbc7871545c"><title>CupCakeCup</title><date></date><icon src="https://staticqbr-be-prod.tnprod.cdn.dmdsdp.com/image-service/ImagesEPG/EventImages/b33__59b__b3359b33-dd7b-42d5-86a1-e6564e605fc6__B179688713.jpg"></icon><desc>Twee bakduo's strijden om een plek in de grote 'CupCakeCup'. Thuis hebben ze hun beste cupcake ever gemaakt. In de studio testen chefs Rémy en Robèrt hun kwaliteiten met een speciale battle-opdracht.</desc><category>Kinderen, Entertainment</category></programme><programme channel="lgi-be-prod-master:ned3" start="20211227075000 +0000" stop="20211227080300 +0000" catchup-id="crid:~~2F~~2Ftelenet.be~~2Ff6639c05-096d-4749-ba7e-d54d7fb34d6a,imi:c3fc445a17830a4c950ffd618bcfc2d26cb94ad2"><title>CupCakeCup</title><date></date><icon src="https://staticqbr-be-prod.tnprod.cdn.dmdsdp.com/image-service/ImagesEPG/EventImages/b33__59b__b3359b33-dd7b-42d5-86a1-e6564e605fc6__B179688713.jpg"></icon><desc>Twee bakduo's strijden om een plek in de grote 'CupCakeCup'. Thuis hebben ze hun beste cupcake ever gemaakt. In de studio testen chefs Rémy en Robèrt hun kwaliteiten met een speciale battle-opdracht.</desc><category>Kinderen, Entertainment</category></programme><programme channel="lgi-be-prod-master:ned3" start="20211227080300 +0000" stop="20211227093900 +0000" catchup-id="crid:~~2F~~2Ftelenet.be~~2F8ef9cd5a-8e63-49f2-a6f2-2ae42310a523,imi:a8de7d4d2b6a188d7879601d4aa54d5ea3684170"><title>Alleen op de wereld</title><date>2018</date><icon src="https://staticqbr-be-prod.tnprod.cdn.dmdsdp.com/image-service/ImagesEPG/EventImages/aac__76c__aac76c59-3cf6-4e0f-857c-0bf690b890bf__B177931264.jpg"></icon><desc>Het leven van de weesjongen Rémi, die als baby geadopteerd werd, verandert wanneer hij 10 jaar oud is. Onverwachts wordt hij uit zijn pleeggezin weggehaald en tegen zijn wil toevertrouwd aan Signor Vitalis, een mysterieuze reizende muzikant. Aan diens zijde maakt hij kennis met het harde leven van een rondreizende artiest en leert hij zingen voor de kost. Samen met de trouwe hond Capi en het aapje Joli-Coeur, maakt Rémi gaandeweg nieuwe vrienden en ontdekt hij het geheim van zijn échte afkomst.</desc><category>Film, Kids en familie</category></programme><programme channel="lgi-be-prod-master:ned3" start="20211227093900 +0000" stop="20211227095100 +0000" catchup-id="crid:~~2F~~2Ftelenet.be~~2Fad3a3862-b50f-4944-8cdf-4dedf1a36f7a,imi:048f3e2b1a3d04a52a46485e2daa6a0531528e64"><title>Freeks wilde wereld</title><date></date><icon src="https://staticqbr-be-prod.tnprod.cdn.dmdsdp.com/image-service/ImagesEPG/EventImages/f20__f09__f20f09f8-a35d-4b56-9770-022dd467d029__B159573529.jpg"></icon><desc>Het leven in de woestijn is keihard. Het is er gortdroog en overal ligt gevaar op de loer. Freek laat zien hoe veerkrachtig ook deze natuur is. Zo leven er in de Namibwoestijn echte overlevers: razendsnelle struisvogels, diep duikende Kaapse pelsrobben en oryxen, die een kei zijn in water besparen.</desc><category>Documentaire, Natuur</category></programme><programme channel="lgi-be-prod-master:ned3" start="20211227095100 +0000" stop="20211227100200 +0000" catchup-id="crid:~~2F~~2Ftelenet.be~~2F294ead4e-75cd-4e47-9b0a-169ffe21af56,imi:5baca3e537b7d2395270a36f19f73b6aace336f7"><title>Freeks Jungle School</title><date></date><icon src="https://staticqbr-be-prod.tnprod.cdn.dmdsdp.com/image-service/ImagesEPG/EventImages/525__364__5253646f-1a46-4b72-8ba2-d8f83002468d__B207891714.jpg"></icon><desc>Freek vertelt over glibberige vampiers uit het dierenrijk: bloedzuigers. Bloedzuigers zijn er helemaal op aangepast om onopgemerkt een lekkere bloedmaaltijd van hun prooi te stelen. Freek laat zien wat er gebeurt als een bloedzuiger zijn kaken in je slaat en hoe je zo'n slijmerige rakker van je huid af haalt.</desc><category>Kinderen, Entertainment</category></programme><programme channel="lgi-be-prod-master:ned3" start="20211227100200 +0000" stop="20211227101800 +0000" catchup-id="crid:~~2F~~2Ftelenet.be~~2Fcc97fb16-e1e1-4f60-ac45-f8c605cf982e,imi:d7c7c1ea1c710631f009c3add16ad0c9d21c18bb"><title>Beestenbrigade</title><date></date><icon src="https://staticqbr-be-prod.tnprod.cdn.dmdsdp.com/image-service/ImagesEPG/EventImages/366__68f__36668fb0-d6f2-4cbc-9b3e-0c03a88778f9__B169993873.jpg"></icon><desc>Vrolijk, educatief programma voor kleuters waarin dieren en natuur centraal staan. Boswachter Tim gaat met twee kleuters het land in om de natuur een handje te helpen. Ook laten kleuters zien welk bijzonder huisdier ze hebben.</desc><category>Kinderen, Entertainment</category></programme><programme channel="lgi-be-prod-master:ned3" start="20211227101800 +0000" stop="20211227103000 +0000" catchup-id="crid:~~2F~~2Ftelenet.be~~2Fc016b112-b7cb-443c-9e37-f608f0c46a91,imi:3a0b2c96a7569d07ded00f27f143a9f36412d3d7"><title>De magische auto</title><date></date><icon src="https://staticqbr-be-prod.tnprod.cdn.dmdsdp.com/image-service/ImagesEPG/EventImages/88c__fa4__88cfa457-eaf6-4732-9ec6-4b6f5ecc1e7d__B207621263.jpg"></icon><desc>Samen stappen ze in Soy zijn magische auto en belanden op mysterieuze wijze in de echte, grote-mensenversie van de lievelingsspeelgoedauto van het kind. En dat is het begin van een spannend avontuur, waarin het kind altijd de held is.</desc><category>Kinderen, Entertainment</category></programme><programme channel="lgi-be-prod-master:ned3" start="20211227103000 +0000" stop="20211227103500 +0000" catchup-id="crid:~~2F~~2Ftelenet.be~~2F7640008f-6c60-4372-bb3c-d454f156d6db,imi:a41c347871a4ce3fe0f48121bc9f81d2e56a93bd"><title>De avonturen van Pim &amp; Pom</title><date></date><icon src="https://staticqbr-be-prod.tnprod.cdn.dmdsdp.com/image-service/ImagesEPG/EventImages/e5e__d9a__e5ed9a10-7fcf-4156-9b7e-53e47b296d52__B47465169.jpg"></icon><desc>Wanneer de hond in 'De marskramer' van Jheronimus Bosch weigert afscheid te nemen van zijn vriendjes omdat hij met zijn baasje, de marskramer, gaat vertrekken, helpt Pim hem om zich te verstoppen.</desc><category>Kinderen, Animatie</category></programme><programme channel="lgi-be-prod-master:ned3" start="20211227103500 +0000" stop="20211227104600 +0000" catchup-id="crid:~~2F~~2Ftelenet.be~~2F76696e96-65b8-4049-90b0-65ffb40c68a3,imi:e87f080db85b5cd2293c48b65a666528d7614f44"><title>Sesamstraat 10 voor</title><date></date><icon src="https://staticqbr-be-prod.tnprod.cdn.dmdsdp.com/image-service/ImagesEPG/EventImages/bda__f14__bdaf1424-a78d-404c-9152-9deb2fa692be__B78340288.jpg"></icon><desc>Kinderprogramma met een verzameling filmpjes van bepaalde Sesamstraatfiguren</desc><category>Jeugdcultuur</category></programme><programme channel="lgi-be-prod-master:ned3" start="20211227104600 +0000" stop="20211227105300 +0000" catchup-id="crid:~~2F~~2Ftelenet.be~~2F1e511827-4adc-4b7c-b230-52fb6b199921,imi:af2b45f06f5b903803b7cdf98542c8d9de820a6d"><title>Love Monster</title><date></date><icon src="https://staticqbr-be-prod.tnprod.cdn.dmdsdp.com/image-service/ImagesEPG/EventImages/bca__853__bca8531a-cd7f-41bd-8d9c-83529ae8dbb0__B206716143.jpg"></icon><desc>Britse animatieserie (2020) over Lief Monster, die zich wel eens buitengesloten voelt, omdat hij anders is dan de rest</desc><category>Kinderen, Animatie</category></programme><programme channel="lgi-be-prod-master:ned3" start="20211227105300 +0000" stop="20211227105800 +0000" catchup-id="crid:~~2F~~2Ftelenet.be~~2Ff93ce873-c7e6-4754-b4de-f7cd006e7d89,imi:3994d91006635cc88f293e2e148810c60955b50b"><title>Peppa Pig</title><date></date><icon src="https://staticqbr-be-prod.tnprod.cdn.dmdsdp.com/image-service/ImagesEPG/EventImages/f1d__6a7__f1d6a7da-2495-4503-aa7c-a7855312c4fb__B141095718.jpg"></icon><desc>Papa en mama Big nemen Peppa en George mee naar een kasteel om te genieten van een middeleeuws banket, koning en koningin te spelen en zelfs een draak te ontmoeten. Het is de lievelingsdag van George.</desc><category>Kinderen, Animatie</category></programme><programme channel="lgi-be-prod-master:ned3" start="20211227105800 +0000" stop="20211227110300 +0000" catchup-id="crid:~~2F~~2Ftelenet.be~~2Fe857d7e8-35d4-4f10-ae33-c9fd0a914154,imi:cb248eb974bea3530354716f5e166ef14455aecc"><title>Peppa Pig</title><date></date><icon src="https://staticqbr-be-prod.tnprod.cdn.dmdsdp.com/image-service/ImagesEPG/EventImages/f1d__6a7__f1d6a7da-2495-4503-aa7c-a7855312c4fb__B141095718.jpg"></icon><desc>Wanneer het dak van de school lekt en gemaakt moet worden, biedt Peppa aan dat mama Big een parachutesprong zal maken om daar geld voor op te halen. Papa Big gaat mee met het vliegtuig en moet zijn hoogtevrees overwinnen.</desc><category>Kinderen, Animatie</category></programme><programme channel="lgi-be-prod-master:ned3" start="20211227110300 +0000" stop="20211227111900 +0000" catchup-id="crid:~~2F~~2Ftelenet.be~~2F293c8f1a-53a2-4631-8591-0f802e4e22f2,imi:6cad38220d81bc1b9a4c11b8aa630df5fd46ea6a"><title>Sesamstraat</title><date></date><icon src="https://staticqbr-be-prod.tnprod.cdn.dmdsdp.com/image-service/ImagesEPG/EventImages/889__14b__88914b8f-4a9c-4050-9c1a-6abfb9b8e574__B48937371.jpg"></icon><desc>Tommie verzint van alles om jou te laten schrikken!</desc><category>Jeugdcultuur</category></programme><programme channel="lgi-be-prod-master:ned3" start="20211227111900 +0000" stop="20211227112100 +0000" catchup-id="crid:~~2F~~2Ftelenet.be~~2F6a5735eb-19f3-40ab-9153-a79ab49a8659,imi:8581c304c1297880503cec17c50f9c6fdfb07eed"><title>Zin in Zappelin</title><date></date><icon src="https://staticqbr-be-prod.tnprod.cdn.dmdsdp.com/image-service/ImagesEPG/EventImages/00a__c98__00ac98e9-da60-4e4d-8284-6fa26241f062__B161872852.jpg"></icon><desc>Vrolijk kleuterprogramma. Fenna Ramos woont met haar beste vriend en knuffel Zappie in een zappelin. Overal waar Fenna is, is Zappie ook. De hele dag door beleeft Fenna avonturen, vertelt ze verhalen, speelt ze spelletjes en kookt, knutselt en zingt ze vanuit haar woonkamer, slaapkamer of moestuin.</desc><category>Kinderen, Onder de 5</category></programme><programme channel="lgi-be-prod-master:ned3" start="20211227112100 +0000" stop="20211227112300 +0000" catchup-id="crid:~~2F~~2Ftelenet.be~~2Fe50fa5cb-1aab-4c26-84a1-12cfd2ead998,imi:6d5564713dc6acfaf1c24b04d8ea0135970fccf1"><title>Zin in Zappelin</title><date></date><icon src="https://staticqbr-be-prod.tnprod.cdn.dmdsdp.com/image-service/ImagesEPG/EventImages/00a__c98__00ac98e9-da60-4e4d-8284-6fa26241f062__B161872852.jpg"></icon><desc>Vrolijk kleuterprogramma. Fenna Ramos woont met haar beste vriend en knuffel Zappie in een zappelin. Overal waar Fenna is, is Zappie ook. De hele dag door beleeft Fenna avonturen, vertelt ze verhalen, speelt ze spelletjes en kookt, knutselt en zingt ze vanuit haar woonkamer, slaapkamer of moestuin.</desc><category>Kinderen, Onder de 5</category></programme><programme channel="lgi-be-prod-master:ned3" start="20211227112300 +0000" stop="20211227112800 +0000" catchup-id="crid:~~2F~~2Ftelenet.be~~2Fcbb5fcf3-091e-46f2-aafd-898b1216c8d5,imi:a2b3ce292ab1474a75b6542895804b53a010760b"><title>Zappelin Go</title><date></date><icon src="https://staticqbr-be-prod.tnprod.cdn.dmdsdp.com/image-service/ImagesEPG/EventImages/d8b__820__d8b8207c-f532-4459-a006-5e900450220c__B78374717.jpg"></icon><desc>Soy beleeft samen met zijn vriend Joe de leukste, spannendste en stoerste avonturen. De kinderen worden uitgedaagd om de bewegingen uit de verhalen samen met Soy en Joe mee te doen.</desc><category>Kinderen, Onder de 5</category></programme><programme channel="lgi-be-prod-master:ned3" start="20211227112800 +0000" stop="20211227113400 +0000" catchup-id="crid:~~2F~~2Ftelenet.be~~2Fceaa55a4-aef3-4a3b-987c-f2890f3f2919,imi:7da2154784ae5b846dbdfd79ff9d0ec95acf88da"><title>Zin in Zappelin</title><date></date><icon src="https://staticqbr-be-prod.tnprod.cdn.dmdsdp.com/image-service/ImagesEPG/EventImages/00a__c98__00ac98e9-da60-4e4d-8284-6fa26241f062__B161872852.jpg"></icon><desc>Vrolijk kleuterprogramma. Fenna Ramos woont met haar beste vriend en knuffel Zappie in een zappelin. Overal waar Fenna is, is Zappie ook. De hele dag door beleeft Fenna avonturen, vertelt ze verhalen, speelt ze spelletjes en kookt, knutselt en zingt ze vanuit haar woonkamer, slaapkamer of moestuin.</desc><category>Kinderen, Onder de 5</category></programme><programme channel="lgi-be-prod-master:ned3" start="20211227113400 +0000" stop="20211227114100 +0000" catchup-id="crid:~~2F~~2Ftelenet.be~~2Fa36d4e24-6beb-4b3f-a777-d3da0f9b75a0,imi:65a5378c1cc2b964811c7467d99e326a94f55d1b"><title>KRO Kindertijd</title><date></date><icon src="https://staticqbr-be-prod.tnprod.cdn.dmdsdp.com/image-service/ImagesEPG/EventImages/a90__e64__a90e6429-ffa6-4e9e-b6f1-0205ce2fb5f7__B155892717.jpg"></icon><desc>In Kindertijd zien we kleuters tijdens één van hun favoriete bezigheden. In Kijk mij nou laten kleuters zien wat zij leuk en belangrijk vinden.</desc><category>Actualiteit</category></programme><programme channel="lgi-be-prod-master:ned3" start="20211227114100 +0000" stop="20211227114500 +0000" catchup-id="crid:~~2F~~2Ftelenet.be~~2F2aa41fe8-bfaa-4a68-aa8a-0dd5afe8e3b4,imi:3ae4866f602e17cce355d258264af314eedf18c8"><title>Zin in Zappelin</title><date></date><icon src="https://staticqbr-be-prod.tnprod.cdn.dmdsdp.com/image-service/ImagesEPG/EventImages/00a__c98__00ac98e9-da60-4e4d-8284-6fa26241f062__B161872852.jpg"></icon><desc>Vrolijk kleuterprogramma. Fenna Ramos woont met haar beste vriend en knuffel Zappie in een zappelin. Overal waar Fenna is, is Zappie ook. De hele dag door beleeft Fenna avonturen, vertelt ze verhalen, speelt ze spelletjes en kookt, knutselt en zingt ze vanuit haar woonkamer, slaapkamer of moestuin.</desc><category>Kinderen, Onder de 5</category></programme><programme channel="lgi-be-prod-master:ned3" start="20211227114500 +0000" stop="20211227115700 +0000" catchup-id="crid:~~2F~~2Ftelenet.be~~2F8fe87106-1881-4ff5-ab5d-7ed432659f3e,imi:27c27cf7f5f7cbceddaefd87e42a12ef17ac7008"><title>De Smurfen nieuw</title><date></date><icon src="https://staticqbr-be-prod.tnprod.cdn.dmdsdp.com/image-service/ImagesEPG/EventImages/93a__023__93a023b1-2dbc-43bc-bfc9-60f65138c6e6__B206716420.jpg"></icon><desc>Wanneer Brilsmurf kritiek heeft op de kookkunsten van Chef loopt Chef boos weg en komt hij bij de reuzen terecht, voor wie hij moet koken. Maar wanneer ook zij niet tevreden zijn met zijn kookkunsten, beslissen ze om Chef zelf op te eten.</desc><category>Kinderen, Animatie</category></programme>