<programme channel="lgi-be-prod-master:outtv" start="20211226232100 +0000" stop="20211226232200 +0000" catchup-id="crid:~~2F~~2Ftelenet.be~~2F1cbbcfa5-0b2d-4d54-8111-74c435655f64,imi:ea9cd9de9ea55e70c8b07eefd7a11ee2eb8b7827"><title>Wim &amp; Peter: Klaar voor Kerst</title><date></date><icon src="https://staticqbr-be-prod.tnprod.cdn.dmdsdp.com/image-service/ImagesEPG/EventImages/371__569__371569c6-b6e0-4a8a-8e05-6c20a8ddd88e__B105932966.jpg"></icon><desc>Wim &amp; Peter: Klaar voor Kerst</desc><category>Documentaire, Reality-tv</category></programme><programme channel="lgi-be-prod-master:outtv" start="20211226232200 +0000" stop="20211227000600 +0000" catchup-id="crid:~~2F~~2Ftelenet.be~~2Fa2eefed5-87db-4e2e-aa52-675d5c1594db,imi:410391e907f4b2f5b77d951be49d0388a1cf8d8e"><title>The Great Christmas Light Fight</title><date></date><icon src="https://staticqbr-be-prod.tnprod.cdn.dmdsdp.com/image-service/ImagesEPG/EventImages/ee4__aca__ee4aca73-0865-43d8-ace6-0918162069fc__B168140303.jpg"></icon><desc>Elke aflevering strijden vier families met elkaar: wie van hen heeft zijn huis het mooiste versierd met kerstverlichting? De winnaar ontvangt 50.000 dollar.</desc><category>Documentaire, Reality-tv</category></programme><programme channel="lgi-be-prod-master:outtv" start="20211227000600 +0000" stop="20211227002200 +0000" catchup-id="crid:~~2F~~2Ftelenet.be~~2F20ebb9b8-2483-4ca0-97a4-e47c5cd2625d,imi:c8b5931bc62ab7d1e55df268892233f607ea0ce2"><title>Woke</title><date>2017</date><icon src="https://staticqbr-be-prod.tnprod.cdn.dmdsdp.com/image-service/ImagesEPG/EventImages/28b__c15__28bc1572-b0d1-4cf6-ab76-04ec1861634d__B177489301.jpg"></icon><desc>Vanwege zijn opstandige gedrag wordt Thibaut op het matje geroepen bij de gemeente, die eist dat hij afstand doet van zijn functie als voorzitter van Point G. Thibaut bedenkt een plan en vraagt Hicham om hulp.</desc><category>Dramaseries</category></programme><programme channel="lgi-be-prod-master:outtv" start="20211227002200 +0000" stop="20211227011900 +0000" catchup-id="crid:~~2F~~2Ftelenet.be~~2Fc2c74704-d9c5-4d90-81c1-a6237c02e937,imi:e01c701b76ef7f1440d38d961e1caddaf3e6f40d"><title>Drag Race Thailand</title><date>2018</date><icon src="https://staticqbr-be-prod.tnprod.cdn.dmdsdp.com/image-service/ImagesEPG/EventImages/201__c55__201c550b-9dfd-40c2-86bd-d8c9591b6c7b__B160593118.jpg"></icon><desc>Alle queens zijn weer terug om terug te blikken op de mooiste en meest onvergetelijke momenten van het afgelopen seizoen. Gepresenteerd door P.K.</desc><category>Documentaire, Reality-tv</category></programme><programme channel="lgi-be-prod-master:outtv" start="20211227011900 +0000" stop="20211227021100 +0000" catchup-id="crid:~~2F~~2Ftelenet.be~~2F28dcf608-ffd3-45bd-9c96-cd4aa198d311,imi:ff2d28ad2446f505ea1caa3e9b82ca362e43f108"><title>Living a Lie</title><date></date><icon src="https://staticqbr-be-prod.tnprod.cdn.dmdsdp.com/image-service/ImagesEPG/EventImages/350__f5c__350f5c91-146a-46a0-99db-7846e466304f__B144887640.jpg"></icon><desc>Vanwege de economische crisis wil Britain United de mogelijkheden van fracking onderzoeken, een methode van gaswinning die een hoop geld en werkgelegenheid oplevert. Hoewel de regering officieel tegen fracking is, ziet Meirion er een gouden kans in. Lowri vertelt Tom dat ze hem niet in de buurt wil hebben van haar en de baby.</desc><category>Dramaseries</category></programme><programme channel="lgi-be-prod-master:outtv" start="20211227021100 +0000" stop="20211227034000 +0000" catchup-id="crid:~~2F~~2Ftelenet.be~~2Ffb044c11-e3b4-4763-9719-6807603115fa,imi:308f1cc9ff32d91791fef96b3d721f676fd6fd47"><title>A Kylie Christmas</title><date>2015</date><icon src="https://staticqbr-be-prod.tnprod.cdn.dmdsdp.com/image-service/ImagesEPG/EventImages/724__610__72461090-a310-4138-b596-0a4bf3185581__B162910113.jpg"></icon><desc>Kylie brengt een mengeling van kerstklassiekers, nieuwe nummers en een aantal van haar grootste hits. Met gastoptredens van zus Dannii Minogue en Chryssie Hynde.</desc><category>Muziek</category></programme><programme channel="lgi-be-prod-master:outtv" start="20211227034000 +0000" stop="20211227044000 +0000" catchup-id="crid:~~2F~~2Ftelenet.be~~2Ff85b682e-2777-4bf5-9604-c0e610b9de61,imi:712319ae2b0754ba6e41b66ae4572600d9fdf057"><title>OUT music</title><date></date><icon src="https://staticqbr-be-prod.tnprod.cdn.dmdsdp.com/image-service/ImagesEPG/EventImages/4cf__f36__4cff3677-6dcb-4ec1-9b1a-bda66c2dcf99__B170820002.jpg"></icon><desc>De beste LGBTQ+ artiesten, de lekkerste videoclips en al jouw favoriete muziek op 1 plek!</desc><category>Muziek</category></programme><programme channel="lgi-be-prod-master:outtv" start="20211227044000 +0000" stop="20211227053900 +0000" catchup-id="crid:~~2F~~2Ftelenet.be~~2Ff85b682e-2777-4bf5-9604-c0e610b9de61,imi:454272aeac5124766313e12944ae3fe4d58e6614"><title>OUT music</title><date></date><icon src="https://staticqbr-be-prod.tnprod.cdn.dmdsdp.com/image-service/ImagesEPG/EventImages/4cf__f36__4cff3677-6dcb-4ec1-9b1a-bda66c2dcf99__B170820002.jpg"></icon><desc>De beste LGBTQ+ artiesten, de lekkerste videoclips en al jouw favoriete muziek op 1 plek!</desc><category>Muziek</category></programme><programme channel="lgi-be-prod-master:outtv" start="20211227053900 +0000" stop="20211227060000 +0000" catchup-id="crid:~~2F~~2Ftelenet.be~~2Ff85b682e-2777-4bf5-9604-c0e610b9de61,imi:6792a56461bbc653252c555accb3fa54ba6b47fb"><title>OUT music</title><date></date><icon src="https://staticqbr-be-prod.tnprod.cdn.dmdsdp.com/image-service/ImagesEPG/EventImages/4cf__f36__4cff3677-6dcb-4ec1-9b1a-bda66c2dcf99__B170820002.jpg"></icon><desc>De beste LGBTQ+ artiesten, de lekkerste videoclips en al jouw favoriete muziek op 1 plek!</desc><category>Muziek</category></programme><programme channel="lgi-be-prod-master:outtv" start="20211227060000 +0000" stop="20211227070000 +0000" catchup-id="crid:~~2F~~2Ftelenet.be~~2F264b9fdb-0a6f-482e-9813-fca7117af152,imi:74f84408c537c13a577b883aeed9034a520ee9fb"><title>Tommy Teleshopping</title><date></date><icon src="https://staticqbr-be-prod.tnprod.cdn.dmdsdp.com/image-service/ImagesEPG/EventImages/8c4__c07__8c4c0795-6d1d-4ad8-9237-8cb37642e331__B77453923.jpg"></icon><desc></desc><category>Vrije tijd, Shoppen</category></programme><programme channel="lgi-be-prod-master:outtv" start="20211227070000 +0000" stop="20211227072200 +0000" catchup-id="crid:~~2F~~2Ftelenet.be~~2F409803f2-963a-42c7-90e6-ecbb33f7e0f8,imi:17edfd5be7170baf7c0cb64add3f6b0a60afd289"><title>Hot in Cleveland</title><date></date><icon src="https://staticqbr-be-prod.tnprod.cdn.dmdsdp.com/image-service/ImagesEPG/EventImages/772__577__772577d3-eb7f-4f3f-9f38-eed45107e5b6__B143760740.jpg"></icon><desc>Amerikaanse televisiekomedie met Valerie Bertinelli, Jane Leeves, Wendie Malick en Betty White, over drie entertainmentveteranen uit LA die in Cleveland, Ohio, belanden. Victoria heeft een nieuwe vlam maar ze wordt tegengewerkt door z'n kinderen. Elka mist Max die in Florida aan het overwinteren is. Melanie en Joy besluiten vrijwilligerswerk te doen bij het bejaardencentrum en schotelen de oudjes zogenaamd gezond voedsel voor.</desc><category>Sitcoms</category></programme><programme channel="lgi-be-prod-master:outtv" start="20211227072200 +0000" stop="20211227074600 +0000" catchup-id="crid:~~2F~~2Ftelenet.be~~2F409803f2-963a-42c7-90e6-ecbb33f7e0f8,imi:d687c556cd9bb7d1c05e37a9c7bca0389cc8115e"><title>Hot in Cleveland</title><date></date><icon src="https://staticqbr-be-prod.tnprod.cdn.dmdsdp.com/image-service/ImagesEPG/EventImages/772__577__772577d3-eb7f-4f3f-9f38-eed45107e5b6__B143760740.jpg"></icon><desc>Amerikaanse televisiekomedie met Valerie Bertinelli, Jane Leeves, Wendie Malick en Betty White, over drie entertainmentveteranen uit LA die in Cleveland, Ohio, belanden. Victoria heeft een nieuwe vlam maar ze wordt tegengewerkt door z'n kinderen. Elka mist Max die in Florida aan het overwinteren is. Melanie en Joy besluiten vrijwilligerswerk te doen bij het bejaardencentrum en schotelen de oudjes zogenaamd gezond voedsel voor.</desc><category>Sitcoms</category></programme><programme channel="lgi-be-prod-master:outtv" start="20211227074600 +0000" stop="20211227083200 +0000" catchup-id="crid:~~2F~~2Ftelenet.be~~2F3238f8f0-d5fd-4a54-9033-ed17163c9b91,imi:ca8f37038145a332b423654956e50e2902f21b81"><title>The A-List Dallas</title><date></date><icon src="https://staticqbr-be-prod.tnprod.cdn.dmdsdp.com/image-service/ImagesEPG/EventImages/5a5__5c0__5a55c073-9394-4a9b-826a-e586ae50c51c__B166386135.jpg"></icon><desc>Ontmoet onze Texaanse A-listers, Chase, Philip, James, Taylor en Levi, in deze eerste aflevering van The A-List Dallas.</desc><category>Documentaire, Reality-tv</category></programme><programme channel="lgi-be-prod-master:outtv" start="20211227083200 +0000" stop="20211227092200 +0000" catchup-id="crid:~~2F~~2Ftelenet.be~~2F7332ee6e-111d-41ef-a8ea-d9dace5388f5,imi:88278aff385c6db158224d9e37a72450d0f121af"><title>Shameless</title><date></date><icon src="https://staticqbr-be-prod.tnprod.cdn.dmdsdp.com/image-service/ImagesEPG/EventImages/f6b__9c6__f6b9c61c-ed93-4b00-ba52-a8a8c10231be__B156429683.jpg"></icon><desc>Avril zit diep in de schulden te zitten omdat ze op te grote voet leeft. Ze heeft een koopverslaving en neemt haar uitweg tot het aanvragen van creditcards op gefingeerde namen en als klap op de vuurpijl steelt ze ook nog eens het gezamenlijke vakantiegeld van haar vrienden. De bom barst als  gedupeerden hun geld terug willen en verhaal komen halen bij Avril. Mimi begint een verhouding met een man die op het eerste gezicht heel integer lijkt, maar ze komt erachter dat niet alles is wat het lijkt. Chesney heeft een bezorger in dienst die een ontspoorde dochter lijkt te hebben.</desc><category>Sitcoms</category></programme><programme channel="lgi-be-prod-master:outtv" start="20211227092200 +0000" stop="20211227100000 +0000" catchup-id="crid:~~2F~~2Ftelenet.be~~2F86e29045-5bed-4c93-9a2b-97ea561c6cb2,imi:903d28fcb41dc167e8c55848fcabef95c0e4c9ea"><title>Fire Island</title><date>2017</date><icon src="https://staticqbr-be-prod.tnprod.cdn.dmdsdp.com/image-service/ImagesEPG/EventImages/275__bcc__275bcc9d-88fc-44c9-b6f4-feaee5041fc0__B160594126.jpg"></icon><desc>Realityserie over zes homo's die een zomerhuisje delen op Fire Island. Danser en choreograaf Khasan Brailsford nodigt zijn vijf beste vrienden uit om samen de zomer door te brengen in een luxe strandhuis op Fire Island. De sympathieke knuffelbeer Justin biedt de eerste avond meteen aan om een familiediner te bereiden terwijl de anderen het eiland verkennen en alvast gaan feesten. Maar hij is erg teleurgesteld als al zijn huisgenoten veel te laat thuiskomen. De volgende dag loopt de spanning tussen de mannen hoog op wanneer Patricks vrienden zich ongepast gedragen op de barbecue.</desc><category>Documentaire, Reality-tv</category></programme><programme channel="lgi-be-prod-master:outtv" start="20211227100000 +0000" stop="20211227120000 +0000" catchup-id="crid:~~2F~~2Ftelenet.be~~2F264b9fdb-0a6f-482e-9813-fca7117af152,imi:f298ccf906f82e848364fd320a44b5cdd3a873ce"><title>Tommy Teleshopping</title><date></date><icon src="https://staticqbr-be-prod.tnprod.cdn.dmdsdp.com/image-service/ImagesEPG/EventImages/8c4__c07__8c4c0795-6d1d-4ad8-9237-8cb37642e331__B77453923.jpg"></icon><desc></desc><category>Vrije tijd, Shoppen</category></programme>