<programme channel="lgi-be-prod-master:artebelgique" start="20211226234000 +0000" stop="20211227003000 +0000" catchup-id="crid:~~2F~~2Ftelenet.be~~2Fe6380e55-c2bf-46a9-b45f-2f40fa39bcdc-fre,imi:10c137e8df840bec7071f91dbc0a5ddcd0998864"><title>Les mille et une vies de Yul Brynner</title><date></date><icon src="https://staticqbr-be-prod.tnprod.cdn.dmdsdp.com/image-service/ImagesEPG/EventImages/69a__201__69a20120-e71e-4c92-929d-5fe6493645fc__B160043378.jpg"></icon><desc>Tussen Vladivostok, Parijs en Hollywood volgen we het traject van Yul Brynner, een acteur met veel charme, wiens mysterieuze afkomst de mythe hielp smeden.</desc><category>Documentaire, Oude culturen</category></programme><programme channel="lgi-be-prod-master:artebelgique" start="20211227003000 +0000" stop="20211227021000 +0000" catchup-id="crid:~~2F~~2Ftelenet.be~~2F90294fee-e412-4a78-97c2-ca4115f66014-fre,imi:8adaad34269dd7607059a72ad41364be8e617ed7"><title>Onéguine</title><date>2018</date><icon src="https://staticqbr-be-prod.tnprod.cdn.dmdsdp.com/image-service/ImagesEPG/EventImages/b91__049__b910491e-72a0-4f1e-9aea-6be5f4f2ff41__B105936402.jpg"></icon><desc>Le Ballet de Stuttgart remonte Onéguine, l'un des plus grands succès du chorégraphe sud-africain John Cranko, inspiré de l'oeuvre d'Alexandre Pouchkine.</desc><category>Film</category></programme><programme channel="lgi-be-prod-master:artebelgique" start="20211227021000 +0000" stop="20211227031000 +0000" catchup-id="crid:~~2F~~2Ftelenet.be~~2F54a2c23d-f406-41fe-a92f-79a2203b4204-fre,imi:cb70d941c12139cbd0f1083fc27871e12cd5f6e0"><title>Olivia de Havilland, l'Insoumise</title><date></date><icon src="https://staticqbr-be-prod.tnprod.cdn.dmdsdp.com/image-service/ImagesEPG/EventImages/b62__458__b62458dc-7244-40cc-8e70-4c056fd96595__B160045222.jpg"></icon><desc>Portret van Olivia de Havilland, de laatste ster uit de gouden eeuw van Hollywood, die tweemaal een Oscar won voor beste actrice en in 2020 op 104-jarige leeftijd overleed.</desc><category>Documentaire, Oude culturen</category></programme><programme channel="lgi-be-prod-master:artebelgique" start="20211227031000 +0000" stop="20211227033500 +0000" catchup-id="crid:~~2F~~2Ftelenet.be~~2F38777dc1-9ace-4fc7-9416-f185ef27dae3-fre,imi:6f1e60d9f995406d8ee23442f0d8688b1afdd272"><title>Des volcans et des hommes</title><date></date><icon src="https://staticqbr-be-prod.tnprod.cdn.dmdsdp.com/image-service/ImagesEPG/EventImages/69a__201__69a20120-e71e-4c92-929d-5fe6493645fc__B160043378.jpg"></icon><desc>Onder leiding van geoloog Arnaud Guérin maken we een wereldreis langs de grootste vuurreuzen.</desc><category>Documentaire, Oude culturen</category></programme><programme channel="lgi-be-prod-master:artebelgique" start="20211227033500 +0000" stop="20211227040000 +0000" catchup-id="crid:~~2F~~2Ftelenet.be~~2Fa3e13d1f-e17a-4b19-aa2a-60c9ce747a1c-fre,imi:fda58f6dc28095d75f41fac4ba73c4bd58126bf7"><title>Teleshop</title><date></date><icon src="https://staticqbr-be-prod.tnprod.cdn.dmdsdp.com/image-service/ImagesEPG/EventImages/386__2a2__3862a2f0-b28e-40a5-978f-8ebb0c5f52e4__B108293894.jpg"></icon><desc>Geen uitzending.</desc><category>Overig</category></programme><programme channel="lgi-be-prod-master:artebelgique" start="20211227040000 +0000" stop="20211227055000 +0000" catchup-id="crid:~~2F~~2Ftelenet.be~~2Fa3c189c1-d23a-433c-add3-2fba5dc32868-fre,imi:642156febecf86fd627175989eec30a67df4c7e3"><title>Gala à la Scala de Milan</title><date></date><icon src="https://staticqbr-be-prod.tnprod.cdn.dmdsdp.com/image-service/ImagesEPG/EventImages/d91__f92__d91f9226-7c2d-4c27-805f-e7d6c49da1e9__B105933931.jpg"></icon><desc>Pour lancer sa saison, la Scala organise exceptionnellement un gala lyrique de soutien aux artistes durement touchés par la crise sanitaire.</desc><category>Muziek</category></programme><programme channel="lgi-be-prod-master:artebelgique" start="20211227055000 +0000" stop="20211227055500 +0000" catchup-id="crid:~~2F~~2Ftelenet.be~~2F3b2be4d3-1f00-4bc3-ba75-c2b5c9760120-fre,imi:f34f4b8a539c6a171092f1bfc3965a44b504f57f"><title>Arte journal junior</title><date></date><icon src="https://staticqbr-be-prod.tnprod.cdn.dmdsdp.com/image-service/ImagesEPG/EventImages/f14__de0__f14de018-9dd6-491e-8f14-8ef0f728ccbd__B78363348.jpg"></icon><desc>Le JT matinal et quotidien de six minutes pour les 10-14 ans.</desc><category>Actualiteit</category></programme><programme channel="lgi-be-prod-master:artebelgique" start="20211227055500 +0000" stop="20211227065000 +0000" catchup-id="crid:~~2F~~2Ftelenet.be~~2F48050a14-a532-44c2-99a0-014a4d0cc231-fre,imi:f40855ed53cef3124b1d33fa6b6781b513ce0149"><title>GEO Reportage</title><date></date><icon src="https://staticqbr-be-prod.tnprod.cdn.dmdsdp.com/image-service/ImagesEPG/EventImages/938__05a__93805a05-b54a-4d86-a6a6-f199a924ace1__B105932964.jpg"></icon><desc>En cinq participations à la Finnmarkslopet, la course de chiens de traîneaux la plus longue d'Europe, la Norvégienne Marit Beate Kasin, s'est hissée deux fois sur le podium.</desc><category>Nieuws, Actualiteitenprogramma's</category></programme><programme channel="lgi-be-prod-master:artebelgique" start="20211227065000 +0000" stop="20211227073500 +0000" catchup-id="crid:~~2F~~2Ftelenet.be~~2Fb6dc27e4-3855-4bcd-96de-8623d2b0dca9-fre,imi:ad7176128188ea37dc12980ac83ee218e31b1a32"><title>Russland von oben</title><date></date><icon src="https://staticqbr-be-prod.tnprod.cdn.dmdsdp.com/image-service/ImagesEPG/EventImages/266__510__2665102f-eb63-4bc5-ad4f-e30776523d52__B136712044.jpg"></icon><desc>Cap sur le Daghestan et sa flore exceptionnelle, sur Rostov, grand pôle industriel, scientifique et culturel du sud de la Russie, et enfin sur le delta de la Volga.</desc><category>Documentaire, Oude culturen</category></programme><programme channel="lgi-be-prod-master:artebelgique" start="20211227073500 +0000" stop="20211227082500 +0000" catchup-id="crid:~~2F~~2Ftelenet.be~~2F22bb8bf6-45d2-433e-84b9-33de5ab8cf66-fre,imi:556a88398b1da14b264fb82f1259cdd32eda4ed0"><title>Invitation au voyage</title><date></date><icon src="https://staticqbr-be-prod.tnprod.cdn.dmdsdp.com/image-service/ImagesEPG/EventImages/025__000__0250005b-4fcd-4cb1-bffa-142a3bbb1296__B118135994.jpg"></icon><desc>A Saumur, une comédie humaine de Balzac. Corfou, la musique dans la peau. Au Kirghizistan, les galettes aux légumes de Gulmira. Dans le Gran Sasso, la grande évasion.</desc><category>Reizen</category></programme><programme channel="lgi-be-prod-master:artebelgique" start="20211227082500 +0000" stop="20211227091500 +0000" catchup-id="crid:~~2F~~2Ftelenet.be~~2F5df0f499-5f6e-4ab7-94cb-6001e0acf37c-fre,imi:7b496f9e44f091df20e1df662dd517ab17718a7f"><title>GEO Reportage</title><date></date><icon src="https://staticqbr-be-prod.tnprod.cdn.dmdsdp.com/image-service/ImagesEPG/EventImages/938__05a__93805a05-b54a-4d86-a6a6-f199a924ace1__B105932964.jpg"></icon><desc>In Chartres, een van de laatste Franse bolwerken van glas-in-lood, ontmoet u gepassioneerde meester-glasblazers die deze kunst in ere houden. Onder hen Jacques Loire, die na 80 jaar nog niets van zijn creativiteit verloren heeft.</desc><category>Nieuws, Actualiteitenprogramma's</category></programme><programme channel="lgi-be-prod-master:artebelgique" start="20211227091500 +0000" stop="20211227103000 +0000" catchup-id="crid:~~2F~~2Ftelenet.be~~2F94a03a14-e915-42c4-93d6-93400836d61e-fre,imi:aaabfcbadf1bcb99e64af3a8ab92168d1bf0c097"><title>GEO Reportage</title><date></date><icon src="https://staticqbr-be-prod.tnprod.cdn.dmdsdp.com/image-service/ImagesEPG/EventImages/938__05a__93805a05-b54a-4d86-a6a6-f199a924ace1__B105932964.jpg"></icon><desc>Kaviaar maakt al eeuwen deel uit van de Italiaanse keuken. Na China is het land de grootste producent ter wereld.</desc><category>Nieuws, Actualiteitenprogramma's</category></programme><programme channel="lgi-be-prod-master:artebelgique" start="20211227103000 +0000" stop="20211227111500 +0000" catchup-id="crid:~~2F~~2Ftelenet.be~~2F1c9d0a9f-8218-4ae2-bf7a-6ac4247a20b5-fre,imi:293c9dd1795a7f491f20970196abb7c90d526f5d"><title>Les parcs naturels... en Minuscule</title><date></date><icon src="https://staticqbr-be-prod.tnprod.cdn.dmdsdp.com/image-service/ImagesEPG/EventImages/69a__201__69a20120-e71e-4c92-929d-5fe6493645fc__B160043378.jpg"></icon><desc>Au coeur de la Norvège, le parc de Dovrefjell-Sunndalsfjella présente des paysages contrastés, façonnés depuis des millénaires par les éléments.</desc><category>Documentaire, Oude culturen</category></programme><programme channel="lgi-be-prod-master:artebelgique" start="20211227111500 +0000" stop="20211227115000 +0000" catchup-id="crid:~~2F~~2Ftelenet.be~~2F895880f4-6c82-41ee-a471-fb8493e2d1eb-fre,imi:745952c24ad48b5a0c63672be3041f4852a9515b"><title>Zu Tisch...</title><date></date><icon src="https://staticqbr-be-prod.tnprod.cdn.dmdsdp.com/image-service/ImagesEPG/EventImages/edd__acd__eddacd27-624b-4781-b036-d4882f954f44__B49071662.jpg"></icon><desc>En Cachoubie, au nord de la Pologne, les époux Piotr et Danuta Ptach cultivent une variété locale de fraises qui bénéficie d'une indication géographique protégée.</desc><category>Culinair</category></programme><programme channel="lgi-be-prod-master:artebelgique" start="20211227115000 +0000" stop="20211227120000 +0000" catchup-id="crid:~~2F~~2Ftelenet.be~~2Fcf68945f-9dda-4b92-8c06-8f8197daa238-fre,imi:585b05d51e6353183624dccc9b64aeb6d56f5e11"><title>Arte journal</title><date></date><icon src="https://staticqbr-be-prod.tnprod.cdn.dmdsdp.com/image-service/ImagesEPG/EventImages/f14__de0__f14de018-9dd6-491e-8f14-8ef0f728ccbd__B78363348.jpg"></icon><desc>Internationaal nieuws, geanalyseerd door een Frans-Duitse redactie.</desc><category>Actualiteit</category></programme>