<programme channel="lgi-be-prod-master:channel6" start="20211226231500 +0000" stop="20211227005000 +0000" catchup-id="crid:~~2F~~2Ftelenet.be~~2F4d11ea63-dd50-44e6-a0fa-d8ae437c3eab,imi:db81e22b8cede8b7fc24d8271860655a0a7780fa"><title>Teenage Schoolgirl Diary</title><date>2018</date><icon src="https://staticqbr-be-prod.tnprod.cdn.dmdsdp.com/image-service/ImagesEPG/EventImages/9a1__ec0__9a1ec09c-58ad-4e1d-81c2-eb74f093e551__B143741369.jpg"></icon><desc>Ze willen niet dat hun geile verlangens uit hun dagboek kenbaar worden gemaakt. Wat zouden hun ouders ervan denken als ze lezen wat voor penetraties hun dochter meemaakt op school?</desc><category>Entertainment, Erotiek</category></programme><programme channel="lgi-be-prod-master:channel6" start="20211227005000 +0000" stop="20211227022500 +0000" catchup-id="crid:~~2F~~2Ftelenet.be~~2F465e9a0f-0faa-4751-be06-7db000bedcbd,imi:9525f67a01d40f28a9256dffc37d68f136664976"><title>The Call</title><date>2020</date><icon src="https://staticqbr-be-prod.tnprod.cdn.dmdsdp.com/image-service/ImagesEPG/EventImages/5f8__56d__5f856d5e-96c0-4e9e-83e4-e5708c4eda5a__B203709797.jpg"></icon><desc>1987. Een groep vrienden uit een kleine stad trekt eropuit. Na een tragisch ongeluk belanden ze voor de deur van de woning van het echtpaar Cranston. Het blijkt een sinister koppel te zijn en wanneer de vrienden het huis betreden beseffen ze niet in welke gevaarlijke situatie ze zijn beland. Het wordt een hele opgave om de nacht te overleven.</desc><category>Film, Sciencefiction</category></programme><programme channel="lgi-be-prod-master:channel6" start="20211227022500 +0000" stop="20211227035100 +0000" catchup-id="crid:~~2F~~2Ftelenet.be~~2F2112ab94-a491-4ff4-97f6-b60d0546389e,imi:2c3a8aa15c4e68ef1284d64aadb16e2f18ca64f9"><title>The Vigil</title><date>2019</date><icon src="https://staticqbr-be-prod.tnprod.cdn.dmdsdp.com/image-service/ImagesEPG/EventImages/6b2__b18__6b2b189d-cfc9-4d68-9fa1-f417fdf075ec__B200548553.jpg"></icon><desc>De jonge Yakov heeft het financieel niet breed en om wat extra te verdienen stemt hij aarzelend toe om 's nachts de wacht te houden bij het lichaam van een recent overleden man. Dit om de ziel te vrijwaren van kwade geesten. Zelf is hij niet zo gelovig en eigenlijk wil hij de joodse gemeenschap waartoe hij behoort al een tijdje de rug toekeren, maar de nood aan een financieel extraatje is te groot. Al snel is Yakov getuige van spookachtige taferelen.</desc><category>Film, Sciencefiction</category></programme><programme channel="lgi-be-prod-master:channel6" start="20211227035100 +0000" stop="20211227200000 +0000" catchup-id="crid:~~2F~~2Ftelenet.be~~2F54b010bc-2bd3-4c54-816e-b850442e3235,imi:8ed812dc3c9d0a58c2f67f6b5215c931676143d8"><title>Onderbreking</title><date></date><icon src=""></icon><desc>Geen uitzending.</desc><category>Overig</category></programme>