<programme channel="lgi-be-prod-master:bbcprime" start="20211226233500 +0000" stop="20211227002000 +0000" catchup-id="crid:~~2F~~2Ftelenet.be~~2F2c007d39-7668-45fa-9ab4-9247fa848fba,imi:1150a27148b387d08066370647f623da00f98a7e"><title>Call the Midwife: Xmas 2014</title><date></date><icon src="https://staticqbr-be-prod.tnprod.cdn.dmdsdp.com/image-service/ImagesEPG/EventImages/808__22d__80822da0-4c30-4a84-9aa5-e436efc4b356__B169724299.jpg"></icon><desc>Part 2 of 2. The midwives head to the remote, idyllic Scottish islands of the Outer Hebrides, where the residents have a desperate need for nurses and midwives</desc><category>Dramaseries</category></programme><programme channel="lgi-be-prod-master:bbcprime" start="20211227002000 +0000" stop="20211227011000 +0000" catchup-id="crid:~~2F~~2Ftelenet.be~~2F8958337d-0ba1-4acf-8138-30f016e39ad3,imi:d59363fe14b2a5b679be34223851d1e29da20fec"><title>The Split</title><date></date><icon src="https://staticqbr-be-prod.tnprod.cdn.dmdsdp.com/image-service/ImagesEPG/EventImages/389__e89__389e8983-01bf-49ce-b75d-59bd4fb6decf__B165432087.jpg"></icon><desc>Hannah licht Ruth in over het feit dat Nathan haar verlaten heeft. Fi is woedend wanneer Richie niet op de afspraak verschijnt om de kinderen naar school te brengen. Nina spoort Zander aan de zaken uit te klaren met Tyler. Na rijp beraad spreken ze af om hun vrijgezellenavond diezelfde avond te laten doorgaan.</desc><category>Dramaseries</category></programme><programme channel="lgi-be-prod-master:bbcprime" start="20211227011000 +0000" stop="20211227024000 +0000" catchup-id="crid:~~2F~~2Ftelenet.be~~2F5aec1f41-0c82-419d-b753-553bd59bf518,imi:75b45d277d46160ef1707649ba0aa0205b1e0715"><title>The Night Manager</title><date></date><icon src="https://staticqbr-be-prod.tnprod.cdn.dmdsdp.com/image-service/ImagesEPG/EventImages/3b7__089__3b7089d5-f9a3-4bff-97ea-7cf488b3db28__B77443363.jpg"></icon><desc>2011. Ex-soldaat Jonathan Pine werkt nu als nachtwachter in het luxueuze Nefertiti Hotel in Caïro. Wanneer heel Egypte wordt gegrepen door de Arabische Lente, doet Pine zijn best om de toeristen te helpen. Dan wordt hij benaderd door de maîtresse van de eigenaar van het hotel, die hem gevoelige informatie over een wapendeal toespeelt.</desc><category>Dramaseries, Actie</category></programme><programme channel="lgi-be-prod-master:bbcprime" start="20211227024000 +0000" stop="20211227032500 +0000" catchup-id="crid:~~2F~~2Ftelenet.be~~2F40c2eb58-f474-4f28-9f5e-73396c5d1d6e,imi:1f62db87d590754d7f67e90470ab11cb8d6c765e"><title>Call the Midwife: Xmas 2014</title><date></date><icon src="https://staticqbr-be-prod.tnprod.cdn.dmdsdp.com/image-service/ImagesEPG/EventImages/808__22d__80822da0-4c30-4a84-9aa5-e436efc4b356__B169724299.jpg"></icon><desc>Part 1 of 2. The midwives head to the remote, idyllic Scottish islands of the Outer Hebrides, where the residents have a desperate need for nurses and midwives</desc><category>Dramaseries</category></programme><programme channel="lgi-be-prod-master:bbcprime" start="20211227032500 +0000" stop="20211227041000 +0000" catchup-id="crid:~~2F~~2Ftelenet.be~~2F2c007d39-7668-45fa-9ab4-9247fa848fba,imi:efcf71351e39fc3b4aaca41a15ff5708cfa03f45"><title>Call the Midwife: Xmas 2014</title><date></date><icon src="https://staticqbr-be-prod.tnprod.cdn.dmdsdp.com/image-service/ImagesEPG/EventImages/808__22d__80822da0-4c30-4a84-9aa5-e436efc4b356__B169724299.jpg"></icon><desc>Part 2 of 2. The midwives head to the remote, idyllic Scottish islands of the Outer Hebrides, where the residents have a desperate need for nurses and midwives</desc><category>Dramaseries</category></programme><programme channel="lgi-be-prod-master:bbcprime" start="20211227041000 +0000" stop="20211227050000 +0000" catchup-id="crid:~~2F~~2Ftelenet.be~~2F52c6ec78-79d8-4222-ac26-7c0ea3fa6d8e,imi:31f8bf4b8c5b51ee8a61de0a89b1076833a8dedc"><title>Antiques Roadshow</title><date></date><icon src="https://staticqbr-be-prod.tnprod.cdn.dmdsdp.com/image-service/ImagesEPG/EventImages/5e0__3c5__5e03c5f6-fc02-4eb5-a33f-02f7c3ef22f3__B48568483.jpg"></icon><desc>Het decor van deze aflevering is het statige Helmingham Hall in Suffolk, een Tudor-herenhuis dat nog over twee werkzame valbruggen beschikt. Expert Bill Harriman buigt zich onder meer over een middeleeuws zwaard dat uit een golfbaanvijver gevist werd.</desc><category>Vrije tijd, Mode</category></programme><programme channel="lgi-be-prod-master:bbcprime" start="20211227050000 +0000" stop="20211227054500 +0000" catchup-id="crid:~~2F~~2Ftelenet.be~~2F14379cda-5282-48e2-85db-130614aa3ac5,imi:7c5b7f3d49da8603ce59ee27b73bab760fea3ba2"><title>Bargain Hunt</title><date></date><icon src="https://staticqbr-be-prod.tnprod.cdn.dmdsdp.com/image-service/ImagesEPG/EventImages/e37__8e9__e378e97c-859c-46e2-9b6e-ee6433864ed8__B52383289.jpg"></icon><desc>Antiekwedstrijd waarbij twee teams van telkens twee personen onder begeleiding van een expert op een antiekmarkt op zoek gaan naar voorwerpen die met winst doorverkocht kunnen worden</desc><category>Vrije tijd, Mode</category></programme><programme channel="lgi-be-prod-master:bbcprime" start="20211227054500 +0000" stop="20211227063500 +0000" catchup-id="crid:~~2F~~2Ftelenet.be~~2F72873da5-229a-4784-b75f-3ee3e0e07829,imi:19fffafed220095893956bd53b0804d0ad32353e"><title>Call the Midwife: Xmas 2014</title><date></date><icon src="https://staticqbr-be-prod.tnprod.cdn.dmdsdp.com/image-service/ImagesEPG/EventImages/808__22d__80822da0-4c30-4a84-9aa5-e436efc4b356__B169724299.jpg"></icon><desc>De vroedvrouwen van Nonnatus House helpen zuster Julienne met de grote opening van een nieuw centrum voor geboortebeperking. Daar ontmoeten 
ze Wilma Goddens, een moeder van drie kinderen die nu oud genoeg zijn zodat ze terug aan het werk kan als kledingconsulente. Omdat ze haar 
onafhankelijkheid en zelfvertrouwen niet wil verliezen, wil ze zonder medeweten van haar echtgenoot de pil beginnen nemen. Intussen moet 
Barbara haar huwelijksfeest vervroegen zodat haar vader haar kan wegschenken, maar dat is makkelijker gezegd dan gedaan.</desc><category>Dramaseries</category></programme><programme channel="lgi-be-prod-master:bbcprime" start="20211227063500 +0000" stop="20211227073000 +0000" catchup-id="crid:~~2F~~2Ftelenet.be~~2F52c6ec78-79d8-4222-ac26-7c0ea3fa6d8e,imi:1c7d88b598df57d8ab6e685b55cc81bf25e1fec4"><title>Antiques Roadshow</title><date></date><icon src="https://staticqbr-be-prod.tnprod.cdn.dmdsdp.com/image-service/ImagesEPG/EventImages/5e0__3c5__5e03c5f6-fc02-4eb5-a33f-02f7c3ef22f3__B48568483.jpg"></icon><desc>Het decor van deze aflevering is het statige Helmingham Hall in Suffolk, een Tudor-herenhuis dat nog over twee werkzame valbruggen beschikt. Expert Bill Harriman buigt zich onder meer over een middeleeuws zwaard dat uit een golfbaanvijver gevist werd.</desc><category>Vrije tijd, Mode</category></programme><programme channel="lgi-be-prod-master:bbcprime" start="20211227073000 +0000" stop="20211227081500 +0000" catchup-id="crid:~~2F~~2Ftelenet.be~~2F2f8ac7fb-d005-4de0-a559-6bbe3229f092,imi:3f4ca9b671bfc9a8fbfe92c54559a4ca73f4a095"><title>Impossible</title><date></date><icon src="https://staticqbr-be-prod.tnprod.cdn.dmdsdp.com/image-service/ImagesEPG/EventImages/e3f__924__e3f924ad-4963-469a-ae60-05513949a310__B110111700.jpg"></icon><desc>Rick Edwards hosts a game show in which 30 recurring players compete for a daily prize of up to £1,500 and the chance to win £10,000. Every right answer takes them a step closer to a shot at that jackpot - but a single `impossible' answer knocks them out for the day</desc><category>Spelshow</category></programme><programme channel="lgi-be-prod-master:bbcprime" start="20211227081500 +0000" stop="20211227085500 +0000" catchup-id="crid:~~2F~~2Ftelenet.be~~2F1f8714b2-0def-417a-945c-db178dd68de2,imi:e2942f20832ba08adb2326be4bbd37c47cdaee93"><title>Casualty</title><date></date><icon src="https://staticqbr-be-prod.tnprod.cdn.dmdsdp.com/image-service/ImagesEPG/EventImages/bc2__03a__bc203a3f-31f2-4eb2-ba93-1b64949c92ff__B51496916.jpg"></icon><desc>Rash' leven is in gevaar wanneer hij wordt gekidnapt en naar een verlaten gebouw wordt gebracht waar de bende van Hafsa hem opwacht. Ze willen dat hij het leven van hun leider redt. Dylan ontfermt zich over een patiënte met een verleden van drankmisbruik. Hij ontdekt dat ze zonder het zelf te weten zwanger is.</desc><category>Dramaseries</category></programme><programme channel="lgi-be-prod-master:bbcprime" start="20211227085500 +0000" stop="20211227094000 +0000" catchup-id="crid:~~2F~~2Ftelenet.be~~2F73a19b2c-ab70-420e-8a5c-3bd8937ceb27,imi:109c30571a34798da9528ac81c151df11b0f7766"><title>Father Brown</title><date></date><icon src="https://staticqbr-be-prod.tnprod.cdn.dmdsdp.com/image-service/ImagesEPG/EventImages/922__27f__92227fa2-3896-4cc2-bcf6-c4e7e7fce3bc__B68998987.jpg"></icon><desc>Wanneer de woning van Lady Felicia in het gedrang komt, voelt Father Brown zich genoodzaakt om de hulp in te schakelen van een onvermoede bondgenoot.</desc><category>Dramaseries, Actie</category></programme><programme channel="lgi-be-prod-master:bbcprime" start="20211227094000 +0000" stop="20211227102500 +0000" catchup-id="crid:~~2F~~2Ftelenet.be~~2F14379cda-5282-48e2-85db-130614aa3ac5,imi:3a0ba6a240f3111a6917a274be98f18151ce2597"><title>Bargain Hunt</title><date></date><icon src="https://staticqbr-be-prod.tnprod.cdn.dmdsdp.com/image-service/ImagesEPG/EventImages/e37__8e9__e378e97c-859c-46e2-9b6e-ee6433864ed8__B52383289.jpg"></icon><desc>Antiekwedstrijd waarbij twee teams van telkens twee personen onder begeleiding van een expert op een antiekmarkt op zoek gaan naar voorwerpen die met winst doorverkocht kunnen worden</desc><category>Vrije tijd, Mode</category></programme><programme channel="lgi-be-prod-master:bbcprime" start="20211227102500 +0000" stop="20211227111500 +0000" catchup-id="crid:~~2F~~2Ftelenet.be~~2F52c6ec78-79d8-4222-ac26-7c0ea3fa6d8e,imi:41f8f392ab25ee2a904bb433572e92471dea1adf"><title>Antiques Roadshow</title><date></date><icon src="https://staticqbr-be-prod.tnprod.cdn.dmdsdp.com/image-service/ImagesEPG/EventImages/5e0__3c5__5e03c5f6-fc02-4eb5-a33f-02f7c3ef22f3__B48568483.jpg"></icon><desc>Het decor van deze aflevering is het statige Helmingham Hall in Suffolk, een Tudor-herenhuis dat nog over twee werkzame valbruggen beschikt. Expert Bill Harriman buigt zich onder meer over een middeleeuws zwaard dat uit een golfbaanvijver gevist werd.</desc><category>Vrije tijd, Mode</category></programme><programme channel="lgi-be-prod-master:bbcprime" start="20211227111500 +0000" stop="20211227121000 +0000" catchup-id="crid:~~2F~~2Ftelenet.be~~2F72873da5-229a-4784-b75f-3ee3e0e07829,imi:9c150851ec756e9b451bf1aa3157991fed727d99"><title>Call the Midwife: Xmas 2014</title><date></date><icon src="https://staticqbr-be-prod.tnprod.cdn.dmdsdp.com/image-service/ImagesEPG/EventImages/808__22d__80822da0-4c30-4a84-9aa5-e436efc4b356__B169724299.jpg"></icon><desc>De vroedvrouwen van Nonnatus House helpen zuster Julienne met de grote opening van een nieuw centrum voor geboortebeperking. Daar ontmoeten 
ze Wilma Goddens, een moeder van drie kinderen die nu oud genoeg zijn zodat ze terug aan het werk kan als kledingconsulente. Omdat ze haar 
onafhankelijkheid en zelfvertrouwen niet wil verliezen, wil ze zonder medeweten van haar echtgenoot de pil beginnen nemen. Intussen moet 
Barbara haar huwelijksfeest vervroegen zodat haar vader haar kan wegschenken, maar dat is makkelijker gezegd dan gedaan.</desc><category>Dramaseries</category></programme>