<programme channel="lgi-be-prod-master:xite" start="20211226230000 +0000" stop="20211227050000 +0000" catchup-id="crid:~~2F~~2Ftelenet.be~~2F8a2c5109-657e-47df-832c-ea091cb403aa,imi:4656a491ea9cb3d41511203563f53e16b28fb2e4"><title>Geen programmagegevens beschikbaar</title><date></date><icon src=""></icon><desc>Geen programmagegevens beschikbaar.</desc><category>Overig</category></programme><programme channel="lgi-be-prod-master:xite" start="20211227050000 +0000" stop="20211228050000 +0000" catchup-id="crid:~~2F~~2Ftelenet.be~~2Facceb78a-6f8f-4205-8f78-976f1076450f,imi:cd27bfb2de9f0308746dc3a8e71e7a26a1ca1bc9"><title>Geen programmagegevens beschikbaar</title><date></date><icon src=""></icon><desc>Geen programmagegevens beschikbaar.</desc><category>Overig</category></programme>