{"A":{"ALACARTE":{"channels":{"lgi-nl-prod-master:NL_000214_020004":1},"startl":"1666219500","starth":"1666219500","title":"A la carte","icon":"https:\/\/staticqbr-nl-prod.prod.cdn.dmdsdp.com\/image-service\/ImagesEPG\/EventImages\/p19302170_b_v11_aa.jpg"},"ATOUCHOFL":{"channels":{"lgi-nl-prod-master:NL_000053_019653":1},"startl":"1666219800","starth":"1666219800","title":"A Touch Of L...","icon":"https:\/\/staticqbr-nl-prod.prod.cdn.dmdsdp.com\/image-service\/ImagesEPG\/EventImages\/g40_v8_ab.jpg"},"AKINCI":{"channels":{"lgi-nl-prod-master:NL_000163_019272":1},"startl":"1666218000","starth":"1666218000","title":"Akinci","icon":"https:\/\/staticqbr-nl-prod.prod.cdn.dmdsdp.com\/image-service\/ImagesEPG\/EventImages\/p18423611_st_v8_aa.jpg"},"ALLNIGHT":{"channels":{"lgi-nl-prod-master:NL_000025_019708":1},"startl":"1666216800","starth":"1666216800","title":"All Night","icon":"https:\/\/staticqbr-nl-prod.prod.cdn.dmdsdp.com\/image-service\/ImagesEPG\/EventImages\/p15827533_b_v11_ab.jpg"},"AMIABOYORGIRL":{"channels":{"lgi-nl-prod-master:NL_000064_019275":1},"startl":"1666220100","starth":"1666220100","title":"Am I a Boy or Girl","icon":"https:\/\/staticqbr-nl-prod.prod.cdn.dmdsdp.com\/image-service\/ImagesEPG\/EventImages\/p12157011_b_v8_aa.jpg"},"AMERICASFUNNIESTHOMEVIDEOSANIMALEDITION":{"channels":{"lgi-nl-prod-master:NL_000077_019706":1},"startl":"1666216860","starth":"1666216860","title":"America's Funniest Home Videos: Animal Edition","icon":"https:\/\/staticqbr-nl-prod.prod.cdn.dmdsdp.com\/image-service\/ImagesEPG\/EventImages\/p21951999_b_v12_aa.jpg"},"ARAMIZDAKALSIN":{"channels":{"lgi-nl-prod-master:NL_000158_019266":1},"startl":"1666218600","starth":"1666218600","title":"Aramizda Kalsin","icon":"https:\/\/staticqbr-nl-prod.prod.cdn.dmdsdp.com\/image-service\/ImagesEPG\/EventImages\/p12202821_st_v8_aa.jpg"},"ASIABUSINESSREPORT":{"channels":{"lgi-nl-prod-master:NL_000116_019005":1},"startl":"1666218600","starth":"1666218600","title":"Asia Business Report","icon":"https:\/\/staticqbr-nl-prod.prod.cdn.dmdsdp.com\/image-service\/ImagesEPG\/EventImages\/p576711_b_v11_ac.jpg"},"ATPTENNIS":{"channels":{"lgi-nl-prod-master:NL_000094_019321":1,"lgi-nl-prod-master:NL_000014_019661":1},"startl":"1666216800","starth":"1666216800","title":"ATP Tennis","icon":"https:\/\/staticqbr-nl-prod.prod.cdn.dmdsdp.com\/image-service\/ImagesEPG\/EventImages\/p554508_b_v12_bb.jpg"},"AVATARTHELASTAIRBENDER":{"channels":{"lgi-nl-prod-master:NL_000212_020042":1},"startl":"1666217760","starth":"1666219080","title":"Avatar: The Last Airbender","icon":"https:\/\/staticqbr-nl-prod.prod.cdn.dmdsdp.com\/image-service\/ImagesEPG\/EventImages\/p8655124_b_v8_aa.jpg"}},"B":{"BARGAINHUNT":{"channels":{"lgi-nl-prod-master:NL_000044_019491":1},"startl":"1666219200","starth":"1666219200","title":"Bargain Hunt","icon":"https:\/\/staticqbr-nl-prod.prod.cdn.dmdsdp.com\/image-service\/ImagesEPG\/EventImages\/p14100478_b_v8_aa.jpg"},"BASSIEENADRIAANHETGEHEIMVANDESLEUTEL":{"channels":{"lgi-nl-prod-master:NL_000093_019299":1},"startl":"1666218000","starth":"1666219500","title":"Bassie en Adriaan: Het Geheim van de Sleutel","icon":"https:\/\/staticqbr-nl-prod.prod.cdn.dmdsdp.com\/image-service\/ImagesEPG\/EventImages\/p18752766_b_v7_aa.jpg"},"BEETHOVENFIDELIOOP72":{"channels":{"lgi-nl-prod-master:NL_000129_020044":1},"startl":"1666216800","starth":"1666216800","title":"Beethoven - Fidelio, Op. 72","icon":"https:\/\/staticqbr-nl-prod.prod.cdn.dmdsdp.com\/image-service\/ImagesEPG\/EventImages\/p18061495_b_v11_aa.jpg"},"BEFORETHEYWERESUPERSTARS":{"channels":{"lgi-nl-prod-master:NL_000103_019581":1},"startl":"1666216800","starth":"1666218600","title":"Before They Were Superstars","icon":"https:\/\/staticqbr-nl-prod.prod.cdn.dmdsdp.com\/image-service\/ImagesEPG\/EventImages\/p22441127_b_v8_aa.jpg"},"BERNARDHAITINKDEMYSTERIEUZEMAESTRO":{"channels":{"lgi-nl-prod-master:NL_000080_019484":1},"startl":"1666217100","starth":"1666217100","title":"Bernard Haitink - De mysterieuze Maestro","icon":"https:\/\/staticqbr-nl-prod.prod.cdn.dmdsdp.com\/image-service\/ImagesEPG\/EventImages\/p18820825_b_v8_ae.jpg"},"BIJOOSTVANDAAG":{"channels":{"lgi-nl-prod-master:NL_000139_019592":1},"startl":"1666216800","starth":"1666216800","title":"Bij Oost \/ Vandaag","icon":"https:\/\/staticqbr-nl-prod.prod.cdn.dmdsdp.com\/image-service\/ImagesEPG\/EventImages\/p19459854_b_v8_ab.jpg"},"BOTRAIMERDIA":{"channels":{"lgi-nl-prod-master:NL_000049_019514":1},"startl":"1666218600","starth":"1666218600","title":"Bo Trai Merdia","icon":"https:\/\/staticqbr-nl-prod.prod.cdn.dmdsdp.com\/image-service\/ImagesEPG\/EventImages\/p8920006_b_v7_aa.jpg"},"BODYSOULSPIRITUALSPORTS":{"channels":{"lgi-nl-prod-master:NL_000068_020055":1},"startl":"1666216800","starth":"1666216800","title":"Body & Soul: Spiritual Sports","icon":"https:\/\/staticqbr-nl-prod.prod.cdn.dmdsdp.com\/image-service\/ImagesEPG\/EventImages\/p13230519_b_v8_ah.jpg"},"BRABANTNIEUWS":{"channels":{"lgi-nl-prod-master:NL_000147_019593":1},"startl":"1666218600","starth":"1666218600","title":"Brabant Nieuws","icon":"https:\/\/staticqbr-nl-prod.prod.cdn.dmdsdp.com\/image-service\/ImagesEPG\/EventImages\/p17679355_b_v8_ar.jpg"},"BRABANTVANDAAG":{"channels":{"lgi-nl-prod-master:NL_000147_019593":1},"startl":"1666219320","starth":"1666219320","title":"Brabant Vandaag","icon":"https:\/\/staticqbr-nl-prod.prod.cdn.dmdsdp.com\/image-service\/ImagesEPG\/EventImages\/p19686141_b_v8_ab.jpg"},"BRABANTQUIZ":{"channels":{"lgi-nl-prod-master:NL_000147_019593":1},"startl":"1666219740","starth":"1666219740","title":"BrabantQuiz","icon":"https:\/\/staticqbr-nl-prod.prod.cdn.dmdsdp.com\/image-service\/ImagesEPG\/EventImages\/p17679610_b_v8_aa.jpg"},"BRABANTSBUSKE":{"channels":{"lgi-nl-prod-master:NL_000147_019593":1},"startl":"1666217700","starth":"1666217700","title":"Brabants Buske","icon":"https:\/\/staticqbr-nl-prod.prod.cdn.dmdsdp.com\/image-service\/ImagesEPG\/EventImages\/p17679830_b_v12_aa.jpg"},"BUREAUHENGEVELD":{"channels":{"lgi-nl-prod-master:NL_000143_019207":1},"startl":"1666217700","starth":"1666217700","title":"Bureau Hengeveld","icon":"https:\/\/staticqbr-nl-prod.prod.cdn.dmdsdp.com\/image-service\/ImagesEPG\/EventImages\/p18590604_b_v8_ab.jpg"}},"C":{"CANVASLUS":{"channels":{"lgi-nl-prod-master:NL_000032_019226":1},"startl":"1666219500","starth":"1666219500","title":"Canvaslus","icon":"https:\/\/staticqbr-nl-prod.prod.cdn.dmdsdp.com\/image-service\/ImagesEPG\/EventImages\/p16949545_b_v12_aa.jpg"},"COMEDYCENTRALROASTS":{"channels":{"lgi-nl-prod-master:NL_000059_019252":1},"startl":"1666217700","starth":"1666220100","title":"Comedy Central Roasts","icon":"https:\/\/staticqbr-nl-prod.prod.cdn.dmdsdp.com\/image-service\/ImagesEPG\/EventImages\/p16118531_b_v12_aa.jpg"},"CONFESSIONSOFASINNER":{"channels":{"lgi-nl-prod-master:NL_000213_020003":1},"startl":"1666218600","starth":"1666218600","title":"Confessions Of A Sinner","icon":"https:\/\/staticqbr-nl-prod.prod.cdn.dmdsdp.com\/image-service\/ImagesEPG\/EventImages\/p18954054_st_v8_aa.jpg"},"CORONER":{"channels":{"lgi-nl-prod-master:NL_000009_019024":1},"startl":"1666219500","starth":"1666219500","title":"Coroner","icon":"https:\/\/staticqbr-nl-prod.prod.cdn.dmdsdp.com\/image-service\/ImagesEPG\/EventImages\/p21349905_b_v12_aa.jpg"},"CRIMEPATROL20":{"channels":{"lgi-nl-prod-master:NL_000155_020073":1},"startl":"1666216800","starth":"1666216800","title":"Crime Patrol 2.0","icon":"https:\/\/staticqbr-nl-prod.prod.cdn.dmdsdp.com\/image-service\/ImagesEPG\/EventImages\/p21745341_b_v8_ab.jpg"},"CRIMESTORIES":{"channels":{"lgi-nl-prod-master:NL_000056_019483":1},"startl":"1666217100","starth":"1666217100","title":"Crime Stories","icon":"https:\/\/staticqbr-nl-prod.prod.cdn.dmdsdp.com\/image-service\/ImagesEPG\/EventImages\/p223379_b_v8_aa.jpg"},"CULINAIRTHAILAND":{"channels":{"lgi-nl-prod-master:NL_000214_020004":1},"startl":"1666218000","starth":"1666218000","title":"Culinair Thailand","icon":"https:\/\/staticqbr-nl-prod.prod.cdn.dmdsdp.com\/image-service\/ImagesEPG\/EventImages\/p19312074_b_v8_ad.jpg"}},"D":{"DAGELIJKSEKOST":{"channels":{"lgi-nl-prod-master:NL_000031_019362":1},"startl":"1666218600","starth":"1666218600","title":"Dagelijkse kost","icon":"https:\/\/staticqbr-nl-prod.prod.cdn.dmdsdp.com\/image-service\/ImagesEPG\/EventImages\/p22781190_b_v8_aa.jpg"},"DANGERFORCE":{"channels":{"lgi-nl-prod-master:NL_000029_019046":1},"startl":"1666220100","starth":"1666220100","title":"Danger Force","icon":"https:\/\/staticqbr-nl-prod.prod.cdn.dmdsdp.com\/image-service\/ImagesEPG\/EventImages\/p18027199_b_v12_aa.jpg"},"DCIBANKS":{"channels":{"lgi-nl-prod-master:NL_000022_019328":1},"startl":"1666218900","starth":"1666218900","title":"DCI Banks","icon":"https:\/\/staticqbr-nl-prod.prod.cdn.dmdsdp.com\/image-service\/ImagesEPG\/EventImages\/p11531131_b_v7_aa.jpg"},"DEAFSLUITDIJK32VERHALEN":{"channels":{"lgi-nl-prod-master:NL_000142_019211":1},"startl":"1666217280","starth":"1666219080","title":"De Afsluitdijk 32 verhalen","icon":"https:\/\/staticqbr-nl-prod.prod.cdn.dmdsdp.com\/image-service\/ImagesEPG\/EventImages\/p18645502_b_v8_ab.jpg"},"DEAVONDSHOWMETARJENLUBACH":{"channels":{"lgi-nl-prod-master:NL_000001_019401":1},"startl":"1666217640","starth":"1666217640","title":"De Avondshow met Arjen Lubach","icon":"https:\/\/staticqbr-nl-prod.prod.cdn.dmdsdp.com\/image-service\/ImagesEPG\/EventImages\/p22968803_b_v12_aa.jpg"},"DEAVONTURENVANPADDINGTON":{"channels":{"lgi-nl-prod-master:NL_000087_019303":1},"startl":"1666217100","starth":"1666217100","title":"De avonturen van Paddington","icon":"https:\/\/staticqbr-nl-prod.prod.cdn.dmdsdp.com\/image-service\/ImagesEPG\/EventImages\/p17645398_b_v12_ac.jpg"},"DEBODYGUARD":{"channels":{"lgi-nl-prod-master:NL_000003_019405":1},"startl":"1666218660","starth":"1666218660","title":"De Bodyguard","icon":"https:\/\/staticqbr-nl-prod.prod.cdn.dmdsdp.com\/image-service\/ImagesEPG\/EventImages\/p22723762_b_v11_ab.jpg"},"DEFAMILIEBARBAPAPA":{"channels":{"lgi-nl-prod-master:NL_000087_019303":1},"startl":"1666218600","starth":"1666218600","title":"De familie Barbapapa","icon":"https:\/\/staticqbr-nl-prod.prod.cdn.dmdsdp.com\/image-service\/ImagesEPG\/EventImages\/p13229513_b_v8_an.jpg"},"DETHUNDERMANS":{"channels":{"lgi-nl-prod-master:NL_000029_019046":1},"startl":"1666217400","starth":"1666218600","title":"De Thundermans","icon":"https:\/\/staticqbr-nl-prod.prod.cdn.dmdsdp.com\/image-service\/ImagesEPG\/EventImages\/p10259786_b_v12_bi.jpg"},"DEWONDERLIJKEWERELDVANGUMBALL":{"channels":{"lgi-nl-prod-master:NL_000088_019251":1},"startl":"1666216800","starth":"1666219800","title":"De wonderlijke wereld van Gumball","icon":"https:\/\/staticqbr-nl-prod.prod.cdn.dmdsdp.com\/image-service\/ImagesEPG\/EventImages\/p12630964_b_v8_ab.jpg"},"DEADLIESTCATCH":{"channels":{"lgi-nl-prod-master:NL_000017_019222":1},"startl":"1666218600","starth":"1666218600","title":"Deadliest Catch","icon":"https:\/\/staticqbr-nl-prod.prod.cdn.dmdsdp.com\/image-service\/ImagesEPG\/EventImages\/p18184155_b_v12_aa.jpg"},"DFBPOKAL":{"channels":{"lgi-nl-prod-master:NL_000095_019371":1},"startl":"1666217400","starth":"1666217400","title":"DFB-Pokal","icon":"https:\/\/staticqbr-nl-prod.prod.cdn.dmdsdp.com\/image-service\/ImagesEPG\/EventImages\/p22335979_tb2_v12_ae.jpg"},"DIESCHWALBENVONKABUL":{"channels":{"lgi-nl-prod-master:NL_000046_020053":1},"startl":"1666217400","starth":"1666217400","title":"Die Schwalben von Kabul","icon":"https:\/\/staticqbr-nl-prod.prod.cdn.dmdsdp.com\/image-service\/ImagesEPG\/EventImages\/p16971020_b_v11_ad.jpg"},"DISCOVERYGOLF":{"channels":{"lgi-nl-prod-master:NL_000020_019432":1},"startl":"1666216800","starth":"1666216800","title":"Discovery Golf","icon":"https:\/\/staticqbr-nl-prod.prod.cdn.dmdsdp.com\/image-service\/ImagesEPG\/EventImages\/p21413414_b_v12_aa.jpg"},"DITISFLEVOLANDNIEUWS":{"channels":{"lgi-nl-prod-master:NL_000141_019209":1},"startl":"1666216800","starth":"1666219500","title":"Dit is Flevoland nieuws","icon":"https:\/\/staticqbr-nl-prod.prod.cdn.dmdsdp.com\/image-service\/ImagesEPG\/EventImages\/p18597369_b_v8_aa.jpg"},"DJAMMEN":{"channels":{"lgi-nl-prod-master:NL_000138_019591":1},"startl":"1666217580","starth":"1666219620","title":"Djammen","icon":"https:\/\/staticqbr-nl-prod.prod.cdn.dmdsdp.com\/image-service\/ImagesEPG\/EventImages\/p18606364_b_v8_ab.jpg"},"DOOSARIMAA":{"channels":{"lgi-nl-prod-master:NL_000152_020077":1},"startl":"1666218600","starth":"1666218600","title":"Doosari Maa","icon":"https:\/\/staticqbr-nl-prod.prod.cdn.dmdsdp.com\/image-service\/ImagesEPG\/EventImages\/p22946556_b_v8_aa.jpg"},"DRENTHENU":{"channels":{"lgi-nl-prod-master:NL_000138_019591":1},"startl":"1666216800","starth":"1666218840","title":"Drenthe nu","icon":"https:\/\/staticqbr-nl-prod.prod.cdn.dmdsdp.com\/image-service\/ImagesEPG\/EventImages\/p18606393_b_v8_ab.jpg"},"DROMIGENACHTEN":{"channels":{"lgi-nl-prod-master:NL_000091_019490":1},"startl":"1666216800","starth":"1666218600","title":"Dromige Nachten","icon":"https:\/\/staticqbr-nl-prod.prod.cdn.dmdsdp.com\/image-service\/ImagesEPG\/EventImages\/p8104316_b_v8_al.jpg"}},"E":{"ELEMENTARY":{"channels":{"lgi-nl-prod-master:NL_000016_019388":1},"startl":"1666217700","starth":"1666217700","title":"Elementary","icon":"https:\/\/staticqbr-nl-prod.prod.cdn.dmdsdp.com\/image-service\/ImagesEPG\/EventImages\/p13012655_b_v8_aa.jpg"},"ER":{"channels":{"lgi-nl-prod-master:NL_000010_019422":1},"startl":"1666218000","starth":"1666218000","title":"ER","icon":"https:\/\/staticqbr-nl-prod.prod.cdn.dmdsdp.com\/image-service\/ImagesEPG\/EventImages\/p7891881_b_v12_aa.jpg"},"ESPNINALLESTATEN":{"channels":{"lgi-nl-prod-master:NL_000011_019563":1,"lgi-nl-prod-master:NL_000107_019441":1},"startl":"1666216800","starth":"1666216800","title":"ESPN In alle staten","icon":"https:\/\/staticqbr-nl-prod.prod.cdn.dmdsdp.com\/image-service\/ImagesEPG\/EventImages\/p22600657_b_v11_aa.jpg"},"EUROMILLIONSWINSTVERDELING":{"channels":{"lgi-nl-prod-master:NL_000031_019362":1},"startl":"1666218480","starth":"1666218480","title":"Euromillions winstverdeling","icon":"https:\/\/staticqbr-nl-prod.prod.cdn.dmdsdp.com\/image-service\/ImagesEPG\/EventImages\/p22958597_b_v8_aa.jpg"}},"F":{"FFPARTIES":{"channels":{"lgi-nl-prod-master:NL_000067_020024":1},"startl":"1666220100","starth":"1666220100","title":"F F Parties","icon":"https:\/\/staticqbr-nl-prod.prod.cdn.dmdsdp.com\/image-service\/ImagesEPG\/EventImages\/p9472609_b_v12_aa.jpg"},"FIRSTDATES":{"channels":{"lgi-nl-prod-master:NL_000063_019307":1},"startl":"1666218000","starth":"1666218000","title":"First Dates","icon":"https:\/\/staticqbr-nl-prod.prod.cdn.dmdsdp.com\/image-service\/ImagesEPG\/EventImages\/p21431670_b_v12_ab.jpg"},"FONDATIONSINGERPOLIGNACJUSTINTAYLORETSOPHIEDEBARDONNECHE":{"channels":{"lgi-nl-prod-master:NL_000130_019274":1},"startl":"1666217100","starth":"1666217100","title":"Fondation Singer Polignac : Justin Taylor et Sophie de Bardonn\u00e8che","icon":"https:\/\/staticqbr-nl-prod.prod.cdn.dmdsdp.com\/image-service\/ImagesEPG\/EventImages\/p19903690_i_v12_aa.jpg"},"FRYSLANHJOED":{"channels":{"lgi-nl-prod-master:NL_000137_019214":1},"startl":"1666216800","starth":"1666218600","title":"Frysl\u00e2n Hjoed","icon":"https:\/\/staticqbr-nl-prod.prod.cdn.dmdsdp.com\/image-service\/ImagesEPG\/EventImages\/p18762979_b_v11_ac.jpg"},"FUORIDALCORO":{"channels":{"lgi-nl-prod-master:NL_000048_020052":1},"startl":"1666220160","starth":"1666220160","title":"Fuori dal coro","icon":"https:\/\/staticqbr-nl-prod.prod.cdn.dmdsdp.com\/image-service\/ImagesEPG\/EventImages\/p15951361_b_v12_ab.jpg"}},"G":{"GISTERENGEMIST":{"channels":{"lgi-nl-prod-master:NL_000140_019594":1},"startl":"1666216800","starth":"1666216800","title":"Gisteren gemist?","icon":"https:\/\/staticqbr-nl-prod.prod.cdn.dmdsdp.com\/image-service\/ImagesEPG\/EventImages\/p18590380_b_v8_ab.jpg"},"GLURENBIJDEBUREN":{"channels":{"lgi-nl-prod-master:NL_000145_019208":1},"startl":"1666219800","starth":"1666219800","title":"Gluren bij de buren","icon":"https:\/\/staticqbr-nl-prod.prod.cdn.dmdsdp.com\/image-service\/ImagesEPG\/EventImages\/p21240826_b_v8_aa.jpg"},"GORDONRAMSAYUNCHARTED":{"channels":{"lgi-nl-prod-master:NL_000024_019701":1},"startl":"1666216800","starth":"1666216800","title":"Gordon Ramsay: Uncharted","icon":"https:\/\/staticqbr-nl-prod.prod.cdn.dmdsdp.com\/image-service\/ImagesEPG\/EventImages\/p18260922_b_v11_ac.jpg"},"GRAVEMYSTERIES":{"channels":{"lgi-nl-prod-master:NL_000058_019381":1},"startl":"1666216800","starth":"1666216800","title":"Grave Mysteries","icon":"https:\/\/staticqbr-nl-prod.prod.cdn.dmdsdp.com\/image-service\/ImagesEPG\/EventImages\/p14358158_b_v8_ab.jpg"},"GRIZZYENDELEMMINGS":{"channels":{"lgi-nl-prod-master:NL_000090_019492":1},"startl":"1666216800","starth":"1666219200","title":"Grizzy en de Lemmings","icon":"https:\/\/staticqbr-nl-prod.prod.cdn.dmdsdp.com\/image-service\/ImagesEPG\/EventImages\/p13330563_b_v8_ae.jpg"}},"H":{"HAAGSEPOLITIEK":{"channels":{"lgi-nl-prod-master:NL_000114_019151":1},"startl":"1666216800","starth":"1666216800","title":"Haagse politiek","icon":"https:\/\/staticqbr-nl-prod.prod.cdn.dmdsdp.com\/image-service\/ImagesEPG\/EventImages\/p18965633_b_v11_ab.jpg"},"HABERTURKGUNDEM":{"channels":{"lgi-nl-prod-master:NL_000159_019273":1},"startl":"1666216800","starth":"1666216800","title":"Haberturk Gundem","icon":"https:\/\/staticqbr-nl-prod.prod.cdn.dmdsdp.com\/image-service\/ImagesEPG\/EventImages\/p18618681_st_v8_aa.jpg"},"HATESTORY3":{"channels":{"lgi-nl-prod-master:NL_000151_020074":1},"startl":"1666219800","starth":"1666219800","title":"Hate Story 3","icon":"https:\/\/staticqbr-nl-prod.prod.cdn.dmdsdp.com\/image-service\/ImagesEPG\/EventImages\/p12579828_v_v8_ab.jpg"},"HEA":{"channels":{"lgi-nl-prod-master:NL_000137_019214":1},"startl":"1666217700","starth":"1666219500","title":"Hea!","icon":"https:\/\/staticqbr-nl-prod.prod.cdn.dmdsdp.com\/image-service\/ImagesEPG\/EventImages\/p18769661_b_v11_ab.jpg"},"HIDDENWONDERSOFEUROPE":{"channels":{"lgi-nl-prod-master:NL_000077_019706":1},"startl":"1666219920","starth":"1666219920","title":"Hidden Wonders of Europe","icon":"https:\/\/staticqbr-nl-prod.prod.cdn.dmdsdp.com\/image-service\/ImagesEPG\/EventImages\/p21201568_b_v8_af.jpg"},"HITPARADE":{"channels":{"lgi-nl-prod-master:NL_000127_019295":1},"startl":"1666216800","starth":"1666216800","title":"Hit Parade","icon":"https:\/\/staticqbr-nl-prod.prod.cdn.dmdsdp.com\/image-service\/ImagesEPG\/EventImages\/p21309633_b_v8_ab.jpg"},"HOOTENTHELADY":{"channels":{"lgi-nl-prod-master:NL_000019_019671":1},"startl":"1666218000","starth":"1666218000","title":"Hooten & The Lady","icon":"https:\/\/staticqbr-nl-prod.prod.cdn.dmdsdp.com\/image-service\/ImagesEPG\/EventImages\/p13222938_b_v8_ab.jpg"},"HOWIMETYOURMOTHER":{"channels":{"lgi-nl-prod-master:NL_000015_019166":1},"startl":"1666217100","starth":"1666217100","title":"How I Met Your Mother","icon":"https:\/\/staticqbr-nl-prod.prod.cdn.dmdsdp.com\/image-service\/ImagesEPG\/EventImages\/p7896154_b_v12_ak.jpg"},"HUBBLESAMAZINGUNIVERSE":{"channels":{"lgi-nl-prod-master:NL_000018_019221":1},"startl":"1666216800","starth":"1666216800","title":"Hubble's Amazing Universe","icon":"https:\/\/staticqbr-nl-prod.prod.cdn.dmdsdp.com\/image-service\/ImagesEPG\/EventImages\/p246329_b_v8_av.jpg"},"HUMSAATHSAATHHAIN":{"channels":{"lgi-nl-prod-master:NL_000153_020076":1},"startl":"1666219200","starth":"1666219200","title":"Hum Saath Saath Hain","icon":"https:\/\/staticqbr-nl-prod.prod.cdn.dmdsdp.com\/image-service\/ImagesEPG\/EventImages\/p68519_v_v8_aa.jpg"}},"I":{"IEDEREENBEROEMD":{"channels":{"lgi-nl-prod-master:NL_000031_019362":1},"startl":"1666219500","starth":"1666219500","title":"Iedereen Beroemd","icon":"https:\/\/staticqbr-nl-prod.prod.cdn.dmdsdp.com\/image-service\/ImagesEPG\/EventImages\/p21325986_b_v8_ab.jpg"},"IKELVISRIBOLDI":{"channels":{"lgi-nl-prod-master:NL_000027_019330":1},"startl":"1666217340","starth":"1666218000","title":"Ik, Elvis Riboldi","icon":"https:\/\/staticqbr-nl-prod.prod.cdn.dmdsdp.com\/image-service\/ImagesEPG\/EventImages\/p17995169_b_v12_af.jpg"},"ITWAAR":{"channels":{"lgi-nl-prod-master:NL_000137_019214":1},"startl":"1666217400","starth":"1666219200","title":"It Waar","icon":"https:\/\/staticqbr-nl-prod.prod.cdn.dmdsdp.com\/image-service\/ImagesEPG\/EventImages\/p18769685_b_v11_ai.jpg"}},"J":{"JACKIRISH":{"channels":{"lgi-nl-prod-master:NL_000030_019152":1},"startl":"1666216980","starth":"1666216980","title":"Jack Irish","icon":"https:\/\/staticqbr-nl-prod.prod.cdn.dmdsdp.com\/image-service\/ImagesEPG\/EventImages\/p15692645_b_v8_aa.jpg"},"JOSEPHPRINCE":{"channels":{"lgi-nl-prod-master:NL_000081_020051":1},"startl":"1666216800","starth":"1666216800","title":"Joseph Prince","icon":"https:\/\/staticqbr-nl-prod.prod.cdn.dmdsdp.com\/image-service\/ImagesEPG\/EventImages\/p251659_b_v8_ac.jpg"},"JURASSICWORLDDOMINIONEXTRAS":{"channels":{"lgi-nl-prod-master:NL_000013_019327":1},"startl":"1666218000","starth":"1666218000","title":"Jurassic World Dominion: Extras","icon":"https:\/\/staticqbr-nl-prod.prod.cdn.dmdsdp.com\/image-service\/ImagesEPG\/EventImages\/p22959413_b_v8_aa.jpg"}},"K":{"KEEPINGUPAPPEARANCES":{"channels":{"lgi-nl-prod-master:NL_000044_019491":1},"startl":"1666217400","starth":"1666217400","title":"Keeping Up Appearances","icon":"https:\/\/staticqbr-nl-prod.prod.cdn.dmdsdp.com\/image-service\/ImagesEPG\/EventImages\/p8647996_b_v8_aa.jpg"},"KENO":{"channels":{"lgi-nl-prod-master:NL_000031_019362":1},"startl":"1666218420","starth":"1666218420","title":"Keno","icon":"https:\/\/staticqbr-nl-prod.prod.cdn.dmdsdp.com\/image-service\/ImagesEPG\/EventImages\/p21260603_b_v11_aa.jpg"},"KILLERBODY":{"channels":{"lgi-nl-prod-master:NL_000213_020003":1},"startl":"1666220100","starth":"1666220100","title":"Killer Body","icon":"https:\/\/staticqbr-nl-prod.prod.cdn.dmdsdp.com\/image-service\/ImagesEPG\/EventImages\/p16367606_v_v8_af.jpg"},"KILLERKIDS":{"channels":{"lgi-nl-prod-master:NL_000057_019493":1},"startl":"1666219200","starth":"1666219200","title":"Killer Kids","icon":"https:\/\/staticqbr-nl-prod.prod.cdn.dmdsdp.com\/image-service\/ImagesEPG\/EventImages\/p12057139_b_v11_ad.jpg"},"KLOUK":{"channels":{"lgi-nl-prod-master:NL_000136_019583":1},"startl":"1666218360","starth":"1666220160","title":"Klouk","icon":"https:\/\/staticqbr-nl-prod.prod.cdn.dmdsdp.com\/image-service\/ImagesEPG\/EventImages\/p18792569_b_v8_ab.jpg"}},"L":{"LAMPUT":{"channels":{"lgi-nl-prod-master:NL_000090_019492":1},"startl":"1666219500","starth":"1666219500","title":"Lamput","icon":"https:\/\/staticqbr-nl-prod.prod.cdn.dmdsdp.com\/image-service\/ImagesEPG\/EventImages\/p17969246_b_v8_aa.jpg"},"LASTMANSTANDING":{"channels":{"lgi-nl-prod-master:NL_000015_019166":1},"startl":"1666218900","starth":"1666218900","title":"Last Man Standing","icon":"https:\/\/staticqbr-nl-prod.prod.cdn.dmdsdp.com\/image-service\/ImagesEPG\/EventImages\/p8679132_b_v12_at.jpg"},"LATEEDITION":{"channels":{"lgi-nl-prod-master:NL_000117_019351":1},"startl":"1666216800","starth":"1666219500","title":"Late Edition","icon":"https:\/\/staticqbr-nl-prod.prod.cdn.dmdsdp.com\/image-service\/ImagesEPG\/EventImages\/p12996862_b_v8_aa.jpg"}},"M":{"MATTHIASTANZMANNARENELEROMANEBUCHARESTROMANIA":{"channels":{"lgi-nl-prod-master:NL_000124_019487":1},"startl":"1666217280","starth":"1666217280","title":"Matthias Tanzmann: Arenele Romane - Bucharest (Romania)","icon":""},"MENAJLEBNI":{"channels":{"lgi-nl-prod-master:NL_000051_019047":1},"startl":"1666219800","starth":"1666219800","title":"Men Ajl Ebni","icon":"https:\/\/staticqbr-nl-prod.prod.cdn.dmdsdp.com\/image-service\/ImagesEPG\/EventImages\/p19423603_b_v8_aa.jpg"},"MIDNITEHAUTE":{"channels":{"lgi-nl-prod-master:NL_000067_020024":1},"startl":"1666216800","starth":"1666218600","title":"Midnite Haute","icon":"https:\/\/staticqbr-nl-prod.prod.cdn.dmdsdp.com\/image-service\/ImagesEPG\/EventImages\/p3604446_b_v8_ad.jpg"},"MLSHIGHLIGHTS":{"channels":{"lgi-nl-prod-master:NL_000109_019464":1},"startl":"1666216800","starth":"1666216800","title":"MLS Highlights","icon":"https:\/\/staticqbr-nl-prod.prod.cdn.dmdsdp.com\/image-service\/ImagesEPG\/EventImages\/p11609594_b_v12_bd.jpg"},"MOOIUTRECHT":{"channels":{"lgi-nl-prod-master:NL_000143_019207":1},"startl":"1666219500","starth":"1666219500","title":"Mooi Utrecht","icon":"https:\/\/staticqbr-nl-prod.prod.cdn.dmdsdp.com\/image-service\/ImagesEPG\/EventImages\/p18590728_b_v8_aa.jpg"},"MTVTOP20":{"channels":{"lgi-nl-prod-master:NL_000126_019486":1},"startl":"1666216800","starth":"1666216800","title":"MTV Top 20","icon":"https:\/\/staticqbr-nl-prod.prod.cdn.dmdsdp.com\/image-service\/ImagesEPG\/EventImages\/p8013479_b_v8_aa.jpg"}},"N":{"NACHTPROGRAMMERING":{"channels":{"lgi-nl-prod-master:NL_000144_019212":1,"lgi-nl-prod-master:NL_000146_019213":1},"startl":"1666216800","starth":"1666216800","title":"Nachtprogrammering","icon":"https:\/\/staticqbr-nl-prod.prod.cdn.dmdsdp.com\/image-service\/ImagesEPG\/EventImages\/p17686252_b_v8_ab.jpg"},"NACHTTV":{"channels":{"lgi-nl-prod-master:NL_000193_019342":1},"startl":"1666217400","starth":"1666217400","title":"Nacht TV","icon":"https:\/\/staticqbr-nl-prod.prod.cdn.dmdsdp.com\/image-service\/ImagesEPG\/EventImages\/p19275525_b_v12_aa.jpg"},"NACHTCARROUSEL":{"channels":{"lgi-nl-prod-master:NL_000148_019144":1},"startl":"1666216800","starth":"1666216800","title":"Nachtcarrousel","icon":"https:\/\/staticqbr-nl-prod.prod.cdn.dmdsdp.com\/image-service\/ImagesEPG\/EventImages\/p18571206_b_v12_ab.jpg"},"NACHTKLUP":{"channels":{"lgi-nl-prod-master:NL_000134_019296":1},"startl":"1666216860","starth":"1666216860","title":"Nachtklup","icon":"https:\/\/staticqbr-nl-prod.prod.cdn.dmdsdp.com\/image-service\/ImagesEPG\/EventImages\/p18540412_b_v12_ab.jpg"},"NASASUNEXPLAINEDFILES":{"channels":{"lgi-nl-prod-master:NL_000075_019246":1},"startl":"1666218000","starth":"1666218000","title":"NASA's Unexplained Files","icon":"https:\/\/staticqbr-nl-prod.prod.cdn.dmdsdp.com\/image-service\/ImagesEPG\/EventImages\/p12602492_b_v12_aa.jpg"},"NASCARCUPSERIES":{"channels":{"lgi-nl-prod-master:NL_000097_019370":1},"startl":"1666219500","starth":"1666219500","title":"NASCAR Cup Series","icon":"https:\/\/staticqbr-nl-prod.prod.cdn.dmdsdp.com\/image-service\/ImagesEPG\/EventImages\/p8599472_b_v12_ag.jpg"},"NEWS":{"channels":{"lgi-nl-prod-master:NL_000118_019350":1},"startl":"1666216800","starth":"1666216800","title":"News","icon":"https:\/\/staticqbr-nl-prod.prod.cdn.dmdsdp.com\/image-service\/ImagesEPG\/EventImages\/p269593_b_v11_aa.jpg"},"NEWSDAY":{"channels":{"lgi-nl-prod-master:NL_000116_019005":1},"startl":"1666216800","starth":"1666216800","title":"Newsday","icon":"https:\/\/staticqbr-nl-prod.prod.cdn.dmdsdp.com\/image-service\/ImagesEPG\/EventImages\/p8702243_b_v8_ae.jpg"},"NHAIRTIME":{"channels":{"lgi-nl-prod-master:NL_000142_019211":1},"startl":"1666217820","starth":"1666219620","title":"NH Airtime","icon":"https:\/\/staticqbr-nl-prod.prod.cdn.dmdsdp.com\/image-service\/ImagesEPG\/EventImages\/p17718501_b_v8_ac.jpg"},"NHNIEUWS":{"channels":{"lgi-nl-prod-master:NL_000142_019211":1},"startl":"1666216800","starth":"1666218540","title":"NH Nieuws","icon":"https:\/\/staticqbr-nl-prod.prod.cdn.dmdsdp.com\/image-service\/ImagesEPG\/EventImages\/p17703713_b_v8_aa.jpg"},"NICKMUSIC":{"channels":{"lgi-nl-prod-master:NL_000085_019494":1},"startl":"1666216800","starth":"1666216800","title":"Nick Music","icon":"https:\/\/staticqbr-nl-prod.prod.cdn.dmdsdp.com\/image-service\/ImagesEPG\/EventImages\/p18488177_b_v8_aa.jpg"},"NIETSISONMOGELIJK":{"channels":{"lgi-nl-prod-master:NL_000144_019212":1},"startl":"1666218600","starth":"1666218600","title":"Niets Is Onmogelijk","icon":"https:\/\/staticqbr-nl-prod.prod.cdn.dmdsdp.com\/image-service\/ImagesEPG\/EventImages\/p18581131_b_v8_ac.jpg"},"NIEUWSCURACAO":{"channels":{"lgi-nl-prod-master:NL_000049_019514":1},"startl":"1666216800","starth":"1666216800","title":"Nieuws Curacao","icon":"https:\/\/staticqbr-nl-prod.prod.cdn.dmdsdp.com\/image-service\/ImagesEPG\/EventImages\/p19291367_i_v8_ab.jpg"},"NIEUWSUUR":{"channels":{"lgi-nl-prod-master:NL_000002_019402":1},"startl":"1666219020","starth":"1666219020","title":"Nieuwsuur","icon":"https:\/\/staticqbr-nl-prod.prod.cdn.dmdsdp.com\/image-service\/ImagesEPG\/EventImages\/p21249343_b_v8_aa.jpg"},"NONSTOP538":{"channels":{"lgi-nl-prod-master:NL_000122_019495":1},"startl":"1666216800","starth":"1666216800","title":"Non-Stop 538","icon":"https:\/\/staticqbr-nl-prod.prod.cdn.dmdsdp.com\/image-service\/ImagesEPG\/EventImages\/p23059150_b_v11_aa.jpg"},"NOORDVANDAAG":{"channels":{"lgi-nl-prod-master:NL_000136_019583":1},"startl":"1666216800","starth":"1666218600","title":"Noord Vandaag","icon":"https:\/\/staticqbr-nl-prod.prod.cdn.dmdsdp.com\/image-service\/ImagesEPG\/EventImages\/p18590326_b_v12_aa.jpg"},"NOSNIEUWSVANDEWEEK":{"channels":{"lgi-nl-prod-master:NL_000138_019591":1},"startl":"1666218240","starth":"1666220280","title":"NOS Nieuws van de Week","icon":"https:\/\/staticqbr-nl-prod.prod.cdn.dmdsdp.com\/image-service\/ImagesEPG\/EventImages\/p22821959_b_v11_aa.jpg"}},"O":{"OOSTINDISCHDOOF":{"channels":{"lgi-nl-prod-master:NL_000147_019593":1},"startl":"1666216800","starth":"1666219980","title":"Oost-Indisch Doof","icon":"https:\/\/staticqbr-nl-prod.prod.cdn.dmdsdp.com\/image-service\/ImagesEPG\/EventImages\/p22797436_b_v8_aa.jpg"},"OPBEZOEK":{"channels":{"lgi-nl-prod-master:NL_000095_019371":1},"startl":"1666216800","starth":"1666216800","title":"Op bezoek","icon":"https:\/\/staticqbr-nl-prod.prod.cdn.dmdsdp.com\/image-service\/ImagesEPG\/EventImages\/p19504374_b_v11_ab.jpg"},"OP1":{"channels":{"lgi-nl-prod-master:NL_000001_019401":1},"startl":"1666219440","starth":"1666219440","title":"Op1","icon":"https:\/\/staticqbr-nl-prod.prod.cdn.dmdsdp.com\/image-service\/ImagesEPG\/EventImages\/p21270525_b_v11_aa.jpg"}},"other":{"101DALMATIANSTREET":{"channels":{"lgi-nl-prod-master:NL_000027_019330":1},"startl":"1666218660","starth":"1666219980","title":"101 Dalmatian Street","icon":"https:\/\/staticqbr-nl-prod.prod.cdn.dmdsdp.com\/image-service\/ImagesEPG\/EventImages\/p16204115_b_v12_ab.jpg"}},"P":{"PASTARISOTTO":{"channels":{"lgi-nl-prod-master:NL_000214_020004":1},"startl":"1666216800","starth":"1666216800","title":"Pasta & Risotto","icon":"https:\/\/staticqbr-nl-prod.prod.cdn.dmdsdp.com\/image-service\/ImagesEPG\/EventImages\/p19329043_b_v8_ac.jpg"},"PAVITRARISHTA":{"channels":{"lgi-nl-prod-master:NL_000152_020077":1},"startl":"1666216800","starth":"1666216800","title":"Pavitra Rishta","icon":"https:\/\/staticqbr-nl-prod.prod.cdn.dmdsdp.com\/image-service\/ImagesEPG\/EventImages\/p3567215_b_v8_aa.jpg"},"PEOPLEANDPOWER":{"channels":{"lgi-nl-prod-master:NL_000118_019350":1},"startl":"1666218600","starth":"1666218600","title":"People and Power","icon":"https:\/\/staticqbr-nl-prod.prod.cdn.dmdsdp.com\/image-service\/ImagesEPG\/EventImages\/p274890_b_v8_ad.jpg"},"PEPPAPIG":{"channels":{"lgi-nl-prod-master:NL_000087_019303":1},"startl":"1666219200","starth":"1666220100","title":"Peppa Pig","icon":"https:\/\/staticqbr-nl-prod.prod.cdn.dmdsdp.com\/image-service\/ImagesEPG\/EventImages\/p8672656_b_v12_ab.jpg"}},"R":{"RAWINSTINCT":{"channels":{"lgi-nl-prod-master:NL_000053_019653":1},"startl":"1666217700","starth":"1666217700","title":"Raw Instinct","icon":"https:\/\/staticqbr-nl-prod.prod.cdn.dmdsdp.com\/image-service\/ImagesEPG\/EventImages\/p19597125_st_v8_aa.jpg"},"REDISCOVERINGCHINA":{"channels":{"lgi-nl-prod-master:NL_000120_020046":1},"startl":"1666218600","starth":"1666218600","title":"Rediscovering China","icon":"https:\/\/staticqbr-nl-prod.prod.cdn.dmdsdp.com\/image-service\/ImagesEPG\/EventImages\/p877245_b_v11_ab.jpg"},"REGIONED":{"channels":{"lgi-nl-prod-master:NL_000142_019211":1,"lgi-nl-prod-master:NL_000143_019207":1},"startl":"1666218060","starth":"1666219860","title":"RegioNed","icon":"https:\/\/staticqbr-nl-prod.prod.cdn.dmdsdp.com\/image-service\/ImagesEPG\/EventImages\/p17678867_b_v12_aa.jpg"},"RIDICULOUSNESS":{"channels":{"lgi-nl-prod-master:NL_000023_019363":1},"startl":"1666219200","starth":"1666219200","title":"Ridiculousness","icon":"https:\/\/staticqbr-nl-prod.prod.cdn.dmdsdp.com\/image-service\/ImagesEPG\/EventImages\/p18614152_b_v8_aa.jpg"},"RIJNMONDVANDAAG":{"channels":{"lgi-nl-prod-master:NL_000145_019208":1},"startl":"1666216800","starth":"1666219080","title":"Rijnmond Vandaag","icon":"https:\/\/staticqbr-nl-prod.prod.cdn.dmdsdp.com\/image-service\/ImagesEPG\/EventImages\/p21266606_b_v8_aa.jpg"}},"S":{"SANJAYANDCRAIG":{"channels":{"lgi-nl-prod-master:NL_000084_019301":1},"startl":"1666218000","starth":"1666219800","title":"Sanjay and Craig","icon":"https:\/\/staticqbr-nl-prod.prod.cdn.dmdsdp.com\/image-service\/ImagesEPG\/EventImages\/p10861414_b_v8_ad.jpg"},"SAYBAKALIM":{"channels":{"lgi-nl-prod-master:NL_000050_019353":1},"startl":"1666218000","starth":"1666218000","title":"Say Bakal\u0131m","icon":"https:\/\/staticqbr-nl-prod.prod.cdn.dmdsdp.com\/image-service\/ImagesEPG\/EventImages\/g220_v8_aa.jpg"},"SAYYESTOTHEDRESS":{"channels":{"lgi-nl-prod-master:NL_000021_019566":1},"startl":"1666218600","starth":"1666218600","title":"Say Yes to the Dress","icon":"https:\/\/staticqbr-nl-prod.prod.cdn.dmdsdp.com\/image-service\/ImagesEPG\/EventImages\/p17095809_b_v12_aa.jpg"},"SCHITTSCREEK":{"channels":{"lgi-nl-prod-master:NL_000032_019226":1},"startl":"1666218300","starth":"1666218300","title":"Schitt's Creek","icon":"https:\/\/staticqbr-nl-prod.prod.cdn.dmdsdp.com\/image-service\/ImagesEPG\/EventImages\/p13514137_b_v8_aa.jpg"},"SEIZOENEN":{"channels":{"lgi-nl-prod-master:NL_000215_020005":1},"startl":"1666216920","starth":"1666216920","title":"Seizoenen","icon":"https:\/\/staticqbr-nl-prod.prod.cdn.dmdsdp.com\/image-service\/ImagesEPG\/EventImages\/p11189283_b_v8_ad.jpg"},"SLAMBOOSTYOURNIGHT":{"channels":{"lgi-nl-prod-master:NL_000125_019294":1},"startl":"1666216800","starth":"1666216800","title":"SLAM! - Boost Your Night!","icon":"https:\/\/staticqbr-nl-prod.prod.cdn.dmdsdp.com\/image-service\/ImagesEPG\/EventImages\/p23120364_b_v8_aa.jpg"},"SPARTANAARVORENPODCAST":{"channels":{"lgi-nl-prod-master:NL_000145_019208":1},"startl":"1666217640","starth":"1666217640","title":"Sparta naar Voren (podcast)","icon":"https:\/\/staticqbr-nl-prod.prod.cdn.dmdsdp.com\/image-service\/ImagesEPG\/EventImages\/g214_v8_ac.jpg"},"SPORTTODAY":{"channels":{"lgi-nl-prod-master:NL_000116_019005":1},"startl":"1666219500","starth":"1666219500","title":"Sport Today","icon":"https:\/\/staticqbr-nl-prod.prod.cdn.dmdsdp.com\/image-service\/ImagesEPG\/EventImages\/p290509_b_v8_ai.jpg"},"SPUNCK":{"channels":{"lgi-nl-prod-master:NL_000139_019592":1},"startl":"1666218600","starth":"1666218600","title":"Spunck","icon":"https:\/\/staticqbr-nl-prod.prod.cdn.dmdsdp.com\/image-service\/ImagesEPG\/EventImages\/p18852301_b_v8_ac.jpg"},"STRISCIALANOTIZIALAVOCEDELLINTRANSIGENZA":{"channels":{"lgi-nl-prod-master:NL_000048_020052":1},"startl":"1666218300","starth":"1666218300","title":"Striscia la notizia: La voce dell'intransigenza","icon":"https:\/\/staticqbr-nl-prod.prod.cdn.dmdsdp.com\/image-service\/ImagesEPG\/EventImages\/p23019966_b_v8_ag.jpg"},"SUNSHINETOUR2022":{"channels":{"lgi-nl-prod-master:NL_000069_020071":1},"startl":"1666216800","starth":"1666216800","title":"Sunshine Tour 2022","icon":"https:\/\/staticqbr-nl-prod.prod.cdn.dmdsdp.com\/image-service\/ImagesEPG\/EventImages\/p21654499_b_v11_aa.jpg"},"SVENHAMMONDSOULTIVOLIDEHELLING":{"channels":{"lgi-nl-prod-master:NL_000131_019248":1},"startl":"1666219020","starth":"1666219020","title":"Sven Hammond Soul: Tivoli de Helling","icon":"https:\/\/staticqbr-nl-prod.prod.cdn.dmdsdp.com\/image-service\/ImagesEPG\/EventImages\/p13999969_b_v8_aa.jpg"},"SWAMPPEOPLESERPENTINVASION":{"channels":{"lgi-nl-prod-master:NL_000028_019705":1},"startl":"1666217700","starth":"1666217700","title":"Swamp People: Serpent Invasion","icon":"https:\/\/staticqbr-nl-prod.prod.cdn.dmdsdp.com\/image-service\/ImagesEPG\/EventImages\/p17988933_b_v11_aa.jpg"}},"T":{"TEKSTTV":{"channels":{"lgi-nl-prod-master:NL_000143_019207":1},"startl":"1666220100","starth":"1666220100","title":"Tekst TV","icon":"https:\/\/staticqbr-nl-prod.prod.cdn.dmdsdp.com\/image-service\/ImagesEPG\/EventImages\/p18590745_b_v11_aa.jpg"},"THEAQUARIUM":{"channels":{"lgi-nl-prod-master:NL_000078_020002":1},"startl":"1666216800","starth":"1666216800","title":"The Aquarium","icon":"https:\/\/staticqbr-nl-prod.prod.cdn.dmdsdp.com\/image-service\/ImagesEPG\/EventImages\/p17932596_b_v12_aa.jpg"},"THEBOLDANDTHEBEAUTIFULTHEBEGINNING":{"channels":{"lgi-nl-prod-master:NL_000072_019298":1},"startl":"1666216800","starth":"1666216800","title":"The Bold And The Beautiful, The Beginning","icon":"https:\/\/staticqbr-nl-prod.prod.cdn.dmdsdp.com\/image-service\/ImagesEPG\/EventImages\/p183907_b_v8_bw.jpg"},"THEGOATDEGROOTSTEALLERTIJDEN":{"channels":{"lgi-nl-prod-master:NL_000098_019255":1},"startl":"1666218900","starth":"1666218900","title":"The GOAT: de Grootste Allertijden","icon":"https:\/\/staticqbr-nl-prod.prod.cdn.dmdsdp.com\/image-service\/ImagesEPG\/EventImages\/p21540444_b_v8_ae.jpg"},"THEGOODBUYGIRLS":{"channels":{"lgi-nl-prod-master:NL_000064_019275":1},"startl":"1666218420","starth":"1666218420","title":"The Good Buy Girls","icon":"https:\/\/staticqbr-nl-prod.prod.cdn.dmdsdp.com\/image-service\/ImagesEPG\/EventImages\/p9981085_b_v8_ac.jpg"},"THELASTALASKANS":{"channels":{"lgi-nl-prod-master:NL_000078_020002":1},"startl":"1666219500","starth":"1666219500","title":"The Last Alaskans","icon":"https:\/\/staticqbr-nl-prod.prod.cdn.dmdsdp.com\/image-service\/ImagesEPG\/EventImages\/p12713427_b_v8_ac.jpg"},"THESITUATIONROOMWITHWOLFBLITZER":{"channels":{"lgi-nl-prod-master:NL_000115_019447":1},"startl":"1666216800","starth":"1666216800","title":"The Situation Room With Wolf Blitzer","icon":"https:\/\/staticqbr-nl-prod.prod.cdn.dmdsdp.com\/image-service\/ImagesEPG\/EventImages\/p186409_b_v8_ad.jpg"},"THEWORLDTODAY":{"channels":{"lgi-nl-prod-master:NL_000120_020046":1},"startl":"1666216800","starth":"1666216800","title":"The World Today","icon":"https:\/\/staticqbr-nl-prod.prod.cdn.dmdsdp.com\/image-service\/ImagesEPG\/EventImages\/p13678029_b_v8_aa.jpg"},"THUIS":{"channels":{"lgi-nl-prod-master:NL_000031_019362":1},"startl":"1666216800","starth":"1666216800","title":"Thuis","icon":"https:\/\/staticqbr-nl-prod.prod.cdn.dmdsdp.com\/image-service\/ImagesEPG\/EventImages\/p22781367_b_v8_aa.jpg"},"TOBEANNOUNCED":{"channels":{"lgi-nl-prod-master:NL_000119_019481":1},"startl":"1666216800","starth":"1666216800","title":"To Be Announced","icon":"https:\/\/staticqbr-nl-prod.prod.cdn.dmdsdp.com\/image-service\/ImagesEPG\/EventImages\/p514472_b_v12_dp.jpg"},"TVINFORMATIEKANAALVANZIGGO":{"channels":{"lgi-nl-prod-master:NL_000013_019327":1},"startl":"1666218600","starth":"1666218600","title":"TV Informatie kanaal van Ziggo","icon":"https:\/\/staticqbr-nl-prod.prod.cdn.dmdsdp.com\/image-service\/ImagesEPG\/EventImages\/p18856337_b_v8_ab.jpg"},"TVORANJENONSTOP":{"channels":{"lgi-nl-prod-master:NL_000132_019278":1},"startl":"1666216800","starth":"1666216800","title":"TV Oranje Nonstop","icon":"https:\/\/staticqbr-nl-prod.prod.cdn.dmdsdp.com\/image-service\/ImagesEPG\/EventImages\/p18641909_b_v12_ab.jpg"}},"U":{"UNIEUWS":{"channels":{"lgi-nl-prod-master:NL_000143_019207":1},"startl":"1666216800","starth":"1666216800","title":"UNieuws","icon":"https:\/\/staticqbr-nl-prod.prod.cdn.dmdsdp.com\/image-service\/ImagesEPG\/EventImages\/p18590749_b_v8_aa.jpg"}},"V":{"VANDAAGINSIDE":{"channels":{"lgi-nl-prod-master:NL_000006_019130":1},"startl":"1666219200","starth":"1666219200","title":"Vandaag Inside","icon":"https:\/\/staticqbr-nl-prod.prod.cdn.dmdsdp.com\/image-service\/ImagesEPG\/EventImages\/p22654699_b_v12_aa.jpg"},"VULKANISCHAVONTUUR":{"channels":{"lgi-nl-prod-master:NL_000191_019261":1},"startl":"1666218900","starth":"1666218900","title":"Vulkanisch avontuur","icon":"https:\/\/staticqbr-nl-prod.prod.cdn.dmdsdp.com\/image-service\/ImagesEPG\/EventImages\/p16192360_b_v12_ac.jpg"}},"W":{"WAAROMDECOSTACONCORDIAZONK":{"channels":{"lgi-nl-prod-master:NL_000012_019191":1},"startl":"1666218600","starth":"1666218600","title":"Waarom De Costa Concordia Zonk","icon":"https:\/\/staticqbr-nl-prod.prod.cdn.dmdsdp.com\/image-service\/ImagesEPG\/EventImages\/p21105036_b_v12_ag.jpg"},"WEBERBRUENINGHAUSROBERTSONBARGERON":{"channels":{"lgi-nl-prod-master:NL_000131_019248":1},"startl":"1666216800","starth":"1666216800","title":"Weber - Br\u00fcninghaus - Robertson - Bargeron","icon":"https:\/\/staticqbr-nl-prod.prod.cdn.dmdsdp.com\/image-service\/ImagesEPG\/EventImages\/p15008271_b_v11_aa.jpg"},"WEER":{"channels":{"lgi-nl-prod-master:NL_000141_019209":1,"lgi-nl-prod-master:NL_000147_019593":1},"startl":"1666217520","starth":"1666220220","title":"Weer","icon":"https:\/\/staticqbr-nl-prod.prod.cdn.dmdsdp.com\/image-service\/ImagesEPG\/EventImages\/p18597343_b_v8_aa.jpg"},"WEERBERICHT":{"channels":{"lgi-nl-prod-master:NL_000136_019583":1},"startl":"1666218300","starth":"1666220100","title":"Weerbericht","icon":"https:\/\/staticqbr-nl-prod.prod.cdn.dmdsdp.com\/image-service\/ImagesEPG\/EventImages\/p18590560_b_v11_ab.jpg"},"WHOSTHEBOSS":{"channels":{"lgi-nl-prod-master:NL_000072_019298":1},"startl":"1666218600","starth":"1666218600","title":"Who's the Boss?","icon":"https:\/\/staticqbr-nl-prod.prod.cdn.dmdsdp.com\/image-service\/ImagesEPG\/EventImages\/p7895024_b_v8_aa.jpg"},"WIELRENNEN":{"channels":{"lgi-nl-prod-master:NL_000020_019432":1},"startl":"1666218600","starth":"1666218600","title":"Wielrennen","icon":"https:\/\/staticqbr-nl-prod.prod.cdn.dmdsdp.com\/image-service\/ImagesEPG\/EventImages\/p361949_b_v8_bm.jpg"},"WINDATMYBACK":{"channels":{"lgi-nl-prod-master:NL_000081_020051":1},"startl":"1666218600","starth":"1666218600","title":"Wind at My Back","icon":"https:\/\/staticqbr-nl-prod.prod.cdn.dmdsdp.com\/image-service\/ImagesEPG\/EventImages\/p530577_b_v8_au.jpg"},"WINSTJOKERLOTTO":{"channels":{"lgi-nl-prod-master:NL_000031_019362":1},"startl":"1666218360","starth":"1666218360","title":"Winst joker+ \/ lotto","icon":"https:\/\/staticqbr-nl-prod.prod.cdn.dmdsdp.com\/image-service\/ImagesEPG\/EventImages\/p21276801_b_v8_aa.jpg"},"WKVOETBALHETHOOGSTEVOETBALPODIUM":{"channels":{"lgi-nl-prod-master:NL_000098_019255":1},"startl":"1666217400","starth":"1666217400","title":"WK Voetbal: Het Hoogste Voetbalpodium","icon":"https:\/\/staticqbr-nl-prod.prod.cdn.dmdsdp.com\/image-service\/ImagesEPG\/EventImages\/p22996655_b_v8_aa.jpg"}},"Y":{"YOLOHITS":{"channels":{"lgi-nl-prod-master:NL_000154_020078":1},"startl":"1666216800","starth":"1666218600","title":"YOLO Hits","icon":"https:\/\/staticqbr-nl-prod.prod.cdn.dmdsdp.com\/image-service\/ImagesEPG\/EventImages\/p22247396_b_v12_aa.jpg"}},"Z":{"ZEEJAGERS":{"channels":{"lgi-nl-prod-master:NL_000216_019122":1},"startl":"1666216800","starth":"1666218600","title":"Zeejagers","icon":"https:\/\/staticqbr-nl-prod.prod.cdn.dmdsdp.com\/image-service\/ImagesEPG\/EventImages\/p22849806_i_v8_aa.jpg"}}}