{"C":{"CONFESSIONSOFASINNER":{"channels":{"lgi-nl-prod-master:NL_000213_020003":1},"startl":"1666218600","starth":"1666218600","title":"Confessions Of A Sinner","icon":"https:\/\/staticqbr-nl-prod.prod.cdn.dmdsdp.com\/image-service\/ImagesEPG\/EventImages\/p18954054_st_v8_aa.jpg"}},"D":{"DIESCHWALBENVONKABUL":{"channels":{"lgi-nl-prod-master:NL_000046_020053":1},"startl":"1666217400","starth":"1666217400","title":"Die Schwalben von Kabul","icon":"https:\/\/staticqbr-nl-prod.prod.cdn.dmdsdp.com\/image-service\/ImagesEPG\/EventImages\/p16971020_b_v11_ad.jpg"}},"H":{"HATESTORY3":{"channels":{"lgi-nl-prod-master:NL_000151_020074":1},"startl":"1666219800","starth":"1666219800","title":"Hate Story 3","icon":"https:\/\/staticqbr-nl-prod.prod.cdn.dmdsdp.com\/image-service\/ImagesEPG\/EventImages\/p12579828_v_v8_ab.jpg"},"HUMSAATHSAATHHAIN":{"channels":{"lgi-nl-prod-master:NL_000153_020076":1},"startl":"1666219200","starth":"1666219200","title":"Hum Saath Saath Hain","icon":"https:\/\/staticqbr-nl-prod.prod.cdn.dmdsdp.com\/image-service\/ImagesEPG\/EventImages\/p68519_v_v8_aa.jpg"}},"K":{"KILLERBODY":{"channels":{"lgi-nl-prod-master:NL_000213_020003":1},"startl":"1666220100","starth":"1666220100","title":"Killer Body","icon":"https:\/\/staticqbr-nl-prod.prod.cdn.dmdsdp.com\/image-service\/ImagesEPG\/EventImages\/p16367606_v_v8_af.jpg"}},"R":{"RAWINSTINCT":{"channels":{"lgi-nl-prod-master:NL_000053_019653":1},"startl":"1666217700","starth":"1666217700","title":"Raw Instinct","icon":"https:\/\/staticqbr-nl-prod.prod.cdn.dmdsdp.com\/image-service\/ImagesEPG\/EventImages\/p19597125_st_v8_aa.jpg"}}}