{"lgi-be-prod-master:vtmhd":{"id":"lgi-be-prod-master:vtmhd","assetid":"https:\/\/wp1-halo01-vxtoken-live-be-prod.tnprod.cdn.dmdsdp.com\/dash\/vtmhd\/manifest.mpd&%%&urn:orion:media:std:lgi-be-prod-master:vtmhd_ORION_Orion-DASH","name":"vtm HD","icon":"https:\/\/staticqbr-be-prod.tnprod.cdn.dmdsdp.com\/image-service\/ImagesEPG\/EventImages\/MM0BE.png?style=content-station-logo-xlarge","description":"","channelno":"1","erotica":"0","minimal":"1","replay":"1","regional":"0","home_only":"0"},"lgi-be-prod-master:eenhd":{"id":"lgi-be-prod-master:eenhd","assetid":"https:\/\/wp1-halo01-vxtoken-live-be-prod.tnprod.cdn.dmdsdp.com\/dash\/eenhd\/manifest.mpd&%%&urn:orion:media:std:lgi-be-prod-master:eenhd_ORION_Orion-DASH","name":"\u00e9\u00e9n HD","icon":"https:\/\/staticqbr-be-prod.tnprod.cdn.dmdsdp.com\/image-service\/ImagesEPG\/EventImages\/MM24E.png?style=content-station-logo-xlarge","description":"","channelno":"2","erotica":"0","minimal":"1","replay":"1","regional":"0","home_only":"0"},"lgi-be-prod-master:vierhd":{"id":"lgi-be-prod-master:vierhd","assetid":"https:\/\/wp1-halo01-vxtoken-live-be-prod.tnprod.cdn.dmdsdp.com\/dash\/vierhd\/manifest.mpd&%%&urn:orion:media:std:lgi-be-prod-master:vierhd_ORION_Orion-DASH","name":"Play4","icon":"https:\/\/staticqbr-be-prod.tnprod.cdn.dmdsdp.com\/image-service\/ImagesEPG\/EventImages\/MM1C8.png?style=content-station-logo-xlarge","description":"","channelno":"3","erotica":"0","minimal":"1","replay":"1","regional":"0","home_only":"0"},"lgi-be-prod-master:ketnetcanvashd":{"id":"lgi-be-prod-master:ketnetcanvashd","assetid":"https:\/\/wp1-halo01-vxtoken-live-be-prod.tnprod.cdn.dmdsdp.com\/dash\/ketnetcanvashd\/manifest.mpd&%%&urn:orion:media:std:lgi-be-prod-master:ketnetcanvashd_ORION_Orion-DASH","name":"Canvas HD","icon":"https:\/\/staticqbr-be-prod.tnprod.cdn.dmdsdp.com\/image-service\/ImagesEPG\/EventImages\/MM24F.png?style=content-station-logo-xlarge","description":"","channelno":"4","erotica":"0","minimal":"1","replay":"1","regional":"0","home_only":"0"},"lgi-be-prod-master:2behd":{"id":"lgi-be-prod-master:2behd","assetid":"https:\/\/wp1-halo01-vxtoken-live-be-prod.tnprod.cdn.dmdsdp.com\/dash\/2behd\/manifest.mpd&%%&urn:orion:media:std:lgi-be-prod-master:2behd_ORION_Orion-DASH","name":"VTM 2","icon":"https:\/\/staticqbr-be-prod.tnprod.cdn.dmdsdp.com\/image-service\/ImagesEPG\/EventImages\/MM238.png?style=content-station-logo-xlarge","description":"","channelno":"5","erotica":"0","minimal":"1","replay":"1","regional":"0","home_only":"0"},"lgi-be-prod-master:vijfhd":{"id":"lgi-be-prod-master:vijfhd","assetid":"https:\/\/wp1-halo01-vxtoken-live-be-prod.tnprod.cdn.dmdsdp.com\/dash\/vijfhd\/manifest.mpd&%%&urn:orion:media:std:lgi-be-prod-master:vijfhd_ORION_Orion-DASH","name":"Play5","icon":"https:\/\/staticqbr-be-prod.tnprod.cdn.dmdsdp.com\/image-service\/ImagesEPG\/EventImages\/MM100.png?style=content-station-logo-xlarge","description":"","channelno":"6","erotica":"0","minimal":"1","replay":"1","regional":"0","home_only":"0"},"lgi-be-prod-master:vitaya":{"id":"lgi-be-prod-master:vitaya","assetid":"https:\/\/wp1-halo01-vxtoken-live-be-prod.tnprod.cdn.dmdsdp.com\/dash\/vitaya\/manifest.mpd&%%&urn:orion:media:std:lgi-be-prod-master:vitaya_ORION_Orion-DASH","name":"VTM 3","icon":"https:\/\/staticqbr-be-prod.tnprod.cdn.dmdsdp.com\/image-service\/ImagesEPG\/EventImages\/MM06B.png?style=content-station-logo-xlarge","description":"","channelno":"7","erotica":"0","minimal":"1","replay":"1","regional":"0","home_only":"0"},"lgi-be-prod-master:rtvmechelen":{"id":"lgi-be-prod-master:rtvmechelen","assetid":"https:\/\/wp1-halo01-vxtoken-live-be-prod.tnprod.cdn.dmdsdp.com\/dash\/vitaya\/manifest.mpd&%%&urn:orion:media:std:lgi-be-prod-master:vitaya_ORION_Orion-DASH","name":"RTV Mechelen","icon":"https:\/\/staticqbr-be-prod.tnprod.cdn.dmdsdp.com\/image-service\/ImagesEPG\/EventImages\/MM19E.png?style=content-station-logo-xlarge","description":"","channelno":"8","erotica":"0","minimal":"0","replay":"0","regional":"1","home_only":"0"},"lgi-be-prod-master:acht":{"id":"lgi-be-prod-master:acht","assetid":"https:\/\/wp1-halo01-vxtoken-live-be-prod.tnprod.cdn.dmdsdp.com\/dash\/acht\/manifest.mpd&%%&urn:orion:media:std:lgi-be-prod-master:acht_ORION_Orion-DASH","name":"VTM 4","icon":"https:\/\/staticqbr-be-prod.tnprod.cdn.dmdsdp.com\/image-service\/ImagesEPG\/EventImages\/MM086.png?style=content-station-logo-xlarge","description":"","channelno":"9","erotica":"0","minimal":"1","replay":"1","regional":"0","home_only":"0"},"lgi-be-prod-master:kanaalz":{"id":"lgi-be-prod-master:kanaalz","assetid":"https:\/\/wp1-halo01-vxtoken-live-be-prod.tnprod.cdn.dmdsdp.com\/dash\/kanaalz\/manifest.mpd&%%&urn:orion:media:std:lgi-be-prod-master:kanaalz_ORION_Orion-DASH","name":"KanaalZ","icon":"https:\/\/staticqbr-be-prod.tnprod.cdn.dmdsdp.com\/image-service\/ImagesEPG\/EventImages\/MM06C.png?style=content-station-logo-xlarge","description":"","channelno":"10","erotica":"0","minimal":"1","replay":"0","regional":"0","home_only":"0"},"lgi-be-prod-master:rexrioinfo":{"id":"lgi-be-prod-master:rexrioinfo","assetid":"https:\/\/wp1-halo01-vxtoken-live-be-prod.tnprod.cdn.dmdsdp.com\/dash\/rexrioinfo\/manifest.mpd&%%&urn:orion:media:std:lgi-be-prod-master:rexrioinfo_ORION_Orion-DASH","name":"Play Sports Open","icon":"https:\/\/staticqbr-be-prod.tnprod.cdn.dmdsdp.com\/image-service\/ImagesEPG\/EventImages\/MM187.png?style=content-station-logo-xlarge","description":"","channelno":"11","erotica":"0","minimal":"1","replay":"0","regional":"0","home_only":"0"},"lgi-be-prod-master:ketnet":{"id":"lgi-be-prod-master:ketnet","assetid":"https:\/\/wp1-halo01-vxtoken-live-be-prod.tnprod.cdn.dmdsdp.com\/dash\/ketnet\/manifest.mpd&%%&urn:orion:media:std:lgi-be-prod-master:ketnet_ORION_Orion-DASH","name":"Ketnet","icon":"https:\/\/staticqbr-be-prod.tnprod.cdn.dmdsdp.com\/image-service\/ImagesEPG\/EventImages\/MM0C7.png?style=content-station-logo-xlarge","description":"","channelno":"12","erotica":"0","minimal":"1","replay":"1","regional":"0","home_only":"0"},"lgi-be-prod-master:foxbelgium":{"id":"lgi-be-prod-master:foxbelgium","assetid":"https:\/\/wp1-halo01-vxtoken-live-be-prod.tnprod.cdn.dmdsdp.com\/dash\/foxbelgium\/manifest.mpd&%%&urn:orion:media:std:lgi-be-prod-master:foxbelgium_ORION_Orion-DASH","name":"FOX","icon":"https:\/\/staticqbr-be-prod.tnprod.cdn.dmdsdp.com\/image-service\/ImagesEPG\/EventImages\/MM3D6.png?style=content-station-logo-xlarge","description":"","channelno":"13","erotica":"0","minimal":"1","replay":"1","regional":"0","home_only":"0"},"lgi-be-prod-master:zes":{"id":"lgi-be-prod-master:zes","assetid":"https:\/\/wp1-halo01-vxtoken-live-be-prod.tnprod.cdn.dmdsdp.com\/dash\/zes\/manifest.mpd&%%&urn:orion:media:std:lgi-be-prod-master:zes_ORION_Orion-DASH","name":"Play6","icon":"https:\/\/staticqbr-be-prod.tnprod.cdn.dmdsdp.com\/image-service\/ImagesEPG\/EventImages\/MM3C1.png?style=content-station-logo-xlarge","description":"","channelno":"14","erotica":"0","minimal":"1","replay":"1","regional":"0","home_only":"0"},"lgi-be-prod-master:dicoveryhd":{"id":"lgi-be-prod-master:dicoveryhd","assetid":"https:\/\/wp1-halo01-vxtoken-live-be-prod.tnprod.cdn.dmdsdp.com\/dash\/dicoveryhd\/manifest.mpd&%%&urn:orion:media:std:lgi-be-prod-master:dicoveryhd_ORION_Orion-DASH","name":"Discovery Vl HD","icon":"https:\/\/staticqbr-be-prod.tnprod.cdn.dmdsdp.com\/image-service\/ImagesEPG\/EventImages\/MM2B0.png?style=content-station-logo-xlarge","description":"","channelno":"15","erotica":"0","minimal":"1","replay":"1","regional":"0","home_only":"0"},"lgi-be-prod-master:natgeohd":{"id":"lgi-be-prod-master:natgeohd","assetid":"https:\/\/wp1-halo01-vxtoken-live-be-prod.tnprod.cdn.dmdsdp.com\/dash\/natgeohd\/manifest.mpd&%%&urn:orion:media:std:lgi-be-prod-master:natgeohd_ORION_Orion-DASH","name":"Nat Geo HD","icon":"https:\/\/staticqbr-be-prod.tnprod.cdn.dmdsdp.com\/image-service\/ImagesEPG\/EventImages\/MM118.png?style=content-station-logo-xlarge","description":"","channelno":"16","erotica":"0","minimal":"1","replay":"1","regional":"0","home_only":"0"},"lgi-be-prod-master:tlcvlaanderen":{"id":"lgi-be-prod-master:tlcvlaanderen","assetid":"https:\/\/wp1-halo01-vxtoken-live-be-prod.tnprod.cdn.dmdsdp.com\/dash\/tlcvlaanderen\/manifest.mpd&%%&urn:orion:media:std:lgi-be-prod-master:tlcvlaanderen_ORION_Orion-DASH","name":"TLC","icon":"https:\/\/staticqbr-be-prod.tnprod.cdn.dmdsdp.com\/image-service\/ImagesEPG\/EventImages\/MM349.png?style=content-station-logo-xlarge","description":"","channelno":"17","erotica":"0","minimal":"1","replay":"1","regional":"0","home_only":"0"},"lgi-be-prod-master:tmf":{"id":"lgi-be-prod-master:tmf","assetid":"https:\/\/wp1-halo01-vxtoken-live-be-prod.tnprod.cdn.dmdsdp.com\/dash\/tmf\/manifest.mpd&%%&urn:orion:media:std:lgi-be-prod-master:tmf_ORION_Orion-DASH","name":"Comedy Central","icon":"https:\/\/staticqbr-be-prod.tnprod.cdn.dmdsdp.com\/image-service\/ImagesEPG\/EventImages\/MM06D.png?style=content-station-logo-xlarge","description":"","channelno":"18","erotica":"0","minimal":"1","replay":"1","regional":"0","home_only":"0"},"lgi-be-prod-master:mtv":{"id":"lgi-be-prod-master:mtv","assetid":"https:\/\/wp1-halo01-vxtoken-live-be-prod.tnprod.cdn.dmdsdp.com\/dash\/mtv\/manifest.mpd&%%&urn:orion:media:std:lgi-be-prod-master:mtv_ORION_Orion-DASH","name":"MTV VL","icon":"https:\/\/staticqbr-be-prod.tnprod.cdn.dmdsdp.com\/image-service\/ImagesEPG\/EventImages\/MM270.png?style=content-station-logo-xlarge","description":"","channelno":"19","erotica":"0","minimal":"1","replay":"1","regional":"0","home_only":"0"},"lgi-be-prod-master:njam":{"id":"lgi-be-prod-master:njam","assetid":"https:\/\/wp1-halo01-vxtoken-live-be-prod.tnprod.cdn.dmdsdp.com\/dash\/njam\/manifest.mpd&%%&urn:orion:media:std:lgi-be-prod-master:njam_ORION_Orion-DASH","name":"njam!","icon":"https:\/\/staticqbr-be-prod.tnprod.cdn.dmdsdp.com\/image-service\/ImagesEPG\/EventImages\/MM169.png?style=content-station-logo-xlarge","description":"","channelno":"20","erotica":"0","minimal":"1","replay":"1","regional":"0","home_only":"0"},"lgi-be-prod-master:zeven":{"id":"lgi-be-prod-master:zeven","assetid":"https:\/\/wp1-halo05-vxtoken-live-be-prod.tnprod.cdn.dmdsdp.com\/dash\/zeven\/manifest.mpd&%%&urn:orion:media:std:lgi-be-prod-master:zeven_ORION_Orion-DASH","name":"Play7","icon":"https:\/\/staticqbr-be-prod.tnprod.cdn.dmdsdp.com\/image-service\/ImagesEPG\/EventImages\/MM402.png?style=content-station-logo-xlarge","description":"","channelno":"21","erotica":"0","minimal":"1","replay":"1","regional":"0","home_only":"0"},"lgi-be-prod-master:plattelandstv":{"id":"lgi-be-prod-master:plattelandstv","assetid":"https:\/\/wp1-halo01-vxtoken-live-be-prod.tnprod.cdn.dmdsdp.com\/dash\/plattelandstv\/manifest.mpd&%%&urn:orion:media:std:lgi-be-prod-master:plattelandstv_ORION_Orion-DASH","name":"PlattelandsTv","icon":"https:\/\/staticqbr-be-prod.tnprod.cdn.dmdsdp.com\/image-service\/ImagesEPG\/EventImages\/MM345.png?style=content-station-logo-xlarge","description":"","channelno":"22","erotica":"0","minimal":"1","replay":"1","regional":"0","home_only":"0"},"lgi-be-prod-master:caz2":{"id":"lgi-be-prod-master:caz2","assetid":"https:\/\/wp1-halo01-vxtoken-live-be-prod.tnprod.cdn.dmdsdp.com\/dash\/caz2\/manifest.mpd&%%&urn:orion:media:std:lgi-be-prod-master:caz2_ORION_Orion-DASH","name":"VTM GOLD","icon":"https:\/\/staticqbr-be-prod.tnprod.cdn.dmdsdp.com\/image-service\/ImagesEPG\/EventImages\/MM3E8.png?style=content-station-logo-xlarge","description":"","channelno":"23","erotica":"0","minimal":"0","replay":"0","regional":"0","home_only":"0"},"lgi-be-prod-master:history":{"id":"lgi-be-prod-master:history","assetid":"https:\/\/wp1-halo05-vxtoken-live-be-prod.tnprod.cdn.dmdsdp.com\/dash\/history\/manifest.mpd&%%&urn:orion:media:std:lgi-be-prod-master:history_ORION_Orion-DASH","name":"History.TV","icon":"https:\/\/staticqbr-be-prod.tnprod.cdn.dmdsdp.com\/image-service\/ImagesEPG\/EventImages\/MM3CA.png?style=content-station-logo-xlarge","description":"","channelno":"24","erotica":"0","minimal":"1","replay":"1","regional":"0","home_only":"0"},"lgi-be-prod-master:bbcfirst":{"id":"lgi-be-prod-master:bbcfirst","assetid":"https:\/\/wp1-halo05-vxtoken-live-be-prod.tnprod.cdn.dmdsdp.com\/dash\/bbcfirst\/manifest.mpd&%%&urn:orion:media:std:lgi-be-prod-master:bbcfirst_ORION_Orion-DASH","name":"BBC First","icon":"https:\/\/staticqbr-be-prod.tnprod.cdn.dmdsdp.com\/image-service\/ImagesEPG\/EventImages\/MM3D8.png?style=content-station-logo-xlarge","description":"","channelno":"25","erotica":"0","minimal":"1","replay":"1","regional":"0","home_only":"0"},"lgi-be-prod-master:bbcprime":{"id":"lgi-be-prod-master:bbcprime","assetid":"https:\/\/wp1-halo01-vxtoken-live-be-prod.tnprod.cdn.dmdsdp.com\/dash\/bbcprime\/manifest.mpd&%%&urn:orion:media:std:lgi-be-prod-master:bbcprime_ORION_Orion-DASH","name":"BBC Entertainment","icon":"https:\/\/staticqbr-be-prod.tnprod.cdn.dmdsdp.com\/image-service\/ImagesEPG\/EventImages\/MM06F.png?style=content-station-logo-xlarge","description":"","channelno":"26","erotica":"0","minimal":"1","replay":"1","regional":"0","home_only":"0"},"lgi-be-prod-master:disneyvl":{"id":"lgi-be-prod-master:disneyvl","assetid":"https:\/\/wp1-halo01-vxtoken-live-be-prod.tnprod.cdn.dmdsdp.com\/dash\/disneyvl\/manifest.mpd&%%&urn:orion:media:std:lgi-be-prod-master:disneyvl_ORION_Orion-DASH","name":"Disney VL","icon":"https:\/\/staticqbr-be-prod.tnprod.cdn.dmdsdp.com\/image-service\/ImagesEPG\/EventImages\/MM2AF.png?style=content-station-logo-xlarge","description":"","channelno":"29","erotica":"0","minimal":"1","replay":"1","regional":"0","home_only":"0"},"lgi-be-prod-master:nickelodeon":{"id":"lgi-be-prod-master:nickelodeon","assetid":"https:\/\/wp1-halo01-vxtoken-live-be-prod.tnprod.cdn.dmdsdp.com\/dash\/nickelodeon\/manifest.mpd&%%&urn:orion:media:std:lgi-be-prod-master:nickelodeon_ORION_Orion-DASH","name":"Nickelodeon","icon":"https:\/\/staticqbr-be-prod.tnprod.cdn.dmdsdp.com\/image-service\/ImagesEPG\/EventImages\/MM144.png?style=content-station-logo-xlarge","description":"","channelno":"31","erotica":"0","minimal":"1","replay":"1","regional":"0","home_only":"0"},"lgi-be-prod-master:nickjr":{"id":"lgi-be-prod-master:nickjr","assetid":"https:\/\/wp1-halo01-vxtoken-live-be-prod.tnprod.cdn.dmdsdp.com\/dash\/nickjr\/manifest.mpd&%%&urn:orion:media:std:lgi-be-prod-master:nickjr_ORION_Orion-DASH","name":"Nick Jr.","icon":"https:\/\/staticqbr-be-prod.tnprod.cdn.dmdsdp.com\/image-service\/ImagesEPG\/EventImages\/MM154.png?style=content-station-logo-xlarge","description":"","channelno":"32","erotica":"0","minimal":"1","replay":"1","regional":"0","home_only":"0"},"lgi-be-prod-master:babytv":{"id":"lgi-be-prod-master:babytv","assetid":"https:\/\/wp1-halo05-vxtoken-live-be-prod.tnprod.cdn.dmdsdp.com\/dash\/babytv\/manifest.mpd&%%&urn:orion:media:std:lgi-be-prod-master:babytv_ORION_Orion-DASH","name":"Baby TV","icon":"https:\/\/staticqbr-be-prod.tnprod.cdn.dmdsdp.com\/image-service\/ImagesEPG\/EventImages\/MM2C4.png?style=content-station-logo-xlarge","description":"","channelno":"33","erotica":"0","minimal":"0","replay":"0","regional":"0","home_only":"0"},"lgi-be-prod-master:vtmkzoom":{"id":"lgi-be-prod-master:vtmkzoom","assetid":"https:\/\/wp1-halo01-vxtoken-live-be-prod.tnprod.cdn.dmdsdp.com\/dash\/vtmkzoom\/manifest.mpd&%%&urn:orion:media:std:lgi-be-prod-master:vtmkzoom_ORION_Orion-DASH","name":"VTM KIDS","icon":"https:\/\/staticqbr-be-prod.tnprod.cdn.dmdsdp.com\/image-service\/ImagesEPG\/EventImages\/MM0A0.png?style=content-station-logo-xlarge","description":"","channelno":"34","erotica":"0","minimal":"1","replay":"1","regional":"0","home_only":"0"},"lgi-be-prod-master:nickukraine":{"id":"lgi-be-prod-master:nickukraine","assetid":"https:\/\/wp1-halo01-vxtoken-live-be-prod.tnprod.cdn.dmdsdp.com\/dash\/vtmkzoom\/manifest.mpd&%%&urn:orion:media:std:lgi-be-prod-master:vtmkzoom_ORION_Orion-DASH","name":"Nickelodeon Ukraine","icon":"https:\/\/staticqbr-be-prod.tnprod.cdn.dmdsdp.com\/image-service\/ImagesEPG\/EventImages\/MM406.png?style=content-station-logo-xlarge","description":"","channelno":"35","erotica":"0","minimal":"1","replay":"1","regional":"0","home_only":"0"},"lgi-be-prod-master:menttv":{"id":"lgi-be-prod-master:menttv","assetid":"https:\/\/wp1-halo01-vxtoken-live-be-prod.tnprod.cdn.dmdsdp.com\/dash\/menttv\/manifest.mpd&%%&urn:orion:media:std:lgi-be-prod-master:menttv_ORION_Orion-DASH","name":"MENT TV","icon":"https:\/\/staticqbr-be-prod.tnprod.cdn.dmdsdp.com\/image-service\/ImagesEPG\/EventImages\/MM1CD.png?style=content-station-logo-xlarge","description":"","channelno":"37","erotica":"0","minimal":"1","replay":"1","regional":"0","home_only":"0"},"lgi-be-prod-master:playhousedisney":{"id":"lgi-be-prod-master:playhousedisney","assetid":"https:\/\/wp1-halo01-vxtoken-live-be-prod.tnprod.cdn.dmdsdp.com\/dash\/playhousedisney\/manifest.mpd&%%&urn:orion:media:std:lgi-be-prod-master:playhousedisney_ORION_Orion-DASH","name":"Disney JR","icon":"https:\/\/staticqbr-be-prod.tnprod.cdn.dmdsdp.com\/image-service\/ImagesEPG\/EventImages\/MM2B8.png?style=content-station-logo-xlarge","description":"","channelno":"38","erotica":"0","minimal":"1","replay":"1","regional":"0","home_only":"0"},"lgi-be-prod-master:qmusic":{"id":"lgi-be-prod-master:qmusic","assetid":"https:\/\/wp1-halo01-vxtoken-live-be-prod.tnprod.cdn.dmdsdp.com\/dash\/qmusic\/manifest.mpd&%%&urn:orion:media:std:lgi-be-prod-master:qmusic_ORION_Orion-DASH","name":"Q-music","icon":"https:\/\/staticqbr-be-prod.tnprod.cdn.dmdsdp.com\/image-service\/ImagesEPG\/EventImages\/MM2DC.png?style=content-station-logo-xlarge","description":"","channelno":"39","erotica":"0","minimal":"1","replay":"0","regional":"0","home_only":"0"},"lgi-be-prod-master:actuatv":{"id":"lgi-be-prod-master:actuatv","assetid":"https:\/\/wp1-halo01-vxtoken-live-be-prod.tnprod.cdn.dmdsdp.com\/dash\/actuatv\/manifest.mpd&%%&urn:orion:media:std:lgi-be-prod-master:actuatv_ORION_Orion-DASH","name":"Vlaams Parlement TV","icon":"https:\/\/staticqbr-be-prod.tnprod.cdn.dmdsdp.com\/image-service\/ImagesEPG\/EventImages\/MM094.png?style=content-station-logo-xlarge","description":"","channelno":"42","erotica":"0","minimal":"1","replay":"0","regional":"0","home_only":"0"},"lgi-be-prod-master:cartoonnetwork":{"id":"lgi-be-prod-master:cartoonnetwork","assetid":"https:\/\/wp1-halo01-vxtoken-live-be-prod.tnprod.cdn.dmdsdp.com\/dash\/cartoonnetwork\/manifest.mpd&%%&urn:orion:media:std:lgi-be-prod-master:cartoonnetwork_ORION_Orion-DASH","name":"Cartoon.Network","icon":"https:\/\/staticqbr-be-prod.tnprod.cdn.dmdsdp.com\/image-service\/ImagesEPG\/EventImages\/MM1C3.png?style=content-station-logo-xlarge","description":"","channelno":"43","erotica":"0","minimal":"1","replay":"1","regional":"0","home_only":"0"},"lgi-be-prod-master:xite":{"id":"lgi-be-prod-master:xite","assetid":"https:\/\/wp1-halo01-vxtoken-live-be-prod.tnprod.cdn.dmdsdp.com\/dash\/xite\/manifest.mpd&%%&urn:orion:media:std:lgi-be-prod-master:xite_ORION_Orion-DASH","name":"Xite","icon":"https:\/\/staticqbr-be-prod.tnprod.cdn.dmdsdp.com\/image-service\/ImagesEPG\/EventImages\/MM274.png?style=content-station-logo-xlarge","description":"","channelno":"44","erotica":"0","minimal":"1","replay":"0","regional":"0","home_only":"0"},"lgi-be-prod-master:dobbittv":{"id":"lgi-be-prod-master:dobbittv","assetid":"https:\/\/wp1-halo01-vxtoken-live-be-prod.tnprod.cdn.dmdsdp.com\/dash\/dobbittv\/manifest.mpd&%%&urn:orion:media:std:lgi-be-prod-master:dobbittv_ORION_Orion-DASH","name":"DOBBIT TV","icon":"https:\/\/staticqbr-be-prod.tnprod.cdn.dmdsdp.com\/image-service\/ImagesEPG\/EventImages\/MM343.png?style=content-station-logo-xlarge","description":"","channelno":"45","erotica":"0","minimal":"1","replay":"1","regional":"0","home_only":"0"},"lgi-be-prod-master:brava":{"id":"lgi-be-prod-master:brava","assetid":"https:\/\/wp1-halo01-vxtoken-live-be-prod.tnprod.cdn.dmdsdp.com\/dash\/dobbittv\/manifest.mpd&%%&urn:orion:media:std:lgi-be-prod-master:dobbittv_ORION_Orion-DASH","name":"Stingray Classica","icon":"https:\/\/staticqbr-be-prod.tnprod.cdn.dmdsdp.com\/image-service\/ImagesEPG\/EventImages\/MM177.png?style=content-station-logo-xlarge","description":"","channelno":"50","erotica":"0","minimal":"1","replay":"1","regional":"0","home_only":"0"},"lgi-be-prod-master:evenaar":{"id":"lgi-be-prod-master:evenaar","assetid":"https:\/\/wp1-halo01-vxtoken-live-be-prod.tnprod.cdn.dmdsdp.com\/dash\/dobbittv\/manifest.mpd&%%&urn:orion:media:std:lgi-be-prod-master:dobbittv_ORION_Orion-DASH","name":"Eclips TV","icon":"https:\/\/staticqbr-be-prod.tnprod.cdn.dmdsdp.com\/image-service\/ImagesEPG\/EventImages\/MM3C0.png?style=content-station-logo-xlarge","description":"","channelno":"51","erotica":"0","minimal":"0","replay":"0","regional":"0","home_only":"0"},"lgi-be-prod-master:outtv":{"id":"lgi-be-prod-master:outtv","assetid":"https:\/\/wp1-halo05-vxtoken-live-be-prod.tnprod.cdn.dmdsdp.com\/dash\/outtv\/manifest.mpd&%%&urn:orion:media:std:lgi-be-prod-master:outtv_ORION_Orion-DASH","name":"OUT TV","icon":"https:\/\/staticqbr-be-prod.tnprod.cdn.dmdsdp.com\/image-service\/ImagesEPG\/EventImages\/MM21A.png?style=content-station-logo-xlarge","description":"","channelno":"52","erotica":"0","minimal":"1","replay":"1","regional":"0","home_only":"0"},"lgi-be-prod-master:stories":{"id":"lgi-be-prod-master:stories","assetid":"https:\/\/wp1-halo05-vxtoken-live-be-prod.tnprod.cdn.dmdsdp.com\/dash\/outtv\/manifest.mpd&%%&urn:orion:media:std:lgi-be-prod-master:outtv_ORION_Orion-DASH","name":"TV.Plus","icon":"https:\/\/staticqbr-be-prod.tnprod.cdn.dmdsdp.com\/image-service\/ImagesEPG\/EventImages\/MM08A.png?style=content-station-logo-xlarge","description":"","channelno":"53","erotica":"0","minimal":"0","replay":"0","regional":"0","home_only":"0"},"lgi-be-prod-master:bbchd":{"id":"lgi-be-prod-master:bbchd","assetid":"https:\/\/wp1-halo05-vxtoken-live-be-prod.tnprod.cdn.dmdsdp.com\/dash\/outtv\/manifest.mpd&%%&urn:orion:media:std:lgi-be-prod-master:outtv_ORION_Orion-DASH","name":"BBC One HD","icon":"https:\/\/staticqbr-be-prod.tnprod.cdn.dmdsdp.com\/image-service\/ImagesEPG\/EventImages\/MM121.png?style=content-station-logo-xlarge","description":"","channelno":"62","erotica":"0","minimal":"0","replay":"0","regional":"0","home_only":"0"},"lgi-be-prod-master:ned1":{"id":"lgi-be-prod-master:ned1","assetid":"https:\/\/wp1-halo03-vxtoken-live-be-prod.tnprod.cdn.dmdsdp.com\/dash\/ned1\/manifest.mpd&%%&urn:orion:media:std:lgi-be-prod-master:ned1_ORION_Orion-DASH","name":"NPO 1","icon":"https:\/\/staticqbr-be-prod.tnprod.cdn.dmdsdp.com\/image-service\/ImagesEPG\/EventImages\/MM072.png?style=content-station-logo-xlarge","description":"","channelno":"100","erotica":"0","minimal":"1","replay":"1","regional":"0","home_only":"0"},"lgi-be-prod-master:ned2":{"id":"lgi-be-prod-master:ned2","assetid":"https:\/\/wp1-halo03-vxtoken-live-be-prod.tnprod.cdn.dmdsdp.com\/dash\/ned2\/manifest.mpd&%%&urn:orion:media:std:lgi-be-prod-master:ned2_ORION_Orion-DASH","name":"NPO 2","icon":"https:\/\/staticqbr-be-prod.tnprod.cdn.dmdsdp.com\/image-service\/ImagesEPG\/EventImages\/MM073.png?style=content-station-logo-xlarge","description":"","channelno":"101","erotica":"0","minimal":"1","replay":"1","regional":"0","home_only":"0"},"lgi-be-prod-master:ned3":{"id":"lgi-be-prod-master:ned3","assetid":"https:\/\/wp1-halo03-vxtoken-live-be-prod.tnprod.cdn.dmdsdp.com\/dash\/ned3\/manifest.mpd&%%&urn:orion:media:std:lgi-be-prod-master:ned3_ORION_Orion-DASH","name":"NPO 3","icon":"https:\/\/staticqbr-be-prod.tnprod.cdn.dmdsdp.com\/image-service\/ImagesEPG\/EventImages\/MM074.png?style=content-station-logo-xlarge","description":"","channelno":"102","erotica":"0","minimal":"1","replay":"1","regional":"0","home_only":"0"},"lgi-be-prod-master:bbc1":{"id":"lgi-be-prod-master:bbc1","assetid":"https:\/\/wp1-halo03-vxtoken-live-be-prod.tnprod.cdn.dmdsdp.com\/dash\/ned3\/manifest.mpd&%%&urn:orion:media:std:lgi-be-prod-master:ned3_ORION_Orion-DASH","name":"BBC 1","icon":"https:\/\/staticqbr-be-prod.tnprod.cdn.dmdsdp.com\/image-service\/ImagesEPG\/EventImages\/MM076.png?style=content-station-logo-xlarge","description":"","channelno":"120","erotica":"0","minimal":"0","replay":"0","regional":"0","home_only":"0"},"lgi-be-prod-master:bbc2":{"id":"lgi-be-prod-master:bbc2","assetid":"https:\/\/wp1-halo03-vxtoken-live-be-prod.tnprod.cdn.dmdsdp.com\/dash\/ned3\/manifest.mpd&%%&urn:orion:media:std:lgi-be-prod-master:ned3_ORION_Orion-DASH","name":"BBC 2","icon":"https:\/\/staticqbr-be-prod.tnprod.cdn.dmdsdp.com\/image-service\/ImagesEPG\/EventImages\/MM077.png?style=content-station-logo-xlarge","description":"","channelno":"121","erotica":"0","minimal":"0","replay":"0","regional":"0","home_only":"0"},"lgi-be-prod-master:launehd":{"id":"lgi-be-prod-master:launehd","assetid":"https:\/\/wp1-halo03-vxtoken-live-be-prod.tnprod.cdn.dmdsdp.com\/dash\/launehd\/manifest.mpd&%%&urn:orion:media:std:lgi-be-prod-master:launehd_ORION_Orion-DASH","name":"La Une HD","icon":"https:\/\/staticqbr-be-prod.tnprod.cdn.dmdsdp.com\/image-service\/ImagesEPG\/EventImages\/MM08C.png?style=content-station-logo-xlarge","description":"","channelno":"130","erotica":"0","minimal":"1","replay":"1","regional":"0","home_only":"0"},"lgi-be-prod-master:ladeuxhd":{"id":"lgi-be-prod-master:ladeuxhd","assetid":"https:\/\/wp1-halo03-vxtoken-live-be-prod.tnprod.cdn.dmdsdp.com\/dash\/ladeuxhd\/manifest.mpd&%%&urn:orion:media:std:lgi-be-prod-master:ladeuxhd_ORION_Orion-DASH","name":"Tipik","icon":"https:\/\/staticqbr-be-prod.tnprod.cdn.dmdsdp.com\/image-service\/ImagesEPG\/EventImages\/MM08E.png?style=content-station-logo-xlarge","description":"","channelno":"131","erotica":"0","minimal":"1","replay":"1","regional":"0","home_only":"0"},"lgi-be-prod-master:rtltvihd":{"id":"lgi-be-prod-master:rtltvihd","assetid":"https:\/\/wp1-halo03-vxtoken-live-be-prod.tnprod.cdn.dmdsdp.com\/dash\/rtltvihd\/manifest.mpd&%%&urn:orion:media:std:lgi-be-prod-master:rtltvihd_ORION_Orion-DASH","name":"RTL TVI HD","icon":"https:\/\/staticqbr-be-prod.tnprod.cdn.dmdsdp.com\/image-service\/ImagesEPG\/EventImages\/MM11F.png?style=content-station-logo-xlarge","description":"","channelno":"132","erotica":"0","minimal":"1","replay":"1","regional":"0","home_only":"0"},"lgi-be-prod-master:clubrtlhd":{"id":"lgi-be-prod-master:clubrtlhd","assetid":"https:\/\/wp1-halo03-vxtoken-live-be-prod.tnprod.cdn.dmdsdp.com\/dash\/clubrtlhd\/manifest.mpd&%%&urn:orion:media:std:lgi-be-prod-master:clubrtlhd_ORION_Orion-DASH","name":"Club RTL HD","icon":"https:\/\/staticqbr-be-prod.tnprod.cdn.dmdsdp.com\/image-service\/ImagesEPG\/EventImages\/MM11E.png?style=content-station-logo-xlarge","description":"","channelno":"133","erotica":"0","minimal":"1","replay":"1","regional":"0","home_only":"0"},"lgi-be-prod-master:plugrtl":{"id":"lgi-be-prod-master:plugrtl","assetid":"https:\/\/wp1-halo03-vxtoken-live-be-prod.tnprod.cdn.dmdsdp.com\/dash\/plugrtl\/manifest.mpd&%%&urn:orion:media:std:lgi-be-prod-master:plugrtl_ORION_Orion-DASH","name":"Plug RTL","icon":"https:\/\/staticqbr-be-prod.tnprod.cdn.dmdsdp.com\/image-service\/ImagesEPG\/EventImages\/MM07A.png?style=content-station-logo-xlarge","description":"","channelno":"134","erotica":"0","minimal":"1","replay":"0","regional":"0","home_only":"0"},"lgi-be-prod-master:ab3":{"id":"lgi-be-prod-master:ab3","assetid":"https:\/\/wp1-halo03-vxtoken-live-be-prod.tnprod.cdn.dmdsdp.com\/dash\/ab3\/manifest.mpd&%%&urn:orion:media:std:lgi-be-prod-master:ab3_ORION_Orion-DASH","name":"AB3","icon":"https:\/\/staticqbr-be-prod.tnprod.cdn.dmdsdp.com\/image-service\/ImagesEPG\/EventImages\/MM0D2.png?style=content-station-logo-xlarge","description":"","channelno":"135","erotica":"0","minimal":"0","replay":"1","regional":"0","home_only":"0"},"lgi-be-prod-master:rcontactvision":{"id":"lgi-be-prod-master:rcontactvision","assetid":"https:\/\/wp1-halo03-vxtoken-live-be-prod.tnprod.cdn.dmdsdp.com\/dash\/ab3\/manifest.mpd&%%&urn:orion:media:std:lgi-be-prod-master:ab3_ORION_Orion-DASH","name":"R. Contact Vision","icon":"https:\/\/staticqbr-be-prod.tnprod.cdn.dmdsdp.com\/image-service\/ImagesEPG\/EventImages\/MM2A6.png?style=content-station-logo-xlarge","description":"","channelno":"137","erotica":"0","minimal":"0","replay":"0","regional":"0","home_only":"0"},"lgi-be-prod-master:latrois":{"id":"lgi-be-prod-master:latrois","assetid":"https:\/\/wp1-halo03-vxtoken-live-be-prod.tnprod.cdn.dmdsdp.com\/dash\/latrois\/manifest.mpd&%%&urn:orion:media:std:lgi-be-prod-master:latrois_ORION_Orion-DASH","name":"La Trois","icon":"https:\/\/staticqbr-be-prod.tnprod.cdn.dmdsdp.com\/image-service\/ImagesEPG\/EventImages\/MM281.png?style=content-station-logo-xlarge","description":"","channelno":"138","erotica":"0","minimal":"1","replay":"1","regional":"0","home_only":"0"},"lgi-be-prod-master:ln24":{"id":"lgi-be-prod-master:ln24","assetid":"https:\/\/wp1-halo03-vxtoken-live-be-prod.tnprod.cdn.dmdsdp.com\/dash\/latrois\/manifest.mpd&%%&urn:orion:media:std:lgi-be-prod-master:latrois_ORION_Orion-DASH","name":"LN24","icon":"https:\/\/staticqbr-be-prod.tnprod.cdn.dmdsdp.com\/image-service\/ImagesEPG\/EventImages\/MM374.png?style=content-station-logo-xlarge","description":"","channelno":"140","erotica":"0","minimal":"0","replay":"0","regional":"0","home_only":"0"},"lgi-be-prod-master:c8":{"id":"lgi-be-prod-master:c8","assetid":"https:\/\/wp1-halo05-vxtoken-live-be-prod.tnprod.cdn.dmdsdp.com\/dash\/c8\/manifest.mpd&%%&urn:orion:media:std:lgi-be-prod-master:c8_ORION_Orion-DASH","name":"C8","icon":"https:\/\/staticqbr-be-prod.tnprod.cdn.dmdsdp.com\/image-service\/ImagesEPG\/EventImages\/MM040.png?style=content-station-logo-xlarge","description":"","channelno":"141","erotica":"0","minimal":"1","replay":"1","regional":"0","home_only":"0"},"lgi-be-prod-master:tmc":{"id":"lgi-be-prod-master:tmc","assetid":"https:\/\/wp1-halo05-vxtoken-live-be-prod.tnprod.cdn.dmdsdp.com\/dash\/tmc\/manifest.mpd&%%&urn:orion:media:std:lgi-be-prod-master:tmc_ORION_Orion-DASH","name":"TMC","icon":"https:\/\/staticqbr-be-prod.tnprod.cdn.dmdsdp.com\/image-service\/ImagesEPG\/EventImages\/MM317.png?style=content-station-logo-xlarge","description":"","channelno":"142","erotica":"0","minimal":"1","replay":"1","regional":"0","home_only":"0"},"lgi-be-prod-master:tfx":{"id":"lgi-be-prod-master:tfx","assetid":"https:\/\/wp1-halo05-vxtoken-live-be-prod.tnprod.cdn.dmdsdp.com\/dash\/tfx\/manifest.mpd&%%&urn:orion:media:std:lgi-be-prod-master:tfx_ORION_Orion-DASH","name":"TFX","icon":"https:\/\/staticqbr-be-prod.tnprod.cdn.dmdsdp.com\/image-service\/ImagesEPG\/EventImages\/MM041.png?style=content-station-logo-xlarge","description":"","channelno":"143","erotica":"0","minimal":"1","replay":"1","regional":"0","home_only":"0"},"lgi-be-prod-master:tf1hd":{"id":"lgi-be-prod-master:tf1hd","assetid":"https:\/\/wp1-halo03-vxtoken-live-be-prod.tnprod.cdn.dmdsdp.com\/dash\/tf1hd\/manifest.mpd&%%&urn:orion:media:std:lgi-be-prod-master:tf1hd_ORION_Orion-DASH","name":"TF1 HD","icon":"https:\/\/staticqbr-be-prod.tnprod.cdn.dmdsdp.com\/image-service\/ImagesEPG\/EventImages\/MM0AC.png?style=content-station-logo-xlarge","description":"","channelno":"150","erotica":"0","minimal":"1","replay":"0","regional":"0","home_only":"0"},"lgi-be-prod-master:france2":{"id":"lgi-be-prod-master:france2","assetid":"https:\/\/wp1-halo03-vxtoken-live-be-prod.tnprod.cdn.dmdsdp.com\/dash\/france2\/manifest.mpd&%%&urn:orion:media:std:lgi-be-prod-master:france2_ORION_Orion-DASH","name":"France 2","icon":"https:\/\/staticqbr-be-prod.tnprod.cdn.dmdsdp.com\/image-service\/ImagesEPG\/EventImages\/MM07D.png?style=content-station-logo-xlarge","description":"","channelno":"151","erotica":"0","minimal":"1","replay":"0","regional":"0","home_only":"0"},"lgi-be-prod-master:france3":{"id":"lgi-be-prod-master:france3","assetid":"https:\/\/wp1-halo03-vxtoken-live-be-prod.tnprod.cdn.dmdsdp.com\/dash\/france3\/manifest.mpd&%%&urn:orion:media:std:lgi-be-prod-master:france3_ORION_Orion-DASH","name":"France 3","icon":"https:\/\/staticqbr-be-prod.tnprod.cdn.dmdsdp.com\/image-service\/ImagesEPG\/EventImages\/MM07E.png?style=content-station-logo-xlarge","description":"","channelno":"152","erotica":"0","minimal":"1","replay":"0","regional":"0","home_only":"0"},"lgi-be-prod-master:france4":{"id":"lgi-be-prod-master:france4","assetid":"https:\/\/wp1-halo03-vxtoken-live-be-prod.tnprod.cdn.dmdsdp.com\/dash\/france4\/manifest.mpd&%%&urn:orion:media:std:lgi-be-prod-master:france4_ORION_Orion-DASH","name":"France 4","icon":"https:\/\/staticqbr-be-prod.tnprod.cdn.dmdsdp.com\/image-service\/ImagesEPG\/EventImages\/MM148.png?style=content-station-logo-xlarge","description":"","channelno":"153","erotica":"0","minimal":"1","replay":"0","regional":"0","home_only":"0"},"lgi-be-prod-master:france5":{"id":"lgi-be-prod-master:france5","assetid":"https:\/\/wp1-halo03-vxtoken-live-be-prod.tnprod.cdn.dmdsdp.com\/dash\/france5\/manifest.mpd&%%&urn:orion:media:std:lgi-be-prod-master:france5_ORION_Orion-DASH","name":"France 5","icon":"https:\/\/staticqbr-be-prod.tnprod.cdn.dmdsdp.com\/image-service\/ImagesEPG\/EventImages\/MM149.png?style=content-station-logo-xlarge","description":"","channelno":"154","erotica":"0","minimal":"1","replay":"0","regional":"0","home_only":"0"},"lgi-be-prod-master:artebelgique":{"id":"lgi-be-prod-master:artebelgique","assetid":"https:\/\/wp1-halo03-vxtoken-live-be-prod.tnprod.cdn.dmdsdp.com\/dash\/france5\/manifest.mpd&%%&urn:orion:media:std:lgi-be-prod-master:france5_ORION_Orion-DASH","name":"Arte Belgique","icon":"https:\/\/staticqbr-be-prod.tnprod.cdn.dmdsdp.com\/image-service\/ImagesEPG\/EventImages\/MM306.png?style=content-station-logo-xlarge","description":"","channelno":"155","erotica":"0","minimal":"0","replay":"0","regional":"0","home_only":"0"},"lgi-be-prod-master:tvbreizh":{"id":"lgi-be-prod-master:tvbreizh","assetid":"https:\/\/wp1-halo03-vxtoken-live-be-prod.tnprod.cdn.dmdsdp.com\/dash\/france5\/manifest.mpd&%%&urn:orion:media:std:lgi-be-prod-master:france5_ORION_Orion-DASH","name":"TV Breizh","icon":"https:\/\/staticqbr-be-prod.tnprod.cdn.dmdsdp.com\/image-service\/ImagesEPG\/EventImages\/MM308.png?style=content-station-logo-xlarge","description":"","channelno":"157","erotica":"0","minimal":"0","replay":"0","regional":"0","home_only":"0"},"lgi-be-prod-master:tv5monde":{"id":"lgi-be-prod-master:tv5monde","assetid":"https:\/\/wp1-halo03-vxtoken-live-be-prod.tnprod.cdn.dmdsdp.com\/dash\/france5\/manifest.mpd&%%&urn:orion:media:std:lgi-be-prod-master:france5_ORION_Orion-DASH","name":"TV5","icon":"https:\/\/staticqbr-be-prod.tnprod.cdn.dmdsdp.com\/image-service\/ImagesEPG\/EventImages\/MM091.png?style=content-station-logo-xlarge","description":"","channelno":"158","erotica":"0","minimal":"0","replay":"0","regional":"0","home_only":"0"},"lgi-be-prod-master:ard":{"id":"lgi-be-prod-master:ard","assetid":"https:\/\/wp1-halo03-vxtoken-live-be-prod.tnprod.cdn.dmdsdp.com\/dash\/france5\/manifest.mpd&%%&urn:orion:media:std:lgi-be-prod-master:france5_ORION_Orion-DASH","name":"ARD","icon":"https:\/\/staticqbr-be-prod.tnprod.cdn.dmdsdp.com\/image-service\/ImagesEPG\/EventImages\/MM080.png?style=content-station-logo-xlarge","description":"","channelno":"170","erotica":"0","minimal":"0","replay":"0","regional":"0","home_only":"0"},"lgi-be-prod-master:zdf":{"id":"lgi-be-prod-master:zdf","assetid":"https:\/\/wp1-halo03-vxtoken-live-be-prod.tnprod.cdn.dmdsdp.com\/dash\/france5\/manifest.mpd&%%&urn:orion:media:std:lgi-be-prod-master:france5_ORION_Orion-DASH","name":"ZDF","icon":"https:\/\/staticqbr-be-prod.tnprod.cdn.dmdsdp.com\/image-service\/ImagesEPG\/EventImages\/MM081.png?style=content-station-logo-xlarge","description":"","channelno":"171","erotica":"0","minimal":"0","replay":"0","regional":"0","home_only":"0"},"lgi-be-prod-master:rtltele":{"id":"lgi-be-prod-master:rtltele","assetid":"https:\/\/wp1-halo03-vxtoken-live-be-prod.tnprod.cdn.dmdsdp.com\/dash\/france5\/manifest.mpd&%%&urn:orion:media:std:lgi-be-prod-master:france5_ORION_Orion-DASH","name":"RTL Tele","icon":"https:\/\/staticqbr-be-prod.tnprod.cdn.dmdsdp.com\/image-service\/ImagesEPG\/EventImages\/MM282.png?style=content-station-logo-xlarge","description":"","channelno":"175","erotica":"0","minimal":"0","replay":"0","regional":"0","home_only":"0"},"lgi-be-prod-master:vox":{"id":"lgi-be-prod-master:vox","assetid":"https:\/\/wp1-halo03-vxtoken-live-be-prod.tnprod.cdn.dmdsdp.com\/dash\/france5\/manifest.mpd&%%&urn:orion:media:std:lgi-be-prod-master:france5_ORION_Orion-DASH","name":"VOX","icon":"https:\/\/staticqbr-be-prod.tnprod.cdn.dmdsdp.com\/image-service\/ImagesEPG\/EventImages\/MM294.png?style=content-station-logo-xlarge","description":"","channelno":"176","erotica":"0","minimal":"0","replay":"0","regional":"0","home_only":"0"},"lgi-be-prod-master:ntv":{"id":"lgi-be-prod-master:ntv","assetid":"https:\/\/wp1-halo03-vxtoken-live-be-prod.tnprod.cdn.dmdsdp.com\/dash\/france5\/manifest.mpd&%%&urn:orion:media:std:lgi-be-prod-master:france5_ORION_Orion-DASH","name":"n-tv","icon":"https:\/\/staticqbr-be-prod.tnprod.cdn.dmdsdp.com\/image-service\/ImagesEPG\/EventImages\/MM1CC.png?style=content-station-logo-xlarge","description":"","channelno":"177","erotica":"0","minimal":"0","replay":"0","regional":"0","home_only":"0"},"lgi-be-prod-master:raiuno":{"id":"lgi-be-prod-master:raiuno","assetid":"https:\/\/wp1-halo03-vxtoken-live-be-prod.tnprod.cdn.dmdsdp.com\/dash\/france5\/manifest.mpd&%%&urn:orion:media:std:lgi-be-prod-master:france5_ORION_Orion-DASH","name":"Rai Uno","icon":"https:\/\/staticqbr-be-prod.tnprod.cdn.dmdsdp.com\/image-service\/ImagesEPG\/EventImages\/MM08D.png?style=content-station-logo-xlarge","description":"","channelno":"180","erotica":"0","minimal":"0","replay":"0","regional":"0","home_only":"0"},"lgi-be-prod-master:tve":{"id":"lgi-be-prod-master:tve","assetid":"https:\/\/wp1-halo03-vxtoken-live-be-prod.tnprod.cdn.dmdsdp.com\/dash\/france5\/manifest.mpd&%%&urn:orion:media:std:lgi-be-prod-master:france5_ORION_Orion-DASH","name":"TVE","icon":"https:\/\/staticqbr-be-prod.tnprod.cdn.dmdsdp.com\/image-service\/ImagesEPG\/EventImages\/MM28B.png?style=content-station-logo-xlarge","description":"","channelno":"181","erotica":"0","minimal":"0","replay":"0","regional":"0","home_only":"0"},"lgi-be-prod-master:trt":{"id":"lgi-be-prod-master:trt","assetid":"https:\/\/wp1-halo03-vxtoken-live-be-prod.tnprod.cdn.dmdsdp.com\/dash\/france5\/manifest.mpd&%%&urn:orion:media:std:lgi-be-prod-master:france5_ORION_Orion-DASH","name":"TRT","icon":"https:\/\/staticqbr-be-prod.tnprod.cdn.dmdsdp.com\/image-service\/ImagesEPG\/EventImages\/MM090.png?style=content-station-logo-xlarge","description":"","channelno":"184","erotica":"0","minimal":"0","replay":"0","regional":"0","home_only":"0"},"lgi-be-prod-master:mediasetint":{"id":"lgi-be-prod-master:mediasetint","assetid":"https:\/\/wp1-halo03-vxtoken-live-be-prod.tnprod.cdn.dmdsdp.com\/dash\/france5\/manifest.mpd&%%&urn:orion:media:std:lgi-be-prod-master:france5_ORION_Orion-DASH","name":"Mediaset Italia","icon":"https:\/\/staticqbr-be-prod.tnprod.cdn.dmdsdp.com\/image-service\/ImagesEPG\/EventImages\/MM0A4.png?style=content-station-logo-xlarge","description":"","channelno":"187","erotica":"0","minimal":"0","replay":"0","regional":"0","home_only":"0"},"lgi-be-prod-master:theisraelinetwork":{"id":"lgi-be-prod-master:theisraelinetwork","assetid":"https:\/\/wp1-halo03-vxtoken-live-be-prod.tnprod.cdn.dmdsdp.com\/dash\/france5\/manifest.mpd&%%&urn:orion:media:std:lgi-be-prod-master:france5_ORION_Orion-DASH","name":"The Isra\u00ebli Network","icon":"https:\/\/staticqbr-be-prod.tnprod.cdn.dmdsdp.com\/image-service\/ImagesEPG\/EventImages\/MM3BD.png?style=content-station-logo-xlarge","description":"","channelno":"188","erotica":"0","minimal":"0","replay":"0","regional":"0","home_only":"0"},"lgi-be-prod-master:2mmonde":{"id":"lgi-be-prod-master:2mmonde","assetid":"https:\/\/wp1-halo03-vxtoken-live-be-prod.tnprod.cdn.dmdsdp.com\/dash\/france5\/manifest.mpd&%%&urn:orion:media:std:lgi-be-prod-master:france5_ORION_Orion-DASH","name":"2M Monde","icon":"https:\/\/staticqbr-be-prod.tnprod.cdn.dmdsdp.com\/image-service\/ImagesEPG\/EventImages\/MM304.png?style=content-station-logo-xlarge","description":"","channelno":"191","erotica":"0","minimal":"0","replay":"0","regional":"0","home_only":"0"},"lgi-be-prod-master:almaghrebtv":{"id":"lgi-be-prod-master:almaghrebtv","assetid":"https:\/\/wp1-halo03-vxtoken-live-be-prod.tnprod.cdn.dmdsdp.com\/dash\/france5\/manifest.mpd&%%&urn:orion:media:std:lgi-be-prod-master:france5_ORION_Orion-DASH","name":"Al Maghreb TV","icon":"https:\/\/staticqbr-be-prod.tnprod.cdn.dmdsdp.com\/image-service\/ImagesEPG\/EventImages\/MM185.png?style=content-station-logo-xlarge","description":"","channelno":"192","erotica":"0","minimal":"0","replay":"0","regional":"0","home_only":"0"},"lgi-be-prod-master:primesporthd":{"id":"lgi-be-prod-master:primesporthd","assetid":"https:\/\/wp1-halo03-vxtoken-live-be-prod.tnprod.cdn.dmdsdp.com\/dash\/primesporthd\/manifest.mpd&%%&urn:orion:media:std:lgi-be-prod-master:primesporthd_ORION_Orion-DASH","name":"Play Sports HD1","icon":"https:\/\/staticqbr-be-prod.tnprod.cdn.dmdsdp.com\/image-service\/ImagesEPG\/EventImages\/MM0C8.png?style=content-station-logo-xlarge","description":"","channelno":"200","erotica":"0","minimal":"0","replay":"1","regional":"0","home_only":"0"},"lgi-be-prod-master:sportinghd2":{"id":"lgi-be-prod-master:sportinghd2","assetid":"https:\/\/wp1-halo03-vxtoken-live-be-prod.tnprod.cdn.dmdsdp.com\/dash\/sportinghd2\/manifest.mpd&%%&urn:orion:media:std:lgi-be-prod-master:sportinghd2_ORION_Orion-DASH","name":"Play Sports HD2","icon":"https:\/\/staticqbr-be-prod.tnprod.cdn.dmdsdp.com\/image-service\/ImagesEPG\/EventImages\/MM376.png?style=content-station-logo-xlarge","description":"","channelno":"201","erotica":"0","minimal":"0","replay":"1","regional":"0","home_only":"0"},"lgi-be-prod-master:sporting3":{"id":"lgi-be-prod-master:sporting3","assetid":"https:\/\/wp1-halo03-vxtoken-live-be-prod.tnprod.cdn.dmdsdp.com\/dash\/sporting3\/manifest.mpd&%%&urn:orion:media:std:lgi-be-prod-master:sporting3_ORION_Orion-DASH","name":"Play Sports HD3","icon":"https:\/\/staticqbr-be-prod.tnprod.cdn.dmdsdp.com\/image-service\/ImagesEPG\/EventImages\/MM377.png?style=content-station-logo-xlarge","description":"","channelno":"202","erotica":"0","minimal":"0","replay":"1","regional":"0","home_only":"0"},"lgi-be-prod-master:sporting4":{"id":"lgi-be-prod-master:sporting4","assetid":"https:\/\/wp1-halo03-vxtoken-live-be-prod.tnprod.cdn.dmdsdp.com\/dash\/sporting4\/manifest.mpd&%%&urn:orion:media:std:lgi-be-prod-master:sporting4_ORION_Orion-DASH","name":"Play Sports HD4","icon":"https:\/\/staticqbr-be-prod.tnprod.cdn.dmdsdp.com\/image-service\/ImagesEPG\/EventImages\/MM0E1.png?style=content-station-logo-xlarge","description":"","channelno":"203","erotica":"0","minimal":"0","replay":"1","regional":"0","home_only":"0"},"lgi-be-prod-master:sporting5":{"id":"lgi-be-prod-master:sporting5","assetid":"https:\/\/wp1-halo03-vxtoken-live-be-prod.tnprod.cdn.dmdsdp.com\/dash\/sporting5\/manifest.mpd&%%&urn:orion:media:std:lgi-be-prod-master:sporting5_ORION_Orion-DASH","name":"Play Sports Premier League","icon":"https:\/\/staticqbr-be-prod.tnprod.cdn.dmdsdp.com\/image-service\/ImagesEPG\/EventImages\/MM0E2.png?style=content-station-logo-xlarge","description":"","channelno":"204","erotica":"0","minimal":"0","replay":"1","regional":"0","home_only":"0"},"lgi-be-prod-master:primegolf":{"id":"lgi-be-prod-master:primegolf","assetid":"https:\/\/wp1-halo03-vxtoken-live-be-prod.tnprod.cdn.dmdsdp.com\/dash\/primegolf\/manifest.mpd&%%&urn:orion:media:std:lgi-be-prod-master:primegolf_ORION_Orion-DASH","name":"Play Sports Golf","icon":"https:\/\/staticqbr-be-prod.tnprod.cdn.dmdsdp.com\/image-service\/ImagesEPG\/EventImages\/MM378.png?style=content-station-logo-xlarge","description":"","channelno":"205","erotica":"0","minimal":"0","replay":"1","regional":"0","home_only":"0"},"lgi-be-prod-master:horse":{"id":"lgi-be-prod-master:horse","assetid":"https:\/\/wp1-halo03-vxtoken-live-be-prod.tnprod.cdn.dmdsdp.com\/dash\/horse\/manifest.mpd&%%&urn:orion:media:std:lgi-be-prod-master:horse_ORION_Orion-DASH","name":"Horse & Country","icon":"https:\/\/staticqbr-be-prod.tnprod.cdn.dmdsdp.com\/image-service\/ImagesEPG\/EventImages\/MM405.png?style=content-station-logo-xlarge","description":"","channelno":"208","erotica":"0","minimal":"1","replay":"1","regional":"0","home_only":"0"},"lgi-be-prod-master:eurosporthd":{"id":"lgi-be-prod-master:eurosporthd","assetid":"https:\/\/wp1-halo03-vxtoken-live-be-prod.tnprod.cdn.dmdsdp.com\/dash\/eurosporthd\/manifest.mpd&%%&urn:orion:media:std:lgi-be-prod-master:eurosporthd_ORION_Orion-DASH","name":"Eurosport HD","icon":"https:\/\/staticqbr-be-prod.tnprod.cdn.dmdsdp.com\/image-service\/ImagesEPG\/EventImages\/MM1C7.png?style=content-station-logo-xlarge","description":"","channelno":"210","erotica":"0","minimal":"1","replay":"1","regional":"0","home_only":"0"},"lgi-be-prod-master:eurosport2":{"id":"lgi-be-prod-master:eurosport2","assetid":"https:\/\/wp1-halo03-vxtoken-live-be-prod.tnprod.cdn.dmdsdp.com\/dash\/eurosport2\/manifest.mpd&%%&urn:orion:media:std:lgi-be-prod-master:eurosport2_ORION_Orion-DASH","name":"Eurosport 2 HD","icon":"https:\/\/staticqbr-be-prod.tnprod.cdn.dmdsdp.com\/image-service\/ImagesEPG\/EventImages\/MM138.png?style=content-station-logo-xlarge","description":"","channelno":"211","erotica":"0","minimal":"1","replay":"1","regional":"0","home_only":"0"},"lgi-be-prod-master:jplnl01":{"id":"lgi-be-prod-master:jplnl01","assetid":"https:\/\/wp1-halo05-vxtoken-live-be-prod.tnprod.cdn.dmdsdp.com\/dash\/jplnl01\/manifest.mpd&%%&urn:orion:media:std:lgi-be-prod-master:jplnl01_ORION_Orion-DASH","name":"Eleven Pro League 1 NL","icon":"https:\/\/staticqbr-be-prod.tnprod.cdn.dmdsdp.com\/image-service\/ImagesEPG\/EventImages\/MM3F7.png?style=content-station-logo-xlarge","description":"","channelno":"212","erotica":"0","minimal":"0","replay":"1","regional":"0","home_only":"0"},"lgi-be-prod-master:jplnl02":{"id":"lgi-be-prod-master:jplnl02","assetid":"https:\/\/wp1-halo05-vxtoken-live-be-prod.tnprod.cdn.dmdsdp.com\/dash\/jplnl02\/manifest.mpd&%%&urn:orion:media:std:lgi-be-prod-master:jplnl02_ORION_Orion-DASH","name":"Eleven Pro League 2 NL","icon":"https:\/\/staticqbr-be-prod.tnprod.cdn.dmdsdp.com\/image-service\/ImagesEPG\/EventImages\/MM3F8.png?style=content-station-logo-xlarge","description":"","channelno":"213","erotica":"0","minimal":"0","replay":"1","regional":"0","home_only":"0"},"lgi-be-prod-master:jplnl03":{"id":"lgi-be-prod-master:jplnl03","assetid":"https:\/\/wp1-halo05-vxtoken-live-be-prod.tnprod.cdn.dmdsdp.com\/dash\/jplnl03\/manifest.mpd&%%&urn:orion:media:std:lgi-be-prod-master:jplnl03_ORION_Orion-DASH","name":"Eleven Pro League 3 NL","icon":"https:\/\/staticqbr-be-prod.tnprod.cdn.dmdsdp.com\/image-service\/ImagesEPG\/EventImages\/MM3F9.png?style=content-station-logo-xlarge","description":"","channelno":"214","erotica":"0","minimal":"0","replay":"1","regional":"0","home_only":"0"},"lgi-be-prod-master:11football":{"id":"lgi-be-prod-master:11football","assetid":"https:\/\/wp1-halo03-vxtoken-live-be-prod.tnprod.cdn.dmdsdp.com\/dash\/11football\/manifest.mpd&%%&urn:orion:media:std:lgi-be-prod-master:11football_ORION_Orion-DASH","name":"Eleven Sports 1","icon":"https:\/\/staticqbr-be-prod.tnprod.cdn.dmdsdp.com\/image-service\/ImagesEPG\/EventImages\/MM3D0.png?style=content-station-logo-xlarge","description":"","channelno":"215","erotica":"0","minimal":"0","replay":"1","regional":"0","home_only":"0"},"lgi-be-prod-master:11sports":{"id":"lgi-be-prod-master:11sports","assetid":"https:\/\/wp1-halo03-vxtoken-live-be-prod.tnprod.cdn.dmdsdp.com\/dash\/11sports\/manifest.mpd&%%&urn:orion:media:std:lgi-be-prod-master:11sports_ORION_Orion-DASH","name":"Eleven Sports 2","icon":"https:\/\/staticqbr-be-prod.tnprod.cdn.dmdsdp.com\/image-service\/ImagesEPG\/EventImages\/MM3CF.png?style=content-station-logo-xlarge","description":"","channelno":"216","erotica":"0","minimal":"0","replay":"1","regional":"0","home_only":"0"},"lgi-be-prod-master:11sports3":{"id":"lgi-be-prod-master:11sports3","assetid":"https:\/\/wp1-halo05-vxtoken-live-be-prod.tnprod.cdn.dmdsdp.com\/dash\/11sports3\/manifest.mpd&%%&urn:orion:media:std:lgi-be-prod-master:11sports3_ORION_Orion-DASH","name":"Eleven Sports 3","icon":"https:\/\/staticqbr-be-prod.tnprod.cdn.dmdsdp.com\/image-service\/ImagesEPG\/EventImages\/MM312.png?style=content-station-logo-xlarge","description":"","channelno":"217","erotica":"0","minimal":"0","replay":"1","regional":"0","home_only":"0"},"lgi-be-prod-master:sport10":{"id":"lgi-be-prod-master:sport10","assetid":"https:\/\/wp1-halo03-vxtoken-live-be-prod.tnprod.cdn.dmdsdp.com\/dash\/sport10\/manifest.mpd&%%&urn:orion:media:std:lgi-be-prod-master:sport10_ORION_Orion-DASH","name":"Sport 10","icon":"https:\/\/staticqbr-be-prod.tnprod.cdn.dmdsdp.com\/image-service\/ImagesEPG\/EventImages\/MM410.png?style=content-station-logo-xlarge","description":"","channelno":"218","erotica":"0","minimal":"1","replay":"1","regional":"0","home_only":"0"},"lgi-be-prod-master:wsport":{"id":"lgi-be-prod-master:wsport","assetid":"https:\/\/wp1-halo03-vxtoken-live-be-prod.tnprod.cdn.dmdsdp.com\/dash\/wsport\/manifest.mpd&%%&urn:orion:media:std:lgi-be-prod-master:wsport_ORION_Orion-DASH","name":"W Sport","icon":"https:\/\/staticqbr-be-prod.tnprod.cdn.dmdsdp.com\/image-service\/ImagesEPG\/EventImages\/MM411.png?style=content-station-logo-xlarge","description":"","channelno":"219","erotica":"0","minimal":"1","replay":"1","regional":"0","home_only":"0"},"lgi-be-prod-master:eurosportfr":{"id":"lgi-be-prod-master:eurosportfr","assetid":"https:\/\/wp1-halo03-vxtoken-live-be-prod.tnprod.cdn.dmdsdp.com\/dash\/wsport\/manifest.mpd&%%&urn:orion:media:std:lgi-be-prod-master:wsport_ORION_Orion-DASH","name":"Eurosport.FR","icon":"https:\/\/staticqbr-be-prod.tnprod.cdn.dmdsdp.com\/image-service\/ImagesEPG\/EventImages\/MM146.png?style=content-station-logo-xlarge","description":"","channelno":"220","erotica":"0","minimal":"0","replay":"0","regional":"0","home_only":"0"},"lgi-be-prod-master:bigbrother247":{"id":"lgi-be-prod-master:bigbrother247","assetid":"https:\/\/wp1-halo05-vxtoken-live-be-prod.tnprod.cdn.dmdsdp.com\/dash\/bigbrother247\/manifest.mpd&%%&urn:orion:media:std:lgi-be-prod-master:bigbrother247_ORION_Orion-DASH","name":"Play 247","icon":"https:\/\/staticqbr-be-prod.tnprod.cdn.dmdsdp.com\/image-service\/ImagesEPG\/EventImages\/MM400.png?style=content-station-logo-xlarge","description":"","channelno":"247","erotica":"0","minimal":"1","replay":"1","regional":"0","home_only":"0"},"lgi-be-prod-master:primestarhd":{"id":"lgi-be-prod-master:primestarhd","assetid":"https:\/\/wp1-halo03-vxtoken-live-be-prod.tnprod.cdn.dmdsdp.com\/dash\/primestarhd\/manifest.mpd&%%&urn:orion:media:std:lgi-be-prod-master:primestarhd_ORION_Orion-DASH","name":"Play More Cinema","icon":"https:\/\/staticqbr-be-prod.tnprod.cdn.dmdsdp.com\/image-service\/ImagesEPG\/EventImages\/MM0C9.png?style=content-station-logo-xlarge","description":"","channelno":"300","erotica":"0","minimal":"0","replay":"1","regional":"0","home_only":"0"},"lgi-be-prod-master:primeaction":{"id":"lgi-be-prod-master:primeaction","assetid":"https:\/\/wp1-halo03-vxtoken-live-be-prod.tnprod.cdn.dmdsdp.com\/dash\/primeaction\/manifest.mpd&%%&urn:orion:media:std:lgi-be-prod-master:primeaction_ORION_Orion-DASH","name":"Play More Kicks","icon":"https:\/\/staticqbr-be-prod.tnprod.cdn.dmdsdp.com\/image-service\/ImagesEPG\/EventImages\/MM0CA.png?style=content-station-logo-xlarge","description":"","channelno":"302","erotica":"0","minimal":"0","replay":"1","regional":"0","home_only":"0"},"lgi-be-prod-master:channel6":{"id":"lgi-be-prod-master:channel6","assetid":"https:\/\/wp1-halo03-vxtoken-live-be-prod.tnprod.cdn.dmdsdp.com\/dash\/channel6\/manifest.mpd&%%&urn:orion:media:std:lgi-be-prod-master:channel6_ORION_Orion-DASH","name":"Play More Black","icon":"https:\/\/staticqbr-be-prod.tnprod.cdn.dmdsdp.com\/image-service\/ImagesEPG\/EventImages\/MM3BE.png?style=content-station-logo-xlarge","description":"","channelno":"305","erotica":"0","minimal":"0","replay":"1","regional":"0","home_only":"0"},"lgi-be-prod-master:shortshd":{"id":"lgi-be-prod-master:shortshd","assetid":"https:\/\/wp1-halo05-vxtoken-live-be-prod.tnprod.cdn.dmdsdp.com\/dash\/shortshd\/manifest.mpd&%%&urn:orion:media:std:lgi-be-prod-master:shortshd_ORION_Orion-DASH","name":"ShortsTV","icon":"https:\/\/staticqbr-be-prod.tnprod.cdn.dmdsdp.com\/image-service\/ImagesEPG\/EventImages\/MM3D9.png?style=content-station-logo-xlarge","description":"","channelno":"314","erotica":"0","minimal":"1","replay":"1","regional":"0","home_only":"0"},"lgi-be-prod-master:crimeinvestigation":{"id":"lgi-be-prod-master:crimeinvestigation","assetid":"https:\/\/wp1-halo05-vxtoken-live-be-prod.tnprod.cdn.dmdsdp.com\/dash\/crimeinvestigation\/manifest.mpd&%%&urn:orion:media:std:lgi-be-prod-master:crimeinvestigation_ORION_Orion-DASH","name":"Crime + Investigation","icon":"https:\/\/staticqbr-be-prod.tnprod.cdn.dmdsdp.com\/image-service\/ImagesEPG\/EventImages\/MM10E.png?style=content-station-logo-xlarge","description":"","channelno":"350","erotica":"0","minimal":"1","replay":"1","regional":"0","home_only":"0"},"lgi-be-prod-master:discoveryid":{"id":"lgi-be-prod-master:discoveryid","assetid":"https:\/\/wp1-halo05-vxtoken-live-be-prod.tnprod.cdn.dmdsdp.com\/dash\/discoveryid\/manifest.mpd&%%&urn:orion:media:std:lgi-be-prod-master:discoveryid_ORION_Orion-DASH","name":"Disc ID","icon":"https:\/\/staticqbr-be-prod.tnprod.cdn.dmdsdp.com\/image-service\/ImagesEPG\/EventImages\/MM2B3.png?style=content-station-logo-xlarge","description":"","channelno":"351","erotica":"0","minimal":"1","replay":"1","regional":"0","home_only":"0"},"lgi-be-prod-master:discoverysci":{"id":"lgi-be-prod-master:discoverysci","assetid":"https:\/\/wp1-halo05-vxtoken-live-be-prod.tnprod.cdn.dmdsdp.com\/dash\/discoverysci\/manifest.mpd&%%&urn:orion:media:std:lgi-be-prod-master:discoverysci_ORION_Orion-DASH","name":"Disc science","icon":"https:\/\/staticqbr-be-prod.tnprod.cdn.dmdsdp.com\/image-service\/ImagesEPG\/EventImages\/MM150.png?style=content-station-logo-xlarge","description":"","channelno":"352","erotica":"0","minimal":"1","replay":"1","regional":"0","home_only":"0"},"lgi-be-prod-master:animalplanethd":{"id":"lgi-be-prod-master:animalplanethd","assetid":"https:\/\/wp1-halo05-vxtoken-live-be-prod.tnprod.cdn.dmdsdp.com\/dash\/animalplanethd\/manifest.mpd&%%&urn:orion:media:std:lgi-be-prod-master:animalplanethd_ORION_Orion-DASH","name":"Animal Planet","icon":"https:\/\/staticqbr-be-prod.tnprod.cdn.dmdsdp.com\/image-service\/ImagesEPG\/EventImages\/MM18F.png?style=content-station-logo-xlarge","description":"","channelno":"354","erotica":"0","minimal":"1","replay":"1","regional":"0","home_only":"0"},"lgi-be-prod-master:natgeowild":{"id":"lgi-be-prod-master:natgeowild","assetid":"https:\/\/wp1-halo05-vxtoken-live-be-prod.tnprod.cdn.dmdsdp.com\/dash\/natgeowild\/manifest.mpd&%%&urn:orion:media:std:lgi-be-prod-master:natgeowild_ORION_Orion-DASH","name":"Nat Geo Wild","icon":"https:\/\/staticqbr-be-prod.tnprod.cdn.dmdsdp.com\/image-service\/ImagesEPG\/EventImages\/MM3D5.png?style=content-station-logo-xlarge","description":"","channelno":"355","erotica":"0","minimal":"1","replay":"1","regional":"0","home_only":"0"},"lgi-be-prod-master:e":{"id":"lgi-be-prod-master:e","assetid":"https:\/\/wp1-halo05-vxtoken-live-be-prod.tnprod.cdn.dmdsdp.com\/dash\/e\/manifest.mpd&%%&urn:orion:media:std:lgi-be-prod-master:e_ORION_Orion-DASH","name":"E! Ent","icon":"https:\/\/staticqbr-be-prod.tnprod.cdn.dmdsdp.com\/image-service\/ImagesEPG\/EventImages\/MM14A.png?style=content-station-logo-xlarge","description":"","channelno":"363","erotica":"0","minimal":"0","replay":"0","regional":"0","home_only":"0"},"lgi-be-prod-master:boomerang":{"id":"lgi-be-prod-master:boomerang","assetid":"https:\/\/wp1-halo05-vxtoken-live-be-prod.tnprod.cdn.dmdsdp.com\/dash\/boomerang\/manifest.mpd&%%&urn:orion:media:std:lgi-be-prod-master:boomerang_ORION_Orion-DASH","name":"Boomerangtv","icon":"https:\/\/staticqbr-be-prod.tnprod.cdn.dmdsdp.com\/image-service\/ImagesEPG\/EventImages\/MM160.png?style=content-station-logo-xlarge","description":"","channelno":"371","erotica":"0","minimal":"1","replay":"1","regional":"0","home_only":"0"},"lgi-be-prod-master:nicktoons":{"id":"lgi-be-prod-master:nicktoons","assetid":"https:\/\/wp1-halo05-vxtoken-live-be-prod.tnprod.cdn.dmdsdp.com\/dash\/nicktoons\/manifest.mpd&%%&urn:orion:media:std:lgi-be-prod-master:nicktoons_ORION_Orion-DASH","name":"NickToons","icon":"https:\/\/staticqbr-be-prod.tnprod.cdn.dmdsdp.com\/image-service\/ImagesEPG\/EventImages\/MM2D2.png?style=content-station-logo-xlarge","description":"","channelno":"372","erotica":"0","minimal":"1","replay":"1","regional":"0","home_only":"0"},"lgi-be-prod-master:nickhits":{"id":"lgi-be-prod-master:nickhits","assetid":"https:\/\/wp1-halo05-vxtoken-live-be-prod.tnprod.cdn.dmdsdp.com\/dash\/nickhits\/manifest.mpd&%%&urn:orion:media:std:lgi-be-prod-master:nickhits_ORION_Orion-DASH","name":"Nick Music Global","icon":"https:\/\/staticqbr-be-prod.tnprod.cdn.dmdsdp.com\/image-service\/ImagesEPG\/EventImages\/MM2A1.png?style=content-station-logo-xlarge","description":"","channelno":"380","erotica":"0","minimal":"1","replay":"0","regional":"0","home_only":"0"},"lgi-be-prod-master:vh1":{"id":"lgi-be-prod-master:vh1","assetid":"https:\/\/wp1-halo05-vxtoken-live-be-prod.tnprod.cdn.dmdsdp.com\/dash\/vh1\/manifest.mpd&%%&urn:orion:media:std:lgi-be-prod-master:vh1_ORION_Orion-DASH","name":"MTV 00s","icon":"https:\/\/staticqbr-be-prod.tnprod.cdn.dmdsdp.com\/image-service\/ImagesEPG\/EventImages\/MM13C.png?style=content-station-logo-xlarge","description":"","channelno":"381","erotica":"0","minimal":"1","replay":"0","regional":"0","home_only":"0"},"lgi-be-prod-master:mtvnhd":{"id":"lgi-be-prod-master:mtvnhd","assetid":"https:\/\/wp1-halo05-vxtoken-live-be-prod.tnprod.cdn.dmdsdp.com\/dash\/mtvnhd\/manifest.mpd&%%&urn:orion:media:std:lgi-be-prod-master:mtvnhd_ORION_Orion-DASH","name":"MTV Live","icon":"https:\/\/staticqbr-be-prod.tnprod.cdn.dmdsdp.com\/image-service\/ImagesEPG\/EventImages\/MM2A4.png?style=content-station-logo-xlarge","description":"","channelno":"383","erotica":"0","minimal":"1","replay":"1","regional":"0","home_only":"0"},"lgi-be-prod-master:mezzo":{"id":"lgi-be-prod-master:mezzo","assetid":"https:\/\/wp1-halo05-vxtoken-live-be-prod.tnprod.cdn.dmdsdp.com\/dash\/mezzo\/manifest.mpd&%%&urn:orion:media:std:lgi-be-prod-master:mezzo_ORION_Orion-DASH","name":"Mezzo Live HD","icon":"https:\/\/staticqbr-be-prod.tnprod.cdn.dmdsdp.com\/image-service\/ImagesEPG\/EventImages\/MM135.png?style=content-station-logo-xlarge","description":"","channelno":"384","erotica":"0","minimal":"1","replay":"0","regional":"0","home_only":"0"},"lgi-be-prod-master:cnn":{"id":"lgi-be-prod-master:cnn","assetid":"https:\/\/wp1-halo01-vxtoken-live-be-prod.tnprod.cdn.dmdsdp.com\/dash\/cnn\/manifest.mpd&%%&urn:orion:media:std:lgi-be-prod-master:cnn_ORION_Orion-DASH","name":"CNN","icon":"https:\/\/staticqbr-be-prod.tnprod.cdn.dmdsdp.com\/image-service\/ImagesEPG\/EventImages\/MM075.png?style=content-station-logo-xlarge","description":"","channelno":"401","erotica":"0","minimal":"0","replay":"0","regional":"0","home_only":"0"},"lgi-be-prod-master:cnbceurope":{"id":"lgi-be-prod-master:cnbceurope","assetid":"https:\/\/wp1-halo05-vxtoken-live-be-prod.tnprod.cdn.dmdsdp.com\/dash\/cnbceurope\/manifest.mpd&%%&urn:orion:media:std:lgi-be-prod-master:cnbceurope_ORION_Orion-DASH","name":"CNBC Europe","icon":"https:\/\/staticqbr-be-prod.tnprod.cdn.dmdsdp.com\/image-service\/ImagesEPG\/EventImages\/MM070.png?style=content-station-logo-xlarge","description":"","channelno":"402","erotica":"0","minimal":"1","replay":"0","regional":"0","home_only":"0"},"lgi-be-prod-master:bbcworld":{"id":"lgi-be-prod-master:bbcworld","assetid":"https:\/\/wp1-halo05-vxtoken-live-be-prod.tnprod.cdn.dmdsdp.com\/dash\/cnbceurope\/manifest.mpd&%%&urn:orion:media:std:lgi-be-prod-master:cnbceurope_ORION_Orion-DASH","name":"BBC World","icon":"https:\/\/staticqbr-be-prod.tnprod.cdn.dmdsdp.com\/image-service\/ImagesEPG\/EventImages\/MM078.png?style=content-station-logo-xlarge","description":"","channelno":"403","erotica":"0","minimal":"0","replay":"0","regional":"0","home_only":"0"},"lgi-be-prod-master:aljazeeraeng":{"id":"lgi-be-prod-master:aljazeeraeng","assetid":"https:\/\/wp1-halo05-vxtoken-live-be-prod.tnprod.cdn.dmdsdp.com\/dash\/cnbceurope\/manifest.mpd&%%&urn:orion:media:std:lgi-be-prod-master:cnbceurope_ORION_Orion-DASH","name":"Al Jazeera Eng.","icon":"https:\/\/staticqbr-be-prod.tnprod.cdn.dmdsdp.com\/image-service\/ImagesEPG\/EventImages\/MM09C.png?style=content-station-logo-xlarge","description":"","channelno":"404","erotica":"0","minimal":"0","replay":"0","regional":"0","home_only":"0"},"lgi-be-prod-master:euronews":{"id":"lgi-be-prod-master:euronews","assetid":"https:\/\/wp1-halo05-vxtoken-live-be-prod.tnprod.cdn.dmdsdp.com\/dash\/cnbceurope\/manifest.mpd&%%&urn:orion:media:std:lgi-be-prod-master:cnbceurope_ORION_Orion-DASH","name":"Euronews","icon":"https:\/\/staticqbr-be-prod.tnprod.cdn.dmdsdp.com\/image-service\/ImagesEPG\/EventImages\/MM303.png?style=content-station-logo-xlarge","description":"","channelno":"405","erotica":"0","minimal":"0","replay":"0","regional":"0","home_only":"0"},"lgi-be-prod-master:lci":{"id":"lgi-be-prod-master:lci","assetid":"https:\/\/wp1-halo05-vxtoken-live-be-prod.tnprod.cdn.dmdsdp.com\/dash\/cnbceurope\/manifest.mpd&%%&urn:orion:media:std:lgi-be-prod-master:cnbceurope_ORION_Orion-DASH","name":"LCI","icon":"https:\/\/staticqbr-be-prod.tnprod.cdn.dmdsdp.com\/image-service\/ImagesEPG\/EventImages\/MM305.png?style=content-station-logo-xlarge","description":"","channelno":"406","erotica":"0","minimal":"0","replay":"0","regional":"0","home_only":"0"},"lgi-be-prod-master:bloomberg":{"id":"lgi-be-prod-master:bloomberg","assetid":"https:\/\/wp1-halo05-vxtoken-live-be-prod.tnprod.cdn.dmdsdp.com\/dash\/bloomberg\/manifest.mpd&%%&urn:orion:media:std:lgi-be-prod-master:bloomberg_ORION_Orion-DASH","name":"Bloomberg","icon":"https:\/\/staticqbr-be-prod.tnprod.cdn.dmdsdp.com\/image-service\/ImagesEPG\/EventImages\/MM1A5.png?style=content-station-logo-xlarge","description":"","channelno":"407","erotica":"0","minimal":"1","replay":"0","regional":"0","home_only":"0"},"lgi-be-prod-master:cctv":{"id":"lgi-be-prod-master:cctv","assetid":"https:\/\/wp1-halo05-vxtoken-live-be-prod.tnprod.cdn.dmdsdp.com\/dash\/bloomberg\/manifest.mpd&%%&urn:orion:media:std:lgi-be-prod-master:bloomberg_ORION_Orion-DASH","name":"CGTN","icon":"https:\/\/staticqbr-be-prod.tnprod.cdn.dmdsdp.com\/image-service\/ImagesEPG\/EventImages\/MM37A.png?style=content-station-logo-xlarge","description":"","channelno":"411","erotica":"0","minimal":"0","replay":"0","regional":"0","home_only":"0"},"lgi-be-prod-master:discoveryfr":{"id":"lgi-be-prod-master:discoveryfr","assetid":"https:\/\/wp1-halo05-vxtoken-live-be-prod.tnprod.cdn.dmdsdp.com\/dash\/bloomberg\/manifest.mpd&%%&urn:orion:media:std:lgi-be-prod-master:bloomberg_ORION_Orion-DASH","name":"Discovery FR","icon":"https:\/\/staticqbr-be-prod.tnprod.cdn.dmdsdp.com\/image-service\/ImagesEPG\/EventImages\/MM263.png?style=content-station-logo-xlarge","description":"","channelno":"510","erotica":"0","minimal":"1","replay":"1","regional":"0","home_only":"0"},"lgi-be-prod-master:natgeofr":{"id":"lgi-be-prod-master:natgeofr","assetid":"https:\/\/wp1-halo05-vxtoken-live-be-prod.tnprod.cdn.dmdsdp.com\/dash\/bloomberg\/manifest.mpd&%%&urn:orion:media:std:lgi-be-prod-master:bloomberg_ORION_Orion-DASH","name":"Nat Geo FR","icon":"https:\/\/staticqbr-be-prod.tnprod.cdn.dmdsdp.com\/image-service\/ImagesEPG\/EventImages\/MM279.png?style=content-station-logo-xlarge","description":"","channelno":"511","erotica":"0","minimal":"0","replay":"0","regional":"0","home_only":"0"},"lgi-be-prod-master:nickelodeonfr":{"id":"lgi-be-prod-master:nickelodeonfr","assetid":"https:\/\/wp1-halo05-vxtoken-live-be-prod.tnprod.cdn.dmdsdp.com\/dash\/bloomberg\/manifest.mpd&%%&urn:orion:media:std:lgi-be-prod-master:bloomberg_ORION_Orion-DASH","name":"Nickelodeon FR","icon":"https:\/\/staticqbr-be-prod.tnprod.cdn.dmdsdp.com\/image-service\/ImagesEPG\/EventImages\/MM15C.png?style=content-station-logo-xlarge","description":"","channelno":"610","erotica":"0","minimal":"0","replay":"0","regional":"0","home_only":"0"},"lgi-be-prod-master:nickjrfr":{"id":"lgi-be-prod-master:nickjrfr","assetid":"https:\/\/wp1-halo05-vxtoken-live-be-prod.tnprod.cdn.dmdsdp.com\/dash\/bloomberg\/manifest.mpd&%%&urn:orion:media:std:lgi-be-prod-master:bloomberg_ORION_Orion-DASH","name":"Nick Jr. FR","icon":"https:\/\/staticqbr-be-prod.tnprod.cdn.dmdsdp.com\/image-service\/ImagesEPG\/EventImages\/MM15F.png?style=content-station-logo-xlarge","description":"","channelno":"611","erotica":"0","minimal":"0","replay":"0","regional":"0","home_only":"0"},"lgi-be-prod-master:be1hd":{"id":"lgi-be-prod-master:be1hd","assetid":"https:\/\/wp1-halo05-vxtoken-live-be-prod.tnprod.cdn.dmdsdp.com\/dash\/bloomberg\/manifest.mpd&%%&urn:orion:media:std:lgi-be-prod-master:bloomberg_ORION_Orion-DASH","name":"Be 1","icon":"https:\/\/staticqbr-be-prod.tnprod.cdn.dmdsdp.com\/image-service\/ImagesEPG\/EventImages\/MM275.png?style=content-station-logo-xlarge","description":"","channelno":"700","erotica":"0","minimal":"0","replay":"0","regional":"0","home_only":"0"},"lgi-be-prod-master:becinehd":{"id":"lgi-be-prod-master:becinehd","assetid":"https:\/\/wp1-halo05-vxtoken-live-be-prod.tnprod.cdn.dmdsdp.com\/dash\/bloomberg\/manifest.mpd&%%&urn:orion:media:std:lgi-be-prod-master:bloomberg_ORION_Orion-DASH","name":"Be Cin\u00e9","icon":"https:\/\/staticqbr-be-prod.tnprod.cdn.dmdsdp.com\/image-service\/ImagesEPG\/EventImages\/MM0E6.png?style=content-station-logo-xlarge","description":"","channelno":"701","erotica":"0","minimal":"0","replay":"0","regional":"0","home_only":"0"},"lgi-be-prod-master:beserieshd":{"id":"lgi-be-prod-master:beserieshd","assetid":"https:\/\/wp1-halo05-vxtoken-live-be-prod.tnprod.cdn.dmdsdp.com\/dash\/bloomberg\/manifest.mpd&%%&urn:orion:media:std:lgi-be-prod-master:bloomberg_ORION_Orion-DASH","name":"Be S\u00e9ries","icon":"https:\/\/staticqbr-be-prod.tnprod.cdn.dmdsdp.com\/image-service\/ImagesEPG\/EventImages\/MM0E5.png?style=content-station-logo-xlarge","description":"","channelno":"702","erotica":"0","minimal":"0","replay":"0","regional":"0","home_only":"0"},"lgi-be-prod-master:be1p1h":{"id":"lgi-be-prod-master:be1p1h","assetid":"https:\/\/wp1-halo05-vxtoken-live-be-prod.tnprod.cdn.dmdsdp.com\/dash\/bloomberg\/manifest.mpd&%%&urn:orion:media:std:lgi-be-prod-master:bloomberg_ORION_Orion-DASH","name":"Be 1+1h","icon":"https:\/\/staticqbr-be-prod.tnprod.cdn.dmdsdp.com\/image-service\/ImagesEPG\/EventImages\/MM2BE.png?style=content-station-logo-xlarge","description":"","channelno":"705","erotica":"0","minimal":"0","replay":"0","regional":"0","home_only":"0"},"lgi-be-prod-master:cinecinemapre":{"id":"lgi-be-prod-master:cinecinemapre","assetid":"https:\/\/wp1-halo05-vxtoken-live-be-prod.tnprod.cdn.dmdsdp.com\/dash\/bloomberg\/manifest.mpd&%%&urn:orion:media:std:lgi-be-prod-master:bloomberg_ORION_Orion-DASH","name":"Cin\u00e9+ Premier","icon":"https:\/\/staticqbr-be-prod.tnprod.cdn.dmdsdp.com\/image-service\/ImagesEPG\/EventImages\/MM2FA.png?style=content-station-logo-xlarge","description":"","channelno":"706","erotica":"0","minimal":"0","replay":"0","regional":"0","home_only":"0"},"lgi-be-prod-master:cinecinemacl":{"id":"lgi-be-prod-master:cinecinemacl","assetid":"https:\/\/wp1-halo05-vxtoken-live-be-prod.tnprod.cdn.dmdsdp.com\/dash\/bloomberg\/manifest.mpd&%%&urn:orion:media:std:lgi-be-prod-master:bloomberg_ORION_Orion-DASH","name":"Cin\u00e9+ Classic","icon":"https:\/\/staticqbr-be-prod.tnprod.cdn.dmdsdp.com\/image-service\/ImagesEPG\/EventImages\/MM2EE.png?style=content-station-logo-xlarge","description":"","channelno":"707","erotica":"0","minimal":"0","replay":"0","regional":"0","home_only":"0"},"lgi-be-prod-master:cinecinemafr":{"id":"lgi-be-prod-master:cinecinemafr","assetid":"https:\/\/wp1-halo05-vxtoken-live-be-prod.tnprod.cdn.dmdsdp.com\/dash\/bloomberg\/manifest.mpd&%%&urn:orion:media:std:lgi-be-prod-master:bloomberg_ORION_Orion-DASH","name":"Cin\u00e9+ Frisson","icon":"https:\/\/staticqbr-be-prod.tnprod.cdn.dmdsdp.com\/image-service\/ImagesEPG\/EventImages\/MM2EF.png?style=content-station-logo-xlarge","description":"","channelno":"708","erotica":"0","minimal":"0","replay":"0","regional":"0","home_only":"0"},"lgi-be-prod-master:besport1hd":{"id":"lgi-be-prod-master:besport1hd","assetid":"https:\/\/wp1-halo05-vxtoken-live-be-prod.tnprod.cdn.dmdsdp.com\/dash\/bloomberg\/manifest.mpd&%%&urn:orion:media:std:lgi-be-prod-master:bloomberg_ORION_Orion-DASH","name":"VOO Sport World 1","icon":"https:\/\/staticqbr-be-prod.tnprod.cdn.dmdsdp.com\/image-service\/ImagesEPG\/EventImages\/MM0E3.png?style=content-station-logo-xlarge","description":"","channelno":"710","erotica":"0","minimal":"0","replay":"0","regional":"0","home_only":"0"},"lgi-be-prod-master:besport2":{"id":"lgi-be-prod-master:besport2","assetid":"https:\/\/wp1-halo05-vxtoken-live-be-prod.tnprod.cdn.dmdsdp.com\/dash\/bloomberg\/manifest.mpd&%%&urn:orion:media:std:lgi-be-prod-master:bloomberg_ORION_Orion-DASH","name":"VOO Sport World 2","icon":"https:\/\/staticqbr-be-prod.tnprod.cdn.dmdsdp.com\/image-service\/ImagesEPG\/EventImages\/MM0D8.png?style=content-station-logo-xlarge","description":"","channelno":"711","erotica":"0","minimal":"0","replay":"0","regional":"0","home_only":"0"},"lgi-be-prod-master:besport3":{"id":"lgi-be-prod-master:besport3","assetid":"https:\/\/wp1-halo05-vxtoken-live-be-prod.tnprod.cdn.dmdsdp.com\/dash\/bloomberg\/manifest.mpd&%%&urn:orion:media:std:lgi-be-prod-master:bloomberg_ORION_Orion-DASH","name":"VOO Sport World 3","icon":"https:\/\/staticqbr-be-prod.tnprod.cdn.dmdsdp.com\/image-service\/ImagesEPG\/EventImages\/MM0E4.png?style=content-station-logo-xlarge","description":"","channelno":"712","erotica":"0","minimal":"0","replay":"0","regional":"0","home_only":"0"},"lgi-be-prod-master:vsw4":{"id":"lgi-be-prod-master:vsw4","assetid":"https:\/\/wp1-halo05-vxtoken-live-be-prod.tnprod.cdn.dmdsdp.com\/dash\/bloomberg\/manifest.mpd&%%&urn:orion:media:std:lgi-be-prod-master:bloomberg_ORION_Orion-DASH","name":"VOO Sport World 4","icon":"https:\/\/staticqbr-be-prod.tnprod.cdn.dmdsdp.com\/image-service\/ImagesEPG\/EventImages\/MM3FD.png?style=content-station-logo-xlarge","description":"","channelno":"713","erotica":"0","minimal":"0","replay":"0","regional":"0","home_only":"0"},"lgi-be-prod-master:jplfr01":{"id":"lgi-be-prod-master:jplfr01","assetid":"https:\/\/wp1-halo05-vxtoken-live-be-prod.tnprod.cdn.dmdsdp.com\/dash\/bloomberg\/manifest.mpd&%%&urn:orion:media:std:lgi-be-prod-master:bloomberg_ORION_Orion-DASH","name":"Eleven Pro League 1 FR","icon":"https:\/\/staticqbr-be-prod.tnprod.cdn.dmdsdp.com\/image-service\/ImagesEPG\/EventImages\/MM3FA.png?style=content-station-logo-xlarge","description":"","channelno":"720","erotica":"0","minimal":"0","replay":"0","regional":"0","home_only":"0"},"lgi-be-prod-master:jplfr02":{"id":"lgi-be-prod-master:jplfr02","assetid":"https:\/\/wp1-halo05-vxtoken-live-be-prod.tnprod.cdn.dmdsdp.com\/dash\/bloomberg\/manifest.mpd&%%&urn:orion:media:std:lgi-be-prod-master:bloomberg_ORION_Orion-DASH","name":"Eleven Pro League 2 FR","icon":"https:\/\/staticqbr-be-prod.tnprod.cdn.dmdsdp.com\/image-service\/ImagesEPG\/EventImages\/MM3FB.png?style=content-station-logo-xlarge","description":"","channelno":"721","erotica":"0","minimal":"0","replay":"0","regional":"0","home_only":"0"},"lgi-be-prod-master:jplfr03":{"id":"lgi-be-prod-master:jplfr03","assetid":"https:\/\/wp1-halo05-vxtoken-live-be-prod.tnprod.cdn.dmdsdp.com\/dash\/bloomberg\/manifest.mpd&%%&urn:orion:media:std:lgi-be-prod-master:bloomberg_ORION_Orion-DASH","name":"Eleven Pro League 3 FR","icon":"https:\/\/staticqbr-be-prod.tnprod.cdn.dmdsdp.com\/image-service\/ImagesEPG\/EventImages\/MM3FC.png?style=content-station-logo-xlarge","description":"","channelno":"722","erotica":"0","minimal":"0","replay":"0","regional":"0","home_only":"0"},"lgi-be-prod-master:11footbetv":{"id":"lgi-be-prod-master:11footbetv","assetid":"https:\/\/wp1-halo05-vxtoken-live-be-prod.tnprod.cdn.dmdsdp.com\/dash\/bloomberg\/manifest.mpd&%%&urn:orion:media:std:lgi-be-prod-master:bloomberg_ORION_Orion-DASH","name":"Eleven Sports 1 FR","icon":"https:\/\/staticqbr-be-prod.tnprod.cdn.dmdsdp.com\/image-service\/ImagesEPG\/EventImages\/MM3CD.png?style=content-station-logo-xlarge","description":"","channelno":"725","erotica":"0","minimal":"0","replay":"0","regional":"0","home_only":"0"},"lgi-be-prod-master:11sportsbetv":{"id":"lgi-be-prod-master:11sportsbetv","assetid":"https:\/\/wp1-halo05-vxtoken-live-be-prod.tnprod.cdn.dmdsdp.com\/dash\/bloomberg\/manifest.mpd&%%&urn:orion:media:std:lgi-be-prod-master:bloomberg_ORION_Orion-DASH","name":"Eleven Sports 2 FR","icon":"https:\/\/staticqbr-be-prod.tnprod.cdn.dmdsdp.com\/image-service\/ImagesEPG\/EventImages\/MM3CE.png?style=content-station-logo-xlarge","description":"","channelno":"726","erotica":"0","minimal":"0","replay":"0","regional":"0","home_only":"0"},"lgi-be-prod-master:11sports3betv":{"id":"lgi-be-prod-master:11sports3betv","assetid":"https:\/\/wp1-halo05-vxtoken-live-be-prod.tnprod.cdn.dmdsdp.com\/dash\/bloomberg\/manifest.mpd&%%&urn:orion:media:std:lgi-be-prod-master:bloomberg_ORION_Orion-DASH","name":"Eleven Sports 3 FR","icon":"https:\/\/staticqbr-be-prod.tnprod.cdn.dmdsdp.com\/image-service\/ImagesEPG\/EventImages\/MM367.png?style=content-station-logo-xlarge","description":"","channelno":"727","erotica":"0","minimal":"0","replay":"0","regional":"0","home_only":"0"},"lgi-be-prod-master:playboytv":{"id":"lgi-be-prod-master:playboytv","assetid":"https:\/\/wp1-halo05-vxtoken-live-be-prod.tnprod.cdn.dmdsdp.com\/dash\/bloomberg\/manifest.mpd&%%&urn:orion:media:std:lgi-be-prod-master:bloomberg_ORION_Orion-DASH","name":"Playboy TV","icon":"https:\/\/staticqbr-be-prod.tnprod.cdn.dmdsdp.com\/image-service\/ImagesEPG\/EventImages\/MM13B.png?style=content-station-logo-xlarge","description":"","channelno":"800","erotica":"1","minimal":"0","replay":"0","regional":"0","home_only":"0"},"lgi-be-prod-master:penthousehd":{"id":"lgi-be-prod-master:penthousehd","assetid":"https:\/\/wp1-halo05-vxtoken-live-be-prod.tnprod.cdn.dmdsdp.com\/dash\/bloomberg\/manifest.mpd&%%&urn:orion:media:std:lgi-be-prod-master:bloomberg_ORION_Orion-DASH","name":"Penthouse Passion","icon":"https:\/\/staticqbr-be-prod.tnprod.cdn.dmdsdp.com\/image-service\/ImagesEPG\/EventImages\/MM2B9.png?style=content-station-logo-xlarge","description":"","channelno":"802","erotica":"1","minimal":"0","replay":"0","regional":"0","home_only":"0"},"lgi-be-prod-master:hustlerhd":{"id":"lgi-be-prod-master:hustlerhd","assetid":"https:\/\/wp1-halo05-vxtoken-live-be-prod.tnprod.cdn.dmdsdp.com\/dash\/bloomberg\/manifest.mpd&%%&urn:orion:media:std:lgi-be-prod-master:bloomberg_ORION_Orion-DASH","name":"Hustler HD","icon":"https:\/\/staticqbr-be-prod.tnprod.cdn.dmdsdp.com\/image-service\/ImagesEPG\/EventImages\/MM2EC.png?style=content-station-logo-xlarge","description":"","channelno":"810","erotica":"1","minimal":"0","replay":"0","regional":"0","home_only":"0"},"lgi-be-prod-master:penthousehd1":{"id":"lgi-be-prod-master:penthousehd1","assetid":"https:\/\/wp1-halo05-vxtoken-live-be-prod.tnprod.cdn.dmdsdp.com\/dash\/bloomberg\/manifest.mpd&%%&urn:orion:media:std:lgi-be-prod-master:bloomberg_ORION_Orion-DASH","name":"Penthouse Gold","icon":"https:\/\/staticqbr-be-prod.tnprod.cdn.dmdsdp.com\/image-service\/ImagesEPG\/EventImages\/MM2E2.png?style=content-station-logo-xlarge","description":"","channelno":"812","erotica":"1","minimal":"0","replay":"0","regional":"0","home_only":"0"},"lgi-be-prod-master:penthousehd2":{"id":"lgi-be-prod-master:penthousehd2","assetid":"https:\/\/wp1-halo05-vxtoken-live-be-prod.tnprod.cdn.dmdsdp.com\/dash\/bloomberg\/manifest.mpd&%%&urn:orion:media:std:lgi-be-prod-master:bloomberg_ORION_Orion-DASH","name":"Dorcel TV","icon":"https:\/\/staticqbr-be-prod.tnprod.cdn.dmdsdp.com\/image-service\/ImagesEPG\/EventImages\/MM2E1.png?style=content-station-logo-xlarge","description":"","channelno":"813","erotica":"1","minimal":"0","replay":"0","regional":"0","home_only":"0"},"lgi-be-prod-master:xmo":{"id":"lgi-be-prod-master:xmo","assetid":"https:\/\/wp1-halo05-vxtoken-live-be-prod.tnprod.cdn.dmdsdp.com\/dash\/bloomberg\/manifest.mpd&%%&urn:orion:media:std:lgi-be-prod-master:bloomberg_ORION_Orion-DASH","name":"X-MO","icon":"https:\/\/staticqbr-be-prod.tnprod.cdn.dmdsdp.com\/image-service\/ImagesEPG\/EventImages\/MM409.png?style=content-station-logo-xlarge","description":"","channelno":"815","erotica":"0","minimal":"1","replay":"1","regional":"0","home_only":"0"}}