{"npo1":{"id":"npo1","assetid":"npo1","name":"NPO 1","icon":"https:\/\/cdn.nlziet.nl\/static\/assets\/channels\/npo1.png","description":"","channelno":"1","erotica":"0","minimal":"1","replay":"1","regional":"0","home_only":"0"},"npo2":{"id":"npo2","assetid":"npo2","name":"NPO 2","icon":"https:\/\/cdn.nlziet.nl\/static\/assets\/channels\/npo2.png","description":"","channelno":"2","erotica":"0","minimal":"1","replay":"1","regional":"0","home_only":"0"},"npo3":{"id":"npo3","assetid":"npo3","name":"NPO 3","icon":"https:\/\/cdn.nlziet.nl\/static\/assets\/channels\/npo3.png","description":"","channelno":"3","erotica":"0","minimal":"1","replay":"1","regional":"0","home_only":"0"},"rtl4":{"id":"rtl4","assetid":"rtl4","name":"RTL 4","icon":"https:\/\/cdn.nlziet.nl\/static\/assets\/channels\/rtl4.png","description":"","channelno":"4","erotica":"0","minimal":"1","replay":"1","regional":"0","home_only":"0"},"rtl5":{"id":"rtl5","assetid":"rtl5","name":"RTL 5","icon":"https:\/\/cdn.nlziet.nl\/static\/assets\/channels\/rtl5.png","description":"","channelno":"5","erotica":"0","minimal":"1","replay":"1","regional":"0","home_only":"0"},"sbs6":{"id":"sbs6","assetid":"sbs6","name":"SBS6","icon":"https:\/\/cdn.nlziet.nl\/static\/assets\/channels\/sbs6.png","description":"","channelno":"6","erotica":"0","minimal":"1","replay":"1","regional":"0","home_only":"0"},"rtl7":{"id":"rtl7","assetid":"rtl7","name":"RTL 7","icon":"https:\/\/cdn.nlziet.nl\/static\/assets\/channels\/rtl7.png","description":"","channelno":"7","erotica":"0","minimal":"1","replay":"1","regional":"0","home_only":"0"},"veronica":{"id":"veronica","assetid":"veronica","name":"Veronica","icon":"https:\/\/cdn.nlziet.nl\/static\/assets\/channels\/veronica.png","description":"","channelno":"8","erotica":"0","minimal":"1","replay":"1","regional":"0","home_only":"0"},"net5":{"id":"net5","assetid":"net5","name":"NET5","icon":"https:\/\/cdn.nlziet.nl\/static\/assets\/channels\/net5.png","description":"","channelno":"9","erotica":"0","minimal":"1","replay":"1","regional":"0","home_only":"0"},"rtl8":{"id":"rtl8","assetid":"rtl8","name":"RTL 8","icon":"https:\/\/cdn.nlziet.nl\/static\/assets\/channels\/rtl8.png","description":"","channelno":"10","erotica":"0","minimal":"1","replay":"1","regional":"0","home_only":"0"},"rtlz":{"id":"rtlz","assetid":"rtlz","name":"RTL Z","icon":"https:\/\/cdn.nlziet.nl\/static\/assets\/channels\/rtlz.png","description":"","channelno":"11","erotica":"0","minimal":"1","replay":"1","regional":"0","home_only":"0"},"sbs9":{"id":"sbs9","assetid":"sbs9","name":"SBS9","icon":"https:\/\/cdn.nlziet.nl\/static\/assets\/channels\/sbs9.png","description":"","channelno":"12","erotica":"0","minimal":"1","replay":"1","regional":"0","home_only":"0"},"insighttv":{"id":"insighttv","assetid":"insighttv","name":"INPLUS","icon":"https:\/\/cdn.nlziet.nl\/static\/assets\/channels\/insighttv.png","description":"","channelno":"13","erotica":"0","minimal":"1","replay":"1","regional":"0","home_only":"0"},"een":{"id":"een","assetid":"een","name":"E\u00e9n","icon":"https:\/\/cdn.nlziet.nl\/static\/assets\/channels\/een.png","description":"","channelno":"14","erotica":"0","minimal":"1","replay":"1","regional":"0","home_only":"0"},"canvas":{"id":"canvas","assetid":"canvas","name":"Canvas","icon":"https:\/\/cdn.nlziet.nl\/static\/assets\/channels\/canvas.png","description":"","channelno":"15","erotica":"0","minimal":"1","replay":"1","regional":"0","home_only":"0"},"ketnet":{"id":"ketnet","assetid":"ketnet","name":"Ketnet","icon":"https:\/\/cdn.nlziet.nl\/static\/assets\/channels\/ketnet.png","description":"","channelno":"16","erotica":"0","minimal":"1","replay":"1","regional":"0","home_only":"0"},"tv538":{"id":"tv538","assetid":"tv538","name":"TV 538","icon":"https:\/\/cdn.nlziet.nl\/static\/assets\/channels\/tv538.png","description":"","channelno":"17","erotica":"0","minimal":"1","replay":"1","regional":"0","home_only":"0"},"rtlcrime":{"id":"rtlcrime","assetid":"rtlcrime","name":"RTL Crime","icon":"https:\/\/cdn.nlziet.nl\/static\/assets\/channels\/rtlcrime.png","description":"","channelno":"18","erotica":"0","minimal":"1","replay":"1","regional":"0","home_only":"0"},"rtllounge":{"id":"rtllounge","assetid":"rtllounge","name":"RTL Lounge","icon":"https:\/\/cdn.nlziet.nl\/static\/assets\/channels\/rtllounge.png","description":"","channelno":"19","erotica":"0","minimal":"1","replay":"1","regional":"0","home_only":"0"},"rtltelekids":{"id":"rtltelekids","assetid":"rtltelekids","name":"RTL Telekids","icon":"https:\/\/cdn.nlziet.nl\/static\/assets\/channels\/rtltelekids.png","description":"","channelno":"20","erotica":"0","minimal":"1","replay":"1","regional":"0","home_only":"0"},"pebbletv":{"id":"pebbletv","assetid":"pebbletv","name":"Pebble TV","icon":"https:\/\/cdn.nlziet.nl\/static\/assets\/channels\/pebbletv.png","description":"","channelno":"21","erotica":"0","minimal":"1","replay":"1","regional":"0","home_only":"0"},"npo1extra":{"id":"npo1extra","assetid":"npo1extra","name":"NPO 1 Extra","icon":"https:\/\/cdn.nlziet.nl\/static\/assets\/channels\/npo1extra.png","description":"","channelno":"22","erotica":"0","minimal":"1","replay":"1","regional":"0","home_only":"0"},"npo2extra":{"id":"npo2extra","assetid":"npo2extra","name":"NPO 2 Extra","icon":"https:\/\/cdn.nlziet.nl\/static\/assets\/channels\/npo2extra.png","description":"","channelno":"23","erotica":"0","minimal":"1","replay":"1","regional":"0","home_only":"0"},"npopolitiek":{"id":"npopolitiek","assetid":"npopolitiek","name":"NPO Politiek","icon":"https:\/\/cdn.nlziet.nl\/static\/assets\/channels\/npopolitiek.png","description":"","channelno":"24","erotica":"0","minimal":"1","replay":"1","regional":"0","home_only":"0"},"omropfryslan":{"id":"omropfryslan","assetid":"omropfryslan","name":"Omrop Frysl\u00e2n","icon":"https:\/\/cdn.nlziet.nl\/static\/assets\/channels\/omropfryslan.png","description":"","channelno":"25","erotica":"0","minimal":"1","replay":"1","regional":"0","home_only":"0"},"rtvnoord":{"id":"rtvnoord","assetid":"rtvnoord","name":"RTV Noord","icon":"https:\/\/cdn.nlziet.nl\/static\/assets\/channels\/rtvnoord.png","description":"","channelno":"26","erotica":"0","minimal":"1","replay":"1","regional":"0","home_only":"0"},"tvdrenthe":{"id":"tvdrenthe","assetid":"tvdrenthe","name":"TV Drenthe","icon":"https:\/\/cdn.nlziet.nl\/static\/assets\/channels\/tvdrenthe.png","description":"","channelno":"27","erotica":"0","minimal":"1","replay":"1","regional":"0","home_only":"0"},"tvoost":{"id":"tvoost","assetid":"tvoost","name":"TV Oost","icon":"https:\/\/cdn.nlziet.nl\/static\/assets\/channels\/tvoost.png","description":"","channelno":"28","erotica":"0","minimal":"1","replay":"1","regional":"0","home_only":"0"},"tvgelderland":{"id":"tvgelderland","assetid":"tvgelderland","name":"TV Gelderland","icon":"https:\/\/cdn.nlziet.nl\/static\/assets\/channels\/tvgelderland.png","description":"","channelno":"29","erotica":"0","minimal":"1","replay":"1","regional":"0","home_only":"0"},"omroepflevoland":{"id":"omroepflevoland","assetid":"omroepflevoland","name":"Omroep Flevoland","icon":"https:\/\/cdn.nlziet.nl\/static\/assets\/channels\/omroepflevoland.png","description":"","channelno":"30","erotica":"0","minimal":"1","replay":"1","regional":"0","home_only":"0"},"nhtv":{"id":"nhtv","assetid":"nhtv","name":"NHTV","icon":"https:\/\/cdn.nlziet.nl\/static\/assets\/channels\/nhtv.png","description":"","channelno":"31","erotica":"0","minimal":"1","replay":"1","regional":"0","home_only":"0"},"rtvutrecht":{"id":"rtvutrecht","assetid":"rtvutrecht","name":"RTV Utrecht","icon":"https:\/\/cdn.nlziet.nl\/static\/assets\/channels\/rtvutrecht.png","description":"","channelno":"32","erotica":"0","minimal":"1","replay":"1","regional":"0","home_only":"0"},"tvwest":{"id":"tvwest","assetid":"tvwest","name":"TV West","icon":"https:\/\/cdn.nlziet.nl\/static\/assets\/channels\/tvwest.png","description":"","channelno":"33","erotica":"0","minimal":"1","replay":"1","regional":"0","home_only":"0"},"tvrijnmond":{"id":"tvrijnmond","assetid":"tvrijnmond","name":"TV Rijnmond","icon":"https:\/\/cdn.nlziet.nl\/static\/assets\/channels\/tvrijnmond.png","description":"","channelno":"34","erotica":"0","minimal":"1","replay":"1","regional":"0","home_only":"0"},"omroepzeeland":{"id":"omroepzeeland","assetid":"omroepzeeland","name":"Omroep Zeeland","icon":"https:\/\/cdn.nlziet.nl\/static\/assets\/channels\/omroepzeeland.png","description":"","channelno":"35","erotica":"0","minimal":"1","replay":"1","regional":"0","home_only":"0"},"omroepbrabant":{"id":"omroepbrabant","assetid":"omroepbrabant","name":"Omroep Brabant","icon":"https:\/\/cdn.nlziet.nl\/static\/assets\/channels\/omroepbrabant.png","description":"","channelno":"36","erotica":"0","minimal":"1","replay":"1","regional":"0","home_only":"0"},"l1tv":{"id":"l1tv","assetid":"l1tv","name":"L1 TV","icon":"https:\/\/cdn.nlziet.nl\/static\/assets\/channels\/l1tv.png","description":"","channelno":"37","erotica":"0","minimal":"1","replay":"1","regional":"0","home_only":"0"},"at5":{"id":"at5","assetid":"at5","name":"AT5","icon":"https:\/\/cdn.nlziet.nl\/static\/assets\/channels\/at5.png","description":"","channelno":"38","erotica":"0","minimal":"1","replay":"1","regional":"0","home_only":"0"}}