{"100feest":{"id":"100feest","name":"100% Feest","mod_name":"","url":"https:\/\/stream.100p.nl\/web01_mp3","icon":"https:\/\/www.nederland.fm\/i\/l\/100feest.gif"},"100kerst":{"id":"100kerst","name":"100% Kerst","mod_name":"","url":"https:\/\/stream.100p.nl\/web05_mp3","icon":"https:\/\/www.nederland.fm\/i\/l\/100kerst.gif"},"100pnl":{"id":"100pnl","name":"100% NL","mod_name":"","url":"http:\/\/stream.100p.nl\/100pctnl.mp3","icon":"https:\/\/www.nederland.fm\/i\/l\/100pnl.gif"},"538classics":{"id":"538classics","name":"538 Classics","mod_name":"","url":"https:\/\/playerservices.streamtheworld.com\/api\/livestream-redirect\/TLPSTR08.mp3","icon":"https:\/\/www.nederland.fm\/i\/l\/538classics.gif"},"538dancedept":{"id":"538dancedept","name":"538 Dancedepartment","mod_name":"538 Dance Department","url":"http:\/\/playerservices.streamtheworld.com\/api\/livestream-redirect\/TLPSTR01.mp3","icon":"https:\/\/www.nederland.fm\/i\/l\/538dancedept.gif"},"538hitzone":{"id":"538hitzone","name":"538 Hitzone","mod_name":"","url":"http:\/\/playerservices.streamtheworld.com\/api\/livestream-redirect\/TLPSTR11.mp3","icon":"https:\/\/www.nederland.fm\/i\/l\/538hitzone.gif"},"538ibiza":{"id":"538ibiza","name":"538 Ibiza","mod_name":"","url":"http:\/\/playerservices.streamtheworld.com\/api\/livestream-redirect\/TLPSTR19.mp3","icon":"https:\/\/www.nederland.fm\/i\/l\/538ibiza.gif"},"538nonstop":{"id":"538nonstop","name":"538 NONSTOP","mod_name":"538 Non-stop","url":"http:\/\/playerservices.streamtheworld.com\/api\/livestream-redirect\/TLPSTR09.mp3","icon":"https:\/\/www.nederland.fm\/i\/l\/538nonstop.gif"},"538party":{"id":"538party","name":"538 Party","mod_name":"","url":"https:\/\/playerservices.streamtheworld.com\/api\/livestream-redirect\/TLPSTR16.mp3","icon":"https:\/\/www.nederland.fm\/i\/l\/538party.gif"},"538top50":{"id":"538top50","name":"538 Top 50","mod_name":"","url":"https:\/\/playerservices.streamtheworld.com\/api\/livestream-redirect\/TLPSTR13.mp3","icon":"https:\/\/www.nederland.fm\/i\/l\/538top50.gif"},"arrowbluesrock":{"id":"arrowbluesrock","name":"Arrow Blues Rock","mod_name":"","url":"https:\/\/playerservices.streamtheworld.com\/api\/livestream-redirect\/ARROWBLUESBOX.mp3","icon":"https:\/\/www.nederland.fm\/i\/l\/arrowbluesrock.gif"},"arrow":{"id":"arrow","name":"Arrow Rock","mod_name":"","url":"https:\/\/stream.player.arrow.nl\/arrow","icon":"https:\/\/www.nederland.fm\/i\/l\/arrow.gif"},"bnr":{"id":"bnr","name":"BNR","mod_name":"","url":"https:\/\/stream.bnr.nl\/bnr_mp3_128_03","icon":"https:\/\/www.nederland.fm\/i\/l\/bnr.gif"},"candlelight":{"id":"candlelight","name":"Candlelight","mod_name":"","url":"http:\/\/playerservices.streamtheworld.com\/api\/livestream-redirect\/CANDLELIGHT.mp3","icon":"https:\/\/www.nederland.fm\/i\/l\/candlelight.gif"},"classicfm":{"id":"classicfm","name":"classicnl","mod_name":"Classic NL","url":"https:\/\/playerservices.streamtheworld.com\/api\/livestream-redirect\/classicfm.mp3","icon":"https:\/\/www.nederland.fm\/i\/l\/classicfm.gif"},"efteling":{"id":"efteling","name":"Efteling Kids Radio","mod_name":"","url":"https:\/\/ice.cr6.streamzilla.xlcdn.com:8000\/sz=efteling=hdstream","icon":"https:\/\/www.nederland.fm\/i\/l\/efteling.gif"},"funx":{"id":"funx","name":"FunX","mod_name":"","url":"http:\/\/icecast.omroep.nl\/funx-bb-mp3","icon":"https:\/\/www.nederland.fm\/i\/l\/funx.gif"},"grandprix":{"id":"grandprix","name":"Grand Prix Radio","mod_name":"","url":"https:\/\/playerservices.streamtheworld.com\/api\/livestream-redirect\/GRAND_PRIX_RADIO.mp3","icon":"https:\/\/www.nederland.fm\/i\/l\/grandprix.gif"},"joe":{"id":"joe","name":"Joe","mod_name":"","url":"https:\/\/icecast-qmusicnl-cdp.triple-it.nl\/Joe_nl.mp3","icon":"https:\/\/www.nederland.fm\/i\/l\/joe.gif"},"kink":{"id":"kink","name":"Kink","mod_name":"","url":"http:\/\/playerservices.streamtheworld.com\/api\/livestream-redirect\/KINK.mp3","icon":"https:\/\/www.nederland.fm\/i\/l\/kink.gif"},"lindaradio":{"id":"lindaradio","name":"LINDA.Radio","mod_name":"","url":"https:\/\/playerservices.streamtheworld.com\/api\/livestream-redirect\/juke_s02.mp3","icon":"https:\/\/www.nederland.fm\/i\/l\/lindaradio.gif"},"3fm":{"id":"3fm","name":"NPO 3FM","mod_name":"","url":"https:\/\/icecast.omroep.nl\/3fm-bb-mp3","icon":"https:\/\/www.nederland.fm\/i\/l\/3fm.gif"},"radio1":{"id":"radio1","name":"NPO Radio 1","mod_name":"","url":"https:\/\/icecast.omroep.nl\/radio1-bb-mp3","icon":"https:\/\/www.nederland.fm\/i\/l\/radio1.gif"},"radio2":{"id":"radio2","name":"NPO Radio 2","mod_name":"","url":"https:\/\/icecast.omroep.nl\/radio2-bb-mp3","icon":"https:\/\/www.nederland.fm\/i\/l\/radio2.gif"},"radio4":{"id":"radio4","name":"NPO Radio 4","mod_name":"","url":"https:\/\/icecast.omroep.nl\/radio4-bb-mp3","icon":"https:\/\/www.nederland.fm\/i\/l\/radio4.gif"},"radio5":{"id":"radio5","name":"NPO Radio 5","mod_name":"","url":"https:\/\/icecast.omroep.nl\/radio5-bb-mp3","icon":"https:\/\/www.nederland.fm\/i\/l\/radio5.gif"},"q-music":{"id":"q-music","name":"Q sounds better with you","mod_name":"Q-Music","url":"https:\/\/icecast-qmusicnl-cdp.triple-it.nl\/Qmusic_nl_live.mp3","icon":"https:\/\/www.nederland.fm\/i\/l\/q-music.gif"},"q-musicfouteuur":{"id":"q-musicfouteuur","name":"Qmusic Het Foute Uur","mod_name":"","url":"https:\/\/icecast-qmusicnl-cdp.triple-it.nl\/Qmusic_nl_fouteuur.mp3","icon":"https:\/\/www.nederland.fm\/i\/l\/q-musicfouteuur.gif"},"qmusic90s":{"id":"qmusic90s","name":"Qmusic Music 90s","mod_name":"","url":"https:\/\/icecast-qmusicnl-cdp.triple-it.nl\/Qmusic_nl_thema.mp3","icon":"https:\/\/www.nederland.fm\/i\/l\/qmusic90s.gif"},"q-musicnonstop":{"id":"q-musicnonstop","name":"Qmusic Non-Stop","mod_name":"","url":"https:\/\/icecast-qmusicnl-cdp.triple-it.nl\/Qmusic_nl_nonstop.mp3","icon":"https:\/\/www.nederland.fm\/i\/l\/q-musicnonstop.gif"},"qmusictop40":{"id":"qmusictop40","name":"Qmusic Top 40","mod_name":"","url":"https:\/\/icecast-qmusicnl-cdp.triple-it.nl\/Qmusic_nl_top40.mp3","icon":"https:\/\/www.nederland.fm\/i\/l\/qmusictop40.gif"},"decibel":{"id":"decibel","name":"Radio   Decibel","mod_name":"Radio Decibel","url":"https:\/\/stream.decibel.nl\/01.mp3","icon":"https:\/\/www.nederland.fm\/i\/l\/decibel.gif"},"radio10":{"id":"radio10","name":"Radio 10","mod_name":"","url":"http:\/\/playerservices.streamtheworld.com\/api\/livestream-redirect\/RADIO10.mp3","icon":"https:\/\/www.nederland.fm\/i\/l\/radio10.gif"},"6070shits":{"id":"6070shits","name":"Radio 10 60's & 70's Hits","mod_name":"","url":"http:\/\/playerservices.streamtheworld.com\/api\/livestream-redirect\/TLPSTR18.mp3","icon":"https:\/\/www.nederland.fm\/i\/l\/6070shits.gif"},"radio1080shits":{"id":"radio1080shits","name":"Radio 10 80's Hits","mod_name":"","url":"http:\/\/playerservices.streamtheworld.com\/api\/livestream-redirect\/TLPSTR20.mp3","icon":"https:\/\/www.nederland.fm\/i\/l\/radio1080shits.gif"},"danceclassics":{"id":"danceclassics","name":"Radio 10 Disco classics","mod_name":"","url":"http:\/\/playerservices.streamtheworld.com\/api\/livestream-redirect\/TLPSTR23.mp3","icon":"https:\/\/www.nederland.fm\/i\/l\/danceclassics.gif"},"radio10lovesongs":{"id":"radio10lovesongs","name":"Radio 10 Lovesongs","mod_name":"","url":"http:\/\/playerservices.streamtheworld.com\/api\/livestream-redirect\/TLPSTR04.mp3","icon":"https:\/\/www.nederland.fm\/i\/l\/radio10lovesongs.gif"},"radio10nonstop":{"id":"radio10nonstop","name":"Radio 10 non stop","mod_name":"","url":"http:\/\/playerservices.streamtheworld.com\/api\/livestream-redirect\/TLPSTR15.mp3","icon":"https:\/\/www.nederland.fm\/i\/l\/radio10nonstop.gif"},"radio10top4000":{"id":"radio10top4000","name":"Radio 10 Top 4000","mod_name":"","url":"http:\/\/playerservices.streamtheworld.com\/api\/livestream-redirect\/TLPSTR24.mp3","icon":"https:\/\/www.nederland.fm\/i\/l\/radio10top4000.gif"},"radio538":{"id":"radio538","name":"Radio 538","mod_name":"","url":"http:\/\/playerservices.streamtheworld.com\/api\/livestream-redirect\/RADIO538.mp3","icon":"https:\/\/www.nederland.fm\/i\/l\/radio538.gif"},"skyhits":{"id":"skyhits","name":"Sky Hits","mod_name":"","url":"http:\/\/playerservices.streamtheworld.com\/api\/livestream-redirect\/SRGSTR01.mp3","icon":"https:\/\/www.nederland.fm\/i\/l\/skyhits.gif"},"skyradio":{"id":"skyradio","name":"Sky Radio","mod_name":"","url":"http:\/\/playerservices.streamtheworld.com\/api\/livestream-redirect\/SKYRADIO.mp3","icon":"https:\/\/www.nederland.fm\/i\/l\/skyradio.gif"},"skylovesongs":{"id":"skylovesongs","name":"Sky Radio Love Songs","mod_name":"","url":"http:\/\/playerservices.streamtheworld.com\/api\/livestream-redirect\/SRGSTR03.mp3","icon":"https:\/\/www.nederland.fm\/i\/l\/skylovesongs.gif"},"skyradioniceeasy":{"id":"skyradioniceeasy","name":"Sky Radio Nice & Easy","mod_name":"","url":"https:\/\/playerservices.streamtheworld.com\/api\/livestream-redirect\/SRGSTR07.mp3","icon":"https:\/\/www.nederland.fm\/i\/l\/skyradioniceeasy.gif"},"skywork":{"id":"skywork","name":"Sky Radio Non-Stop@Work","mod_name":"","url":"http:\/\/playerservices.streamtheworld.com\/api\/livestream-redirect\/SRGSTR24.mp3","icon":"https:\/\/www.nederland.fm\/i\/l\/skywork.gif"},"skysmooth":{"id":"skysmooth","name":"Sky Radio Smooth Hits","mod_name":"","url":"http:\/\/playerservices.streamtheworld.com\/api\/livestream-redirect\/SRGSTR15.mp3","icon":"https:\/\/www.nederland.fm\/i\/l\/skysmooth.gif"},"slamfm":{"id":"slamfm","name":"SLAM!","mod_name":"","url":"http:\/\/538hls.lswcdn.triple-it.nl\/content\/slamfm\/index.m3u8","icon":"https:\/\/www.nederland.fm\/i\/l\/slamfm.gif"},"slamhousuh":{"id":"slamhousuh","name":"SLAM! Housuh","mod_name":"","url":"https:\/\/stream.slam.nl\/web16_mp3","icon":"https:\/\/www.nederland.fm\/i\/l\/slamhousuh.gif"},"slammix":{"id":"slammix","name":"SLAM! Mix","mod_name":"","url":"https:\/\/stream.slam.nl\/web13_mp3","icon":"https:\/\/www.nederland.fm\/i\/l\/slammix.gif"},"slamnonstop":{"id":"slamnonstop","name":"SLAM! Non Stop","mod_name":"","url":"https:\/\/stream.slam.nl\/web10_mp3","icon":"https:\/\/www.nederland.fm\/i\/l\/slamnonstop.gif"},"soulradio":{"id":"soulradio","name":"Soul Radio","mod_name":"","url":"http:\/\/playerservices.streamtheworld.com\/api\/livestream-redirect\/SOULRADIO.mp3","icon":"https:\/\/www.nederland.fm\/i\/l\/soulradio.gif"},"sublimefm":{"id":"sublimefm","name":"Sublime FM","mod_name":"","url":"https:\/\/playerservices.streamtheworld.com\/api\/livestream-redirect\/SUBLIME.mp3","icon":"https:\/\/www.nederland.fm\/i\/l\/sublimefm.gif"},"sunlite":{"id":"sunlite","name":"Sunlite","mod_name":"","url":"https:\/\/stream.sunlite.nl\/","icon":"https:\/\/www.nederland.fm\/i\/l\/sunlite.gif"},"veronicafm":{"id":"veronicafm","name":"Veronica FM","mod_name":"","url":"http:\/\/playerservices.streamtheworld.com\/api\/livestream-redirect\/VERONICA.mp3","icon":"https:\/\/www.nederland.fm\/i\/l\/veronicafm.gif"},"rockradio":{"id":"rockradio","name":"Veronica Rock Radio ","mod_name":"","url":"http:\/\/playerservices.streamtheworld.com\/api\/livestream-redirect\/SRGSTR11.mp3","icon":"https:\/\/www.nederland.fm\/i\/l\/rockradio.gif"},"top1000":{"id":"top1000","name":"Veronica Top 1000","mod_name":"","url":"http:\/\/playerservices.streamtheworld.com\/api\/livestream-redirect\/SRGSTR10.mp3","icon":"https:\/\/www.nederland.fm\/i\/l\/top1000.gif"},"veronicavintage":{"id":"veronicavintage","name":"Veronica Vintage","mod_name":"","url":"https:\/\/playerservices.streamtheworld.com\/api\/livestream-redirect\/SRGSTR09.mp3","icon":"https:\/\/www.nederland.fm\/i\/l\/veronicavintage.gif"}}