{"141430714":{"id":"141430714","assetid":"141430715","name":"NPO 1","icon":"https:\/\/t-mobiletv.nl:443\/CPS\/images\/universal\/film\/logo\/201906\/20190614\/20190614155426831zyo.png","description":"","channelno":"1","erotica":"0","minimal":"1","replay":"1","regional":"0","home_only":"0"},"147053128":{"id":"147053128","assetid":"147053129","name":"NPO 2","icon":"https:\/\/t-mobiletv.nl:443\/CPS\/images\/universal\/film\/logo\/201906\/20190619\/201906191004386431tc.png","description":"","channelno":"2","erotica":"0","minimal":"1","replay":"1","regional":"0","home_only":"0"},"141430597":{"id":"141430597","assetid":"141430598","name":"NPO 3","icon":"https:\/\/t-mobiletv.nl:443\/CPS\/images\/universal\/film\/logo\/201906\/20190614\/20190614155436628p9y.png","description":"","channelno":"3","erotica":"0","minimal":"1","replay":"1","regional":"0","home_only":"0"},"155053485":{"id":"155053485","assetid":"155053486","name":"RTL 4","icon":"https:\/\/t-mobiletv.nl:443\/CPS\/images\/universal\/film\/logo\/201906\/20190626\/20190626142214904sb0.png","description":"","channelno":"4","erotica":"0","minimal":"1","replay":"1","regional":"0","home_only":"0"},"149441994":{"id":"149441994","assetid":"149442003","name":"RTL 5","icon":"https:\/\/t-mobiletv.nl:443\/CPS\/images\/universal\/film\/logo\/201906\/20190622\/201906221010492670yb.png","description":"","channelno":"5","erotica":"0","minimal":"1","replay":"1","regional":"0","home_only":"0"},"141430106":{"id":"141430106","assetid":"141430107","name":"SBS 6","icon":"https:\/\/t-mobiletv.nl:443\/CPS\/images\/universal\/film\/logo\/201906\/20190614\/201906141554188863t5.png","description":"","channelno":"6","erotica":"0","minimal":"1","replay":"1","regional":"0","home_only":"0"},"141430922":{"id":"141430922","assetid":"141430923","name":"RTL 7","icon":"https:\/\/t-mobiletv.nl:443\/CPS\/images\/universal\/film\/logo\/201906\/20190614\/20190614155501724mxu.png","description":"","channelno":"7","erotica":"0","minimal":"1","replay":"1","regional":"0","home_only":"0"},"141430837":{"id":"141430837","assetid":"141430839","name":"Veronica  Disney XD","icon":"https:\/\/t-mobiletv.nl:443\/CPS\/images\/universal\/film\/logo\/201906\/20190614\/2019061415545461331g.png","description":"","channelno":"8","erotica":"0","minimal":"1","replay":"1","regional":"0","home_only":"0"},"141431367":{"id":"141431367","assetid":"141431368","name":"NET 5","icon":"https:\/\/t-mobiletv.nl:443\/CPS\/images\/universal\/film\/logo\/201910\/20191002\/201910021431097379m8.png","description":"","channelno":"9","erotica":"0","minimal":"1","replay":"1","regional":"0","home_only":"0"},"141430473":{"id":"141430473","assetid":"186566279","name":"RTL 8","icon":"https:\/\/t-mobiletv.nl:443\/CPS\/images\/universal\/film\/logo\/201908\/20190821\/20190821141832826bdb.png","description":"","channelno":"10","erotica":"0","minimal":"1","replay":"1","regional":"0","home_only":"0"},"141430236":{"id":"141430236","assetid":"141430237","name":"RTL Z","icon":"https:\/\/t-mobiletv.nl:443\/CPS\/images\/universal\/film\/logo\/201906\/20190614\/201906141555037627eq.png","description":"","channelno":"11","erotica":"0","minimal":"1","replay":"1","regional":"0","home_only":"0"},"150504894":{"id":"150504894","assetid":"150504903","name":"SBS 9","icon":"https:\/\/t-mobiletv.nl:443\/CPS\/images\/universal\/film\/logo\/201906\/20190622\/201906221101031790sw.png","description":"","channelno":"12","erotica":"0","minimal":"1","replay":"1","regional":"0","home_only":"0"},"141430439":{"id":"141430439","assetid":"141430440","name":"Comedy Central","icon":"https:\/\/t-mobiletv.nl:443\/CPS\/images\/universal\/film\/logo\/201906\/20190614\/20190614155507636nxy.png","description":"","channelno":"14","erotica":"0","minimal":"1","replay":"1","regional":"0","home_only":"0"},"141429374":{"id":"141429374","assetid":"141429375","name":"MTV","icon":"https:\/\/t-mobiletv.nl:443\/CPS\/images\/universal\/film\/logo\/201906\/20190614\/20190614155500659emy.png","description":"","channelno":"15","erotica":"0","minimal":"1","replay":"1","regional":"0","home_only":"0"},"150544190":{"id":"150544190","assetid":"150545479","name":"FOX","icon":"https:\/\/t-mobiletv.nl:443\/CPS\/images\/universal\/film\/logo\/201906\/20190622\/201906221059280655fi.png","description":"","channelno":"16","erotica":"0","minimal":"1","replay":"1","regional":"0","home_only":"0"},"141429297":{"id":"141429297","assetid":"141429298","name":"TLC","icon":"https:\/\/t-mobiletv.nl:443\/CPS\/images\/universal\/film\/logo\/202207\/20220705\/13\/20220705064035648ggp.png","description":"","channelno":"17","erotica":"0","minimal":"1","replay":"1","regional":"0","home_only":"0"},"184216056":{"id":"184216056","assetid":"184216057","name":"Zender van de Maand","icon":"https:\/\/t-mobiletv.nl:443\/CPS\/images\/universal\/film\/logo\/202212\/20221206\/55\/20221206120204811dqv.png","description":"","channelno":"18","erotica":"0","minimal":"1","replay":"0","regional":"0","home_only":"0"},"141429532":{"id":"141429532","assetid":"186568596","name":"Paramount Network","icon":"https:\/\/t-mobiletv.nl:443\/CPS\/images\/universal\/film\/logo\/202205\/20220524\/91\/202205240814049060u0.png","description":"","channelno":"19","erotica":"0","minimal":"1","replay":"1","regional":"0","home_only":"0"},"141430463":{"id":"141430463","assetid":"141430464","name":"Nickelodeon","icon":"https:\/\/t-mobiletv.nl:443\/CPS\/images\/universal\/film\/logo\/201906\/20190614\/20190614155420629qbt.png","description":"","channelno":"20","erotica":"0","minimal":"1","replay":"1","regional":"0","home_only":"0"},"141429669":{"id":"141429669","assetid":"141429670","name":"\u00c9\u00e9n","icon":"https:\/\/t-mobiletv.nl:443\/CPS\/images\/universal\/film\/logo\/201909\/20190913\/20190913070639399g78.png","description":"","channelno":"21","erotica":"0","minimal":"1","replay":"1","regional":"0","home_only":"0"},"141431638":{"id":"141431638","assetid":"186568608","name":"Canvas","icon":"https:\/\/t-mobiletv.nl:443\/CPS\/images\/universal\/film\/logo\/201907\/20190731\/20190731083837231dk8.png","description":"","channelno":"22","erotica":"0","minimal":"1","replay":"1","regional":"0","home_only":"0"},"203002308":{"id":"203002308","assetid":"203002323","name":"Ketnet","icon":"https:\/\/t-mobiletv.nl:443\/CPS\/images\/universal\/film\/logo\/201908\/20190807\/20190807132815418zq7.png","description":"","channelno":"23","erotica":"0","minimal":"1","replay":"1","regional":"0","home_only":"0"},"141429712":{"id":"141429712","assetid":"186566312","name":"24Kitchen","icon":"https:\/\/t-mobiletv.nl:443\/CPS\/images\/universal\/film\/logo\/201907\/20190731\/20190731085917699d6h.png","description":"","channelno":"24","erotica":"0","minimal":"1","replay":"1","regional":"0","home_only":"0"},"141430970":{"id":"141430970","assetid":"141430971","name":"Disney Channel","icon":"https:\/\/t-mobiletv.nl:443\/CPS\/images\/universal\/film\/logo\/202208\/20220824\/76\/20220824124104857j8h.png","description":"","channelno":"25","erotica":"0","minimal":"1","replay":"1","regional":"0","home_only":"0"},"141430551":{"id":"141430551","assetid":"141430552","name":"XITE","icon":"https:\/\/t-mobiletv.nl:443\/CPS\/images\/universal\/film\/logo\/201906\/20190614\/201906141552316394bl.png","description":"","channelno":"29","erotica":"0","minimal":"1","replay":"1","regional":"0","home_only":"0"},"141428935":{"id":"141428935","assetid":"141428936","name":"INPLUS","icon":"https:\/\/t-mobiletv.nl:443\/CPS\/images\/universal\/film\/logo\/202207\/20220705\/70\/20220705064215840n93.png","description":"","channelno":"38","erotica":"0","minimal":"0","replay":"1","regional":"0","home_only":"0"},"141429883":{"id":"141429883","assetid":"141429884","name":"National Geographic","icon":"https:\/\/t-mobiletv.nl:443\/CPS\/images\/universal\/film\/logo\/201906\/20190614\/20190614155437651xfy.png","description":"","channelno":"51","erotica":"0","minimal":"1","replay":"1","regional":"0","home_only":"0"},"141429409":{"id":"141429409","assetid":"141429410","name":"Discovery","icon":"https:\/\/t-mobiletv.nl:443\/CPS\/images\/universal\/film\/logo\/201909\/20190923\/20190923120854370bhs.png","description":"","channelno":"61","erotica":"0","minimal":"1","replay":"1","regional":"0","home_only":"0"},"141426349":{"id":"141426349","assetid":"141426350","name":"ID","icon":"https:\/\/t-mobiletv.nl:443\/CPS\/images\/universal\/film\/logo\/202011\/20201118\/84\/2020111809152386205z.png","description":"","channelno":"65","erotica":"0","minimal":"1","replay":"1","regional":"0","home_only":"0"},"141429026":{"id":"141429026","assetid":"141429027","name":"Animal Planet","icon":"https:\/\/t-mobiletv.nl:443\/CPS\/images\/universal\/film\/logo\/201906\/20190614\/20190614155458628wxc.png","description":"","channelno":"72","erotica":"0","minimal":"1","replay":"1","regional":"0","home_only":"0"},"141430738":{"id":"141430738","assetid":"141430739","name":"Nat Geo Wild","icon":"https:\/\/t-mobiletv.nl:443\/CPS\/images\/universal\/film\/logo\/201908\/20190823\/201908231045227056wy.png","description":"","channelno":"77","erotica":"0","minimal":"1","replay":"1","regional":"0","home_only":"0"},"141430036":{"id":"141430036","assetid":"141430038","name":"NPO 1 Extra","icon":"https:\/\/t-mobiletv.nl:443\/CPS\/images\/universal\/film\/logo\/201906\/20190614\/20190614155502755fk7.png","description":"","channelno":"81","erotica":"0","minimal":"1","replay":"1","regional":"0","home_only":"0"},"141430280":{"id":"141430280","assetid":"141430281","name":"NPO 2 Extra","icon":"https:\/\/t-mobiletv.nl:443\/CPS\/images\/universal\/film\/logo\/201906\/20190614\/20190614155501642qzx.png","description":"","channelno":"82","erotica":"0","minimal":"1","replay":"1","regional":"0","home_only":"0"},"141430304":{"id":"141430304","assetid":"141430306","name":"NPO Politiek en Nieuws","icon":"https:\/\/t-mobiletv.nl:443\/CPS\/images\/universal\/film\/logo\/202112\/20211215\/35\/20211215095223424lr8.png","description":"","channelno":"83","erotica":"0","minimal":"1","replay":"1","regional":"0","home_only":"0"},"141429150":{"id":"141429150","assetid":"141429153","name":"Crime+Investigation","icon":"https:\/\/t-mobiletv.nl:443\/CPS\/images\/universal\/film\/logo\/202111\/20211116\/48\/20211116134651824i64.png","description":"","channelno":"90","erotica":"0","minimal":"0","replay":"1","regional":"0","home_only":"0"},"141430874":{"id":"141430874","assetid":"141430875","name":"History Channel","icon":"https:\/\/t-mobiletv.nl:443\/CPS\/images\/universal\/film\/logo\/202004\/20200403\/20200403120336237460.png","description":"","channelno":"91","erotica":"0","minimal":"1","replay":"1","regional":"0","home_only":"0"},"141429385":{"id":"141429385","assetid":"141429386","name":"BBC First","icon":"https:\/\/t-mobiletv.nl:443\/CPS\/images\/universal\/film\/logo\/201906\/20190614\/20190614155454641w8n.png","description":"","channelno":"110","erotica":"0","minimal":"1","replay":"1","regional":"0","home_only":"0"},"141431706":{"id":"141431706","assetid":"141431707","name":"BBC One","icon":"https:\/\/t-mobiletv.nl:443\/CPS\/images\/universal\/film\/logo\/201906\/20190614\/20190614155307603wl8.png","description":"","channelno":"111","erotica":"0","minimal":"1","replay":"0","regional":"0","home_only":"0"},"141429351":{"id":"141429351","assetid":"141429352","name":"BBC Two","icon":"https:\/\/t-mobiletv.nl:443\/CPS\/images\/universal\/film\/logo\/201906\/20190614\/20190614155322616ki5.png","description":"","channelno":"112","erotica":"0","minimal":"1","replay":"0","regional":"0","home_only":"0"},"141431430":{"id":"141431430","assetid":"141431431","name":"CBBC","icon":"https:\/\/t-mobiletv.nl:443\/CPS\/images\/universal\/film\/logo\/201906\/20190614\/201906141552426279mn.png","description":"","channelno":"113","erotica":"0","minimal":"0","replay":"1","regional":"0","home_only":"0"},"141428482":{"id":"141428482","assetid":"141428486","name":"BBC Four  Cbeebies","icon":"https:\/\/t-mobiletv.nl:443\/CPS\/images\/universal\/film\/logo\/201906\/20190614\/201906141551486068sp.png","description":"","channelno":"114","erotica":"0","minimal":"0","replay":"1","regional":"0","home_only":"0"},"141429778":{"id":"141429778","assetid":"141429779","name":"BBC Entertainment","icon":"https:\/\/t-mobiletv.nl:443\/CPS\/images\/universal\/film\/logo\/201906\/20190614\/201906141552106322ik.png","description":"","channelno":"115","erotica":"0","minimal":"0","replay":"1","regional":"0","home_only":"0"},"141428593":{"id":"141428593","assetid":"141428594","name":"Eurosport","icon":"https:\/\/t-mobiletv.nl:443\/CPS\/images\/universal\/film\/logo\/201906\/20190614\/20190614155345680t7q.png","description":"","channelno":"131","erotica":"0","minimal":"1","replay":"1","regional":"0","home_only":"0"},"141429798":{"id":"141429798","assetid":"141429801","name":"ESPN","icon":"https:\/\/t-mobiletv.nl:443\/CPS\/images\/universal\/film\/logo\/202012\/20201230\/24\/20201230083418013jkl.png","description":"","channelno":"150","erotica":"0","minimal":"1","replay":"1","regional":"0","home_only":"0"},"141429138":{"id":"141429138","assetid":"141429139","name":"ESPN2","icon":"https:\/\/t-mobiletv.nl:443\/CPS\/images\/universal\/film\/logo\/202012\/20201230\/72\/20201230090023275o4p.png","description":"","channelno":"151","erotica":"0","minimal":"0","replay":"1","regional":"0","home_only":"0"},"141431682":{"id":"141431682","assetid":"186566324","name":"ESPN3","icon":"https:\/\/t-mobiletv.nl:443\/CPS\/images\/universal\/film\/logo\/202012\/20201230\/42\/20201230090724355d2s.png","description":"","channelno":"152","erotica":"0","minimal":"0","replay":"1","regional":"0","home_only":"0"},"141431614":{"id":"141431614","assetid":"186570163","name":"ESPN4","icon":"https:\/\/t-mobiletv.nl:443\/CPS\/images\/universal\/film\/logo\/202012\/20201230\/18\/20201230113246402pli.png","description":"","channelno":"153","erotica":"0","minimal":"0","replay":"1","regional":"0","home_only":"0"},"280715050":{"id":"280715050","assetid":"280715051","name":"Ziggo Sport Select","icon":"https:\/\/t-mobiletv.nl:443\/CPS\/images\/universal\/film\/logo\/201910\/20191009\/201910090916416276d3.png","description":"","channelno":"160","erotica":"0","minimal":"0","replay":"1","regional":"0","home_only":"0"},"280658496":{"id":"280658496","assetid":"280658497","name":"Ziggo Sport Voetbal","icon":"https:\/\/t-mobiletv.nl:443\/CPS\/images\/universal\/film\/logo\/201910\/20191009\/201910090917071884ni.png","description":"","channelno":"161","erotica":"0","minimal":"0","replay":"1","regional":"0","home_only":"0"},"280658403":{"id":"280658403","assetid":"280658404","name":"Ziggo Sport Golf","icon":"https:\/\/t-mobiletv.nl:443\/CPS\/images\/universal\/film\/logo\/201910\/20191009\/20191009092011639pw9.png","description":"","channelno":"162","erotica":"0","minimal":"0","replay":"1","regional":"0","home_only":"0"},"280724612":{"id":"280724612","assetid":"280724613","name":"Ziggo Sport Racing","icon":"https:\/\/t-mobiletv.nl:443\/CPS\/images\/universal\/film\/logo\/201910\/20191009\/201910090915467408il.png","description":"","channelno":"163","erotica":"0","minimal":"0","replay":"1","regional":"0","home_only":"0"},"280658473":{"id":"280658473","assetid":"280658474","name":"Ziggo Sport Docu","icon":"https:\/\/t-mobiletv.nl:443\/CPS\/images\/universal\/film\/logo\/201910\/20191009\/20191009091746578ayl.png","description":"","channelno":"164","erotica":"0","minimal":"0","replay":"1","regional":"0","home_only":"0"},"280653307":{"id":"280653307","assetid":"280653308","name":"Ziggo Sport Tennis","icon":"https:\/\/t-mobiletv.nl:443\/CPS\/images\/universal\/film\/logo\/202103\/20210301\/20\/20210301095052358gkr.png","description":"","channelno":"165","erotica":"0","minimal":"0","replay":"1","regional":"0","home_only":"0"},"141428461":{"id":"141428461","assetid":"141428462","name":"RTL Telekids","icon":"https:\/\/t-mobiletv.nl:443\/CPS\/images\/universal\/film\/logo\/201906\/20190614\/20190614155454630v8o.png","description":"","channelno":"170","erotica":"0","minimal":"0","replay":"1","regional":"0","home_only":"0"},"141429220":{"id":"141429220","assetid":"141429221","name":"Nick Jr.","icon":"https:\/\/t-mobiletv.nl:443\/CPS\/images\/universal\/film\/logo\/201906\/20190614\/20190614155512608upx.png","description":"","channelno":"172","erotica":"0","minimal":"0","replay":"1","regional":"0","home_only":"0"},"141430415":{"id":"141430415","assetid":"186569120","name":"Nick Toons","icon":"https:\/\/t-mobiletv.nl:443\/CPS\/images\/universal\/film\/logo\/201909\/20190903\/201909031704028332cz.png","description":"","channelno":"173","erotica":"0","minimal":"0","replay":"1","regional":"0","home_only":"0"},"141431319":{"id":"141431319","assetid":"186569132","name":"Nick Music","icon":"https:\/\/t-mobiletv.nl:443\/CPS\/images\/universal\/film\/logo\/201906\/20190614\/201906141554267724m4.png","description":"","channelno":"174","erotica":"0","minimal":"0","replay":"1","regional":"0","home_only":"0"},"141429058":{"id":"141429058","assetid":"141429060","name":"Comedy Central Extra","icon":"https:\/\/t-mobiletv.nl:443\/CPS\/images\/universal\/film\/logo\/201906\/20190614\/2019061415541890641b.png","description":"","channelno":"187","erotica":"0","minimal":"0","replay":"1","regional":"0","home_only":"0"},"141430835":{"id":"141430835","assetid":"186574259","name":"Cartoon Network","icon":"https:\/\/t-mobiletv.nl:443\/CPS\/images\/universal\/film\/logo\/201909\/20190903\/20190903170442699bbi.png","description":"","channelno":"190","erotica":"0","minimal":"1","replay":"1","regional":"0","home_only":"0"},"141430346":{"id":"141430346","assetid":"141430347","name":"Pebble TV","icon":"https:\/\/t-mobiletv.nl:443\/CPS\/images\/universal\/film\/logo\/201906\/20190614\/20190614155408630g1q.png","description":"","channelno":"191","erotica":"0","minimal":"0","replay":"1","regional":"0","home_only":"0"},"141428959":{"id":"141428959","assetid":"141428960","name":"Duck TV","icon":"https:\/\/t-mobiletv.nl:443\/CPS\/images\/universal\/film\/logo\/201906\/20190614\/201906141553317127es.png","description":"","channelno":"193","erotica":"0","minimal":"0","replay":"1","regional":"0","home_only":"0"},"141431168":{"id":"141431168","assetid":"141431297","name":"BoomerangTV","icon":"https:\/\/t-mobiletv.nl:443\/CPS\/images\/universal\/film\/logo\/201906\/20190614\/20190614155336648dcq.png","description":"","channelno":"196","erotica":"0","minimal":"0","replay":"1","regional":"0","home_only":"0"},"141429273":{"id":"141429273","assetid":"141429274","name":"BabyTV","icon":"https:\/\/t-mobiletv.nl:443\/CPS\/images\/universal\/film\/logo\/201906\/20190614\/20190614155347652k8x.png","description":"","channelno":"197","erotica":"0","minimal":"0","replay":"1","regional":"0","home_only":"0"},"141429839":{"id":"141429839","assetid":"141429840","name":"MTV Hits","icon":"https:\/\/t-mobiletv.nl:443\/CPS\/images\/universal\/film\/logo\/202101\/20210101\/96\/20210101102943319t4k.png","description":"","channelno":"213","erotica":"0","minimal":"0","replay":"1","regional":"0","home_only":"0"},"141428765":{"id":"141428765","assetid":"186571782","name":"MTV 90s","icon":"https:\/\/t-mobiletv.nl:443\/CPS\/images\/universal\/film\/logo\/202105\/20210531\/80\/202105311301486946mv.png","description":"","channelno":"214","erotica":"0","minimal":"0","replay":"1","regional":"0","home_only":"0"},"141429931":{"id":"141429931","assetid":"141429932","name":"MTV Live","icon":"https:\/\/t-mobiletv.nl:443\/CPS\/images\/universal\/film\/logo\/201907\/20190719\/20190719134257795pt0.png","description":"","channelno":"215","erotica":"0","minimal":"0","replay":"1","regional":"0","home_only":"0"},"141428523":{"id":"141428523","assetid":"141428524","name":"SLAM!TV","icon":"https:\/\/t-mobiletv.nl:443\/CPS\/images\/universal\/film\/logo\/202112\/20211206\/8\/20211206130416681r5t.png","description":"","channelno":"226","erotica":"0","minimal":"0","replay":"1","regional":"0","home_only":"0"},"141428823":{"id":"141428823","assetid":"141428824","name":"Stingray I-Concerts","icon":"https:\/\/t-mobiletv.nl:443\/CPS\/images\/universal\/film\/logo\/201906\/20190614\/201906141553396382mh.png","description":"","channelno":"228","erotica":"0","minimal":"0","replay":"1","regional":"0","home_only":"0"},"141431235":{"id":"141431235","assetid":"141431236","name":"TV Oranje","icon":"https:\/\/t-mobiletv.nl:443\/CPS\/images\/universal\/film\/logo\/201906\/20190614\/20190614155241605q8c.png","description":"","channelno":"229","erotica":"0","minimal":"0","replay":"1","regional":"0","home_only":"0"},"141431213":{"id":"141431213","assetid":"141431214","name":"SchlagerTV","icon":"https:\/\/t-mobiletv.nl:443\/CPS\/images\/universal\/film\/logo\/201906\/20190614\/20190614155222630gpb.png","description":"","channelno":"230","erotica":"0","minimal":"0","replay":"1","regional":"0","home_only":"0"},"141430158":{"id":"141430158","assetid":"141430160","name":"Stingray Lite TV","icon":"https:\/\/t-mobiletv.nl:443\/CPS\/images\/universal\/film\/logo\/201906\/20190614\/201906141555076374pq.png","description":"","channelno":"231","erotica":"0","minimal":"0","replay":"1","regional":"0","home_only":"0"},"141429689":{"id":"141429689","assetid":"141429690","name":"192TV","icon":"https:\/\/t-mobiletv.nl:443\/CPS\/images\/universal\/film\/logo\/201906\/20190614\/20190614155240671nr3.png","description":"","channelno":"232","erotica":"0","minimal":"0","replay":"1","regional":"0","home_only":"0"},"141431538":{"id":"141431538","assetid":"141431539","name":"MTV 00s","icon":"https:\/\/t-mobiletv.nl:443\/CPS\/images\/universal\/film\/logo\/202108\/20210802\/29\/20210802063641028tb2.png","description":"","channelno":"233","erotica":"0","minimal":"0","replay":"1","regional":"0","home_only":"0"},"141431391":{"id":"141431391","assetid":"186378136","name":"MTV 80s","icon":"https:\/\/t-mobiletv.nl:443\/CPS\/images\/universal\/film\/logo\/202010\/20201008\/16\/20201008115126625hey.png","description":"","channelno":"234","erotica":"0","minimal":"0","replay":"1","regional":"0","home_only":"0"},"141430850":{"id":"141430850","assetid":"141430851","name":"Stingray Djazz","icon":"https:\/\/t-mobiletv.nl:443\/CPS\/images\/universal\/film\/logo\/201906\/20190614\/20190614155453632ggi.png","description":"","channelno":"235","erotica":"0","minimal":"0","replay":"1","regional":"0","home_only":"0"},"141431450":{"id":"141431450","assetid":"141431451","name":"Trace Urban","icon":"https:\/\/t-mobiletv.nl:443\/CPS\/images\/universal\/film\/logo\/201906\/20190614\/20190614155434778fee.png","description":"","channelno":"236","erotica":"0","minimal":"0","replay":"1","regional":"0","home_only":"0"},"141431033":{"id":"141431033","assetid":"141431034","name":"CNN","icon":"https:\/\/t-mobiletv.nl:443\/CPS\/images\/universal\/film\/logo\/201906\/20190614\/20190614155507628et9.png","description":"","channelno":"241","erotica":"0","minimal":"1","replay":"1","regional":"0","home_only":"0"},"141430145":{"id":"141430145","assetid":"141430146","name":"BBC World News","icon":"https:\/\/t-mobiletv.nl:443\/CPS\/images\/universal\/film\/logo\/201906\/20190614\/20190614155335630i2e.png","description":"","channelno":"242","erotica":"0","minimal":"1","replay":"1","regional":"0","home_only":"0"},"141431145":{"id":"141431145","assetid":"141431146","name":"CNBC Europe","icon":"https:\/\/t-mobiletv.nl:443\/CPS\/images\/universal\/film\/logo\/201906\/20190614\/20190614155328632196.png","description":"","channelno":"244","erotica":"0","minimal":"0","replay":"1","regional":"0","home_only":"0"},"141429055":{"id":"141429055","assetid":"141429185","name":"Al Jazeera (English)","icon":"https:\/\/t-mobiletv.nl:443\/CPS\/images\/universal\/film\/logo\/201906\/20190614\/20190614155242628fl0.png","description":"","channelno":"245","erotica":"0","minimal":"0","replay":"1","regional":"0","home_only":"0"},"141430305":{"id":"141430305","assetid":"141430307","name":"CNN Turk","icon":"https:\/\/t-mobiletv.nl:443\/CPS\/images\/universal\/film\/logo\/201906\/20190614\/201906141553256314ls.png","description":"","channelno":"246","erotica":"0","minimal":"0","replay":"1","regional":"0","home_only":"0"},"141430130":{"id":"141430130","assetid":"141430131","name":"France24 (English)","icon":"https:\/\/t-mobiletv.nl:443\/CPS\/images\/universal\/film\/logo\/201906\/20190614\/20190614155451690bsc.png","description":"","channelno":"247","erotica":"0","minimal":"0","replay":"1","regional":"0","home_only":"0"},"141430621":{"id":"141430621","assetid":"141430622","name":"RTL Lounge","icon":"https:\/\/t-mobiletv.nl:443\/CPS\/images\/universal\/film\/logo\/201906\/20190614\/201906141554366277lt.png","description":"","channelno":"271","erotica":"0","minimal":"0","replay":"1","regional":"0","home_only":"0"},"141428897":{"id":"141428897","assetid":"141428898","name":"E! Entertainment","icon":"https:\/\/t-mobiletv.nl:443\/CPS\/images\/universal\/film\/logo\/201906\/20190614\/20190614155401723edr.png","description":"","channelno":"275","erotica":"0","minimal":"0","replay":"1","regional":"0","home_only":"0"},"141429484":{"id":"141429484","assetid":"141429485","name":"Fashion TV","icon":"https:\/\/t-mobiletv.nl:443\/CPS\/images\/universal\/film\/logo\/201906\/20190614\/20190614155459768g3h.png","description":"","channelno":"278","erotica":"0","minimal":"1","replay":"1","regional":"0","home_only":"0"},"141428421":{"id":"141428421","assetid":"141428422","name":"LUXE.tv","icon":"https:\/\/t-mobiletv.nl:443\/CPS\/images\/universal\/film\/logo\/201908\/20190823\/201908231056470553zu.png","description":"","channelno":"282","erotica":"0","minimal":"0","replay":"1","regional":"0","home_only":"0"},"141428375":{"id":"141428375","assetid":"141428376","name":"CBS Reality","icon":"https:\/\/t-mobiletv.nl:443\/CPS\/images\/universal\/film\/logo\/201906\/20190614\/20190614155338613bxt.png","description":"","channelno":"283","erotica":"0","minimal":"0","replay":"1","regional":"0","home_only":"0"},"155053465":{"id":"155053465","assetid":"155053466","name":"Horse & Country TV","icon":"https:\/\/t-mobiletv.nl:443\/CPS\/images\/universal\/film\/logo\/201907\/20190723\/20190723114547632h2x.png","description":"","channelno":"292","erotica":"0","minimal":"0","replay":"1","regional":"0","home_only":"0"},"141431101":{"id":"141431101","assetid":"141431102","name":"MyZEN TV","icon":"https:\/\/t-mobiletv.nl:443\/CPS\/images\/universal\/film\/logo\/201906\/20190614\/20190614155427654etc.png","description":"","channelno":"296","erotica":"0","minimal":"1","replay":"1","regional":"0","home_only":"0"},"141429580":{"id":"141429580","assetid":"141429581","name":"OUT TV","icon":"https:\/\/t-mobiletv.nl:443\/CPS\/images\/universal\/film\/logo\/201906\/20190614\/20190614155503755jpr.png","description":"","channelno":"297","erotica":"0","minimal":"0","replay":"1","regional":"0","home_only":"0"},"141430082":{"id":"141430082","assetid":"141430083","name":"GINX","icon":"https:\/\/t-mobiletv.nl:443\/CPS\/images\/universal\/film\/logo\/201906\/20190614\/201906141553476380rf.png","description":"","channelno":"303","erotica":"0","minimal":"0","replay":"1","regional":"0","home_only":"0"},"155053772":{"id":"155053772","assetid":"155053773","name":"Shorts TV","icon":"https:\/\/t-mobiletv.nl:443\/CPS\/images\/universal\/film\/logo\/202001\/20200129\/20200129120411118odm.png","description":"","channelno":"321","erotica":"0","minimal":"0","replay":"1","regional":"0","home_only":"0"},"141428632":{"id":"141428632","assetid":"141428633","name":"RTL Crime","icon":"https:\/\/t-mobiletv.nl:443\/CPS\/images\/universal\/film\/logo\/202004\/20200423\/20200423152146246drb.png","description":"","channelno":"325","erotica":"0","minimal":"0","replay":"1","regional":"0","home_only":"0"},"280715003":{"id":"280715003","assetid":"280715004","name":"Film1 Premiere","icon":"https:\/\/t-mobiletv.nl:443\/CPS\/images\/universal\/film\/logo\/201910\/20191009\/201910090922215036pg.png","description":"","channelno":"350","erotica":"0","minimal":"0","replay":"1","regional":"0","home_only":"0"},"280715089":{"id":"280715089","assetid":"280715090","name":"Film1 Action","icon":"https:\/\/t-mobiletv.nl:443\/CPS\/images\/universal\/film\/logo\/201910\/20191009\/20191009092106526pvu.png","description":"","channelno":"351","erotica":"0","minimal":"0","replay":"1","regional":"0","home_only":"0"},"280714878":{"id":"280714878","assetid":"280714879","name":"Film1 Family","icon":"https:\/\/t-mobiletv.nl:443\/CPS\/images\/universal\/film\/logo\/201910\/20191009\/20191009092251506y5r.png","description":"","channelno":"352","erotica":"0","minimal":"0","replay":"1","regional":"0","home_only":"0"},"280715028":{"id":"280715028","assetid":"280715029","name":"Film1 Drama","icon":"https:\/\/t-mobiletv.nl:443\/CPS\/images\/universal\/film\/logo\/201910\/20191009\/20191009092156485snx.png","description":"","channelno":"353","erotica":"0","minimal":"0","replay":"1","regional":"0","home_only":"0"},"141431752":{"id":"141431752","assetid":"141431753","name":"Stingray Classica","icon":"https:\/\/t-mobiletv.nl:443\/CPS\/images\/universal\/film\/logo\/201907\/20190717\/2019071712493914774u.png","description":"","channelno":"371","erotica":"0","minimal":"0","replay":"1","regional":"0","home_only":"0"},"141431343":{"id":"141431343","assetid":"141431344","name":"Stingray Classica HD","icon":"https:\/\/t-mobiletv.nl:443\/CPS\/images\/universal\/film\/logo\/201911\/20191114\/20191114090213913f5g.png","description":"","channelno":"372","erotica":"0","minimal":"1","replay":"1","regional":"0","home_only":"0"},"141429092":{"id":"141429092","assetid":"141429093","name":"Mezzo","icon":"https:\/\/t-mobiletv.nl:443\/CPS\/images\/universal\/film\/logo\/201906\/20190614\/20190614155228625f9y.png","description":"","channelno":"375","erotica":"0","minimal":"0","replay":"1","regional":"0","home_only":"0"},"141429244":{"id":"141429244","assetid":"141429245","name":"ARTE","icon":"https:\/\/t-mobiletv.nl:443\/CPS\/images\/universal\/film\/logo\/201906\/20190614\/20190614155409679hpa.png","description":"","channelno":"376","erotica":"0","minimal":"0","replay":"1","regional":"0","home_only":"0"},"141431557":{"id":"141431557","assetid":"141431560","name":"ONS","icon":"https:\/\/t-mobiletv.nl:443\/CPS\/images\/universal\/film\/logo\/201906\/20190614\/20190614155408632bxl.png","description":"","channelno":"377","erotica":"0","minimal":"0","replay":"1","regional":"0","home_only":"0"},"141429995":{"id":"141429995","assetid":"141429996","name":"Family 7","icon":"https:\/\/t-mobiletv.nl:443\/CPS\/images\/universal\/film\/logo\/201906\/20190614\/201906141552465867wo.png","description":"","channelno":"379","erotica":"0","minimal":"0","replay":"1","regional":"0","home_only":"0"},"141431121":{"id":"141431121","assetid":"141431122","name":"TV5Monde Europe HD","icon":"https:\/\/t-mobiletv.nl:443\/CPS\/images\/universal\/film\/logo\/202112\/20211206\/5\/202112061653567099ra.png","description":"","channelno":"421","erotica":"0","minimal":"1","replay":"1","regional":"0","home_only":"0"},"141431590":{"id":"141431590","assetid":"141431591","name":"TVE","icon":"https:\/\/t-mobiletv.nl:443\/CPS\/images\/universal\/film\/logo\/201906\/20190614\/20190614155443625z95.png","description":"","channelno":"451","erotica":"0","minimal":"0","replay":"1","regional":"0","home_only":"0"},"141430389":{"id":"141430389","assetid":"141430390","name":"RAI Uno","icon":"https:\/\/t-mobiletv.nl:443\/CPS\/images\/universal\/film\/logo\/201906\/20190614\/20190614155242630en8.png","description":"","channelno":"452","erotica":"0","minimal":"0","replay":"1","regional":"0","home_only":"0"},"141429799":{"id":"141429799","assetid":"141429800","name":"Antena3","icon":"https:\/\/t-mobiletv.nl:443\/CPS\/images\/universal\/film\/logo\/201906\/20190614\/20190614155436671oka.png","description":"","channelno":"453","erotica":"0","minimal":"0","replay":"1","regional":"0","home_only":"0"},"141430573":{"id":"141430573","assetid":"141430574","name":"Mediaset Italia","icon":"https:\/\/t-mobiletv.nl:443\/CPS\/images\/universal\/film\/logo\/201906\/20190614\/20190614155434688nqn.png","description":"","channelno":"455","erotica":"0","minimal":"0","replay":"1","regional":"0","home_only":"0"},"141428573":{"id":"141428573","assetid":"141428574","name":"NH","icon":"https:\/\/t-mobiletv.nl:443\/CPS\/images\/universal\/film\/logo\/202211\/20221128\/60\/2022112808075986131w.png","description":"","channelno":"501","erotica":"0","minimal":"1","replay":"0","regional":"1","home_only":"0"},"141429114":{"id":"141429114","assetid":"141429115","name":"AT5","icon":"https:\/\/t-mobiletv.nl:443\/CPS\/images\/universal\/film\/logo\/201906\/20190614\/20190614155436643x85.png","description":"","channelno":"502","erotica":"0","minimal":"1","replay":"1","regional":"1","home_only":"0"},"141430645":{"id":"141430645","assetid":"141430646","name":"TV West","icon":"https:\/\/t-mobiletv.nl:443\/CPS\/images\/universal\/film\/logo\/201906\/20190614\/20190614155206643oc6.png","description":"","channelno":"503","erotica":"0","minimal":"1","replay":"0","regional":"1","home_only":"0"},"141429863":{"id":"141429863","assetid":"141429864","name":"Omrop Fryslan","icon":"https:\/\/t-mobiletv.nl:443\/CPS\/images\/universal\/film\/logo\/201906\/20190614\/20190614155219614ewx.png","description":"","channelno":"504","erotica":"0","minimal":"1","replay":"0","regional":"1","home_only":"0"},"141429628":{"id":"141429628","assetid":"141429629","name":"TV Noord","icon":"https:\/\/t-mobiletv.nl:443\/CPS\/images\/universal\/film\/logo\/201906\/20190614\/201906141551506152gm.png","description":"","channelno":"505","erotica":"0","minimal":"1","replay":"0","regional":"1","home_only":"0"},"141428679":{"id":"141428679","assetid":"141428680","name":"RTV Drenthe","icon":"https:\/\/t-mobiletv.nl:443\/CPS\/images\/universal\/film\/logo\/202201\/20220125\/75\/20220125111738369bw3.png","description":"","channelno":"506","erotica":"0","minimal":"1","replay":"0","regional":"1","home_only":"0"},"141429758":{"id":"141429758","assetid":"141429759","name":"TV Oost","icon":"https:\/\/t-mobiletv.nl:443\/CPS\/images\/universal\/film\/logo\/201906\/20190614\/20190614155224619pty.png","description":"","channelno":"507","erotica":"0","minimal":"1","replay":"0","regional":"1","home_only":"0"},"141428745":{"id":"141428745","assetid":"141428746","name":"Omroep Flevoland TV","icon":"https:\/\/t-mobiletv.nl:443\/CPS\/images\/universal\/film\/logo\/201906\/20190614\/20190614155159629ksq.png","description":"","channelno":"508","erotica":"0","minimal":"1","replay":"0","regional":"1","home_only":"0"},"141428403":{"id":"141428403","assetid":"141428405","name":"Regio TV Utrecht","icon":"https:\/\/t-mobiletv.nl:443\/CPS\/images\/universal\/film\/logo\/201906\/20190614\/20190614155235635cxy.png","description":"","channelno":"509","erotica":"0","minimal":"1","replay":"0","regional":"1","home_only":"0"},"153905661":{"id":"153905661","assetid":"153905662","name":"TV Gelderland","icon":"https:\/\/t-mobiletv.nl:443\/CPS\/images\/universal\/film\/logo\/201906\/20190625\/201906251442091479j1.png","description":"","channelno":"510","erotica":"0","minimal":"1","replay":"0","regional":"1","home_only":"0"},"141429975":{"id":"141429975","assetid":"141429976","name":"TV Rijnmond","icon":"https:\/\/t-mobiletv.nl:443\/CPS\/images\/universal\/film\/logo\/201908\/20190829\/20190829075437064ggg.png","description":"","channelno":"511","erotica":"0","minimal":"1","replay":"0","regional":"1","home_only":"0"},"141430259":{"id":"141430259","assetid":"141430261","name":"Omroep Zeeland","icon":"https:\/\/t-mobiletv.nl:443\/CPS\/images\/universal\/film\/logo\/201906\/20190614\/20190614155148609pjy.png","description":"","channelno":"512","erotica":"0","minimal":"1","replay":"0","regional":"1","home_only":"0"},"141430815":{"id":"141430815","assetid":"141430816","name":"Omroep Brabant","icon":"https:\/\/t-mobiletv.nl:443\/CPS\/images\/universal\/film\/logo\/201906\/20190614\/201906141552126514r7.png","description":"","channelno":"513","erotica":"0","minimal":"1","replay":"0","regional":"1","home_only":"0"},"141429331":{"id":"141429331","assetid":"141429332","name":"L1 TV","icon":"https:\/\/t-mobiletv.nl:443\/CPS\/images\/universal\/film\/logo\/201906\/20190614\/201906141552386567lv.png","description":"","channelno":"514","erotica":"0","minimal":"1","replay":"0","regional":"1","home_only":"0"},"1282999666":{"id":"1282999666","assetid":"1282999667","name":"RTV-7","icon":"https:\/\/t-mobiletv.nl:443\/CPS\/images\/universal\/film\/logo\/202210\/20221013\/10\/20221013101431897073.png","description":"","channelno":"515","erotica":"0","minimal":"1","replay":"1","regional":"0","home_only":"0"},"141431057":{"id":"141431057","assetid":"141431058","name":"TV538","icon":"https:\/\/t-mobiletv.nl:443\/CPS\/images\/universal\/film\/logo\/201906\/20190614\/201906141555076537mi.png","description":"","channelno":"538","erotica":"0","minimal":"1","replay":"1","regional":"0","home_only":"0"},"141521930":{"id":"141521930","assetid":"141521931","name":"SIRIS TV","icon":"https:\/\/t-mobiletv.nl:443\/CPS\/images\/universal\/film\/logo\/202006\/20200624\/20200624091853640fav.png","description":"","channelno":"700","erotica":"0","minimal":"1","replay":"0","regional":"1","home_only":"0"},"141432870":{"id":"141432870","assetid":"141432872","name":"KempenTV","icon":"https:\/\/t-mobiletv.nl:443\/CPS\/images\/universal\/film\/logo\/202006\/20200624\/20200624092003560djy.png","description":"","channelno":"701","erotica":"0","minimal":"1","replay":"0","regional":"1","home_only":"0"},"141433772":{"id":"141433772","assetid":"141433773","name":"RN7","icon":"https:\/\/t-mobiletv.nl:443\/CPS\/images\/universal\/film\/logo\/201912\/20191212\/20191212114422951qd7.png","description":"","channelno":"702","erotica":"0","minimal":"1","replay":"0","regional":"1","home_only":"0"},"141522043":{"id":"141522043","assetid":"141522044","name":"LINQ TV","icon":"https:\/\/t-mobiletv.nl:443\/CPS\/images\/universal\/film\/logo\/202006\/20200629\/202006290925386498bk.png","description":"","channelno":"703","erotica":"0","minimal":"1","replay":"0","regional":"1","home_only":"0"},"141433032":{"id":"141433032","assetid":"141433033","name":"ZO-NWS","icon":"https:\/\/t-mobiletv.nl:443\/CPS\/images\/universal\/film\/logo\/202201\/20220124\/91\/202201241339533238sd.png","description":"","channelno":"704","erotica":"0","minimal":"1","replay":"0","regional":"1","home_only":"0"},"141522370":{"id":"141522370","assetid":"141522372","name":"SCHIE TV","icon":"https:\/\/t-mobiletv.nl:443\/CPS\/images\/universal\/film\/logo\/202006\/20200624\/20200624092204857jpb.png","description":"","channelno":"708","erotica":"0","minimal":"1","replay":"0","regional":"1","home_only":"0"},"141433488":{"id":"141433488","assetid":"141433489","name":"WOS TV","icon":"https:\/\/t-mobiletv.nl:443\/CPS\/images\/universal\/film\/logo\/202006\/20200624\/20200624092233614qhm.png","description":"","channelno":"709","erotica":"0","minimal":"1","replay":"0","regional":"1","home_only":"0"},"141434288":{"id":"141434288","assetid":"141434289","name":"Meer TV","icon":"https:\/\/t-mobiletv.nl:443\/CPS\/images\/universal\/film\/logo\/202006\/20200624\/20200624092309610flv.png","description":"","channelno":"710","erotica":"0","minimal":"1","replay":"0","regional":"1","home_only":"0"},"141434108":{"id":"141434108","assetid":"141434109","name":"ORTS","icon":"https:\/\/t-mobiletv.nl:443\/CPS\/images\/universal\/film\/logo\/202006\/20200624\/20200624092349601kty.png","description":"","channelno":"711","erotica":"0","minimal":"1","replay":"0","regional":"1","home_only":"0"},"155053812":{"id":"155053812","assetid":"155053813","name":"Omroep Meierij TV","icon":"https:\/\/t-mobiletv.nl:443\/CPS\/images\/universal\/film\/logo\/202006\/20200624\/202006240924395692m1.png","description":"","channelno":"712","erotica":"0","minimal":"1","replay":"0","regional":"1","home_only":"0"},"141434088":{"id":"141434088","assetid":"141434089","name":"Studio040 TV","icon":"https:\/\/t-mobiletv.nl:443\/CPS\/images\/universal\/film\/logo\/202006\/20200624\/202006240925235833gn.png","description":"","channelno":"713","erotica":"0","minimal":"1","replay":"0","regional":"1","home_only":"0"},"628207569":{"id":"628207569","assetid":"628207570","name":"Lelystad TV","icon":"https:\/\/t-mobiletv.nl:443\/CPS\/images\/universal\/film\/logo\/202009\/20200914\/89\/20200914150816365ahd.png","description":"","channelno":"714","erotica":"0","minimal":"1","replay":"0","regional":"1","home_only":"0"},"141434209":{"id":"141434209","assetid":"141434211","name":"Open Rotterdam","icon":"https:\/\/t-mobiletv.nl:443\/CPS\/images\/universal\/film\/logo\/202006\/20200624\/20200624092604718s2z.png","description":"","channelno":"715","erotica":"0","minimal":"1","replay":"0","regional":"1","home_only":"0"},"141522495":{"id":"141522495","assetid":"141522496","name":"BredaNu","icon":"https:\/\/t-mobiletv.nl:443\/CPS\/images\/universal\/film\/logo\/201912\/20191212\/201912121120428292qn.png","description":"","channelno":"716","erotica":"0","minimal":"1","replay":"1","regional":"0","home_only":"0"},"141432968":{"id":"141432968","assetid":"141432969","name":"DTV-OSS","icon":"https:\/\/t-mobiletv.nl:443\/CPS\/images\/universal\/film\/logo\/202006\/20200624\/20200624092644595xhr.png","description":"","channelno":"717","erotica":"0","minimal":"1","replay":"0","regional":"1","home_only":"0"},"857998409":{"id":"857998409","assetid":"857998410","name":"Langstraat TV","icon":"https:\/\/t-mobiletv.nl:443\/CPS\/images\/universal\/film\/logo\/202103\/20210325\/85\/20210325143643362kga.png","description":"","channelno":"718","erotica":"0","minimal":"1","replay":"0","regional":"1","home_only":"0"},"141522178":{"id":"141522178","assetid":"141522179","name":"HAARLEM105-tv","icon":"https:\/\/t-mobiletv.nl:443\/CPS\/images\/universal\/film\/logo\/202006\/20200624\/202006240927085435zz.png","description":"","channelno":"719","erotica":"0","minimal":"1","replay":"0","regional":"1","home_only":"0"},"141522003":{"id":"141522003","assetid":"141522004","name":"RTV Dordrecht","icon":"https:\/\/t-mobiletv.nl:443\/CPS\/images\/universal\/film\/logo\/202006\/20200624\/20200624092749631o0r.jpg","description":"","channelno":"720","erotica":"0","minimal":"1","replay":"0","regional":"1","home_only":"0"},"141433034":{"id":"141433034","assetid":"141433035","name":"RTV Lansingerland Berkel en Rodenrijs","icon":"https:\/\/t-mobiletv.nl:443\/CPS\/images\/universal\/film\/logo\/202006\/20200624\/20200624092903553syz.png","description":"","channelno":"722","erotica":"0","minimal":"1","replay":"0","regional":"1","home_only":"0"},"204029123":{"id":"204029123","assetid":"204029132","name":"1Twente","icon":"https:\/\/t-mobiletv.nl:443\/CPS\/images\/universal\/film\/logo\/202006\/20200624\/20200624092933535ga3.png","description":"","channelno":"723","erotica":"0","minimal":"1","replay":"0","regional":"1","home_only":"0"},"141522271":{"id":"141522271","assetid":"141522272","name":"RTV Connect","icon":"https:\/\/t-mobiletv.nl:443\/CPS\/images\/universal\/film\/logo\/202111\/20211122\/52\/20211122083626468xtw.png","description":"","channelno":"724","erotica":"0","minimal":"1","replay":"0","regional":"1","home_only":"0"},"1166350355":{"id":"1166350355","assetid":"1166350356","name":"RTV Elburg","icon":"https:\/\/t-mobiletv.nl:443\/CPS\/images\/universal\/film\/logo\/202203\/20220322\/77\/20220322151551771dd9.png","description":"","channelno":"726","erotica":"0","minimal":"1","replay":"1","regional":"0","home_only":"0"},"141521959":{"id":"141521959","assetid":"141521962","name":"RTVSlingeland","icon":"https:\/\/t-mobiletv.nl:443\/CPS\/images\/universal\/film\/logo\/202006\/20200624\/20200624093043656dm0.png","description":"","channelno":"727","erotica":"0","minimal":"1","replay":"0","regional":"1","home_only":"0"},"141432928":{"id":"141432928","assetid":"141432929","name":"A1 Regio TV","icon":"https:\/\/t-mobiletv.nl:443\/CPS\/images\/universal\/film\/logo\/202006\/20200624\/202006240931098379qf.png","description":"","channelno":"728","erotica":"0","minimal":"1","replay":"1","regional":"0","home_only":"0"},"141433875":{"id":"141433875","assetid":"141433879","name":"Salto 1 (Amsterdam)","icon":"https:\/\/t-mobiletv.nl:443\/CPS\/images\/universal\/film\/logo\/202006\/20200624\/20200624093159713ymx.png","description":"","channelno":"729","erotica":"0","minimal":"1","replay":"0","regional":"1","home_only":"0"},"649012650":{"id":"649012650","assetid":"649012651","name":"SOL2","icon":"https:\/\/t-mobiletv.nl:443\/CPS\/images\/universal\/film\/logo\/202009\/20200929\/28\/20200929163845699ykv.png","description":"","channelno":"730","erotica":"0","minimal":"1","replay":"0","regional":"1","home_only":"0"},"141433276":{"id":"141433276","assetid":"141433277","name":"TV Maastricht","icon":"https:\/\/t-mobiletv.nl:443\/CPS\/images\/universal\/film\/logo\/202006\/20200624\/20200624093248590hoz.png","description":"","channelno":"731","erotica":"0","minimal":"1","replay":"0","regional":"1","home_only":"0"},"141433070":{"id":"141433070","assetid":"141433072","name":"TV Hoeksche Waard","icon":"https:\/\/t-mobiletv.nl:443\/CPS\/images\/universal\/film\/logo\/202006\/20200624\/20200624093319598dlu.png","description":"","channelno":"732","erotica":"0","minimal":"1","replay":"1","regional":"0","home_only":"0"},"141433836":{"id":"141433836","assetid":"141433837","name":"VOSTV","icon":"https:\/\/t-mobiletv.nl:443\/CPS\/images\/universal\/film\/logo\/202006\/20200624\/20200624093348661reh.png","description":"","channelno":"733","erotica":"0","minimal":"1","replay":"0","regional":"1","home_only":"0"},"141433114":{"id":"141433114","assetid":"141433115","name":"Bo","icon":"https:\/\/t-mobiletv.nl:443\/CPS\/images\/universal\/film\/logo\/201912\/20191212\/20191212111858002vva.png","description":"","channelno":"734","erotica":"0","minimal":"1","replay":"0","regional":"1","home_only":"0"},"141434557":{"id":"141434557","assetid":"141434559","name":"RTV Baarn","icon":"https:\/\/t-mobiletv.nl:443\/CPS\/images\/universal\/film\/logo\/202006\/20200624\/20200624093454649e6x.png","description":"","channelno":"736","erotica":"0","minimal":"1","replay":"0","regional":"1","home_only":"0"},"141522147":{"id":"141522147","assetid":"141522148","name":"ZFMInfobox","icon":"https:\/\/t-mobiletv.nl:443\/CPS\/images\/universal\/film\/logo\/202006\/20200624\/2020062409354461219r.png","description":"","channelno":"737","erotica":"0","minimal":"1","replay":"0","regional":"1","home_only":"0"},"141433316":{"id":"141433316","assetid":"141433317","name":"Studio Alphen TV","icon":"https:\/\/t-mobiletv.nl:443\/CPS\/images\/universal\/film\/logo\/201912\/20191212\/20191212121337793hfo.png","description":"","channelno":"738","erotica":"0","minimal":"1","replay":"0","regional":"1","home_only":"0"},"649013094":{"id":"649013094","assetid":"649013095","name":"Regio TV de Bilt","icon":"https:\/\/t-mobiletv.nl:443\/CPS\/images\/universal\/film\/logo\/202009\/20200929\/34\/202009291645167169ta.png","description":"","channelno":"739","erotica":"0","minimal":"1","replay":"0","regional":"1","home_only":"0"},"155053827":{"id":"155053827","assetid":"155053828","name":"Merwe TV","icon":"https:\/\/t-mobiletv.nl:443\/CPS\/images\/universal\/film\/logo\/202006\/20200624\/20200624093613501jk3.png","description":"","channelno":"740","erotica":"0","minimal":"1","replay":"0","regional":"1","home_only":"0"},"141522362":{"id":"141522362","assetid":"141522363","name":"Omroep Berg en Dal","icon":"https:\/\/t-mobiletv.nl:443\/CPS\/images\/universal\/film\/logo\/202006\/20200624\/20200624093649610mln.png","description":"","channelno":"741","erotica":"0","minimal":"1","replay":"0","regional":"1","home_only":"0"},"141522322":{"id":"141522322","assetid":"141522323","name":"Feel Good TV","icon":"https:\/\/t-mobiletv.nl:443\/CPS\/images\/universal\/film\/logo\/202006\/20200624\/2020062409372459825r.png","description":"","channelno":"742","erotica":"0","minimal":"1","replay":"0","regional":"1","home_only":"0"},"141434332":{"id":"141434332","assetid":"141434333","name":"EVA","icon":"https:\/\/t-mobiletv.nl:443\/CPS\/images\/universal\/film\/logo\/202006\/20200624\/20200624093753755mtr.png","description":"","channelno":"743","erotica":"0","minimal":"1","replay":"0","regional":"1","home_only":"0"},"141432907":{"id":"141432907","assetid":"141432909","name":"Ideaal TV","icon":"https:\/\/t-mobiletv.nl:443\/CPS\/images\/universal\/film\/logo\/202006\/20200624\/20200624093828671pe1.png","description":"","channelno":"744","erotica":"0","minimal":"1","replay":"0","regional":"1","home_only":"0"},"649012659":{"id":"649012659","assetid":"649012660","name":"Omroep Hulst TV","icon":"https:\/\/t-mobiletv.nl:443\/CPS\/images\/universal\/film\/logo\/202009\/20200929\/42\/20200929165110763ye8.png","description":"","channelno":"745","erotica":"0","minimal":"1","replay":"0","regional":"1","home_only":"0"},"141434392":{"id":"141434392","assetid":"141434393","name":"HalloGilzeRijen","icon":"https:\/\/t-mobiletv.nl:443\/CPS\/images\/universal\/film\/logo\/201912\/20191212\/20191212114857946sp4.png","description":"","channelno":"746","erotica":"0","minimal":"1","replay":"0","regional":"1","home_only":"0"},"1154012375":{"id":"1154012375","assetid":"1154012376","name":"Omroep Spakenburg","icon":"https:\/\/t-mobiletv.nl:443\/CPS\/images\/universal\/film\/logo\/202203\/20220302\/50\/20220302135251808sn3.png","description":"","channelno":"747","erotica":"0","minimal":"1","replay":"1","regional":"0","home_only":"0"},"141522054":{"id":"141522054","assetid":"141522055","name":"TV 350","icon":"https:\/\/t-mobiletv.nl:443\/CPS\/images\/universal\/film\/logo\/201912\/20191212\/20191212114332798cor.png","description":"","channelno":"748","erotica":"0","minimal":"1","replay":"0","regional":"1","home_only":"0"},"141433001":{"id":"141433001","assetid":"141433003","name":"TV Hattem","icon":"https:\/\/t-mobiletv.nl:443\/CPS\/images\/universal\/film\/logo\/201912\/20191212\/20191212115017782psy.png","description":"","channelno":"750","erotica":"0","minimal":"1","replay":"0","regional":"1","home_only":"0"},"141432932":{"id":"141432932","assetid":"141432934","name":"Omroep PeelRand","icon":"https:\/\/t-mobiletv.nl:443\/CPS\/images\/universal\/film\/logo\/202207\/20220721\/90\/20220721114419858wr4.png","description":"","channelno":"751","erotica":"0","minimal":"1","replay":"0","regional":"1","home_only":"0"},"141433460":{"id":"141433460","assetid":"141433461","name":"TV Nunspeet","icon":"https:\/\/t-mobiletv.nl:443\/CPS\/images\/universal\/film\/logo\/202006\/20200624\/20200624094003700vf6.png","description":"","channelno":"753","erotica":"0","minimal":"1","replay":"0","regional":"1","home_only":"0"},"824100059":{"id":"824100059","assetid":"824100060","name":"Omroep Horst aan de Maas","icon":"https:\/\/t-mobiletv.nl:443\/CPS\/images\/universal\/film\/logo\/202102\/20210224\/83\/20210224133548720omk.jpg","description":"","channelno":"754","erotica":"0","minimal":"1","replay":"0","regional":"1","home_only":"0"},"141433628":{"id":"141433628","assetid":"141433629","name":"BR6","icon":"https:\/\/t-mobiletv.nl:443\/CPS\/images\/universal\/film\/logo\/202007\/20200716\/20200716120214372n2a.png","description":"","channelno":"755","erotica":"0","minimal":"1","replay":"1","regional":"0","home_only":"0"},"141432868":{"id":"141432868","assetid":"141432869","name":"SLOG TV","icon":"https:\/\/t-mobiletv.nl:443\/CPS\/images\/universal\/film\/logo\/202006\/20200624\/20200624094129636wuc.jpg","description":"","channelno":"756","erotica":"0","minimal":"1","replay":"0","regional":"1","home_only":"0"},"242923055":{"id":"242923055","assetid":"242923056","name":"SRC TV","icon":"https:\/\/t-mobiletv.nl:443\/CPS\/images\/universal\/film\/logo\/202006\/20200629\/20200629092604601gqf.jpg","description":"","channelno":"757","erotica":"0","minimal":"1","replay":"0","regional":"1","home_only":"0"},"657214292":{"id":"657214292","assetid":"657214293","name":"1Almere TV","icon":"https:\/\/t-mobiletv.nl:443\/CPS\/images\/universal\/film\/logo\/202111\/20211126\/0\/20211126071711686zi6.png","description":"","channelno":"758","erotica":"0","minimal":"1","replay":"0","regional":"1","home_only":"0"},"141433152":{"id":"141433152","assetid":"141433217","name":"RTV Katwijk","icon":"https:\/\/t-mobiletv.nl:443\/CPS\/images\/universal\/film\/logo\/202006\/20200624\/20200624094203555lh2.png","description":"","channelno":"759","erotica":"0","minimal":"1","replay":"0","regional":"1","home_only":"0"},"141434352":{"id":"141434352","assetid":"141434353","name":"Omroep ML5","icon":"https:\/\/t-mobiletv.nl:443\/CPS\/images\/universal\/film\/logo\/202006\/20200629\/20200629092633561ba5.png","description":"","channelno":"760","erotica":"0","minimal":"1","replay":"0","regional":"1","home_only":"0"},"141433420":{"id":"141433420","assetid":"141433421","name":"BEATTV","icon":"https:\/\/t-mobiletv.nl:443\/CPS\/images\/universal\/film\/logo\/202006\/20200624\/20200624094234617djc.png","description":"","channelno":"762","erotica":"0","minimal":"1","replay":"0","regional":"1","home_only":"0"},"141522094":{"id":"141522094","assetid":"141522095","name":"Salland1","icon":"https:\/\/t-mobiletv.nl:443\/CPS\/images\/universal\/film\/logo\/202106\/20210611\/86\/202106111210104079uu.png","description":"","channelno":"763","erotica":"0","minimal":"1","replay":"0","regional":"1","home_only":"0"},"1288853475":{"id":"1288853475","assetid":"1288853476","name":"WeertFM TV","icon":"https:\/\/t-mobiletv.nl:443\/CPS\/images\/universal\/film\/logo\/202210\/20221027\/32\/20221027112316452v63.png","description":"","channelno":"764","erotica":"0","minimal":"1","replay":"1","regional":"0","home_only":"0"},"141434124":{"id":"141434124","assetid":"141434126","name":"Omroep Sudwest","icon":"https:\/\/t-mobiletv.nl:443\/CPS\/images\/universal\/film\/logo\/202006\/20200624\/202006240943135879wj.png","description":"","channelno":"765","erotica":"0","minimal":"1","replay":"0","regional":"1","home_only":"0"},"1247083943":{"id":"1247083943","assetid":"1247083944","name":"Regio FM TV","icon":"https:\/\/t-mobiletv.nl:443\/CPS\/images\/universal\/film\/logo\/202207\/20220721\/43\/202207211428547919b9.png","description":"","channelno":"766","erotica":"0","minimal":"1","replay":"1","regional":"0","home_only":"0"},"141522415":{"id":"141522415","assetid":"141522416","name":"RTV Ridderkerk","icon":"https:\/\/t-mobiletv.nl:443\/CPS\/images\/universal\/film\/logo\/201912\/20191212\/20191212115957997m46.png","description":"","channelno":"767","erotica":"0","minimal":"1","replay":"0","regional":"1","home_only":"0"},"141522186":{"id":"141522186","assetid":"141522189","name":"Omroep Helmond TV","icon":"https:\/\/t-mobiletv.nl:443\/CPS\/images\/universal\/film\/logo\/202011\/20201109\/0\/20201109094748815c6e.png","description":"","channelno":"768","erotica":"0","minimal":"1","replay":"0","regional":"1","home_only":"0"},"141433092":{"id":"141433092","assetid":"141433093","name":"Regio8","icon":"https:\/\/t-mobiletv.nl:443\/CPS\/images\/universal\/film\/logo\/202006\/20200624\/20200624094509600jok.png","description":"","channelno":"769","erotica":"0","minimal":"1","replay":"0","regional":"1","home_only":"0"},"141521932":{"id":"141521932","assetid":"141521934","name":"RTV527","icon":"https:\/\/t-mobiletv.nl:443\/CPS\/images\/universal\/film\/logo\/202201\/20220124\/39\/2022012413301189930p.png","description":"","channelno":"770","erotica":"0","minimal":"1","replay":"0","regional":"1","home_only":"0"},"141434556":{"id":"141434556","assetid":"141434558","name":"Samen1 TV","icon":"https:\/\/t-mobiletv.nl:443\/CPS\/images\/universal\/film\/logo\/202203\/20220309\/44\/20220309130819848vsy.png","description":"","channelno":"772","erotica":"0","minimal":"1","replay":"1","regional":"0","home_only":"0"},"141434580":{"id":"141434580","assetid":"141434581","name":"EENTV","icon":"https:\/\/t-mobiletv.nl:443\/CPS\/images\/universal\/film\/logo\/202207\/20220712\/7\/20220712082425638lef.jpg","description":"","channelno":"773","erotica":"0","minimal":"1","replay":"0","regional":"1","home_only":"0"},"141434412":{"id":"141434412","assetid":"141434413","name":"Vechtdal Leeft TV","icon":"https:\/\/t-mobiletv.nl:443\/CPS\/images\/universal\/film\/logo\/202006\/20200624\/20200624094624658rf4.png","description":"","channelno":"776","erotica":"0","minimal":"1","replay":"0","regional":"1","home_only":"0"},"141433712":{"id":"141433712","assetid":"141433713","name":"OOGTV","icon":"https:\/\/t-mobiletv.nl:443\/CPS\/images\/universal\/film\/logo\/201912\/20191212\/2019121211404278915s.png","description":"","channelno":"777","erotica":"0","minimal":"1","replay":"0","regional":"1","home_only":"0"},"141522457":{"id":"141522457","assetid":"141522458","name":"Salto 2","icon":"https:\/\/t-mobiletv.nl:443\/CPS\/images\/universal\/film\/logo\/202006\/20200624\/20200624094653549hkb.png","description":"","channelno":"778","erotica":"0","minimal":"1","replay":"0","regional":"1","home_only":"0"},"141434620":{"id":"141434620","assetid":"141434621","name":"RTV IJsselmond","icon":"https:\/\/t-mobiletv.nl:443\/CPS\/images\/universal\/film\/logo\/202006\/20200624\/20200624094733564xxq.png","description":"","channelno":"779","erotica":"0","minimal":"1","replay":"0","regional":"1","home_only":"0"},"141434516":{"id":"141434516","assetid":"141434517","name":"RegioTV Tiel","icon":"https:\/\/t-mobiletv.nl:443\/CPS\/images\/universal\/film\/logo\/202006\/20200629\/20200629092733547gmk.png","description":"","channelno":"780","erotica":"0","minimal":"1","replay":"0","regional":"1","home_only":"0"},"141433216":{"id":"141433216","assetid":"141433345","name":"RTV Slogo","icon":"https:\/\/t-mobiletv.nl:443\/CPS\/images\/universal\/film\/logo\/201912\/20191212\/201912121202479763t0.png","description":"","channelno":"781","erotica":"0","minimal":"1","replay":"0","regional":"1","home_only":"0"},"1247091506":{"id":"1247091506","assetid":"1247091507","name":"ZO!34","icon":"https:\/\/t-mobiletv.nl:443\/CPS\/images\/universal\/film\/logo\/202207\/20220721\/44\/20220721144039789ikl.png","description":"","channelno":"782","erotica":"0","minimal":"1","replay":"1","regional":"0","home_only":"0"},"141433528":{"id":"141433528","assetid":"141433529","name":"RTV Focus Zwolle","icon":"https:\/\/t-mobiletv.nl:443\/CPS\/images\/universal\/film\/logo\/202110\/20211028\/13\/20211028105513897z4g.jpg","description":"","channelno":"783","erotica":"0","minimal":"1","replay":"0","regional":"1","home_only":"0"},"141432978":{"id":"141432978","assetid":"141432981","name":"TVSoest","icon":"https:\/\/t-mobiletv.nl:443\/CPS\/images\/universal\/film\/logo\/202006\/20200624\/20200624094903548uf2.png","description":"","channelno":"784","erotica":"0","minimal":"1","replay":"0","regional":"1","home_only":"0"},"141521858":{"id":"141521858","assetid":"141521860","name":"Omroep P&M","icon":"https:\/\/t-mobiletv.nl:443\/CPS\/images\/universal\/film\/logo\/202102\/20210202\/50\/202102020948530610i2.png","description":"","channelno":"786","erotica":"0","minimal":"1","replay":"0","regional":"1","home_only":"0"},"141433666":{"id":"141433666","assetid":"141433668","name":"Delta TV","icon":"https:\/\/t-mobiletv.nl:443\/CPS\/images\/universal\/film\/logo\/202006\/20200624\/20200624094934611fux.png","description":"","channelno":"787","erotica":"0","minimal":"1","replay":"0","regional":"1","home_only":"0"},"141433916":{"id":"141433916","assetid":"141433917","name":"NOOS TV","icon":"https:\/\/t-mobiletv.nl:443\/CPS\/images\/universal\/film\/logo\/202006\/20200624\/20200624095003553a80.png","description":"","channelno":"788","erotica":"0","minimal":"1","replay":"0","regional":"1","home_only":"0"},"141522242":{"id":"141522242","assetid":"141522244","name":"D-TV Maashorst","icon":"https:\/\/t-mobiletv.nl:443\/CPS\/images\/universal\/film\/logo\/202006\/20200624\/202006240950395930pw.png","description":"","channelno":"789","erotica":"0","minimal":"1","replay":"0","regional":"1","home_only":"0"},"141521819":{"id":"141521819","assetid":"141521820","name":"Twente TV","icon":"https:\/\/t-mobiletv.nl:443\/CPS\/images\/universal\/film\/logo\/202006\/20200629\/2020062909275959412u.png","description":"","channelno":"790","erotica":"0","minimal":"1","replay":"0","regional":"1","home_only":"0"},"141432544":{"id":"141432544","assetid":"141432545","name":"LON-tv","icon":"https:\/\/t-mobiletv.nl:443\/CPS\/images\/universal\/film\/logo\/202006\/20200624\/20200624095113620c3m.jpg","description":"","channelno":"791","erotica":"0","minimal":"1","replay":"0","regional":"1","home_only":"0"},"141433104":{"id":"141433104","assetid":"141433106","name":"ZuidWest TV","icon":"https:\/\/t-mobiletv.nl:443\/CPS\/images\/universal\/film\/logo\/201912\/20191212\/20191212121812957jfg.png","description":"","channelno":"792","erotica":"0","minimal":"1","replay":"0","regional":"1","home_only":"0"},"141433346":{"id":"141433346","assetid":"141433348","name":"RTV Rijnstreek","icon":"https:\/\/t-mobiletv.nl:443\/CPS\/images\/universal\/film\/logo\/202006\/20200629\/20200629092838632e3l.png","description":"","channelno":"793","erotica":"0","minimal":"1","replay":"0","regional":"1","home_only":"0"},"141521719":{"id":"141521719","assetid":"141521721","name":"TV Valkenburg","icon":"https:\/\/t-mobiletv.nl:443\/CPS\/images\/universal\/film\/logo\/202006\/20200624\/202006240951446073mt.png","description":"","channelno":"795","erotica":"0","minimal":"1","replay":"0","regional":"1","home_only":"0"},"141521742":{"id":"141521742","assetid":"141521743","name":"LEO TV","icon":"https:\/\/t-mobiletv.nl:443\/CPS\/images\/universal\/film\/logo\/202006\/20200624\/20200624095213547uwe.png","description":"","channelno":"796","erotica":"0","minimal":"1","replay":"0","regional":"1","home_only":"0"},"141433440":{"id":"141433440","assetid":"141433441","name":"Omroep Veldhoven","icon":"https:\/\/t-mobiletv.nl:443\/CPS\/images\/universal\/film\/logo\/202006\/20200624\/20200624095249598vdk.png","description":"","channelno":"797","erotica":"0","minimal":"1","replay":"0","regional":"1","home_only":"0"},"141433404":{"id":"141433404","assetid":"141433405","name":"BIE OS","icon":"https:\/\/t-mobiletv.nl:443\/CPS\/images\/universal\/film\/logo\/202007\/20200701\/202007010947347353ku.png","description":"","channelno":"799","erotica":"0","minimal":"1","replay":"0","regional":"1","home_only":"0"},"1122862252":{"id":"1122862252","assetid":"1122862253","name":"NH Gooi","icon":"https:\/\/t-mobiletv.nl:443\/CPS\/images\/universal\/film\/logo\/202201\/20220110\/29\/20220110091140137t7d.png","description":"","channelno":"800","erotica":"0","minimal":"1","replay":"1","regional":"0","home_only":"0"},"141522167":{"id":"141522167","assetid":"141522168","name":"DNO TV","icon":"https:\/\/t-mobiletv.nl:443\/CPS\/images\/universal\/film\/logo\/202007\/20200710\/20200710131701181rwy.png","description":"","channelno":"801","erotica":"0","minimal":"1","replay":"0","regional":"1","home_only":"0"},"141434208":{"id":"141434208","assetid":"141434210","name":"Hofstreek TV","icon":"https:\/\/t-mobiletv.nl:443\/CPS\/images\/universal\/film\/logo\/202006\/20200624\/20200624095459680u3s.png","description":"","channelno":"802","erotica":"0","minimal":"1","replay":"0","regional":"1","home_only":"0"},"141433336":{"id":"141433336","assetid":"141433337","name":"Rotterdam Podium","icon":"https:\/\/t-mobiletv.nl:443\/CPS\/images\/universal\/film\/logo\/202007\/20200716\/20200716115506188qv8.png","description":"","channelno":"803","erotica":"0","minimal":"1","replay":"0","regional":"1","home_only":"0"},"141434476":{"id":"141434476","assetid":"141434477","name":"AAVISIE","icon":"https:\/\/t-mobiletv.nl:443\/CPS\/images\/universal\/film\/logo\/201912\/20191212\/20191212111627796c4o.png","description":"","channelno":"804","erotica":"0","minimal":"1","replay":"0","regional":"1","home_only":"0"},"141522435":{"id":"141522435","assetid":"141522436","name":"Noordkop Centraal TV","icon":"https:\/\/t-mobiletv.nl:443\/CPS\/images\/universal\/film\/logo\/202006\/20200624\/20200624095528612rmd.png","description":"","channelno":"805","erotica":"0","minimal":"1","replay":"0","regional":"1","home_only":"0"},"269904576":{"id":"269904576","assetid":"269904577","name":"L.O.V.E. TV","icon":"https:\/\/t-mobiletv.nl:443\/CPS\/images\/universal\/film\/logo\/202007\/20200710\/202007101322385844yy.png","description":"","channelno":"809","erotica":"0","minimal":"1","replay":"0","regional":"1","home_only":"0"},"141433790":{"id":"141433790","assetid":"141433857","name":"Omroep Venlo TV","icon":"https:\/\/t-mobiletv.nl:443\/CPS\/images\/universal\/film\/logo\/202006\/20200624\/20200624095633565p58.png","description":"","channelno":"811","erotica":"0","minimal":"1","replay":"0","regional":"1","home_only":"0"},"141522127":{"id":"141522127","assetid":"141522128","name":"TV Krant Rucphen","icon":"https:\/\/t-mobiletv.nl:443\/CPS\/images\/universal\/film\/logo\/202007\/20200701\/20200701145503538hu2.png","description":"","channelno":"813","erotica":"0","minimal":"1","replay":"1","regional":"0","home_only":"0"},"141522342":{"id":"141522342","assetid":"141522343","name":"RTV Meppel","icon":"https:\/\/t-mobiletv.nl:443\/CPS\/images\/universal\/film\/logo\/202006\/20200624\/20200624095733549ym1.jpg","description":"","channelno":"814","erotica":"0","minimal":"1","replay":"0","regional":"1","home_only":"0"},"141433548":{"id":"141433548","assetid":"141433549","name":"HoiTV","icon":"https:\/\/t-mobiletv.nl:443\/CPS\/images\/universal\/film\/logo\/201912\/20191212\/20191212112758068kj4.png","description":"","channelno":"816","erotica":"0","minimal":"1","replay":"0","regional":"1","home_only":"0"},"141521782":{"id":"141521782","assetid":"141521783","name":"GL8 Media","icon":"https:\/\/t-mobiletv.nl:443\/CPS\/images\/universal\/film\/logo\/202006\/20200624\/20200624095814610lfe.png","description":"","channelno":"817","erotica":"0","minimal":"1","replay":"0","regional":"1","home_only":"0"},"141434600":{"id":"141434600","assetid":"141434601","name":"Omroep PIM","icon":"https:\/\/t-mobiletv.nl:443\/CPS\/images\/universal\/film\/logo\/201912\/20191212\/2019121211414294619v.png","description":"","channelno":"818","erotica":"0","minimal":"1","replay":"0","regional":"1","home_only":"0"},"141433156":{"id":"141433156","assetid":"141433157","name":"RTV Slos","icon":"https:\/\/t-mobiletv.nl:443\/CPS\/images\/universal\/film\/logo\/201912\/20191212\/20191212120452959s3w.png","description":"","channelno":"819","erotica":"0","minimal":"1","replay":"0","regional":"1","home_only":"0"},"141433856":{"id":"141433856","assetid":"141434049","name":"Unity.NU","icon":"https:\/\/t-mobiletv.nl:443\/CPS\/images\/universal\/film\/logo\/202006\/20200629\/20200629092943559sk9.png","description":"","channelno":"820","erotica":"0","minimal":"1","replay":"0","regional":"1","home_only":"0"},"141434016":{"id":"141434016","assetid":"141434017","name":"RTV Purmerend","icon":"https:\/\/t-mobiletv.nl:443\/CPS\/images\/universal\/film\/logo\/202006\/20200624\/20200624095843655xjz.png","description":"","channelno":"821","erotica":"0","minimal":"1","replay":"0","regional":"1","home_only":"0"},"204036988":{"id":"204036988","assetid":"204036997","name":"RTV Ronde Venen","icon":"https:\/\/t-mobiletv.nl:443\/CPS\/images\/universal\/film\/logo\/202006\/20200624\/20200624095913721d2d.png","description":"","channelno":"823","erotica":"0","minimal":"1","replay":"0","regional":"1","home_only":"0"},"1185632492":{"id":"1185632492","assetid":"1185632493","name":"Studio Rheden TV","icon":"https:\/\/t-mobiletv.nl:443\/CPS\/images\/universal\/film\/logo\/202204\/20220419\/68\/20220419120729875v98.jpg","description":"","channelno":"826","erotica":"0","minimal":"1","replay":"1","regional":"0","home_only":"0"},"141522530":{"id":"141522530","assetid":"141522531","name":"Omroep Tilburg TV","icon":"https:\/\/t-mobiletv.nl:443\/CPS\/images\/universal\/film\/logo\/202006\/20200624\/202006241000335428ug.png","description":"","channelno":"827","erotica":"0","minimal":"1","replay":"0","regional":"1","home_only":"0"},"141433752":{"id":"141433752","assetid":"141433753","name":"Den Haag TV","icon":"https:\/\/t-mobiletv.nl:443\/CPS\/images\/universal\/film\/logo\/202006\/20200624\/2020062410013355446h.png","description":"","channelno":"829","erotica":"0","minimal":"1","replay":"0","regional":"1","home_only":"0"},"1250017705":{"id":"1250017705","assetid":"1250017706","name":"RTV Horizon","icon":"https:\/\/t-mobiletv.nl:443\/CPS\/images\/universal\/film\/logo\/202207\/20220725\/29\/20220725092228725j3k.jpg","description":"","channelno":"830","erotica":"0","minimal":"1","replay":"1","regional":"0","home_only":"0"},"290233863":{"id":"290233863","assetid":"546918055","name":"RTV Papendrecht","icon":"https:\/\/t-mobiletv.nl:443\/CPS\/images\/universal\/film\/logo\/202006\/20200625\/20200625151748509ct4.png","description":"","channelno":"833","erotica":"0","minimal":"1","replay":"0","regional":"1","home_only":"0"},"141521695":{"id":"141521695","assetid":"141521696","name":"RPL Woerden","icon":"https:\/\/t-mobiletv.nl:443\/CPS\/images\/universal\/film\/logo\/201912\/20191212\/20191212114537853v5j.png","description":"","channelno":"834","erotica":"0","minimal":"1","replay":"0","regional":"1","home_only":"0"},"141434148":{"id":"141434148","assetid":"141434149","name":"Omroep Assen TV","icon":"https:\/\/t-mobiletv.nl:443\/CPS\/images\/universal\/film\/logo\/202006\/20200624\/20200624100233540xsl.png","description":"","channelno":"835","erotica":"0","minimal":"1","replay":"0","regional":"1","home_only":"0"},"141433568":{"id":"141433568","assetid":"141433569","name":"RTV1 Stadskanaal","icon":"https:\/\/t-mobiletv.nl:443\/CPS\/images\/universal\/film\/logo\/202203\/20220314\/18\/2022031413381689372z.png","description":"","channelno":"836","erotica":"0","minimal":"1","replay":"0","regional":"1","home_only":"0"},"141433384":{"id":"141433384","assetid":"141433385","name":"Omroep Best TV","icon":"https:\/\/t-mobiletv.nl:443\/CPS\/images\/universal\/film\/logo\/202006\/20200624\/202006241002596042q2.jpg","description":"","channelno":"837","erotica":"0","minimal":"1","replay":"0","regional":"1","home_only":"0"},"141433648":{"id":"141433648","assetid":"141433649","name":"ATOS","icon":"https:\/\/t-mobiletv.nl:443\/CPS\/images\/universal\/film\/logo\/201912\/20191212\/20191212111753063jbp.png","description":"","channelno":"838","erotica":"0","minimal":"1","replay":"0","regional":"1","home_only":"0"},"141434496":{"id":"141434496","assetid":"141434497","name":"Castricum TV","icon":"https:\/\/t-mobiletv.nl:443\/CPS\/images\/universal\/film\/logo\/202007\/20200710\/20200710132503593qmm.png","description":"","channelno":"839","erotica":"0","minimal":"1","replay":"0","regional":"1","home_only":"0"},"290233912":{"id":"290233912","assetid":"290233913","name":"RTV Krimpenerwaard","icon":"https:\/\/t-mobiletv.nl:443\/CPS\/images\/universal\/film\/logo\/202006\/20200624\/20200624100333497oiv.png","description":"","channelno":"840","erotica":"0","minimal":"1","replay":"0","regional":"1","home_only":"0"},"141433692":{"id":"141433692","assetid":"141433693","name":"Regio Noordkop TV","icon":"https:\/\/t-mobiletv.nl:443\/CPS\/images\/universal\/film\/logo\/202006\/20200624\/20200624100404594mws.png","description":"","channelno":"841","erotica":"0","minimal":"1","replay":"1","regional":"0","home_only":"0"},"141433859":{"id":"141433859","assetid":"141433862","name":"GooiTV","icon":"https:\/\/t-mobiletv.nl:443\/CPS\/images\/universal\/film\/logo\/202006\/20200624\/20200624100428616gfs.png","description":"","channelno":"842","erotica":"0","minimal":"1","replay":"0","regional":"1","home_only":"0"},"141521839":{"id":"141521839","assetid":"141521840","name":"XON","icon":"https:\/\/t-mobiletv.nl:443\/CPS\/images\/universal\/film\/logo\/202201\/20220124\/70\/20220124132501911nsh.png","description":"","channelno":"844","erotica":"0","minimal":"1","replay":"0","regional":"1","home_only":"0"},"141433236":{"id":"141433236","assetid":"141433237","name":"DTV Den Bosch","icon":"https:\/\/t-mobiletv.nl:443\/CPS\/images\/universal\/film\/logo\/202007\/20200710\/20200710132609739shj.png","description":"","channelno":"845","erotica":"0","minimal":"1","replay":"0","regional":"1","home_only":"0"},"141522238":{"id":"141522238","assetid":"141522239","name":"Slotstad TV","icon":"https:\/\/t-mobiletv.nl:443\/CPS\/images\/universal\/film\/logo\/202006\/20200624\/20200624100528554lvq.png","description":"","channelno":"848","erotica":"0","minimal":"1","replay":"0","regional":"1","home_only":"0"},"153713538":{"id":"153713538","assetid":"153713547","name":"Omroep Dommelland","icon":"https:\/\/t-mobiletv.nl:443\/CPS\/images\/universal\/film\/logo\/202110\/20211028\/41\/202110281023206823w0.png","description":"","channelno":"849","erotica":"0","minimal":"1","replay":"0","regional":"1","home_only":"0"},"141522455":{"id":"141522455","assetid":"141522456","name":"RTV Heemskerk","icon":"https:\/\/t-mobiletv.nl:443\/CPS\/images\/universal\/film\/logo\/202006\/20200624\/202006241006096026ec.png","description":"","channelno":"850","erotica":"0","minimal":"1","replay":"0","regional":"1","home_only":"0"},"141433996":{"id":"141433996","assetid":"141433997","name":"Altena TV","icon":"https:\/\/t-mobiletv.nl:443\/CPS\/images\/universal\/film\/logo\/201912\/20191212\/20191212114637945u8q.png","description":"","channelno":"852","erotica":"0","minimal":"1","replay":"0","regional":"1","home_only":"0"},"141522510":{"id":"141522510","assetid":"141522511","name":"Capelle TV","icon":"https:\/\/t-mobiletv.nl:443\/CPS\/images\/universal\/film\/logo\/202006\/20200629\/20200629093014608rxw.png","description":"","channelno":"854","erotica":"0","minimal":"1","replay":"0","regional":"1","home_only":"0"},"141434312":{"id":"141434312","assetid":"141434313","name":"RTV NOF","icon":"https:\/\/t-mobiletv.nl:443\/CPS\/images\/universal\/film\/logo\/202110\/20211028\/39\/20211028104828994ap5.png","description":"","channelno":"855","erotica":"0","minimal":"1","replay":"0","regional":"1","home_only":"0"},"141433936":{"id":"141433936","assetid":"141433937","name":"GO-TV","icon":"https:\/\/t-mobiletv.nl:443\/CPS\/images\/universal\/film\/logo\/202207\/20220721\/79\/20220721143639839znd.png","description":"","channelno":"856","erotica":"0","minimal":"1","replay":"1","regional":"0","home_only":"0"},"141521715":{"id":"141521715","assetid":"141521716","name":"Ons West Brabant","icon":"https:\/\/t-mobiletv.nl:443\/CPS\/images\/universal\/film\/logo\/202006\/20200629\/202006290931247534o3.png","description":"","channelno":"857","erotica":"0","minimal":"1","replay":"0","regional":"1","home_only":"0"},"141434660":{"id":"141434660","assetid":"141434661","name":"Regio90TV","icon":"https:\/\/t-mobiletv.nl:443\/CPS\/images\/universal\/film\/logo\/202007\/20200713\/2020071308075855230v.png","description":"","channelno":"858","erotica":"0","minimal":"1","replay":"0","regional":"1","home_only":"0"},"252058638":{"id":"252058638","assetid":"252058639","name":"Land van Cuijk TV","icon":"https:\/\/t-mobiletv.nl:443\/CPS\/images\/universal\/film\/logo\/202203\/20220314\/11\/20220314124729071ads.png","description":"","channelno":"859","erotica":"0","minimal":"1","replay":"0","regional":"1","home_only":"0"},"580748354":{"id":"580748354","assetid":"580748355","name":"Omroep Zulthe TV","icon":"https:\/\/t-mobiletv.nl:443\/CPS\/images\/universal\/film\/logo\/202110\/20211028\/79\/202110281103488769zy.png","description":"","channelno":"860","erotica":"0","minimal":"1","replay":"0","regional":"1","home_only":"0"},"1247091515":{"id":"1247091515","assetid":"1247091516","name":"Omroep Lingewaard","icon":"https:\/\/t-mobiletv.nl:443\/CPS\/images\/universal\/film\/logo\/202207\/20220721\/36\/20220721142725588qkk.jpg","description":"","channelno":"861","erotica":"0","minimal":"1","replay":"1","regional":"0","home_only":"0"},"1247091476":{"id":"1247091476","assetid":"1247091477","name":"TV Aalsmeer","icon":"https:\/\/t-mobiletv.nl:443\/CPS\/images\/universal\/film\/logo\/202207\/20220721\/22\/20220721142614788ccv.png","description":"","channelno":"862","erotica":"0","minimal":"1","replay":"1","regional":"0","home_only":"0"},"1247225869":{"id":"1247225869","assetid":"1247225870","name":"RTV Zeewolde","icon":"https:\/\/t-mobiletv.nl:443\/CPS\/images\/universal\/film\/logo\/202207\/20220721\/36\/20220721142455672hc2.jpg","description":"","channelno":"863","erotica":"0","minimal":"1","replay":"1","regional":"0","home_only":"0"},"1247230641":{"id":"1247230641","assetid":"1247230642","name":"RTV Hollands Midden","icon":"https:\/\/t-mobiletv.nl:443\/CPS\/images\/universal\/film\/logo\/202207\/20220721\/7\/202207211424047870xu.jpg","description":"","channelno":"864","erotica":"0","minimal":"1","replay":"1","regional":"0","home_only":"0"},"1239158687":{"id":"1239158687","assetid":"1239158688","name":"Sleutelstad","icon":"https:\/\/t-mobiletv.nl:443\/CPS\/images\/universal\/film\/logo\/202207\/20220706\/13\/202207061207240403iz.png","description":"","channelno":"866","erotica":"0","minimal":"1","replay":"1","regional":"0","home_only":"0"},"1127013062":{"id":"1127013062","assetid":"1127013063","name":"LOVO - MTV","icon":"https:\/\/t-mobiletv.nl:443\/CPS\/images\/universal\/film\/logo\/202201\/20220124\/0\/20220124133701868vi4.png","description":"","channelno":"867","erotica":"0","minimal":"1","replay":"1","regional":"0","home_only":"0"},"1127016560":{"id":"1127016560","assetid":"1127016561","name":"Landsmeer TV","icon":"https:\/\/t-mobiletv.nl:443\/CPS\/images\/universal\/film\/logo\/202201\/20220124\/89\/20220124133836840440.png","description":"","channelno":"868","erotica":"0","minimal":"1","replay":"1","regional":"0","home_only":"0"},"1131357665":{"id":"1131357665","assetid":"1131357666","name":"Gouwestad TV","icon":"https:\/\/t-mobiletv.nl:443\/CPS\/images\/universal\/film\/logo\/202201\/20220124\/65\/2022012411160167239j.png","description":"","channelno":"869","erotica":"0","minimal":"1","replay":"1","regional":"0","home_only":"0"},"1154012386":{"id":"1154012386","assetid":"1154012387","name":"TV AA en Hunze","icon":"https:\/\/t-mobiletv.nl:443\/CPS\/images\/universal\/film\/logo\/202203\/20220302\/1\/20220302133032042yrm.jpg","description":"","channelno":"870","erotica":"0","minimal":"1","replay":"1","regional":"0","home_only":"0"},"1165619075":{"id":"1165619075","assetid":"1165619076","name":"HTR TV","icon":"https:\/\/t-mobiletv.nl:443\/CPS\/images\/universal\/film\/logo\/202203\/20220321\/36\/20220321135122237yk6.jpg","description":"","channelno":"871","erotica":"0","minimal":"1","replay":"1","regional":"0","home_only":"0"},"1264995528":{"id":"1264995528","assetid":"1264995529","name":"Omroep Delft","icon":"https:\/\/t-mobiletv.nl:443\/CPS\/images\/universal\/film\/logo\/202208\/20220830\/71\/20220830112115578v3r.png","description":"","channelno":"872","erotica":"0","minimal":"1","replay":"1","regional":"0","home_only":"0"},"1308431386":{"id":"1308431386","assetid":"1308431387","name":"Accent TV","icon":"https:\/\/t-mobiletv.nl:443\/CPS\/images\/universal\/film\/logo\/202212\/20221213\/20\/20221213091309429nmq.png","description":"","channelno":"873","erotica":"0","minimal":"1","replay":"1","regional":"0","home_only":"0"},"1312401917":{"id":"1312401917","assetid":"1312401918","name":"RTV80","icon":"https:\/\/t-mobiletv.nl:443\/CPS\/images\/universal\/film\/logo\/202212\/20221223\/6\/20221223100043879fzv.png","description":"","channelno":"874","erotica":"0","minimal":"1","replay":"1","regional":"0","home_only":"0"}}