{"241903435":{"id":"241903435","media_id":"","title":"Adventures of Dally & Spanky","first":"A","description":"Een film over de hechte vriendschap tussen een meisje en haar paard. Samen met haar Jack Russell beleeft ze vele avonturen.","duration":4845,"type":"movie","seasons":"","icon":"https:\/\/t-mobiletv.nl:443\/CPS\/images\/universal\/film\/poster\/201909\/20190909\/20190909011906613xw5.jpg","category":"Familie"},"241903430":{"id":"241903430","media_id":"","title":"The Parting Glass","first":"T","description":"Een gezin houdt zich bezig de dood van een zus in de familie en ze reizen door het land om haar bezittingen en herinneringen een plek te geven aan de vrouw die ze verloren hebben.","duration":5493,"type":"movie","seasons":"","icon":"https:\/\/t-mobiletv.nl:443\/CPS\/images\/universal\/film\/poster\/201909\/20190909\/20190909012225070xvx.jpg","category":"Drama"}}