{"crid:~~2F~~2Fog.libertyglobal.com~~2F37500~~2FALVINNNANDTHECHIPMUNKS":{"id":"crid:~~2F~~2Fog.libertyglobal.com~~2F37500~~2FALVINNNANDTHECHIPMUNKS","title":"Alvinnn!!! And the Chipmunks","first":"A","description":"","duration":"0","type":"show","seasons":"[{\"seriesNumber\":3,\"id\":\"crid:~~2F~~2Fog.libertyglobal.com~~2F37500~~2FZ175547\"}]","icon":"https:\/\/staticqbr-nl-prod.prod.cdn.dmdsdp.com\/image-service\/ImagesEPG\/OndemandImages\/OBO\/GI\/crid~~3A~~2F~~2Fog.libertyglobal.com~~2F37500~~2FALVINNNANDTHECHIPMUNKS\/bdfdd0e7af8896650c10e7d879b80fce.jpg","category":"","vidcollection":"","ord":"2","datum":"19700101"},"crid:~~2F~~2Fog.libertyglobal.com~~2F37500~~2FAQUAMANKINGOFATLANTIS":{"id":"crid:~~2F~~2Fog.libertyglobal.com~~2F37500~~2FAQUAMANKINGOFATLANTIS","title":"Aquaman: King of Atlantis","first":"A","description":"Aquaman begint met Vulko de geleerde en prinses Mera aan zijn zijde aan zijn eerste dag als koning van Atlantis. In de strijd tegen tijdloze vijanden haalt Aquaman alles uit de kast om te bewijzen dat hij de juiste man is voor de drietand.","duration":"0","type":"show","seasons":"[{\"seriesNumber\":1,\"id\":\"crid:~~2F~~2Fog.libertyglobal.com~~2F37500~~2FZ176527\"}]","icon":"https:\/\/staticqbr-nl-prod.prod.cdn.dmdsdp.com\/image-service\/ImagesEPG\/OndemandImages\/OBO\/GI\/crid~~3A~~2F~~2Fog.libertyglobal.com~~2F37500~~2FAQUAMANKINGOFATLANTIS\/b990a6db12fb7730b1746a8f6b021026.jpg","category":"Kinderen","vidcollection":"","ord":"3","datum":"19700101"},"crid:~~2F~~2Fog.libertyglobal.com~~2F37500~~2FARPO":{"id":"crid:~~2F~~2Fog.libertyglobal.com~~2F37500~~2FARPO","title":"Arpo","first":"A","description":"Arpo lijkt misschien eng, maar hij is geen topgeheim overheidsproject, hij is gewoon een onschuldige huishoudrobot.","duration":"0","type":"show","seasons":"[{\"seriesNumber\":1,\"id\":\"crid:~~2F~~2Fog.libertyglobal.com~~2F37500~~2FZ170485\"}]","icon":"https:\/\/staticqbr-nl-prod.prod.cdn.dmdsdp.com\/image-service\/ImagesEPG\/OndemandImages\/OBO\/GI\/crid~~3A~~2F~~2Fog.libertyglobal.com~~2F37500~~2FARPO\/697c7c7b655123061e80f54091f057eb.jpg","category":"Kinderen, Onder de 5","vidcollection":"","ord":"4","datum":"19700101"},"crid:~~2F~~2Fog.libertyglobal.com~~2F37500~~2FBRAVOBABILU":{"id":"crid:~~2F~~2Fog.libertyglobal.com~~2F37500~~2FBRAVOBABILU","title":"Bravo Babilu","first":"B","description":"Bumba en de kleine peuter, Babilu, nemen je mee op ontdekking!  ","duration":"0","type":"show","seasons":"[{\"seriesNumber\":1,\"id\":\"crid:~~2F~~2Fog.libertyglobal.com~~2F37500~~2FZ103852\"}]","icon":"https:\/\/staticqbr-nl-prod.prod.cdn.dmdsdp.com\/image-service\/ImagesEPG\/OndemandImages\/OBO\/GI\/crid~~3A~~2F~~2Fog.libertyglobal.com~~2F37500~~2FBRAVOBABILU\/2e80dd0780481a1d74f92850d20c8675.jpg","category":"","vidcollection":"","ord":"6","datum":"19700101"},"crid:~~2F~~2Fog.libertyglobal.com~~2F37500~~2FBUBBLEGUPPIES":{"id":"crid:~~2F~~2Fog.libertyglobal.com~~2F37500~~2FBUBBLEGUPPIES","title":"Bubble Guppies","first":"B","description":"","duration":"0","type":"show","seasons":"[{\"seriesNumber\":4,\"id\":\"crid:~~2F~~2Fog.libertyglobal.com~~2F37500~~2FZ174753\"}]","icon":"https:\/\/staticqbr-nl-prod.prod.cdn.dmdsdp.com\/image-service\/ImagesEPG\/OndemandImages\/OBO\/GI\/crid~~3A~~2F~~2Fog.libertyglobal.com~~2F37500~~2FBUBBLEGUPPIES\/e2b24b3a0776ee7062c63f773597491f.jpg","category":"","vidcollection":"","ord":"7","datum":"19700101"},"crid:~~2F~~2Fog.libertyglobal.com~~2F37500~~2FBUMBA":{"id":"crid:~~2F~~2Fog.libertyglobal.com~~2F37500~~2FBUMBA","title":"Bumba","first":"B","description":"Beleef een knotsgek avontuur met Bumba en zijn vriendjes!   ","duration":"0","type":"show","seasons":"[{\"seriesNumber\":1,\"id\":\"crid:~~2F~~2Fog.libertyglobal.com~~2F37500~~2FZ103908SD\"},{\"seriesNumber\":2,\"id\":\"crid:~~2F~~2Fog.libertyglobal.com~~2F37500~~2FZ122987SD\"},{\"seriesNumber\":3,\"id\":\"crid:~~2F~~2Fog.libertyglobal.com~~2F37500~~2FZ135650SD\"}]","icon":"https:\/\/staticqbr-nl-prod.prod.cdn.dmdsdp.com\/image-service\/ImagesEPG\/OndemandImages\/OBO\/GI\/crid~~3A~~2F~~2Fog.libertyglobal.com~~2F37500~~2FBUMBA\/910ff90329a1f5fee727c393832ee68c.jpg","category":"","vidcollection":"","ord":"8","datum":"19700101"},"crid:~~2F~~2Fog.libertyglobal.com~~2F37500~~2FBUMBAINAUSTRALI":{"id":"crid:~~2F~~2Fog.libertyglobal.com~~2F37500~~2FBUMBAINAUSTRALI","title":"Bumba in Australi\u00eb","first":"B","description":"Bumba beleeft samen met zijn vriendjes veel pret in Australi\u00eb!","duration":"0","type":"show","seasons":"[{\"seriesNumber\":1,\"id\":\"crid:~~2F~~2Fog.libertyglobal.com~~2F37500~~2FZ103861\"}]","icon":"https:\/\/staticqbr-nl-prod.prod.cdn.dmdsdp.com\/image-service\/ImagesEPG\/OndemandImages\/OBO\/GI\/crid~~3A~~2F~~2Fog.libertyglobal.com~~2F37500~~2FBUMBAINAUSTRALI\/e37fedc5ef7440b817dcb8b9432569b1.jpg","category":"","vidcollection":"","ord":"9","datum":"19700101"},"crid:~~2F~~2Fog.libertyglobal.com~~2F37500~~2FBUMBAINAZI":{"id":"crid:~~2F~~2Fog.libertyglobal.com~~2F37500~~2FBUMBAINAZI","title":"Bumba in Azi\u00eb","first":"B","description":"Bumba landt met zijn circus in Azi\u00eb. Hier leert hij een nieuw vriendinnetje kennen, Li-Ling. Samen met haar en zijn andere circusvrienden beleven ze dolle avonturen! Veel kijkplezier gegarandeerd voor de allerkleinsten!","duration":"0","type":"show","seasons":"[{\"seriesNumber\":1,\"id\":\"crid:~~2F~~2Fog.libertyglobal.com~~2F37500~~2FZ104017\"}]","icon":"https:\/\/staticqbr-nl-prod.prod.cdn.dmdsdp.com\/image-service\/ImagesEPG\/OndemandImages\/OBO\/GI\/crid~~3A~~2F~~2Fog.libertyglobal.com~~2F37500~~2FBUMBAINAZI\/4908584029c6228aea7ab9ecaf835dc2.jpg","category":"","vidcollection":"","ord":"10","datum":"19700101"},"crid:~~2F~~2Fog.libertyglobal.com~~2F37500~~2FBUMBAINDEFARWEST":{"id":"crid:~~2F~~2Fog.libertyglobal.com~~2F37500~~2FBUMBAINDEFARWEST","title":"Bumba in de Far West","first":"B","description":"Bumba landt samen met zijn vriendjes in Amerika. Hier ontmoet hij een nieuw vriendinnetje, Poncha! Samen met haar en zijn dolle circusvrienden beleven ze de gekste avonturen! Veel kijkplezier gegarandeerd voor de allerkleinsten! ","duration":"0","type":"show","seasons":"[{\"seriesNumber\":1,\"id\":\"crid:~~2F~~2Fog.libertyglobal.com~~2F37500~~2FZ119273\"}]","icon":"https:\/\/staticqbr-nl-prod.prod.cdn.dmdsdp.com\/image-service\/ImagesEPG\/OndemandImages\/OBO\/GI\/crid~~3A~~2F~~2Fog.libertyglobal.com~~2F37500~~2FBUMBAINDEFARWEST\/ac4157fbb7b36e5596b01af2db4b250e.jpg","category":"","vidcollection":"","ord":"11","datum":"19700101"},"crid:~~2F~~2Fog.libertyglobal.com~~2F37500~~2FBUMBAINDERUIMTE":{"id":"crid:~~2F~~2Fog.libertyglobal.com~~2F37500~~2FBUMBAINDERUIMTE","title":"Bumba in de ruimte","first":"B","description":"Bumba vliegt samen met zijn vriendjes door de ruimte en beleeft veel pret!","duration":"0","type":"show","seasons":"[{\"seriesNumber\":1,\"id\":\"crid:~~2F~~2Fog.libertyglobal.com~~2F37500~~2FZ104013\"}]","icon":"https:\/\/staticqbr-nl-prod.prod.cdn.dmdsdp.com\/image-service\/ImagesEPG\/OndemandImages\/OBO\/GI\/crid~~3A~~2F~~2Fog.libertyglobal.com~~2F37500~~2FBUMBAINDERUIMTE\/9debbb0373cc57ffa8425e6ec14ee18f.jpg","category":"","vidcollection":"","ord":"12","datum":"19700101"},"crid:~~2F~~2Fog.libertyglobal.com~~2F37500~~2FBUNNICULA":{"id":"crid:~~2F~~2Fog.libertyglobal.com~~2F37500~~2FBUNNICULA","title":"Bunnicula","first":"B","description":"","duration":"0","type":"show","seasons":"[{\"seriesNumber\":2,\"id\":\"crid:~~2F~~2Fog.libertyglobal.com~~2F37500~~2FZ158716\"},{\"seriesNumber\":3,\"id\":\"crid:~~2F~~2Fog.libertyglobal.com~~2F37500~~2FZ163534\"}]","icon":"https:\/\/staticqbr-nl-prod.prod.cdn.dmdsdp.com\/image-service\/ImagesEPG\/OndemandImages\/OBO\/GI\/crid~~3A~~2F~~2Fog.libertyglobal.com~~2F37500~~2FBUNNICULA\/0634539d9cdffa196642a83a51b221d1.jpg","category":"","vidcollection":"","ord":"13","datum":"19700101"},"crid:~~2F~~2Fog.libertyglobal.com~~2F37500~~2FBUREAUOFMAGICALTHINGSTHE":{"id":"crid:~~2F~~2Fog.libertyglobal.com~~2F37500~~2FBUREAUOFMAGICALTHINGSTHE","title":"Bureau of Magical Things, The","first":"B","description":"","duration":"0","type":"show","seasons":"[{\"seriesNumber\":2,\"id\":\"crid:~~2F~~2Fog.libertyglobal.com~~2F37500~~2FZ175548\"}]","icon":"https:\/\/staticqbr-nl-prod.prod.cdn.dmdsdp.com\/image-service\/ImagesEPG\/OndemandImages\/OBO\/GI\/crid~~3A~~2F~~2Fog.libertyglobal.com~~2F37500~~2FBUREAUOFMAGICALTHINGSTHE\/4f95713aa33e4080e7fe676687afcbda.jpg","category":"","vidcollection":"","ord":"14","datum":"19700101"},"crid:~~2F~~2Fog.libertyglobal.com~~2F37500~~2FCOCOMELON":{"id":"crid:~~2F~~2Fog.libertyglobal.com~~2F37500~~2FCOCOMELON","title":"CoComelon","first":"C","description":"Leer samen met J.J. letters en cijfers schrijven, dierengeluiden herkennen en meer in deze muzikale serie met vermakelijke kinderliedjes voor het hele gezin.","duration":"0","type":"show","seasons":"[{\"seriesNumber\":1,\"id\":\"crid:~~2F~~2Fog.libertyglobal.com~~2F37500~~2FZ170488\"}]","icon":"https:\/\/staticqbr-nl-prod.prod.cdn.dmdsdp.com\/image-service\/ImagesEPG\/OndemandImages\/OBO\/GI\/crid~~3A~~2F~~2Fog.libertyglobal.com~~2F37500~~2FCOCOMELON\/e99b29ee99dbee1e99896d1f211732a1.jpg","category":"Kinderen, Onder de 5","vidcollection":"","ord":"15","datum":"19700101"},"crid:~~2F~~2Fog.libertyglobal.com~~2F37500~~2FDIGLEYDAZEY":{"id":"crid:~~2F~~2Fog.libertyglobal.com~~2F37500~~2FDIGLEYDAZEY","title":"Digley & Dazey","first":"D","description":"Beste vrienden Digley en Dazey maken deel uit van een bouwteam dat graag bouwt en repareert. Door hard te werken en hun creativiteit te gebruiken komen ze uit de problemen en leren ze nieuwe dingen.","duration":"0","type":"show","seasons":"[{\"seriesNumber\":1,\"id\":\"crid:~~2F~~2Fog.libertyglobal.com~~2F37500~~2FZ170490\"}]","icon":"https:\/\/staticqbr-nl-prod.prod.cdn.dmdsdp.com\/image-service\/ImagesEPG\/OndemandImages\/OBO\/GI\/crid~~3A~~2F~~2Fog.libertyglobal.com~~2F37500~~2FDIGLEYDAZEY\/4d7223219ac2861c7e7a3161516c1d45.jpg","category":"Kinderen, Onder de 5","vidcollection":"","ord":"16","datum":"19700101"},"crid:~~2F~~2Fog.libertyglobal.com~~2F37500~~2FDORATHEEXPLORER":{"id":"crid:~~2F~~2Fog.libertyglobal.com~~2F37500~~2FDORATHEEXPLORER","title":"Dora the Explorer","first":"D","description":"","duration":"0","type":"show","seasons":"[{\"seriesNumber\":7,\"id\":\"crid:~~2F~~2Fog.libertyglobal.com~~2F37500~~2FZ150305\"}]","icon":"https:\/\/staticqbr-nl-prod.prod.cdn.dmdsdp.com\/image-service\/ImagesEPG\/OndemandImages\/OBO\/GI\/crid~~3A~~2F~~2Fog.libertyglobal.com~~2F37500~~2FDORATHEEXPLORER\/575f1e7586e4f372a5594cc3504b18fa.jpg","category":"","vidcollection":"","ord":"17","datum":"19700101"},"crid:~~2F~~2Fog.libertyglobal.com~~2F37500~~2FDOROTHYANDTHEWIZARDOFOZ":{"id":"crid:~~2F~~2Fog.libertyglobal.com~~2F37500~~2FDOROTHYANDTHEWIZARDOFOZ","title":"Dorothy and the Wizard of Oz","first":"D","description":"","duration":"0","type":"show","seasons":"[{\"seriesNumber\":1,\"id\":\"crid:~~2F~~2Fog.libertyglobal.com~~2F37500~~2FZ150920\"}]","icon":"https:\/\/staticqbr-nl-prod.prod.cdn.dmdsdp.com\/image-service\/ImagesEPG\/OndemandImages\/OBO\/GI\/crid~~3A~~2F~~2Fog.libertyglobal.com~~2F37500~~2FDOROTHYANDTHEWIZARDOFOZ\/bcdba2d897f4ec3a02d09e96436140fb.jpg","category":"","vidcollection":"","ord":"18","datum":"19700101"},"crid:~~2F~~2Fog.libertyglobal.com~~2F37500~~2FFUNGIESTHE":{"id":"crid:~~2F~~2Fog.libertyglobal.com~~2F37500~~2FFUNGIESTHE","title":"Fungies!, The","first":"F","description":"","duration":"0","type":"show","seasons":"[{\"seriesNumber\":2,\"id\":\"crid:~~2F~~2Fog.libertyglobal.com~~2F37500~~2FZ175937\"},{\"seriesNumber\":3,\"id\":\"crid:~~2F~~2Fog.libertyglobal.com~~2F37500~~2FZ175938\"}]","icon":"https:\/\/staticqbr-nl-prod.prod.cdn.dmdsdp.com\/image-service\/ImagesEPG\/OndemandImages\/OBO\/GI\/crid~~3A~~2F~~2Fog.libertyglobal.com~~2F37500~~2FFUNGIESTHE\/96cc1bcd9b75df2ed0682502d396b0b5.jpg","category":"","vidcollection":"","ord":"19","datum":"19700101"},"crid:~~2F~~2Fog.libertyglobal.com~~2F37500~~2FGEESTENMOLLYMCGEEDE":{"id":"crid:~~2F~~2Fog.libertyglobal.com~~2F37500~~2FGEESTENMOLLYMCGEEDE","title":"Geest en Molly McGee, De","first":"G","description":"Molly McGee verhuist met haar familie naar hun droomhuis, maar daar ontdekt ze dat het huis bezeten is door het chagrijnige spook Scratch.","duration":"0","type":"show","seasons":"[{\"seriesNumber\":1,\"id\":\"crid:~~2F~~2Fog.libertyglobal.com~~2F37500~~2FZ174657\"}]","icon":"https:\/\/staticqbr-nl-prod.prod.cdn.dmdsdp.com\/image-service\/ImagesEPG\/OndemandImages\/OBO\/GI\/crid~~3A~~2F~~2Fog.libertyglobal.com~~2F37500~~2FGEESTENMOLLYMCGEEDE\/8b9914fb3fc58e1bba2918b8c1f93e39.jpg","category":"Kinderen","vidcollection":"","ord":"20","datum":"19700101"},"crid:~~2F~~2Fog.libertyglobal.com~~2F37500~~2FGREATLITTLEONES":{"id":"crid:~~2F~~2Fog.libertyglobal.com~~2F37500~~2FGREATLITTLEONES","title":"Great Little Ones","first":"G","description":"Een wonderlijke plek waar het normaal is om het verschil te ontdekken. Een plek waar leren wordt geleid door familieplezier!","duration":"0","type":"show","seasons":"[{\"seriesNumber\":1,\"id\":\"crid:~~2F~~2Fog.libertyglobal.com~~2F37500~~2FZ170493\"}]","icon":"https:\/\/staticqbr-nl-prod.prod.cdn.dmdsdp.com\/image-service\/ImagesEPG\/OndemandImages\/OBO\/GI\/crid~~3A~~2F~~2Fog.libertyglobal.com~~2F37500~~2FGREATLITTLEONES\/1f59a39532f89552e6eb27302b22fbe3.jpg","category":"Kinderen, Onder de 5","vidcollection":"","ord":"21","datum":"19700101"},"crid:~~2F~~2Fog.libertyglobal.com~~2F37500~~2FHUISVANDEUILHET":{"id":"crid:~~2F~~2Fog.libertyglobal.com~~2F37500~~2FHUISVANDEUILHET","title":"Huis van de Uil, Het","first":"H","description":"De bewoners van het Huis van de Uil doen er samen alles aan om Luz terug naar huis te krijgen, om Eda haar innerlijke demonen te laten confronteren en om de waarheid achter King's verleden te ontrafelen.","duration":"0","type":"show","seasons":"[{\"seriesNumber\":2,\"id\":\"crid:~~2F~~2Fog.libertyglobal.com~~2F37500~~2FZ173115\"}]","icon":"https:\/\/staticqbr-nl-prod.prod.cdn.dmdsdp.com\/image-service\/ImagesEPG\/OndemandImages\/OBO\/GI\/crid~~3A~~2F~~2Fog.libertyglobal.com~~2F37500~~2FHUISVANDEUILHET\/6f405ab2f2ee4eb3e933a80372859c05.jpg","category":"Kinderen, Entertainment","vidcollection":"","ord":"22","datum":"19700101"},"crid:~~2F~~2Fog.libertyglobal.com~~2F37500~~2FICARLY":{"id":"crid:~~2F~~2Fog.libertyglobal.com~~2F37500~~2FICARLY","title":"iCarly","first":"I","description":"","duration":"0","type":"show","seasons":"[{\"seriesNumber\":4,\"id\":\"crid:~~2F~~2Fog.libertyglobal.com~~2F37500~~2FZ174756\"}]","icon":"https:\/\/staticqbr-nl-prod.prod.cdn.dmdsdp.com\/image-service\/ImagesEPG\/OndemandImages\/OBO\/GI\/crid~~3A~~2F~~2Fog.libertyglobal.com~~2F37500~~2FICARLY\/9275fbc5382ab98f993f319d0ce97010.jpg","category":"","vidcollection":"","ord":"23","datum":"19700101"},"crid:~~2F~~2Fog.libertyglobal.com~~2F37500~~2FJELLYSTONE":{"id":"crid:~~2F~~2Fog.libertyglobal.com~~2F37500~~2FJELLYSTONE","title":"Jellystone!","first":"J","description":"","duration":"0","type":"show","seasons":"[{\"seriesNumber\":1,\"id\":\"crid:~~2F~~2Fog.libertyglobal.com~~2F37500~~2FZ174076\"}]","icon":"https:\/\/staticqbr-nl-prod.prod.cdn.dmdsdp.com\/image-service\/ImagesEPG\/OndemandImages\/OBO\/GI\/crid~~3A~~2F~~2Fog.libertyglobal.com~~2F37500~~2FJELLYSTONE\/95fe22888a495b151530decdafe581a3.jpg","category":"","vidcollection":"","ord":"24","datum":"19700101"},"crid:~~2F~~2Fog.libertyglobal.com~~2F37500~~2FJOKIE":{"id":"crid:~~2F~~2Fog.libertyglobal.com~~2F37500~~2FJOKIE","title":"Jokie","first":"J","description":"","duration":"0","type":"show","seasons":"[{\"seriesNumber\":1,\"id\":\"crid:~~2F~~2Fog.libertyglobal.com~~2F37500~~2FZ150825\"}]","icon":"https:\/\/staticqbr-nl-prod.prod.cdn.dmdsdp.com\/image-service\/ImagesEPG\/OndemandImages\/OBO\/GI\/crid~~3A~~2F~~2Fog.libertyglobal.com~~2F37500~~2FJOKIE\/5df73fa6c2a3cf2a758b83be8e1b883a.jpg","category":"","vidcollection":"","ord":"25","datum":"19700101"},"crid:~~2F~~2Fog.libertyglobal.com~~2F37500~~2FK3ROLLERDISCO":{"id":"crid:~~2F~~2Fog.libertyglobal.com~~2F37500~~2FK3ROLLERDISCO","title":"K3 Roller Disco","first":"K","description":"De meisjes van K3 gaan samen een rollerdisco uitbaten. Marthe verzorgt de bar, Hanne is verantwoordelijk voor het verhuur van de rolschaatsen en Klaasje is redder in nood op de rolschaatsbaan.","duration":"0","type":"show","seasons":"[{\"seriesNumber\":1,\"id\":\"crid:~~2F~~2Fog.libertyglobal.com~~2F37500~~2FZ155117\"},{\"seriesNumber\":2,\"id\":\"crid:~~2F~~2Fog.libertyglobal.com~~2F37500~~2FZ168511\"}]","icon":"https:\/\/staticqbr-nl-prod.prod.cdn.dmdsdp.com\/image-service\/ImagesEPG\/OndemandImages\/OBO\/GI\/crid~~3A~~2F~~2Fog.libertyglobal.com~~2F37500~~2FK3ROLLERDISCO\/aaed54452df1329ff0c7ed4ac3cb0086.jpg","category":"","vidcollection":"","ord":"26","datum":"19700101"},"crid:~~2F~~2Fog.libertyglobal.com~~2F37500~~2FKABOUTERPLOP":{"id":"crid:~~2F~~2Fog.libertyglobal.com~~2F37500~~2FKABOUTERPLOP","title":"Kabouter Plop","first":"K","description":"Samen met zijn vrienden Klus, Lui en Kwebbel beleeft Kabouter Plop waanzinnige avonturen. Alles komt uiteindelijk gelukkig steeds weer goed. En dit vieren Plop en zijn vrienden in hun Melkherberg met lekkere plopmelk! ","duration":"0","type":"show","seasons":"[{\"seriesNumber\":1,\"id\":\"crid:~~2F~~2Fog.libertyglobal.com~~2F37500~~2FZ103895SD\"}]","icon":"https:\/\/staticqbr-nl-prod.prod.cdn.dmdsdp.com\/image-service\/ImagesEPG\/OndemandImages\/OBO\/GI\/crid~~3A~~2F~~2Fog.libertyglobal.com~~2F37500~~2FKABOUTERPLOP\/410c90ec600fe33d30b3faa3ac6df847.jpg","category":"","vidcollection":"","ord":"27","datum":"19700101"},"crid:~~2F~~2Fog.libertyglobal.com~~2F37500~~2FKINGDOMFORCE":{"id":"crid:~~2F~~2Fog.libertyglobal.com~~2F37500~~2FKINGDOMFORCE","title":"Kingdom Force","first":"K","description":"","duration":"0","type":"show","seasons":"[{\"seriesNumber\":1,\"id\":\"crid:~~2F~~2Fog.libertyglobal.com~~2F37500~~2FZ170251\"}]","icon":"https:\/\/staticqbr-nl-prod.prod.cdn.dmdsdp.com\/image-service\/ImagesEPG\/OndemandImages\/OBO\/GI\/crid~~3A~~2F~~2Fog.libertyglobal.com~~2F37500~~2FKINGDOMFORCE\/a134940e104e2613c182792408b7a561.jpg","category":"","vidcollection":"","ord":"28","datum":"19700101"},"crid:~~2F~~2Fog.libertyglobal.com~~2F37500~~2FKUIKENCLUB":{"id":"crid:~~2F~~2Fog.libertyglobal.com~~2F37500~~2FKUIKENCLUB","title":"Kuikenclub","first":"K","description":"Coop, Sweetie en Boo zijn drie slimme kuikens die samen met reddingshond Tully allerlei problemen in de buurt oplossen om hun dierenvrienden te helpen.","duration":"0","type":"show","seasons":"[{\"seriesNumber\":1,\"id\":\"crid:~~2F~~2Fog.libertyglobal.com~~2F37500~~2FZ173112\"}]","icon":"https:\/\/staticqbr-nl-prod.prod.cdn.dmdsdp.com\/image-service\/ImagesEPG\/OndemandImages\/OBO\/GI\/crid~~3A~~2F~~2Fog.libertyglobal.com~~2F37500~~2FKUIKENCLUB\/1c4024c8ee25ec1d42baee1f691a4763.jpg","category":"Kinderen, Onder de 5, Film, Kids en familie","vidcollection":"","ord":"29","datum":"19700101"},"crid:~~2F~~2Fog.libertyglobal.com~~2F37500~~2FLERENMETJOKIE":{"id":"crid:~~2F~~2Fog.libertyglobal.com~~2F37500~~2FLERENMETJOKIE","title":"Leren met Jokie","first":"L","description":"","duration":"0","type":"show","seasons":"[{\"seriesNumber\":1,\"id\":\"crid:~~2F~~2Fog.libertyglobal.com~~2F37500~~2FZ169011\"}]","icon":"https:\/\/staticqbr-nl-prod.prod.cdn.dmdsdp.com\/image-service\/ImagesEPG\/OndemandImages\/OBO\/GI\/crid~~3A~~2F~~2Fog.libertyglobal.com~~2F37500~~2FLERENMETJOKIE\/3c2470b193b1f70d0ed1f47de4cb6095.jpg","category":"","vidcollection":"","ord":"30","datum":"19700101"},"crid:~~2F~~2Fog.libertyglobal.com~~2F37500~~2FLITTLEBABYBUM":{"id":"crid:~~2F~~2Fog.libertyglobal.com~~2F37500~~2FLITTLEBABYBUM","title":"Little Baby Bum","first":"L","description":"Twinkle, Mia, Jacus en de rest van de Kinderliedjes-vrienden zingen leuke liedjes voor de kleintjes.","duration":"0","type":"show","seasons":"[{\"seriesNumber\":1,\"id\":\"crid:~~2F~~2Fog.libertyglobal.com~~2F37500~~2FZ170494\"}]","icon":"https:\/\/staticqbr-nl-prod.prod.cdn.dmdsdp.com\/image-service\/ImagesEPG\/OndemandImages\/OBO\/GI\/crid~~3A~~2F~~2Fog.libertyglobal.com~~2F37500~~2FLITTLEBABYBUM\/423077dbaa4902d22c9839c61a516610.jpg","category":"Kinderen, Onder de 5","vidcollection":"","ord":"31","datum":"19700101"},"crid:~~2F~~2Fog.libertyglobal.com~~2F37500~~2FLITTLEREDBUS":{"id":"crid:~~2F~~2Fog.libertyglobal.com~~2F37500~~2FLITTLEREDBUS","title":"Little Red Bus","first":"L","description":"De avonturen van de kleine rode bus moedigen aan tot leren, creativiteit en plezier! Leer kleuren, vormen en cijfers met onze geliefde personages!","duration":"0","type":"show","seasons":"[{\"seriesNumber\":1,\"id\":\"crid:~~2F~~2Fog.libertyglobal.com~~2F37500~~2FZ170495\"}]","icon":"https:\/\/staticqbr-nl-prod.prod.cdn.dmdsdp.com\/image-service\/ImagesEPG\/OndemandImages\/OBO\/GI\/crid~~3A~~2F~~2Fog.libertyglobal.com~~2F37500~~2FLITTLEREDBUS\/1da3c4a9060093df3bd9372e8a5cb1ce.jpg","category":"Kinderen, Onder de 5","vidcollection":"","ord":"32","datum":"19700101"},"crid:~~2F~~2Fog.libertyglobal.com~~2F37500~~2FLOUDHOUSETHE":{"id":"crid:~~2F~~2Fog.libertyglobal.com~~2F37500~~2FLOUDHOUSETHE","title":"Loud House, The","first":"L","description":"","duration":"0","type":"show","seasons":"[{\"seriesNumber\":2,\"id\":\"crid:~~2F~~2Fog.libertyglobal.com~~2F37500~~2FZ174406\"}]","icon":"https:\/\/staticqbr-nl-prod.prod.cdn.dmdsdp.com\/image-service\/ImagesEPG\/OndemandImages\/OBO\/GI\/crid~~3A~~2F~~2Fog.libertyglobal.com~~2F37500~~2FLOUDHOUSETHE\/207dc254f36aff524f43413123ff7810.jpg","category":"","vidcollection":"","ord":"33","datum":"19700101"},"crid:~~2F~~2Fog.libertyglobal.com~~2F37500~~2FMARJOLEINENHETGEHEIMVANHETSLAAPZAND":{"id":"crid:~~2F~~2Fog.libertyglobal.com~~2F37500~~2FMARJOLEINENHETGEHEIMVANHETSLAAPZAND","title":"Marjolein en het geheim van het slaapzand","first":"M","description":"","duration":"0","type":"show","seasons":"[{\"seriesNumber\":1,\"id\":\"crid:~~2F~~2Fog.libertyglobal.com~~2F37500~~2FZ169012SD\"}]","icon":"https:\/\/staticqbr-nl-prod.prod.cdn.dmdsdp.com\/image-service\/ImagesEPG\/OndemandImages\/OBO\/GI\/crid~~3A~~2F~~2Fog.libertyglobal.com~~2F37500~~2FMARJOLEINENHETGEHEIMVANHETSLAAPZAND\/fa14b1e60cd52e036080168a8acae6b7.jpg","category":"","vidcollection":"","ord":"34","datum":"19700101"},"crid:~~2F~~2Fog.libertyglobal.com~~2F37500~~2FMAXRUBY":{"id":"crid:~~2F~~2Fog.libertyglobal.com~~2F37500~~2FMAXRUBY","title":"Max & Ruby","first":"M","description":"","duration":"0","type":"show","seasons":"[{\"seriesNumber\":6,\"id\":\"crid:~~2F~~2Fog.libertyglobal.com~~2F37500~~2FZ174432\"}]","icon":"https:\/\/staticqbr-nl-prod.prod.cdn.dmdsdp.com\/image-service\/ImagesEPG\/OndemandImages\/OBO\/GI\/crid~~3A~~2F~~2Fog.libertyglobal.com~~2F37500~~2FMAXRUBY\/823949191208baf5efe69c692f80fa5b.jpg","category":"","vidcollection":"","ord":"35","datum":"19700101"},"crid:~~2F~~2Fog.libertyglobal.com~~2F37500~~2FMEGAMINDY":{"id":"crid:~~2F~~2Fog.libertyglobal.com~~2F37500~~2FMEGAMINDY","title":"Mega Mindy","first":"M","description":"","duration":"0","type":"show","seasons":"[{\"seriesNumber\":1,\"id\":\"crid:~~2F~~2Fog.libertyglobal.com~~2F37500~~2FZ108813\"},{\"seriesNumber\":2,\"id\":\"crid:~~2F~~2Fog.libertyglobal.com~~2F37500~~2FZ108836\"},{\"seriesNumber\":3,\"id\":\"crid:~~2F~~2Fog.libertyglobal.com~~2F37500~~2FZ108814\"},{\"seriesNumber\":4,\"id\":\"crid:~~2F~~2Fog.libertyglobal.com~~2F37500~~2FZ108837\"},{\"seriesNumber\":5,\"id\":\"crid:~~2F~~2Fog.libertyglobal.com~~2F37500~~2FZ148767\"}]","icon":"https:\/\/staticqbr-nl-prod.prod.cdn.dmdsdp.com\/image-service\/ImagesEPG\/OndemandImages\/OBO\/GI\/crid~~3A~~2F~~2Fog.libertyglobal.com~~2F37500~~2FMEGAMINDY\/0439103707fd4887903df8865eebf2f1.jpg","category":"","vidcollection":"","ord":"36","datum":"19700101"},"crid:~~2F~~2Fog.libertyglobal.com~~2F37500~~2FMIAANDME":{"id":"crid:~~2F~~2Fog.libertyglobal.com~~2F37500~~2FMIAANDME","title":"Mia and Me","first":"M","description":"De 12-jarige Mia vindt zichzelf terug in de wondere wereld van Centopia, vol elfjes, \u00e9\u00e9nhoorns, pans en draken. Maar het idyllische koninkrijk is in gevaar. ","duration":"0","type":"show","seasons":"[{\"seriesNumber\":1,\"id\":\"crid:~~2F~~2Fog.libertyglobal.com~~2F37500~~2FZ163368\"},{\"seriesNumber\":2,\"id\":\"crid:~~2F~~2Fog.libertyglobal.com~~2F37500~~2FZ163369\"},{\"seriesNumber\":3,\"id\":\"crid:~~2F~~2Fog.libertyglobal.com~~2F37500~~2FZ163370\"}]","icon":"https:\/\/staticqbr-nl-prod.prod.cdn.dmdsdp.com\/image-service\/ImagesEPG\/OndemandImages\/OBO\/GI\/crid~~3A~~2F~~2Fog.libertyglobal.com~~2F37500~~2FMIAANDME\/7d55198364506df0a777e8eda6a4ee3f.jpg","category":"","vidcollection":"","ord":"37","datum":"19700101"},"crid:~~2F~~2Fog.libertyglobal.com~~2F37500~~2FMICKEYMOUSEFUNHOUSE":{"id":"crid:~~2F~~2Fog.libertyglobal.com~~2F37500~~2FMICKEYMOUSEFUNHOUSE","title":"Mickey Mouse Funhouse","first":"M","description":"Het betoverde, pratende speelhuis Funny leidt Mickey Mouse en zijn vriendjes op fantasierijke avonturen!","duration":"0","type":"show","seasons":"[{\"seriesNumber\":1,\"id\":\"crid:~~2F~~2Fog.libertyglobal.com~~2F37500~~2FZ174658\"}]","icon":"https:\/\/staticqbr-nl-prod.prod.cdn.dmdsdp.com\/image-service\/ImagesEPG\/OndemandImages\/OBO\/GI\/crid~~3A~~2F~~2Fog.libertyglobal.com~~2F37500~~2FMICKEYMOUSEFUNHOUSE\/4bbdd9b3e25df41cdb163d21bca5a5c5.jpg","category":"Kinderen, Onder de 5","vidcollection":"","ord":"38","datum":"19700101"},"crid:~~2F~~2Fog.libertyglobal.com~~2F37500~~2FMIRAKONINKLIJKEDETECTIVE":{"id":"crid:~~2F~~2Fog.libertyglobal.com~~2F37500~~2FMIRAKONINKLIJKEDETECTIVE","title":"Mira, Koninklijke Detective","first":"M","description":"","duration":"0","type":"show","seasons":"[{\"seriesNumber\":2,\"id\":\"crid:~~2F~~2Fog.libertyglobal.com~~2F37500~~2FZ175439\"}]","icon":"https:\/\/staticqbr-nl-prod.prod.cdn.dmdsdp.com\/image-service\/ImagesEPG\/OndemandImages\/OBO\/GI\/crid~~3A~~2F~~2Fog.libertyglobal.com~~2F37500~~2FMIRAKONINKLIJKEDETECTIVE\/e78594fbfc8897e46d4dff39b1e71df8.jpg","category":"","vidcollection":"","ord":"39","datum":"19700101"},"crid:~~2F~~2Fog.libertyglobal.com~~2F37500~~2FMONSTERBEACH":{"id":"crid:~~2F~~2Fog.libertyglobal.com~~2F37500~~2FMONSTERBEACH","title":"Monster Beach","first":"M","description":"","duration":"0","type":"show","seasons":"[{\"seriesNumber\":1,\"id\":\"crid:~~2F~~2Fog.libertyglobal.com~~2F37500~~2FZ174077\"}]","icon":"https:\/\/staticqbr-nl-prod.prod.cdn.dmdsdp.com\/image-service\/ImagesEPG\/OndemandImages\/OBO\/GI\/crid~~3A~~2F~~2Fog.libertyglobal.com~~2F37500~~2FMONSTERBEACH\/54dc21783a34fb790657d8048aae8e54.jpg","category":"","vidcollection":"","ord":"40","datum":"19700101"},"crid:~~2F~~2Fog.libertyglobal.com~~2F37500~~2FMORPHLE":{"id":"crid:~~2F~~2Fog.libertyglobal.com~~2F37500~~2FMORPHLE","title":"Morphle","first":"M","description":"","duration":"0","type":"show","seasons":"[{\"seriesNumber\":1,\"id\":\"crid:~~2F~~2Fog.libertyglobal.com~~2F37500~~2FZ170496\"}]","icon":"https:\/\/staticqbr-nl-prod.prod.cdn.dmdsdp.com\/image-service\/ImagesEPG\/OndemandImages\/OBO\/GI\/crid~~3A~~2F~~2Fog.libertyglobal.com~~2F37500~~2FMORPHLE\/1083292bb3ef906b07c61fc3880da443.jpg","category":"","vidcollection":"","ord":"41","datum":"19700101"},"crid:~~2F~~2Fog.libertyglobal.com~~2F37500~~2FNEWLOONEYTUNES":{"id":"crid:~~2F~~2Fog.libertyglobal.com~~2F37500~~2FNEWLOONEYTUNES","title":"New Looney Tunes","first":"N","description":"","duration":"0","type":"show","seasons":"[{\"seriesNumber\":3,\"id\":\"crid:~~2F~~2Fog.libertyglobal.com~~2F37500~~2FZ163429\"}]","icon":"https:\/\/staticqbr-nl-prod.prod.cdn.dmdsdp.com\/image-service\/ImagesEPG\/OndemandImages\/OBO\/GI\/crid~~3A~~2F~~2Fog.libertyglobal.com~~2F37500~~2FNEWLOONEYTUNES\/0b96d421bc409051fba39d9f2d93df3c.jpg","category":"","vidcollection":"","ord":"42","datum":"19700101"},"crid:~~2F~~2Fog.libertyglobal.com~~2F37500~~2FNICKYRICKYDICKYDAWN":{"id":"crid:~~2F~~2Fog.libertyglobal.com~~2F37500~~2FNICKYRICKYDICKYDAWN","title":"Nicky, Ricky, Dicky & Dawn","first":"N","description":"","duration":"0","type":"show","seasons":"[{\"seriesNumber\":2,\"id\":\"crid:~~2F~~2Fog.libertyglobal.com~~2F37500~~2FZ174434\"}]","icon":"https:\/\/staticqbr-nl-prod.prod.cdn.dmdsdp.com\/image-service\/ImagesEPG\/OndemandImages\/OBO\/GI\/crid~~3A~~2F~~2Fog.libertyglobal.com~~2F37500~~2FNICKYRICKYDICKYDAWN\/ae662512c64a604ac57a6dd06080b496.jpg","category":"","vidcollection":"","ord":"43","datum":"19700101"},"crid:~~2F~~2Fog.libertyglobal.com~~2F37500~~2FOLLIESPACK":{"id":"crid:~~2F~~2Fog.libertyglobal.com~~2F37500~~2FOLLIESPACK","title":"Ollie's Pack","first":"O","description":"","duration":"0","type":"show","seasons":"[{\"seriesNumber\":1,\"id\":\"crid:~~2F~~2Fog.libertyglobal.com~~2F37500~~2FZ174758\"}]","icon":"https:\/\/staticqbr-nl-prod.prod.cdn.dmdsdp.com\/image-service\/ImagesEPG\/OndemandImages\/OBO\/GI\/crid~~3A~~2F~~2Fog.libertyglobal.com~~2F37500~~2FOLLIESPACK\/9c683d7be392c36a58d710402ce90456.jpg","category":"","vidcollection":"","ord":"44","datum":"19700101"},"crid:~~2F~~2Fog.libertyglobal.com~~2F37500~~2FPIETPIRAAT":{"id":"crid:~~2F~~2Fog.libertyglobal.com~~2F37500~~2FPIETPIRAAT","title":"Piet Piraat","first":"P","description":"","duration":"0","type":"show","seasons":"[{\"seriesNumber\":1,\"id\":\"crid:~~2F~~2Fog.libertyglobal.com~~2F37500~~2FZ104453SD\"}]","icon":"https:\/\/staticqbr-nl-prod.prod.cdn.dmdsdp.com\/image-service\/ImagesEPG\/OndemandImages\/OBO\/GI\/crid~~3A~~2F~~2Fog.libertyglobal.com~~2F37500~~2FPIETPIRAAT\/4a10cce9b3dd41b71fddde2e32433d7c.jpg","category":"","vidcollection":"","ord":"45","datum":"19700101"},"crid:~~2F~~2Fog.libertyglobal.com~~2F37500~~2FPIPPILANGKOUS":{"id":"crid:~~2F~~2Fog.libertyglobal.com~~2F37500~~2FPIPPILANGKOUS","title":"Pippi Langkous","first":"P","description":"Pippi Langkous is een klein, eigenwijs meisje. Ze woont in Villa Kakelbont samen met haar aapje meneer Nilsson en haar paard Witje. Pippi's moeder woont in de hemel en haar papa is een schatrijke, supersterke piratenkapitein!","duration":"0","type":"show","seasons":"[{\"seriesNumber\":1,\"id\":\"crid:~~2F~~2Fog.libertyglobal.com~~2F37500~~2FZ163006SD\"},{\"seriesNumber\":2,\"id\":\"crid:~~2F~~2Fog.libertyglobal.com~~2F37500~~2FZ163007SD\"},{\"seriesNumber\":3,\"id\":\"crid:~~2F~~2Fog.libertyglobal.com~~2F37500~~2FZ163008SD\"}]","icon":"https:\/\/staticqbr-nl-prod.prod.cdn.dmdsdp.com\/image-service\/ImagesEPG\/OndemandImages\/OBO\/GI\/crid~~3A~~2F~~2Fog.libertyglobal.com~~2F37500~~2FPIPPILANGKOUS\/1c5922ed96a85eb5c4d0f6e31c82f339.jpg","category":"","vidcollection":"","ord":"46","datum":"19700101"},"crid:~~2F~~2Fog.libertyglobal.com~~2F37500~~2FRAVELEIJN":{"id":"crid:~~2F~~2Fog.libertyglobal.com~~2F37500~~2FRAVELEIJN","title":"Raveleijn","first":"R","description":"Vlak bij hun nieuwe huis ontdekken kinderen een oude stadspoort. Aan de andere kant van de poort in het graafschap Ravenbosch staat hen een groot avontuur te wachten. Zal het ze lukken om de stad Raveleijn te redden?","duration":"0","type":"show","seasons":"[{\"seriesNumber\":1,\"id\":\"crid:~~2F~~2Fog.libertyglobal.com~~2F37500~~2FZ150703\"}]","icon":"https:\/\/staticqbr-nl-prod.prod.cdn.dmdsdp.com\/image-service\/ImagesEPG\/OndemandImages\/OBO\/GI\/crid~~3A~~2F~~2Fog.libertyglobal.com~~2F37500~~2FRAVELEIJN\/635eeaea72be6e2f680ec7caf724df5b.jpg","category":"Kinderen, Entertainment","vidcollection":"","ord":"47","datum":"19700101"},"crid:~~2F~~2Fog.libertyglobal.com~~2F37500~~2FROX":{"id":"crid:~~2F~~2Fog.libertyglobal.com~~2F37500~~2FROX","title":"ROX","first":"R","description":"In de serie ROX draait om drie superhelden, elk met hun eigen talenten, die samen met hun hoogtechnologische auto worden ingeschakeld om in het grootste geheim misdaden op te lossen.","duration":"0","type":"show","seasons":"[{\"seriesNumber\":1,\"id\":\"crid:~~2F~~2Fog.libertyglobal.com~~2F37500~~2FZ103463\"},{\"seriesNumber\":2,\"id\":\"crid:~~2F~~2Fog.libertyglobal.com~~2F37500~~2FZ103464\"},{\"seriesNumber\":3,\"id\":\"crid:~~2F~~2Fog.libertyglobal.com~~2F37500~~2FZ121373\"},{\"seriesNumber\":4,\"id\":\"crid:~~2F~~2Fog.libertyglobal.com~~2F37500~~2FZ148769\"}]","icon":"https:\/\/staticqbr-nl-prod.prod.cdn.dmdsdp.com\/image-service\/ImagesEPG\/OndemandImages\/OBO\/GI\/crid~~3A~~2F~~2Fog.libertyglobal.com~~2F37500~~2FROX\/b3b6c491e67e5730da1dcb15748b74b0.jpg","category":"","vidcollection":"","ord":"48","datum":"19700101"},"crid:~~2F~~2Fog.libertyglobal.com~~2F37500~~2FSPIDEYENZIJNGEWELDIGEVRIENDJES":{"id":"crid:~~2F~~2Fog.libertyglobal.com~~2F37500~~2FSPIDEYENZIJNGEWELDIGEVRIENDJES","title":"Spidey en Zijn Geweldige Vriendjes","first":"S","description":"Spidey, onze favoriete webslingeraar, werkt samen met Ghost-Spider en Miles Morales om het Spidey-team te vormen, met hulp van Spidey's komische, maar loyale Spider-bot, TRACE-E.","duration":"0","type":"show","seasons":"[{\"seriesNumber\":1,\"id\":\"crid:~~2F~~2Fog.libertyglobal.com~~2F37500~~2FZ173116\"}]","icon":"https:\/\/staticqbr-nl-prod.prod.cdn.dmdsdp.com\/image-service\/ImagesEPG\/OndemandImages\/OBO\/GI\/crid~~3A~~2F~~2Fog.libertyglobal.com~~2F37500~~2FSPIDEYENZIJNGEWELDIGEVRIENDJES\/e6795afbf6c572e0f3fbf91cf15cdacb.jpg","category":"Kinderen, Entertainment","vidcollection":"","ord":"49","datum":"19700101"},"crid:~~2F~~2Fog.libertyglobal.com~~2F37500~~2FSPROOKJESVANKLAASVAAK":{"id":"crid:~~2F~~2Fog.libertyglobal.com~~2F37500~~2FSPROOKJESVANKLAASVAAK","title":"Sprookjes van Klaas Vaak","first":"S","description":"Ken jij Klaas Vaak? Die vriendelijke, magische kabouter? Klokslag kinderbedtijd vliegt hij uit, samen met zijn trouwe uil Oehoe Houdou. Hij strooit zijn beroemde slaapzand over de daken en zorgt dat je de mooiste dromen droomt.","duration":"0","type":"show","seasons":"[{\"seriesNumber\":1,\"id\":\"crid:~~2F~~2Fog.libertyglobal.com~~2F37500~~2FZ141256SD\"}]","icon":"https:\/\/staticqbr-nl-prod.prod.cdn.dmdsdp.com\/image-service\/ImagesEPG\/OndemandImages\/OBO\/GI\/crid~~3A~~2F~~2Fog.libertyglobal.com~~2F37500~~2FSPROOKJESVANKLAASVAAK\/9914bbacdc06dc3ac11ff908986bb0f6.jpg","category":"Kinderen","vidcollection":"","ord":"50","datum":"19700101"},"crid:~~2F~~2Fog.libertyglobal.com~~2F37500~~2FSTEVENUNIVERSEFUTURE":{"id":"crid:~~2F~~2Fog.libertyglobal.com~~2F37500~~2FSTEVENUNIVERSEFUTURE","title":"Steven Universe Future","first":"S","description":"","duration":"0","type":"show","seasons":"[{\"seriesNumber\":1,\"id\":\"crid:~~2F~~2Fog.libertyglobal.com~~2F37500~~2FZ172708\"}]","icon":"https:\/\/staticqbr-nl-prod.prod.cdn.dmdsdp.com\/image-service\/ImagesEPG\/OndemandImages\/OBO\/GI\/crid~~3A~~2F~~2Fog.libertyglobal.com~~2F37500~~2FSTEVENUNIVERSEFUTURE\/898e42baa8fef3a176e16437a7acf72c.jpg","category":"","vidcollection":"","ord":"51","datum":"19700101"},"crid:~~2F~~2Fog.libertyglobal.com~~2F37500~~2FTOTS":{"id":"crid:~~2F~~2Fog.libertyglobal.com~~2F37500~~2FTOTS","title":"T.O.T.S.","first":"T","description":"Speciale bezorging! Pip en Freddy, de enige bezorgers bij T.O.T.S. die geen ooievaars zijn, zijn weer terug op het hoofdkwartier van T.O.T.S. om de schattigste babydieren bij hun families te bezorgen.","duration":"0","type":"show","seasons":"[{\"seriesNumber\":3,\"id\":\"crid:~~2F~~2Fog.libertyglobal.com~~2F37500~~2FZ175440\"}]","icon":"https:\/\/staticqbr-nl-prod.prod.cdn.dmdsdp.com\/image-service\/ImagesEPG\/OndemandImages\/OBO\/GI\/crid~~3A~~2F~~2Fog.libertyglobal.com~~2F37500~~2FTOTS\/b05c441f4c680194fe4b310f28b31eab.jpg","category":"Kinderen","vidcollection":"","ord":"52","datum":"19700101"},"crid:~~2F~~2Fog.libertyglobal.com~~2F37500~~2FTAFFY":{"id":"crid:~~2F~~2Fog.libertyglobal.com~~2F37500~~2FTAFFY","title":"Taffy","first":"T","description":"","duration":"0","type":"show","seasons":"[{\"seriesNumber\":2,\"id\":\"crid:~~2F~~2Fog.libertyglobal.com~~2F37500~~2FZ176530\"}]","icon":"https:\/\/staticqbr-nl-prod.prod.cdn.dmdsdp.com\/image-service\/ImagesEPG\/OndemandImages\/OBO\/GI\/crid~~3A~~2F~~2Fog.libertyglobal.com~~2F37500~~2FTAFFY\/cf56edac392101e3a5715ff10e6281d4.jpg","category":"","vidcollection":"","ord":"53","datum":"19700101"},"crid:~~2F~~2Fog.libertyglobal.com~~2F37500~~2FTIPDEMUIS":{"id":"crid:~~2F~~2Fog.libertyglobal.com~~2F37500~~2FTIPDEMUIS","title":"Tip de Muis","first":"T","description":"Tip de Muis is een lief klein muisje dat net als ieder kind allerlei dingen meemaakt. De belevenissen van Tip zijn heel herkenbaar voor peuters en kleuters. ","duration":"0","type":"show","seasons":"[{\"seriesNumber\":1,\"id\":\"crid:~~2F~~2Fog.libertyglobal.com~~2F37500~~2FZ147600\"},{\"seriesNumber\":2,\"id\":\"crid:~~2F~~2Fog.libertyglobal.com~~2F37500~~2FZ155067\"}]","icon":"https:\/\/staticqbr-nl-prod.prod.cdn.dmdsdp.com\/image-service\/ImagesEPG\/OndemandImages\/OBO\/GI\/crid~~3A~~2F~~2Fog.libertyglobal.com~~2F37500~~2FTIPDEMUIS\/31741e9a8d0407d0edc9bd7d76c705f2.jpg","category":"","vidcollection":"","ord":"54","datum":"19700101"},"crid:~~2F~~2Fog.libertyglobal.com~~2F37500~~2FTOMANDJERRYSHOWTHE":{"id":"crid:~~2F~~2Fog.libertyglobal.com~~2F37500~~2FTOMANDJERRYSHOWTHE","title":"Tom and Jerry Show, The","first":"T","description":"","duration":"0","type":"show","seasons":"[{\"seriesNumber\":2,\"id\":\"crid:~~2F~~2Fog.libertyglobal.com~~2F37500~~2FZ157856\"}]","icon":"https:\/\/staticqbr-nl-prod.prod.cdn.dmdsdp.com\/image-service\/ImagesEPG\/OndemandImages\/OBO\/GI\/crid~~3A~~2F~~2Fog.libertyglobal.com~~2F37500~~2FTOMANDJERRYSHOWTHE\/d6444631cb551e6b5e54143db1766b17.jpg","category":"","vidcollection":"","ord":"55","datum":"19700101"},"crid:~~2F~~2Fog.libertyglobal.com~~2F37500~~2FWEBABYBEARS":{"id":"crid:~~2F~~2Fog.libertyglobal.com~~2F37500~~2FWEBABYBEARS","title":"We Baby Bears","first":"W","description":"","duration":"0","type":"show","seasons":"[{\"seriesNumber\":1,\"id\":\"crid:~~2F~~2Fog.libertyglobal.com~~2F37500~~2FZ176814\"}]","icon":"https:\/\/staticqbr-nl-prod.prod.cdn.dmdsdp.com\/image-service\/ImagesEPG\/OndemandImages\/OBO\/GI\/crid~~3A~~2F~~2Fog.libertyglobal.com~~2F37500~~2FWEBABYBEARS\/0d0500eccca8fdbe3089d8109a33b980.jpg","category":"","vidcollection":"","ord":"56","datum":"19700101"}}