<programme channel="141429689" start="20221230225707 +0000" stop="20221231200224 +0000" catchup-id="1310226539"><title>TOP 2500</title><date></date><icon src="https://t-mobiletv.nl:443/CPS/images/universal/film/program/202212/20221218/46/20221218020045511paz.jpg"></icon><desc></desc><category></category></programme><programme channel="141429689" start="20221231200224 +0000" stop="20221231210000 +0000" catchup-id="1312565716"><title>Freakolympics</title><date></date><icon src="https://t-mobiletv.nl:443/CPS/images/universal/film/program/202212/20221224/65/20221224020105511a71.jpg"></icon><desc>Er zijn mensen die veel van muziek weten en er is Rob Stenders. Zijn grote voorliefde van jaren 60 en 70 muziek komt nu een uur lang voorbij in Freakolympics. Van Seals and Crofts tot The Five Man Electric Band en van The Stones tot Prince. Rob is ook de hele week te horen met zijn muziekkeuze op Radio Veronica</desc><category></category></programme><programme channel="141429689" start="20221231210000 +0000" stop="20221231225748 +0000" catchup-id="1315903844"><title>Geen programma-informatie beschikbaar</title><date></date><icon src="https://t-mobiletv.nl:443/CPS/images/universal/film/program/202301/20230101/18/20230101210130515zv5.jpg"></icon><desc></desc><category></category></programme><programme channel="141429689" start="20221231225748 +0000" stop="20221231230000 +0000" catchup-id="1312787666"><title>Happy Hour</title><date></date><icon src="https://t-mobiletv.nl:443/CPS/images/universal/film/program/202212/20221224/41/20221224090040519hck.jpg"></icon><desc>192TV wenst u een een gezegend en muzikaal 2023!</desc><category></category></programme><programme channel="141429689" start="20221231230000 +0000" stop="20230101040043 +0000" catchup-id="1312935877"><title>Happy New Year</title><date></date><icon src="https://t-mobiletv.nl:443/CPS/images/universal/film/program/202212/20221225/56/20221225020140519k3u.jpg"></icon><desc>192TV wenst u een een gezegend en muzikaal 2023!</desc><category></category></programme><programme channel="141429689" start="20230101040043 +0000" stop="20230101040455 +0000" catchup-id="1315456412"><title>Nachtklup</title><date></date><icon src="https://t-mobiletv.nl:443/CPS/images/universal/film/program/202212/20221231/11/20221231090119725qio.jpg"></icon><desc>De beste gouwe ouwe clips die 192TV in de aanbieding heeft om de nacht in te gaan. Beatles, Stones, Alice Cooper, Abba, Bee Gees, alleen de grootste hits komen voorbij! Gaan we slapen of zullen we toch even de volgende clip afwachten….</desc><category></category></programme><programme channel="141429689" start="20230101040455 +0000" stop="20230101040805 +0000" catchup-id="1315456418"><title>Kerst</title><date></date><icon src="https://t-mobiletv.nl:443/CPS/images/universal/film/program/202212/20221231/87/2022123109011972513a.jpg"></icon><desc>Merry Christmas! Fijne Kerstmis! Bon Pasku!</desc><category></category></programme><programme channel="141429689" start="20230101040805 +0000" stop="20230101043712 +0000" catchup-id="1315456424"><title>Nachtklup</title><date></date><icon src="https://t-mobiletv.nl:443/CPS/images/universal/film/program/202212/20221231/99/202212310901197256nv.jpg"></icon><desc>De beste gouwe ouwe clips die 192TV in de aanbieding heeft om de nacht in te gaan. Beatles, Stones, Alice Cooper, Abba, Bee Gees, alleen de grootste hits komen voorbij! Gaan we slapen of zullen we toch even de volgende clip afwachten….</desc><category></category></programme><programme channel="141429689" start="20230101043712 +0000" stop="20230101044056 +0000" catchup-id="1315458222"><title>Kerst</title><date></date><icon src="https://t-mobiletv.nl:443/CPS/images/universal/film/program/202212/20221231/53/20221231090119726scy.jpg"></icon><desc>Merry Christmas! Fijne Kerstmis! Bon Pasku!</desc><category></category></programme><programme channel="141429689" start="20230101044056 +0000" stop="20230101053014 +0000" catchup-id="1315458228"><title>Nachtklup</title><date></date><icon src="https://t-mobiletv.nl:443/CPS/images/universal/film/program/202212/20221231/7/20221231090119726lud.jpg"></icon><desc>De beste gouwe ouwe clips die 192TV in de aanbieding heeft om de nacht in te gaan. Beatles, Stones, Alice Cooper, Abba, Bee Gees, alleen de grootste hits komen voorbij! Gaan we slapen of zullen we toch even de volgende clip afwachten….</desc><category></category></programme><programme channel="141429689" start="20230101053014 +0000" stop="20230101053713 +0000" catchup-id="1315458234"><title>Kerst</title><date></date><icon src="https://t-mobiletv.nl:443/CPS/images/universal/film/program/202212/20221231/46/20221231090119726gk6.jpg"></icon><desc>Merry Christmas! Fijne Kerstmis! Bon Pasku!</desc><category></category></programme><programme channel="141429689" start="20230101053713 +0000" stop="20230101060029 +0000" catchup-id="1312935883"><title>Nachtklup</title><date></date><icon src="https://t-mobiletv.nl:443/CPS/images/universal/film/program/202212/20221225/25/2022122502014051983g.jpg"></icon><desc>De beste gouwe ouwe clips die 192TV in de aanbieding heeft om de nacht in te gaan. Beatles, Stones, Alice Cooper, Abba, Bee Gees, alleen de grootste hits komen voorbij! Gaan we slapen of zullen we toch even de volgende clip afwachten….</desc><category></category></programme><programme channel="141429689" start="20230101060029 +0000" stop="20230101080057 +0000" catchup-id="1312935889"><title>Ook goeiemorgen</title><date></date><icon src="https://t-mobiletv.nl:443/CPS/images/universal/film/program/202212/20221225/80/20221225020140519q6l.jpg"></icon><desc>De dag begint met de beste clips uit ons archief, van The Kinks tot Prince en van Phil Collins tot Cat Stevens, zo is het lekker wakker worden! Ook goeiemorgen!</desc><category></category></programme><programme channel="141429689" start="20230101080057 +0000" stop="20230101090036 +0000" catchup-id="1312935931"><title>Weekend Surprises</title><date></date><icon src="https://t-mobiletv.nl:443/CPS/images/universal/film/program/202212/20221225/99/20221225020140520pqb.jpg"></icon><desc>De leukste surprises voor op de zondag!</desc><category></category></programme><programme channel="141429689" start="20230101090036 +0000" stop="20230101110138 +0000" catchup-id="1312935937"><title>Koffietijd</title><date></date><icon src="https://t-mobiletv.nl:443/CPS/images/universal/film/program/202212/20221225/45/20221225020140520ovy.jpg"></icon><desc>Twee uur lang de leukste clips voor bij koffie. Van Abba tot E.L.O. en van Greenfield &amp; Cook tot The Moody Blues, het zijn weer twee lekkere uurtjes bij 192TV. Koffietijd!</desc><category></category></programme><programme channel="141429689" start="20230101110138 +0000" stop="20230101130249 +0000" catchup-id="1312935943"><title>Muziek bij de lunch</title><date></date><icon src="https://t-mobiletv.nl:443/CPS/images/universal/film/program/202212/20221225/57/20221225020140520vci.jpg"></icon><desc>Tijdens deze lunch kan echt alles voorbijkomen, van soul tot rock en van Nederlandstalig tot de beste Franse chansons. Twee uur lang de beste mix van grote hits en leuke clips, de leukste muziek bij je lunch!</desc><category></category></programme><programme channel="141429689" start="20230101130249 +0000" stop="20230101150154 +0000" catchup-id="1312935949"><title>Hits uit zee</title><date></date><icon src="https://t-mobiletv.nl:443/CPS/images/universal/film/program/202212/20221225/91/20221225020140520k4b.jpg"></icon><desc>De grootste hits uit de jaren 60, 70 en 80 komen voorbij in twee uur Hits uit zee. Je waant je weer terug in de ‘piratentijd’, Veronica, RNI, Caroline, allemaal draaiden ze de grote hits vanaf zee. Compleet met de originele jingles komen ze ook nu weer voorbij, van The Small Faces, Procol Harum en The Who, tot George Baker Selection, Shocking Blue en The Cats. Twee uur lang net doen of de hits weer van zee komen!</desc><category></category></programme><programme channel="141429689" start="20230101150154 +0000" stop="20230101170055 +0000" catchup-id="1312935955"><title>Met de benen op tafel</title><date></date><icon src="https://t-mobiletv.nl:443/CPS/images/universal/film/program/202212/20221225/63/20221225020140520hh3.jpg"></icon><desc>Een uur lang relaxen op deze zondagmiddag met de leukste clips. Ook specials van artiesten komen voorbij en nog veel meer waarvan 192TV denkt dat het wat extra aandacht verdient, het is tenslotte zondagmiddag, tijd voor de benen op tafel!</desc><category></category></programme><programme channel="141429689" start="20230101170055 +0000" stop="20230101180125 +0000" catchup-id="1312935961"><title>Jukebox</title><date></date><icon src="https://t-mobiletv.nl:443/CPS/images/universal/film/program/202212/20221225/7/20221225020140520etk.jpg"></icon><desc>De leukste clips tijdens het eten!</desc><category></category></programme><programme channel="141429689" start="20230101180125 +0000" stop="20230101190159 +0000" catchup-id="1312935967"><title>LX Classics</title><date></date><icon src="https://t-mobiletv.nl:443/CPS/images/universal/film/program/202212/20221225/80/20221225020140520lwh.jpg"></icon><desc>Een ieder kent Lex Harding, presentator van de Top 40 vanaf 1970 tot 1989 en ontdekker van menig hit die vandaag de dag klassieker genoemd mag worden. Nu een uur lang de keuze van Lex Harding in LX Classics, van Meat Loaf tot Skylark en van The Buoys tot Cream, alleen maar echt klassiekers dus. LX Classics is ook 24/7 te beluisteren als radiostation.</desc><category></category></programme><programme channel="141429689" start="20230101190159 +0000" stop="20230101200007 +0000" catchup-id="1312935973"><title>ABTT Non Stop</title><date></date><icon src="https://t-mobiletv.nl:443/CPS/images/universal/film/program/202212/20221225/6/20221225020140520sxy.jpg"></icon><desc>Al in 1965 kwam Ad Bouman als technicus bij Radio Veronica werken en in het programma van Willem van Kooten (Joost den Draaijer) lanceerde hij voor de eerste keer de ABTT (Adje Bouman Top 10). Toen Willem weg ging bij Veronica hield de ABTT er mee op, tot hij in de jaren 70 nieuw leven werd ingeblazen tijdens de LEXJO van Lex Harding. Ad Bouman, bijgenaamd De Meester (her)knipte ook diverse singles die daardoor draaibaar werden, de belangrijkste zijn Deep Purple’s “Child In Time”. In dit uur dus de keuze van de Meester zelf, gebaseerd op de vele jaren Top 10’s van AB op Radio Veronica, met clips van Deep Purple tot Paul Revere and the Raiders en van The Beatles tot Dusty Springfield.</desc><category></category></programme><programme channel="141429689" start="20230101200007 +0000" stop="20230101220046 +0000" catchup-id="1312935979"><title>Freakolympics</title><date></date><icon src="https://t-mobiletv.nl:443/CPS/images/universal/film/program/202212/20221225/7/20221225020140520wla.jpg"></icon><desc>Er zijn mensen die veel van muziek weten en er is Rob Stenders. Zijn grote voorliefde van jaren 60 en 70 muziek komt nu een uur lang voorbij in Freakolympics. Van Seals and Crofts tot The Five Man Electric Band en van The Stones tot Prince. Rob is ook de hele week te horen met zijn muziekkeuze op Radio Veronica</desc><category></category></programme><programme channel="141429689" start="20230101220046 +0000" stop="20230101230005 +0000" catchup-id="1312935991"><title>Nachtwacht</title><date></date><icon src="https://t-mobiletv.nl:443/CPS/images/universal/film/program/202212/20221225/74/20221225020140520qhj.jpg"></icon><desc>Een uur lang alleen de beste slows en ballads, van prachtige soulklassiekers van The Chi-Lites tot echte slijpers uit de jaren 60. Maar ook de jaren 80 komen aan bod, van Spandau Ballet tot Lionel Richie, het is nu een uur lang genieten van de rustige nummers uit het 192TV aanbod.</desc><category></category></programme><programme channel="141429689" start="20230101230005 +0000" stop="20230102050121 +0000" catchup-id="1312935997"><title>Nachtklup</title><date></date><icon src="https://t-mobiletv.nl:443/CPS/images/universal/film/program/202212/20221225/43/20221225020140520508.jpg"></icon><desc>De beste gouwe ouwe clips die 192TV in de aanbieding heeft om de nacht in te gaan. Beatles, Stones, Alice Cooper, Abba, Bee Gees, alleen de grootste hits komen voorbij! Gaan we slapen of zullen we toch even de volgende clip afwachten….</desc><category></category></programme><programme channel="141429689" start="20230102050121 +0000" stop="20230102080106 +0000" catchup-id="1313259161"><title>Ook goeiemorgen</title><date></date><icon src="https://t-mobiletv.nl:443/CPS/images/universal/film/program/202212/20221226/70/20221226020125537mc2.jpg"></icon><desc>De dag begint met de beste clips uit ons archief, van The Kinks tot Prince en van Phil Collins tot Cat Stevens, zo is het lekker wakker worden! Ook goeiemorgen!</desc><category></category></programme><programme channel="141429689" start="20230102080106 +0000" stop="20230102090015 +0000" catchup-id="1313259167"><title>Muziek terwijl u werkt</title><date></date><icon src="https://t-mobiletv.nl:443/CPS/images/universal/film/program/202212/20221226/50/20221226020125537ly2.jpg"></icon><desc>Of u nou aan het werk bent of de dag gewoon lekker rustig begint, dit uur komen de beste clips voorbij. Van The Four Tops tot Boney M en van Herman’s Hermits tot Adamo, zó wil je je werkdag beginnen.</desc><category></category></programme><programme channel="141429689" start="20230102090015 +0000" stop="20230102110229 +0000" catchup-id="1313259173"><title>Koffietijd</title><date></date><icon src="https://t-mobiletv.nl:443/CPS/images/universal/film/program/202212/20221226/51/20221226020125537ztf.jpg"></icon><desc>Twee uur lang de leukste clips voor bij koffie. Van Abba tot E.L.O. en van Greenfield &amp; Cook tot The Moody Blues, het zijn weer twee lekkere uurtjes bij 192TV. Koffietijd!</desc><category></category></programme><programme channel="141429689" start="20230102110229 +0000" stop="20230102130223 +0000" catchup-id="1313259179"><title>Muziek bij de lunch</title><date></date><icon src="https://t-mobiletv.nl:443/CPS/images/universal/film/program/202212/20221226/55/20221226020125537let.jpg"></icon><desc>Tijdens deze lunch kan echt alles voorbijkomen, van soul tot rock en van Nederlandstalig tot de beste Franse chansons. Twee uur lang de beste mix van grote hits en leuke clips, de leukste muziek bij je lunch!</desc><category></category></programme><programme channel="141429689" start="20230102130223 +0000" stop="20230102150253 +0000" catchup-id="1313259185"><title>Hits uit zee</title><date></date><icon src="https://t-mobiletv.nl:443/CPS/images/universal/film/program/202212/20221226/14/202212260201255375ly.jpg"></icon><desc>De grootste hits uit de jaren 60, 70 en 80 komen voorbij in twee uur Hits uit zee. Je waant je weer terug in de ‘piratentijd’, Veronica, RNI, Caroline, allemaal draaiden ze de grote hits vanaf zee. Compleet met de originele jingles komen ze ook nu weer voorbij, van The Small Faces, Procol Harum en The Who, tot George Baker Selection, Shocking Blue en The Cats. Twee uur lang net doen of de hits weer van zee komen!</desc><category></category></programme><programme channel="141429689" start="20230102150253 +0000" stop="20230102170330 +0000" catchup-id="1313259191"><title>Alle remmen los</title><date></date><icon src="https://t-mobiletv.nl:443/CPS/images/universal/film/program/202212/20221226/20/20221226020125537y24.jpg"></icon><desc>Tussen 4 en 6 uur de beste ‘drive time’ hits, echte popklassiekers die je graag aan zou zetten als je op weg naar huis zou zijn. Gelukkig ben je al thuis en kun je twee uur lang Sniff ’n The Tears, Carly Simon, Chris Rea, Rod Stewart, Dire Straits e.v.a. voorbij zien komen. De volumeknop kan omhoog!</desc><category></category></programme><programme channel="141429689" start="20230102170330 +0000" stop="20230102180049 +0000" catchup-id="1313259197"><title>Jukebox</title><date></date><icon src="https://t-mobiletv.nl:443/CPS/images/universal/film/program/202212/20221226/59/20221226020125537157.jpg"></icon><desc>De leukste clips tijdens het eten!</desc><category></category></programme><programme channel="141429689" start="20230102180049 +0000" stop="20230102190218 +0000" catchup-id="1313259203"><title>LX Classics</title><date></date><icon src="https://t-mobiletv.nl:443/CPS/images/universal/film/program/202212/20221226/15/2022122602012553747e.jpg"></icon><desc>Een ieder kent Lex Harding, presentator van de Top 40 vanaf 1970 tot 1989 en ontdekker van menig hit die vandaag de dag klassieker genoemd mag worden. Nu een uur lang de keuze van Lex Harding in LX Classics, van Meat Loaf tot Skylark en van The Buoys tot Cream, alleen maar echt klassiekers dus. LX Classics is ook 24/7 te beluisteren als radiostation.</desc><category></category></programme><programme channel="141429689" start="20230102190218 +0000" stop="20230102200000 +0000" catchup-id="1313259209"><title>ABTT Non Stop</title><date></date><icon src="https://t-mobiletv.nl:443/CPS/images/universal/film/program/202212/20221226/36/202212260201255373y6.jpg"></icon><desc>Al in 1965 kwam Ad Bouman als technicus bij Radio Veronica werken en in het programma van Willem van Kooten (Joost den Draaijer) lanceerde hij voor de eerste keer de ABTT (Adje Bouman Top 10). Toen Willem weg ging bij Veronica hield de ABTT er mee op, tot hij in de jaren 70 nieuw leven werd ingeblazen tijdens de LEXJO van Lex Harding. Ad Bouman, bijgenaamd De Meester (her)knipte ook diverse singles die daardoor draaibaar werden, de belangrijkste zijn Deep Purple’s “Child In Time”. In dit uur dus de keuze van de Meester zelf, gebaseerd op de vele jaren Top 10’s van AB op Radio Veronica, met clips van Deep Purple tot Paul Revere and the Raiders en van The Beatles tot Dusty Springfield.</desc><category></category></programme><programme channel="141429689" start="20230102200000 +0000" stop="20230102210158 +0000" catchup-id="1313259215"><title>Freakolympics</title><date></date><icon src="https://t-mobiletv.nl:443/CPS/images/universal/film/program/202212/20221226/75/20221226020125537hj3.jpg"></icon><desc>Er zijn mensen die veel van muziek weten en er is Rob Stenders. Zijn grote voorliefde van jaren 60 en 70 muziek komt nu een uur lang voorbij in Freakolympics. Van Seals and Crofts tot The Five Man Electric Band en van The Stones tot Prince. Rob is ook de hele week te horen met zijn muziekkeuze op Radio Veronica</desc><category></category></programme><programme channel="141429689" start="20230102210158 +0000" stop="20230102220106 +0000" catchup-id="1313259221"><title>Herinnert u zich deze nog</title><date></date><icon src="https://t-mobiletv.nl:443/CPS/images/universal/film/program/202212/20221226/3/202212260201255374yo.jpg"></icon><desc>De leukste eendagsvliegen, de echte middle of the road Top 40 singles zoals Bert van Breda ze vroeger al uitbracht op cd en dvd met zijn platenlabel BR Music. Naast de eendagsvliegen nu een uur lang artiesten als The Tremeloes, Dave Dee, Dozy, Beaky, Mick &amp; Tich, Joe Dolan, The Bee Gees, The Hollies en natuurlijk Demis Roussos!</desc><category></category></programme><programme channel="141429689" start="20230102220106 +0000" stop="20230102230245 +0000" catchup-id="1313259227"><title>Nachtwacht</title><date></date><icon src="https://t-mobiletv.nl:443/CPS/images/universal/film/program/202212/20221226/79/202212260201255379qr.jpg"></icon><desc>Een uur lang alleen de beste slows en ballads, van prachtige soulklassiekers van The Chi-Lites tot echte slijpers uit de jaren 60. Maar ook de jaren 80 komen aan bod, van Spandau Ballet tot Lionel Richie, het is nu een uur lang genieten van de rustige nummers uit het 192TV aanbod.</desc><category></category></programme><programme channel="141429689" start="20230102230245 +0000" stop="20230103050030 +0000" catchup-id="1313259233"><title>Nachtklup</title><date></date><icon src="https://t-mobiletv.nl:443/CPS/images/universal/film/program/202212/20221226/26/202212260201255386d4.jpg"></icon><desc>De beste gouwe ouwe clips die 192TV in de aanbieding heeft om de nacht in te gaan. Beatles, Stones, Alice Cooper, Abba, Bee Gees, alleen de grootste hits komen voorbij! Gaan we slapen of zullen we toch even de volgende clip afwachten….</desc><category></category></programme><programme channel="141429689" start="20230103050030 +0000" stop="20230103080019 +0000" catchup-id="1313572052"><title>Ook goeiemorgen</title><date></date><icon src="https://t-mobiletv.nl:443/CPS/images/universal/film/program/202212/20221227/98/202212270200597047rg.jpg"></icon><desc>De dag begint met de beste clips uit ons archief, van The Kinks tot Prince en van Phil Collins tot Cat Stevens, zo is het lekker wakker worden! Ook goeiemorgen!</desc><category></category></programme><programme channel="141429689" start="20230103080019 +0000" stop="20230103090242 +0000" catchup-id="1313572058"><title>Muziek terwijl u werkt</title><date></date><icon src="https://t-mobiletv.nl:443/CPS/images/universal/film/program/202212/20221227/74/202212270200597043nz.jpg"></icon><desc>Of u nou aan het werk bent of de dag gewoon lekker rustig begint, dit uur komen de beste clips voorbij. Van The Four Tops tot Boney M en van Herman’s Hermits tot Adamo, zó wil je je werkdag beginnen.</desc><category></category></programme><programme channel="141429689" start="20230103090242 +0000" stop="20230103110025 +0000" catchup-id="1313572064"><title>Koffietijd</title><date></date><icon src="https://t-mobiletv.nl:443/CPS/images/universal/film/program/202212/20221227/11/20221227020059705fdh.jpg"></icon><desc>Twee uur lang de leukste clips voor bij koffie. Van Abba tot E.L.O. en van Greenfield &amp; Cook tot The Moody Blues, het zijn weer twee lekkere uurtjes bij 192TV. Koffietijd!</desc><category></category></programme><programme channel="141429689" start="20230103110025 +0000" stop="20230103130417 +0000" catchup-id="1313572070"><title>Muziek bij de lunch</title><date></date><icon src="https://t-mobiletv.nl:443/CPS/images/universal/film/program/202212/20221227/16/20221227020059705msy.jpg"></icon><desc>Tijdens deze lunch kan echt alles voorbijkomen, van soul tot rock en van Nederlandstalig tot de beste Franse chansons. Twee uur lang de beste mix van grote hits en leuke clips, de leukste muziek bij je lunch!</desc><category></category></programme><programme channel="141429689" start="20230103130417 +0000" stop="20230103150224 +0000" catchup-id="1313574124"><title>Hits uit zee</title><date></date><icon src="https://t-mobiletv.nl:443/CPS/images/universal/film/program/202212/20221227/21/20221227020059705lec.jpg"></icon><desc>De grootste hits uit de jaren 60, 70 en 80 komen voorbij in twee uur Hits uit zee. Je waant je weer terug in de ‘piratentijd’, Veronica, RNI, Caroline, allemaal draaiden ze de grote hits vanaf zee. Compleet met de originele jingles komen ze ook nu weer voorbij, van The Small Faces, Procol Harum en The Who, tot George Baker Selection, Shocking Blue en The Cats. Twee uur lang net doen of de hits weer van zee komen!</desc><category></category></programme><programme channel="141429689" start="20230103150224 +0000" stop="20230103170456 +0000" catchup-id="1313574130"><title>Alle remmen los</title><date></date><icon src="https://t-mobiletv.nl:443/CPS/images/universal/film/program/202212/20221227/83/20221227020059705o6u.jpg"></icon><desc>Tussen 4 en 6 uur de beste ‘drive time’ hits, echte popklassiekers die je graag aan zou zetten als je op weg naar huis zou zijn. Gelukkig ben je al thuis en kun je twee uur lang Sniff ’n The Tears, Carly Simon, Chris Rea, Rod Stewart, Dire Straits e.v.a. voorbij zien komen. De volumeknop kan omhoog!</desc><category></category></programme><programme channel="141429689" start="20230103170456 +0000" stop="20230103180114 +0000" catchup-id="1313574136"><title>Jukebox</title><date></date><icon src="https://t-mobiletv.nl:443/CPS/images/universal/film/program/202212/20221227/37/20221227020059705llp.jpg"></icon><desc>De leukste clips tijdens het eten!</desc><category></category></programme><programme channel="141429689" start="20230103180114 +0000" stop="20230103190134 +0000" catchup-id="1313574142"><title>LX Classics</title><date></date><icon src="https://t-mobiletv.nl:443/CPS/images/universal/film/program/202212/20221227/36/20221227020059705lwj.jpg"></icon><desc>Een ieder kent Lex Harding, presentator van de Top 40 vanaf 1970 tot 1989 en ontdekker van menig hit die vandaag de dag klassieker genoemd mag worden. Nu een uur lang de keuze van Lex Harding in LX Classics, van Meat Loaf tot Skylark en van The Buoys tot Cream, alleen maar echt klassiekers dus. LX Classics is ook 24/7 te beluisteren als radiostation.</desc><category></category></programme><programme channel="141429689" start="20230103190134 +0000" stop="20230103200216 +0000" catchup-id="1313574148"><title>ABTT Non Stop</title><date></date><icon src="https://t-mobiletv.nl:443/CPS/images/universal/film/program/202212/20221227/55/20221227020059705bhe.jpg"></icon><desc>Al in 1965 kwam Ad Bouman als technicus bij Radio Veronica werken en in het programma van Willem van Kooten (Joost den Draaijer) lanceerde hij voor de eerste keer de ABTT (Adje Bouman Top 10). Toen Willem weg ging bij Veronica hield de ABTT er mee op, tot hij in de jaren 70 nieuw leven werd ingeblazen tijdens de LEXJO van Lex Harding. Ad Bouman, bijgenaamd De Meester (her)knipte ook diverse singles die daardoor draaibaar werden, de belangrijkste zijn Deep Purple’s “Child In Time”. In dit uur dus de keuze van de Meester zelf, gebaseerd op de vele jaren Top 10’s van AB op Radio Veronica, met clips van Deep Purple tot Paul Revere and the Raiders en van The Beatles tot Dusty Springfield.</desc><category></category></programme><programme channel="141429689" start="20230103200216 +0000" stop="20230103210040 +0000" catchup-id="1313574154"><title>Freakolympics</title><date></date><icon src="https://t-mobiletv.nl:443/CPS/images/universal/film/program/202212/20221227/99/20221227020059705a9y.jpg"></icon><desc>Er zijn mensen die veel van muziek weten en er is Rob Stenders. Zijn grote voorliefde van jaren 60 en 70 muziek komt nu een uur lang voorbij in Freakolympics. Van Seals and Crofts tot The Five Man Electric Band en van The Stones tot Prince. Rob is ook de hele week te horen met zijn muziekkeuze op Radio Veronica</desc><category></category></programme><programme channel="141429689" start="20230103210040 +0000" stop="20230103220123 +0000" catchup-id="1313574160"><title>Herinnert u zich deze nog</title><date></date><icon src="https://t-mobiletv.nl:443/CPS/images/universal/film/program/202212/20221227/27/20221227020059705ys9.jpg"></icon><desc>De leukste eendagsvliegen, de echte middle of the road Top 40 singles zoals Bert van Breda ze vroeger al uitbracht op cd en dvd met zijn platenlabel BR Music. Naast de eendagsvliegen nu een uur lang artiesten als The Tremeloes, Dave Dee, Dozy, Beaky, Mick &amp; Tich, Joe Dolan, The Bee Gees, The Hollies en natuurlijk Demis Roussos!</desc><category></category></programme><programme channel="141429689" start="20230103220123 +0000" stop="20230103230044 +0000" catchup-id="1313574166"><title>Nachtwacht</title><date></date><icon src="https://t-mobiletv.nl:443/CPS/images/universal/film/program/202212/20221227/17/20221227020059705qhi.jpg"></icon><desc>Een uur lang alleen de beste slows en ballads, van prachtige soulklassiekers van The Chi-Lites tot echte slijpers uit de jaren 60. Maar ook de jaren 80 komen aan bod, van Spandau Ballet tot Lionel Richie, het is nu een uur lang genieten van de rustige nummers uit het 192TV aanbod.</desc><category></category></programme><programme channel="141429689" start="20230103230044 +0000" stop="20230104050149 +0000" catchup-id="1313574172"><title>Nachtklup</title><date></date><icon src="https://t-mobiletv.nl:443/CPS/images/universal/film/program/202212/20221227/54/20221227020059705h71.jpg"></icon><desc>De beste gouwe ouwe clips die 192TV in de aanbieding heeft om de nacht in te gaan. Beatles, Stones, Alice Cooper, Abba, Bee Gees, alleen de grootste hits komen voorbij! Gaan we slapen of zullen we toch even de volgende clip afwachten….</desc><category></category></programme><programme channel="141429689" start="20230104050149 +0000" stop="20230104080247 +0000" catchup-id="1313940494"><title>Ook goeiemorgen</title><date></date><icon src="https://t-mobiletv.nl:443/CPS/images/universal/film/program/202212/20221228/16/202212280200455165nv.jpg"></icon><desc>De dag begint met de beste clips uit ons archief, van The Kinks tot Prince en van Phil Collins tot Cat Stevens, zo is het lekker wakker worden! Ook goeiemorgen!</desc><category></category></programme><programme channel="141429689" start="20230104080247 +0000" stop="20230104090219 +0000" catchup-id="1313940512"><title>Muziek terwijl u werkt</title><date></date><icon src="https://t-mobiletv.nl:443/CPS/images/universal/film/program/202212/20221228/21/20221228020045516cnv.jpg"></icon><desc>Of u nou aan het werk bent of de dag gewoon lekker rustig begint, dit uur komen de beste clips voorbij. Van The Four Tops tot Boney M en van Herman’s Hermits tot Adamo, zó wil je je werkdag beginnen.</desc><category></category></programme><programme channel="141429689" start="20230104090219 +0000" stop="20230104110133 +0000" catchup-id="1313941182"><title>Koffietijd</title><date></date><icon src="https://t-mobiletv.nl:443/CPS/images/universal/film/program/202212/20221228/99/202212280200455166tu.jpg"></icon><desc>Twee uur lang de leukste clips voor bij koffie. Van Abba tot E.L.O. en van Greenfield &amp; Cook tot The Moody Blues, het zijn weer twee lekkere uurtjes bij 192TV. Koffietijd!</desc><category></category></programme><programme channel="141429689" start="20230104110133 +0000" stop="20230104130329 +0000" catchup-id="1313941188"><title>Muziek bij de lunch</title><date></date><icon src="https://t-mobiletv.nl:443/CPS/images/universal/film/program/202212/20221228/80/202212280200455163mb.jpg"></icon><desc>Tijdens deze lunch kan echt alles voorbijkomen, van soul tot rock en van Nederlandstalig tot de beste Franse chansons. Twee uur lang de beste mix van grote hits en leuke clips, de leukste muziek bij je lunch!</desc><category></category></programme><programme channel="141429689" start="20230104130329 +0000" stop="20230104150211 +0000" catchup-id="1313941194"><title>Hits uit zee</title><date></date><icon src="https://t-mobiletv.nl:443/CPS/images/universal/film/program/202212/20221228/21/20221228020045516axh.jpg"></icon><desc>De grootste hits uit de jaren 60, 70 en 80 komen voorbij in twee uur Hits uit zee. Je waant je weer terug in de ‘piratentijd’, Veronica, RNI, Caroline, allemaal draaiden ze de grote hits vanaf zee. Compleet met de originele jingles komen ze ook nu weer voorbij, van The Small Faces, Procol Harum en The Who, tot George Baker Selection, Shocking Blue en The Cats. Twee uur lang net doen of de hits weer van zee komen!</desc><category></category></programme><programme channel="141429689" start="20230104150211 +0000" stop="20230104170120 +0000" catchup-id="1313941200"><title>Alle remmen los</title><date></date><icon src="https://t-mobiletv.nl:443/CPS/images/universal/film/program/202212/20221228/11/20221228020045516jt6.jpg"></icon><desc>Tussen 4 en 6 uur de beste ‘drive time’ hits, echte popklassiekers die je graag aan zou zetten als je op weg naar huis zou zijn. Gelukkig ben je al thuis en kun je twee uur lang Sniff ’n The Tears, Carly Simon, Chris Rea, Rod Stewart, Dire Straits e.v.a. voorbij zien komen. De volumeknop kan omhoog!</desc><category></category></programme><programme channel="141429689" start="20230104170120 +0000" stop="20230104180254 +0000" catchup-id="1313941206"><title>Jukebox</title><date></date><icon src="https://t-mobiletv.nl:443/CPS/images/universal/film/program/202212/20221228/63/20221228020045516r8l.jpg"></icon><desc>De leukste clips tijdens het eten!</desc><category></category></programme><programme channel="141429689" start="20230104180254 +0000" stop="20230104190323 +0000" catchup-id="1313941212"><title>LX Classics</title><date></date><icon src="https://t-mobiletv.nl:443/CPS/images/universal/film/program/202212/20221228/25/202212280200455162vo.jpg"></icon><desc>Een ieder kent Lex Harding, presentator van de Top 40 vanaf 1970 tot 1989 en ontdekker van menig hit die vandaag de dag klassieker genoemd mag worden. Nu een uur lang de keuze van Lex Harding in LX Classics, van Meat Loaf tot Skylark en van The Buoys tot Cream, alleen maar echt klassiekers dus. LX Classics is ook 24/7 te beluisteren als radiostation.</desc><category></category></programme><programme channel="141429689" start="20230104190323 +0000" stop="20230104200342 +0000" catchup-id="1313941218"><title>ABTT Non Stop</title><date></date><icon src="https://t-mobiletv.nl:443/CPS/images/universal/film/program/202212/20221228/61/20221228020045516nqq.jpg"></icon><desc>Al in 1965 kwam Ad Bouman als technicus bij Radio Veronica werken en in het programma van Willem van Kooten (Joost den Draaijer) lanceerde hij voor de eerste keer de ABTT (Adje Bouman Top 10). Toen Willem weg ging bij Veronica hield de ABTT er mee op, tot hij in de jaren 70 nieuw leven werd ingeblazen tijdens de LEXJO van Lex Harding. Ad Bouman, bijgenaamd De Meester (her)knipte ook diverse singles die daardoor draaibaar werden, de belangrijkste zijn Deep Purple’s “Child In Time”. In dit uur dus de keuze van de Meester zelf, gebaseerd op de vele jaren Top 10’s van AB op Radio Veronica, met clips van Deep Purple tot Paul Revere and the Raiders en van The Beatles tot Dusty Springfield.</desc><category></category></programme><programme channel="141429689" start="20230104200342 +0000" stop="20230104210108 +0000" catchup-id="1313941224"><title>Freakolympics</title><date></date><icon src="https://t-mobiletv.nl:443/CPS/images/universal/film/program/202212/20221228/82/20221228020045516bkr.jpg"></icon><desc>Er zijn mensen die veel van muziek weten en er is Rob Stenders. Zijn grote voorliefde van jaren 60 en 70 muziek komt nu een uur lang voorbij in Freakolympics. Van Seals and Crofts tot The Five Man Electric Band en van The Stones tot Prince. Rob is ook de hele week te horen met zijn muziekkeuze op Radio Veronica</desc><category></category></programme><programme channel="141429689" start="20230104210108 +0000" stop="20230104220211 +0000" catchup-id="1313941230"><title>Herinnert u zich deze nog</title><date></date><icon src="https://t-mobiletv.nl:443/CPS/images/universal/film/program/202212/20221228/58/202212280200455169rn.jpg"></icon><desc>De leukste eendagsvliegen, de echte middle of the road Top 40 singles zoals Bert van Breda ze vroeger al uitbracht op cd en dvd met zijn platenlabel BR Music. Naast de eendagsvliegen nu een uur lang artiesten als The Tremeloes, Dave Dee, Dozy, Beaky, Mick &amp; Tich, Joe Dolan, The Bee Gees, The Hollies en natuurlijk Demis Roussos!</desc><category></category></programme><programme channel="141429689" start="20230104220211 +0000" stop="20230104230204 +0000" catchup-id="1313941236"><title>Nachtwacht</title><date></date><icon src="https://t-mobiletv.nl:443/CPS/images/universal/film/program/202212/20221228/25/20221228020045517ixs.jpg"></icon><desc>Een uur lang alleen de beste slows en ballads, van prachtige soulklassiekers van The Chi-Lites tot echte slijpers uit de jaren 60. Maar ook de jaren 80 komen aan bod, van Spandau Ballet tot Lionel Richie, het is nu een uur lang genieten van de rustige nummers uit het 192TV aanbod.</desc><category></category></programme><programme channel="141429689" start="20230104230204 +0000" stop="20230105050208 +0000" catchup-id="1314382566"><title>Nachtklup</title><date></date><icon src="https://t-mobiletv.nl:443/CPS/images/universal/film/program/202212/20221229/58/2022122902011970557b.jpg"></icon><desc>De beste gouwe ouwe clips die 192TV in de aanbieding heeft om de nacht in te gaan. Beatles, Stones, Alice Cooper, Abba, Bee Gees, alleen de grootste hits komen voorbij! Gaan we slapen of zullen we toch even de volgende clip afwachten….</desc><category></category></programme><programme channel="141429689" start="20230105050208 +0000" stop="20230105080040 +0000" catchup-id="1314382572"><title>Ook goeiemorgen</title><date></date><icon src="https://t-mobiletv.nl:443/CPS/images/universal/film/program/202212/20221229/47/20221229020119705rm7.jpg"></icon><desc>De dag begint met de beste clips uit ons archief, van The Kinks tot Prince en van Phil Collins tot Cat Stevens, zo is het lekker wakker worden! Ook goeiemorgen!</desc><category></category></programme><programme channel="141429689" start="20230105080040 +0000" stop="20230105090234 +0000" catchup-id="1314382578"><title>Muziek terwijl u werkt</title><date></date><icon src="https://t-mobiletv.nl:443/CPS/images/universal/film/program/202212/20221229/50/20221229020119705ojb.jpg"></icon><desc>Of u nou aan het werk bent of de dag gewoon lekker rustig begint, dit uur komen de beste clips voorbij. Van The Four Tops tot Boney M en van Herman’s Hermits tot Adamo, zó wil je je werkdag beginnen.</desc><category></category></programme><programme channel="141429689" start="20230105090234 +0000" stop="20230105110240 +0000" catchup-id="1314382584"><title>Koffietijd</title><date></date><icon src="https://t-mobiletv.nl:443/CPS/images/universal/film/program/202212/20221229/86/20221229020119705dwq.jpg"></icon><desc>Twee uur lang de leukste clips voor bij koffie. Van Abba tot E.L.O. en van Greenfield &amp; Cook tot The Moody Blues, het zijn weer twee lekkere uurtjes bij 192TV. Koffietijd!</desc><category></category></programme><programme channel="141429689" start="20230105110240 +0000" stop="20230105130450 +0000" catchup-id="1314382590"><title>Muziek bij de lunch</title><date></date><icon src="https://t-mobiletv.nl:443/CPS/images/universal/film/program/202212/20221229/57/20221229020119705o8v.jpg"></icon><desc>Tijdens deze lunch kan echt alles voorbijkomen, van soul tot rock en van Nederlandstalig tot de beste Franse chansons. Twee uur lang de beste mix van grote hits en leuke clips, de leukste muziek bij je lunch!</desc><category></category></programme><programme channel="141429689" start="20230105130450 +0000" stop="20230105150146 +0000" catchup-id="1314382596"><title>Hits uit zee</title><date></date><icon src="https://t-mobiletv.nl:443/CPS/images/universal/film/program/202212/20221229/54/20221229020119705tvi.jpg"></icon><desc>De grootste hits uit de jaren 60, 70 en 80 komen voorbij in twee uur Hits uit zee. Je waant je weer terug in de ‘piratentijd’, Veronica, RNI, Caroline, allemaal draaiden ze de grote hits vanaf zee. Compleet met de originele jingles komen ze ook nu weer voorbij, van The Small Faces, Procol Harum en The Who, tot George Baker Selection, Shocking Blue en The Cats. Twee uur lang net doen of de hits weer van zee komen!</desc><category></category></programme><programme channel="141429689" start="20230105150146 +0000" stop="20230105170038 +0000" catchup-id="1314382602"><title>Alle remmen los</title><date></date><icon src="https://t-mobiletv.nl:443/CPS/images/universal/film/program/202212/20221229/52/20221229020119705bjj.jpg"></icon><desc>Tussen 4 en 6 uur de beste ‘drive time’ hits, echte popklassiekers die je graag aan zou zetten als je op weg naar huis zou zijn. Gelukkig ben je al thuis en kun je twee uur lang Sniff ’n The Tears, Carly Simon, Chris Rea, Rod Stewart, Dire Straits e.v.a. voorbij zien komen. De volumeknop kan omhoog!</desc><category></category></programme><programme channel="141429689" start="20230105170038 +0000" stop="20230105180156 +0000" catchup-id="1314382608"><title>Jukebox</title><date></date><icon src="https://t-mobiletv.nl:443/CPS/images/universal/film/program/202212/20221229/98/20221229020119706zy4.jpg"></icon><desc>De leukste clips tijdens het eten!</desc><category></category></programme><programme channel="141429689" start="20230105180156 +0000" stop="20230105190237 +0000" catchup-id="1314382614"><title>LX Classics</title><date></date><icon src="https://t-mobiletv.nl:443/CPS/images/universal/film/program/202212/20221229/8/20221229020119706q3s.jpg"></icon><desc>Een ieder kent Lex Harding, presentator van de Top 40 vanaf 1970 tot 1989 en ontdekker van menig hit die vandaag de dag klassieker genoemd mag worden. Nu een uur lang de keuze van Lex Harding in LX Classics, van Meat Loaf tot Skylark en van The Buoys tot Cream, alleen maar echt klassiekers dus. LX Classics is ook 24/7 te beluisteren als radiostation.</desc><category></category></programme><programme channel="141429689" start="20230105190237 +0000" stop="20230105200123 +0000" catchup-id="1314382620"><title>ABTT Non Stop</title><date></date><icon src="https://t-mobiletv.nl:443/CPS/images/universal/film/program/202212/20221229/4/20221229020119706hew.jpg"></icon><desc>Al in 1965 kwam Ad Bouman als technicus bij Radio Veronica werken en in het programma van Willem van Kooten (Joost den Draaijer) lanceerde hij voor de eerste keer de ABTT (Adje Bouman Top 10). Toen Willem weg ging bij Veronica hield de ABTT er mee op, tot hij in de jaren 70 nieuw leven werd ingeblazen tijdens de LEXJO van Lex Harding. Ad Bouman, bijgenaamd De Meester (her)knipte ook diverse singles die daardoor draaibaar werden, de belangrijkste zijn Deep Purple’s “Child In Time”. In dit uur dus de keuze van de Meester zelf, gebaseerd op de vele jaren Top 10’s van AB op Radio Veronica, met clips van Deep Purple tot Paul Revere and the Raiders en van The Beatles tot Dusty Springfield.</desc><category></category></programme><programme channel="141429689" start="20230105200123 +0000" stop="20230105210022 +0000" catchup-id="1314382626"><title>Freakolympics</title><date></date><icon src="https://t-mobiletv.nl:443/CPS/images/universal/film/program/202212/20221229/98/202212290201197060xw.jpg"></icon><desc>Er zijn mensen die veel van muziek weten en er is Rob Stenders. Zijn grote voorliefde van jaren 60 en 70 muziek komt nu een uur lang voorbij in Freakolympics. Van Seals and Crofts tot The Five Man Electric Band en van The Stones tot Prince. Rob is ook de hele week te horen met zijn muziekkeuze op Radio Veronica</desc><category></category></programme><programme channel="141429689" start="20230105210022 +0000" stop="20230105220211 +0000" catchup-id="1314382632"><title>Herinnert u zich deze nog</title><date></date><icon src="https://t-mobiletv.nl:443/CPS/images/universal/film/program/202212/20221229/0/20221229020119706sol.jpg"></icon><desc>De leukste eendagsvliegen, de echte middle of the road Top 40 singles zoals Bert van Breda ze vroeger al uitbracht op cd en dvd met zijn platenlabel BR Music. Naast de eendagsvliegen nu een uur lang artiesten als The Tremeloes, Dave Dee, Dozy, Beaky, Mick &amp; Tich, Joe Dolan, The Bee Gees, The Hollies en natuurlijk Demis Roussos!</desc><category></category></programme><programme channel="141429689" start="20230105220211 +0000" stop="20230105230223 +0000" catchup-id="1314382638"><title>Nachtwacht</title><date></date><icon src="https://t-mobiletv.nl:443/CPS/images/universal/film/program/202212/20221229/58/20221229020119706cq5.jpg"></icon><desc>Een uur lang alleen de beste slows en ballads, van prachtige soulklassiekers van The Chi-Lites tot echte slijpers uit de jaren 60. Maar ook de jaren 80 komen aan bod, van Spandau Ballet tot Lionel Richie, het is nu een uur lang genieten van de rustige nummers uit het 192TV aanbod.</desc><category></category></programme><programme channel="141429689" start="20230105230223 +0000" stop="20230106050317 +0000" catchup-id="1314382644"><title>Nachtklup</title><date></date><icon src="https://t-mobiletv.nl:443/CPS/images/universal/film/program/202212/20221229/79/20221229020119706tbd.jpg"></icon><desc>De beste gouwe ouwe clips die 192TV in de aanbieding heeft om de nacht in te gaan. Beatles, Stones, Alice Cooper, Abba, Bee Gees, alleen de grootste hits komen voorbij! Gaan we slapen of zullen we toch even de volgende clip afwachten….</desc><category></category></programme><programme channel="141429689" start="20230106050317 +0000" stop="20230106080041 +0000" catchup-id="1315245308"><title>Ook goeiemorgen</title><date></date><icon src="https://t-mobiletv.nl:443/CPS/images/universal/film/program/202212/20221231/98/20221231020134744bz3.jpg"></icon><desc>De dag begint met de beste clips uit ons archief, van The Kinks tot Prince en van Phil Collins tot Cat Stevens, zo is het lekker wakker worden! Ook goeiemorgen!</desc><category></category></programme><programme channel="141429689" start="20230106080041 +0000" stop="20230106090059 +0000" catchup-id="1314857176"><title>Muziek terwijl u werkt</title><date></date><icon src="https://t-mobiletv.nl:443/CPS/images/universal/film/program/202212/20221230/69/20221230020149703wnl.jpg"></icon><desc>Of u nou aan het werk bent of de dag gewoon lekker rustig begint, dit uur komen de beste clips voorbij. Van The Four Tops tot Boney M en van Herman’s Hermits tot Adamo, zó wil je je werkdag beginnen.</desc><category></category></programme><programme channel="141429689" start="20230106090059 +0000" stop="20230106110225 +0000" catchup-id="1314857182"><title>Koffietijd</title><date></date><icon src="https://t-mobiletv.nl:443/CPS/images/universal/film/program/202212/20221230/15/20221230020149704sqm.jpg"></icon><desc>Twee uur lang de leukste clips voor bij koffie. Van Abba tot E.L.O. en van Greenfield &amp; Cook tot The Moody Blues, het zijn weer twee lekkere uurtjes bij 192TV. Koffietijd!</desc><category></category></programme><programme channel="141429689" start="20230106110225 +0000" stop="20230106130255 +0000" catchup-id="1314857188"><title>Muziek bij de lunch</title><date></date><icon src="https://t-mobiletv.nl:443/CPS/images/universal/film/program/202212/20221230/38/202212300201497041zk.jpg"></icon><desc>Tijdens deze lunch kan echt alles voorbijkomen, van soul tot rock en van Nederlandstalig tot de beste Franse chansons. Twee uur lang de beste mix van grote hits en leuke clips, de leukste muziek bij je lunch!</desc><category></category></programme><programme channel="141429689" start="20230106130255 +0000" stop="20230106150200 +0000" catchup-id="1314857450"><title>Hits uit zee</title><date></date><icon src="https://t-mobiletv.nl:443/CPS/images/universal/film/program/202212/20221230/53/20221230020149704gyp.jpg"></icon><desc>De grootste hits uit de jaren 60, 70 en 80 komen voorbij in twee uur Hits uit zee. Je waant je weer terug in de ‘piratentijd’, Veronica, RNI, Caroline, allemaal draaiden ze de grote hits vanaf zee. Compleet met de originele jingles komen ze ook nu weer voorbij, van The Small Faces, Procol Harum en The Who, tot George Baker Selection, Shocking Blue en The Cats. Twee uur lang net doen of de hits weer van zee komen!</desc><category></category></programme><programme channel="141429689" start="20230106150200 +0000" stop="20230106170048 +0000" catchup-id="1314857456"><title>Alle remmen los</title><date></date><icon src="https://t-mobiletv.nl:443/CPS/images/universal/film/program/202212/20221230/7/20221230020149704mvk.jpg"></icon><desc>Tussen 4 en 6 uur de beste ‘drive time’ hits, echte popklassiekers die je graag aan zou zetten als je op weg naar huis zou zijn. Gelukkig ben je al thuis en kun je twee uur lang Sniff ’n The Tears, Carly Simon, Chris Rea, Rod Stewart, Dire Straits e.v.a. voorbij zien komen. De volumeknop kan omhoog!</desc><category></category></programme><programme channel="141429689" start="20230106170048 +0000" stop="20230106180319 +0000" catchup-id="1314857462"><title>Jukebox</title><date></date><icon src="https://t-mobiletv.nl:443/CPS/images/universal/film/program/202212/20221230/32/20221230020149704ggy.jpg"></icon><desc>De leukste clips tijdens het eten!</desc><category></category></programme><programme channel="141429689" start="20230106180319 +0000" stop="20230106190037 +0000" catchup-id="1314857468"><title>LX Classics</title><date></date><icon src="https://t-mobiletv.nl:443/CPS/images/universal/film/program/202212/20221230/14/20221230020149704yna.jpg"></icon><desc>Een ieder kent Lex Harding, presentator van de Top 40 vanaf 1970 tot 1989 en ontdekker van menig hit die vandaag de dag klassieker genoemd mag worden. Nu een uur lang de keuze van Lex Harding in LX Classics, van Meat Loaf tot Skylark en van The Buoys tot Cream, alleen maar echt klassiekers dus. LX Classics is ook 24/7 te beluisteren als radiostation.</desc><category></category></programme><programme channel="141429689" start="20230106190037 +0000" stop="20230106200036 +0000" catchup-id="1314857474"><title>ABTT Non Stop</title><date></date><icon src="https://t-mobiletv.nl:443/CPS/images/universal/film/program/202212/20221230/90/20221230020149704jus.jpg"></icon><desc>Al in 1965 kwam Ad Bouman als technicus bij Radio Veronica werken en in het programma van Willem van Kooten (Joost den Draaijer) lanceerde hij voor de eerste keer de ABTT (Adje Bouman Top 10). Toen Willem weg ging bij Veronica hield de ABTT er mee op, tot hij in de jaren 70 nieuw leven werd ingeblazen tijdens de LEXJO van Lex Harding. Ad Bouman, bijgenaamd De Meester (her)knipte ook diverse singles die daardoor draaibaar werden, de belangrijkste zijn Deep Purple’s “Child In Time”. In dit uur dus de keuze van de Meester zelf, gebaseerd op de vele jaren Top 10’s van AB op Radio Veronica, met clips van Deep Purple tot Paul Revere and the Raiders en van The Beatles tot Dusty Springfield.</desc><category></category></programme><programme channel="141429689" start="20230106200036 +0000" stop="20230106210248 +0000" catchup-id="1314857480"><title>Freakolympics</title><date></date><icon src="https://t-mobiletv.nl:443/CPS/images/universal/film/program/202212/20221230/19/20221230020149704upf.jpg"></icon><desc>Er zijn mensen die veel van muziek weten en er is Rob Stenders. Zijn grote voorliefde van jaren 60 en 70 muziek komt nu een uur lang voorbij in Freakolympics. Van Seals and Crofts tot The Five Man Electric Band en van The Stones tot Prince. Rob is ook de hele week te horen met zijn muziekkeuze op Radio Veronica</desc><category></category></programme><programme channel="141429689" start="20230106210248 +0000" stop="20230106230245 +0000" catchup-id="1314857486"><title>Dance Classics</title><date></date><icon src="https://t-mobiletv.nl:443/CPS/images/universal/film/program/202212/20221230/81/20221230020149704e7t.jpg"></icon><desc>Het is eindelijk vrijdag, dus nu twee uur lang de beste Dance Classics uit de jaren 70 en 80. Donna Summer, Boys Town Gang, Gloria Gaynor, KC &amp; The Sunshine Band, Earth Wind &amp; Fire en al die andere Disco Queens and Kings, we kennen ze allemaal. Dus er mag gedanst worden…!</desc><category></category></programme><programme channel="141429689" start="20230106230245 +0000" stop="20230107050150 +0000" catchup-id="1314857492"><title>Nachtklup</title><date></date><icon src="https://t-mobiletv.nl:443/CPS/images/universal/film/program/202212/20221230/96/20221230020149704wi0.jpg"></icon><desc>De beste gouwe ouwe clips die 192TV in de aanbieding heeft om de nacht in te gaan. Beatles, Stones, Alice Cooper, Abba, Bee Gees, alleen de grootste hits komen voorbij! Gaan we slapen of zullen we toch even de volgende clip afwachten….</desc><category></category></programme><programme channel="141429689" start="20230107050150 +0000" stop="20230107080139 +0000" catchup-id="1315458264"><title>Ook goeiemorgen</title><date></date><icon src="https://t-mobiletv.nl:443/CPS/images/universal/film/program/202212/20221231/40/20221231090119726bdz.jpg"></icon><desc>De dag begint met de beste clips uit ons archief, van The Kinks tot Prince en van Phil Collins tot Cat Stevens, zo is het lekker wakker worden! Ook goeiemorgen!</desc><category></category></programme><programme channel="141429689" start="20230107080139 +0000" stop="20230107090255 +0000" catchup-id="1315245326"><title>Weekend Surprises</title><date></date><icon src="https://t-mobiletv.nl:443/CPS/images/universal/film/program/202212/20221231/96/20221231020134744zu6.jpg"></icon><desc>De leukste surprises voor op de zaterdag!</desc><category></category></programme><programme channel="141429689" start="20230107090255 +0000" stop="20230107110012 +0000" catchup-id="1315245356"><title>Koffietijd</title><date></date><icon src="https://t-mobiletv.nl:443/CPS/images/universal/film/program/202212/20221231/89/20221231020134744tup.jpg"></icon><desc>Twee uur lang de leukste clips voor bij koffie. Van Abba tot E.L.O. en van Greenfield &amp; Cook tot The Moody Blues, het zijn weer twee lekkere uurtjes bij 192TV. Koffietijd!</desc><category></category></programme><programme channel="141429689" start="20230107110012 +0000" stop="20230107130144 +0000" catchup-id="1315245362"><title>Muziek bij de lunch</title><date></date><icon src="https://t-mobiletv.nl:443/CPS/images/universal/film/program/202212/20221231/29/20221231020134744u2w.jpg"></icon><desc>Tijdens deze lunch kan echt alles voorbijkomen, van soul tot rock en van Nederlandstalig tot de beste Franse chansons. Twee uur lang de beste mix van grote hits en leuke clips, de leukste muziek bij je lunch!</desc><category></category></programme><programme channel="141429689" start="20230107130144 +0000" stop="20230107150000 +0000" catchup-id="1315245368"><title>Hits uit zee</title><date></date><icon src="https://t-mobiletv.nl:443/CPS/images/universal/film/program/202212/20221231/9/20221231020134744rnn.jpg"></icon><desc>De grootste hits uit de jaren 60, 70 en 80 komen voorbij in twee uur Hits uit zee. Je waant je weer terug in de ‘piratentijd’, Veronica, RNI, Caroline, allemaal draaiden ze de grote hits vanaf zee. Compleet met de originele jingles komen ze ook nu weer voorbij, van The Small Faces, Procol Harum en The Who, tot George Baker Selection, Shocking Blue en The Cats. Twee uur lang net doen of de hits weer van zee komen!</desc><category></category></programme><programme channel="141429689" start="20230107150000 +0000" stop="20230107170055 +0000" catchup-id="1316136665"><title>De Nationale Zaterdagmiddag gebeurtenis</title><date></date><icon src="https://t-mobiletv.nl:443/CPS/images/universal/film/program/202301/20230102/11/20230102090119719etd.jpg"></icon><desc>Een overzicht van een historische Top 40, dit keer die van 8 januari 1977</desc><category></category></programme><programme channel="141429689" start="20230107170055 +0000" stop="20230107180006 +0000" catchup-id="1315245380"><title>Jukebox</title><date></date><icon src="https://t-mobiletv.nl:443/CPS/images/universal/film/program/202212/20221231/74/20221231020134744fpo.jpg"></icon><desc>De leukste clips tijdens het eten!</desc><category></category></programme><programme channel="141429689" start="20230107180006 +0000" stop="20230107190414 +0000" catchup-id="1315245386"><title>LX Classics</title><date></date><icon src="https://t-mobiletv.nl:443/CPS/images/universal/film/program/202212/20221231/16/20221231020134745m3y.jpg"></icon><desc>Een ieder kent Lex Harding, presentator van de Top 40 vanaf 1970 tot 1989 en ontdekker van menig hit die vandaag de dag klassieker genoemd mag worden. Nu een uur lang de keuze van Lex Harding in LX Classics, van Meat Loaf tot Skylark en van The Buoys tot Cream, alleen maar echt klassiekers dus. LX Classics is ook 24/7 te beluisteren als radiostation.</desc><category></category></programme><programme channel="141429689" start="20230107190414 +0000" stop="20230107200058 +0000" catchup-id="1315245392"><title>ABTT Non Stop</title><date></date><icon src="https://t-mobiletv.nl:443/CPS/images/universal/film/program/202212/20221231/78/20221231020134745ez3.jpg"></icon><desc>Al in 1965 kwam Ad Bouman als technicus bij Radio Veronica werken en in het programma van Willem van Kooten (Joost den Draaijer) lanceerde hij voor de eerste keer de ABTT (Adje Bouman Top 10). Toen Willem weg ging bij Veronica hield de ABTT er mee op, tot hij in de jaren 70 nieuw leven werd ingeblazen tijdens de LEXJO van Lex Harding. Ad Bouman, bijgenaamd De Meester (her)knipte ook diverse singles die daardoor draaibaar werden, de belangrijkste zijn Deep Purple’s “Child In Time”. In dit uur dus de keuze van de Meester zelf, gebaseerd op de vele jaren Top 10’s van AB op Radio Veronica, met clips van Deep Purple tot Paul Revere and the Raiders en van The Beatles tot Dusty Springfield.</desc><category></category></programme><programme channel="141429689" start="20230107200058 +0000" stop="20230107210221 +0000" catchup-id="1315245398"><title>Freakolympics</title><date></date><icon src="https://t-mobiletv.nl:443/CPS/images/universal/film/program/202212/20221231/7/20221231020134745z8o.jpg"></icon><desc>Er zijn mensen die veel van muziek weten en er is Rob Stenders. Zijn grote voorliefde van jaren 60 en 70 muziek komt nu een uur lang voorbij in Freakolympics. Van Seals and Crofts tot The Five Man Electric Band en van The Stones tot Prince. Rob is ook de hele week te horen met zijn muziekkeuze op Radio Veronica</desc><category></category></programme><programme channel="141429689" start="20230107210221 +0000" stop="20230107230313 +0000" catchup-id="1315245404"><title>Happy Hour</title><date></date><icon src="https://t-mobiletv.nl:443/CPS/images/universal/film/program/202212/20221231/54/20221231020134745bdq.jpg"></icon><desc>Het is zaterdagavond 10 uur en als er geen feestje bij je thuis is is dat snel verholpen met twee uur lang Happy Hour. Van Hazes tot De Nijs, van Middle of the Road tot Tony Christie en van Cliff Richard tot The Beach Boys, de vrolijkste noten komen nu uit je tv. En als er toch een feestje is, zet de volumeknop maar omhoog, komen de buren vanzelf langs!</desc><category></category></programme><programme channel="141429689" start="20230107230313 +0000" stop="20230108050016 +0000" catchup-id="1315598525"><title>Nachtklup</title><date></date><icon src="https://t-mobiletv.nl:443/CPS/images/universal/film/program/202301/20230101/5/20230101020054713fkw.jpg"></icon><desc>De beste gouwe ouwe clips die 192TV in de aanbieding heeft om de nacht in te gaan. Beatles, Stones, Alice Cooper, Abba, Bee Gees, alleen de grootste hits komen voorbij! Gaan we slapen of zullen we toch even de volgende clip afwachten….</desc><category></category></programme><programme channel="141429689" start="20230108050016 +0000" stop="20230108080046 +0000" catchup-id="1315598531"><title>Ook goeiemorgen</title><date></date><icon src="https://t-mobiletv.nl:443/CPS/images/universal/film/program/202301/20230101/32/20230101020054713o5z.jpg"></icon><desc>De dag begint met de beste clips uit ons archief, van The Kinks tot Prince en van Phil Collins tot Cat Stevens, zo is het lekker wakker worden! Ook goeiemorgen!</desc><category></category></programme><programme channel="141429689" start="20230108080046 +0000" stop="20230108090029 +0000" catchup-id="1315598537"><title>Weekend Surprises</title><date></date><icon src="https://t-mobiletv.nl:443/CPS/images/universal/film/program/202301/20230101/12/20230101020054713omb.jpg"></icon><desc>De leukste surprises voor op de zondag!</desc><category></category></programme><programme channel="141429689" start="20230108090029 +0000" stop="20230108110221 +0000" catchup-id="1315598543"><title>Koffietijd</title><date></date><icon src="https://t-mobiletv.nl:443/CPS/images/universal/film/program/202301/20230101/69/20230101020054713eef.jpg"></icon><desc>Twee uur lang de leukste clips voor bij koffie. Van Abba tot E.L.O. en van Greenfield &amp; Cook tot The Moody Blues, het zijn weer twee lekkere uurtjes bij 192TV. Koffietijd!</desc><category></category></programme><programme channel="141429689" start="20230108110221 +0000" stop="20230108130128 +0000" catchup-id="1315598549"><title>Muziek bij de lunch</title><date></date><icon src="https://t-mobiletv.nl:443/CPS/images/universal/film/program/202301/20230101/76/20230101020054713f1c.jpg"></icon><desc>Tijdens deze lunch kan echt alles voorbijkomen, van soul tot rock en van Nederlandstalig tot de beste Franse chansons. Twee uur lang de beste mix van grote hits en leuke clips, de leukste muziek bij je lunch!</desc><category></category></programme><programme channel="141429689" start="20230108130128 +0000" stop="20230108150030 +0000" catchup-id="1315598555"><title>Hits uit zee</title><date></date><icon src="https://t-mobiletv.nl:443/CPS/images/universal/film/program/202301/20230101/15/20230101020054713911.jpg"></icon><desc>De grootste hits uit de jaren 60, 70 en 80 komen voorbij in twee uur Hits uit zee. Je waant je weer terug in de ‘piratentijd’, Veronica, RNI, Caroline, allemaal draaiden ze de grote hits vanaf zee. Compleet met de originele jingles komen ze ook nu weer voorbij, van The Small Faces, Procol Harum en The Who, tot George Baker Selection, Shocking Blue en The Cats. Twee uur lang net doen of de hits weer van zee komen!</desc><category></category></programme><programme channel="141429689" start="20230108150030 +0000" stop="20230108170034 +0000" catchup-id="1315598561"><title>Met de benen op tafel</title><date></date><icon src="https://t-mobiletv.nl:443/CPS/images/universal/film/program/202301/20230101/19/20230101020054713rh0.jpg"></icon><desc>Een uur lang relaxen op deze zondagmiddag met de leukste clips. Ook specials van artiesten komen voorbij en nog veel meer waarvan 192TV denkt dat het wat extra aandacht verdient, het is tenslotte zondagmiddag, tijd voor de benen op tafel!</desc><category></category></programme><programme channel="141429689" start="20230108170034 +0000" stop="20230108180107 +0000" catchup-id="1315598567"><title>Jukebox</title><date></date><icon src="https://t-mobiletv.nl:443/CPS/images/universal/film/program/202301/20230101/48/20230101020054713lr5.jpg"></icon><desc>De leukste clips tijdens het eten!</desc><category></category></programme><programme channel="141429689" start="20230108180107 +0000" stop="20230108190324 +0000" catchup-id="1315598765"><title>LX Classics</title><date></date><icon src="https://t-mobiletv.nl:443/CPS/images/universal/film/program/202301/20230101/52/20230101020054713q1k.jpg"></icon><desc>Een ieder kent Lex Harding, presentator van de Top 40 vanaf 1970 tot 1989 en ontdekker van menig hit die vandaag de dag klassieker genoemd mag worden. Nu een uur lang de keuze van Lex Harding in LX Classics, van Meat Loaf tot Skylark en van The Buoys tot Cream, alleen maar echt klassiekers dus. LX Classics is ook 24/7 te beluisteren als radiostation.</desc><category></category></programme><programme channel="141429689" start="20230108190324 +0000" stop="20230108200140 +0000" catchup-id="1315598771"><title>ABTT Non Stop</title><date></date><icon src="https://t-mobiletv.nl:443/CPS/images/universal/film/program/202301/20230101/62/20230101020054713uqx.jpg"></icon><desc>Al in 1965 kwam Ad Bouman als technicus bij Radio Veronica werken en in het programma van Willem van Kooten (Joost den Draaijer) lanceerde hij voor de eerste keer de ABTT (Adje Bouman Top 10). Toen Willem weg ging bij Veronica hield de ABTT er mee op, tot hij in de jaren 70 nieuw leven werd ingeblazen tijdens de LEXJO van Lex Harding. Ad Bouman, bijgenaamd De Meester (her)knipte ook diverse singles die daardoor draaibaar werden, de belangrijkste zijn Deep Purple’s “Child In Time”. In dit uur dus de keuze van de Meester zelf, gebaseerd op de vele jaren Top 10’s van AB op Radio Veronica, met clips van Deep Purple tot Paul Revere and the Raiders en van The Beatles tot Dusty Springfield.</desc><category></category></programme><programme channel="141429689" start="20230108200140 +0000" stop="20230108210159 +0000" catchup-id="1315598777"><title>Freakolympics</title><date></date><icon src="https://t-mobiletv.nl:443/CPS/images/universal/film/program/202301/20230101/15/202301010200547130oo.jpg"></icon><desc>Er zijn mensen die veel van muziek weten en er is Rob Stenders. Zijn grote voorliefde van jaren 60 en 70 muziek komt nu een uur lang voorbij in Freakolympics. Van Seals and Crofts tot The Five Man Electric Band en van The Stones tot Prince. Rob is ook de hele week te horen met zijn muziekkeuze op Radio Veronica</desc><category></category></programme><programme channel="141429689" start="20230108210159 +0000" stop="20230108220257 +0000" catchup-id="1315598783"><title>Herinnert u zich deze nog</title><date></date><icon src="https://t-mobiletv.nl:443/CPS/images/universal/film/program/202301/20230101/63/20230101020054713vf9.jpg"></icon><desc>De leukste eendagsvliegen, de echte middle of the road Top 40 singles zoals Bert van Breda ze vroeger al uitbracht op cd en dvd met zijn platenlabel BR Music. Naast de eendagsvliegen nu een uur lang artiesten als The Tremeloes, Dave Dee, Dozy, Beaky, Mick &amp; Tich, Joe Dolan, The Bee Gees, The Hollies en natuurlijk Demis Roussos!</desc><category></category></programme><programme channel="141429689" start="20230108220257 +0000" stop="20230108230102 +0000" catchup-id="1315598789"><title>Nachtwacht</title><date></date><icon src="https://t-mobiletv.nl:443/CPS/images/universal/film/program/202301/20230101/89/20230101020054714euf.jpg"></icon><desc>Een uur lang alleen de beste slows en ballads, van prachtige soulklassiekers van The Chi-Lites tot echte slijpers uit de jaren 60. Maar ook de jaren 80 komen aan bod, van Spandau Ballet tot Lionel Richie, het is nu een uur lang genieten van de rustige nummers uit het 192TV aanbod.</desc><category></category></programme><programme channel="141429689" start="20230108230102 +0000" stop="20230109050141 +0000" catchup-id="1315598795"><title>Nachtklup</title><date></date><icon src="https://t-mobiletv.nl:443/CPS/images/universal/film/program/202301/20230101/13/20230101020054714rao.jpg"></icon><desc>De beste gouwe ouwe clips die 192TV in de aanbieding heeft om de nacht in te gaan. Beatles, Stones, Alice Cooper, Abba, Bee Gees, alleen de grootste hits komen voorbij! Gaan we slapen of zullen we toch even de volgende clip afwachten….</desc><category></category></programme><programme channel="141429689" start="20230109050141 +0000" stop="20230109080321 +0000" catchup-id="1315924050"><title>Ook goeiemorgen</title><date></date><icon src="https://t-mobiletv.nl:443/CPS/images/universal/film/program/202301/20230102/25/20230102020055549bet.jpg"></icon><desc>De dag begint met de beste clips uit ons archief, van The Kinks tot Prince en van Phil Collins tot Cat Stevens, zo is het lekker wakker worden! Ook goeiemorgen!</desc><category></category></programme><programme channel="141429689" start="20230109080321 +0000" stop="20230109090301 +0000" catchup-id="1315924056"><title>Muziek terwijl u werkt</title><date></date><icon src="https://t-mobiletv.nl:443/CPS/images/universal/film/program/202301/20230102/61/20230102020055549vnr.jpg"></icon><desc>Of u nou aan het werk bent of de dag gewoon lekker rustig begint, dit uur komen de beste clips voorbij. Van The Four Tops tot Boney M en van Herman’s Hermits tot Adamo, zó wil je je werkdag beginnen.</desc><category></category></programme><programme channel="141429689" start="20230109090301 +0000" stop="20230109110140 +0000" catchup-id="1315924062"><title>Koffietijd</title><date></date><icon src="https://t-mobiletv.nl:443/CPS/images/universal/film/program/202301/20230102/13/20230102020055549702.jpg"></icon><desc>Twee uur lang de leukste clips voor bij koffie. Van Abba tot E.L.O. en van Greenfield &amp; Cook tot The Moody Blues, het zijn weer twee lekkere uurtjes bij 192TV. Koffietijd!</desc><category></category></programme><programme channel="141429689" start="20230109110140 +0000" stop="20230109130051 +0000" catchup-id="1315924068"><title>Muziek bij de lunch</title><date></date><icon src="https://t-mobiletv.nl:443/CPS/images/universal/film/program/202301/20230102/74/20230102020055549i0p.jpg"></icon><desc>Tijdens deze lunch kan echt alles voorbijkomen, van soul tot rock en van Nederlandstalig tot de beste Franse chansons. Twee uur lang de beste mix van grote hits en leuke clips, de leukste muziek bij je lunch!</desc><category></category></programme><programme channel="141429689" start="20230109130051 +0000" stop="20230109150013 +0000" catchup-id="1315924522"><title>Hits uit zee</title><date></date><icon src="https://t-mobiletv.nl:443/CPS/images/universal/film/program/202301/20230102/79/20230102020055549r4r.jpg"></icon><desc>De grootste hits uit de jaren 60, 70 en 80 komen voorbij in twee uur Hits uit zee. Je waant je weer terug in de ‘piratentijd’, Veronica, RNI, Caroline, allemaal draaiden ze de grote hits vanaf zee. Compleet met de originele jingles komen ze ook nu weer voorbij, van The Small Faces, Procol Harum en The Who, tot George Baker Selection, Shocking Blue en The Cats. Twee uur lang net doen of de hits weer van zee komen!</desc><category></category></programme><programme channel="141429689" start="20230109150013 +0000" stop="20230109170001 +0000" catchup-id="1315924528"><title>Alle remmen los</title><date></date><icon src="https://t-mobiletv.nl:443/CPS/images/universal/film/program/202301/20230102/84/20230102020055549nag.jpg"></icon><desc>Tussen 4 en 6 uur de beste ‘drive time’ hits, echte popklassiekers die je graag aan zou zetten als je op weg naar huis zou zijn. Gelukkig ben je al thuis en kun je twee uur lang Sniff ’n The Tears, Carly Simon, Chris Rea, Rod Stewart, Dire Straits e.v.a. voorbij zien komen. De volumeknop kan omhoog!</desc><category></category></programme><programme channel="141429689" start="20230109170001 +0000" stop="20230109180149 +0000" catchup-id="1315924534"><title>Jukebox</title><date></date><icon src="https://t-mobiletv.nl:443/CPS/images/universal/film/program/202301/20230102/32/202301020200555491b1.jpg"></icon><desc>De leukste clips tijdens het eten!</desc><category></category></programme><programme channel="141429689" start="20230109180149 +0000" stop="20230109190120 +0000" catchup-id="1315924540"><title>LX Classics</title><date></date><icon src="https://t-mobiletv.nl:443/CPS/images/universal/film/program/202301/20230102/51/20230102020055549qdw.jpg"></icon><desc>Een ieder kent Lex Harding, presentator van de Top 40 vanaf 1970 tot 1989 en ontdekker van menig hit die vandaag de dag klassieker genoemd mag worden. Nu een uur lang de keuze van Lex Harding in LX Classics, van Meat Loaf tot Skylark en van The Buoys tot Cream, alleen maar echt klassiekers dus. LX Classics is ook 24/7 te beluisteren als radiostation.</desc><category></category></programme><programme channel="141429689" start="20230109190120 +0000" stop="20230109200222 +0000" catchup-id="1315924546"><title>ABTT Non Stop</title><date></date><icon src="https://t-mobiletv.nl:443/CPS/images/universal/film/program/202301/20230102/88/20230102020055549z9n.jpg"></icon><desc>Al in 1965 kwam Ad Bouman als technicus bij Radio Veronica werken en in het programma van Willem van Kooten (Joost den Draaijer) lanceerde hij voor de eerste keer de ABTT (Adje Bouman Top 10). Toen Willem weg ging bij Veronica hield de ABTT er mee op, tot hij in de jaren 70 nieuw leven werd ingeblazen tijdens de LEXJO van Lex Harding. Ad Bouman, bijgenaamd De Meester (her)knipte ook diverse singles die daardoor draaibaar werden, de belangrijkste zijn Deep Purple’s “Child In Time”. In dit uur dus de keuze van de Meester zelf, gebaseerd op de vele jaren Top 10’s van AB op Radio Veronica, met clips van Deep Purple tot Paul Revere and the Raiders en van The Beatles tot Dusty Springfield.</desc><category></category></programme><programme channel="141429689" start="20230109200222 +0000" stop="20230109210313 +0000" catchup-id="1315924552"><title>Freakolympics</title><date></date><icon src="https://t-mobiletv.nl:443/CPS/images/universal/film/program/202301/20230102/10/20230102020055549t4v.jpg"></icon><desc>Er zijn mensen die veel van muziek weten en er is Rob Stenders. Zijn grote voorliefde van jaren 60 en 70 muziek komt nu een uur lang voorbij in Freakolympics. Van Seals and Crofts tot The Five Man Electric Band en van The Stones tot Prince. Rob is ook de hele week te horen met zijn muziekkeuze op Radio Veronica</desc><category></category></programme><programme channel="141429689" start="20230109210313 +0000" stop="20230109220337 +0000" catchup-id="1315924558"><title>Herinnert u zich deze nog</title><date></date><icon src="https://t-mobiletv.nl:443/CPS/images/universal/film/program/202301/20230102/80/20230102020055549f0y.jpg"></icon><desc>De leukste eendagsvliegen, de echte middle of the road Top 40 singles zoals Bert van Breda ze vroeger al uitbracht op cd en dvd met zijn platenlabel BR Music. Naast de eendagsvliegen nu een uur lang artiesten als The Tremeloes, Dave Dee, Dozy, Beaky, Mick &amp; Tich, Joe Dolan, The Bee Gees, The Hollies en natuurlijk Demis Roussos!</desc><category></category></programme><programme channel="141429689" start="20230109220337 +0000" stop="20230109230137 +0000" catchup-id="1315924564"><title>Nachtwacht</title><date></date><icon src="https://t-mobiletv.nl:443/CPS/images/universal/film/program/202301/20230102/99/20230102020055550yk0.jpg"></icon><desc>Een uur lang alleen de beste slows en ballads, van prachtige soulklassiekers van The Chi-Lites tot echte slijpers uit de jaren 60. Maar ook de jaren 80 komen aan bod, van Spandau Ballet tot Lionel Richie, het is nu een uur lang genieten van de rustige nummers uit het 192TV aanbod.</desc><category></category></programme><programme channel="141429689" start="20230109230137 +0000" stop="20230110050142 +0000" catchup-id="1315924570"><title>Nachtklup</title><date></date><icon src="https://t-mobiletv.nl:443/CPS/images/universal/film/program/202301/20230102/65/20230102020055550wzd.jpg"></icon><desc>De beste gouwe ouwe clips die 192TV in de aanbieding heeft om de nacht in te gaan. Beatles, Stones, Alice Cooper, Abba, Bee Gees, alleen de grootste hits komen voorbij! Gaan we slapen of zullen we toch even de volgende clip afwachten….</desc><category></category></programme><programme channel="141429689" start="20230110050142 +0000" stop="20230110080222 +0000" catchup-id="1316272652"><title>Ook goeiemorgen</title><date></date><icon src="https://t-mobiletv.nl:443/CPS/images/universal/film/program/202301/20230103/82/20230103020039729p8z.jpg"></icon><desc>De dag begint met de beste clips uit ons archief, van The Kinks tot Prince en van Phil Collins tot Cat Stevens, zo is het lekker wakker worden! Ook goeiemorgen!</desc><category></category></programme><programme channel="141429689" start="20230110080222 +0000" stop="20230110090048 +0000" catchup-id="1316272658"><title>Muziek terwijl u werkt</title><date></date><icon src="https://t-mobiletv.nl:443/CPS/images/universal/film/program/202301/20230103/5/202301030200397291fk.jpg"></icon><desc>Of u nou aan het werk bent of de dag gewoon lekker rustig begint, dit uur komen de beste clips voorbij. Van The Four Tops tot Boney M en van Herman’s Hermits tot Adamo, zó wil je je werkdag beginnen.</desc><category></category></programme><programme channel="141429689" start="20230110090048 +0000" stop="20230110110120 +0000" catchup-id="1316272664"><title>Koffietijd</title><date></date><icon src="https://t-mobiletv.nl:443/CPS/images/universal/film/program/202301/20230103/19/20230103020039729jia.jpg"></icon><desc>Twee uur lang de leukste clips voor bij koffie. Van Abba tot E.L.O. en van Greenfield &amp; Cook tot The Moody Blues, het zijn weer twee lekkere uurtjes bij 192TV. Koffietijd!</desc><category></category></programme><programme channel="141429689" start="20230110110120 +0000" stop="20230110130123 +0000" catchup-id="1316272670"><title>Muziek bij de lunch</title><date></date><icon src="https://t-mobiletv.nl:443/CPS/images/universal/film/program/202301/20230103/52/202301030200397297ax.jpg"></icon><desc>Tijdens deze lunch kan echt alles voorbijkomen, van soul tot rock en van Nederlandstalig tot de beste Franse chansons. Twee uur lang de beste mix van grote hits en leuke clips, de leukste muziek bij je lunch!</desc><category></category></programme><programme channel="141429689" start="20230110130123 +0000" stop="20230110150036 +0000" catchup-id="1316272676"><title>Hits uit zee</title><date></date><icon src="https://t-mobiletv.nl:443/CPS/images/universal/film/program/202301/20230103/32/20230103020039730t2p.jpg"></icon><desc>De grootste hits uit de jaren 60, 70 en 80 komen voorbij in twee uur Hits uit zee. Je waant je weer terug in de ‘piratentijd’, Veronica, RNI, Caroline, allemaal draaiden ze de grote hits vanaf zee. Compleet met de originele jingles komen ze ook nu weer voorbij, van The Small Faces, Procol Harum en The Who, tot George Baker Selection, Shocking Blue en The Cats. Twee uur lang net doen of de hits weer van zee komen!</desc><category></category></programme><programme channel="141429689" start="20230110150036 +0000" stop="20230110170437 +0000" catchup-id="1316272682"><title>Alle remmen los</title><date></date><icon src="https://t-mobiletv.nl:443/CPS/images/universal/film/program/202301/20230103/85/20230103020039730d2m.jpg"></icon><desc>Tussen 4 en 6 uur de beste ‘drive time’ hits, echte popklassiekers die je graag aan zou zetten als je op weg naar huis zou zijn. Gelukkig ben je al thuis en kun je twee uur lang Sniff ’n The Tears, Carly Simon, Chris Rea, Rod Stewart, Dire Straits e.v.a. voorbij zien komen. De volumeknop kan omhoog!</desc><category></category></programme><programme channel="141429689" start="20230110170437 +0000" stop="20230110180151 +0000" catchup-id="1316272688"><title>Jukebox</title><date></date><icon src="https://t-mobiletv.nl:443/CPS/images/universal/film/program/202301/20230103/0/20230103020039730mzt.jpg"></icon><desc>De leukste clips tijdens het eten!</desc><category></category></programme><programme channel="141429689" start="20230110180151 +0000" stop="20230110190202 +0000" catchup-id="1316272694"><title>LX Classics</title><date></date><icon src="https://t-mobiletv.nl:443/CPS/images/universal/film/program/202301/20230103/65/20230103020039730qas.jpg"></icon><desc>Een ieder kent Lex Harding, presentator van de Top 40 vanaf 1970 tot 1989 en ontdekker van menig hit die vandaag de dag klassieker genoemd mag worden. Nu een uur lang de keuze van Lex Harding in LX Classics, van Meat Loaf tot Skylark en van The Buoys tot Cream, alleen maar echt klassiekers dus. LX Classics is ook 24/7 te beluisteren als radiostation.</desc><category></category></programme><programme channel="141429689" start="20230110190202 +0000" stop="20230110200315 +0000" catchup-id="1316272700"><title>ABTT Non Stop</title><date></date><icon src="https://t-mobiletv.nl:443/CPS/images/universal/film/program/202301/20230103/35/202301030200397304ct.jpg"></icon><desc>Al in 1965 kwam Ad Bouman als technicus bij Radio Veronica werken en in het programma van Willem van Kooten (Joost den Draaijer) lanceerde hij voor de eerste keer de ABTT (Adje Bouman Top 10). Toen Willem weg ging bij Veronica hield de ABTT er mee op, tot hij in de jaren 70 nieuw leven werd ingeblazen tijdens de LEXJO van Lex Harding. Ad Bouman, bijgenaamd De Meester (her)knipte ook diverse singles die daardoor draaibaar werden, de belangrijkste zijn Deep Purple’s “Child In Time”. In dit uur dus de keuze van de Meester zelf, gebaseerd op de vele jaren Top 10’s van AB op Radio Veronica, met clips van Deep Purple tot Paul Revere and the Raiders en van The Beatles tot Dusty Springfield.</desc><category></category></programme><programme channel="141429689" start="20230110200315 +0000" stop="20230110210314 +0000" catchup-id="1316272706"><title>Freakolympics</title><date></date><icon src="https://t-mobiletv.nl:443/CPS/images/universal/film/program/202301/20230103/42/202301030200397307hs.jpg"></icon><desc>Er zijn mensen die veel van muziek weten en er is Rob Stenders. Zijn grote voorliefde van jaren 60 en 70 muziek komt nu een uur lang voorbij in Freakolympics. Van Seals and Crofts tot The Five Man Electric Band en van The Stones tot Prince. Rob is ook de hele week te horen met zijn muziekkeuze op Radio Veronica</desc><category></category></programme><programme channel="141429689" start="20230110210314 +0000" stop="20230110220101 +0000" catchup-id="1316272712"><title>Herinnert u zich deze nog</title><date></date><icon src="https://t-mobiletv.nl:443/CPS/images/universal/film/program/202301/20230103/81/202301030200397300af.jpg"></icon><desc>De leukste eendagsvliegen, de echte middle of the road Top 40 singles zoals Bert van Breda ze vroeger al uitbracht op cd en dvd met zijn platenlabel BR Music. Naast de eendagsvliegen nu een uur lang artiesten als The Tremeloes, Dave Dee, Dozy, Beaky, Mick &amp; Tich, Joe Dolan, The Bee Gees, The Hollies en natuurlijk Demis Roussos!</desc><category></category></programme><programme channel="141429689" start="20230110220101 +0000" stop="20230110230252 +0000" catchup-id="1316272718"><title>Nachtwacht</title><date></date><icon src="https://t-mobiletv.nl:443/CPS/images/universal/film/program/202301/20230103/10/202301030200397302as.jpg"></icon><desc>Een uur lang alleen de beste slows en ballads, van prachtige soulklassiekers van The Chi-Lites tot echte slijpers uit de jaren 60. Maar ook de jaren 80 komen aan bod, van Spandau Ballet tot Lionel Richie, het is nu een uur lang genieten van de rustige nummers uit het 192TV aanbod.</desc><category></category></programme><programme channel="141429689" start="20230110230252 +0000" stop="20230111050249 +0000" catchup-id="1316272724"><title>Nachtklup</title><date></date><icon src="https://t-mobiletv.nl:443/CPS/images/universal/film/program/202301/20230103/89/202301030200397306ni.jpg"></icon><desc>De beste gouwe ouwe clips die 192TV in de aanbieding heeft om de nacht in te gaan. Beatles, Stones, Alice Cooper, Abba, Bee Gees, alleen de grootste hits komen voorbij! Gaan we slapen of zullen we toch even de volgende clip afwachten….</desc><category></category></programme><programme channel="141429689" start="20230111050249 +0000" stop="20230111080129 +0000" catchup-id="1316675215"><title>Ook goeiemorgen</title><date></date><icon src="https://t-mobiletv.nl:443/CPS/images/universal/film/program/202301/20230104/76/20230104020105012a28.jpg"></icon><desc>De dag begint met de beste clips uit ons archief, van The Kinks tot Prince en van Phil Collins tot Cat Stevens, zo is het lekker wakker worden! Ook goeiemorgen!</desc><category></category></programme><programme channel="141429689" start="20230111080129 +0000" stop="20230111090037 +0000" catchup-id="1316675221"><title>Muziek terwijl u werkt</title><date></date><icon src="https://t-mobiletv.nl:443/CPS/images/universal/film/program/202301/20230104/2/20230104020105013zd7.jpg"></icon><desc>Of u nou aan het werk bent of de dag gewoon lekker rustig begint, dit uur komen de beste clips voorbij. Van The Four Tops tot Boney M en van Herman’s Hermits tot Adamo, zó wil je je werkdag beginnen.</desc><category></category></programme><programme channel="141429689" start="20230111090037 +0000" stop="20230111110221 +0000" catchup-id="1316675227"><title>Koffietijd</title><date></date><icon src="https://t-mobiletv.nl:443/CPS/images/universal/film/program/202301/20230104/93/202301040201050130s2.jpg"></icon><desc>Twee uur lang de leukste clips voor bij koffie. Van Abba tot E.L.O. en van Greenfield &amp; Cook tot The Moody Blues, het zijn weer twee lekkere uurtjes bij 192TV. Koffietijd!</desc><category></category></programme><programme channel="141429689" start="20230111110221 +0000" stop="20230111130034 +0000" catchup-id="1316675233"><title>Muziek bij de lunch</title><date></date><icon src="https://t-mobiletv.nl:443/CPS/images/universal/film/program/202301/20230104/47/20230104020105013w4p.jpg"></icon><desc>Tijdens deze lunch kan echt alles voorbijkomen, van soul tot rock en van Nederlandstalig tot de beste Franse chansons. Twee uur lang de beste mix van grote hits en leuke clips, de leukste muziek bij je lunch!</desc><category></category></programme><programme channel="141429689" start="20230111130034 +0000" stop="20230111150212 +0000" catchup-id="1316675239"><title>Hits uit zee</title><date></date><icon src="https://t-mobiletv.nl:443/CPS/images/universal/film/program/202301/20230104/3/20230104020105013rbh.jpg"></icon><desc>De grootste hits uit de jaren 60, 70 en 80 komen voorbij in twee uur Hits uit zee. Je waant je weer terug in de ‘piratentijd’, Veronica, RNI, Caroline, allemaal draaiden ze de grote hits vanaf zee. Compleet met de originele jingles komen ze ook nu weer voorbij, van The Small Faces, Procol Harum en The Who, tot George Baker Selection, Shocking Blue en The Cats. Twee uur lang net doen of de hits weer van zee komen!</desc><category></category></programme><programme channel="141429689" start="20230111150212 +0000" stop="20230111170042 +0000" catchup-id="1316675373"><title>Alle remmen los</title><date></date><icon src="https://t-mobiletv.nl:443/CPS/images/universal/film/program/202301/20230104/86/20230104020105013flb.jpg"></icon><desc>Tussen 4 en 6 uur de beste ‘drive time’ hits, echte popklassiekers die je graag aan zou zetten als je op weg naar huis zou zijn. Gelukkig ben je al thuis en kun je twee uur lang Sniff ’n The Tears, Carly Simon, Chris Rea, Rod Stewart, Dire Straits e.v.a. voorbij zien komen. De volumeknop kan omhoog!</desc><category></category></programme><programme channel="141429689" start="20230111170042 +0000" stop="20230111180216 +0000" catchup-id="1316675379"><title>Jukebox</title><date></date><icon src="https://t-mobiletv.nl:443/CPS/images/universal/film/program/202301/20230104/51/20230104020105013oap.jpg"></icon><desc>De leukste clips tijdens het eten!</desc><category></category></programme><programme channel="141429689" start="20230111180216 +0000" stop="20230111190144 +0000" catchup-id="1316675385"><title>LX Classics</title><date></date><icon src="https://t-mobiletv.nl:443/CPS/images/universal/film/program/202301/20230104/2/20230104020105013o3q.jpg"></icon><desc>Een ieder kent Lex Harding, presentator van de Top 40 vanaf 1970 tot 1989 en ontdekker van menig hit die vandaag de dag klassieker genoemd mag worden. Nu een uur lang de keuze van Lex Harding in LX Classics, van Meat Loaf tot Skylark en van The Buoys tot Cream, alleen maar echt klassiekers dus. LX Classics is ook 24/7 te beluisteren als radiostation.</desc><category></category></programme><programme channel="141429689" start="20230111190144 +0000" stop="20230111200029 +0000" catchup-id="1316675391"><title>ABTT Non Stop</title><date></date><icon src="https://t-mobiletv.nl:443/CPS/images/universal/film/program/202301/20230104/80/20230104020105013p3q.jpg"></icon><desc>Al in 1965 kwam Ad Bouman als technicus bij Radio Veronica werken en in het programma van Willem van Kooten (Joost den Draaijer) lanceerde hij voor de eerste keer de ABTT (Adje Bouman Top 10). Toen Willem weg ging bij Veronica hield de ABTT er mee op, tot hij in de jaren 70 nieuw leven werd ingeblazen tijdens de LEXJO van Lex Harding. Ad Bouman, bijgenaamd De Meester (her)knipte ook diverse singles die daardoor draaibaar werden, de belangrijkste zijn Deep Purple’s “Child In Time”. In dit uur dus de keuze van de Meester zelf, gebaseerd op de vele jaren Top 10’s van AB op Radio Veronica, met clips van Deep Purple tot Paul Revere and the Raiders en van The Beatles tot Dusty Springfield.</desc><category></category></programme><programme channel="141429689" start="20230111200029 +0000" stop="20230111210233 +0000" catchup-id="1316675397"><title>Freakolympics</title><date></date><icon src="https://t-mobiletv.nl:443/CPS/images/universal/film/program/202301/20230104/13/2023010402010501422d.jpg"></icon><desc>Er zijn mensen die veel van muziek weten en er is Rob Stenders. Zijn grote voorliefde van jaren 60 en 70 muziek komt nu een uur lang voorbij in Freakolympics. Van Seals and Crofts tot The Five Man Electric Band en van The Stones tot Prince. Rob is ook de hele week te horen met zijn muziekkeuze op Radio Veronica</desc><category></category></programme><programme channel="141429689" start="20230111210233 +0000" stop="20230111220322 +0000" catchup-id="1316675403"><title>Herinnert u zich deze nog</title><date></date><icon src="https://t-mobiletv.nl:443/CPS/images/universal/film/program/202301/20230104/54/20230104020105014ldo.jpg"></icon><desc>De leukste eendagsvliegen, de echte middle of the road Top 40 singles zoals Bert van Breda ze vroeger al uitbracht op cd en dvd met zijn platenlabel BR Music. Naast de eendagsvliegen nu een uur lang artiesten als The Tremeloes, Dave Dee, Dozy, Beaky, Mick &amp; Tich, Joe Dolan, The Bee Gees, The Hollies en natuurlijk Demis Roussos!</desc><category></category></programme><programme channel="141429689" start="20230111220322 +0000" stop="20230111230145 +0000" catchup-id="1316675409"><title>Nachtwacht</title><date></date><icon src="https://t-mobiletv.nl:443/CPS/images/universal/film/program/202301/20230104/81/20230104020105014b6d.jpg"></icon><desc>Een uur lang alleen de beste slows en ballads, van prachtige soulklassiekers van The Chi-Lites tot echte slijpers uit de jaren 60. Maar ook de jaren 80 komen aan bod, van Spandau Ballet tot Lionel Richie, het is nu een uur lang genieten van de rustige nummers uit het 192TV aanbod.</desc><category></category></programme><programme channel="141429689" start="20230111230145 +0000" stop="20230112050051 +0000" catchup-id="1316675415"><title>Nachtklup</title><date></date><icon src="https://t-mobiletv.nl:443/CPS/images/universal/film/program/202301/20230104/15/2023010402010501463r.jpg"></icon><desc>De beste gouwe ouwe clips die 192TV in de aanbieding heeft om de nacht in te gaan. Beatles, Stones, Alice Cooper, Abba, Bee Gees, alleen de grootste hits komen voorbij! Gaan we slapen of zullen we toch even de volgende clip afwachten….</desc><category></category></programme><programme channel="141429689" start="20230112050051 +0000" stop="20230112080000 +0000" catchup-id="1317064795"><title>Ook goeiemorgen</title><date></date><icon src="https://t-mobiletv.nl:443/CPS/images/universal/film/program/202301/20230105/26/202301050200597057j2.jpg"></icon><desc>De dag begint met de beste clips uit ons archief, van The Kinks tot Prince en van Phil Collins tot Cat Stevens, zo is het lekker wakker worden! Ook goeiemorgen!</desc><category></category></programme><programme channel="141429689" start="20230112080000 +0000" stop="20230112090144 +0000" catchup-id="1317064801"><title>Muziek terwijl u werkt</title><date></date><icon src="https://t-mobiletv.nl:443/CPS/images/universal/film/program/202301/20230105/29/20230105020059705xgj.jpg"></icon><desc>Of u nou aan het werk bent of de dag gewoon lekker rustig begint, dit uur komen de beste clips voorbij. Van The Four Tops tot Boney M en van Herman’s Hermits tot Adamo, zó wil je je werkdag beginnen.</desc><category></category></programme><programme channel="141429689" start="20230112090144 +0000" stop="20230112110117 +0000" catchup-id="1317064807"><title>Koffietijd</title><date></date><icon src="https://t-mobiletv.nl:443/CPS/images/universal/film/program/202301/20230105/14/2023010502005970580c.jpg"></icon><desc>Twee uur lang de leukste clips voor bij koffie. Van Abba tot E.L.O. en van Greenfield &amp; Cook tot The Moody Blues, het zijn weer twee lekkere uurtjes bij 192TV. Koffietijd!</desc><category></category></programme><programme channel="141429689" start="20230112110117 +0000" stop="20230112130332 +0000" catchup-id="1317064813"><title>Muziek bij de lunch</title><date></date><icon src="https://t-mobiletv.nl:443/CPS/images/universal/film/program/202301/20230105/85/20230105020059705fdp.jpg"></icon><desc>Tijdens deze lunch kan echt alles voorbijkomen, van soul tot rock en van Nederlandstalig tot de beste Franse chansons. Twee uur lang de beste mix van grote hits en leuke clips, de leukste muziek bij je lunch!</desc><category></category></programme><programme channel="141429689" start="20230112130332 +0000" stop="20230112150033 +0000" catchup-id="1317064819"><title>Hits uit zee</title><date></date><icon src="https://t-mobiletv.nl:443/CPS/images/universal/film/program/202301/20230105/41/20230105020059705ppd.jpg"></icon><desc>De grootste hits uit de jaren 60, 70 en 80 komen voorbij in twee uur Hits uit zee. Je waant je weer terug in de ‘piratentijd’, Veronica, RNI, Caroline, allemaal draaiden ze de grote hits vanaf zee. Compleet met de originele jingles komen ze ook nu weer voorbij, van The Small Faces, Procol Harum en The Who, tot George Baker Selection, Shocking Blue en The Cats. Twee uur lang net doen of de hits weer van zee komen!</desc><category></category></programme><programme channel="141429689" start="20230112150033 +0000" stop="20230112170055 +0000" catchup-id="1317064825"><title>Alle remmen los</title><date></date><icon src="https://t-mobiletv.nl:443/CPS/images/universal/film/program/202301/20230105/95/20230105020059705m69.jpg"></icon><desc>Tussen 4 en 6 uur de beste ‘drive time’ hits, echte popklassiekers die je graag aan zou zetten als je op weg naar huis zou zijn. Gelukkig ben je al thuis en kun je twee uur lang Sniff ’n The Tears, Carly Simon, Chris Rea, Rod Stewart, Dire Straits e.v.a. voorbij zien komen. De volumeknop kan omhoog!</desc><category></category></programme>