<programme channel="141431319" start="20221229050000 +0000" stop="20221229110000 +0000" catchup-id="1311779559"><title>Nick Music</title><date></date><icon src="https://t-mobiletv.nl:443/CPS/images/universal/film/program/202212/20221222/44/20221222020124704ujq.jpg"></icon><desc>De leukste videoclips van de grootste artiesten, 24 uur per dag op Nick Music!</desc><category></category></programme><programme channel="141431319" start="20221229110000 +0000" stop="20221229170000 +0000" catchup-id="1311779565"><title>Nick Music</title><date></date><icon src="https://t-mobiletv.nl:443/CPS/images/universal/film/program/202212/20221222/17/202212220201247045ee.jpg"></icon><desc>De leukste videoclips van de grootste artiesten, 24 uur per dag op Nick Music!</desc><category></category></programme><programme channel="141431319" start="20221229170000 +0000" stop="20221229230000 +0000" catchup-id="1311779571"><title>Nick Music</title><date></date><icon src="https://t-mobiletv.nl:443/CPS/images/universal/film/program/202212/20221222/23/2022122202012470407o.jpg"></icon><desc>De leukste videoclips van de grootste artiesten, 24 uur per dag op Nick Music!</desc><category></category></programme><programme channel="141431319" start="20221229230000 +0000" stop="20221230050000 +0000" catchup-id="1311779577"><title>Nick Music</title><date></date><icon src="https://t-mobiletv.nl:443/CPS/images/universal/film/program/202212/20221222/5/202212220201247041ne.jpg"></icon><desc>De leukste videoclips van de grootste artiesten, 24 uur per dag op Nick Music!</desc><category></category></programme><programme channel="141431319" start="20221230050000 +0000" stop="20221230110000 +0000" catchup-id="1312185822"><title>Nick Music</title><date></date><icon src="https://t-mobiletv.nl:443/CPS/images/universal/film/program/202212/20221223/6/20221223020134733pmr.jpg"></icon><desc>De leukste videoclips van de grootste artiesten, 24 uur per dag op Nick Music!</desc><category></category></programme><programme channel="141431319" start="20221230110000 +0000" stop="20221230170000 +0000" catchup-id="1312185828"><title>Nick Music</title><date></date><icon src="https://t-mobiletv.nl:443/CPS/images/universal/film/program/202212/20221223/4/20221223020134733lc3.jpg"></icon><desc>De leukste videoclips van de grootste artiesten, 24 uur per dag op Nick Music!</desc><category></category></programme><programme channel="141431319" start="20221230170000 +0000" stop="20221230230000 +0000" catchup-id="1312185834"><title>Nick Music</title><date></date><icon src="https://t-mobiletv.nl:443/CPS/images/universal/film/program/202212/20221223/99/20221223020134733luk.jpg"></icon><desc>De leukste videoclips van de grootste artiesten, 24 uur per dag op Nick Music!</desc><category></category></programme><programme channel="141431319" start="20221230230000 +0000" stop="20221231050000 +0000" catchup-id="1312185840"><title>Nick Music</title><date></date><icon src="https://t-mobiletv.nl:443/CPS/images/universal/film/program/202212/20221223/4/20221223020134733j7x.jpg"></icon><desc>De leukste videoclips van de grootste artiesten, 24 uur per dag op Nick Music!</desc><category></category></programme><programme channel="141431319" start="20221231050000 +0000" stop="20221231110000 +0000" catchup-id="1312560925"><title>Nick Music</title><date></date><icon src="https://t-mobiletv.nl:443/CPS/images/universal/film/program/202212/20221224/68/20221224020101921lzv.jpg"></icon><desc>De leukste videoclips van de grootste artiesten, 24 uur per dag op Nick Music!</desc><category></category></programme><programme channel="141431319" start="20221231110000 +0000" stop="20221231170000 +0000" catchup-id="1312560931"><title>Nick Music</title><date></date><icon src="https://t-mobiletv.nl:443/CPS/images/universal/film/program/202212/20221224/10/20221224020101922q90.jpg"></icon><desc>De leukste videoclips van de grootste artiesten, 24 uur per dag op Nick Music!</desc><category></category></programme><programme channel="141431319" start="20221231170000 +0000" stop="20221231230000 +0000" catchup-id="1312560937"><title>Nick Music</title><date></date><icon src="https://t-mobiletv.nl:443/CPS/images/universal/film/program/202212/20221224/23/20221224020101922glp.jpg"></icon><desc>De leukste videoclips van de grootste artiesten, 24 uur per dag op Nick Music!</desc><category></category></programme><programme channel="141431319" start="20221231230000 +0000" stop="20230101050000 +0000" catchup-id="1312560943"><title>Nick Music</title><date></date><icon src="https://t-mobiletv.nl:443/CPS/images/universal/film/program/202212/20221224/71/20221224020101922fvj.jpg"></icon><desc>De leukste videoclips van de grootste artiesten, 24 uur per dag op Nick Music!</desc><category></category></programme><programme channel="141431319" start="20230101050000 +0000" stop="20230101110000 +0000" catchup-id="1312905425"><title>Nick Music</title><date></date><icon src="https://t-mobiletv.nl:443/CPS/images/universal/film/program/202212/20221225/18/20221225020050515qmr.jpg"></icon><desc>De leukste videoclips van de grootste artiesten, 24 uur per dag op Nick Music!</desc><category></category></programme><programme channel="141431319" start="20230101110000 +0000" stop="20230101170000 +0000" catchup-id="1312905431"><title>Nick Music</title><date></date><icon src="https://t-mobiletv.nl:443/CPS/images/universal/film/program/202212/20221225/43/20221225020050515w9q.jpg"></icon><desc>De leukste videoclips van de grootste artiesten, 24 uur per dag op Nick Music!</desc><category></category></programme><programme channel="141431319" start="20230101170000 +0000" stop="20230101230000 +0000" catchup-id="1312905437"><title>Nick Music</title><date></date><icon src="https://t-mobiletv.nl:443/CPS/images/universal/film/program/202212/20221225/81/20221225020050515otj.jpg"></icon><desc>De leukste videoclips van de grootste artiesten, 24 uur per dag op Nick Music!</desc><category></category></programme><programme channel="141431319" start="20230101230000 +0000" stop="20230102050000 +0000" catchup-id="1312905443"><title>Nick Music</title><date></date><icon src="https://t-mobiletv.nl:443/CPS/images/universal/film/program/202212/20221225/16/20221225020050515r6m.jpg"></icon><desc>De leukste videoclips van de grootste artiesten, 24 uur per dag op Nick Music!</desc><category></category></programme><programme channel="141431319" start="20230102050000 +0000" stop="20230102110000 +0000" catchup-id="1313230490"><title>Nick Music</title><date></date><icon src="https://t-mobiletv.nl:443/CPS/images/universal/film/program/202212/20221226/85/20221226020044719gge.jpg"></icon><desc>De leukste videoclips van de grootste artiesten, 24 uur per dag op Nick Music!</desc><category></category></programme><programme channel="141431319" start="20230102110000 +0000" stop="20230102170000 +0000" catchup-id="1313230496"><title>Nick Music</title><date></date><icon src="https://t-mobiletv.nl:443/CPS/images/universal/film/program/202212/20221226/82/20221226020044719owz.jpg"></icon><desc>De leukste videoclips van de grootste artiesten, 24 uur per dag op Nick Music!</desc><category></category></programme><programme channel="141431319" start="20230102170000 +0000" stop="20230102230000 +0000" catchup-id="1313230502"><title>Nick Music</title><date></date><icon src="https://t-mobiletv.nl:443/CPS/images/universal/film/program/202212/20221226/92/2022122602004471904c.jpg"></icon><desc>De leukste videoclips van de grootste artiesten, 24 uur per dag op Nick Music!</desc><category></category></programme><programme channel="141431319" start="20230102230000 +0000" stop="20230103050000 +0000" catchup-id="1313230508"><title>Nick Music</title><date></date><icon src="https://t-mobiletv.nl:443/CPS/images/universal/film/program/202212/20221226/12/20221226020044719ezz.jpg"></icon><desc>De leukste videoclips van de grootste artiesten, 24 uur per dag op Nick Music!</desc><category></category></programme><programme channel="141431319" start="20230103050000 +0000" stop="20230103110000 +0000" catchup-id="1313596290"><title>Nick Music</title><date></date><icon src="https://t-mobiletv.nl:443/CPS/images/universal/film/program/202212/20221227/75/20221227020125512kq3.jpg"></icon><desc>De leukste videoclips van de grootste artiesten, 24 uur per dag op Nick Music!</desc><category></category></programme><programme channel="141431319" start="20230103110000 +0000" stop="20230103170000 +0000" catchup-id="1313596296"><title>Nick Music</title><date></date><icon src="https://t-mobiletv.nl:443/CPS/images/universal/film/program/202212/20221227/20/20221227020125512jfe.jpg"></icon><desc>De leukste videoclips van de grootste artiesten, 24 uur per dag op Nick Music!</desc><category></category></programme><programme channel="141431319" start="20230103170000 +0000" stop="20230103230000 +0000" catchup-id="1313596302"><title>Nick Music</title><date></date><icon src="https://t-mobiletv.nl:443/CPS/images/universal/film/program/202212/20221227/44/202212270201255120wi.jpg"></icon><desc>De leukste videoclips van de grootste artiesten, 24 uur per dag op Nick Music!</desc><category></category></programme><programme channel="141431319" start="20230103230000 +0000" stop="20230104050000 +0000" catchup-id="1313596308"><title>Nick Music</title><date></date><icon src="https://t-mobiletv.nl:443/CPS/images/universal/film/program/202212/20221227/92/2022122702012551269s.jpg"></icon><desc>De leukste videoclips van de grootste artiesten, 24 uur per dag op Nick Music!</desc><category></category></programme><programme channel="141431319" start="20230104050000 +0000" stop="20230104110000 +0000" catchup-id="1313949987"><title>Nick Music</title><date></date><icon src="https://t-mobiletv.nl:443/CPS/images/universal/film/program/202212/20221228/46/20221228020100548d7q.jpg"></icon><desc>De leukste videoclips van de grootste artiesten, 24 uur per dag op Nick Music!</desc><category></category></programme><programme channel="141431319" start="20230104110000 +0000" stop="20230104170000 +0000" catchup-id="1313949993"><title>Nick Music</title><date></date><icon src="https://t-mobiletv.nl:443/CPS/images/universal/film/program/202212/20221228/94/20221228020100548b75.jpg"></icon><desc>De leukste videoclips van de grootste artiesten, 24 uur per dag op Nick Music!</desc><category></category></programme><programme channel="141431319" start="20230104170000 +0000" stop="20230104230000 +0000" catchup-id="1313949999"><title>Nick Music</title><date></date><icon src="https://t-mobiletv.nl:443/CPS/images/universal/film/program/202212/20221228/57/20221228020100548iy9.jpg"></icon><desc>De leukste videoclips van de grootste artiesten, 24 uur per dag op Nick Music!</desc><category></category></programme><programme channel="141431319" start="20230104230000 +0000" stop="20230105050000 +0000" catchup-id="1313950005"><title>Nick Music</title><date></date><icon src="https://t-mobiletv.nl:443/CPS/images/universal/film/program/202212/20221228/92/20221228020100548el4.jpg"></icon><desc>De leukste videoclips van de grootste artiesten, 24 uur per dag op Nick Music!</desc><category></category></programme><programme channel="141431319" start="20230105050000 +0000" stop="20230105110000 +0000" catchup-id="1314369014"><title>Nick Music</title><date></date><icon src="https://t-mobiletv.nl:443/CPS/images/universal/film/program/202212/20221229/15/20221229020059722o1a.jpg"></icon><desc>De leukste videoclips van de grootste artiesten, 24 uur per dag op Nick Music!</desc><category></category></programme><programme channel="141431319" start="20230105110000 +0000" stop="20230105170000 +0000" catchup-id="1314369020"><title>Nick Music</title><date></date><icon src="https://t-mobiletv.nl:443/CPS/images/universal/film/program/202212/20221229/33/202212290200597224ub.jpg"></icon><desc>De leukste videoclips van de grootste artiesten, 24 uur per dag op Nick Music!</desc><category></category></programme><programme channel="141431319" start="20230105170000 +0000" stop="20230105230000 +0000" catchup-id="1314369026"><title>Nick Music</title><date></date><icon src="https://t-mobiletv.nl:443/CPS/images/universal/film/program/202212/20221229/70/20221229020059722g0s.jpg"></icon><desc>De leukste videoclips van de grootste artiesten, 24 uur per dag op Nick Music!</desc><category></category></programme><programme channel="141431319" start="20230105230000 +0000" stop="20230106050000 +0000" catchup-id="1314369032"><title>Nick Music</title><date></date><icon src="https://t-mobiletv.nl:443/CPS/images/universal/film/program/202212/20221229/30/20221229020059722etx.jpg"></icon><desc>De leukste videoclips van de grootste artiesten, 24 uur per dag op Nick Music!</desc><category></category></programme><programme channel="141431319" start="20230106050000 +0000" stop="20230106110000 +0000" catchup-id="1314837519"><title>Nick Music</title><date></date><icon src="https://t-mobiletv.nl:443/CPS/images/universal/film/program/202212/20221230/9/20221230020120509drx.jpg"></icon><desc>De leukste videoclips van de grootste artiesten, 24 uur per dag op Nick Music!</desc><category></category></programme><programme channel="141431319" start="20230106110000 +0000" stop="20230106170000 +0000" catchup-id="1314837525"><title>Nick Music</title><date></date><icon src="https://t-mobiletv.nl:443/CPS/images/universal/film/program/202212/20221230/76/20221230020120509vui.jpg"></icon><desc>De leukste videoclips van de grootste artiesten, 24 uur per dag op Nick Music!</desc><category></category></programme><programme channel="141431319" start="20230106170000 +0000" stop="20230106230000 +0000" catchup-id="1314837531"><title>Nick Music</title><date></date><icon src="https://t-mobiletv.nl:443/CPS/images/universal/film/program/202212/20221230/91/20221230020120509br7.jpg"></icon><desc>De leukste videoclips van de grootste artiesten, 24 uur per dag op Nick Music!</desc><category></category></programme><programme channel="141431319" start="20230106230000 +0000" stop="20230107050000 +0000" catchup-id="1314837537"><title>Nick Music</title><date></date><icon src="https://t-mobiletv.nl:443/CPS/images/universal/film/program/202212/20221230/96/20221230020120509k7q.jpg"></icon><desc>De leukste videoclips van de grootste artiesten, 24 uur per dag op Nick Music!</desc><category></category></programme><programme channel="141431319" start="20230107050000 +0000" stop="20230107110000 +0000" catchup-id="1315238868"><title>Nick Music</title><date></date><icon src="https://t-mobiletv.nl:443/CPS/images/universal/film/program/202212/20221231/69/202212310201247051sp.jpg"></icon><desc>De leukste videoclips van de grootste artiesten, 24 uur per dag op Nick Music!</desc><category></category></programme><programme channel="141431319" start="20230107110000 +0000" stop="20230107170000 +0000" catchup-id="1315238874"><title>Nick Music</title><date></date><icon src="https://t-mobiletv.nl:443/CPS/images/universal/film/program/202212/20221231/41/20221231020124705wei.jpg"></icon><desc>De leukste videoclips van de grootste artiesten, 24 uur per dag op Nick Music!</desc><category></category></programme><programme channel="141431319" start="20230107170000 +0000" stop="20230107230000 +0000" catchup-id="1315238880"><title>Nick Music</title><date></date><icon src="https://t-mobiletv.nl:443/CPS/images/universal/film/program/202212/20221231/30/2022123102012470588d.jpg"></icon><desc>De leukste videoclips van de grootste artiesten, 24 uur per dag op Nick Music!</desc><category></category></programme><programme channel="141431319" start="20230107230000 +0000" stop="20230108050000 +0000" catchup-id="1315238886"><title>Nick Music</title><date></date><icon src="https://t-mobiletv.nl:443/CPS/images/universal/film/program/202212/20221231/95/20221231020124705xob.jpg"></icon><desc>De leukste videoclips van de grootste artiesten, 24 uur per dag op Nick Music!</desc><category></category></programme><programme channel="141431319" start="20230108050000 +0000" stop="20230108110000 +0000" catchup-id="1315631954"><title>Nick Music</title><date></date><icon src="https://t-mobiletv.nl:443/CPS/images/universal/film/program/202301/20230101/91/20230101020154727gjw.jpg"></icon><desc>De leukste videoclips van de grootste artiesten, 24 uur per dag op Nick Music!</desc><category></category></programme><programme channel="141431319" start="20230108110000 +0000" stop="20230108170000 +0000" catchup-id="1315631960"><title>Nick Music</title><date></date><icon src="https://t-mobiletv.nl:443/CPS/images/universal/film/program/202301/20230101/16/20230101020154727woy.jpg"></icon><desc>De leukste videoclips van de grootste artiesten, 24 uur per dag op Nick Music!</desc><category></category></programme><programme channel="141431319" start="20230108170000 +0000" stop="20230108230000 +0000" catchup-id="1315631966"><title>Nick Music</title><date></date><icon src="https://t-mobiletv.nl:443/CPS/images/universal/film/program/202301/20230101/78/20230101020154727lao.jpg"></icon><desc>De leukste videoclips van de grootste artiesten, 24 uur per dag op Nick Music!</desc><category></category></programme><programme channel="141431319" start="20230108230000 +0000" stop="20230109050000 +0000" catchup-id="1315631972"><title>Nick Music</title><date></date><icon src="https://t-mobiletv.nl:443/CPS/images/universal/film/program/202301/20230101/66/20230101020154727s01.jpg"></icon><desc>De leukste videoclips van de grootste artiesten, 24 uur per dag op Nick Music!</desc><category></category></programme><programme channel="141431319" start="20230109050000 +0000" stop="20230109110000 +0000" catchup-id="1315939709"><title>Nick Music</title><date></date><icon src="https://t-mobiletv.nl:443/CPS/images/universal/film/program/202301/20230102/37/20230102020115507mji.jpg"></icon><desc>De leukste videoclips van de grootste artiesten, 24 uur per dag op Nick Music!</desc><category></category></programme><programme channel="141431319" start="20230109110000 +0000" stop="20230109170000 +0000" catchup-id="1315939715"><title>Nick Music</title><date></date><icon src="https://t-mobiletv.nl:443/CPS/images/universal/film/program/202301/20230102/54/20230102020115507kqa.jpg"></icon><desc>De leukste videoclips van de grootste artiesten, 24 uur per dag op Nick Music!</desc><category></category></programme><programme channel="141431319" start="20230109170000 +0000" stop="20230109230000 +0000" catchup-id="1315939721"><title>Nick Music</title><date></date><icon src="https://t-mobiletv.nl:443/CPS/images/universal/film/program/202301/20230102/27/20230102020115507y3k.jpg"></icon><desc>De leukste videoclips van de grootste artiesten, 24 uur per dag op Nick Music!</desc><category></category></programme><programme channel="141431319" start="20230109230000 +0000" stop="20230110050000 +0000" catchup-id="1315939727"><title>Nick Music</title><date></date><icon src="https://t-mobiletv.nl:443/CPS/images/universal/film/program/202301/20230102/74/20230102020115507935.jpg"></icon><desc>De leukste videoclips van de grootste artiesten, 24 uur per dag op Nick Music!</desc><category></category></programme><programme channel="141431319" start="20230110050000 +0000" stop="20230110110000 +0000" catchup-id="1316291282"><title>Nick Music</title><date></date><icon src="https://t-mobiletv.nl:443/CPS/images/universal/film/program/202301/20230103/80/20230103020110507jyk.jpg"></icon><desc>De leukste videoclips van de grootste artiesten, 24 uur per dag op Nick Music!</desc><category></category></programme><programme channel="141431319" start="20230110110000 +0000" stop="20230110170000 +0000" catchup-id="1316291288"><title>Nick Music</title><date></date><icon src="https://t-mobiletv.nl:443/CPS/images/universal/film/program/202301/20230103/45/202301030201105077vj.jpg"></icon><desc>De leukste videoclips van de grootste artiesten, 24 uur per dag op Nick Music!</desc><category></category></programme><programme channel="141431319" start="20230110170000 +0000" stop="20230110230000 +0000" catchup-id="1316291294"><title>Nick Music</title><date></date><icon src="https://t-mobiletv.nl:443/CPS/images/universal/film/program/202301/20230103/80/20230103020110508hem.jpg"></icon><desc>De leukste videoclips van de grootste artiesten, 24 uur per dag op Nick Music!</desc><category></category></programme><programme channel="141431319" start="20230110230000 +0000" stop="20230111050000 +0000" catchup-id="1316291300"><title>Nick Music</title><date></date><icon src="https://t-mobiletv.nl:443/CPS/images/universal/film/program/202301/20230103/80/20230103020110508wkm.jpg"></icon><desc>De leukste videoclips van de grootste artiesten, 24 uur per dag op Nick Music!</desc><category></category></programme><programme channel="141431319" start="20230111050000 +0000" stop="20230111110000 +0000" catchup-id="1316690609"><title>Nick Music</title><date></date><icon src="https://t-mobiletv.nl:443/CPS/images/universal/film/program/202301/20230104/71/20230104020125507l7r.jpg"></icon><desc>De leukste videoclips van de grootste artiesten, 24 uur per dag op Nick Music!</desc><category></category></programme><programme channel="141431319" start="20230111110000 +0000" stop="20230111170000 +0000" catchup-id="1316690615"><title>Nick Music</title><date></date><icon src="https://t-mobiletv.nl:443/CPS/images/universal/film/program/202301/20230104/14/202301040201255074dp.jpg"></icon><desc>De leukste videoclips van de grootste artiesten, 24 uur per dag op Nick Music!</desc><category></category></programme><programme channel="141431319" start="20230111170000 +0000" stop="20230111230000 +0000" catchup-id="1316690621"><title>Nick Music</title><date></date><icon src="https://t-mobiletv.nl:443/CPS/images/universal/film/program/202301/20230104/55/20230104020125508frh.jpg"></icon><desc>De leukste videoclips van de grootste artiesten, 24 uur per dag op Nick Music!</desc><category></category></programme><programme channel="141431319" start="20230111230000 +0000" stop="20230112050000 +0000" catchup-id="1316690627"><title>Nick Music</title><date></date><icon src="https://t-mobiletv.nl:443/CPS/images/universal/film/program/202301/20230104/58/20230104020125508gea.jpg"></icon><desc></desc><category></category></programme>