<programme channel="141431235" start="20221229060000 +0000" stop="20221229070000 +0000" catchup-id="1311757158"><title>Kinderclips</title><date></date><icon src="https://t-mobiletv.nl:443/CPS/images/universal/film/program/202212/20221222/11/20221222020055634ek2.jpg"></icon><desc>De leukste kinderclips zie je bij TV Oranje. Zing je mee?</desc><category></category></programme><programme channel="141431235" start="20221229070000 +0000" stop="20221229230000 +0000" catchup-id="1311757420"><title>TV Oranje Top1000</title><date></date><icon src="https://t-mobiletv.nl:443/CPS/images/universal/film/program/202212/20221222/53/20221222020055634ze4.jpg"></icon><desc>De 1000 meest aangevraagde clips van TV Oranje in 2022. Op vrijdag 23 december wordt de lijst traditiegetrouw bekendgemaakt. Kijk voor de hele lijst op tvoranje.nl</desc><category></category></programme><programme channel="141431235" start="20221229230000 +0000" stop="20221230230000 +0000" catchup-id="1311757426"><title>TV Oranje Top1000</title><date></date><icon src="https://t-mobiletv.nl:443/CPS/images/universal/film/program/202212/20221222/70/20221222020055634185.jpg"></icon><desc>De 1000 meest aangevraagde clips van TV Oranje in 2022. Op vrijdag 23 december wordt de lijst traditiegetrouw bekendgemaakt. Kijk voor de hele lijst op tvoranje.nl</desc><category></category></programme><programme channel="141431235" start="20221230230000 +0000" stop="20221231180000 +0000" catchup-id="1312180123"><title>TV Oranje Top1000</title><date></date><icon src="https://t-mobiletv.nl:443/CPS/images/universal/film/program/202212/20221223/35/20221223020125543wa8.jpg"></icon><desc>De 1000 meest aangevraagde clips van TV Oranje in 2022. Op vrijdag 23 december wordt de lijst traditiegetrouw bekendgemaakt. Kijk voor de hele lijst op tvoranje.nl</desc><category></category></programme><programme channel="141431235" start="20221231180000 +0000" stop="20221231190000 +0000" catchup-id="1312548928"><title>Oranje Top 30</title><date></date><icon src="https://t-mobiletv.nl:443/CPS/images/universal/film/program/202212/20221224/52/202212240200355342va.jpg"></icon><desc>De 30 populairste nummers van eigen bodem, gebaseerd op gegevens van de media, handel en industrie. Kijk voor de gehele lijst op oranjetop30.nl.</desc><category></category></programme><programme channel="141431235" start="20221231190000 +0000" stop="20221231230000 +0000" catchup-id="1312548934"><title>TV Oranje terugblik 2022</title><date></date><icon src="https://t-mobiletv.nl:443/CPS/images/universal/film/program/202212/20221224/87/202212240200355340u2.jpg"></icon><desc>TV Oranje blikt muzikaal terug op het afgelopen jaar.</desc><category></category></programme><programme channel="141431235" start="20221231230000 +0000" stop="20230101060000 +0000" catchup-id="1312548940"><title>Feest in de tent</title><date></date><icon src="https://t-mobiletv.nl:443/CPS/images/universal/film/program/202212/20221224/52/20221224020035534c5l.jpg"></icon><desc>Waar is dat feestje? Hier is dat feestje! De gezelligste clips zie je elk weekend bij TV Oranje.</desc><category></category></programme><programme channel="141431235" start="20230101060000 +0000" stop="20230101070000 +0000" catchup-id="1312902437"><title>Kinderclips</title><date></date><icon src="https://t-mobiletv.nl:443/CPS/images/universal/film/program/202212/20221225/50/20221225020040508cwy.jpg"></icon><desc>De leukste kinderclips zie je bij TV Oranje. Zing je mee?</desc><category></category></programme><programme channel="141431235" start="20230101070000 +0000" stop="20230101100000 +0000" catchup-id="1312902507"><title>TV Oranje terugblik 2022</title><date></date><icon src="https://t-mobiletv.nl:443/CPS/images/universal/film/program/202212/20221225/20/20221225020040508mbc.jpg"></icon><desc>TV Oranje blikt muzikaal terug op het afgelopen jaar.</desc><category></category></programme><programme channel="141431235" start="20230101100000 +0000" stop="20230101110000 +0000" catchup-id="1312902513"><title>Oranje Top 30</title><date></date><icon src="https://t-mobiletv.nl:443/CPS/images/universal/film/program/202212/20221225/19/20221225020040508ppp.jpg"></icon><desc>De 30 populairste nummers van eigen bodem, gebaseerd op gegevens van de media, handel en industrie. Kijk voor de gehele lijst op oranjetop30.nl.</desc><category></category></programme><programme channel="141431235" start="20230101110000 +0000" stop="20230101180000 +0000" catchup-id="1312902519"><title>TV Oranje terugblik 2022</title><date></date><icon src="https://t-mobiletv.nl:443/CPS/images/universal/film/program/202212/20221225/90/20221225020040509b34.jpg"></icon><desc>TV Oranje blikt muzikaal terug op het afgelopen jaar.</desc><category></category></programme><programme channel="141431235" start="20230101180000 +0000" stop="20230101230000 +0000" catchup-id="1312902525"><title>TV Oranje Top1000</title><date></date><icon src="https://t-mobiletv.nl:443/CPS/images/universal/film/program/202212/20221225/56/202212250200405094k9.jpg"></icon><desc>De 1000 meest aangevraagde clips van TV Oranje in 2022. Op vrijdag 23 december wordt de lijst traditiegetrouw bekendgemaakt. Kijk voor de hele lijst op tvoranje.nl</desc><category></category></programme><programme channel="141431235" start="20230101230000 +0000" stop="20230102230000 +0000" catchup-id="1312902531"><title>TV Oranje Top1000</title><date></date><icon src="https://t-mobiletv.nl:443/CPS/images/universal/film/program/202212/20221225/65/20221225020040509t0s.jpg"></icon><desc>De 1000 meest aangevraagde clips van TV Oranje in 2022. Op vrijdag 23 december wordt de lijst traditiegetrouw bekendgemaakt. Kijk voor de hele lijst op tvoranje.nl</desc><category></category></programme><programme channel="141431235" start="20230102230000 +0000" stop="20230103230000 +0000" catchup-id="1313266824"><title>TV Oranje Top1000</title><date></date><icon src="https://t-mobiletv.nl:443/CPS/images/universal/film/program/202212/20221226/90/202212260201405100f5.jpg"></icon><desc>De 1000 meest aangevraagde clips van TV Oranje in 2022. Op vrijdag 23 december wordt de lijst traditiegetrouw bekendgemaakt. Kijk voor de hele lijst op tvoranje.nl</desc><category></category></programme><programme channel="141431235" start="20230103230000 +0000" stop="20230104050000 +0000" catchup-id="1313578611"><title>TV Oranje Top1000</title><date></date><icon src="https://t-mobiletv.nl:443/CPS/images/universal/film/program/202212/20221227/73/202212270201047161nm.jpg"></icon><desc>De 1000 meest aangevraagde clips van TV Oranje in 2022. Op vrijdag 23 december wordt de lijst traditiegetrouw bekendgemaakt. Kijk voor de hele lijst op tvoranje.nl</desc><category></category></programme><programme channel="141431235" start="20230104050000 +0000" stop="20230104060000 +0000" catchup-id="1313976789"><title>Wakker worden</title><date></date><icon src="https://t-mobiletv.nl:443/CPS/images/universal/film/program/202212/20221228/19/20221228020135518h39.jpg"></icon><desc>Opstaan met je favoriete artiesten en de beste hits van eigen bodem.</desc><category></category></programme><programme channel="141431235" start="20230104060000 +0000" stop="20230104070000 +0000" catchup-id="1313976795"><title>Kinderclips</title><date></date><icon src="https://t-mobiletv.nl:443/CPS/images/universal/film/program/202212/20221228/91/20221228020135518rxm.jpg"></icon><desc>De leukste kinderclips zie je bij TV Oranje. Zing je mee?</desc><category></category></programme><programme channel="141431235" start="20230104070000 +0000" stop="20230104090000 +0000" catchup-id="1313976801"><title>Koffieclips</title><date></date><icon src="https://t-mobiletv.nl:443/CPS/images/universal/film/program/202212/20221228/91/20221228020135518hx5.jpg"></icon><desc>Lekkere muziek van eigen bodem voor bij de koffie.</desc><category></category></programme><programme channel="141431235" start="20230104090000 +0000" stop="20230104110000 +0000" catchup-id="1313976807"><title>Aan het werk</title><date></date><icon src="https://t-mobiletv.nl:443/CPS/images/universal/film/program/202212/20221228/49/20221228020135518oq1.jpg"></icon><desc>Lekker aan de slag met muziek van eigen bodem.</desc><category></category></programme><programme channel="141431235" start="20230104110000 +0000" stop="20230104130000 +0000" catchup-id="1313978221"><title>Middagpauze</title><date></date><icon src="https://t-mobiletv.nl:443/CPS/images/universal/film/program/202212/20221228/99/20221228020135518mlr.jpg"></icon><desc>TV Oranje maakt jouw lunchpauze compleet met smakelijke muziek van eigen bodem.</desc><category></category></programme><programme channel="141431235" start="20230104130000 +0000" stop="20230104150000 +0000" catchup-id="1313978227"><title>Heel Hollands</title><date></date><icon src="https://t-mobiletv.nl:443/CPS/images/universal/film/program/202212/20221228/20/20221228020135518hip.jpg"></icon><desc>Alleen maar muziek van eigen bodem, daarvoor moet je natuurlijk bij TV Oranje zijn!</desc><category></category></programme><programme channel="141431235" start="20230104150000 +0000" stop="20230104170000 +0000" catchup-id="1313978233"><title>Tijd voor thuis</title><date></date><icon src="https://t-mobiletv.nl:443/CPS/images/universal/film/program/202212/20221228/28/2022122802013551823z.jpg"></icon><desc>Voel je helemaal thuis met deze heerlijke muziek van eigen bodem.</desc><category></category></programme><programme channel="141431235" start="20230104170000 +0000" stop="20230104180000 +0000" catchup-id="1313978239"><title>Verzoekparade</title><date></date><icon src="https://t-mobiletv.nl:443/CPS/images/universal/film/program/202212/20221228/37/20221228020135518yvp.jpg"></icon><desc>De meest aangevraagde clips van vandaag. Breng je stem uit via verzoekparade.nl en zie jouw favoriete clip morgen bij TV Oranje!</desc><category></category></programme><programme channel="141431235" start="20230104180000 +0000" stop="20230104210000 +0000" catchup-id="1313978245"><title>Hollandse Hits</title><date></date><icon src="https://t-mobiletv.nl:443/CPS/images/universal/film/program/202212/20221228/86/20221228020135518bzo.jpg"></icon><desc>Een heerlijke mix met Hollandse Hits van toen en nu.</desc><category></category></programme><programme channel="141431235" start="20230104210000 +0000" stop="20230104230000 +0000" catchup-id="1313978251"><title>Voor het slapen</title><date></date><icon src="https://t-mobiletv.nl:443/CPS/images/universal/film/program/202212/20221228/74/20221228020135518psv.jpg"></icon><desc>Nog even een paar clips van eigen bodem en dan naar bed.</desc><category></category></programme><programme channel="141431235" start="20230104230000 +0000" stop="20230105040000 +0000" catchup-id="1313978257"><title>TV Oranje Nonstop</title><date></date><icon src="https://t-mobiletv.nl:443/CPS/images/universal/film/program/202212/20221228/21/20221228020135518pj2.jpg"></icon><desc>Non-stop de beste muziek van eigen bodem.</desc><category></category></programme><programme channel="141431235" start="20230105040000 +0000" stop="20230105060000 +0000" catchup-id="1313978263"><title>Wakker worden</title><date></date><icon src="https://t-mobiletv.nl:443/CPS/images/universal/film/program/202212/20221228/73/20221228020135518ag8.jpg"></icon><desc>Opstaan met je favoriete artiesten en de beste hits van eigen bodem.</desc><category></category></programme><programme channel="141431235" start="20230105060000 +0000" stop="20230105070000 +0000" catchup-id="1314384153"><title>Kinderclips</title><date></date><icon src="https://t-mobiletv.nl:443/CPS/images/universal/film/program/202212/20221229/42/20221229020120521nxx.jpg"></icon><desc>De leukste kinderclips zie je bij TV Oranje. Zing je mee?</desc><category></category></programme><programme channel="141431235" start="20230105070000 +0000" stop="20230105090000 +0000" catchup-id="1314384159"><title>Koffieclips</title><date></date><icon src="https://t-mobiletv.nl:443/CPS/images/universal/film/program/202212/20221229/38/20221229020120521i19.jpg"></icon><desc>Lekkere muziek van eigen bodem voor bij de koffie.</desc><category></category></programme><programme channel="141431235" start="20230105090000 +0000" stop="20230105110000 +0000" catchup-id="1314384165"><title>Aan het werk</title><date></date><icon src="https://t-mobiletv.nl:443/CPS/images/universal/film/program/202212/20221229/28/202212290201205216nw.jpg"></icon><desc>Lekker aan de slag met muziek van eigen bodem.</desc><category></category></programme><programme channel="141431235" start="20230105110000 +0000" stop="20230105130000 +0000" catchup-id="1314385003"><title>Middagpauze</title><date></date><icon src="https://t-mobiletv.nl:443/CPS/images/universal/film/program/202212/20221229/64/20221229020120521olf.jpg"></icon><desc>TV Oranje maakt jouw lunchpauze compleet met smakelijke muziek van eigen bodem.</desc><category></category></programme><programme channel="141431235" start="20230105130000 +0000" stop="20230105150000 +0000" catchup-id="1314385009"><title>Heel Hollands</title><date></date><icon src="https://t-mobiletv.nl:443/CPS/images/universal/film/program/202212/20221229/9/202212290201205215bl.jpg"></icon><desc>Alleen maar muziek van eigen bodem, daarvoor moet je natuurlijk bij TV Oranje zijn!</desc><category></category></programme><programme channel="141431235" start="20230105150000 +0000" stop="20230105170000 +0000" catchup-id="1314385015"><title>Tijd voor thuis</title><date></date><icon src="https://t-mobiletv.nl:443/CPS/images/universal/film/program/202212/20221229/57/20221229020120521f3l.jpg"></icon><desc>Voel je helemaal thuis met deze heerlijke muziek van eigen bodem.</desc><category></category></programme><programme channel="141431235" start="20230105170000 +0000" stop="20230105180000 +0000" catchup-id="1314385021"><title>Verzoekparade</title><date></date><icon src="https://t-mobiletv.nl:443/CPS/images/universal/film/program/202212/20221229/3/202212290201205213ua.jpg"></icon><desc>De meest aangevraagde clips van vandaag. Breng je stem uit via verzoekparade.nl en zie jouw favoriete clip morgen bij TV Oranje!</desc><category></category></programme><programme channel="141431235" start="20230105180000 +0000" stop="20230105210000 +0000" catchup-id="1314385027"><title>Hollandse Hits</title><date></date><icon src="https://t-mobiletv.nl:443/CPS/images/universal/film/program/202212/20221229/65/20221229020120521blk.jpg"></icon><desc>Een heerlijke mix met Hollandse Hits van toen en nu.</desc><category></category></programme><programme channel="141431235" start="20230105210000 +0000" stop="20230105230000 +0000" catchup-id="1314385033"><title>Voor het slapen</title><date></date><icon src="https://t-mobiletv.nl:443/CPS/images/universal/film/program/202212/20221229/60/2022122902012052140k.jpg"></icon><desc>Nog even een paar clips van eigen bodem en dan naar bed.</desc><category></category></programme><programme channel="141431235" start="20230105230000 +0000" stop="20230106040000 +0000" catchup-id="1314385039"><title>TV Oranje Nonstop</title><date></date><icon src="https://t-mobiletv.nl:443/CPS/images/universal/film/program/202212/20221229/91/202212290201205215gt.jpg"></icon><desc>Non-stop de beste muziek van eigen bodem.</desc><category></category></programme><programme channel="141431235" start="20230106040000 +0000" stop="20230106060000 +0000" catchup-id="1314385045"><title>Wakker worden</title><date></date><icon src="https://t-mobiletv.nl:443/CPS/images/universal/film/program/202212/20221229/39/20221229020120521kj2.jpg"></icon><desc>Opstaan met je favoriete artiesten en de beste hits van eigen bodem.</desc><category></category></programme><programme channel="141431235" start="20230106060000 +0000" stop="20230106070000 +0000" catchup-id="1314856009"><title>Kinderclips</title><date></date><icon src="https://t-mobiletv.nl:443/CPS/images/universal/film/program/202212/20221230/56/20221230020145509q9q.jpg"></icon><desc>De leukste kinderclips zie je bij TV Oranje. Zing je mee?</desc><category></category></programme><programme channel="141431235" start="20230106070000 +0000" stop="20230106090000 +0000" catchup-id="1314856015"><title>Koffieclips</title><date></date><icon src="https://t-mobiletv.nl:443/CPS/images/universal/film/program/202212/20221230/34/20221230020145509gt2.jpg"></icon><desc>Lekkere muziek van eigen bodem voor bij de koffie.</desc><category></category></programme><programme channel="141431235" start="20230106090000 +0000" stop="20230106110000 +0000" catchup-id="1314856021"><title>Aan het werk</title><date></date><icon src="https://t-mobiletv.nl:443/CPS/images/universal/film/program/202212/20221230/50/202212300201455092xd.jpg"></icon><desc>Lekker aan de slag met muziek van eigen bodem.</desc><category></category></programme><programme channel="141431235" start="20230106110000 +0000" stop="20230106130000 +0000" catchup-id="1314856027"><title>Middagpauze</title><date></date><icon src="https://t-mobiletv.nl:443/CPS/images/universal/film/program/202212/20221230/55/202212300201455095jf.jpg"></icon><desc>TV Oranje maakt jouw lunchpauze compleet met smakelijke muziek van eigen bodem.</desc><category></category></programme><programme channel="141431235" start="20230106130000 +0000" stop="20230106150000 +0000" catchup-id="1314856033"><title>Heel Hollands</title><date></date><icon src="https://t-mobiletv.nl:443/CPS/images/universal/film/program/202212/20221230/11/202212300201455094jj.jpg"></icon><desc>Alleen maar muziek van eigen bodem, daarvoor moet je natuurlijk bij TV Oranje zijn!</desc><category></category></programme><programme channel="141431235" start="20230106150000 +0000" stop="20230106170000 +0000" catchup-id="1314856039"><title>Tijd voor thuis</title><date></date><icon src="https://t-mobiletv.nl:443/CPS/images/universal/film/program/202212/20221230/5/20221230020145510tlf.jpg"></icon><desc>Voel je helemaal thuis met deze heerlijke muziek van eigen bodem.</desc><category></category></programme><programme channel="141431235" start="20230106170000 +0000" stop="20230106180000 +0000" catchup-id="1314856045"><title>Verzoekparade</title><date></date><icon src="https://t-mobiletv.nl:443/CPS/images/universal/film/program/202212/20221230/48/20221230020145510jmf.jpg"></icon><desc>De meest aangevraagde clips van vandaag. Breng je stem uit via verzoekparade.nl en zie jouw favoriete clip morgen bij TV Oranje!</desc><category></category></programme><programme channel="141431235" start="20230106180000 +0000" stop="20230106190000 +0000" catchup-id="1314856051"><title>TV Oranje live</title><date></date><icon src="https://t-mobiletv.nl:443/CPS/images/universal/film/program/202212/20221230/62/20221230020145510a9x.jpg"></icon><desc>De beste live optredens van jouw favoriete Nederlandse artiesten.</desc><category></category></programme><programme channel="141431235" start="20230106190000 +0000" stop="20230106200000 +0000" catchup-id="1314856057"><title>Oranje Top 30</title><date></date><icon src="https://t-mobiletv.nl:443/CPS/images/universal/film/program/202212/20221230/48/202212300201455108is.jpg"></icon><desc>De 30 populairste nummers van eigen bodem, gebaseerd op gegevens van de media, handel en industrie. Kijk voor de gehele lijst op oranjetop30.nl.</desc><category></category></programme><programme channel="141431235" start="20230106200000 +0000" stop="20230106230000 +0000" catchup-id="1314856063"><title>Borreltijd</title><date></date><icon src="https://t-mobiletv.nl:443/CPS/images/universal/film/program/202212/20221230/76/20221230020145510whj.jpg"></icon><desc>Jouw uitgaansavond begint met deze feestelijke clips, die borrelen van energie.</desc><category></category></programme><programme channel="141431235" start="20230106230000 +0000" stop="20230107040000 +0000" catchup-id="1314856069"><title>Feest in de tent</title><date></date><icon src="https://t-mobiletv.nl:443/CPS/images/universal/film/program/202212/20221230/35/20221230020145510b8g.jpg"></icon><desc>Waar is dat feestje? Hier is dat feestje! De gezelligste clips zie je elk weekend bij TV Oranje.</desc><category></category></programme><programme channel="141431235" start="20230107040000 +0000" stop="20230107060000 +0000" catchup-id="1314856075"><title>De laatste ronde</title><date></date><icon src="https://t-mobiletv.nl:443/CPS/images/universal/film/program/202212/20221230/29/20221230020145510mx5.jpg"></icon><desc>Wie trekt er aan de bel en geeft het laatste rondje? TV Oranje gaat in elk geval door tot het einde.</desc><category></category></programme><programme channel="141431235" start="20230107060000 +0000" stop="20230107070000 +0000" catchup-id="1315248437"><title>Kinderclips</title><date></date><icon src="https://t-mobiletv.nl:443/CPS/images/universal/film/program/202212/20221231/44/20221231020139734elg.jpg"></icon><desc>De leukste kinderclips zie je bij TV Oranje. Zing je mee?</desc><category></category></programme><programme channel="141431235" start="20230107070000 +0000" stop="20230107090000 +0000" catchup-id="1315248443"><title>Wakker in het weekend</title><date></date><icon src="https://t-mobiletv.nl:443/CPS/images/universal/film/program/202212/20221231/94/20221231020139734wkg.jpg"></icon><desc>Ook voor de vroege vogels heeft TV Oranje volop clips van eigen bodem.</desc><category></category></programme><programme channel="141431235" start="20230107090000 +0000" stop="20230107110000 +0000" catchup-id="1315248449"><title>Hit Explosie</title><date></date><icon src="https://t-mobiletv.nl:443/CPS/images/universal/film/program/202212/20221231/89/20221231020139734ve3.jpg"></icon><desc>Een explosie van Nederlandse knallers: de nieuwste clips van eigen bodem zie je in de Hit Explosie op TV Oranje.</desc><category></category></programme><programme channel="141431235" start="20230107110000 +0000" stop="20230107130000 +0000" catchup-id="1315248455"><title>Weekendpauze</title><date></date><icon src="https://t-mobiletv.nl:443/CPS/images/universal/film/program/202212/20221231/85/202212310201397340wu.jpg"></icon><desc>Even helemaal niks anders doen dan genieten van de leukste clips van eigen bodem!</desc><category></category></programme><programme channel="141431235" start="20230107130000 +0000" stop="20230107150000 +0000" catchup-id="1315248461"><title>Groeten uit Holland</title><date></date><icon src="https://t-mobiletv.nl:443/CPS/images/universal/film/program/202212/20221231/52/20221231020139735hwm.jpg"></icon><desc>Een muzikale ansichtkaart met de leukste clips van eigen bodem.</desc><category></category></programme><programme channel="141431235" start="20230107150000 +0000" stop="20230107163000 +0000" catchup-id="1315248467"><title>Oranje Top 30</title><date></date><icon src="https://t-mobiletv.nl:443/CPS/images/universal/film/program/202212/20221231/72/20221231020139735xrt.jpg"></icon><desc>De 30 populairste nummers van eigen bodem, gebaseerd op gegevens van de media, handel en industrie. Kijk voor de gehele lijst op oranjetop30.nl.</desc><category></category></programme><programme channel="141431235" start="20230107163000 +0000" stop="20230107170000 +0000" catchup-id="1315248473"><title>TV Oranje live</title><date></date><icon src="https://t-mobiletv.nl:443/CPS/images/universal/film/program/202212/20221231/66/20221231020139735c7r.jpg"></icon><desc>De beste live optredens van jouw favoriete Nederlandse artiesten.</desc><category></category></programme><programme channel="141431235" start="20230107170000 +0000" stop="20230107180000 +0000" catchup-id="1315248479"><title>Verzoekparade</title><date></date><icon src="https://t-mobiletv.nl:443/CPS/images/universal/film/program/202212/20221231/24/20221231020139735lwu.jpg"></icon><desc>De meest aangevraagde clips van vandaag. Breng je stem uit via verzoekparade.nl en zie jouw favoriete clip morgen bij TV Oranje!</desc><category></category></programme><programme channel="141431235" start="20230107180000 +0000" stop="20230107190000 +0000" catchup-id="1315248485"><title>TV Oranje klassiekers</title><date></date><icon src="https://t-mobiletv.nl:443/CPS/images/universal/film/program/202212/20221231/84/202212310201397358w0.jpg"></icon><desc>Een selectie van Hollandse hits van weleer uit de archieven van TV Oranje.</desc><category></category></programme><programme channel="141431235" start="20230107190000 +0000" stop="20230107200000 +0000" catchup-id="1315248491"><title>Het uur van...</title><date></date><icon src="https://t-mobiletv.nl:443/CPS/images/universal/film/program/202212/20221231/98/20221231020139735ek9.jpg"></icon><desc>Elke zaterdag zie je tussen 19:00 en 20:00 uur op TV Oranje een uur lang non-stop je favoriete artiest.</desc><category></category></programme><programme channel="141431235" start="20230107200000 +0000" stop="20230107230000 +0000" catchup-id="1315248497"><title>Borreltijd</title><date></date><icon src="https://t-mobiletv.nl:443/CPS/images/universal/film/program/202212/20221231/69/20221231020139735n7v.jpg"></icon><desc>Jouw uitgaansavond begint met deze feestelijke clips, die borrelen van energie.</desc><category></category></programme><programme channel="141431235" start="20230107230000 +0000" stop="20230108040000 +0000" catchup-id="1315248503"><title>Feest in de tent</title><date></date><icon src="https://t-mobiletv.nl:443/CPS/images/universal/film/program/202212/20221231/38/202212310201397352e1.jpg"></icon><desc>Waar is dat feestje? Hier is dat feestje! De gezelligste clips zie je elk weekend bij TV Oranje.</desc><category></category></programme><programme channel="141431235" start="20230108040000 +0000" stop="20230108060000 +0000" catchup-id="1315248509"><title>De laatste ronde</title><date></date><icon src="https://t-mobiletv.nl:443/CPS/images/universal/film/program/202212/20221231/87/20221231020139735a7f.jpg"></icon><desc>Wie trekt er aan de bel en geeft het laatste rondje? TV Oranje gaat in elk geval door tot het einde.</desc><category></category></programme><programme channel="141431235" start="20230108060000 +0000" stop="20230108070000 +0000" catchup-id="1315620549"><title>Kinderclips</title><date></date><icon src="https://t-mobiletv.nl:443/CPS/images/universal/film/program/202301/20230101/90/20230101020135555w9c.jpg"></icon><desc>De leukste kinderclips zie je bij TV Oranje. Zing je mee?</desc><category></category></programme><programme channel="141431235" start="20230108070000 +0000" stop="20230108090000 +0000" catchup-id="1315620555"><title>Wakker in het weekend</title><date></date><icon src="https://t-mobiletv.nl:443/CPS/images/universal/film/program/202301/20230101/86/20230101020135555k3o.jpg"></icon><desc>Ook voor de vroege vogels heeft TV Oranje volop clips van eigen bodem.</desc><category></category></programme><programme channel="141431235" start="20230108090000 +0000" stop="20230108100000 +0000" catchup-id="1315620561"><title>TV Oranje klassiekers</title><date></date><icon src="https://t-mobiletv.nl:443/CPS/images/universal/film/program/202301/20230101/53/20230101020135555a4z.jpg"></icon><desc>Een selectie van Hollandse hits van weleer uit de archieven van TV Oranje.</desc><category></category></programme><programme channel="141431235" start="20230108100000 +0000" stop="20230108110000 +0000" catchup-id="1315620567"><title>Oranje Top 30</title><date></date><icon src="https://t-mobiletv.nl:443/CPS/images/universal/film/program/202301/20230101/56/202301010201355552i8.jpg"></icon><desc>De 30 populairste nummers van eigen bodem, gebaseerd op gegevens van de media, handel en industrie. Kijk voor de gehele lijst op oranjetop30.nl.</desc><category></category></programme><programme channel="141431235" start="20230108110000 +0000" stop="20230108130000 +0000" catchup-id="1315620573"><title>Weekendpauze</title><date></date><icon src="https://t-mobiletv.nl:443/CPS/images/universal/film/program/202301/20230101/12/20230101020135555vms.jpg"></icon><desc>Even helemaal niks anders doen dan genieten van de leukste clips van eigen bodem!</desc><category></category></programme><programme channel="141431235" start="20230108130000 +0000" stop="20230108150000 +0000" catchup-id="1315620579"><title>Groeten uit Holland</title><date></date><icon src="https://t-mobiletv.nl:443/CPS/images/universal/film/program/202301/20230101/46/20230101020135555gu9.jpg"></icon><desc>Een muzikale ansichtkaart met de leukste clips van eigen bodem.</desc><category></category></programme><programme channel="141431235" start="20230108150000 +0000" stop="20230108170000 +0000" catchup-id="1315620585"><title>SchlagerTV</title><date></date><icon src="https://t-mobiletv.nl:443/CPS/images/universal/film/program/202301/20230101/33/202301010201355556st.jpg"></icon><desc>De gezelligste Duitstalige muziek van onze zusterzender SchlagerTV zie je elke zondag twee uur lang bij TV Oranje!</desc><category></category></programme><programme channel="141431235" start="20230108170000 +0000" stop="20230108180000 +0000" catchup-id="1315620591"><title>Verzoekparade</title><date></date><icon src="https://t-mobiletv.nl:443/CPS/images/universal/film/program/202301/20230101/65/20230101020135555wt1.jpg"></icon><desc>De meest aangevraagde clips van vandaag. Breng je stem uit via verzoekparade.nl en zie jouw favoriete clip morgen bij TV Oranje!</desc><category></category></programme><programme channel="141431235" start="20230108180000 +0000" stop="20230108210000 +0000" catchup-id="1315620597"><title>Hollandse Hits</title><date></date><icon src="https://t-mobiletv.nl:443/CPS/images/universal/film/program/202301/20230101/2/202301010201355555n0.jpg"></icon><desc>Een heerlijke mix met Hollandse Hits van toen en nu.</desc><category></category></programme><programme channel="141431235" start="20230108210000 +0000" stop="20230108230000 +0000" catchup-id="1315620603"><title>Voor het slapen</title><date></date><icon src="https://t-mobiletv.nl:443/CPS/images/universal/film/program/202301/20230101/20/20230101020135555h23.jpg"></icon><desc>Nog even een paar clips van eigen bodem en dan naar bed.</desc><category></category></programme><programme channel="141431235" start="20230108230000 +0000" stop="20230109040000 +0000" catchup-id="1315620609"><title>TV Oranje Nonstop</title><date></date><icon src="https://t-mobiletv.nl:443/CPS/images/universal/film/program/202301/20230101/96/20230101020135555p9s.jpg"></icon><desc>Non-stop de beste muziek van eigen bodem.</desc><category></category></programme><programme channel="141431235" start="20230109040000 +0000" stop="20230109060000 +0000" catchup-id="1315620615"><title>Wakker worden</title><date></date><icon src="https://t-mobiletv.nl:443/CPS/images/universal/film/program/202301/20230101/50/20230101020135555bmx.jpg"></icon><desc>Opstaan met je favoriete artiesten en de beste hits van eigen bodem.</desc><category></category></programme><programme channel="141431235" start="20230109060000 +0000" stop="20230109070000 +0000" catchup-id="1315941339"><title>Kinderclips</title><date></date><icon src="https://t-mobiletv.nl:443/CPS/images/universal/film/program/202301/20230102/93/20230102020119705tkj.jpg"></icon><desc>De leukste kinderclips zie je bij TV Oranje. Zing je mee?</desc><category></category></programme><programme channel="141431235" start="20230109070000 +0000" stop="20230109090000 +0000" catchup-id="1315941345"><title>Koffieclips</title><date></date><icon src="https://t-mobiletv.nl:443/CPS/images/universal/film/program/202301/20230102/14/20230102020119705j4c.jpg"></icon><desc>Lekkere muziek van eigen bodem voor bij de koffie.</desc><category></category></programme><programme channel="141431235" start="20230109090000 +0000" stop="20230109110000 +0000" catchup-id="1315941351"><title>Aan het werk</title><date></date><icon src="https://t-mobiletv.nl:443/CPS/images/universal/film/program/202301/20230102/49/20230102020119705ngh.jpg"></icon><desc>Lekker aan de slag met muziek van eigen bodem.</desc><category></category></programme><programme channel="141431235" start="20230109110000 +0000" stop="20230109130000 +0000" catchup-id="1315941357"><title>Middagpauze</title><date></date><icon src="https://t-mobiletv.nl:443/CPS/images/universal/film/program/202301/20230102/0/20230102020119705h7a.jpg"></icon><desc>TV Oranje maakt jouw lunchpauze compleet met smakelijke muziek van eigen bodem.</desc><category></category></programme><programme channel="141431235" start="20230109130000 +0000" stop="20230109150000 +0000" catchup-id="1315941363"><title>Heel Hollands</title><date></date><icon src="https://t-mobiletv.nl:443/CPS/images/universal/film/program/202301/20230102/13/20230102020119705s06.jpg"></icon><desc>Alleen maar muziek van eigen bodem, daarvoor moet je natuurlijk bij TV Oranje zijn!</desc><category></category></programme><programme channel="141431235" start="20230109150000 +0000" stop="20230109170000 +0000" catchup-id="1315941369"><title>Tijd voor thuis</title><date></date><icon src="https://t-mobiletv.nl:443/CPS/images/universal/film/program/202301/20230102/31/20230102020119705dwg.jpg"></icon><desc>Voel je helemaal thuis met deze heerlijke muziek van eigen bodem.</desc><category></category></programme><programme channel="141431235" start="20230109170000 +0000" stop="20230109180000 +0000" catchup-id="1315941375"><title>Verzoekparade</title><date></date><icon src="https://t-mobiletv.nl:443/CPS/images/universal/film/program/202301/20230102/29/202301020201197050q7.jpg"></icon><desc>De meest aangevraagde clips van vandaag. Breng je stem uit via verzoekparade.nl en zie jouw favoriete clip morgen bij TV Oranje!</desc><category></category></programme><programme channel="141431235" start="20230109180000 +0000" stop="20230109210000 +0000" catchup-id="1315941381"><title>Hollandse Hits</title><date></date><icon src="https://t-mobiletv.nl:443/CPS/images/universal/film/program/202301/20230102/18/20230102020119705dwy.jpg"></icon><desc>Een heerlijke mix met Hollandse Hits van toen en nu.</desc><category></category></programme><programme channel="141431235" start="20230109210000 +0000" stop="20230109230000 +0000" catchup-id="1315941387"><title>Voor het slapen</title><date></date><icon src="https://t-mobiletv.nl:443/CPS/images/universal/film/program/202301/20230102/89/20230102020119705rmg.jpg"></icon><desc>Nog even een paar clips van eigen bodem en dan naar bed.</desc><category></category></programme><programme channel="141431235" start="20230109230000 +0000" stop="20230110040000 +0000" catchup-id="1317040436"><title>TV Oranje Nonstop</title><date></date><icon src="https://t-mobiletv.nl:443/CPS/images/universal/film/program/202301/20230104/6/20230104210110511x5l.jpg"></icon><desc></desc><category></category></programme><programme channel="141431235" start="20230110040000 +0000" stop="20230110060000 +0000" catchup-id="1317040442"><title>Wakker worden</title><date></date><icon src="https://t-mobiletv.nl:443/CPS/images/universal/film/program/202301/20230104/51/20230104210110511j8m.jpg"></icon><desc></desc><category></category></programme><programme channel="141431235" start="20230110060000 +0000" stop="20230110070000 +0000" catchup-id="1317040448"><title>Kinderclips</title><date></date><icon src="https://t-mobiletv.nl:443/CPS/images/universal/film/program/202301/20230104/78/20230104210110511wf7.jpg"></icon><desc></desc><category></category></programme><programme channel="141431235" start="20230110070000 +0000" stop="20230110090000 +0000" catchup-id="1317040454"><title>Koffieclips</title><date></date><icon src="https://t-mobiletv.nl:443/CPS/images/universal/film/program/202301/20230104/53/20230104210110511rqt.jpg"></icon><desc></desc><category></category></programme><programme channel="141431235" start="20230110090000 +0000" stop="20230110110000 +0000" catchup-id="1317040460"><title>Aan het werk</title><date></date><icon src="https://t-mobiletv.nl:443/CPS/images/universal/film/program/202301/20230104/70/202301042101105117rp.jpg"></icon><desc></desc><category></category></programme><programme channel="141431235" start="20230110110000 +0000" stop="20230110130000 +0000" catchup-id="1317040466"><title>Middagpauze</title><date></date><icon src="https://t-mobiletv.nl:443/CPS/images/universal/film/program/202301/20230104/2/20230104210110511oh9.jpg"></icon><desc></desc><category></category></programme><programme channel="141431235" start="20230110130000 +0000" stop="20230110150000 +0000" catchup-id="1317040472"><title>Heel Hollands</title><date></date><icon src="https://t-mobiletv.nl:443/CPS/images/universal/film/program/202301/20230104/73/20230104210110511qal.jpg"></icon><desc></desc><category></category></programme><programme channel="141431235" start="20230110150000 +0000" stop="20230110170000 +0000" catchup-id="1317040478"><title>Tijd voor thuis</title><date></date><icon src="https://t-mobiletv.nl:443/CPS/images/universal/film/program/202301/20230104/59/20230104210110511omz.jpg"></icon><desc></desc><category></category></programme><programme channel="141431235" start="20230110170000 +0000" stop="20230110180000 +0000" catchup-id="1317040484"><title>Verzoekparade</title><date></date><icon src="https://t-mobiletv.nl:443/CPS/images/universal/film/program/202301/20230104/22/20230104210110511z0b.jpg"></icon><desc></desc><category></category></programme><programme channel="141431235" start="20230110180000 +0000" stop="20230110210000 +0000" catchup-id="1317040874"><title>Hollandse Hits</title><date></date><icon src="https://t-mobiletv.nl:443/CPS/images/universal/film/program/202301/20230104/85/20230104210110511g7h.jpg"></icon><desc></desc><category></category></programme><programme channel="141431235" start="20230110210000 +0000" stop="20230110230000 +0000" catchup-id="1317040880"><title>Voor het slapen</title><date></date><icon src="https://t-mobiletv.nl:443/CPS/images/universal/film/program/202301/20230104/38/20230104210110511v83.jpg"></icon><desc></desc><category></category></programme><programme channel="141431235" start="20230110230000 +0000" stop="20230111040000 +0000" catchup-id="1317040886"><title>TV Oranje Nonstop</title><date></date><icon src="https://t-mobiletv.nl:443/CPS/images/universal/film/program/202301/20230104/66/202301042101105114lu.jpg"></icon><desc></desc><category></category></programme><programme channel="141431235" start="20230111040000 +0000" stop="20230111060000 +0000" catchup-id="1317040892"><title>Wakker worden</title><date></date><icon src="https://t-mobiletv.nl:443/CPS/images/universal/film/program/202301/20230104/52/20230104210110511e3u.jpg"></icon><desc></desc><category></category></programme><programme channel="141431235" start="20230111060000 +0000" stop="20230111070000 +0000" catchup-id="1317040898"><title>Kinderclips</title><date></date><icon src="https://t-mobiletv.nl:443/CPS/images/universal/film/program/202301/20230104/83/20230104210110511gmn.jpg"></icon><desc></desc><category></category></programme><programme channel="141431235" start="20230111070000 +0000" stop="20230111090000 +0000" catchup-id="1317040904"><title>Koffieclips</title><date></date><icon src="https://t-mobiletv.nl:443/CPS/images/universal/film/program/202301/20230104/51/202301042101105121u3.jpg"></icon><desc></desc><category></category></programme><programme channel="141431235" start="20230111090000 +0000" stop="20230111110000 +0000" catchup-id="1317040910"><title>Aan het werk</title><date></date><icon src="https://t-mobiletv.nl:443/CPS/images/universal/film/program/202301/20230104/88/202301042101105129zf.jpg"></icon><desc></desc><category></category></programme><programme channel="141431235" start="20230111110000 +0000" stop="20230111130000 +0000" catchup-id="1317040916"><title>Middagpauze</title><date></date><icon src="https://t-mobiletv.nl:443/CPS/images/universal/film/program/202301/20230104/12/20230104210110512b3f.jpg"></icon><desc></desc><category></category></programme><programme channel="141431235" start="20230111130000 +0000" stop="20230111150000 +0000" catchup-id="1317040922"><title>Heel Hollands</title><date></date><icon src="https://t-mobiletv.nl:443/CPS/images/universal/film/program/202301/20230104/60/20230104210110512539.jpg"></icon><desc></desc><category></category></programme><programme channel="141431235" start="20230111150000 +0000" stop="20230111170000 +0000" catchup-id="1317040928"><title>Tijd voor thuis</title><date></date><icon src="https://t-mobiletv.nl:443/CPS/images/universal/film/program/202301/20230104/96/20230104210110512bz0.jpg"></icon><desc></desc><category></category></programme><programme channel="141431235" start="20230111170000 +0000" stop="20230111180000 +0000" catchup-id="1317040934"><title>Verzoekparade</title><date></date><icon src="https://t-mobiletv.nl:443/CPS/images/universal/film/program/202301/20230104/96/20230104210110512imf.jpg"></icon><desc></desc><category></category></programme><programme channel="141431235" start="20230111180000 +0000" stop="20230111210000 +0000" catchup-id="1317040940"><title>Hollandse Hits</title><date></date><icon src="https://t-mobiletv.nl:443/CPS/images/universal/film/program/202301/20230104/7/20230104210110512mej.jpg"></icon><desc></desc><category></category></programme><programme channel="141431235" start="20230111210000 +0000" stop="20230111230000 +0000" catchup-id="1317040946"><title>Voor het slapen</title><date></date><icon src="https://t-mobiletv.nl:443/CPS/images/universal/film/program/202301/20230104/54/20230104210110512ruh.jpg"></icon><desc></desc><category></category></programme><programme channel="141431235" start="20230111230000 +0000" stop="20230112040000 +0000" catchup-id="1317083978"><title>TV Oranje Nonstop</title><date></date><icon src="https://t-mobiletv.nl:443/CPS/images/universal/film/program/202301/20230105/54/2023010502013551426b.jpg"></icon><desc></desc><category></category></programme><programme channel="141431235" start="20230112040000 +0000" stop="20230112060000 +0000" catchup-id="1317083984"><title>Wakker worden</title><date></date><icon src="https://t-mobiletv.nl:443/CPS/images/universal/film/program/202301/20230105/83/20230105020135514gr3.jpg"></icon><desc></desc><category></category></programme>