<programme channel="141429799" start="20221229041400 +0000" stop="20221229050000 +0000" catchup-id="1314795244"><title>Geen programma-informatie beschikbaar</title><date></date><icon src=""></icon><desc></desc><category></category></programme><programme channel="141429799" start="20221229050000 +0000" stop="20221229055500 +0000" catchup-id="1314346259"><title>EL CHIRINGUITO DE JUGONES INTERNACIONAL</title><date></date><icon src=""></icon><desc></desc><category></category></programme><programme channel="141429799" start="20221229055500 +0000" stop="20221229075500 +0000" catchup-id="1314346265"><title>NOTICIAS DE LA MAÑANA</title><date></date><icon src=""></icon><desc></desc><category></category></programme><programme channel="141429799" start="20221229075500 +0000" stop="20221229122600 +0000" catchup-id="1314346271"><title>ESPEJO PÚBLICO</title><date></date><icon src=""></icon><desc></desc><category></category></programme><programme channel="141429799" start="20221229122600 +0000" stop="20221229131500 +0000" catchup-id="1314346277"><title>HOY COCINAS TÚ</title><date></date><icon src=""></icon><desc></desc><category></category></programme><programme channel="141429799" start="20221229131500 +0000" stop="20221229134000 +0000" catchup-id="1314346347"><title>COCINA ABIERTA DE KARLOS ARGUIÑANO</title><date></date><icon src=""></icon><desc></desc><category></category></programme><programme channel="141429799" start="20221229134000 +0000" stop="20221229135900 +0000" catchup-id="1314346353"><title>TOP TRENDING TOPIC</title><date></date><icon src=""></icon><desc></desc><category></category></programme><programme channel="141429799" start="20221229135900 +0000" stop="20221229144000 +0000" catchup-id="1314346359"><title>NOTICIAS</title><date></date><icon src="https://t-mobiletv.nl:443/CPS/images/universal/film/program/202212/20221228/77/202212282100305206dl.jpg"></icon><desc></desc><category></category></programme><programme channel="141429799" start="20221229144000 +0000" stop="20221229144300 +0000" catchup-id="1314346365"><title>DEPORTES</title><date></date><icon src="https://t-mobiletv.nl:443/CPS/images/universal/film/program/202212/20221228/10/20221228210030520uuc.jpg"></icon><desc></desc><category></category></programme><programme channel="141429799" start="20221229144300 +0000" stop="20221229155800 +0000" catchup-id="1314346371"><title>ZAPEANDO</title><date></date><icon src=""></icon><desc></desc><category></category></programme><programme channel="141429799" start="20221229155800 +0000" stop="20221229165800 +0000" catchup-id="1314346377"><title>AMAR ES PARA SIEMPRE</title><date></date><icon src=""></icon><desc></desc><category></category></programme><programme channel="141429799" start="20221229165800 +0000" stop="20221229175700 +0000" catchup-id="1314346383"><title>LA RULETA DE LA SUERTE</title><date></date><icon src=""></icon><desc></desc><category></category></programme><programme channel="141429799" start="20221229175700 +0000" stop="20221229190600 +0000" catchup-id="1314346389"><title>Y AHORA SONSOLES</title><date></date><icon src=""></icon><desc></desc><category></category></programme><programme channel="141429799" start="20221229190600 +0000" stop="20221229200800 +0000" catchup-id="1314346395"><title>PASAPALABRA</title><date></date><icon src="https://t-mobiletv.nl:443/CPS/images/universal/film/program/202212/20221228/14/20221228210030520ipu.jpg"></icon><desc></desc><category></category></programme><programme channel="141429799" start="20221229200800 +0000" stop="20221229203900 +0000" catchup-id="1314346401"><title>NOTICIAS</title><date></date><icon src="https://t-mobiletv.nl:443/CPS/images/universal/film/program/202212/20221228/79/20221228210030520n6e.jpg"></icon><desc></desc><category></category></programme><programme channel="141429799" start="20221229203900 +0000" stop="20221229204200 +0000" catchup-id="1314346407"><title>DEPORTES</title><date></date><icon src="https://t-mobiletv.nl:443/CPS/images/universal/film/program/202212/20221228/29/20221228210030520yvu.jpg"></icon><desc></desc><category></category></programme><programme channel="141429799" start="20221229204200 +0000" stop="20221229204400 +0000" catchup-id="1314346413"><title>EL TIEMPO</title><date></date><icon src="https://t-mobiletv.nl:443/CPS/images/universal/film/program/202212/20221228/73/20221228210030521b7d.jpg"></icon><desc></desc><category></category></programme><programme channel="141429799" start="20221229204400 +0000" stop="20221229211700 +0000" catchup-id="1314346419"><title>TOP TRENDING TOPIC</title><date></date><icon src=""></icon><desc></desc><category></category></programme><programme channel="141429799" start="20221229211700 +0000" stop="20221229221000 +0000" catchup-id="1314346425"><title>EL HORMIGUERO</title><date></date><icon src="https://t-mobiletv.nl:443/CPS/images/universal/film/program/202212/20221228/34/20221228210030521q8i.jpg"></icon><desc></desc><category></category></programme><programme channel="141429799" start="20221229221000 +0000" stop="20221229225600 +0000" catchup-id="1314346431"><title>LOS HOMBRES DE PACO</title><date></date><icon src=""></icon><desc></desc><category></category></programme><programme channel="141429799" start="20221229225600 +0000" stop="20221229234000 +0000" catchup-id="1314346437"><title>SHOW BUSINESS</title><date></date><icon src=""></icon><desc></desc><category></category></programme><programme channel="141429799" start="20221229234000 +0000" stop="20221230003500 +0000" catchup-id="1314346443"><title>EL CHIRINGUITO DE JUGONES INTERNACIONAL</title><date></date><icon src=""></icon><desc></desc><category></category></programme><programme channel="141429799" start="20221230003500 +0000" stop="20221230042400 +0000" catchup-id="1311767230"><title>POP UP AQUÍ NO HAY QUIÉN VIVA</title><date></date><icon src=""></icon><desc></desc><category></category></programme><programme channel="141429799" start="20221230042400 +0000" stop="20221230050000 +0000" catchup-id="1315202526"><title>Geen programma-informatie beschikbaar</title><date></date><icon src=""></icon><desc></desc><category></category></programme><programme channel="141429799" start="20221230050000 +0000" stop="20221230060300 +0000" catchup-id="1315059920"><title>EL CHIRINGUITO DE JUGONES INTERNACIONAL</title><date></date><icon src=""></icon><desc></desc><category></category></programme><programme channel="141429799" start="20221230060300 +0000" stop="20221230062500 +0000" catchup-id="1315059926"><title>NOTICIAS DE LA MAÑANA</title><date></date><icon src=""></icon><desc></desc><category></category></programme><programme channel="141429799" start="20221230062500 +0000" stop="20221230112700 +0000" catchup-id="1315059932"><title>ESPEJO PÚBLICO</title><date></date><icon src=""></icon><desc></desc><category></category></programme><programme channel="141429799" start="20221230112700 +0000" stop="20221230121600 +0000" catchup-id="1315059938"><title>HOY COCINAS TÚ</title><date></date><icon src=""></icon><desc></desc><category></category></programme><programme channel="141429799" start="20221230121600 +0000" stop="20221230135000 +0000" catchup-id="1315059944"><title>COCINA ABIERTA DE KARLOS ARGUIÑANO</title><date></date><icon src=""></icon><desc></desc><category></category></programme><programme channel="141429799" start="20221230135000 +0000" stop="20221230140000 +0000" catchup-id="1315060334"><title>TOP TRENDING TOPIC</title><date></date><icon src=""></icon><desc></desc><category></category></programme><programme channel="141429799" start="20221230140000 +0000" stop="20221230143000 +0000" catchup-id="1315060340"><title>NOTICIAS</title><date></date><icon src="https://t-mobiletv.nl:443/CPS/images/universal/film/program/202212/20221230/99/2022123009010050934v.jpg"></icon><desc></desc><category></category></programme><programme channel="141429799" start="20221230143000 +0000" stop="20221230144500 +0000" catchup-id="1315060346"><title>DEPORTES</title><date></date><icon src="https://t-mobiletv.nl:443/CPS/images/universal/film/program/202212/20221230/99/20221230090100510ziz.jpg"></icon><desc></desc><category></category></programme><programme channel="141429799" start="20221230144500 +0000" stop="20221230160000 +0000" catchup-id="1315060352"><title>ZAPEANDO</title><date></date><icon src=""></icon><desc></desc><category></category></programme><programme channel="141429799" start="20221230160000 +0000" stop="20221230160100 +0000" catchup-id="1315060358"><title>AMAR ES PARA SIEMPRE</title><date></date><icon src=""></icon><desc></desc><category></category></programme><programme channel="141429799" start="20221230160100 +0000" stop="20221230170000 +0000" catchup-id="1315060364"><title>Y AHORA SONSOLES</title><date></date><icon src=""></icon><desc></desc><category></category></programme><programme channel="141429799" start="20221230170000 +0000" stop="20221230190600 +0000" catchup-id="1315060370"><title>LA RULETA DE LA SUERTE</title><date></date><icon src=""></icon><desc></desc><category></category></programme><programme channel="141429799" start="20221230190600 +0000" stop="20221230192900 +0000" catchup-id="1315060376"><title>PASAPALABRA</title><date></date><icon src="https://t-mobiletv.nl:443/CPS/images/universal/film/program/202212/20221230/48/202212300901005106e2.jpg"></icon><desc></desc><category></category></programme><programme channel="141429799" start="20221230192900 +0000" stop="20221230193800 +0000" catchup-id="1315060382"><title>EL TIEMPO</title><date></date><icon src="https://t-mobiletv.nl:443/CPS/images/universal/film/program/202212/20221230/69/20221230090100510g26.jpg"></icon><desc></desc><category></category></programme><programme channel="141429799" start="20221230193800 +0000" stop="20221230200000 +0000" catchup-id="1315060388"><title>TOP TRENDING TOPIC</title><date></date><icon src=""></icon><desc></desc><category></category></programme><programme channel="141429799" start="20221230200000 +0000" stop="20221230201700 +0000" catchup-id="1315060394"><title>NOTICIAS</title><date></date><icon src="https://t-mobiletv.nl:443/CPS/images/universal/film/program/202212/20221230/71/20221230090100510mem.jpg"></icon><desc></desc><category></category></programme><programme channel="141429799" start="20221230201700 +0000" stop="20221230210000 +0000" catchup-id="1315060400"><title>DEPORTES</title><date></date><icon src="https://t-mobiletv.nl:443/CPS/images/universal/film/program/202212/20221230/21/20221230090100510j9n.jpg"></icon><desc></desc><category></category></programme><programme channel="141429799" start="20221230210000 +0000" stop="20221230231400 +0000" catchup-id="1315060406"><title>LO MEJOR DE LA VOZ</title><date></date><icon src=""></icon><desc></desc><category></category></programme><programme channel="141429799" start="20221230231400 +0000" stop="20221231000900 +0000" catchup-id="1315060412"><title>EL CHIRINGUITO DE JUGONES INTERNACIONAL</title><date></date><icon src=""></icon><desc></desc><category></category></programme><programme channel="141429799" start="20221231000900 +0000" stop="20221231043000 +0000" catchup-id="1312168293"><title>POP UP AQUÍ NO HAY QUIÉN VIVA</title><date></date><icon src=""></icon><desc></desc><category></category></programme><programme channel="141429799" start="20221231043000 +0000" stop="20221231062500 +0000" catchup-id="1315588757"><title>Geen programma-informatie beschikbaar</title><date></date><icon src=""></icon><desc></desc><category></category></programme><programme channel="141429799" start="20221231062500 +0000" stop="20221231090400 +0000" catchup-id="1312570057"><title>POP UP AQUÍ NO HAY QUIEN VIVA</title><date></date><icon src=""></icon><desc></desc><category></category></programme><programme channel="141429799" start="20221231090400 +0000" stop="20221231091800 +0000" catchup-id="1315203818"><title>CREA LECTURA</title><date></date><icon src=""></icon><desc></desc><category></category></programme><programme channel="141429799" start="20221231091800 +0000" stop="20221231095000 +0000" catchup-id="1315203824"><title>QUÉ ME PASA DOCTOR</title><date></date><icon src=""></icon><desc></desc><category></category></programme><programme channel="141429799" start="20221231095000 +0000" stop="20221231101300 +0000" catchup-id="1315203830"><title>COCINA ABIERTA CON KARLOS ARGUIÑANO</title><date></date><icon src=""></icon><desc></desc><category></category></programme><programme channel="141429799" start="20221231101300 +0000" stop="20221231105900 +0000" catchup-id="1315203836"><title>HOTELES CON ENCANTO</title><date></date><icon src=""></icon><desc></desc><category></category></programme><programme channel="141429799" start="20221231105900 +0000" stop="20221231121600 +0000" catchup-id="1315203842"><title>ZAPEANDO</title><date></date><icon src=""></icon><desc></desc><category></category></programme><programme channel="141429799" start="20221231121600 +0000" stop="20221231130500 +0000" catchup-id="1315203848"><title>HOY COCINAS TÚ</title><date></date><icon src=""></icon><desc></desc><category></category></programme><programme channel="141429799" start="20221231130500 +0000" stop="20221231135900 +0000" catchup-id="1315203854"><title>EL HORMIGUERO (R)</title><date></date><icon src=""></icon><desc></desc><category></category></programme><programme channel="141429799" start="20221231135900 +0000" stop="20221231143800 +0000" catchup-id="1315203860"><title>NOTICIAS FIN DE SEMANA</title><date></date><icon src="https://t-mobiletv.nl:443/CPS/images/universal/film/program/202212/20221230/26/20221230210104750oh4.jpg"></icon><desc></desc><category></category></programme><programme channel="141429799" start="20221231143800 +0000" stop="20221231144100 +0000" catchup-id="1315203866"><title>DEPORTES</title><date></date><icon src="https://t-mobiletv.nl:443/CPS/images/universal/film/program/202212/20221230/41/20221230210104750mr2.jpg"></icon><desc></desc><category></category></programme><programme channel="141429799" start="20221231144100 +0000" stop="20221231144400 +0000" catchup-id="1315203872"><title>EL TIEMPO</title><date></date><icon src="https://t-mobiletv.nl:443/CPS/images/universal/film/program/202212/20221230/89/20221230210104750y10.jpg"></icon><desc></desc><category></category></programme><programme channel="141429799" start="20221231144400 +0000" stop="20221231165900 +0000" catchup-id="1315203878"><title>LO MEJOR DE LA VOZ</title><date></date><icon src=""></icon><desc></desc><category></category></programme><programme channel="141429799" start="20221231165900 +0000" stop="20221231195900 +0000" catchup-id="1315203884"><title>EL CLUB DE LA COMEDIA</title><date></date><icon src=""></icon><desc></desc><category></category></programme><programme channel="141429799" start="20221231195900 +0000" stop="20221231204000 +0000" catchup-id="1315203890"><title>NOTICIAS FIN DE SEMANA</title><date></date><icon src="https://t-mobiletv.nl:443/CPS/images/universal/film/program/202212/20221230/42/202212302101047505a1.jpg"></icon><desc></desc><category></category></programme><programme channel="141429799" start="20221231204000 +0000" stop="20221231204300 +0000" catchup-id="1315203896"><title>DEPORTES</title><date></date><icon src="https://t-mobiletv.nl:443/CPS/images/universal/film/program/202212/20221230/91/202212302101047500md.jpg"></icon><desc></desc><category></category></programme><programme channel="141429799" start="20221231204300 +0000" stop="20221231204700 +0000" catchup-id="1315203902"><title>EL TIEMPO</title><date></date><icon src="https://t-mobiletv.nl:443/CPS/images/universal/film/program/202212/20221230/39/202212302101047509d7.jpg"></icon><desc></desc><category></category></programme><programme channel="141429799" start="20221231204700 +0000" stop="20221231205600 +0000" catchup-id="1315203908"><title>TOP TERNDING TELE</title><date></date><icon src=""></icon><desc></desc><category></category></programme><programme channel="141429799" start="20221231205600 +0000" stop="20221231223500 +0000" catchup-id="1315203914"><title>POP UP AQUÍ NO HAY QUIÉN VIVA</title><date></date><icon src=""></icon><desc></desc><category></category></programme><programme channel="141429799" start="20221231223500 +0000" stop="20221231230600 +0000" catchup-id="1315203920"><title>CAMPANADAS FIN DE AÑO</title><date></date><icon src=""></icon><desc></desc><category></category></programme><programme channel="141429799" start="20221231230600 +0000" stop="20230101005300 +0000" catchup-id="1315203926"><title>CANTANDO AL 2023</title><date></date><icon src=""></icon><desc></desc><category></category></programme><programme channel="141429799" start="20230101005300 +0000" stop="20230101030700 +0000" catchup-id="1315203932"><title>TU CARA ME SUENA</title><date></date><icon src=""></icon><desc></desc><category></category></programme><programme channel="141429799" start="20230101030700 +0000" stop="20230101041900 +0000" catchup-id="1315903690"><title>Geen programma-informatie beschikbaar</title><date></date><icon src=""></icon><desc></desc><category></category></programme><programme channel="141429799" start="20230101041900 +0000" stop="20230101083600 +0000" catchup-id="1312570171"><title>POP UP AQUÍ NO HAY QUIÉN VIVA</title><date></date><icon src=""></icon><desc></desc><category></category></programme><programme channel="141429799" start="20230101083600 +0000" stop="20230101092100 +0000" catchup-id="1315203944"><title>SHOW BUSINESS</title><date></date><icon src=""></icon><desc></desc><category></category></programme><programme channel="141429799" start="20230101092100 +0000" stop="20230101095500 +0000" catchup-id="1315203950"><title>QUÉ ME PASA DOCTOR</title><date></date><icon src=""></icon><desc></desc><category></category></programme><programme channel="141429799" start="20230101095500 +0000" stop="20230101101800 +0000" catchup-id="1315203956"><title>COCINA ABIERTA CON KARLOS ARGUIÑANO</title><date></date><icon src=""></icon><desc></desc><category></category></programme><programme channel="141429799" start="20230101101800 +0000" stop="20230101112700 +0000" catchup-id="1315203962"><title>EL NOVATO</title><date></date><icon src=""></icon><desc></desc><category></category></programme><programme channel="141429799" start="20230101112700 +0000" stop="20230101124300 +0000" catchup-id="1315203968"><title>ZAPEANDO</title><date></date><icon src=""></icon><desc></desc><category></category></programme><programme channel="141429799" start="20230101124300 +0000" stop="20230101131300 +0000" catchup-id="1315203974"><title>CENTÍMETROS CÚBICOS</title><date></date><icon src=""></icon><desc></desc><category></category></programme><programme channel="141429799" start="20230101131300 +0000" stop="20230101135900 +0000" catchup-id="1315203980"><title>EL HORMIGUERO (R)</title><date></date><icon src=""></icon><desc></desc><category></category></programme><programme channel="141429799" start="20230101135900 +0000" stop="20230101143800 +0000" catchup-id="1315203986"><title>NOTICIAS FIN DE SEMANA</title><date></date><icon src="https://t-mobiletv.nl:443/CPS/images/universal/film/program/202212/20221230/58/2022123021010475097g.jpg"></icon><desc></desc><category></category></programme><programme channel="141429799" start="20230101143800 +0000" stop="20230101144000 +0000" catchup-id="1315203992"><title>DEPORTES</title><date></date><icon src="https://t-mobiletv.nl:443/CPS/images/universal/film/program/202212/20221230/70/202212302101047503y2.jpg"></icon><desc></desc><category></category></programme><programme channel="141429799" start="20230101144000 +0000" stop="20230101144300 +0000" catchup-id="1315203998"><title>EL TIEMPO</title><date></date><icon src="https://t-mobiletv.nl:443/CPS/images/universal/film/program/202212/20221230/53/20221230210104750kgu.jpg"></icon><desc></desc><category></category></programme><programme channel="141429799" start="20230101144300 +0000" stop="20230101174500 +0000" catchup-id="1315204004"><title>CANTANDO AL 2023</title><date></date><icon src=""></icon><desc></desc><category></category></programme><programme channel="141429799" start="20230101174500 +0000" stop="20230101184600 +0000" catchup-id="1315204010"><title>EL CLUB DE LA COMEDIA</title><date></date><icon src=""></icon><desc></desc><category></category></programme><programme channel="141429799" start="20230101184600 +0000" stop="20230101195900 +0000" catchup-id="1315204016"><title>EL NOVATO</title><date></date><icon src=""></icon><desc></desc><category></category></programme><programme channel="141429799" start="20230101195900 +0000" stop="20230101203900 +0000" catchup-id="1315204022"><title>NOTICIAS FIN DE SEMANA</title><date></date><icon src="https://t-mobiletv.nl:443/CPS/images/universal/film/program/202212/20221230/83/20221230210104751fkk.jpg"></icon><desc></desc><category></category></programme><programme channel="141429799" start="20230101203900 +0000" stop="20230101204100 +0000" catchup-id="1315204028"><title>DEPORTES</title><date></date><icon src="https://t-mobiletv.nl:443/CPS/images/universal/film/program/202212/20221230/89/20221230210104751i7y.jpg"></icon><desc></desc><category></category></programme><programme channel="141429799" start="20230101204100 +0000" stop="20230101210000 +0000" catchup-id="1315204034"><title>EL TIEMPO</title><date></date><icon src="https://t-mobiletv.nl:443/CPS/images/universal/film/program/202212/20221230/87/20221230210104751pt3.jpg"></icon><desc></desc><category></category></programme><programme channel="141429799" start="20230101210000 +0000" stop="20230101221900 +0000" catchup-id="1315204040"><title>ATRESCINE: BWANA</title><date></date><icon src=""></icon><desc></desc><category></category></programme><programme channel="141429799" start="20230101221900 +0000" stop="20230102034500 +0000" catchup-id="1312937024"><title>POP UP AQUÍ NO HAY QUIÉN VIVA</title><date></date><icon src=""></icon><desc></desc><category></category></programme><programme channel="141429799" start="20230102034500 +0000" stop="20230102050000 +0000" catchup-id="1316257867"><title>Geen programma-informatie beschikbaar</title><date></date><icon src=""></icon><desc></desc><category></category></programme><programme channel="141429799" start="20230102050000 +0000" stop="20230102070200 +0000" catchup-id="1315204052"><title>POP UP AQUI NO HAY QUIEN VIVA</title><date></date><icon src=""></icon><desc></desc><category></category></programme><programme channel="141429799" start="20230102070200 +0000" stop="20230102083900 +0000" catchup-id="1315204058"><title>EL SECRETO DE PUENTE VIEJO</title><date></date><icon src=""></icon><desc></desc><category></category></programme><programme channel="141429799" start="20230102083900 +0000" stop="20230102093900 +0000" catchup-id="1315204064"><title>AMAR ES PARA SIEMPRE</title><date></date><icon src=""></icon><desc></desc><category></category></programme><programme channel="141429799" start="20230102093900 +0000" stop="20230102105600 +0000" catchup-id="1315204070"><title>TOLEDO</title><date></date><icon src=""></icon><desc></desc><category></category></programme><programme channel="141429799" start="20230102105600 +0000" stop="20230102122000 +0000" catchup-id="1315204076"><title>LOS PROTEGIDOS</title><date></date><icon src=""></icon><desc></desc><category></category></programme><programme channel="141429799" start="20230102122000 +0000" stop="20230102123400 +0000" catchup-id="1315204082"><title>MAS DE SERIES</title><date></date><icon src=""></icon><desc></desc><category></category></programme><programme channel="141429799" start="20230102123400 +0000" stop="20230102144700 +0000" catchup-id="1315204088"><title>POP UP AQUI NO HAY QUIEN VIVA</title><date></date><icon src=""></icon><desc></desc><category></category></programme><programme channel="141429799" start="20230102144700 +0000" stop="20230102160200 +0000" catchup-id="1315204094"><title>ALLÍ ABAJO</title><date></date><icon src=""></icon><desc></desc><category></category></programme><programme channel="141429799" start="20230102160200 +0000" stop="20230102173900 +0000" catchup-id="1315204100"><title>EL SECRETO DE PUENTE VIEJO</title><date></date><icon src=""></icon><desc></desc><category></category></programme><programme channel="141429799" start="20230102173900 +0000" stop="20230102183900 +0000" catchup-id="1315204106"><title>AMAR ES PARA SIEMPRE</title><date></date><icon src=""></icon><desc></desc><category></category></programme><programme channel="141429799" start="20230102183900 +0000" stop="20230102200000 +0000" catchup-id="1315204112"><title>VIVE CANTANDO</title><date></date><icon src=""></icon><desc></desc><category></category></programme><programme channel="141429799" start="20230102200000 +0000" stop="20230102205300 +0000" catchup-id="1315204118"><title>EL NUDO</title><date></date><icon src=""></icon><desc></desc><category></category></programme><programme channel="141429799" start="20230102205300 +0000" stop="20230102233100 +0000" catchup-id="1315204124"><title>VIVE CANTANDO</title><date></date><icon src=""></icon><desc></desc><category></category></programme><programme channel="141429799" start="20230102233100 +0000" stop="20230103004600 +0000" catchup-id="1315204130"><title>ALLÍ ABAJO</title><date></date><icon src=""></icon><desc></desc><category></category></programme><programme channel="141429799" start="20230103004600 +0000" stop="20230103020700 +0000" catchup-id="1315204136"><title>VIVE CANTANDO</title><date></date><icon src=""></icon><desc></desc><category></category></programme><programme channel="141429799" start="20230103020700 +0000" stop="20230103044000 +0000" catchup-id="1313241087"><title>POP UP AQUI NO HAY QUIEN VIVA</title><date></date><icon src=""></icon><desc></desc><category></category></programme><programme channel="141429799" start="20230103044000 +0000" stop="20230103050000 +0000" catchup-id="1316642375"><title>Geen programma-informatie beschikbaar</title><date></date><icon src=""></icon><desc></desc><category></category></programme><programme channel="141429799" start="20230103050000 +0000" stop="20230103055500 +0000" catchup-id="1316257879"><title>EL CHIRINGUITO DE JUGONES INTERNACIONAL</title><date></date><icon src=""></icon><desc></desc><category></category></programme><programme channel="141429799" start="20230103055500 +0000" stop="20230103075500 +0000" catchup-id="1316257885"><title>NOTICIAS DE LA MAÑANA</title><date></date><icon src=""></icon><desc></desc><category></category></programme><programme channel="141429799" start="20230103075500 +0000" stop="20230103122600 +0000" catchup-id="1316257891"><title>ESPEJO PÚBLICO</title><date></date><icon src=""></icon><desc></desc><category></category></programme><programme channel="141429799" start="20230103122600 +0000" stop="20230103131500 +0000" catchup-id="1316258281"><title>HOY COCINAS TÚ</title><date></date><icon src=""></icon><desc></desc><category></category></programme><programme channel="141429799" start="20230103131500 +0000" stop="20230103134000 +0000" catchup-id="1316258287"><title>COCINA ABIERTA DE KARLOS ARGUIÑANO</title><date></date><icon src=""></icon><desc></desc><category></category></programme><programme channel="141429799" start="20230103134000 +0000" stop="20230103135900 +0000" catchup-id="1316258293"><title>TOP TRENDING TOPIC</title><date></date><icon src=""></icon><desc></desc><category></category></programme><programme channel="141429799" start="20230103135900 +0000" stop="20230103144100 +0000" catchup-id="1316258299"><title>NOTICIAS</title><date></date><icon src="https://t-mobiletv.nl:443/CPS/images/universal/film/program/202301/20230102/31/2023010221004551806j.jpg"></icon><desc></desc><category></category></programme><programme channel="141429799" start="20230103144100 +0000" stop="20230103144500 +0000" catchup-id="1316258305"><title>DEPORTES</title><date></date><icon src="https://t-mobiletv.nl:443/CPS/images/universal/film/program/202301/20230102/11/202301022100455180li.jpg"></icon><desc></desc><category></category></programme><programme channel="141429799" start="20230103144500 +0000" stop="20230103160000 +0000" catchup-id="1316258311"><title>ZAPEANDO</title><date></date><icon src=""></icon><desc></desc><category></category></programme><programme channel="141429799" start="20230103160000 +0000" stop="20230103170000 +0000" catchup-id="1316258317"><title>AMAR ES PARA SIEMPRE</title><date></date><icon src=""></icon><desc></desc><category></category></programme><programme channel="141429799" start="20230103170000 +0000" stop="20230103175700 +0000" catchup-id="1316258323"><title>LA RULETA DE LA SUERTE</title><date></date><icon src=""></icon><desc></desc><category></category></programme><programme channel="141429799" start="20230103175700 +0000" stop="20230103190600 +0000" catchup-id="1316258329"><title>Y AHORA SONSOLES</title><date></date><icon src=""></icon><desc></desc><category></category></programme><programme channel="141429799" start="20230103190600 +0000" stop="20230103200400 +0000" catchup-id="1316258335"><title>PASAPALABRA</title><date></date><icon src="https://t-mobiletv.nl:443/CPS/images/universal/film/program/202301/20230102/80/20230102210045518l7f.jpg"></icon><desc></desc><category></category></programme><programme channel="141429799" start="20230103200400 +0000" stop="20230103203500 +0000" catchup-id="1316258341"><title>NOTICIAS</title><date></date><icon src="https://t-mobiletv.nl:443/CPS/images/universal/film/program/202301/20230102/2/20230102210045518y3k.jpg"></icon><desc></desc><category></category></programme><programme channel="141429799" start="20230103203500 +0000" stop="20230103203800 +0000" catchup-id="1316258347"><title>DEPORTES</title><date></date><icon src="https://t-mobiletv.nl:443/CPS/images/universal/film/program/202301/20230102/70/202301022100455183jv.jpg"></icon><desc></desc><category></category></programme><programme channel="141429799" start="20230103203800 +0000" stop="20230103204000 +0000" catchup-id="1316258353"><title>EL TIEMPO</title><date></date><icon src="https://t-mobiletv.nl:443/CPS/images/universal/film/program/202301/20230102/81/202301022100455187w0.jpg"></icon><desc></desc><category></category></programme><programme channel="141429799" start="20230103204000 +0000" stop="20230103211300 +0000" catchup-id="1316258359"><title>TOP TRENDING TOPIC</title><date></date><icon src=""></icon><desc></desc><category></category></programme><programme channel="141429799" start="20230103211300 +0000" stop="20230103220900 +0000" catchup-id="1316258365"><title>EL HORMIGUERO</title><date></date><icon src="https://t-mobiletv.nl:443/CPS/images/universal/film/program/202301/20230102/87/202301022100455181li.jpg"></icon><desc></desc><category></category></programme><programme channel="141429799" start="20230103220900 +0000" stop="20230103230300 +0000" catchup-id="1316258371"><title>EQUIPO DE INVESTIGACIÓN</title><date></date><icon src=""></icon><desc></desc><category></category></programme><programme channel="141429799" start="20230103230300 +0000" stop="20230103235800 +0000" catchup-id="1316258377"><title>EL CHIRINGUITO DE JUGONES INTERNACIONAL</title><date></date><icon src=""></icon><desc></desc><category></category></programme><programme channel="141429799" start="20230103235800 +0000" stop="20230104043400 +0000" catchup-id="1313603162"><title>POP UP AQUÍ NO HAY QUIÉN VIVA</title><date></date><icon src=""></icon><desc></desc><category></category></programme><programme channel="141429799" start="20230104043400 +0000" stop="20230104050000 +0000" catchup-id="1317037637"><title>Geen programma-informatie beschikbaar</title><date></date><icon src=""></icon><desc></desc><category></category></programme><programme channel="141429799" start="20230104050000 +0000" stop="20230104055500 +0000" catchup-id="1316642387"><title>EL CHIRINGUITO DE JUGONES INTERNACIONAL</title><date></date><icon src=""></icon><desc></desc><category></category></programme><programme channel="141429799" start="20230104055500 +0000" stop="20230104075500 +0000" catchup-id="1316642393"><title>NOTICIAS DE LA MAÑANA</title><date></date><icon src=""></icon><desc></desc><category></category></programme><programme channel="141429799" start="20230104075500 +0000" stop="20230104122300 +0000" catchup-id="1316642399"><title>ESPEJO PÚBLICO</title><date></date><icon src=""></icon><desc></desc><category></category></programme><programme channel="141429799" start="20230104122300 +0000" stop="20230104131300 +0000" catchup-id="1316642405"><title>HOY COCINAS TÚ</title><date></date><icon src=""></icon><desc></desc><category></category></programme><programme channel="141429799" start="20230104131300 +0000" stop="20230104133800 +0000" catchup-id="1316642923"><title>COCINA ABIERTA DE KARLOS ARGUIÑANO</title><date></date><icon src=""></icon><desc></desc><category></category></programme><programme channel="141429799" start="20230104133800 +0000" stop="20230104135900 +0000" catchup-id="1316642929"><title>TOP TRENDING TOPIC</title><date></date><icon src=""></icon><desc></desc><category></category></programme><programme channel="141429799" start="20230104135900 +0000" stop="20230104144100 +0000" catchup-id="1316642935"><title>NOTICIAS</title><date></date><icon src="https://t-mobiletv.nl:443/CPS/images/universal/film/program/202301/20230103/69/20230103210050541all.jpg"></icon><desc></desc><category></category></programme><programme channel="141429799" start="20230104144100 +0000" stop="20230104144300 +0000" catchup-id="1316642941"><title>DEPORTES</title><date></date><icon src="https://t-mobiletv.nl:443/CPS/images/universal/film/program/202301/20230103/33/20230103210050541yid.jpg"></icon><desc></desc><category></category></programme><programme channel="141429799" start="20230104144300 +0000" stop="20230104155900 +0000" catchup-id="1316642947"><title>ZAPEANDO</title><date></date><icon src=""></icon><desc></desc><category></category></programme><programme channel="141429799" start="20230104155900 +0000" stop="20230104165900 +0000" catchup-id="1316642953"><title>AMAR ES PARA SIEMPRE</title><date></date><icon src=""></icon><desc></desc><category></category></programme><programme channel="141429799" start="20230104165900 +0000" stop="20230104175700 +0000" catchup-id="1316642959"><title>LA RULETA DE LA SUERTE</title><date></date><icon src=""></icon><desc></desc><category></category></programme><programme channel="141429799" start="20230104175700 +0000" stop="20230104191300 +0000" catchup-id="1316642965"><title>Y AHORA SONSOLES</title><date></date><icon src=""></icon><desc></desc><category></category></programme><programme channel="141429799" start="20230104191300 +0000" stop="20230104200300 +0000" catchup-id="1316642971"><title>PASAPALABRA</title><date></date><icon src="https://t-mobiletv.nl:443/CPS/images/universal/film/program/202301/20230103/80/20230103210050541sp3.jpg"></icon><desc></desc><category></category></programme><programme channel="141429799" start="20230104200300 +0000" stop="20230104203600 +0000" catchup-id="1316642977"><title>NOTICIAS</title><date></date><icon src="https://t-mobiletv.nl:443/CPS/images/universal/film/program/202301/20230103/69/20230103210050541ips.jpg"></icon><desc></desc><category></category></programme><programme channel="141429799" start="20230104203600 +0000" stop="20230104203800 +0000" catchup-id="1316642983"><title>DEPORTES</title><date></date><icon src="https://t-mobiletv.nl:443/CPS/images/universal/film/program/202301/20230103/94/20230103210050541eud.jpg"></icon><desc></desc><category></category></programme><programme channel="141429799" start="20230104203800 +0000" stop="20230104204000 +0000" catchup-id="1316642989"><title>EL TIEMPO</title><date></date><icon src="https://t-mobiletv.nl:443/CPS/images/universal/film/program/202301/20230103/8/202301032100505427sd.jpg"></icon><desc></desc><category></category></programme><programme channel="141429799" start="20230104204000 +0000" stop="20230104211200 +0000" catchup-id="1316642995"><title>TOP TRENDING TOPIC</title><date></date><icon src=""></icon><desc></desc><category></category></programme><programme channel="141429799" start="20230104211200 +0000" stop="20230104220200 +0000" catchup-id="1316643001"><title>EL HORMIGUERO</title><date></date><icon src="https://t-mobiletv.nl:443/CPS/images/universal/film/program/202301/20230103/87/20230103210050542nie.jpg"></icon><desc></desc><category></category></programme><programme channel="141429799" start="20230104220200 +0000" stop="20230104231700 +0000" catchup-id="1316643007"><title>EL NOVATO</title><date></date><icon src=""></icon><desc></desc><category></category></programme><programme channel="141429799" start="20230104231700 +0000" stop="20230105001200 +0000" catchup-id="1316643013"><title>EL CHIRINGUITO DE JUGONES INTERNACIONAL</title><date></date><icon src=""></icon><desc></desc><category></category></programme><programme channel="141429799" start="20230105001200 +0000" stop="20230105042400 +0000" catchup-id="1313942338"><title>POP UP AQUÍ NO HAY QUIÉN VIVA</title><date></date><icon src=""></icon><desc></desc><category></category></programme><programme channel="141429799" start="20230105042400 +0000" stop="20230105050000 +0000" catchup-id="1317037643"><title>Geen programma-informatie beschikbaar</title><date></date><icon src=""></icon><desc></desc><category></category></programme><programme channel="141429799" start="20230105050000 +0000" stop="20230105055500 +0000" catchup-id="1317037649"><title>EL CHIRINGUITO DE JUGONES INTERNACIONAL</title><date></date><icon src=""></icon><desc></desc><category></category></programme><programme channel="141429799" start="20230105055500 +0000" stop="20230105075500 +0000" catchup-id="1317037655"><title>NOTICIAS DE LA MAÑANA</title><date></date><icon src=""></icon><desc></desc><category></category></programme><programme channel="141429799" start="20230105075500 +0000" stop="20230105122800 +0000" catchup-id="1317037661"><title>ESPEJO PÚBLICO</title><date></date><icon src=""></icon><desc></desc><category></category></programme><programme channel="141429799" start="20230105122800 +0000" stop="20230105131700 +0000" catchup-id="1317037667"><title>HOY COCINAS TÚ</title><date></date><icon src=""></icon><desc></desc><category></category></programme><programme channel="141429799" start="20230105131700 +0000" stop="20230105133900 +0000" catchup-id="1317037673"><title>COCINA ABIERTA DE KARLOS ARGUIÑANO</title><date></date><icon src=""></icon><desc></desc><category></category></programme><programme channel="141429799" start="20230105133900 +0000" stop="20230105135900 +0000" catchup-id="1317037679"><title>TOP TRENDING TOPIC</title><date></date><icon src=""></icon><desc></desc><category></category></programme><programme channel="141429799" start="20230105135900 +0000" stop="20230105144200 +0000" catchup-id="1317037685"><title>NOTICIAS</title><date></date><icon src="https://t-mobiletv.nl:443/CPS/images/universal/film/program/202301/20230104/24/20230104210050521qgt.jpg"></icon><desc></desc><category></category></programme><programme channel="141429799" start="20230105144200 +0000" stop="20230105144400 +0000" catchup-id="1317037691"><title>DEPORTES</title><date></date><icon src="https://t-mobiletv.nl:443/CPS/images/universal/film/program/202301/20230104/33/202301042100505219ve.jpg"></icon><desc></desc><category></category></programme><programme channel="141429799" start="20230105144400 +0000" stop="20230105155900 +0000" catchup-id="1317037697"><title>ZAPEANDO</title><date></date><icon src=""></icon><desc></desc><category></category></programme><programme channel="141429799" start="20230105155900 +0000" stop="20230105165900 +0000" catchup-id="1317037703"><title>AMAR ES PARA SIEMPRE</title><date></date><icon src=""></icon><desc></desc><category></category></programme><programme channel="141429799" start="20230105165900 +0000" stop="20230105175700 +0000" catchup-id="1317037709"><title>LA RULETA DE LA SUERTE</title><date></date><icon src=""></icon><desc></desc><category></category></programme><programme channel="141429799" start="20230105175700 +0000" stop="20230105190900 +0000" catchup-id="1317037715"><title>Y AHORA SONSOLES</title><date></date><icon src=""></icon><desc></desc><category></category></programme><programme channel="141429799" start="20230105190900 +0000" stop="20230105200500 +0000" catchup-id="1317037721"><title>PASAPALABRA</title><date></date><icon src="https://t-mobiletv.nl:443/CPS/images/universal/film/program/202301/20230104/77/20230104210050521eyb.jpg"></icon><desc></desc><category></category></programme><programme channel="141429799" start="20230105200500 +0000" stop="20230105204000 +0000" catchup-id="1317037727"><title>NOTICIAS</title><date></date><icon src="https://t-mobiletv.nl:443/CPS/images/universal/film/program/202301/20230104/98/202301042100505210kt.jpg"></icon><desc></desc><category></category></programme><programme channel="141429799" start="20230105204000 +0000" stop="20230105204200 +0000" catchup-id="1317037733"><title>DEPORTES</title><date></date><icon src="https://t-mobiletv.nl:443/CPS/images/universal/film/program/202301/20230104/30/20230104210050521f3p.jpg"></icon><desc></desc><category></category></programme><programme channel="141429799" start="20230105204200 +0000" stop="20230105204400 +0000" catchup-id="1317037739"><title>EL TIEMPO</title><date></date><icon src="https://t-mobiletv.nl:443/CPS/images/universal/film/program/202301/20230104/96/20230104210050521hj0.jpg"></icon><desc></desc><category></category></programme><programme channel="141429799" start="20230105204400 +0000" stop="20230105212200 +0000" catchup-id="1317037745"><title>TOP TRENDING TOPIC</title><date></date><icon src=""></icon><desc></desc><category></category></programme><programme channel="141429799" start="20230105212200 +0000" stop="20230105220500 +0000" catchup-id="1317037751"><title>EL HORMIGUERO</title><date></date><icon src="https://t-mobiletv.nl:443/CPS/images/universal/film/program/202301/20230104/97/20230104210050521wuo.jpg"></icon><desc></desc><category></category></programme><programme channel="141429799" start="20230105220500 +0000" stop="20230105225700 +0000" catchup-id="1317037757"><title>LOS HOMBRES DE PACO</title><date></date><icon src=""></icon><desc></desc><category></category></programme><programme channel="141429799" start="20230105225700 +0000" stop="20230105234000 +0000" catchup-id="1317037763"><title>SHOW BUSINESS</title><date></date><icon src=""></icon><desc></desc><category></category></programme><programme channel="141429799" start="20230105234000 +0000" stop="20230106003500 +0000" catchup-id="1317037769"><title>EL CHIRINGUITO DE JUGONES INTERNACIONAL</title><date></date><icon src=""></icon><desc></desc><category></category></programme><programme channel="141429799" start="20230106003500 +0000" stop="20230106044100 +0000" catchup-id="1314397446"><title>POP UP AQUÍ NO HAY QUIÉN VIVA</title><date></date><icon src=""></icon><desc></desc><category></category></programme><programme channel="141429799" start="20230106044100 +0000" stop="20230106050000 +0000" catchup-id="1317103580"><title>Geen programma-informatie beschikbaar</title><date></date><icon src=""></icon><desc></desc><category></category></programme><programme channel="141429799" start="20230106050000 +0000" stop="20230106070100 +0000" catchup-id="1316643031"><title>POP UP AQUI NO HAY QUIEN VIVA</title><date></date><icon src=""></icon><desc></desc><category></category></programme><programme channel="141429799" start="20230106070100 +0000" stop="20230106084300 +0000" catchup-id="1316643037"><title>EL SECRETO DE PUENTE VIEJO</title><date></date><icon src=""></icon><desc></desc><category></category></programme><programme channel="141429799" start="20230106084300 +0000" stop="20230106094300 +0000" catchup-id="1316643043"><title>AMAR ES PARA SIEMPRE</title><date></date><icon src=""></icon><desc></desc><category></category></programme><programme channel="141429799" start="20230106094300 +0000" stop="20230106110400 +0000" catchup-id="1316643049"><title>LOS PROTEGIDOS</title><date></date><icon src=""></icon><desc></desc><category></category></programme><programme channel="141429799" start="20230106110400 +0000" stop="20230106122000 +0000" catchup-id="1316643055"><title>ALLÍ ABAJO</title><date></date><icon src=""></icon><desc></desc><category></category></programme><programme channel="141429799" start="20230106122000 +0000" stop="20230106123300 +0000" catchup-id="1316643061"><title>MAS DE SERIES</title><date></date><icon src=""></icon><desc></desc><category></category></programme><programme channel="141429799" start="20230106123300 +0000" stop="20230106145200 +0000" catchup-id="1316643067"><title>POP UP AQUI NO HAY QUIEN VIVA</title><date></date><icon src=""></icon><desc></desc><category></category></programme><programme channel="141429799" start="20230106145200 +0000" stop="20230106160500 +0000" catchup-id="1316643073"><title>ALLÍ ABAJO</title><date></date><icon src=""></icon><desc></desc><category></category></programme><programme channel="141429799" start="20230106160500 +0000" stop="20230106174200 +0000" catchup-id="1316643079"><title>EL SECRETO DE PUENTE VIEJO</title><date></date><icon src=""></icon><desc></desc><category></category></programme><programme channel="141429799" start="20230106174200 +0000" stop="20230106184200 +0000" catchup-id="1316643085"><title>AMAR ES PARA SIEMPRE</title><date></date><icon src=""></icon><desc></desc><category></category></programme><programme channel="141429799" start="20230106184200 +0000" stop="20230106200000 +0000" catchup-id="1316643091"><title>VIVE CANTANDO</title><date></date><icon src=""></icon><desc></desc><category></category></programme><programme channel="141429799" start="20230106200000 +0000" stop="20230106211800 +0000" catchup-id="1316643097"><title>LOS PROTEGIDOS</title><date></date><icon src=""></icon><desc></desc><category></category></programme><programme channel="141429799" start="20230106211800 +0000" stop="20230106224000 +0000" catchup-id="1316643103"><title>LA FAMILIA MATA</title><date></date><icon src=""></icon><desc></desc><category></category></programme><programme channel="141429799" start="20230106224000 +0000" stop="20230106235300 +0000" catchup-id="1316643109"><title>ALLÍ ABAJO</title><date></date><icon src=""></icon><desc></desc><category></category></programme><programme channel="141429799" start="20230106235300 +0000" stop="20230107011200 +0000" catchup-id="1316643115"><title>VIVE CANTANDO</title><date></date><icon src=""></icon><desc></desc><category></category></programme><programme channel="141429799" start="20230107011200 +0000" stop="20230107044000 +0000" catchup-id="1314854312"><title>POP UP AQUI NO HAY QUIEN VIVA</title><date></date><icon src=""></icon><desc></desc><category></category></programme><programme channel="141429799" start="20230107044000 +0000" stop="20230107045900 +0000" catchup-id="1317103586"><title>Geen programma-informatie beschikbaar</title><date></date><icon src=""></icon><desc></desc><category></category></programme><programme channel="141429799" start="20230107045900 +0000" stop="20230107070800 +0000" catchup-id="1315223927"><title>POP UP AQUI NO HAY QUIEN VIVA</title><date></date><icon src=""></icon><desc></desc><category></category></programme><programme channel="141429799" start="20230107070800 +0000" stop="20230107084500 +0000" catchup-id="1317037787"><title>EL SECRETO DE PUENTE VIEJO</title><date></date><icon src=""></icon><desc></desc><category></category></programme><programme channel="141429799" start="20230107084500 +0000" stop="20230107094000 +0000" catchup-id="1317037793"><title>REFUGIADOS</title><date></date><icon src=""></icon><desc></desc><category></category></programme><programme channel="141429799" start="20230107094000 +0000" stop="20230107122000 +0000" catchup-id="1317037799"><title>VIVE CANTANDO</title><date></date><icon src=""></icon><desc></desc><category></category></programme><programme channel="141429799" start="20230107122000 +0000" stop="20230107123300 +0000" catchup-id="1317037805"><title>MAS DE SERIES</title><date></date><icon src=""></icon><desc></desc><category></category></programme><programme channel="141429799" start="20230107123300 +0000" stop="20230107153200 +0000" catchup-id="1317037811"><title>POP UP AQUI NO HAY QUIEN VIVA</title><date></date><icon src=""></icon><desc></desc><category></category></programme><programme channel="141429799" start="20230107153200 +0000" stop="20230107162700 +0000" catchup-id="1317037817"><title>REFUGIADOS</title><date></date><icon src=""></icon><desc></desc><category></category></programme><programme channel="141429799" start="20230107162700 +0000" stop="20230107180300 +0000" catchup-id="1317037823"><title>EL SECRETO DE PUENTE VIEJO</title><date></date><icon src=""></icon><desc></desc><category></category></programme><programme channel="141429799" start="20230107180300 +0000" stop="20230107190600 +0000" catchup-id="1317037829"><title>PULSACIONES</title><date></date><icon src=""></icon><desc></desc><category></category></programme><programme channel="141429799" start="20230107190600 +0000" stop="20230107200000 +0000" catchup-id="1317037835"><title>EL NUDO</title><date></date><icon src=""></icon><desc></desc><category></category></programme><programme channel="141429799" start="20230107200000 +0000" stop="20230107211600 +0000" catchup-id="1317037841"><title>TOLEDO</title><date></date><icon src=""></icon><desc></desc><category></category></programme><programme channel="141429799" start="20230107211600 +0000" stop="20230107223300 +0000" catchup-id="1317037847"><title>LOS PROTEGIDOS</title><date></date><icon src=""></icon><desc></desc><category></category></programme><programme channel="141429799" start="20230107223300 +0000" stop="20230107232600 +0000" catchup-id="1317037853"><title>EL NUDO</title><date></date><icon src=""></icon><desc></desc><category></category></programme><programme channel="141429799" start="20230107232600 +0000" stop="20230108004700 +0000" catchup-id="1317037859"><title>LA FAMILIA MATA</title><date></date><icon src=""></icon><desc></desc><category></category></programme><programme channel="141429799" start="20230108004700 +0000" stop="20230108044000 +0000" catchup-id="1315224059"><title>POP UP AQUI NO HAY QUIEN VIVA</title><date></date><icon src=""></icon><desc></desc><category></category></programme><programme channel="141429799" start="20230108044000 +0000" stop="20230108083600 +0000" catchup-id="1317103592"><title>Geen programma-informatie beschikbaar</title><date></date><icon src=""></icon><desc></desc><category></category></programme><programme channel="141429799" start="20230108083600 +0000" stop="20230108092100 +0000" catchup-id="1315630940"><title>SHOW BUSINESS</title><date></date><icon src=""></icon><desc></desc><category></category></programme><programme channel="141429799" start="20230108092100 +0000" stop="20230108095500 +0000" catchup-id="1315630946"><title>QUÉ ME PASA DOCTOR</title><date></date><icon src=""></icon><desc></desc><category></category></programme><programme channel="141429799" start="20230108095500 +0000" stop="20230108101800 +0000" catchup-id="1315630952"><title>COCINA ABIERTA CON KARLOS ARGUIÑANO</title><date></date><icon src=""></icon><desc></desc><category></category></programme><programme channel="141429799" start="20230108101800 +0000" stop="20230108112700 +0000" catchup-id="1315631150"><title>EL NOVATO</title><date></date><icon src=""></icon><desc></desc><category></category></programme><programme channel="141429799" start="20230108112700 +0000" stop="20230108124300 +0000" catchup-id="1315631156"><title>ZAPEANDO</title><date></date><icon src=""></icon><desc></desc><category></category></programme><programme channel="141429799" start="20230108124300 +0000" stop="20230108131300 +0000" catchup-id="1315631162"><title>CENTÍMETROS CÚBICOS</title><date></date><icon src=""></icon><desc></desc><category></category></programme><programme channel="141429799" start="20230108131300 +0000" stop="20230108135900 +0000" catchup-id="1315631168"><title>EL HORMIGUERO (R)</title><date></date><icon src=""></icon><desc></desc><category></category></programme><programme channel="141429799" start="20230108135900 +0000" stop="20230108143800 +0000" catchup-id="1315631174"><title>NOTICIAS FIN DE SEMANA</title><date></date><icon src="https://t-mobiletv.nl:443/CPS/images/universal/film/program/202301/20230101/56/20230101020156310d0n.jpg"></icon><desc></desc><category></category></programme><programme channel="141429799" start="20230108143800 +0000" stop="20230108144000 +0000" catchup-id="1315631180"><title>DEPORTES</title><date></date><icon src="https://t-mobiletv.nl:443/CPS/images/universal/film/program/202301/20230101/81/20230101020156310uth.jpg"></icon><desc></desc><category></category></programme><programme channel="141429799" start="20230108144000 +0000" stop="20230108144300 +0000" catchup-id="1315631186"><title>EL TIEMPO</title><date></date><icon src="https://t-mobiletv.nl:443/CPS/images/universal/film/program/202301/20230101/28/20230101020156310c0q.jpg"></icon><desc></desc><category></category></programme><programme channel="141429799" start="20230108144300 +0000" stop="20230108174500 +0000" catchup-id="1315631192"><title>CANTANDO AL 2023</title><date></date><icon src=""></icon><desc></desc><category></category></programme><programme channel="141429799" start="20230108174500 +0000" stop="20230108184600 +0000" catchup-id="1315631198"><title>EL CLUB DE LA COMEDIA</title><date></date><icon src=""></icon><desc></desc><category></category></programme><programme channel="141429799" start="20230108184600 +0000" stop="20230108195900 +0000" catchup-id="1315631204"><title>EL NOVATO</title><date></date><icon src=""></icon><desc></desc><category></category></programme><programme channel="141429799" start="20230108195900 +0000" stop="20230108203900 +0000" catchup-id="1315631210"><title>NOTICIAS FIN DE SEMANA</title><date></date><icon src="https://t-mobiletv.nl:443/CPS/images/universal/film/program/202301/20230101/43/20230101020156311k3v.jpg"></icon><desc></desc><category></category></programme><programme channel="141429799" start="20230108203900 +0000" stop="20230108204100 +0000" catchup-id="1315631216"><title>DEPORTES</title><date></date><icon src="https://t-mobiletv.nl:443/CPS/images/universal/film/program/202301/20230101/93/20230101020156311w06.jpg"></icon><desc></desc><category></category></programme><programme channel="141429799" start="20230108204100 +0000" stop="20230108210000 +0000" catchup-id="1315631222"><title>EL TIEMPO</title><date></date><icon src="https://t-mobiletv.nl:443/CPS/images/universal/film/program/202301/20230101/28/20230101020156311xoo.jpg"></icon><desc></desc><category></category></programme><programme channel="141429799" start="20230108210000 +0000" stop="20230108221900 +0000" catchup-id="1315631228"><title>ATRESCINE: BWANA</title><date></date><icon src=""></icon><desc></desc><category></category></programme><programme channel="141429799" start="20230108221900 +0000" stop="20230109034500 +0000" catchup-id="1315631234"><title>POP UP AQUÍ NO HAY QUIÉN VIVA</title><date></date><icon src=""></icon><desc></desc><category></category></programme><programme channel="141429799" start="20230109034500 +0000" stop="20230109050000 +0000" catchup-id="1317107054"><title>Geen programma-informatie beschikbaar</title><date></date><icon src=""></icon><desc></desc><category></category></programme><programme channel="141429799" start="20230109050000 +0000" stop="20230109070200 +0000" catchup-id="1315916309"><title>POP UP AQUI NO HAY QUIEN VIVA</title><date></date><icon src=""></icon><desc></desc><category></category></programme><programme channel="141429799" start="20230109070200 +0000" stop="20230109083900 +0000" catchup-id="1315916315"><title>EL SECRETO DE PUENTE VIEJO</title><date></date><icon src=""></icon><desc></desc><category></category></programme><programme channel="141429799" start="20230109083900 +0000" stop="20230109093900 +0000" catchup-id="1315916321"><title>AMAR ES PARA SIEMPRE</title><date></date><icon src=""></icon><desc></desc><category></category></programme><programme channel="141429799" start="20230109093900 +0000" stop="20230109105600 +0000" catchup-id="1315916327"><title>TOLEDO</title><date></date><icon src=""></icon><desc></desc><category></category></programme><programme channel="141429799" start="20230109105600 +0000" stop="20230109122000 +0000" catchup-id="1315916653"><title>LOS PROTEGIDOS</title><date></date><icon src=""></icon><desc></desc><category></category></programme><programme channel="141429799" start="20230109122000 +0000" stop="20230109123400 +0000" catchup-id="1315916659"><title>MAS DE SERIES</title><date></date><icon src=""></icon><desc></desc><category></category></programme><programme channel="141429799" start="20230109123400 +0000" stop="20230109144700 +0000" catchup-id="1315916665"><title>POP UP AQUI NO HAY QUIEN VIVA</title><date></date><icon src=""></icon><desc></desc><category></category></programme><programme channel="141429799" start="20230109144700 +0000" stop="20230109160200 +0000" catchup-id="1315916671"><title>ALLÍ ABAJO</title><date></date><icon src=""></icon><desc></desc><category></category></programme><programme channel="141429799" start="20230109160200 +0000" stop="20230109173900 +0000" catchup-id="1315916677"><title>EL SECRETO DE PUENTE VIEJO</title><date></date><icon src=""></icon><desc></desc><category></category></programme><programme channel="141429799" start="20230109173900 +0000" stop="20230109183900 +0000" catchup-id="1315916683"><title>AMAR ES PARA SIEMPRE</title><date></date><icon src=""></icon><desc></desc><category></category></programme><programme channel="141429799" start="20230109183900 +0000" stop="20230109200000 +0000" catchup-id="1315916689"><title>VIVE CANTANDO</title><date></date><icon src=""></icon><desc></desc><category></category></programme><programme channel="141429799" start="20230109200000 +0000" stop="20230109205300 +0000" catchup-id="1315916695"><title>EL NUDO</title><date></date><icon src=""></icon><desc></desc><category></category></programme><programme channel="141429799" start="20230109205300 +0000" stop="20230109233100 +0000" catchup-id="1315916701"><title>VIVE CANTANDO</title><date></date><icon src=""></icon><desc></desc><category></category></programme><programme channel="141429799" start="20230109233100 +0000" stop="20230110004600 +0000" catchup-id="1315916707"><title>ALLÍ ABAJO</title><date></date><icon src=""></icon><desc></desc><category></category></programme><programme channel="141429799" start="20230110004600 +0000" stop="20230110020700 +0000" catchup-id="1315916713"><title>VIVE CANTANDO</title><date></date><icon src=""></icon><desc></desc><category></category></programme><programme channel="141429799" start="20230110020700 +0000" stop="20230110044000 +0000" catchup-id="1315916719"><title>POP UP AQUI NO HAY QUIEN VIVA</title><date></date><icon src=""></icon><desc></desc><category></category></programme><programme channel="141429799" start="20230110044000 +0000" stop="20230110050000 +0000" catchup-id="1317107060"><title>Geen programma-informatie beschikbaar</title><date></date><icon src=""></icon><desc></desc><category></category></programme><programme channel="141429799" start="20230110050000 +0000" stop="20230110055500 +0000" catchup-id="1316279067"><title>EL CHIRINGUITO DE JUGONES INTERNACIONAL</title><date></date><icon src=""></icon><desc></desc><category></category></programme><programme channel="141429799" start="20230110055500 +0000" stop="20230110075500 +0000" catchup-id="1316279073"><title>NOTICIAS DE LA MAÑANA</title><date></date><icon src=""></icon><desc></desc><category></category></programme><programme channel="141429799" start="20230110075500 +0000" stop="20230110122600 +0000" catchup-id="1316279079"><title>ESPEJO PÚBLICO</title><date></date><icon src=""></icon><desc></desc><category></category></programme><programme channel="141429799" start="20230110122600 +0000" stop="20230110131500 +0000" catchup-id="1316279981"><title>HOY COCINAS TÚ</title><date></date><icon src=""></icon><desc></desc><category></category></programme><programme channel="141429799" start="20230110131500 +0000" stop="20230110134000 +0000" catchup-id="1316279987"><title>COCINA ABIERTA DE KARLOS ARGUIÑANO</title><date></date><icon src=""></icon><desc></desc><category></category></programme><programme channel="141429799" start="20230110134000 +0000" stop="20230110135900 +0000" catchup-id="1316279993"><title>TOP TRENDING TOPIC</title><date></date><icon src=""></icon><desc></desc><category></category></programme><programme channel="141429799" start="20230110135900 +0000" stop="20230110144100 +0000" catchup-id="1316279999"><title>NOTICIAS</title><date></date><icon src="https://t-mobiletv.nl:443/CPS/images/universal/film/program/202301/20230103/14/20230103020059711cbo.jpg"></icon><desc></desc><category></category></programme><programme channel="141429799" start="20230110144100 +0000" stop="20230110144500 +0000" catchup-id="1316280005"><title>DEPORTES</title><date></date><icon src="https://t-mobiletv.nl:443/CPS/images/universal/film/program/202301/20230103/13/20230103020059711b00.jpg"></icon><desc></desc><category></category></programme><programme channel="141429799" start="20230110144500 +0000" stop="20230110160000 +0000" catchup-id="1316280011"><title>ZAPEANDO</title><date></date><icon src=""></icon><desc></desc><category></category></programme><programme channel="141429799" start="20230110160000 +0000" stop="20230110170000 +0000" catchup-id="1316280017"><title>AMAR ES PARA SIEMPRE</title><date></date><icon src=""></icon><desc></desc><category></category></programme><programme channel="141429799" start="20230110170000 +0000" stop="20230110175700 +0000" catchup-id="1316280023"><title>LA RULETA DE LA SUERTE</title><date></date><icon src=""></icon><desc></desc><category></category></programme><programme channel="141429799" start="20230110175700 +0000" stop="20230110190600 +0000" catchup-id="1316280029"><title>Y AHORA SONSOLES</title><date></date><icon src=""></icon><desc></desc><category></category></programme><programme channel="141429799" start="20230110190600 +0000" stop="20230110200400 +0000" catchup-id="1316280035"><title>PASAPALABRA</title><date></date><icon src="https://t-mobiletv.nl:443/CPS/images/universal/film/program/202301/20230103/11/20230103020059711oqi.jpg"></icon><desc></desc><category></category></programme><programme channel="141429799" start="20230110200400 +0000" stop="20230110203500 +0000" catchup-id="1316280041"><title>NOTICIAS</title><date></date><icon src="https://t-mobiletv.nl:443/CPS/images/universal/film/program/202301/20230103/18/20230103020059711ks7.jpg"></icon><desc></desc><category></category></programme><programme channel="141429799" start="20230110203500 +0000" stop="20230110203800 +0000" catchup-id="1316280047"><title>DEPORTES</title><date></date><icon src="https://t-mobiletv.nl:443/CPS/images/universal/film/program/202301/20230103/46/20230103020059712o83.jpg"></icon><desc></desc><category></category></programme><programme channel="141429799" start="20230110203800 +0000" stop="20230110204000 +0000" catchup-id="1316280053"><title>EL TIEMPO</title><date></date><icon src="https://t-mobiletv.nl:443/CPS/images/universal/film/program/202301/20230103/68/20230103020059712lx5.jpg"></icon><desc></desc><category></category></programme><programme channel="141429799" start="20230110204000 +0000" stop="20230110211300 +0000" catchup-id="1316280059"><title>TOP TRENDING TOPIC</title><date></date><icon src=""></icon><desc></desc><category></category></programme><programme channel="141429799" start="20230110211300 +0000" stop="20230110220900 +0000" catchup-id="1316280065"><title>EL HORMIGUERO</title><date></date><icon src="https://t-mobiletv.nl:443/CPS/images/universal/film/program/202301/20230103/19/202301030200597124ho.jpg"></icon><desc></desc><category></category></programme><programme channel="141429799" start="20230110220900 +0000" stop="20230110230300 +0000" catchup-id="1316280071"><title>EQUIPO DE INVESTIGACIÓN</title><date></date><icon src=""></icon><desc></desc><category></category></programme><programme channel="141429799" start="20230110230300 +0000" stop="20230110235800 +0000" catchup-id="1316280077"><title>EL CHIRINGUITO DE JUGONES INTERNACIONAL</title><date></date><icon src=""></icon><desc></desc><category></category></programme><programme channel="141429799" start="20230110235800 +0000" stop="20230111043400 +0000" catchup-id="1316280083"><title>POP UP AQUÍ NO HAY QUIÉN VIVA</title><date></date><icon src=""></icon><desc></desc><category></category></programme><programme channel="141429799" start="20230111043400 +0000" stop="20230111050000 +0000" catchup-id="1317107066"><title>Geen programma-informatie beschikbaar</title><date></date><icon src=""></icon><desc></desc><category></category></programme><programme channel="141429799" start="20230111050000 +0000" stop="20230111055500 +0000" catchup-id="1316681662"><title>EL CHIRINGUITO DE JUGONES INTERNACIONAL</title><date></date><icon src=""></icon><desc></desc><category></category></programme><programme channel="141429799" start="20230111055500 +0000" stop="20230111075500 +0000" catchup-id="1316681668"><title>NOTICIAS DE LA MAÑANA</title><date></date><icon src=""></icon><desc></desc><category></category></programme><programme channel="141429799" start="20230111075500 +0000" stop="20230111122300 +0000" catchup-id="1316681674"><title>ESPEJO PÚBLICO</title><date></date><icon src=""></icon><desc></desc><category></category></programme><programme channel="141429799" start="20230111122300 +0000" stop="20230111131300 +0000" catchup-id="1316681680"><title>HOY COCINAS TÚ</title><date></date><icon src=""></icon><desc></desc><category></category></programme><programme channel="141429799" start="20230111131300 +0000" stop="20230111133800 +0000" catchup-id="1316681686"><title>COCINA ABIERTA DE KARLOS ARGUIÑANO</title><date></date><icon src=""></icon><desc></desc><category></category></programme><programme channel="141429799" start="20230111133800 +0000" stop="20230111135900 +0000" catchup-id="1316681692"><title>TOP TRENDING TOPIC</title><date></date><icon src=""></icon><desc></desc><category></category></programme><programme channel="141429799" start="20230111135900 +0000" stop="20230111144100 +0000" catchup-id="1316681698"><title>NOTICIAS</title><date></date><icon src="https://t-mobiletv.nl:443/CPS/images/universal/film/program/202301/20230104/65/202301040201205169jh.jpg"></icon><desc></desc><category></category></programme><programme channel="141429799" start="20230111144100 +0000" stop="20230111144300 +0000" catchup-id="1316681704"><title>DEPORTES</title><date></date><icon src="https://t-mobiletv.nl:443/CPS/images/universal/film/program/202301/20230104/2/20230104020120516lmf.jpg"></icon><desc></desc><category></category></programme><programme channel="141429799" start="20230111144300 +0000" stop="20230111155900 +0000" catchup-id="1316681710"><title>ZAPEANDO</title><date></date><icon src=""></icon><desc></desc><category></category></programme><programme channel="141429799" start="20230111155900 +0000" stop="20230111165900 +0000" catchup-id="1316681716"><title>AMAR ES PARA SIEMPRE</title><date></date><icon src=""></icon><desc></desc><category></category></programme><programme channel="141429799" start="20230111165900 +0000" stop="20230111175700 +0000" catchup-id="1316681722"><title>LA RULETA DE LA SUERTE</title><date></date><icon src=""></icon><desc></desc><category></category></programme><programme channel="141429799" start="20230111175700 +0000" stop="20230111191300 +0000" catchup-id="1316681728"><title>Y AHORA SONSOLES</title><date></date><icon src=""></icon><desc></desc><category></category></programme><programme channel="141429799" start="20230111191300 +0000" stop="20230111200300 +0000" catchup-id="1316681734"><title>PASAPALABRA</title><date></date><icon src="https://t-mobiletv.nl:443/CPS/images/universal/film/program/202301/20230104/84/2023010402012051656t.jpg"></icon><desc></desc><category></category></programme><programme channel="141429799" start="20230111200300 +0000" stop="20230111203600 +0000" catchup-id="1316681740"><title>NOTICIAS</title><date></date><icon src="https://t-mobiletv.nl:443/CPS/images/universal/film/program/202301/20230104/89/2023010402012051631m.jpg"></icon><desc></desc><category></category></programme><programme channel="141429799" start="20230111203600 +0000" stop="20230111203800 +0000" catchup-id="1316681746"><title>DEPORTES</title><date></date><icon src="https://t-mobiletv.nl:443/CPS/images/universal/film/program/202301/20230104/21/20230104020120516roq.jpg"></icon><desc></desc><category></category></programme><programme channel="141429799" start="20230111203800 +0000" stop="20230111204000 +0000" catchup-id="1316681752"><title>EL TIEMPO</title><date></date><icon src="https://t-mobiletv.nl:443/CPS/images/universal/film/program/202301/20230104/94/202301040201205168et.jpg"></icon><desc></desc><category></category></programme><programme channel="141429799" start="20230111204000 +0000" stop="20230111211200 +0000" catchup-id="1316681758"><title>TOP TRENDING TOPIC</title><date></date><icon src=""></icon><desc></desc><category></category></programme><programme channel="141429799" start="20230111211200 +0000" stop="20230111220200 +0000" catchup-id="1316681764"><title>EL HORMIGUERO</title><date></date><icon src="https://t-mobiletv.nl:443/CPS/images/universal/film/program/202301/20230104/99/20230104020120516a4y.jpg"></icon><desc></desc><category></category></programme><programme channel="141429799" start="20230111220200 +0000" stop="20230111231700 +0000" catchup-id="1316681770"><title>EL NOVATO</title><date></date><icon src=""></icon><desc></desc><category></category></programme><programme channel="141429799" start="20230111231700 +0000" stop="20230112001200 +0000" catchup-id="1316681776"><title>EL CHIRINGUITO DE JUGONES INTERNACIONAL</title><date></date><icon src=""></icon><desc></desc><category></category></programme><programme channel="141429799" start="20230112001200 +0000" stop="20230112042400 +0000" catchup-id="1316681782"><title>POP UP AQUÍ NO HAY QUIÉN VIVA</title><date></date><icon src=""></icon><desc></desc><category></category></programme>