<programme channel="141431538" start="20221228175942 +0000" stop="20221228185900 +0000" catchup-id="1311324499"><title>Can't Fight The Pop Ballads!</title><date></date><icon src="https://t-mobiletv.nl:443/CPS/images/universal/film/program/202212/20221221/23/20221221020129707xzq.jpg"></icon><desc></desc><category></category></programme><programme channel="141431538" start="20221228185900 +0000" stop="20221229010105 +0000" catchup-id="1311324505"><title>Non-Stop Nostalgia</title><date></date><icon src="https://t-mobiletv.nl:443/CPS/images/universal/film/program/202212/20221221/20/20221221020129707lb1.jpg"></icon><desc></desc><category></category></programme><programme channel="141431538" start="20221229010105 +0000" stop="20221229030000 +0000" catchup-id="1311324511"><title>Non-Stop Nostalgia</title><date></date><icon src="https://t-mobiletv.nl:443/CPS/images/universal/film/program/202212/20221221/9/20221221020129707mzx.jpg"></icon><desc></desc><category></category></programme><programme channel="141431538" start="20221229030000 +0000" stop="20221229070000 +0000" catchup-id="1311324517"><title>Non-Stop Nostalgia</title><date></date><icon src="https://t-mobiletv.nl:443/CPS/images/universal/film/program/202212/20221221/4/20221221020129707nql.jpg"></icon><desc></desc><category></category></programme><programme channel="141431538" start="20221229070000 +0000" stop="20221229080000 +0000" catchup-id="1311777648"><title>Class Of 2008!</title><date></date><icon src="https://t-mobiletv.nl:443/CPS/images/universal/film/program/202212/20221222/65/20221222020125518ycm.jpg"></icon><desc></desc><category></category></programme><programme channel="141431538" start="20221229080000 +0000" stop="20221229130000 +0000" catchup-id="1311777654"><title>We Love The 00s!</title><date></date><icon src="https://t-mobiletv.nl:443/CPS/images/universal/film/program/202212/20221222/18/202212220201255191to.jpg"></icon><desc></desc><category></category></programme><programme channel="141431538" start="20221229130000 +0000" stop="20221229140000 +0000" catchup-id="1311777660"><title>Class Of 2008!</title><date></date><icon src="https://t-mobiletv.nl:443/CPS/images/universal/film/program/202212/20221222/42/20221222020125519hnv.jpg"></icon><desc></desc><category></category></programme><programme channel="141431538" start="20221229140000 +0000" stop="20221229180000 +0000" catchup-id="1311777666"><title>Hits Don't Lie</title><date></date><icon src="https://t-mobiletv.nl:443/CPS/images/universal/film/program/202212/20221222/54/202212220201255195j1.jpg"></icon><desc></desc><category></category></programme><programme channel="141431538" start="20221229180000 +0000" stop="20221229190000 +0000" catchup-id="1311777672"><title>Rap &amp; R'n'B Jamz</title><date></date><icon src="https://t-mobiletv.nl:443/CPS/images/universal/film/program/202212/20221222/63/20221222020125519bce.jpg"></icon><desc></desc><category></category></programme><programme channel="141431538" start="20221229190000 +0000" stop="20221230010000 +0000" catchup-id="1311777678"><title>Non-Stop Nostalgia</title><date></date><icon src="https://t-mobiletv.nl:443/CPS/images/universal/film/program/202212/20221222/26/20221222020125519k6w.jpg"></icon><desc></desc><category></category></programme><programme channel="141431538" start="20221230010000 +0000" stop="20221230030000 +0000" catchup-id="1311777684"><title>Non-Stop Nostalgia</title><date></date><icon src="https://t-mobiletv.nl:443/CPS/images/universal/film/program/202212/20221222/31/2022122202012551994m.jpg"></icon><desc></desc><category></category></programme><programme channel="141431538" start="20221230030000 +0000" stop="20221230070000 +0000" catchup-id="1311777690"><title>Non-Stop Nostalgia</title><date></date><icon src="https://t-mobiletv.nl:443/CPS/images/universal/film/program/202212/20221222/90/202212220201255190lt.jpg"></icon><desc></desc><category></category></programme><programme channel="141431538" start="20221230070000 +0000" stop="20221230080000 +0000" catchup-id="1312171831"><title>Best Groups Of The 00s!</title><date></date><icon src="https://t-mobiletv.nl:443/CPS/images/universal/film/program/202212/20221223/84/20221223020110510mjq.jpg"></icon><desc></desc><category></category></programme><programme channel="141431538" start="20221230080000 +0000" stop="20221230130000 +0000" catchup-id="1312171837"><title>We Love The 00s!</title><date></date><icon src="https://t-mobiletv.nl:443/CPS/images/universal/film/program/202212/20221223/78/20221223020110510k3c.jpg"></icon><desc></desc><category></category></programme><programme channel="141431538" start="20221230130000 +0000" stop="20221230140000 +0000" catchup-id="1312171843"><title>Best Groups Of The 00s!</title><date></date><icon src="https://t-mobiletv.nl:443/CPS/images/universal/film/program/202212/20221223/6/20221223020110510u74.jpg"></icon><desc></desc><category></category></programme><programme channel="141431538" start="20221230140000 +0000" stop="20221230180000 +0000" catchup-id="1312171849"><title>Hits Don't Lie</title><date></date><icon src="https://t-mobiletv.nl:443/CPS/images/universal/film/program/202212/20221223/21/20221223020110510j29.jpg"></icon><desc></desc><category></category></programme><programme channel="141431538" start="20221230180000 +0000" stop="20221230190000 +0000" catchup-id="1312171855"><title>Dancefloor Fillers!</title><date></date><icon src="https://t-mobiletv.nl:443/CPS/images/universal/film/program/202212/20221223/10/20221223020110510hj1.jpg"></icon><desc></desc><category></category></programme><programme channel="141431538" start="20221230190000 +0000" stop="20221230220000 +0000" catchup-id="1312171861"><title>Get The Party Started! 40 Hits</title><date></date><icon src="https://t-mobiletv.nl:443/CPS/images/universal/film/program/202212/20221223/59/20221223020110510gi6.jpg"></icon><desc></desc><category></category></programme><programme channel="141431538" start="20221230220000 +0000" stop="20221231010000 +0000" catchup-id="1312171867"><title>Non-Stop Nostalgia</title><date></date><icon src="https://t-mobiletv.nl:443/CPS/images/universal/film/program/202212/20221223/84/20221223020110510u0j.jpg"></icon><desc></desc><category></category></programme><programme channel="141431538" start="20221231010000 +0000" stop="20221231030000 +0000" catchup-id="1312171873"><title>Non-Stop Nostalgia</title><date></date><icon src="https://t-mobiletv.nl:443/CPS/images/universal/film/program/202212/20221223/6/20221223020110510vj7.jpg"></icon><desc></desc><category></category></programme><programme channel="141431538" start="20221231030000 +0000" stop="20221231090142 +0000" catchup-id="1312171879"><title>It's A 00s New Year's Party!</title><date></date><icon src="https://t-mobiletv.nl:443/CPS/images/universal/film/program/202212/20221223/91/20221223020110510e9w.jpg"></icon><desc></desc><category></category></programme><programme channel="141431538" start="20221231090142 +0000" stop="20221231145946 +0000" catchup-id="1312578715"><title>It's A 00s New Year's Party!</title><date></date><icon src="https://t-mobiletv.nl:443/CPS/images/universal/film/program/202212/20221224/2/20221224020125509455.jpg"></icon><desc></desc><category></category></programme><programme channel="141431538" start="20221231145946 +0000" stop="20221231190020 +0000" catchup-id="1312578721"><title>It's A 00s New Year's Party!</title><date></date><icon src="https://t-mobiletv.nl:443/CPS/images/universal/film/program/202212/20221224/45/202212240201255090l1.jpg"></icon><desc></desc><category></category></programme><programme channel="141431538" start="20221231190020 +0000" stop="20230101010028 +0000" catchup-id="1312578727"><title>Happy New Year From MTV 00s!</title><date></date><icon src="https://t-mobiletv.nl:443/CPS/images/universal/film/program/202212/20221224/2/20221224020125509gfe.jpg"></icon><desc></desc><category></category></programme><programme channel="141431538" start="20230101010028 +0000" stop="20230101030000 +0000" catchup-id="1312579565"><title>Happy New Year From MTV 00s!</title><date></date><icon src="https://t-mobiletv.nl:443/CPS/images/universal/film/program/202212/20221224/25/20221224020125509qtd.jpg"></icon><desc></desc><category></category></programme><programme channel="141431538" start="20230101030000 +0000" stop="20230101090014 +0000" catchup-id="1312579571"><title>Happy New Year From MTV 00s!</title><date></date><icon src="https://t-mobiletv.nl:443/CPS/images/universal/film/program/202212/20221224/93/202212240201255092ge.jpg"></icon><desc></desc><category></category></programme><programme channel="141431538" start="20230101090014 +0000" stop="20230101145930 +0000" catchup-id="1312932753"><title>Happy New Year From MTV 00s!</title><date></date><icon src="https://t-mobiletv.nl:443/CPS/images/universal/film/program/202212/20221225/90/20221225020135531je4.jpg"></icon><desc></desc><category></category></programme><programme channel="141431538" start="20230101145930 +0000" stop="20230101190143 +0000" catchup-id="1312932759"><title>Happy New Year From MTV 00s!</title><date></date><icon src="https://t-mobiletv.nl:443/CPS/images/universal/film/program/202212/20221225/70/20221225020135531do7.jpg"></icon><desc></desc><category></category></programme><programme channel="141431538" start="20230101190143 +0000" stop="20230102010028 +0000" catchup-id="1312932765"><title>Non-Stop Nostalgia</title><date></date><icon src="https://t-mobiletv.nl:443/CPS/images/universal/film/program/202212/20221225/13/202212250201355318rv.jpg"></icon><desc></desc><category></category></programme><programme channel="141431538" start="20230102010028 +0000" stop="20230102030000 +0000" catchup-id="1312932771"><title>Non-Stop Nostalgia</title><date></date><icon src="https://t-mobiletv.nl:443/CPS/images/universal/film/program/202212/20221225/87/2022122502013553128s.jpg"></icon><desc></desc><category></category></programme><programme channel="141431538" start="20230102030000 +0000" stop="20230102070000 +0000" catchup-id="1312932777"><title>Non-Stop Nostalgia</title><date></date><icon src="https://t-mobiletv.nl:443/CPS/images/universal/film/program/202212/20221225/53/20221225020135531ctn.jpg"></icon><desc></desc><category></category></programme><programme channel="141431538" start="20230102070000 +0000" stop="20230102080000 +0000" catchup-id="1313248235"><title>Stars Of MTV: Christina...</title><date></date><icon src="https://t-mobiletv.nl:443/CPS/images/universal/film/program/202212/20221226/23/202212260201055136nm.jpg"></icon><desc></desc><category></category></programme><programme channel="141431538" start="20230102080000 +0000" stop="20230102130000 +0000" catchup-id="1313248241"><title>We Love The 00s!</title><date></date><icon src="https://t-mobiletv.nl:443/CPS/images/universal/film/program/202212/20221226/65/20221226020105513r6a.jpg"></icon><desc></desc><category></category></programme><programme channel="141431538" start="20230102130000 +0000" stop="20230102140000 +0000" catchup-id="1313248247"><title>Stars Of MTV: Christina...</title><date></date><icon src="https://t-mobiletv.nl:443/CPS/images/universal/film/program/202212/20221226/59/202212260201055136zq.jpg"></icon><desc></desc><category></category></programme><programme channel="141431538" start="20230102140000 +0000" stop="20230102180000 +0000" catchup-id="1313248253"><title>Hits Don't Lie</title><date></date><icon src="https://t-mobiletv.nl:443/CPS/images/universal/film/program/202212/20221226/44/20221226020105513edg.jpg"></icon><desc></desc><category></category></programme><programme channel="141431538" start="20230102180000 +0000" stop="20230102190000 +0000" catchup-id="1313248259"><title>Chillout Zone</title><date></date><icon src="https://t-mobiletv.nl:443/CPS/images/universal/film/program/202212/20221226/38/20221226020105513pj8.jpg"></icon><desc></desc><category></category></programme><programme channel="141431538" start="20230102190000 +0000" stop="20230103010000 +0000" catchup-id="1313248265"><title>Non-Stop Nostalgia</title><date></date><icon src="https://t-mobiletv.nl:443/CPS/images/universal/film/program/202212/20221226/24/2022122602010551304o.jpg"></icon><desc></desc><category></category></programme><programme channel="141431538" start="20230103010000 +0000" stop="20230103030000 +0000" catchup-id="1313248271"><title>Non-Stop Nostalgia</title><date></date><icon src="https://t-mobiletv.nl:443/CPS/images/universal/film/program/202212/20221226/54/202212260201055138y4.jpg"></icon><desc></desc><category></category></programme><programme channel="141431538" start="20230103030000 +0000" stop="20230103070000 +0000" catchup-id="1313248277"><title>Non-Stop Nostalgia</title><date></date><icon src="https://t-mobiletv.nl:443/CPS/images/universal/film/program/202212/20221226/94/20221226020105513447.jpg"></icon><desc></desc><category></category></programme><programme channel="141431538" start="20230103070000 +0000" stop="20230103080000 +0000" catchup-id="1313578461"><title>Class Of 2000!</title><date></date><icon src="https://t-mobiletv.nl:443/CPS/images/universal/film/program/202212/20221227/2/20221227020104717eso.jpg"></icon><desc></desc><category></category></programme><programme channel="141431538" start="20230103080000 +0000" stop="20230103130000 +0000" catchup-id="1313578467"><title>We Love The 00s!</title><date></date><icon src="https://t-mobiletv.nl:443/CPS/images/universal/film/program/202212/20221227/98/20221227020104717pdf.jpg"></icon><desc></desc><category></category></programme><programme channel="141431538" start="20230103130000 +0000" stop="20230103140000 +0000" catchup-id="1313578473"><title>Class Of 2000!</title><date></date><icon src="https://t-mobiletv.nl:443/CPS/images/universal/film/program/202212/20221227/63/20221227020104717p55.jpg"></icon><desc></desc><category></category></programme><programme channel="141431538" start="20230103140000 +0000" stop="20230103180000 +0000" catchup-id="1313578479"><title>Hits Don't Lie</title><date></date><icon src="https://t-mobiletv.nl:443/CPS/images/universal/film/program/202212/20221227/93/202212270201047170tl.jpg"></icon><desc></desc><category></category></programme><programme channel="141431538" start="20230103180000 +0000" stop="20230103190000 +0000" catchup-id="1313578485"><title>Classic Collabs!</title><date></date><icon src="https://t-mobiletv.nl:443/CPS/images/universal/film/program/202212/20221227/83/20221227020104717ev7.jpg"></icon><desc></desc><category></category></programme><programme channel="141431538" start="20230103190000 +0000" stop="20230104010000 +0000" catchup-id="1313578491"><title>Non-Stop Nostalgia</title><date></date><icon src="https://t-mobiletv.nl:443/CPS/images/universal/film/program/202212/20221227/27/202212270201047176l7.jpg"></icon><desc></desc><category></category></programme><programme channel="141431538" start="20230104010000 +0000" stop="20230104030000 +0000" catchup-id="1313578497"><title>Non-Stop Nostalgia</title><date></date><icon src="https://t-mobiletv.nl:443/CPS/images/universal/film/program/202212/20221227/34/20221227020104717mhp.jpg"></icon><desc></desc><category></category></programme><programme channel="141431538" start="20230104030000 +0000" stop="20230104070000 +0000" catchup-id="1313578503"><title>Non-Stop Nostalgia</title><date></date><icon src="https://t-mobiletv.nl:443/CPS/images/universal/film/program/202212/20221227/16/202212270201047173pj.jpg"></icon><desc></desc><category></category></programme><programme channel="141431538" start="20230104070000 +0000" stop="20230104080000 +0000" catchup-id="1313969681"><title>2 4 1 Hits!</title><date></date><icon src="https://t-mobiletv.nl:443/CPS/images/universal/film/program/202212/20221228/1/20221228020124707am7.jpg"></icon><desc></desc><category></category></programme><programme channel="141431538" start="20230104080000 +0000" stop="20230104130000 +0000" catchup-id="1313969687"><title>We Love The 00s!</title><date></date><icon src="https://t-mobiletv.nl:443/CPS/images/universal/film/program/202212/20221228/83/20221228020124707481.jpg"></icon><desc></desc><category></category></programme><programme channel="141431538" start="20230104130000 +0000" stop="20230104140000 +0000" catchup-id="1313969693"><title>2 4 1 Hits!</title><date></date><icon src="https://t-mobiletv.nl:443/CPS/images/universal/film/program/202212/20221228/43/20221228020124707oo2.jpg"></icon><desc></desc><category></category></programme><programme channel="141431538" start="20230104140000 +0000" stop="20230104180000 +0000" catchup-id="1313969699"><title>Hits Don't Lie</title><date></date><icon src="https://t-mobiletv.nl:443/CPS/images/universal/film/program/202212/20221228/92/20221228020124708kik.jpg"></icon><desc></desc><category></category></programme><programme channel="141431538" start="20230104180000 +0000" stop="20230104190000 +0000" catchup-id="1313969705"><title>Can't Fight The Pop Ballads!</title><date></date><icon src="https://t-mobiletv.nl:443/CPS/images/universal/film/program/202212/20221228/12/202212280201247085di.jpg"></icon><desc></desc><category></category></programme><programme channel="141431538" start="20230104190000 +0000" stop="20230105010000 +0000" catchup-id="1313969711"><title>Non-Stop Nostalgia</title><date></date><icon src="https://t-mobiletv.nl:443/CPS/images/universal/film/program/202212/20221228/2/20221228020124708jol.jpg"></icon><desc></desc><category></category></programme><programme channel="141431538" start="20230105010000 +0000" stop="20230105030000 +0000" catchup-id="1313969717"><title>Non-Stop Nostalgia</title><date></date><icon src="https://t-mobiletv.nl:443/CPS/images/universal/film/program/202212/20221228/36/20221228020124708uw7.jpg"></icon><desc></desc><category></category></programme><programme channel="141431538" start="20230105030000 +0000" stop="20230105065913 +0000" catchup-id="1313969723"><title>Non-Stop Nostalgia</title><date></date><icon src="https://t-mobiletv.nl:443/CPS/images/universal/film/program/202212/20221228/1/202212280201247080am.jpg"></icon><desc></desc><category></category></programme><programme channel="141431538" start="20230105065913 +0000" stop="20230105075833 +0000" catchup-id="1314395296"><title>Class Of 2001!</title><date></date><icon src="https://t-mobiletv.nl:443/CPS/images/universal/film/program/202212/20221229/31/2022122902013971188n.jpg"></icon><desc></desc><category></category></programme><programme channel="141431538" start="20230105075833 +0000" stop="20230105125954 +0000" catchup-id="1314395302"><title>We Love The 00s!</title><date></date><icon src="https://t-mobiletv.nl:443/CPS/images/universal/film/program/202212/20221229/20/20221229020139711qns.jpg"></icon><desc></desc><category></category></programme><programme channel="141431538" start="20230105125954 +0000" stop="20230105135838 +0000" catchup-id="1314395308"><title>Class Of 2001!</title><date></date><icon src="https://t-mobiletv.nl:443/CPS/images/universal/film/program/202212/20221229/15/20221229020139712mfg.jpg"></icon><desc></desc><category></category></programme><programme channel="141431538" start="20230105135838 +0000" stop="20230105175918 +0000" catchup-id="1314395314"><title>Hits Don't Lie</title><date></date><icon src="https://t-mobiletv.nl:443/CPS/images/universal/film/program/202212/20221229/90/20221229020139712i1i.jpg"></icon><desc></desc><category></category></programme><programme channel="141431538" start="20230105175918 +0000" stop="20230105185931 +0000" catchup-id="1314395320"><title>Rap &amp; R'n'B Jamz</title><date></date><icon src="https://t-mobiletv.nl:443/CPS/images/universal/film/program/202212/20221229/45/20221229020139712pzt.jpg"></icon><desc></desc><category></category></programme><programme channel="141431538" start="20230105185931 +0000" stop="20230106005718 +0000" catchup-id="1314395326"><title>Non-Stop Nostalgia</title><date></date><icon src="https://t-mobiletv.nl:443/CPS/images/universal/film/program/202212/20221229/17/20221229020139712hhu.jpg"></icon><desc></desc><category></category></programme><programme channel="141431538" start="20230106005718 +0000" stop="20230106030000 +0000" catchup-id="1314395332"><title>Non-Stop Nostalgia</title><date></date><icon src="https://t-mobiletv.nl:443/CPS/images/universal/film/program/202212/20221229/91/202212290201397129nv.jpg"></icon><desc></desc><category></category></programme><programme channel="141431538" start="20230106030000 +0000" stop="20230106070000 +0000" catchup-id="1314395338"><title>Non-Stop Nostalgia</title><date></date><icon src="https://t-mobiletv.nl:443/CPS/images/universal/film/program/202212/20221229/37/20221229020139712hob.jpg"></icon><desc></desc><category></category></programme><programme channel="141431538" start="20230106070000 +0000" stop="20230106080000 +0000" catchup-id="1314848193"><title>Stars Of MTV: The Boys</title><date></date><icon src="https://t-mobiletv.nl:443/CPS/images/universal/film/program/202212/20221230/50/202212300201347396z7.jpg"></icon><desc></desc><category></category></programme><programme channel="141431538" start="20230106080000 +0000" stop="20230106130000 +0000" catchup-id="1314848199"><title>We Love The 00s!</title><date></date><icon src="https://t-mobiletv.nl:443/CPS/images/universal/film/program/202212/20221230/16/20221230020134739sb3.jpg"></icon><desc></desc><category></category></programme><programme channel="141431538" start="20230106130000 +0000" stop="20230106140000 +0000" catchup-id="1314848205"><title>Stars Of MTV: The Boys</title><date></date><icon src="https://t-mobiletv.nl:443/CPS/images/universal/film/program/202212/20221230/52/20221230020134739l50.jpg"></icon><desc></desc><category></category></programme><programme channel="141431538" start="20230106140000 +0000" stop="20230106180000 +0000" catchup-id="1314848211"><title>Hits Don't Lie</title><date></date><icon src="https://t-mobiletv.nl:443/CPS/images/universal/film/program/202212/20221230/22/202212300201347395jo.jpg"></icon><desc></desc><category></category></programme><programme channel="141431538" start="20230106180000 +0000" stop="20230106190000 +0000" catchup-id="1314848217"><title>Dancefloor Fillers!</title><date></date><icon src="https://t-mobiletv.nl:443/CPS/images/universal/film/program/202212/20221230/8/20221230020134739x38.jpg"></icon><desc></desc><category></category></programme><programme channel="141431538" start="20230106190000 +0000" stop="20230106220000 +0000" catchup-id="1314848223"><title>Rock Legends! 40 Anthems</title><date></date><icon src="https://t-mobiletv.nl:443/CPS/images/universal/film/program/202212/20221230/19/20221230020134739xew.jpg"></icon><desc></desc><category></category></programme><programme channel="141431538" start="20230106220000 +0000" stop="20230107010000 +0000" catchup-id="1314848229"><title>Non-Stop Nostalgia</title><date></date><icon src="https://t-mobiletv.nl:443/CPS/images/universal/film/program/202212/20221230/46/20221230020134740fn6.jpg"></icon><desc></desc><category></category></programme><programme channel="141431538" start="20230107010000 +0000" stop="20230107030000 +0000" catchup-id="1314848235"><title>Non-Stop Nostalgia</title><date></date><icon src="https://t-mobiletv.nl:443/CPS/images/universal/film/program/202212/20221230/69/20221230020134740usj.jpg"></icon><desc></desc><category></category></programme><programme channel="141431538" start="20230107030000 +0000" stop="20230107070000 +0000" catchup-id="1314848241"><title>Non-Stop Nostalgia</title><date></date><icon src="https://t-mobiletv.nl:443/CPS/images/universal/film/program/202212/20221230/7/2022123002013474036q.jpg"></icon><desc></desc><category></category></programme><programme channel="141431538" start="20230107070000 +0000" stop="20230107100000 +0000" catchup-id="1315250524"><title>40 MTV Stars Of The 00s!</title><date></date><icon src="https://t-mobiletv.nl:443/CPS/images/universal/film/program/202212/20221231/47/202212310201455246vi.jpg"></icon><desc></desc><category></category></programme><programme channel="141431538" start="20230107100000 +0000" stop="20230107130000 +0000" catchup-id="1315250530"><title>We Love The 00s!</title><date></date><icon src="https://t-mobiletv.nl:443/CPS/images/universal/film/program/202212/20221231/13/202212310201455249w2.jpg"></icon><desc></desc><category></category></programme><programme channel="141431538" start="20230107130000 +0000" stop="20230107140000 +0000" catchup-id="1315250536"><title>2 4 1 Hits!</title><date></date><icon src="https://t-mobiletv.nl:443/CPS/images/universal/film/program/202212/20221231/3/20221231020145524yrp.jpg"></icon><desc></desc><category></category></programme><programme channel="141431538" start="20230107140000 +0000" stop="20230107180000 +0000" catchup-id="1315250606"><title>Hits Don't Lie</title><date></date><icon src="https://t-mobiletv.nl:443/CPS/images/universal/film/program/202212/20221231/55/202212310201455247v9.jpg"></icon><desc></desc><category></category></programme><programme channel="141431538" start="20230107180000 +0000" stop="20230107190000 +0000" catchup-id="1315250612"><title>Rock'N'Roll Anthems!</title><date></date><icon src="https://t-mobiletv.nl:443/CPS/images/universal/film/program/202212/20221231/61/202212310201455243o1.jpg"></icon><desc></desc><category></category></programme><programme channel="141431538" start="20230107190000 +0000" stop="20230108010000 +0000" catchup-id="1315250618"><title>Non-Stop Nostalgia</title><date></date><icon src="https://t-mobiletv.nl:443/CPS/images/universal/film/program/202212/20221231/70/20221231020145524qpg.jpg"></icon><desc></desc><category></category></programme><programme channel="141431538" start="20230108010000 +0000" stop="20230108030000 +0000" catchup-id="1315250624"><title>Non-Stop Nostalgia</title><date></date><icon src="https://t-mobiletv.nl:443/CPS/images/universal/film/program/202212/20221231/39/20221231020145524ucw.jpg"></icon><desc></desc><category></category></programme><programme channel="141431538" start="20230108030000 +0000" stop="20230108070000 +0000" catchup-id="1315250630"><title>Non-Stop Nostalgia</title><date></date><icon src="https://t-mobiletv.nl:443/CPS/images/universal/film/program/202212/20221231/40/20221231020145524qyo.jpg"></icon><desc></desc><category></category></programme><programme channel="141431538" start="20230108070000 +0000" stop="20230108080000 +0000" catchup-id="1315616344"><title>Class Of 2002!</title><date></date><icon src="https://t-mobiletv.nl:443/CPS/images/universal/film/program/202301/20230101/36/20230101020131277e9d.jpg"></icon><desc></desc><category></category></programme><programme channel="141431538" start="20230108080000 +0000" stop="20230108100000 +0000" catchup-id="1315616350"><title>We Love The 00s!</title><date></date><icon src="https://t-mobiletv.nl:443/CPS/images/universal/film/program/202301/20230101/66/202301010201312785ni.jpg"></icon><desc></desc><category></category></programme><programme channel="141431538" start="20230108100000 +0000" stop="20230108130000 +0000" catchup-id="1315616356"><title>Superstar DJs! 40 Dance Hits</title><date></date><icon src="https://t-mobiletv.nl:443/CPS/images/universal/film/program/202301/20230101/62/20230101020131278t8k.jpg"></icon><desc></desc><category></category></programme><programme channel="141431538" start="20230108130000 +0000" stop="20230108140000 +0000" catchup-id="1315616426"><title>Class Of 2002!</title><date></date><icon src="https://t-mobiletv.nl:443/CPS/images/universal/film/program/202301/20230101/41/20230101020131278im7.jpg"></icon><desc></desc><category></category></programme><programme channel="141431538" start="20230108140000 +0000" stop="20230108180000 +0000" catchup-id="1315616432"><title>Hits Don't Lie</title><date></date><icon src="https://t-mobiletv.nl:443/CPS/images/universal/film/program/202301/20230101/33/20230101020131278zfu.jpg"></icon><desc></desc><category></category></programme><programme channel="141431538" start="20230108180000 +0000" stop="20230108190000 +0000" catchup-id="1315616438"><title>Crazy In Love!</title><date></date><icon src="https://t-mobiletv.nl:443/CPS/images/universal/film/program/202301/20230101/51/20230101020131278n0g.jpg"></icon><desc></desc><category></category></programme><programme channel="141431538" start="20230108190000 +0000" stop="20230109010000 +0000" catchup-id="1315616444"><title>Non-Stop Nostalgia</title><date></date><icon src="https://t-mobiletv.nl:443/CPS/images/universal/film/program/202301/20230101/7/202301010201312780i7.jpg"></icon><desc></desc><category></category></programme><programme channel="141431538" start="20230109010000 +0000" stop="20230109030000 +0000" catchup-id="1315616450"><title>Non-Stop Nostalgia</title><date></date><icon src="https://t-mobiletv.nl:443/CPS/images/universal/film/program/202301/20230101/81/20230101020131278gy0.jpg"></icon><desc></desc><category></category></programme><programme channel="141431538" start="20230109030000 +0000" stop="20230109070000 +0000" catchup-id="1315616456"><title>Non-Stop Nostalgia</title><date></date><icon src="https://t-mobiletv.nl:443/CPS/images/universal/film/program/202301/20230101/69/202301010201312782e8.jpg"></icon><desc></desc><category></category></programme><programme channel="141431538" start="20230109070000 +0000" stop="20230109080000 +0000" catchup-id="1315929172"><title>Best Collabs Of The 00s!</title><date></date><icon src="https://t-mobiletv.nl:443/CPS/images/universal/film/program/202301/20230102/85/2023010202010470656g.jpg"></icon><desc></desc><category></category></programme><programme channel="141431538" start="20230109080000 +0000" stop="20230109130000 +0000" catchup-id="1315929178"><title>We Love The 00s!</title><date></date><icon src="https://t-mobiletv.nl:443/CPS/images/universal/film/program/202301/20230102/70/20230102020104706ixw.jpg"></icon><desc></desc><category></category></programme><programme channel="141431538" start="20230109130000 +0000" stop="20230109140000 +0000" catchup-id="1315929184"><title>Best Collabs Of The 00s!</title><date></date><icon src="https://t-mobiletv.nl:443/CPS/images/universal/film/program/202301/20230102/16/20230102020104706qww.jpg"></icon><desc></desc><category></category></programme><programme channel="141431538" start="20230109140000 +0000" stop="20230109180000 +0000" catchup-id="1315929190"><title>Hits Don't Lie</title><date></date><icon src="https://t-mobiletv.nl:443/CPS/images/universal/film/program/202301/20230102/12/20230102020104706ouz.jpg"></icon><desc></desc><category></category></programme><programme channel="141431538" start="20230109180000 +0000" stop="20230109190000 +0000" catchup-id="1315929388"><title>Chillout Zone</title><date></date><icon src="https://t-mobiletv.nl:443/CPS/images/universal/film/program/202301/20230102/86/20230102020104707nlf.jpg"></icon><desc></desc><category></category></programme><programme channel="141431538" start="20230109190000 +0000" stop="20230110010000 +0000" catchup-id="1315929394"><title>Non-Stop Nostalgia</title><date></date><icon src="https://t-mobiletv.nl:443/CPS/images/universal/film/program/202301/20230102/3/20230102020104707vtx.jpg"></icon><desc></desc><category></category></programme><programme channel="141431538" start="20230110010000 +0000" stop="20230110030000 +0000" catchup-id="1315929400"><title>Non-Stop Nostalgia</title><date></date><icon src="https://t-mobiletv.nl:443/CPS/images/universal/film/program/202301/20230102/7/20230102020104707o4n.jpg"></icon><desc></desc><category></category></programme><programme channel="141431538" start="20230110030000 +0000" stop="20230110070000 +0000" catchup-id="1315929406"><title>Non-Stop Nostalgia</title><date></date><icon src="https://t-mobiletv.nl:443/CPS/images/universal/film/program/202301/20230102/37/20230102020104707qhk.jpg"></icon><desc></desc><category></category></programme><programme channel="141431538" start="20230110070000 +0000" stop="20230110080000 +0000" catchup-id="1316310073"><title>Class Of 2003!</title><date></date><icon src="https://t-mobiletv.nl:443/CPS/images/universal/film/program/202301/20230103/46/20230103020144705tmp.jpg"></icon><desc></desc><category></category></programme><programme channel="141431538" start="20230110080000 +0000" stop="20230110130000 +0000" catchup-id="1316310079"><title>We Love The 00s!</title><date></date><icon src="https://t-mobiletv.nl:443/CPS/images/universal/film/program/202301/20230103/81/202301030201447055tr.jpg"></icon><desc></desc><category></category></programme><programme channel="141431538" start="20230110130000 +0000" stop="20230110140000 +0000" catchup-id="1316310085"><title>Class Of 2003!</title><date></date><icon src="https://t-mobiletv.nl:443/CPS/images/universal/film/program/202301/20230103/6/20230103020144705gnu.jpg"></icon><desc></desc><category></category></programme><programme channel="141431538" start="20230110140000 +0000" stop="20230110180000 +0000" catchup-id="1316310091"><title>Hits Don't Lie</title><date></date><icon src="https://t-mobiletv.nl:443/CPS/images/universal/film/program/202301/20230103/50/20230103020144705tkh.jpg"></icon><desc></desc><category></category></programme><programme channel="141431538" start="20230110180000 +0000" stop="20230110190000 +0000" catchup-id="1316310097"><title>Classic Collabs!</title><date></date><icon src="https://t-mobiletv.nl:443/CPS/images/universal/film/program/202301/20230103/59/20230103020144705pz4.jpg"></icon><desc></desc><category></category></programme><programme channel="141431538" start="20230110190000 +0000" stop="20230111010000 +0000" catchup-id="1316310103"><title>Non-Stop Nostalgia</title><date></date><icon src="https://t-mobiletv.nl:443/CPS/images/universal/film/program/202301/20230103/87/20230103020144705pvr.jpg"></icon><desc></desc><category></category></programme><programme channel="141431538" start="20230111010000 +0000" stop="20230111030000 +0000" catchup-id="1316310109"><title>Non-Stop Nostalgia</title><date></date><icon src="https://t-mobiletv.nl:443/CPS/images/universal/film/program/202301/20230103/40/20230103020144705p6p.jpg"></icon><desc></desc><category></category></programme><programme channel="141431538" start="20230111030000 +0000" stop="20230111070000 +0000" catchup-id="1316310115"><title>Non-Stop Nostalgia</title><date></date><icon src="https://t-mobiletv.nl:443/CPS/images/universal/film/program/202301/20230103/8/20230103020144705kkz.jpg"></icon><desc></desc><category></category></programme><programme channel="141431538" start="20230111070000 +0000" stop="20230111080000 +0000" catchup-id="1316680730"><title>2 4 1 Hits!</title><date></date><icon src="https://t-mobiletv.nl:443/CPS/images/universal/film/program/202301/20230104/10/202301040201155110ax.jpg"></icon><desc></desc><category></category></programme><programme channel="141431538" start="20230111080000 +0000" stop="20230111130000 +0000" catchup-id="1316680736"><title>We Love The 00s!</title><date></date><icon src="https://t-mobiletv.nl:443/CPS/images/universal/film/program/202301/20230104/60/20230104020115511nco.jpg"></icon><desc></desc><category></category></programme><programme channel="141431538" start="20230111130000 +0000" stop="20230111140000 +0000" catchup-id="1316680742"><title>2 4 1 Hits!</title><date></date><icon src="https://t-mobiletv.nl:443/CPS/images/universal/film/program/202301/20230104/82/20230104020115511t35.jpg"></icon><desc></desc><category></category></programme><programme channel="141431538" start="20230111140000 +0000" stop="20230111180000 +0000" catchup-id="1316680748"><title>Hits Don't Lie</title><date></date><icon src="https://t-mobiletv.nl:443/CPS/images/universal/film/program/202301/20230104/35/20230104020115511soj.jpg"></icon><desc></desc><category></category></programme>