<programme channel="141430304" start="20221228170000 +0000" stop="20221228180000 +0000" catchup-id="1311328679"><title>Haagse politiek</title><date></date><icon src="https://t-mobiletv.nl:443/CPS/images/universal/film/program/202212/20221221/10/202212210201355126j4.jpg"></icon><desc>Themazender van de NPO. De zender belicht dagelijks ontwikkelingen in de landelijke politiek inclusief liveverslag van debatten in de Tweede Kamer en andere politieke gebeurtenissen.</desc><category></category></programme><programme channel="141430304" start="20221228180000 +0000" stop="20221228190000 +0000" catchup-id="1311328685"><title>NOS Jeugdjournaal met gebarentaal</title><date></date><icon src="https://t-mobiletv.nl:443/CPS/images/universal/film/program/202212/20221221/37/202212210201355122s0.jpg"></icon><desc>Het laatste nieuws uit binnen- en buitenland en het weer, speciaal voor de jonge kijkers met gebarentaal.</desc><category></category></programme><programme channel="141430304" start="20221228190000 +0000" stop="20221228193000 +0000" catchup-id="1311328691"><title>NOS Journaal met gebarentaal</title><date></date><icon src="https://t-mobiletv.nl:443/CPS/images/universal/film/program/202212/20221221/18/20221221020135512drz.jpg"></icon><desc>Het laatste nieuws uit binnen- en buitenland en het weer. Met gebarentaal.</desc><category></category></programme><programme channel="141430304" start="20221228193000 +0000" stop="20221228202000 +0000" catchup-id="1311328697"><title>Haagse politiek</title><date></date><icon src="https://t-mobiletv.nl:443/CPS/images/universal/film/program/202212/20221221/50/202212210201355121hm.jpg"></icon><desc>Themazender van de NPO. De zender belicht dagelijks ontwikkelingen in de landelijke politiek inclusief liveverslag van debatten in de Tweede Kamer en andere politieke gebeurtenissen.</desc><category></category></programme><programme channel="141430304" start="20221228202000 +0000" stop="20221228213000 +0000" catchup-id="1311328703"><title>Jaaroverzicht NOS Journaal 2022 met gebarentaal</title><date></date><icon src="https://t-mobiletv.nl:443/CPS/images/universal/film/program/202212/20221221/87/20221221020135512to0.jpg"></icon><desc>Terugblik op de nieuwsgebeurtenissen van 2022. In de uitzending komen onder meer boeren en gezinnen die krap bij kas zitten aan het woord. Ook worden enkele Oekraïners gevolgd.</desc><category></category></programme><programme channel="141430304" start="20221228213000 +0000" stop="20221228230000 +0000" catchup-id="1311328709"><title>Haagse politiek</title><date></date><icon src="https://t-mobiletv.nl:443/CPS/images/universal/film/program/202212/20221221/81/20221221020135512gst.jpg"></icon><desc>Themazender van de NPO. De zender belicht dagelijks ontwikkelingen in de landelijke politiek inclusief liveverslag van debatten in de Tweede Kamer en andere politieke gebeurtenissen.</desc><category></category></programme><programme channel="141430304" start="20221228230000 +0000" stop="20221229010000 +0000" catchup-id="1311328715"><title>Haagse politiek</title><date></date><icon src="https://t-mobiletv.nl:443/CPS/images/universal/film/program/202212/20221221/11/20221221020135513zsf.jpg"></icon><desc>Themazender van de NPO. De zender belicht dagelijks ontwikkelingen in de landelijke politiek inclusief liveverslag van debatten in de Tweede Kamer en andere politieke gebeurtenissen.</desc><category></category></programme><programme channel="141430304" start="20221229010000 +0000" stop="20221229030000 +0000" catchup-id="1311328721"><title>Haagse politiek</title><date></date><icon src="https://t-mobiletv.nl:443/CPS/images/universal/film/program/202212/20221221/63/20221221020135513qkp.jpg"></icon><desc>Themazender van de NPO. De zender belicht dagelijks ontwikkelingen in de landelijke politiek inclusief liveverslag van debatten in de Tweede Kamer en andere politieke gebeurtenissen.</desc><category></category></programme><programme channel="141430304" start="20221229030000 +0000" stop="20221229050000 +0000" catchup-id="1311328727"><title>Haagse politiek</title><date></date><icon src="https://t-mobiletv.nl:443/CPS/images/universal/film/program/202212/20221221/20/20221221020135513w0l.jpg"></icon><desc>Themazender van de NPO. De zender belicht dagelijks ontwikkelingen in de landelijke politiek inclusief liveverslag van debatten in de Tweede Kamer en andere politieke gebeurtenissen.</desc><category></category></programme><programme channel="141430304" start="20221229050000 +0000" stop="20221229070000 +0000" catchup-id="1311747712"><title>Haagse politiek</title><date></date><icon src="https://t-mobiletv.nl:443/CPS/images/universal/film/program/202212/20221222/36/202212220200405408v0.jpg"></icon><desc>Themazender van de NPO. De zender belicht dagelijks ontwikkelingen in de landelijke politiek inclusief liveverslag van debatten in de Tweede Kamer en andere politieke gebeurtenissen.</desc><category></category></programme><programme channel="141430304" start="20221229070000 +0000" stop="20221229090000 +0000" catchup-id="1311747718"><title>Haagse politiek</title><date></date><icon src="https://t-mobiletv.nl:443/CPS/images/universal/film/program/202212/20221222/73/20221222020040540wjn.jpg"></icon><desc>Themazender van de NPO. De zender belicht dagelijks ontwikkelingen in de landelijke politiek inclusief liveverslag van debatten in de Tweede Kamer en andere politieke gebeurtenissen.</desc><category></category></programme><programme channel="141430304" start="20221229090000 +0000" stop="20221229110000 +0000" catchup-id="1311747724"><title>Haagse politiek</title><date></date><icon src="https://t-mobiletv.nl:443/CPS/images/universal/film/program/202212/20221222/63/20221222020040540c0r.jpg"></icon><desc>Themazender van de NPO. De zender belicht dagelijks ontwikkelingen in de landelijke politiek inclusief liveverslag van debatten in de Tweede Kamer en andere politieke gebeurtenissen.</desc><category></category></programme><programme channel="141430304" start="20221229110000 +0000" stop="20221229130000 +0000" catchup-id="1311747730"><title>Haagse politiek</title><date></date><icon src="https://t-mobiletv.nl:443/CPS/images/universal/film/program/202212/20221222/88/20221222020040540mkz.jpg"></icon><desc>Themazender van de NPO. De zender belicht dagelijks ontwikkelingen in de landelijke politiek inclusief liveverslag van debatten in de Tweede Kamer en andere politieke gebeurtenissen.</desc><category></category></programme><programme channel="141430304" start="20221229130000 +0000" stop="20221229150000 +0000" catchup-id="1311747736"><title>Haagse politiek</title><date></date><icon src="https://t-mobiletv.nl:443/CPS/images/universal/film/program/202212/20221222/83/202212220200405407ym.jpg"></icon><desc>Themazender van de NPO. De zender belicht dagelijks ontwikkelingen in de landelijke politiek inclusief liveverslag van debatten in de Tweede Kamer en andere politieke gebeurtenissen.</desc><category></category></programme><programme channel="141430304" start="20221229150000 +0000" stop="20221229170000 +0000" catchup-id="1311747742"><title>Haagse politiek</title><date></date><icon src="https://t-mobiletv.nl:443/CPS/images/universal/film/program/202212/20221222/42/20221222020040540qqw.jpg"></icon><desc>Themazender van de NPO. De zender belicht dagelijks ontwikkelingen in de landelijke politiek inclusief liveverslag van debatten in de Tweede Kamer en andere politieke gebeurtenissen.</desc><category></category></programme><programme channel="141430304" start="20221229170000 +0000" stop="20221229180000 +0000" catchup-id="1311747748"><title>Haagse politiek</title><date></date><icon src="https://t-mobiletv.nl:443/CPS/images/universal/film/program/202212/20221222/66/20221222020040540s19.jpg"></icon><desc>Themazender van de NPO. De zender belicht dagelijks ontwikkelingen in de landelijke politiek inclusief liveverslag van debatten in de Tweede Kamer en andere politieke gebeurtenissen.</desc><category></category></programme><programme channel="141430304" start="20221229180000 +0000" stop="20221229190000 +0000" catchup-id="1311748586"><title>NOS Jeugdjournaal met gebarentaal</title><date></date><icon src="https://t-mobiletv.nl:443/CPS/images/universal/film/program/202212/20221222/81/20221222020040540wyq.jpg"></icon><desc>Het laatste nieuws uit binnen- en buitenland en het weer, speciaal voor de jonge kijkers met gebarentaal.</desc><category></category></programme><programme channel="141430304" start="20221229190000 +0000" stop="20221229193000 +0000" catchup-id="1311748592"><title>NOS Journaal met gebarentaal</title><date></date><icon src="https://t-mobiletv.nl:443/CPS/images/universal/film/program/202212/20221222/41/20221222020040540kjh.jpg"></icon><desc>Het laatste nieuws uit binnen- en buitenland en het weer. Met gebarentaal.</desc><category></category></programme><programme channel="141430304" start="20221229193000 +0000" stop="20221229210000 +0000" catchup-id="1311748598"><title>Haagse politiek</title><date></date><icon src="https://t-mobiletv.nl:443/CPS/images/universal/film/program/202212/20221222/95/20221222020040540saj.jpg"></icon><desc>Themazender van de NPO. De zender belicht dagelijks ontwikkelingen in de landelijke politiek inclusief liveverslag van debatten in de Tweede Kamer en andere politieke gebeurtenissen.</desc><category></category></programme><programme channel="141430304" start="20221229210000 +0000" stop="20221229230000 +0000" catchup-id="1311748604"><title>Haagse politiek</title><date></date><icon src="https://t-mobiletv.nl:443/CPS/images/universal/film/program/202212/20221222/99/20221222020040540sam.jpg"></icon><desc>Themazender van de NPO. De zender belicht dagelijks ontwikkelingen in de landelijke politiek inclusief liveverslag van debatten in de Tweede Kamer en andere politieke gebeurtenissen.</desc><category></category></programme><programme channel="141430304" start="20221229230000 +0000" stop="20221230010000 +0000" catchup-id="1311748610"><title>Haagse politiek</title><date></date><icon src="https://t-mobiletv.nl:443/CPS/images/universal/film/program/202212/20221222/43/20221222020040540gqj.jpg"></icon><desc>Themazender van de NPO. De zender belicht dagelijks ontwikkelingen in de landelijke politiek inclusief liveverslag van debatten in de Tweede Kamer en andere politieke gebeurtenissen.</desc><category></category></programme><programme channel="141430304" start="20221230010000 +0000" stop="20221230030000 +0000" catchup-id="1311748616"><title>Haagse politiek</title><date></date><icon src="https://t-mobiletv.nl:443/CPS/images/universal/film/program/202212/20221222/8/202212220200405400r4.jpg"></icon><desc>Themazender van de NPO. De zender belicht dagelijks ontwikkelingen in de landelijke politiek inclusief liveverslag van debatten in de Tweede Kamer en andere politieke gebeurtenissen.</desc><category></category></programme><programme channel="141430304" start="20221230030000 +0000" stop="20221230050000 +0000" catchup-id="1311748622"><title>Haagse politiek</title><date></date><icon src="https://t-mobiletv.nl:443/CPS/images/universal/film/program/202212/20221222/51/2022122202004054042v.jpg"></icon><desc>Themazender van de NPO. De zender belicht dagelijks ontwikkelingen in de landelijke politiek inclusief liveverslag van debatten in de Tweede Kamer en andere politieke gebeurtenissen.</desc><category></category></programme><programme channel="141430304" start="20221230050000 +0000" stop="20221230070000 +0000" catchup-id="1312176110"><title>Haagse politiek</title><date></date><icon src="https://t-mobiletv.nl:443/CPS/images/universal/film/program/202212/20221223/54/20221223020114705tbt.jpg"></icon><desc>Themazender van de NPO. De zender belicht dagelijks ontwikkelingen in de landelijke politiek inclusief liveverslag van debatten in de Tweede Kamer en andere politieke gebeurtenissen.</desc><category></category></programme><programme channel="141430304" start="20221230070000 +0000" stop="20221230090000 +0000" catchup-id="1312176116"><title>Haagse politiek</title><date></date><icon src="https://t-mobiletv.nl:443/CPS/images/universal/film/program/202212/20221223/6/20221223020114705lae.jpg"></icon><desc>Themazender van de NPO. De zender belicht dagelijks ontwikkelingen in de landelijke politiek inclusief liveverslag van debatten in de Tweede Kamer en andere politieke gebeurtenissen.</desc><category></category></programme><programme channel="141430304" start="20221230090000 +0000" stop="20221230110000 +0000" catchup-id="1312176122"><title>Haagse politiek</title><date></date><icon src="https://t-mobiletv.nl:443/CPS/images/universal/film/program/202212/20221223/16/20221223020114705gg1.jpg"></icon><desc>Themazender van de NPO. De zender belicht dagelijks ontwikkelingen in de landelijke politiek inclusief liveverslag van debatten in de Tweede Kamer en andere politieke gebeurtenissen.</desc><category></category></programme><programme channel="141430304" start="20221230110000 +0000" stop="20221230130000 +0000" catchup-id="1312176128"><title>Haagse politiek</title><date></date><icon src="https://t-mobiletv.nl:443/CPS/images/universal/film/program/202212/20221223/8/20221223020114705s1f.jpg"></icon><desc>Themazender van de NPO. De zender belicht dagelijks ontwikkelingen in de landelijke politiek inclusief liveverslag van debatten in de Tweede Kamer en andere politieke gebeurtenissen.</desc><category></category></programme><programme channel="141430304" start="20221230130000 +0000" stop="20221230150000 +0000" catchup-id="1312176134"><title>Haagse politiek</title><date></date><icon src="https://t-mobiletv.nl:443/CPS/images/universal/film/program/202212/20221223/54/20221223020114705l3f.jpg"></icon><desc>Themazender van de NPO. De zender belicht dagelijks ontwikkelingen in de landelijke politiek inclusief liveverslag van debatten in de Tweede Kamer en andere politieke gebeurtenissen.</desc><category></category></programme><programme channel="141430304" start="20221230150000 +0000" stop="20221230170000 +0000" catchup-id="1312176140"><title>Haagse politiek</title><date></date><icon src="https://t-mobiletv.nl:443/CPS/images/universal/film/program/202212/20221223/21/202212230201147051tb.jpg"></icon><desc>Themazender van de NPO. De zender belicht dagelijks ontwikkelingen in de landelijke politiek inclusief liveverslag van debatten in de Tweede Kamer en andere politieke gebeurtenissen.</desc><category></category></programme><programme channel="141430304" start="20221230170000 +0000" stop="20221230180000 +0000" catchup-id="1312176146"><title>Haagse politiek</title><date></date><icon src="https://t-mobiletv.nl:443/CPS/images/universal/film/program/202212/20221223/45/2022122302011470581k.jpg"></icon><desc>Themazender van de NPO. De zender belicht dagelijks ontwikkelingen in de landelijke politiek inclusief liveverslag van debatten in de Tweede Kamer en andere politieke gebeurtenissen.</desc><category></category></programme><programme channel="141430304" start="20221230180000 +0000" stop="20221230190000 +0000" catchup-id="1312176152"><title>NOS Jeugdjournaal met gebarentaal</title><date></date><icon src="https://t-mobiletv.nl:443/CPS/images/universal/film/program/202212/20221223/2/20221223020114705qzo.jpg"></icon><desc>Het laatste nieuws uit binnen- en buitenland en het weer, speciaal voor de jonge kijkers met gebarentaal.</desc><category></category></programme><programme channel="141430304" start="20221230190000 +0000" stop="20221230193000 +0000" catchup-id="1312176158"><title>NOS Journaal met gebarentaal</title><date></date><icon src="https://t-mobiletv.nl:443/CPS/images/universal/film/program/202212/20221223/43/20221223020114705he4.jpg"></icon><desc>Het laatste nieuws uit binnen- en buitenland en het weer. Met gebarentaal.</desc><category></category></programme><programme channel="141430304" start="20221230193000 +0000" stop="20221230210000 +0000" catchup-id="1312176164"><title>Haagse politiek</title><date></date><icon src="https://t-mobiletv.nl:443/CPS/images/universal/film/program/202212/20221223/81/2022122302011470515b.jpg"></icon><desc>Themazender van de NPO. De zender belicht dagelijks ontwikkelingen in de landelijke politiek inclusief liveverslag van debatten in de Tweede Kamer en andere politieke gebeurtenissen.</desc><category></category></programme><programme channel="141430304" start="20221230210000 +0000" stop="20221230230000 +0000" catchup-id="1312176170"><title>Haagse politiek</title><date></date><icon src="https://t-mobiletv.nl:443/CPS/images/universal/film/program/202212/20221223/42/20221223020114705d4v.jpg"></icon><desc>Themazender van de NPO. De zender belicht dagelijks ontwikkelingen in de landelijke politiek inclusief liveverslag van debatten in de Tweede Kamer en andere politieke gebeurtenissen.</desc><category></category></programme><programme channel="141430304" start="20221230230000 +0000" stop="20221231010000 +0000" catchup-id="1312176176"><title>Haagse politiek</title><date></date><icon src="https://t-mobiletv.nl:443/CPS/images/universal/film/program/202212/20221223/58/2022122302011470553l.jpg"></icon><desc>Themazender van de NPO. De zender belicht dagelijks ontwikkelingen in de landelijke politiek inclusief liveverslag van debatten in de Tweede Kamer en andere politieke gebeurtenissen.</desc><category></category></programme><programme channel="141430304" start="20221231010000 +0000" stop="20221231030000 +0000" catchup-id="1312176182"><title>Haagse politiek</title><date></date><icon src="https://t-mobiletv.nl:443/CPS/images/universal/film/program/202212/20221223/16/20221223020114705yfd.jpg"></icon><desc>Themazender van de NPO. De zender belicht dagelijks ontwikkelingen in de landelijke politiek inclusief liveverslag van debatten in de Tweede Kamer en andere politieke gebeurtenissen.</desc><category></category></programme><programme channel="141430304" start="20221231030000 +0000" stop="20221231050000 +0000" catchup-id="1312176188"><title>Haagse politiek</title><date></date><icon src="https://t-mobiletv.nl:443/CPS/images/universal/film/program/202212/20221223/27/20221223020114705vfl.jpg"></icon><desc>Themazender van de NPO. De zender belicht dagelijks ontwikkelingen in de landelijke politiek inclusief liveverslag van debatten in de Tweede Kamer en andere politieke gebeurtenissen.</desc><category></category></programme><programme channel="141430304" start="20221231050000 +0000" stop="20221231070000 +0000" catchup-id="1312569264"><title>Haagse politiek</title><date></date><icon src="https://t-mobiletv.nl:443/CPS/images/universal/film/program/202212/20221224/50/20221224020115783dif.jpg"></icon><desc>Themazender van de NPO. De zender belicht dagelijks ontwikkelingen in de landelijke politiek inclusief liveverslag van debatten in de Tweede Kamer en andere politieke gebeurtenissen.</desc><category></category></programme><programme channel="141430304" start="20221231070000 +0000" stop="20221231090000 +0000" catchup-id="1312569270"><title>Haagse politiek</title><date></date><icon src="https://t-mobiletv.nl:443/CPS/images/universal/film/program/202212/20221224/84/20221224020115783dkx.jpg"></icon><desc>Themazender van de NPO. De zender belicht dagelijks ontwikkelingen in de landelijke politiek inclusief liveverslag van debatten in de Tweede Kamer en andere politieke gebeurtenissen.</desc><category></category></programme><programme channel="141430304" start="20221231090000 +0000" stop="20221231110000 +0000" catchup-id="1312569276"><title>Haagse politiek</title><date></date><icon src="https://t-mobiletv.nl:443/CPS/images/universal/film/program/202212/20221224/56/20221224020115783gj4.jpg"></icon><desc>Themazender van de NPO. De zender belicht dagelijks ontwikkelingen in de landelijke politiek inclusief liveverslag van debatten in de Tweede Kamer en andere politieke gebeurtenissen.</desc><category></category></programme><programme channel="141430304" start="20221231110000 +0000" stop="20221231130000 +0000" catchup-id="1312569282"><title>Haagse politiek</title><date></date><icon src="https://t-mobiletv.nl:443/CPS/images/universal/film/program/202212/20221224/62/20221224020115783x8c.jpg"></icon><desc>Themazender van de NPO. De zender belicht dagelijks ontwikkelingen in de landelijke politiek inclusief liveverslag van debatten in de Tweede Kamer en andere politieke gebeurtenissen.</desc><category></category></programme><programme channel="141430304" start="20221231130000 +0000" stop="20221231150000 +0000" catchup-id="1312569288"><title>Haagse politiek</title><date></date><icon src="https://t-mobiletv.nl:443/CPS/images/universal/film/program/202212/20221224/29/20221224020115783wrc.jpg"></icon><desc>Themazender van de NPO. De zender belicht dagelijks ontwikkelingen in de landelijke politiek inclusief liveverslag van debatten in de Tweede Kamer en andere politieke gebeurtenissen.</desc><category></category></programme><programme channel="141430304" start="20221231150000 +0000" stop="20221231170000 +0000" catchup-id="1312569294"><title>Haagse politiek</title><date></date><icon src="https://t-mobiletv.nl:443/CPS/images/universal/film/program/202212/20221224/4/20221224020115783jrl.jpg"></icon><desc>Themazender van de NPO. De zender belicht dagelijks ontwikkelingen in de landelijke politiek inclusief liveverslag van debatten in de Tweede Kamer en andere politieke gebeurtenissen.</desc><category></category></programme><programme channel="141430304" start="20221231170000 +0000" stop="20221231180000 +0000" catchup-id="1312569300"><title>Haagse politiek</title><date></date><icon src="https://t-mobiletv.nl:443/CPS/images/universal/film/program/202212/20221224/48/20221224020115783w8m.jpg"></icon><desc>Themazender van de NPO. De zender belicht dagelijks ontwikkelingen in de landelijke politiek inclusief liveverslag van debatten in de Tweede Kamer en andere politieke gebeurtenissen.</desc><category></category></programme><programme channel="141430304" start="20221231180000 +0000" stop="20221231190000 +0000" catchup-id="1312569306"><title>NOS Jeugdjournaal met gebarentaal</title><date></date><icon src="https://t-mobiletv.nl:443/CPS/images/universal/film/program/202212/20221224/18/20221224020115783ikk.jpg"></icon><desc>Het laatste nieuws uit binnen- en buitenland en het weer, speciaal voor de jonge kijkers met gebarentaal.</desc><category></category></programme><programme channel="141430304" start="20221231190000 +0000" stop="20221231193000 +0000" catchup-id="1312569312"><title>NOS Journaal met gebarentaal</title><date></date><icon src="https://t-mobiletv.nl:443/CPS/images/universal/film/program/202212/20221224/18/20221224020115783k96.jpg"></icon><desc>Het laatste nieuws uit binnen- en buitenland en het weer. Met gebarentaal.</desc><category></category></programme><programme channel="141430304" start="20221231193000 +0000" stop="20221231210000 +0000" catchup-id="1312569318"><title>Haagse politiek</title><date></date><icon src="https://t-mobiletv.nl:443/CPS/images/universal/film/program/202212/20221224/60/20221224020115783zzb.jpg"></icon><desc>Themazender van de NPO. De zender belicht dagelijks ontwikkelingen in de landelijke politiek inclusief liveverslag van debatten in de Tweede Kamer en andere politieke gebeurtenissen.</desc><category></category></programme><programme channel="141430304" start="20221231210000 +0000" stop="20221231230000 +0000" catchup-id="1312569516"><title>Haagse politiek</title><date></date><icon src="https://t-mobiletv.nl:443/CPS/images/universal/film/program/202212/20221224/2/20221224020115784lq9.jpg"></icon><desc>Themazender van de NPO. De zender belicht dagelijks ontwikkelingen in de landelijke politiek inclusief liveverslag van debatten in de Tweede Kamer en andere politieke gebeurtenissen.</desc><category></category></programme><programme channel="141430304" start="20221231230000 +0000" stop="20230101010000 +0000" catchup-id="1312569522"><title>Haagse politiek</title><date></date><icon src="https://t-mobiletv.nl:443/CPS/images/universal/film/program/202212/20221224/90/20221224020115784roa.jpg"></icon><desc>Themazender van de NPO. De zender belicht dagelijks ontwikkelingen in de landelijke politiek inclusief liveverslag van debatten in de Tweede Kamer en andere politieke gebeurtenissen.</desc><category></category></programme><programme channel="141430304" start="20230101010000 +0000" stop="20230101030000 +0000" catchup-id="1312569528"><title>Haagse politiek</title><date></date><icon src="https://t-mobiletv.nl:443/CPS/images/universal/film/program/202212/20221224/32/20221224020115784eyg.jpg"></icon><desc>Themazender van de NPO. De zender belicht dagelijks ontwikkelingen in de landelijke politiek inclusief liveverslag van debatten in de Tweede Kamer en andere politieke gebeurtenissen.</desc><category></category></programme><programme channel="141430304" start="20230101030000 +0000" stop="20230101050000 +0000" catchup-id="1312569534"><title>Haagse politiek</title><date></date><icon src="https://t-mobiletv.nl:443/CPS/images/universal/film/program/202212/20221224/46/202212240201157847ht.jpg"></icon><desc>Themazender van de NPO. De zender belicht dagelijks ontwikkelingen in de landelijke politiek inclusief liveverslag van debatten in de Tweede Kamer en andere politieke gebeurtenissen.</desc><category></category></programme><programme channel="141430304" start="20230101050000 +0000" stop="20230101070000 +0000" catchup-id="1312931881"><title>Haagse politiek</title><date></date><icon src="https://t-mobiletv.nl:443/CPS/images/universal/film/program/202212/20221225/48/20221225020135527bdo.jpg"></icon><desc>Themazender van de NPO. De zender belicht dagelijks ontwikkelingen in de landelijke politiek inclusief liveverslag van debatten in de Tweede Kamer en andere politieke gebeurtenissen.</desc><category></category></programme><programme channel="141430304" start="20230101070000 +0000" stop="20230101090000 +0000" catchup-id="1312931887"><title>Haagse politiek</title><date></date><icon src="https://t-mobiletv.nl:443/CPS/images/universal/film/program/202212/20221225/68/20221225020135528nai.jpg"></icon><desc>Themazender van de NPO. De zender belicht dagelijks ontwikkelingen in de landelijke politiek inclusief liveverslag van debatten in de Tweede Kamer en andere politieke gebeurtenissen.</desc><category></category></programme><programme channel="141430304" start="20230101090000 +0000" stop="20230101110000 +0000" catchup-id="1312931893"><title>Haagse politiek</title><date></date><icon src="https://t-mobiletv.nl:443/CPS/images/universal/film/program/202212/20221225/41/20221225020135528qmd.jpg"></icon><desc>Themazender van de NPO. De zender belicht dagelijks ontwikkelingen in de landelijke politiek inclusief liveverslag van debatten in de Tweede Kamer en andere politieke gebeurtenissen.</desc><category></category></programme><programme channel="141430304" start="20230101110000 +0000" stop="20230101130000 +0000" catchup-id="1312931899"><title>Haagse politiek</title><date></date><icon src="https://t-mobiletv.nl:443/CPS/images/universal/film/program/202212/20221225/95/20221225020135528yda.jpg"></icon><desc>Themazender van de NPO. De zender belicht dagelijks ontwikkelingen in de landelijke politiek inclusief liveverslag van debatten in de Tweede Kamer en andere politieke gebeurtenissen.</desc><category></category></programme><programme channel="141430304" start="20230101130000 +0000" stop="20230101150000 +0000" catchup-id="1312931905"><title>Haagse politiek</title><date></date><icon src="https://t-mobiletv.nl:443/CPS/images/universal/film/program/202212/20221225/39/20221225020135528yml.jpg"></icon><desc>Themazender van de NPO. De zender belicht dagelijks ontwikkelingen in de landelijke politiek inclusief liveverslag van debatten in de Tweede Kamer en andere politieke gebeurtenissen.</desc><category></category></programme><programme channel="141430304" start="20230101150000 +0000" stop="20230101170000 +0000" catchup-id="1312931911"><title>Haagse politiek</title><date></date><icon src="https://t-mobiletv.nl:443/CPS/images/universal/film/program/202212/20221225/74/20221225020135528fb2.jpg"></icon><desc>Themazender van de NPO. De zender belicht dagelijks ontwikkelingen in de landelijke politiek inclusief liveverslag van debatten in de Tweede Kamer en andere politieke gebeurtenissen.</desc><category></category></programme><programme channel="141430304" start="20230101170000 +0000" stop="20230101180000 +0000" catchup-id="1312931917"><title>Haagse politiek</title><date></date><icon src="https://t-mobiletv.nl:443/CPS/images/universal/film/program/202212/20221225/69/20221225020135528hai.jpg"></icon><desc>Themazender van de NPO. De zender belicht dagelijks ontwikkelingen in de landelijke politiek inclusief liveverslag van debatten in de Tweede Kamer en andere politieke gebeurtenissen.</desc><category></category></programme><programme channel="141430304" start="20230101180000 +0000" stop="20230101190000 +0000" catchup-id="1312931923"><title>Haagse politiek</title><date></date><icon src="https://t-mobiletv.nl:443/CPS/images/universal/film/program/202212/20221225/71/202212250201355280gr.jpg"></icon><desc>Themazender van de NPO. De zender belicht dagelijks ontwikkelingen in de landelijke politiek inclusief liveverslag van debatten in de Tweede Kamer en andere politieke gebeurtenissen.</desc><category></category></programme><programme channel="141430304" start="20230101190000 +0000" stop="20230101210000 +0000" catchup-id="1312931929"><title>Haagse politiek</title><date></date><icon src="https://t-mobiletv.nl:443/CPS/images/universal/film/program/202212/20221225/89/202212250201355289ad.jpg"></icon><desc>Themazender van de NPO. De zender belicht dagelijks ontwikkelingen in de landelijke politiek inclusief liveverslag van debatten in de Tweede Kamer en andere politieke gebeurtenissen.</desc><category></category></programme><programme channel="141430304" start="20230101210000 +0000" stop="20230101230000 +0000" catchup-id="1312931935"><title>Haagse politiek</title><date></date><icon src="https://t-mobiletv.nl:443/CPS/images/universal/film/program/202212/20221225/95/20221225020135528uww.jpg"></icon><desc>Themazender van de NPO. De zender belicht dagelijks ontwikkelingen in de landelijke politiek inclusief liveverslag van debatten in de Tweede Kamer en andere politieke gebeurtenissen.</desc><category></category></programme><programme channel="141430304" start="20230101230000 +0000" stop="20230102010000 +0000" catchup-id="1312931941"><title>Haagse politiek</title><date></date><icon src="https://t-mobiletv.nl:443/CPS/images/universal/film/program/202212/20221225/11/20221225020135528krl.jpg"></icon><desc>Themazender van de NPO. De zender belicht dagelijks ontwikkelingen in de landelijke politiek inclusief liveverslag van debatten in de Tweede Kamer en andere politieke gebeurtenissen.</desc><category></category></programme><programme channel="141430304" start="20230102010000 +0000" stop="20230102030000 +0000" catchup-id="1312931947"><title>Haagse politiek</title><date></date><icon src="https://t-mobiletv.nl:443/CPS/images/universal/film/program/202212/20221225/94/20221225020135528dh0.jpg"></icon><desc>Themazender van de NPO. De zender belicht dagelijks ontwikkelingen in de landelijke politiek inclusief liveverslag van debatten in de Tweede Kamer en andere politieke gebeurtenissen.</desc><category></category></programme><programme channel="141430304" start="20230102030000 +0000" stop="20230102050000 +0000" catchup-id="1312931953"><title>Haagse politiek</title><date></date><icon src="https://t-mobiletv.nl:443/CPS/images/universal/film/program/202212/20221225/71/20221225020135528c5b.jpg"></icon><desc>Themazender van de NPO. De zender belicht dagelijks ontwikkelingen in de landelijke politiek inclusief liveverslag van debatten in de Tweede Kamer en andere politieke gebeurtenissen.</desc><category></category></programme><programme channel="141430304" start="20230102050000 +0000" stop="20230102070000 +0000" catchup-id="1313263587"><title>Haagse politiek</title><date></date><icon src="https://t-mobiletv.nl:443/CPS/images/universal/film/program/202212/20221226/47/20221226020129707t8b.jpg"></icon><desc>Themazender van de NPO. De zender belicht dagelijks ontwikkelingen in de landelijke politiek inclusief liveverslag van debatten in de Tweede Kamer en andere politieke gebeurtenissen.</desc><category></category></programme><programme channel="141430304" start="20230102070000 +0000" stop="20230102090000 +0000" catchup-id="1313264233"><title>Haagse politiek</title><date></date><icon src="https://t-mobiletv.nl:443/CPS/images/universal/film/program/202212/20221226/43/20221226020129707jss.jpg"></icon><desc>Themazender van de NPO. De zender belicht dagelijks ontwikkelingen in de landelijke politiek inclusief liveverslag van debatten in de Tweede Kamer en andere politieke gebeurtenissen.</desc><category></category></programme><programme channel="141430304" start="20230102090000 +0000" stop="20230102110000 +0000" catchup-id="1313264239"><title>Haagse politiek</title><date></date><icon src="https://t-mobiletv.nl:443/CPS/images/universal/film/program/202212/20221226/20/20221226020129707e4j.jpg"></icon><desc>Themazender van de NPO. De zender belicht dagelijks ontwikkelingen in de landelijke politiek inclusief liveverslag van debatten in de Tweede Kamer en andere politieke gebeurtenissen.</desc><category></category></programme><programme channel="141430304" start="20230102110000 +0000" stop="20230102130000 +0000" catchup-id="1313264245"><title>Haagse politiek</title><date></date><icon src="https://t-mobiletv.nl:443/CPS/images/universal/film/program/202212/20221226/17/20221226020129707ibl.jpg"></icon><desc>Themazender van de NPO. De zender belicht dagelijks ontwikkelingen in de landelijke politiek inclusief liveverslag van debatten in de Tweede Kamer en andere politieke gebeurtenissen.</desc><category></category></programme><programme channel="141430304" start="20230102130000 +0000" stop="20230102150000 +0000" catchup-id="1313264251"><title>Haagse politiek</title><date></date><icon src="https://t-mobiletv.nl:443/CPS/images/universal/film/program/202212/20221226/26/20221226020129707oj4.jpg"></icon><desc>Themazender van de NPO. De zender belicht dagelijks ontwikkelingen in de landelijke politiek inclusief liveverslag van debatten in de Tweede Kamer en andere politieke gebeurtenissen.</desc><category></category></programme><programme channel="141430304" start="20230102150000 +0000" stop="20230102170000 +0000" catchup-id="1313264257"><title>Haagse politiek</title><date></date><icon src="https://t-mobiletv.nl:443/CPS/images/universal/film/program/202212/20221226/24/202212260201297079z7.jpg"></icon><desc>Themazender van de NPO. De zender belicht dagelijks ontwikkelingen in de landelijke politiek inclusief liveverslag van debatten in de Tweede Kamer en andere politieke gebeurtenissen.</desc><category></category></programme><programme channel="141430304" start="20230102170000 +0000" stop="20230102180000 +0000" catchup-id="1313264263"><title>Haagse politiek</title><date></date><icon src="https://t-mobiletv.nl:443/CPS/images/universal/film/program/202212/20221226/92/20221226020129708zr8.jpg"></icon><desc>Themazender van de NPO. De zender belicht dagelijks ontwikkelingen in de landelijke politiek inclusief liveverslag van debatten in de Tweede Kamer en andere politieke gebeurtenissen.</desc><category></category></programme><programme channel="141430304" start="20230102180000 +0000" stop="20230102190000 +0000" catchup-id="1313264269"><title>Haagse politiek</title><date></date><icon src="https://t-mobiletv.nl:443/CPS/images/universal/film/program/202212/20221226/17/20221226020129708g13.jpg"></icon><desc>Themazender van de NPO. De zender belicht dagelijks ontwikkelingen in de landelijke politiek inclusief liveverslag van debatten in de Tweede Kamer en andere politieke gebeurtenissen.</desc><category></category></programme><programme channel="141430304" start="20230102190000 +0000" stop="20230102210000 +0000" catchup-id="1313264275"><title>Haagse politiek</title><date></date><icon src="https://t-mobiletv.nl:443/CPS/images/universal/film/program/202212/20221226/75/20221226020129708c6r.jpg"></icon><desc>Themazender van de NPO. De zender belicht dagelijks ontwikkelingen in de landelijke politiek inclusief liveverslag van debatten in de Tweede Kamer en andere politieke gebeurtenissen.</desc><category></category></programme><programme channel="141430304" start="20230102210000 +0000" stop="20230102230000 +0000" catchup-id="1313264281"><title>Haagse politiek</title><date></date><icon src="https://t-mobiletv.nl:443/CPS/images/universal/film/program/202212/20221226/37/20221226020129708m3i.jpg"></icon><desc>Themazender van de NPO. De zender belicht dagelijks ontwikkelingen in de landelijke politiek inclusief liveverslag van debatten in de Tweede Kamer en andere politieke gebeurtenissen.</desc><category></category></programme><programme channel="141430304" start="20230102230000 +0000" stop="20230103010000 +0000" catchup-id="1313264287"><title>Haagse politiek</title><date></date><icon src="https://t-mobiletv.nl:443/CPS/images/universal/film/program/202212/20221226/70/20221226020129708jv0.jpg"></icon><desc>Themazender van de NPO. De zender belicht dagelijks ontwikkelingen in de landelijke politiek inclusief liveverslag van debatten in de Tweede Kamer en andere politieke gebeurtenissen.</desc><category></category></programme><programme channel="141430304" start="20230103010000 +0000" stop="20230103030000 +0000" catchup-id="1313264293"><title>Haagse politiek</title><date></date><icon src="https://t-mobiletv.nl:443/CPS/images/universal/film/program/202212/20221226/6/202212260201297084t1.jpg"></icon><desc>Themazender van de NPO. De zender belicht dagelijks ontwikkelingen in de landelijke politiek inclusief liveverslag van debatten in de Tweede Kamer en andere politieke gebeurtenissen.</desc><category></category></programme><programme channel="141430304" start="20230103030000 +0000" stop="20230103050000 +0000" catchup-id="1313264299"><title>Haagse politiek</title><date></date><icon src="https://t-mobiletv.nl:443/CPS/images/universal/film/program/202212/20221226/12/2022122602012970828q.jpg"></icon><desc>Themazender van de NPO. De zender belicht dagelijks ontwikkelingen in de landelijke politiek inclusief liveverslag van debatten in de Tweede Kamer en andere politieke gebeurtenissen.</desc><category></category></programme><programme channel="141430304" start="20230103050000 +0000" stop="20230103070000 +0000" catchup-id="1313580561"><title>Haagse politiek</title><date></date><icon src="https://t-mobiletv.nl:443/CPS/images/universal/film/program/202212/20221227/27/20221227020110568hiv.jpg"></icon><desc>Themazender van de NPO. De zender belicht dagelijks ontwikkelingen in de landelijke politiek inclusief liveverslag van debatten in de Tweede Kamer en andere politieke gebeurtenissen.</desc><category></category></programme><programme channel="141430304" start="20230103070000 +0000" stop="20230103090000 +0000" catchup-id="1313580567"><title>Haagse politiek</title><date></date><icon src="https://t-mobiletv.nl:443/CPS/images/universal/film/program/202212/20221227/59/20221227020110568q42.jpg"></icon><desc>Themazender van de NPO. De zender belicht dagelijks ontwikkelingen in de landelijke politiek inclusief liveverslag van debatten in de Tweede Kamer en andere politieke gebeurtenissen.</desc><category></category></programme><programme channel="141430304" start="20230103090000 +0000" stop="20230103110000 +0000" catchup-id="1313580573"><title>Haagse politiek</title><date></date><icon src="https://t-mobiletv.nl:443/CPS/images/universal/film/program/202212/20221227/53/20221227020110568oqs.jpg"></icon><desc>Themazender van de NPO. De zender belicht dagelijks ontwikkelingen in de landelijke politiek inclusief liveverslag van debatten in de Tweede Kamer en andere politieke gebeurtenissen.</desc><category></category></programme><programme channel="141430304" start="20230103110000 +0000" stop="20230103130000 +0000" catchup-id="1313580579"><title>Haagse politiek</title><date></date><icon src="https://t-mobiletv.nl:443/CPS/images/universal/film/program/202212/20221227/62/20221227020110568ss8.jpg"></icon><desc>Themazender van de NPO. De zender belicht dagelijks ontwikkelingen in de landelijke politiek inclusief liveverslag van debatten in de Tweede Kamer en andere politieke gebeurtenissen.</desc><category></category></programme><programme channel="141430304" start="20230103130000 +0000" stop="20230103150000 +0000" catchup-id="1313580969"><title>Haagse politiek</title><date></date><icon src="https://t-mobiletv.nl:443/CPS/images/universal/film/program/202212/20221227/30/202212270201105685mp.jpg"></icon><desc>Themazender van de NPO. De zender belicht dagelijks ontwikkelingen in de landelijke politiek inclusief liveverslag van debatten in de Tweede Kamer en andere politieke gebeurtenissen.</desc><category></category></programme><programme channel="141430304" start="20230103150000 +0000" stop="20230103170000 +0000" catchup-id="1313580975"><title>Haagse politiek</title><date></date><icon src="https://t-mobiletv.nl:443/CPS/images/universal/film/program/202212/20221227/17/202212270201105684bk.jpg"></icon><desc>Themazender van de NPO. De zender belicht dagelijks ontwikkelingen in de landelijke politiek inclusief liveverslag van debatten in de Tweede Kamer en andere politieke gebeurtenissen.</desc><category></category></programme><programme channel="141430304" start="20230103170000 +0000" stop="20230103180000 +0000" catchup-id="1313580981"><title>Haagse politiek</title><date></date><icon src="https://t-mobiletv.nl:443/CPS/images/universal/film/program/202212/20221227/25/20221227020110568f4n.jpg"></icon><desc>Themazender van de NPO. De zender belicht dagelijks ontwikkelingen in de landelijke politiek inclusief liveverslag van debatten in de Tweede Kamer en andere politieke gebeurtenissen.</desc><category></category></programme><programme channel="141430304" start="20230103180000 +0000" stop="20230103190000 +0000" catchup-id="1313580987"><title>Haagse politiek</title><date></date><icon src="https://t-mobiletv.nl:443/CPS/images/universal/film/program/202212/20221227/3/20221227020110568ieo.jpg"></icon><desc>Themazender van de NPO. De zender belicht dagelijks ontwikkelingen in de landelijke politiek inclusief liveverslag van debatten in de Tweede Kamer en andere politieke gebeurtenissen.</desc><category></category></programme><programme channel="141430304" start="20230103190000 +0000" stop="20230103210000 +0000" catchup-id="1313580993"><title>Haagse politiek</title><date></date><icon src="https://t-mobiletv.nl:443/CPS/images/universal/film/program/202212/20221227/62/20221227020110568zkm.jpg"></icon><desc>Themazender van de NPO. De zender belicht dagelijks ontwikkelingen in de landelijke politiek inclusief liveverslag van debatten in de Tweede Kamer en andere politieke gebeurtenissen.</desc><category></category></programme><programme channel="141430304" start="20230103210000 +0000" stop="20230103230000 +0000" catchup-id="1313580999"><title>Haagse politiek</title><date></date><icon src="https://t-mobiletv.nl:443/CPS/images/universal/film/program/202212/20221227/36/20221227020110568g6o.jpg"></icon><desc>Themazender van de NPO. De zender belicht dagelijks ontwikkelingen in de landelijke politiek inclusief liveverslag van debatten in de Tweede Kamer en andere politieke gebeurtenissen.</desc><category></category></programme><programme channel="141430304" start="20230103230000 +0000" stop="20230104010000 +0000" catchup-id="1313581005"><title>Haagse politiek</title><date></date><icon src="https://t-mobiletv.nl:443/CPS/images/universal/film/program/202212/20221227/67/20221227020110568420.jpg"></icon><desc>Themazender van de NPO. De zender belicht dagelijks ontwikkelingen in de landelijke politiek inclusief liveverslag van debatten in de Tweede Kamer en andere politieke gebeurtenissen.</desc><category></category></programme><programme channel="141430304" start="20230104010000 +0000" stop="20230104030000 +0000" catchup-id="1313581011"><title>Haagse politiek</title><date></date><icon src="https://t-mobiletv.nl:443/CPS/images/universal/film/program/202212/20221227/52/202212270201105685v2.jpg"></icon><desc>Themazender van de NPO. De zender belicht dagelijks ontwikkelingen in de landelijke politiek inclusief liveverslag van debatten in de Tweede Kamer en andere politieke gebeurtenissen.</desc><category></category></programme><programme channel="141430304" start="20230104030000 +0000" stop="20230104050000 +0000" catchup-id="1313581017"><title>Haagse politiek</title><date></date><icon src="https://t-mobiletv.nl:443/CPS/images/universal/film/program/202212/20221227/98/20221227020110569yzr.jpg"></icon><desc>Themazender van de NPO. De zender belicht dagelijks ontwikkelingen in de landelijke politiek inclusief liveverslag van debatten in de Tweede Kamer en andere politieke gebeurtenissen.</desc><category></category></programme><programme channel="141430304" start="20230104050000 +0000" stop="20230104070000 +0000" catchup-id="1313980889"><title>Haagse politiek</title><date></date><icon src="https://t-mobiletv.nl:443/CPS/images/universal/film/program/202212/20221228/72/20221228020140528yty.jpg"></icon><desc>Themazender van de NPO. De zender belicht dagelijks ontwikkelingen in de landelijke politiek inclusief liveverslag van debatten in de Tweede Kamer en andere politieke gebeurtenissen.</desc><category></category></programme><programme channel="141430304" start="20230104070000 +0000" stop="20230104090000 +0000" catchup-id="1313980895"><title>Haagse politiek</title><date></date><icon src="https://t-mobiletv.nl:443/CPS/images/universal/film/program/202212/20221228/78/20221228020140528un9.jpg"></icon><desc>Themazender van de NPO. De zender belicht dagelijks ontwikkelingen in de landelijke politiek inclusief liveverslag van debatten in de Tweede Kamer en andere politieke gebeurtenissen.</desc><category></category></programme><programme channel="141430304" start="20230104090000 +0000" stop="20230104110000 +0000" catchup-id="1313980901"><title>Haagse politiek</title><date></date><icon src="https://t-mobiletv.nl:443/CPS/images/universal/film/program/202212/20221228/40/20221228020140528bri.jpg"></icon><desc>Themazender van de NPO. De zender belicht dagelijks ontwikkelingen in de landelijke politiek inclusief liveverslag van debatten in de Tweede Kamer en andere politieke gebeurtenissen.</desc><category></category></programme><programme channel="141430304" start="20230104110000 +0000" stop="20230104130000 +0000" catchup-id="1313981099"><title>Haagse politiek</title><date></date><icon src="https://t-mobiletv.nl:443/CPS/images/universal/film/program/202212/20221228/77/202212280201405289ov.jpg"></icon><desc>Themazender van de NPO. De zender belicht dagelijks ontwikkelingen in de landelijke politiek inclusief liveverslag van debatten in de Tweede Kamer en andere politieke gebeurtenissen.</desc><category></category></programme><programme channel="141430304" start="20230104130000 +0000" stop="20230104150000 +0000" catchup-id="1313981105"><title>Haagse politiek</title><date></date><icon src="https://t-mobiletv.nl:443/CPS/images/universal/film/program/202212/20221228/84/20221228020140528ogi.jpg"></icon><desc>Themazender van de NPO. De zender belicht dagelijks ontwikkelingen in de landelijke politiek inclusief liveverslag van debatten in de Tweede Kamer en andere politieke gebeurtenissen.</desc><category></category></programme><programme channel="141430304" start="20230104150000 +0000" stop="20230104170000 +0000" catchup-id="1313981111"><title>Haagse politiek</title><date></date><icon src="https://t-mobiletv.nl:443/CPS/images/universal/film/program/202212/20221228/18/202212280201405282o7.jpg"></icon><desc>Themazender van de NPO. De zender belicht dagelijks ontwikkelingen in de landelijke politiek inclusief liveverslag van debatten in de Tweede Kamer en andere politieke gebeurtenissen.</desc><category></category></programme><programme channel="141430304" start="20230104170000 +0000" stop="20230104180000 +0000" catchup-id="1313981117"><title>Haagse politiek</title><date></date><icon src="https://t-mobiletv.nl:443/CPS/images/universal/film/program/202212/20221228/49/202212280201405280l7.jpg"></icon><desc>Themazender van de NPO. De zender belicht dagelijks ontwikkelingen in de landelijke politiek inclusief liveverslag van debatten in de Tweede Kamer en andere politieke gebeurtenissen.</desc><category></category></programme><programme channel="141430304" start="20230104180000 +0000" stop="20230104190000 +0000" catchup-id="1313981123"><title>Haagse politiek</title><date></date><icon src="https://t-mobiletv.nl:443/CPS/images/universal/film/program/202212/20221228/51/20221228020140528o5m.jpg"></icon><desc>Themazender van de NPO. De zender belicht dagelijks ontwikkelingen in de landelijke politiek inclusief liveverslag van debatten in de Tweede Kamer en andere politieke gebeurtenissen.</desc><category></category></programme><programme channel="141430304" start="20230104190000 +0000" stop="20230104210000 +0000" catchup-id="1313981129"><title>Haagse politiek</title><date></date><icon src="https://t-mobiletv.nl:443/CPS/images/universal/film/program/202212/20221228/28/2022122802014052896c.jpg"></icon><desc>Themazender van de NPO. De zender belicht dagelijks ontwikkelingen in de landelijke politiek inclusief liveverslag van debatten in de Tweede Kamer en andere politieke gebeurtenissen.</desc><category></category></programme><programme channel="141430304" start="20230104210000 +0000" stop="20230104230000 +0000" catchup-id="1313981135"><title>Haagse politiek</title><date></date><icon src="https://t-mobiletv.nl:443/CPS/images/universal/film/program/202212/20221228/12/20221228020140528fwl.jpg"></icon><desc>Themazender van de NPO. De zender belicht dagelijks ontwikkelingen in de landelijke politiek inclusief liveverslag van debatten in de Tweede Kamer en andere politieke gebeurtenissen.</desc><category></category></programme><programme channel="141430304" start="20230104230000 +0000" stop="20230105010000 +0000" catchup-id="1313981141"><title>Haagse politiek</title><date></date><icon src="https://t-mobiletv.nl:443/CPS/images/universal/film/program/202212/20221228/12/20221228020140528ro9.jpg"></icon><desc>Themazender van de NPO. De zender belicht dagelijks ontwikkelingen in de landelijke politiek inclusief liveverslag van debatten in de Tweede Kamer en andere politieke gebeurtenissen.</desc><category></category></programme><programme channel="141430304" start="20230105010000 +0000" stop="20230105030000 +0000" catchup-id="1313981147"><title>Haagse politiek</title><date></date><icon src="https://t-mobiletv.nl:443/CPS/images/universal/film/program/202212/20221228/44/20221228020140529q70.jpg"></icon><desc>Themazender van de NPO. De zender belicht dagelijks ontwikkelingen in de landelijke politiek inclusief liveverslag van debatten in de Tweede Kamer en andere politieke gebeurtenissen.</desc><category></category></programme><programme channel="141430304" start="20230105030000 +0000" stop="20230105050000 +0000" catchup-id="1313981153"><title>Haagse politiek</title><date></date><icon src="https://t-mobiletv.nl:443/CPS/images/universal/film/program/202212/20221228/66/2022122802014052918s.jpg"></icon><desc>Themazender van de NPO. De zender belicht dagelijks ontwikkelingen in de landelijke politiek inclusief liveverslag van debatten in de Tweede Kamer en andere politieke gebeurtenissen.</desc><category></category></programme><programme channel="141430304" start="20230105050000 +0000" stop="20230105070000 +0000" catchup-id="1314373639"><title>Haagse politiek</title><date></date><icon src="https://t-mobiletv.nl:443/CPS/images/universal/film/program/202212/20221229/28/202212290201119897na.jpg"></icon><desc>Themazender van de NPO. De zender belicht dagelijks ontwikkelingen in de landelijke politiek inclusief liveverslag van debatten in de Tweede Kamer en andere politieke gebeurtenissen.</desc><category></category></programme><programme channel="141430304" start="20230105070000 +0000" stop="20230105090000 +0000" catchup-id="1314373645"><title>Haagse politiek</title><date></date><icon src="https://t-mobiletv.nl:443/CPS/images/universal/film/program/202212/20221229/80/20221229020111989onm.jpg"></icon><desc>Themazender van de NPO. De zender belicht dagelijks ontwikkelingen in de landelijke politiek inclusief liveverslag van debatten in de Tweede Kamer en andere politieke gebeurtenissen.</desc><category></category></programme><programme channel="141430304" start="20230105090000 +0000" stop="20230105110000 +0000" catchup-id="1314373651"><title>Haagse politiek</title><date></date><icon src="https://t-mobiletv.nl:443/CPS/images/universal/film/program/202212/20221229/13/20221229020111989o4x.jpg"></icon><desc>Themazender van de NPO. De zender belicht dagelijks ontwikkelingen in de landelijke politiek inclusief liveverslag van debatten in de Tweede Kamer en andere politieke gebeurtenissen.</desc><category></category></programme><programme channel="141430304" start="20230105110000 +0000" stop="20230105130000 +0000" catchup-id="1314373657"><title>Haagse politiek</title><date></date><icon src="https://t-mobiletv.nl:443/CPS/images/universal/film/program/202212/20221229/64/20221229020111989b06.jpg"></icon><desc>Themazender van de NPO. De zender belicht dagelijks ontwikkelingen in de landelijke politiek inclusief liveverslag van debatten in de Tweede Kamer en andere politieke gebeurtenissen.</desc><category></category></programme><programme channel="141430304" start="20230105130000 +0000" stop="20230105150000 +0000" catchup-id="1314373663"><title>Haagse politiek</title><date></date><icon src="https://t-mobiletv.nl:443/CPS/images/universal/film/program/202212/20221229/68/20221229020111989j5y.jpg"></icon><desc>Themazender van de NPO. De zender belicht dagelijks ontwikkelingen in de landelijke politiek inclusief liveverslag van debatten in de Tweede Kamer en andere politieke gebeurtenissen.</desc><category></category></programme><programme channel="141430304" start="20230105150000 +0000" stop="20230105170000 +0000" catchup-id="1314373669"><title>Haagse politiek</title><date></date><icon src="https://t-mobiletv.nl:443/CPS/images/universal/film/program/202212/20221229/42/20221229020111989tjn.jpg"></icon><desc>Themazender van de NPO. De zender belicht dagelijks ontwikkelingen in de landelijke politiek inclusief liveverslag van debatten in de Tweede Kamer en andere politieke gebeurtenissen.</desc><category></category></programme><programme channel="141430304" start="20230105170000 +0000" stop="20230105180000 +0000" catchup-id="1314374443"><title>Haagse politiek</title><date></date><icon src="https://t-mobiletv.nl:443/CPS/images/universal/film/program/202212/20221229/50/202212290201119898qa.jpg"></icon><desc>Themazender van de NPO. De zender belicht dagelijks ontwikkelingen in de landelijke politiek inclusief liveverslag van debatten in de Tweede Kamer en andere politieke gebeurtenissen.</desc><category></category></programme><programme channel="141430304" start="20230105180000 +0000" stop="20230105190000 +0000" catchup-id="1314374449"><title>Haagse politiek</title><date></date><icon src="https://t-mobiletv.nl:443/CPS/images/universal/film/program/202212/20221229/35/20221229020111989rqt.jpg"></icon><desc>Themazender van de NPO. De zender belicht dagelijks ontwikkelingen in de landelijke politiek inclusief liveverslag van debatten in de Tweede Kamer en andere politieke gebeurtenissen.</desc><category></category></programme><programme channel="141430304" start="20230105190000 +0000" stop="20230105210000 +0000" catchup-id="1314374455"><title>Haagse politiek</title><date></date><icon src="https://t-mobiletv.nl:443/CPS/images/universal/film/program/202212/20221229/51/20221229020111989dgt.jpg"></icon><desc>Themazender van de NPO. De zender belicht dagelijks ontwikkelingen in de landelijke politiek inclusief liveverslag van debatten in de Tweede Kamer en andere politieke gebeurtenissen.</desc><category></category></programme><programme channel="141430304" start="20230105210000 +0000" stop="20230105230000 +0000" catchup-id="1314374461"><title>Haagse politiek</title><date></date><icon src="https://t-mobiletv.nl:443/CPS/images/universal/film/program/202212/20221229/92/202212290201119899kl.jpg"></icon><desc>Themazender van de NPO. De zender belicht dagelijks ontwikkelingen in de landelijke politiek inclusief liveverslag van debatten in de Tweede Kamer en andere politieke gebeurtenissen.</desc><category></category></programme><programme channel="141430304" start="20230105230000 +0000" stop="20230106010000 +0000" catchup-id="1314374467"><title>Haagse politiek</title><date></date><icon src="https://t-mobiletv.nl:443/CPS/images/universal/film/program/202212/20221229/4/20221229020111989z8i.jpg"></icon><desc>Themazender van de NPO. De zender belicht dagelijks ontwikkelingen in de landelijke politiek inclusief liveverslag van debatten in de Tweede Kamer en andere politieke gebeurtenissen.</desc><category></category></programme><programme channel="141430304" start="20230106010000 +0000" stop="20230106030000 +0000" catchup-id="1314374473"><title>Haagse politiek</title><date></date><icon src="https://t-mobiletv.nl:443/CPS/images/universal/film/program/202212/20221229/91/2022122902011198964v.jpg"></icon><desc>Themazender van de NPO. De zender belicht dagelijks ontwikkelingen in de landelijke politiek inclusief liveverslag van debatten in de Tweede Kamer en andere politieke gebeurtenissen.</desc><category></category></programme><programme channel="141430304" start="20230106030000 +0000" stop="20230106050000 +0000" catchup-id="1314374479"><title>Haagse politiek</title><date></date><icon src="https://t-mobiletv.nl:443/CPS/images/universal/film/program/202212/20221229/47/20221229020111989k9a.jpg"></icon><desc>Themazender van de NPO. De zender belicht dagelijks ontwikkelingen in de landelijke politiek inclusief liveverslag van debatten in de Tweede Kamer en andere politieke gebeurtenissen.</desc><category></category></programme><programme channel="141430304" start="20230106050000 +0000" stop="20230106070000 +0000" catchup-id="1314855272"><title>Haagse politiek</title><date></date><icon src="https://t-mobiletv.nl:443/CPS/images/universal/film/program/202212/20221230/46/20221230020145511vfx.jpg"></icon><desc>Themazender van de NPO. De zender belicht dagelijks ontwikkelingen in de landelijke politiek inclusief liveverslag van debatten in de Tweede Kamer en andere politieke gebeurtenissen.</desc><category></category></programme><programme channel="141430304" start="20230106070000 +0000" stop="20230106090000 +0000" catchup-id="1314856174"><title>Haagse politiek</title><date></date><icon src="https://t-mobiletv.nl:443/CPS/images/universal/film/program/202212/20221230/45/20221230020145511u38.jpg"></icon><desc>Themazender van de NPO. De zender belicht dagelijks ontwikkelingen in de landelijke politiek inclusief liveverslag van debatten in de Tweede Kamer en andere politieke gebeurtenissen.</desc><category></category></programme><programme channel="141430304" start="20230106090000 +0000" stop="20230106110000 +0000" catchup-id="1314856180"><title>Haagse politiek</title><date></date><icon src="https://t-mobiletv.nl:443/CPS/images/universal/film/program/202212/20221230/80/20221230020145511jc2.jpg"></icon><desc>Themazender van de NPO. De zender belicht dagelijks ontwikkelingen in de landelijke politiek inclusief liveverslag van debatten in de Tweede Kamer en andere politieke gebeurtenissen.</desc><category></category></programme><programme channel="141430304" start="20230106110000 +0000" stop="20230106130000 +0000" catchup-id="1314856186"><title>Haagse politiek</title><date></date><icon src="https://t-mobiletv.nl:443/CPS/images/universal/film/program/202212/20221230/19/202212300201455116g8.jpg"></icon><desc>Themazender van de NPO. De zender belicht dagelijks ontwikkelingen in de landelijke politiek inclusief liveverslag van debatten in de Tweede Kamer en andere politieke gebeurtenissen.</desc><category></category></programme><programme channel="141430304" start="20230106130000 +0000" stop="20230106150000 +0000" catchup-id="1314856192"><title>Haagse politiek</title><date></date><icon src="https://t-mobiletv.nl:443/CPS/images/universal/film/program/202212/20221230/51/20221230020145511pwj.jpg"></icon><desc>Themazender van de NPO. De zender belicht dagelijks ontwikkelingen in de landelijke politiek inclusief liveverslag van debatten in de Tweede Kamer en andere politieke gebeurtenissen.</desc><category></category></programme><programme channel="141430304" start="20230106150000 +0000" stop="20230106170000 +0000" catchup-id="1314856198"><title>Haagse politiek</title><date></date><icon src="https://t-mobiletv.nl:443/CPS/images/universal/film/program/202212/20221230/7/202212300201455114de.jpg"></icon><desc>Themazender van de NPO. De zender belicht dagelijks ontwikkelingen in de landelijke politiek inclusief liveverslag van debatten in de Tweede Kamer en andere politieke gebeurtenissen.</desc><category></category></programme><programme channel="141430304" start="20230106170000 +0000" stop="20230106180000 +0000" catchup-id="1314856204"><title>Haagse politiek</title><date></date><icon src="https://t-mobiletv.nl:443/CPS/images/universal/film/program/202212/20221230/38/20221230020145511m54.jpg"></icon><desc>Themazender van de NPO. De zender belicht dagelijks ontwikkelingen in de landelijke politiek inclusief liveverslag van debatten in de Tweede Kamer en andere politieke gebeurtenissen.</desc><category></category></programme><programme channel="141430304" start="20230106180000 +0000" stop="20230106190000 +0000" catchup-id="1314856210"><title>Haagse politiek</title><date></date><icon src="https://t-mobiletv.nl:443/CPS/images/universal/film/program/202212/20221230/90/20221230020145511k18.jpg"></icon><desc>Themazender van de NPO. De zender belicht dagelijks ontwikkelingen in de landelijke politiek inclusief liveverslag van debatten in de Tweede Kamer en andere politieke gebeurtenissen.</desc><category></category></programme><programme channel="141430304" start="20230106190000 +0000" stop="20230106210000 +0000" catchup-id="1314856216"><title>Haagse politiek</title><date></date><icon src="https://t-mobiletv.nl:443/CPS/images/universal/film/program/202212/20221230/71/202212300201455116x3.jpg"></icon><desc>Themazender van de NPO. De zender belicht dagelijks ontwikkelingen in de landelijke politiek inclusief liveverslag van debatten in de Tweede Kamer en andere politieke gebeurtenissen.</desc><category></category></programme><programme channel="141430304" start="20230106210000 +0000" stop="20230106230000 +0000" catchup-id="1314856222"><title>Haagse politiek</title><date></date><icon src="https://t-mobiletv.nl:443/CPS/images/universal/film/program/202212/20221230/56/20221230020145512k6i.jpg"></icon><desc>Themazender van de NPO. De zender belicht dagelijks ontwikkelingen in de landelijke politiek inclusief liveverslag van debatten in de Tweede Kamer en andere politieke gebeurtenissen.</desc><category></category></programme><programme channel="141430304" start="20230106230000 +0000" stop="20230107010000 +0000" catchup-id="1314856228"><title>Haagse politiek</title><date></date><icon src="https://t-mobiletv.nl:443/CPS/images/universal/film/program/202212/20221230/25/20221230020145512afr.jpg"></icon><desc>Themazender van de NPO. De zender belicht dagelijks ontwikkelingen in de landelijke politiek inclusief liveverslag van debatten in de Tweede Kamer en andere politieke gebeurtenissen.</desc><category></category></programme><programme channel="141430304" start="20230107010000 +0000" stop="20230107030000 +0000" catchup-id="1314856234"><title>Haagse politiek</title><date></date><icon src="https://t-mobiletv.nl:443/CPS/images/universal/film/program/202212/20221230/67/20221230020145512p4p.jpg"></icon><desc>Themazender van de NPO. De zender belicht dagelijks ontwikkelingen in de landelijke politiek inclusief liveverslag van debatten in de Tweede Kamer en andere politieke gebeurtenissen.</desc><category></category></programme><programme channel="141430304" start="20230107030000 +0000" stop="20230107050000 +0000" catchup-id="1314856240"><title>Haagse politiek</title><date></date><icon src="https://t-mobiletv.nl:443/CPS/images/universal/film/program/202212/20221230/34/20221230020145512ikc.jpg"></icon><desc>Themazender van de NPO. De zender belicht dagelijks ontwikkelingen in de landelijke politiek inclusief liveverslag van debatten in de Tweede Kamer en andere politieke gebeurtenissen.</desc><category></category></programme><programme channel="141430304" start="20230107050000 +0000" stop="20230107070000 +0000" catchup-id="1315255927"><title>Haagse politiek</title><date></date><icon src="https://t-mobiletv.nl:443/CPS/images/universal/film/program/202212/20221231/16/20221231020154704pra.jpg"></icon><desc>Themazender van de NPO. De zender belicht dagelijks ontwikkelingen in de landelijke politiek inclusief liveverslag van debatten in de Tweede Kamer en andere politieke gebeurtenissen.</desc><category></category></programme><programme channel="141430304" start="20230107070000 +0000" stop="20230107090000 +0000" catchup-id="1315255933"><title>Haagse politiek</title><date></date><icon src="https://t-mobiletv.nl:443/CPS/images/universal/film/program/202212/20221231/18/20221231020154704stm.jpg"></icon><desc>Themazender van de NPO. De zender belicht dagelijks ontwikkelingen in de landelijke politiek inclusief liveverslag van debatten in de Tweede Kamer en andere politieke gebeurtenissen.</desc><category></category></programme><programme channel="141430304" start="20230107090000 +0000" stop="20230107110000 +0000" catchup-id="1315255939"><title>Haagse politiek</title><date></date><icon src="https://t-mobiletv.nl:443/CPS/images/universal/film/program/202212/20221231/77/202212310201547044ct.jpg"></icon><desc>Themazender van de NPO. De zender belicht dagelijks ontwikkelingen in de landelijke politiek inclusief liveverslag van debatten in de Tweede Kamer en andere politieke gebeurtenissen.</desc><category></category></programme><programme channel="141430304" start="20230107110000 +0000" stop="20230107130000 +0000" catchup-id="1315255945"><title>Haagse politiek</title><date></date><icon src="https://t-mobiletv.nl:443/CPS/images/universal/film/program/202212/20221231/89/20221231020154704ee8.jpg"></icon><desc>Themazender van de NPO. De zender belicht dagelijks ontwikkelingen in de landelijke politiek inclusief liveverslag van debatten in de Tweede Kamer en andere politieke gebeurtenissen.</desc><category></category></programme><programme channel="141430304" start="20230107130000 +0000" stop="20230107150000 +0000" catchup-id="1315255951"><title>Haagse politiek</title><date></date><icon src="https://t-mobiletv.nl:443/CPS/images/universal/film/program/202212/20221231/28/20221231020154704dvx.jpg"></icon><desc>Themazender van de NPO. De zender belicht dagelijks ontwikkelingen in de landelijke politiek inclusief liveverslag van debatten in de Tweede Kamer en andere politieke gebeurtenissen.</desc><category></category></programme><programme channel="141430304" start="20230107150000 +0000" stop="20230107170000 +0000" catchup-id="1315255957"><title>Haagse politiek</title><date></date><icon src="https://t-mobiletv.nl:443/CPS/images/universal/film/program/202212/20221231/38/202212310201547047my.jpg"></icon><desc>Themazender van de NPO. De zender belicht dagelijks ontwikkelingen in de landelijke politiek inclusief liveverslag van debatten in de Tweede Kamer en andere politieke gebeurtenissen.</desc><category></category></programme><programme channel="141430304" start="20230107170000 +0000" stop="20230107180000 +0000" catchup-id="1315255963"><title>Haagse politiek</title><date></date><icon src="https://t-mobiletv.nl:443/CPS/images/universal/film/program/202212/20221231/17/202212310201547040li.jpg"></icon><desc>Themazender van de NPO. De zender belicht dagelijks ontwikkelingen in de landelijke politiek inclusief liveverslag van debatten in de Tweede Kamer en andere politieke gebeurtenissen.</desc><category></category></programme><programme channel="141430304" start="20230107180000 +0000" stop="20230107190000 +0000" catchup-id="1315255969"><title>Haagse politiek</title><date></date><icon src="https://t-mobiletv.nl:443/CPS/images/universal/film/program/202212/20221231/64/20221231020154705xul.jpg"></icon><desc>Themazender van de NPO. De zender belicht dagelijks ontwikkelingen in de landelijke politiek inclusief liveverslag van debatten in de Tweede Kamer en andere politieke gebeurtenissen.</desc><category></category></programme><programme channel="141430304" start="20230107190000 +0000" stop="20230107210000 +0000" catchup-id="1315255975"><title>Haagse politiek</title><date></date><icon src="https://t-mobiletv.nl:443/CPS/images/universal/film/program/202212/20221231/57/20221231020154705dto.jpg"></icon><desc>Themazender van de NPO. De zender belicht dagelijks ontwikkelingen in de landelijke politiek inclusief liveverslag van debatten in de Tweede Kamer en andere politieke gebeurtenissen.</desc><category></category></programme><programme channel="141430304" start="20230107210000 +0000" stop="20230107230000 +0000" catchup-id="1315256493"><title>Haagse politiek</title><date></date><icon src="https://t-mobiletv.nl:443/CPS/images/universal/film/program/202212/20221231/85/20221231020154705s9v.jpg"></icon><desc>Themazender van de NPO. De zender belicht dagelijks ontwikkelingen in de landelijke politiek inclusief liveverslag van debatten in de Tweede Kamer en andere politieke gebeurtenissen.</desc><category></category></programme><programme channel="141430304" start="20230107230000 +0000" stop="20230108010000 +0000" catchup-id="1315256499"><title>Haagse politiek</title><date></date><icon src="https://t-mobiletv.nl:443/CPS/images/universal/film/program/202212/20221231/53/20221231020154705pcd.jpg"></icon><desc>Themazender van de NPO. De zender belicht dagelijks ontwikkelingen in de landelijke politiek inclusief liveverslag van debatten in de Tweede Kamer en andere politieke gebeurtenissen.</desc><category></category></programme><programme channel="141430304" start="20230108010000 +0000" stop="20230108030000 +0000" catchup-id="1315256505"><title>Haagse politiek</title><date></date><icon src="https://t-mobiletv.nl:443/CPS/images/universal/film/program/202212/20221231/28/20221231020154705dxi.jpg"></icon><desc>Themazender van de NPO. De zender belicht dagelijks ontwikkelingen in de landelijke politiek inclusief liveverslag van debatten in de Tweede Kamer en andere politieke gebeurtenissen.</desc><category></category></programme><programme channel="141430304" start="20230108030000 +0000" stop="20230108050000 +0000" catchup-id="1315256511"><title>Haagse politiek</title><date></date><icon src="https://t-mobiletv.nl:443/CPS/images/universal/film/program/202212/20221231/23/20221231020154705fbs.jpg"></icon><desc>Themazender van de NPO. De zender belicht dagelijks ontwikkelingen in de landelijke politiek inclusief liveverslag van debatten in de Tweede Kamer en andere politieke gebeurtenissen.</desc><category></category></programme><programme channel="141430304" start="20230108050000 +0000" stop="20230108070000 +0000" catchup-id="1315624757"><title>Haagse politiek</title><date></date><icon src="https://t-mobiletv.nl:443/CPS/images/universal/film/program/202301/20230101/15/20230101020139711ux0.jpg"></icon><desc>Themazender van de NPO. De zender belicht dagelijks ontwikkelingen in de landelijke politiek inclusief liveverslag van debatten in de Tweede Kamer en andere politieke gebeurtenissen.</desc><category></category></programme><programme channel="141430304" start="20230108070000 +0000" stop="20230108090000 +0000" catchup-id="1315624763"><title>Haagse politiek</title><date></date><icon src="https://t-mobiletv.nl:443/CPS/images/universal/film/program/202301/20230101/68/20230101020139711lay.jpg"></icon><desc>Themazender van de NPO. De zender belicht dagelijks ontwikkelingen in de landelijke politiek inclusief liveverslag van debatten in de Tweede Kamer en andere politieke gebeurtenissen.</desc><category></category></programme><programme channel="141430304" start="20230108090000 +0000" stop="20230108110000 +0000" catchup-id="1315624769"><title>Haagse politiek</title><date></date><icon src="https://t-mobiletv.nl:443/CPS/images/universal/film/program/202301/20230101/10/20230101020139711dpu.jpg"></icon><desc>Themazender van de NPO. De zender belicht dagelijks ontwikkelingen in de landelijke politiek inclusief liveverslag van debatten in de Tweede Kamer en andere politieke gebeurtenissen.</desc><category></category></programme><programme channel="141430304" start="20230108110000 +0000" stop="20230108130000 +0000" catchup-id="1315624775"><title>Haagse politiek</title><date></date><icon src="https://t-mobiletv.nl:443/CPS/images/universal/film/program/202301/20230101/64/202301010201397114ei.jpg"></icon><desc>Themazender van de NPO. De zender belicht dagelijks ontwikkelingen in de landelijke politiek inclusief liveverslag van debatten in de Tweede Kamer en andere politieke gebeurtenissen.</desc><category></category></programme><programme channel="141430304" start="20230108130000 +0000" stop="20230108150000 +0000" catchup-id="1315624781"><title>Haagse politiek</title><date></date><icon src="https://t-mobiletv.nl:443/CPS/images/universal/film/program/202301/20230101/23/202301010201397116u0.jpg"></icon><desc>Themazender van de NPO. De zender belicht dagelijks ontwikkelingen in de landelijke politiek inclusief liveverslag van debatten in de Tweede Kamer en andere politieke gebeurtenissen.</desc><category></category></programme><programme channel="141430304" start="20230108150000 +0000" stop="20230108170000 +0000" catchup-id="1315624787"><title>Haagse politiek</title><date></date><icon src="https://t-mobiletv.nl:443/CPS/images/universal/film/program/202301/20230101/13/202301010201397119c8.jpg"></icon><desc>Themazender van de NPO. De zender belicht dagelijks ontwikkelingen in de landelijke politiek inclusief liveverslag van debatten in de Tweede Kamer en andere politieke gebeurtenissen.</desc><category></category></programme><programme channel="141430304" start="20230108170000 +0000" stop="20230108180000 +0000" catchup-id="1315624793"><title>Haagse politiek</title><date></date><icon src="https://t-mobiletv.nl:443/CPS/images/universal/film/program/202301/20230101/71/20230101020139711yxv.jpg"></icon><desc>Themazender van de NPO. De zender belicht dagelijks ontwikkelingen in de landelijke politiek inclusief liveverslag van debatten in de Tweede Kamer en andere politieke gebeurtenissen.</desc><category></category></programme><programme channel="141430304" start="20230108180000 +0000" stop="20230108190000 +0000" catchup-id="1315624799"><title>Haagse politiek</title><date></date><icon src="https://t-mobiletv.nl:443/CPS/images/universal/film/program/202301/20230101/82/20230101020139711lkf.jpg"></icon><desc>Themazender van de NPO. De zender belicht dagelijks ontwikkelingen in de landelijke politiek inclusief liveverslag van debatten in de Tweede Kamer en andere politieke gebeurtenissen.</desc><category></category></programme><programme channel="141430304" start="20230108190000 +0000" stop="20230108210000 +0000" catchup-id="1315624805"><title>Haagse politiek</title><date></date><icon src="https://t-mobiletv.nl:443/CPS/images/universal/film/program/202301/20230101/6/2023010102013971101j.jpg"></icon><desc>Themazender van de NPO. De zender belicht dagelijks ontwikkelingen in de landelijke politiek inclusief liveverslag van debatten in de Tweede Kamer en andere politieke gebeurtenissen.</desc><category></category></programme><programme channel="141430304" start="20230108210000 +0000" stop="20230108230000 +0000" catchup-id="1315624811"><title>Haagse politiek</title><date></date><icon src="https://t-mobiletv.nl:443/CPS/images/universal/film/program/202301/20230101/51/20230101020139711buk.jpg"></icon><desc>Themazender van de NPO. De zender belicht dagelijks ontwikkelingen in de landelijke politiek inclusief liveverslag van debatten in de Tweede Kamer en andere politieke gebeurtenissen.</desc><category></category></programme><programme channel="141430304" start="20230108230000 +0000" stop="20230109010000 +0000" catchup-id="1315624817"><title>Haagse politiek</title><date></date><icon src="https://t-mobiletv.nl:443/CPS/images/universal/film/program/202301/20230101/36/20230101020139711i9a.jpg"></icon><desc>Themazender van de NPO. De zender belicht dagelijks ontwikkelingen in de landelijke politiek inclusief liveverslag van debatten in de Tweede Kamer en andere politieke gebeurtenissen.</desc><category></category></programme><programme channel="141430304" start="20230109010000 +0000" stop="20230109030000 +0000" catchup-id="1315624823"><title>Haagse politiek</title><date></date><icon src="https://t-mobiletv.nl:443/CPS/images/universal/film/program/202301/20230101/50/20230101020139711d7j.jpg"></icon><desc>Themazender van de NPO. De zender belicht dagelijks ontwikkelingen in de landelijke politiek inclusief liveverslag van debatten in de Tweede Kamer en andere politieke gebeurtenissen.</desc><category></category></programme><programme channel="141430304" start="20230109030000 +0000" stop="20230109050000 +0000" catchup-id="1315624829"><title>Haagse politiek</title><date></date><icon src="https://t-mobiletv.nl:443/CPS/images/universal/film/program/202301/20230101/43/20230101020139711rxk.jpg"></icon><desc>Themazender van de NPO. De zender belicht dagelijks ontwikkelingen in de landelijke politiek inclusief liveverslag van debatten in de Tweede Kamer en andere politieke gebeurtenissen.</desc><category></category></programme><programme channel="141430304" start="20230109050000 +0000" stop="20230109070000 +0000" catchup-id="1315941657"><title>Haagse politiek</title><date></date><icon src="https://t-mobiletv.nl:443/CPS/images/universal/film/program/202301/20230102/24/20230102020119705e9r.jpg"></icon><desc>Themazender van de NPO. De zender belicht dagelijks ontwikkelingen in de landelijke politiek inclusief liveverslag van debatten in de Tweede Kamer en andere politieke gebeurtenissen.</desc><category></category></programme><programme channel="141430304" start="20230109070000 +0000" stop="20230109090000 +0000" catchup-id="1315941663"><title>Haagse politiek</title><date></date><icon src="https://t-mobiletv.nl:443/CPS/images/universal/film/program/202301/20230102/28/20230102020119705w09.jpg"></icon><desc>Themazender van de NPO. De zender belicht dagelijks ontwikkelingen in de landelijke politiek inclusief liveverslag van debatten in de Tweede Kamer en andere politieke gebeurtenissen.</desc><category></category></programme><programme channel="141430304" start="20230109090000 +0000" stop="20230109110000 +0000" catchup-id="1315941669"><title>Haagse politiek</title><date></date><icon src="https://t-mobiletv.nl:443/CPS/images/universal/film/program/202301/20230102/30/20230102020119705j11.jpg"></icon><desc>Themazender van de NPO. De zender belicht dagelijks ontwikkelingen in de landelijke politiek inclusief liveverslag van debatten in de Tweede Kamer en andere politieke gebeurtenissen.</desc><category></category></programme><programme channel="141430304" start="20230109110000 +0000" stop="20230109130000 +0000" catchup-id="1315943083"><title>Haagse politiek</title><date></date><icon src="https://t-mobiletv.nl:443/CPS/images/universal/film/program/202301/20230102/88/202301020201197051jh.jpg"></icon><desc>Themazender van de NPO. De zender belicht dagelijks ontwikkelingen in de landelijke politiek inclusief liveverslag van debatten in de Tweede Kamer en andere politieke gebeurtenissen.</desc><category></category></programme><programme channel="141430304" start="20230109130000 +0000" stop="20230109150000 +0000" catchup-id="1315943089"><title>Haagse politiek</title><date></date><icon src="https://t-mobiletv.nl:443/CPS/images/universal/film/program/202301/20230102/26/20230102020119705fpj.jpg"></icon><desc>Themazender van de NPO. De zender belicht dagelijks ontwikkelingen in de landelijke politiek inclusief liveverslag van debatten in de Tweede Kamer en andere politieke gebeurtenissen.</desc><category></category></programme><programme channel="141430304" start="20230109150000 +0000" stop="20230109170000 +0000" catchup-id="1315943095"><title>Haagse politiek</title><date></date><icon src="https://t-mobiletv.nl:443/CPS/images/universal/film/program/202301/20230102/73/202301020201197059fv.jpg"></icon><desc>Themazender van de NPO. De zender belicht dagelijks ontwikkelingen in de landelijke politiek inclusief liveverslag van debatten in de Tweede Kamer en andere politieke gebeurtenissen.</desc><category></category></programme><programme channel="141430304" start="20230109170000 +0000" stop="20230109180000 +0000" catchup-id="1315943101"><title>Haagse politiek</title><date></date><icon src="https://t-mobiletv.nl:443/CPS/images/universal/film/program/202301/20230102/58/2023010202011970517z.jpg"></icon><desc>Themazender van de NPO. De zender belicht dagelijks ontwikkelingen in de landelijke politiek inclusief liveverslag van debatten in de Tweede Kamer en andere politieke gebeurtenissen.</desc><category></category></programme><programme channel="141430304" start="20230109180000 +0000" stop="20230109190000 +0000" catchup-id="1315943107"><title>Haagse politiek</title><date></date><icon src="https://t-mobiletv.nl:443/CPS/images/universal/film/program/202301/20230102/97/202301020201197057fb.jpg"></icon><desc>Themazender van de NPO. De zender belicht dagelijks ontwikkelingen in de landelijke politiek inclusief liveverslag van debatten in de Tweede Kamer en andere politieke gebeurtenissen.</desc><category></category></programme><programme channel="141430304" start="20230109190000 +0000" stop="20230109210000 +0000" catchup-id="1315943113"><title>Haagse politiek</title><date></date><icon src="https://t-mobiletv.nl:443/CPS/images/universal/film/program/202301/20230102/3/20230102020119705ua4.jpg"></icon><desc>Themazender van de NPO. De zender belicht dagelijks ontwikkelingen in de landelijke politiek inclusief liveverslag van debatten in de Tweede Kamer en andere politieke gebeurtenissen.</desc><category></category></programme><programme channel="141430304" start="20230109210000 +0000" stop="20230109230000 +0000" catchup-id="1315943119"><title>Haagse politiek</title><date></date><icon src="https://t-mobiletv.nl:443/CPS/images/universal/film/program/202301/20230102/49/202301020201197056t6.jpg"></icon><desc>Themazender van de NPO. De zender belicht dagelijks ontwikkelingen in de landelijke politiek inclusief liveverslag van debatten in de Tweede Kamer en andere politieke gebeurtenissen.</desc><category></category></programme><programme channel="141430304" start="20230109230000 +0000" stop="20230110010000 +0000" catchup-id="1315943125"><title>Haagse politiek</title><date></date><icon src="https://t-mobiletv.nl:443/CPS/images/universal/film/program/202301/20230102/5/20230102020119705e4u.jpg"></icon><desc>Themazender van de NPO. De zender belicht dagelijks ontwikkelingen in de landelijke politiek inclusief liveverslag van debatten in de Tweede Kamer en andere politieke gebeurtenissen.</desc><category></category></programme><programme channel="141430304" start="20230110010000 +0000" stop="20230110030000 +0000" catchup-id="1315943131"><title>Haagse politiek</title><date></date><icon src="https://t-mobiletv.nl:443/CPS/images/universal/film/program/202301/20230102/38/20230102020119705uxy.jpg"></icon><desc>Themazender van de NPO. De zender belicht dagelijks ontwikkelingen in de landelijke politiek inclusief liveverslag van debatten in de Tweede Kamer en andere politieke gebeurtenissen.</desc><category></category></programme><programme channel="141430304" start="20230110030000 +0000" stop="20230110050000 +0000" catchup-id="1315943137"><title>Haagse politiek</title><date></date><icon src="https://t-mobiletv.nl:443/CPS/images/universal/film/program/202301/20230102/35/20230102020119706tme.jpg"></icon><desc>Themazender van de NPO. De zender belicht dagelijks ontwikkelingen in de landelijke politiek inclusief liveverslag van debatten in de Tweede Kamer en andere politieke gebeurtenissen.</desc><category></category></programme><programme channel="141430304" start="20230110050000 +0000" stop="20230110070000 +0000" catchup-id="1316274389"><title>Haagse politiek</title><date></date><icon src="https://t-mobiletv.nl:443/CPS/images/universal/film/program/202301/20230103/78/20230103020050527nry.jpg"></icon><desc>Themazender van de NPO. De zender belicht dagelijks ontwikkelingen in de landelijke politiek inclusief liveverslag van debatten in de Tweede Kamer en andere politieke gebeurtenissen.</desc><category></category></programme><programme channel="141430304" start="20230110070000 +0000" stop="20230110090000 +0000" catchup-id="1316274395"><title>Haagse politiek</title><date></date><icon src="https://t-mobiletv.nl:443/CPS/images/universal/film/program/202301/20230103/72/20230103020050527x60.jpg"></icon><desc>Themazender van de NPO. De zender belicht dagelijks ontwikkelingen in de landelijke politiek inclusief liveverslag van debatten in de Tweede Kamer en andere politieke gebeurtenissen.</desc><category></category></programme><programme channel="141430304" start="20230110090000 +0000" stop="20230110110000 +0000" catchup-id="1316274401"><title>Haagse politiek</title><date></date><icon src="https://t-mobiletv.nl:443/CPS/images/universal/film/program/202301/20230103/52/2023010302005052783z.jpg"></icon><desc>Themazender van de NPO. De zender belicht dagelijks ontwikkelingen in de landelijke politiek inclusief liveverslag van debatten in de Tweede Kamer en andere politieke gebeurtenissen.</desc><category></category></programme><programme channel="141430304" start="20230110110000 +0000" stop="20230110130000 +0000" catchup-id="1316274407"><title>Haagse politiek</title><date></date><icon src="https://t-mobiletv.nl:443/CPS/images/universal/film/program/202301/20230103/81/20230103020050527n1z.jpg"></icon><desc>Themazender van de NPO. De zender belicht dagelijks ontwikkelingen in de landelijke politiek inclusief liveverslag van debatten in de Tweede Kamer en andere politieke gebeurtenissen.</desc><category></category></programme><programme channel="141430304" start="20230110130000 +0000" stop="20230110150000 +0000" catchup-id="1316274989"><title>Haagse politiek</title><date></date><icon src="https://t-mobiletv.nl:443/CPS/images/universal/film/program/202301/20230103/10/202301030200505271iz.jpg"></icon><desc>Themazender van de NPO. De zender belicht dagelijks ontwikkelingen in de landelijke politiek inclusief liveverslag van debatten in de Tweede Kamer en andere politieke gebeurtenissen.</desc><category></category></programme><programme channel="141430304" start="20230110150000 +0000" stop="20230110170000 +0000" catchup-id="1316274995"><title>Haagse politiek</title><date></date><icon src="https://t-mobiletv.nl:443/CPS/images/universal/film/program/202301/20230103/66/20230103020050527rw0.jpg"></icon><desc>Themazender van de NPO. De zender belicht dagelijks ontwikkelingen in de landelijke politiek inclusief liveverslag van debatten in de Tweede Kamer en andere politieke gebeurtenissen.</desc><category></category></programme><programme channel="141430304" start="20230110170000 +0000" stop="20230110180000 +0000" catchup-id="1316275001"><title>Haagse politiek</title><date></date><icon src="https://t-mobiletv.nl:443/CPS/images/universal/film/program/202301/20230103/53/20230103020050527d29.jpg"></icon><desc>Themazender van de NPO. De zender belicht dagelijks ontwikkelingen in de landelijke politiek inclusief liveverslag van debatten in de Tweede Kamer en andere politieke gebeurtenissen.</desc><category></category></programme><programme channel="141430304" start="20230110180000 +0000" stop="20230110190000 +0000" catchup-id="1316275007"><title>Haagse politiek</title><date></date><icon src="https://t-mobiletv.nl:443/CPS/images/universal/film/program/202301/20230103/54/20230103020050528pm8.jpg"></icon><desc>Themazender van de NPO. De zender belicht dagelijks ontwikkelingen in de landelijke politiek inclusief liveverslag van debatten in de Tweede Kamer en andere politieke gebeurtenissen.</desc><category></category></programme><programme channel="141430304" start="20230110190000 +0000" stop="20230110210000 +0000" catchup-id="1316275013"><title>Haagse politiek</title><date></date><icon src="https://t-mobiletv.nl:443/CPS/images/universal/film/program/202301/20230103/37/20230103020050528fzs.jpg"></icon><desc>Themazender van de NPO. De zender belicht dagelijks ontwikkelingen in de landelijke politiek inclusief liveverslag van debatten in de Tweede Kamer en andere politieke gebeurtenissen.</desc><category></category></programme><programme channel="141430304" start="20230110210000 +0000" stop="20230110230000 +0000" catchup-id="1316275019"><title>Haagse politiek</title><date></date><icon src="https://t-mobiletv.nl:443/CPS/images/universal/film/program/202301/20230103/59/20230103020050528o78.jpg"></icon><desc>Themazender van de NPO. De zender belicht dagelijks ontwikkelingen in de landelijke politiek inclusief liveverslag van debatten in de Tweede Kamer en andere politieke gebeurtenissen.</desc><category></category></programme><programme channel="141430304" start="20230110230000 +0000" stop="20230111010000 +0000" catchup-id="1316275025"><title>Haagse politiek</title><date></date><icon src="https://t-mobiletv.nl:443/CPS/images/universal/film/program/202301/20230103/59/20230103020050528pos.jpg"></icon><desc>Themazender van de NPO. De zender belicht dagelijks ontwikkelingen in de landelijke politiek inclusief liveverslag van debatten in de Tweede Kamer en andere politieke gebeurtenissen.</desc><category></category></programme><programme channel="141430304" start="20230111010000 +0000" stop="20230111030000 +0000" catchup-id="1316275031"><title>Haagse politiek</title><date></date><icon src="https://t-mobiletv.nl:443/CPS/images/universal/film/program/202301/20230103/81/202301030200505288wj.jpg"></icon><desc>Themazender van de NPO. De zender belicht dagelijks ontwikkelingen in de landelijke politiek inclusief liveverslag van debatten in de Tweede Kamer en andere politieke gebeurtenissen.</desc><category></category></programme><programme channel="141430304" start="20230111030000 +0000" stop="20230111050000 +0000" catchup-id="1316275037"><title>Haagse politiek</title><date></date><icon src="https://t-mobiletv.nl:443/CPS/images/universal/film/program/202301/20230103/95/20230103020050528lb0.jpg"></icon><desc>Themazender van de NPO. De zender belicht dagelijks ontwikkelingen in de landelijke politiek inclusief liveverslag van debatten in de Tweede Kamer en andere politieke gebeurtenissen.</desc><category></category></programme><programme channel="141430304" start="20230111050000 +0000" stop="20230111070000 +0000" catchup-id="1316669547"><title>Haagse politiek</title><date></date><icon src="https://t-mobiletv.nl:443/CPS/images/universal/film/program/202301/20230104/0/20230104020100519ewe.jpg"></icon><desc>Themazender van de NPO. De zender belicht dagelijks ontwikkelingen in de landelijke politiek inclusief liveverslag van debatten in de Tweede Kamer en andere politieke gebeurtenissen.</desc><category></category></programme><programme channel="141430304" start="20230111070000 +0000" stop="20230111090000 +0000" catchup-id="1316669553"><title>Haagse politiek</title><date></date><icon src="https://t-mobiletv.nl:443/CPS/images/universal/film/program/202301/20230104/48/20230104020100519tj0.jpg"></icon><desc>Themazender van de NPO. De zender belicht dagelijks ontwikkelingen in de landelijke politiek inclusief liveverslag van debatten in de Tweede Kamer en andere politieke gebeurtenissen.</desc><category></category></programme><programme channel="141430304" start="20230111090000 +0000" stop="20230111110000 +0000" catchup-id="1316669559"><title>Haagse politiek</title><date></date><icon src="https://t-mobiletv.nl:443/CPS/images/universal/film/program/202301/20230104/9/20230104020100520cgt.jpg"></icon><desc>Themazender van de NPO. De zender belicht dagelijks ontwikkelingen in de landelijke politiek inclusief liveverslag van debatten in de Tweede Kamer en andere politieke gebeurtenissen.</desc><category></category></programme><programme channel="141430304" start="20230111110000 +0000" stop="20230111130000 +0000" catchup-id="1316669565"><title>Haagse politiek</title><date></date><icon src="https://t-mobiletv.nl:443/CPS/images/universal/film/program/202301/20230104/37/20230104020100520efd.jpg"></icon><desc>Themazender van de NPO. De zender belicht dagelijks ontwikkelingen in de landelijke politiek inclusief liveverslag van debatten in de Tweede Kamer en andere politieke gebeurtenissen.</desc><category></category></programme><programme channel="141430304" start="20230111130000 +0000" stop="20230111150000 +0000" catchup-id="1316669571"><title>Haagse politiek</title><date></date><icon src="https://t-mobiletv.nl:443/CPS/images/universal/film/program/202301/20230104/40/202301040201005202ne.jpg"></icon><desc>Themazender van de NPO. De zender belicht dagelijks ontwikkelingen in de landelijke politiek inclusief liveverslag van debatten in de Tweede Kamer en andere politieke gebeurtenissen.</desc><category></category></programme><programme channel="141430304" start="20230111150000 +0000" stop="20230111170000 +0000" catchup-id="1316669577"><title>Haagse politiek</title><date></date><icon src="https://t-mobiletv.nl:443/CPS/images/universal/film/program/202301/20230104/80/20230104020100520z07.jpg"></icon><desc>Themazender van de NPO. De zender belicht dagelijks ontwikkelingen in de landelijke politiek inclusief liveverslag van debatten in de Tweede Kamer en andere politieke gebeurtenissen.</desc><category></category></programme>