<programme channel="141429839" start="20221228180000 +0000" stop="20221228190000 +0000" catchup-id="1311301054"><title>Biggest Collabs of 2022!</title><date></date><icon src="https://t-mobiletv.nl:443/CPS/images/universal/film/program/202212/20221221/65/20221221020100515yuk.jpg"></icon><desc></desc><category></category></programme><programme channel="141429839" start="20221228190000 +0000" stop="20221228200000 +0000" catchup-id="1311301060"><title>Totally 10s!</title><date></date><icon src="https://t-mobiletv.nl:443/CPS/images/universal/film/program/202212/20221221/70/2022122102010051587n.jpg"></icon><desc></desc><category></category></programme><programme channel="141429839" start="20221228200000 +0000" stop="20221228230000 +0000" catchup-id="1311301066"><title>Worldwide Hits!</title><date></date><icon src="https://t-mobiletv.nl:443/CPS/images/universal/film/program/202212/20221221/43/20221221020100515phc.jpg"></icon><desc></desc><category></category></programme><programme channel="141429839" start="20221228230000 +0000" stop="20221229000000 +0000" catchup-id="1311301072"><title>Best Of 2022! The Girls</title><date></date><icon src="https://t-mobiletv.nl:443/CPS/images/universal/film/program/202212/20221221/30/202212210201005156ju.jpg"></icon><desc></desc><category></category></programme><programme channel="141429839" start="20221229000000 +0000" stop="20221229050000 +0000" catchup-id="1311301078"><title>Non-Stop Hits</title><date></date><icon src="https://t-mobiletv.nl:443/CPS/images/universal/film/program/202212/20221221/77/20221221020100515dhh.jpg"></icon><desc></desc><category></category></programme><programme channel="141429839" start="20221229050000 +0000" stop="20221229090000 +0000" catchup-id="1311773799"><title>Non-Stop Hits</title><date></date><icon src="https://t-mobiletv.nl:443/CPS/images/universal/film/program/202212/20221222/69/202212220201158970i5.jpg"></icon><desc></desc><category></category></programme><programme channel="141429839" start="20221229090000 +0000" stop="20221229100000 +0000" catchup-id="1311773805"><title>Today's Top Hits</title><date></date><icon src="https://t-mobiletv.nl:443/CPS/images/universal/film/program/202212/20221222/78/2022122202011589737y.jpg"></icon><desc></desc><category></category></programme><programme channel="141429839" start="20221229100000 +0000" stop="20221229130000 +0000" catchup-id="1311773811"><title>Totally 10s!</title><date></date><icon src="https://t-mobiletv.nl:443/CPS/images/universal/film/program/202212/20221222/69/20221222020115897onj.jpg"></icon><desc></desc><category></category></programme><programme channel="141429839" start="20221229130000 +0000" stop="20221229140000 +0000" catchup-id="1311773817"><title>Best Of 2022! The Girls</title><date></date><icon src="https://t-mobiletv.nl:443/CPS/images/universal/film/program/202212/20221222/64/2022122202011589781a.jpg"></icon><desc></desc><category></category></programme><programme channel="141429839" start="20221229140000 +0000" stop="20221229160000 +0000" catchup-id="1311773823"><title>Totally 10s!</title><date></date><icon src="https://t-mobiletv.nl:443/CPS/images/universal/film/program/202212/20221222/91/202212220201158974kc.jpg"></icon><desc></desc><category></category></programme><programme channel="141429839" start="20221229160000 +0000" stop="20221229180000 +0000" catchup-id="1311773829"><title>Worldwide Hits</title><date></date><icon src="https://t-mobiletv.nl:443/CPS/images/universal/film/program/202212/20221222/6/20221222020115898fkx.jpg"></icon><desc></desc><category></category></programme><programme channel="141429839" start="20221229180000 +0000" stop="20221229190000 +0000" catchup-id="1311773835"><title>Best Of 2022! The Boys</title><date></date><icon src="https://t-mobiletv.nl:443/CPS/images/universal/film/program/202212/20221222/17/20221222020115898leb.jpg"></icon><desc></desc><category></category></programme><programme channel="141429839" start="20221229190000 +0000" stop="20221229200000 +0000" catchup-id="1311773841"><title>Totally 10s!</title><date></date><icon src="https://t-mobiletv.nl:443/CPS/images/universal/film/program/202212/20221222/90/2022122202011589886a.jpg"></icon><desc></desc><category></category></programme><programme channel="141429839" start="20221229200000 +0000" stop="20221229230000 +0000" catchup-id="1311773847"><title>Worldwide Hits!</title><date></date><icon src="https://t-mobiletv.nl:443/CPS/images/universal/film/program/202212/20221222/84/20221222020115898i1r.jpg"></icon><desc></desc><category></category></programme><programme channel="141429839" start="20221229230000 +0000" stop="20221230000000 +0000" catchup-id="1311773853"><title>Best Of 2022! Most Played</title><date></date><icon src="https://t-mobiletv.nl:443/CPS/images/universal/film/program/202212/20221222/97/20221222020115898cp4.jpg"></icon><desc></desc><category></category></programme><programme channel="141429839" start="20221230000000 +0000" stop="20221230050000 +0000" catchup-id="1311773859"><title>Non-Stop Hits</title><date></date><icon src="https://t-mobiletv.nl:443/CPS/images/universal/film/program/202212/20221222/11/20221222020115898wk6.jpg"></icon><desc></desc><category></category></programme><programme channel="141429839" start="20221230050000 +0000" stop="20221230080000 +0000" catchup-id="1312172993"><title>Non-Stop Hits</title><date></date><icon src="https://t-mobiletv.nl:443/CPS/images/universal/film/program/202212/20221223/35/20221223020110520bz3.jpg"></icon><desc></desc><category></category></programme><programme channel="141429839" start="20221230080000 +0000" stop="20221230090000 +0000" catchup-id="1312172999"><title>Best Of 2022! Most Played</title><date></date><icon src="https://t-mobiletv.nl:443/CPS/images/universal/film/program/202212/20221223/6/20221223020110520hxe.jpg"></icon><desc></desc><category></category></programme><programme channel="141429839" start="20221230090000 +0000" stop="20221230100000 +0000" catchup-id="1312173005"><title>Worldwide Hits!</title><date></date><icon src="https://t-mobiletv.nl:443/CPS/images/universal/film/program/202212/20221223/43/20221223020110520bfy.jpg"></icon><desc></desc><category></category></programme><programme channel="141429839" start="20221230100000 +0000" stop="20221230130000 +0000" catchup-id="1312173011"><title>Totally 10s!</title><date></date><icon src="https://t-mobiletv.nl:443/CPS/images/universal/film/program/202212/20221223/99/202212230201105200p8.jpg"></icon><desc></desc><category></category></programme><programme channel="141429839" start="20221230130000 +0000" stop="20221230140000 +0000" catchup-id="1312173017"><title>Today's Top Hits</title><date></date><icon src="https://t-mobiletv.nl:443/CPS/images/universal/film/program/202212/20221223/45/20221223020110520mxi.jpg"></icon><desc></desc><category></category></programme><programme channel="141429839" start="20221230140000 +0000" stop="20221230160000 +0000" catchup-id="1312173023"><title>Totally 10s!</title><date></date><icon src="https://t-mobiletv.nl:443/CPS/images/universal/film/program/202212/20221223/68/20221223020110520qj6.jpg"></icon><desc></desc><category></category></programme><programme channel="141429839" start="20221230160000 +0000" stop="20221230180000 +0000" catchup-id="1312173029"><title>Worldwide Hits</title><date></date><icon src="https://t-mobiletv.nl:443/CPS/images/universal/film/program/202212/20221223/52/2022122302011052009i.jpg"></icon><desc></desc><category></category></programme><programme channel="141429839" start="20221230180000 +0000" stop="20221230190000 +0000" catchup-id="1312173035"><title>Today's Top Hits</title><date></date><icon src="https://t-mobiletv.nl:443/CPS/images/universal/film/program/202212/20221223/70/20221223020110520ct3.jpg"></icon><desc></desc><category></category></programme><programme channel="141429839" start="20221230190000 +0000" stop="20221230200000 +0000" catchup-id="1312173041"><title>Totally 10s!</title><date></date><icon src="https://t-mobiletv.nl:443/CPS/images/universal/film/program/202212/20221223/36/20221223020110520ler.jpg"></icon><desc></desc><category></category></programme><programme channel="141429839" start="20221230200000 +0000" stop="20221230230000 +0000" catchup-id="1312173047"><title>Best Of 2022! Party Hits Top 50</title><date></date><icon src="https://t-mobiletv.nl:443/CPS/images/universal/film/program/202212/20221223/61/20221223020110520maf.jpg"></icon><desc></desc><category></category></programme><programme channel="141429839" start="20221230230000 +0000" stop="20221231000000 +0000" catchup-id="1312173053"><title>Today's Top Hits</title><date></date><icon src="https://t-mobiletv.nl:443/CPS/images/universal/film/program/202212/20221223/35/202212230201105211w3.jpg"></icon><desc></desc><category></category></programme><programme channel="141429839" start="20221231000000 +0000" stop="20221231050000 +0000" catchup-id="1312173059"><title>Non-Stop Hits</title><date></date><icon src="https://t-mobiletv.nl:443/CPS/images/universal/film/program/202212/20221223/25/20221223020110521p0z.jpg"></icon><desc></desc><category></category></programme><programme channel="141429839" start="20221231050000 +0000" stop="20221231090000 +0000" catchup-id="1312575749"><title>Non-Stop Hits</title><date></date><icon src="https://t-mobiletv.nl:443/CPS/images/universal/film/program/202212/20221224/77/202212240201197142em.jpg"></icon><desc></desc><category></category></programme><programme channel="141429839" start="20221231090000 +0000" stop="20221231100000 +0000" catchup-id="1312575755"><title>Best Of 2022! Most Played</title><date></date><icon src="https://t-mobiletv.nl:443/CPS/images/universal/film/program/202212/20221224/52/202212240201197148mn.jpg"></icon><desc></desc><category></category></programme><programme channel="141429839" start="20221231100000 +0000" stop="20221231110000 +0000" catchup-id="1312575761"><title>Worldwide Hits!</title><date></date><icon src="https://t-mobiletv.nl:443/CPS/images/universal/film/program/202212/20221224/56/202212240201197148x4.jpg"></icon><desc></desc><category></category></programme><programme channel="141429839" start="20221231110000 +0000" stop="20221231130000 +0000" catchup-id="1312575767"><title>Totally 10s!</title><date></date><icon src="https://t-mobiletv.nl:443/CPS/images/universal/film/program/202212/20221224/58/20221224020119714va5.jpg"></icon><desc></desc><category></category></programme><programme channel="141429839" start="20221231130000 +0000" stop="20221231140000 +0000" catchup-id="1312575773"><title>Best Of 2022! Party Hits</title><date></date><icon src="https://t-mobiletv.nl:443/CPS/images/universal/film/program/202212/20221224/55/20221224020119714l52.jpg"></icon><desc></desc><category></category></programme><programme channel="141429839" start="20221231140000 +0000" stop="20221231150000 +0000" catchup-id="1312575779"><title>Weekend Hitlist</title><date></date><icon src="https://t-mobiletv.nl:443/CPS/images/universal/film/program/202212/20221224/4/20221224020119715rzz.jpg"></icon><desc></desc><category></category></programme><programme channel="141429839" start="20221231150000 +0000" stop="20221231170000 +0000" catchup-id="1312575849"><title>New Year's Party Hits!</title><date></date><icon src="https://t-mobiletv.nl:443/CPS/images/universal/film/program/202212/20221224/77/20221224020119715fo2.jpg"></icon><desc></desc><category></category></programme><programme channel="141429839" start="20221231170000 +0000" stop="20221231200000 +0000" catchup-id="1312575855"><title>Happy New Year From MTV Hits!</title><date></date><icon src="https://t-mobiletv.nl:443/CPS/images/universal/film/program/202212/20221224/83/202212240201197151of.jpg"></icon><desc></desc><category></category></programme><programme channel="141429839" start="20221231200000 +0000" stop="20230101010000 +0000" catchup-id="1312575861"><title>Happy New Year From MTV Hits!</title><date></date><icon src="https://t-mobiletv.nl:443/CPS/images/universal/film/program/202212/20221224/97/20221224020119715ytn.jpg"></icon><desc></desc><category></category></programme><programme channel="141429839" start="20230101010000 +0000" stop="20230101045900 +0000" catchup-id="1312575867"><title>Happy New Year From MTV Hits!</title><date></date><icon src="https://t-mobiletv.nl:443/CPS/images/universal/film/program/202212/20221224/67/20221224020119715csk.jpg"></icon><desc></desc><category></category></programme>