<programme channel="141431638" start="20221229063000 +0000" stop="20221229113000 +0000" catchup-id="1311775378"><title>Ketnet Junior</title><date></date><icon src="https://t-mobiletv.nl:443/CPS/images/universal/film/program/202212/20221222/79/20221222020119722842.jpg"></icon><desc>Programma's voor peuters en kleuters</desc><category></category></programme><programme channel="141431638" start="20221229113000 +0000" stop="20221229123000 +0000" catchup-id="1311775384"><title>Winterbeelden</title><date></date><icon src="https://t-mobiletv.nl:443/CPS/images/universal/film/program/202212/20221222/7/20221222020119723b76.jpg"></icon><desc>Sfeerbeelden vanuit diverse Europese bestemmingen</desc><category></category></programme><programme channel="141431638" start="20221229123000 +0000" stop="20221229172000 +0000" catchup-id="1311775390"><title>Ketnet Junior</title><date></date><icon src="https://t-mobiletv.nl:443/CPS/images/universal/film/program/202212/20221222/93/20221222020119723orl.jpg"></icon><desc>Programma's voor peuters en kleuters</desc><category></category></programme><programme channel="141431638" start="20221229172000 +0000" stop="20221229180500 +0000" catchup-id="1311775396"><title>Extreme lands</title><date></date><icon src="https://t-mobiletv.nl:443/CPS/images/universal/film/program/202212/20221222/28/2022122202011972378o.jpg"></icon><desc>In Costa Rica mogen de inwoners zeker geen schrik hebben van enkele van de gevaarlijkste dieren ter wereld. Zo hebben ze daar te maken met slangen die jaarlijks verschillende inwoners doden. Heidi trekt naar een vulkanenregio waar de mens heeft moeten leren leven met dit dreigende gevaar en er zelfs hun voordeel uithalen. Tot slot trekt ze in Guatemala naar de afstammelingen van de Maya's, een bevolkingsgroep die zich 2000 jaar geleden al had aangepast aan hun omgeving.</desc><category></category></programme><programme channel="141431638" start="20221229180500 +0000" stop="20221229190000 +0000" catchup-id="1311775402"><title>Sean Connery vs James Bond</title><date></date><icon src="https://t-mobiletv.nl:443/CPS/images/universal/film/program/202212/20221222/32/202212220201197239e1.jpg"></icon><desc>In 1963, na heel wat secundaire rollen, verschijnt Sean Connery in de James Bond-film 'Dr. No'. Al snel wordt hij wereldberoemd. Vanaf dan brengt James Bond rijkdom en glorie voor Sean Connery, maar er is een keerzijde aan de medaille. De acteur moet zijn best doen om af te geraken van zijn macho-imago en zo andere rollen te krijgen die zijn voorkeur wegdragen. Deze documentaire vertelt het verhaal van de iconische en eclectische reis die de acteur heeft afgelegd aan de hand van getuigenissen van collega's als Andy Garcia en John Boorman, z'n biografen en naasten.</desc><category></category></programme><programme channel="141431638" start="20221229190000 +0000" stop="20221229191000 +0000" catchup-id="1311775408"><title>VRT NWS update</title><date></date><icon src="https://t-mobiletv.nl:443/CPS/images/universal/film/program/202212/20221222/96/20221222020119723o2g.jpg"></icon><desc>Kort nieuwsoverzicht</desc><category></category></programme><programme channel="141431638" start="20221229191000 +0000" stop="20221229193500 +0000" catchup-id="1311775414"><title>Those were the days</title><date></date><icon src="https://t-mobiletv.nl:443/CPS/images/universal/film/program/202212/20221222/22/20221222020119723f2l.jpg"></icon><desc>In de Brusselse Marollen ligt de technotempel Fuse. Door hun visionaire programmatie midden jaren 90, werd Fuse zowat dé springplank voor iedereen die in het genre wat te betekenen heeft met als ultieme exponent onze eigen Charlotte De Witte. Met oprichter Peter Decuypere, creatief directeur Olivier Ramoudt (2001-2019), resident dj Trish van Eynde (1994-2001), medewerkster Simone Visser (1999-2011), platenbaas &amp; vaste klant Geert Sermon (Doctor Vinyl) en dj Charlotte De Witte.</desc><category></category></programme><programme channel="141431638" start="20221229193500 +0000" stop="20221229203500 +0000" catchup-id="1311775420"><title>De tijdloze</title><date></date><icon src="https://t-mobiletv.nl:443/CPS/images/universal/film/program/202212/20221222/87/20221222020119723y8j.jpg"></icon><desc>De moeder aller eindejaarslijsten is het muzikale geheugen van Vlaanderen en vormt het perfecte voer voor gesprekken, filmpjes en anekdotes over de beste songs aller tijden. Vanavond zijn Sylvie Kreusch en regisseur Jonas Govaerts te gast.</desc><category></category></programme><programme channel="141431638" start="20221229203500 +0000" stop="20221229213500 +0000" catchup-id="1311775426"><title>Trump takes on the world</title><date></date><icon src="https://t-mobiletv.nl:443/CPS/images/universal/film/program/202212/20221222/33/20221222020119723177.jpg"></icon><desc>In deel twee zien we hoe de president zijn pijlen op het Midden-Oosten richt. Hij brengt de Verenigde Staten op de rand van een oorlog met Iran. Hij schokt de wereld wanneer hij de Amerikaanse troepen terugtrekt uit Syrië en het land in een diepe chaos achterlaat. En hij trekt de kaart van Israël, met alle spanningen van dien. Ooggetuigen uit de eerste hand, de belangrijkste spelers en zeldzame interviews met topambtenaren vertellen het verhaal van hoe Donald Trump door zijn buitenlands beleid de regio op z'n kop zet.</desc><category></category></programme><programme channel="141431638" start="20221229213500 +0000" stop="20221229214500 +0000" catchup-id="1311775432"><title>Winteruur</title><date></date><icon src="https://t-mobiletv.nl:443/CPS/images/universal/film/program/202212/20221222/60/20221222020119723rw9.jpg"></icon><desc>Wim Helsen nodigt interessante gasten uit voor een gesprek over hun favoriete tekst.</desc><category></category></programme><programme channel="141431638" start="20221229214500 +0000" stop="20221229233000 +0000" catchup-id="1311775438"><title>The Bee Gees: how can you mend a broken heart</title><date></date><icon src="https://t-mobiletv.nl:443/CPS/images/universal/film/program/202212/20221222/39/20221222020119723wao.jpg"></icon><desc>In de deze documentaire volgen we het verhaal van de broers Barry, Maurice en Robin Gibb, beter gekend als The Bee Gees. De popgroep schreef meer dan 1000 liedjes en had 20 nummer-1-hits. We krijgen een intiem portret van het drietal te zien aan de hand van interviews met de oudste, nog levende broer, Barry, en archiefbeelden van de tweelingbroers Robin en Maurice. Met nooit eerder getoonde beelden van opnamesessies en concerten, tv-optredens en homevideo's, en getuigenissen van muzikanten als Eric Clapton, Noel Gallagher, Chris Martin e.v.a.</desc><category></category></programme><programme channel="141431638" start="20221229233000 +0000" stop="20221230063000 +0000" catchup-id="1311775444"><title>Canvaslus</title><date></date><icon src="https://t-mobiletv.nl:443/CPS/images/universal/film/program/202212/20221222/37/20221222020119723eia.jpg"></icon><desc>Doorlopende herhaling tot de start van de ochtenduitzendingen.</desc><category></category></programme><programme channel="141431638" start="20221230063000 +0000" stop="20221230113000 +0000" catchup-id="1312180298"><title>Ketnet Junior</title><date></date><icon src="https://t-mobiletv.nl:443/CPS/images/universal/film/program/202212/20221223/10/202212230201255684db.jpg"></icon><desc>Programma's voor peuters en kleuters</desc><category></category></programme><programme channel="141431638" start="20221230113000 +0000" stop="20221230123000 +0000" catchup-id="1312180304"><title>Winterbeelden</title><date></date><icon src="https://t-mobiletv.nl:443/CPS/images/universal/film/program/202212/20221223/91/202212230201255685ze.jpg"></icon><desc>Sfeerbeelden vanuit diverse Europese bestemmingen</desc><category></category></programme><programme channel="141431638" start="20221230123000 +0000" stop="20221230171500 +0000" catchup-id="1312180310"><title>Ketnet Junior</title><date></date><icon src="https://t-mobiletv.nl:443/CPS/images/universal/film/program/202212/20221223/78/20221223020125568fzc.jpg"></icon><desc>Programma's voor peuters en kleuters</desc><category></category></programme><programme channel="141431638" start="20221230171500 +0000" stop="20221230180000 +0000" catchup-id="1312180316"><title>Extreme lands</title><date></date><icon src="https://t-mobiletv.nl:443/CPS/images/universal/film/program/202212/20221223/30/20221223020125568owh.jpg"></icon><desc>Vandaag gaat Heidi naar Californië. De rijkste en meest dichtbevolkte staat van de VS ligt tussen twee tektonische platen: de Pacifische plaat en de Noord-Amerikaanse plaat. Daardoor is het een van de gevaarlijkste seismische regio's op aarde. Ondanks dit gevaar is de mens zich daar toch gaan vestigen en hebben ze de woestijnen kunnen omvormen tot agrarische oases en er belangrijke steden gebouwd zoals San Francisco en Los Angeles.</desc><category></category></programme><programme channel="141431638" start="20221230180000 +0000" stop="20221230190000 +0000" catchup-id="1312180322"><title>Trump takes on the world</title><date></date><icon src="https://t-mobiletv.nl:443/CPS/images/universal/film/program/202212/20221223/20/2022122302012556875f.jpg"></icon><desc>In deel twee zien we hoe de president zijn pijlen op het Midden-Oosten richt. Hij brengt de Verenigde Staten op de rand van een oorlog met Iran. Hij schokt de wereld wanneer hij de Amerikaanse troepen terugtrekt uit Syrië en het land in een diepe chaos achterlaat. En hij trekt de kaart van Israël, met alle spanningen van dien. Ooggetuigen uit de eerste hand, de belangrijkste spelers en zeldzame interviews met topambtenaren vertellen het verhaal van hoe Donald Trump door zijn buitenlands beleid de regio op z'n kop zet.</desc><category></category></programme><programme channel="141431638" start="20221230190000 +0000" stop="20221230191000 +0000" catchup-id="1312180328"><title>VRT NWS update</title><date></date><icon src="https://t-mobiletv.nl:443/CPS/images/universal/film/program/202212/20221223/78/20221223020125568yum.jpg"></icon><desc>Kort nieuwsoverzicht</desc><category></category></programme><programme channel="141431638" start="20221230191000 +0000" stop="20221230193500 +0000" catchup-id="1312180526"><title>Those were the days</title><date></date><icon src="https://t-mobiletv.nl:443/CPS/images/universal/film/program/202212/20221223/17/20221223020125568k1k.jpg"></icon><desc>Las Vegas in Destelbergen, van 1987 tot en met 1993. De tempel van de new beat en de allereerste megadiscotheek in ons land die op z'n hoogtepunt feestvierders van over heel West-Europa over de vloer kreeg: homo's, yuppies en mensen uit de mode- en showbizzwereld die zich in een spiegelpaleis aan elkaar vergaapten. Met oprichtster Martine Oosterlinck, resident dj Olivier Pieters en vaste klanten: dj &amp; producer CJ Bolland, dj Trish van Eynde, Britta Gillis en Christophe Hendrikx.</desc><category></category></programme><programme channel="141431638" start="20221230193500 +0000" stop="20221230204500 +0000" catchup-id="1312180532"><title>De tijdloze</title><date></date><icon src="https://t-mobiletv.nl:443/CPS/images/universal/film/program/202212/20221223/42/202212230201255681u2.jpg"></icon><desc>De moeder aller eindejaarslijsten is het muzikale geheugen van Vlaanderen en vormt het perfecte voer voor gesprekken, filmpjes en anekdotes over de beste songs aller tijden. Vanavond zijn DAAN en styliste Farah El Bastani te gast.</desc><category></category></programme><programme channel="141431638" start="20221230204500 +0000" stop="20221230225500 +0000" catchup-id="1312180538"><title>The boat that rocked</title><date></date><icon src="https://t-mobiletv.nl:443/CPS/images/universal/film/program/202212/20221223/30/202212230201255683a6.jpg"></icon><desc>1966. Wanneer de 17-jarige Carl van school wordt geschopt stuurt zijn moeder hem naar zijn peetvader Quentin, die baas is van Radio Rock, een piratenzendschip op de Noordzee. Carl voelt zich al snel helemaal thuis tussen het stel bonte dj's en hun liefde voor seks, drugs en rock-'n-roll. Het succes van de illegale piratenzender is de Britse regering echter een doorn in het oog en wanneer er een wet komt die de ondergang zou kunnen betekenen voor Radio Rock, besluiten de fans van de zender het heft in handen te nemen en een grootse reddingsoperatie te organiseren...</desc><category></category></programme><programme channel="141431638" start="20221230225500 +0000" stop="20221231063000 +0000" catchup-id="1312180544"><title>Canvaslus</title><date></date><icon src="https://t-mobiletv.nl:443/CPS/images/universal/film/program/202212/20221223/11/202212230201255682ka.jpg"></icon><desc>Doorlopende herhaling tot de start van de ochtenduitzendingen.</desc><category></category></programme><programme channel="141431638" start="20221231063000 +0000" stop="20221231113000 +0000" catchup-id="1312553817"><title>Ketnet Junior</title><date></date><icon src="https://t-mobiletv.nl:443/CPS/images/universal/film/program/202212/20221224/44/20221224020050519htp.jpg"></icon><desc>Programma's voor peuters en kleuters</desc><category></category></programme><programme channel="141431638" start="20221231113000 +0000" stop="20221231123000 +0000" catchup-id="1312553823"><title>Winterbeelden</title><date></date><icon src="https://t-mobiletv.nl:443/CPS/images/universal/film/program/202212/20221224/53/20221224020050520s4f.jpg"></icon><desc>Sfeerbeelden vanuit diverse Europese bestemmingen</desc><category></category></programme><programme channel="141431638" start="20221231123000 +0000" stop="20221231172000 +0000" catchup-id="1312553829"><title>Ketnet Junior</title><date></date><icon src="https://t-mobiletv.nl:443/CPS/images/universal/film/program/202212/20221224/87/20221224020050520aui.jpg"></icon><desc>Programma's voor peuters en kleuters</desc><category></category></programme><programme channel="141431638" start="20221231172000 +0000" stop="20221231181000 +0000" catchup-id="1312553835"><title>Critical kingdoms: stories of hope</title><date></date><icon src="https://t-mobiletv.nl:443/CPS/images/universal/film/program/202212/20221224/94/20221224020050520znr.jpg"></icon><desc>Het gigantische en uitgestrekte Indonesië was ooit een draaischijf voor specerijenhandel en tegenwoordig is het de grootste economie van Zuidoost-Azië. Maar het land kampt daardoor ook met problemen. De oerwouden worden bedreigd en de palmolie-industrie is berucht. De teelt heeft een enorme invloed gehad op het leefgebied van verschillende diersoorten, waaronder de gibbon. In zee wordt dan weer veel te veel gejaagd op mantaroggen en dolfijnen. Indonesië is een unieke eilandengroep met bijzondere problemen.</desc><category></category></programme><programme channel="141431638" start="20221231181000 +0000" stop="20221231190000 +0000" catchup-id="1312553841"><title>Iceland with Alexander Armstrong</title><date></date><icon src="https://t-mobiletv.nl:443/CPS/images/universal/film/program/202212/20221224/10/202212240200505208pl.jpg"></icon><desc>Alexander Armstrong verkent IJsland, het land van de gletsjers en geisers waar 's zomers de zon nooit ondergaat. Het prachtige landschap en de unieke cultuur maken van dit ooit onherbergzame eiland een populaire toeristische bestemming. Alexander ontdekt wat IJsland te beiden heeft: van kokende vulkanische modderstromen tot adembenemende gletsjers. Hij ziet geisers spuiten en ontmoet een man die brood bakt in kokend water. Hij strompelt door de levendige straatjes van Reykjavik, doet mee met een partijtje middernachtgolf en leert een IJslands paard te berijden. In het land waar rotte haai een delicatesse is, geniet Alexander van de mogelijk meest vieze maaltijd ooit. Zo hoeft u dat niet meer te doen.</desc><category></category></programme><programme channel="141431638" start="20221231190000 +0000" stop="20221231203000 +0000" catchup-id="1312553847"><title>The Alps</title><date></date><icon src="https://t-mobiletv.nl:443/CPS/images/universal/film/program/202212/20221224/91/20221224020050520zn3.jpg"></icon><desc>De Alpen zijn gekend om hun wilde bergen, maar het is ook een magische plek. De majestueuze bergketen verbindt acht landen en is op sommige plekken tot 4000 meter hoog. Met een lengte van 1200 kilometer vormt het een brug tussen West- en Oost-Europa en een hoge grens tussen Zuid- en Centraal-Europa. De bergen dienen als waterreservoir voor verschillende rivieren die uitmonden in drie verschillende oceanen. De enorme diversiteit maakt van de Alpen een unieke natuurschat in het hart van Europa.</desc><category></category></programme><programme channel="141431638" start="20221231203000 +0000" stop="20221231231000 +0000" catchup-id="1312553853"><title>Ennio</title><date></date><icon src="https://t-mobiletv.nl:443/CPS/images/universal/film/program/202212/20221224/74/202212240200505206g9.jpg"></icon><desc>In deze imposante documentaire nemen grootheden uit de film- en muziekwereld, maar ook de maestro zelf, ons mee door zijn bewogen leven. Hoe hij als jongetje trompet moest leren spelen in de voetsporen van zijn vader. Zijn eerste succes wanneer voormalig schoolvriend Sergio Leone hem in 1964 vraagt muziek te schrijven voor 'A Fistful of Dollars'. Het begin van een carrière die onvergetelijke scores opleverde voor films als 'The Good The Bad and The Ugly', 'Once upon a Time in the West', 'The Untouchables' van Brian De Palma en 'Cinema Paradiso' van Giuseppe Tornatore. Tornatore, voor wie Ennio ook alle muziek verzorgde, reisde voor deze documentaire vijf jaar over de hele wereld en sprak met o.m. Wong Kar Wai, Bernardo Bertolucci, Quentin Tarantino, Clint Eastwood en Bruce Springsteen. Tegelijk krijgen we een inkijkje in het leven van Ennio, die zich lang schaamde dat hij muziek schreef voor films. In 2007 kreeg hij pas erkenning met een ere-Oscar &quot;voor zijn grandioze en veelzijdige bijdragen aan de kunst van de filmmuziek.&quot; 'Ennio Morricone overleed in 2020 en liet meer dan 500 composities na voor film en tv, meer dan 100 klassieke werken en verkocht meer dan 70 miljoen ...</desc><category></category></programme><programme channel="141431638" start="20221231231000 +0000" stop="20230101005244 +0000" catchup-id="1312553859"><title>O brother, where art thou?</title><date></date><icon src="https://t-mobiletv.nl:443/CPS/images/universal/film/program/202212/20221224/43/202212240200505201vo.jpg"></icon><desc>Mississippi, jaren 30. Drie gevangenen slagen erin te ontsnappen uit hun cel. Ze willen hun buit van een bankoverval ophalen. Het geld ligt verstopt in het huis van Everett Ulysses McGill. Dat huis zal niet lang meer bestaan, omdat een nieuwe dam de streek weldra onder water zal zetten. De drie moeten zich dan ook haasten. Maar onderweg komen ze van het ene probleem in het andere terecht en ontmoeten ze de meest vreemde personages, zoals de overvaller George 'Babyface' Nelson, een campagne voerende gouverneur, een bende van de KKK, en een blinde profeet.</desc><category></category></programme><programme channel="141431638" start="20230101005244 +0000" stop="20230101063000 +0000" catchup-id="1312553865"><title>Canvaslus</title><date></date><icon src="https://t-mobiletv.nl:443/CPS/images/universal/film/program/202212/20221224/81/20221224020050520lcp.jpg"></icon><desc>Doorlopende herhaling tot de start van de ochtenduitzendingen.</desc><category></category></programme><programme channel="141431638" start="20230101063000 +0000" stop="20230101113000 +0000" catchup-id="1312907177"><title>Ketnet Junior</title><date></date><icon src="https://t-mobiletv.nl:443/CPS/images/universal/film/program/202212/20221225/73/20221225020050577ajf.jpg"></icon><desc>Programma's voor peuters en kleuters</desc><category></category></programme><programme channel="141431638" start="20230101113000 +0000" stop="20230101123000 +0000" catchup-id="1312907183"><title>Winterbeelden</title><date></date><icon src="https://t-mobiletv.nl:443/CPS/images/universal/film/program/202212/20221225/70/202212250200505776s6.jpg"></icon><desc>Sfeerbeelden vanuit diverse Europese bestemmingen</desc><category></category></programme><programme channel="141431638" start="20230101123000 +0000" stop="20230101163000 +0000" catchup-id="1312907189"><title>Sporza: veldrijden</title><date></date><icon src="https://t-mobiletv.nl:443/CPS/images/universal/film/program/202212/20221225/97/202212250200505773aa.jpg"></icon><desc>Elite + U23 vrouwen (vanaf 14.15 uur gaat het verslag verder in 'Sporza op zondag' op Eén)</desc><category></category></programme><programme channel="141431638" start="20230101163000 +0000" stop="20230101172000 +0000" catchup-id="1312907195"><title>Ancient superstructures</title><date></date><icon src="https://t-mobiletv.nl:443/CPS/images/universal/film/program/202212/20221225/70/20221225020050577pap.jpg"></icon><desc>De Chinese Muur reikt van oost tot west en is een van de meest ongelooflijke bouwwerken ter wereld. Het is het resultaat van buitengewoon werk van meerdere generaties Chinezen, gedurende twee millennia. Veel mensen brengen de Muur een bezoekje, maar slechts enkelingen kennen het ongelooflijke verhaal erachter. Experten rekenen op de wetenschap en de nieuwste technologieën om de geheimen van dit meesterlijke monument in al zijn facetten bloot te leggen.</desc><category></category></programme><programme channel="141431638" start="20230101172000 +0000" stop="20230101181500 +0000" catchup-id="1312907201"><title>Kamal Kharmach: Mag ik even?</title><date></date><icon src="https://t-mobiletv.nl:443/CPS/images/universal/film/program/202212/20221229/22/202212292101097343r3.jpg"></icon><desc>2022 is tot nu toe al een bewogen jaar geweest. Een invasie van Rusland in Oekraïne, stijgende energieprijzen en de opmars van apenpokken. Gelukkig heeft Kamal Kharmach met zijn drie vorige eindejaarsconferences de nodige ervaring om een jaar als 2022 te fileren voor ons.</desc><category></category></programme><programme channel="141431638" start="20230101181500 +0000" stop="20230101190000 +0000" catchup-id="1312907207"><title>Snow animals</title><date></date><icon src="https://t-mobiletv.nl:443/CPS/images/universal/film/program/202212/20221225/54/20221225020050577l44.jpg"></icon><desc>IJskoude temperaturen. Voedseltekorten. Lange, donkere nachten. De winter kan hard zijn in de natuur, tenzij je goed voorbereid bent. In deze documentaire komen we te weten hoe dieren zich voorbereiden op de wintermaanden en we nemen ook de wetenschap achter hun gedrag onder de loep. Hoe slagen eekhoorns erin om hun geheime voedselvoorraad aan te leggen? Waarom is het voor spreeuwen veiliger om zich in grote groepen te verplaatsen? En vinden de monarchvlinders na hun lange trektocht de eeuwige zomer in het zuiden? Deze fascinerende documentaire onthult hoe sommige dieren het zwaarste seizoen van het jaar proberen door te komen.</desc><category></category></programme><programme channel="141431638" start="20230101190000 +0000" stop="20230101191000 +0000" catchup-id="1312907213"><title>VRT NWS update</title><date></date><icon src="https://t-mobiletv.nl:443/CPS/images/universal/film/program/202212/20221225/44/202212250200505778dm.jpg"></icon><desc>Kort nieuwsoverzicht</desc><category></category></programme><programme channel="141431638" start="20230101191000 +0000" stop="20230101200000 +0000" catchup-id="1312907219"><title>Dinosaur apocalypse</title><date></date><icon src="https://t-mobiletv.nl:443/CPS/images/universal/film/program/202212/20221229/66/20221229210109734e2t.jpg"></icon><desc>In het woeste gebied van North Dakota denkt een groep wetenschappers de fossielen te hebben gevonden van dieren die uitgestorven zijn als gevolg van de asteroïde die 66 miljoen jaar geleden de aarde trof. Het bewijs wijst op een catastrofale gebeurtenis, met een hoop verschillende zeldzame fossielen waaronder een embryo van een pterosaurus die nog in het ei zit en een stukje goed bewaarde huid van een triceratops met kleine stukjes klei en glas in, wellicht een gevolg van de asteroïde-inslag. Met David Attenborough proberen we te achterhalen wat er juist gebeurde tijdens de laatste momenten van de dinosaurussen op aarde.</desc><category></category></programme><programme channel="141431638" start="20230101200000 +0000" stop="20230101210000 +0000" catchup-id="1312907225"><title>Simon Reeve's South America</title><date></date><icon src="https://t-mobiletv.nl:443/CPS/images/universal/film/program/202212/20221225/74/20221225020050577ha9.jpg"></icon><desc>Het laatste deel van Simons reis voert hem van de Atacamawoestijn in Chili helemaal naar Tierra del Fuego, de meest zuidelijke bewoonde plek op de planeet. In Atacama, een van de droogste plekken ter wereld, is hij getuige van de desastreuze gevolgen van de westerse consumptiemaatschappij. In Buenos Aires ondervindt hij aan den lijve wat een torenhoge inflatie kan veroorzaken en in Patagonië ziet hij hoe een politieke crisis vreselijk uit de hand kan lopen. Maar in Tierra del Fuego vindt hij een positieve noot om zijn Zuid-Amerikaanse avontuur toch op een optimistische manier af te ronden.</desc><category></category></programme><programme channel="141431638" start="20230101210000 +0000" stop="20230101214500 +0000" catchup-id="1312907231"><title>The investigation</title><date></date><icon src="https://t-mobiletv.nl:443/CPS/images/universal/film/program/202212/20221225/11/20221225020050577nfz.jpg"></icon><desc>De puzzelstukjes vallen langzaam in elkaar, maar Jens Møller en zijn team hebben nog steeds geen sluitend bewijs. Hoofdaanklager Jakob Buch-Jepsen benadrukt dat ze het motief en een doodsoorzaak nodig hebben om de beschuldigde te kunnen aanklagen. Elke twijfel moet weggenomen worden. Jens Møller houdt een persconferentie in de hoop om de beklaagde of zijn entourage te doen praten. Een grondig onderzoek van de computer van de verdachte onthult gruwelijke geheimen.</desc><category></category></programme><programme channel="141431638" start="20230101214500 +0000" stop="20230101223000 +0000" catchup-id="1312907237"><title>The investigation</title><date></date><icon src="https://t-mobiletv.nl:443/CPS/images/universal/film/program/202212/20221225/7/20221225020050577pdl.jpg"></icon><desc>Hoofdaanklager Jakob Buch-Jepsen maakt Jens Møller duidelijk dat hij een stevigere bewijslast nodig heeft om een zaak te kunnen aanspannen. Anders kan de verdachte vrijuit gaan. Onderzoeker Maibritt Porse wil de zaak niet laten vallen. Na zes maanden hard werken vindt ze de ultieme aanwijzing die elke redelijke twijfel over de schuld van de beschuldigde kan wegnemen. Jens Møller lijkt weer een onmogelijke zaak te hebben opgelost, maar hij beseft dat zijn tijd als hoofd van de dienst moordzaken ten einde loopt.</desc><category></category></programme><programme channel="141431638" start="20230101223000 +0000" stop="20230101233000 +0000" catchup-id="1312907243"><title>Bordertown</title><date></date><icon src="https://t-mobiletv.nl:443/CPS/images/universal/film/program/202212/20221225/96/20221225020050577auc.jpg"></icon><desc>De zonen van advocaat Seppo Laakkonen, Valdek en Nikolai, zoeken Sorjonen thuis op met de vraag hun vermiste moeder en stiefzuster op te sporen. Alle sporen leiden naar Rusland en een oude zaak wordt heropend.</desc><category></category></programme><programme channel="141431638" start="20230101233000 +0000" stop="20230102063000 +0000" catchup-id="1312907249"><title>Canvaslus</title><date></date><icon src="https://t-mobiletv.nl:443/CPS/images/universal/film/program/202212/20221225/94/20221225020050578fkh.jpg"></icon><desc>Doorlopende herhaling tot de start van de ochtenduitzendingen.</desc><category></category></programme><programme channel="141431638" start="20230102063000 +0000" stop="20230102113000 +0000" catchup-id="1313265340"><title>Ketnet Junior</title><date></date><icon src="https://t-mobiletv.nl:443/CPS/images/universal/film/program/202212/20221226/28/20221226020135520pf2.jpg"></icon><desc>Programma's voor peuters en kleuters</desc><category></category></programme><programme channel="141431638" start="20230102113000 +0000" stop="20230102123000 +0000" catchup-id="1313265346"><title>Winterbeelden</title><date></date><icon src="https://t-mobiletv.nl:443/CPS/images/universal/film/program/202212/20221226/41/20221226020135520kiw.jpg"></icon><desc>Sfeerbeelden vanuit diverse Europese bestemmingen</desc><category></category></programme><programme channel="141431638" start="20230102123000 +0000" stop="20230102171000 +0000" catchup-id="1313265352"><title>Ketnet Junior</title><date></date><icon src="https://t-mobiletv.nl:443/CPS/images/universal/film/program/202212/20221226/61/20221226020135520jw5.jpg"></icon><desc>Programma's voor peuters en kleuters</desc><category></category></programme><programme channel="141431638" start="20230102171000 +0000" stop="20230102180000 +0000" catchup-id="1313265358"><title>Dinosaur apocalypse</title><date></date><icon src="https://t-mobiletv.nl:443/CPS/images/universal/film/program/202212/20221229/57/20221229210109734zwg.jpg"></icon><desc>In het woeste gebied van North Dakota denkt een groep wetenschappers de fossielen te hebben gevonden van dieren die uitgestorven zijn als gevolg van de asteroïde die 66 miljoen jaar geleden de aarde trof. Het bewijs wijst op een catastrofale gebeurtenis, met een hoop verschillende zeldzame fossielen waaronder een embryo van een pterosaurus die nog in het ei zit en een stukje goed bewaarde huid van een triceratops met kleine stukjes klei en glas in, wellicht een gevolg van de asteroïde-inslag. Met David Attenborough proberen we te achterhalen wat er juist gebeurde tijdens de laatste momenten van de dinosaurussen op aarde.</desc><category></category></programme><programme channel="141431638" start="20230102180000 +0000" stop="20230102190000 +0000" catchup-id="1313265364"><title>Simon Reeve's South America</title><date></date><icon src="https://t-mobiletv.nl:443/CPS/images/universal/film/program/202212/20221226/12/20221226020135520s00.jpg"></icon><desc>Het laatste deel van Simons reis voert hem van de Atacamawoestijn in Chili helemaal naar Tierra del Fuego, de meest zuidelijke bewoonde plek op de planeet. In Atacama, een van de droogste plekken ter wereld, is hij getuige van de desastreuze gevolgen van de westerse consumptiemaatschappij. In Buenos Aires ondervindt hij aan den lijve wat een torenhoge inflatie kan veroorzaken en in Patagonië ziet hij hoe een politieke crisis vreselijk uit de hand kan lopen. Maar in Tierra del Fuego vindt hij een positieve noot om zijn Zuid-Amerikaanse avontuur toch op een optimistische manier af te ronden.</desc><category></category></programme><programme channel="141431638" start="20230102190000 +0000" stop="20230102191000 +0000" catchup-id="1313265370"><title>VRT NWS update</title><date></date><icon src="https://t-mobiletv.nl:443/CPS/images/universal/film/program/202212/20221226/6/20221226020135520xyg.jpg"></icon><desc>Kort nieuwsoverzicht</desc><category></category></programme><programme channel="141431638" start="20230102191000 +0000" stop="20230102195500 +0000" catchup-id="1313265376"><title>Brian Johnson's a life on the road</title><date></date><icon src="https://t-mobiletv.nl:443/CPS/images/universal/film/program/202212/20221229/86/20221229210109734r4g.jpg"></icon><desc>De frontman van Dire Straits, songwriter en gitarist Mark Knopfler neemt Brian mee op een reis door Northumberland en vertelt het verhaal van het begin van zijn muziekcarrière en het daaropvolgende sterrendom met Dire Straits.</desc><category></category></programme><programme channel="141431638" start="20230102195500 +0000" stop="20230102205000 +0000" catchup-id="1313265382"><title>Royals at war</title><date></date><icon src="https://t-mobiletv.nl:443/CPS/images/universal/film/program/202212/20221226/6/20221226020135520r0x.jpg"></icon><desc>September 1939, Hitler brengt zijn expansionistische plannen tot uitvoering. De Tweede Wereldoorlog is begonnen. Om hun land en hun troon te redden moeten de monarchen kiezen: bij hun volk blijven in het land dat bezet wordt door de Duitsers of vluchten, verzet bieden of collaboreren. Voor sommigen is dat een makkelijke keuze, voor anderen iets minder. Uit naïviteit, opportunisme of via vrijwillige collaboratie probeert elke monarch het beste te doen voor zijn land.</desc><category></category></programme><programme channel="141431638" start="20230102205000 +0000" stop="20230102210500 +0000" catchup-id="1313265388"><title>Winteruur</title><date></date><icon src="https://t-mobiletv.nl:443/CPS/images/universal/film/program/202212/20221226/46/20221226020135521ohk.jpg"></icon><desc>Wim Helsen nodigt interessante gasten uit voor een gesprek over hun favoriete tekst.</desc><category></category></programme><programme channel="141431638" start="20230102210500 +0000" stop="20230102223500 +0000" catchup-id="1313265394"><title>Saving Venice</title><date></date><icon src="https://t-mobiletv.nl:443/CPS/images/universal/film/program/202212/20221229/41/202212292101097348jk.jpg"></icon><desc>Venetië is een van de meest iconische steden ter wereld dankzij z'n locatie, maar tegelijk maakt die locatie de stad ook kwetsbaar voor overstromingen. Na tientallen jaren is MOSE, een systeem van waterbarrières, klaar om de stad te beschermen. We volgen achter de schermen hoe dit systeem juist werkt. De lagunes waren vroeger belangrijke handelsroutes, dus in de 15e eeuw werd er alles aan gedaan om de uitdroging ervan te voorkomen, maar daar draagt de stad nu de gevolgen van.</desc><category></category></programme><programme channel="141431638" start="20230102223500 +0000" stop="20230102231000 +0000" catchup-id="1313265400"><title>The sect</title><date></date><icon src="https://t-mobiletv.nl:443/CPS/images/universal/film/program/202212/20221226/21/2022122602013552145q.jpg"></icon><desc>In 1995, een jaar na de gebeurtenissen, zijn de sekteleiders dan wel dood, maar toch worden opnieuw 16 sekteleden dood aangetroffen in het Vercorsgebergte. Hoe zijn deze mensen, van wie het grote deel opgeleid en invloedrijk was, in al die jaren afgedreven om uiteindelijk zo gruwelijk aan hun einde te komen?</desc><category></category></programme><programme channel="141431638" start="20230102231000 +0000" stop="20230103063000 +0000" catchup-id="1313265406"><title>Canvaslus</title><date></date><icon src="https://t-mobiletv.nl:443/CPS/images/universal/film/program/202212/20221226/46/202212260201355217op.jpg"></icon><desc>Doorlopende herhaling tot de start van de ochtenduitzendingen.</desc><category></category></programme><programme channel="141431638" start="20230103063000 +0000" stop="20230103113000 +0000" catchup-id="1313572474"><title>Ketnet Junior</title><date></date><icon src="https://t-mobiletv.nl:443/CPS/images/universal/film/program/202212/20221227/95/20221227020055511fn0.jpg"></icon><desc>Programma's voor peuters en kleuters</desc><category></category></programme><programme channel="141431638" start="20230103113000 +0000" stop="20230103123000 +0000" catchup-id="1313572480"><title>Winterbeelden</title><date></date><icon src="https://t-mobiletv.nl:443/CPS/images/universal/film/program/202212/20221227/59/20221227020055511osg.jpg"></icon><desc>Sfeerbeelden vanuit diverse Europese bestemmingen</desc><category></category></programme><programme channel="141431638" start="20230103123000 +0000" stop="20230103164000 +0000" catchup-id="1313572486"><title>Ketnet Junior</title><date></date><icon src="https://t-mobiletv.nl:443/CPS/images/universal/film/program/202212/20221227/30/20221227020055511jry.jpg"></icon><desc>Programma's voor peuters en kleuters</desc><category></category></programme><programme channel="141431638" start="20230103164000 +0000" stop="20230103172500 +0000" catchup-id="1313572492"><title>Extreme lands</title><date></date><icon src="https://t-mobiletv.nl:443/CPS/images/universal/film/program/202212/20221227/43/20221227020055511w9z.jpg"></icon><desc>Met zijn 127 miljoen inwoners is Japan zonder twijfel een van gevoeligste regio's als het aankomt op natuurrampen. De archipel kent een grote vulkanische en seismische activiteit, maar daarnaast vormt water ook een groot gevaar voor het land, met vaak zware regenval en tyfoons. De Japanners doen er alles aan om hun kennis over deze natuurrampen te vergroten om drama's te kunnen voorkomen.</desc><category></category></programme><programme channel="141431638" start="20230103172500 +0000" stop="20230103190000 +0000" catchup-id="1313572498"><title>Saving Venice</title><date></date><icon src="https://t-mobiletv.nl:443/CPS/images/universal/film/program/202212/20221229/72/202212292101097347e9.jpg"></icon><desc>Venetië is een van de meest iconische steden ter wereld dankzij z'n locatie, maar tegelijk maakt die locatie de stad ook kwetsbaar voor overstromingen. Na tientallen jaren is MOSE, een systeem van waterbarrières, klaar om de stad te beschermen. We volgen achter de schermen hoe dit systeem juist werkt. De lagunes waren vroeger belangrijke handelsroutes, dus in de 15e eeuw werd er alles aan gedaan om de uitdroging ervan te voorkomen, maar daar draagt de stad nu de gevolgen van.</desc><category></category></programme><programme channel="141431638" start="20230103190000 +0000" stop="20230103191000 +0000" catchup-id="1313572504"><title>VRT NWS update</title><date></date><icon src="https://t-mobiletv.nl:443/CPS/images/universal/film/program/202212/20221227/59/202212270200555113s5.jpg"></icon><desc>Kort nieuwsoverzicht</desc><category></category></programme><programme channel="141431638" start="20230103191000 +0000" stop="20230103195500 +0000" catchup-id="1313572510"><title>Brian Johnson's a life on the road</title><date></date><icon src="https://t-mobiletv.nl:443/CPS/images/universal/film/program/202212/20221229/11/202212292101097341rz.jpg"></icon><desc>Brian Johnson trekt naar New York om er zijn oude vriend Sting te zien. Die blikt terug op The Police: van het prille begin, over het toenemende succes, tot uiteindelijk het uiteenvallen van de band. Sting geef ook inkijk in zijn rituelen voor een optreden.</desc><category></category></programme><programme channel="141431638" start="20230103195500 +0000" stop="20230103205500 +0000" catchup-id="1313572516"><title>A perfect planet</title><date></date><icon src="https://t-mobiletv.nl:443/CPS/images/universal/film/program/202212/20221227/49/202212270200555117eq.jpg"></icon><desc>De aarde is voor zover we weten de enige planeet waar leven op te vinden is, maar er hangt een dreigende kracht boven onze perfecte planeet. Die kracht, dat zijn wij. Mensen veranderen de planeet zo snel dat de ondersteuningsmechanismes van de aarde aangetast worden: het weer, de oceanen en alles wat leeft.</desc><category></category></programme><programme channel="141431638" start="20230103205500 +0000" stop="20230103210500 +0000" catchup-id="1313572522"><title>Winteruur</title><date></date><icon src="https://t-mobiletv.nl:443/CPS/images/universal/film/program/202212/20221227/11/20221227020055511bsa.jpg"></icon><desc>Wim Helsen nodigt interessante gasten uit voor een gesprek over hun favoriete tekst.</desc><category></category></programme><programme channel="141431638" start="20230103210500 +0000" stop="20230103224000 +0000" catchup-id="1313572528"><title>Sagrada Familia: le défi de Gaudi</title><date></date><icon src="https://t-mobiletv.nl:443/CPS/images/universal/film/program/202212/20221229/41/20221229210109734lyl.jpg"></icon><desc>De voltooiing van de Sagrada Familia is nabij en steeds meer wordt duidelijk hoe het waanzinnige project van Gaudí zijn opvolgers voor tal van uitdagingen heeft gezet. De enorme basiliek, die je moet begrijpen om ze te kunnen bouwen, houdt de opvolgers van de Catalaanse architect al meer dan een eeuw in de ban. Deze documentaire reconstrueert het bouwproces en probeert het beter te begrijpen, van de oorsprong en inspiratie tot aan de meest recente architecturale ingrepen.</desc><category></category></programme><programme channel="141431638" start="20230103224000 +0000" stop="20230104063000 +0000" catchup-id="1313572534"><title>Canvaslus</title><date></date><icon src="https://t-mobiletv.nl:443/CPS/images/universal/film/program/202212/20221227/97/20221227020055511113.jpg"></icon><desc>Doorlopende herhaling tot de start van de ochtenduitzendingen.</desc><category></category></programme><programme channel="141431638" start="20230104063000 +0000" stop="20230104113000 +0000" catchup-id="1313980449"><title>Ketnet Junior</title><date></date><icon src="https://t-mobiletv.nl:443/CPS/images/universal/film/program/202212/20221228/64/20221228020140529e82.jpg"></icon><desc>Programma's voor peuters en kleuters</desc><category></category></programme><programme channel="141431638" start="20230104113000 +0000" stop="20230104123000 +0000" catchup-id="1313980455"><title>Winterbeelden</title><date></date><icon src="https://t-mobiletv.nl:443/CPS/images/universal/film/program/202212/20221228/45/20221228020140529q1k.jpg"></icon><desc>Sfeerbeelden vanuit diverse Europese bestemmingen</desc><category></category></programme><programme channel="141431638" start="20230104123000 +0000" stop="20230104164000 +0000" catchup-id="1313980653"><title>Ketnet Junior</title><date></date><icon src="https://t-mobiletv.nl:443/CPS/images/universal/film/program/202212/20221228/16/202212280201405292iz.jpg"></icon><desc>Programma's voor peuters en kleuters</desc><category></category></programme><programme channel="141431638" start="20230104164000 +0000" stop="20230104172500 +0000" catchup-id="1313980659"><title>Extreme lands</title><date></date><icon src="https://t-mobiletv.nl:443/CPS/images/universal/film/program/202212/20221228/77/20221228020140529vev.jpg"></icon><desc>Heidi trekt naar de Verenigde Arabische Emiraten waar zich de Rub al Khali bevindt, een van de grootste zandwoestijnen ter wereld. De droogte is hier de grootste uitdaging met een gemiddelde temperatuur van 45 graden in de zomer. De wetenschap staat voor de uitdaging om nieuwe oplossingen te zoeken om de wereld van morgen te bouwen, een groenere, meer ecologische en meer verantwoordelijke wereld.</desc><category></category></programme><programme channel="141431638" start="20230104172500 +0000" stop="20230104190000 +0000" catchup-id="1313980665"><title>Sagrada Familia: le défi de Gaudi</title><date></date><icon src="https://t-mobiletv.nl:443/CPS/images/universal/film/program/202212/20221229/3/20221229210109734714.jpg"></icon><desc>De voltooiing van de Sagrada Familia is nabij en steeds meer wordt duidelijk hoe het waanzinnige project van Gaudí zijn opvolgers voor tal van uitdagingen heeft gezet. De enorme basiliek, die je moet begrijpen om ze te kunnen bouwen, houdt de opvolgers van de Catalaanse architect al meer dan een eeuw in de ban. Deze documentaire reconstrueert het bouwproces en probeert het beter te begrijpen, van de oorsprong en inspiratie tot aan de meest recente architecturale ingrepen.</desc><category></category></programme><programme channel="141431638" start="20230104190000 +0000" stop="20230104191000 +0000" catchup-id="1313980671"><title>VRT NWS update</title><date></date><icon src="https://t-mobiletv.nl:443/CPS/images/universal/film/program/202212/20221228/8/20221228020140529oj4.jpg"></icon><desc>Kort nieuwsoverzicht</desc><category></category></programme><programme channel="141431638" start="20230104191000 +0000" stop="20230104195500 +0000" catchup-id="1313980677"><title>Brian Johnson's a life on the road</title><date></date><icon src="https://t-mobiletv.nl:443/CPS/images/universal/film/program/202212/20221229/5/20221229210109735uiz.jpg"></icon><desc>Brian Johnson spreekt af met Dolly Parton in Nashville om verhalen te delen over hoe het leven is als je altijd onderweg bent.</desc><category></category></programme><programme channel="141431638" start="20230104195500 +0000" stop="20230104205500 +0000" catchup-id="1313980683"><title>Lost worlds and hidden treasures</title><date></date><icon src="https://t-mobiletv.nl:443/CPS/images/universal/film/program/202212/20221228/9/202212280201405292hm.jpg"></icon><desc>De tombe van Toetanchamon is een van 's werelds oudste archeologische ontdekkingen. Dokter Janina Ramirez ontpopt zich tot detective en gaat naar Egypte om het echte verhaal te achterhalen achter deze vondst. Haar onderzoek brengt haar naar Highclere Castle, de oevers van de Nijl en op een tocht in het spoor van grafrovers in de Vallei der Koningen. Ze ontdekt dat er schatten gestolen zijn uit de tombe en onderzoekt de oorsprong van de vloek van de farao.</desc><category></category></programme><programme channel="141431638" start="20230104205500 +0000" stop="20230104215000 +0000" catchup-id="1313980689"><title>Becoming Marilyn</title><date></date><icon src="https://t-mobiletv.nl:443/CPS/images/universal/film/program/202212/20221229/1/20221229210109735aa1.jpg"></icon><desc>Op het eerste gezicht lijken we alles te weten over begeerde actrice, aanbeden sekssymbool en wereldster Marilyn Monroe. Maar één stem wordt bij alle lezingen vergeten: de hare. Voor het eerst komen we te weten hoe Norma Jeane Baker het icoon Marilyn Monroe echt is geworden. Ze vertelt persoonlijk over haar metamorfose, haar ambitie, over de eisen en verlangens van de mediamagnaten, maar ook over de tirannie en wreedheden van de filmindustrie, waar met name vrouwen frequent mee te maken kregen.</desc><category></category></programme><programme channel="141431638" start="20230104215000 +0000" stop="20230104220500 +0000" catchup-id="1313980695"><title>Winteruur</title><date></date><icon src="https://t-mobiletv.nl:443/CPS/images/universal/film/program/202212/20221228/95/20221228020140530jl1.jpg"></icon><desc>Wim Helsen nodigt interessante gasten uit voor een gesprek over hun favoriete tekst.</desc><category></category></programme><programme channel="141431638" start="20230104220500 +0000" stop="20230104233500 +0000" catchup-id="1313980701"><title>Million dollar pigeons</title><date></date><icon src="https://t-mobiletv.nl:443/CPS/images/universal/film/program/202212/20221229/72/202212292101097357kj.jpg"></icon><desc>Elk jaar neemt een select groepje duivenhouders uit onder meer de VS, Thailand, China en Zuid-Afrika deel aan de meest prestigieuze en lucratieve races ter wereld. Maar wanneer hét grote duivenevenement bezoedeld wordt door schandalen en corruptie, staat de duivenwereld op zijn kop en is de toekomst van de sport in gevaar. Het is een bijna niet te geloven verhaal met in de hoofdrollen bijzondere en charmante personages, wier roem en fortuin volledig rust op de schouders van onze gevederde vriendjes.</desc><category></category></programme><programme channel="141431638" start="20230104233500 +0000" stop="20230105063000 +0000" catchup-id="1313980707"><title>Canvaslus</title><date></date><icon src="https://t-mobiletv.nl:443/CPS/images/universal/film/program/202212/20221228/20/2022122802014053029d.jpg"></icon><desc>Doorlopende herhaling tot de start van de ochtenduitzendingen.</desc><category></category></programme><programme channel="141431638" start="20230105063000 +0000" stop="20230105113000 +0000" catchup-id="1314407741"><title>Ketnet Junior</title><date></date><icon src="https://t-mobiletv.nl:443/CPS/images/universal/film/program/202212/20221229/59/20221229020159718am6.jpg"></icon><desc>Programma's voor peuters en kleuters</desc><category></category></programme><programme channel="141431638" start="20230105113000 +0000" stop="20230105123000 +0000" catchup-id="1314407747"><title>Winterbeelden</title><date></date><icon src="https://t-mobiletv.nl:443/CPS/images/universal/film/program/202212/20221229/74/20221229020159718s9c.jpg"></icon><desc>Sfeerbeelden vanuit diverse Europese bestemmingen</desc><category></category></programme><programme channel="141431638" start="20230105123000 +0000" stop="20230105172000 +0000" catchup-id="1314407753"><title>Ketnet Junior</title><date></date><icon src="https://t-mobiletv.nl:443/CPS/images/universal/film/program/202212/20221229/12/20221229020159718tgk.jpg"></icon><desc>Programma's voor peuters en kleuters</desc><category></category></programme><programme channel="141431638" start="20230105172000 +0000" stop="20230105180500 +0000" catchup-id="1314407759"><title>Mysterious planet</title><date></date><icon src="https://t-mobiletv.nl:443/CPS/images/universal/film/program/202212/20221230/48/20221230210044753fg8.jpg"></icon><desc>Maak kennis met enkele van de vreemdste wezens op aarde: draken, gremlins en zombiekuikens, punkaapjes en hobbits, een varken met slagtanden die zijn eigen voorhoofd doorboren en een vogel die dankbaar gebruik maakt van een veerboot. Wat maakt deze eilanden en hun bewoners zo bijzonder?</desc><category></category></programme><programme channel="141431638" start="20230105180500 +0000" stop="20230105190000 +0000" catchup-id="1314407765"><title>Becoming Marilyn</title><date></date><icon src="https://t-mobiletv.nl:443/CPS/images/universal/film/program/202212/20221229/61/20221229210109735jjo.jpg"></icon><desc>Op het eerste gezicht lijken we alles te weten over begeerde actrice, aanbeden sekssymbool en wereldster Marilyn Monroe. Maar één stem wordt bij alle lezingen vergeten: de hare. Voor het eerst komen we te weten hoe Norma Jeane Baker het icoon Marilyn Monroe echt is geworden. Ze vertelt persoonlijk over haar metamorfose, haar ambitie, over de eisen en verlangens van de mediamagnaten, maar ook over de tirannie en wreedheden van de filmindustrie, waar met name vrouwen frequent mee te maken kregen.</desc><category></category></programme><programme channel="141431638" start="20230105190000 +0000" stop="20230105191000 +0000" catchup-id="1314407771"><title>VRT NWS update</title><date></date><icon src="https://t-mobiletv.nl:443/CPS/images/universal/film/program/202212/20221229/49/20221229020159718u93.jpg"></icon><desc>Kort nieuwsoverzicht</desc><category></category></programme><programme channel="141431638" start="20230105191000 +0000" stop="20230105195500 +0000" catchup-id="1314407777"><title>Brian Johnson's a life on the road</title><date></date><icon src="https://t-mobiletv.nl:443/CPS/images/universal/film/program/202212/20221229/32/202212292101097355xz.jpg"></icon><desc>In deze aflevering ontmoet Brian Johnson Robert Plant, de zanger en tekstschrijver van Led Zeppelin. Ze bespreken enkele van meest memorabele tournees van de Britse rockband.</desc><category></category></programme><programme channel="141431638" start="20230105195500 +0000" stop="20230105205500 +0000" catchup-id="1314407783"><title>Trump takes on the world</title><date></date><icon src="https://t-mobiletv.nl:443/CPS/images/universal/film/program/202212/20221229/73/20221229020159718hxh.jpg"></icon><desc>In het laatste deel is Azië aan de beurt. We reconstrueren hoe een van de meest beruchte ontmoetingen uit de recente geschiedenis tot stand is gekomen, de ontmoeting tussen de Amerikaanse president en de Noord-Koreaanse leider Kim Jong-un. En tot op de allerlaatste dag van zijn presidentschap blijft Trump een machtsstrijd voeren met Peking. Met gevolgen die ook de huidige president Joe Biden niet meteen ongedaan wil maken.</desc><category></category></programme><programme channel="141431638" start="20230105205500 +0000" stop="20230105211000 +0000" catchup-id="1314408557"><title>Winteruur</title><date></date><icon src="https://t-mobiletv.nl:443/CPS/images/universal/film/program/202212/20221229/52/202212290201597188gf.jpg"></icon><desc>Wim Helsen nodigt interessante gasten uit voor een gesprek over hun favoriete tekst.</desc><category></category></programme><programme channel="141431638" start="20230105211000 +0000" stop="20230105230500 +0000" catchup-id="1314408563"><title>Tina</title><date></date><icon src="https://t-mobiletv.nl:443/CPS/images/universal/film/program/202212/20221229/11/20221229020159718ugi.jpg"></icon><desc>In de herfst van 1981 werd Tina Turner geïnterviewd voor People Magazine, vijf jaar na haar scheiding van Ike Turner, met wie ze 16 jaar getrouwd was en een muzikaal duo vormde. Ze vertelde over het misbruik dat ze al die jaren had doorstaan en hoe ze letterlijk op een avond ontsnapte. Haar persoonlijke verhaal, samen met haar onmiskenbare talent, zou een van de meest onwaarschijnlijke comebacks in de muziekgeschiedenis inluiden. Deze documentaire schenkt ons een intieme en onthullende blik in het verhaal van Tina Turner aan de hand van nooit eerder vertoond beeldmateriaal en het wellicht laatste interview van Tina zelf.</desc><category></category></programme><programme channel="141431638" start="20230105230500 +0000" stop="20230106063000 +0000" catchup-id="1314408569"><title>Canvaslus</title><date></date><icon src="https://t-mobiletv.nl:443/CPS/images/universal/film/program/202212/20221229/27/20221229020159718fcd.jpg"></icon><desc>Doorlopende herhaling tot de start van de ochtenduitzendingen.</desc><category></category></programme><programme channel="141431638" start="20230106063000 +0000" stop="20230106113000 +0000" catchup-id="1314855107"><title>Ketnet Junior</title><date></date><icon src="https://t-mobiletv.nl:443/CPS/images/universal/film/program/202212/20221230/89/20221230020145511mkc.jpg"></icon><desc>Programma's voor peuters en kleuters</desc><category></category></programme><programme channel="141431638" start="20230106113000 +0000" stop="20230106123000 +0000" catchup-id="1314855113"><title>Winterbeelden</title><date></date><icon src="https://t-mobiletv.nl:443/CPS/images/universal/film/program/202212/20221230/94/202212300201455113w8.jpg"></icon><desc>Sfeerbeelden vanuit diverse Europese bestemmingen</desc><category></category></programme><programme channel="141431638" start="20230106123000 +0000" stop="20230106171500 +0000" catchup-id="1314855119"><title>Ketnet Junior</title><date></date><icon src="https://t-mobiletv.nl:443/CPS/images/universal/film/program/202212/20221230/81/20221230020145511n4e.jpg"></icon><desc>Programma's voor peuters en kleuters</desc><category></category></programme><programme channel="141431638" start="20230106171500 +0000" stop="20230106180000 +0000" catchup-id="1314855125"><title>Mysterious planet</title><date></date><icon src="https://t-mobiletv.nl:443/CPS/images/universal/film/program/202212/20221230/38/20221230210044753wu2.jpg"></icon><desc>Meer dan vierhonderd walvishaaien komen samen op dezelfde plek, vlak bij de kust van Mexico. Maar waarom? Van een meteoriet die door de ruimte knalt, tot een ondergrondse wereld vol monsters en buitenaardse wezens... We onderzoeken alle mogelijke pistes.</desc><category></category></programme><programme channel="141431638" start="20230106180000 +0000" stop="20230106190000 +0000" catchup-id="1314855131"><title>Trump takes on the world</title><date></date><icon src="https://t-mobiletv.nl:443/CPS/images/universal/film/program/202212/20221230/86/20221230020145511mw7.jpg"></icon><desc>In het laatste deel is Azië aan de beurt. We reconstrueren hoe een van de meest beruchte ontmoetingen uit de recente geschiedenis tot stand is gekomen, de ontmoeting tussen de Amerikaanse president en de Noord-Koreaanse leider Kim Jong-un. En tot op de allerlaatste dag van zijn presidentschap blijft Trump een machtsstrijd voeren met Peking. Met gevolgen die ook de huidige president Joe Biden niet meteen ongedaan wil maken.</desc><category></category></programme><programme channel="141431638" start="20230106190000 +0000" stop="20230106191000 +0000" catchup-id="1314855137"><title>VRT NWS update</title><date></date><icon src="https://t-mobiletv.nl:443/CPS/images/universal/film/program/202212/20221230/5/20221230020145511i4h.jpg"></icon><desc>Kort nieuwsoverzicht</desc><category></category></programme><programme channel="141431638" start="20230106191000 +0000" stop="20230106195500 +0000" catchup-id="1314855143"><title>Brian Johnson's a life on the road</title><date></date><icon src="https://t-mobiletv.nl:443/CPS/images/universal/film/program/202212/20221230/21/20221230020145511gbb.jpg"></icon><desc>Brian Johnson gaat naar Hawaï waar hij Mick Fleetwood ontmoet, de drummer van Fleetwood Mac. Hij vertelt zijn ongelooflijke verhaal als de spil van Fleetwood Mac en van het grote succes van de band.</desc><category></category></programme><programme channel="141431638" start="20230106195500 +0000" stop="20230106220500 +0000" catchup-id="1314855277"><title>Widows</title><date></date><icon src="https://t-mobiletv.nl:443/CPS/images/universal/film/program/202212/20221230/55/20221230020145511o58.jpg"></icon><desc>Wanneer Harry Rawlings en zijn drie kompanen omkomen bij een mislukte bankoverval, blijven hun echtgenotes achter met grote schulden. De vier vrouwen, die verder niets met elkaar gemeen hebben, besluiten hun lot in eigen handen te nemen en hun toekomst veilig te stellen. Redding komt in de vorm van een door de mannen nagelaten draaiboek voor een overval met vijf miljoen dollar als inzet. Dit plan is al geheel uitgewerkt en hoeft alleen nog maar te worden uitgevoerd...</desc><category></category></programme><programme channel="141431638" start="20230106220500 +0000" stop="20230107063000 +0000" catchup-id="1314855283"><title>Canvaslus</title><date></date><icon src="https://t-mobiletv.nl:443/CPS/images/universal/film/program/202212/20221230/91/202212300201455115yp.jpg"></icon><desc>Doorlopende herhaling tot de start van de ochtenduitzendingen.</desc><category></category></programme><programme channel="141431638" start="20230107063000 +0000" stop="20230107113000 +0000" catchup-id="1315223901"><title>Ketnet Junior</title><date></date><icon src="https://t-mobiletv.nl:443/CPS/images/universal/film/program/202212/20221231/75/202212310201005107d0.jpg"></icon><desc>Programma's voor peuters en kleuters</desc><category></category></programme><programme channel="141431638" start="20230107113000 +0000" stop="20230107123000 +0000" catchup-id="1315223907"><title>Winterbeelden</title><date></date><icon src="https://t-mobiletv.nl:443/CPS/images/universal/film/program/202212/20221231/3/20221231020100510a6n.jpg"></icon><desc>Sfeerbeelden vanuit diverse Europese bestemmingen</desc><category></category></programme><programme channel="141431638" start="20230107123000 +0000" stop="20230107172000 +0000" catchup-id="1315224297"><title>Ketnet Junior</title><date></date><icon src="https://t-mobiletv.nl:443/CPS/images/universal/film/program/202212/20221231/27/20221231020100510ez1.jpg"></icon><desc>Programma's voor peuters en kleuters</desc><category></category></programme><programme channel="141431638" start="20230107172000 +0000" stop="20230107181000 +0000" catchup-id="1315224303"><title>Critical kingdoms: stories of hope</title><date></date><icon src="https://t-mobiletv.nl:443/CPS/images/universal/film/program/202212/20221231/77/20221231020100510rds.jpg"></icon><desc>De grootste wildernis ter wereld is meer dan ooit in gevaar. Houtkap en woestijnvorming, een ongeremde handel in dieren en de invasie van menselijke bouwwerken in het wild hebben een enorme impact op fauna en flora. Nochtans worden veel problemen in Afrika steeds grondiger aangepakt, onder meer door middel van moderne technologieën. Ook lokale stammen dragen hun steentje bij om populaties wilde dieren te beschermen en de klok terug te draaien.</desc><category></category></programme><programme channel="141431638" start="20230107181000 +0000" stop="20230107190000 +0000" catchup-id="1315224309"><title>Iceland with Alexander Armstrong</title><date></date><icon src="https://t-mobiletv.nl:443/CPS/images/universal/film/program/202212/20221231/19/20221231020100511uq9.jpg"></icon><desc>Alexander Armstrong verkent IJsland, het land van de gletsjers en geisers waar 's zomers de zon nooit ondergaat. Het prachtige landschap en de unieke cultuur maken van dit ooit onherbergzame eiland een populaire toeristische bestemming. Alexander ontdekt wat IJsland te beiden heeft: van kokende vulkanische modderstromen tot adembenemende gletsjers. Hij ziet geisers spuiten en ontmoet een man die brood bakt in kokend water. Hij strompelt door de levendige straatjes van Reykjavik, doet mee met een partijtje middernachtgolf en leert een IJslands paard te berijden. In het land waar rotte haai een delicatesse is, geniet Alexander van de mogelijk meest vieze maaltijd ooit. Zo hoeft u dat niet meer te doen.</desc><category></category></programme><programme channel="141431638" start="20230107190000 +0000" stop="20230107191000 +0000" catchup-id="1315224315"><title>VRT NWS update</title><date></date><icon src="https://t-mobiletv.nl:443/CPS/images/universal/film/program/202212/20221231/83/20221231020100511vzl.jpg"></icon><desc>Kort nieuwsoverzicht</desc><category></category></programme><programme channel="141431638" start="20230107191000 +0000" stop="20230107194000 +0000" catchup-id="1315224321"><title>Vranckx</title><date></date><icon src="https://t-mobiletv.nl:443/CPS/images/universal/film/program/202212/20221231/55/2022123102010051194e.jpg"></icon><desc>De Sami, de oorspronkelijke bewoners van Lapland, vrezen voor hun toekomst. Het gebied waar ze leven is rijk aan grondstoffen voor autobatterijen. Ze vrezen nu dat ze het land en de fjorden die ze zo hard nodig hebben zullen verliezen door grote mijnbouwprojecten. ('Voices from the arctic' - een reportage van ABC Australia, Foreign Correspondent © 2022)</desc><category></category></programme><programme channel="141431638" start="20230107194000 +0000" stop="20230107202500 +0000" catchup-id="1315224327"><title>Hunters</title><date></date><icon src="https://t-mobiletv.nl:443/CPS/images/universal/film/program/202212/20221231/43/20221231020100511k3j.jpg"></icon><desc>Ex-politieagent Erik wordt gevraagd om te helpen bij het oplossen van een moordzaak waar hij vijftien jaar eerder aan gewerkt heeft. Maar de dingen lopen niet zoals gepland en Eriks neef Peter komt daardoor in groot gevaar.</desc><category></category></programme><programme channel="141431638" start="20230107202500 +0000" stop="20230107211000 +0000" catchup-id="1315224333"><title>Hunters</title><date></date><icon src="https://t-mobiletv.nl:443/CPS/images/universal/film/program/202212/20221231/23/20221231020100511ypc.jpg"></icon><desc>Nieuw bewijsmateriaal zet het oude onderzoek helemaal op zijn kop. Erik weet nu wat het werkelijke doel van Särn is. Zijn vroegere goede relatie met de aanklager, Thompson komt onder druk te staan wanneer Erik wil dat het onderzoek een nieuwe wending krijgt.</desc><category></category></programme><programme channel="141431638" start="20230107211000 +0000" stop="20230107215000 +0000" catchup-id="1315224339"><title>OnderOns</title><date></date><icon src="https://t-mobiletv.nl:443/CPS/images/universal/film/program/202212/20221231/93/20221231020100511915.jpg"></icon><desc>Thomas ontmoet Yotam Ottolenghi en Noor Murad in Antwerpen waar ze hun nieuw boek promoten: 'Ottolenghi's test Kitchen'. Ze praten honderduit over hun multiculturele keuken en hoe die mensen kan verenigen. Waarom ze altijd al het beste uit groenten wilden halen. En waarom er voor hen eigenlijk geen kookregels zijn. Thomas liet ze voor de gelegenheid trouwens zijn 'homemade and children's proof wortelstoemp-met-worst' proeven.Het gerecht werd gesmaakt en kreeg prompt een 'Ottolenghificering' van de meesters zelve!</desc><category></category></programme><programme channel="141431638" start="20230107215000 +0000" stop="20230107234000 +0000" catchup-id="1315224345"><title>Big night</title><date></date><icon src="https://t-mobiletv.nl:443/CPS/images/universal/film/program/202212/20221231/38/20221231020100511t55.jpg"></icon><desc>New Jersey, in de late jaren 50. De broers Primo en Secondo baten samen het typisch Italiaanse restaurantje The Paradise uit. Primo is vooral begaan met de kwaliteit en de authenticiteit van de keuken, maar Secondo is een echte commerçant die met lede ogen vaststelt dat het Amerikaans-Italiaanse eethuis aan de overkant veel meer succes heeft. Wanneer de broers vernemen dat de Italiaanse tenor Louis Prima in de stand zal optreden, nodigen ze hem uit voor een feestmaal in hun restaurant, in de hoop dat het evenement dat ze rond zijn aanwezigheid zullen organiseren, hen eindelijk succes zal brengen. Ze stoppen al hun geld, talent en energie in hun 'big night', maar helaas verloopt die helemaal niet volgens plan...</desc><category></category></programme><programme channel="141431638" start="20230107234000 +0000" stop="20230108063000 +0000" catchup-id="1315224351"><title>Canvaslus</title><date></date><icon src="https://t-mobiletv.nl:443/CPS/images/universal/film/program/202212/20221231/19/20221231020100511l17.jpg"></icon><desc>Doorlopende herhaling tot de start van de ochtenduitzendingen.</desc><category></category></programme><programme channel="141431638" start="20230108063000 +0000" stop="20230108113000 +0000" catchup-id="1315607134"><title>Ketnet Junior</title><date></date><icon src="https://t-mobiletv.nl:443/CPS/images/universal/film/program/202301/20230101/25/20230101020114719nhs.jpg"></icon><desc>Programma's voor peuters en kleuters</desc><category></category></programme><programme channel="141431638" start="20230108113000 +0000" stop="20230108123000 +0000" catchup-id="1315607140"><title>Winterbeelden</title><date></date><icon src="https://t-mobiletv.nl:443/CPS/images/universal/film/program/202301/20230101/86/20230101020114719vbw.jpg"></icon><desc>Sfeerbeelden vanuit diverse Europese bestemmingen</desc><category></category></programme><programme channel="141431638" start="20230108123000 +0000" stop="20230108170000 +0000" catchup-id="1315607146"><title>Ketnet Junior</title><date></date><icon src="https://t-mobiletv.nl:443/CPS/images/universal/film/program/202301/20230101/64/20230101020114719u6x.jpg"></icon><desc>Programma's voor peuters en kleuters</desc><category></category></programme><programme channel="141431638" start="20230108170000 +0000" stop="20230108175000 +0000" catchup-id="1315607152"><title>Ancient superstructures</title><date></date><icon src="https://t-mobiletv.nl:443/CPS/images/universal/film/program/202301/20230101/74/20230101020114719685.jpg"></icon><desc>De stad Machu Picchu ligt op 2430 meter hoogte in het Andesgebergte en wordt jaarlijks door 800.000 mensen bezocht. Het is nog steeds een van de meest fascinerende en raadselachtige creaties van de Inca's. Wetenschappers hebben zich lang enkel gefocust op de citadel. Maar dankzij de nieuwste technologiën kunnen ze nu ook de jungle rond de stad onderzoeken en te weten komen wat er onder en rond de stad nog te vinden is. De experten van Machu Picchu kijken in de hoogte en graven in de diepte, ze delen hun meest recente ontdekkingen en laten het publiek kennismaken met tot nu toe onontdekte delen van de site.</desc><category></category></programme><programme channel="141431638" start="20230108175000 +0000" stop="20230108183000 +0000" catchup-id="1315607158"><title>OnderOns</title><date></date><icon src="https://t-mobiletv.nl:443/CPS/images/universal/film/program/202301/20230101/99/20230101020114719mcy.jpg"></icon><desc>Thomas ontmoet Yotam Ottolenghi en Noor Murad in Antwerpen waar ze hun nieuw boek promoten: 'Ottolenghi's test Kitchen'. Ze praten honderduit over hun multiculturele keuken en hoe die mensen kan verenigen. Waarom ze altijd al het beste uit groenten wilden halen. En waarom er voor hen eigenlijk geen kookregels zijn. Thomas liet ze voor de gelegenheid trouwens zijn 'homemade and children's proof wortelstoemp-met-worst' proeven.Het gerecht werd gesmaakt en kreeg prompt een 'Ottolenghificering' van de meesters zelve!</desc><category></category></programme><programme channel="141431638" start="20230108183000 +0000" stop="20230108190000 +0000" catchup-id="1315607164"><title>Vranckx</title><date></date><icon src="https://t-mobiletv.nl:443/CPS/images/universal/film/program/202301/20230101/36/202301010201147198ce.jpg"></icon><desc>De Sami, de oorspronkelijke bewoners van Lapland, vrezen voor hun toekomst. Het gebied waar ze leven is rijk aan grondstoffen voor autobatterijen. Ze vrezen nu dat ze het land en de fjorden die ze zo hard nodig hebben zullen verliezen door grote mijnbouwprojecten. ('Voices from the arctic' - een reportage van ABC Australia, Foreign Correspondent © 2022)</desc><category></category></programme><programme channel="141431638" start="20230108190000 +0000" stop="20230108195500 +0000" catchup-id="1315607170"><title>Dinosaur apocalypse</title><date></date><icon src="https://t-mobiletv.nl:443/CPS/images/universal/film/program/202301/20230101/3/2023010102011471992z.jpg"></icon><desc>Het onderzoek naar wat er gebeurd is op de dag dat de dinosaurussen zijn uitgestorven gaat verder. Wetenschappers ontdekken heel zeldzame fossielen en nog meer bewijs dat de graafsite in North Dakota verbindt met de asteroïde die verantwoordelijk was voor het uitsterven van de dinosaurussen 66 miljoen jaar geleden. Tussen de fossielen zit ambersteen met kleine stukjes glas in. Ze vinden zelfs een stukje steen dat matcht met de asteroïde zelf. Daarnaast doen ze ook een grootse ontdekking wanneer ze een bijna perfect bewaarde dinosauruspoot vinden. Met David Attenborough proberen we te achterhalen wat er juist gebeurde tijdens de laatste momenten van de dinosaurussen op aarde.</desc><category></category></programme><programme channel="141431638" start="20230108195500 +0000" stop="20230108204500 +0000" catchup-id="1315607176"><title>Rise of the billionaires</title><date></date><icon src="https://t-mobiletv.nl:443/CPS/images/universal/film/program/202301/20230101/49/20230101020114719app.jpg"></icon><desc>We beginnen deze reeks bij een van de rijkste mannen ter wereld, Jeff Bezos en de hobbelige start van zijn 'winkel waar je alles vindt'. Van slimme investeerders aan het begin van het internet tot de dotcombubbel zien we wat er nodig is om deze nieuwe brutale wereld te koloniseren en hoe Bezos de economie voor altijd veranderde. Zijn buurman is niemand minder dan Bill Gates, een van de jonge techmannen. En intussen is er ook nog Elon Musk bijgekomen, die ook een hobbelige start kent. Dit is het verhaal van hevige ambitie in de strijd om het web. Maar wat maakt deze pioniers nu zo speciaal?</desc><category></category></programme><programme channel="141431638" start="20230108204500 +0000" stop="20230108215000 +0000" catchup-id="1315607182"><title>The offer</title><date></date><icon src="https://t-mobiletv.nl:443/CPS/images/universal/film/program/202301/20230101/43/20230101020114719mwm.jpg"></icon><desc>Na zijn vertrek bij Rand Corp. begint Al Ruddy aan de film 'The Godfather' voor Paramount. Joe Colombo, een opkomende maffiabaas in New York, heeft duistere plannen met de film.</desc><category></category></programme><programme channel="141431638" start="20230108215000 +0000" stop="20230108224500 +0000" catchup-id="1315607188"><title>The offer</title><date></date><icon src="https://t-mobiletv.nl:443/CPS/images/universal/film/program/202301/20230101/76/20230101020114719bpq.jpg"></icon><desc>Terwijl Francis Ford Coppola en Mario Puzo aan het script werken, wordt de tegenstand voor de film alsmaar groter. Robert Evans en Barry Lapidus zijn het niet eens over de richting die Paramount moet uitgaan.</desc><category></category></programme><programme channel="141431638" start="20230108224500 +0000" stop="20230108234500 +0000" catchup-id="1315607194"><title>Bordertown</title><date></date><icon src="https://t-mobiletv.nl:443/CPS/images/universal/film/program/202301/20230101/34/20230101020114719o46.jpg"></icon><desc>De Sorjonens en de Jaakkola's moeten onder ogen zien dat het verleden nooit identiek is aan onze herinnering.</desc><category></category></programme><programme channel="141431638" start="20230108234500 +0000" stop="20230109063000 +0000" catchup-id="1315607200"><title>Canvaslus</title><date></date><icon src="https://t-mobiletv.nl:443/CPS/images/universal/film/program/202301/20230101/0/20230101020114719uuw.jpg"></icon><desc>Doorlopende herhaling tot de start van de ochtenduitzendingen.</desc><category></category></programme><programme channel="141431638" start="20230109063000 +0000" stop="20230109113000 +0000" catchup-id="1315927054"><title>Ketnet Junior</title><date></date><icon src="https://t-mobiletv.nl:443/CPS/images/universal/film/program/202301/20230102/7/20230102020059712ih0.jpg"></icon><desc>Programma's voor peuters en kleuters</desc><category></category></programme><programme channel="141431638" start="20230109113000 +0000" stop="20230109123000 +0000" catchup-id="1315927060"><title>Winterbeelden</title><date></date><icon src="https://t-mobiletv.nl:443/CPS/images/universal/film/program/202301/20230102/64/202301020200597124im.jpg"></icon><desc>Sfeerbeelden vanuit diverse Europese bestemmingen</desc><category></category></programme><programme channel="141431638" start="20230109123000 +0000" stop="20230109170000 +0000" catchup-id="1315927066"><title>Ketnet Junior</title><date></date><icon src="https://t-mobiletv.nl:443/CPS/images/universal/film/program/202301/20230102/5/20230102020059712ldx.jpg"></icon><desc>Programma's voor peuters en kleuters</desc><category></category></programme><programme channel="141431638" start="20230109170000 +0000" stop="20230109171500 +0000" catchup-id="1315927072"><title>VRT NWS live</title><date></date><icon src="https://t-mobiletv.nl:443/CPS/images/universal/film/program/202301/20230102/45/202301020200597126ec.jpg"></icon><desc>Heldere kijk en uitleg bij het nieuws van de dag.</desc><category></category></programme><programme channel="141431638" start="20230109171500 +0000" stop="20230109180500 +0000" catchup-id="1315927078"><title>Dinosaur apocalypse</title><date></date><icon src="https://t-mobiletv.nl:443/CPS/images/universal/film/program/202301/20230102/42/20230102020059712ibm.jpg"></icon><desc>Het onderzoek naar wat er gebeurd is op de dag dat de dinosaurussen zijn uitgestorven gaat verder. Wetenschappers ontdekken heel zeldzame fossielen en nog meer bewijs dat de graafsite in North Dakota verbindt met de asteroïde die verantwoordelijk was voor het uitsterven van de dinosaurussen 66 miljoen jaar geleden. Tussen de fossielen zit ambersteen met kleine stukjes glas in. Ze vinden zelfs een stukje steen dat matcht met de asteroïde zelf. Daarnaast doen ze ook een grootse ontdekking wanneer ze een bijna perfect bewaarde dinosauruspoot vinden. Met David Attenborough proberen we te achterhalen wat er juist gebeurde tijdens de laatste momenten van de dinosaurussen op aarde.</desc><category></category></programme><programme channel="141431638" start="20230109180500 +0000" stop="20230109190000 +0000" catchup-id="1315927084"><title>Rise of the billionaires</title><date></date><icon src="https://t-mobiletv.nl:443/CPS/images/universal/film/program/202301/20230102/4/20230102020059712mq7.jpg"></icon><desc>We beginnen deze reeks bij een van de rijkste mannen ter wereld, Jeff Bezos en de hobbelige start van zijn 'winkel waar je alles vindt'. Van slimme investeerders aan het begin van het internet tot de dotcombubbel zien we wat er nodig is om deze nieuwe brutale wereld te koloniseren en hoe Bezos de economie voor altijd veranderde. Zijn buurman is niemand minder dan Bill Gates, een van de jonge techmannen. En intussen is er ook nog Elon Musk bijgekomen, die ook een hobbelige start kent. Dit is het verhaal van hevige ambitie in de strijd om het web. Maar wat maakt deze pioniers nu zo speciaal?</desc><category></category></programme><programme channel="141431638" start="20230109190000 +0000" stop="20230109193500 +0000" catchup-id="1315927090"><title>Terzake</title><date></date><icon src="https://t-mobiletv.nl:443/CPS/images/universal/film/program/202301/20230102/34/20230102020059712j8w.jpg"></icon><desc>Achtergrond en duiding bij het nieuws van de dag.</desc><category></category></programme><programme channel="141431638" start="20230109193500 +0000" stop="20230109202000 +0000" catchup-id="1315927096"><title>De afspraak</title><date></date><icon src="https://t-mobiletv.nl:443/CPS/images/universal/film/program/202301/20230102/30/20230102020059712frp.jpg"></icon><desc>Dagelijks duidingsprogramma met studiogasten.</desc><category></category></programme><programme channel="141431638" start="20230109202000 +0000" stop="20230109212000 +0000" catchup-id="1315927102"><title>Extra Time</title><date></date><icon src="https://t-mobiletv.nl:443/CPS/images/universal/film/program/202301/20230102/5/20230102020059712wqb.jpg"></icon><desc>Extra Time kijkt terug op de vorige speeldag in de Jupiler Pro League.</desc><category></category></programme><programme channel="141431638" start="20230109212000 +0000" stop="20230109221000 +0000" catchup-id="1315927108"><title>Rise of the Nazis</title><date></date><icon src="https://t-mobiletv.nl:443/CPS/images/universal/film/program/202301/20230102/89/2023010202005971238e.jpg"></icon><desc>In de winter van 1944 begint Duitsland de oorlog op alle fronten te verliezen, maar Hitler weigert een volledige capitulatie te overwegen. In plaats daarvan roept hij zijn generaals naar een geheime locatie. Daar beveelt hij hen over te gaan tot een massale verrassingsaanval op de westerse geallieerden, als onderdeel van zijn wil om voor een totale oorlog te gaan. Met die aanval denkt Hitler de vijand echt te kunnen breken.</desc><category></category></programme><programme channel="141431638" start="20230109221000 +0000" stop="20230109222000 +0000" catchup-id="1315927114"><title>Winteruur</title><date></date><icon src="https://t-mobiletv.nl:443/CPS/images/universal/film/program/202301/20230102/6/20230102020059712fzr.jpg"></icon><desc>Wim Helsen nodigt interessante gasten uit voor een gesprek over hun favoriete tekst.</desc><category></category></programme><programme channel="141431638" start="20230109222000 +0000" stop="20230109225500 +0000" catchup-id="1315927120"><title>The sect</title><date></date><icon src="https://t-mobiletv.nl:443/CPS/images/universal/film/program/202301/20230102/6/20230102020059713mki.jpg"></icon><desc>De Orde van de Zonnetempel is in volle groei: ze heeft honderden volgers, houdt conferenties en bezit steeds meer heiligdommen en onroerend goed, en ze wil ook op het internationale toneel een grotere rol spelen. Maar in Canada en op Martinique begint het schild van de sekste stilaan te barsten.</desc><category></category></programme><programme channel="141431638" start="20230109225500 +0000" stop="20230110063000 +0000" catchup-id="1315927126"><title>Canvaslus</title><date></date><icon src="https://t-mobiletv.nl:443/CPS/images/universal/film/program/202301/20230102/67/20230102020059713sn3.jpg"></icon><desc>Doorlopende herhaling tot de start van de ochtenduitzendingen.</desc><category></category></programme><programme channel="141431638" start="20230110063000 +0000" stop="20230110113000 +0000" catchup-id="1316284692"><title>Ketnet Junior</title><date></date><icon src="https://t-mobiletv.nl:443/CPS/images/universal/film/program/202301/20230103/41/2023010302005971318d.jpg"></icon><desc>Programma's voor peuters en kleuters</desc><category></category></programme><programme channel="141431638" start="20230110113000 +0000" stop="20230110123000 +0000" catchup-id="1316284698"><title>Winterbeelden</title><date></date><icon src="https://t-mobiletv.nl:443/CPS/images/universal/film/program/202301/20230103/56/20230103020059714o06.jpg"></icon><desc>Sfeerbeelden vanuit diverse Europese bestemmingen</desc><category></category></programme><programme channel="141431638" start="20230110123000 +0000" stop="20230110170000 +0000" catchup-id="1316284704"><title>Ketnet Junior</title><date></date><icon src="https://t-mobiletv.nl:443/CPS/images/universal/film/program/202301/20230103/70/20230103020059714rte.jpg"></icon><desc>Programma's voor peuters en kleuters</desc><category></category></programme><programme channel="141431638" start="20230110170000 +0000" stop="20230110171500 +0000" catchup-id="1316284710"><title>VRT NWS live</title><date></date><icon src="https://t-mobiletv.nl:443/CPS/images/universal/film/program/202301/20230103/78/20230103020059714k2a.jpg"></icon><desc>Heldere kijk en uitleg bij het nieuws van de dag.</desc><category></category></programme><programme channel="141431638" start="20230110171500 +0000" stop="20230110181500 +0000" catchup-id="1316284716"><title>Extra Time</title><date></date><icon src="https://t-mobiletv.nl:443/CPS/images/universal/film/program/202301/20230103/52/202301030200597145k2.jpg"></icon><desc>Extra Time kijkt terug op de vorige speeldag in de Jupiler Pro League.</desc><category></category></programme><programme channel="141431638" start="20230110181500 +0000" stop="20230110190000 +0000" catchup-id="1316284722"><title>Mysterious planet</title><date></date><icon src="https://t-mobiletv.nl:443/CPS/images/universal/film/program/202301/20230103/8/20230103020059714kya.jpg"></icon><desc>Eén bergketen, twee verschillende werelden: een fort van vuur, het bastion van een feniks, en een koninkrijk van ijs, het imperium van de onzichtbare heerser. Maar hoe hebben de flamingo en de poema deze vijandige gebieden overwonnen? Ontdek de geheimen achter het leven in de bergen van vuur en ijs: de Andes.</desc><category></category></programme><programme channel="141431638" start="20230110190000 +0000" stop="20230110193500 +0000" catchup-id="1316284728"><title>Terzake</title><date></date><icon src="https://t-mobiletv.nl:443/CPS/images/universal/film/program/202301/20230103/91/20230103020059714nkd.jpg"></icon><desc>Achtergrond en duiding bij het nieuws van de dag.</desc><category></category></programme><programme channel="141431638" start="20230110193500 +0000" stop="20230110202000 +0000" catchup-id="1316284734"><title>De afspraak</title><date></date><icon src="https://t-mobiletv.nl:443/CPS/images/universal/film/program/202301/20230103/70/20230103020059714hjj.jpg"></icon><desc>Dagelijks duidingsprogramma met studiogasten.</desc><category></category></programme><programme channel="141431638" start="20230110202000 +0000" stop="20230110212000 +0000" catchup-id="1316284740"><title>Great Barrier Reef: the next generation</title><date></date><icon src="https://t-mobiletv.nl:443/CPS/images/universal/film/program/202301/20230103/19/20230103020059714cl8.jpg"></icon><desc>Een groep jonge zee-ontdekkingsreizigers neemt ons mee onder water voor een kijkje op het waanzinnige leven op het Groot Barrièrerif, tijdens een zomer vol liefde. Met verbluffende beelden van koralen, vissen, vogels en schildpadden die terugkeren naar de eilanden om er een nest te maken, vieren we het rif in een tijd van vernieuwing en verandering.</desc><category></category></programme><programme channel="141431638" start="20230110212000 +0000" stop="20230110221000 +0000" catchup-id="1316284746"><title>Rise of the Nazis</title><date></date><icon src="https://t-mobiletv.nl:443/CPS/images/universal/film/program/202301/20230103/69/20230103020059714g8a.jpg"></icon><desc>Eind maart 1945. Het Duitse leger is compleet uitgeput en Hitler heeft steeds minder vertrouwelingen. In de tuinen van de Rijkskanselarij nodigt hij enkele leden van de Hitlerjugend uit om ze te decoreren. Dit zijn de mensen op wie hij nu rekent: kinderen. Nu Nazi-Duitsland op instorten staat, trekt Hitler zich volledig terug in zijn bunker, een plek met 30 kleine kamers onder de Rijkskanselarij, waar er geen onderscheid is tussen dag en nacht. Terwijl zijn leven steeds bizarder wordt, zoeken Hitler en Joseph Goebbels naar tekenen in de Duitse folklore die aangeven dat het lot tussenbeide zal komen.</desc><category></category></programme><programme channel="141431638" start="20230110221000 +0000" stop="20230110222000 +0000" catchup-id="1316284752"><title>Winteruur</title><date></date><icon src="https://t-mobiletv.nl:443/CPS/images/universal/film/program/202301/20230103/1/202301030200597143h2.jpg"></icon><desc>Wim Helsen nodigt interessante gasten uit voor een gesprek over hun favoriete tekst.</desc><category></category></programme><programme channel="141431638" start="20230110222000 +0000" stop="20230110231500 +0000" catchup-id="1316284758"><title>The Persians - a History of Iran</title><date></date><icon src="https://t-mobiletv.nl:443/CPS/images/universal/film/program/202301/20230103/32/20230103020059714f7z.jpg"></icon><desc>Sinds de revolutie ayatollah Khomeini in 1979 aan de macht bracht in Iran, is het land synoniem voor de radicale islam. Westerse documentairemakers wordt maar zelden toegang verleend, maar journaliste Samira Ahmed heeft een uitzonderlijke kans gekregen om de veelzijdige cultuur en buitengewone geschiedenis van het land te ontdekken. In deze aflevering reist ze naar plekken die onthullen hoe het Perzische Rijk is ontstaan en hoe koningen er een groot rijk opbouwden terwijl de oude wereld afgunstig toekeek.</desc><category></category></programme><programme channel="141431638" start="20230110231500 +0000" stop="20230111063000 +0000" catchup-id="1316284764"><title>Canvaslus</title><date></date><icon src="https://t-mobiletv.nl:443/CPS/images/universal/film/program/202301/20230103/19/20230103020059714h3i.jpg"></icon><desc>Doorlopende herhaling tot de start van de ochtenduitzendingen.</desc><category></category></programme><programme channel="141431638" start="20230111063000 +0000" stop="20230111113000 +0000" catchup-id="1316682276"><title>Ketnet Junior</title><date></date><icon src="https://t-mobiletv.nl:443/CPS/images/universal/film/program/202301/20230104/68/20230104020124749ri1.jpg"></icon><desc>Programma's voor peuters en kleuters</desc><category></category></programme><programme channel="141431638" start="20230111113000 +0000" stop="20230111123000 +0000" catchup-id="1316682474"><title>Winterbeelden</title><date></date><icon src="https://t-mobiletv.nl:443/CPS/images/universal/film/program/202301/20230104/64/202301040201247503j1.jpg"></icon><desc>Sfeerbeelden vanuit diverse Europese bestemmingen</desc><category></category></programme><programme channel="141431638" start="20230111123000 +0000" stop="20230111165619 +0000" catchup-id="1316682480"><title>Ketnet Junior</title><date></date><icon src="https://t-mobiletv.nl:443/CPS/images/universal/film/program/202301/20230104/30/20230104020124750tku.jpg"></icon><desc>Programma's voor peuters en kleuters</desc><category></category></programme><programme channel="141431638" start="20230111165619 +0000" stop="20230111171119 +0000" catchup-id="1316682486"><title>VRT NWS live</title><date></date><icon src="https://t-mobiletv.nl:443/CPS/images/universal/film/program/202301/20230104/48/20230104020124750iu3.jpg"></icon><desc>Heldere kijk en uitleg bij het nieuws van de dag.</desc><category></category></programme><programme channel="141431638" start="20230111171119 +0000" stop="20230111175500 +0000" catchup-id="1316682492"><title>Mysterious planet</title><date></date><icon src="https://t-mobiletv.nl:443/CPS/images/universal/film/program/202301/20230104/36/20230104020124750w7v.jpg"></icon><desc>Het Ethiopisch Hoogland, het Dak van Afrika, de thuis van dieren die je nergens anders vindt. In dit duizelingwekkende koninkrijk, waar natuurkrachten zowel scheppend als vernietigend werken, moet je zowel samenwerken als domineren om te kunnen overleven.</desc><category></category></programme><programme channel="141431638" start="20230111175500 +0000" stop="20230111190000 +0000" catchup-id="1316682498"><title>Great Barrier Reef: the next generation</title><date></date><icon src="https://t-mobiletv.nl:443/CPS/images/universal/film/program/202301/20230104/22/2023010402012475036l.jpg"></icon><desc>Een groep jonge zee-ontdekkingsreizigers neemt ons mee onder water voor een kijkje op het waanzinnige leven op het Groot Barrièrerif, tijdens een zomer vol liefde. Met verbluffende beelden van koralen, vissen, vogels en schildpadden die terugkeren naar de eilanden om er een nest te maken, vieren we het rif in een tijd van vernieuwing en verandering.</desc><category></category></programme><programme channel="141431638" start="20230111190000 +0000" stop="20230111193500 +0000" catchup-id="1316682504"><title>Terzake</title><date></date><icon src="https://t-mobiletv.nl:443/CPS/images/universal/film/program/202301/20230104/96/202301040201247505wi.jpg"></icon><desc>Achtergrond en duiding bij het nieuws van de dag.</desc><category></category></programme><programme channel="141431638" start="20230111193500 +0000" stop="20230111215500 +0000" catchup-id="1316682510"><title>Sporza: De Cup</title><date></date><icon src="https://t-mobiletv.nl:443/CPS/images/universal/film/program/202301/20230104/17/20230104020124750amc.jpg"></icon><desc>Kwartfinale: KRC Genk - Antwerp</desc><category></category></programme><programme channel="141431638" start="20230111215500 +0000" stop="20230111220500 +0000" catchup-id="1316682516"><title>Winteruur</title><date></date><icon src="https://t-mobiletv.nl:443/CPS/images/universal/film/program/202301/20230104/47/20230104020124750c7y.jpg"></icon><desc>Wim Helsen nodigt interessante gasten uit voor een gesprek over hun favoriete tekst.</desc><category></category></programme><programme channel="141431638" start="20230111220500 +0000" stop="20230111234000 +0000" catchup-id="1316682522"><title>Girl taken</title><date></date><icon src="https://t-mobiletv.nl:443/CPS/images/universal/film/program/202301/20230104/23/20230104020124750lkw.jpg"></icon><desc>Drie dagen na haar geboorte wordt de pasgeboren Zephany ontvoerd uit een ziekenhuis in Kaapstad. 17 jaar lang zoeken de ouders naar hun verdwenen dochtertje, maar zonder succes. In 2015 merken medeleerlingen van hun jongste dochter Cassidy op dat een andere leerlinge, Miche Solomon, sterk op haar lijkt. DNA-onderzoek zal later bevestigen dat het om de verdwenen Zephany gaat. Maar Miche besluit om bij haar ontvoerders te blijven leven, waardoor haar biologische ouders een tweede keer afscheid van haar moeten nemen en proberen de draad van het leven weer op te pakken.</desc><category></category></programme><programme channel="141431638" start="20230111234000 +0000" stop="20230112063000 +0000" catchup-id="1316682528"><title>Canvaslus</title><date></date><icon src="https://t-mobiletv.nl:443/CPS/images/universal/film/program/202301/20230104/64/20230104020124750g9q.jpg"></icon><desc></desc><category></category></programme>