<programme channel="141431590" start="20221228173000 +0000" stop="20221228182500 +0000" catchup-id="1311295188"><title>El Comodin De La 1</title><date></date><icon src=""></icon><desc></desc><category></category></programme><programme channel="141431590" start="20221228182500 +0000" stop="20221228193000 +0000" catchup-id="1311295194"><title>El Cazador</title><date></date><icon src=""></icon><desc></desc><category></category></programme><programme channel="141431590" start="20221228193000 +0000" stop="20221228200000 +0000" catchup-id="1311295200"><title>Aqui La Tierra</title><date></date><icon src=""></icon><desc></desc><category></category></programme><programme channel="141431590" start="20221228200000 +0000" stop="20221228210000 +0000" catchup-id="1311295206"><title>Telediario 2</title><date></date><icon src=""></icon><desc></desc><category></category></programme><programme channel="141431590" start="20221228210000 +0000" stop="20221229011000 +0000" catchup-id="1311295218"><title>Gala Inocente, Inocente 2022</title><date></date><icon src=""></icon><desc></desc><category></category></programme><programme channel="141431590" start="20221229011000 +0000" stop="20221229050000 +0000" catchup-id="1311295230"><title>Noticias 24 H</title><date></date><icon src=""></icon><desc></desc><category></category></programme><programme channel="141431590" start="20221229050000 +0000" stop="20221229075000 +0000" catchup-id="1311779155"><title>Noticias 24 H</title><date></date><icon src=""></icon><desc></desc><category></category></programme><programme channel="141431590" start="20221229075000 +0000" stop="20221229103000 +0000" catchup-id="1311779167"><title>La Hora De La 1</title><date></date><icon src=""></icon><desc></desc><category></category></programme><programme channel="141431590" start="20221229103000 +0000" stop="20221229134500 +0000" catchup-id="1311779173"><title>Hablando Claro</title><date></date><icon src=""></icon><desc></desc><category></category></programme><programme channel="141431590" start="20221229134500 +0000" stop="20221229140000 +0000" catchup-id="1311779179"><title>El Tiempo</title><date></date><icon src=""></icon><desc></desc><category></category></programme><programme channel="141431590" start="20221229140000 +0000" stop="20221229144500 +0000" catchup-id="1311779185"><title>Telediario 1</title><date></date><icon src=""></icon><desc></desc><category></category></programme><programme channel="141431590" start="20221229144500 +0000" stop="20221229153000 +0000" catchup-id="1311779191"><title>Saber Y Ganar</title><date></date><icon src=""></icon><desc></desc><category></category></programme><programme channel="141431590" start="20221229153000 +0000" stop="20221229163500 +0000" catchup-id="1311779197"><title>Servir Y Proteger</title><date></date><icon src=""></icon><desc></desc><category></category></programme><programme channel="141431590" start="20221229163500 +0000" stop="20221229172500 +0000" catchup-id="1311779203"><title>Mercado Central</title><date></date><icon src=""></icon><desc></desc><category></category></programme><programme channel="141431590" start="20221229172500 +0000" stop="20221229182000 +0000" catchup-id="1311779209"><title>El Comodin De La 1</title><date></date><icon src=""></icon><desc></desc><category></category></programme><programme channel="141431590" start="20221229182000 +0000" stop="20221229193000 +0000" catchup-id="1311779215"><title>El Cazador</title><date></date><icon src=""></icon><desc></desc><category></category></programme><programme channel="141431590" start="20221229193000 +0000" stop="20221229200000 +0000" catchup-id="1311779221"><title>Aqui La Tierra</title><date></date><icon src=""></icon><desc></desc><category></category></programme><programme channel="141431590" start="20221229200000 +0000" stop="20221229210500 +0000" catchup-id="1311779227"><title>Telediario 2</title><date></date><icon src=""></icon><desc></desc><category></category></programme><programme channel="141431590" start="20221229210500 +0000" stop="20221229214000 +0000" catchup-id="1311779233"><title>Mapi</title><date></date><icon src=""></icon><desc></desc><category></category></programme><programme channel="141431590" start="20221229214000 +0000" stop="20221230012000 +0000" catchup-id="1312539778"><title>Version Española</title><date></date><icon src=""></icon><desc></desc><category></category></programme><programme channel="141431590" start="20221230012000 +0000" stop="20221230050000 +0000" catchup-id="1311779257"><title>Noticias 24 H</title><date></date><icon src=""></icon><desc></desc><category></category></programme><programme channel="141431590" start="20221230050000 +0000" stop="20221230075000 +0000" catchup-id="1312175892"><title>Noticias 24 H</title><date></date><icon src=""></icon><desc></desc><category></category></programme><programme channel="141431590" start="20221230075000 +0000" stop="20221230103000 +0000" catchup-id="1312175904"><title>La Hora De La 1</title><date></date><icon src=""></icon><desc></desc><category></category></programme><programme channel="141431590" start="20221230103000 +0000" stop="20221230134500 +0000" catchup-id="1312175910"><title>Hablando Claro</title><date></date><icon src=""></icon><desc></desc><category></category></programme><programme channel="141431590" start="20221230134500 +0000" stop="20221230140000 +0000" catchup-id="1312176044"><title>El Tiempo</title><date></date><icon src=""></icon><desc></desc><category></category></programme><programme channel="141431590" start="20221230140000 +0000" stop="20221230144500 +0000" catchup-id="1312176050"><title>Telediario 1</title><date></date><icon src=""></icon><desc></desc><category></category></programme><programme channel="141431590" start="20221230144500 +0000" stop="20221230153000 +0000" catchup-id="1312176056"><title>Saber Y Ganar</title><date></date><icon src=""></icon><desc></desc><category></category></programme><programme channel="141431590" start="20221230153000 +0000" stop="20221230163500 +0000" catchup-id="1312539784"><title>Servir Y Proteger</title><date></date><icon src=""></icon><desc></desc><category></category></programme><programme channel="141431590" start="20221230163500 +0000" stop="20221230172500 +0000" catchup-id="1312176062"><title>Mercado Central</title><date></date><icon src=""></icon><desc></desc><category></category></programme><programme channel="141431590" start="20221230172500 +0000" stop="20221230182000 +0000" catchup-id="1312176068"><title>El Comodin De La 1</title><date></date><icon src=""></icon><desc></desc><category></category></programme><programme channel="141431590" start="20221230182000 +0000" stop="20221230193000 +0000" catchup-id="1312176074"><title>El Cazador</title><date></date><icon src=""></icon><desc></desc><category></category></programme><programme channel="141431590" start="20221230193000 +0000" stop="20221230200000 +0000" catchup-id="1312176080"><title>Aqui La Tierra</title><date></date><icon src=""></icon><desc></desc><category></category></programme><programme channel="141431590" start="20221230200000 +0000" stop="20221230205500 +0000" catchup-id="1312176086"><title>Telediario 2</title><date></date><icon src=""></icon><desc></desc><category></category></programme><programme channel="141431590" start="20221230205500 +0000" stop="20221230211500 +0000" catchup-id="1312176092"><title>La Suerte En Tus Manos</title><date></date><icon src=""></icon><desc></desc><category></category></programme><programme channel="141431590" start="20221230211500 +0000" stop="20221231003500 +0000" catchup-id="1312176098"><title>Historia De Nuestro Cine</title><date></date><icon src=""></icon><desc></desc><category></category></programme><programme channel="141431590" start="20221231003500 +0000" stop="20221231050000 +0000" catchup-id="1312176104"><title>Noticias 24 H</title><date></date><icon src=""></icon><desc></desc><category></category></programme><programme channel="141431590" start="20221231050000 +0000" stop="20221231073000 +0000" catchup-id="1312570177"><title>Noticias 24 H</title><date></date><icon src=""></icon><desc></desc><category></category></programme><programme channel="141431590" start="20221231073000 +0000" stop="20221231074500 +0000" catchup-id="1312570183"><title>Emprende</title><date></date><icon src=""></icon><desc></desc><category></category></programme><programme channel="141431590" start="20221231074500 +0000" stop="20221231090000 +0000" catchup-id="1312570189"><title>Cine Infantil</title><date></date><icon src=""></icon><desc></desc><category></category></programme><programme channel="141431590" start="20221231090000 +0000" stop="20221231110000 +0000" catchup-id="1312570195"><title>Españoles En El Mundo</title><date></date><icon src=""></icon><desc></desc><category></category></programme><programme channel="141431590" start="20221231110000 +0000" stop="20221231125500 +0000" catchup-id="1312570201"><title>Comando Actualidad</title><date></date><icon src=""></icon><desc></desc><category></category></programme><programme channel="141431590" start="20221231125500 +0000" stop="20221231133000 +0000" catchup-id="1312570207"><title>Viaje Al Centro De La Tele (expres)</title><date></date><icon src=""></icon><desc></desc><category></category></programme><programme channel="141431590" start="20221231133000 +0000" stop="20221231140000 +0000" catchup-id="1312570213"><title>Corazon</title><date></date><icon src=""></icon><desc></desc><category></category></programme><programme channel="141431590" start="20221231140000 +0000" stop="20221231150000 +0000" catchup-id="1312570667"><title>Telediario 1</title><date></date><icon src=""></icon><desc></desc><category></category></programme><programme channel="141431590" start="20221231150000 +0000" stop="20221231154500 +0000" catchup-id="1312570673"><title>Saber Y Ganar Fin De Semana</title><date></date><icon src=""></icon><desc></desc><category></category></programme><programme channel="141431590" start="20221231154500 +0000" stop="20221231180000 +0000" catchup-id="1312570679"><title>Masterchef Navidad 2022</title><date></date><icon src=""></icon><desc></desc><category></category></programme><programme channel="141431590" start="20221231180000 +0000" stop="20221231190000 +0000" catchup-id="1312570685"><title>Comerse El Mundo</title><date></date><icon src=""></icon><desc></desc><category></category></programme><programme channel="141431590" start="20221231190000 +0000" stop="20221231200000 +0000" catchup-id="1312570691"><title>Dias De Cine</title><date></date><icon src=""></icon><desc></desc><category></category></programme><programme channel="141431590" start="20221231200000 +0000" stop="20221231210000 +0000" catchup-id="1312570697"><title>Telediario 2</title><date></date><icon src=""></icon><desc></desc><category></category></programme><programme channel="141431590" start="20221231210000 +0000" stop="20221231221000 +0000" catchup-id="1312570703"><title>¡sálvese Quien Putin!</title><date></date><icon src=""></icon><desc></desc><category></category></programme><programme channel="141431590" start="20221231221000 +0000" stop="20221231224000 +0000" catchup-id="1312570709"><title>¡feliz 2023 !</title><date></date><icon src=""></icon><desc></desc><category></category></programme><programme channel="141431590" start="20221231224000 +0000" stop="20221231230500 +0000" catchup-id="1312570715"><title>Campanadas 2022</title><date></date><icon src=""></icon><desc></desc><category></category></programme><programme channel="141431590" start="20221231230500 +0000" stop="20230101050500 +0000" catchup-id="1312570721"><title>¡feliz 2023 !</title><date></date><icon src=""></icon><desc></desc><category></category></programme><programme channel="141431590" start="20230101050500 +0000" stop="20230101080500 +0000" catchup-id="1312930527"><title>Nochevieja A Cachitos</title><date></date><icon src=""></icon><desc></desc><category></category></programme><programme channel="141431590" start="20230101080500 +0000" stop="20230101101500 +0000" catchup-id="1312930533"><title>¡feliz 2023 !</title><date></date><icon src=""></icon><desc></desc><category></category></programme><programme channel="141431590" start="20230101101500 +0000" stop="20230101124500 +0000" catchup-id="1312932267"><title>Conciertos De La Orquesta Filarmonica De Viena</title><date></date><icon src=""></icon><desc></desc><category></category></programme><programme channel="141431590" start="20230101124500 +0000" stop="20230101140000 +0000" catchup-id="1312932273"><title>Increible 2022</title><date></date><icon src=""></icon><desc></desc><category></category></programme><programme channel="141431590" start="20230101140000 +0000" stop="20230101150000 +0000" catchup-id="1312932279"><title>Telediario 1</title><date></date><icon src=""></icon><desc></desc><category></category></programme><programme channel="141431590" start="20230101150000 +0000" stop="20230101154500 +0000" catchup-id="1312932285"><title>Saber Y Ganar Fin De Semana</title><date></date><icon src=""></icon><desc></desc><category></category></programme><programme channel="141431590" start="20230101154500 +0000" stop="20230101174500 +0000" catchup-id="1312932291"><title>Cine De Barrio</title><date></date><icon src=""></icon><desc></desc><category></category></programme><programme channel="141431590" start="20230101174500 +0000" stop="20230101181500 +0000" catchup-id="1312932297"><title>Viaje Al Centro De La Tele (expres)</title><date></date><icon src=""></icon><desc></desc><category></category></programme><programme channel="141431590" start="20230101181500 +0000" stop="20230101200000 +0000" catchup-id="1312932303"><title>Vuela Conmigo</title><date></date><icon src=""></icon><desc></desc><category></category></programme><programme channel="141431590" start="20230101200000 +0000" stop="20230101210000 +0000" catchup-id="1312932309"><title>Telediario 2</title><date></date><icon src=""></icon><desc></desc><category></category></programme><programme channel="141431590" start="20230101210000 +0000" stop="20230101222000 +0000" catchup-id="1312932315"><title>Cine</title><date></date><icon src=""></icon><desc></desc><category></category></programme><programme channel="141431590" start="20230101222000 +0000" stop="20230101234000 +0000" catchup-id="1312932321"><title>Cine</title><date></date><icon src=""></icon><desc></desc><category></category></programme><programme channel="141431590" start="20230101234000 +0000" stop="20230102004500 +0000" catchup-id="1312932327"><title>Dias De Cine</title><date></date><icon src=""></icon><desc></desc><category></category></programme><programme channel="141431590" start="20230102004500 +0000" stop="20230102050000 +0000" catchup-id="1312932333"><title>Noticias 24 H</title><date></date><icon src=""></icon><desc></desc><category></category></programme><programme channel="141431590" start="20230102050000 +0000" stop="20230102060000 +0000" catchup-id="1313230798"><title>Noticias 24 H</title><date></date><icon src=""></icon><desc></desc><category></category></programme><programme channel="141431590" start="20230102060000 +0000" stop="20230102075000 +0000" catchup-id="1313230810"><title>Telediario Matinal</title><date></date><icon src=""></icon><desc></desc><category></category></programme><programme channel="141431590" start="20230102075000 +0000" stop="20230102103000 +0000" catchup-id="1313230816"><title>La Hora De La 1</title><date></date><icon src=""></icon><desc></desc><category></category></programme><programme channel="141431590" start="20230102103000 +0000" stop="20230102134500 +0000" catchup-id="1313230822"><title>Hablando Claro</title><date></date><icon src=""></icon><desc></desc><category></category></programme><programme channel="141431590" start="20230102134500 +0000" stop="20230102140000 +0000" catchup-id="1313231020"><title>El Tiempo</title><date></date><icon src=""></icon><desc></desc><category></category></programme><programme channel="141431590" start="20230102140000 +0000" stop="20230102144500 +0000" catchup-id="1313231026"><title>Telediario 1</title><date></date><icon src=""></icon><desc></desc><category></category></programme><programme channel="141431590" start="20230102144500 +0000" stop="20230102153000 +0000" catchup-id="1313231032"><title>Saber Y Ganar</title><date></date><icon src=""></icon><desc></desc><category></category></programme><programme channel="141431590" start="20230102153000 +0000" stop="20230102163500 +0000" catchup-id="1315212923"><title>Servir Y Proteger</title><date></date><icon src=""></icon><desc></desc><category></category></programme><programme channel="141431590" start="20230102163500 +0000" stop="20230102172500 +0000" catchup-id="1313231038"><title>Mercado Central</title><date></date><icon src=""></icon><desc></desc><category></category></programme><programme channel="141431590" start="20230102172500 +0000" stop="20230102182500 +0000" catchup-id="1313231044"><title>El Comodin De La 1</title><date></date><icon src=""></icon><desc></desc><category></category></programme><programme channel="141431590" start="20230102182500 +0000" stop="20230102193000 +0000" catchup-id="1313231050"><title>El Cazador</title><date></date><icon src=""></icon><desc></desc><category></category></programme><programme channel="141431590" start="20230102193000 +0000" stop="20230102200000 +0000" catchup-id="1313231056"><title>Aqui La Tierra</title><date></date><icon src=""></icon><desc></desc><category></category></programme><programme channel="141431590" start="20230102200000 +0000" stop="20230102211000 +0000" catchup-id="1313231062"><title>Telediario 2</title><date></date><icon src=""></icon><desc></desc><category></category></programme><programme channel="141431590" start="20230102211000 +0000" stop="20230102234500 +0000" catchup-id="1315212929"><title>Masterchef Navidad 2022</title><date></date><icon src=""></icon><desc></desc><category></category></programme><programme channel="141431590" start="20230102234500 +0000" stop="20230103013000 +0000" catchup-id="1313231068"><title>Comerse El Mundo</title><date></date><icon src=""></icon><desc></desc><category></category></programme><programme channel="141431590" start="20230103013000 +0000" stop="20230103050000 +0000" catchup-id="1313231080"><title>Noticias 24 H</title><date></date><icon src=""></icon><desc></desc><category></category></programme><programme channel="141431590" start="20230103050000 +0000" stop="20230103060000 +0000" catchup-id="1313581529"><title>Noticias 24 H</title><date></date><icon src=""></icon><desc></desc><category></category></programme><programme channel="141431590" start="20230103060000 +0000" stop="20230103075000 +0000" catchup-id="1313581541"><title>Telediario Matinal</title><date></date><icon src=""></icon><desc></desc><category></category></programme><programme channel="141431590" start="20230103075000 +0000" stop="20230103103000 +0000" catchup-id="1313581995"><title>La Hora De La 1</title><date></date><icon src=""></icon><desc></desc><category></category></programme><programme channel="141431590" start="20230103103000 +0000" stop="20230103134500 +0000" catchup-id="1313582001"><title>Hablando Claro</title><date></date><icon src=""></icon><desc></desc><category></category></programme><programme channel="141431590" start="20230103134500 +0000" stop="20230103140000 +0000" catchup-id="1313582007"><title>El Tiempo</title><date></date><icon src=""></icon><desc></desc><category></category></programme><programme channel="141431590" start="20230103140000 +0000" stop="20230103144500 +0000" catchup-id="1313582013"><title>Telediario 1</title><date></date><icon src=""></icon><desc></desc><category></category></programme><programme channel="141431590" start="20230103144500 +0000" stop="20230103153000 +0000" catchup-id="1313582019"><title>Saber Y Ganar</title><date></date><icon src=""></icon><desc></desc><category></category></programme><programme channel="141431590" start="20230103153000 +0000" stop="20230103163500 +0000" catchup-id="1315212935"><title>Servir Y Proteger</title><date></date><icon src=""></icon><desc></desc><category></category></programme><programme channel="141431590" start="20230103163500 +0000" stop="20230103173000 +0000" catchup-id="1313582025"><title>Mercado Central</title><date></date><icon src=""></icon><desc></desc><category></category></programme><programme channel="141431590" start="20230103173000 +0000" stop="20230103183000 +0000" catchup-id="1313582031"><title>El Comodin De La 1</title><date></date><icon src=""></icon><desc></desc><category></category></programme><programme channel="141431590" start="20230103183000 +0000" stop="20230103193000 +0000" catchup-id="1313582037"><title>El Cazador</title><date></date><icon src=""></icon><desc></desc><category></category></programme><programme channel="141431590" start="20230103193000 +0000" stop="20230103200000 +0000" catchup-id="1313582043"><title>Aqui La Tierra</title><date></date><icon src=""></icon><desc></desc><category></category></programme><programme channel="141431590" start="20230103200000 +0000" stop="20230103203000 +0000" catchup-id="1313582049"><title>Noticias 24 H</title><date></date><icon src=""></icon><desc></desc><category></category></programme><programme channel="141431590" start="20230103203000 +0000" stop="20230103210500 +0000" catchup-id="1313582055"><title>Mapi</title><date></date><icon src=""></icon><desc></desc><category></category></programme><programme channel="141431590" start="20230103210500 +0000" stop="20230103220000 +0000" catchup-id="1315212941"><title>Ingenieria Romana. (estreno)</title><date></date><icon src=""></icon><desc></desc><category></category></programme><programme channel="141431590" start="20230103220000 +0000" stop="20230103234500 +0000" catchup-id="1315212947"><title>Ingenieria Romana.</title><date></date><icon src=""></icon><desc></desc><category></category></programme><programme channel="141431590" start="20230103234500 +0000" stop="20230104004500 +0000" catchup-id="1313582067"><title>Encuentros En Rtve</title><date></date><icon src=""></icon><desc></desc><category></category></programme><programme channel="141431590" start="20230104004500 +0000" stop="20230104010000 +0000" catchup-id="1315212953"><title>Zoom Net</title><date></date><icon src=""></icon><desc></desc><category></category></programme><programme channel="141431590" start="20230104010000 +0000" stop="20230104050000 +0000" catchup-id="1313582085"><title>Noticias 24 H</title><date></date><icon src=""></icon><desc></desc><category></category></programme><programme channel="141431590" start="20230104050000 +0000" stop="20230104060000 +0000" catchup-id="1313954451"><title>Noticias 24 H</title><date></date><icon src=""></icon><desc></desc><category></category></programme><programme channel="141431590" start="20230104060000 +0000" stop="20230104075000 +0000" catchup-id="1313954463"><title>Telediario Matinal</title><date></date><icon src=""></icon><desc></desc><category></category></programme><programme channel="141431590" start="20230104075000 +0000" stop="20230104103000 +0000" catchup-id="1313954469"><title>La Hora De La 1</title><date></date><icon src=""></icon><desc></desc><category></category></programme><programme channel="141431590" start="20230104103000 +0000" stop="20230104134500 +0000" catchup-id="1313959211"><title>Hablando Claro</title><date></date><icon src=""></icon><desc></desc><category></category></programme><programme channel="141431590" start="20230104134500 +0000" stop="20230104140000 +0000" catchup-id="1313959217"><title>El Tiempo</title><date></date><icon src=""></icon><desc></desc><category></category></programme><programme channel="141431590" start="20230104140000 +0000" stop="20230104144500 +0000" catchup-id="1313959223"><title>Telediario 1</title><date></date><icon src=""></icon><desc></desc><category></category></programme><programme channel="141431590" start="20230104144500 +0000" stop="20230104153000 +0000" catchup-id="1313959229"><title>Saber Y Ganar</title><date></date><icon src=""></icon><desc></desc><category></category></programme><programme channel="141431590" start="20230104153000 +0000" stop="20230104163500 +0000" catchup-id="1315212959"><title>Servir Y Proteger</title><date></date><icon src=""></icon><desc></desc><category></category></programme><programme channel="141431590" start="20230104163500 +0000" stop="20230104172500 +0000" catchup-id="1313959235"><title>Mercado Central</title><date></date><icon src=""></icon><desc></desc><category></category></programme><programme channel="141431590" start="20230104172500 +0000" stop="20230104182500 +0000" catchup-id="1313959241"><title>El Comodin De La 1</title><date></date><icon src=""></icon><desc></desc><category></category></programme><programme channel="141431590" start="20230104182500 +0000" stop="20230104193000 +0000" catchup-id="1313959247"><title>El Cazador</title><date></date><icon src=""></icon><desc></desc><category></category></programme><programme channel="141431590" start="20230104193000 +0000" stop="20230104200000 +0000" catchup-id="1313959253"><title>Aqui La Tierra</title><date></date><icon src=""></icon><desc></desc><category></category></programme><programme channel="141431590" start="20230104200000 +0000" stop="20230104211000 +0000" catchup-id="1315212965"><title>Telediario 2</title><date></date><icon src=""></icon><desc></desc><category></category></programme><programme channel="141431590" start="20230104211000 +0000" stop="20230104224000 +0000" catchup-id="1315212971"><title>Especial Joan Manuel Serrat (estreno)</title><date></date><icon src=""></icon><desc></desc><category></category></programme><programme channel="141431590" start="20230104224000 +0000" stop="20230105000000 +0000" catchup-id="1315212977"><title>Serrat Y Sabina, El Símbolo Y El Cuate (estreno)</title><date></date><icon src=""></icon><desc></desc><category></category></programme><programme channel="141431590" start="20230105000000 +0000" stop="20230105050000 +0000" catchup-id="1313959289"><title>Noticias 24 H</title><date></date><icon src=""></icon><desc></desc><category></category></programme><programme channel="141431590" start="20230105050000 +0000" stop="20230105060000 +0000" catchup-id="1314398270"><title>Noticias 24 H</title><date></date><icon src=""></icon><desc></desc><category></category></programme><programme channel="141431590" start="20230105060000 +0000" stop="20230105075000 +0000" catchup-id="1314398282"><title>Telediario Matinal</title><date></date><icon src=""></icon><desc></desc><category></category></programme><programme channel="141431590" start="20230105075000 +0000" stop="20230105103000 +0000" catchup-id="1314398288"><title>La Hora De La 1</title><date></date><icon src=""></icon><desc></desc><category></category></programme><programme channel="141431590" start="20230105103000 +0000" stop="20230105134500 +0000" catchup-id="1314398294"><title>Hablando Claro</title><date></date><icon src=""></icon><desc></desc><category></category></programme><programme channel="141431590" start="20230105134500 +0000" stop="20230105140000 +0000" catchup-id="1314398300"><title>El Tiempo</title><date></date><icon src=""></icon><desc></desc><category></category></programme><programme channel="141431590" start="20230105140000 +0000" stop="20230105144500 +0000" catchup-id="1314398306"><title>Telediario 1</title><date></date><icon src=""></icon><desc></desc><category></category></programme><programme channel="141431590" start="20230105144500 +0000" stop="20230105163500 +0000" catchup-id="1314398312"><title>Saber Y Ganar</title><date></date><icon src=""></icon><desc></desc><category></category></programme><programme channel="141431590" start="20230105163500 +0000" stop="20230105173000 +0000" catchup-id="1314398318"><title>Mercado Central</title><date></date><icon src=""></icon><desc></desc><category></category></programme><programme channel="141431590" start="20230105173000 +0000" stop="20230105200000 +0000" catchup-id="1315212983"><title>Cabalgata De Reyes 2023</title><date></date><icon src=""></icon><desc></desc><category></category></programme><programme channel="141431590" start="20230105200000 +0000" stop="20230105211000 +0000" catchup-id="1314398330"><title>Telediario 2</title><date></date><icon src=""></icon><desc></desc><category></category></programme><programme channel="141431590" start="20230105211000 +0000" stop="20230105235500 +0000" catchup-id="1315212989"><title>Masterchef Navidad 2022</title><date></date><icon src=""></icon><desc></desc><category></category></programme><programme channel="141431590" start="20230105235500 +0000" stop="20230106004500 +0000" catchup-id="1315212995"><title>Comerse El Mundo</title><date></date><icon src=""></icon><desc></desc><category></category></programme><programme channel="141431590" start="20230106004500 +0000" stop="20230106050000 +0000" catchup-id="1314398360"><title>Noticias 24 H</title><date></date><icon src=""></icon><desc></desc><category></category></programme><programme channel="141431590" start="20230106050000 +0000" stop="20230106060000 +0000" catchup-id="1314822727"><title>Noticias 24 H</title><date></date><icon src=""></icon><desc></desc><category></category></programme><programme channel="141431590" start="20230106060000 +0000" stop="20230106090000 +0000" catchup-id="1314822733"><title>Noticias 24 H</title><date></date><icon src=""></icon><desc></desc><category></category></programme><programme channel="141431590" start="20230106090000 +0000" stop="20230106105500 +0000" catchup-id="1315213001"><title>Un Pais Magico</title><date></date><icon src=""></icon><desc></desc><category></category></programme><programme channel="141431590" start="20230106105500 +0000" stop="20230106112500 +0000" catchup-id="1314822745"><title>Sorteo De Loteria Del Niño</title><date></date><icon src=""></icon><desc></desc><category></category></programme><programme channel="141431590" start="20230106112500 +0000" stop="20230106125500 +0000" catchup-id="1315213007"><title>Concierto De Reyes</title><date></date><icon src=""></icon><desc></desc><category></category></programme><programme channel="141431590" start="20230106125500 +0000" stop="20230106140000 +0000" catchup-id="1315213013"><title>Viaje Al Centro De La Tele</title><date></date><icon src=""></icon><desc></desc><category></category></programme><programme channel="141431590" start="20230106140000 +0000" stop="20230106150000 +0000" catchup-id="1314823147"><title>Telediario 1</title><date></date><icon src=""></icon><desc></desc><category></category></programme><programme channel="141431590" start="20230106150000 +0000" stop="20230106174500 +0000" catchup-id="1315213019"><title>Masterchef Navidad 2022</title><date></date><icon src=""></icon><desc></desc><category></category></programme><programme channel="141431590" start="20230106174500 +0000" stop="20230106190000 +0000" catchup-id="1315213025"><title>Comerse El Mundo</title><date></date><icon src=""></icon><desc></desc><category></category></programme><programme channel="141431590" start="20230106190000 +0000" stop="20230106200000 +0000" catchup-id="1315213031"><title>El Cazador</title><date></date><icon src=""></icon><desc></desc><category></category></programme><programme channel="141431590" start="20230106200000 +0000" stop="20230106205500 +0000" catchup-id="1314823171"><title>Telediario 2</title><date></date><icon src=""></icon><desc></desc><category></category></programme><programme channel="141431590" start="20230106205500 +0000" stop="20230106211000 +0000" catchup-id="1314823177"><title>La Suerte En Tus Manos</title><date></date><icon src=""></icon><desc></desc><category></category></programme><programme channel="141431590" start="20230106211000 +0000" stop="20230107002000 +0000" catchup-id="1314823183"><title>Historia De Nuestro Cine</title><date></date><icon src=""></icon><desc></desc><category></category></programme><programme channel="141431590" start="20230107002000 +0000" stop="20230107050000 +0000" catchup-id="1314823195"><title>Noticias 24 H</title><date></date><icon src=""></icon><desc></desc><category></category></programme><programme channel="141431590" start="20230107050000 +0000" stop="20230107070000 +0000" catchup-id="1315239972"><title>Noticias 24 H</title><date></date><icon src=""></icon><desc></desc><category></category></programme><programme channel="141431590" start="20230107070000 +0000" stop="20230107073000 +0000" catchup-id="1315239978"><title>Para Todos La 2</title><date></date><icon src=""></icon><desc></desc><category></category></programme><programme channel="141431590" start="20230107073000 +0000" stop="20230107074500 +0000" catchup-id="1315239984"><title>Emprende</title><date></date><icon src=""></icon><desc></desc><category></category></programme><programme channel="141431590" start="20230107074500 +0000" stop="20230107082500 +0000" catchup-id="1315239990"><title>Infantil</title><date></date><icon src=""></icon><desc></desc><category></category></programme><programme channel="141431590" start="20230107082500 +0000" stop="20230107090000 +0000" catchup-id="1315239996"><title>¡qué Animal!</title><date></date><icon src=""></icon><desc></desc><category></category></programme><programme channel="141431590" start="20230107090000 +0000" stop="20230107093000 +0000" catchup-id="1315240002"><title>Pagina Dos</title><date></date><icon src=""></icon><desc></desc><category></category></programme><programme channel="141431590" start="20230107093000 +0000" stop="20230107102000 +0000" catchup-id="1315240008"><title>Caminos De Santiago Entre El Cielo Y La Tierra</title><date></date><icon src=""></icon><desc></desc><category></category></programme><programme channel="141431590" start="20230107102000 +0000" stop="20230107123000 +0000" catchup-id="1315240014"><title>Comando Actualidad</title><date></date><icon src=""></icon><desc></desc><category></category></programme><programme channel="141431590" start="20230107123000 +0000" stop="20230107130000 +0000" catchup-id="1315240020"><title>Audiencia Abierta</title><date></date><icon src=""></icon><desc></desc><category></category></programme><programme channel="141431590" start="20230107130000 +0000" stop="20230107133000 +0000" catchup-id="1315240026"><title>Viaje Al Centro De La Tele</title><date></date><icon src=""></icon><desc></desc><category></category></programme><programme channel="141431590" start="20230107133000 +0000" stop="20230107140000 +0000" catchup-id="1315240032"><title>Corazon</title><date></date><icon src=""></icon><desc></desc><category></category></programme><programme channel="141431590" start="20230107140000 +0000" stop="20230107150000 +0000" catchup-id="1315240038"><title>Telediario 1</title><date></date><icon src=""></icon><desc></desc><category></category></programme><programme channel="141431590" start="20230107150000 +0000" stop="20230107154500 +0000" catchup-id="1315240044"><title>Saber Y Ganar Fin De Semana</title><date></date><icon src=""></icon><desc></desc><category></category></programme><programme channel="141431590" start="20230107154500 +0000" stop="20230107170500 +0000" catchup-id="1315240050"><title>Cine</title><date></date><icon src=""></icon><desc></desc><category></category></programme><programme channel="141431590" start="20230107170500 +0000" stop="20230107182000 +0000" catchup-id="1315240056"><title>Cine</title><date></date><icon src=""></icon><desc></desc><category></category></programme><programme channel="141431590" start="20230107182000 +0000" stop="20230107200000 +0000" catchup-id="1315240062"><title>Cine De Barrio</title><date></date><icon src=""></icon><desc></desc><category></category></programme><programme channel="141431590" start="20230107200000 +0000" stop="20230107203000 +0000" catchup-id="1315240068"><title>Telediario 2</title><date></date><icon src=""></icon><desc></desc><category></category></programme><programme channel="141431590" start="20230107203000 +0000" stop="20230107210000 +0000" catchup-id="1315240074"><title>Informe Semanal</title><date></date><icon src=""></icon><desc></desc><category></category></programme><programme channel="141431590" start="20230107210000 +0000" stop="20230107234500 +0000" catchup-id="1315240080"><title>Comando Actualidad</title><date></date><icon src=""></icon><desc></desc><category></category></programme><programme channel="141431590" start="20230107234500 +0000" stop="20230108001500 +0000" catchup-id="1315240086"><title>Plano General</title><date></date><icon src=""></icon><desc></desc><category></category></programme><programme channel="141431590" start="20230108001500 +0000" stop="20230108004500 +0000" catchup-id="1315240092"><title>Programa A Determinar</title><date></date><icon src=""></icon><desc></desc><category></category></programme><programme channel="141431590" start="20230108004500 +0000" stop="20230108011000 +0000" catchup-id="1315240098"><title>Repor</title><date></date><icon src=""></icon><desc></desc><category></category></programme><programme channel="141431590" start="20230108011000 +0000" stop="20230108020000 +0000" catchup-id="1315240104"><title>Tendido Cero</title><date></date><icon src=""></icon><desc></desc><category></category></programme><programme channel="141431590" start="20230108020000 +0000" stop="20230108023000 +0000" catchup-id="1315240110"><title>Informe Semanal</title><date></date><icon src=""></icon><desc></desc><category></category></programme><programme channel="141431590" start="20230108023000 +0000" stop="20230108050000 +0000" catchup-id="1315240116"><title>Noticias 24 H</title><date></date><icon src=""></icon><desc></desc><category></category></programme><programme channel="141431590" start="20230108050000 +0000" stop="20230108060000 +0000" catchup-id="1315615531"><title>Noticias 24 H</title><date></date><icon src=""></icon><desc></desc><category></category></programme><programme channel="141431590" start="20230108060000 +0000" stop="20230108061500 +0000" catchup-id="1315615537"><title>Medina En Tve</title><date></date><icon src=""></icon><desc></desc><category></category></programme><programme channel="141431590" start="20230108061500 +0000" stop="20230108063000 +0000" catchup-id="1315615543"><title>Buenas Noticias Tv</title><date></date><icon src=""></icon><desc></desc><category></category></programme><programme channel="141431590" start="20230108063000 +0000" stop="20230108064500 +0000" catchup-id="1315615549"><title>Shalom</title><date></date><icon src=""></icon><desc></desc><category></category></programme><programme channel="141431590" start="20230108064500 +0000" stop="20230108071000 +0000" catchup-id="1315615555"><title>Últimas Preguntas</title><date></date><icon src=""></icon><desc></desc><category></category></programme><programme channel="141431590" start="20230108071000 +0000" stop="20230108071500 +0000" catchup-id="1315615561"><title>Testimonio</title><date></date><icon src=""></icon><desc></desc><category></category></programme><programme channel="141431590" start="20230108071500 +0000" stop="20230108074000 +0000" catchup-id="1315615567"><title>Pueblo De Dios</title><date></date><icon src=""></icon><desc></desc><category></category></programme><programme channel="141431590" start="20230108074000 +0000" stop="20230108074500 +0000" catchup-id="1315615573"><title>Mironins</title><date></date><icon src=""></icon><desc></desc><category></category></programme><programme channel="141431590" start="20230108074500 +0000" stop="20230108083000 +0000" catchup-id="1315615579"><title>Infantil</title><date></date><icon src=""></icon><desc></desc><category></category></programme><programme channel="141431590" start="20230108083000 +0000" stop="20230108090500 +0000" catchup-id="1315615585"><title>Programa A Determinar</title><date></date><icon src=""></icon><desc></desc><category></category></programme><programme channel="141431590" start="20230108090500 +0000" stop="20230108093500 +0000" catchup-id="1315615591"><title>El Escarabajo Verde</title><date></date><icon src=""></icon><desc></desc><category></category></programme><programme channel="141431590" start="20230108093500 +0000" stop="20230108100500 +0000" catchup-id="1315616237"><title>Cuaderno De Campo</title><date></date><icon src=""></icon><desc></desc><category></category></programme><programme channel="141431590" start="20230108100500 +0000" stop="20230108103500 +0000" catchup-id="1315616243"><title>Un Pais Para Leerlo</title><date></date><icon src=""></icon><desc></desc><category></category></programme><programme channel="141431590" start="20230108103500 +0000" stop="20230108114000 +0000" catchup-id="1315616249"><title>Saber Vivir</title><date></date><icon src=""></icon><desc></desc><category></category></programme><programme channel="141431590" start="20230108114000 +0000" stop="20230108120500 +0000" catchup-id="1315616255"><title>De Seda Y Hierro</title><date></date><icon src=""></icon><desc></desc><category></category></programme><programme channel="141431590" start="20230108120500 +0000" stop="20230108130000 +0000" catchup-id="1315616261"><title>Reduce Tu Huella</title><date></date><icon src=""></icon><desc></desc><category></category></programme><programme channel="141431590" start="20230108130000 +0000" stop="20230108133000 +0000" catchup-id="1315616267"><title>Flash Moda</title><date></date><icon src=""></icon><desc></desc><category></category></programme><programme channel="141431590" start="20230108133000 +0000" stop="20230108140000 +0000" catchup-id="1315616273"><title>Corazon</title><date></date><icon src=""></icon><desc></desc><category></category></programme><programme channel="141431590" start="20230108140000 +0000" stop="20230108150000 +0000" catchup-id="1315616279"><title>Telediario 1</title><date></date><icon src=""></icon><desc></desc><category></category></programme><programme channel="141431590" start="20230108150000 +0000" stop="20230108154500 +0000" catchup-id="1315616285"><title>Saber Y Ganar Fin De Semana</title><date></date><icon src=""></icon><desc></desc><category></category></programme><programme channel="141431590" start="20230108154500 +0000" stop="20230108174000 +0000" catchup-id="1315616291"><title>Cine De Barrio</title><date></date><icon src=""></icon><desc></desc><category></category></programme><programme channel="141431590" start="20230108174000 +0000" stop="20230108193000 +0000" catchup-id="1315616297"><title>Españoles En El Mundo</title><date></date><icon src=""></icon><desc></desc><category></category></programme><programme channel="141431590" start="20230108193000 +0000" stop="20230108200000 +0000" catchup-id="1315616303"><title>Aqui La Tierra</title><date></date><icon src=""></icon><desc></desc><category></category></programme><programme channel="141431590" start="20230108200000 +0000" stop="20230108210000 +0000" catchup-id="1315616309"><title>Telediario 2</title><date></date><icon src=""></icon><desc></desc><category></category></programme><programme channel="141431590" start="20230108210000 +0000" stop="20230109004000 +0000" catchup-id="1315616315"><title>Viaje Al Centro De La Tele: La Noche Temática</title><date></date><icon src=""></icon><desc></desc><category></category></programme><programme channel="141431590" start="20230109004000 +0000" stop="20230109013000 +0000" catchup-id="1315616321"><title>Metropolis</title><date></date><icon src=""></icon><desc></desc><category></category></programme><programme channel="141431590" start="20230109013000 +0000" stop="20230109043000 +0000" catchup-id="1315616327"><title>Noticias 24 H</title><date></date><icon src=""></icon><desc></desc><category></category></programme><programme channel="141431590" start="20230109043000 +0000" stop="20230109050000 +0000" catchup-id="1315616333"><title>La Aventura Del Saber</title><date></date><icon src=""></icon><desc></desc><category></category></programme><programme channel="141431590" start="20230109050000 +0000" stop="20230109053000 +0000" catchup-id="1316904223"><title>Geen programma-informatie beschikbaar</title><date></date><icon src=""></icon><desc></desc><category></category></programme><programme channel="141431590" start="20230109053000 +0000" stop="20230109070000 +0000" catchup-id="1315915101"><title>Telediario Matinal</title><date></date><icon src=""></icon><desc></desc><category></category></programme><programme channel="141431590" start="20230109070000 +0000" stop="20230109103000 +0000" catchup-id="1315915107"><title>La Hora De La 1</title><date></date><icon src=""></icon><desc></desc><category></category></programme><programme channel="141431590" start="20230109103000 +0000" stop="20230109134500 +0000" catchup-id="1315915113"><title>Hablando Claro</title><date></date><icon src=""></icon><desc></desc><category></category></programme><programme channel="141431590" start="20230109134500 +0000" stop="20230109140000 +0000" catchup-id="1315915119"><title>El Tiempo</title><date></date><icon src=""></icon><desc></desc><category></category></programme><programme channel="141431590" start="20230109140000 +0000" stop="20230109144500 +0000" catchup-id="1315915125"><title>Telediario 1</title><date></date><icon src=""></icon><desc></desc><category></category></programme><programme channel="141431590" start="20230109144500 +0000" stop="20230109163000 +0000" catchup-id="1315915131"><title>Saber Y Ganar</title><date></date><icon src=""></icon><desc></desc><category></category></programme><programme channel="141431590" start="20230109163000 +0000" stop="20230109173000 +0000" catchup-id="1315915137"><title>Mercado Central</title><date></date><icon src=""></icon><desc></desc><category></category></programme><programme channel="141431590" start="20230109173000 +0000" stop="20230109182500 +0000" catchup-id="1315915143"><title>El Comodin De La 1</title><date></date><icon src=""></icon><desc></desc><category></category></programme><programme channel="141431590" start="20230109182500 +0000" stop="20230109193000 +0000" catchup-id="1315915149"><title>El Cazador</title><date></date><icon src=""></icon><desc></desc><category></category></programme><programme channel="141431590" start="20230109193000 +0000" stop="20230109200000 +0000" catchup-id="1315915155"><title>Aqui La Tierra</title><date></date><icon src=""></icon><desc></desc><category></category></programme><programme channel="141431590" start="20230109200000 +0000" stop="20230109225500 +0000" catchup-id="1315915161"><title>Telediario 2</title><date></date><icon src=""></icon><desc></desc><category></category></programme><programme channel="141431590" start="20230109225500 +0000" stop="20230109235000 +0000" catchup-id="1315915167"><title>Programa A Determinar</title><date></date><icon src=""></icon><desc></desc><category></category></programme><programme channel="141431590" start="20230109235000 +0000" stop="20230110015000 +0000" catchup-id="1315915173"><title>La Noche En 24h</title><date></date><icon src=""></icon><desc></desc><category></category></programme><programme channel="141431590" start="20230110015000 +0000" stop="20230110040000 +0000" catchup-id="1315915179"><title>Noticias 24 H</title><date></date><icon src=""></icon><desc></desc><category></category></programme><programme channel="141431590" start="20230110040000 +0000" stop="20230110043000 +0000" catchup-id="1315915185"><title>Programa A Determinar</title><date></date><icon src=""></icon><desc></desc><category></category></programme><programme channel="141431590" start="20230110043000 +0000" stop="20230110053000 +0000" catchup-id="1315915191"><title>La Aventura Del Saber</title><date></date><icon src=""></icon><desc></desc><category></category></programme><programme channel="141431590" start="20230110053000 +0000" stop="20230110070000 +0000" catchup-id="1316304594"><title>Telediario Matinal</title><date></date><icon src=""></icon><desc></desc><category></category></programme><programme channel="141431590" start="20230110070000 +0000" stop="20230110103000 +0000" catchup-id="1316304600"><title>La Hora De La 1</title><date></date><icon src=""></icon><desc></desc><category></category></programme><programme channel="141431590" start="20230110103000 +0000" stop="20230110134500 +0000" catchup-id="1316304606"><title>Hablando Claro</title><date></date><icon src=""></icon><desc></desc><category></category></programme><programme channel="141431590" start="20230110134500 +0000" stop="20230110140000 +0000" catchup-id="1316304612"><title>El Tiempo</title><date></date><icon src=""></icon><desc></desc><category></category></programme><programme channel="141431590" start="20230110140000 +0000" stop="20230110144500 +0000" catchup-id="1316304618"><title>Telediario 1</title><date></date><icon src=""></icon><desc></desc><category></category></programme><programme channel="141431590" start="20230110144500 +0000" stop="20230110163000 +0000" catchup-id="1316304624"><title>Saber Y Ganar</title><date></date><icon src=""></icon><desc></desc><category></category></programme><programme channel="141431590" start="20230110163000 +0000" stop="20230110173000 +0000" catchup-id="1316304630"><title>Mercado Central</title><date></date><icon src=""></icon><desc></desc><category></category></programme><programme channel="141431590" start="20230110173000 +0000" stop="20230110182500 +0000" catchup-id="1316304636"><title>El Comodin De La 1</title><date></date><icon src=""></icon><desc></desc><category></category></programme><programme channel="141431590" start="20230110182500 +0000" stop="20230110193000 +0000" catchup-id="1316304642"><title>El Cazador</title><date></date><icon src=""></icon><desc></desc><category></category></programme><programme channel="141431590" start="20230110193000 +0000" stop="20230110200000 +0000" catchup-id="1316304648"><title>Aqui La Tierra</title><date></date><icon src=""></icon><desc></desc><category></category></programme><programme channel="141431590" start="20230110200000 +0000" stop="20230110211000 +0000" catchup-id="1316304654"><title>Telediario 2</title><date></date><icon src=""></icon><desc></desc><category></category></programme><programme channel="141431590" start="20230110211000 +0000" stop="20230110214500 +0000" catchup-id="1316304660"><title>Mapi</title><date></date><icon src=""></icon><desc></desc><category></category></programme><programme channel="141431590" start="20230110214500 +0000" stop="20230110230500 +0000" catchup-id="1316304666"><title>Programa A Determinar</title><date></date><icon src=""></icon><desc></desc><category></category></programme><programme channel="141431590" start="20230110230500 +0000" stop="20230111000500 +0000" catchup-id="1316304672"><title>Encuentros En Rtve</title><date></date><icon src=""></icon><desc></desc><category></category></programme><programme channel="141431590" start="20230111000500 +0000" stop="20230111021500 +0000" catchup-id="1316304678"><title>La Noche En 24h</title><date></date><icon src=""></icon><desc></desc><category></category></programme><programme channel="141431590" start="20230111021500 +0000" stop="20230111023000 +0000" catchup-id="1316304684"><title>Zoom Net</title><date></date><icon src=""></icon><desc></desc><category></category></programme><programme channel="141431590" start="20230111023000 +0000" stop="20230111040000 +0000" catchup-id="1316304690"><title>Noticias 24 H</title><date></date><icon src=""></icon><desc></desc><category></category></programme><programme channel="141431590" start="20230111040000 +0000" stop="20230111043000 +0000" catchup-id="1316304696"><title>Culturas 2</title><date></date><icon src=""></icon><desc></desc><category></category></programme><programme channel="141431590" start="20230111043000 +0000" stop="20230111053000 +0000" catchup-id="1316304702"><title>La Aventura Del Saber</title><date></date><icon src=""></icon><desc></desc><category></category></programme><programme channel="141431590" start="20230111053000 +0000" stop="20230111070000 +0000" catchup-id="1316656907"><title>Telediario Matinal</title><date></date><icon src=""></icon><desc></desc><category></category></programme><programme channel="141431590" start="20230111070000 +0000" stop="20230111103000 +0000" catchup-id="1316656913"><title>La Hora De La 1</title><date></date><icon src=""></icon><desc></desc><category></category></programme><programme channel="141431590" start="20230111103000 +0000" stop="20230111134500 +0000" catchup-id="1316656919"><title>Hablando Claro</title><date></date><icon src=""></icon><desc></desc><category></category></programme><programme channel="141431590" start="20230111134500 +0000" stop="20230111140000 +0000" catchup-id="1316656925"><title>El Tiempo</title><date></date><icon src=""></icon><desc></desc><category></category></programme><programme channel="141431590" start="20230111140000 +0000" stop="20230111144500 +0000" catchup-id="1316656931"><title>Telediario 1</title><date></date><icon src=""></icon><desc></desc><category></category></programme><programme channel="141431590" start="20230111144500 +0000" stop="20230111163000 +0000" catchup-id="1316657065"><title>Saber Y Ganar</title><date></date><icon src=""></icon><desc></desc><category></category></programme><programme channel="141431590" start="20230111163000 +0000" stop="20230111173000 +0000" catchup-id="1316657071"><title>Mercado Central</title><date></date><icon src=""></icon><desc></desc><category></category></programme>