<programme channel="141431213" start="20221229170000 +0000" stop="20221229190000 +0000" catchup-id="1311777552"><title>Non-stop de beste Schlager muziek</title><date></date><icon src="https://t-mobiletv.nl:443/CPS/images/universal/film/program/202212/20221222/53/20221222020125520icn.jpg"></icon><desc></desc><category></category></programme><programme channel="141431213" start="20221229190000 +0000" stop="20221229210000 +0000" catchup-id="1311777558"><title>Non-stop de beste Schlager muziek</title><date></date><icon src="https://t-mobiletv.nl:443/CPS/images/universal/film/program/202212/20221222/70/20221222020125520kzo.jpg"></icon><desc></desc><category></category></programme><programme channel="141431213" start="20221229210000 +0000" stop="20221229230000 +0000" catchup-id="1311777564"><title>Non-stop de beste Schlager muziek</title><date></date><icon src="https://t-mobiletv.nl:443/CPS/images/universal/film/program/202212/20221222/99/20221222020125520het.jpg"></icon><desc></desc><category></category></programme><programme channel="141431213" start="20221229230000 +0000" stop="20221230005900 +0000" catchup-id="1311777570"><title>Non-stop de beste Schlager muziek</title><date></date><icon src="https://t-mobiletv.nl:443/CPS/images/universal/film/program/202212/20221222/26/20221222020125520cfb.jpg"></icon><desc></desc><category></category></programme><programme channel="141431213" start="20221230005900 +0000" stop="20221230030000 +0000" catchup-id="1311777576"><title>Non-stop de beste Schlager muziek</title><date></date><icon src="https://t-mobiletv.nl:443/CPS/images/universal/film/program/202212/20221222/66/20221222020125520d4f.jpg"></icon><desc></desc><category></category></programme><programme channel="141431213" start="20221230030000 +0000" stop="20221230050000 +0000" catchup-id="1311777582"><title>Non-stop de beste Schlager muziek</title><date></date><icon src="https://t-mobiletv.nl:443/CPS/images/universal/film/program/202212/20221222/18/20221222020125520m3a.jpg"></icon><desc></desc><category></category></programme><programme channel="141431213" start="20221230050000 +0000" stop="20221230070000 +0000" catchup-id="1312156781"><title>Non-stop de beste Schlager muziek</title><date></date><icon src="https://t-mobiletv.nl:443/CPS/images/universal/film/program/202212/20221223/40/20221223020055509xem.jpg"></icon><desc></desc><category></category></programme><programme channel="141431213" start="20221230070000 +0000" stop="20221230090000 +0000" catchup-id="1312156787"><title>Non-stop de beste Schlager muziek</title><date></date><icon src="https://t-mobiletv.nl:443/CPS/images/universal/film/program/202212/20221223/93/20221223020055510afl.jpg"></icon><desc></desc><category></category></programme><programme channel="141431213" start="20221230090000 +0000" stop="20221230110000 +0000" catchup-id="1312156793"><title>Non-stop de beste Schlager muziek</title><date></date><icon src="https://t-mobiletv.nl:443/CPS/images/universal/film/program/202212/20221223/99/2022122302005551053l.jpg"></icon><desc></desc><category></category></programme><programme channel="141431213" start="20221230110000 +0000" stop="20221230130000 +0000" catchup-id="1312156799"><title>Non-stop de beste Schlager muziek</title><date></date><icon src="https://t-mobiletv.nl:443/CPS/images/universal/film/program/202212/20221223/22/20221223020055510p5p.jpg"></icon><desc></desc><category></category></programme><programme channel="141431213" start="20221230130000 +0000" stop="20221230150000 +0000" catchup-id="1312156805"><title>Non-stop de beste Schlager muziek</title><date></date><icon src="https://t-mobiletv.nl:443/CPS/images/universal/film/program/202212/20221223/93/2022122302005551037j.jpg"></icon><desc></desc><category></category></programme><programme channel="141431213" start="20221230150000 +0000" stop="20221230170000 +0000" catchup-id="1312156811"><title>Non-stop de beste Schlager muziek</title><date></date><icon src="https://t-mobiletv.nl:443/CPS/images/universal/film/program/202212/20221223/53/20221223020055510kfl.jpg"></icon><desc></desc><category></category></programme><programme channel="141431213" start="20221230170000 +0000" stop="20221230190000 +0000" catchup-id="1312156817"><title>Non-stop de beste Schlager muziek</title><date></date><icon src="https://t-mobiletv.nl:443/CPS/images/universal/film/program/202212/20221223/80/202212230200555101c1.jpg"></icon><desc></desc><category></category></programme><programme channel="141431213" start="20221230190000 +0000" stop="20221230210000 +0000" catchup-id="1312156823"><title>Non-stop de beste Schlager muziek</title><date></date><icon src="https://t-mobiletv.nl:443/CPS/images/universal/film/program/202212/20221223/84/20221223020055510giz.jpg"></icon><desc></desc><category></category></programme><programme channel="141431213" start="20221230210000 +0000" stop="20221230230000 +0000" catchup-id="1312156829"><title>Non-stop de beste Schlager muziek</title><date></date><icon src="https://t-mobiletv.nl:443/CPS/images/universal/film/program/202212/20221223/4/202212230200555103ys.jpg"></icon><desc></desc><category></category></programme><programme channel="141431213" start="20221230230000 +0000" stop="20221231005900 +0000" catchup-id="1312156835"><title>Non-stop de beste Schlager muziek</title><date></date><icon src="https://t-mobiletv.nl:443/CPS/images/universal/film/program/202212/20221223/98/202212230200555107mx.jpg"></icon><desc></desc><category></category></programme><programme channel="141431213" start="20221231005900 +0000" stop="20221231030000 +0000" catchup-id="1312156841"><title>Non-stop de beste Schlager muziek</title><date></date><icon src="https://t-mobiletv.nl:443/CPS/images/universal/film/program/202212/20221223/9/20221223020055510d5v.jpg"></icon><desc></desc><category></category></programme><programme channel="141431213" start="20221231030000 +0000" stop="20221231050000 +0000" catchup-id="1312156847"><title>Non-stop de beste Schlager muziek</title><date></date><icon src="https://t-mobiletv.nl:443/CPS/images/universal/film/program/202212/20221223/34/202212230200555110uk.jpg"></icon><desc></desc><category></category></programme><programme channel="141431213" start="20221231050000 +0000" stop="20221231070000 +0000" catchup-id="1312560469"><title>Non-stop de beste Schlager muziek</title><date></date><icon src="https://t-mobiletv.nl:443/CPS/images/universal/film/program/202212/20221224/2/20221224020059715hu0.jpg"></icon><desc></desc><category></category></programme><programme channel="141431213" start="20221231070000 +0000" stop="20221231090000 +0000" catchup-id="1312560475"><title>Non-stop de beste Schlager muziek</title><date></date><icon src="https://t-mobiletv.nl:443/CPS/images/universal/film/program/202212/20221224/41/202212240200597169wi.jpg"></icon><desc></desc><category></category></programme><programme channel="141431213" start="20221231090000 +0000" stop="20221231110000 +0000" catchup-id="1312560481"><title>Non-stop de beste Schlager muziek</title><date></date><icon src="https://t-mobiletv.nl:443/CPS/images/universal/film/program/202212/20221224/31/20221224020059716a2t.jpg"></icon><desc></desc><category></category></programme><programme channel="141431213" start="20221231110000 +0000" stop="20221231130000 +0000" catchup-id="1312560487"><title>Non-stop de beste Schlager muziek</title><date></date><icon src="https://t-mobiletv.nl:443/CPS/images/universal/film/program/202212/20221224/45/20221224020059716po4.jpg"></icon><desc></desc><category></category></programme><programme channel="141431213" start="20221231130000 +0000" stop="20221231150000 +0000" catchup-id="1312560877"><title>Non-stop de beste Schlager muziek</title><date></date><icon src="https://t-mobiletv.nl:443/CPS/images/universal/film/program/202212/20221224/70/202212240200597168ih.jpg"></icon><desc></desc><category></category></programme><programme channel="141431213" start="20221231150000 +0000" stop="20221231170000 +0000" catchup-id="1312560883"><title>Non-stop de beste Schlager muziek</title><date></date><icon src="https://t-mobiletv.nl:443/CPS/images/universal/film/program/202212/20221224/34/20221224020059716foi.jpg"></icon><desc></desc><category></category></programme><programme channel="141431213" start="20221231170000 +0000" stop="20221231190000 +0000" catchup-id="1312560889"><title>Non-stop de beste Schlager muziek</title><date></date><icon src="https://t-mobiletv.nl:443/CPS/images/universal/film/program/202212/20221224/81/20221224020059716e4f.jpg"></icon><desc></desc><category></category></programme><programme channel="141431213" start="20221231190000 +0000" stop="20221231210000 +0000" catchup-id="1312560895"><title>Non-stop de beste Schlager muziek</title><date></date><icon src="https://t-mobiletv.nl:443/CPS/images/universal/film/program/202212/20221224/47/202212240200597165vv.jpg"></icon><desc></desc><category></category></programme><programme channel="141431213" start="20221231210000 +0000" stop="20221231230000 +0000" catchup-id="1312560901"><title>Non-stop de beste Schlager muziek</title><date></date><icon src="https://t-mobiletv.nl:443/CPS/images/universal/film/program/202212/20221224/9/202212240200597161oa.jpg"></icon><desc></desc><category></category></programme><programme channel="141431213" start="20221231230000 +0000" stop="20230101005900 +0000" catchup-id="1312560907"><title>Non-stop de beste Schlager muziek</title><date></date><icon src="https://t-mobiletv.nl:443/CPS/images/universal/film/program/202212/20221224/33/20221224020059716bz7.jpg"></icon><desc></desc><category></category></programme><programme channel="141431213" start="20230101005900 +0000" stop="20230101030000 +0000" catchup-id="1312560913"><title>Non-stop de beste Schlager muziek</title><date></date><icon src="https://t-mobiletv.nl:443/CPS/images/universal/film/program/202212/20221224/16/20221224020059716eif.jpg"></icon><desc></desc><category></category></programme><programme channel="141431213" start="20230101030000 +0000" stop="20230101050000 +0000" catchup-id="1312560919"><title>Non-stop de beste Schlager muziek</title><date></date><icon src="https://t-mobiletv.nl:443/CPS/images/universal/film/program/202212/20221224/32/20221224020059716203.jpg"></icon><desc></desc><category></category></programme><programme channel="141431213" start="20230101050000 +0000" stop="20230101070000 +0000" catchup-id="1312924621"><title>Non-stop de beste Schlager muziek</title><date></date><icon src="https://t-mobiletv.nl:443/CPS/images/universal/film/program/202212/20221225/74/20221225020119870kl9.jpg"></icon><desc></desc><category></category></programme><programme channel="141431213" start="20230101070000 +0000" stop="20230101090000 +0000" catchup-id="1312924627"><title>Non-stop de beste Schlager muziek</title><date></date><icon src="https://t-mobiletv.nl:443/CPS/images/universal/film/program/202212/20221225/1/20221225020119870oab.jpg"></icon><desc></desc><category></category></programme><programme channel="141431213" start="20230101090000 +0000" stop="20230101110000 +0000" catchup-id="1312924633"><title>Non-stop de beste Schlager muziek</title><date></date><icon src="https://t-mobiletv.nl:443/CPS/images/universal/film/program/202212/20221225/62/20221225020119871228.jpg"></icon><desc></desc><category></category></programme><programme channel="141431213" start="20230101110000 +0000" stop="20230101130000 +0000" catchup-id="1312924639"><title>Non-stop de beste Schlager muziek</title><date></date><icon src="https://t-mobiletv.nl:443/CPS/images/universal/film/program/202212/20221225/27/202212250201198719tq.jpg"></icon><desc></desc><category></category></programme><programme channel="141431213" start="20230101130000 +0000" stop="20230101150000 +0000" catchup-id="1312924645"><title>Non-stop de beste Schlager muziek</title><date></date><icon src="https://t-mobiletv.nl:443/CPS/images/universal/film/program/202212/20221225/9/20221225020119871c19.jpg"></icon><desc></desc><category></category></programme><programme channel="141431213" start="20230101150000 +0000" stop="20230101170000 +0000" catchup-id="1312924651"><title>Non-stop de beste Schlager muziek</title><date></date><icon src="https://t-mobiletv.nl:443/CPS/images/universal/film/program/202212/20221225/41/20221225020119871mh0.jpg"></icon><desc></desc><category></category></programme><programme channel="141431213" start="20230101170000 +0000" stop="20230101190000 +0000" catchup-id="1312924657"><title>Non-stop de beste Schlager muziek</title><date></date><icon src="https://t-mobiletv.nl:443/CPS/images/universal/film/program/202212/20221225/75/20221225020119871aa7.jpg"></icon><desc></desc><category></category></programme><programme channel="141431213" start="20230101190000 +0000" stop="20230101210000 +0000" catchup-id="1312924663"><title>Non-stop de beste Schlager muziek</title><date></date><icon src="https://t-mobiletv.nl:443/CPS/images/universal/film/program/202212/20221225/62/20221225020119871p45.jpg"></icon><desc></desc><category></category></programme><programme channel="141431213" start="20230101210000 +0000" stop="20230101230000 +0000" catchup-id="1312924669"><title>Non-stop de beste Schlager muziek</title><date></date><icon src="https://t-mobiletv.nl:443/CPS/images/universal/film/program/202212/20221225/12/20221225020119871khh.jpg"></icon><desc></desc><category></category></programme><programme channel="141431213" start="20230101230000 +0000" stop="20230102005900 +0000" catchup-id="1312924675"><title>Non-stop de beste Schlager muziek</title><date></date><icon src="https://t-mobiletv.nl:443/CPS/images/universal/film/program/202212/20221225/78/20221225020119871q6i.jpg"></icon><desc></desc><category></category></programme><programme channel="141431213" start="20230102005900 +0000" stop="20230102030000 +0000" catchup-id="1312924681"><title>Non-stop de beste Schlager muziek</title><date></date><icon src="https://t-mobiletv.nl:443/CPS/images/universal/film/program/202212/20221225/29/2022122502011987144f.jpg"></icon><desc></desc><category></category></programme><programme channel="141431213" start="20230102030000 +0000" stop="20230102050000 +0000" catchup-id="1312924687"><title>Non-stop de beste Schlager muziek</title><date></date><icon src="https://t-mobiletv.nl:443/CPS/images/universal/film/program/202212/20221225/63/2022122502011987164t.jpg"></icon><desc></desc><category></category></programme><programme channel="141431213" start="20230102050000 +0000" stop="20230102070000 +0000" catchup-id="1313249591"><title>Non-stop de beste Schlager muziek</title><date></date><icon src="https://t-mobiletv.nl:443/CPS/images/universal/film/program/202212/20221226/9/20221226020109706leo.jpg"></icon><desc></desc><category></category></programme><programme channel="141431213" start="20230102070000 +0000" stop="20230102090000 +0000" catchup-id="1313249597"><title>Non-stop de beste Schlager muziek</title><date></date><icon src="https://t-mobiletv.nl:443/CPS/images/universal/film/program/202212/20221226/80/20221226020109707u1l.jpg"></icon><desc></desc><category></category></programme><programme channel="141431213" start="20230102090000 +0000" stop="20230102110000 +0000" catchup-id="1313249603"><title>Non-stop de beste Schlager muziek</title><date></date><icon src="https://t-mobiletv.nl:443/CPS/images/universal/film/program/202212/20221226/59/20221226020109707a3r.jpg"></icon><desc></desc><category></category></programme><programme channel="141431213" start="20230102110000 +0000" stop="20230102130000 +0000" catchup-id="1313249609"><title>Non-stop de beste Schlager muziek</title><date></date><icon src="https://t-mobiletv.nl:443/CPS/images/universal/film/program/202212/20221226/71/202212260201097075yl.jpg"></icon><desc></desc><category></category></programme><programme channel="141431213" start="20230102130000 +0000" stop="20230102150000 +0000" catchup-id="1313249615"><title>Non-stop de beste Schlager muziek</title><date></date><icon src="https://t-mobiletv.nl:443/CPS/images/universal/film/program/202212/20221226/6/20221226020109707pwb.jpg"></icon><desc></desc><category></category></programme><programme channel="141431213" start="20230102150000 +0000" stop="20230102170000 +0000" catchup-id="1313249621"><title>Non-stop de beste Schlager muziek</title><date></date><icon src="https://t-mobiletv.nl:443/CPS/images/universal/film/program/202212/20221226/52/20221226020109707x5u.jpg"></icon><desc></desc><category></category></programme><programme channel="141431213" start="20230102170000 +0000" stop="20230102190000 +0000" catchup-id="1313249627"><title>Non-stop de beste Schlager muziek</title><date></date><icon src="https://t-mobiletv.nl:443/CPS/images/universal/film/program/202212/20221226/50/20221226020109707lg0.jpg"></icon><desc></desc><category></category></programme><programme channel="141431213" start="20230102190000 +0000" stop="20230102210000 +0000" catchup-id="1313249633"><title>Non-stop de beste Schlager muziek</title><date></date><icon src="https://t-mobiletv.nl:443/CPS/images/universal/film/program/202212/20221226/90/20221226020109707z29.jpg"></icon><desc></desc><category></category></programme><programme channel="141431213" start="20230102210000 +0000" stop="20230102230000 +0000" catchup-id="1313249639"><title>Non-stop de beste Schlager muziek</title><date></date><icon src="https://t-mobiletv.nl:443/CPS/images/universal/film/program/202212/20221226/86/2022122602010970722w.jpg"></icon><desc></desc><category></category></programme><programme channel="141431213" start="20230102230000 +0000" stop="20230103005900 +0000" catchup-id="1313249773"><title>Non-stop de beste Schlager muziek</title><date></date><icon src="https://t-mobiletv.nl:443/CPS/images/universal/film/program/202212/20221226/31/202212260201097079sj.jpg"></icon><desc></desc><category></category></programme><programme channel="141431213" start="20230103005900 +0000" stop="20230103030000 +0000" catchup-id="1313249779"><title>Non-stop de beste Schlager muziek</title><date></date><icon src="https://t-mobiletv.nl:443/CPS/images/universal/film/program/202212/20221226/3/20221226020109707iyg.jpg"></icon><desc></desc><category></category></programme><programme channel="141431213" start="20230103030000 +0000" stop="20230103050000 +0000" catchup-id="1313249785"><title>Non-stop de beste Schlager muziek</title><date></date><icon src="https://t-mobiletv.nl:443/CPS/images/universal/film/program/202212/20221226/0/20221226020109707loc.jpg"></icon><desc></desc><category></category></programme><programme channel="141431213" start="20230103050000 +0000" stop="20230103070000 +0000" catchup-id="1313605235"><title>Non-stop de beste Schlager muziek</title><date></date><icon src="https://t-mobiletv.nl:443/CPS/images/universal/film/program/202212/20221227/27/20221227020139707hfi.jpg"></icon><desc></desc><category></category></programme><programme channel="141431213" start="20230103070000 +0000" stop="20230103090000 +0000" catchup-id="1313605241"><title>Non-stop de beste Schlager muziek</title><date></date><icon src="https://t-mobiletv.nl:443/CPS/images/universal/film/program/202212/20221227/33/20221227020139707j6k.jpg"></icon><desc></desc><category></category></programme><programme channel="141431213" start="20230103090000 +0000" stop="20230103110000 +0000" catchup-id="1313605247"><title>Non-stop de beste Schlager muziek</title><date></date><icon src="https://t-mobiletv.nl:443/CPS/images/universal/film/program/202212/20221227/27/20221227020139707652.jpg"></icon><desc></desc><category></category></programme><programme channel="141431213" start="20230103110000 +0000" stop="20230103130000 +0000" catchup-id="1313605253"><title>Non-stop de beste Schlager muziek</title><date></date><icon src="https://t-mobiletv.nl:443/CPS/images/universal/film/program/202212/20221227/30/20221227020139707u5r.jpg"></icon><desc></desc><category></category></programme><programme channel="141431213" start="20230103130000 +0000" stop="20230103150000 +0000" catchup-id="1313605259"><title>Non-stop de beste Schlager muziek</title><date></date><icon src="https://t-mobiletv.nl:443/CPS/images/universal/film/program/202212/20221227/47/20221227020139707k3r.jpg"></icon><desc></desc><category></category></programme><programme channel="141431213" start="20230103150000 +0000" stop="20230103170000 +0000" catchup-id="1313605265"><title>Non-stop de beste Schlager muziek</title><date></date><icon src="https://t-mobiletv.nl:443/CPS/images/universal/film/program/202212/20221227/72/20221227020139707vpj.jpg"></icon><desc></desc><category></category></programme><programme channel="141431213" start="20230103170000 +0000" stop="20230103190000 +0000" catchup-id="1313605271"><title>Non-stop de beste Schlager muziek</title><date></date><icon src="https://t-mobiletv.nl:443/CPS/images/universal/film/program/202212/20221227/63/20221227020139707jfi.jpg"></icon><desc></desc><category></category></programme><programme channel="141431213" start="20230103190000 +0000" stop="20230103210000 +0000" catchup-id="1313605277"><title>Non-stop de beste Schlager muziek</title><date></date><icon src="https://t-mobiletv.nl:443/CPS/images/universal/film/program/202212/20221227/93/20221227020139707es9.jpg"></icon><desc></desc><category></category></programme><programme channel="141431213" start="20230103210000 +0000" stop="20230103230000 +0000" catchup-id="1313605283"><title>Non-stop de beste Schlager muziek</title><date></date><icon src="https://t-mobiletv.nl:443/CPS/images/universal/film/program/202212/20221227/83/20221227020139707x1h.jpg"></icon><desc></desc><category></category></programme><programme channel="141431213" start="20230103230000 +0000" stop="20230104005900 +0000" catchup-id="1313605289"><title>Non-stop de beste Schlager muziek</title><date></date><icon src="https://t-mobiletv.nl:443/CPS/images/universal/film/program/202212/20221227/20/202212270201397084xp.jpg"></icon><desc></desc><category></category></programme><programme channel="141431213" start="20230104005900 +0000" stop="20230104030000 +0000" catchup-id="1313605295"><title>Non-stop de beste Schlager muziek</title><date></date><icon src="https://t-mobiletv.nl:443/CPS/images/universal/film/program/202212/20221227/56/20221227020139708b89.jpg"></icon><desc></desc><category></category></programme><programme channel="141431213" start="20230104030000 +0000" stop="20230104050000 +0000" catchup-id="1313605301"><title>Non-stop de beste Schlager muziek</title><date></date><icon src="https://t-mobiletv.nl:443/CPS/images/universal/film/program/202212/20221227/97/20221227020139708kwp.jpg"></icon><desc></desc><category></category></programme><programme channel="141431213" start="20230104050000 +0000" stop="20230104070000 +0000" catchup-id="1313970956"><title>Non-stop de beste Schlager muziek</title><date></date><icon src="https://t-mobiletv.nl:443/CPS/images/universal/film/program/202212/20221228/84/20221228020130512i6c.jpg"></icon><desc></desc><category></category></programme><programme channel="141431213" start="20230104070000 +0000" stop="20230104090000 +0000" catchup-id="1313970962"><title>Non-stop de beste Schlager muziek</title><date></date><icon src="https://t-mobiletv.nl:443/CPS/images/universal/film/program/202212/20221228/29/20221228020130512myl.jpg"></icon><desc></desc><category></category></programme><programme channel="141431213" start="20230104090000 +0000" stop="20230104110000 +0000" catchup-id="1313970968"><title>Non-stop de beste Schlager muziek</title><date></date><icon src="https://t-mobiletv.nl:443/CPS/images/universal/film/program/202212/20221228/40/20221228020130512z7a.jpg"></icon><desc></desc><category></category></programme><programme channel="141431213" start="20230104110000 +0000" stop="20230104130000 +0000" catchup-id="1313970974"><title>Non-stop de beste Schlager muziek</title><date></date><icon src="https://t-mobiletv.nl:443/CPS/images/universal/film/program/202212/20221228/40/2022122802013051335u.jpg"></icon><desc></desc><category></category></programme><programme channel="141431213" start="20230104130000 +0000" stop="20230104150000 +0000" catchup-id="1313970980"><title>Non-stop de beste Schlager muziek</title><date></date><icon src="https://t-mobiletv.nl:443/CPS/images/universal/film/program/202212/20221228/62/20221228020130513rdp.jpg"></icon><desc></desc><category></category></programme><programme channel="141431213" start="20230104150000 +0000" stop="20230104170000 +0000" catchup-id="1313970986"><title>Non-stop de beste Schlager muziek</title><date></date><icon src="https://t-mobiletv.nl:443/CPS/images/universal/film/program/202212/20221228/47/20221228020130513dl4.jpg"></icon><desc></desc><category></category></programme><programme channel="141431213" start="20230104170000 +0000" stop="20230104190000 +0000" catchup-id="1313970992"><title>Non-stop de beste Schlager muziek</title><date></date><icon src="https://t-mobiletv.nl:443/CPS/images/universal/film/program/202212/20221228/74/20221228020130513iuh.jpg"></icon><desc></desc><category></category></programme><programme channel="141431213" start="20230104190000 +0000" stop="20230104210000 +0000" catchup-id="1313970998"><title>Non-stop de beste Schlager muziek</title><date></date><icon src="https://t-mobiletv.nl:443/CPS/images/universal/film/program/202212/20221228/86/20221228020130513239.jpg"></icon><desc></desc><category></category></programme><programme channel="141431213" start="20230104210000 +0000" stop="20230104230000 +0000" catchup-id="1313971004"><title>Non-stop de beste Schlager muziek</title><date></date><icon src="https://t-mobiletv.nl:443/CPS/images/universal/film/program/202212/20221228/34/202212280201305138su.jpg"></icon><desc></desc><category></category></programme><programme channel="141431213" start="20230104230000 +0000" stop="20230105005900 +0000" catchup-id="1313971010"><title>Non-stop de beste Schlager muziek</title><date></date><icon src="https://t-mobiletv.nl:443/CPS/images/universal/film/program/202212/20221228/87/20221228020130513iqq.jpg"></icon><desc></desc><category></category></programme><programme channel="141431213" start="20230105005900 +0000" stop="20230105030000 +0000" catchup-id="1313971016"><title>Non-stop de beste Schlager muziek</title><date></date><icon src="https://t-mobiletv.nl:443/CPS/images/universal/film/program/202212/20221228/97/20221228020130513asn.jpg"></icon><desc></desc><category></category></programme><programme channel="141431213" start="20230105030000 +0000" stop="20230105050000 +0000" catchup-id="1313971022"><title>Non-stop de beste Schlager muziek</title><date></date><icon src="https://t-mobiletv.nl:443/CPS/images/universal/film/program/202212/20221228/48/20221228020130513ups.jpg"></icon><desc></desc><category></category></programme><programme channel="141431213" start="20230105050000 +0000" stop="20230105070000 +0000" catchup-id="1314360118"><title>Non-stop de beste Schlager muziek</title><date></date><icon src="https://t-mobiletv.nl:443/CPS/images/universal/film/program/202212/20221229/5/202212290200447070bn.jpg"></icon><desc></desc><category></category></programme><programme channel="141431213" start="20230105070000 +0000" stop="20230105090000 +0000" catchup-id="1314360124"><title>Non-stop de beste Schlager muziek</title><date></date><icon src="https://t-mobiletv.nl:443/CPS/images/universal/film/program/202212/20221229/54/20221229020044707y9h.jpg"></icon><desc></desc><category></category></programme><programme channel="141431213" start="20230105090000 +0000" stop="20230105110000 +0000" catchup-id="1314360130"><title>Non-stop de beste Schlager muziek</title><date></date><icon src="https://t-mobiletv.nl:443/CPS/images/universal/film/program/202212/20221229/54/2022122902004470762j.jpg"></icon><desc></desc><category></category></programme><programme channel="141431213" start="20230105110000 +0000" stop="20230105130000 +0000" catchup-id="1314360136"><title>Non-stop de beste Schlager muziek</title><date></date><icon src="https://t-mobiletv.nl:443/CPS/images/universal/film/program/202212/20221229/71/20221229020044707lnj.jpg"></icon><desc></desc><category></category></programme><programme channel="141431213" start="20230105130000 +0000" stop="20230105150000 +0000" catchup-id="1314360142"><title>Non-stop de beste Schlager muziek</title><date></date><icon src="https://t-mobiletv.nl:443/CPS/images/universal/film/program/202212/20221229/36/20221229020044708n84.jpg"></icon><desc></desc><category></category></programme><programme channel="141431213" start="20230105150000 +0000" stop="20230105170000 +0000" catchup-id="1314360148"><title>Non-stop de beste Schlager muziek</title><date></date><icon src="https://t-mobiletv.nl:443/CPS/images/universal/film/program/202212/20221229/62/202212290200447089gw.jpg"></icon><desc></desc><category></category></programme><programme channel="141431213" start="20230105170000 +0000" stop="20230105190000 +0000" catchup-id="1314360154"><title>Non-stop de beste Schlager muziek</title><date></date><icon src="https://t-mobiletv.nl:443/CPS/images/universal/film/program/202212/20221229/71/202212290200447082to.jpg"></icon><desc></desc><category></category></programme><programme channel="141431213" start="20230105190000 +0000" stop="20230105210000 +0000" catchup-id="1314360160"><title>Non-stop de beste Schlager muziek</title><date></date><icon src="https://t-mobiletv.nl:443/CPS/images/universal/film/program/202212/20221229/47/202212290200447083cn.jpg"></icon><desc></desc><category></category></programme><programme channel="141431213" start="20230105210000 +0000" stop="20230105230000 +0000" catchup-id="1314360166"><title>Non-stop de beste Schlager muziek</title><date></date><icon src="https://t-mobiletv.nl:443/CPS/images/universal/film/program/202212/20221229/11/20221229020044708kar.jpg"></icon><desc></desc><category></category></programme><programme channel="141431213" start="20230105230000 +0000" stop="20230106005900 +0000" catchup-id="1314360300"><title>Non-stop de beste Schlager muziek</title><date></date><icon src="https://t-mobiletv.nl:443/CPS/images/universal/film/program/202212/20221229/43/20221229020044708fvp.jpg"></icon><desc></desc><category></category></programme><programme channel="141431213" start="20230106005900 +0000" stop="20230106030000 +0000" catchup-id="1314360306"><title>Non-stop de beste Schlager muziek</title><date></date><icon src="https://t-mobiletv.nl:443/CPS/images/universal/film/program/202212/20221229/5/20221229020044708vtu.jpg"></icon><desc></desc><category></category></programme><programme channel="141431213" start="20230106030000 +0000" stop="20230106050000 +0000" catchup-id="1314360312"><title>Non-stop de beste Schlager muziek</title><date></date><icon src="https://t-mobiletv.nl:443/CPS/images/universal/film/program/202212/20221229/40/20221229020044708tgb.jpg"></icon><desc></desc><category></category></programme><programme channel="141431213" start="20230106050000 +0000" stop="20230106070000 +0000" catchup-id="1314810371"><title>Non-stop de beste Schlager muziek</title><date></date><icon src="https://t-mobiletv.nl:443/CPS/images/universal/film/program/202212/20221230/29/20221230020039704yfq.jpg"></icon><desc></desc><category></category></programme><programme channel="141431213" start="20230106070000 +0000" stop="20230106090000 +0000" catchup-id="1314810377"><title>Non-stop de beste Schlager muziek</title><date></date><icon src="https://t-mobiletv.nl:443/CPS/images/universal/film/program/202212/20221230/11/20221230020039704vgf.jpg"></icon><desc></desc><category></category></programme><programme channel="141431213" start="20230106090000 +0000" stop="20230106110000 +0000" catchup-id="1314810383"><title>Non-stop de beste Schlager muziek</title><date></date><icon src="https://t-mobiletv.nl:443/CPS/images/universal/film/program/202212/20221230/49/20221230020039704ldd.jpg"></icon><desc></desc><category></category></programme><programme channel="141431213" start="20230106110000 +0000" stop="20230106130000 +0000" catchup-id="1314810389"><title>Non-stop de beste Schlager muziek</title><date></date><icon src="https://t-mobiletv.nl:443/CPS/images/universal/film/program/202212/20221230/68/20221230020039704ehb.jpg"></icon><desc></desc><category></category></programme><programme channel="141431213" start="20230106130000 +0000" stop="20230106150000 +0000" catchup-id="1314810395"><title>Non-stop de beste Schlager muziek</title><date></date><icon src="https://t-mobiletv.nl:443/CPS/images/universal/film/program/202212/20221230/71/20221230020039704c4b.jpg"></icon><desc></desc><category></category></programme><programme channel="141431213" start="20230106150000 +0000" stop="20230106170000 +0000" catchup-id="1314810401"><title>Non-stop de beste Schlager muziek</title><date></date><icon src="https://t-mobiletv.nl:443/CPS/images/universal/film/program/202212/20221230/70/20221230020039704rg1.jpg"></icon><desc></desc><category></category></programme><programme channel="141431213" start="20230106170000 +0000" stop="20230106190000 +0000" catchup-id="1314810407"><title>Non-stop de beste Schlager muziek</title><date></date><icon src="https://t-mobiletv.nl:443/CPS/images/universal/film/program/202212/20221230/23/202212300200397041hz.jpg"></icon><desc></desc><category></category></programme><programme channel="141431213" start="20230106190000 +0000" stop="20230106210000 +0000" catchup-id="1314810413"><title>Non-stop de beste Schlager muziek</title><date></date><icon src="https://t-mobiletv.nl:443/CPS/images/universal/film/program/202212/20221230/72/20221230020039704mrz.jpg"></icon><desc></desc><category></category></programme><programme channel="141431213" start="20230106210000 +0000" stop="20230106230000 +0000" catchup-id="1314810419"><title>Non-stop de beste Schlager muziek</title><date></date><icon src="https://t-mobiletv.nl:443/CPS/images/universal/film/program/202212/20221230/92/202212300200397048yf.jpg"></icon><desc></desc><category></category></programme><programme channel="141431213" start="20230106230000 +0000" stop="20230107005900 +0000" catchup-id="1314810425"><title>Non-stop de beste Schlager muziek</title><date></date><icon src="https://t-mobiletv.nl:443/CPS/images/universal/film/program/202212/20221230/23/202212300200397044jr.jpg"></icon><desc></desc><category></category></programme><programme channel="141431213" start="20230107005900 +0000" stop="20230107030000 +0000" catchup-id="1314810431"><title>Non-stop de beste Schlager muziek</title><date></date><icon src="https://t-mobiletv.nl:443/CPS/images/universal/film/program/202212/20221230/61/20221230020039704d2q.jpg"></icon><desc></desc><category></category></programme><programme channel="141431213" start="20230107030000 +0000" stop="20230107050000 +0000" catchup-id="1314810437"><title>Non-stop de beste Schlager muziek</title><date></date><icon src="https://t-mobiletv.nl:443/CPS/images/universal/film/program/202212/20221230/43/20221230020039704of1.jpg"></icon><desc></desc><category></category></programme><programme channel="141431213" start="20230107050000 +0000" stop="20230107070000 +0000" catchup-id="1315261055"><title>Non-stop de beste Schlager muziek</title><date></date><icon src="https://t-mobiletv.nl:443/CPS/images/universal/film/program/202212/20221231/80/20221231020204711thn.jpg"></icon><desc></desc><category></category></programme><programme channel="141431213" start="20230107070000 +0000" stop="20230107090000 +0000" catchup-id="1315261061"><title>Non-stop de beste Schlager muziek</title><date></date><icon src="https://t-mobiletv.nl:443/CPS/images/universal/film/program/202212/20221231/9/20221231020204711dc3.jpg"></icon><desc></desc><category></category></programme><programme channel="141431213" start="20230107090000 +0000" stop="20230107110000 +0000" catchup-id="1315261067"><title>Non-stop de beste Schlager muziek</title><date></date><icon src="https://t-mobiletv.nl:443/CPS/images/universal/film/program/202212/20221231/62/20221231020204711xpw.jpg"></icon><desc></desc><category></category></programme><programme channel="141431213" start="20230107110000 +0000" stop="20230107130000 +0000" catchup-id="1315261073"><title>Non-stop de beste Schlager muziek</title><date></date><icon src="https://t-mobiletv.nl:443/CPS/images/universal/film/program/202212/20221231/39/202212310202047117du.jpg"></icon><desc></desc><category></category></programme><programme channel="141431213" start="20230107130000 +0000" stop="20230107150000 +0000" catchup-id="1315261079"><title>Non-stop de beste Schlager muziek</title><date></date><icon src="https://t-mobiletv.nl:443/CPS/images/universal/film/program/202212/20221231/26/202212310202047110wp.jpg"></icon><desc></desc><category></category></programme><programme channel="141431213" start="20230107150000 +0000" stop="20230107170000 +0000" catchup-id="1315261085"><title>Non-stop de beste Schlager muziek</title><date></date><icon src="https://t-mobiletv.nl:443/CPS/images/universal/film/program/202212/20221231/75/202212310202047111l3.jpg"></icon><desc></desc><category></category></programme><programme channel="141431213" start="20230107170000 +0000" stop="20230107190000 +0000" catchup-id="1315261091"><title>Non-stop de beste Schlager muziek</title><date></date><icon src="https://t-mobiletv.nl:443/CPS/images/universal/film/program/202212/20221231/95/20221231020204711k4e.jpg"></icon><desc></desc><category></category></programme><programme channel="141431213" start="20230107190000 +0000" stop="20230107210000 +0000" catchup-id="1315261097"><title>Non-stop de beste Schlager muziek</title><date></date><icon src="https://t-mobiletv.nl:443/CPS/images/universal/film/program/202212/20221231/63/20221231020204711lkx.jpg"></icon><desc></desc><category></category></programme><programme channel="141431213" start="20230107210000 +0000" stop="20230107230000 +0000" catchup-id="1315261103"><title>Non-stop de beste Schlager muziek</title><date></date><icon src="https://t-mobiletv.nl:443/CPS/images/universal/film/program/202212/20221231/87/20221231020204711ak1.jpg"></icon><desc></desc><category></category></programme><programme channel="141431213" start="20230107230000 +0000" stop="20230108005900 +0000" catchup-id="1315261109"><title>Non-stop de beste Schlager muziek</title><date></date><icon src="https://t-mobiletv.nl:443/CPS/images/universal/film/program/202212/20221231/3/20221231020204711pbi.jpg"></icon><desc></desc><category></category></programme><programme channel="141431213" start="20230108005900 +0000" stop="20230108030000 +0000" catchup-id="1315261115"><title>Non-stop de beste Schlager muziek</title><date></date><icon src="https://t-mobiletv.nl:443/CPS/images/universal/film/program/202212/20221231/68/20221231020204711cft.jpg"></icon><desc></desc><category></category></programme><programme channel="141431213" start="20230108030000 +0000" stop="20230108050000 +0000" catchup-id="1315261121"><title>Non-stop de beste Schlager muziek</title><date></date><icon src="https://t-mobiletv.nl:443/CPS/images/universal/film/program/202212/20221231/31/202212310202047113fm.jpg"></icon><desc></desc><category></category></programme><programme channel="141431213" start="20230108050000 +0000" stop="20230108070000 +0000" catchup-id="1315601270"><title>Non-stop de beste Schlager muziek</title><date></date><icon src="https://t-mobiletv.nl:443/CPS/images/universal/film/program/202301/20230101/44/202301010201005185zo.jpg"></icon><desc></desc><category></category></programme><programme channel="141431213" start="20230108070000 +0000" stop="20230108090000 +0000" catchup-id="1315601276"><title>Non-stop de beste Schlager muziek</title><date></date><icon src="https://t-mobiletv.nl:443/CPS/images/universal/film/program/202301/20230101/54/20230101020100519cum.jpg"></icon><desc></desc><category></category></programme><programme channel="141431213" start="20230108090000 +0000" stop="20230108110000 +0000" catchup-id="1315601282"><title>Non-stop de beste Schlager muziek</title><date></date><icon src="https://t-mobiletv.nl:443/CPS/images/universal/film/program/202301/20230101/16/20230101020100519zu0.jpg"></icon><desc></desc><category></category></programme><programme channel="141431213" start="20230108110000 +0000" stop="20230108130000 +0000" catchup-id="1315601288"><title>Non-stop de beste Schlager muziek</title><date></date><icon src="https://t-mobiletv.nl:443/CPS/images/universal/film/program/202301/20230101/30/20230101020100519dyz.jpg"></icon><desc></desc><category></category></programme><programme channel="141431213" start="20230108130000 +0000" stop="20230108150000 +0000" catchup-id="1315601294"><title>Non-stop de beste Schlager muziek</title><date></date><icon src="https://t-mobiletv.nl:443/CPS/images/universal/film/program/202301/20230101/45/20230101020100519czk.jpg"></icon><desc></desc><category></category></programme><programme channel="141431213" start="20230108150000 +0000" stop="20230108170000 +0000" catchup-id="1315601300"><title>Non-stop de beste Schlager muziek</title><date></date><icon src="https://t-mobiletv.nl:443/CPS/images/universal/film/program/202301/20230101/57/20230101020100519c0q.jpg"></icon><desc></desc><category></category></programme><programme channel="141431213" start="20230108170000 +0000" stop="20230108190000 +0000" catchup-id="1315601306"><title>Non-stop de beste Schlager muziek</title><date></date><icon src="https://t-mobiletv.nl:443/CPS/images/universal/film/program/202301/20230101/12/20230101020100519i5u.jpg"></icon><desc></desc><category></category></programme><programme channel="141431213" start="20230108190000 +0000" stop="20230108210000 +0000" catchup-id="1315601312"><title>Non-stop de beste Schlager muziek</title><date></date><icon src="https://t-mobiletv.nl:443/CPS/images/universal/film/program/202301/20230101/26/20230101020100519zlk.jpg"></icon><desc></desc><category></category></programme><programme channel="141431213" start="20230108210000 +0000" stop="20230108230000 +0000" catchup-id="1315601318"><title>Non-stop de beste Schlager muziek</title><date></date><icon src="https://t-mobiletv.nl:443/CPS/images/universal/film/program/202301/20230101/90/20230101020100519lm8.jpg"></icon><desc></desc><category></category></programme><programme channel="141431213" start="20230108230000 +0000" stop="20230109005900 +0000" catchup-id="1315601324"><title>Non-stop de beste Schlager muziek</title><date></date><icon src="https://t-mobiletv.nl:443/CPS/images/universal/film/program/202301/20230101/62/20230101020100519wia.jpg"></icon><desc></desc><category></category></programme><programme channel="141431213" start="20230109005900 +0000" stop="20230109030000 +0000" catchup-id="1315601330"><title>Non-stop de beste Schlager muziek</title><date></date><icon src="https://t-mobiletv.nl:443/CPS/images/universal/film/program/202301/20230101/64/20230101020100519pia.jpg"></icon><desc></desc><category></category></programme><programme channel="141431213" start="20230109030000 +0000" stop="20230109050000 +0000" catchup-id="1315601336"><title>Non-stop de beste Schlager muziek</title><date></date><icon src="https://t-mobiletv.nl:443/CPS/images/universal/film/program/202301/20230101/40/20230101020100519gtn.jpg"></icon><desc></desc><category></category></programme><programme channel="141431213" start="20230109050000 +0000" stop="20230109070000 +0000" catchup-id="1315947582"><title>Non-stop de beste Schlager muziek</title><date></date><icon src="https://t-mobiletv.nl:443/CPS/images/universal/film/program/202301/20230102/96/20230102020129704lia.jpg"></icon><desc></desc><category></category></programme><programme channel="141431213" start="20230109070000 +0000" stop="20230109090000 +0000" catchup-id="1315947588"><title>Non-stop de beste Schlager muziek</title><date></date><icon src="https://t-mobiletv.nl:443/CPS/images/universal/film/program/202301/20230102/95/20230102020129704chp.jpg"></icon><desc></desc><category></category></programme><programme channel="141431213" start="20230109090000 +0000" stop="20230109110000 +0000" catchup-id="1315947594"><title>Non-stop de beste Schlager muziek</title><date></date><icon src="https://t-mobiletv.nl:443/CPS/images/universal/film/program/202301/20230102/90/20230102020129704y95.jpg"></icon><desc></desc><category></category></programme><programme channel="141431213" start="20230109110000 +0000" stop="20230109130000 +0000" catchup-id="1315947600"><title>Non-stop de beste Schlager muziek</title><date></date><icon src="https://t-mobiletv.nl:443/CPS/images/universal/film/program/202301/20230102/78/20230102020129704ymt.jpg"></icon><desc></desc><category></category></programme><programme channel="141431213" start="20230109130000 +0000" stop="20230109150000 +0000" catchup-id="1315947606"><title>Non-stop de beste Schlager muziek</title><date></date><icon src="https://t-mobiletv.nl:443/CPS/images/universal/film/program/202301/20230102/59/20230102020129704864.jpg"></icon><desc></desc><category></category></programme><programme channel="141431213" start="20230109150000 +0000" stop="20230109170000 +0000" catchup-id="1315947612"><title>Non-stop de beste Schlager muziek</title><date></date><icon src="https://t-mobiletv.nl:443/CPS/images/universal/film/program/202301/20230102/80/20230102020129704n3i.jpg"></icon><desc></desc><category></category></programme><programme channel="141431213" start="20230109170000 +0000" stop="20230109190000 +0000" catchup-id="1315947618"><title>Non-stop de beste Schlager muziek</title><date></date><icon src="https://t-mobiletv.nl:443/CPS/images/universal/film/program/202301/20230102/73/20230102020129704epb.jpg"></icon><desc></desc><category></category></programme><programme channel="141431213" start="20230109190000 +0000" stop="20230109210000 +0000" catchup-id="1315947624"><title>Non-stop de beste Schlager muziek</title><date></date><icon src="https://t-mobiletv.nl:443/CPS/images/universal/film/program/202301/20230102/1/20230102020129704z6k.jpg"></icon><desc></desc><category></category></programme><programme channel="141431213" start="20230109210000 +0000" stop="20230109230000 +0000" catchup-id="1315947630"><title>Non-stop de beste Schlager muziek</title><date></date><icon src="https://t-mobiletv.nl:443/CPS/images/universal/film/program/202301/20230102/91/20230102020129704mir.jpg"></icon><desc></desc><category></category></programme><programme channel="141431213" start="20230109230000 +0000" stop="20230110005900 +0000" catchup-id="1315947636"><title>Non-stop de beste Schlager muziek</title><date></date><icon src="https://t-mobiletv.nl:443/CPS/images/universal/film/program/202301/20230102/52/20230102020129704fz8.jpg"></icon><desc></desc><category></category></programme><programme channel="141431213" start="20230110005900 +0000" stop="20230110030000 +0000" catchup-id="1315947642"><title>Non-stop de beste Schlager muziek</title><date></date><icon src="https://t-mobiletv.nl:443/CPS/images/universal/film/program/202301/20230102/27/20230102020129704xg8.jpg"></icon><desc></desc><category></category></programme><programme channel="141431213" start="20230110030000 +0000" stop="20230110050000 +0000" catchup-id="1315947648"><title>Non-stop de beste Schlager muziek</title><date></date><icon src="https://t-mobiletv.nl:443/CPS/images/universal/film/program/202301/20230102/86/202301020201297043ob.jpg"></icon><desc></desc><category></category></programme><programme channel="141431213" start="20230110050000 +0000" stop="20230110070000 +0000" catchup-id="1316287319"><title>Non-stop de beste Schlager muziek</title><date></date><icon src="https://t-mobiletv.nl:443/CPS/images/universal/film/program/202301/20230103/59/20230103020105896lwr.jpg"></icon><desc></desc><category></category></programme><programme channel="141431213" start="20230110070000 +0000" stop="20230110090000 +0000" catchup-id="1316287325"><title>Non-stop de beste Schlager muziek</title><date></date><icon src="https://t-mobiletv.nl:443/CPS/images/universal/film/program/202301/20230103/41/20230103020105896e9j.jpg"></icon><desc></desc><category></category></programme><programme channel="141431213" start="20230110090000 +0000" stop="20230110110000 +0000" catchup-id="1316287331"><title>Non-stop de beste Schlager muziek</title><date></date><icon src="https://t-mobiletv.nl:443/CPS/images/universal/film/program/202301/20230103/13/20230103020105896d27.jpg"></icon><desc></desc><category></category></programme><programme channel="141431213" start="20230110110000 +0000" stop="20230110130000 +0000" catchup-id="1316287337"><title>Non-stop de beste Schlager muziek</title><date></date><icon src="https://t-mobiletv.nl:443/CPS/images/universal/film/program/202301/20230103/78/20230103020105896w1y.jpg"></icon><desc></desc><category></category></programme><programme channel="141431213" start="20230110130000 +0000" stop="20230110150000 +0000" catchup-id="1316287343"><title>Non-stop de beste Schlager muziek</title><date></date><icon src="https://t-mobiletv.nl:443/CPS/images/universal/film/program/202301/20230103/87/20230103020105896h1w.jpg"></icon><desc></desc><category></category></programme><programme channel="141431213" start="20230110150000 +0000" stop="20230110170000 +0000" catchup-id="1316287349"><title>Non-stop de beste Schlager muziek</title><date></date><icon src="https://t-mobiletv.nl:443/CPS/images/universal/film/program/202301/20230103/10/20230103020105896rh5.jpg"></icon><desc></desc><category></category></programme><programme channel="141431213" start="20230110170000 +0000" stop="20230110190000 +0000" catchup-id="1316287355"><title>Non-stop de beste Schlager muziek</title><date></date><icon src="https://t-mobiletv.nl:443/CPS/images/universal/film/program/202301/20230103/86/2023010302010589677k.jpg"></icon><desc></desc><category></category></programme><programme channel="141431213" start="20230110190000 +0000" stop="20230110210000 +0000" catchup-id="1316287361"><title>Non-stop de beste Schlager muziek</title><date></date><icon src="https://t-mobiletv.nl:443/CPS/images/universal/film/program/202301/20230103/76/20230103020105896ozn.jpg"></icon><desc></desc><category></category></programme><programme channel="141431213" start="20230110210000 +0000" stop="20230110230000 +0000" catchup-id="1316287367"><title>Non-stop de beste Schlager muziek</title><date></date><icon src="https://t-mobiletv.nl:443/CPS/images/universal/film/program/202301/20230103/81/20230103020105896jx2.jpg"></icon><desc></desc><category></category></programme><programme channel="141431213" start="20230110230000 +0000" stop="20230111005900 +0000" catchup-id="1316287373"><title>Non-stop de beste Schlager muziek</title><date></date><icon src="https://t-mobiletv.nl:443/CPS/images/universal/film/program/202301/20230103/93/20230103020105896z0o.jpg"></icon><desc></desc><category></category></programme><programme channel="141431213" start="20230111005900 +0000" stop="20230111030000 +0000" catchup-id="1316287379"><title>Non-stop de beste Schlager muziek</title><date></date><icon src="https://t-mobiletv.nl:443/CPS/images/universal/film/program/202301/20230103/89/20230103020105896u76.jpg"></icon><desc></desc><category></category></programme><programme channel="141431213" start="20230111030000 +0000" stop="20230111050000 +0000" catchup-id="1316287385"><title>Non-stop de beste Schlager muziek</title><date></date><icon src="https://t-mobiletv.nl:443/CPS/images/universal/film/program/202301/20230103/39/20230103020105896aoh.jpg"></icon><desc></desc><category></category></programme><programme channel="141431213" start="20230111050000 +0000" stop="20230111070000 +0000" catchup-id="1316669058"><title>Non-stop de beste Schlager muziek</title><date></date><icon src="https://t-mobiletv.nl:443/CPS/images/universal/film/program/202301/20230104/73/20230104020100514j34.jpg"></icon><desc></desc><category></category></programme><programme channel="141431213" start="20230111070000 +0000" stop="20230111090000 +0000" catchup-id="1316669064"><title>Non-stop de beste Schlager muziek</title><date></date><icon src="https://t-mobiletv.nl:443/CPS/images/universal/film/program/202301/20230104/12/20230104020100514mhg.jpg"></icon><desc></desc><category></category></programme><programme channel="141431213" start="20230111090000 +0000" stop="20230111110000 +0000" catchup-id="1316669070"><title>Non-stop de beste Schlager muziek</title><date></date><icon src="https://t-mobiletv.nl:443/CPS/images/universal/film/program/202301/20230104/26/20230104020100514bgq.jpg"></icon><desc></desc><category></category></programme><programme channel="141431213" start="20230111110000 +0000" stop="20230111130000 +0000" catchup-id="1316669076"><title>Non-stop de beste Schlager muziek</title><date></date><icon src="https://t-mobiletv.nl:443/CPS/images/universal/film/program/202301/20230104/72/20230104020100514j71.jpg"></icon><desc></desc><category></category></programme><programme channel="141431213" start="20230111130000 +0000" stop="20230111150000 +0000" catchup-id="1316669082"><title>Non-stop de beste Schlager muziek</title><date></date><icon src="https://t-mobiletv.nl:443/CPS/images/universal/film/program/202301/20230104/68/20230104020100514mb3.jpg"></icon><desc></desc><category></category></programme><programme channel="141431213" start="20230111150000 +0000" stop="20230111170000 +0000" catchup-id="1316669088"><title>Non-stop de beste Schlager muziek</title><date></date><icon src="https://t-mobiletv.nl:443/CPS/images/universal/film/program/202301/20230104/71/20230104020100514afq.jpg"></icon><desc></desc><category></category></programme><programme channel="141431213" start="20230111170000 +0000" stop="20230111190000 +0000" catchup-id="1316669094"><title>Non-stop de beste Schlager muziek</title><date></date><icon src="https://t-mobiletv.nl:443/CPS/images/universal/film/program/202301/20230104/8/20230104020100514upf.jpg"></icon><desc></desc><category></category></programme><programme channel="141431213" start="20230111190000 +0000" stop="20230111210000 +0000" catchup-id="1316669612"><title>Non-stop de beste Schlager muziek</title><date></date><icon src="https://t-mobiletv.nl:443/CPS/images/universal/film/program/202301/20230104/66/202301040201005144cv.jpg"></icon><desc></desc><category></category></programme><programme channel="141431213" start="20230111210000 +0000" stop="20230111230000 +0000" catchup-id="1316669618"><title>Non-stop de beste Schlager muziek</title><date></date><icon src="https://t-mobiletv.nl:443/CPS/images/universal/film/program/202301/20230104/22/202301040201005149mj.jpg"></icon><desc></desc><category></category></programme><programme channel="141431213" start="20230111230000 +0000" stop="20230112005900 +0000" catchup-id="1316669624"><title>Non-stop de beste Schlager muziek</title><date></date><icon src="https://t-mobiletv.nl:443/CPS/images/universal/film/program/202301/20230104/79/20230104020100514h11.jpg"></icon><desc></desc><category></category></programme><programme channel="141431213" start="20230112005900 +0000" stop="20230112030000 +0000" catchup-id="1316669630"><title>Non-stop de beste Schlager muziek</title><date></date><icon src="https://t-mobiletv.nl:443/CPS/images/universal/film/program/202301/20230104/12/20230104020100514yyk.jpg"></icon><desc></desc><category></category></programme><programme channel="141431213" start="20230112030000 +0000" stop="20230112050000 +0000" catchup-id="1316669636"><title>Non-stop de beste Schlager muziek</title><date></date><icon src="https://t-mobiletv.nl:443/CPS/images/universal/film/program/202301/20230104/17/20230104020100515q2y.jpg"></icon><desc></desc><category></category></programme><programme channel="141431213" start="20230112050000 +0000" stop="20230112070000 +0000" catchup-id="1317065637"><title>Non-stop de beste Schlager muziek</title><date></date><icon src="https://t-mobiletv.nl:443/CPS/images/universal/film/program/202301/20230105/78/20230105020101599awt.jpg"></icon><desc></desc><category></category></programme><programme channel="141431213" start="20230112070000 +0000" stop="20230112090000 +0000" catchup-id="1317065643"><title>Non-stop de beste Schlager muziek</title><date></date><icon src="https://t-mobiletv.nl:443/CPS/images/universal/film/program/202301/20230105/98/20230105020101599exp.jpg"></icon><desc></desc><category></category></programme><programme channel="141431213" start="20230112090000 +0000" stop="20230112110000 +0000" catchup-id="1317065649"><title>Non-stop de beste Schlager muziek</title><date></date><icon src="https://t-mobiletv.nl:443/CPS/images/universal/film/program/202301/20230105/22/202301050201015998uu.jpg"></icon><desc></desc><category></category></programme><programme channel="141431213" start="20230112110000 +0000" stop="20230112130000 +0000" catchup-id="1317065655"><title>Non-stop de beste Schlager muziek</title><date></date><icon src="https://t-mobiletv.nl:443/CPS/images/universal/film/program/202301/20230105/4/20230105020101599685.jpg"></icon><desc></desc><category></category></programme><programme channel="141431213" start="20230112130000 +0000" stop="20230112150000 +0000" catchup-id="1317065661"><title>Non-stop de beste Schlager muziek</title><date></date><icon src="https://t-mobiletv.nl:443/CPS/images/universal/film/program/202301/20230105/64/20230105020101600d26.jpg"></icon><desc></desc><category></category></programme><programme channel="141431213" start="20230112150000 +0000" stop="20230112170000 +0000" catchup-id="1317065667"><title>Non-stop de beste Schlager muziek</title><date></date><icon src="https://t-mobiletv.nl:443/CPS/images/universal/film/program/202301/20230105/81/20230105020101600vd1.jpg"></icon><desc></desc><category></category></programme>