<programme channel="141428765" start="20221229060001 +0000" stop="20221229094233 +0000" catchup-id="1311787676"><title>Top 50 Biggest Albums Of The 90s!</title><date></date><icon src="https://t-mobiletv.nl:443/CPS/images/universal/film/program/202212/20221222/87/20221222020139708i36.jpg"></icon><desc></desc><category></category></programme><programme channel="141428765" start="20221229094233 +0000" stop="20221229130234 +0000" catchup-id="1311787682"><title>MTV 90s @ The Movies!</title><date></date><icon src="https://t-mobiletv.nl:443/CPS/images/universal/film/program/202212/20221222/85/2022122202013970842v.jpg"></icon><desc></desc><category></category></programme><programme channel="141428765" start="20221229130234 +0000" stop="20221229140100 +0000" catchup-id="1311787688"><title>Alternative Nation!</title><date></date><icon src="https://t-mobiletv.nl:443/CPS/images/universal/film/program/202212/20221222/40/202212220201397097nw.jpg"></icon><desc></desc><category></category></programme><programme channel="141428765" start="20221229140100 +0000" stop="20221229170054 +0000" catchup-id="1311788142"><title>Smells Like... The 90s!</title><date></date><icon src="https://t-mobiletv.nl:443/CPS/images/universal/film/program/202212/20221222/51/202212220201397096fp.jpg"></icon><desc></desc><category></category></programme><programme channel="141428765" start="20221229170054 +0000" stop="20221229200004 +0000" catchup-id="1311788148"><title>YO MTV! 90s Rap &amp; R'n'B</title><date></date><icon src="https://t-mobiletv.nl:443/CPS/images/universal/film/program/202212/20221222/53/20221222020139709vsk.jpg"></icon><desc></desc><category></category></programme><programme channel="141428765" start="20221229200004 +0000" stop="20221229210103 +0000" catchup-id="1311788154"><title>Alternative Nation!</title><date></date><icon src="https://t-mobiletv.nl:443/CPS/images/universal/film/program/202212/20221222/32/202212220201397090k6.jpg"></icon><desc></desc><category></category></programme><programme channel="141428765" start="20221229210103 +0000" stop="20221230000045 +0000" catchup-id="1311788160"><title>Ultimate 90s Playlist!</title><date></date><icon src="https://t-mobiletv.nl:443/CPS/images/universal/film/program/202212/20221222/25/20221222020139709bgo.jpg"></icon><desc></desc><category></category></programme><programme channel="141428765" start="20221230000045 +0000" stop="20221230030000 +0000" catchup-id="1311788166"><title>90s Mixtape!</title><date></date><icon src="https://t-mobiletv.nl:443/CPS/images/universal/film/program/202212/20221222/71/2022122202013970954j.jpg"></icon><desc></desc><category></category></programme><programme channel="141428765" start="20221230030000 +0000" stop="20221230060012 +0000" catchup-id="1311788172"><title>Ultimate 90s Playlist!</title><date></date><icon src="https://t-mobiletv.nl:443/CPS/images/universal/film/program/202212/20221222/51/20221222020139709fpi.jpg"></icon><desc></desc><category></category></programme><programme channel="141428765" start="20221230060012 +0000" stop="20221230065953 +0000" catchup-id="1312186246"><title>Girl Power Hour!</title><date></date><icon src="https://t-mobiletv.nl:443/CPS/images/universal/film/program/202212/20221223/3/20221223020135511tt5.jpg"></icon><desc></desc><category></category></programme><programme channel="141428765" start="20221230065953 +0000" stop="20221230100032 +0000" catchup-id="1312186252"><title>Saved By The 90s!</title><date></date><icon src="https://t-mobiletv.nl:443/CPS/images/universal/film/program/202212/20221223/57/20221223020135511jsa.jpg"></icon><desc></desc><category></category></programme><programme channel="141428765" start="20221230100032 +0000" stop="20221230130001 +0000" catchup-id="1312186258"><title>YO MTV! 90s Rap &amp; R'n'B</title><date></date><icon src="https://t-mobiletv.nl:443/CPS/images/universal/film/program/202212/20221223/8/202212230201355118p8.jpg"></icon><desc></desc><category></category></programme><programme channel="141428765" start="20221230130001 +0000" stop="20221230135920 +0000" catchup-id="1312186264"><title>Alternative Nation!</title><date></date><icon src="https://t-mobiletv.nl:443/CPS/images/universal/film/program/202212/20221223/92/202212230201355122mt.jpg"></icon><desc></desc><category></category></programme><programme channel="141428765" start="20221230135920 +0000" stop="20221230165913 +0000" catchup-id="1312186270"><title>90s Mixtape!</title><date></date><icon src="https://t-mobiletv.nl:443/CPS/images/universal/film/program/202212/20221223/92/20221223020135512d2d.jpg"></icon><desc></desc><category></category></programme><programme channel="141428765" start="20221230165913 +0000" stop="20221230200910 +0000" catchup-id="1312186276"><title>90s Club Classics! Top 50</title><date></date><icon src="https://t-mobiletv.nl:443/CPS/images/universal/film/program/202212/20221223/41/20221223020135512ekl.jpg"></icon><desc></desc><category></category></programme><programme channel="141428765" start="20221230200910 +0000" stop="20221230235906 +0000" catchup-id="1312186282"><title>Ultimate 90s Playlist!</title><date></date><icon src="https://t-mobiletv.nl:443/CPS/images/universal/film/program/202212/20221223/93/20221223020135512l6p.jpg"></icon><desc></desc><category></category></programme><programme channel="141428765" start="20221230235906 +0000" stop="20221231030000 +0000" catchup-id="1312186288"><title>90s Mixtape!</title><date></date><icon src="https://t-mobiletv.nl:443/CPS/images/universal/film/program/202212/20221223/75/20221223020135512qog.jpg"></icon><desc></desc><category></category></programme><programme channel="141428765" start="20221231030000 +0000" stop="20221231085959 +0000" catchup-id="1312186294"><title>It's A 90s New Year's Party!</title><date></date><icon src="https://t-mobiletv.nl:443/CPS/images/universal/film/program/202212/20221223/73/20221223020135512gm4.jpg"></icon><desc></desc><category></category></programme><programme channel="141428765" start="20221231085959 +0000" stop="20221231120226 +0000" catchup-id="1312565776"><title>It's A 90s New Year's Party!</title><date></date><icon src="https://t-mobiletv.nl:443/CPS/images/universal/film/program/202212/20221224/1/20221224020109704c78.jpg"></icon><desc></desc><category></category></programme><programme channel="141428765" start="20221231120226 +0000" stop="20221231140132 +0000" catchup-id="1312565782"><title>It's A 90s New Year's Party!</title><date></date><icon src="https://t-mobiletv.nl:443/CPS/images/universal/film/program/202212/20221224/85/20221224020109704m3q.jpg"></icon><desc></desc><category></category></programme><programme channel="141428765" start="20221231140132 +0000" stop="20221231190141 +0000" catchup-id="1312565788"><title>It's A 90s New Year's Party!</title><date></date><icon src="https://t-mobiletv.nl:443/CPS/images/universal/film/program/202212/20221224/47/202212240201097047og.jpg"></icon><desc></desc><category></category></programme><programme channel="141428765" start="20221231190141 +0000" stop="20230101000238 +0000" catchup-id="1312565794"><title>Happy New Year from MTV 90s!</title><date></date><icon src="https://t-mobiletv.nl:443/CPS/images/universal/film/program/202212/20221224/94/202212240201097040i3.jpg"></icon><desc></desc><category></category></programme><programme channel="141428765" start="20230101000238 +0000" stop="20230101030000 +0000" catchup-id="1312565800"><title>Happy New Year from MTV 90s!</title><date></date><icon src="https://t-mobiletv.nl:443/CPS/images/universal/film/program/202212/20221224/45/20221224020109704ba4.jpg"></icon><desc></desc><category></category></programme><programme channel="141428765" start="20230101030000 +0000" stop="20230101055953 +0000" catchup-id="1312565806"><title>Happy New Year from MTV 90s!</title><date></date><icon src="https://t-mobiletv.nl:443/CPS/images/universal/film/program/202212/20221224/91/20221224020109704suc.jpg"></icon><desc></desc><category></category></programme><programme channel="141428765" start="20230101055953 +0000" stop="20230101095917 +0000" catchup-id="1312930378"><title>Happy New Year from MTV 90s!</title><date></date><icon src="https://t-mobiletv.nl:443/CPS/images/universal/film/program/202212/20221225/81/20221225020130519kfr.jpg"></icon><desc></desc><category></category></programme><programme channel="141428765" start="20230101095917 +0000" stop="20230101140103 +0000" catchup-id="1312930384"><title>Happy New Year from MTV 90s!</title><date></date><icon src="https://t-mobiletv.nl:443/CPS/images/universal/film/program/202212/20221225/79/20221225020130520m2h.jpg"></icon><desc></desc><category></category></programme><programme channel="141428765" start="20230101140103 +0000" stop="20230101150057 +0000" catchup-id="1312930390"><title>Happy New Year from MTV 90s!</title><date></date><icon src="https://t-mobiletv.nl:443/CPS/images/universal/film/program/202212/20221225/40/202212250201305205dw.jpg"></icon><desc></desc><category></category></programme><programme channel="141428765" start="20230101150057 +0000" stop="20230101170052 +0000" catchup-id="1312930396"><title>Mmm Bop! Perfect Pop</title><date></date><icon src="https://t-mobiletv.nl:443/CPS/images/universal/film/program/202212/20221225/69/20221225020130520th0.jpg"></icon><desc></desc><category></category></programme><programme channel="141428765" start="20230101170052 +0000" stop="20230101200712 +0000" catchup-id="1312930402"><title>Encore 50 Fois! 90s Eurodance Hits</title><date></date><icon src="https://t-mobiletv.nl:443/CPS/images/universal/film/program/202212/20221225/49/20221225020130520efd.jpg"></icon><desc></desc><category></category></programme><programme channel="141428765" start="20230101200712 +0000" stop="20230102000027 +0000" catchup-id="1312930408"><title>Ultimate 90s Playlist!</title><date></date><icon src="https://t-mobiletv.nl:443/CPS/images/universal/film/program/202212/20221225/40/20221225020130520qru.jpg"></icon><desc></desc><category></category></programme><programme channel="141428765" start="20230102000027 +0000" stop="20230102030000 +0000" catchup-id="1312930414"><title>90s Mixtape!</title><date></date><icon src="https://t-mobiletv.nl:443/CPS/images/universal/film/program/202212/20221225/89/202212250201305203sr.jpg"></icon><desc></desc><category></category></programme><programme channel="141428765" start="20230102030000 +0000" stop="20230102060011 +0000" catchup-id="1312930420"><title>Ultimate 90s Playlist!</title><date></date><icon src="https://t-mobiletv.nl:443/CPS/images/universal/film/program/202212/20221225/68/20221225020130520jhc.jpg"></icon><desc></desc><category></category></programme><programme channel="141428765" start="20230102060011 +0000" stop="20230102070216 +0000" catchup-id="1313247551"><title>Girl Power Hour!</title><date></date><icon src="https://t-mobiletv.nl:443/CPS/images/universal/film/program/202212/20221226/43/202212260201055127fw.jpg"></icon><desc></desc><category></category></programme><programme channel="141428765" start="20230102070216 +0000" stop="20230102100255 +0000" catchup-id="1313247557"><title>Saved By The 90s!</title><date></date><icon src="https://t-mobiletv.nl:443/CPS/images/universal/film/program/202212/20221226/93/20221226020105512so8.jpg"></icon><desc></desc><category></category></programme><programme channel="141428765" start="20230102100255 +0000" stop="20230102130224 +0000" catchup-id="1313247563"><title>USA Hitlist! 90-99</title><date></date><icon src="https://t-mobiletv.nl:443/CPS/images/universal/film/program/202212/20221226/46/20221226020105512vt2.jpg"></icon><desc></desc><category></category></programme><programme channel="141428765" start="20230102130224 +0000" stop="20230102140137 +0000" catchup-id="1313247569"><title>Alternative Nation!</title><date></date><icon src="https://t-mobiletv.nl:443/CPS/images/universal/film/program/202212/20221226/46/202212260201055129fr.jpg"></icon><desc></desc><category></category></programme><programme channel="141428765" start="20230102140137 +0000" stop="20230102170211 +0000" catchup-id="1313247575"><title>90s Mixtape!</title><date></date><icon src="https://t-mobiletv.nl:443/CPS/images/universal/film/program/202212/20221226/84/20221226020105512hqg.jpg"></icon><desc></desc><category></category></programme><programme channel="141428765" start="20230102170211 +0000" stop="20230102200002 +0000" catchup-id="1313247581"><title>Boys vs Girls: 90s Hits!</title><date></date><icon src="https://t-mobiletv.nl:443/CPS/images/universal/film/program/202212/20221226/55/20221226020105512n5x.jpg"></icon><desc></desc><category></category></programme><programme channel="141428765" start="20230102200002 +0000" stop="20230102210002 +0000" catchup-id="1313247587"><title>Alternative Nation!</title><date></date><icon src="https://t-mobiletv.nl:443/CPS/images/universal/film/program/202212/20221226/90/202212260201055122t1.jpg"></icon><desc></desc><category></category></programme><programme channel="141428765" start="20230102210002 +0000" stop="20230102235940 +0000" catchup-id="1313247785"><title>Ultimate 90s Playlist!</title><date></date><icon src="https://t-mobiletv.nl:443/CPS/images/universal/film/program/202212/20221226/43/20221226020105512v8i.jpg"></icon><desc></desc><category></category></programme><programme channel="141428765" start="20230102235940 +0000" stop="20230103030000 +0000" catchup-id="1313247791"><title>90s Mixtape!</title><date></date><icon src="https://t-mobiletv.nl:443/CPS/images/universal/film/program/202212/20221226/80/20221226020105512cvc.jpg"></icon><desc></desc><category></category></programme><programme channel="141428765" start="20230103030000 +0000" stop="20230103060100 +0000" catchup-id="1313247797"><title>Ultimate 90s Playlist!</title><date></date><icon src="https://t-mobiletv.nl:443/CPS/images/universal/film/program/202212/20221226/14/202212260201055122la.jpg"></icon><desc></desc><category></category></programme><programme channel="141428765" start="20230103060100 +0000" stop="20230103070054 +0000" catchup-id="1313590171"><title>Girl Power Hour!</title><date></date><icon src="https://t-mobiletv.nl:443/CPS/images/universal/film/program/202212/20221227/79/20221227020120522g99.jpg"></icon><desc></desc><category></category></programme><programme channel="141428765" start="20230103070054 +0000" stop="20230103100037 +0000" catchup-id="1313590177"><title>Mmm Bop! Perfect Pop</title><date></date><icon src="https://t-mobiletv.nl:443/CPS/images/universal/film/program/202212/20221227/79/20221227020120522ifg.jpg"></icon><desc></desc><category></category></programme><programme channel="141428765" start="20230103100037 +0000" stop="20230103133913 +0000" catchup-id="1313590183"><title>50 Legends That Made The 90s!</title><date></date><icon src="https://t-mobiletv.nl:443/CPS/images/universal/film/program/202212/20221227/77/202212270201205226rq.jpg"></icon><desc></desc><category></category></programme><programme channel="141428765" start="20230103133913 +0000" stop="20230103165828 +0000" catchup-id="1313590189"><title>2 For 1: 90s Double Drop!</title><date></date><icon src="https://t-mobiletv.nl:443/CPS/images/universal/film/program/202212/20221227/32/20221227020120522awf.jpg"></icon><desc></desc><category></category></programme><programme channel="141428765" start="20230103165828 +0000" stop="20230103200052 +0000" catchup-id="1313590195"><title>MTV 90s @ The Movies!</title><date></date><icon src="https://t-mobiletv.nl:443/CPS/images/universal/film/program/202212/20221227/86/202212270201205229vb.jpg"></icon><desc></desc><category></category></programme><programme channel="141428765" start="20230103200052 +0000" stop="20230103210130 +0000" catchup-id="1313590201"><title>Alternative Nation!</title><date></date><icon src="https://t-mobiletv.nl:443/CPS/images/universal/film/program/202212/20221227/30/20221227020120522zg8.jpg"></icon><desc></desc><category></category></programme><programme channel="141428765" start="20230103210130 +0000" stop="20230104000055 +0000" catchup-id="1313590207"><title>Ultimate 90s Playlist!</title><date></date><icon src="https://t-mobiletv.nl:443/CPS/images/universal/film/program/202212/20221227/73/20221227020120522yoj.jpg"></icon><desc></desc><category></category></programme><programme channel="141428765" start="20230104000055 +0000" stop="20230104030000 +0000" catchup-id="1313959295"><title>90s Mixtape!</title><date></date><icon src="https://t-mobiletv.nl:443/CPS/images/universal/film/program/202212/20221228/71/202212280201097088p2.jpg"></icon><desc></desc><category></category></programme><programme channel="141428765" start="20230104030000 +0000" stop="20230104060107 +0000" catchup-id="1313590219"><title>Ultimate 90s Playlist!</title><date></date><icon src="https://t-mobiletv.nl:443/CPS/images/universal/film/program/202212/20221227/50/2022122702012052297k.jpg"></icon><desc></desc><category></category></programme><programme channel="141428765" start="20230104060107 +0000" stop="20230104070139 +0000" catchup-id="1313959301"><title>Girl Power Hour!</title><date></date><icon src="https://t-mobiletv.nl:443/CPS/images/universal/film/program/202212/20221228/25/20221228020109708w16.jpg"></icon><desc></desc><category></category></programme><programme channel="141428765" start="20230104070139 +0000" stop="20230104100106 +0000" catchup-id="1313959307"><title>Smells Like... The 90s!</title><date></date><icon src="https://t-mobiletv.nl:443/CPS/images/universal/film/program/202212/20221228/81/20221228020109708eza.jpg"></icon><desc></desc><category></category></programme><programme channel="141428765" start="20230104100106 +0000" stop="20230104130124 +0000" catchup-id="1313959313"><title>Boys vs Girls: 90s Hits!</title><date></date><icon src="https://t-mobiletv.nl:443/CPS/images/universal/film/program/202212/20221228/47/20221228020109708spo.jpg"></icon><desc></desc><category></category></programme><programme channel="141428765" start="20230104130124 +0000" stop="20230104135947 +0000" catchup-id="1313959319"><title>Alternative Nation!</title><date></date><icon src="https://t-mobiletv.nl:443/CPS/images/universal/film/program/202212/20221228/63/20221228020109708qwg.jpg"></icon><desc></desc><category></category></programme><programme channel="141428765" start="20230104135947 +0000" stop="20230104170117 +0000" catchup-id="1313959325"><title>Mmm Bop! Perfect Pop</title><date></date><icon src="https://t-mobiletv.nl:443/CPS/images/universal/film/program/202212/20221228/47/20221228020109708s3f.jpg"></icon><desc></desc><category></category></programme><programme channel="141428765" start="20230104170117 +0000" stop="20230104200138 +0000" catchup-id="1313959331"><title>Non-Stop Europop!</title><date></date><icon src="https://t-mobiletv.nl:443/CPS/images/universal/film/program/202212/20221228/5/20221228020109708tbz.jpg"></icon><desc></desc><category></category></programme><programme channel="141428765" start="20230104200138 +0000" stop="20230104210010 +0000" catchup-id="1313959337"><title>Alternative Nation!</title><date></date><icon src="https://t-mobiletv.nl:443/CPS/images/universal/film/program/202212/20221228/31/20221228020109708v90.jpg"></icon><desc></desc><category></category></programme><programme channel="141428765" start="20230104210010 +0000" stop="20230105000056 +0000" catchup-id="1313959343"><title>Ultimate 90s Playlist!</title><date></date><icon src="https://t-mobiletv.nl:443/CPS/images/universal/film/program/202212/20221228/81/202212280201097083dn.jpg"></icon><desc></desc><category></category></programme><programme channel="141428765" start="20230105000056 +0000" stop="20230105030000 +0000" catchup-id="1313959349"><title>90s Mixtape!</title><date></date><icon src="https://t-mobiletv.nl:443/CPS/images/universal/film/program/202212/20221228/77/20221228020109708e40.jpg"></icon><desc></desc><category></category></programme><programme channel="141428765" start="20230105030000 +0000" stop="20230105060056 +0000" catchup-id="1313959355"><title>Ultimate 90s Playlist!</title><date></date><icon src="https://t-mobiletv.nl:443/CPS/images/universal/film/program/202212/20221228/63/20221228020109708ekl.jpg"></icon><desc></desc><category></category></programme><programme channel="141428765" start="20230105060056 +0000" stop="20230105093927 +0000" catchup-id="1314398569"><title>50 Legends That Made The 90s!</title><date></date><icon src="https://t-mobiletv.nl:443/CPS/images/universal/film/program/202212/20221229/15/20221229020144712tmk.jpg"></icon><desc></desc><category></category></programme><programme channel="141428765" start="20230105093927 +0000" stop="20230105130114 +0000" catchup-id="1314398575"><title>MTV 90s @ The Movies!</title><date></date><icon src="https://t-mobiletv.nl:443/CPS/images/universal/film/program/202212/20221229/38/20221229020144712ihe.jpg"></icon><desc></desc><category></category></programme><programme channel="141428765" start="20230105130114 +0000" stop="20230105140216 +0000" catchup-id="1314398581"><title>Alternative Nation!</title><date></date><icon src="https://t-mobiletv.nl:443/CPS/images/universal/film/program/202212/20221229/51/202212290201447126ga.jpg"></icon><desc></desc><category></category></programme><programme channel="141428765" start="20230105140216 +0000" stop="20230105170158 +0000" catchup-id="1314398587"><title>Smells Like... The 90s!</title><date></date><icon src="https://t-mobiletv.nl:443/CPS/images/universal/film/program/202212/20221229/4/20221229020144712pd8.jpg"></icon><desc></desc><category></category></programme><programme channel="141428765" start="20230105170158 +0000" stop="20230105200251 +0000" catchup-id="1314398593"><title>YO MTV! 90s Rap &amp; R'n'B</title><date></date><icon src="https://t-mobiletv.nl:443/CPS/images/universal/film/program/202212/20221229/29/202212290201447135r5.jpg"></icon><desc></desc><category></category></programme><programme channel="141428765" start="20230105200251 +0000" stop="20230105210113 +0000" catchup-id="1314398599"><title>Alternative Nation!</title><date></date><icon src="https://t-mobiletv.nl:443/CPS/images/universal/film/program/202212/20221229/78/202212290201447137id.jpg"></icon><desc></desc><category></category></programme><programme channel="141428765" start="20230105210113 +0000" stop="20230106000124 +0000" catchup-id="1314398605"><title>Ultimate 90s Playlist!</title><date></date><icon src="https://t-mobiletv.nl:443/CPS/images/universal/film/program/202212/20221229/97/20221229020144713rwq.jpg"></icon><desc></desc><category></category></programme><programme channel="141428765" start="20230106000124 +0000" stop="20230106030000 +0000" catchup-id="1314398611"><title>90s Mixtape!</title><date></date><icon src="https://t-mobiletv.nl:443/CPS/images/universal/film/program/202212/20221229/9/20221229020144713tq5.jpg"></icon><desc></desc><category></category></programme><programme channel="141428765" start="20230106030000 +0000" stop="20230106060123 +0000" catchup-id="1314398617"><title>Ultimate 90s Playlist!</title><date></date><icon src="https://t-mobiletv.nl:443/CPS/images/universal/film/program/202212/20221229/22/20221229020144713d6u.jpg"></icon><desc></desc><category></category></programme><programme channel="141428765" start="20230106060123 +0000" stop="20230106070022 +0000" catchup-id="1314818864"><title>Girl Power Hour!</title><date></date><icon src="https://t-mobiletv.nl:443/CPS/images/universal/film/program/202212/20221230/18/20221230020050522w1w.jpg"></icon><desc></desc><category></category></programme><programme channel="141428765" start="20230106070022 +0000" stop="20230106100035 +0000" catchup-id="1314818870"><title>Saved By The 90s!</title><date></date><icon src="https://t-mobiletv.nl:443/CPS/images/universal/film/program/202212/20221230/19/20221230020050522g7h.jpg"></icon><desc></desc><category></category></programme><programme channel="141428765" start="20230106100035 +0000" stop="20230106125951 +0000" catchup-id="1314818876"><title>YO MTV! 90s Rap &amp; R'n'B</title><date></date><icon src="https://t-mobiletv.nl:443/CPS/images/universal/film/program/202212/20221230/87/202212300200505221rr.jpg"></icon><desc></desc><category></category></programme><programme channel="141428765" start="20230106125951 +0000" stop="20230106135936 +0000" catchup-id="1314818882"><title>Alternative Nation!</title><date></date><icon src="https://t-mobiletv.nl:443/CPS/images/universal/film/program/202212/20221230/97/202212300200505223ho.jpg"></icon><desc></desc><category></category></programme><programme channel="141428765" start="20230106135936 +0000" stop="20230106170123 +0000" catchup-id="1314818888"><title>90s Mixtape!</title><date></date><icon src="https://t-mobiletv.nl:443/CPS/images/universal/film/program/202212/20221230/2/20221230020050522qn3.jpg"></icon><desc></desc><category></category></programme><programme channel="141428765" start="20230106170123 +0000" stop="20230106203504 +0000" catchup-id="1314818894"><title>RnB Stars: 50 Top Hits</title><date></date><icon src="https://t-mobiletv.nl:443/CPS/images/universal/film/program/202212/20221230/58/20221230020050522p2p.jpg"></icon><desc></desc><category></category></programme><programme channel="141428765" start="20230106203504 +0000" stop="20230107000026 +0000" catchup-id="1314818900"><title>Ultimate 90s Playlist!</title><date></date><icon src="https://t-mobiletv.nl:443/CPS/images/universal/film/program/202212/20221230/32/20221230020050523xlx.jpg"></icon><desc></desc><category></category></programme><programme channel="141428765" start="20230107000026 +0000" stop="20230107030000 +0000" catchup-id="1314818906"><title>90s Mixtape!</title><date></date><icon src="https://t-mobiletv.nl:443/CPS/images/universal/film/program/202212/20221230/25/20221230020050523ifn.jpg"></icon><desc></desc><category></category></programme><programme channel="141428765" start="20230107030000 +0000" stop="20230107060043 +0000" catchup-id="1314818912"><title>Ultimate 90s Playlist!</title><date></date><icon src="https://t-mobiletv.nl:443/CPS/images/universal/film/program/202212/20221230/59/20221230020050523yvf.jpg"></icon><desc></desc><category></category></programme><programme channel="141428765" start="20230107060043 +0000" stop="20230107070104 +0000" catchup-id="1315263080"><title>Girl Power Hour!</title><date></date><icon src="https://t-mobiletv.nl:443/CPS/images/universal/film/program/202212/20221231/35/20221231020215517qc3.jpg"></icon><desc></desc><category></category></programme><programme channel="141428765" start="20230107070104 +0000" stop="20230107100103 +0000" catchup-id="1315263086"><title>90s Mixtape!</title><date></date><icon src="https://t-mobiletv.nl:443/CPS/images/universal/film/program/202212/20221231/81/20221231020215518bl4.jpg"></icon><desc></desc><category></category></programme><programme channel="141428765" start="20230107100103 +0000" stop="20230107133437 +0000" catchup-id="1315263092"><title>RnB Stars: 50 Top Hits</title><date></date><icon src="https://t-mobiletv.nl:443/CPS/images/universal/film/program/202212/20221231/19/20221231020215518r82.jpg"></icon><desc></desc><category></category></programme><programme channel="141428765" start="20230107133437 +0000" stop="20230107170045 +0000" catchup-id="1315263098"><title>Saturday Night Party!</title><date></date><icon src="https://t-mobiletv.nl:443/CPS/images/universal/film/program/202212/20221231/96/20221231020215518ses.jpg"></icon><desc></desc><category></category></programme><programme channel="141428765" start="20230107170045 +0000" stop="20230107210100 +0000" catchup-id="1315263104"><title>Dance Megamix! 90-99</title><date></date><icon src="https://t-mobiletv.nl:443/CPS/images/universal/film/program/202212/20221231/90/20221231020215518opp.jpg"></icon><desc></desc><category></category></programme><programme channel="141428765" start="20230107210100 +0000" stop="20230108000116 +0000" catchup-id="1315263110"><title>Ultimate 90s Playlist!</title><date></date><icon src="https://t-mobiletv.nl:443/CPS/images/universal/film/program/202212/20221231/75/202212310202155187nb.jpg"></icon><desc></desc><category></category></programme><programme channel="141428765" start="20230108000116 +0000" stop="20230108030000 +0000" catchup-id="1315263116"><title>90s Mixtape!</title><date></date><icon src="https://t-mobiletv.nl:443/CPS/images/universal/film/program/202212/20221231/54/202212310202155180p9.jpg"></icon><desc></desc><category></category></programme><programme channel="141428765" start="20230108030000 +0000" stop="20230108060013 +0000" catchup-id="1315263122"><title>Ultimate 90s Playlist!</title><date></date><icon src="https://t-mobiletv.nl:443/CPS/images/universal/film/program/202212/20221231/2/2022123102021551810z.jpg"></icon><desc></desc><category></category></programme><programme channel="141428765" start="20230108060013 +0000" stop="20230108070023 +0000" catchup-id="1315604729"><title>Girl Power Hour!</title><date></date><icon src="https://t-mobiletv.nl:443/CPS/images/universal/film/program/202301/20230101/31/2023010102011050828q.jpg"></icon><desc></desc><category></category></programme><programme channel="141428765" start="20230108070023 +0000" stop="20230108100158 +0000" catchup-id="1315604735"><title>Smells Like... The 90s!</title><date></date><icon src="https://t-mobiletv.nl:443/CPS/images/universal/film/program/202301/20230101/9/20230101020110508muz.jpg"></icon><desc></desc><category></category></programme><programme channel="141428765" start="20230108100158 +0000" stop="20230108140013 +0000" catchup-id="1315604741"><title>The Power Of 90s Love!</title><date></date><icon src="https://t-mobiletv.nl:443/CPS/images/universal/film/program/202301/20230101/50/20230101020110508csp.jpg"></icon><desc></desc><category></category></programme><programme channel="141428765" start="20230108140013 +0000" stop="20230108170233 +0000" catchup-id="1315604747"><title>Mmm Bop! Perfect Pop</title><date></date><icon src="https://t-mobiletv.nl:443/CPS/images/universal/film/program/202301/20230101/14/202301010201105085ci.jpg"></icon><desc></desc><category></category></programme><programme channel="141428765" start="20230108170233 +0000" stop="20230108204114 +0000" catchup-id="1315604753"><title>50 Legends That Made The 90s!</title><date></date><icon src="https://t-mobiletv.nl:443/CPS/images/universal/film/program/202301/20230101/66/2023010102011050843s.jpg"></icon><desc></desc><category></category></programme><programme channel="141428765" start="20230108204114 +0000" stop="20230109000237 +0000" catchup-id="1315604759"><title>Ultimate 90s Playlist!</title><date></date><icon src="https://t-mobiletv.nl:443/CPS/images/universal/film/program/202301/20230101/2/20230101020110508wof.jpg"></icon><desc></desc><category></category></programme><programme channel="141428765" start="20230109000237 +0000" stop="20230109030000 +0000" catchup-id="1315604765"><title>90s Mixtape!</title><date></date><icon src="https://t-mobiletv.nl:443/CPS/images/universal/film/program/202301/20230101/44/2023010102011050943k.jpg"></icon><desc></desc><category></category></programme><programme channel="141428765" start="20230109030000 +0000" stop="20230109055951 +0000" catchup-id="1315604771"><title>Ultimate 90s Playlist!</title><date></date><icon src="https://t-mobiletv.nl:443/CPS/images/universal/film/program/202301/20230101/7/20230101020110509ee3.jpg"></icon><desc></desc><category></category></programme><programme channel="141428765" start="20230109055951 +0000" stop="20230109070008 +0000" catchup-id="1315928885"><title>Girl Power Hour!</title><date></date><icon src="https://t-mobiletv.nl:443/CPS/images/universal/film/program/202301/20230102/77/20230102020100672mgf.jpg"></icon><desc></desc><category></category></programme><programme channel="141428765" start="20230109070008 +0000" stop="20230109100003 +0000" catchup-id="1315928891"><title>Saved By The 90s!</title><date></date><icon src="https://t-mobiletv.nl:443/CPS/images/universal/film/program/202301/20230102/28/202301020201006729pg.jpg"></icon><desc></desc><category></category></programme><programme channel="141428765" start="20230109100003 +0000" stop="20230109130021 +0000" catchup-id="1315928897"><title>USA Hitlist! 90-99</title><date></date><icon src="https://t-mobiletv.nl:443/CPS/images/universal/film/program/202301/20230102/66/20230102020100672dw2.jpg"></icon><desc></desc><category></category></programme><programme channel="141428765" start="20230109130021 +0000" stop="20230109140150 +0000" catchup-id="1315928903"><title>Alternative Nation!</title><date></date><icon src="https://t-mobiletv.nl:443/CPS/images/universal/film/program/202301/20230102/37/20230102020100672yzw.jpg"></icon><desc></desc><category></category></programme><programme channel="141428765" start="20230109140150 +0000" stop="20230109170139 +0000" catchup-id="1315928909"><title>90s Mixtape!</title><date></date><icon src="https://t-mobiletv.nl:443/CPS/images/universal/film/program/202301/20230102/77/202301020201006726kh.jpg"></icon><desc></desc><category></category></programme><programme channel="141428765" start="20230109170139 +0000" stop="20230109200104 +0000" catchup-id="1315928915"><title>Boys vs Girls: 90s Hits!</title><date></date><icon src="https://t-mobiletv.nl:443/CPS/images/universal/film/program/202301/20230102/6/20230102020100672doh.jpg"></icon><desc></desc><category></category></programme><programme channel="141428765" start="20230109200104 +0000" stop="20230109210131 +0000" catchup-id="1315928921"><title>Alternative Nation!</title><date></date><icon src="https://t-mobiletv.nl:443/CPS/images/universal/film/program/202301/20230102/66/20230102020100672u3b.jpg"></icon><desc></desc><category></category></programme><programme channel="141428765" start="20230109210131 +0000" stop="20230110000013 +0000" catchup-id="1315928927"><title>Ultimate 90s Playlist!</title><date></date><icon src="https://t-mobiletv.nl:443/CPS/images/universal/film/program/202301/20230102/19/20230102020100673qkc.jpg"></icon><desc></desc><category></category></programme><programme channel="141428765" start="20230110000013 +0000" stop="20230110030000 +0000" catchup-id="1315928933"><title>90s Mixtape!</title><date></date><icon src="https://t-mobiletv.nl:443/CPS/images/universal/film/program/202301/20230102/11/20230102020100673nzd.jpg"></icon><desc></desc><category></category></programme><programme channel="141428765" start="20230110030000 +0000" stop="20230110060000 +0000" catchup-id="1315928939"><title>Ultimate 90s Playlist!</title><date></date><icon src="https://t-mobiletv.nl:443/CPS/images/universal/film/program/202301/20230102/40/20230102020100673qd0.jpg"></icon><desc></desc><category></category></programme><programme channel="141428765" start="20230110060000 +0000" stop="20230110070000 +0000" catchup-id="1316291434"><title>Girl Power Hour!</title><date></date><icon src="https://t-mobiletv.nl:443/CPS/images/universal/film/program/202301/20230103/82/20230103020115532diw.jpg"></icon><desc></desc><category></category></programme><programme channel="141428765" start="20230110070000 +0000" stop="20230110100000 +0000" catchup-id="1316291440"><title>Mmm Bop! Perfect Pop</title><date></date><icon src="https://t-mobiletv.nl:443/CPS/images/universal/film/program/202301/20230103/58/20230103020115532qyw.jpg"></icon><desc></desc><category></category></programme><programme channel="141428765" start="20230110100000 +0000" stop="20230110140000 +0000" catchup-id="1316291446"><title>Top 50 90s Rocks!</title><date></date><icon src="https://t-mobiletv.nl:443/CPS/images/universal/film/program/202301/20230103/7/20230103020115533fg5.jpg"></icon><desc></desc><category></category></programme><programme channel="141428765" start="20230110140000 +0000" stop="20230110170000 +0000" catchup-id="1316291452"><title>2 For 1: 90s Double Drop!</title><date></date><icon src="https://t-mobiletv.nl:443/CPS/images/universal/film/program/202301/20230103/4/20230103020115533vb8.jpg"></icon><desc></desc><category></category></programme><programme channel="141428765" start="20230110170000 +0000" stop="20230110200000 +0000" catchup-id="1316291458"><title>MTV 90s @ The Movies!</title><date></date><icon src="https://t-mobiletv.nl:443/CPS/images/universal/film/program/202301/20230103/25/20230103020115533id5.jpg"></icon><desc></desc><category></category></programme><programme channel="141428765" start="20230110200000 +0000" stop="20230110210000 +0000" catchup-id="1316291464"><title>Alternative Nation!</title><date></date><icon src="https://t-mobiletv.nl:443/CPS/images/universal/film/program/202301/20230103/97/20230103020115533hfn.jpg"></icon><desc></desc><category></category></programme><programme channel="141428765" start="20230110210000 +0000" stop="20230111000000 +0000" catchup-id="1316291470"><title>Ultimate 90s Playlist!</title><date></date><icon src="https://t-mobiletv.nl:443/CPS/images/universal/film/program/202301/20230103/47/20230103020115533sy0.jpg"></icon><desc></desc><category></category></programme><programme channel="141428765" start="20230111000000 +0000" stop="20230111030000 +0000" catchup-id="1316291476"><title>90s Mixtape!</title><date></date><icon src="https://t-mobiletv.nl:443/CPS/images/universal/film/program/202301/20230103/62/202301030201155339c8.jpg"></icon><desc></desc><category></category></programme><programme channel="141428765" start="20230111030000 +0000" stop="20230111060000 +0000" catchup-id="1316291482"><title>Ultimate 90s Playlist!</title><date></date><icon src="https://t-mobiletv.nl:443/CPS/images/universal/film/program/202301/20230103/5/20230103020115533nod.jpg"></icon><desc></desc><category></category></programme><programme channel="141428765" start="20230111060000 +0000" stop="20230111070000 +0000" catchup-id="1316683613"><title>Girl Power Hour!</title><date></date><icon src="https://t-mobiletv.nl:443/CPS/images/universal/film/program/202301/20230104/41/2023010402012550819r.jpg"></icon><desc></desc><category></category></programme><programme channel="141428765" start="20230111070000 +0000" stop="20230111100000 +0000" catchup-id="1316683619"><title>Smells Like... The 90s!</title><date></date><icon src="https://t-mobiletv.nl:443/CPS/images/universal/film/program/202301/20230104/30/20230104020125508awl.jpg"></icon><desc></desc><category></category></programme><programme channel="141428765" start="20230111100000 +0000" stop="20230111130000 +0000" catchup-id="1316683625"><title>Boys vs Girls: 90s Hits!</title><date></date><icon src="https://t-mobiletv.nl:443/CPS/images/universal/film/program/202301/20230104/98/20230104020125509415.jpg"></icon><desc></desc><category></category></programme><programme channel="141428765" start="20230111130000 +0000" stop="20230111140000 +0000" catchup-id="1316683631"><title>Alternative Nation!</title><date></date><icon src="https://t-mobiletv.nl:443/CPS/images/universal/film/program/202301/20230104/85/20230104020125509so2.jpg"></icon><desc></desc><category></category></programme><programme channel="141428765" start="20230111140000 +0000" stop="20230111170000 +0000" catchup-id="1316683637"><title>Mmm Bop! Perfect Pop</title><date></date><icon src="https://t-mobiletv.nl:443/CPS/images/universal/film/program/202301/20230104/87/20230104020125509n1a.jpg"></icon><desc></desc><category></category></programme><programme channel="141428765" start="20230111170000 +0000" stop="20230111200000 +0000" catchup-id="1316683643"><title>Non-Stop Europop!</title><date></date><icon src="https://t-mobiletv.nl:443/CPS/images/universal/film/program/202301/20230104/96/20230104020125509e8j.jpg"></icon><desc></desc><category></category></programme><programme channel="141428765" start="20230111200000 +0000" stop="20230111210000 +0000" catchup-id="1316683649"><title>Alternative Nation!</title><date></date><icon src="https://t-mobiletv.nl:443/CPS/images/universal/film/program/202301/20230104/96/20230104020125509o5t.jpg"></icon><desc></desc><category></category></programme><programme channel="141428765" start="20230111210000 +0000" stop="20230112000000 +0000" catchup-id="1316683655"><title>Ultimate 90s Playlist!</title><date></date><icon src="https://t-mobiletv.nl:443/CPS/images/universal/film/program/202301/20230104/17/20230104020125509fn4.jpg"></icon><desc></desc><category></category></programme><programme channel="141428765" start="20230112000000 +0000" stop="20230112030000 +0000" catchup-id="1316683661"><title>90s Mixtape!</title><date></date><icon src="https://t-mobiletv.nl:443/CPS/images/universal/film/program/202301/20230104/16/202301040201255098l7.jpg"></icon><desc></desc><category></category></programme><programme channel="141428765" start="20230112030000 +0000" stop="20230112060000 +0000" catchup-id="1316683667"><title>Ultimate 90s Playlist!</title><date></date><icon src="https://t-mobiletv.nl:443/CPS/images/universal/film/program/202301/20230104/92/20230104020125509uyx.jpg"></icon><desc></desc><category></category></programme>