<programme channel="141429092" start="20221229170500 +0000" stop="20221229175000 +0000" catchup-id="1311784346"><title>InterMezzo</title><date></date><icon src="https://t-mobiletv.nl:443/CPS/images/universal/film/program/202212/20221222/24/202212220201305146vw.jpg"></icon><desc></desc><category></category></programme><programme channel="141429092" start="20221229175000 +0000" stop="20221229193000 +0000" catchup-id="1311784352"><title>Orchestre Philharmonique Royal de Liège, Jan Lisiecki, Gergely Madaras: Franck, Chopin, Dvorak</title><date></date><icon src="https://t-mobiletv.nl:443/CPS/images/universal/film/program/202212/20221222/78/20221222020130514f63.jpg"></icon><desc></desc><category></category></programme><programme channel="141429092" start="20221229193000 +0000" stop="20221229203000 +0000" catchup-id="1311784358"><title>Antonio Zambujo - La Cigale</title><date></date><icon src="https://t-mobiletv.nl:443/CPS/images/universal/film/program/202212/20221222/6/20221222020130514v9m.jpg"></icon><desc></desc><category></category></programme><programme channel="141429092" start="20221229203000 +0000" stop="20221229214500 +0000" catchup-id="1311784364"><title>Bebel Gilberto / New Morning</title><date></date><icon src="https://t-mobiletv.nl:443/CPS/images/universal/film/program/202212/20221222/56/202212220201305148wb.jpg"></icon><desc></desc><category></category></programme><programme channel="141429092" start="20221229214500 +0000" stop="20221229223800 +0000" catchup-id="1311784370"><title>Felipe Cabrera &quot;Medusa&quot; with Judith Sánchez Ruiz</title><date></date><icon src="https://t-mobiletv.nl:443/CPS/images/universal/film/program/202212/20221222/39/20221222020130514hut.jpg"></icon><desc></desc><category></category></programme><programme channel="141429092" start="20221229223800 +0000" stop="20221230001000 +0000" catchup-id="1311784376"><title>Giovanni Antonini and Il Giardino Armonico in Wroclaw</title><date></date><icon src="https://t-mobiletv.nl:443/CPS/images/universal/film/program/202212/20221222/59/20221222020130514uic.jpg"></icon><desc></desc><category></category></programme><programme channel="141429092" start="20221230001000 +0000" stop="20221230015300 +0000" catchup-id="1311784382"><title>One Thousand and One Nights by Fikret Amirov - Kremlin Ballet</title><date></date><icon src="https://t-mobiletv.nl:443/CPS/images/universal/film/program/202212/20221222/67/20221222020130514714.jpg"></icon><desc></desc><category></category></programme><programme channel="141429092" start="20221230015300 +0000" stop="20221230033800 +0000" catchup-id="1311784388"><title>State Academic Symphony Orchestra 'Evgeny Svetlanov'and Fuad Ibrahimov Hajibayli, Khanmammadov, Amir</title><date></date><icon src="https://t-mobiletv.nl:443/CPS/images/universal/film/program/202212/20221222/39/2022122202013051429h.jpg"></icon><desc></desc><category></category></programme><programme channel="141429092" start="20221230033800 +0000" stop="20221230043600 +0000" catchup-id="1311784394"><title>The Orchestre Philharmonique de Monte-Carlo and Rauf Abdullayev: Amirov</title><date></date><icon src="https://t-mobiletv.nl:443/CPS/images/universal/film/program/202212/20221222/20/20221222020130514djv.jpg"></icon><desc></desc><category></category></programme><programme channel="141429092" start="20221230043600 +0000" stop="20221230053600 +0000" catchup-id="1312169446"><title>Juan Carmona Septet - Jazz à Vienne</title><date></date><icon src="https://t-mobiletv.nl:443/CPS/images/universal/film/program/202212/20221223/23/202212230201122649ff.jpg"></icon><desc></desc><category></category></programme><programme channel="141429092" start="20221230053600 +0000" stop="20221230062100 +0000" catchup-id="1312169452"><title>Bodas de Sangre by Antonio Gades - Teatro Real</title><date></date><icon src="https://t-mobiletv.nl:443/CPS/images/universal/film/program/202212/20221223/32/202212230201122641xf.jpg"></icon><desc></desc><category></category></programme><programme channel="141429092" start="20221230062100 +0000" stop="20221230080000 +0000" catchup-id="1312169458"><title>InterMezzo</title><date></date><icon src="https://t-mobiletv.nl:443/CPS/images/universal/film/program/202212/20221223/74/20221223020112264hu3.jpg"></icon><desc></desc><category></category></programme><programme channel="141429092" start="20221230080000 +0000" stop="20221230100600 +0000" catchup-id="1312169464"><title>Mam'zelle Nitouche by Hervé at the Opéra de Lausanne</title><date></date><icon src="https://t-mobiletv.nl:443/CPS/images/universal/film/program/202212/20221223/61/20221223020112264m6p.jpg"></icon><desc></desc><category></category></programme><programme channel="141429092" start="20221230100600 +0000" stop="20221230113000 +0000" catchup-id="1312169470"><title>Herbert von Karajan and the Vienna Philharmonic: Bruckner, Symphony No. 9</title><date></date><icon src="https://t-mobiletv.nl:443/CPS/images/universal/film/program/202212/20221223/59/20221223020112265dsl.jpg"></icon><desc></desc><category></category></programme><programme channel="141429092" start="20221230113000 +0000" stop="20221230121400 +0000" catchup-id="1312169476"><title>Itzhak Perlman plays Brahms Violin Concerto</title><date></date><icon src="https://t-mobiletv.nl:443/CPS/images/universal/film/program/202212/20221223/2/2022122302011226514a.jpg"></icon><desc></desc><category></category></programme><programme channel="141429092" start="20221230121400 +0000" stop="20221230131300 +0000" catchup-id="1312169482"><title>Itzhak Perlman, Virtuoso Violinist</title><date></date><icon src="https://t-mobiletv.nl:443/CPS/images/universal/film/program/202212/20221223/63/202212230201122650iz.jpg"></icon><desc></desc><category></category></programme><programme channel="141429092" start="20221230131300 +0000" stop="20221230143900 +0000" catchup-id="1312169488"><title>Herbert von Karajan and the Vienna Philharmonic: Bruckner, Symphony No. 8</title><date></date><icon src="https://t-mobiletv.nl:443/CPS/images/universal/film/program/202212/20221223/66/20221223020112265sbe.jpg"></icon><desc></desc><category></category></programme><programme channel="141429092" start="20221230143900 +0000" stop="20221230150000 +0000" catchup-id="1312169494"><title>InterMezzo</title><date></date><icon src="https://t-mobiletv.nl:443/CPS/images/universal/film/program/202212/20221223/53/20221223020112265ofc.jpg"></icon><desc></desc><category></category></programme><programme channel="141429092" start="20221230150000 +0000" stop="20221230162500 +0000" catchup-id="1312169500"><title>Mauro Bigonzetti's 'The Trial' by the Czech National Ballet</title><date></date><icon src="https://t-mobiletv.nl:443/CPS/images/universal/film/program/202212/20221223/22/20221223020112265cmv.jpg"></icon><desc></desc><category></category></programme><programme channel="141429092" start="20221230162500 +0000" stop="20221230174000 +0000" catchup-id="1312169506"><title>A Year in the life of choreographer Jiří Kylián</title><date></date><icon src="https://t-mobiletv.nl:443/CPS/images/universal/film/program/202212/20221223/15/20221223020112265yys.jpg"></icon><desc></desc><category></category></programme><programme channel="141429092" start="20221230174000 +0000" stop="20221230193000 +0000" catchup-id="1312169512"><title>Les Siècles, François-Xavier Roth: Stravinsky</title><date></date><icon src="https://t-mobiletv.nl:443/CPS/images/universal/film/program/202212/20221223/10/20221223020112265466.jpg"></icon><desc></desc><category></category></programme><programme channel="141429092" start="20221230193000 +0000" stop="20221230201700 +0000" catchup-id="1312169518"><title>Herbert von Karajan and the Berlin Philharmonic: Brahms' Symphony No. 1</title><date></date><icon src="https://t-mobiletv.nl:443/CPS/images/universal/film/program/202212/20221223/0/20221223020112265ats.jpg"></icon><desc></desc><category></category></programme><programme channel="141429092" start="20221230201700 +0000" stop="20221230210000 +0000" catchup-id="1312169524"><title>Herbert von Karajan and the Berlin Philharmonic: Brahms' Symphony no. 2</title><date></date><icon src="https://t-mobiletv.nl:443/CPS/images/universal/film/program/202212/20221223/18/20221223020112265ono.jpg"></icon><desc></desc><category></category></programme><programme channel="141429092" start="20221230210000 +0000" stop="20221230222100 +0000" catchup-id="1312169530"><title>Herbert von Karajan ant the Vienna Philharmonic: A German Requiem by Brahms</title><date></date><icon src="https://t-mobiletv.nl:443/CPS/images/universal/film/program/202212/20221223/26/20221223020112265s7q.jpg"></icon><desc></desc><category></category></programme><programme channel="141429092" start="20221230222100 +0000" stop="20221230231000 +0000" catchup-id="1312169536"><title>Herbert von Karajan, Berliner Philharmoniker: Don Quixote by Strauss</title><date></date><icon src="https://t-mobiletv.nl:443/CPS/images/universal/film/program/202212/20221223/15/20221223020112265bf2.jpg"></icon><desc></desc><category></category></programme><programme channel="141429092" start="20221230231000 +0000" stop="20221231014200 +0000" catchup-id="1312169542"><title>Aida by Verdi at the Grand Théâtre de Genève</title><date></date><icon src="https://t-mobiletv.nl:443/CPS/images/universal/film/program/202212/20221223/64/20221223020112265i12.jpg"></icon><desc></desc><category></category></programme><programme channel="141429092" start="20221231014200 +0000" stop="20221231021200 +0000" catchup-id="1312169548"><title>English National Ballet: Echoes, Laid in Earth</title><date></date><icon src="https://t-mobiletv.nl:443/CPS/images/universal/film/program/202212/20221223/0/202212230201122658ut.jpg"></icon><desc></desc><category></category></programme><programme channel="141429092" start="20221231021200 +0000" stop="20221231031500 +0000" catchup-id="1312169554"><title>Kyle Eastwood &quot;Cinematic&quot; with Hugh Coltman &amp; Camille Bertault - Jazz à Vienne</title><date></date><icon src="https://t-mobiletv.nl:443/CPS/images/universal/film/program/202212/20221223/71/20221223020112265wgp.jpg"></icon><desc></desc><category></category></programme><programme channel="141429092" start="20221231031500 +0000" stop="20221231041500 +0000" catchup-id="1312169560"><title>Juan Carmona Septet - Jazz à Vienne</title><date></date><icon src="https://t-mobiletv.nl:443/CPS/images/universal/film/program/202212/20221223/33/20221223020112265q32.jpg"></icon><desc></desc><category></category></programme><programme channel="141429092" start="20221231041500 +0000" stop="20221231051500 +0000" catchup-id="1312169566"><title>Snarky Puppy - A to Jazz Festival</title><date></date><icon src="https://t-mobiletv.nl:443/CPS/images/universal/film/program/202212/20221223/74/202212230201122657le.jpg"></icon><desc></desc><category></category></programme><programme channel="141429092" start="20221231051500 +0000" stop="20221231060800 +0000" catchup-id="1312551026"><title>Felipe Cabrera &quot;Medusa&quot; with Judith Sánchez Ruiz</title><date></date><icon src="https://t-mobiletv.nl:443/CPS/images/universal/film/program/202212/20221224/62/20221224020044716wxt.jpg"></icon><desc></desc><category></category></programme><programme channel="141429092" start="20221231060800 +0000" stop="20221231070500 +0000" catchup-id="1312551032"><title>InterMezzo</title><date></date><icon src="https://t-mobiletv.nl:443/CPS/images/universal/film/program/202212/20221224/75/20221224020044716m1s.jpg"></icon><desc></desc><category></category></programme><programme channel="141429092" start="20221231070500 +0000" stop="20221231080000 +0000" catchup-id="1312551038"><title>A Year in the life of choreographer Jiří Kylián</title><date></date><icon src="https://t-mobiletv.nl:443/CPS/images/universal/film/program/202212/20221224/38/20221224020044716sva.jpg"></icon><desc></desc><category></category></programme><programme channel="141429092" start="20221231080000 +0000" stop="20221231095000 +0000" catchup-id="1312551044"><title>Swan Lake by Angelin Preljocaj - Chaillot - Théâtre national de la Danse</title><date></date><icon src="https://t-mobiletv.nl:443/CPS/images/universal/film/program/202212/20221224/33/20221224020044716gmb.jpg"></icon><desc></desc><category></category></programme><programme channel="141429092" start="20221231095000 +0000" stop="20221231113000 +0000" catchup-id="1312551050"><title>Rafael Riqueni, Nerja - Chaillot - Théâtre national de la Danse</title><date></date><icon src="https://t-mobiletv.nl:443/CPS/images/universal/film/program/202212/20221224/43/20221224020044716ao3.jpg"></icon><desc></desc><category></category></programme><programme channel="141429092" start="20221231113000 +0000" stop="20221231143500 +0000" catchup-id="1312551056"><title>Britten's A Midsummer Night’s Dream at the Opéra de Lille</title><date></date><icon src="https://t-mobiletv.nl:443/CPS/images/universal/film/program/202212/20221224/79/20221224020044716i75.jpg"></icon><desc></desc><category></category></programme><programme channel="141429092" start="20221231143500 +0000" stop="20221231163200 +0000" catchup-id="1312551062"><title>Marcus Miller &quot;Tutu Revisited&quot;</title><date></date><icon src="https://t-mobiletv.nl:443/CPS/images/universal/film/program/202212/20221224/28/202212240200447161n4.jpg"></icon><desc></desc><category></category></programme><programme channel="141429092" start="20221231163200 +0000" stop="20221231174500 +0000" catchup-id="1312551068"><title>Antonio Zambujo - La Cigale</title><date></date><icon src="https://t-mobiletv.nl:443/CPS/images/universal/film/program/202212/20221224/37/20221224020044716g2z.jpg"></icon><desc></desc><category></category></programme><programme channel="141429092" start="20221231174500 +0000" stop="20221231193000 +0000" catchup-id="1312551074"><title>Fantasymphony Danish National Symphony Orchestra</title><date></date><icon src="https://t-mobiletv.nl:443/CPS/images/universal/film/program/202212/20221224/17/202212240200447167ny.jpg"></icon><desc></desc><category></category></programme><programme channel="141429092" start="20221231193000 +0000" stop="20221231230500 +0000" catchup-id="1312551080"><title>Richard Strauss Der Rosenkavalier</title><date></date><icon src="https://t-mobiletv.nl:443/CPS/images/universal/film/program/202212/20221224/36/20221224020044716lrv.jpg"></icon><desc></desc><category></category></programme><programme channel="141429092" start="20221231230500 +0000" stop="20230101003800 +0000" catchup-id="1312551214"><title>Nutcracker by the San Francisco Ballet</title><date></date><icon src="https://t-mobiletv.nl:443/CPS/images/universal/film/program/202212/20221224/70/20221224020044716brg.jpg"></icon><desc></desc><category></category></programme><programme channel="141429092" start="20230101003800 +0000" stop="20230101030800 +0000" catchup-id="1312551220"><title>La Belle Hélène by Offenbach at the Opéra de Lausanne</title><date></date><icon src="https://t-mobiletv.nl:443/CPS/images/universal/film/program/202212/20221224/72/202212240200447164z6.jpg"></icon><desc></desc><category></category></programme><programme channel="141429092" start="20230101030800 +0000" stop="20230101044800 +0000" catchup-id="1312551226"><title>Carmen, by Antonio Gades - Teatro Real de Madrid</title><date></date><icon src="https://t-mobiletv.nl:443/CPS/images/universal/film/program/202212/20221224/69/20221224020044716aq0.jpg"></icon><desc></desc><category></category></programme><programme channel="141429092" start="20230101044800 +0000" stop="20230101054100 +0000" catchup-id="1312910803"><title>Felipe Cabrera &quot;Medusa&quot; with Judith Sánchez Ruiz</title><date></date><icon src="https://t-mobiletv.nl:443/CPS/images/universal/film/program/202212/20221225/52/20221225020055540me8.jpg"></icon><desc></desc><category></category></programme><programme channel="141429092" start="20230101054100 +0000" stop="20230101064100 +0000" catchup-id="1312910809"><title>Juan Carmona Septet - Jazz à Vienne</title><date></date><icon src="https://t-mobiletv.nl:443/CPS/images/universal/film/program/202212/20221225/13/20221225020055540dde.jpg"></icon><desc></desc><category></category></programme><programme channel="141429092" start="20230101064100 +0000" stop="20230101074100 +0000" catchup-id="1312910815"><title>Snarky Puppy - A to Jazz Festival</title><date></date><icon src="https://t-mobiletv.nl:443/CPS/images/universal/film/program/202212/20221225/53/20221225020055540q6k.jpg"></icon><desc></desc><category></category></programme><programme channel="141429092" start="20230101074100 +0000" stop="20230101094400 +0000" catchup-id="1312910821"><title>InterMezzo</title><date></date><icon src="https://t-mobiletv.nl:443/CPS/images/universal/film/program/202212/20221225/54/202212250200555400a9.jpg"></icon><desc></desc><category></category></programme><programme channel="141429092" start="20230101094400 +0000" stop="20230101104500 +0000" catchup-id="1312911211"><title>Antonio Zambujo - La Cigale</title><date></date><icon src="https://t-mobiletv.nl:443/CPS/images/universal/film/program/202212/20221225/82/20221225020055540wbr.jpg"></icon><desc></desc><category></category></programme><programme channel="141429092" start="20230101104500 +0000" stop="20230101113000 +0000" catchup-id="1312911217"><title>InterMezzo</title><date></date><icon src="https://t-mobiletv.nl:443/CPS/images/universal/film/program/202212/20221225/51/20221225020055541csx.jpg"></icon><desc></desc><category></category></programme><programme channel="141429092" start="20230101113000 +0000" stop="20230101142000 +0000" catchup-id="1312911223"><title>César Franck's Hulda at Liège</title><date></date><icon src="https://t-mobiletv.nl:443/CPS/images/universal/film/program/202212/20221225/57/202212250200555412k6.jpg"></icon><desc></desc><category></category></programme><programme channel="141429092" start="20230101142000 +0000" stop="20230101150800 +0000" catchup-id="1312911229"><title>Berliner Philharmoniker, Herbert von Karajan, Anne-Sophie Mutter : Beethoven's Violin Concerto</title><date></date><icon src="https://t-mobiletv.nl:443/CPS/images/universal/film/program/202212/20221225/64/202212250200555419lg.jpg"></icon><desc></desc><category></category></programme><programme channel="141429092" start="20230101150800 +0000" stop="20230101170000 +0000" catchup-id="1312911235"><title>Glass : Alice</title><date></date><icon src="https://t-mobiletv.nl:443/CPS/images/universal/film/program/202212/20221225/5/20221225020055541pdr.jpg"></icon><desc></desc><category></category></programme><programme channel="141429092" start="20230101170000 +0000" stop="20230101193000 +0000" catchup-id="1312911241"><title>Baroque Odyssey - Les Arts Florissants, William Christie, Paul Agnew</title><date></date><icon src="https://t-mobiletv.nl:443/CPS/images/universal/film/program/202212/20221225/34/20221225020055541ola.jpg"></icon><desc></desc><category></category></programme><programme channel="141429092" start="20230101193000 +0000" stop="20230101210700 +0000" catchup-id="1312911247"><title>Herbert von Karajan, Wiener Philharmoniker: New Year's Concert 1987</title><date></date><icon src="https://t-mobiletv.nl:443/CPS/images/universal/film/program/202212/20221225/25/20221225020055541f5k.jpg"></icon><desc></desc><category></category></programme><programme channel="141429092" start="20230101210700 +0000" stop="20230101223600 +0000" catchup-id="1312911253"><title>Jonathan Nott and the Orchestre de la Suisse Romande: Tchaikovsky, Mussorgsky, Stravinsky</title><date></date><icon src="https://t-mobiletv.nl:443/CPS/images/universal/film/program/202212/20221225/30/20221225020055541pp1.jpg"></icon><desc></desc><category></category></programme><programme channel="141429092" start="20230101223600 +0000" stop="20230101230000 +0000" catchup-id="1312911259"><title>Itzhak Perlman plays Brahms Violin Concerto</title><date></date><icon src="https://t-mobiletv.nl:443/CPS/images/universal/film/program/202212/20221225/56/202212250200555417s7.jpg"></icon><desc></desc><category></category></programme><programme channel="141429092" start="20230101230000 +0000" stop="20230101232500 +0000" catchup-id="1316260970"><title>Geen programma-informatie beschikbaar</title><date></date><icon src="https://t-mobiletv.nl:443/CPS/images/universal/film/program/202301/20230102/47/202301022101147707dn.jpg"></icon><desc></desc><category></category></programme><programme channel="141429092" start="20230101232500 +0000" stop="20230102005900 +0000" catchup-id="1312911271"><title>Jordi Savall, Le Concert des Nations: Schubert, Beethoven</title><date></date><icon src="https://t-mobiletv.nl:443/CPS/images/universal/film/program/202212/20221225/99/20221225020055541fgx.jpg"></icon><desc></desc><category></category></programme><programme channel="141429092" start="20230102005900 +0000" stop="20230102014800 +0000" catchup-id="1312911277"><title>Herbert von Karajan and the Berlin Philharmonic: Strauss' Ein Heldenleben</title><date></date><icon src="https://t-mobiletv.nl:443/CPS/images/universal/film/program/202212/20221225/65/202212250200555417x3.jpg"></icon><desc></desc><category></category></programme><programme channel="141429092" start="20230102014800 +0000" stop="20230102024800 +0000" catchup-id="1312911283"><title>Antonio Zambujo - La Cigale</title><date></date><icon src="https://t-mobiletv.nl:443/CPS/images/universal/film/program/202212/20221225/93/20221225020055541ced.jpg"></icon><desc></desc><category></category></programme><programme channel="141429092" start="20230102024800 +0000" stop="20230102042600 +0000" catchup-id="1312911289"><title>Rafael Riqueni, Nerja - Chaillot - Théâtre national de la Danse</title><date></date><icon src="https://t-mobiletv.nl:443/CPS/images/universal/film/program/202212/20221225/23/20221225020055541ygl.jpg"></icon><desc></desc><category></category></programme><programme channel="141429092" start="20230102042600 +0000" stop="20230102052600 +0000" catchup-id="1312911295"><title>Snarky Puppy - A to Jazz Festival</title><date></date><icon src="https://t-mobiletv.nl:443/CPS/images/universal/film/program/202212/20221225/27/2022122502005554119y.jpg"></icon><desc></desc><category></category></programme><programme channel="141429092" start="20230102052600 +0000" stop="20230102062000 +0000" catchup-id="1313256957"><title>Felipe Cabrera « Medusa » with Judith Sánchez Ruiz</title><date></date><icon src="https://t-mobiletv.nl:443/CPS/images/universal/film/program/202212/20221226/46/20221226020125540nl9.jpg"></icon><desc></desc><category></category></programme><programme channel="141429092" start="20230102062000 +0000" stop="20230102071700 +0000" catchup-id="1313256963"><title>La Tipica Melingo - Banlieues Bleues</title><date></date><icon src="https://t-mobiletv.nl:443/CPS/images/universal/film/program/202212/20221226/99/20221226020125540bja.jpg"></icon><desc></desc><category></category></programme><programme channel="141429092" start="20230102071700 +0000" stop="20230102080000 +0000" catchup-id="1313256969"><title>InterMezzo</title><date></date><icon src="https://t-mobiletv.nl:443/CPS/images/universal/film/program/202212/20221226/27/20221226020125540hpb.jpg"></icon><desc></desc><category></category></programme><programme channel="141429092" start="20230102080000 +0000" stop="20230102083300 +0000" catchup-id="1313256975"><title>Herbert von Karajan, Berliner Philharmoniker: Beethoven's Symphony no. 2</title><date></date><icon src="https://t-mobiletv.nl:443/CPS/images/universal/film/program/202212/20221226/26/2022122602012554002j.jpg"></icon><desc></desc><category></category></programme><programme channel="141429092" start="20230102083300 +0000" stop="20230102092500 +0000" catchup-id="1313256981"><title>A Year in the life of choreographer Jiří Kylián</title><date></date><icon src="https://t-mobiletv.nl:443/CPS/images/universal/film/program/202212/20221226/76/2022122602012554098t.jpg"></icon><desc></desc><category></category></programme><programme channel="141429092" start="20230102092500 +0000" stop="20230102105000 +0000" catchup-id="1313256987"><title>Mauro Bigonzetti's The Trial by the Czech National Ballet</title><date></date><icon src="https://t-mobiletv.nl:443/CPS/images/universal/film/program/202212/20221226/51/20221226020125540ksz.jpg"></icon><desc></desc><category></category></programme><programme channel="141429092" start="20230102105000 +0000" stop="20230102113000 +0000" catchup-id="1313256993"><title>InterMezzo</title><date></date><icon src="https://t-mobiletv.nl:443/CPS/images/universal/film/program/202212/20221226/9/20221226020125540w9u.jpg"></icon><desc></desc><category></category></programme><programme channel="141429092" start="20230102113000 +0000" stop="20230102130900 +0000" catchup-id="1313256999"><title>Fantasymphony Danish National Symphony Orchestra</title><date></date><icon src="https://t-mobiletv.nl:443/CPS/images/universal/film/program/202212/20221226/90/202212260201255401fq.jpg"></icon><desc></desc><category></category></programme><programme channel="141429092" start="20230102130900 +0000" stop="20230102143400 +0000" catchup-id="1313257005"><title>Agents are forever Danish National Symphony Orchestra</title><date></date><icon src="https://t-mobiletv.nl:443/CPS/images/universal/film/program/202212/20221226/5/20221226020125541mzm.jpg"></icon><desc></desc><category></category></programme><programme channel="141429092" start="20230102143400 +0000" stop="20230102150000 +0000" catchup-id="1313257011"><title>InterMezzo</title><date></date><icon src="https://t-mobiletv.nl:443/CPS/images/universal/film/program/202212/20221226/78/20221226020125541x59.jpg"></icon><desc></desc><category></category></programme><programme channel="141429092" start="20230102150000 +0000" stop="20230102180100 +0000" catchup-id="1313257017"><title>Les Contes d'Hoffmann by Offenbach at the Staatsoper Hamburg</title><date></date><icon src="https://t-mobiletv.nl:443/CPS/images/universal/film/program/202212/20221226/66/20221226020125541lmn.jpg"></icon><desc></desc><category></category></programme><programme channel="141429092" start="20230102180100 +0000" stop="20230102184600 +0000" catchup-id="1313257023"><title>Herbert von Karajan, Berliner Philharmoniker: Don Quixote by Strauss</title><date></date><icon src="https://t-mobiletv.nl:443/CPS/images/universal/film/program/202212/20221226/52/2022122602012554136o.jpg"></icon><desc></desc><category></category></programme><programme channel="141429092" start="20230102184600 +0000" stop="20230102193000 +0000" catchup-id="1313257029"><title>Herbert von Karajan and the Berlin Philharmonic: Strauss' Also spracht Zarathustra</title><date></date><icon src="https://t-mobiletv.nl:443/CPS/images/universal/film/program/202212/20221226/30/20221226020125541d7r.jpg"></icon><desc></desc><category></category></programme><programme channel="141429092" start="20230102193000 +0000" stop="20230102202200 +0000" catchup-id="1313257035"><title>Tempo Madaras, Life's journey as a conductor</title><date></date><icon src="https://t-mobiletv.nl:443/CPS/images/universal/film/program/202212/20221226/65/20221226020125541qzv.jpg"></icon><desc></desc><category></category></programme><programme channel="141429092" start="20230102202200 +0000" stop="20230102222200 +0000" catchup-id="1313257041"><title>Orchestre Philharmonique Royal de Liège, Gergely Madaras: Franck, Les Béatitudes</title><date></date><icon src="https://t-mobiletv.nl:443/CPS/images/universal/film/program/202212/20221226/8/20221226020125541bef.jpg"></icon><desc></desc><category></category></programme><programme channel="141429092" start="20230102222200 +0000" stop="20230103000000 +0000" catchup-id="1313257047"><title>Orchestre Philharmonique Royal de Liège, Jan Lisiecki, Gergely Madaras: Franck, Chopin, Dvorak</title><date></date><icon src="https://t-mobiletv.nl:443/CPS/images/universal/film/program/202212/20221226/75/202212260201255418q2.jpg"></icon><desc></desc><category></category></programme><programme channel="141429092" start="20230103000000 +0000" stop="20230103023200 +0000" catchup-id="1313257053"><title>Aida by Verdi at the Grand Théâtre de Genève</title><date></date><icon src="https://t-mobiletv.nl:443/CPS/images/universal/film/program/202212/20221226/1/20221226020125541gwr.jpg"></icon><desc></desc><category></category></programme><programme channel="141429092" start="20230103023200 +0000" stop="20230103035800 +0000" catchup-id="1313257059"><title>Herbert von Karajan and the Vienna Philharmonic: Bruckner's Symphony No. 8</title><date></date><icon src="https://t-mobiletv.nl:443/CPS/images/universal/film/program/202212/20221226/42/20221226020125541r5e.jpg"></icon><desc></desc><category></category></programme><programme channel="141429092" start="20230103035800 +0000" stop="20230103045200 +0000" catchup-id="1313257065"><title>Felipe Cabrera « Medusa » with Judith Sánchez Ruiz</title><date></date><icon src="https://t-mobiletv.nl:443/CPS/images/universal/film/program/202212/20221226/4/202212260201255419qy.jpg"></icon><desc></desc><category></category></programme><programme channel="141429092" start="20230103045200 +0000" stop="20230103060700 +0000" catchup-id="1313601030"><title>Bebel Gilberto - New Morning</title><date></date><icon src="https://t-mobiletv.nl:443/CPS/images/universal/film/program/202212/20221227/59/20221227020130661lf2.jpg"></icon><desc></desc><category></category></programme><programme channel="141429092" start="20230103060700 +0000" stop="20230103065500 +0000" catchup-id="1313601036"><title>Gala Andalucía Flamenca: Women's Chant</title><date></date><icon src="https://t-mobiletv.nl:443/CPS/images/universal/film/program/202212/20221227/51/20221227020130661q0i.jpg"></icon><desc></desc><category></category></programme><programme channel="141429092" start="20230103065500 +0000" stop="20230103075500 +0000" catchup-id="1313601042"><title>John McLaughlin &amp; The 4th Dimension - A to Jazz Festival</title><date></date><icon src="https://t-mobiletv.nl:443/CPS/images/universal/film/program/202212/20221227/64/20221227020130661yem.jpg"></icon><desc></desc><category></category></programme><programme channel="141429092" start="20230103075500 +0000" stop="20230103080000 +0000" catchup-id="1313601048"><title>InterMezzo</title><date></date><icon src="https://t-mobiletv.nl:443/CPS/images/universal/film/program/202212/20221227/31/20221227020130661vny.jpg"></icon><desc></desc><category></category></programme><programme channel="141429092" start="20230103080000 +0000" stop="20230103114500 +0000" catchup-id="1313601054"><title>Der Rosenkavalier by Richard Strauss</title><date></date><icon src="https://t-mobiletv.nl:443/CPS/images/universal/film/program/202212/20221227/65/20221227020130661hti.jpg"></icon><desc></desc><category></category></programme><programme channel="141429092" start="20230103114500 +0000" stop="20230103131900 +0000" catchup-id="1313601060"><title>Jordi Savall, Le Concert des Nations: Schubert, Beethoven</title><date></date><icon src="https://t-mobiletv.nl:443/CPS/images/universal/film/program/202212/20221227/3/20221227020130661yy0.jpg"></icon><desc></desc><category></category></programme><programme channel="141429092" start="20230103131900 +0000" stop="20230103142900 +0000" catchup-id="1313601066"><title>Rafael Riqueni, ser flamenco</title><date></date><icon src="https://t-mobiletv.nl:443/CPS/images/universal/film/program/202212/20221227/23/202212270201306612fu.jpg"></icon><desc></desc><category></category></programme><programme channel="141429092" start="20230103142900 +0000" stop="20230103150000 +0000" catchup-id="1313601072"><title>InterMezzo</title><date></date><icon src="https://t-mobiletv.nl:443/CPS/images/universal/film/program/202212/20221227/0/202212270201306615so.jpg"></icon><desc></desc><category></category></programme><programme channel="141429092" start="20230103150000 +0000" stop="20230103154400 +0000" catchup-id="1313601078"><title>Bodas de Sangre by Antonio Gades - Teatro Real</title><date></date><icon src="https://t-mobiletv.nl:443/CPS/images/universal/film/program/202212/20221227/38/202212270201306617r5.jpg"></icon><desc></desc><category></category></programme><programme channel="141429092" start="20230103154400 +0000" stop="20230103170500 +0000" catchup-id="1313601084"><title>Herbert von Karajan ant the Vienna Philharmonic: A German Requiem by Brahms</title><date></date><icon src="https://t-mobiletv.nl:443/CPS/images/universal/film/program/202212/20221227/14/2022122702013066157a.jpg"></icon><desc></desc><category></category></programme><programme channel="141429092" start="20230103170500 +0000" stop="20230103175000 +0000" catchup-id="1313601090"><title>InterMezzo</title><date></date><icon src="https://t-mobiletv.nl:443/CPS/images/universal/film/program/202212/20221227/15/20221227020130661802.jpg"></icon><desc></desc><category></category></programme><programme channel="141429092" start="20230103175000 +0000" stop="20230103193000 +0000" catchup-id="1313601096"><title>Orchestre Philharmonique Royal de Liège, Jan Lisiecki, Gergely Madaras: Franck, Chopin, Dvorak</title><date></date><icon src="https://t-mobiletv.nl:443/CPS/images/universal/film/program/202212/20221227/59/202212270201306611mj.jpg"></icon><desc></desc><category></category></programme><programme channel="141429092" start="20230103193000 +0000" stop="20230103212100 +0000" catchup-id="1313601102"><title>Toulouse-Lautrec by Kader Belarbi</title><date></date><icon src="https://t-mobiletv.nl:443/CPS/images/universal/film/program/202212/20221227/24/202212270201306613ye.jpg"></icon><desc></desc><category></category></programme><programme channel="141429092" start="20230103212100 +0000" stop="20230103230400 +0000" catchup-id="1313601108"><title>Herbert von Karajan, Wiener Philharmoniker: New Year's Concert 1987</title><date></date><icon src="https://t-mobiletv.nl:443/CPS/images/universal/film/program/202212/20221227/73/20221227020130661i3o.jpg"></icon><desc></desc><category></category></programme><programme channel="141429092" start="20230103230400 +0000" stop="20230104004100 +0000" catchup-id="1313601114"><title>Berg's Wozzeck at the Greek National Opera</title><date></date><icon src="https://t-mobiletv.nl:443/CPS/images/universal/film/program/202212/20221227/69/20221227020130662f1p.jpg"></icon><desc></desc><category></category></programme><programme channel="141429092" start="20230104004100 +0000" stop="20230104012600 +0000" catchup-id="1313601120"><title>Herbert von Karajan and the Berlin Philharmonic: Brahms' Symphony No. 2</title><date></date><icon src="https://t-mobiletv.nl:443/CPS/images/universal/film/program/202212/20221227/57/20221227020130662irz.jpg"></icon><desc></desc><category></category></programme><programme channel="141429092" start="20230104012600 +0000" stop="20230104020500 +0000" catchup-id="1313601126"><title>Herbert von Karajan, Berliner Philharmoniker: Beethoven's Symphony no. 2</title><date></date><icon src="https://t-mobiletv.nl:443/CPS/images/universal/film/program/202212/20221227/53/20221227020130662elo.jpg"></icon><desc></desc><category></category></programme><programme channel="141429092" start="20230104020500 +0000" stop="20230104030500 +0000" catchup-id="1313601132"><title>John McLaughlin &amp; The 4th Dimension - A to Jazz Festival</title><date></date><icon src="https://t-mobiletv.nl:443/CPS/images/universal/film/program/202212/20221227/12/202212270201306625fa.jpg"></icon><desc></desc><category></category></programme><programme channel="141429092" start="20230104030500 +0000" stop="20230104042000 +0000" catchup-id="1313601138"><title>Bebel Gilberto - New Morning</title><date></date><icon src="https://t-mobiletv.nl:443/CPS/images/universal/film/program/202212/20221227/4/20221227020130662ue1.jpg"></icon><desc></desc><category></category></programme><programme channel="141429092" start="20230104042000 +0000" stop="20230104051700 +0000" catchup-id="1313601144"><title>La Tipica Melingo - Banlieues Bleues</title><date></date><icon src="https://t-mobiletv.nl:443/CPS/images/universal/film/program/202212/20221227/92/20221227020130662oq4.jpg"></icon><desc></desc><category></category></programme><programme channel="141429092" start="20230104051700 +0000" stop="20230104061000 +0000" catchup-id="1313980915"><title>Felipe Cabrera « Medusa » with Judith Sánchez Ruiz</title><date></date><icon src="https://t-mobiletv.nl:443/CPS/images/universal/film/program/202212/20221228/79/20221228020140536y2k.jpg"></icon><desc></desc><category></category></programme><programme channel="141429092" start="20230104061000 +0000" stop="20230104065800 +0000" catchup-id="1313980921"><title>Gala Andalucía Flamenca: Women's Chant</title><date></date><icon src="https://t-mobiletv.nl:443/CPS/images/universal/film/program/202212/20221228/57/20221228020140536cvl.jpg"></icon><desc></desc><category></category></programme><programme channel="141429092" start="20230104065800 +0000" stop="20230104080000 +0000" catchup-id="1313980927"><title>InterMezzo</title><date></date><icon src="https://t-mobiletv.nl:443/CPS/images/universal/film/program/202212/20221228/19/20221228020140536gli.jpg"></icon><desc></desc><category></category></programme><programme channel="141429092" start="20230104080000 +0000" stop="20230104100400 +0000" catchup-id="1313980933"><title>Prima la musica by Salieri and Der Schauspieldirektor by Mozart at the Teatro Malibran</title><date></date><icon src="https://t-mobiletv.nl:443/CPS/images/universal/film/program/202212/20221228/2/20221228020140536qun.jpg"></icon><desc></desc><category></category></programme><programme channel="141429092" start="20230104100400 +0000" stop="20230104105300 +0000" catchup-id="1313980939"><title>Berliner Philharmoniker, Herbert von Karajan, Anne-Sophie Mutter : Beethoven's Violin Concerto</title><date></date><icon src="https://t-mobiletv.nl:443/CPS/images/universal/film/program/202212/20221228/52/202212280201405369m4.jpg"></icon><desc></desc><category></category></programme><programme channel="141429092" start="20230104105300 +0000" stop="20230104113000 +0000" catchup-id="1313980945"><title>InterMezzo</title><date></date><icon src="https://t-mobiletv.nl:443/CPS/images/universal/film/program/202212/20221228/27/2022122802014053677w.jpg"></icon><desc></desc><category></category></programme><programme channel="141429092" start="20230104113000 +0000" stop="20230104122800 +0000" catchup-id="1313980951"><title>Itzhak Perlman, Virtuoso Violinist</title><date></date><icon src="https://t-mobiletv.nl:443/CPS/images/universal/film/program/202212/20221228/31/20221228020140536qtv.jpg"></icon><desc></desc><category></category></programme><programme channel="141429092" start="20230104122800 +0000" stop="20230104133000 +0000" catchup-id="1313980957"><title>Herbert von Karajan and the Vienna Philharmonic: Bruckner's Symphony No. 9</title><date></date><icon src="https://t-mobiletv.nl:443/CPS/images/universal/film/program/202212/20221228/30/202212280201405363uz.jpg"></icon><desc></desc><category></category></programme><programme channel="141429092" start="20230104133000 +0000" stop="20230104141700 +0000" catchup-id="1313980963"><title>Herbert von Karajan and the Berlin Philharmonic: Brahms' Symphony No. 1</title><date></date><icon src="https://t-mobiletv.nl:443/CPS/images/universal/film/program/202212/20221228/59/20221228020140536v4p.jpg"></icon><desc></desc><category></category></programme><programme channel="141429092" start="20230104141700 +0000" stop="20230104150000 +0000" catchup-id="1313980969"><title>InterMezzo</title><date></date><icon src="https://t-mobiletv.nl:443/CPS/images/universal/film/program/202212/20221228/32/20221228020140536sf1.jpg"></icon><desc></desc><category></category></programme><programme channel="141429092" start="20230104150000 +0000" stop="20230104153000 +0000" catchup-id="1313980975"><title>English National Ballet: Echoes, Laid in Earth</title><date></date><icon src="https://t-mobiletv.nl:443/CPS/images/universal/film/program/202212/20221228/10/20221228020140537z09.jpg"></icon><desc></desc><category></category></programme><programme channel="141429092" start="20230104153000 +0000" stop="20230104183000 +0000" catchup-id="1313980981"><title>César Franck's Hulda at Liège</title><date></date><icon src="https://t-mobiletv.nl:443/CPS/images/universal/film/program/202212/20221228/57/20221228020140537pmu.jpg"></icon><desc></desc><category></category></programme><programme channel="141429092" start="20230104183000 +0000" stop="20230104193000 +0000" catchup-id="1313980987"><title>Herbert von Karajan, Berliner Philharmoniker: Eine Alpensinfonie by Strauss</title><date></date><icon src="https://t-mobiletv.nl:443/CPS/images/universal/film/program/202212/20221228/18/20221228020140537hkc.jpg"></icon><desc></desc><category></category></programme><programme channel="141429092" start="20230104193000 +0000" stop="20230104212200 +0000" catchup-id="1313980993"><title>Elektra by Strauss at the Metropolitan Opera</title><date></date><icon src="https://t-mobiletv.nl:443/CPS/images/universal/film/program/202212/20221228/99/20221228020140537vr9.jpg"></icon><desc></desc><category></category></programme><programme channel="141429092" start="20230104212200 +0000" stop="20230104231900 +0000" catchup-id="1313980999"><title>Fantasymphony Danish National Symphony Orchestra</title><date></date><icon src="https://t-mobiletv.nl:443/CPS/images/universal/film/program/202212/20221228/89/20221228020140537myw.jpg"></icon><desc></desc><category></category></programme><programme channel="141429092" start="20230104231900 +0000" stop="20230105003000 +0000" catchup-id="1313981005"><title>Rafael Riqueni, ser flamenco</title><date></date><icon src="https://t-mobiletv.nl:443/CPS/images/universal/film/program/202212/20221228/45/202212280201405371p1.jpg"></icon><desc></desc><category></category></programme><programme channel="141429092" start="20230105003000 +0000" stop="20230105011700 +0000" catchup-id="1313981011"><title>Gala Andalucía Flamenca: Women's Chant</title><date></date><icon src="https://t-mobiletv.nl:443/CPS/images/universal/film/program/202212/20221228/89/20221228020140537viu.jpg"></icon><desc></desc><category></category></programme><programme channel="141429092" start="20230105011700 +0000" stop="20230105021700 +0000" catchup-id="1313981017"><title>John McLaughlin &amp; The 4th Dimension - A to Jazz Festival</title><date></date><icon src="https://t-mobiletv.nl:443/CPS/images/universal/film/program/202212/20221228/79/202212280201405379es.jpg"></icon><desc></desc><category></category></programme><programme channel="141429092" start="20230105021700 +0000" stop="20230105033200 +0000" catchup-id="1313981023"><title>Bebel Gilberto - New Morning</title><date></date><icon src="https://t-mobiletv.nl:443/CPS/images/universal/film/program/202212/20221228/24/20221228020140537tvi.jpg"></icon><desc></desc><category></category></programme><programme channel="141429092" start="20230105033200 +0000" stop="20230105042600 +0000" catchup-id="1313981029"><title>Felipe Cabrera « Medusa » with Judith Sánchez Ruiz</title><date></date><icon src="https://t-mobiletv.nl:443/CPS/images/universal/film/program/202212/20221228/0/20221228020140537kde.jpg"></icon><desc></desc><category></category></programme><programme channel="141429092" start="20230105042600 +0000" stop="20230105051300 +0000" catchup-id="1313981035"><title>Herbert von Karajan and the Berlin Philharmonic: Brahms' Symphony No. 1</title><date></date><icon src="https://t-mobiletv.nl:443/CPS/images/universal/film/program/202212/20221228/93/20221228020140537e3o.jpg"></icon><desc></desc><category></category></programme><programme channel="141429092" start="20230105051300 +0000" stop="20230105063400 +0000" catchup-id="1314368475"><title>Herbert von Karajan ant the Vienna Philharmonic: A German Requiem by Brahms</title><date></date><icon src="https://t-mobiletv.nl:443/CPS/images/universal/film/program/202212/20221229/47/202212290200547677nx.jpg"></icon><desc></desc><category></category></programme><programme channel="141429092" start="20230105063400 +0000" stop="20230105073000 +0000" catchup-id="1314368481"><title>Philippe Jaroussky Musical Academy Gala</title><date></date><icon src="https://t-mobiletv.nl:443/CPS/images/universal/film/program/202212/20221229/22/202212290200547671cz.jpg"></icon><desc></desc><category></category></programme><programme channel="141429092" start="20230105073000 +0000" stop="20230105080000 +0000" catchup-id="1314368487"><title>InterMezzo</title><date></date><icon src="https://t-mobiletv.nl:443/CPS/images/universal/film/program/202212/20221229/84/202212290200547670kt.jpg"></icon><desc></desc><category></category></programme><programme channel="141429092" start="20230105080000 +0000" stop="20230105093300 +0000" catchup-id="1314368493"><title>Tchaikovsky: The Nutcracker by the San Francisco Ballet</title><date></date><icon src="https://t-mobiletv.nl:443/CPS/images/universal/film/program/202212/20221229/64/20221229020054768943.jpg"></icon><desc></desc><category></category></programme><programme channel="141429092" start="20230105093300 +0000" stop="20230105120500 +0000" catchup-id="1314368499"><title>Baroque Odyssey - Les Arts Florissants, William Christie, Paul Agnew</title><date></date><icon src="https://t-mobiletv.nl:443/CPS/images/universal/film/program/202212/20221229/32/20221229020054768qcv.jpg"></icon><desc></desc><category></category></programme><programme channel="141429092" start="20230105120500 +0000" stop="20230105134000 +0000" catchup-id="1314368505"><title>Emmanuelle Haïm and Le Concert d'Astrée in Versailles: Rameau, Mondonville, Campra</title><date></date><icon src="https://t-mobiletv.nl:443/CPS/images/universal/film/program/202212/20221229/53/20221229020054768shr.jpg"></icon><desc></desc><category></category></programme><programme channel="141429092" start="20230105134000 +0000" stop="20230105154000 +0000" catchup-id="1314368511"><title>Orchestre Philharmonique Royal de Liège, Gergely Madaras: Franck, Les Béatitudes</title><date></date><icon src="https://t-mobiletv.nl:443/CPS/images/universal/film/program/202212/20221229/57/20221229020054768pc5.jpg"></icon><desc></desc><category></category></programme><programme channel="141429092" start="20230105154000 +0000" stop="20230105160500 +0000" catchup-id="1314368517"><title>InterMezzo</title><date></date><icon src="https://t-mobiletv.nl:443/CPS/images/universal/film/program/202212/20221229/41/20221229020054768m7y.jpg"></icon><desc></desc><category></category></programme><programme channel="141429092" start="20230105160500 +0000" stop="20230105180000 +0000" catchup-id="1314368523"><title>Philip Glass' The Perfect American at the Teatro Real, Madrid</title><date></date><icon src="https://t-mobiletv.nl:443/CPS/images/universal/film/program/202212/20221229/88/202212290200547682qw.jpg"></icon><desc></desc><category></category></programme><programme channel="141429092" start="20230105180000 +0000" stop="20230105193000 +0000" catchup-id="1314368529"><title>Agents are forever Danish National Symphony Orchestra</title><date></date><icon src="https://t-mobiletv.nl:443/CPS/images/universal/film/program/202212/20221229/54/20221229020054768ted.jpg"></icon><desc></desc><category></category></programme><programme channel="141429092" start="20230105193000 +0000" stop="20230105205100 +0000" catchup-id="1314368535"><title>Dee Dee Bridgewater - Bayfront Jazz Festival</title><date></date><icon src="https://t-mobiletv.nl:443/CPS/images/universal/film/program/202212/20221229/57/20221229020054768557.jpg"></icon><desc></desc><category></category></programme><programme channel="141429092" start="20230105205100 +0000" stop="20230105221400 +0000" catchup-id="1314368541"><title>Chucho Valdés - Bayfront Jazz Festival</title><date></date><icon src="https://t-mobiletv.nl:443/CPS/images/universal/film/program/202212/20221229/48/2022122902005476861r.jpg"></icon><desc></desc><category></category></programme><programme channel="141429092" start="20230105221400 +0000" stop="20230105233900 +0000" catchup-id="1314368547"><title>Gonzalo Rubalcaba &amp; Aymee Nuviola - Bayfront Jazz Festival</title><date></date><icon src="https://t-mobiletv.nl:443/CPS/images/universal/film/program/202212/20221229/90/20221229020054768tf6.jpg"></icon><desc></desc><category></category></programme><programme channel="141429092" start="20230105233900 +0000" stop="20230106002500 +0000" catchup-id="1314368553"><title>Herbert von Karajan, Berliner Philharmoniker: Don Quixote by Strauss</title><date></date><icon src="https://t-mobiletv.nl:443/CPS/images/universal/film/program/202212/20221229/63/20221229020054768t7s.jpg"></icon><desc></desc><category></category></programme><programme channel="141429092" start="20230106002500 +0000" stop="20230106011300 +0000" catchup-id="1314368559"><title>Herbert von Karajan and the Berlin Philharmonic: Strauss' Ein Heldenleben</title><date></date><icon src="https://t-mobiletv.nl:443/CPS/images/universal/film/program/202212/20221229/74/202212290200547689oc.jpg"></icon><desc></desc><category></category></programme><programme channel="141429092" start="20230106011300 +0000" stop="20230106034600 +0000" catchup-id="1314368565"><title>Aida by Verdi at the Grand Théâtre de Genève</title><date></date><icon src="https://t-mobiletv.nl:443/CPS/images/universal/film/program/202212/20221229/53/20221229020054768iwh.jpg"></icon><desc></desc><category></category></programme><programme channel="141429092" start="20230106034600 +0000" stop="20230106044300 +0000" catchup-id="1314368571"><title>La Tipica Melingo - Banlieues Bleues</title><date></date><icon src="https://t-mobiletv.nl:443/CPS/images/universal/film/program/202212/20221229/73/202212290200547681y3.jpg"></icon><desc></desc><category></category></programme><programme channel="141429092" start="20230106044300 +0000" stop="20230106053600 +0000" catchup-id="1314854819"><title>Felipe Cabrera « Medusa » with Judith Sánchez Ruiz</title><date></date><icon src="https://t-mobiletv.nl:443/CPS/images/universal/film/program/202212/20221230/50/20221230020145524zqi.jpg"></icon><desc></desc><category></category></programme><programme channel="141429092" start="20230106053600 +0000" stop="20230106071100 +0000" catchup-id="1314855017"><title>Bill Evans &amp; The Spy killers - New Morning</title><date></date><icon src="https://t-mobiletv.nl:443/CPS/images/universal/film/program/202212/20221230/55/202212300201455243de.jpg"></icon><desc></desc><category></category></programme><programme channel="141429092" start="20230106071100 +0000" stop="20230106080000 +0000" catchup-id="1314855023"><title>InterMezzo</title><date></date><icon src="https://t-mobiletv.nl:443/CPS/images/universal/film/program/202212/20221230/27/20221230020145524gxz.jpg"></icon><desc></desc><category></category></programme><programme channel="141429092" start="20230106080000 +0000" stop="20230106103000 +0000" catchup-id="1314855029"><title>La Belle Hélène by Offenbach at the Opéra de Lausanne</title><date></date><icon src="https://t-mobiletv.nl:443/CPS/images/universal/film/program/202212/20221230/13/20221230020145524kun.jpg"></icon><desc></desc><category></category></programme><programme channel="141429092" start="20230106103000 +0000" stop="20230106113000 +0000" catchup-id="1314855035"><title>Berliner Philharmoniker, Herbert von Karajan, Anne-Sophie Mutter : Beethoven's Violin Concerto</title><date></date><icon src="https://t-mobiletv.nl:443/CPS/images/universal/film/program/202212/20221230/8/20221230020145524y5i.jpg"></icon><desc></desc><category></category></programme><programme channel="141429092" start="20230106113000 +0000" stop="20230106140700 +0000" catchup-id="1314855041"><title>Tempo Madaras, Life's journey as a conductor</title><date></date><icon src="https://t-mobiletv.nl:443/CPS/images/universal/film/program/202212/20221230/26/2022123002014552449j.jpg"></icon><desc></desc><category></category></programme><programme channel="141429092" start="20230106140700 +0000" stop="20230106150000 +0000" catchup-id="1314855047"><title>InterMezzo</title><date></date><icon src="https://t-mobiletv.nl:443/CPS/images/universal/film/program/202212/20221230/97/20221230020145524yr3.jpg"></icon><desc></desc><category></category></programme><programme channel="141429092" start="20230106150000 +0000" stop="20230106164000 +0000" catchup-id="1314855053"><title>Eglė, Queen of the Grass Snakes - Martynas Rimeikis</title><date></date><icon src="https://t-mobiletv.nl:443/CPS/images/universal/film/program/202212/20221230/99/20221230020145524uxu.jpg"></icon><desc></desc><category></category></programme><programme channel="141429092" start="20230106164000 +0000" stop="20230106185000 +0000" catchup-id="1314855059"><title>Swan Lake by Angelin Preljocaj - Chaillot - Théâtre national de la Danse</title><date></date><icon src="https://t-mobiletv.nl:443/CPS/images/universal/film/program/202212/20221230/98/202212300201455249r7.jpg"></icon><desc></desc><category></category></programme><programme channel="141429092" start="20230106185000 +0000" stop="20230106193000 +0000" catchup-id="1314855065"><title>Herbert von Karajan and the Berlin Philharmonic: Strauss' Also spracht Zarathustra</title><date></date><icon src="https://t-mobiletv.nl:443/CPS/images/universal/film/program/202212/20221230/53/20221230020145524r07.jpg"></icon><desc></desc><category></category></programme><programme channel="141429092" start="20230106193000 +0000" stop="20230106215400 +0000" catchup-id="1314855071"><title>Baroque Odyssey - Les Arts Florissants, William Christie, Paul Agnew</title><date></date><icon src="https://t-mobiletv.nl:443/CPS/images/universal/film/program/202212/20221230/45/202212300201455247pc.jpg"></icon><desc></desc><category></category></programme><programme channel="141429092" start="20230106215400 +0000" stop="20230106233500 +0000" catchup-id="1314855077"><title>Emmanuelle Haïm and Le Concert d'Astrée in Versailles: Rameau, Mondonville, Campra</title><date></date><icon src="https://t-mobiletv.nl:443/CPS/images/universal/film/program/202212/20221230/65/202212300201455243m8.jpg"></icon><desc></desc><category></category></programme><programme channel="141429092" start="20230106233500 +0000" stop="20230107005600 +0000" catchup-id="1314855083"><title>Dee Dee Bridgewater - Bayfront Jazz Festival</title><date></date><icon src="https://t-mobiletv.nl:443/CPS/images/universal/film/program/202212/20221230/96/20221230020145524i94.jpg"></icon><desc></desc><category></category></programme><programme channel="141429092" start="20230107005600 +0000" stop="20230107015600 +0000" catchup-id="1314855089"><title>Antonio Zambujo - La Cigale</title><date></date><icon src="https://t-mobiletv.nl:443/CPS/images/universal/film/program/202212/20221230/65/20221230020145524q6r.jpg"></icon><desc></desc><category></category></programme><programme channel="141429092" start="20230107015600 +0000" stop="20230107031700 +0000" catchup-id="1314855095"><title>Gonzalo Rubalcaba &amp; Aymee Nuviola - Bayfront Jazz Festival</title><date></date><icon src="https://t-mobiletv.nl:443/CPS/images/universal/film/program/202212/20221230/2/2022123002014552483w.jpg"></icon><desc></desc><category></category></programme><programme channel="141429092" start="20230107031700 +0000" stop="20230107045500 +0000" catchup-id="1314855101"><title>Rafael Riqueni, Nerja - Chaillot - Théâtre national de la Danse</title><date></date><icon src="https://t-mobiletv.nl:443/CPS/images/universal/film/program/202212/20221230/35/20221230020145525a12.jpg"></icon><desc></desc><category></category></programme><programme channel="141429092" start="20230107045500 +0000" stop="20230107063000 +0000" catchup-id="1315235871"><title>Bill Evans &amp; The Spy killers - New Morning</title><date></date><icon src="https://t-mobiletv.nl:443/CPS/images/universal/film/program/202212/20221231/98/20221231020110521ohe.jpg"></icon><desc></desc><category></category></programme><programme channel="141429092" start="20230107063000 +0000" stop="20230107073600 +0000" catchup-id="1315235877"><title>Tigran Hamasyan Trio &quot;StandArt&quot;</title><date></date><icon src="https://t-mobiletv.nl:443/CPS/images/universal/film/program/202212/20221231/1/202212310201105218e1.jpg"></icon><desc></desc><category></category></programme><programme channel="141429092" start="20230107073600 +0000" stop="20230107080000 +0000" catchup-id="1315236331"><title>InterMezzo</title><date></date><icon src="https://t-mobiletv.nl:443/CPS/images/universal/film/program/202212/20221231/66/20221231020110521gem.jpg"></icon><desc></desc><category></category></programme><programme channel="141429092" start="20230107080000 +0000" stop="20230107095000 +0000" catchup-id="1315236337"><title>Swan Lake by Angelin Preljocaj - Chaillot - Théâtre national de la Danse</title><date></date><icon src="https://t-mobiletv.nl:443/CPS/images/universal/film/program/202212/20221231/78/20221231020110521jhk.jpg"></icon><desc></desc><category></category></programme><programme channel="141429092" start="20230107095000 +0000" stop="20230107113000 +0000" catchup-id="1315236343"><title>Jonathan Nott and the Orchestre de la Suisse Romande: Tchaikovsky, Mussorgsky, Stravinsky</title><date></date><icon src="https://t-mobiletv.nl:443/CPS/images/universal/film/program/202212/20221231/82/20221231020110521fw7.jpg"></icon><desc></desc><category></category></programme><programme channel="141429092" start="20230107113000 +0000" stop="20230107133600 +0000" catchup-id="1315236349"><title>Mam'zelle Nitouche by Hervé at the Opéra de Lausanne</title><date></date><icon src="https://t-mobiletv.nl:443/CPS/images/universal/film/program/202212/20221231/64/20221231020110521h1i.jpg"></icon><desc></desc><category></category></programme><programme channel="141429092" start="20230107133600 +0000" stop="20230107143000 +0000" catchup-id="1315236355"><title>Philippe Jaroussky Musical Academy Gala</title><date></date><icon src="https://t-mobiletv.nl:443/CPS/images/universal/film/program/202212/20221231/88/20221231020110522e3g.jpg"></icon><desc></desc><category></category></programme><programme channel="141429092" start="20230107143000 +0000" stop="20230107160000 +0000" catchup-id="1315236361"><title>InterMezzo</title><date></date><icon src="https://t-mobiletv.nl:443/CPS/images/universal/film/program/202212/20221231/93/20221231020110522479.jpg"></icon><desc></desc><category></category></programme><programme channel="141429092" start="20230107160000 +0000" stop="20230107170000 +0000" catchup-id="1315236367"><title>Ana Carla Maza - Jazz à la Villette</title><date></date><icon src="https://t-mobiletv.nl:443/CPS/images/universal/film/program/202212/20221231/60/20221231020110522bky.jpg"></icon><desc></desc><category></category></programme><programme channel="141429092" start="20230107170000 +0000" stop="20230107175300 +0000" catchup-id="1315236373"><title>Felipe Cabrera « Medusa » with Judith Sánchez Ruiz</title><date></date><icon src="https://t-mobiletv.nl:443/CPS/images/universal/film/program/202212/20221231/35/2022123102011052245p.jpg"></icon><desc></desc><category></category></programme><programme channel="141429092" start="20230107175300 +0000" stop="20230107181500 +0000" catchup-id="1315236379"><title>InterMezzo</title><date></date><icon src="https://t-mobiletv.nl:443/CPS/images/universal/film/program/202212/20221231/31/202212310201105224ls.jpg"></icon><desc></desc><category></category></programme><programme channel="141429092" start="20230107181500 +0000" stop="20230107193000 +0000" catchup-id="1315236385"><title>Santtu-Matias Rouvali and the Orchestre de Chambre de Lausanne: Prokofiev, Beethoven</title><date></date><icon src="https://t-mobiletv.nl:443/CPS/images/universal/film/program/202212/20221231/72/202212310201105228cm.jpg"></icon><desc></desc><category></category></programme><programme channel="141429092" start="20230107193000 +0000" stop="20230107213200 +0000" catchup-id="1315236391"><title>La Bohème by Puccini at the Metropolitan Opera</title><date></date><icon src="https://t-mobiletv.nl:443/CPS/images/universal/film/program/202212/20221231/93/20221231020110522h14.jpg"></icon><desc></desc><category></category></programme><programme channel="141429092" start="20230107213200 +0000" stop="20230107221700 +0000" catchup-id="1315236397"><title>Itzhak Perlman plays Brahms' Violin Concerto</title><date></date><icon src="https://t-mobiletv.nl:443/CPS/images/universal/film/program/202212/20221231/31/202212310201105229i6.jpg"></icon><desc></desc><category></category></programme><programme channel="141429092" start="20230107221700 +0000" stop="20230107230400 +0000" catchup-id="1315236403"><title>Herbert von Karajan and the Berlin Philharmonic: Brahms' Symphony No. 2</title><date></date><icon src="https://t-mobiletv.nl:443/CPS/images/universal/film/program/202212/20221231/46/20221231020110522023.jpg"></icon><desc></desc><category></category></programme><programme channel="141429092" start="20230107230400 +0000" stop="20230108003100 +0000" catchup-id="1315236409"><title>Herbert von Karajan and the Vienna Philharmonic: Bruckner's Symphony No. 8</title><date></date><icon src="https://t-mobiletv.nl:443/CPS/images/universal/film/program/202212/20221231/29/20221231020110522zj6.jpg"></icon><desc></desc><category></category></programme><programme channel="141429092" start="20230108003100 +0000" stop="20230108015200 +0000" catchup-id="1315236415"><title>Dee Dee Bridgewater - Bayfront Jazz Festival</title><date></date><icon src="https://t-mobiletv.nl:443/CPS/images/universal/film/program/202212/20221231/67/20221231020110522s6i.jpg"></icon><desc></desc><category></category></programme><programme channel="141429092" start="20230108015200 +0000" stop="20230108025300 +0000" catchup-id="1315236421"><title>Antonio Zambujo - La Cigale</title><date></date><icon src="https://t-mobiletv.nl:443/CPS/images/universal/film/program/202212/20221231/47/20221231020110522izy.jpg"></icon><desc></desc><category></category></programme><programme channel="141429092" start="20230108025300 +0000" stop="20230108043100 +0000" catchup-id="1315236427"><title>Rafael Riqueni, Nerja - Chaillot - Théâtre national de la Danse</title><date></date><icon src="https://t-mobiletv.nl:443/CPS/images/universal/film/program/202212/20221231/14/20221231020110523zpx.jpg"></icon><desc></desc><category></category></programme><programme channel="141429092" start="20230108043100 +0000" stop="20230108055100 +0000" catchup-id="1315599626"><title>Gonzalo Rubalcaba &amp; Aymee Nuviola - Bayfront Jazz Festival</title><date></date><icon src="https://t-mobiletv.nl:443/CPS/images/universal/film/program/202301/20230101/58/20230101020055524en4.jpg"></icon><desc></desc><category></category></programme><programme channel="141429092" start="20230108055100 +0000" stop="20230108064500 +0000" catchup-id="1315599632"><title>Felipe Cabrera « Medusa » with Judith Sánchez Ruiz</title><date></date><icon src="https://t-mobiletv.nl:443/CPS/images/universal/film/program/202301/20230101/69/20230101020055524997.jpg"></icon><desc></desc><category></category></programme><programme channel="141429092" start="20230108064500 +0000" stop="20230108080000 +0000" catchup-id="1315599638"><title>InterMezzo</title><date></date><icon src="https://t-mobiletv.nl:443/CPS/images/universal/film/program/202301/20230101/60/20230101020055524nmj.jpg"></icon><desc></desc><category></category></programme><programme channel="141429092" start="20230108080000 +0000" stop="20230108093900 +0000" catchup-id="1315599644"><title>Fantasymphony Danish National Symphony Orchestra</title><date></date><icon src="https://t-mobiletv.nl:443/CPS/images/universal/film/program/202301/20230101/93/20230101020055524b5c.jpg"></icon><desc></desc><category></category></programme><programme channel="141429092" start="20230108093900 +0000" stop="20230108103600 +0000" catchup-id="1315599650"><title>La Tipica Melingo - Banlieues Bleues</title><date></date><icon src="https://t-mobiletv.nl:443/CPS/images/universal/film/program/202301/20230101/44/20230101020055525wm5.jpg"></icon><desc></desc><category></category></programme><programme channel="141429092" start="20230108103600 +0000" stop="20230108111500 +0000" catchup-id="1315599656"><title>InterMezzo</title><date></date><icon src="https://t-mobiletv.nl:443/CPS/images/universal/film/program/202301/20230101/32/20230101020055525u4f.jpg"></icon><desc></desc><category></category></programme><programme channel="141429092" start="20230108111500 +0000" stop="20230108150000 +0000" catchup-id="1315600558"><title>Der Rosenkavalier by Richard Strauss</title><date></date><icon src="https://t-mobiletv.nl:443/CPS/images/universal/film/program/202301/20230101/68/20230101020055525vav.jpg"></icon><desc></desc><category></category></programme><programme channel="141429092" start="20230108150000 +0000" stop="20230108154700 +0000" catchup-id="1315600564"><title>Herbert von Karajan and the Berlin Philharmonic: Brahms' Symphony No. 1</title><date></date><icon src="https://t-mobiletv.nl:443/CPS/images/universal/film/program/202301/20230101/40/20230101020055525zg7.jpg"></icon><desc></desc><category></category></programme><programme channel="141429092" start="20230108154700 +0000" stop="20230108165700 +0000" catchup-id="1315600570"><title>Rafael Riqueni, ser flamenco</title><date></date><icon src="https://t-mobiletv.nl:443/CPS/images/universal/film/program/202301/20230101/76/20230101020055525jwb.jpg"></icon><desc></desc><category></category></programme><programme channel="141429092" start="20230108165700 +0000" stop="20230108174900 +0000" catchup-id="1315600576"><title>A Year in the life of choreographer Jiří Kylián</title><date></date><icon src="https://t-mobiletv.nl:443/CPS/images/universal/film/program/202301/20230101/49/20230101020055525ndl.jpg"></icon><desc></desc><category></category></programme><programme channel="141429092" start="20230108174900 +0000" stop="20230108182000 +0000" catchup-id="1315600582"><title>InterMezzo</title><date></date><icon src="https://t-mobiletv.nl:443/CPS/images/universal/film/program/202301/20230101/19/20230101020055525axz.jpg"></icon><desc></desc><category></category></programme><programme channel="141429092" start="20230108182000 +0000" stop="20230108193000 +0000" catchup-id="1315600588"><title>Suite Flamenca - Antonio Gades Company- Teatro Real</title><date></date><icon src="https://t-mobiletv.nl:443/CPS/images/universal/film/program/202301/20230101/83/20230101020055525aa2.jpg"></icon><desc></desc><category></category></programme><programme channel="141429092" start="20230108193000 +0000" stop="20230108205000 +0000" catchup-id="1315600594"><title>András Schiff and the Orchestre de Chambre de Lausanne: Bach, Schumann</title><date></date><icon src="https://t-mobiletv.nl:443/CPS/images/universal/film/program/202301/20230101/6/20230101020055525okf.jpg"></icon><desc></desc><category></category></programme><programme channel="141429092" start="20230108205000 +0000" stop="20230108213800 +0000" catchup-id="1315600600"><title>Mendelssohn: A Midsummer's Night Dream - Orchestre Philharmonique Royal de Liège, Christian Arming</title><date></date><icon src="https://t-mobiletv.nl:443/CPS/images/universal/film/program/202301/20230101/28/20230101020055525u5x.jpg"></icon><desc></desc><category></category></programme><programme channel="141429092" start="20230108213800 +0000" stop="20230108222700 +0000" catchup-id="1315600606"><title>Berliner Philharmoniker, Herbert von Karajan, Anne-Sophie Mutter : Beethoven's Violin Concerto</title><date></date><icon src="https://t-mobiletv.nl:443/CPS/images/universal/film/program/202301/20230101/30/20230101020055525dtr.jpg"></icon><desc></desc><category></category></programme><programme channel="141429092" start="20230108222700 +0000" stop="20230109003500 +0000" catchup-id="1315600612"><title>Orchestre Philharmonique Royal de Liège, Gergely Madaras: Franck, Les Béatitudes</title><date></date><icon src="https://t-mobiletv.nl:443/CPS/images/universal/film/program/202301/20230101/21/20230101020055525gqv.jpg"></icon><desc></desc><category></category></programme><programme channel="141429092" start="20230109003500 +0000" stop="20230109012000 +0000" catchup-id="1315600618"><title>Herbert von Karajan, Berliner Philharmoniker: Don Quixote by Strauss</title><date></date><icon src="https://t-mobiletv.nl:443/CPS/images/universal/film/program/202301/20230101/4/20230101020055525pky.jpg"></icon><desc></desc><category></category></programme><programme channel="141429092" start="20230109012000 +0000" stop="20230109015900 +0000" catchup-id="1315600624"><title>Herbert von Karajan, Berliner Philharmoniker: Beethoven's Symphony no. 2</title><date></date><icon src="https://t-mobiletv.nl:443/CPS/images/universal/film/program/202301/20230101/25/20230101020055525ekh.jpg"></icon><desc></desc><category></category></programme><programme channel="141429092" start="20230109015900 +0000" stop="20230109032000 +0000" catchup-id="1315600630"><title>Dee Dee Bridgewater - Bayfront Jazz Festival</title><date></date><icon src="https://t-mobiletv.nl:443/CPS/images/universal/film/program/202301/20230101/35/20230101020055525u0b.jpg"></icon><desc></desc><category></category></programme><programme channel="141429092" start="20230109032000 +0000" stop="20230109042000 +0000" catchup-id="1315600636"><title>Antonio Zambujo - La Cigale</title><date></date><icon src="https://t-mobiletv.nl:443/CPS/images/universal/film/program/202301/20230101/83/20230101020055526wkh.jpg"></icon><desc></desc><category></category></programme><programme channel="141429092" start="20230109042000 +0000" stop="20230109055900 +0000" catchup-id="1315600642"><title>Rafael Riqueni, Nerja - Chaillot - Théâtre national de la Danse</title><date></date><icon src="https://t-mobiletv.nl:443/CPS/images/universal/film/program/202301/20230101/22/20230101020055526bi9.jpg"></icon><desc></desc><category></category></programme><programme channel="141429092" start="20230109055900 +0000" stop="20230109071900 +0000" catchup-id="1315936041"><title>Gonzalo Rubalcaba &amp; Aymee Nuviola - Bayfront Jazz Festival</title><date></date><icon src="https://t-mobiletv.nl:443/CPS/images/universal/film/program/202301/20230102/5/20230102020110516ogn.jpg"></icon><desc></desc><category></category></programme><programme channel="141429092" start="20230109071900 +0000" stop="20230109080000 +0000" catchup-id="1315936047"><title>InterMezzo</title><date></date><icon src="https://t-mobiletv.nl:443/CPS/images/universal/film/program/202301/20230102/44/2023010202011051640q.jpg"></icon><desc></desc><category></category></programme><programme channel="141429092" start="20230109080000 +0000" stop="20230109092100 +0000" catchup-id="1315936053"><title>Herbert von Karajan ant the Vienna Philharmonic: A German Requiem by Brahms</title><date></date><icon src="https://t-mobiletv.nl:443/CPS/images/universal/film/program/202301/20230102/5/202301020201105161ky.jpg"></icon><desc></desc><category></category></programme><programme channel="141429092" start="20230109092100 +0000" stop="20230109111500 +0000" catchup-id="1315936059"><title>Eglė, Queen of the Grass Snakes - Martynas Rimeikis</title><date></date><icon src="https://t-mobiletv.nl:443/CPS/images/universal/film/program/202301/20230102/31/20230102020110516fxg.jpg"></icon><desc></desc><category></category></programme><programme channel="141429092" start="20230109111500 +0000" stop="20230109124400 +0000" catchup-id="1315936065"><title>Jonathan Nott and the Orchestre de la Suisse Romande: Tchaikovsky, Mussorgsky, Stravinsky</title><date></date><icon src="https://t-mobiletv.nl:443/CPS/images/universal/film/program/202301/20230102/16/20230102020110516jnb.jpg"></icon><desc></desc><category></category></programme><programme channel="141429092" start="20230109124400 +0000" stop="20230109142100 +0000" catchup-id="1315936071"><title>Herbert von Karajan, Wiener Philharmoniker: New Year's Concert 1987</title><date></date><icon src="https://t-mobiletv.nl:443/CPS/images/universal/film/program/202301/20230102/68/20230102020110516yyn.jpg"></icon><desc></desc><category></category></programme><programme channel="141429092" start="20230109142100 +0000" stop="20230109144500 +0000" catchup-id="1315936077"><title>InterMezzo</title><date></date><icon src="https://t-mobiletv.nl:443/CPS/images/universal/film/program/202301/20230102/83/20230102020110516b17.jpg"></icon><desc></desc><category></category></programme><programme channel="141429092" start="20230109144500 +0000" stop="20230109164900 +0000" catchup-id="1315936083"><title>Prima la musica by Salieri and Der Schauspieldirektor by Mozart at the Teatro Malibran</title><date></date><icon src="https://t-mobiletv.nl:443/CPS/images/universal/film/program/202301/20230102/76/20230102020110516dzb.jpg"></icon><desc></desc><category></category></programme><programme channel="141429092" start="20230109164900 +0000" stop="20230109175500 +0000" catchup-id="1315936089"><title>Herbert von Karajan, Berliner Philharmoniker: Eine Alpensinfonie by Strauss</title><date></date><icon src="https://t-mobiletv.nl:443/CPS/images/universal/film/program/202301/20230102/75/20230102020110516rd3.jpg"></icon><desc></desc><category></category></programme><programme channel="141429092" start="20230109175500 +0000" stop="20230109193000 +0000" catchup-id="1315936095"><title>Orchestre de Chambre de Lausanne and Klaus Mäkelä: Mozart, Schumann</title><date></date><icon src="https://t-mobiletv.nl:443/CPS/images/universal/film/program/202301/20230102/43/20230102020110516k1n.jpg"></icon><desc></desc><category></category></programme><programme channel="141429092" start="20230109193000 +0000" stop="20230109201800 +0000" catchup-id="1315936101"><title>Leonard Bernstein: Reflections</title><date></date><icon src="https://t-mobiletv.nl:443/CPS/images/universal/film/program/202301/20230102/60/202301020201105162x2.jpg"></icon><desc></desc><category></category></programme><programme channel="141429092" start="20230109201800 +0000" stop="20230109204800 +0000" catchup-id="1315936107"><title>Leonard Bernstein conducts Debussy's La Mer</title><date></date><icon src="https://t-mobiletv.nl:443/CPS/images/universal/film/program/202301/20230102/88/202301020201105168no.jpg"></icon><desc></desc><category></category></programme><programme channel="141429092" start="20230109204800 +0000" stop="20230109221300 +0000" catchup-id="1315936113"><title>Agents are forever Danish National Symphony Orchestra</title><date></date><icon src="https://t-mobiletv.nl:443/CPS/images/universal/film/program/202301/20230102/7/2023010202011051699m.jpg"></icon><desc></desc><category></category></programme><programme channel="141429092" start="20230109221300 +0000" stop="20230109230900 +0000" catchup-id="1315936119"><title>A Year in the life of choreographer Jiří Kylián</title><date></date><icon src="https://t-mobiletv.nl:443/CPS/images/universal/film/program/202301/20230102/26/20230102020110516sxp.jpg"></icon><desc></desc><category></category></programme><programme channel="141429092" start="20230109230900 +0000" stop="20230110003200 +0000" catchup-id="1315936125"><title>Chucho Valdés - Bayfront Jazz Festival</title><date></date><icon src="https://t-mobiletv.nl:443/CPS/images/universal/film/program/202301/20230102/64/202301020201105175t8.jpg"></icon><desc></desc><category></category></programme><programme channel="141429092" start="20230110003200 +0000" stop="20230110012900 +0000" catchup-id="1315936131"><title>La Tipica Melingo - Banlieues Bleues</title><date></date><icon src="https://t-mobiletv.nl:443/CPS/images/universal/film/program/202301/20230102/22/20230102020110517kqm.jpg"></icon><desc></desc><category></category></programme><programme channel="141429092" start="20230110012900 +0000" stop="20230110024400 +0000" catchup-id="1315936137"><title>Bebel Gilberto - New Morning</title><date></date><icon src="https://t-mobiletv.nl:443/CPS/images/universal/film/program/202301/20230102/76/20230102020110517bax.jpg"></icon><desc></desc><category></category></programme><programme channel="141429092" start="20230110024400 +0000" stop="20230110040500 +0000" catchup-id="1315936143"><title>Gonzalo Rubalcaba &amp; Aymee Nuviola - Bayfront Jazz Festival</title><date></date><icon src="https://t-mobiletv.nl:443/CPS/images/universal/film/program/202301/20230102/31/20230102020110517gy5.jpg"></icon><desc></desc><category></category></programme><programme channel="141429092" start="20230110040500 +0000" stop="20230110045200 +0000" catchup-id="1315936149"><title>Gala Andalucía Flamenca: Women's Chant</title><date></date><icon src="https://t-mobiletv.nl:443/CPS/images/universal/film/program/202301/20230102/81/202301020201105174fy.jpg"></icon><desc></desc><category></category></programme><programme channel="141429092" start="20230110045200 +0000" stop="20230110065900 +0000" catchup-id="1316309971"><title>Mam'zelle Nitouche by Hervé at the Opéra de Lausanne</title><date></date><icon src="https://t-mobiletv.nl:443/CPS/images/universal/film/program/202301/20230103/43/20230103020139710df8.jpg"></icon><desc></desc><category></category></programme><programme channel="141429092" start="20230110065900 +0000" stop="20230110080000 +0000" catchup-id="1316309977"><title>InterMezzo</title><date></date><icon src="https://t-mobiletv.nl:443/CPS/images/universal/film/program/202301/20230103/90/20230103020139710gjw.jpg"></icon><desc></desc><category></category></programme><programme channel="141429092" start="20230110080000 +0000" stop="20230110110100 +0000" catchup-id="1316309983"><title>Les Contes d'Hoffmann by Offenbach at the Staatsoper Hamburg</title><date></date><icon src="https://t-mobiletv.nl:443/CPS/images/universal/film/program/202301/20230103/53/202301030201397107y8.jpg"></icon><desc></desc><category></category></programme><programme channel="141429092" start="20230110110100 +0000" stop="20230110113000 +0000" catchup-id="1316309989"><title>InterMezzo</title><date></date><icon src="https://t-mobiletv.nl:443/CPS/images/universal/film/program/202301/20230103/54/20230103020139710wl5.jpg"></icon><desc></desc><category></category></programme><programme channel="141429092" start="20230110113000 +0000" stop="20230110122800 +0000" catchup-id="1316309995"><title>Itzhak Perlman, Virtuoso Violinist</title><date></date><icon src="https://t-mobiletv.nl:443/CPS/images/universal/film/program/202301/20230103/9/20230103020139710opc.jpg"></icon><desc></desc><category></category></programme><programme channel="141429092" start="20230110122800 +0000" stop="20230110135600 +0000" catchup-id="1316310001"><title>Gala Placido Domingo in Versailles</title><date></date><icon src="https://t-mobiletv.nl:443/CPS/images/universal/film/program/202301/20230103/27/2023010302013971093i.jpg"></icon><desc></desc><category></category></programme><programme channel="141429092" start="20230110135600 +0000" stop="20230110150000 +0000" catchup-id="1316310007"><title>InterMezzo</title><date></date><icon src="https://t-mobiletv.nl:443/CPS/images/universal/film/program/202301/20230103/98/20230103020139710xl3.jpg"></icon><desc></desc><category></category></programme><programme channel="141429092" start="20230110150000 +0000" stop="20230110162500 +0000" catchup-id="1316310013"><title>Mauro Bigonzetti's The Trial by the Czech National Ballet</title><date></date><icon src="https://t-mobiletv.nl:443/CPS/images/universal/film/program/202301/20230103/59/20230103020139710z3o.jpg"></icon><desc></desc><category></category></programme><programme channel="141429092" start="20230110162500 +0000" stop="20230110170000 +0000" catchup-id="1316310019"><title>InterMezzo</title><date></date><icon src="https://t-mobiletv.nl:443/CPS/images/universal/film/program/202301/20230103/22/20230103020139711tcm.jpg"></icon><desc></desc><category></category></programme><programme channel="141429092" start="20230110170000 +0000" stop="20230110193000 +0000" catchup-id="1316310025"><title>Baroque Odyssey - Les Arts Florissants, William Christie, Paul Agnew</title><date></date><icon src="https://t-mobiletv.nl:443/CPS/images/universal/film/program/202301/20230103/1/20230103020139711fgc.jpg"></icon><desc></desc><category></category></programme><programme channel="141429092" start="20230110193000 +0000" stop="20230110204700 +0000" catchup-id="1316310031"><title>Daphnis &amp; Chloé, L'après-midi d'un faune - Thierry Malandain - Ballet du Capitole</title><date></date><icon src="https://t-mobiletv.nl:443/CPS/images/universal/film/program/202301/20230103/60/20230103020139711txe.jpg"></icon><desc></desc><category></category></programme><programme channel="141429092" start="20230110204700 +0000" stop="20230110223200 +0000" catchup-id="1316310037"><title>Les Siècles, François-Xavier Roth: Stravinsky</title><date></date><icon src="https://t-mobiletv.nl:443/CPS/images/universal/film/program/202301/20230103/77/20230103020139711efn.jpg"></icon><desc></desc><category></category></programme><programme channel="141429092" start="20230110223200 +0000" stop="20230111000000 +0000" catchup-id="1316310043"><title>András Schiff and the Orchestre de Chambre de Lausanne: Bach, Schumann</title><date></date><icon src="https://t-mobiletv.nl:443/CPS/images/universal/film/program/202301/20230103/71/20230103020139711b3v.jpg"></icon><desc></desc><category></category></programme><programme channel="141429092" start="20230111000000 +0000" stop="20230111004700 +0000" catchup-id="1316310049"><title>Gala Andalucía Flamenca: Women's Chant</title><date></date><icon src="https://t-mobiletv.nl:443/CPS/images/universal/film/program/202301/20230103/74/20230103020139711856.jpg"></icon><desc></desc><category></category></programme><programme channel="141429092" start="20230111004700 +0000" stop="20230111021000 +0000" catchup-id="1316310055"><title>Chucho Valdés - Bayfront Jazz Festival</title><date></date><icon src="https://t-mobiletv.nl:443/CPS/images/universal/film/program/202301/20230103/17/2023010302013971172s.jpg"></icon><desc></desc><category></category></programme><programme channel="141429092" start="20230111021000 +0000" stop="20230111033100 +0000" catchup-id="1316310061"><title>Gonzalo Rubalcaba &amp; Aymee Nuviola - Bayfront Jazz Festival</title><date></date><icon src="https://t-mobiletv.nl:443/CPS/images/universal/film/program/202301/20230103/67/202301030201397119z7.jpg"></icon><desc></desc><category></category></programme><programme channel="141429092" start="20230111033100 +0000" stop="20230111044600 +0000" catchup-id="1316310067"><title>Bebel Gilberto - New Morning</title><date></date><icon src="https://t-mobiletv.nl:443/CPS/images/universal/film/program/202301/20230103/9/20230103020139711dn2.jpg"></icon><desc></desc><category></category></programme><programme channel="141429092" start="20230111044600 +0000" stop="20230111053300 +0000" catchup-id="1316679293"><title>Herbert von Karajan and the Berlin Philharmonic: Brahms' Symphony No. 1</title><date></date><icon src="https://t-mobiletv.nl:443/CPS/images/universal/film/program/202301/20230104/27/202301040201155190hr.jpg"></icon><desc></desc><category></category></programme><programme channel="141429092" start="20230111053300 +0000" stop="20230111061200 +0000" catchup-id="1316679299"><title>Herbert von Karajan and the Berlin Philharmonic: Strauss' Also spracht Zarathustra</title><date></date><icon src="https://t-mobiletv.nl:443/CPS/images/universal/film/program/202301/20230104/22/202301040201155195f0.jpg"></icon><desc></desc><category></category></programme><programme channel="141429092" start="20230111061200 +0000" stop="20230111070100 +0000" catchup-id="1316679305"><title>Herbert von Karajan and the Berlin Philharmonic: Strauss' Ein Heldenleben</title><date></date><icon src="https://t-mobiletv.nl:443/CPS/images/universal/film/program/202301/20230104/25/20230104020115519d8d.jpg"></icon><desc></desc><category></category></programme><programme channel="141429092" start="20230111070100 +0000" stop="20230111080000 +0000" catchup-id="1316679311"><title>InterMezzo</title><date></date><icon src="https://t-mobiletv.nl:443/CPS/images/universal/film/program/202301/20230104/69/20230104020115519w9u.jpg"></icon><desc></desc><category></category></programme><programme channel="141429092" start="20230111080000 +0000" stop="20230111100200 +0000" catchup-id="1316679317"><title>La Bohème by Puccini at the Metropolitan Opera</title><date></date><icon src="https://t-mobiletv.nl:443/CPS/images/universal/film/program/202301/20230104/0/2023010402011551983c.jpg"></icon><desc></desc><category></category></programme><programme channel="141429092" start="20230111100200 +0000" stop="20230111105500 +0000" catchup-id="1316679323"><title>Philippe Jaroussky Musical Academy Gala</title><date></date><icon src="https://t-mobiletv.nl:443/CPS/images/universal/film/program/202301/20230104/49/20230104020115519yku.jpg"></icon><desc></desc><category></category></programme><programme channel="141429092" start="20230111105500 +0000" stop="20230111113000 +0000" catchup-id="1316679329"><title>InterMezzo</title><date></date><icon src="https://t-mobiletv.nl:443/CPS/images/universal/film/program/202301/20230104/41/2023010402011552095h.jpg"></icon><desc></desc><category></category></programme><programme channel="141429092" start="20230111113000 +0000" stop="20230111133000 +0000" catchup-id="1316679335"><title>Orchestre Philharmonique Royal de Liège, Gergely Madaras: Franck, Les Béatitudes</title><date></date><icon src="https://t-mobiletv.nl:443/CPS/images/universal/film/program/202301/20230104/45/20230104020115520t0n.jpg"></icon><desc></desc><category></category></programme><programme channel="141429092" start="20230111133000 +0000" stop="20230111142200 +0000" catchup-id="1316679341"><title>Tempo Madaras, Life's journey as a conductor</title><date></date><icon src="https://t-mobiletv.nl:443/CPS/images/universal/film/program/202301/20230104/48/20230104020115520szj.jpg"></icon><desc></desc><category></category></programme><programme channel="141429092" start="20230111142200 +0000" stop="20230111150000 +0000" catchup-id="1316679347"><title>InterMezzo</title><date></date><icon src="https://t-mobiletv.nl:443/CPS/images/universal/film/program/202301/20230104/38/20230104020115520j1s.jpg"></icon><desc></desc><category></category></programme><programme channel="141429092" start="20230111150000 +0000" stop="20230111155200 +0000" catchup-id="1316679353"><title>Saint-Saëns meets Havana</title><date></date><icon src="https://t-mobiletv.nl:443/CPS/images/universal/film/program/202301/20230104/32/202301040201155203jl.jpg"></icon><desc></desc><category></category></programme><programme channel="141429092" start="20230111155200 +0000" stop="20230111165400 +0000" catchup-id="1316679359"><title>Herbert von Karajan and the Vienna Philharmonic: Bruckner's Symphony No. 9</title><date></date><icon src="https://t-mobiletv.nl:443/CPS/images/universal/film/program/202301/20230104/84/20230104020115520wcl.jpg"></icon><desc></desc><category></category></programme><programme channel="141429092" start="20230111165400 +0000" stop="20230111171400 +0000" catchup-id="1316679365"><title>Daniel Barenboim plays the Piano Sonatas by Beethoven: Piano Sonata no. 8</title><date></date><icon src="https://t-mobiletv.nl:443/CPS/images/universal/film/program/202301/20230104/18/20230104020115520mp0.jpg"></icon><desc></desc><category></category></programme><programme channel="141429092" start="20230111171400 +0000" stop="20230111173100 +0000" catchup-id="1316679371"><title>Daniel Barenboim plays the Piano Sonatas by Beethoven: Piano Sonata no. 14</title><date></date><icon src="https://t-mobiletv.nl:443/CPS/images/universal/film/program/202301/20230104/44/202301040201155206ax.jpg"></icon><desc></desc><category></category></programme><programme channel="141429092" start="20230111173100 +0000" stop="20230111180000 +0000" catchup-id="1316679377"><title>Daniel Barenboim plays the Piano Sonatas by Beethoven: Piano Sonata no. 17</title><date></date><icon src="https://t-mobiletv.nl:443/CPS/images/universal/film/program/202301/20230104/50/202301040201155207ra.jpg"></icon><desc></desc><category></category></programme><programme channel="141429092" start="20230111180000 +0000" stop="20230111193000 +0000" catchup-id="1316679383"><title>Agents are forever Danish National Symphony Orchestra</title><date></date><icon src="https://t-mobiletv.nl:443/CPS/images/universal/film/program/202301/20230104/53/20230104020115520nzz.jpg"></icon><desc></desc><category></category></programme><programme channel="141429092" start="20230111193000 +0000" stop="20230111215600 +0000" catchup-id="1316679389"><title>Luisa Miller by Verdi at the Metropolitan Opera</title><date></date><icon src="https://t-mobiletv.nl:443/CPS/images/universal/film/program/202301/20230104/23/202301040201155205ak.jpg"></icon><desc></desc><category></category></programme><programme channel="141429092" start="20230111215600 +0000" stop="20230111233000 +0000" catchup-id="1316679395"><title>Jonathan Nott and the Orchestre de la Suisse Romande: Tchaikovsky, Mussorgsky, Stravinsky</title><date></date><icon src="https://t-mobiletv.nl:443/CPS/images/universal/film/program/202301/20230104/7/20230104020115520wds.jpg"></icon><desc></desc><category></category></programme><programme channel="141429092" start="20230111233000 +0000" stop="20230112014800 +0000" catchup-id="1316679401"><title>Berliner Philharmoniker, Herbert von Karajan, Anne-Sophie Mutter : Beethoven's Violin Concerto</title><date></date><icon src="https://t-mobiletv.nl:443/CPS/images/universal/film/program/202301/20230104/94/20230104020115521vke.jpg"></icon><desc></desc><category></category></programme><programme channel="141429092" start="20230112014800 +0000" stop="20230112031100 +0000" catchup-id="1316679407"><title>Chucho Valdés - Bayfront Jazz Festival</title><date></date><icon src="https://t-mobiletv.nl:443/CPS/images/universal/film/program/202301/20230104/5/20230104020115521vbf.jpg"></icon><desc></desc><category></category></programme><programme channel="141429092" start="20230112031100 +0000" stop="20230112042600 +0000" catchup-id="1316679413"><title>Bebel Gilberto - New Morning</title><date></date><icon src="https://t-mobiletv.nl:443/CPS/images/universal/film/program/202301/20230104/40/20230104020115521jxj.jpg"></icon><desc></desc><category></category></programme><programme channel="141429092" start="20230112042600 +0000" stop="20230112054700 +0000" catchup-id="1316679419"><title>Gonzalo Rubalcaba &amp; Aymee Nuviola - Bayfront Jazz Festival</title><date></date><icon src="https://t-mobiletv.nl:443/CPS/images/universal/film/program/202301/20230104/12/202301040201155213oa.jpg"></icon><desc></desc><category></category></programme><programme channel="141429092" start="20230112054700 +0000" stop="20230112064400 +0000" catchup-id="1317087204"><title>La Tipica Melingo - Banlieues Bleues</title><date></date><icon src="https://t-mobiletv.nl:443/CPS/images/universal/film/program/202301/20230105/15/202301050201405294ss.jpg"></icon><desc></desc><category></category></programme><programme channel="141429092" start="20230112064400 +0000" stop="20230112080000 +0000" catchup-id="1317087338"><title>InterMezzo</title><date></date><icon src="https://t-mobiletv.nl:443/CPS/images/universal/film/program/202301/20230105/14/202301050201405297ns.jpg"></icon><desc></desc><category></category></programme><programme channel="141429092" start="20230112080000 +0000" stop="20230112083000 +0000" catchup-id="1317087344"><title>English National Ballet: Echoes, Laid in Earth</title><date></date><icon src="https://t-mobiletv.nl:443/CPS/images/universal/film/program/202301/20230105/83/20230105020140529k0i.jpg"></icon><desc></desc><category></category></programme><programme channel="141429092" start="20230112083000 +0000" stop="20230112091500 +0000" catchup-id="1317087350"><title>Herbert von Karajan and the Berlin Philharmonic: Brahms' Symphony No. 2</title><date></date><icon src="https://t-mobiletv.nl:443/CPS/images/universal/film/program/202301/20230105/23/20230105020140529u06.jpg"></icon><desc></desc><category></category></programme><programme channel="141429092" start="20230112091500 +0000" stop="20230112102400 +0000" catchup-id="1317087356"><title>Santtu-Matias Rouvali and the Orchestre de Chambre de Lausanne: Prokofiev, Beethoven</title><date></date><icon src="https://t-mobiletv.nl:443/CPS/images/universal/film/program/202301/20230105/31/2023010502014052967p.jpg"></icon><desc></desc><category></category></programme><programme channel="141429092" start="20230112102400 +0000" stop="20230112113000 +0000" catchup-id="1317087362"><title>InterMezzo</title><date></date><icon src="https://t-mobiletv.nl:443/CPS/images/universal/film/program/202301/20230105/90/20230105020140529bir.jpg"></icon><desc></desc><category></category></programme><programme channel="141429092" start="20230112113000 +0000" stop="20230112125900 +0000" catchup-id="1317087368"><title>Orchestre de Chambre de Lausanne and Klaus Mäkelä: Mozart, Schumann</title><date></date><icon src="https://t-mobiletv.nl:443/CPS/images/universal/film/program/202301/20230105/15/20230105020140529vc6.jpg"></icon><desc></desc><category></category></programme><programme channel="141429092" start="20230112125900 +0000" stop="20230112132900 +0000" catchup-id="1317087374"><title>Leonard Bernstein conducts Debussy's La Mer</title><date></date><icon src="https://t-mobiletv.nl:443/CPS/images/universal/film/program/202301/20230105/58/202301050201405291ea.jpg"></icon><desc></desc><category></category></programme><programme channel="141429092" start="20230112132900 +0000" stop="20230112150500 +0000" catchup-id="1317087380"><title>Emmanuelle Haïm and Le Concert d'Astrée in Versailles: Rameau, Mondonville, Campra</title><date></date><icon src="https://t-mobiletv.nl:443/CPS/images/universal/film/program/202301/20230105/95/20230105020140529b85.jpg"></icon><desc></desc><category></category></programme><programme channel="141429092" start="20230112150500 +0000" stop="20230112155000 +0000" catchup-id="1317087386"><title>InterMezzo</title><date></date><icon src="https://t-mobiletv.nl:443/CPS/images/universal/film/program/202301/20230105/96/20230105020140530y86.jpg"></icon><desc></desc><category></category></programme><programme channel="141429092" start="20230112155000 +0000" stop="20230112175000 +0000" catchup-id="1317087392"><title>Elektra by Strauss at the Metropolitan Opera</title><date></date><icon src="https://t-mobiletv.nl:443/CPS/images/universal/film/program/202301/20230105/25/20230105020140530k9z.jpg"></icon><desc></desc><category></category></programme>