<programme channel="141431391" start="20221229170233 +0000" stop="20221229190107 +0000" catchup-id="1311756074"><title>Wild Boys Of The 80s!</title><date></date><icon src="https://t-mobiletv.nl:443/CPS/images/universal/film/program/202212/20221222/11/20221222020050516fm3.jpg"></icon><desc>These boys were born to be wild in the 80s! Check out all of their huge hits and iconic anthems right here!</desc><category></category></programme><programme channel="141431391" start="20221229190107 +0000" stop="20221229200042 +0000" catchup-id="1311756080"><title>Greatest 80s Rock: Play It Loud!</title><date></date><icon src="https://t-mobiletv.nl:443/CPS/images/universal/film/program/202212/20221222/82/2022122202005051642a.jpg"></icon><desc>Hard! Alternative! Heavy! Post-punk! Metal! Indie! Goth! Call it what you want, but turn up the volume as we delve into the decade's best rock tracks in all their incarnations, right here on MTV80s!</desc><category></category></programme><programme channel="141431391" start="20221229200042 +0000" stop="20221230010057 +0000" catchup-id="1311756086"><title>... So 80s!</title><date></date><icon src="https://t-mobiletv.nl:443/CPS/images/universal/film/program/202212/20221222/28/20221222020050516qpf.jpg"></icon><desc>Get ready because we're bringing you nothing but classic hits and iconic anthems from the 80s!</desc><category></category></programme><programme channel="141431391" start="20221230010057 +0000" stop="20221230030000 +0000" catchup-id="1311756092"><title>... So 80s!</title><date></date><icon src="https://t-mobiletv.nl:443/CPS/images/universal/film/program/202212/20221222/24/20221222020050516s9s.jpg"></icon><desc>Get ready because we're bringing you nothing but classic hits and iconic anthems from the 80s!</desc><category></category></programme><programme channel="141431391" start="20221230030000 +0000" stop="20221230070047 +0000" catchup-id="1311756098"><title>Non-Stop 80s Hits!</title><date></date><icon src="https://t-mobiletv.nl:443/CPS/images/universal/film/program/202212/20221222/7/20221222020050516qpe.jpg"></icon><desc>We got hits... We got hits from the 80s. And guess what? They don't stop! You're welcome!</desc><category></category></programme><programme channel="141431391" start="20221230070047 +0000" stop="20221230110056 +0000" catchup-id="1312180142"><title>Gold! Greatest Hits Of The 80s</title><date></date><icon src="https://t-mobiletv.nl:443/CPS/images/universal/film/program/202212/20221223/81/20221223020125567xuy.jpg"></icon><desc>Pencil us in because we've organised the greatest hits of the '80s for you...you're welcome!</desc><category></category></programme><programme channel="141431391" start="20221230110056 +0000" stop="20221230150114 +0000" catchup-id="1312180148"><title>I Want My MTV 80s!</title><date></date><icon src="https://t-mobiletv.nl:443/CPS/images/universal/film/program/202212/20221223/43/20221223020125567vzi.jpg"></icon><desc>It's non-stop nostalgia right here at MTV 80s - and that's what we want, right now!</desc><category></category></programme><programme channel="141431391" start="20221230150114 +0000" stop="20221230200041 +0000" catchup-id="1312180154"><title>Pump Up The 80s Party!</title><date></date><icon src="https://t-mobiletv.nl:443/CPS/images/universal/film/program/202212/20221223/0/20221223020125567pvf.jpg"></icon><desc>We've chosen all of the best 80s hits to go into one epic 80s party playlist. So pump up the volume and get ready to dance with some classic 80s tunes!</desc><category></category></programme><programme channel="141431391" start="20221230200041 +0000" stop="20221230210112 +0000" catchup-id="1312180160"><title>Pump Up The 80s Party!</title><date></date><icon src="https://t-mobiletv.nl:443/CPS/images/universal/film/program/202212/20221223/75/20221223020125567566.jpg"></icon><desc>We've chosen all of the best 80s hits to go into one epic 80s party playlist. So pump up the volume and get ready to dance with some classic 80s tunes!</desc><category></category></programme><programme channel="141431391" start="20221230210112 +0000" stop="20221231015957 +0000" catchup-id="1312180166"><title>... So 80s!</title><date></date><icon src="https://t-mobiletv.nl:443/CPS/images/universal/film/program/202212/20221223/70/20221223020125567lw0.jpg"></icon><desc>Get ready because we're bringing you nothing but classic hits and iconic anthems from the 80s!</desc><category></category></programme><programme channel="141431391" start="20221231015957 +0000" stop="20221231030000 +0000" catchup-id="1312180172"><title>... So 80s!</title><date></date><icon src="https://t-mobiletv.nl:443/CPS/images/universal/film/program/202212/20221223/45/20221223020125567eh4.jpg"></icon><desc>Get ready because we're bringing you nothing but classic hits and iconic anthems from the 80s!</desc><category></category></programme><programme channel="141431391" start="20221231030000 +0000" stop="20221231085938 +0000" catchup-id="1312180178"><title>It's An 80s New Year's Party!</title><date></date><icon src="https://t-mobiletv.nl:443/CPS/images/universal/film/program/202212/20221223/95/20221223020125567fap.jpg"></icon><desc>Let us lead you into New Year with the biggest party ever - filled with nothing but upbeat hits from 1980 to 1989... And that's an MTV80s guarantee!</desc><category></category></programme><programme channel="141431391" start="20221231085938 +0000" stop="20221231150112 +0000" catchup-id="1312550788"><title>It's An 80s New Year's Party!</title><date></date><icon src="https://t-mobiletv.nl:443/CPS/images/universal/film/program/202212/20221224/61/2022122402004052086w.jpg"></icon><desc>Let us lead you into New Year with the biggest party ever - filled with nothing but upbeat hits from 1980 to 1989... And that's an MTV80s guarantee!</desc><category></category></programme><programme channel="141431391" start="20221231150112 +0000" stop="20221231190002 +0000" catchup-id="1312550794"><title>It's An 80s New Year's Party!</title><date></date><icon src="https://t-mobiletv.nl:443/CPS/images/universal/film/program/202212/20221224/18/20221224020040520h1l.jpg"></icon><desc>Let us lead you into New Year with the biggest party ever - filled with nothing but upbeat hits from 1980 to 1989... And that's an MTV80s guarantee!</desc><category></category></programme><programme channel="141431391" start="20221231190002 +0000" stop="20230101000031 +0000" catchup-id="1312550800"><title>Happy New Year from MTV 80s!</title><date></date><icon src="https://t-mobiletv.nl:443/CPS/images/universal/film/program/202212/20221224/54/20221224020040520n8y.jpg"></icon><desc>It's the start of a new year so let's celebrate with one massive 80s party!</desc><category></category></programme><programme channel="141431391" start="20230101000031 +0000" stop="20230101030000 +0000" catchup-id="1312550806"><title>Happy New Year from MTV 80s!</title><date></date><icon src="https://t-mobiletv.nl:443/CPS/images/universal/film/program/202212/20221224/68/20221224020040520tkn.jpg"></icon><desc>It's the start of a new year so let's celebrate with one massive 80s party!</desc><category></category></programme><programme channel="141431391" start="20230101030000 +0000" stop="20230101070035 +0000" catchup-id="1312550812"><title>Happy New Year from MTV 80s!</title><date></date><icon src="https://t-mobiletv.nl:443/CPS/images/universal/film/program/202212/20221224/47/20221224020040520sog.jpg"></icon><desc>It's the start of a new year so let's celebrate with one massive 80s party!</desc><category></category></programme><programme channel="141431391" start="20230101070035 +0000" stop="20230101105955 +0000" catchup-id="1312931839"><title>Happy New Year from MTV 80s!</title><date></date><icon src="https://t-mobiletv.nl:443/CPS/images/universal/film/program/202212/20221225/21/20221225020134712dkh.jpg"></icon><desc>It's the start of a new year so let's celebrate with one massive 80s party!</desc><category></category></programme><programme channel="141431391" start="20230101105955 +0000" stop="20230101150023 +0000" catchup-id="1312931845"><title>Happy New Year from MTV 80s!</title><date></date><icon src="https://t-mobiletv.nl:443/CPS/images/universal/film/program/202212/20221225/93/20221225020134712rku.jpg"></icon><desc>It's the start of a new year so let's celebrate with one massive 80s party!</desc><category></category></programme><programme channel="141431391" start="20230101150023 +0000" stop="20230101190218 +0000" catchup-id="1312931851"><title>Pump Up The 80s Party!</title><date></date><icon src="https://t-mobiletv.nl:443/CPS/images/universal/film/program/202212/20221225/82/202212250201347126xq.jpg"></icon><desc>We've chosen all of the best 80s hits to go into one epic 80s party playlist. So pump up the volume and get ready to dance with some classic 80s tunes!</desc><category></category></programme><programme channel="141431391" start="20230101190218 +0000" stop="20230101195947 +0000" catchup-id="1312931857"><title>80s Power Ballad Heaven!</title><date></date><icon src="https://t-mobiletv.nl:443/CPS/images/universal/film/program/202212/20221225/66/202212250201347130af.jpg"></icon><desc>We've selected some of the most iconic 80s power ballads ever recorded to play for you right now on MTV 80s!</desc><category></category></programme><programme channel="141431391" start="20230101195947 +0000" stop="20230102010139 +0000" catchup-id="1312931863"><title>... So 80s!</title><date></date><icon src="https://t-mobiletv.nl:443/CPS/images/universal/film/program/202212/20221225/44/20221225020134713nu9.jpg"></icon><desc>Get ready because we're bringing you nothing but classic hits and iconic anthems from the 80s!</desc><category></category></programme><programme channel="141431391" start="20230102010139 +0000" stop="20230102030000 +0000" catchup-id="1312931869"><title>... So 80s!</title><date></date><icon src="https://t-mobiletv.nl:443/CPS/images/universal/film/program/202212/20221225/89/20221225020134713bea.jpg"></icon><desc>Get ready because we're bringing you nothing but classic hits and iconic anthems from the 80s!</desc><category></category></programme><programme channel="141431391" start="20230102030000 +0000" stop="20230102070318 +0000" catchup-id="1312931875"><title>Non-Stop 80s Hits!</title><date></date><icon src="https://t-mobiletv.nl:443/CPS/images/universal/film/program/202212/20221225/16/20221225020134713599.jpg"></icon><desc>We got hits... We got hits from the 80s. And guess what? They don't stop! You're welcome!</desc><category></category></programme><programme channel="141431391" start="20230102070318 +0000" stop="20230102110127 +0000" catchup-id="1313255463"><title>Gold! Greatest Hits Of The 80s</title><date></date><icon src="https://t-mobiletv.nl:443/CPS/images/universal/film/program/202212/20221226/76/20221226020119712d37.jpg"></icon><desc>Pencil us in because we've organised the greatest hits of the '80s for you...you're welcome!</desc><category></category></programme><programme channel="141431391" start="20230102110127 +0000" stop="20230102150051 +0000" catchup-id="1313255469"><title>I Want My MTV 80s!</title><date></date><icon src="https://t-mobiletv.nl:443/CPS/images/universal/film/program/202212/20221226/51/20221226020119713w0l.jpg"></icon><desc>It's non-stop nostalgia right here at MTV 80s - and that's what we want, right now!</desc><category></category></programme><programme channel="141431391" start="20230102150051 +0000" stop="20230102170050 +0000" catchup-id="1313255475"><title>Forever 80s</title><date></date><icon src="https://t-mobiletv.nl:443/CPS/images/universal/film/program/202212/20221226/83/20221226020119713otc.jpg"></icon><desc>Check out all of the best hits from one of the biggest decades in music!</desc><category></category></programme><programme channel="141431391" start="20230102170050 +0000" stop="20230102190103 +0000" catchup-id="1313255481"><title>Who's That 80s Girl?</title><date></date><icon src="https://t-mobiletv.nl:443/CPS/images/universal/film/program/202212/20221226/56/20221226020119713yor.jpg"></icon><desc>Check out all of the greatest hits from our favourite girls of the 80s!</desc><category></category></programme><programme channel="141431391" start="20230102190103 +0000" stop="20230102200211 +0000" catchup-id="1313255487"><title>Greatest 80s Rock: Play It Loud!</title><date></date><icon src="https://t-mobiletv.nl:443/CPS/images/universal/film/program/202212/20221226/63/20221226020119713bvd.jpg"></icon><desc>Hard! Alternative! Heavy! Post-punk! Metal! Indie! Goth! Call it what you want, but turn up the volume as we delve into the decade's best rock tracks in all their incarnations, right here on MTV80s!</desc><category></category></programme><programme channel="141431391" start="20230102200211 +0000" stop="20230103010138 +0000" catchup-id="1313255493"><title>... So 80s!</title><date></date><icon src="https://t-mobiletv.nl:443/CPS/images/universal/film/program/202212/20221226/41/20221226020119713lrm.jpg"></icon><desc>Get ready because we're bringing you nothing but classic hits and iconic anthems from the 80s!</desc><category></category></programme><programme channel="141431391" start="20230103010138 +0000" stop="20230103030000 +0000" catchup-id="1313255499"><title>... So 80s!</title><date></date><icon src="https://t-mobiletv.nl:443/CPS/images/universal/film/program/202212/20221226/72/20221226020119713qy9.jpg"></icon><desc>Get ready because we're bringing you nothing but classic hits and iconic anthems from the 80s!</desc><category></category></programme><programme channel="141431391" start="20230103030000 +0000" stop="20230103065900 +0000" catchup-id="1313255505"><title>Non-Stop 80s Hits!</title><date></date><icon src="https://t-mobiletv.nl:443/CPS/images/universal/film/program/202212/20221226/2/202212260201197136t1.jpg"></icon><desc>We got hits... We got hits from the 80s. And guess what? They don't stop! You're welcome!</desc><category></category></programme><programme channel="141431391" start="20230103065900 +0000" stop="20230103110111 +0000" catchup-id="1313574953"><title>Gold! Greatest Hits Of The 80s</title><date></date><icon src="https://t-mobiletv.nl:443/CPS/images/universal/film/program/202212/20221227/48/20221227020059712uo5.jpg"></icon><desc>Pencil us in because we've organised the greatest hits of the '80s for you...you're welcome!</desc><category></category></programme><programme channel="141431391" start="20230103110111 +0000" stop="20230103145931 +0000" catchup-id="1313574959"><title>I Want My MTV 80s!</title><date></date><icon src="https://t-mobiletv.nl:443/CPS/images/universal/film/program/202212/20221227/81/20221227020059712x18.jpg"></icon><desc>It's non-stop nostalgia right here at MTV 80s - and that's what we want, right now!</desc><category></category></programme><programme channel="141431391" start="20230103145931 +0000" stop="20230103170220 +0000" catchup-id="1313574965"><title>Forever 80s</title><date></date><icon src="https://t-mobiletv.nl:443/CPS/images/universal/film/program/202212/20221227/42/20221227020059712i9s.jpg"></icon><desc>Check out all of the best hits from one of the biggest decades in music!</desc><category></category></programme><programme channel="141431391" start="20230103170220 +0000" stop="20230103190149 +0000" catchup-id="1313574971"><title>Electric 80s!</title><date></date><icon src="https://t-mobiletv.nl:443/CPS/images/universal/film/program/202212/20221227/48/20221227020059713yfp.jpg"></icon><desc>Tune in as we play all of the biggest electronic and synth pop hits from the 80s!</desc><category></category></programme><programme channel="141431391" start="20230103190149 +0000" stop="20230103200215 +0000" catchup-id="1313574977"><title>Greatest 80s Rock: Play It Loud!</title><date></date><icon src="https://t-mobiletv.nl:443/CPS/images/universal/film/program/202212/20221227/10/202212270200597137qp.jpg"></icon><desc>Hard! Alternative! Heavy! Post-punk! Metal! Indie! Goth! Call it what you want, but turn up the volume as we delve into the decade's best rock tracks in all their incarnations, right here on MTV80s!</desc><category></category></programme><programme channel="141431391" start="20230103200215 +0000" stop="20230104010105 +0000" catchup-id="1313574983"><title>... So 80s!</title><date></date><icon src="https://t-mobiletv.nl:443/CPS/images/universal/film/program/202212/20221227/47/20221227020059713zno.jpg"></icon><desc>Get ready because we're bringing you nothing but classic hits and iconic anthems from the 80s!</desc><category></category></programme><programme channel="141431391" start="20230104010105 +0000" stop="20230104030000 +0000" catchup-id="1313980644"><title>... So 80s!</title><date></date><icon src="https://t-mobiletv.nl:443/CPS/images/universal/film/program/202212/20221228/58/2022122802014053048a.jpg"></icon><desc>Get ready because we're bringing you nothing but classic hits and iconic anthems from the 80s!</desc><category></category></programme><programme channel="141431391" start="20230104030000 +0000" stop="20230104070109 +0000" catchup-id="1313574995"><title>Non-Stop 80s Hits!</title><date></date><icon src="https://t-mobiletv.nl:443/CPS/images/universal/film/program/202212/20221227/19/202212270200597131qu.jpg"></icon><desc>We got hits... We got hits from the 80s. And guess what? They don't stop! You're welcome!</desc><category></category></programme><programme channel="141431391" start="20230104070109 +0000" stop="20230104110047 +0000" catchup-id="1313980714"><title>Gold! Greatest Hits Of The 80s</title><date></date><icon src="https://t-mobiletv.nl:443/CPS/images/universal/film/program/202212/20221228/16/20221228020140530se6.jpg"></icon><desc>Pencil us in because we've organised the greatest hits of the '80s for you...you're welcome!</desc><category></category></programme><programme channel="141431391" start="20230104110047 +0000" stop="20230104141634 +0000" catchup-id="1313980720"><title>Top 50 Best 80s Debuts!</title><date></date><icon src="https://t-mobiletv.nl:443/CPS/images/universal/film/program/202212/20221228/24/20221228020140530cro.jpg"></icon><desc>The first hit is always the best - so get ready as we bring you 50 of the most memorable debuts of the 1980s!</desc><category></category></programme><programme channel="141431391" start="20230104141634 +0000" stop="20230104170124 +0000" catchup-id="1313980726"><title>Forever 80s</title><date></date><icon src="https://t-mobiletv.nl:443/CPS/images/universal/film/program/202212/20221228/98/20221228020140530ekt.jpg"></icon><desc>Check out all of the best hits from one of the biggest decades in music!</desc><category></category></programme><programme channel="141431391" start="20230104170124 +0000" stop="20230104190128 +0000" catchup-id="1313980732"><title>The Power Of Love!</title><date></date><icon src="https://t-mobiletv.nl:443/CPS/images/universal/film/program/202212/20221228/18/20221228020140530f6c.jpg"></icon><desc>The power of love is strong here at MTV which is why we've put all of the best 80s love songs together in one playlist!</desc><category></category></programme><programme channel="141431391" start="20230104190128 +0000" stop="20230104200043 +0000" catchup-id="1313980738"><title>Greatest 80s Rock: Play It Loud!</title><date></date><icon src="https://t-mobiletv.nl:443/CPS/images/universal/film/program/202212/20221228/60/202212280201405309ne.jpg"></icon><desc>Hard! Alternative! Heavy! Post-punk! Metal! Indie! Goth! Call it what you want, but turn up the volume as we delve into the decade's best rock tracks in all their incarnations, right here on MTV80s!</desc><category></category></programme><programme channel="141431391" start="20230104200043 +0000" stop="20230105005920 +0000" catchup-id="1313980744"><title>... So 80s!</title><date></date><icon src="https://t-mobiletv.nl:443/CPS/images/universal/film/program/202212/20221228/4/20221228020140531xvg.jpg"></icon><desc>Get ready because we're bringing you nothing but classic hits and iconic anthems from the 80s!</desc><category></category></programme><programme channel="141431391" start="20230105005920 +0000" stop="20230105030000 +0000" catchup-id="1313980750"><title>... So 80s!</title><date></date><icon src="https://t-mobiletv.nl:443/CPS/images/universal/film/program/202212/20221228/50/20221228020140531ujt.jpg"></icon><desc>Get ready because we're bringing you nothing but classic hits and iconic anthems from the 80s!</desc><category></category></programme><programme channel="141431391" start="20230105030000 +0000" stop="20230105065934 +0000" catchup-id="1313980756"><title>Non-Stop 80s Hits!</title><date></date><icon src="https://t-mobiletv.nl:443/CPS/images/universal/film/program/202212/20221228/6/20221228020140531s22.jpg"></icon><desc>We got hits... We got hits from the 80s. And guess what? They don't stop! You're welcome!</desc><category></category></programme><programme channel="141431391" start="20230105065934 +0000" stop="20230105110121 +0000" catchup-id="1314360202"><title>Gold! Greatest Hits Of The 80s</title><date></date><icon src="https://t-mobiletv.nl:443/CPS/images/universal/film/program/202212/20221229/23/20221229020045508it7.jpg"></icon><desc>Pencil us in because we've organised the greatest hits of the '80s for you...you're welcome!</desc><category></category></programme><programme channel="141431391" start="20230105110121 +0000" stop="20230105145950 +0000" catchup-id="1314360208"><title>I Want My MTV 80s!</title><date></date><icon src="https://t-mobiletv.nl:443/CPS/images/universal/film/program/202212/20221229/46/202212290200455089sd.jpg"></icon><desc>It's non-stop nostalgia right here at MTV 80s - and that's what we want, right now!</desc><category></category></programme><programme channel="141431391" start="20230105145950 +0000" stop="20230105170047 +0000" catchup-id="1314360214"><title>Forever 80s</title><date></date><icon src="https://t-mobiletv.nl:443/CPS/images/universal/film/program/202212/20221229/25/20221229020045508koz.jpg"></icon><desc>Check out all of the best hits from one of the biggest decades in music!</desc><category></category></programme><programme channel="141431391" start="20230105170047 +0000" stop="20230105190038 +0000" catchup-id="1314360220"><title>Wild Boys Of The 80s!</title><date></date><icon src="https://t-mobiletv.nl:443/CPS/images/universal/film/program/202212/20221229/68/20221229020045508kiw.jpg"></icon><desc>These boys were born to be wild in the 80s! Check out all of their huge hits and iconic anthems right here!</desc><category></category></programme><programme channel="141431391" start="20230105190038 +0000" stop="20230105200108 +0000" catchup-id="1314360226"><title>Greatest 80s Rock: Play It Loud!</title><date></date><icon src="https://t-mobiletv.nl:443/CPS/images/universal/film/program/202212/20221229/29/20221229020045508iiz.jpg"></icon><desc>Hard! Alternative! Heavy! Post-punk! Metal! Indie! Goth! Call it what you want, but turn up the volume as we delve into the decade's best rock tracks in all their incarnations, right here on MTV80s!</desc><category></category></programme><programme channel="141431391" start="20230105200108 +0000" stop="20230106010041 +0000" catchup-id="1314360232"><title>... So 80s!</title><date></date><icon src="https://t-mobiletv.nl:443/CPS/images/universal/film/program/202212/20221229/25/202212290200455080os.jpg"></icon><desc>Get ready because we're bringing you nothing but classic hits and iconic anthems from the 80s!</desc><category></category></programme><programme channel="141431391" start="20230106010041 +0000" stop="20230106030000 +0000" catchup-id="1314360238"><title>... So 80s!</title><date></date><icon src="https://t-mobiletv.nl:443/CPS/images/universal/film/program/202212/20221229/74/202212290200455080hp.jpg"></icon><desc>Get ready because we're bringing you nothing but classic hits and iconic anthems from the 80s!</desc><category></category></programme><programme channel="141431391" start="20230106030000 +0000" stop="20230106070119 +0000" catchup-id="1314360244"><title>Non-Stop 80s Hits!</title><date></date><icon src="https://t-mobiletv.nl:443/CPS/images/universal/film/program/202212/20221229/11/20221229020045508cfa.jpg"></icon><desc>We got hits... We got hits from the 80s. And guess what? They don't stop! You're welcome!</desc><category></category></programme><programme channel="141431391" start="20230106070119 +0000" stop="20230106110119 +0000" catchup-id="1314829155"><title>Gold! Greatest Hits Of The 80s</title><date></date><icon src="https://t-mobiletv.nl:443/CPS/images/universal/film/program/202212/20221230/89/202212300201055292sb.jpg"></icon><desc>Pencil us in because we've organised the greatest hits of the '80s for you...you're welcome!</desc><category></category></programme><programme channel="141431391" start="20230106110119 +0000" stop="20230106150037 +0000" catchup-id="1314829417"><title>I Want My MTV 80s!</title><date></date><icon src="https://t-mobiletv.nl:443/CPS/images/universal/film/program/202212/20221230/82/20221230020105529w66.jpg"></icon><desc>It's non-stop nostalgia right here at MTV 80s - and that's what we want, right now!</desc><category></category></programme><programme channel="141431391" start="20230106150037 +0000" stop="20230106200002 +0000" catchup-id="1314829423"><title>Pump Up The 80s Party!</title><date></date><icon src="https://t-mobiletv.nl:443/CPS/images/universal/film/program/202212/20221230/16/202212300201055299o3.jpg"></icon><desc>We've chosen all of the best 80s hits to go into one epic 80s party playlist. So pump up the volume and get ready to dance with some classic 80s tunes!</desc><category></category></programme><programme channel="141431391" start="20230106200002 +0000" stop="20230106210106 +0000" catchup-id="1314829429"><title>Pump Up The 80s Party!</title><date></date><icon src="https://t-mobiletv.nl:443/CPS/images/universal/film/program/202212/20221230/39/202212300201055295lk.jpg"></icon><desc>We've chosen all of the best 80s hits to go into one epic 80s party playlist. So pump up the volume and get ready to dance with some classic 80s tunes!</desc><category></category></programme><programme channel="141431391" start="20230106210106 +0000" stop="20230107020052 +0000" catchup-id="1314829435"><title>... So 80s!</title><date></date><icon src="https://t-mobiletv.nl:443/CPS/images/universal/film/program/202212/20221230/47/20221230020105529a2j.jpg"></icon><desc>Get ready because we're bringing you nothing but classic hits and iconic anthems from the 80s!</desc><category></category></programme><programme channel="141431391" start="20230107020052 +0000" stop="20230107030000 +0000" catchup-id="1314829441"><title>... So 80s!</title><date></date><icon src="https://t-mobiletv.nl:443/CPS/images/universal/film/program/202212/20221230/21/20221230020105529zuk.jpg"></icon><desc>Get ready because we're bringing you nothing but classic hits and iconic anthems from the 80s!</desc><category></category></programme><programme channel="141431391" start="20230107030000 +0000" stop="20230107065940 +0000" catchup-id="1314829447"><title>Non-Stop 80s Hits!</title><date></date><icon src="https://t-mobiletv.nl:443/CPS/images/universal/film/program/202212/20221230/98/20221230020105529txq.jpg"></icon><desc>We got hits... We got hits from the 80s. And guess what? They don't stop! You're welcome!</desc><category></category></programme><programme channel="141431391" start="20230107065940 +0000" stop="20230107110103 +0000" catchup-id="1315225925"><title>Gold! Greatest Hits Of The 80s</title><date></date><icon src="https://t-mobiletv.nl:443/CPS/images/universal/film/program/202212/20221231/58/20221231020100507cjp.jpg"></icon><desc>Pencil us in because we've organised the greatest hits of the '80s for you...you're welcome!</desc><category></category></programme><programme channel="141431391" start="20230107110103 +0000" stop="20230107145931 +0000" catchup-id="1315225931"><title>I Want My MTV 80s!</title><date></date><icon src="https://t-mobiletv.nl:443/CPS/images/universal/film/program/202212/20221231/32/20221231020100507eyq.jpg"></icon><desc>It's non-stop nostalgia right here at MTV 80s - and that's what we want, right now!</desc><category></category></programme><programme channel="141431391" start="20230107145931 +0000" stop="20230107170001 +0000" catchup-id="1315225937"><title>Forever 80s</title><date></date><icon src="https://t-mobiletv.nl:443/CPS/images/universal/film/program/202212/20221231/80/20221231020100507att.jpg"></icon><desc>Check out all of the best hits from one of the biggest decades in music!</desc><category></category></programme><programme channel="141431391" start="20230107170001 +0000" stop="20230107202024 +0000" catchup-id="1315225943"><title>Dance Dance Dance! 50 Best...</title><date></date><icon src="https://t-mobiletv.nl:443/CPS/images/universal/film/program/202212/20221231/49/202212310201005078mo.jpg"></icon><desc>... Moves Of The 80s! We hope you are ready to get up and groove because we're bringing you 50 of the best dance moves of the 80s!</desc><category></category></programme><programme channel="141431391" start="20230107202024 +0000" stop="20230108015947 +0000" catchup-id="1315225949"><title>... So 80s!</title><date></date><icon src="https://t-mobiletv.nl:443/CPS/images/universal/film/program/202212/20221231/0/202212310201005075hd.jpg"></icon><desc>Get ready because we're bringing you nothing but classic hits and iconic anthems from the 80s!</desc><category></category></programme><programme channel="141431391" start="20230108015947 +0000" stop="20230108030000 +0000" catchup-id="1315225955"><title>... So 80s!</title><date></date><icon src="https://t-mobiletv.nl:443/CPS/images/universal/film/program/202212/20221231/18/20221231020100507y15.jpg"></icon><desc>Get ready because we're bringing you nothing but classic hits and iconic anthems from the 80s!</desc><category></category></programme><programme channel="141431391" start="20230108030000 +0000" stop="20230108070058 +0000" catchup-id="1315226217"><title>Non-Stop 80s Hits!</title><date></date><icon src="https://t-mobiletv.nl:443/CPS/images/universal/film/program/202212/20221231/35/202212310201005076vo.jpg"></icon><desc>We got hits... We got hits from the 80s. And guess what? They don't stop! You're welcome!</desc><category></category></programme><programme channel="141431391" start="20230108070058 +0000" stop="20230108102629 +0000" catchup-id="1315597583"><title>Global No.1s Of The 80s! Top 50</title><date></date><icon src="https://t-mobiletv.nl:443/CPS/images/universal/film/program/202301/20230101/15/20230101020049728xlc.jpg"></icon><desc>Right now we're counting down 50 of the best 80s hits that made it to number 1 worldwide!</desc><category></category></programme><programme channel="141431391" start="20230108102629 +0000" stop="20230108150057 +0000" catchup-id="1315597589"><title>I Want My MTV 80s!</title><date></date><icon src="https://t-mobiletv.nl:443/CPS/images/universal/film/program/202301/20230101/26/20230101020049728x3n.jpg"></icon><desc>It's non-stop nostalgia right here at MTV 80s - and that's what we want, right now!</desc><category></category></programme><programme channel="141431391" start="20230108150057 +0000" stop="20230108170014 +0000" catchup-id="1315597595"><title>Forever 80s</title><date></date><icon src="https://t-mobiletv.nl:443/CPS/images/universal/film/program/202301/20230101/6/20230101020049728y3z.jpg"></icon><desc>Check out all of the best hits from one of the biggest decades in music!</desc><category></category></programme><programme channel="141431391" start="20230108170014 +0000" stop="20230108200130 +0000" catchup-id="1315597601"><title>80s Power Ballad Heaven!</title><date></date><icon src="https://t-mobiletv.nl:443/CPS/images/universal/film/program/202301/20230101/77/20230101020049728que.jpg"></icon><desc>We've selected some of the most iconic 80s power ballads ever recorded to play for you right now on MTV 80s!</desc><category></category></programme><programme channel="141431391" start="20230108200130 +0000" stop="20230109010025 +0000" catchup-id="1315597607"><title>... So 80s!</title><date></date><icon src="https://t-mobiletv.nl:443/CPS/images/universal/film/program/202301/20230101/60/20230101020049728oi6.jpg"></icon><desc>Get ready because we're bringing you nothing but classic hits and iconic anthems from the 80s!</desc><category></category></programme><programme channel="141431391" start="20230109010025 +0000" stop="20230109030000 +0000" catchup-id="1315597805"><title>... So 80s!</title><date></date><icon src="https://t-mobiletv.nl:443/CPS/images/universal/film/program/202301/20230101/26/20230101020049728cd9.jpg"></icon><desc>Get ready because we're bringing you nothing but classic hits and iconic anthems from the 80s!</desc><category></category></programme><programme channel="141431391" start="20230109030000 +0000" stop="20230109070000 +0000" catchup-id="1315597811"><title>Non-Stop 80s Hits!</title><date></date><icon src="https://t-mobiletv.nl:443/CPS/images/universal/film/program/202301/20230101/18/20230101020049728cdc.jpg"></icon><desc>We got hits... We got hits from the 80s. And guess what? They don't stop! You're welcome!</desc><category></category></programme><programme channel="141431391" start="20230109070000 +0000" stop="20230109110000 +0000" catchup-id="1315944696"><title>Gold! Greatest Hits Of The 80s</title><date></date><icon src="https://t-mobiletv.nl:443/CPS/images/universal/film/program/202301/20230102/67/202301020201247072ob.jpg"></icon><desc>Pencil us in because we've organised the greatest hits of the '80s for you...you're welcome!</desc><category></category></programme><programme channel="141431391" start="20230109110000 +0000" stop="20230109150000 +0000" catchup-id="1315944702"><title>I Want My MTV 80s!</title><date></date><icon src="https://t-mobiletv.nl:443/CPS/images/universal/film/program/202301/20230102/80/20230102020124707wsb.jpg"></icon><desc>It's non-stop nostalgia right here at MTV 80s - and that's what we want, right now!</desc><category></category></programme><programme channel="141431391" start="20230109150000 +0000" stop="20230109170000 +0000" catchup-id="1315944708"><title>Forever 80s</title><date></date><icon src="https://t-mobiletv.nl:443/CPS/images/universal/film/program/202301/20230102/70/20230102020124707eoa.jpg"></icon><desc>Check out all of the best hits from one of the biggest decades in music!</desc><category></category></programme><programme channel="141431391" start="20230109170000 +0000" stop="20230109190000 +0000" catchup-id="1315944714"><title>Who's That 80s Girl?</title><date></date><icon src="https://t-mobiletv.nl:443/CPS/images/universal/film/program/202301/20230102/55/20230102020124708vvk.jpg"></icon><desc>Check out all of the greatest hits from our favourite girls of the 80s!</desc><category></category></programme><programme channel="141431391" start="20230109190000 +0000" stop="20230109200000 +0000" catchup-id="1315944720"><title>Greatest 80s Rock: Play It Loud!</title><date></date><icon src="https://t-mobiletv.nl:443/CPS/images/universal/film/program/202301/20230102/83/20230102020124708sbb.jpg"></icon><desc>Hard! Alternative! Heavy! Post-punk! Metal! Indie! Goth! Call it what you want, but turn up the volume as we delve into the decade's best rock tracks in all their incarnations, right here on MTV80s!</desc><category></category></programme><programme channel="141431391" start="20230109200000 +0000" stop="20230110010000 +0000" catchup-id="1315944726"><title>... So 80s!</title><date></date><icon src="https://t-mobiletv.nl:443/CPS/images/universal/film/program/202301/20230102/60/2023010202012470893f.jpg"></icon><desc>Get ready because we're bringing you nothing but classic hits and iconic anthems from the 80s!</desc><category></category></programme><programme channel="141431391" start="20230110010000 +0000" stop="20230110030000 +0000" catchup-id="1315944732"><title>... So 80s!</title><date></date><icon src="https://t-mobiletv.nl:443/CPS/images/universal/film/program/202301/20230102/87/20230102020124708eof.jpg"></icon><desc>Get ready because we're bringing you nothing but classic hits and iconic anthems from the 80s!</desc><category></category></programme><programme channel="141431391" start="20230110030000 +0000" stop="20230110070000 +0000" catchup-id="1315944738"><title>Non-Stop 80s Hits!</title><date></date><icon src="https://t-mobiletv.nl:443/CPS/images/universal/film/program/202301/20230102/72/202301020201247086ly.jpg"></icon><desc>We got hits... We got hits from the 80s. And guess what? They don't stop! You're welcome!</desc><category></category></programme><programme channel="141431391" start="20230110070000 +0000" stop="20230110110000 +0000" catchup-id="1316286834"><title>Gold! Greatest Hits Of The 80s</title><date></date><icon src="https://t-mobiletv.nl:443/CPS/images/universal/film/program/202301/20230103/56/20230103020105895fox.jpg"></icon><desc>Pencil us in because we've organised the greatest hits of the '80s for you...you're welcome!</desc><category></category></programme><programme channel="141431391" start="20230110110000 +0000" stop="20230110150000 +0000" catchup-id="1316286840"><title>I Want My MTV 80s!</title><date></date><icon src="https://t-mobiletv.nl:443/CPS/images/universal/film/program/202301/20230103/75/202301030201058962pg.jpg"></icon><desc>It's non-stop nostalgia right here at MTV 80s - and that's what we want, right now!</desc><category></category></programme><programme channel="141431391" start="20230110150000 +0000" stop="20230110170000 +0000" catchup-id="1316286846"><title>Forever 80s</title><date></date><icon src="https://t-mobiletv.nl:443/CPS/images/universal/film/program/202301/20230103/0/20230103020105896ka2.jpg"></icon><desc>Check out all of the best hits from one of the biggest decades in music!</desc><category></category></programme><programme channel="141431391" start="20230110170000 +0000" stop="20230110190000 +0000" catchup-id="1316286852"><title>Electric 80s!</title><date></date><icon src="https://t-mobiletv.nl:443/CPS/images/universal/film/program/202301/20230103/62/202301030201058966j5.jpg"></icon><desc>Tune in as we play all of the biggest electronic and synth pop hits from the 80s!</desc><category></category></programme><programme channel="141431391" start="20230110190000 +0000" stop="20230110200000 +0000" catchup-id="1316286858"><title>Greatest 80s Rock: Play It Loud!</title><date></date><icon src="https://t-mobiletv.nl:443/CPS/images/universal/film/program/202301/20230103/57/20230103020105896aqs.jpg"></icon><desc>Hard! Alternative! Heavy! Post-punk! Metal! Indie! Goth! Call it what you want, but turn up the volume as we delve into the decade's best rock tracks in all their incarnations, right here on MTV80s!</desc><category></category></programme><programme channel="141431391" start="20230110200000 +0000" stop="20230111010000 +0000" catchup-id="1316286864"><title>... So 80s!</title><date></date><icon src="https://t-mobiletv.nl:443/CPS/images/universal/film/program/202301/20230103/5/20230103020105896izk.jpg"></icon><desc>Get ready because we're bringing you nothing but classic hits and iconic anthems from the 80s!</desc><category></category></programme><programme channel="141431391" start="20230111010000 +0000" stop="20230111030000 +0000" catchup-id="1316286870"><title>... So 80s!</title><date></date><icon src="https://t-mobiletv.nl:443/CPS/images/universal/film/program/202301/20230103/48/20230103020105896nra.jpg"></icon><desc>Get ready because we're bringing you nothing but classic hits and iconic anthems from the 80s!</desc><category></category></programme><programme channel="141431391" start="20230111030000 +0000" stop="20230111070000 +0000" catchup-id="1316286876"><title>Non-Stop 80s Hits!</title><date></date><icon src="https://t-mobiletv.nl:443/CPS/images/universal/film/program/202301/20230103/98/20230103020105896fg0.jpg"></icon><desc>We got hits... We got hits from the 80s. And guess what? They don't stop! You're welcome!</desc><category></category></programme><programme channel="141431391" start="20230111070000 +0000" stop="20230111110000 +0000" catchup-id="1316699693"><title>Gold! Greatest Hits Of The 80s</title><date></date><icon src="https://t-mobiletv.nl:443/CPS/images/universal/film/program/202301/20230104/56/20230104020145524b4s.jpg"></icon><desc>Pencil us in because we've organised the greatest hits of the '80s for you...you're welcome!</desc><category></category></programme><programme channel="141431391" start="20230111110000 +0000" stop="20230111150000 +0000" catchup-id="1316699699"><title>Top 50 Greatest Voices Of The 80s!</title><date></date><icon src="https://t-mobiletv.nl:443/CPS/images/universal/film/program/202301/20230104/54/20230104020145524lfq.jpg"></icon><desc>They gave us their all in the '80s and we're here to celebrate them one more time - 50 powerful songs from the greatest voices of the decade!</desc><category></category></programme><programme channel="141431391" start="20230111150000 +0000" stop="20230111170000 +0000" catchup-id="1316699705"><title>Forever 80s</title><date></date><icon src="https://t-mobiletv.nl:443/CPS/images/universal/film/program/202301/20230104/56/20230104020145524pj5.jpg"></icon><desc>Check out all of the best hits from one of the biggest decades in music!</desc><category></category></programme><programme channel="141431391" start="20230111170000 +0000" stop="20230111190000 +0000" catchup-id="1316699711"><title>The Power Of Love!</title><date></date><icon src="https://t-mobiletv.nl:443/CPS/images/universal/film/program/202301/20230104/40/20230104020145524cht.jpg"></icon><desc>The power of love is strong here at MTV which is why we've put all of the best 80s love songs together in one playlist!</desc><category></category></programme><programme channel="141431391" start="20230111190000 +0000" stop="20230111200000 +0000" catchup-id="1316699717"><title>Greatest 80s Rock: Play It Loud!</title><date></date><icon src="https://t-mobiletv.nl:443/CPS/images/universal/film/program/202301/20230104/2/202301040201455242fx.jpg"></icon><desc>Hard! Alternative! Heavy! Post-punk! Metal! Indie! Goth! Call it what you want, but turn up the volume as we delve into the decade's best rock tracks in all their incarnations, right here on MTV80s!</desc><category></category></programme><programme channel="141431391" start="20230111200000 +0000" stop="20230112010000 +0000" catchup-id="1316699723"><title>... So 80s!</title><date></date><icon src="https://t-mobiletv.nl:443/CPS/images/universal/film/program/202301/20230104/1/20230104020145524g2b.jpg"></icon><desc>Get ready because we're bringing you nothing but classic hits and iconic anthems from the 80s!</desc><category></category></programme><programme channel="141431391" start="20230112010000 +0000" stop="20230112030000 +0000" catchup-id="1316699729"><title>... So 80s!</title><date></date><icon src="https://t-mobiletv.nl:443/CPS/images/universal/film/program/202301/20230104/41/2023010402014552487l.jpg"></icon><desc>Get ready because we're bringing you nothing but classic hits and iconic anthems from the 80s!</desc><category></category></programme><programme channel="141431391" start="20230112030000 +0000" stop="20230112070000 +0000" catchup-id="1316699735"><title>Non-Stop 80s Hits!</title><date></date><icon src="https://t-mobiletv.nl:443/CPS/images/universal/film/program/202301/20230104/14/20230104020145524wz7.jpg"></icon><desc>We got hits... We got hits from the 80s. And guess what? They don't stop! You're welcome!</desc><category></category></programme><programme channel="141431391" start="20230112070000 +0000" stop="20230112110000 +0000" catchup-id="1317076893"><title>Gold! Greatest Hits Of The 80s</title><date></date><icon src="https://t-mobiletv.nl:443/CPS/images/universal/film/program/202301/20230105/98/20230105020119708wt3.jpg"></icon><desc>Pencil us in because we've organised the greatest hits of the '80s for you...you're welcome!</desc><category></category></programme><programme channel="141431391" start="20230112110000 +0000" stop="20230112150000 +0000" catchup-id="1317076899"><title>I Want My MTV 80s!</title><date></date><icon src="https://t-mobiletv.nl:443/CPS/images/universal/film/program/202301/20230105/48/20230105020119708kis.jpg"></icon><desc>It's non-stop nostalgia right here at MTV 80s - and that's what we want, right now!</desc><category></category></programme><programme channel="141431391" start="20230112150000 +0000" stop="20230112170000 +0000" catchup-id="1317076905"><title>Forever 80s</title><date></date><icon src="https://t-mobiletv.nl:443/CPS/images/universal/film/program/202301/20230105/14/20230105020119708cbc.jpg"></icon><desc>Check out all of the best hits from one of the biggest decades in music!</desc><category></category></programme>