<programme channel="141430473" start="20221229053400 +0000" stop="20221229153400 +0000" catchup-id="1311757668"><title>Teleshop 8: Mediashop</title><date></date><icon src="https://t-mobiletv.nl:443/CPS/images/universal/film/program/202212/20221222/13/20221222020055634ckq.jpg"></icon><desc>Homeshopping</desc><category></category></programme><programme channel="141430473" start="20221229153400 +0000" stop="20221229160400 +0000" catchup-id="1311757866"><title>Goede Tijden, Slechte Tijden</title><date></date><icon src="https://t-mobiletv.nl:443/CPS/images/universal/film/program/202212/20221222/74/202212221300455285f9.jpg"></icon><desc>Terwijl Shanti zich stort op het organiseren van het oud-en-nieuwfeest, maakt Laura stiekem een afspraak met Luuk. Lukt het Stefano om Ludo als verdachte af te schilderen?</desc><category></category></programme><programme channel="141430473" start="20221229160400 +0000" stop="20221229170300 +0000" catchup-id="1311757872"><title>Murder, She Wrote</title><date></date><icon src="https://t-mobiletv.nl:443/CPS/images/universal/film/program/202212/20221222/83/20221222020055634k2n.jpg"></icon><desc>Tijdens de repetities voor het benefietconcert van Seth Hazlitt om de bossen bij Cabot Cove te redden, wordt de zanger vermoord. Jessica en sheriff Metzger gaan achter de moordenaar aan.</desc><category></category></programme><programme channel="141430473" start="20221229170300 +0000" stop="20221229173200 +0000" catchup-id="1311757878"><title>The Bold And The Beautiful</title><date></date><icon src="https://t-mobiletv.nl:443/CPS/images/universal/film/program/202212/20221222/4/20221222020055634dxc.jpg"></icon><desc>Finn krijgt meer informatie over Sheila en gaat op onderzoek uit. Brooke confronteert Thomas met wat hij heeft gedaan.</desc><category></category></programme><programme channel="141430473" start="20221229173200 +0000" stop="20221229182900 +0000" catchup-id="1311757884"><title>ER</title><date></date><icon src="https://t-mobiletv.nl:443/CPS/images/universal/film/program/202212/20221222/87/20221222020055634rrl.jpg"></icon><desc>Amerikaanse dramaserie over het persoonlijke en professionele leven van het medisch personeel van het County General Hospital in Chicago.</desc><category></category></programme><programme channel="141430473" start="20221229182900 +0000" stop="20221229192800 +0000" catchup-id="1311757890"><title>ER</title><date></date><icon src="https://t-mobiletv.nl:443/CPS/images/universal/film/program/202212/20221222/82/20221222020055634q8d.jpg"></icon><desc>Amerikaanse dramaserie over het persoonlijke en professionele leven van het medisch personeel van het County General Hospital in Chicago.</desc><category></category></programme><programme channel="141430473" start="20221229192800 +0000" stop="20221229211200 +0000" catchup-id="1311757896"><title>Première: Double Holiday</title><date></date><icon src="https://t-mobiletv.nl:443/CPS/images/universal/film/program/202212/20221222/7/2022122202005563412h.jpg"></icon><desc>De CEO van Rebecca en haar onuitstaanbare collega en concurrent Chris vraagt hun een kerstfeest voor het bedrijf te organiseren. Ze zullen moeten samenwerken, met alle gevolgen van dien.</desc><category></category></programme><programme channel="141430473" start="20221229211200 +0000" stop="20221229230600 +0000" catchup-id="1311757902"><title>Christmas Tree Lane</title><date></date><icon src="https://t-mobiletv.nl:443/CPS/images/universal/film/program/202212/20221222/20/2022122202005563454f.jpg"></icon><desc>Zanglerares Meg Reilly maakt zich zorgen om de muziekwinkel van haar vader aan Chirstmas Tree Lane, een leuk buurtje waar de tijd stil lijkt te hebben gestaan. Een vastgoedmagnaat wil het hele gebied platgooien en opnieuw ontwikkelen. Meg leidt het buurtprotest tegen de sloop van het winkelgebied. Als ze Nate ontmoet, valt ze al snel voor zijn charmes, maar dan doet ze een onaangename ontdekking. Het bedrijf dat de buurt wil slopen is van Nates vader.</desc><category></category></programme><programme channel="141430473" start="20221229230600 +0000" stop="20221230000500 +0000" catchup-id="1311757908"><title>ER</title><date></date><icon src="https://t-mobiletv.nl:443/CPS/images/universal/film/program/202212/20221222/74/20221222020055634qtb.jpg"></icon><desc>Amerikaanse dramaserie over het persoonlijke en professionele leven van het medisch personeel van het County General Hospital in Chicago.</desc><category></category></programme><programme channel="141430473" start="20221230000500 +0000" stop="20221230010500 +0000" catchup-id="1311757914"><title>Teleshop 8: Mediashop</title><date></date><icon src="https://t-mobiletv.nl:443/CPS/images/universal/film/program/202212/20221222/80/20221222020055634e46.jpg"></icon><desc>Homeshopping</desc><category></category></programme><programme channel="141430473" start="20221230010500 +0000" stop="20221230053500 +0000" catchup-id="1311757920"><title>Teleshop 8: Mediashop</title><date></date><icon src="https://t-mobiletv.nl:443/CPS/images/universal/film/program/202212/20221222/5/20221222020055634x5s.jpg"></icon><desc>Homeshopping</desc><category></category></programme><programme channel="141430473" start="20221230053500 +0000" stop="20221230153500 +0000" catchup-id="1312184292"><title>Teleshop 8: Mediashop</title><date></date><icon src="https://t-mobiletv.nl:443/CPS/images/universal/film/program/202212/20221223/56/202212230201355106vb.jpg"></icon><desc>Homeshopping</desc><category></category></programme><programme channel="141430473" start="20221230153500 +0000" stop="20221230160400 +0000" catchup-id="1312185130"><title>Goede Tijden, Slechte Tijden</title><date></date><icon src="https://t-mobiletv.nl:443/CPS/images/universal/film/program/202212/20221223/22/202212230201355102nt.jpg"></icon><desc>Nola heeft een herbeleving, maar weet het voor iedereen te verbergen. Shanti wordt door Rik meegevraagd naar zijn strandhuisje. Marwan is blij verrast als zijn neef Walid plotseling voor de deur staat.</desc><category></category></programme><programme channel="141430473" start="20221230160400 +0000" stop="20221230170400 +0000" catchup-id="1312185136"><title>Murder, She Wrote</title><date></date><icon src="https://t-mobiletv.nl:443/CPS/images/universal/film/program/202212/20221223/91/2022122302013551071i.jpg"></icon><desc>Jessica legt een verband tussen een recente moord, een mogelijke zelfmoord en een ontvoering van elf jaar geleden.</desc><category></category></programme><programme channel="141430473" start="20221230170400 +0000" stop="20221230173300 +0000" catchup-id="1312185142"><title>The Bold And The Beautiful</title><date></date><icon src="https://t-mobiletv.nl:443/CPS/images/universal/film/program/202212/20221223/24/20221223020135510wiu.jpg"></icon><desc>Sheila is furieus als Deacon haar bedreigt. Thomas verdedigt zijn actie en verdraait zijn verhaal aan Hope.</desc><category></category></programme><programme channel="141430473" start="20221230173300 +0000" stop="20221230183000 +0000" catchup-id="1312185148"><title>ER</title><date></date><icon src="https://t-mobiletv.nl:443/CPS/images/universal/film/program/202212/20221223/6/20221223020135510h56.jpg"></icon><desc>Amerikaanse dramaserie over het persoonlijke en professionele leven van het medisch personeel van het County General Hospital in Chicago.</desc><category></category></programme><programme channel="141430473" start="20221230183000 +0000" stop="20221230192800 +0000" catchup-id="1312185154"><title>ER</title><date></date><icon src="https://t-mobiletv.nl:443/CPS/images/universal/film/program/202212/20221223/71/20221223020135510nx3.jpg"></icon><desc>Amerikaanse dramaserie over het persoonlijke en professionele leven van het medisch personeel van het County General Hospital in Chicago.</desc><category></category></programme><programme channel="141430473" start="20221230192800 +0000" stop="20221230211000 +0000" catchup-id="1312185160"><title>Première: Christmas In Montana</title><date></date><icon src="https://t-mobiletv.nl:443/CPS/images/universal/film/program/202212/20221223/66/202212230201355109fg.jpg"></icon><desc>Sara gaat net voor de kerstvakantie op zakenreis naar Montana om Travis te helpen zijn ranch te redden. Daar valt Sara voor het buitenleven en voor Travis.</desc><category></category></programme><programme channel="141430473" start="20221230211000 +0000" stop="20221230230600 +0000" catchup-id="1312185166"><title>Hitched For The Holidays</title><date></date><icon src="https://t-mobiletv.nl:443/CPS/images/universal/film/program/202212/20221223/43/202212230201355109ug.jpg"></icon><desc>Julie en Rob willen geen van beiden in hun eentje kerst vieren bij hun familie, want dan is er steeds gezeur over waarom ze nog alleen zijn. Ze besluiten elkaars familie te bezoeken als 'stel'. Maar dit loopt al snel uit de hand.</desc><category></category></programme><programme channel="141430473" start="20221230230600 +0000" stop="20221231000400 +0000" catchup-id="1312185172"><title>ER</title><date></date><icon src="https://t-mobiletv.nl:443/CPS/images/universal/film/program/202212/20221223/90/20221223020135511cbs.jpg"></icon><desc>Amerikaanse dramaserie over het persoonlijke en professionele leven van het medisch personeel van het County General Hospital in Chicago.</desc><category></category></programme><programme channel="141430473" start="20221231000400 +0000" stop="20221231010400 +0000" catchup-id="1312185178"><title>Teleshop 8: Mediashop</title><date></date><icon src="https://t-mobiletv.nl:443/CPS/images/universal/film/program/202212/20221223/41/20221223020135511sn8.jpg"></icon><desc>Homeshopping</desc><category></category></programme><programme channel="141430473" start="20221231010400 +0000" stop="20221231053500 +0000" catchup-id="1312185184"><title>Teleshop 8: Mediashop</title><date></date><icon src="https://t-mobiletv.nl:443/CPS/images/universal/film/program/202212/20221223/6/20221223020135511ln5.jpg"></icon><desc>Homeshopping</desc><category></category></programme><programme channel="141430473" start="20221231053500 +0000" stop="20221231160500 +0000" catchup-id="1312569545"><title>Teleshop 8: Mediashop</title><date></date><icon src="https://t-mobiletv.nl:443/CPS/images/universal/film/program/202212/20221224/31/20221224020114705kk0.jpg"></icon><desc>Homeshopping</desc><category></category></programme><programme channel="141430473" start="20221231160500 +0000" stop="20221231170400 +0000" catchup-id="1312569551"><title>Murder, She Wrote</title><date></date><icon src="https://t-mobiletv.nl:443/CPS/images/universal/film/program/202212/20221224/4/20221224020114705u3w.jpg"></icon><desc>De producent van de populaire serie Buds wordt vermoord. Zij stond op het punt een van de personages uit de serie te schrijven, voor ze dood werd aangetroffen in haar kantoor. Jessica gaat op onderzoek uit.</desc><category></category></programme><programme channel="141430473" start="20221231170400 +0000" stop="20221231185900 +0000" catchup-id="1312569557"><title>The Santa Squad</title><date></date><icon src="https://t-mobiletv.nl:443/CPS/images/universal/film/program/202212/20221224/41/20221224020114705qte.jpg"></icon><desc>Lerares Allie is werkloos en neemt een klus aan tijdens de kerstdagen. Ze gaat het huis van weduwnaar Gordon en zijn twee dochters in kerstsfeer brengen. Ze koopt een kerstboom, regelt de decoraties, gaat winkelen en bakt koekjes. De dochters zijn dol op Allie en proberen haar te koppelen aan Gordon.</desc><category></category></programme><programme channel="141430473" start="20221231185900 +0000" stop="20221231204400 +0000" catchup-id="1312569563"><title>Première: The Mistletoe Inn</title><date></date><icon src="https://t-mobiletv.nl:443/CPS/images/universal/film/program/202212/20221224/59/20221224020114705d8w.jpg"></icon><desc>Kim is net gedumpt door haar vriend als ze zich aanmeldt voor een retraite voor beginnende schrijvers. Daar komt ze tot haar schrik haar ex tegen, én moet ze samenwerken met de opdringerige Zeke. Langzamerhand treedt Kim uit haar comfortzone en blijkt Zeke best leuk te zijn.</desc><category></category></programme><programme channel="141430473" start="20221231204400 +0000" stop="20221231223700 +0000" catchup-id="1312569569"><title>A New Year's Resolution</title><date></date><icon src="https://t-mobiletv.nl:443/CPS/images/universal/film/program/202212/20221224/27/202212240201147050bs.jpg"></icon><desc>Kelly Leone is producer van een ochtendshow in Milwaukee. Voor het nieuwe jaar heeft ze het goede voornemen om een maand lang geen 'nee' te zeggen tegen uitnodigingen op het sociale vlak. Met tegenzin stemt ze er ook nog mee in dat de ochtendshow haar volgt tijdens dit experiment. Kelly begeeft zich ver buiten haar comfortzone en neemt deel aan allerlei activiteiten die ze normaal gesproken zou weigeren. Dan ontmoet ze de charismatische zakenman Tom Malone.</desc><category></category></programme><programme channel="141430473" start="20221231223700 +0000" stop="20221231225500 +0000" catchup-id="1312569575"><title>Love On Ice</title><date></date><icon src="https://t-mobiletv.nl:443/CPS/images/universal/film/program/202212/20221224/57/20221224020114705lx3.jpg"></icon><desc>Emily is eind twintig en heeft haar kunstschaatscarrière achter zich gelaten. Ze werkt nu als serveerster en geeft schaatsles aan kinderen. Een van haar oud-leerlingen heeft de knappe Spencer ingehuurd als coach. Spencer weet Emily's passie voor het schaatsen weer aan te wakkeren en ook privé maakt hij het nodige bij haar los.</desc><category></category></programme><programme channel="141430473" start="20221231225500 +0000" stop="20221231231000 +0000" catchup-id="1312569581"><title>Het Nationale Vuurwerk Met Rolf Sanchez</title><date></date><icon src="https://t-mobiletv.nl:443/CPS/images/universal/film/program/202212/20221224/9/20221224020114705ntt.jpg"></icon><desc>Liveregistratie van het Nationale Vuurwerk, de grootste vuurwerkshow van Nederland. Vanaf de Erasmusbrug in Rotterdam, onder muzikale begeleiding van Rolf Sanchez en band.</desc><category></category></programme><programme channel="141430473" start="20221231231000 +0000" stop="20230101002700 +0000" catchup-id="1312569587"><title>Love On Ice</title><date></date><icon src="https://t-mobiletv.nl:443/CPS/images/universal/film/program/202212/20221224/84/20221224020114705lgj.jpg"></icon><desc>Emily is eind twintig en heeft haar kunstschaatscarrière achter zich gelaten. Ze werkt nu als serveerster en geeft schaatsles aan kinderen. Een van haar oud-leerlingen heeft de knappe Spencer ingehuurd als coach. Spencer weet Emily's passie voor het schaatsen weer aan te wakkeren en ook privé maakt hij het nodige bij haar los.</desc><category></category></programme><programme channel="141430473" start="20230101002700 +0000" stop="20230101011200 +0000" catchup-id="1312569593"><title>Teleshop 8: Mediashop</title><date></date><icon src="https://t-mobiletv.nl:443/CPS/images/universal/film/program/202212/20221224/13/20221224020114705a8o.jpg"></icon><desc>Homeshopping</desc><category></category></programme><programme channel="141430473" start="20230101011200 +0000" stop="20230101052700 +0000" catchup-id="1312569599"><title>Teleshop 8: Mediashop</title><date></date><icon src="https://t-mobiletv.nl:443/CPS/images/universal/film/program/202212/20221224/13/20221224020114705xyl.jpg"></icon><desc>Homeshopping</desc><category></category></programme><programme channel="141430473" start="20230101052700 +0000" stop="20230101155700 +0000" catchup-id="1312927344"><title>Teleshop 8: Mediashop</title><date></date><icon src="https://t-mobiletv.nl:443/CPS/images/universal/film/program/202212/20221225/26/20221225020124708nuo.jpg"></icon><desc>Homeshopping</desc><category></category></programme><programme channel="141430473" start="20230101155700 +0000" stop="20230101165600 +0000" catchup-id="1312927350"><title>Murder, She Wrote</title><date></date><icon src="https://t-mobiletv.nl:443/CPS/images/universal/film/program/202212/20221225/82/20221225020124708xe2.jpg"></icon><desc>Het kinderverhaal dat Jessica heeft geschreven, wordt gebruikt voor een poppenshow op televisie. Het verhaal krijgt een donker randje als een van de investeerders wordt vermoord en een pop als moordwapen is gebruikt.</desc><category></category></programme><programme channel="141430473" start="20230101165600 +0000" stop="20230101190300 +0000" catchup-id="1312927356"><title>Sissi</title><date></date><icon src="https://t-mobiletv.nl:443/CPS/images/universal/film/program/202212/20221225/73/20221225020124708kvu.jpg"></icon><desc>De jonge Oostenrijkse keizer Franz Joseph moet maar eens trouwen, vindt zijn moeder, aartshertogin Sofie. Een kandidate heeft ze ook al, prinses Helene van Beieren, die is veel geschikter dan haar zusje, de vrijgevochten Sisi. De aankondiging van de verloving heeft Sofie gepland tijdens een groot bal voor de verjaardag van Franz Joseph. Maar als de jonge keizer Sisi ontmoet, vallen de plannetjes van Sofie in duigen.</desc><category></category></programme><programme channel="141430473" start="20230101190300 +0000" stop="20230101211000 +0000" catchup-id="1312927362"><title>Sissi, De Jonge Keizerin</title><date></date><icon src="https://t-mobiletv.nl:443/CPS/images/universal/film/program/202212/20221225/44/202212250201247090rm.jpg"></icon><desc>De jonge keizerin Elisabeth 'Sisi' moet zich na haar huwelijk met Franz Joseph aanpassen aan de strenge hofregels. Haar schoonmoeder, aartshertogin Sofie, vindt Sisi ongeschikt als keizerin en zit haar flink dwars. Als het keizerlijk paar een klein prinsesje krijgt, wil Sofie niet dat Sisi zich met de opvoeding van het kind bemoeit.</desc><category></category></programme><programme channel="141430473" start="20230101211000 +0000" stop="20230101231700 +0000" catchup-id="1312927368"><title>Sissi, De Woelige Jaren</title><date></date><icon src="https://t-mobiletv.nl:443/CPS/images/universal/film/program/202212/20221225/11/20221225020124709vgo.jpg"></icon><desc>De jonge keizerin Sisi moet nieuwe intriges van haar schoonmoeder, aartshertogin Sofie, weerstaan. Terwijl Franz Joseph in Wenen is voor staatszaken, gaat Sisi op reis in een poging de rebellerende Hongaren voor de Oostenrijkse zaak te winnen. Al snel gaan er geruchten rond dat Sisi een geheime affaire heeft met de Hongaarse graaf Andrássy. En dan krijgt Sisi ook nog een ernstige longziekte en moet ze naar het eiland Corfu voor herstel.</desc><category></category></programme><programme channel="141430473" start="20230101231700 +0000" stop="20230102012400 +0000" catchup-id="1312927374"><title>Victoria in Dover</title><date></date><icon src="https://t-mobiletv.nl:443/CPS/images/universal/film/program/202212/20221225/34/20221225020124709o66.jpg"></icon><desc>Als prinses Victoria koningin wordt, weigert ze het hof een echtgenoot voor zich uit te laten kiezen. Wanneer er drie huwelijkskandidaten worden uitgenodigd voor haar verjaardag, vlucht ze weg richting Parijs. Maar het lot bepaalt dat ze onderweg toch verliefd wordt op prins Albert van Sachsen-Coburg-Gotha, een van de kandidaten. Zonder haar identiteit prijs te geven, haast de jonge koningin zich terug naar Londen om een verrassing voor Albert voor te bereiden.</desc><category></category></programme><programme channel="141430473" start="20230102012400 +0000" stop="20230102053900 +0000" catchup-id="1312927380"><title>Teleshop 8: Mediashop</title><date></date><icon src="https://t-mobiletv.nl:443/CPS/images/universal/film/program/202212/20221225/30/20221225020124709ryk.jpg"></icon><desc>Homeshopping</desc><category></category></programme><programme channel="141430473" start="20230102053900 +0000" stop="20230102160900 +0000" catchup-id="1313271044"><title>Teleshop 8: Mediashop</title><date></date><icon src="https://t-mobiletv.nl:443/CPS/images/universal/film/program/202212/20221226/68/20221226020149717y3e.jpg"></icon><desc>Homeshopping</desc><category></category></programme><programme channel="141430473" start="20230102160900 +0000" stop="20230102170800 +0000" catchup-id="1313271050"><title>Murder, She Wrote</title><date></date><icon src="https://t-mobiletv.nl:443/CPS/images/universal/film/program/202212/20221226/20/20221226020149717yhz.jpg"></icon><desc>Als Jessica van een ontspannen vakantie in de bergen probeert te genieten, moet ze onverwacht toch aan de slag. De vriend bij wie ze verblijft, wordt gechanteerd en vervolgens wordt de afperser vermoord.</desc><category></category></programme><programme channel="141430473" start="20230102170800 +0000" stop="20230102173600 +0000" catchup-id="1313271056"><title>The Bold And The Beautiful</title><date></date><icon src="https://t-mobiletv.nl:443/CPS/images/universal/film/program/202212/20221226/51/20221226020149717h53.jpg"></icon><desc>Steffy maakt zich zorgen om het onderzoek dat Finn doet naar Sheila. Bill gedraagt zich als vanouds en heeft een belangrijke vraag voor Katie.</desc><category></category></programme><programme channel="141430473" start="20230102173600 +0000" stop="20230102183500 +0000" catchup-id="1313271062"><title>ER</title><date></date><icon src="https://t-mobiletv.nl:443/CPS/images/universal/film/program/202212/20221226/5/20221226020149717uwb.jpg"></icon><desc>Amerikaanse dramaserie over het persoonlijke en professionele leven van het medisch personeel van het County General Hospital in Chicago.</desc><category></category></programme><programme channel="141430473" start="20230102183500 +0000" stop="20230102192800 +0000" catchup-id="1313271068"><title>ER</title><date></date><icon src="https://t-mobiletv.nl:443/CPS/images/universal/film/program/202212/20221226/74/20221226020149717ce7.jpg"></icon><desc>Amerikaanse dramaserie over het persoonlijke en professionele leven van het medisch personeel van het County General Hospital in Chicago.</desc><category></category></programme><programme channel="141430473" start="20230102192800 +0000" stop="20230102211200 +0000" catchup-id="1313271074"><title>Première: Winter Love Story</title><date></date><icon src="https://t-mobiletv.nl:443/CPS/images/universal/film/program/202212/20221226/55/20221226020149717jdt.jpg"></icon><desc>Wanneer de eerste roman van de kersverse auteur Cassie Winslett niet verkoopt, wordt ze op boekentournee gestuurd samen met bestsellerauteur Elliot Somersby. Op die manier moet Cassies zelfvertrouwen een boost krijgen en haar verkoopcijfers verbeteren. Maar eenmaal op tournee bloeit gaandeweg een romance op.</desc><category></category></programme><programme channel="141430473" start="20230102211200 +0000" stop="20230102220800 +0000" catchup-id="1313271080"><title>Law &amp; Order: Special Victims Unit</title><date></date><icon src="https://t-mobiletv.nl:443/CPS/images/universal/film/program/202212/20221226/89/20221226020149717bkf.jpg"></icon><desc>In een zaak die te maken heeft met kinderporno krijgt de SVU een tip van de politie in Chicago. Voor een van de rechercheurs uit Chicago wordt de zaak persoonlijk. Tussen Benson en de sergeant uit Chicago lopen de spanningen hoog op.</desc><category></category></programme><programme channel="141430473" start="20230102220800 +0000" stop="20230102230400 +0000" catchup-id="1313271086"><title>Law &amp; Order: Special Victims Unit</title><date></date><icon src="https://t-mobiletv.nl:443/CPS/images/universal/film/program/202212/20221226/78/20221226020149717twc.jpg"></icon><desc>Tutuola stuit op beelden van een beveiligingscamera, waarop te zien is hoe een oud-topsporter zijn vrouw mishandelt. Barba wil de zaak oppakken, maar de moet de vrouw wel aangifte willen doen.</desc><category></category></programme><programme channel="141430473" start="20230102230400 +0000" stop="20230103000100 +0000" catchup-id="1313271092"><title>ER</title><date></date><icon src="https://t-mobiletv.nl:443/CPS/images/universal/film/program/202212/20221226/48/20221226020149717url.jpg"></icon><desc>Amerikaanse dramaserie over het persoonlijke en professionele leven van het medisch personeel van het County General Hospital in Chicago.</desc><category></category></programme><programme channel="141430473" start="20230103000100 +0000" stop="20230103010100 +0000" catchup-id="1313271098"><title>Teleshop 8: Mediashop</title><date></date><icon src="https://t-mobiletv.nl:443/CPS/images/universal/film/program/202212/20221226/12/202212260201497173zb.jpg"></icon><desc>Homeshopping</desc><category></category></programme><programme channel="141430473" start="20230103010100 +0000" stop="20230103053100 +0000" catchup-id="1313271104"><title>Teleshop 8: Mediashop</title><date></date><icon src="https://t-mobiletv.nl:443/CPS/images/universal/film/program/202212/20221226/45/2022122602014971710y.jpg"></icon><desc>Homeshopping</desc><category></category></programme><programme channel="141430473" start="20230103053100 +0000" stop="20230103153600 +0000" catchup-id="1313580929"><title>Teleshop 8: Mediashop</title><date></date><icon src="https://t-mobiletv.nl:443/CPS/images/universal/film/program/202212/20221227/15/202212270201097110mp.jpg"></icon><desc>Homeshopping</desc><category></category></programme><programme channel="141430473" start="20230103153600 +0000" stop="20230103160600 +0000" catchup-id="1313580935"><title>Goede Tijden, Slechte Tijden</title><date></date><icon src="https://t-mobiletv.nl:443/CPS/images/universal/film/program/202212/20221227/34/20221227020109711rhw.jpg"></icon><desc>Demi verbergt voor haar familie dat de kinderopvang haar eigenlijk te veel begint te worden. Ze heeft te weinig tijd om haar huiswerk af te kunnen maken. Janine probeert Ludo zover te krijgen dat hij zo snel mogelijk een afspraak maakt met Ellis.</desc><category></category></programme><programme channel="141430473" start="20230103160600 +0000" stop="20230103170400 +0000" catchup-id="1313580941"><title>Murder, She Wrote</title><date></date><icon src="https://t-mobiletv.nl:443/CPS/images/universal/film/program/202212/20221227/67/20221227020109711ls1.jpg"></icon><desc>Jessica doet erg haar best om de naam van haar oude vriend Andy te zuiveren. Het wordt lastig als er een moordwapen in Andy's auto wordt gevonden.</desc><category></category></programme><programme channel="141430473" start="20230103170400 +0000" stop="20230103173300 +0000" catchup-id="1313580947"><title>The Bold And The Beautiful</title><date></date><icon src="https://t-mobiletv.nl:443/CPS/images/universal/film/program/202212/20221227/43/20221227020109711ses.jpg"></icon><desc>De band tussen Katie en Carter wordt steeds sterker. Ze wil dat hij een prangende vraag beantwoordt. Deacon raakt in paniek als Steffy en Finn hem om assistentie vragen. Liam probeert Bills woede onder controle te krijgen.</desc><category></category></programme><programme channel="141430473" start="20230103173300 +0000" stop="20230103183000 +0000" catchup-id="1313580953"><title>ER</title><date></date><icon src="https://t-mobiletv.nl:443/CPS/images/universal/film/program/202212/20221227/19/20221227020109711tpo.jpg"></icon><desc>Amerikaanse dramaserie over het persoonlijke en professionele leven van het medisch personeel van het County General Hospital in Chicago.</desc><category></category></programme><programme channel="141430473" start="20230103183000 +0000" stop="20230103192800 +0000" catchup-id="1313580959"><title>ER</title><date></date><icon src="https://t-mobiletv.nl:443/CPS/images/universal/film/program/202212/20221227/61/20221227020109711tg2.jpg"></icon><desc>Amerikaanse dramaserie over het persoonlijke en professionele leven van het medisch personeel van het County General Hospital in Chicago.</desc><category></category></programme><programme channel="141430473" start="20230103192800 +0000" stop="20230103211300 +0000" catchup-id="1313580965"><title>Première: Cabin Connection</title><date></date><icon src="https://t-mobiletv.nl:443/CPS/images/universal/film/program/202212/20221227/44/20221227020109711kf3.jpg"></icon><desc>Wanneer lifestyleschrijfster en overtuigd single Hannah Monroe de blokhut van haar overleden grootmoeder erft, besluit ze die te verkopen. Ze huurt de lokale klusjesman Cole in, een weduwnaar, om het huisje op te knappen en klaar te maken voor de verkoop. Maar terwijl Hannah en Cole samen tijd doorbrengen, merkt Hannah dat haar vertrouwen in liefde en relaties wordt hersteld - en vraagt ze zich af of ze de hut wel moet verkopen.</desc><category></category></programme><programme channel="141430473" start="20230103211300 +0000" stop="20230103220800 +0000" catchup-id="1313581291"><title>Law &amp; Order: Special Victims Unit</title><date></date><icon src="https://t-mobiletv.nl:443/CPS/images/universal/film/program/202212/20221227/41/20221227020109711zzz.jpg"></icon><desc>Het team zoekt naar een serieverkrachter. Het lijkt erop dat hij op meerdere plaatsen in het land heeft toegeslagen. De zaak wordt een juridische en logistieke nachtmerrie.</desc><category></category></programme><programme channel="141430473" start="20230103220800 +0000" stop="20230103230100 +0000" catchup-id="1313581297"><title>Law &amp; Order: Special Victims Unit</title><date></date><icon src="https://t-mobiletv.nl:443/CPS/images/universal/film/program/202212/20221227/10/202212270201097111z6.jpg"></icon><desc>Een rechercheur uit Atlanta beweert verkracht te zijn in een hotel, toen ze in New York was voor een conferentie. Rollins blijkt een persoonlijke connectie met de zaak te hebben en Barba vraagt haar als getuige. Benson wordt zo gedwongen om een geheim te onthullen.</desc><category></category></programme><programme channel="141430473" start="20230103230100 +0000" stop="20230103235500 +0000" catchup-id="1313581303"><title>ER</title><date></date><icon src="https://t-mobiletv.nl:443/CPS/images/universal/film/program/202212/20221227/48/20221227020109712q7n.jpg"></icon><desc>Amerikaanse dramaserie over het persoonlijke en professionele leven van het medisch personeel van het County General Hospital in Chicago.</desc><category></category></programme><programme channel="141430473" start="20230103235500 +0000" stop="20230104012500 +0000" catchup-id="1313581309"><title>Teleshop 8: Mediashop</title><date></date><icon src="https://t-mobiletv.nl:443/CPS/images/universal/film/program/202212/20221227/75/202212270201097128iz.jpg"></icon><desc>Homeshopping</desc><category></category></programme><programme channel="141430473" start="20230104012500 +0000" stop="20230104054000 +0000" catchup-id="1313581315"><title>Teleshop 8: Mediashop</title><date></date><icon src="https://t-mobiletv.nl:443/CPS/images/universal/film/program/202212/20221227/16/202212270201097125px.jpg"></icon><desc></desc><category></category></programme><programme channel="141430473" start="20230104054000 +0000" stop="20230104154000 +0000" catchup-id="1313969258"><title>Teleshop 8: Mediashop</title><date></date><icon src="https://t-mobiletv.nl:443/CPS/images/universal/film/program/202212/20221228/82/20221228020125521n2o.jpg"></icon><desc>Homeshopping</desc><category></category></programme><programme channel="141430473" start="20230104154000 +0000" stop="20230104161000 +0000" catchup-id="1313969264"><title>Goede Tijden, Slechte Tijden</title><date></date><icon src="https://t-mobiletv.nl:443/CPS/images/universal/film/program/202212/20221228/38/20221228020125522zdo.jpg"></icon><desc>Marwan schrikt als Walid de boekhouding wil zien en van alles in de Buurtsuper kritisch begint te bekijken. Nina maakt Luuk duidelijk dat ze absoluut geen therapie wil voor Nola, maar Luuks andere advies volgt ze graag op.</desc><category></category></programme><programme channel="141430473" start="20230104161000 +0000" stop="20230104170600 +0000" catchup-id="1313969270"><title>Murder, She Wrote</title><date></date><icon src="https://t-mobiletv.nl:443/CPS/images/universal/film/program/202212/20221228/99/20221228020125522yr2.jpg"></icon><desc>Jessica gaat naar Australië om een stuk grond waar ze mogelijk recht op heeft, toe te eigenen. Het lijkt niet in de haak en het wordt echt verdacht als Jessica's advocaat vermist wordt.</desc><category></category></programme><programme channel="141430473" start="20230104170600 +0000" stop="20230104173500 +0000" catchup-id="1313969276"><title>The Bold And The Beautiful</title><date></date><icon src="https://t-mobiletv.nl:443/CPS/images/universal/film/program/202212/20221228/72/20221228020125522cay.jpg"></icon><desc>Finn en Steffy leggen hun theorie over Sheila uit aan Eric, Carter, Brooke, Liam en Hope.</desc><category></category></programme><programme channel="141430473" start="20230104173500 +0000" stop="20230104183000 +0000" catchup-id="1313969282"><title>ER</title><date></date><icon src="https://t-mobiletv.nl:443/CPS/images/universal/film/program/202212/20221228/30/20221228020125522r8s.jpg"></icon><desc>Amerikaanse dramaserie over het persoonlijke en professionele leven van het medisch personeel van het County General Hospital in Chicago.</desc><category></category></programme><programme channel="141430473" start="20230104183000 +0000" stop="20230104192800 +0000" catchup-id="1313969288"><title>ER</title><date></date><icon src="https://t-mobiletv.nl:443/CPS/images/universal/film/program/202212/20221228/7/202212280201255229c4.jpg"></icon><desc>Amerikaanse dramaserie over het persoonlijke en professionele leven van het medisch personeel van het County General Hospital in Chicago.</desc><category></category></programme><programme channel="141430473" start="20230104192800 +0000" stop="20230104211300 +0000" catchup-id="1313969294"><title>Première: A Wedding Wonderland</title><date></date><icon src="https://t-mobiletv.nl:443/CPS/images/universal/film/program/202212/20221228/46/20221228020125522n4u.jpg"></icon><desc>Hallie en Lucas' favoriete trouwlocatie is pas over een jaar beschikbaar. Lucas' familie biedt hun chalet in de bergen aan voor een romantische winterbruiloft, maar Hallie's moeder is het daar helemaal niet mee eens.</desc><category></category></programme><programme channel="141430473" start="20230104211300 +0000" stop="20230104220800 +0000" catchup-id="1313969300"><title>Law &amp; Order: Special Victims Unit</title><date></date><icon src="https://t-mobiletv.nl:443/CPS/images/universal/film/program/202212/20221228/67/20221228020125522tg2.jpg"></icon><desc>Een tienermeisje bezoekt een feestje van een jonge filmster. De avond eindigt dramatisch als ze meer dood dan levend in een steegje wordt aangetroffen. De beveiligingsbeelden van het feest zijn verdwenen, en Benson verdenkt de acteur. Een roddeljournalist heeft de beveiligingsbeelden, maar wil de politie niet helpen.</desc><category></category></programme><programme channel="141430473" start="20230104220800 +0000" stop="20230104230300 +0000" catchup-id="1313969306"><title>Law &amp; Order: Special Victims Unit</title><date></date><icon src="https://t-mobiletv.nl:443/CPS/images/universal/film/program/202212/20221228/35/20221228020125522iea.jpg"></icon><desc>Amaro wordt door zijn vader, met wie hij niet meer omgaat, uitgenodigd voor zijn bruiloft met een 28-jarige vrouw. Amaro weigert te gaan, maar raakt toch bij de gebeurtenis betrokken als zijn vader wordt gearresteerd wegens mishandeling. Barba dwingt Amaro te getuigen, waarbij hij geheimen zal moeten prijsgeven die zijn familie kunnen schaden.</desc><category></category></programme><programme channel="141430473" start="20230104230300 +0000" stop="20230105000100 +0000" catchup-id="1313969312"><title>ER</title><date></date><icon src="https://t-mobiletv.nl:443/CPS/images/universal/film/program/202212/20221228/48/20221228020125523yq5.jpg"></icon><desc>Amerikaanse dramaserie over het persoonlijke en professionele leven van het medisch personeel van het County General Hospital in Chicago.</desc><category></category></programme><programme channel="141430473" start="20230105000100 +0000" stop="20230105010100 +0000" catchup-id="1313969318"><title>Teleshop 8: Mediashop</title><date></date><icon src="https://t-mobiletv.nl:443/CPS/images/universal/film/program/202212/20221228/25/20221228020125523z05.jpg"></icon><desc>Homeshopping</desc><category></category></programme><programme channel="141430473" start="20230105010100 +0000" stop="20230105054600 +0000" catchup-id="1313969324"><title>Teleshop 8: Mediashop</title><date></date><icon src="https://t-mobiletv.nl:443/CPS/images/universal/film/program/202212/20221228/63/20221228020125523b5s.jpg"></icon><desc>Homeshopping</desc><category></category></programme><programme channel="141430473" start="20230105054600 +0000" stop="20230105155100 +0000" catchup-id="1314391135"><title>Teleshop 8: Mediashop</title><date></date><icon src="https://t-mobiletv.nl:443/CPS/images/universal/film/program/202212/20221229/60/202212290201347248h5.jpg"></icon><desc>Homeshopping</desc><category></category></programme><programme channel="141430473" start="20230105155100 +0000" stop="20230105162000 +0000" catchup-id="1314391141"><title>Goede Tijden, Slechte Tijden</title><date></date><icon src="https://t-mobiletv.nl:443/CPS/images/universal/film/program/202212/20221229/19/20221229020134724w3b.jpg"></icon><desc></desc><category></category></programme><programme channel="141430473" start="20230105162000 +0000" stop="20230105171400 +0000" catchup-id="1314393259"><title>Murder, She Wrote</title><date></date><icon src="https://t-mobiletv.nl:443/CPS/images/universal/film/program/202212/20221229/81/202212290201347243ys.jpg"></icon><desc></desc><category></category></programme><programme channel="141430473" start="20230105171400 +0000" stop="20230105174000 +0000" catchup-id="1314393265"><title>The Bold And The Beautiful</title><date></date><icon src="https://t-mobiletv.nl:443/CPS/images/universal/film/program/202212/20221229/37/202212290201347243ac.jpg"></icon><desc></desc><category></category></programme><programme channel="141430473" start="20230105174000 +0000" stop="20230105183500 +0000" catchup-id="1314393271"><title>ER</title><date></date><icon src="https://t-mobiletv.nl:443/CPS/images/universal/film/program/202212/20221229/64/202212290201347252ch.jpg"></icon><desc></desc><category></category></programme><programme channel="141430473" start="20230105183500 +0000" stop="20230105192800 +0000" catchup-id="1314393277"><title>ER</title><date></date><icon src="https://t-mobiletv.nl:443/CPS/images/universal/film/program/202212/20221229/15/20221229020134725r3l.jpg"></icon><desc>Amerikaanse dramaserie over het persoonlijke en professionele leven van het medisch personeel van het County General Hospital in Chicago.</desc><category></category></programme><programme channel="141430473" start="20230105192800 +0000" stop="20230105211700 +0000" catchup-id="1314393283"><title>Detectives Op Donderdag: Lewis</title><date></date><icon src="https://t-mobiletv.nl:443/CPS/images/universal/film/program/202212/20221229/59/20221229020134725do7.jpg"></icon><desc>Tijdens de afscheidsreceptie van een professor wordt een oud-studente van de trap geduwd en komt hierbij om het leven. Lewis vermoedt dat de zaak te maken heeft met een zware mishandeling, tien jaar eerder. Hij vraagt de rechercheur die de zaak destijds onderzocht om hulp.</desc><category></category></programme><programme channel="141430473" start="20230105211700 +0000" stop="20230105220200 +0000" catchup-id="1314393289"><title>Law &amp; Order: Special Victims Unit</title><date></date><icon src="https://t-mobiletv.nl:443/CPS/images/universal/film/program/202212/20221229/74/202212290201347251pa.jpg"></icon><desc></desc><category></category></programme><programme channel="141430473" start="20230105220200 +0000" stop="20230105224700 +0000" catchup-id="1314393295"><title>Law &amp; Order: Special Victims Unit</title><date></date><icon src="https://t-mobiletv.nl:443/CPS/images/universal/film/program/202212/20221229/28/20221229020134725f3v.jpg"></icon><desc></desc><category></category></programme><programme channel="141430473" start="20230105224700 +0000" stop="20230105234000 +0000" catchup-id="1314393301"><title>ER</title><date></date><icon src="https://t-mobiletv.nl:443/CPS/images/universal/film/program/202212/20221229/68/20221229020134725101.jpg"></icon><desc></desc><category></category></programme><programme channel="141430473" start="20230105234000 +0000" stop="20230106010100 +0000" catchup-id="1314393307"><title>Teleshop 8: Mediashop</title><date></date><icon src="https://t-mobiletv.nl:443/CPS/images/universal/film/program/202212/20221229/82/202212290201347252oq.jpg"></icon><desc></desc><category></category></programme><programme channel="141430473" start="20230106010100 +0000" stop="20230106053000 +0000" catchup-id="1314393313"><title>Teleshop 8: Mediashop</title><date></date><icon src="https://t-mobiletv.nl:443/CPS/images/universal/film/program/202212/20221229/7/20221229020134725for.jpg"></icon><desc>Homeshopping</desc><category></category></programme><programme channel="141430473" start="20230106053000 +0000" stop="20230106153500 +0000" catchup-id="1314848406"><title>Teleshop 8: Mediashop</title><date></date><icon src="https://t-mobiletv.nl:443/CPS/images/universal/film/program/202212/20221230/97/20221230020135512flf.jpg"></icon><desc>Homeshopping</desc><category></category></programme><programme channel="141430473" start="20230106153500 +0000" stop="20230106160500 +0000" catchup-id="1314848412"><title>Goede Tijden, Slechte Tijden</title><date></date><icon src="https://t-mobiletv.nl:443/CPS/images/universal/film/program/202212/20221230/3/20221230020135513vvh.jpg"></icon><desc>Merel komt tussen Marwan en Walid in te staan. Nola moet leuke dingen doen van Luuk, waaronder natuurlijk paardrijden! Als dit niet helemaal goed gaat, schiet Ludo te hulp.</desc><category></category></programme><programme channel="141430473" start="20230106160500 +0000" stop="20230106170500 +0000" catchup-id="1314848418"><title>Murder, She Wrote</title><date></date><icon src="https://t-mobiletv.nl:443/CPS/images/universal/film/program/202212/20221230/62/202212300201355137dh.jpg"></icon><desc>Op het eerste gezicht lijken de moord op een motorrijder en een advocaat geen verband met elkaar te hebben. Maar Jessica kan al snel de link leggen en krijgt zo de verdachte in het vizier.</desc><category></category></programme><programme channel="141430473" start="20230106170500 +0000" stop="20230106173000 +0000" catchup-id="1314848424"><title>The Bold And The Beautiful</title><date></date><icon src="https://t-mobiletv.nl:443/CPS/images/universal/film/program/202212/20221230/51/20221230020135513g1g.jpg"></icon><desc>Deacon haast zich om nog een vuil klusje voor Sheila te verrichten. Hope moedigt Brooke aan om zich open te stellen voor de liefde.</desc><category></category></programme><programme channel="141430473" start="20230106173000 +0000" stop="20230106183000 +0000" catchup-id="1314848430"><title>ER</title><date></date><icon src="https://t-mobiletv.nl:443/CPS/images/universal/film/program/202212/20221230/23/20221230020135513xni.jpg"></icon><desc>Amerikaanse dramaserie over het persoonlijke en professionele leven van het medisch personeel van het County General Hospital in Chicago.</desc><category></category></programme><programme channel="141430473" start="20230106183000 +0000" stop="20230106192500 +0000" catchup-id="1314848436"><title>ER</title><date></date><icon src="https://t-mobiletv.nl:443/CPS/images/universal/film/program/202212/20221230/6/20221230020135513t3l.jpg"></icon><desc>Amerikaanse dramaserie over het persoonlijke en professionele leven van het medisch personeel van het County General Hospital in Chicago.</desc><category></category></programme><programme channel="141430473" start="20230106192500 +0000" stop="20230106213000 +0000" catchup-id="1314848442"><title>Detectives Op Vrijdag: Dalziel &amp; Pascoe</title><date></date><icon src="https://t-mobiletv.nl:443/CPS/images/universal/film/program/202212/20221230/65/202212300201355133by.jpg"></icon><desc>De 18-jarige Brenda wordt dood aangetroffen, de dag nadat ze zich verloofde. Ze is mogelijk slachtoffer geworden van seriemoordenaar The Choker. Maar wie is hij? Het spoor leidt naar een zigeunerkamp, waar spullen van Brenda zijn gevonden.</desc><category></category></programme><programme channel="141430473" start="20230106213000 +0000" stop="20230106223000 +0000" catchup-id="1314848448"><title>Law &amp; Order: Special Victims Unit</title><date></date><icon src="https://t-mobiletv.nl:443/CPS/images/universal/film/program/202212/20221230/91/20221230020135513gn7.jpg"></icon><desc>Rechercheur Carisi werkt undercover als ze Martha ontmoet. Martha heeft zich ontpopt tot hoerenmadam in de hoop haar verdwenen dochter terug te vinden. Ondertussen wordt Benson geconfronteerd met een brute onthulling die haar leven zal veranderen.</desc><category></category></programme><programme channel="141430473" start="20230106223000 +0000" stop="20230106232500 +0000" catchup-id="1314848454"><title>Law &amp; Order: Special Victims Unit</title><date></date><icon src="https://t-mobiletv.nl:443/CPS/images/universal/film/program/202212/20221230/29/20221230020135513puj.jpg"></icon><desc>Schrijver Walter Briggs zit middenin een ruzie tussen zijn zesde vrouw en zijn dochters uit eerdere huwelijken. De vrouwen vechten om zijn welzijn én zijn nalatenschap. Ondertussen heeft ook Barba problemen in de familiesfeer als hij zijn oma's wensen niet respecteert.</desc><category></category></programme><programme channel="141430473" start="20230106232500 +0000" stop="20230107002500 +0000" catchup-id="1314848460"><title>ER</title><date></date><icon src="https://t-mobiletv.nl:443/CPS/images/universal/film/program/202212/20221230/73/202212300201355137fm.jpg"></icon><desc>Amerikaanse dramaserie over het persoonlijke en professionele leven van het medisch personeel van het County General Hospital in Chicago.</desc><category></category></programme><programme channel="141430473" start="20230107002500 +0000" stop="20230107010100 +0000" catchup-id="1314848466"><title>Teleshop 8: Mediashop</title><date></date><icon src="https://t-mobiletv.nl:443/CPS/images/universal/film/program/202212/20221230/4/20221230020135513mxn.jpg"></icon><desc>Homeshopping</desc><category></category></programme><programme channel="141430473" start="20230107010100 +0000" stop="20230107053000 +0000" catchup-id="1314848472"><title>Teleshop 8: Mediashop</title><date></date><icon src="https://t-mobiletv.nl:443/CPS/images/universal/film/program/202212/20221230/74/20221230020135513gaq.jpg"></icon><desc>Homeshopping</desc><category></category></programme><programme channel="141430473" start="20230107053000 +0000" stop="20230107160000 +0000" catchup-id="1315249578"><title>Teleshop 8: Mediashop</title><date></date><icon src="https://t-mobiletv.nl:443/CPS/images/universal/film/program/202212/20221231/10/20221231020144716wt6.jpg"></icon><desc>Homeshopping</desc><category></category></programme><programme channel="141430473" start="20230107160000 +0000" stop="20230107170000 +0000" catchup-id="1315249584"><title>Murder, She Wrote</title><date></date><icon src="https://t-mobiletv.nl:443/CPS/images/universal/film/program/202212/20221231/70/20221231020144716hgz.jpg"></icon><desc>Tegen wil en dank raakt Jessica verwikkeld in een web van malafide praktijken. Ze komt erachter dat een organisatie van plan is een virus te stelen en te gebruiken als biologisch wapen.</desc><category></category></programme><programme channel="141430473" start="20230107170000 +0000" stop="20230107180000 +0000" catchup-id="1315249590"><title>Kopen Zonder Kijken België</title><date></date><icon src="https://t-mobiletv.nl:443/CPS/images/universal/film/program/202212/20221231/61/20221231020144716c1d.jpg"></icon><desc>Woonprogramma waarin woningzoekenden de zoektocht naar een nieuwe koopwoning volledig uit handen geven.</desc><category></category></programme><programme channel="141430473" start="20230107180000 +0000" stop="20230107190000 +0000" catchup-id="1315249596"><title>Kopen Zonder Kijken België</title><date></date><icon src="https://t-mobiletv.nl:443/CPS/images/universal/film/program/202212/20221231/70/202212310201447162uw.jpg"></icon><desc>Woonprogramma waarin woningzoekenden de zoektocht naar een nieuwe koopwoning volledig uit handen geven.</desc><category></category></programme><programme channel="141430473" start="20230107190000 +0000" stop="20230107195500 +0000" catchup-id="1315249602"><title>CSI: New York</title><date></date><icon src="https://t-mobiletv.nl:443/CPS/images/universal/film/program/202212/20221231/51/20221231020144716uia.jpg"></icon><desc>Na een wilde nacht worden er vier dode lichamen gevonden en loopt een vijfde persoon zwalkend door de straten te zwaaien met een bijl. Aan het team de taak te achterhalen wat er die nacht is gebeurd.</desc><category></category></programme><programme channel="141430473" start="20230107195500 +0000" stop="20230107205000 +0000" catchup-id="1315249608"><title>CSI: New York</title><date></date><icon src="https://t-mobiletv.nl:443/CPS/images/universal/film/program/202212/20221231/37/202212310201447165sm.jpg"></icon><desc>Het team ontdekt dat een dubbele moord te maken heeft met een bedrijf dat goud maakt en fraude heeft gepleegd.</desc><category></category></programme><programme channel="141430473" start="20230107205000 +0000" stop="20230107214500 +0000" catchup-id="1315249614"><title>CSI: New York</title><date></date><icon src="https://t-mobiletv.nl:443/CPS/images/universal/film/program/202212/20221231/89/2022123102014471606g.jpg"></icon><desc>Marina Garito wordt dood gevonden en alles wijst erop dat ze zelfmoord heeft gepleegd. Stella is er heilig van overtuigd dat het geen zelfmoord betreft. Ze heeft drie jaar lang met haar samengewerkt om de moord op Marina's tweelingbroer op te lossen. Stella laat het er niet bij zitten en besluit haar gevoel te volgen.</desc><category></category></programme><programme channel="141430473" start="20230107214500 +0000" stop="20230107224000 +0000" catchup-id="1315249620"><title>CSI: New York</title><date></date><icon src="https://t-mobiletv.nl:443/CPS/images/universal/film/program/202212/20221231/60/20221231020144716h4a.jpg"></icon><desc>Hawkes is in de gevangenis voor een executiezaak. Voor hij het weet, ontstaan er rellen en is er een gijzeling. Het team wil hem er zo snel mogelijk vandaan halen, voordat de gevangenen ontdekken dat hij een agent is. Maar Hawkes heeft inmiddels zelf al een plan bedacht.</desc><category></category></programme><programme channel="141430473" start="20230107224000 +0000" stop="20230107233500 +0000" catchup-id="1315249626"><title>CSI: New York</title><date></date><icon src="https://t-mobiletv.nl:443/CPS/images/universal/film/program/202212/20221231/35/202212310201447168rg.jpg"></icon><desc>Op een bouwplaats wordt het lichaam van een bokser gevonden in een verse laag beton. Hij was om gezondheidsredenen gestopt met zijn sport, maar deed onlangs mee aan een illegaal gevecht.</desc><category></category></programme><programme channel="141430473" start="20230107233500 +0000" stop="20230108010100 +0000" catchup-id="1315249632"><title>Teleshop 8: Mediashop</title><date></date><icon src="https://t-mobiletv.nl:443/CPS/images/universal/film/program/202212/20221231/83/20221231020144716i7f.jpg"></icon><desc>Homeshopping</desc><category></category></programme><programme channel="141430473" start="20230108010100 +0000" stop="20230108053000 +0000" catchup-id="1315249638"><title>Teleshop 8: Mediashop</title><date></date><icon src="https://t-mobiletv.nl:443/CPS/images/universal/film/program/202212/20221231/37/20221231020144717yxo.jpg"></icon><desc>Homeshopping</desc><category></category></programme><programme channel="141430473" start="20230108053000 +0000" stop="20230108160000 +0000" catchup-id="1315633186"><title>Teleshop 8: Mediashop</title><date></date><icon src="https://t-mobiletv.nl:443/CPS/images/universal/film/program/202301/20230101/48/20230101020159772fsx.jpg"></icon><desc>Homeshopping</desc><category></category></programme><programme channel="141430473" start="20230108160000 +0000" stop="20230108170000 +0000" catchup-id="1315633192"><title>Murder, She Wrote</title><date></date><icon src="https://t-mobiletv.nl:443/CPS/images/universal/film/program/202301/20230101/76/20230101020159772fws.jpg"></icon><desc>De manager van een radiostation verandert het format van klassieke muziek naar hardrock. Dit wordt hem niet in dank afgenomen, want hij wordt vermoord.</desc><category></category></programme><programme channel="141430473" start="20230108170000 +0000" stop="20230108180000 +0000" catchup-id="1315633966"><title>Verbouwen Of Verkopen</title><date></date><icon src="https://t-mobiletv.nl:443/CPS/images/universal/film/program/202301/20230101/17/20230101020159772qu5.jpg"></icon><desc>Huiseigenaren die hun woning ontgroeid zijn, roepen de hulp in van David Visentin en Hilary Farr. Visentin gaat op huizenjacht, terwijl Farr de oude woning een make-over geeft. Houden ze hun huis, of verkopen ze het?</desc><category></category></programme><programme channel="141430473" start="20230108180000 +0000" stop="20230108190000 +0000" catchup-id="1315633972"><title>Verbouwen Of Verkopen</title><date></date><icon src="https://t-mobiletv.nl:443/CPS/images/universal/film/program/202301/20230101/67/202301010201597720nm.jpg"></icon><desc>Huiseigenaren die hun woning ontgroeid zijn, roepen de hulp in van David Visentin en Hilary Farr. Visentin gaat op huizenjacht, terwijl Farr de oude woning een make-over geeft. Houden ze hun huis, of verkopen ze het?</desc><category></category></programme><programme channel="141430473" start="20230108190000 +0000" stop="20230108195500 +0000" catchup-id="1315633978"><title>Crime Scene Investigation</title><date></date><icon src="https://t-mobiletv.nl:443/CPS/images/universal/film/program/202301/20230101/15/20230101020159772lm4.jpg"></icon><desc>Een geestelijke is naast het graf van Warrick Brown doodgeschoten. Er komen oude herinneringen naar boven, terwijl het team op zoek gaat naar de moordenaar.</desc><category></category></programme><programme channel="141430473" start="20230108195500 +0000" stop="20230108205000 +0000" catchup-id="1315633984"><title>Crime Scene Investigation</title><date></date><icon src="https://t-mobiletv.nl:443/CPS/images/universal/film/program/202301/20230101/46/20230101020159772zeb.jpg"></icon><desc>Vijf lichamen worden in de woestijn gevonden op een plek waar, naar het lijkt, een meteoor is ingeslagen. Finlay constateert dat een van de slachtoffers een bekende van haar is.</desc><category></category></programme><programme channel="141430473" start="20230108205000 +0000" stop="20230108214500 +0000" catchup-id="1315633990"><title>Crime Scene Investigation</title><date></date><icon src="https://t-mobiletv.nl:443/CPS/images/universal/film/program/202301/20230101/80/20230101020159772vwq.jpg"></icon><desc>Het CSI-team ondersteunt een lokaal team bij een aantal arrestaties. Dan wordt er een onbekende, dode man in een auto aangetroffen. Brass heeft het moeilijk als hij iets over zijn dochter ontdekt.</desc><category></category></programme><programme channel="141430473" start="20230108214500 +0000" stop="20230108224000 +0000" catchup-id="1315633996"><title>Crime Scene Investigation</title><date></date><icon src="https://t-mobiletv.nl:443/CPS/images/universal/film/program/202301/20230101/34/20230101020159772ro1.jpg"></icon><desc>Vijf mensen komen om het leven bij een vliegtuigcrash in de buurt van Las Vegas. Het CSI-team krijgt de opdracht om deze zaak te onderzoeken. Sara heeft het moeilijk met haar langeafstandsrelatie met Grissom.</desc><category></category></programme><programme channel="141430473" start="20230108224000 +0000" stop="20230108233500 +0000" catchup-id="1315634002"><title>Crime Scene Investigation</title><date></date><icon src="https://t-mobiletv.nl:443/CPS/images/universal/film/program/202301/20230101/87/202301010201597721rr.jpg"></icon><desc>Het CSI-team onderzoekt de dood van een prominente nieuwslezeres. Ze is neergestoken op het moment dat er een korte black-out was tijdens een live-uitzending. Ze was niet bepaald populair en daarom is er aan verdachten geen gebrek.</desc><category></category></programme><programme channel="141430473" start="20230108233500 +0000" stop="20230109010100 +0000" catchup-id="1315634008"><title>Teleshop 8: Mediashop</title><date></date><icon src="https://t-mobiletv.nl:443/CPS/images/universal/film/program/202301/20230101/5/20230101020159772az8.jpg"></icon><desc>Homeshopping</desc><category></category></programme><programme channel="141430473" start="20230109010100 +0000" stop="20230109053000 +0000" catchup-id="1315634014"><title>Teleshop 8: Mediashop</title><date></date><icon src="https://t-mobiletv.nl:443/CPS/images/universal/film/program/202301/20230101/70/20230101020159772vyp.jpg"></icon><desc>Homeshopping</desc><category></category></programme><programme channel="141430473" start="20230109053000 +0000" stop="20230109160500 +0000" catchup-id="1315923984"><title>Teleshop 8: Mediashop</title><date></date><icon src="https://t-mobiletv.nl:443/CPS/images/universal/film/program/202301/20230102/44/2023010202005478215w.jpg"></icon><desc>Homeshopping</desc><category></category></programme><programme channel="141430473" start="20230109160500 +0000" stop="20230109170500 +0000" catchup-id="1315923990"><title>Murder, She Wrote (deel 1)</title><date></date><icon src="https://t-mobiletv.nl:443/CPS/images/universal/film/program/202301/20230102/15/20230102020054782tor.jpg"></icon><desc>Jessica Fletcher brengt haar eerste boek uit. Het komt al snel hoog op de bestsellerslijst te staan. Als Jessica naar een gekostumeerd feest gaat, wordt een gast die verkleed is als superspeurneus Sherlock Holmes vermoord.</desc><category></category></programme><programme channel="141430473" start="20230109170500 +0000" stop="20230109173000 +0000" catchup-id="1315923996"><title>The Bold And The Beautiful</title><date></date><icon src="https://t-mobiletv.nl:443/CPS/images/universal/film/program/202301/20230102/13/202301020200547827e0.jpg"></icon><desc>Ridge is nog onderweg naar Los Angeles als Eric hem belt. Hij is streng en vindt dat Ridge duidelijk voor één vrouw moet kiezen. Ondertussen bespreken Brooke en Taylor de situatie tussen hen, Ridge en Thomas.</desc><category></category></programme><programme channel="141430473" start="20230109173000 +0000" stop="20230109183000 +0000" catchup-id="1315924002"><title>ER</title><date></date><icon src="https://t-mobiletv.nl:443/CPS/images/universal/film/program/202301/20230102/5/20230102020054782ukb.jpg"></icon><desc>Amerikaanse dramaserie over het persoonlijke en professionele leven van het medisch personeel van het County General Hospital in Chicago.</desc><category></category></programme><programme channel="141430473" start="20230109183000 +0000" stop="20230109192500 +0000" catchup-id="1315924008"><title>ER</title><date></date><icon src="https://t-mobiletv.nl:443/CPS/images/universal/film/program/202301/20230102/47/20230102020054782vrk.jpg"></icon><desc>Amerikaanse dramaserie over het persoonlijke en professionele leven van het medisch personeel van het County General Hospital in Chicago.</desc><category></category></programme><programme channel="141430473" start="20230109192500 +0000" stop="20230109211000 +0000" catchup-id="1315924014"><title>Première: Baby, It's Cold Inside</title><date></date><icon src="https://t-mobiletv.nl:443/CPS/images/universal/film/program/202301/20230102/78/20230102020054782wwp.jpg"></icon><desc>Reisagent Hannah wordt door haar baas naar het nieuwe Ice Hotel gestuurd in plaats van de gebruikelijke tropische bestemming. Het is een kans op promotie, dus doet ze niet moeilijk. Al snel bloeit er wat moois op tussen haar en de eigenaar van het hotel.</desc><category></category></programme><programme channel="141430473" start="20230109211000 +0000" stop="20230109221000 +0000" catchup-id="1315924020"><title>Law &amp; Order: Special Victims Unit</title><date></date><icon src="https://t-mobiletv.nl:443/CPS/images/universal/film/program/202301/20230102/72/20230102020054782obs.jpg"></icon><desc>Carisi's zus bereidt zich voor op haar bruiloft en de geboorte van haar kind. Haar verloofde, Tommy, valt terug in zijn oude slechte gewoontes en beschuldigt zijn reclasseringsambtenaar van verkrachting. Carisi moet uitzoeken of die aanklacht terecht is, of slechts een van Tommy's vele leugens.</desc><category></category></programme><programme channel="141430473" start="20230109221000 +0000" stop="20230109230500 +0000" catchup-id="1315924026"><title>Law &amp; Order: Special Victims Unit</title><date></date><icon src="https://t-mobiletv.nl:443/CPS/images/universal/film/program/202301/20230102/35/20230102020054782v6a.jpg"></icon><desc>Een bekende tv-presentator interviewt een studente. Zij beweert slachtoffer te zijn van een groepsverkrachting in het huis van een studentenvereniging. Haar verhaal krijgt veel aandacht, maar ondertussen hebben Benson en Barba het moeilijk om voldoende bewijsmateriaal tegen de verdachten te verzamelen.</desc><category></category></programme><programme channel="141430473" start="20230109230500 +0000" stop="20230110000500 +0000" catchup-id="1315924032"><title>ER</title><date></date><icon src="https://t-mobiletv.nl:443/CPS/images/universal/film/program/202301/20230102/5/20230102020054782f9d.jpg"></icon><desc>Amerikaanse dramaserie over het persoonlijke en professionele leven van het medisch personeel van het County General Hospital in Chicago.</desc><category></category></programme><programme channel="141430473" start="20230110000500 +0000" stop="20230110010100 +0000" catchup-id="1315924038"><title>Teleshop 8: Mediashop</title><date></date><icon src="https://t-mobiletv.nl:443/CPS/images/universal/film/program/202301/20230102/15/20230102020054782rj8.jpg"></icon><desc>Homeshopping</desc><category></category></programme><programme channel="141430473" start="20230110010100 +0000" stop="20230110053000 +0000" catchup-id="1315924044"><title>Teleshop 8: Mediashop</title><date></date><icon src="https://t-mobiletv.nl:443/CPS/images/universal/film/program/202301/20230102/23/2023010202005478261i.jpg"></icon><desc>Homeshopping</desc><category></category></programme><programme channel="141430473" start="20230110053000 +0000" stop="20230110153500 +0000" catchup-id="1316294524"><title>Teleshop 8: Mediashop</title><date></date><icon src="https://t-mobiletv.nl:443/CPS/images/universal/film/program/202301/20230103/71/20230103020114713k5c.jpg"></icon><desc>Homeshopping</desc><category></category></programme><programme channel="141430473" start="20230110153500 +0000" stop="20230110160500 +0000" catchup-id="1316294530"><title>Goede Tijden, Slechte Tijden</title><date></date><icon src="https://t-mobiletv.nl:443/CPS/images/universal/film/program/202301/20230103/8/20230103020114713fbt.jpg"></icon><desc>Marwan krijgt een verwijt, maar blijft bij zijn besluit om te kappen met de Buurtsuper. Bing wil Nina dwingen tot een plan van aanpak wat betreft de angst van Nola.</desc><category></category></programme><programme channel="141430473" start="20230110160500 +0000" stop="20230110170500 +0000" catchup-id="1316294536"><title>Murder, She Wrote (deel 2)</title><date></date><icon src="https://t-mobiletv.nl:443/CPS/images/universal/film/program/202301/20230103/8/20230103020114713b5q.jpg"></icon><desc>Jessica Fletcher brengt haar eerste boek uit. Het komt al snel hoog op de bestsellerslijst te staan. Als Jessica naar een gekostumeerd feest gaat, wordt een gast die verkleed is als superspeurneus Sherlock Holmes vermoord.</desc><category></category></programme><programme channel="141430473" start="20230110170500 +0000" stop="20230110173000 +0000" catchup-id="1316294542"><title>The Bold And The Beautiful</title><date></date><icon src="https://t-mobiletv.nl:443/CPS/images/universal/film/program/202301/20230103/16/20230103020114713xax.jpg"></icon><desc>Brooke en Taylor vertellen Ridge hoe ze over hem en de hele situatie denken en wat ze verwachten van de toekomst.</desc><category></category></programme><programme channel="141430473" start="20230110173000 +0000" stop="20230110183000 +0000" catchup-id="1316294548"><title>ER</title><date></date><icon src="https://t-mobiletv.nl:443/CPS/images/universal/film/program/202301/20230103/54/20230103020114713hwg.jpg"></icon><desc>Amerikaanse dramaserie over het persoonlijke en professionele leven van het medisch personeel van het County General Hospital in Chicago.</desc><category></category></programme><programme channel="141430473" start="20230110183000 +0000" stop="20230110192500 +0000" catchup-id="1316294554"><title>ER</title><date></date><icon src="https://t-mobiletv.nl:443/CPS/images/universal/film/program/202301/20230103/0/20230103020114713bi6.jpg"></icon><desc>Amerikaanse dramaserie over het persoonlijke en professionele leven van het medisch personeel van het County General Hospital in Chicago.</desc><category></category></programme><programme channel="141430473" start="20230110192500 +0000" stop="20230110211000 +0000" catchup-id="1316294560"><title>Love On Iceland</title><date></date><icon src="https://t-mobiletv.nl:443/CPS/images/universal/film/program/202301/20230103/61/202301030201147143n6.jpg"></icon><desc>Chloe bedenkt verhalen voor podcasts, maar is nodig toe aan vakantie. Ze gaat met haar oude studievrienden naar IJsland om inspiratie op te doen. Onverwacht duikt daar haar ex op, en al snel slaat de vonk weer over.</desc><category></category></programme><programme channel="141430473" start="20230110211000 +0000" stop="20230110221000 +0000" catchup-id="1316294566"><title>Law &amp; Order: Special Victims Unit</title><date></date><icon src="https://t-mobiletv.nl:443/CPS/images/universal/film/program/202301/20230103/20/20230103020114714usj.jpg"></icon><desc>Benson en Voight onderzoeken een moord- en verkrachtingszaak die erg lijkt op een zaak in New York van tien jaar eerder. Als de politie in Chicago hun hoofdverdachte moet laten lopen, bundelen de teams hun krachten in New York.</desc><category></category></programme><programme channel="141430473" start="20230110221000 +0000" stop="20230110230500 +0000" catchup-id="1316294764"><title>Law &amp; Order: Special Victims Unit</title><date></date><icon src="https://t-mobiletv.nl:443/CPS/images/universal/film/program/202301/20230103/11/20230103020114714gj8.jpg"></icon><desc>Een onderzoek naar de verspreiding van pornografische foto's van een scholier wordt bemoeilijkt door een uitbraak van de mazelen. Als ook Bensons pleegzoon ziek wordt, verdenkt Benson een aantal moeders van het vervalsen van medische gegevens.</desc><category></category></programme><programme channel="141430473" start="20230110230500 +0000" stop="20230111000500 +0000" catchup-id="1316294770"><title>ER</title><date></date><icon src="https://t-mobiletv.nl:443/CPS/images/universal/film/program/202301/20230103/97/202301030201147143gv.jpg"></icon><desc>Amerikaanse dramaserie over het persoonlijke en professionele leven van het medisch personeel van het County General Hospital in Chicago.</desc><category></category></programme><programme channel="141430473" start="20230111000500 +0000" stop="20230111010100 +0000" catchup-id="1316294776"><title>Teleshop 8: Mediashop</title><date></date><icon src="https://t-mobiletv.nl:443/CPS/images/universal/film/program/202301/20230103/70/20230103020114714mt5.jpg"></icon><desc>Homeshopping</desc><category></category></programme><programme channel="141430473" start="20230111010100 +0000" stop="20230111053000 +0000" catchup-id="1316294782"><title>Teleshop 8: Mediashop</title><date></date><icon src="https://t-mobiletv.nl:443/CPS/images/universal/film/program/202301/20230103/7/20230103020114714ywz.jpg"></icon><desc>Homeshopping</desc><category></category></programme><programme channel="141430473" start="20230111053000 +0000" stop="20230111153500 +0000" catchup-id="1316670135"><title>Teleshop 8: Mediashop</title><date></date><icon src="https://t-mobiletv.nl:443/CPS/images/universal/film/program/202301/20230104/28/20230104020059708672.jpg"></icon><desc>Homeshopping</desc><category></category></programme><programme channel="141430473" start="20230111153500 +0000" stop="20230111160500 +0000" catchup-id="1316670141"><title>Goede Tijden, Slechte Tijden</title><date></date><icon src="https://t-mobiletv.nl:443/CPS/images/universal/film/program/202301/20230104/74/20230104020059708zmc.jpg"></icon><desc>Stefano stelt voor om vanavond te koken voor Ludo, maar wat is hij echt van plan? Nola raakt in paniek en wil opgehaald worden. Henk wil de vaste lasten delen met Laura, maar schrikt van het bedrag.</desc><category></category></programme><programme channel="141430473" start="20230111160500 +0000" stop="20230111170500 +0000" catchup-id="1316670147"><title>Murder, She Wrote</title><date></date><icon src="https://t-mobiletv.nl:443/CPS/images/universal/film/program/202301/20230104/5/2023010402005970864l.jpg"></icon><desc>De rijke Stephen Earl komt op verdachte wijze om het leven. Als Jessica haar speurneus in deze zaak steekt, stuit ze op een familie die de schone schijn ophoudt, maar waar achter de schermen haat en nijd heersen.</desc><category></category></programme><programme channel="141430473" start="20230111170500 +0000" stop="20230111173000 +0000" catchup-id="1316670153"><title>The Bold And The Beautiful</title><date></date><icon src="https://t-mobiletv.nl:443/CPS/images/universal/film/program/202301/20230104/69/20230104020059708swl.jpg"></icon><desc>Bill vertelt Liam dat hij een plan heeft bedacht om Katie voor zich terug te winnen. Hope, Steffy en Finn vragen Charlie of hij weet wat er is gebeurd tussen Ridge, Brooke en Taylor.</desc><category></category></programme><programme channel="141430473" start="20230111173000 +0000" stop="20230111183000 +0000" catchup-id="1316670159"><title>ER</title><date></date><icon src="https://t-mobiletv.nl:443/CPS/images/universal/film/program/202301/20230104/67/202301040200597085ux.jpg"></icon><desc>Amerikaanse dramaserie over het persoonlijke en professionele leven van het medisch personeel van het County General Hospital in Chicago.</desc><category></category></programme><programme channel="141430473" start="20230111183000 +0000" stop="20230111192500 +0000" catchup-id="1316670165"><title>ER</title><date></date><icon src="https://t-mobiletv.nl:443/CPS/images/universal/film/program/202301/20230104/77/202301040200597086tf.jpg"></icon><desc>Amerikaanse dramaserie over het persoonlijke en professionele leven van het medisch personeel van het County General Hospital in Chicago.</desc><category></category></programme><programme channel="141430473" start="20230111192500 +0000" stop="20230111211000 +0000" catchup-id="1316670171"><title>Première: Two For The Win</title><date></date><icon src="https://t-mobiletv.nl:443/CPS/images/universal/film/program/202301/20230104/54/20230104020059708yan.jpg"></icon><desc>Skikampioen Justin O'Neill keert terug naar huis om te herstellen van een knieblessure en zich voor te bereiden op een belangrijke race. Jeugdvriendin Kayla, die altijd een zwak voor hem heeft gehouden, coacht hem.</desc><category></category></programme><programme channel="141430473" start="20230111211000 +0000" stop="20230111221000 +0000" catchup-id="1316670177"><title>Law &amp; Order: Special Victims Unit</title><date></date><icon src="https://t-mobiletv.nl:443/CPS/images/universal/film/program/202301/20230104/44/20230104020059708sx0.jpg"></icon><desc>Een slachtoffer van incest wil na 17 jaar haar verklaring intrekken om zo haar vader uit de gevangenis te krijgen. De rechter weigert de zaak te heropenen. Om de waarheid boven te krijgen, gaat de SVU in gesprek met de man die destijds het onderzoek leidde.</desc><category></category></programme><programme channel="141430473" start="20230111221000 +0000" stop="20230111230500 +0000" catchup-id="1316670183"><title>Law &amp; Order: Special Victims Unit</title><date></date><icon src="https://t-mobiletv.nl:443/CPS/images/universal/film/program/202301/20230104/50/20230104020059708wul.jpg"></icon><desc>Na de ontvoering van de 8-jarige Owen wordt losgeld geëist. Uit beveiligingsbeelden blijkt dat het jongetje de ontvoerder kent. Het onderzoek verloopt moeizaam door spanningen tussen Owens gescheiden ouders. Ondertussen krijgt Benson de kans het luitenantsexamen te doen om officieel de leiding te krijgen over haar team.</desc><category></category></programme><programme channel="141430473" start="20230111230500 +0000" stop="20230112000500 +0000" catchup-id="1316670509"><title>ER</title><date></date><icon src="https://t-mobiletv.nl:443/CPS/images/universal/film/program/202301/20230104/27/20230104020059708vax.jpg"></icon><desc></desc><category></category></programme><programme channel="141430473" start="20230112000500 +0000" stop="20230112010100 +0000" catchup-id="1316670515"><title>Teleshop 8: Mediashop</title><date></date><icon src="https://t-mobiletv.nl:443/CPS/images/universal/film/program/202301/20230104/99/20230104020059709cen.jpg"></icon><desc></desc><category></category></programme><programme channel="141430473" start="20230112010100 +0000" stop="20230112053000 +0000" catchup-id="1316670521"><title>Teleshop 8: Mediashop</title><date></date><icon src="https://t-mobiletv.nl:443/CPS/images/universal/film/program/202301/20230104/99/20230104020059709luz.jpg"></icon><desc></desc><category></category></programme>