<programme channel="141430158" start="20221229050000 +0000" stop="20221229090000 +0000" catchup-id="1311759241"><title>Breakfast Lite</title><date></date><icon src="https://t-mobiletv.nl:443/CPS/images/universal/film/program/202212/20221222/19/202212220201013007do.jpg"></icon><desc></desc><category></category></programme><programme channel="141430158" start="20221229090000 +0000" stop="20221229110000 +0000" catchup-id="1311759247"><title>Coffee Break Lite</title><date></date><icon src="https://t-mobiletv.nl:443/CPS/images/universal/film/program/202212/20221222/35/20221222020101300flo.jpg"></icon><desc></desc><category></category></programme><programme channel="141430158" start="20221229110000 +0000" stop="20221229130000 +0000" catchup-id="1311759253"><title>Lunch Lite</title><date></date><icon src="https://t-mobiletv.nl:443/CPS/images/universal/film/program/202212/20221222/74/20221222020101300nzz.jpg"></icon><desc></desc><category></category></programme><programme channel="141430158" start="20221229130000 +0000" stop="20221229160000 +0000" catchup-id="1311759259"><title>High Tea Lite</title><date></date><icon src="https://t-mobiletv.nl:443/CPS/images/universal/film/program/202212/20221222/47/20221222020101301i7s.jpg"></icon><desc></desc><category></category></programme><programme channel="141430158" start="20221229160000 +0000" stop="20221229190000 +0000" catchup-id="1311759265"><title>Dinner Lite</title><date></date><icon src="https://t-mobiletv.nl:443/CPS/images/universal/film/program/202212/20221222/73/20221222020101301o1u.jpg"></icon><desc></desc><category></category></programme><programme channel="141430158" start="20221229190000 +0000" stop="20221229230000 +0000" catchup-id="1311759271"><title>Evening Lite</title><date></date><icon src="https://t-mobiletv.nl:443/CPS/images/universal/film/program/202212/20221222/72/20221222020101301nuq.jpg"></icon><desc></desc><category></category></programme><programme channel="141430158" start="20221229230000 +0000" stop="20221230030000 +0000" catchup-id="1311759277"><title>Nite Lite</title><date></date><icon src="https://t-mobiletv.nl:443/CPS/images/universal/film/program/202212/20221222/38/202212220201013010hm.jpg"></icon><desc></desc><category></category></programme><programme channel="141430158" start="20221230030000 +0000" stop="20221230050000 +0000" catchup-id="1311759283"><title>Wake Up Lite</title><date></date><icon src="https://t-mobiletv.nl:443/CPS/images/universal/film/program/202212/20221222/79/20221222020101301nrj.jpg"></icon><desc></desc><category></category></programme><programme channel="141430158" start="20221230050000 +0000" stop="20221230090000 +0000" catchup-id="1312154676"><title>Breakfast Lite</title><date></date><icon src="https://t-mobiletv.nl:443/CPS/images/universal/film/program/202212/20221223/32/20221223020049763kcz.jpg"></icon><desc></desc><category></category></programme><programme channel="141430158" start="20221230090000 +0000" stop="20221230110000 +0000" catchup-id="1312154682"><title>Coffee Break Lite</title><date></date><icon src="https://t-mobiletv.nl:443/CPS/images/universal/film/program/202212/20221223/84/202212230200497637od.jpg"></icon><desc></desc><category></category></programme><programme channel="141430158" start="20221230110000 +0000" stop="20221230130000 +0000" catchup-id="1312154688"><title>Lunch Lite</title><date></date><icon src="https://t-mobiletv.nl:443/CPS/images/universal/film/program/202212/20221223/31/20221223020049763g4a.jpg"></icon><desc></desc><category></category></programme><programme channel="141430158" start="20221230130000 +0000" stop="20221230160000 +0000" catchup-id="1312154694"><title>High Tea Lite</title><date></date><icon src="https://t-mobiletv.nl:443/CPS/images/universal/film/program/202212/20221223/59/20221223020049764a8r.jpg"></icon><desc></desc><category></category></programme><programme channel="141430158" start="20221230160000 +0000" stop="20221230190000 +0000" catchup-id="1312154700"><title>Dinner Lite</title><date></date><icon src="https://t-mobiletv.nl:443/CPS/images/universal/film/program/202212/20221223/66/20221223020049764daf.jpg"></icon><desc></desc><category></category></programme><programme channel="141430158" start="20221230190000 +0000" stop="20221230230000 +0000" catchup-id="1312154706"><title>Evening Lite</title><date></date><icon src="https://t-mobiletv.nl:443/CPS/images/universal/film/program/202212/20221223/93/2022122302004976474g.jpg"></icon><desc></desc><category></category></programme><programme channel="141430158" start="20221230230000 +0000" stop="20221231030000 +0000" catchup-id="1312154712"><title>Nite Lite</title><date></date><icon src="https://t-mobiletv.nl:443/CPS/images/universal/film/program/202212/20221223/83/20221223020049764s1b.jpg"></icon><desc></desc><category></category></programme><programme channel="141430158" start="20221231030000 +0000" stop="20221231050000 +0000" catchup-id="1312154718"><title>Wake Up Lite</title><date></date><icon src="https://t-mobiletv.nl:443/CPS/images/universal/film/program/202212/20221223/72/2022122302004976443t.jpg"></icon><desc></desc><category></category></programme><programme channel="141430158" start="20221231050000 +0000" stop="20221231090000 +0000" catchup-id="1312591803"><title>Breakfast Lite</title><date></date><icon src="https://t-mobiletv.nl:443/CPS/images/universal/film/program/202212/20221224/68/2022122402013971273f.jpg"></icon><desc></desc><category></category></programme><programme channel="141430158" start="20221231090000 +0000" stop="20221231110000 +0000" catchup-id="1312591809"><title>Coffee Break Lite</title><date></date><icon src="https://t-mobiletv.nl:443/CPS/images/universal/film/program/202212/20221224/0/20221224020139712qbd.jpg"></icon><desc></desc><category></category></programme><programme channel="141430158" start="20221231110000 +0000" stop="20221231130000 +0000" catchup-id="1312591815"><title>Lunch Lite</title><date></date><icon src="https://t-mobiletv.nl:443/CPS/images/universal/film/program/202212/20221224/38/202212240201397125e8.jpg"></icon><desc></desc><category></category></programme><programme channel="141430158" start="20221231130000 +0000" stop="20221231160000 +0000" catchup-id="1312591821"><title>High Tea Lite</title><date></date><icon src="https://t-mobiletv.nl:443/CPS/images/universal/film/program/202212/20221224/49/20221224020139712we2.jpg"></icon><desc></desc><category></category></programme><programme channel="141430158" start="20221231160000 +0000" stop="20221231190000 +0000" catchup-id="1312591827"><title>Dinner Lite</title><date></date><icon src="https://t-mobiletv.nl:443/CPS/images/universal/film/program/202212/20221224/68/20221224020139712h6k.jpg"></icon><desc></desc><category></category></programme><programme channel="141430158" start="20221231190000 +0000" stop="20221231230000 +0000" catchup-id="1312591833"><title>Evening Lite</title><date></date><icon src="https://t-mobiletv.nl:443/CPS/images/universal/film/program/202212/20221224/52/20221224020139713ckj.jpg"></icon><desc></desc><category></category></programme><programme channel="141430158" start="20221231230000 +0000" stop="20230101030000 +0000" catchup-id="1312591839"><title>Nite Lite</title><date></date><icon src="https://t-mobiletv.nl:443/CPS/images/universal/film/program/202212/20221224/89/20221224020139713een.jpg"></icon><desc></desc><category></category></programme><programme channel="141430158" start="20230101030000 +0000" stop="20230101050000 +0000" catchup-id="1312591845"><title>Wake Up Lite</title><date></date><icon src="https://t-mobiletv.nl:443/CPS/images/universal/film/program/202212/20221224/3/202212240201397138zh.jpg"></icon><desc></desc><category></category></programme><programme channel="141430158" start="20230101050000 +0000" stop="20230101090000 +0000" catchup-id="1312937222"><title>Breakfast Lite</title><date></date><icon src="https://t-mobiletv.nl:443/CPS/images/universal/film/program/202212/20221225/69/20221225020144704x4i.jpg"></icon><desc></desc><category></category></programme><programme channel="141430158" start="20230101090000 +0000" stop="20230101110000 +0000" catchup-id="1312937228"><title>Coffee Break Lite</title><date></date><icon src="https://t-mobiletv.nl:443/CPS/images/universal/film/program/202212/20221225/61/20221225020144704s9h.jpg"></icon><desc></desc><category></category></programme><programme channel="141430158" start="20230101110000 +0000" stop="20230101130000 +0000" catchup-id="1312937234"><title>Lunch Lite</title><date></date><icon src="https://t-mobiletv.nl:443/CPS/images/universal/film/program/202212/20221225/59/20221225020144704ids.jpg"></icon><desc></desc><category></category></programme><programme channel="141430158" start="20230101130000 +0000" stop="20230101160000 +0000" catchup-id="1312937240"><title>High Tea Lite</title><date></date><icon src="https://t-mobiletv.nl:443/CPS/images/universal/film/program/202212/20221225/95/20221225020144704fil.jpg"></icon><desc></desc><category></category></programme><programme channel="141430158" start="20230101160000 +0000" stop="20230101190000 +0000" catchup-id="1312937246"><title>Dinner Lite</title><date></date><icon src="https://t-mobiletv.nl:443/CPS/images/universal/film/program/202212/20221225/95/20221225020144704lng.jpg"></icon><desc></desc><category></category></programme><programme channel="141430158" start="20230101190000 +0000" stop="20230101230000 +0000" catchup-id="1312937252"><title>Evening Lite</title><date></date><icon src="https://t-mobiletv.nl:443/CPS/images/universal/film/program/202212/20221225/54/20221225020144704etm.jpg"></icon><desc></desc><category></category></programme><programme channel="141430158" start="20230101230000 +0000" stop="20230102030000 +0000" catchup-id="1312937258"><title>Nite Lite</title><date></date><icon src="https://t-mobiletv.nl:443/CPS/images/universal/film/program/202212/20221225/36/20221225020144704tst.jpg"></icon><desc></desc><category></category></programme><programme channel="141430158" start="20230102030000 +0000" stop="20230102050000 +0000" catchup-id="1312937264"><title>Wake Up Lite</title><date></date><icon src="https://t-mobiletv.nl:443/CPS/images/universal/film/program/202212/20221225/27/20221225020144704bcs.jpg"></icon><desc></desc><category></category></programme><programme channel="141430158" start="20230102050000 +0000" stop="20230102090000 +0000" catchup-id="1313272724"><title>Breakfast Lite</title><date></date><icon src="https://t-mobiletv.nl:443/CPS/images/universal/film/program/202212/20221226/36/2022122602015052230g.jpg"></icon><desc></desc><category></category></programme><programme channel="141430158" start="20230102090000 +0000" stop="20230102110000 +0000" catchup-id="1313272730"><title>Coffee Break Lite</title><date></date><icon src="https://t-mobiletv.nl:443/CPS/images/universal/film/program/202212/20221226/66/20221226020150522okf.jpg"></icon><desc></desc><category></category></programme><programme channel="141430158" start="20230102110000 +0000" stop="20230102130000 +0000" catchup-id="1313272736"><title>Lunch Lite</title><date></date><icon src="https://t-mobiletv.nl:443/CPS/images/universal/film/program/202212/20221226/29/20221226020150522sp2.jpg"></icon><desc></desc><category></category></programme><programme channel="141430158" start="20230102130000 +0000" stop="20230102160000 +0000" catchup-id="1313272742"><title>High Tea Lite</title><date></date><icon src="https://t-mobiletv.nl:443/CPS/images/universal/film/program/202212/20221226/0/2022122602015052280j.jpg"></icon><desc></desc><category></category></programme><programme channel="141430158" start="20230102160000 +0000" stop="20230102190000 +0000" catchup-id="1313272748"><title>Dinner Lite</title><date></date><icon src="https://t-mobiletv.nl:443/CPS/images/universal/film/program/202212/20221226/74/202212260201505229yk.jpg"></icon><desc></desc><category></category></programme><programme channel="141430158" start="20230102190000 +0000" stop="20230102230000 +0000" catchup-id="1313272754"><title>Evening Lite</title><date></date><icon src="https://t-mobiletv.nl:443/CPS/images/universal/film/program/202212/20221226/35/20221226020150522z61.jpg"></icon><desc></desc><category></category></programme><programme channel="141430158" start="20230102230000 +0000" stop="20230103030000 +0000" catchup-id="1313272760"><title>Nite Lite</title><date></date><icon src="https://t-mobiletv.nl:443/CPS/images/universal/film/program/202212/20221226/33/202212260201505221rd.jpg"></icon><desc></desc><category></category></programme><programme channel="141430158" start="20230103030000 +0000" stop="20230103050000 +0000" catchup-id="1313272766"><title>Wake Up Lite</title><date></date><icon src="https://t-mobiletv.nl:443/CPS/images/universal/film/program/202212/20221226/74/20221226020150522eyh.jpg"></icon><desc></desc><category></category></programme><programme channel="141430158" start="20230103050000 +0000" stop="20230103090000 +0000" catchup-id="1313602222"><title>Breakfast Lite</title><date></date><icon src="https://t-mobiletv.nl:443/CPS/images/universal/film/program/202212/20221227/40/20221227020134706m31.jpg"></icon><desc></desc><category></category></programme><programme channel="141430158" start="20230103090000 +0000" stop="20230103110000 +0000" catchup-id="1313602228"><title>Coffee Break Lite</title><date></date><icon src="https://t-mobiletv.nl:443/CPS/images/universal/film/program/202212/20221227/71/20221227020134707nd5.jpg"></icon><desc></desc><category></category></programme><programme channel="141430158" start="20230103110000 +0000" stop="20230103130000 +0000" catchup-id="1313602234"><title>Lunch Lite</title><date></date><icon src="https://t-mobiletv.nl:443/CPS/images/universal/film/program/202212/20221227/11/20221227020134707jul.jpg"></icon><desc></desc><category></category></programme><programme channel="141430158" start="20230103130000 +0000" stop="20230103160000 +0000" catchup-id="1313602240"><title>High Tea Lite</title><date></date><icon src="https://t-mobiletv.nl:443/CPS/images/universal/film/program/202212/20221227/22/20221227020134707yy9.jpg"></icon><desc></desc><category></category></programme><programme channel="141430158" start="20230103160000 +0000" stop="20230103190000 +0000" catchup-id="1313602246"><title>Dinner Lite</title><date></date><icon src="https://t-mobiletv.nl:443/CPS/images/universal/film/program/202212/20221227/63/20221227020134707x4m.jpg"></icon><desc></desc><category></category></programme><programme channel="141430158" start="20230103190000 +0000" stop="20230103230000 +0000" catchup-id="1313602252"><title>Evening Lite</title><date></date><icon src="https://t-mobiletv.nl:443/CPS/images/universal/film/program/202212/20221227/5/20221227020134707yc9.jpg"></icon><desc></desc><category></category></programme><programme channel="141430158" start="20230103230000 +0000" stop="20230104030000 +0000" catchup-id="1313602258"><title>Nite Lite</title><date></date><icon src="https://t-mobiletv.nl:443/CPS/images/universal/film/program/202212/20221227/47/2022122702013470715q.jpg"></icon><desc></desc><category></category></programme><programme channel="141430158" start="20230104030000 +0000" stop="20230104050000 +0000" catchup-id="1313602264"><title>Wake Up Lite</title><date></date><icon src="https://t-mobiletv.nl:443/CPS/images/universal/film/program/202212/20221227/24/20221227020134707y70.jpg"></icon><desc></desc><category></category></programme><programme channel="141430158" start="20230104050000 +0000" stop="20230104090000 +0000" catchup-id="1313980841"><title>Breakfast Lite</title><date></date><icon src="https://t-mobiletv.nl:443/CPS/images/universal/film/program/202212/20221228/47/20221228020139719tbn.jpg"></icon><desc></desc><category></category></programme><programme channel="141430158" start="20230104090000 +0000" stop="20230104110000 +0000" catchup-id="1313980847"><title>Coffee Break Lite</title><date></date><icon src="https://t-mobiletv.nl:443/CPS/images/universal/film/program/202212/20221228/4/20221228020139720tq4.jpg"></icon><desc></desc><category></category></programme><programme channel="141430158" start="20230104110000 +0000" stop="20230104130000 +0000" catchup-id="1313980853"><title>Lunch Lite</title><date></date><icon src="https://t-mobiletv.nl:443/CPS/images/universal/film/program/202212/20221228/1/202212280201397205nm.jpg"></icon><desc></desc><category></category></programme><programme channel="141430158" start="20230104130000 +0000" stop="20230104160000 +0000" catchup-id="1313980859"><title>High Tea Lite</title><date></date><icon src="https://t-mobiletv.nl:443/CPS/images/universal/film/program/202212/20221228/79/202212280201397204s1.jpg"></icon><desc></desc><category></category></programme><programme channel="141430158" start="20230104160000 +0000" stop="20230104190000 +0000" catchup-id="1313980865"><title>Dinner Lite</title><date></date><icon src="https://t-mobiletv.nl:443/CPS/images/universal/film/program/202212/20221228/36/20221228020139720i0g.jpg"></icon><desc></desc><category></category></programme><programme channel="141430158" start="20230104190000 +0000" stop="20230104230000 +0000" catchup-id="1313980871"><title>Evening Lite</title><date></date><icon src="https://t-mobiletv.nl:443/CPS/images/universal/film/program/202212/20221228/19/202212280201397201ar.jpg"></icon><desc></desc><category></category></programme><programme channel="141430158" start="20230104230000 +0000" stop="20230105030000 +0000" catchup-id="1313980877"><title>Nite Lite</title><date></date><icon src="https://t-mobiletv.nl:443/CPS/images/universal/film/program/202212/20221228/24/202212280201397202co.jpg"></icon><desc></desc><category></category></programme><programme channel="141430158" start="20230105030000 +0000" stop="20230105050000 +0000" catchup-id="1313980883"><title>Wake Up Lite</title><date></date><icon src="https://t-mobiletv.nl:443/CPS/images/universal/film/program/202212/20221228/51/20221228020139720l2y.jpg"></icon><desc></desc><category></category></programme><programme channel="141430158" start="20230105050000 +0000" stop="20230105090000 +0000" catchup-id="1314368966"><title>Breakfast Lite</title><date></date><icon src="https://t-mobiletv.nl:443/CPS/images/universal/film/program/202212/20221229/87/20221229020055569t2k.jpg"></icon><desc></desc><category></category></programme><programme channel="141430158" start="20230105090000 +0000" stop="20230105110000 +0000" catchup-id="1314368972"><title>Coffee Break Lite</title><date></date><icon src="https://t-mobiletv.nl:443/CPS/images/universal/film/program/202212/20221229/63/20221229020055569ndl.jpg"></icon><desc></desc><category></category></programme><programme channel="141430158" start="20230105110000 +0000" stop="20230105130000 +0000" catchup-id="1314368978"><title>Lunch Lite</title><date></date><icon src="https://t-mobiletv.nl:443/CPS/images/universal/film/program/202212/20221229/23/20221229020055569jvg.jpg"></icon><desc></desc><category></category></programme><programme channel="141430158" start="20230105130000 +0000" stop="20230105160000 +0000" catchup-id="1314368984"><title>High Tea Lite</title><date></date><icon src="https://t-mobiletv.nl:443/CPS/images/universal/film/program/202212/20221229/51/202212290200555690o2.jpg"></icon><desc></desc><category></category></programme><programme channel="141430158" start="20230105160000 +0000" stop="20230105190000 +0000" catchup-id="1314368990"><title>Dinner Lite</title><date></date><icon src="https://t-mobiletv.nl:443/CPS/images/universal/film/program/202212/20221229/27/20221229020055569td3.jpg"></icon><desc></desc><category></category></programme><programme channel="141430158" start="20230105190000 +0000" stop="20230105230000 +0000" catchup-id="1314368996"><title>Evening Lite</title><date></date><icon src="https://t-mobiletv.nl:443/CPS/images/universal/film/program/202212/20221229/75/20221229020055569496.jpg"></icon><desc></desc><category></category></programme><programme channel="141430158" start="20230105230000 +0000" stop="20230106030000 +0000" catchup-id="1314369002"><title>Nite Lite</title><date></date><icon src="https://t-mobiletv.nl:443/CPS/images/universal/film/program/202212/20221229/11/20221229020055569yox.jpg"></icon><desc></desc><category></category></programme><programme channel="141430158" start="20230106030000 +0000" stop="20230106050000 +0000" catchup-id="1314369008"><title>Wake Up Lite</title><date></date><icon src="https://t-mobiletv.nl:443/CPS/images/universal/film/program/202212/20221229/87/20221229020055569j74.jpg"></icon><desc></desc><category></category></programme><programme channel="141430158" start="20230106050000 +0000" stop="20230106090000 +0000" catchup-id="1314839102"><title>Breakfast Lite</title><date></date><icon src="https://t-mobiletv.nl:443/CPS/images/universal/film/program/202212/20221230/5/2022123002012550836o.jpg"></icon><desc></desc><category></category></programme><programme channel="141430158" start="20230106090000 +0000" stop="20230106110000 +0000" catchup-id="1314839108"><title>Coffee Break Lite</title><date></date><icon src="https://t-mobiletv.nl:443/CPS/images/universal/film/program/202212/20221230/57/20221230020125508m9z.jpg"></icon><desc></desc><category></category></programme><programme channel="141430158" start="20230106110000 +0000" stop="20230106130000 +0000" catchup-id="1314839114"><title>Lunch Lite</title><date></date><icon src="https://t-mobiletv.nl:443/CPS/images/universal/film/program/202212/20221230/44/20221230020125508lzt.jpg"></icon><desc></desc><category></category></programme><programme channel="141430158" start="20230106130000 +0000" stop="20230106160000 +0000" catchup-id="1314839120"><title>High Tea Lite</title><date></date><icon src="https://t-mobiletv.nl:443/CPS/images/universal/film/program/202212/20221230/92/20221230020125509dyo.jpg"></icon><desc></desc><category></category></programme><programme channel="141430158" start="20230106160000 +0000" stop="20230106190000 +0000" catchup-id="1314839126"><title>Dinner Lite</title><date></date><icon src="https://t-mobiletv.nl:443/CPS/images/universal/film/program/202212/20221230/57/20221230020125509ove.jpg"></icon><desc></desc><category></category></programme><programme channel="141430158" start="20230106190000 +0000" stop="20230106230000 +0000" catchup-id="1314839132"><title>Evening Lite</title><date></date><icon src="https://t-mobiletv.nl:443/CPS/images/universal/film/program/202212/20221230/87/202212300201255098vt.jpg"></icon><desc></desc><category></category></programme><programme channel="141430158" start="20230106230000 +0000" stop="20230107030000 +0000" catchup-id="1314839138"><title>Nite Lite</title><date></date><icon src="https://t-mobiletv.nl:443/CPS/images/universal/film/program/202212/20221230/59/20221230020125509kv3.jpg"></icon><desc></desc><category></category></programme><programme channel="141430158" start="20230107030000 +0000" stop="20230107050000 +0000" catchup-id="1314839144"><title>Wake Up Lite</title><date></date><icon src="https://t-mobiletv.nl:443/CPS/images/universal/film/program/202212/20221230/35/20221230020125509h4d.jpg"></icon><desc></desc><category></category></programme><programme channel="141430158" start="20230107050000 +0000" stop="20230107090000 +0000" catchup-id="1315258694"><title>Breakfast Lite</title><date></date><icon src="https://t-mobiletv.nl:443/CPS/images/universal/film/program/202212/20221231/44/20221231020200549sut.jpg"></icon><desc></desc><category></category></programme><programme channel="141430158" start="20230107090000 +0000" stop="20230107110000 +0000" catchup-id="1315258700"><title>Coffee Break Lite</title><date></date><icon src="https://t-mobiletv.nl:443/CPS/images/universal/film/program/202212/20221231/37/202212310202005507m3.jpg"></icon><desc></desc><category></category></programme><programme channel="141430158" start="20230107110000 +0000" stop="20230107130000 +0000" catchup-id="1315258706"><title>Lunch Lite</title><date></date><icon src="https://t-mobiletv.nl:443/CPS/images/universal/film/program/202212/20221231/9/20221231020200550kfe.jpg"></icon><desc></desc><category></category></programme><programme channel="141430158" start="20230107130000 +0000" stop="20230107160000 +0000" catchup-id="1315258712"><title>High Tea Lite</title><date></date><icon src="https://t-mobiletv.nl:443/CPS/images/universal/film/program/202212/20221231/90/20221231020200550qop.jpg"></icon><desc></desc><category></category></programme><programme channel="141430158" start="20230107160000 +0000" stop="20230107190000 +0000" catchup-id="1315258718"><title>Dinner Lite</title><date></date><icon src="https://t-mobiletv.nl:443/CPS/images/universal/film/program/202212/20221231/89/20221231020200550bhy.jpg"></icon><desc></desc><category></category></programme><programme channel="141430158" start="20230107190000 +0000" stop="20230107230000 +0000" catchup-id="1315258724"><title>Evening Lite</title><date></date><icon src="https://t-mobiletv.nl:443/CPS/images/universal/film/program/202212/20221231/25/20221231020200550j7u.jpg"></icon><desc></desc><category></category></programme><programme channel="141430158" start="20230107230000 +0000" stop="20230108030000 +0000" catchup-id="1315259434"><title>Nite Lite</title><date></date><icon src="https://t-mobiletv.nl:443/CPS/images/universal/film/program/202212/20221231/65/20221231020200550kdq.jpg"></icon><desc></desc><category></category></programme><programme channel="141430158" start="20230108030000 +0000" stop="20230108050000 +0000" catchup-id="1315259440"><title>Wake Up Lite</title><date></date><icon src="https://t-mobiletv.nl:443/CPS/images/universal/film/program/202212/20221231/31/20221231020200550u39.jpg"></icon><desc></desc><category></category></programme><programme channel="141430158" start="20230108050000 +0000" stop="20230108090000 +0000" catchup-id="1315606874"><title>Breakfast Lite</title><date></date><icon src="https://t-mobiletv.nl:443/CPS/images/universal/film/program/202301/20230101/8/20230101020114812gv0.jpg"></icon><desc></desc><category></category></programme><programme channel="141430158" start="20230108090000 +0000" stop="20230108110000 +0000" catchup-id="1315606880"><title>Coffee Break Lite</title><date></date><icon src="https://t-mobiletv.nl:443/CPS/images/universal/film/program/202301/20230101/25/20230101020114812x1h.jpg"></icon><desc></desc><category></category></programme><programme channel="141430158" start="20230108110000 +0000" stop="20230108130000 +0000" catchup-id="1315606886"><title>Lunch Lite</title><date></date><icon src="https://t-mobiletv.nl:443/CPS/images/universal/film/program/202301/20230101/71/20230101020114813hun.jpg"></icon><desc></desc><category></category></programme><programme channel="141430158" start="20230108130000 +0000" stop="20230108160000 +0000" catchup-id="1315606956"><title>High Tea Lite</title><date></date><icon src="https://t-mobiletv.nl:443/CPS/images/universal/film/program/202301/20230101/28/20230101020114813hyv.jpg"></icon><desc></desc><category></category></programme><programme channel="141430158" start="20230108160000 +0000" stop="20230108190000 +0000" catchup-id="1315606962"><title>Dinner Lite</title><date></date><icon src="https://t-mobiletv.nl:443/CPS/images/universal/film/program/202301/20230101/95/20230101020114813sam.jpg"></icon><desc></desc><category></category></programme><programme channel="141430158" start="20230108190000 +0000" stop="20230108230000 +0000" catchup-id="1315606968"><title>Evening Lite</title><date></date><icon src="https://t-mobiletv.nl:443/CPS/images/universal/film/program/202301/20230101/21/20230101020114813ohm.jpg"></icon><desc></desc><category></category></programme><programme channel="141430158" start="20230108230000 +0000" stop="20230109030000 +0000" catchup-id="1315606974"><title>Nite Lite</title><date></date><icon src="https://t-mobiletv.nl:443/CPS/images/universal/film/program/202301/20230101/25/20230101020114813dz5.jpg"></icon><desc></desc><category></category></programme><programme channel="141430158" start="20230109030000 +0000" stop="20230109050000 +0000" catchup-id="1315606980"><title>Wake Up Lite</title><date></date><icon src="https://t-mobiletv.nl:443/CPS/images/universal/film/program/202301/20230101/70/20230101020114813rqo.jpg"></icon><desc></desc><category></category></programme><programme channel="141430158" start="20230109050000 +0000" stop="20230109090000 +0000" catchup-id="1315922508"><title>Breakfast Lite</title><date></date><icon src="https://t-mobiletv.nl:443/CPS/images/universal/film/program/202301/20230102/99/2023010202004970574q.jpg"></icon><desc></desc><category></category></programme><programme channel="141430158" start="20230109090000 +0000" stop="20230109110000 +0000" catchup-id="1315922514"><title>Coffee Break Lite</title><date></date><icon src="https://t-mobiletv.nl:443/CPS/images/universal/film/program/202301/20230102/14/20230102020049705i5u.jpg"></icon><desc></desc><category></category></programme><programme channel="141430158" start="20230109110000 +0000" stop="20230109130000 +0000" catchup-id="1315922520"><title>Lunch Lite</title><date></date><icon src="https://t-mobiletv.nl:443/CPS/images/universal/film/program/202301/20230102/55/20230102020049705gzx.jpg"></icon><desc></desc><category></category></programme><programme channel="141430158" start="20230109130000 +0000" stop="20230109160000 +0000" catchup-id="1315922526"><title>High Tea Lite</title><date></date><icon src="https://t-mobiletv.nl:443/CPS/images/universal/film/program/202301/20230102/35/20230102020049705gqd.jpg"></icon><desc></desc><category></category></programme><programme channel="141430158" start="20230109160000 +0000" stop="20230109190000 +0000" catchup-id="1315922532"><title>Dinner Lite</title><date></date><icon src="https://t-mobiletv.nl:443/CPS/images/universal/film/program/202301/20230102/59/202301020200497056dt.jpg"></icon><desc></desc><category></category></programme><programme channel="141430158" start="20230109190000 +0000" stop="20230109230000 +0000" catchup-id="1315922922"><title>Evening Lite</title><date></date><icon src="https://t-mobiletv.nl:443/CPS/images/universal/film/program/202301/20230102/33/20230102020049706dkz.jpg"></icon><desc></desc><category></category></programme><programme channel="141430158" start="20230109230000 +0000" stop="20230110030000 +0000" catchup-id="1315922928"><title>Nite Lite</title><date></date><icon src="https://t-mobiletv.nl:443/CPS/images/universal/film/program/202301/20230102/0/202301020200497060tk.jpg"></icon><desc></desc><category></category></programme><programme channel="141430158" start="20230110030000 +0000" stop="20230110050000 +0000" catchup-id="1315922934"><title>Wake Up Lite</title><date></date><icon src="https://t-mobiletv.nl:443/CPS/images/universal/film/program/202301/20230102/32/20230102020049706ygx.jpg"></icon><desc></desc><category></category></programme><programme channel="141430158" start="20230110050000 +0000" stop="20230110090000 +0000" catchup-id="1316285794"><title>Breakfast Lite</title><date></date><icon src="https://t-mobiletv.nl:443/CPS/images/universal/film/program/202301/20230103/95/20230103020100529vrr.jpg"></icon><desc></desc><category></category></programme><programme channel="141430158" start="20230110090000 +0000" stop="20230110110000 +0000" catchup-id="1316285800"><title>Coffee Break Lite</title><date></date><icon src="https://t-mobiletv.nl:443/CPS/images/universal/film/program/202301/20230103/67/20230103020100529mm6.jpg"></icon><desc></desc><category></category></programme><programme channel="141430158" start="20230110110000 +0000" stop="20230110130000 +0000" catchup-id="1316286446"><title>Lunch Lite</title><date></date><icon src="https://t-mobiletv.nl:443/CPS/images/universal/film/program/202301/20230103/60/202301030201005293xw.jpg"></icon><desc></desc><category></category></programme><programme channel="141430158" start="20230110130000 +0000" stop="20230110160000 +0000" catchup-id="1316286452"><title>High Tea Lite</title><date></date><icon src="https://t-mobiletv.nl:443/CPS/images/universal/film/program/202301/20230103/65/2023010302010052920y.jpg"></icon><desc></desc><category></category></programme><programme channel="141430158" start="20230110160000 +0000" stop="20230110190000 +0000" catchup-id="1316286458"><title>Dinner Lite</title><date></date><icon src="https://t-mobiletv.nl:443/CPS/images/universal/film/program/202301/20230103/62/20230103020100529x9v.jpg"></icon><desc></desc><category></category></programme><programme channel="141430158" start="20230110190000 +0000" stop="20230110230000 +0000" catchup-id="1316286464"><title>Evening Lite</title><date></date><icon src="https://t-mobiletv.nl:443/CPS/images/universal/film/program/202301/20230103/2/20230103020100529528.jpg"></icon><desc></desc><category></category></programme><programme channel="141430158" start="20230110230000 +0000" stop="20230111030000 +0000" catchup-id="1316286470"><title>Nite Lite</title><date></date><icon src="https://t-mobiletv.nl:443/CPS/images/universal/film/program/202301/20230103/15/20230103020100529xz4.jpg"></icon><desc></desc><category></category></programme><programme channel="141430158" start="20230111030000 +0000" stop="20230111050000 +0000" catchup-id="1316286476"><title>Wake Up Lite</title><date></date><icon src="https://t-mobiletv.nl:443/CPS/images/universal/film/program/202301/20230103/34/20230103020100529kb2.jpg"></icon><desc></desc><category></category></programme><programme channel="141430158" start="20230111050000 +0000" stop="20230111090000 +0000" catchup-id="1316674598"><title>Breakfast Lite</title><date></date><icon src="https://t-mobiletv.nl:443/CPS/images/universal/film/program/202301/20230104/28/20230104020104745r64.jpg"></icon><desc></desc><category></category></programme><programme channel="141430158" start="20230111090000 +0000" stop="20230111110000 +0000" catchup-id="1316674604"><title>Coffee Break Lite</title><date></date><icon src="https://t-mobiletv.nl:443/CPS/images/universal/film/program/202301/20230104/43/20230104020104745kbt.jpg"></icon><desc></desc><category></category></programme><programme channel="141430158" start="20230111110000 +0000" stop="20230111130000 +0000" catchup-id="1316674610"><title>Lunch Lite</title><date></date><icon src="https://t-mobiletv.nl:443/CPS/images/universal/film/program/202301/20230104/18/202301040201047453s5.jpg"></icon><desc></desc><category></category></programme><programme channel="141430158" start="20230111130000 +0000" stop="20230111160000 +0000" catchup-id="1316674616"><title>High Tea Lite</title><date></date><icon src="https://t-mobiletv.nl:443/CPS/images/universal/film/program/202301/20230104/22/20230104020104745brn.jpg"></icon><desc></desc><category></category></programme><programme channel="141430158" start="20230111160000 +0000" stop="20230111190000 +0000" catchup-id="1316674622"><title>Dinner Lite</title><date></date><icon src="https://t-mobiletv.nl:443/CPS/images/universal/film/program/202301/20230104/41/202301040201047456qd.jpg"></icon><desc></desc><category></category></programme><programme channel="141430158" start="20230111190000 +0000" stop="20230111230000 +0000" catchup-id="1316674628"><title>Evening Lite</title><date></date><icon src="https://t-mobiletv.nl:443/CPS/images/universal/film/program/202301/20230104/36/20230104020104745vq1.jpg"></icon><desc></desc><category></category></programme><programme channel="141430158" start="20230111230000 +0000" stop="20230112030000 +0000" catchup-id="1316674634"><title>Nite Lite</title><date></date><icon src="https://t-mobiletv.nl:443/CPS/images/universal/film/program/202301/20230104/36/20230104020104745x42.jpg"></icon><desc></desc><category></category></programme><programme channel="141430158" start="20230112030000 +0000" stop="20230112050000 +0000" catchup-id="1316674640"><title>Wake Up Lite</title><date></date><icon src="https://t-mobiletv.nl:443/CPS/images/universal/film/program/202301/20230104/82/20230104020104746006.jpg"></icon><desc></desc><category></category></programme>