<programme channel="141430305" start="20221228173000 +0000" stop="20221228213000 +0000" catchup-id="1311304586"><title>Akıl Çemberi</title><date></date><icon src="https://t-mobiletv.nl:443/CPS/images/universal/film/program/202212/20221221/3/20221221020110510i9n.jpg"></icon><desc></desc><category></category></programme><programme channel="141430305" start="20221228213000 +0000" stop="20221229030000 +0000" catchup-id="1311304592"><title>Akıl Çemberi ( T )</title><date></date><icon src="https://t-mobiletv.nl:443/CPS/images/universal/film/program/202212/20221221/53/20221221020110510qkw.jpg"></icon><desc></desc><category></category></programme><programme channel="141430305" start="20221229030000 +0000" stop="20221229060000 +0000" catchup-id="1311304598"><title>A'dan Z'ye</title><date></date><icon src="https://t-mobiletv.nl:443/CPS/images/universal/film/program/202212/20221221/3/202212210201105103sm.jpg"></icon><desc></desc><category></category></programme><programme channel="141430305" start="20221229060000 +0000" stop="20221229090000 +0000" catchup-id="1311783390"><title>Gündem</title><date></date><icon src="https://t-mobiletv.nl:443/CPS/images/universal/film/program/202212/20221222/31/20221222020129737wxz.jpg"></icon><desc></desc><category></category></programme><programme channel="141430305" start="20221229090000 +0000" stop="20221229110000 +0000" catchup-id="1311783396"><title>Gün Ortası</title><date></date><icon src=""></icon><desc></desc><category></category></programme><programme channel="141430305" start="20221229110000 +0000" stop="20221229130000 +0000" catchup-id="1311783722"><title>Bugün</title><date></date><icon src="https://t-mobiletv.nl:443/CPS/images/universal/film/program/202212/20221222/76/20221222020129737888.jpg"></icon><desc></desc><category></category></programme><programme channel="141430305" start="20221229130000 +0000" stop="20221229150000 +0000" catchup-id="1311783728"><title>Günlük</title><date></date><icon src="https://t-mobiletv.nl:443/CPS/images/universal/film/program/202212/20221222/74/20221222020129737def.jpg"></icon><desc></desc><category></category></programme><programme channel="141430305" start="20221229150000 +0000" stop="20221229174500 +0000" catchup-id="1311783734"><title>Ana Haber</title><date></date><icon src="https://t-mobiletv.nl:443/CPS/images/universal/film/program/202212/20221222/94/2022122202012973764z.jpg"></icon><desc></desc><category></category></programme><programme channel="141430305" start="20221229174500 +0000" stop="20221229220000 +0000" catchup-id="1311783740"><title>Akıl Çemberi</title><date></date><icon src="https://t-mobiletv.nl:443/CPS/images/universal/film/program/202212/20221222/64/20221222020129737kkv.jpg"></icon><desc></desc><category></category></programme><programme channel="141430305" start="20221229220000 +0000" stop="20221230030000 +0000" catchup-id="1311783746"><title>Gece Görüşü ( T )</title><date></date><icon src=""></icon><desc></desc><category></category></programme><programme channel="141430305" start="20221230030000 +0000" stop="20221230060000 +0000" catchup-id="1311783752"><title>A'dan Z'ye</title><date></date><icon src="https://t-mobiletv.nl:443/CPS/images/universal/film/program/202212/20221222/98/20221222020129737toy.jpg"></icon><desc></desc><category></category></programme><programme channel="141430305" start="20221230060000 +0000" stop="20221230090000 +0000" catchup-id="1312180864"><title>Gündem</title><date></date><icon src="https://t-mobiletv.nl:443/CPS/images/universal/film/program/202212/20221223/22/20221223020129706gv5.jpg"></icon><desc></desc><category></category></programme><programme channel="141430305" start="20221230090000 +0000" stop="20221230110000 +0000" catchup-id="1312180870"><title>Gün Ortası</title><date></date><icon src=""></icon><desc></desc><category></category></programme><programme channel="141430305" start="20221230110000 +0000" stop="20221230130000 +0000" catchup-id="1312180876"><title>Bugün</title><date></date><icon src="https://t-mobiletv.nl:443/CPS/images/universal/film/program/202212/20221223/13/20221223020129706psj.jpg"></icon><desc></desc><category></category></programme><programme channel="141430305" start="20221230130000 +0000" stop="20221230150000 +0000" catchup-id="1312180882"><title>Günlük</title><date></date><icon src="https://t-mobiletv.nl:443/CPS/images/universal/film/program/202212/20221223/89/202212230201297061er.jpg"></icon><desc></desc><category></category></programme><programme channel="141430305" start="20221230150000 +0000" stop="20221230174500 +0000" catchup-id="1312180888"><title>Ana Haber</title><date></date><icon src="https://t-mobiletv.nl:443/CPS/images/universal/film/program/202212/20221223/51/2022122302012970625a.jpg"></icon><desc></desc><category></category></programme><programme channel="141430305" start="20221230174500 +0000" stop="20221230220000 +0000" catchup-id="1312180894"><title>Akıl Çemberi</title><date></date><icon src="https://t-mobiletv.nl:443/CPS/images/universal/film/program/202212/20221223/74/202212230201297065lc.jpg"></icon><desc></desc><category></category></programme><programme channel="141430305" start="20221230220000 +0000" stop="20221231030000 +0000" catchup-id="1312180900"><title>Akıl Çemberi( T )</title><date></date><icon src=""></icon><desc></desc><category></category></programme><programme channel="141430305" start="20221231030000 +0000" stop="20221231040000 +0000" catchup-id="1312181162"><title>Haber</title><date></date><icon src="https://t-mobiletv.nl:443/CPS/images/universal/film/program/202212/20221223/68/202212230201297069cu.jpg"></icon><desc></desc><category></category></programme><programme channel="141430305" start="20221231040000 +0000" stop="20221231060000 +0000" catchup-id="1312181168"><title>Güne Merhaba Hafta Sonu</title><date></date><icon src="https://t-mobiletv.nl:443/CPS/images/universal/film/program/202212/20221223/41/20221223020129706gmn.jpg"></icon><desc></desc><category></category></programme><programme channel="141430305" start="20221231060000 +0000" stop="20221231070000 +0000" catchup-id="1312548348"><title>Haber</title><date></date><icon src="https://t-mobiletv.nl:443/CPS/images/universal/film/program/202212/20221224/0/20221224020035515ze6.jpg"></icon><desc></desc><category></category></programme><programme channel="141430305" start="20221231070000 +0000" stop="20221231080000 +0000" catchup-id="1312548354"><title>Hafta Sonu</title><date></date><icon src="https://t-mobiletv.nl:443/CPS/images/universal/film/program/202212/20221224/0/20221224020035515sc0.jpg"></icon><desc></desc><category></category></programme><programme channel="141430305" start="20221231080000 +0000" stop="20221231083000 +0000" catchup-id="1312548360"><title>Haber</title><date></date><icon src="https://t-mobiletv.nl:443/CPS/images/universal/film/program/202212/20221224/24/20221224020035515y7o.jpg"></icon><desc></desc><category></category></programme><programme channel="141430305" start="20221231083000 +0000" stop="20221231090000 +0000" catchup-id="1312548366"><title>Yeşil Doğa</title><date></date><icon src="https://t-mobiletv.nl:443/CPS/images/universal/film/program/202212/20221224/7/20221224020035515nth.jpg"></icon><desc></desc><category></category></programme><programme channel="141430305" start="20221231090000 +0000" stop="20221231110000 +0000" catchup-id="1312548372"><title>Haber</title><date></date><icon src="https://t-mobiletv.nl:443/CPS/images/universal/film/program/202212/20221224/36/20221224020035516i0j.jpg"></icon><desc></desc><category></category></programme><programme channel="141430305" start="20221231110000 +0000" stop="20221231134500 +0000" catchup-id="1312548378"><title>Haber</title><date></date><icon src="https://t-mobiletv.nl:443/CPS/images/universal/film/program/202212/20221224/34/20221224020035516el7.jpg"></icon><desc></desc><category></category></programme><programme channel="141430305" start="20221231134500 +0000" stop="20221231140000 +0000" catchup-id="1312548384"><title>Klinik</title><date></date><icon src="https://t-mobiletv.nl:443/CPS/images/universal/film/program/202212/20221224/61/20221224020035516yrs.jpg"></icon><desc></desc><category></category></programme><programme channel="141430305" start="20221231140000 +0000" stop="20221231150000 +0000" catchup-id="1312548390"><title>5N1K</title><date></date><icon src="https://t-mobiletv.nl:443/CPS/images/universal/film/program/202212/20221224/69/202212240200355161tu.jpg"></icon><desc></desc><category></category></programme><programme channel="141430305" start="20221231150000 +0000" stop="20221231174500 +0000" catchup-id="1312548396"><title>Hafta Sonu Ana Haber</title><date></date><icon src="https://t-mobiletv.nl:443/CPS/images/universal/film/program/202212/20221224/96/20221224020035516wxs.jpg"></icon><desc></desc><category></category></programme><programme channel="141430305" start="20221231174500 +0000" stop="20221231220000 +0000" catchup-id="1312548402"><title>CNN TÜRK Masası</title><date></date><icon src="https://t-mobiletv.nl:443/CPS/images/universal/film/program/202212/20221224/76/2022122402003551698o.jpg"></icon><desc></desc><category></category></programme><programme channel="141430305" start="20221231220000 +0000" stop="20230101030000 +0000" catchup-id="1312548408"><title>CNN TÜRK MASASI ( T )</title><date></date><icon src=""></icon><desc></desc><category></category></programme><programme channel="141430305" start="20230101030000 +0000" stop="20230101040000 +0000" catchup-id="1312548414"><title>Haber</title><date></date><icon src="https://t-mobiletv.nl:443/CPS/images/universal/film/program/202212/20221224/90/202212240200355161ir.jpg"></icon><desc></desc><category></category></programme><programme channel="141430305" start="20230101040000 +0000" stop="20230101060000 +0000" catchup-id="1312548420"><title>Güne Merhaba Hafta Sonu</title><date></date><icon src="https://t-mobiletv.nl:443/CPS/images/universal/film/program/202212/20221224/92/20221224020035516snf.jpg"></icon><desc></desc><category></category></programme><programme channel="141430305" start="20230101060000 +0000" stop="20230101070000 +0000" catchup-id="1312933355"><title>Haber</title><date></date><icon src="https://t-mobiletv.nl:443/CPS/images/universal/film/program/202212/20221225/66/202212250201397239t6.jpg"></icon><desc></desc><category></category></programme><programme channel="141430305" start="20230101070000 +0000" stop="20230101073000 +0000" catchup-id="1312933361"><title>Haber</title><date></date><icon src="https://t-mobiletv.nl:443/CPS/images/universal/film/program/202212/20221225/70/20221225020139723l47.jpg"></icon><desc></desc><category></category></programme><programme channel="141430305" start="20230101073000 +0000" stop="20230101080000 +0000" catchup-id="1312933367"><title>Toprak Ana'dan</title><date></date><icon src=""></icon><desc></desc><category></category></programme><programme channel="141430305" start="20230101080000 +0000" stop="20230101100000 +0000" catchup-id="1312933373"><title>Haber</title><date></date><icon src="https://t-mobiletv.nl:443/CPS/images/universal/film/program/202212/20221225/13/202212250201397245bi.jpg"></icon><desc></desc><category></category></programme><programme channel="141430305" start="20230101100000 +0000" stop="20230101120000 +0000" catchup-id="1312933379"><title>Haber</title><date></date><icon src="https://t-mobiletv.nl:443/CPS/images/universal/film/program/202212/20221225/62/202212250201397242q5.jpg"></icon><desc></desc><category></category></programme><programme channel="141430305" start="20230101120000 +0000" stop="20230101130000 +0000" catchup-id="1312933385"><title>Haber</title><date></date><icon src="https://t-mobiletv.nl:443/CPS/images/universal/film/program/202212/20221225/43/202212250201397247ff.jpg"></icon><desc></desc><category></category></programme><programme channel="141430305" start="20230101130000 +0000" stop="20230101134500 +0000" catchup-id="1312933391"><title>Haber</title><date></date><icon src="https://t-mobiletv.nl:443/CPS/images/universal/film/program/202212/20221225/79/20221225020139724dgp.jpg"></icon><desc></desc><category></category></programme><programme channel="141430305" start="20230101134500 +0000" stop="20230101140000 +0000" catchup-id="1312933397"><title>Baştan Sona Sağlık</title><date></date><icon src="https://t-mobiletv.nl:443/CPS/images/universal/film/program/202212/20221225/16/20221225020139724svz.jpg"></icon><desc></desc><category></category></programme><programme channel="141430305" start="20230101140000 +0000" stop="20230101150000 +0000" catchup-id="1312933403"><title>Haber</title><date></date><icon src="https://t-mobiletv.nl:443/CPS/images/universal/film/program/202212/20221225/56/20221225020139724mv7.jpg"></icon><desc></desc><category></category></programme><programme channel="141430305" start="20230101150000 +0000" stop="20230101174500 +0000" catchup-id="1312933409"><title>Hafta Sonu Ana Haber</title><date></date><icon src="https://t-mobiletv.nl:443/CPS/images/universal/film/program/202212/20221225/7/20221225020139724fos.jpg"></icon><desc></desc><category></category></programme><programme channel="141430305" start="20230101174500 +0000" stop="20230101220000 +0000" catchup-id="1312933415"><title>Ne Oluyor?</title><date></date><icon src="https://t-mobiletv.nl:443/CPS/images/universal/film/program/202212/20221225/59/20221225020139724icu.jpg"></icon><desc></desc><category></category></programme><programme channel="141430305" start="20230101220000 +0000" stop="20230102030000 +0000" catchup-id="1312933421"><title>Ne Oluyor? ( T )</title><date></date><icon src=""></icon><desc></desc><category></category></programme><programme channel="141430305" start="20230102030000 +0000" stop="20230102060000 +0000" catchup-id="1312933427"><title>A'dan Z'ye</title><date></date><icon src="https://t-mobiletv.nl:443/CPS/images/universal/film/program/202212/20221225/86/20221225020139724mmn.jpg"></icon><desc></desc><category></category></programme><programme channel="141430305" start="20230102060000 +0000" stop="20230102090000 +0000" catchup-id="1313232816"><title>Gündem</title><date></date><icon src="https://t-mobiletv.nl:443/CPS/images/universal/film/program/202212/20221226/34/20221226020050529cbc.jpg"></icon><desc></desc><category></category></programme><programme channel="141430305" start="20230102090000 +0000" stop="20230102110000 +0000" catchup-id="1313232822"><title>Gün Ortası</title><date></date><icon src=""></icon><desc></desc><category></category></programme><programme channel="141430305" start="20230102110000 +0000" stop="20230102130000 +0000" catchup-id="1313232828"><title>Bugün</title><date></date><icon src="https://t-mobiletv.nl:443/CPS/images/universal/film/program/202212/20221226/90/20221226020050529rq8.jpg"></icon><desc></desc><category></category></programme><programme channel="141430305" start="20230102130000 +0000" stop="20230102150000 +0000" catchup-id="1313232834"><title>Günlük</title><date></date><icon src="https://t-mobiletv.nl:443/CPS/images/universal/film/program/202212/20221226/79/20221226020050529upo.jpg"></icon><desc></desc><category></category></programme><programme channel="141430305" start="20230102150000 +0000" stop="20230102173000 +0000" catchup-id="1313232840"><title>Ana Haber</title><date></date><icon src="https://t-mobiletv.nl:443/CPS/images/universal/film/program/202212/20221226/10/20221226020050529xla.jpg"></icon><desc></desc><category></category></programme><programme channel="141430305" start="20230102173000 +0000" stop="20230102213000 +0000" catchup-id="1313232846"><title>Tarafsız Bölge</title><date></date><icon src="https://t-mobiletv.nl:443/CPS/images/universal/film/program/202212/20221226/22/202212260200505290nz.jpg"></icon><desc></desc><category></category></programme><programme channel="141430305" start="20230102213000 +0000" stop="20230103030000 +0000" catchup-id="1313232852"><title>Tarafsız Bölge ( T)</title><date></date><icon src=""></icon><desc></desc><category></category></programme><programme channel="141430305" start="20230103030000 +0000" stop="20230103060000 +0000" catchup-id="1313232858"><title>A'dan Z'ye</title><date></date><icon src="https://t-mobiletv.nl:443/CPS/images/universal/film/program/202212/20221226/86/20221226020050529i14.jpg"></icon><desc></desc><category></category></programme><programme channel="141430305" start="20230103060000 +0000" stop="20230103090000 +0000" catchup-id="1313605733"><title>Gündem</title><date></date><icon src="https://t-mobiletv.nl:443/CPS/images/universal/film/program/202212/20221227/49/20221227020139707bgi.jpg"></icon><desc></desc><category></category></programme><programme channel="141430305" start="20230103090000 +0000" stop="20230103110000 +0000" catchup-id="1313606635"><title>Gün Ortası</title><date></date><icon src=""></icon><desc></desc><category></category></programme><programme channel="141430305" start="20230103110000 +0000" stop="20230103130000 +0000" catchup-id="1313606641"><title>Bugün</title><date></date><icon src="https://t-mobiletv.nl:443/CPS/images/universal/film/program/202212/20221227/57/202212270201397073dv.jpg"></icon><desc></desc><category></category></programme><programme channel="141430305" start="20230103130000 +0000" stop="20230103150000 +0000" catchup-id="1313606647"><title>Günlük</title><date></date><icon src="https://t-mobiletv.nl:443/CPS/images/universal/film/program/202212/20221227/39/20221227020139707ym3.jpg"></icon><desc></desc><category></category></programme><programme channel="141430305" start="20230103150000 +0000" stop="20230103174500 +0000" catchup-id="1313606653"><title>Ana Haber</title><date></date><icon src="https://t-mobiletv.nl:443/CPS/images/universal/film/program/202212/20221227/54/20221227020139707ix0.jpg"></icon><desc></desc><category></category></programme><programme channel="141430305" start="20230103174500 +0000" stop="20230103220000 +0000" catchup-id="1313606659"><title>Akıl Çemberi</title><date></date><icon src="https://t-mobiletv.nl:443/CPS/images/universal/film/program/202212/20221227/39/20221227020139707qdd.jpg"></icon><desc></desc><category></category></programme><programme channel="141430305" start="20230103220000 +0000" stop="20230104030000 +0000" catchup-id="1313606665"><title>Akıl Çemberi ( T )</title><date></date><icon src="https://t-mobiletv.nl:443/CPS/images/universal/film/program/202212/20221227/2/20221227020139707eza.jpg"></icon><desc></desc><category></category></programme><programme channel="141430305" start="20230104030000 +0000" stop="20230104060000 +0000" catchup-id="1313606671"><title>A'dan Z'ye</title><date></date><icon src="https://t-mobiletv.nl:443/CPS/images/universal/film/program/202212/20221227/25/20221227020139707lom.jpg"></icon><desc></desc><category></category></programme><programme channel="141430305" start="20230104060000 +0000" stop="20230104090000 +0000" catchup-id="1313983081"><title>Gündem</title><date></date><icon src="https://t-mobiletv.nl:443/CPS/images/universal/film/program/202212/20221228/90/202212280201447161k9.jpg"></icon><desc></desc><category></category></programme><programme channel="141430305" start="20230104090000 +0000" stop="20230104110000 +0000" catchup-id="1313983087"><title>Gün Ortası</title><date></date><icon src=""></icon><desc></desc><category></category></programme><programme channel="141430305" start="20230104110000 +0000" stop="20230104130000 +0000" catchup-id="1313983093"><title>Bugün</title><date></date><icon src="https://t-mobiletv.nl:443/CPS/images/universal/film/program/202212/20221228/27/20221228020144716uts.jpg"></icon><desc></desc><category></category></programme><programme channel="141430305" start="20230104130000 +0000" stop="20230104150000 +0000" catchup-id="1313983099"><title>Günlük</title><date></date><icon src="https://t-mobiletv.nl:443/CPS/images/universal/film/program/202212/20221228/12/20221228020144716a35.jpg"></icon><desc></desc><category></category></programme><programme channel="141430305" start="20230104150000 +0000" stop="20230104173000 +0000" catchup-id="1313983105"><title>Ana Haber</title><date></date><icon src="https://t-mobiletv.nl:443/CPS/images/universal/film/program/202212/20221228/79/20221228020144716bzv.jpg"></icon><desc></desc><category></category></programme><programme channel="141430305" start="20230104173000 +0000" stop="20230104213000 +0000" catchup-id="1313983111"><title>Akıl Çemberi</title><date></date><icon src="https://t-mobiletv.nl:443/CPS/images/universal/film/program/202212/20221228/57/20221228020144716sjs.jpg"></icon><desc></desc><category></category></programme><programme channel="141430305" start="20230104213000 +0000" stop="20230105030000 +0000" catchup-id="1313983117"><title>Akıl Çemberi ( T )</title><date></date><icon src="https://t-mobiletv.nl:443/CPS/images/universal/film/program/202212/20221228/43/20221228020144716fto.jpg"></icon><desc></desc><category></category></programme><programme channel="141430305" start="20230105030000 +0000" stop="20230105060000 +0000" catchup-id="1313983123"><title>A'dan Z'ye</title><date></date><icon src="https://t-mobiletv.nl:443/CPS/images/universal/film/program/202212/20221228/5/202212280201447161yv.jpg"></icon><desc></desc><category></category></programme><programme channel="141430305" start="20230105060000 +0000" stop="20230105090000 +0000" catchup-id="1314398516"><title>Gündem</title><date></date><icon src="https://t-mobiletv.nl:443/CPS/images/universal/film/program/202212/20221229/30/20221229020146464913.jpg"></icon><desc></desc><category></category></programme><programme channel="141430305" start="20230105090000 +0000" stop="20230105110000 +0000" catchup-id="1314398522"><title>Gün Ortası</title><date></date><icon src=""></icon><desc></desc><category></category></programme><programme channel="141430305" start="20230105110000 +0000" stop="20230105130000 +0000" catchup-id="1314398528"><title>Bugün</title><date></date><icon src="https://t-mobiletv.nl:443/CPS/images/universal/film/program/202212/20221229/7/202212290201464641ov.jpg"></icon><desc></desc><category></category></programme><programme channel="141430305" start="20230105130000 +0000" stop="20230105150000 +0000" catchup-id="1314398534"><title>Günlük</title><date></date><icon src="https://t-mobiletv.nl:443/CPS/images/universal/film/program/202212/20221229/19/20221229020146464yra.jpg"></icon><desc></desc><category></category></programme><programme channel="141430305" start="20230105150000 +0000" stop="20230105174500 +0000" catchup-id="1314398540"><title>Ana Haber</title><date></date><icon src="https://t-mobiletv.nl:443/CPS/images/universal/film/program/202212/20221229/59/20221229020146465lhq.jpg"></icon><desc></desc><category></category></programme><programme channel="141430305" start="20230105174500 +0000" stop="20230105220000 +0000" catchup-id="1314398546"><title>Akıl Çemberi</title><date></date><icon src="https://t-mobiletv.nl:443/CPS/images/universal/film/program/202212/20221229/1/20221229020146465kut.jpg"></icon><desc></desc><category></category></programme><programme channel="141430305" start="20230105220000 +0000" stop="20230106030000 +0000" catchup-id="1314398552"><title>Gece Görüşü ( T )</title><date></date><icon src=""></icon><desc></desc><category></category></programme><programme channel="141430305" start="20230106030000 +0000" stop="20230106060000 +0000" catchup-id="1314398558"><title>A'dan Z'ye</title><date></date><icon src="https://t-mobiletv.nl:443/CPS/images/universal/film/program/202212/20221229/9/20221229020146465lbt.jpg"></icon><desc></desc><category></category></programme><programme channel="141430305" start="20230106060000 +0000" stop="20230106090000 +0000" catchup-id="1314823060"><title>Gündem</title><date></date><icon src="https://t-mobiletv.nl:443/CPS/images/universal/film/program/202212/20221230/96/20221230020055541ex5.jpg"></icon><desc></desc><category></category></programme><programme channel="141430305" start="20230106090000 +0000" stop="20230106110000 +0000" catchup-id="1314823066"><title>Gün Ortası</title><date></date><icon src=""></icon><desc></desc><category></category></programme><programme channel="141430305" start="20230106110000 +0000" stop="20230106130000 +0000" catchup-id="1314823072"><title>Bugün</title><date></date><icon src="https://t-mobiletv.nl:443/CPS/images/universal/film/program/202212/20221230/45/20221230020055541w97.jpg"></icon><desc></desc><category></category></programme><programme channel="141430305" start="20230106130000 +0000" stop="20230106150000 +0000" catchup-id="1314823078"><title>Günlük</title><date></date><icon src="https://t-mobiletv.nl:443/CPS/images/universal/film/program/202212/20221230/20/20221230020055541g5g.jpg"></icon><desc></desc><category></category></programme><programme channel="141430305" start="20230106150000 +0000" stop="20230106174500 +0000" catchup-id="1314823084"><title>Ana Haber</title><date></date><icon src="https://t-mobiletv.nl:443/CPS/images/universal/film/program/202212/20221230/36/20221230020055541v4n.jpg"></icon><desc></desc><category></category></programme><programme channel="141430305" start="20230106174500 +0000" stop="20230106220000 +0000" catchup-id="1314823090"><title>Akıl Çemberi</title><date></date><icon src="https://t-mobiletv.nl:443/CPS/images/universal/film/program/202212/20221230/24/2022123002005554172c.jpg"></icon><desc></desc><category></category></programme><programme channel="141430305" start="20230106220000 +0000" stop="20230107030000 +0000" catchup-id="1314823096"><title>Akıl Çemberi( T )</title><date></date><icon src=""></icon><desc></desc><category></category></programme><programme channel="141430305" start="20230107030000 +0000" stop="20230107040000 +0000" catchup-id="1314823102"><title>Haber</title><date></date><icon src="https://t-mobiletv.nl:443/CPS/images/universal/film/program/202212/20221230/31/20221230020055541bd8.jpg"></icon><desc></desc><category></category></programme><programme channel="141430305" start="20230107040000 +0000" stop="20230107060000 +0000" catchup-id="1314823108"><title>Güne Merhaba Hafta Sonu</title><date></date><icon src="https://t-mobiletv.nl:443/CPS/images/universal/film/program/202212/20221230/25/20221230020055541nbc.jpg"></icon><desc></desc><category></category></programme><programme channel="141430305" start="20230107060000 +0000" stop="20230107070000 +0000" catchup-id="1315222795"><title>Haber</title><date></date><icon src="https://t-mobiletv.nl:443/CPS/images/universal/film/program/202212/20221231/33/20221231020055519dom.jpg"></icon><desc></desc><category></category></programme><programme channel="141430305" start="20230107070000 +0000" stop="20230107080000 +0000" catchup-id="1315222801"><title>Hafta Sonu</title><date></date><icon src="https://t-mobiletv.nl:443/CPS/images/universal/film/program/202212/20221231/23/20221231020055519ac5.jpg"></icon><desc></desc><category></category></programme><programme channel="141430305" start="20230107080000 +0000" stop="20230107083000 +0000" catchup-id="1315222807"><title>Haber</title><date></date><icon src="https://t-mobiletv.nl:443/CPS/images/universal/film/program/202212/20221231/71/20221231020055519glj.jpg"></icon><desc></desc><category></category></programme><programme channel="141430305" start="20230107083000 +0000" stop="20230107090000 +0000" catchup-id="1315222813"><title>Yeşil Doğa</title><date></date><icon src="https://t-mobiletv.nl:443/CPS/images/universal/film/program/202212/20221231/35/20221231020055519lng.jpg"></icon><desc></desc><category></category></programme><programme channel="141430305" start="20230107090000 +0000" stop="20230107110000 +0000" catchup-id="1315222819"><title>Haber</title><date></date><icon src="https://t-mobiletv.nl:443/CPS/images/universal/film/program/202212/20221231/45/202212310200555196cx.jpg"></icon><desc></desc><category></category></programme><programme channel="141430305" start="20230107110000 +0000" stop="20230107134500 +0000" catchup-id="1315223017"><title>Haber</title><date></date><icon src="https://t-mobiletv.nl:443/CPS/images/universal/film/program/202212/20221231/46/202212310200555198rz.jpg"></icon><desc></desc><category></category></programme><programme channel="141430305" start="20230107134500 +0000" stop="20230107140000 +0000" catchup-id="1315223023"><title>Klinik</title><date></date><icon src="https://t-mobiletv.nl:443/CPS/images/universal/film/program/202212/20221231/65/20221231020055519h2h.jpg"></icon><desc></desc><category></category></programme><programme channel="141430305" start="20230107140000 +0000" stop="20230107150000 +0000" catchup-id="1315223029"><title>5N1K</title><date></date><icon src="https://t-mobiletv.nl:443/CPS/images/universal/film/program/202212/20221231/74/20221231020055520e2c.jpg"></icon><desc></desc><category></category></programme><programme channel="141430305" start="20230107150000 +0000" stop="20230107174500 +0000" catchup-id="1315223035"><title>Hafta Sonu Ana Haber</title><date></date><icon src="https://t-mobiletv.nl:443/CPS/images/universal/film/program/202212/20221231/3/20221231020055520fjx.jpg"></icon><desc></desc><category></category></programme><programme channel="141430305" start="20230107174500 +0000" stop="20230107220000 +0000" catchup-id="1315223041"><title>CNN TÜRK Masası</title><date></date><icon src="https://t-mobiletv.nl:443/CPS/images/universal/film/program/202212/20221231/4/2022123102005552071u.jpg"></icon><desc></desc><category></category></programme><programme channel="141430305" start="20230107220000 +0000" stop="20230108030000 +0000" catchup-id="1315223047"><title>CNN TÜRK MASASI ( T )</title><date></date><icon src=""></icon><desc></desc><category></category></programme><programme channel="141430305" start="20230108030000 +0000" stop="20230108040000 +0000" catchup-id="1315223053"><title>Haber</title><date></date><icon src="https://t-mobiletv.nl:443/CPS/images/universal/film/program/202212/20221231/99/20221231020055520r95.jpg"></icon><desc></desc><category></category></programme><programme channel="141430305" start="20230108040000 +0000" stop="20230108060000 +0000" catchup-id="1315223059"><title>Güne Merhaba Hafta Sonu</title><date></date><icon src="https://t-mobiletv.nl:443/CPS/images/universal/film/program/202212/20221231/34/20221231020055520tk6.jpg"></icon><desc></desc><category></category></programme><programme channel="141430305" start="20230108060000 +0000" stop="20230108070000 +0000" catchup-id="1315627093"><title>Haber</title><date></date><icon src="https://t-mobiletv.nl:443/CPS/images/universal/film/program/202301/20230101/24/20230101020144711ly1.jpg"></icon><desc></desc><category></category></programme><programme channel="141430305" start="20230108070000 +0000" stop="20230108073000 +0000" catchup-id="1315627099"><title>Haber</title><date></date><icon src="https://t-mobiletv.nl:443/CPS/images/universal/film/program/202301/20230101/40/202301010201447114b6.jpg"></icon><desc></desc><category></category></programme><programme channel="141430305" start="20230108073000 +0000" stop="20230108080000 +0000" catchup-id="1315627105"><title>Toprak Ana'dan</title><date></date><icon src=""></icon><desc></desc><category></category></programme><programme channel="141430305" start="20230108080000 +0000" stop="20230108100000 +0000" catchup-id="1315627111"><title>Haber</title><date></date><icon src="https://t-mobiletv.nl:443/CPS/images/universal/film/program/202301/20230101/92/20230101020144711xl3.jpg"></icon><desc></desc><category></category></programme><programme channel="141430305" start="20230108100000 +0000" stop="20230108120000 +0000" catchup-id="1315627117"><title>Haber</title><date></date><icon src="https://t-mobiletv.nl:443/CPS/images/universal/film/program/202301/20230101/2/20230101020144711xeo.jpg"></icon><desc></desc><category></category></programme><programme channel="141430305" start="20230108120000 +0000" stop="20230108130000 +0000" catchup-id="1315627123"><title>Haber</title><date></date><icon src="https://t-mobiletv.nl:443/CPS/images/universal/film/program/202301/20230101/12/20230101020144711x53.jpg"></icon><desc></desc><category></category></programme><programme channel="141430305" start="20230108130000 +0000" stop="20230108134500 +0000" catchup-id="1315627129"><title>Haber</title><date></date><icon src="https://t-mobiletv.nl:443/CPS/images/universal/film/program/202301/20230101/55/20230101020144712dah.jpg"></icon><desc></desc><category></category></programme><programme channel="141430305" start="20230108134500 +0000" stop="20230108140000 +0000" catchup-id="1315627135"><title>Baştan Sona Sağlık</title><date></date><icon src="https://t-mobiletv.nl:443/CPS/images/universal/film/program/202301/20230101/18/20230101020144712l05.jpg"></icon><desc></desc><category></category></programme><programme channel="141430305" start="20230108140000 +0000" stop="20230108150000 +0000" catchup-id="1315627141"><title>Haber</title><date></date><icon src="https://t-mobiletv.nl:443/CPS/images/universal/film/program/202301/20230101/84/202301010201447127f1.jpg"></icon><desc></desc><category></category></programme><programme channel="141430305" start="20230108150000 +0000" stop="20230108174500 +0000" catchup-id="1315627147"><title>Hafta Sonu Ana Haber</title><date></date><icon src="https://t-mobiletv.nl:443/CPS/images/universal/film/program/202301/20230101/60/20230101020144712tn5.jpg"></icon><desc></desc><category></category></programme><programme channel="141430305" start="20230108174500 +0000" stop="20230108220000 +0000" catchup-id="1315627153"><title>Ne Oluyor?</title><date></date><icon src="https://t-mobiletv.nl:443/CPS/images/universal/film/program/202301/20230101/92/20230101020144712ivv.jpg"></icon><desc></desc><category></category></programme><programme channel="141430305" start="20230108220000 +0000" stop="20230109030000 +0000" catchup-id="1315627159"><title>Ne Oluyor? ( T )</title><date></date><icon src=""></icon><desc></desc><category></category></programme><programme channel="141430305" start="20230109030000 +0000" stop="20230109060000 +0000" catchup-id="1315627165"><title>A'dan Z'ye</title><date></date><icon src="https://t-mobiletv.nl:443/CPS/images/universal/film/program/202301/20230101/88/20230101020144712xvg.jpg"></icon><desc></desc><category></category></programme><programme channel="141430305" start="20230109060000 +0000" stop="20230109090000 +0000" catchup-id="1315940865"><title>Gündem</title><date></date><icon src="https://t-mobiletv.nl:443/CPS/images/universal/film/program/202301/20230102/41/202301020201147103xw.jpg"></icon><desc></desc><category></category></programme><programme channel="141430305" start="20230109090000 +0000" stop="20230109110000 +0000" catchup-id="1315940871"><title>Gün Ortası</title><date></date><icon src=""></icon><desc></desc><category></category></programme><programme channel="141430305" start="20230109110000 +0000" stop="20230109130000 +0000" catchup-id="1315940877"><title>Bugün</title><date></date><icon src="https://t-mobiletv.nl:443/CPS/images/universal/film/program/202301/20230102/48/20230102020114710pri.jpg"></icon><desc></desc><category></category></programme><programme channel="141430305" start="20230109130000 +0000" stop="20230109150000 +0000" catchup-id="1315940883"><title>Günlük</title><date></date><icon src="https://t-mobiletv.nl:443/CPS/images/universal/film/program/202301/20230102/41/202301020201147109er.jpg"></icon><desc></desc><category></category></programme><programme channel="141430305" start="20230109150000 +0000" stop="20230109173000 +0000" catchup-id="1315940889"><title>Ana Haber</title><date></date><icon src="https://t-mobiletv.nl:443/CPS/images/universal/film/program/202301/20230102/13/20230102020114710ebb.jpg"></icon><desc></desc><category></category></programme><programme channel="141430305" start="20230109173000 +0000" stop="20230109213000 +0000" catchup-id="1315940895"><title>Tarafsız Bölge</title><date></date><icon src="https://t-mobiletv.nl:443/CPS/images/universal/film/program/202301/20230102/76/20230102020114710woc.jpg"></icon><desc></desc><category></category></programme><programme channel="141430305" start="20230109213000 +0000" stop="20230110030000 +0000" catchup-id="1315940901"><title>Tarafsız Bölge ( T)</title><date></date><icon src=""></icon><desc></desc><category></category></programme><programme channel="141430305" start="20230110030000 +0000" stop="20230110060000 +0000" catchup-id="1315940907"><title>A'dan Z'ye</title><date></date><icon src="https://t-mobiletv.nl:443/CPS/images/universal/film/program/202301/20230102/49/20230102020114710ekw.jpg"></icon><desc></desc><category></category></programme><programme channel="141430305" start="20230110060000 +0000" stop="20230110090000 +0000" catchup-id="1316292088"><title>Gündem</title><date></date><icon src="https://t-mobiletv.nl:443/CPS/images/universal/film/program/202301/20230103/39/202301030201147124mm.jpg"></icon><desc></desc><category></category></programme><programme channel="141430305" start="20230110090000 +0000" stop="20230110110000 +0000" catchup-id="1316292094"><title>Gün Ortası</title><date></date><icon src=""></icon><desc></desc><category></category></programme><programme channel="141430305" start="20230110110000 +0000" stop="20230110130000 +0000" catchup-id="1316292100"><title>Bugün</title><date></date><icon src="https://t-mobiletv.nl:443/CPS/images/universal/film/program/202301/20230103/90/20230103020114713z1o.jpg"></icon><desc></desc><category></category></programme><programme channel="141430305" start="20230110130000 +0000" stop="20230110150000 +0000" catchup-id="1316292106"><title>Günlük</title><date></date><icon src="https://t-mobiletv.nl:443/CPS/images/universal/film/program/202301/20230103/28/202301030201147130a0.jpg"></icon><desc></desc><category></category></programme><programme channel="141430305" start="20230110150000 +0000" stop="20230110174500 +0000" catchup-id="1316292112"><title>Ana Haber</title><date></date><icon src="https://t-mobiletv.nl:443/CPS/images/universal/film/program/202301/20230103/65/20230103020114713x86.jpg"></icon><desc></desc><category></category></programme><programme channel="141430305" start="20230110174500 +0000" stop="20230110220000 +0000" catchup-id="1316292118"><title>Akıl Çemberi</title><date></date><icon src="https://t-mobiletv.nl:443/CPS/images/universal/film/program/202301/20230103/33/20230103020114713yrx.jpg"></icon><desc></desc><category></category></programme><programme channel="141430305" start="20230110220000 +0000" stop="20230111030000 +0000" catchup-id="1316292124"><title>Akıl Çemberi ( T )</title><date></date><icon src="https://t-mobiletv.nl:443/CPS/images/universal/film/program/202301/20230103/23/20230103020114713zdw.jpg"></icon><desc></desc><category></category></programme><programme channel="141430305" start="20230111030000 +0000" stop="20230111060000 +0000" catchup-id="1316292130"><title>A'dan Z'ye</title><date></date><icon src="https://t-mobiletv.nl:443/CPS/images/universal/film/program/202301/20230103/21/20230103020114713al6.jpg"></icon><desc></desc><category></category></programme><programme channel="141430305" start="20230111060000 +0000" stop="20230111090000 +0000" catchup-id="1316695707"><title>Gündem</title><date></date><icon src="https://t-mobiletv.nl:443/CPS/images/universal/film/program/202301/20230104/11/20230104020134708uuo.jpg"></icon><desc></desc><category></category></programme><programme channel="141430305" start="20230111090000 +0000" stop="20230111110000 +0000" catchup-id="1316695713"><title>Gün Ortası</title><date></date><icon src=""></icon><desc></desc><category></category></programme><programme channel="141430305" start="20230111110000 +0000" stop="20230111130000 +0000" catchup-id="1316695719"><title>Bugün</title><date></date><icon src="https://t-mobiletv.nl:443/CPS/images/universal/film/program/202301/20230104/3/20230104020134708szn.jpg"></icon><desc></desc><category></category></programme><programme channel="141430305" start="20230111130000 +0000" stop="20230111150000 +0000" catchup-id="1316695725"><title>Günlük</title><date></date><icon src="https://t-mobiletv.nl:443/CPS/images/universal/film/program/202301/20230104/52/20230104020134708xm4.jpg"></icon><desc></desc><category></category></programme><programme channel="141430305" start="20230111150000 +0000" stop="20230111173000 +0000" catchup-id="1316695731"><title>Ana Haber</title><date></date><icon src="https://t-mobiletv.nl:443/CPS/images/universal/film/program/202301/20230104/56/202301040201347088dx.jpg"></icon><desc></desc><category></category></programme>