<programme channel="141429058" start="20221229170500 +0000" stop="20221229173000 +0000" catchup-id="1311786225"><title>Awkwafina Is Nora from Queens</title><date></date><icon src="https://t-mobiletv.nl:443/CPS/images/universal/film/program/202212/20221222/74/20221222020135520fu7.jpg"></icon><desc>Oma's team probeert een telefoonfraudeur te pakken en Nora brengt corruptie bij de CBD-winkel aan het licht.</desc><category></category></programme><programme channel="141429058" start="20221229173000 +0000" stop="20221229175500 +0000" catchup-id="1311786231"><title>Awkwafina Is Nora from Queens</title><date></date><icon src="https://t-mobiletv.nl:443/CPS/images/universal/film/program/202212/20221222/16/20221222020135520esj.jpg"></icon><desc>Nora ontmoet Brenda voor het eerst en ze gaan een weekendje weg met Wally... en Nora's denkbeeldige vriend Toeknee.</desc><category></category></programme><programme channel="141429058" start="20221229175500 +0000" stop="20221229183500 +0000" catchup-id="1311786237"><title>The Daily Show</title><date></date><icon src="https://t-mobiletv.nl:443/CPS/images/universal/film/program/202212/20221222/18/20221222020135520yrd.jpg"></icon><desc>Democratische kandidaat voor het gouverneurschap van Georgia.</desc><category></category></programme><programme channel="141429058" start="20221229183500 +0000" stop="20221229190000 +0000" catchup-id="1311786243"><title>Awkwafina Is Nora from Queens</title><date></date><icon src="https://t-mobiletv.nl:443/CPS/images/universal/film/program/202212/20221222/36/20221222020135520uqr.jpg"></icon><desc>Edmund werft Nora om hem te helpen met z'n nieuwe carrièrepad en Wally ontdekt dat Brenda op een dating-app zit.</desc><category></category></programme><programme channel="141429058" start="20221229190000 +0000" stop="20221229192000 +0000" catchup-id="1311786249"><title>Broad City</title><date></date><icon src="https://t-mobiletv.nl:443/CPS/images/universal/film/program/202212/20221222/28/2022122202013552064g.jpg"></icon><desc>Abbi en Ilana gaan op reis, maar het is veel moeilijker dan verwacht om op het vliegveld te komen.</desc><category></category></programme><programme channel="141429058" start="20221229192000 +0000" stop="20221229194500 +0000" catchup-id="1311786255"><title>Broad City</title><date></date><icon src="https://t-mobiletv.nl:443/CPS/images/universal/film/program/202212/20221222/15/20221222020135520q1t.jpg"></icon><desc>Als Abbi ongesteld wordt in het vliegtuig, doen Ilana en zij er alles aan om een tampon te vinden.</desc><category></category></programme><programme channel="141429058" start="20221229194500 +0000" stop="20221229200500 +0000" catchup-id="1311786261"><title>Drunk History</title><date></date><icon src="https://t-mobiletv.nl:443/CPS/images/universal/film/program/202212/20221222/27/202212220201355200so.jpg"></icon><desc>Alan Freed wordt een van de eerste radio-deejays die rock-'n-roll uitzendt. Kris Kristofferson breekt door met wat hulp van z'n idool, Johnny Cash. En Sylvia Robinson creëert The Sugarhill Gang.</desc><category></category></programme><programme channel="141429058" start="20221229200500 +0000" stop="20221229203000 +0000" catchup-id="1311786267"><title>Drunk History</title><date></date><icon src="https://t-mobiletv.nl:443/CPS/images/universal/film/program/202212/20221222/21/202212220201355210fx.jpg"></icon><desc>Abraham Lincoln probeert een aanslag te ontlopen op weg naar z'n inauguratie, Francis Scott Key schrijft The Star-Spangled Banner en Edgar Allan Poe heeft ruzie met Rufus Griswold.</desc><category></category></programme><programme channel="141429058" start="20221229203000 +0000" stop="20221229205500 +0000" catchup-id="1311786273"><title>Awkwafina Is Nora from Queens</title><date></date><icon src="https://t-mobiletv.nl:443/CPS/images/universal/film/program/202212/20221222/39/202212220201355211nz.jpg"></icon><desc>Nora en haar oude vrienden proberen hun glorietijd van de middelbare school te herbeleven, maar New York is veranderd.</desc><category></category></programme><programme channel="141429058" start="20221229205500 +0000" stop="20221229212000 +0000" catchup-id="1311786279"><title>Awkwafina Is Nora from Queens</title><date></date><icon src="https://t-mobiletv.nl:443/CPS/images/universal/film/program/202212/20221222/12/20221222020135521bqb.jpg"></icon><desc>Edmund werft Nora om hem te helpen met z'n nieuwe carrièrepad en Wally ontdekt dat Brenda op een dating-app zit.</desc><category></category></programme><programme channel="141429058" start="20221229212000 +0000" stop="20221229214500 +0000" catchup-id="1311786285"><title>Broad City</title><date></date><icon src="https://t-mobiletv.nl:443/CPS/images/universal/film/program/202212/20221222/14/20221222020135521hze.jpg"></icon><desc>Abbi en Ilana zetten hun appartementen op B&amp;B-NYC om wat extra geld te verdienen.</desc><category></category></programme><programme channel="141429058" start="20221229214500 +0000" stop="20221229220500 +0000" catchup-id="1311786291"><title>Broad City</title><date></date><icon src="https://t-mobiletv.nl:443/CPS/images/universal/film/program/202212/20221222/83/20221222020135521voz.jpg"></icon><desc>Ilana's ouders komen naar de stad om te vieren dat ze 30 jaar getrouwd zijn. Abbi en Ilana vinden het echter moeilijk om mee te feesten, omdat ze allebei relatieproblemen hebben.</desc><category></category></programme><programme channel="141429058" start="20221229220500 +0000" stop="20221229223000 +0000" catchup-id="1311786297"><title>Drunk History</title><date></date><icon src="https://t-mobiletv.nl:443/CPS/images/universal/film/program/202212/20221222/24/2022122202013552134r.jpg"></icon><desc>Wetenschapper Percy Julian overwint raciale barrières, Claudette Colvin weigert haar stoeltje op te geven maanden voordat Rosa Parks hetzelfde doet en Joe Louis vecht tegen de Duitse bokser Max Schmeling.</desc><category></category></programme><programme channel="141429058" start="20221229223000 +0000" stop="20221229225500 +0000" catchup-id="1311786303"><title>Drunk History</title><date></date><icon src="https://t-mobiletv.nl:443/CPS/images/universal/film/program/202212/20221222/54/20221222020135521pml.jpg"></icon><desc>Amerika accepteert het Vrijheidsbeeld met tegenzin, Sybil Ludington gaat op een epische reis om een Britse aanval af te wenden en journalist Nellie Bly infiltreert in een corrupt psychiatrisch ziekenhuis.</desc><category></category></programme><programme channel="141429058" start="20221229225500 +0000" stop="20221229232000 +0000" catchup-id="1311786309"><title>Drunk History</title><date></date><icon src="https://t-mobiletv.nl:443/CPS/images/universal/film/program/202212/20221222/83/20221222020135521ve0.jpg"></icon><desc>Emily Roebling helpt mee met de constructie van de Brooklyn Bridge. Oplichter Victor Lustig verkoopt de Eiffeltoren en Shakespeare steelt het Global Theatre. Met Liev Schreiber, Taylor Schilling en John Cho.</desc><category></category></programme><programme channel="141429058" start="20221229232000 +0000" stop="20221229234500 +0000" catchup-id="1311786315"><title>Drunk History</title><date></date><icon src="https://t-mobiletv.nl:443/CPS/images/universal/film/program/202212/20221222/74/20221222020135521ln5.jpg"></icon><desc>Burgemeester La Guardia strijdt tegen een bende om artisjokken. Julia Child ontmoet de liefde van haar leven als ze als spion aan het werk is en een stroopoverstroming verwoest Boston. Met Joe Lo Truglio en Jason Ritter.</desc><category></category></programme><programme channel="141429058" start="20221229234500 +0000" stop="20221230000500 +0000" catchup-id="1311786321"><title>Drunk History</title><date></date><icon src="https://t-mobiletv.nl:443/CPS/images/universal/film/program/202212/20221222/60/20221222020135521br7.jpg"></icon><desc>DJ Steve Dahl zorgt voor een antidisco-rel en de Cherry Sisters worden de slechtste vaudeville-act aller tijden. Met Colin Hanks, Jack McBrayer en Patton Oswalt.</desc><category></category></programme><programme channel="141429058" start="20221230000500 +0000" stop="20221230003000 +0000" catchup-id="1311786327"><title>Drunk History</title><date></date><icon src="https://t-mobiletv.nl:443/CPS/images/universal/film/program/202212/20221222/35/20221222020135521dmc.jpg"></icon><desc>Lin-Manuel Miranda is de bedenker van musical Hamilton. Hij vertelt het verhaal over Alexander Hamilton, zijn tegenstander Aaron Burr en hun beruchte duel. Met Alia Shawkat, Aubrey Plaza, Tony Hale en Dave Grohl.</desc><category></category></programme><programme channel="141429058" start="20221230003000 +0000" stop="20221230005500 +0000" catchup-id="1311786333"><title>Inside Amy Schumer</title><date></date><icon src="https://t-mobiletv.nl:443/CPS/images/universal/film/program/202212/20221222/60/20221222020135521pyk.jpg"></icon><desc>Amy heeft spijt van een onenightstand, een vliegreis en haar auditie voor Twee meiden, één beker.</desc><category></category></programme><programme channel="141429058" start="20221230005500 +0000" stop="20221230011500 +0000" catchup-id="1311786339"><title>Inside Amy Schumer</title><date></date><icon src="https://t-mobiletv.nl:443/CPS/images/universal/film/program/202212/20221222/59/2022122202013552122p.jpg"></icon><desc>Amy worstelt met sexting, bezoekt een ballenrestaurant en interviewt een stripper.</desc><category></category></programme><programme channel="141429058" start="20221230011500 +0000" stop="20221230013500 +0000" catchup-id="1311786345"><title>Inside Amy Schumer</title><date></date><icon src="https://t-mobiletv.nl:443/CPS/images/universal/film/program/202212/20221222/67/20221222020135522it6.jpg"></icon><desc>Amy stopt met haar werk als pornoactrice, weigert een complimentje te accepteren en komt erachter dat haar vriendje aids heeft.</desc><category></category></programme><programme channel="141429058" start="20221230013500 +0000" stop="20221230015500 +0000" catchup-id="1311786351"><title>Inside Amy Schumer</title><date></date><icon src="https://t-mobiletv.nl:443/CPS/images/universal/film/program/202212/20221222/42/202212220201355220e1.jpg"></icon><desc>Amy krijgt een vreselijk kapsel, laat scheten als ze bang wordt en zoent met Amber Tamblyn.</desc><category></category></programme><programme channel="141429058" start="20221230015500 +0000" stop="20221230021500 +0000" catchup-id="1311786357"><title>Inside Amy Schumer</title><date></date><icon src="https://t-mobiletv.nl:443/CPS/images/universal/film/program/202212/20221222/63/20221222020135522cw8.jpg"></icon><desc>Amy organiseert haar eigen gangbang, geeft een vriendin een vibrator en gebruikt kanker als smoes om onder afspraken uit te komen.</desc><category></category></programme><programme channel="141429058" start="20221230021500 +0000" stop="20221230023500 +0000" catchup-id="1311786363"><title>Inside Amy Schumer</title><date></date><icon src="https://t-mobiletv.nl:443/CPS/images/universal/film/program/202212/20221222/51/202212220201355226qb.jpg"></icon><desc>Amy probeert haar make-over vol te houden, ze produceert meth en het eten wordt uit haar domme poten geslagen.</desc><category></category></programme><programme channel="141429058" start="20221230023500 +0000" stop="20221230025500 +0000" catchup-id="1311786369"><title>Inside Amy Schumer</title><date></date><icon src="https://t-mobiletv.nl:443/CPS/images/universal/film/program/202212/20221222/1/20221222020135522yvo.jpg"></icon><desc>Amy heeft meerdere persoonlijkheden, wordt kwaad op haar vriend en wordt aangerand.</desc><category></category></programme><programme channel="141429058" start="20221230025500 +0000" stop="20221230031500 +0000" catchup-id="1311786375"><title>Inside Amy Schumer</title><date></date><icon src="https://t-mobiletv.nl:443/CPS/images/universal/film/program/202212/20221222/95/20221222020135522e6c.jpg"></icon><desc>Amy betrapt haar vriend op vreemdgaan, vecht tegen een verslaving en bekt een 12-jarige af.</desc><category></category></programme><programme channel="141429058" start="20221230031500 +0000" stop="20221230033500 +0000" catchup-id="1311786381"><title>Inside Amy Schumer</title><date></date><icon src="https://t-mobiletv.nl:443/CPS/images/universal/film/program/202212/20221222/9/20221222020135522big.jpg"></icon><desc>Amy liegt om onder een benefietmarathon uit te komen, draagt een catsuit en roept Dave Attell op.</desc><category></category></programme><programme channel="141429058" start="20221230033500 +0000" stop="20221230035500 +0000" catchup-id="1311786387"><title>Inside Amy Schumer</title><date></date><icon src="https://t-mobiletv.nl:443/CPS/images/universal/film/program/202212/20221222/64/20221222020135522xtn.jpg"></icon><desc>Amy wordt wakker naast twee mannen, wil de ultieme sekstip ontdekken en doet mee aan een realityshow.</desc><category></category></programme><programme channel="141429058" start="20221230035500 +0000" stop="20221230041500 +0000" catchup-id="1311786393"><title>Inside Amy Schumer</title><date></date><icon src="https://t-mobiletv.nl:443/CPS/images/universal/film/program/202212/20221222/58/2022122202013552261b.jpg"></icon><desc>Amy trouwt met een zwarte man, verliest een tenniswedstrijd en krijgt herpes.</desc><category></category></programme><programme channel="141429058" start="20221230041500 +0000" stop="20221230043500 +0000" catchup-id="1311786399"><title>Inside Amy Schumer</title><date></date><icon src="https://t-mobiletv.nl:443/CPS/images/universal/film/program/202212/20221222/81/202212220201355223ww.jpg"></icon><desc>Amy gaat naar het gala, speelt een gewelddadige videogame en eet het gezicht van een man op.</desc><category></category></programme><programme channel="141429058" start="20221230043500 +0000" stop="20221230050000 +0000" catchup-id="1312150505"><title>Takeshi's Castle Indonesia</title><date></date><icon src="https://t-mobiletv.nl:443/CPS/images/universal/film/program/202212/20221223/41/20221223020045526uor.jpg"></icon><desc>Adriaan Van den Hoof kijkt samen met William Boeva naar rare vallende Indonesiërs en William begint te snappen dat dit geen gek videospel is, want zijn controller werkt niet.</desc><category></category></programme><programme channel="141429058" start="20221230050000 +0000" stop="20221230054000 +0000" catchup-id="1312150511"><title>The Daily Show</title><date></date><icon src="https://t-mobiletv.nl:443/CPS/images/universal/film/program/202212/20221223/34/20221223020045526dit.jpg"></icon><desc>Mira Murati- technisch directeur van OpenAI, over DALL·E 2. Ralph Macchio- acteur, producent &amp; auteur, over de memoires Waxing On: The Karate Kid and Me</desc><category></category></programme><programme channel="141429058" start="20221230054000 +0000" stop="20221230062500 +0000" catchup-id="1312150517"><title>The Daily Show</title><date></date><icon src="https://t-mobiletv.nl:443/CPS/images/universal/film/program/202212/20221223/60/202212230200455268jw.jpg"></icon><desc>Acteur, regisseur &amp; producent - over de film Call Jane</desc><category></category></programme><programme channel="141429058" start="20221230062500 +0000" stop="20221230070500 +0000" catchup-id="1312150523"><title>The Daily Show</title><date></date><icon src="https://t-mobiletv.nl:443/CPS/images/universal/film/program/202212/20221223/33/2022122302004552643r.jpg"></icon><desc>Het collectief Ghetto Gastro - over het boek Black Power Kitchen</desc><category></category></programme><programme channel="141429058" start="20221230070500 +0000" stop="20221230075000 +0000" catchup-id="1312150529"><title>The Daily Show</title><date></date><icon src="https://t-mobiletv.nl:443/CPS/images/universal/film/program/202212/20221223/33/20221223020045526tuq.jpg"></icon><desc>Democratische kandidaat voor het gouverneurschap van Georgia.</desc><category></category></programme><programme channel="141429058" start="20221230075000 +0000" stop="20221230083000 +0000" catchup-id="1312150535"><title>The Daily Show</title><date></date><icon src="https://t-mobiletv.nl:443/CPS/images/universal/film/program/202212/20221223/48/20221223020045526vp1.jpg"></icon><desc>Mira Murati- technisch directeur van OpenAI, over DALL·E 2. Ralph Macchio- acteur, producent &amp; auteur, over de memoires Waxing On: The Karate Kid and Me</desc><category></category></programme><programme channel="141429058" start="20221230083000 +0000" stop="20221230091000 +0000" catchup-id="1312150541"><title>The Daily Show</title><date></date><icon src="https://t-mobiletv.nl:443/CPS/images/universal/film/program/202212/20221223/16/20221223020045526mvb.jpg"></icon><desc>Acteur, regisseur &amp; producent - over de film Call Jane</desc><category></category></programme><programme channel="141429058" start="20221230091000 +0000" stop="20221230095500 +0000" catchup-id="1312150547"><title>The Daily Show</title><date></date><icon src="https://t-mobiletv.nl:443/CPS/images/universal/film/program/202212/20221223/95/20221223020045526e3b.jpg"></icon><desc>Het collectief Ghetto Gastro - over het boek Black Power Kitchen</desc><category></category></programme><programme channel="141429058" start="20221230095500 +0000" stop="20221230101500 +0000" catchup-id="1312150553"><title>Crank Yankers</title><date></date><icon src="https://t-mobiletv.nl:443/CPS/images/universal/film/program/202212/20221223/86/20221223020045526hag.jpg"></icon><desc>Een man denkt dat hij blijvend schade heeft opgelopen door een zwembad, Mike Tyson biedt een bloemenwinkel zijn hulp aan en Terrence wil Nicole Kidman helpen haar angst voor vlinders te overwinnen.</desc><category></category></programme><programme channel="141429058" start="20221230101500 +0000" stop="20221230104000 +0000" catchup-id="1312150559"><title>Crank Yankers</title><date></date><icon src="https://t-mobiletv.nl:443/CPS/images/universal/film/program/202212/20221223/38/202212230200455262vk.jpg"></icon><desc>Broers willen een sensueel bagelassortiment voor een bar mitswa; Bill Maher, Jeff Goldblum en Caitlyn Jenner bellen een elektronicazaak voor hun realityserie en een man wil op zijn nummer gezet worden.</desc><category></category></programme><programme channel="141429058" start="20221230104000 +0000" stop="20221230110000 +0000" catchup-id="1312150565"><title>Key &amp; Peele</title><date></date><icon src="https://t-mobiletv.nl:443/CPS/images/universal/film/program/202212/20221223/65/20221223020045526r1c.jpg"></icon><desc>Sketches over een hond die een journalist bedreigt en Harriet Tubman die aan freerunning doet.</desc><category></category></programme><programme channel="141429058" start="20221230110000 +0000" stop="20221230112000 +0000" catchup-id="1312150571"><title>Key &amp; Peele</title><date></date><icon src="https://t-mobiletv.nl:443/CPS/images/universal/film/program/202212/20221223/57/20221223020045526uav.jpg"></icon><desc>Jordan en Keegan vieren Halloween door te vluchten voor racistische zombies, de sterren uit 'Human Centipede' hebben een enge reünie en we bezoeken een toverschool met problemen.</desc><category></category></programme><programme channel="141429058" start="20221230112000 +0000" stop="20221230114000 +0000" catchup-id="1312150577"><title>I Live With Models</title><date></date><icon src="https://t-mobiletv.nl:443/CPS/images/universal/film/program/202212/20221223/53/20221223020045526orc.jpg"></icon><desc>Scarlet voelt zich schuldig nadat ze Tommy verraden heeft bij een gezamenlijke casting. Wanneer Molly medelijden heeft met een sullige fan en zijn galadate wil zijn, probeert Jess mee te liften.</desc><category></category></programme><programme channel="141429058" start="20221230114000 +0000" stop="20221230120500 +0000" catchup-id="1312150583"><title>I Live With Models</title><date></date><icon src="https://t-mobiletv.nl:443/CPS/images/universal/film/program/202212/20221223/94/202212230200455264hy.jpg"></icon><desc>Wanneer Tommy en Molly elkaar leuk beginnen te vinden, voorzien Jess en Scarlet problemen voor het delen van de flat. Jess krijgt een klus met een lastige fotograaf en vraagt Scarlet haar afhandelaar te zijn.</desc><category></category></programme><programme channel="141429058" start="20221230120500 +0000" stop="20221230123000 +0000" catchup-id="1312150589"><title>I Live With Models</title><date></date><icon src="https://t-mobiletv.nl:443/CPS/images/universal/film/program/202212/20221223/48/202212230200455264s2.jpg"></icon><desc>De groep wordt in verleiding gebracht wanneer ze louche werk op een vip-evenement in Atlantic City aannemen. Jess ziet een oude liefde, maar hij mag niet weten waarom ze daar is.</desc><category></category></programme><programme channel="141429058" start="20221230123000 +0000" stop="20221230125000 +0000" catchup-id="1312150595"><title>Key &amp; Peele</title><date></date><icon src="https://t-mobiletv.nl:443/CPS/images/universal/film/program/202212/20221223/83/202212230200455268ln.jpg"></icon><desc>Een man achtervolgt z'n vriendin tot het eind van de wereld en LMFAO kan letterlijk niet stoppen met feesten.</desc><category></category></programme><programme channel="141429058" start="20221230125000 +0000" stop="20221230131500 +0000" catchup-id="1312150601"><title>Key &amp; Peele</title><date></date><icon src="https://t-mobiletv.nl:443/CPS/images/universal/film/program/202212/20221223/98/20221223020045526iv9.jpg"></icon><desc>Sketches over o.a. een drugsdeal die slecht afloopt, een maffiabaas die een huilebalk is en Darius Rucker die last heeft van z'n Hootie-verleden.</desc><category></category></programme><programme channel="141429058" start="20221230131500 +0000" stop="20221230135500 +0000" catchup-id="1312150607"><title>Comedy Central Roasts De Motorclub</title><date></date><icon src="https://t-mobiletv.nl:443/CPS/images/universal/film/program/202212/20221223/37/20221223020045527ske.jpg"></icon><desc>Comedy Central gaat subculturen roasten. Dit keer duikt comedian Soundos El Ahmadi in de wereld van de motorclubs. Kings Syndicate MC, een afsplitsing van No Surrender, gaat geroast worden. Hopelijk hebben ze genoeg zelfspot!</desc><category></category></programme><programme channel="141429058" start="20221230135500 +0000" stop="20221230142000 +0000" catchup-id="1312150613"><title>Takeshi's Castle Thailand</title><date></date><icon src="https://t-mobiletv.nl:443/CPS/images/universal/film/program/202212/20221223/75/20221223020045527rt7.jpg"></icon><desc>Een nieuwe lading kandidaten gaat op weg naar het kasteel. Bereid je voor op spanning, sensatie en een groot modderbad, want ze komen Stepping Stone en Knock Knock tegen. Zullen ze het tot de laatste aanval volhouden?</desc><category></category></programme><programme channel="141429058" start="20221230142000 +0000" stop="20221230144500 +0000" catchup-id="1312150619"><title>Awkwafina Is Nora from Queens</title><date></date><icon src="https://t-mobiletv.nl:443/CPS/images/universal/film/program/202212/20221223/69/20221223020045527c9h.jpg"></icon><desc>Oma's team probeert een telefoonfraudeur te pakken en Nora brengt corruptie bij de CBD-winkel aan het licht.</desc><category></category></programme><programme channel="141429058" start="20221230144500 +0000" stop="20221230150500 +0000" catchup-id="1312150625"><title>Awkwafina Is Nora from Queens</title><date></date><icon src="https://t-mobiletv.nl:443/CPS/images/universal/film/program/202212/20221223/37/202212230200455277wt.jpg"></icon><desc>Nora ontmoet Brenda voor het eerst en ze gaan een weekendje weg met Wally... en Nora's denkbeeldige vriend Toeknee.</desc><category></category></programme><programme channel="141429058" start="20221230150500 +0000" stop="20221230153000 +0000" catchup-id="1312150631"><title>I Live With Models</title><date></date><icon src="https://t-mobiletv.nl:443/CPS/images/universal/film/program/202212/20221223/28/20221223020045527w8r.jpg"></icon><desc>Wanneer zijn vader een echte baan voor hem regelt, geeft Tommy aarzelend toe dat hij een handmodel is. Marshall neemt weer een plussizemodel aan en Jess probeert te bewijzen dat ze nep is.</desc><category></category></programme><programme channel="141429058" start="20221230153000 +0000" stop="20221230155500 +0000" catchup-id="1312150637"><title>I Live With Models</title><date></date><icon src="https://t-mobiletv.nl:443/CPS/images/universal/film/program/202212/20221223/75/2022122302004552739h.jpg"></icon><desc>Tommy ontwikkelt enige affectie als hij de handen van een mannelijk model mag spelen. Molly moedigt Scarlet aan om wat losser te worden en het blijkt dat haar carrière er wel bij vaart als ze high wordt.</desc><category></category></programme><programme channel="141429058" start="20221230155500 +0000" stop="20221230161500 +0000" catchup-id="1312150643"><title>Awkwafina Is Nora from Queens</title><date></date><icon src="https://t-mobiletv.nl:443/CPS/images/universal/film/program/202212/20221223/79/20221223020045527cud.jpg"></icon><desc>Edmund werft Nora om hem te helpen met z'n nieuwe carrièrepad en Wally ontdekt dat Brenda op een dating-app zit.</desc><category></category></programme><programme channel="141429058" start="20221230161500 +0000" stop="20221230164000 +0000" catchup-id="1312150649"><title>Key &amp; Peele</title><date></date><icon src="https://t-mobiletv.nl:443/CPS/images/universal/film/program/202212/20221223/63/202212230200455279vz.jpg"></icon><desc>Sketches met o.a. gangsters die gek zijn op Twilight, een wereld waarin namen windjes zijn en racistische superhelden.</desc><category></category></programme><programme channel="141429058" start="20221230164000 +0000" stop="20221230170500 +0000" catchup-id="1312150655"><title>Key &amp; Peele</title><date></date><icon src="https://t-mobiletv.nl:443/CPS/images/universal/film/program/202212/20221223/22/20221223020045527ynm.jpg"></icon><desc>Een alien bestudeert de vrouwelijke anatomie, de jongens proberen elkaar te overtroeven met hun hippe hoofddeksels en we ontmoeten de laatste twee mannen op aarde.</desc><category></category></programme><programme channel="141429058" start="20221230170500 +0000" stop="20221230173000 +0000" catchup-id="1312150661"><title>Awkwafina Is Nora from Queens</title><date></date><icon src="https://t-mobiletv.nl:443/CPS/images/universal/film/program/202212/20221223/73/202212230200455272a3.jpg"></icon><desc>Tijdens een stroomstoring vertellen Wally, Doug en Nora elkaar gênante verhalen over hun jeugd, seksblunders en slechte ervaringen met drugs. Ook ontdekt Nora iets nieuws over haar moeder.</desc><category></category></programme><programme channel="141429058" start="20221230173000 +0000" stop="20221230175500 +0000" catchup-id="1312150667"><title>Awkwafina Is Nora from Queens</title><date></date><icon src="https://t-mobiletv.nl:443/CPS/images/universal/film/program/202212/20221223/45/20221223020045527cgu.jpg"></icon><desc>Nora wordt onbedoeld actrice, Wally heeft een openbaring nadat hij vrienden van vroeger tegenkomt, en Edmund besluit z'n dromen na te jagen.</desc><category></category></programme><programme channel="141429058" start="20221230175500 +0000" stop="20221230183500 +0000" catchup-id="1312150673"><title>The Daily Show</title><date></date><icon src="https://t-mobiletv.nl:443/CPS/images/universal/film/program/202212/20221223/81/20221223020045527kc2.jpg"></icon><desc>Met Grammy bekroonde artiest.</desc><category></category></programme><programme channel="141429058" start="20221230183500 +0000" stop="20221230190000 +0000" catchup-id="1312150679"><title>Awkwafina Is Nora from Queens</title><date></date><icon src="https://t-mobiletv.nl:443/CPS/images/universal/film/program/202212/20221223/24/202212230200455271f9.jpg"></icon><desc>Oma's team probeert een telefoonfraudeur te pakken en Nora brengt corruptie bij de CBD-winkel aan het licht.</desc><category></category></programme><programme channel="141429058" start="20221230190000 +0000" stop="20221230192000 +0000" catchup-id="1312150685"><title>Broad City</title><date></date><icon src="https://t-mobiletv.nl:443/CPS/images/universal/film/program/202212/20221223/34/202212230200455279iv.jpg"></icon><desc>Op een lentedag in 2011 ontmoeten Abbi en Ilana elkaar voor het eerst.</desc><category></category></programme><programme channel="141429058" start="20221230192000 +0000" stop="20221230194500 +0000" catchup-id="1312150691"><title>Broad City</title><date></date><icon src="https://t-mobiletv.nl:443/CPS/images/universal/film/program/202212/20221223/80/202212230200455271dv.jpg"></icon><desc>Abbi's korte bezoekje aan Soulstice wordt interessant als ze de trainingskans van haar leven krijgt. Ilana vindt werk bij een restaurant.</desc><category></category></programme><programme channel="141429058" start="20221230194500 +0000" stop="20221230200500 +0000" catchup-id="1312150697"><title>Drunk History</title><date></date><icon src="https://t-mobiletv.nl:443/CPS/images/universal/film/program/202212/20221223/25/202212230200455270y6.jpg"></icon><desc>Charles Sumner krijgt stokslagen in de Senaat, rechter J. Waties Waring helpt de rassenscheiding te beëindigen en de slaaf Robert Smalls vordert een oorlogsschip van de Geconfedereerde Staten.</desc><category></category></programme><programme channel="141429058" start="20221230200500 +0000" stop="20221230203000 +0000" catchup-id="1312150703"><title>Drunk History</title><date></date><icon src="https://t-mobiletv.nl:443/CPS/images/universal/film/program/202212/20221223/57/202212230200455275mw.jpg"></icon><desc>Orson Welles' Citizen Kane wekt woede op bij William Randolph Hearst, animator Ub Iwerks helpt Walt Disney bij het bedenken van Mickey Mouse en Nancy Reagan haalt haar acterende man over om de politiek in te gaan.</desc><category></category></programme><programme channel="141429058" start="20221230203000 +0000" stop="20221230205500 +0000" catchup-id="1312150709"><title>Awkwafina Is Nora from Queens</title><date></date><icon src="https://t-mobiletv.nl:443/CPS/images/universal/film/program/202212/20221223/24/202212230200455278j7.jpg"></icon><desc>Oma's team probeert een telefoonfraudeur te pakken en Nora brengt corruptie bij de CBD-winkel aan het licht.</desc><category></category></programme><programme channel="141429058" start="20221230205500 +0000" stop="20221230212000 +0000" catchup-id="1312150715"><title>Awkwafina Is Nora from Queens</title><date></date><icon src="https://t-mobiletv.nl:443/CPS/images/universal/film/program/202212/20221223/51/20221223020045528b1h.jpg"></icon><desc>Nora ontmoet Brenda voor het eerst en ze gaan een weekendje weg met Wally... en Nora's denkbeeldige vriend Toeknee.</desc><category></category></programme><programme channel="141429058" start="20221230212000 +0000" stop="20221230214500 +0000" catchup-id="1312150721"><title>Broad City</title><date></date><icon src="https://t-mobiletv.nl:443/CPS/images/universal/film/program/202212/20221223/95/20221223020045528iqu.jpg"></icon><desc>Abbi en Ilana gaan op reis, maar het is veel moeilijker dan verwacht om op het vliegveld te komen.</desc><category></category></programme><programme channel="141429058" start="20221230214500 +0000" stop="20221230220500 +0000" catchup-id="1312150727"><title>Broad City</title><date></date><icon src="https://t-mobiletv.nl:443/CPS/images/universal/film/program/202212/20221223/11/20221223020045528f6k.jpg"></icon><desc>Als Abbi ongesteld wordt in het vliegtuig, doen Ilana en zij er alles aan om een tampon te vinden.</desc><category></category></programme><programme channel="141429058" start="20221230220500 +0000" stop="20221230223000 +0000" catchup-id="1312150733"><title>Drunk History</title><date></date><icon src="https://t-mobiletv.nl:443/CPS/images/universal/film/program/202212/20221223/25/20221223020045528l2u.jpg"></icon><desc>Alan Freed wordt een van de eerste radio-deejays die rock-'n-roll uitzendt. Kris Kristofferson breekt door met wat hulp van z'n idool, Johnny Cash. En Sylvia Robinson creëert The Sugarhill Gang.</desc><category></category></programme><programme channel="141429058" start="20221230223000 +0000" stop="20221230225500 +0000" catchup-id="1312150739"><title>Drunk History</title><date></date><icon src="https://t-mobiletv.nl:443/CPS/images/universal/film/program/202212/20221223/46/20221223020045528sor.jpg"></icon><desc>Abraham Lincoln probeert een aanslag te ontlopen op weg naar z'n inauguratie, Francis Scott Key schrijft The Star-Spangled Banner en Edgar Allan Poe heeft ruzie met Rufus Griswold.</desc><category></category></programme><programme channel="141429058" start="20221230225500 +0000" stop="20221230232000 +0000" catchup-id="1312150745"><title>Inside Amy Schumer</title><date></date><icon src="https://t-mobiletv.nl:443/CPS/images/universal/film/program/202212/20221223/48/20221223020045528wc8.jpg"></icon><desc>Amy organiseert haar eigen gangbang, geeft een vriendin een vibrator en gebruikt kanker als smoes om onder afspraken uit te komen.</desc><category></category></programme><programme channel="141429058" start="20221230232000 +0000" stop="20221230234500 +0000" catchup-id="1312150751"><title>Inside Amy Schumer</title><date></date><icon src="https://t-mobiletv.nl:443/CPS/images/universal/film/program/202212/20221223/1/20221223020045528b3a.jpg"></icon><desc>Amy probeert haar make-over vol te houden, ze produceert meth en het eten wordt uit haar domme poten geslagen.</desc><category></category></programme><programme channel="141429058" start="20221230234500 +0000" stop="20221231000500 +0000" catchup-id="1312150757"><title>Inside Amy Schumer</title><date></date><icon src="https://t-mobiletv.nl:443/CPS/images/universal/film/program/202212/20221223/41/202212230200455289h0.jpg"></icon><desc>Amy heeft meerdere persoonlijkheden, wordt kwaad op haar vriend en wordt aangerand.</desc><category></category></programme><programme channel="141429058" start="20221231000500 +0000" stop="20221231003000 +0000" catchup-id="1312150763"><title>Inside Amy Schumer</title><date></date><icon src="https://t-mobiletv.nl:443/CPS/images/universal/film/program/202212/20221223/90/20221223020045528zdt.jpg"></icon><desc>Amy betrapt haar vriend op vreemdgaan, vecht tegen een verslaving en bekt een 12-jarige af.</desc><category></category></programme><programme channel="141429058" start="20221231003000 +0000" stop="20221231005500 +0000" catchup-id="1312150769"><title>Inside Amy Schumer</title><date></date><icon src="https://t-mobiletv.nl:443/CPS/images/universal/film/program/202212/20221223/59/20221223020045528q2s.jpg"></icon><desc>Amy liegt om onder een benefietmarathon uit te komen, draagt een catsuit en roept Dave Attell op.</desc><category></category></programme><programme channel="141429058" start="20221231005500 +0000" stop="20221231011500 +0000" catchup-id="1312150775"><title>Inside Amy Schumer</title><date></date><icon src="https://t-mobiletv.nl:443/CPS/images/universal/film/program/202212/20221223/64/20221223020045528lpc.jpg"></icon><desc>Amy wordt wakker naast twee mannen, wil de ultieme sekstip ontdekken en doet mee aan een realityshow.</desc><category></category></programme><programme channel="141429058" start="20221231011500 +0000" stop="20221231013500 +0000" catchup-id="1312150781"><title>Inside Amy Schumer</title><date></date><icon src="https://t-mobiletv.nl:443/CPS/images/universal/film/program/202212/20221223/35/2022122302004552898r.jpg"></icon><desc>Amy trouwt met een zwarte man, verliest een tenniswedstrijd en krijgt herpes.</desc><category></category></programme><programme channel="141429058" start="20221231013500 +0000" stop="20221231015500 +0000" catchup-id="1312150787"><title>Inside Amy Schumer</title><date></date><icon src="https://t-mobiletv.nl:443/CPS/images/universal/film/program/202212/20221223/29/20221223020045528u4f.jpg"></icon><desc>Amy gaat naar het gala, speelt een gewelddadige videogame en eet het gezicht van een man op.</desc><category></category></programme><programme channel="141429058" start="20221231015500 +0000" stop="20221231021500 +0000" catchup-id="1312150793"><title>Inside Amy Schumer</title><date></date><icon src="https://t-mobiletv.nl:443/CPS/images/universal/film/program/202212/20221223/45/20221223020045528cdo.jpg"></icon><desc>Amy zeilt naar India, flirt met een collega en gaat naar de wc om wat ruimte te maken.</desc><category></category></programme><programme channel="141429058" start="20221231021500 +0000" stop="20221231023500 +0000" catchup-id="1312150799"><title>Inside Amy Schumer</title><date></date><icon src="https://t-mobiletv.nl:443/CPS/images/universal/film/program/202212/20221223/31/202212230200455281a9.jpg"></icon><desc>Amy verblijft in een luxe hotel, begint aan een waanzinnig dieet en krijgt therapie van supermodel Chrissy Teigen.</desc><category></category></programme><programme channel="141429058" start="20221231023500 +0000" stop="20221231025500 +0000" catchup-id="1312150805"><title>Inside Amy Schumer</title><date></date><icon src="https://t-mobiletv.nl:443/CPS/images/universal/film/program/202212/20221223/6/202212230200455287iy.jpg"></icon><desc>Amy beoordeelt strippers, krijgt een grote filmrol en doet het met een goochelaar.</desc><category></category></programme><programme channel="141429058" start="20221231025500 +0000" stop="20221231031500 +0000" catchup-id="1312150811"><title>Inside Amy Schumer</title><date></date><icon src="https://t-mobiletv.nl:443/CPS/images/universal/film/program/202212/20221223/88/20221223020045528xan.jpg"></icon><desc>Amy heeft bezwaar tegen een bruiloft, maakt het uit met haar vriend en schreeuwt tegen een schildpad.</desc><category></category></programme><programme channel="141429058" start="20221231031500 +0000" stop="20221231033500 +0000" catchup-id="1312150817"><title>Inside Amy Schumer</title><date></date><icon src="https://t-mobiletv.nl:443/CPS/images/universal/film/program/202212/20221223/86/20221223020045528fav.jpg"></icon><desc>Amy ontmoet een skelet, een paar seriemoordenaars en een vulgaire binnenhuisarchitect.</desc><category></category></programme><programme channel="141429058" start="20221231033500 +0000" stop="20221231035500 +0000" catchup-id="1312150823"><title>Inside Amy Schumer</title><date></date><icon src="https://t-mobiletv.nl:443/CPS/images/universal/film/program/202212/20221223/11/2022122302004552870k.jpg"></icon><desc>Amy bekijkt de zoekgeschiedenis van haar vriend, raakt kwijt wat haar een vrouw maakt en heeft een zenuwinzinking op televisie.</desc><category></category></programme><programme channel="141429058" start="20221231035500 +0000" stop="20221231041500 +0000" catchup-id="1312150829"><title>Inside Amy Schumer</title><date></date><icon src="https://t-mobiletv.nl:443/CPS/images/universal/film/program/202212/20221223/86/20221223020045529k2p.jpg"></icon><desc>Amy woont een trouwerij, een begrafenis en een executie bij.</desc><category></category></programme><programme channel="141429058" start="20221231041500 +0000" stop="20221231043500 +0000" catchup-id="1312150835"><title>Inside Amy Schumer</title><date></date><icon src="https://t-mobiletv.nl:443/CPS/images/universal/film/program/202212/20221223/96/20221223020045529zaf.jpg"></icon><desc>Amy ontmoet de pers, maakt zich klaar voor seks en kijkt toe hoe haar vriend homo wordt.</desc><category></category></programme><programme channel="141429058" start="20221231043500 +0000" stop="20221231050000 +0000" catchup-id="1312563511"><title>Takeshi's Castle Thailand</title><date></date><icon src="https://t-mobiletv.nl:443/CPS/images/universal/film/program/202212/20221224/7/20221224020105516z10.jpg"></icon><desc>Honderd kandidaten bereiden zich voor op de bestorming van Takeshi's Castle. Ze nemen het op tegen de gespannen Tug Of War en moeten bewijzen dat ze genoeg in huis hebben om de bewakers te verslaan.</desc><category></category></programme><programme channel="141429058" start="20221231050000 +0000" stop="20221231054000 +0000" catchup-id="1312563517"><title>The Daily Show</title><date></date><icon src="https://t-mobiletv.nl:443/CPS/images/universal/film/program/202212/20221224/45/20221224020105516m9q.jpg"></icon><desc>Met Grammy bekroonde artiest.</desc><category></category></programme><programme channel="141429058" start="20221231054000 +0000" stop="20221231062500 +0000" catchup-id="1312563523"><title>The Daily Show</title><date></date><icon src="https://t-mobiletv.nl:443/CPS/images/universal/film/program/202212/20221224/87/202212240201055166ep.jpg"></icon><desc>Acteur, regisseur &amp; producent - over de film Call Jane</desc><category></category></programme><programme channel="141429058" start="20221231062500 +0000" stop="20221231070500 +0000" catchup-id="1312563529"><title>The Daily Show</title><date></date><icon src="https://t-mobiletv.nl:443/CPS/images/universal/film/program/202212/20221224/79/20221224020105516vj6.jpg"></icon><desc>Het collectief Ghetto Gastro - over het boek Black Power Kitchen</desc><category></category></programme><programme channel="141429058" start="20221231070500 +0000" stop="20221231075000 +0000" catchup-id="1312563535"><title>The Daily Show</title><date></date><icon src="https://t-mobiletv.nl:443/CPS/images/universal/film/program/202212/20221224/94/20221224020105516qba.jpg"></icon><desc>Democratische kandidaat voor het gouverneurschap van Georgia.</desc><category></category></programme><programme channel="141429058" start="20221231075000 +0000" stop="20221231083000 +0000" catchup-id="1312563541"><title>The Daily Show</title><date></date><icon src="https://t-mobiletv.nl:443/CPS/images/universal/film/program/202212/20221224/1/20221224020105516n5d.jpg"></icon><desc>Met Grammy bekroonde artiest.</desc><category></category></programme><programme channel="141429058" start="20221231083000 +0000" stop="20221231091000 +0000" catchup-id="1312563547"><title>The Daily Show</title><date></date><icon src="https://t-mobiletv.nl:443/CPS/images/universal/film/program/202212/20221224/8/20221224020105516wv6.jpg"></icon><desc>Acteur, regisseur &amp; producent - over de film Call Jane</desc><category></category></programme><programme channel="141429058" start="20221231091000 +0000" stop="20221231095500 +0000" catchup-id="1312563553"><title>The Daily Show</title><date></date><icon src="https://t-mobiletv.nl:443/CPS/images/universal/film/program/202212/20221224/2/20221224020105516roc.jpg"></icon><desc>Het collectief Ghetto Gastro - over het boek Black Power Kitchen</desc><category></category></programme><programme channel="141429058" start="20221231095500 +0000" stop="20221231101500 +0000" catchup-id="1312563559"><title>Crank Yankers</title><date></date><icon src="https://t-mobiletv.nl:443/CPS/images/universal/film/program/202212/20221224/93/20221224020105516qro.jpg"></icon><desc>Broers willen een sensueel bagelassortiment voor een bar mitswa; Bill Maher, Jeff Goldblum en Caitlyn Jenner bellen een elektronicazaak voor hun realityserie en een man wil op zijn nummer gezet worden.</desc><category></category></programme><programme channel="141429058" start="20221231101500 +0000" stop="20221231104000 +0000" catchup-id="1312563629"><title>Crank Yankers</title><date></date><icon src="https://t-mobiletv.nl:443/CPS/images/universal/film/program/202212/20221224/51/202212240201055161yg.jpg"></icon><desc>Het seksleven van Spoonie Luv wordt verpest door vogels, Birchum valt een yogastudio lastig en een sollicitante (Chelsea Peretti) zet haar prachtige uiterlijk in.</desc><category></category></programme><programme channel="141429058" start="20221231104000 +0000" stop="20221231110500 +0000" catchup-id="1312563635"><title>Takeshi's Castle Thailand</title><date></date><icon src="https://t-mobiletv.nl:443/CPS/images/universal/film/program/202212/20221224/79/2022122402010551716y.jpg"></icon><desc>Honderd kandidaten bereiden zich voor op de bestorming van Takeshi's Castle. Ze nemen het op tegen de gespannen Tug Of War en moeten bewijzen dat ze genoeg in huis hebben om de bewakers te verslaan.</desc><category></category></programme><programme channel="141429058" start="20221231110500 +0000" stop="20221231112951 +0000" catchup-id="1312563641"><title>Takeshi's Castle Thailand</title><date></date><icon src="https://t-mobiletv.nl:443/CPS/images/universal/film/program/202212/20221224/82/20221224020105517hay.jpg"></icon><desc>Een nieuwe lading kandidaten gaat op weg naar het kasteel. Bereid je voor op spanning, sensatie en een groot modderbad, want ze komen Stepping Stone en Knock Knock tegen. Zullen ze het tot de laatste aanval volhouden?</desc><category></category></programme><programme channel="141429058" start="20221231112951 +0000" stop="20221231115451 +0000" catchup-id="1312563647"><title>Takeshi's Castle Thailand</title><date></date><icon src="https://t-mobiletv.nl:443/CPS/images/universal/film/program/202212/20221224/56/202212240201055177o2.jpg"></icon><desc>Een nieuwe groep kandidaten neem het op tegen de plakkerige Human Velcro en de zoemende Honeycomb om door te gaan naar de laatste aanval op het kasteel. Wie zal het halen en wie blijft steken in de modder?</desc><category></category></programme><programme channel="141429058" start="20221231115451 +0000" stop="20221231121500 +0000" catchup-id="1312563653"><title>Takeshi's Castle Thailand</title><date></date><icon src="https://t-mobiletv.nl:443/CPS/images/universal/film/program/202212/20221224/9/20221224020105517tfo.jpg"></icon><desc>De wachters geven een andere groep deelnemers die het kasteel wil bereiken een duw op de Flying Mushroom. Wie redt het tot de laatste ronde, nu Slipway en Sumo ook op hun pad staan?</desc><category></category></programme><programme channel="141429058" start="20221231121500 +0000" stop="20221231131000 +0000" catchup-id="1312563659"><title>Comedy Central Roasts De Motorclub</title><date></date><icon src="https://t-mobiletv.nl:443/CPS/images/universal/film/program/202212/20221224/5/202212240201055177h8.jpg"></icon><desc>Comedy Central gaat subculturen roasten. Dit keer duikt comedian Soundos El Ahmadi in de wereld van de motorclubs. Kings Syndicate MC, een afsplitsing van No Surrender, gaat geroast worden. Hopelijk hebben ze genoeg zelfspot!</desc><category></category></programme><programme channel="141429058" start="20221231131000 +0000" stop="20221231133500 +0000" catchup-id="1312563665"><title>I Live With Models</title><date></date><icon src="https://t-mobiletv.nl:443/CPS/images/universal/film/program/202212/20221224/92/20221224020105517e3m.jpg"></icon><desc>Op een chic modefeestje pakt Anna een handtas in plaats van een goodiebag en probeert ze het leven van de eigenaar de stelen. Luke manipuleert Tommy wanneer deze met een andere impresario praat en Enrique maakt kennis met de liefde.</desc><category></category></programme><programme channel="141429058" start="20221231133500 +0000" stop="20221231140500 +0000" catchup-id="1312563671"><title>I Live With Models</title><date></date><icon src="https://t-mobiletv.nl:443/CPS/images/universal/film/program/202212/20221224/6/2022122402010551747f.jpg"></icon><desc>Scarlet krijgt een kans van haar heldin - de machtige tijdschriftredactrice Joanna Vermouth. Maar wanneer Tommy zich ermee bemoeit, staat haar hele carrière op het spel. Anna wil Enrique's slaapkamer en zegt tegen hem dat het er spookt.</desc><category></category></programme><programme channel="141429058" start="20221231140500 +0000" stop="20221231143000 +0000" catchup-id="1312563677"><title>I Live With Models</title><date></date><icon src="https://t-mobiletv.nl:443/CPS/images/universal/film/program/202212/20221224/31/20221224020105517pj5.jpg"></icon><desc>Nadat Anna het te bont heeft gemaakt, trapt Luke haar definitief uit haar appartement. Uit wraak begint Anna haar eigen modellenbureau in een poging Luke's klanten weg te kapen.</desc><category></category></programme><programme channel="141429058" start="20221231143000 +0000" stop="20221231145500 +0000" catchup-id="1312563683"><title>I Live With Models</title><date></date><icon src="https://t-mobiletv.nl:443/CPS/images/universal/film/program/202212/20221224/64/20221224020105517dfi.jpg"></icon><desc>Er is storm op komst in Miami, en de modellen organiseren een groots huisfeest. Scarlet zit Tommy dwars en komen samen vast te zitten in een bar. Enrique ontdekt een geheim van Scarlets nieuwe vriend en Seth wil Anna's seksleven ruïneren.</desc><category></category></programme><programme channel="141429058" start="20221231145500 +0000" stop="20221231152000 +0000" catchup-id="1312563689"><title>Crank Yankers</title><date></date><icon src="https://t-mobiletv.nl:443/CPS/images/universal/film/program/202212/20221224/72/2022122402010551779t.jpg"></icon><desc>Een man denkt dat hij blijvend schade heeft opgelopen door een zwembad, Mike Tyson biedt een bloemenwinkel zijn hulp aan en Terrence wil Nicole Kidman helpen haar angst voor vlinders te overwinnen.</desc><category></category></programme><programme channel="141429058" start="20221231152000 +0000" stop="20221231154500 +0000" catchup-id="1312563695"><title>Crank Yankers</title><date></date><icon src="https://t-mobiletv.nl:443/CPS/images/universal/film/program/202212/20221224/83/20221224020105517o0q.jpg"></icon><desc>Broers willen een sensueel bagelassortiment voor een bar mitswa; Bill Maher, Jeff Goldblum en Caitlyn Jenner bellen een elektronicazaak voor hun realityserie en een man wil op zijn nummer gezet worden.</desc><category></category></programme><programme channel="141429058" start="20221231154500 +0000" stop="20221231161000 +0000" catchup-id="1312563701"><title>Awkwafina Is Nora from Queens</title><date></date><icon src="https://t-mobiletv.nl:443/CPS/images/universal/film/program/202212/20221224/14/20221224020105517qde.jpg"></icon><desc>Nora krijgt een nieuwe kijk op het leven, terwijl oma wordt verrast bij de dokterspraktijk.</desc><category></category></programme><programme channel="141429058" start="20221231161000 +0000" stop="20221231163500 +0000" catchup-id="1312563707"><title>Awkwafina Is Nora from Queens</title><date></date><icon src="https://t-mobiletv.nl:443/CPS/images/universal/film/program/202212/20221224/89/202212240201055174zc.jpg"></icon><desc>Nora moet naar de spoedeisende hulp vanwege een mysterieuze uitslag en wordt wakker in 2003.</desc><category></category></programme><programme channel="141429058" start="20221231163500 +0000" stop="20221231170000 +0000" catchup-id="1312563713"><title>Awkwafina Is Nora from Queens</title><date></date><icon src="https://t-mobiletv.nl:443/CPS/images/universal/film/program/202212/20221224/20/20221224020105517np7.jpg"></icon><desc>Nora en haar oude vrienden proberen hun glorietijd van de middelbare school te herbeleven, maar New York is veranderd.</desc><category></category></programme><programme channel="141429058" start="20221231170000 +0000" stop="20221231172500 +0000" catchup-id="1312563719"><title>Awkwafina Is Nora from Queens</title><date></date><icon src="https://t-mobiletv.nl:443/CPS/images/universal/film/program/202212/20221224/42/20221224020105517fzl.jpg"></icon><desc>Edmund werft Nora om hem te helpen met z'n nieuwe carrièrepad en Wally ontdekt dat Brenda op een dating-app zit.</desc><category></category></programme><programme channel="141429058" start="20221231172500 +0000" stop="20221231175000 +0000" catchup-id="1312563725"><title>Awkwafina Is Nora from Queens</title><date></date><icon src="https://t-mobiletv.nl:443/CPS/images/universal/film/program/202212/20221224/27/20221224020105517yno.jpg"></icon><desc>Oma's team probeert een telefoonfraudeur te pakken en Nora brengt corruptie bij de CBD-winkel aan het licht.</desc><category></category></programme><programme channel="141429058" start="20221231175000 +0000" stop="20221231181000 +0000" catchup-id="1312563731"><title>Awkwafina Is Nora from Queens</title><date></date><icon src="https://t-mobiletv.nl:443/CPS/images/universal/film/program/202212/20221224/45/202212240201055177io.jpg"></icon><desc>Nora ontmoet Brenda voor het eerst en ze gaan een weekendje weg met Wally... en Nora's denkbeeldige vriend Toeknee.</desc><category></category></programme><programme channel="141429058" start="20221231181000 +0000" stop="20221231183500 +0000" catchup-id="1312563737"><title>Awkwafina Is Nora from Queens</title><date></date><icon src="https://t-mobiletv.nl:443/CPS/images/universal/film/program/202212/20221224/2/20221224020105517bu0.jpg"></icon><desc>Tijdens een stroomstoring vertellen Wally, Doug en Nora elkaar gênante verhalen over hun jeugd, seksblunders en slechte ervaringen met drugs. Ook ontdekt Nora iets nieuws over haar moeder.</desc><category></category></programme><programme channel="141429058" start="20221231183500 +0000" stop="20221231190000 +0000" catchup-id="1312563743"><title>Awkwafina Is Nora from Queens</title><date></date><icon src="https://t-mobiletv.nl:443/CPS/images/universal/film/program/202212/20221224/5/202212240201055180iv.jpg"></icon><desc>Nora wordt onbedoeld actrice, Wally heeft een openbaring nadat hij vrienden van vroeger tegenkomt, en Edmund besluit z'n dromen na te jagen.</desc><category></category></programme><programme channel="141429058" start="20221231190000 +0000" stop="20221231192500 +0000" catchup-id="1312563749"><title>Broad City</title><date></date><icon src="https://t-mobiletv.nl:443/CPS/images/universal/film/program/202212/20221224/27/202212240201055185ua.jpg"></icon><desc>Ilana krijgt een nieuwe kans bij Deals, Deals, Deals en Abbi probeert zich in te houden tijdens de Soulstice Games Day.</desc><category></category></programme><programme channel="141429058" start="20221231192500 +0000" stop="20221231195000 +0000" catchup-id="1312563755"><title>Broad City</title><date></date><icon src="https://t-mobiletv.nl:443/CPS/images/universal/film/program/202212/20221224/79/20221224020105518jag.jpg"></icon><desc>Als Jaime en Ilana een hoge rekening krijgen van een ongedierteverdelger, geven ze een feestje om de kosten terug te winnen. Abbi heeft een missie; nieuwe mensen ontmoeten.</desc><category></category></programme><programme channel="141429058" start="20221231195000 +0000" stop="20221231201000 +0000" catchup-id="1312563761"><title>Broad City</title><date></date><icon src="https://t-mobiletv.nl:443/CPS/images/universal/film/program/202212/20221224/72/202212240201055184os.jpg"></icon><desc>Ilana heeft haar roeping gevonden en Abbi moet naar de meest gevreesde plek ter wereld; het DMV.</desc><category></category></programme><programme channel="141429058" start="20221231201000 +0000" stop="20221231203500 +0000" catchup-id="1312563767"><title>Broad City</title><date></date><icon src="https://t-mobiletv.nl:443/CPS/images/universal/film/program/202212/20221224/12/202212240201055183j7.jpg"></icon><desc>Abbi en Ilana gaan naar Philadelphia waar Abbi is opgegroeid. Als Abbi erachter komt dat ze op school een grote fout heeft gemaakt, gaan zij en Ilana op pad om het goed te maken.</desc><category></category></programme><programme channel="141429058" start="20221231203500 +0000" stop="20221231210000 +0000" catchup-id="1312563773"><title>Broad City</title><date></date><icon src="https://t-mobiletv.nl:443/CPS/images/universal/film/program/202212/20221224/72/202212240201055181yy.jpg"></icon><desc>Abbi en Ilana zetten hun appartementen op B&amp;B-NYC om wat extra geld te verdienen.</desc><category></category></programme><programme channel="141429058" start="20221231210000 +0000" stop="20221231212500 +0000" catchup-id="1312563779"><title>Broad City</title><date></date><icon src="https://t-mobiletv.nl:443/CPS/images/universal/film/program/202212/20221224/9/20221224020105518upw.jpg"></icon><desc>Ilana's ouders komen naar de stad om te vieren dat ze 30 jaar getrouwd zijn. Abbi en Ilana vinden het echter moeilijk om mee te feesten, omdat ze allebei relatieproblemen hebben.</desc><category></category></programme><programme channel="141429058" start="20221231212500 +0000" stop="20221231215000 +0000" catchup-id="1312563785"><title>Broad City</title><date></date><icon src="https://t-mobiletv.nl:443/CPS/images/universal/film/program/202212/20221224/26/20221224020105518oh1.jpg"></icon><desc>Abbi en Ilana gaan op reis, maar het is veel moeilijker dan verwacht om op het vliegveld te komen.</desc><category></category></programme><programme channel="141429058" start="20221231215000 +0000" stop="20221231221500 +0000" catchup-id="1312563791"><title>Broad City</title><date></date><icon src="https://t-mobiletv.nl:443/CPS/images/universal/film/program/202212/20221224/4/20221224020105518qox.jpg"></icon><desc>Als Abbi ongesteld wordt in het vliegtuig, doen Ilana en zij er alles aan om een tampon te vinden.</desc><category></category></programme><programme channel="141429058" start="20221231221500 +0000" stop="20221231224000 +0000" catchup-id="1312563797"><title>Broad City</title><date></date><icon src="https://t-mobiletv.nl:443/CPS/images/universal/film/program/202212/20221224/16/202212240201055189ag.jpg"></icon><desc>Op een lentedag in 2011 ontmoeten Abbi en Ilana elkaar voor het eerst.</desc><category></category></programme><programme channel="141429058" start="20221231224000 +0000" stop="20221231225500 +0000" catchup-id="1312563803"><title>Broad City</title><date></date><icon src="https://t-mobiletv.nl:443/CPS/images/universal/film/program/202212/20221224/21/20221224020105518n9f.jpg"></icon><desc>Abbi's korte bezoekje aan Soulstice wordt interessant als ze de trainingskans van haar leven krijgt. Ilana vindt werk bij een restaurant.</desc><category></category></programme><programme channel="141429058" start="20221231225500 +0000" stop="20221231232000 +0000" catchup-id="1312563809"><title>Inside Amy Schumer</title><date></date><icon src="https://t-mobiletv.nl:443/CPS/images/universal/film/program/202212/20221224/31/202212240201055181qa.jpg"></icon><desc>Amy zeilt naar India, flirt met een collega en gaat naar de wc om wat ruimte te maken.</desc><category></category></programme><programme channel="141429058" start="20221231232000 +0000" stop="20221231234500 +0000" catchup-id="1312563815"><title>Inside Amy Schumer</title><date></date><icon src="https://t-mobiletv.nl:443/CPS/images/universal/film/program/202212/20221224/87/20221224020105518x1p.jpg"></icon><desc>Amy verblijft in een luxe hotel, begint aan een waanzinnig dieet en krijgt therapie van supermodel Chrissy Teigen.</desc><category></category></programme><programme channel="141429058" start="20221231234500 +0000" stop="20230101000500 +0000" catchup-id="1312563821"><title>Inside Amy Schumer</title><date></date><icon src="https://t-mobiletv.nl:443/CPS/images/universal/film/program/202212/20221224/96/20221224020105518pn7.jpg"></icon><desc>Amy beoordeelt strippers, krijgt een grote filmrol en doet het met een goochelaar.</desc><category></category></programme><programme channel="141429058" start="20230101000500 +0000" stop="20230101003000 +0000" catchup-id="1312563827"><title>Inside Amy Schumer</title><date></date><icon src="https://t-mobiletv.nl:443/CPS/images/universal/film/program/202212/20221224/52/202212240201055183jd.jpg"></icon><desc>Amy heeft bezwaar tegen een bruiloft, maakt het uit met haar vriend en schreeuwt tegen een schildpad.</desc><category></category></programme><programme channel="141429058" start="20230101003000 +0000" stop="20230101005500 +0000" catchup-id="1312563833"><title>Inside Amy Schumer</title><date></date><icon src="https://t-mobiletv.nl:443/CPS/images/universal/film/program/202212/20221224/38/20221224020105518tuf.jpg"></icon><desc>Amy ontmoet een skelet, een paar seriemoordenaars en een vulgaire binnenhuisarchitect.</desc><category></category></programme><programme channel="141429058" start="20230101005500 +0000" stop="20230101011500 +0000" catchup-id="1312563839"><title>Inside Amy Schumer</title><date></date><icon src="https://t-mobiletv.nl:443/CPS/images/universal/film/program/202212/20221224/69/202212240201055196pe.jpg"></icon><desc>Amy bekijkt de zoekgeschiedenis van haar vriend, raakt kwijt wat haar een vrouw maakt en heeft een zenuwinzinking op televisie.</desc><category></category></programme><programme channel="141429058" start="20230101011500 +0000" stop="20230101013500 +0000" catchup-id="1312563845"><title>Inside Amy Schumer</title><date></date><icon src="https://t-mobiletv.nl:443/CPS/images/universal/film/program/202212/20221224/90/202212240201055193jd.jpg"></icon><desc>Amy woont een trouwerij, een begrafenis en een executie bij.</desc><category></category></programme><programme channel="141429058" start="20230101013500 +0000" stop="20230101015500 +0000" catchup-id="1312563851"><title>Inside Amy Schumer</title><date></date><icon src="https://t-mobiletv.nl:443/CPS/images/universal/film/program/202212/20221224/94/20221224020105519ygv.jpg"></icon><desc>Amy ontmoet de pers, maakt zich klaar voor seks en kijkt toe hoe haar vriend homo wordt.</desc><category></category></programme><programme channel="141429058" start="20230101015500 +0000" stop="20230101021500 +0000" catchup-id="1312563857"><title>Inside Amy Schumer</title><date></date><icon src="https://t-mobiletv.nl:443/CPS/images/universal/film/program/202212/20221224/21/202212240201055196r7.jpg"></icon><desc>Amy ontmoet haar heldinnen, probeert de pil te krijgen en legt uit waar haar poep vandaan komt.</desc><category></category></programme><programme channel="141429058" start="20230101021500 +0000" stop="20230101023500 +0000" catchup-id="1312563863"><title>Inside Amy Schumer</title><date></date><icon src="https://t-mobiletv.nl:443/CPS/images/universal/film/program/202212/20221224/86/20221224020105519c65.jpg"></icon><desc>Amy doet haar make-up af, gaat naar een stripclub en datet een rapper.</desc><category></category></programme><programme channel="141429058" start="20230101023500 +0000" stop="20230101025500 +0000" catchup-id="1312563869"><title>Inside Amy Schumer</title><date></date><icon src="https://t-mobiletv.nl:443/CPS/images/universal/film/program/202212/20221224/47/20221224020105519vpt.jpg"></icon><desc>Een mannelijke jury bepaalt Amy's lot.</desc><category></category></programme><programme channel="141429058" start="20230101025500 +0000" stop="20230101031500 +0000" catchup-id="1312563875"><title>Inside Amy Schumer</title><date></date><icon src="https://t-mobiletv.nl:443/CPS/images/universal/film/program/202212/20221224/88/20221224020105519tnq.jpg"></icon><desc>Amy neemt een pizzareclame op, interviewt een gigolo en biedt overal haar excuses voor aan.</desc><category></category></programme><programme channel="141429058" start="20230101031500 +0000" stop="20230101033500 +0000" catchup-id="1312563881"><title>Inside Amy Schumer</title><date></date><icon src="https://t-mobiletv.nl:443/CPS/images/universal/film/program/202212/20221224/90/20221224020105519s78.jpg"></icon><desc>Amy zit op een mechanische stier, steelt een creditcard en verdedigt Bill Cosby.</desc><category></category></programme><programme channel="141429058" start="20230101033500 +0000" stop="20230101035500 +0000" catchup-id="1312563887"><title>Inside Amy Schumer</title><date></date><icon src="https://t-mobiletv.nl:443/CPS/images/universal/film/program/202212/20221224/84/20221224020105519dl1.jpg"></icon><desc>Amy doet mee aan een Miss-verkiezing, geeft borstvoeding aan haar hond en geniet van haar nieuwe bladow.</desc><category></category></programme><programme channel="141429058" start="20230101035500 +0000" stop="20230101041500 +0000" catchup-id="1312563893"><title>Inside Amy Schumer</title><date></date><icon src="https://t-mobiletv.nl:443/CPS/images/universal/film/program/202212/20221224/43/202212240201055190he.jpg"></icon><desc>Amy krijgt een postorderbruidegom, leert mannen wat een emotioneel gevecht voor vrouwen inhoudt en stript voor honden.</desc><category></category></programme><programme channel="141429058" start="20230101041500 +0000" stop="20230101043500 +0000" catchup-id="1312563899"><title>Inside Amy Schumer</title><date></date><icon src="https://t-mobiletv.nl:443/CPS/images/universal/film/program/202212/20221224/43/20221224020105519lbd.jpg"></icon><desc>Amy is verliefd op haar barista, confronteert haar therapeute over haar moeder en wordt onthoofd.</desc><category></category></programme><programme channel="141429058" start="20230101043500 +0000" stop="20230101045700 +0000" catchup-id="1312917914"><title>Takeshi's Castle Thailand</title><date></date><icon src="https://t-mobiletv.nl:443/CPS/images/universal/film/program/202212/20221225/88/202212250201105109ok.jpg"></icon><desc>Een nieuwe groep kandidaten neem het op tegen de plakkerige Human Velcro en de zoemende Honeycomb om door te gaan naar de laatste aanval op het kasteel. Wie zal het halen en wie blijft steken in de modder?</desc><category></category></programme>