<programme channel="141429839" start="20221229180000 +0000" stop="20221229190000 +0000" catchup-id="1311773835"><title>Best Of 2022! The Boys</title><date></date><icon src="https://t-mobiletv.nl:443/CPS/images/universal/film/program/202212/20221222/17/20221222020115898leb.jpg"></icon><desc></desc><category></category></programme><programme channel="141429839" start="20221229190000 +0000" stop="20221229200000 +0000" catchup-id="1311773841"><title>Totally 10s!</title><date></date><icon src="https://t-mobiletv.nl:443/CPS/images/universal/film/program/202212/20221222/90/2022122202011589886a.jpg"></icon><desc></desc><category></category></programme><programme channel="141429839" start="20221229200000 +0000" stop="20221229230000 +0000" catchup-id="1311773847"><title>Worldwide Hits!</title><date></date><icon src="https://t-mobiletv.nl:443/CPS/images/universal/film/program/202212/20221222/84/20221222020115898i1r.jpg"></icon><desc></desc><category></category></programme><programme channel="141429839" start="20221229230000 +0000" stop="20221230000000 +0000" catchup-id="1311773853"><title>Best Of 2022! Most Played</title><date></date><icon src="https://t-mobiletv.nl:443/CPS/images/universal/film/program/202212/20221222/97/20221222020115898cp4.jpg"></icon><desc></desc><category></category></programme><programme channel="141429839" start="20221230000000 +0000" stop="20221230050000 +0000" catchup-id="1311773859"><title>Non-Stop Hits</title><date></date><icon src="https://t-mobiletv.nl:443/CPS/images/universal/film/program/202212/20221222/11/20221222020115898wk6.jpg"></icon><desc></desc><category></category></programme><programme channel="141429839" start="20221230050000 +0000" stop="20221230080000 +0000" catchup-id="1312172993"><title>Non-Stop Hits</title><date></date><icon src="https://t-mobiletv.nl:443/CPS/images/universal/film/program/202212/20221223/35/20221223020110520bz3.jpg"></icon><desc></desc><category></category></programme><programme channel="141429839" start="20221230080000 +0000" stop="20221230090000 +0000" catchup-id="1312172999"><title>Best Of 2022! Most Played</title><date></date><icon src="https://t-mobiletv.nl:443/CPS/images/universal/film/program/202212/20221223/6/20221223020110520hxe.jpg"></icon><desc></desc><category></category></programme><programme channel="141429839" start="20221230090000 +0000" stop="20221230100000 +0000" catchup-id="1312173005"><title>Worldwide Hits!</title><date></date><icon src="https://t-mobiletv.nl:443/CPS/images/universal/film/program/202212/20221223/43/20221223020110520bfy.jpg"></icon><desc></desc><category></category></programme><programme channel="141429839" start="20221230100000 +0000" stop="20221230130000 +0000" catchup-id="1312173011"><title>Totally 10s!</title><date></date><icon src="https://t-mobiletv.nl:443/CPS/images/universal/film/program/202212/20221223/99/202212230201105200p8.jpg"></icon><desc></desc><category></category></programme><programme channel="141429839" start="20221230130000 +0000" stop="20221230140000 +0000" catchup-id="1312173017"><title>Today's Top Hits</title><date></date><icon src="https://t-mobiletv.nl:443/CPS/images/universal/film/program/202212/20221223/45/20221223020110520mxi.jpg"></icon><desc></desc><category></category></programme><programme channel="141429839" start="20221230140000 +0000" stop="20221230160000 +0000" catchup-id="1312173023"><title>Totally 10s!</title><date></date><icon src="https://t-mobiletv.nl:443/CPS/images/universal/film/program/202212/20221223/68/20221223020110520qj6.jpg"></icon><desc></desc><category></category></programme><programme channel="141429839" start="20221230160000 +0000" stop="20221230180000 +0000" catchup-id="1312173029"><title>Worldwide Hits</title><date></date><icon src="https://t-mobiletv.nl:443/CPS/images/universal/film/program/202212/20221223/52/2022122302011052009i.jpg"></icon><desc></desc><category></category></programme><programme channel="141429839" start="20221230180000 +0000" stop="20221230190000 +0000" catchup-id="1312173035"><title>Today's Top Hits</title><date></date><icon src="https://t-mobiletv.nl:443/CPS/images/universal/film/program/202212/20221223/70/20221223020110520ct3.jpg"></icon><desc></desc><category></category></programme><programme channel="141429839" start="20221230190000 +0000" stop="20221230200000 +0000" catchup-id="1312173041"><title>Totally 10s!</title><date></date><icon src="https://t-mobiletv.nl:443/CPS/images/universal/film/program/202212/20221223/36/20221223020110520ler.jpg"></icon><desc></desc><category></category></programme><programme channel="141429839" start="20221230200000 +0000" stop="20221230230000 +0000" catchup-id="1312173047"><title>Best Of 2022! Party Hits Top 50</title><date></date><icon src="https://t-mobiletv.nl:443/CPS/images/universal/film/program/202212/20221223/61/20221223020110520maf.jpg"></icon><desc></desc><category></category></programme><programme channel="141429839" start="20221230230000 +0000" stop="20221231000000 +0000" catchup-id="1312173053"><title>Today's Top Hits</title><date></date><icon src="https://t-mobiletv.nl:443/CPS/images/universal/film/program/202212/20221223/35/202212230201105211w3.jpg"></icon><desc></desc><category></category></programme><programme channel="141429839" start="20221231000000 +0000" stop="20221231050000 +0000" catchup-id="1312173059"><title>Non-Stop Hits</title><date></date><icon src="https://t-mobiletv.nl:443/CPS/images/universal/film/program/202212/20221223/25/20221223020110521p0z.jpg"></icon><desc></desc><category></category></programme><programme channel="141429839" start="20221231050000 +0000" stop="20221231090000 +0000" catchup-id="1312575749"><title>Non-Stop Hits</title><date></date><icon src="https://t-mobiletv.nl:443/CPS/images/universal/film/program/202212/20221224/77/202212240201197142em.jpg"></icon><desc></desc><category></category></programme><programme channel="141429839" start="20221231090000 +0000" stop="20221231100000 +0000" catchup-id="1312575755"><title>Best Of 2022! Most Played</title><date></date><icon src="https://t-mobiletv.nl:443/CPS/images/universal/film/program/202212/20221224/52/202212240201197148mn.jpg"></icon><desc></desc><category></category></programme><programme channel="141429839" start="20221231100000 +0000" stop="20221231110000 +0000" catchup-id="1312575761"><title>Worldwide Hits!</title><date></date><icon src="https://t-mobiletv.nl:443/CPS/images/universal/film/program/202212/20221224/56/202212240201197148x4.jpg"></icon><desc></desc><category></category></programme><programme channel="141429839" start="20221231110000 +0000" stop="20221231130000 +0000" catchup-id="1312575767"><title>Totally 10s!</title><date></date><icon src="https://t-mobiletv.nl:443/CPS/images/universal/film/program/202212/20221224/58/20221224020119714va5.jpg"></icon><desc></desc><category></category></programme><programme channel="141429839" start="20221231130000 +0000" stop="20221231140000 +0000" catchup-id="1312575773"><title>Best Of 2022! Party Hits</title><date></date><icon src="https://t-mobiletv.nl:443/CPS/images/universal/film/program/202212/20221224/55/20221224020119714l52.jpg"></icon><desc></desc><category></category></programme><programme channel="141429839" start="20221231140000 +0000" stop="20221231150000 +0000" catchup-id="1312575779"><title>Weekend Hitlist</title><date></date><icon src="https://t-mobiletv.nl:443/CPS/images/universal/film/program/202212/20221224/4/20221224020119715rzz.jpg"></icon><desc></desc><category></category></programme><programme channel="141429839" start="20221231150000 +0000" stop="20221231170000 +0000" catchup-id="1312575849"><title>New Year's Party Hits!</title><date></date><icon src="https://t-mobiletv.nl:443/CPS/images/universal/film/program/202212/20221224/77/20221224020119715fo2.jpg"></icon><desc></desc><category></category></programme><programme channel="141429839" start="20221231170000 +0000" stop="20221231200000 +0000" catchup-id="1312575855"><title>Happy New Year From MTV Hits!</title><date></date><icon src="https://t-mobiletv.nl:443/CPS/images/universal/film/program/202212/20221224/83/202212240201197151of.jpg"></icon><desc></desc><category></category></programme><programme channel="141429839" start="20221231200000 +0000" stop="20230101010000 +0000" catchup-id="1312575861"><title>Happy New Year From MTV Hits!</title><date></date><icon src="https://t-mobiletv.nl:443/CPS/images/universal/film/program/202212/20221224/97/20221224020119715ytn.jpg"></icon><desc></desc><category></category></programme><programme channel="141429839" start="20230101010000 +0000" stop="20230101045900 +0000" catchup-id="1312575867"><title>Happy New Year From MTV Hits!</title><date></date><icon src="https://t-mobiletv.nl:443/CPS/images/universal/film/program/202212/20221224/67/20221224020119715csk.jpg"></icon><desc></desc><category></category></programme><programme channel="141429839" start="20230104050000 +0000" stop="20230104085933 +0000" catchup-id="1317033413"><title>Non-Stop Hits</title><date></date><icon src="https://t-mobiletv.nl:443/CPS/images/universal/film/program/202301/20230104/57/20230104210040564xmo.jpg"></icon><desc></desc><category></category></programme><programme channel="141429839" start="20230104085933 +0000" stop="20230104100755 +0000" catchup-id="1317033419"><title>MTV Top 20</title><date></date><icon src="https://t-mobiletv.nl:443/CPS/images/universal/film/program/202301/20230104/9/20230104210040564re4.jpg"></icon><desc></desc><category></category></programme><programme channel="141429839" start="20230104100755 +0000" stop="20230104130020 +0000" catchup-id="1317033425"><title>Totally 10s!</title><date></date><icon src="https://t-mobiletv.nl:443/CPS/images/universal/film/program/202301/20230104/89/20230104210040564aor.jpg"></icon><desc></desc><category></category></programme><programme channel="141429839" start="20230104130020 +0000" stop="20230104135928 +0000" catchup-id="1317033431"><title>Today's Top Hits</title><date></date><icon src="https://t-mobiletv.nl:443/CPS/images/universal/film/program/202301/20230104/45/2023010421004056566z.jpg"></icon><desc></desc><category></category></programme><programme channel="141429839" start="20230104135928 +0000" stop="20230104160004 +0000" catchup-id="1317033437"><title>Totally 10s!</title><date></date><icon src="https://t-mobiletv.nl:443/CPS/images/universal/film/program/202301/20230104/68/20230104210040565cq7.jpg"></icon><desc></desc><category></category></programme><programme channel="141429839" start="20230104160004 +0000" stop="20230104175932 +0000" catchup-id="1317033443"><title>Worldwide Hits</title><date></date><icon src="https://t-mobiletv.nl:443/CPS/images/universal/film/program/202301/20230104/50/20230104210040565nlk.jpg"></icon><desc></desc><category></category></programme><programme channel="141429839" start="20230104175932 +0000" stop="20230104185934 +0000" catchup-id="1317033449"><title>Justin Bieber: Greatest Hits</title><date></date><icon src="https://t-mobiletv.nl:443/CPS/images/universal/film/program/202301/20230104/82/20230104210040565zbg.jpg"></icon><desc></desc><category></category></programme><programme channel="141429839" start="20230104185934 +0000" stop="20230104195903 +0000" catchup-id="1317033455"><title>Totally 10s!</title><date></date><icon src="https://t-mobiletv.nl:443/CPS/images/universal/film/program/202301/20230104/4/20230104210040565vy7.jpg"></icon><desc></desc><category></category></programme><programme channel="141429839" start="20230104195903 +0000" stop="20230104225914 +0000" catchup-id="1317033461"><title>Worldwide Hits!</title><date></date><icon src="https://t-mobiletv.nl:443/CPS/images/universal/film/program/202301/20230104/16/202301042100405658aw.jpg"></icon><desc></desc><category></category></programme><programme channel="141429839" start="20230104225914 +0000" stop="20230105000737 +0000" catchup-id="1317033467"><title>MTV Top 20</title><date></date><icon src="https://t-mobiletv.nl:443/CPS/images/universal/film/program/202301/20230104/96/202301042100405652to.jpg"></icon><desc></desc><category></category></programme><programme channel="141429839" start="20230105000737 +0000" stop="20230105005100 +0000" catchup-id="1317033473"><title>Non-Stop Hits</title><date></date><icon src="https://t-mobiletv.nl:443/CPS/images/universal/film/program/202301/20230104/35/20230104210040565610.jpg"></icon><desc></desc><category></category></programme><programme channel="141429839" start="20230105005100 +0000" stop="20230105050000 +0000" catchup-id="1317319037"><title>Geen programma-informatie beschikbaar</title><date></date><icon src="https://t-mobiletv.nl:443/CPS/images/universal/film/program/202301/20230105/55/20230105090040519m9k.jpg"></icon><desc></desc><category></category></programme><programme channel="141429839" start="20230105050000 +0000" stop="20230105090000 +0000" catchup-id="1317033485"><title>Non-Stop Hits</title><date></date><icon src="https://t-mobiletv.nl:443/CPS/images/universal/film/program/202301/20230104/8/20230104210040565292.jpg"></icon><desc></desc><category></category></programme><programme channel="141429839" start="20230105090000 +0000" stop="20230105100000 +0000" catchup-id="1317033491"><title>Today's Top Hits</title><date></date><icon src="https://t-mobiletv.nl:443/CPS/images/universal/film/program/202301/20230104/30/20230104210040565est.jpg"></icon><desc></desc><category></category></programme><programme channel="141429839" start="20230105100000 +0000" stop="20230105130000 +0000" catchup-id="1317033497"><title>Totally 10s!</title><date></date><icon src="https://t-mobiletv.nl:443/CPS/images/universal/film/program/202301/20230104/23/20230104210040566hij.jpg"></icon><desc></desc><category></category></programme><programme channel="141429839" start="20230105130000 +0000" stop="20230105140000 +0000" catchup-id="1317033503"><title>Selena Gomez: Greatest Hits</title><date></date><icon src="https://t-mobiletv.nl:443/CPS/images/universal/film/program/202301/20230104/11/20230104210040566dmq.jpg"></icon><desc></desc><category></category></programme><programme channel="141429839" start="20230105140000 +0000" stop="20230105160000 +0000" catchup-id="1317033509"><title>Totally 10s!</title><date></date><icon src="https://t-mobiletv.nl:443/CPS/images/universal/film/program/202301/20230104/9/20230104210040566j28.jpg"></icon><desc></desc><category></category></programme><programme channel="141429839" start="20230105160000 +0000" stop="20230105180000 +0000" catchup-id="1317033515"><title>Worldwide Hits</title><date></date><icon src="https://t-mobiletv.nl:443/CPS/images/universal/film/program/202301/20230104/82/2023010421004056698j.jpg"></icon><desc></desc><category></category></programme><programme channel="141429839" start="20230105180000 +0000" stop="20230105190000 +0000" catchup-id="1317033521"><title>MTV Top 20</title><date></date><icon src="https://t-mobiletv.nl:443/CPS/images/universal/film/program/202301/20230104/6/20230104210040566xzx.jpg"></icon><desc></desc><category></category></programme><programme channel="141429839" start="20230105190000 +0000" stop="20230105200000 +0000" catchup-id="1317033527"><title>Totally 10s!</title><date></date><icon src="https://t-mobiletv.nl:443/CPS/images/universal/film/program/202301/20230104/26/20230104210040566sgj.jpg"></icon><desc></desc><category></category></programme><programme channel="141429839" start="20230105200000 +0000" stop="20230105230000 +0000" catchup-id="1317033533"><title>Worldwide Hits!</title><date></date><icon src="https://t-mobiletv.nl:443/CPS/images/universal/film/program/202301/20230104/42/20230104210040566w5g.jpg"></icon><desc></desc><category></category></programme><programme channel="141429839" start="20230105230000 +0000" stop="20230106000000 +0000" catchup-id="1317033539"><title>Justin Bieber: Greatest Hits</title><date></date><icon src="https://t-mobiletv.nl:443/CPS/images/universal/film/program/202301/20230104/72/2023010421004056670l.jpg"></icon><desc></desc><category></category></programme><programme channel="141429839" start="20230106000000 +0000" stop="20230106004400 +0000" catchup-id="1317033545"><title>Non-Stop Hits</title><date></date><icon src="https://t-mobiletv.nl:443/CPS/images/universal/film/program/202301/20230104/82/202301042100405662ci.jpg"></icon><desc></desc><category></category></programme><programme channel="141429839" start="20230106004400 +0000" stop="20230106050000 +0000" catchup-id="1317319043"><title>Geen programma-informatie beschikbaar</title><date></date><icon src="https://t-mobiletv.nl:443/CPS/images/universal/film/program/202301/20230105/41/20230105090040519mtw.jpg"></icon><desc></desc><category></category></programme><programme channel="141429839" start="20230106050000 +0000" stop="20230106080000 +0000" catchup-id="1317033557"><title>Non-Stop Hits</title><date></date><icon src="https://t-mobiletv.nl:443/CPS/images/universal/film/program/202301/20230104/71/202301042100405666qq.jpg"></icon><desc></desc><category></category></programme><programme channel="141429839" start="20230106080000 +0000" stop="20230106090000 +0000" catchup-id="1317033563"><title>MTV Top 20</title><date></date><icon src="https://t-mobiletv.nl:443/CPS/images/universal/film/program/202301/20230104/15/20230104210040567zt9.jpg"></icon><desc></desc><category></category></programme><programme channel="141429839" start="20230106090000 +0000" stop="20230106100000 +0000" catchup-id="1317033569"><title>Worldwide Hits!</title><date></date><icon src="https://t-mobiletv.nl:443/CPS/images/universal/film/program/202301/20230104/63/202301042100405679oh.jpg"></icon><desc></desc><category></category></programme><programme channel="141429839" start="20230106100000 +0000" stop="20230106130000 +0000" catchup-id="1317033575"><title>Totally 10s!</title><date></date><icon src="https://t-mobiletv.nl:443/CPS/images/universal/film/program/202301/20230104/28/20230104210040567844.jpg"></icon><desc></desc><category></category></programme><programme channel="141429839" start="20230106130000 +0000" stop="20230106140000 +0000" catchup-id="1317033581"><title>Today's Top Hits</title><date></date><icon src="https://t-mobiletv.nl:443/CPS/images/universal/film/program/202301/20230104/49/202301042100405670s9.jpg"></icon><desc></desc><category></category></programme><programme channel="141429839" start="20230106140000 +0000" stop="20230106160000 +0000" catchup-id="1317033587"><title>Totally 10s!</title><date></date><icon src="https://t-mobiletv.nl:443/CPS/images/universal/film/program/202301/20230104/95/20230104210040567rg6.jpg"></icon><desc></desc><category></category></programme><programme channel="141429839" start="20230106160000 +0000" stop="20230106180000 +0000" catchup-id="1317033593"><title>Worldwide Hits</title><date></date><icon src="https://t-mobiletv.nl:443/CPS/images/universal/film/program/202301/20230104/96/202301042100405671uv.jpg"></icon><desc></desc><category></category></programme><programme channel="141429839" start="20230106180000 +0000" stop="20230106190000 +0000" catchup-id="1317033599"><title>Today's Top Hits</title><date></date><icon src="https://t-mobiletv.nl:443/CPS/images/universal/film/program/202301/20230104/26/20230104210040567024.jpg"></icon><desc></desc><category></category></programme><programme channel="141429839" start="20230106190000 +0000" stop="20230106230000 +0000" catchup-id="1317033605"><title>Totally 10s!</title><date></date><icon src="https://t-mobiletv.nl:443/CPS/images/universal/film/program/202301/20230104/69/20230104210040567ayk.jpg"></icon><desc></desc><category></category></programme><programme channel="141429839" start="20230106230000 +0000" stop="20230107000000 +0000" catchup-id="1317033611"><title>Today's Top Hits</title><date></date><icon src="https://t-mobiletv.nl:443/CPS/images/universal/film/program/202301/20230104/36/20230104210040567xxv.jpg"></icon><desc></desc><category></category></programme><programme channel="141429839" start="20230107000000 +0000" stop="20230107004400 +0000" catchup-id="1317033617"><title>Non-Stop Hits</title><date></date><icon src="https://t-mobiletv.nl:443/CPS/images/universal/film/program/202301/20230104/9/20230104210040567r5x.jpg"></icon><desc></desc><category></category></programme><programme channel="141429839" start="20230107004400 +0000" stop="20230107050000 +0000" catchup-id="1317319049"><title>Geen programma-informatie beschikbaar</title><date></date><icon src="https://t-mobiletv.nl:443/CPS/images/universal/film/program/202301/20230105/43/20230105090040519xpw.jpg"></icon><desc></desc><category></category></programme><programme channel="141429839" start="20230107050000 +0000" stop="20230107090000 +0000" catchup-id="1317033629"><title>Non-Stop Hits</title><date></date><icon src="https://t-mobiletv.nl:443/CPS/images/universal/film/program/202301/20230104/66/202301042100405684bj.jpg"></icon><desc></desc><category></category></programme><programme channel="141429839" start="20230107090000 +0000" stop="20230107100000 +0000" catchup-id="1317033635"><title>MTV Top 20</title><date></date><icon src="https://t-mobiletv.nl:443/CPS/images/universal/film/program/202301/20230104/64/20230104210040568ar2.jpg"></icon><desc></desc><category></category></programme><programme channel="141429839" start="20230107100000 +0000" stop="20230107110000 +0000" catchup-id="1317033641"><title>Worldwide Hits!</title><date></date><icon src="https://t-mobiletv.nl:443/CPS/images/universal/film/program/202301/20230104/2/20230104210040568gwu.jpg"></icon><desc></desc><category></category></programme><programme channel="141429839" start="20230107110000 +0000" stop="20230107130000 +0000" catchup-id="1317033647"><title>Totally 10s!</title><date></date><icon src="https://t-mobiletv.nl:443/CPS/images/universal/film/program/202301/20230104/99/20230104210040568mpy.jpg"></icon><desc></desc><category></category></programme><programme channel="141429839" start="20230107130000 +0000" stop="20230107140000 +0000" catchup-id="1317033653"><title>Justin Bieber: Greatest Hits</title><date></date><icon src="https://t-mobiletv.nl:443/CPS/images/universal/film/program/202301/20230104/63/202301042100405683qu.jpg"></icon><desc></desc><category></category></programme><programme channel="141429839" start="20230107140000 +0000" stop="20230107180000 +0000" catchup-id="1317033659"><title>Weekend Hitlist</title><date></date><icon src="https://t-mobiletv.nl:443/CPS/images/universal/film/program/202301/20230104/40/20230104210040568plf.jpg"></icon><desc></desc><category></category></programme><programme channel="141429839" start="20230107180000 +0000" stop="20230107190000 +0000" catchup-id="1317033665"><title>Selena Gomez: Greatest Hits</title><date></date><icon src="https://t-mobiletv.nl:443/CPS/images/universal/film/program/202301/20230104/78/20230104210040568cfy.jpg"></icon><desc></desc><category></category></programme><programme channel="141429839" start="20230107190000 +0000" stop="20230108010000 +0000" catchup-id="1317033671"><title>Party Hits</title><date></date><icon src="https://t-mobiletv.nl:443/CPS/images/universal/film/program/202301/20230104/41/20230104210040568wsh.jpg"></icon><desc></desc><category></category></programme><programme channel="141429839" start="20230108010000 +0000" stop="20230108050000 +0000" catchup-id="1317033677"><title>Party Hits</title><date></date><icon src="https://t-mobiletv.nl:443/CPS/images/universal/film/program/202301/20230104/73/20230104210040568lo2.jpg"></icon><desc></desc><category></category></programme><programme channel="141429839" start="20230108050000 +0000" stop="20230108061000 +0000" catchup-id="1317033683"><title>MTV Top 20</title><date></date><icon src="https://t-mobiletv.nl:443/CPS/images/universal/film/program/202301/20230104/14/20230104210040568odd.jpg"></icon><desc></desc><category></category></programme><programme channel="141429839" start="20230108061000 +0000" stop="20230108090000 +0000" catchup-id="1317033689"><title>Non-Stop Hits</title><date></date><icon src="https://t-mobiletv.nl:443/CPS/images/universal/film/program/202301/20230104/70/20230104210040568op7.jpg"></icon><desc></desc><category></category></programme><programme channel="141429839" start="20230108090000 +0000" stop="20230108100000 +0000" catchup-id="1317033695"><title>Selena Gomez: Greatest Hits</title><date></date><icon src="https://t-mobiletv.nl:443/CPS/images/universal/film/program/202301/20230104/11/20230104210040568vnh.jpg"></icon><desc></desc><category></category></programme><programme channel="141429839" start="20230108100000 +0000" stop="20230108130000 +0000" catchup-id="1317033701"><title>Weekend Hitlist</title><date></date><icon src="https://t-mobiletv.nl:443/CPS/images/universal/film/program/202301/20230104/69/202301042100405693ap.jpg"></icon><desc></desc><category></category></programme><programme channel="141429839" start="20230108130000 +0000" stop="20230108170000 +0000" catchup-id="1317033707"><title>Today's Top Hits</title><date></date><icon src="https://t-mobiletv.nl:443/CPS/images/universal/film/program/202301/20230104/87/20230104210040569pvm.jpg"></icon><desc></desc><category></category></programme><programme channel="141429839" start="20230108170000 +0000" stop="20230108180000 +0000" catchup-id="1317033713"><title>Today's Top Hits</title><date></date><icon src="https://t-mobiletv.nl:443/CPS/images/universal/film/program/202301/20230104/21/20230104210040569q1y.jpg"></icon><desc></desc><category></category></programme><programme channel="141429839" start="20230108180000 +0000" stop="20230108220000 +0000" catchup-id="1317033719"><title>Worldwide Hits!</title><date></date><icon src="https://t-mobiletv.nl:443/CPS/images/universal/film/program/202301/20230104/14/20230104210040569cqc.jpg"></icon><desc></desc><category></category></programme><programme channel="141429839" start="20230108220000 +0000" stop="20230109050000 +0000" catchup-id="1317033725"><title>Non-Stop Hits</title><date></date><icon src="https://t-mobiletv.nl:443/CPS/images/universal/film/program/202301/20230104/86/2023010421004056965p.jpg"></icon><desc></desc><category></category></programme><programme channel="141429839" start="20230109050000 +0000" stop="20230109090000 +0000" catchup-id="1317033731"><title>Non-Stop Hits</title><date></date><icon src="https://t-mobiletv.nl:443/CPS/images/universal/film/program/202301/20230104/47/202301042100405695s4.jpg"></icon><desc></desc><category></category></programme><programme channel="141429839" start="20230109090000 +0000" stop="20230109100000 +0000" catchup-id="1317033737"><title>Today's Top Hits</title><date></date><icon src="https://t-mobiletv.nl:443/CPS/images/universal/film/program/202301/20230104/68/202301042100405697q9.jpg"></icon><desc></desc><category></category></programme><programme channel="141429839" start="20230109100000 +0000" stop="20230109130000 +0000" catchup-id="1317033743"><title>Totally 10s!</title><date></date><icon src="https://t-mobiletv.nl:443/CPS/images/universal/film/program/202301/20230104/25/20230104210040569bjn.jpg"></icon><desc></desc><category></category></programme><programme channel="141429839" start="20230109130000 +0000" stop="20230109140000 +0000" catchup-id="1317033749"><title>Taylor Swift: Greatest Hits</title><date></date><icon src="https://t-mobiletv.nl:443/CPS/images/universal/film/program/202301/20230104/4/20230104210040569enu.jpg"></icon><desc></desc><category></category></programme><programme channel="141429839" start="20230109140000 +0000" stop="20230109160000 +0000" catchup-id="1317033755"><title>Totally 10s!</title><date></date><icon src="https://t-mobiletv.nl:443/CPS/images/universal/film/program/202301/20230104/12/20230104210040569nah.jpg"></icon><desc></desc><category></category></programme><programme channel="141429839" start="20230109160000 +0000" stop="20230109180000 +0000" catchup-id="1317033761"><title>Worldwide Hits</title><date></date><icon src="https://t-mobiletv.nl:443/CPS/images/universal/film/program/202301/20230104/14/202301042100405694u7.jpg"></icon><desc></desc><category></category></programme><programme channel="141429839" start="20230109180000 +0000" stop="20230109190000 +0000" catchup-id="1317033767"><title>MTV Top 20</title><date></date><icon src="https://t-mobiletv.nl:443/CPS/images/universal/film/program/202301/20230104/86/20230104210040570mbd.jpg"></icon><desc></desc><category></category></programme><programme channel="141429839" start="20230109190000 +0000" stop="20230109200000 +0000" catchup-id="1317033773"><title>Totally 10s!</title><date></date><icon src="https://t-mobiletv.nl:443/CPS/images/universal/film/program/202301/20230104/43/20230104210040570x38.jpg"></icon><desc></desc><category></category></programme><programme channel="141429839" start="20230109200000 +0000" stop="20230109230000 +0000" catchup-id="1317033779"><title>Worldwide Hits!</title><date></date><icon src="https://t-mobiletv.nl:443/CPS/images/universal/film/program/202301/20230104/60/202301042100405704o7.jpg"></icon><desc></desc><category></category></programme><programme channel="141429839" start="20230109230000 +0000" stop="20230110000000 +0000" catchup-id="1317033785"><title>Ed Sheeran: Greatest Hits</title><date></date><icon src="https://t-mobiletv.nl:443/CPS/images/universal/film/program/202301/20230104/2/2023010421004057034x.jpg"></icon><desc></desc><category></category></programme><programme channel="141429839" start="20230110000000 +0000" stop="20230110050000 +0000" catchup-id="1317033791"><title>Non-Stop Hits</title><date></date><icon src="https://t-mobiletv.nl:443/CPS/images/universal/film/program/202301/20230104/17/20230104210040570a6d.jpg"></icon><desc></desc><category></category></programme><programme channel="141429839" start="20230110050000 +0000" stop="20230110090000 +0000" catchup-id="1317033797"><title>Non-Stop Hits</title><date></date><icon src="https://t-mobiletv.nl:443/CPS/images/universal/film/program/202301/20230104/47/20230104210040570uwq.jpg"></icon><desc></desc><category></category></programme><programme channel="141429839" start="20230110090000 +0000" stop="20230110100000 +0000" catchup-id="1317033803"><title>Ed Sheeran: Greatest Hits</title><date></date><icon src="https://t-mobiletv.nl:443/CPS/images/universal/film/program/202301/20230104/62/2023010421004057008y.jpg"></icon><desc></desc><category></category></programme><programme channel="141429839" start="20230110100000 +0000" stop="20230110130000 +0000" catchup-id="1317033809"><title>Totally 10s!</title><date></date><icon src="https://t-mobiletv.nl:443/CPS/images/universal/film/program/202301/20230104/23/202301042100405706rp.jpg"></icon><desc></desc><category></category></programme><programme channel="141429839" start="20230110130000 +0000" stop="20230110140000 +0000" catchup-id="1317033815"><title>MTV Top 20</title><date></date><icon src="https://t-mobiletv.nl:443/CPS/images/universal/film/program/202301/20230104/11/20230104210040570z9j.jpg"></icon><desc></desc><category></category></programme><programme channel="141429839" start="20230110140000 +0000" stop="20230110160000 +0000" catchup-id="1317033821"><title>Totally 10s!</title><date></date><icon src="https://t-mobiletv.nl:443/CPS/images/universal/film/program/202301/20230104/7/20230104210040570do5.jpg"></icon><desc></desc><category></category></programme><programme channel="141429839" start="20230110160000 +0000" stop="20230110180000 +0000" catchup-id="1317033827"><title>Worldwide Hits</title><date></date><icon src="https://t-mobiletv.nl:443/CPS/images/universal/film/program/202301/20230104/63/20230104210040571bns.jpg"></icon><desc></desc><category></category></programme><programme channel="141429839" start="20230110180000 +0000" stop="20230110190000 +0000" catchup-id="1317033833"><title>Today's Top Hits</title><date></date><icon src="https://t-mobiletv.nl:443/CPS/images/universal/film/program/202301/20230104/26/20230104210040571udh.jpg"></icon><desc></desc><category></category></programme><programme channel="141429839" start="20230110190000 +0000" stop="20230110200000 +0000" catchup-id="1317033839"><title>Totally 10s!</title><date></date><icon src="https://t-mobiletv.nl:443/CPS/images/universal/film/program/202301/20230104/47/20230104210040571tfx.jpg"></icon><desc></desc><category></category></programme><programme channel="141429839" start="20230110200000 +0000" stop="20230110230000 +0000" catchup-id="1317033845"><title>Worldwide Hits!</title><date></date><icon src="https://t-mobiletv.nl:443/CPS/images/universal/film/program/202301/20230104/1/20230104210040571bvz.jpg"></icon><desc></desc><category></category></programme><programme channel="141429839" start="20230110230000 +0000" stop="20230111000000 +0000" catchup-id="1317033851"><title>Today's Top Hits</title><date></date><icon src="https://t-mobiletv.nl:443/CPS/images/universal/film/program/202301/20230104/91/20230104210040571k0w.jpg"></icon><desc></desc><category></category></programme><programme channel="141429839" start="20230111000000 +0000" stop="20230111050000 +0000" catchup-id="1317033857"><title>Non-Stop Hits</title><date></date><icon src="https://t-mobiletv.nl:443/CPS/images/universal/film/program/202301/20230104/71/20230104210040571iia.jpg"></icon><desc></desc><category></category></programme><programme channel="141429839" start="20230111050000 +0000" stop="20230111090000 +0000" catchup-id="1317033863"><title>Non-Stop Hits</title><date></date><icon src="https://t-mobiletv.nl:443/CPS/images/universal/film/program/202301/20230104/98/2023010421004057197z.jpg"></icon><desc></desc><category></category></programme><programme channel="141429839" start="20230111090000 +0000" stop="20230111100000 +0000" catchup-id="1317033869"><title>MTV Top 20</title><date></date><icon src="https://t-mobiletv.nl:443/CPS/images/universal/film/program/202301/20230104/30/20230104210040571xrw.jpg"></icon><desc></desc><category></category></programme><programme channel="141429839" start="20230111100000 +0000" stop="20230111130000 +0000" catchup-id="1317033875"><title>Totally 10s!</title><date></date><icon src="https://t-mobiletv.nl:443/CPS/images/universal/film/program/202301/20230104/23/2023010421004057136i.jpg"></icon><desc></desc><category></category></programme><programme channel="141429839" start="20230111130000 +0000" stop="20230111140000 +0000" catchup-id="1317033881"><title>Today's Top Hits</title><date></date><icon src="https://t-mobiletv.nl:443/CPS/images/universal/film/program/202301/20230104/26/20230104210040571t3a.jpg"></icon><desc></desc><category></category></programme><programme channel="141429839" start="20230111140000 +0000" stop="20230111160000 +0000" catchup-id="1317033887"><title>Totally 10s!</title><date></date><icon src="https://t-mobiletv.nl:443/CPS/images/universal/film/program/202301/20230104/44/20230104210040571dg2.jpg"></icon><desc></desc><category></category></programme><programme channel="141429839" start="20230111160000 +0000" stop="20230111180000 +0000" catchup-id="1317033893"><title>Worldwide Hits</title><date></date><icon src="https://t-mobiletv.nl:443/CPS/images/universal/film/program/202301/20230104/1/20230104210040572bal.jpg"></icon><desc></desc><category></category></programme><programme channel="141429839" start="20230111180000 +0000" stop="20230111190000 +0000" catchup-id="1317033899"><title>Taylor Swift: Greatest Hits</title><date></date><icon src="https://t-mobiletv.nl:443/CPS/images/universal/film/program/202301/20230104/49/20230104210040572e65.jpg"></icon><desc></desc><category></category></programme><programme channel="141429839" start="20230111190000 +0000" stop="20230111200000 +0000" catchup-id="1317033905"><title>Totally 10s!</title><date></date><icon src="https://t-mobiletv.nl:443/CPS/images/universal/film/program/202301/20230104/13/202301042100405726xl.jpg"></icon><desc></desc><category></category></programme><programme channel="141429839" start="20230111200000 +0000" stop="20230111230000 +0000" catchup-id="1317033911"><title>Worldwide Hits!</title><date></date><icon src="https://t-mobiletv.nl:443/CPS/images/universal/film/program/202301/20230104/72/20230104210040572g88.jpg"></icon><desc></desc><category></category></programme><programme channel="141429839" start="20230111230000 +0000" stop="20230112000000 +0000" catchup-id="1317080564"><title>MTV Top 20</title><date></date><icon src="https://t-mobiletv.nl:443/CPS/images/universal/film/program/202301/20230105/52/20230105020130666e9y.jpg"></icon><desc></desc><category></category></programme><programme channel="141429839" start="20230112000000 +0000" stop="20230112050000 +0000" catchup-id="1317080570"><title>Non-Stop Hits</title><date></date><icon src="https://t-mobiletv.nl:443/CPS/images/universal/film/program/202301/20230105/86/20230105020130666f18.jpg"></icon><desc></desc><category></category></programme><programme channel="141429839" start="20230112050000 +0000" stop="20230112090000 +0000" catchup-id="1317080576"><title>Non-Stop Hits</title><date></date><icon src="https://t-mobiletv.nl:443/CPS/images/universal/film/program/202301/20230105/88/202301050201306668ty.jpg"></icon><desc></desc><category></category></programme><programme channel="141429839" start="20230112090000 +0000" stop="20230112100000 +0000" catchup-id="1317080582"><title>Today's Top Hits</title><date></date><icon src="https://t-mobiletv.nl:443/CPS/images/universal/film/program/202301/20230105/46/20230105020130667whh.jpg"></icon><desc></desc><category></category></programme><programme channel="141429839" start="20230112100000 +0000" stop="20230112130000 +0000" catchup-id="1317080588"><title>Totally 10s!</title><date></date><icon src="https://t-mobiletv.nl:443/CPS/images/universal/film/program/202301/20230105/64/20230105020130667l1r.jpg"></icon><desc></desc><category></category></programme><programme channel="141429839" start="20230112130000 +0000" stop="20230112140000 +0000" catchup-id="1317080594"><title>Ed Sheeran: Greatest Hits</title><date></date><icon src="https://t-mobiletv.nl:443/CPS/images/universal/film/program/202301/20230105/3/202301050201306675oa.jpg"></icon><desc></desc><category></category></programme><programme channel="141429839" start="20230112140000 +0000" stop="20230112160000 +0000" catchup-id="1317080600"><title>Totally 10s!</title><date></date><icon src="https://t-mobiletv.nl:443/CPS/images/universal/film/program/202301/20230105/21/20230105020130667xhi.jpg"></icon><desc></desc><category></category></programme><programme channel="141429839" start="20230112160000 +0000" stop="20230112180000 +0000" catchup-id="1317080606"><title>Worldwide Hits</title><date></date><icon src="https://t-mobiletv.nl:443/CPS/images/universal/film/program/202301/20230105/12/20230105020130667kty.jpg"></icon><desc></desc><category></category></programme>