<programme channel="141430573" start="20221229050100 +0000" stop="20221229052500 +0000" catchup-id="1311757432"><title>Centovetrine Xii</title><date></date><icon src=""></icon><desc></desc><category></category></programme><programme channel="141430573" start="20221229052500 +0000" stop="20221229055000 +0000" catchup-id="1311757438"><title>Love Me Licia</title><date></date><icon src=""></icon><desc></desc><category></category></programme><programme channel="141430573" start="20221229055000 +0000" stop="20221229073000 +0000" catchup-id="1311757444"><title>Mattino Cinque News</title><date></date><icon src=""></icon><desc></desc><category></category></programme><programme channel="141430573" start="20221229073000 +0000" stop="20221229075500 +0000" catchup-id="1311757450"><title>Don Luca Ii</title><date></date><icon src=""></icon><desc></desc><category></category></programme><programme channel="141430573" start="20221229075500 +0000" stop="20221229092000 +0000" catchup-id="1311757456"><title>Forum</title><date></date><icon src=""></icon><desc></desc><category></category></programme><programme channel="141430573" start="20221229092000 +0000" stop="20221229102500 +0000" catchup-id="1311757462"><title>Lo Sportello Di Forum '22-'23 Il Meglio Di Inverno</title><date></date><icon src=""></icon><desc></desc><category></category></programme><programme channel="141430573" start="20221229102500 +0000" stop="20221229111300 +0000" catchup-id="1311757468"><title>Grande Fratello Vip '22-'23 (live) -</title><date></date><icon src=""></icon><desc></desc><category></category></programme><programme channel="141430573" start="20221229111300 +0000" stop="20221229120200 +0000" catchup-id="1311757474"><title>Controcorrente</title><date></date><icon src=""></icon><desc></desc><category></category></programme><programme channel="141430573" start="20221229120200 +0000" stop="20221229120500 +0000" catchup-id="1311757480"><title>Le Ricette Delle Feste Di Giallo Zafferano '19</title><date></date><icon src=""></icon><desc></desc><category></category></programme><programme channel="141430573" start="20221229120500 +0000" stop="20221229125100 +0000" catchup-id="1311757550"><title>Ricette All'italiana '18 - Autunno</title><date></date><icon src=""></icon><desc></desc><category></category></programme><programme channel="141430573" start="20221229125100 +0000" stop="20221229130000 +0000" catchup-id="1311757556"><title>Cotto E Mangiato - Il Menu Del Giorno '20 - 21</title><date></date><icon src=""></icon><desc></desc><category></category></programme><programme channel="141430573" start="20221229130000 +0000" stop="20221229133500 +0000" catchup-id="1311757562"><title>Tg5</title><date></date><icon src=""></icon><desc></desc><category></category></programme><programme channel="141430573" start="20221229133500 +0000" stop="20221229144000 +0000" catchup-id="1311757568"><title>Distretto Di Polizia 4</title><date></date><icon src=""></icon><desc></desc><category></category></programme><programme channel="141430573" start="20221229144000 +0000" stop="20221229162000 +0000" catchup-id="1311757574"><title>Mattino Cinque News</title><date></date><icon src=""></icon><desc></desc><category></category></programme><programme channel="141430573" start="20221229162000 +0000" stop="20221229175300 +0000" catchup-id="1311757580"><title>Fantaghiro' 3</title><date></date><icon src=""></icon><desc></desc><category></category></programme><programme channel="141430573" start="20221229175300 +0000" stop="20221229184400 +0000" catchup-id="1311757586"><title>Caduta Libera</title><date></date><icon src=""></icon><desc></desc><category></category></programme><programme channel="141430573" start="20221229184400 +0000" stop="20221229191300 +0000" catchup-id="1311757592"><title>Sport Mediaset '22 - (i1)</title><date></date><icon src=""></icon><desc></desc><category></category></programme><programme channel="141430573" start="20221229191300 +0000" stop="20221229194500 +0000" catchup-id="1311757598"><title>Bim Bum Bam '94-95 (buon Natale)</title><date></date><icon src=""></icon><desc></desc><category></category></programme><programme channel="141430573" start="20221229194500 +0000" stop="20221229200000 +0000" catchup-id="1311757604"><title>Grande Fratello Vip '22-'23 (live) -</title><date></date><icon src=""></icon><desc></desc><category></category></programme><programme channel="141430573" start="20221229200000 +0000" stop="20221229203500 +0000" catchup-id="1311757610"><title>Tg5</title><date></date><icon src=""></icon><desc></desc><category></category></programme><programme channel="141430573" start="20221229203500 +0000" stop="20221229223600 +0000" catchup-id="1311757616"><title>Big Show '17 - Pucci</title><date></date><icon src=""></icon><desc></desc><category></category></programme><programme channel="141430573" start="20221229223600 +0000" stop="20221229230600 +0000" catchup-id="1311757622"><title>Striscia La Notizia</title><date></date><icon src=""></icon><desc></desc><category></category></programme><programme channel="141430573" start="20221229230600 +0000" stop="20221230020200 +0000" catchup-id="1311757628"><title>Controcorrente Prima Serata</title><date></date><icon src=""></icon><desc></desc><category></category></programme><programme channel="141430573" start="20221230020200 +0000" stop="20221230025200 +0000" catchup-id="1311757634"><title>Controcorrente</title><date></date><icon src=""></icon><desc></desc><category></category></programme><programme channel="141430573" start="20221230025200 +0000" stop="20221230034300 +0000" catchup-id="1311757640"><title>Caduta Libera</title><date></date><icon src=""></icon><desc></desc><category></category></programme><programme channel="141430573" start="20221230034300 +0000" stop="20221230040800 +0000" catchup-id="1311757646"><title>Don Luca Ii</title><date></date><icon src=""></icon><desc></desc><category></category></programme><programme channel="141430573" start="20221230040800 +0000" stop="20221230050100 +0000" catchup-id="1311757652"><title>Zig Zag '84-85 - Hc</title><date></date><icon src=""></icon><desc></desc><category></category></programme><programme channel="141430573" start="20221230050100 +0000" stop="20221230052500 +0000" catchup-id="1312169013"><title>Centovetrine Xii</title><date></date><icon src=""></icon><desc></desc><category></category></programme><programme channel="141430573" start="20221230052500 +0000" stop="20221230055000 +0000" catchup-id="1312169019"><title>Io E La Mamma Ii</title><date></date><icon src=""></icon><desc></desc><category></category></programme><programme channel="141430573" start="20221230055000 +0000" stop="20221230073000 +0000" catchup-id="1312169025"><title>Mattino Cinque News</title><date></date><icon src=""></icon><desc></desc><category></category></programme><programme channel="141430573" start="20221230073000 +0000" stop="20221230075500 +0000" catchup-id="1312169031"><title>Don Luca Ii</title><date></date><icon src=""></icon><desc></desc><category></category></programme><programme channel="141430573" start="20221230075500 +0000" stop="20221230092000 +0000" catchup-id="1312169037"><title>Forum</title><date></date><icon src=""></icon><desc></desc><category></category></programme><programme channel="141430573" start="20221230092000 +0000" stop="20221230102500 +0000" catchup-id="1312169043"><title>Lo Sportello Di Forum '22-'23 Il Meglio Di Inverno</title><date></date><icon src=""></icon><desc></desc><category></category></programme><programme channel="141430573" start="20221230102500 +0000" stop="20221230111300 +0000" catchup-id="1312169049"><title>Grande Fratello Vip '22-'23 (live) -</title><date></date><icon src=""></icon><desc></desc><category></category></programme><programme channel="141430573" start="20221230111300 +0000" stop="20221230120200 +0000" catchup-id="1312169055"><title>Controcorrente</title><date></date><icon src=""></icon><desc></desc><category></category></programme><programme channel="141430573" start="20221230120200 +0000" stop="20221230120500 +0000" catchup-id="1312169061"><title>Le Ricette Delle Feste Di Giallo Zafferano '19</title><date></date><icon src=""></icon><desc></desc><category></category></programme><programme channel="141430573" start="20221230120500 +0000" stop="20221230125100 +0000" catchup-id="1312171563"><title>Ricette All'italiana '18 - Autunno</title><date></date><icon src=""></icon><desc></desc><category></category></programme><programme channel="141430573" start="20221230125100 +0000" stop="20221230130000 +0000" catchup-id="1312171569"><title>Cotto E Mangiato - Il Menu Del Giorno '20 - 21</title><date></date><icon src=""></icon><desc></desc><category></category></programme><programme channel="141430573" start="20221230130000 +0000" stop="20221230133500 +0000" catchup-id="1312171575"><title>Tg5</title><date></date><icon src=""></icon><desc></desc><category></category></programme><programme channel="141430573" start="20221230133500 +0000" stop="20221230144000 +0000" catchup-id="1312171581"><title>Distretto Di Polizia 4</title><date></date><icon src=""></icon><desc></desc><category></category></programme><programme channel="141430573" start="20221230144000 +0000" stop="20221230162000 +0000" catchup-id="1312171587"><title>Mattino Cinque News</title><date></date><icon src=""></icon><desc></desc><category></category></programme><programme channel="141430573" start="20221230162000 +0000" stop="20221230175300 +0000" catchup-id="1312171593"><title>Fantaghiro' 4</title><date></date><icon src=""></icon><desc></desc><category></category></programme><programme channel="141430573" start="20221230175300 +0000" stop="20221230184400 +0000" catchup-id="1312171599"><title>Caduta Libera</title><date></date><icon src=""></icon><desc></desc><category></category></programme><programme channel="141430573" start="20221230184400 +0000" stop="20221230191300 +0000" catchup-id="1312171605"><title>Sport Mediaset '22 - (i1)</title><date></date><icon src=""></icon><desc></desc><category></category></programme><programme channel="141430573" start="20221230191300 +0000" stop="20221230194500 +0000" catchup-id="1312171611"><title>Bim Bum Bam '94-95 (buon Natale)</title><date></date><icon src=""></icon><desc></desc><category></category></programme><programme channel="141430573" start="20221230194500 +0000" stop="20221230200000 +0000" catchup-id="1312171617"><title>Grande Fratello Vip '22-'23 (live) -</title><date></date><icon src=""></icon><desc></desc><category></category></programme><programme channel="141430573" start="20221230200000 +0000" stop="20221230203500 +0000" catchup-id="1312171623"><title>Tg5</title><date></date><icon src=""></icon><desc></desc><category></category></programme><programme channel="141430573" start="20221230203500 +0000" stop="20221230224600 +0000" catchup-id="1312171629"><title>Scherzi A Parte '22</title><date></date><icon src=""></icon><desc></desc><category></category></programme><programme channel="141430573" start="20221230224600 +0000" stop="20221230231700 +0000" catchup-id="1312171635"><title>Striscia La Notizia</title><date></date><icon src=""></icon><desc></desc><category></category></programme><programme channel="141430573" start="20221230231700 +0000" stop="20221231005700 +0000" catchup-id="1312171641"><title>Maurizio Costanzo Show '22 Aut.</title><date></date><icon src=""></icon><desc></desc><category></category></programme><programme channel="141430573" start="20221231005700 +0000" stop="20221231012600 +0000" catchup-id="1315583572"><title>Geen programma-informatie beschikbaar</title><date></date><icon src=""></icon><desc></desc><category></category></programme><programme channel="141430573" start="20221231012600 +0000" stop="20221231021200 +0000" catchup-id="1312171647"><title>Controcorrente</title><date></date><icon src=""></icon><desc></desc><category></category></programme><programme channel="141430573" start="20221231021200 +0000" stop="20221231030300 +0000" catchup-id="1312171653"><title>Caduta Libera</title><date></date><icon src=""></icon><desc></desc><category></category></programme><programme channel="141430573" start="20221231030300 +0000" stop="20221231040800 +0000" catchup-id="1312171659"><title>Lo Sportello Di Forum '22-'23 Il Meglio Di Inverno</title><date></date><icon src=""></icon><desc></desc><category></category></programme><programme channel="141430573" start="20221231040800 +0000" stop="20221231050100 +0000" catchup-id="1312171671"><title>Zig Zag '84-85 - Hc</title><date></date><icon src=""></icon><desc></desc><category></category></programme><programme channel="141430573" start="20221231050100 +0000" stop="20221231052600 +0000" catchup-id="1312551874"><title>Don Luca Ii</title><date></date><icon src=""></icon><desc></desc><category></category></programme><programme channel="141430573" start="20221231052600 +0000" stop="20221231055100 +0000" catchup-id="1312551880"><title>Don Luca Ii</title><date></date><icon src=""></icon><desc></desc><category></category></programme><programme channel="141430573" start="20221231055100 +0000" stop="20221231061600 +0000" catchup-id="1312551886"><title>Don Luca Ii</title><date></date><icon src=""></icon><desc></desc><category></category></programme><programme channel="141430573" start="20221231061600 +0000" stop="20221231064100 +0000" catchup-id="1312551892"><title>Don Luca Ii</title><date></date><icon src=""></icon><desc></desc><category></category></programme><programme channel="141430573" start="20221231064100 +0000" stop="20221231070600 +0000" catchup-id="1312551898"><title>Don Luca Ii</title><date></date><icon src=""></icon><desc></desc><category></category></programme><programme channel="141430573" start="20221231070600 +0000" stop="20221231084600 +0000" catchup-id="1312551904"><title>Baci E Abbracci</title><date></date><icon src=""></icon><desc></desc><category></category></programme><programme channel="141430573" start="20221231084600 +0000" stop="20221231090300 +0000" catchup-id="1312551910"><title>L'arca Di Noe'</title><date></date><icon src=""></icon><desc></desc><category></category></programme><programme channel="141430573" start="20221231090300 +0000" stop="20221231093900 +0000" catchup-id="1312551916"><title>Grande Fratello Vip '22-'23 (live) -</title><date></date><icon src=""></icon><desc></desc><category></category></programme><programme channel="141430573" start="20221231093900 +0000" stop="20221231112000 +0000" catchup-id="1312551922"><title>Onore E Il Rispetto - Parte Terza (l')</title><date></date><icon src=""></icon><desc></desc><category></category></programme><programme channel="141430573" start="20221231112000 +0000" stop="20221231114700 +0000" catchup-id="1312551928"><title>Melaverde '21 - Le Storie</title><date></date><icon src=""></icon><desc></desc><category></category></programme><programme channel="141430573" start="20221231114700 +0000" stop="20221231121000 +0000" catchup-id="1312551934"><title>Melaverde '21 - Le Storie</title><date></date><icon src=""></icon><desc></desc><category></category></programme><programme channel="141430573" start="20221231121000 +0000" stop="20221231130000 +0000" catchup-id="1312551940"><title>Controcorrente</title><date></date><icon src=""></icon><desc></desc><category></category></programme><programme channel="141430573" start="20221231130000 +0000" stop="20221231133500 +0000" catchup-id="1312551946"><title>Tg5</title><date></date><icon src=""></icon><desc></desc><category></category></programme><programme channel="141430573" start="20221231133500 +0000" stop="20221231151000 +0000" catchup-id="1312551952"><title>Anna E I Cinque</title><date></date><icon src=""></icon><desc></desc><category></category></programme><programme channel="141430573" start="20221231151000 +0000" stop="20221231155100 +0000" catchup-id="1312551964"><title>Senza Fine I</title><date></date><icon src=""></icon><desc></desc><category></category></programme><programme channel="141430573" start="20221231155100 +0000" stop="20221231180700 +0000" catchup-id="1312551976"><title>Maurizio Costanzo Show '22 Aut.</title><date></date><icon src=""></icon><desc></desc><category></category></programme><programme channel="141430573" start="20221231180700 +0000" stop="20221231185400 +0000" catchup-id="1312551982"><title>Dalla Parte Degli Animali 2022</title><date></date><icon src=""></icon><desc></desc><category></category></programme><programme channel="141430573" start="20221231185400 +0000" stop="20221231192800 +0000" catchup-id="1315455251"><title>Grande Fratello Vip '22-'23 (live) -</title><date></date><icon src=""></icon><desc></desc><category></category></programme><programme channel="141430573" start="20221231192800 +0000" stop="20221231195000 +0000" catchup-id="1315455257"><title>Messaggio Del Presidente Della Repubblica 2022</title><date></date><icon src=""></icon><desc></desc><category></category></programme><programme channel="141430573" start="20221231195000 +0000" stop="20230101005700 +0000" catchup-id="1312552006"><title>Capodanno In Musica</title><date></date><icon src=""></icon><desc></desc><category></category></programme><programme channel="141430573" start="20230101005700 +0000" stop="20230101021200 +0000" catchup-id="1312552012"><title>Toto' Sapore E La Magica Storia Della Pizza</title><date></date><icon src=""></icon><desc></desc><category></category></programme><programme channel="141430573" start="20230101021200 +0000" stop="20230101030200 +0000" catchup-id="1312552018"><title>Controcorrente</title><date></date><icon src=""></icon><desc></desc><category></category></programme><programme channel="141430573" start="20230101030200 +0000" stop="20230101035300 +0000" catchup-id="1312552024"><title>Caduta Libera</title><date></date><icon src=""></icon><desc></desc><category></category></programme><programme channel="141430573" start="20230101035300 +0000" stop="20230101040800 +0000" catchup-id="1312552030"><title>L'arca Di Noe'</title><date></date><icon src=""></icon><desc></desc><category></category></programme><programme channel="141430573" start="20230101040800 +0000" stop="20230101043600 +0000" catchup-id="1312552036"><title>Casa Vianello Xvi/ritorno A Casa Vianello X</title><date></date><icon src=""></icon><desc></desc><category></category></programme><programme channel="141430573" start="20230101043600 +0000" stop="20230101050100 +0000" catchup-id="1312913930"><title>Casa Vianello Xvi/ritorno A Casa Vianello X</title><date></date><icon src=""></icon><desc></desc><category></category></programme><programme channel="141430573" start="20230101050100 +0000" stop="20230101052500 +0000" catchup-id="1312913936"><title>Centovetrine Xii</title><date></date><icon src=""></icon><desc></desc><category></category></programme><programme channel="141430573" start="20230101052500 +0000" stop="20230101055200 +0000" catchup-id="1312913942"><title>Centovetrine Xii</title><date></date><icon src=""></icon><desc></desc><category></category></programme><programme channel="141430573" start="20230101055200 +0000" stop="20230101061800 +0000" catchup-id="1312913948"><title>Centovetrine Xii</title><date></date><icon src=""></icon><desc></desc><category></category></programme><programme channel="141430573" start="20230101061800 +0000" stop="20230101064400 +0000" catchup-id="1312913954"><title>Centovetrine Xii</title><date></date><icon src=""></icon><desc></desc><category></category></programme><programme channel="141430573" start="20230101064400 +0000" stop="20230101071100 +0000" catchup-id="1312913960"><title>Centovetrine Xii</title><date></date><icon src=""></icon><desc></desc><category></category></programme><programme channel="141430573" start="20230101071100 +0000" stop="20230101073700 +0000" catchup-id="1312913966"><title>Nonno Felice Iii</title><date></date><icon src=""></icon><desc></desc><category></category></programme><programme channel="141430573" start="20230101073700 +0000" stop="20230101081800 +0000" catchup-id="1312913972"><title>Non E' La Rai</title><date></date><icon src=""></icon><desc></desc><category></category></programme><programme channel="141430573" start="20230101081800 +0000" stop="20230101090100 +0000" catchup-id="1312913978"><title>Non E' La Rai</title><date></date><icon src=""></icon><desc></desc><category></category></programme><programme channel="141430573" start="20230101090100 +0000" stop="20230101095100 +0000" catchup-id="1313802684"><title>Melaverde '22</title><date></date><icon src=""></icon><desc></desc><category></category></programme><programme channel="141430573" start="20230101095100 +0000" stop="20230101110600 +0000" catchup-id="1312913990"><title>Toto' Sapore E La Magica Storia Della Pizza</title><date></date><icon src=""></icon><desc></desc><category></category></programme><programme channel="141430573" start="20230101110600 +0000" stop="20230101115700 +0000" catchup-id="1312913996"><title>Controcorrente</title><date></date><icon src=""></icon><desc></desc><category></category></programme><programme channel="141430573" start="20230101115700 +0000" stop="20230101130000 +0000" catchup-id="1312914002"><title>Grande Fratello Vip '22-'23 (live) -</title><date></date><icon src=""></icon><desc></desc><category></category></programme><programme channel="141430573" start="20230101130000 +0000" stop="20230101133500 +0000" catchup-id="1312914008"><title>Tg5</title><date></date><icon src=""></icon><desc></desc><category></category></programme><programme channel="141430573" start="20230101133500 +0000" stop="20230101153600 +0000" catchup-id="1312914014"><title>Verissimo Le Storie</title><date></date><icon src=""></icon><desc></desc><category></category></programme><programme channel="141430573" start="20230101153600 +0000" stop="20230101162800 +0000" catchup-id="1312914020"><title>Caduta Libera</title><date></date><icon src=""></icon><desc></desc><category></category></programme><programme channel="141430573" start="20230101162800 +0000" stop="20230101171600 +0000" catchup-id="1312914026"><title>Grande Fratello Vip '22-'23 (live) -</title><date></date><icon src=""></icon><desc></desc><category></category></programme><programme channel="141430573" start="20230101171600 +0000" stop="20230101185700 +0000" catchup-id="1312914032"><title>Il Primo Natale</title><date></date><icon src=""></icon><desc></desc><category></category></programme><programme channel="141430573" start="20230101185700 +0000" stop="20230101192800 +0000" catchup-id="1312914038"><title>Love Me Licia</title><date></date><icon src=""></icon><desc></desc><category></category></programme><programme channel="141430573" start="20230101192800 +0000" stop="20230101193400 +0000" catchup-id="1312914044"><title>My Name Is Pippo</title><date></date><icon src=""></icon><desc></desc><category></category></programme><programme channel="141430573" start="20230101193400 +0000" stop="20230101200000 +0000" catchup-id="1312914050"><title>Sarabanda '02-03</title><date></date><icon src=""></icon><desc></desc><category></category></programme><programme channel="141430573" start="20230101200000 +0000" stop="20230101203500 +0000" catchup-id="1312914056"><title>Tg5</title><date></date><icon src=""></icon><desc></desc><category></category></programme><programme channel="141430573" start="20230101203500 +0000" stop="20230101220600 +0000" catchup-id="1312914062"><title>Cosa Fai A Capodanno?</title><date></date><icon src=""></icon><desc></desc><category></category></programme><programme channel="141430573" start="20230101220600 +0000" stop="20230101221300 +0000" catchup-id="1312914068"><title>Il Controluce '17</title><date></date><icon src=""></icon><desc></desc><category></category></programme><programme channel="141430573" start="20230101221300 +0000" stop="20230102000500 +0000" catchup-id="1312914074"><title>Una Famiglia Perfetta (di P. Genovese)</title><date></date><icon src=""></icon><desc></desc><category></category></programme><programme channel="141430573" start="20230102000500 +0000" stop="20230102005600 +0000" catchup-id="1312914080"><title>Caduta Libera</title><date></date><icon src=""></icon><desc></desc><category></category></programme><programme channel="141430573" start="20230102005600 +0000" stop="20230102014800 +0000" catchup-id="1312914086"><title>Carabinieri</title><date></date><icon src=""></icon><desc></desc><category></category></programme><programme channel="141430573" start="20230102014800 +0000" stop="20230102020200 +0000" catchup-id="1312914092"><title>L'arca Di Noe'</title><date></date><icon src=""></icon><desc></desc><category></category></programme><programme channel="141430573" start="20230102020200 +0000" stop="20230102050100 +0000" catchup-id="1312914098"><title>Ieri E Oggi In Tv Special '16</title><date></date><icon src=""></icon><desc></desc><category></category></programme><programme channel="141430573" start="20230102050100 +0000" stop="20230102052500 +0000" catchup-id="1313249791"><title>Centovetrine Xii</title><date></date><icon src=""></icon><desc></desc><category></category></programme><programme channel="141430573" start="20230102052500 +0000" stop="20230102055000 +0000" catchup-id="1313249797"><title>Finalmente Soli 3</title><date></date><icon src=""></icon><desc></desc><category></category></programme><programme channel="141430573" start="20230102055000 +0000" stop="20230102073000 +0000" catchup-id="1313249803"><title>Mattino Cinque News</title><date></date><icon src=""></icon><desc></desc><category></category></programme><programme channel="141430573" start="20230102073000 +0000" stop="20230102075500 +0000" catchup-id="1313249809"><title>Don Luca Ii</title><date></date><icon src=""></icon><desc></desc><category></category></programme><programme channel="141430573" start="20230102075500 +0000" stop="20230102092000 +0000" catchup-id="1313249815"><title>Forum</title><date></date><icon src=""></icon><desc></desc><category></category></programme><programme channel="141430573" start="20230102092000 +0000" stop="20230102102500 +0000" catchup-id="1313249821"><title>Lo Sportello Di Forum '22-'23 Il Meglio Di Inverno</title><date></date><icon src=""></icon><desc></desc><category></category></programme><programme channel="141430573" start="20230102102500 +0000" stop="20230102120200 +0000" catchup-id="1313249827"><title>Grande Fratello Vip '22-'23 (live) -</title><date></date><icon src=""></icon><desc></desc><category></category></programme><programme channel="141430573" start="20230102120200 +0000" stop="20230102120500 +0000" catchup-id="1313251177"><title>Le Ricette Delle Feste Di Giallo Zafferano '19</title><date></date><icon src=""></icon><desc></desc><category></category></programme><programme channel="141430573" start="20230102120500 +0000" stop="20230102125100 +0000" catchup-id="1313251183"><title>Ricette All'italiana '18 - Autunno</title><date></date><icon src=""></icon><desc></desc><category></category></programme><programme channel="141430573" start="20230102125100 +0000" stop="20230102130000 +0000" catchup-id="1313251189"><title>Cotto E Mangiato - Il Menu Del Giorno '20 - 21</title><date></date><icon src=""></icon><desc></desc><category></category></programme><programme channel="141430573" start="20230102130000 +0000" stop="20230102133500 +0000" catchup-id="1313251195"><title>Tg5</title><date></date><icon src=""></icon><desc></desc><category></category></programme><programme channel="141430573" start="20230102133500 +0000" stop="20230102144000 +0000" catchup-id="1313251201"><title>Distretto Di Polizia 4</title><date></date><icon src=""></icon><desc></desc><category></category></programme><programme channel="141430573" start="20230102144000 +0000" stop="20230102162000 +0000" catchup-id="1313251207"><title>Mattino Cinque News</title><date></date><icon src=""></icon><desc></desc><category></category></programme><programme channel="141430573" start="20230102162000 +0000" stop="20230102175300 +0000" catchup-id="1313251213"><title>Fantaghiro' 4</title><date></date><icon src=""></icon><desc></desc><category></category></programme><programme channel="141430573" start="20230102175300 +0000" stop="20230102184400 +0000" catchup-id="1313251219"><title>Caduta Libera</title><date></date><icon src=""></icon><desc></desc><category></category></programme><programme channel="141430573" start="20230102184400 +0000" stop="20230102191300 +0000" catchup-id="1313251225"><title>Sport Mediaset '23 - (i1)</title><date></date><icon src=""></icon><desc></desc><category></category></programme><programme channel="141430573" start="20230102191300 +0000" stop="20230102194500 +0000" catchup-id="1313251231"><title>Bim Bum Bam '94-95 (buon Natale)</title><date></date><icon src=""></icon><desc></desc><category></category></programme><programme channel="141430573" start="20230102194500 +0000" stop="20230102200000 +0000" catchup-id="1313251237"><title>Grande Fratello Vip '22-'23 (live) -</title><date></date><icon src=""></icon><desc></desc><category></category></programme><programme channel="141430573" start="20230102200000 +0000" stop="20230102203600 +0000" catchup-id="1313251243"><title>Tg5</title><date></date><icon src=""></icon><desc></desc><category></category></programme><programme channel="141430573" start="20230102203600 +0000" stop="20230103002300 +0000" catchup-id="1313251249"><title>Grande Fratello Vip '22-'23</title><date></date><icon src=""></icon><desc></desc><category></category></programme><programme channel="141430573" start="20230103002300 +0000" stop="20230103004900 +0000" catchup-id="1316646523"><title>Geen programma-informatie beschikbaar</title><date></date><icon src=""></icon><desc></desc><category></category></programme><programme channel="141430573" start="20230103004900 +0000" stop="20230103010100 +0000" catchup-id="1316488926"><title>Grande Fratello Vip '22-'23</title><date></date><icon src=""></icon><desc></desc><category></category></programme><programme channel="141430573" start="20230103010100 +0000" stop="20230103013200 +0000" catchup-id="1313251261"><title>Striscia La Notizia</title><date></date><icon src=""></icon><desc></desc><category></category></programme><programme channel="141430573" start="20230103013200 +0000" stop="20230103022300 +0000" catchup-id="1313251267"><title>Confessione Reporter '22 - Autunno</title><date></date><icon src=""></icon><desc></desc><category></category></programme><programme channel="141430573" start="20230103022300 +0000" stop="20230103031600 +0000" catchup-id="1313251273"><title>Controcorrente</title><date></date><icon src=""></icon><desc></desc><category></category></programme><programme channel="141430573" start="20230103031600 +0000" stop="20230103040800 +0000" catchup-id="1313251279"><title>Caduta Libera</title><date></date><icon src=""></icon><desc></desc><category></category></programme><programme channel="141430573" start="20230103040800 +0000" stop="20230103050100 +0000" catchup-id="1313251291"><title>Zig Zag '84-85 - Hc</title><date></date><icon src=""></icon><desc></desc><category></category></programme><programme channel="141430573" start="20230103050100 +0000" stop="20230103052500 +0000" catchup-id="1313600174"><title>Centovetrine Xii</title><date></date><icon src=""></icon><desc></desc><category></category></programme><programme channel="141430573" start="20230103052500 +0000" stop="20230103055000 +0000" catchup-id="1313600180"><title>Il Mammo</title><date></date><icon src=""></icon><desc></desc><category></category></programme><programme channel="141430573" start="20230103055000 +0000" stop="20230103073000 +0000" catchup-id="1313600186"><title>Mattino Cinque News</title><date></date><icon src=""></icon><desc></desc><category></category></programme><programme channel="141430573" start="20230103073000 +0000" stop="20230103075500 +0000" catchup-id="1313600192"><title>Don Luca C'e'</title><date></date><icon src=""></icon><desc></desc><category></category></programme><programme channel="141430573" start="20230103075500 +0000" stop="20230103092000 +0000" catchup-id="1313600198"><title>Forum</title><date></date><icon src=""></icon><desc></desc><category></category></programme><programme channel="141430573" start="20230103092000 +0000" stop="20230103102500 +0000" catchup-id="1313600204"><title>Lo Sportello Di Forum '22-'23 Il Meglio Di Inverno</title><date></date><icon src=""></icon><desc></desc><category></category></programme><programme channel="141430573" start="20230103102500 +0000" stop="20230103111300 +0000" catchup-id="1313600210"><title>Grande Fratello Vip '22-'23 (live) -</title><date></date><icon src=""></icon><desc></desc><category></category></programme><programme channel="141430573" start="20230103111300 +0000" stop="20230103120200 +0000" catchup-id="1313600216"><title>Controcorrente '23</title><date></date><icon src=""></icon><desc></desc><category></category></programme><programme channel="141430573" start="20230103120200 +0000" stop="20230103120500 +0000" catchup-id="1313600222"><title>Le Ricette Delle Feste Di Giallo Zafferano '19</title><date></date><icon src=""></icon><desc></desc><category></category></programme><programme channel="141430573" start="20230103120500 +0000" stop="20230103125100 +0000" catchup-id="1313600228"><title>Ricette All'italiana '18 - Autunno</title><date></date><icon src=""></icon><desc></desc><category></category></programme><programme channel="141430573" start="20230103125100 +0000" stop="20230103130000 +0000" catchup-id="1313600362"><title>Cotto E Mangiato - Il Menu Del Giorno '20 - 21</title><date></date><icon src=""></icon><desc></desc><category></category></programme><programme channel="141430573" start="20230103130000 +0000" stop="20230103133500 +0000" catchup-id="1313600368"><title>Tg5</title><date></date><icon src=""></icon><desc></desc><category></category></programme><programme channel="141430573" start="20230103133500 +0000" stop="20230103144000 +0000" catchup-id="1313600374"><title>Distretto Di Polizia 4</title><date></date><icon src=""></icon><desc></desc><category></category></programme><programme channel="141430573" start="20230103144000 +0000" stop="20230103162000 +0000" catchup-id="1313600380"><title>Mattino Cinque News</title><date></date><icon src=""></icon><desc></desc><category></category></programme><programme channel="141430573" start="20230103162000 +0000" stop="20230103175300 +0000" catchup-id="1313600386"><title>Fantaghiro' 5 - Il Ritorno Di Fantaghiro'</title><date></date><icon src=""></icon><desc></desc><category></category></programme><programme channel="141430573" start="20230103175300 +0000" stop="20230103184400 +0000" catchup-id="1313600392"><title>Caduta Libera</title><date></date><icon src=""></icon><desc></desc><category></category></programme><programme channel="141430573" start="20230103184400 +0000" stop="20230103191300 +0000" catchup-id="1313600398"><title>Sport Mediaset '23 - (i1)</title><date></date><icon src=""></icon><desc></desc><category></category></programme><programme channel="141430573" start="20230103191300 +0000" stop="20230103194500 +0000" catchup-id="1313600404"><title>Bim Bum Bam '94-95 (buon Natale)</title><date></date><icon src=""></icon><desc></desc><category></category></programme><programme channel="141430573" start="20230103194500 +0000" stop="20230103200000 +0000" catchup-id="1313600410"><title>Grande Fratello Vip '22-'23 (live) -</title><date></date><icon src=""></icon><desc></desc><category></category></programme><programme channel="141430573" start="20230103200000 +0000" stop="20230103203500 +0000" catchup-id="1313600416"><title>Tg5</title><date></date><icon src=""></icon><desc></desc><category></category></programme><programme channel="141430573" start="20230103203500 +0000" stop="20230103230100 +0000" catchup-id="1313600422"><title>Tv Movie</title><date></date><icon src=""></icon><desc></desc><category></category></programme><programme channel="141430573" start="20230103230100 +0000" stop="20230103233200 +0000" catchup-id="1313600428"><title>Striscia La Notizia</title><date></date><icon src=""></icon><desc></desc><category></category></programme><programme channel="141430573" start="20230103233200 +0000" stop="20230104011200 +0000" catchup-id="1313600434"><title>Maurizio Costanzo Show '22 Aut.</title><date></date><icon src=""></icon><desc></desc><category></category></programme><programme channel="141430573" start="20230104011200 +0000" stop="20230104012600 +0000" catchup-id="1317045520"><title>Geen programma-informatie beschikbaar</title><date></date><icon src=""></icon><desc></desc><category></category></programme><programme channel="141430573" start="20230104012600 +0000" stop="20230104021900 +0000" catchup-id="1313600440"><title>Controcorrente</title><date></date><icon src=""></icon><desc></desc><category></category></programme><programme channel="141430573" start="20230104021900 +0000" stop="20230104031000 +0000" catchup-id="1313600446"><title>Caduta Libera</title><date></date><icon src=""></icon><desc></desc><category></category></programme><programme channel="141430573" start="20230104031000 +0000" stop="20230104035400 +0000" catchup-id="1313600452"><title>Music Line '17</title><date></date><icon src=""></icon><desc></desc><category></category></programme><programme channel="141430573" start="20230104035400 +0000" stop="20230104040200 +0000" catchup-id="1316903512"><title>Cotto E Mangiato - Il Menu Del Giorno '20 - 21</title><date></date><icon src=""></icon><desc></desc><category></category></programme><programme channel="141430573" start="20230104040200 +0000" stop="20230104040800 +0000" catchup-id="1316903518"><title>Ieri E Oggi In Tv '14</title><date></date><icon src=""></icon><desc></desc><category></category></programme><programme channel="141430573" start="20230104040800 +0000" stop="20230104050100 +0000" catchup-id="1313600464"><title>Zig Zag '84-85 - Hc</title><date></date><icon src=""></icon><desc></desc><category></category></programme><programme channel="141430573" start="20230104050100 +0000" stop="20230104052500 +0000" catchup-id="1313948663"><title>Centovetrine Xii</title><date></date><icon src=""></icon><desc></desc><category></category></programme><programme channel="141430573" start="20230104052500 +0000" stop="20230104055000 +0000" catchup-id="1313948669"><title>Io E La Mamma Ii</title><date></date><icon src=""></icon><desc></desc><category></category></programme><programme channel="141430573" start="20230104055000 +0000" stop="20230104073000 +0000" catchup-id="1313948675"><title>Mattino Cinque News</title><date></date><icon src=""></icon><desc></desc><category></category></programme><programme channel="141430573" start="20230104073000 +0000" stop="20230104075500 +0000" catchup-id="1313948681"><title>Don Luca C'e'</title><date></date><icon src=""></icon><desc></desc><category></category></programme><programme channel="141430573" start="20230104075500 +0000" stop="20230104092000 +0000" catchup-id="1313948687"><title>Forum</title><date></date><icon src=""></icon><desc></desc><category></category></programme><programme channel="141430573" start="20230104092000 +0000" stop="20230104102500 +0000" catchup-id="1313948693"><title>Lo Sportello Di Forum '22-'23 Il Meglio Di Inverno</title><date></date><icon src=""></icon><desc></desc><category></category></programme><programme channel="141430573" start="20230104102500 +0000" stop="20230104111300 +0000" catchup-id="1313948699"><title>Grande Fratello Vip '22-'23 (live) -</title><date></date><icon src=""></icon><desc></desc><category></category></programme><programme channel="141430573" start="20230104111300 +0000" stop="20230104120200 +0000" catchup-id="1313948705"><title>Controcorrente '23</title><date></date><icon src=""></icon><desc></desc><category></category></programme><programme channel="141430573" start="20230104120200 +0000" stop="20230104120500 +0000" catchup-id="1313948711"><title>Le Ricette Delle Feste Di Giallo Zafferano '19</title><date></date><icon src=""></icon><desc></desc><category></category></programme><programme channel="141430573" start="20230104120500 +0000" stop="20230104125100 +0000" catchup-id="1313948717"><title>Ricette All'italiana '18 - Autunno</title><date></date><icon src=""></icon><desc></desc><category></category></programme><programme channel="141430573" start="20230104125100 +0000" stop="20230104130000 +0000" catchup-id="1313948723"><title>Cotto E Mangiato - Il Menu Del Giorno '20 - 21</title><date></date><icon src=""></icon><desc></desc><category></category></programme><programme channel="141430573" start="20230104130000 +0000" stop="20230104133500 +0000" catchup-id="1313948729"><title>Tg5</title><date></date><icon src=""></icon><desc></desc><category></category></programme><programme channel="141430573" start="20230104133500 +0000" stop="20230104144000 +0000" catchup-id="1313948735"><title>Distretto Di Polizia 4</title><date></date><icon src=""></icon><desc></desc><category></category></programme><programme channel="141430573" start="20230104144000 +0000" stop="20230104162000 +0000" catchup-id="1313948741"><title>Mattino Cinque News</title><date></date><icon src=""></icon><desc></desc><category></category></programme><programme channel="141430573" start="20230104162000 +0000" stop="20230104175300 +0000" catchup-id="1313948747"><title>Fantaghiro' 5 - Il Ritorno Di Fantaghiro'</title><date></date><icon src=""></icon><desc></desc><category></category></programme><programme channel="141430573" start="20230104175300 +0000" stop="20230104184400 +0000" catchup-id="1313948753"><title>Caduta Libera</title><date></date><icon src=""></icon><desc></desc><category></category></programme><programme channel="141430573" start="20230104184400 +0000" stop="20230104191300 +0000" catchup-id="1313948759"><title>Sport Mediaset '23 - (i1)</title><date></date><icon src=""></icon><desc></desc><category></category></programme><programme channel="141430573" start="20230104191300 +0000" stop="20230104194500 +0000" catchup-id="1313948765"><title>Bim Bum Bam '94-95 (buon Natale)</title><date></date><icon src=""></icon><desc></desc><category></category></programme><programme channel="141430573" start="20230104194500 +0000" stop="20230104200000 +0000" catchup-id="1313948771"><title>Grande Fratello Vip '22-'23 (live) -</title><date></date><icon src=""></icon><desc></desc><category></category></programme><programme channel="141430573" start="20230104200000 +0000" stop="20230104203500 +0000" catchup-id="1313948777"><title>Tg5</title><date></date><icon src=""></icon><desc></desc><category></category></programme><programme channel="141430573" start="20230104203500 +0000" stop="20230104221100 +0000" catchup-id="1313948783"><title>A Natale Mi Sposo</title><date></date><icon src=""></icon><desc></desc><category></category></programme><programme channel="141430573" start="20230104221100 +0000" stop="20230104224100 +0000" catchup-id="1313948789"><title>Striscia La Notizia</title><date></date><icon src=""></icon><desc></desc><category></category></programme><programme channel="141430573" start="20230104224100 +0000" stop="20230105014200 +0000" catchup-id="1313948795"><title>Zona Bianca '23</title><date></date><icon src=""></icon><desc></desc><category></category></programme><programme channel="141430573" start="20230105014200 +0000" stop="20230105023500 +0000" catchup-id="1313948801"><title>Controcorrente</title><date></date><icon src=""></icon><desc></desc><category></category></programme><programme channel="141430573" start="20230105023500 +0000" stop="20230105032500 +0000" catchup-id="1313948807"><title>Caduta Libera</title><date></date><icon src=""></icon><desc></desc><category></category></programme><programme channel="141430573" start="20230105032500 +0000" stop="20230105040800 +0000" catchup-id="1313948813"><title>Music Line '17</title><date></date><icon src=""></icon><desc></desc><category></category></programme><programme channel="141430573" start="20230105040800 +0000" stop="20230105050100 +0000" catchup-id="1313948819"><title>Zig Zag '84-85 - Hc</title><date></date><icon src=""></icon><desc></desc><category></category></programme><programme channel="141430573" start="20230105050100 +0000" stop="20230105052500 +0000" catchup-id="1314386112"><title>Centovetrine Xii</title><date></date><icon src=""></icon><desc></desc><category></category></programme><programme channel="141430573" start="20230105052500 +0000" stop="20230105055000 +0000" catchup-id="1314386118"><title>I Caruso '03 - Sit Show A Little Italy</title><date></date><icon src=""></icon><desc></desc><category></category></programme><programme channel="141430573" start="20230105055000 +0000" stop="20230105073000 +0000" catchup-id="1314386124"><title>Mattino Cinque News</title><date></date><icon src=""></icon><desc></desc><category></category></programme><programme channel="141430573" start="20230105073000 +0000" stop="20230105075500 +0000" catchup-id="1314386130"><title>Don Luca C'e'</title><date></date><icon src=""></icon><desc></desc><category></category></programme><programme channel="141430573" start="20230105075500 +0000" stop="20230105092000 +0000" catchup-id="1314386136"><title>Forum</title><date></date><icon src=""></icon><desc></desc><category></category></programme><programme channel="141430573" start="20230105092000 +0000" stop="20230105102500 +0000" catchup-id="1314386142"><title>Lo Sportello Di Forum '22-'23 Il Meglio Di Inverno</title><date></date><icon src=""></icon><desc></desc><category></category></programme><programme channel="141430573" start="20230105102500 +0000" stop="20230105111300 +0000" catchup-id="1314386148"><title>Grande Fratello Vip '22-'23 (live) -</title><date></date><icon src=""></icon><desc></desc><category></category></programme><programme channel="141430573" start="20230105111300 +0000" stop="20230105120200 +0000" catchup-id="1314386154"><title>Controcorrente '23</title><date></date><icon src=""></icon><desc></desc><category></category></programme><programme channel="141430573" start="20230105120200 +0000" stop="20230105120500 +0000" catchup-id="1314386160"><title>Le Ricette Delle Feste Di Giallo Zafferano '19</title><date></date><icon src=""></icon><desc></desc><category></category></programme><programme channel="141430573" start="20230105120500 +0000" stop="20230105125100 +0000" catchup-id="1314386166"><title>Ricette All'italiana '18 - Autunno</title><date></date><icon src=""></icon><desc></desc><category></category></programme><programme channel="141430573" start="20230105125100 +0000" stop="20230105130000 +0000" catchup-id="1314386172"><title>Cotto E Mangiato - Il Menu Del Giorno '20 - 21</title><date></date><icon src=""></icon><desc></desc><category></category></programme><programme channel="141430573" start="20230105130000 +0000" stop="20230105133500 +0000" catchup-id="1314386178"><title>Tg5</title><date></date><icon src=""></icon><desc></desc><category></category></programme><programme channel="141430573" start="20230105133500 +0000" stop="20230105144000 +0000" catchup-id="1314386184"><title>Distretto Di Polizia 4</title><date></date><icon src=""></icon><desc></desc><category></category></programme><programme channel="141430573" start="20230105144000 +0000" stop="20230105161900 +0000" catchup-id="1314386190"><title>Mattino Cinque News</title><date></date><icon src=""></icon><desc></desc><category></category></programme><programme channel="141430573" start="20230105161900 +0000" stop="20230105173400 +0000" catchup-id="1317067064"><title>Geen programma-informatie beschikbaar</title><date></date><icon src=""></icon><desc></desc><category></category></programme><programme channel="141430573" start="20230105173400 +0000" stop="20230105182500 +0000" catchup-id="1314386202"><title>Caduta Libera</title><date></date><icon src=""></icon><desc></desc><category></category></programme><programme channel="141430573" start="20230105182500 +0000" stop="20230105185400 +0000" catchup-id="1314386208"><title>Sport Mediaset '23 - (i1)</title><date></date><icon src=""></icon><desc></desc><category></category></programme><programme channel="141430573" start="20230105185400 +0000" stop="20230105192600 +0000" catchup-id="1314386214"><title>Bim Bum Bam '94-95 (buon Natale)</title><date></date><icon src=""></icon><desc></desc><category></category></programme><programme channel="141430573" start="20230105192600 +0000" stop="20230105200000 +0000" catchup-id="1314386220"><title>Grande Fratello Vip '22-'23 (live) -</title><date></date><icon src=""></icon><desc></desc><category></category></programme><programme channel="141430573" start="20230105200000 +0000" stop="20230105203500 +0000" catchup-id="1314386226"><title>Tg5</title><date></date><icon src=""></icon><desc></desc><category></category></programme><programme channel="141430573" start="20230105203500 +0000" stop="20230105223600 +0000" catchup-id="1314386232"><title>Big Show '17 - Pucci</title><date></date><icon src=""></icon><desc></desc><category></category></programme><programme channel="141430573" start="20230105223600 +0000" stop="20230105230600 +0000" catchup-id="1314386238"><title>Striscia La Notizia</title><date></date><icon src=""></icon><desc></desc><category></category></programme><programme channel="141430573" start="20230105230600 +0000" stop="20230106020700 +0000" catchup-id="1314386244"><title>Controcorrente '23 - Prima Serata </title><date></date><icon src=""></icon><desc></desc><category></category></programme><programme channel="141430573" start="20230106020700 +0000" stop="20230106030000 +0000" catchup-id="1314386250"><title>Controcorrente</title><date></date><icon src=""></icon><desc></desc><category></category></programme><programme channel="141430573" start="20230106030000 +0000" stop="20230106035100 +0000" catchup-id="1314386256"><title>Caduta Libera</title><date></date><icon src=""></icon><desc></desc><category></category></programme><programme channel="141430573" start="20230106035100 +0000" stop="20230106035900 +0000" catchup-id="1314386262"><title>Cotto E Mangiato - Il Menu Del Giorno '20 - 21</title><date></date><icon src=""></icon><desc></desc><category></category></programme><programme channel="141430573" start="20230106035900 +0000" stop="20230106040800 +0000" catchup-id="1314386268"><title>Ieri E Oggi In Tv '14</title><date></date><icon src=""></icon><desc></desc><category></category></programme><programme channel="141430573" start="20230106040800 +0000" stop="20230106050100 +0000" catchup-id="1314386274"><title>Zig Zag '84-85 - Hc</title><date></date><icon src=""></icon><desc></desc><category></category></programme><programme channel="141430573" start="20230106050100 +0000" stop="20230106052500 +0000" catchup-id="1314824511"><title>Centovetrine Xii</title><date></date><icon src=""></icon><desc></desc><category></category></programme><programme channel="141430573" start="20230106052500 +0000" stop="20230106055000 +0000" catchup-id="1314824517"><title>I Caruso '03 - Sit Show A Little Italy</title><date></date><icon src=""></icon><desc></desc><category></category></programme><programme channel="141430573" start="20230106055000 +0000" stop="20230106072900 +0000" catchup-id="1314824523"><title>Mattino Cinque News</title><date></date><icon src=""></icon><desc></desc><category></category></programme><programme channel="141430573" start="20230106072900 +0000" stop="20230106085500 +0000" catchup-id="1317067070"><title>Geen programma-informatie beschikbaar</title><date></date><icon src=""></icon><desc></desc><category></category></programme><programme channel="141430573" start="20230106085500 +0000" stop="20230106092000 +0000" catchup-id="1316903600"><title>Don Luca C'e'</title><date></date><icon src=""></icon><desc></desc><category></category></programme><programme channel="141430573" start="20230106092000 +0000" stop="20230106102500 +0000" catchup-id="1314824541"><title>Lo Sportello Di Forum '22-'23 Il Meglio Di Inverno</title><date></date><icon src=""></icon><desc></desc><category></category></programme><programme channel="141430573" start="20230106102500 +0000" stop="20230106111300 +0000" catchup-id="1314824547"><title>Grande Fratello Vip '22-'23 (live) -</title><date></date><icon src=""></icon><desc></desc><category></category></programme><programme channel="141430573" start="20230106111300 +0000" stop="20230106120200 +0000" catchup-id="1314824553"><title>Controcorrente '23</title><date></date><icon src=""></icon><desc></desc><category></category></programme><programme channel="141430573" start="20230106120200 +0000" stop="20230106120500 +0000" catchup-id="1314824559"><title>Le Ricette Delle Feste Di Giallo Zafferano '19</title><date></date><icon src=""></icon><desc></desc><category></category></programme><programme channel="141430573" start="20230106120500 +0000" stop="20230106125100 +0000" catchup-id="1314824565"><title>Ricette All'italiana '18 - Autunno</title><date></date><icon src=""></icon><desc></desc><category></category></programme><programme channel="141430573" start="20230106125100 +0000" stop="20230106130000 +0000" catchup-id="1314824571"><title>Cotto E Mangiato - Il Menu Del Giorno '20 - 21</title><date></date><icon src=""></icon><desc></desc><category></category></programme><programme channel="141430573" start="20230106130000 +0000" stop="20230106133500 +0000" catchup-id="1314824577"><title>Tg5</title><date></date><icon src=""></icon><desc></desc><category></category></programme><programme channel="141430573" start="20230106133500 +0000" stop="20230106144000 +0000" catchup-id="1314824583"><title>Distretto Di Polizia 4</title><date></date><icon src=""></icon><desc></desc><category></category></programme><programme channel="141430573" start="20230106144000 +0000" stop="20230106162000 +0000" catchup-id="1314824589"><title>Mattino Cinque News</title><date></date><icon src=""></icon><desc></desc><category></category></programme><programme channel="141430573" start="20230106162000 +0000" stop="20230106173600 +0000" catchup-id="1314824595"><title>La Gabbianella E Il Gatto</title><date></date><icon src=""></icon><desc></desc><category></category></programme><programme channel="141430573" start="20230106173600 +0000" stop="20230106182700 +0000" catchup-id="1314824601"><title>Caduta Libera</title><date></date><icon src=""></icon><desc></desc><category></category></programme><programme channel="141430573" start="20230106182700 +0000" stop="20230106185600 +0000" catchup-id="1314824607"><title>Sport Mediaset '23 - (i1)</title><date></date><icon src=""></icon><desc></desc><category></category></programme><programme channel="141430573" start="20230106185600 +0000" stop="20230106191100 +0000" catchup-id="1314824613"><title>Bim Bum Bam '94-95 (buon Natale)</title><date></date><icon src=""></icon><desc></desc><category></category></programme><programme channel="141430573" start="20230106191100 +0000" stop="20230106200000 +0000" catchup-id="1314824619"><title>Grande Fratello Vip '22-'23 (live) -</title><date></date><icon src=""></icon><desc></desc><category></category></programme><programme channel="141430573" start="20230106200000 +0000" stop="20230106203500 +0000" catchup-id="1314824625"><title>Tg5</title><date></date><icon src=""></icon><desc></desc><category></category></programme><programme channel="141430573" start="20230106203500 +0000" stop="20230106224600 +0000" catchup-id="1314824631"><title>Scherzi A Parte '22</title><date></date><icon src=""></icon><desc></desc><category></category></programme><programme channel="141430573" start="20230106224600 +0000" stop="20230106231700 +0000" catchup-id="1314824637"><title>Striscia La Notizia</title><date></date><icon src=""></icon><desc></desc><category></category></programme><programme channel="141430573" start="20230106231700 +0000" stop="20230107005800 +0000" catchup-id="1314824643"><title>Maurizio Costanzo Show '22 Aut.</title><date></date><icon src=""></icon><desc></desc><category></category></programme><programme channel="141430573" start="20230107005800 +0000" stop="20230107015100 +0000" catchup-id="1314824649"><title>Controcorrente</title><date></date><icon src=""></icon><desc></desc><category></category></programme><programme channel="141430573" start="20230107015100 +0000" stop="20230107024200 +0000" catchup-id="1314824655"><title>Caduta Libera</title><date></date><icon src=""></icon><desc></desc><category></category></programme><programme channel="141430573" start="20230107024200 +0000" stop="20230107035600 +0000" catchup-id="1314824661"><title>Ieri E Oggi In Tv Special '04</title><date></date><icon src=""></icon><desc></desc><category></category></programme><programme channel="141430573" start="20230107035600 +0000" stop="20230107040800 +0000" catchup-id="1314824667"><title>Cotto E Mangiato - Il Menu Del Giorno '20 - 21</title><date></date><icon src=""></icon><desc></desc><category></category></programme><programme channel="141430573" start="20230107040800 +0000" stop="20230107050100 +0000" catchup-id="1314824673"><title>Zig Zag '84-85 - Hc</title><date></date><icon src=""></icon><desc></desc><category></category></programme><programme channel="141430573" start="20230107050100 +0000" stop="20230107052600 +0000" catchup-id="1315256522"><title>Don Luca Ii</title><date></date><icon src=""></icon><desc></desc><category></category></programme><programme channel="141430573" start="20230107052600 +0000" stop="20230107055100 +0000" catchup-id="1315256528"><title>Don Luca C'e'</title><date></date><icon src=""></icon><desc></desc><category></category></programme><programme channel="141430573" start="20230107055100 +0000" stop="20230107061600 +0000" catchup-id="1315256534"><title>Don Luca C'e'</title><date></date><icon src=""></icon><desc></desc><category></category></programme><programme channel="141430573" start="20230107061600 +0000" stop="20230107064100 +0000" catchup-id="1315256540"><title>Don Luca C'e'</title><date></date><icon src=""></icon><desc></desc><category></category></programme><programme channel="141430573" start="20230107064100 +0000" stop="20230107070600 +0000" catchup-id="1315256546"><title>Don Luca C'e'</title><date></date><icon src=""></icon><desc></desc><category></category></programme><programme channel="141430573" start="20230107070600 +0000" stop="20230107083500 +0000" catchup-id="1315256552"><title>Vacanze Sulla Neve (di F. W. Ratti)</title><date></date><icon src=""></icon><desc></desc><category></category></programme><programme channel="141430573" start="20230107083500 +0000" stop="20230107085200 +0000" catchup-id="1315256558"><title>L'arca Di Noe'</title><date></date><icon src=""></icon><desc></desc><category></category></programme><programme channel="141430573" start="20230107085200 +0000" stop="20230107093900 +0000" catchup-id="1315256564"><title>Grande Fratello Vip '22-'23 (live) -</title><date></date><icon src=""></icon><desc></desc><category></category></programme><programme channel="141430573" start="20230107093900 +0000" stop="20230107112000 +0000" catchup-id="1315256570"><title>Onore E Il Rispetto - Parte Terza (l')</title><date></date><icon src=""></icon><desc></desc><category></category></programme><programme channel="141430573" start="20230107112000 +0000" stop="20230107114700 +0000" catchup-id="1315256576"><title>Melaverde '21 - Le Storie</title><date></date><icon src=""></icon><desc></desc><category></category></programme><programme channel="141430573" start="20230107114700 +0000" stop="20230107121000 +0000" catchup-id="1315256582"><title>Melaverde '21 - Le Storie</title><date></date><icon src=""></icon><desc></desc><category></category></programme><programme channel="141430573" start="20230107121000 +0000" stop="20230107130000 +0000" catchup-id="1315256588"><title>Controcorrente '23</title><date></date><icon src=""></icon><desc></desc><category></category></programme><programme channel="141430573" start="20230107130000 +0000" stop="20230107133500 +0000" catchup-id="1315256594"><title>Tg5</title><date></date><icon src=""></icon><desc></desc><category></category></programme><programme channel="141430573" start="20230107133500 +0000" stop="20230107150800 +0000" catchup-id="1315256600"><title>Anna E I Cinque La Nuova Serie</title><date></date><icon src=""></icon><desc></desc><category></category></programme><programme channel="141430573" start="20230107150800 +0000" stop="20230107154900 +0000" catchup-id="1317067076"><title>Geen programma-informatie beschikbaar</title><date></date><icon src=""></icon><desc></desc><category></category></programme><programme channel="141430573" start="20230107154900 +0000" stop="20230107164000 +0000" catchup-id="1315256606"><title>Caduta Libera</title><date></date><icon src=""></icon><desc></desc><category></category></programme><programme channel="141430573" start="20230107164000 +0000" stop="20230107172100 +0000" catchup-id="1315256618"><title>Senza Fine I</title><date></date><icon src=""></icon><desc></desc><category></category></programme><programme channel="141430573" start="20230107172100 +0000" stop="20230107184800 +0000" catchup-id="1315256624"><title>Maurizio Costanzo Show '22 Aut.</title><date></date><icon src=""></icon><desc></desc><category></category></programme><programme channel="141430573" start="20230107184800 +0000" stop="20230107193400 +0000" catchup-id="1315256630"><title>Dalla Parte Degli Animali 2022</title><date></date><icon src=""></icon><desc></desc><category></category></programme><programme channel="141430573" start="20230107193400 +0000" stop="20230107200000 +0000" catchup-id="1315256636"><title>Sarabanda '02-03</title><date></date><icon src=""></icon><desc></desc><category></category></programme><programme channel="141430573" start="20230107200000 +0000" stop="20230107203500 +0000" catchup-id="1315256642"><title>Tg5</title><date></date><icon src=""></icon><desc></desc><category></category></programme><programme channel="141430573" start="20230107203500 +0000" stop="20230107220600 +0000" catchup-id="1315256648"><title>Il Vizio Della Speranza</title><date></date><icon src=""></icon><desc></desc><category></category></programme><programme channel="141430573" start="20230107220600 +0000" stop="20230107223700 +0000" catchup-id="1315256654"><title>Striscia La Notizia</title><date></date><icon src=""></icon><desc></desc><category></category></programme><programme channel="141430573" start="20230107223700 +0000" stop="20230108001100 +0000" catchup-id="1315256660"><title>Vacanze Ai Caraibi (di N. Parenti)</title><date></date><icon src=""></icon><desc></desc><category></category></programme><programme channel="141430573" start="20230108001100 +0000" stop="20230108010000 +0000" catchup-id="1315256666"><title>Controcorrente</title><date></date><icon src=""></icon><desc></desc><category></category></programme><programme channel="141430573" start="20230108010000 +0000" stop="20230108015200 +0000" catchup-id="1315256672"><title>Caduta Libera</title><date></date><icon src=""></icon><desc></desc><category></category></programme><programme channel="141430573" start="20230108015200 +0000" stop="20230108033200 +0000" catchup-id="1315256678"><title>Vacanze Sulla Neve (di F. W. Ratti)</title><date></date><icon src=""></icon><desc></desc><category></category></programme><programme channel="141430573" start="20230108033200 +0000" stop="20230108035900 +0000" catchup-id="1315256684"><title>Sport Mediaset '23 - (i1)</title><date></date><icon src=""></icon><desc></desc><category></category></programme><programme channel="141430573" start="20230108035900 +0000" stop="20230108040300 +0000" catchup-id="1315256690"><title>Ieri E Oggi In Tv '14</title><date></date><icon src=""></icon><desc></desc><category></category></programme><programme channel="141430573" start="20230108040300 +0000" stop="20230108040800 +0000" catchup-id="1316488938"><title>Ieri E Oggi In Tv '14</title><date></date><icon src=""></icon><desc></desc><category></category></programme><programme channel="141430573" start="20230108040800 +0000" stop="20230108043600 +0000" catchup-id="1315256696"><title>Casa Vianello Xvi/ritorno A Casa Vianello X</title><date></date><icon src=""></icon><desc></desc><category></category></programme><programme channel="141430573" start="20230108043600 +0000" stop="20230108050100 +0000" catchup-id="1315614940"><title>Casa Vianello Xvi/ritorno A Casa Vianello X</title><date></date><icon src=""></icon><desc></desc><category></category></programme><programme channel="141430573" start="20230108050100 +0000" stop="20230108052500 +0000" catchup-id="1315614946"><title>Centovetrine Xii</title><date></date><icon src=""></icon><desc></desc><category></category></programme><programme channel="141430573" start="20230108052500 +0000" stop="20230108055200 +0000" catchup-id="1315614952"><title>Centovetrine Xii</title><date></date><icon src=""></icon><desc></desc><category></category></programme><programme channel="141430573" start="20230108055200 +0000" stop="20230108061800 +0000" catchup-id="1315615342"><title>Centovetrine Xii</title><date></date><icon src=""></icon><desc></desc><category></category></programme><programme channel="141430573" start="20230108061800 +0000" stop="20230108064400 +0000" catchup-id="1315615348"><title>Centovetrine Xii</title><date></date><icon src=""></icon><desc></desc><category></category></programme><programme channel="141430573" start="20230108064400 +0000" stop="20230108070000 +0000" catchup-id="1316488944"><title>L'arca Di Noe'</title><date></date><icon src=""></icon><desc></desc><category></category></programme><programme channel="141430573" start="20230108070000 +0000" stop="20230108075400 +0000" catchup-id="1315615366"><title>Non E' La Rai</title><date></date><icon src=""></icon><desc></desc><category></category></programme><programme channel="141430573" start="20230108075400 +0000" stop="20230108090100 +0000" catchup-id="1315615372"><title>Non E' La Rai '94-95 - Hc</title><date></date><icon src=""></icon><desc></desc><category></category></programme><programme channel="141430573" start="20230108090100 +0000" stop="20230108095200 +0000" catchup-id="1315615378"><title>Santa Messa '23</title><date></date><icon src=""></icon><desc></desc><category></category></programme><programme channel="141430573" start="20230108095200 +0000" stop="20230108112900 +0000" catchup-id="1315615384"><title>Il Divorzio</title><date></date><icon src=""></icon><desc></desc><category></category></programme><programme channel="141430573" start="20230108112900 +0000" stop="20230108121800 +0000" catchup-id="1315615390"><title>Controcorrente '23 - Weekend</title><date></date><icon src=""></icon><desc></desc><category></category></programme><programme channel="141430573" start="20230108121800 +0000" stop="20230108130000 +0000" catchup-id="1315615396"><title>Grande Fratello Vip '22-'23 (live) -</title><date></date><icon src=""></icon><desc></desc><category></category></programme><programme channel="141430573" start="20230108130000 +0000" stop="20230108133500 +0000" catchup-id="1315615402"><title>Tg5</title><date></date><icon src=""></icon><desc></desc><category></category></programme><programme channel="141430573" start="20230108133500 +0000" stop="20230108153600 +0000" catchup-id="1315615408"><title>Verissimo</title><date></date><icon src=""></icon><desc></desc><category></category></programme><programme channel="141430573" start="20230108153600 +0000" stop="20230108162800 +0000" catchup-id="1315615414"><title>Caduta Libera</title><date></date><icon src=""></icon><desc></desc><category></category></programme><programme channel="141430573" start="20230108162800 +0000" stop="20230108165200 +0000" catchup-id="1315615420"><title>Grande Fratello Vip '22-'23 (live) -</title><date></date><icon src=""></icon><desc></desc><category></category></programme><programme channel="141430573" start="20230108165200 +0000" stop="20230108190300 +0000" catchup-id="1315615426"><title>Amici</title><date></date><icon src=""></icon><desc></desc><category></category></programme><programme channel="141430573" start="20230108190300 +0000" stop="20230108193400 +0000" catchup-id="1315615432"><title>Love Me Licia</title><date></date><icon src=""></icon><desc></desc><category></category></programme><programme channel="141430573" start="20230108193400 +0000" stop="20230108200000 +0000" catchup-id="1315615438"><title>Sarabanda '02-03</title><date></date><icon src=""></icon><desc></desc><category></category></programme><programme channel="141430573" start="20230108200000 +0000" stop="20230108203500 +0000" catchup-id="1315615444"><title>Tg5</title><date></date><icon src=""></icon><desc></desc><category></category></programme><programme channel="141430573" start="20230108203500 +0000" stop="20230108233600 +0000" catchup-id="1315615450"><title>C'e' Posta Per Te</title><date></date><icon src=""></icon><desc></desc><category></category></programme><programme channel="141430573" start="20230108233600 +0000" stop="20230109015400 +0000" catchup-id="1315615456"><title>Verissimo</title><date></date><icon src=""></icon><desc></desc><category></category></programme><programme channel="141430573" start="20230109015400 +0000" stop="20230109024700 +0000" catchup-id="1315615462"><title>Controcorrente</title><date></date><icon src=""></icon><desc></desc><category></category></programme><programme channel="141430573" start="20230109024700 +0000" stop="20230109033900 +0000" catchup-id="1315615468"><title>Caduta Libera</title><date></date><icon src=""></icon><desc></desc><category></category></programme><programme channel="141430573" start="20230109033900 +0000" stop="20230109050100 +0000" catchup-id="1315615474"><title>Le Notti Del Terrore - Vm14</title><date></date><icon src=""></icon><desc></desc><category></category></programme><programme channel="141430573" start="20230109050100 +0000" stop="20230109052500 +0000" catchup-id="1315918177"><title>Centovetrine Xii</title><date></date><icon src=""></icon><desc></desc><category></category></programme><programme channel="141430573" start="20230109052500 +0000" stop="20230109053800 +0000" catchup-id="1315918183"><title>Ieri E Oggi In Tv '14</title><date></date><icon src=""></icon><desc></desc><category></category></programme><programme channel="141430573" start="20230109053800 +0000" stop="20230109055000 +0000" catchup-id="1315919597"><title>Ieri E Oggi In Tv '14</title><date></date><icon src=""></icon><desc></desc><category></category></programme><programme channel="141430573" start="20230109055000 +0000" stop="20230109073000 +0000" catchup-id="1315919603"><title>Mattino Cinque News</title><date></date><icon src=""></icon><desc></desc><category></category></programme><programme channel="141430573" start="20230109073000 +0000" stop="20230109075500 +0000" catchup-id="1315919609"><title>Don Luca C'e'</title><date></date><icon src=""></icon><desc></desc><category></category></programme><programme channel="141430573" start="20230109075500 +0000" stop="20230109092000 +0000" catchup-id="1315919615"><title>Forum</title><date></date><icon src=""></icon><desc></desc><category></category></programme><programme channel="141430573" start="20230109092000 +0000" stop="20230109102500 +0000" catchup-id="1315919621"><title>Lo Sportello Di Forum '22-'23 Il Meglio Di Inverno</title><date></date><icon src=""></icon><desc></desc><category></category></programme><programme channel="141430573" start="20230109102500 +0000" stop="20230109111300 +0000" catchup-id="1315919627"><title>Grande Fratello Vip '22-'23 (live) -</title><date></date><icon src=""></icon><desc></desc><category></category></programme><programme channel="141430573" start="20230109111300 +0000" stop="20230109120200 +0000" catchup-id="1315919633"><title>Controcorrente '23 - Weekend</title><date></date><icon src=""></icon><desc></desc><category></category></programme><programme channel="141430573" start="20230109120200 +0000" stop="20230109125100 +0000" catchup-id="1315919639"><title>Ricette All'italiana '18 - Autunno</title><date></date><icon src=""></icon><desc></desc><category></category></programme><programme channel="141430573" start="20230109125100 +0000" stop="20230109130000 +0000" catchup-id="1315919645"><title>Cotto E Mangiato - Il Menu Del Giorno '20 - 21</title><date></date><icon src=""></icon><desc></desc><category></category></programme><programme channel="141430573" start="20230109130000 +0000" stop="20230109133500 +0000" catchup-id="1315919651"><title>Tg5</title><date></date><icon src=""></icon><desc></desc><category></category></programme><programme channel="141430573" start="20230109133500 +0000" stop="20230109144000 +0000" catchup-id="1315919657"><title>Distretto Di Polizia 4</title><date></date><icon src=""></icon><desc></desc><category></category></programme><programme channel="141430573" start="20230109144000 +0000" stop="20230109162000 +0000" catchup-id="1315919663"><title>Mattino Cinque News</title><date></date><icon src=""></icon><desc></desc><category></category></programme><programme channel="141430573" start="20230109162000 +0000" stop="20230109172400 +0000" catchup-id="1315919669"><title>Uomini E Donne</title><date></date><icon src=""></icon><desc></desc><category></category></programme><programme channel="141430573" start="20230109172400 +0000" stop="20230109181500 +0000" catchup-id="1315919675"><title>Caduta Libera</title><date></date><icon src=""></icon><desc></desc><category></category></programme><programme channel="141430573" start="20230109181500 +0000" stop="20230109184400 +0000" catchup-id="1315919681"><title>Sport Mediaset '23 - (i1)</title><date></date><icon src=""></icon><desc></desc><category></category></programme><programme channel="141430573" start="20230109184400 +0000" stop="20230109190400 +0000" catchup-id="1315919687"><title>Amici Di Maria D.t. (lu/ve)</title><date></date><icon src=""></icon><desc></desc><category></category></programme><programme channel="141430573" start="20230109190400 +0000" stop="20230109200000 +0000" catchup-id="1315919693"><title>Pomeriggio Cinque</title><date></date><icon src=""></icon><desc></desc><category></category></programme><programme channel="141430573" start="20230109200000 +0000" stop="20230109203600 +0000" catchup-id="1315919699"><title>Tg5</title><date></date><icon src=""></icon><desc></desc><category></category></programme><programme channel="141430573" start="20230109203600 +0000" stop="20230110002400 +0000" catchup-id="1315919705"><title>Grande Fratello Vip '22-'23</title><date></date><icon src=""></icon><desc></desc><category></category></programme><programme channel="141430573" start="20230110002400 +0000" stop="20230110003600 +0000" catchup-id="1315919711"><title>Grande Fratello Vip '22-'23</title><date></date><icon src=""></icon><desc></desc><category></category></programme><programme channel="141430573" start="20230110003600 +0000" stop="20230110010700 +0000" catchup-id="1315919717"><title>Striscia La Notizia</title><date></date><icon src=""></icon><desc></desc><category></category></programme><programme channel="141430573" start="20230110010700 +0000" stop="20230110050100 +0000" catchup-id="1315919723"><title>Zona Bianca '23</title><date></date><icon src=""></icon><desc></desc><category></category></programme><programme channel="141430573" start="20230110050100 +0000" stop="20230110052500 +0000" catchup-id="1316317100"><title>Centovetrine Xii</title><date></date><icon src=""></icon><desc></desc><category></category></programme><programme channel="141430573" start="20230110052500 +0000" stop="20230110053300 +0000" catchup-id="1316317106"><title>Ieri E Oggi In Tv '14</title><date></date><icon src=""></icon><desc></desc><category></category></programme><programme channel="141430573" start="20230110053300 +0000" stop="20230110054100 +0000" catchup-id="1316317112"><title>Ieri E Oggi In Tv '14</title><date></date><icon src=""></icon><desc></desc><category></category></programme><programme channel="141430573" start="20230110054100 +0000" stop="20230110055000 +0000" catchup-id="1316317118"><title>Ieri E Oggi In Tv '14</title><date></date><icon src=""></icon><desc></desc><category></category></programme><programme channel="141430573" start="20230110055000 +0000" stop="20230110073000 +0000" catchup-id="1316317124"><title>Mattino Cinque News</title><date></date><icon src=""></icon><desc></desc><category></category></programme><programme channel="141430573" start="20230110073000 +0000" stop="20230110075500 +0000" catchup-id="1316317130"><title>Don Luca C'e'</title><date></date><icon src=""></icon><desc></desc><category></category></programme><programme channel="141430573" start="20230110075500 +0000" stop="20230110092000 +0000" catchup-id="1316317136"><title>Forum</title><date></date><icon src=""></icon><desc></desc><category></category></programme><programme channel="141430573" start="20230110092000 +0000" stop="20230110102500 +0000" catchup-id="1316317142"><title>Lo Sportello Di Forum '22-'23</title><date></date><icon src=""></icon><desc></desc><category></category></programme><programme channel="141430573" start="20230110102500 +0000" stop="20230110111300 +0000" catchup-id="1316317148"><title>Grande Fratello Vip '22-'23 (live) -</title><date></date><icon src=""></icon><desc></desc><category></category></programme><programme channel="141430573" start="20230110111300 +0000" stop="20230110120200 +0000" catchup-id="1316317154"><title>Stasera Italia '23</title><date></date><icon src=""></icon><desc></desc><category></category></programme><programme channel="141430573" start="20230110120200 +0000" stop="20230110125100 +0000" catchup-id="1316317160"><title>Ricette All'italiana '20</title><date></date><icon src=""></icon><desc></desc><category></category></programme><programme channel="141430573" start="20230110125100 +0000" stop="20230110130000 +0000" catchup-id="1316317294"><title>Cotto E Mangiato - Il Menu Del Giorno '20 - 21</title><date></date><icon src=""></icon><desc></desc><category></category></programme><programme channel="141430573" start="20230110130000 +0000" stop="20230110133500 +0000" catchup-id="1316317300"><title>Tg5</title><date></date><icon src=""></icon><desc></desc><category></category></programme><programme channel="141430573" start="20230110133500 +0000" stop="20230110144000 +0000" catchup-id="1316317306"><title>Distretto Di Polizia 4</title><date></date><icon src=""></icon><desc></desc><category></category></programme><programme channel="141430573" start="20230110144000 +0000" stop="20230110162000 +0000" catchup-id="1316317312"><title>Mattino Cinque News</title><date></date><icon src=""></icon><desc></desc><category></category></programme><programme channel="141430573" start="20230110162000 +0000" stop="20230110172400 +0000" catchup-id="1316317318"><title>Uomini E Donne</title><date></date><icon src=""></icon><desc></desc><category></category></programme><programme channel="141430573" start="20230110172400 +0000" stop="20230110181500 +0000" catchup-id="1316317324"><title>Avanti Un Altro</title><date></date><icon src=""></icon><desc></desc><category></category></programme><programme channel="141430573" start="20230110181500 +0000" stop="20230110184400 +0000" catchup-id="1316317330"><title>Sport Mediaset '23 - (i1)</title><date></date><icon src=""></icon><desc></desc><category></category></programme><programme channel="141430573" start="20230110184400 +0000" stop="20230110190400 +0000" catchup-id="1316317336"><title>Amici Di Maria D.t. (lu/ve)</title><date></date><icon src=""></icon><desc></desc><category></category></programme><programme channel="141430573" start="20230110190400 +0000" stop="20230110200000 +0000" catchup-id="1316317342"><title>Pomeriggio Cinque</title><date></date><icon src=""></icon><desc></desc><category></category></programme><programme channel="141430573" start="20230110200000 +0000" stop="20230110203500 +0000" catchup-id="1316317348"><title>Tg5</title><date></date><icon src=""></icon><desc></desc><category></category></programme><programme channel="141430573" start="20230110203500 +0000" stop="20230110221100 +0000" catchup-id="1316317354"><title>Tv Movie</title><date></date><icon src=""></icon><desc></desc><category></category></programme><programme channel="141430573" start="20230110221100 +0000" stop="20230110224200 +0000" catchup-id="1316317360"><title>Striscina La Notizina</title><date></date><icon src=""></icon><desc></desc><category></category></programme><programme channel="141430573" start="20230110224200 +0000" stop="20230111021300 +0000" catchup-id="1316317366"><title>Quarta Repubblica '23</title><date></date><icon src=""></icon><desc></desc><category></category></programme><programme channel="141430573" start="20230111021300 +0000" stop="20230111030600 +0000" catchup-id="1316317372"><title>Stasera Italia</title><date></date><icon src=""></icon><desc></desc><category></category></programme><programme channel="141430573" start="20230111030600 +0000" stop="20230111035700 +0000" catchup-id="1316317378"><title>Avanti Un Altro</title><date></date><icon src=""></icon><desc></desc><category></category></programme><programme channel="141430573" start="20230111035700 +0000" stop="20230111040800 +0000" catchup-id="1316317384"><title>Cotto E Mangiato - Il Menu Del Giorno '20 - 21</title><date></date><icon src=""></icon><desc></desc><category></category></programme><programme channel="141430573" start="20230111040800 +0000" stop="20230111050100 +0000" catchup-id="1316317390"><title>Zig Zag '84-85 - Hc</title><date></date><icon src=""></icon><desc></desc><category></category></programme><programme channel="141430573" start="20230111050100 +0000" stop="20230111052500 +0000" catchup-id="1316701479"><title>Centovetrine Xii</title><date></date><icon src=""></icon><desc></desc><category></category></programme><programme channel="141430573" start="20230111052500 +0000" stop="20230111053300 +0000" catchup-id="1316703213"><title>Ieri E Oggi In Tv '14</title><date></date><icon src=""></icon><desc></desc><category></category></programme><programme channel="141430573" start="20230111053300 +0000" stop="20230111054100 +0000" catchup-id="1316703219"><title>Ieri E Oggi In Tv '14</title><date></date><icon src=""></icon><desc></desc><category></category></programme><programme channel="141430573" start="20230111054100 +0000" stop="20230111055000 +0000" catchup-id="1316703225"><title>Ieri E Oggi In Tv '14</title><date></date><icon src=""></icon><desc></desc><category></category></programme><programme channel="141430573" start="20230111055000 +0000" stop="20230111073000 +0000" catchup-id="1316703231"><title>Mattino Cinque News</title><date></date><icon src=""></icon><desc></desc><category></category></programme><programme channel="141430573" start="20230111073000 +0000" stop="20230111075500 +0000" catchup-id="1316703237"><title>Don Luca C'e'</title><date></date><icon src=""></icon><desc></desc><category></category></programme><programme channel="141430573" start="20230111075500 +0000" stop="20230111092000 +0000" catchup-id="1316703243"><title>Forum</title><date></date><icon src=""></icon><desc></desc><category></category></programme><programme channel="141430573" start="20230111092000 +0000" stop="20230111102500 +0000" catchup-id="1316703249"><title>Lo Sportello Di Forum '22-'23</title><date></date><icon src=""></icon><desc></desc><category></category></programme><programme channel="141430573" start="20230111102500 +0000" stop="20230111111300 +0000" catchup-id="1316703255"><title>Grande Fratello Vip '22-'23 (live) -</title><date></date><icon src=""></icon><desc></desc><category></category></programme><programme channel="141430573" start="20230111111300 +0000" stop="20230111120200 +0000" catchup-id="1316703261"><title>Stasera Italia '23</title><date></date><icon src=""></icon><desc></desc><category></category></programme><programme channel="141430573" start="20230111120200 +0000" stop="20230111125100 +0000" catchup-id="1316703267"><title>Ricette All'italiana '20</title><date></date><icon src=""></icon><desc></desc><category></category></programme><programme channel="141430573" start="20230111125100 +0000" stop="20230111130000 +0000" catchup-id="1316703273"><title>Cotto E Mangiato - Il Menu Del Giorno '20 - 21</title><date></date><icon src=""></icon><desc></desc><category></category></programme><programme channel="141430573" start="20230111130000 +0000" stop="20230111133500 +0000" catchup-id="1316703279"><title>Tg5</title><date></date><icon src=""></icon><desc></desc><category></category></programme><programme channel="141430573" start="20230111133500 +0000" stop="20230111144000 +0000" catchup-id="1316703285"><title>Distretto Di Polizia 4</title><date></date><icon src=""></icon><desc></desc><category></category></programme><programme channel="141430573" start="20230111144000 +0000" stop="20230111162000 +0000" catchup-id="1316703291"><title>Mattino Cinque News</title><date></date><icon src=""></icon><desc></desc><category></category></programme><programme channel="141430573" start="20230111162000 +0000" stop="20230111172400 +0000" catchup-id="1316703297"><title>Uomini E Donne</title><date></date><icon src=""></icon><desc></desc><category></category></programme><programme channel="141430573" start="20230111172400 +0000" stop="20230111181500 +0000" catchup-id="1316703303"><title>Avanti Un Altro</title><date></date><icon src=""></icon><desc></desc><category></category></programme><programme channel="141430573" start="20230111181500 +0000" stop="20230111184400 +0000" catchup-id="1316703309"><title>Sport Mediaset '23 - (i1)</title><date></date><icon src=""></icon><desc></desc><category></category></programme><programme channel="141430573" start="20230111184400 +0000" stop="20230111190400 +0000" catchup-id="1316703315"><title>Amici Di Maria D.t. (lu/ve)</title><date></date><icon src=""></icon><desc></desc><category></category></programme><programme channel="141430573" start="20230111190400 +0000" stop="20230111200000 +0000" catchup-id="1316703321"><title>Pomeriggio Cinque</title><date></date><icon src=""></icon><desc></desc><category></category></programme><programme channel="141430573" start="20230111200000 +0000" stop="20230111203500 +0000" catchup-id="1316703327"><title>Tg5</title><date></date><icon src=""></icon><desc></desc><category></category></programme><programme channel="141430573" start="20230111203500 +0000" stop="20230111215800 +0000" catchup-id="1316703333"><title>E Fuori Nevica!</title><date></date><icon src=""></icon><desc></desc><category></category></programme><programme channel="141430573" start="20230111215800 +0000" stop="20230111222900 +0000" catchup-id="1316703339"><title>Striscina La Notizina</title><date></date><icon src=""></icon><desc></desc><category></category></programme><programme channel="141430573" start="20230111222900 +0000" stop="20230112021200 +0000" catchup-id="1316703345"><title>Fuori Dal Coro '23</title><date></date><icon src=""></icon><desc></desc><category></category></programme><programme channel="141430573" start="20230112021200 +0000" stop="20230112030500 +0000" catchup-id="1316703351"><title>Stasera Italia</title><date></date><icon src=""></icon><desc></desc><category></category></programme><programme channel="141430573" start="20230112030500 +0000" stop="20230112035600 +0000" catchup-id="1316703357"><title>Avanti Un Altro</title><date></date><icon src=""></icon><desc></desc><category></category></programme><programme channel="141430573" start="20230112035600 +0000" stop="20230112040800 +0000" catchup-id="1316703363"><title>Cotto E Mangiato - Il Menu Del Giorno '20 - 21</title><date></date><icon src=""></icon><desc></desc><category></category></programme><programme channel="141430573" start="20230112040800 +0000" stop="20230112050100 +0000" catchup-id="1316703369"><title>Zig Zag '84-85 - Hc</title><date></date><icon src=""></icon><desc></desc><category></category></programme>