<programme channel="155053772" start="20221228170000 +0000" stop="20221228180000 +0000" catchup-id="1312537650"><title>LOVE ZONE</title><date></date><icon src="https://t-mobiletv.nl:443/CPS/images/universal/film/program/202212/20221223/86/20221223210109721c1q.jpg"></icon><desc></desc><category></category></programme><programme channel="155053772" start="20221228180000 +0000" stop="20221228190000 +0000" catchup-id="1312537656"><title>EDITOR'S PICK</title><date></date><icon src="https://t-mobiletv.nl:443/CPS/images/universal/film/program/202212/20221223/84/20221223210109721bd6.jpg"></icon><desc></desc><category></category></programme><programme channel="155053772" start="20221228190000 +0000" stop="20221228200000 +0000" catchup-id="1312537662"><title>PURE DRAMA</title><date></date><icon src="https://t-mobiletv.nl:443/CPS/images/universal/film/program/202212/20221223/28/20221223210109721rk1.jpg"></icon><desc></desc><category></category></programme><programme channel="155053772" start="20221228200000 +0000" stop="20221228210000 +0000" catchup-id="1312537668"><title>SHORTS TV POWERED BY UN WOMEN</title><date></date><icon src="https://t-mobiletv.nl:443/CPS/images/universal/film/program/202212/20221223/55/20221223210109721u5d.jpg"></icon><desc></desc><category></category></programme><programme channel="155053772" start="20221228210000 +0000" stop="20221228223000 +0000" catchup-id="1312537674"><title>OSCAR NOMINATED ANIMATION 2022</title><date></date><icon src="https://t-mobiletv.nl:443/CPS/images/universal/film/program/202212/20221223/30/20221223210109721xq1.jpg"></icon><desc></desc><category></category></programme><programme channel="155053772" start="20221228223000 +0000" stop="20221228230000 +0000" catchup-id="1312537680"><title>FILMMAKER SPOTLIGHT</title><date></date><icon src="https://t-mobiletv.nl:443/CPS/images/universal/film/program/202212/20221223/75/20221223210109721awn.jpg"></icon><desc></desc><category></category></programme><programme channel="155053772" start="20221228230000 +0000" stop="20221229000000 +0000" catchup-id="1312537686"><title>MIDNIGHT HORROR</title><date></date><icon src="https://t-mobiletv.nl:443/CPS/images/universal/film/program/202212/20221223/14/20221223210109721yvu.jpg"></icon><desc></desc><category></category></programme><programme channel="155053772" start="20221229000000 +0000" stop="20221229010000 +0000" catchup-id="1312537692"><title>SHORTS TV POWERED BY UN WOMEN</title><date></date><icon src="https://t-mobiletv.nl:443/CPS/images/universal/film/program/202212/20221223/68/202212232101097218bp.jpg"></icon><desc></desc><category></category></programme><programme channel="155053772" start="20221229010000 +0000" stop="20221229020000 +0000" catchup-id="1312537698"><title>EARTH MATTERS</title><date></date><icon src="https://t-mobiletv.nl:443/CPS/images/universal/film/program/202212/20221223/82/20221223210109721hez.jpg"></icon><desc></desc><category></category></programme><programme channel="155053772" start="20221229020000 +0000" stop="20221229030000 +0000" catchup-id="1312537704"><title>MIDNIGHT HORROR</title><date></date><icon src="https://t-mobiletv.nl:443/CPS/images/universal/film/program/202212/20221223/26/20221223210109721vi1.jpg"></icon><desc></desc><category></category></programme><programme channel="155053772" start="20221229030000 +0000" stop="20221229040000 +0000" catchup-id="1312537710"><title>SHORTS TV POWERED BY UN WOMEN</title><date></date><icon src="https://t-mobiletv.nl:443/CPS/images/universal/film/program/202212/20221223/64/20221223210109721a98.jpg"></icon><desc></desc><category></category></programme><programme channel="155053772" start="20221229040000 +0000" stop="20221229050000 +0000" catchup-id="1312537716"><title>EARTH MATTERS</title><date></date><icon src="https://t-mobiletv.nl:443/CPS/images/universal/film/program/202212/20221223/60/202212232101097212i1.jpg"></icon><desc></desc><category></category></programme><programme channel="155053772" start="20221229050000 +0000" stop="20221229060000 +0000" catchup-id="1312537722"><title>PURE DRAMA</title><date></date><icon src="https://t-mobiletv.nl:443/CPS/images/universal/film/program/202212/20221223/48/202212232101097216qe.jpg"></icon><desc></desc><category></category></programme><programme channel="155053772" start="20221229060000 +0000" stop="20221229070000 +0000" catchup-id="1312537728"><title>ANIMATION</title><date></date><icon src="https://t-mobiletv.nl:443/CPS/images/universal/film/program/202212/20221223/53/20221223210109721wmj.jpg"></icon><desc></desc><category></category></programme><programme channel="155053772" start="20221229070000 +0000" stop="20221229080000 +0000" catchup-id="1312537734"><title>WORLD CINEMA</title><date></date><icon src="https://t-mobiletv.nl:443/CPS/images/universal/film/program/202212/20221223/38/20221223210109721i3v.jpg"></icon><desc></desc><category></category></programme><programme channel="155053772" start="20221229080000 +0000" stop="20221229090000 +0000" catchup-id="1312537740"><title>DOCUMENTARIES</title><date></date><icon src="https://t-mobiletv.nl:443/CPS/images/universal/film/program/202212/20221223/60/20221223210109721o7t.jpg"></icon><desc></desc><category></category></programme><programme channel="155053772" start="20221229090000 +0000" stop="20221229100000 +0000" catchup-id="1312537746"><title>EDITOR'S PICK</title><date></date><icon src="https://t-mobiletv.nl:443/CPS/images/universal/film/program/202212/20221223/69/20221223210109721ewx.jpg"></icon><desc></desc><category></category></programme><programme channel="155053772" start="20221229100000 +0000" stop="20221229110000 +0000" catchup-id="1312537752"><title>LOVE ZONE</title><date></date><icon src="https://t-mobiletv.nl:443/CPS/images/universal/film/program/202212/20221223/34/202212232101097226ih.jpg"></icon><desc></desc><category></category></programme><programme channel="155053772" start="20221229110000 +0000" stop="20221229120000 +0000" catchup-id="1312537758"><title>COMEDY</title><date></date><icon src="https://t-mobiletv.nl:443/CPS/images/universal/film/program/202212/20221223/60/20221223210109722uy0.jpg"></icon><desc></desc><category></category></programme><programme channel="155053772" start="20221229120000 +0000" stop="20221229130000 +0000" catchup-id="1312537764"><title>PURE DRAMA</title><date></date><icon src="https://t-mobiletv.nl:443/CPS/images/universal/film/program/202212/20221223/69/20221223210109722wsv.jpg"></icon><desc></desc><category></category></programme><programme channel="155053772" start="20221229130000 +0000" stop="20221229140000 +0000" catchup-id="1312537770"><title>DOCUMENTARIES</title><date></date><icon src="https://t-mobiletv.nl:443/CPS/images/universal/film/program/202212/20221223/74/20221223210109722kr0.jpg"></icon><desc></desc><category></category></programme><programme channel="155053772" start="20221229140000 +0000" stop="20221229150000 +0000" catchup-id="1312537776"><title>WORLD CINEMA</title><date></date><icon src="https://t-mobiletv.nl:443/CPS/images/universal/film/program/202212/20221223/85/20221223210109722szp.jpg"></icon><desc></desc><category></category></programme><programme channel="155053772" start="20221229150000 +0000" stop="20221229160000 +0000" catchup-id="1312537782"><title>ANIMATION</title><date></date><icon src="https://t-mobiletv.nl:443/CPS/images/universal/film/program/202212/20221223/17/20221223210109722fi2.jpg"></icon><desc></desc><category></category></programme><programme channel="155053772" start="20221229160000 +0000" stop="20221229170000 +0000" catchup-id="1312537788"><title>EDITOR'S PICK</title><date></date><icon src="https://t-mobiletv.nl:443/CPS/images/universal/film/program/202212/20221223/0/20221223210109722eyv.jpg"></icon><desc></desc><category></category></programme><programme channel="155053772" start="20221229170000 +0000" stop="20221229180000 +0000" catchup-id="1312537794"><title>LOVE ZONE</title><date></date><icon src="https://t-mobiletv.nl:443/CPS/images/universal/film/program/202212/20221223/85/20221223210109722xfo.jpg"></icon><desc></desc><category></category></programme><programme channel="155053772" start="20221229180000 +0000" stop="20221229190000 +0000" catchup-id="1312537800"><title>COMEDY</title><date></date><icon src="https://t-mobiletv.nl:443/CPS/images/universal/film/program/202212/20221223/83/20221223210109722h2h.jpg"></icon><desc></desc><category></category></programme><programme channel="155053772" start="20221229190000 +0000" stop="20221229200000 +0000" catchup-id="1312537806"><title>PURE DRAMA</title><date></date><icon src="https://t-mobiletv.nl:443/CPS/images/universal/film/program/202212/20221223/17/202212232101097221to.jpg"></icon><desc></desc><category></category></programme><programme channel="155053772" start="20221229200000 +0000" stop="20221229210000 +0000" catchup-id="1312537812"><title>WORLD FILM SEASON</title><date></date><icon src="https://t-mobiletv.nl:443/CPS/images/universal/film/program/202212/20221223/59/20221223210109722msm.jpg"></icon><desc></desc><category></category></programme><programme channel="155053772" start="20221229210000 +0000" stop="20221229220000 +0000" catchup-id="1312537818"><title>CHRISTMAS CONTENT 2022</title><date></date><icon src="https://t-mobiletv.nl:443/CPS/images/universal/film/program/202212/20221223/17/2022122321010972229b.jpg"></icon><desc></desc><category></category></programme><programme channel="155053772" start="20221229220000 +0000" stop="20221229230000 +0000" catchup-id="1312537824"><title>BEST OF EDITOR'S PICK EUROPEAN</title><date></date><icon src="https://t-mobiletv.nl:443/CPS/images/universal/film/program/202212/20221223/58/20221223210109722ifw.jpg"></icon><desc></desc><category></category></programme><programme channel="155053772" start="20221229230000 +0000" stop="20221230000000 +0000" catchup-id="1312537830"><title>MIDNIGHT HORROR</title><date></date><icon src="https://t-mobiletv.nl:443/CPS/images/universal/film/program/202212/20221223/2/20221223210109722fis.jpg"></icon><desc></desc><category></category></programme><programme channel="155053772" start="20221230000000 +0000" stop="20221230010000 +0000" catchup-id="1312537836"><title>WORLD FILM SEASON</title><date></date><icon src="https://t-mobiletv.nl:443/CPS/images/universal/film/program/202212/20221223/30/20221223210109722z0n.jpg"></icon><desc></desc><category></category></programme><programme channel="155053772" start="20221230010000 +0000" stop="20221230020000 +0000" catchup-id="1312537842"><title>BEST OF EDITOR'S PICK EUROPEAN</title><date></date><icon src="https://t-mobiletv.nl:443/CPS/images/universal/film/program/202212/20221223/25/20221223210109722pc4.jpg"></icon><desc></desc><category></category></programme><programme channel="155053772" start="20221230020000 +0000" stop="20221230030000 +0000" catchup-id="1312537848"><title>MIDNIGHT HORROR</title><date></date><icon src="https://t-mobiletv.nl:443/CPS/images/universal/film/program/202212/20221223/88/20221223210109722itq.jpg"></icon><desc></desc><category></category></programme><programme channel="155053772" start="20221230030000 +0000" stop="20221230040000 +0000" catchup-id="1312537854"><title>WORLD FILM SEASON</title><date></date><icon src="https://t-mobiletv.nl:443/CPS/images/universal/film/program/202212/20221223/79/202212232101097228uo.jpg"></icon><desc></desc><category></category></programme><programme channel="155053772" start="20221230040000 +0000" stop="20221230050000 +0000" catchup-id="1312537860"><title>BEST OF EDITOR'S PICK EUROPEAN</title><date></date><icon src="https://t-mobiletv.nl:443/CPS/images/universal/film/program/202212/20221223/79/2022122321010972299y.jpg"></icon><desc></desc><category></category></programme><programme channel="155053772" start="20221230050000 +0000" stop="20221230060000 +0000" catchup-id="1312537866"><title>PURE DRAMA</title><date></date><icon src="https://t-mobiletv.nl:443/CPS/images/universal/film/program/202212/20221223/52/20221223210109723cfs.jpg"></icon><desc></desc><category></category></programme><programme channel="155053772" start="20221230060000 +0000" stop="20221230070000 +0000" catchup-id="1312537872"><title>ANIMATION</title><date></date><icon src="https://t-mobiletv.nl:443/CPS/images/universal/film/program/202212/20221223/15/202212232101097237hd.jpg"></icon><desc></desc><category></category></programme><programme channel="155053772" start="20221230070000 +0000" stop="20221230080000 +0000" catchup-id="1312537878"><title>WORLD CINEMA</title><date></date><icon src="https://t-mobiletv.nl:443/CPS/images/universal/film/program/202212/20221223/41/20221223210109723z9x.jpg"></icon><desc></desc><category></category></programme><programme channel="155053772" start="20221230080000 +0000" stop="20221230090000 +0000" catchup-id="1312537884"><title>DOCUMENTARIES</title><date></date><icon src="https://t-mobiletv.nl:443/CPS/images/universal/film/program/202212/20221223/24/20221223210109723kx0.jpg"></icon><desc></desc><category></category></programme><programme channel="155053772" start="20221230090000 +0000" stop="20221230100000 +0000" catchup-id="1312537890"><title>EDITOR'S PICK</title><date></date><icon src="https://t-mobiletv.nl:443/CPS/images/universal/film/program/202212/20221223/74/20221223210109723naj.jpg"></icon><desc></desc><category></category></programme><programme channel="155053772" start="20221230100000 +0000" stop="20221230110000 +0000" catchup-id="1312537896"><title>LOVE ZONE</title><date></date><icon src="https://t-mobiletv.nl:443/CPS/images/universal/film/program/202212/20221223/65/20221223210109723k5n.jpg"></icon><desc></desc><category></category></programme><programme channel="155053772" start="20221230110000 +0000" stop="20221230120000 +0000" catchup-id="1312537902"><title>COMEDY</title><date></date><icon src="https://t-mobiletv.nl:443/CPS/images/universal/film/program/202212/20221223/1/20221223210109723lin.jpg"></icon><desc></desc><category></category></programme><programme channel="155053772" start="20221230120000 +0000" stop="20221230130000 +0000" catchup-id="1312537908"><title>PURE DRAMA</title><date></date><icon src="https://t-mobiletv.nl:443/CPS/images/universal/film/program/202212/20221223/11/202212232101097236ih.jpg"></icon><desc></desc><category></category></programme><programme channel="155053772" start="20221230130000 +0000" stop="20221230140000 +0000" catchup-id="1312537914"><title>DOCUMENTARIES</title><date></date><icon src="https://t-mobiletv.nl:443/CPS/images/universal/film/program/202212/20221223/75/20221223210109723fml.jpg"></icon><desc></desc><category></category></programme><programme channel="155053772" start="20221230140000 +0000" stop="20221230150000 +0000" catchup-id="1312537920"><title>WORLD CINEMA</title><date></date><icon src="https://t-mobiletv.nl:443/CPS/images/universal/film/program/202212/20221223/11/2022122321010972364d.jpg"></icon><desc></desc><category></category></programme><programme channel="155053772" start="20221230150000 +0000" stop="20221230160000 +0000" catchup-id="1312537926"><title>ANIMATION</title><date></date><icon src="https://t-mobiletv.nl:443/CPS/images/universal/film/program/202212/20221223/70/20221223210109723noz.jpg"></icon><desc></desc><category></category></programme><programme channel="155053772" start="20221230160000 +0000" stop="20221230170000 +0000" catchup-id="1312537932"><title>EDITOR'S PICK</title><date></date><icon src="https://t-mobiletv.nl:443/CPS/images/universal/film/program/202212/20221223/20/20221223210109723f4w.jpg"></icon><desc></desc><category></category></programme><programme channel="155053772" start="20221230170000 +0000" stop="20221230180000 +0000" catchup-id="1312537938"><title>LOVE ZONE</title><date></date><icon src="https://t-mobiletv.nl:443/CPS/images/universal/film/program/202212/20221223/11/202212232101097231kd.jpg"></icon><desc></desc><category></category></programme><programme channel="155053772" start="20221230180000 +0000" stop="20221230190000 +0000" catchup-id="1312537944"><title>COMEDY</title><date></date><icon src="https://t-mobiletv.nl:443/CPS/images/universal/film/program/202212/20221223/8/202212232101097236c3.jpg"></icon><desc></desc><category></category></programme><programme channel="155053772" start="20221230190000 +0000" stop="20221230200000 +0000" catchup-id="1312537950"><title>PURE DRAMA</title><date></date><icon src="https://t-mobiletv.nl:443/CPS/images/universal/film/program/202212/20221223/65/202212232101097231lf.jpg"></icon><desc></desc><category></category></programme><programme channel="155053772" start="20221230200000 +0000" stop="20221230210000 +0000" catchup-id="1312537956"><title>COMEDY POST-9</title><date></date><icon src="https://t-mobiletv.nl:443/CPS/images/universal/film/program/202212/20221223/13/20221223210109723tjl.jpg"></icon><desc></desc><category></category></programme><programme channel="155053772" start="20221230210000 +0000" stop="20221230220000 +0000" catchup-id="1312537962"><title>NEDERLANDSE FILM ACADEMY</title><date></date><icon src="https://t-mobiletv.nl:443/CPS/images/universal/film/program/202212/20221223/48/20221223210109723du8.jpg"></icon><desc></desc><category></category></programme><programme channel="155053772" start="20221230220000 +0000" stop="20221230230000 +0000" catchup-id="1312537968"><title>CHRISTMAS CONTENT 2022</title><date></date><icon src="https://t-mobiletv.nl:443/CPS/images/universal/film/program/202212/20221223/50/20221223210109723w95.jpg"></icon><desc></desc><category></category></programme><programme channel="155053772" start="20221230230000 +0000" stop="20221231000000 +0000" catchup-id="1312575878"><title>MIDNIGHT HORROR</title><date></date><icon src="https://t-mobiletv.nl:443/CPS/images/universal/film/program/202212/20221224/44/20221224020124730q80.jpg"></icon><desc></desc><category></category></programme><programme channel="155053772" start="20221231000000 +0000" stop="20221231010000 +0000" catchup-id="1312575884"><title>COMEDY POST-9</title><date></date><icon src="https://t-mobiletv.nl:443/CPS/images/universal/film/program/202212/20221224/66/20221224020124730sv5.jpg"></icon><desc></desc><category></category></programme><programme channel="155053772" start="20221231010000 +0000" stop="20221231020000 +0000" catchup-id="1312575890"><title>CHRISTMAS CONTENT 2022</title><date></date><icon src="https://t-mobiletv.nl:443/CPS/images/universal/film/program/202212/20221224/21/20221224020124730yzj.jpg"></icon><desc></desc><category></category></programme><programme channel="155053772" start="20221231020000 +0000" stop="20221231030000 +0000" catchup-id="1312575896"><title>MIDNIGHT HORROR</title><date></date><icon src="https://t-mobiletv.nl:443/CPS/images/universal/film/program/202212/20221224/57/20221224020124730py1.jpg"></icon><desc></desc><category></category></programme><programme channel="155053772" start="20221231030000 +0000" stop="20221231040000 +0000" catchup-id="1312575902"><title>NEDERLANDSE FILM ACADEMY</title><date></date><icon src="https://t-mobiletv.nl:443/CPS/images/universal/film/program/202212/20221224/50/202212240201247305ti.jpg"></icon><desc></desc><category></category></programme><programme channel="155053772" start="20221231040000 +0000" stop="20221231050000 +0000" catchup-id="1312575908"><title>CHRISTMAS CONTENT 2022</title><date></date><icon src="https://t-mobiletv.nl:443/CPS/images/universal/film/program/202212/20221224/88/20221224020124730kjt.jpg"></icon><desc></desc><category></category></programme><programme channel="155053772" start="20221231050000 +0000" stop="20221231060000 +0000" catchup-id="1312577770"><title>PURE DRAMA</title><date></date><icon src="https://t-mobiletv.nl:443/CPS/images/universal/film/program/202212/20221224/27/20221224020124730db7.jpg"></icon><desc></desc><category></category></programme><programme channel="155053772" start="20221231060000 +0000" stop="20221231070000 +0000" catchup-id="1312577776"><title>ANIMATION</title><date></date><icon src="https://t-mobiletv.nl:443/CPS/images/universal/film/program/202212/20221224/58/202212240201247305c9.jpg"></icon><desc></desc><category></category></programme><programme channel="155053772" start="20221231070000 +0000" stop="20221231080000 +0000" catchup-id="1312577782"><title>WORLD CINEMA</title><date></date><icon src="https://t-mobiletv.nl:443/CPS/images/universal/film/program/202212/20221224/51/2022122402012473057t.jpg"></icon><desc></desc><category></category></programme><programme channel="155053772" start="20221231080000 +0000" stop="20221231090000 +0000" catchup-id="1312577788"><title>DOCUMENTARIES</title><date></date><icon src="https://t-mobiletv.nl:443/CPS/images/universal/film/program/202212/20221224/51/20221224020124730tad.jpg"></icon><desc></desc><category></category></programme><programme channel="155053772" start="20221231090000 +0000" stop="20221231100000 +0000" catchup-id="1312577794"><title>EDITOR'S PICK</title><date></date><icon src="https://t-mobiletv.nl:443/CPS/images/universal/film/program/202212/20221224/78/20221224020124730l9m.jpg"></icon><desc></desc><category></category></programme><programme channel="155053772" start="20221231100000 +0000" stop="20221231110000 +0000" catchup-id="1312577800"><title>LOVE ZONE</title><date></date><icon src="https://t-mobiletv.nl:443/CPS/images/universal/film/program/202212/20221224/48/20221224020124731fab.jpg"></icon><desc></desc><category></category></programme><programme channel="155053772" start="20221231110000 +0000" stop="20221231120000 +0000" catchup-id="1312577806"><title>COMEDY</title><date></date><icon src="https://t-mobiletv.nl:443/CPS/images/universal/film/program/202212/20221224/90/20221224020124731487.jpg"></icon><desc></desc><category></category></programme><programme channel="155053772" start="20221231120000 +0000" stop="20221231130000 +0000" catchup-id="1312577812"><title>PURE DRAMA</title><date></date><icon src="https://t-mobiletv.nl:443/CPS/images/universal/film/program/202212/20221224/33/202212240201247312a2.jpg"></icon><desc></desc><category></category></programme><programme channel="155053772" start="20221231130000 +0000" stop="20221231140000 +0000" catchup-id="1312577818"><title>DOCUMENTARIES</title><date></date><icon src="https://t-mobiletv.nl:443/CPS/images/universal/film/program/202212/20221224/74/20221224020124731h9i.jpg"></icon><desc></desc><category></category></programme><programme channel="155053772" start="20221231140000 +0000" stop="20221231150000 +0000" catchup-id="1312577824"><title>WORLD CINEMA</title><date></date><icon src="https://t-mobiletv.nl:443/CPS/images/universal/film/program/202212/20221224/36/20221224020124731bzg.jpg"></icon><desc></desc><category></category></programme><programme channel="155053772" start="20221231150000 +0000" stop="20221231160000 +0000" catchup-id="1312577830"><title>ANIMATION</title><date></date><icon src="https://t-mobiletv.nl:443/CPS/images/universal/film/program/202212/20221224/16/20221224020124731q9t.jpg"></icon><desc></desc><category></category></programme><programme channel="155053772" start="20221231160000 +0000" stop="20221231170000 +0000" catchup-id="1312577836"><title>EDITOR'S PICK</title><date></date><icon src="https://t-mobiletv.nl:443/CPS/images/universal/film/program/202212/20221224/72/20221224020124731w70.jpg"></icon><desc></desc><category></category></programme><programme channel="155053772" start="20221231170000 +0000" stop="20221231180000 +0000" catchup-id="1312577842"><title>LOVE ZONE</title><date></date><icon src="https://t-mobiletv.nl:443/CPS/images/universal/film/program/202212/20221224/74/20221224020124731u2x.jpg"></icon><desc></desc><category></category></programme><programme channel="155053772" start="20221231180000 +0000" stop="20221231190000 +0000" catchup-id="1312577848"><title>COMEDY</title><date></date><icon src="https://t-mobiletv.nl:443/CPS/images/universal/film/program/202212/20221224/12/202212240201247318kz.jpg"></icon><desc></desc><category></category></programme><programme channel="155053772" start="20221231190000 +0000" stop="20221231200000 +0000" catchup-id="1312577854"><title>PURE DRAMA</title><date></date><icon src="https://t-mobiletv.nl:443/CPS/images/universal/film/program/202212/20221224/53/202212240201247314ny.jpg"></icon><desc></desc><category></category></programme><programme channel="155053772" start="20221231200000 +0000" stop="20221231210000 +0000" catchup-id="1312577860"><title>CHRISTMAS CONTENT</title><date></date><icon src="https://t-mobiletv.nl:443/CPS/images/universal/film/program/202212/20221224/35/20221224020124731qto.jpg"></icon><desc></desc><category></category></programme><programme channel="155053772" start="20221231210000 +0000" stop="20221231220000 +0000" catchup-id="1312577866"><title>BEST OF 2022</title><date></date><icon src="https://t-mobiletv.nl:443/CPS/images/universal/film/program/202212/20221224/77/2022122402012473158h.jpg"></icon><desc></desc><category></category></programme><programme channel="155053772" start="20221231220000 +0000" stop="20221231223000 +0000" catchup-id="1312577872"><title>FILMMAKER SPOTLIGHT</title><date></date><icon src="https://t-mobiletv.nl:443/CPS/images/universal/film/program/202212/20221224/0/202212240201247315hr.jpg"></icon><desc></desc><category></category></programme><programme channel="155053772" start="20221231223000 +0000" stop="20221231230000 +0000" catchup-id="1312577878"><title>SEX IN SHORTS</title><date></date><icon src="https://t-mobiletv.nl:443/CPS/images/universal/film/program/202212/20221224/18/202212240201247312dq.jpg"></icon><desc></desc><category></category></programme><programme channel="155053772" start="20221231230000 +0000" stop="20230101000000 +0000" catchup-id="1312577884"><title>MIDNIGHT HORROR</title><date></date><icon src="https://t-mobiletv.nl:443/CPS/images/universal/film/program/202212/20221224/18/202212240201247327kc.jpg"></icon><desc></desc><category></category></programme><programme channel="155053772" start="20230101000000 +0000" stop="20230101010000 +0000" catchup-id="1312577890"><title>BEST OF EDITOR'S PICK EUROPEAN</title><date></date><icon src="https://t-mobiletv.nl:443/CPS/images/universal/film/program/202212/20221224/10/20221224020124732mpv.jpg"></icon><desc></desc><category></category></programme><programme channel="155053772" start="20230101010000 +0000" stop="20230101013000 +0000" catchup-id="1312577896"><title>EDITOR'S PICK</title><date></date><icon src="https://t-mobiletv.nl:443/CPS/images/universal/film/program/202212/20221224/64/20221224020124732w7l.jpg"></icon><desc></desc><category></category></programme><programme channel="155053772" start="20230101013000 +0000" stop="20230101020000 +0000" catchup-id="1312577902"><title>SEX IN SHORTS</title><date></date><icon src="https://t-mobiletv.nl:443/CPS/images/universal/film/program/202212/20221224/16/20221224020124732jdo.jpg"></icon><desc></desc><category></category></programme><programme channel="155053772" start="20230101020000 +0000" stop="20230101030000 +0000" catchup-id="1312577908"><title>MIDNIGHT HORROR</title><date></date><icon src="https://t-mobiletv.nl:443/CPS/images/universal/film/program/202212/20221224/46/20221224020124732sil.jpg"></icon><desc></desc><category></category></programme><programme channel="155053772" start="20230101030000 +0000" stop="20230101040000 +0000" catchup-id="1312577914"><title>BEST OF EDITOR'S PICK EUROPEAN</title><date></date><icon src="https://t-mobiletv.nl:443/CPS/images/universal/film/program/202212/20221224/28/20221224020124732kzq.jpg"></icon><desc></desc><category></category></programme><programme channel="155053772" start="20230101040000 +0000" stop="20230101043000 +0000" catchup-id="1312577920"><title>SEX IN SHORTS</title><date></date><icon src="https://t-mobiletv.nl:443/CPS/images/universal/film/program/202212/20221224/4/202212240201247327yf.jpg"></icon><desc></desc><category></category></programme><programme channel="155053772" start="20230101043000 +0000" stop="20230101050000 +0000" catchup-id="1312577926"><title>EDITOR'S PICK</title><date></date><icon src="https://t-mobiletv.nl:443/CPS/images/universal/film/program/202212/20221224/15/202212240201247321cf.jpg"></icon><desc></desc><category></category></programme><programme channel="155053772" start="20230101050000 +0000" stop="20230101060000 +0000" catchup-id="1312928821"><title>PURE DRAMA</title><date></date><icon src="https://t-mobiletv.nl:443/CPS/images/universal/film/program/202212/20221225/0/20221225020129716nrh.jpg"></icon><desc></desc><category></category></programme><programme channel="155053772" start="20230101060000 +0000" stop="20230101070000 +0000" catchup-id="1312928827"><title>ANIMATION</title><date></date><icon src="https://t-mobiletv.nl:443/CPS/images/universal/film/program/202212/20221225/52/20221225020129716rya.jpg"></icon><desc></desc><category></category></programme><programme channel="155053772" start="20230101070000 +0000" stop="20230101080000 +0000" catchup-id="1312928833"><title>EDITOR'S PICK</title><date></date><icon src="https://t-mobiletv.nl:443/CPS/images/universal/film/program/202212/20221225/74/20221225020129716zmj.jpg"></icon><desc></desc><category></category></programme><programme channel="155053772" start="20230101080000 +0000" stop="20230101090000 +0000" catchup-id="1312928839"><title>DOCUMENTARIES</title><date></date><icon src="https://t-mobiletv.nl:443/CPS/images/universal/film/program/202212/20221225/79/20221225020129716b8l.jpg"></icon><desc></desc><category></category></programme><programme channel="155053772" start="20230101090000 +0000" stop="20230101100000 +0000" catchup-id="1312928845"><title>STARS IN SHORTS</title><date></date><icon src="https://t-mobiletv.nl:443/CPS/images/universal/film/program/202212/20221225/54/2022122502012971656x.jpg"></icon><desc></desc><category></category></programme><programme channel="155053772" start="20230101100000 +0000" stop="20230101110000 +0000" catchup-id="1312928851"><title>LOVE ZONE</title><date></date><icon src="https://t-mobiletv.nl:443/CPS/images/universal/film/program/202212/20221225/87/202212250201297174k6.jpg"></icon><desc></desc><category></category></programme><programme channel="155053772" start="20230101110000 +0000" stop="20230101120000 +0000" catchup-id="1312928857"><title>EDITOR'S PICK</title><date></date><icon src="https://t-mobiletv.nl:443/CPS/images/universal/film/program/202212/20221225/21/2022122502012971735b.jpg"></icon><desc></desc><category></category></programme><programme channel="155053772" start="20230101120000 +0000" stop="20230101130000 +0000" catchup-id="1312928863"><title>PURE DRAMA</title><date></date><icon src="https://t-mobiletv.nl:443/CPS/images/universal/film/program/202212/20221225/30/20221225020129717lek.jpg"></icon><desc></desc><category></category></programme><programme channel="155053772" start="20230101130000 +0000" stop="20230101140000 +0000" catchup-id="1312928869"><title>DOCUMENTARIES</title><date></date><icon src="https://t-mobiletv.nl:443/CPS/images/universal/film/program/202212/20221225/83/20221225020129717d1i.jpg"></icon><desc></desc><category></category></programme><programme channel="155053772" start="20230101140000 +0000" stop="20230101150000 +0000" catchup-id="1312928875"><title>EDITOR'S PICK</title><date></date><icon src="https://t-mobiletv.nl:443/CPS/images/universal/film/program/202212/20221225/14/20221225020129717161.jpg"></icon><desc></desc><category></category></programme><programme channel="155053772" start="20230101150000 +0000" stop="20230101160000 +0000" catchup-id="1312928881"><title>ANIMATION</title><date></date><icon src="https://t-mobiletv.nl:443/CPS/images/universal/film/program/202212/20221225/20/202212250201297174nu.jpg"></icon><desc></desc><category></category></programme><programme channel="155053772" start="20230101160000 +0000" stop="20230101170000 +0000" catchup-id="1312928887"><title>STARS IN SHORTS</title><date></date><icon src="https://t-mobiletv.nl:443/CPS/images/universal/film/program/202212/20221225/58/20221225020129717fm2.jpg"></icon><desc></desc><category></category></programme><programme channel="155053772" start="20230101170000 +0000" stop="20230101180000 +0000" catchup-id="1312928893"><title>LOVE ZONE</title><date></date><icon src="https://t-mobiletv.nl:443/CPS/images/universal/film/program/202212/20221225/83/20221225020129717e5p.jpg"></icon><desc></desc><category></category></programme><programme channel="155053772" start="20230101180000 +0000" stop="20230101190000 +0000" catchup-id="1312928899"><title>EDITOR'S PICK</title><date></date><icon src="https://t-mobiletv.nl:443/CPS/images/universal/film/program/202212/20221225/37/20221225020129717yxx.jpg"></icon><desc></desc><category></category></programme><programme channel="155053772" start="20230101190000 +0000" stop="20230101200000 +0000" catchup-id="1312928905"><title>PURE DRAMA</title><date></date><icon src="https://t-mobiletv.nl:443/CPS/images/universal/film/program/202212/20221225/34/20221225020129717fmq.jpg"></icon><desc></desc><category></category></programme><programme channel="155053772" start="20230101200000 +0000" stop="20230101210000 +0000" catchup-id="1312928911"><title>BEST OF EDITOR'S PICK EUROPEAN</title><date></date><icon src="https://t-mobiletv.nl:443/CPS/images/universal/film/program/202212/20221225/90/20221225020129717brs.jpg"></icon><desc></desc><category></category></programme><programme channel="155053772" start="20230101210000 +0000" stop="20230101220000 +0000" catchup-id="1312928917"><title>BEST OF 2022</title><date></date><icon src="https://t-mobiletv.nl:443/CPS/images/universal/film/program/202212/20221225/58/202212250201297179yx.jpg"></icon><desc></desc><category></category></programme><programme channel="155053772" start="20230101220000 +0000" stop="20230101223000 +0000" catchup-id="1312928923"><title>BEST OF EDITOR'S PICK EUROPEAN</title><date></date><icon src="https://t-mobiletv.nl:443/CPS/images/universal/film/program/202212/20221225/90/20221225020129717tge.jpg"></icon><desc></desc><category></category></programme><programme channel="155053772" start="20230101223000 +0000" stop="20230101230000 +0000" catchup-id="1312928929"><title>LOVE ZONE</title><date></date><icon src="https://t-mobiletv.nl:443/CPS/images/universal/film/program/202212/20221225/19/20221225020129717foa.jpg"></icon><desc></desc><category></category></programme><programme channel="155053772" start="20230101230000 +0000" stop="20230102000000 +0000" catchup-id="1312928935"><title>MIDNIGHT HORROR</title><date></date><icon src="https://t-mobiletv.nl:443/CPS/images/universal/film/program/202212/20221225/24/20221225020129717t66.jpg"></icon><desc></desc><category></category></programme><programme channel="155053772" start="20230102000000 +0000" stop="20230102010000 +0000" catchup-id="1312928941"><title>BEST OF EDITOR'S PICK EUROPEAN</title><date></date><icon src="https://t-mobiletv.nl:443/CPS/images/universal/film/program/202212/20221225/34/20221225020129717m2n.jpg"></icon><desc></desc><category></category></programme><programme channel="155053772" start="20230102010000 +0000" stop="20230102020000 +0000" catchup-id="1312928947"><title>BEST OF 2022</title><date></date><icon src="https://t-mobiletv.nl:443/CPS/images/universal/film/program/202212/20221225/81/20221225020129717cxg.jpg"></icon><desc></desc><category></category></programme><programme channel="155053772" start="20230102020000 +0000" stop="20230102030000 +0000" catchup-id="1312928953"><title>MIDNIGHT HORROR</title><date></date><icon src="https://t-mobiletv.nl:443/CPS/images/universal/film/program/202212/20221225/36/20221225020129717m80.jpg"></icon><desc></desc><category></category></programme><programme channel="155053772" start="20230102030000 +0000" stop="20230102040000 +0000" catchup-id="1312928959"><title>BEST OF EDITOR'S PICK EUROPEAN</title><date></date><icon src="https://t-mobiletv.nl:443/CPS/images/universal/film/program/202212/20221225/32/20221225020129718do1.jpg"></icon><desc></desc><category></category></programme><programme channel="155053772" start="20230102040000 +0000" stop="20230102050000 +0000" catchup-id="1312928965"><title>EARTH MATTERS</title><date></date><icon src="https://t-mobiletv.nl:443/CPS/images/universal/film/program/202212/20221225/68/202212250201297186ql.jpg"></icon><desc></desc><category></category></programme><programme channel="155053772" start="20230102050000 +0000" stop="20230102060000 +0000" catchup-id="1313237605"><title>PURE DRAMA</title><date></date><icon src="https://t-mobiletv.nl:443/CPS/images/universal/film/program/202212/20221226/56/20221226020049719t51.jpg"></icon><desc></desc><category></category></programme><programme channel="155053772" start="20230102060000 +0000" stop="20230102070000 +0000" catchup-id="1313237611"><title>ANIMATION</title><date></date><icon src="https://t-mobiletv.nl:443/CPS/images/universal/film/program/202212/20221226/45/20221226020049719vt0.jpg"></icon><desc></desc><category></category></programme><programme channel="155053772" start="20230102070000 +0000" stop="20230102080000 +0000" catchup-id="1313237617"><title>WORLD CINEMA</title><date></date><icon src="https://t-mobiletv.nl:443/CPS/images/universal/film/program/202212/20221226/2/20221226020049719h2v.jpg"></icon><desc></desc><category></category></programme><programme channel="155053772" start="20230102080000 +0000" stop="20230102090000 +0000" catchup-id="1313237623"><title>DOCUMENTARIES</title><date></date><icon src="https://t-mobiletv.nl:443/CPS/images/universal/film/program/202212/20221226/48/20221226020049719vx1.jpg"></icon><desc></desc><category></category></programme><programme channel="155053772" start="20230102090000 +0000" stop="20230102100000 +0000" catchup-id="1313237629"><title>EDITOR'S PICK</title><date></date><icon src="https://t-mobiletv.nl:443/CPS/images/universal/film/program/202212/20221226/41/20221226020049719yn7.jpg"></icon><desc></desc><category></category></programme><programme channel="155053772" start="20230102100000 +0000" stop="20230102110000 +0000" catchup-id="1313237635"><title>LOVE ZONE</title><date></date><icon src="https://t-mobiletv.nl:443/CPS/images/universal/film/program/202212/20221226/63/202212260200497197so.jpg"></icon><desc></desc><category></category></programme><programme channel="155053772" start="20230102110000 +0000" stop="20230102120000 +0000" catchup-id="1313237641"><title>COMEDY</title><date></date><icon src="https://t-mobiletv.nl:443/CPS/images/universal/film/program/202212/20221226/38/20221226020049719mt8.jpg"></icon><desc></desc><category></category></programme><programme channel="155053772" start="20230102120000 +0000" stop="20230102130000 +0000" catchup-id="1313237647"><title>PURE DRAMA</title><date></date><icon src="https://t-mobiletv.nl:443/CPS/images/universal/film/program/202212/20221226/33/202212260200497191n5.jpg"></icon><desc></desc><category></category></programme><programme channel="155053772" start="20230102130000 +0000" stop="20230102140000 +0000" catchup-id="1313237653"><title>DOCUMENTARIES</title><date></date><icon src="https://t-mobiletv.nl:443/CPS/images/universal/film/program/202212/20221226/64/202212260200497191mi.jpg"></icon><desc></desc><category></category></programme><programme channel="155053772" start="20230102140000 +0000" stop="20230102150000 +0000" catchup-id="1313237659"><title>WORLD CINEMA</title><date></date><icon src="https://t-mobiletv.nl:443/CPS/images/universal/film/program/202212/20221226/44/20221226020049720tr4.jpg"></icon><desc></desc><category></category></programme><programme channel="155053772" start="20230102150000 +0000" stop="20230102160000 +0000" catchup-id="1313237665"><title>ANIMATION</title><date></date><icon src="https://t-mobiletv.nl:443/CPS/images/universal/film/program/202212/20221226/47/20221226020049720hdk.jpg"></icon><desc></desc><category></category></programme><programme channel="155053772" start="20230102160000 +0000" stop="20230102170000 +0000" catchup-id="1313237671"><title>EDITOR'S PICK</title><date></date><icon src="https://t-mobiletv.nl:443/CPS/images/universal/film/program/202212/20221226/92/20221226020049720pz2.jpg"></icon><desc></desc><category></category></programme><programme channel="155053772" start="20230102170000 +0000" stop="20230102180000 +0000" catchup-id="1313237677"><title>LOVE ZONE</title><date></date><icon src="https://t-mobiletv.nl:443/CPS/images/universal/film/program/202212/20221226/7/202212260200497203ns.jpg"></icon><desc></desc><category></category></programme><programme channel="155053772" start="20230102180000 +0000" stop="20230102190000 +0000" catchup-id="1313237683"><title>COMEDY</title><date></date><icon src="https://t-mobiletv.nl:443/CPS/images/universal/film/program/202212/20221226/83/20221226020049720k2p.jpg"></icon><desc></desc><category></category></programme><programme channel="155053772" start="20230102190000 +0000" stop="20230102200000 +0000" catchup-id="1313237689"><title>PURE DRAMA</title><date></date><icon src="https://t-mobiletv.nl:443/CPS/images/universal/film/program/202212/20221226/54/202212260200497205p6.jpg"></icon><desc></desc><category></category></programme><programme channel="155053772" start="20230102200000 +0000" stop="20230102210000 +0000" catchup-id="1313237695"><title>NEDERLANDSE FILM ACADEMY</title><date></date><icon src="https://t-mobiletv.nl:443/CPS/images/universal/film/program/202212/20221226/63/20221226020049720oyi.jpg"></icon><desc></desc><category></category></programme><programme channel="155053772" start="20230102210000 +0000" stop="20230102220000 +0000" catchup-id="1313237701"><title>EARTH MATTERS</title><date></date><icon src="https://t-mobiletv.nl:443/CPS/images/universal/film/program/202212/20221226/11/20221226020049720jsl.jpg"></icon><desc></desc><category></category></programme><programme channel="155053772" start="20230102220000 +0000" stop="20230102223000 +0000" catchup-id="1313237707"><title>WATCH IN COLOR</title><date></date><icon src="https://t-mobiletv.nl:443/CPS/images/universal/film/program/202212/20221226/4/20221226020049720c5i.jpg"></icon><desc></desc><category></category></programme><programme channel="155053772" start="20230102223000 +0000" stop="20230102230000 +0000" catchup-id="1313237713"><title>DUTCH STORIES</title><date></date><icon src="https://t-mobiletv.nl:443/CPS/images/universal/film/program/202212/20221226/22/202212260200497207ce.jpg"></icon><desc></desc><category></category></programme><programme channel="155053772" start="20230102230000 +0000" stop="20230103000000 +0000" catchup-id="1314798303"><title>MIDNIGHT HORROR</title><date></date><icon src="https://t-mobiletv.nl:443/CPS/images/universal/film/program/202212/20221229/9/20221229210134712n00.jpg"></icon><desc></desc><category></category></programme><programme channel="155053772" start="20230103000000 +0000" stop="20230103010000 +0000" catchup-id="1314798309"><title>NEDERLANDSE FILM ACADEMY</title><date></date><icon src="https://t-mobiletv.nl:443/CPS/images/universal/film/program/202212/20221229/21/20221229210134712qkl.jpg"></icon><desc></desc><category></category></programme><programme channel="155053772" start="20230103010000 +0000" stop="20230103020000 +0000" catchup-id="1314798763"><title>EARTH MATTERS</title><date></date><icon src="https://t-mobiletv.nl:443/CPS/images/universal/film/program/202212/20221229/22/202212292101347123ix.jpg"></icon><desc></desc><category></category></programme><programme channel="155053772" start="20230103020000 +0000" stop="20230103030000 +0000" catchup-id="1314798769"><title>MIDNIGHT HORROR</title><date></date><icon src="https://t-mobiletv.nl:443/CPS/images/universal/film/program/202212/20221229/96/20221229210134712m2t.jpg"></icon><desc></desc><category></category></programme><programme channel="155053772" start="20230103030000 +0000" stop="20230103040000 +0000" catchup-id="1314798775"><title>NEDERLANDSE FILM ACADEMY</title><date></date><icon src="https://t-mobiletv.nl:443/CPS/images/universal/film/program/202212/20221229/51/20221229210134712ofw.jpg"></icon><desc></desc><category></category></programme><programme channel="155053772" start="20230103040000 +0000" stop="20230103050000 +0000" catchup-id="1314798781"><title>EARTH MATTERS</title><date></date><icon src="https://t-mobiletv.nl:443/CPS/images/universal/film/program/202212/20221229/20/20221229210134712ukd.jpg"></icon><desc></desc><category></category></programme><programme channel="155053772" start="20230103050000 +0000" stop="20230103060000 +0000" catchup-id="1314798787"><title>PURE DRAMA</title><date></date><icon src="https://t-mobiletv.nl:443/CPS/images/universal/film/program/202212/20221229/12/202212292101347124s4.jpg"></icon><desc></desc><category></category></programme><programme channel="155053772" start="20230103060000 +0000" stop="20230103070000 +0000" catchup-id="1314798793"><title>ANIMATION</title><date></date><icon src="https://t-mobiletv.nl:443/CPS/images/universal/film/program/202212/20221229/1/20221229210134713xm1.jpg"></icon><desc></desc><category></category></programme><programme channel="155053772" start="20230103070000 +0000" stop="20230103080000 +0000" catchup-id="1314798799"><title>WORLD CINEMA</title><date></date><icon src="https://t-mobiletv.nl:443/CPS/images/universal/film/program/202212/20221229/69/202212292101347138p7.jpg"></icon><desc></desc><category></category></programme><programme channel="155053772" start="20230103080000 +0000" stop="20230103090000 +0000" catchup-id="1314798805"><title>DOCUMENTARIES</title><date></date><icon src="https://t-mobiletv.nl:443/CPS/images/universal/film/program/202212/20221229/64/2022122921013471324j.jpg"></icon><desc></desc><category></category></programme><programme channel="155053772" start="20230103090000 +0000" stop="20230103100000 +0000" catchup-id="1314798811"><title>EDITOR'S PICK</title><date></date><icon src="https://t-mobiletv.nl:443/CPS/images/universal/film/program/202212/20221229/50/20221229210134713csy.jpg"></icon><desc></desc><category></category></programme><programme channel="155053772" start="20230103100000 +0000" stop="20230103110000 +0000" catchup-id="1314798817"><title>LOVE ZONE</title><date></date><icon src="https://t-mobiletv.nl:443/CPS/images/universal/film/program/202212/20221229/68/20221229210134713t2p.jpg"></icon><desc></desc><category></category></programme><programme channel="155053772" start="20230103110000 +0000" stop="20230103120000 +0000" catchup-id="1314798823"><title>COMEDY</title><date></date><icon src="https://t-mobiletv.nl:443/CPS/images/universal/film/program/202212/20221229/34/20221229210134713cfn.jpg"></icon><desc></desc><category></category></programme><programme channel="155053772" start="20230103120000 +0000" stop="20230103130000 +0000" catchup-id="1314798829"><title>PURE DRAMA</title><date></date><icon src="https://t-mobiletv.nl:443/CPS/images/universal/film/program/202212/20221229/37/20221229210134713pe2.jpg"></icon><desc></desc><category></category></programme><programme channel="155053772" start="20230103130000 +0000" stop="20230103140000 +0000" catchup-id="1314798835"><title>DOCUMENTARIES</title><date></date><icon src="https://t-mobiletv.nl:443/CPS/images/universal/film/program/202212/20221229/74/20221229210134713c7p.jpg"></icon><desc></desc><category></category></programme><programme channel="155053772" start="20230103140000 +0000" stop="20230103150000 +0000" catchup-id="1314798841"><title>WORLD CINEMA</title><date></date><icon src="https://t-mobiletv.nl:443/CPS/images/universal/film/program/202212/20221229/26/20221229210134713upu.jpg"></icon><desc></desc><category></category></programme><programme channel="155053772" start="20230103150000 +0000" stop="20230103160000 +0000" catchup-id="1314798847"><title>ANIMATION</title><date></date><icon src="https://t-mobiletv.nl:443/CPS/images/universal/film/program/202212/20221229/72/202212292101347132l4.jpg"></icon><desc></desc><category></category></programme><programme channel="155053772" start="20230103160000 +0000" stop="20230103170000 +0000" catchup-id="1314798853"><title>EDITOR'S PICK</title><date></date><icon src="https://t-mobiletv.nl:443/CPS/images/universal/film/program/202212/20221229/61/20221229210134713e0k.jpg"></icon><desc></desc><category></category></programme><programme channel="155053772" start="20230103170000 +0000" stop="20230103180000 +0000" catchup-id="1314798859"><title>LOVE ZONE</title><date></date><icon src="https://t-mobiletv.nl:443/CPS/images/universal/film/program/202212/20221229/15/20221229210134713cr9.jpg"></icon><desc></desc><category></category></programme><programme channel="155053772" start="20230103180000 +0000" stop="20230103190000 +0000" catchup-id="1314798865"><title>COMEDY</title><date></date><icon src="https://t-mobiletv.nl:443/CPS/images/universal/film/program/202212/20221229/67/2022122921013471376d.jpg"></icon><desc></desc><category></category></programme><programme channel="155053772" start="20230103190000 +0000" stop="20230103200000 +0000" catchup-id="1314798871"><title>PURE DRAMA</title><date></date><icon src="https://t-mobiletv.nl:443/CPS/images/universal/film/program/202212/20221229/32/20221229210134713cv2.jpg"></icon><desc></desc><category></category></programme><programme channel="155053772" start="20230103200000 +0000" stop="20230103203000 +0000" catchup-id="1314798877"><title>DUTCH STORIES</title><date></date><icon src="https://t-mobiletv.nl:443/CPS/images/universal/film/program/202212/20221229/82/20221229210134713wfo.jpg"></icon><desc></desc><category></category></programme><programme channel="155053772" start="20230103203000 +0000" stop="20230103210000 +0000" catchup-id="1314798883"><title>FILMMAKER SPOTLIGHT</title><date></date><icon src="https://t-mobiletv.nl:443/CPS/images/universal/film/program/202212/20221229/56/20221229210134713j0e.jpg"></icon><desc></desc><category></category></programme><programme channel="155053772" start="20230103210000 +0000" stop="20230103220000 +0000" catchup-id="1314798889"><title>BEST OF EDITOR'S PICK EUROPEAN</title><date></date><icon src="https://t-mobiletv.nl:443/CPS/images/universal/film/program/202212/20221229/69/202212292101347139od.jpg"></icon><desc></desc><category></category></programme><programme channel="155053772" start="20230103220000 +0000" stop="20230103230000 +0000" catchup-id="1314798895"><title>BEST OF 2022</title><date></date><icon src="https://t-mobiletv.nl:443/CPS/images/universal/film/program/202212/20221229/99/202212292101347136bn.jpg"></icon><desc></desc><category></category></programme><programme channel="155053772" start="20230103230000 +0000" stop="20230104000000 +0000" catchup-id="1314798901"><title>MIDNIGHT HORROR</title><date></date><icon src="https://t-mobiletv.nl:443/CPS/images/universal/film/program/202212/20221229/77/202212292101347142ma.jpg"></icon><desc></desc><category></category></programme><programme channel="155053772" start="20230104000000 +0000" stop="20230104003000 +0000" catchup-id="1314798907"><title>DUTCH STORIES</title><date></date><icon src="https://t-mobiletv.nl:443/CPS/images/universal/film/program/202212/20221229/23/20221229210134714khz.jpg"></icon><desc></desc><category></category></programme><programme channel="155053772" start="20230104003000 +0000" stop="20230104010000 +0000" catchup-id="1314798913"><title>FILMMAKER SPOTLIGHT</title><date></date><icon src="https://t-mobiletv.nl:443/CPS/images/universal/film/program/202212/20221229/30/202212292101347148d6.jpg"></icon><desc></desc><category></category></programme><programme channel="155053772" start="20230104010000 +0000" stop="20230104020000 +0000" catchup-id="1314798919"><title>BEST OF EDITOR'S PICK EUROPEAN</title><date></date><icon src="https://t-mobiletv.nl:443/CPS/images/universal/film/program/202212/20221229/58/20221229210134714lnp.jpg"></icon><desc></desc><category></category></programme><programme channel="155053772" start="20230104020000 +0000" stop="20230104030000 +0000" catchup-id="1314798925"><title>MIDNIGHT HORROR</title><date></date><icon src="https://t-mobiletv.nl:443/CPS/images/universal/film/program/202212/20221229/73/20221229210134714zed.jpg"></icon><desc></desc><category></category></programme><programme channel="155053772" start="20230104030000 +0000" stop="20230104033000 +0000" catchup-id="1314798931"><title>DUTCH STORIES</title><date></date><icon src="https://t-mobiletv.nl:443/CPS/images/universal/film/program/202212/20221229/66/20221229210134714kbq.jpg"></icon><desc></desc><category></category></programme><programme channel="155053772" start="20230104033000 +0000" stop="20230104040000 +0000" catchup-id="1314798937"><title>FILMMAKER SPOTLIGHT</title><date></date><icon src="https://t-mobiletv.nl:443/CPS/images/universal/film/program/202212/20221229/47/202212292101347149dx.jpg"></icon><desc></desc><category></category></programme><programme channel="155053772" start="20230104040000 +0000" stop="20230104050000 +0000" catchup-id="1314798943"><title>BEST OF EDITOR'S PICK EUROPEAN</title><date></date><icon src="https://t-mobiletv.nl:443/CPS/images/universal/film/program/202212/20221229/88/20221229210134714h18.jpg"></icon><desc></desc><category></category></programme><programme channel="155053772" start="20230104050000 +0000" stop="20230104060000 +0000" catchup-id="1314798949"><title>PURE DRAMA</title><date></date><icon src="https://t-mobiletv.nl:443/CPS/images/universal/film/program/202212/20221229/20/20221229210134714b6u.jpg"></icon><desc></desc><category></category></programme><programme channel="155053772" start="20230104060000 +0000" stop="20230104070000 +0000" catchup-id="1314798955"><title>ANIMATION</title><date></date><icon src="https://t-mobiletv.nl:443/CPS/images/universal/film/program/202212/20221229/27/20221229210134714ekx.jpg"></icon><desc></desc><category></category></programme><programme channel="155053772" start="20230104070000 +0000" stop="20230104080000 +0000" catchup-id="1314798961"><title>EDITOR'S PICK</title><date></date><icon src="https://t-mobiletv.nl:443/CPS/images/universal/film/program/202212/20221229/37/20221229210134714c6e.jpg"></icon><desc></desc><category></category></programme><programme channel="155053772" start="20230104080000 +0000" stop="20230104090000 +0000" catchup-id="1314798967"><title>DOCUMENTARIES</title><date></date><icon src="https://t-mobiletv.nl:443/CPS/images/universal/film/program/202212/20221229/3/202212292101347144zl.jpg"></icon><desc></desc><category></category></programme><programme channel="155053772" start="20230104090000 +0000" stop="20230104100000 +0000" catchup-id="1314798973"><title>STARS IN SHORTS</title><date></date><icon src="https://t-mobiletv.nl:443/CPS/images/universal/film/program/202212/20221229/93/20221229210134714fm6.jpg"></icon><desc></desc><category></category></programme><programme channel="155053772" start="20230104100000 +0000" stop="20230104110000 +0000" catchup-id="1314798979"><title>LOVE ZONE</title><date></date><icon src="https://t-mobiletv.nl:443/CPS/images/universal/film/program/202212/20221229/91/202212292101347142zq.jpg"></icon><desc></desc><category></category></programme><programme channel="155053772" start="20230104110000 +0000" stop="20230104120000 +0000" catchup-id="1314798985"><title>EDITOR'S PICK</title><date></date><icon src="https://t-mobiletv.nl:443/CPS/images/universal/film/program/202212/20221229/50/20221229210134714hiv.jpg"></icon><desc></desc><category></category></programme><programme channel="155053772" start="20230104120000 +0000" stop="20230104130000 +0000" catchup-id="1314798991"><title>PURE DRAMA</title><date></date><icon src="https://t-mobiletv.nl:443/CPS/images/universal/film/program/202212/20221229/10/202212292101347148mc.jpg"></icon><desc></desc><category></category></programme><programme channel="155053772" start="20230104130000 +0000" stop="20230104140000 +0000" catchup-id="1314798997"><title>DOCUMENTARIES</title><date></date><icon src="https://t-mobiletv.nl:443/CPS/images/universal/film/program/202212/20221229/26/2022122921013471404u.jpg"></icon><desc></desc><category></category></programme><programme channel="155053772" start="20230104140000 +0000" stop="20230104150000 +0000" catchup-id="1314799003"><title>EDITOR'S PICK</title><date></date><icon src="https://t-mobiletv.nl:443/CPS/images/universal/film/program/202212/20221229/66/2022122921013471428t.jpg"></icon><desc></desc><category></category></programme><programme channel="155053772" start="20230104150000 +0000" stop="20230104160000 +0000" catchup-id="1314799009"><title>ANIMATION</title><date></date><icon src="https://t-mobiletv.nl:443/CPS/images/universal/film/program/202212/20221229/80/20221229210134714mqj.jpg"></icon><desc></desc><category></category></programme><programme channel="155053772" start="20230104160000 +0000" stop="20230104170000 +0000" catchup-id="1314799015"><title>STARS IN SHORTS</title><date></date><icon src="https://t-mobiletv.nl:443/CPS/images/universal/film/program/202212/20221229/69/202212292101347155df.jpg"></icon><desc></desc><category></category></programme><programme channel="155053772" start="20230104170000 +0000" stop="20230104180000 +0000" catchup-id="1314799021"><title>LOVE ZONE</title><date></date><icon src="https://t-mobiletv.nl:443/CPS/images/universal/film/program/202212/20221229/75/20221229210134715qxn.jpg"></icon><desc></desc><category></category></programme><programme channel="155053772" start="20230104180000 +0000" stop="20230104190000 +0000" catchup-id="1314799027"><title>EDITOR'S PICK</title><date></date><icon src="https://t-mobiletv.nl:443/CPS/images/universal/film/program/202212/20221229/86/20221229210134715jyw.jpg"></icon><desc></desc><category></category></programme><programme channel="155053772" start="20230104190000 +0000" stop="20230104200000 +0000" catchup-id="1314799033"><title>PURE DRAMA</title><date></date><icon src="https://t-mobiletv.nl:443/CPS/images/universal/film/program/202212/20221229/92/20221229210134715pa3.jpg"></icon><desc></desc><category></category></programme><programme channel="155053772" start="20230104200000 +0000" stop="20230104210000 +0000" catchup-id="1314799039"><title>SHORTS TV POWERED BY UN WOMEN</title><date></date><icon src="https://t-mobiletv.nl:443/CPS/images/universal/film/program/202212/20221229/91/20221229210134715ay3.jpg"></icon><desc></desc><category></category></programme><programme channel="155053772" start="20230104210000 +0000" stop="20230104223000 +0000" catchup-id="1314799045"><title>OSCAR NOMINATED ANIMATION22</title><date></date><icon src="https://t-mobiletv.nl:443/CPS/images/universal/film/program/202212/20221229/85/20221229210134715411.jpg"></icon><desc></desc><category></category></programme><programme channel="155053772" start="20230104223000 +0000" stop="20230104230000 +0000" catchup-id="1314799051"><title>FILMMAKER SPOTLIGHT</title><date></date><icon src="https://t-mobiletv.nl:443/CPS/images/universal/film/program/202212/20221229/6/20221229210134715e9r.jpg"></icon><desc></desc><category></category></programme><programme channel="155053772" start="20230104230000 +0000" stop="20230105000000 +0000" catchup-id="1314799057"><title>MIDNIGHT HORROR</title><date></date><icon src="https://t-mobiletv.nl:443/CPS/images/universal/film/program/202212/20221229/28/202212292101347159tx.jpg"></icon><desc></desc><category></category></programme><programme channel="155053772" start="20230105000000 +0000" stop="20230105010000 +0000" catchup-id="1314799063"><title>SHORTS TV POWERED BY UN WOMEN</title><date></date><icon src="https://t-mobiletv.nl:443/CPS/images/universal/film/program/202212/20221229/20/202212292101347156m6.jpg"></icon><desc></desc><category></category></programme><programme channel="155053772" start="20230105010000 +0000" stop="20230105020000 +0000" catchup-id="1314799069"><title>EARTH MATTERS</title><date></date><icon src="https://t-mobiletv.nl:443/CPS/images/universal/film/program/202212/20221229/98/20221229210134715w44.jpg"></icon><desc></desc><category></category></programme><programme channel="155053772" start="20230105020000 +0000" stop="20230105030000 +0000" catchup-id="1314799075"><title>MIDNIGHT HORROR</title><date></date><icon src="https://t-mobiletv.nl:443/CPS/images/universal/film/program/202212/20221229/63/20221229210134715562.jpg"></icon><desc></desc><category></category></programme><programme channel="155053772" start="20230105030000 +0000" stop="20230105040000 +0000" catchup-id="1314799081"><title>SHORTS TV POWERED BY UN WOMEN</title><date></date><icon src="https://t-mobiletv.nl:443/CPS/images/universal/film/program/202212/20221229/88/20221229210134715tlv.jpg"></icon><desc></desc><category></category></programme><programme channel="155053772" start="20230105040000 +0000" stop="20230105050000 +0000" catchup-id="1314799087"><title>EARTH MATTERS</title><date></date><icon src="https://t-mobiletv.nl:443/CPS/images/universal/film/program/202212/20221229/86/20221229210134715x1h.jpg"></icon><desc></desc><category></category></programme><programme channel="155053772" start="20230105050000 +0000" stop="20230105060000 +0000" catchup-id="1314799093"><title>PURE DRAMA</title><date></date><icon src="https://t-mobiletv.nl:443/CPS/images/universal/film/program/202212/20221229/87/20221229210134715k8c.jpg"></icon><desc></desc><category></category></programme><programme channel="155053772" start="20230105060000 +0000" stop="20230105070000 +0000" catchup-id="1314799099"><title>ANIMATION</title><date></date><icon src="https://t-mobiletv.nl:443/CPS/images/universal/film/program/202212/20221229/47/20221229210134715iyg.jpg"></icon><desc></desc><category></category></programme><programme channel="155053772" start="20230105070000 +0000" stop="20230105080000 +0000" catchup-id="1314799105"><title>WORLD CINEMA</title><date></date><icon src="https://t-mobiletv.nl:443/CPS/images/universal/film/program/202212/20221229/53/202212292101347153vx.jpg"></icon><desc></desc><category></category></programme><programme channel="155053772" start="20230105080000 +0000" stop="20230105090000 +0000" catchup-id="1314799111"><title>DOCUMENTARIES</title><date></date><icon src="https://t-mobiletv.nl:443/CPS/images/universal/film/program/202212/20221229/45/20221229210134715vtn.jpg"></icon><desc></desc><category></category></programme><programme channel="155053772" start="20230105090000 +0000" stop="20230105100000 +0000" catchup-id="1314799117"><title>EDITOR'S PICK</title><date></date><icon src="https://t-mobiletv.nl:443/CPS/images/universal/film/program/202212/20221229/91/20221229210134715e2h.jpg"></icon><desc></desc><category></category></programme><programme channel="155053772" start="20230105100000 +0000" stop="20230105110000 +0000" catchup-id="1314799123"><title>LOVE ZONE</title><date></date><icon src="https://t-mobiletv.nl:443/CPS/images/universal/film/program/202212/20221229/96/20221229210134715ol8.jpg"></icon><desc></desc><category></category></programme><programme channel="155053772" start="20230105110000 +0000" stop="20230105120000 +0000" catchup-id="1314799129"><title>COMEDY</title><date></date><icon src="https://t-mobiletv.nl:443/CPS/images/universal/film/program/202212/20221229/81/20221229210134716h41.jpg"></icon><desc></desc><category></category></programme><programme channel="155053772" start="20230105120000 +0000" stop="20230105130000 +0000" catchup-id="1314799135"><title>PURE DRAMA</title><date></date><icon src="https://t-mobiletv.nl:443/CPS/images/universal/film/program/202212/20221229/53/20221229210134716ued.jpg"></icon><desc></desc><category></category></programme><programme channel="155053772" start="20230105130000 +0000" stop="20230105140000 +0000" catchup-id="1314799141"><title>DOCUMENTARIES</title><date></date><icon src="https://t-mobiletv.nl:443/CPS/images/universal/film/program/202212/20221229/11/20221229210134716bus.jpg"></icon><desc></desc><category></category></programme><programme channel="155053772" start="20230105140000 +0000" stop="20230105150000 +0000" catchup-id="1314799147"><title>WORLD CINEMA</title><date></date><icon src="https://t-mobiletv.nl:443/CPS/images/universal/film/program/202212/20221229/43/20221229210134716kf2.jpg"></icon><desc></desc><category></category></programme><programme channel="155053772" start="20230105150000 +0000" stop="20230105160000 +0000" catchup-id="1314799153"><title>ANIMATION</title><date></date><icon src="https://t-mobiletv.nl:443/CPS/images/universal/film/program/202212/20221229/16/20221229210134716t39.jpg"></icon><desc></desc><category></category></programme><programme channel="155053772" start="20230105160000 +0000" stop="20230105170000 +0000" catchup-id="1314799159"><title>EDITOR'S PICK</title><date></date><icon src="https://t-mobiletv.nl:443/CPS/images/universal/film/program/202212/20221229/9/20221229210134716u4d.jpg"></icon><desc></desc><category></category></programme><programme channel="155053772" start="20230105170000 +0000" stop="20230105180000 +0000" catchup-id="1314799165"><title>LOVE ZONE</title><date></date><icon src="https://t-mobiletv.nl:443/CPS/images/universal/film/program/202212/20221229/82/20221229210134716te4.jpg"></icon><desc></desc><category></category></programme><programme channel="155053772" start="20230105180000 +0000" stop="20230105190000 +0000" catchup-id="1314799171"><title>COMEDY</title><date></date><icon src="https://t-mobiletv.nl:443/CPS/images/universal/film/program/202212/20221229/2/20221229210134716w6h.jpg"></icon><desc></desc><category></category></programme><programme channel="155053772" start="20230105190000 +0000" stop="20230105200000 +0000" catchup-id="1314799177"><title>PURE DRAMA</title><date></date><icon src="https://t-mobiletv.nl:443/CPS/images/universal/film/program/202212/20221229/96/20221229210134716puj.jpg"></icon><desc></desc><category></category></programme><programme channel="155053772" start="20230105200000 +0000" stop="20230105210000 +0000" catchup-id="1314799183"><title>WORLD FILM SEASON</title><date></date><icon src="https://t-mobiletv.nl:443/CPS/images/universal/film/program/202212/20221229/12/20221229210134716kq5.jpg"></icon><desc></desc><category></category></programme><programme channel="155053772" start="20230105210000 +0000" stop="20230105220000 +0000" catchup-id="1314799189"><title>CHRISTMAS CONTENT 2022</title><date></date><icon src="https://t-mobiletv.nl:443/CPS/images/universal/film/program/202212/20221229/34/20221229210134716z09.jpg"></icon><desc></desc><category></category></programme><programme channel="155053772" start="20230105220000 +0000" stop="20230105230000 +0000" catchup-id="1314799195"><title>BEST OF EDITOR'S PICK EUROPEAN</title><date></date><icon src="https://t-mobiletv.nl:443/CPS/images/universal/film/program/202212/20221229/2/20221229210134716gz2.jpg"></icon><desc></desc><category></category></programme><programme channel="155053772" start="20230105230000 +0000" stop="20230106000000 +0000" catchup-id="1314837147"><title>MIDNIGHT HORROR</title><date></date><icon src="https://t-mobiletv.nl:443/CPS/images/universal/film/program/202212/20221230/33/20221230020119720ywg.jpg"></icon><desc></desc><category></category></programme><programme channel="155053772" start="20230106000000 +0000" stop="20230106010000 +0000" catchup-id="1314837153"><title>WORLD FILM SEASON</title><date></date><icon src="https://t-mobiletv.nl:443/CPS/images/universal/film/program/202212/20221230/73/202212300201197214km.jpg"></icon><desc></desc><category></category></programme><programme channel="155053772" start="20230106010000 +0000" stop="20230106020000 +0000" catchup-id="1314837159"><title>BEST OF EDITOR'S PICK EUROPEAN</title><date></date><icon src="https://t-mobiletv.nl:443/CPS/images/universal/film/program/202212/20221230/22/20221230020119721be5.jpg"></icon><desc></desc><category></category></programme><programme channel="155053772" start="20230106020000 +0000" stop="20230106030000 +0000" catchup-id="1314837165"><title>MIDNIGHT HORROR</title><date></date><icon src="https://t-mobiletv.nl:443/CPS/images/universal/film/program/202212/20221230/74/20221230020119721fcp.jpg"></icon><desc></desc><category></category></programme><programme channel="155053772" start="20230106030000 +0000" stop="20230106040000 +0000" catchup-id="1314837171"><title>WORLD FILM SEASON</title><date></date><icon src="https://t-mobiletv.nl:443/CPS/images/universal/film/program/202212/20221230/51/20221230020119721fml.jpg"></icon><desc></desc><category></category></programme><programme channel="155053772" start="20230106040000 +0000" stop="20230106050000 +0000" catchup-id="1314837177"><title>BEST OF EDITOR'S PICK EUROPEAN</title><date></date><icon src="https://t-mobiletv.nl:443/CPS/images/universal/film/program/202212/20221230/88/20221230020119721tq7.jpg"></icon><desc></desc><category></category></programme><programme channel="155053772" start="20230106050000 +0000" stop="20230106060000 +0000" catchup-id="1314837183"><title>PURE DRAMA</title><date></date><icon src="https://t-mobiletv.nl:443/CPS/images/universal/film/program/202212/20221230/65/20221230020119721yp2.jpg"></icon><desc></desc><category></category></programme><programme channel="155053772" start="20230106060000 +0000" stop="20230106070000 +0000" catchup-id="1314837189"><title>ANIMATION</title><date></date><icon src="https://t-mobiletv.nl:443/CPS/images/universal/film/program/202212/20221230/63/20221230020119721b3c.jpg"></icon><desc></desc><category></category></programme><programme channel="155053772" start="20230106070000 +0000" stop="20230106080000 +0000" catchup-id="1314837195"><title>WORLD CINEMA</title><date></date><icon src="https://t-mobiletv.nl:443/CPS/images/universal/film/program/202212/20221230/80/202212300201197218kf.jpg"></icon><desc></desc><category></category></programme><programme channel="155053772" start="20230106080000 +0000" stop="20230106090000 +0000" catchup-id="1314837201"><title>DOCUMENTARIES</title><date></date><icon src="https://t-mobiletv.nl:443/CPS/images/universal/film/program/202212/20221230/17/20221230020119721pm6.jpg"></icon><desc></desc><category></category></programme><programme channel="155053772" start="20230106090000 +0000" stop="20230106100000 +0000" catchup-id="1314837207"><title>EDITOR'S PICK</title><date></date><icon src="https://t-mobiletv.nl:443/CPS/images/universal/film/program/202212/20221230/57/20221230020119721ui9.jpg"></icon><desc></desc><category></category></programme><programme channel="155053772" start="20230106100000 +0000" stop="20230106110000 +0000" catchup-id="1314837213"><title>LOVE ZONE</title><date></date><icon src="https://t-mobiletv.nl:443/CPS/images/universal/film/program/202212/20221230/29/20221230020119721kae.jpg"></icon><desc></desc><category></category></programme><programme channel="155053772" start="20230106110000 +0000" stop="20230106120000 +0000" catchup-id="1314837219"><title>COMEDY</title><date></date><icon src="https://t-mobiletv.nl:443/CPS/images/universal/film/program/202212/20221230/88/202212300201197216s1.jpg"></icon><desc></desc><category></category></programme><programme channel="155053772" start="20230106120000 +0000" stop="20230106130000 +0000" catchup-id="1314837225"><title>PURE DRAMA</title><date></date><icon src="https://t-mobiletv.nl:443/CPS/images/universal/film/program/202212/20221230/45/20221230020119721q0p.jpg"></icon><desc></desc><category></category></programme><programme channel="155053772" start="20230106130000 +0000" stop="20230106140000 +0000" catchup-id="1314837231"><title>DOCUMENTARIES</title><date></date><icon src="https://t-mobiletv.nl:443/CPS/images/universal/film/program/202212/20221230/9/20221230020119721s7d.jpg"></icon><desc></desc><category></category></programme><programme channel="155053772" start="20230106140000 +0000" stop="20230106150000 +0000" catchup-id="1314837237"><title>WORLD CINEMA</title><date></date><icon src="https://t-mobiletv.nl:443/CPS/images/universal/film/program/202212/20221230/60/20221230020119721qk7.jpg"></icon><desc></desc><category></category></programme><programme channel="155053772" start="20230106150000 +0000" stop="20230106160000 +0000" catchup-id="1314837243"><title>ANIMATION</title><date></date><icon src="https://t-mobiletv.nl:443/CPS/images/universal/film/program/202212/20221230/23/20221230020119721tal.jpg"></icon><desc></desc><category></category></programme><programme channel="155053772" start="20230106160000 +0000" stop="20230106170000 +0000" catchup-id="1314837249"><title>EDITOR'S PICK</title><date></date><icon src="https://t-mobiletv.nl:443/CPS/images/universal/film/program/202212/20221230/58/20221230020119721lm2.jpg"></icon><desc></desc><category></category></programme><programme channel="155053772" start="20230106170000 +0000" stop="20230106180000 +0000" catchup-id="1314837255"><title>LOVE ZONE</title><date></date><icon src="https://t-mobiletv.nl:443/CPS/images/universal/film/program/202212/20221230/45/202212300201197215ox.jpg"></icon><desc></desc><category></category></programme><programme channel="155053772" start="20230106180000 +0000" stop="20230106190000 +0000" catchup-id="1314837261"><title>COMEDY</title><date></date><icon src="https://t-mobiletv.nl:443/CPS/images/universal/film/program/202212/20221230/40/202212300201197224ax.jpg"></icon><desc></desc><category></category></programme><programme channel="155053772" start="20230106190000 +0000" stop="20230106200000 +0000" catchup-id="1314837267"><title>PURE DRAMA</title><date></date><icon src="https://t-mobiletv.nl:443/CPS/images/universal/film/program/202212/20221230/17/20221230020119722nr3.jpg"></icon><desc></desc><category></category></programme><programme channel="155053772" start="20230106200000 +0000" stop="20230106210000 +0000" catchup-id="1314837273"><title>COMEDY POST-9</title><date></date><icon src="https://t-mobiletv.nl:443/CPS/images/universal/film/program/202212/20221230/66/20221230020119722bjf.jpg"></icon><desc></desc><category></category></programme><programme channel="155053772" start="20230106210000 +0000" stop="20230106220000 +0000" catchup-id="1314837279"><title>NEDERLANDSE FILM ACADEMY</title><date></date><icon src="https://t-mobiletv.nl:443/CPS/images/universal/film/program/202212/20221230/47/20221230020119722wup.jpg"></icon><desc></desc><category></category></programme><programme channel="155053772" start="20230106220000 +0000" stop="20230106230000 +0000" catchup-id="1314837285"><title>CHRISTMAS CONTENT 2022</title><date></date><icon src="https://t-mobiletv.nl:443/CPS/images/universal/film/program/202212/20221230/49/20221230020119722xry.jpg"></icon><desc></desc><category></category></programme>