<programme channel="1282999666" start="20221229170000 +0000" stop="20221229173000 +0000" catchup-id="1311747664"><title>Nieuws Curacao</title><date></date><icon src="https://t-mobiletv.nl:443/CPS/images/universal/film/program/202212/20221222/85/202212220200405380x3.jpg"></icon><desc>Programmabeschrijving niet beschikbaar</desc><category></category></programme><programme channel="1282999666" start="20221229173000 +0000" stop="20221229200000 +0000" catchup-id="1311747670"><title>Bo Trai Merdia</title><date></date><icon src="https://t-mobiletv.nl:443/CPS/images/universal/film/program/202212/20221222/83/20221222020040538v03.jpg"></icon><desc>Programmabeschrijving niet beschikbaar</desc><category></category></programme><programme channel="1282999666" start="20221229200000 +0000" stop="20221229210000 +0000" catchup-id="1311747676"><title>We Talk</title><date></date><icon src="https://t-mobiletv.nl:443/CPS/images/universal/film/program/202212/20221222/81/202212220200405383sg.jpg"></icon><desc>Programmabeschrijving niet beschikbaar</desc><category></category></programme><programme channel="1282999666" start="20221229210000 +0000" stop="20221229220000 +0000" catchup-id="1311747682"><title>Nieuws Aruba</title><date></date><icon src="https://t-mobiletv.nl:443/CPS/images/universal/film/program/202212/20221222/68/20221222020040539w33.jpg"></icon><desc>Programmabeschrijving niet beschikbaar</desc><category></category></programme><programme channel="1282999666" start="20221229220000 +0000" stop="20221229230000 +0000" catchup-id="1311747688"><title>Nieuws Suriname</title><date></date><icon src="https://t-mobiletv.nl:443/CPS/images/universal/film/program/202212/20221222/11/202212220200405398j1.jpg"></icon><desc>Programmabeschrijving niet beschikbaar</desc><category></category></programme><programme channel="1282999666" start="20221229230000 +0000" stop="20221230000000 +0000" catchup-id="1311747694"><title>Punto Final</title><date></date><icon src="https://t-mobiletv.nl:443/CPS/images/universal/film/program/202212/20221222/61/2022122202004053933n.jpg"></icon><desc>Programmabeschrijving niet beschikbaar</desc><category></category></programme><programme channel="1282999666" start="20221230000000 +0000" stop="20221230010000 +0000" catchup-id="1311747700"><title>Vvrp Ta Informa</title><date></date><icon src="https://t-mobiletv.nl:443/CPS/images/universal/film/program/202212/20221222/30/20221222020040539jlo.jpg"></icon><desc>Programmabeschrijving niet beschikbaar</desc><category></category></programme><programme channel="1282999666" start="20221230010000 +0000" stop="20221230050000 +0000" catchup-id="1311747706"><title>Tele Curacao</title><date></date><icon src="https://t-mobiletv.nl:443/CPS/images/universal/film/program/202212/20221222/11/20221222020040539q3i.jpg"></icon><desc>Programmabeschrijving niet beschikbaar</desc><category></category></programme><programme channel="1282999666" start="20221230050000 +0000" stop="20221230070000 +0000" catchup-id="1312149505"><title>Tcfm</title><date></date><icon src="https://t-mobiletv.nl:443/CPS/images/universal/film/program/202212/20221223/41/20221223020039704t3c.jpg"></icon><desc>Programmabeschrijving niet beschikbaar</desc><category></category></programme><programme channel="1282999666" start="20221230070000 +0000" stop="20221230080000 +0000" catchup-id="1312149511"><title>Herhaling Nieuws Curacao</title><date></date><icon src="https://t-mobiletv.nl:443/CPS/images/universal/film/program/202212/20221223/68/20221223020039705v3t.jpg"></icon><desc>Programmabeschrijving niet beschikbaar</desc><category></category></programme><programme channel="1282999666" start="20221230080000 +0000" stop="20221230090000 +0000" catchup-id="1312149517"><title>Bonochi Korsou</title><date></date><icon src="https://t-mobiletv.nl:443/CPS/images/universal/film/program/202212/20221223/11/20221223020039705ocg.jpg"></icon><desc>Programmabeschrijving niet beschikbaar</desc><category></category></programme><programme channel="1282999666" start="20221230090000 +0000" stop="20221230100000 +0000" catchup-id="1312149523"><title>Punto Final</title><date></date><icon src="https://t-mobiletv.nl:443/CPS/images/universal/film/program/202212/20221223/6/20221223020039705hsf.jpg"></icon><desc>Programmabeschrijving niet beschikbaar</desc><category></category></programme><programme channel="1282999666" start="20221230100000 +0000" stop="20221230110000 +0000" catchup-id="1312149529"><title>Harhaling Nieuws Aruba</title><date></date><icon src="https://t-mobiletv.nl:443/CPS/images/universal/film/program/202212/20221223/70/20221223020039705r1d.jpg"></icon><desc>Programmabeschrijving niet beschikbaar</desc><category></category></programme><programme channel="1282999666" start="20221230110000 +0000" stop="20221230113000 +0000" catchup-id="1312149535"><title>Music Varia</title><date></date><icon src="https://t-mobiletv.nl:443/CPS/images/universal/film/program/202212/20221223/76/2022122302003970553w.jpg"></icon><desc>Programmabeschrijving niet beschikbaar</desc><category></category></programme><programme channel="1282999666" start="20221230113000 +0000" stop="20221230143000 +0000" catchup-id="1312149541"><title>Moru Bondia</title><date></date><icon src="https://t-mobiletv.nl:443/CPS/images/universal/film/program/202212/20221223/85/20221223020039705yg2.jpg"></icon><desc>Programmabeschrijving niet beschikbaar</desc><category></category></programme><programme channel="1282999666" start="20221230143000 +0000" stop="20221230160000 +0000" catchup-id="1312149931"><title>Mainta</title><date></date><icon src="https://t-mobiletv.nl:443/CPS/images/universal/film/program/202212/20221223/40/20221223020039705hu8.jpg"></icon><desc>Programmabeschrijving niet beschikbaar</desc><category></category></programme><programme channel="1282999666" start="20221230160000 +0000" stop="20221230170000 +0000" catchup-id="1312149937"><title>Dune Un Chens</title><date></date><icon src="https://t-mobiletv.nl:443/CPS/images/universal/film/program/202212/20221223/49/20221223020039705y0q.jpg"></icon><desc>Programmabeschrijving niet beschikbaar</desc><category></category></programme><programme channel="1282999666" start="20221230170000 +0000" stop="20221230173000 +0000" catchup-id="1312149943"><title>Nieuws Curacao</title><date></date><icon src="https://t-mobiletv.nl:443/CPS/images/universal/film/program/202212/20221223/83/20221223020039705lls.jpg"></icon><desc>Programmabeschrijving niet beschikbaar</desc><category></category></programme><programme channel="1282999666" start="20221230173000 +0000" stop="20221230200000 +0000" catchup-id="1312149949"><title>Bo Trai Merdia</title><date></date><icon src="https://t-mobiletv.nl:443/CPS/images/universal/film/program/202212/20221223/58/20221223020039705xih.jpg"></icon><desc>Programmabeschrijving niet beschikbaar</desc><category></category></programme><programme channel="1282999666" start="20221230200000 +0000" stop="20221230210000 +0000" catchup-id="1312149955"><title>We Talk</title><date></date><icon src="https://t-mobiletv.nl:443/CPS/images/universal/film/program/202212/20221223/40/20221223020039705f0u.jpg"></icon><desc>Programmabeschrijving niet beschikbaar</desc><category></category></programme><programme channel="1282999666" start="20221230210000 +0000" stop="20221230220000 +0000" catchup-id="1312149961"><title>Nieuws Aruba</title><date></date><icon src="https://t-mobiletv.nl:443/CPS/images/universal/film/program/202212/20221223/98/202212230200397057pd.jpg"></icon><desc>Programmabeschrijving niet beschikbaar</desc><category></category></programme><programme channel="1282999666" start="20221230220000 +0000" stop="20221230230000 +0000" catchup-id="1312149967"><title>Nieuws Suriname</title><date></date><icon src="https://t-mobiletv.nl:443/CPS/images/universal/film/program/202212/20221223/46/202212230200397050mp.jpg"></icon><desc>Programmabeschrijving niet beschikbaar</desc><category></category></programme><programme channel="1282999666" start="20221230230000 +0000" stop="20221231000000 +0000" catchup-id="1312149973"><title>Punto Final</title><date></date><icon src="https://t-mobiletv.nl:443/CPS/images/universal/film/program/202212/20221223/19/20221223020039705kpq.jpg"></icon><desc>Programmabeschrijving niet beschikbaar</desc><category></category></programme><programme channel="1282999666" start="20221231000000 +0000" stop="20221231010000 +0000" catchup-id="1312149979"><title>Caribbean Vibration</title><date></date><icon src="https://t-mobiletv.nl:443/CPS/images/universal/film/program/202212/20221223/9/20221223020039705jh3.jpg"></icon><desc>Programmabeschrijving niet beschikbaar</desc><category></category></programme><programme channel="1282999666" start="20221231010000 +0000" stop="20221231050000 +0000" catchup-id="1312149985"><title>Tele Curacao</title><date></date><icon src="https://t-mobiletv.nl:443/CPS/images/universal/film/program/202212/20221223/3/20221223020039705b8r.jpg"></icon><desc>Programmabeschrijving niet beschikbaar</desc><category></category></programme><programme channel="1282999666" start="20221231050000 +0000" stop="20221231070000 +0000" catchup-id="1312568600"><title>Tcfm</title><date></date><icon src="https://t-mobiletv.nl:443/CPS/images/universal/film/program/202212/20221224/1/20221224020114703025.jpg"></icon><desc>Programmabeschrijving niet beschikbaar</desc><category></category></programme><programme channel="1282999666" start="20221231070000 +0000" stop="20221231080000 +0000" catchup-id="1312568606"><title>Herhaling Nieuws Curacao</title><date></date><icon src="https://t-mobiletv.nl:443/CPS/images/universal/film/program/202212/20221224/36/20221224020114703zps.jpg"></icon><desc>Programmabeschrijving niet beschikbaar</desc><category></category></programme><programme channel="1282999666" start="20221231080000 +0000" stop="20221231090000 +0000" catchup-id="1312568612"><title>Bonochi Korsou</title><date></date><icon src="https://t-mobiletv.nl:443/CPS/images/universal/film/program/202212/20221224/29/20221224020114703y39.jpg"></icon><desc>Programmabeschrijving niet beschikbaar</desc><category></category></programme><programme channel="1282999666" start="20221231090000 +0000" stop="20221231100000 +0000" catchup-id="1312568618"><title>Punto Final</title><date></date><icon src="https://t-mobiletv.nl:443/CPS/images/universal/film/program/202212/20221224/94/20221224020114703812.jpg"></icon><desc>Programmabeschrijving niet beschikbaar</desc><category></category></programme><programme channel="1282999666" start="20221231100000 +0000" stop="20221231110000 +0000" catchup-id="1312568624"><title>Desiree</title><date></date><icon src="https://t-mobiletv.nl:443/CPS/images/universal/film/program/202212/20221224/59/20221224020114703c3l.jpg"></icon><desc>Programmabeschrijving niet beschikbaar</desc><category></category></programme><programme channel="1282999666" start="20221231110000 +0000" stop="20221231113000 +0000" catchup-id="1312568630"><title>Music Varia</title><date></date><icon src="https://t-mobiletv.nl:443/CPS/images/universal/film/program/202212/20221224/29/20221224020114704pff.jpg"></icon><desc>Programmabeschrijving niet beschikbaar</desc><category></category></programme><programme channel="1282999666" start="20221231113000 +0000" stop="20221231143000 +0000" catchup-id="1312568636"><title>Moru Bondia</title><date></date><icon src="https://t-mobiletv.nl:443/CPS/images/universal/film/program/202212/20221224/67/20221224020114704q9d.jpg"></icon><desc>Programmabeschrijving niet beschikbaar</desc><category></category></programme><programme channel="1282999666" start="20221231143000 +0000" stop="20221231160000 +0000" catchup-id="1312568642"><title>Mainta</title><date></date><icon src="https://t-mobiletv.nl:443/CPS/images/universal/film/program/202212/20221224/30/2022122402011470463x.jpg"></icon><desc>Programmabeschrijving niet beschikbaar</desc><category></category></programme><programme channel="1282999666" start="20221231160000 +0000" stop="20221231170000 +0000" catchup-id="1312568648"><title>Dune Un Chens</title><date></date><icon src="https://t-mobiletv.nl:443/CPS/images/universal/film/program/202212/20221224/12/20221224020114704dr3.jpg"></icon><desc>Programmabeschrijving niet beschikbaar</desc><category></category></programme><programme channel="1282999666" start="20221231170000 +0000" stop="20221231173000 +0000" catchup-id="1312568654"><title>Nieuws Curacao</title><date></date><icon src="https://t-mobiletv.nl:443/CPS/images/universal/film/program/202212/20221224/98/20221224020114704fif.jpg"></icon><desc>Programmabeschrijving niet beschikbaar</desc><category></category></programme><programme channel="1282999666" start="20221231173000 +0000" stop="20221231200000 +0000" catchup-id="1312568660"><title>Bo Trai Merdia</title><date></date><icon src="https://t-mobiletv.nl:443/CPS/images/universal/film/program/202212/20221224/5/2022122402011470474e.jpg"></icon><desc>Programmabeschrijving niet beschikbaar</desc><category></category></programme><programme channel="1282999666" start="20221231200000 +0000" stop="20221231210000 +0000" catchup-id="1312568666"><title>We Talk</title><date></date><icon src="https://t-mobiletv.nl:443/CPS/images/universal/film/program/202212/20221224/15/20221224020114704q40.jpg"></icon><desc>Programmabeschrijving niet beschikbaar</desc><category></category></programme><programme channel="1282999666" start="20221231210000 +0000" stop="20221231220000 +0000" catchup-id="1312568672"><title>Nieuws Aruba</title><date></date><icon src="https://t-mobiletv.nl:443/CPS/images/universal/film/program/202212/20221224/43/20221224020114704mtd.jpg"></icon><desc>Programmabeschrijving niet beschikbaar</desc><category></category></programme><programme channel="1282999666" start="20221231220000 +0000" stop="20221231230000 +0000" catchup-id="1312568678"><title>Nieuws Suriname</title><date></date><icon src="https://t-mobiletv.nl:443/CPS/images/universal/film/program/202212/20221224/4/20221224020114704kel.jpg"></icon><desc>Programmabeschrijving niet beschikbaar</desc><category></category></programme><programme channel="1282999666" start="20221231230000 +0000" stop="20230101000000 +0000" catchup-id="1312568684"><title>Punto Final</title><date></date><icon src="https://t-mobiletv.nl:443/CPS/images/universal/film/program/202212/20221224/3/20221224020114704z7n.jpg"></icon><desc>Programmabeschrijving niet beschikbaar</desc><category></category></programme><programme channel="1282999666" start="20230101000000 +0000" stop="20230101010000 +0000" catchup-id="1312568690"><title>Gerard &amp; Wijngaarden</title><date></date><icon src="https://t-mobiletv.nl:443/CPS/images/universal/film/program/202212/20221224/17/20221224020114704so7.jpg"></icon><desc>Programmabeschrijving niet beschikbaar</desc><category></category></programme><programme channel="1282999666" start="20230101010000 +0000" stop="20230101050000 +0000" catchup-id="1312568696"><title>Tele Curacao</title><date></date><icon src="https://t-mobiletv.nl:443/CPS/images/universal/film/program/202212/20221224/37/20221224020114704n9g.jpg"></icon><desc>Programmabeschrijving niet beschikbaar</desc><category></category></programme><programme channel="1282999666" start="20230101050000 +0000" stop="20230101070000 +0000" catchup-id="1312924031"><title>Tcfm</title><date></date><icon src="https://t-mobiletv.nl:443/CPS/images/universal/film/program/202212/20221225/7/20221225020119949y1f.jpg"></icon><desc>Programmabeschrijving niet beschikbaar</desc><category></category></programme><programme channel="1282999666" start="20230101070000 +0000" stop="20230101080000 +0000" catchup-id="1312924037"><title>Herhaling Nieuws Curacao</title><date></date><icon src="https://t-mobiletv.nl:443/CPS/images/universal/film/program/202212/20221225/21/20221225020119950ory.jpg"></icon><desc>Programmabeschrijving niet beschikbaar</desc><category></category></programme><programme channel="1282999666" start="20230101080000 +0000" stop="20230101090000 +0000" catchup-id="1312924043"><title>Bonochi Korsou</title><date></date><icon src="https://t-mobiletv.nl:443/CPS/images/universal/film/program/202212/20221225/18/20221225020119950oj5.jpg"></icon><desc>Programmabeschrijving niet beschikbaar</desc><category></category></programme><programme channel="1282999666" start="20230101090000 +0000" stop="20230101100000 +0000" catchup-id="1312924049"><title>Punto Final</title><date></date><icon src="https://t-mobiletv.nl:443/CPS/images/universal/film/program/202212/20221225/72/20221225020119950hnt.jpg"></icon><desc>Programmabeschrijving niet beschikbaar</desc><category></category></programme><programme channel="1282999666" start="20230101100000 +0000" stop="20230101110000 +0000" catchup-id="1312924055"><title>Desiree</title><date></date><icon src="https://t-mobiletv.nl:443/CPS/images/universal/film/program/202212/20221225/30/20221225020119950o4h.jpg"></icon><desc>Programmabeschrijving niet beschikbaar</desc><category></category></programme><programme channel="1282999666" start="20230101110000 +0000" stop="20230101113000 +0000" catchup-id="1312924061"><title>Music Varia</title><date></date><icon src="https://t-mobiletv.nl:443/CPS/images/universal/film/program/202212/20221225/51/20221225020119950x5j.jpg"></icon><desc>Programmabeschrijving niet beschikbaar</desc><category></category></programme><programme channel="1282999666" start="20230101113000 +0000" stop="20230101143000 +0000" catchup-id="1312924067"><title>Moru Bondia</title><date></date><icon src="https://t-mobiletv.nl:443/CPS/images/universal/film/program/202212/20221225/81/20221225020119950udb.jpg"></icon><desc>Programmabeschrijving niet beschikbaar</desc><category></category></programme><programme channel="1282999666" start="20230101143000 +0000" stop="20230101160000 +0000" catchup-id="1312924073"><title>Mainta</title><date></date><icon src="https://t-mobiletv.nl:443/CPS/images/universal/film/program/202212/20221225/61/202212250201199502f1.jpg"></icon><desc>Programmabeschrijving niet beschikbaar</desc><category></category></programme><programme channel="1282999666" start="20230101160000 +0000" stop="20230101170000 +0000" catchup-id="1312924079"><title>Dune Un Chens</title><date></date><icon src="https://t-mobiletv.nl:443/CPS/images/universal/film/program/202212/20221225/37/2022122502011995035w.jpg"></icon><desc>Programmabeschrijving niet beschikbaar</desc><category></category></programme><programme channel="1282999666" start="20230101170000 +0000" stop="20230101173000 +0000" catchup-id="1312924085"><title>Nieuws Curacao</title><date></date><icon src="https://t-mobiletv.nl:443/CPS/images/universal/film/program/202212/20221225/78/20221225020119950jqf.jpg"></icon><desc>Programmabeschrijving niet beschikbaar</desc><category></category></programme><programme channel="1282999666" start="20230101173000 +0000" stop="20230101200000 +0000" catchup-id="1312924091"><title>Bo Trai Merdia</title><date></date><icon src="https://t-mobiletv.nl:443/CPS/images/universal/film/program/202212/20221225/96/20221225020119950lpk.jpg"></icon><desc>Programmabeschrijving niet beschikbaar</desc><category></category></programme><programme channel="1282999666" start="20230101200000 +0000" stop="20230101210000 +0000" catchup-id="1312924097"><title>We Talk</title><date></date><icon src="https://t-mobiletv.nl:443/CPS/images/universal/film/program/202212/20221225/47/20221225020119950k08.jpg"></icon><desc>Programmabeschrijving niet beschikbaar</desc><category></category></programme><programme channel="1282999666" start="20230101210000 +0000" stop="20230101220000 +0000" catchup-id="1312924103"><title>Nieuws Aruba</title><date></date><icon src="https://t-mobiletv.nl:443/CPS/images/universal/film/program/202212/20221225/64/202212250201199504tu.jpg"></icon><desc>Programmabeschrijving niet beschikbaar</desc><category></category></programme><programme channel="1282999666" start="20230101220000 +0000" stop="20230101230000 +0000" catchup-id="1312924109"><title>Nieuws Suriname</title><date></date><icon src="https://t-mobiletv.nl:443/CPS/images/universal/film/program/202212/20221225/84/20221225020119950f8y.jpg"></icon><desc>Programmabeschrijving niet beschikbaar</desc><category></category></programme><programme channel="1282999666" start="20230101230000 +0000" stop="20230102000000 +0000" catchup-id="1315209543"><title>Bam</title><date></date><icon src="https://t-mobiletv.nl:443/CPS/images/universal/film/program/202212/20221230/70/202212302101197630bw.jpg"></icon><desc>Programmabeschrijving niet beschikbaar</desc><category></category></programme><programme channel="1282999666" start="20230102000000 +0000" stop="20230102050000 +0000" catchup-id="1312924127"><title>Tele Curacao</title><date></date><icon src="https://t-mobiletv.nl:443/CPS/images/universal/film/program/202212/20221225/29/20221225020119951un7.jpg"></icon><desc>Programmabeschrijving niet beschikbaar</desc><category></category></programme><programme channel="1282999666" start="20230102050000 +0000" stop="20230102070000 +0000" catchup-id="1315209549"><title>Tcfm</title><date></date><icon src="https://t-mobiletv.nl:443/CPS/images/universal/film/program/202212/20221230/58/20221230210119763cfg.jpg"></icon><desc>Programmabeschrijving niet beschikbaar</desc><category></category></programme><programme channel="1282999666" start="20230102070000 +0000" stop="20230102080000 +0000" catchup-id="1315209555"><title>Herensia</title><date></date><icon src="https://t-mobiletv.nl:443/CPS/images/universal/film/program/202212/20221230/13/20221230210119763qcf.jpg"></icon><desc>Programmabeschrijving niet beschikbaar</desc><category></category></programme><programme channel="1282999666" start="20230102080000 +0000" stop="20230102090000 +0000" catchup-id="1315209561"><title>Bonochi Korsou</title><date></date><icon src="https://t-mobiletv.nl:443/CPS/images/universal/film/program/202212/20221230/3/20221230210119763tgd.jpg"></icon><desc>Programmabeschrijving niet beschikbaar</desc><category></category></programme><programme channel="1282999666" start="20230102090000 +0000" stop="20230102100000 +0000" catchup-id="1313228900"><title>Punto Final</title><date></date><icon src="https://t-mobiletv.nl:443/CPS/images/universal/film/program/202212/20221226/60/20221226020040536tnb.jpg"></icon><desc>Programmabeschrijving niet beschikbaar</desc><category></category></programme><programme channel="1282999666" start="20230102100000 +0000" stop="20230102110000 +0000" catchup-id="1315209567"><title>Desiree</title><date></date><icon src="https://t-mobiletv.nl:443/CPS/images/universal/film/program/202212/20221230/98/20221230210119763vnl.jpg"></icon><desc>Programmabeschrijving niet beschikbaar</desc><category></category></programme><programme channel="1282999666" start="20230102110000 +0000" stop="20230102113000 +0000" catchup-id="1315209573"><title>Music Varia</title><date></date><icon src="https://t-mobiletv.nl:443/CPS/images/universal/film/program/202212/20221230/68/20221230210119763zym.jpg"></icon><desc>Programmabeschrijving niet beschikbaar</desc><category></category></programme><programme channel="1282999666" start="20230102113000 +0000" stop="20230102143000 +0000" catchup-id="1315209579"><title>Moru Bondia</title><date></date><icon src="https://t-mobiletv.nl:443/CPS/images/universal/film/program/202212/20221230/37/20221230210119763m47.jpg"></icon><desc>Programmabeschrijving niet beschikbaar</desc><category></category></programme><programme channel="1282999666" start="20230102143000 +0000" stop="20230102160000 +0000" catchup-id="1315209585"><title>Mainta</title><date></date><icon src="https://t-mobiletv.nl:443/CPS/images/universal/film/program/202212/20221230/72/202212302101197636n3.jpg"></icon><desc>Programmabeschrijving niet beschikbaar</desc><category></category></programme><programme channel="1282999666" start="20230102160000 +0000" stop="20230102170000 +0000" catchup-id="1315209591"><title>Dune Un Chens</title><date></date><icon src="https://t-mobiletv.nl:443/CPS/images/universal/film/program/202212/20221230/82/202212302101197630fr.jpg"></icon><desc>Programmabeschrijving niet beschikbaar</desc><category></category></programme><programme channel="1282999666" start="20230102170000 +0000" stop="20230102173000 +0000" catchup-id="1315209597"><title>Nieuws Curacao</title><date></date><icon src="https://t-mobiletv.nl:443/CPS/images/universal/film/program/202212/20221230/29/20221230210119763lix.jpg"></icon><desc>Programmabeschrijving niet beschikbaar</desc><category></category></programme><programme channel="1282999666" start="20230102173000 +0000" stop="20230102200000 +0000" catchup-id="1315209603"><title>Bo Trai Merdia</title><date></date><icon src="https://t-mobiletv.nl:443/CPS/images/universal/film/program/202212/20221230/8/20221230210119763o4o.jpg"></icon><desc>Programmabeschrijving niet beschikbaar</desc><category></category></programme><programme channel="1282999666" start="20230102200000 +0000" stop="20230102210000 +0000" catchup-id="1315209609"><title>We Talk</title><date></date><icon src="https://t-mobiletv.nl:443/CPS/images/universal/film/program/202212/20221230/85/20221230210119763c69.jpg"></icon><desc>Programmabeschrijving niet beschikbaar</desc><category></category></programme><programme channel="1282999666" start="20230102210000 +0000" stop="20230102220000 +0000" catchup-id="1313228954"><title>Nieuws Aruba</title><date></date><icon src="https://t-mobiletv.nl:443/CPS/images/universal/film/program/202212/20221226/70/20221226020040536kiu.jpg"></icon><desc>Programmabeschrijving niet beschikbaar</desc><category></category></programme><programme channel="1282999666" start="20230102220000 +0000" stop="20230102230000 +0000" catchup-id="1313228960"><title>Nieuws Suriname</title><date></date><icon src="https://t-mobiletv.nl:443/CPS/images/universal/film/program/202212/20221226/66/202212260200405365c9.jpg"></icon><desc>Programmabeschrijving niet beschikbaar</desc><category></category></programme><programme channel="1282999666" start="20230102230000 +0000" stop="20230103000000 +0000" catchup-id="1315209615"><title>Punto Final</title><date></date><icon src="https://t-mobiletv.nl:443/CPS/images/universal/film/program/202212/20221230/3/20221230210119763yhg.jpg"></icon><desc>Programmabeschrijving niet beschikbaar</desc><category></category></programme><programme channel="1282999666" start="20230103000000 +0000" stop="20230103010000 +0000" catchup-id="1315209621"><title>Nahason</title><date></date><icon src="https://t-mobiletv.nl:443/CPS/images/universal/film/program/202212/20221230/73/2022123021011976383f.jpg"></icon><desc>Programmabeschrijving niet beschikbaar</desc><category></category></programme><programme channel="1282999666" start="20230103010000 +0000" stop="20230103050000 +0000" catchup-id="1313228972"><title>Tele Curacao</title><date></date><icon src="https://t-mobiletv.nl:443/CPS/images/universal/film/program/202212/20221226/78/202212260200405367p4.jpg"></icon><desc>Programmabeschrijving niet beschikbaar</desc><category></category></programme><programme channel="1282999666" start="20230103050000 +0000" stop="20230103070000 +0000" catchup-id="1315209627"><title>Tcfm</title><date></date><icon src="https://t-mobiletv.nl:443/CPS/images/universal/film/program/202212/20221230/59/20221230210119764byk.jpg"></icon><desc>Programmabeschrijving niet beschikbaar</desc><category></category></programme><programme channel="1282999666" start="20230103070000 +0000" stop="20230103080000 +0000" catchup-id="1315209633"><title>Herhaling Nieuws Curacao</title><date></date><icon src="https://t-mobiletv.nl:443/CPS/images/universal/film/program/202212/20221230/69/20221230210119764rv3.jpg"></icon><desc>Programmabeschrijving niet beschikbaar</desc><category></category></programme><programme channel="1282999666" start="20230103080000 +0000" stop="20230103090000 +0000" catchup-id="1315209639"><title>Bonochi Korsou</title><date></date><icon src="https://t-mobiletv.nl:443/CPS/images/universal/film/program/202212/20221230/25/202212302101197644hn.jpg"></icon><desc>Programmabeschrijving niet beschikbaar</desc><category></category></programme><programme channel="1282999666" start="20230103090000 +0000" stop="20230103100000 +0000" catchup-id="1315209645"><title>Punto Final</title><date></date><icon src="https://t-mobiletv.nl:443/CPS/images/universal/film/program/202212/20221230/4/20221230210119764140.jpg"></icon><desc>Programmabeschrijving niet beschikbaar</desc><category></category></programme><programme channel="1282999666" start="20230103100000 +0000" stop="20230103110000 +0000" catchup-id="1315209651"><title>Desiree</title><date></date><icon src="https://t-mobiletv.nl:443/CPS/images/universal/film/program/202212/20221230/71/20221230210119764g37.jpg"></icon><desc>Programmabeschrijving niet beschikbaar</desc><category></category></programme><programme channel="1282999666" start="20230103110000 +0000" stop="20230103113000 +0000" catchup-id="1315209657"><title>Music Varia</title><date></date><icon src="https://t-mobiletv.nl:443/CPS/images/universal/film/program/202212/20221230/0/20221230210119764ud0.jpg"></icon><desc>Programmabeschrijving niet beschikbaar</desc><category></category></programme><programme channel="1282999666" start="20230103113000 +0000" stop="20230103143000 +0000" catchup-id="1315209663"><title>Moru Bondia</title><date></date><icon src="https://t-mobiletv.nl:443/CPS/images/universal/film/program/202212/20221230/97/202212302101197645aj.jpg"></icon><desc>Programmabeschrijving niet beschikbaar</desc><category></category></programme><programme channel="1282999666" start="20230103143000 +0000" stop="20230103160000 +0000" catchup-id="1315209669"><title>Mainta</title><date></date><icon src="https://t-mobiletv.nl:443/CPS/images/universal/film/program/202212/20221230/88/202212302101197643y5.jpg"></icon><desc>Programmabeschrijving niet beschikbaar</desc><category></category></programme><programme channel="1282999666" start="20230103160000 +0000" stop="20230103170000 +0000" catchup-id="1315209675"><title>Dune Un Chens</title><date></date><icon src="https://t-mobiletv.nl:443/CPS/images/universal/film/program/202212/20221230/22/20221230210119764vnm.jpg"></icon><desc>Programmabeschrijving niet beschikbaar</desc><category></category></programme><programme channel="1282999666" start="20230103170000 +0000" stop="20230103173000 +0000" catchup-id="1315209681"><title>Nieuws Curacao</title><date></date><icon src="https://t-mobiletv.nl:443/CPS/images/universal/film/program/202212/20221230/49/20221230210119764uaz.jpg"></icon><desc>Programmabeschrijving niet beschikbaar</desc><category></category></programme><programme channel="1282999666" start="20230103173000 +0000" stop="20230103200000 +0000" catchup-id="1315209687"><title>Bo Trai Merdia</title><date></date><icon src="https://t-mobiletv.nl:443/CPS/images/universal/film/program/202212/20221230/90/20221230210119764q3v.jpg"></icon><desc>Programmabeschrijving niet beschikbaar</desc><category></category></programme><programme channel="1282999666" start="20230103200000 +0000" stop="20230103210000 +0000" catchup-id="1315209693"><title>We Talk</title><date></date><icon src="https://t-mobiletv.nl:443/CPS/images/universal/film/program/202212/20221230/66/20221230210119764qcf.jpg"></icon><desc>Programmabeschrijving niet beschikbaar</desc><category></category></programme><programme channel="1282999666" start="20230103210000 +0000" stop="20230103220000 +0000" catchup-id="1313602292"><title>Nieuws Aruba</title><date></date><icon src="https://t-mobiletv.nl:443/CPS/images/universal/film/program/202212/20221227/30/202212270201347103ft.jpg"></icon><desc>Programmabeschrijving niet beschikbaar</desc><category></category></programme><programme channel="1282999666" start="20230103220000 +0000" stop="20230103230000 +0000" catchup-id="1315209699"><title>Nieuws Suriname</title><date></date><icon src="https://t-mobiletv.nl:443/CPS/images/universal/film/program/202212/20221230/35/20221230210119764w7u.jpg"></icon><desc>Programmabeschrijving niet beschikbaar</desc><category></category></programme><programme channel="1282999666" start="20230103230000 +0000" stop="20230104000000 +0000" catchup-id="1315209705"><title>Punto Final</title><date></date><icon src="https://t-mobiletv.nl:443/CPS/images/universal/film/program/202212/20221230/64/20221230210119764wpv.jpg"></icon><desc>Programmabeschrijving niet beschikbaar</desc><category></category></programme><programme channel="1282999666" start="20230104000000 +0000" stop="20230104010000 +0000" catchup-id="1315209711"><title>Vvrp Ta Informa</title><date></date><icon src="https://t-mobiletv.nl:443/CPS/images/universal/film/program/202212/20221230/34/20221230210119764cap.jpg"></icon><desc>Programmabeschrijving niet beschikbaar</desc><category></category></programme><programme channel="1282999666" start="20230104010000 +0000" stop="20230104050000 +0000" catchup-id="1315209717"><title>Tele Curacao</title><date></date><icon src="https://t-mobiletv.nl:443/CPS/images/universal/film/program/202212/20221230/87/20221230210119764k8g.jpg"></icon><desc>Programmabeschrijving niet beschikbaar</desc><category></category></programme><programme channel="1282999666" start="20230104050000 +0000" stop="20230104070000 +0000" catchup-id="1315209723"><title>Tcfm</title><date></date><icon src="https://t-mobiletv.nl:443/CPS/images/universal/film/program/202212/20221230/28/20221230210119764dv2.jpg"></icon><desc>Programmabeschrijving niet beschikbaar</desc><category></category></programme><programme channel="1282999666" start="20230104070000 +0000" stop="20230104080000 +0000" catchup-id="1315209729"><title>Herhaling Nieuws Curacao</title><date></date><icon src="https://t-mobiletv.nl:443/CPS/images/universal/film/program/202212/20221230/70/20221230210119764wzp.jpg"></icon><desc>Programmabeschrijving niet beschikbaar</desc><category></category></programme><programme channel="1282999666" start="20230104080000 +0000" stop="20230104090000 +0000" catchup-id="1315209735"><title>Bonochi Korsou</title><date></date><icon src="https://t-mobiletv.nl:443/CPS/images/universal/film/program/202212/20221230/64/20221230210119764y2g.jpg"></icon><desc>Programmabeschrijving niet beschikbaar</desc><category></category></programme><programme channel="1282999666" start="20230104090000 +0000" stop="20230104100000 +0000" catchup-id="1315209741"><title>Punto Final</title><date></date><icon src="https://t-mobiletv.nl:443/CPS/images/universal/film/program/202212/20221230/18/202212302101197651il.jpg"></icon><desc>Programmabeschrijving niet beschikbaar</desc><category></category></programme><programme channel="1282999666" start="20230104100000 +0000" stop="20230104110000 +0000" catchup-id="1315209747"><title>Harhaling Nieuws Aruba</title><date></date><icon src="https://t-mobiletv.nl:443/CPS/images/universal/film/program/202212/20221230/10/20221230210119765mby.jpg"></icon><desc>Programmabeschrijving niet beschikbaar</desc><category></category></programme><programme channel="1282999666" start="20230104110000 +0000" stop="20230104113000 +0000" catchup-id="1315209753"><title>Music Varia</title><date></date><icon src="https://t-mobiletv.nl:443/CPS/images/universal/film/program/202212/20221230/5/20221230210119765tfg.jpg"></icon><desc>Programmabeschrijving niet beschikbaar</desc><category></category></programme><programme channel="1282999666" start="20230104113000 +0000" stop="20230104143000 +0000" catchup-id="1315209759"><title>Moru Bondia</title><date></date><icon src="https://t-mobiletv.nl:443/CPS/images/universal/film/program/202212/20221230/41/20221230210119765870.jpg"></icon><desc>Programmabeschrijving niet beschikbaar</desc><category></category></programme><programme channel="1282999666" start="20230104143000 +0000" stop="20230104160000 +0000" catchup-id="1315209765"><title>Mainta</title><date></date><icon src="https://t-mobiletv.nl:443/CPS/images/universal/film/program/202212/20221230/73/20221230210119765kio.jpg"></icon><desc>Programmabeschrijving niet beschikbaar</desc><category></category></programme><programme channel="1282999666" start="20230104160000 +0000" stop="20230104170000 +0000" catchup-id="1315209771"><title>Dune Un Chens</title><date></date><icon src="https://t-mobiletv.nl:443/CPS/images/universal/film/program/202212/20221230/29/20221230210119765ien.jpg"></icon><desc>Programmabeschrijving niet beschikbaar</desc><category></category></programme><programme channel="1282999666" start="20230104170000 +0000" stop="20230104173000 +0000" catchup-id="1315209777"><title>Nieuws Curacao</title><date></date><icon src="https://t-mobiletv.nl:443/CPS/images/universal/film/program/202212/20221230/72/20221230210119765bto.jpg"></icon><desc>Programmabeschrijving niet beschikbaar</desc><category></category></programme><programme channel="1282999666" start="20230104173000 +0000" stop="20230104200000 +0000" catchup-id="1315209783"><title>Bo Trai Merdia</title><date></date><icon src="https://t-mobiletv.nl:443/CPS/images/universal/film/program/202212/20221230/97/202212302101197658cm.jpg"></icon><desc>Programmabeschrijving niet beschikbaar</desc><category></category></programme><programme channel="1282999666" start="20230104200000 +0000" stop="20230104210000 +0000" catchup-id="1315209789"><title>We Talk</title><date></date><icon src="https://t-mobiletv.nl:443/CPS/images/universal/film/program/202212/20221230/52/20221230210119765fl1.jpg"></icon><desc>Programmabeschrijving niet beschikbaar</desc><category></category></programme><programme channel="1282999666" start="20230104210000 +0000" stop="20230104220000 +0000" catchup-id="1315209795"><title>Nieuws Aruba</title><date></date><icon src="https://t-mobiletv.nl:443/CPS/images/universal/film/program/202212/20221230/55/20221230210119765ruw.jpg"></icon><desc>Programmabeschrijving niet beschikbaar</desc><category></category></programme><programme channel="1282999666" start="20230104220000 +0000" stop="20230104230000 +0000" catchup-id="1315209801"><title>Nieuws Suriname</title><date></date><icon src="https://t-mobiletv.nl:443/CPS/images/universal/film/program/202212/20221230/54/20221230210119765wyf.jpg"></icon><desc>Programmabeschrijving niet beschikbaar</desc><category></category></programme><programme channel="1282999666" start="20230104230000 +0000" stop="20230105000000 +0000" catchup-id="1315209807"><title>Punto Final</title><date></date><icon src="https://t-mobiletv.nl:443/CPS/images/universal/film/program/202212/20221230/63/20221230210119765n6o.jpg"></icon><desc>Programmabeschrijving niet beschikbaar</desc><category></category></programme><programme channel="1282999666" start="20230105000000 +0000" stop="20230105010000 +0000" catchup-id="1315209813"><title>Caribbean Vibration</title><date></date><icon src="https://t-mobiletv.nl:443/CPS/images/universal/film/program/202212/20221230/24/20221230210119765622.jpg"></icon><desc>Programmabeschrijving niet beschikbaar</desc><category></category></programme><programme channel="1282999666" start="20230105010000 +0000" stop="20230105050000 +0000" catchup-id="1315209819"><title>Tele Curacao</title><date></date><icon src="https://t-mobiletv.nl:443/CPS/images/universal/film/program/202212/20221230/61/20221230210119765aby.jpg"></icon><desc>Programmabeschrijving niet beschikbaar</desc><category></category></programme><programme channel="1282999666" start="20230105050000 +0000" stop="20230105070000 +0000" catchup-id="1315209825"><title>Tcfm</title><date></date><icon src="https://t-mobiletv.nl:443/CPS/images/universal/film/program/202212/20221230/60/20221230210119765m2z.jpg"></icon><desc>Programmabeschrijving niet beschikbaar</desc><category></category></programme><programme channel="1282999666" start="20230105070000 +0000" stop="20230105080000 +0000" catchup-id="1315209831"><title>Herhaling Nieuws Curacao</title><date></date><icon src="https://t-mobiletv.nl:443/CPS/images/universal/film/program/202212/20221230/1/20221230210119765ac2.jpg"></icon><desc>Programmabeschrijving niet beschikbaar</desc><category></category></programme><programme channel="1282999666" start="20230105080000 +0000" stop="20230105090000 +0000" catchup-id="1315209837"><title>Bonochi Korsou</title><date></date><icon src="https://t-mobiletv.nl:443/CPS/images/universal/film/program/202212/20221230/30/202212302101197655zo.jpg"></icon><desc>Programmabeschrijving niet beschikbaar</desc><category></category></programme><programme channel="1282999666" start="20230105090000 +0000" stop="20230105100000 +0000" catchup-id="1315209843"><title>Punto Final</title><date></date><icon src="https://t-mobiletv.nl:443/CPS/images/universal/film/program/202212/20221230/83/20221230210119765hgl.jpg"></icon><desc>Programmabeschrijving niet beschikbaar</desc><category></category></programme><programme channel="1282999666" start="20230105100000 +0000" stop="20230105110000 +0000" catchup-id="1315209849"><title>Desiree</title><date></date><icon src="https://t-mobiletv.nl:443/CPS/images/universal/film/program/202212/20221230/18/202212302101197651ud.jpg"></icon><desc>Programmabeschrijving niet beschikbaar</desc><category></category></programme><programme channel="1282999666" start="20230105110000 +0000" stop="20230105113000 +0000" catchup-id="1315209855"><title>Music Varia</title><date></date><icon src="https://t-mobiletv.nl:443/CPS/images/universal/film/program/202212/20221230/53/20221230210119766x21.jpg"></icon><desc>Programmabeschrijving niet beschikbaar</desc><category></category></programme><programme channel="1282999666" start="20230105113000 +0000" stop="20230105143000 +0000" catchup-id="1315209861"><title>Moru Bondia</title><date></date><icon src="https://t-mobiletv.nl:443/CPS/images/universal/film/program/202212/20221230/8/20221230210119766s44.jpg"></icon><desc>Programmabeschrijving niet beschikbaar</desc><category></category></programme><programme channel="1282999666" start="20230105143000 +0000" stop="20230105160000 +0000" catchup-id="1315209867"><title>Mainta</title><date></date><icon src="https://t-mobiletv.nl:443/CPS/images/universal/film/program/202212/20221230/22/2022123021011976620h.jpg"></icon><desc>Programmabeschrijving niet beschikbaar</desc><category></category></programme><programme channel="1282999666" start="20230105160000 +0000" stop="20230105170000 +0000" catchup-id="1315209873"><title>Dune Un Chens</title><date></date><icon src="https://t-mobiletv.nl:443/CPS/images/universal/film/program/202212/20221230/89/20221230210119766w0m.jpg"></icon><desc>Programmabeschrijving niet beschikbaar</desc><category></category></programme><programme channel="1282999666" start="20230105170000 +0000" stop="20230105173000 +0000" catchup-id="1315209879"><title>Nieuws Curacao</title><date></date><icon src="https://t-mobiletv.nl:443/CPS/images/universal/film/program/202212/20221230/40/202212302101197664ib.jpg"></icon><desc>Programmabeschrijving niet beschikbaar</desc><category></category></programme><programme channel="1282999666" start="20230105173000 +0000" stop="20230105200000 +0000" catchup-id="1315209885"><title>Bo Trai Merdia</title><date></date><icon src="https://t-mobiletv.nl:443/CPS/images/universal/film/program/202212/20221230/91/202212302101197662kd.jpg"></icon><desc>Programmabeschrijving niet beschikbaar</desc><category></category></programme><programme channel="1282999666" start="20230105200000 +0000" stop="20230105210000 +0000" catchup-id="1315209891"><title>We Talk</title><date></date><icon src="https://t-mobiletv.nl:443/CPS/images/universal/film/program/202212/20221230/26/20221230210119766xzs.jpg"></icon><desc>Programmabeschrijving niet beschikbaar</desc><category></category></programme><programme channel="1282999666" start="20230105210000 +0000" stop="20230105220000 +0000" catchup-id="1315209897"><title>Nieuws Aruba</title><date></date><icon src="https://t-mobiletv.nl:443/CPS/images/universal/film/program/202212/20221230/32/20221230210119766ysi.jpg"></icon><desc>Programmabeschrijving niet beschikbaar</desc><category></category></programme><programme channel="1282999666" start="20230105220000 +0000" stop="20230105230000 +0000" catchup-id="1315209903"><title>Nieuws Suriname</title><date></date><icon src="https://t-mobiletv.nl:443/CPS/images/universal/film/program/202212/20221230/66/20221230210119766mb3.jpg"></icon><desc>Programmabeschrijving niet beschikbaar</desc><category></category></programme><programme channel="1282999666" start="20230105230000 +0000" stop="20230106000000 +0000" catchup-id="1315209909"><title>Punto Final</title><date></date><icon src="https://t-mobiletv.nl:443/CPS/images/universal/film/program/202212/20221230/10/20221230210119766yyt.jpg"></icon><desc>Programmabeschrijving niet beschikbaar</desc><category></category></programme><programme channel="1282999666" start="20230106000000 +0000" stop="20230106010000 +0000" catchup-id="1315209915"><title>Gerard &amp; Wijngaarden</title><date></date><icon src="https://t-mobiletv.nl:443/CPS/images/universal/film/program/202212/20221230/88/202212302101197663ae.jpg"></icon><desc>Programmabeschrijving niet beschikbaar</desc><category></category></programme><programme channel="1282999666" start="20230106010000 +0000" stop="20230106050000 +0000" catchup-id="1315209921"><title>Tele Curacao</title><date></date><icon src="https://t-mobiletv.nl:443/CPS/images/universal/film/program/202212/20221230/46/202212302101197668h3.jpg"></icon><desc>Programmabeschrijving niet beschikbaar</desc><category></category></programme><programme channel="1282999666" start="20230106050000 +0000" stop="20230106070000 +0000" catchup-id="1315209927"><title>Tcfm</title><date></date><icon src="https://t-mobiletv.nl:443/CPS/images/universal/film/program/202212/20221230/47/20221230210119766o9q.jpg"></icon><desc>Programmabeschrijving niet beschikbaar</desc><category></category></programme><programme channel="1282999666" start="20230106070000 +0000" stop="20230106080000 +0000" catchup-id="1315209933"><title>Herhaling Nieuws Curacao</title><date></date><icon src="https://t-mobiletv.nl:443/CPS/images/universal/film/program/202212/20221230/80/20221230210119766143.jpg"></icon><desc>Programmabeschrijving niet beschikbaar</desc><category></category></programme><programme channel="1282999666" start="20230106080000 +0000" stop="20230106090000 +0000" catchup-id="1315209939"><title>Bonochi Korsou</title><date></date><icon src="https://t-mobiletv.nl:443/CPS/images/universal/film/program/202212/20221230/60/20221230210119766a4i.jpg"></icon><desc>Programmabeschrijving niet beschikbaar</desc><category></category></programme><programme channel="1282999666" start="20230106090000 +0000" stop="20230106100000 +0000" catchup-id="1315209945"><title>Punto Final</title><date></date><icon src="https://t-mobiletv.nl:443/CPS/images/universal/film/program/202212/20221230/12/20221230210119766e4y.jpg"></icon><desc>Programmabeschrijving niet beschikbaar</desc><category></category></programme><programme channel="1282999666" start="20230106100000 +0000" stop="20230106110000 +0000" catchup-id="1315209951"><title>Desiree</title><date></date><icon src="https://t-mobiletv.nl:443/CPS/images/universal/film/program/202212/20221230/45/20221230210119766zke.jpg"></icon><desc>Programmabeschrijving niet beschikbaar</desc><category></category></programme><programme channel="1282999666" start="20230106110000 +0000" stop="20230106113000 +0000" catchup-id="1315209957"><title>Music Varia</title><date></date><icon src="https://t-mobiletv.nl:443/CPS/images/universal/film/program/202212/20221230/70/20221230210119766mpz.jpg"></icon><desc>Programmabeschrijving niet beschikbaar</desc><category></category></programme><programme channel="1282999666" start="20230106113000 +0000" stop="20230106143000 +0000" catchup-id="1315209963"><title>Moru Bondia</title><date></date><icon src="https://t-mobiletv.nl:443/CPS/images/universal/film/program/202212/20221230/61/2022123021011976697f.jpg"></icon><desc>Programmabeschrijving niet beschikbaar</desc><category></category></programme><programme channel="1282999666" start="20230106143000 +0000" stop="20230106160000 +0000" catchup-id="1315209969"><title>Mainta</title><date></date><icon src="https://t-mobiletv.nl:443/CPS/images/universal/film/program/202212/20221230/71/20221230210119767aad.jpg"></icon><desc>Programmabeschrijving niet beschikbaar</desc><category></category></programme><programme channel="1282999666" start="20230106160000 +0000" stop="20230106170000 +0000" catchup-id="1315209975"><title>Dune Un Chens</title><date></date><icon src="https://t-mobiletv.nl:443/CPS/images/universal/film/program/202212/20221230/42/202212302101197678ey.jpg"></icon><desc>Programmabeschrijving niet beschikbaar</desc><category></category></programme><programme channel="1282999666" start="20230106170000 +0000" stop="20230106173000 +0000" catchup-id="1315209981"><title>Nieuws Curacao</title><date></date><icon src="https://t-mobiletv.nl:443/CPS/images/universal/film/program/202212/20221230/95/20221230210119767mxd.jpg"></icon><desc>Programmabeschrijving niet beschikbaar</desc><category></category></programme><programme channel="1282999666" start="20230106173000 +0000" stop="20230106200000 +0000" catchup-id="1315209987"><title>Bo Trai Merdia</title><date></date><icon src="https://t-mobiletv.nl:443/CPS/images/universal/film/program/202212/20221230/20/202212302101197679kk.jpg"></icon><desc>Programmabeschrijving niet beschikbaar</desc><category></category></programme><programme channel="1282999666" start="20230106200000 +0000" stop="20230106210000 +0000" catchup-id="1315209993"><title>We Talk</title><date></date><icon src="https://t-mobiletv.nl:443/CPS/images/universal/film/program/202212/20221230/63/202212302101197674b0.jpg"></icon><desc>Programmabeschrijving niet beschikbaar</desc><category></category></programme><programme channel="1282999666" start="20230106210000 +0000" stop="20230106220000 +0000" catchup-id="1315209999"><title>Nieuws Aruba</title><date></date><icon src="https://t-mobiletv.nl:443/CPS/images/universal/film/program/202212/20221230/3/2022123021011976703v.jpg"></icon><desc>Programmabeschrijving niet beschikbaar</desc><category></category></programme><programme channel="1282999666" start="20230106220000 +0000" stop="20230106230000 +0000" catchup-id="1315210005"><title>Nieuws Suriname</title><date></date><icon src="https://t-mobiletv.nl:443/CPS/images/universal/film/program/202212/20221230/6/202212302101197676xl.jpg"></icon><desc>Programmabeschrijving niet beschikbaar</desc><category></category></programme><programme channel="1282999666" start="20230106230000 +0000" stop="20230107000000 +0000" catchup-id="1315255803"><title>Latin Lounge</title><date></date><icon src="https://t-mobiletv.nl:443/CPS/images/universal/film/program/202212/20221231/77/202212310201555114m3.jpg"></icon><desc>Programmabeschrijving niet beschikbaar</desc><category></category></programme><programme channel="1282999666" start="20230107000000 +0000" stop="20230107010000 +0000" catchup-id="1315255809"><title>Gerard &amp; Wijngaarden</title><date></date><icon src="https://t-mobiletv.nl:443/CPS/images/universal/film/program/202212/20221231/98/20221231020155511lq0.jpg"></icon><desc>Programmabeschrijving niet beschikbaar</desc><category></category></programme><programme channel="1282999666" start="20230107010000 +0000" stop="20230107050000 +0000" catchup-id="1315255815"><title>Tele Curacao</title><date></date><icon src="https://t-mobiletv.nl:443/CPS/images/universal/film/program/202212/20221231/17/20221231020155511nyc.jpg"></icon><desc>Programmabeschrijving niet beschikbaar</desc><category></category></programme><programme channel="1282999666" start="20230107050000 +0000" stop="20230107070000 +0000" catchup-id="1315255821"><title>Konsierto</title><date></date><icon src="https://t-mobiletv.nl:443/CPS/images/universal/film/program/202212/20221231/20/20221231020155511jo0.jpg"></icon><desc>Programmabeschrijving niet beschikbaar</desc><category></category></programme><programme channel="1282999666" start="20230107070000 +0000" stop="20230107080000 +0000" catchup-id="1315255827"><title>Bam</title><date></date><icon src="https://t-mobiletv.nl:443/CPS/images/universal/film/program/202212/20221231/67/20221231020155511ox7.jpg"></icon><desc>Programmabeschrijving niet beschikbaar</desc><category></category></programme><programme channel="1282999666" start="20230107080000 +0000" stop="20230107090000 +0000" catchup-id="1315255833"><title>Hptv</title><date></date><icon src="https://t-mobiletv.nl:443/CPS/images/universal/film/program/202212/20221231/4/20221231020155511iua.jpg"></icon><desc>Programmabeschrijving niet beschikbaar</desc><category></category></programme><programme channel="1282999666" start="20230107090000 +0000" stop="20230107100000 +0000" catchup-id="1315255839"><title>Punto Final</title><date></date><icon src="https://t-mobiletv.nl:443/CPS/images/universal/film/program/202212/20221231/82/20221231020155512qo3.jpg"></icon><desc>Programmabeschrijving niet beschikbaar</desc><category></category></programme><programme channel="1282999666" start="20230107100000 +0000" stop="20230107110000 +0000" catchup-id="1315255845"><title>Herhaling Nieuws Aruba</title><date></date><icon src="https://t-mobiletv.nl:443/CPS/images/universal/film/program/202212/20221231/12/202212310201555129wj.jpg"></icon><desc>Programmabeschrijving niet beschikbaar</desc><category></category></programme><programme channel="1282999666" start="20230107110000 +0000" stop="20230107113000 +0000" catchup-id="1315255851"><title>Metabolismo</title><date></date><icon src="https://t-mobiletv.nl:443/CPS/images/universal/film/program/202212/20221231/84/20221231020155512odh.jpg"></icon><desc>Programmabeschrijving niet beschikbaar</desc><category></category></programme><programme channel="1282999666" start="20230107113000 +0000" stop="20230107143000 +0000" catchup-id="1315255857"><title>Belleza Y Maquina</title><date></date><icon src="https://t-mobiletv.nl:443/CPS/images/universal/film/program/202212/20221231/55/202212310201555129f6.jpg"></icon><desc>Programmabeschrijving niet beschikbaar</desc><category></category></programme><programme channel="1282999666" start="20230107143000 +0000" stop="20230107160000 +0000" catchup-id="1315255863"><title>Jolly Zone</title><date></date><icon src="https://t-mobiletv.nl:443/CPS/images/universal/film/program/202212/20221231/44/20221231020155512iy3.jpg"></icon><desc>Programmabeschrijving niet beschikbaar</desc><category></category></programme><programme channel="1282999666" start="20230107160000 +0000" stop="20230107180000 +0000" catchup-id="1315255869"><title>A Te Zet</title><date></date><icon src="https://t-mobiletv.nl:443/CPS/images/universal/film/program/202212/20221231/94/20221231020155512q9o.jpg"></icon><desc>Programmabeschrijving niet beschikbaar</desc><category></category></programme><programme channel="1282999666" start="20230107180000 +0000" stop="20230107190000 +0000" catchup-id="1315255875"><title>Herensia</title><date></date><icon src="https://t-mobiletv.nl:443/CPS/images/universal/film/program/202212/20221231/14/20221231020155512o12.jpg"></icon><desc>Programmabeschrijving niet beschikbaar</desc><category></category></programme><programme channel="1282999666" start="20230107190000 +0000" stop="20230107200000 +0000" catchup-id="1315255881"><title>Resumen Trai Merdia</title><date></date><icon src="https://t-mobiletv.nl:443/CPS/images/universal/film/program/202212/20221231/97/20221231020155512suh.jpg"></icon><desc>Programmabeschrijving niet beschikbaar</desc><category></category></programme><programme channel="1282999666" start="20230107200000 +0000" stop="20230107210000 +0000" catchup-id="1315255887"><title>Eldred &amp; Da Silva</title><date></date><icon src="https://t-mobiletv.nl:443/CPS/images/universal/film/program/202212/20221231/50/202212310201555122kd.jpg"></icon><desc>Programmabeschrijving niet beschikbaar</desc><category></category></programme><programme channel="1282999666" start="20230107210000 +0000" stop="20230107220000 +0000" catchup-id="1315255893"><title>Nieuws Aruba</title><date></date><icon src="https://t-mobiletv.nl:443/CPS/images/universal/film/program/202212/20221231/96/202212310201555123pj.jpg"></icon><desc>Programmabeschrijving niet beschikbaar</desc><category></category></programme><programme channel="1282999666" start="20230107220000 +0000" stop="20230107230000 +0000" catchup-id="1315255899"><title>Nieuws Suriname</title><date></date><icon src="https://t-mobiletv.nl:443/CPS/images/universal/film/program/202212/20221231/93/20221231020155512yb0.jpg"></icon><desc>Programmabeschrijving niet beschikbaar</desc><category></category></programme><programme channel="1282999666" start="20230107230000 +0000" stop="20230108010000 +0000" catchup-id="1315255905"><title>Puurban</title><date></date><icon src="https://t-mobiletv.nl:443/CPS/images/universal/film/program/202212/20221231/21/202212310201555129wb.jpg"></icon><desc>Programmabeschrijving niet beschikbaar</desc><category></category></programme><programme channel="1282999666" start="20230108010000 +0000" stop="20230108050000 +0000" catchup-id="1315255911"><title>Tele Curacao</title><date></date><icon src="https://t-mobiletv.nl:443/CPS/images/universal/film/program/202212/20221231/10/20221231020155512j3s.jpg"></icon><desc>Programmabeschrijving niet beschikbaar</desc><category></category></programme><programme channel="1282999666" start="20230108050000 +0000" stop="20230108070000 +0000" catchup-id="1315603824"><title>Konsierto</title><date></date><icon src="https://t-mobiletv.nl:443/CPS/images/universal/film/program/202301/20230101/12/20230101020106376oy2.jpg"></icon><desc>Programmabeschrijving niet beschikbaar</desc><category></category></programme><programme channel="1282999666" start="20230108070000 +0000" stop="20230108080000 +0000" catchup-id="1315603830"><title>Bhes</title><date></date><icon src="https://t-mobiletv.nl:443/CPS/images/universal/film/program/202301/20230101/13/20230101020106376bxq.jpg"></icon><desc>Programmabeschrijving niet beschikbaar</desc><category></category></programme><programme channel="1282999666" start="20230108080000 +0000" stop="20230108090000 +0000" catchup-id="1315603836"><title>Muhe</title><date></date><icon src="https://t-mobiletv.nl:443/CPS/images/universal/film/program/202301/20230101/64/20230101020106376oqh.jpg"></icon><desc>Programmabeschrijving niet beschikbaar</desc><category></category></programme><programme channel="1282999666" start="20230108090000 +0000" stop="20230108100000 +0000" catchup-id="1315603842"><title>Lupe</title><date></date><icon src="https://t-mobiletv.nl:443/CPS/images/universal/film/program/202301/20230101/48/20230101020106376096.jpg"></icon><desc>Programmabeschrijving niet beschikbaar</desc><category></category></programme><programme channel="1282999666" start="20230108100000 +0000" stop="20230108110000 +0000" catchup-id="1315603848"><title>Resumen Moru Bondia</title><date></date><icon src="https://t-mobiletv.nl:443/CPS/images/universal/film/program/202301/20230101/76/20230101020106376o9z.jpg"></icon><desc>Programmabeschrijving niet beschikbaar</desc><category></category></programme><programme channel="1282999666" start="20230108110000 +0000" stop="20230108130000 +0000" catchup-id="1315603854"><title>Neetje &amp; Pieter</title><date></date><icon src="https://t-mobiletv.nl:443/CPS/images/universal/film/program/202301/20230101/53/202301010201063764k8.jpg"></icon><desc>Programmabeschrijving niet beschikbaar</desc><category></category></programme><programme channel="1282999666" start="20230108130000 +0000" stop="20230108140000 +0000" catchup-id="1315603860"><title>Santu Sacrifisio Di Misa</title><date></date><icon src="https://t-mobiletv.nl:443/CPS/images/universal/film/program/202301/20230101/73/20230101020106377u82.jpg"></icon><desc>Programmabeschrijving niet beschikbaar</desc><category></category></programme><programme channel="1282999666" start="20230108140000 +0000" stop="20230108150000 +0000" catchup-id="1315603866"><title>Gospel Music</title><date></date><icon src="https://t-mobiletv.nl:443/CPS/images/universal/film/program/202301/20230101/61/20230101020106377g0l.jpg"></icon><desc>Programmabeschrijving niet beschikbaar</desc><category></category></programme><programme channel="1282999666" start="20230108150000 +0000" stop="20230108170000 +0000" catchup-id="1315603872"><title>Herensia</title><date></date><icon src="https://t-mobiletv.nl:443/CPS/images/universal/film/program/202301/20230101/63/20230101020106377mtj.jpg"></icon><desc>Programmabeschrijving niet beschikbaar</desc><category></category></programme><programme channel="1282999666" start="20230108170000 +0000" stop="20230108180000 +0000" catchup-id="1315603878"><title>Youth</title><date></date><icon src="https://t-mobiletv.nl:443/CPS/images/universal/film/program/202301/20230101/27/20230101020106377sot.jpg"></icon><desc>Programmabeschrijving niet beschikbaar</desc><category></category></programme><programme channel="1282999666" start="20230108180000 +0000" stop="20230108210000 +0000" catchup-id="1315604268"><title>Show Musikal</title><date></date><icon src="https://t-mobiletv.nl:443/CPS/images/universal/film/program/202301/20230101/13/202301010201063779n5.jpg"></icon><desc>Programmabeschrijving niet beschikbaar</desc><category></category></programme><programme channel="1282999666" start="20230108210000 +0000" stop="20230108220000 +0000" catchup-id="1315604274"><title>Home Team</title><date></date><icon src="https://t-mobiletv.nl:443/CPS/images/universal/film/program/202301/20230101/29/20230101020106377ywg.jpg"></icon><desc>Programmabeschrijving niet beschikbaar</desc><category></category></programme><programme channel="1282999666" start="20230108220000 +0000" stop="20230108223000 +0000" catchup-id="1315604280"><title>Nieuws Aruba</title><date></date><icon src="https://t-mobiletv.nl:443/CPS/images/universal/film/program/202301/20230101/2/20230101020106377ihw.jpg"></icon><desc>Programmabeschrijving niet beschikbaar</desc><category></category></programme><programme channel="1282999666" start="20230108223000 +0000" stop="20230108230000 +0000" catchup-id="1315604286"><title>Wega Di Number Korsou</title><date></date><icon src="https://t-mobiletv.nl:443/CPS/images/universal/film/program/202301/20230101/1/202301010201063777qk.jpg"></icon><desc>Programmabeschrijving niet beschikbaar</desc><category></category></programme><programme channel="1282999666" start="20230108230000 +0000" stop="20230109000000 +0000" catchup-id="1315604292"><title>Bam</title><date></date><icon src="https://t-mobiletv.nl:443/CPS/images/universal/film/program/202301/20230101/75/20230101020106377zke.jpg"></icon><desc>Programmabeschrijving niet beschikbaar</desc><category></category></programme><programme channel="1282999666" start="20230109000000 +0000" stop="20230109050000 +0000" catchup-id="1315604298"><title>Tele Curacao</title><date></date><icon src="https://t-mobiletv.nl:443/CPS/images/universal/film/program/202301/20230101/40/20230101020106377dri.jpg"></icon><desc>Programmabeschrijving niet beschikbaar</desc><category></category></programme><programme channel="1282999666" start="20230109050000 +0000" stop="20230109070000 +0000" catchup-id="1315918721"><title>Tcfm</title><date></date><icon src="https://t-mobiletv.nl:443/CPS/images/universal/film/program/202301/20230102/46/20230102020044706g5m.jpg"></icon><desc>Programmabeschrijving niet beschikbaar</desc><category></category></programme><programme channel="1282999666" start="20230109070000 +0000" stop="20230109080000 +0000" catchup-id="1315918727"><title>Herensia</title><date></date><icon src="https://t-mobiletv.nl:443/CPS/images/universal/film/program/202301/20230102/26/20230102020044706q1g.jpg"></icon><desc>Programmabeschrijving niet beschikbaar</desc><category></category></programme><programme channel="1282999666" start="20230109080000 +0000" stop="20230109090000 +0000" catchup-id="1315918733"><title>Bonochi Korsou</title><date></date><icon src="https://t-mobiletv.nl:443/CPS/images/universal/film/program/202301/20230102/78/20230102020044706e15.jpg"></icon><desc>Programmabeschrijving niet beschikbaar</desc><category></category></programme><programme channel="1282999666" start="20230109090000 +0000" stop="20230109100000 +0000" catchup-id="1315918739"><title>Punto Final</title><date></date><icon src="https://t-mobiletv.nl:443/CPS/images/universal/film/program/202301/20230102/98/20230102020044706p31.jpg"></icon><desc>Programmabeschrijving niet beschikbaar</desc><category></category></programme><programme channel="1282999666" start="20230109100000 +0000" stop="20230109110000 +0000" catchup-id="1315918745"><title>Desiree</title><date></date><icon src="https://t-mobiletv.nl:443/CPS/images/universal/film/program/202301/20230102/53/20230102020044706raq.jpg"></icon><desc>Programmabeschrijving niet beschikbaar</desc><category></category></programme><programme channel="1282999666" start="20230109110000 +0000" stop="20230109113000 +0000" catchup-id="1315918751"><title>Music Varia</title><date></date><icon src="https://t-mobiletv.nl:443/CPS/images/universal/film/program/202301/20230102/19/202301020200447064it.jpg"></icon><desc>Programmabeschrijving niet beschikbaar</desc><category></category></programme><programme channel="1282999666" start="20230109113000 +0000" stop="20230109143000 +0000" catchup-id="1315918757"><title>Moru Bondia</title><date></date><icon src="https://t-mobiletv.nl:443/CPS/images/universal/film/program/202301/20230102/54/202301020200447068l9.jpg"></icon><desc>Programmabeschrijving niet beschikbaar</desc><category></category></programme><programme channel="1282999666" start="20230109143000 +0000" stop="20230109160000 +0000" catchup-id="1315918763"><title>Mainta</title><date></date><icon src="https://t-mobiletv.nl:443/CPS/images/universal/film/program/202301/20230102/12/20230102020044706sj6.jpg"></icon><desc>Programmabeschrijving niet beschikbaar</desc><category></category></programme><programme channel="1282999666" start="20230109160000 +0000" stop="20230109170000 +0000" catchup-id="1315918769"><title>Dune Un Chens</title><date></date><icon src="https://t-mobiletv.nl:443/CPS/images/universal/film/program/202301/20230102/80/20230102020044706yts.jpg"></icon><desc>Programmabeschrijving niet beschikbaar</desc><category></category></programme><programme channel="1282999666" start="20230109170000 +0000" stop="20230109173000 +0000" catchup-id="1315918775"><title>Nieuws Curacao</title><date></date><icon src="https://t-mobiletv.nl:443/CPS/images/universal/film/program/202301/20230102/43/20230102020044706xgf.jpg"></icon><desc>Programmabeschrijving niet beschikbaar</desc><category></category></programme><programme channel="1282999666" start="20230109173000 +0000" stop="20230109200000 +0000" catchup-id="1315918781"><title>Bo Trai Merdia</title><date></date><icon src="https://t-mobiletv.nl:443/CPS/images/universal/film/program/202301/20230102/23/20230102020044706uf3.jpg"></icon><desc>Programmabeschrijving niet beschikbaar</desc><category></category></programme><programme channel="1282999666" start="20230109200000 +0000" stop="20230109210000 +0000" catchup-id="1315918787"><title>We Talk</title><date></date><icon src="https://t-mobiletv.nl:443/CPS/images/universal/film/program/202301/20230102/87/20230102020044706faz.jpg"></icon><desc>Programmabeschrijving niet beschikbaar</desc><category></category></programme><programme channel="1282999666" start="20230109210000 +0000" stop="20230109220000 +0000" catchup-id="1315918793"><title>Nieuws Aruba</title><date></date><icon src="https://t-mobiletv.nl:443/CPS/images/universal/film/program/202301/20230102/23/20230102020044706lsu.jpg"></icon><desc>Programmabeschrijving niet beschikbaar</desc><category></category></programme><programme channel="1282999666" start="20230109220000 +0000" stop="20230109230000 +0000" catchup-id="1315918799"><title>Nieuws Suriname</title><date></date><icon src="https://t-mobiletv.nl:443/CPS/images/universal/film/program/202301/20230102/62/202301020200447066de.jpg"></icon><desc>Programmabeschrijving niet beschikbaar</desc><category></category></programme><programme channel="1282999666" start="20230109230000 +0000" stop="20230110000000 +0000" catchup-id="1315918805"><title>Punto Final</title><date></date><icon src="https://t-mobiletv.nl:443/CPS/images/universal/film/program/202301/20230102/79/202301020200447061h3.jpg"></icon><desc>Programmabeschrijving niet beschikbaar</desc><category></category></programme><programme channel="1282999666" start="20230110000000 +0000" stop="20230110010000 +0000" catchup-id="1315918811"><title>Nahason</title><date></date><icon src="https://t-mobiletv.nl:443/CPS/images/universal/film/program/202301/20230102/17/202301020200447065n0.jpg"></icon><desc>Programmabeschrijving niet beschikbaar</desc><category></category></programme><programme channel="1282999666" start="20230110010000 +0000" stop="20230110050000 +0000" catchup-id="1315918817"><title>Tele Curacao</title><date></date><icon src="https://t-mobiletv.nl:443/CPS/images/universal/film/program/202301/20230102/40/202301020200447073wr.jpg"></icon><desc>Programmabeschrijving niet beschikbaar</desc><category></category></programme><programme channel="1282999666" start="20230110050000 +0000" stop="20230110070000 +0000" catchup-id="1316291217"><title>Tcfm</title><date></date><icon src="https://t-mobiletv.nl:443/CPS/images/universal/film/program/202301/20230103/14/2023010302010970537p.jpg"></icon><desc>Programmabeschrijving niet beschikbaar</desc><category></category></programme><programme channel="1282999666" start="20230110070000 +0000" stop="20230110080000 +0000" catchup-id="1316291223"><title>Herhaling Nieuws Curacao</title><date></date><icon src="https://t-mobiletv.nl:443/CPS/images/universal/film/program/202301/20230103/68/20230103020109705xug.jpg"></icon><desc>Programmabeschrijving niet beschikbaar</desc><category></category></programme><programme channel="1282999666" start="20230110080000 +0000" stop="20230110090000 +0000" catchup-id="1316291229"><title>Bonochi Korsou</title><date></date><icon src="https://t-mobiletv.nl:443/CPS/images/universal/film/program/202301/20230103/50/20230103020109705fp3.jpg"></icon><desc>Programmabeschrijving niet beschikbaar</desc><category></category></programme><programme channel="1282999666" start="20230110090000 +0000" stop="20230110100000 +0000" catchup-id="1316291235"><title>Punto Final</title><date></date><icon src="https://t-mobiletv.nl:443/CPS/images/universal/film/program/202301/20230103/71/20230103020109705uvl.jpg"></icon><desc>Programmabeschrijving niet beschikbaar</desc><category></category></programme><programme channel="1282999666" start="20230110100000 +0000" stop="20230110110000 +0000" catchup-id="1316291305"><title>Desiree</title><date></date><icon src="https://t-mobiletv.nl:443/CPS/images/universal/film/program/202301/20230103/81/202301030201097051dq.jpg"></icon><desc>Programmabeschrijving niet beschikbaar</desc><category></category></programme><programme channel="1282999666" start="20230110110000 +0000" stop="20230110113000 +0000" catchup-id="1316291311"><title>Music Varia</title><date></date><icon src="https://t-mobiletv.nl:443/CPS/images/universal/film/program/202301/20230103/82/20230103020109705ogs.jpg"></icon><desc>Programmabeschrijving niet beschikbaar</desc><category></category></programme><programme channel="1282999666" start="20230110113000 +0000" stop="20230110143000 +0000" catchup-id="1316291317"><title>Moru Bondia</title><date></date><icon src="https://t-mobiletv.nl:443/CPS/images/universal/film/program/202301/20230103/77/20230103020109706m1k.jpg"></icon><desc>Programmabeschrijving niet beschikbaar</desc><category></category></programme><programme channel="1282999666" start="20230110143000 +0000" stop="20230110160000 +0000" catchup-id="1316291323"><title>Mainta</title><date></date><icon src="https://t-mobiletv.nl:443/CPS/images/universal/film/program/202301/20230103/56/20230103020109706s1v.jpg"></icon><desc>Programmabeschrijving niet beschikbaar</desc><category></category></programme><programme channel="1282999666" start="20230110160000 +0000" stop="20230110170000 +0000" catchup-id="1316291329"><title>Dune Un Chens</title><date></date><icon src="https://t-mobiletv.nl:443/CPS/images/universal/film/program/202301/20230103/92/20230103020109706hnw.jpg"></icon><desc>Programmabeschrijving niet beschikbaar</desc><category></category></programme><programme channel="1282999666" start="20230110170000 +0000" stop="20230110173000 +0000" catchup-id="1316291335"><title>Nieuws Curacao</title><date></date><icon src="https://t-mobiletv.nl:443/CPS/images/universal/film/program/202301/20230103/71/20230103020109706ko5.jpg"></icon><desc>Programmabeschrijving niet beschikbaar</desc><category></category></programme><programme channel="1282999666" start="20230110173000 +0000" stop="20230110200000 +0000" catchup-id="1316291341"><title>Bo Trai Merdia</title><date></date><icon src="https://t-mobiletv.nl:443/CPS/images/universal/film/program/202301/20230103/69/20230103020109706zwr.jpg"></icon><desc>Programmabeschrijving niet beschikbaar</desc><category></category></programme><programme channel="1282999666" start="20230110200000 +0000" stop="20230110210000 +0000" catchup-id="1316291347"><title>We Talk</title><date></date><icon src="https://t-mobiletv.nl:443/CPS/images/universal/film/program/202301/20230103/52/20230103020109706ara.jpg"></icon><desc>Programmabeschrijving niet beschikbaar</desc><category></category></programme><programme channel="1282999666" start="20230110210000 +0000" stop="20230110220000 +0000" catchup-id="1316291353"><title>Nieuws Aruba</title><date></date><icon src="https://t-mobiletv.nl:443/CPS/images/universal/film/program/202301/20230103/44/20230103020109706l0x.jpg"></icon><desc>Programmabeschrijving niet beschikbaar</desc><category></category></programme><programme channel="1282999666" start="20230110220000 +0000" stop="20230110230000 +0000" catchup-id="1316291359"><title>Nieuws Suriname</title><date></date><icon src="https://t-mobiletv.nl:443/CPS/images/universal/film/program/202301/20230103/63/202301030201097063a7.jpg"></icon><desc>Programmabeschrijving niet beschikbaar</desc><category></category></programme><programme channel="1282999666" start="20230110230000 +0000" stop="20230111000000 +0000" catchup-id="1316291365"><title>Punto Final</title><date></date><icon src="https://t-mobiletv.nl:443/CPS/images/universal/film/program/202301/20230103/33/20230103020109706kwl.jpg"></icon><desc>Programmabeschrijving niet beschikbaar</desc><category></category></programme><programme channel="1282999666" start="20230111000000 +0000" stop="20230111010000 +0000" catchup-id="1316291371"><title>Vvrp Ta Informa</title><date></date><icon src="https://t-mobiletv.nl:443/CPS/images/universal/film/program/202301/20230103/97/20230103020109706ejf.jpg"></icon><desc>Programmabeschrijving niet beschikbaar</desc><category></category></programme><programme channel="1282999666" start="20230111010000 +0000" stop="20230111050000 +0000" catchup-id="1316291377"><title>Tele Curacao</title><date></date><icon src="https://t-mobiletv.nl:443/CPS/images/universal/film/program/202301/20230103/25/20230103020109706bf1.jpg"></icon><desc>Programmabeschrijving niet beschikbaar</desc><category></category></programme><programme channel="1282999666" start="20230111050000 +0000" stop="20230111070000 +0000" catchup-id="1316690999"><title>Tcfm</title><date></date><icon src="https://t-mobiletv.nl:443/CPS/images/universal/film/program/202301/20230104/89/2023010402013471081o.jpg"></icon><desc>Programmabeschrijving niet beschikbaar</desc><category></category></programme><programme channel="1282999666" start="20230111070000 +0000" stop="20230111080000 +0000" catchup-id="1316691005"><title>Herhaling Nieuws Curacao</title><date></date><icon src="https://t-mobiletv.nl:443/CPS/images/universal/film/program/202301/20230104/15/20230104020134711rvo.jpg"></icon><desc>Programmabeschrijving niet beschikbaar</desc><category></category></programme><programme channel="1282999666" start="20230111080000 +0000" stop="20230111090000 +0000" catchup-id="1316691011"><title>Bonochi Korsou</title><date></date><icon src="https://t-mobiletv.nl:443/CPS/images/universal/film/program/202301/20230104/0/202301040201347113ci.jpg"></icon><desc>Programmabeschrijving niet beschikbaar</desc><category></category></programme><programme channel="1282999666" start="20230111090000 +0000" stop="20230111100000 +0000" catchup-id="1316691017"><title>Punto Final</title><date></date><icon src="https://t-mobiletv.nl:443/CPS/images/universal/film/program/202301/20230104/8/20230104020134711lhg.jpg"></icon><desc>Programmabeschrijving niet beschikbaar</desc><category></category></programme><programme channel="1282999666" start="20230111100000 +0000" stop="20230111110000 +0000" catchup-id="1316691023"><title>Harhaling Nieuws Aruba</title><date></date><icon src="https://t-mobiletv.nl:443/CPS/images/universal/film/program/202301/20230104/94/20230104020134711qqw.jpg"></icon><desc>Programmabeschrijving niet beschikbaar</desc><category></category></programme><programme channel="1282999666" start="20230111110000 +0000" stop="20230111113000 +0000" catchup-id="1316691029"><title>Music Varia</title><date></date><icon src="https://t-mobiletv.nl:443/CPS/images/universal/film/program/202301/20230104/47/202301040201347116q4.jpg"></icon><desc>Programmabeschrijving niet beschikbaar</desc><category></category></programme><programme channel="1282999666" start="20230111113000 +0000" stop="20230111143000 +0000" catchup-id="1316691035"><title>Moru Bondia</title><date></date><icon src="https://t-mobiletv.nl:443/CPS/images/universal/film/program/202301/20230104/32/20230104020134711mdf.jpg"></icon><desc>Programmabeschrijving niet beschikbaar</desc><category></category></programme><programme channel="1282999666" start="20230111143000 +0000" stop="20230111160000 +0000" catchup-id="1316691041"><title>Mainta</title><date></date><icon src="https://t-mobiletv.nl:443/CPS/images/universal/film/program/202301/20230104/16/20230104020134711q6j.jpg"></icon><desc>Programmabeschrijving niet beschikbaar</desc><category></category></programme><programme channel="1282999666" start="20230111160000 +0000" stop="20230111170000 +0000" catchup-id="1316691047"><title>Dune Un Chens</title><date></date><icon src="https://t-mobiletv.nl:443/CPS/images/universal/film/program/202301/20230104/13/202301040201347110g4.jpg"></icon><desc>Programmabeschrijving niet beschikbaar</desc><category></category></programme><programme channel="1282999666" start="20230111170000 +0000" stop="20230111173000 +0000" catchup-id="1316693805"><title>Nieuws Curacao</title><date></date><icon src="https://t-mobiletv.nl:443/CPS/images/universal/film/program/202301/20230104/88/20230104020134711s8r.jpg"></icon><desc>Programmabeschrijving niet beschikbaar</desc><category></category></programme><programme channel="1282999666" start="20230111173000 +0000" stop="20230111200000 +0000" catchup-id="1316693811"><title>Bo Trai Merdia</title><date></date><icon src="https://t-mobiletv.nl:443/CPS/images/universal/film/program/202301/20230104/90/20230104020134711oeb.jpg"></icon><desc>Programmabeschrijving niet beschikbaar</desc><category></category></programme><programme channel="1282999666" start="20230111200000 +0000" stop="20230111210000 +0000" catchup-id="1316693817"><title>We Talk</title><date></date><icon src="https://t-mobiletv.nl:443/CPS/images/universal/film/program/202301/20230104/1/20230104020134711lkm.jpg"></icon><desc>Programmabeschrijving niet beschikbaar</desc><category></category></programme><programme channel="1282999666" start="20230111210000 +0000" stop="20230111220000 +0000" catchup-id="1316693823"><title>Nieuws Aruba</title><date></date><icon src="https://t-mobiletv.nl:443/CPS/images/universal/film/program/202301/20230104/21/20230104020134711wua.jpg"></icon><desc>Programmabeschrijving niet beschikbaar</desc><category></category></programme><programme channel="1282999666" start="20230111220000 +0000" stop="20230111230000 +0000" catchup-id="1316693829"><title>Nieuws Suriname</title><date></date><icon src="https://t-mobiletv.nl:443/CPS/images/universal/film/program/202301/20230104/76/20230104020134711t12.jpg"></icon><desc>Programmabeschrijving niet beschikbaar</desc><category></category></programme><programme channel="1282999666" start="20230111230000 +0000" stop="20230112000000 +0000" catchup-id="1316693835"><title>Punto Final</title><date></date><icon src="https://t-mobiletv.nl:443/CPS/images/universal/film/program/202301/20230104/33/202301040201347111sz.jpg"></icon><desc>Programmabeschrijving niet beschikbaar</desc><category></category></programme><programme channel="1282999666" start="20230112000000 +0000" stop="20230112010000 +0000" catchup-id="1316693841"><title>Caribbean Vibration</title><date></date><icon src="https://t-mobiletv.nl:443/CPS/images/universal/film/program/202301/20230104/79/20230104020134711dzr.jpg"></icon><desc>Programmabeschrijving niet beschikbaar</desc><category></category></programme><programme channel="1282999666" start="20230112010000 +0000" stop="20230112050000 +0000" catchup-id="1316693847"><title>Tele Curacao</title><date></date><icon src="https://t-mobiletv.nl:443/CPS/images/universal/film/program/202301/20230104/15/20230104020134712t9t.jpg"></icon><desc>Programmabeschrijving niet beschikbaar</desc><category></category></programme><programme channel="1282999666" start="20230112050000 +0000" stop="20230112070000 +0000" catchup-id="1317099140"><title>Tcfm</title><date></date><icon src="https://t-mobiletv.nl:443/CPS/images/universal/film/program/202301/20230105/98/20230105020200524yol.jpg"></icon><desc>Programmabeschrijving niet beschikbaar</desc><category></category></programme><programme channel="1282999666" start="20230112070000 +0000" stop="20230112080000 +0000" catchup-id="1317099146"><title>Herhaling Nieuws Curacao</title><date></date><icon src="https://t-mobiletv.nl:443/CPS/images/universal/film/program/202301/20230105/88/20230105020200524wi0.jpg"></icon><desc>Programmabeschrijving niet beschikbaar</desc><category></category></programme><programme channel="1282999666" start="20230112080000 +0000" stop="20230112090000 +0000" catchup-id="1317099152"><title>Bonochi Korsou</title><date></date><icon src="https://t-mobiletv.nl:443/CPS/images/universal/film/program/202301/20230105/98/20230105020200524ver.jpg"></icon><desc>Programmabeschrijving niet beschikbaar</desc><category></category></programme><programme channel="1282999666" start="20230112090000 +0000" stop="20230112100000 +0000" catchup-id="1317099158"><title>Punto Final</title><date></date><icon src="https://t-mobiletv.nl:443/CPS/images/universal/film/program/202301/20230105/69/20230105020200525cat.jpg"></icon><desc>Programmabeschrijving niet beschikbaar</desc><category></category></programme><programme channel="1282999666" start="20230112100000 +0000" stop="20230112110000 +0000" catchup-id="1317099164"><title>Desiree</title><date></date><icon src="https://t-mobiletv.nl:443/CPS/images/universal/film/program/202301/20230105/99/20230105020200525lzr.jpg"></icon><desc>Programmabeschrijving niet beschikbaar</desc><category></category></programme><programme channel="1282999666" start="20230112110000 +0000" stop="20230112113000 +0000" catchup-id="1317099170"><title>Music Varia</title><date></date><icon src="https://t-mobiletv.nl:443/CPS/images/universal/film/program/202301/20230105/48/202301050202005253tw.jpg"></icon><desc>Programmabeschrijving niet beschikbaar</desc><category></category></programme><programme channel="1282999666" start="20230112113000 +0000" stop="20230112143000 +0000" catchup-id="1317099176"><title>Moru Bondia</title><date></date><icon src="https://t-mobiletv.nl:443/CPS/images/universal/film/program/202301/20230105/55/20230105020200525zyi.jpg"></icon><desc>Programmabeschrijving niet beschikbaar</desc><category></category></programme><programme channel="1282999666" start="20230112143000 +0000" stop="20230112160000 +0000" catchup-id="1317100782"><title>Mainta</title><date></date><icon src="https://t-mobiletv.nl:443/CPS/images/universal/film/program/202301/20230105/30/20230105020200525b9f.jpg"></icon><desc>Programmabeschrijving niet beschikbaar</desc><category></category></programme><programme channel="1282999666" start="20230112160000 +0000" stop="20230112170000 +0000" catchup-id="1317100788"><title>Dune Un Chens</title><date></date><icon src="https://t-mobiletv.nl:443/CPS/images/universal/film/program/202301/20230105/77/202301050202005257eh.jpg"></icon><desc>Programmabeschrijving niet beschikbaar</desc><category></category></programme>