<programme channel="280653307" start="20221229060000 +0000" stop="20221229070000 +0000" catchup-id="1311751891"><title>Davis Cup Finals 2022 (highlights)</title><date></date><icon src="https://t-mobiletv.nl:443/CPS/images/universal/film/program/202212/20221222/54/20221222020044723y3e.jpg"></icon><desc>Hoogtepunten van de Davis Cup Finals 2022, gespeeld in Malaga, Spanje.</desc><category></category></programme><programme channel="280653307" start="20221229070000 +0000" stop="20221229090000 +0000" catchup-id="1311751897"><title>World Padel Tour: Barcelona Masters Finale (herhaling)</title><date></date><icon src="https://t-mobiletv.nl:443/CPS/images/universal/film/program/202212/20221222/92/20221222020044723taf.jpg"></icon><desc>Herhaling van de halve finales op de Barcelona Masters Finale, gespeeld in de World Padel Tour in Barcelona, Spanje.</desc><category></category></programme><programme channel="280653307" start="20221229090000 +0000" stop="20221229100000 +0000" catchup-id="1311751903"><title>Legends: Billie Jean King / Ver 1</title><date></date><icon src="https://t-mobiletv.nl:443/CPS/images/universal/film/program/202212/20221222/48/202212220200447232ie.jpg"></icon><desc>Programmabeschrijving niet beschikbaar</desc><category></category></programme><programme channel="280653307" start="20221229100000 +0000" stop="20221229110000 +0000" catchup-id="1314344528"><title>Legends: Pete Sampras / Ver 1</title><date></date><icon src="https://t-mobiletv.nl:443/CPS/images/universal/film/program/202212/20221228/54/20221228210024722uny.jpg"></icon><desc>Programmabeschrijving niet beschikbaar</desc><category></category></programme><programme channel="280653307" start="20221229110000 +0000" stop="20221229123000 +0000" catchup-id="1311752235"><title>WTA 1000: Mutua Madrid Open (herhaling)</title><date></date><icon src="https://t-mobiletv.nl:443/CPS/images/universal/film/program/202212/20221222/95/20221222020044724lsp.jpg"></icon><desc>Herhaling van de finale op de Mutua Madrid Open, gespeeld in de WTA Tour 1000 in Madrid, Spanje.</desc><category></category></programme><programme channel="280653307" start="20221229123000 +0000" stop="20221229140000 +0000" catchup-id="1311752241"><title>Wimbledon Dag 14 (herhaling)</title><date></date><icon src="https://t-mobiletv.nl:443/CPS/images/universal/film/program/202212/20221222/11/20221222020044724781.jpg"></icon><desc>Herhaling van de mannen finale van Wimbledon.</desc><category></category></programme><programme channel="280653307" start="20221229140000 +0000" stop="20221229143000 +0000" catchup-id="1311752247"><title>ATP World Uncovered</title><date></date><icon src="https://t-mobiletv.nl:443/CPS/images/universal/film/program/202212/20221222/93/20221222020044724jcd.jpg"></icon><desc>Het laatste nieuws en achtergronden uit de ATP World Tour en de wereld van het mannentennis.</desc><category></category></programme><programme channel="280653307" start="20221229143000 +0000" stop="20221229153000 +0000" catchup-id="1311752253"><title>Davis Cup Finals 2022 (highlights)</title><date></date><icon src="https://t-mobiletv.nl:443/CPS/images/universal/film/program/202212/20221222/98/20221222020044724ank.jpg"></icon><desc>Hoogtepunten van de Davis Cup Finals 2022, gespeeld in Malaga, Spanje.</desc><category></category></programme><programme channel="280653307" start="20221229153000 +0000" stop="20221229163000 +0000" catchup-id="1311752259"><title>NK Tennis 2022: Dames Enkel Finale (indoor)</title><date></date><icon src="https://t-mobiletv.nl:443/CPS/images/universal/film/program/202212/20221222/43/20221222020044724uhr.jpg"></icon><desc>Herhaling van de Indoor Dames Enkel Finale op het NK 2022, gespeeld bij het Nationaal Tennis Centrum in Amstelveen.</desc><category></category></programme><programme channel="280653307" start="20221229163000 +0000" stop="20221229183000 +0000" catchup-id="1311752265"><title>World Padel Tour: Barcelona Masters Finale (herhaling)</title><date></date><icon src="https://t-mobiletv.nl:443/CPS/images/universal/film/program/202212/20221222/76/20221222020044724gzn.jpg"></icon><desc>Herhaling van de finales op de Barcelona Masters Finale, gespeeld in de World Padel Tour in Barcelona, Spanje.</desc><category></category></programme><programme channel="280653307" start="20221229183000 +0000" stop="20221229193000 +0000" catchup-id="1311752271"><title>NK Tennis 2022: Heren Enkel Finale (indoor)</title><date></date><icon src="https://t-mobiletv.nl:443/CPS/images/universal/film/program/202212/20221222/29/20221222020044724vn7.jpg"></icon><desc>Herhaling van de Indoor Heren Enkel Finale op het NK 2022, gespeeld bij het Nationaal Tennis Centrum in Amstelveen.</desc><category></category></programme><programme channel="280653307" start="20221229193000 +0000" stop="20221229203000 +0000" catchup-id="1311752277"><title>NK Tennis 2022: Dames Enkel Finale (indoor)</title><date></date><icon src="https://t-mobiletv.nl:443/CPS/images/universal/film/program/202212/20221222/1/20221222020044724wtx.jpg"></icon><desc>Herhaling van de Indoor Dames Enkel Finale op het NK 2022, gespeeld bij het Nationaal Tennis Centrum in Amstelveen.</desc><category></category></programme><programme channel="280653307" start="20221229203000 +0000" stop="20221229223000 +0000" catchup-id="1311752283"><title>World Padel Tour: Barcelona Masters Finale (herhaling)</title><date></date><icon src="https://t-mobiletv.nl:443/CPS/images/universal/film/program/202212/20221222/87/20221222020044724yzm.jpg"></icon><desc>Herhaling van de finales op de Barcelona Masters Finale, gespeeld in de World Padel Tour in Barcelona, Spanje.</desc><category></category></programme><programme channel="280653307" start="20221229223000 +0000" stop="20221229233000 +0000" catchup-id="1311752289"><title>Nitto ATP Finals (highlights)</title><date></date><icon src="https://t-mobiletv.nl:443/CPS/images/universal/film/program/202212/20221222/53/202212220200447240vx.jpg"></icon><desc>Hightlights van de Nitto ATP Finals, gespeeld in Turijn, Italië.</desc><category></category></programme><programme channel="280653307" start="20221229233000 +0000" stop="20221230003000 +0000" catchup-id="1314344534"><title>Legends: Pete Sampras / Ver 1</title><date></date><icon src="https://t-mobiletv.nl:443/CPS/images/universal/film/program/202212/20221228/3/20221228210024722a1h.jpg"></icon><desc>Programmabeschrijving niet beschikbaar</desc><category></category></programme><programme channel="280653307" start="20221230003000 +0000" stop="20221230012500 +0000" catchup-id="1311752301"><title>NK Tennis 2022: Heren Enkel Finale (indoor)</title><date></date><icon src="https://t-mobiletv.nl:443/CPS/images/universal/film/program/202212/20221222/91/20221222020044724ko7.jpg"></icon><desc>Herhaling van de Indoor Heren Enkel Finale op het NK 2022, gespeeld bij het Nationaal Tennis Centrum in Amstelveen.</desc><category></category></programme><programme channel="280653307" start="20221230012500 +0000" stop="20221230023000 +0000" catchup-id="1311752307"><title>NK Tennis 2022: Dames Enkel Finale (indoor)</title><date></date><icon src="https://t-mobiletv.nl:443/CPS/images/universal/film/program/202212/20221222/66/20221222020044724vay.jpg"></icon><desc>Herhaling van de Indoor Dames Enkel Finale op het NK 2022, gespeeld bij het Nationaal Tennis Centrum in Amstelveen.</desc><category></category></programme><programme channel="280653307" start="20221230023000 +0000" stop="20221230043500 +0000" catchup-id="1311752313"><title>World Padel Tour: Barcelona Masters Finale (herhaling)</title><date></date><icon src="https://t-mobiletv.nl:443/CPS/images/universal/film/program/202212/20221222/45/20221222020044724h85.jpg"></icon><desc>Herhaling van de finales op de Barcelona Masters Finale, gespeeld in de World Padel Tour in Barcelona, Spanje.</desc><category></category></programme><programme channel="280653307" start="20221230043500 +0000" stop="20221230053000 +0000" catchup-id="1314344540"><title>Legends: Pete Sampras / Ver 1</title><date></date><icon src="https://t-mobiletv.nl:443/CPS/images/universal/film/program/202212/20221228/22/20221228210024722uqc.jpg"></icon><desc>Programmabeschrijving niet beschikbaar</desc><category></category></programme><programme channel="280653307" start="20221230053000 +0000" stop="20221230060000 +0000" catchup-id="1312148557"><title>ATP World Uncovered</title><date></date><icon src="https://t-mobiletv.nl:443/CPS/images/universal/film/program/202212/20221223/9/20221223020035511bap.jpg"></icon><desc>Het laatste nieuws en achtergronden uit de ATP World Tour en de wereld van het mannentennis.</desc><category></category></programme><programme channel="280653307" start="20221230060000 +0000" stop="20221230080000 +0000" catchup-id="1312148563"><title>World Tennis League - Finale (herhaling)</title><date></date><icon src="https://t-mobiletv.nl:443/CPS/images/universal/film/program/202212/20221223/10/2022122302003551179j.jpg"></icon><desc>Herhaling van de finale dag in de World Tennis League 2022, gespeeld in de Coca-Cola Arena ivan 19 tot 24 december in Dubai. Aan de hand van een intrigerende nieuwe format, zullen 16 van 's werelds beste mannelijke en vrouwelijke spelers worden ingedeeld in vier teams van vier. Tijdens het zesdaagse toernooi nemen de teams het tegen elkaar op in round robin-competitie. Elke wedstrijd zal bestaan ​​uit een heren enkelspel, een dames enkelspel en een gemengd dubbelspel.</desc><category></category></programme><programme channel="280653307" start="20221230080000 +0000" stop="20221230090000 +0000" catchup-id="1312148569"><title>NK Tennis 2022: Dames Enkel Finale (indoor)</title><date></date><icon src="https://t-mobiletv.nl:443/CPS/images/universal/film/program/202212/20221223/52/202212230200355116xt.jpg"></icon><desc>Herhaling van de Indoor Dames Enkel Finale op het NK 2022, gespeeld bij het Nationaal Tennis Centrum in Amstelveen.</desc><category></category></programme><programme channel="280653307" start="20221230090000 +0000" stop="20221230100000 +0000" catchup-id="1312148575"><title>NK Tennis 2022: Heren Enkel Finale (indoor)</title><date></date><icon src="https://t-mobiletv.nl:443/CPS/images/universal/film/program/202212/20221223/30/20221223020035512myh.jpg"></icon><desc>Herhaling van de Indoor Heren Enkel Finale op het NK 2022, gespeeld bij het Nationaal Tennis Centrum in Amstelveen.</desc><category></category></programme><programme channel="280653307" start="20221230100000 +0000" stop="20221230120000 +0000" catchup-id="1312148581"><title>World Tennis League - Dag 5 (herhaling)</title><date></date><icon src="https://t-mobiletv.nl:443/CPS/images/universal/film/program/202212/20221223/97/20221223020035512qwo.jpg"></icon><desc>Herhaling van de tweede halve finale in de World Tennis League 2022, gespeeld in de Coca-Cola Arena ivan 19 tot 24 december in Dubai. Aan de hand van een intrigerende nieuwe format, zullen 16 van 's werelds beste mannelijke en vrouwelijke spelers worden ingedeeld in vier teams van vier. Tijdens het zesdaagse toernooi nemen de teams het tegen elkaar op in round robin-competitie. Elke wedstrijd zal bestaan ​​uit een heren enkelspel, een dames enkelspel en een gemengd dubbelspel.</desc><category></category></programme><programme channel="280653307" start="20221230120000 +0000" stop="20221230140000 +0000" catchup-id="1312148715"><title>World Tennis League - Finale (herhaling)</title><date></date><icon src="https://t-mobiletv.nl:443/CPS/images/universal/film/program/202212/20221223/25/20221223020035512tvm.jpg"></icon><desc>Herhaling van de finale dag in de World Tennis League 2022, gespeeld in de Coca-Cola Arena ivan 19 tot 24 december in Dubai. Aan de hand van een intrigerende nieuwe format, zullen 16 van 's werelds beste mannelijke en vrouwelijke spelers worden ingedeeld in vier teams van vier. Tijdens het zesdaagse toernooi nemen de teams het tegen elkaar op in round robin-competitie. Elke wedstrijd zal bestaan ​​uit een heren enkelspel, een dames enkelspel en een gemengd dubbelspel.</desc><category></category></programme><programme channel="280653307" start="20221230140000 +0000" stop="20221230150000 +0000" catchup-id="1312148721"><title>NK Tennis 2022: Dames Enkel Finale (indoor)</title><date></date><icon src="https://t-mobiletv.nl:443/CPS/images/universal/film/program/202212/20221223/74/202212230200355128kk.jpg"></icon><desc>Herhaling van de Indoor Dames Enkel Finale op het NK 2022, gespeeld bij het Nationaal Tennis Centrum in Amstelveen.</desc><category></category></programme><programme channel="280653307" start="20221230150000 +0000" stop="20221230160000 +0000" catchup-id="1312148727"><title>NK Tennis 2022: Heren Enkel Finale (indoor)</title><date></date><icon src="https://t-mobiletv.nl:443/CPS/images/universal/film/program/202212/20221223/41/20221223020035512p2a.jpg"></icon><desc>Herhaling van de Indoor Heren Enkel Finale op het NK 2022, gespeeld bij het Nationaal Tennis Centrum in Amstelveen.</desc><category></category></programme><programme channel="280653307" start="20221230160000 +0000" stop="20221230180000 +0000" catchup-id="1312148733"><title>World Tennis League - Dag 5 (herhaling)</title><date></date><icon src="https://t-mobiletv.nl:443/CPS/images/universal/film/program/202212/20221223/27/202212230200355129m6.jpg"></icon><desc>Herhaling van de eerste halve finale in de World Tennis League 2022, gespeeld in de Coca-Cola Arena ivan 19 tot 24 december in Dubai. Aan de hand van een intrigerende nieuwe format, zullen 16 van 's werelds beste mannelijke en vrouwelijke spelers worden ingedeeld in vier teams van vier. Tijdens het zesdaagse toernooi nemen de teams het tegen elkaar op in round robin-competitie. Elke wedstrijd zal bestaan ​​uit een heren enkelspel, een dames enkelspel en een gemengd dubbelspel.</desc><category></category></programme><programme channel="280653307" start="20221230180000 +0000" stop="20221230200000 +0000" catchup-id="1312148739"><title>World Tennis League - Dag 5 (herhaling)</title><date></date><icon src="https://t-mobiletv.nl:443/CPS/images/universal/film/program/202212/20221223/96/202212230200355122hx.jpg"></icon><desc>Herhaling van de tweede halve finale in de World Tennis League 2022, gespeeld in de Coca-Cola Arena ivan 19 tot 24 december in Dubai. Aan de hand van een intrigerende nieuwe format, zullen 16 van 's werelds beste mannelijke en vrouwelijke spelers worden ingedeeld in vier teams van vier. Tijdens het zesdaagse toernooi nemen de teams het tegen elkaar op in round robin-competitie. Elke wedstrijd zal bestaan ​​uit een heren enkelspel, een dames enkelspel en een gemengd dubbelspel.</desc><category></category></programme><programme channel="280653307" start="20221230200000 +0000" stop="20221230220000 +0000" catchup-id="1312148745"><title>World Tennis League - Finale (herhaling)</title><date></date><icon src="https://t-mobiletv.nl:443/CPS/images/universal/film/program/202212/20221223/38/20221223020035512gpd.jpg"></icon><desc>Herhaling van de finale dag in de World Tennis League 2022, gespeeld in de Coca-Cola Arena ivan 19 tot 24 december in Dubai. Aan de hand van een intrigerende nieuwe format, zullen 16 van 's werelds beste mannelijke en vrouwelijke spelers worden ingedeeld in vier teams van vier. Tijdens het zesdaagse toernooi nemen de teams het tegen elkaar op in round robin-competitie. Elke wedstrijd zal bestaan ​​uit een heren enkelspel, een dames enkelspel en een gemengd dubbelspel.</desc><category></category></programme><programme channel="280653307" start="20221230220000 +0000" stop="20221230230000 +0000" catchup-id="1312148751"><title>NK Tennis 2022: Dames Enkel Finale (indoor)</title><date></date><icon src="https://t-mobiletv.nl:443/CPS/images/universal/film/program/202212/20221223/87/20221223020035512d8p.jpg"></icon><desc>Herhaling van de Indoor Dames Enkel Finale op het NK 2022, gespeeld bij het Nationaal Tennis Centrum in Amstelveen.</desc><category></category></programme><programme channel="280653307" start="20221230230000 +0000" stop="20221231000000 +0000" catchup-id="1312148757"><title>NK Tennis 2022: Heren Enkel Finale (indoor)</title><date></date><icon src="https://t-mobiletv.nl:443/CPS/images/universal/film/program/202212/20221223/52/2022122302003551237k.jpg"></icon><desc>Herhaling van de Indoor Heren Enkel Finale op het NK 2022, gespeeld bij het Nationaal Tennis Centrum in Amstelveen.</desc><category></category></programme><programme channel="280653307" start="20221231000000 +0000" stop="20221231020000 +0000" catchup-id="1312148763"><title>World Tennis League - Finale (herhaling)</title><date></date><icon src="https://t-mobiletv.nl:443/CPS/images/universal/film/program/202212/20221223/80/20221223020035512ete.jpg"></icon><desc>Herhaling van de finale dag in de World Tennis League 2022, gespeeld in de Coca-Cola Arena ivan 19 tot 24 december in Dubai. Aan de hand van een intrigerende nieuwe format, zullen 16 van 's werelds beste mannelijke en vrouwelijke spelers worden ingedeeld in vier teams van vier. Tijdens het zesdaagse toernooi nemen de teams het tegen elkaar op in round robin-competitie. Elke wedstrijd zal bestaan ​​uit een heren enkelspel, een dames enkelspel en een gemengd dubbelspel.</desc><category></category></programme><programme channel="280653307" start="20221231020000 +0000" stop="20221231030000 +0000" catchup-id="1312148769"><title>NK Tennis 2022: Dames Enkel Finale (indoor)</title><date></date><icon src="https://t-mobiletv.nl:443/CPS/images/universal/film/program/202212/20221223/27/202212230200355128e8.jpg"></icon><desc>Herhaling van de Indoor Dames Enkel Finale op het NK 2022, gespeeld bij het Nationaal Tennis Centrum in Amstelveen.</desc><category></category></programme><programme channel="280653307" start="20221231030000 +0000" stop="20221231040000 +0000" catchup-id="1312148775"><title>NK Tennis 2022: Heren Enkel Finale (indoor)</title><date></date><icon src="https://t-mobiletv.nl:443/CPS/images/universal/film/program/202212/20221223/95/2022122302003551217i.jpg"></icon><desc>Herhaling van de Indoor Heren Enkel Finale op het NK 2022, gespeeld bij het Nationaal Tennis Centrum in Amstelveen.</desc><category></category></programme><programme channel="280653307" start="20221231040000 +0000" stop="20221231060000 +0000" catchup-id="1312148781"><title>World Tennis League - Finale (herhaling)</title><date></date><icon src="https://t-mobiletv.nl:443/CPS/images/universal/film/program/202212/20221223/22/20221223020035512cke.jpg"></icon><desc>Herhaling van de finale dag in de World Tennis League 2022, gespeeld in de Coca-Cola Arena ivan 19 tot 24 december in Dubai. Aan de hand van een intrigerende nieuwe format, zullen 16 van 's werelds beste mannelijke en vrouwelijke spelers worden ingedeeld in vier teams van vier. Tijdens het zesdaagse toernooi nemen de teams het tegen elkaar op in round robin-competitie. Elke wedstrijd zal bestaan ​​uit een heren enkelspel, een dames enkelspel en een gemengd dubbelspel.</desc><category></category></programme><programme channel="280653307" start="20221231060000 +0000" stop="20221231070000 +0000" catchup-id="1312547796"><title>NK Tennis 2022: Dames Enkel Finale (indoor)</title><date></date><icon src="https://t-mobiletv.nl:443/CPS/images/universal/film/program/202212/20221224/78/20221224020030509s6o.jpg"></icon><desc>Herhaling van de Indoor Dames Enkel Finale op het NK 2022, gespeeld bij het Nationaal Tennis Centrum in Amstelveen.</desc><category></category></programme><programme channel="280653307" start="20221231070000 +0000" stop="20221231080000 +0000" catchup-id="1312547802"><title>NK Tennis 2022: Heren Enkel Finale (indoor)</title><date></date><icon src="https://t-mobiletv.nl:443/CPS/images/universal/film/program/202212/20221224/35/20221224020030509epv.jpg"></icon><desc>Herhaling van de Indoor Heren Enkel Finale op het NK 2022, gespeeld bij het Nationaal Tennis Centrum in Amstelveen.</desc><category></category></programme><programme channel="280653307" start="20221231080000 +0000" stop="20221231090000 +0000" catchup-id="1315199773"><title>Davis Cup Finals 2022 (highlights)</title><date></date><icon src="https://t-mobiletv.nl:443/CPS/images/universal/film/program/202212/20221230/37/20221230210029733g4t.jpg"></icon><desc>Hoogtepunten van de Davis Cup Finals 2022, gespeeld in Malaga, Spanje.</desc><category></category></programme><programme channel="280653307" start="20221231090000 +0000" stop="20221231110000 +0000" catchup-id="1312547814"><title>World Tennis League - Finale (herhaling)</title><date></date><icon src="https://t-mobiletv.nl:443/CPS/images/universal/film/program/202212/20221224/90/202212240200305090vj.jpg"></icon><desc>Herhaling van de finale dag in de World Tennis League 2022, gespeeld in de Coca-Cola Arena ivan 19 tot 24 december in Dubai. Aan de hand van een intrigerende nieuwe format, zullen 16 van 's werelds beste mannelijke en vrouwelijke spelers worden ingedeeld in vier teams van vier. Tijdens het zesdaagse toernooi nemen de teams het tegen elkaar op in round robin-competitie. Elke wedstrijd zal bestaan ​​uit een heren enkelspel, een dames enkelspel en een gemengd dubbelspel.</desc><category></category></programme><programme channel="280653307" start="20221231110000 +0000" stop="20221231130000 +0000" catchup-id="1312547820"><title>World Padel Tour: Barcelona Masters Finale (herhaling)</title><date></date><icon src="https://t-mobiletv.nl:443/CPS/images/universal/film/program/202212/20221224/88/20221224020030509cri.jpg"></icon><desc>Herhaling van de halve finales op de Barcelona Masters Finale, gespeeld in de World Padel Tour in Barcelona, Spanje.</desc><category></category></programme><programme channel="280653307" start="20221231130000 +0000" stop="20221231140000 +0000" catchup-id="1312547826"><title>NK Tennis 2022: Dames Enkel Finale (indoor)</title><date></date><icon src="https://t-mobiletv.nl:443/CPS/images/universal/film/program/202212/20221224/26/20221224020030509nmy.jpg"></icon><desc>Herhaling van de Indoor Dames Enkel Finale op het NK 2022, gespeeld bij het Nationaal Tennis Centrum in Amstelveen.</desc><category></category></programme><programme channel="280653307" start="20221231140000 +0000" stop="20221231150000 +0000" catchup-id="1312547832"><title>NK Tennis 2022: Heren Enkel Finale (indoor)</title><date></date><icon src="https://t-mobiletv.nl:443/CPS/images/universal/film/program/202212/20221224/91/202212240200305095cg.jpg"></icon><desc>Herhaling van de Indoor Heren Enkel Finale op het NK 2022, gespeeld bij het Nationaal Tennis Centrum in Amstelveen.</desc><category></category></programme><programme channel="280653307" start="20221231150000 +0000" stop="20221231170000 +0000" catchup-id="1312547838"><title>World Tennis League - Finale (herhaling)</title><date></date><icon src="https://t-mobiletv.nl:443/CPS/images/universal/film/program/202212/20221224/35/20221224020030509p3s.jpg"></icon><desc>Herhaling van de finale dag in de World Tennis League 2022, gespeeld in de Coca-Cola Arena ivan 19 tot 24 december in Dubai. Aan de hand van een intrigerende nieuwe format, zullen 16 van 's werelds beste mannelijke en vrouwelijke spelers worden ingedeeld in vier teams van vier. Tijdens het zesdaagse toernooi nemen de teams het tegen elkaar op in round robin-competitie. Elke wedstrijd zal bestaan ​​uit een heren enkelspel, een dames enkelspel en een gemengd dubbelspel.</desc><category></category></programme><programme channel="280653307" start="20221231170000 +0000" stop="20221231173000 +0000" catchup-id="1312547844"><title>ATP World Uncovered</title><date></date><icon src="https://t-mobiletv.nl:443/CPS/images/universal/film/program/202212/20221224/83/202212240200305092xn.jpg"></icon><desc>Het laatste nieuws en achtergronden uit de ATP World Tour en de wereld van het mannentennis.</desc><category></category></programme><programme channel="280653307" start="20221231173000 +0000" stop="20221231183000 +0000" catchup-id="1312547850"><title>NK Tennis 2022: Dames Enkel Finale (indoor)</title><date></date><icon src="https://t-mobiletv.nl:443/CPS/images/universal/film/program/202212/20221224/20/20221224020030510xe0.jpg"></icon><desc>Herhaling van de Indoor Dames Enkel Finale op het NK 2022, gespeeld bij het Nationaal Tennis Centrum in Amstelveen.</desc><category></category></programme><programme channel="280653307" start="20221231183000 +0000" stop="20221231193000 +0000" catchup-id="1312547856"><title>NK Tennis 2022: Heren Enkel Finale (indoor)</title><date></date><icon src="https://t-mobiletv.nl:443/CPS/images/universal/film/program/202212/20221224/95/202212240200305100ww.jpg"></icon><desc>Herhaling van de Indoor Heren Enkel Finale op het NK 2022, gespeeld bij het Nationaal Tennis Centrum in Amstelveen.</desc><category></category></programme><programme channel="280653307" start="20221231193000 +0000" stop="20221231213000 +0000" catchup-id="1312547862"><title>World Tennis League - Finale (herhaling)</title><date></date><icon src="https://t-mobiletv.nl:443/CPS/images/universal/film/program/202212/20221224/82/20221224020030510dcb.jpg"></icon><desc>Herhaling van de finale dag in de World Tennis League 2022, gespeeld in de Coca-Cola Arena ivan 19 tot 24 december in Dubai. Aan de hand van een intrigerende nieuwe format, zullen 16 van 's werelds beste mannelijke en vrouwelijke spelers worden ingedeeld in vier teams van vier. Tijdens het zesdaagse toernooi nemen de teams het tegen elkaar op in round robin-competitie. Elke wedstrijd zal bestaan ​​uit een heren enkelspel, een dames enkelspel en een gemengd dubbelspel.</desc><category></category></programme><programme channel="280653307" start="20221231213000 +0000" stop="20221231233000 +0000" catchup-id="1312547868"><title>World Padel Tour: Barcelona Masters Finale (herhaling)</title><date></date><icon src="https://t-mobiletv.nl:443/CPS/images/universal/film/program/202212/20221224/70/20221224020030510iv7.jpg"></icon><desc>Herhaling van de halve finales op de Barcelona Masters Finale, gespeeld in de World Padel Tour in Barcelona, Spanje.</desc><category></category></programme><programme channel="280653307" start="20221231233000 +0000" stop="20230101003000 +0000" catchup-id="1312547874"><title>NK Tennis 2022: Dames Enkel Finale (indoor)</title><date></date><icon src="https://t-mobiletv.nl:443/CPS/images/universal/film/program/202212/20221224/33/20221224020030510fki.jpg"></icon><desc>Herhaling van de Indoor Dames Enkel Finale op het NK 2022, gespeeld bij het Nationaal Tennis Centrum in Amstelveen.</desc><category></category></programme><programme channel="280653307" start="20230101003000 +0000" stop="20230101013000 +0000" catchup-id="1312547880"><title>NK Tennis 2022: Heren Enkel Finale (indoor)</title><date></date><icon src="https://t-mobiletv.nl:443/CPS/images/universal/film/program/202212/20221224/79/20221224020030510zyn.jpg"></icon><desc>Herhaling van de Indoor Heren Enkel Finale op het NK 2022, gespeeld bij het Nationaal Tennis Centrum in Amstelveen.</desc><category></category></programme><programme channel="280653307" start="20230101013000 +0000" stop="20230101033000 +0000" catchup-id="1312547886"><title>World Tennis League - Finale (herhaling)</title><date></date><icon src="https://t-mobiletv.nl:443/CPS/images/universal/film/program/202212/20221224/94/20221224020030510nxt.jpg"></icon><desc>Herhaling van de finale dag in de World Tennis League 2022, gespeeld in de Coca-Cola Arena ivan 19 tot 24 december in Dubai. Aan de hand van een intrigerende nieuwe format, zullen 16 van 's werelds beste mannelijke en vrouwelijke spelers worden ingedeeld in vier teams van vier. Tijdens het zesdaagse toernooi nemen de teams het tegen elkaar op in round robin-competitie. Elke wedstrijd zal bestaan ​​uit een heren enkelspel, een dames enkelspel en een gemengd dubbelspel.</desc><category></category></programme><programme channel="280653307" start="20230101033000 +0000" stop="20230101053000 +0000" catchup-id="1312547892"><title>World Padel Tour: Mexico Open (herhaling)</title><date></date><icon src="https://t-mobiletv.nl:443/CPS/images/universal/film/program/202212/20221224/7/20221224020030510st4.jpg"></icon><desc>Herhaling van de finales op de Mexico Open, gespeeld in de World Padel Tour in ..., Mexico.</desc><category></category></programme><programme channel="280653307" start="20230101053000 +0000" stop="20230101060000 +0000" catchup-id="1312901881"><title>ATP World Uncovered</title><date></date><icon src="https://t-mobiletv.nl:443/CPS/images/universal/film/program/202212/20221225/37/20221225020039716s0x.jpg"></icon><desc>Het laatste nieuws en achtergronden uit de ATP World Tour en de wereld van het mannentennis.</desc><category></category></programme><programme channel="280653307" start="20230101060000 +0000" stop="20230101073000 +0000" catchup-id="1312901887"><title>ATP 250: Tata Open Maharashtra (herhaling)</title><date></date><icon src="https://t-mobiletv.nl:443/CPS/images/universal/film/program/202212/20221225/47/20221225020039716hac.jpg"></icon><desc>Herhaling van de finale op de Tata Open Maharashtra, gespeeld in de ATP Tour 250 in Pune, India.</desc><category></category></programme><programme channel="280653307" start="20230101073000 +0000" stop="20230101080000 +0000" catchup-id="1312901893"><title>Sporting Rivalries (Federer vs Nadal)</title><date></date><icon src="https://t-mobiletv.nl:443/CPS/images/universal/film/program/202212/20221225/45/20221225020039716gr4.jpg"></icon><desc>Documentaire reeks waar de mooiste rivaliteiten worden belicht, deze aflevering staan de gevechten op de tennisbaan tussen Roger Federer en Rafael Nadal centraal.</desc><category></category></programme><programme channel="280653307" start="20230101080000 +0000" stop="20230101090000 +0000" catchup-id="1312901899"><title>NK Tennis 2022: Heren Enkel Finale (indoor)</title><date></date><icon src="https://t-mobiletv.nl:443/CPS/images/universal/film/program/202212/20221225/53/20221225020039716kbq.jpg"></icon><desc>Herhaling van de Indoor Heren Enkel Finale op het NK 2022, gespeeld bij het Nationaal Tennis Centrum in Amstelveen.</desc><category></category></programme><programme channel="280653307" start="20230101090000 +0000" stop="20230101100000 +0000" catchup-id="1312901905"><title>NK Tennis 2022: Dames Enkel Finale (indoor)</title><date></date><icon src="https://t-mobiletv.nl:443/CPS/images/universal/film/program/202212/20221225/91/20221225020039716si1.jpg"></icon><desc>Herhaling van de Indoor Dames Enkel Finale op het NK 2022, gespeeld bij het Nationaal Tennis Centrum in Amstelveen.</desc><category></category></programme><programme channel="280653307" start="20230101100000 +0000" stop="20230101113000 +0000" catchup-id="1312901911"><title>ATP 250: Tata Open Maharashtra (herhaling)</title><date></date><icon src="https://t-mobiletv.nl:443/CPS/images/universal/film/program/202212/20221225/81/20221225020039716pf6.jpg"></icon><desc>Herhaling van de finale op de Tata Open Maharashtra, gespeeld in de ATP Tour 250 in Pune, India.</desc><category></category></programme><programme channel="280653307" start="20230101113000 +0000" stop="20230101133000 +0000" catchup-id="1312901917"><title>World Tennis League - Finale (herhaling)</title><date></date><icon src="https://t-mobiletv.nl:443/CPS/images/universal/film/program/202212/20221225/30/20221225020039716kpm.jpg"></icon><desc>Herhaling van de finale dag in de World Tennis League 2022, gespeeld in de Coca-Cola Arena ivan 19 tot 24 december in Dubai. Aan de hand van een intrigerende nieuwe format, zullen 16 van 's werelds beste mannelijke en vrouwelijke spelers worden ingedeeld in vier teams van vier. Tijdens het zesdaagse toernooi nemen de teams het tegen elkaar op in round robin-competitie. Elke wedstrijd zal bestaan ​​uit een heren enkelspel, een dames enkelspel en een gemengd dubbelspel.</desc><category></category></programme><programme channel="280653307" start="20230101133000 +0000" stop="20230101153000 +0000" catchup-id="1312901923"><title>World Padel Tour: Barcelona Masters Finale (herhaling)</title><date></date><icon src="https://t-mobiletv.nl:443/CPS/images/universal/film/program/202212/20221225/75/202212250200397168s9.jpg"></icon><desc>Herhaling van de halve finales op de Barcelona Masters Finale, gespeeld in de World Padel Tour in Barcelona, Spanje.</desc><category></category></programme><programme channel="280653307" start="20230101153000 +0000" stop="20230101170000 +0000" catchup-id="1312902377"><title>ATP 250: Tata Open Maharashtra (herhaling)</title><date></date><icon src="https://t-mobiletv.nl:443/CPS/images/universal/film/program/202212/20221225/27/20221225020039716fkn.jpg"></icon><desc>Herhaling van de finale op de Tata Open Maharashtra, gespeeld in de ATP Tour 250 in Pune, India.</desc><category></category></programme><programme channel="280653307" start="20230101170000 +0000" stop="20230101180000 +0000" catchup-id="1312902383"><title>Davis Cup Finals 2022 (highlights)</title><date></date><icon src="https://t-mobiletv.nl:443/CPS/images/universal/film/program/202212/20221225/24/20221225020039716jis.jpg"></icon><desc>Hoogtepunten van de Davis Cup Finals 2022, gespeeld in Malaga, Spanje.</desc><category></category></programme><programme channel="280653307" start="20230101180000 +0000" stop="20230101183000 +0000" catchup-id="1312902389"><title>ATP World Uncovered</title><date></date><icon src="https://t-mobiletv.nl:443/CPS/images/universal/film/program/202212/20221225/6/20221225020039717y9p.jpg"></icon><desc>Het laatste nieuws en achtergronden uit de ATP World Tour en de wereld van het mannentennis.</desc><category></category></programme><programme channel="280653307" start="20230101183000 +0000" stop="20230101190000 +0000" catchup-id="1312902395"><title>Sporting Rivalries (Federer vs Nadal)</title><date></date><icon src="https://t-mobiletv.nl:443/CPS/images/universal/film/program/202212/20221225/78/20221225020039717fjq.jpg"></icon><desc>Documentaire reeks waar de mooiste rivaliteiten worden belicht, deze aflevering staan de gevechten op de tennisbaan tussen Roger Federer en Rafael Nadal centraal.</desc><category></category></programme><programme channel="280653307" start="20230101190000 +0000" stop="20230101210000 +0000" catchup-id="1312902401"><title>World Tennis League - Finale (herhaling)</title><date></date><icon src="https://t-mobiletv.nl:443/CPS/images/universal/film/program/202212/20221225/69/20221225020039717owv.jpg"></icon><desc>Herhaling van de finale dag in de World Tennis League 2022, gespeeld in de Coca-Cola Arena ivan 19 tot 24 december in Dubai. Aan de hand van een intrigerende nieuwe format, zullen 16 van 's werelds beste mannelijke en vrouwelijke spelers worden ingedeeld in vier teams van vier. Tijdens het zesdaagse toernooi nemen de teams het tegen elkaar op in round robin-competitie. Elke wedstrijd zal bestaan ​​uit een heren enkelspel, een dames enkelspel en een gemengd dubbelspel.</desc><category></category></programme><programme channel="280653307" start="20230101210000 +0000" stop="20230101220000 +0000" catchup-id="1312902407"><title>NK Tennis 2022: Heren Enkel Finale (indoor)</title><date></date><icon src="https://t-mobiletv.nl:443/CPS/images/universal/film/program/202212/20221225/92/20221225020039717pv5.jpg"></icon><desc>Herhaling van de Indoor Heren Enkel Finale op het NK 2022, gespeeld bij het Nationaal Tennis Centrum in Amstelveen.</desc><category></category></programme><programme channel="280653307" start="20230101220000 +0000" stop="20230101230000 +0000" catchup-id="1312902413"><title>NK Tennis 2022: Dames Enkel Finale (indoor)</title><date></date><icon src="https://t-mobiletv.nl:443/CPS/images/universal/film/program/202212/20221225/54/20221225020039717z2m.jpg"></icon><desc>Herhaling van de Indoor Dames Enkel Finale op het NK 2022, gespeeld bij het Nationaal Tennis Centrum in Amstelveen.</desc><category></category></programme><programme channel="280653307" start="20230101230000 +0000" stop="20230102003000 +0000" catchup-id="1312902419"><title>ATP 250: Tata Open Maharashtra (herhaling)</title><date></date><icon src="https://t-mobiletv.nl:443/CPS/images/universal/film/program/202212/20221225/9/202212250200397179h5.jpg"></icon><desc>Herhaling van de finale op de Tata Open Maharashtra, gespeeld in de ATP Tour 250 in Pune, India.</desc><category></category></programme><programme channel="280653307" start="20230102003000 +0000" stop="20230102043500 +0000" catchup-id="1312902425"><title>ATP 250: Adelaide International 1</title><date></date><icon src="https://t-mobiletv.nl:443/CPS/images/universal/film/program/202212/20221225/93/20221225020039717yrc.jpg"></icon><desc>Verslag van de tweede dag op de Adelaide International 1, gespeeld in de ATP Tour 250 in Adelaide, Australie.</desc><category></category></programme><programme channel="280653307" start="20230102043500 +0000" stop="20230102060000 +0000" catchup-id="1312902431"><title>ATP 250: Adelaide International 1</title><date></date><icon src="https://t-mobiletv.nl:443/CPS/images/universal/film/program/202212/20221225/23/20221225020039717vq1.jpg"></icon><desc>Verslag van de tweede dag op de Adelaide International 1, gespeeld in de ATP Tour 250 in Adelaide, Australie.</desc><category></category></programme><programme channel="280653307" start="20230102060000 +0000" stop="20230102063000 +0000" catchup-id="1313228258"><title>Classic Match: Mark Philippoussis - Pete Sampras 1996 (Australian Open)</title><date></date><icon src="https://t-mobiletv.nl:443/CPS/images/universal/film/program/202212/20221226/45/20221226020034715am5.jpg"></icon><desc>Programmabeschrijving niet beschikbaar</desc><category></category></programme><programme channel="280653307" start="20230102063000 +0000" stop="20230102070000 +0000" catchup-id="1313228264"><title>Sporting Rivalries (Federer vs Nadal)</title><date></date><icon src="https://t-mobiletv.nl:443/CPS/images/universal/film/program/202212/20221226/68/202212260200347167uq.jpg"></icon><desc>Documentaire reeks waar de mooiste rivaliteiten worden belicht, deze aflevering staan de gevechten op de tennisbaan tussen Roger Federer en Rafael Nadal centraal.</desc><category></category></programme><programme channel="280653307" start="20230102070000 +0000" stop="20230102083000 +0000" catchup-id="1313228270"><title>ATP 250: Tata Open Maharashtra (herhaling)</title><date></date><icon src="https://t-mobiletv.nl:443/CPS/images/universal/film/program/202212/20221226/31/20221226020034716rxr.jpg"></icon><desc>Herhaling van de finale op de Tata Open Maharashtra, gespeeld in de ATP Tour 250 in Pune, India.</desc><category></category></programme><programme channel="280653307" start="20230102083000 +0000" stop="20230102123500 +0000" catchup-id="1313228276"><title>ATP 250: Pune Tata Open Maharashtra</title><date></date><icon src="https://t-mobiletv.nl:443/CPS/images/universal/film/program/202212/20221226/25/20221226020034716nie.jpg"></icon><desc>Verslag van de eerste dag op de Tata Open Maharashtra, gespeeld in de ATP Tour 250 in Pune, India.</desc><category></category></programme><programme channel="280653307" start="20230102123500 +0000" stop="20230102143500 +0000" catchup-id="1313228282"><title>ATP 250: Pune Tata Open Maharashtra</title><date></date><icon src="https://t-mobiletv.nl:443/CPS/images/universal/film/program/202212/20221226/42/20221226020034716gay.jpg"></icon><desc>Verslag van de eerste dag op de Tata Open Maharashtra, gespeeld in de ATP Tour 250 in Pune, India.</desc><category></category></programme><programme channel="280653307" start="20230102143500 +0000" stop="20230102163500 +0000" catchup-id="1313228288"><title>ATP 250: Adelaide International 1 (herhaling)</title><date></date><icon src="https://t-mobiletv.nl:443/CPS/images/universal/film/program/202212/20221226/4/20221226020034716i92.jpg"></icon><desc>Herhaling van de tweede dag op de Adelaide International 1, gespeeld in de ATP Tour 250 in Adelaide, Australie.</desc><category></category></programme><programme channel="280653307" start="20230102163500 +0000" stop="20230102183500 +0000" catchup-id="1313228294"><title>ATP 250: Pune Tata Open Maharashtra (herhaling)</title><date></date><icon src="https://t-mobiletv.nl:443/CPS/images/universal/film/program/202212/20221226/89/20221226020034716fsu.jpg"></icon><desc>Herhaling van de eerste dag op de Tata Open Maharashtra, gespeeld in de ATP Tour 250 in Pune, India.</desc><category></category></programme><programme channel="280653307" start="20230102183500 +0000" stop="20230102203500 +0000" catchup-id="1313228300"><title>ATP 250: Adelaide International 1 (herhaling)</title><date></date><icon src="https://t-mobiletv.nl:443/CPS/images/universal/film/program/202212/20221226/89/202212260200347166o6.jpg"></icon><desc>Herhaling van de tweede dag op de Adelaide International 1, gespeeld in de ATP Tour 250 in Adelaide, Australie.</desc><category></category></programme><programme channel="280653307" start="20230102203500 +0000" stop="20230102223500 +0000" catchup-id="1313228306"><title>ATP 250: Pune Tata Open Maharashtra (herhaling)</title><date></date><icon src="https://t-mobiletv.nl:443/CPS/images/universal/film/program/202212/20221226/16/20221226020034716gml.jpg"></icon><desc>Herhaling van de eerste dag op de Tata Open Maharashtra, gespeeld in de ATP Tour 250 in Pune, India.</desc><category></category></programme><programme channel="280653307" start="20230102223500 +0000" stop="20230103003500 +0000" catchup-id="1313228312"><title>ATP 250: Adelaide International 1 (herhaling)</title><date></date><icon src="https://t-mobiletv.nl:443/CPS/images/universal/film/program/202212/20221226/18/20221226020034716m7l.jpg"></icon><desc>Herhaling van de tweede dag op de Adelaide International 1, gespeeld in de ATP Tour 250 in Adelaide, Australie.</desc><category></category></programme><programme channel="280653307" start="20230103003500 +0000" stop="20230103043000 +0000" catchup-id="1313228318"><title>ATP 250: Adelaide International 1</title><date></date><icon src="https://t-mobiletv.nl:443/CPS/images/universal/film/program/202212/20221226/13/202212260200347165hb.jpg"></icon><desc>Verslag van de derde dag op de Adelaide International 1, gespeeld in de ATP Tour 250 in Adelaide, Australie.</desc><category></category></programme><programme channel="280653307" start="20230103043000 +0000" stop="20230103060000 +0000" catchup-id="1313228324"><title>ATP 250: Adelaide International 1</title><date></date><icon src="https://t-mobiletv.nl:443/CPS/images/universal/film/program/202212/20221226/56/20221226020034716br5.jpg"></icon><desc>Verslag van de derde dag op de Adelaide International 1, gespeeld in de ATP Tour 250 in Adelaide, Australie.</desc><category></category></programme><programme channel="280653307" start="20230103060000 +0000" stop="20230103063000 +0000" catchup-id="1313560836"><title>Aust Open: Classic Match: 1995 - Jim Courier - Pete Sampras</title><date></date><icon src="https://t-mobiletv.nl:443/CPS/images/universal/film/program/202212/20221227/6/20221227020034724rey.jpg"></icon><desc>Hoogtepunten van de legendarische wedstrijd tussen Pistole Pete en Jim Courier.</desc><category></category></programme><programme channel="280653307" start="20230103063000 +0000" stop="20230103083000 +0000" catchup-id="1313560842"><title>ATP 250: Pune Tata Open Maharashtra (herhaling)</title><date></date><icon src="https://t-mobiletv.nl:443/CPS/images/universal/film/program/202212/20221227/5/20221227020034724b0p.jpg"></icon><desc>Herhaling van de eerste dag op de Tata Open Maharashtra, gespeeld in de ATP Tour 250 in Pune, India.</desc><category></category></programme><programme channel="280653307" start="20230103083000 +0000" stop="20230103123500 +0000" catchup-id="1313560848"><title>ATP 250: Pune Tata Open Maharashtra</title><date></date><icon src="https://t-mobiletv.nl:443/CPS/images/universal/film/program/202212/20221227/77/202212270200347247kj.jpg"></icon><desc>Verslag van de tweede dag op de Tata Open Maharashtra, gespeeld in de ATP Tour 250 in Pune, India.</desc><category></category></programme><programme channel="280653307" start="20230103123500 +0000" stop="20230103143500 +0000" catchup-id="1313560854"><title>ATP 250: Pune Tata Open Maharashtra</title><date></date><icon src="https://t-mobiletv.nl:443/CPS/images/universal/film/program/202212/20221227/86/20221227020034724a9j.jpg"></icon><desc>Verslag van de tweede dag op de Tata Open Maharashtra, gespeeld in de ATP Tour 250 in Pune, India.</desc><category></category></programme><programme channel="280653307" start="20230103143500 +0000" stop="20230103163500 +0000" catchup-id="1313560860"><title>ATP 250: Adelaide International 1 (herhaling)</title><date></date><icon src="https://t-mobiletv.nl:443/CPS/images/universal/film/program/202212/20221227/67/20221227020034724hd8.jpg"></icon><desc>Herhaling van de derde dag op de Adelaide International 1, gespeeld in de ATP Tour 250 in Adelaide, Australie.</desc><category></category></programme><programme channel="280653307" start="20230103163500 +0000" stop="20230103183500 +0000" catchup-id="1313560866"><title>ATP 250: Pune Tata Open Maharashtra (herhaling)</title><date></date><icon src="https://t-mobiletv.nl:443/CPS/images/universal/film/program/202212/20221227/25/20221227020034725voe.jpg"></icon><desc>Herhaling van de tweede dag op de Tata Open Maharashtra, gespeeld in de ATP Tour 250 in Pune, India.</desc><category></category></programme><programme channel="280653307" start="20230103183500 +0000" stop="20230103203500 +0000" catchup-id="1313560872"><title>ATP 250: Adelaide International 1 (herhaling)</title><date></date><icon src="https://t-mobiletv.nl:443/CPS/images/universal/film/program/202212/20221227/24/20221227020034725ve3.jpg"></icon><desc>Herhaling van de derde dag op de Adelaide International 1, gespeeld in de ATP Tour 250 in Adelaide, Australie.</desc><category></category></programme><programme channel="280653307" start="20230103203500 +0000" stop="20230103223500 +0000" catchup-id="1313561006"><title>ATP 250: Pune Tata Open Maharashtra (herhaling)</title><date></date><icon src="https://t-mobiletv.nl:443/CPS/images/universal/film/program/202212/20221227/27/20221227020034725use.jpg"></icon><desc>Herhaling van de tweede dag op de Tata Open Maharashtra, gespeeld in de ATP Tour 250 in Pune, India.</desc><category></category></programme><programme channel="280653307" start="20230103223500 +0000" stop="20230104003500 +0000" catchup-id="1313561012"><title>ATP 250: Adelaide International 1 (herhaling)</title><date></date><icon src="https://t-mobiletv.nl:443/CPS/images/universal/film/program/202212/20221227/90/20221227020034725gee.jpg"></icon><desc>Herhaling van de derde dag op de Adelaide International 1, gespeeld in de ATP Tour 250 in Adelaide, Australie.</desc><category></category></programme><programme channel="280653307" start="20230104003500 +0000" stop="20230104053000 +0000" catchup-id="1313561018"><title>ATP 250: Adelaide International 1</title><date></date><icon src="https://t-mobiletv.nl:443/CPS/images/universal/film/program/202212/20221227/3/20221227020034725b7u.jpg"></icon><desc>Verslag van de vierde dag op de Adelaide International 1, gespeeld in de ATP Tour 250 in Adelaide, Australie.</desc><category></category></programme><programme channel="280653307" start="20230104053000 +0000" stop="20230104060000 +0000" catchup-id="1313938909"><title>ATP World Uncovered</title><date></date><icon src="https://t-mobiletv.nl:443/CPS/images/universal/film/program/202212/20221228/82/20221228020040961s6x.jpg"></icon><desc>Het laatste nieuws en achtergronden uit de ATP World Tour en de wereld van het mannentennis.</desc><category></category></programme><programme channel="280653307" start="20230104060000 +0000" stop="20230104063000 +0000" catchup-id="1313938915"><title>Aust Open: Classic Match: 1995 - Andre Agassi - Pete Sampras</title><date></date><icon src="https://t-mobiletv.nl:443/CPS/images/universal/film/program/202212/20221228/88/20221228020040961e26.jpg"></icon><desc>Programmabeschrijving niet beschikbaar</desc><category></category></programme><programme channel="280653307" start="20230104063000 +0000" stop="20230104083000 +0000" catchup-id="1313939241"><title>ATP 250: Pune Tata Open Maharashtra (herhaling)</title><date></date><icon src="https://t-mobiletv.nl:443/CPS/images/universal/film/program/202212/20221228/51/20221228020040961hcq.jpg"></icon><desc>Herhaling van de tweede dag op de Tata Open Maharashtra, gespeeld in de ATP Tour 250 in Pune, India.</desc><category></category></programme><programme channel="280653307" start="20230104083000 +0000" stop="20230104123500 +0000" catchup-id="1313939247"><title>ATP 250: Pune Tata Open Maharashtra</title><date></date><icon src="https://t-mobiletv.nl:443/CPS/images/universal/film/program/202212/20221228/71/20221228020040961wr5.jpg"></icon><desc>Verslag van de derde dag op de Tata Open Maharashtra, gespeeld in de ATP Tour 250 in Pune, India.</desc><category></category></programme><programme channel="280653307" start="20230104123500 +0000" stop="20230104143500 +0000" catchup-id="1313939253"><title>ATP 250: Pune Tata Open Maharashtra</title><date></date><icon src="https://t-mobiletv.nl:443/CPS/images/universal/film/program/202212/20221228/89/20221228020040961y4g.jpg"></icon><desc>Verslag van de derde dag op de Tata Open Maharashtra, gespeeld in de ATP Tour 250 in Pune, India.</desc><category></category></programme><programme channel="280653307" start="20230104143500 +0000" stop="20230104163500 +0000" catchup-id="1313939259"><title>ATP 250: Adelaide International 1 (herhaling)</title><date></date><icon src="https://t-mobiletv.nl:443/CPS/images/universal/film/program/202212/20221228/36/202212280200409617h4.jpg"></icon><desc>Herhaling van de vierde dag op de Adelaide International 1, gespeeld in de ATP Tour 250 in Adelaide, Australie.</desc><category></category></programme><programme channel="280653307" start="20230104163500 +0000" stop="20230104183500 +0000" catchup-id="1313939265"><title>ATP 250: Pune Tata Open Maharashtra (herhaling)</title><date></date><icon src="https://t-mobiletv.nl:443/CPS/images/universal/film/program/202212/20221228/97/20221228020040961hzy.jpg"></icon><desc>Herhaling van de derde dag op de Tata Open Maharashtra, gespeeld in de ATP Tour 250 in Pune, India.</desc><category></category></programme><programme channel="280653307" start="20230104183500 +0000" stop="20230104203500 +0000" catchup-id="1313939271"><title>ATP 250: Pune Tata Open Maharashtra (herhaling)</title><date></date><icon src="https://t-mobiletv.nl:443/CPS/images/universal/film/program/202212/20221228/43/202212280200409614aa.jpg"></icon><desc>Herhaling van de tweede dag op de Tata Open Maharashtra, gespeeld in de ATP Tour 250 in Pune, India.</desc><category></category></programme><programme channel="280653307" start="20230104203500 +0000" stop="20230104223500 +0000" catchup-id="1313939277"><title>ATP 250: Pune Tata Open Maharashtra (herhaling)</title><date></date><icon src="https://t-mobiletv.nl:443/CPS/images/universal/film/program/202212/20221228/71/20221228020040961wns.jpg"></icon><desc>Herhaling van de derde dag op de Tata Open Maharashtra, gespeeld in de ATP Tour 250 in Pune, India.</desc><category></category></programme><programme channel="280653307" start="20230104223500 +0000" stop="20230105003500 +0000" catchup-id="1313939283"><title>ATP 250: Adelaide International 1 (herhaling)</title><date></date><icon src="https://t-mobiletv.nl:443/CPS/images/universal/film/program/202212/20221228/15/20221228020040961b75.jpg"></icon><desc>Herhaling van de vierde dag op de Adelaide International 1, gespeeld in de ATP Tour 250 in Adelaide, Australie.</desc><category></category></programme><programme channel="280653307" start="20230105003500 +0000" stop="20230105060000 +0000" catchup-id="1313939289"><title>ATP 250: Adelaide International 1</title><date></date><icon src="https://t-mobiletv.nl:443/CPS/images/universal/film/program/202212/20221228/33/20221228020040961nlt.jpg"></icon><desc>Verslag van de vijfde dag op de Adelaide International 1, gespeeld in de ATP Tour 250 in Adelaide, Australie.</desc><category></category></programme><programme channel="280653307" start="20230105060000 +0000" stop="20230105063000 +0000" catchup-id="1314358844"><title>Aust Open: Classic Match: 1993 - Monica Seles - Steffi Graf</title><date></date><icon src="https://t-mobiletv.nl:443/CPS/images/universal/film/program/202212/20221229/66/20221229020034712m22.jpg"></icon><desc>Programmabeschrijving niet beschikbaar</desc><category></category></programme><programme channel="280653307" start="20230105063000 +0000" stop="20230105083000 +0000" catchup-id="1314358850"><title>ATP 250: Pune Tata Open Maharashtra (herhaling)</title><date></date><icon src="https://t-mobiletv.nl:443/CPS/images/universal/film/program/202212/20221229/90/2022122902003471397z.jpg"></icon><desc>Herhaling van de derde dag op de Tata Open Maharashtra, gespeeld in de ATP Tour 250 in Pune, India.</desc><category></category></programme><programme channel="280653307" start="20230105083000 +0000" stop="20230105123000 +0000" catchup-id="1314358856"><title>ATP 250: Pune Tata Open Maharashtra</title><date></date><icon src="https://t-mobiletv.nl:443/CPS/images/universal/film/program/202212/20221229/4/20221229020034713fst.jpg"></icon><desc>Verslag van de eerste en tweede kwart finales op de Tata Open Maharashtra, gespeeld in de ATP Tour 250 in Pune, India.</desc><category></category></programme><programme channel="280653307" start="20230105123000 +0000" stop="20230105163000 +0000" catchup-id="1314358862"><title>ATP 250: Pune Tata Open Maharashtra</title><date></date><icon src="https://t-mobiletv.nl:443/CPS/images/universal/film/program/202212/20221229/54/20221229020034713wjk.jpg"></icon><desc>Verslag van de derde en vierde kwart finales op de Tata Open Maharashtra, gespeeld in de ATP Tour 250 in Pune, India.</desc><category></category></programme><programme channel="280653307" start="20230105163000 +0000" stop="20230105170000 +0000" catchup-id="1314358868"><title>ATP World Uncovered</title><date></date><icon src="https://t-mobiletv.nl:443/CPS/images/universal/film/program/202212/20221229/29/20221229020034713dgm.jpg"></icon><desc>Het laatste nieuws en achtergronden uit de ATP World Tour en de wereld van het mannentennis.</desc><category></category></programme><programme channel="280653307" start="20230105170000 +0000" stop="20230105190000 +0000" catchup-id="1314358874"><title>ATP 250: Adelaide International 1 (herhaling)</title><date></date><icon src="https://t-mobiletv.nl:443/CPS/images/universal/film/program/202212/20221229/78/202212290200347134dj.jpg"></icon><desc>Herhaling van de vijfde dag op de Adelaide International 1, gespeeld in de ATP Tour 250 in Adelaide, Australie.</desc><category></category></programme><programme channel="280653307" start="20230105190000 +0000" stop="20230105193000 +0000" catchup-id="1314358880"><title>ATP World Uncovered</title><date></date><icon src="https://t-mobiletv.nl:443/CPS/images/universal/film/program/202212/20221229/25/20221229020034713xj7.jpg"></icon><desc>Het laatste nieuws en achtergronden uit de ATP World Tour en de wereld van het mannentennis.</desc><category></category></programme><programme channel="280653307" start="20230105193000 +0000" stop="20230105213000 +0000" catchup-id="1314358886"><title>ATP 250: Adelaide International 1 (herhaling)</title><date></date><icon src="https://t-mobiletv.nl:443/CPS/images/universal/film/program/202212/20221229/62/20221229020034713bs6.jpg"></icon><desc>Herhaling van de vijfde dag op de Adelaide International 1, gespeeld in de ATP Tour 250 in Adelaide, Australie.</desc><category></category></programme><programme channel="280653307" start="20230105213000 +0000" stop="20230105220000 +0000" catchup-id="1314358892"><title>ATP World Uncovered</title><date></date><icon src="https://t-mobiletv.nl:443/CPS/images/universal/film/program/202212/20221229/73/20221229020034713yxc.jpg"></icon><desc>Het laatste nieuws en achtergronden uit de ATP World Tour en de wereld van het mannentennis.</desc><category></category></programme><programme channel="280653307" start="20230105220000 +0000" stop="20230106000000 +0000" catchup-id="1314358898"><title>ATP 250: Adelaide International 1 (herhaling)</title><date></date><icon src="https://t-mobiletv.nl:443/CPS/images/universal/film/program/202212/20221229/60/202212290200347134si.jpg"></icon><desc>Herhaling van de vijfde dag op de Adelaide International 1, gespeeld in de ATP Tour 250 in Adelaide, Australie.</desc><category></category></programme><programme channel="280653307" start="20230106000000 +0000" stop="20230106003000 +0000" catchup-id="1314358904"><title>ATP World Uncovered</title><date></date><icon src="https://t-mobiletv.nl:443/CPS/images/universal/film/program/202212/20221229/14/202212290200347133db.jpg"></icon><desc>Het laatste nieuws en achtergronden uit de ATP World Tour en de wereld van het mannentennis.</desc><category></category></programme><programme channel="280653307" start="20230106003000 +0000" stop="20230106043500 +0000" catchup-id="1314358910"><title>ATP 250: Adelaide International 1</title><date></date><icon src="https://t-mobiletv.nl:443/CPS/images/universal/film/program/202212/20221229/97/20221229020034713ily.jpg"></icon><desc>Verslag van de kwart finales op de Adelaide International 1, gespeeld in de ATP Tour 250 in Adelaide, Australie.</desc><category></category></programme><programme channel="280653307" start="20230106043500 +0000" stop="20230106060000 +0000" catchup-id="1314358916"><title>ATP 250: Tata Open Maharashtra (herhaling)</title><date></date><icon src="https://t-mobiletv.nl:443/CPS/images/universal/film/program/202212/20221229/43/20221229020034713uyi.jpg"></icon><desc></desc><category></category></programme><programme channel="280653307" start="20230106060000 +0000" stop="20230106080000 +0000" catchup-id="1314808813"><title>ATP 250: Pune Tata Open Maharashtra (herhaling)</title><date></date><icon src="https://t-mobiletv.nl:443/CPS/images/universal/film/program/202212/20221230/12/20221230020035512bsr.jpg"></icon><desc>Herhaling van de eerste en tweede kwart finales op de Tata Open Maharashtra, gespeeld in de ATP Tour 250 in Pune, India.</desc><category></category></programme><programme channel="280653307" start="20230106080000 +0000" stop="20230106090000 +0000" catchup-id="1314808819"><title>NK Tennis 2022: Dames Enkel Finale (indoor)</title><date></date><icon src="https://t-mobiletv.nl:443/CPS/images/universal/film/program/202212/20221230/14/20221230020035512mjt.jpg"></icon><desc>Herhaling van de Indoor Dames Enkel Finale op het NK 2022, gespeeld bij het Nationaal Tennis Centrum in Amstelveen.</desc><category></category></programme><programme channel="280653307" start="20230106090000 +0000" stop="20230106093000 +0000" catchup-id="1314808825"><title>ATP World Uncovered</title><date></date><icon src="https://t-mobiletv.nl:443/CPS/images/universal/film/program/202212/20221230/6/20221230020035512l3s.jpg"></icon><desc>Het laatste nieuws en achtergronden uit de ATP World Tour en de wereld van het mannentennis.</desc><category></category></programme><programme channel="280653307" start="20230106093000 +0000" stop="20230106113000 +0000" catchup-id="1314808831"><title>ATP 250: Pune Tata Open Maharashtra</title><date></date><icon src="https://t-mobiletv.nl:443/CPS/images/universal/film/program/202212/20221230/78/202212300200355125mq.jpg"></icon><desc>Verslag van de tweede halve finale op de Tata Open Maharashtra, gespeeld in de ATP Tour 250 in Pune, India.</desc><category></category></programme><programme channel="280653307" start="20230106113000 +0000" stop="20230106133500 +0000" catchup-id="1314808837"><title>ATP 250: Pune Tata Open Maharashtra</title><date></date><icon src="https://t-mobiletv.nl:443/CPS/images/universal/film/program/202212/20221230/47/20221230020035512awq.jpg"></icon><desc>Verslag van de eerste halve finale op de Tata Open Maharashtra, gespeeld in de ATP Tour 250 in Pune, India.</desc><category></category></programme><programme channel="280653307" start="20230106133500 +0000" stop="20230106140500 +0000" catchup-id="1314808843"><title>ATP World Uncovered</title><date></date><icon src="https://t-mobiletv.nl:443/CPS/images/universal/film/program/202212/20221230/11/20221230020035512zp8.jpg"></icon><desc></desc><category></category></programme><programme channel="280653307" start="20230106140500 +0000" stop="20230106160500 +0000" catchup-id="1314808849"><title>ATP 250: Adelaide International 1 (herhaling)</title><date></date><icon src="https://t-mobiletv.nl:443/CPS/images/universal/film/program/202212/20221230/74/20221230020035512fq7.jpg"></icon><desc></desc><category></category></programme><programme channel="280653307" start="20230106160500 +0000" stop="20230106180500 +0000" catchup-id="1314808855"><title>ATP 250: Pune Tata Open Maharashtra (herhaling)</title><date></date><icon src="https://t-mobiletv.nl:443/CPS/images/universal/film/program/202212/20221230/22/20221230020035512x48.jpg"></icon><desc></desc><category></category></programme><programme channel="280653307" start="20230106180500 +0000" stop="20230106200500 +0000" catchup-id="1314808861"><title>ATP 250: Adelaide International 1 (herhaling)</title><date></date><icon src="https://t-mobiletv.nl:443/CPS/images/universal/film/program/202212/20221230/34/20221230020035512a84.jpg"></icon><desc></desc><category></category></programme><programme channel="280653307" start="20230106200500 +0000" stop="20230106203500 +0000" catchup-id="1314808867"><title>ATP World Uncovered</title><date></date><icon src="https://t-mobiletv.nl:443/CPS/images/universal/film/program/202212/20221230/95/20221230020035512fiv.jpg"></icon><desc></desc><category></category></programme><programme channel="280653307" start="20230106203500 +0000" stop="20230106223500 +0000" catchup-id="1314808873"><title>ATP 250: Adelaide International 1 (herhaling)</title><date></date><icon src="https://t-mobiletv.nl:443/CPS/images/universal/film/program/202212/20221230/85/20221230020035512yr5.jpg"></icon><desc></desc><category></category></programme><programme channel="280653307" start="20230106223500 +0000" stop="20230106230500 +0000" catchup-id="1314808879"><title>ATP World Uncovered</title><date></date><icon src="https://t-mobiletv.nl:443/CPS/images/universal/film/program/202212/20221230/16/20221230020035513z01.jpg"></icon><desc></desc><category></category></programme><programme channel="280653307" start="20230106230500 +0000" stop="20230107010500 +0000" catchup-id="1314808885"><title>ATP 250: Pune Tata Open Maharashtra (herhaling)</title><date></date><icon src="https://t-mobiletv.nl:443/CPS/images/universal/film/program/202212/20221230/48/20221230020035513f5p.jpg"></icon><desc></desc><category></category></programme><programme channel="280653307" start="20230107010500 +0000" stop="20230107013500 +0000" catchup-id="1314808891"><title>ATP World Uncovered</title><date></date><icon src="https://t-mobiletv.nl:443/CPS/images/universal/film/program/202212/20221230/65/20221230020035513ywc.jpg"></icon><desc></desc><category></category></programme><programme channel="280653307" start="20230107013500 +0000" stop="20230107033500 +0000" catchup-id="1314808897"><title>ATP 250: Adelaide International 1 (herhaling)</title><date></date><icon src="https://t-mobiletv.nl:443/CPS/images/universal/film/program/202212/20221230/13/20221230020035513ik0.jpg"></icon><desc></desc><category></category></programme><programme channel="280653307" start="20230107033500 +0000" stop="20230107053000 +0000" catchup-id="1314808903"><title>ATP 250: Pune Tata Open Maharashtra (herhaling)</title><date></date><icon src="https://t-mobiletv.nl:443/CPS/images/universal/film/program/202212/20221230/60/20221230020035513ql2.jpg"></icon><desc></desc><category></category></programme><programme channel="280653307" start="20230107053000 +0000" stop="20230107060000 +0000" catchup-id="1315218934"><title>ATP 250: Adelaide International 1</title><date></date><icon src="https://t-mobiletv.nl:443/CPS/images/universal/film/program/202212/20221231/51/202212310200397052zo.jpg"></icon><desc>Verslag van de halve finales op de Adelaide International 1, gespeeld in de ATP Tour 250 in Adelaide, Australie.</desc><category></category></programme><programme channel="280653307" start="20230107060000 +0000" stop="20230107073000 +0000" catchup-id="1315218940"><title>ATP 250: Adelaide International 1</title><date></date><icon src="https://t-mobiletv.nl:443/CPS/images/universal/film/program/202212/20221231/46/20221231020039705h46.jpg"></icon><desc>Verslag van de halve finales op de Adelaide International 1, gespeeld in de ATP Tour 250 in Adelaide, Australie.</desc><category></category></programme><programme channel="280653307" start="20230107073000 +0000" stop="20230107080000 +0000" catchup-id="1315218946"><title>ATP World Uncovered</title><date></date><icon src="https://t-mobiletv.nl:443/CPS/images/universal/film/program/202212/20221231/0/20221231020039705z38.jpg"></icon><desc>Het laatste nieuws en achtergronden uit de ATP World Tour en de wereld van het mannentennis.</desc><category></category></programme><programme channel="280653307" start="20230107080000 +0000" stop="20230107100000 +0000" catchup-id="1315218952"><title>ATP 250: Pune Tata Open Maharashtra (herhaling)</title><date></date><icon src="https://t-mobiletv.nl:443/CPS/images/universal/film/program/202212/20221231/86/20221231020039705sc8.jpg"></icon><desc>Herhaling van de eerste halve finale op de Tata Open Maharashtra, gespeeld in de ATP Tour 250 in Pune, India.</desc><category></category></programme><programme channel="280653307" start="20230107100000 +0000" stop="20230107120000 +0000" catchup-id="1315218958"><title>ATP 250: Adelaide International 1</title><date></date><icon src="https://t-mobiletv.nl:443/CPS/images/universal/film/program/202212/20221231/82/20221231020039705xqm.jpg"></icon><desc>Verslag van de halve finales op de Adelaide International 1, gespeeld in de ATP Tour 250 in Adelaide, Australie.</desc><category></category></programme><programme channel="280653307" start="20230107120000 +0000" stop="20230107143000 +0000" catchup-id="1315218964"><title>ATP 250: Pune Tata Open Maharashtra</title><date></date><icon src="https://t-mobiletv.nl:443/CPS/images/universal/film/program/202212/20221231/59/202212310200397054p5.jpg"></icon><desc>Verslag van de finale op de Tata Open Maharashtra, gespeeld in de ATP Tour 250 in Pune, India.</desc><category></category></programme><programme channel="280653307" start="20230107143000 +0000" stop="20230107150000 +0000" catchup-id="1315218970"><title>ATP World Uncovered</title><date></date><icon src="https://t-mobiletv.nl:443/CPS/images/universal/film/program/202212/20221231/15/20221231020039705cuk.jpg"></icon><desc>Het laatste nieuws en achtergronden uit de ATP World Tour en de wereld van het mannentennis.</desc><category></category></programme><programme channel="280653307" start="20230107150000 +0000" stop="20230107170000 +0000" catchup-id="1315218976"><title>ATP 250: Adelaide International 1 (herhaling)</title><date></date><icon src="https://t-mobiletv.nl:443/CPS/images/universal/film/program/202212/20221231/60/202212310200397050hr.jpg"></icon><desc>Herhaling van de halve finales op de Adelaide International 1, gespeeld in de ATP Tour 250 in Adelaide, Australie.</desc><category></category></programme><programme channel="280653307" start="20230107170000 +0000" stop="20230107183000 +0000" catchup-id="1315218982"><title>ATP 250: Pune Tata Open Maharashtra (herhaling)</title><date></date><icon src="https://t-mobiletv.nl:443/CPS/images/universal/film/program/202212/20221231/4/20221231020039705xdl.jpg"></icon><desc>Herhaling van de finale op de Tata Open Maharashtra, gespeeld in de ATP Tour 250 in Pune, India.</desc><category></category></programme><programme channel="280653307" start="20230107183000 +0000" stop="20230107185500 +0000" catchup-id="1315218988"><title>ATP World Uncovered</title><date></date><icon src="https://t-mobiletv.nl:443/CPS/images/universal/film/program/202212/20221231/74/20221231020039705q1m.jpg"></icon><desc>Het laatste nieuws en achtergronden uit de ATP World Tour en de wereld van het mannentennis.</desc><category></category></programme><programme channel="280653307" start="20230107185500 +0000" stop="20230107192500 +0000" catchup-id="1315218994"><title>Classic Match: Rafael Nadal - Lleyton Hewitt 2005 (Australian Open)</title><date></date><icon src="https://t-mobiletv.nl:443/CPS/images/universal/film/program/202212/20221231/97/20221231020039705orx.jpg"></icon><desc>Programmabeschrijving niet beschikbaar</desc><category></category></programme><programme channel="280653307" start="20230107192500 +0000" stop="20230107195000 +0000" catchup-id="1315219000"><title>Classic Match: Rafael Nadal - Roger federer 2009 (Australian Open)</title><date></date><icon src="https://t-mobiletv.nl:443/CPS/images/universal/film/program/202212/20221231/30/20221231020039705syg.jpg"></icon><desc>Programmabeschrijving niet beschikbaar</desc><category></category></programme><programme channel="280653307" start="20230107195000 +0000" stop="20230107220000 +0000" catchup-id="1315219006"><title>FA Cup: Liverpool - Wolverhampton Wanderers</title><date></date><icon src="https://t-mobiletv.nl:443/CPS/images/universal/film/program/202212/20221231/12/20221231020039705y6d.jpg"></icon><desc>Verslag van de wedstrijd Liverpool - Wolverhampton Wanderers, gespeeld in de derde ronde van de Engelse FA Cup.</desc><category></category></programme><programme channel="280653307" start="20230107220000 +0000" stop="20230108000000 +0000" catchup-id="1315219012"><title>ATP 250: Adelaide International 1 (herhaling)</title><date></date><icon src="https://t-mobiletv.nl:443/CPS/images/universal/film/program/202212/20221231/87/20221231020039705l89.jpg"></icon><desc>Herhaling van de halve finales op de Adelaide International 1, gespeeld in de ATP Tour 250 in Adelaide, Australie.</desc><category></category></programme><programme channel="280653307" start="20230108000000 +0000" stop="20230108013000 +0000" catchup-id="1315219018"><title>ATP 250: Pune Tata Open Maharashtra (herhaling)</title><date></date><icon src="https://t-mobiletv.nl:443/CPS/images/universal/film/program/202212/20221231/7/20221231020039706gjh.jpg"></icon><desc>Herhaling van de finale op de Tata Open Maharashtra, gespeeld in de ATP Tour 250 in Pune, India.</desc><category></category></programme><programme channel="280653307" start="20230108013000 +0000" stop="20230108020000 +0000" catchup-id="1315219024"><title>ATP World Uncovered</title><date></date><icon src="https://t-mobiletv.nl:443/CPS/images/universal/film/program/202212/20221231/53/20221231020039706jda.jpg"></icon><desc>Het laatste nieuws en achtergronden uit de ATP World Tour en de wereld van het mannentennis.</desc><category></category></programme><programme channel="280653307" start="20230108020000 +0000" stop="20230108040000 +0000" catchup-id="1315219030"><title>ATP 250: Adelaide International 1 (herhaling)</title><date></date><icon src="https://t-mobiletv.nl:443/CPS/images/universal/film/program/202212/20221231/67/202212310200397061pi.jpg"></icon><desc>Herhaling van de halve finales op de Adelaide International 1, gespeeld in de ATP Tour 250 in Adelaide, Australie.</desc><category></category></programme><programme channel="280653307" start="20230108040000 +0000" stop="20230108053000 +0000" catchup-id="1315219036"><title>ATP 250: Pune Tata Open Maharashtra (herhaling)</title><date></date><icon src="https://t-mobiletv.nl:443/CPS/images/universal/film/program/202212/20221231/91/20221231020039706cn7.jpg"></icon><desc>Herhaling van de finale op de Tata Open Maharashtra, gespeeld in de ATP Tour 250 in Pune, India.</desc><category></category></programme><programme channel="280653307" start="20230108053000 +0000" stop="20230108060000 +0000" catchup-id="1315594912"><title>ATP World Uncovered</title><date></date><icon src="https://t-mobiletv.nl:443/CPS/images/universal/film/program/202301/20230101/77/20230101020045980bcy.jpg"></icon><desc>Het laatste nieuws en achtergronden uit de ATP World Tour en de wereld van het mannentennis.</desc><category></category></programme><programme channel="280653307" start="20230108060000 +0000" stop="20230108073000 +0000" catchup-id="1315594918"><title>ATP 250: Pune Tata Open Maharashtra (herhaling)</title><date></date><icon src="https://t-mobiletv.nl:443/CPS/images/universal/film/program/202301/20230101/55/20230101020045980d5k.jpg"></icon><desc>Herhaling van de finale op de Tata Open Maharashtra, gespeeld in de ATP Tour 250 in Pune, India.</desc><category></category></programme><programme channel="280653307" start="20230108073000 +0000" stop="20230108100000 +0000" catchup-id="1315594924"><title>ATP 250: Adelaide International 1</title><date></date><icon src="https://t-mobiletv.nl:443/CPS/images/universal/film/program/202301/20230101/92/202301010200459803q2.jpg"></icon><desc>Verslag van de finale op de Adelaide International 1, gespeeld in de ATP Tour 250 in Adelaide, Australie.</desc><category></category></programme><programme channel="280653307" start="20230108100000 +0000" stop="20230108113000 +0000" catchup-id="1315594930"><title>ATP 250: Pune Tata Open Maharashtra (herhaling)</title><date></date><icon src="https://t-mobiletv.nl:443/CPS/images/universal/film/program/202301/20230101/47/202301010200459809k8.jpg"></icon><desc>Herhaling van de finale op de Tata Open Maharashtra, gespeeld in de ATP Tour 250 in Pune, India.</desc><category></category></programme><programme channel="280653307" start="20230108113000 +0000" stop="20230108130000 +0000" catchup-id="1315594936"><title>ATP 250: Adelaide International 1 (herhaling)</title><date></date><icon src="https://t-mobiletv.nl:443/CPS/images/universal/film/program/202301/20230101/66/20230101020045980msg.jpg"></icon><desc>Herhaling van de finale op de Adelaide International 1, gespeeld in de ATP Tour 250 in Adelaide, Australie.</desc><category></category></programme><programme channel="280653307" start="20230108130000 +0000" stop="20230108133000 +0000" catchup-id="1315594942"><title>ATP World Uncovered</title><date></date><icon src="https://t-mobiletv.nl:443/CPS/images/universal/film/program/202301/20230101/91/20230101020045980cl6.jpg"></icon><desc>Het laatste nieuws en achtergronden uit de ATP World Tour en de wereld van het mannentennis.</desc><category></category></programme><programme channel="280653307" start="20230108133000 +0000" stop="20230108134000 +0000" catchup-id="1315594948"><title>Tennis United - Mental Health</title><date></date><icon src="https://t-mobiletv.nl:443/CPS/images/universal/film/program/202301/20230101/73/20230101020045980m6z.jpg"></icon><desc>In Tennis United kijken we achter de schermen bij de ATP &amp; WTA Tour doormiddel van een reeks intieme één-op-één gesprekken tussen ATP- en WTA-sterren. In acht boeiende, korte afleveringen verkennen spelers een reeks grotendeels ongerepte onderwerpen van binnen en buiten de sport, en bieden fans een rauw perspectief op de ervaringen, druk en privileges die deel uitmaken van het leven in het professionele tennis.</desc><category></category></programme><programme channel="280653307" start="20230108134000 +0000" stop="20230108151000 +0000" catchup-id="1315594954"><title>ATP 250: Pune Tata Open Maharashtra (herhaling)</title><date></date><icon src="https://t-mobiletv.nl:443/CPS/images/universal/film/program/202301/20230101/1/20230101020045980d5a.jpg"></icon><desc>Herhaling van de finale op de Tata Open Maharashtra, gespeeld in de ATP Tour 250 in Pune, India.</desc><category></category></programme><programme channel="280653307" start="20230108151000 +0000" stop="20230108171500 +0000" catchup-id="1315594960"><title>Rayo Vallecano - Real Betis</title><date></date><icon src="https://t-mobiletv.nl:443/CPS/images/universal/film/program/202301/20230101/62/202301010200459800ft.jpg"></icon><desc>Verslag van de wedstrijd Rayo Vallecano - Real Betis, gespeeld in de Spaanse LaLiga.</desc><category></category></programme><programme channel="280653307" start="20230108171500 +0000" stop="20230108174500 +0000" catchup-id="1315594966"><title>ATP World Uncovered</title><date></date><icon src="https://t-mobiletv.nl:443/CPS/images/universal/film/program/202301/20230101/24/20230101020045980h69.jpg"></icon><desc>Het laatste nieuws en achtergronden uit de ATP World Tour en de wereld van het mannentennis.</desc><category></category></programme><programme channel="280653307" start="20230108174500 +0000" stop="20230108180000 +0000" catchup-id="1315594972"><title>Tennis United - Mental Health</title><date></date><icon src="https://t-mobiletv.nl:443/CPS/images/universal/film/program/202301/20230101/99/20230101020045980ofg.jpg"></icon><desc>In Tennis United kijken we achter de schermen bij de ATP &amp; WTA Tour doormiddel van een reeks intieme één-op-één gesprekken tussen ATP- en WTA-sterren. In acht boeiende, korte afleveringen verkennen spelers een reeks grotendeels ongerepte onderwerpen van binnen en buiten de sport, en bieden fans een rauw perspectief op de ervaringen, druk en privileges die deel uitmaken van het leven in het professionele tennis.</desc><category></category></programme><programme channel="280653307" start="20230108180000 +0000" stop="20230108193000 +0000" catchup-id="1315594978"><title>ATP 250: Adelaide International 1 (herhaling)</title><date></date><icon src="https://t-mobiletv.nl:443/CPS/images/universal/film/program/202301/20230101/68/20230101020045980v3s.jpg"></icon><desc>Herhaling van de finale op de Adelaide International 1, gespeeld in de ATP Tour 250 in Adelaide, Australie.</desc><category></category></programme><programme channel="280653307" start="20230108193000 +0000" stop="20230108200000 +0000" catchup-id="1315594984"><title>ATP World Uncovered</title><date></date><icon src="https://t-mobiletv.nl:443/CPS/images/universal/film/program/202301/20230101/40/20230101020045981gh9.jpg"></icon><desc>Het laatste nieuws en achtergronden uit de ATP World Tour en de wereld van het mannentennis.</desc><category></category></programme><programme channel="280653307" start="20230108200000 +0000" stop="20230108213000 +0000" catchup-id="1315594990"><title>ATP 250: Pune Tata Open Maharashtra (herhaling)</title><date></date><icon src="https://t-mobiletv.nl:443/CPS/images/universal/film/program/202301/20230101/12/20230101020045981pfx.jpg"></icon><desc>Herhaling van de finale op de Tata Open Maharashtra, gespeeld in de ATP Tour 250 in Pune, India.</desc><category></category></programme><programme channel="280653307" start="20230108213000 +0000" stop="20230108230000 +0000" catchup-id="1315594996"><title>ATP 250: Adelaide International 1 (herhaling)</title><date></date><icon src="https://t-mobiletv.nl:443/CPS/images/universal/film/program/202301/20230101/30/202301010200459813lx.jpg"></icon><desc>Herhaling van de finale op de Adelaide International 1, gespeeld in de ATP Tour 250 in Adelaide, Australie.</desc><category></category></programme><programme channel="280653307" start="20230108230000 +0000" stop="20230109050000 +0000" catchup-id="1315595002"><title>ATP 250: Auckland ASB Classic</title><date></date><icon src="https://t-mobiletv.nl:443/CPS/images/universal/film/program/202301/20230101/16/20230101020045981k53.jpg"></icon><desc>Verslag van de eerste dag op de ASB Classic, gespeeld in de ATP Tour 250 in Auckland, Australie.</desc><category></category></programme><programme channel="280653307" start="20230109050000 +0000" stop="20230109053000 +0000" catchup-id="1315912104"><title>Classic Match: Mark Philippoussis - Pete Sampras 1996 (Australian Open)</title><date></date><icon src="https://t-mobiletv.nl:443/CPS/images/universal/film/program/202301/20230102/27/20230102020034707hao.jpg"></icon><desc>Programmabeschrijving niet beschikbaar</desc><category></category></programme><programme channel="280653307" start="20230109053000 +0000" stop="20230109060000 +0000" catchup-id="1315912110"><title>Sporting Rivalries (Federer vs Nadal)</title><date></date><icon src="https://t-mobiletv.nl:443/CPS/images/universal/film/program/202301/20230102/21/20230102020034708dqq.jpg"></icon><desc>Documentaire reeks waar de mooiste rivaliteiten worden belicht, deze aflevering staan de gevechten op de tennisbaan tussen Roger Federer en Rafael Nadal centraal.</desc><category></category></programme><programme channel="280653307" start="20230109060000 +0000" stop="20230109100000 +0000" catchup-id="1315912116"><title>ATP 250: Auckland ASB Classic</title><date></date><icon src="https://t-mobiletv.nl:443/CPS/images/universal/film/program/202301/20230102/14/20230102020034708ed3.jpg"></icon><desc>Verslag van de eerste dag op de ASB Classic, gespeeld in de ATP Tour 250 in Auckland, Australie.</desc><category></category></programme><programme channel="280653307" start="20230109100000 +0000" stop="20230109113000 +0000" catchup-id="1315912122"><title>ATP 250: Adelaide International 1 (herhaling)</title><date></date><icon src="https://t-mobiletv.nl:443/CPS/images/universal/film/program/202301/20230102/4/20230102020034708oo3.jpg"></icon><desc>Herhaling van de finale op de Adelaide International 1, gespeeld in de ATP Tour 250 in Adelaide, Australie.</desc><category></category></programme><programme channel="280653307" start="20230109113000 +0000" stop="20230109130000 +0000" catchup-id="1315912128"><title>ATP 250: Pune Tata Open Maharashtra (herhaling)</title><date></date><icon src="https://t-mobiletv.nl:443/CPS/images/universal/film/program/202301/20230102/24/202301020200347087r1.jpg"></icon><desc>Herhaling van de finale op de Tata Open Maharashtra, gespeeld in de ATP Tour 250 in Pune, India.</desc><category></category></programme><programme channel="280653307" start="20230109130000 +0000" stop="20230109150000 +0000" catchup-id="1315912134"><title>ATP 250: Auckland ASB Classic (herhaling)</title><date></date><icon src="https://t-mobiletv.nl:443/CPS/images/universal/film/program/202301/20230102/99/20230102020034708hwm.jpg"></icon><desc>Herhaling van de eerste dag op de ASB Classic, gespeeld in de ATP Tour 250 in Auckland, Australie.</desc><category></category></programme><programme channel="280653307" start="20230109150000 +0000" stop="20230109153000 +0000" catchup-id="1315912140"><title>ATP World Uncovered</title><date></date><icon src="https://t-mobiletv.nl:443/CPS/images/universal/film/program/202301/20230102/75/202301020200347086iv.jpg"></icon><desc>Het laatste nieuws en achtergronden uit de ATP World Tour en de wereld van het mannentennis.</desc><category></category></programme><programme channel="280653307" start="20230109153000 +0000" stop="20230109170000 +0000" catchup-id="1315912146"><title>ATP 250: Pune Tata Open Maharashtra (herhaling)</title><date></date><icon src="https://t-mobiletv.nl:443/CPS/images/universal/film/program/202301/20230102/30/20230102020034708v9z.jpg"></icon><desc>Herhaling van de finale op de Tata Open Maharashtra, gespeeld in de ATP Tour 250 in Pune, India.</desc><category></category></programme><programme channel="280653307" start="20230109170000 +0000" stop="20230109190000 +0000" catchup-id="1315912152"><title>ATP 250: Auckland ASB Classic (herhaling)</title><date></date><icon src="https://t-mobiletv.nl:443/CPS/images/universal/film/program/202301/20230102/1/202301020200347088w0.jpg"></icon><desc>Herhaling van de eerste dag op de ASB Classic, gespeeld in de ATP Tour 250 in Auckland, Australie.</desc><category></category></programme><programme channel="280653307" start="20230109190000 +0000" stop="20230109203000 +0000" catchup-id="1315912158"><title>ATP 250: Adelaide International 1 (herhaling)</title><date></date><icon src="https://t-mobiletv.nl:443/CPS/images/universal/film/program/202301/20230102/90/20230102020034708o6i.jpg"></icon><desc>Herhaling van de finale op de Adelaide International 1, gespeeld in de ATP Tour 250 in Adelaide, Australie.</desc><category></category></programme><programme channel="280653307" start="20230109203000 +0000" stop="20230109210000 +0000" catchup-id="1315912164"><title>ATP World Uncovered</title><date></date><icon src="https://t-mobiletv.nl:443/CPS/images/universal/film/program/202301/20230102/19/20230102020034708cnq.jpg"></icon><desc>Het laatste nieuws en achtergronden uit de ATP World Tour en de wereld van het mannentennis.</desc><category></category></programme><programme channel="280653307" start="20230109210000 +0000" stop="20230109230000 +0000" catchup-id="1315912170"><title>ATP 250: Auckland ASB Classic (herhaling)</title><date></date><icon src="https://t-mobiletv.nl:443/CPS/images/universal/film/program/202301/20230102/1/20230102020034708o4b.jpg"></icon><desc>Herhaling van de eerste dag op de ASB Classic, gespeeld in de ATP Tour 250 in Auckland, Australie.</desc><category></category></programme><programme channel="280653307" start="20230109230000 +0000" stop="20230110050000 +0000" catchup-id="1315912176"><title>ATP 250: Auckland ASB Classic</title><date></date><icon src="https://t-mobiletv.nl:443/CPS/images/universal/film/program/202301/20230102/0/202301020200347081xg.jpg"></icon><desc>Verslag van de tweede dag op de ASB Classic, gespeeld in de ATP Tour 250 in Auckland, Australie.</desc><category></category></programme><programme channel="280653307" start="20230110050000 +0000" stop="20230110053000 +0000" catchup-id="1316271583"><title>ATP World Uncovered</title><date></date><icon src="https://t-mobiletv.nl:443/CPS/images/universal/film/program/202301/20230103/42/20230103020040512kxb.jpg"></icon><desc>Het laatste nieuws en achtergronden uit de ATP World Tour en de wereld van het mannentennis.</desc><category></category></programme><programme channel="280653307" start="20230110053000 +0000" stop="20230110060000 +0000" catchup-id="1316271589"><title>Classic Match: Rafael Nadal - Lleyton Hewitt 2005 (Australian Open)</title><date></date><icon src="https://t-mobiletv.nl:443/CPS/images/universal/film/program/202301/20230103/7/20230103020040512r7e.jpg"></icon><desc>Programmabeschrijving niet beschikbaar</desc><category></category></programme><programme channel="280653307" start="20230110060000 +0000" stop="20230110100000 +0000" catchup-id="1316271787"><title>ATP 250: Auckland ASB Classic</title><date></date><icon src="https://t-mobiletv.nl:443/CPS/images/universal/film/program/202301/20230103/72/20230103020040512vwc.jpg"></icon><desc>Verslag van de tweede dag op de ASB Classic, gespeeld in de ATP Tour 250 in Auckland, Australie.</desc><category></category></programme><programme channel="280653307" start="20230110100000 +0000" stop="20230110113000 +0000" catchup-id="1316271793"><title>ATP 250: Pune Tata Open Maharashtra (herhaling)</title><date></date><icon src="https://t-mobiletv.nl:443/CPS/images/universal/film/program/202301/20230103/80/20230103020040512tyu.jpg"></icon><desc>Herhaling van de finale op de Tata Open Maharashtra, gespeeld in de ATP Tour 250 in Pune, India.</desc><category></category></programme><programme channel="280653307" start="20230110113000 +0000" stop="20230110130000 +0000" catchup-id="1316271799"><title>ATP 250: Adelaide International 1 (herhaling)</title><date></date><icon src="https://t-mobiletv.nl:443/CPS/images/universal/film/program/202301/20230103/31/20230103020040512rbz.jpg"></icon><desc>Herhaling van de finale op de Adelaide International 1, gespeeld in de ATP Tour 250 in Adelaide, Australie.</desc><category></category></programme><programme channel="280653307" start="20230110130000 +0000" stop="20230110150000 +0000" catchup-id="1316271805"><title>ATP 250: Auckland ASB Classic (herhaling)</title><date></date><icon src="https://t-mobiletv.nl:443/CPS/images/universal/film/program/202301/20230103/31/202301030200405127r9.jpg"></icon><desc>Herhaling van de tweede dag op de ASB Classic, gespeeld in de ATP Tour 250 in Auckland, Australie.</desc><category></category></programme><programme channel="280653307" start="20230110150000 +0000" stop="20230110163000 +0000" catchup-id="1316271811"><title>ATP 250: Pune Tata Open Maharashtra (herhaling)</title><date></date><icon src="https://t-mobiletv.nl:443/CPS/images/universal/film/program/202301/20230103/53/20230103020040512phu.jpg"></icon><desc>Herhaling van de finale op de Tata Open Maharashtra, gespeeld in de ATP Tour 250 in Pune, India.</desc><category></category></programme><programme channel="280653307" start="20230110163000 +0000" stop="20230110170000 +0000" catchup-id="1316271817"><title>ATP World Uncovered</title><date></date><icon src="https://t-mobiletv.nl:443/CPS/images/universal/film/program/202301/20230103/56/20230103020040512sdx.jpg"></icon><desc>Het laatste nieuws en achtergronden uit de ATP World Tour en de wereld van het mannentennis.</desc><category></category></programme><programme channel="280653307" start="20230110170000 +0000" stop="20230110190000 +0000" catchup-id="1316271823"><title>ATP 250: Auckland ASB Classic (herhaling)</title><date></date><icon src="https://t-mobiletv.nl:443/CPS/images/universal/film/program/202301/20230103/64/20230103020040513ssp.jpg"></icon><desc>Herhaling van de tweede dag op de ASB Classic, gespeeld in de ATP Tour 250 in Auckland, Australie.</desc><category></category></programme><programme channel="280653307" start="20230110190000 +0000" stop="20230110193000 +0000" catchup-id="1316271829"><title>ATP World Uncovered</title><date></date><icon src="https://t-mobiletv.nl:443/CPS/images/universal/film/program/202301/20230103/66/20230103020040513ezb.jpg"></icon><desc>Het laatste nieuws en achtergronden uit de ATP World Tour en de wereld van het mannentennis.</desc><category></category></programme><programme channel="280653307" start="20230110193000 +0000" stop="20230110210000 +0000" catchup-id="1316271835"><title>ATP 250: Pune Tata Open Maharashtra (herhaling)</title><date></date><icon src="https://t-mobiletv.nl:443/CPS/images/universal/film/program/202301/20230103/91/20230103020040513e4c.jpg"></icon><desc>Herhaling van de finale op de Tata Open Maharashtra, gespeeld in de ATP Tour 250 in Pune, India.</desc><category></category></programme><programme channel="280653307" start="20230110210000 +0000" stop="20230110230000 +0000" catchup-id="1316271841"><title>ATP 250: Auckland ASB Classic (herhaling)</title><date></date><icon src="https://t-mobiletv.nl:443/CPS/images/universal/film/program/202301/20230103/81/20230103020040513ikk.jpg"></icon><desc>Herhaling van de tweede dag op de ASB Classic, gespeeld in de ATP Tour 250 in Auckland, Australie.</desc><category></category></programme><programme channel="280653307" start="20230110230000 +0000" stop="20230111050000 +0000" catchup-id="1316271847"><title>ATP 250: Auckland ASB Classic</title><date></date><icon src="https://t-mobiletv.nl:443/CPS/images/universal/film/program/202301/20230103/25/202301030200405132jh.jpg"></icon><desc>Verslag van de derde dag op de ASB Classic, gespeeld in de ATP Tour 250 in Auckland, Australie.</desc><category></category></programme><programme channel="280653307" start="20230111050000 +0000" stop="20230111053000 +0000" catchup-id="1316655825"><title>Classic Match: Marat Safin - Roger Fededer 2005 (Australian Open)</title><date></date><icon src="https://t-mobiletv.nl:443/CPS/images/universal/film/program/202301/20230104/82/20230104020040509wou.jpg"></icon><desc>Programmabeschrijving niet beschikbaar</desc><category></category></programme><programme channel="280653307" start="20230111053000 +0000" stop="20230111060000 +0000" catchup-id="1316655831"><title>Classic Match: Marat Safin - Andre Agassi 2004 (Australian Open)</title><date></date><icon src="https://t-mobiletv.nl:443/CPS/images/universal/film/program/202301/20230104/3/20230104020040509upe.jpg"></icon><desc>Programmabeschrijving niet beschikbaar</desc><category></category></programme><programme channel="280653307" start="20230111060000 +0000" stop="20230111100000 +0000" catchup-id="1316655837"><title>ATP 250: Auckland ASB Classic</title><date></date><icon src="https://t-mobiletv.nl:443/CPS/images/universal/film/program/202301/20230104/59/20230104020040509ym6.jpg"></icon><desc>Verslag van de derde dag op de ASB Classic, gespeeld in de ATP Tour 250 in Auckland, Australie.</desc><category></category></programme><programme channel="280653307" start="20230111100000 +0000" stop="20230111113000 +0000" catchup-id="1316655843"><title>ATP 250: Adelaide International 1 (herhaling)</title><date></date><icon src="https://t-mobiletv.nl:443/CPS/images/universal/film/program/202301/20230104/15/2023010402004050960c.jpg"></icon><desc>Herhaling van de finale op de Adelaide International 1, gespeeld in de ATP Tour 250 in Adelaide, Australie.</desc><category></category></programme><programme channel="280653307" start="20230111113000 +0000" stop="20230111120000 +0000" catchup-id="1316655849"><title>ATP World Uncovered</title><date></date><icon src="https://t-mobiletv.nl:443/CPS/images/universal/film/program/202301/20230104/29/20230104020040509i4f.jpg"></icon><desc>Het laatste nieuws en achtergronden uit de ATP World Tour en de wereld van het mannentennis.</desc><category></category></programme><programme channel="280653307" start="20230111120000 +0000" stop="20230111123000 +0000" catchup-id="1316655855"><title>Classic Match: Andy Roddick - Younes El Aynaoui 2003 (Australian Open)</title><date></date><icon src="https://t-mobiletv.nl:443/CPS/images/universal/film/program/202301/20230104/86/202301040200405090ka.jpg"></icon><desc>Programmabeschrijving niet beschikbaar</desc><category></category></programme><programme channel="280653307" start="20230111123000 +0000" stop="20230111130000 +0000" catchup-id="1316655861"><title>Classic Match: Boris Becker - Micheal Chang 1996 (Australian Open)</title><date></date><icon src="https://t-mobiletv.nl:443/CPS/images/universal/film/program/202301/20230104/24/202301040200405099aw.jpg"></icon><desc>Programmabeschrijving niet beschikbaar</desc><category></category></programme><programme channel="280653307" start="20230111130000 +0000" stop="20230111150000 +0000" catchup-id="1316655867"><title>ATP 250: Auckland ASB Classic (herhaling)</title><date></date><icon src="https://t-mobiletv.nl:443/CPS/images/universal/film/program/202301/20230104/96/20230104020040509y9b.jpg"></icon><desc>Herhaling van de derde dag op de ASB Classic, gespeeld in de ATP Tour 250 in Auckland, Australie.</desc><category></category></programme><programme channel="280653307" start="20230111150000 +0000" stop="20230111153000 +0000" catchup-id="1316655873"><title>ATP World Uncovered</title><date></date><icon src="https://t-mobiletv.nl:443/CPS/images/universal/film/program/202301/20230104/48/20230104020040509irw.jpg"></icon><desc>Het laatste nieuws en achtergronden uit de ATP World Tour en de wereld van het mannentennis.</desc><category></category></programme><programme channel="280653307" start="20230111153000 +0000" stop="20230111170000 +0000" catchup-id="1316655879"><title>ATP 250: Pune Tata Open Maharashtra (herhaling)</title><date></date><icon src="https://t-mobiletv.nl:443/CPS/images/universal/film/program/202301/20230104/80/20230104020040509yc3.jpg"></icon><desc>Herhaling van de finale op de Tata Open Maharashtra, gespeeld in de ATP Tour 250 in Pune, India.</desc><category></category></programme><programme channel="280653307" start="20230111170000 +0000" stop="20230111190000 +0000" catchup-id="1316655885"><title>ATP 250: Auckland ASB Classic (herhaling)</title><date></date><icon src="https://t-mobiletv.nl:443/CPS/images/universal/film/program/202301/20230104/18/202301040200405096wm.jpg"></icon><desc>Herhaling van de derde dag op de ASB Classic, gespeeld in de ATP Tour 250 in Auckland, Australie.</desc><category></category></programme><programme channel="280653307" start="20230111190000 +0000" stop="20230111203000 +0000" catchup-id="1316655891"><title>ATP 250: Adelaide International 1 (herhaling)</title><date></date><icon src="https://t-mobiletv.nl:443/CPS/images/universal/film/program/202301/20230104/36/20230104020040509q8c.jpg"></icon><desc>Herhaling van de finale op de Adelaide International 1, gespeeld in de ATP Tour 250 in Adelaide, Australie.</desc><category></category></programme><programme channel="280653307" start="20230111203000 +0000" stop="20230111210000 +0000" catchup-id="1316655897"><title>ATP World Uncovered</title><date></date><icon src="https://t-mobiletv.nl:443/CPS/images/universal/film/program/202301/20230104/59/20230104020040510hhl.jpg"></icon><desc>Het laatste nieuws en achtergronden uit de ATP World Tour en de wereld van het mannentennis.</desc><category></category></programme><programme channel="280653307" start="20230111210000 +0000" stop="20230111230000 +0000" catchup-id="1316655903"><title>ATP 250: Auckland ASB Classic (herhaling)</title><date></date><icon src="https://t-mobiletv.nl:443/CPS/images/universal/film/program/202301/20230104/67/20230104020040510bbs.jpg"></icon><desc>Herhaling van de derde dag op de ASB Classic, gespeeld in de ATP Tour 250 in Auckland, Australie.</desc><category></category></programme><programme channel="280653307" start="20230111230000 +0000" stop="20230112050000 +0000" catchup-id="1316655909"><title>ATP 250: Auckland ASB Classic</title><date></date><icon src="https://t-mobiletv.nl:443/CPS/images/universal/film/program/202301/20230104/0/202301040200405103si.jpg"></icon><desc></desc><category></category></programme>