<programme channel="npopolitiek" start="20221228230000 +0000" stop="20221229010000 +0000" catchup-id="95A52D65E5321D64FDA8AC57088C0C7E"><title>Haagse politiek</title><date></date><icon src="https://images.nlziet.nl/metadataimportimages/source/2719B85543B3E2579A89B67F555C9AD1355E30E1C7D7BAFF8D0F50978D0A2195.jpg"></icon><desc></desc><category></category></programme><programme channel="npopolitiek" start="20221229010000 +0000" stop="20221229030000 +0000" catchup-id="A5B5F9452BA64534551BE4383C504B9D"><title>Haagse politiek</title><date></date><icon src="https://images.nlziet.nl/metadataimportimages/source/2719B85543B3E2579A89B67F555C9AD1355E30E1C7D7BAFF8D0F50978D0A2195.jpg"></icon><desc></desc><category></category></programme><programme channel="npopolitiek" start="20221229030000 +0000" stop="20221229050000 +0000" catchup-id="50DD8DA7E1C9557CBFDEAE3FC3393929"><title>Haagse politiek</title><date></date><icon src="https://images.nlziet.nl/metadataimportimages/source/2719B85543B3E2579A89B67F555C9AD1355E30E1C7D7BAFF8D0F50978D0A2195.jpg"></icon><desc></desc><category></category></programme><programme channel="npopolitiek" start="20221229050000 +0000" stop="20221229070000 +0000" catchup-id="7F163F347AB5B5C75AC3B993210E6D67"><title>Haagse politiek</title><date></date><icon src="https://images.nlziet.nl/metadataimportimages/source/2719B85543B3E2579A89B67F555C9AD1355E30E1C7D7BAFF8D0F50978D0A2195.jpg"></icon><desc></desc><category></category></programme><programme channel="npopolitiek" start="20221229070000 +0000" stop="20221229090000 +0000" catchup-id="2E7376E586D13E62FD6F7C673E29A814"><title>Haagse politiek</title><date></date><icon src="https://images.nlziet.nl/metadataimportimages/source/2719B85543B3E2579A89B67F555C9AD1355E30E1C7D7BAFF8D0F50978D0A2195.jpg"></icon><desc></desc><category></category></programme><programme channel="npopolitiek" start="20221229090000 +0000" stop="20221229110000 +0000" catchup-id="CB7152E8562F466E170C52F2E0DFD7B6"><title>Haagse politiek</title><date></date><icon src="https://images.nlziet.nl/metadataimportimages/source/2719B85543B3E2579A89B67F555C9AD1355E30E1C7D7BAFF8D0F50978D0A2195.jpg"></icon><desc></desc><category></category></programme><programme channel="npopolitiek" start="20221229110000 +0000" stop="20221229130000 +0000" catchup-id="F3C0F5F33C6D64A9F2AD25E76757E3B4"><title>Haagse politiek</title><date></date><icon src="https://images.nlziet.nl/metadataimportimages/source/2719B85543B3E2579A89B67F555C9AD1355E30E1C7D7BAFF8D0F50978D0A2195.jpg"></icon><desc></desc><category></category></programme><programme channel="npopolitiek" start="20221229130000 +0000" stop="20221229150000 +0000" catchup-id="DEC121E96A1EAC93179E44E8309B9119"><title>Haagse politiek</title><date></date><icon src="https://images.nlziet.nl/metadataimportimages/source/2719B85543B3E2579A89B67F555C9AD1355E30E1C7D7BAFF8D0F50978D0A2195.jpg"></icon><desc></desc><category></category></programme><programme channel="npopolitiek" start="20221229150000 +0000" stop="20221229170000 +0000" catchup-id="29E8A26B6F5D604483822D900AB76201"><title>Haagse politiek</title><date></date><icon src="https://images.nlziet.nl/metadataimportimages/source/2719B85543B3E2579A89B67F555C9AD1355E30E1C7D7BAFF8D0F50978D0A2195.jpg"></icon><desc></desc><category></category></programme><programme channel="npopolitiek" start="20221229170000 +0000" stop="20221229180000 +0000" catchup-id="E5FE69F5DB9793A949ABFA55581380BA"><title>Haagse politiek</title><date></date><icon src="https://images.nlziet.nl/metadataimportimages/source/2719B85543B3E2579A89B67F555C9AD1355E30E1C7D7BAFF8D0F50978D0A2195.jpg"></icon><desc></desc><category></category></programme><programme channel="npopolitiek" start="20221229180000 +0000" stop="20221229190000 +0000" catchup-id="2BBAE5AEFA14B2D8C5F5DC4B59C9BC65"><title>NOS Jeugdjournaal met gebarentaal</title><date></date><icon src="https://images.nlziet.nl/metadataimportimages/source/8ADFBDB341AEC7384B0DA8E0AA7465EAA75C7CA782A7793EB4F046970918C502.jpg"></icon><desc></desc><category></category></programme><programme channel="npopolitiek" start="20221229190000 +0000" stop="20221229193000 +0000" catchup-id="6CCE1C6FDD21AF93D7AE4B099FD5A0B7"><title>NOS Journaal met gebarentaal</title><date></date><icon src="https://images.nlziet.nl/metadataimportimages/source/F6253922A6266959D35ADCAEE75C9F76D401D606561248A8A49BEB9B8A0FE13C.jpg"></icon><desc></desc><category></category></programme><programme channel="npopolitiek" start="20221229193000 +0000" stop="20221229210000 +0000" catchup-id="DDC4794252D85353D2F73D5F0D48B04B"><title>Haagse politiek</title><date></date><icon src="https://images.nlziet.nl/metadataimportimages/source/2719B85543B3E2579A89B67F555C9AD1355E30E1C7D7BAFF8D0F50978D0A2195.jpg"></icon><desc></desc><category></category></programme><programme channel="npopolitiek" start="20221229210000 +0000" stop="20221229230000 +0000" catchup-id="4D2A4929EDE3D23391829697D99614B8"><title>Haagse politiek</title><date></date><icon src="https://images.nlziet.nl/metadataimportimages/source/2719B85543B3E2579A89B67F555C9AD1355E30E1C7D7BAFF8D0F50978D0A2195.jpg"></icon><desc></desc><category></category></programme><programme channel="npopolitiek" start="20221229230000 +0000" stop="20221230010000 +0000" catchup-id="075AB3BE17926FBE417B97212A501496"><title>Haagse politiek</title><date></date><icon src="https://images.nlziet.nl/metadataimportimages/source/2719B85543B3E2579A89B67F555C9AD1355E30E1C7D7BAFF8D0F50978D0A2195.jpg"></icon><desc></desc><category></category></programme><programme channel="npopolitiek" start="20221230010000 +0000" stop="20221230030000 +0000" catchup-id="6A09B3AF19A4F2CEC9F7A55438B314A9"><title>Haagse politiek</title><date></date><icon src="https://images.nlziet.nl/metadataimportimages/source/2719B85543B3E2579A89B67F555C9AD1355E30E1C7D7BAFF8D0F50978D0A2195.jpg"></icon><desc></desc><category></category></programme><programme channel="npopolitiek" start="20221230030000 +0000" stop="20221230050000 +0000" catchup-id="119A19FCCDE3C2F2FB4C86641F0D1C8D"><title>Haagse politiek</title><date></date><icon src="https://images.nlziet.nl/metadataimportimages/source/2719B85543B3E2579A89B67F555C9AD1355E30E1C7D7BAFF8D0F50978D0A2195.jpg"></icon><desc></desc><category></category></programme><programme channel="npopolitiek" start="20221230050000 +0000" stop="20221230070000 +0000" catchup-id="450FF154F400C18B5FB271B87859043F"><title>Haagse politiek</title><date></date><icon src="https://images.nlziet.nl/metadataimportimages/source/2719B85543B3E2579A89B67F555C9AD1355E30E1C7D7BAFF8D0F50978D0A2195.jpg"></icon><desc></desc><category></category></programme><programme channel="npopolitiek" start="20221230070000 +0000" stop="20221230090000 +0000" catchup-id="25A6F874933D4FB99E3723C065DBB593"><title>Haagse politiek</title><date></date><icon src="https://images.nlziet.nl/metadataimportimages/source/2719B85543B3E2579A89B67F555C9AD1355E30E1C7D7BAFF8D0F50978D0A2195.jpg"></icon><desc></desc><category></category></programme><programme channel="npopolitiek" start="20221230090000 +0000" stop="20221230110000 +0000" catchup-id="B2145D9E963A185142B668818507229F"><title>Haagse politiek</title><date></date><icon src="https://images.nlziet.nl/metadataimportimages/source/2719B85543B3E2579A89B67F555C9AD1355E30E1C7D7BAFF8D0F50978D0A2195.jpg"></icon><desc></desc><category></category></programme><programme channel="npopolitiek" start="20221230110000 +0000" stop="20221230130000 +0000" catchup-id="7DAB1028AC5AEC72F0DA9BFC01B6A0DD"><title>Haagse politiek</title><date></date><icon src="https://images.nlziet.nl/metadataimportimages/source/2719B85543B3E2579A89B67F555C9AD1355E30E1C7D7BAFF8D0F50978D0A2195.jpg"></icon><desc></desc><category></category></programme><programme channel="npopolitiek" start="20221230130000 +0000" stop="20221230150000 +0000" catchup-id="AB93814E58E0BA27D6243A27514D5406"><title>Haagse politiek</title><date></date><icon src="https://images.nlziet.nl/metadataimportimages/source/2719B85543B3E2579A89B67F555C9AD1355E30E1C7D7BAFF8D0F50978D0A2195.jpg"></icon><desc></desc><category></category></programme><programme channel="npopolitiek" start="20221230150000 +0000" stop="20221230170000 +0000" catchup-id="D0A262B7310DB4D330C69F1B9B2984EE"><title>Haagse politiek</title><date></date><icon src="https://images.nlziet.nl/metadataimportimages/source/2719B85543B3E2579A89B67F555C9AD1355E30E1C7D7BAFF8D0F50978D0A2195.jpg"></icon><desc></desc><category></category></programme><programme channel="npopolitiek" start="20221230170000 +0000" stop="20221230180000 +0000" catchup-id="B5473D96BCA92D7E4447FD16CE3A3741"><title>Haagse politiek</title><date></date><icon src="https://images.nlziet.nl/metadataimportimages/source/2719B85543B3E2579A89B67F555C9AD1355E30E1C7D7BAFF8D0F50978D0A2195.jpg"></icon><desc></desc><category></category></programme><programme channel="npopolitiek" start="20221230180000 +0000" stop="20221230190000 +0000" catchup-id="C908E50DEB067DBA5FDBBAD7467E0D26"><title>NOS Jeugdjournaal met gebarentaal</title><date></date><icon src="https://images.nlziet.nl/metadataimportimages/source/8ADFBDB341AEC7384B0DA8E0AA7465EAA75C7CA782A7793EB4F046970918C502.jpg"></icon><desc></desc><category></category></programme><programme channel="npopolitiek" start="20221230190000 +0000" stop="20221230193000 +0000" catchup-id="AF490DBC2486FD0A1FC5783810ACDBF7"><title>NOS Journaal met gebarentaal</title><date></date><icon src="https://images.nlziet.nl/metadataimportimages/source/F6253922A6266959D35ADCAEE75C9F76D401D606561248A8A49BEB9B8A0FE13C.jpg"></icon><desc></desc><category></category></programme><programme channel="npopolitiek" start="20221230193000 +0000" stop="20221230210000 +0000" catchup-id="19A1F04B7CD484451D0DA06F0F723013"><title>Haagse politiek</title><date></date><icon src="https://images.nlziet.nl/metadataimportimages/source/2719B85543B3E2579A89B67F555C9AD1355E30E1C7D7BAFF8D0F50978D0A2195.jpg"></icon><desc></desc><category></category></programme><programme channel="npopolitiek" start="20221230210000 +0000" stop="20221230230000 +0000" catchup-id="8FE800DF6AF4146D6ADBD23F5C7C98D3"><title>Haagse politiek</title><date></date><icon src="https://images.nlziet.nl/metadataimportimages/source/2719B85543B3E2579A89B67F555C9AD1355E30E1C7D7BAFF8D0F50978D0A2195.jpg"></icon><desc></desc><category></category></programme><programme channel="npopolitiek" start="20221230230000 +0000" stop="20221231010000 +0000" catchup-id="47ACD6C751B69433393AE886D50A5FAA"><title>Haagse politiek</title><date></date><icon src="https://images.nlziet.nl/metadataimportimages/source/2719B85543B3E2579A89B67F555C9AD1355E30E1C7D7BAFF8D0F50978D0A2195.jpg"></icon><desc></desc><category></category></programme><programme channel="npopolitiek" start="20221231010000 +0000" stop="20221231030000 +0000" catchup-id="95C328540D3B326E9B44D5F8A39A9BA6"><title>Haagse politiek</title><date></date><icon src="https://images.nlziet.nl/metadataimportimages/source/2719B85543B3E2579A89B67F555C9AD1355E30E1C7D7BAFF8D0F50978D0A2195.jpg"></icon><desc></desc><category></category></programme><programme channel="npopolitiek" start="20221231030000 +0000" stop="20221231050000 +0000" catchup-id="295272B57B3D47258759991BCD5DECCD"><title>Haagse politiek</title><date></date><icon src="https://images.nlziet.nl/metadataimportimages/source/2719B85543B3E2579A89B67F555C9AD1355E30E1C7D7BAFF8D0F50978D0A2195.jpg"></icon><desc></desc><category></category></programme><programme channel="npopolitiek" start="20221231050000 +0000" stop="20221231070000 +0000" catchup-id="535B3637F9683E5BAF0C2731362CFD29"><title>Haagse politiek</title><date></date><icon src="https://images.nlziet.nl/metadataimportimages/source/2719B85543B3E2579A89B67F555C9AD1355E30E1C7D7BAFF8D0F50978D0A2195.jpg"></icon><desc></desc><category></category></programme><programme channel="npopolitiek" start="20221231070000 +0000" stop="20221231090000 +0000" catchup-id="0B1F59468AF41531C09AC79E78E8C5CD"><title>Haagse politiek</title><date></date><icon src="https://images.nlziet.nl/metadataimportimages/source/2719B85543B3E2579A89B67F555C9AD1355E30E1C7D7BAFF8D0F50978D0A2195.jpg"></icon><desc></desc><category></category></programme><programme channel="npopolitiek" start="20221231090000 +0000" stop="20221231110000 +0000" catchup-id="D4C4DB64733575C39A52F7F8739A0B09"><title>Haagse politiek</title><date></date><icon src="https://images.nlziet.nl/metadataimportimages/source/2719B85543B3E2579A89B67F555C9AD1355E30E1C7D7BAFF8D0F50978D0A2195.jpg"></icon><desc></desc><category></category></programme><programme channel="npopolitiek" start="20221231110000 +0000" stop="20221231130000 +0000" catchup-id="BC7631D9B8FFAFBB3652ED0805911361"><title>Haagse politiek</title><date></date><icon src="https://images.nlziet.nl/metadataimportimages/source/2719B85543B3E2579A89B67F555C9AD1355E30E1C7D7BAFF8D0F50978D0A2195.jpg"></icon><desc></desc><category></category></programme><programme channel="npopolitiek" start="20221231130000 +0000" stop="20221231150000 +0000" catchup-id="56DE2E5A70722B3ACB36696A9BD4E090"><title>Haagse politiek</title><date></date><icon src="https://images.nlziet.nl/metadataimportimages/source/2719B85543B3E2579A89B67F555C9AD1355E30E1C7D7BAFF8D0F50978D0A2195.jpg"></icon><desc></desc><category></category></programme><programme channel="npopolitiek" start="20221231150000 +0000" stop="20221231170000 +0000" catchup-id="888CAEA6AB22ED3A9F7014BFE627DAE3"><title>Haagse politiek</title><date></date><icon src="https://images.nlziet.nl/metadataimportimages/source/2719B85543B3E2579A89B67F555C9AD1355E30E1C7D7BAFF8D0F50978D0A2195.jpg"></icon><desc></desc><category></category></programme><programme channel="npopolitiek" start="20221231170000 +0000" stop="20221231180000 +0000" catchup-id="681017294F214323DDCA663494DF3FA4"><title>Haagse politiek</title><date></date><icon src="https://images.nlziet.nl/metadataimportimages/source/2719B85543B3E2579A89B67F555C9AD1355E30E1C7D7BAFF8D0F50978D0A2195.jpg"></icon><desc></desc><category></category></programme><programme channel="npopolitiek" start="20221231180000 +0000" stop="20221231190000 +0000" catchup-id="32D6C49E0EC149D5D6BB816EAA8A2A4C"><title>NOS Jeugdjournaal met gebarentaal</title><date></date><icon src="https://images.nlziet.nl/metadataimportimages/source/8ADFBDB341AEC7384B0DA8E0AA7465EAA75C7CA782A7793EB4F046970918C502.jpg"></icon><desc></desc><category></category></programme><programme channel="npopolitiek" start="20221231190000 +0000" stop="20221231193000 +0000" catchup-id="157B27EA0C34BE9E2F96CD19C28E7214"><title>NOS Journaal met gebarentaal</title><date></date><icon src="https://images.nlziet.nl/metadataimportimages/source/F6253922A6266959D35ADCAEE75C9F76D401D606561248A8A49BEB9B8A0FE13C.jpg"></icon><desc></desc><category></category></programme><programme channel="npopolitiek" start="20221231193000 +0000" stop="20221231210000 +0000" catchup-id="889835F950F9E0A8C85D7778F581C209"><title>Haagse politiek</title><date></date><icon src="https://images.nlziet.nl/metadataimportimages/source/2719B85543B3E2579A89B67F555C9AD1355E30E1C7D7BAFF8D0F50978D0A2195.jpg"></icon><desc></desc><category></category></programme><programme channel="npopolitiek" start="20221231210000 +0000" stop="20221231230000 +0000" catchup-id="F3C260D21C3E5E0CF2A10E662AB8CD10"><title>Haagse politiek</title><date></date><icon src="https://images.nlziet.nl/metadataimportimages/source/2719B85543B3E2579A89B67F555C9AD1355E30E1C7D7BAFF8D0F50978D0A2195.jpg"></icon><desc></desc><category></category></programme><programme channel="npopolitiek" start="20221231230000 +0000" stop="20230101010000 +0000" catchup-id="4E59E7798265C56D39A9A821CE824124"><title>Haagse politiek</title><date></date><icon src="https://images.nlziet.nl/metadataimportimages/source/2719B85543B3E2579A89B67F555C9AD1355E30E1C7D7BAFF8D0F50978D0A2195.jpg"></icon><desc></desc><category></category></programme><programme channel="npopolitiek" start="20230101010000 +0000" stop="20230101030000 +0000" catchup-id="C79CDF4F42A3DC6C3845B1328E44C014"><title>Haagse politiek</title><date></date><icon src="https://images.nlziet.nl/metadataimportimages/source/2719B85543B3E2579A89B67F555C9AD1355E30E1C7D7BAFF8D0F50978D0A2195.jpg"></icon><desc></desc><category></category></programme><programme channel="npopolitiek" start="20230101030000 +0000" stop="20230101050000 +0000" catchup-id="C139A35E4C9DBD5F70ACB868E8AFFA0A"><title>Haagse politiek</title><date></date><icon src="https://images.nlziet.nl/metadataimportimages/source/2719B85543B3E2579A89B67F555C9AD1355E30E1C7D7BAFF8D0F50978D0A2195.jpg"></icon><desc></desc><category></category></programme><programme channel="npopolitiek" start="20230101050000 +0000" stop="20230101070000 +0000" catchup-id="9E7BF65F10948F44B8DA5094374C5BB8"><title>Haagse politiek</title><date></date><icon src="https://images.nlziet.nl/metadataimportimages/source/2719B85543B3E2579A89B67F555C9AD1355E30E1C7D7BAFF8D0F50978D0A2195.jpg"></icon><desc></desc><category></category></programme><programme channel="npopolitiek" start="20230101070000 +0000" stop="20230101090000 +0000" catchup-id="6CA58BC348245FBBE0D214F8200884EB"><title>Haagse politiek</title><date></date><icon src="https://images.nlziet.nl/metadataimportimages/source/2719B85543B3E2579A89B67F555C9AD1355E30E1C7D7BAFF8D0F50978D0A2195.jpg"></icon><desc></desc><category></category></programme><programme channel="npopolitiek" start="20230101090000 +0000" stop="20230101110000 +0000" catchup-id="B34ADA93D477EBB245FB68BA98E47B2C"><title>Haagse politiek</title><date></date><icon src="https://images.nlziet.nl/metadataimportimages/source/2719B85543B3E2579A89B67F555C9AD1355E30E1C7D7BAFF8D0F50978D0A2195.jpg"></icon><desc></desc><category></category></programme><programme channel="npopolitiek" start="20230101110000 +0000" stop="20230101130000 +0000" catchup-id="D2737F2E4921CD9FDF76E2714EFF82E3"><title>Haagse politiek</title><date></date><icon src="https://images.nlziet.nl/metadataimportimages/source/2719B85543B3E2579A89B67F555C9AD1355E30E1C7D7BAFF8D0F50978D0A2195.jpg"></icon><desc></desc><category></category></programme><programme channel="npopolitiek" start="20230101130000 +0000" stop="20230101150000 +0000" catchup-id="0C405E67DB598A15F3508A1D4A9CB090"><title>Haagse politiek</title><date></date><icon src="https://images.nlziet.nl/metadataimportimages/source/2719B85543B3E2579A89B67F555C9AD1355E30E1C7D7BAFF8D0F50978D0A2195.jpg"></icon><desc></desc><category></category></programme><programme channel="npopolitiek" start="20230101150000 +0000" stop="20230101170000 +0000" catchup-id="0D6B8DEA8A8A942DB987C3C65269AFCF"><title>Haagse politiek</title><date></date><icon src="https://images.nlziet.nl/metadataimportimages/source/2719B85543B3E2579A89B67F555C9AD1355E30E1C7D7BAFF8D0F50978D0A2195.jpg"></icon><desc></desc><category></category></programme><programme channel="npopolitiek" start="20230101170000 +0000" stop="20230101180000 +0000" catchup-id="331B82F87578712B6FB94D0CDE6C271A"><title>Haagse politiek</title><date></date><icon src="https://images.nlziet.nl/metadataimportimages/source/2719B85543B3E2579A89B67F555C9AD1355E30E1C7D7BAFF8D0F50978D0A2195.jpg"></icon><desc></desc><category></category></programme><programme channel="npopolitiek" start="20230101180000 +0000" stop="20230101190000 +0000" catchup-id="6A8E03622CD981AF0E5A762624ED50FE"><title>Haagse politiek</title><date></date><icon src="https://images.nlziet.nl/metadataimportimages/source/2719B85543B3E2579A89B67F555C9AD1355E30E1C7D7BAFF8D0F50978D0A2195.jpg"></icon><desc></desc><category></category></programme><programme channel="npopolitiek" start="20230101190000 +0000" stop="20230101210000 +0000" catchup-id="AED58A1842B0B67BCC40A85318A162DF"><title>Haagse politiek</title><date></date><icon src="https://images.nlziet.nl/metadataimportimages/source/2719B85543B3E2579A89B67F555C9AD1355E30E1C7D7BAFF8D0F50978D0A2195.jpg"></icon><desc></desc><category></category></programme><programme channel="npopolitiek" start="20230101210000 +0000" stop="20230101230000 +0000" catchup-id="1F4C638A9980B338D59C88B2A609E17A"><title>Haagse politiek</title><date></date><icon src="https://images.nlziet.nl/metadataimportimages/source/2719B85543B3E2579A89B67F555C9AD1355E30E1C7D7BAFF8D0F50978D0A2195.jpg"></icon><desc></desc><category></category></programme><programme channel="npopolitiek" start="20230101230000 +0000" stop="20230102010000 +0000" catchup-id="118A66EC3CABBBA3A8F4B7DF6C453F0E"><title>Haagse politiek</title><date></date><icon src="https://images.nlziet.nl/metadataimportimages/source/2719B85543B3E2579A89B67F555C9AD1355E30E1C7D7BAFF8D0F50978D0A2195.jpg"></icon><desc></desc><category></category></programme><programme channel="npopolitiek" start="20230102010000 +0000" stop="20230102030000 +0000" catchup-id="E9A9E063579D4D52AE24C05B66F85A69"><title>Haagse politiek</title><date></date><icon src="https://images.nlziet.nl/metadataimportimages/source/2719B85543B3E2579A89B67F555C9AD1355E30E1C7D7BAFF8D0F50978D0A2195.jpg"></icon><desc></desc><category></category></programme><programme channel="npopolitiek" start="20230102030000 +0000" stop="20230102050000 +0000" catchup-id="215978C828E283D08DD28642ACD6F9FA"><title>Haagse politiek</title><date></date><icon src="https://images.nlziet.nl/metadataimportimages/source/2719B85543B3E2579A89B67F555C9AD1355E30E1C7D7BAFF8D0F50978D0A2195.jpg"></icon><desc></desc><category></category></programme><programme channel="npopolitiek" start="20230102050000 +0000" stop="20230102070000 +0000" catchup-id="DD694A4AB529AF112F3C00E4A302AC81"><title>Haagse politiek</title><date></date><icon src="https://images.nlziet.nl/metadataimportimages/source/2719B85543B3E2579A89B67F555C9AD1355E30E1C7D7BAFF8D0F50978D0A2195.jpg"></icon><desc></desc><category></category></programme><programme channel="npopolitiek" start="20230102070000 +0000" stop="20230102090000 +0000" catchup-id="73698F92844A0BE04F6EDFC6A8029628"><title>Haagse politiek</title><date></date><icon src="https://images.nlziet.nl/metadataimportimages/source/2719B85543B3E2579A89B67F555C9AD1355E30E1C7D7BAFF8D0F50978D0A2195.jpg"></icon><desc></desc><category></category></programme><programme channel="npopolitiek" start="20230102090000 +0000" stop="20230102110000 +0000" catchup-id="9325A56C5885799F3448F51A76BF0A0C"><title>Haagse politiek</title><date></date><icon src="https://images.nlziet.nl/metadataimportimages/source/2719B85543B3E2579A89B67F555C9AD1355E30E1C7D7BAFF8D0F50978D0A2195.jpg"></icon><desc></desc><category></category></programme><programme channel="npopolitiek" start="20230102110000 +0000" stop="20230102130000 +0000" catchup-id="494390FEF5992EA519109EA1683F2872"><title>Haagse politiek</title><date></date><icon src="https://images.nlziet.nl/metadataimportimages/source/2719B85543B3E2579A89B67F555C9AD1355E30E1C7D7BAFF8D0F50978D0A2195.jpg"></icon><desc></desc><category></category></programme><programme channel="npopolitiek" start="20230102130000 +0000" stop="20230102150000 +0000" catchup-id="6949090354D1F6BBE93F937F75BEDA78"><title>Haagse politiek</title><date></date><icon src="https://images.nlziet.nl/metadataimportimages/source/2719B85543B3E2579A89B67F555C9AD1355E30E1C7D7BAFF8D0F50978D0A2195.jpg"></icon><desc></desc><category></category></programme><programme channel="npopolitiek" start="20230102150000 +0000" stop="20230102170000 +0000" catchup-id="088049A5F102721531B2311A6A5A2150"><title>Haagse politiek</title><date></date><icon src="https://images.nlziet.nl/metadataimportimages/source/2719B85543B3E2579A89B67F555C9AD1355E30E1C7D7BAFF8D0F50978D0A2195.jpg"></icon><desc></desc><category></category></programme><programme channel="npopolitiek" start="20230102170000 +0000" stop="20230102180000 +0000" catchup-id="5FEA8D24565AFDF692E8747302D5EF49"><title>Haagse politiek</title><date></date><icon src="https://images.nlziet.nl/metadataimportimages/source/2719B85543B3E2579A89B67F555C9AD1355E30E1C7D7BAFF8D0F50978D0A2195.jpg"></icon><desc></desc><category></category></programme><programme channel="npopolitiek" start="20230102180000 +0000" stop="20230102190000 +0000" catchup-id="E27C82BB275739DFFC50C5BF06A31F81"><title>Haagse politiek</title><date></date><icon src="https://images.nlziet.nl/metadataimportimages/source/2719B85543B3E2579A89B67F555C9AD1355E30E1C7D7BAFF8D0F50978D0A2195.jpg"></icon><desc></desc><category></category></programme><programme channel="npopolitiek" start="20230102190000 +0000" stop="20230102210000 +0000" catchup-id="81710A87E8CA5AFBFCDB4F8486B8E30D"><title>Haagse politiek</title><date></date><icon src="https://images.nlziet.nl/metadataimportimages/source/2719B85543B3E2579A89B67F555C9AD1355E30E1C7D7BAFF8D0F50978D0A2195.jpg"></icon><desc></desc><category></category></programme><programme channel="npopolitiek" start="20230102210000 +0000" stop="20230102230000 +0000" catchup-id="586DC95B62F9530127B0E47DC82940DA"><title>Haagse politiek</title><date></date><icon src="https://images.nlziet.nl/metadataimportimages/source/2719B85543B3E2579A89B67F555C9AD1355E30E1C7D7BAFF8D0F50978D0A2195.jpg"></icon><desc></desc><category></category></programme><programme channel="npopolitiek" start="20230102230000 +0000" stop="20230103010000 +0000" catchup-id="05F67A208DAF308F87A917A2407A53EF"><title>Haagse politiek</title><date></date><icon src="https://images.nlziet.nl/metadataimportimages/source/2719B85543B3E2579A89B67F555C9AD1355E30E1C7D7BAFF8D0F50978D0A2195.jpg"></icon><desc></desc><category></category></programme><programme channel="npopolitiek" start="20230103010000 +0000" stop="20230103030000 +0000" catchup-id="15E91AC28BAF9A95B6BDBC81600D75F7"><title>Haagse politiek</title><date></date><icon src="https://images.nlziet.nl/metadataimportimages/source/2719B85543B3E2579A89B67F555C9AD1355E30E1C7D7BAFF8D0F50978D0A2195.jpg"></icon><desc></desc><category></category></programme><programme channel="npopolitiek" start="20230103030000 +0000" stop="20230103050000 +0000" catchup-id="F541CC5C8459BBD4171D82CDB6FF137B"><title>Haagse politiek</title><date></date><icon src="https://images.nlziet.nl/metadataimportimages/source/2719B85543B3E2579A89B67F555C9AD1355E30E1C7D7BAFF8D0F50978D0A2195.jpg"></icon><desc></desc><category></category></programme><programme channel="npopolitiek" start="20230103050000 +0000" stop="20230103070000 +0000" catchup-id="0263279C93055286F121ABA61529EBAA"><title>Haagse politiek</title><date></date><icon src="https://images.nlziet.nl/metadataimportimages/source/2719B85543B3E2579A89B67F555C9AD1355E30E1C7D7BAFF8D0F50978D0A2195.jpg"></icon><desc></desc><category></category></programme><programme channel="npopolitiek" start="20230103070000 +0000" stop="20230103090000 +0000" catchup-id="CF7C4DD5AB1E27E38632A8FF97F0CEA9"><title>Haagse politiek</title><date></date><icon src="https://images.nlziet.nl/metadataimportimages/source/2719B85543B3E2579A89B67F555C9AD1355E30E1C7D7BAFF8D0F50978D0A2195.jpg"></icon><desc></desc><category></category></programme><programme channel="npopolitiek" start="20230103090000 +0000" stop="20230103110000 +0000" catchup-id="7C0A6CFAE8610C7C87F0601545D70BCC"><title>Haagse politiek</title><date></date><icon src="https://images.nlziet.nl/metadataimportimages/source/2719B85543B3E2579A89B67F555C9AD1355E30E1C7D7BAFF8D0F50978D0A2195.jpg"></icon><desc></desc><category></category></programme><programme channel="npopolitiek" start="20230103110000 +0000" stop="20230103130000 +0000" catchup-id="5891111F8AB33DB2C4B3CDE8D11D798F"><title>Haagse politiek</title><date></date><icon src="https://images.nlziet.nl/metadataimportimages/source/2719B85543B3E2579A89B67F555C9AD1355E30E1C7D7BAFF8D0F50978D0A2195.jpg"></icon><desc></desc><category></category></programme><programme channel="npopolitiek" start="20230103130000 +0000" stop="20230103150000 +0000" catchup-id="1C1CF7444F25AFF10E02406AA0373552"><title>Haagse politiek</title><date></date><icon src="https://images.nlziet.nl/metadataimportimages/source/2719B85543B3E2579A89B67F555C9AD1355E30E1C7D7BAFF8D0F50978D0A2195.jpg"></icon><desc></desc><category></category></programme><programme channel="npopolitiek" start="20230103150000 +0000" stop="20230103170000 +0000" catchup-id="4E428342E7A8772A518BC9DDDF171AFC"><title>Haagse politiek</title><date></date><icon src="https://images.nlziet.nl/metadataimportimages/source/2719B85543B3E2579A89B67F555C9AD1355E30E1C7D7BAFF8D0F50978D0A2195.jpg"></icon><desc></desc><category></category></programme><programme channel="npopolitiek" start="20230103170000 +0000" stop="20230103180000 +0000" catchup-id="8AC7B6DA57312E2DA484EA0422DD0116"><title>Haagse politiek</title><date></date><icon src="https://images.nlziet.nl/metadataimportimages/source/2719B85543B3E2579A89B67F555C9AD1355E30E1C7D7BAFF8D0F50978D0A2195.jpg"></icon><desc></desc><category></category></programme><programme channel="npopolitiek" start="20230103180000 +0000" stop="20230103190000 +0000" catchup-id="4E09CAAC30B2FA51802EB44840774896"><title>Haagse politiek</title><date></date><icon src="https://images.nlziet.nl/metadataimportimages/source/2719B85543B3E2579A89B67F555C9AD1355E30E1C7D7BAFF8D0F50978D0A2195.jpg"></icon><desc></desc><category></category></programme><programme channel="npopolitiek" start="20230103190000 +0000" stop="20230103210000 +0000" catchup-id="B157BA967C59271840E6801E7CAE423E"><title>Haagse politiek</title><date></date><icon src="https://images.nlziet.nl/metadataimportimages/source/2719B85543B3E2579A89B67F555C9AD1355E30E1C7D7BAFF8D0F50978D0A2195.jpg"></icon><desc></desc><category></category></programme><programme channel="npopolitiek" start="20230103210000 +0000" stop="20230103230000 +0000" catchup-id="6549BF61588384393B511D1DEA55B33F"><title>Haagse politiek</title><date></date><icon src="https://images.nlziet.nl/metadataimportimages/source/2719B85543B3E2579A89B67F555C9AD1355E30E1C7D7BAFF8D0F50978D0A2195.jpg"></icon><desc></desc><category></category></programme><programme channel="npopolitiek" start="20230103230000 +0000" stop="20230104010000 +0000" catchup-id="20A74ED7F32D664F4EA20036EF48BE09"><title>Haagse politiek</title><date></date><icon src="https://images.nlziet.nl/metadataimportimages/source/2719B85543B3E2579A89B67F555C9AD1355E30E1C7D7BAFF8D0F50978D0A2195.jpg"></icon><desc></desc><category></category></programme><programme channel="npopolitiek" start="20230104010000 +0000" stop="20230104030000 +0000" catchup-id="171C790430D1FD8B5BBFCF120824D730"><title>Haagse politiek</title><date></date><icon src="https://images.nlziet.nl/metadataimportimages/source/2719B85543B3E2579A89B67F555C9AD1355E30E1C7D7BAFF8D0F50978D0A2195.jpg"></icon><desc></desc><category></category></programme><programme channel="npopolitiek" start="20230104030000 +0000" stop="20230104050000 +0000" catchup-id="C514D4D5076AFC63ED4125CC3C091E3D"><title>Haagse politiek</title><date></date><icon src="https://images.nlziet.nl/metadataimportimages/source/2719B85543B3E2579A89B67F555C9AD1355E30E1C7D7BAFF8D0F50978D0A2195.jpg"></icon><desc></desc><category></category></programme><programme channel="npopolitiek" start="20230104050000 +0000" stop="20230104070000 +0000" catchup-id="C0A07F43DC4E793DE0122F23F4A6E2E1"><title>Haagse politiek</title><date></date><icon src="https://images.nlziet.nl/metadataimportimages/source/2719B85543B3E2579A89B67F555C9AD1355E30E1C7D7BAFF8D0F50978D0A2195.jpg"></icon><desc></desc><category></category></programme><programme channel="npopolitiek" start="20230104070000 +0000" stop="20230104090000 +0000" catchup-id="E80B8FEA265203256931E84C0EB6F611"><title>Haagse politiek</title><date></date><icon src="https://images.nlziet.nl/metadataimportimages/source/2719B85543B3E2579A89B67F555C9AD1355E30E1C7D7BAFF8D0F50978D0A2195.jpg"></icon><desc></desc><category></category></programme><programme channel="npopolitiek" start="20230104090000 +0000" stop="20230104110000 +0000" catchup-id="79FE78ED883A28AEAA37B46D8E1577F7"><title>Haagse politiek</title><date></date><icon src="https://images.nlziet.nl/metadataimportimages/source/2719B85543B3E2579A89B67F555C9AD1355E30E1C7D7BAFF8D0F50978D0A2195.jpg"></icon><desc></desc><category></category></programme><programme channel="npopolitiek" start="20230104110000 +0000" stop="20230104130000 +0000" catchup-id="D04222940831F467EA043401B8870A63"><title>Haagse politiek</title><date></date><icon src="https://images.nlziet.nl/metadataimportimages/source/2719B85543B3E2579A89B67F555C9AD1355E30E1C7D7BAFF8D0F50978D0A2195.jpg"></icon><desc></desc><category></category></programme><programme channel="npopolitiek" start="20230104130000 +0000" stop="20230104150000 +0000" catchup-id="D64759D74B110A5F9F9B4B9167795AA5"><title>Haagse politiek</title><date></date><icon src="https://images.nlziet.nl/metadataimportimages/source/2719B85543B3E2579A89B67F555C9AD1355E30E1C7D7BAFF8D0F50978D0A2195.jpg"></icon><desc></desc><category></category></programme><programme channel="npopolitiek" start="20230104150000 +0000" stop="20230104170000 +0000" catchup-id="5ECC7A276C2404BD92AD8BEEF87E4395"><title>Haagse politiek</title><date></date><icon src="https://images.nlziet.nl/metadataimportimages/source/2719B85543B3E2579A89B67F555C9AD1355E30E1C7D7BAFF8D0F50978D0A2195.jpg"></icon><desc></desc><category></category></programme><programme channel="npopolitiek" start="20230104170000 +0000" stop="20230104180000 +0000" catchup-id="0CBF859D332A0F788B84E8787A9AEFFB"><title>Haagse politiek</title><date></date><icon src="https://images.nlziet.nl/metadataimportimages/source/2719B85543B3E2579A89B67F555C9AD1355E30E1C7D7BAFF8D0F50978D0A2195.jpg"></icon><desc></desc><category></category></programme><programme channel="npopolitiek" start="20230104180000 +0000" stop="20230104190000 +0000" catchup-id="91480BB8933CB3C484AB0FF97A67E9DF"><title>Haagse politiek</title><date></date><icon src="https://images.nlziet.nl/metadataimportimages/source/2719B85543B3E2579A89B67F555C9AD1355E30E1C7D7BAFF8D0F50978D0A2195.jpg"></icon><desc></desc><category></category></programme><programme channel="npopolitiek" start="20230104190000 +0000" stop="20230104210000 +0000" catchup-id="63E7597E0FCBC6B75DFEC52ED84D2E55"><title>Haagse politiek</title><date></date><icon src="https://images.nlziet.nl/metadataimportimages/source/2719B85543B3E2579A89B67F555C9AD1355E30E1C7D7BAFF8D0F50978D0A2195.jpg"></icon><desc></desc><category></category></programme><programme channel="npopolitiek" start="20230104210000 +0000" stop="20230104230000 +0000" catchup-id="AA71DD35611CC2CB0E8424DCFAFF6893"><title>Haagse politiek</title><date></date><icon src="https://images.nlziet.nl/metadataimportimages/source/2719B85543B3E2579A89B67F555C9AD1355E30E1C7D7BAFF8D0F50978D0A2195.jpg"></icon><desc></desc><category></category></programme><programme channel="npopolitiek" start="20230104230000 +0000" stop="20230105010000 +0000" catchup-id="1147AD24A1DA58950D2C48978911CE05"><title>Haagse politiek</title><date></date><icon src="https://images.nlziet.nl/metadataimportimages/source/2719B85543B3E2579A89B67F555C9AD1355E30E1C7D7BAFF8D0F50978D0A2195.jpg"></icon><desc></desc><category></category></programme><programme channel="npopolitiek" start="20230105010000 +0000" stop="20230105030000 +0000" catchup-id="A44E5F55A3D943E5B94949E77EE3ACEA"><title>Haagse politiek</title><date></date><icon src="https://images.nlziet.nl/metadataimportimages/source/2719B85543B3E2579A89B67F555C9AD1355E30E1C7D7BAFF8D0F50978D0A2195.jpg"></icon><desc></desc><category></category></programme><programme channel="npopolitiek" start="20230105030000 +0000" stop="20230105050000 +0000" catchup-id="4EC6A34849B846D24F54C6B08E54D13C"><title>Haagse politiek</title><date></date><icon src="https://images.nlziet.nl/metadataimportimages/source/2719B85543B3E2579A89B67F555C9AD1355E30E1C7D7BAFF8D0F50978D0A2195.jpg"></icon><desc></desc><category></category></programme><programme channel="npopolitiek" start="20230105050000 +0000" stop="20230105070000 +0000" catchup-id="DBF7155676AF4B78F3FB4D8AC1A48287"><title>Haagse politiek</title><date></date><icon src="https://images.nlziet.nl/metadataimportimages/source/2719B85543B3E2579A89B67F555C9AD1355E30E1C7D7BAFF8D0F50978D0A2195.jpg"></icon><desc></desc><category></category></programme><programme channel="npopolitiek" start="20230105070000 +0000" stop="20230105090000 +0000" catchup-id="6A49421AF3DE9EDB905D151803AD9F7B"><title>Haagse politiek</title><date></date><icon src="https://images.nlziet.nl/metadataimportimages/source/2719B85543B3E2579A89B67F555C9AD1355E30E1C7D7BAFF8D0F50978D0A2195.jpg"></icon><desc></desc><category></category></programme><programme channel="npopolitiek" start="20230105090000 +0000" stop="20230105110000 +0000" catchup-id="AD3A9849FED7329C0F096D062FD3FC66"><title>Haagse politiek</title><date></date><icon src="https://images.nlziet.nl/metadataimportimages/source/2719B85543B3E2579A89B67F555C9AD1355E30E1C7D7BAFF8D0F50978D0A2195.jpg"></icon><desc></desc><category></category></programme><programme channel="npopolitiek" start="20230105110000 +0000" stop="20230105130000 +0000" catchup-id="35E31B4CC0649DFBA4C0B124DE65CD42"><title>Haagse politiek</title><date></date><icon src="https://images.nlziet.nl/metadataimportimages/source/2719B85543B3E2579A89B67F555C9AD1355E30E1C7D7BAFF8D0F50978D0A2195.jpg"></icon><desc></desc><category></category></programme><programme channel="npopolitiek" start="20230105130000 +0000" stop="20230105150000 +0000" catchup-id="F01A0CA6A2652C62DC0B9E041CE1FD9D"><title>Haagse politiek</title><date></date><icon src="https://images.nlziet.nl/metadataimportimages/source/2719B85543B3E2579A89B67F555C9AD1355E30E1C7D7BAFF8D0F50978D0A2195.jpg"></icon><desc></desc><category></category></programme><programme channel="npopolitiek" start="20230105150000 +0000" stop="20230105170000 +0000" catchup-id="191887CA97C36F7FEB1A6F4284BB8D5E"><title>Haagse politiek</title><date></date><icon src="https://images.nlziet.nl/metadataimportimages/source/2719B85543B3E2579A89B67F555C9AD1355E30E1C7D7BAFF8D0F50978D0A2195.jpg"></icon><desc></desc><category></category></programme><programme channel="npopolitiek" start="20230105170000 +0000" stop="20230105180000 +0000" catchup-id="F1E19681D2029F909A803960F31F09CB"><title>Haagse politiek</title><date></date><icon src="https://images.nlziet.nl/metadataimportimages/source/2719B85543B3E2579A89B67F555C9AD1355E30E1C7D7BAFF8D0F50978D0A2195.jpg"></icon><desc></desc><category></category></programme><programme channel="npopolitiek" start="20230105180000 +0000" stop="20230105190000 +0000" catchup-id="1CD7DE7AFFA9777E25D440DE0BBF6251"><title>Haagse politiek</title><date></date><icon src="https://images.nlziet.nl/metadataimportimages/source/2719B85543B3E2579A89B67F555C9AD1355E30E1C7D7BAFF8D0F50978D0A2195.jpg"></icon><desc></desc><category></category></programme><programme channel="npopolitiek" start="20230105190000 +0000" stop="20230105210000 +0000" catchup-id="5E744C44504D6806BC406D23C6DF1BE5"><title>Haagse politiek</title><date></date><icon src="https://images.nlziet.nl/metadataimportimages/source/2719B85543B3E2579A89B67F555C9AD1355E30E1C7D7BAFF8D0F50978D0A2195.jpg"></icon><desc></desc><category></category></programme><programme channel="npopolitiek" start="20230105210000 +0000" stop="20230105230000 +0000" catchup-id="D6007B713AC9AF8EF6F2189600029F81"><title>Haagse politiek</title><date></date><icon src="https://images.nlziet.nl/metadataimportimages/source/2719B85543B3E2579A89B67F555C9AD1355E30E1C7D7BAFF8D0F50978D0A2195.jpg"></icon><desc></desc><category></category></programme><programme channel="npopolitiek" start="20230105230000 +0000" stop="20230106010000 +0000" catchup-id="DB731222B6124BB84C50AB564211E896"><title>Haagse politiek</title><date></date><icon src="https://images.nlziet.nl/metadataimportimages/source/2719B85543B3E2579A89B67F555C9AD1355E30E1C7D7BAFF8D0F50978D0A2195.jpg"></icon><desc></desc><category></category></programme><programme channel="npopolitiek" start="20230106010000 +0000" stop="20230106030000 +0000" catchup-id="9903D4E8614C0C830FCF50FE04970B6E"><title>Haagse politiek</title><date></date><icon src="https://images.nlziet.nl/metadataimportimages/source/2719B85543B3E2579A89B67F555C9AD1355E30E1C7D7BAFF8D0F50978D0A2195.jpg"></icon><desc></desc><category></category></programme><programme channel="npopolitiek" start="20230106030000 +0000" stop="20230106050000 +0000" catchup-id="9A4BEB914ACD091F0CF880D93D9FF198"><title>Haagse politiek</title><date></date><icon src="https://images.nlziet.nl/metadataimportimages/source/2719B85543B3E2579A89B67F555C9AD1355E30E1C7D7BAFF8D0F50978D0A2195.jpg"></icon><desc></desc><category></category></programme><programme channel="npopolitiek" start="20230106050000 +0000" stop="20230106070000 +0000" catchup-id="B53E0C1302023145AE7831FC8F9CEA64"><title>Haagse politiek</title><date></date><icon src="https://images.nlziet.nl/metadataimportimages/source/2719B85543B3E2579A89B67F555C9AD1355E30E1C7D7BAFF8D0F50978D0A2195.jpg"></icon><desc></desc><category></category></programme><programme channel="npopolitiek" start="20230106070000 +0000" stop="20230106090000 +0000" catchup-id="1673B4C51EA479D3E36DC195E13FE0D6"><title>Haagse politiek</title><date></date><icon src="https://images.nlziet.nl/metadataimportimages/source/2719B85543B3E2579A89B67F555C9AD1355E30E1C7D7BAFF8D0F50978D0A2195.jpg"></icon><desc></desc><category></category></programme><programme channel="npopolitiek" start="20230106090000 +0000" stop="20230106110000 +0000" catchup-id="5245E841AB1F6B6918956ADE40C7750F"><title>Haagse politiek</title><date></date><icon src="https://images.nlziet.nl/metadataimportimages/source/2719B85543B3E2579A89B67F555C9AD1355E30E1C7D7BAFF8D0F50978D0A2195.jpg"></icon><desc></desc><category></category></programme><programme channel="npopolitiek" start="20230106110000 +0000" stop="20230106130000 +0000" catchup-id="9F508FD9A2540CB0BA88FA9EDEA7EE9C"><title>Haagse politiek</title><date></date><icon src="https://images.nlziet.nl/metadataimportimages/source/2719B85543B3E2579A89B67F555C9AD1355E30E1C7D7BAFF8D0F50978D0A2195.jpg"></icon><desc></desc><category></category></programme><programme channel="npopolitiek" start="20230106130000 +0000" stop="20230106150000 +0000" catchup-id="2A452E2ECCB854080EEF86C0A2E253F7"><title>Haagse politiek</title><date></date><icon src="https://images.nlziet.nl/metadataimportimages/source/2719B85543B3E2579A89B67F555C9AD1355E30E1C7D7BAFF8D0F50978D0A2195.jpg"></icon><desc></desc><category></category></programme><programme channel="npopolitiek" start="20230106150000 +0000" stop="20230106170000 +0000" catchup-id="C099F92513E92E4B8AB01B116E1CA1E5"><title>Haagse politiek</title><date></date><icon src="https://images.nlziet.nl/metadataimportimages/source/2719B85543B3E2579A89B67F555C9AD1355E30E1C7D7BAFF8D0F50978D0A2195.jpg"></icon><desc></desc><category></category></programme><programme channel="npopolitiek" start="20230106170000 +0000" stop="20230106180000 +0000" catchup-id="4AEAF9CD8A2452C8D147D5ABEC20BC5A"><title>Haagse politiek</title><date></date><icon src="https://images.nlziet.nl/metadataimportimages/source/2719B85543B3E2579A89B67F555C9AD1355E30E1C7D7BAFF8D0F50978D0A2195.jpg"></icon><desc></desc><category></category></programme><programme channel="npopolitiek" start="20230106180000 +0000" stop="20230106190000 +0000" catchup-id="D9E8752BC996F8993A298D0622529C07"><title>Haagse politiek</title><date></date><icon src="https://images.nlziet.nl/metadataimportimages/source/2719B85543B3E2579A89B67F555C9AD1355E30E1C7D7BAFF8D0F50978D0A2195.jpg"></icon><desc></desc><category></category></programme><programme channel="npopolitiek" start="20230106190000 +0000" stop="20230106210000 +0000" catchup-id="7179B7E357A8C38F04F249AA12499EBF"><title>Haagse politiek</title><date></date><icon src="https://images.nlziet.nl/metadataimportimages/source/2719B85543B3E2579A89B67F555C9AD1355E30E1C7D7BAFF8D0F50978D0A2195.jpg"></icon><desc></desc><category></category></programme><programme channel="npopolitiek" start="20230106210000 +0000" stop="20230106230000 +0000" catchup-id="03352B50B9BEB678D584DFF5718D1F87"><title>Haagse politiek</title><date></date><icon src="https://images.nlziet.nl/metadataimportimages/source/2719B85543B3E2579A89B67F555C9AD1355E30E1C7D7BAFF8D0F50978D0A2195.jpg"></icon><desc></desc><category></category></programme><programme channel="npopolitiek" start="20230106230000 +0000" stop="20230107010000 +0000" catchup-id="7CB920958043FF36095F2AC1D12A7486"><title>Haagse politiek</title><date></date><icon src="https://images.nlziet.nl/metadataimportimages/source/2719B85543B3E2579A89B67F555C9AD1355E30E1C7D7BAFF8D0F50978D0A2195.jpg"></icon><desc></desc><category></category></programme><programme channel="npopolitiek" start="20230107010000 +0000" stop="20230107030000 +0000" catchup-id="87931CEA39521D3BC3B7B3CD0CBAA469"><title>Haagse politiek</title><date></date><icon src="https://images.nlziet.nl/metadataimportimages/source/2719B85543B3E2579A89B67F555C9AD1355E30E1C7D7BAFF8D0F50978D0A2195.jpg"></icon><desc></desc><category></category></programme><programme channel="npopolitiek" start="20230107030000 +0000" stop="20230107050000 +0000" catchup-id="1674AFA60D58363A351372CD4E99B3EF"><title>Haagse politiek</title><date></date><icon src="https://images.nlziet.nl/metadataimportimages/source/2719B85543B3E2579A89B67F555C9AD1355E30E1C7D7BAFF8D0F50978D0A2195.jpg"></icon><desc></desc><category></category></programme><programme channel="npopolitiek" start="20230107050000 +0000" stop="20230107070000 +0000" catchup-id="F07482EF78CACEB5FA96DEF48C80A4A9"><title>Haagse politiek</title><date></date><icon src="https://images.nlziet.nl/metadataimportimages/source/2719B85543B3E2579A89B67F555C9AD1355E30E1C7D7BAFF8D0F50978D0A2195.jpg"></icon><desc></desc><category></category></programme><programme channel="npopolitiek" start="20230107070000 +0000" stop="20230107090000 +0000" catchup-id="A48441DD581A600BBF6717A18FD2191D"><title>Haagse politiek</title><date></date><icon src="https://images.nlziet.nl/metadataimportimages/source/2719B85543B3E2579A89B67F555C9AD1355E30E1C7D7BAFF8D0F50978D0A2195.jpg"></icon><desc></desc><category></category></programme><programme channel="npopolitiek" start="20230107090000 +0000" stop="20230107110000 +0000" catchup-id="82F15D8B78E513A99F57DCC5D84C631A"><title>Haagse politiek</title><date></date><icon src="https://images.nlziet.nl/metadataimportimages/source/2719B85543B3E2579A89B67F555C9AD1355E30E1C7D7BAFF8D0F50978D0A2195.jpg"></icon><desc></desc><category></category></programme><programme channel="npopolitiek" start="20230107110000 +0000" stop="20230107130000 +0000" catchup-id="F56E206F54329865EF379FA8F0581017"><title>Haagse politiek</title><date></date><icon src="https://images.nlziet.nl/metadataimportimages/source/2719B85543B3E2579A89B67F555C9AD1355E30E1C7D7BAFF8D0F50978D0A2195.jpg"></icon><desc></desc><category></category></programme><programme channel="npopolitiek" start="20230107130000 +0000" stop="20230107150000 +0000" catchup-id="D9496276245623DCF083E104D586F583"><title>Haagse politiek</title><date></date><icon src="https://images.nlziet.nl/metadataimportimages/source/2719B85543B3E2579A89B67F555C9AD1355E30E1C7D7BAFF8D0F50978D0A2195.jpg"></icon><desc></desc><category></category></programme><programme channel="npopolitiek" start="20230107150000 +0000" stop="20230107170000 +0000" catchup-id="0C3D605211AD8433043568269F225ADE"><title>Haagse politiek</title><date></date><icon src="https://images.nlziet.nl/metadataimportimages/source/2719B85543B3E2579A89B67F555C9AD1355E30E1C7D7BAFF8D0F50978D0A2195.jpg"></icon><desc></desc><category></category></programme><programme channel="npopolitiek" start="20230107170000 +0000" stop="20230107180000 +0000" catchup-id="D9AD6200DF250FB1B32CB4C500878F3E"><title>Haagse politiek</title><date></date><icon src="https://images.nlziet.nl/metadataimportimages/source/2719B85543B3E2579A89B67F555C9AD1355E30E1C7D7BAFF8D0F50978D0A2195.jpg"></icon><desc></desc><category></category></programme><programme channel="npopolitiek" start="20230107180000 +0000" stop="20230107190000 +0000" catchup-id="56B665E50558428D620AFDCA8EEBA355"><title>Haagse politiek</title><date></date><icon src="https://images.nlziet.nl/metadataimportimages/source/2719B85543B3E2579A89B67F555C9AD1355E30E1C7D7BAFF8D0F50978D0A2195.jpg"></icon><desc></desc><category></category></programme><programme channel="npopolitiek" start="20230107190000 +0000" stop="20230107210000 +0000" catchup-id="770613C489F9F9AD7E66D518B7DA454B"><title>Haagse politiek</title><date></date><icon src="https://images.nlziet.nl/metadataimportimages/source/2719B85543B3E2579A89B67F555C9AD1355E30E1C7D7BAFF8D0F50978D0A2195.jpg"></icon><desc></desc><category></category></programme><programme channel="npopolitiek" start="20230107210000 +0000" stop="20230107230000 +0000" catchup-id="23DBEC83FD37BC77729F8F1CAB1889F1"><title>Haagse politiek</title><date></date><icon src="https://images.nlziet.nl/metadataimportimages/source/2719B85543B3E2579A89B67F555C9AD1355E30E1C7D7BAFF8D0F50978D0A2195.jpg"></icon><desc></desc><category></category></programme><programme channel="npopolitiek" start="20230107230000 +0000" stop="20230108010000 +0000" catchup-id="8346C97B43D6A5BCF7E6C848BFD1366E"><title>Haagse politiek</title><date></date><icon src="https://images.nlziet.nl/metadataimportimages/source/2719B85543B3E2579A89B67F555C9AD1355E30E1C7D7BAFF8D0F50978D0A2195.jpg"></icon><desc></desc><category></category></programme><programme channel="npopolitiek" start="20230108010000 +0000" stop="20230108030000 +0000" catchup-id="3FCF3EE5B1DEC39E776AC26E71BD5740"><title>Haagse politiek</title><date></date><icon src="https://images.nlziet.nl/metadataimportimages/source/2719B85543B3E2579A89B67F555C9AD1355E30E1C7D7BAFF8D0F50978D0A2195.jpg"></icon><desc></desc><category></category></programme><programme channel="npopolitiek" start="20230108030000 +0000" stop="20230108050000 +0000" catchup-id="F675E691DB0E8F3169756C9558688BE1"><title>Haagse politiek</title><date></date><icon src="https://images.nlziet.nl/metadataimportimages/source/2719B85543B3E2579A89B67F555C9AD1355E30E1C7D7BAFF8D0F50978D0A2195.jpg"></icon><desc></desc><category></category></programme><programme channel="npopolitiek" start="20230108050000 +0000" stop="20230108070000 +0000" catchup-id="A7623DB1C56ED46E4C1BF72907AAA351"><title>Haagse politiek</title><date></date><icon src="https://images.nlziet.nl/metadataimportimages/source/2719B85543B3E2579A89B67F555C9AD1355E30E1C7D7BAFF8D0F50978D0A2195.jpg"></icon><desc></desc><category></category></programme><programme channel="npopolitiek" start="20230108070000 +0000" stop="20230108090000 +0000" catchup-id="69AA33BF9D8E172A924F52CED783147D"><title>Haagse politiek</title><date></date><icon src="https://images.nlziet.nl/metadataimportimages/source/2719B85543B3E2579A89B67F555C9AD1355E30E1C7D7BAFF8D0F50978D0A2195.jpg"></icon><desc></desc><category></category></programme><programme channel="npopolitiek" start="20230108090000 +0000" stop="20230108110000 +0000" catchup-id="CDDD8F55D63C8125573F5C8382133AB8"><title>Haagse politiek</title><date></date><icon src="https://images.nlziet.nl/metadataimportimages/source/2719B85543B3E2579A89B67F555C9AD1355E30E1C7D7BAFF8D0F50978D0A2195.jpg"></icon><desc></desc><category></category></programme><programme channel="npopolitiek" start="20230108110000 +0000" stop="20230108130000 +0000" catchup-id="340F2FB67600047C837EDCFF22846D1C"><title>Haagse politiek</title><date></date><icon src="https://images.nlziet.nl/metadataimportimages/source/2719B85543B3E2579A89B67F555C9AD1355E30E1C7D7BAFF8D0F50978D0A2195.jpg"></icon><desc></desc><category></category></programme><programme channel="npopolitiek" start="20230108130000 +0000" stop="20230108150000 +0000" catchup-id="B516398C48EE47D7480A90E94A0AC50F"><title>Haagse politiek</title><date></date><icon src="https://images.nlziet.nl/metadataimportimages/source/2719B85543B3E2579A89B67F555C9AD1355E30E1C7D7BAFF8D0F50978D0A2195.jpg"></icon><desc></desc><category></category></programme><programme channel="npopolitiek" start="20230108150000 +0000" stop="20230108170000 +0000" catchup-id="39C2C69052509FB827D71916961B27EA"><title>Haagse politiek</title><date></date><icon src="https://images.nlziet.nl/metadataimportimages/source/2719B85543B3E2579A89B67F555C9AD1355E30E1C7D7BAFF8D0F50978D0A2195.jpg"></icon><desc></desc><category></category></programme><programme channel="npopolitiek" start="20230108170000 +0000" stop="20230108180000 +0000" catchup-id="A440440902853A5AE47AA0B409253597"><title>Haagse politiek</title><date></date><icon src="https://images.nlziet.nl/metadataimportimages/source/2719B85543B3E2579A89B67F555C9AD1355E30E1C7D7BAFF8D0F50978D0A2195.jpg"></icon><desc></desc><category></category></programme><programme channel="npopolitiek" start="20230108180000 +0000" stop="20230108190000 +0000" catchup-id="B75DE29FEE5DA8683E8C3B08241D8662"><title>Haagse politiek</title><date></date><icon src="https://images.nlziet.nl/metadataimportimages/source/2719B85543B3E2579A89B67F555C9AD1355E30E1C7D7BAFF8D0F50978D0A2195.jpg"></icon><desc></desc><category></category></programme><programme channel="npopolitiek" start="20230108190000 +0000" stop="20230108210000 +0000" catchup-id="2418F4026F90B8DC589037E6A532EA8C"><title>Haagse politiek</title><date></date><icon src="https://images.nlziet.nl/metadataimportimages/source/2719B85543B3E2579A89B67F555C9AD1355E30E1C7D7BAFF8D0F50978D0A2195.jpg"></icon><desc></desc><category></category></programme><programme channel="npopolitiek" start="20230108210000 +0000" stop="20230108230000 +0000" catchup-id="C5E646848A41FC09778B52ED6F6A3236"><title>Haagse politiek</title><date></date><icon src="https://images.nlziet.nl/metadataimportimages/source/2719B85543B3E2579A89B67F555C9AD1355E30E1C7D7BAFF8D0F50978D0A2195.jpg"></icon><desc></desc><category></category></programme><programme channel="npopolitiek" start="20230108230000 +0000" stop="20230109010000 +0000" catchup-id="CAD23607E12A523D69AD53D6F5CBA17D"><title>Haagse politiek</title><date></date><icon src="https://images.nlziet.nl/metadataimportimages/source/2719B85543B3E2579A89B67F555C9AD1355E30E1C7D7BAFF8D0F50978D0A2195.jpg"></icon><desc></desc><category></category></programme><programme channel="npopolitiek" start="20230109010000 +0000" stop="20230109030000 +0000" catchup-id="96C60BC290A8625A764A67EEE2AF608C"><title>Haagse politiek</title><date></date><icon src="https://images.nlziet.nl/metadataimportimages/source/2719B85543B3E2579A89B67F555C9AD1355E30E1C7D7BAFF8D0F50978D0A2195.jpg"></icon><desc></desc><category></category></programme><programme channel="npopolitiek" start="20230109030000 +0000" stop="20230109050000 +0000" catchup-id="79E2E2C7FE67525257D224C03F706FBF"><title>Haagse politiek</title><date></date><icon src="https://images.nlziet.nl/metadataimportimages/source/2719B85543B3E2579A89B67F555C9AD1355E30E1C7D7BAFF8D0F50978D0A2195.jpg"></icon><desc></desc><category></category></programme><programme channel="npopolitiek" start="20230109050000 +0000" stop="20230109070000 +0000" catchup-id="046D2F8C48D296DDFBC76319414D745F"><title>Haagse politiek</title><date></date><icon src="https://images.nlziet.nl/metadataimportimages/source/2719B85543B3E2579A89B67F555C9AD1355E30E1C7D7BAFF8D0F50978D0A2195.jpg"></icon><desc></desc><category></category></programme><programme channel="npopolitiek" start="20230109070000 +0000" stop="20230109090000 +0000" catchup-id="21545F994DA5083B7F4E0D21E9EAD249"><title>Haagse politiek</title><date></date><icon src="https://images.nlziet.nl/metadataimportimages/source/2719B85543B3E2579A89B67F555C9AD1355E30E1C7D7BAFF8D0F50978D0A2195.jpg"></icon><desc></desc><category></category></programme><programme channel="npopolitiek" start="20230109090000 +0000" stop="20230109110000 +0000" catchup-id="0328EB13A21463D73F2102FCD939D87C"><title>Haagse politiek</title><date></date><icon src="https://images.nlziet.nl/metadataimportimages/source/2719B85543B3E2579A89B67F555C9AD1355E30E1C7D7BAFF8D0F50978D0A2195.jpg"></icon><desc></desc><category></category></programme><programme channel="npopolitiek" start="20230109110000 +0000" stop="20230109130000 +0000" catchup-id="A55199AC2F4F2CF2B65F460B5E617895"><title>Haagse politiek</title><date></date><icon src="https://images.nlziet.nl/metadataimportimages/source/2719B85543B3E2579A89B67F555C9AD1355E30E1C7D7BAFF8D0F50978D0A2195.jpg"></icon><desc></desc><category></category></programme><programme channel="npopolitiek" start="20230109130000 +0000" stop="20230109150000 +0000" catchup-id="57F4FDCC006BC4B2DFE8A9E499A8D11A"><title>Haagse politiek</title><date></date><icon src="https://images.nlziet.nl/metadataimportimages/source/2719B85543B3E2579A89B67F555C9AD1355E30E1C7D7BAFF8D0F50978D0A2195.jpg"></icon><desc></desc><category></category></programme><programme channel="npopolitiek" start="20230109150000 +0000" stop="20230109170000 +0000" catchup-id="9C3ACF211B35C1E5EECCE3926609C2BD"><title>Haagse politiek</title><date></date><icon src="https://images.nlziet.nl/metadataimportimages/source/2719B85543B3E2579A89B67F555C9AD1355E30E1C7D7BAFF8D0F50978D0A2195.jpg"></icon><desc></desc><category></category></programme><programme channel="npopolitiek" start="20230109170000 +0000" stop="20230109180000 +0000" catchup-id="AF30E20A512758818ECEC25AB069385A"><title>Haagse politiek</title><date></date><icon src="https://images.nlziet.nl/metadataimportimages/source/2719B85543B3E2579A89B67F555C9AD1355E30E1C7D7BAFF8D0F50978D0A2195.jpg"></icon><desc></desc><category></category></programme><programme channel="npopolitiek" start="20230109180000 +0000" stop="20230109190000 +0000" catchup-id="C5F0D36829E082B54D3AE2BA48D1A725"><title>Haagse politiek</title><date></date><icon src="https://images.nlziet.nl/metadataimportimages/source/2719B85543B3E2579A89B67F555C9AD1355E30E1C7D7BAFF8D0F50978D0A2195.jpg"></icon><desc></desc><category></category></programme><programme channel="npopolitiek" start="20230109190000 +0000" stop="20230109210000 +0000" catchup-id="9901205B3B7BD9FC68E7FD2077A84E8B"><title>Haagse politiek</title><date></date><icon src="https://images.nlziet.nl/metadataimportimages/source/2719B85543B3E2579A89B67F555C9AD1355E30E1C7D7BAFF8D0F50978D0A2195.jpg"></icon><desc></desc><category></category></programme><programme channel="npopolitiek" start="20230109210000 +0000" stop="20230109230000 +0000" catchup-id="40CBFD5C54E0AA13C97DECC59830C28B"><title>Haagse politiek</title><date></date><icon src="https://images.nlziet.nl/metadataimportimages/source/2719B85543B3E2579A89B67F555C9AD1355E30E1C7D7BAFF8D0F50978D0A2195.jpg"></icon><desc></desc><category></category></programme>