<programme channel="sbs9" start="20221228234810 +0000" stop="20221229003949 +0000" catchup-id="507AD9DB8BC67197535E867D1BE6B697"><title>Death in Paradise</title><date></date><icon src="https://images.nlziet.nl/metadataimportimages/source/ACF62EF2B2E094D5A322A983DF363979FB090527DFB75594B085CE0D59B6DD0E.jpg"></icon><desc>De rolstoelgebonden June Anderson wordt gewurgd in de villa die ze samen met haar echtgenoot Doug en zus Janice huurt. Hoewel Janice haar begunstigde is en geen alibi heeft, vermoedt Poole dat Doug de moordenaar is. Doug is een voormalige collega waarvan Poole weet dat hij corrupt en alcoholist is. Ondertussen geeft schoonmaakster Estelle toe dat ze June's juwelen heeft gestolen. De zaak wordt ingewikkelder wanneer Janice een van de twee mannen die het verhuurbedrijf bezitten ziet wegrennen van de plaats van de moord. Er wordt snel iemand gearresteerd, maar Poole vermoedt dat de moord op June mogelijk verband houdt met een moord in Engeland.</desc><category></category></programme><programme channel="sbs9" start="20221229003949 +0000" stop="20221229030954 +0000" catchup-id="ADED77260A11E34F1A116C42CBA52329"><title>Tommy Teleshopping</title><date></date><icon src="https://images.nlziet.nl/metadataimportimages/source/C7CE3D866678A1F607FA45B35259849DEC12828026C3B42D0237C80C05DFA810.jpg"></icon><desc>Thuiswinkelprogramma</desc><category></category></programme><programme channel="sbs9" start="20221229030954 +0000" stop="20221229045201 +0000" catchup-id="8EDC02E678E2125C1EF773D6B47E0017"><title>Loop: Hart van Nederland</title><date></date><icon src="https://images.nlziet.nl/metadataimportimages/source/45D4AEB006E9582C507AD1CDE8BF720515C090E362599F28E1D627B0D30DD091.jpg"></icon><desc>Het nieuws van Nederland. Mis niets van het gesprek van de dag</desc><category></category></programme><programme channel="sbs9" start="20221229045201 +0000" stop="20221229055902 +0000" catchup-id="2E03204CB82E2EFBC87839C235EE1B7C"><title>Loop: Hart van Nederland</title><date></date><icon src="https://images.nlziet.nl/metadataimportimages/source/45D4AEB006E9582C507AD1CDE8BF720515C090E362599F28E1D627B0D30DD091.jpg"></icon><desc></desc><category></category></programme><programme channel="sbs9" start="20221229055902 +0000" stop="20221229134638 +0000" catchup-id="885871B3967F238BE0993CCED7114C5D"><title>TV Winkel</title><date></date><icon src="https://images.nlziet.nl/metadataimportimages/source/C7CE3D866678A1F607FA45B35259849DEC12828026C3B42D0237C80C05DFA810.jpg"></icon><desc>Homeshoppingprogramma.</desc><category></category></programme><programme channel="sbs9" start="20221229134638 +0000" stop="20221229140740 +0000" catchup-id="F123E6E39ABA7AF2FE3325DF199B3FDA"><title>TV Winkel</title><date></date><icon src="https://images.nlziet.nl/metadataimportimages/source/C7CE3D866678A1F607FA45B35259849DEC12828026C3B42D0237C80C05DFA810.jpg"></icon><desc>Homeshoppingprogramma.</desc><category></category></programme><programme channel="sbs9" start="20221229140740 +0000" stop="20221229150416 +0000" catchup-id="2DDB67B64A9FDE0BAB74D7606BE492A5"><title>Huizenjacht</title><date></date><icon src="https://images.nlziet.nl/metadataimportimages/source/D2473E77D398D272047F674148BBBFF1CB12E8719453A59AE599073516F39DB2.jpg"></icon><desc>Huizenzoekers worden geholpen bij de zoektocht naar hun droomhuis.</desc><category></category></programme><programme channel="sbs9" start="20221229150416 +0000" stop="20221229155904 +0000" catchup-id="87E4FC52ACCFE09D47B1F5680B041F55"><title>The Doctors</title><date></date><icon src="https://images.nlziet.nl/metadataimportimages/source/80136F13AAAD0B1964F95CFC1AE500F891E74CC66AFC333AD9DEF8D3CF269C28.jpg"></icon><desc>Peutervechtclub? Gaat een gemeenschappelijke behandeling voor miljoenen Amerikanen meer kwaad dan goed doen? Judge Judy's officier Byrd is terug met een gezondheidsupdate!</desc><category></category></programme><programme channel="sbs9" start="20221229155904 +0000" stop="20221229162539 +0000" catchup-id="EAE100E7024E4BCEFFBE29FA02D5774C"><title>Judge Jerry</title><date></date><icon src="https://images.nlziet.nl/metadataimportimages/source/80656B11F4C3C7EC1748BF6DFB8B6FE6944222130043CCAE1D84C07C1E027B60.jpg"></icon><desc>Een moeder zoekt gerechtigheid voor haar overleden dochter, wanneer ze beweert dat haar schoonzoon geld van de bankrekening van haar dochter heeft gestolen. Maar de schoonzoon beweert dat het een gezamenlijke bankrekening was en zijn schoonmoeder geen cent verschuldigd is. In de tweede zaak liep een romance op social media stuk. De eiser stelt dat zij zodra hij de relatie met de beklaagde verbrak zijn identiteit stal. Maar de beklaagde beweert dat de eiser meerdere vriendinnen had en geen bewijs is van de vermeende identiteitsdiefstal.</desc><category></category></programme><programme channel="sbs9" start="20221229162539 +0000" stop="20221229165215 +0000" catchup-id="DC308480AA280D18BEBFFF2D3A62BBA1"><title>Judge Jerry</title><date></date><icon src="https://images.nlziet.nl/metadataimportimages/source/80656B11F4C3C7EC1748BF6DFB8B6FE6944222130043CCAE1D84C07C1E027B60.jpg"></icon><desc>De hond van een vrouw werd aangevallen door een pitbull en stierf. Ze heeft nu rekeningen van de dierenarts en is ontroostbaar. Ze hoopt gerechtigheid te krijgen voor haar huisdier en klaagt de beklaagde aan voor de vermeende aanval en beweert dat de pitbull van de beklaagde niet aangelijnd was. In de tweede zaak zit een voormalig echtpaar in de rechtbank als de eiser beweert dat haar ex-vriend haar pinpas heeft gestolen terwijl ze vastzat. De ex-vriend beweert dat hij nooit van haar zou stelen en gebruikte de pinpas om huur, eten en andere rekeningen te betalen.</desc><category></category></programme><programme channel="sbs9" start="20221229165215 +0000" stop="20221229171842 +0000" catchup-id="1864569BF882884D885CD416BB8EB2AA"><title>Judge Jerry</title><date></date><icon src="https://images.nlziet.nl/metadataimportimages/source/80656B11F4C3C7EC1748BF6DFB8B6FE6944222130043CCAE1D84C07C1E027B60.jpg"></icon><desc>Een verhuurder klaagt zijn huurders aan wegens onbetaalde huur en reparaties. Maar de beklaagden beweren dat hij het pand onder valse voorwendselen heeft verhuurd en hen heeft misleid over voorzieningen en de kosten van nutsvoorzieningen. In de tweede zaak zijn twee voormalige vrienden verwikkeld in een juridisch geschil over een lening. De eiser zegt dat ze haar voormalig beste vriend $ 300 leende. Terwijl de gedaagde ermee instemde om de lening terug te betalen, stelt hij dat de eiser de lening heeft kwijtgescholden toen hij zijn baan verloor.</desc><category></category></programme><programme channel="sbs9" start="20221229171842 +0000" stop="20221229174615 +0000" catchup-id="802A5C722C34DDFF002669B9C1EDFBDE"><title>Judge Jerry</title><date></date><icon src="https://images.nlziet.nl/metadataimportimages/source/80656B11F4C3C7EC1748BF6DFB8B6FE6944222130043CCAE1D84C07C1E027B60.jpg"></icon><desc>Een vrouw kocht een pick-up die ze online had gevonden. Ze ontdekte enkele maanden na de verkoop dat de pick-up was gestolen. De beklaagde houdt echter vol dat hij het voertuig tien jaar in bezit had en dat er nooit problemen waren. In de tweede zaak beweert een vrouw dat ze haar nicht $ 1.600 heeft geleend voor huur en eten en het gevoel heeft dat ze is opgelicht. Maar de gedaagde zegt dat de eiser haar heeft vergeven.</desc><category></category></programme><programme channel="sbs9" start="20221229174615 +0000" stop="20221229181704 +0000" catchup-id="9BADF3013BD8D8247FBEACEA7220C2F6"><title>Wilde dieren in Wildlands</title><date></date><icon src="https://images.nlziet.nl/metadataimportimages/source/3FA58A5192805854EDE7167359E2B5A4C0BD5DA8E3F2F315344D6060483E741F.jpg"></icon><desc>Drie succesvolle Nederlandse natuurfilmers leggen het gedrag van de dieren in Wildlands Adventure Zoo Emmen vast.</desc><category></category></programme><programme channel="sbs9" start="20221229181704 +0000" stop="20221229182712 +0000" catchup-id="8FC957EC3CD0295CCC44877EBD6FDEAF"><title>BBC Wildlife: Africa - The Making of</title><date></date><icon src="https://images.nlziet.nl/metadataimportimages/source/8E5E71D3C01F95C6C7E76882F0F4600432F060B64430D87CF76989E19E697DBA.jpg"></icon><desc>Een kijkje achter de schermen hoe de aflevering 'Savanne' is gemaakt.</desc><category></category></programme><programme channel="sbs9" start="20221229182712 +0000" stop="20221229193020 +0000" catchup-id="A860B1B400FC544E5C4CBE3D2AC2BF98"><title>BBC Wildlife: Africa</title><date></date><icon src="https://images.nlziet.nl/metadataimportimages/source/E3A381F6614F6D7215DC02F376859E6D30D67E738D3E4BBCD485717A7BC19F32.jpg"></icon><desc>David Attenborough maakt een adembenemende reis door Afrika. Hij kijkt naar het constant veranderende landschap van Oost-Afrika en dieren die nergens anders op aarde te vinden zijn.</desc><category></category></programme><programme channel="sbs9" start="20221229193020 +0000" stop="20221229202554 +0000" catchup-id="B34C1741E9C92A757D75968E7B6E3E8E"><title>S.W.A.T.</title><date></date><icon src="https://images.nlziet.nl/metadataimportimages/source/A6BF0C2A5D4564493B78E08A0F59A420C8AD937890C3B09E2B520CDB8410B4CD.jpg"></icon><desc>Wanneer een reeks dodelijke explosies enkele boortorens in Los Angeles treft, gaat het team op jacht naar een activist, die nu als terrorist wordt bestempeld. Deacon en zijn vrouw proberen een bekeerde drugsdealer te bevrijden die volgens hen vals beschuldigd is voor moord.</desc><category></category></programme><programme channel="sbs9" start="20221229202554 +0000" stop="20221229212125 +0000" catchup-id="F496027A3E060ED1DCEB0D96A2ADFB14"><title>S.W.A.T.</title><date></date><icon src="https://images.nlziet.nl/metadataimportimages/source/A6BF0C2A5D4564493B78E08A0F59A420C8AD937890C3B09E2B520CDB8410B4CD.jpg"></icon><desc>Hicks is getuige van de moord op een oude vriend. Het team gaat haastig op zoek naar de dader en zijn motief. Luca probeert zijn broer te helpen nadat hij is gearresteerd.</desc><category></category></programme><programme channel="sbs9" start="20221229212125 +0000" stop="20221229220838 +0000" catchup-id="62886A571946D925721D20692CB75B7B"><title>S.W.A.T.</title><date></date><icon src="https://images.nlziet.nl/metadataimportimages/source/A6BF0C2A5D4564493B78E08A0F59A420C8AD937890C3B09E2B520CDB8410B4CD.jpg"></icon><desc>Een vliegtuig wordt gekaapt met Street en de gevaarlijke gevangene die hij vervoert erin. Het SWAT-team haast zich om zowel de onschuldige passagiers aan boord te redden als hun teamlid. Hondo zet een grote stap in zijn relatie met Nichelle.</desc><category></category></programme><programme channel="sbs9" start="20221229220838 +0000" stop="20221229230437 +0000" catchup-id="E51DE7BA6D73D71D298613C4AD7250A0"><title>Elementary</title><date></date><icon src="https://images.nlziet.nl/metadataimportimages/source/8B300654004674C734A40D6F43FB5AE1D1D510924F8E893C0D7CB008DA5FB479.jpg"></icon><desc>Holmes en Watson vechten met techmiljardair Odin Reichenbach en krijgen bericht over hun oude vijand en Sherlocks voormalige liefde, Jamie Moriarty.</desc><category></category></programme><programme channel="sbs9" start="20221229230437 +0000" stop="20221229235818 +0000" catchup-id="D649B8976E8D78A53D5470EB3E620A63"><title>S.W.A.T.</title><date></date><icon src="https://images.nlziet.nl/metadataimportimages/source/A6BF0C2A5D4564493B78E08A0F59A420C8AD937890C3B09E2B520CDB8410B4CD.jpg"></icon><desc>Wanneer een reeks dodelijke explosies enkele boortorens in Los Angeles treft, gaat het team op jacht naar een activist, die nu als terrorist wordt bestempeld. Deacon en zijn vrouw proberen een bekeerde drugsdealer te bevrijden die volgens hen vals beschuldigd is voor moord.</desc><category></category></programme><programme channel="sbs9" start="20221229235818 +0000" stop="20221230022823 +0000" catchup-id="FF52463FE263D4C40AAA995BD79B4FF7"><title>Tommy Teleshopping</title><date></date><icon src="https://images.nlziet.nl/metadataimportimages/source/C7CE3D866678A1F607FA45B35259849DEC12828026C3B42D0237C80C05DFA810.jpg"></icon><desc>Thuiswinkelprogramma</desc><category></category></programme><programme channel="sbs9" start="20221230022823 +0000" stop="20221230045334 +0000" catchup-id="617F373D3E9336B3C1BDB7AF3969F099"><title>Loop: Hart van Nederland</title><date></date><icon src="https://images.nlziet.nl/metadataimportimages/source/45D4AEB006E9582C507AD1CDE8BF720515C090E362599F28E1D627B0D30DD091.jpg"></icon><desc>Het nieuws van Nederland. Mis niets van het gesprek van de dag</desc><category></category></programme><programme channel="sbs9" start="20221230045334 +0000" stop="20221230055911 +0000" catchup-id="57AB608058B4DFE406D6F60498F9BFF8"><title>Loop: Hart van Nederland</title><date></date><icon src="https://images.nlziet.nl/metadataimportimages/source/45D4AEB006E9582C507AD1CDE8BF720515C090E362599F28E1D627B0D30DD091.jpg"></icon><desc></desc><category></category></programme><programme channel="sbs9" start="20221230055911 +0000" stop="20221230140722 +0000" catchup-id="24BE3477DDA67452384B2226CDA22A48"><title>TV Winkel</title><date></date><icon src="https://images.nlziet.nl/metadataimportimages/source/C7CE3D866678A1F607FA45B35259849DEC12828026C3B42D0237C80C05DFA810.jpg"></icon><desc>Homeshoppingprogramma.</desc><category></category></programme><programme channel="sbs9" start="20221230140722 +0000" stop="20221230150433 +0000" catchup-id="557EBB4F6F7C9ADF995ABF78AA9A8791"><title>Huizenjacht</title><date></date><icon src="https://images.nlziet.nl/metadataimportimages/source/D2473E77D398D272047F674148BBBFF1CB12E8719453A59AE599073516F39DB2.jpg"></icon><desc>Huizenzoekers worden geholpen bij de zoektocht naar hun droomhuis.</desc><category></category></programme><programme channel="sbs9" start="20221230150433 +0000" stop="20221230155926 +0000" catchup-id="D383A0C17E7E38A1C089FEADB8567EC6"><title>The Doctors</title><date></date><icon src="https://images.nlziet.nl/metadataimportimages/source/80136F13AAAD0B1964F95CFC1AE500F891E74CC66AFC333AD9DEF8D3CF269C28.jpg"></icon><desc>Het vleesdebat. Wat is intimiteit anorexia? Kan schaamhaarcrème er voor zorgen dat het haar juist teruggroeit?</desc><category></category></programme><programme channel="sbs9" start="20221230155926 +0000" stop="20221230162508 +0000" catchup-id="CB6CE7517AD23B745853FC5D8FC3ABE3"><title>Judge Jerry</title><date></date><icon src="https://images.nlziet.nl/metadataimportimages/source/80656B11F4C3C7EC1748BF6DFB8B6FE6944222130043CCAE1D84C07C1E027B60.jpg"></icon><desc>Een verhuurder klaagt zijn huurders aan wegens onbetaalde huur en reparaties. Maar de beklaagden beweren dat hij het pand onder valse voorwendselen heeft verhuurd en hen heeft misleid over voorzieningen en de kosten van nutsvoorzieningen. In de tweede zaak zijn twee voormalige vrienden verwikkeld in een juridisch geschil over een lening. De eiser zegt dat ze haar voormalig beste vriend $ 300 leende. Terwijl de gedaagde ermee instemde om de lening terug te betalen, stelt hij dat de eiser de lening heeft kwijtgescholden toen hij zijn baan verloor.</desc><category></category></programme><programme channel="sbs9" start="20221230162508 +0000" stop="20221230165144 +0000" catchup-id="C9860C3A81FC1BE15B7C38D1FF8C5FF3"><title>Judge Jerry</title><date></date><icon src="https://images.nlziet.nl/metadataimportimages/source/80656B11F4C3C7EC1748BF6DFB8B6FE6944222130043CCAE1D84C07C1E027B60.jpg"></icon><desc>Een vrouw kocht een pick-up die ze online had gevonden. Ze ontdekte enkele maanden na de verkoop dat de pick-up was gestolen. De beklaagde houdt echter vol dat hij het voertuig tien jaar in bezit had en dat er nooit problemen waren. In de tweede zaak beweert een vrouw dat ze haar nicht $ 1.600 heeft geleend voor huur en eten en het gevoel heeft dat ze is opgelicht. Maar de gedaagde zegt dat de eiser haar heeft vergeven.</desc><category></category></programme><programme channel="sbs9" start="20221230165144 +0000" stop="20221230171127 +0000" catchup-id="A85EA78C05B9F1974CF376FB9191B3FA"><title>Judge Jerry</title><date></date><icon src="https://images.nlziet.nl/metadataimportimages/source/80656B11F4C3C7EC1748BF6DFB8B6FE6944222130043CCAE1D84C07C1E027B60.jpg"></icon><desc>In de eerste zaak hebben de eisers de gedaagde geld geleend om zijn onderneming te ondersteunen. Maar nu het bedrijf niet meer bestaat en de gedaagde de lening niet terugbetaalt, voelen ze zich bedrogen. In de tweede zaak beweert een verhuurder dat zijn voormalige huurder zijn huurwoning heeft vernield en eist de onbetaalde huur en schadevergoeding. De beklaagde beweert dat als gevolg van haar verzoek om te verhuizen, haar man zichzelf ernstig verwondde en eist geld voor een waterrekening en verhuiskosten.</desc><category></category></programme><programme channel="sbs9" start="20221230171127 +0000" stop="20221230173756 +0000" catchup-id="E1A81E5A678CE88C544DD45087AA548C"><title>Judge Jerry</title><date></date><icon src="https://images.nlziet.nl/metadataimportimages/source/80656B11F4C3C7EC1748BF6DFB8B6FE6944222130043CCAE1D84C07C1E027B60.jpg"></icon><desc>Een eiser is vreselijk ontzet van het werk dat de kapper heeft geleverd. Maar de beklaagde beweert dat ze precies deed wat haar werd gevraagd. In de tweede zaak beweert een vrouw dat ze van achteren werd aangereden, waardoor ze haar auto moet laten repareren. Maar de gedaagden beweren dat hun voertuig nooit contact heeft gemaakt met de auto van de eiser.</desc><category></category></programme><programme channel="sbs9" start="20221230173756 +0000" stop="20221230181643 +0000" catchup-id="2DB5A7CF30348260149E1CF52C19D093"><title>Wilde dieren in Wildlands</title><date></date><icon src="https://images.nlziet.nl/metadataimportimages/source/8F6D0AF97F1071AD174E61C137B181E2DD2DE48817A819E294E6218307DB0853.jpg"></icon><desc>Drie succesvolle Nederlandse natuurfilmers leggen het gedrag van de dieren in Wildlands Adventure Zoo Emmen vast.</desc><category></category></programme><programme channel="sbs9" start="20221230181643 +0000" stop="20221230182538 +0000" catchup-id="0A4CE462653BE063A46C3F1974FECC49"><title>BBC Wildlife: Africa - The Making of</title><date></date><icon src="https://images.nlziet.nl/metadataimportimages/source/8E5E71D3C01F95C6C7E76882F0F4600432F060B64430D87CF76989E19E697DBA.jpg"></icon><desc>Een kijkje achter de schermen hoe de aflevering 'Kongo' is gemaakt.</desc><category></category></programme><programme channel="sbs9" start="20221230182538 +0000" stop="20221230193021 +0000" catchup-id="5381D691F68E1846EF06B7CE91141EE5"><title>BBC Wildlife: Africa</title><date></date><icon src="https://images.nlziet.nl/metadataimportimages/source/E3A381F6614F6D7215DC02F376859E6D30D67E738D3E4BBCD485717A7BC19F32.jpg"></icon><desc>In Congo moeten dieren sterk in hun schoenen staan en vechten voor hun plek om de stevige concurrentie het hoofd bieden.</desc><category></category></programme><programme channel="sbs9" start="20221230193021 +0000" stop="20221230211719 +0000" catchup-id="FDD830DE058E1C7E22E81EEE2C14F341"><title>Sincerely, Yours, Truly</title><date></date><icon src="https://images.nlziet.nl/metadataimportimages/source/D601E0EF3E057A4303712B7201B32B2F4018F2BBB272DB0743A967C1701372B4.jpg"></icon><desc>Hayley stuit op een stapel brieven en een verlovingsring in haar nieuwe appartement. Ze besluit de afzender te beantwoorden. Anoniem beantwoorden ze elkaars brieven en groeien ze naar elkaar toe.</desc><category></category></programme><programme channel="sbs9" start="20221230211719 +0000" stop="20221230225754 +0000" catchup-id="C32D56C196EDA01D41DD1A77C8EF9539"><title>Starting Up Love</title><date></date><icon src="https://images.nlziet.nl/metadataimportimages/source/1F5F86F696B01B1528F8B377659411E0DE9615C4A5CACF20A6A1B2DB240F4B9A.jpg"></icon><desc>Wanneer de rijke oom van workaholic Jillian is overleden, erft ze zijn vakantiehuisje samen met de knappe huisbewaarder Liam.</desc><category></category></programme><programme channel="sbs9" start="20221230225754 +0000" stop="20221231003330 +0000" catchup-id="69E289F071BB5DADD2DE1B8CCC3B7881"><title>Sincerely, Yours, Truly</title><date></date><icon src="https://images.nlziet.nl/metadataimportimages/source/D601E0EF3E057A4303712B7201B32B2F4018F2BBB272DB0743A967C1701372B4.jpg"></icon><desc>Hayley stuit op een stapel brieven en een verlovingsring in haar nieuwe appartement. Ze besluit de afzender te beantwoorden. Anoniem beantwoorden ze elkaars brieven en groeien ze naar elkaar toe.</desc><category></category></programme><programme channel="sbs9" start="20221231003330 +0000" stop="20221231030335 +0000" catchup-id="81FAFDF31FF6BC01D06AD2C97221A5B3"><title>Tommy Teleshopping</title><date></date><icon src="https://images.nlziet.nl/metadataimportimages/source/C7CE3D866678A1F607FA45B35259849DEC12828026C3B42D0237C80C05DFA810.jpg"></icon><desc>Thuiswinkelprogramma</desc><category></category></programme><programme channel="sbs9" start="20221231030335 +0000" stop="20221231045944 +0000" catchup-id="D7698795574E8F23069AB1931F9E4427"><title>Loop: Hart van Nederland</title><date></date><icon src="https://images.nlziet.nl/metadataimportimages/source/45D4AEB006E9582C507AD1CDE8BF720515C090E362599F28E1D627B0D30DD091.jpg"></icon><desc>Het nieuws van Nederland. Mis niets van het gesprek van de dag</desc><category></category></programme><programme channel="sbs9" start="20221231045944 +0000" stop="20221231060011 +0000" catchup-id="330CEA95ED9A7B350D57A1B02F20047E"><title>Loop: Hart van Nederland</title><date></date><icon src="https://images.nlziet.nl/metadataimportimages/source/45D4AEB006E9582C507AD1CDE8BF720515C090E362599F28E1D627B0D30DD091.jpg"></icon><desc>Het nieuws van Nederland. Mis niets van het gesprek van de dag</desc><category></category></programme><programme channel="sbs9" start="20221231060011 +0000" stop="20221231135956 +0000" catchup-id="069A33723041EAFE7CC0396DCA0EA2E1"><title>TV Winkel</title><date></date><icon src="https://images.nlziet.nl/metadataimportimages/source/C7CE3D866678A1F607FA45B35259849DEC12828026C3B42D0237C80C05DFA810.jpg"></icon><desc>Homeshoppingprogramma.</desc><category></category></programme><programme channel="sbs9" start="20221231135956 +0000" stop="20221231150601 +0000" catchup-id="0CB88AF532FBC9E1B8A36DD4B21EAAA1"><title>De Grote Tuinverbouwing</title><date></date><icon src="https://images.nlziet.nl/metadataimportimages/source/EA09ED5814E8BCDA13B9F34FC6052CC31F9AB5F37A26A122E6FD22AD02FC162B.jpg"></icon><desc>Een winterse aflevering tijdens het Zandsculpturenfestijn van de Beeldentuin in Garderen. Ivo maakt een winterwonderland. Djamilla tovert een nog kale slaapkamer en tuinkamer om in een knus verblijf. Rens laat zien hoe je van kliekjes een nieuw smaakvol gerecht maakt.</desc><category></category></programme><programme channel="sbs9" start="20221231150601 +0000" stop="20221231155315 +0000" catchup-id="54B47C2E5B655053DDB550BF9CE9CBC1"><title>Huizenjacht</title><date></date><icon src="https://images.nlziet.nl/metadataimportimages/source/D2473E77D398D272047F674148BBBFF1CB12E8719453A59AE599073516F39DB2.jpg"></icon><desc>Huizenzoekers worden geholpen bij de zoektocht naar hun droomhuis.</desc><category></category></programme><programme channel="sbs9" start="20221231155315 +0000" stop="20221231162452 +0000" catchup-id="7FC5308AB05793FB1D5FED8920E70DD1"><title>De Helden van Nu</title><date></date><icon src="https://images.nlziet.nl/metadataimportimages/source/FC45788C86E99D6A27D5AFE0BFFF4DD02803A9236A29FFF0FBB28E424E231FA0.jpg"></icon><desc>Helden zijn mensen die het verschil maken in de samenleving. Kevin en Nance komen deze helden tegen in de zorg, het onderwijs, de techniek, ICT en voedingsindustrie.</desc><category></category></programme><programme channel="sbs9" start="20221231162452 +0000" stop="20221231165640 +0000" catchup-id="484481303878C06E5FD4066592823E52"><title>Dieren op Spreekuur</title><date></date><icon src="https://images.nlziet.nl/metadataimportimages/source/904541E90DE87C422FDEAFFBB48178FA34352FE8CD0F0B12BD314EB783CE78A7.jpg"></icon><desc>Het is nooit rustig bij de dierenarts. Met in dit seizoen o.a.: verschillende honden en katten die bang zijn voor 'de witte jassen', in de steek gelaten geiten en zelfs aapjes brengen een bezoek aan de kliniek.</desc><category></category></programme><programme channel="sbs9" start="20221231165640 +0000" stop="20221231172713 +0000" catchup-id="97E01A3AD61206FD2F71E81D33AB3015"><title>Wilde dieren in Wildlands</title><date></date><icon src="https://images.nlziet.nl/metadataimportimages/source/221E92CAE483A3CC3FE2F07E92CF9DBA019564CBBCC139F4045809CAEFD2475F.jpg"></icon><desc>Drie succesvolle Nederlandse natuurfilmers leggen het gedrag van de dieren in Wildlands Adventure Zoo Emmen vast.</desc><category></category></programme><programme channel="sbs9" start="20221231172713 +0000" stop="20221231175909 +0000" catchup-id="5E8E93290B93C2121C1BBAC2973CBAC2"><title>Drukte in de Dierentuin</title><date></date><icon src="https://images.nlziet.nl/metadataimportimages/source/7273E44A42B84AD77E8C5E41F4C434F05162E3202C85CBAFC15019FEDF9FF255.jpg"></icon><desc>Het personeel in de dierentuin wordt gevolgd bij de meest uiteenlopende werkzaamheden en alles wat daaromheen gebeurt.</desc><category></category></programme><programme channel="sbs9" start="20221231175909 +0000" stop="20221231182945 +0000" catchup-id="65FABBD2D49CFF5494648C9CC4D02566"><title>Beestengeluk</title><date></date><icon src="https://images.nlziet.nl/metadataimportimages/source/B6591A9051FBE66AFC4855300374752319DF0493B2AA02C0A07AFB928C0B80E3.jpg"></icon><desc>Piet Hellemans en Airen Mylene helpen dit keer Sanne en haar huisgenoten. Ze willen graag een vis en zoeken deze in een vissenasiel in Delft.</desc><category></category></programme><programme channel="sbs9" start="20221231182945 +0000" stop="20221231193024 +0000" catchup-id="FBCA8532CA32244BA043272217BAED38"><title>vtwonen weer verliefd op je huis</title><date></date><icon src="https://images.nlziet.nl/metadataimportimages/source/DF27B953737B8A734CDC1B9A0BB65C63684667DD417EFCB62564901974E96AF9.jpg"></icon><desc>Fleurie en John wonen met hun drie kinderen in Aalsmeer. Ze hebben een pittige tijd achter de rug waardoor het interieur de afgelopen jaren tot stilstand is gekomen. Ook liggen de stijlen van het koppel ver uit elkaar. Zij houdt van vintage en kan niets wegdoen, terwijl hij juist van strak houdt. Ze willen van alles doen aan hun twee-onder-een-kapwoning, maar weten niet waar te beginnen.</desc><category></category></programme><programme channel="sbs9" start="20221231193024 +0000" stop="20221231235712 +0000" catchup-id="DE157D934CE59AFA1D00D866D75E2580"><title>Gone with the Wind</title><date></date><icon src="https://images.nlziet.nl/metadataimportimages/source/8CDC1BDCBA65BD3BB1C7F4E62AB43F75D842D9F245EAFA3DD93F0100C0A2A2F5.jpg"></icon><desc>Scarlett, de manipulatieve dochter van een plantage-eigenaar in Georgia, heeft een turbulente romance met een profiteur Ashley tijdens de Amerikaanse Burgeroorlog. Hij is echter verloofd met Melanie.</desc><category></category></programme><programme channel="sbs9" start="20221231235712 +0000" stop="20230101031855 +0000" catchup-id="BA75F838C1F3A4C51E3AD377F51BAC0D"><title>Death in Paradise</title><date></date><icon src="https://images.nlziet.nl/metadataimportimages/source/ACF62EF2B2E094D5A322A983DF363979FB090527DFB75594B085CE0D59B6DD0E.jpg"></icon><desc>Terwijl het eiland zich voorbereidt op een orkaan, wordt het lijk van Leo Downs, een meteorologisch onderzoeker van de universiteit, gevonden. Alle verdachten lijken een waterdicht alibi te hebben.</desc><category></category></programme><programme channel="sbs9" start="20230101031855 +0000" stop="20230101040147 +0000" catchup-id="EEF8A6D73056F88CA84017A6CA50AB50"><title>Huizenjacht</title><date></date><icon src="https://images.nlziet.nl/metadataimportimages/source/D2473E77D398D272047F674148BBBFF1CB12E8719453A59AE599073516F39DB2.jpg"></icon><desc>Huizenzoekers worden geholpen bij de zoektocht naar hun droomhuis.</desc><category></category></programme><programme channel="sbs9" start="20230101040147 +0000" stop="20230101044404 +0000" catchup-id="650AB5FC9C34E3A18324D90BAD05C0C2"><title>Huizenjacht</title><date></date><icon src="https://images.nlziet.nl/metadataimportimages/source/D2473E77D398D272047F674148BBBFF1CB12E8719453A59AE599073516F39DB2.jpg"></icon><desc>Huizenzoekers worden geholpen bij de zoektocht naar hun droomhuis.</desc><category></category></programme><programme channel="sbs9" start="20230101044404 +0000" stop="20230101055954 +0000" catchup-id="543A337BA3737DBA8141DBED2A4E6BE1"><title>Huizenjacht</title><date></date><icon src="https://images.nlziet.nl/metadataimportimages/source/D2473E77D398D272047F674148BBBFF1CB12E8719453A59AE599073516F39DB2.jpg"></icon><desc>Huizenzoekers worden geholpen bij de zoektocht naar hun droomhuis.</desc><category></category></programme><programme channel="sbs9" start="20230101055954 +0000" stop="20230101134508 +0000" catchup-id="2882F4F6246181AD8FAAF8850F89C9BD"><title>TV Winkel</title><date></date><icon src="https://images.nlziet.nl/metadataimportimages/source/C7CE3D866678A1F607FA45B35259849DEC12828026C3B42D0237C80C05DFA810.jpg"></icon><desc>Homeshoppingprogramma.</desc><category></category></programme><programme channel="sbs9" start="20230101134508 +0000" stop="20230101142855 +0000" catchup-id="976DFEA205F2221D0471AFB55A87086E"><title>TV Winkel</title><date></date><icon src="https://images.nlziet.nl/metadataimportimages/source/C7CE3D866678A1F607FA45B35259849DEC12828026C3B42D0237C80C05DFA810.jpg"></icon><desc>Homeshoppingprogramma.</desc><category></category></programme><programme channel="sbs9" start="20230101142855 +0000" stop="20230101152455 +0000" catchup-id="F7A8896750498C60E0F482456DE8E802"><title>The Doctors</title><date></date><icon src="https://images.nlziet.nl/metadataimportimages/source/80136F13AAAD0B1964F95CFC1AE500F891E74CC66AFC333AD9DEF8D3CF269C28.jpg"></icon><desc>Programmabeschrijving niet beschikbaar</desc><category></category></programme><programme channel="sbs9" start="20230101152455 +0000" stop="20230101155307 +0000" catchup-id="A7FFD489BFBE7989DD226FFF79C1B856"><title>Wall of Sound</title><date></date><icon src="https://images.nlziet.nl/metadataimportimages/source/6912EC8DAEA09F72E89A988F7EF1BE007CADF50587039359BE710F7B22BA66D9.jpg"></icon><desc>Rock, Pop, RnB, Indie, Dance of Urban, Wall of Sound is het nieuwe wekelijks muziekmagazine die fans op de hoogte houdt van Nederlandse en internationale artiesten. Wie is de nieuwe popsensatie? Welke track of album komt binnenkort uit? We zijn op de set bij opnames van een videoclip en doen verslag vanaf één van je favoriete festivals.</desc><category></category></programme><programme channel="sbs9" start="20230101155307 +0000" stop="20230101173931 +0000" catchup-id="187C76574FB223DE935020842E9AD883"><title>Love's Second Chance</title><date></date><icon src="https://images.nlziet.nl/metadataimportimages/source/9C3ACFF19E690A85F6C035E144E01C344780F473C4146EF6B0141F6242CF8F54.jpg"></icon><desc>Als Rose de vintage kledingwinkel van haar grootmoeder erft, keert ze terug naar haar geboorteplaats. Daar komt ze haar oude liefde tegen en beseft dat niet alleen de winkel een tweede kans verdient.</desc><category></category></programme><programme channel="sbs9" start="20230101173931 +0000" stop="20230101183451 +0000" catchup-id="7F2F41D79FC4C026B083CFE48DDFCB45"><title>Grey's Anatomy</title><date></date><icon src="https://images.nlziet.nl/metadataimportimages/source/5EC5A2B8D58DA53610248A69AE6FBD8B94C067FFE6B813D279D38296036A9D58.jpg"></icon><desc>Meredith, Richard en Alex moeten de gevolgen onder ogen zien nadat Bailey hen ontslaat vanwege verzekeringsfraude. Nadat hij in de mist verdween, helpt Jackson een man in een gevaarlijke situatie en Tom krijgt nieuwe verantwoordelijkheden in het ziekenhuis.</desc><category></category></programme><programme channel="sbs9" start="20230101183451 +0000" stop="20230101193012 +0000" catchup-id="1FD16AECA72225554A70D300E4D160D9"><title>Grey's Anatomy</title><date></date><icon src="https://images.nlziet.nl/metadataimportimages/source/E633291EADE89E2283F6FA2D299F22A6E4416528FF02F9CCC83E987A73FF83F6.jpg"></icon><desc>De artsen opereren een man die tegen Maggie's auto is gebotst. Owen is terug van vaderschapsverlof en worstelt met Toms nieuwe functie. Ondertussen weerhoudt het recente ontslag van Meredith haar er niet van de mensen om haar heen te diagnosticeren. Richard en Alex beginnen opnieuw en dat is niet makkelijk.</desc><category></category></programme><programme channel="sbs9" start="20230101193012 +0000" stop="20230101211336 +0000" catchup-id="EF0F4DBEDB3C7230534E5CBAA85E0CCF"><title>Love on the Air</title><date></date><icon src="https://images.nlziet.nl/metadataimportimages/source/7489890679CBA2FC4F057FFB65B56C891AE365F167171A1CB42C245FC60B2EEE.jpg"></icon><desc>Nadat talkshowhost Sonia door haar verloofde in een live-uitzending wordt gedumpt, neemt ze haar rivaliserende radiocollega Nick in vertrouwen en begint een onverwachte romance.</desc><category></category></programme><programme channel="sbs9" start="20230101211336 +0000" stop="20230101225951 +0000" catchup-id="D5D8E58F9FF8184C23B7D60CA243A03B"><title>Meet me in New York</title><date></date><icon src="https://images.nlziet.nl/metadataimportimages/source/B1BDCE5006E0C47A81DA819F5B311866BB9FA04A38B4B5F8B08B2EBAED0223E7.jpg"></icon><desc>Evenementenplanner Kelly is een van de besten in de branche. Maar wanneer Joe haar inhuurt om de verjaardag van zijn nichtje te organiseren, realiseert Kelly zich dat ze haar gelijke heeft ontmoet.</desc><category></category></programme><programme channel="sbs9" start="20230101225951 +0000" stop="20230101235418 +0000" catchup-id="406DA56BB2FC998BCCDD44389365613D"><title>S.W.A.T.</title><date></date><icon src="https://images.nlziet.nl/metadataimportimages/source/A6BF0C2A5D4564493B78E08A0F59A420C8AD937890C3B09E2B520CDB8410B4CD.jpg"></icon><desc>Hicks is getuige van de moord op een oude vriend. Het team gaat haastig op zoek naar de dader en zijn motief. Luca probeert zijn broer te helpen nadat hij is gearresteerd.</desc><category></category></programme><programme channel="sbs9" start="20230101235418 +0000" stop="20230102022423 +0000" catchup-id="1A1D5811E0EB553441D2DC22F47C8BF2"><title>Tommy Teleshopping</title><date></date><icon src="https://images.nlziet.nl/metadataimportimages/source/C7CE3D866678A1F607FA45B35259849DEC12828026C3B42D0237C80C05DFA810.jpg"></icon><desc>Thuiswinkelprogramma</desc><category></category></programme><programme channel="sbs9" start="20230102022423 +0000" stop="20230102050251 +0000" catchup-id="655ABE85E487A73FCA7C43A09C798D0E"><title>Loop: Hart van Nederland</title><date></date><icon src="https://images.nlziet.nl/metadataimportimages/source/45D4AEB006E9582C507AD1CDE8BF720515C090E362599F28E1D627B0D30DD091.jpg"></icon><desc>Het nieuws van Nederland. Mis niets van het gesprek van de dag</desc><category></category></programme><programme channel="sbs9" start="20230102050251 +0000" stop="20230102055923 +0000" catchup-id="A5F70D35255A2BC67944FC64360B414D"><title>Loop: Hart van Nederland</title><date></date><icon src="https://images.nlziet.nl/metadataimportimages/source/45D4AEB006E9582C507AD1CDE8BF720515C090E362599F28E1D627B0D30DD091.jpg"></icon><desc>Het nieuws van Nederland. Mis niets van het gesprek van de dag</desc><category></category></programme><programme channel="sbs9" start="20230102055923 +0000" stop="20230102140326 +0000" catchup-id="9DD709DA627364BC6E68DF999F22E167"><title>TV Winkel</title><date></date><icon src="https://images.nlziet.nl/metadataimportimages/source/C7CE3D866678A1F607FA45B35259849DEC12828026C3B42D0237C80C05DFA810.jpg"></icon><desc>Homeshoppingprogramma.</desc><category></category></programme><programme channel="sbs9" start="20230102140326 +0000" stop="20230102144630 +0000" catchup-id="70CEE11CCA9517AA8F8B4C40A1AA8284"><title>Huizenjacht</title><date></date><icon src="https://images.nlziet.nl/metadataimportimages/source/D2473E77D398D272047F674148BBBFF1CB12E8719453A59AE599073516F39DB2.jpg"></icon><desc>Huizenzoekers worden geholpen bij de zoektocht naar hun droomhuis.</desc><category></category></programme><programme channel="sbs9" start="20230102144630 +0000" stop="20230102153910 +0000" catchup-id="AAED4E3D5CB1840EB99DF026B0A17E05"><title>The Flying Doctors</title><date></date><icon src="https://images.nlziet.nl/metadataimportimages/source/7FEA2C885FDCB202BF64AA296EB1017B6547ADC6FFE1D55AD5D710F6FC5E40E1.jpg"></icon><desc>Wie in de uitgestrekte, desolate Australische outback woont, heeft vaak maar één kans op medische hulp in geval van nood, die van de Royal Flying Doctor Service. Een toegewijde groep piloten, doktoren en verpleegsters die duizenden kilometers door het ruige land afleggen om andermans levens te redden en daarmee vaak ook hun eigen leven op het spel zetten.</desc><category></category></programme><programme channel="sbs9" start="20230102153910 +0000" stop="20230102164203 +0000" catchup-id="3AB917AE76D322458279A6C911EDE751"><title>BBC Wildlife: Africa</title><date></date><icon src="https://images.nlziet.nl/metadataimportimages/source/E3A381F6614F6D7215DC02F376859E6D30D67E738D3E4BBCD485717A7BC19F32.jpg"></icon><desc>David Attenborough maakt een adembenemende reis door Afrika. Hij kijkt naar het constant veranderende landschap van Oost-Afrika en dieren die nergens anders op aarde te vinden zijn.</desc><category></category></programme><programme channel="sbs9" start="20230102164203 +0000" stop="20230102173808 +0000" catchup-id="61E11CE66DC8DE1F63EE7D03274363D8"><title>BBC Wildlife: Africa</title><date></date><icon src="https://images.nlziet.nl/metadataimportimages/source/E3A381F6614F6D7215DC02F376859E6D30D67E738D3E4BBCD485717A7BC19F32.jpg"></icon><desc>In Congo moeten dieren sterk in hun schoenen staan en vechten voor hun plek om de stevige concurrentie het hoofd bieden.</desc><category></category></programme><programme channel="sbs9" start="20230102173808 +0000" stop="20230102183418 +0000" catchup-id="034A1C30960F325BFD42883251BFB5FF"><title>McLeod's Daughters</title><date></date><icon src="https://images.nlziet.nl/metadataimportimages/source/DB33609B861D4D0CC2D66E38A223AF74074F3F22196C9886BA6E166ADC606F5D.jpg"></icon><desc>Tess Silverman keert na de dood van haar vader terug op het platteland, waar haar halfzus Claire woont. Ze is van plan haar deel van de familieboerderij, Drovers Run, te verkopen. De situatie tussen de zussen is nogal ongemakkelijk en door een simpele fout van Tess moet Claire een aantal moeilijke beslissingen nemen.</desc><category></category></programme><programme channel="sbs9" start="20230102183418 +0000" stop="20230102193020 +0000" catchup-id="BCCD8C3C244EA81DBC2082893C1E75DD"><title>Dr. Bull</title><date></date><icon src="https://images.nlziet.nl/metadataimportimages/source/EF07CD9DC2342239F4FEB44811B1BCFFE6E67A700391F663118581ECC8B75244.jpg"></icon><desc>Dr. Jason Bull is een psycholoog die als deskundige wordt opgevoerd in rechtszaken. Op een charmante manier gebruikt hij zijn vakkennis, intuïtie en data om erachter te komen hoe de juryleden, advocaten, getuigen en de verdachte in elkaar zitten. Gesteund door een team van uiteenlopende experts, bereidt hij in detail de beste strategie voor zijn cliënt voor.</desc><category></category></programme><programme channel="sbs9" start="20230102193020 +0000" stop="20230102213805 +0000" catchup-id="C46DC4E10F621CE378B6DD82D2F92310"><title>Twilight 4: Breaking Dawn - Part 2</title><date></date><icon src="https://images.nlziet.nl/metadataimportimages/source/D2EBB72A067EFC7FD9C09343AFD95545FD920069B93F5D7A261254585022ACA9.jpg"></icon><desc>Bella leert om te gaan met haar vaardigheden als vampier en is gelukkig met haar dochter Renesmee. Maar dan wordt de Volturi ingeschakeld vanwege een valse beschuldiging.</desc><category></category></programme><programme channel="sbs9" start="20230102213805 +0000" stop="20230102233605 +0000" catchup-id="A9B3B890DBADC523356C6D5247B5B70A"><title>Before I Fall</title><date></date><icon src="https://images.nlziet.nl/metadataimportimages/source/D7337123F97A2DE7125703707EC4539D56376C6BF7E8ECEC1310F1BE7964684B.jpg"></icon><desc>Na een noodlottige nacht wordt Samantha Kingston wakker zonder enige toekomst. Ze zit gevangen in steeds dezelfde dag en begint zich af te vragen hoe perfect haar leven hiervoor eigenlijk was.</desc><category></category></programme><programme channel="sbs9" start="20230102233605 +0000" stop="20230103011203 +0000" catchup-id="FE5AE4235976385AA585F5446191CBDD"><title>Twilight 4: Breaking Dawn - Part 2</title><date></date><icon src="https://images.nlziet.nl/metadataimportimages/source/D2EBB72A067EFC7FD9C09343AFD95545FD920069B93F5D7A261254585022ACA9.jpg"></icon><desc>Bella leert om te gaan met haar vaardigheden als vampier en is gelukkig met haar dochter Renesmee. Maar dan wordt de Volturi ingeschakeld vanwege een valse beschuldiging.</desc><category></category></programme><programme channel="sbs9" start="20230103011203 +0000" stop="20230103034208 +0000" catchup-id="E158EFB228FDA7BC931E4B664A49E7C6"><title>Tommy Teleshopping</title><date></date><icon src="https://images.nlziet.nl/metadataimportimages/source/C7CE3D866678A1F607FA45B35259849DEC12828026C3B42D0237C80C05DFA810.jpg"></icon><desc>Thuiswinkelprogramma</desc><category></category></programme><programme channel="sbs9" start="20230103034208 +0000" stop="20230103045223 +0000" catchup-id="B28D0C240AC5E79BF568C2F0140BF6B3"><title>Loop: Hart van Nederland</title><date></date><icon src="https://images.nlziet.nl/metadataimportimages/source/45D4AEB006E9582C507AD1CDE8BF720515C090E362599F28E1D627B0D30DD091.jpg"></icon><desc>Het nieuws van Nederland. Mis niets van het gesprek van de dag</desc><category></category></programme><programme channel="sbs9" start="20230103045223 +0000" stop="20230103055816 +0000" catchup-id="7F0B34B80608AF5F191388BE648E716D"><title>Loop: Hart van Nederland</title><date></date><icon src="https://images.nlziet.nl/metadataimportimages/source/45D4AEB006E9582C507AD1CDE8BF720515C090E362599F28E1D627B0D30DD091.jpg"></icon><desc>Het nieuws van Nederland. Mis niets van het gesprek van de dag</desc><category></category></programme><programme channel="sbs9" start="20230103055816 +0000" stop="20230103134638 +0000" catchup-id="36FB946188A18FB13EB28C03B95BF4F7"><title>TV Winkel</title><date></date><icon src="https://images.nlziet.nl/metadataimportimages/source/C7CE3D866678A1F607FA45B35259849DEC12828026C3B42D0237C80C05DFA810.jpg"></icon><desc>Homeshoppingprogramma.</desc><category></category></programme><programme channel="sbs9" start="20230103134638 +0000" stop="20230103140016 +0000" catchup-id="213503D429E0C70304A9BC50B72AD4CB"><title>TV Winkel</title><date></date><icon src="https://images.nlziet.nl/metadataimportimages/source/C7CE3D866678A1F607FA45B35259849DEC12828026C3B42D0237C80C05DFA810.jpg"></icon><desc>Homeshoppingprogramma.</desc><category></category></programme><programme channel="sbs9" start="20230103140016 +0000" stop="20230103145501 +0000" catchup-id="6913FD80756A0902C67D7E435BB7ACFA"><title>Huizenjacht</title><date></date><icon src="https://images.nlziet.nl/metadataimportimages/source/D2473E77D398D272047F674148BBBFF1CB12E8719453A59AE599073516F39DB2.jpg"></icon><desc>Huizenzoekers worden geholpen bij de zoektocht naar hun droomhuis.</desc><category></category></programme><programme channel="sbs9" start="20230103145501 +0000" stop="20230103155333 +0000" catchup-id="31B11C2B53A87A6C2169EB5592FA1027"><title>The Flying Doctors</title><date></date><icon src="https://images.nlziet.nl/metadataimportimages/source/53B060A8763AA791788130BAD1E5A9579A7738F1FF0A496E1831BBAD3FFAE80A.jpg"></icon><desc>De gebeurtenissen rondom de doktoren in de outback van Australië. Ze bezoeken hun patiënten met het vliegtuig, omdat het land in de meeste gevallen te onherbergzaam is.</desc><category></category></programme><programme channel="sbs9" start="20230103155333 +0000" stop="20230103164831 +0000" catchup-id="62B2B136016AA7BE582D6D18F5F2517A"><title>Dr. Bull</title><date></date><icon src="https://images.nlziet.nl/metadataimportimages/source/EF07CD9DC2342239F4FEB44811B1BCFFE6E67A700391F663118581ECC8B75244.jpg"></icon><desc>Dr. Jason Bull is een psycholoog die als deskundige wordt opgevoerd in rechtszaken. Op een charmante manier gebruikt hij zijn vakkennis, intuïtie en data om erachter te komen hoe de juryleden, advocaten, getuigen en de verdachte in elkaar zitten. Gesteund door een team van uiteenlopende experts, bereidt hij in detail de beste strategie voor zijn cliënt voor.</desc><category></category></programme><programme channel="sbs9" start="20230103164831 +0000" stop="20230103173746 +0000" catchup-id="8AECB8A7AA2BB94F4393928E52C07E70"><title>McLeod's Daughters</title><date></date><icon src="https://images.nlziet.nl/metadataimportimages/source/DB33609B861D4D0CC2D66E38A223AF74074F3F22196C9886BA6E166ADC606F5D.jpg"></icon><desc>Tess Silverman keert na de dood van haar vader terug op het platteland, waar haar halfzus Claire woont. Ze is van plan haar deel van de familieboerderij, Drovers Run, te verkopen. De situatie tussen de zussen is nogal ongemakkelijk en door een simpele fout van Tess moet Claire een aantal moeilijke beslissingen nemen.</desc><category></category></programme><programme channel="sbs9" start="20230103173746 +0000" stop="20230103183310 +0000" catchup-id="CA87A98117CFC878791F79CC3E4EB6DB"><title>McLeod's Daughters</title><date></date><icon src="https://images.nlziet.nl/metadataimportimages/source/06077E60CE82D4645DEB8412C269EAB02934202D7B6920D84365F5904AB37BE2.jpg"></icon><desc>Het is scheertijd, maar een van de scheerders heeft een reputatie als moordenaar. Tess is getuige van vreemde gebeurtenissen en ontdekt een geheim, terwijl Claire worstelt om haar gezag over de scheerders te behouden. Ze wil koste wat het kost de deadline voor de wolverkoop halen. Tess probeert ondertussen wat geld van Drover's Run los te peuteren zonder Claire te kwetsen.</desc><category></category></programme><programme channel="sbs9" start="20230103183310 +0000" stop="20230103193031 +0000" catchup-id="4ABD634F6E9D14CA548164E5B842A7D8"><title>Dr. Bull</title><date></date><icon src="https://images.nlziet.nl/metadataimportimages/source/EF07CD9DC2342239F4FEB44811B1BCFFE6E67A700391F663118581ECC8B75244.jpg"></icon><desc>Dr. Jason Bull is een psycholoog die als deskundige wordt opgevoerd in rechtszaken. Op een charmante manier gebruikt hij zijn vakkennis, intuïtie en data om erachter te komen hoe de juryleden, advocaten, getuigen en de verdachte in elkaar zitten. Gesteund door een team van uiteenlopende experts, bereidt hij in detail de beste strategie voor zijn cliënt voor. Het team ontdekt dat de rechter niet onafhankelijk oordeelt over hun cliënt, waardoor ze een nieuwe strategie moeten bedenken. Een vrouwelijke piloot wordt beschuldigd van nalatigheid in een crash.</desc><category></category></programme><programme channel="sbs9" start="20230103193031 +0000" stop="20230103221807 +0000" catchup-id="3C1E6783B7A5E41C5828B96AB5B5C94E"><title>The Judge</title><date></date><icon src="https://images.nlziet.nl/metadataimportimages/source/8C49BA9440372AD4A062AA6770651B3F7F1A3E30B1DA35408FA49A0F01A0699A.jpg"></icon><desc>De stadsadvocaat Hank Palmer keert terug naar zijn ouderlijk huis waar zijn vader, ook rechter, wordt verdacht van moord. Hank gaat op zoek naar de waarheid.</desc><category></category></programme><programme channel="sbs9" start="20230103221807 +0000" stop="20230103231259 +0000" catchup-id="C0121FF91AE06819172444F9E9D83EA3"><title>S.W.A.T.</title><date></date><icon src="https://images.nlziet.nl/metadataimportimages/source/A6BF0C2A5D4564493B78E08A0F59A420C8AD937890C3B09E2B520CDB8410B4CD.jpg"></icon><desc>Een vliegtuig wordt gekaapt met Street en de gevaarlijke gevangene die hij vervoert erin. Het SWAT-team haast zich om zowel de onschuldige passagiers aan boord te redden als hun teamlid. Hondo zet een grote stap in zijn relatie met Nichelle.</desc><category></category></programme><programme channel="sbs9" start="20230103231259 +0000" stop="20230104001815 +0000" catchup-id="47B12604795CFDA71C41723298BDE926"><title>Death in Paradise</title><date></date><icon src="https://images.nlziet.nl/metadataimportimages/source/58313031088AA4101EA55362D5B895AD2FD573744BD5972FAAFE8F9117526826.jpg"></icon><desc>Met tegenzin woont Poole een liefdadigheidsinstelling bij wiens gastheer, lokale natuurbeschermer en filantroop Malcolm Powell, wordt doodgeschoten. Zijn secretaresse Vicky beweert dat de moordenaar een man is die Jack Roberts heet, maar niemand weet wie hij is en hij lijkt in het niets te zijn verdwenen.</desc><category></category></programme><programme channel="sbs9" start="20230104001815 +0000" stop="20230104003545 +0000" catchup-id="6796C5096916F0C949257003532BCA6B"><title>Tommy Teleshopping</title><date></date><icon src="https://images.nlziet.nl/metadataimportimages/source/C7CE3D866678A1F607FA45B35259849DEC12828026C3B42D0237C80C05DFA810.jpg"></icon><desc>Thuiswinkelprogramma</desc><category></category></programme><programme channel="sbs9" start="20230104003545 +0000" stop="20230104024820 +0000" catchup-id="CA83B8B84A6D95DE9FFD2A0CC51E4AEC"><title>Tommy Teleshopping</title><date></date><icon src="https://images.nlziet.nl/metadataimportimages/source/C7CE3D866678A1F607FA45B35259849DEC12828026C3B42D0237C80C05DFA810.jpg"></icon><desc>Thuiswinkelprogramma</desc><category></category></programme><programme channel="sbs9" start="20230104024820 +0000" stop="20230104055836 +0000" catchup-id="0961E4F6C40116F71EEAFE12016EBF46"><title>Loop: Hart van Nederland</title><date></date><icon src="https://images.nlziet.nl/metadataimportimages/source/45D4AEB006E9582C507AD1CDE8BF720515C090E362599F28E1D627B0D30DD091.jpg"></icon><desc>Het nieuws van Nederland. Mis niets van het gesprek van de dag</desc><category></category></programme><programme channel="sbs9" start="20230104055836 +0000" stop="20230104140003 +0000" catchup-id="67F58772B9F35FE7530DA2EE160572AF"><title>TV Winkel</title><date></date><icon src="https://images.nlziet.nl/metadataimportimages/source/C7CE3D866678A1F607FA45B35259849DEC12828026C3B42D0237C80C05DFA810.jpg"></icon><desc>Homeshoppingprogramma.</desc><category></category></programme><programme channel="sbs9" start="20230104140003 +0000" stop="20230104145557 +0000" catchup-id="1141777365E7D70A21E296D7D34828A1"><title>Huizenjacht</title><date></date><icon src="https://images.nlziet.nl/metadataimportimages/source/D2473E77D398D272047F674148BBBFF1CB12E8719453A59AE599073516F39DB2.jpg"></icon><desc>Huizenzoekers worden geholpen bij de zoektocht naar hun droomhuis.</desc><category></category></programme><programme channel="sbs9" start="20230104145557 +0000" stop="20230104155248 +0000" catchup-id="35AD5DC9584DBB951896F04A3D297E8E"><title>The Flying Doctors</title><date></date><icon src="https://images.nlziet.nl/metadataimportimages/source/E3156CD9D82C0E757CCD07E75AC06F6D41470FD2D8E813B20212ECCF4BCFD3F9.jpg"></icon><desc>De gebeurtenissen rondom de doktoren in de outback van Australië. Ze bezoeken hun patiënten met het vliegtuig, omdat het land in de meeste gevallen te onherbergzaam is.</desc><category></category></programme><programme channel="sbs9" start="20230104155248 +0000" stop="20230104164927 +0000" catchup-id="DD08603A4EE9567E7EABE4E5C5331DFE"><title>Dr. Bull</title><date></date><icon src="https://images.nlziet.nl/metadataimportimages/source/EF07CD9DC2342239F4FEB44811B1BCFFE6E67A700391F663118581ECC8B75244.jpg"></icon><desc>Dr. Jason Bull is een psycholoog die als deskundige wordt opgevoerd in rechtszaken. Op een charmante manier gebruikt hij zijn vakkennis, intuïtie en data om erachter te komen hoe de juryleden, advocaten, getuigen en de verdachte in elkaar zitten. Gesteund door een team van uiteenlopende experts, bereidt hij in detail de beste strategie voor zijn cliënt voor. Het team ontdekt dat de rechter niet onafhankelijk oordeelt over hun cliënt, waardoor ze een nieuwe strategie moeten bedenken. Een vrouwelijke piloot wordt beschuldigd van nalatigheid in een crash.</desc><category></category></programme><programme channel="sbs9" start="20230104164927 +0000" stop="20230104173847 +0000" catchup-id="4382523F2E8E9535A2A9BB9B442234AA"><title>McLeod's Daughters</title><date></date><icon src="https://images.nlziet.nl/metadataimportimages/source/06077E60CE82D4645DEB8412C269EAB02934202D7B6920D84365F5904AB37BE2.jpg"></icon><desc>Het is scheertijd, maar een van de scheerders heeft een reputatie als moordenaar. Tess is getuige van vreemde gebeurtenissen en ontdekt een geheim, terwijl Claire worstelt om haar gezag over de scheerders te behouden. Ze wil koste wat het kost de deadline voor de wolverkoop halen. Tess probeert ondertussen wat geld van Drover's Run los te peuteren zonder Claire te kwetsen.</desc><category></category></programme><programme channel="sbs9" start="20230104173847 +0000" stop="20230104183344 +0000" catchup-id="86D56F49365F456E12180227B71AF944"><title>McLeod's Daughters</title><date></date><icon src="https://images.nlziet.nl/metadataimportimages/source/64290A7175635B05767ED42F2F2B3D3774C5B7DC7BEF0143EE99F9991709B8D0.jpg"></icon><desc>Er ontstaat jaloezie als Claire meedoet aan de rodeo, terwijl Nick en Alex beiden de aandacht van Tess opeisen. Becky's reputatie brengt haar in ernstige problemen, waardoor de twee zussen hun meningsverschillen vergeten en te hulp schieten.</desc><category></category></programme><programme channel="sbs9" start="20230104183344 +0000" stop="20230104193017 +0000" catchup-id="AAC2C017C1CD4B36D3962D1878DEF27F"><title>Dr. Bull</title><date></date><icon src="https://images.nlziet.nl/metadataimportimages/source/EF07CD9DC2342239F4FEB44811B1BCFFE6E67A700391F663118581ECC8B75244.jpg"></icon><desc>Dr. Jason Bull is een psycholoog die als deskundige wordt opgevoerd in rechtszaken. Op een charmante manier gebruikt hij zijn vakkennis, intuïtie en data om erachter te komen hoe de juryleden, advocaten, getuigen en de verdachte in elkaar zitten. Gesteund door een team van uiteenlopende experts, bereidt hij in detail de beste strategie voor zijn cliënt voor. Bull en zijn team pakken de rechter aan die niet onafhankelijk handelt. Deze zaak zorgt ervoor dat Benny oog in oog komt te staan met zijn voormalige vlam, Amanda.</desc><category></category></programme><programme channel="sbs9" start="20230104193017 +0000" stop="20230104202808 +0000" catchup-id="4753C982A367F484481B036CD499AF6A"><title>Urk!</title><date></date><icon src="https://images.nlziet.nl/metadataimportimages/source/8F589AA83C8BF398BE1ADE41EFC1C2A13E728D0C7BFF191B1B1223FD040F4EDF.jpg"></icon><desc>Maak kennis met flamboyante kapper Teun Föhn en zie hoe Nelie thuis een druk gezin met zes kinderen runt terwijl haar man Jelle aan het varen is. Dick van de Pub is eigenlijk al met pensioen, maar gaat nog één avond in de week los als 'De zingende barman'. Deze gelegenheid grijpt de tweeling Mathilde en Gerda aan om onder het genot van de nodige shotjes in te haken. Urker Jan geeft een rondleiding over de visafslag en de zussen Grietje en Eltje halen de krant met hun hilarische programma op YouTube.</desc><category></category></programme><programme channel="sbs9" start="20230104202808 +0000" stop="20230104212617 +0000" catchup-id="E57E4CC330F9EC9E847917B866D143A4"><title>Steenrijk, straatarm België</title><date></date><icon src="https://images.nlziet.nl/metadataimportimages/source/34A59D8B9EDAB56731AB30BE441674DDD5CC4ED6354A2EE02BF90478C4219C27.jpg"></icon><desc>De familie Helsen woont op een prachtig gerenoveerde hoeve, tussen de weilanden waarop hun pony's lekker kunnen grazen. Moeder Mieke leidt er een goed draaiend architectenbureau, vader Olaf helpt haar en werkt daarnaast als kinesitherapeut. Volgens hem verwent Mieke de kinderen te veel als compensatie voor haar tijdrovende, grote passie: haar baan. De familie Pollet woont daarentegen in een kleine arbeiderswoning die ze met veel humor en zelfspot hun 'Plophuisje' noemen. Moeder Kelly en vader Peter leefden tot voor kort nog rijkelijk, maar na een werkongeval en daaropvolgend faillissement zit het jonge gezin met een grote schuldenberg. Ze moeten het zien te stellen met 120 euro per week en zijn aangewezen op de voedselbank.</desc><category></category></programme><programme channel="sbs9" start="20230104212617 +0000" stop="20230104222448 +0000" catchup-id="B7BF678F4F68DD34716BC4B6B94CEE83"><title>Over Gewicht</title><date></date><icon src="https://images.nlziet.nl/metadataimportimages/source/0B4C096D9550FB0A7EB79A52E0A825049C22FD636ECB50CD6609BC73A286993C.jpg"></icon><desc>Edsilia en Kees zoeken uit wat er met je lichaam gebeurt als je koolhydraten mijdt. Edsilia bereidt samen met 'ketogoeroe' Julie van den Kerchove een keto lunch. Wat zijn de verschillen tussen snelle en trage koolhydraten? Hoe komt het dat Italianen over het algemeen gezond en fit zijn, terwijl zij zoveel pasta eten? En Kees zwemt in open water met Olympisch kampioen Maarten van der Weijden om te kijken of je wilskracht kunt trainen.</desc><category></category></programme><programme channel="sbs9" start="20230104222448 +0000" stop="20230104232514 +0000" catchup-id="69F8BBA3D8F9CF8D4BC3324EA4D3FE7B"><title>Strangers Making Babies</title><date></date><icon src="https://images.nlziet.nl/metadataimportimages/source/0E8D463BF436F59A0159C5BBF02433C4CA99874295625554777C9068A490CD6F.jpg"></icon><desc>Nanny Venicia en amateurdanser Sarah ontmoeten hun matches, maar is er potentie?</desc><category></category></programme><programme channel="sbs9" start="20230104232514 +0000" stop="20230105001349 +0000" catchup-id="76C196F5AB0FB450549674093006520D"><title>Urk!</title><date></date><icon src="https://images.nlziet.nl/metadataimportimages/source/8F589AA83C8BF398BE1ADE41EFC1C2A13E728D0C7BFF191B1B1223FD040F4EDF.jpg"></icon><desc>Maak kennis met flamboyante kapper Teun Föhn en zie hoe Nelie thuis een druk gezin met zes kinderen runt terwijl haar man Jelle aan het varen is. Dick van de Pub is eigenlijk al met pensioen, maar gaat nog één avond in de week los als 'De zingende barman'. Deze gelegenheid grijpt de tweeling Mathilde en Gerda aan om onder het genot van de nodige shotjes in te haken. Urker Jan geeft een rondleiding over de visafslag en de zussen Grietje en Eltje halen de krant met hun hilarische programma op YouTube.</desc><category></category></programme><programme channel="sbs9" start="20230105001349 +0000" stop="20230105024354 +0000" catchup-id="1F03F7130A63614418896C79EEF6888A"><title>Tommy Teleshopping</title><date></date><icon src="https://images.nlziet.nl/metadataimportimages/source/C7CE3D866678A1F607FA45B35259849DEC12828026C3B42D0237C80C05DFA810.jpg"></icon><desc>Thuiswinkelprogramma</desc><category></category></programme><programme channel="sbs9" start="20230105024354 +0000" stop="20230105045204 +0000" catchup-id="BD4CE40EB9025A7AB0362BF7FD370701"><title>Loop: Hart van Nederland</title><date></date><icon src="https://images.nlziet.nl/metadataimportimages/source/45D4AEB006E9582C507AD1CDE8BF720515C090E362599F28E1D627B0D30DD091.jpg"></icon><desc>Het nieuws van Nederland. Mis niets van het gesprek van de dag</desc><category></category></programme><programme channel="sbs9" start="20230105045204 +0000" stop="20230105055808 +0000" catchup-id="ECD708BC9FA9096A624E16E5F82F2FEE"><title>Loop: Hart van Nederland</title><date></date><icon src="https://images.nlziet.nl/metadataimportimages/source/45D4AEB006E9582C507AD1CDE8BF720515C090E362599F28E1D627B0D30DD091.jpg"></icon><desc>Het nieuws van Nederland. Mis niets van het gesprek van de dag</desc><category></category></programme><programme channel="sbs9" start="20230105055808 +0000" stop="20230105140014 +0000" catchup-id="FF850BD39EB4FC6D9BF21CC41CF4BFF2"><title>TV Winkel</title><date></date><icon src="https://images.nlziet.nl/metadataimportimages/source/C7CE3D866678A1F607FA45B35259849DEC12828026C3B42D0237C80C05DFA810.jpg"></icon><desc>Homeshoppingprogramma.</desc><category></category></programme><programme channel="sbs9" start="20230105140014 +0000" stop="20230105145734 +0000" catchup-id="E53386EEC7A4D249AD1CF9DC3D9A9773"><title>Huizenjacht</title><date></date><icon src="https://images.nlziet.nl/metadataimportimages/source/D2473E77D398D272047F674148BBBFF1CB12E8719453A59AE599073516F39DB2.jpg"></icon><desc>Huizenzoekers worden geholpen bij de zoektocht naar hun droomhuis.</desc><category></category></programme><programme channel="sbs9" start="20230105145734 +0000" stop="20230105155535 +0000" catchup-id="DEBF77EE1D70ABE84225630929B34EA4"><title>The Flying Doctors</title><date></date><icon src="https://images.nlziet.nl/metadataimportimages/source/90C040B1CDD9299F76192BCC63CD566226866770231839208AFD6D7AEA7B7BB9.jpg"></icon><desc>De gebeurtenissen rondom de doktoren in de outback van Australië. Ze bezoeken hun patiënten met het vliegtuig, omdat het land in de meeste gevallen te onherbergzaam is.</desc><category></category></programme><programme channel="sbs9" start="20230105155535 +0000" stop="20230105165125 +0000" catchup-id="A97A042B8109353C3A960B9612507EF2"><title>Dr. Bull</title><date></date><icon src="https://images.nlziet.nl/metadataimportimages/source/EF07CD9DC2342239F4FEB44811B1BCFFE6E67A700391F663118581ECC8B75244.jpg"></icon><desc>Dr. Jason Bull is een psycholoog die als deskundige wordt opgevoerd in rechtszaken. Op een charmante manier gebruikt hij zijn vakkennis, intuïtie en data om erachter te komen hoe de juryleden, advocaten, getuigen en de verdachte in elkaar zitten. Gesteund door een team van uiteenlopende experts, bereidt hij in detail de beste strategie voor zijn cliënt voor. Bull en zijn team pakken de rechter aan die niet onafhankelijk handelt. Deze zaak zorgt ervoor dat Benny oog in oog komt te staan met zijn voormalige vlam, Amanda.</desc><category></category></programme><programme channel="sbs9" start="20230105165125 +0000" stop="20230105173911 +0000" catchup-id="7B026FA8A677BD0368CD9F610D9115E6"><title>McLeod's Daughters</title><date></date><icon src="https://images.nlziet.nl/metadataimportimages/source/64290A7175635B05767ED42F2F2B3D3774C5B7DC7BEF0143EE99F9991709B8D0.jpg"></icon><desc>Er ontstaat jaloezie als Claire meedoet aan de rodeo, terwijl Nick en Alex beiden de aandacht van Tess opeisen. Becky's reputatie brengt haar in ernstige problemen, waardoor de twee zussen hun meningsverschillen vergeten en te hulp schieten.</desc><category></category></programme><programme channel="sbs9" start="20230105173911 +0000" stop="20230105183420 +0000" catchup-id="25C4CA3267F0FD58C866E073BCC1BA4C"><title>McLeod's Daughters</title><date></date><icon src="https://images.nlziet.nl/metadataimportimages/source/80BFFDE7BB672F205422E37986416B9A8FCF1F3F7FCEF348CD7C473B359CE3C7.jpg"></icon><desc>Als Claire een hok met ondervoede schapen koopt van de veeveiling, twijfelt Tess aan haar kunnen. Tess past de therapie-technieken van haar moeder toe, om de vrouwen bij Drover's Run aan te moedigen zich emotioneel open te stellen en een band op te bouwen.</desc><category></category></programme><programme channel="sbs9" start="20230105183420 +0000" stop="20230105193013 +0000" catchup-id="883C076CE4A3D2DEEB2CC0D82D070499"><title>Dr. Bull</title><date></date><icon src="https://images.nlziet.nl/metadataimportimages/source/EF07CD9DC2342239F4FEB44811B1BCFFE6E67A700391F663118581ECC8B75244.jpg"></icon><desc>Dr. Jason Bull is een psycholoog die als deskundige wordt opgevoerd in rechtszaken. Op een charmante manier gebruikt hij zijn vakkennis, intuïtie en data om erachter te komen hoe de juryleden, advocaten, getuigen en de verdachte in elkaar zitten. Gesteund door een team van uiteenlopende experts, bereidt hij in detail de beste strategie voor zijn cliënt voor. Bull reist af naar Callisto om een jonge vrouw te helpen met haar rechtszaak. In deze kleine Texaanse stad heeft Bull ooit zijn eerste en enige verlies in zijn carrière geleden.</desc><category></category></programme><programme channel="sbs9" start="20230105193013 +0000" stop="20230105202854 +0000" catchup-id="660FA520104A0E8132DDC616623224CF"><title>S.W.A.T.</title><date></date><icon src="https://images.nlziet.nl/metadataimportimages/source/A6BF0C2A5D4564493B78E08A0F59A420C8AD937890C3B09E2B520CDB8410B4CD.jpg"></icon><desc>Luitenant Daniel Harrelson maakt deel uit van de eenheid Special Weapons and Tactics. Hij bevindt zich in een spagaat tussen zijn loyaliteit aan waar hij vandaan komt en zijn bondgenoten van het team.</desc><category></category></programme><programme channel="sbs9" start="20230105202854 +0000" stop="20230105212605 +0000" catchup-id="92E49762C70B9A5B18F5EF6B733D52F6"><title>S.W.A.T.</title><date></date><icon src="https://images.nlziet.nl/metadataimportimages/source/A6BF0C2A5D4564493B78E08A0F59A420C8AD937890C3B09E2B520CDB8410B4CD.jpg"></icon><desc>Hondo en het team achtervolgen vier ontsnapte veroordeelden. Ze moeten hen vinden voordat een rivaliserend team ze vindt. Hondo's leiderschap wordt in twijfel getrokken.</desc><category></category></programme><programme channel="sbs9" start="20230105212605 +0000" stop="20230105221416 +0000" catchup-id="7A3F97D3981D1FA8A504E4996FC9177F"><title>Madam Secretary</title><date></date><icon src="https://images.nlziet.nl/metadataimportimages/source/36838C6B94F2F01F9A32AD4675CA55C5ABD4328925F2DBC6AA878F3CBF5532A2.jpg"></icon><desc>Elizabeth moet een ongegrond onderzoek naar haar verleden afweren dat de eerste belangrijke wetgeving van haar presidentschap dreigt te saboteren. Henry ligt onder vuur, nadat zijn verschijning bij een late night show resulteert in wantrouwen binnen zijn huwelijk.</desc><category></category></programme><programme channel="sbs9" start="20230105221416 +0000" stop="20230105231050 +0000" catchup-id="45D469957664E6465F0DE02E6BB0A507"><title>Madam Secretary</title><date></date><icon src="https://images.nlziet.nl/metadataimportimages/source/36838C6B94F2F01F9A32AD4675CA55C5ABD4328925F2DBC6AA878F3CBF5532A2.jpg"></icon><desc>Elizabeth wordt geconfronteerd met toenemende protesten over stijgende brandstofkosten terwijl ze zich voorbereidt om het eerste worp te gooien bij een honkbalwedstrijd van de New York Mets. Mike B. wordt ondervraagd over de vraag of de McCord-campagne met Iran heeft samengespannen om de verkiezingenstemmen te stelen.</desc><category></category></programme><programme channel="sbs9" start="20230105231050 +0000" stop="20230106000724 +0000" catchup-id="B935FFD3ACF35A0E1DBA91180CA914C8"><title>Steenrijk, straatarm België</title><date></date><icon src="https://images.nlziet.nl/metadataimportimages/source/34A59D8B9EDAB56731AB30BE441674DDD5CC4ED6354A2EE02BF90478C4219C27.jpg"></icon><desc>De familie Helsen woont op een prachtig gerenoveerde hoeve, tussen de weilanden waarop hun pony's lekker kunnen grazen. Moeder Mieke leidt er een goed draaiend architectenbureau, vader Olaf helpt haar en werkt daarnaast als kinesitherapeut. Volgens hem verwent Mieke de kinderen te veel als compensatie voor haar tijdrovende, grote passie: haar baan. De familie Pollet woont daarentegen in een kleine arbeiderswoning die ze met veel humor en zelfspot hun 'Plophuisje' noemen. Moeder Kelly en vader Peter leefden tot voor kort nog rijkelijk, maar na een werkongeval en daaropvolgend faillissement zit het jonge gezin met een grote schuldenberg. Ze moeten het zien te stellen met 120 euro per week en zijn aangewezen op de voedselbank.</desc><category></category></programme><programme channel="sbs9" start="20230106000724 +0000" stop="20230106023728 +0000" catchup-id="59FCC75B19C8B0D4101E157E0ED26A2B"><title>Tommy Teleshopping</title><date></date><icon src="https://images.nlziet.nl/metadataimportimages/source/C7CE3D866678A1F607FA45B35259849DEC12828026C3B42D0237C80C05DFA810.jpg"></icon><desc>Thuiswinkelprogramma</desc><category></category></programme><programme channel="sbs9" start="20230106023728 +0000" stop="20230106050005 +0000" catchup-id="B65EC7E29DEFA59663FF8D2767049CFC"><title>Loop: Hart van Nederland</title><date></date><icon src="https://images.nlziet.nl/metadataimportimages/source/45D4AEB006E9582C507AD1CDE8BF720515C090E362599F28E1D627B0D30DD091.jpg"></icon><desc>Het nieuws van Nederland. Mis niets van het gesprek van de dag</desc><category></category></programme><programme channel="sbs9" start="20230106050005 +0000" stop="20230106055641 +0000" catchup-id="51C711A7CBD875174E3C779FB2497AFB"><title>Loop: Hart van Nederland</title><date></date><icon src="https://images.nlziet.nl/metadataimportimages/source/45D4AEB006E9582C507AD1CDE8BF720515C090E362599F28E1D627B0D30DD091.jpg"></icon><desc>Het nieuws van Nederland. Mis niets van het gesprek van de dag</desc><category></category></programme><programme channel="sbs9" start="20230106055641 +0000" stop="20230106135810 +0000" catchup-id="0177C38E6A17967C2076C29082EE06D2"><title>TV Winkel</title><date></date><icon src="https://images.nlziet.nl/metadataimportimages/source/C7CE3D866678A1F607FA45B35259849DEC12828026C3B42D0237C80C05DFA810.jpg"></icon><desc>Homeshoppingprogramma.</desc><category></category></programme><programme channel="sbs9" start="20230106135810 +0000" stop="20230106145526 +0000" catchup-id="BFA231730D056FDE3781BF3A9BEB3F38"><title>Huizenjacht</title><date></date><icon src="https://images.nlziet.nl/metadataimportimages/source/D2473E77D398D272047F674148BBBFF1CB12E8719453A59AE599073516F39DB2.jpg"></icon><desc>Huizenzoekers worden geholpen bij de zoektocht naar hun droomhuis.</desc><category></category></programme><programme channel="sbs9" start="20230106145526 +0000" stop="20230106155236 +0000" catchup-id="559658647304731AB5B65580CEBB87E7"><title>The Flying Doctors</title><date></date><icon src="https://images.nlziet.nl/metadataimportimages/source/90C040B1CDD9299F76192BCC63CD566226866770231839208AFD6D7AEA7B7BB9.jpg"></icon><desc>De gebeurtenissen rondom de doktoren in de outback van Australië. Ze bezoeken hun patiënten met het vliegtuig, omdat het land in de meeste gevallen te onherbergzaam is.</desc><category></category></programme><programme channel="sbs9" start="20230106155236 +0000" stop="20230106164703 +0000" catchup-id="A4D3AE62072A268E2FB9674F188C7D92"><title>Dr. Bull</title><date></date><icon src="https://images.nlziet.nl/metadataimportimages/source/EF07CD9DC2342239F4FEB44811B1BCFFE6E67A700391F663118581ECC8B75244.jpg"></icon><desc>Dr. Jason Bull is een psycholoog die als deskundige wordt opgevoerd in rechtszaken. Op een charmante manier gebruikt hij zijn vakkennis, intuïtie en data om erachter te komen hoe de juryleden, advocaten, getuigen en de verdachte in elkaar zitten. Gesteund door een team van uiteenlopende experts, bereidt hij in detail de beste strategie voor zijn cliënt voor. Bull reist af naar Callisto om een jonge vrouw te helpen met haar rechtszaak. In deze kleine Texaanse stad heeft Bull ooit zijn eerste en enige verlies in zijn carrière geleden.</desc><category></category></programme><programme channel="sbs9" start="20230106164703 +0000" stop="20230106173628 +0000" catchup-id="60B3888A292662089E7C6D7DF4DD8E48"><title>McLeod's Daughters</title><date></date><icon src="https://images.nlziet.nl/metadataimportimages/source/80BFFDE7BB672F205422E37986416B9A8FCF1F3F7FCEF348CD7C473B359CE3C7.jpg"></icon><desc>Als Claire een hok met ondervoede schapen koopt van de veeveiling, twijfelt Tess aan haar kunnen. Tess past de therapie-technieken van haar moeder toe, om de vrouwen bij Drover's Run aan te moedigen zich emotioneel open te stellen en een band op te bouwen.</desc><category></category></programme><programme channel="sbs9" start="20230106173628 +0000" stop="20230106183228 +0000" catchup-id="86F2761987C4F9142C02B28394075EB3"><title>McLeod's Daughters</title><date></date><icon src="https://images.nlziet.nl/metadataimportimages/source/80BFFDE7BB672F205422E37986416B9A8FCF1F3F7FCEF348CD7C473B359CE3C7.jpg"></icon><desc>Tess probeert haar rijvaardigheid te verbeteren, maar haar zelfvertrouwen krijgt een klap als ze van haar paard valt. Ze vraagt zich af of ze wel thuishoort op Drover's Run. Claire neemt haar moeilijkste beslissing sinds de dood van haar vader Jack.</desc><category></category></programme><programme channel="sbs9" start="20230106183228 +0000" stop="20230106193005 +0000" catchup-id="2DD14A27001E63B02242CD2B682AF181"><title>Dr. Bull</title><date></date><icon src="https://images.nlziet.nl/metadataimportimages/source/3B564FC9507BD8E70C6ED39A8C81EE40C82840A75A2F3A353C3C2792BE520C46.jpg"></icon><desc>De ouders van een vermoorde socialite willen Bull inhuren om de verloofde van hun dochter te vervolgen voor de misdaad. Bull wijst een groot geldbedrag af en kiest ervoor om in plaats daarvan de verloofde te helpen verdedigen. Marissa, Cable en Danny proberen Chunk te overtuigen om de nieuwe man met wie hij wil daten eerst te laten onderzoeken.</desc><category></category></programme><programme channel="sbs9" start="20230106193005 +0000" stop="20230106202629 +0000" catchup-id="7ACE84B26C476BCE08341295A1C3696D"><title>La Brea</title><date></date><icon src="https://images.nlziet.nl/metadataimportimages/source/EC4CF3C3C1898D0BC4F92693ADAF0E25677361ABF6320D937801EE67F9DA9E02.jpg"></icon><desc>Een enorm zinkgat verdeelt de familie Harris in tweeën, waarbij Eve en Josh in een mysterieuze oerwereld terecht komen. Gavin ontdekt dat de visioenen die hem al jarenlang plagen de sleutel kunnen zijn om ze thuis te brengen.</desc><category></category></programme><programme channel="sbs9" start="20230106202629 +0000" stop="20230106212306 +0000" catchup-id="7137F610C836FE05FAFD61611F0DE6EE"><title>La Brea</title><date></date><icon src="https://images.nlziet.nl/metadataimportimages/source/1B4E983F96A9DCE87E979EF486FE3696314A02F1FE3E74A3CA152E1071D976D7.jpg"></icon><desc>Terwijl Josh in levensgevaar is, doorkruist Eve de gevaarlijke wildernis terug naar de open plek om hem te redden. Gavin en Izzy proberen te bewijzen dat er nog overlevenden zijn in het zinkgat, terwijl overheidsagenten ze in de gaten houden.</desc><category></category></programme><programme channel="sbs9" start="20230106212306 +0000" stop="20230106221336 +0000" catchup-id="E9587BF0FB6578EB3409FB4203AD810A"><title>S.W.A.T.</title><date></date><icon src="https://images.nlziet.nl/metadataimportimages/source/A6BF0C2A5D4564493B78E08A0F59A420C8AD937890C3B09E2B520CDB8410B4CD.jpg"></icon><desc>Luitenant Daniel Harrelson maakt deel uit van de eenheid Special Weapons and Tactics. Hij bevindt zich in een spagaat tussen zijn loyaliteit aan waar hij vandaan komt en zijn bondgenoten van het team.</desc><category></category></programme><programme channel="sbs9" start="20230106221336 +0000" stop="20230106231030 +0000" catchup-id="5966DB10AAD563D24BCC0F55E3FCE723"><title>S.W.A.T.</title><date></date><icon src="https://images.nlziet.nl/metadataimportimages/source/A6BF0C2A5D4564493B78E08A0F59A420C8AD937890C3B09E2B520CDB8410B4CD.jpg"></icon><desc>Hondo en het team achtervolgen vier ontsnapte veroordeelden. Ze moeten hen vinden voordat een rivaliserend team ze vindt. Hondo's leiderschap wordt in twijfel getrokken.</desc><category></category></programme><programme channel="sbs9" start="20230106231030 +0000" stop="20230107000509 +0000" catchup-id="D74893B0ECDB47A2916D0EE29C2DEC6D"><title>Madam Secretary</title><date></date><icon src="https://images.nlziet.nl/metadataimportimages/source/36838C6B94F2F01F9A32AD4675CA55C5ABD4328925F2DBC6AA878F3CBF5532A2.jpg"></icon><desc>Elizabeth moet een ongegrond onderzoek naar haar verleden afweren dat de eerste belangrijke wetgeving van haar presidentschap dreigt te saboteren. Henry ligt onder vuur, nadat zijn verschijning bij een late night show resulteert in wantrouwen binnen zijn huwelijk.</desc><category></category></programme><programme channel="sbs9" start="20230107000509 +0000" stop="20230107023513 +0000" catchup-id="FE1C24AE8EECE36A5342EB5D3BA0693D"><title>Tommy Teleshopping</title><date></date><icon src="https://images.nlziet.nl/metadataimportimages/source/C7CE3D866678A1F607FA45B35259849DEC12828026C3B42D0237C80C05DFA810.jpg"></icon><desc>Thuiswinkelprogramma</desc><category></category></programme><programme channel="sbs9" start="20230107023513 +0000" stop="20230107050005 +0000" catchup-id="4DA46342585EB54A786B9730ED33893D"><title>Loop: Hart van Nederland</title><date></date><icon src="https://images.nlziet.nl/metadataimportimages/source/45D4AEB006E9582C507AD1CDE8BF720515C090E362599F28E1D627B0D30DD091.jpg"></icon><desc>Het nieuws van Nederland. Mis niets van het gesprek van de dag</desc><category></category></programme><programme channel="sbs9" start="20230107050005 +0000" stop="20230107060005 +0000" catchup-id="894C5A4117E228A2B6281D9C87838F7F"><title>Loop: Hart van Nederland</title><date></date><icon src="https://images.nlziet.nl/metadataimportimages/source/45D4AEB006E9582C507AD1CDE8BF720515C090E362599F28E1D627B0D30DD091.jpg"></icon><desc>Het nieuws van Nederland. Mis niets van het gesprek van de dag</desc><category></category></programme><programme channel="sbs9" start="20230107060005 +0000" stop="20230107141702 +0000" catchup-id="FBE4C7CEFC2CAF46BC207F7B4174C8D3"><title>TV Winkel</title><date></date><icon src="https://images.nlziet.nl/metadataimportimages/source/C7CE3D866678A1F607FA45B35259849DEC12828026C3B42D0237C80C05DFA810.jpg"></icon><desc>Thuiswinkelprogramma</desc><category></category></programme><programme channel="sbs9" start="20230107141702 +0000" stop="20230107154248 +0000" catchup-id="F42C71015109FF74EA2A9FFE522360FB"><title>De Grote Tuinverbouwing</title><date></date><icon src="https://images.nlziet.nl/metadataimportimages/source/C1FB24BFCFF9E4C195337D8A3E2EA3DBCC7D6B05F73E2B3837B0A907A178912B.jpg"></icon><desc>Deze keer pakt het team de tuin van Youandi aan in Houten. Ivo maakt een strakke tuin met een wel heel bijzonder schuttingelement. Djamilla zorgt voor meer samenhang in het interieur.</desc><category></category></programme><programme channel="sbs9" start="20230107154248 +0000" stop="20230107163834 +0000" catchup-id="BCB83304035430DFC200114F4995C9E1"><title>Huizenjacht</title><date></date><icon src="https://images.nlziet.nl/metadataimportimages/source/D2473E77D398D272047F674148BBBFF1CB12E8719453A59AE599073516F39DB2.jpg"></icon><desc>Huizenzoekers worden geholpen bij de zoektocht naar hun droomhuis.</desc><category></category></programme><programme channel="sbs9" start="20230107163834 +0000" stop="20230107170826 +0000" catchup-id="1918D96AF0778A327A6432FE942C1530"><title>De Helden van Nu</title><date></date><icon src="https://images.nlziet.nl/metadataimportimages/source/F9B5DF9273054F491B7AE9DA638317D1900CC3728ACB98B0673DD9F968202404.jpg"></icon><desc>Mensen en organisaties worden in het zonnetje gezet. Helden die in deze bijzondere tijd in de frontlinie gestaan hebben of nog steeds staan.</desc><category></category></programme><programme channel="sbs9" start="20230107170826 +0000" stop="20230107174739 +0000" catchup-id="D7AD6BFAB3948C1BAF8B08DBACAF46EB"><title>De Nalatenschap</title><date></date><icon src="https://images.nlziet.nl/metadataimportimages/source/DDE58864350BB1E20058B97533D90F8D241DA59F6A4F1E285778B4EDACC524BD.jpg"></icon><desc>We leren de Tilburgse kunstenaar Twan Hendriks kennen, die na de diagnose Parkinson besluit om de Hersenstichting op te nemen in zijn testament.</desc><category></category></programme><programme channel="sbs9" start="20230107174739 +0000" stop="20230107185054 +0000" catchup-id="FEA34C0652EB9D18C718108C2A7BDD23"><title>BBC Wildlife: Africa</title><date></date><icon src="https://images.nlziet.nl/metadataimportimages/source/E3A381F6614F6D7215DC02F376859E6D30D67E738D3E4BBCD485717A7BC19F32.jpg"></icon><desc>Zuidelijk Afrika is een mix van leven en kleur vanwege de twee grote oceaanstromingen die rond de Kaap van het continent samenkomen.</desc><category></category></programme><programme channel="sbs9" start="20230107185054 +0000" stop="20230107190005 +0000" catchup-id="DBEF4848FE270907547FE1CD5E2CDEE7"><title>De making-off van BBC Wildlife: Africa</title><date></date><icon src="https://images.nlziet.nl/metadataimportimages/source/8E5E71D3C01F95C6C7E76882F0F4600432F060B64430D87CF76989E19E697DBA.jpg"></icon><desc>Een kijkje achter de schermen om te zien hoe de aflevering 'Making of Kaap' is gemaakt.</desc><category></category></programme><programme channel="sbs9" start="20230107190005 +0000" stop="20230107205000 +0000" catchup-id="9F5C4A34797C48FFA89CCAE6ACD3A7B4"><title>The Song to my heart</title><date></date><icon src="https://images.nlziet.nl/metadataimportimages/source/F7BD445D04BC68EE22AD573E58D6341FA8447CF9EB65CBB56FEE432D53B578C4.jpg"></icon><desc>Bonnie, eigenaar van een biologische theewinkel, helpt een muzikant met het schrijven van teksten voor een nieuw soloalbum.</desc><category></category></programme><programme channel="sbs9" start="20230107205000 +0000" stop="20230107223703 +0000" catchup-id="A00F8FCE9022EED4834E1305A9DE0CAA"><title>The Beauty of Love</title><date></date><icon src="https://images.nlziet.nl/metadataimportimages/source/72CF8A091B910B0FED3C372E14BC81A777D1EB566C763FF01E81A3A73896F937.jpg"></icon><desc>Emma is een influencer en is altijd op zoek naar nieuwe producten. Ze komt in contact met Jill, eigenaar van Vermont Botanicals. Jills broer Jesse is alleen niet zo gek op influencers.</desc><category></category></programme><programme channel="sbs9" start="20230107223703 +0000" stop="20230108002326 +0000" catchup-id="91D67A34E10320FB5409C78358A1C581"><title>The Story of Love</title><date></date><icon src="https://images.nlziet.nl/metadataimportimages/source/73F1F3B2282FB6BE1E762704F260EDB8AB717FFD3A140BABB9467693EEBCBAC0.jpg"></icon><desc>Ruby, een aspirant-romanschrijver, sluit zich aan bij een schrijversretraite. Maar wanneer Woody, de hoteleigenaar, haar de natuur laat zien, begint Ruby aan alles te twijfelen.</desc><category></category></programme><programme channel="sbs9" start="20230108002326 +0000" stop="20230108025326 +0000" catchup-id="6D567559FD271915DE52C48DC6A00928"><title>Tommy Teleshopping</title><date></date><icon src="https://images.nlziet.nl/metadataimportimages/source/C7CE3D866678A1F607FA45B35259849DEC12828026C3B42D0237C80C05DFA810.jpg"></icon><desc>Thuiswinkelprogramma</desc><category></category></programme><programme channel="sbs9" start="20230108025326 +0000" stop="20230108050005 +0000" catchup-id="1BA4ED4046B7FADD9E82787478271AB8"><title>Loop: Hart van Nederland</title><date></date><icon src="https://images.nlziet.nl/metadataimportimages/source/45D4AEB006E9582C507AD1CDE8BF720515C090E362599F28E1D627B0D30DD091.jpg"></icon><desc>Het nieuws van Nederland. Mis niets van het gesprek van de dag</desc><category></category></programme><programme channel="sbs9" start="20230108050005 +0000" stop="20230108055805 +0000" catchup-id="8A64C3E9FE466DA50F3F58202C6508CC"><title>Loop: Hart van Nederland</title><date></date><icon src="https://images.nlziet.nl/metadataimportimages/source/45D4AEB006E9582C507AD1CDE8BF720515C090E362599F28E1D627B0D30DD091.jpg"></icon><desc>Het nieuws van Nederland. Mis niets van het gesprek van de dag</desc><category></category></programme><programme channel="sbs9" start="20230108055805 +0000" stop="20230108140510 +0000" catchup-id="AEC17DE0365486F12BDA145F12622341"><title>TV Winkel</title><date></date><icon src="https://images.nlziet.nl/metadataimportimages/source/C7CE3D866678A1F607FA45B35259849DEC12828026C3B42D0237C80C05DFA810.jpg"></icon><desc>Thuiswinkelprogramma</desc><category></category></programme><programme channel="sbs9" start="20230108140510 +0000" stop="20230108150013 +0000" catchup-id="C761DE8FF1962BEC035837AE785578C9"><title>The Doctors</title><date></date><icon src="https://images.nlziet.nl/metadataimportimages/source/80136F13AAAD0B1964F95CFC1AE500F891E74CC66AFC333AD9DEF8D3CF269C28.jpg"></icon><desc>Programmabeschrijving niet beschikbaar</desc><category></category></programme><programme channel="sbs9" start="20230108150013 +0000" stop="20230108153200 +0000" catchup-id="9D8F6AD044D9F8BC98C1FB9D39293D88"><title>Dieren op Spreekuur</title><date></date><icon src="https://images.nlziet.nl/metadataimportimages/source/904541E90DE87C422FDEAFFBB48178FA34352FE8CD0F0B12BD314EB783CE78A7.jpg"></icon><desc>Het is nooit rustig bij de dierenarts. Met in dit seizoen o.a.: verschillende honden en katten die bang zijn voor 'de witte jassen', in de steek gelaten geiten en zelfs aapjes brengen een bezoek aan de kliniek.</desc><category></category></programme><programme channel="sbs9" start="20230108153200 +0000" stop="20230108160152 +0000" catchup-id="2F9B0F59037A695AF90D59071E0818C9"><title>Wall of Sound</title><date></date><icon src="https://images.nlziet.nl/metadataimportimages/source/F4A2CD0E3A6D6192E261CEC188BD1C75500BF0C3B04D013B28D49185B60A0BBB.jpg"></icon><desc>Rock, Pop, RnB, Indie, Dance of Urban, Wall of Sound is het nieuwe wekelijks muziekmagazine die fans op de hoogte houdt van Nederlandse en internationale artiesten. Wie is de nieuwe popsensatie? Welke track of album komt binnenkort uit? We zijn op de set bij opnames van een videoclip en doen verslag vanaf één van je favoriete festivals.</desc><category></category></programme><programme channel="sbs9" start="20230108160152 +0000" stop="20230108173948 +0000" catchup-id="BE9D7F5B6FC563057F7B13576CA84A74"><title>Love on Harbor Island</title><date></date><icon src="https://images.nlziet.nl/metadataimportimages/source/C6F0BC906F5C993070FFBE18366BFEBFCB923338D4604CD3ABD3334933BF5BAE.jpg"></icon><desc>Lily Summers keert terug naar haar geboorteplaats om haar tante te helpen bij het runnen van haar bed and breakfast. Daar ontmoet ze Marcus, die Lily doet beseffen dat thuis is waar je hart ligt.</desc><category></category></programme><programme channel="sbs9" start="20230108173948 +0000" stop="20230108183546 +0000" catchup-id="3ED9485E8FCDA849DFF77837E3B70B4B"><title>Grey's Anatomy</title><date></date><icon src="https://images.nlziet.nl/metadataimportimages/source/F0A2E43B8A792ED4E0118C26550ACB6AB0ED649A752825458BBE4C3FDB72EA68.jpg"></icon><desc>Een patiënt in het ziekenhuis is hersendood nadat ze op een bouwplaats is gevallen. Haar twee zussen moeten beslissen of ze haar in leven willen houden. Ondertussen helpt Meredith Jo op afstand met een moeilijke procedure.</desc><category></category></programme><programme channel="sbs9" start="20230108183546 +0000" stop="20230108193005 +0000" catchup-id="402998814686AB1FF34F4AB3E267E1B3"><title>Grey's Anatomy</title><date></date><icon src="https://images.nlziet.nl/metadataimportimages/source/4DEBC96B354E4CF1631A748374CAF7DE7EC000A35D4EB82A76869FA3D00F804D.jpg"></icon><desc>Nadat Meredith onbedoeld negatieve publiciteit voor Gray Sloan heeft aangewakkerd, probeert ze het goed te maken met haar voormalige collega's. Ben en Vic van Station 19 brengen een jonge vrouw naar het ziekenhuis en Jackson neemt het op tegen Koracick als hij te ver gaat met de familie van een patiënt.</desc><category></category></programme><programme channel="sbs9" start="20230108193005 +0000" stop="20230108211935 +0000" catchup-id="E00317A3372A276E07BA3E79A9ACBDB6"><title>Sex Tape</title><date></date><icon src="https://images.nlziet.nl/metadataimportimages/source/1F2E06AC2FD1E77975B29E1A9A1314FB8CDDF01ED62E8F56BF4428B2AF687A52.jpg"></icon><desc>Jay en Annie proberen hun relatie nieuw leven in te blazen door middel van het maken van een sekstape. Het lijkt een geweldig idee, totdat ze ontdekken dat hun video niet meer privé is.</desc><category></category></programme><programme channel="sbs9" start="20230108211935 +0000" stop="20230108231251 +0000" catchup-id="95A013C9F91369513BAB8069B1AAE578"><title>The Mask</title><date></date><icon src="https://images.nlziet.nl/metadataimportimages/source/C33D6D6D2B69D3E4714531EB87EBD7A88D498A4C72BB203D6CFAB188A5E53C46.jpg"></icon><desc>Het saaie leven van bankmedewerker Stanley Ipkiss verandert als hij een mysterieus masker opzet en verandert in een cartoon-superheld.</desc><category></category></programme><programme channel="sbs9" start="20230108231251 +0000" stop="20230109000725 +0000" catchup-id="93D7156361305B13DB2D92BB123CC5BC"><title>Madam Secretary</title><date></date><icon src="https://images.nlziet.nl/metadataimportimages/source/36838C6B94F2F01F9A32AD4675CA55C5ABD4328925F2DBC6AA878F3CBF5532A2.jpg"></icon><desc>Elizabeth wordt geconfronteerd met toenemende protesten over stijgende brandstofkosten terwijl ze zich voorbereidt om het eerste worp te gooien bij een honkbalwedstrijd van de New York Mets. Mike B. wordt ondervraagd over de vraag of de McCord-campagne met Iran heeft samengespannen om de verkiezingenstemmen te stelen.</desc><category></category></programme><programme channel="sbs9" start="20230109000725 +0000" stop="20230109023725 +0000" catchup-id="B1BB91B049548660887A05299F7BA868"><title>Tommy Teleshopping</title><date></date><icon src="https://images.nlziet.nl/metadataimportimages/source/C7CE3D866678A1F607FA45B35259849DEC12828026C3B42D0237C80C05DFA810.jpg"></icon><desc>Thuiswinkelprogramma</desc><category></category></programme><programme channel="sbs9" start="20230109023725 +0000" stop="20230109050005 +0000" catchup-id="2C2E1F3AF5305CC89B931DABEA693B6A"><title>Loop: Hart van Nederland</title><date></date><icon src="https://images.nlziet.nl/metadataimportimages/source/45D4AEB006E9582C507AD1CDE8BF720515C090E362599F28E1D627B0D30DD091.jpg"></icon><desc>Het nieuws van Nederland. Mis niets van het gesprek van de dag</desc><category></category></programme><programme channel="sbs9" start="20230109050005 +0000" stop="20230109055805 +0000" catchup-id="6886EA93B5F9D1AB585350741BA64A66"><title>Loop: Hart van Nederland</title><date></date><icon src="https://images.nlziet.nl/metadataimportimages/source/45D4AEB006E9582C507AD1CDE8BF720515C090E362599F28E1D627B0D30DD091.jpg"></icon><desc>Het nieuws van Nederland. Mis niets van het gesprek van de dag</desc><category></category></programme><programme channel="sbs9" start="20230109055805 +0000" stop="20230109135900 +0000" catchup-id="7459443A86648278139DE79AB50F7462"><title>TV Winkel</title><date></date><icon src="https://images.nlziet.nl/metadataimportimages/source/C7CE3D866678A1F607FA45B35259849DEC12828026C3B42D0237C80C05DFA810.jpg"></icon><desc>Thuiswinkelprogramma</desc><category></category></programme><programme channel="sbs9" start="20230109135900 +0000" stop="20230109145235 +0000" catchup-id="7E232EA809FC20C90B7AC7D78CA51953"><title>Huizenjacht</title><date></date><icon src="https://images.nlziet.nl/metadataimportimages/source/D2473E77D398D272047F674148BBBFF1CB12E8719453A59AE599073516F39DB2.jpg"></icon><desc>Huizenzoekers worden geholpen bij de zoektocht naar hun droomhuis.</desc><category></category></programme><programme channel="sbs9" start="20230109145235 +0000" stop="20230109154955 +0000" catchup-id="245D210435E6F0AFB890C8124C498221"><title>The Flying Doctors</title><date></date><icon src="https://images.nlziet.nl/metadataimportimages/source/90C040B1CDD9299F76192BCC63CD566226866770231839208AFD6D7AEA7B7BB9.jpg"></icon><desc>Antropoloog Debbie Wilson komt naar Coopers Crossing en raakt in contact met Don Shepherd, tot groot ongenoegen van George Baxter. Hij maakt zich zorgen dat ze de lokale bevolking ophitst over landrechten. Maar wanneer zij en Tom een hechte band krijgen, wordt Tom er juist van beschuldigd partij te kiezen als de gemoederen in de stad oplaaien.</desc><category></category></programme><programme channel="sbs9" start="20230109154955 +0000" stop="20230109164537 +0000" catchup-id="B1A1775C179B06E665BE8F9D50CF4D12"><title>Dr. Bull</title><date></date><icon src="https://images.nlziet.nl/metadataimportimages/source/3B564FC9507BD8E70C6ED39A8C81EE40C82840A75A2F3A353C3C2792BE520C46.jpg"></icon><desc>De ouders van een vermoorde socialite willen Bull inhuren om de verloofde van hun dochter te vervolgen voor de misdaad. Bull wijst een groot geldbedrag af en kiest ervoor om in plaats daarvan de verloofde te helpen verdedigen. Marissa, Cable en Danny proberen Chunk te overtuigen om de nieuwe man met wie hij wil daten eerst te laten onderzoeken.</desc><category></category></programme><programme channel="sbs9" start="20230109164537 +0000" stop="20230109173409 +0000" catchup-id="D4923A72AEBBEB6C3EDADE6D6EACDF8F"><title>McLeod's Daughters</title><date></date><icon src="https://images.nlziet.nl/metadataimportimages/source/80BFFDE7BB672F205422E37986416B9A8FCF1F3F7FCEF348CD7C473B359CE3C7.jpg"></icon><desc>Tess probeert haar rijvaardigheid te verbeteren, maar haar zelfvertrouwen krijgt een klap als ze van haar paard valt. Ze vraagt zich af of ze wel thuishoort op Drover's Run. Claire neemt haar moeilijkste beslissing sinds de dood van haar vader Jack.</desc><category></category></programme><programme channel="sbs9" start="20230109173409 +0000" stop="20230109183207 +0000" catchup-id="F947AB0592CE9D51ACF0CA648D47E961"><title>McLeod's Daughters</title><date></date><icon src="https://images.nlziet.nl/metadataimportimages/source/80BFFDE7BB672F205422E37986416B9A8FCF1F3F7FCEF348CD7C473B359CE3C7.jpg"></icon><desc>Als Claire bewijs vindt dat haar vader van Tess hield, voelt ze zich bedreigd. Meg en Claire ontdekken meer over Becky's gezinsleven, wanneer ze tijdelijk weer aan het werk gaat bij de truckstop van haar ouders.</desc><category></category></programme><programme channel="sbs9" start="20230109183207 +0000" stop="20230109193005 +0000" catchup-id="6D8E6249DD07735DF1016A6B810A66E4"><title>Dr. Bull</title><date></date><icon src="https://images.nlziet.nl/metadataimportimages/source/EF07CD9DC2342239F4FEB44811B1BCFFE6E67A700391F663118581ECC8B75244.jpg"></icon><desc>Bull moet een manier vinden om het negatieve beeld van zijn egoïstische cliënt om te draaien. Het betreft een chirurg, die wordt aangeklaagd wegens wanpraktijken. Ook huurt Bull Liberty Davis in, de advocaat van een eerdere cliënt.</desc><category></category></programme><programme channel="sbs9" start="20230109193005 +0000" stop="20230109211438 +0000" catchup-id="BD156B0338B425F54594AE25E0720DA4"><title>Taken 2</title><date></date><icon src="https://images.nlziet.nl/metadataimportimages/source/412B12D49D13E13636F5FFF5EF973150AE2C1C075F8A107C12E28D5805D202C8.jpg"></icon><desc>CIA-agent Mills gaat met zijn gezin op vakantie in Istanbul. Eenmaal daar is de vader van een van de kidnappers, die Bryan vermoord heeft toen hij zijn dochter Kim probeerde te redden, uit op wraak.</desc><category></category></programme><programme channel="sbs9" start="20230109211438 +0000" stop="20230109231504 +0000" catchup-id="801DD3F7DC74969126D6FCE73F45D2F8"><title>Life</title><date></date><icon src="https://images.nlziet.nl/metadataimportimages/source/BB179F72689F6E3CDFE1A8879BA143AE56284BAB0C66FB3F481D4E4FE63F0E76.jpg"></icon><desc>Zes leden van het International Space Station staan op het punt een van de grootste ontdekkingen te doen in de geschiedenis van de mensheid: het eerste bewijs van buitenaards leven op Mars.</desc><category></category></programme>