{"W0wSqVrpWlDEkuZaknbbc6e_bMtAyXkGOtF1dBjD":{"id":"W0wSqVrpWlDEkuZaknbbc6e_bMtAyXkGOtF1dBjD","media_id":"","title":"AFRICA","description":"","first":"A","duration":"2640","type":"show","seasons":"","icon":"https:\/\/static-content.solocoo.tv\/vod\/ngplus_nl\/publish\/posters\/218886_ngnl_147_219.jpg","category":"naturalhistory","vidcollection":"","ord":"17","datum":"20180101"},"2QHcHJIy47aUAMBG6lBqoK-x0OPfIUaYmw8_467e":{"id":"2QHcHJIy47aUAMBG6lBqoK-x0OPfIUaYmw8_467e","media_id":"","title":"AIR CRASH INVESTIGATION","description":"","first":"A","duration":"2640","type":"show","seasons":"","icon":"https:\/\/static-content.solocoo.tv\/vod\/ngplus_nl\/publish\/posters\/218852_ngnl_147_219.jpg","category":"science","vidcollection":"","ord":"16","datum":"20170101"},"wlB5apwbrHtwOrLisZAJm4opJP5XEv2_PwbU-Y-I":{"id":"wlB5apwbrHtwOrLisZAJm4opJP5XEv2_PwbU-Y-I","media_id":"","title":"AIRPORT NIGHTMARES","description":"","first":"A","duration":"2640","type":"show","seasons":"","icon":"https:\/\/static-content.solocoo.tv\/vod\/ngplus_nl\/publish\/posters\/219345_ngnl_147_219.jpg","category":"people","vidcollection":"","ord":"32","datum":"20180101"},"JNciSKVqySSlr5VqTBMMjhZBfXEeNyCV1_K7Hn90":{"id":"JNciSKVqySSlr5VqTBMMjhZBfXEeNyCV1_K7Hn90","media_id":"","title":"ALIENS","description":"","first":"A","duration":"2640","type":"show","seasons":"","icon":"https:\/\/static-content.solocoo.tv\/vod\/ngplus_nl\/publish\/posters\/219322_ngnl_147_219.jpg","category":"science","vidcollection":"","ord":"29","datum":"20140101"},"Jyi6yF6NSGy_SYEDrNNRoEMUwfAL-qwVX8CtOUw8":{"id":"Jyi6yF6NSGy_SYEDrNNRoEMUwfAL-qwVX8CtOUw8","media_id":"","title":"AUSTRALASIA","description":"","first":"A","duration":"2640","type":"show","seasons":"","icon":"https:\/\/static-content.solocoo.tv\/vod\/ngplus_nl\/publish\/posters\/219336_ngnl_147_219.jpg","category":"naturalhistory","vidcollection":"","ord":"27","datum":"20170101"},"P1UsVGPzdeuRE9IyOFZgyzvDnsMJ2QIfB1BpZ2lO":{"id":"P1UsVGPzdeuRE9IyOFZgyzvDnsMJ2QIfB1BpZ2lO","media_id":"","title":"BIG CATS","description":"","first":"B","duration":"2700","type":"show","seasons":"","icon":"https:\/\/static-content.solocoo.tv\/vod\/ngplus_nl\/publish\/posters\/176213_ngnl_147_219.jpg","category":"naturalhistory","vidcollection":"","ord":"34","datum":"20120101"},"JU2GvmdMWcX8do7o3gkmSKyitaPIZPc-ASRq59Kk":{"id":"JU2GvmdMWcX8do7o3gkmSKyitaPIZPc-ASRq59Kk","media_id":"","title":"CARS","description":"","first":"C","duration":"2700","type":"show","seasons":"","icon":"https:\/\/static-content.solocoo.tv\/vod\/ngplus_nl\/publish\/posters\/218855_ngnl_147_219.jpg","category":"carsmotors","vidcollection":"","ord":"33","datum":"20120101"},"T_Md1GytV168bxsS6jyiL4AzIkfnHcnPvwFXn8DE":{"id":"T_Md1GytV168bxsS6jyiL4AzIkfnHcnPvwFXn8DE","media_id":"","title":"CESAR MILLAN","description":"","first":"C","duration":"2700","type":"show","seasons":"","icon":"https:\/\/static-content.solocoo.tv\/vod\/ngplus_nl\/publish\/posters\/218941_ngnl_147_219.jpg","category":"people","vidcollection":"","ord":"41","datum":"20120101"},"tbeXlldy_GCeLPtpxiVHN4dUIklB3uRl4KFuM--r":{"id":"tbeXlldy_GCeLPtpxiVHN4dUIklB3uRl4KFuM--r","media_id":"","title":"CHAIN OF COMMAND","description":"","first":"C","duration":"2820","type":"show","seasons":"","icon":"https:\/\/static-content.solocoo.tv\/vod\/ngplus_nl\/publish\/posters\/219324_ngnl_147_219.jpg","category":"Adventure","vidcollection":"","ord":"15","datum":"20170101"},"huKWXwIDL76excdLUCsi2tqHTdSgsVnS5gNeKumP":{"id":"huKWXwIDL76excdLUCsi2tqHTdSgsVnS5gNeKumP","media_id":"","title":"CLIMATE CHANGE","description":"","first":"C","duration":"5700","type":"show","seasons":"","icon":"https:\/\/static-content.solocoo.tv\/vod\/ngplus_nl\/publish\/posters\/194170_ngnl_147_219.jpg","category":"science","vidcollection":"","ord":"23","datum":"20160101"},"y-9IPcXM0iG7CPSV6Crk8dFz6rpdZHHiHiMG-8aw":{"id":"y-9IPcXM0iG7CPSV6Crk8dFz6rpdZHHiHiMG-8aw","media_id":"","title":"COSMOS","description":"","first":"C","duration":"2580","type":"show","seasons":"","icon":"https:\/\/static-content.solocoo.tv\/vod\/ngplus_nl\/publish\/posters\/218864_ngnl_147_219.jpg","category":"science","vidcollection":"","ord":"10","datum":"20180101"},"cykdDQ7SWoUApFMBV-ntvbfpCkknZ0Qie-T-W7fa":{"id":"cykdDQ7SWoUApFMBV-ntvbfpCkknZ0Qie-T-W7fa","media_id":"","title":"DEEP-SEA EXPLORATION","description":"","first":"D","duration":"2820","type":"show","seasons":"","icon":"https:\/\/static-content.solocoo.tv\/vod\/ngplus_nl\/publish\/posters\/218887_ngnl_147_219.jpg","category":"science","vidcollection":"","ord":"39","datum":"20170101"},"SDA88pmI5EYt1RTWHxU4IMNYYedJ5y-B_gFNaLrA":{"id":"SDA88pmI5EYt1RTWHxU4IMNYYedJ5y-B_gFNaLrA","media_id":"","title":"DOGS","description":"","first":"D","duration":"2640","type":"show","seasons":"","icon":"https:\/\/static-content.solocoo.tv\/vod\/ngplus_nl\/publish\/posters\/219445_ngnl_147_219.jpg","category":"people","vidcollection":"","ord":"49","datum":"20170101"},"lRzVm7gzD_9h8FF8vyQ61jUBSd0rXLXBsrkNd6US":{"id":"lRzVm7gzD_9h8FF8vyQ61jUBSd0rXLXBsrkNd6US","media_id":"","title":"DR. POL","description":"","first":"D","duration":"2700","type":"show","seasons":"","icon":"https:\/\/static-content.solocoo.tv\/vod\/ngplus_nl\/publish\/posters\/219347_ngnl_147_219.jpg","category":"people","vidcollection":"","ord":"36","datum":"20110101"},"XTZsWBgr-b_YYqugvlKSQ9PaqkI53edaH7H9Khp_":{"id":"XTZsWBgr-b_YYqugvlKSQ9PaqkI53edaH7H9Khp_","media_id":"","title":"EGYPT","description":"","first":"E","duration":"2640","type":"show","seasons":"","icon":"https:\/\/static-content.solocoo.tv\/vod\/ngplus_nl\/publish\/posters\/218858_ngnl_147_219.jpg","category":"Culture","vidcollection":"","ord":"50","datum":"20150101"},"Zevs6LQo91wzwx1mpW06PhmsCFDKgvj8-vkSeIUp":{"id":"Zevs6LQo91wzwx1mpW06PhmsCFDKgvj8-vkSeIUp","media_id":"","title":"ENDANGERED SPECIES","description":"","first":"E","duration":"6120","type":"show","seasons":"","icon":"https:\/\/static-content.solocoo.tv\/vod\/ngplus_nl\/publish\/posters\/218936_ngnl_147_219.jpg","category":"naturalhistory","vidcollection":"","ord":"46","datum":"20190101"},"8T57F_xn_X71DdPd4tcuK4oVlbuJTsS72tuiHoTm":{"id":"8T57F_xn_X71DdPd4tcuK4oVlbuJTsS72tuiHoTm","media_id":"","title":"ENGINEERING","description":"","first":"E","duration":"2640","type":"show","seasons":"","icon":"https:\/\/static-content.solocoo.tv\/vod\/ngplus_nl\/publish\/posters\/218882_ngnl_147_219.jpg","category":"technology","vidcollection":"","ord":"26","datum":"20150101"},"AW3_5342_DW1F5C0-87HLOGGQ0T29G6caNkMY3xd":{"id":"AW3_5342_DW1F5C0-87HLOGGQ0T29G6caNkMY3xd","media_id":"","title":"EUROPE","description":"","first":"E","duration":"2640","type":"show","seasons":"","icon":"https:\/\/static-content.solocoo.tv\/vod\/ngplus_nl\/publish\/posters\/219339_ngnl_147_219.jpg","category":"naturalhistory","vidcollection":"","ord":"8","datum":"20180101"},"QxjjwP_UbfigzCheu9d0oX3fTurUQdstQeayeLbu":{"id":"QxjjwP_UbfigzCheu9d0oX3fTurUQdstQeayeLbu","media_id":"","title":"EUROPE FROM ABOVE","description":"","first":"E","duration":"2640","type":"show","seasons":"","icon":"https:\/\/static-content.solocoo.tv\/vod\/ngplus_nl\/publish\/posters\/225016_ngnl_147_219.jpg","category":"Culture","vidcollection":"","ord":"4","datum":"20190101"},"jcX6ay8u3q1YaLpW3zK9eI_mdU8w5-gWSKLUrKKU":{"id":"jcX6ay8u3q1YaLpW3zK9eI_mdU8w5-gWSKLUrKKU","media_id":"","title":"FREE SOLO","description":"","first":"F","duration":"5820","type":"show","seasons":"","icon":"https:\/\/static-content.solocoo.tv\/vod\/ngplus_nl\/publish\/posters\/218859_ngnl_147_219.jpg","category":"Adventure","vidcollection":"","ord":"9","datum":"20180101"},"djSIwgRqW0XF5WlMLTO_dSyO-2AuN3Vh6_Q0gBxD":{"id":"djSIwgRqW0XF5WlMLTO_dSyO-2AuN3Vh6_Q0gBxD","media_id":"","title":"FROZEN WORLD","description":"","first":"F","duration":"2760","type":"show","seasons":"","icon":"https:\/\/static-content.solocoo.tv\/vod\/ngplus_nl\/publish\/posters\/227812_ngnl_147_219.jpg","category":"naturalhistory","vidcollection":"","ord":"18","datum":"20160101"},"VL2koni5-7ofTpFhbtlXRVqqtvv0CK5Y-EEGaU7H":{"id":"VL2koni5-7ofTpFhbtlXRVqqtvv0CK5Y-EEGaU7H","media_id":"","title":"GORDON RAMSAY","description":"","first":"G","duration":"2820","type":"show","seasons":"","icon":"https:\/\/static-content.solocoo.tv\/vod\/ngplus_nl\/publish\/posters\/218888_ngnl_147_219.jpg","category":"Culture","vidcollection":"","ord":"5","datum":"20190101"},"DZlQkZhk3e3RTvU3-LhoesQ_tmdr91k0UXXFNdb8":{"id":"DZlQkZhk3e3RTvU3-LhoesQ_tmdr91k0UXXFNdb8","media_id":"","title":"HOSTILE PLANET","description":"","first":"H","duration":"2820","type":"show","seasons":"","icon":"https:\/\/static-content.solocoo.tv\/vod\/ngplus_nl\/publish\/posters\/225014_ngnl_147_219.jpg","category":"naturalhistory","vidcollection":"","ord":"3","datum":"20190101"},"1QgvTnAIlBAVfIfkbuFI9m7GGpsRVbBAhgwz9WAz":{"id":"1QgvTnAIlBAVfIfkbuFI9m7GGpsRVbBAhgwz9WAz","media_id":"","title":"INCREDIBLE RESCUES","description":"","first":"I","duration":"2580","type":"show","seasons":"","icon":"https:\/\/static-content.solocoo.tv\/vod\/ngplus_nl\/publish\/posters\/219430_ngnl_147_219.jpg","category":"Adventure","vidcollection":"","ord":"25","datum":"20150101"},"sXjx3RY27sF3VNc-J8EsKXrE2MxvyRNFrckQcMMC":{"id":"sXjx3RY27sF3VNc-J8EsKXrE2MxvyRNFrckQcMMC","media_id":"","title":"JAPAN","description":"","first":"J","duration":"2700","type":"show","seasons":"","icon":"https:\/\/static-content.solocoo.tv\/vod\/ngplus_nl\/publish\/posters\/218938_ngnl_147_219.jpg","category":"History","vidcollection":"","ord":"38","datum":"20130101"},"YlGiT7-sh3GylM1ttI_3GHMWIWnw41zHVzhWaK0p":{"id":"YlGiT7-sh3GylM1ttI_3GHMWIWnw41zHVzhWaK0p","media_id":"","title":"JFK","description":"","first":"J","duration":"5280","type":"show","seasons":"","icon":"https:\/\/static-content.solocoo.tv\/vod\/ngplus_nl\/publish\/posters\/225019_ngnl_147_219.jpg","category":"History","vidcollection":"","ord":"44","datum":"20130101"},"BSg3ViUi-9vNzjkeGCGlVaF3eLwFxDMQwk14ATgX":{"id":"BSg3ViUi-9vNzjkeGCGlVaF3eLwFxDMQwk14ATgX","media_id":"","title":"LOST TREASURES","description":"","first":"L","duration":"5280","type":"show","seasons":"","icon":"https:\/\/static-content.solocoo.tv\/vod\/ngplus_nl\/publish\/posters\/219346_ngnl_147_219.jpg","category":"Culture","vidcollection":"","ord":"21","datum":"20160101"},"vnBUCoW68NZ0oxoz4iGqic0JY2V72hF-tdbh874v":{"id":"vnBUCoW68NZ0oxoz4iGqic0JY2V72hF-tdbh874v","media_id":"","title":"LOST TREASURES OF EGYPT 3","description":"","first":"L","duration":"2640","type":"show","seasons":"","icon":"https:\/\/static-content.solocoo.tv\/vod\/ngplus_nl\/publish\/posters\/227889_ngnl_147_219.jpg","category":"History","vidcollection":"","ord":"2","datum":"20210101"},"-fGlzdVWTei2ek_xGol-HIbg0nWwgckU-qmJlqgI":{"id":"-fGlzdVWTei2ek_xGol-HIbg0nWwgckU-qmJlqgI","media_id":"","title":"MARS","description":"","first":"M","duration":"2820","type":"show","seasons":"","icon":"https:\/\/static-content.solocoo.tv\/vod\/ngplus_nl\/publish\/posters\/218860_ngnl_147_219.jpg","category":"science","vidcollection":"","ord":"22","datum":"20160101"},"l1wbiWcRVD-9wQvGg5lnn8wF3XZg2R50ocO1i3NE":{"id":"l1wbiWcRVD-9wQvGg5lnn8wF3XZg2R50ocO1i3NE","media_id":"","title":"MYSTERIES AND LEGENDS","description":"","first":"M","duration":"2700","type":"show","seasons":"","icon":"https:\/\/static-content.solocoo.tv\/vod\/ngplus_nl\/publish\/posters\/227811_ngnl_147_219.jpg","category":"History","vidcollection":"","ord":"31","datum":"20120101"},"HjmfR5kCLOVzO0CCJyhAdWB0nDONc3zMqUVnGhAO":{"id":"HjmfR5kCLOVzO0CCJyhAdWB0nDONc3zMqUVnGhAO","media_id":"","title":"NATURAL DISASTERS","description":"","first":"N","duration":"2700","type":"show","seasons":"","icon":"https:\/\/static-content.solocoo.tv\/vod\/ngplus_nl\/publish\/posters\/219428_ngnl_147_219.jpg","category":"naturalhistory","vidcollection":"","ord":"45","datum":"20100101"},"t31zQgkgAVhACjJob-Fs_wZAp-V9X_O7G6eegf7y":{"id":"t31zQgkgAVhACjJob-Fs_wZAp-V9X_O7G6eegf7y","media_id":"","title":"NAZIS","description":"","first":"N","duration":"2700","type":"show","seasons":"","icon":"https:\/\/static-content.solocoo.tv\/vod\/ngplus_nl\/publish\/posters\/218863_ngnl_147_219.jpg","category":"History","vidcollection":"","ord":"43","datum":"20110101"},"7M3DGPKwbE9iRseO0DD0hNhw8q7-rKl3YHTgCZhA":{"id":"7M3DGPKwbE9iRseO0DD0hNhw8q7-rKl3YHTgCZhA","media_id":"","title":"NORTH AMERICA","description":"","first":"N","duration":"2640","type":"show","seasons":"","icon":"https:\/\/static-content.solocoo.tv\/vod\/ngplus_nl\/publish\/posters\/218939_ngnl_147_219.jpg","category":"naturalhistory","vidcollection":"","ord":"48","datum":"20170101"},"aBT1iCuHfl0DO4PRDqOQUjt7TKIUwJJChV18baTJ":{"id":"aBT1iCuHfl0DO4PRDqOQUjt7TKIUwJJChV18baTJ","media_id":"","title":"OCEANS","description":"","first":"O","duration":"2700","type":"show","seasons":"","icon":"https:\/\/static-content.solocoo.tv\/vod\/ngplus_nl\/publish\/posters\/218937_ngnl_147_219.jpg","category":"naturalhistory","vidcollection":"","ord":"42","datum":"20190101"},"MALqJB-Zz1XeCYJ9Pa44jfe2SeVI89MIcjpNDXrL":{"id":"MALqJB-Zz1XeCYJ9Pa44jfe2SeVI89MIcjpNDXrL","media_id":"","title":"ONE STRANGE ROCK","description":"","first":"O","duration":"2820","type":"show","seasons":"","icon":"https:\/\/static-content.solocoo.tv\/vod\/ngplus_nl\/publish\/posters\/225013_ngnl_147_219.jpg","category":"science","vidcollection":"","ord":"12","datum":"20170101"},"AO2A-epnsEXOBmaO19cnYpUe-BE9S21T6ao37mFV":{"id":"AO2A-epnsEXOBmaO19cnYpUe-BE9S21T6ao37mFV","media_id":"","title":"PETS","description":"","first":"P","duration":"2580","type":"show","seasons":"","icon":"https:\/\/static-content.solocoo.tv\/vod\/ngplus_nl\/publish\/posters\/218940_ngnl_147_219.jpg","category":"people","vidcollection":"","ord":"13","datum":"20180101"},"DMgqb_g3cKUfROHece30FMJ9vFCt4tjPeJGtT3gg":{"id":"DMgqb_g3cKUfROHece30FMJ9vFCt4tjPeJGtT3gg","media_id":"","title":"PHOTO ARK","description":"","first":"P","duration":"2640","type":"show","seasons":"","icon":"https:\/\/static-content.solocoo.tv\/vod\/ngplus_nl\/publish\/posters\/219432_ngnl_147_219.jpg","category":"naturalhistory","vidcollection":"","ord":"19","datum":"20210101"},"CneRYCfaiRFyKMFiX7a04DndPtro6cSL8AB65dU-":{"id":"CneRYCfaiRFyKMFiX7a04DndPtro6cSL8AB65dU-","media_id":"","title":"PLANET OR PLASTIC","description":"","first":"P","duration":"2640","type":"show","seasons":"","icon":"https:\/\/static-content.solocoo.tv\/vod\/ngplus_nl\/publish\/posters\/225015_ngnl_147_219.jpg","category":"science","vidcollection":"","ord":"11","datum":"20180101"},"Mk1d0mCBtk_j3hXe68Cb_DSG88HGVGfsXDx-dieB":{"id":"Mk1d0mCBtk_j3hXe68Cb_DSG88HGVGfsXDx-dieB","media_id":"","title":"PLANET POSSIBLE","description":"","first":"P","duration":"2640","type":"show","seasons":"","icon":"https:\/\/static-content.solocoo.tv\/vod\/ngplus_nl\/publish\/posters\/218942_ngnl_147_219.jpg","category":"naturalhistory","vidcollection":"","ord":"37","datum":"20190101"},"JF0SApyEbdhHUBQrec-0-L3tkFB0zrTeNIYg-o2D":{"id":"JF0SApyEbdhHUBQrec-0-L3tkFB0zrTeNIYg-o2D","media_id":"","title":"PREDATORS","description":"","first":"P","duration":"2640","type":"show","seasons":"","icon":"https:\/\/static-content.solocoo.tv\/vod\/ngplus_nl\/publish\/posters\/218861_ngnl_147_219.jpg","category":"naturalhistory","vidcollection":"","ord":"40","datum":"20150101"},"8Pm3SJtCJBqLrUvfhhchGOTsutiFR_Lq3hJtzcK0":{"id":"8Pm3SJtCJBqLrUvfhhchGOTsutiFR_Lq3hJtzcK0","media_id":"","title":"PRIMATES","description":"","first":"P","duration":"2640","type":"show","seasons":"","icon":"https:\/\/static-content.solocoo.tv\/vod\/ngplus_nl\/publish\/posters\/227808_ngnl_147_219.jpg","category":"naturalhistory","vidcollection":"","ord":"47","datum":"20170101"},"4NLTYLyofD0VX94eCSGE_KI13w2qh0jvV1Cbsuhb":{"id":"4NLTYLyofD0VX94eCSGE_KI13w2qh0jvV1Cbsuhb","media_id":"","title":"SHARKS","description":"","first":"S","duration":"2640","type":"show","seasons":"","icon":"https:\/\/static-content.solocoo.tv\/vod\/ngplus_nl\/publish\/posters\/218862_ngnl_147_219.jpg","category":"naturalhistory","vidcollection":"","ord":"6","datum":"20190101"},"IsN9qvkfaldIpTJRJKsh8uL3A4EM1P35dk227lGe":{"id":"IsN9qvkfaldIpTJRJKsh8uL3A4EM1P35dk227lGe","media_id":"","title":"SNAKES","description":"","first":"S","duration":"2640","type":"show","seasons":"","icon":"https:\/\/static-content.solocoo.tv\/vod\/ngplus_nl\/publish\/posters\/219343_ngnl_147_219.jpg","category":"naturalhistory","vidcollection":"","ord":"28","datum":"20170101"},"VY-77_nCNx53KdFTAPIMZLEZC7QgIqtLJetNukBF":{"id":"VY-77_nCNx53KdFTAPIMZLEZC7QgIqtLJetNukBF","media_id":"","title":"THE BEST OF NAT GEO","description":"","first":"T","duration":"2640","type":"show","seasons":"","icon":"https:\/\/static-content.solocoo.tv\/vod\/ngplus_nl\/publish\/posters\/227816_ngnl_147_219.jpg","category":"Entertainment","vidcollection":"","ord":"7","datum":"20190101"},"pQggzDav86DWI00j6FbRZAuW-yVgHbfU5l1tPVxw":{"id":"pQggzDav86DWI00j6FbRZAuW-yVgHbfU5l1tPVxw","media_id":"","title":"THE HOT ZONE: ANTHRAX","description":"","first":"T","duration":"2760","type":"show","seasons":"","icon":"https:\/\/static-content.solocoo.tv\/vod\/ngplus_nl\/publish\/posters\/227890_ngnl_147_219.jpg","category":"Drama","vidcollection":"","ord":"1","datum":"20210101"},"HR5KksDIyo0dKNpvf-65jC-nyFOCx-X6ecAXbyZN":{"id":"HR5KksDIyo0dKNpvf-65jC-nyFOCx-X6ecAXbyZN","media_id":"","title":"THE LONG ROAD HOME","description":"","first":"T","duration":"2700","type":"show","seasons":"","icon":"https:\/\/static-content.solocoo.tv\/vod\/ngplus_nl\/publish\/posters\/219323_ngnl_147_219.jpg","category":"Drama","vidcollection":"","ord":"14","datum":"20170101"},"6RuuohLtCq4vk_3H9vRL51zil2dX_IKkSlGw8kz3":{"id":"6RuuohLtCq4vk_3H9vRL51zil2dX_IKkSlGw8kz3","media_id":"","title":"WAR IN THE PACIFIC","description":"","first":"W","duration":"2640","type":"show","seasons":"","icon":"https:\/\/static-content.solocoo.tv\/vod\/ngplus_nl\/publish\/posters\/227885_ngnl_147_219.jpg","category":"History","vidcollection":"","ord":"24","datum":"20190101"},"IgTa1_ziuqT0p29hqRSSxNfQFQyFnYTr4vymHDkE":{"id":"IgTa1_ziuqT0p29hqRSSxNfQFQyFnYTr4vymHDkE","media_id":"","title":"WAR ON TERROR","description":"","first":"W","duration":"2760","type":"show","seasons":"","icon":"https:\/\/static-content.solocoo.tv\/vod\/ngplus_nl\/publish\/posters\/219325_ngnl_147_219.jpg","category":"Culture","vidcollection":"","ord":"20","datum":"20170101"},"vI9OPFWL9KnUdKmegex0zflTeeMIsuasgO5Gv-VY":{"id":"vI9OPFWL9KnUdKmegex0zflTeeMIsuasgO5Gv-VY","media_id":"","title":"WILD WINTER","description":"","first":"W","duration":"2640","type":"show","seasons":"","icon":"https:\/\/static-content.solocoo.tv\/vod\/ngplus_nl\/publish\/posters\/227883_ngnl_147_219.jpg","category":"naturalhistory","vidcollection":"","ord":"35","datum":"20130101"},"I71GEOwAHMOlNxOyNcHpZWHg6zCB1z9S3VOvd3K4":{"id":"I71GEOwAHMOlNxOyNcHpZWHg6zCB1z9S3VOvd3K4","media_id":"","title":"WWII","description":"","first":"W","duration":"2640","type":"show","seasons":"","icon":"https:\/\/static-content.solocoo.tv\/vod\/ngplus_nl\/publish\/posters\/218885_ngnl_147_219.jpg","category":"History","vidcollection":"","ord":"30","datum":"20140101"}}