{"GxzDZ0ObbaH-Xc2FFP-iC22QgQV5L9muHMrScoAr":{"id":"GxzDZ0ObbaH-Xc2FFP-iC22QgQV5L9muHMrScoAr","media_id":"","title":"13 Hours: The Secret Soldiers of Benghazi","description":"","first":"other","duration":"8280","type":"movie","seasons":"","icon":"https:\/\/static-content.solocoo.tv\/vod\/canalplus\/publish\/posters\/MOVIE_60075_nl_147_219.jpg","category":"Action","vidcollection":"","ord":"69","datum":"20160101"},"t_GHmL57L7snmsukLx2pFjJhb-hXCI3b-Vw9hr9D":{"id":"t_GHmL57L7snmsukLx2pFjJhb-hXCI3b-Vw9hr9D","media_id":"","title":"A Quiet Place Part II","description":"","first":"A","duration":"5580","type":"movie","seasons":"","icon":"https:\/\/static-content.solocoo.tv\/vod\/canalplus\/publish\/posters\/MOVIE_111373_nl_147_219.jpg","category":"Horror","vidcollection":"","ord":"12","datum":"20200101"},"vGgh_2cXHFdWGzw-CbkWlu5N5P8uh2mHaKnPwlTf":{"id":"vGgh_2cXHFdWGzw-CbkWlu5N5P8uh2mHaKnPwlTf","media_id":"","title":"A Star is Born","description":"","first":"A","duration":"7800","type":"movie","seasons":"","icon":"https:\/\/static-content.solocoo.tv\/vod\/canalplus\/publish\/posters\/MOVIE_88561_nl_147_219.jpg","category":"Drama","vidcollection":"","ord":"53","datum":"20180101"},"BF5JFNVuEoxOy0PFh2TrEeY82pLt2IwMrgk3SFyk":{"id":"BF5JFNVuEoxOy0PFh2TrEeY82pLt2IwMrgk3SFyk","media_id":"","title":"Addams Family Values","description":"","first":"A","duration":"5400","type":"movie","seasons":"","icon":"https:\/\/static-content.solocoo.tv\/vod\/canalplus\/publish\/posters\/MOVIE_37653_nl_147_219.jpg","category":"Comedy","vidcollection":"","ord":"142","datum":"19930101"},"i4LPYO-nj68ea3NQqrmoNZ5Yk-y-yI-ABF-pHg1G":{"id":"i4LPYO-nj68ea3NQqrmoNZ5Yk-y-yI-ABF-pHg1G","media_id":"","title":"Annabelle Comes Home","description":"","first":"A","duration":"6060","type":"movie","seasons":"","icon":"https:\/\/static-content.solocoo.tv\/vod\/canalplus\/publish\/posters\/MOVIE_93942_nl_147_219.jpg","category":"Horror","vidcollection":"","ord":"37","datum":"20190101"},"JY9sL7207yRnGGwACN7w7EtbGvIr4ebLx5f8-gAh":{"id":"JY9sL7207yRnGGwACN7w7EtbGvIr4ebLx5f8-gAh","media_id":"","title":"Aquaman","description":"","first":"A","duration":"8220","type":"movie","seasons":"","icon":"https:\/\/static-content.solocoo.tv\/vod\/canalplus\/publish\/posters\/MOVIE_90095_nl_147_219.jpg","category":"Science Fiction","vidcollection":"","ord":"51","datum":"20180101"},"l2R2V4nnerHJnPVkXAZ2-LS0Kw3pihCIJfbOMj5u":{"id":"l2R2V4nnerHJnPVkXAZ2-LS0Kw3pihCIJfbOMj5u","media_id":"","title":"Baywatch","description":"","first":"B","duration":"6660","type":"movie","seasons":"","icon":"https:\/\/static-content.solocoo.tv\/vod\/canalplus\/publish\/posters\/MOVIE_73215_nl_147_219.jpg","category":"Comedy","vidcollection":"","ord":"62","datum":"20170101"},"EJDsZ910Oe2ZTR_WDdtx8vecG7K4MM0-f3-fI3x5":{"id":"EJDsZ910Oe2ZTR_WDdtx8vecG7K4MM0-f3-fI3x5","media_id":"","title":"Birds of Prey","description":"","first":"B","duration":"6240","type":"movie","seasons":"","icon":"https:\/\/static-content.solocoo.tv\/vod\/canalplus\/publish\/posters\/MOVIE_97380_nl_147_219.jpg","category":"Action","vidcollection":"","ord":"22","datum":"20200101"},"nIV_TfpPuas1mjoZ0uR4PDV64G44j7UKtQX15nE4":{"id":"nIV_TfpPuas1mjoZ0uR4PDV64G44j7UKtQX15nE4","media_id":"","title":"Body Cam","description":"","first":"B","duration":"5520","type":"movie","seasons":"","icon":"https:\/\/static-content.solocoo.tv\/vod\/canalplus\/publish\/posters\/MOVIE_99457_nl_147_219.jpg","category":"Thriller","vidcollection":"","ord":"11","datum":"20200101"},"ufu0ElPy8kKp3g4ijEmkBzncqUGPhCLHx886M_3Z":{"id":"ufu0ElPy8kKp3g4ijEmkBzncqUGPhCLHx886M_3Z","media_id":"","title":"Bumblebee","description":"","first":"B","duration":"6540","type":"movie","seasons":"","icon":"https:\/\/static-content.solocoo.tv\/vod\/canalplus\/publish\/posters\/MOVIE_90698_nl_147_219.jpg","category":"Action","vidcollection":"","ord":"47","datum":"20180101"},"PLo5IzMq3eQ0o29kRugf1km5DXeGJcJkNSR6wTls":{"id":"PLo5IzMq3eQ0o29kRugf1km5DXeGJcJkNSR6wTls","media_id":"","title":"Cast Away","description":"","first":"C","duration":"8220","type":"movie","seasons":"","icon":"https:\/\/static-content.solocoo.tv\/vod\/canalplus\/publish\/posters\/MOVIE_37667_nl_147_219.jpg","category":"Action","vidcollection":"","ord":"132","datum":"20000101"},"NPocciNND2835IPgWUNhlz7sEx10YW4_M0ibQlFZ":{"id":"NPocciNND2835IPgWUNhlz7sEx10YW4_M0ibQlFZ","media_id":"","title":"Catch Me If You Can","description":"","first":"C","duration":"8040","type":"movie","seasons":"","icon":"https:\/\/static-content.solocoo.tv\/vod\/canalplus\/publish\/posters\/MOVIE_37702_nl_147_219.jpg","category":"Drama","vidcollection":"","ord":"127","datum":"20020101"},"Z7HJDTebZMWimDBW-GTIlzGxzQeO_yWm54AZaL3r":{"id":"Z7HJDTebZMWimDBW-GTIlzGxzQeO_yWm54AZaL3r","media_id":"","title":"Charlie and the Chocolate Factory","description":"","first":"C","duration":"6600","type":"movie","seasons":"","icon":"https:\/\/static-content.solocoo.tv\/vod\/canalplus\/publish\/posters\/MOVIE_3011_nl_147_219.jpg","category":"Comedy","vidcollection":"","ord":"116","datum":"20050101"},"CreJCIm335_rmy12FFaXSV_QzJNpCX_z94S0Sf9M":{"id":"CreJCIm335_rmy12FFaXSV_QzJNpCX_z94S0Sf9M","media_id":"","title":"Crawl","description":"","first":"C","duration":"4980","type":"movie","seasons":"","icon":"https:\/\/static-content.solocoo.tv\/vod\/canalplus\/publish\/posters\/MOVIE_94577_nl_147_219.jpg","category":"Action","vidcollection":"","ord":"35","datum":"20190101"},"t7lYXUc184oUBmBlq3FSD-wRCxL4hkyURrkJsBh7":{"id":"t7lYXUc184oUBmBlq3FSD-wRCxL4hkyURrkJsBh7","media_id":"","title":"Crazy Rich Asians","description":"","first":"C","duration":"6900","type":"movie","seasons":"","icon":"https:\/\/static-content.solocoo.tv\/vod\/canalplus\/publish\/posters\/MOVIE_89557_nl_147_219.jpg","category":"Comedy","vidcollection":"","ord":"48","datum":"20180101"},"w_qkkI8zo4qIMedIjOL-OZH7MaTTAydhD1ovh0zm":{"id":"w_qkkI8zo4qIMedIjOL-OZH7MaTTAydhD1ovh0zm","media_id":"","title":"Deep Blue Sea 3","description":"","first":"D","duration":"5700","type":"movie","seasons":"","icon":"https:\/\/static-content.solocoo.tv\/vod\/canalplus\/publish\/posters\/MOVIE_99100_nl_147_219.jpg","category":"Horror","vidcollection":"","ord":"19","datum":"20200101"},"EAw8M7_mUUR72Uiuir23xEGyEJSKTO2bk6l-q5wo":{"id":"EAw8M7_mUUR72Uiuir23xEGyEJSKTO2bk6l-q5wo","media_id":"","title":"Doctor Sleep","description":"","first":"D","duration":"8700","type":"movie","seasons":"","icon":"https:\/\/static-content.solocoo.tv\/vod\/canalplus\/publish\/posters\/MOVIE_96292_nl_147_219.jpg","category":"Horror","vidcollection":"","ord":"29","datum":"20190101"},"taUxwBwcFLjXAxTr5fx0UbH7SJGZ8Yp5Tlilj-YE":{"id":"taUxwBwcFLjXAxTr5fx0UbH7SJGZ8Yp5Tlilj-YE","media_id":"","title":"Dora and the Lost City of Gold","description":"","first":"D","duration":"5880","type":"movie","seasons":"","icon":"https:\/\/static-content.solocoo.tv\/vod\/canalplus\/publish\/posters\/MOVIE_94578_nl_147_219.jpg","category":"Action","vidcollection":"","ord":"34","datum":"20190101"},"zBZEE1BCfmBVeHuhuLki5HPII4Cj9xD0hbZEVzRw":{"id":"zBZEE1BCfmBVeHuhuLki5HPII4Cj9xD0hbZEVzRw","media_id":"","title":"Fantastic Beasts and Where to Find Them","description":"","first":"F","duration":"7620","type":"movie","seasons":"","icon":"https:\/\/static-content.solocoo.tv\/vod\/canalplus\/publish\/posters\/MOVIE_66864_nl_147_219.jpg","category":"Science Fiction","vidcollection":"","ord":"72","datum":"20160101"},"fIYq0O-AJcPdsqPhbXrRFCYCFb3E0ljn0_C9rCa8":{"id":"fIYq0O-AJcPdsqPhbXrRFCYCFb3E0ljn0_C9rCa8","media_id":"","title":"Fantastic Beasts: The Crimes of Grindelwald","description":"","first":"F","duration":"7680","type":"movie","seasons":"","icon":"https:\/\/static-content.solocoo.tv\/vod\/canalplus\/publish\/posters\/MOVIE_89733_nl_147_219.jpg","category":"Science Fiction","vidcollection":"","ord":"52","datum":"20180101"},"yzYjcWRLPx1Nkk-zHacyP-aiX5y3KzuDM5Owcx16":{"id":"yzYjcWRLPx1Nkk-zHacyP-aiX5y3KzuDM5Owcx16","media_id":"","title":"Forrest Gump","description":"","first":"F","duration":"8160","type":"movie","seasons":"","icon":"https:\/\/static-content.solocoo.tv\/vod\/canalplus\/publish\/posters\/MOVIE_37711_nl_147_219.jpg","category":"Comedy","vidcollection":"","ord":"140","datum":"19940101"},"c9JKdq0I7HoJxPtpm2yFvJJR8LoNwDcbjKJfQchr":{"id":"c9JKdq0I7HoJxPtpm2yFvJJR8LoNwDcbjKJfQchr","media_id":"","title":"Gemini Man","description":"","first":"G","duration":"6720","type":"movie","seasons":"","icon":"https:\/\/static-content.solocoo.tv\/vod\/canalplus\/publish\/posters\/MOVIE_95830_nl_147_219.jpg","category":"Science Fiction","vidcollection":"","ord":"31","datum":"20190101"},"z6E8APzW4vy9iyXB5chY9VRq_dlNKm2fBoWXzbWA":{"id":"z6E8APzW4vy9iyXB5chY9VRq_dlNKm2fBoWXzbWA","media_id":"","title":"Ghost","description":"","first":"G","duration":"7260","type":"movie","seasons":"","icon":"https:\/\/static-content.solocoo.tv\/vod\/canalplus\/publish\/posters\/MOVIE_51034_nl_147_219.jpg","category":"Science Fiction","vidcollection":"","ord":"146","datum":"19900101"},"jqJJ25x0CzjbvJHE9o3NnGlhxFWn7MfeEt-chD6k":{"id":"jqJJ25x0CzjbvJHE9o3NnGlhxFWn7MfeEt-chD6k","media_id":"","title":"Ghost in the Shell","description":"","first":"G","duration":"6120","type":"movie","seasons":"","icon":"https:\/\/static-content.solocoo.tv\/vod\/canalplus\/publish\/posters\/MOVIE_71855_nl_147_219.jpg","category":"Science Fiction","vidcollection":"","ord":"61","datum":"20170101"},"vUc2W1VaiQsNm3alTo1n9NLyFx-0juZAVWsaCXH0":{"id":"vUc2W1VaiQsNm3alTo1n9NLyFx-0juZAVWsaCXH0","media_id":"","title":"Godzilla","description":"","first":"G","duration":"7080","type":"movie","seasons":"","icon":"https:\/\/static-content.solocoo.tv\/vod\/canalplus\/publish\/posters\/MOVIE_37412_nl_147_219.jpg","category":"Science Fiction","vidcollection":"","ord":"78","datum":"20140101"},"QuRZiJdr2PEst0Yt09KZqka1HjYn2H-sEc9Xbg--":{"id":"QuRZiJdr2PEst0Yt09KZqka1HjYn2H-sEc9Xbg--","media_id":"","title":"Godzilla vs. Kong","description":"","first":"G","duration":"6480","type":"movie","seasons":"","icon":"https:\/\/static-content.solocoo.tv\/vod\/canalplus\/publish\/posters\/MOVIE_107820_nl_147_219.jpg","category":"Science Fiction","vidcollection":"","ord":"10","datum":"20210101"},"tVkiBdMb0MT_KwOfiz-9L191WbGPrYzv0PBGl1hl":{"id":"tVkiBdMb0MT_KwOfiz-9L191WbGPrYzv0PBGl1hl","media_id":"","title":"Godzilla: King of the Monsters","description":"","first":"G","duration":"7560","type":"movie","seasons":"","icon":"https:\/\/static-content.solocoo.tv\/vod\/canalplus\/publish\/posters\/MOVIE_92958_nl_147_219.jpg","category":"Science Fiction","vidcollection":"","ord":"39","datum":"20190101"},"WASrLdy7iO8u0TNguUqPBJJsdE2WQpLUGuGtdtIM":{"id":"WASrLdy7iO8u0TNguUqPBJJsdE2WQpLUGuGtdtIM","media_id":"","title":"Goodfellas","description":"","first":"G","duration":"8340","type":"movie","seasons":"","icon":"https:\/\/static-content.solocoo.tv\/vod\/canalplus\/publish\/posters\/MOVIE_21045_nl_147_219.jpg","category":"Thriller","vidcollection":"","ord":"144","datum":"19900101"},"K4iire5VViof0-HCZQ3zBU4377JJXpwjjoDr11St":{"id":"K4iire5VViof0-HCZQ3zBU4377JJXpwjjoDr11St","media_id":"","title":"Goonies","description":"","first":"G","duration":"6540","type":"movie","seasons":"","icon":"https:\/\/static-content.solocoo.tv\/vod\/canalplus\/publish\/posters\/MOVIE_17512_nl_147_219.jpg","category":"Action","vidcollection":"","ord":"152","datum":"19850101"},"GZO7dqzgUg3ft9oo7Ol7k_bWWskVO8UdWu_DRLNN":{"id":"GZO7dqzgUg3ft9oo7Ol7k_bWWskVO8UdWu_DRLNN","media_id":"","title":"Grease","description":"","first":"G","duration":"6300","type":"movie","seasons":"","icon":"https:\/\/static-content.solocoo.tv\/vod\/canalplus\/publish\/posters\/MOVIE_12959_nl_147_219.jpg","category":"Comedy","vidcollection":"","ord":"160","datum":"19780101"},"NNu-yUxRK50X4sSy177lVOk8f2Qntwa4Kyy2XzRP":{"id":"NNu-yUxRK50X4sSy177lVOk8f2Qntwa4Kyy2XzRP","media_id":"","title":"Green Lantern","description":"","first":"G","duration":"6540","type":"movie","seasons":"","icon":"https:\/\/static-content.solocoo.tv\/vod\/canalplus\/publish\/posters\/MOVIE_17324_nl_147_219.jpg","category":"Science Fiction","vidcollection":"","ord":"94","datum":"20110101"},"c8k3qz2xixkIi79jLygym9NCERGw4QsdPz_upyrd":{"id":"c8k3qz2xixkIi79jLygym9NCERGw4QsdPz_upyrd","media_id":"","title":"Gremlins","description":"","first":"G","duration":"6060","type":"movie","seasons":"","icon":"https:\/\/static-content.solocoo.tv\/vod\/canalplus\/publish\/posters\/MOVIE_68649_nl_147_219.jpg","category":"Science Fiction","vidcollection":"","ord":"153","datum":"19840101"},"dMpBL1OQLAzi2zHKYAtq7Kj6pI_BbwY9Sv0F0VV8":{"id":"dMpBL1OQLAzi2zHKYAtq7Kj6pI_BbwY9Sv0F0VV8","media_id":"","title":"Gully","description":"","first":"G","duration":"4800","type":"movie","seasons":"","icon":"https:\/\/static-content.solocoo.tv\/vod\/canalplus\/publish\/posters\/MOVIE_109949_nl_147_219.jpg","category":"Drama","vidcollection":"","ord":"23","datum":"20190101"},"oDQCfxc4RrHtRVN83rw0J5uB6AbiKXub-V6hDenO":{"id":"oDQCfxc4RrHtRVN83rw0J5uB6AbiKXub-V6hDenO","media_id":"","title":"Harry Potter and the Chamber of Secrets","description":"","first":"H","duration":"9240","type":"movie","seasons":"","icon":"https:\/\/static-content.solocoo.tv\/vod\/canalplus\/publish\/posters\/MOVIE_16450_nl_147_219.jpg","category":"Science Fiction","vidcollection":"","ord":"129","datum":"20020101"},"WEDsKcwvF0UAzhKWCyzOAwZc_B38W7xMl2acwmrz":{"id":"WEDsKcwvF0UAzhKWCyzOAwZc_B38W7xMl2acwmrz","media_id":"","title":"Harry Potter and the Deathly Hallows: Part 1","description":"","first":"H","duration":"8400","type":"movie","seasons":"","icon":"https:\/\/static-content.solocoo.tv\/vod\/canalplus\/publish\/posters\/MOVIE_16239_nl_147_219.jpg","category":"Science Fiction","vidcollection":"","ord":"101","datum":"20100101"},"ga3XwAiy8bIk_9FcV3K2V-3H-1i0nuircMVM7cdX":{"id":"ga3XwAiy8bIk_9FcV3K2V-3H-1i0nuircMVM7cdX","media_id":"","title":"Harry Potter and the Deathly Hallows: Part 2","description":"","first":"H","duration":"7500","type":"movie","seasons":"","icon":"https:\/\/static-content.solocoo.tv\/vod\/canalplus\/publish\/posters\/MOVIE_17926_nl_147_219.jpg","category":"Family","vidcollection":"","ord":"98","datum":"20110101"},"GsPM35PEihnBCvUfsgzmk4j1H2mGq2BQX6CTTvsq":{"id":"GsPM35PEihnBCvUfsgzmk4j1H2mGq2BQX6CTTvsq","media_id":"","title":"Harry Potter and the Goblet of Fire","description":"","first":"H","duration":"9060","type":"movie","seasons":"","icon":"https:\/\/static-content.solocoo.tv\/vod\/canalplus\/publish\/posters\/MOVIE_3093_nl_147_219.jpg","category":"Science Fiction","vidcollection":"","ord":"118","datum":"20050101"},"clg2K9uXyR2OFiYt0VCN0Sb74XzEs1AV7OxiTRSQ":{"id":"clg2K9uXyR2OFiYt0VCN0Sb74XzEs1AV7OxiTRSQ","media_id":"","title":"Harry Potter and the Half-Blood Prince","description":"","first":"H","duration":"8820","type":"movie","seasons":"","icon":"https:\/\/static-content.solocoo.tv\/vod\/canalplus\/publish\/posters\/MOVIE_10953_nl_147_219.jpg","category":"Science Fiction","vidcollection":"","ord":"105","datum":"20090101"},"HmC0xovnFORbQu0ZUk-Mrdian6d2tAJ_EryhDn86":{"id":"HmC0xovnFORbQu0ZUk-Mrdian6d2tAJ_EryhDn86","media_id":"","title":"Harry Potter and the Order of the Phoenix","description":"","first":"H","duration":"7920","type":"movie","seasons":"","icon":"https:\/\/static-content.solocoo.tv\/vod\/canalplus\/publish\/posters\/MOVIE_7616_nl_147_219.jpg","category":"Science Fiction","vidcollection":"","ord":"114","datum":"20070101"},"RJpw0B1EnlBUeV_ZdlsrlGwA2m2mvOiCWy2TsuSU":{"id":"RJpw0B1EnlBUeV_ZdlsrlGwA2m2mvOiCWy2TsuSU","media_id":"","title":"Harry Potter and the Prisoner of Azkaban","description":"","first":"H","duration":"8100","type":"movie","seasons":"","icon":"https:\/\/static-content.solocoo.tv\/vod\/canalplus\/publish\/posters\/MOVIE_16451_nl_147_219.jpg","category":"Science Fiction","vidcollection":"","ord":"122","datum":"20040101"},"3tV44kF1kRKS7bOUmY9wxFnXo42MasvAycwZhWG7":{"id":"3tV44kF1kRKS7bOUmY9wxFnXo42MasvAycwZhWG7","media_id":"","title":"Harry Potter and the Sorcerer's Stone","description":"","first":"H","duration":"8760","type":"movie","seasons":"","icon":"https:\/\/static-content.solocoo.tv\/vod\/canalplus\/publish\/posters\/MOVIE_16449_nl_147_219.jpg","category":"Science Fiction","vidcollection":"","ord":"131","datum":"20010101"},"wErw1zlNsg9Z7fuLXGMysbZUG7iRfwV4kBDonMqW":{"id":"wErw1zlNsg9Z7fuLXGMysbZUG7iRfwV4kBDonMqW","media_id":"","title":"I Am Legend","description":"","first":"I","duration":"5760","type":"movie","seasons":"","icon":"https:\/\/static-content.solocoo.tv\/vod\/canalplus\/publish\/posters\/MOVIE_4744_nl_147_219.jpg","category":"Science Fiction","vidcollection":"","ord":"109","datum":"20070101"},"jS6YuzZdOv8PTKXqo_n6G4dFrXjjEvw0tkIpzsC2":{"id":"jS6YuzZdOv8PTKXqo_n6G4dFrXjjEvw0tkIpzsC2","media_id":"","title":"In The Heights","description":"","first":"I","duration":"8220","type":"movie","seasons":"","icon":"https:\/\/static-content.solocoo.tv\/vod\/canalplus\/publish\/posters\/MOVIE_110377_nl_147_219.jpg","category":"Drama","vidcollection":"","ord":"5","datum":"20210101"},"tXOWUh_xiMRtjSZk-8Vk2P5scNMvbqQiic6--n7M":{"id":"tXOWUh_xiMRtjSZk-8Vk2P5scNMvbqQiic6--n7M","media_id":"","title":"Inception","description":"","first":"I","duration":"8520","type":"movie","seasons":"","icon":"https:\/\/static-content.solocoo.tv\/vod\/canalplus\/publish\/posters\/MOVIE_14085_nl_147_219.jpg","category":"Science Fiction","vidcollection":"","ord":"99","datum":"20100101"},"j7aYKXzk6QRffYlMUYos_ZK1S47-uHDTB5GVpn0-":{"id":"j7aYKXzk6QRffYlMUYos_ZK1S47-uHDTB5GVpn0-","media_id":"","title":"Indiana Jones and the Kingdom of the Crystal Skull","description":"","first":"I","duration":"7020","type":"movie","seasons":"","icon":"https:\/\/static-content.solocoo.tv\/vod\/canalplus\/publish\/posters\/MOVIE_9880_nl_147_219.jpg","category":"Action","vidcollection":"","ord":"106","datum":"20080101"},"sN3l_tLusv3FolO_B1MUin0sUqlpcEzxIktgOUXl":{"id":"sN3l_tLusv3FolO_B1MUin0sUqlpcEzxIktgOUXl","media_id":"","title":"Indiana Jones and the Last Crusade","description":"","first":"I","duration":"7260","type":"movie","seasons":"","icon":"https:\/\/static-content.solocoo.tv\/vod\/canalplus\/publish\/posters\/MOVIE_38243_nl_147_219.jpg","category":"Action","vidcollection":"","ord":"147","datum":"19890101"},"4aV09IzN20Fhu6rqozfRRGM_gyBaMJmpFIo94HsR":{"id":"4aV09IzN20Fhu6rqozfRRGM_gyBaMJmpFIo94HsR","media_id":"","title":"Indiana Jones and the Temple of Doom","description":"","first":"I","duration":"6780","type":"movie","seasons":"","icon":"https:\/\/static-content.solocoo.tv\/vod\/canalplus\/publish\/posters\/MOVIE_38242_nl_147_219.jpg","category":"Action","vidcollection":"","ord":"154","datum":"19840101"},"k0hzWSey5HGjcwhcmZ1LrLRAWzBX5NeeSl_JZFUR":{"id":"k0hzWSey5HGjcwhcmZ1LrLRAWzBX5NeeSl_JZFUR","media_id":"","title":"Interstellar","description":"","first":"I","duration":"9720","type":"movie","seasons":"","icon":"https:\/\/static-content.solocoo.tv\/vod\/canalplus\/publish\/posters\/MOVIE_42639_nl_147_219.jpg","category":"Science Fiction","vidcollection":"","ord":"79","datum":"20140101"},"Gvf4ggdoTCgYyocGQLg7qKCltFMC5Bl-KJsQmUTj":{"id":"Gvf4ggdoTCgYyocGQLg7qKCltFMC5Bl-KJsQmUTj","media_id":"","title":"Isn't It Romantic","description":"","first":"I","duration":"5040","type":"movie","seasons":"","icon":"https:\/\/static-content.solocoo.tv\/vod\/canalplus\/publish\/posters\/MOVIE_98664_nl_147_219.jpg","category":"Comedy","vidcollection":"","ord":"24","datum":"20190101"},"xx0YrWTGlTwJTg6pddbZK2S67DF2-uvhR36qS98T":{"id":"xx0YrWTGlTwJTg6pddbZK2S67DF2-uvhR36qS98T","media_id":"","title":"It","description":"","first":"I","duration":"7740","type":"movie","seasons":"","icon":"https:\/\/static-content.solocoo.tv\/vod\/canalplus\/publish\/posters\/MOVIE_77241_nl_147_219.jpg","category":"Horror","vidcollection":"","ord":"64","datum":"20170101"},"uX9EbjpG3cwHQ6NC1LTPP3beoakDsLNHnehZ06Ii":{"id":"uX9EbjpG3cwHQ6NC1LTPP3beoakDsLNHnehZ06Ii","media_id":"","title":"It Chapter Two","description":"","first":"I","duration":"9720","type":"movie","seasons":"","icon":"https:\/\/static-content.solocoo.tv\/vod\/canalplus\/publish\/posters\/MOVIE_95039_nl_147_219.jpg","category":"Horror","vidcollection":"","ord":"32","datum":"20190101"},"wkv4DAbbgI2v7p_P6hgaV1ACwxTMsUIzRYfwg8bT":{"id":"wkv4DAbbgI2v7p_P6hgaV1ACwxTMsUIzRYfwg8bT","media_id":"","title":"Jack Reacher","description":"","first":"J","duration":"7500","type":"movie","seasons":"","icon":"https:\/\/static-content.solocoo.tv\/vod\/canalplus\/publish\/posters\/MOVIE_26366_nl_147_219.jpg","category":"Thriller","vidcollection":"","ord":"91","datum":"20120101"},"VeYr6amhbIQXlTrwDykP1-apGXVcn6fkMbbmFafU":{"id":"VeYr6amhbIQXlTrwDykP1-apGXVcn6fkMbbmFafU","media_id":"","title":"Jack Reacher : Never Go Back","description":"","first":"J","duration":"6780","type":"movie","seasons":"","icon":"https:\/\/static-content.solocoo.tv\/vod\/canalplus\/publish\/posters\/MOVIE_66424_nl_147_219.jpg","category":"Thriller","vidcollection":"","ord":"71","datum":"20160101"},"AB4v3wC8zmIJmz9jqfayYTwqdKW6eVbo8Vxv_lAx":{"id":"AB4v3wC8zmIJmz9jqfayYTwqdKW6eVbo8Vxv_lAx","media_id":"","title":"Joker","description":"","first":"J","duration":"6960","type":"movie","seasons":"","icon":"https:\/\/static-content.solocoo.tv\/vod\/canalplus\/publish\/posters\/MOVIE_95884_nl_147_219.jpg","category":"Thriller","vidcollection":"","ord":"30","datum":"20190101"},"RQxFxuFvElZrftwpVpy8fJIkFGODshtN3juqhgzt":{"id":"RQxFxuFvElZrftwpVpy8fJIkFGODshtN3juqhgzt","media_id":"","title":"Just Mercy","description":"","first":"J","duration":"7860","type":"movie","seasons":"","icon":"https:\/\/static-content.solocoo.tv\/vod\/canalplus\/publish\/posters\/MOVIE_97379_nl_147_219.jpg","category":"Drama","vidcollection":"","ord":"27","datum":"20190101"},"wlLMDdz7vXXgaNmvfEbYMLjbVwkPLvOEf9kpbMu7":{"id":"wlLMDdz7vXXgaNmvfEbYMLjbVwkPLvOEf9kpbMu7","media_id":"","title":"Justice League","description":"","first":"J","duration":"6900","type":"movie","seasons":"","icon":"https:\/\/static-content.solocoo.tv\/vod\/canalplus\/publish\/posters\/MOVIE_79786_nl_147_219.jpg","category":"Science Fiction","vidcollection":"","ord":"60","datum":"20170101"},"qEaAluezNSr4Vk4ItB_PvUym0K_o_5acG0Dum2uC":{"id":"qEaAluezNSr4Vk4ItB_PvUym0K_o_5acG0Dum2uC","media_id":"","title":"Mad Max : Fury Road","description":"","first":"M","duration":"6900","type":"movie","seasons":"","icon":"https:\/\/static-content.solocoo.tv\/vod\/canalplus\/publish\/posters\/MOVIE_49836_nl_147_219.jpg","category":"Action","vidcollection":"","ord":"75","datum":"20150101"},"VMrQ8o_WNXUEgiNKWwaZ5TQQgZyu2VahYUINEK0z":{"id":"VMrQ8o_WNXUEgiNKWwaZ5TQQgZyu2VahYUINEK0z","media_id":"","title":"Man of Steel","description":"","first":"M","duration":"8220","type":"movie","seasons":"","icon":"https:\/\/static-content.solocoo.tv\/vod\/canalplus\/publish\/posters\/MOVIE_28071_nl_147_219.jpg","category":"Science Fiction","vidcollection":"","ord":"84","datum":"20130101"},"wbws3oZfQlNx7XPqCd0fgcIaRhHNAZxny-kc2SHf":{"id":"wbws3oZfQlNx7XPqCd0fgcIaRhHNAZxny-kc2SHf","media_id":"","title":"Manhunter","description":"","first":"M","duration":"6900","type":"movie","seasons":"","icon":"https:\/\/static-content.solocoo.tv\/vod\/canalplus\/publish\/posters\/MOVIE_5464_nl_147_219.jpg","category":"Thriller","vidcollection":"","ord":"150","datum":"19860101"},"sEloDJnHyi7ISS33gXBBgLmPZWVHQmrKJE7zwJv0":{"id":"sEloDJnHyi7ISS33gXBBgLmPZWVHQmrKJE7zwJv0","media_id":"","title":"Mission : Impossible","description":"","first":"M","duration":"6300","type":"movie","seasons":"","icon":"https:\/\/static-content.solocoo.tv\/vod\/canalplus\/publish\/posters\/MOVIE_37874_nl_147_219.jpg","category":"Action","vidcollection":"","ord":"139","datum":"19960101"},"lwgzzOdeaW_pllpb7688E23e4biKX5kQjvqWt9nw":{"id":"lwgzzOdeaW_pllpb7688E23e4biKX5kQjvqWt9nw","media_id":"","title":"Mission : Impossible 2","description":"","first":"M","duration":"7080","type":"movie","seasons":"","icon":"https:\/\/static-content.solocoo.tv\/vod\/canalplus\/publish\/posters\/MOVIE_37875_nl_147_219.jpg","category":"Action","vidcollection":"","ord":"133","datum":"20000101"},"SblLfZQ5WQVqXR7BsUaJ6n_T39wCRIn6QtjTVB3u":{"id":"SblLfZQ5WQVqXR7BsUaJ6n_T39wCRIn6QtjTVB3u","media_id":"","title":"Mission : Impossible 3","description":"","first":"M","duration":"7200","type":"movie","seasons":"","icon":"https:\/\/static-content.solocoo.tv\/vod\/canalplus\/publish\/posters\/MOVIE_37876_nl_147_219.jpg","category":"Action","vidcollection":"","ord":"117","datum":"20050101"},"e_tx2Az5gZp_ZPvlrBPSSN6RdQeXw149_QBmy3HD":{"id":"e_tx2Az5gZp_ZPvlrBPSSN6RdQeXw149_QBmy3HD","media_id":"","title":"Mission : Impossible, Fallout","description":"","first":"M","duration":"8460","type":"movie","seasons":"","icon":"https:\/\/static-content.solocoo.tv\/vod\/canalplus\/publish\/posters\/MOVIE_87788_nl_147_219.jpg","category":"Action","vidcollection":"","ord":"50","datum":"20180101"},"rsnNP0p13dieLPfdAvHgSy3gPXHdxRu8474gpCoZ":{"id":"rsnNP0p13dieLPfdAvHgSy3gPXHdxRu8474gpCoZ","media_id":"","title":"Mission : Impossible, Ghost Protocol","description":"","first":"M","duration":"7620","type":"movie","seasons":"","icon":"https:\/\/static-content.solocoo.tv\/vod\/canalplus\/publish\/posters\/MOVIE_19277_nl_147_219.jpg","category":"Action","vidcollection":"","ord":"96","datum":"20110101"},"sFEKNngypaFxmwHVLGLUaCUrqcK1vQAXwQEEFc6O":{"id":"sFEKNngypaFxmwHVLGLUaCUrqcK1vQAXwQEEFc6O","media_id":"","title":"Mission : Impossible, Rogue Nation","description":"","first":"M","duration":"7560","type":"movie","seasons":"","icon":"https:\/\/static-content.solocoo.tv\/vod\/canalplus\/publish\/posters\/MOVIE_51186_nl_147_219.jpg","category":"Action","vidcollection":"","ord":"77","datum":"20150101"},"29MbR2R6iSzBT_vy8VEjSVbPE3A3X56Evzu7tpWs":{"id":"29MbR2R6iSzBT_vy8VEjSVbPE3A3X56Evzu7tpWs","media_id":"","title":"Mortal Kombat","description":"","first":"M","duration":"6300","type":"movie","seasons":"","icon":"https:\/\/static-content.solocoo.tv\/vod\/canalplus\/publish\/posters\/MOVIE_107911_nl_147_219.jpg","category":"Action","vidcollection":"","ord":"9","datum":"20210101"},"tEPh-xMqlcxl97HUcb5IeT5vDVXovVNoVGeVV8Vq":{"id":"tEPh-xMqlcxl97HUcb5IeT5vDVXovVNoVGeVV8Vq","media_id":"","title":"Motherless Brooklyn","description":"","first":"M","duration":"8280","type":"movie","seasons":"","icon":"https:\/\/static-content.solocoo.tv\/vod\/canalplus\/publish\/posters\/MOVIE_96854_nl_147_219.jpg","category":"Thriller","vidcollection":"","ord":"28","datum":"20190101"},"dEdQN-2cRHL4zzaxvEMPEKP_h7m0qt2s_QYDAh-Y":{"id":"dEdQN-2cRHL4zzaxvEMPEKP_h7m0qt2s_QYDAh-Y","media_id":"","title":"Murder on the Orient Express","description":"","first":"M","duration":"7320","type":"movie","seasons":"","icon":"https:\/\/static-content.solocoo.tv\/vod\/canalplus\/publish\/posters\/MOVIE_5058_nl_147_219.jpg","category":"Thriller","vidcollection":"","ord":"163","datum":"19740101"},"OI1rU801p6TIolPKE7-ASDdc8Qf_nXlEfnkMLodz":{"id":"OI1rU801p6TIolPKE7-ASDdc8Qf_nXlEfnkMLodz","media_id":"","title":"No Country for Old Men","description":"","first":"N","duration":"7020","type":"movie","seasons":"","icon":"https:\/\/static-content.solocoo.tv\/vod\/canalplus\/publish\/posters\/MOVIE_8966_nl_147_219.jpg","category":"Thriller","vidcollection":"","ord":"111","datum":"20070101"},"1_5yFycS0Uai-Ofnn6Lx0ocyNqd-Y1WOsmB_oXAV":{"id":"1_5yFycS0Uai-Ofnn6Lx0ocyNqd-Y1WOsmB_oXAV","media_id":"","title":"Ocean's 8","description":"","first":"O","duration":"6300","type":"movie","seasons":"","icon":"https:\/\/static-content.solocoo.tv\/vod\/canalplus\/publish\/posters\/MOVIE_85985_nl_147_219.jpg","category":"Thriller","vidcollection":"","ord":"58","datum":"20180101"},"0WQbaAi6_tRiImjXdvjqaPROTYfrc6J1hvI-UH63":{"id":"0WQbaAi6_tRiImjXdvjqaPROTYfrc6J1hvI-UH63","media_id":"","title":"Ocean's Eleven","description":"","first":"O","duration":"6660","type":"movie","seasons":"","icon":"https:\/\/static-content.solocoo.tv\/vod\/canalplus\/publish\/posters\/MOVIE_16454_nl_147_219.jpg","category":"Thriller","vidcollection":"","ord":"130","datum":"20010101"},"rfbCvzU724_5MK3RFePU50aZd03Nf9i9EJhjiYPI":{"id":"rfbCvzU724_5MK3RFePU50aZd03Nf9i9EJhjiYPI","media_id":"","title":"Ocean's Thirteen","description":"","first":"O","duration":"7020","type":"movie","seasons":"","icon":"https:\/\/static-content.solocoo.tv\/vod\/canalplus\/publish\/posters\/MOVIE_7614_nl_147_219.jpg","category":"Comedy","vidcollection":"","ord":"110","datum":"20070101"},"LzkXEjI5d2v1wa5VIh2itzy5wFSK0wBizcQRzjax":{"id":"LzkXEjI5d2v1wa5VIh2itzy5wFSK0wBizcQRzjax","media_id":"","title":"Ocean's Twelve","description":"","first":"O","duration":"7200","type":"movie","seasons":"","icon":"https:\/\/static-content.solocoo.tv\/vod\/canalplus\/publish\/posters\/MOVIE_2681_nl_147_219.jpg","category":"Comedy","vidcollection":"","ord":"120","datum":"20040101"},"P7W6HhaXuVrUkY0Lo2dRMu9wvs_HiTubhD_sGyqF":{"id":"P7W6HhaXuVrUkY0Lo2dRMu9wvs_HiTubhD_sGyqF","media_id":"","title":"Once Upon a Time in the West","description":"","first":"O","duration":"9540","type":"movie","seasons":"","icon":"https:\/\/static-content.solocoo.tv\/vod\/canalplus\/publish\/posters\/MOVIE_37878_nl_147_219.jpg","category":"Action","vidcollection":"","ord":"165","datum":"19680101"},"Gq8XeMp_CPdwypa1XoJmm_z_KcLJ1DRCbBrkGUEB":{"id":"Gq8XeMp_CPdwypa1XoJmm_z_KcLJ1DRCbBrkGUEB","media_id":"","title":"Pacific Rim","description":"","first":"P","duration":"7500","type":"movie","seasons":"","icon":"https:\/\/static-content.solocoo.tv\/vod\/canalplus\/publish\/posters\/MOVIE_30000_nl_147_219.jpg","category":"Science Fiction","vidcollection":"","ord":"87","datum":"20130101"},"kr2yQa41nmNea5QM4hOQ2Rc-3DyPWqLbR1Xk53kL":{"id":"kr2yQa41nmNea5QM4hOQ2Rc-3DyPWqLbR1Xk53kL","media_id":"","title":"PAW Patrol: The Movie","description":"","first":"P","duration":"4920","type":"movie","seasons":"","icon":"https:\/\/static-content.solocoo.tv\/vod\/canalplus\/publish\/posters\/MOVIE_113124_nl_147_219.jpg","category":"Family","vidcollection":"","ord":"1","datum":"20210101"},"Unq82ByWZQLj05qMQRAR5HnUnFQc7cvv9ILZD2IJ":{"id":"Unq82ByWZQLj05qMQRAR5HnUnFQc7cvv9ILZD2IJ","media_id":"","title":"Pet Sematary","description":"","first":"P","duration":"5760","type":"movie","seasons":"","icon":"https:\/\/static-content.solocoo.tv\/vod\/canalplus\/publish\/posters\/MOVIE_91927_nl_147_219.jpg","category":"Horror","vidcollection":"","ord":"41","datum":"20190101"},"U9v2UZcSG1QrRVA03pFY_EdbY-XEyBuBLZdTd62U":{"id":"U9v2UZcSG1QrRVA03pFY_EdbY-XEyBuBLZdTd62U","media_id":"","title":"Pok\u00e9mon Detective Pikachu","description":"","first":"P","duration":"6000","type":"movie","seasons":"","icon":"https:\/\/static-content.solocoo.tv\/vod\/canalplus\/publish\/posters\/MOVIE_92953_nl_147_219.jpg","category":"Action","vidcollection":"","ord":"40","datum":"20190101"},"MBZZCzuTxbcD8HjNTqbxa93TSD843FdcI-ZF8XKz":{"id":"MBZZCzuTxbcD8HjNTqbxa93TSD843FdcI-ZF8XKz","media_id":"","title":"Raiders of the Lost Ark","description":"","first":"R","duration":"6600","type":"movie","seasons":"","icon":"https:\/\/static-content.solocoo.tv\/vod\/canalplus\/publish\/posters\/MOVIE_38241_nl_147_219.jpg","category":"Action","vidcollection":"","ord":"157","datum":"19810101"},"VavppKS3WcNypqBYWji9qlTQKNqTysnSliX4jd8q":{"id":"VavppKS3WcNypqBYWji9qlTQKNqTysnSliX4jd8q","media_id":"","title":"Ready Player One","description":"","first":"R","duration":"8040","type":"movie","seasons":"","icon":"https:\/\/static-content.solocoo.tv\/vod\/canalplus\/publish\/posters\/MOVIE_84059_nl_147_219.jpg","category":"Science Fiction","vidcollection":"","ord":"46","datum":"20180101"},"vCNC8f2jm-NOzkCrwBXleKxRH3bmNEkd882ItgSN":{"id":"vCNC8f2jm-NOzkCrwBXleKxRH3bmNEkd882ItgSN","media_id":"","title":"Richard Jewell","description":"","first":"R","duration":"7500","type":"movie","seasons":"","icon":"https:\/\/static-content.solocoo.tv\/vod\/canalplus\/publish\/posters\/MOVIE_97403_nl_147_219.jpg","category":"Drama","vidcollection":"","ord":"26","datum":"20190101"},"bMjWe7lWIrfOPJlynm-Gd4Y6_I1PUrRaDlFRDFUW":{"id":"bMjWe7lWIrfOPJlynm-Gd4Y6_I1PUrRaDlFRDFUW","media_id":"","title":"Roahl Dahl's The Witches","description":"","first":"R","duration":"5940","type":"movie","seasons":"","icon":"https:\/\/static-content.solocoo.tv\/vod\/canalplus\/publish\/posters\/MOVIE_106410_nl_147_219.jpg","category":"Family","vidcollection":"","ord":"15","datum":"20200101"},"nwLZlsizR7ZXs-ZmdVnFgQG3OG27fQU0yYXXLHVp":{"id":"nwLZlsizR7ZXs-ZmdVnFgQG3OG27fQU0yYXXLHVp","media_id":"","title":"Rocketman","description":"","first":"R","duration":"6960","type":"movie","seasons":"","icon":"https:\/\/static-content.solocoo.tv\/vod\/canalplus\/publish\/posters\/MOVIE_93006_nl_147_219.jpg","category":"Drama","vidcollection":"","ord":"38","datum":"20190101"},"qk8DDhX1pBiuu1r11wH3QDmmezko5P7bL9fseusJ":{"id":"qk8DDhX1pBiuu1r11wH3QDmmezko5P7bL9fseusJ","media_id":"","title":"San Andreas","description":"","first":"S","duration":"6540","type":"movie","seasons":"","icon":"https:\/\/static-content.solocoo.tv\/vod\/canalplus\/publish\/posters\/MOVIE_49835_nl_147_219.jpg","category":"Action","vidcollection":"","ord":"74","datum":"20150101"},"RiPv5yFMDupmjA632J61htOurEAuZt6w47sOHEXO":{"id":"RiPv5yFMDupmjA632J61htOurEAuZt6w47sOHEXO","media_id":"","title":"Saving Private Ryan","description":"","first":"S","duration":"9780","type":"movie","seasons":"","icon":"https:\/\/static-content.solocoo.tv\/vod\/canalplus\/publish\/posters\/MOVIE_37951_nl_147_219.jpg","category":"Action","vidcollection":"","ord":"136","datum":"19980101"},"ePysleoRvEOAiQVa7-k77JAtotK2lkT5MbOQRitp":{"id":"ePysleoRvEOAiQVa7-k77JAtotK2lkT5MbOQRitp","media_id":"","title":"Scoob!","description":"","first":"S","duration":"5400","type":"movie","seasons":"","icon":"https:\/\/static-content.solocoo.tv\/vod\/canalplus\/publish\/posters\/MOVIE_101229_nl_147_219.jpg","category":"Family","vidcollection":"","ord":"17","datum":"20200101"},"9asT9VblIZXsyOkb1Wctu7e-W4gaDwjHtiNVrTos":{"id":"9asT9VblIZXsyOkb1Wctu7e-W4gaDwjHtiNVrTos","media_id":"","title":"Scooby-Doo","description":"","first":"S","duration":"4920","type":"movie","seasons":"","icon":"https:\/\/static-content.solocoo.tv\/vod\/canalplus\/publish\/posters\/MOVIE_33445_nl_147_219.jpg","category":"Action","vidcollection":"","ord":"128","datum":"20020101"},"ezE3y1c-kVj-21vUO2X20KdYJPXVR4IqOsxObLy2":{"id":"ezE3y1c-kVj-21vUO2X20KdYJPXVR4IqOsxObLy2","media_id":"","title":"Shazam !","description":"","first":"S","duration":"7560","type":"movie","seasons":"","icon":"https:\/\/static-content.solocoo.tv\/vod\/canalplus\/publish\/posters\/MOVIE_91637_nl_147_219.jpg","category":"Science Fiction","vidcollection":"","ord":"44","datum":"20190101"},"VcLV4isPR8Rrubt6fZ3f8C2BA4j25CtVaO8xgvn2":{"id":"VcLV4isPR8Rrubt6fZ3f8C2BA4j25CtVaO8xgvn2","media_id":"","title":"Shining","description":"","first":"S","duration":"8220","type":"movie","seasons":"","icon":"https:\/\/static-content.solocoo.tv\/vod\/canalplus\/publish\/posters\/MOVIE_17332_nl_147_219.jpg","category":"Thriller","vidcollection":"","ord":"158","datum":"19800101"},"tcBjOiyQau4jCoMeb4q_ioaZ7pqCKBRJWQaW_qQT":{"id":"tcBjOiyQau4jCoMeb4q_ioaZ7pqCKBRJWQaW_qQT","media_id":"","title":"Shutter Island","description":"","first":"S","duration":"7920","type":"movie","seasons":"","icon":"https:\/\/static-content.solocoo.tv\/vod\/canalplus\/publish\/posters\/MOVIE_13608_nl_147_219.jpg","category":"Thriller","vidcollection":"","ord":"100","datum":"20100101"},"O40AwDxhbPMqlquFcXg3iIyy95WPtCyxCIr67LOO":{"id":"O40AwDxhbPMqlquFcXg3iIyy95WPtCyxCIr67LOO","media_id":"","title":"Smallfoot","description":"","first":"S","duration":"5520","type":"movie","seasons":"","icon":"https:\/\/static-content.solocoo.tv\/vod\/canalplus\/publish\/posters\/MOVIE_88567_nl_147_219.jpg","category":"Family","vidcollection":"","ord":"54","datum":"20180101"},"q1AcaZpipET6zVwcEKfLAyJSlul0rxFunYgejSwk":{"id":"q1AcaZpipET6zVwcEKfLAyJSlul0rxFunYgejSwk","media_id":"","title":"Snake Eyes: G.I. Joe Origins","description":"","first":"S","duration":"6960","type":"movie","seasons":"","icon":"https:\/\/static-content.solocoo.tv\/vod\/canalplus\/publish\/posters\/MOVIE_111372_nl_147_219.jpg","category":"Action","vidcollection":"","ord":"3","datum":"20210101"},"gDqgoCxbPyHsE4VTTuPlATV3xe2ELg1zkqRk8MHJ":{"id":"gDqgoCxbPyHsE4VTTuPlATV3xe2ELg1zkqRk8MHJ","media_id":"","title":"Sonic","description":"","first":"S","duration":"5640","type":"movie","seasons":"","icon":"https:\/\/static-content.solocoo.tv\/vod\/canalplus\/publish\/posters\/MOVIE_97473_nl_147_219.jpg","category":"Family","vidcollection":"","ord":"21","datum":"20200101"},"e51m4ZEWu0TBg9KVotNHFAK5sBAi2kM-sjnkifRH":{"id":"e51m4ZEWu0TBg9KVotNHFAK5sBAi2kM-sjnkifRH","media_id":"","title":"Space Jam: A New Legacy","description":"","first":"S","duration":"6600","type":"movie","seasons":"","icon":"https:\/\/static-content.solocoo.tv\/vod\/canalplus\/publish\/posters\/MOVIE_112460_nl_147_219.jpg","category":"Comedy","vidcollection":"","ord":"4","datum":"20210101"},"yBwnfwWxiiLf4vvywxvLombQueTdjI4rXPus-aK0":{"id":"yBwnfwWxiiLf4vvywxvLombQueTdjI4rXPus-aK0","media_id":"","title":"Star Trek","description":"","first":"S","duration":"7260","type":"movie","seasons":"","icon":"https:\/\/static-content.solocoo.tv\/vod\/canalplus\/publish\/posters\/MOVIE_9889_nl_147_219.jpg","category":"Science Fiction","vidcollection":"","ord":"102","datum":"20090101"},"Zim8HP9h1msTwzwJ2M_bHTwU8tf8f1nSbMLw3wG3":{"id":"Zim8HP9h1msTwzwJ2M_bHTwU8tf8f1nSbMLw3wG3","media_id":"","title":"Star Trek : First Contact","description":"","first":"S","duration":"6360","type":"movie","seasons":"","icon":"https:\/\/static-content.solocoo.tv\/vod\/canalplus\/publish\/posters\/MOVIE_50561_nl_147_219.jpg","category":"Science Fiction","vidcollection":"","ord":"138","datum":"19960101"},"MMnx2SsTdfH27p0ymxGGINxYbMZgl3C7lBY5eVfR":{"id":"MMnx2SsTdfH27p0ymxGGINxYbMZgl3C7lBY5eVfR","media_id":"","title":"Star Trek : Generations","description":"","first":"S","duration":"6780","type":"movie","seasons":"","icon":"https:\/\/static-content.solocoo.tv\/vod\/canalplus\/publish\/posters\/MOVIE_50564_nl_147_219.jpg","category":"Science Fiction","vidcollection":"","ord":"141","datum":"19940101"},"1a5LZc1HQxk6Le7Iar15_S6l4o3ehwXSp-z8xaZo":{"id":"1a5LZc1HQxk6Le7Iar15_S6l4o3ehwXSp-z8xaZo","media_id":"","title":"Star Trek : Insurrection","description":"","first":"S","duration":"5880","type":"movie","seasons":"","icon":"https:\/\/static-content.solocoo.tv\/vod\/canalplus\/publish\/posters\/MOVIE_50563_nl_147_219.jpg","category":"Science Fiction","vidcollection":"","ord":"137","datum":"19980101"},"JzrWi4rtHtDqx8UUSYGjTclwnDQow5dYW8dNDoMy":{"id":"JzrWi4rtHtDqx8UUSYGjTclwnDQow5dYW8dNDoMy","media_id":"","title":"Star Trek : Nemesis","description":"","first":"S","duration":"6660","type":"movie","seasons":"","icon":"https:\/\/static-content.solocoo.tv\/vod\/canalplus\/publish\/posters\/MOVIE_50569_nl_147_219.jpg","category":"Science Fiction","vidcollection":"","ord":"126","datum":"20020101"},"hlpcMYW7bEMXlTT0wyB9ccetM12DJdM2eu_bFiak":{"id":"hlpcMYW7bEMXlTT0wyB9ccetM12DJdM2eu_bFiak","media_id":"","title":"Star Trek Beyond","description":"","first":"S","duration":"7020","type":"movie","seasons":"","icon":"https:\/\/static-content.solocoo.tv\/vod\/canalplus\/publish\/posters\/MOVIE_63032_nl_147_219.jpg","category":"Science Fiction","vidcollection":"","ord":"68","datum":"20160101"},"V3EFkiJxVmb2SHpYh5YVVjvAAY8aacusyRuWXX9C":{"id":"V3EFkiJxVmb2SHpYh5YVVjvAAY8aacusyRuWXX9C","media_id":"","title":"Star Trek II : The Wrath of Khan","description":"","first":"S","duration":"6480","type":"movie","seasons":"","icon":"https:\/\/static-content.solocoo.tv\/vod\/canalplus\/publish\/posters\/MOVIE_61758_nl_147_219.jpg","category":"Science Fiction","vidcollection":"","ord":"156","datum":"19820101"},"Pvxn9fGgf2rtVoApUyAfMXMBf9Qy1wvmVG-uaQbc":{"id":"Pvxn9fGgf2rtVoApUyAfMXMBf9Qy1wvmVG-uaQbc","media_id":"","title":"Star Trek III: The Search for Spock","description":"","first":"S","duration":"6000","type":"movie","seasons":"","icon":"https:\/\/static-content.solocoo.tv\/vod\/canalplus\/publish\/posters\/MOVIE_61759_nl_147_219.jpg","category":"Science Fiction","vidcollection":"","ord":"155","datum":"19840101"},"ExxGDA1QxrUMi2gzGmu5SSnSfcQTCOzV6DxNtRyB":{"id":"ExxGDA1QxrUMi2gzGmu5SSnSfcQTCOzV6DxNtRyB","media_id":"","title":"Star Trek Into Darkness","description":"","first":"S","duration":"7560","type":"movie","seasons":"","icon":"https:\/\/static-content.solocoo.tv\/vod\/canalplus\/publish\/posters\/MOVIE_28714_nl_147_219.jpg","category":"Science Fiction","vidcollection":"","ord":"85","datum":"20130101"},"jAoAjqYX_BP_hT02agBVNOkYDvbbLUmnWtb9kkMk":{"id":"jAoAjqYX_BP_hT02agBVNOkYDvbbLUmnWtb9kkMk","media_id":"","title":"Star Trek IV: The Voyage Home","description":"","first":"S","duration":"6780","type":"movie","seasons":"","icon":"https:\/\/static-content.solocoo.tv\/vod\/canalplus\/publish\/posters\/MOVIE_61761_nl_147_219.jpg","category":"Science Fiction","vidcollection":"","ord":"151","datum":"19860101"},"J-AMIVoN5StErzG4CkHD4HGy4l7OsvXJsBUUTJ-c":{"id":"J-AMIVoN5StErzG4CkHD4HGy4l7OsvXJsBUUTJ-c","media_id":"","title":"Star Trek V: The Final Frontier","description":"","first":"S","duration":"6120","type":"movie","seasons":"","icon":"https:\/\/static-content.solocoo.tv\/vod\/canalplus\/publish\/posters\/MOVIE_61760_nl_147_219.jpg","category":"Science Fiction","vidcollection":"","ord":"148","datum":"19890101"},"eWIgMvLlVWkbzxGq9tyZxGFlQJ8vkIYlRm0S-_RR":{"id":"eWIgMvLlVWkbzxGq9tyZxGFlQJ8vkIYlRm0S-_RR","media_id":"","title":"Star Trek VI: The Undiscovered Country","description":"","first":"S","duration":"6300","type":"movie","seasons":"","icon":"https:\/\/static-content.solocoo.tv\/vod\/canalplus\/publish\/posters\/MOVIE_61763_nl_147_219.jpg","category":"Science Fiction","vidcollection":"","ord":"143","datum":"19910101"},"-7FpVXJYXPEsWh19chCS5WhpXh0S5E39yxmAbUuB":{"id":"-7FpVXJYXPEsWh19chCS5WhpXh0S5E39yxmAbUuB","media_id":"","title":"Stardust","description":"","first":"S","duration":"7320","type":"movie","seasons":"","icon":"https:\/\/static-content.solocoo.tv\/vod\/canalplus\/publish\/posters\/MOVIE_8853_nl_147_219.jpg","category":"Action","vidcollection":"","ord":"112","datum":"20070101"},"3YXPPL0pa56TROgyQqNfjVOQBQiPmvMcmw0vCitf":{"id":"3YXPPL0pa56TROgyQqNfjVOQBQiPmvMcmw0vCitf","media_id":"","title":"Suicide Squad","description":"","first":"S","duration":"7020","type":"movie","seasons":"","icon":"https:\/\/static-content.solocoo.tv\/vod\/canalplus\/publish\/posters\/MOVIE_61231_nl_147_219.jpg","category":"Action","vidcollection":"","ord":"70","datum":"20160101"},"JH8SWeSLESg_zyzqhI4OWgh6yDFHQYNBayjonLZu":{"id":"JH8SWeSLESg_zyzqhI4OWgh6yDFHQYNBayjonLZu","media_id":"","title":"Sully","description":"","first":"S","duration":"5460","type":"movie","seasons":"","icon":"https:\/\/static-content.solocoo.tv\/vod\/canalplus\/publish\/posters\/MOVIE_66897_nl_147_219.jpg","category":"Drama","vidcollection":"","ord":"66","datum":"20160101"},"7A21yrX2pOcYDl-z4irE3RYe3pZgRl9YB-k4oXB7":{"id":"7A21yrX2pOcYDl-z4irE3RYe3pZgRl9YB-k4oXB7","media_id":"","title":"Teen Titans Go ! To the Movies","description":"","first":"T","duration":"4800","type":"movie","seasons":"","icon":"https:\/\/static-content.solocoo.tv\/vod\/canalplus\/publish\/posters\/MOVIE_88307_nl_147_219.jpg","category":"Family","vidcollection":"","ord":"55","datum":"20180101"},"gvkFlrtrLdhbr9_QXpcYQMVZPThDjUbiM0K9yjf7":{"id":"gvkFlrtrLdhbr9_QXpcYQMVZPThDjUbiM0K9yjf7","media_id":"","title":"Teenage Mutant Ninja Turtles","description":"","first":"T","duration":"5820","type":"movie","seasons":"","icon":"https:\/\/static-content.solocoo.tv\/vod\/canalplus\/publish\/posters\/MOVIE_38733_nl_147_219.jpg","category":"Action","vidcollection":"","ord":"81","datum":"20140101"},"WYgHX99CoV0Lwc6aepk61r7U5jAPWtk00ZLGjCbF":{"id":"WYgHX99CoV0Lwc6aepk61r7U5jAPWtk00ZLGjCbF","media_id":"","title":"Teenage Mutant Ninja Turtles: Out of the Shadows","description":"","first":"T","duration":"6420","type":"movie","seasons":"","icon":"https:\/\/static-content.solocoo.tv\/vod\/canalplus\/publish\/posters\/MOVIE_63031_nl_147_219.jpg","category":"Action","vidcollection":"","ord":"67","datum":"20160101"},"LhGBONCyU2hCY4aSZsNGstnrbF1hOOhQl-ta_jKw":{"id":"LhGBONCyU2hCY4aSZsNGstnrbF1hOOhQl-ta_jKw","media_id":"","title":"Tenet","description":"","first":"T","duration":"8640","type":"movie","seasons":"","icon":"https:\/\/static-content.solocoo.tv\/vod\/canalplus\/publish\/posters\/MOVIE_102694_nl_147_219.jpg","category":"Science Fiction","vidcollection":"","ord":"16","datum":"20200101"},"i6dsp5v68ptSh8pkkRU8ckaMlcg7SWbjd_0Aq4Ci":{"id":"i6dsp5v68ptSh8pkkRU8ckaMlcg7SWbjd_0Aq4Ci","media_id":"","title":"Terminator Genisys","description":"","first":"T","duration":"7200","type":"movie","seasons":"","icon":"https:\/\/static-content.solocoo.tv\/vod\/canalplus\/publish\/posters\/MOVIE_51185_nl_147_219.jpg","category":"Science Fiction","vidcollection":"","ord":"76","datum":"20150101"},"3D9JpazedJSKtdtHQAeuXeHyuyn_IMu8gWFqQF8Q":{"id":"3D9JpazedJSKtdtHQAeuXeHyuyn_IMu8gWFqQF8Q","media_id":"","title":"The Conjuring","description":"","first":"T","duration":"6420","type":"movie","seasons":"","icon":"https:\/\/static-content.solocoo.tv\/vod\/canalplus\/publish\/posters\/MOVIE_30912_nl_147_219.jpg","category":"Horror","vidcollection":"","ord":"89","datum":"20130101"},"K50kpvKHcZsgCj0KfxPQKLJaADuVML4_mY0rvq6p":{"id":"K50kpvKHcZsgCj0KfxPQKLJaADuVML4_mY0rvq6p","media_id":"","title":"The Conjuring: The Devil Made Me Do It","description":"","first":"T","duration":"6420","type":"movie","seasons":"","icon":"https:\/\/static-content.solocoo.tv\/vod\/canalplus\/publish\/posters\/MOVIE_111112_nl_147_219.jpg","category":"Horror","vidcollection":"","ord":"6","datum":"20210101"},"Og8HDX4nx-tMJAnCsxutfx-6AHhPSKgTgRmXUs-F":{"id":"Og8HDX4nx-tMJAnCsxutfx-6AHhPSKgTgRmXUs-F","media_id":"","title":"The Curse of La Llorona","description":"","first":"T","duration":"5340","type":"movie","seasons":"","icon":"https:\/\/static-content.solocoo.tv\/vod\/canalplus\/publish\/posters\/MOVIE_91714_nl_147_219.jpg","category":"Horror","vidcollection":"","ord":"43","datum":"20190101"},"p6xeiGRiGmLsABMpknReG5p8-Lw2pMyhFPmLnxnV":{"id":"p6xeiGRiGmLsABMpknReG5p8-Lw2pMyhFPmLnxnV","media_id":"","title":"The Dark Knight","description":"","first":"T","duration":"8700","type":"movie","seasons":"","icon":"https:\/\/static-content.solocoo.tv\/vod\/canalplus\/publish\/posters\/MOVIE_10587_nl_147_219.jpg","category":"Action","vidcollection":"","ord":"108","datum":"20080101"},"hsw-jKUB1fjKWcbJUbNveiBEy4zn0PPnz95UkgQo":{"id":"hsw-jKUB1fjKWcbJUbNveiBEy4zn0PPnz95UkgQo","media_id":"","title":"The Dark Knight Rises","description":"","first":"T","duration":"9420","type":"movie","seasons":"","icon":"https:\/\/static-content.solocoo.tv\/vod\/canalplus\/publish\/posters\/MOVIE_22068_nl_147_219.jpg","category":"Action","vidcollection":"","ord":"92","datum":"20120101"},"CZQXECEXe5s4SUaA__X-q-7fh0hv6T7IuUilwM6s":{"id":"CZQXECEXe5s4SUaA__X-q-7fh0hv6T7IuUilwM6s","media_id":"","title":"The Elephant Man","description":"","first":"T","duration":"7080","type":"movie","seasons":"","icon":"https:\/\/static-content.solocoo.tv\/vod\/canalplus\/publish\/posters\/MOVIE_4299_nl_147_219.jpg","category":"Drama","vidcollection":"","ord":"159","datum":"19800101"},"lD4kH6guI0LhwBwLx1AojvWaoBb4zKVoDjf6jQ4W":{"id":"lD4kH6guI0LhwBwLx1AojvWaoBb4zKVoDjf6jQ4W","media_id":"","title":"The F**k-It List","description":"","first":"T","duration":"5880","type":"movie","seasons":"","icon":"https:\/\/static-content.solocoo.tv\/vod\/canalplus\/publish\/posters\/MOVIE_101568_nl_147_219.jpg","category":"Comedy","vidcollection":"","ord":"18","datum":"20200101"},"_5zQzFifLGxTES5VFT4yNq8RS-UiOkGkPJFKuLuo":{"id":"_5zQzFifLGxTES5VFT4yNq8RS-UiOkGkPJFKuLuo","media_id":"","title":"The Godfather","description":"","first":"T","duration":"10140","type":"movie","seasons":"","icon":"https:\/\/static-content.solocoo.tv\/vod\/canalplus\/publish\/posters\/MOVIE_37712_nl_147_219.jpg","category":"Thriller","vidcollection":"","ord":"164","datum":"19720101"},"8ZBC7AYpO56japXkv2AtdJuxZeeZwIJO7wPbotAS":{"id":"8ZBC7AYpO56japXkv2AtdJuxZeeZwIJO7wPbotAS","media_id":"","title":"The Godfather: Part II","description":"","first":"T","duration":"11580","type":"movie","seasons":"","icon":"https:\/\/static-content.solocoo.tv\/vod\/canalplus\/publish\/posters\/MOVIE_37713_nl_147_219.jpg","category":"Thriller","vidcollection":"","ord":"162","datum":"19740101"},"46lMW4AP2ckf-KUiYhHtg7dwKEqmdHYT_5j4bKxj":{"id":"46lMW4AP2ckf-KUiYhHtg7dwKEqmdHYT_5j4bKxj","media_id":"","title":"The Godfather: Part III","description":"","first":"T","duration":"9780","type":"movie","seasons":"","icon":"https:\/\/static-content.solocoo.tv\/vod\/canalplus\/publish\/posters\/MOVIE_37714_nl_147_219.jpg","category":"Thriller","vidcollection":"","ord":"145","datum":"19900101"},"Q1bc2tROp0mShQhQzcDZWeEfKO1qeDdW8CTQlNES":{"id":"Q1bc2tROp0mShQhQzcDZWeEfKO1qeDdW8CTQlNES","media_id":"","title":"The Goldfinch","description":"","first":"T","duration":"8580","type":"movie","seasons":"","icon":"https:\/\/static-content.solocoo.tv\/vod\/canalplus\/publish\/posters\/MOVIE_95065_nl_147_219.jpg","category":"Drama","vidcollection":"","ord":"33","datum":"20190101"},"jB3QPEkaeEAc7a7RecIb-VocDDrTyXRfpJlUTosi":{"id":"jB3QPEkaeEAc7a7RecIb-VocDDrTyXRfpJlUTosi","media_id":"","title":"The Good Liar","description":"","first":"T","duration":"6300","type":"movie","seasons":"","icon":"https:\/\/static-content.solocoo.tv\/vod\/canalplus\/publish\/posters\/MOVIE_97372_nl_147_219.jpg","category":"Thriller","vidcollection":"","ord":"25","datum":"20190101"},"jB7AN1bNaUnpTkXYqv4os1rUMc1RApUoiV02MlZ6":{"id":"jB7AN1bNaUnpTkXYqv4os1rUMc1RApUoiV02MlZ6","media_id":"","title":"The Graduate","description":"","first":"T","duration":"6060","type":"movie","seasons":"","icon":"https:\/\/static-content.solocoo.tv\/vod\/canalplus\/publish\/posters\/MOVIE_4858_nl_147_219.jpg","category":"Drama","vidcollection":"","ord":"166","datum":"19670101"},"tQNkee-0CjZ9FBrvBsCKckt4XPtMKZufIRwPao3n":{"id":"tQNkee-0CjZ9FBrvBsCKckt4XPtMKZufIRwPao3n","media_id":"","title":"The Hangover","description":"","first":"T","duration":"5700","type":"movie","seasons":"","icon":"https:\/\/static-content.solocoo.tv\/vod\/canalplus\/publish\/posters\/MOVIE_12877_nl_147_219.jpg","category":"Comedy","vidcollection":"","ord":"103","datum":"20090101"},"Qj-CNZo1OD7W6hcBbso5HEVQeLJYRrC9ZSmccDI1":{"id":"Qj-CNZo1OD7W6hcBbso5HEVQeLJYRrC9ZSmccDI1","media_id":"","title":"The Hangover Part II","description":"","first":"T","duration":"5820","type":"movie","seasons":"","icon":"https:\/\/static-content.solocoo.tv\/vod\/canalplus\/publish\/posters\/MOVIE_17602_nl_147_219.jpg","category":"Comedy","vidcollection":"","ord":"95","datum":"20110101"},"WgoW5ZIAdLsZyXl0a8wM8m7Z6lOqynma-2gSkoCU":{"id":"WgoW5ZIAdLsZyXl0a8wM8m7Z6lOqynma-2gSkoCU","media_id":"","title":"The Hangover Part III","description":"","first":"T","duration":"5700","type":"movie","seasons":"","icon":"https:\/\/static-content.solocoo.tv\/vod\/canalplus\/publish\/posters\/MOVIE_31771_nl_147_219.jpg","category":"Comedy","vidcollection":"","ord":"86","datum":"20130101"},"qoVL_NCf4J8-__yqP-WIVmsUXQ7OXPk6nTvgfDTr":{"id":"qoVL_NCf4J8-__yqP-WIVmsUXQ7OXPk6nTvgfDTr","media_id":"","title":"The Hobbit: An Unexpected Journey","description":"","first":"T","duration":"9720","type":"movie","seasons":"","icon":"https:\/\/static-content.solocoo.tv\/vod\/canalplus\/publish\/posters\/MOVIE_22066_nl_147_219.jpg","category":"Science Fiction","vidcollection":"","ord":"93","datum":"20120101"},"MBlLfopEZcZ8lqEJsspHwRRxY_oGdo-bUGgwmUru":{"id":"MBlLfopEZcZ8lqEJsspHwRRxY_oGdo-bUGgwmUru","media_id":"","title":"The Hobbit: The Battle of the Five Armies","description":"","first":"T","duration":"9420","type":"movie","seasons":"","icon":"https:\/\/static-content.solocoo.tv\/vod\/canalplus\/publish\/posters\/MOVIE_41063_nl_147_219.jpg","category":"Science Fiction","vidcollection":"","ord":"82","datum":"20140101"},"cYV0srldOPAYQ6lphuiCN9b23dzXe2hfKcEEYDui":{"id":"cYV0srldOPAYQ6lphuiCN9b23dzXe2hfKcEEYDui","media_id":"","title":"The Hobbit: The Desolation of Smaug","description":"","first":"T","duration":"9240","type":"movie","seasons":"","icon":"https:\/\/static-content.solocoo.tv\/vod\/canalplus\/publish\/posters\/MOVIE_35726_nl_147_219.jpg","category":"Science Fiction","vidcollection":"","ord":"88","datum":"20130101"},"nRp3qlz5dY-ZuNaIjcc0y5P9X6YhVj31dOOCF-LL":{"id":"nRp3qlz5dY-ZuNaIjcc0y5P9X6YhVj31dOOCF-LL","media_id":"","title":"The Intern","description":"","first":"T","duration":"6960","type":"movie","seasons":"","icon":"https:\/\/static-content.solocoo.tv\/vod\/canalplus\/publish\/posters\/MOVIE_51028_nl_147_219.jpg","category":"Comedy","vidcollection":"","ord":"73","datum":"20150101"},"f5787r64IzgIRdox-gtsKByKRW9srIBeoHEfBlvb":{"id":"f5787r64IzgIRdox-gtsKByKRW9srIBeoHEfBlvb","media_id":"","title":"The Italian Job","description":"","first":"T","duration":"6360","type":"movie","seasons":"","icon":"https:\/\/static-content.solocoo.tv\/vod\/canalplus\/publish\/posters\/MOVIE_37724_nl_147_219.jpg","category":"Thriller","vidcollection":"","ord":"123","datum":"20030101"},"3pLKNDMuF8Eo7pwQ9A1yuT8ypHw2dBwgU3evGUMP":{"id":"3pLKNDMuF8Eo7pwQ9A1yuT8ypHw2dBwgU3evGUMP","media_id":"","title":"The Kitchen","description":"","first":"T","duration":"5880","type":"movie","seasons":"","icon":"https:\/\/static-content.solocoo.tv\/vod\/canalplus\/publish\/posters\/MOVIE_93944_nl_147_219.jpg","category":"Thriller","vidcollection":"","ord":"36","datum":"20190101"},"uk6C8zK9feHkzvxjPpBEWfNkPpsFkrm_fSCeZa6D":{"id":"uk6C8zK9feHkzvxjPpBEWfNkPpsFkrm_fSCeZa6D","media_id":"","title":"The Lego Movie","description":"","first":"T","duration":"5760","type":"movie","seasons":"","icon":"https:\/\/static-content.solocoo.tv\/vod\/canalplus\/publish\/posters\/MOVIE_36632_nl_147_219.jpg","category":"Family","vidcollection":"","ord":"80","datum":"20140101"},"rVVnulVkgAzW38ExxoLC4mRhxZgz8hTeZI7H89AB":{"id":"rVVnulVkgAzW38ExxoLC4mRhxZgz8hTeZI7H89AB","media_id":"","title":"The Lego Movie 2 : The Second Part","description":"","first":"T","duration":"6120","type":"movie","seasons":"","icon":"https:\/\/static-content.solocoo.tv\/vod\/canalplus\/publish\/posters\/MOVIE_91241_nl_147_219.jpg","category":"Family","vidcollection":"","ord":"45","datum":"20190101"},"_-0D4bd61F8S5R6MAukgsP9ghm59c09VzeUY4bBd":{"id":"_-0D4bd61F8S5R6MAukgsP9ghm59c09VzeUY4bBd","media_id":"","title":"The Lovebirds","description":"","first":"T","duration":"4920","type":"movie","seasons":"","icon":"https:\/\/static-content.solocoo.tv\/vod\/canalplus\/publish\/posters\/MOVIE_108137_nl_147_219.jpg","category":"Comedy","vidcollection":"","ord":"13","datum":"20200101"},"GrS49BBObJuklgsUs6U6zmb7dgLzyAlSp8UfiUVk":{"id":"GrS49BBObJuklgsUs6U6zmb7dgLzyAlSp8UfiUVk","media_id":"","title":"The Matrix","description":"","first":"T","duration":"7800","type":"movie","seasons":"","icon":"https:\/\/static-content.solocoo.tv\/vod\/canalplus\/publish\/posters\/MOVIE_16433_nl_147_219.jpg","category":"Science Fiction","vidcollection":"","ord":"134","datum":"19990101"},"pzGv-OBNt3ZSM6erBUZY7mbizIEjG2elJts0Zgd2":{"id":"pzGv-OBNt3ZSM6erBUZY7mbizIEjG2elJts0Zgd2","media_id":"","title":"The Matrix Reloaded","description":"","first":"T","duration":"7860","type":"movie","seasons":"","icon":"https:\/\/static-content.solocoo.tv\/vod\/canalplus\/publish\/posters\/MOVIE_16434_nl_147_219.jpg","category":"Science Fiction","vidcollection":"","ord":"124","datum":"20030101"},"oyuUylWTPyTIkOTuoXDJqBSXSMz0hRs90A6HHod1":{"id":"oyuUylWTPyTIkOTuoXDJqBSXSMz0hRs90A6HHod1","media_id":"","title":"The Matrix Revolutions","description":"","first":"T","duration":"7380","type":"movie","seasons":"","icon":"https:\/\/static-content.solocoo.tv\/vod\/canalplus\/publish\/posters\/MOVIE_16435_nl_147_219.jpg","category":"Science Fiction","vidcollection":"","ord":"125","datum":"20030101"},"eCkTU-vphcUmVxyHzOXrMMbmU6b5zvEtlnli9qpT":{"id":"eCkTU-vphcUmVxyHzOXrMMbmU6b5zvEtlnli9qpT","media_id":"","title":"The Meg","description":"","first":"T","duration":"6480","type":"movie","seasons":"","icon":"https:\/\/static-content.solocoo.tv\/vod\/canalplus\/publish\/posters\/MOVIE_87868_nl_147_219.jpg","category":"Action","vidcollection":"","ord":"57","datum":"20180101"},"OJIaHz0rMZ13UPuRS44bYUlksFAlPmsu7VUz2kQM":{"id":"OJIaHz0rMZ13UPuRS44bYUlksFAlPmsu7VUz2kQM","media_id":"","title":"The Mule","description":"","first":"T","duration":"6660","type":"movie","seasons":"","icon":"https:\/\/static-content.solocoo.tv\/vod\/canalplus\/publish\/posters\/MOVIE_91025_nl_147_219.jpg","category":"Drama","vidcollection":"","ord":"49","datum":"20180101"},"ayfI8fkCqulFUzjwwwXDTz96lRp-IIc_AXaL4b0g":{"id":"ayfI8fkCqulFUzjwwwXDTz96lRp-IIc_AXaL4b0g","media_id":"","title":"The Nun","description":"","first":"T","duration":"5520","type":"movie","seasons":"","icon":"https:\/\/static-content.solocoo.tv\/vod\/canalplus\/publish\/posters\/MOVIE_87993_nl_147_219.jpg","category":"Horror","vidcollection":"","ord":"56","datum":"20180101"},"pgFPwsGVFBWNVbuZ_PQ8_89m-ioUwGVkJhO45Y6x":{"id":"pgFPwsGVFBWNVbuZ_PQ8_89m-ioUwGVkJhO45Y6x","media_id":"","title":"The Polar Express","description":"","first":"T","duration":"5700","type":"movie","seasons":"","icon":"https:\/\/static-content.solocoo.tv\/vod\/canalplus\/publish\/posters\/MOVIE_2807_nl_147_219.jpg","category":"Family","vidcollection":"","ord":"119","datum":"20040101"},"lsvH1W2sijrcyn13i408bREXY7I5GPvPMnAVTTOV":{"id":"lsvH1W2sijrcyn13i408bREXY7I5GPvPMnAVTTOV","media_id":"","title":"The Space Between","description":"","first":"T","duration":"5700","type":"movie","seasons":"","icon":"https:\/\/static-content.solocoo.tv\/vod\/canalplus\/publish\/posters\/MOVIE_109950_nl_147_219.jpg","category":"Comedy","vidcollection":"","ord":"8","datum":"20210101"},"ssDBUst2tUL53xsVS4LEPjLzPGW1zniuz8FvK81y":{"id":"ssDBUst2tUL53xsVS4LEPjLzPGW1zniuz8FvK81y","media_id":"","title":"The Suicide Squad","description":"","first":"T","duration":"7560","type":"movie","seasons":"","icon":"https:\/\/static-content.solocoo.tv\/vod\/canalplus\/publish\/posters\/MOVIE_112464_nl_147_219.jpg","category":"Action","vidcollection":"","ord":"2","datum":"20210101"},"PXcYW8ivbyG4srNUQyI8KgUD0xbIqdQnzFapNPlr":{"id":"PXcYW8ivbyG4srNUQyI8KgUD0xbIqdQnzFapNPlr","media_id":"","title":"The Truman Show","description":"","first":"T","duration":"5880","type":"movie","seasons":"","icon":"https:\/\/static-content.solocoo.tv\/vod\/canalplus\/publish\/posters\/MOVIE_37960_nl_147_219.jpg","category":"Drama","vidcollection":"","ord":"135","datum":"19980101"},"lyaqhPQo52PHs3GADbdXarVWbHlOl6NDQzZmZuLz":{"id":"lyaqhPQo52PHs3GADbdXarVWbHlOl6NDQzZmZuLz","media_id":"","title":"The Way Back","description":"","first":"T","duration":"6180","type":"movie","seasons":"","icon":"https:\/\/static-content.solocoo.tv\/vod\/canalplus\/publish\/posters\/MOVIE_97405_nl_147_219.jpg","category":"Drama","vidcollection":"","ord":"20","datum":"20200101"},"bnZRzmJ4LV8RJr7x7X9fGuP0nMxFz3X01R51B3qn":{"id":"bnZRzmJ4LV8RJr7x7X9fGuP0nMxFz3X01R51B3qn","media_id":"","title":"Three Days of the Condor","description":"","first":"T","duration":"6720","type":"movie","seasons":"","icon":"https:\/\/static-content.solocoo.tv\/vod\/canalplus\/publish\/posters\/MOVIE_3239_nl_147_219.jpg","category":"Thriller","vidcollection":"","ord":"161","datum":"19750101"},"K26lD4uy8Y6pn8XfYLayKre88HuqTM30m-A2k9Cb":{"id":"K26lD4uy8Y6pn8XfYLayKre88HuqTM30m-A2k9Cb","media_id":"","title":"Tom and Jerry","description":"","first":"T","duration":"5760","type":"movie","seasons":"","icon":"https:\/\/static-content.solocoo.tv\/vod\/canalplus\/publish\/posters\/MOVIE_110316_nl_147_219.jpg","category":"Family","vidcollection":"","ord":"7","datum":"20210101"},"-3kC_-vbZHlDZP6mBx3IEcq5pYYPdqVF8isYiPjp":{"id":"-3kC_-vbZHlDZP6mBx3IEcq5pYYPdqVF8isYiPjp","media_id":"","title":"Top Gun","description":"","first":"T","duration":"6240","type":"movie","seasons":"","icon":"https:\/\/static-content.solocoo.tv\/vod\/canalplus\/publish\/posters\/MOVIE_37959_nl_147_219.jpg","category":"Action","vidcollection":"","ord":"149","datum":"19860101"},"RLI1GAZIlu5EplMIOGL72SI44QALgpIjf0RQUOPv":{"id":"RLI1GAZIlu5EplMIOGL72SI44QALgpIjf0RQUOPv","media_id":"","title":"Transformers","description":"","first":"T","duration":"8220","type":"movie","seasons":"","icon":"https:\/\/static-content.solocoo.tv\/vod\/canalplus\/publish\/posters\/MOVIE_7804_nl_147_219.jpg","category":"Action","vidcollection":"","ord":"113","datum":"20070101"},"F82Ny8RQCbBILyA9RU9M8B9N5M7ssVUr7f6txjN2":{"id":"F82Ny8RQCbBILyA9RU9M8B9N5M7ssVUr7f6txjN2","media_id":"","title":"Transformers : The Last Knight","description":"","first":"T","duration":"8880","type":"movie","seasons":"","icon":"https:\/\/static-content.solocoo.tv\/vod\/canalplus\/publish\/posters\/MOVIE_73216_nl_147_219.jpg","category":"Action","vidcollection":"","ord":"65","datum":"20170101"},"wUZo9T_32D2o9X5BRojBXsBs1RLtVW5QVeE6fzso":{"id":"wUZo9T_32D2o9X5BRojBXsBs1RLtVW5QVeE6fzso","media_id":"","title":"Transformers: Age of Extinction","description":"","first":"T","duration":"9480","type":"movie","seasons":"","icon":"https:\/\/static-content.solocoo.tv\/vod\/canalplus\/publish\/posters\/MOVIE_41386_nl_147_219.jpg","category":"Action","vidcollection":"","ord":"83","datum":"20140101"},"r3rF9SxtX5VAVZt0iCWwG_TkICYLJEWGeF_NMmcA":{"id":"r3rF9SxtX5VAVZt0iCWwG_TkICYLJEWGeF_NMmcA","media_id":"","title":"Transformers: Dark of the Moon","description":"","first":"T","duration":"8880","type":"movie","seasons":"","icon":"https:\/\/static-content.solocoo.tv\/vod\/canalplus\/publish\/posters\/MOVIE_17242_nl_147_219.jpg","category":"Action","vidcollection":"","ord":"97","datum":"20110101"},"ZXbK4GglnTj23noFhxouiE9_F0jPG0AUodv2ruwO":{"id":"ZXbK4GglnTj23noFhxouiE9_F0jPG0AUodv2ruwO","media_id":"","title":"Transformers: Revenge of the Fallen","description":"","first":"T","duration":"8580","type":"movie","seasons":"","icon":"https:\/\/static-content.solocoo.tv\/vod\/canalplus\/publish\/posters\/MOVIE_12312_nl_147_219.jpg","category":"Action","vidcollection":"","ord":"104","datum":"20090101"},"1kpKOc48UkyZcPFXAECWYIp7SazpLNM6p0cof91T":{"id":"1kpKOc48UkyZcPFXAECWYIp7SazpLNM6p0cof91T","media_id":"","title":"Tropic Thunder","description":"","first":"T","duration":"6120","type":"movie","seasons":"","icon":"https:\/\/static-content.solocoo.tv\/vod\/canalplus\/publish\/posters\/MOVIE_10858_nl_147_219.jpg","category":"Comedy","vidcollection":"","ord":"107","datum":"20080101"},"ZPUFm8y2QVbX-g3GlCxHM5t7sSDH1KFBfKDdMuM-":{"id":"ZPUFm8y2QVbX-g3GlCxHM5t7sSDH1KFBfKDdMuM-","media_id":"","title":"Troy","description":"","first":"T","duration":"9360","type":"movie","seasons":"","icon":"https:\/\/static-content.solocoo.tv\/vod\/canalplus\/publish\/posters\/MOVIE_16456_nl_147_219.jpg","category":"Action","vidcollection":"","ord":"121","datum":"20040101"},"JzZVt5D79duxV1nOo9TUTAwuCUJg3JOmsytciii7":{"id":"JzZVt5D79duxV1nOo9TUTAwuCUJg3JOmsytciii7","media_id":"","title":"War of the Worlds","description":"","first":"W","duration":"6660","type":"movie","seasons":"","icon":"https:\/\/static-content.solocoo.tv\/vod\/canalplus\/publish\/posters\/MOVIE_3015_nl_147_219.jpg","category":"Science Fiction","vidcollection":"","ord":"115","datum":"20050101"},"8ZJMyZGqdMcd3TGRpjpgli3IOhk0uYEu1_kZ4omZ":{"id":"8ZJMyZGqdMcd3TGRpjpgli3IOhk0uYEu1_kZ4omZ","media_id":"","title":"Wonder Park","description":"","first":"W","duration":"4860","type":"movie","seasons":"","icon":"https:\/\/static-content.solocoo.tv\/vod\/canalplus\/publish\/posters\/MOVIE_91926_nl_147_219.jpg","category":"Family","vidcollection":"","ord":"42","datum":"20190101"},"cwJSap0PAxaWtCSJITyO5-mHt-UMKe14en18MGBP":{"id":"cwJSap0PAxaWtCSJITyO5-mHt-UMKe14en18MGBP","media_id":"","title":"Wonder Woman","description":"","first":"W","duration":"8100","type":"movie","seasons":"","icon":"https:\/\/static-content.solocoo.tv\/vod\/canalplus\/publish\/posters\/MOVIE_73185_nl_147_219.jpg","category":"Science Fiction","vidcollection":"","ord":"59","datum":"20170101"},"aO4CyisW-q4Mg7XHPBwypPvxOQJ2rKs72qgENXgD":{"id":"aO4CyisW-q4Mg7XHPBwypPvxOQJ2rKs72qgENXgD","media_id":"","title":"Wonder Woman 1984","description":"","first":"W","duration":"8640","type":"movie","seasons":"","icon":"https:\/\/static-content.solocoo.tv\/vod\/canalplus\/publish\/posters\/MOVIE_106413_nl_147_219.jpg","category":"Science Fiction","vidcollection":"","ord":"14","datum":"20200101"},"UIF2jnfD9UyfCZeDbwSYTWVDyycb56DxE5XfCu9b":{"id":"UIF2jnfD9UyfCZeDbwSYTWVDyycb56DxE5XfCu9b","media_id":"","title":"World War Z","description":"","first":"W","duration":"6660","type":"movie","seasons":"","icon":"https:\/\/static-content.solocoo.tv\/vod\/canalplus\/publish\/posters\/MOVIE_28517_nl_147_219.jpg","category":"Science Fiction","vidcollection":"","ord":"90","datum":"20130101"},"Ucy_J9XhM0SDqjHRG6T7QmaBvEuPaYnLcEQvjh-F":{"id":"Ucy_J9XhM0SDqjHRG6T7QmaBvEuPaYnLcEQvjh-F","media_id":"","title":"xXx: Return of Xander Cage","description":"","first":"X","duration":"6120","type":"movie","seasons":"","icon":"https:\/\/static-content.solocoo.tv\/vod\/canalplus\/publish\/posters\/MOVIE_69500_nl_147_219.jpg","category":"Action","vidcollection":"","ord":"63","datum":"20170101"}}