<programme channel="lgi-nl-prod-master:NL_000056_019483" start="20221019220500 +0000" stop="20221019230500 +0000" catchup-id="crid:~~2F~~2Fgn.tv~~2F223379~~2FSH035236650000~~2F143632800,imi:7f1a9c3dbc611ac806fd8f6574a27f592e388d0a"><title>Crime Stories</title><date></date><icon src="https://staticqbr-nl-prod.prod.cdn.dmdsdp.com/image-service/ImagesEPG/EventImages/p223379_b_v8_aa.jpg"></icon><desc>Verslagen laten zien wat er gebeurde tijdens de meest spraakmakende misdaden van Canada.</desc><category>Misdaad, Geschiedenis</category></programme>