<programme channel="lgi-nl-prod-master:NL_000213_020003" start="20221019223000 +0000" stop="20221019225500 +0000" catchup-id="crid:~~2F~~2Fgn.tv~~2F18954054~~2FMV015324700000,imi:e35ff410469b2c3327ce0b150159a9dfe6fbf100"><title>Confessions Of A Sinner</title><date>2019</date><icon src="https://staticqbr-nl-prod.prod.cdn.dmdsdp.com/image-service/ImagesEPG/EventImages/p18954054_st_v8_aa.jpg"></icon><desc>Dorian Del Isla verwent zijn vrouwen met massages met handen en mond bij kaarslicht.</desc><category>Erotiek, Film, Erotisch</category></programme><programme channel="lgi-nl-prod-master:NL_000213_020003" start="20221019225500 +0000" stop="20221020003000 +0000" catchup-id="crid:~~2F~~2Fgn.tv~~2F16367606~~2FMV018902110000,imi:88b54f60696f202e8d7188942150fcdd2cde4197"><title>Killer Body</title><date>2018</date><icon src="https://staticqbr-nl-prod.prod.cdn.dmdsdp.com/image-service/ImagesEPG/EventImages/p16367606_v_v8_af.jpg"></icon><desc>Katie Jones heeft het goed voor elkaar: ze heeft een lieve man, twee leuke kinderen en verdient haar brood als plastisch chirurg. Op een dag krijgt ze Liz als patiënt, een vrouw die ze nog van vroeger kent. Liz is echter geobsedeerd door haar uiterlijk en vindt Katie de perfecte vrouw. Ze wil er net zo uitzien als Katie en heeft er alles voor over om dat voor elkaar te krijgen.</desc><category>Film, Thriller</category></programme>