<programme channel="lgi-nl-prod-master:NL_000170_019515" start="20221019221700 +0000" stop="20221019223700 +0000" catchup-id="crid:~~2F~~2Fgn.tv~~2F18614403~~2FMV014361560000,imi:e0cdde2f3d4e0ceb65c3c50ef208b196f0cfc4be"><title>Valencia verleidt zakenman</title><date>2019</date><icon src="https://staticqbr-nl-prod.prod.cdn.dmdsdp.com/image-service/ImagesEPG/EventImages/g40_v8_ab.jpg"></icon><desc>Als Valencia in haar hotelkamer aan het douchen is komt haar buurman binnen. De zakenman trekt haar aandacht. Van het een komt het ander, en niet veel later staat ze in haar sexy lingerie in zijn kamer.</desc><category>Erotiek, Film, Erotisch</category></programme><programme channel="lgi-nl-prod-master:NL_000170_019515" start="20221019223700 +0000" stop="20221019225900 +0000" catchup-id="crid:~~2F~~2Fgn.tv~~2F18625582~~2FMV014371590000,imi:c99d58323ca435c46e04e5ecb9bcba40298c6b10"><title>Talitha's Geheime Verrassing</title><date>2016</date><icon src="https://staticqbr-nl-prod.prod.cdn.dmdsdp.com/image-service/ImagesEPG/EventImages/g40_v8_ab.jpg"></icon><desc>De exotische Talitha is wel een dame die in is voor spannende avontuurtjes. Ze laat zich verrassen met een uitnodiging op een locatie die ze helemaal niet kent. Daar wacht een onbekende op haar.</desc><category>Erotiek, Film, Erotisch</category></programme>