<programme channel="lgi-nl-prod-master:NL_000150_020075" start="20221019000000 +0000" stop="20221019003000 +0000" catchup-id="crid:~~2F~~2Fgn.tv~~2F22988920~~2FEP044282710055,imi:6347079e86c2ab4686a28941880f35246ad171a3"><title>Rajjo</title><date>2022</date><icon src="https://staticqbr-nl-prod.prod.cdn.dmdsdp.com/image-service/ImagesEPG/EventImages/p22806276_b_v8_aa.jpg"></icon><desc>Rajjo, an athletically-gifted girl from a village, encounters Arjun, a rich but angry man, when he saves her life during a calamity. Together they navigate the fallout and societal boundaries that try to divide them.</desc><category>Dramaseries</category></programme><programme channel="lgi-nl-prod-master:NL_000150_020075" start="20221019003000 +0000" stop="20221019010000 +0000" catchup-id="crid:~~2F~~2Fgn.tv~~2F22989016~~2FEP034027990831,imi:27b51983095a90004b64bcc851b23687e541937c"><title>Yeh Hai Chahatein</title><date>2022</date><icon src="https://staticqbr-nl-prod.prod.cdn.dmdsdp.com/image-service/ImagesEPG/EventImages/p17762032_b_v11_ae.jpg"></icon><desc>Preesha's life revolves around her son Saaransh, while Rudraksh is an insensitive rockstar. When an unfortunate event brings these two strangers at a crossroad, there might be a new beginning for them.</desc><category>Dramaseries, Romantiek</category></programme><programme channel="lgi-nl-prod-master:NL_000150_020075" start="20221019010000 +0000" stop="20221019013000 +0000" catchup-id="crid:~~2F~~2Fgn.tv~~2F22989053~~2FEP017569581736,imi:572db9ba17e1e9316218fbc871c0998cd63c41ac"><title>Yeh Rishta Kya Kehlata Hai</title><date>2022</date><icon src="https://staticqbr-nl-prod.prod.cdn.dmdsdp.com/image-service/ImagesEPG/EventImages/p13525802_b_v8_ab.jpg"></icon><desc>The daily events within the household of an Udaipur family. After Akshara and Naitik's marriage, the parents now focus on their children, Naksh and Naira. However, their efforts are reaping no results.</desc><category>Dramaseries, Romantiek</category></programme><programme channel="lgi-nl-prod-master:NL_000150_020075" start="20221019013000 +0000" stop="20221019020000 +0000" catchup-id="crid:~~2F~~2Fgn.tv~~2F22988793~~2FEP036789360920,imi:12e38d6d2a70c35ae7d2bb1b3c764940bc2aa862"><title>Imlie</title><date>2022</date><icon src="https://staticqbr-nl-prod.prod.cdn.dmdsdp.com/image-service/ImagesEPG/EventImages/p19084522_b_v8_aa.jpg"></icon><desc>All Imlie wanted was to create a name for herself in the city. But upon her arrival, she finds herself caught in the middle of Aditya and Malini's love story.</desc><category>Dramaseries, Soap</category></programme><programme channel="lgi-nl-prod-master:NL_000150_020075" start="20221019020000 +0000" stop="20221019023000 +0000" catchup-id="crid:~~2F~~2Fgn.tv~~2F22988886~~2FEP037522230808,imi:3dadccd0a47b9df0a0f14332bd05197201f968a0"><title>Pandya Store</title><date>2022</date><icon src="https://staticqbr-nl-prod.prod.cdn.dmdsdp.com/image-service/ImagesEPG/EventImages/p19382793_b_v8_ac.jpg"></icon><desc>The middle-class Pandya family has a grocery shop named Pandya Store, run by Gautam and his wife Dhara. Gautam also has three younger brothers, whom they treat as their own children.</desc><category>Dramaseries, Romantiek</category></programme><programme channel="lgi-nl-prod-master:NL_000150_020075" start="20221019023000 +0000" stop="20221019030000 +0000" catchup-id="crid:~~2F~~2Fgn.tv~~2F22980260~~2FEP043535420097,imi:55293ed7ffcaf33d6f72b7042e1271abba2dd99e"><title>Anandibaa Aur Emily</title><date>2022</date><icon src="https://staticqbr-nl-prod.prod.cdn.dmdsdp.com/image-service/ImagesEPG/EventImages/p22468876_b_v8_aa.jpg"></icon><desc>The dynamic of a traditional Indian family gets shaken due to the arrival of a foreign `Bahu'.</desc><category>Dramaseries, Romantiek</category></programme><programme channel="lgi-nl-prod-master:NL_000150_020075" start="20221019030000 +0000" stop="20221019033000 +0000" catchup-id="crid:~~2F~~2Fgn.tv~~2F22988720~~2FEP043132860126,imi:42c5c7a8b6437b86f59d84d6cdbe295d254eabee"><title>Banni Chow Home Delivery</title><date>2022</date><icon src="https://staticqbr-nl-prod.prod.cdn.dmdsdp.com/image-service/ImagesEPG/EventImages/p22212605_b_v8_aa.jpg"></icon><desc>The struggles of an orphan who delivers food from home to home and a person who loves music.</desc><category>Dramaseries, Romantiek</category></programme><programme channel="lgi-nl-prod-master:NL_000150_020075" start="20221019040000 +0000" stop="20221019043000 +0000" catchup-id="crid:~~2F~~2Fgn.tv~~2F22989016~~2FEP034027990831,imi:66467da7f12670e7121f8e8fee150bc9a396d53e"><title>Yeh Hai Chahatein</title><date>2022</date><icon src="https://staticqbr-nl-prod.prod.cdn.dmdsdp.com/image-service/ImagesEPG/EventImages/p17762032_b_v11_ae.jpg"></icon><desc>Preesha's life revolves around her son Saaransh, while Rudraksh is an insensitive rockstar. When an unfortunate event brings these two strangers at a crossroad, there might be a new beginning for them.</desc><category>Dramaseries, Romantiek</category></programme><programme channel="lgi-nl-prod-master:NL_000150_020075" start="20221019043000 +0000" stop="20221019050000 +0000" catchup-id="crid:~~2F~~2Fgn.tv~~2F22988920~~2FEP044282710055,imi:6a8afdcfb663e442f7fc10fa19c7d47715545668"><title>Rajjo</title><date>2022</date><icon src="https://staticqbr-nl-prod.prod.cdn.dmdsdp.com/image-service/ImagesEPG/EventImages/p22806276_b_v8_aa.jpg"></icon><desc>Rajjo, an athletically-gifted girl from a village, encounters Arjun, a rich but angry man, when he saves her life during a calamity. Together they navigate the fallout and societal boundaries that try to divide them.</desc><category>Dramaseries</category></programme><programme channel="lgi-nl-prod-master:NL_000150_020075" start="20221019050000 +0000" stop="20221019053000 +0000" catchup-id="crid:~~2F~~2Fgn.tv~~2F22980293~~2FEP034660301131,imi:2cf16a64f9f2a47f59e3c2b87dcb29e1f7e49e62"><title>Anupamaa</title><date>2022</date><icon src="https://staticqbr-nl-prod.prod.cdn.dmdsdp.com/image-service/ImagesEPG/EventImages/p18094070_b_v8_ab.jpg"></icon><desc>Anupamaa has parted with her goals and ambitions in a bid to raise her family. However, she feels dejected that she fails to get any credit for the sacrifices she has made for her family.</desc><category>Dramaseries, Romantiek</category></programme><programme channel="lgi-nl-prod-master:NL_000150_020075" start="20221019053000 +0000" stop="20221019060000 +0000" catchup-id="crid:~~2F~~2Fgn.tv~~2F22980699~~2FEP013089920826,imi:57b72a1c88dd7d9c21043734c08ddc8fd4a90988"><title>Awakening With Brahmakumaris</title><date>2022</date><icon src="https://staticqbr-nl-prod.prod.cdn.dmdsdp.com/image-service/ImagesEPG/EventImages/p17094976_b_v11_aa.jpg"></icon><desc>Exploring issues affecting people in their daily life and providing practical spiritual solutions.</desc><category>Zelfhulp, Talkshow</category></programme><programme channel="lgi-nl-prod-master:NL_000150_020075" start="20221019060000 +0000" stop="20221019063000 +0000" catchup-id="crid:~~2F~~2Fgn.tv~~2F22988978~~2FEP021736281648,imi:8238b3ab49b5fdf423a9110348378cef5cfc12f5"><title>Yeh Hai Mohabbatein</title><date>2022</date><icon src="https://staticqbr-nl-prod.prod.cdn.dmdsdp.com/image-service/ImagesEPG/EventImages/p13525664_b_v8_ad.jpg"></icon><desc>A Tamilian man and a Punjabi woman are connected by their love for the man's daughter. The woman, unable to bear children, shares a very close, motherly relationship with the girl.</desc><category>Dramaseries, Soap</category></programme><programme channel="lgi-nl-prod-master:NL_000150_020075" start="20221019063000 +0000" stop="20221019070000 +0000" catchup-id="crid:~~2F~~2Fgn.tv~~2F22989053~~2FEP017569581736,imi:9e6dd6d82d853c8de05b74ce7f7694c8e9fb7808"><title>Yeh Rishta Kya Kehlata Hai</title><date>2022</date><icon src="https://staticqbr-nl-prod.prod.cdn.dmdsdp.com/image-service/ImagesEPG/EventImages/p13525802_b_v8_ab.jpg"></icon><desc>The daily events within the household of an Udaipur family. After Akshara and Naitik's marriage, the parents now focus on their children, Naksh and Naira. However, their efforts are reaping no results.</desc><category>Dramaseries, Romantiek</category></programme><programme channel="lgi-nl-prod-master:NL_000150_020075" start="20221019070000 +0000" stop="20221019073000 +0000" catchup-id="crid:~~2F~~2Fgn.tv~~2F22989016~~2FEP034027990831,imi:f720054575af30a25521976237f6b6caa03032d2"><title>Yeh Hai Chahatein</title><date>2022</date><icon src="https://staticqbr-nl-prod.prod.cdn.dmdsdp.com/image-service/ImagesEPG/EventImages/p17762032_b_v11_ae.jpg"></icon><desc>Preesha's life revolves around her son Saaransh, while Rudraksh is an insensitive rockstar. When an unfortunate event brings these two strangers at a crossroad, there might be a new beginning for them.</desc><category>Dramaseries, Romantiek</category></programme><programme channel="lgi-nl-prod-master:NL_000150_020075" start="20221019073000 +0000" stop="20221019080000 +0000" catchup-id="crid:~~2F~~2Fgn.tv~~2F22988886~~2FEP037522230808,imi:26274ad08cb4b957e027180868c118040abb336c"><title>Pandya Store</title><date>2022</date><icon src="https://staticqbr-nl-prod.prod.cdn.dmdsdp.com/image-service/ImagesEPG/EventImages/p19382793_b_v8_ac.jpg"></icon><desc>The middle-class Pandya family has a grocery shop named Pandya Store, run by Gautam and his wife Dhara. Gautam also has three younger brothers, whom they treat as their own children.</desc><category>Dramaseries, Romantiek</category></programme><programme channel="lgi-nl-prod-master:NL_000150_020075" start="20221019080000 +0000" stop="20221019083000 +0000" catchup-id="crid:~~2F~~2Fgn.tv~~2F22988793~~2FEP036789360920,imi:75125975c44772ea4a9c042afd07766f59fe3791"><title>Imlie</title><date>2022</date><icon src="https://staticqbr-nl-prod.prod.cdn.dmdsdp.com/image-service/ImagesEPG/EventImages/p19084522_b_v8_aa.jpg"></icon><desc>All Imlie wanted was to create a name for herself in the city. But upon her arrival, she finds herself caught in the middle of Aditya and Malini's love story.</desc><category>Dramaseries, Soap</category></programme><programme channel="lgi-nl-prod-master:NL_000150_020075" start="20221019083000 +0000" stop="20221019090000 +0000" catchup-id="crid:~~2F~~2Fgn.tv~~2F22988720~~2FEP043132860126,imi:01b38dcb62873e5a19bbde3a2649ed99b7a11e5e"><title>Banni Chow Home Delivery</title><date>2022</date><icon src="https://staticqbr-nl-prod.prod.cdn.dmdsdp.com/image-service/ImagesEPG/EventImages/p22212605_b_v8_aa.jpg"></icon><desc>The struggles of an orphan who delivers food from home to home and a person who loves music.</desc><category>Dramaseries, Romantiek</category></programme><programme channel="lgi-nl-prod-master:NL_000150_020075" start="20221019090000 +0000" stop="20221019093000 +0000" catchup-id="crid:~~2F~~2Fgn.tv~~2F22980260~~2FEP043535420097,imi:5a845982923ac754a282f274a32f0233591de02f"><title>Anandibaa Aur Emily</title><date>2022</date><icon src="https://staticqbr-nl-prod.prod.cdn.dmdsdp.com/image-service/ImagesEPG/EventImages/p22468876_b_v8_aa.jpg"></icon><desc>The dynamic of a traditional Indian family gets shaken due to the arrival of a foreign `Bahu'.</desc><category>Dramaseries, Romantiek</category></programme><programme channel="lgi-nl-prod-master:NL_000150_020075" start="20221019093000 +0000" stop="20221019100000 +0000" catchup-id="crid:~~2F~~2Fgn.tv~~2F22988756~~2FEP036349051082,imi:ead3d2c58b38ce84d7ace9f78c5d8bd782802664"><title>Ghum Hai Kisikey Pyaar Meiin</title><date>2022</date><icon src="https://staticqbr-nl-prod.prod.cdn.dmdsdp.com/image-service/ImagesEPG/EventImages/p18882414_b_v8_ab.jpg"></icon><desc>Virat sacrifices his love to honour the promise he made to a dying man. Trapped between the customs of the past and what he holds in his heart, he tries to find love beyond the chains of duty.</desc><category>Dramaseries, Romantiek</category></programme><programme channel="lgi-nl-prod-master:NL_000150_020075" start="20221019100000 +0000" stop="20221019103000 +0000" catchup-id="crid:~~2F~~2Fgn.tv~~2F22988920~~2FEP044282710055,imi:fedd231cc133cf949249e374f71a5df9c9c8a90d"><title>Rajjo</title><date>2022</date><icon src="https://staticqbr-nl-prod.prod.cdn.dmdsdp.com/image-service/ImagesEPG/EventImages/p22806276_b_v8_aa.jpg"></icon><desc>Rajjo, an athletically-gifted girl from a village, encounters Arjun, a rich but angry man, when he saves her life during a calamity. Together they navigate the fallout and societal boundaries that try to divide them.</desc><category>Dramaseries</category></programme><programme channel="lgi-nl-prod-master:NL_000150_020075" start="20221019103000 +0000" stop="20221019110000 +0000" catchup-id="crid:~~2F~~2Fgn.tv~~2F19566480~~2FEP029641550036,imi:bc01eaf7ae4f410973e0f57a57fe43a7307a2467"><title>Cook Smart</title><date>2021</date><icon src="https://staticqbr-nl-prod.prod.cdn.dmdsdp.com/image-service/ImagesEPG/EventImages/p10383211_b_v8_ab.jpg"></icon><desc>This show will teach you easy and healthy recipes cooked in a smart way. Master Chef Sanjeev Kapoor will help you give up on unhealthy food and make you to fall in love with your kitchen.</desc><category>Culinair</category></programme><programme channel="lgi-nl-prod-master:NL_000150_020075" start="20221019110000 +0000" stop="20221019113000 +0000" catchup-id="crid:~~2F~~2Fgn.tv~~2F20520823~~2FEP029641570185,imi:ba0707a48e60fb7a9316173bc0e1fbe648e5cd9e"><title>Sanjeev Kapoor's Kitchen</title><date>2021</date><icon src="https://staticqbr-nl-prod.prod.cdn.dmdsdp.com/image-service/ImagesEPG/EventImages/p19638078_b_v12_aa.jpg"></icon><desc>In this Unique show Master Chef Sanjeev Kapoor will teach the nation his top recipes. From main course to starters, it will feature his best signature dishes.</desc><category>Culinair</category></programme><programme channel="lgi-nl-prod-master:NL_000150_020075" start="20221019113000 +0000" stop="20221019120000 +0000" catchup-id="crid:~~2F~~2Fgn.tv~~2F20566023~~2FEP036703080015,imi:d2db227f6945fb7d31dfda96ea40e604e2018c1a"><title>Festive Feasts</title><date>2021</date><icon src="https://staticqbr-nl-prod.prod.cdn.dmdsdp.com/image-service/ImagesEPG/EventImages/p20566018_b_v8_aa.jpg"></icon><desc>Boost your culinary skills and impress guests in the process with two decadent holiday recipes.</desc><category>Culinair</category></programme><programme channel="lgi-nl-prod-master:NL_000150_020075" start="20221019120000 +0000" stop="20221019143000 +0000" catchup-id="crid:~~2F~~2Fgn.tv~~2F22988821~~2FEP043576740099,imi:75fce4cff56e4cd90f5cbdce8944a51123e49f2c"><title>Kumkum: Ek Pyara Sa Bandhan</title><date>2022</date><icon src="https://staticqbr-nl-prod.prod.cdn.dmdsdp.com/image-service/ImagesEPG/EventImages/p22469661_b_v8_aa.jpg"></icon><desc>When Kumkum's husband passes away, her in-laws strive to get her remarried. However, as she gears up for a new beginning, her marriage is called off and her future is in jeopardy.</desc><category>Dramaseries, Romantiek</category></programme><programme channel="lgi-nl-prod-master:NL_000150_020075" start="20221019143000 +0000" stop="20221019150000 +0000" catchup-id="crid:~~2F~~2Fgn.tv~~2F22988756~~2FEP036349051082,imi:fa29aa197669191b2d7cec57d9898c9399efb706"><title>Ghum Hai Kisikey Pyaar Meiin</title><date>2022</date><icon src="https://staticqbr-nl-prod.prod.cdn.dmdsdp.com/image-service/ImagesEPG/EventImages/p18882414_b_v8_ab.jpg"></icon><desc>Virat sacrifices his love to honour the promise he made to a dying man. Trapped between the customs of the past and what he holds in his heart, he tries to find love beyond the chains of duty.</desc><category>Dramaseries, Romantiek</category></programme><programme channel="lgi-nl-prod-master:NL_000150_020075" start="20221019150000 +0000" stop="20221019153000 +0000" catchup-id="crid:~~2F~~2Fgn.tv~~2F22988793~~2FEP036789360920,imi:a42b8224e9a24e1b998dcb8355a6fdedbfab5c17"><title>Imlie</title><date>2022</date><icon src="https://staticqbr-nl-prod.prod.cdn.dmdsdp.com/image-service/ImagesEPG/EventImages/p19084522_b_v8_aa.jpg"></icon><desc>All Imlie wanted was to create a name for herself in the city. But upon her arrival, she finds herself caught in the middle of Aditya and Malini's love story.</desc><category>Dramaseries, Soap</category></programme><programme channel="lgi-nl-prod-master:NL_000150_020075" start="20221019153000 +0000" stop="20221019160000 +0000" catchup-id="crid:~~2F~~2Fgn.tv~~2F22989053~~2FEP017569581736,imi:b20a9e0b7dbd66188fc2731697f8dd3966e90873"><title>Yeh Rishta Kya Kehlata Hai</title><date>2022</date><icon src="https://staticqbr-nl-prod.prod.cdn.dmdsdp.com/image-service/ImagesEPG/EventImages/p13525802_b_v8_ab.jpg"></icon><desc>The daily events within the household of an Udaipur family. After Akshara and Naitik's marriage, the parents now focus on their children, Naksh and Naira. However, their efforts are reaping no results.</desc><category>Dramaseries, Romantiek</category></programme><programme channel="lgi-nl-prod-master:NL_000150_020075" start="20221019160000 +0000" stop="20221019163000 +0000" catchup-id="crid:~~2F~~2Fgn.tv~~2F22980293~~2FEP034660301131,imi:d27e044de98663609a3707cebeb0bf9c1177ffb3"><title>Anupamaa</title><date>2022</date><icon src="https://staticqbr-nl-prod.prod.cdn.dmdsdp.com/image-service/ImagesEPG/EventImages/p18094070_b_v8_ab.jpg"></icon><desc>Anupamaa has parted with her goals and ambitions in a bid to raise her family. However, she feels dejected that she fails to get any credit for the sacrifices she has made for her family.</desc><category>Dramaseries, Romantiek</category></programme><programme channel="lgi-nl-prod-master:NL_000150_020075" start="20221019163000 +0000" stop="20221019170000 +0000" catchup-id="crid:~~2F~~2Fgn.tv~~2F20626583~~2FEP018719860121,imi:ce1c3ab1495c740911ac2a14c4a5d3b64cd1e671"><title>Mummy Ka Magic</title><date>2021</date><icon src="https://staticqbr-nl-prod.prod.cdn.dmdsdp.com/image-service/ImagesEPG/EventImages/p19874486_b_v8_aa.jpg"></icon><desc>A cooking show for mums featuring nutritious yet tasty and appealing dishes for children.</desc><category>Culinair</category></programme><programme channel="lgi-nl-prod-master:NL_000150_020075" start="20221019170000 +0000" stop="20221019173000 +0000" catchup-id="crid:~~2F~~2Fgn.tv~~2F22988921~~2FEP044282710056,imi:0b041665205a704778006cf5e8123fa5d0a23f49"><title>Rajjo</title><date>2022</date><icon src="https://staticqbr-nl-prod.prod.cdn.dmdsdp.com/image-service/ImagesEPG/EventImages/p22806276_b_v8_aa.jpg"></icon><desc>Rajjo, an athletically-gifted girl from a village, encounters Arjun, a rich but angry man, when he saves her life during a calamity. Together they navigate the fallout and societal boundaries that try to divide them.</desc><category>Dramaseries</category></programme><programme channel="lgi-nl-prod-master:NL_000150_020075" start="20221019173000 +0000" stop="20221019180000 +0000" catchup-id="crid:~~2F~~2Fgn.tv~~2F22988887~~2FEP037522230809,imi:3f0f977a1a34e698adb905e7b891a17b3c95443d"><title>Pandya Store</title><date>2022</date><icon src="https://staticqbr-nl-prod.prod.cdn.dmdsdp.com/image-service/ImagesEPG/EventImages/p19382793_b_v8_ac.jpg"></icon><desc>The middle-class Pandya family has a grocery shop named Pandya Store, run by Gautam and his wife Dhara. Gautam also has three younger brothers, whom they treat as their own children.</desc><category>Dramaseries, Romantiek</category></programme><programme channel="lgi-nl-prod-master:NL_000150_020075" start="20221019180000 +0000" stop="20221019183000 +0000" catchup-id="crid:~~2F~~2Fgn.tv~~2F22980261~~2FEP043535420098,imi:8b6435af916ef33c03dfd604fdf5b019c39c0483"><title>Anandibaa Aur Emily</title><date>2022</date><icon src="https://staticqbr-nl-prod.prod.cdn.dmdsdp.com/image-service/ImagesEPG/EventImages/p22468876_b_v8_aa.jpg"></icon><desc>The dynamic of a traditional Indian family gets shaken due to the arrival of a foreign `Bahu'.</desc><category>Dramaseries, Romantiek</category></programme><programme channel="lgi-nl-prod-master:NL_000150_020075" start="20221019183000 +0000" stop="20221019190000 +0000" catchup-id="crid:~~2F~~2Fgn.tv~~2F22989017~~2FEP034027990832,imi:0aeea103ae54132bfb3c10960bfca0b2e4bdea3d"><title>Yeh Hai Chahatein</title><date>2022</date><icon src="https://staticqbr-nl-prod.prod.cdn.dmdsdp.com/image-service/ImagesEPG/EventImages/p17762032_b_v11_ae.jpg"></icon><desc>Preesha's life revolves around her son Saaransh, while Rudraksh is an insensitive rockstar. When an unfortunate event brings these two strangers at a crossroad, there might be a new beginning for them.</desc><category>Dramaseries, Romantiek</category></programme><programme channel="lgi-nl-prod-master:NL_000150_020075" start="20221019190000 +0000" stop="20221019193000 +0000" catchup-id="crid:~~2F~~2Fgn.tv~~2F22980294~~2FEP034660301132,imi:ad288f7e2b0e696fcb8cf37757a7030076cc7ae9"><title>Anupamaa</title><date>2022</date><icon src="https://staticqbr-nl-prod.prod.cdn.dmdsdp.com/image-service/ImagesEPG/EventImages/p18094070_b_v8_ab.jpg"></icon><desc>Anupamaa has parted with her goals and ambitions in a bid to raise her family. However, she feels dejected that she fails to get any credit for the sacrifices she has made for her family.</desc><category>Dramaseries, Romantiek</category></programme><programme channel="lgi-nl-prod-master:NL_000150_020075" start="20221019193000 +0000" stop="20221019200000 +0000" catchup-id="crid:~~2F~~2Fgn.tv~~2F22988721~~2FEP043132860127,imi:969ffe46ebd398338a13cb280b7bc77b2ee86aee"><title>Banni Chow Home Delivery</title><date>2022</date><icon src="https://staticqbr-nl-prod.prod.cdn.dmdsdp.com/image-service/ImagesEPG/EventImages/p22212605_b_v8_aa.jpg"></icon><desc>The struggles of an orphan who delivers food from home to home and a person who loves music.</desc><category>Dramaseries, Romantiek</category></programme><programme channel="lgi-nl-prod-master:NL_000150_020075" start="20221019200000 +0000" stop="20221019203000 +0000" catchup-id="crid:~~2F~~2Fgn.tv~~2F22988758~~2FEP036349051083,imi:ad2d49454c9eb33ee193a9a5dc65f384c95cfb93"><title>Ghum Hai Kisikey Pyaar Meiin</title><date>2022</date><icon src="https://staticqbr-nl-prod.prod.cdn.dmdsdp.com/image-service/ImagesEPG/EventImages/p18882414_b_v8_ab.jpg"></icon><desc>Virat sacrifices his love to honour the promise he made to a dying man. Trapped between the customs of the past and what he holds in his heart, he tries to find love beyond the chains of duty.</desc><category>Dramaseries, Romantiek</category></programme><programme channel="lgi-nl-prod-master:NL_000150_020075" start="20221019203000 +0000" stop="20221019210000 +0000" catchup-id="crid:~~2F~~2Fgn.tv~~2F22989054~~2FEP017569581737,imi:1fe3680bfc49a9200d27440343b49425357e3d71"><title>Yeh Rishta Kya Kehlata Hai</title><date>2022</date><icon src="https://staticqbr-nl-prod.prod.cdn.dmdsdp.com/image-service/ImagesEPG/EventImages/p13525802_b_v8_ab.jpg"></icon><desc>The daily events within the household of an Udaipur family. After Akshara and Naitik's marriage, the parents now focus on their children, Naksh and Naira. However, their efforts are reaping no results.</desc><category>Dramaseries, Romantiek</category></programme><programme channel="lgi-nl-prod-master:NL_000150_020075" start="20221019210000 +0000" stop="20221019213000 +0000" catchup-id="crid:~~2F~~2Fgn.tv~~2F22988794~~2FEP036789360921,imi:e90fd00712a3c7246e92e7857bedacf7aedb41c7"><title>Imlie</title><date>2022</date><icon src="https://staticqbr-nl-prod.prod.cdn.dmdsdp.com/image-service/ImagesEPG/EventImages/p19084522_b_v8_aa.jpg"></icon><desc>All Imlie wanted was to create a name for herself in the city. But upon her arrival, she finds herself caught in the middle of Aditya and Malini's love story.</desc><category>Dramaseries, Soap</category></programme><programme channel="lgi-nl-prod-master:NL_000150_020075" start="20221019213000 +0000" stop="20221019233000 +0000" catchup-id="crid:~~2F~~2Fgn.tv~~2F22988858~~2FEP043681310066,imi:e07450105d83d635b95eeacbd71b931cd49af88e"><title>Kyunki Saas Bhi Kabhi Bahu Thi: Edit</title><date>2022</date><icon src="https://staticqbr-nl-prod.prod.cdn.dmdsdp.com/image-service/ImagesEPG/EventImages/p22521284_b_v8_ab.jpg"></icon><desc>Mihir Virani decides to marry Tulsi, the daughter of their family priest. However, his mother strongly disapproves and tries to create various obstacles in Tulsi's life.</desc><category>Dramaseries, Soap</category></programme>