<programme channel="lgi-nl-prod-master:NL_000059_019252" start="20221019221500 +0000" stop="20221019225500 +0000" catchup-id="crid:~~2F~~2Fgn.tv~~2F16118535~~2FEP030733960001,imi:a1e3179a89936e1bba9d1ff7bb345f45ae1423d4"><title>Comedy Central Roasts</title><date>2018</date><icon src="https://staticqbr-nl-prod.prod.cdn.dmdsdp.com/image-service/ImagesEPG/EventImages/p16118531_b_v12_aa.jpg"></icon><desc>Komiek Soundos El Ahmadi duikt in de wereld van de JOVD, de jongerenorganisatie van de VVD. Nadat onze toekomstige leiders haar hebben meegenomen in hun dagelijks leven, zal Soundos ze keihard roasten.</desc><category>Komedie, Entertainment</category></programme><programme channel="lgi-nl-prod-master:NL_000059_019252" start="20221019225500 +0000" stop="20221019233500 +0000" catchup-id="crid:~~2F~~2Fgn.tv~~2F16118541~~2FEP030733960007,imi:fc43d866c221d0fc17efd1ac649198c5c516a977"><title>Comedy Central Roasts</title><date>2018</date><icon src="https://staticqbr-nl-prod.prod.cdn.dmdsdp.com/image-service/ImagesEPG/EventImages/p16118531_b_v12_aa.jpg"></icon><desc>Soundos El Ahmadi dompelt zich onder in de wereld van de gabbers. Ze zijn niet achtergebleven in de jaren '90; de subcultuur is nog steeds actief. Hopelijk kunnen ze net zo hard om zichzelf lachen als dat ze kunnen hakken.</desc><category>Komedie, Entertainment</category></programme>