<programme channel="lgi-nl-prod-master:NL_000007_019181" start="20221018231500 +0000" stop="20221019004500 +0000" catchup-id="crid:~~2F~~2Fgn.tv~~2F17106479~~2FMV013809400000,imi:033abbb12a6a3022692fcfa6663f824fd8c822e8"><title>The Boat</title><date>2018</date><icon src="https://staticqbr-nl-prod.prod.cdn.dmdsdp.com/image-service/ImagesEPG/EventImages/p17106479_v_v12_aa.jpg"></icon><desc>Midden op de oceaan stuit een visser op een volledig verlaten boot. Eenmaal aan boord komt hij erachter dat zijn eigen bootje plotseling is verdwenen, en dat hij hopeloos is achtergelaten op het spookachtige vaartuig. Met niets anders dan water om hem heen, kan hij geen kant op. Wanneer het begint te lijken alsof de boot een eigen wil heeft en de eenzame visser opgesloten wordt in het ruim, zal hij moeten vechten tegen een mysterieuze en sterke kracht.</desc><category>Drama, Film, Thriller</category></programme><programme channel="lgi-nl-prod-master:NL_000007_019181" start="20221019004500 +0000" stop="20221019040000 +0000" catchup-id="crid:~~2F~~2Fgn.tv~~2F14554329~~2FSH027788870000~~2F143358664,imi:facd5cb846b5145180e38deacbac43fdedec7de3"><title>Tommy Teleshopping</title><date></date><icon src="https://staticqbr-nl-prod.prod.cdn.dmdsdp.com/image-service/ImagesEPG/EventImages/p14554329_b_v11_ac.jpg"></icon><desc>Homeshoppingprogramma waarin de kijker via de telefoon allerlei producten kan aanschaffen. Het programma bevat originele producten, van fitnessproducten tot tuingereedschap.</desc><category>Shoppen</category></programme><programme channel="lgi-nl-prod-master:NL_000007_019181" start="20221019040000 +0000" stop="20221019073000 +0000" catchup-id="crid:~~2F~~2Fgn.tv~~2F15296988~~2FSH029260750000~~2F143371013,imi:7f14fe0b4745423e2247aba5ac11deb41c2e92d0"><title>Mediashop</title><date></date><icon src="https://staticqbr-nl-prod.prod.cdn.dmdsdp.com/image-service/ImagesEPG/EventImages/p15296988_b_v8_aa.jpg"></icon><desc>Homeshoppingprogramma waarin de kijker een verscheidenheid aan producten kan aanschaffen.</desc><category>Shoppen</category></programme><programme channel="lgi-nl-prod-master:NL_000007_019181" start="20221019073000 +0000" stop="20221019080000 +0000" catchup-id="crid:~~2F~~2Fgn.tv~~2F19396600~~2FEP027894250045,imi:2c13b766fc9d10a65163fff056a0c2517c96638a"><title>Vis TV</title><date></date><icon src="https://staticqbr-nl-prod.prod.cdn.dmdsdp.com/image-service/ImagesEPG/EventImages/p19396590_b_v8_aa.jpg"></icon><desc>Presentatoren Ed Stoop en Marco Kraal reizen af naar Almere om met doodaas op snoek te vissen in het centrum van de stad.</desc><category>Vissen, Entertainment, Documentaire</category></programme><programme channel="lgi-nl-prod-master:NL_000007_019181" start="20221019080000 +0000" stop="20221019083000 +0000" catchup-id="crid:~~2F~~2Fgn.tv~~2F19396609~~2FEP027894250046,imi:3a580335a4f2aaa5b45f8f5dfff30a8718e04911"><title>Vis TV</title><date></date><icon src="https://staticqbr-nl-prod.prod.cdn.dmdsdp.com/image-service/ImagesEPG/EventImages/p19396590_b_v8_aa.jpg"></icon><desc>Hengelsportmagazine waarin presentatoren Marco Kraal en Daniël Weijers op zoek gaan naar de beste plekken om te vissen. De ene week wordt er in of in de buurt van een stad gevist en de andere week midden in de natuur.</desc><category>Vissen, Entertainment</category></programme><programme channel="lgi-nl-prod-master:NL_000007_019181" start="20221019083000 +0000" stop="20221019093000 +0000" catchup-id="crid:~~2F~~2Fgn.tv~~2F20090234~~2FEP027639120112,imi:6fc48c568e9cd06d1189a460cc0a2d5e0d10bba5"><title>Stop! Politie</title><date>2021</date><icon src="https://staticqbr-nl-prod.prod.cdn.dmdsdp.com/image-service/ImagesEPG/EventImages/p19294836_b_v8_ab.jpg"></icon><desc>Vierentwintig uur per dag, zeven dagen in de week zijn de mannen en vrouwen van de verkeerspolitie onderweg om het verkeer veilig te houden. Dit programma biedt een kijkje in hun dagelijks werk.</desc><category>Reality, Auto's</category></programme><programme channel="lgi-nl-prod-master:NL_000007_019181" start="20221019093000 +0000" stop="20221019100000 +0000" catchup-id="crid:~~2F~~2Fgn.tv~~2F19673543~~2FEP027864860130,imi:dd4ee5e8a8e3bb1ad7ceb17104b6d648fdfbbbe5"><title>Idioten op de weg</title><date></date><icon src="https://staticqbr-nl-prod.prod.cdn.dmdsdp.com/image-service/ImagesEPG/EventImages/p19260283_b_v8_ac.jpg"></icon><desc>Het gaat regelmatig helemaal mis, doordat niet iedereen zich aan de verkeersregels houdt. Automobilisten leggen met hun eigen camera's de domste acties vast die ooit op het asfalt zijn vertoond.</desc><category>Reality</category></programme><programme channel="lgi-nl-prod-master:NL_000007_019181" start="20221019100000 +0000" stop="20221019103000 +0000" catchup-id="crid:~~2F~~2Fgn.tv~~2F20212861~~2FEP027864860207,imi:5723312bbd5c557c75a935c6b3c723a39399dc0e"><title>Idioten op de weg</title><date></date><icon src="https://staticqbr-nl-prod.prod.cdn.dmdsdp.com/image-service/ImagesEPG/EventImages/p19260283_b_v8_ac.jpg"></icon><desc>Het gaat regelmatig helemaal mis, doordat niet iedereen zich aan de verkeersregels houdt. Automobilisten leggen met hun eigen camera's de domste acties vast die ooit op het asfalt zijn vertoond.</desc><category>Reality</category></programme><programme channel="lgi-nl-prod-master:NL_000007_019181" start="20221019103000 +0000" stop="20221019110000 +0000" catchup-id="crid:~~2F~~2Fgn.tv~~2F20213063~~2FEP027864860227,imi:3d68bbac0d0dc0aeb449fb36c6af86c3e1b505db"><title>Idioten op de weg</title><date></date><icon src="https://staticqbr-nl-prod.prod.cdn.dmdsdp.com/image-service/ImagesEPG/EventImages/p19260283_b_v8_ac.jpg"></icon><desc>Het gaat regelmatig helemaal mis, doordat niet iedereen zich aan de verkeersregels houdt. Automobilisten leggen met hun eigen camera's de domste acties vast die ooit op het asfalt zijn vertoond.</desc><category>Reality</category></programme><programme channel="lgi-nl-prod-master:NL_000007_019181" start="20221019110000 +0000" stop="20221019113000 +0000" catchup-id="crid:~~2F~~2Fgn.tv~~2F20212854~~2FEP027864860206,imi:7db9018878b1043f107faad92e6996b8a7bd0892"><title>Idioten op de weg</title><date></date><icon src="https://staticqbr-nl-prod.prod.cdn.dmdsdp.com/image-service/ImagesEPG/EventImages/p19260283_b_v8_ac.jpg"></icon><desc>Het gaat regelmatig helemaal mis, doordat niet iedereen zich aan de verkeersregels houdt. Automobilisten leggen met hun eigen camera's de domste acties vast die ooit op het asfalt zijn vertoond.</desc><category>Reality</category></programme><programme channel="lgi-nl-prod-master:NL_000007_019181" start="20221019113000 +0000" stop="20221019120000 +0000" catchup-id="crid:~~2F~~2Fgn.tv~~2F14595628~~2FEP027630900010,imi:3dbc0c7b425497f1f510baff03b3fd72ca595cf1"><title>Flodder</title><date></date><icon src="https://staticqbr-nl-prod.prod.cdn.dmdsdp.com/image-service/ImagesEPG/EventImages/p14595511_b_v8_ab.jpg"></icon><desc>De criminaliteit in Zonnedael neemt toe en de buurtbewoners besluiten een burgerwacht op te richten. De eerste vrijwilliger meldt zich: zoon Kees. Maar zijn enthousiasme neemt snel af als hij hoort dat de burgerwacht niet bewapend zal worden.</desc><category>Komedie</category></programme><programme channel="lgi-nl-prod-master:NL_000007_019181" start="20221019120000 +0000" stop="20221019123000 +0000" catchup-id="crid:~~2F~~2Fgn.tv~~2F14595729~~2FEP027630900018,imi:0dc3fe27db4891d6444f7d7304e7c355f073f814"><title>Flodder</title><date></date><icon src="https://staticqbr-nl-prod.prod.cdn.dmdsdp.com/image-service/ImagesEPG/EventImages/p14595511_b_v8_ab.jpg"></icon><desc>Tijdens een rit door Zonnedael worden Johnnie, zijn zoon Kees en zijn dochter Kees door een agent tegengehouden. Terwijl zoon Kees een lading sportschoenen probeert te verstoppen, spatten de liefdesvonken tussen de agent en dochter Kees over en weer. Onder politiebegeleiding worden ze door agent Jan naar huis gebracht en tot overmaat van ramp vraagt dochter Kees hem ook nog binnen voor een kopje koffie.</desc><category>Komedie</category></programme><programme channel="lgi-nl-prod-master:NL_000007_019181" start="20221019123000 +0000" stop="20221019133000 +0000" catchup-id="crid:~~2F~~2Fgn.tv~~2F16800406~~2FEP027840300304,imi:46bf7f62de5fe14d971fc7bf83f7b0871b5f8c7e"><title>Pawn Stars</title><date>2019</date><icon src="https://staticqbr-nl-prod.prod.cdn.dmdsdp.com/image-service/ImagesEPG/EventImages/p16336506_b_v11_aa.jpg"></icon><desc>Chumlee wil een deal sluiten voor het populairste speelgoed van Elon Musk. Andere voorwerpen zijn een unieke treinset en een ring van de Yankees World Series.</desc><category>Reality, Veiling, Geschiedenis</category></programme><programme channel="lgi-nl-prod-master:NL_000007_019181" start="20221019133000 +0000" stop="20221019143000 +0000" catchup-id="crid:~~2F~~2Fgn.tv~~2F16764850~~2FEP027840300305,imi:4d332c949b2fb2bd668e3de47f913e47ded7f54c"><title>Pawn Stars</title><date>2019</date><icon src="https://staticqbr-nl-prod.prod.cdn.dmdsdp.com/image-service/ImagesEPG/EventImages/p16336506_b_v11_aa.jpg"></icon><desc>Corey en Chumlee rocken met memorabilia van de AC/DC-frontman Angus Young. De ID-armband van Hollywood-rebel James Dean verschijnt in de winkel, voordat Rick naar het oosten gaat om te scoren met een zeldzaam overblijfsel uit de Tweede Wereldoorlog.</desc><category>Reality, Veiling, Geschiedenis</category></programme><programme channel="lgi-nl-prod-master:NL_000007_019181" start="20221019143000 +0000" stop="20221019150000 +0000" catchup-id="crid:~~2F~~2Fgn.tv~~2F9806453~~2FEP029352460186,imi:364aedcd71c00bdf21483e23c0fb0f962ad26581"><title>Storage Wars</title><date>2012</date><icon src="https://staticqbr-nl-prod.prod.cdn.dmdsdp.com/image-service/ImagesEPG/EventImages/p9826879_b_v8_aa.jpg"></icon><desc>De kopers gaan helemaal naar Lake Elsinore, Californië, en krijgen te maken met de 'Kings of Swag'. Jarrod en Brandi kibbelen, Barry wil niet duiken en de Sheets doen een bijzondere ontdekking.</desc><category>Reality, Veiling, Verzamelen</category></programme><programme channel="lgi-nl-prod-master:NL_000007_019181" start="20221019150000 +0000" stop="20221019153000 +0000" catchup-id="crid:~~2F~~2Fgn.tv~~2F9806470~~2FEP029352460189,imi:5ecb0f56218c1355883614daa328e1a8b9f05d20"><title>Storage Wars</title><date>2012</date><icon src="https://staticqbr-nl-prod.prod.cdn.dmdsdp.com/image-service/ImagesEPG/EventImages/p9826879_b_v8_aa.jpg"></icon><desc>Een veiling van maar liefst honderd units trekt extra kopers aan in Chatsworth, Californië. Darrell Sheets laat Mark Balelo zijn tanden zetten in een flink stel units. De inhoud zorgt voor onrust.</desc><category>Reality, Veiling, Verzamelen</category></programme><programme channel="lgi-nl-prod-master:NL_000007_019181" start="20221019153000 +0000" stop="20221019155500 +0000" catchup-id="crid:~~2F~~2Fgn.tv~~2F9584846~~2FEP029352460182,imi:e32fce4e6f968bc0b8e8f078a5249cef0045cbbb"><title>Storage Wars</title><date>2012</date><icon src="https://staticqbr-nl-prod.prod.cdn.dmdsdp.com/image-service/ImagesEPG/EventImages/p9249230_b_v8_aa.jpg"></icon><desc>Jarrod en Brandi hopen op een ander resultaat wanneer de bieders terugkeren naar Montebello, Californië. De vondst van Darrell zou de grootste in de geschiedenis van de groep kunnen zijn.</desc><category>Reality, Veiling, Verzamelen</category></programme><programme channel="lgi-nl-prod-master:NL_000007_019181" start="20221019155500 +0000" stop="20221019160000 +0000" catchup-id="crid:~~2F~~2Fgn.tv~~2F14030905~~2FEP027840300153,imi:cc4eba7408af02433ef43843619e6044546f7fc4"><title>Pawn Stars</title><date>2017</date><icon src="https://staticqbr-nl-prod.prod.cdn.dmdsdp.com/image-service/ImagesEPG/EventImages/p14001547_b_v8_ad.jpg"></icon><desc>Het draait allemaal om films als Rick naar L.A. gaat om spullen te kopen voor de winkel. Als eerste komt de grootste verzameling rekwisieten van Sjakie en de chocoladefabriek aan bod.</desc><category>Reality, Veiling, Geschiedenis</category></programme><programme channel="lgi-nl-prod-master:NL_000007_019181" start="20221019160000 +0000" stop="20221019163000 +0000" catchup-id="crid:~~2F~~2Fgn.tv~~2F14030291~~2FEP027840300113,imi:2b043f2dba417ccd9966c214b8133ee10b4567a8"><title>Pawn Stars</title><date>2017</date><icon src="https://staticqbr-nl-prod.prod.cdn.dmdsdp.com/image-service/ImagesEPG/EventImages/p14001547_b_v8_ad.jpg"></icon><desc>Rapper Flavor Flav komt met een beeldje van O.J. Simpson aangelopen. Ook heeft iemand een ondertekende brief van Winston Churchill. Een derde heeft een unieke Mercury uit 1951.</desc><category>Reality, Veiling, Geschiedenis</category></programme><programme channel="lgi-nl-prod-master:NL_000007_019181" start="20221019163000 +0000" stop="20221019173000 +0000" catchup-id="crid:~~2F~~2Fgn.tv~~2F16764825~~2FEP027840300298,imi:9e895b841ef00f77b34215bf2073fb65dfdc8e63"><title>Pawn Stars</title><date>2019</date><icon src="https://staticqbr-nl-prod.prod.cdn.dmdsdp.com/image-service/ImagesEPG/EventImages/p16336506_b_v11_aa.jpg"></icon><desc>Rick speelt met de bal met Kareem Abdul-Jabbar en bekijkt zijn meest gewaardeerde memorabilia. Rick krijgt enige correspondentie van generaal George Armstrong Custer. Is dit Ricks laatste kans of krijgt hij de overhand en wint hij deze deal?</desc><category>Reality, Veiling, Geschiedenis</category></programme><programme channel="lgi-nl-prod-master:NL_000007_019181" start="20221019173000 +0000" stop="20221019182900 +0000" catchup-id="crid:~~2F~~2Fgn.tv~~2F16609515~~2FEP027840300301,imi:7f06a259ab6a466433c6c4d805d1e4fe8bc54d35"><title>Pawn Stars</title><date>2019</date><icon src="https://staticqbr-nl-prod.prod.cdn.dmdsdp.com/image-service/ImagesEPG/EventImages/p16336506_b_v11_aa.jpg"></icon><desc>Voor een 18e-eeuwse zeekaart van de legendarische Captain Cook onderzoekt Rick zijn kans. Chumlee hoopt een voorwerp te bemachtigen dat eens in Saturday Night Live werd gebruikt.</desc><category>Reality, Veiling, Geschiedenis</category></programme><programme channel="lgi-nl-prod-master:NL_000007_019181" start="20221019182900 +0000" stop="20221019183000 +0000" catchup-id="crid:~~2F~~2Fgn.tv~~2F23066109~~2FEP044216860004,imi:10b40e69d852d457cf98aa498d31e8cb3ea43f9b"><title>Eurojackpot Dit Heeft Niemand</title><date>2022</date><icon src="https://staticqbr-nl-prod.prod.cdn.dmdsdp.com/image-service/ImagesEPG/EventImages/p22773279_b_v8_ab.jpg"></icon><desc>Valerio Zeno gaat op bezoek bij Djamila Celina en probeert te achterhalen welk uniek item zij bezit.</desc><category>Entertainment</category></programme><programme channel="lgi-nl-prod-master:NL_000007_019181" start="20221019183000 +0000" stop="20221019204500 +0000" catchup-id="crid:~~2F~~2Fgn.tv~~2F16357164~~2FMV015819160000,imi:a4a124e3754b2daeadbc67b06f9aa96bdc4c7dbe"><title>Men in Black: International</title><date>2019</date><icon src="https://staticqbr-nl-prod.prod.cdn.dmdsdp.com/image-service/ImagesEPG/EventImages/p16357164_v_v12_af.jpg"></icon><desc>De Men in Black hebben zich uitgebreid over de hele wereld, maar de schurken van het universum ook. Om iedereen veilig te houden, bundelen Agent H en de vastberaden rookie M hun krachten, in een onwaarschijnlijke combinatie die wel eens zou kunnen werken. Wanneer buitenaardse wezens, die de vorm van een mens kunnen aannemen, op aarde arriveren, beginnen H en M aan een wereldwijd avontuur om het agentschap en uiteindelijk de wereld te redden van hun ondeugende plannen.</desc><category>Film, Sciencefiction, Avontuur, Komedie, Actie</category></programme><programme channel="lgi-nl-prod-master:NL_000007_019181" start="20221019204500 +0000" stop="20221019234000 +0000" catchup-id="crid:~~2F~~2Fgn.tv~~2F159366~~2FMV010381040000,imi:aa7a8172e9ad8650803176123404c825e91110f5"><title>Spider-Man 3</title><date>2007</date><icon src="https://staticqbr-nl-prod.prod.cdn.dmdsdp.com/image-service/ImagesEPG/EventImages/p159366_v_v8_aq.jpg"></icon><desc>Het pak van Peter Parker wordt zwart en haalt het slechtste in hem naar boven. Ook moet Peter het opnemen tegen Sandman en Venom.</desc><category>Film, Actie, Fantasy, Avontuur</category></programme>