<programme channel="lgi-nl-prod-master:NL_000120_020046" start="20221019220000 +0000" stop="20221019223000 +0000" catchup-id="crid:~~2F~~2Fgn.tv~~2F13678029~~2FSH027293030000~~2F137699038,imi:3ff1eba6c2d0e0b057c8a5ad185f061c9b02f229"><title>The World Today</title><date></date><icon src="https://staticqbr-nl-prod.prod.cdn.dmdsdp.com/image-service/ImagesEPG/EventImages/p13678029_b_v8_aa.jpg"></icon><desc>Presenting regularly updated rolling news stories from Beijing and Washington, DC to keep viewers up-to-date with the world's top stories as they happen.</desc><category>Nieuws</category></programme><programme channel="lgi-nl-prod-master:NL_000120_020046" start="20221019223000 +0000" stop="20221019230000 +0000" catchup-id="crid:~~2F~~2Fgn.tv~~2F877245~~2FSH027292900000~~2F137699039,imi:095896a7be99b33fc3e6b6819ed0907b7cfd679e"><title>Rediscovering China</title><date></date><icon src="https://staticqbr-nl-prod.prod.cdn.dmdsdp.com/image-service/ImagesEPG/EventImages/p877245_b_v11_ab.jpg"></icon><desc>A unique insight, through the eyes of our team of international journalists, into an aspect of life in China today.</desc><category>Actualiteit</category></programme>