<programme channel="lgi-nl-prod-master:NL_000127_019295" start="20221019220000 +0000" stop="20221020040000 +0000" catchup-id="crid:~~2F~~2Fgn.tv~~2F21309633~~2FSH041456080000~~2F140729285,imi:901cf0fc5e59667cb55f40d35e7944dbb61a91dd"><title>Hit Parade</title><date></date><icon src="https://staticqbr-nl-prod.prod.cdn.dmdsdp.com/image-service/ImagesEPG/EventImages/p21309633_b_v8_ab.jpg"></icon><desc>Video's van de grootste hedendaagse popsterren en hitparades van de afgelopen twintig jaar.</desc><category>Muziek</category></programme>