<programme channel="lgi-nl-prod-master:NL_000157_019270" start="20221019004000 +0000" stop="20221019025000 +0000" catchup-id="crid:~~2F~~2Fgn.tv~~2F15264366~~2FSH029193210000~~2F141958906,imi:8cd14c6b136a2aa2631f75576b267dd29e3fbfaa"><title>Gelinim Mutfakta</title><date></date><icon src="https://staticqbr-nl-prod.prod.cdn.dmdsdp.com/image-service/ImagesEPG/EventImages/p15264366_st_v8_aa.jpg"></icon><desc>Gelinler, kendilerine verilen süre içerisinde günün yemegini yapmaya çalisiyor, bu yarista onlari an be an izleyen kayinvalideler ise puanladigi tabaklarin kime ait oldugunu bilmeden puan vererek gelinini birinci yapmaya çalisiyor.</desc><category>Spelshow</category></programme><programme channel="lgi-nl-prod-master:NL_000157_019270" start="20221019025000 +0000" stop="20221019040000 +0000" catchup-id="crid:~~2F~~2Fgn.tv~~2F15536263~~2FSH029734920000~~2F141958907,imi:55ec9f563c353261a038027317a224a7820c0f87"><title>Yabanci Damat</title><date></date><icon src="https://staticqbr-nl-prod.prod.cdn.dmdsdp.com/image-service/ImagesEPG/EventImages/p15536263_st_v8_aa.jpg"></icon><desc>Gaziantepli Nazli ile Atinali Niko, Bodrum'da tanisir ve asik olurlar, yanliz bir sorun vardir; Nazli'nin ailesi Yunanlilardan, Niko'nun ailesi Türklerden nefret etmektedir.</desc><category>Komedie, Romantiek</category></programme><programme channel="lgi-nl-prod-master:NL_000157_019270" start="20221019040000 +0000" stop="20221019061000 +0000" catchup-id="crid:~~2F~~2Fgn.tv~~2F11405153~~2FSH021035220000~~2F141958873,imi:b6881dbd3436c34b16d9fb7a4fd440d59c8f9256"><title>Öyle Bir Gecer Zaman Ki</title><date></date><icon src="https://staticqbr-nl-prod.prod.cdn.dmdsdp.com/image-service/ImagesEPG/EventImages/p11405153_b_v8_af.jpg"></icon><desc></desc><category>Dramaseries, Soap, Romantiek</category></programme><programme channel="lgi-nl-prod-master:NL_000157_019270" start="20221019061000 +0000" stop="20221019080000 +0000" catchup-id="crid:~~2F~~2Fgn.tv~~2F17461084~~2FSH033324900000~~2F141958874,imi:82f0de81631ab35575715b07e3503cc74aa4459f"><title>Neler oluyor hayatta ?</title><date></date><icon src="https://staticqbr-nl-prod.prod.cdn.dmdsdp.com/image-service/ImagesEPG/EventImages/p17461084_st_v8_aa.jpg"></icon><desc></desc><category>Nieuws</category></programme><programme channel="lgi-nl-prod-master:NL_000157_019270" start="20221019080000 +0000" stop="20221019101000 +0000" catchup-id="crid:~~2F~~2Fgn.tv~~2F23059551~~2FSH044766200000~~2F143299664,imi:2eb4745f4063dfc2aa0d09360b001dd017b75496"><title>Aşk ve umut</title><date></date><icon src="https://staticqbr-nl-prod.prod.cdn.dmdsdp.com/image-service/ImagesEPG/EventImages/g16_v8_aa.jpg"></icon><desc></desc><category>Romantiek</category></programme><programme channel="lgi-nl-prod-master:NL_000157_019270" start="20221019101000 +0000" stop="20221019130500 +0000" catchup-id="crid:~~2F~~2Fgn.tv~~2F15264366~~2FSH029193210000~~2F141958875,imi:ddd3a9846a2a4bbfdd102a6042fce64a7658b905"><title>Gelinim Mutfakta</title><date></date><icon src="https://staticqbr-nl-prod.prod.cdn.dmdsdp.com/image-service/ImagesEPG/EventImages/p15264366_st_v8_aa.jpg"></icon><desc>Gelinler, kendilerine verilen süre içerisinde günün yemegini yapmaya çalisiyor, bu yarista onlari an be an izleyen kayinvalideler ise puanladigi tabaklarin kime ait oldugunu bilmeden puan vererek gelinini birinci yapmaya çalisiyor.</desc><category>Spelshow</category></programme><programme channel="lgi-nl-prod-master:NL_000157_019270" start="20221019130500 +0000" stop="20221019141000 +0000" catchup-id="crid:~~2F~~2Fgn.tv~~2F23059551~~2FSH044766200000~~2F143299665,imi:1242960aee36d1cbc95b6bb7e26baf89323fa4dd"><title>Aşk ve umut</title><date></date><icon src="https://staticqbr-nl-prod.prod.cdn.dmdsdp.com/image-service/ImagesEPG/EventImages/g16_v8_aa.jpg"></icon><desc></desc><category>Romantiek</category></programme><programme channel="lgi-nl-prod-master:NL_000157_019270" start="20221019141000 +0000" stop="20221019154500 +0000" catchup-id="crid:~~2F~~2Fgn.tv~~2F12224004~~2FSH022875640000~~2F141958876,imi:7feb98b2f533aea2d18e75e22bc055f447e9fcfc"><title>Arka Sokaklar</title><date></date><icon src="https://staticqbr-nl-prod.prod.cdn.dmdsdp.com/image-service/ImagesEPG/EventImages/p12224004_st_v8_aa.jpg"></icon><desc>Istanbul Polis Teskilati Asayis Sube'de görev yapan 'sivil' bir ekip Istanbul'un sokaklarini arsinlamakta ve karsilarina çikan her türlü kanunsuzlukla savasmaktadirlar. Görevleri sirasinda degisik ve çesitli insan hikayeleriyle karsilasirlar.</desc><category>Actie, Komedie</category></programme><programme channel="lgi-nl-prod-master:NL_000157_019270" start="20221019154500 +0000" stop="20221019160000 +0000" catchup-id="crid:~~2F~~2Fgn.tv~~2F16278470~~2FSH031033870000~~2F141958877,imi:4cc263e59a29eb0b865b5825cbe06f175bf5f3e5"><title>Sicak gelişme</title><date></date><icon src="https://staticqbr-nl-prod.prod.cdn.dmdsdp.com/image-service/ImagesEPG/EventImages/p16278470_st_v8_ac.jpg"></icon><desc></desc><category>Nieuws</category></programme><programme channel="lgi-nl-prod-master:NL_000157_019270" start="20221019160000 +0000" stop="20221019170000 +0000" catchup-id="crid:~~2F~~2Fgn.tv~~2F12236855~~2FSH022899450000~~2F141958878,imi:b60baaf357e76773499b13a6f96e6e5b6e5b01b9"><title>Kanal D Ana Haber</title><date></date><icon src="https://staticqbr-nl-prod.prod.cdn.dmdsdp.com/image-service/ImagesEPG/EventImages/p12236855_st_v8_aa.jpg"></icon><desc>Türkiye'nin ve dünyanin gündemindekiler, siyasal ve ekonomik gelismeler aktariliyor.</desc><category>Nieuws, Actualiteit</category></programme><programme channel="lgi-nl-prod-master:NL_000157_019270" start="20221019170000 +0000" stop="20221020004000 +0000" catchup-id="crid:~~2F~~2Fgn.tv~~2F22946144~~2FSH044559950000~~2F143299666,imi:f3b3c7843b536e441bb28063e06d844b736a72e7"><title>O kiz</title><date></date><icon src=""></icon><desc></desc><category></category></programme>