<programme channel="lgi-nl-prod-master:NL_000077_019706" start="20221019220100 +0000" stop="20221019225200 +0000" catchup-id="crid:~~2F~~2Fgn.tv~~2F21951296~~2FEP039328560027,imi:3c04c91cab6a33b669a4477953debf310fc31302"><title>America's Funniest Home Videos: Animal Edition</title><date>2022</date><icon src="https://staticqbr-nl-prod.prod.cdn.dmdsdp.com/image-service/ImagesEPG/EventImages/p21951999_b_v12_aa.jpg"></icon><desc>Een alligator steelt een golfbal, een slang is stieken en een unieke mascotte komt langs.</desc><category>Dieren, Komedie</category></programme><programme channel="lgi-nl-prod-master:NL_000077_019706" start="20221019225200 +0000" stop="20221019234200 +0000" catchup-id="crid:~~2F~~2Fgn.tv~~2F21201578~~2FEP041307840002,imi:8dec39debd28b08576c2cd2b59d7319cb46fa825"><title>Hidden Wonders of Europe</title><date>2021</date><icon src="https://staticqbr-nl-prod.prod.cdn.dmdsdp.com/image-service/ImagesEPG/EventImages/p21201568_b_v8_af.jpg"></icon><desc>Op de dorre gronden van het Iberisch schiereiland bevinden zich besneeuwde bergtoppen, uitgestrekte bossen van kurkeiken en het enige mistbos van Europa. Unieke habitats, waar soorten die nergens anders op aarde voorkomen vechten om te overleven.</desc><category>Documentaire, Dieren</category></programme>