<programme channel="lgi-nl-prod-master:NL_000008_019442" start="20221018232500 +0000" stop="20221018235000 +0000" catchup-id="crid:~~2F~~2Fgn.tv~~2F23055813~~2FEP042543640011,imi:c473076b9919a5c52ca1d312c05113de58447e44"><title>Veronica Film</title><date>2022</date><icon src="https://staticqbr-nl-prod.prod.cdn.dmdsdp.com/image-service/ImagesEPG/EventImages/p22146062_b_v8_aa.jpg"></icon><desc>Filmmagazine waarmee je op de hoogte bent van alle films op Veronica. Zo worden de nieuwste en grootste films onder de loep genomen, en worden dingen getoond die de meeste mensen missen.</desc><category>Entertainment</category></programme><programme channel="lgi-nl-prod-master:NL_000008_019442" start="20221018235000 +0000" stop="20221019020000 +0000" catchup-id="crid:~~2F~~2Fgn.tv~~2F22968506~~2FEP039851580412,imi:33d54a20a00d503df192fa911abf02a29d912389"><title>Loop: Hart van Nederland</title><date>2022</date><icon src="https://staticqbr-nl-prod.prod.cdn.dmdsdp.com/image-service/ImagesEPG/EventImages/p21268797_b_v11_ab.jpg"></icon><desc>Het nieuws van Nederland. Mis niets van het gesprek van de dag.</desc><category>Nieuws</category></programme><programme channel="lgi-nl-prod-master:NL_000008_019442" start="20221019020000 +0000" stop="20221019021200 +0000" catchup-id="crid:~~2F~~2Fgn.tv~~2F17616497~~2FEP040517730008,imi:248c94e5a4dffb724536fb0c4bee6620800e0234"><title>Jongen Meisje Hond Kat Muis Kaas</title><date>2019</date><icon src="https://staticqbr-nl-prod.prod.cdn.dmdsdp.com/image-service/ImagesEPG/EventImages/p17515886_b_v11_ae.jpg"></icon><desc>Muis wil dat de andere kinderen stoppen met lui zijn. Hij vindt dat ze naar doelen moeten streven, in de vorm van het winnen van wereldrecords. Door Muis' onophoudelijke coaching raakt de familie al snel geobsedeerd.</desc><category>Kinderen, Animatie, Komedie</category></programme><programme channel="lgi-nl-prod-master:NL_000008_019442" start="20221019021200 +0000" stop="20221019022400 +0000" catchup-id="crid:~~2F~~2Fgn.tv~~2F17632663~~2FEP040517730013,imi:c08215a6886f097cadbcecc48f5027c3789f691d"><title>Jongen Meisje Hond Kat Muis Kaas</title><date>2019</date><icon src="https://staticqbr-nl-prod.prod.cdn.dmdsdp.com/image-service/ImagesEPG/EventImages/p17515886_b_v11_ae.jpg"></icon><desc>Wanneer een van Muis' uitvindingen per ongeluk de vacht van Kat op Jongen's gezicht plakt, maakt zijn nieuwe baard hem plotseling de populairste jongen op school. Meisje ziet haar kans om haar vijand ervan te weerhouden klassenpresident te worden.</desc><category>Kinderen, Animatie, Komedie</category></programme><programme channel="lgi-nl-prod-master:NL_000008_019442" start="20221019022400 +0000" stop="20221019023400 +0000" catchup-id="crid:~~2F~~2Fgn.tv~~2F17688529~~2FEP040517730017,imi:fe42c9ffd4c51caef6cfbeae3aae003d6b7bc51a"><title>Jongen Meisje Hond Kat Muis Kaas</title><date>2019</date><icon src="https://staticqbr-nl-prod.prod.cdn.dmdsdp.com/image-service/ImagesEPG/EventImages/p17515886_b_v11_ae.jpg"></icon><desc>De familie besluit om te gaan kamperen. De meisjes en jongens zijn vastbesloten om te bewijzen wie het beste kan overleven. Dit doen ze met de hulp van hun favoriete kampeertechnieken.</desc><category>Kinderen, Animatie, Komedie</category></programme><programme channel="lgi-nl-prod-master:NL_000008_019442" start="20221019023400 +0000" stop="20221019024500 +0000" catchup-id="crid:~~2F~~2Fgn.tv~~2F17632717~~2FEP040517730015,imi:677687990e71de0574a05edfce7e386e291628ae"><title>Jongen Meisje Hond Kat Muis Kaas</title><date>2019</date><icon src="https://staticqbr-nl-prod.prod.cdn.dmdsdp.com/image-service/ImagesEPG/EventImages/p17515886_b_v11_ae.jpg"></icon><desc>Met de sci-fi conventie in aantocht, is Meisje opgewonden om haar favoriete tv-ster te ontmoeten en indruk op haar te maken. Om dat te doen hoeft ze alleen maar mee te doen aan een cosplay wedstrijd.</desc><category>Kinderen, Animatie, Komedie</category></programme><programme channel="lgi-nl-prod-master:NL_000008_019442" start="20221019024500 +0000" stop="20221019030700 +0000" catchup-id="crid:~~2F~~2Fgn.tv~~2F15455807~~2FEP033627040010,imi:f00a733f43ff04c1a94277d1936a3eeb830ee520"><title>Furiki</title><date>2018</date><icon src="https://staticqbr-nl-prod.prod.cdn.dmdsdp.com/image-service/ImagesEPG/EventImages/p15318901_b_v12_ac.jpg"></icon><desc>Andre moet geduldig zijn tijdens een speurtocht. Andre en Pepita doen mee aan een fotowedstrijd.</desc><category>Kinderen, Animatie, Avontuur, Komedie</category></programme><programme channel="lgi-nl-prod-master:NL_000008_019442" start="20221019030700 +0000" stop="20221019032800 +0000" catchup-id="crid:~~2F~~2Fgn.tv~~2F16202048~~2FEP033603790007,imi:5479262a4d4392de5fca6d456101a8e9c2bab55d"><title>Ruimtekuikens in de ruimte</title><date>2018</date><icon src="https://staticqbr-nl-prod.prod.cdn.dmdsdp.com/image-service/ImagesEPG/EventImages/p16072819_b_v12_ag.jpg"></icon><desc>Chuck en Ainta proberen elkaar te overtreffen met een reeks grappen. Een groep bacteriën ontsnapt tijdens een Slurrp-inspectie.</desc><category>Kinderen, Animatie, Komedie, Sciencefiction</category></programme><programme channel="lgi-nl-prod-master:NL_000008_019442" start="20221019032800 +0000" stop="20221019033500 +0000" catchup-id="crid:~~2F~~2Fgn.tv~~2F16072935~~2FEP033603790071,imi:3eca810e8877fdd5f524f1617e2e276855ddd22a"><title>Ruimtekuikens in de ruimte</title><date>2018</date><icon src="https://staticqbr-nl-prod.prod.cdn.dmdsdp.com/image-service/ImagesEPG/EventImages/p16072819_b_v12_ag.jpg"></icon><desc>Chuck denkt dat Hugo hem bewondert om wat hij ook doet. Maar Ainta maakt grappen die op iedereen indruk maken en Hugo wordt zijn nummer één fan. Chuck zal de academie moeten redden wanneer Hugo de ultieme grap probeert uit te halen.</desc><category>Kinderen, Animatie, Komedie, Sciencefiction</category></programme><programme channel="lgi-nl-prod-master:NL_000008_019442" start="20221019033500 +0000" stop="20221019034400 +0000" catchup-id="crid:~~2F~~2Fgn.tv~~2F18883702~~2FEP033669710086,imi:3412a091b1ff275594826fb9a454f2a39dea05de"><title>Paf de hond</title><date></date><icon src="https://staticqbr-nl-prod.prod.cdn.dmdsdp.com/image-service/ImagesEPG/EventImages/p18883682_b_v8_ab.jpg"></icon><desc>Bij toeval vindt Lola Juliette, een pop waar ze heel graag mee speelde toen toen ze klein was. Lola geeft de pop aan Pat, maar de Guanos schoppen de boel in de war en stelen haar.</desc><category>Kinderen, Animatie, Avontuur</category></programme><programme channel="lgi-nl-prod-master:NL_000008_019442" start="20221019034400 +0000" stop="20221019035200 +0000" catchup-id="crid:~~2F~~2Fgn.tv~~2F18883693~~2FEP033669710087,imi:0caaa56483d4b10a74800a3907bd24cae8b04528"><title>Paf de hond</title><date></date><icon src="https://staticqbr-nl-prod.prod.cdn.dmdsdp.com/image-service/ImagesEPG/EventImages/p18883682_b_v8_ab.jpg"></icon><desc>De teddybeer van Tank is het slachtoffer geworden van een goed georganiseerde ontvoering door de Guanos. Pat krijgt het in de gaten en probeert vervolgens hulp te bieden en de teddybeer terug te krijgen.</desc><category>Kinderen, Animatie, Avontuur</category></programme><programme channel="lgi-nl-prod-master:NL_000008_019442" start="20221019035200 +0000" stop="20221019040000 +0000" catchup-id="crid:~~2F~~2Fgn.tv~~2F14414527~~2FEP033669710102,imi:4ed5895e10d8e69fad4ad39814c22730b2d4719e"><title>Paf de hond</title><date>2018</date><icon src="https://staticqbr-nl-prod.prod.cdn.dmdsdp.com/image-service/ImagesEPG/EventImages/p14056616_b_v8_ab.jpg"></icon><desc>Lola en Victor krijgen van de museumdirecteur twee replica's van dinosauruseieren. Ze moeten deze naar het dinonest zien te brengen.</desc><category>Kinderen, Animatie, Avontuur</category></programme><programme channel="lgi-nl-prod-master:NL_000008_019442" start="20221019040000 +0000" stop="20221019042900 +0000" catchup-id="crid:~~2F~~2Fgn.tv~~2F19357315~~2FEP038717720004,imi:30bf0af83f0c68e3a245b30ee97f6b0a444e8159"><title>Droners</title><date>2021</date><icon src="https://staticqbr-nl-prod.prod.cdn.dmdsdp.com/image-service/ImagesEPG/EventImages/p19327166_b_v12_aa.jpg"></icon><desc>De Tiki's gaan de strijd aan met de Mirages in een spookvilla. Corto en Mouse beginnen geesten te zien en raken ervan overtuigd dat het er echt spookt.</desc><category>Fantasy</category></programme><programme channel="lgi-nl-prod-master:NL_000008_019442" start="20221019042900 +0000" stop="20221019050000 +0000" catchup-id="crid:~~2F~~2Fgn.tv~~2F19447397~~2FEP038717720005,imi:82ded46abbd486ccd53c9604cb25dbf804dfd5e3"><title>Droners</title><date>2021</date><icon src="https://staticqbr-nl-prod.prod.cdn.dmdsdp.com/image-service/ImagesEPG/EventImages/p19327166_b_v12_aa.jpg"></icon><desc>De Tiki's nemen het op tegen de Starfish, die zichzelf echte sterren vinden. Maar tijdens de passage door een poort, wisselen de drone-geesten van plek.</desc><category>Fantasy</category></programme><programme channel="lgi-nl-prod-master:NL_000008_019442" start="20221019050000 +0000" stop="20221019052300 +0000" catchup-id="crid:~~2F~~2Fgn.tv~~2F3350390~~2FEP040427860016,imi:42a4d49fddaf799ca5ef6db68029974990b9910a"><title>Pokémon de Serie: Diamond and Pearl</title><date>2007</date><icon src="https://staticqbr-nl-prod.prod.cdn.dmdsdp.com/image-service/ImagesEPG/EventImages/p9424612_b_v12_ae.jpg"></icon><desc>Als ze in Erzelingen aankomen, ontdekken onze helden dat Paul voor hen arriveerde. Paul is afwijzend. Arena-manager Veit gaat de strijd aan met een oude rock-Pokémon, maar kan Paul nog steeds niet winnen.</desc><category>Kinderen, Anime, Actie, Avontuur, Fantasy</category></programme><programme channel="lgi-nl-prod-master:NL_000008_019442" start="20221019052300 +0000" stop="20221019054600 +0000" catchup-id="crid:~~2F~~2Fgn.tv~~2F3350391~~2FEP040427860017,imi:51e4cd797b89be4c0861639b0e9a8c06353e6e3b"><title>Pokémon de Serie: Diamond and Pearl</title><date>2007</date><icon src="https://staticqbr-nl-prod.prod.cdn.dmdsdp.com/image-service/ImagesEPG/EventImages/p9424612_b_v12_ae.jpg"></icon><desc>Na wat aandringen besluit Paul Ash te zien vechten tegen Roark, de gymleider van Oreburgh, voor zijn eerste Sinnoh-badge. Ash vecht een zware strijd terwijl Roarks krachtige Pokémon domineren.</desc><category>Kinderen, Anime, Actie, Avontuur, Fantasy</category></programme><programme channel="lgi-nl-prod-master:NL_000008_019442" start="20221019054600 +0000" stop="20221019055800 +0000" catchup-id="crid:~~2F~~2Fgn.tv~~2F17817158~~2FEP040517730019,imi:23b4f8caff50021014fd5fc606ae2da7305a2f59"><title>Jongen Meisje Hond Kat Muis Kaas</title><date>2020</date><icon src="https://staticqbr-nl-prod.prod.cdn.dmdsdp.com/image-service/ImagesEPG/EventImages/p17515886_b_v11_ae.jpg"></icon><desc>Hond denkt dat Kaas zacht en verwend is, terwijl Kaas denkt dat Hond een overijverige sporter en mensenpleaser is. Wanneer ze elkaars interesses uitproberen, beginnen ze ervan te genieten.</desc><category>Kinderen, Animatie, Komedie</category></programme><programme channel="lgi-nl-prod-master:NL_000008_019442" start="20221019055800 +0000" stop="20221019061000 +0000" catchup-id="crid:~~2F~~2Fgn.tv~~2F17817159~~2FEP040517730018,imi:60364526416521285e77061db86a0e51100ca302"><title>Jongen Meisje Hond Kat Muis Kaas</title><date>2020</date><icon src="https://staticqbr-nl-prod.prod.cdn.dmdsdp.com/image-service/ImagesEPG/EventImages/p17515886_b_v11_ae.jpg"></icon><desc>Wanneer de kinderen een oude ijscowagen in handen krijgen, beginnen ze hun eigen smoothiezaak. Maar de sympathieke ijscoman van de stad is niet blij met concurrentie. Hij probeert de groep te saboteren.</desc><category>Kinderen, Animatie, Komedie</category></programme><programme channel="lgi-nl-prod-master:NL_000008_019442" start="20221019061000 +0000" stop="20221019062200 +0000" catchup-id="crid:~~2F~~2Fgn.tv~~2F17817160~~2FEP040517730020,imi:6f428fe8f85b775f3970617012ed420fd8e942d4"><title>Jongen Meisje Hond Kat Muis Kaas</title><date>2020</date><icon src="https://staticqbr-nl-prod.prod.cdn.dmdsdp.com/image-service/ImagesEPG/EventImages/p17515886_b_v11_ae.jpg"></icon><desc>Op een boerderij ontmoet Kaas de koe Dalila en ontdekt haar oorsprong als zuivelproduct. Zij wil dichter bij haar zuivelfamilie komen en probeert Dalila deel uit te laten maken van haar eigen familie.</desc><category>Kinderen, Animatie, Komedie</category></programme><programme channel="lgi-nl-prod-master:NL_000008_019442" start="20221019062200 +0000" stop="20221019063500 +0000" catchup-id="crid:~~2F~~2Fgn.tv~~2F17817197~~2FEP040517730021,imi:45f356ea3f85eeddf263c929dc4af28022451121"><title>Jongen Meisje Hond Kat Muis Kaas</title><date>2020</date><icon src="https://staticqbr-nl-prod.prod.cdn.dmdsdp.com/image-service/ImagesEPG/EventImages/p17515886_b_v11_ae.jpg"></icon><desc>Jongen krijgt van Meisje en de anderen een uitje naar de bobbleheadfabriek cadeau. Maar iedereen behalve Jongen vindt het saai. Dit komt door de onvriendelijke baas van de fabriek.</desc><category>Kinderen, Animatie, Komedie</category></programme><programme channel="lgi-nl-prod-master:NL_000008_019442" start="20221019063500 +0000" stop="20221019064800 +0000" catchup-id="crid:~~2F~~2Fgn.tv~~2F18039737~~2FEP036690800030,imi:14840abf945daa2f3fa28aaa2662f39e7af1632f"><title>Ik, Elvis Riboldi</title><date>2021</date><icon src="https://staticqbr-nl-prod.prod.cdn.dmdsdp.com/image-service/ImagesEPG/EventImages/p17995169_b_v12_af.jpg"></icon><desc>Een uitstapje naar een schoolkamp loopt uit op een spannende wedstrijd tijdens de gymnastiekles.</desc><category>Kinderen, Animatie, Avontuur, Entertainment</category></programme><programme channel="lgi-nl-prod-master:NL_000008_019442" start="20221019064800 +0000" stop="20221019070100 +0000" catchup-id="crid:~~2F~~2Fgn.tv~~2F18039788~~2FEP036690800031,imi:066311bc323c22fb79a4bbbd3017ddf48af405e4"><title>Ik, Elvis Riboldi</title><date>2020</date><icon src="https://staticqbr-nl-prod.prod.cdn.dmdsdp.com/image-service/ImagesEPG/EventImages/p17995169_b_v12_af.jpg"></icon><desc>Genie Boris loopt stage bij een hi-tech zoekmachinebedrijf dat hem letterlijk onderdeel van het bedrijf wil maken.</desc><category>Kinderen, Animatie, Avontuur, Entertainment</category></programme><programme channel="lgi-nl-prod-master:NL_000008_019442" start="20221019070100 +0000" stop="20221019071300 +0000" catchup-id="crid:~~2F~~2Fgn.tv~~2F18455755~~2FEP036690800054,imi:2f8db6c764bdc8c37b39747eb47250e6649f3708"><title>Ik, Elvis Riboldi</title><date>2020</date><icon src="https://staticqbr-nl-prod.prod.cdn.dmdsdp.com/image-service/ImagesEPG/EventImages/p17995169_b_v12_af.jpg"></icon><desc>Elvis maakt zich zorgen als er nieuwe mensen in de buurt komen wonen waarvan hij vermoedt dat het mogelijk vampiers zijn.</desc><category>Kinderen, Animatie, Avontuur, Entertainment</category></programme><programme channel="lgi-nl-prod-master:NL_000008_019442" start="20221019071300 +0000" stop="20221019072600 +0000" catchup-id="crid:~~2F~~2Fgn.tv~~2F17995291~~2FEP036690800033,imi:606baf0a63b1daec64df3a0590869fbd65ae3c43"><title>Ik, Elvis Riboldi</title><date>2020</date><icon src="https://staticqbr-nl-prod.prod.cdn.dmdsdp.com/image-service/ImagesEPG/EventImages/p17995169_b_v12_af.jpg"></icon><desc>Elvis verliest zijn favoriete bal aan Strimer. Een nietsontziende artiestenmanager neemt Emma aan om een beroemd model van haar te maken.</desc><category>Kinderen, Animatie, Avontuur, Entertainment</category></programme><programme channel="lgi-nl-prod-master:NL_000008_019442" start="20221019072600 +0000" stop="20221019075000 +0000" catchup-id="crid:~~2F~~2Fgn.tv~~2F13488117~~2FEP033643220049,imi:57b5eb812b7c500a896dad645c73116c3804a5a1"><title>Undercover kat</title><date>2016</date><icon src="https://staticqbr-nl-prod.prod.cdn.dmdsdp.com/image-service/ImagesEPG/EventImages/p12752616_b_v12_ab.jpg"></icon><desc>Max doet al het mogelijke om te voorkomen dat Betty hem in zijn kattenbak probeert te stoppen. Max is de constante vragen van Gark over de aarde beu.</desc><category>Kinderen, Animatie, Komedie, Avontuur</category></programme><programme channel="lgi-nl-prod-master:NL_000008_019442" start="20221019075000 +0000" stop="20221019081300 +0000" catchup-id="crid:~~2F~~2Fgn.tv~~2F13973825~~2FEP033643220052,imi:3fe757e37dd59bdc4c6dd478529ae37500f39351"><title>Undercover kat</title><date>2017</date><icon src="https://staticqbr-nl-prod.prod.cdn.dmdsdp.com/image-service/ImagesEPG/EventImages/p12752616_b_v12_ab.jpg"></icon><desc>Max en Throckmorton organiseren een verrassingsfeest voor Gark om zijn eenjarig jubileum op aarde te vieren. Het avontuur begint wanneer Gark en Throckmorton hun crashlanding in Betty's appartement opnieuw beleven.</desc><category>Kinderen, Animatie, Komedie, Avontuur</category></programme><programme channel="lgi-nl-prod-master:NL_000008_019442" start="20221019081300 +0000" stop="20221019083700 +0000" catchup-id="crid:~~2F~~2Fgn.tv~~2F15285963~~2FEP033677980027,imi:759220162fac8b1d4bb074afae61d47d349e82e9"><title>MECH-X4</title><date>2014</date><icon src="https://staticqbr-nl-prod.prod.cdn.dmdsdp.com/image-service/ImagesEPG/EventImages/p14477537_b_v8_aa.jpg"></icon><desc>Ryan komt in contact met meer van de proefpersonen, uit Leo's technopathie-experiment. Een van de proefpersonen blijkt zijn biologische moeder te zijn.</desc><category>Kinderen, Actie</category></programme><programme channel="lgi-nl-prod-master:NL_000008_019442" start="20221019083700 +0000" stop="20221019090000 +0000" catchup-id="crid:~~2F~~2Fgn.tv~~2F15286006~~2FEP033677980028,imi:b8fe8d9044cb40d5bceaf67b2df873ab3e0bd919"><title>MECH-X4</title><date>2014</date><icon src="https://staticqbr-nl-prod.prod.cdn.dmdsdp.com/image-service/ImagesEPG/EventImages/p14477537_b_v8_aa.jpg"></icon><desc>Grace heeft groot nieuws voor de broers: ze gaan misschien naar Miami verhuizen. De broers vinden dat echter helemaal niet leuk en gaan naarstig op zoek naar een manier om de verhuizing te stoppen.</desc><category>Kinderen, Actie</category></programme><programme channel="lgi-nl-prod-master:NL_000008_019442" start="20221019090000 +0000" stop="20221019092200 +0000" catchup-id="crid:~~2F~~2Fgn.tv~~2F15512686~~2FEP033605470005,imi:1e3992dc1dad76a55921a02300f246c076b62b9f"><title>DuckTales</title><date>2018</date><icon src="https://staticqbr-nl-prod.prod.cdn.dmdsdp.com/image-service/ImagesEPG/EventImages/p14263798_b_v12_ab.jpg"></icon><desc>Dagobert Duck ziet zich genoodzaakt weer samen te werken met zijn geniepige oude vlam, Kitty, om een oude gouden lagune te vinden. Goudglans heeft echter andere plannen.</desc><category>Kinderen, Animatie, Komedie, Avontuur</category></programme><programme channel="lgi-nl-prod-master:NL_000008_019442" start="20221019092200 +0000" stop="20221019094500 +0000" catchup-id="crid:~~2F~~2Fgn.tv~~2F15620872~~2FEP033605470010,imi:290cbe047296ec23526bf6bbc538351aef13d64e"><title>DuckTales</title><date>2018</date><icon src="https://staticqbr-nl-prod.prod.cdn.dmdsdp.com/image-service/ImagesEPG/EventImages/p14263798_b_v12_ab.jpg"></icon><desc>Lizzy helpt Dagobert om haar oma te redden uit de klauwen van de spion Black Heron. Ze ontdekt ook hoe Dagobert en mevrouw Baktaart elkaar voor het eerst hebben ontmoet.</desc><category>Kinderen, Animatie, Komedie, Avontuur</category></programme><programme channel="lgi-nl-prod-master:NL_000008_019442" start="20221019094500 +0000" stop="20221019100700 +0000" catchup-id="crid:~~2F~~2Fgn.tv~~2F17967120~~2FEP034758290009,imi:bc56c4fc45d33ebbd2fabec602dffc3ada5d5524"><title>Het huis van de uil</title><date>2020</date><icon src="https://staticqbr-nl-prod.prod.cdn.dmdsdp.com/image-service/ImagesEPG/EventImages/p17655689_b_v8_af.jpg"></icon><desc>Uilbert, de Loyaalisman van Eda, vlucht na een ongeluk weg van het huis van de uil. Het is aan Luz om Uilbert terug te halen, maar dit blijkt moeilijker dan verwacht.</desc><category>Kinderen, Animatie, Fantasy, Komedie</category></programme><programme channel="lgi-nl-prod-master:NL_000008_019442" start="20221019100700 +0000" stop="20221019103000 +0000" catchup-id="crid:~~2F~~2Fgn.tv~~2F17937412~~2FEP034758290010,imi:0c80807f39a6aecd15b1d19178e35b376d0a192e"><title>Het huis van de uil</title><date>2020</date><icon src="https://staticqbr-nl-prod.prod.cdn.dmdsdp.com/image-service/ImagesEPG/EventImages/p17655689_b_v8_af.jpg"></icon><desc>Wanneer Gus Luz meeneemt naar Hexagon om een presentatie te geven voor het 'Mensen Zijn Niet Minder'-genootschap, ziet Luz een kant van de school die ze niet had verwacht.</desc><category>Kinderen, Animatie, Fantasy, Komedie</category></programme><programme channel="lgi-nl-prod-master:NL_000008_019442" start="20221019103000 +0000" stop="20221019105200 +0000" catchup-id="crid:~~2F~~2Fgn.tv~~2F16956410~~2FEP033574470003,imi:09ea404d4d5d1e4b6a91d3fd0e287683bd719673"><title>Amphibia</title><date>2019</date><icon src="https://staticqbr-nl-prod.prod.cdn.dmdsdp.com/image-service/ImagesEPG/EventImages/p16947363_b_v12_ab.jpg"></icon><desc>Anne en Sprig gaan stiekem joyriden wanneer ze willen leren rijden. Anne haar puisten maken haar beroemd in Wartwood.</desc><category>Kinderen, Animatie, Komedie, Fantasy</category></programme><programme channel="lgi-nl-prod-master:NL_000008_019442" start="20221019105200 +0000" stop="20221019111500 +0000" catchup-id="crid:~~2F~~2Fgn.tv~~2F16956412~~2FEP033574470016,imi:4f3e30fed1f37340d6ab944edbf536c9c3944448"><title>Amphibia</title><date>2019</date><icon src="https://staticqbr-nl-prod.prod.cdn.dmdsdp.com/image-service/ImagesEPG/EventImages/p16947363_b_v12_ab.jpg"></icon><desc>Sprig besluit het over te nemen van Hop Pop omdat hij boos is over hoe de boerderij wordt gerund. Anne wil een meidendag met Polly, of ze wil of niet.</desc><category>Kinderen, Animatie, Komedie, Fantasy</category></programme><programme channel="lgi-nl-prod-master:NL_000008_019442" start="20221019111500 +0000" stop="20221019113700 +0000" catchup-id="crid:~~2F~~2Fgn.tv~~2F15539900~~2FEP033652130048,imi:dbba1d345f90f7fc108ed5fa5d8696b31178bfe3"><title>Groen in de grote stad</title><date>2014</date><icon src="https://staticqbr-nl-prod.prod.cdn.dmdsdp.com/image-service/ImagesEPG/EventImages/p15455775_b_v11_ag.jpg"></icon><desc>Bill belooft een familietripje naar het winkelcentrum te maken, maar onthult uiteindelijk dat het een truc was om een familiefoto te maken. Remy wordt betrapt op het spijbelen voor vioolles, om met Cricket te chillen.</desc><category>Kinderen, Animatie, Avontuur, Komedie</category></programme><programme channel="lgi-nl-prod-master:NL_000008_019442" start="20221019113700 +0000" stop="20221019120000 +0000" catchup-id="crid:~~2F~~2Fgn.tv~~2F15579621~~2FEP033652130047,imi:f7892b52b9880564a5816a2587db878b34b009fa"><title>Groen in de grote stad</title><date>2014</date><icon src="https://staticqbr-nl-prod.prod.cdn.dmdsdp.com/image-service/ImagesEPG/EventImages/p15455775_b_v11_ag.jpg"></icon><desc>Bill en Cricket bezoeken een restaurant. Om te bewijzen dat Bill in de grote stad past, bestelt hij een octopus. Wanneer deze nog blijkt te leven, wil Bill hem redden. Cricket verliest zijn beestenballen, Gloria weigert ze terug te geven.</desc><category>Kinderen, Animatie, Avontuur, Komedie</category></programme><programme channel="lgi-nl-prod-master:NL_000008_019442" start="20221019120000 +0000" stop="20221019122200 +0000" catchup-id="crid:~~2F~~2Fgn.tv~~2F16195914~~2FEP034704670010,imi:500c06608afc88a764f483bb41eaa3a8f1031968"><title>Big Hero 6: De Serie</title><date>2018</date><icon src="https://staticqbr-nl-prod.prod.cdn.dmdsdp.com/image-service/ImagesEPG/EventImages/p14852522_b_v12_ah.jpg"></icon><desc>Baymax brengt Hiro naar de schuilplaats van Obake, die zijn nieuwe gemene plan onthult om San Fransokya uit te roeien.</desc><category>Kinderen, Animatie, Fantasy, Actie, Avontuur</category></programme><programme channel="lgi-nl-prod-master:NL_000008_019442" start="20221019122200 +0000" stop="20221019124500 +0000" catchup-id="crid:~~2F~~2Fgn.tv~~2F15011374~~2FEP034704670030,imi:6703b96f18b0188abde9ba91c2fe542598a1d3df"><title>Big Hero 6: De Serie</title><date>2018</date><icon src="https://staticqbr-nl-prod.prod.cdn.dmdsdp.com/image-service/ImagesEPG/EventImages/p14852522_b_v12_ah.jpg"></icon><desc>Big Hero 6 komt in actie wanneer superschurk Baron von Steamer Fred's feestje verpest. Terwijl Big Hero 6 hem probeert af te weren, besluit Fred hem te confronteren.</desc><category>Kinderen, Animatie, Fantasy, Actie, Avontuur</category></programme><programme channel="lgi-nl-prod-master:NL_000008_019442" start="20221019124500 +0000" stop="20221019125900 +0000" catchup-id="crid:~~2F~~2Fgn.tv~~2F16448301~~2FEP033601400094,imi:aa5e60d2ea6492ec9f0ae931a9ecf83f46a35787"><title>Mini Ninjas</title><date>2021</date><icon src="https://staticqbr-nl-prod.prod.cdn.dmdsdp.com/image-service/ImagesEPG/EventImages/p15879027_b_v11_ad.jpg"></icon><desc>Ashida zet de Ninja's en hun Meester gevangen in een koepel. Hiro weet te ontsnappen, maar de koepel wordt alsmaar kleiner en dreigt zijn vrienden te vermorzelen.</desc><category>Kinderen, Animatie, Avontuur, Actie</category></programme><programme channel="lgi-nl-prod-master:NL_000008_019442" start="20221019125900 +0000" stop="20221019131500 +0000" catchup-id="crid:~~2F~~2Fgn.tv~~2F16448293~~2FEP033601400095,imi:2c7e3c73926d37964c3ff53cfbcaf79b760f827c"><title>Mini Ninjas</title><date>2021</date><icon src="https://staticqbr-nl-prod.prod.cdn.dmdsdp.com/image-service/ImagesEPG/EventImages/p15879027_b_v11_ad.jpg"></icon><desc>Suzume wil graag meedoen aan de grote danswedstrijd in het dorp, maar volgens de regels mogen ninja's niet meedoen.</desc><category>Kinderen, Animatie, Avontuur, Actie</category></programme><programme channel="lgi-nl-prod-master:NL_000008_019442" start="20221019131500 +0000" stop="20221019133700 +0000" catchup-id="crid:~~2F~~2Fgn.tv~~2F3350390~~2FEP040427860016,imi:88f2509145930405d19fabddd0c9dafb166f6b00"><title>Pokémon de Serie: Diamond and Pearl</title><date>2007</date><icon src="https://staticqbr-nl-prod.prod.cdn.dmdsdp.com/image-service/ImagesEPG/EventImages/p9424612_b_v12_ae.jpg"></icon><desc>Als ze in Erzelingen aankomen, ontdekken onze helden dat Paul voor hen arriveerde. Paul is afwijzend. Arena-manager Veit gaat de strijd aan met een oude rock-Pokémon, maar kan Paul nog steeds niet winnen.</desc><category>Kinderen, Anime, Actie, Avontuur, Fantasy</category></programme><programme channel="lgi-nl-prod-master:NL_000008_019442" start="20221019133700 +0000" stop="20221019140000 +0000" catchup-id="crid:~~2F~~2Fgn.tv~~2F3350391~~2FEP040427860017,imi:6a1da14628d34a0dfe6768495e27cc62f34f3117"><title>Pokémon de Serie: Diamond and Pearl</title><date>2007</date><icon src="https://staticqbr-nl-prod.prod.cdn.dmdsdp.com/image-service/ImagesEPG/EventImages/p9424612_b_v12_ae.jpg"></icon><desc>Na wat aandringen besluit Paul Ash te zien vechten tegen Roark, de gymleider van Oreburgh, voor zijn eerste Sinnoh-badge. Ash vecht een zware strijd terwijl Roarks krachtige Pokémon domineren.</desc><category>Kinderen, Anime, Actie, Avontuur, Fantasy</category></programme><programme channel="lgi-nl-prod-master:NL_000008_019442" start="20221019140000 +0000" stop="20221019142300 +0000" catchup-id="crid:~~2F~~2Fgn.tv~~2F22518118~~2FEP044778040004,imi:57de8bad9f05fe2835a9bd5ca6613ce58c01ecde"><title>Vikingskool</title><date>2022</date><icon src="https://staticqbr-nl-prod.prod.cdn.dmdsdp.com/image-service/ImagesEPG/EventImages/p22471293_b_v11_aa.jpg"></icon><desc>Tijdens een carrièredag maakt Ylva kennis met het beroep 'Valkyrie', maar Astrid en Turid betwijfelen of ze wel over de juiste kwaliteiten beschikt. Ylva wil zichzelf bewijzen door op een vliegend paard te rijden.</desc><category>Entertainment, Komedie</category></programme><programme channel="lgi-nl-prod-master:NL_000008_019442" start="20221019142300 +0000" stop="20221019145000 +0000" catchup-id="crid:~~2F~~2Fgn.tv~~2F22512854~~2FEP044778040003,imi:dd899b71a1355844cbeb24082d9cc32c1f56578c"><title>Vikingskool</title><date>2022</date><icon src="https://staticqbr-nl-prod.prod.cdn.dmdsdp.com/image-service/ImagesEPG/EventImages/p22471293_b_v11_aa.jpg"></icon><desc>Arni neemt zijn vrienden mee naar de kelder en moet zijn angsten onder ogen zien.</desc><category>Entertainment, Komedie</category></programme><programme channel="lgi-nl-prod-master:NL_000008_019442" start="20221019145000 +0000" stop="20221019151400 +0000" catchup-id="crid:~~2F~~2Fgn.tv~~2F17631807~~2FEP033574470022,imi:de8b4545083c9bed3309a942f86fabade5517778"><title>Amphibia</title><date>2019</date><icon src="https://staticqbr-nl-prod.prod.cdn.dmdsdp.com/image-service/ImagesEPG/EventImages/p16947359_b_v12_bc.jpg"></icon><desc>Sprig neemt Anne mee naar een meertje om te zwemmen zodat ze minder heimwee heeft. Sprig wil dat Hop Pop en Anne vrienden worden. Hij bedenkt een list.</desc><category>Kinderen, Animatie, Komedie, Fantasy</category></programme><programme channel="lgi-nl-prod-master:NL_000008_019442" start="20221019151400 +0000" stop="20221019160000 +0000" catchup-id="crid:~~2F~~2Fgn.tv~~2F18066572~~2FEP033605470050,imi:fe56c85b014a2740d996ba7d94a74c8814c1710c"><title>DuckTales</title><date>2020</date><icon src="https://staticqbr-nl-prod.prod.cdn.dmdsdp.com/image-service/ImagesEPG/EventImages/p18064054_b_v12_aa.jpg"></icon><desc>De familie is zich er niet van bewust, maar ze ontdekken al snel dat de geplande familiefotoshoot onderdeel zou kunnen zijn van een grotere wens die mis is gelopen.</desc><category>Kinderen, Animatie, Komedie, Avontuur</category></programme><programme channel="lgi-nl-prod-master:NL_000008_019442" start="20221019160000 +0000" stop="20221019161500 +0000" catchup-id="crid:~~2F~~2Fgn.tv~~2F7993898~~2FEP027710420109,imi:97ed00a4fbdbfa1efc2af739b95006a8477611b0"><title>The Big Bang Theory</title><date>2010</date><icon src="https://staticqbr-nl-prod.prod.cdn.dmdsdp.com/image-service/ImagesEPG/EventImages/p7895968_b_v8_aa.jpg"></icon><desc>Sheldon ondervindt moeite met het oplossen van een wetenschappelijk probleem. Geïnspireerd door Einstein neemt hij een baan aan bij Penny's werk om zijn creativiteit te stimuleren.</desc><category>Sitcoms</category></programme><programme channel="lgi-nl-prod-master:NL_000008_019442" start="20221019161500 +0000" stop="20221019164500 +0000" catchup-id="crid:~~2F~~2Fgn.tv~~2F15403879~~2FEP027833140107,imi:1a9afa3ea7c0efe0dbe0eecc30be60cc4c412416"><title>Mom</title><date>2018</date><icon src="https://staticqbr-nl-prod.prod.cdn.dmdsdp.com/image-service/ImagesEPG/EventImages/p14163959_b_v8_ab.jpg"></icon><desc>Christy krijgt oorbellen van haar vrienden, maar ze gebruikt deze bij een pokerspel. Christy valt terug in oude patronen en Bonnie begint zich zorgen te maken.</desc><category>Sitcoms</category></programme><programme channel="lgi-nl-prod-master:NL_000008_019442" start="20221019164500 +0000" stop="20221019171000 +0000" catchup-id="crid:~~2F~~2Fgn.tv~~2F2853137~~2FEP028890330042,imi:f698459d9ee88782c192389fa30a661ad88500c6"><title>Two and a Half Men</title><date>2004</date><icon src="https://staticqbr-nl-prod.prod.cdn.dmdsdp.com/image-service/ImagesEPG/EventImages/p184925_b_v8_ao.jpg"></icon><desc>Judith vindt een nieuwe liefde in de kinderarts van Jake, dit tot ongenoegen van Alan. Verder vraagt Evelyn aan Charlie waarom hij haar haat.</desc><category>Sitcoms</category></programme><programme channel="lgi-nl-prod-master:NL_000008_019442" start="20221019171000 +0000" stop="20221019173000 +0000" catchup-id="crid:~~2F~~2Fgn.tv~~2F2853138~~2FEP028890330043,imi:975addcef004384ea7e90d655ae7ff088d83f634"><title>Two and a Half Men</title><date>2004</date><icon src="https://staticqbr-nl-prod.prod.cdn.dmdsdp.com/image-service/ImagesEPG/EventImages/p184925_b_v8_ao.jpg"></icon><desc>Charlie probeert Jake te helpen om onder een schorsing uit te komen, zijn onorthodoxe methode heeft echter niet het gewenste resultaat.</desc><category>Sitcoms</category></programme><programme channel="lgi-nl-prod-master:NL_000008_019442" start="20221019173000 +0000" stop="20221019180000 +0000" catchup-id="crid:~~2F~~2Fgn.tv~~2F8002515~~2FEP027710420110,imi:24eeb569107d8ed8b977e1cf6a0fdffd3e53f54b"><title>The Big Bang Theory</title><date>2010</date><icon src="https://staticqbr-nl-prod.prod.cdn.dmdsdp.com/image-service/ImagesEPG/EventImages/p7895968_b_v8_aa.jpg"></icon><desc>Leonard wordt uitgenodigd om de deeltjesversneller in Zwitserland te bezoeken. Sheldon doet er alles aan om ervoor te zorgen dat hij met Leonard mee mag in plaats van Penny.</desc><category>Sitcoms</category></programme><programme channel="lgi-nl-prod-master:NL_000008_019442" start="20221019180000 +0000" stop="20221019183000 +0000" catchup-id="crid:~~2F~~2Fgn.tv~~2F8019287~~2FEP027710420111,imi:b878009a8669bb2de187662899411f435efc4b16"><title>The Big Bang Theory</title><date>2010</date><icon src="https://staticqbr-nl-prod.prod.cdn.dmdsdp.com/image-service/ImagesEPG/EventImages/p7895968_b_v8_aa.jpg"></icon><desc>Sheldon moet voor de rechter verschijnen vanwege een verkeersovertreding, hierdoor mist hij een signeersessie met Stan Lee, de man achter 'Spiderman', bij de stripboekenwinkel.</desc><category>Sitcoms</category></programme><programme channel="lgi-nl-prod-master:NL_000008_019442" start="20221019183000 +0000" stop="20221019213500 +0000" catchup-id="crid:~~2F~~2Fgn.tv~~2F17758177~~2FMV016214050000,imi:1c15d5e828e50e53d391d93160319eef5e79e8aa"><title>Tenet</title><date>2020</date><icon src="https://staticqbr-nl-prod.prod.cdn.dmdsdp.com/image-service/ImagesEPG/EventImages/p17758177_v_v12_ad.jpg"></icon><desc>Een geheim agent krijgt één enkel woord als wapen en wordt op pad gestuurd om het begin van de Derde Wereldoorlog te voorkomen. Hij moet door de tijd reizen en de natuurwetten ombuigen om zijn missie tot een goed einde te brengen.</desc><category>Film, Actie, Sciencefiction, Thriller</category></programme><programme channel="lgi-nl-prod-master:NL_000008_019442" start="20221019213500 +0000" stop="20221019232500 +0000" catchup-id="crid:~~2F~~2Fgn.tv~~2F170977~~2FMV010363350000,imi:f66c154eab6e3c0bf5a1d154c10859a77e838bdd"><title>I Am Legend</title><date>2007</date><icon src="https://staticqbr-nl-prod.prod.cdn.dmdsdp.com/image-service/ImagesEPG/EventImages/p170977_v_v12_am.jpg"></icon><desc>Een virus roeit de mensheid bijna uit. Robert Neville is wellicht de enige overlevende. Hij probeert wanhopig andere mensen te vinden en geïnfecteerde `zombies' te vermijden.</desc><category>Drama, Film, Sciencefiction, Horror</category></programme>