<programme channel="lgi-nl-prod-master:NL_000019_019671" start="20221019222000 +0000" stop="20221019231000 +0000" catchup-id="crid:~~2F~~2Fgn.tv~~2F13222941~~2FEP039286870002,imi:bc696f2ba8edf804a8b6267b0648fe8961d8a280"><title>Hooten &amp; The Lady</title><date>2016</date><icon src="https://staticqbr-nl-prod.prod.cdn.dmdsdp.com/image-service/ImagesEPG/EventImages/p13222938_b_v8_ab.jpg"></icon><desc>Diep in de Amazone loopt de ijverige en altijd enthousiaste Alexandra Lindo-Parker, die bezig is met haar eerste expeditie voor het British Museum, de ruige Amerikaanse schattenjager Hooten tegen het lijf. Samen beproeven ze hun geluk.</desc><category>Dramaseries, Actie, Avontuur</category></programme>