<programme channel="lgi-nl-prod-master:NL_000128_019254" start="20221019010000 +0000" stop="20221019030000 +0000" catchup-id="crid:~~2F~~2Fgn.tv~~2F18858308~~2FSH036307200000~~2Fspecial,imi:0076ec3e732b6dd39ee16f38339f956e112265f5"><title>... So 80s!</title><date></date><icon src="https://staticqbr-nl-prod.prod.cdn.dmdsdp.com/image-service/ImagesEPG/EventImages/p18858308_b_v12_aa.jpg"></icon><desc>Get ready because we're bringing you nothing but classic hits and iconic anthems from the 80s!</desc><category>Entertainment, Muziek</category></programme><programme channel="lgi-nl-prod-master:NL_000128_019254" start="20221019030000 +0000" stop="20221019070000 +0000" catchup-id="crid:~~2F~~2Fgn.tv~~2F17964962~~2FSH034410690000~~2Fspecial,imi:b5e35e40f32b3dc2b4d7822317c3fd574b1d83e5"><title>Non-Stop 80s Hits!</title><date></date><icon src="https://staticqbr-nl-prod.prod.cdn.dmdsdp.com/image-service/ImagesEPG/EventImages/p17964962_b_v12_ad.jpg"></icon><desc>We got hits... We got hits from the 80s. And guess what? They don't stop! IT'S WHAT IT SAYS ON THE TIN! You're welcome!</desc><category>Entertainment, Muziek</category></programme><programme channel="lgi-nl-prod-master:NL_000128_019254" start="20221019070000 +0000" stop="20221019110000 +0000" catchup-id="crid:~~2F~~2Fgn.tv~~2F18746623~~2FSH036065640000~~2Fspecial,imi:e495c55c9eafb6319b063ee25280786a737875ec"><title>Gold! Greatest Hits Of The 80s</title><date></date><icon src="https://staticqbr-nl-prod.prod.cdn.dmdsdp.com/image-service/ImagesEPG/EventImages/p18746623_b_v12_ab.jpg"></icon><desc>Pencil us in because we've organised the greatest hits of the '80s for you...you're welcome!</desc><category>Entertainment, Muziek</category></programme><programme channel="lgi-nl-prod-master:NL_000128_019254" start="20221019110000 +0000" stop="20221019150000 +0000" catchup-id="crid:~~2F~~2Fgn.tv~~2F23059315~~2FSH044765430000~~2Fspecial,imi:01f176c2fdc37c4ee50905be0590e8beb98081fa"><title>Alternative 80s! Top 50</title><date></date><icon src="https://staticqbr-nl-prod.prod.cdn.dmdsdp.com/image-service/ImagesEPG/EventImages/p23059315_b_v12_aa.jpg"></icon><desc>The 1980s saw the rise of a huge new wave of rock music, including indie, goth, post-punk... We're here to celebrate them all with 50 of the best from the Alternative 80s!</desc><category>Entertainment</category></programme><programme channel="lgi-nl-prod-master:NL_000128_019254" start="20221019150000 +0000" stop="20221019170000 +0000" catchup-id="crid:~~2F~~2Fgn.tv~~2F18858274~~2FSH036307160000~~2Fspecial,imi:fac0fea1841a3296f0675b4b108bcafc30343cf7"><title>Forever 80s</title><date></date><icon src="https://staticqbr-nl-prod.prod.cdn.dmdsdp.com/image-service/ImagesEPG/EventImages/p18858274_b_v12_ab.jpg"></icon><desc>Check out all of the best hits from one of the biggest decades in music!</desc><category>Entertainment, Muziek</category></programme><programme channel="lgi-nl-prod-master:NL_000128_019254" start="20221019170000 +0000" stop="20221019190000 +0000" catchup-id="crid:~~2F~~2Fgn.tv~~2F22008419~~2FSH042723610000~~2Fspecial,imi:e3fd2c2c0389a4ea11c9fd3d4f2c1f20bc75949e"><title>The Power of Love!</title><date></date><icon src="https://staticqbr-nl-prod.prod.cdn.dmdsdp.com/image-service/ImagesEPG/EventImages/p22008419_b_v12_aa.jpg"></icon><desc>The power of love is strong here at MTV which is why we've put all of the best 80s love songs together in one playlist!</desc><category>Entertainment, Muziek</category></programme><programme channel="lgi-nl-prod-master:NL_000128_019254" start="20221019190000 +0000" stop="20221019200000 +0000" catchup-id="crid:~~2F~~2Fgn.tv~~2F18858304~~2FSH036307190000~~2Fspecial,imi:2b10afb57e0877f7a97e020d3606854e33bc43cb"><title>Greatest 80s Rock: Play It Loud!</title><date></date><icon src="https://staticqbr-nl-prod.prod.cdn.dmdsdp.com/image-service/ImagesEPG/EventImages/p18858304_b_v12_ab.jpg"></icon><desc>Hard! Alternative! Heavy! Post-punk! Metal! Indie! Goth! Call it what you want, but turn up the volume as we delve into the decade's best rock tracks in all their incarnations, right here on MTV!</desc><category>Entertainment, Muziek</category></programme><programme channel="lgi-nl-prod-master:NL_000128_019254" start="20221019200000 +0000" stop="20221020010000 +0000" catchup-id="crid:~~2F~~2Fgn.tv~~2F18858308~~2FSH036307200000~~2Fspecial,imi:66e52043d565f5a92779259f0c87b92b4af5a464"><title>... So 80s!</title><date></date><icon src="https://staticqbr-nl-prod.prod.cdn.dmdsdp.com/image-service/ImagesEPG/EventImages/p18858308_b_v12_aa.jpg"></icon><desc>Get ready because we're bringing you nothing but classic hits and iconic anthems from the 80s!</desc><category>Entertainment, Muziek</category></programme>