<programme channel="lgi-nl-prod-master:NL_000129_020044" start="20221019220000 +0000" stop="20221019235900 +0000" catchup-id="crid:~~2F~~2Fgn.tv~~2F18061495~~2FSH036995230000~~2Fspecial,imi:7dd51104adcd172f081e77c2aa43363ae2ac1d20"><title>Beethoven - Fidelio, Op. 72</title><date></date><icon src="https://staticqbr-nl-prod.prod.cdn.dmdsdp.com/image-service/ImagesEPG/EventImages/p18061495_b_v11_aa.jpg"></icon><desc>Fidelio (originele titel: Leonore, oder Der Triumph der ehelichen Liebe), Op. 72, is de enige voltooide opera van Ludwig van Beethoven. Deze opname is gebaseerd op Jan Schmidt-Garres veelgeprezen toneelproductie.</desc><category>Muziek</category></programme>