<programme channel="lgi-nl-prod-master:NL_000152_020077" start="20221019220000 +0000" stop="20221019223000 +0000" catchup-id="crid:~~2F~~2Fgn.tv~~2F23143609~~2FEP012896460046,imi:94d42c47ba27d2dfb704a244714496992b26160b"><title>Pavitra Rishta</title><date>2022</date><icon src="https://staticqbr-nl-prod.prod.cdn.dmdsdp.com/image-service/ImagesEPG/EventImages/p3567215_b_v8_aa.jpg"></icon><desc>Garage owner Manav is smitten with Archana, a homely, hardworking middle class woman. When they marry, a series of crises threaten Manav's happiness.</desc><category>Dramaseries</category></programme><programme channel="lgi-nl-prod-master:NL_000152_020077" start="20221019223000 +0000" stop="20221019230000 +0000" catchup-id="crid:~~2F~~2Fgn.tv~~2F23143731~~2FEP044560800024,imi:10bf2d6be99d6287e131441d3903a5f33c0c19f4"><title>Doosari Maa</title><date>2022</date><icon src="https://staticqbr-nl-prod.prod.cdn.dmdsdp.com/image-service/ImagesEPG/EventImages/p22946556_b_v8_aa.jpg"></icon><desc>Yashoda deals with her husband's past transgressions, torn between the anguish of a wronged wife and heartfelt compassion for the plight of Krishna, her stepson, who lost his mother and is struggling for acceptance.</desc><category>Dramaseries</category></programme>