<programme channel="lgi-nl-prod-master:NL_000001_019401" start="20221019221400 +0000" stop="20221019224400 +0000" catchup-id="crid:~~2F~~2Fgn.tv~~2F23057122~~2FEP041927000070,imi:381a0ff20e717d3581585e4d3263aac6a4c49096"><title>De Avondshow met Arjen Lubach</title><date>2022</date><icon src="https://staticqbr-nl-prod.prod.cdn.dmdsdp.com/image-service/ImagesEPG/EventImages/p22968803_b_v12_aa.jpg"></icon><desc>Arjen Lubach duikt via de waan van de dag langs inspirerende gasten tot op de bodem van het nieuws. Iedereen wil altijd van de waan van de dag naar verdieping. Arjen heeft juist extra veel zin in de waan van de dag.</desc><category>Talkshow, Actualiteitenprogramma's, Komedie</category></programme><programme channel="lgi-nl-prod-master:NL_000001_019401" start="20221019224400 +0000" stop="20221019234600 +0000" catchup-id="crid:~~2F~~2Fgn.tv~~2F23057783~~2FEP034027900766,imi:24c8de8170d3262c1afa67307dd31e528948a595"><title>Op1</title><date>2022</date><icon src="https://staticqbr-nl-prod.prod.cdn.dmdsdp.com/image-service/ImagesEPG/EventImages/p21270525_b_v11_aa.jpg"></icon><desc>Wisselende duo's presenteren een talkshow over het nieuws van de dag. Verschillende gasten vertellen over hun werk en het nieuws in hun branche, van kunst tot politiek.</desc><category>Talkshow, Entertainment</category></programme>