<programme channel="lgi-nl-prod-master:NL_000034_020027" start="20221019220500 +0000" stop="20221019222500 +0000" catchup-id="crid:~~2F~~2Fgn.tv~~2F22380808~~2FEP018485471646,imi:9efe93570339dc5e977cae65124c0bf3f5d1bef5"><title>Nachtmagazin</title><date>2022</date><icon src="https://staticqbr-nl-prod.prod.cdn.dmdsdp.com/image-service/ImagesEPG/EventImages/p21086153_b_v8_aa.jpg"></icon><desc>In dieser Sendung werden die relevantesten Ereignisse des Tages zusammengefasst.</desc><category>Actualiteitenprogramma's, Actualiteit, Politiek</category></programme><programme channel="lgi-nl-prod-master:NL_000034_020027" start="20221019222500 +0000" stop="20221019235800 +0000" catchup-id="crid:~~2F~~2Fgn.tv~~2F18307500~~2FMV014119610000,imi:85c6ca00cd6d798c46287b405fde593f4978a740"><title>Eltern mit Hindernissen</title><date>2020</date><icon src="https://staticqbr-nl-prod.prod.cdn.dmdsdp.com/image-service/ImagesEPG/EventImages/p18307500_v_v11_aa.jpg"></icon><desc>Katrin Wiedemann hat es fast geschafft: Sie ist kurz davor, Schuldirektorin zu werden. Sie muss nur noch ihr drittes Kind auf die Welt bringen, dann kann es nach dem Mutterschutz losgehen. Katrin hat keinen Zweifel, dass sie Kind und Karriere unter einen Hut bringt. Vor allem, weil ihr Mann Philipp versprochen hat, die gesamte Elternzeit zu übernehmen. Leider ist die Schulverwaltung anderer Meinung und bittet nach der Geburt ausgerechnet Philipp, den Direktorenposten vorerst zu übernehmen.</desc><category>Drama, Film, Romantiek</category></programme>