<programme channel="lgi-nl-prod-master:NL_000017_019222" start="20221019223000 +0000" stop="20221019233000 +0000" catchup-id="crid:~~2F~~2Fgn.tv~~2F18220698~~2FEP028522930231,imi:dee4c8ef7f7c3be287556d2c0d2d25cf9d476e88"><title>Deadliest Catch</title><date>2020</date><icon src="https://staticqbr-nl-prod.prod.cdn.dmdsdp.com/image-service/ImagesEPG/EventImages/p18184155_b_v12_aa.jpg"></icon><desc>Net als de vloot de race begint om de Russen te verslaan, richt tyfoon Hagibis zijn dodelijke blik op de Beringzee. De kapiteins moeten bepalen of ze hun leven willen riskeren voor een grote beloning of dat ze de storm zullen uitzitten.</desc><category>Reality, Documentaire, Avontuur</category></programme>