<programme channel="lgi-nl-prod-master:NL_000078_020002" start="20221019220000 +0000" stop="20221019224500 +0000" catchup-id="crid:~~2F~~2Fgn.tv~~2F18073724~~2FEP034193860015,imi:608399679ce455c61610081d185ad082e91e4811"><title>The Aquarium</title><date>2020</date><icon src="https://staticqbr-nl-prod.prod.cdn.dmdsdp.com/image-service/ImagesEPG/EventImages/p17932596_b_v12_aa.jpg"></icon><desc>Er wordt apparatuur vanuit Californië overgebracht naar het aquarium om de activiteiten van de witte walvissen te kunnen volgen. Een zeester met verdachte gezwellen wordt onderzocht.</desc><category>Documentaire, Dieren</category></programme><programme channel="lgi-nl-prod-master:NL_000078_020002" start="20221019224500 +0000" stop="20221019233000 +0000" catchup-id="crid:~~2F~~2Fgn.tv~~2F13090118~~2FEP028487360017,imi:d18a1f4096a212c9a777ba615224c7d54d7b233c"><title>The Last Alaskans</title><date>2016</date><icon src="https://staticqbr-nl-prod.prod.cdn.dmdsdp.com/image-service/ImagesEPG/EventImages/p12713427_b_v8_ac.jpg"></icon><desc>De familie Lewis heeft er moeite mee hun boot de rivier op te krijgen. Achter de schermen laat de productiecrew zien wat er niet getoond is in het afgelopen seizoen.</desc><category>Reality, Documentaire, Outdoor, Avontuur</category></programme>