<programme channel="lgi-nl-prod-master:NL_000162_019250" start="20221019000000 +0000" stop="20221019040000 +0000" catchup-id="crid:~~2F~~2Fgn.tv~~2F21496380~~2FSH041808800000~~2F141961949,imi:10cafe26eb9c9472cad15d2828737375ec34f435"><title>Burası TRT Çocuk</title><date></date><icon src="https://staticqbr-nl-prod.prod.cdn.dmdsdp.com/image-service/ImagesEPG/EventImages/p21496380_st_v8_aa.jpg"></icon><desc></desc><category></category></programme><programme channel="lgi-nl-prod-master:NL_000162_019250" start="20221019040000 +0000" stop="20221019080000 +0000" catchup-id="crid:~~2F~~2Fgn.tv~~2F21496380~~2FSH041808800000~~2F141961950,imi:786cafe3e8e2acbbea1f900d9ddd553c42364b14"><title>Burası TRT Çocuk</title><date></date><icon src="https://staticqbr-nl-prod.prod.cdn.dmdsdp.com/image-service/ImagesEPG/EventImages/p21496380_st_v8_aa.jpg"></icon><desc></desc><category></category></programme><programme channel="lgi-nl-prod-master:NL_000162_019250" start="20221019080000 +0000" stop="20221019120000 +0000" catchup-id="crid:~~2F~~2Fgn.tv~~2F21496380~~2FSH041808800000~~2F141961951,imi:a20f747951fb4a0e47801161dc677d44d8e14e87"><title>Burası TRT Çocuk</title><date></date><icon src="https://staticqbr-nl-prod.prod.cdn.dmdsdp.com/image-service/ImagesEPG/EventImages/p21496380_st_v8_aa.jpg"></icon><desc></desc><category></category></programme><programme channel="lgi-nl-prod-master:NL_000162_019250" start="20221019120000 +0000" stop="20221019160000 +0000" catchup-id="crid:~~2F~~2Fgn.tv~~2F21496380~~2FSH041808800000~~2F141961952,imi:042686206715810d039fb2d0207a88b3fb4fb0af"><title>Burası TRT Çocuk</title><date></date><icon src="https://staticqbr-nl-prod.prod.cdn.dmdsdp.com/image-service/ImagesEPG/EventImages/p21496380_st_v8_aa.jpg"></icon><desc></desc><category></category></programme><programme channel="lgi-nl-prod-master:NL_000162_019250" start="20221019160000 +0000" stop="20221019200000 +0000" catchup-id="crid:~~2F~~2Fgn.tv~~2F21496380~~2FSH041808800000~~2F141961953,imi:8fda2a4f352fb72380ff66e07b5cbe5ad8d6237b"><title>Burası TRT Çocuk</title><date></date><icon src="https://staticqbr-nl-prod.prod.cdn.dmdsdp.com/image-service/ImagesEPG/EventImages/p21496380_st_v8_aa.jpg"></icon><desc></desc><category></category></programme><programme channel="lgi-nl-prod-master:NL_000162_019250" start="20221019200000 +0000" stop="20221020000000 +0000" catchup-id="crid:~~2F~~2Fgn.tv~~2F21496380~~2FSH041808800000~~2F141961954,imi:faaa3f192bbefb74117c1b9cee068a57f1cea6fa"><title>Burası TRT Çocuk</title><date></date><icon src="https://staticqbr-nl-prod.prod.cdn.dmdsdp.com/image-service/ImagesEPG/EventImages/p21496380_st_v8_aa.jpg"></icon><desc></desc><category></category></programme>