<programme channel="lgi-nl-prod-master:NL_000088_019251" start="20221019220000 +0000" stop="20221019221000 +0000" catchup-id="crid:~~2F~~2Fgn.tv~~2F15524752~~2FEP033716750095,imi:4f3a2f9f6447b8503f09de5d21e53df7c018677a"><title>De wonderlijke wereld van Gumball</title><date>2018</date><icon src="https://staticqbr-nl-prod.prod.cdn.dmdsdp.com/image-service/ImagesEPG/EventImages/p14886922_b_v11_ak.jpg"></icon><desc>Gumball en Darwin besluiten om te stoppen met school. Larry waarschuwt hen dat als ze hun opleiding niet serieus nemen, ze net als hem zullen eindigen. Om zijn theorie te bewijzen, laat hij Gumball en Darwin een aantal van zijn banen overnemen.</desc><category>Kinderen, Animatie, Komedie, Avontuur</category></programme><programme channel="lgi-nl-prod-master:NL_000088_019251" start="20221019221000 +0000" stop="20221019222500 +0000" catchup-id="crid:~~2F~~2Fgn.tv~~2F12669890~~2FEP033716750178,imi:90e646c0c064df64367a79955c09d884516e4c29"><title>De wonderlijke wereld van Gumball</title><date>2016</date><icon src="https://staticqbr-nl-prod.prod.cdn.dmdsdp.com/image-service/ImagesEPG/EventImages/p12630964_b_v8_ab.jpg"></icon><desc>Bobert denkt dat hij een vreselijk computervirus te pakken heeft, maar hij blijkt verliefd te zijn op de stofzuiger. Om dit duidelijk te maken aan zijn digitale hard- en software, zingen Gumball, Darwin, familie en vrienden een ode aan de liefde. Geweldige aflevering!</desc><category>Kinderen, Animatie, Komedie, Avontuur</category></programme><programme channel="lgi-nl-prod-master:NL_000088_019251" start="20221019222500 +0000" stop="20221019224000 +0000" catchup-id="crid:~~2F~~2Fgn.tv~~2F12810486~~2FEP033716750183,imi:ab71a40b42559411e73337f0064b1dce37934426"><title>De wonderlijke wereld van Gumball</title><date>2016</date><icon src="https://staticqbr-nl-prod.prod.cdn.dmdsdp.com/image-service/ImagesEPG/EventImages/p13286885_b_v11_aq.jpg"></icon><desc>Darwin en Gumball bedenken een plan om al het Halloweensnoep te stelen maar daarmee roepen ze een vreselijk monster op.</desc><category>Kinderen, Animatie, Komedie, Avontuur</category></programme><programme channel="lgi-nl-prod-master:NL_000088_019251" start="20221019224000 +0000" stop="20221019225000 +0000" catchup-id="crid:~~2F~~2Fgn.tv~~2F12694656~~2FEP033716750184,imi:0f64ac94ac9675a8cf9190f4786b9217a9c02e7c"><title>De wonderlijke wereld van Gumball</title><date>2016</date><icon src="https://staticqbr-nl-prod.prod.cdn.dmdsdp.com/image-service/ImagesEPG/EventImages/p12630964_b_v8_ab.jpg"></icon><desc>Hotdogknul en Gumball zien elkaar voor de zoveelste keer in een reeks ultra-gênante ontmoetingen waar ze maar niet aan lijken te kunnen ontsnappen.</desc><category>Kinderen, Animatie, Komedie, Avontuur</category></programme><programme channel="lgi-nl-prod-master:NL_000088_019251" start="20221019225000 +0000" stop="20221019230000 +0000" catchup-id="crid:~~2F~~2Fgn.tv~~2F12810482~~2FEP033716750185,imi:05ed33a830e4fe4a561439914cb712976c628ab3"><title>De wonderlijke wereld van Gumball</title><date>2016</date><icon src="https://staticqbr-nl-prod.prod.cdn.dmdsdp.com/image-service/ImagesEPG/EventImages/p12630964_b_v8_ab.jpg"></icon><desc>Er vinden een aantal mysterieuze verdwijningen plaats in Elmore en daar blijkt de schildpad van Gumball, Darwin en Anais iets mee te maken te hebben.</desc><category>Kinderen, Animatie, Komedie, Avontuur</category></programme>