<programme channel="lgi-nl-prod-master:NL_000087_019303" start="20221019220500 +0000" stop="20221019223000 +0000" catchup-id="crid:~~2F~~2Fgn.tv~~2F18515776~~2FEP035585360040,imi:dac497fefaa88969739da5fcc4458471b8867049"><title>De avonturen van Paddington</title><date>2020</date><icon src="https://staticqbr-nl-prod.prod.cdn.dmdsdp.com/image-service/ImagesEPG/EventImages/p17645398_b_v12_ac.jpg"></icon><desc>Hond Lucky pikt een sleutelbeen van de T-Rex die meneer Gruber in het museum heeft neergezet. Judy, Jonathan en Paddington beginnen een band om lekker samen te jammen.</desc><category>Kinderen, Animatie, Educatie, Avontuur</category></programme><programme channel="lgi-nl-prod-master:NL_000087_019303" start="20221019223000 +0000" stop="20221019224000 +0000" catchup-id="crid:~~2F~~2Fgn.tv~~2F19936559~~2FEP038185590024,imi:9ecfc02f621d7e96320d0a1c2cbb3801720bea23"><title>De familie Barbapapa</title><date>2021</date><icon src="https://staticqbr-nl-prod.prod.cdn.dmdsdp.com/image-service/ImagesEPG/EventImages/p13229513_b_v8_an.jpg"></icon><desc>De Barbakinderen lezen een stripverhaal met superhelden. Ze verkleden zich als superhelden.</desc><category>Kinderen, Animatie, Avontuur, Komedie</category></programme><programme channel="lgi-nl-prod-master:NL_000087_019303" start="20221019224000 +0000" stop="20221019224500 +0000" catchup-id="crid:~~2F~~2Fgn.tv~~2F9275597~~2FEP029521830443,imi:ac4c333f6d34bab634dafd79e563e79ec60a5bb0"><title>Peppa Pig</title><date>2012</date><icon src="https://staticqbr-nl-prod.prod.cdn.dmdsdp.com/image-service/ImagesEPG/EventImages/p8672656_b_v12_ab.jpg"></icon><desc>Opa Big en Opa Konijn gaan samen met de boot op reis om te vissen. Het gaat mis, en ze blijven achter op een onbewoond eiland. Kapitein Papa Hond is nu de enige die hen kan redden.</desc><category>Kinderen, Animatie, Avontuur</category></programme><programme channel="lgi-nl-prod-master:NL_000087_019303" start="20221019224500 +0000" stop="20221019225000 +0000" catchup-id="crid:~~2F~~2Fgn.tv~~2F9275602~~2FEP029521830424,imi:5f487b8c5b2919ec9f6456e3dc192e7bc0716ed5"><title>Peppa Pig</title><date>2012</date><icon src="https://staticqbr-nl-prod.prod.cdn.dmdsdp.com/image-service/ImagesEPG/EventImages/p8672656_b_v12_ab.jpg"></icon><desc>Nadat ze het lavendelparfum van Oma Big heeft geroken, is Peppa helemaal in de ban van geuren. Peppa experimenteert met de bloemen in de tuin, om haar eigen speciale parfum te creëren.</desc><category>Kinderen, Animatie, Avontuur</category></programme><programme channel="lgi-nl-prod-master:NL_000087_019303" start="20221019225000 +0000" stop="20221019225500 +0000" catchup-id="crid:~~2F~~2Fgn.tv~~2F2990123~~2FEP029521830441,imi:4e4a3f6e42216535b5270f9ac65fee6058765754"><title>Peppa Pig</title><date>2004</date><icon src="https://staticqbr-nl-prod.prod.cdn.dmdsdp.com/image-service/ImagesEPG/EventImages/p8611530_b_v8_aa.jpg"></icon><desc>Peppa en haar familie gaan naar de braderie op school en doen daar van alles. Peppa en haar vriendjes laten zich schminken als tijgers.</desc><category>Kinderen, Animatie, Avontuur</category></programme><programme channel="lgi-nl-prod-master:NL_000087_019303" start="20221019225500 +0000" stop="20221019230000 +0000" catchup-id="crid:~~2F~~2Fgn.tv~~2F9275605~~2FEP029521830446,imi:484056fcbfdb1863bbb0d5121d741784a08acdc1"><title>Peppa Pig</title><date>2012</date><icon src="https://staticqbr-nl-prod.prod.cdn.dmdsdp.com/image-service/ImagesEPG/EventImages/p8672656_b_v12_ab.jpg"></icon><desc>Goudje de Goudvis voelt zich een beetje eenzaam, dus neemt Peppa haar mee naar het aquarium. Met zoveel verschillende vissen kan Peppa vast een nieuw speelmaatje vinden voor Goudje.</desc><category>Kinderen, Animatie, Avontuur</category></programme>