<programme channel="lgi-nl-prod-master:NL_000012_019191" start="20221019223000 +0000" stop="20221019233000 +0000" catchup-id="crid:~~2F~~2Fgn.tv~~2F21105039~~2FEP042463750001,imi:1eb46649d109e2525ffe8547f68f7956e82341d6"><title>Waarom De Costa Concordia Zonk</title><date>2021</date><icon src="https://staticqbr-nl-prod.prod.cdn.dmdsdp.com/image-service/ImagesEPG/EventImages/p21105036_b_v12_ag.jpg"></icon><desc>Er worden details gedeeld over de nacht dat het Italiaanse cruiseschip Costa Concordia zonk om te achterhalen wat er mis ging. Ook wordt er gekeken naar wat er gebeurde toen 32 mensen omkwamen bij de ramp.</desc><category>Documentaire, Misdaad, Varen</category></programme>