<programme channel="lgi-nl-prod-master:NL_000060_019297" start="20221019000000 +0000" stop="20221019040000 +0000" catchup-id="crid:~~2F~~2Fgn.tv~~2F514472~~2FSH012857740000~~2F140423132,imi:825584becfb543fd7bc37f3b2a1c876ee0d02046"><title>To Be Announced</title><date></date><icon src="https://staticqbr-nl-prod.prod.cdn.dmdsdp.com/image-service/ImagesEPG/EventImages/p514472_b_v12_dp.jpg"></icon><desc>There is no specific programme; programme to be announced and determined by the channel that broadcasts it.</desc><category></category></programme><programme channel="lgi-nl-prod-master:NL_000060_019297" start="20221019040000 +0000" stop="20221019080000 +0000" catchup-id="crid:~~2F~~2Fgn.tv~~2F514472~~2FSH012857740000~~2F140423145,imi:16f4842f5597a09906afd161eb2ba580f0270fae"><title>To Be Announced</title><date></date><icon src="https://staticqbr-nl-prod.prod.cdn.dmdsdp.com/image-service/ImagesEPG/EventImages/p514472_b_v12_dp.jpg"></icon><desc>There is no specific programme; programme to be announced and determined by the channel that broadcasts it.</desc><category></category></programme><programme channel="lgi-nl-prod-master:NL_000060_019297" start="20221019080000 +0000" stop="20221019120000 +0000" catchup-id="crid:~~2F~~2Fgn.tv~~2F514472~~2FSH012857740000~~2F140423146,imi:6edc6667d667ca33f5963444348d891c333258df"><title>To Be Announced</title><date></date><icon src="https://staticqbr-nl-prod.prod.cdn.dmdsdp.com/image-service/ImagesEPG/EventImages/p514472_b_v12_dp.jpg"></icon><desc>There is no specific programme; programme to be announced and determined by the channel that broadcasts it.</desc><category></category></programme><programme channel="lgi-nl-prod-master:NL_000060_019297" start="20221019120000 +0000" stop="20221019160000 +0000" catchup-id="crid:~~2F~~2Fgn.tv~~2F514472~~2FSH012857740000~~2F140423147,imi:f9003004fe81637a9d632675c8c42edc0ec7ae99"><title>To Be Announced</title><date></date><icon src="https://staticqbr-nl-prod.prod.cdn.dmdsdp.com/image-service/ImagesEPG/EventImages/p514472_b_v12_dp.jpg"></icon><desc>There is no specific programme; programme to be announced and determined by the channel that broadcasts it.</desc><category></category></programme><programme channel="lgi-nl-prod-master:NL_000060_019297" start="20221019160000 +0000" stop="20221019200000 +0000" catchup-id="crid:~~2F~~2Fgn.tv~~2F514472~~2FSH012857740000~~2F140423148,imi:964239b946aecdc2e29b230aad0445f9158afff7"><title>To Be Announced</title><date></date><icon src="https://staticqbr-nl-prod.prod.cdn.dmdsdp.com/image-service/ImagesEPG/EventImages/p514472_b_v12_dp.jpg"></icon><desc>There is no specific programme; programme to be announced and determined by the channel that broadcasts it.</desc><category></category></programme>