<programme channel="lgi-nl-prod-master:NL_000058_019381" start="20221019220000 +0000" stop="20221019230000 +0000" catchup-id="crid:~~2F~~2Fgn.tv~~2F14444538~~2FEP028644340003,imi:5d1ee1ed8292593e5abc8bf7ef7478537b38df2b"><title>Grave Mysteries</title><date>2017</date><icon src="https://staticqbr-nl-prod.prod.cdn.dmdsdp.com/image-service/ImagesEPG/EventImages/p14358158_b_v8_ab.jpg"></icon><desc>Dr. Tiffany Maher is een geliefde scheikundelerares. Wanneer ze wordt vermoord, ontdekken de rechercheurs een verborgen online-leven.</desc><category>Documentaire, Misdaad, Mysterie</category></programme>