<programme channel="lgi-nl-prod-master:NL_000164_020070" start="20221019000000 +0000" stop="20221019040000 +0000" catchup-id="crid:~~2F~~2Fgn.tv~~2F514472~~2FSH022644500000~~2F141960625,imi:04737cff096c24593c567db8a86498e7ef8a64a4"><title>Ilan edilecek</title><date></date><icon src="https://staticqbr-nl-prod.prod.cdn.dmdsdp.com/image-service/ImagesEPG/EventImages/p514472_b_v12_dw.jpg"></icon><desc>Ilan edilecek.</desc><category></category></programme><programme channel="lgi-nl-prod-master:NL_000164_020070" start="20221019040000 +0000" stop="20221019080000 +0000" catchup-id="crid:~~2F~~2Fgn.tv~~2F514472~~2FSH022644500000~~2F141960602,imi:9ebd12e02ce7dcf359dbee7e98b4ee1fb9179628"><title>Ilan edilecek</title><date></date><icon src="https://staticqbr-nl-prod.prod.cdn.dmdsdp.com/image-service/ImagesEPG/EventImages/p514472_b_v12_dw.jpg"></icon><desc>Ilan edilecek.</desc><category></category></programme><programme channel="lgi-nl-prod-master:NL_000164_020070" start="20221019080000 +0000" stop="20221019120000 +0000" catchup-id="crid:~~2F~~2Fgn.tv~~2F514472~~2FSH022644500000~~2F141960603,imi:0d35c0265e72ebe6ae9f41717fe26462b86b0fbf"><title>Ilan edilecek</title><date></date><icon src="https://staticqbr-nl-prod.prod.cdn.dmdsdp.com/image-service/ImagesEPG/EventImages/p514472_b_v12_dw.jpg"></icon><desc>Ilan edilecek.</desc><category></category></programme><programme channel="lgi-nl-prod-master:NL_000164_020070" start="20221019120000 +0000" stop="20221019160000 +0000" catchup-id="crid:~~2F~~2Fgn.tv~~2F514472~~2FSH022644500000~~2F141960604,imi:3a681cc6a1f58e3c3de7b857d535e1b068e2a7e0"><title>Ilan edilecek</title><date></date><icon src="https://staticqbr-nl-prod.prod.cdn.dmdsdp.com/image-service/ImagesEPG/EventImages/p514472_b_v12_dw.jpg"></icon><desc>Ilan edilecek.</desc><category></category></programme><programme channel="lgi-nl-prod-master:NL_000164_020070" start="20221019160000 +0000" stop="20221019200000 +0000" catchup-id="crid:~~2F~~2Fgn.tv~~2F514472~~2FSH022644500000~~2F141960605,imi:ce7723913d044bcdefea03efc8327e7ddd6db323"><title>Ilan edilecek</title><date></date><icon src="https://staticqbr-nl-prod.prod.cdn.dmdsdp.com/image-service/ImagesEPG/EventImages/p514472_b_v12_dw.jpg"></icon><desc>Ilan edilecek.</desc><category></category></programme><programme channel="lgi-nl-prod-master:NL_000164_020070" start="20221019200000 +0000" stop="20221020000000 +0000" catchup-id="crid:~~2F~~2Fgn.tv~~2F514472~~2FSH022644500000~~2F141960606,imi:a5a30a680e24dcd6ca9254a6666a2cc0f1f9d619"><title>Ilan edilecek</title><date></date><icon src="https://staticqbr-nl-prod.prod.cdn.dmdsdp.com/image-service/ImagesEPG/EventImages/p514472_b_v12_dw.jpg"></icon><desc>Ilan edilecek.</desc><category></category></programme>