<programme channel="lgi-nl-prod-master:NL_000039_019153" start="20221019223500 +0000" stop="20221020011500 +0000" catchup-id="crid:~~2F~~2Fgn.tv~~2F23007680~~2FEP020117800090,imi:9c4a625e30013620900b4ef323194ac92efdce10"><title>The Taste</title><date>2022</date><icon src="https://staticqbr-nl-prod.prod.cdn.dmdsdp.com/image-service/ImagesEPG/EventImages/p11109682_st_v8_ab.jpg"></icon><desc>Die Serie ist ein Kochwettbewerb, bei dem Nachwuchsköche gegeneinander konkurrieren. Eine Jury, bestehend aus den vier Spitzenköchen Tim Mälzer, Lea Linster, Frank Rosin und Alexander Herrmann, muss die Gerichte der Kandidaten blind bewerten.</desc><category>Culinair, Entertainment, Documentaire</category></programme>