<programme channel="lgi-nl-prod-master:NL_000153_020076" start="20221019224000 +0000" stop="20221020022000 +0000" catchup-id="crid:~~2F~~2Fgn.tv~~2F68519~~2FMV003285330000,imi:b9ae1baccbf35e6523265435df6f2d18f84c296a"><title>Hum Saath Saath Hain</title><date>1999</date><icon src="https://staticqbr-nl-prod.prod.cdn.dmdsdp.com/image-service/ImagesEPG/EventImages/p68519_v_v8_aa.jpg"></icon><desc>A family film about the trials and challenges of a joint family in India, starring Salman Khan, Saif Ali Khan, Karisma Kapoor.</desc><category>Drama, Film</category></programme>