<programme channel="lgi-nl-prod-master:NL_000217_019123" start="20221019223100 +0000" stop="20221019230300 +0000" catchup-id="crid:~~2F~~2Fgn.tv~~2F8811465~~2FEP015051940023,imi:67f10f5ed760ec93101e3feb88a6e3300fba2c4b"><title>Playboy Trip: Patagonia</title><date>2011</date><icon src="https://staticqbr-nl-prod.prod.cdn.dmdsdp.com/image-service/ImagesEPG/EventImages/p8684835_st_v8_aa.jpg"></icon><desc>Estevan's sharing all kinds of sexy Patagonia footage from his 'personal collection.'</desc><category>Erotiek, Erotisch, Reizen</category></programme>