<programme channel="lgi-nl-prod-master:NL_000014_019661" start="20221019220000 +0000" stop="20221020000000 +0000" catchup-id="crid:~~2F~~2Fgn.tv~~2F23113929~~2FEP028685231743,imi:157034fb4d88ab00c30cc117ff30aa052f3d2991"><title>ATP Tennis</title><date>2022</date><icon src="https://staticqbr-nl-prod.prod.cdn.dmdsdp.com/image-service/ImagesEPG/EventImages/p554508_b_v12_bb.jpg"></icon><desc>Verslag van de derde dag op de Stockholm Open, gespeeld in de ATP Tour 250 in Stockholm, Zweden.</desc><category>Sport, Tennis</category></programme>