<programme channel="lgi-nl-prod-master:NL_000135_020029" start="20221019003000 +0000" stop="20221019024500 +0000" catchup-id="crid:~~2F~~2Fgn.tv~~2F9401796~~2FSH035465270000~~2F143175058,imi:70993b732e01c527f1e8501be5c1b97850c378b4"><title>Hot Right Now!</title><date></date><icon src="https://staticqbr-nl-prod.prod.cdn.dmdsdp.com/image-service/ImagesEPG/EventImages/p9401796_b_v12_aa.jpg"></icon><desc>De muziekvideo's die wereldwijd de ranglijsten veroveren worden getoond. Daarnaast zijn er zinderende live optredens te zien.</desc><category>Muziek, Entertainment</category></programme><programme channel="lgi-nl-prod-master:NL_000135_020029" start="20221019024500 +0000" stop="20221019030500 +0000" catchup-id="crid:~~2F~~2Fgn.tv~~2F18950361~~2FEP036676940004,imi:a586454adfa816ba494205112ade59291bc781d9"><title>My Life On MTV</title><date>2020</date><icon src="https://staticqbr-nl-prod.prod.cdn.dmdsdp.com/image-service/ImagesEPG/EventImages/p18925336_b_v12_ac.jpg"></icon><desc>Het waargebeurde verhaal over de evolutie van twee van 's werelds grootste rockbands.</desc><category>Entertainment, Muziek</category></programme><programme channel="lgi-nl-prod-master:NL_000135_020029" start="20221019030500 +0000" stop="20221019083000 +0000" catchup-id="crid:~~2F~~2Fgn.tv~~2F19085646~~2FEP036676940013,imi:cf88acbf6319e6ed6600545fe7521db084c06db1"><title>My Life On MTV</title><date>2020</date><icon src="https://staticqbr-nl-prod.prod.cdn.dmdsdp.com/image-service/ImagesEPG/EventImages/p18925336_b_v12_ac.jpg"></icon><desc>NSYNC en Britney Spears betraden het TRL-podium en definieerden de popcultuur van de jaren negentig.</desc><category>Entertainment, Muziek</category></programme><programme channel="lgi-nl-prod-master:NL_000135_020029" start="20221019083000 +0000" stop="20221019110000 +0000" catchup-id="crid:~~2F~~2Fgn.tv~~2F9401796~~2FSH035465270000~~2F143175044,imi:b99e92af0c3373ee2b034e80e8c70c27c3cde546"><title>Hot Right Now!</title><date></date><icon src="https://staticqbr-nl-prod.prod.cdn.dmdsdp.com/image-service/ImagesEPG/EventImages/p9401796_b_v12_aa.jpg"></icon><desc>De muziekvideo's die wereldwijd de ranglijsten veroveren worden getoond. Daarnaast zijn er zinderende live optredens te zien.</desc><category>Muziek, Entertainment</category></programme><programme channel="lgi-nl-prod-master:NL_000135_020029" start="20221019110000 +0000" stop="20221019114500 +0000" catchup-id="crid:~~2F~~2Fgn.tv~~2F19230431~~2FSH037261570000~~2Fspecial,imi:455f0def777730b73a18ac5607002b77177ff236"><title>MTV World Stage Indonesia: Anne-Marie &amp; NCT</title><date></date><icon src="https://staticqbr-nl-prod.prod.cdn.dmdsdp.com/image-service/ImagesEPG/EventImages/p19230431_b_v8_ad.jpg"></icon><desc>Een kans om artiesten in concert te zien zonder het comfort van huis te verlaten.</desc><category>Muziek</category></programme><programme channel="lgi-nl-prod-master:NL_000135_020029" start="20221019114500 +0000" stop="20221019163000 +0000" catchup-id="crid:~~2F~~2Fgn.tv~~2F20309959~~2FSH039474530000~~2Fspecial,imi:243ba487dbcd93a03d6b5ba0100921f98bb2b100"><title>Amy Winehouse &amp; Me: Dionne's Story</title><date></date><icon src="https://staticqbr-nl-prod.prod.cdn.dmdsdp.com/image-service/ImagesEPG/EventImages/p20309959_b_v8_ab.jpg"></icon><desc>Tien jaar na de tragische dood van Amy Winehouse toont deze documentaire hoe haar peetdochter, Dionne Bromfield, zich voor het eerst openstelt over de impact van Amy's dood op haar leven.</desc><category>Entertainment, Muziek</category></programme><programme channel="lgi-nl-prod-master:NL_000135_020029" start="20221019163000 +0000" stop="20221019190000 +0000" catchup-id="crid:~~2F~~2Fgn.tv~~2F9401796~~2FSH035465270000~~2F143175047,imi:9c453dc1147da94e782f97ddc0f234dbde29975a"><title>Hot Right Now!</title><date></date><icon src="https://staticqbr-nl-prod.prod.cdn.dmdsdp.com/image-service/ImagesEPG/EventImages/p9401796_b_v12_aa.jpg"></icon><desc>De muziekvideo's die wereldwijd de ranglijsten veroveren worden getoond. Daarnaast zijn er zinderende live optredens te zien.</desc><category>Muziek, Entertainment</category></programme><programme channel="lgi-nl-prod-master:NL_000135_020029" start="20221019190000 +0000" stop="20221019194500 +0000" catchup-id="crid:~~2F~~2Fgn.tv~~2F19230431~~2FSH037261570000~~2Fspecial,imi:a52ca64ca1d51ea8a613cfaf7c2161e4b2b68607"><title>MTV World Stage Indonesia: Anne-Marie &amp; NCT</title><date></date><icon src="https://staticqbr-nl-prod.prod.cdn.dmdsdp.com/image-service/ImagesEPG/EventImages/p19230431_b_v8_ad.jpg"></icon><desc>Een kans om artiesten in concert te zien zonder het comfort van huis te verlaten.</desc><category>Muziek</category></programme><programme channel="lgi-nl-prod-master:NL_000135_020029" start="20221019194500 +0000" stop="20221020003000 +0000" catchup-id="crid:~~2F~~2Fgn.tv~~2F20309959~~2FSH039474530000~~2Fspecial,imi:a9a9fa9a5c5170688ac6b6e77f4ee269849bc2a4"><title>Amy Winehouse &amp; Me: Dionne's Story</title><date></date><icon src="https://staticqbr-nl-prod.prod.cdn.dmdsdp.com/image-service/ImagesEPG/EventImages/p20309959_b_v8_ab.jpg"></icon><desc>Tien jaar na de tragische dood van Amy Winehouse toont deze documentaire hoe haar peetdochter, Dionne Bromfield, zich voor het eerst openstelt over de impact van Amy's dood op haar leven.</desc><category>Entertainment, Muziek</category></programme>