<programme channel="lgi-nl-prod-master:NL_000040_020022" start="20221018223500 +0000" stop="20221018233500 +0000" catchup-id="crid:~~2F~~2Fgn.tv~~2F23094397~~2FEP044741980002,imi:ec0a7d38bf71e07b6313007aba03413045a54554"><title>Unbreakable</title><date>2022</date><icon src="https://staticqbr-nl-prod.prod.cdn.dmdsdp.com/image-service/ImagesEPG/EventImages/p23046517_b_v8_aa.jpg"></icon><desc>Having faced the terrifying leap of faith, the couples tackle the manor's maze in a test of trust and communication. Then, Rara, Denise, Lucy, Shanaze and Rich find out they have just one night to memorise all they can about a topic their partner knows all about.</desc><category>Spelshow, Entertainment</category></programme><programme channel="lgi-nl-prod-master:NL_000040_020022" start="20221018233500 +0000" stop="20221019003500 +0000" catchup-id="crid:~~2F~~2Fgn.tv~~2F22939781~~2FEP025125360066,imi:c4b0a59027abad13d5c9a96d3c46234468fb61a5"><title>Ambulance</title><date>2022</date><icon src="https://staticqbr-nl-prod.prod.cdn.dmdsdp.com/image-service/ImagesEPG/EventImages/p22939770_b_v12_aa.jpg"></icon><desc>The North East Ambulance Service's frontline staff face an increase in mental health problems, stretched public services and deepening poverty in the region.</desc><category>Documentaire, Medisch</category></programme><programme channel="lgi-nl-prod-master:NL_000040_020022" start="20221019003500 +0000" stop="20221019004000 +0000" catchup-id="crid:~~2F~~2Fgn.tv~~2F528177~~2FSH012732130000~~2F144858857,imi:179cfcba372b5bfb232febd80c3f0784459cf2bc"><title>Weather for the Week Ahead</title><date></date><icon src="https://staticqbr-nl-prod.prod.cdn.dmdsdp.com/image-service/ImagesEPG/EventImages/p528177_b_v8_ad.jpg"></icon><desc>Detailed weather forecast.</desc><category>Weer</category></programme><programme channel="lgi-nl-prod-master:NL_000040_020022" start="20221019004000 +0000" stop="20221019010000 +0000" catchup-id="crid:~~2F~~2Fgn.tv~~2F17324903~~2FSH033036800000~~2Fspecial,imi:61c538df94735e0aa52dd1f66a30fd7483498ba8"><title>Joins BBC News</title><date></date><icon src="https://staticqbr-nl-prod.prod.cdn.dmdsdp.com/image-service/ImagesEPG/EventImages/p17324903_b_v8_aa.jpg"></icon><desc>BBC One joins the BBC's rolling news channel for a night of news.</desc><category>Nieuws</category></programme><programme channel="lgi-nl-prod-master:NL_000040_020022" start="20221019010000 +0000" stop="20221019013000 +0000" catchup-id="crid:~~2F~~2Fgn.tv~~2F8133775~~2FSH012811530000~~2F144858859,imi:dc732c0b06de2caa21c0aa67e3ca4c7f77ad2590"><title>BBC News</title><date></date><icon src="https://staticqbr-nl-prod.prod.cdn.dmdsdp.com/image-service/ImagesEPG/EventImages/p8133775_b_v8_ac.jpg"></icon><desc>Twenty-four hours a day, the latest national and international stories as they break.</desc><category>Nieuws</category></programme><programme channel="lgi-nl-prod-master:NL_000040_020022" start="20221019013000 +0000" stop="20221019020000 +0000" catchup-id="crid:~~2F~~2Fgn.tv~~2F23162739~~2FEP014298430004,imi:efeb3cb5339d625b4b62d4aaff629bc2b994ee97"><title>Spotlight</title><date>2022</date><icon src="https://staticqbr-nl-prod.prod.cdn.dmdsdp.com/image-service/ImagesEPG/EventImages/p8720043_b_v8_aa.jpg"></icon><desc>Mark Devenport, the former BBC NI political editor and Ireland correspondent, scrutinises the United Kingdom of Charles III. The new king inherits a realm that held together in his mother's reign, despite being rocked by independence movements, powerful social change and even violent insurrection in Northern Ireland. Can the kingdom survive today's pressures on the constitution and the crown?</desc><category>Nieuws, Weer</category></programme><programme channel="lgi-nl-prod-master:NL_000040_020022" start="20221019020000 +0000" stop="20221019023000 +0000" catchup-id="crid:~~2F~~2Fgn.tv~~2F8133775~~2FSH012811530000~~2F144858861,imi:5eea7afb422c63b0513b3327cdad96200c6a5c66"><title>BBC News</title><date></date><icon src="https://staticqbr-nl-prod.prod.cdn.dmdsdp.com/image-service/ImagesEPG/EventImages/p8133775_b_v8_ac.jpg"></icon><desc>Twenty-four hours a day, the latest national and international stories as they break.</desc><category>Nieuws</category></programme><programme channel="lgi-nl-prod-master:NL_000040_020022" start="20221019023000 +0000" stop="20221019030000 +0000" catchup-id="crid:~~2F~~2Fgn.tv~~2F23148243~~2FEP012592870656,imi:e7406df2f69ba55475e11d5094719c89e667d27e"><title>Panorama</title><date>2022</date><icon src="https://staticqbr-nl-prod.prod.cdn.dmdsdp.com/image-service/ImagesEPG/EventImages/p273696_b_v8_av.jpg"></icon><desc>It was supposed to be a joyous end to an unforgettable season, but it quickly turned into a nightmare. Journalist Layla Wright investigates events as they unfolded at the 2022 UEFA Champions League final in Paris between Liverpool and Real Madrid.</desc><category>Actualiteit, Documentaire, Nieuws</category></programme><programme channel="lgi-nl-prod-master:NL_000040_020022" start="20221019030000 +0000" stop="20221019033000 +0000" catchup-id="crid:~~2F~~2Fgn.tv~~2F8133775~~2FSH012811530000~~2F144858863,imi:817a9ed513f9d2f83f2dfd36bacbaf701f645db9"><title>BBC News</title><date></date><icon src="https://staticqbr-nl-prod.prod.cdn.dmdsdp.com/image-service/ImagesEPG/EventImages/p8133775_b_v8_ac.jpg"></icon><desc>Twenty-four hours a day, the latest national and international stories as they break.</desc><category>Nieuws</category></programme><programme channel="lgi-nl-prod-master:NL_000040_020022" start="20221019033000 +0000" stop="20221019040000 +0000" catchup-id="crid:~~2F~~2Fgn.tv~~2F23149356~~2FEP012592932392,imi:226751a221c43f824f9a245b062ea159416770e2"><title>HARDtalk</title><date>2022</date><icon src="https://staticqbr-nl-prod.prod.cdn.dmdsdp.com/image-service/ImagesEPG/EventImages/p242121_b_v8_ag.jpg"></icon><desc>Hard-hitting interviews with international political leaders, corporate decision makers and entertainers.</desc><category>Nieuws, Interview</category></programme><programme channel="lgi-nl-prod-master:NL_000040_020022" start="20221019040000 +0000" stop="20221019043000 +0000" catchup-id="crid:~~2F~~2Fgn.tv~~2F335785~~2FSH015082650000~~2F144858865,imi:a2408a223403921ff12a2a504eb85916f5eb41ed"><title>BBC World News</title><date></date><icon src="https://staticqbr-nl-prod.prod.cdn.dmdsdp.com/image-service/ImagesEPG/EventImages/p335785_b_v8_ad.jpg"></icon><desc>A closer look at international news reported from London and BBC correspondents from around the world.</desc><category>Nieuws</category></programme><programme channel="lgi-nl-prod-master:NL_000040_020022" start="20221019043000 +0000" stop="20221019050000 +0000" catchup-id="crid:~~2F~~2Fgn.tv~~2F23149409~~2FEP015411140097,imi:73d3d080d1fe707ee982807b6a084a67133b4caa"><title>World Business Report</title><date>2022</date><icon src="https://staticqbr-nl-prod.prod.cdn.dmdsdp.com/image-service/ImagesEPG/EventImages/p315416_b_v8_af.jpg"></icon><desc>The latest news from the business world with analysis and speculation, straight from the world's leading financial centres.</desc><category>Business &amp; Financial, Nieuws</category></programme><programme channel="lgi-nl-prod-master:NL_000040_020022" start="20221019050000 +0000" stop="20221019081500 +0000" catchup-id="crid:~~2F~~2Fgn.tv~~2F23141911~~2FEP012734843504,imi:e29557039074c6a81d114295a9bec1864c07b751"><title>Breakfast</title><date>2022</date><icon src="https://staticqbr-nl-prod.prod.cdn.dmdsdp.com/image-service/ImagesEPG/EventImages/p214496_b_v8_ad.jpg"></icon><desc>The BBC's Breakfast programme features the latest news, sport, business, weather and other items on a daily basis.</desc><category>Actualiteitenprogramma's, Weer</category></programme><programme channel="lgi-nl-prod-master:NL_000040_020022" start="20221019081500 +0000" stop="20221019090000 +0000" catchup-id="crid:~~2F~~2Fgn.tv~~2F23152462~~2FEP013529890366,imi:3d88edda31e97aecd4de9b68ae556b8fc9a20361"><title>Rip-Off Britain</title><date>2022</date><icon src="https://staticqbr-nl-prod.prod.cdn.dmdsdp.com/image-service/ImagesEPG/EventImages/p22049751_b_v11_aa.jpg"></icon><desc>Gloria Hunniford, Julia Somerville and Angela Rippon challenge the companies making it harder for their customers to deal with rising prices. Plus a team of experts answer more questions.</desc><category>Consumentenprogramma's, Documentaire</category></programme><programme channel="lgi-nl-prod-master:NL_000040_020022" start="20221019090000 +0000" stop="20221019094500 +0000" catchup-id="crid:~~2F~~2Fgn.tv~~2F23141923~~2FEP012836590274,imi:6ad091346ead77842f0f0f546cc3ca9397937b5c"><title>Crimewatch Live</title><date>2022</date><icon src="https://staticqbr-nl-prod.prod.cdn.dmdsdp.com/image-service/ImagesEPG/EventImages/p23036318_b_v8_ab.jpg"></icon><desc>Rav Wilding and Michelle Ackerley are live, asking for your help with unsolved cases. Reporter John-Paul Davies will be out and about with stories from across the UK.</desc><category>Misdaad, Nieuws, Actualiteit</category></programme><programme channel="lgi-nl-prod-master:NL_000040_020022" start="20221019094500 +0000" stop="20221019101500 +0000" catchup-id="crid:~~2F~~2Fgn.tv~~2F23151345~~2FEP033216540075,imi:0136d4c7efb100b211ef5ce8c309014adcef23eb"><title>Paramedics on Scene</title><date>2022</date><icon src="https://staticqbr-nl-prod.prod.cdn.dmdsdp.com/image-service/ImagesEPG/EventImages/p21895562_b_v12_ac.jpg"></icon><desc>In Dunfermline, Jason and Billy attend an unconscious man on a park bench. He is intoxicated but responds well to their treatment as he is transported to hospital. In Melrose, Mike and Christine attend a dementia patient who has fallen at home. The patient is agitated and confused, so the crew enlist the help of her family to piece together what happened. In Ayr, Natalie and Sean attend to an older patient who has fallen at home.</desc><category>Actualiteit, Medisch</category></programme><programme channel="lgi-nl-prod-master:NL_000040_020022" start="20221019101500 +0000" stop="20221019111500 +0000" catchup-id="crid:~~2F~~2Fgn.tv~~2F21679988~~2FEP012598221761,imi:6cf9538f28c72f1c3faadaefc41896659667803e"><title>Homes Under the Hammer</title><date>2022</date><icon src="https://staticqbr-nl-prod.prod.cdn.dmdsdp.com/image-service/ImagesEPG/EventImages/p21627668_b_v12_aa.jpg"></icon><desc>Martel is just outside Bradford to see a three-bed end terrace bought by a father-in-law and son-in-law developing duo. Tommy is in Dulwich, visiting a two bedroom garden flat on which a young developer is keen to make his mark. Jacqui is in Sipson, just beside Heathrow Airport, to see a two-bed ground-floor maisonette with a short lease and missing kitchen.</desc><category>Home &amp; Garden, Bouwen en verbouwen, Documentaire</category></programme><programme channel="lgi-nl-prod-master:NL_000040_020022" start="20221019111500 +0000" stop="20221019120000 +0000" catchup-id="crid:~~2F~~2Fgn.tv~~2F23150543~~2FEP012597992209,imi:930c4143603be5279b5114f69072f4c410d8a8e1"><title>Bargain Hunt</title><date>2022</date><icon src="https://staticqbr-nl-prod.prod.cdn.dmdsdp.com/image-service/ImagesEPG/EventImages/p22988604_b_v8_aa.jpg"></icon><desc>Christina Trevanion is in Carmarthenshire, where experts Philip Serrell and Charles Hanson advise the reds and blue teams as they battle it out in Llandeilo. Christina also heads to Laugharne and visits the home of celebrated writer Dylan Thomas.</desc><category>Spelshow, Verzamelen, Kunstnijverheid, Veiling</category></programme><programme channel="lgi-nl-prod-master:NL_000040_020022" start="20221019120000 +0000" stop="20221019123000 +0000" catchup-id="crid:~~2F~~2Fgn.tv~~2F8098024~~2FSH012596840000~~2F144858731,imi:c189cee8952bec9e8bd8fe550fe13738b8168b69"><title>BBC News at One</title><date></date><icon src="https://staticqbr-nl-prod.prod.cdn.dmdsdp.com/image-service/ImagesEPG/EventImages/p8098024_b_v8_ac.jpg"></icon><desc>The latest national and international news, followed by weather.</desc><category>Nieuws</category></programme><programme channel="lgi-nl-prod-master:NL_000040_020022" start="20221019123000 +0000" stop="20221019124500 +0000" catchup-id="crid:~~2F~~2Fgn.tv~~2F8379126~~2FSH013472250000~~2Fspecial,imi:5e43314a5488672a7e25fc83cf74ec55505c67d4"><title>This Is BBC One HD</title><date></date><icon src="https://staticqbr-nl-prod.prod.cdn.dmdsdp.com/image-service/ImagesEPG/EventImages/p8379126_b_v12_ac.jpg"></icon><desc>Please switch over to BBC One.</desc><category>Entertainment</category></programme><programme channel="lgi-nl-prod-master:NL_000040_020022" start="20221019124500 +0000" stop="20221019131500 +0000" catchup-id="crid:~~2F~~2Fgn.tv~~2F23141933~~2FEP012608883479,imi:01f29534780d48234eb826f7b7bcb7fe8636fffd"><title>Doctors</title><date>2022</date><icon src="https://staticqbr-nl-prod.prod.cdn.dmdsdp.com/image-service/ImagesEPG/EventImages/p21573738_b_v8_aa.jpg"></icon><desc>Sid has a day from hell that seems never to end.</desc><category>Dramaseries, Soap, Medisch</category></programme><programme channel="lgi-nl-prod-master:NL_000040_020022" start="20221019131500 +0000" stop="20221019140000 +0000" catchup-id="crid:~~2F~~2Fgn.tv~~2F22287026~~2FEP031640430013,imi:7d50d44ff1eab51d37200d9a4971e42cf79240fe"><title>London Kills</title><date>2022</date><icon src="https://staticqbr-nl-prod.prod.cdn.dmdsdp.com/image-service/ImagesEPG/EventImages/p22287016_b_v12_aa.jpg"></icon><desc>After a locksmith's murder, Billie recognises the victim, and the investigation forces her to wrestle with her personal and professional ethics; Vivienne pleads with her ex-husband to do the right thing, but he fears they're both in danger.</desc><category>Misdaad, Misdaaddrama</category></programme><programme channel="lgi-nl-prod-master:NL_000040_020022" start="20221019140000 +0000" stop="20221019144500 +0000" catchup-id="crid:~~2F~~2Fgn.tv~~2F18182162~~2FEP012595501426,imi:e22d4c75ade04b8a9147eb7b75c3f0f06937570f"><title>Escape to the Country</title><date>2020</date><icon src="https://staticqbr-nl-prod.prod.cdn.dmdsdp.com/image-service/ImagesEPG/EventImages/p17702071_b_v12_aa.jpg"></icon><desc>A house-hunting couple are looking to relocate to the Somerset countryside. They have a budget of £700,000 to find a rural home for their young family with enough land for animals and a glamping site. Away from the house hunt, presenter Alistair Appleton gets stuck in to some cheddar cheesemaking, in the county where it originated.</desc><category>Home &amp; Garden, Bouwen en verbouwen, Business &amp; Financial</category></programme><programme channel="lgi-nl-prod-master:NL_000040_020022" start="20221019144500 +0000" stop="20221019153000 +0000" catchup-id="crid:~~2F~~2Fgn.tv~~2F21315202~~2FEP013026900792,imi:4c81d6b7ee38c7c70d1b27a04cb3faf40e793e39"><title>Antiques Road Trip</title><date>2022</date><icon src="https://staticqbr-nl-prod.prod.cdn.dmdsdp.com/image-service/ImagesEPG/EventImages/p21234819_b_v8_aa.jpg"></icon><desc>It's the third leg of the trip with all-singing, all-dancing antiques experts Izzie Balmer and David Harper. Bristolian Izzie and David from Barnard Castle are making their way around Edinburgh and the surrounding towns in a retro Mini.</desc><category>Verzamelen, Beeldende kunst</category></programme><programme channel="lgi-nl-prod-master:NL_000040_020022" start="20221019153000 +0000" stop="20221019161500 +0000" catchup-id="crid:~~2F~~2Fgn.tv~~2F23142025~~2FEP040741890047,imi:c2e7459c311538f325432e303465e1cceed7129c"><title>The Tournament</title><date>2022</date><icon src="https://staticqbr-nl-prod.prod.cdn.dmdsdp.com/image-service/ImagesEPG/EventImages/p22939038_b_v12_aa.jpg"></icon><desc>Eight contestants compete in a series of fast-paced quiz battles in an attempt to eliminate their opponents from the day's game and walk away with a cash prize.</desc><category>Spelshow</category></programme><programme channel="lgi-nl-prod-master:NL_000040_020022" start="20221019161500 +0000" stop="20221019170000 +0000" catchup-id="crid:~~2F~~2Fgn.tv~~2F23141990~~2FEP013207651549,imi:716b69ac54f41847e66aeca669761a593cf2e30b"><title>Pointless</title><date>2022</date><icon src="https://staticqbr-nl-prod.prod.cdn.dmdsdp.com/image-service/ImagesEPG/EventImages/p22901522_b_v12_aa.jpg"></icon><desc>A twist on the classic quiz show formula, contestants search through the depths of their knowledge in an attempt to score as few points as possible.</desc><category>Spelshow, Entertainment</category></programme><programme channel="lgi-nl-prod-master:NL_000040_020022" start="20221019170000 +0000" stop="20221019173000 +0000" catchup-id="crid:~~2F~~2Fgn.tv~~2F8098031~~2FSH012596860000~~2F144858739,imi:e5671b607d7db68a03eae164a25b386fff869ebb"><title>BBC News at Six</title><date></date><icon src="https://staticqbr-nl-prod.prod.cdn.dmdsdp.com/image-service/ImagesEPG/EventImages/p8098031_b_v8_ad.jpg"></icon><desc>The latest national and international news stories from the BBC News team, followed by weather.</desc><category>Nieuws</category></programme><programme channel="lgi-nl-prod-master:NL_000040_020022" start="20221019173000 +0000" stop="20221019175500 +0000" catchup-id="crid:~~2F~~2Fgn.tv~~2F8379126~~2FSH013472250000~~2Fspecial,imi:836ec1c79d248973da66d1b0ccd48e16425f2f50"><title>This Is BBC One HD</title><date></date><icon src="https://staticqbr-nl-prod.prod.cdn.dmdsdp.com/image-service/ImagesEPG/EventImages/p8379126_b_v12_ac.jpg"></icon><desc>Please switch over to BBC One.</desc><category>Entertainment</category></programme><programme channel="lgi-nl-prod-master:NL_000040_020022" start="20221019175500 +0000" stop="20221019180000 +0000" catchup-id="crid:~~2F~~2Fgn.tv~~2F23151373~~2FEP013286270606,imi:1106b74653289342308cbf785d4c79f0b51c8656"><title>Party Political Broadcast</title><date>2022</date><icon src="https://staticqbr-nl-prod.prod.cdn.dmdsdp.com/image-service/ImagesEPG/EventImages/p849531_b_v11_ad.jpg"></icon><desc>A party political broadcast by the Liberal Democrats.</desc><category>Politiek</category></programme><programme channel="lgi-nl-prod-master:NL_000040_020022" start="20221019180000 +0000" stop="20221019183000 +0000" catchup-id="crid:~~2F~~2Fgn.tv~~2F23142011~~2FEP012588942879,imi:c529d96264beffd476a4501a399d3df9be2a5da9"><title>The One Show</title><date>2022</date><icon src="https://staticqbr-nl-prod.prod.cdn.dmdsdp.com/image-service/ImagesEPG/EventImages/p8096947_b_v12_ae.jpg"></icon><desc>Alex Jones and Jermaine Jenas present stories that matter from across the country.</desc><category>Actualiteitenprogramma's, Interview, Nieuws</category></programme><programme channel="lgi-nl-prod-master:NL_000040_020022" start="20221019183000 +0000" stop="20221019190000 +0000" catchup-id="crid:~~2F~~2Fgn.tv~~2F23141944~~2FEP012584116634,imi:576b2b3634d25c2b5957fac11f0046eabf5b534f"><title>EastEnders</title><date>2022</date><icon src="https://staticqbr-nl-prod.prod.cdn.dmdsdp.com/image-service/ImagesEPG/EventImages/p21234957_b_v8_ad.jpg"></icon><desc>An upsetting revelation rocks Denise, Vinny and Ash are shaken to their cores, and Jay and Lola are in hot water with Lexi.</desc><category>Dramaseries, Soap</category></programme><programme channel="lgi-nl-prod-master:NL_000040_020022" start="20221019190000 +0000" stop="20221019200000 +0000" catchup-id="crid:~~2F~~2Fgn.tv~~2F18161263~~2FEP026433150169,imi:4c10ac53aec0db6d03773d09f9396618e4b4d2a8"><title>The Repair Shop</title><date>2020</date><icon src="https://staticqbr-nl-prod.prod.cdn.dmdsdp.com/image-service/ImagesEPG/EventImages/p18064608_b_v11_aa.jpg"></icon><desc>First in to see mechanical expert Steve Fletcher is Suzanne Richeux from London. She brings an enchanting trinket belonging to her late mother, who was a world-famous trapeze artist. The decorative cage contains ornamental birds that, when wound up, would sing and flutter. Suzanne remembers being mesmerized by it when her mother wound it for her and her sister at bedtime most evenings.</desc><category>Reality, Doe-het-zelf, Kunstnijverheid</category></programme><programme channel="lgi-nl-prod-master:NL_000040_020022" start="20221019200000 +0000" stop="20221019203000 +0000" catchup-id="crid:~~2F~~2Fgn.tv~~2F23104232~~2FEP044742100005,imi:51e3b6ce81955200c6c18c240b8eda42ae2b9035"><title>Ralph &amp; Katie</title><date>2022</date><icon src="https://staticqbr-nl-prod.prod.cdn.dmdsdp.com/image-service/ImagesEPG/EventImages/p23046674_b_v12_aa.jpg"></icon><desc>An unexpected health problem for Ralph prompts him and Katie to think about the future. Danny and Emma also make some big decisions.</desc><category>Dramaseries</category></programme><programme channel="lgi-nl-prod-master:NL_000040_020022" start="20221019203000 +0000" stop="20221019210000 +0000" catchup-id="crid:~~2F~~2Fgn.tv~~2F23104302~~2FEP044742100006,imi:105ba6df832ff175cd9e4aefac2cc7bff4c906a1"><title>Ralph &amp; Katie</title><date>2022</date><icon src="https://staticqbr-nl-prod.prod.cdn.dmdsdp.com/image-service/ImagesEPG/EventImages/p23046674_b_v12_aa.jpg"></icon><desc>It's Christmas, and Ralph and Katie realise they're double booked. As a family row ensues, can they ever find some peace? Danny has a Christmas heart-to-heart with Tom.</desc><category>Dramaseries</category></programme><programme channel="lgi-nl-prod-master:NL_000040_020022" start="20221019210000 +0000" stop="20221019213000 +0000" catchup-id="crid:~~2F~~2Fgn.tv~~2F8098033~~2FSH012596880000~~2F144858747,imi:fd17b35b846a11f1f37c7783b051aefe716acbbb"><title>BBC News at Ten</title><date></date><icon src="https://staticqbr-nl-prod.prod.cdn.dmdsdp.com/image-service/ImagesEPG/EventImages/p8098033_b_v8_ad.jpg"></icon><desc>The latest national and international news, with reports from BBC correspondents worldwide.</desc><category>Nieuws</category></programme><programme channel="lgi-nl-prod-master:NL_000040_020022" start="20221019213000 +0000" stop="20221019214000 +0000" catchup-id="crid:~~2F~~2Fgn.tv~~2F8379126~~2FSH013472250000~~2Fspecial,imi:4889765a0fef662d800f110b8d06fc603de156cb"><title>This Is BBC One HD</title><date></date><icon src="https://staticqbr-nl-prod.prod.cdn.dmdsdp.com/image-service/ImagesEPG/EventImages/p8379126_b_v12_ac.jpg"></icon><desc>Please switch over to BBC One.</desc><category>Entertainment</category></programme><programme channel="lgi-nl-prod-master:NL_000040_020022" start="20221019214000 +0000" stop="20221019230500 +0000" catchup-id="crid:~~2F~~2Fgn.tv~~2F23151235~~2FEP012614111055,imi:73ca9db550ce458f8733a421c24b837baff7d23a"><title>Match of the Day</title><date>2022</date><icon src="https://staticqbr-nl-prod.prod.cdn.dmdsdp.com/image-service/ImagesEPG/EventImages/p8104966_b_v8_aj.jpg"></icon><desc>A bonus midweek feast of Premier League highlights includes the clash between Manchester United and Tottenham at Old Trafford and West Ham's trip to Liverpool. A west London derby sees Brentford host Chelsea, having thrashed the Blues 4-1 when the teams last met in April. Meanwhile, Everton travelled to Newcastle, and Bournemouth hosted south coast rivals Southampton.</desc><category>Sport, Voetbal, Sporttalkshow</category></programme>