<programme channel="lgi-nl-prod-master:NL_000099_019256" start="20221018230000 +0000" stop="20221018233000 +0000" catchup-id="crid:~~2F~~2Fgn.tv~~2F21254121~~2FEP036046020038,imi:137b13ee230cf0babbdf6bd578b60976d9590c6f"><title>Classic Tennis</title><date>2021</date><icon src="https://staticqbr-nl-prod.prod.cdn.dmdsdp.com/image-service/ImagesEPG/EventImages/p8809962_b_v8_aa.jpg"></icon><desc></desc><category>Sport, Tennis</category></programme><programme channel="lgi-nl-prod-master:NL_000099_019256" start="20221018233000 +0000" stop="20221019000000 +0000" catchup-id="crid:~~2F~~2Fgn.tv~~2F21337592~~2FEP036046020039,imi:70195fa4d1c9e582030ee4f313fe30df97b37c4a"><title>Classic Tennis</title><date></date><icon src="https://staticqbr-nl-prod.prod.cdn.dmdsdp.com/image-service/ImagesEPG/EventImages/p8809962_b_v8_aa.jpg"></icon><desc></desc><category>Sport, Tennis</category></programme><programme channel="lgi-nl-prod-master:NL_000099_019256" start="20221019000000 +0000" stop="20221019040000 +0000" catchup-id="crid:~~2F~~2Fgn.tv~~2F23114058~~2FEP029491281214,imi:bc1634ad809952b49cc69200c7a8d30341c38515"><title>WTA Tennis</title><date>2022</date><icon src="https://staticqbr-nl-prod.prod.cdn.dmdsdp.com/image-service/ImagesEPG/EventImages/p986279_b_v8_bc.jpg"></icon><desc>Verslag van de tweede dag op het Guadalajara Open Akron gespeeld in de WTA Tour 1000 in Guadalajara, Mexico.</desc><category>Sport, Tennis</category></programme><programme channel="lgi-nl-prod-master:NL_000099_019256" start="20221019040000 +0000" stop="20221019050000 +0000" catchup-id="crid:~~2F~~2Fgn.tv~~2F22774659~~2FEP044218900001,imi:a809390f472224c606df97090bccdcd457291a16"><title>Tennis Legends</title><date>2022</date><icon src="https://staticqbr-nl-prod.prod.cdn.dmdsdp.com/image-service/ImagesEPG/EventImages/p22774658_b_v11_aa.jpg"></icon><desc>Portretten van de grootste tennis legendes.</desc><category>Sport, Tennis</category></programme><programme channel="lgi-nl-prod-master:NL_000099_019256" start="20221019050000 +0000" stop="20221019070000 +0000" catchup-id="crid:~~2F~~2Fgn.tv~~2F23113921~~2FEP028685231742,imi:f99b7a91c5811e6951d6828662e80c30b0906bdd"><title>ATP Tennis</title><date>2022</date><icon src="https://staticqbr-nl-prod.prod.cdn.dmdsdp.com/image-service/ImagesEPG/EventImages/p554508_b_v12_bb.jpg"></icon><desc>Verslag van de tweede dag op de Stockholm Open, gespeeld in de ATP Tour 250 in Stockholm, Zweden.</desc><category>Sport, Tennis</category></programme><programme channel="lgi-nl-prod-master:NL_000099_019256" start="20221019070000 +0000" stop="20221019090100 +0000" catchup-id="crid:~~2F~~2Fgn.tv~~2F23113999~~2FEP029491281209,imi:558b9a45c6e8f850ae564b5354ef07bfe6c103f0"><title>WTA Tennis</title><date>2022</date><icon src="https://staticqbr-nl-prod.prod.cdn.dmdsdp.com/image-service/ImagesEPG/EventImages/p986279_b_v8_bc.jpg"></icon><desc>Verslag van de tweede dag op het Guadalajara Open Akron gespeeld in de WTA Tour 1000 in Guadalajara, Mexico.</desc><category>Sport, Tennis</category></programme><programme channel="lgi-nl-prod-master:NL_000099_019256" start="20221019090100 +0000" stop="20221019110000 +0000" catchup-id="crid:~~2F~~2Fgn.tv~~2F23113899~~2FEP028685231739,imi:c99ec4d724e32a6d5ad032173f1fb1dd06750732"><title>ATP Tennis</title><date>2022</date><icon src="https://staticqbr-nl-prod.prod.cdn.dmdsdp.com/image-service/ImagesEPG/EventImages/p554508_b_v12_bb.jpg"></icon><desc>Verslag van de derde dag op de Tennis Napoli Open, gespeeld in de ATP Tour 250 in Napels, Italië.</desc><category>Sport, Tennis</category></programme><programme channel="lgi-nl-prod-master:NL_000099_019256" start="20221019110000 +0000" stop="20221019150000 +0000" catchup-id="crid:~~2F~~2Fgn.tv~~2F23113929~~2FEP028685231743,imi:b97756f9dbaf0f52dcdd8dbb4751a0dc66e8944c"><title>ATP Tennis</title><date>2022</date><icon src="https://staticqbr-nl-prod.prod.cdn.dmdsdp.com/image-service/ImagesEPG/EventImages/p554508_b_v12_bb.jpg"></icon><desc>Verslag van de derde dag op de Stockholm Open, gespeeld in de ATP Tour 250 in Stockholm, Zweden.</desc><category>Sport, Tennis</category></programme><programme channel="lgi-nl-prod-master:NL_000099_019256" start="20221019150000 +0000" stop="20221019160000 +0000" catchup-id="crid:~~2F~~2Fgn.tv~~2F22774679~~2FEP044218900004,imi:d250255addc02292bf17f92466cfebbde85e1c5f"><title>Tennis Legends</title><date>2022</date><icon src="https://staticqbr-nl-prod.prod.cdn.dmdsdp.com/image-service/ImagesEPG/EventImages/p22774658_b_v11_aa.jpg"></icon><desc>Portretten van de grootste tennis legendes.</desc><category>Sport, Tennis</category></programme><programme channel="lgi-nl-prod-master:NL_000099_019256" start="20221019160000 +0000" stop="20221019200000 +0000" catchup-id="crid:~~2F~~2Fgn.tv~~2F23114006~~2FEP029491281210,imi:47528858e56e6741cda056d5652bd9c606dc89a0"><title>WTA Tennis</title><date>2022</date><icon src="https://staticqbr-nl-prod.prod.cdn.dmdsdp.com/image-service/ImagesEPG/EventImages/p986279_b_v8_bc.jpg"></icon><desc>Verslag van de derde dag op het Guadalajara Open Akron, gespeeld in de WTA Tour 1000 in Guadalajara, Mexico.</desc><category>Sport, Tennis</category></programme><programme channel="lgi-nl-prod-master:NL_000099_019256" start="20221019200000 +0000" stop="20221019203000 +0000" catchup-id="crid:~~2F~~2Fgn.tv~~2F19969268~~2FEP036046020018,imi:cf60824ebeeabbebe245613df34b61b874af212c"><title>Classic Tennis</title><date>2021</date><icon src="https://staticqbr-nl-prod.prod.cdn.dmdsdp.com/image-service/ImagesEPG/EventImages/p8809962_b_v8_aa.jpg"></icon><desc></desc><category>Sport, Tennis</category></programme><programme channel="lgi-nl-prod-master:NL_000099_019256" start="20221019203000 +0000" stop="20221019210000 +0000" catchup-id="crid:~~2F~~2Fgn.tv~~2F19873315~~2FEP036046020016,imi:5826faaf963c1815501c784430b87b42a6ee35f5"><title>Classic Tennis</title><date>2021</date><icon src="https://staticqbr-nl-prod.prod.cdn.dmdsdp.com/image-service/ImagesEPG/EventImages/p8809962_b_v8_aa.jpg"></icon><desc></desc><category>Sport, Tennis</category></programme><programme channel="lgi-nl-prod-master:NL_000099_019256" start="20221019210000 +0000" stop="20221019230000 +0000" catchup-id="crid:~~2F~~2Fgn.tv~~2F23114064~~2FEP029491281215,imi:8ca2a29642708d4db5adfe0d00dcede079dbee25"><title>WTA Tennis</title><date>2022</date><icon src="https://staticqbr-nl-prod.prod.cdn.dmdsdp.com/image-service/ImagesEPG/EventImages/p986279_b_v8_bc.jpg"></icon><desc>Verslag van de derde dag op het Guadalajara Open Akron, gespeeld in de WTA Tour 1000 in Guadalajara, Mexico.</desc><category>Sport, Tennis</category></programme>