<programme channel="lgi-nl-prod-master:NL_000175_019312" start="20221019221500 +0000" stop="20221019224300 +0000" catchup-id="crid:~~2F~~2Fgn.tv~~2F18650943~~2FMV014397830000,imi:1b7a105d43dba1ac99440fda2a7b3d47f8b7d039"><title>M... Esmees Eerste S...film</title><date>2017</date><icon src="https://staticqbr-nl-prod.prod.cdn.dmdsdp.com/image-service/ImagesEPG/EventImages/g40_v8_ab.jpg"></icon><desc>Esmee heeft twee kinderen en een carrière achter de rug en is toe aan iets nieuws. Porno.</desc><category>Erotiek, Film, Erotisch</category></programme><programme channel="lgi-nl-prod-master:NL_000175_019312" start="20221019224300 +0000" stop="20221019230400 +0000" catchup-id="crid:~~2F~~2Fgn.tv~~2F18636595~~2FMV014380820000,imi:b28eb92479fdc74b22337b2c5ac7bef0835fefbe"><title>Sasha en Chris doen 't in de duinen</title><date>2018</date><icon src="https://staticqbr-nl-prod.prod.cdn.dmdsdp.com/image-service/ImagesEPG/EventImages/g40_v8_ab.jpg"></icon><desc>Sasha en Chris hebben lekker een dagje vrij samen. Chris kan niet wachten om een verfrissende duik te nemen, voordat hij Sasha haar exotische lijf eens lustig onder handen zal nemen.</desc><category>Erotiek, Film, Erotisch</category></programme>