<programme channel="lgi-nl-prod-master:NL_000096_019382" start="20221018220000 +0000" stop="20221019010000 +0000" catchup-id="crid:~~2F~~2Fgn.tv~~2F22873810~~2FEP040907080141,imi:68039d923ac1d532e3fd175982b087ecca87386c"><title>PGA European Tour</title><date>2022</date><icon src="https://staticqbr-nl-prod.prod.cdn.dmdsdp.com/image-service/ImagesEPG/EventImages/p20993758_b_v12_ao.jpg"></icon><desc>Verslag van de vierde dag van de Estrella Damm N.A. Andalucia Masters, gespeeld in Cádiz, Spanje.</desc><category>Sport, Golf</category></programme><programme channel="lgi-nl-prod-master:NL_000096_019382" start="20221019010000 +0000" stop="20221019020000 +0000" catchup-id="crid:~~2F~~2Fgn.tv~~2F23060171~~2FEP033946760063,imi:e23a3630a2228301f5471aa8f5984f843be4c218"><title>PGA Tour</title><date>2022</date><icon src="https://staticqbr-nl-prod.prod.cdn.dmdsdp.com/image-service/ImagesEPG/EventImages/p21322502_b_v8_ah.jpg"></icon><desc>Hoogtepunten de Shriners Children's Open, gespeeld in de PGA Tour.</desc><category>Sport, Golf</category></programme><programme channel="lgi-nl-prod-master:NL_000096_019382" start="20221019020000 +0000" stop="20221019050000 +0000" catchup-id="crid:~~2F~~2Fgn.tv~~2F22873810~~2FEP040907080141,imi:c5d4aef5a5c58880f0d3ace3723709d1d54d423a"><title>PGA European Tour</title><date>2022</date><icon src="https://staticqbr-nl-prod.prod.cdn.dmdsdp.com/image-service/ImagesEPG/EventImages/p20993758_b_v12_ao.jpg"></icon><desc>Verslag van de vierde dag van de Estrella Damm N.A. Andalucia Masters, gespeeld in Cádiz, Spanje.</desc><category>Sport, Golf</category></programme><programme channel="lgi-nl-prod-master:NL_000096_019382" start="20221019050000 +0000" stop="20221019060000 +0000" catchup-id="crid:~~2F~~2Fgn.tv~~2F23060171~~2FEP033946760063,imi:1c2664f5cdc05b2412d80f4abaede32263854cec"><title>PGA Tour</title><date>2022</date><icon src="https://staticqbr-nl-prod.prod.cdn.dmdsdp.com/image-service/ImagesEPG/EventImages/p21322502_b_v8_ah.jpg"></icon><desc>Hoogtepunten de Shriners Children's Open, gespeeld in de PGA Tour.</desc><category>Sport, Golf</category></programme><programme channel="lgi-nl-prod-master:NL_000096_019382" start="20221019060000 +0000" stop="20221019070000 +0000" catchup-id="crid:~~2F~~2Fgn.tv~~2F23060224~~2FEP036138130030,imi:d06fa12a3a3a690370a00bfd87950459752182c8"><title>PGA Champions Tour Hoogtepunten</title><date>2022</date><icon src="https://staticqbr-nl-prod.prod.cdn.dmdsdp.com/image-service/ImagesEPG/EventImages/p18780283_b_v11_aa.jpg"></icon><desc>Hoogtepunten van de Constellation Furyk &amp; Friends, gespeeld in de PGA Tour Champions.</desc><category>Sport, Golf</category></programme><programme channel="lgi-nl-prod-master:NL_000096_019382" start="20221019070000 +0000" stop="20221019073000 +0000" catchup-id="crid:~~2F~~2Fgn.tv~~2F23060163~~2FEP036193090112,imi:4c590080a8dae6223f11ef453acda571bb6abe13"><title>PGA European Tour</title><date>2022</date><icon src="https://staticqbr-nl-prod.prod.cdn.dmdsdp.com/image-service/ImagesEPG/EventImages/p21453819_b_v11_aa.jpg"></icon><desc>Hoogtepunten van de Acciona Open de España, gespeeld in de European Tour van 2022.</desc><category>Sport, Golf</category></programme><programme channel="lgi-nl-prod-master:NL_000096_019382" start="20221019073000 +0000" stop="20221019080000 +0000" catchup-id="crid:~~2F~~2Fgn.tv~~2F22861919~~2FEP038979220037,imi:cee3ee7f085f5616b710f1cc76b280a9cc919985"><title>Challenge Tour Series</title><date>2022</date><icon src="https://staticqbr-nl-prod.prod.cdn.dmdsdp.com/image-service/ImagesEPG/EventImages/p616572_b_v7_ab.jpg"></icon><desc>Hoogtepunten van de British Challenge, gespeeld in de Challenge Tour.</desc><category>Sport, Golf</category></programme><programme channel="lgi-nl-prod-master:NL_000096_019382" start="20221019080000 +0000" stop="20221019090000 +0000" catchup-id="crid:~~2F~~2Fgn.tv~~2F23060171~~2FEP033946760063,imi:92e193b948cabefe3ffac6f363f3f4f7059b32ae"><title>PGA Tour</title><date>2022</date><icon src="https://staticqbr-nl-prod.prod.cdn.dmdsdp.com/image-service/ImagesEPG/EventImages/p21322502_b_v8_ah.jpg"></icon><desc>Hoogtepunten de Shriners Children's Open, gespeeld in de PGA Tour.</desc><category>Sport, Golf</category></programme><programme channel="lgi-nl-prod-master:NL_000096_019382" start="20221019090000 +0000" stop="20221019120000 +0000" catchup-id="crid:~~2F~~2Fgn.tv~~2F22873803~~2FEP040907080140,imi:23bd2cc62c9a91163aa685b7c0ef4ca59ff61656"><title>PGA European Tour</title><date>2022</date><icon src="https://staticqbr-nl-prod.prod.cdn.dmdsdp.com/image-service/ImagesEPG/EventImages/p20993758_b_v12_ao.jpg"></icon><desc>Verslag van de derde dag van de Estrella Damm N.A. Andalucia Masters, gespeeld in Cádiz, Spanje.</desc><category>Sport, Golf</category></programme><programme channel="lgi-nl-prod-master:NL_000096_019382" start="20221019120000 +0000" stop="20221019150000 +0000" catchup-id="crid:~~2F~~2Fgn.tv~~2F22873810~~2FEP040907080141,imi:c7426ca440c48d49da966a1b4d18f81aa328e26a"><title>PGA European Tour</title><date>2022</date><icon src="https://staticqbr-nl-prod.prod.cdn.dmdsdp.com/image-service/ImagesEPG/EventImages/p20993758_b_v12_ao.jpg"></icon><desc>Verslag van de vierde dag van de Estrella Damm N.A. Andalucia Masters, gespeeld in Cádiz, Spanje.</desc><category>Sport, Golf</category></programme><programme channel="lgi-nl-prod-master:NL_000096_019382" start="20221019150000 +0000" stop="20221019153000 +0000" catchup-id="crid:~~2F~~2Fgn.tv~~2F22913171~~2FEP036113230108,imi:d743fe6cfcd636c77cc2474646ec54318190f590"><title>PGA Tour - The Cut</title><date>2022</date><icon src="https://staticqbr-nl-prod.prod.cdn.dmdsdp.com/image-service/ImagesEPG/EventImages/p21055126_b_v12_ac.jpg"></icon><desc>Golfmagazine met het laatste nieuws en achtergronden uit de US PGA Tour.</desc><category>Sport, Golf</category></programme><programme channel="lgi-nl-prod-master:NL_000096_019382" start="20221019153000 +0000" stop="20221019160000 +0000" catchup-id="crid:~~2F~~2Fgn.tv~~2F23114501~~2FEP036193090114,imi:a38f7db00128e16a00d1867b77cec6fe8869d0aa"><title>PGA European Tour</title><date>2022</date><icon src="https://staticqbr-nl-prod.prod.cdn.dmdsdp.com/image-service/ImagesEPG/EventImages/p21453819_b_v11_aa.jpg"></icon><desc>Hoogtepunten van de Estrella Damm N.A. Andalucia Masters, gespeeld in de European Tour van 2022.</desc><category>Sport, Golf</category></programme><programme channel="lgi-nl-prod-master:NL_000096_019382" start="20221019160000 +0000" stop="20221019170000 +0000" catchup-id="crid:~~2F~~2Fgn.tv~~2F23114553~~2FEP036138130033,imi:6767af7407b3d6075c84b4c7689e4b07f0d56627"><title>PGA Champions Tour Hoogtepunten</title><date>2022</date><icon src="https://staticqbr-nl-prod.prod.cdn.dmdsdp.com/image-service/ImagesEPG/EventImages/p18780283_b_v11_aa.jpg"></icon><desc>Hoogtepunten van de SAS Championship, gespeeld in de PGA Tour Champions.</desc><category>Sport, Golf</category></programme><programme channel="lgi-nl-prod-master:NL_000096_019382" start="20221019170000 +0000" stop="20221019180000 +0000" catchup-id="crid:~~2F~~2Fgn.tv~~2F23114484~~2FEP033946760064,imi:d2628ad392f78612fa5b8c60712b9ccda5069737"><title>PGA Tour</title><date>2022</date><icon src="https://staticqbr-nl-prod.prod.cdn.dmdsdp.com/image-service/ImagesEPG/EventImages/p21322502_b_v8_ah.jpg"></icon><desc>Hoogtepunten van 'The ZOZO Championship', onderdeel van de prestigieuze PGA Tour.</desc><category>Sport, Golf</category></programme><programme channel="lgi-nl-prod-master:NL_000096_019382" start="20221019180000 +0000" stop="20221019183000 +0000" catchup-id="crid:~~2F~~2Fgn.tv~~2F22913171~~2FEP036113230108,imi:863a38e87e19b821d8dc15472311ea4e9b9955b9"><title>PGA Tour - The Cut</title><date>2022</date><icon src="https://staticqbr-nl-prod.prod.cdn.dmdsdp.com/image-service/ImagesEPG/EventImages/p21055126_b_v12_ac.jpg"></icon><desc>Golfmagazine met het laatste nieuws en achtergronden uit de US PGA Tour.</desc><category>Sport, Golf</category></programme><programme channel="lgi-nl-prod-master:NL_000096_019382" start="20221019183000 +0000" stop="20221019190000 +0000" catchup-id="crid:~~2F~~2Fgn.tv~~2F23114501~~2FEP036193090114,imi:cbe3bc7a49c75b72c258821684d9b46e82e49674"><title>PGA European Tour</title><date>2022</date><icon src="https://staticqbr-nl-prod.prod.cdn.dmdsdp.com/image-service/ImagesEPG/EventImages/p21453819_b_v11_aa.jpg"></icon><desc>Hoogtepunten van de Estrella Damm N.A. Andalucia Masters, gespeeld in de European Tour van 2022.</desc><category>Sport, Golf</category></programme><programme channel="lgi-nl-prod-master:NL_000096_019382" start="20221019190000 +0000" stop="20221019200000 +0000" catchup-id="crid:~~2F~~2Fgn.tv~~2F23114553~~2FEP036138130033,imi:cf48dba8c5ff4e50d0a8cc8622cfe26db7bc9bca"><title>PGA Champions Tour Hoogtepunten</title><date>2022</date><icon src="https://staticqbr-nl-prod.prod.cdn.dmdsdp.com/image-service/ImagesEPG/EventImages/p18780283_b_v11_aa.jpg"></icon><desc>Hoogtepunten van de SAS Championship, gespeeld in de PGA Tour Champions.</desc><category>Sport, Golf</category></programme><programme channel="lgi-nl-prod-master:NL_000096_019382" start="20221019200000 +0000" stop="20221019210000 +0000" catchup-id="crid:~~2F~~2Fgn.tv~~2F23114484~~2FEP033946760064,imi:6590eba43d82534dde4f9e5c04d8a6c48bc02c48"><title>PGA Tour</title><date>2022</date><icon src="https://staticqbr-nl-prod.prod.cdn.dmdsdp.com/image-service/ImagesEPG/EventImages/p21322502_b_v8_ah.jpg"></icon><desc>Hoogtepunten van 'The ZOZO Championship', onderdeel van de prestigieuze PGA Tour.</desc><category>Sport, Golf</category></programme><programme channel="lgi-nl-prod-master:NL_000096_019382" start="20221019210000 +0000" stop="20221020000000 +0000" catchup-id="crid:~~2F~~2Fgn.tv~~2F22820679~~2FEP040907080136,imi:2e930662b6d6051fc46ad576db42228a7ecc3a51"><title>PGA European Tour</title><date>2022</date><icon src="https://staticqbr-nl-prod.prod.cdn.dmdsdp.com/image-service/ImagesEPG/EventImages/p20993758_b_v12_ao.jpg"></icon><desc>Verslag van de derde dag van het Acciona Open de España, gespeeld in Madrid, Spanje.</desc><category>Sport, Golf</category></programme>