<programme channel="lgi-nl-prod-master:NL_000031_019362" start="20221019220000 +0000" stop="20221019222600 +0000" catchup-id="crid:~~2F~~2Fgn.tv~~2F23124126~~2FEP023120351455,imi:afeb3d5d509f77b58d3adfbd1d07090eff2df3d9"><title>Thuis</title><date>2022</date><icon src="https://staticqbr-nl-prod.prod.cdn.dmdsdp.com/image-service/ImagesEPG/EventImages/p22781367_b_v8_aa.jpg"></icon><desc>Viv laat Thilly weten wat er van haar verwacht wordt op het trouwfeest van Adil en Christine. Frank en Simonne krijgen een zeer belangrijke uitnodiging. Tom vertelt trots dat hij een nieuwe, grote cliënt heeft binnengehaald.</desc><category>Soap, Entertainment</category></programme><programme channel="lgi-nl-prod-master:NL_000031_019362" start="20221019222600 +0000" stop="20221019222700 +0000" catchup-id="crid:~~2F~~2Fgn.tv~~2F23124216~~2FEP032303520122,imi:e4fd6fd02f0e4954a9e287b5b6ffd18f87e82074"><title>Winst joker+ / lotto</title><date>2022</date><icon src="https://staticqbr-nl-prod.prod.cdn.dmdsdp.com/image-service/ImagesEPG/EventImages/p21276801_b_v8_aa.jpg"></icon><desc>Winst joker+ / lotto.</desc><category>Spelshow</category></programme><programme channel="lgi-nl-prod-master:NL_000031_019362" start="20221019222700 +0000" stop="20221019222800 +0000" catchup-id="crid:~~2F~~2Fgn.tv~~2F23124222~~2FEP032302520407,imi:3a66dc26ee7876ff6576125be13f3fe48e010da3"><title>Keno</title><date>2022</date><icon src="https://staticqbr-nl-prod.prod.cdn.dmdsdp.com/image-service/ImagesEPG/EventImages/p21260603_b_v11_aa.jpg"></icon><desc>Spelprogramma dat wordt georganiseerd door de Nationale Loterij. Mensen maken vaak kans op enorme geldprijzen.</desc><category>Spelshow, Entertainment</category></programme><programme channel="lgi-nl-prod-master:NL_000031_019362" start="20221019222800 +0000" stop="20221019223000 +0000" catchup-id="crid:~~2F~~2Fgn.tv~~2F23124228~~2FEP044581140013,imi:6e1d6c4ebc5b750874d00d6de5add92971b92234"><title>Euromillions winstverdeling</title><date>2022</date><icon src="https://staticqbr-nl-prod.prod.cdn.dmdsdp.com/image-service/ImagesEPG/EventImages/p22958597_b_v8_aa.jpg"></icon><desc>Een uitzending van de uitslagen en de winstverdeling van de Euromillions loterij.</desc><category>Entertainment</category></programme><programme channel="lgi-nl-prod-master:NL_000031_019362" start="20221019223000 +0000" stop="20221019224500 +0000" catchup-id="crid:~~2F~~2Fgn.tv~~2F23124097~~2FEP025112261245,imi:91f483fd7d79538ecb18d4f76b070d5ee1c26fe2"><title>Dagelijkse kost</title><date>2022</date><icon src="https://staticqbr-nl-prod.prod.cdn.dmdsdp.com/image-service/ImagesEPG/EventImages/p22781190_b_v8_aa.jpg"></icon><desc>Dit is echt de ideale cake voor bij de koffieklets. Een prima vier vierdencake met noten en abrikozen, ondergedompeld in een laagje chocoladeganache.</desc><category>Culinair</category></programme><programme channel="lgi-nl-prod-master:NL_000031_019362" start="20221019224500 +0000" stop="20221019230500 +0000" catchup-id="crid:~~2F~~2Fgn.tv~~2F23124110~~2FEP016081400389,imi:155fb40497d2a2bf72f505aad32f016960c5caa2"><title>Iedereen Beroemd</title><date>2022</date><icon src="https://staticqbr-nl-prod.prod.cdn.dmdsdp.com/image-service/ImagesEPG/EventImages/p21325986_b_v8_ab.jpg"></icon><desc>Elke dag bezoekt de cameraploeg een Vlaamse gemeente om daar de dagelijkse actualiteit op beeld vast te leggen. De dagbeelden vormen de rode draad.</desc><category>Documentaire, Entertainment, Samenleving</category></programme>