<programme channel="lgi-nl-prod-master:NL_000132_019278" start="20221019220000 +0000" stop="20221020020000 +0000" catchup-id="crid:~~2F~~2Fgn.tv~~2F18641909~~2FSH035832590000~~2F142996282,imi:23b23d8a8163c8b69a2569ac8c494b69df05e498"><title>TV Oranje Nonstop</title><date></date><icon src="https://staticqbr-nl-prod.prod.cdn.dmdsdp.com/image-service/ImagesEPG/EventImages/p18641909_b_v12_ab.jpg"></icon><desc>Non-stop muziek van eigen bodem van uiteenlopende artiesten.</desc><category>Muziek</category></programme>