<programme channel="lgi-nl-prod-master:NL_000015_019166" start="20221019220500 +0000" stop="20221019223500 +0000" catchup-id="crid:~~2F~~2Fgn.tv~~2F3529696~~2FEP028431720147,imi:a41dd5d30fd05288c14c28f4c793107a55c45eb3"><title>How I Met Your Mother</title><date>2009</date><icon src="https://staticqbr-nl-prod.prod.cdn.dmdsdp.com/image-service/ImagesEPG/EventImages/p7896154_b_v12_ak.jpg"></icon><desc>Als Ted 's nachts doorwerkt aan een presentatie voor zijn kwakkelende architectenbureau, probeert Marshall hem het dak op te lokken voor een verrassingsfeestje voor zijn verjaardag. En Barney vraagt Ted om toestemming om Robin te versieren.</desc><category>Sitcoms</category></programme><programme channel="lgi-nl-prod-master:NL_000015_019166" start="20221019223500 +0000" stop="20221019230500 +0000" catchup-id="crid:~~2F~~2Fgn.tv~~2F10219423~~2FEP028453350024,imi:0c3134fc773944f04c76b26e35419d532ed6ffb4"><title>Last Man Standing</title><date>2013</date><icon src="https://staticqbr-nl-prod.prod.cdn.dmdsdp.com/image-service/ImagesEPG/EventImages/p8679132_b_v12_at.jpg"></icon><desc>Vanessa moedigt Mandy aan om bij een vrouwenclub te gaan en te genieten van het studentenleven.</desc><category>Sitcoms</category></programme>