<programme channel="lgi-nl-prod-master:NL_000057_019493" start="20221019224000 +0000" stop="20221019233500 +0000" catchup-id="crid:~~2F~~2Fgn.tv~~2F11493232~~2FEP035704370018,imi:9a7646c0b27388b250ded63f2629ff51c292837a"><title>Killer Kids</title><date>2015</date><icon src="https://staticqbr-nl-prod.prod.cdn.dmdsdp.com/image-service/ImagesEPG/EventImages/p12057139_b_v11_ad.jpg"></icon><desc>Wanneer de ouders van een verliefd stel tieners hun liefde afkeuren, is het resultaat moorddadig en wordt een gezin verwoest. Een eenzaam, jong meisje raakt bevriend met een groep ontevreden tieners en betaald een hoge prijs.</desc><category>Misdaad, Documentaire, Biografie</category></programme>