<programme channel="lgi-nl-prod-master:NL_000191_019261" start="20221019223500 +0000" stop="20221019232500 +0000" catchup-id="crid:~~2F~~2Fgn.tv~~2F12924831~~2FEP036403230002,imi:d714d79372a96297f670b028200a836d4c3bbfc0"><title>Vulkanisch avontuur</title><date>2016</date><icon src="https://staticqbr-nl-prod.prod.cdn.dmdsdp.com/image-service/ImagesEPG/EventImages/p16192360_b_v12_ac.jpg"></icon><desc>Japan maakt een seismische crisis door na de verwoestende Tsunami van 2011. Een blik op twee zeer gevaarlijke vulkanen, beide worden beschouwd als in de top vijf van gevaarlijkste vulkanen ter wereld.</desc><category>Documentaire, Natuur</category></programme>