<programme channel="lgi-nl-prod-master:NL_000035_020028" start="20221019224500 +0000" stop="20221019230000 +0000" catchup-id="crid:~~2F~~2Fgn.tv~~2F22360994~~2FEP035931120574,imi:ae5a8d3a0dc75b66f62fc54b4c41f96bd928fee4"><title>heute journal update</title><date>2022</date><icon src="https://staticqbr-nl-prod.prod.cdn.dmdsdp.com/image-service/ImagesEPG/EventImages/p21168239_b_v8_aa.jpg"></icon><desc>Es werden Themen der Nachrichtensendung aufgegriffen und die neuesten Erkenntnisse präsentiert. Das Update verlängert die Informationsstärke der Nachrichtensendung in die Nacht und wird eigene Akzente haben - durch Themensetzung und Interviews.</desc><category>Nieuws</category></programme>