<programme channel="lgi-nl-prod-master:NL_000029_019046" start="20221019221000 +0000" stop="20221019223000 +0000" catchup-id="crid:~~2F~~2Fgn.tv~~2F15181623~~2FEP030526280023,imi:3e10accd84e71d807cbc188f084e4c2910eae526"><title>De Thundermans</title><date>2018</date><icon src="https://staticqbr-nl-prod.prod.cdn.dmdsdp.com/image-service/ImagesEPG/EventImages/p10259786_b_v12_bi.jpg"></icon><desc>Phoebe wint toegang tot Zoete Mama's Koekjespaleis en mag één iemand meenemen. De strijd barst los, want iedereen wil het bijzonder microchip koekje proeven.</desc><category>Kinderen, Sitcoms</category></programme><programme channel="lgi-nl-prod-master:NL_000029_019046" start="20221019223000 +0000" stop="20221019225500 +0000" catchup-id="crid:~~2F~~2Fgn.tv~~2F14744250~~2FEP030526280017,imi:4060df5ae2f08e9c1de98f1593049fd288a66519"><title>De Thundermans</title><date>2017</date><icon src="https://staticqbr-nl-prod.prod.cdn.dmdsdp.com/image-service/ImagesEPG/EventImages/p10259786_b_v12_bi.jpg"></icon><desc>De kinderen willen spijbelen. Maar Hank en Barb komen met het verhaal van Burgemeester Heinrich Schuildorp de Derde, die geen schooldag miste. Als Blobbin aankomt met een tijdmachine, besluiten de kinderen het verleden bij te stellen.</desc><category>Kinderen, Sitcoms</category></programme><programme channel="lgi-nl-prod-master:NL_000029_019046" start="20221019225500 +0000" stop="20221019231500 +0000" catchup-id="crid:~~2F~~2Fgn.tv~~2F18558034~~2FEP036143350006,imi:b428a69492af2ab866b3b5646019d773452b954a"><title>Danger Force</title><date>2020</date><icon src="https://staticqbr-nl-prod.prod.cdn.dmdsdp.com/image-service/ImagesEPG/EventImages/p18027199_b_v12_aa.jpg"></icon><desc>Chapa gedraagt zich veel vriendelijker dan normaal, zo vriendelijk zelfs, dat ze een crimineel laat ontsnappen na een overval. De andere leden van Danger Force besluiten te onderzoeken waar dit gedrag vandaan komt.</desc><category>Kinderen, Sitcoms</category></programme>