<programme channel="lgi-nl-prod-master:NL_000020_019432" start="20221019220000 +0000" stop="20221019223000 +0000" catchup-id="crid:~~2F~~2Fgn.tv~~2F23112541~~2FEP042296780025,imi:9e7d0f2e4a60093555dba4aeb1aba52c33c93382"><title>Discovery Golf</title><date>2022</date><icon src="https://staticqbr-nl-prod.prod.cdn.dmdsdp.com/image-service/ImagesEPG/EventImages/p21413414_b_v12_aa.jpg"></icon><desc>Golfmagazine.</desc><category>Sport, Golf</category></programme><programme channel="lgi-nl-prod-master:NL_000020_019432" start="20221019223000 +0000" stop="20221019233000 +0000" catchup-id="crid:~~2F~~2Fgn.tv~~2F23058998~~2FEP028705380455,imi:a1f1ceef3c865990abc69a51911fa59141b5fa74"><title>Wielrennen</title><date>2022</date><icon src="https://staticqbr-nl-prod.prod.cdn.dmdsdp.com/image-service/ImagesEPG/EventImages/p361949_b_v8_bm.jpg"></icon><desc>Padova - Vicenza (159,8 km).</desc><category>Sport, Wielrennen</category></programme>