<programme channel="lgi-nl-prod-master:NL_000143_019207" start="20221019220000 +0000" stop="20221019221500 +0000" catchup-id="crid:~~2F~~2Fgn.tv~~2F18590749~~2FSH035705130000~~2F143735180,imi:5d0f19436e369fb9f2748a7dde380d630f74e58d"><title>UNieuws</title><date></date><icon src="https://staticqbr-nl-prod.prod.cdn.dmdsdp.com/image-service/ImagesEPG/EventImages/p18590749_b_v8_aa.jpg"></icon><desc>Het laatste nieuws uit de provincie Utrecht.</desc><category>Nieuws, Actualiteit</category></programme><programme channel="lgi-nl-prod-master:NL_000143_019207" start="20221019221500 +0000" stop="20221019223500 +0000" catchup-id="crid:~~2F~~2Fgn.tv~~2F18590604~~2FSH035704670000~~2F143735181,imi:4563cbdc603a01592a99e973fa593e0d34ddb735"><title>Bureau Hengeveld</title><date></date><icon src="https://staticqbr-nl-prod.prod.cdn.dmdsdp.com/image-service/ImagesEPG/EventImages/p18590604_b_v8_ab.jpg"></icon><desc>Opsporingsprogramma in samenwerking met politie en justitie, gecentreerd rond de regio Utrecht. De oproepen worden vaak aangevuld met bewakingsbeelden, compositietekeningen en reconstructies.</desc><category>Nieuws, Misdaad</category></programme><programme channel="lgi-nl-prod-master:NL_000143_019207" start="20221019223500 +0000" stop="20221019224500 +0000" catchup-id="crid:~~2F~~2Fgn.tv~~2F17678867~~2FSH033801110000~~2F143735182,imi:decb6a87e4a42997d2142b07a2966be277ff60c3"><title>RegioNed</title><date></date><icon src="https://staticqbr-nl-prod.prod.cdn.dmdsdp.com/image-service/ImagesEPG/EventImages/p17678867_b_v12_aa.jpg"></icon><desc>Dagelijkse samenstelling van reportages en nieuwselementen van de regionale omroepen. Elke dag anders en in het weekeinde de meest opmerkelijke reportages. De nadruk ligt op kleine verhalen.</desc><category>Nieuws, Samenleving</category></programme><programme channel="lgi-nl-prod-master:NL_000143_019207" start="20221019224500 +0000" stop="20221019225500 +0000" catchup-id="crid:~~2F~~2Fgn.tv~~2F18590728~~2FSH035705040000~~2F143735183,imi:26c1c8ddcacbd38cd01456d60f88b1669c660448"><title>Mooi Utrecht</title><date></date><icon src="https://staticqbr-nl-prod.prod.cdn.dmdsdp.com/image-service/ImagesEPG/EventImages/p18590728_b_v8_aa.jpg"></icon><desc>Programma dat de mooiste plekken in de provincie Utrecht belicht.</desc><category>Samenleving, Natuur</category></programme><programme channel="lgi-nl-prod-master:NL_000143_019207" start="20221019225500 +0000" stop="20221019230000 +0000" catchup-id="crid:~~2F~~2Fgn.tv~~2F18590745~~2FSH035705110000~~2F143735184,imi:e05ade8b22f8b65f9d8bf55b752c32e5aa58d9dd"><title>Tekst TV</title><date></date><icon src="https://staticqbr-nl-prod.prod.cdn.dmdsdp.com/image-service/ImagesEPG/EventImages/p18590745_b_v11_aa.jpg"></icon><desc>Selectie van het laatste nieuws in tekstvorm.</desc><category>Samenleving, Nieuws</category></programme>