<programme channel="lgi-nl-prod-master:NL_000041_019369" start="20221019221000 +0000" stop="20221019221500 +0000" catchup-id="crid:~~2F~~2Fgn.tv~~2F8195754~~2FSH013019720000~~2F144811307,imi:cf8a664dac8ef863c862deca9f5fce2e485cff4f"><title>BBC Weather</title><date></date><icon src="https://staticqbr-nl-prod.prod.cdn.dmdsdp.com/image-service/ImagesEPG/EventImages/p8195754_b_v8_ab.jpg"></icon><desc>The latest weather forecast.</desc><category>Weer, Nieuws</category></programme><programme channel="lgi-nl-prod-master:NL_000041_019369" start="20221019221500 +0000" stop="20221019224000 +0000" catchup-id="crid:~~2F~~2Fgn.tv~~2F23148252~~2FEP041997140049,imi:dc3016cac62abace7b966190deffc77012ed3465"><title>Unspun World with John Simpson</title><date>2022</date><icon src="https://staticqbr-nl-prod.prod.cdn.dmdsdp.com/image-service/ImagesEPG/EventImages/p21623115_b_v12_ac.jpg"></icon><desc>John Simpson brings his expertise to bear on the most important stories. In discussion with the BBC's range of experts across the world, he uses their unique local knowledge to go beyond the headlines to get to the unspun truth about the world.</desc><category>Nieuws</category></programme><programme channel="lgi-nl-prod-master:NL_000041_019369" start="20221019224000 +0000" stop="20221019234000 +0000" catchup-id="crid:~~2F~~2Fgn.tv~~2F23121864~~2FEP032985910008,imi:c5d7b9abe310f86e661c63ed08db549856b85b12"><title>Rise of the Nazis</title><date>2022</date><icon src="https://staticqbr-nl-prod.prod.cdn.dmdsdp.com/image-service/ImagesEPG/EventImages/p23101914_b_v11_aa.jpg"></icon><desc>At the end of March 1945, with the German Army utterly depleted and Hitler's circle of trust rapidly shrinking, Hitler invites a group of Hitler Youth to the Reich Chancellery gardens to be congratulated. These are the people upon whom he now relies, children.</desc><category>Geschiedenis, Documentaire</category></programme>