<programme channel="lgi-nl-prod-master:NL_000004_019461" start="20221018232500 +0000" stop="20221019001000 +0000" catchup-id="crid:~~2F~~2Fgn.tv~~2F22957452~~2FEP027620591083,imi:e0d8e6044a8046576b06c037764e589ca8fffcab"><title>RTL Boulevard</title><date>2022</date><icon src="https://staticqbr-nl-prod.prod.cdn.dmdsdp.com/image-service/ImagesEPG/EventImages/p21261964_b_v8_ad.jpg"></icon><desc>Luchtige onderwerpen en reportages over nieuws, amusement, misdaad, levensstijl, koningshuis en meer.</desc><category>Reality, Talkshow, Mode, Misdaad, Nieuws</category></programme><programme channel="lgi-nl-prod-master:NL_000004_019461" start="20221019001000 +0000" stop="20221019040000 +0000" catchup-id="crid:~~2F~~2Fgn.tv~~2F14554329~~2FSH027788870000~~2F143358945,imi:1553d5b0cf9a83db4557dae94e63706be338b92b"><title>Tommy Teleshopping</title><date></date><icon src="https://staticqbr-nl-prod.prod.cdn.dmdsdp.com/image-service/ImagesEPG/EventImages/p14554329_b_v11_ac.jpg"></icon><desc>Homeshoppingprogramma waarin de kijker via de telefoon allerlei producten kan aanschaffen. Het programma bevat originele producten, van fitnessproducten tot tuingereedschap.</desc><category>Shoppen</category></programme><programme channel="lgi-nl-prod-master:NL_000004_019461" start="20221019040000 +0000" stop="20221019041000 +0000" catchup-id="crid:~~2F~~2Fgn.tv~~2F19602904~~2FSH037883660000~~2F143379878,imi:ef1130c2866653f16d4153f24f42b0bffe9a518e"><title>RTL Nieuws - Laat</title><date></date><icon src="https://staticqbr-nl-prod.prod.cdn.dmdsdp.com/image-service/ImagesEPG/EventImages/p19602904_b_v8_ac.jpg"></icon><desc>Dagelijks het laatste nieuws uit binnen- en buitenland.</desc><category>Nieuws</category></programme><programme channel="lgi-nl-prod-master:NL_000004_019461" start="20221019041000 +0000" stop="20221019042000 +0000" catchup-id="crid:~~2F~~2Fgn.tv~~2F19602904~~2FSH037883660000~~2F143379879,imi:666d1e9102ec0678d9d401738c7c4f82c583b7e0"><title>RTL Nieuws - Laat</title><date></date><icon src="https://staticqbr-nl-prod.prod.cdn.dmdsdp.com/image-service/ImagesEPG/EventImages/p19602904_b_v8_ac.jpg"></icon><desc>Dagelijks het laatste nieuws uit binnen- en buitenland.</desc><category>Nieuws</category></programme><programme channel="lgi-nl-prod-master:NL_000004_019461" start="20221019042000 +0000" stop="20221019043000 +0000" catchup-id="crid:~~2F~~2Fgn.tv~~2F19602904~~2FSH037883660000~~2F143379880,imi:f1ff5f2226e8de9ec0a4bb398130199492ef6cd7"><title>RTL Nieuws - Laat</title><date></date><icon src="https://staticqbr-nl-prod.prod.cdn.dmdsdp.com/image-service/ImagesEPG/EventImages/p19602904_b_v8_ac.jpg"></icon><desc>Dagelijks het laatste nieuws uit binnen- en buitenland.</desc><category>Nieuws</category></programme><programme channel="lgi-nl-prod-master:NL_000004_019461" start="20221019043000 +0000" stop="20221019043500 +0000" catchup-id="crid:~~2F~~2Fgn.tv~~2F19602010~~2FSH037881480000~~2F143379881,imi:df7234793ecd87583df28b9823d0f7420750d2e7"><title>RTL Nieuws - 06:30 uur</title><date></date><icon src="https://staticqbr-nl-prod.prod.cdn.dmdsdp.com/image-service/ImagesEPG/EventImages/p19602010_b_v8_ab.jpg"></icon><desc>Dagelijks het laatste nieuws uit binnen- en buitenland.</desc><category>Nieuws</category></programme><programme channel="lgi-nl-prod-master:NL_000004_019461" start="20221019043500 +0000" stop="20221019044500 +0000" catchup-id="crid:~~2F~~2Fgn.tv~~2F22928209~~2FSH044523000000~~2F143379882,imi:13c3636102b4be69c99fc66f26c2dd289916dc70"><title>RTL Weer 06:30</title><date></date><icon src="https://staticqbr-nl-prod.prod.cdn.dmdsdp.com/image-service/ImagesEPG/EventImages/p22928209_b_v8_aa.jpg"></icon><desc>Een blik op de actuele weerkaart. Met de weersverwachtingen op de korte en langere termijn.</desc><category>Weer</category></programme><programme channel="lgi-nl-prod-master:NL_000004_019461" start="20221019044500 +0000" stop="20221019045500 +0000" catchup-id="crid:~~2F~~2Fgn.tv~~2F19602010~~2FSH037881480000~~2F143379883,imi:6df99b84be12d849e4e052a25e0517fda0a091f3"><title>RTL Nieuws - 06:30 uur</title><date></date><icon src="https://staticqbr-nl-prod.prod.cdn.dmdsdp.com/image-service/ImagesEPG/EventImages/p19602010_b_v8_ab.jpg"></icon><desc>Dagelijks het laatste nieuws uit binnen- en buitenland.</desc><category>Nieuws</category></programme><programme channel="lgi-nl-prod-master:NL_000004_019461" start="20221019045500 +0000" stop="20221019050000 +0000" catchup-id="crid:~~2F~~2Fgn.tv~~2F22928209~~2FSH044523000000~~2F143379884,imi:ba50430cdf22e98dde9ce7f45325919709ba26a5"><title>RTL Weer 06:30</title><date></date><icon src="https://staticqbr-nl-prod.prod.cdn.dmdsdp.com/image-service/ImagesEPG/EventImages/p22928209_b_v8_aa.jpg"></icon><desc>Een blik op de actuele weerkaart. Met de weersverwachtingen op de korte en langere termijn.</desc><category>Weer</category></programme><programme channel="lgi-nl-prod-master:NL_000004_019461" start="20221019050000 +0000" stop="20221019051000 +0000" catchup-id="crid:~~2F~~2Fgn.tv~~2F19602021~~2FSH037881500000~~2F143379885,imi:4fcae5be39b37e39a8ec6a02419e978cfef5e30f"><title>RTL Nieuws - 07:00 uur</title><date></date><icon src="https://staticqbr-nl-prod.prod.cdn.dmdsdp.com/image-service/ImagesEPG/EventImages/p19602021_b_v8_ab.jpg"></icon><desc>Dagelijks het laatste nieuws uit binnen- en buitenland.</desc><category>Nieuws</category></programme><programme channel="lgi-nl-prod-master:NL_000004_019461" start="20221019051000 +0000" stop="20221019051500 +0000" catchup-id="crid:~~2F~~2Fgn.tv~~2F22928246~~2FSH044523080000~~2F143379886,imi:f49abbdbee4de8a8882701d662249981fba46868"><title>RTL Weer 07:00</title><date></date><icon src="https://staticqbr-nl-prod.prod.cdn.dmdsdp.com/image-service/ImagesEPG/EventImages/p22928246_b_v8_aa.jpg"></icon><desc>Een uitgebreide blik op de actuele weerkaart. Met de weersverwachtingen op korte en langere termijn.</desc><category>Weer</category></programme><programme channel="lgi-nl-prod-master:NL_000004_019461" start="20221019051500 +0000" stop="20221019052500 +0000" catchup-id="crid:~~2F~~2Fgn.tv~~2F22928235~~2FSH044523040000~~2F143379887,imi:9554fa7cadf42a81239c92fb8668410f6ee08332"><title>RTL Nieuws 07:15</title><date></date><icon src="https://staticqbr-nl-prod.prod.cdn.dmdsdp.com/image-service/ImagesEPG/EventImages/p22928235_b_v8_aa.jpg"></icon><desc>Dagelijks het laatste nieuws uit binnen- en buitenland.</desc><category>Nieuws</category></programme><programme channel="lgi-nl-prod-master:NL_000004_019461" start="20221019052500 +0000" stop="20221019053000 +0000" catchup-id="crid:~~2F~~2Fgn.tv~~2F23004287~~2FSH044667480000~~2F143379888,imi:f5c2765f6a39072b1da353ff94915dff0268dc33"><title>RTL Weer 07:15</title><date></date><icon src="https://staticqbr-nl-prod.prod.cdn.dmdsdp.com/image-service/ImagesEPG/EventImages/p23004287_b_v8_aa.jpg"></icon><desc>Een uitgebreide blik op de actuele weerkaart. Met de weersverwachtingen op de korte en langere termijn.</desc><category></category></programme><programme channel="lgi-nl-prod-master:NL_000004_019461" start="20221019053000 +0000" stop="20221019054000 +0000" catchup-id="crid:~~2F~~2Fgn.tv~~2F19602021~~2FSH037881500000~~2F143379889,imi:b9ca7f129b8d9c668e3fdbc15257cf70b9479be1"><title>RTL Nieuws - 07:00 uur</title><date></date><icon src="https://staticqbr-nl-prod.prod.cdn.dmdsdp.com/image-service/ImagesEPG/EventImages/p19602021_b_v8_ab.jpg"></icon><desc>Dagelijks het laatste nieuws uit binnen- en buitenland.</desc><category>Nieuws</category></programme><programme channel="lgi-nl-prod-master:NL_000004_019461" start="20221019054000 +0000" stop="20221019054500 +0000" catchup-id="crid:~~2F~~2Fgn.tv~~2F22928246~~2FSH044523080000~~2F143379890,imi:7b219fcd1510cbbd04db59e40b318343c38a9084"><title>RTL Weer 07:00</title><date></date><icon src="https://staticqbr-nl-prod.prod.cdn.dmdsdp.com/image-service/ImagesEPG/EventImages/p22928246_b_v8_aa.jpg"></icon><desc>Een uitgebreide blik op de actuele weerkaart. Met de weersverwachtingen op korte en langere termijn.</desc><category>Weer</category></programme><programme channel="lgi-nl-prod-master:NL_000004_019461" start="20221019054500 +0000" stop="20221019055500 +0000" catchup-id="crid:~~2F~~2Fgn.tv~~2F22928235~~2FSH044523040000~~2F143379891,imi:49405fe560360de8787382f833f77fc55c562949"><title>RTL Nieuws 07:15</title><date></date><icon src="https://staticqbr-nl-prod.prod.cdn.dmdsdp.com/image-service/ImagesEPG/EventImages/p22928235_b_v8_aa.jpg"></icon><desc>Dagelijks het laatste nieuws uit binnen- en buitenland.</desc><category>Nieuws</category></programme><programme channel="lgi-nl-prod-master:NL_000004_019461" start="20221019055500 +0000" stop="20221019060000 +0000" catchup-id="crid:~~2F~~2Fgn.tv~~2F23004287~~2FSH044667480000~~2F143379892,imi:09c0d6360c63488374525ce3222f3b604009ecd8"><title>RTL Weer 07:15</title><date></date><icon src="https://staticqbr-nl-prod.prod.cdn.dmdsdp.com/image-service/ImagesEPG/EventImages/p23004287_b_v8_aa.jpg"></icon><desc>Een uitgebreide blik op de actuele weerkaart. Met de weersverwachtingen op de korte en langere termijn.</desc><category></category></programme><programme channel="lgi-nl-prod-master:NL_000004_019461" start="20221019060000 +0000" stop="20221019061500 +0000" catchup-id="crid:~~2F~~2Fgn.tv~~2F19602870~~2FSH037883600000~~2F143379893,imi:456387197fe93b4dfc244cef50d6eb9433cab84e"><title>RTL Nieuws - 08:00 uur</title><date></date><icon src="https://staticqbr-nl-prod.prod.cdn.dmdsdp.com/image-service/ImagesEPG/EventImages/p19602870_b_v8_ab.jpg"></icon><desc>Dagelijks het laatste nieuws uit binnen- en buitenland.</desc><category>Nieuws</category></programme><programme channel="lgi-nl-prod-master:NL_000004_019461" start="20221019061500 +0000" stop="20221019062000 +0000" catchup-id="crid:~~2F~~2Fgn.tv~~2F22928263~~2FSH044523140000~~2F143379894,imi:c316d54062c8869e168792e6f9448c318e8e4150"><title>RTL Weer 08:00</title><date></date><icon src="https://staticqbr-nl-prod.prod.cdn.dmdsdp.com/image-service/ImagesEPG/EventImages/p22928263_b_v8_aa.jpg"></icon><desc>Een blik op de actuele weerkaart. Met de weersverwachtingen op de korte en langere termijn.</desc><category>Weer</category></programme><programme channel="lgi-nl-prod-master:NL_000004_019461" start="20221019062000 +0000" stop="20221019063500 +0000" catchup-id="crid:~~2F~~2Fgn.tv~~2F19602887~~2FSH037883610000~~2F143379895,imi:67e9e2ee43f8196c443384c309b2a64d62326a90"><title>RTL Nieuws - 08:20 uur</title><date></date><icon src="https://staticqbr-nl-prod.prod.cdn.dmdsdp.com/image-service/ImagesEPG/EventImages/p19602887_b_v8_ab.jpg"></icon><desc>Dagelijks het laatste nieuws uit binnen- en buitenland.</desc><category>Nieuws</category></programme><programme channel="lgi-nl-prod-master:NL_000004_019461" start="20221019063500 +0000" stop="20221019064000 +0000" catchup-id="crid:~~2F~~2Fgn.tv~~2F22928275~~2FSH044523160000~~2F143379896,imi:c61dfee1039e83b3ff32736e17aa1f972d484b41"><title>RTL Weer 08:20</title><date></date><icon src="https://staticqbr-nl-prod.prod.cdn.dmdsdp.com/image-service/ImagesEPG/EventImages/p22928275_b_v8_aa.jpg"></icon><desc>Een blik op de actuele weerkaart. Met de weersverwachtingen op de korte en langere termijn.</desc><category>Weer</category></programme><programme channel="lgi-nl-prod-master:NL_000004_019461" start="20221019064000 +0000" stop="20221019065500 +0000" catchup-id="crid:~~2F~~2Fgn.tv~~2F19602887~~2FSH037883610000~~2F143379897,imi:dda87c9367d056e39d9c119b1f90034e7b5b7333"><title>RTL Nieuws - 08:20 uur</title><date></date><icon src="https://staticqbr-nl-prod.prod.cdn.dmdsdp.com/image-service/ImagesEPG/EventImages/p19602887_b_v8_ab.jpg"></icon><desc>Dagelijks het laatste nieuws uit binnen- en buitenland.</desc><category>Nieuws</category></programme><programme channel="lgi-nl-prod-master:NL_000004_019461" start="20221019065500 +0000" stop="20221019070000 +0000" catchup-id="crid:~~2F~~2Fgn.tv~~2F22928275~~2FSH044523160000~~2F143379898,imi:4c92d13cbd19fac95658008ccd9aa403ed487c37"><title>RTL Weer 08:20</title><date></date><icon src="https://staticqbr-nl-prod.prod.cdn.dmdsdp.com/image-service/ImagesEPG/EventImages/p22928275_b_v8_aa.jpg"></icon><desc>Een blik op de actuele weerkaart. Met de weersverwachtingen op de korte en langere termijn.</desc><category>Weer</category></programme><programme channel="lgi-nl-prod-master:NL_000004_019461" start="20221019070000 +0000" stop="20221019070500 +0000" catchup-id="crid:~~2F~~2Fgn.tv~~2F19602888~~2FSH037883630000~~2F143379899,imi:0e56bf22548a8d0692fbe79b5638a660084a1a19"><title>RTL Nieuws - 09:00 uur</title><date></date><icon src="https://staticqbr-nl-prod.prod.cdn.dmdsdp.com/image-service/ImagesEPG/EventImages/p19602888_b_v8_ac.jpg"></icon><desc>Dagelijks het laatste nieuws uit binnen- en buitenland.</desc><category>Nieuws</category></programme><programme channel="lgi-nl-prod-master:NL_000004_019461" start="20221019070500 +0000" stop="20221019071000 +0000" catchup-id="crid:~~2F~~2Fgn.tv~~2F22946654~~2FSH044561120000~~2F143379900,imi:146e465e7d0949669604dffda6a9dc5d47aae9e2"><title>RTL Weer 09:00</title><date></date><icon src="https://staticqbr-nl-prod.prod.cdn.dmdsdp.com/image-service/ImagesEPG/EventImages/p22946654_b_v8_aa.jpg"></icon><desc>Een uitgebreide blik op de actuele weerkaart. Met de weersverwachtingen op korte en langere termijn.</desc><category>Weer</category></programme><programme channel="lgi-nl-prod-master:NL_000004_019461" start="20221019071000 +0000" stop="20221019080000 +0000" catchup-id="crid:~~2F~~2Fgn.tv~~2F22957452~~2FEP027620591083,imi:e4593ef269536ac8ba9a11ae763539040580c027"><title>RTL Boulevard</title><date>2022</date><icon src="https://staticqbr-nl-prod.prod.cdn.dmdsdp.com/image-service/ImagesEPG/EventImages/p21261964_b_v8_ad.jpg"></icon><desc>Luchtige onderwerpen en reportages over nieuws, amusement, misdaad, levensstijl, koningshuis en meer.</desc><category>Reality, Talkshow, Mode, Misdaad, Nieuws</category></programme><programme channel="lgi-nl-prod-master:NL_000004_019461" start="20221019080000 +0000" stop="20221019091000 +0000" catchup-id="crid:~~2F~~2Fgn.tv~~2F22740421~~2FEP027629290582,imi:1b3419f5a9aaaa73b6b553bd0d857167f79a8df4"><title>Koffietijd</title><date>2022</date><icon src="https://staticqbr-nl-prod.prod.cdn.dmdsdp.com/image-service/ImagesEPG/EventImages/p22723440_b_v11_ac.jpg"></icon><desc>Informeel praatprogramma waarin gezelligheid en onderhoudende gesprekken centraal staan, en een lekkere kop koffie natuurlijk.</desc><category>Talkshow, Entertainment</category></programme><programme channel="lgi-nl-prod-master:NL_000004_019461" start="20221019091000 +0000" stop="20221019094000 +0000" catchup-id="crid:~~2F~~2Fgn.tv~~2F23057033~~2FEP027607741483,imi:d6dec969248df8318480341710322b13aab2fc0b"><title>Goede tijden, slechte tijden</title><date>2022</date><icon src="https://staticqbr-nl-prod.prod.cdn.dmdsdp.com/image-service/ImagesEPG/EventImages/p21342420_b_v12_ac.jpg"></icon><desc>Stefano wordt achterdochtig als Ludo ook Daan uitnodigt voor een speciaal familiediner. Steef neemt steeds meer hooi op zijn vork. Bing zegt dat hij het allemaal wel onder controle heeft.</desc><category>Dramaseries, Soap</category></programme><programme channel="lgi-nl-prod-master:NL_000004_019461" start="20221019094000 +0000" stop="20221019100500 +0000" catchup-id="crid:~~2F~~2Fgn.tv~~2F22947850~~2FEP027641012811,imi:059ca7634d484d2715a8b551d6fc458e59aac85e"><title>The Bold and the Beautiful</title><date>2022</date><icon src="https://staticqbr-nl-prod.prod.cdn.dmdsdp.com/image-service/ImagesEPG/EventImages/p20663093_b_v12_ae.jpg"></icon><desc>Deze soap speelt zich af in de stijlvolle modewereld in Los Angeles en vertelt over het leven van de leden van de rijke en machtige Forrester familie en hun relaties, romances en concurrenties.</desc><category>Soap</category></programme><programme channel="lgi-nl-prod-master:NL_000004_019461" start="20221019100500 +0000" stop="20221019110500 +0000" catchup-id="crid:~~2F~~2Fgn.tv~~2F23066004~~2FEP035952070368,imi:94f8aeb17e81844efc09770eec9531e68f9aad45"><title>Eigen Huis &amp; Tuin: Lekker Leven</title><date>2022</date><icon src="https://staticqbr-nl-prod.prod.cdn.dmdsdp.com/image-service/ImagesEPG/EventImages/p21509421_b_v12_af.jpg"></icon><desc>Presentatrice Froukje de Both, kok Hugo Kennis en tuinman Tom Groot geven praktische tips over wonen, lifestyle, tuinieren en koken.</desc><category>Bouwen en verbouwen, Home &amp; Garden</category></programme><programme channel="lgi-nl-prod-master:NL_000004_019461" start="20221019110500 +0000" stop="20221019125000 +0000" catchup-id="crid:~~2F~~2Fgn.tv~~2F23066011~~2FEP034027820357,imi:1fc54d48d3097ae87bcbc4c42af37c5ebbf11654"><title>Jinek</title><date>2022</date><icon src="https://staticqbr-nl-prod.prod.cdn.dmdsdp.com/image-service/ImagesEPG/EventImages/p22723433_b_v8_aa.jpg"></icon><desc>Dagelijkse talkshow waarin Eva Jinek met de hoofdrolspelers uit de actualiteit het gesprek van de dag voert. Journalistiek, scherp, onderhoudend en over onderwerpen uit de media, cultuur, sport en maatschappij.</desc><category>Talkshow</category></programme><programme channel="lgi-nl-prod-master:NL_000004_019461" start="20221019125000 +0000" stop="20221019133000 +0000" catchup-id="crid:~~2F~~2Fgn.tv~~2F20362705~~2FEP032582410020,imi:99819c66c2850f6681f8c97a673ae46eb06e8c13"><title>Ik weet er alles van!</title><date>2021</date><icon src="https://staticqbr-nl-prod.prod.cdn.dmdsdp.com/image-service/ImagesEPG/EventImages/p20208301_b_v12_aa.jpg"></icon><desc>Kennisquiz waarin zes deelnemers vijf dagen lang zoveel mogelijk vragen goed moeten beantwoorden. Elke deelnemer heeft zijn of haar specialisme, maar naast feitenkennis speelt ook mensenkennis een rol. De winnaar kan een groot geldbedrag winnen.</desc><category>Spelshow, Entertainment</category></programme><programme channel="lgi-nl-prod-master:NL_000004_019461" start="20221019133000 +0000" stop="20221019150000 +0000" catchup-id="crid:~~2F~~2Fgn.tv~~2F23058308~~2FEP034758990027,imi:4c8f882368d133fc2ddaeb7cfa204e357b102256"><title>Lego Masters</title><date>2022</date><icon src="https://staticqbr-nl-prod.prod.cdn.dmdsdp.com/image-service/ImagesEPG/EventImages/p22723469_b_v12_ab.jpg"></icon><desc>De halve finale. De vier overgebleven teams moeten alles wat ze kunnen en hebben bijgeleerd de afgelopen afleveringen laten zien, want aan het eind van deze aflevering valt er nog één team af.</desc><category>Entertainment, Reality-competitie</category></programme><programme channel="lgi-nl-prod-master:NL_000004_019461" start="20221019150000 +0000" stop="20221019160000 +0000" catchup-id="crid:~~2F~~2Fgn.tv~~2F23078271~~2FEP035952070369,imi:25cf5b625fd58b872563ad5a8a598dd3e8e94b99"><title>Eigen Huis &amp; Tuin: Lekker Leven</title><date>2022</date><icon src="https://staticqbr-nl-prod.prod.cdn.dmdsdp.com/image-service/ImagesEPG/EventImages/p21509421_b_v12_af.jpg"></icon><desc>Presentatrice Froukje de Both, kok Hugo Kennis en tuinman Tom Groot geven praktische tips over wonen, lifestyle, tuinieren en koken.</desc><category>Bouwen en verbouwen, Home &amp; Garden</category></programme><programme channel="lgi-nl-prod-master:NL_000004_019461" start="20221019160000 +0000" stop="20221019161500 +0000" catchup-id="crid:~~2F~~2Fgn.tv~~2F19602892~~2FSH037883640000~~2F143379910,imi:217f7a59b929519c93bc4e7866bfa8c6d000b0fe"><title>RTL Nieuws - 18:00 uur</title><date></date><icon src="https://staticqbr-nl-prod.prod.cdn.dmdsdp.com/image-service/ImagesEPG/EventImages/p19602892_b_v8_aa.jpg"></icon><desc>Dagelijks het laatste nieuws uit binnen- en buitenland.</desc><category>Nieuws</category></programme><programme channel="lgi-nl-prod-master:NL_000004_019461" start="20221019161500 +0000" stop="20221019163000 +0000" catchup-id="crid:~~2F~~2Fgn.tv~~2F22957224~~2FEP027630080999,imi:da4ca00f7fb3c311da90ac1b6799f3d73dffee36"><title>Editie NL</title><date>2022</date><icon src="https://staticqbr-nl-prod.prod.cdn.dmdsdp.com/image-service/ImagesEPG/EventImages/p21269671_b_v8_ab.jpg"></icon><desc>Nieuwsprogramma waarin aandacht wordt besteed aan de achtergronden op het dagelijkse nieuws. Editie NL is een aanvullend programma dat aansluit op het RTL Nieuws.</desc><category>Nieuws, Actualiteitenprogramma's</category></programme><programme channel="lgi-nl-prod-master:NL_000004_019461" start="20221019163000 +0000" stop="20221019163500 +0000" catchup-id="crid:~~2F~~2Fgn.tv~~2F19602915~~2FSH037883690000~~2F143379912,imi:e8774412af8c76a8469a9d4cebd2c723ec2fd476"><title>RTL Weer - 18:30 uur</title><date></date><icon src="https://staticqbr-nl-prod.prod.cdn.dmdsdp.com/image-service/ImagesEPG/EventImages/p19602915_b_v8_ay.jpg"></icon><desc>Een blik op de actuele weerkaart, met de weersverwachtingen op de korte en langere termijn.</desc><category>Weer</category></programme><programme channel="lgi-nl-prod-master:NL_000004_019461" start="20221019163500 +0000" stop="20221019173000 +0000" catchup-id="crid:~~2F~~2Fgn.tv~~2F22957453~~2FEP027620591084,imi:e54f2abcf9571e508b03c89bf3b54f1aac9271b8"><title>RTL Boulevard</title><date>2022</date><icon src="https://staticqbr-nl-prod.prod.cdn.dmdsdp.com/image-service/ImagesEPG/EventImages/p21261964_b_v8_ad.jpg"></icon><desc>Luchtige onderwerpen en reportages over nieuws, amusement, misdaad, levensstijl, koningshuis en meer.</desc><category>Reality, Talkshow, Mode, Misdaad, Nieuws</category></programme><programme channel="lgi-nl-prod-master:NL_000004_019461" start="20221019173000 +0000" stop="20221019175500 +0000" catchup-id="crid:~~2F~~2Fgn.tv~~2F19602897~~2FSH037883650000~~2F143379914,imi:2e2080a0563d5c67e447660226c4e7ac18ba19a4"><title>RTL Nieuws - 19:30 uur</title><date></date><icon src="https://staticqbr-nl-prod.prod.cdn.dmdsdp.com/image-service/ImagesEPG/EventImages/p19602897_b_v8_ag.jpg"></icon><desc>Dagelijks het laatste nieuws uit binnen- en buitenland.</desc><category>Nieuws</category></programme><programme channel="lgi-nl-prod-master:NL_000004_019461" start="20221019175500 +0000" stop="20221019180000 +0000" catchup-id="crid:~~2F~~2Fgn.tv~~2F19602920~~2FSH037883720000~~2F143379915,imi:ea3ad46f2ac8494de70c1e5d4e554a8f8b22c455"><title>RTL Weer - 19:55 uur</title><date></date><icon src="https://staticqbr-nl-prod.prod.cdn.dmdsdp.com/image-service/ImagesEPG/EventImages/p19602920_b_v8_ac.jpg"></icon><desc>Een blik op de actuele weerkaart, met de weersverwachtingen op de korte en langere termijn.</desc><category>Weer</category></programme><programme channel="lgi-nl-prod-master:NL_000004_019461" start="20221019180000 +0000" stop="20221019183000 +0000" catchup-id="crid:~~2F~~2Fgn.tv~~2F23066090~~2FEP027607741484,imi:86bf79e70dc3dd7d8da633f1c59777041763a841"><title>Goede tijden, slechte tijden</title><date>2022</date><icon src="https://staticqbr-nl-prod.prod.cdn.dmdsdp.com/image-service/ImagesEPG/EventImages/p21342420_b_v12_ac.jpg"></icon><desc>Saskia kan maar net op tijd een ramp voorkomen in de flat. Merel heeft een voorstel voor Lynn. Ludo weigert om in te gaan op Stefano's eis.</desc><category>Dramaseries, Soap</category></programme><programme channel="lgi-nl-prod-master:NL_000004_019461" start="20221019183000 +0000" stop="20221019200000 +0000" catchup-id="crid:~~2F~~2Fgn.tv~~2F23078279~~2FEP027981410048,imi:faa0491b815dd3185853482aa04e4b770c368e18"><title>Het Perfecte Plaatje</title><date>2022</date><icon src="https://staticqbr-nl-prod.prod.cdn.dmdsdp.com/image-service/ImagesEPG/EventImages/p23028253_b_v8_aa.jpg"></icon><desc>De deelnemers gaan plat op hun rug om Rotterdam in kikvorsperspectief te fotograferen. Daarna gaan de BN'ers honderd jaar terug in de tijd voor een uniek zelfportret in de fotogenieke roaringtwenties-stijl.</desc><category>Reality, Entertainment</category></programme><programme channel="lgi-nl-prod-master:NL_000004_019461" start="20221019200000 +0000" stop="20221019213500 +0000" catchup-id="crid:~~2F~~2Fgn.tv~~2F23078284~~2FEP034027820358,imi:1812042c5efc0439033a0b7cd70ccc38b12fa225"><title>Jinek</title><date>2022</date><icon src="https://staticqbr-nl-prod.prod.cdn.dmdsdp.com/image-service/ImagesEPG/EventImages/p22723433_b_v8_aa.jpg"></icon><desc>Dagelijkse talkshow waarin Eva Jinek met de hoofdrolspelers uit de actualiteit het gesprek van de dag voert. Journalistiek, scherp, onderhoudend en over onderwerpen uit de media, cultuur, sport en maatschappij.</desc><category>Talkshow</category></programme><programme channel="lgi-nl-prod-master:NL_000004_019461" start="20221019213500 +0000" stop="20221019215000 +0000" catchup-id="crid:~~2F~~2Fgn.tv~~2F19602904~~2FSH037883660000~~2F143379919,imi:700f0cef8aa2ed7d1a54bbba86a89c4e76792def"><title>RTL Nieuws - Laat</title><date></date><icon src="https://staticqbr-nl-prod.prod.cdn.dmdsdp.com/image-service/ImagesEPG/EventImages/p19602904_b_v8_ac.jpg"></icon><desc>Dagelijks het laatste nieuws uit binnen- en buitenland.</desc><category>Nieuws</category></programme><programme channel="lgi-nl-prod-master:NL_000004_019461" start="20221019215000 +0000" stop="20221019215500 +0000" catchup-id="crid:~~2F~~2Fgn.tv~~2F19602923~~2FSH037883730000~~2F143379920,imi:3f2d17facd38cc0e5316d07e3781291af0b482db"><title>RTL Weer - Laat</title><date></date><icon src="https://staticqbr-nl-prod.prod.cdn.dmdsdp.com/image-service/ImagesEPG/EventImages/p19602923_b_v8_ad.jpg"></icon><desc>Een blik op de actuele weerkaart, met de weersverwachtingen op de korte en langere termijn.</desc><category>Weer</category></programme><programme channel="lgi-nl-prod-master:NL_000004_019461" start="20221019215500 +0000" stop="20221019232500 +0000" catchup-id="crid:~~2F~~2Fgn.tv~~2F23078284~~2FEP034027820358,imi:9115cf7220873ee849c3c85c6b4748a620102189"><title>Jinek</title><date>2022</date><icon src="https://staticqbr-nl-prod.prod.cdn.dmdsdp.com/image-service/ImagesEPG/EventImages/p22723433_b_v8_aa.jpg"></icon><desc>Dagelijkse talkshow waarin Eva Jinek met de hoofdrolspelers uit de actualiteit het gesprek van de dag voert. Journalistiek, scherp, onderhoudend en over onderwerpen uit de media, cultuur, sport en maatschappij.</desc><category>Talkshow</category></programme>