<programme channel="lgi-nl-prod-master:NL_000172_019302" start="20221019220000 +0000" stop="20221019223000 +0000" catchup-id="crid:~~2F~~2Fgn.tv~~2F11562419~~2FMV017454630000,imi:b9b3f866da804e439dd9a6306f1f14ef5c7ad6b2"><title>F...k It Up</title><date>2015</date><icon src="https://staticqbr-nl-prod.prod.cdn.dmdsdp.com/image-service/ImagesEPG/EventImages/g40_v8_ab.jpg"></icon><desc>Pornoster Manuel Ferrara weet de knapste jonge meiden aaneen te rijgen, waar hij ook gaat.</desc><category>Erotiek, Film, Erotisch</category></programme><programme channel="lgi-nl-prod-master:NL_000172_019302" start="20221019223000 +0000" stop="20221019230000 +0000" catchup-id="crid:~~2F~~2Fgn.tv~~2F18876887~~2FSH036334450000~~2Fspecial,imi:1da5e44d1c395e1c4c7479ce255ef80a1b3c315e"><title>Mia Rider</title><date></date><icon src="https://staticqbr-nl-prod.prod.cdn.dmdsdp.com/image-service/ImagesEPG/EventImages/g40_v8_ab.jpg"></icon><desc>Mia Rider is vergeten haar bril af te doen en Jonni Darkko kloddert hem helemaal onder.</desc><category>Erotiek, Erotisch</category></programme>