<programme channel="lgi-nl-prod-master:NL_000123_019304" start="20221019000000 +0000" stop="20221019030000 +0000" catchup-id="crid:~~2F~~2Fgn.tv~~2F11377211~~2FSH020943260000~~2Fspecial,imi:83924c7edc26d83e397e63af17b99f65db792e0b"><title>90's Mixtape</title><date></date><icon src="https://staticqbr-nl-prod.prod.cdn.dmdsdp.com/image-service/ImagesEPG/EventImages/p11377211_b_v12_ac.jpg"></icon><desc>We're bringing you a no-nonsense, hand-picked selection of 90s pop, R&amp;B and dance videos from the MTV archive. Mix it up, on MTV 90s!</desc><category>Muziek</category></programme><programme channel="lgi-nl-prod-master:NL_000123_019304" start="20221019030000 +0000" stop="20221019060000 +0000" catchup-id="crid:~~2F~~2Fgn.tv~~2F18801214~~2FSH036176800000~~2Fspecial,imi:34da1f141423b5152e132d66c1570741aa6e2d9a"><title>Ultimate 90s Playlist!</title><date></date><icon src="https://staticqbr-nl-prod.prod.cdn.dmdsdp.com/image-service/ImagesEPG/EventImages/p18801214_b_v12_aa.jpg"></icon><desc>Nothing but the best tracks and ultimate anthems from the 90s.</desc><category>Entertainment, Muziek</category></programme><programme channel="lgi-nl-prod-master:NL_000123_019304" start="20221019060000 +0000" stop="20221019070000 +0000" catchup-id="crid:~~2F~~2Fgn.tv~~2F18801226~~2FSH036176860000~~2Fspecial,imi:d9fd87052f9802f89ebe13f2e4009330c3addec9"><title>Girl Power Hour!</title><date></date><icon src="https://staticqbr-nl-prod.prod.cdn.dmdsdp.com/image-service/ImagesEPG/EventImages/p18801226_b_v12_aa.jpg"></icon><desc>It's all about girl power! Tune in for all the biggest girl power hits from the 90s.</desc><category>Entertainment, Muziek</category></programme><programme channel="lgi-nl-prod-master:NL_000123_019304" start="20221019070000 +0000" stop="20221019100000 +0000" catchup-id="crid:~~2F~~2Fgn.tv~~2F17247179~~2FSH032918060000~~2Fspecial,imi:626ea6a6d1e5b70b08bd8af44e6bc78e21b9fa9d"><title>Smells Like The 90s</title><date></date><icon src="https://staticqbr-nl-prod.prod.cdn.dmdsdp.com/image-service/ImagesEPG/EventImages/p17247179_b_v8_aa.jpg"></icon><desc>Tune in as we rewind back to the 90s, the decade that brought us grunge and girl power, not to mention some epic videos!</desc><category>Muziek, Entertainment</category></programme><programme channel="lgi-nl-prod-master:NL_000123_019304" start="20221019100000 +0000" stop="20221019130000 +0000" catchup-id="crid:~~2F~~2Fgn.tv~~2F19550649~~2FSH037788480000~~2Fspecial,imi:e18c445a316bf7f5b395d76c0ae055aa4320b34b"><title>Boys vs Girls: 90s Hits Battle!</title><date></date><icon src="https://staticqbr-nl-prod.prod.cdn.dmdsdp.com/image-service/ImagesEPG/EventImages/p19550649_b_v12_ab.jpg"></icon><desc>The boys are taking on the girls in our playlist of back to back classic 90s hits! The result? Everyone's a winner!</desc><category>Entertainment, Muziek</category></programme><programme channel="lgi-nl-prod-master:NL_000123_019304" start="20221019130000 +0000" stop="20221019140000 +0000" catchup-id="crid:~~2F~~2Fgn.tv~~2F12889680~~2FSH024297110000~~2Fspecial,imi:55be35089a58c1540f5fbb2df8d44d0e0b901c17"><title>Alternative Nation</title><date></date><icon src="https://staticqbr-nl-prod.prod.cdn.dmdsdp.com/image-service/ImagesEPG/EventImages/p12889680_b_v12_aa.jpg"></icon><desc>Become part of the 90's Alternative Nation right now on MTV 90's!</desc><category>Muziek</category></programme><programme channel="lgi-nl-prod-master:NL_000123_019304" start="20221019140000 +0000" stop="20221019170000 +0000" catchup-id="crid:~~2F~~2Fgn.tv~~2F18802594~~2FSH036178450000~~2Fspecial,imi:3fb92e8eb1692543893e994bfdf6f08f533f2990"><title>Mmm Bop! Perfect 90s Pop</title><date></date><icon src="https://staticqbr-nl-prod.prod.cdn.dmdsdp.com/image-service/ImagesEPG/EventImages/p18802594_b_v11_aa.jpg"></icon><desc>We're bringing you the perfect pop playlist from the 90s.</desc><category>Entertainment, Muziek</category></programme><programme channel="lgi-nl-prod-master:NL_000123_019304" start="20221019170000 +0000" stop="20221019200000 +0000" catchup-id="crid:~~2F~~2Fgn.tv~~2F18286300~~2FSH035086810000~~2Fspecial,imi:a1a5b691a176d27ee1f0fbbc25bfd8fa4bc05df1"><title>Non-Stop Europop Hits!</title><date></date><icon src="https://staticqbr-nl-prod.prod.cdn.dmdsdp.com/image-service/ImagesEPG/EventImages/p18286300_b_v12_aa.jpg"></icon><desc>Embrace European Pop perfection with this non-stop playlist packed with absolute bangers! Sheer Europop heaven!</desc><category>Entertainment, Muziek</category></programme><programme channel="lgi-nl-prod-master:NL_000123_019304" start="20221019200000 +0000" stop="20221019210000 +0000" catchup-id="crid:~~2F~~2Fgn.tv~~2F12889680~~2FSH024297110000~~2Fspecial,imi:3d0e2295c6ce37294bf2590fd420b4b8e2e3bbc6"><title>Alternative Nation</title><date></date><icon src="https://staticqbr-nl-prod.prod.cdn.dmdsdp.com/image-service/ImagesEPG/EventImages/p12889680_b_v12_aa.jpg"></icon><desc>Become part of the 90's Alternative Nation right now on MTV 90's!</desc><category>Muziek</category></programme><programme channel="lgi-nl-prod-master:NL_000123_019304" start="20221019210000 +0000" stop="20221020000000 +0000" catchup-id="crid:~~2F~~2Fgn.tv~~2F18801214~~2FSH036176800000~~2Fspecial,imi:2c892cade19dd5c655ec0cab58a311312dbc05e6"><title>Ultimate 90s Playlist!</title><date></date><icon src="https://staticqbr-nl-prod.prod.cdn.dmdsdp.com/image-service/ImagesEPG/EventImages/p18801214_b_v12_aa.jpg"></icon><desc>Nothing but the best tracks and ultimate anthems from the 90s.</desc><category>Entertainment, Muziek</category></programme>