<programme channel="lgi-nl-prod-master:NL_000009_019024" start="20221019224500 +0000" stop="20221019234500 +0000" catchup-id="crid:~~2F~~2Fgn.tv~~2F21462750~~2FEP035936230031,imi:deb3ab8243cf83bf63bf35aefb62f4cdc820f525"><title>Coroner</title><date>2022</date><icon src="https://staticqbr-nl-prod.prod.cdn.dmdsdp.com/image-service/ImagesEPG/EventImages/p21349905_b_v12_aa.jpg"></icon><desc>Een sterfgeval in een hechte gemeenschap onthult de gaten in een gebrekkig vluchtelingensysteem. Gordon en Peggy's plannen voor een romantisch weekend mislukken wanneer Jenny ziek wordt en een autopsie op afstand moet overzien.</desc><category>Dramaseries, Medisch</category></programme>