<programme channel="lgi-nl-prod-master:NL_000216_019122" start="20221019220000 +0000" stop="20221019223000 +0000" catchup-id="crid:~~2F~~2Fgn.tv~~2F21115208~~2FEP044150090005,imi:38e8f7240039bd28e5b359af415fc808183fa82f"><title>Zeejagers</title><date>2022</date><icon src="https://staticqbr-nl-prod.prod.cdn.dmdsdp.com/image-service/ImagesEPG/EventImages/p22849806_i_v8_aa.jpg"></icon><desc>Onder de brandende zon van Cape Cross verzamelen grote kolonies zeehonden zich op Namibiës Skeleton Coast. De mannetjes, die tot 360 kg kunnen wegen, bewaken hun territorium.</desc><category>Documentaire, Dieren</category></programme><programme channel="lgi-nl-prod-master:NL_000216_019122" start="20221019223000 +0000" stop="20221019230000 +0000" catchup-id="crid:~~2F~~2Fgn.tv~~2F21115219~~2FEP044150090006,imi:1fa66adce76a68eecee308938b8564e412bfdd53"><title>Zeejagers</title><date>2022</date><icon src="https://staticqbr-nl-prod.prod.cdn.dmdsdp.com/image-service/ImagesEPG/EventImages/p22849806_i_v8_aa.jpg"></icon><desc>In het hart van schiereiland Valdés in Patagonië wordt regelmatig gejaagd op walvissen door een roofdier wiens geringe afmetingen zijn gruwelijke intenties verbergen, namelijk de zeemeeuw.</desc><category>Documentaire, Dieren</category></programme>