<programme channel="lgi-nl-prod-master:NL_000137_019214" start="20221019220000 +0000" stop="20221019221000 +0000" catchup-id="crid:~~2F~~2Fgn.tv~~2F18762979~~2FSH036100560000~~2F141976700,imi:f95cc42e814dbe972f88a1e5206c745abc9216d0"><title>Fryslân Hjoed</title><date></date><icon src="https://staticqbr-nl-prod.prod.cdn.dmdsdp.com/image-service/ImagesEPG/EventImages/p18762979_b_v11_ac.jpg"></icon><desc>It lêste nijs út Fryslân yn Fryslân Hjoed.</desc><category>Nieuws</category></programme><programme channel="lgi-nl-prod-master:NL_000137_019214" start="20221019221000 +0000" stop="20221019221500 +0000" catchup-id="crid:~~2F~~2Fgn.tv~~2F18769685~~2FSH036114540000~~2F141976701,imi:496c4da18c0ebe9bde19b42af0dff3bc32e41e6b"><title>It Waar</title><date></date><icon src="https://staticqbr-nl-prod.prod.cdn.dmdsdp.com/image-service/ImagesEPG/EventImages/p18769685_b_v11_ai.jpg"></icon><desc>It aktuele waar en de ferwachtingen foar de kommende dagen. Alle dagen nei Fryslân Hjoed.</desc><category>Weer, Nieuws</category></programme><programme channel="lgi-nl-prod-master:NL_000137_019214" start="20221019221500 +0000" stop="20221019223000 +0000" catchup-id="crid:~~2F~~2Fgn.tv~~2F18769661~~2FSH036114490000~~2F141976702,imi:6a9697c5fa7164badaddfad43e3f936e656b1fdf"><title>Hea!</title><date></date><icon src="https://staticqbr-nl-prod.prod.cdn.dmdsdp.com/image-service/ImagesEPG/EventImages/p18769661_b_v11_ab.jpg"></icon><desc>It programma oer 'hea' gewoane minsken yn somtiden 'hea' laryske situaasjes.</desc><category>Samenleving</category></programme><programme channel="lgi-nl-prod-master:NL_000137_019214" start="20221019223000 +0000" stop="20221019224000 +0000" catchup-id="crid:~~2F~~2Fgn.tv~~2F18762979~~2FSH036100560000~~2F141976703,imi:feb855193f55d5ebd3511913a0c0e5abe1672c2a"><title>Fryslân Hjoed</title><date></date><icon src="https://staticqbr-nl-prod.prod.cdn.dmdsdp.com/image-service/ImagesEPG/EventImages/p18762979_b_v11_ac.jpg"></icon><desc>It lêste nijs út Fryslân yn Fryslân Hjoed.</desc><category>Nieuws</category></programme><programme channel="lgi-nl-prod-master:NL_000137_019214" start="20221019224000 +0000" stop="20221019224500 +0000" catchup-id="crid:~~2F~~2Fgn.tv~~2F18769685~~2FSH036114540000~~2F141976704,imi:e2d9f72fdbc2ddf3b1ddc172f82c31a68131fd59"><title>It Waar</title><date></date><icon src="https://staticqbr-nl-prod.prod.cdn.dmdsdp.com/image-service/ImagesEPG/EventImages/p18769685_b_v11_ai.jpg"></icon><desc>It aktuele waar en de ferwachtingen foar de kommende dagen. Alle dagen nei Fryslân Hjoed.</desc><category>Weer, Nieuws</category></programme><programme channel="lgi-nl-prod-master:NL_000137_019214" start="20221019224500 +0000" stop="20221019230000 +0000" catchup-id="crid:~~2F~~2Fgn.tv~~2F18769661~~2FSH036114490000~~2F141976705,imi:89487891a31162ccab80eddb9da02834a96c797a"><title>Hea!</title><date></date><icon src="https://staticqbr-nl-prod.prod.cdn.dmdsdp.com/image-service/ImagesEPG/EventImages/p18769661_b_v11_ab.jpg"></icon><desc>It programma oer 'hea' gewoane minsken yn somtiden 'hea' laryske situaasjes.</desc><category>Samenleving</category></programme>