<programme channel="lgi-nl-prod-master:NL_000072_019298" start="20221019220000 +0000" stop="20221019223000 +0000" catchup-id="crid:~~2F~~2Fgn.tv~~2F14714565~~2FEP038314031630,imi:96474be9c57b8dede6fa87a1bb18d9e948f87178"><title>The Bold And The Beautiful, The Beginning</title><date></date><icon src="https://staticqbr-nl-prod.prod.cdn.dmdsdp.com/image-service/ImagesEPG/EventImages/p183907_b_v8_bw.jpg"></icon><desc>Deze soap speelt zich af in de stijlvolle modewereld in Los Angeles en vertelt over het leven van de leden van de rijke en machtige Forrester familie en hun relaties, romances en concurrenties.</desc><category>Soap</category></programme><programme channel="lgi-nl-prod-master:NL_000072_019298" start="20221019223000 +0000" stop="20221019230000 +0000" catchup-id="crid:~~2F~~2Fgn.tv~~2F1244990~~2FEP041979080073,imi:3dcb6faad16215b71b8499e5b159b437a50de03b"><title>Who's the Boss?</title><date>1990</date><icon src="https://staticqbr-nl-prod.prod.cdn.dmdsdp.com/image-service/ImagesEPG/EventImages/p7895024_b_v8_aa.jpg"></icon><desc>Tony ontdekt dat zijn honkbalheld betrokken is bij gewetenloze zakelijke transacties.</desc><category>Sitcoms</category></programme>