<programme channel="lgi-nl-prod-master:NL_000140_019594" start="20221019220000 +0000" stop="20221020020000 +0000" catchup-id="crid:~~2F~~2Fgn.tv~~2F18590380~~2FSH035703860000~~2F142995668,imi:57fc51d6fd78fe4324b98ea043739e3e48976bfb"><title>Gisteren gemist?</title><date></date><icon src="https://staticqbr-nl-prod.prod.cdn.dmdsdp.com/image-service/ImagesEPG/EventImages/p18590380_b_v8_ab.jpg"></icon><desc>Het programma van de voorgaande avond wordt opnieuw uitgezonden.</desc><category>Nieuws</category></programme>