<programme channel="lgi-nl-prod-master:NL_000068_020055" start="20221019220000 +0000" stop="20221019230000 +0000" catchup-id="crid:~~2F~~2Fgn.tv~~2F13230519~~2FSH025007580000~~2F137696356,imi:43c19e256e14ea9ca3eb6b06947b1969228b9e61"><title>Body &amp; Soul: Spiritual Sports</title><date></date><icon src="https://staticqbr-nl-prod.prod.cdn.dmdsdp.com/image-service/ImagesEPG/EventImages/p13230519_b_v8_ah.jpg"></icon><desc>Spiritual sports for your body and soul.</desc><category>Gezondheid, Exercise</category></programme>