<programme channel="lgi-nl-prod-master:NL_000010_019422" start="20221019222000 +0000" stop="20221019232000 +0000" catchup-id="crid:~~2F~~2Fgn.tv~~2F1712520~~2FEP032931240006,imi:493ddb63587fb3d7aff6f7792554317e9f5ea758"><title>ER</title><date>1994</date><icon src="https://staticqbr-nl-prod.prod.cdn.dmdsdp.com/image-service/ImagesEPG/EventImages/p7891881_b_v12_aa.jpg"></icon><desc>Een dronken Chloe komt de boel verstoren in het ziekenhuis. Benton redt een man met een ernstige keelwond en krijgt daarvoor lof van Morgenstern. Carter wint een fles champagne en krijgt tips voor een appartement.</desc><category>Dramaseries, Medisch</category></programme>