<programme channel="lgi-nl-prod-master:NL_000107_019441" start="20221019220000 +0000" stop="20221019230000 +0000" catchup-id="crid:~~2F~~2Fgn.tv~~2F23103691~~2FEP040541030053,imi:a0d2bc8bb5ddbd91ee13d13d9d873dedcd3b8a96"><title>ESPN In alle staten</title><date>2022</date><icon src="https://staticqbr-nl-prod.prod.cdn.dmdsdp.com/image-service/ImagesEPG/EventImages/p22600657_b_v11_aa.jpg"></icon><desc>In ESPN In alle staten komen iedere week de mooiste verhalen uit de Amerikaanse sporten aan bod.</desc><category>Sport, Sporttalkshow</category></programme>