<programme channel="lgi-nl-prod-master:NL_000097_019370" start="20221019224500 +0000" stop="20221019234000 +0000" catchup-id="crid:~~2F~~2Fgn.tv~~2F23091617~~2FEP036120800078,imi:e2e9d4331a71fa4af7a7da13ff34839b3adb4c83"><title>NASCAR Cup Series</title><date>2022</date><icon src="https://staticqbr-nl-prod.prod.cdn.dmdsdp.com/image-service/ImagesEPG/EventImages/p8599472_b_v12_ag.jpg"></icon><desc>Hoogtepunten van de South Point 400, gereden op de Las Vegas Motor Speedway in de Nascar Cup Series.</desc><category>Sport, Motorsport</category></programme>