<programme channel="lgi-nl-prod-master:NL_000125_019294" start="20221019220000 +0000" stop="20221020020000 +0000" catchup-id="crid:~~2F~~2Fgn.tv~~2F23120364~~2FSH044862160000~~2F144179985,imi:2748189b79b2938b869edf0267a8ee2d46552ce1"><title>SLAM! - Boost Your Night!</title><date></date><icon src="https://staticqbr-nl-prod.prod.cdn.dmdsdp.com/image-service/ImagesEPG/EventImages/p23120364_b_v8_aa.jpg"></icon><desc>Uitzending van de populairste videoclips om de nacht mee door te komen.</desc><category>Entertainment</category></programme>