<programme channel="lgi-nl-prod-master:NL_000133_019271" start="20221019040000 +0000" stop="20221019070000 +0000" catchup-id="crid:~~2F~~2Fgn.tv~~2F18753680~~2FSH036081860000~~2F140727193,imi:25f1f2eef72f4a4b44eb278c013da687e6e20373"><title>100% Ochtendshow</title><date></date><icon src="https://staticqbr-nl-prod.prod.cdn.dmdsdp.com/image-service/ImagesEPG/EventImages/p18753680_b_v12_ab.jpg"></icon><desc>Ochtendprogramma met muziek van uiteenlopende artiesten van eigen bodem.</desc><category>Muziek</category></programme><programme channel="lgi-nl-prod-master:NL_000133_019271" start="20221019070000 +0000" stop="20221019090000 +0000" catchup-id="crid:~~2F~~2Fgn.tv~~2F18753683~~2FSH036081870000~~2F140727196,imi:4990a34c51eed920e19d6534db86bf391cbcd7f6"><title>100% VIP Ochtend</title><date></date><icon src="https://staticqbr-nl-prod.prod.cdn.dmdsdp.com/image-service/ImagesEPG/EventImages/p18753683_b_v12_ab.jpg"></icon><desc>Non-stop de clips van o.a. Nick &amp; Simon, Anouk, Nielson, Guus Meeuwis, Jan Smit, Marco Borsato en Ilse DeLange. Maar ook klassiekers van Doe Maar, Toontje Lager en Het Goede Doel.</desc><category>Muziek</category></programme><programme channel="lgi-nl-prod-master:NL_000133_019271" start="20221019090000 +0000" stop="20221019130000 +0000" catchup-id="crid:~~2F~~2Fgn.tv~~2F18753686~~2FSH036081890000~~2F140727205,imi:3de25179f6dbb2c1ff4772eb5c4efc113761c523"><title>100% Muziek</title><date></date><icon src="https://staticqbr-nl-prod.prod.cdn.dmdsdp.com/image-service/ImagesEPG/EventImages/p18753686_b_v12_aa.jpg"></icon><desc>Clips met populaire muziek van uiteenlopende Nederlandse artiesten.</desc><category>Muziek</category></programme><programme channel="lgi-nl-prod-master:NL_000133_019271" start="20221019130000 +0000" stop="20221019160000 +0000" catchup-id="crid:~~2F~~2Fgn.tv~~2F18753690~~2FSH036081920000~~2F140727215,imi:5d4fa9217b30049c6d7b7eb5c8cafc8f09b51287"><title>100% De week van 100% NL</title><date></date><icon src="https://staticqbr-nl-prod.prod.cdn.dmdsdp.com/image-service/ImagesEPG/EventImages/p18753690_i_v12_aa.jpg"></icon><desc>Non-stop populaire muziek van uiteenlopende artiesten en de beste clips van Nederlandse bodem.</desc><category>Muziek</category></programme><programme channel="lgi-nl-prod-master:NL_000133_019271" start="20221019160000 +0000" stop="20221019190000 +0000" catchup-id="crid:~~2F~~2Fgn.tv~~2F18753617~~2FSH036081660000~~2F140727220,imi:28f139977cef53d90f944f8d2a26acfe4ef365f8"><title>100% De muziek van Nederland</title><date></date><icon src="https://staticqbr-nl-prod.prod.cdn.dmdsdp.com/image-service/ImagesEPG/EventImages/p18753617_b_v11_ab.jpg"></icon><desc>Non-stop de meest populaire muziek van uiteenlopende artiesten van eigen bodem.</desc><category>Muziek</category></programme><programme channel="lgi-nl-prod-master:NL_000133_019271" start="20221019190000 +0000" stop="20221019210000 +0000" catchup-id="crid:~~2F~~2Fgn.tv~~2F18753691~~2FSH036081930000~~2F140727230,imi:14bdfa95a7d57fcf086d6d2634f672773c176607"><title>100% Relax</title><date></date><icon src="https://staticqbr-nl-prod.prod.cdn.dmdsdp.com/image-service/ImagesEPG/EventImages/p18753691_i_v11_aa.jpg"></icon><desc>Een ontspannende muziekmix van uiteenlopende muziek van eigen bodem.</desc><category>Muziek</category></programme><programme channel="lgi-nl-prod-master:NL_000133_019271" start="20221019210000 +0000" stop="20221020040000 +0000" catchup-id="crid:~~2F~~2Fgn.tv~~2F18753675~~2FSH036081840000~~2F140727235,imi:7b2e60ed771bb768dd2232025b95342a6496082d"><title>100% Muzieknacht</title><date></date><icon src="https://staticqbr-nl-prod.prod.cdn.dmdsdp.com/image-service/ImagesEPG/EventImages/p18753675_b_v12_aa.jpg"></icon><desc>Nachtelijk programma met clips van populaire muziek van uiteenlopende artiesten van eigen bodem.</desc><category>Muziek</category></programme>