<programme channel="lgi-nl-prod-master:NL_000091_019490" start="20221019220000 +0000" stop="20221019223000 +0000" catchup-id="crid:~~2F~~2Fgn.tv~~2F18688938~~2FEP035921370009,imi:8f3ee171298dde9452577cc8d4e1af48c0f649d6"><title>Dromige Nachten</title><date>2021</date><icon src="https://staticqbr-nl-prod.prod.cdn.dmdsdp.com/image-service/ImagesEPG/EventImages/p8104316_b_v8_al.jpg"></icon><desc>Ga mee op een rustige reis onder een donkerblauwe sterrenhemel met fonkelende sterren. De zachte tinten en kalme melodieën zorgen voor een rustgevende en dromerige nacht.</desc><category>Kinderen, Animatie, Educatie</category></programme><programme channel="lgi-nl-prod-master:NL_000091_019490" start="20221019223000 +0000" stop="20221019230000 +0000" catchup-id="crid:~~2F~~2Fgn.tv~~2F18688931~~2FEP035921370007,imi:409eda1c9654c1d61bcc9153034df776e516de18"><title>Dromige Nachten</title><date>2021</date><icon src="https://staticqbr-nl-prod.prod.cdn.dmdsdp.com/image-service/ImagesEPG/EventImages/p8104316_b_v8_al.jpg"></icon><desc>Tijd om wat langzamer aan te doen en uit te rusten en relaxen.</desc><category>Kinderen, Animatie, Educatie</category></programme>