<programme channel="lgi-nl-prod-master:NL_000046_020053" start="20221019221000 +0000" stop="20221019233000 +0000" catchup-id="crid:~~2F~~2Fgn.tv~~2F16971020~~2FMV013770890000,imi:86e59b68ee2c275d80ff39696583a9f4d988b742"><title>Die Schwalben von Kabul</title><date>2019</date><icon src="https://staticqbr-nl-prod.prod.cdn.dmdsdp.com/image-service/ImagesEPG/EventImages/p16971020_b_v11_ad.jpg"></icon><desc>Im Sommer 1998 liegt das von Taliban besetzte Kabul in Trümmern. Die gewaltsame Herrschaft fordert täglich ihre Opfer. Trotz der Gefahr und Not, die ihren Alltag prägt, hoffen Zunaira und Mohsen auf eine bessere Zeit. Die beiden sind jung und verliebt. Zwei Liebende, die sich mit nichts als Zuneigung begegnen wollen, bis eines Tages eine unbedachte Geste Mohsens alles in Frage stellt und ihr Leben für immer verändert.</desc><category>Drama, Film, Animatie</category></programme>