<programme channel="lgi-nl-prod-master:NL_000158_019266" start="20221019223000 +0000" stop="20221020000000 +0000" catchup-id="crid:~~2F~~2Fgn.tv~~2F12202821~~2FSH022830890000~~2F144561002,imi:50b145423da75c03997a60bb4892521be57a6344"><title>Aramizda Kalsin</title><date></date><icon src="https://staticqbr-nl-prod.prod.cdn.dmdsdp.com/image-service/ImagesEPG/EventImages/p12202821_st_v8_aa.jpg"></icon><desc>Gaziantep'te yasayan ve iki çocuk sahibi olan Yadigar'ın hayati onikinci evlilik yıldönümünde alt ust olur. Kocası Halil'in onu aldattigini ögrenince çocuklari Yaren ve Yunus'u da alarak babasinin evine gider.</desc><category>Komedie</category></programme>