<programme channel="lgi-nl-prod-master:NL_000108_019561" start="20221018220000 +0000" stop="20221018230000 +0000" catchup-id="crid:~~2F~~2Fgn.tv~~2F23103691~~2FEP040541030053,imi:545a9cc5bc10852892a8b97934779befa15d2e52"><title>ESPN In alle staten</title><date>2022</date><icon src="https://staticqbr-nl-prod.prod.cdn.dmdsdp.com/image-service/ImagesEPG/EventImages/p22600657_b_v11_aa.jpg"></icon><desc>In ESPN In alle staten komen iedere week de mooiste verhalen uit de Amerikaanse sporten aan bod.</desc><category>Sport, Sporttalkshow</category></programme><programme channel="lgi-nl-prod-master:NL_000108_019561" start="20221018230000 +0000" stop="20221019013000 +0000" catchup-id="crid:~~2F~~2Fgn.tv~~2F22566151~~2FEP033965810422,imi:c67c7e459fa676c44c2e8895c109a7bf783457fa"><title>NHL</title><date>2022</date><icon src="https://staticqbr-nl-prod.prod.cdn.dmdsdp.com/image-service/ImagesEPG/EventImages/p191278_b_v12_aj.jpg"></icon><desc>Verslag van de wedstrijd Columbus Blue Jackets - Vancouver Canucks, gespeeld in de NHL.</desc><category>Sport, IJshockey</category></programme><programme channel="lgi-nl-prod-master:NL_000108_019561" start="20221019013000 +0000" stop="20221019020000 +0000" catchup-id="crid:~~2F~~2Fgn.tv~~2F23103739~~2FEP030259740240,imi:1a108d3985fbbb4e0c66b33a5e334f00fff0cc94"><title>Ajax TV</title><date>2022</date><icon src="https://staticqbr-nl-prod.prod.cdn.dmdsdp.com/image-service/ImagesEPG/EventImages/p21313307_b_v8_ab.jpg"></icon><desc>Het laatste nieuws, voor- en nabeschouwingen en reportages rondom Ajax.</desc><category>Sport, Voetbal</category></programme><programme channel="lgi-nl-prod-master:NL_000108_019561" start="20221019020000 +0000" stop="20221019042800 +0000" catchup-id="crid:~~2F~~2Fgn.tv~~2F22792632~~2FEP033918221688,imi:22f48d8fc3cae7e463f16dbe239f870ae3aa14b3"><title>NBA</title><date>2022</date><icon src="https://staticqbr-nl-prod.prod.cdn.dmdsdp.com/image-service/ImagesEPG/EventImages/p22792632_tb2_v12_ad.jpg"></icon><desc>Verslag van de wedstrijd Golden State Warriors - Los Angeles Lakers, gespeeld in de NBA.</desc><category>Sport, Basketbal</category></programme><programme channel="lgi-nl-prod-master:NL_000108_019561" start="20221019042800 +0000" stop="20221019063000 +0000" catchup-id="crid:~~2F~~2Fgn.tv~~2F480440~~2FSH030038440000~~2F143842730,imi:b17a6994bc60edbc94fddf48715f8dbe6265c6e6"><title>Geen uitzending</title><date></date><icon src="https://staticqbr-nl-prod.prod.cdn.dmdsdp.com/image-service/ImagesEPG/EventImages/p480440_b_v12_ci.jpg"></icon><desc>Geen uitzending.</desc><category></category></programme><programme channel="lgi-nl-prod-master:NL_000108_019561" start="20221019043000 +0000" stop="20221019050000 +0000" catchup-id="crid:~~2F~~2Fgn.tv~~2F23103739~~2FEP030259740240,imi:0d07abf7cebb387ef42f81a0f65e49d5d2e04a7e"><title>Ajax TV</title><date>2022</date><icon src="https://staticqbr-nl-prod.prod.cdn.dmdsdp.com/image-service/ImagesEPG/EventImages/p21313307_b_v8_ab.jpg"></icon><desc>Het laatste nieuws, voor- en nabeschouwingen en reportages rondom Ajax.</desc><category>Sport, Voetbal</category></programme><programme channel="lgi-nl-prod-master:NL_000108_019561" start="20221019050000 +0000" stop="20221019053000 +0000" catchup-id="crid:~~2F~~2Fgn.tv~~2F23103905~~2FEP030290160242,imi:9f01b03940975b2baefce6471d0494e92d6a889f"><title>PSV TV</title><date>2022</date><icon src="https://staticqbr-nl-prod.prod.cdn.dmdsdp.com/image-service/ImagesEPG/EventImages/p21371000_b_v12_ac.jpg"></icon><desc>Het laatste nieuws, voor- en nabeschouwingen, items en reportages rondom PSV.</desc><category>Sport, Sporttalkshow, Voetbal</category></programme><programme channel="lgi-nl-prod-master:NL_000108_019561" start="20221019053000 +0000" stop="20221019060000 +0000" catchup-id="crid:~~2F~~2Fgn.tv~~2F14613539~~2FSH037396370000~~2F145123433,imi:84e4e8462712c718b55d5e252f00343282464546"><title>TOTO KNVB Beker</title><date></date><icon src="https://staticqbr-nl-prod.prod.cdn.dmdsdp.com/image-service/ImagesEPG/EventImages/p14613539_b_v8_ad.jpg"></icon><desc>Alle samenvattingen van de wedstrijden uit de KNVB beker. Profclubs uit de Eredivisie, de Jupiler League en de beste amateurverenigingen gaan de strijd met elkaar aan om de KNVB Beker.</desc><category>Sport, Voetbal</category></programme><programme channel="lgi-nl-prod-master:NL_000108_019561" start="20221019060000 +0000" stop="20221019063000 +0000" catchup-id="crid:~~2F~~2Fgn.tv~~2F23158082~~2FEP044496230003,imi:d122d002e6f16846038083c96a0f75d207935f0c"><title>FC Twente TV</title><date>2022</date><icon src="https://staticqbr-nl-prod.prod.cdn.dmdsdp.com/image-service/ImagesEPG/EventImages/p22914240_b_v12_ab.jpg"></icon><desc>In deze special brengen we met Daan Rots een bezoek aan zijn oude amateurclub SV Grol waar hij ook een jeugdteam traint, zijn ouderlijk huis en plekken waar hij zijn eerste balletje trapte met vrienden.</desc><category>Sport, Voetbal</category></programme><programme channel="lgi-nl-prod-master:NL_000108_019561" start="20221019063000 +0000" stop="20221019070000 +0000" catchup-id="crid:~~2F~~2Fgn.tv~~2F11609594~~2FSH034700110000~~2F143842758,imi:816a1ce1d57f65ee3ef0b83e16910a85464ebae0"><title>MLS Highlights</title><date></date><icon src="https://staticqbr-nl-prod.prod.cdn.dmdsdp.com/image-service/ImagesEPG/EventImages/p11609594_b_v12_bd.jpg"></icon><desc>De hoogtepunten en samenvattingen van de voetbalwedstrijden van de afgelopen speelronde uit de Amerikaanse Major League Soccer.</desc><category>Voetbal, Sporttalkshow</category></programme><programme channel="lgi-nl-prod-master:NL_000108_019561" start="20221019070000 +0000" stop="20221019080000 +0000" catchup-id="crid:~~2F~~2Fgn.tv~~2F22792632~~2FEP033918221688,imi:6b6a62b8ca4eec10f5e71dd822564968fe5353f8"><title>NBA</title><date>2022</date><icon src="https://staticqbr-nl-prod.prod.cdn.dmdsdp.com/image-service/ImagesEPG/EventImages/p22792632_tb2_v12_ad.jpg"></icon><desc>Verslag van de wedstrijd Golden State Warriors - Los Angeles Lakers, gespeeld in de NBA.</desc><category>Sport, Basketbal</category></programme><programme channel="lgi-nl-prod-master:NL_000108_019561" start="20221019080000 +0000" stop="20221019084500 +0000" catchup-id="crid:~~2F~~2Fgn.tv~~2F22978990~~2FEP040301040365,imi:c981f230006c71331439d68c510531f690acafd4"><title>SportsCenter</title><date></date><icon src="https://staticqbr-nl-prod.prod.cdn.dmdsdp.com/image-service/ImagesEPG/EventImages/p21279520_b_v12_ab.jpg"></icon><desc>Dagelijks nieuwsprogramma van ESPN waarin de belangrijkste zaken uit de sportwereld voorbij komen.</desc><category>Sport, Sporttalkshow</category></programme><programme channel="lgi-nl-prod-master:NL_000108_019561" start="20221019084500 +0000" stop="20221019103000 +0000" catchup-id="crid:~~2F~~2Fgn.tv~~2F23103814~~2FEP037554870047,imi:6ddf26294c74e107b93fff10735cdd1f52f02ead"><title>TOTO KNVB Beker</title><date>2022</date><icon src="https://staticqbr-nl-prod.prod.cdn.dmdsdp.com/image-service/ImagesEPG/EventImages/p23103814_tb2_v12_aa.jpg"></icon><desc>Verslag van de wedstrijd FC Eindhoven - Willem II uit de TOTO KNVB Beker.</desc><category>Sport, Voetbal</category></programme><programme channel="lgi-nl-prod-master:NL_000108_019561" start="20221019103000 +0000" stop="20221019111500 +0000" catchup-id="crid:~~2F~~2Fgn.tv~~2F23103911~~2FEP043965180011,imi:41ff9a2262da10e40e226b846d52062ae739f8ed"><title>Fresia &amp; Milan parkeren de bus</title><date>2022</date><icon src="https://staticqbr-nl-prod.prod.cdn.dmdsdp.com/image-service/ImagesEPG/EventImages/p22648244_b_v8_aa.jpg"></icon><desc>Fresia en Milan parkeren wekelijks hun busje bij de hoofdrolspelers uit het Nederlandse voetbal.</desc><category>Sport, Voetbal</category></programme><programme channel="lgi-nl-prod-master:NL_000108_019561" start="20221019111500 +0000" stop="20221019120000 +0000" catchup-id="crid:~~2F~~2Fgn.tv~~2F22978990~~2FEP040301040365,imi:2ffd7ba9599e96d99cf1d29e5ad64aa8d2919e52"><title>SportsCenter</title><date></date><icon src="https://staticqbr-nl-prod.prod.cdn.dmdsdp.com/image-service/ImagesEPG/EventImages/p21279520_b_v12_ab.jpg"></icon><desc>Dagelijks nieuwsprogramma van ESPN waarin de belangrijkste zaken uit de sportwereld voorbij komen.</desc><category>Sport, Sporttalkshow</category></programme><programme channel="lgi-nl-prod-master:NL_000108_019561" start="20221019120000 +0000" stop="20221019150000 +0000" catchup-id="crid:~~2F~~2Fgn.tv~~2F23170869~~2FEP040757680006,imi:179eb38c7efe3a5a804865a113a47790a34e9c15"><title>eDivisie</title><date>2022</date><icon src=""></icon><desc>Verslag van de wedstrijden uit de eDivisie in het seizoen 2022-2023.</desc><category>Sport, eSports</category></programme><programme channel="lgi-nl-prod-master:NL_000108_019561" start="20221019150000 +0000" stop="20221019151500 +0000" catchup-id="crid:~~2F~~2Fgn.tv~~2F23170885~~2FEP037396370088,imi:0d3fd34175ff41254291904a4a680a5a739c3927"><title>TOTO KNVB Beker</title><date>2022</date><icon src="https://staticqbr-nl-prod.prod.cdn.dmdsdp.com/image-service/ImagesEPG/EventImages/p21372694_b_v8_aa.jpg"></icon><desc>Samenvatting van de wedstrijd FC Eindhoven - Willem II uit de TOTO KNVB Beker.</desc><category>Sport, Voetbal</category></programme><programme channel="lgi-nl-prod-master:NL_000108_019561" start="20221019151500 +0000" stop="20221019161500 +0000" catchup-id="crid:~~2F~~2Fgn.tv~~2F17736371~~2FSH033966030000~~2F143842736,imi:dbb5474c6c706e057eaea13d039b9be9dd4a66d6"><title>Tien jaar Terug</title><date></date><icon src="https://staticqbr-nl-prod.prod.cdn.dmdsdp.com/image-service/ImagesEPG/EventImages/p17736371_b_v8_ac.jpg"></icon><desc>Een terugblik op het Eredivisie-seizoen van 10 jaar geleden.</desc><category>Sport, Variété, Geschiedenis</category></programme><programme channel="lgi-nl-prod-master:NL_000108_019561" start="20221019161500 +0000" stop="20221019164500 +0000" catchup-id="crid:~~2F~~2Fgn.tv~~2F23103766~~2FEP040540590050,imi:f79bad2355a7adf59a3e92f7ac3ecea5cfb196b6"><title>TOTO KNVB Beker Live</title><date>2022</date><icon src="https://staticqbr-nl-prod.prod.cdn.dmdsdp.com/image-service/ImagesEPG/EventImages/p20825130_b_v8_aa.jpg"></icon><desc>Live programma rondom de wedstrijden in de TOTO KNVB Beker op ESPN en FOX. Met reportages, analyses, interviews, statistieken en samenvattingen van de wedstrijden.</desc><category>Sport, Voetbal</category></programme><programme channel="lgi-nl-prod-master:NL_000108_019561" start="20221019164500 +0000" stop="20221019184000 +0000" catchup-id="crid:~~2F~~2Fgn.tv~~2F23103833~~2FEP037554870049,imi:a9506e096ed2ac900c03cc925f25a9eaf1319761"><title>TOTO KNVB Beker</title><date>2022</date><icon src="https://staticqbr-nl-prod.prod.cdn.dmdsdp.com/image-service/ImagesEPG/EventImages/p23103833_tb2_v12_aa.jpg"></icon><desc>Verslag van de wedstrijd FC Dordrecht - FC Groningen uit de TOTO KNVB Beker.</desc><category>Sport, Voetbal</category></programme><programme channel="lgi-nl-prod-master:NL_000108_019561" start="20221019184000 +0000" stop="20221019191500 +0000" catchup-id="crid:~~2F~~2Fgn.tv~~2F23103773~~2FEP040540590051,imi:e38855843df890d9cf16d30b6755a94607f0ab7b"><title>TOTO KNVB Beker Live</title><date>2022</date><icon src="https://staticqbr-nl-prod.prod.cdn.dmdsdp.com/image-service/ImagesEPG/EventImages/p20825130_b_v8_aa.jpg"></icon><desc>Live programma rondom de wedstrijden in de TOTO KNVB Beker op ESPN en FOX. Met reportages, analyses, interviews, statistieken en samenvattingen van de wedstrijden.</desc><category>Sport, Voetbal</category></programme><programme channel="lgi-nl-prod-master:NL_000108_019561" start="20221019191500 +0000" stop="20221019201500 +0000" catchup-id="crid:~~2F~~2Fgn.tv~~2F17736371~~2FSH033966030000~~2F143842740,imi:87aca8669536d372c4e4288e250c403023393ff5"><title>Tien jaar Terug</title><date></date><icon src="https://staticqbr-nl-prod.prod.cdn.dmdsdp.com/image-service/ImagesEPG/EventImages/p17736371_b_v8_ac.jpg"></icon><desc>Een terugblik op het Eredivisie-seizoen van 10 jaar geleden.</desc><category>Sport, Variété, Geschiedenis</category></programme><programme channel="lgi-nl-prod-master:NL_000108_019561" start="20221019201500 +0000" stop="20221019210000 +0000" catchup-id="crid:~~2F~~2Fgn.tv~~2F23103911~~2FEP043965180011,imi:d35aab5751fd8f10d2d54fbe64a4ca5c035c6c3a"><title>Fresia &amp; Milan parkeren de bus</title><date>2022</date><icon src="https://staticqbr-nl-prod.prod.cdn.dmdsdp.com/image-service/ImagesEPG/EventImages/p22648244_b_v8_aa.jpg"></icon><desc>Fresia en Milan parkeren wekelijks hun busje bij de hoofdrolspelers uit het Nederlandse voetbal.</desc><category>Sport, Voetbal</category></programme><programme channel="lgi-nl-prod-master:NL_000108_019561" start="20221019210000 +0000" stop="20221019233000 +0000" catchup-id="crid:~~2F~~2Fgn.tv~~2F23131299~~2FEP033982340098,imi:a423cef15771ecdf3cc3b04408490e3b06f25a78"><title>FC Utrecht TV</title><date>2022</date><icon src="https://staticqbr-nl-prod.prod.cdn.dmdsdp.com/image-service/ImagesEPG/EventImages/p21372664_b_v8_ac.jpg"></icon><desc>Wekelijks magazine met het laatste nieuws, voor- en nabeschouwingen en reportages rondom FC Utrecht.</desc><category>Sport, Voetbal</category></programme>