<programme channel="lgi-nl-prod-master:NL_000052_019655" start="20221018233000 +0000" stop="20221019010500 +0000" catchup-id="crid:~~2F~~2Fgn.tv~~2F3626180~~2FMV017961520000,imi:4eff0343c96836d36a357f6d399fa77a7fd9e214"><title>Dread</title><date>2009</date><icon src="https://staticqbr-nl-prod.prod.cdn.dmdsdp.com/image-service/ImagesEPG/EventImages/p3626180_v_v8_aa.jpg"></icon><desc>Stephen Grace is een student aan de filmacademie. Op een dag ontmoet hij de mysterieuze Quaid (Shaun Evans), die een obsessie heeft voor angst. Deze weet Stephen ervan te overtuigen om samen met hem en hun klasgenoot Cheryl de diepste angsten van hun medestudenten vast te leggen. Maar al snel wordt het duidelijk dat Quaid een groot geheim uit het verleden met zich meedraagt. Zijn experimenten gaan steeds verder, waardoor de levens van Stephen en Cheryl veranderen in hun ergste nachtmerrie.</desc><category>Film, Horror</category></programme><programme channel="lgi-nl-prod-master:NL_000052_019655" start="20221019010500 +0000" stop="20221019025000 +0000" catchup-id="crid:~~2F~~2Fgn.tv~~2F19368219~~2FMV018365910000,imi:bb55a845d5f1c7741fc1fc7bb77da5382b89761b"><title>Dark Web: Cicada 3301</title><date>2021</date><icon src="https://staticqbr-nl-prod.prod.cdn.dmdsdp.com/image-service/ImagesEPG/EventImages/p19368219_v_v12_aa.jpg"></icon><desc>Connor, een geniale hacker, stuit tijdens een van zijn illegale computerkraken op een verborgen bericht van een geheim genootschap dat zich Cicada 3301 noemt. Cicada blijkt achter de schermen een gigantische macht over de hele wereld te hebben. Connor raakt betrokken bij een levensgevaarlijke, geheime strijd tussen het genootschap en de Amerikaanse geheime dienst NSA. Wat begon als een intrigerend mysterie verandert al snel in een gevecht op leven en dood.</desc><category>Film, Thriller, Actie, Komedie</category></programme><programme channel="lgi-nl-prod-master:NL_000052_019655" start="20221019025000 +0000" stop="20221019043000 +0000" catchup-id="crid:~~2F~~2Fgn.tv~~2F11016518~~2FMV011620300000,imi:212b9d2cb859054492a0fa47531a92c86ac7bf76"><title>John Wick</title><date>2014</date><icon src="https://staticqbr-nl-prod.prod.cdn.dmdsdp.com/image-service/ImagesEPG/EventImages/p11016518_v_v8_az.jpg"></icon><desc>Ex-huurmoordenaar Johh Wick heeft zijn verleden afgezworen en wil in alle rust genieten van zijn leven in New York. Maar wanneer een crimineel zijn Ford Mustang steelt en zijn hond doodt, kan hij niet anders dan in zijn oude gewoontes hervallen.</desc><category>Film, Actie, Thriller</category></programme><programme channel="lgi-nl-prod-master:NL_000052_019655" start="20221019043000 +0000" stop="20221019060000 +0000" catchup-id="crid:~~2F~~2Fgn.tv~~2F15421313~~2FMV012079260000,imi:846b134f887a76993aae289cb8846ba77b568ddd"><title>Quality Time</title><date>2017</date><icon src="https://staticqbr-nl-prod.prod.cdn.dmdsdp.com/image-service/ImagesEPG/EventImages/p15421313_v_v12_aa.jpg"></icon><desc>Vijf verhalen over mannen die zich door het leven worstelen. Koen gaat naar een familiereünie, Stefaan haalt herinneringen op, Kjell heeft geen zelfvertrouwen, Karel werd door aliens ontvoerd en Jef wil indruk maken op zijn schoonfamilie.</desc><category>Film, Komedie</category></programme><programme channel="lgi-nl-prod-master:NL_000052_019655" start="20221019060000 +0000" stop="20221019074000 +0000" catchup-id="crid:~~2F~~2Fgn.tv~~2F16949054~~2FMV015674290000,imi:535021d49c68ad829cc7ea8cfd93f4412c341ac3"><title>Fête de famille</title><date>2019</date><icon src="https://staticqbr-nl-prod.prod.cdn.dmdsdp.com/image-service/ImagesEPG/EventImages/p16949054_v_v7_af.jpg"></icon><desc>Komisch Frans drama waarin een familiereünie ter gelegenheid van de zeventigste verjaardag van de 'mater familias' verloopt anders dan verwacht.</desc><category>Film, Komedie</category></programme><programme channel="lgi-nl-prod-master:NL_000052_019655" start="20221019074000 +0000" stop="20221019091000 +0000" catchup-id="crid:~~2F~~2Fgn.tv~~2F17542172~~2FMV017815080000,imi:8601909dabc8eea762134d42e20b3d091ebb3f10"><title>Undine</title><date>2020</date><icon src="https://staticqbr-nl-prod.prod.cdn.dmdsdp.com/image-service/ImagesEPG/EventImages/p17542172_v_v12_ad.jpg"></icon><desc>Als je weggaat, moet je dood. Met deze woorden laat de schijnbaar onbewogen Undine Johannes achter op een Berlijns terras, net nadat hij gezegd heeft niet met haar verder te willen. Undine is historica en gids, gespecialiseerd in de stadsontwikkeling van Berlijn. Tijdens haar werk valt ze halsoverkop voor beroepsduiker Christoph. Voor hen beiden gaat een nieuwe wereld open, vol liefde en vertrouwen.</desc><category>Drama, Film, Romantiek</category></programme><programme channel="lgi-nl-prod-master:NL_000052_019655" start="20221019091000 +0000" stop="20221019104000 +0000" catchup-id="crid:~~2F~~2Fgn.tv~~2F19235083~~2FMV018013200000,imi:8e3f215b52658cd25260004b6f8704f35ba671d2"><title>Envole-moi</title><date>2021</date><icon src="https://staticqbr-nl-prod.prod.cdn.dmdsdp.com/image-service/ImagesEPG/EventImages/p19235083_v_v12_aa.jpg"></icon><desc>Thomas brengt zijn nachten door in clubs en zijn dagen in bed, tot op de dag dat zijn vader, Dr. Reinhard, zijn capriolen beu is. Hij besluit hem de pas af te snijden en dwingt hem de zorg op zich te nemen voor één van zijn jonge patiënten. Marcus is twaalf jaar oud en woont alleen bij zijn moeder. Sinds zijn geboorte lijdt hij aan een ernstige ziekte die zijn leven ernstig beïnvloed. Deze ontmoeting zal het dagelijks leven van beiden op zijn kop zetten en hun leven danig veranderen.</desc><category>Film, Komedie</category></programme><programme channel="lgi-nl-prod-master:NL_000052_019655" start="20221019104000 +0000" stop="20221019125000 +0000" catchup-id="crid:~~2F~~2Fgn.tv~~2F8417791~~2FMV011818610000,imi:2e1f2794dcdc062be3e39229330fcbbcc0c89c76"><title>Moneyball</title><date>2011</date><icon src="https://staticqbr-nl-prod.prod.cdn.dmdsdp.com/image-service/ImagesEPG/EventImages/p8417791_v_v12_an.jpg"></icon><desc>Wanneer Billy Beane manager wordt van de Oakland A's, een honkbalteam met geldproblemen, gebruikt hij een wel heel onorthodoxe manier om resultaten te halen.</desc><category>Drama, Film</category></programme><programme channel="lgi-nl-prod-master:NL_000052_019655" start="20221019125000 +0000" stop="20221019143000 +0000" catchup-id="crid:~~2F~~2Fgn.tv~~2F9076083~~2FMV010890930000,imi:3f6f9b6c31d61f71db15b64b3b8d90963dbcf943"><title>Hope Springs</title><date>2012</date><icon src="https://staticqbr-nl-prod.prod.cdn.dmdsdp.com/image-service/ImagesEPG/EventImages/p9076083_v_v8_ac.jpg"></icon><desc>Kay en Arnold Soames zijn dertig jaar getrouwd, maar hun huwelijk zit in het slop. Ze weet hem over te halen om samen een week lang huwelijks- en sekstherapie te volgen.</desc><category>Film, Komedie</category></programme><programme channel="lgi-nl-prod-master:NL_000052_019655" start="20221019143000 +0000" stop="20221019161500 +0000" catchup-id="crid:~~2F~~2Fgn.tv~~2F10488558~~2FMV012755600000,imi:6c67951df08c9c23ba74b5ea4541d7a37093be65"><title>Whiplash</title><date>2014</date><icon src="https://staticqbr-nl-prod.prod.cdn.dmdsdp.com/image-service/ImagesEPG/EventImages/p10488558_v_v8_aa.jpg"></icon><desc>Andrew Neiman is een veelbelovende 19-jarige drummer, die studeert aan het prestigieuze Shaffer Conservatory in New York. Hij wordt er opgemerkt door de briljante muziekdocent Terence Fletcher, die bekend staat om zijn gevreesde, spartaanse lesmethoden. Fletcher nodigt Andrew uit om in zijn exclusieve jazzband plaats te nemen als plaatsvervangend drummer. De meedogenloze leraar drijft Andrew niet alleen tot het uiterste van zijn muzikale en fysieke kunnen, maar ook bijna tot waanzin.</desc><category>Drama, Film, Muziek</category></programme><programme channel="lgi-nl-prod-master:NL_000052_019655" start="20221019161500 +0000" stop="20221019183000 +0000" catchup-id="crid:~~2F~~2Fgn.tv~~2F10016553~~2FMV012229260000,imi:5cf20a21b994526906eaac5825b718b5c417dd58"><title>American Hustle</title><date>2013</date><icon src="https://staticqbr-nl-prod.prod.cdn.dmdsdp.com/image-service/ImagesEPG/EventImages/p10016553_v_v8_aa.jpg"></icon><desc>Amerika, 1978. Irving Rosenfeld is een briljante oplichter die samen met zijn sluwe Britse partner en minnares Sydney Prosser wordt betrapt door de FBI. De losgeslagen FBI-agent Richie DiMaso stelt hen voor de keuze: of ze gaan allebei de gevangenis in, of ze verlenen hun medewerking aan het onderzoek naar louche geldstromen rond de casino's van Atlantic City.</desc><category>Film, Misdaaddrama</category></programme><programme channel="lgi-nl-prod-master:NL_000052_019655" start="20221019183000 +0000" stop="20221019202000 +0000" catchup-id="crid:~~2F~~2Fgn.tv~~2F8034511~~2FMV010648310000,imi:adcb7964af6d031a716591b9cad1d75579251602"><title>Animal Kingdom</title><date>2010</date><icon src="https://staticqbr-nl-prod.prod.cdn.dmdsdp.com/image-service/ImagesEPG/EventImages/p8034511_v_v12_ae.jpg"></icon><desc>Sinds de dood van zijn moeder woont de zeventienjarige Joshua bij zijn grootmoeder Janine en haar drie criminele zonen. Door een moord komen de spanningen tussen de politie en de familie tot uitbarsting.</desc><category>Film, Misdaaddrama</category></programme><programme channel="lgi-nl-prod-master:NL_000052_019655" start="20221019202000 +0000" stop="20221019214500 +0000" catchup-id="crid:~~2F~~2Fgn.tv~~2F18106165~~2FMV017701750000,imi:307a765fa051f71720fe720951b4ec30cce979bb"><title>Dreamkatcher</title><date>2020</date><icon src="https://staticqbr-nl-prod.prod.cdn.dmdsdp.com/image-service/ImagesEPG/EventImages/p18106165_v_v12_aa.jpg"></icon><desc>Gail en haar nieuwe stiefzoon, Josh, nemen hun intrek in een afgelegen landhuis. Na het stelen van een dromenvanger van hun mysterieuze buurman, krijgt Josh nachtmerries over zijn dode moeder, die Josh beveelt Gail te vermoorden. Als Josh' vader Luke terugkeert, vermoeden hij en Gail dat hun zoon bezeten is door een oude, rusteloze geest. Terwijl Gail en Luke alles op alles zetten Josh te redden, worden zijn nachtmerries steeds meer werkelijkheid.</desc><category>Film, Horror, Thriller</category></programme><programme channel="lgi-nl-prod-master:NL_000052_019655" start="20221019214500 +0000" stop="20221020001000 +0000" catchup-id="crid:~~2F~~2Fgn.tv~~2F13176730~~2FMV011946200000,imi:b9fefd79403dbd0cbe7b8ad84834a15b6dde999a"><title>Brimstone</title><date>2016</date><icon src="https://staticqbr-nl-prod.prod.cdn.dmdsdp.com/image-service/ImagesEPG/EventImages/p13176730_v_v12_ag.jpg"></icon><desc>De negentiende eeuw. Liz is een jonge vrouw die een gelukkig leven leidt, totdat een duivelse priester in het dorp verschijnt en alles wat Liz lief heeft probeert te verwoesten. Maar ze vecht terug.</desc><category>Film, Western, Thriller</category></programme>