<programme channel="lgi-nl-prod-master:NL_000061_019331" start="20221019220000 +0000" stop="20221019223000 +0000" catchup-id="crid:~~2F~~2Fgn.tv~~2F21332107~~2FEP044795030028,imi:7eee2b17359b7fb5520ad7815f3b4284af78102f"><title>Watch What Happens Live With Andy Cohen</title><date>2022</date><icon src="https://staticqbr-nl-prod.prod.cdn.dmdsdp.com/image-service/ImagesEPG/EventImages/p3592417_b_v12_ag.jpg"></icon><desc>Met als presentator Andy Cohen.</desc><category>Talkshow, Komedie, Entertainment, Mode</category></programme><programme channel="lgi-nl-prod-master:NL_000061_019331" start="20221019223000 +0000" stop="20221019230000 +0000" catchup-id="crid:~~2F~~2Fgn.tv~~2F20769176~~2FEP036113840240,imi:7e3e03e3b762c6d116878148fa9bf46542d76774"><title>Nightly Pop</title><date>2021</date><icon src="https://staticqbr-nl-prod.prod.cdn.dmdsdp.com/image-service/ImagesEPG/EventImages/p19302997_b_v12_aa.jpg"></icon><desc>In Nightly Pop komen de sappigste roddelverhalen van de afgelopen week voorbij. Ongefilterd, onverwacht en altijd ongehoord.</desc><category>Entertainment, Nieuws</category></programme>