<programme channel="lgi-nl-prod-master:NL_000117_019351" start="20221019220000 +0000" stop="20221019221500 +0000" catchup-id="crid:~~2F~~2Fgn.tv~~2F12996862~~2FSH024530720000~~2F139326169,imi:e7be7eae4952d782f464f6a6880c57d374793ea6"><title>Late Edition</title><date></date><icon src="https://staticqbr-nl-prod.prod.cdn.dmdsdp.com/image-service/ImagesEPG/EventImages/p12996862_b_v8_aa.jpg"></icon><desc>Bringing the latest stories of the moment, headlines and updates, featuring European and international news.</desc><category>Nieuws</category></programme><programme channel="lgi-nl-prod-master:NL_000117_019351" start="20221019221500 +0000" stop="20221019223000 +0000" catchup-id="crid:~~2F~~2Fgn.tv~~2F12996862~~2FSH024530720000~~2F139326170,imi:9b70955d6b61e0ba1677bb17f76d532b134e2b5b"><title>Late Edition</title><date></date><icon src="https://staticqbr-nl-prod.prod.cdn.dmdsdp.com/image-service/ImagesEPG/EventImages/p12996862_b_v8_aa.jpg"></icon><desc>Bringing the latest stories of the moment, headlines and updates, featuring European and international news.</desc><category>Nieuws</category></programme><programme channel="lgi-nl-prod-master:NL_000117_019351" start="20221019223000 +0000" stop="20221019224500 +0000" catchup-id="crid:~~2F~~2Fgn.tv~~2F12996862~~2FSH024530720000~~2F139326171,imi:fc09bd403a044a4a52561b4fca87286d2bbaee36"><title>Late Edition</title><date></date><icon src="https://staticqbr-nl-prod.prod.cdn.dmdsdp.com/image-service/ImagesEPG/EventImages/p12996862_b_v8_aa.jpg"></icon><desc>Bringing the latest stories of the moment, headlines and updates, featuring European and international news.</desc><category>Nieuws</category></programme><programme channel="lgi-nl-prod-master:NL_000117_019351" start="20221019224500 +0000" stop="20221019230000 +0000" catchup-id="crid:~~2F~~2Fgn.tv~~2F12996862~~2FSH024530720000~~2F139326172,imi:335213e3babd0f16682845e4d00f6654c98f5d45"><title>Late Edition</title><date></date><icon src="https://staticqbr-nl-prod.prod.cdn.dmdsdp.com/image-service/ImagesEPG/EventImages/p12996862_b_v8_aa.jpg"></icon><desc>Bringing the latest stories of the moment, headlines and updates, featuring European and international news.</desc><category>Nieuws</category></programme>