<programme channel="lgi-nl-prod-master:NL_000173_019305" start="20221019220000 +0000" stop="20221019222500 +0000" catchup-id="crid:~~2F~~2Fgn.tv~~2F22686856~~2FMV018703450000,imi:2dfdaf0d41131df61fe198180c1a69fb5393684b"><title>C...... For My Toy Boy</title><date>2020</date><icon src="https://staticqbr-nl-prod.prod.cdn.dmdsdp.com/image-service/ImagesEPG/EventImages/g40_v8_ab.jpg"></icon><desc>Hitsige oudere dames laten hun toyboys zien hoe ze tot een hoogtepunt willen worden gebracht.</desc><category>Erotiek, Film, Erotisch</category></programme><programme channel="lgi-nl-prod-master:NL_000173_019305" start="20221019222500 +0000" stop="20221019224900 +0000" catchup-id="crid:~~2F~~2Fgn.tv~~2F22144652~~2FMV018299950000,imi:7b217f07b6c3b0aa172ad7dd0490b45890ccc422"><title>FantASStic DP 32</title><date>2019</date><icon src="https://staticqbr-nl-prod.prod.cdn.dmdsdp.com/image-service/ImagesEPG/EventImages/g40_v8_ab.jpg"></icon><desc>Deze meid is een grote fan van dubbele penetratie. De jongens zijn bereid om haar daarmee te helpen.</desc><category>Erotiek, Film, Erotisch</category></programme><programme channel="lgi-nl-prod-master:NL_000173_019305" start="20221019224900 +0000" stop="20221019233800 +0000" catchup-id="crid:~~2F~~2Fgn.tv~~2F23101516~~2FMV018999320000,imi:959a9bd680886e44da379cd7824930fa89034ab4"><title>Bombshells Anissa Kate And Kitana Lure</title><date></date><icon src="https://staticqbr-nl-prod.prod.cdn.dmdsdp.com/image-service/ImagesEPG/EventImages/g40_v8_ab.jpg"></icon><desc>Anissa Kate en Kitana Lure zijn echte seksbommen die elkaar tot een explosief hoogtepunt brengen.</desc><category>Erotiek, Film, Erotisch</category></programme>