<programme channel="lgi-nl-prod-master:NL_000149_019210" start="20221019220000 +0000" stop="20221019220900 +0000" catchup-id="crid:~~2F~~2Fgn.tv~~2F18382556~~2FSH035302320000~~2F140410878,imi:223b2e23ca9bf967c64c82dcb3f2016cf5052b2a"><title>Amsterdam Vandaag</title><date></date><icon src="https://staticqbr-nl-prod.prod.cdn.dmdsdp.com/image-service/ImagesEPG/EventImages/p18382556_b_v8_aa.jpg"></icon><desc>Het laatste nieuws uit Amsterdam en omgeving.</desc><category>Nieuws</category></programme><programme channel="lgi-nl-prod-master:NL_000149_019210" start="20221019220900 +0000" stop="20221019221200 +0000" catchup-id="crid:~~2F~~2Fgn.tv~~2F23167088~~2FEP033952160229,imi:b721de5cafa073c5dc2e8568e856342a3905f4b4"><title>Bureau 020</title><date>2022</date><icon src="https://staticqbr-nl-prod.prod.cdn.dmdsdp.com/image-service/ImagesEPG/EventImages/p21334498_b_v12_aa.jpg"></icon><desc>Wekelijks opsporingsprogramma waarin de hulp van inwoners van de regio Amsterdam wordt ingeroepen.</desc><category>Nieuws, Samenleving, Misdaad</category></programme><programme channel="lgi-nl-prod-master:NL_000149_019210" start="20221019221200 +0000" stop="20221019221800 +0000" catchup-id="crid:~~2F~~2Fgn.tv~~2F23167051~~2FEP033951850167,imi:f0702b11e7830f526ff94158af519265ed49951a"><title>Het Verkeer</title><date>2022</date><icon src="https://staticqbr-nl-prod.prod.cdn.dmdsdp.com/image-service/ImagesEPG/EventImages/p21334504_b_v8_aa.jpg"></icon><desc>De rubriek voor de Amsterdamse weggebruiker. Hoe je ook de stad doorkruist om bij je eindbestemming te komen; in dit beknopte programma zie je waar ze in de stad bezig zijn met werkzaamheden.</desc><category>Nieuws</category></programme><programme channel="lgi-nl-prod-master:NL_000149_019210" start="20221019221800 +0000" stop="20221019224300 +0000" catchup-id="crid:~~2F~~2Fgn.tv~~2F23167071~~2FEP033951810135,imi:bebb6ed2eec1c86b6066c83b158fb48856aca45f"><title>Straten van Amsterdam</title><date>2022</date><icon src="https://staticqbr-nl-prod.prod.cdn.dmdsdp.com/image-service/ImagesEPG/EventImages/p17730864_b_v12_ab.jpg"></icon><desc>Programma over de stad, de straten maar vooral de mensen die er wonen. Kiki Bosman en Redouan Ait Ouarg peuteren de geschiedenis van Amsterdam los uit het straatbeeld.</desc><category>Samenleving, Nieuws</category></programme><programme channel="lgi-nl-prod-master:NL_000149_019210" start="20221019224300 +0000" stop="20221019225500 +0000" catchup-id="crid:~~2F~~2Fgn.tv~~2F23120281~~2FEP033913610025,imi:1aa72c10a85aab257b7171bc35211976c5931197"><title>Bouw Woon Leef</title><date>2022</date><icon src="https://staticqbr-nl-prod.prod.cdn.dmdsdp.com/image-service/ImagesEPG/EventImages/p17718498_b_v8_ab.jpg"></icon><desc>Een blik op de continue ontwikkeling van de stad Amsterdam, waar almaar gebouwd, ingericht en heringericht wordt. Amsterdammers komen aan het woord en vertellen wat ze hiervan vinden.</desc><category>Samenleving, Nieuws</category></programme><programme channel="lgi-nl-prod-master:NL_000149_019210" start="20221019225500 +0000" stop="20221019230000 +0000" catchup-id="crid:~~2F~~2Fgn.tv~~2F23018103~~2FEP041327000009,imi:f7ba19b893c8d8adb728d63db7a9ed812cabb080"><title>Cultuurmakers</title><date>2022</date><icon src="https://staticqbr-nl-prod.prod.cdn.dmdsdp.com/image-service/ImagesEPG/EventImages/p21249323_b_v8_aa.jpg"></icon><desc>Een tour door Amsterdam met audiovisueel kunstenaar Nick Verstand.</desc><category>Samenleving, Nieuws</category></programme>