<programme channel="lgi-nl-prod-master:NL_000067_020024" start="20221019220000 +0000" stop="20221019223000 +0000" catchup-id="crid:~~2F~~2Fgn.tv~~2F3604446~~2FSH016378560000~~2F142025050,imi:5eabcc43372fa699d3006875bccff5c89f43fe7b"><title>Midnite Haute</title><date></date><icon src="https://staticqbr-nl-prod.prod.cdn.dmdsdp.com/image-service/ImagesEPG/EventImages/p3604446_b_v8_ad.jpg"></icon><desc>In exotic locations across the globe, beautiful models show off the latest fashion collections in sexy shows and sensual photo shoots.</desc><category>Mode</category></programme><programme channel="lgi-nl-prod-master:NL_000067_020024" start="20221019223000 +0000" stop="20221019225500 +0000" catchup-id="crid:~~2F~~2Fgn.tv~~2F3604446~~2FSH016378560000~~2F142025051,imi:65af9ec141bb0450dfd9fed393e53efaf8264e6c"><title>Midnite Haute</title><date></date><icon src="https://staticqbr-nl-prod.prod.cdn.dmdsdp.com/image-service/ImagesEPG/EventImages/p3604446_b_v8_ad.jpg"></icon><desc>In exotic locations across the globe, beautiful models show off the latest fashion collections in sexy shows and sensual photo shoots.</desc><category>Mode</category></programme><programme channel="lgi-nl-prod-master:NL_000067_020024" start="20221019225500 +0000" stop="20221019230000 +0000" catchup-id="crid:~~2F~~2Fgn.tv~~2F9472609~~2FSH016378710000~~2F142032713,imi:9f08b3563bab21f22e279f02863bb8daca88e202"><title>F F Parties</title><date></date><icon src="https://staticqbr-nl-prod.prod.cdn.dmdsdp.com/image-service/ImagesEPG/EventImages/p9472609_b_v12_aa.jpg"></icon><desc>Dance the night away to the sounds of the remixed tracks of many world's greatest music in fashion bars curated by the famous DJs.</desc><category>Mode</category></programme>