<programme channel="lgi-nl-prod-master:NL_000054_019654" start="20221018233000 +0000" stop="20221019000000 +0000" catchup-id="crid:~~2F~~2Fgn.tv~~2F3556639~~2FEP035628770006,imi:9d22b6bb924325db5f4e753c96965d86af9809b8"><title>Hollywood's Best Film Directors</title><date>2009</date><icon src="https://staticqbr-nl-prod.prod.cdn.dmdsdp.com/image-service/ImagesEPG/EventImages/p16037055_b_v11_ab.jpg"></icon><desc>Regisseur Ivan Reitman maakte samen met komiek Bill Murray furore met de komedies Meatballs, Stripes en de bioscoopklapper Ghostbusters, om later successen te boeken met de Schwarzenegger-komedies Twins, Kindergarten Cop en Junior.</desc><category>Entertainment, Documentaire</category></programme><programme channel="lgi-nl-prod-master:NL_000054_019654" start="20221019000000 +0000" stop="20221019014000 +0000" catchup-id="crid:~~2F~~2Fgn.tv~~2F173115~~2FMV013332070000,imi:d484bac5a1ffda8ebfcfd77575b39a514091b1d5"><title>Vanilla and Chocolate</title><date>2004</date><icon src="https://staticqbr-nl-prod.prod.cdn.dmdsdp.com/image-service/ImagesEPG/EventImages/p173115_v_v8_ab.jpg"></icon><desc>Een getrouwde vrouw heeft het gehad met de ontrouw van haar egoïstische echtgenoot. Ze vertrekt naar een villa en raakt daar aan de praat met een oude vlam.</desc><category>Drama, Film, Romantiek</category></programme><programme channel="lgi-nl-prod-master:NL_000054_019654" start="20221019014000 +0000" stop="20221019032000 +0000" catchup-id="crid:~~2F~~2Fgn.tv~~2F10059467~~2FMV013331250000,imi:50ad052451ea9ce4abe5b93dd9249fbef6c93f43"><title>Lucky Trouble</title><date>2011</date><icon src="https://staticqbr-nl-prod.prod.cdn.dmdsdp.com/image-service/ImagesEPG/EventImages/p10059467_v_v8_aa.jpg"></icon><desc>Een leraar uit een Russisch stadje ontmoet toevallig een mooie vrouw uit Moskou die reeds verloofd is. Na enkele weken samen te hebben doorgebracht, worden ze op elkaar verliefd.</desc><category>Film, Komedie, Romantiek</category></programme><programme channel="lgi-nl-prod-master:NL_000054_019654" start="20221019032000 +0000" stop="20221019050000 +0000" catchup-id="crid:~~2F~~2Fgn.tv~~2F8105341~~2FMV013331130000,imi:38824021b5db19d5ef414c5af43b495feb04fc70"><title>Let's Blame it on Judas</title><date>2009</date><icon src="https://staticqbr-nl-prod.prod.cdn.dmdsdp.com/image-service/ImagesEPG/EventImages/p8105341_v_v12_ab.jpg"></icon><desc>Een vrouwelijke regisseur herinterpreteert de kruisiging van Jezus met gevangenen uit Turijn. Niemand uit de gevangenis wil echter de rol van Judas op zich nemen.</desc><category>Film, Komedie, Musical</category></programme><programme channel="lgi-nl-prod-master:NL_000054_019654" start="20221019050000 +0000" stop="20221019062500 +0000" catchup-id="crid:~~2F~~2Fgn.tv~~2F15191935~~2FMV017999720000,imi:e53ab1379e7d5879cdd26f1a859f1face927b8a7"><title>Op zoek naar de Yeti</title><date>2017</date><icon src="https://staticqbr-nl-prod.prod.cdn.dmdsdp.com/image-service/ImagesEPG/EventImages/p15191935_v_v8_bu.jpg"></icon><desc>In het Québec van 1955 ontmoet beginnend detective Nelly Maloye de ambitieuze wetenschapper Simon Picard. Gesteund door een filantroop gaan ze op een wild avontuur dat maar één doel kent: het bestaan van de Yeti bewijzen. Om dit doel te bereiken maakt Simon gebruik van een dagboek van een inmiddels lang vermiste ontdekkingsreiziger. Dit dagboek moet hen helpen om de Yeti te vinden.</desc><category>Film, Animatie, Komedie</category></programme><programme channel="lgi-nl-prod-master:NL_000054_019654" start="20221019062500 +0000" stop="20221019082000 +0000" catchup-id="crid:~~2F~~2Fgn.tv~~2F178266~~2FMV016528610000,imi:98bf3d767de96992d27138b2bd417e80ea8012d1"><title>Duska</title><date>2007</date><icon src="https://staticqbr-nl-prod.prod.cdn.dmdsdp.com/image-service/ImagesEPG/EventImages/p178266_v_v8_aa.jpg"></icon><desc>Bob rommelde ooit wat in de filmwereld, bezocht als journalist de nodige filmfestivals en is nu krampachtig bezig met een script. Juist wanneer zijn liefde voor een mooie, jonge onbereikbare bioscoopcaissière zijn verbeelding overstijgt en ze daadwerkelijk in zijn huis belandt, staat er plotseling ene Duska voor de deur. Bob heeft deze uiterst vriendelijke Rus ooit in een overmoedige bui uitgenodigd en dat had hij beter niet kunnen doen.</desc><category>Drama, Film</category></programme><programme channel="lgi-nl-prod-master:NL_000054_019654" start="20221019082000 +0000" stop="20221019101000 +0000" catchup-id="crid:~~2F~~2Fgn.tv~~2F30995~~2FMV013177410000,imi:450b02484da6fc00d406b532b6446f7353d0a7a1"><title>Chicago</title><date>2002</date><icon src="https://staticqbr-nl-prod.prod.cdn.dmdsdp.com/image-service/ImagesEPG/EventImages/p30995_v_v12_ac.jpg"></icon><desc>Roxy Hart kom in de gevangenis terecht voor het neerschieten van haar geliefde. Van achter de tralies wedijvert ze met een bekende zangeres om de waardevolle persaandacht.</desc><category>Drama, Film, Musical</category></programme><programme channel="lgi-nl-prod-master:NL_000054_019654" start="20221019101000 +0000" stop="20221019115500 +0000" catchup-id="crid:~~2F~~2Fgn.tv~~2F9496968~~2FMV013735220000,imi:4fc87aea107bf15012ad7a1f8ec7f095c2dba7ff"><title>Admission</title><date>2013</date><icon src="https://staticqbr-nl-prod.prod.cdn.dmdsdp.com/image-service/ImagesEPG/EventImages/p9496968_v_v12_am.jpg"></icon><desc>De rechtlijnige Portia komt tijdens haar werk als toelatingscoördinator van een vooraanstaande universiteit voor een groot dilemma te staan.</desc><category>Film, Komedie</category></programme><programme channel="lgi-nl-prod-master:NL_000054_019654" start="20221019115500 +0000" stop="20221019133500 +0000" catchup-id="crid:~~2F~~2Fgn.tv~~2F8467~~2FMV018214850000,imi:e2965eee992bc2b9daf68d7983444a1371e4ab15"><title>Desperately Seeking Susan</title><date>1985</date><icon src="https://staticqbr-nl-prod.prod.cdn.dmdsdp.com/image-service/ImagesEPG/EventImages/p8467_v_v8_aa.jpg"></icon><desc>Huisvrouw Roberta Glass verveelt zich te pletter en droomt weg bij het lezen van privé-advertenties in de krant. Ze raakt gefascineerd door de oproepen van Jim die wanhopig zoekt naar een zekere Susan, een vrijgevochten vrouw die een avontuurlijk leven leidt om jaloers op te worden. Als Roberta verschijnt op de plek waar Jim en Susan elkaar gaan ontmoeten, verliest ze haar geheugen door een klap op het hoofd. Ze wordt daarna per vergissing aangezien voor de wilde Susan.</desc><category>Film, Komedie</category></programme><programme channel="lgi-nl-prod-master:NL_000054_019654" start="20221019133500 +0000" stop="20221019150000 +0000" catchup-id="crid:~~2F~~2Fgn.tv~~2F17163339~~2FMV015854300000,imi:6b23d9d842a8940e10c1858c85b97dd55a7b7f18"><title>The Big Trip</title><date>2019</date><icon src="https://staticqbr-nl-prod.prod.cdn.dmdsdp.com/image-service/ImagesEPG/EventImages/p17163339_v_v11_ab.jpg"></icon><desc>Een onhandige ooievaar bezorgt een babypanda per ongeluk op het verkeerde adres. Vervolgens begint een groep dieren, bestaande uit een beer, een eland, een tijger en een konijn, aan een wild avontuur om de panda naar huis te brengen.</desc><category>Kinderen, Film, Animatie, Komedie, Avontuur</category></programme><programme channel="lgi-nl-prod-master:NL_000054_019654" start="20221019150000 +0000" stop="20221019162500 +0000" catchup-id="crid:~~2F~~2Fgn.tv~~2F8869582~~2FMV017960880000,imi:a1224d2995d0858d6725278794d2e349b21afdd6"><title>The Pirates! Band of Misfits</title><date>2012</date><icon src="https://staticqbr-nl-prod.prod.cdn.dmdsdp.com/image-service/ImagesEPG/EventImages/p8869582_v_v8_ag.jpg"></icon><desc>Als de beruchte Pirate Captain niet voor volwaardig piraat wordt aanzien door Black Bellamy en Cutlass Liz, zet hij alles op alles om Piraat van het Jaar te worden. Samen met zijn rauwe bemanning en zijn trouwe dodo Polly moet hij een jonge wetenschapper redden en het opnemen tegen een duivelse koningin, zonder daarbij het avontuur uit het oog te verliezen.</desc><category>Kinderen, Film, Animatie, Avontuur, Komedie</category></programme><programme channel="lgi-nl-prod-master:NL_000054_019654" start="20221019162500 +0000" stop="20221019180000 +0000" catchup-id="crid:~~2F~~2Fgn.tv~~2F18456804~~2FMV017274320000,imi:ad44d373909827d15ecb126ee3500f5ec3835f12"><title>Antoinette dans les cévennes</title><date>2020</date><icon src="https://staticqbr-nl-prod.prod.cdn.dmdsdp.com/image-service/ImagesEPG/EventImages/p18456804_v_v8_al.jpg"></icon><desc>Lerares Antoinette verheugt zich op een vakantie met haar minnaar. Tot haar afgrijzen zegt hij haar echter af en neemt zijn gezin mee naar de bergen. Ze gaat op trektocht met een ezel om hem te vinden.</desc><category>Film, Romantische komedie</category></programme><programme channel="lgi-nl-prod-master:NL_000054_019654" start="20221019180000 +0000" stop="20221019195500 +0000" catchup-id="crid:~~2F~~2Fgn.tv~~2F9601041~~2FMV012498940000,imi:01ce11220072c1d86d693d3b5e3bf7bc874db339"><title>The Internship</title><date>2013</date><icon src="https://staticqbr-nl-prod.prod.cdn.dmdsdp.com/image-service/ImagesEPG/EventImages/p9601041_v_v12_aq.jpg"></icon><desc>Billy en Nick, twee ouderwetse verkopers, hopen op een nieuwe start door zich als stagiair aan te melden bij Google, waar ze kennismaken met de digitale wereld. Ze moeten het echter wel opnemen tegen jongere slimme kandidaten.</desc><category>Film, Komedie</category></programme><programme channel="lgi-nl-prod-master:NL_000054_019654" start="20221019195500 +0000" stop="20221019215000 +0000" catchup-id="crid:~~2F~~2Fgn.tv~~2F22005~~2FMV014458180000,imi:0a9ba47818e0aa42829e4aa47c7546f68cd6a3f9"><title>La vita è bella</title><date>1997</date><icon src="https://staticqbr-nl-prod.prod.cdn.dmdsdp.com/image-service/ImagesEPG/EventImages/p22005_v_v8_bc.jpg"></icon><desc>Tijdens de Tweede Wereldoorlog wordt een Italiaanse vader met zijn zoontje afgevoerd naar een Duits concentratiekamp. Om het kind het vooruitzicht van een zekere dood te besparen, stelt hij de reis voor als een spel, waarin je prijzen kunt winnen. Met zijn toneelspel zorgt de vader ervoor dat zijn zoontje vredig door kan leven, zelfs wanneer ze in het verschrikkelijke kamp zijn aangekomen en daar hard moeten werken.</desc><category>Film, Komedie</category></programme><programme channel="lgi-nl-prod-master:NL_000054_019654" start="20221019215000 +0000" stop="20221019234000 +0000" catchup-id="crid:~~2F~~2Fgn.tv~~2F180745~~2FMV010493950000,imi:0e7bba1790c58e726f36a53afa3e8d24536fc1d2"><title>How to Lose Friends &amp; Alienate People</title><date>2008</date><icon src="https://staticqbr-nl-prod.prod.cdn.dmdsdp.com/image-service/ImagesEPG/EventImages/p180745_v_v11_ai.jpg"></icon><desc>De Britse Sidney Young is een gedesillusioneerde schrijver, maar trekt de aandacht van Clayton Harding van een New Yorkse glossy. Harding biedt hem een baan aan, maar de rebelse Sidney stapelt blunder op blunder.</desc><category>Film, Komedie</category></programme>