<programme channel="lgi-nl-prod-master:NL_000098_019255" start="20221019221000 +0000" stop="20221019223500 +0000" catchup-id="crid:~~2F~~2Fgn.tv~~2F23008718~~2FEP044652320010,imi:c9625f1ac75eebc5963912107a72014937f70b95"><title>WK Voetbal: Het Hoogste Voetbalpodium</title><date>2022</date><icon src="https://staticqbr-nl-prod.prod.cdn.dmdsdp.com/image-service/ImagesEPG/EventImages/p22996655_b_v8_aa.jpg"></icon><desc></desc><category></category></programme><programme channel="lgi-nl-prod-master:NL_000098_019255" start="20221019223500 +0000" stop="20221019230000 +0000" catchup-id="crid:~~2F~~2Fgn.tv~~2F21540444~~2FSH044706150000~~2F143656996,imi:b262dd3d90452bc82d384a83bba8c5aa67303b56"><title>The GOAT: de Grootste Allertijden</title><date></date><icon src="https://staticqbr-nl-prod.prod.cdn.dmdsdp.com/image-service/ImagesEPG/EventImages/p21540444_b_v8_ae.jpg"></icon><desc>Viering van de grootste atleten aller tijden via het werk van Amerika's iconische sportfotograaf Walter Iooss.</desc><category>Sport, Documentaire</category></programme>