<programme channel="lgi-nl-prod-master:NL_000044_019491" start="20221019221000 +0000" stop="20221019224000 +0000" catchup-id="crid:~~2F~~2Fgn.tv~~2F1138255~~2FEP012693190048,imi:0f8034f6e07104070750e65932a98f5bf5f861f1"><title>Keeping Up Appearances</title><date>1993</date><icon src="https://staticqbr-nl-prod.prod.cdn.dmdsdp.com/image-service/ImagesEPG/EventImages/p8647996_b_v8_aa.jpg"></icon><desc>Hyacinth decides to have a second attempt at finding a weekend home in the country and Elizabeth is called in to help her on her property search. Her final choice is `interesting' to say the least and worries Richard enormously.</desc><category>Sitcoms</category></programme><programme channel="lgi-nl-prod-master:NL_000044_019491" start="20221019224000 +0000" stop="20221019232000 +0000" catchup-id="crid:~~2F~~2Fgn.tv~~2F14340015~~2FEP012597991583,imi:e2b5ca7c80aacdc476961c1afdeedf1f72c074eb"><title>Bargain Hunt</title><date>2017</date><icon src="https://staticqbr-nl-prod.prod.cdn.dmdsdp.com/image-service/ImagesEPG/EventImages/p14100478_b_v8_aa.jpg"></icon><desc>Charlie Ross presents from a very rainy Newark with experts Charles Hanson and Philip Serrell. The reds and blues battle against the elements, hoping to bag themselves a bargain and make a profit at auction.</desc><category>Spelshow, Verzamelen, Kunstnijverheid, Veiling</category></programme>