<programme channel="lgi-nl-prod-master:NL_000045_019354" start="20221018225000 +0000" stop="20221018231800 +0000" catchup-id="crid:~~2F~~2Fgn.tv~~2F929184~~2FSH037786870000~~2F143253181,imi:711d9a9e4040e7c5687ea7376bcbef03491c73ac"><title>Le journal Afrique</title><date></date><icon src="https://staticqbr-nl-prod.prod.cdn.dmdsdp.com/image-service/ImagesEPG/EventImages/p929184_b_v11_af.jpg"></icon><desc>Verslagen, columns, gasten. Hoor het Afrikaanse nieuws voor Franstalig Afrika op dagelijkse basis gepresenteerd door Nidhya Paliakara en Dominique Tchimbakala.</desc><category>Nieuws</category></programme><programme channel="lgi-nl-prod-master:NL_000045_019354" start="20221018231800 +0000" stop="20221018232400 +0000" catchup-id="crid:~~2F~~2Fgn.tv~~2F768217~~2FSH037772540000~~2F143253183,imi:9d4eaff33cd3ade8b909dbeb28ed1c94dc310039"><title>La météo</title><date></date><icon src="https://staticqbr-nl-prod.prod.cdn.dmdsdp.com/image-service/ImagesEPG/EventImages/p768217_b_v8_ad.jpg"></icon><desc>Dit programma geeft het internationale meteorologische bulletin uit.</desc><category>Weer</category></programme><programme channel="lgi-nl-prod-master:NL_000045_019354" start="20221018232400 +0000" stop="20221019002000 +0000" catchup-id="crid:~~2F~~2Fgn.tv~~2F8610753~~2FSH037769820000~~2F143253185,imi:19a0a040a8eeed4513f0f2179be1a1f6b3c78dbb"><title>Le Point</title><date></date><icon src="https://staticqbr-nl-prod.prod.cdn.dmdsdp.com/image-service/ImagesEPG/EventImages/p8610753_b_v8_ac.jpg"></icon><desc>&quot;Le Point&quot; is in direct contact met de actualiteit, waar het zich ook voordoet en bespreekt van de realiteit zoals deze in Canada, Europa, Azië, Afrika, de Verenigde Staten en Latijns-Amerika wordt beleefd. Presentatie door Azeb Wolde-Giorghis.</desc><category>Actualiteit, Actualiteitenprogramma's</category></programme><programme channel="lgi-nl-prod-master:NL_000045_019354" start="20221019002000 +0000" stop="20221019011500 +0000" catchup-id="crid:~~2F~~2Fgn.tv~~2F18101847~~2FSH037994740000~~2Fspecial,imi:11f2995f6adad422efcef423eb9671028beffd73"><title>Bi</title><date></date><icon src="https://staticqbr-nl-prod.prod.cdn.dmdsdp.com/image-service/ImagesEPG/EventImages/p18101847_b_v12_aa.jpg"></icon><desc>Bij de 50e verjaardag van de wet op de officiële talen, die werd aangenomen in 1969, vraagt Frédéric Choinière zich af of Canada wel echt tweetalig is. Gesprekken met Franstalige, Engelstalige en autochtone en allofone bewoners van het land.</desc><category>Documentaire</category></programme><programme channel="lgi-nl-prod-master:NL_000045_019354" start="20221019011500 +0000" stop="20221019013300 +0000" catchup-id="crid:~~2F~~2Fgn.tv~~2F17385024~~2FSH044595570000~~2Fspecial,imi:8fa6d90d176510abf49c63b6b0b771e1f6e255ca"><title>Paysan du ciel, une suisse deux epoques</title><date></date><icon src="https://staticqbr-nl-prod.prod.cdn.dmdsdp.com/image-service/ImagesEPG/EventImages/p17385024_b_v8_ab.jpg"></icon><desc>Jean-Marc Gabioud was een jonge herder die het zomerseizoen doorbracht in de bergweiden, tussen veel volwassen verantwoordelijkheden en een paar spelletjes voor kinderen. Vandaag terug naar zijn leven als boer, een passie.</desc><category>Landbouw, Documentaire</category></programme><programme channel="lgi-nl-prod-master:NL_000045_019354" start="20221019013300 +0000" stop="20221019020000 +0000" catchup-id="crid:~~2F~~2Fgn.tv~~2F15335536~~2FEP039726330017,imi:15049b254c87a9ab556117f8afb143c0cdbe7ddb"><title>De par chez nous</title><date>2019</date><icon src="https://staticqbr-nl-prod.prod.cdn.dmdsdp.com/image-service/ImagesEPG/EventImages/p13566288_b_v8_ab.jpg"></icon><desc>In deze door Marième Ndiaye gepresenteerde serie documentaires wordt een actueel en inspirerend beeld geschetst van het regionale Quebec met al zijn facetten, diversiteit en levendigheid. Maatschappelijke betrokkenheid, solidariteit, samenwerking.</desc><category>Documentaire</category></programme><programme channel="lgi-nl-prod-master:NL_000045_019354" start="20221019020000 +0000" stop="20221019022600 +0000" catchup-id="crid:~~2F~~2Fgn.tv~~2F22712769~~2FSH044613830000~~2F143253196,imi:69b1aa14c5f28c7e5bf153a66cfbcad7e16cbc0c"><title>Les secrets de l'amour</title><date></date><icon src="https://staticqbr-nl-prod.prod.cdn.dmdsdp.com/image-service/ImagesEPG/EventImages/p22712769_b_v12_ab.jpg"></icon><desc>Daniel Manga wil zijn bedrijf ontwikkelen en laat zijn zoon Billy met Kimberley trouwen, de dochter van een rijke oliemagnaat. Maar wanneer Billy voor iemand anders valt en de ceremonie afzegt, besluit Kimberley wraak te nemen.</desc><category>Komedie</category></programme><programme channel="lgi-nl-prod-master:NL_000045_019354" start="20221019022600 +0000" stop="20221019033100 +0000" catchup-id="crid:~~2F~~2Fgn.tv~~2F8224172~~2FSH037712520000~~2F143253198,imi:fea1303a2f64e8f69486d91d167c1f5ed1772f40"><title>C dans l'air</title><date></date><icon src="https://staticqbr-nl-prod.prod.cdn.dmdsdp.com/image-service/ImagesEPG/EventImages/p8224172_b_v12_ai.jpg"></icon><desc>Speciale gasten en journalisten in de studio analyseren zowel het laatste nieuws als andere controversiële onderwerpen om een beter begrip te geven van de sociale gebeurtenissen die hedendaags plaatsvinden.</desc><category>Actualiteitenprogramma's, Actualiteit</category></programme><programme channel="lgi-nl-prod-master:NL_000045_019354" start="20221019033100 +0000" stop="20221019035800 +0000" catchup-id="crid:~~2F~~2Fgn.tv~~2F8227116~~2FSH037785900000~~2F143253200,imi:33a380ef055a74db237362cf3eeef4b44c9b3fae"><title>Wari</title><date></date><icon src="https://staticqbr-nl-prod.prod.cdn.dmdsdp.com/image-service/ImagesEPG/EventImages/p8227116_b_v8_ab.jpg"></icon><desc>Magazine waarin de economische actualiteit en de ontwikkeling in Afrika ter sprake komen.</desc><category>Actualiteitenprogramma's, Natuur en milieu, Business &amp; Financial</category></programme><programme channel="lgi-nl-prod-master:NL_000045_019354" start="20221019035800 +0000" stop="20221019042400 +0000" catchup-id="crid:~~2F~~2Fgn.tv~~2F13885471~~2FSH037749940000~~2F143253204,imi:8b06225215af245dae760ea7bf30113e5e4d314c"><title>Le 6h00 info</title><date></date><icon src="https://staticqbr-nl-prod.prod.cdn.dmdsdp.com/image-service/ImagesEPG/EventImages/p13885471_b_v8_ad.jpg"></icon><desc>Het meeste ochtendnieuws gepresenteerd vanuit de redactie van France Télévisions.</desc><category>Nieuws</category></programme><programme channel="lgi-nl-prod-master:NL_000045_019354" start="20221019042400 +0000" stop="20221019042900 +0000" catchup-id="crid:~~2F~~2Fgn.tv~~2F768217~~2FSH037772540000~~2F143253017,imi:008fb75f04d091a85cb74700bdd81c9fe1baa115"><title>La météo</title><date></date><icon src="https://staticqbr-nl-prod.prod.cdn.dmdsdp.com/image-service/ImagesEPG/EventImages/p768217_b_v8_ad.jpg"></icon><desc>Dit programma geeft het internationale meteorologische bulletin uit.</desc><category>Weer</category></programme><programme channel="lgi-nl-prod-master:NL_000045_019354" start="20221019042900 +0000" stop="20221019045500 +0000" catchup-id="crid:~~2F~~2Fgn.tv~~2F934682~~2FSH037785620000~~2F143253019,imi:5d825c8368eb5bb1f389d136956ab3ca9e1cc7c6"><title>Télématin</title><date></date><icon src="https://staticqbr-nl-prod.prod.cdn.dmdsdp.com/image-service/ImagesEPG/EventImages/p934682_b_v12_af.jpg"></icon><desc>Een serie vol met nieuws, cultuur, praktische zaken, werk, gezondheid en een overzicht van het dagelijks leven.</desc><category>Actualiteitenprogramma's, Gezondheid, Consumentenprogramma's, Culinair, Entertainment, Mode</category></programme><programme channel="lgi-nl-prod-master:NL_000045_019354" start="20221019045500 +0000" stop="20221019045700 +0000" catchup-id="crid:~~2F~~2Fgn.tv~~2F334421~~2FSH042361230000~~2Fspecial,imi:888821c929ee52e278c1c845a5b71b9f9a45852c"><title>Au détour</title><date></date><icon src="https://staticqbr-nl-prod.prod.cdn.dmdsdp.com/image-service/ImagesEPG/EventImages/p334421_b_v12_aa.jpg"></icon><desc>Kleine ansichtkaarten uit de mooiste plekjes van Frankrijk.</desc><category>Drama</category></programme><programme channel="lgi-nl-prod-master:NL_000045_019354" start="20221019045700 +0000" stop="20221019050000 +0000" catchup-id="crid:~~2F~~2Fgn.tv~~2F17291054~~2FSH037749660000~~2F143788996,imi:3772a41e85da31c6e4f7b4665e05e9c75ec7e809"><title>La minute urbaine</title><date></date><icon src="https://staticqbr-nl-prod.prod.cdn.dmdsdp.com/image-service/ImagesEPG/EventImages/p17291054_b_v8_aa.jpg"></icon><desc>Met de Romeinse Vespa, de pastéis de nata uit Lissabon en de fritkots uit Brussel. Kijk mee met een uitgebreide tour door de steden van Europa en leer over hun verschillende, iconische schatten.</desc><category>Reizen, Entertainment</category></programme><programme channel="lgi-nl-prod-master:NL_000045_019354" start="20221019050000 +0000" stop="20221019052700 +0000" catchup-id="crid:~~2F~~2Fgn.tv~~2F934682~~2FSH037785620000~~2F143253021,imi:d37ef7bd42a72d27d7dcd15724c7dccabdac55c3"><title>Télématin</title><date></date><icon src="https://staticqbr-nl-prod.prod.cdn.dmdsdp.com/image-service/ImagesEPG/EventImages/p934682_b_v12_af.jpg"></icon><desc>Een serie vol met nieuws, cultuur, praktische zaken, werk, gezondheid en een overzicht van het dagelijks leven.</desc><category>Actualiteitenprogramma's, Gezondheid, Consumentenprogramma's, Culinair, Entertainment, Mode</category></programme><programme channel="lgi-nl-prod-master:NL_000045_019354" start="20221019052700 +0000" stop="20221019053000 +0000" catchup-id="crid:~~2F~~2Fgn.tv~~2F16642330~~2FEP038766090007,imi:4c2bfc1b9112429d881d49a80b0d0ba24799c5ae"><title>Sans faute(s)</title><date>2019</date><icon src="https://staticqbr-nl-prod.prod.cdn.dmdsdp.com/image-service/ImagesEPG/EventImages/p16532726_b_v8_ab.jpg"></icon><desc>Staat er een 's' aan het einde van het woord héros? Ter herinnering, Superman begint met een 's'.</desc><category>Educatie, Entertainment</category></programme><programme channel="lgi-nl-prod-master:NL_000045_019354" start="20221019053000 +0000" stop="20221019060000 +0000" catchup-id="crid:~~2F~~2Fgn.tv~~2F934682~~2FSH037785620000~~2F143253025,imi:dd65ff10256bf696a32a4da2c58a9a0a2886439e"><title>Télématin</title><date></date><icon src="https://staticqbr-nl-prod.prod.cdn.dmdsdp.com/image-service/ImagesEPG/EventImages/p934682_b_v12_af.jpg"></icon><desc>Een serie vol met nieuws, cultuur, praktische zaken, werk, gezondheid en een overzicht van het dagelijks leven.</desc><category>Actualiteitenprogramma's, Gezondheid, Consumentenprogramma's, Culinair, Entertainment, Mode</category></programme><programme channel="lgi-nl-prod-master:NL_000045_019354" start="20221019060000 +0000" stop="20221019062700 +0000" catchup-id="crid:~~2F~~2Fgn.tv~~2F8225421~~2FSH037750250000~~2F143253027,imi:8f19647263453dec694749efc75580bb9379caff"><title>Le journal de Radio-Canada</title><date></date><icon src="https://staticqbr-nl-prod.prod.cdn.dmdsdp.com/image-service/ImagesEPG/EventImages/p8225421_b_v8_ac.jpg"></icon><desc>Een nieuwsuitzending die zich onderscheidt door een ervaren team van correspondenten.</desc><category>Nieuws, Actualiteitenprogramma's</category></programme><programme channel="lgi-nl-prod-master:NL_000045_019354" start="20221019062700 +0000" stop="20221019063900 +0000" catchup-id="crid:~~2F~~2Fgn.tv~~2F929183~~2FSH037786590000~~2F143253029,imi:7b9936189de48108c0f98a354ffb9a3a9e052776"><title>TV5MONDE, le journal</title><date></date><icon src="https://staticqbr-nl-prod.prod.cdn.dmdsdp.com/image-service/ImagesEPG/EventImages/p929183_b_v12_ah.jpg"></icon><desc>De hele internationale actualiteit gepresenteerd door de redactie van de TV5MONDE.</desc><category>Nieuws, Event, Politiek, Actualiteit</category></programme><programme channel="lgi-nl-prod-master:NL_000045_019354" start="20221019063900 +0000" stop="20221019070500 +0000" catchup-id="crid:~~2F~~2Fgn.tv~~2F797598~~2FSH037772510000~~2F143253031,imi:16811acc523149151fef629baa622778d6f355fb"><title>Méditerranéo</title><date></date><icon src="https://staticqbr-nl-prod.prod.cdn.dmdsdp.com/image-service/ImagesEPG/EventImages/p797598_b_v8_ac.jpg"></icon><desc>De Middellandse Zee is de bakermat van verschillende beschavingen, die opgeschud zijn door de conflicten en vorderingen van de afgelopen eeuwen. Door middel van portretten en enquêtes biedt de show onderwerpen over de mediterrane wereld.</desc><category>Documentaire, Actualiteitenprogramma's</category></programme><programme channel="lgi-nl-prod-master:NL_000045_019354" start="20221019070500 +0000" stop="20221019072900 +0000" catchup-id="crid:~~2F~~2Fgn.tv~~2F18824991~~2FEP043275950014,imi:a802b3a3c9e18374d3c512bc65f0bf6766fb9573"><title>5 chefs dans ma cuisine</title><date>2020</date><icon src="https://staticqbr-nl-prod.prod.cdn.dmdsdp.com/image-service/ImagesEPG/EventImages/p18737246_b_v8_aa.jpg"></icon><desc>Geen tijd om te koken of geen inspiratie? Marina Orsini deelt ideeën voor heerlijke recepten, samen met grote chef-koks en talentvolle beginners! David Gauthier, Stéphane Rocheleau, Léo Boulanger (Canada, )</desc><category>Culinair</category></programme><programme channel="lgi-nl-prod-master:NL_000045_019354" start="20221019072900 +0000" stop="20221019080000 +0000" catchup-id="crid:~~2F~~2Fgn.tv~~2F18181159~~2FEP044413970006,imi:21f239a3edb15d1bd4303f36764a4a18873ecb09"><title>Nos maisons</title><date>2020</date><icon src="https://staticqbr-nl-prod.prod.cdn.dmdsdp.com/image-service/ImagesEPG/EventImages/p18096607_b_v8_aa.jpg"></icon><desc>Marc-André Carignan presenteert de evolutie van meerdere typen woningen in Quebec en de manier van leven van hun bewoners. Architectuurlessen onder leiding van specialisten! )</desc><category>Documentaire</category></programme><programme channel="lgi-nl-prod-master:NL_000045_019354" start="20221019080000 +0000" stop="20221019083000 +0000" catchup-id="crid:~~2F~~2Fgn.tv~~2F18595249~~2FEP037359650004,imi:97a75a3e5c4587dc55bbed247ed43687704d9d67"><title>Cap Sud-Ouest</title><date>2020</date><icon src="https://staticqbr-nl-prod.prod.cdn.dmdsdp.com/image-service/ImagesEPG/EventImages/p11351642_b_v8_ab.jpg"></icon><desc>Éric Perrin verkent het landschap van Poitou-Charentes tot Baskenland, van de Limousin via de Atlantische kust naar de Pyreneeën. Middels prachtige beelden laat hij de bijzondere schoonheid van de regio Nouvelle-Aquitaine zien.</desc><category>Reizen, Natuur, Actualiteitenprogramma's</category></programme><programme channel="lgi-nl-prod-master:NL_000045_019354" start="20221019083000 +0000" stop="20221019085600 +0000" catchup-id="crid:~~2F~~2Fgn.tv~~2F418417~~2FSH038807340000~~2F143253037,imi:844da6f98406c654211a650a00f17a83566f6a2d"><title>L'épicerie</title><date></date><icon src="https://staticqbr-nl-prod.prod.cdn.dmdsdp.com/image-service/ImagesEPG/EventImages/p418417_b_v12_aj.jpg"></icon><desc>De ontmoetingsplaats voor mensen die zijn geïnteresseerd in de inhoud van hun bord en alles wat met voeding te maken heeft. Reportages, enquêtes, smaaktests, proeverijen, antwoorden op vragen van kijkers, eenvoudige en doeltreffende adviezen en tips.</desc><category>Culinair, Gezondheid</category></programme><programme channel="lgi-nl-prod-master:NL_000045_019354" start="20221019085600 +0000" stop="20221019090000 +0000" catchup-id="crid:~~2F~~2Fgn.tv~~2F8512436~~2FSH037750100000~~2F143253039,imi:9df626671b3ce85ec4ebcd2f53eb8dae4fac3da9"><title>Le journal de l'économie</title><date></date><icon src="https://staticqbr-nl-prod.prod.cdn.dmdsdp.com/image-service/ImagesEPG/EventImages/p8512436_b_v8_at.jpg"></icon><desc>Drie minuten om het economische nieuws uit te leggen en te analyseren. Volg &quot;Au micro'scope&quot; elke dag met het nieuws van een multinational, een innovatief klein of middelgroot bedrijf of een groeiende sector.</desc><category>Business &amp; Financial</category></programme><programme channel="lgi-nl-prod-master:NL_000045_019354" start="20221019090000 +0000" stop="20221019091400 +0000" catchup-id="crid:~~2F~~2Fgn.tv~~2F929183~~2FSH037786590000~~2F143253043,imi:0f9425c2de676d9ce8e4668891a9a0d54e85c382"><title>TV5MONDE, le journal</title><date></date><icon src="https://staticqbr-nl-prod.prod.cdn.dmdsdp.com/image-service/ImagesEPG/EventImages/p929183_b_v12_ah.jpg"></icon><desc>De hele internationale actualiteit gepresenteerd door de redactie van de TV5MONDE.</desc><category>Nieuws, Event, Politiek, Actualiteit</category></programme><programme channel="lgi-nl-prod-master:NL_000045_019354" start="20221019091400 +0000" stop="20221019091700 +0000" catchup-id="crid:~~2F~~2Fgn.tv~~2F768217~~2FSH037772540000~~2F143253044,imi:770b732f64562bf07e27d4ae6fbfc0c606b0803a"><title>La météo</title><date></date><icon src="https://staticqbr-nl-prod.prod.cdn.dmdsdp.com/image-service/ImagesEPG/EventImages/p768217_b_v8_ad.jpg"></icon><desc>Dit programma geeft het internationale meteorologische bulletin uit.</desc><category>Weer</category></programme><programme channel="lgi-nl-prod-master:NL_000045_019354" start="20221019091700 +0000" stop="20221019094500 +0000" catchup-id="crid:~~2F~~2Fgn.tv~~2F15842422~~2FSH037770120000~~2F143253045,imi:b6f00679469f910b336d08c99efc2bcfbb9e4c7b"><title>Un si grand soleil</title><date></date><icon src="https://staticqbr-nl-prod.prod.cdn.dmdsdp.com/image-service/ImagesEPG/EventImages/p15842422_b_v8_ag.jpg"></icon><desc>Terug in Montpellier met haar zoon Theo wordt Claire na haar afwezigheid beschuldigd van moord. Om haar onschuld te bewijzen, moet ze geheimen uit het verleden ontcijferen waarmee ze detective Manu en Julien, haar eerste liefde, confronteerde.</desc><category>Dramaseries, Soap</category></programme><programme channel="lgi-nl-prod-master:NL_000045_019354" start="20221019094500 +0000" stop="20221019103200 +0000" catchup-id="crid:~~2F~~2Fgn.tv~~2F963310~~2FSH037785850000~~2F143253047,imi:be05de86290cf472f086b69ee308bf4b8305edf8"><title>Tout le monde veut prendre sa place</title><date></date><icon src="https://staticqbr-nl-prod.prod.cdn.dmdsdp.com/image-service/ImagesEPG/EventImages/p963310_b_v12_ac.jpg"></icon><desc>Het spel waarin iedereen kampioen kan worden. Een quiz, zes kandidaten en lekker in zijn fauteuil, een kampioen die iedereen wil onttronen.</desc><category>Spelshow, Entertainment</category></programme><programme channel="lgi-nl-prod-master:NL_000045_019354" start="20221019103200 +0000" stop="20221019113000 +0000" catchup-id="crid:~~2F~~2Fgn.tv~~2F18290936~~2FSH042249630000~~2Fspecial,imi:28e2cb572b0460be36e0722b0c07134c3fb2770b"><title>Nez au Maroc</title><date></date><icon src="https://staticqbr-nl-prod.prod.cdn.dmdsdp.com/image-service/ImagesEPG/EventImages/p18290936_b_v8_ab.jpg"></icon><desc>Het mysterie van de hennatuinen van Ouarzazate, het kostbare rood en goud van Taliouine, de geraffineerde sensualiteit van de zonnige geuren van Marrakesh. De reis van Isabelle Doyen en Camille Goutal door Marokko leidt langs al deze locaties.</desc><category>Documentaire</category></programme><programme channel="lgi-nl-prod-master:NL_000045_019354" start="20221019113000 +0000" stop="20221019120000 +0000" catchup-id="crid:~~2F~~2Fgn.tv~~2F12922903~~2FSH037750150000~~2F143253059,imi:9ab16996471ebab9fb77e58b979bf8d56408d087"><title>Le Journal de la RTBF</title><date></date><icon src="https://staticqbr-nl-prod.prod.cdn.dmdsdp.com/image-service/ImagesEPG/EventImages/p12922903_b_v8_aw.jpg"></icon><desc>De hele internationale actualiteit gepresenteerd door de redactie van de RTBF.</desc><category>Nieuws</category></programme><programme channel="lgi-nl-prod-master:NL_000045_019354" start="20221019120000 +0000" stop="20221019133100 +0000" catchup-id="crid:~~2F~~2Fgn.tv~~2F7809145~~2FSH037749340000~~2F143253060,imi:8283abbfc29575383852443db2bcc28f4ba6ebd8"><title>La grande librairie</title><date></date><icon src="https://staticqbr-nl-prod.prod.cdn.dmdsdp.com/image-service/ImagesEPG/EventImages/p7809145_b_v12_bf.jpg"></icon><desc>Het programma heeft een panel van bekende schrijvers van alle nationaliteiten, die ons besmetten met het verlangen om van verhalen te genieten, hele pagina's en woorden te verslinden als fijnproevers van literatuur.</desc><category>Interview, Boeken &amp; literatuur</category></programme><programme channel="lgi-nl-prod-master:NL_000045_019354" start="20221019133100 +0000" stop="20221019140000 +0000" catchup-id="crid:~~2F~~2Fgn.tv~~2F20497712~~2FEP037711710012,imi:00e585381d0bc878dd8b524b29a90c438a264776"><title>À bon entendeur</title><date>2021</date><icon src="https://staticqbr-nl-prod.prod.cdn.dmdsdp.com/image-service/ImagesEPG/EventImages/p19273987_b_v12_aa.jpg"></icon><desc>Een verslag aan het einde van het Meer van Genève, in het natuurreservaat Grangettes, vlakbij Le Bouveret. Dit kanaal is de toegangsweg naar een van de grote waterreservaten van Zwitserland, het Meer van Genève.</desc><category>Actualiteitenprogramma's, Actualiteit</category></programme><programme channel="lgi-nl-prod-master:NL_000045_019354" start="20221019140000 +0000" stop="20221019142400 +0000" catchup-id="crid:~~2F~~2Fgn.tv~~2F15842422~~2FSH037770120000~~2F143253063,imi:de80f7235e27204dddd9c6eca8828b31b0916c0e"><title>Un si grand soleil</title><date></date><icon src="https://staticqbr-nl-prod.prod.cdn.dmdsdp.com/image-service/ImagesEPG/EventImages/p15842422_b_v8_ag.jpg"></icon><desc>Terug in Montpellier met haar zoon Theo wordt Claire na haar afwezigheid beschuldigd van moord. Om haar onschuld te bewijzen, moet ze geheimen uit het verleden ontcijferen waarmee ze detective Manu en Julien, haar eerste liefde, confronteerde.</desc><category>Dramaseries, Soap</category></programme><programme channel="lgi-nl-prod-master:NL_000045_019354" start="20221019142400 +0000" stop="20221019142800 +0000" catchup-id="crid:~~2F~~2Fgn.tv~~2F9417567~~2FSH039662440000~~2F143253064,imi:e407ef95eb1540baa1ddcc2c46334e1d23fe8d46"><title>Vestiaires</title><date></date><icon src="https://staticqbr-nl-prod.prod.cdn.dmdsdp.com/image-service/ImagesEPG/EventImages/p9417567_b_v12_af.jpg"></icon><desc>Vanuit het zwembad waar ze trainen delen Romy en Orson, twee zwemmers met een beperking, hun wereldbeeld vol humor en zelfspot.</desc><category>Entertainment, Komedie</category></programme><programme channel="lgi-nl-prod-master:NL_000045_019354" start="20221019142800 +0000" stop="20221019150100 +0000" catchup-id="crid:~~2F~~2Fgn.tv~~2F471947~~2FSH037783760000~~2F143253065,imi:48578639d2ee25900ef23bde84ce8af1e32d5869"><title>Questions pour un champion</title><date></date><icon src="https://staticqbr-nl-prod.prod.cdn.dmdsdp.com/image-service/ImagesEPG/EventImages/p471947_b_v8_ae.jpg"></icon><desc>Quiz over algemene kennis. Presentatie: Samuel Étienne.</desc><category>Spelshow, Entertainment</category></programme><programme channel="lgi-nl-prod-master:NL_000045_019354" start="20221019150100 +0000" stop="20221019160000 +0000" catchup-id="crid:~~2F~~2Fgn.tv~~2F443168~~2FSH037783130000~~2F143253067,imi:5bc31015261bddc01cee6da7db4f354f060b33f1"><title>Mise au point</title><date></date><icon src="https://staticqbr-nl-prod.prod.cdn.dmdsdp.com/image-service/ImagesEPG/EventImages/p443168_b_v11_ah.jpg"></icon><desc>De beste reportages van Mise au Point, de uitzending die op zijn eigen manier de nationale en internationale actualiteit bekijkt. In de exclusieve enquêtes en onderzoeksreportages komen verschillende thema's aan de orde.</desc><category>Actualiteit, Actualiteitenprogramma's</category></programme><programme channel="lgi-nl-prod-master:NL_000045_019354" start="20221019160000 +0000" stop="20221019162200 +0000" catchup-id="crid:~~2F~~2Fgn.tv~~2F10262471~~2FSH037711330000~~2F143253078,imi:584808507520706f437c21436868b2b84c214154"><title>64 minutes, le monde en Français</title><date></date><icon src="https://staticqbr-nl-prod.prod.cdn.dmdsdp.com/image-service/ImagesEPG/EventImages/p10262471_b_v8_at.jpg"></icon><desc>Wereldwijde actualiteiten in het Frans. Presentatie door Mohamed Kaci of Silvia Garcia.</desc><category>Nieuws, Actualiteitenprogramma's</category></programme><programme channel="lgi-nl-prod-master:NL_000045_019354" start="20221019162200 +0000" stop="20221019162700 +0000" catchup-id="crid:~~2F~~2Fgn.tv~~2F8512436~~2FSH037750100000~~2F143253080,imi:3922a8d599f1465d0ace2a9418fe62f860ccc02e"><title>Le journal de l'économie</title><date></date><icon src="https://staticqbr-nl-prod.prod.cdn.dmdsdp.com/image-service/ImagesEPG/EventImages/p8512436_b_v8_at.jpg"></icon><desc>Drie minuten om het economische nieuws uit te leggen en te analyseren. Volg &quot;Au micro'scope&quot; elke dag met het nieuws van een multinational, een innovatief klein of middelgroot bedrijf of een groeiende sector.</desc><category>Business &amp; Financial</category></programme><programme channel="lgi-nl-prod-master:NL_000045_019354" start="20221019162700 +0000" stop="20221019163000 +0000" catchup-id="crid:~~2F~~2Fgn.tv~~2F768217~~2FSH037772540000~~2F143253082,imi:ce6c0ddfb10bac292739f42068833d0d942d50b4"><title>La météo</title><date></date><icon src="https://staticqbr-nl-prod.prod.cdn.dmdsdp.com/image-service/ImagesEPG/EventImages/p768217_b_v8_ad.jpg"></icon><desc>Dit programma geeft het internationale meteorologische bulletin uit.</desc><category>Weer</category></programme><programme channel="lgi-nl-prod-master:NL_000045_019354" start="20221019163000 +0000" stop="20221019164000 +0000" catchup-id="crid:~~2F~~2Fgn.tv~~2F10822746~~2FSH037749230000~~2F143253084,imi:48ef09f7ecd6e09f7922108e00bce1b7312ac0b9"><title>L'invité</title><date></date><icon src="https://staticqbr-nl-prod.prod.cdn.dmdsdp.com/image-service/ImagesEPG/EventImages/p10822746_b_v11_au.jpg"></icon><desc>Patrick Simonin ontvangt sterren uit de actualiteit, de cultuur, de muziekwereld, de filmwereld, de wereld van boeken, iedereen die ons tijdperk wakker schudt, in een uitzending die niet te missen is.</desc><category>Interview, Actualiteitenprogramma's</category></programme><programme channel="lgi-nl-prod-master:NL_000045_019354" start="20221019164000 +0000" stop="20221019181500 +0000" catchup-id="crid:~~2F~~2Fgn.tv~~2F20594885~~2FMV018982550000,imi:cb80f00692d477b25edbd9d01b239e43e917dfbb"><title>Deux femmes</title><date>2021</date><icon src="https://staticqbr-nl-prod.prod.cdn.dmdsdp.com/image-service/ImagesEPG/EventImages/p20594885_v_v12_aa.jpg"></icon><desc>In wordt Colette, een vrouw met een vrij gedrag, ten onrechte van moord beschuldigd door vrouwonvriendelijke politieagenten. De zaak wordt toevertrouwd aan Anne-Marie, een jonge rechter-commissaris.</desc><category>Drama, Film</category></programme><programme channel="lgi-nl-prod-master:NL_000045_019354" start="20221019181500 +0000" stop="20221019183000 +0000" catchup-id="crid:~~2F~~2Fgn.tv~~2F17385024~~2FSH044595570000~~2Fspecial,imi:64aaa365b2e0563a05265955259e9c94a36b98bc"><title>Paysan du ciel, une suisse deux epoques</title><date></date><icon src="https://staticqbr-nl-prod.prod.cdn.dmdsdp.com/image-service/ImagesEPG/EventImages/p17385024_b_v8_ab.jpg"></icon><desc>Jean-Marc Gabioud was een jonge herder die het zomerseizoen doorbracht in de bergweiden, tussen veel volwassen verantwoordelijkheden en een paar spelletjes voor kinderen. Vandaag terug naar zijn leven als boer, een passie.</desc><category>Landbouw, Documentaire</category></programme><programme channel="lgi-nl-prod-master:NL_000045_019354" start="20221019183000 +0000" stop="20221019185600 +0000" catchup-id="crid:~~2F~~2Fgn.tv~~2F425676~~2FSH037750020000~~2F143253090,imi:838c77cd6d252a766bcc4a08ea784929d788c8c7"><title>Le journal de France 2</title><date></date><icon src="https://staticqbr-nl-prod.prod.cdn.dmdsdp.com/image-service/ImagesEPG/EventImages/p425676_b_v8_ae.jpg"></icon><desc>Het televisiejournaal van de redactie van France 2 (editie van 20 uur, Parijse tijd).</desc><category>Nieuws, Actualiteit</category></programme><programme channel="lgi-nl-prod-master:NL_000045_019354" start="20221019185600 +0000" stop="20221019190000 +0000" catchup-id="crid:~~2F~~2Fgn.tv~~2F768217~~2FSH037772540000~~2F143253091,imi:af6d5a9912a6d99b5e6c897cbd0a11099739e5d9"><title>La météo</title><date></date><icon src="https://staticqbr-nl-prod.prod.cdn.dmdsdp.com/image-service/ImagesEPG/EventImages/p768217_b_v8_ad.jpg"></icon><desc>Dit programma geeft het internationale meteorologische bulletin uit.</desc><category>Weer</category></programme><programme channel="lgi-nl-prod-master:NL_000045_019354" start="20221019190000 +0000" stop="20221019210200 +0000" catchup-id="crid:~~2F~~2Fgn.tv~~2F648863~~2FSH037719990000~~2F143253092,imi:8ee8474e80e840746ac31bf8eaba61037c64abfb"><title>Des racines &amp; des ailes</title><date></date><icon src="https://staticqbr-nl-prod.prod.cdn.dmdsdp.com/image-service/ImagesEPG/EventImages/p648863_b_v11_aw.jpg"></icon><desc>Terwijl reportages en gesprekken elkaar afwisselen, gaan nabijheid en een open instelling ten aanzien van de wereld hand in hand. Op unieke locaties wordt de geschiedenis van een land, beschaving, periode of emblematische figuur uit de doeken gedaan.</desc><category>Actualiteitenprogramma's, Natuur, Geschiedenis</category></programme><programme channel="lgi-nl-prod-master:NL_000045_019354" start="20221019210200 +0000" stop="20221019212800 +0000" catchup-id="crid:~~2F~~2Fgn.tv~~2F11250856~~2FSH037750180000~~2F143253093,imi:8bee558d1b4d01e08d86af5e9a9c51dcc4482ba6"><title>Le journal de la RTS</title><date></date><icon src="https://staticqbr-nl-prod.prod.cdn.dmdsdp.com/image-service/ImagesEPG/EventImages/p11250856_b_v11_aj.jpg"></icon><desc>Een nieuwsprogramma op televisie dat rechtstreeks door de redactie van RTS is gemaakt.</desc><category>Nieuws</category></programme><programme channel="lgi-nl-prod-master:NL_000045_019354" start="20221019212800 +0000" stop="20221019213000 +0000" catchup-id="crid:~~2F~~2Fgn.tv~~2F768217~~2FSH037772540000~~2F143253094,imi:49d76a76832aff3e4386666bfdb5da6d381f26d1"><title>La météo</title><date></date><icon src="https://staticqbr-nl-prod.prod.cdn.dmdsdp.com/image-service/ImagesEPG/EventImages/p768217_b_v8_ad.jpg"></icon><desc>Dit programma geeft het internationale meteorologische bulletin uit.</desc><category>Weer</category></programme><programme channel="lgi-nl-prod-master:NL_000045_019354" start="20221019213000 +0000" stop="20221019230100 +0000" catchup-id="crid:~~2F~~2Fgn.tv~~2F19105644~~2FEP044687680001,imi:611bfc919445f4a0c3e58ef1f51802de26ffb299"><title>César Wagner</title><date>2020</date><icon src="https://staticqbr-nl-prod.prod.cdn.dmdsdp.com/image-service/ImagesEPG/EventImages/p19105635_b_v12_ab.jpg"></icon><desc>Kapitein César Wagner is net overgeplaatst naar Straatsburg en heeft moeite met het vinden van zijn plaats binnen zijn nieuwe team. Voor zijn eerste missie onderzoekt hij een schijnbaar ongeval waarbij een opkomende voetbalster werd gedood.</desc><category>Misdaad, Thriller</category></programme>