<programme channel="lgi-nl-prod-master:NL_000037_019186" start="20221019220000 +0000" stop="20221019224500 +0000" catchup-id="crid:~~2F~~2Fgn.tv~~2F11497291~~2FEP021028970006,imi:362f9f3eb206da52d87f1b798fd51949b52b5846"><title>Unter Gaunern</title><date>2015</date><icon src="https://staticqbr-nl-prod.prod.cdn.dmdsdp.com/image-service/ImagesEPG/EventImages/p11403352_b_v8_aa.jpg"></icon><desc>Zwischen Betty und Ole herrscht Funkstille. Trotzdem strotzt Betty vor Stolz! Sie hat eine Belobigung vom Polizeichef bekommen, weil sie einen chinesischen Militärspion nach einer spektakulären Verfolgungsjagd festgenommen hat. Leider fällt ihr vorher jedoch eine Ungereimtheit auf: Warum hat sich der Chinese eigentlich klag- und grundlos ergeben? Betty schwant, dass sie möglicherweise einem geschickten Betrug aufgesessen ist. Auch die Schulz-Männer wurden hintergangen.</desc><category>Sitcoms, Misdaad</category></programme><programme channel="lgi-nl-prod-master:NL_000037_019186" start="20221019224500 +0000" stop="20221019231500 +0000" catchup-id="crid:~~2F~~2Fgn.tv~~2F23066170~~2FEP015443360534,imi:b37a8437aa9c43c963020ac7608be8379854a209"><title>extra 3</title><date>2022</date><icon src="https://staticqbr-nl-prod.prod.cdn.dmdsdp.com/image-service/ImagesEPG/EventImages/p21268631_b_v8_ab.jpg"></icon><desc>Das Satiremagazin widmet sich dem Irrsinn des nationalen und internationalen Politikbetriebs. Aber auch andere gesellschaftlich relevante und aktuelle Themen werden auf ihr Humorpotenzial hin überprüft und gegebenenfalls gewürdigt.</desc><category>Politieke satire, Komedie</category></programme>