<programme channel="lgi-nl-prod-master:NL_000134_019296" start="20221019220100 +0000" stop="20221020040400 +0000" catchup-id="crid:~~2F~~2Fgn.tv~~2F18540412~~2FSH035585410000~~2F144497056,imi:bae458865b632e536f9a8d6c073fe4a4d5075500"><title>Nachtklup</title><date></date><icon src="https://staticqbr-nl-prod.prod.cdn.dmdsdp.com/image-service/ImagesEPG/EventImages/p18540412_b_v12_ab.jpg"></icon><desc>De ideale muziek voor het einde van de dag, of het begin van de nacht.</desc><category>Muziek</category></programme>