<programme channel="lgi-nl-prod-master:NL_000118_019350" start="20221019220000 +0000" stop="20221019223000 +0000" catchup-id="crid:~~2F~~2Fgn.tv~~2F21238471~~2FEP016364020002,imi:29e3111777f963dbfa1d29b005b3a348ef6aaa0a"><title>News</title><date>2022</date><icon src="https://staticqbr-nl-prod.prod.cdn.dmdsdp.com/image-service/ImagesEPG/EventImages/p269593_b_v11_aa.jpg"></icon><desc>Get the latest news every evening about what is happening around the globe.</desc><category>Nieuws</category></programme><programme channel="lgi-nl-prod-master:NL_000118_019350" start="20221019223000 +0000" stop="20221019230000 +0000" catchup-id="crid:~~2F~~2Fgn.tv~~2F22578837~~2FEP016364140262,imi:3417ada2a1c80cc1f41d343d020c38afbbaa656d"><title>People and Power</title><date>2022</date><icon src="https://staticqbr-nl-prod.prod.cdn.dmdsdp.com/image-service/ImagesEPG/EventImages/p274890_b_v8_ad.jpg"></icon><desc>Weekly investigative documentary series that looks at the use and abuse of power.</desc><category>Documentaire, Nieuws</category></programme>