<programme channel="lgi-nl-prod-master:NL_000109_019464" start="20221019220000 +0000" stop="20221019230000 +0000" catchup-id="crid:~~2F~~2Fgn.tv~~2F11609594~~2FSH034700110000~~2F143837782,imi:9b00d26b3f4cc58b6312cc50edd816b32e303961"><title>MLS Highlights</title><date></date><icon src="https://staticqbr-nl-prod.prod.cdn.dmdsdp.com/image-service/ImagesEPG/EventImages/p11609594_b_v12_bd.jpg"></icon><desc>De hoogtepunten en samenvattingen van de voetbalwedstrijden van de afgelopen speelronde uit de Amerikaanse Major League Soccer.</desc><category>Voetbal, Sporttalkshow</category></programme>