<programme channel="lgi-nl-prod-master:NL_000119_019481" start="20221019220000 +0000" stop="20221020020000 +0000" catchup-id="crid:~~2F~~2Fgn.tv~~2F514472~~2FSH012857740000~~2F140464099,imi:b12f7eb906f52729e726ba6c67b8cdf6b4751702"><title>To Be Announced</title><date></date><icon src="https://staticqbr-nl-prod.prod.cdn.dmdsdp.com/image-service/ImagesEPG/EventImages/p514472_b_v12_dp.jpg"></icon><desc>There is no specific programme; programme to be announced and determined by the channel that broadcasts it.</desc><category></category></programme>