<programme channel="lgi-nl-prod-master:NL_000063_019307" start="20221019222000 +0000" stop="20221019231000 +0000" catchup-id="crid:~~2F~~2Fgn.tv~~2F23038587~~2FEP024651250534,imi:cc40cd49581516c974c87675b26403c20ddafeba"><title>First Dates</title><date>2022</date><icon src="https://staticqbr-nl-prod.prod.cdn.dmdsdp.com/image-service/ImagesEPG/EventImages/p21431670_b_v12_ab.jpg"></icon><desc>Het First dates-restaurant opent z'n deuren in Amsterdam, waar vrijgezellen hun kans wagen op de liefde tijdens een blind date. Ze zijn zorgvuldig gekoppeld, maar daarna is het aan hen.</desc><category>Romantiek, Reality</category></programme>