<programme channel="lgi-nl-prod-master:NL_000103_019581" start="20221019220000 +0000" stop="20221019223000 +0000" catchup-id="crid:~~2F~~2Fgn.tv~~2F22441132~~2FEP043542910001,imi:966c39d21233d8ebe9c5ec6a569ac977efafd5c7"><title>Before They Were Superstars</title><date>2022</date><icon src="https://staticqbr-nl-prod.prod.cdn.dmdsdp.com/image-service/ImagesEPG/EventImages/p22441127_b_v8_aa.jpg"></icon><desc></desc><category>Sport, Multisportevenement</category></programme><programme channel="lgi-nl-prod-master:NL_000103_019581" start="20221019223000 +0000" stop="20221019230000 +0000" catchup-id="crid:~~2F~~2Fgn.tv~~2F22441132~~2FEP043542910001,imi:72d8eefd18f61fb4aaee2df927bcf8d2f679aa2a"><title>Before They Were Superstars</title><date>2022</date><icon src="https://staticqbr-nl-prod.prod.cdn.dmdsdp.com/image-service/ImagesEPG/EventImages/p22441127_b_v8_aa.jpg"></icon><desc></desc><category>Sport, Multisportevenement</category></programme>