<programme channel="lgi-nl-prod-master:NL_000214_020004" start="20221019220000 +0000" stop="20221019222000 +0000" catchup-id="crid:~~2F~~2Fgn.tv~~2F19329108~~2FEP037405740003,imi:f87e494ab5c9ebd289bf94234693deb39f74427b"><title>Pasta &amp; Risotto</title><date>2017</date><icon src="https://staticqbr-nl-prod.prod.cdn.dmdsdp.com/image-service/ImagesEPG/EventImages/p19329043_b_v8_ac.jpg"></icon><desc>Jan Tournier maakt risotto met duif en Dagny Ros maakt driekleurenpasta met kip en broccoli.</desc><category>Culinair, Doe-het-zelf</category></programme><programme channel="lgi-nl-prod-master:NL_000214_020004" start="20221019222000 +0000" stop="20221019224500 +0000" catchup-id="crid:~~2F~~2Fgn.tv~~2F19312121~~2FEP037370850005,imi:fea0dc2ed32559f348b81bc55dd4073c6b4aa6b3"><title>Culinair Thailand</title><date>2017</date><icon src="https://staticqbr-nl-prod.prod.cdn.dmdsdp.com/image-service/ImagesEPG/EventImages/p19312074_b_v8_ad.jpg"></icon><desc>Roger van Damme laat fijnproevers in het buitenland genieten van zijn creaties. Thailand is een van zijn favoriete reisbestemmingen. Tijdens deze reis toont hij typisch Thaise producten, de overheerlijke street food en gerechten van lokale topchefs.</desc><category>Culinair, Reizen</category></programme><programme channel="lgi-nl-prod-master:NL_000214_020004" start="20221019224500 +0000" stop="20221019231500 +0000" catchup-id="crid:~~2F~~2Fgn.tv~~2F19302329~~2FEP037350440005,imi:f9db8da4c39fcfe9019bd752d02b4783ba3435e1"><title>A la carte</title><date>2015</date><icon src="https://staticqbr-nl-prod.prod.cdn.dmdsdp.com/image-service/ImagesEPG/EventImages/p19302170_b_v11_aa.jpg"></icon><desc>Stijn is een hobbykok uit de Kempen en een grote fan van Johan Segers. Hij vraagt de chef om voor eens en voor altijd te verklappen wat het geheim is van die super krachtige en gelatineuze bruine fond.</desc><category>Culinair, Doe-het-zelf</category></programme>