<programme channel="lgi-nl-prod-master:NL_000122_019495" start="20221019220000 +0000" stop="20221020040000 +0000" catchup-id="crid:~~2F~~2Fgn.tv~~2F23059150~~2FSH044765050000~~2F143579586,imi:5ca30a3d6b52694395323f21c44454fbcb5b45df"><title>Non-Stop 538</title><date></date><icon src="https://staticqbr-nl-prod.prod.cdn.dmdsdp.com/image-service/ImagesEPG/EventImages/p23059150_b_v11_aa.jpg"></icon><desc>Elke doordeweekse nacht worden in Non-Stop 538 de beste videoclips achter elkaar getoond.</desc><category>Muziek</category></programme>