<programme channel="lgi-nl-prod-master:NL_000130_019274" start="20221019220500 +0000" stop="20221019230400 +0000" catchup-id="crid:~~2F~~2Fgn.tv~~2F19903690~~2FSH038664400000~~2Fspecial,imi:410ddd81137e07b3bf82a5ba8a3f808990fd3902"><title>Fondation Singer Polignac : Justin Taylor et Sophie de Bardonnèche</title><date></date><icon src="https://staticqbr-nl-prod.prod.cdn.dmdsdp.com/image-service/ImagesEPG/EventImages/p19903690_i_v12_aa.jpg"></icon><desc>Justin Taylor (harpsichord), Sophie de Bardonnèche (violin) François Francœur (1698 - 1787) Sonbija no. In E minor (Livre 1, Paris 1720) Élisabeth Jacquet de La Guerre (1665 - 1729) Sonbija in D minor (Paris, 1707) Jean-Philippe Rameau (1683 - 1764) Premier livre de pièces de clavecin (Allemande I &amp; Gavotte et doubles) Jacques Duphly (1715 - 1789) Pièces pour clavecin avec accompagnement de violon, Sonbija no 1, Aria grbijioso Antoine Albanèse (1729 - 1800) Romance 'au bord d'une fontaine.</desc><category>Muziek</category></programme>