<programme channel="lgi-nl-prod-master:NL_000141_019209" start="20221019220000 +0000" stop="20221019221200 +0000" catchup-id="crid:~~2F~~2Fgn.tv~~2F18597369~~2FSH035725130000~~2F142996419,imi:d88db1508d1ee7a650b796f8c52756b9ccb4a117"><title>Dit is Flevoland nieuws</title><date></date><icon src="https://staticqbr-nl-prod.prod.cdn.dmdsdp.com/image-service/ImagesEPG/EventImages/p18597369_b_v8_aa.jpg"></icon><desc>Nieuwsprogramma waarin actuele onderwerpen uit de provincie Flevoland besproken worden.</desc><category>Nieuws</category></programme><programme channel="lgi-nl-prod-master:NL_000141_019209" start="20221019221200 +0000" stop="20221019221500 +0000" catchup-id="crid:~~2F~~2Fgn.tv~~2F18597343~~2FSH035724880000~~2F142996420,imi:cfd6872215727e016c6ad7523992e3d628b5ab54"><title>Weer</title><date></date><icon src="https://staticqbr-nl-prod.prod.cdn.dmdsdp.com/image-service/ImagesEPG/EventImages/p18597343_b_v8_aa.jpg"></icon><desc>Er wordt een uitgebreid weerbericht voor de provincie Flevoland gegeven.</desc><category>Weer, Nieuws</category></programme><programme channel="lgi-nl-prod-master:NL_000141_019209" start="20221019221500 +0000" stop="20221019222700 +0000" catchup-id="crid:~~2F~~2Fgn.tv~~2F18597369~~2FSH035725130000~~2F142996421,imi:03e9c698b7e9814c523b0a389143f5f255702696"><title>Dit is Flevoland nieuws</title><date></date><icon src="https://staticqbr-nl-prod.prod.cdn.dmdsdp.com/image-service/ImagesEPG/EventImages/p18597369_b_v8_aa.jpg"></icon><desc>Nieuwsprogramma waarin actuele onderwerpen uit de provincie Flevoland besproken worden.</desc><category>Nieuws</category></programme><programme channel="lgi-nl-prod-master:NL_000141_019209" start="20221019222700 +0000" stop="20221019223000 +0000" catchup-id="crid:~~2F~~2Fgn.tv~~2F18597343~~2FSH035724880000~~2F142996422,imi:1c94c78b7144e4b099677d4e6904175a36604662"><title>Weer</title><date></date><icon src="https://staticqbr-nl-prod.prod.cdn.dmdsdp.com/image-service/ImagesEPG/EventImages/p18597343_b_v8_aa.jpg"></icon><desc>Er wordt een uitgebreid weerbericht voor de provincie Flevoland gegeven.</desc><category>Weer, Nieuws</category></programme><programme channel="lgi-nl-prod-master:NL_000141_019209" start="20221019223000 +0000" stop="20221019224200 +0000" catchup-id="crid:~~2F~~2Fgn.tv~~2F18597369~~2FSH035725130000~~2F142996423,imi:15b948b2b703a06b7d6c452154a955f94c0c3668"><title>Dit is Flevoland nieuws</title><date></date><icon src="https://staticqbr-nl-prod.prod.cdn.dmdsdp.com/image-service/ImagesEPG/EventImages/p18597369_b_v8_aa.jpg"></icon><desc>Nieuwsprogramma waarin actuele onderwerpen uit de provincie Flevoland besproken worden.</desc><category>Nieuws</category></programme><programme channel="lgi-nl-prod-master:NL_000141_019209" start="20221019224200 +0000" stop="20221019224500 +0000" catchup-id="crid:~~2F~~2Fgn.tv~~2F18597343~~2FSH035724880000~~2F142996424,imi:ed8f23f356cf5257227548093a9f723cd52ed930"><title>Weer</title><date></date><icon src="https://staticqbr-nl-prod.prod.cdn.dmdsdp.com/image-service/ImagesEPG/EventImages/p18597343_b_v8_aa.jpg"></icon><desc>Er wordt een uitgebreid weerbericht voor de provincie Flevoland gegeven.</desc><category>Weer, Nieuws</category></programme><programme channel="lgi-nl-prod-master:NL_000141_019209" start="20221019224500 +0000" stop="20221019225700 +0000" catchup-id="crid:~~2F~~2Fgn.tv~~2F18597369~~2FSH035725130000~~2F142996425,imi:4fb833b2842f64eec73f7040b8aef791ab8362d6"><title>Dit is Flevoland nieuws</title><date></date><icon src="https://staticqbr-nl-prod.prod.cdn.dmdsdp.com/image-service/ImagesEPG/EventImages/p18597369_b_v8_aa.jpg"></icon><desc>Nieuwsprogramma waarin actuele onderwerpen uit de provincie Flevoland besproken worden.</desc><category>Nieuws</category></programme><programme channel="lgi-nl-prod-master:NL_000141_019209" start="20221019225700 +0000" stop="20221019230000 +0000" catchup-id="crid:~~2F~~2Fgn.tv~~2F18597343~~2FSH035724880000~~2F142996426,imi:24cc679091521ebd831685b88cd8633d26dd07c8"><title>Weer</title><date></date><icon src="https://staticqbr-nl-prod.prod.cdn.dmdsdp.com/image-service/ImagesEPG/EventImages/p18597343_b_v8_aa.jpg"></icon><desc>Er wordt een uitgebreid weerbericht voor de provincie Flevoland gegeven.</desc><category>Weer, Nieuws</category></programme>