<programme channel="lgi-nl-prod-master:NL_000093_019299" start="20221019222000 +0000" stop="20221019224500 +0000" catchup-id="crid:~~2F~~2Fgn.tv~~2F18752766~~2FSH036079080000~~2F143365111,imi:21ca13be4d014e5ceb9945b7bc546bfce9072199"><title>Bassie en Adriaan: Het Geheim van de Sleutel</title><date></date><icon src="https://staticqbr-nl-prod.prod.cdn.dmdsdp.com/image-service/ImagesEPG/EventImages/p18752766_b_v7_aa.jpg"></icon><desc>Bassie en Adriaan komen tijdens hun vakantie in Benidorm per ongeluk in het bezit van een mysterieuze sleutel. De sleutel is van een stel boeven en deze boeven proberen dan ook om Bassie en Adriaan op verschillende manieren te pakken te krijgen.</desc><category>Kinderen, Avontuur, Komedie</category></programme><programme channel="lgi-nl-prod-master:NL_000093_019299" start="20221019224500 +0000" stop="20221019231000 +0000" catchup-id="crid:~~2F~~2Fgn.tv~~2F18752766~~2FSH036079080000~~2F143365112,imi:573007e052222c96948a39e655ab1d0e9aed7d24"><title>Bassie en Adriaan: Het Geheim van de Sleutel</title><date></date><icon src="https://staticqbr-nl-prod.prod.cdn.dmdsdp.com/image-service/ImagesEPG/EventImages/p18752766_b_v7_aa.jpg"></icon><desc>Bassie en Adriaan komen tijdens hun vakantie in Benidorm per ongeluk in het bezit van een mysterieuze sleutel. De sleutel is van een stel boeven en deze boeven proberen dan ook om Bassie en Adriaan op verschillende manieren te pakken te krijgen.</desc><category>Kinderen, Avontuur, Komedie</category></programme>