<programme channel="lgi-nl-prod-master:NL_000084_019301" start="20221019222000 +0000" stop="20221019225000 +0000" catchup-id="crid:~~2F~~2Fgn.tv~~2F11195648~~2FEP035555570035,imi:948fd6868defc256715d77d23ba1efc39225b6bb"><title>Sanjay and Craig</title><date>2014</date><icon src="https://staticqbr-nl-prod.prod.cdn.dmdsdp.com/image-service/ImagesEPG/EventImages/p10861414_b_v8_ad.jpg"></icon><desc>Om geld in te zamelen voor de redding van een reptielenopvang organiseert Craig een Tufflips Film Marathon. Craig wil graag geknuffeld worden, maar Sanjay vindt het griezelig en ongepast.</desc><category>Kinderen, Animatie, Avontuur, Fantasy</category></programme><programme channel="lgi-nl-prod-master:NL_000084_019301" start="20221019225000 +0000" stop="20221019232000 +0000" catchup-id="crid:~~2F~~2Fgn.tv~~2F11199399~~2FEP035555570029,imi:b09ea6a661a284016b90a24044b86e82a4b777ae"><title>Sanjay and Craig</title><date>2014</date><icon src="https://staticqbr-nl-prod.prod.cdn.dmdsdp.com/image-service/ImagesEPG/EventImages/p10861414_b_v8_ad.jpg"></icon><desc>Sanjay en Craig maken een muziekstuk van scheten. Vijay stopt de kookwekker van Darlene compost.</desc><category>Kinderen, Animatie, Avontuur, Fantasy</category></programme>