<programme channel="lgi-nl-prod-master:NL_000002_019402" start="20221019223700 +0000" stop="20221020040800 +0000" catchup-id="crid:~~2F~~2Fgn.tv~~2F23060106~~2FEP021725911049,imi:eb0494058af7945432e6a3befdd476365057ee53"><title>Nieuwsuur</title><date>2022</date><icon src="https://staticqbr-nl-prod.prod.cdn.dmdsdp.com/image-service/ImagesEPG/EventImages/p21249343_b_v8_aa.jpg"></icon><desc>Het nieuws en sportnieuws met achtergronden, duiding en analyse. Presentatie: (afwisselend) Mariëlle Tweebeeke en Jeroen Wollaars.</desc><category>Nieuws, Politiek</category></programme>