<programme channel="lgi-nl-prod-master:NL_000156_020072" start="20221018221500 +0000" stop="20221019001500 +0000" catchup-id="crid:~~2F~~2Fgn.tv~~2F12297220~~2FSH023010540000~~2F141958026,imi:ec1fbf2b988691a9de562f6a22d4a03a3ccadd49"><title>Kiz Tarafi Erkek Tarafi</title><date></date><icon src="https://staticqbr-nl-prod.prod.cdn.dmdsdp.com/image-service/ImagesEPG/EventImages/p12297220_st_v8_aa.jpg"></icon><desc>Erkek Tarafi'nin basinda Alisan, Kiz Tarafi'nin basinda ise Çagla Sikel, 3 kisilik takimlarla kapisiyor, oyun, sohbet, aksiyon ve kahkaha ile ödüller kazaniliyor.</desc><category>Variété, Interview</category></programme><programme channel="lgi-nl-prod-master:NL_000156_020072" start="20221019001500 +0000" stop="20221019021500 +0000" catchup-id="crid:~~2F~~2Fgn.tv~~2F12261960~~2FSH022940090000~~2F141958027,imi:619c19650a95ec68b255c61d764d4215023744fe"><title>Evrim Akin ile Ev Kusu</title><date></date><icon src="https://staticqbr-nl-prod.prod.cdn.dmdsdp.com/image-service/ImagesEPG/EventImages/p12261960_st_v8_aa.jpg"></icon><desc>Ilginç sürprizleriyle evlerinize misafir olup sizlere yepyeni yasam alanlari hazirlaniyor.</desc><category>Bouwen en verbouwen, Entertainment</category></programme><programme channel="lgi-nl-prod-master:NL_000156_020072" start="20221019021500 +0000" stop="20221019033000 +0000" catchup-id="crid:~~2F~~2Fgn.tv~~2F12207082~~2FSH022839510000~~2F141958028,imi:e169c510775247ff5a5d38e2d54cfd938bc2e0e5"><title>Asla Vazgeçmem</title><date></date><icon src="https://staticqbr-nl-prod.prod.cdn.dmdsdp.com/image-service/ImagesEPG/EventImages/p12207082_i_v8_aa.jpg"></icon><desc>Babasinin ölümüyle kimsesiz kalan Nur, İstanbul'un sayili çiftliklerinden Kozan Çiftligi'nde çalisan halasinin yanina siginmak zorunda kalir. Nur'un çiftlik sahibi Yigit Kozan'la tanismasi ise çiftligi altüst edecek firtinali günlerin habercisidir.</desc><category>Dramaseries, Romantiek</category></programme><programme channel="lgi-nl-prod-master:NL_000156_020072" start="20221019033000 +0000" stop="20221019063000 +0000" catchup-id="crid:~~2F~~2Fgn.tv~~2F12297220~~2FSH023010540000~~2F141958029,imi:89e6dee5e5d1aa4acb030ad944ccff7d73c22405"><title>Kiz Tarafi Erkek Tarafi</title><date></date><icon src="https://staticqbr-nl-prod.prod.cdn.dmdsdp.com/image-service/ImagesEPG/EventImages/p12297220_st_v8_aa.jpg"></icon><desc>Erkek Tarafi'nin basinda Alisan, Kiz Tarafi'nin basinda ise Çagla Sikel, 3 kisilik takimlarla kapisiyor, oyun, sohbet, aksiyon ve kahkaha ile ödüller kazaniliyor.</desc><category>Variété, Interview</category></programme><programme channel="lgi-nl-prod-master:NL_000156_020072" start="20221019063000 +0000" stop="20221019090000 +0000" catchup-id="crid:~~2F~~2Fgn.tv~~2F12206284~~2FSH022838480000~~2F141958030,imi:82efeffc4837212f9882551412ebb1594fc94a16"><title>Acil Ask Araniyor</title><date></date><icon src="https://staticqbr-nl-prod.prod.cdn.dmdsdp.com/image-service/ImagesEPG/EventImages/p12206284_st_v8_aa.jpg"></icon><desc>Nisan yasadigi kötü günlerden sonra Sinan'in sayesinde yeniden hayata tutunur. Hiç beklemedigi bu destek Nisan için çok önemlidir. Mutlulugunu hiçbir seyin bozamayacagini düsünür. Ta ki Türkan'la tanisana dek.</desc><category>Komedie</category></programme><programme channel="lgi-nl-prod-master:NL_000156_020072" start="20221019090000 +0000" stop="20221019100000 +0000" catchup-id="crid:~~2F~~2Fgn.tv~~2F12261242~~2FSH022938760000~~2F141958031,imi:5ae949fac1c733636a4033317aa575adbc92b5ea"><title>Nursel'in Mutfagi</title><date></date><icon src="https://staticqbr-nl-prod.prod.cdn.dmdsdp.com/image-service/ImagesEPG/EventImages/p12261242_st_v8_aa.jpg"></icon><desc>Türkiye'nin her yerinden lezzetlere ve bilinmeyen tatlara yer veriliyor.</desc><category>Culinair, Reizen</category></programme><programme channel="lgi-nl-prod-master:NL_000156_020072" start="20221019100000 +0000" stop="20221019110000 +0000" catchup-id="crid:~~2F~~2Fgn.tv~~2F12261960~~2FSH022940090000~~2F141958032,imi:f10fed708f7fc30be3ba6e9cb559d623b9666a7a"><title>Evrim Akin ile Ev Kusu</title><date></date><icon src="https://staticqbr-nl-prod.prod.cdn.dmdsdp.com/image-service/ImagesEPG/EventImages/p12261960_st_v8_aa.jpg"></icon><desc>Ilginç sürprizleriyle evlerinize misafir olup sizlere yepyeni yasam alanlari hazirlaniyor.</desc><category>Bouwen en verbouwen, Entertainment</category></programme><programme channel="lgi-nl-prod-master:NL_000156_020072" start="20221019110000 +0000" stop="20221019133000 +0000" catchup-id="crid:~~2F~~2Fgn.tv~~2F12324148~~2FSH023058630000~~2F141958033,imi:658a88e994e4312c0e747978af9def173a73e66a"><title>Mayis Kraliçesi</title><date></date><icon src="https://staticqbr-nl-prod.prod.cdn.dmdsdp.com/image-service/ImagesEPG/EventImages/p12324148_st_v8_aa.jpg"></icon><desc>Kizi öldü sanan bir kadin ve annesini baska bir kadin sanan kaynak isçisi güzel bir kizin hikayesi.</desc><category>Dramaseries, Entertainment</category></programme><programme channel="lgi-nl-prod-master:NL_000156_020072" start="20221019133000 +0000" stop="20221019153000 +0000" catchup-id="crid:~~2F~~2Fgn.tv~~2F12297220~~2FSH023010540000~~2F141958034,imi:3ab12ec9c20863b3fbcce70979da9f49438102fa"><title>Kiz Tarafi Erkek Tarafi</title><date></date><icon src="https://staticqbr-nl-prod.prod.cdn.dmdsdp.com/image-service/ImagesEPG/EventImages/p12297220_st_v8_aa.jpg"></icon><desc>Erkek Tarafi'nin basinda Alisan, Kiz Tarafi'nin basinda ise Çagla Sikel, 3 kisilik takimlarla kapisiyor, oyun, sohbet, aksiyon ve kahkaha ile ödüller kazaniliyor.</desc><category>Variété, Interview</category></programme><programme channel="lgi-nl-prod-master:NL_000156_020072" start="20221019153000 +0000" stop="20221019190000 +0000" catchup-id="crid:~~2F~~2Fgn.tv~~2F12226003~~2FSH022879930000~~2F141958035,imi:c0c7758a636cf836e0fe19e89174f2dcb67f3fec"><title>Ana Haber</title><date></date><icon src="https://staticqbr-nl-prod.prod.cdn.dmdsdp.com/image-service/ImagesEPG/EventImages/p12226003_st_v8_aa.jpg"></icon><desc>Türkiye'nin ve dünyanin politika, ekonomi ve kültür-sanat gündeminden gelismelere yer veriliyor.</desc><category>Nieuws, Politiek</category></programme><programme channel="lgi-nl-prod-master:NL_000156_020072" start="20221019190000 +0000" stop="20221019213000 +0000" catchup-id="crid:~~2F~~2Fgn.tv~~2F12206284~~2FSH022838480000~~2F141958036,imi:ca661e036941262d28cb34ccdb317075d94d5720"><title>Acil Ask Araniyor</title><date></date><icon src="https://staticqbr-nl-prod.prod.cdn.dmdsdp.com/image-service/ImagesEPG/EventImages/p12206284_st_v8_aa.jpg"></icon><desc>Nisan yasadigi kötü günlerden sonra Sinan'in sayesinde yeniden hayata tutunur. Hiç beklemedigi bu destek Nisan için çok önemlidir. Mutlulugunu hiçbir seyin bozamayacagini düsünür. Ta ki Türkan'la tanisana dek.</desc><category>Komedie</category></programme><programme channel="lgi-nl-prod-master:NL_000156_020072" start="20221019213000 +0000" stop="20221019233000 +0000" catchup-id="crid:~~2F~~2Fgn.tv~~2F12297220~~2FSH023010540000~~2F141958037,imi:a9525ac479058313cc526767e85dcaa1d3b411dc"><title>Kiz Tarafi Erkek Tarafi</title><date></date><icon src="https://staticqbr-nl-prod.prod.cdn.dmdsdp.com/image-service/ImagesEPG/EventImages/p12297220_st_v8_aa.jpg"></icon><desc>Erkek Tarafi'nin basinda Alisan, Kiz Tarafi'nin basinda ise Çagla Sikel, 3 kisilik takimlarla kapisiyor, oyun, sohbet, aksiyon ve kahkaha ile ödüller kazaniliyor.</desc><category>Variété, Interview</category></programme>