<programme channel="lgi-nl-prod-master:NL_000075_019246" start="20221019222000 +0000" stop="20221019231000 +0000" catchup-id="crid:~~2F~~2Fgn.tv~~2F11663393~~2FEP028588200012,imi:01098208ad0c29ecaa0a11b07a067152c8654e57"><title>NASA's Unexplained Files</title><date>2015</date><icon src="https://staticqbr-nl-prod.prod.cdn.dmdsdp.com/image-service/ImagesEPG/EventImages/p12602492_b_v12_aa.jpg"></icon><desc>Een Russische sonde ontdekt dat iets de grond op de maan heeft verstoord voordat de VS of de Sovjet-Unie er landden. Misschien waren de nazi's er eerder. Wetenschappers hebben een lasersignaal ontdekt van een planeet waar leven op mogelijk is.</desc><category>Documentaire, Wetenschap, Paranormaal</category></programme>