<programme channel="lgi-nl-prod-master:NL_000144_019212" start="20221019220000 +0000" stop="20221019223000 +0000" catchup-id="crid:~~2F~~2Fgn.tv~~2F19603991~~2FSH037886130000~~2F144721417,imi:5178c536495e22cd1996861d265960687916a7a3"><title>Nacht programmering</title><date></date><icon src="https://staticqbr-nl-prod.prod.cdn.dmdsdp.com/image-service/ImagesEPG/EventImages/p19603991_b_v8_ab.jpg"></icon><desc>In de nacht neemt Pebble TV een kijkje bij de allerliefste dieren. Want wat is nou rustgevender dan kijken naar kittens, puppy's, vissen, pasgeboren varkentjes, lammetjes, paarden en konijntjes als je niet kunt slapen.</desc><category>Entertainment, Natuur</category></programme><programme channel="lgi-nl-prod-master:NL_000144_019212" start="20221019223000 +0000" stop="20221020050000 +0000" catchup-id="crid:~~2F~~2Fgn.tv~~2F18581131~~2FSH035678760000~~2F144721418,imi:fc24e778f91c9d10af2e2f65decd65a43b27e144"><title>Niets Is Onmogelijk</title><date></date><icon src="https://staticqbr-nl-prod.prod.cdn.dmdsdp.com/image-service/ImagesEPG/EventImages/p18581131_b_v8_ac.jpg"></icon><desc>Uitzending van de Universele Kerk van Gods Rijk.</desc><category>Religie</category></programme>