<programme channel="lgi-nl-prod-master:NL_000055_019645" start="20221018235000 +0000" stop="20221019015500 +0000" catchup-id="crid:~~2F~~2Fgn.tv~~2F10864073~~2FMV011048990000,imi:26ba03f2e4eb0981e314bf9127d4259c47ded674"><title>Selma</title><date>2014</date><icon src="https://staticqbr-nl-prod.prod.cdn.dmdsdp.com/image-service/ImagesEPG/EventImages/p10864073_v_v12_aw.jpg"></icon><desc>Dr. Martin Luther King jr. leidt de protestmars van Selma naar Montgomery in 1965. De Afro-Amerikaanse bevolking eist stemrecht voor minderheden in Amerika.</desc><category>Film, Historisch drama</category></programme><programme channel="lgi-nl-prod-master:NL_000055_019645" start="20221019015500 +0000" stop="20221019050000 +0000" catchup-id="crid:~~2F~~2Fgn.tv~~2F7560~~2FMV015697790000,imi:6015e75bcad1197ab099a952c628cbfae537cecd"><title>Gandhi</title><date>1982</date><icon src="https://staticqbr-nl-prod.prod.cdn.dmdsdp.com/image-service/ImagesEPG/EventImages/p7560_v_v11_af.jpg"></icon><desc>Een portret door Richard Attenborough over de grootste momenten uit Mohanda Gandhi's leven. Gandhi maakte het zijn levensdoel om India te bevrijden van de Britse onderdrukking, maar werd initieel niet serieus genomen.</desc><category>Film, Biografie, Historisch drama</category></programme><programme channel="lgi-nl-prod-master:NL_000055_019645" start="20221019050000 +0000" stop="20221019065500 +0000" catchup-id="crid:~~2F~~2Fgn.tv~~2F13615252~~2FMV014164960000,imi:8bc4a6b2ad8ac823dffb5d35ff101f3026e6645c"><title>Crooked House</title><date>2017</date><icon src="https://staticqbr-nl-prod.prod.cdn.dmdsdp.com/image-service/ImagesEPG/EventImages/p13615252_v_v8_aa.jpg"></icon><desc>In het landhuis van de schatrijke familie Leonides wordt de patriarch en eigenaar van het familiefortuin onder verdachte omstandigheden dood aangetroffen. Zijn kleindochter Sophia roept de hulp in van van haar voormalige minnaar, de privédetective Charles Hayworth.</desc><category>Film, Mysterie, Misdaaddrama</category></programme><programme channel="lgi-nl-prod-master:NL_000055_019645" start="20221019065500 +0000" stop="20221019082500 +0000" catchup-id="crid:~~2F~~2Fgn.tv~~2F12192814~~2FMV013780410000,imi:9932de50862126109300f4ba08436e2f19494c77"><title>No One Can Brush My Hair Like the Wind</title><date>2014</date><icon src="https://staticqbr-nl-prod.prod.cdn.dmdsdp.com/image-service/ImagesEPG/EventImages/p12192814_v_v12_ab.jpg"></icon><desc>Het leven van eenzame zielen in een wanhopige zoektocht: de moeizame relatie tussen een eenzame schrijfster en een jong meisje dat haar leven binnenkomt.</desc><category>Drama, Film, Romantiek</category></programme><programme channel="lgi-nl-prod-master:NL_000055_019645" start="20221019082500 +0000" stop="20221019100000 +0000" catchup-id="crid:~~2F~~2Fgn.tv~~2F183178~~2FMV013980780000,imi:1bde02b635c5ad46f9f52a5ba059498ef70e3149"><title>Death Defying Acts</title><date>2007</date><icon src="https://staticqbr-nl-prod.prod.cdn.dmdsdp.com/image-service/ImagesEPG/EventImages/p183178_v_v8_aa.jpg"></icon><desc>Harry Houdini reikt een beloning van 10.000 pond uit aan degene die hem de laatste woorden van zijn moeder op haar sterfbed kan vertellen. Zijn aandacht wordt getrokken door een Mary McGarvie en haar negenjarige dochter Benji.</desc><category>Drama, Film, Romantiek, Thriller</category></programme><programme channel="lgi-nl-prod-master:NL_000055_019645" start="20221019100000 +0000" stop="20221019114000 +0000" catchup-id="crid:~~2F~~2Fgn.tv~~2F13928753~~2FMV010319630000,imi:96a54939ba70cebea8928ba15dee1d62cec55086"><title>Tonio</title><date>2016</date><icon src="https://staticqbr-nl-prod.prod.cdn.dmdsdp.com/image-service/ImagesEPG/EventImages/p13928753_v_v8_ab.jpg"></icon><desc>De ouders van de eenentwintigjarige student Tonio krijgen te horen dat hun zoon is verongelukt. Wat rest er na zo'n tragedie nog voor je als ouder?</desc><category>Drama, Film</category></programme><programme channel="lgi-nl-prod-master:NL_000055_019645" start="20221019114000 +0000" stop="20221019134000 +0000" catchup-id="crid:~~2F~~2Fgn.tv~~2F188151~~2FMV010359190000,imi:ae156486be47b5a8ae883a10685ac9585a32a476"><title>The Reader</title><date>2008</date><icon src="https://staticqbr-nl-prod.prod.cdn.dmdsdp.com/image-service/ImagesEPG/EventImages/p188151_v_v12_at.jpg"></icon><desc>In naoorlogs Duitsland wordt Michael Berg verliefd op een veel oudere vrouw, Hanna Schmitz. Zij verdwijnt plotseling uit zijn leven en pas tien jaar later ziet hij, inmiddels rechtenstudent, Hanna terug bij een naziproces waar zij terecht staat.</desc><category>Drama, Film, Romantiek</category></programme><programme channel="lgi-nl-prod-master:NL_000055_019645" start="20221019134000 +0000" stop="20221019162000 +0000" catchup-id="crid:~~2F~~2Fgn.tv~~2F13078655~~2FMV013771010000,imi:35317883eba1fae60e5c66029fdb43ab6b3cf02e"><title>Toni Erdmann</title><date>2016</date><icon src="https://staticqbr-nl-prod.prod.cdn.dmdsdp.com/image-service/ImagesEPG/EventImages/p13078655_v_v8_an.jpg"></icon><desc>Het perfect ingerichte maar vreugdeloze leven van zakenvrouw Ines komt op z'n kop te staan wanneer haar hinderlijke vader plotseling voor de deur staat. Hij begint te doen alsof hij de life coach is van haar baas.</desc><category>Film, Komedie</category></programme><programme channel="lgi-nl-prod-master:NL_000055_019645" start="20221019162000 +0000" stop="20221019183000 +0000" catchup-id="crid:~~2F~~2Fgn.tv~~2F10171609~~2FMV012335760000,imi:31b0f596c72b2f338fa7ed2132a4cbb9b545c557"><title>Foxcatcher</title><date>2014</date><icon src="https://staticqbr-nl-prod.prod.cdn.dmdsdp.com/image-service/ImagesEPG/EventImages/p10171609_v_v8_aa.jpg"></icon><desc>Olympisch worstelkampioen Mark Schultz wordt na een lezing benaderd door de excentrieke multimiljonair John du Pont. Hij wil Mark samen met zijn broer Dave inlijven bij het worstelteam dat hij sponsort en waarvoor hij een trainingscenter heeft gebouwd op zijn landgoed. Dave gaat om familiale redenen niet in op het aanbod en Mark verhuist alleen naar Pennsylvania. De jongste van de Schulz-broers krijgt een intense band met de excentrieke John Du Pont.</desc><category>Film, Docudrama, Misdaaddrama</category></programme><programme channel="lgi-nl-prod-master:NL_000055_019645" start="20221019183000 +0000" stop="20221019201500 +0000" catchup-id="crid:~~2F~~2Fgn.tv~~2F18625142~~2FMV017694460000,imi:411d9448b9a83ea6f1a25686ee640954f655abb8"><title>I Met a Girl</title><date>2020</date><icon src="https://staticqbr-nl-prod.prod.cdn.dmdsdp.com/image-service/ImagesEPG/EventImages/p18625142_v_v12_aa.jpg"></icon><desc>Devon is een aspirant-muzikant met schizofrenie die afhankelijk is van zijn oudere broer Nick. Wanneer Nicks vrouw echter zwanger wordt, regelen ze de verhuizing van Devon. In een neerwaartse spiraal wordt Devon gered door een mysterieus meisje.</desc><category>Drama, Film, Romantiek</category></programme><programme channel="lgi-nl-prod-master:NL_000055_019645" start="20221019201500 +0000" stop="20221019214000 +0000" catchup-id="crid:~~2F~~2Fgn.tv~~2F19034770~~2FMV017373730000,imi:31b868993e1e0e8dc192255850445f9b68e135dc"><title>Cowboys</title><date>2020</date><icon src="https://staticqbr-nl-prod.prod.cdn.dmdsdp.com/image-service/ImagesEPG/EventImages/p19034770_v_v12_aa.jpg"></icon><desc>Troy is een chaotische maar goedbedoelende vader die onlangs is gescheiden van zijn vrouw Sally. Ontsteld over Sally's weigering om hun trans-zoon Joe te laten leven als zijn authentieke zelf, vlucht Troy met Joe de wildernis van Montana in. Al snel schakelt Sally de politie in, maar de vastberadenheid van rechercheur Faith over de zaak wordt op de proef gesteld naarmate ze meer te weten komt over Joe's familie.</desc><category>Drama, Film, Western</category></programme><programme channel="lgi-nl-prod-master:NL_000055_019645" start="20221019214000 +0000" stop="20221019231500 +0000" catchup-id="crid:~~2F~~2Fgn.tv~~2F17492563~~2FMV017961560000,imi:4e27ededf789c6949a585e909d4d50804f03b771"><title>Show Me What You Got</title><date>2019</date><icon src="https://staticqbr-nl-prod.prod.cdn.dmdsdp.com/image-service/ImagesEPG/EventImages/p17492563_v_v12_aa.jpg"></icon><desc>Marcello is altijd op zoek naar nieuwe emoties. In Los Angeles ontmoet hij de sombere Nassim, een oud-surfer die nu werkzaam is als persoonlijke trainer en onder druk wordt gezet door zijn vader om zijn leven in Iran voort te zetten. Ze sluiten vriendschap en leren later Christine kennen. Tussen het drietal ontstaat er al snel een onconventionele liefde die in een verhitte passie verandert.</desc><category>Drama, Film, Romantiek</category></programme>