<programme channel="lgi-nl-prod-master:NL_000154_020078" start="20221019220000 +0000" stop="20221019223000 +0000" catchup-id="crid:~~2F~~2Fgn.tv~~2F22247396~~2FSH043195480000~~2Fspecial,imi:78a78fef78b5a8dc30a9025d8e53081dd476c3ca"><title>YOLO Hits</title><date></date><icon src="https://staticqbr-nl-prod.prod.cdn.dmdsdp.com/image-service/ImagesEPG/EventImages/p22247396_b_v12_aa.jpg"></icon><desc>Featuring YOLO Hits.</desc><category>Muziek</category></programme><programme channel="lgi-nl-prod-master:NL_000154_020078" start="20221019223000 +0000" stop="20221019230000 +0000" catchup-id="crid:~~2F~~2Fgn.tv~~2F22247396~~2FSH043195480000~~2Fspecial,imi:884e9dbeea12161c33f504cfdfa1a3ba49386339"><title>YOLO Hits</title><date></date><icon src="https://staticqbr-nl-prod.prod.cdn.dmdsdp.com/image-service/ImagesEPG/EventImages/p22247396_b_v12_aa.jpg"></icon><desc>Featuring YOLO Hits.</desc><category>Muziek</category></programme>