<programme channel="lgi-nl-prod-master:NL_000138_019591" start="20221019220000 +0000" stop="20221019221300 +0000" catchup-id="crid:~~2F~~2Fgn.tv~~2F18606393~~2FSH035748330000~~2F143881645,imi:4f04bf9c18f7d21a1cf28dd6459152baa8c4dda6"><title>Drenthe nu</title><date></date><icon src="https://staticqbr-nl-prod.prod.cdn.dmdsdp.com/image-service/ImagesEPG/EventImages/p18606393_b_v8_ab.jpg"></icon><desc>Het laatste nieuws uit de regio Drenthe wordt belicht en er wordt ingegaan op actualiteiten.</desc><category>Nieuws</category></programme><programme channel="lgi-nl-prod-master:NL_000138_019591" start="20221019221300 +0000" stop="20221019222400 +0000" catchup-id="crid:~~2F~~2Fgn.tv~~2F18606364~~2FSH035748320000~~2F143881646,imi:0830fc041ee197300c7f62fe68f796c019997f13"><title>Djammen</title><date></date><icon src="https://staticqbr-nl-prod.prod.cdn.dmdsdp.com/image-service/ImagesEPG/EventImages/p18606364_b_v8_ab.jpg"></icon><desc>Muziekprogramma met portretten van Drentse artiesten en optredens in de provincie. Het laatste muzieknieuws wordt belicht en aan de hand van de agenda wordt je verteld waar de leukste optredens te vinden zijn.</desc><category>Muziek</category></programme><programme channel="lgi-nl-prod-master:NL_000138_019591" start="20221019222400 +0000" stop="20221019223400 +0000" catchup-id="crid:~~2F~~2Fgn.tv~~2F22821959~~2FSH044322780000~~2F143881647,imi:5fe87844a0bba068d7e7a3326f6198641b31337e"><title>NOS Nieuws van de Week</title><date></date><icon src="https://staticqbr-nl-prod.prod.cdn.dmdsdp.com/image-service/ImagesEPG/EventImages/p22821959_b_v11_aa.jpg"></icon><desc>Het NOS-nieuws van de afgelopen week.</desc><category>Nieuws</category></programme><programme channel="lgi-nl-prod-master:NL_000138_019591" start="20221019223400 +0000" stop="20221019224700 +0000" catchup-id="crid:~~2F~~2Fgn.tv~~2F18606393~~2FSH035748330000~~2F143881648,imi:f40a6867b1dc76d40aaea4037f4ea7215ff2868d"><title>Drenthe nu</title><date></date><icon src="https://staticqbr-nl-prod.prod.cdn.dmdsdp.com/image-service/ImagesEPG/EventImages/p18606393_b_v8_ab.jpg"></icon><desc>Het laatste nieuws uit de regio Drenthe wordt belicht en er wordt ingegaan op actualiteiten.</desc><category>Nieuws</category></programme><programme channel="lgi-nl-prod-master:NL_000138_019591" start="20221019224700 +0000" stop="20221019225800 +0000" catchup-id="crid:~~2F~~2Fgn.tv~~2F18606364~~2FSH035748320000~~2F143881649,imi:bf3ddd1ddaa670030ec6876e3f882a9af6c31c7b"><title>Djammen</title><date></date><icon src="https://staticqbr-nl-prod.prod.cdn.dmdsdp.com/image-service/ImagesEPG/EventImages/p18606364_b_v8_ab.jpg"></icon><desc>Muziekprogramma met portretten van Drentse artiesten en optredens in de provincie. Het laatste muzieknieuws wordt belicht en aan de hand van de agenda wordt je verteld waar de leukste optredens te vinden zijn.</desc><category>Muziek</category></programme><programme channel="lgi-nl-prod-master:NL_000138_019591" start="20221019225800 +0000" stop="20221019230800 +0000" catchup-id="crid:~~2F~~2Fgn.tv~~2F22821959~~2FSH044322780000~~2F143881650,imi:1f2bf1f0b51e2196f7a6a63356413b77880c1183"><title>NOS Nieuws van de Week</title><date></date><icon src="https://staticqbr-nl-prod.prod.cdn.dmdsdp.com/image-service/ImagesEPG/EventImages/p22821959_b_v11_aa.jpg"></icon><desc>Het NOS-nieuws van de afgelopen week.</desc><category>Nieuws</category></programme>