<programme channel="lgi-nl-prod-master:NL_000114_019151" start="20221019220000 +0000" stop="20221020000000 +0000" catchup-id="crid:~~2F~~2Fgn.tv~~2F18965633~~2FSH042228550000~~2F140558111,imi:722b2fb913b188a9f0d48557dbc6433f7756c22c"><title>Haagse politiek</title><date></date><icon src="https://staticqbr-nl-prod.prod.cdn.dmdsdp.com/image-service/ImagesEPG/EventImages/p18965633_b_v11_ab.jpg"></icon><desc>24 uur per dag de laatste politieke ontwikkelingen, met live debatten, interviews en andere nieuwsuitzendingen.</desc><category>Nieuws, Politiek, Samenleving, Documentaire</category></programme>