<programme channel="lgi-nl-prod-master:NL_000171_019313" start="20221019220000 +0000" stop="20221019234700 +0000" catchup-id="crid:~~2F~~2Fgn.tv~~2F20449174~~2FMV017300870000,imi:5cf9bbb7e0d628e6168cb795f25512994f62f431"><title>My Mixed Up Family Affairs</title><date>2021</date><icon src="https://staticqbr-nl-prod.prod.cdn.dmdsdp.com/image-service/ImagesEPG/EventImages/p20449174_st_v8_ab.jpg"></icon><desc>I have slutty friends with hot stepfathers. They've all thought of interesting ways to get into their pants to get what they want and keep getting it until they are bored, and these are the ways.</desc><category>Erotiek, Film, Erotisch</category></programme>