<programme channel="lgi-nl-prod-master:NL_000036_019465" start="20221019223500 +0000" stop="20221019235000 +0000" catchup-id="crid:~~2F~~2Fgn.tv~~2F23060568~~2FEP017630280249,imi:a41030f647d8bb8265cd9e550dbb1b20d4b6a772"><title>Maischberger</title><date>2022</date><icon src="https://staticqbr-nl-prod.prod.cdn.dmdsdp.com/image-service/ImagesEPG/EventImages/p21975967_b_v8_aa.jpg"></icon><desc>Die Moderatorin präsentiert gesellschaftspolitische Themen und begrüßt Prominente in ihrem Studio.</desc><category>Talkshow, Actualiteit</category></programme>