<programme channel="lgi-nl-prod-master:NL_000080_019484" start="20221019220500 +0000" stop="20221019233500 +0000" catchup-id="crid:~~2F~~2Fgn.tv~~2F18820825~~2FSH037206440000~~2Fspecial,imi:59a9701fba72e6bce055e87d9eb188dc08bda65c"><title>Bernard Haitink - De mysterieuze Maestro</title><date></date><icon src="https://staticqbr-nl-prod.prod.cdn.dmdsdp.com/image-service/ImagesEPG/EventImages/p18820825_b_v8_ae.jpg"></icon><desc>Ik hoop dat ik hier kan sterven en niet terug hoef naar mijn eigen land. De wereldberoemde Nederlandse dirigent Bernard Haitink verwoordt zijn liefde voor Engeland in duidelijke bewoordingen. Die liefde is wederzijds.</desc><category>Muziek, Biografie</category></programme>