<programme channel="lgi-nl-prod-master:NL_000013_019327" start="20221019222000 +0000" stop="20221019223000 +0000" catchup-id="crid:~~2F~~2Fgn.tv~~2F22959461~~2FEP044892930001,imi:ab002cdfce9a4361d0d75c0a4ae7637881bf7d3d"><title>Jurassic World Dominion: Extras</title><date></date><icon src="https://staticqbr-nl-prod.prod.cdn.dmdsdp.com/image-service/ImagesEPG/EventImages/p22959413_b_v8_aa.jpg"></icon><desc></desc><category>Entertainment</category></programme><programme channel="lgi-nl-prod-master:NL_000013_019327" start="20221019223000 +0000" stop="20221019233000 +0000" catchup-id="crid:~~2F~~2Fgn.tv~~2F18856337~~2FSH036302050000~~2Fspecial,imi:2d7450918c6345e5e5c35613c2ad040cd0028c70"><title>TV Informatie kanaal van Ziggo</title><date></date><icon src="https://staticqbr-nl-prod.prod.cdn.dmdsdp.com/image-service/ImagesEPG/EventImages/p18856337_b_v8_ab.jpg"></icon><desc>Ziggo TV biedt informatie over de laatste films en series bij Ziggo On Demand. De beste blockbusters, net uit de bios en nu al in huis. Van sfeervolle familiefilms tot spannende thrillers, met On Demand kijk je ze waar en wanneer je maar wilt. Daarnaast kijk je op dit kanaal naar (live) evenementen vanuit de Ziggo Dome. Verder geeft dit kanaal een indruk van het ruime aanbod van digitale tv-zenders.</desc><category>Entertainment</category></programme>