<programme channel="lgi-nl-prod-master:NL_000049_019514" start="20221019220000 +0000" stop="20221019223000 +0000" catchup-id="crid:~~2F~~2Fgn.tv~~2F19291367~~2FSH037323630000~~2F143247423,imi:f1b128befc490395f6c3d71bb356396567b9e893"><title>Nieuws Curacao</title><date></date><icon src="https://staticqbr-nl-prod.prod.cdn.dmdsdp.com/image-service/ImagesEPG/EventImages/p19291367_i_v8_ab.jpg"></icon><desc>Het laaste nieuws uit Curaçao.</desc><category>Nieuws</category></programme><programme channel="lgi-nl-prod-master:NL_000049_019514" start="20221019223000 +0000" stop="20221020010000 +0000" catchup-id="crid:~~2F~~2Fgn.tv~~2F8920006~~2FSH035909350000~~2F143247424,imi:8de7fc774555d1b468fbd0acd3e7dc5f272aee87"><title>Bo Trai Merdia</title><date></date><icon src="https://staticqbr-nl-prod.prod.cdn.dmdsdp.com/image-service/ImagesEPG/EventImages/p8920006_b_v7_aa.jpg"></icon><desc>Amusementsprogramma waarin Hubert Hoogvliet een blik werpt op de gebeurtenissen in Curaçao.</desc><category>Entertainment</category></programme>