<programme channel="lgi-nl-prod-master:NL_000085_019494" start="20221019220000 +0000" stop="20221020040000 +0000" catchup-id="crid:~~2F~~2Fgn.tv~~2F18488177~~2FSH035473780000~~2F143906771,imi:1acf94f282fbce287c88efa98f9d91c0a9500f74"><title>Nick Music</title><date></date><icon src="https://staticqbr-nl-prod.prod.cdn.dmdsdp.com/image-service/ImagesEPG/EventImages/p18488177_b_v8_aa.jpg"></icon><desc>De leukste videoclips van de allergrootste artiesten, 24 uur per dag op Nick Music.</desc><category>Muziek</category></programme>