<programme channel="lgi-nl-prod-master:NL_000048_020052" start="20221019222500 +0000" stop="20221019225600 +0000" catchup-id="crid:~~2F~~2Fgn.tv~~2F23158125~~2FEP044692650021,imi:ef575df3a2d442843b929122748dbb13997c8567"><title>Striscia la notizia: La voce dell'intransigenza</title><date>2022</date><icon src="https://staticqbr-nl-prod.prod.cdn.dmdsdp.com/image-service/ImagesEPG/EventImages/p23019966_b_v8_ag.jpg"></icon><desc>Servizi, inchieste, rubriche bizzarre e segnalazioni divertenti, grazie anche all'essenziale contributo dei telespettatori.</desc><category>Entertainment</category></programme><programme channel="lgi-nl-prod-master:NL_000048_020052" start="20221019225600 +0000" stop="20221020015700 +0000" catchup-id="crid:~~2F~~2Fgn.tv~~2F23162282~~2FEP030535200028,imi:ed06d7499ddaef78fb7024429b81d98b605fbd97"><title>Fuori dal coro</title><date>2022</date><icon src="https://staticqbr-nl-prod.prod.cdn.dmdsdp.com/image-service/ImagesEPG/EventImages/p15951361_b_v12_ab.jpg"></icon><desc>Striscia quotidiana di informazione e attualità condotta dal giornalista Mario Giordano, che si propone di dare voce alle opinioni più controcorrente e particolari.</desc><category>Nieuws</category></programme>