<programme channel="lgi-nl-prod-master:NL_000032_019226" start="20221019222500 +0000" stop="20221019224500 +0000" catchup-id="crid:~~2F~~2Fgn.tv~~2F13844156~~2FEP037280950040,imi:67b441fd3c1ad5ddf5092fe333a31e1d5c751216"><title>Schitt's Creek</title><date>2017</date><icon src="https://staticqbr-nl-prod.prod.cdn.dmdsdp.com/image-service/ImagesEPG/EventImages/p13514137_b_v8_aa.jpg"></icon><desc>Johnny probeert een luizenplaag in het motel een halt toe te roepen, die veroorzaakt is door luizen op Alexis' school. Moira probeert te vermijden dat een bedenkelijke bloementuin naar haar vernoemd wordt.</desc><category>Sitcoms</category></programme><programme channel="lgi-nl-prod-master:NL_000032_019226" start="20221019224500 +0000" stop="20221020053000 +0000" catchup-id="crid:~~2F~~2Fgn.tv~~2F16949545~~2FSH032312170000~~2F144303666,imi:51213d53767127710c0ddad18b8964ac2d12be14"><title>Canvaslus</title><date></date><icon src="https://staticqbr-nl-prod.prod.cdn.dmdsdp.com/image-service/ImagesEPG/EventImages/p16949545_b_v12_aa.jpg"></icon><desc>Doorlopende herhaling tot de start van de ochtenduitzendingen van o.a. `Het weer', `De afspraak' en `Zinzen en Van Cauwelaert bij Ivan'.</desc><category>Variété</category></programme>