<programme channel="lgi-nl-prod-master:NL_000006_019130" start="20221019224000 +0000" stop="20221019232500 +0000" catchup-id="crid:~~2F~~2Fgn.tv~~2F23066452~~2FEP042349390107,imi:0ba7575e55ecd2112c90cfdab86dd9edce6767ce"><title>Vandaag Inside</title><date>2022</date><icon src="https://staticqbr-nl-prod.prod.cdn.dmdsdp.com/image-service/ImagesEPG/EventImages/p22654699_b_v12_aa.jpg"></icon><desc>Wilfred Genee, Johan Derksen en René van der Gijp geven hun kijk op het nieuws en de actualiteit. Met een wisselende, en voor wie nog durft, terugkerende gast aan tafel bespreekt het trio zaken die Nederland die dag bezighoudt.</desc><category>Sport, Talkshow</category></programme>