<programme channel="lgi-nl-prod-master:NL_000142_019211" start="20221019220000 +0000" stop="20221019220800 +0000" catchup-id="crid:~~2F~~2Fgn.tv~~2F17703713~~2FSH033871480000~~2F143321591,imi:0380bc34a59947003337e6413bcb89c052607849"><title>NH Nieuws</title><date></date><icon src="https://staticqbr-nl-prod.prod.cdn.dmdsdp.com/image-service/ImagesEPG/EventImages/p17703713_b_v8_aa.jpg"></icon><desc>Al het nieuws uit Noord-Holland.</desc><category>Nieuws</category></programme><programme channel="lgi-nl-prod-master:NL_000142_019211" start="20221019220800 +0000" stop="20221019221700 +0000" catchup-id="crid:~~2F~~2Fgn.tv~~2F18645502~~2FSH035845450000~~2F145261795,imi:3737e552aea0efbadb8b7c41ea1fa713ea72f7c6"><title>De Afsluitdijk 32 verhalen</title><date></date><icon src="https://staticqbr-nl-prod.prod.cdn.dmdsdp.com/image-service/ImagesEPG/EventImages/p18645502_b_v8_ab.jpg"></icon><desc>De Afsluitdijk beschermt Nederland al bijna 90 jaar tegen overstromingen. Maar is ook belangrijk voor natuur, economie en verkeer. Het iconische bouwwerk tussen Noord-Holland en Friesland kent vele verhalen. Van pioniers, harde werkers, bewoners en.</desc><category>Documentaire, Educatie</category></programme><programme channel="lgi-nl-prod-master:NL_000142_019211" start="20221019221700 +0000" stop="20221019222100 +0000" catchup-id="crid:~~2F~~2Fgn.tv~~2F17718501~~2FSH033913620000~~2F145261796,imi:84be71cf9d716bf96cb5992442421993fa3029f3"><title>NH Airtime</title><date></date><icon src="https://staticqbr-nl-prod.prod.cdn.dmdsdp.com/image-service/ImagesEPG/EventImages/p17718501_b_v8_ac.jpg"></icon><desc>Luchtvaartprogramma met impressies van de vliegtuigen in Noord-Holland.</desc><category>Documentaire</category></programme><programme channel="lgi-nl-prod-master:NL_000142_019211" start="20221019222100 +0000" stop="20221019222900 +0000" catchup-id="crid:~~2F~~2Fgn.tv~~2F17678867~~2FSH033801110000~~2F145261797,imi:72d3090712c0853ecbfffc843574df67af5fe2a2"><title>RegioNed</title><date></date><icon src="https://staticqbr-nl-prod.prod.cdn.dmdsdp.com/image-service/ImagesEPG/EventImages/p17678867_b_v12_aa.jpg"></icon><desc>Dagelijkse samenstelling van reportages en nieuwselementen van de regionale omroepen. Elke dag anders en in het weekeinde de meest opmerkelijke reportages. De nadruk ligt op kleine verhalen.</desc><category>Nieuws, Samenleving</category></programme><programme channel="lgi-nl-prod-master:NL_000142_019211" start="20221019222900 +0000" stop="20221019223800 +0000" catchup-id="crid:~~2F~~2Fgn.tv~~2F17703713~~2FSH033871480000~~2F145261798,imi:090ba0c6aee15095e3e659c8fa9f775e9f226657"><title>NH Nieuws</title><date></date><icon src="https://staticqbr-nl-prod.prod.cdn.dmdsdp.com/image-service/ImagesEPG/EventImages/p17703713_b_v8_aa.jpg"></icon><desc>Al het nieuws uit Noord-Holland.</desc><category>Nieuws</category></programme><programme channel="lgi-nl-prod-master:NL_000142_019211" start="20221019223800 +0000" stop="20221019224700 +0000" catchup-id="crid:~~2F~~2Fgn.tv~~2F18645502~~2FSH035845450000~~2F145261799,imi:a33f2658aa4b36f04a85977b07a34046d26614a1"><title>De Afsluitdijk 32 verhalen</title><date></date><icon src="https://staticqbr-nl-prod.prod.cdn.dmdsdp.com/image-service/ImagesEPG/EventImages/p18645502_b_v8_ab.jpg"></icon><desc>De Afsluitdijk beschermt Nederland al bijna 90 jaar tegen overstromingen. Maar is ook belangrijk voor natuur, economie en verkeer. Het iconische bouwwerk tussen Noord-Holland en Friesland kent vele verhalen. Van pioniers, harde werkers, bewoners en.</desc><category>Documentaire, Educatie</category></programme><programme channel="lgi-nl-prod-master:NL_000142_019211" start="20221019224700 +0000" stop="20221019225100 +0000" catchup-id="crid:~~2F~~2Fgn.tv~~2F17718501~~2FSH033913620000~~2F145261800,imi:9999d5ef7442e4b4c626de1076e72953f2c93415"><title>NH Airtime</title><date></date><icon src="https://staticqbr-nl-prod.prod.cdn.dmdsdp.com/image-service/ImagesEPG/EventImages/p17718501_b_v8_ac.jpg"></icon><desc>Luchtvaartprogramma met impressies van de vliegtuigen in Noord-Holland.</desc><category>Documentaire</category></programme><programme channel="lgi-nl-prod-master:NL_000142_019211" start="20221019225100 +0000" stop="20221019230000 +0000" catchup-id="crid:~~2F~~2Fgn.tv~~2F17678867~~2FSH033801110000~~2F145261819,imi:3ba34347496ebdf13e2570b6a4244f87a8ac992d"><title>RegioNed</title><date></date><icon src="https://staticqbr-nl-prod.prod.cdn.dmdsdp.com/image-service/ImagesEPG/EventImages/p17678867_b_v12_aa.jpg"></icon><desc>Dagelijkse samenstelling van reportages en nieuwselementen van de regionale omroepen. Elke dag anders en in het weekeinde de meest opmerkelijke reportages. De nadruk ligt op kleine verhalen.</desc><category>Nieuws, Samenleving</category></programme>