<programme channel="lgi-nl-prod-master:NL_000016_019388" start="20221019221500 +0000" stop="20221019231500 +0000" catchup-id="crid:~~2F~~2Fgn.tv~~2F13357712~~2FEP029816120050,imi:da9e5e8f985c85a2dcef0d96b1bfd65f6cdf690a"><title>Elementary</title><date>2016</date><icon src="https://staticqbr-nl-prod.prod.cdn.dmdsdp.com/image-service/ImagesEPG/EventImages/p13012655_b_v8_aa.jpg"></icon><desc>Kapitein Gregsons vriendin vraagt Holmes om hulp bij het oplossen van een zaak. Holmes en Watson helpen de politie bij de zoektocht naar een ontvoerde vrouw.</desc><category>Misdaaddrama</category></programme>