<programme channel="lgi-nl-prod-master:NL_000003_019405" start="20221019223100 +0000" stop="20221019232800 +0000" catchup-id="crid:~~2F~~2Fgn.tv~~2F23057164~~2FEP044119550008,imi:ed29fd961ed4d7a52e9c0a189df420880c98608a"><title>De Bodyguard</title><date>2022</date><icon src="https://staticqbr-nl-prod.prod.cdn.dmdsdp.com/image-service/ImagesEPG/EventImages/p22723762_b_v11_ab.jpg"></icon><desc>Het is de dag van de finale. Drie kandidaten zijn nog in de race. De dag start met een rijtest. Lukt het ze de auto van een belager van de weg te rijden? Na deze oefening valt één kandidaat alsnog af.</desc><category>Reality</category></programme>