<programme channel="lgi-nl-prod-master:NL_000095_019371" start="20221019220000 +0000" stop="20221019221000 +0000" catchup-id="crid:~~2F~~2Fgn.tv~~2F21899779~~2FEP037696260024,imi:5d7e2a71868a2e8b8a9eab82d70810822676ffbe"><title>Op bezoek</title><date>2022</date><icon src="https://staticqbr-nl-prod.prod.cdn.dmdsdp.com/image-service/ImagesEPG/EventImages/p19504374_b_v11_ab.jpg"></icon><desc>Verslaggever Robbie Peters reist af naar de Deense kustplaats Esbjerg voor een enerverend interview met de inmiddels interim-trainer van voetbalclub Esbjerg fB, Rafael van der Vaart.</desc><category>Geschiedenis</category></programme><programme channel="lgi-nl-prod-master:NL_000095_019371" start="20221019221000 +0000" stop="20221019235000 +0000" catchup-id="crid:~~2F~~2Fgn.tv~~2F22335979~~2FEP036233950022,imi:e7cfae5e014cfcd261ff97cfdaaea03d7f1e1caa"><title>DFB-Pokal</title><date>2022</date><icon src="https://staticqbr-nl-prod.prod.cdn.dmdsdp.com/image-service/ImagesEPG/EventImages/p22335979_tb2_v12_ae.jpg"></icon><desc>Verslag van de wedstrijd Hannover 96 - Borussia Dortmund, gespeeld in de tweede ronde van de Duitse DFB-Pokal.</desc><category>Sport, Voetbal</category></programme>