<programme channel="lgi-nl-prod-master:NL_000148_019144" start="20221019220000 +0000" stop="20221020020000 +0000" catchup-id="crid:~~2F~~2Fgn.tv~~2F18571206~~2FSH035653600000~~2F143532237,imi:95c0d9572bc216b6c5d1eb8c5762268e739044bd"><title>Nachtcarrousel</title><date></date><icon src="https://staticqbr-nl-prod.prod.cdn.dmdsdp.com/image-service/ImagesEPG/EventImages/p18571206_b_v12_ab.jpg"></icon><desc>Nachtelijk programma met doorlopend L1mburg Centraal en Óngerwaeg. Limburgse actualiteiten, achtergronden en nieuwsberichten.</desc><category>Nieuws, Samenleving</category></programme>