<programme channel="lgi-nl-prod-master:NL_000147_019593" start="20221019220000 +0000" stop="20221019221500 +0000" catchup-id="crid:~~2F~~2Fgn.tv~~2F22797436~~2FSH044272530000~~2F143046126,imi:3c1e0e130ae89f1a3db843fd0b09ed21b5b01369"><title>Oost-Indisch Doof</title><date></date><icon src="https://staticqbr-nl-prod.prod.cdn.dmdsdp.com/image-service/ImagesEPG/EventImages/p22797436_b_v8_aa.jpg"></icon><desc>Nadat Hanneke Coolen-Colsters het dagboek van haar opa vindt, gaat ze op zoek naar zijn verleden. Haar opa werd in 1948 uitgezonden naar Indonesië. Het dagboek eindigt enkele dagen voor de politionele actie.</desc><category>Documentaire, Geschiedenis</category></programme><programme channel="lgi-nl-prod-master:NL_000147_019593" start="20221019221500 +0000" stop="20221019223000 +0000" catchup-id="crid:~~2F~~2Fgn.tv~~2F17679830~~2FSH033804090000~~2F143046127,imi:3a31b9b4a37b095367a7f9670697b03c264a6830"><title>Brabants Buske</title><date></date><icon src="https://staticqbr-nl-prod.prod.cdn.dmdsdp.com/image-service/ImagesEPG/EventImages/p17679830_b_v12_aa.jpg"></icon><desc>De presentators rijden in een oude Volkswagen Transporter rond, op zoek naar mooie verhalen. Het publiek bepaalt waar het busje heengaat.</desc><category>Reizen, Entertainment</category></programme><programme channel="lgi-nl-prod-master:NL_000147_019593" start="20221019223000 +0000" stop="20221019224000 +0000" catchup-id="crid:~~2F~~2Fgn.tv~~2F17679355~~2FSH033802880000~~2F143046128,imi:d2ce835768ff395a1ca886b55c75aaf6fdef112a"><title>Brabant Nieuws</title><date></date><icon src="https://staticqbr-nl-prod.prod.cdn.dmdsdp.com/image-service/ImagesEPG/EventImages/p17679355_b_v8_ar.jpg"></icon><desc>Zodat je altijd weet wat er in Brabant speelt, blijf je op de hoogte met Brabant Nieuws. Met reportages, studiogasten en verslaggevers door de hele provincie brengen we wat Brabant boeit. Altijd betrokken, altijd betrouwbaar, altijd Brabants.</desc><category>Nieuws, Samenleving</category></programme><programme channel="lgi-nl-prod-master:NL_000147_019593" start="20221019224000 +0000" stop="20221019224200 +0000" catchup-id="crid:~~2F~~2Fgn.tv~~2F17678853~~2FSH033801060000~~2F143046129,imi:926780d6322ec4111af79bed7e07614589945d21"><title>Weer</title><date></date><icon src="https://staticqbr-nl-prod.prod.cdn.dmdsdp.com/image-service/ImagesEPG/EventImages/p17678853_b_v8_ab.jpg"></icon><desc>De weersvoorspelling.</desc><category>Weer, Nieuws</category></programme><programme channel="lgi-nl-prod-master:NL_000147_019593" start="20221019224200 +0000" stop="20221019224900 +0000" catchup-id="crid:~~2F~~2Fgn.tv~~2F19686141~~2FSH038069560000~~2F143046130,imi:5dfece519a49df37b9ddd0185fc6b5f50dd2fdb3"><title>Brabant Vandaag</title><date></date><icon src="https://staticqbr-nl-prod.prod.cdn.dmdsdp.com/image-service/ImagesEPG/EventImages/p19686141_b_v8_ab.jpg"></icon><desc>Iedere werkdag, de mooiste en meest opvallende verhalen uit onze provincie. Persoonlijke gesprekken met Brabanders, verhalen die in het hart raken.</desc><category>Samenleving, Talkshow</category></programme><programme channel="lgi-nl-prod-master:NL_000147_019593" start="20221019224900 +0000" stop="20221019225300 +0000" catchup-id="crid:~~2F~~2Fgn.tv~~2F17679610~~2FSH033803490000~~2F143046131,imi:6c52c77208333fd28953a2450e57ddd71aca4e55"><title>BrabantQuiz</title><date></date><icon src="https://staticqbr-nl-prod.prod.cdn.dmdsdp.com/image-service/ImagesEPG/EventImages/p17679610_b_v8_aa.jpg"></icon><desc>Een dagelijks spel met vragen waarin de kennis van de kijker over Brabant wordt getest. De vragen gaan niet alleen over Brabantse geschiedenis en cultuur, maar ook over bekende Brabanders en sport.</desc><category>Spelshow, Entertainment, Samenleving</category></programme><programme channel="lgi-nl-prod-master:NL_000147_019593" start="20221019225300 +0000" stop="20221019230600 +0000" catchup-id="crid:~~2F~~2Fgn.tv~~2F22797436~~2FSH044272530000~~2F143046132,imi:92f62c4a368c0b67e152b3cd380362aefd9f1102"><title>Oost-Indisch Doof</title><date></date><icon src="https://staticqbr-nl-prod.prod.cdn.dmdsdp.com/image-service/ImagesEPG/EventImages/p22797436_b_v8_aa.jpg"></icon><desc>Nadat Hanneke Coolen-Colsters het dagboek van haar opa vindt, gaat ze op zoek naar zijn verleden. Haar opa werd in 1948 uitgezonden naar Indonesië. Het dagboek eindigt enkele dagen voor de politionele actie.</desc><category>Documentaire, Geschiedenis</category></programme>