<programme channel="lgi-nl-prod-master:NL_000023_019363" start="20221019224000 +0000" stop="20221019230500 +0000" catchup-id="crid:~~2F~~2Fgn.tv~~2F17837552~~2FEP029565530388,imi:495c321c697a5ba549ae063aff71e2ce3e754777"><title>Ridiculousness</title><date>2020</date><icon src="https://staticqbr-nl-prod.prod.cdn.dmdsdp.com/image-service/ImagesEPG/EventImages/p18614152_b_v8_aa.jpg"></icon><desc>Rob, Chanel en Steelo proberen een erg hete peper, doen stoer en delen schoonheidsgeheimen.</desc><category>Reality, Komedie</category></programme>