<programme channel="lgi-nl-prod-master:NL_000145_019208" start="20221019220000 +0000" stop="20221019221400 +0000" catchup-id="crid:~~2F~~2Fgn.tv~~2F23077939~~2FEP040058130264,imi:6f88b8aef3c0fe52a0e01c335c36cbc8ef3bc939"><title>Rijnmond Vandaag</title><date>2022</date><icon src="https://staticqbr-nl-prod.prod.cdn.dmdsdp.com/image-service/ImagesEPG/EventImages/p21266606_b_v8_aa.jpg"></icon><desc>Een dagelijkse talkshow vol nieuws, sport, weer en achtergronden bij het nieuws.</desc><category>Talkshow, Nieuws, Weer</category></programme><programme channel="lgi-nl-prod-master:NL_000145_019208" start="20221019221400 +0000" stop="20221019223800 +0000" catchup-id="crid:~~2F~~2Fgn.tv~~2F22783636~~2FSH044237190000~~2F143556267,imi:0e081042fc0534fb481a0c00098f619281f8544a"><title>Sparta naar Voren (podcast)</title><date></date><icon src="https://staticqbr-nl-prod.prod.cdn.dmdsdp.com/image-service/ImagesEPG/EventImages/g214_v8_ac.jpg"></icon><desc>Wekelijkse podcast over Sparta, de oudste profclub van Nederland. Uiteraard staat het voetbal centraal. Daarnaast komen onderwerpen zoals supportersbeleving en beleidszaken aan bod.</desc><category>Talkshow, Voetbal</category></programme><programme channel="lgi-nl-prod-master:NL_000145_019208" start="20221019223800 +0000" stop="20221019225000 +0000" catchup-id="crid:~~2F~~2Fgn.tv~~2F23077939~~2FEP040058130264,imi:65286f4ba6f51f1bad846047f58dd1be5b864b15"><title>Rijnmond Vandaag</title><date>2022</date><icon src="https://staticqbr-nl-prod.prod.cdn.dmdsdp.com/image-service/ImagesEPG/EventImages/p21266606_b_v8_aa.jpg"></icon><desc>Een dagelijkse talkshow vol nieuws, sport, weer en achtergronden bij het nieuws.</desc><category>Talkshow, Nieuws, Weer</category></programme><programme channel="lgi-nl-prod-master:NL_000145_019208" start="20221019225000 +0000" stop="20221019230000 +0000" catchup-id="crid:~~2F~~2Fgn.tv~~2F23090093~~2FEP035828690444,imi:8017a7d8d2065f0b02b8bb933b9ec4c073f8523c"><title>Gluren bij de buren</title><date>2022</date><icon src="https://staticqbr-nl-prod.prod.cdn.dmdsdp.com/image-service/ImagesEPG/EventImages/p21240826_b_v8_aa.jpg"></icon><desc>Er wordt een kijkje genomen bij een van de andere dertien regionale omroepen van Nederland, waarvan er twee aan de kust liggen en grenzen aan het Rijnmond-gebied, namelijk Omroep West en Omroep Zeeland.</desc><category>Samenleving, Interview</category></programme>