<programme channel="lgi-nl-prod-master:NL_000038_019063" start="20221019220000 +0000" stop="20221019223300 +0000" catchup-id="crid:~~2F~~2Fgn.tv~~2F22320919~~2FEP003332651649,imi:5486a6cd9acd0d1c7e63a07f38cfb30f0adfed6f"><title>RTL Nachtjournal</title><date>2022</date><icon src="https://staticqbr-nl-prod.prod.cdn.dmdsdp.com/image-service/ImagesEPG/EventImages/p21148086_b_v11_aa.jpg"></icon><desc>Das Nachtjournal zeigt zu später Stunde noch umfassende Nachrichten des Tages aus Deutschland und der Welt. Mit den aktuellsten Ereignissen in der Politik, Wirtschaft und Kultur können sich die Zuschauer Nachts noch auf dem Laufenden halten.</desc><category>Actualiteitenprogramma's, Nieuws</category></programme><programme channel="lgi-nl-prod-master:NL_000038_019063" start="20221019223300 +0000" stop="20221019223500 +0000" catchup-id="crid:~~2F~~2Fgn.tv~~2F22320776~~2FEP018573511618,imi:49c387103c53723d41951352ccc5b1a09eb7fa5d"><title>RTL Nachtjournal - Das Wetter</title><date>2022</date><icon src="https://staticqbr-nl-prod.prod.cdn.dmdsdp.com/image-service/ImagesEPG/EventImages/p21147858_b_v8_ab.jpg"></icon><desc>Gezeigt werden ausführliche Wettervorhersagen für Deutschland in den kommenden Tagen.</desc><category>Weer</category></programme><programme channel="lgi-nl-prod-master:NL_000038_019063" start="20221019223500 +0000" stop="20221019233500 +0000" catchup-id="crid:~~2F~~2Fgn.tv~~2F16931539~~2FSH032275060000~~2Fspecial,imi:6d02fc12e32aa0b819186f4e94970c95909a53f9"><title>Doubles on Tour</title><date></date><icon src="https://staticqbr-nl-prod.prod.cdn.dmdsdp.com/image-service/ImagesEPG/EventImages/p16931539_b_v8_ab.jpg"></icon><desc>Etliche Musikstars gibt es schon lange nicht mehr. Doch viele Menschen sehnen sich nach Künstlern und Hits vergangener Zeiten. Erfolgreiche Tribute-Bands sind ständig `on the road' und verkörpern das Vorbild möglichst originalgetreu. Das Publikum kann extrem anspruchsvoll sein. Die Sendung begleitet die Wiederauferstehung von ABBA und Modern Talking.</desc><category>Documentaire</category></programme>