<programme channel="lgi-nl-prod-master:NL_000081_020051" start="20221019220000 +0000" stop="20221019223000 +0000" catchup-id="crid:~~2F~~2Fgn.tv~~2F251659~~2FSH035953860000~~2F141243620,imi:2f1bc7cd008f689f5fe50dafc9ea2518a9b7afe7"><title>Joseph Prince</title><date></date><icon src="https://staticqbr-nl-prod.prod.cdn.dmdsdp.com/image-service/ImagesEPG/EventImages/p251659_b_v8_ac.jpg"></icon><desc>Joseph Prince, een leidende stem in het wereldwijd verkondigen van het evangelie van genade.</desc><category>Religie</category></programme><programme channel="lgi-nl-prod-master:NL_000081_020051" start="20221019223000 +0000" stop="20221019230000 +0000" catchup-id="crid:~~2F~~2Fgn.tv~~2F530577~~2FSH036570680000~~2F141243621,imi:4b0ebc9c6e784c7a1bdb83509d16283dfa41c226"><title>Wind at My Back</title><date></date><icon src="https://staticqbr-nl-prod.prod.cdn.dmdsdp.com/image-service/ImagesEPG/EventImages/p530577_b_v8_au.jpg"></icon><desc>Tijdens de Grote Depressie van de jaren dertig worstelt de familie Bailey om te overleven in het kleine mijnstadje New Bedford in Noord-Ontario. Ze worden niet alleen geteisterd door economische tegenspoed, maar ook door een onverwachte dood.</desc><category>Dramaseries</category></programme>