<programme channel="lgi-nl-prod-master:NL_000136_019583" start="20221019220000 +0000" stop="20221019222500 +0000" catchup-id="crid:~~2F~~2Fgn.tv~~2F18590326~~2FSH035703780000~~2F144324864,imi:ca0ee82e12004f1898d6648f505654d8391ec4bf"><title>Noord Vandaag</title><date></date><icon src="https://staticqbr-nl-prod.prod.cdn.dmdsdp.com/image-service/ImagesEPG/EventImages/p18590326_b_v12_aa.jpg"></icon><desc>Het nieuws en actualiteiten uit de regio worden belicht, met speciale aandacht voor achtergronden.</desc><category>Nieuws</category></programme><programme channel="lgi-nl-prod-master:NL_000136_019583" start="20221019222500 +0000" stop="20221019222600 +0000" catchup-id="crid:~~2F~~2Fgn.tv~~2F18590560~~2FSH035704550000~~2F144324865,imi:0636b9b295742d8fb0ebc89e3d8c8d74733cdcf4"><title>Weerbericht</title><date></date><icon src="https://staticqbr-nl-prod.prod.cdn.dmdsdp.com/image-service/ImagesEPG/EventImages/p18590560_b_v11_ab.jpg"></icon><desc>Uitgebreid weerbericht voor het noorden van het land.</desc><category>Weer, Nieuws</category></programme><programme channel="lgi-nl-prod-master:NL_000136_019583" start="20221019222600 +0000" stop="20221019223000 +0000" catchup-id="crid:~~2F~~2Fgn.tv~~2F18792569~~2FSH036157420000~~2F144324866,imi:4d133c8b142e0736e49b55c91685bc0debba1475"><title>Klouk</title><date></date><icon src="https://staticqbr-nl-prod.prod.cdn.dmdsdp.com/image-service/ImagesEPG/EventImages/p18792569_b_v8_ab.jpg"></icon><desc>Klouk is een kennisquiz onder leiding van presentator Wiebe Klijnstra, waarin de deelnemers allerlei soorten vragen voorgeschoteld krijgen over de provincie Groningen.</desc><category>Entertainment, Spelshow</category></programme><programme channel="lgi-nl-prod-master:NL_000136_019583" start="20221019223000 +0000" stop="20221019225500 +0000" catchup-id="crid:~~2F~~2Fgn.tv~~2F18590326~~2FSH035703780000~~2F144324867,imi:a3ee2870b13701525470b82b53991146839d10f4"><title>Noord Vandaag</title><date></date><icon src="https://staticqbr-nl-prod.prod.cdn.dmdsdp.com/image-service/ImagesEPG/EventImages/p18590326_b_v12_aa.jpg"></icon><desc>Het nieuws en actualiteiten uit de regio worden belicht, met speciale aandacht voor achtergronden.</desc><category>Nieuws</category></programme><programme channel="lgi-nl-prod-master:NL_000136_019583" start="20221019225500 +0000" stop="20221019225600 +0000" catchup-id="crid:~~2F~~2Fgn.tv~~2F18590560~~2FSH035704550000~~2F144324868,imi:53a41fd9ac9d68ee4ac5dd7fc71edf7fc5a918ce"><title>Weerbericht</title><date></date><icon src="https://staticqbr-nl-prod.prod.cdn.dmdsdp.com/image-service/ImagesEPG/EventImages/p18590560_b_v11_ab.jpg"></icon><desc>Uitgebreid weerbericht voor het noorden van het land.</desc><category>Weer, Nieuws</category></programme><programme channel="lgi-nl-prod-master:NL_000136_019583" start="20221019225600 +0000" stop="20221019230000 +0000" catchup-id="crid:~~2F~~2Fgn.tv~~2F18792569~~2FSH036157420000~~2F144324869,imi:1467a149d944e0fbc04ef734c76c484eb06fb171"><title>Klouk</title><date></date><icon src="https://staticqbr-nl-prod.prod.cdn.dmdsdp.com/image-service/ImagesEPG/EventImages/p18792569_b_v8_ab.jpg"></icon><desc>Klouk is een kennisquiz onder leiding van presentator Wiebe Klijnstra, waarin de deelnemers allerlei soorten vragen voorgeschoteld krijgen over de provincie Groningen.</desc><category>Entertainment, Spelshow</category></programme>