<programme channel="lgi-nl-prod-master:NL_000053_019653" start="20221019221500 +0000" stop="20221019225000 +0000" catchup-id="crid:~~2F~~2Fgn.tv~~2F19597125~~2FMV018703030000,imi:0cb19d5717ceb911818efa3ab7bd758cb301524f"><title>Raw Instinct</title><date></date><icon src="https://staticqbr-nl-prod.prod.cdn.dmdsdp.com/image-service/ImagesEPG/EventImages/p19597125_st_v8_aa.jpg"></icon><desc>Een romantische avond en een perfecte setting voor een vrouw om van anale seks te genieten.</desc><category>Erotiek, Film, Erotisch</category></programme><programme channel="lgi-nl-prod-master:NL_000053_019653" start="20221019225000 +0000" stop="20221019232000 +0000" catchup-id="crid:~~2F~~2Fgn.tv~~2F18739278~~2FEP036050520001,imi:a39c3ce23d33ddaec80a776ee94441af21e02f3b"><title>A Touch Of L...</title><date></date><icon src="https://staticqbr-nl-prod.prod.cdn.dmdsdp.com/image-service/ImagesEPG/EventImages/g40_v8_ab.jpg"></icon><desc></desc><category>Erotiek, Erotisch</category></programme>