<programme channel="lgi-nl-prod-master:NL_000151_020074" start="20221019225000 +0000" stop="20221020011500 +0000" catchup-id="crid:~~2F~~2Fgn.tv~~2F12579828~~2FMV008718610000,imi:a9412e7aa7a56f894811f475b390e497abec5965"><title>Hate Story 3</title><date>2015</date><icon src="https://staticqbr-nl-prod.prod.cdn.dmdsdp.com/image-service/ImagesEPG/EventImages/p12579828_v_v8_ab.jpg"></icon><desc>Aditya, a successful businessman, stepped on toes and made enemies on his way to the top. Now, one of those enemies has returned for revenge.</desc><category>Drama, Film, Thriller</category></programme>