<programme channel="lgi-nl-prod-master:NL_000139_019592" start="20221019220000 +0000" stop="20221019223000 +0000" catchup-id="crid:~~2F~~2Fgn.tv~~2F19459854~~2FSH037615980000~~2F144497303,imi:3baf2e492c7396f509622e9cc4b8b710510d6be3"><title>Bij Oost / Vandaag</title><date></date><icon src="https://staticqbr-nl-prod.prod.cdn.dmdsdp.com/image-service/ImagesEPG/EventImages/p19459854_b_v8_ab.jpg"></icon><desc>Actualiteitenprogramma met aandacht voor het laatste regionale nieuws uit Overijssel en de achtergronden die daarbij horen.</desc><category>Nieuws</category></programme><programme channel="lgi-nl-prod-master:NL_000139_019592" start="20221019223000 +0000" stop="20221019230000 +0000" catchup-id="crid:~~2F~~2Fgn.tv~~2F18852301~~2FSH036292630000~~2F144497304,imi:4766e12947609b54a4291285a56e193ea7acdf58"><title>Spunck</title><date></date><icon src="https://staticqbr-nl-prod.prod.cdn.dmdsdp.com/image-service/ImagesEPG/EventImages/p18852301_b_v8_ac.jpg"></icon><desc>Zo eigenwijs als Pippi is, zo eigenwijs is het cultuurprogramma SPUNCK ook. Op zoek naar wat kunst is. SPUNCK met een C, de C van Cultuur, de C van eigenwijs.</desc><category>Beeldende kunst</category></programme>