<programme channel="lgi-nl-prod-master:NL_000131_019248" start="20221019220000 +0000" stop="20221019223700 +0000" catchup-id="crid:~~2F~~2Fgn.tv~~2F15008271~~2FSH036050560000~~2Fspecial,imi:26aaa827703d3e5bec1c83a6bb296f5120d5a7a4"><title>Weber - Brüninghaus - Robertson - Bargeron</title><date></date><icon src="https://staticqbr-nl-prod.prod.cdn.dmdsdp.com/image-service/ImagesEPG/EventImages/p15008271_b_v11_aa.jpg"></icon><desc>Hoewel hij strikt genomen geen jazzbassist is en hij niet tot de meest flamboyante improvisatoren behoort, behoort Eberhard Weber tot de beste van Europa. Hij speelt hier in 1990 in het Theaterhaus Stuttgart.</desc><category>Muziek</category></programme><programme channel="lgi-nl-prod-master:NL_000131_019248" start="20221019223700 +0000" stop="20221019234100 +0000" catchup-id="crid:~~2F~~2Fgn.tv~~2F13999969~~2FSH036373980000~~2Fspecial,imi:5fdd56300beb865629bdba88e33e2b98fccc569a"><title>Sven Hammond Soul: Tivoli de Helling</title><date></date><icon src="https://staticqbr-nl-prod.prod.cdn.dmdsdp.com/image-service/ImagesEPG/EventImages/p13999969_b_v8_aa.jpg"></icon><desc>Hun muziek klinkt als de soundtrack van een Amerikaanse film uit de jaren 70, maar Sven Hammond Soul is eigenlijk een Nederlandse band. Deze opname is een weergave van hun concert in Tivoli in 2012 in Nederland.</desc><category>Muziek, Entertainment</category></programme>