<programme channel="lgi-nl-prod-master:NL_000027_019330" start="20221019220900 +0000" stop="20221019222000 +0000" catchup-id="crid:~~2F~~2Fgn.tv~~2F17995297~~2FEP036690800027,imi:c53c453844b72ff26058448dcc6db1e2dd13b4b0"><title>Ik, Elvis Riboldi</title><date>2020</date><icon src="https://staticqbr-nl-prod.prod.cdn.dmdsdp.com/image-service/ImagesEPG/EventImages/p17995169_b_v12_af.jpg"></icon><desc>Elvis heeft er genoeg van om door zijn ouders te worden rondgecommandeerd. Hij verhuist met zijn beste vriend Boris naar een boomhut, maar het leven in de boomhut verloopt niet zo soepel als hij had verwacht.</desc><category>Kinderen, Animatie, Avontuur, Entertainment</category></programme><programme channel="lgi-nl-prod-master:NL_000027_019330" start="20221019222000 +0000" stop="20221019223100 +0000" catchup-id="crid:~~2F~~2Fgn.tv~~2F17995311~~2FEP036690800028,imi:1e2baa0643b909cb40de2971fd221717300f7dbb"><title>Ik, Elvis Riboldi</title><date>2020</date><icon src="https://staticqbr-nl-prod.prod.cdn.dmdsdp.com/image-service/ImagesEPG/EventImages/p17995169_b_v12_af.jpg"></icon><desc>Elvis houdt niet van Sunte Lee, een nieuwe klasgenoot die een meester is in vechtsporten. Na aanmoediging van Juffrouw Jennifer organiseert hij een gevecht om Sunte Lee te verslaan.</desc><category>Kinderen, Animatie, Avontuur, Entertainment</category></programme><programme channel="lgi-nl-prod-master:NL_000027_019330" start="20221019223100 +0000" stop="20221019224200 +0000" catchup-id="crid:~~2F~~2Fgn.tv~~2F18532357~~2FEP033571410070,imi:1180c66658345d3e3e63275b8e8e419161c4eb88"><title>101 Dalmatian Street</title><date>2020</date><icon src="https://staticqbr-nl-prod.prod.cdn.dmdsdp.com/image-service/ImagesEPG/EventImages/p16204115_b_v12_ab.jpg"></icon><desc>De avonturen van Dolly en Dylan en hun zevenennegentig broers en zussen die met moeder Delilah en vader Doug in Londen leven.</desc><category>Kinderen, Animatie, Komedie, Dieren</category></programme><programme channel="lgi-nl-prod-master:NL_000027_019330" start="20221019224200 +0000" stop="20221019225300 +0000" catchup-id="crid:~~2F~~2Fgn.tv~~2F16307077~~2FEP033571410023,imi:0c881d93901f4366f39a079ac0ae62bd0530f640"><title>101 Dalmatian Street</title><date>2018</date><icon src="https://staticqbr-nl-prod.prod.cdn.dmdsdp.com/image-service/ImagesEPG/EventImages/p16204115_b_v12_ab.jpg"></icon><desc>Wanneer Dylan ziet dat de mens van Clarissa haar op haar wenken bedient, wil Dylan ook een mens. Hij komt er gauw achter dat een `huisdier' veel verantwoordelijkheid met zich mee brengt.</desc><category>Kinderen, Animatie, Komedie, Dieren</category></programme><programme channel="lgi-nl-prod-master:NL_000027_019330" start="20221019225300 +0000" stop="20221019230400 +0000" catchup-id="crid:~~2F~~2Fgn.tv~~2F16605374~~2FEP033571410002,imi:40c98ddffc9d7d7f420686e17f66fe700995f7c8"><title>101 Dalmatian Street</title><date>2019</date><icon src="https://staticqbr-nl-prod.prod.cdn.dmdsdp.com/image-service/ImagesEPG/EventImages/p16204115_b_v12_ab.jpg"></icon><desc>Boemnacht is de engste nacht van het jaar voor alle dalmatiërs, maar Dolly gaat stiekem naar buiten. Dylan moet zijn angsten overwinnen om haar te zoeken.</desc><category>Kinderen, Animatie, Komedie, Dieren</category></programme>