<programme channel="lgi-nl-prod-master:NL_000212_020042" start="20221019221600 +0000" stop="20221019223800 +0000" catchup-id="crid:~~2F~~2Fgn.tv~~2F3119333~~2FEP021398140029,imi:a2c4ca4d0f0873f14071da5b2a9b78aedaf916fa"><title>Avatar: The Last Airbender</title><date>2006</date><icon src="https://staticqbr-nl-prod.prod.cdn.dmdsdp.com/image-service/ImagesEPG/EventImages/p8655124_b_v8_aa.jpg"></icon><desc>Aang searches for Appa, while Katara struggles to keep everyone together so they can survive in the vast desert. Meanwhile, Uncle and Zuko seek help from an ancient secret society.</desc><category>Kinderen, Animatie, Actie, Avontuur, Fantasy</category></programme><programme channel="lgi-nl-prod-master:NL_000212_020042" start="20221019223800 +0000" stop="20221019230000 +0000" catchup-id="crid:~~2F~~2Fgn.tv~~2F3119344~~2FEP021398140030,imi:68f87bc714ccadfcc5a2210e7b771d1513695dda"><title>Avatar: The Last Airbender</title><date>2006</date><icon src="https://staticqbr-nl-prod.prod.cdn.dmdsdp.com/image-service/ImagesEPG/EventImages/p8655124_b_v8_aa.jpg"></icon><desc>When the kids can't take the easy way into Ba Sing Se, they must escort a family of refugees there the hard way, through the deadly Serpent's Pass.</desc><category>Kinderen, Animatie, Actie, Avontuur, Fantasy</category></programme>