<programme channel="lgi-nl-prod-master:NL_000160_019277" start="20221019033000 +0000" stop="20221019060000 +0000" catchup-id="crid:~~2F~~2Fgn.tv~~2F13087810~~2FSH024725790000~~2F141975652,imi:c51f0b86380872af00d8ac91a881bff2c8a5aa95"><title>Maral</title><date></date><icon src="https://staticqbr-nl-prod.prod.cdn.dmdsdp.com/image-service/ImagesEPG/EventImages/p13087810_st_v8_aa.jpg"></icon><desc>Hayallerinin pesinden giden sira disi bir kiz ile deli dolu genç bir adamin hikayesi. Dokundugu herseyi güzellestiren Maral ve pastanenin serseri ruhlu çikolata sefi Sarp'a asik olur.</desc><category>Dramaseries, Romantiek</category></programme><programme channel="lgi-nl-prod-master:NL_000160_019277" start="20221019060000 +0000" stop="20221019100000 +0000" catchup-id="crid:~~2F~~2Fgn.tv~~2F14778532~~2FSH028154120000~~2F141975639,imi:1286e03029a57d3b2d475abf88827ef95612bbe5"><title>Doktorlar</title><date></date><icon src="https://staticqbr-nl-prod.prod.cdn.dmdsdp.com/image-service/ImagesEPG/EventImages/p14778532_st_v8_aa.jpg"></icon><desc>Türkiye'nin en donanimli hastanelerinden birinde görev yapan cerrahlar hayat kurtarmaya devam ederken bir grup asistanin egitime baslamasiyla sira disi olaylar gelismeye baslar.</desc><category>Dramaseries, Romantiek, Medisch</category></programme><programme channel="lgi-nl-prod-master:NL_000160_019277" start="20221019100000 +0000" stop="20221019121500 +0000" catchup-id="crid:~~2F~~2Fgn.tv~~2F14644497~~2FSH027953490000~~2F141975640,imi:be1457739d84b2da14cbad14c7ca6b9a4f427403"><title>Yemekteyiz</title><date></date><icon src="https://staticqbr-nl-prod.prod.cdn.dmdsdp.com/image-service/ImagesEPG/EventImages/p14644497_st_v8_aa.jpg"></icon><desc>Birbirini tanımayan bes kisiden olusan grup hergbir yarismacının evine konuk olmakta ve yapilan yemekler sonucu yarismaciya 10 üzerinden puanlar verilmektedir.</desc><category>Culinair, Entertainment</category></programme><programme channel="lgi-nl-prod-master:NL_000160_019277" start="20221019121500 +0000" stop="20221019170000 +0000" catchup-id="crid:~~2F~~2Fgn.tv~~2F14644630~~2FSH027953780000~~2F141975641,imi:b8d2589c2d246d7e114a492053aaba8625753b72"><title>Gercegin Pesinde</title><date></date><icon src="https://staticqbr-nl-prod.prod.cdn.dmdsdp.com/image-service/ImagesEPG/EventImages/p14644630_st_v8_aa.jpg"></icon><desc>Aydinlanmamis cinayetlerin failleri alaninda uzman profesyonellerle araniyor, kayiplar bulunuyor.</desc><category>Misdaad, Samenleving</category></programme><programme channel="lgi-nl-prod-master:NL_000160_019277" start="20221019170000 +0000" stop="20221019191500 +0000" catchup-id="crid:~~2F~~2Fgn.tv~~2F12971380~~2FSH038884520000~~2F141975642,imi:060ef9d935a68cc61bc2ed82267c38562cae843b"><title>Türk Filmi</title><date></date><icon src="https://staticqbr-nl-prod.prod.cdn.dmdsdp.com/image-service/ImagesEPG/EventImages/p12971380_b_v12_ai.jpg"></icon><desc></desc><category>Entertainment</category></programme><programme channel="lgi-nl-prod-master:NL_000160_019277" start="20221019191500 +0000" stop="20221019211500 +0000" catchup-id="crid:~~2F~~2Fgn.tv~~2F12971380~~2FSH038884520000~~2F141975643,imi:600eaaf62fdfdf1c3df170b19641fff75625d40b"><title>Türk Filmi</title><date></date><icon src="https://staticqbr-nl-prod.prod.cdn.dmdsdp.com/image-service/ImagesEPG/EventImages/p12971380_b_v12_ai.jpg"></icon><desc></desc><category>Entertainment</category></programme><programme channel="lgi-nl-prod-master:NL_000160_019277" start="20221019211500 +0000" stop="20221020033000 +0000" catchup-id="crid:~~2F~~2Fgn.tv~~2F12979119~~2FSH024495200000~~2F141975644,imi:ebab789c4061212b4fa9c5469f0e365063b2dba4"><title>Altin Rehber</title><date></date><icon src="https://staticqbr-nl-prod.prod.cdn.dmdsdp.com/image-service/ImagesEPG/EventImages/p12979119_st_v8_aa.jpg"></icon><desc>Altin Rehber, TV8 Int'te gösterilen bir program.</desc><category>Entertainment</category></programme>