<programme channel="lgi-nl-prod-master:NL_000090_019492" start="20221019220000 +0000" stop="20221019220500 +0000" catchup-id="crid:~~2F~~2Fgn.tv~~2F13330605~~2FEP033682340161,imi:74809522cbb92acd46110ff745e3a2544275aca5"><title>Grizzy en de Lemmings</title><date>2016</date><icon src="https://staticqbr-nl-prod.prod.cdn.dmdsdp.com/image-service/ImagesEPG/EventImages/p13330563_b_v8_ae.jpg"></icon><desc>Grizzy ontdekt dat de bezeten 'breakdance'die de lemmingen doen eigenlijk te wijten is aan de vlooien waardoor ze worden geteisterd. Als Grizzy ook vlooien krijgt is de paniek compleet! Grizzy is vastbesloten om de parasieten tot de laatste toe te elimineren. Het probleem is dat z'n kleine kamergenoten totaal geen zin hebben om te worden behandeld...</desc><category>Kinderen, Animatie, Avontuur, Komedie</category></programme><programme channel="lgi-nl-prod-master:NL_000090_019492" start="20221019220500 +0000" stop="20221019221500 +0000" catchup-id="crid:~~2F~~2Fgn.tv~~2F13330602~~2FEP033682340041,imi:11719c1e448a2a9ce20b57717e895cf5c327bf3d"><title>Grizzy en de Lemmings</title><date>2016</date><icon src="https://staticqbr-nl-prod.prod.cdn.dmdsdp.com/image-service/ImagesEPG/EventImages/p13330563_b_v8_ae.jpg"></icon><desc>Grizzy heeft erge dorst, maar ontdekt dat de Lemmingen de laatste flessen water gebruikt hebben.</desc><category>Kinderen, Animatie, Avontuur, Komedie</category></programme><programme channel="lgi-nl-prod-master:NL_000090_019492" start="20221019221500 +0000" stop="20221019222500 +0000" catchup-id="crid:~~2F~~2Fgn.tv~~2F13330607~~2FEP033682340042,imi:05364f48b6062661ca422d7ceadaedfb774a4696"><title>Grizzy en de Lemmings</title><date>2016</date><icon src="https://staticqbr-nl-prod.prod.cdn.dmdsdp.com/image-service/ImagesEPG/EventImages/p13330563_b_v8_ae.jpg"></icon><desc>De Lemmingen proberen een kleine spin te vangen, maar Grizzy vermorzelt hem. Hij wil namelijk niet vast komen te zitten in het spinnenweb.</desc><category>Kinderen, Animatie, Avontuur, Komedie</category></programme><programme channel="lgi-nl-prod-master:NL_000090_019492" start="20221019222500 +0000" stop="20221019223500 +0000" catchup-id="crid:~~2F~~2Fgn.tv~~2F13517311~~2FEP033682340052,imi:8595cf1ca950a678609f9104b7bcc31a3e843742"><title>Grizzy en de Lemmings</title><date>2016</date><icon src="https://staticqbr-nl-prod.prod.cdn.dmdsdp.com/image-service/ImagesEPG/EventImages/p13330563_b_v8_ae.jpg"></icon><desc>Grizzy en de lemmingen vechten om de jackpot, een reusachtige pot Yummy, de hoofdprijs in een wedstrijd.</desc><category>Kinderen, Animatie, Avontuur, Komedie</category></programme><programme channel="lgi-nl-prod-master:NL_000090_019492" start="20221019223500 +0000" stop="20221019224000 +0000" catchup-id="crid:~~2F~~2Fgn.tv~~2F13472079~~2FEP033682340053,imi:ac9171f23af69b51b94814fb7209aad3e2e145aa"><title>Grizzy en de Lemmings</title><date>2016</date><icon src="https://staticqbr-nl-prod.prod.cdn.dmdsdp.com/image-service/ImagesEPG/EventImages/p13330563_b_v8_ae.jpg"></icon><desc>Grizzy ontdekt dat de Lemmings de antenne van zijn televisie gebruiken als springplank voor hun waterspelletjes.</desc><category>Kinderen, Animatie, Avontuur, Komedie</category></programme><programme channel="lgi-nl-prod-master:NL_000090_019492" start="20221019224000 +0000" stop="20221019224500 +0000" catchup-id="crid:~~2F~~2Fgn.tv~~2F13472085~~2FEP033682340139,imi:8fc07de8b8a120833c0a3deaf21b0669f01c0b07"><title>Grizzy en de Lemmings</title><date>2016</date><icon src="https://staticqbr-nl-prod.prod.cdn.dmdsdp.com/image-service/ImagesEPG/EventImages/p13330563_b_v8_ae.jpg"></icon><desc>Grizzy gooit tijdens een feest de stereo in de rivier en zorgt voor hoogspanning.</desc><category>Kinderen, Animatie, Avontuur, Komedie</category></programme><programme channel="lgi-nl-prod-master:NL_000090_019492" start="20221019224500 +0000" stop="20221019230000 +0000" catchup-id="crid:~~2F~~2Fgn.tv~~2F17969290~~2FEP035523020017,imi:202a55002744ac7c01b6833859d217c4f358eff6"><title>Lamput</title><date>2020</date><icon src="https://staticqbr-nl-prod.prod.cdn.dmdsdp.com/image-service/ImagesEPG/EventImages/p17969246_b_v8_aa.jpg"></icon><desc>Na een ongelukje met grijze verf, belandt Lamput terug in het lab waar hij undercover werkt.</desc><category>Kinderen, Animatie, Avontuur</category></programme>