<programme channel="lgi-nl-prod-master:NL_000047_019428" start="20221018222500 +0000" stop="20221019004000 +0000" catchup-id="crid:~~2F~~2Fgn.tv~~2F768314~~2FSH020218940000~~2F143011249,imi:aad2f2a7415fa15f851538128ec5d192804b5647"><title>La noche en 24 horas</title><date></date><icon src="https://staticqbr-nl-prod.prod.cdn.dmdsdp.com/image-service/ImagesEPG/EventImages/p768314_b_v8_ai.jpg"></icon><desc>Programa informativo en el que combinan entrevistas y análisis de la actualidad política presentado por un grupo de periodistas destacados de distintos medios de comunicación.</desc><category>Nieuws, Interview</category></programme><programme channel="lgi-nl-prod-master:NL_000047_019428" start="20221019004000 +0000" stop="20221019010000 +0000" catchup-id="crid:~~2F~~2Fgn.tv~~2F347426~~2FSH020366160000~~2F143011250,imi:c7768d0dea790406b3787f9a3fa9efc79d5cfa09"><title>Cámara abierta</title><date></date><icon src="https://staticqbr-nl-prod.prod.cdn.dmdsdp.com/image-service/ImagesEPG/EventImages/p347426_b_v8_ar.jpg"></icon><desc>Programa dedicado a internet como plataforma de información, creación y comunicación. Rastreamos la red en busca de actualidad, cultura y participación.</desc><category>Actualiteitenprogramma's, Technologie</category></programme><programme channel="lgi-nl-prod-master:NL_000047_019428" start="20221019010000 +0000" stop="20221019033000 +0000" catchup-id="crid:~~2F~~2Fgn.tv~~2F453819~~2FSH020216580000~~2F143011251,imi:b017915cb7d87c1dd6005ad32cd250e9f83787f4"><title>Noticias 24h</title><date></date><icon src="https://staticqbr-nl-prod.prod.cdn.dmdsdp.com/image-service/ImagesEPG/EventImages/p453819_b_v8_ac.jpg"></icon><desc>Noticias de los servicios informativos que está dedicado íntegramente a ofrecer información de actualidad y es el más antiguo de los canales de este tipo en España.</desc><category>Nieuws</category></programme><programme channel="lgi-nl-prod-master:NL_000047_019428" start="20221019033000 +0000" stop="20221019043000 +0000" catchup-id="crid:~~2F~~2Fgn.tv~~2F419312~~2FSH020343910000~~2F143011252,imi:223fc109d345107f62b4e13e76a7019263b0f4e9"><title>La aventura del saber</title><date></date><icon src="https://staticqbr-nl-prod.prod.cdn.dmdsdp.com/image-service/ImagesEPG/EventImages/p419312_b_v8_ah.jpg"></icon><desc>Programa divulgativo multitemático que trata de acercar a todos los públicos al universo del conocimiento.</desc><category>Educatie</category></programme><programme channel="lgi-nl-prod-master:NL_000047_019428" start="20221019043000 +0000" stop="20221019060000 +0000" catchup-id="crid:~~2F~~2Fgn.tv~~2F501027~~2FSH020216650000~~2F143009423,imi:477f62e804b24be4353880c7364fbe3a520ad28f"><title>Telediario Matinal</title><date></date><icon src="https://staticqbr-nl-prod.prod.cdn.dmdsdp.com/image-service/ImagesEPG/EventImages/p501027_b_v8_ah.jpg"></icon><desc>Exhaustivo repaso de todas las noticias de interés general, tanto nacionales como internacionales y deportivas, la información de la bolsa y sorteos.</desc><category>Nieuws</category></programme><programme channel="lgi-nl-prod-master:NL_000047_019428" start="20221019060000 +0000" stop="20221019080000 +0000" catchup-id="crid:~~2F~~2Fgn.tv~~2F18728604~~2FSH036032990000~~2F143009424,imi:0c68e6b5b7332aafb311d86fd1a1ca58da96b166"><title>La hora de la 1</title><date></date><icon src="https://staticqbr-nl-prod.prod.cdn.dmdsdp.com/image-service/ImagesEPG/EventImages/p18728604_b_v8_ae.jpg"></icon><desc>Programa que trata informaciones de temas variados, pero siempre muy ligados a la actualidad: política, sucesos, ciencia y crónica social.</desc><category>Nieuws, Actualiteitenprogramma's</category></programme><programme channel="lgi-nl-prod-master:NL_000047_019428" start="20221019080000 +0000" stop="20221019093000 +0000" catchup-id="crid:~~2F~~2Fgn.tv~~2F18764180~~2FSH036103170000~~2F143009425,imi:5bc65873a8f10dc1413fb64a59d1b1b5e0685572"><title>La hora de La 1: La hora de la actualidad</title><date></date><icon src="https://staticqbr-nl-prod.prod.cdn.dmdsdp.com/image-service/ImagesEPG/EventImages/p18764180_b_v8_ab.jpg"></icon><desc>Abordamos la actualidad social del día a día y contamos con voces autorizadas que tratarán temas que fomenten el pensamiento crítico y el servició público para ayudar a los ciudadanos. Esta parte del programa busca entretener y divertir.</desc><category>Entertainment, Actualiteitenprogramma's</category></programme><programme channel="lgi-nl-prod-master:NL_000047_019428" start="20221019093000 +0000" stop="20221019124500 +0000" catchup-id="crid:~~2F~~2Fgn.tv~~2F22912430~~2FSH044492200000~~2F143009426,imi:1a09fbb0915d4505706d870c0d96f4a7346cd3ac"><title>Hablando claro</title><date></date><icon src="https://staticqbr-nl-prod.prod.cdn.dmdsdp.com/image-service/ImagesEPG/EventImages/p22912430_b_v8_aa.jpg"></icon><desc>Un magazín de plató en directo volcado en las noticias de última hora y su análisis.</desc><category>Actualiteitenprogramma's</category></programme><programme channel="lgi-nl-prod-master:NL_000047_019428" start="20221019124500 +0000" stop="20221019130000 +0000" catchup-id="crid:~~2F~~2Fgn.tv~~2F376007~~2FSH020217720000~~2F143009427,imi:506740e5a0d5ca3e9d5fe1267245380ee407f482"><title>El tiempo</title><date></date><icon src="https://staticqbr-nl-prod.prod.cdn.dmdsdp.com/image-service/ImagesEPG/EventImages/p376007_b_v8_af.jpg"></icon><desc>Presentación de la información sobre el pronóstico meteorológico de todas las provincias a nivel nacional.</desc><category>Weer</category></programme><programme channel="lgi-nl-prod-master:NL_000047_019428" start="20221019130000 +0000" stop="20221019135500 +0000" catchup-id="crid:~~2F~~2Fgn.tv~~2F8085562~~2FSH040594660000~~2F143009428,imi:f4d4fd2abd67ed1f2be3c4a514ddf78c49ff1a32"><title>Telediario 1</title><date></date><icon src="https://staticqbr-nl-prod.prod.cdn.dmdsdp.com/image-service/ImagesEPG/EventImages/p8085562_b_v8_ai.jpg"></icon><desc>Espacio informativo que presenta las noticias más relevantes en los ámbitos nacional, internacional, social, deportivo y meteorológico. La primera edición repasa la actualidad de la jornada de lunes a viernes aportando análisis y contexto.</desc><category>Nieuws</category></programme><programme channel="lgi-nl-prod-master:NL_000047_019428" start="20221019135500 +0000" stop="20221019144000 +0000" catchup-id="crid:~~2F~~2Fgn.tv~~2F480768~~2FSH020345070000~~2F143009429,imi:f50ffc228e9ecc3b1260d9ea37c41a72b1c55ebb"><title>Saber y ganar</title><date></date><icon src="https://staticqbr-nl-prod.prod.cdn.dmdsdp.com/image-service/ImagesEPG/EventImages/p480768_b_v8_ae.jpg"></icon><desc>Concurso que pone a prueba los conocimientos y agilidad mental a través de un auténtico bombardeo de preguntas de ámbito general. Tres concursantes compiten en cada programa para continuar en el siguiente y ganar más dinero.</desc><category>Educatie, Spelshow, Entertainment</category></programme><programme channel="lgi-nl-prod-master:NL_000047_019428" start="20221019144000 +0000" stop="20221019154000 +0000" catchup-id="crid:~~2F~~2Fgn.tv~~2F484982~~2FSH026776070000~~2F143009430,imi:3eb836856e7dad0f164486b613404a3c531ac9b8"><title>Servir y proteger</title><date></date><icon src="https://staticqbr-nl-prod.prod.cdn.dmdsdp.com/image-service/ImagesEPG/EventImages/p484982_b_v8_ac.jpg"></icon><desc>Espe y Carlos se sinceran sobre sus sentimientos. Quintero recurre a Antonio para saber el motivo de la ruptura de Olga y Julio. Martina y Víctor se casan en una ceremonia íntima. Olga se hace un test de embarazo.</desc><category>Dramaseries, Misdaad</category></programme><programme channel="lgi-nl-prod-master:NL_000047_019428" start="20221019154000 +0000" stop="20221019163500 +0000" catchup-id="crid:~~2F~~2Fgn.tv~~2F17945516~~2FEP033229220099,imi:cd86034fd12362b36f69d890320241892a57fc1f"><title>Mercado central</title><date>2022</date><icon src="https://staticqbr-nl-prod.prod.cdn.dmdsdp.com/image-service/ImagesEPG/EventImages/p17409371_b_v8_aa.jpg"></icon><desc>Narramos el día a día de un mercado de barrio a punto de ser convertido en un centro comercial y su lucha por impedirlo.</desc><category>Entertainment, Samenleving</category></programme><programme channel="lgi-nl-prod-master:NL_000047_019428" start="20221019163500 +0000" stop="20221019165000 +0000" catchup-id="crid:~~2F~~2Fgn.tv~~2F1007418~~2FSH020366180000~~2F143009435,imi:be71228e572ecd7d5ebfa8b9a44e1b84cb0067b1"><title>Zoom Net</title><date></date><icon src="https://staticqbr-nl-prod.prod.cdn.dmdsdp.com/image-service/ImagesEPG/EventImages/p1007418_b_v8_ae.jpg"></icon><desc>Programa dedicado al entretenimiento digital, la cultura electrónica, juegos de video y otros dispositivos. Una visita a las ferias más importantes del mercado de la tecnología y las noticias acerca de la computación cinematográfica.</desc><category>Technologie</category></programme><programme channel="lgi-nl-prod-master:NL_000047_019428" start="20221019165000 +0000" stop="20221019175000 +0000" catchup-id="crid:~~2F~~2Fgn.tv~~2F17963642~~2FSH034408480000~~2F143009436,imi:774605379dd577624e59c90f57ee3677662e0db7"><title>El cazador</title><date></date><icon src="https://staticqbr-nl-prod.prod.cdn.dmdsdp.com/image-service/ImagesEPG/EventImages/p17963642_b_v8_ab.jpg"></icon><desc>Formato en el que cuatro concursantes anónimos unen sus conocimientos para ganar al cazador, un auténtico profesional de los concursos televisivos. Se trata de un concurso que se ha adaptado en más de 8 países.</desc><category>Entertainment, Event</category></programme><programme channel="lgi-nl-prod-master:NL_000047_019428" start="20221019175000 +0000" stop="20221019183000 +0000" catchup-id="crid:~~2F~~2Fgn.tv~~2F22525410~~2FSH043694780000~~2Fspecial,imi:6e8913b748bc6e172e8a24f3db53e3242d63193c"><title>Te ha tocado</title><date></date><icon src="https://staticqbr-nl-prod.prod.cdn.dmdsdp.com/image-service/ImagesEPG/EventImages/p22525410_b_v8_aa.jpg"></icon><desc>Treinta concursantes participan cada día en &quot;Te ha tocado&quot;, una combinación perfecta de azar y saber con premios en metálico y un gran bote.</desc><category>Komedie, Spelshow</category></programme><programme channel="lgi-nl-prod-master:NL_000047_019428" start="20221019183000 +0000" stop="20221019190000 +0000" catchup-id="crid:~~2F~~2Fgn.tv~~2F10883159~~2FSH020218370000~~2F143009438,imi:ec224f7f5c44e2aad98636e744131f77d2174672"><title>Aquí la Tierra</title><date></date><icon src="https://staticqbr-nl-prod.prod.cdn.dmdsdp.com/image-service/ImagesEPG/EventImages/p10883159_b_v12_ae.jpg"></icon><desc>Una mirada sobre cómo la salud, la arquitectura, la conducta, incluso el arte o la economía, pueden estar condicionados por la meteorología.</desc><category>Entertainment</category></programme><programme channel="lgi-nl-prod-master:NL_000047_019428" start="20221019190000 +0000" stop="20221019195000 +0000" catchup-id="crid:~~2F~~2Fgn.tv~~2F501017~~2FSH040527490000~~2F143009439,imi:1719f59b36a5de40a7a4c818ada0ae1dcbcfde91"><title>Telediario 2</title><date></date><icon src="https://staticqbr-nl-prod.prod.cdn.dmdsdp.com/image-service/ImagesEPG/EventImages/p501017_b_v11_ag.jpg"></icon><desc>Programa informativo cuyo objetivo es resumir las noticias nacionales e internacionales más relevantes de la jornada. Tras un sumario en el que se recopilan los temas que se van a tratar, se suceden las piezas informativas agrupadas por temáticas.</desc><category>Nieuws</category></programme><programme channel="lgi-nl-prod-master:NL_000047_019428" start="20221019195000 +0000" stop="20221019202500 +0000" catchup-id="crid:~~2F~~2Fgn.tv~~2F22676359~~2FSH044020160000~~2F143009440,imi:de609b44096205a7368ad8d77629f348844a7637"><title>Mapi</title><date></date><icon src="https://staticqbr-nl-prod.prod.cdn.dmdsdp.com/image-service/ImagesEPG/EventImages/p22676359_b_v8_aa.jpg"></icon><desc>¿Pueden tres invitados famosos responder a las sorprendentes preguntas de Mapi? Solo lo lograrán si echan mano de su sentido común, imaginación e ingenio.</desc><category>Entertainment</category></programme><programme channel="lgi-nl-prod-master:NL_000047_019428" start="20221019202500 +0000" stop="20221019203000 +0000" catchup-id="crid:~~2F~~2Fgn.tv~~2F18473498~~2FSH035444380000~~2F143009441,imi:15349e8a180df2d15aa6a6fb532b550f2d4cf030"><title>Lazos de sangre: previo</title><date></date><icon src="https://staticqbr-nl-prod.prod.cdn.dmdsdp.com/image-service/ImagesEPG/EventImages/p18473498_b_v8_ac.jpg"></icon><desc>Programa previo a la emisión de &quot;Lazos de sangre&quot; en el que se presentarán invitados y tertulianos que, posteriormente, analizarán el contenido del especial.</desc><category>Entertainment, Variété</category></programme><programme channel="lgi-nl-prod-master:NL_000047_019428" start="20221019203000 +0000" stop="20221019213000 +0000" catchup-id="crid:~~2F~~2Fgn.tv~~2F15693362~~2FSH030029360000~~2F143009442,imi:a193ec35d869cf7ab005d6247fe26143ebe25219"><title>Lazos de sangre</title><date></date><icon src="https://staticqbr-nl-prod.prod.cdn.dmdsdp.com/image-service/ImagesEPG/EventImages/p15693362_b_v8_ab.jpg"></icon><desc>El programa repasa la trayectoria de varias de las familias más importantes del panorama social de nuestro país, ofreciendo entrevistas y testimonios de sus protagonistas.</desc><category>Entertainment, Interview</category></programme><programme channel="lgi-nl-prod-master:NL_000047_019428" start="20221019213000 +0000" stop="20221019230000 +0000" catchup-id="crid:~~2F~~2Fgn.tv~~2F17102283~~2FSH032622240000~~2F143009443,imi:3c0baf4995971f96f345dc3c28180c3a4b3a5ae3"><title>Lazos de sangre: el debate</title><date></date><icon src="https://staticqbr-nl-prod.prod.cdn.dmdsdp.com/image-service/ImagesEPG/EventImages/p17102283_b_v8_ac.jpg"></icon><desc>Debate en el que se analizan las historias del programa &quot;Lazos de sangre&quot;. Tras la emisión de cada entrega, se realiza un coloquio para comentar los aspectos más destacados y las declaraciones de sus protagonistas.</desc><category>Debat, Entertainment</category></programme>