<programme channel="lgi-nl-prod-master:NL_000018_019221" start="20221019220000 +0000" stop="20221019230000 +0000" catchup-id="crid:~~2F~~2Fgn.tv~~2F246329~~2FSH030734310000~~2Fspecial,imi:a6405d817b2e8b87f24b15a6d932cbb0d58f8cc0"><title>Hubble's Amazing Universe</title><date></date><icon src="https://staticqbr-nl-prod.prod.cdn.dmdsdp.com/image-service/ImagesEPG/EventImages/p246329_b_v8_av.jpg"></icon><desc>De ruimtetelescoop Hubble wordt gezien als een van de meest bijzondere technologische doorbraken en geeft ons nieuw inzicht in het universum.</desc><category>Documentaire, Wetenschap</category></programme>