<programme channel="lgi-nl-prod-master:NL_000069_020071" start="20221019220000 +0000" stop="20221019230000 +0000" catchup-id="crid:~~2F~~2Fgn.tv~~2F21654499~~2FSH042138510000~~2F143089321,imi:b0b496b91cfe1d5ff5ff433bdd2b1e1e6e68123e"><title>Sunshine Tour 2022</title><date></date><icon src="https://staticqbr-nl-prod.prod.cdn.dmdsdp.com/image-service/ImagesEPG/EventImages/p21654499_b_v11_aa.jpg"></icon><desc>Bevat de hoogtepunten van de 2022 Andalucía Sunshine Tour gehouden te Vejer de la Frontera in Cádiz.</desc><category>Paardensport</category></programme>