<programme channel="lgi-nl-prod-master:NL_000021_019566" start="20221019223000 +0000" stop="20221019233000 +0000" catchup-id="crid:~~2F~~2Fgn.tv~~2F17095848~~2FEP028986290279,imi:03523148c6fc314c48f549314b1d24ee79121fff"><title>Say Yes to the Dress</title><date>2019</date><icon src="https://staticqbr-nl-prod.prod.cdn.dmdsdp.com/image-service/ImagesEPG/EventImages/p17095809_b_v12_aa.jpg"></icon><desc>Samantha is al bij meer dan 100 verschillende winkels geweest om haar perfecte jurk te vinden, maar haar moeder is extreem kritisch. Lia heeft nog geen enkele trouwjurk gepast, maar haar bruiloft komt snel dichterbij.</desc><category>Reality, Mode</category></programme>