<programme channel="lgi-nl-prod-master:NL_000110_019562" start="20221018220000 +0000" stop="20221018230000 +0000" catchup-id="crid:~~2F~~2Fgn.tv~~2F23103919~~2FEP040382130250,imi:4784b57d68da16ca6bb0c9a8f753b926670b0750"><title>NBA Today</title><date></date><icon src="https://staticqbr-nl-prod.prod.cdn.dmdsdp.com/image-service/ImagesEPG/EventImages/p22600822_b_v12_aa.jpg"></icon><desc>Dagelijks programma van ESPN over de NBA. Presentatrice Malika Andrews bespreekt in Los Angeles met analisten Kendrick Perkins, Chiney Ogwumike, Vince Carter en Zach Lowe alle ins en outs van de NBA.</desc><category>Sport, Sporttalkshow, Basketbal</category></programme><programme channel="lgi-nl-prod-master:NL_000110_019562" start="20221018230000 +0000" stop="20221019004500 +0000" catchup-id="crid:~~2F~~2Fgn.tv~~2F23103635~~2FEP035291630517,imi:49b3bd81ea700a9bf2dbb766ce01575e84e51a33"><title>NFL Live</title><date></date><icon src="https://staticqbr-nl-prod.prod.cdn.dmdsdp.com/image-service/ImagesEPG/EventImages/p8485178_b_v8_ac.jpg"></icon><desc>In NFL Live worden van maandag t/m vrijdag alle ins en outs over de NFL besproken.</desc><category>Sport, American football</category></programme><programme channel="lgi-nl-prod-master:NL_000110_019562" start="20221019011500 +0000" stop="20221019020000 +0000" catchup-id="crid:~~2F~~2Fgn.tv~~2F23103691~~2FEP040541030053,imi:40947f8631efba2a5e6f7f3d7e4edbc7d8b808cb"><title>ESPN In alle staten</title><date>2022</date><icon src="https://staticqbr-nl-prod.prod.cdn.dmdsdp.com/image-service/ImagesEPG/EventImages/p22600657_b_v11_aa.jpg"></icon><desc>In ESPN In alle staten komen iedere week de mooiste verhalen uit de Amerikaanse sporten aan bod.</desc><category>Sport, Sporttalkshow</category></programme><programme channel="lgi-nl-prod-master:NL_000110_019562" start="20221019020000 +0000" stop="20221019043000 +0000" catchup-id="crid:~~2F~~2Fgn.tv~~2F22792632~~2FEP033918221687,imi:2636394b5299b762ec682e729f1fcadd95c54edb"><title>NBA</title><date>2022</date><icon src="https://staticqbr-nl-prod.prod.cdn.dmdsdp.com/image-service/ImagesEPG/EventImages/p22792632_tb2_v12_ad.jpg"></icon><desc>Verslag van de wedstrijd Golden State Warriors - Los Angeles Lakers, gespeeld in de NBA.</desc><category>Sport, Basketbal</category></programme><programme channel="lgi-nl-prod-master:NL_000110_019562" start="20221019043000 +0000" stop="20221019050000 +0000" catchup-id="crid:~~2F~~2Fgn.tv~~2F11609594~~2FSH034700110000~~2F143842827,imi:80c3a522b15416662c983c477852509d101ce98d"><title>MLS Highlights</title><date></date><icon src="https://staticqbr-nl-prod.prod.cdn.dmdsdp.com/image-service/ImagesEPG/EventImages/p11609594_b_v12_bd.jpg"></icon><desc>De hoogtepunten en samenvattingen van de voetbalwedstrijden van de afgelopen speelronde uit de Amerikaanse Major League Soccer.</desc><category>Voetbal, Sporttalkshow</category></programme><programme channel="lgi-nl-prod-master:NL_000110_019562" start="20221019050000 +0000" stop="20221019060000 +0000" catchup-id="crid:~~2F~~2Fgn.tv~~2F23103919~~2FEP040382130250,imi:70a7f9417c375c9925857c89a1af9070553285f2"><title>NBA Today</title><date></date><icon src="https://staticqbr-nl-prod.prod.cdn.dmdsdp.com/image-service/ImagesEPG/EventImages/p22600822_b_v12_aa.jpg"></icon><desc>Dagelijks programma van ESPN over de NBA. Presentatrice Malika Andrews bespreekt in Los Angeles met analisten Kendrick Perkins, Chiney Ogwumike, Vince Carter en Zach Lowe alle ins en outs van de NBA.</desc><category>Sport, Sporttalkshow, Basketbal</category></programme><programme channel="lgi-nl-prod-master:NL_000110_019562" start="20221019060000 +0000" stop="20221019063000 +0000" catchup-id="crid:~~2F~~2Fgn.tv~~2F23115138~~2FEP037264340441,imi:f97d9dd1eb13837401706dcc6df03857f358f526"><title>Pardon the Interruption</title><date>2022</date><icon src="https://staticqbr-nl-prod.prod.cdn.dmdsdp.com/image-service/ImagesEPG/EventImages/p186288_b_v12_ag.jpg"></icon><desc>Tony Kornheiser en Michael Wilbon bespreken en bediscussiëren de headlines van de dag in de sport.</desc><category>Sport, Sporttalkshow</category></programme><programme channel="lgi-nl-prod-master:NL_000110_019562" start="20221019063000 +0000" stop="20221019070000 +0000" catchup-id="crid:~~2F~~2Fgn.tv~~2F23109853~~2FEP037264320439,imi:67548b979bcd7f59558c82e523343bb66df33008"><title>Around the Horn</title><date>2022</date><icon src="https://staticqbr-nl-prod.prod.cdn.dmdsdp.com/image-service/ImagesEPG/EventImages/p186284_b_v11_af.jpg"></icon><desc>Discussieprogramma van ESPN waarin sportexperts hun mening delen over actuele zaken.</desc><category>Sport, Sporttalkshow</category></programme><programme channel="lgi-nl-prod-master:NL_000110_019562" start="20221019070000 +0000" stop="20221019090000 +0000" catchup-id="crid:~~2F~~2Fgn.tv~~2F22566151~~2FEP033965810422,imi:13bc133a7bdab10b38f75d474ec24c4810502102"><title>NHL</title><date>2022</date><icon src="https://staticqbr-nl-prod.prod.cdn.dmdsdp.com/image-service/ImagesEPG/EventImages/p22566151_tb2_v12_ac.jpg"></icon><desc>Verslag van de wedstrijd Columbus Blue Jackets - Vancouver Canucks, gespeeld in de NHL.</desc><category>Sport, IJshockey</category></programme><programme channel="lgi-nl-prod-master:NL_000110_019562" start="20221019090000 +0000" stop="20221019100000 +0000" catchup-id="crid:~~2F~~2Fgn.tv~~2F23103919~~2FEP040382130250,imi:486b594614a760618ec232c84186565ace445425"><title>NBA Today</title><date></date><icon src="https://staticqbr-nl-prod.prod.cdn.dmdsdp.com/image-service/ImagesEPG/EventImages/p22600822_b_v12_aa.jpg"></icon><desc>Dagelijks programma van ESPN over de NBA. Presentatrice Malika Andrews bespreekt in Los Angeles met analisten Kendrick Perkins, Chiney Ogwumike, Vince Carter en Zach Lowe alle ins en outs van de NBA.</desc><category>Sport, Sporttalkshow, Basketbal</category></programme><programme channel="lgi-nl-prod-master:NL_000110_019562" start="20221019100000 +0000" stop="20221019104500 +0000" catchup-id="crid:~~2F~~2Fgn.tv~~2F22978990~~2FEP040301040365,imi:cf5741c68728a0f95af360da4f8123b6bd3cc6e2"><title>SportsCenter</title><date></date><icon src="https://staticqbr-nl-prod.prod.cdn.dmdsdp.com/image-service/ImagesEPG/EventImages/p21279520_b_v12_ab.jpg"></icon><desc>Dagelijks nieuwsprogramma van ESPN waarin de belangrijkste zaken uit de sportwereld voorbij komen.</desc><category>Sport, Sporttalkshow</category></programme><programme channel="lgi-nl-prod-master:NL_000110_019562" start="20221019104500 +0000" stop="20221019110000 +0000" catchup-id="crid:~~2F~~2Fgn.tv~~2F448623~~2FSH033931850000~~2F145227656,imi:2e00bf1c19b548ba00e1361abf58f718407a7387"><title>NBA</title><date></date><icon src="https://staticqbr-nl-prod.prod.cdn.dmdsdp.com/image-service/ImagesEPG/EventImages/p448623_b_v12_bc.jpg"></icon><desc>Hoogtepunten en samenvattingen van de verschillende wedstrijden die gespeeld worden in de NBA.</desc><category>Sport, Basketbal</category></programme><programme channel="lgi-nl-prod-master:NL_000110_019562" start="20221019110000 +0000" stop="20221019120000 +0000" catchup-id="crid:~~2F~~2Fgn.tv~~2F12205142~~2FSH034225300000~~2F144086887,imi:ddb7a51c4a50e67dd7854ac9cd77669a17325c5d"><title>NHL On The Fly</title><date></date><icon src="https://staticqbr-nl-prod.prod.cdn.dmdsdp.com/image-service/ImagesEPG/EventImages/p12205142_b_v12_ab.jpg"></icon><desc>Na iedere speeldag in de NHL zie je in On the Fly de hoogtepunten van alle wedstrijden.</desc><category>IJshockey, Sporttalkshow</category></programme><programme channel="lgi-nl-prod-master:NL_000110_019562" start="20221019120000 +0000" stop="20221019130000 +0000" catchup-id="crid:~~2F~~2Fgn.tv~~2F23103635~~2FEP035291630517,imi:9f49ea7d865dc493d843c1a91ee620acd2b59e26"><title>NFL Live</title><date></date><icon src="https://staticqbr-nl-prod.prod.cdn.dmdsdp.com/image-service/ImagesEPG/EventImages/p8485178_b_v8_ac.jpg"></icon><desc>In NFL Live worden van maandag t/m vrijdag alle ins en outs over de NFL besproken.</desc><category>Sport, American football</category></programme><programme channel="lgi-nl-prod-master:NL_000110_019562" start="20221019130000 +0000" stop="20221019131500 +0000" catchup-id="crid:~~2F~~2Fgn.tv~~2F19305883~~2FSH037357760000~~2F145227657,imi:46956413b01afd5fbfb1e2d1f3f035fd6123c346"><title>ESPN Top 25 Goals</title><date></date><icon src="https://staticqbr-nl-prod.prod.cdn.dmdsdp.com/image-service/ImagesEPG/EventImages/p19305883_b_v12_aa.jpg"></icon><desc>De 25 mooiste goals van afgelopen week uit alle competities die op ESPN worden uitgezonden.</desc><category>Voetbal</category></programme><programme channel="lgi-nl-prod-master:NL_000110_019562" start="20221019131500 +0000" stop="20221019141500 +0000" catchup-id="crid:~~2F~~2Fgn.tv~~2F23103691~~2FEP040541030053,imi:0d4330a0d357f42bc98f32e084584c51b5901ea1"><title>ESPN In alle staten</title><date>2022</date><icon src="https://staticqbr-nl-prod.prod.cdn.dmdsdp.com/image-service/ImagesEPG/EventImages/p22600657_b_v11_aa.jpg"></icon><desc>In ESPN In alle staten komen iedere week de mooiste verhalen uit de Amerikaanse sporten aan bod.</desc><category>Sport, Sporttalkshow</category></programme><programme channel="lgi-nl-prod-master:NL_000110_019562" start="20221019141500 +0000" stop="20221019151500 +0000" catchup-id="crid:~~2F~~2Fgn.tv~~2F337570~~2FSH036375950000~~2F143842828,imi:fea74c665a0de9dec58df7b5ead27de164295a4f"><title>MLB</title><date></date><icon src="https://staticqbr-nl-prod.prod.cdn.dmdsdp.com/image-service/ImagesEPG/EventImages/p337570_b_v8_ag.jpg"></icon><desc>Hoogtepunten en samenvattingen van wedstrijden gespeeld in de MLB.</desc><category>Sport, Honkbal</category></programme><programme channel="lgi-nl-prod-master:NL_000110_019562" start="20221019151500 +0000" stop="20221019153000 +0000" catchup-id="crid:~~2F~~2Fgn.tv~~2F448623~~2FSH033931850000~~2F145227658,imi:5374725825335e1a03f904c0d0cc6fa02797c5d0"><title>NBA</title><date></date><icon src="https://staticqbr-nl-prod.prod.cdn.dmdsdp.com/image-service/ImagesEPG/EventImages/p448623_b_v12_bc.jpg"></icon><desc>Hoogtepunten en samenvattingen van de verschillende wedstrijden die gespeeld worden in de NBA.</desc><category>Sport, Basketbal</category></programme><programme channel="lgi-nl-prod-master:NL_000110_019562" start="20221019153000 +0000" stop="20221019163000 +0000" catchup-id="crid:~~2F~~2Fgn.tv~~2F23103919~~2FEP040382130250,imi:3af34acb0828075ae0783ce1c4b7ca7d5c90c5b8"><title>NBA Today</title><date></date><icon src="https://staticqbr-nl-prod.prod.cdn.dmdsdp.com/image-service/ImagesEPG/EventImages/p22600822_b_v12_aa.jpg"></icon><desc>Dagelijks programma van ESPN over de NBA. Presentatrice Malika Andrews bespreekt in Los Angeles met analisten Kendrick Perkins, Chiney Ogwumike, Vince Carter en Zach Lowe alle ins en outs van de NBA.</desc><category>Sport, Sporttalkshow, Basketbal</category></programme><programme channel="lgi-nl-prod-master:NL_000110_019562" start="20221019163000 +0000" stop="20221019173000 +0000" catchup-id="crid:~~2F~~2Fgn.tv~~2F448822~~2FSH039853800000~~2F143842812,imi:9f9327a3d3598fb37bda46f8283150ffa2872176"><title>NFL Update</title><date></date><icon src="https://staticqbr-nl-prod.prod.cdn.dmdsdp.com/image-service/ImagesEPG/EventImages/p448822_b_v8_aa.jpg"></icon><desc>In NFL Update komen wekelijks alle hoogtepunten uit de laatste speelronde in de NFL voorbij.</desc><category>Sport, American football</category></programme><programme channel="lgi-nl-prod-master:NL_000110_019562" start="20221019173000 +0000" stop="20221019180000 +0000" catchup-id="crid:~~2F~~2Fgn.tv~~2F22979380~~2FEP037229360666,imi:dbd5f8557ec38469c838d101df714932de1d1941"><title>ESPN Vandaag</title><date>2022</date><icon src="https://staticqbr-nl-prod.prod.cdn.dmdsdp.com/image-service/ImagesEPG/EventImages/p21279879_b_v11_aa.jpg"></icon><desc>Een round-up van de dag met het belangrijkste en opvallendste (inter)nationale sportnieuws.</desc><category>Sport, Sporttalkshow, Multisportevenement</category></programme><programme channel="lgi-nl-prod-master:NL_000110_019562" start="20221019180000 +0000" stop="20221019190000 +0000" catchup-id="crid:~~2F~~2Fgn.tv~~2F23103691~~2FEP040541030053,imi:1ca629acef12df380e9fdfab291c298ee3719097"><title>ESPN In alle staten</title><date>2022</date><icon src="https://staticqbr-nl-prod.prod.cdn.dmdsdp.com/image-service/ImagesEPG/EventImages/p22600657_b_v11_aa.jpg"></icon><desc>In ESPN In alle staten komen iedere week de mooiste verhalen uit de Amerikaanse sporten aan bod.</desc><category>Sport, Sporttalkshow</category></programme><programme channel="lgi-nl-prod-master:NL_000110_019562" start="20221019190000 +0000" stop="20221019200000 +0000" catchup-id="crid:~~2F~~2Fgn.tv~~2F23103920~~2FEP040382130251,imi:3ab7e422f2b45e2009becb4cc4b7f8ad14b0afdf"><title>NBA Today</title><date></date><icon src="https://staticqbr-nl-prod.prod.cdn.dmdsdp.com/image-service/ImagesEPG/EventImages/p22600822_b_v12_aa.jpg"></icon><desc>Dagelijks programma van ESPN over de NBA. Presentatrice Malika Andrews bespreekt in Los Angeles met analisten Kendrick Perkins, Chiney Ogwumike, Vince Carter en Zach Lowe alle ins en outs van de NBA.</desc><category>Sport, Sporttalkshow, Basketbal</category></programme><programme channel="lgi-nl-prod-master:NL_000110_019562" start="20221019200000 +0000" stop="20221019230000 +0000" catchup-id="crid:~~2F~~2Fgn.tv~~2F191273~~2FSH035833780000~~2F143842815,imi:b90a59b521ab81e7b777003860b4e574d38b79a4"><title>MLB</title><date></date><icon src="https://staticqbr-nl-prod.prod.cdn.dmdsdp.com/image-service/ImagesEPG/EventImages/p191273_b_v12_ba.jpg"></icon><desc>Verslag van wedstrijden gespeeld in de Amerikaanse Major League Baseball.</desc><category>Sport, Honkbal</category></programme>