<programme channel="lgi-nl-prod-master:NL_000025_019708" start="20221019220000 +0000" stop="20221020030000 +0000" catchup-id="crid:~~2F~~2Fgn.tv~~2F15827533~~2FSH033856350000~~2F144272741,imi:39d76ca47425f6d009afab19a53d0bdd2ff05fb7"><title>All Night</title><date></date><icon src="https://staticqbr-nl-prod.prod.cdn.dmdsdp.com/image-service/ImagesEPG/EventImages/p15827533_b_v11_ab.jpg"></icon><desc>De grootste hits en beste klassiekers worden laat in de avond gespeeld.</desc><category>Muziek</category></programme>