<programme channel="lgi-nl-prod-master:NL_000033_019025" start="20221019035500 +0000" stop="20221019040000 +0000" catchup-id="crid:~~2F~~2Fgn.tv~~2F480440~~2FSH030038440000~~2F144295573,imi:cd8e46f6afb6aca22d9ee2ce0b60b584d296229e"><title>Geen uitzending</title><date></date><icon src="https://staticqbr-nl-prod.prod.cdn.dmdsdp.com/image-service/ImagesEPG/EventImages/p480440_b_v12_ci.jpg"></icon><desc>Geen uitzending.</desc><category></category></programme><programme channel="lgi-nl-prod-master:NL_000033_019025" start="20221019040000 +0000" stop="20221019040500 +0000" catchup-id="crid:~~2F~~2Fgn.tv~~2F17578627~~2FEP033291810015,imi:dbbaf14d3f4eed2b42cfd5b6888cda8967cbbe96"><title>Tik Tak</title><date>2021</date><icon src="https://staticqbr-nl-prod.prod.cdn.dmdsdp.com/image-service/ImagesEPG/EventImages/p17565130_b_v11_ac.jpg"></icon><desc>Ontdek een muziektheater dat bestaat uit postdozen die optreden en een aquarium gevuld met voedsel, Boekenjongen maakt een harp.</desc><category>Kinderen, Entertainment</category></programme><programme channel="lgi-nl-prod-master:NL_000033_019025" start="20221019040500 +0000" stop="20221019041000 +0000" catchup-id="crid:~~2F~~2Fgn.tv~~2F21959770~~2FEP042271250036,imi:d5e4640a5a8e6eb0a9d0cc57ce63c5f42e31f638"><title>Bumba</title><date>2022</date><icon src="https://staticqbr-nl-prod.prod.cdn.dmdsdp.com/image-service/ImagesEPG/EventImages/p21777584_b_v12_ai.jpg"></icon><desc>Bumba gooit ballen in een put en leert het cijfer vier en Bumbina danst met een lint.</desc><category>Kinderen, Avontuur, Educatie</category></programme><programme channel="lgi-nl-prod-master:NL_000033_019025" start="20221019041000 +0000" stop="20221019041300 +0000" catchup-id="crid:~~2F~~2Fgn.tv~~2F20653474~~2FEP039713600017,imi:09ef841fd73cf56d7f239bbee6c3ef510399be3e"><title>Sarah doet yoga</title><date>2021</date><icon src="https://staticqbr-nl-prod.prod.cdn.dmdsdp.com/image-service/ImagesEPG/EventImages/p20545032_b_v8_ad.jpg"></icon><desc>Sarah woont in een kleurrijke blokkentoren met een gezellig voortuintje aan de rand van de stad en betovert iedereen met haar mooie glimlach. Samen met Sokpop probeert ze leuke yogahoudingen uit. Iedereen doet mee.</desc><category>Kinderen, Zelfhulp, Fit en gezond</category></programme><programme channel="lgi-nl-prod-master:NL_000033_019025" start="20221019041300 +0000" stop="20221019042000 +0000" catchup-id="crid:~~2F~~2Fgn.tv~~2F14195772~~2FEP033867930073,imi:aef2199bb4a6ec0eed9edee1fbc5d9753b0066ef"><title>Stoppeltje</title><date>2017</date><icon src="https://staticqbr-nl-prod.prod.cdn.dmdsdp.com/image-service/ImagesEPG/EventImages/p13591050_b_v12_ab.jpg"></icon><desc>Stoppeltje beleeft elke ochtend op weg naar school allerlei avonturen. Dankzij zijn vindingrijkheid, moed en optimisme overwint hij alle obstakels die hij tegenkomt.</desc><category>Kinderen, Animatie, Komedie, Avontuur</category></programme><programme channel="lgi-nl-prod-master:NL_000033_019025" start="20221019042000 +0000" stop="20221019043000 +0000" catchup-id="crid:~~2F~~2Fgn.tv~~2F17702436~~2FEP033855810025,imi:42d963a7d63f855243103dadef6e6c7332a8879f"><title>Kaatjes Kameraadjes</title><date>2019</date><icon src="https://staticqbr-nl-prod.prod.cdn.dmdsdp.com/image-service/ImagesEPG/EventImages/p17702394_b_v8_aa.jpg"></icon><desc>Frits en Frats houden van de brandweer en wanen zich echte brandweermannen. Wanneer blijkt dat ze nog nooit van een brandweerwagen hebben gehoord, besluit Kaatje er een kameraadje bij te halen.</desc><category>Kinderen, Avontuur</category></programme><programme channel="lgi-nl-prod-master:NL_000033_019025" start="20221019043000 +0000" stop="20221019043700 +0000" catchup-id="crid:~~2F~~2Fgn.tv~~2F15024756~~2FEP034525560063,imi:da8f1a4e15526e43abc4232c295441d3298ec62c"><title>Yetili vertelt</title><date>2018</date><icon src="https://staticqbr-nl-prod.prod.cdn.dmdsdp.com/image-service/ImagesEPG/EventImages/p15830076_b_v8_an.jpg"></icon><desc>Yeti vertelt over de heks Vèzmô. Zij verandert mooie dingen in iets afgrijselijks. Bloemen worden getransformeerd in mest en vlinders in papier. Echter is er een prins die daar een stokje voor steekt.</desc><category>Kinderen, Komedie, Boeken &amp; literatuur</category></programme><programme channel="lgi-nl-prod-master:NL_000033_019025" start="20221019043700 +0000" stop="20221019044000 +0000" catchup-id="crid:~~2F~~2Fgn.tv~~2F20630738~~2FEP036491060012,imi:476c1402d9d85f0c6337795df330e73d1dda36d5"><title>Sarah zingt</title><date>2021</date><icon src="https://staticqbr-nl-prod.prod.cdn.dmdsdp.com/image-service/ImagesEPG/EventImages/p20545057_b_v8_aa.jpg"></icon><desc>Sarah zingt samen met haar vriendjes de leukste kinderliedjes, en iedereen doet mee.</desc><category>Kunstnijverheid</category></programme><programme channel="lgi-nl-prod-master:NL_000033_019025" start="20221019044000 +0000" stop="20221019044500 +0000" catchup-id="crid:~~2F~~2Fgn.tv~~2F15609415~~2FEP030451060038,imi:11fed9bbb580a37f7ac326f19ac12cec107ea8ec"><title>Pingu in de stad</title><date>2017</date><icon src="https://staticqbr-nl-prod.prod.cdn.dmdsdp.com/image-service/ImagesEPG/EventImages/p15569846_b_v11_ac.jpg"></icon><desc>Pingu gebruikt de uitvinding die alles naar hem toe trekt om de afstandsbediening te pakken.</desc><category>Kinderen, Animatie, Avontuur, Fantasy</category></programme><programme channel="lgi-nl-prod-master:NL_000033_019025" start="20221019044500 +0000" stop="20221019045500 +0000" catchup-id="crid:~~2F~~2Fgn.tv~~2F17737129~~2FEP033966930010,imi:68c643abdeffbeb1e7383b2d5ae89dd03d3e1e08"><title>Biba &amp; Loeba</title><date>2019</date><icon src="https://staticqbr-nl-prod.prod.cdn.dmdsdp.com/image-service/ImagesEPG/EventImages/p17737023_b_v12_aa.jpg"></icon><desc>Biba en Loeba zijn twee vrienden die de kijkers op een speelse manier laten bewegen. In elke aflevering leren ze peuters en kleuters nieuwe oefeningen aan.</desc><category>Kinderen, Exercise, Entertainment</category></programme><programme channel="lgi-nl-prod-master:NL_000033_019025" start="20221019045500 +0000" stop="20221019050000 +0000" catchup-id="crid:~~2F~~2Fgn.tv~~2F18055356~~2FEP033820740019,imi:03213a79a5251d25afd56314144e6dbbb0992b7b"><title>Dropje</title><date>2020</date><icon src="https://staticqbr-nl-prod.prod.cdn.dmdsdp.com/image-service/ImagesEPG/EventImages/p18018662_b_v12_aa.jpg"></icon><desc>Dropje maakt mooie schaduwen in het donker en dan is 'donker' toch wel leuk.</desc><category>Kinderen, Avontuur</category></programme><programme channel="lgi-nl-prod-master:NL_000033_019025" start="20221019050000 +0000" stop="20221019051200 +0000" catchup-id="crid:~~2F~~2Fgn.tv~~2F18669926~~2FEP043475690006,imi:3f9cc0dc8f4e0eb7122002234992f40a2cf59b67"><title>Monty &amp; Co</title><date>2020</date><icon src="https://staticqbr-nl-prod.prod.cdn.dmdsdp.com/image-service/ImagesEPG/EventImages/p18567512_b_v8_aa.jpg"></icon><desc>Scraps praat door te piepen en wil duidelijker verstaanbaar zijn. Gabriella leert hem een paar nieuwe geluiden. Sam probeert een paar kapotte instrumenten te bespelen. Lulu hoort ze en denkt dat er een monster in de werkplaats is.</desc><category>Kinderen, Entertainment, Educatie</category></programme><programme channel="lgi-nl-prod-master:NL_000033_019025" start="20221019051200 +0000" stop="20221019051500 +0000" catchup-id="crid:~~2F~~2Fgn.tv~~2F20636897~~2FEP036491060013,imi:4b5f753b4a9fe75ef1c05023d5287300efab798b"><title>Sarah zingt</title><date>2021</date><icon src="https://staticqbr-nl-prod.prod.cdn.dmdsdp.com/image-service/ImagesEPG/EventImages/p20545057_b_v8_aa.jpg"></icon><desc>Sarah zingt samen met haar vriendjes de leukste kinderliedjes, en iedereen doet mee.</desc><category>Kunstnijverheid</category></programme><programme channel="lgi-nl-prod-master:NL_000033_019025" start="20221019051500 +0000" stop="20221019052000 +0000" catchup-id="crid:~~2F~~2Fgn.tv~~2F20385260~~2FEP044235500005,imi:aa41580c0d3c9d99f185d2b380d28fcb974784bc"><title>Cirkelhoek</title><date>2021</date><icon src="https://staticqbr-nl-prod.prod.cdn.dmdsdp.com/image-service/ImagesEPG/EventImages/p20385166_b_v8_ad.jpg"></icon><desc>Douglas Pine staat onder druk om de wedstrijd voor het kweken van zonnebloemen te winnen, maar hij heeft niet geluisterd naar de beste kweektips van zijn grootvader.</desc><category>Kinderen, Animatie, Avontuur</category></programme><programme channel="lgi-nl-prod-master:NL_000033_019025" start="20221019052000 +0000" stop="20221019052500 +0000" catchup-id="crid:~~2F~~2Fgn.tv~~2F20958876~~2FEP040609130023,imi:86b5b52cf8d8cc9bce77d27a4b139306e8ee9427"><title>Meneer Papier</title><date>2021</date><icon src="https://staticqbr-nl-prod.prod.cdn.dmdsdp.com/image-service/ImagesEPG/EventImages/p20855336_b_v12_ab.jpg"></icon><desc>Meneer Papier heeft zin in bouwen. Hij tekent een mooi kasteel. Maar dan raakt het papier op. Met het laatste velletje knipt Meneer Papier een kiosk en van de snippers maakt hij geld. Hij koopt alles wat hij nodig heeft voor het kasteel.</desc><category>Kinderen, Entertainment</category></programme><programme channel="lgi-nl-prod-master:NL_000033_019025" start="20221019052500 +0000" stop="20221019053000 +0000" catchup-id="crid:~~2F~~2Fgn.tv~~2F19518973~~2FEP036193980051,imi:6e165282374df670335ba673b5c3d2efb853982a"><title>Samson en Marie</title><date>2020</date><icon src="https://staticqbr-nl-prod.prod.cdn.dmdsdp.com/image-service/ImagesEPG/EventImages/p18940035_b_v11_aa.jpg"></icon><desc>Samson leest een boek, De Tijdbom. Dan krijgen Samson en Marie een pakketje van de postbode. Er komt getik uit de doos! Wat zou dat zijn? Misschien is het een bom? Ze willen hun buske niet achterlaten en verschansen zich.</desc><category>Kinderen, Avontuur</category></programme><programme channel="lgi-nl-prod-master:NL_000033_019025" start="20221019053000 +0000" stop="20221019054000 +0000" catchup-id="crid:~~2F~~2Fgn.tv~~2F23124845~~2FEP044236820029,imi:a85499ca90e481151f2f3777a3f4891a2637672a"><title>Samson &amp; Marie ijsjestijd</title><date>2022</date><icon src="https://staticqbr-nl-prod.prod.cdn.dmdsdp.com/image-service/ImagesEPG/EventImages/p22784166_b_v8_aa.jpg"></icon><desc>Tarik overtuigt Samson en Marie om ijsjes te leveren bij de klanten. Hij stopt ze in zijn rugzak. Maar Tarik eet om de hoek zelf alle ijsjes op. Wanneer de klanten beginnen te klagen, begint het bij Marie te dagen.</desc><category>Entertainment</category></programme><programme channel="lgi-nl-prod-master:NL_000033_019025" start="20221019054000 +0000" stop="20221019060500 +0000" catchup-id="crid:~~2F~~2Fgn.tv~~2F14630199~~2FEP025194750009,imi:6f04dd6167480587cfd9ce5b99ad3eecca3cdf3a"><title>Nachtwacht</title><date>2017</date><icon src="https://staticqbr-nl-prod.prod.cdn.dmdsdp.com/image-service/ImagesEPG/EventImages/p13324801_b_v11_aa.jpg"></icon><desc>De Ruiter van de Apocalyps wil een eenhoorn corrumperen en zo het leven op aarde laten verdwijnen. De Nachtwacht moet er alles aan doen om dit te voorkomen.</desc><category>Fantasy, Avontuur</category></programme><programme channel="lgi-nl-prod-master:NL_000033_019025" start="20221019060500 +0000" stop="20221019061500 +0000" catchup-id="crid:~~2F~~2Fgn.tv~~2F23125408~~2FEP044869930005,imi:feba8c27f1bde7efeb563511f93a4c831dbf00e4"><title>Interstellar Ella</title><date>2022</date><icon src="https://staticqbr-nl-prod.prod.cdn.dmdsdp.com/image-service/ImagesEPG/EventImages/p23125381_b_v12_aa.jpg"></icon><desc>Animatiereeks over de avonturen van het zevenjarige meisje Ella en haar vrienden in het universum.</desc><category>Entertainment, Avontuur</category></programme><programme channel="lgi-nl-prod-master:NL_000033_019025" start="20221019061500 +0000" stop="20221019063000 +0000" catchup-id="crid:~~2F~~2Fgn.tv~~2F21994973~~2FEP040597690048,imi:2ddce2b9ba87a5817d264fc6f91621f7f80b1f42"><title>De Smurfen</title><date>2022</date><icon src="https://staticqbr-nl-prod.prod.cdn.dmdsdp.com/image-service/ImagesEPG/EventImages/p20500049_b_v12_ae.jpg"></icon><desc>Brilsmurf speelt de baas over alle Smurfen. Lolsmurf besluit om hem te laten strijden om een denkbeeldige titel die alleen aan de beste Smurfen wordt toegekend.</desc><category>Kinderen, Animatie, Fantasy, Avontuur</category></programme><programme channel="lgi-nl-prod-master:NL_000033_019025" start="20221019063000 +0000" stop="20221019063500 +0000" catchup-id="crid:~~2F~~2Fgn.tv~~2F10527926~~2FEP027636970112,imi:73f5bc4a4c3bd984651cd71552989e4664e0255c"><title>Shaun het schaap</title><date>2014</date><icon src="https://staticqbr-nl-prod.prod.cdn.dmdsdp.com/image-service/ImagesEPG/EventImages/p9187471_b_v8_ad.jpg"></icon><desc>Waneer de boer merkt dat er een water lek is, laat hij iemand komen om het op te lossen. De schapen zijn echter blij met de prachtige mogelijkheid om wat waterpret te beleven. Wanneer de werkmannen naar huis gaan, kan de pret beginnen.</desc><category>Kinderen, Animatie, Komedie, Fantasy</category></programme><programme channel="lgi-nl-prod-master:NL_000033_019025" start="20221019063500 +0000" stop="20221019064000 +0000" catchup-id="crid:~~2F~~2Fgn.tv~~2F10527929~~2FEP027636970113,imi:73695290223197028b6e254e0a482955163b8f97"><title>Shaun het schaap</title><date>2014</date><icon src="https://staticqbr-nl-prod.prod.cdn.dmdsdp.com/image-service/ImagesEPG/EventImages/p9187471_b_v8_ad.jpg"></icon><desc>Het is tijd voor de jaarlijkse hondenshow. De boer is ervan overtuigd dat Bitzer dit jaar een kans heeft om te winnen. Wanneer dingen niet lopen zoals gepland, bedenkt de boer een ingenieus idee.</desc><category>Kinderen, Animatie, Komedie, Fantasy</category></programme><programme channel="lgi-nl-prod-master:NL_000033_019025" start="20221019064000 +0000" stop="20221019065000 +0000" catchup-id="crid:~~2F~~2Fgn.tv~~2F17829305~~2FEP033857650086,imi:b0926978ad83526e1e33873f0a8df984d560e9db"><title>Oma en Oma</title><date>2020</date><icon src="https://staticqbr-nl-prod.prod.cdn.dmdsdp.com/image-service/ImagesEPG/EventImages/p17768950_b_v12_ab.jpg"></icon><desc>Twee oma's duiken het Ketnet-archief in en bespreken zowel nieuwe als oude programma's. De twee oma's houden van elkaar, maar kunnen ook behoorlijk kibbelen.</desc><category>Kinderen, Komedie</category></programme><programme channel="lgi-nl-prod-master:NL_000033_019025" start="20221019065000 +0000" stop="20221019070000 +0000" catchup-id="crid:~~2F~~2Fgn.tv~~2F23021372~~2FEP033934950394,imi:04ecba3d8df8c37c91ad35304d1fd6f7b9373f90"><title>Karrewiet met VGT</title><date>2022</date><icon src="https://staticqbr-nl-prod.prod.cdn.dmdsdp.com/image-service/ImagesEPG/EventImages/p21278833_b_v8_aa.jpg"></icon><desc>Infomagazine voor de jeugd met het dagelijkse nieuws, getolkt in Vlaamse Gebarentaal (VGT).</desc><category>Nieuws</category></programme><programme channel="lgi-nl-prod-master:NL_000033_019025" start="20221019070000 +0000" stop="20221019070500 +0000" catchup-id="crid:~~2F~~2Fgn.tv~~2F10527932~~2FEP027636970114,imi:ad3e132c3ed490002ba6bda13f19a94d235f0da1"><title>Shaun het schaap</title><date>2012</date><icon src="https://staticqbr-nl-prod.prod.cdn.dmdsdp.com/image-service/ImagesEPG/EventImages/p9187471_b_v8_ad.jpg"></icon><desc>Shaun vindt een weggegooide puzzel en probeert deze met de kudde in elkaar te zetten. Wanneer Bitzer er achter komt dat er een stukje mist, besluiten ze er alles aan te doen om de puzzel op te lossen.</desc><category>Kinderen, Animatie, Komedie, Fantasy</category></programme><programme channel="lgi-nl-prod-master:NL_000033_019025" start="20221019070500 +0000" stop="20221019071500 +0000" catchup-id="crid:~~2F~~2Fgn.tv~~2F18895326~~2FEP035371580059,imi:4432395d0588b1e4c003a3cf208bef5be184811e"><title>Moka's Fantastische Avonturen</title><date>2020</date><icon src="https://staticqbr-nl-prod.prod.cdn.dmdsdp.com/image-service/ImagesEPG/EventImages/p17762852_b_v12_ac.jpg"></icon><desc>Moka vrolijkt een grote boze wolf op die verdrietig is over zijn slechte reputatie. De wolf leert weer lachen en hij krijgt zijn eetlust terug.</desc><category>Kinderen, Animatie, Komedie, Entertainment</category></programme><programme channel="lgi-nl-prod-master:NL_000033_019025" start="20221019071500 +0000" stop="20221019072500 +0000" catchup-id="crid:~~2F~~2Fgn.tv~~2F17893902~~2FEP037050220013,imi:b78cbe8cf36437dd02917d9418a05b1bd1ed1b99"><title>Berry Bees</title><date>2019</date><icon src="https://staticqbr-nl-prod.prod.cdn.dmdsdp.com/image-service/ImagesEPG/EventImages/p17423861_b_v12_ab.jpg"></icon><desc>Mevrouw Berry vertelt de Berry Bees dat alle BIA-agenten zijn ontvoerd en worden vastgehouden in een verlaten pretpark. De Bees moeten snel naar het pretpark toe om uit te zoeken wie de ontvoerder is en de agenten te bevrijden.</desc><category>Kinderen, Animatie, Avontuur</category></programme><programme channel="lgi-nl-prod-master:NL_000033_019025" start="20221019072500 +0000" stop="20221019075000 +0000" catchup-id="crid:~~2F~~2Fgn.tv~~2F16964295~~2FEP021751840054,imi:90542b2707d9ce3b58a98e6436bc6c7c5c9b0b37"><title>Lassie</title><date>2019</date><icon src="https://staticqbr-nl-prod.prod.cdn.dmdsdp.com/image-service/ImagesEPG/EventImages/p16964278_b_v8_ad.jpg"></icon><desc>We zien hoe Zoë en Lassie elkaar hebben leren kennen. Er woedden destijds grote bosbranden in het park en Zoë deed haar best de doodsbange Lassie over haar angsten heen te helpen.</desc><category>Kinderen, Animatie, Entertainment</category></programme><programme channel="lgi-nl-prod-master:NL_000033_019025" start="20221019075000 +0000" stop="20221019080000 +0000" catchup-id="crid:~~2F~~2Fgn.tv~~2F17312132~~2FEP037246480038,imi:8b109a3973afa72552091f583b0032c7ff070971"><title>Squish</title><date>2019</date><icon src="https://staticqbr-nl-prod.prod.cdn.dmdsdp.com/image-service/ImagesEPG/EventImages/p17312111_b_v12_ab.jpg"></icon><desc>Squish' vader heeft zin in wat vader-zoon tijd en wil Squish meenemen naar een hockeywedstrijd. Squish wil echter liever naar een strandfeest gaan met Pod en Peggy.</desc><category>Kinderen, Animatie, Avontuur, Entertainment, Komedie</category></programme><programme channel="lgi-nl-prod-master:NL_000033_019025" start="20221019080000 +0000" stop="20221019081000 +0000" catchup-id="crid:~~2F~~2Fgn.tv~~2F20269433~~2FEP039067210046,imi:a5aaf744aa7d0d01db5423e759d20d54fc741cb3"><title>Ninja Express</title><date>2021</date><icon src="https://staticqbr-nl-prod.prod.cdn.dmdsdp.com/image-service/ImagesEPG/EventImages/p20266545_b_v8_aa.jpg"></icon><desc>Nadat hij de koets van zijn geliefde prinses heeft stukgemaakt, bestelt een verliefde prins er nog een bij de ninja's, maar de prinses heeft alleen oog voor het Ninjabusje.</desc><category>Kinderen, Animatie, Komedie</category></programme><programme channel="lgi-nl-prod-master:NL_000033_019025" start="20221019081000 +0000" stop="20221019082000 +0000" catchup-id="crid:~~2F~~2Fgn.tv~~2F17829306~~2FEP033857650087,imi:9642200fa0b72fb6c4dae74b001194f18a4b2950"><title>Oma en Oma</title><date>2020</date><icon src="https://staticqbr-nl-prod.prod.cdn.dmdsdp.com/image-service/ImagesEPG/EventImages/p17768950_b_v12_ab.jpg"></icon><desc>Twee oma's duiken het Ketnet-archief in en bespreken zowel nieuwe als oude programma's. De twee oma's houden van elkaar, maar kunnen ook behoorlijk kibbelen.</desc><category>Kinderen, Komedie</category></programme><programme channel="lgi-nl-prod-master:NL_000033_019025" start="20221019082000 +0000" stop="20221019083000 +0000" catchup-id="crid:~~2F~~2Fgn.tv~~2F17828282~~2FEP030854270027,imi:1bd399a8f448153a64ee061e0fdd1d466d589e77"><title>Helden</title><date>2020</date><icon src="https://staticqbr-nl-prod.prod.cdn.dmdsdp.com/image-service/ImagesEPG/EventImages/p17699296_b_v12_ab.jpg"></icon><desc>Vier jonge waaghalzen bundelen hun krachten om de meest waanzinnige ideeën werkelijkheid te laten worden. Ze halen allerlei fantastische stunts uit en tonen hoe ze dat voor elkaar hebben gekregen.</desc><category>Entertainment</category></programme><programme channel="lgi-nl-prod-master:NL_000033_019025" start="20221019083000 +0000" stop="20221019083500 +0000" catchup-id="crid:~~2F~~2Fgn.tv~~2F10527935~~2FEP027636970117,imi:d468f9e676ce698a2ca37c08eb02804d9c7aa183"><title>Shaun het schaap</title><date>2012</date><icon src="https://staticqbr-nl-prod.prod.cdn.dmdsdp.com/image-service/ImagesEPG/EventImages/p9187471_b_v8_ad.jpg"></icon><desc>Een filmcrew arriveert om een zeer zeldzame vogel te filmen die op de boerderij nestelt. De boer is verrukt over alle aandacht, maar wanneer de filmcrew de kudde filmt terwijl ze een potje cricket spelen, is zijn verrukking gauw voorbij.</desc><category>Kinderen, Animatie, Komedie, Fantasy</category></programme><programme channel="lgi-nl-prod-master:NL_000033_019025" start="20221019083500 +0000" stop="20221019084000 +0000" catchup-id="crid:~~2F~~2Fgn.tv~~2F10552350~~2FEP027636970116,imi:b69711d54702817611064c00a6f1d26ce4036817"><title>Shaun het schaap</title><date>2012</date><icon src="https://staticqbr-nl-prod.prod.cdn.dmdsdp.com/image-service/ImagesEPG/EventImages/p9187471_b_v8_ad.jpg"></icon><desc>Een ongewone gast landt op de boerderij en Shaun en Bitzer doen hun best om de gast zich welkom te laten voelen. Ze weten echter niet wat daar precies voor nodig is.</desc><category>Kinderen, Animatie, Komedie, Fantasy</category></programme><programme channel="lgi-nl-prod-master:NL_000033_019025" start="20221019084000 +0000" stop="20221019085000 +0000" catchup-id="crid:~~2F~~2Fgn.tv~~2F19048693~~2FEP035371580066,imi:4bb5c1ccbe73b18c58e573d15b37d499dfee43fb"><title>Moka's Fantastische Avonturen</title><date>2020</date><icon src="https://staticqbr-nl-prod.prod.cdn.dmdsdp.com/image-service/ImagesEPG/EventImages/p17762852_b_v12_ac.jpg"></icon><desc>Cherry slaagt er niet in om van Moka te winnen met het spelletje steen, papier, schaar. In een poging om te winnen speelt ze vals. Maar daarmee neemt ze een risico waardoor Moka gevaar kan lopen.</desc><category>Kinderen, Animatie, Komedie, Entertainment</category></programme><programme channel="lgi-nl-prod-master:NL_000033_019025" start="20221019085000 +0000" stop="20221019090000 +0000" catchup-id="crid:~~2F~~2Fgn.tv~~2F17893909~~2FEP037050220014,imi:48601d87a8dba3851c8950d901258c474ccd574b"><title>Berry Bees</title><date>2019</date><icon src="https://staticqbr-nl-prod.prod.cdn.dmdsdp.com/image-service/ImagesEPG/EventImages/p17423861_b_v12_ab.jpg"></icon><desc>Mevrouw Berry gedraagt zich anders dan normaal. De Berry Bees ontdekken dat ze zichzelf niet is en dat ze eigenlijk een hologram is. Wanneer blijkt dat de echte mevrouw Berry gevangen is genomen, is het aan de Berry Bees om haar te bevrijden.</desc><category>Kinderen, Animatie, Avontuur</category></programme><programme channel="lgi-nl-prod-master:NL_000033_019025" start="20221019090000 +0000" stop="20221019092500 +0000" catchup-id="crid:~~2F~~2Fgn.tv~~2F16964301~~2FEP021751840055,imi:5ee6aa5b4ba7c897b839ebbca236a5b5d43bdd59"><title>Lassie</title><date>2019</date><icon src="https://staticqbr-nl-prod.prod.cdn.dmdsdp.com/image-service/ImagesEPG/EventImages/p16964278_b_v8_ad.jpg"></icon><desc>Tijdens de zoektocht naar het verdwenen hondje Buddy moet Zoë denken aan het eerste avontuur dat ze met Lassie beleefde.</desc><category>Kinderen, Animatie, Entertainment</category></programme><programme channel="lgi-nl-prod-master:NL_000033_019025" start="20221019092500 +0000" stop="20221019093500 +0000" catchup-id="crid:~~2F~~2Fgn.tv~~2F17312198~~2FEP037246480046,imi:a3abfc5e5c276206a40d25409818f2198b304aab"><title>Squish</title><date>2019</date><icon src="https://staticqbr-nl-prod.prod.cdn.dmdsdp.com/image-service/ImagesEPG/EventImages/p17312111_b_v12_ab.jpg"></icon><desc>Helen chanteert Squish zodat hij doet alsof hij haar vriendje is. Ze wil iemand jaloers maken.</desc><category>Kinderen, Animatie, Avontuur, Entertainment, Komedie</category></programme><programme channel="lgi-nl-prod-master:NL_000033_019025" start="20221019093500 +0000" stop="20221019094500 +0000" catchup-id="crid:~~2F~~2Fgn.tv~~2F20269482~~2FEP039067210047,imi:8fd18af0a9e68540ef76af2cf758ba22f2d09bbb"><title>Ninja Express</title><date>2021</date><icon src="https://staticqbr-nl-prod.prod.cdn.dmdsdp.com/image-service/ImagesEPG/EventImages/p20266545_b_v8_aa.jpg"></icon><desc>Wanneer een sheriff probeert haar stad op te ruimen en Stinky Dan McGrubb eruit wil gooien, bestelt ze een schoonmaakploeg van de Ninja's.</desc><category>Kinderen, Animatie, Komedie</category></programme><programme channel="lgi-nl-prod-master:NL_000033_019025" start="20221019094500 +0000" stop="20221019095500 +0000" catchup-id="crid:~~2F~~2Fgn.tv~~2F17829307~~2FEP033857650088,imi:01604ef216f7243c8226ada6a5d1a39efbad3622"><title>Oma en Oma</title><date>2020</date><icon src="https://staticqbr-nl-prod.prod.cdn.dmdsdp.com/image-service/ImagesEPG/EventImages/p17768950_b_v12_ab.jpg"></icon><desc>Twee oma's duiken het Ketnet-archief in en bespreken zowel nieuwe als oude programma's. De twee oma's houden van elkaar, maar kunnen ook behoorlijk kibbelen.</desc><category>Kinderen, Komedie</category></programme><programme channel="lgi-nl-prod-master:NL_000033_019025" start="20221019095500 +0000" stop="20221019101000 +0000" catchup-id="crid:~~2F~~2Fgn.tv~~2F17870066~~2FEP030854270081,imi:41abf90435a54f5700d4ce65df384addfe90e7b2"><title>Helden</title><date>2020</date><icon src="https://staticqbr-nl-prod.prod.cdn.dmdsdp.com/image-service/ImagesEPG/EventImages/p17699296_b_v12_ab.jpg"></icon><desc>Vier jonge waaghalzen bundelen hun krachten om de meest waanzinnige ideeën werkelijkheid te laten worden. Ze halen allerlei fantastische stunts uit en tonen hoe ze dat voor elkaar hebben gekregen.</desc><category>Entertainment</category></programme><programme channel="lgi-nl-prod-master:NL_000033_019025" start="20221019101000 +0000" stop="20221019102500 +0000" catchup-id="crid:~~2F~~2Fgn.tv~~2F17725000~~2FEP029050480063,imi:d72b0538c239b8b186801e269c46d8eae70d14e7"><title>W817</title><date>2019</date><icon src="https://staticqbr-nl-prod.prod.cdn.dmdsdp.com/image-service/ImagesEPG/EventImages/p17724741_b_v12_aa.jpg"></icon><desc>Het leven in een krakerspand is hard. Dat ondervindt Tom wanneer hij infiltreert bij een krakersbende om inspiratie te zoeken voor zijn boek. Jasmijn bereidt zich voor op haar toelatingsproef voor de toneelschool. Birgit assisteert. Steve is er nu wel zeker van dat Michiel een andere vriend heeft en zet een achtervolging in.</desc><category>Kinderen, Komedie</category></programme><programme channel="lgi-nl-prod-master:NL_000033_019025" start="20221019102500 +0000" stop="20221019104000 +0000" catchup-id="crid:~~2F~~2Fgn.tv~~2F17725005~~2FEP029050480064,imi:4d4403627486765c26d9debe978728c65086af48"><title>W817</title><date>2019</date><icon src="https://staticqbr-nl-prod.prod.cdn.dmdsdp.com/image-service/ImagesEPG/EventImages/p17724741_b_v12_aa.jpg"></icon><desc>Tom heeft alles over voor de literatuur: na het krakerspand gaat hij nu de riolering in om erover te schrijven. Jasmijn legt haar toelatingsproef voor de toneelschool af onder algemene begeleiding van Birgit. Steve wordt gedumpt door Michiel.</desc><category>Kinderen, Komedie</category></programme><programme channel="lgi-nl-prod-master:NL_000033_019025" start="20221019104000 +0000" stop="20221019105500 +0000" catchup-id="crid:~~2F~~2Fgn.tv~~2F17725294~~2FEP033930010024,imi:1dcf34438bd1af4346d181eea4a9326009526aba"><title>En daarmee basta!</title><date>2006</date><icon src="https://staticqbr-nl-prod.prod.cdn.dmdsdp.com/image-service/ImagesEPG/EventImages/p17723686_b_v12_aa.jpg"></icon><desc>Joost heeft een lief: Saartje. Patsy is bijna nooit meer tuis, ze is verliefd op iemand anders.</desc><category>Kinderen, Komedie, Entertainment</category></programme><programme channel="lgi-nl-prod-master:NL_000033_019025" start="20221019105500 +0000" stop="20221019110500 +0000" catchup-id="crid:~~2F~~2Fgn.tv~~2F18174902~~2FEP033857650089,imi:08f82e62c254d4e2ee0de1b60e20403284bce109"><title>Oma en Oma</title><date>2020</date><icon src="https://staticqbr-nl-prod.prod.cdn.dmdsdp.com/image-service/ImagesEPG/EventImages/p17768950_b_v12_ab.jpg"></icon><desc>Twee oma's duiken het Ketnet-archief in en bespreken zowel nieuwe als oude programma's. De twee oma's houden van elkaar, maar kunnen ook behoorlijk kibbelen.</desc><category>Kinderen, Komedie</category></programme><programme channel="lgi-nl-prod-master:NL_000033_019025" start="20221019110500 +0000" stop="20221019111500 +0000" catchup-id="crid:~~2F~~2Fgn.tv~~2F17914549~~2FEP030854270050,imi:9ea0ce5bebdea096de9f3f8245d89aa8988e0e80"><title>Helden</title><date>2020</date><icon src="https://staticqbr-nl-prod.prod.cdn.dmdsdp.com/image-service/ImagesEPG/EventImages/p17699296_b_v12_ab.jpg"></icon><desc>De helden houden een episch kussengevecht.</desc><category>Entertainment</category></programme><programme channel="lgi-nl-prod-master:NL_000033_019025" start="20221019111500 +0000" stop="20221019113000 +0000" catchup-id="crid:~~2F~~2Fgn.tv~~2F20269616~~2FEP039067210048,imi:558b04788ebe943da94805d49761e53015ae95d7"><title>Ninja Express</title><date>2021</date><icon src="https://staticqbr-nl-prod.prod.cdn.dmdsdp.com/image-service/ImagesEPG/EventImages/p20266545_b_v8_aa.jpg"></icon><desc>Nu zijn bemanning op de rand van een muiterij staat, bestellen een piratenkapitein en zijn papegaai een schatkist om hen tevreden te houden. De Ninja's gaan op reis gaan naar de Egyptische piramides.</desc><category>Kinderen, Animatie, Komedie</category></programme><programme channel="lgi-nl-prod-master:NL_000033_019025" start="20221019113000 +0000" stop="20221019122500 +0000" catchup-id="crid:~~2F~~2Fgn.tv~~2F14612618~~2FEP032317500026,imi:555f21c78a8ecc0e599caa93d7f205ed869afa60"><title>De mooiste sprookjes</title><date>2013</date><icon src="https://staticqbr-nl-prod.prod.cdn.dmdsdp.com/image-service/ImagesEPG/EventImages/p14612288_b_v8_ab.jpg"></icon><desc>Een weesmeisje wordt er op kerstochtend uitgestuurd om lucifers te verkopen op de markt, maar niemand wil ze hebben. Om een beetje warm te worden steekt ze een voor een de lucifers aan. In het licht van het vuur ziet het meisje haar overleden ouders.</desc><category>Fantasy, Avontuur</category></programme><programme channel="lgi-nl-prod-master:NL_000033_019025" start="20221019122500 +0000" stop="20221019123500 +0000" catchup-id="crid:~~2F~~2Fgn.tv~~2F17532346~~2FEP037246480011,imi:80f48679953471145f70e51b9fa2d4c35bd66932"><title>Squish</title><date>2019</date><icon src="https://staticqbr-nl-prod.prod.cdn.dmdsdp.com/image-service/ImagesEPG/EventImages/p17312111_b_v12_ab.jpg"></icon><desc>Wanneer een lijst van de slimste leerlingen van de school wordt opgehangen, is Pod geschokt als hij hoort dat Peggy hoger scoort dan hij. Ze heeft extra punten verdiend voor haar positieve instelling.</desc><category>Kinderen, Animatie, Avontuur, Entertainment, Komedie</category></programme><programme channel="lgi-nl-prod-master:NL_000033_019025" start="20221019123500 +0000" stop="20221019124500 +0000" catchup-id="crid:~~2F~~2Fgn.tv~~2F20323795~~2FEP039067210049,imi:522f8430e783c0ac0ae14e9a350cd7b19b4c7e97"><title>Ninja Express</title><date>2021</date><icon src="https://staticqbr-nl-prod.prod.cdn.dmdsdp.com/image-service/ImagesEPG/EventImages/p20266545_b_v8_aa.jpg"></icon><desc>De schoolgaande Saffron bestelt een wensvaas bij de Ninja's zodat ze niet naar school hoeft te gaan. Maar om de wensvaas te krijgen, moeten de Ninja's een reeks tests doorstaan die de beschermer van de vaas heeft samengesteld.</desc><category>Kinderen, Animatie, Komedie</category></programme><programme channel="lgi-nl-prod-master:NL_000033_019025" start="20221019124500 +0000" stop="20221019131000 +0000" catchup-id="crid:~~2F~~2Fgn.tv~~2F14717071~~2FEP021727640034,imi:65dbfd2dd05d6f0f8036ab595d053bebf88fbabb"><title>Mega Mindy</title><date>2007</date><icon src="https://staticqbr-nl-prod.prod.cdn.dmdsdp.com/image-service/ImagesEPG/EventImages/p14712562_b_v8_ab.jpg"></icon><desc>Karel Karaat laat een diamant verzekeren voor een miljoen euro, en is van plan hem zelf te stelen. De commissaris zit zijn plannetje in de weg, en hij moet een nieuwe manier verzinnen om de diamant te krijgen.</desc><category>Kinderen, Actie, Entertainment</category></programme><programme channel="lgi-nl-prod-master:NL_000033_019025" start="20221019131000 +0000" stop="20221019132500 +0000" catchup-id="crid:~~2F~~2Fgn.tv~~2F15003020~~2FEP021727840042,imi:54dc4593b09e182ba3a0fc2d9b01f288f2f476d6"><title>Prinsessia</title><date></date><icon src="https://staticqbr-nl-prod.prod.cdn.dmdsdp.com/image-service/ImagesEPG/EventImages/p15002169_b_v8_aa.jpg"></icon><desc>De prinsesjes leren vandaag sierlijk stappen op een rode loper. Violet glijdt bij haar oefenmoment uit, en valt languit op de grond. Roos heeft zeep onder de schoenen van Violet gesmeerd, zodat ze zeker zou vallen.</desc><category>Kinderen, Fantasy, Avontuur</category></programme><programme channel="lgi-nl-prod-master:NL_000033_019025" start="20221019132500 +0000" stop="20221019133000 +0000" catchup-id="crid:~~2F~~2Fgn.tv~~2F18940052~~2FEP036193980005,imi:71ff9949197089762d920d62d3bcef8fa39d6356"><title>Samson en Marie</title><date>2020</date><icon src="https://staticqbr-nl-prod.prod.cdn.dmdsdp.com/image-service/ImagesEPG/EventImages/p18940035_b_v11_aa.jpg"></icon><desc>Marie is erg moe van het vele rijden, maar Samson zit nog vol energie. Hij overtuigt Marie om nog even wakker te blijven voor een spelletje verstoppertje. Marie vindt Samson heel erg snel in het busje. Dan is het aan Samson om te zoeken.</desc><category>Kinderen, Avontuur</category></programme><programme channel="lgi-nl-prod-master:NL_000033_019025" start="20221019133000 +0000" stop="20221019134000 +0000" catchup-id="crid:~~2F~~2Fgn.tv~~2F22121742~~2FEP040597690049,imi:27933285753151f068593874e86f33592937f6cf"><title>De Smurfen</title><date>2022</date><icon src="https://staticqbr-nl-prod.prod.cdn.dmdsdp.com/image-service/ImagesEPG/EventImages/p20500049_b_v12_ae.jpg"></icon><desc>Grote Smurf, Wilgensmurf en Hippe Smurf proberen Gargamels moeder te imponeren nadat ze gevangen zijn genomen door diens zoon.</desc><category>Kinderen, Animatie, Fantasy, Avontuur</category></programme><programme channel="lgi-nl-prod-master:NL_000033_019025" start="20221019134000 +0000" stop="20221019135000 +0000" catchup-id="crid:~~2F~~2Fgn.tv~~2F17811731~~2FEP037050220016,imi:94353753444e129bb4e4b662fb7861935568a1fc"><title>Berry Bees</title><date></date><icon src="https://staticqbr-nl-prod.prod.cdn.dmdsdp.com/image-service/ImagesEPG/EventImages/p17423861_b_v12_ab.jpg"></icon><desc>Een mysterieuze grappenmaker haalt streken uit met alle studenten, en mevrouw Berry vreest dat dit de BIA in gevaar kan brengen. Op beelden van de beveiligingscamera's lijkt het erop dat Juliette de grappenmaker is.</desc><category>Kinderen, Animatie, Avontuur</category></programme><programme channel="lgi-nl-prod-master:NL_000033_019025" start="20221019135000 +0000" stop="20221019141500 +0000" catchup-id="crid:~~2F~~2Fgn.tv~~2F17990042~~2FEP039713640023,imi:c30edc4412b106f06959818ec4a177b16d931d92"><title>Abraca</title><date>2020</date><icon src="https://staticqbr-nl-prod.prod.cdn.dmdsdp.com/image-service/ImagesEPG/EventImages/p19017794_b_v8_aa.jpg"></icon><desc>Abraca, een twaalfjarige leerling tovenaar, wordt naar de aarde gestuurd om haar leertijd te voltooien. Daar ontmoet ze Firmin, een jonge jongen met een passie voor videogames, met wie ze sprookjesavonturen zal beleven.</desc><category>Kinderen, Animatie, Fantasy</category></programme><programme channel="lgi-nl-prod-master:NL_000033_019025" start="20221019141500 +0000" stop="20221019143000 +0000" catchup-id="crid:~~2F~~2Fgn.tv~~2F23125415~~2FEP044869930006,imi:700e2f3184605180065d232d2ae023e09396d098"><title>Interstellar Ella</title><date>2022</date><icon src="https://staticqbr-nl-prod.prod.cdn.dmdsdp.com/image-service/ImagesEPG/EventImages/p23125381_b_v12_aa.jpg"></icon><desc>Animatiereeks over de avonturen van het zevenjarige meisje Ella en haar vrienden in het universum.</desc><category>Entertainment, Avontuur</category></programme><programme channel="lgi-nl-prod-master:NL_000033_019025" start="20221019143000 +0000" stop="20221019145500 +0000" catchup-id="crid:~~2F~~2Fgn.tv~~2F14600506~~2FEP027874590001,imi:e33ab7e6d16a5f68202736d9e4410e129645c277"><title>Rox</title><date>2012</date><icon src="https://staticqbr-nl-prod.prod.cdn.dmdsdp.com/image-service/ImagesEPG/EventImages/p14600496_b_v12_ac.jpg"></icon><desc>Een onderhoudsrobot uit de nucleaire raketbasis, die het land hoort te beschermen, is helemaal ontspoord. De robot keert zich tegen alles en iedereen, omdat hij denkt dat het land in gevaar is.</desc><category>Fantasy, Wetenschap, Avontuur</category></programme><programme channel="lgi-nl-prod-master:NL_000033_019025" start="20221019145500 +0000" stop="20221019154000 +0000" catchup-id="crid:~~2F~~2Fgn.tv~~2F23124635~~2FEP044599600018,imi:27e3e8a019a3eb0285e87682cc42fdcd632aaa7a"><title>Campus 12: compilatie</title><date>2022</date><icon src="https://staticqbr-nl-prod.prod.cdn.dmdsdp.com/image-service/ImagesEPG/EventImages/p23069202_b_v8_aa.jpg"></icon><desc>De stoere bokser Noah De Smidt gaat op zoek naar zijn tweelingzus Bo, die van de ene op de andere dag van de aardbodem verdwenen lijkt. Het mysterie wordt nog groter wanneer blijkt dat Noah de enige is die Bo herinnert.</desc><category>Dramaseries, Mysterie</category></programme><programme channel="lgi-nl-prod-master:NL_000033_019025" start="20221019154000 +0000" stop="20221019155000 +0000" catchup-id="crid:~~2F~~2Fgn.tv~~2F23124734~~2FEP039796710068,imi:4cd378e3c06ee2d23028c0d9ac654e81dcee84c9"><title>Homo Universalis Ketnet</title><date>2022</date><icon src="https://staticqbr-nl-prod.prod.cdn.dmdsdp.com/image-service/ImagesEPG/EventImages/p22969924_b_v12_aa.jpg"></icon><desc>Voor deze opdracht is het de bedoeling dat de deelnemers zo goed mogelijk een gewicht kunnen inschatten. Ze moeten allemaal hun eigen reiskoffer vullen en het gewicht hiervan moet zo dicht mogelijk bij het doel komen.</desc><category>Entertainment, Spelshow</category></programme><programme channel="lgi-nl-prod-master:NL_000033_019025" start="20221019155000 +0000" stop="20221019160000 +0000" catchup-id="crid:~~2F~~2Fgn.tv~~2F23021303~~2FEP005374150445,imi:f5af3e7a376f60ce827aa16b0e01016bcef30af9"><title>Karrewiet</title><date>2022</date><icon src="https://staticqbr-nl-prod.prod.cdn.dmdsdp.com/image-service/ImagesEPG/EventImages/p21278811_b_v8_ab.jpg"></icon><desc>Vlaams jeugdjournaal waarin het belangrijkste nieuws op een makkelijke manier wordt gebracht. Ook mogen veel kinderen zelf hun kijk geven op de actualiteit.</desc><category>Kinderen, Nieuws</category></programme><programme channel="lgi-nl-prod-master:NL_000033_019025" start="20221019160000 +0000" stop="20221019161500 +0000" catchup-id="crid:~~2F~~2Fgn.tv~~2F23169451~~2FEP044898080002,imi:c2318965e8f852c48a2a41f6fec8d982e3e8f81e"><title>De Faker</title><date>2022</date><icon src=""></icon><desc>Heritier moet in deze aflevering ontdekken wie er niet thuishoort bij de Familie De Medts.</desc><category>Reality-competitie</category></programme><programme channel="lgi-nl-prod-master:NL_000033_019025" start="20221019161500 +0000" stop="20221019164000 +0000" catchup-id="crid:~~2F~~2Fgn.tv~~2F23124704~~2FEP039848130017,imi:4e4967d1909262a457dec83058fa8e897c8ea498"><title>Gamekeepers</title><date>2022</date><icon src="https://staticqbr-nl-prod.prod.cdn.dmdsdp.com/image-service/ImagesEPG/EventImages/p22827432_b_v12_aa.jpg"></icon><desc>Mats en Sari moeten een USB-stick in de centrale computer van een roboticabedrijf steken om de tilt geslagen robotdrones te deactiveren. De robotdrones aarzelen niet om hen onder vuur te nemen. Een regelrechte shootergame op leven en dood.</desc><category>Dramaseries, Sciencefiction</category></programme><programme channel="lgi-nl-prod-master:NL_000033_019025" start="20221019164000 +0000" stop="20221019170500 +0000" catchup-id="crid:~~2F~~2Fgn.tv~~2F23124558~~2FEP039714530020,imi:2459a6dfa06b6232db2358f3a62c15f87dd24b5f"><title>3Hz</title><date>2022</date><icon src="https://staticqbr-nl-prod.prod.cdn.dmdsdp.com/image-service/ImagesEPG/EventImages/p22826986_b_v11_aa.jpg"></icon><desc>Sammy ontdekt waarom zijn neef is gevlucht. In het appartement van Sera hoort Felix met de walkman een verontrustend gesprek uit 2013.</desc><category>Kinderen, Fantasy, Avontuur</category></programme><programme channel="lgi-nl-prod-master:NL_000033_019025" start="20221019170500 +0000" stop="20221019171500 +0000" catchup-id="crid:~~2F~~2Fgn.tv~~2F23021303~~2FEP005374150445,imi:e2681972d640ccc170600fbc2913271142eab1e0"><title>Karrewiet</title><date>2022</date><icon src="https://staticqbr-nl-prod.prod.cdn.dmdsdp.com/image-service/ImagesEPG/EventImages/p21278811_b_v8_ab.jpg"></icon><desc>Vlaams jeugdjournaal waarin het belangrijkste nieuws op een makkelijke manier wordt gebracht. Ook mogen veel kinderen zelf hun kijk geven op de actualiteit.</desc><category>Kinderen, Nieuws</category></programme><programme channel="lgi-nl-prod-master:NL_000033_019025" start="20221019171500 +0000" stop="20221019172500 +0000" catchup-id="crid:~~2F~~2Fgn.tv~~2F14474762~~2FEP042785810004,imi:485c521abdf9b88d234fba1061e5496fbaa55138"><title>Jenny</title><date>2017</date><icon src="https://staticqbr-nl-prod.prod.cdn.dmdsdp.com/image-service/ImagesEPG/EventImages/p14449400_b_v8_aa.jpg"></icon><desc>Jenny heeft een slechte dag als ze haar haar begint te verliezen, een moeilijke stap om te accepteren. Maar Charles, die het heeft meegemaakt, is in staat haar te troosten, zozeer zelfs dat Jenny een gewaagd pact voorstelt.</desc><category>Dramaseries</category></programme><programme channel="lgi-nl-prod-master:NL_000033_019025" start="20221019172500 +0000" stop="20221019174000 +0000" catchup-id="crid:~~2F~~2Fgn.tv~~2F14521049~~2FEP042785810005,imi:46c3c123739e8d2a82ceeba1f7a8f4f4d8ce7c1d"><title>Jenny</title><date>2017</date><icon src="https://staticqbr-nl-prod.prod.cdn.dmdsdp.com/image-service/ImagesEPG/EventImages/p14449400_b_v8_aa.jpg"></icon><desc>Jenny kan niet wachten om Flo te omhelzen. Er gaat niets boven haar beste vriendin om haar op te vrolijken in het ziekenhuis, maar het weerzien is moeilijk, alsof ze vreemden zijn geworden. Kanker lijkt ook de beste vriendschappen aan te tasten.</desc><category>Dramaseries</category></programme><programme channel="lgi-nl-prod-master:NL_000033_019025" start="20221019174000 +0000" stop="20221019175000 +0000" catchup-id="crid:~~2F~~2Fgn.tv~~2F23124592~~2FEP042349250161,imi:eb7021bb722e91da468bb6789768b20430e20f58"><title>4eVeR</title><date></date><icon src="https://staticqbr-nl-prod.prod.cdn.dmdsdp.com/image-service/ImagesEPG/EventImages/p21821741_b_v8_aa.jpg"></icon><desc>Omringd door zijn vrienden herstelt Gamil in het ziekenhuis van zijn val op het kerkhof. Ondertussen wordt steeds duidelijker wat er precies is gebeurd. Arun is in alle staten.</desc><category>Dramaseries</category></programme><programme channel="lgi-nl-prod-master:NL_000033_019025" start="20221019175000 +0000" stop="20221019180000 +0000" catchup-id="crid:~~2F~~2Fgn.tv~~2F23124734~~2FEP039796710068,imi:de3882529d6618c40898d173b0ba6fe6cf5e7fe2"><title>Homo Universalis Ketnet</title><date>2022</date><icon src="https://staticqbr-nl-prod.prod.cdn.dmdsdp.com/image-service/ImagesEPG/EventImages/p22969924_b_v12_aa.jpg"></icon><desc>Voor deze opdracht is het de bedoeling dat de deelnemers zo goed mogelijk een gewicht kunnen inschatten. Ze moeten allemaal hun eigen reiskoffer vullen en het gewicht hiervan moet zo dicht mogelijk bij het doel komen.</desc><category>Entertainment, Spelshow</category></programme><programme channel="lgi-nl-prod-master:NL_000033_019025" start="20221019180000 +0000" stop="20221019181500 +0000" catchup-id="crid:~~2F~~2Fgn.tv~~2F480440~~2FSH030038440000~~2F144295336,imi:1b29af1e431b01f465f4bf6990db9f4f30c8b3d7"><title>Geen uitzending</title><date></date><icon src="https://staticqbr-nl-prod.prod.cdn.dmdsdp.com/image-service/ImagesEPG/EventImages/p480440_b_v12_ci.jpg"></icon><desc>Geen uitzending.</desc><category></category></programme><programme channel="lgi-nl-prod-master:NL_000033_019025" start="20221019181500 +0000" stop="20221019190000 +0000" catchup-id="crid:~~2F~~2Fgn.tv~~2F22782645~~2FSH044234630000~~2F144295337,imi:4792f2487cb2e1d9e1bd4c358fa6a2eed84f3115"><title>VRT NWS journaal met VGT</title><date></date><icon src="https://staticqbr-nl-prod.prod.cdn.dmdsdp.com/image-service/ImagesEPG/EventImages/p22782645_b_v11_aa.jpg"></icon><desc>Nieuws en sport, getolkt in Vlaamse Gebarentaal (VGT).</desc><category>Nieuws</category></programme><programme channel="lgi-nl-prod-master:NL_000033_019025" start="20221019190000 +0000" stop="20221019195000 +0000" catchup-id="crid:~~2F~~2Fgn.tv~~2F20649178~~2FEP039848790003,imi:67d4c09b0d5c3895f6ef40e077c588805cf8f82f"><title>Onder vuur</title><date>2021</date><icon src="https://staticqbr-nl-prod.prod.cdn.dmdsdp.com/image-service/ImagesEPG/EventImages/p20572989_b_v11_aa.jpg"></icon><desc>Na een interventie met dodelijke slachtoffers wordt Post Oosteroever afgeschilderd als een incompetent brandweerkorps. Dominique spoort Orlando aan om adjudant te worden om zo meer structuur in het korps te krijgen. Nina vertrouwt rekruut Tom niet.</desc><category>Dramaseries</category></programme><programme channel="lgi-nl-prod-master:NL_000033_019025" start="20221019195000 +0000" stop="20221020035000 +0000" catchup-id="crid:~~2F~~2Fgn.tv~~2F480440~~2FSH030038440000~~2F144295339,imi:640976d6016ed5918115c3a658e920d75a5cc7a1"><title>Geen uitzending</title><date></date><icon src="https://staticqbr-nl-prod.prod.cdn.dmdsdp.com/image-service/ImagesEPG/EventImages/p480440_b_v12_ci.jpg"></icon><desc>Geen uitzending.</desc><category></category></programme>