<programme channel="lgi-nl-prod-master:NL_000064_019275" start="20221019222700 +0000" stop="20221019225500 +0000" catchup-id="crid:~~2F~~2Fgn.tv~~2F9990559~~2FEP035763580008,imi:eb2791561952b3b8e88436f2819467b7a5f4a42e"><title>The Good Buy Girls</title><date>2014</date><icon src="https://staticqbr-nl-prod.prod.cdn.dmdsdp.com/image-service/ImagesEPG/EventImages/p9981085_b_v8_ac.jpg"></icon><desc>Brook en Tara plaatsen een advertentie om een nieuw product te vinden. Zodra ze iets vinden wil Art er niet mee op televisie verschijnen omdat hij de naam niet helemaal gepast vindt.</desc><category>Reality</category></programme><programme channel="lgi-nl-prod-master:NL_000064_019275" start="20221019225500 +0000" stop="20221019232200 +0000" catchup-id="crid:~~2F~~2Fgn.tv~~2F12290536~~2FEP041464610008,imi:4cc61c02cfe30eca42dfba0e54263d0fa3193a3f"><title>Am I a Boy or Girl</title><date>2015</date><icon src="https://staticqbr-nl-prod.prod.cdn.dmdsdp.com/image-service/ImagesEPG/EventImages/p12157011_b_v8_aa.jpg"></icon><desc>Ruim veertig jaar ging Marie Little door het leven als George. Maar na haar pensionering besloot ze eindelijk door het leven te gaan als de vrouw die ze van binnen is. Haar transitie verloopt alleen niet zo makkelijk als gehoopt.</desc><category>Samenleving</category></programme>