<programme channel="lgi-nl-prod-master:NL_000028_019705" start="20221019221500 +0000" stop="20221019231500 +0000" catchup-id="crid:~~2F~~2Fgn.tv~~2F17988934~~2FEP035829170001,imi:738ebc6f3063d84c86ab920cedf9b69fd68559d9"><title>Swamp People: Serpent Invasion</title><date>2020</date><icon src="https://staticqbr-nl-prod.prod.cdn.dmdsdp.com/image-service/ImagesEPG/EventImages/p17988933_b_v11_aa.jpg"></icon><desc>Birmese pythons nemen de Florida Everglades over en verslinden alles wat op hun pad komt. De enige manier om ze te stoppen, is door de beste moerasexperts van het land in te schakelen: Moeraskoning Troy Landry, Chase, Bruce Mitchell en Zak Bagby.</desc><category>Documentaire, Natuur, Reality</category></programme>