<programme channel="lgi-nl-prod-master:NL_000174_019311" start="20221018220400 +0000" stop="20221018222900 +0000" catchup-id="crid:~~2F~~2Fgn.tv~~2F19083576~~2FMV015457520000,imi:966635af546f109abeeae55c6244ebb0212155cb"><title>Pleasure Fix</title><date>2020</date><icon src="https://staticqbr-nl-prod.prod.cdn.dmdsdp.com/image-service/ImagesEPG/EventImages/p19083576_st_v8_aa.jpg"></icon><desc>Seks kan moeilijk zijn om over te praten. 'Pleasure Fix' is een app die is ontworpen om koppels te helpen hun seksualiteit te ontdekken door nieuwe dingen te proberen en hun verlangens waar te maken.</desc><category>Erotiek, Film, Erotisch</category></programme><programme channel="lgi-nl-prod-master:NL_000174_019311" start="20221018222900 +0000" stop="20221018224300 +0000" catchup-id="crid:~~2F~~2Fgn.tv~~2F22200543~~2FSH043107730000~~2Fspecial,imi:7bba704f64623700e8b3bace5170dd7b31531d7e"><title>Dreaming Alexis</title><date></date><icon src="https://staticqbr-nl-prod.prod.cdn.dmdsdp.com/image-service/ImagesEPG/EventImages/p22200543_st_v8_aa.jpg"></icon><desc>Sicilia kan niet stoppen met dromen over Alexis. Ze is een vriendin van een vriendin, en de dames kennen elkaar eigenlijk niet zo goed. Dromen kunnen ons bang maken, ons voor de gek houden, ons vermaken, maar ook de beste orgasmes bezorgen.</desc><category>Erotiek, Erotisch</category></programme><programme channel="lgi-nl-prod-master:NL_000174_019311" start="20221018224300 +0000" stop="20221018231200 +0000" catchup-id="crid:~~2F~~2Fgn.tv~~2F22059056~~2FMV018236570000,imi:3a65f1ba2cca2a720b6b74c91eff2307c1e122bb"><title>Rock Paper Scissors</title><date></date><icon src="https://staticqbr-nl-prod.prod.cdn.dmdsdp.com/image-service/ImagesEPG/EventImages/p22059056_st_v8_aa.jpg"></icon><desc></desc><category>Erotiek, Film, Erotisch</category></programme><programme channel="lgi-nl-prod-master:NL_000174_019311" start="20221018231200 +0000" stop="20221018234100 +0000" catchup-id="crid:~~2F~~2Fgn.tv~~2F22616793~~2FSH043897970000~~2F143697287,imi:e4ed1400130f08e4448812b92ffafa3e810ff328"><title>Stress Relief</title><date></date><icon src="https://staticqbr-nl-prod.prod.cdn.dmdsdp.com/image-service/ImagesEPG/EventImages/p22616793_st_v8_aa.jpg"></icon><desc>Cherry Kiss smeert hem in, raakt hem overal aan waar hij wil en neemt hem mee op een reis van volledige ontspanning naar schreeuwende extase.</desc><category>Erotiek, Erotisch</category></programme><programme channel="lgi-nl-prod-master:NL_000174_019311" start="20221018234100 +0000" stop="20221019000600 +0000" catchup-id="crid:~~2F~~2Fgn.tv~~2F21249263~~2FMV017675110000,imi:3ed4ad8a1f87f21ba4692e1231ff23ede62c604e"><title>Summer Heat</title><date></date><icon src="https://staticqbr-nl-prod.prod.cdn.dmdsdp.com/image-service/ImagesEPG/EventImages/p21249263_st_v8_aa.jpg"></icon><desc>Op vakantie zijn heeft iets dat je libido verhoogt. Het gevoel van vrijheid en ontspanning kan een avontuurlijke kant in je naar boven halen. Ook de knappe mensen in deze film raken bevangen door de sensuele zomerse hitte.</desc><category>Erotiek, Film, Erotisch</category></programme><programme channel="lgi-nl-prod-master:NL_000174_019311" start="20221019000600 +0000" stop="20221019002300 +0000" catchup-id="crid:~~2F~~2Fgn.tv~~2F13694957~~2FMV015237710000,imi:ba4878fb6edc4f9506933ede4b3feb50d4a3b5cd"><title>Win A Date With Sofia Blake</title><date></date><icon src="https://staticqbr-nl-prod.prod.cdn.dmdsdp.com/image-service/ImagesEPG/EventImages/p13694957_st_v8_ad.jpg"></icon><desc>Hollywood actrice Sofia Blake heeft de slechtste dag van haar leven en de paparazzi heeft besloten het overal te delen. Ze probeert haar imago en carrière te redden.</desc><category>Erotiek, Film, Erotisch</category></programme><programme channel="lgi-nl-prod-master:NL_000174_019311" start="20221019002300 +0000" stop="20221019005600 +0000" catchup-id="crid:~~2F~~2Fgn.tv~~2F23037255~~2FSH044724050000~~2Fspecial,imi:14ead6c6be4f17adaaa234e4ad5040aea1d77251"><title>The Roomservice</title><date></date><icon src="https://staticqbr-nl-prod.prod.cdn.dmdsdp.com/image-service/ImagesEPG/EventImages/p23037255_st_v8_aa.jpg"></icon><desc>Terwijl Anie zich aankleedt in haar hotelkamer, had ze nooit verwacht wat haar voor het ontbijt zou verassen. Ze heeft ineens een aantal andere kledingkeuzes te maken voor vanavond.</desc><category>Erotiek, Erotisch</category></programme><programme channel="lgi-nl-prod-master:NL_000174_019311" start="20221019005600 +0000" stop="20221019011900 +0000" catchup-id="crid:~~2F~~2Fgn.tv~~2F19442740~~2FMV015858540000,imi:204463c819e28156defd79222c4918591c0baf2c"><title>Secret S... Society 2</title><date></date><icon src="https://staticqbr-nl-prod.prod.cdn.dmdsdp.com/image-service/ImagesEPG/EventImages/p19442740_st_v8_aa.jpg"></icon><desc>Een mysterieuze uitnodiging geeft Emmy de kans om haar fantasie?n uit te leven. In The Game kun je iedereen zijn die je wilt, met wie je maar wilt, maar waar eindigt het echte leven en begint The Game?</desc><category>Erotiek, Film, Erotisch</category></programme><programme channel="lgi-nl-prod-master:NL_000174_019311" start="20221019011900 +0000" stop="20221019015200 +0000" catchup-id="crid:~~2F~~2Fgn.tv~~2F18786992~~2FMV014523980000,imi:3388db9ec4a2b6c7eeb6b3fa1535381ff8907853"><title>Jungleicious</title><date>2019</date><icon src="https://staticqbr-nl-prod.prod.cdn.dmdsdp.com/image-service/ImagesEPG/EventImages/p18786992_st_v8_aa.jpg"></icon><desc>In een droom loopt zij het bos in en ontmoet daar haar slapende liefde, die wacht op aanraking.</desc><category>Erotiek, Film, Erotisch</category></programme><programme channel="lgi-nl-prod-master:NL_000174_019311" start="20221019015200 +0000" stop="20221019021700 +0000" catchup-id="crid:~~2F~~2Fgn.tv~~2F21927042~~2FSH042558680000~~2Fspecial,imi:8b3a40fb309f121df562f3ed116aae4c54625041"><title>After A Night Out</title><date></date><icon src="https://staticqbr-nl-prod.prod.cdn.dmdsdp.com/image-service/ImagesEPG/EventImages/p21927042_st_v8_aa.jpg"></icon><desc>Jennifer vindt het heerlijk om genomen te worden als ze 's ochtends thuiskomt na een avondje uit.</desc><category>Erotiek, Erotisch</category></programme><programme channel="lgi-nl-prod-master:NL_000174_019311" start="20221019021700 +0000" stop="20221019024200 +0000" catchup-id="crid:~~2F~~2Fgn.tv~~2F21249263~~2FMV017675110000,imi:74044b1d6f7328bdba22c5913c995d2031fd0db8"><title>Summer Heat</title><date></date><icon src="https://staticqbr-nl-prod.prod.cdn.dmdsdp.com/image-service/ImagesEPG/EventImages/p21249263_st_v8_aa.jpg"></icon><desc>Op vakantie zijn heeft iets dat je libido verhoogt. Het gevoel van vrijheid en ontspanning kan een avontuurlijke kant in je naar boven halen. Ook de knappe mensen in deze film raken bevangen door de sensuele zomerse hitte.</desc><category>Erotiek, Film, Erotisch</category></programme><programme channel="lgi-nl-prod-master:NL_000174_019311" start="20221019024200 +0000" stop="20221019030400 +0000" catchup-id="crid:~~2F~~2Fgn.tv~~2F19822616~~2FSH038375570000~~2Fspecial,imi:5e7ab76c597361fc455ed172b1b119ee117abbdf"><title>Confessions Of A Sound Girl</title><date></date><icon src="https://staticqbr-nl-prod.prod.cdn.dmdsdp.com/image-service/ImagesEPG/EventImages/p19822616_st_v8_aa.jpg"></icon><desc>Ze werkt al een paar jaar op de pornoset als geluidsmeisje, maar nu mag ze een keer op bed.</desc><category>Erotiek, Erotisch</category></programme><programme channel="lgi-nl-prod-master:NL_000174_019311" start="20221019030400 +0000" stop="20221019031800 +0000" catchup-id="crid:~~2F~~2Fgn.tv~~2F13684493~~2FMV015733930000,imi:bffabac1735fd0184a7b574da3aa25b59bac6e29"><title>XConfessions</title><date>2016</date><icon src="https://staticqbr-nl-prod.prod.cdn.dmdsdp.com/image-service/ImagesEPG/EventImages/p13684493_st_v8_aa.jpg"></icon><desc>XConfessions is een project waarmee Erika Lust opnieuw de grenzen van de hedendaagse erotische cinema aftast. Boeiende personages, pikante onderwerpen, zinnenprikkelende taboes, elegante esthetiek en sensuele seks komen prachtig samen.</desc><category>Erotiek, Film, Erotisch</category></programme><programme channel="lgi-nl-prod-master:NL_000174_019311" start="20221019031800 +0000" stop="20221019034000 +0000" catchup-id="crid:~~2F~~2Fgn.tv~~2F14083553~~2FMV015262690000,imi:777778862a433cc14cc07ad9366ad3260643dcab"><title>Exposure</title><date>2017</date><icon src="https://staticqbr-nl-prod.prod.cdn.dmdsdp.com/image-service/ImagesEPG/EventImages/p14083553_st_v8_aa.jpg"></icon><desc>In een wereld waar koppels het liefst met hun telefoon spelen, gebruikt een vrouw haar technologische vaardigheden ten goede en duwt ze afgeleidde geliefden de slaapkamer in om hun wildste behoeften te bevredigen.</desc><category>Erotiek, Film, Erotisch</category></programme><programme channel="lgi-nl-prod-master:NL_000174_019311" start="20221019034000 +0000" stop="20221019040400 +0000" catchup-id="crid:~~2F~~2Fgn.tv~~2F18882294~~2FMV015259250000,imi:78e907531a57762781f26c99b2e02e245df7f363"><title>A... Adventure</title><date>2014</date><icon src="https://staticqbr-nl-prod.prod.cdn.dmdsdp.com/image-service/ImagesEPG/EventImages/p18882294_st_v8_aa.jpg"></icon><desc>Wat is er voor nodig om die fantastische seks te hebben die u zich de rest van uw leven zult herinneren? Deze mooie begerenswaardige koppels hebben veel zelfvertrouwen en hebben alle ervaring om je in trance te brengen.</desc><category>Erotiek, Film, Erotisch</category></programme><programme channel="lgi-nl-prod-master:NL_000174_019311" start="20221019040400 +0000" stop="20221019042600 +0000" catchup-id="crid:~~2F~~2Fgn.tv~~2F18780013~~2FMV014518770000,imi:0acd7270a0c17148c39892debde16245f2f3c9da"><title>A Sensual Touch</title><date>2015</date><icon src="https://staticqbr-nl-prod.prod.cdn.dmdsdp.com/image-service/ImagesEPG/EventImages/p18780013_st_v8_aa.jpg"></icon><desc>Iedere sensuele aanraking bouwt op naar een zinderend, explosief en bedwelmend orgasme.</desc><category>Erotiek, Film, Erotisch</category></programme><programme channel="lgi-nl-prod-master:NL_000174_019311" start="20221019042600 +0000" stop="20221019044700 +0000" catchup-id="crid:~~2F~~2Fgn.tv~~2F19046198~~2FSH036673990000~~2Fspecial,imi:1caa012bab7e2ff0216d1a3fc59cdaa030def54e"><title>Our Time</title><date></date><icon src="https://staticqbr-nl-prod.prod.cdn.dmdsdp.com/image-service/ImagesEPG/EventImages/p19046198_st_v8_aa.jpg"></icon><desc>Amirah en Matt genieten zo veel mogelijk van iedere seconde die ze met elkaar doorbrengen.</desc><category>Erotiek, Erotisch</category></programme><programme channel="lgi-nl-prod-master:NL_000174_019311" start="20221019044700 +0000" stop="20221019051600 +0000" catchup-id="crid:~~2F~~2Fgn.tv~~2F12723834~~2FMV015266060000,imi:d7d49a6202b3f5c2cac5d145c66c6b9ce4fe7541"><title>Forbidden Affairs 4</title><date>2016</date><icon src="https://staticqbr-nl-prod.prod.cdn.dmdsdp.com/image-service/ImagesEPG/EventImages/p12723834_st_v8_ac.jpg"></icon><desc>Hij is diep onder de indruk van de ongelooflijke knappe nieuwe vriendin van zijn zoon. En als ze met hem begint te flirten kan hij zich niet meer inhouden.</desc><category>Erotiek, Film, Erotisch</category></programme><programme channel="lgi-nl-prod-master:NL_000174_019311" start="20221019051600 +0000" stop="20221019054100 +0000" catchup-id="crid:~~2F~~2Fgn.tv~~2F18747125~~2FSH036067730000~~2Fspecial,imi:736236c03f96a81c9eb9069984322a5679e6e636"><title>Summer</title><date></date><icon src="https://staticqbr-nl-prod.prod.cdn.dmdsdp.com/image-service/ImagesEPG/EventImages/p18747125_st_v8_aa.jpg"></icon><desc>Er is geen betere verfrissing te midden van een hete en plakkerige zomerdag dan spelen met wat ijs voor een luchtige ventilator en veel goede seks hebben. Samen zorgt dit stelletje voor een intense hittegolf.</desc><category>Erotiek, Erotisch</category></programme><programme channel="lgi-nl-prod-master:NL_000174_019311" start="20221019054100 +0000" stop="20221019060800 +0000" catchup-id="crid:~~2F~~2Fgn.tv~~2F18887728~~2FMV015268300000,imi:a686a71ee58cbf803b4afe8c97106f85bd3cd6d7"><title>Sensuous Seduction</title><date></date><icon src="https://staticqbr-nl-prod.prod.cdn.dmdsdp.com/image-service/ImagesEPG/EventImages/p18887728_st_v8_aa.jpg"></icon><desc>Zwoele verleidingen in verschillende spannende situaties die tot de ultieme verbeelding spreken.</desc><category>Erotiek, Film, Erotisch</category></programme><programme channel="lgi-nl-prod-master:NL_000174_019311" start="20221019060800 +0000" stop="20221019062200 +0000" catchup-id="crid:~~2F~~2Fgn.tv~~2F13684493~~2FMV015733930000,imi:812343f8a55241017da33eaf73b1db7343c4e21a"><title>XConfessions</title><date>2016</date><icon src="https://staticqbr-nl-prod.prod.cdn.dmdsdp.com/image-service/ImagesEPG/EventImages/p13684493_st_v8_aa.jpg"></icon><desc>XConfessions is een project waarmee Erika Lust opnieuw de grenzen van de hedendaagse erotische cinema aftast. Boeiende personages, pikante onderwerpen, zinnenprikkelende taboes, elegante esthetiek en sensuele seks komen prachtig samen.</desc><category>Erotiek, Film, Erotisch</category></programme><programme channel="lgi-nl-prod-master:NL_000174_019311" start="20221019062200 +0000" stop="20221019063900 +0000" catchup-id="crid:~~2F~~2Fgn.tv~~2F15214212~~2FMV015292460000,imi:d6697b06f1c6fcb3b71a37bf91760ef2aa20d024"><title>The Guesthouse</title><date>2017</date><icon src="https://staticqbr-nl-prod.prod.cdn.dmdsdp.com/image-service/ImagesEPG/EventImages/p15214212_v_v12_aa.jpg"></icon><desc>Ergens verstopt op het Spaanse platteland is er een pensionnetje waar de bezoekers genieten van meer dan alleen de zon op hun lichaam. Kom alleen, kom met een vriend, maar zorg dat je komt. Lesbische porna van Joybear.</desc><category>Erotiek, Film, Erotisch</category></programme><programme channel="lgi-nl-prod-master:NL_000174_019311" start="20221019063900 +0000" stop="20221019071000 +0000" catchup-id="crid:~~2F~~2Fgn.tv~~2F18632326~~2FMV014376590000,imi:3fb8f910d5b224677cd375e2f7e628d2cd219815"><title>A Girl Knows</title><date>2015</date><icon src="https://staticqbr-nl-prod.prod.cdn.dmdsdp.com/image-service/ImagesEPG/EventImages/p18632326_st_v8_aa.jpg"></icon><desc>Deze schattige meiden weten precies wat ze van elkaar willen en handelen ernaar.</desc><category>Erotiek, Film, Erotisch</category></programme><programme channel="lgi-nl-prod-master:NL_000174_019311" start="20221019071000 +0000" stop="20221019073500 +0000" catchup-id="crid:~~2F~~2Fgn.tv~~2F18895156~~2FMV015953390000,imi:1dc7fd47bd762371ef83e22cf8e9213e692e7035"><title>Candy Unlocked</title><date>2020</date><icon src="https://staticqbr-nl-prod.prod.cdn.dmdsdp.com/image-service/ImagesEPG/EventImages/p18895156_st_v8_aa.jpg"></icon><desc>Candy Alexa belt aan bij een mysterieuze woning en wordt welkom geheten met een cocktail. Even twijfelt ze of ze op het juiste adres is. Haar twijfel maakt echter snel plaats voor opwinding als blijkt dat ze midden in een seksueel avontuur is beland.</desc><category>Erotiek, Film, Erotisch</category></programme><programme channel="lgi-nl-prod-master:NL_000174_019311" start="20221019073500 +0000" stop="20221019075700 +0000" catchup-id="crid:~~2F~~2Fgn.tv~~2F22819771~~2FSH044319410000~~2F144168363,imi:2777f88b4ee91335f87f0109e4356e3da3fbd422"><title>Try My Massage</title><date></date><icon src="https://staticqbr-nl-prod.prod.cdn.dmdsdp.com/image-service/ImagesEPG/EventImages/p22819771_st_v8_aa.jpg"></icon><desc>Een super ontspannende full body massage door de mooie Paula Shy. Wie wil er nu niet op haar tafel gaan liggen?</desc><category>Erotiek, Erotisch</category></programme><programme channel="lgi-nl-prod-master:NL_000174_019311" start="20221019075700 +0000" stop="20221019081200 +0000" catchup-id="crid:~~2F~~2Fgn.tv~~2F16740608~~2FMV014523930000,imi:e883fea7cde45b48ef432468915a82593e772b6c"><title>It's Complicated</title><date>2016</date><icon src="https://staticqbr-nl-prod.prod.cdn.dmdsdp.com/image-service/ImagesEPG/EventImages/p16740608_st_v8_aa.jpg"></icon><desc>Shaune heeft een casual relatie met haar goede vriend Will, maar zit eigenlijk te wachten tot ze haar crush durft te benaderen. Een uitnodiging voor een brulloft geeft haar hier de ultieme kans voor.</desc><category>Erotiek, Film, Erotisch</category></programme><programme channel="lgi-nl-prod-master:NL_000174_019311" start="20221019081200 +0000" stop="20221019083000 +0000" catchup-id="crid:~~2F~~2Fgn.tv~~2F21818995~~2FMV018070640000,imi:158a6cbea90d2cfb6eab8a2596ae107c07f14e8d"><title>Spangarian</title><date></date><icon src="https://staticqbr-nl-prod.prod.cdn.dmdsdp.com/image-service/ImagesEPG/EventImages/p21818995_st_v8_aa.jpg"></icon><desc>Sicilia verveelt zich een beetje, en om dat op te lossen besluit ze Spaanse les te geven. Haar eerste studente is Kiara Lord, een mooie blondine die de verleidelijke Sicilia wel ziet zitten.</desc><category>Erotiek, Film, Erotisch</category></programme><programme channel="lgi-nl-prod-master:NL_000174_019311" start="20221019083000 +0000" stop="20221019084800 +0000" catchup-id="crid:~~2F~~2Fgn.tv~~2F12617524~~2FMV014521530000,imi:31b1b295a791402d3262a84f49a65776b6478a28"><title>Delilah's Top Tips</title><date>2016</date><icon src="https://staticqbr-nl-prod.prod.cdn.dmdsdp.com/image-service/ImagesEPG/EventImages/p12617524_st_v8_ac.jpg"></icon><desc>Delilah heeft een heel bijzonder beroep. Zij lost problemen op, intieme problemen. Iedere brief die zij ontvangt beschrijft een ander dilemma. Maar kan ze ook haar eigen seksuele behoeftes bevredigen? Een Joybear film.</desc><category>Erotiek, Film, Erotisch</category></programme><programme channel="lgi-nl-prod-master:NL_000174_019311" start="20221019084800 +0000" stop="20221019091800 +0000" catchup-id="crid:~~2F~~2Fgn.tv~~2F13264440~~2FMV015268420000,imi:cac64a5afd12ea03eaae5c1876acd1715c3c82d7"><title>Sex, Sinners and Saints</title><date>2016</date><icon src="https://staticqbr-nl-prod.prod.cdn.dmdsdp.com/image-service/ImagesEPG/EventImages/p13264440_st_v8_aa.jpg"></icon><desc>De kerk is er niet alleen om de zonden opbiechten, maar ook om zinderende seks in te hebben. Deze stellen zondigen in prachtige kerkjes, kreunen hun eigen versie van Ave Maria en genieten bovendien van hemelse orgasmes.</desc><category>Erotiek, Film, Erotisch</category></programme><programme channel="lgi-nl-prod-master:NL_000174_019311" start="20221019091800 +0000" stop="20221019094200 +0000" catchup-id="crid:~~2F~~2Fgn.tv~~2F22502462~~2FSH043641260000~~2Fspecial,imi:ddfe8feb1ad38333ba0c727c600209a800efe679"><title>X-Mass</title><date></date><icon src="https://staticqbr-nl-prod.prod.cdn.dmdsdp.com/image-service/ImagesEPG/EventImages/p22502462_st_v8_aa.jpg"></icon><desc>Een van de beste manieren om van de feestdagen te genieten is door een heerlijke ontspannende massage te ondergaan. Deze hete masseur is tot alles bereid om zijn klanten naar een absolute piek te brengen.</desc><category>Erotiek, Erotisch</category></programme><programme channel="lgi-nl-prod-master:NL_000174_019311" start="20221019094200 +0000" stop="20221019100800 +0000" catchup-id="crid:~~2F~~2Fgn.tv~~2F11984333~~2FMV018469970000,imi:48ab5d195eb836bcbed59ac694874b3347f7a8b9"><title>Cute Couples</title><date>2015</date><icon src="https://staticqbr-nl-prod.prod.cdn.dmdsdp.com/image-service/ImagesEPG/EventImages/p11984333_st_v8_aa.jpg"></icon><desc>Prachtige geliefden verkennen elkaars lichamen op een comfortabele stoel in zijn studio-appartement.</desc><category>Erotiek, Film, Erotisch</category></programme><programme channel="lgi-nl-prod-master:NL_000174_019311" start="20221019100800 +0000" stop="20221019101500 +0000" catchup-id="crid:~~2F~~2Fgn.tv~~2F18953970~~2FMV015324580000,imi:3916230443921d05d6d16a355c3e731286e5f29e"><title>Bad Sometimes</title><date>2016</date><icon src="https://staticqbr-nl-prod.prod.cdn.dmdsdp.com/image-service/ImagesEPG/EventImages/p18953970_st_v8_aa.jpg"></icon><desc>Na het veelgeprezen succes van zijn eerste film verrast Lara Tinelli ons met een compleet andere en transgressieve film terwijl ze trouw blijft aan haar overtuigingen: het belang van vrouwen en hun seksualiteit.</desc><category>Erotiek, Film, Erotisch</category></programme><programme channel="lgi-nl-prod-master:NL_000174_019311" start="20221019101500 +0000" stop="20221019103700 +0000" catchup-id="crid:~~2F~~2Fgn.tv~~2F21249263~~2FMV017675110000,imi:130c8de463e9b7d81604322e84b4b44b26271b10"><title>Summer Heat</title><date></date><icon src="https://staticqbr-nl-prod.prod.cdn.dmdsdp.com/image-service/ImagesEPG/EventImages/p21249263_st_v8_aa.jpg"></icon><desc>Op vakantie zijn heeft iets dat je libido verhoogt. Het gevoel van vrijheid en ontspanning kan een avontuurlijke kant in je naar boven halen. Ook de knappe mensen in deze film raken bevangen door de sensuele zomerse hitte.</desc><category>Erotiek, Film, Erotisch</category></programme><programme channel="lgi-nl-prod-master:NL_000174_019311" start="20221019103700 +0000" stop="20221019105900 +0000" catchup-id="crid:~~2F~~2Fgn.tv~~2F18632326~~2FMV014376590000,imi:11c031286691f9b8198ece51c5d0e44f00ae1cd6"><title>A Girl Knows</title><date>2015</date><icon src="https://staticqbr-nl-prod.prod.cdn.dmdsdp.com/image-service/ImagesEPG/EventImages/p18632326_st_v8_aa.jpg"></icon><desc>Deze schattige meiden weten precies wat ze van elkaar willen en handelen ernaar.</desc><category>Erotiek, Film, Erotisch</category></programme><programme channel="lgi-nl-prod-master:NL_000174_019311" start="20221019105900 +0000" stop="20221019113600 +0000" catchup-id="crid:~~2F~~2Fgn.tv~~2F18786466~~2FMV014522310000,imi:b494dee634645e6f08b5408fed0d22482b5577ca"><title>Girls Crush</title><date>2020</date><icon src="https://staticqbr-nl-prod.prod.cdn.dmdsdp.com/image-service/ImagesEPG/EventImages/p18786466_st_v8_aa.jpg"></icon><desc>Ze hebben stiekem een oogje op hun beste vriendin en hopen dat het wederzijds is.</desc><category>Erotiek, Film, Erotisch</category></programme><programme channel="lgi-nl-prod-master:NL_000174_019311" start="20221019113600 +0000" stop="20221019115800 +0000" catchup-id="crid:~~2F~~2Fgn.tv~~2F21826352~~2FSH042359530000~~2Fspecial,imi:4ae2c0e1b18d46a9fad585b3b4e44c42d4dd8e4b"><title>The Devil Inside</title><date></date><icon src="https://staticqbr-nl-prod.prod.cdn.dmdsdp.com/image-service/ImagesEPG/EventImages/p21826352_st_v8_aa.jpg"></icon><desc>De hete Nickol heeft een duivels verlangen en weet precies wat haar kleine natte poesje nodig heeft.</desc><category>Erotiek, Erotisch</category></programme><programme channel="lgi-nl-prod-master:NL_000174_019311" start="20221019115800 +0000" stop="20221019122600 +0000" catchup-id="crid:~~2F~~2Fgn.tv~~2F20210756~~2FMV016693420000,imi:f2390549ea0367e9b4f4655d9949260621fa7c79"><title>Indecent Girls</title><date>2021</date><icon src="https://staticqbr-nl-prod.prod.cdn.dmdsdp.com/image-service/ImagesEPG/EventImages/p20210756_st_v8_aa.jpg"></icon><desc>Deze hete koppels verkennen hun seksleven en willen wat nieuwe dingen te proberen.</desc><category>Erotiek, Film, Erotisch</category></programme><programme channel="lgi-nl-prod-master:NL_000174_019311" start="20221019122600 +0000" stop="20221019124100 +0000" catchup-id="crid:~~2F~~2Fgn.tv~~2F18740089~~2FMV014479760000,imi:377399be7c5376a681093f73799958e837f97da3"><title>From The First Moment</title><date>2016</date><icon src="https://staticqbr-nl-prod.prod.cdn.dmdsdp.com/image-service/ImagesEPG/EventImages/p18740089_st_v8_aa.jpg"></icon><desc>Kira gaat trouwen met haar vriend en filmster, James. James krijgt het echter benauwd en laat haar bij het altaar staan. Kira is bang nooit over haar verdriet heen te komen. Tot ze Gavin ontmoet op een boerderij.</desc><category>Erotiek, Film, Erotisch</category></programme><programme channel="lgi-nl-prod-master:NL_000174_019311" start="20221019124100 +0000" stop="20221019130700 +0000" catchup-id="crid:~~2F~~2Fgn.tv~~2F21443374~~2FMV017814590000,imi:e8b45e2ae5e765aa827e158d429dfa1c27afc7bd"><title>XChimera</title><date></date><icon src="https://staticqbr-nl-prod.prod.cdn.dmdsdp.com/image-service/ImagesEPG/EventImages/p21443374_st_v8_aa.jpg"></icon><desc>In deze kinky scène voor en door koppels spelen mooie mannen en vrouwen spannende spelletjes.</desc><category>Erotiek, Film, Erotisch</category></programme><programme channel="lgi-nl-prod-master:NL_000174_019311" start="20221019130700 +0000" stop="20221019132500 +0000" catchup-id="crid:~~2F~~2Fgn.tv~~2F12617524~~2FMV014521530000,imi:0168fd95430d4f6859768910c7be97ef8162eec7"><title>Delilah's Top Tips</title><date>2016</date><icon src="https://staticqbr-nl-prod.prod.cdn.dmdsdp.com/image-service/ImagesEPG/EventImages/p12617524_st_v8_ac.jpg"></icon><desc>Delilah heeft een heel bijzonder beroep. Zij lost problemen op, intieme problemen. Iedere brief die zij ontvangt beschrijft een ander dilemma. Maar kan ze ook haar eigen seksuele behoeftes bevredigen? Een Joybear film.</desc><category>Erotiek, Film, Erotisch</category></programme><programme channel="lgi-nl-prod-master:NL_000174_019311" start="20221019132500 +0000" stop="20221019135100 +0000" catchup-id="crid:~~2F~~2Fgn.tv~~2F22256356~~2FMV018379430000,imi:47fe124762cdefd46d8293e51a7fb0533e25ae9a"><title>Colors Of Sin</title><date>2021</date><icon src="https://staticqbr-nl-prod.prod.cdn.dmdsdp.com/image-service/ImagesEPG/EventImages/p22256356_st_v8_aa.jpg"></icon><desc>Een gedurfde combinatie van kunst en porno. Mimi verleidt de butler in een gele wereld, Lady Gang krijgt een bezoekje in een roze gevangenis en Angelica's verpakking wordt geopend door Lutro, die zijn vingers onder haar groene jurk laat glijden.</desc><category>Erotiek, Film, Erotisch</category></programme><programme channel="lgi-nl-prod-master:NL_000174_019311" start="20221019135100 +0000" stop="20221019141900 +0000" catchup-id="crid:~~2F~~2Fgn.tv~~2F17500973~~2FMV016816310000,imi:d872b67708f1203022efa972ede223896d528727"><title>The White Boxxx 1</title><date>2018</date><icon src="https://staticqbr-nl-prod.prod.cdn.dmdsdp.com/image-service/ImagesEPG/EventImages/p17500973_st_v8_ab.jpg"></icon><desc>De dames betreden beiden de witte doos, gekleed in lingerie, ze zijn er klaar voor.</desc><category>Erotiek, Film, Erotisch</category></programme><programme channel="lgi-nl-prod-master:NL_000174_019311" start="20221019141900 +0000" stop="20221019144500 +0000" catchup-id="crid:~~2F~~2Fgn.tv~~2F22773330~~2FSH044216970000~~2F144168381,imi:90b8cd0ead2dd7e9e0edadf369aa9db275eb5bd4"><title>Hunks &amp; Hotties</title><date></date><icon src="https://staticqbr-nl-prod.prod.cdn.dmdsdp.com/image-service/ImagesEPG/EventImages/p22773330_st_v8_aa.jpg"></icon><desc>Deze twee geliefden zijn lief en sensueel, maar als het op hun vrijen aankomt, laten ze zichzelf helemaal gaan.</desc><category>Erotiek, Erotisch</category></programme><programme channel="lgi-nl-prod-master:NL_000174_019311" start="20221019144500 +0000" stop="20221019150600 +0000" catchup-id="crid:~~2F~~2Fgn.tv~~2F8125551~~2FMV015300880000,imi:255f4a82ad84d05ced73dc0b5500bf8af3b4d769"><title>Tease</title><date>2008</date><icon src="https://staticqbr-nl-prod.prod.cdn.dmdsdp.com/image-service/ImagesEPG/EventImages/p8125551_st_v8_aa.jpg"></icon><desc>Ava Rose staat synoniem voor verleiding, maar dat wist je waarschijnlijk al. Geniet mee met de passionele Ava Rose als ze zich amuseert met enkele van haar bloedhete vriendinnen, en hun mannen ophitst met het showen van haar lichaam in de meest sensuele lingerie.</desc><category>Erotiek, Film, Erotisch</category></programme><programme channel="lgi-nl-prod-master:NL_000174_019311" start="20221019150600 +0000" stop="20221019152100 +0000" catchup-id="crid:~~2F~~2Fgn.tv~~2F13684493~~2FMV015733930000,imi:764785d42376292bd8a795ba1755f563e9b8e5e0"><title>XConfessions</title><date>2016</date><icon src="https://staticqbr-nl-prod.prod.cdn.dmdsdp.com/image-service/ImagesEPG/EventImages/p13684493_st_v8_aa.jpg"></icon><desc>XConfessions is een project waarmee Erika Lust opnieuw de grenzen van de hedendaagse erotische cinema aftast. Boeiende personages, pikante onderwerpen, zinnenprikkelende taboes, elegante esthetiek en sensuele seks komen prachtig samen.</desc><category>Erotiek, Film, Erotisch</category></programme><programme channel="lgi-nl-prod-master:NL_000174_019311" start="20221019152100 +0000" stop="20221019154600 +0000" catchup-id="crid:~~2F~~2Fgn.tv~~2F13618408~~2FMV015292770000,imi:64fb6826ff8ce340e6068e60bcc9fa7ac57d3c7d"><title>Sun Stroke</title><date>2016</date><icon src="https://staticqbr-nl-prod.prod.cdn.dmdsdp.com/image-service/ImagesEPG/EventImages/p13618408_st_v8_aa.jpg"></icon><desc>Wanneer een internationale DJ ontsnapping zoekt, is de Spaanse villa van zijn baas de perfecte locatie. Zijn focus ligt volledig op zijn muziek, tot de onaangekondigde komst van het verleidelijke nichtje van zijn baas en haar flirterige vrienden.</desc><category>Erotiek, Film, Erotisch</category></programme><programme channel="lgi-nl-prod-master:NL_000174_019311" start="20221019154600 +0000" stop="20221019160700 +0000" catchup-id="crid:~~2F~~2Fgn.tv~~2F19083597~~2FMV015457600000,imi:6984500ef5eba0199f531431319816388b438d62"><title>Sexy And Sensual 2</title><date></date><icon src="https://staticqbr-nl-prod.prod.cdn.dmdsdp.com/image-service/ImagesEPG/EventImages/p19083597_st_v8_aa.jpg"></icon><desc>Deze koppels zijn sensueel en ondeugend en delen hun romantische escapades maar al te graag.</desc><category>Erotiek, Film, Erotisch</category></programme><programme channel="lgi-nl-prod-master:NL_000174_019311" start="20221019160700 +0000" stop="20221019164300 +0000" catchup-id="crid:~~2F~~2Fgn.tv~~2F18786940~~2FMV014523870000,imi:0cc76beaf370cd163bc4441537a72b2826dc2b02"><title>In The Limelight 1</title><date></date><icon src="https://staticqbr-nl-prod.prod.cdn.dmdsdp.com/image-service/ImagesEPG/EventImages/p18786940_st_v8_aa.jpg"></icon><desc>Deze dames vinden het heerlijk om een even in de schijnwerpers gezet te worden door hun aanbidders.</desc><category>Erotiek, Film, Erotisch</category></programme><programme channel="lgi-nl-prod-master:NL_000174_019311" start="20221019164300 +0000" stop="20221019170700 +0000" catchup-id="crid:~~2F~~2Fgn.tv~~2F11580213~~2FMV015262720000,imi:f5b7febcb5b69cbd348adc9bb404f4a0bab2c4c9"><title>Fantasies Come True 2</title><date>2014</date><icon src="https://staticqbr-nl-prod.prod.cdn.dmdsdp.com/image-service/ImagesEPG/EventImages/p11580213_st_v8_aa.jpg"></icon><desc>Vijf erotische sequenties vinden onder andere plaats in een dansstudio en in een boksarena.</desc><category>Erotiek, Film, Erotisch</category></programme><programme channel="lgi-nl-prod-master:NL_000174_019311" start="20221019170700 +0000" stop="20221019173400 +0000" catchup-id="crid:~~2F~~2Fgn.tv~~2F13126466~~2FMV015266450000,imi:47925574b7bd8417915ffd9ce25f4fac020348e1"><title>Mother-Daughter Affair 2</title><date>2015</date><icon src="https://staticqbr-nl-prod.prod.cdn.dmdsdp.com/image-service/ImagesEPG/EventImages/p13126466_st_v8_aa.jpg"></icon><desc>Chloe kan het haar moeder maar niet vergeven dat ze haar vader heeft verlaten voor een sexy jongere man, maar een bezoekje aan een aantrekkelijke oudere psychiater helpt haar daar op meerdere manieren mee omgaan.</desc><category>Erotiek, Film, Erotisch</category></programme><programme channel="lgi-nl-prod-master:NL_000174_019311" start="20221019173400 +0000" stop="20221019174900 +0000" catchup-id="crid:~~2F~~2Fgn.tv~~2F18745612~~2FSH036062180000~~2Fspecial,imi:daee777a4f30b367809914948fd406a2e3d5fdee"><title>Thr3e</title><date></date><icon src="https://staticqbr-nl-prod.prod.cdn.dmdsdp.com/image-service/ImagesEPG/EventImages/p18745612_st_v8_aa.jpg"></icon><desc>Silvia Rubi, David Santos en Gabe Tonic hebben een gepassioneerd samensmeltend trio.</desc><category>Erotiek, Erotisch</category></programme><programme channel="lgi-nl-prod-master:NL_000174_019311" start="20221019174900 +0000" stop="20221019181400 +0000" catchup-id="crid:~~2F~~2Fgn.tv~~2F13435505~~2FMV015268560000,imi:863494f70729118bf086a0c0475c3ddae8d0807d"><title>Special Moments</title><date>2016</date><icon src="https://staticqbr-nl-prod.prod.cdn.dmdsdp.com/image-service/ImagesEPG/EventImages/p13435505_st_v8_aa.jpg"></icon><desc>De meest sensuele momenten uit de erotische paringsdans die het moderne daten is geworden.</desc><category>Erotiek, Film, Erotisch</category></programme><programme channel="lgi-nl-prod-master:NL_000174_019311" start="20221019181400 +0000" stop="20221019182600 +0000" catchup-id="crid:~~2F~~2Fgn.tv~~2F13684493~~2FMV015733930000,imi:0db7b69bcd6e2b7538d5652a77779bbf5d0d43ff"><title>XConfessions</title><date>2016</date><icon src="https://staticqbr-nl-prod.prod.cdn.dmdsdp.com/image-service/ImagesEPG/EventImages/p13684493_st_v8_aa.jpg"></icon><desc>XConfessions is een project waarmee Erika Lust opnieuw de grenzen van de hedendaagse erotische cinema aftast. Boeiende personages, pikante onderwerpen, zinnenprikkelende taboes, elegante esthetiek en sensuele seks komen prachtig samen.</desc><category>Erotiek, Film, Erotisch</category></programme><programme channel="lgi-nl-prod-master:NL_000174_019311" start="20221019182600 +0000" stop="20221019184900 +0000" catchup-id="crid:~~2F~~2Fgn.tv~~2F18925862~~2FMV015295460000,imi:47cd8cfaa0c5878c5f0b89b384f6fadef2e63930"><title>Housemates 3</title><date>2019</date><icon src="https://staticqbr-nl-prod.prod.cdn.dmdsdp.com/image-service/ImagesEPG/EventImages/p18925862_st_v8_aa.jpg"></icon><desc>Nadat ze 's ochtends ontkoppeld zijn hebben ze de beste sex ooit in goed gezelschap.</desc><category>Erotiek, Film, Erotisch</category></programme><programme channel="lgi-nl-prod-master:NL_000174_019311" start="20221019184900 +0000" stop="20221019190800 +0000" catchup-id="crid:~~2F~~2Fgn.tv~~2F21887175~~2FSH042473880000~~2Fspecial,imi:f413d8ed214dc9430449a9e1bd8753518c3ed56e"><title>The Squirter</title><date></date><icon src="https://staticqbr-nl-prod.prod.cdn.dmdsdp.com/image-service/ImagesEPG/EventImages/p21887175_st_v8_aa.jpg"></icon><desc>Sicilia nodigt haar oude middelbare schoolvriendin Carolina uit voor een weekendje Barcelona. Ze mochten elkaar al een hele tijd, maar konden niet eerder toegeven aan hun stiekeme verlangens. Sicilia is vastbesloten: nu zal ze haar echt hebben.</desc><category>Erotiek, Erotisch</category></programme><programme channel="lgi-nl-prod-master:NL_000174_019311" start="20221019190800 +0000" stop="20221019193900 +0000" catchup-id="crid:~~2F~~2Fgn.tv~~2F16449606~~2FMV014288420000,imi:b9b2927a9b28bba1ef56fa90fe2fdc6aeff20b43"><title>Wet</title><date>2017</date><icon src="https://staticqbr-nl-prod.prod.cdn.dmdsdp.com/image-service/ImagesEPG/EventImages/p16449606_st_v8_ad.jpg"></icon><desc>Sinful koppels genieten van seks als het regent. Zo werken ze hun bucketlists af.</desc><category>Erotiek, Film, Erotisch</category></programme><programme channel="lgi-nl-prod-master:NL_000174_019311" start="20221019193900 +0000" stop="20221019195900 +0000" catchup-id="crid:~~2F~~2Fgn.tv~~2F22819759~~2FSH044319370000~~2F144168395,imi:f1260a18531d7db77ea1b97a6675894a3e80225d"><title>Hang On Tight</title><date></date><icon src="https://staticqbr-nl-prod.prod.cdn.dmdsdp.com/image-service/ImagesEPG/EventImages/p22819759_st_v8_aa.jpg"></icon><desc>Zonder een kant op te kunnen wordt Sabrisse te grazen genomen door de verschrikkelijk sexy Caprice.</desc><category>Erotiek, Erotisch</category></programme><programme channel="lgi-nl-prod-master:NL_000174_019311" start="20221019195900 +0000" stop="20221019212000 +0000" catchup-id="crid:~~2F~~2Fgn.tv~~2F12501813~~2FMV015295360000,imi:5090ab2ead02f2916c5dd7045c7452aebbe8ab1a"><title>Girlfriends</title><date>2015</date><icon src="https://staticqbr-nl-prod.prod.cdn.dmdsdp.com/image-service/ImagesEPG/EventImages/p12501813_st_v8_aa.jpg"></icon><desc>Jamie vertelt haar familie dat ze op vrouwen valt en daar reageren ze niet al te best op.</desc><category>Erotiek, Film, Erotisch</category></programme><programme channel="lgi-nl-prod-master:NL_000174_019311" start="20221019212000 +0000" stop="20221019231200 +0000" catchup-id="crid:~~2F~~2Fgn.tv~~2F18786577~~2FMV014522880000,imi:efc3679e8e650e684c158880d0851b29850f4b0e"><title>He Loves To Watch</title><date>2020</date><icon src="https://staticqbr-nl-prod.prod.cdn.dmdsdp.com/image-service/ImagesEPG/EventImages/p18786577_st_v8_aa.jpg"></icon><desc>Deze mannen vinden het heerlijk om toe te kijken terwijl de dromen van hun vrouwen uitkomen.</desc><category>Erotiek, Film, Erotisch</category></programme>