<programme channel="lgi-nl-prod-master:NL_000024_019701" start="20221019220000 +0000" stop="20221019230000 +0000" catchup-id="crid:~~2F~~2Fgn.tv~~2F18260931~~2FEP032762670010,imi:38157403847bda01f45f4cbdfe536620903a66a0"><title>Gordon Ramsay: Uncharted</title><date>2020</date><icon src="https://staticqbr-nl-prod.prod.cdn.dmdsdp.com/image-service/ImagesEPG/EventImages/p18260922_b_v11_ac.jpg"></icon><desc>Chef-kok Ramsay maakt in de wildernis van KwaZulu-Natal kennis met de iconische dieren van Zuid-Afrika, terwijl hij leert over de traditionele keuken van Zoeloekrijgers. Daarnaast verzamelt hij mosselen langs de rotsachtige kust om mee te koken.</desc><category>Reality, Culinair, Reizen, Avontuur</category></programme>