<programme channel="lgi-nl-prod-master:NL_000124_019487" start="20221019220800 +0000" stop="20221019231200 +0000" catchup-id="crid:~~2F~~2Fgn.tv~~2F19357787~~2FSH037470050000~~2Fspecial,imi:c99eee1b0c244de00aee1f618013b69ab7274a22"><title>Matthias Tanzmann: Arenele Romane - Bucharest (Romania)</title><date></date><icon src=""></icon><desc>Straight from his Moon Harbour label night at Sonar, Matthias Tanzmann touches down in Bucharest to headline Nights.ro 11 year anniversary party. And he truly rocks it with his very own blend of groovy, funky, body moving house jams. Circa 2012.</desc><category>Muziek</category></programme>