<programme channel="lgi-nl-prod-master:NL_000115_019447" start="20221019220000 +0000" stop="20221019230000 +0000" catchup-id="crid:~~2F~~2Fgn.tv~~2F186409~~2FSH012856890000~~2F134708794,imi:89367db41667659fa40e7b0465f0589b7092a6d5"><title>The Situation Room With Wolf Blitzer</title><date></date><icon src="https://staticqbr-nl-prod.prod.cdn.dmdsdp.com/image-service/ImagesEPG/EventImages/p186409_b_v8_ad.jpg"></icon><desc>Anchor Wolf Blitzer invites CNN correspondents, analysts and guests for timely coverage of the day's news events. Patterned after the concept of the White House Situation Room, the Monday-Saturday show is a discussion forum often with opposing sides debating current national affairs.</desc><category>Nieuws, Interview, Politiek</category></programme>