<programme channel="lgi-nl-prod-master:NL_000022_019328" start="20221019223500 +0000" stop="20221019233500 +0000" catchup-id="crid:~~2F~~2Fgn.tv~~2F11640609~~2FEP027620670034,imi:87c1edba7206685d25fe582a1a77d41806ebf2cb"><title>DCI Banks</title><date>2015</date><icon src="https://staticqbr-nl-prod.prod.cdn.dmdsdp.com/image-service/ImagesEPG/EventImages/p11531131_b_v7_aa.jpg"></icon><desc>Morton doet er alles aan om de goedkeuring van Banks te heroveren en ontdekt dat Hexton de biologische vader is van de vermoorde student Josh.</desc><category>Misdaaddrama, Mysterie</category></programme>