<programme channel="lgi-nl-prod-master:NL_000215_020005" start="20221019220200 +0000" stop="20221019230600 +0000" catchup-id="crid:~~2F~~2Fgn.tv~~2F11189283~~2FSH043612030000~~2F139640440,imi:3831b0fdaa64d7772b9816926cf72845e246b36c"><title>Seizoenen</title><date></date><icon src="https://staticqbr-nl-prod.prod.cdn.dmdsdp.com/image-service/ImagesEPG/EventImages/p11189283_b_v8_ad.jpg"></icon><desc>Ducktv presenteert speciale seizoensgebonden afleveringen van diverse series. De shows van de seizoenen bevorderen seizoensgebonden activiteiten, versterken de identificatie van seizoensgebonden kenmerken en leren over de cycli van de natuur.</desc><category>Kinderen, Educatie</category></programme>