<programme channel="lgi-nl-prod-master:NL_000176_019308" start="20221019225700 +0000" stop="20221020002400 +0000" catchup-id="crid:~~2F~~2Fgn.tv~~2F18970784~~2FMV015342070000,imi:480b649719304d80edb8c4cd5fb059e856b9ba45"><title>Horned Up</title><date></date><icon src="https://staticqbr-nl-prod.prod.cdn.dmdsdp.com/image-service/ImagesEPG/EventImages/g40_v8_ab.jpg"></icon><desc>In the mood for some hardcore, bareback, guy on guy action? Check out these Horned Up lads. Four awesome scenes featuring super-hot boys await in this treasure.</desc><category>Erotiek, Film, Erotisch</category></programme>