<programme channel="lgi-nl-prod-master:NL_000116_019005" start="20221019220000 +0000" stop="20221019223000 +0000" catchup-id="crid:~~2F~~2Fgn.tv~~2F8702243~~2FSH014251470000~~2F143600383,imi:39642720290a14695e7dcbf9b8493cb4d0faa0d9"><title>Newsday</title><date></date><icon src="https://staticqbr-nl-prod.prod.cdn.dmdsdp.com/image-service/ImagesEPG/EventImages/p8702243_b_v8_ae.jpg"></icon><desc>The latest international news from London and Singapore.</desc><category>Nieuws</category></programme><programme channel="lgi-nl-prod-master:NL_000116_019005" start="20221019223000 +0000" stop="20221019224500 +0000" catchup-id="crid:~~2F~~2Fgn.tv~~2F576711~~2FSH014251220000~~2F143600384,imi:7e70c4b6ae75debc37a31f88aa561a7200f966bf"><title>Asia Business Report</title><date></date><icon src="https://staticqbr-nl-prod.prod.cdn.dmdsdp.com/image-service/ImagesEPG/EventImages/p576711_b_v11_ac.jpg"></icon><desc>An examination of essential business news as well as news that shapes the business day across Asia and the world.</desc><category>Business &amp; Financial, Nieuws</category></programme><programme channel="lgi-nl-prod-master:NL_000116_019005" start="20221019224500 +0000" stop="20221019230000 +0000" catchup-id="crid:~~2F~~2Fgn.tv~~2F290509~~2FSH012736960000~~2F143600385,imi:4af3431184a3c02375e359ff73fc014e587000a6"><title>Sport Today</title><date></date><icon src="https://staticqbr-nl-prod.prod.cdn.dmdsdp.com/image-service/ImagesEPG/EventImages/p290509_b_v8_ai.jpg"></icon><desc>A look at all the latest action and sporting news, analysis, interviews and results from around the globe.</desc><category>Sporttalkshow</category></programme>