<programme channel="lgi-nl-prod-master:NL_000126_019486" start="20221019220000 +0000" stop="20221019230000 +0000" catchup-id="crid:~~2F~~2Fgn.tv~~2F8013479~~2FSH042784830000~~2Fspecial,imi:df80d3562dbadb1c01b66a592370a42babdf30cd"><title>MTV Top 20</title><date></date><icon src="https://staticqbr-nl-prod.prod.cdn.dmdsdp.com/image-service/ImagesEPG/EventImages/p8013479_b_v8_aa.jpg"></icon><desc>Een thematische countdown met de MTV top twintig van de beste muziek aller tijden.</desc><category>Muziek, Variété</category></programme>