<programme channel="lgi-nl-prod-master:NL_000030_019152" start="20221019220300 +0000" stop="20221020000200 +0000" catchup-id="crid:~~2F~~2Fgn.tv~~2F15692649~~2FEP034379930002,imi:dd7e8ad39c3a048af3f9fb9ded9747596ab1607a"><title>Jack Irish</title><date>2018</date><icon src="https://staticqbr-nl-prod.prod.cdn.dmdsdp.com/image-service/ImagesEPG/EventImages/p15692645_b_v8_aa.jpg"></icon><desc>Jack Irish was een strafrechtadvocaat totdat zijn leven implodeerde, hij in een depressie belande en alcoholist werd. Nu werkt hij als parttime-detective.</desc><category>Dramaseries, Actie</category></programme>