<programme channel="lgi-nl-prod-master:NL_000155_020073" start="20221019220000 +0000" stop="20221019230000 +0000" catchup-id="crid:~~2F~~2Fgn.tv~~2F22729109~~2FEP042198820127,imi:7134279c0e6ed5381a02c0fd08aa3768c1758a67"><title>Crime Patrol 2.0</title><date>2022</date><icon src="https://staticqbr-nl-prod.prod.cdn.dmdsdp.com/image-service/ImagesEPG/EventImages/p21745341_b_v8_ab.jpg"></icon><desc>Presenting re-enactments of real-life crime cases that revolve around harassment, kidnapping and murder.</desc><category>Documentaire, Misdaad</category></programme>