<programme channel="lgi-nl-prod-master:NL_000005_019462" start="20221018230500 +0000" stop="20221019001000 +0000" catchup-id="crid:~~2F~~2Fgn.tv~~2F14554329~~2FSH027788870000~~2F143212899,imi:547cd425b1e93837f2ea4fff81ed42fcaee240c9"><title>Tommy Teleshopping</title><date></date><icon src="https://staticqbr-nl-prod.prod.cdn.dmdsdp.com/image-service/ImagesEPG/EventImages/p14554329_b_v11_ac.jpg"></icon><desc>Homeshoppingprogramma waarin de kijker via de telefoon allerlei producten kan aanschaffen. Het programma bevat originele producten, van fitnessproducten tot tuingereedschap.</desc><category>Shoppen</category></programme><programme channel="lgi-nl-prod-master:NL_000005_019462" start="20221019001000 +0000" stop="20221019033000 +0000" catchup-id="crid:~~2F~~2Fgn.tv~~2F14554329~~2FSH027788870000~~2F143358933,imi:a3b5d4be1f6033e9ede38cd90470557930c85a91"><title>Tommy Teleshopping</title><date></date><icon src="https://staticqbr-nl-prod.prod.cdn.dmdsdp.com/image-service/ImagesEPG/EventImages/p14554329_b_v11_ac.jpg"></icon><desc>Homeshoppingprogramma waarin de kijker via de telefoon allerlei producten kan aanschaffen. Het programma bevat originele producten, van fitnessproducten tot tuingereedschap.</desc><category>Shoppen</category></programme><programme channel="lgi-nl-prod-master:NL_000005_019462" start="20221019033000 +0000" stop="20221019040000 +0000" catchup-id="crid:~~2F~~2Fgn.tv~~2F14561975~~2FSH027802960000~~2F143358934,imi:228a13c8a3e8fe842e8af1fb72bb7110083707ea"><title>RTL De Journal</title><date></date><icon src="https://staticqbr-nl-prod.prod.cdn.dmdsdp.com/image-service/ImagesEPG/EventImages/p14561975_b_v8_ab.jpg"></icon><desc>Nieuwsprogramma van het Luxemburgse RTL Télé Lëtzebuerg.</desc><category>Nieuws</category></programme><programme channel="lgi-nl-prod-master:NL_000005_019462" start="20221019040000 +0000" stop="20221019053000 +0000" catchup-id="crid:~~2F~~2Fgn.tv~~2F15296988~~2FSH029260750000~~2F143391481,imi:b35932505c815d0e49f2da5edbf0da30e1b2ab6d"><title>Mediashop</title><date></date><icon src="https://staticqbr-nl-prod.prod.cdn.dmdsdp.com/image-service/ImagesEPG/EventImages/p15296988_b_v8_aa.jpg"></icon><desc>Homeshoppingprogramma waarin de kijker een verscheidenheid aan producten kan aanschaffen.</desc><category>Shoppen</category></programme><programme channel="lgi-nl-prod-master:NL_000005_019462" start="20221019053000 +0000" stop="20221019060000 +0000" catchup-id="crid:~~2F~~2Fgn.tv~~2F16393711~~2FSH031313460000~~2F143391482,imi:9f9f6437bc65c55d5feb565de406950b6b6b57e9"><title>Online gespot</title><date></date><icon src="https://staticqbr-nl-prod.prod.cdn.dmdsdp.com/image-service/ImagesEPG/EventImages/p16393711_b_v8_aa.jpg"></icon><desc>Homeshoppingprogramma waarin de kijker verscheidene producten kan bestellen.</desc><category>Shoppen</category></programme><programme channel="lgi-nl-prod-master:NL_000005_019462" start="20221019060000 +0000" stop="20221019080000 +0000" catchup-id="crid:~~2F~~2Fgn.tv~~2F14554329~~2FSH027788870000~~2F143391483,imi:2ab94c7a38347306ca474c030cc1779a04690a51"><title>Tommy Teleshopping</title><date></date><icon src="https://staticqbr-nl-prod.prod.cdn.dmdsdp.com/image-service/ImagesEPG/EventImages/p14554329_b_v11_ac.jpg"></icon><desc>Homeshoppingprogramma waarin de kijker via de telefoon allerlei producten kan aanschaffen. Het programma bevat originele producten, van fitnessproducten tot tuingereedschap.</desc><category>Shoppen</category></programme><programme channel="lgi-nl-prod-master:NL_000005_019462" start="20221019080000 +0000" stop="20221019083500 +0000" catchup-id="crid:~~2F~~2Fgn.tv~~2F15296988~~2FSH029260750000~~2F143391484,imi:2f801f98bde5d3f22fcc2fa828d6d0698e033101"><title>Mediashop</title><date></date><icon src="https://staticqbr-nl-prod.prod.cdn.dmdsdp.com/image-service/ImagesEPG/EventImages/p15296988_b_v8_aa.jpg"></icon><desc>Homeshoppingprogramma waarin de kijker een verscheidenheid aan producten kan aanschaffen.</desc><category>Shoppen</category></programme><programme channel="lgi-nl-prod-master:NL_000005_019462" start="20221019083500 +0000" stop="20221019090000 +0000" catchup-id="crid:~~2F~~2Fgn.tv~~2F14554329~~2FSH027788870000~~2F143391485,imi:c308efc024f69ed33ebf2282a4138ef51122c57e"><title>Tommy Teleshopping</title><date></date><icon src="https://staticqbr-nl-prod.prod.cdn.dmdsdp.com/image-service/ImagesEPG/EventImages/p14554329_b_v11_ac.jpg"></icon><desc>Homeshoppingprogramma waarin de kijker via de telefoon allerlei producten kan aanschaffen. Het programma bevat originele producten, van fitnessproducten tot tuingereedschap.</desc><category>Shoppen</category></programme><programme channel="lgi-nl-prod-master:NL_000005_019462" start="20221019090000 +0000" stop="20221019122000 +0000" catchup-id="crid:~~2F~~2Fgn.tv~~2F15296988~~2FSH029260750000~~2F143391486,imi:956a15244dc43f70790f55862047e3e10629be8a"><title>Mediashop</title><date></date><icon src="https://staticqbr-nl-prod.prod.cdn.dmdsdp.com/image-service/ImagesEPG/EventImages/p15296988_b_v8_aa.jpg"></icon><desc>Homeshoppingprogramma waarin de kijker een verscheidenheid aan producten kan aanschaffen.</desc><category>Shoppen</category></programme><programme channel="lgi-nl-prod-master:NL_000005_019462" start="20221019122000 +0000" stop="20221019150000 +0000" catchup-id="crid:~~2F~~2Fgn.tv~~2F14554329~~2FSH027788870000~~2F143391487,imi:22d11ce42887e2f720663afe5626cae0c34e9193"><title>Tommy Teleshopping</title><date></date><icon src="https://staticqbr-nl-prod.prod.cdn.dmdsdp.com/image-service/ImagesEPG/EventImages/p14554329_b_v11_ac.jpg"></icon><desc>Homeshoppingprogramma waarin de kijker via de telefoon allerlei producten kan aanschaffen. Het programma bevat originele producten, van fitnessproducten tot tuingereedschap.</desc><category>Shoppen</category></programme><programme channel="lgi-nl-prod-master:NL_000005_019462" start="20221019150000 +0000" stop="20221019153000 +0000" catchup-id="crid:~~2F~~2Fgn.tv~~2F22956298~~2FEP038396120377,imi:554092c346a83b763f1cd6fa31e9e8e2ed45e4cd"><title>112 Vandaag</title><date>2022</date><icon src="https://staticqbr-nl-prod.prod.cdn.dmdsdp.com/image-service/ImagesEPG/EventImages/p22036198_b_v8_aa.jpg"></icon><desc>Verslaggevers in het hele land gaan achter de 112-meldingen van de afgelopen 24 uur aan. Ze geven een verslag van de noodmeldingen die binnenkwamen en hoe vervolgens de politie, brandweer, ambulance of reddingsdiensten te werk zijn gegaan.</desc><category>Reality, Misdaad</category></programme><programme channel="lgi-nl-prod-master:NL_000005_019462" start="20221019153000 +0000" stop="20221019163000 +0000" catchup-id="crid:~~2F~~2Fgn.tv~~2F11864471~~2FEP033120670040,imi:ef8f0d5684c0d41259588d06a1635038d2c3665b"><title>Horrorhuurders &amp; Huisjesmelkers</title><date>2015</date><icon src="https://staticqbr-nl-prod.prod.cdn.dmdsdp.com/image-service/ImagesEPG/EventImages/p11864463_b_v8_ac.jpg"></icon><desc>Een stel ontdekt dat hun huurder hun eigendom heeft gebruikt om studenten op te lichten met deposito's. In Zuid-Londen onderzoekt het huisvestingsteam van de Lewisham Council de barre omstandigheden die huurders in een krappe, koude flat doorstaan.</desc><category>Reality, Samenleving</category></programme><programme channel="lgi-nl-prod-master:NL_000005_019462" start="20221019163000 +0000" stop="20221019173000 +0000" catchup-id="crid:~~2F~~2Fgn.tv~~2F16453622~~2FEP030409910078,imi:c1a5680efbbc1559b04050b74a29860ce958660b"><title>Deurwaarders UK</title><date>2019</date><icon src="https://staticqbr-nl-prod.prod.cdn.dmdsdp.com/image-service/ImagesEPG/EventImages/p13916383_b_v8_ab.jpg"></icon><desc>Matt en Garry gaan naar iemand die tweeduizend pond aan parkeerboetes moet betalen. Stewart en Iain gaan naar een vrouw die een dierenarts achttienhonderd pond schuldig is.</desc><category>Reality, Actualiteit, Documentaire</category></programme><programme channel="lgi-nl-prod-master:NL_000005_019462" start="20221019173000 +0000" stop="20221019183000 +0000" catchup-id="crid:~~2F~~2Fgn.tv~~2F16453626~~2FEP030409910079,imi:8218f3503a1e75be42fc1071b98bb6ebdeb23d12"><title>Deurwaarders UK</title><date>2019</date><icon src="https://staticqbr-nl-prod.prod.cdn.dmdsdp.com/image-service/ImagesEPG/EventImages/p13916383_b_v8_ab.jpg"></icon><desc>Gary en Paul gaan naar een pub in Kent die vijfentwintighonderd pond schuldig is. Gary en Cona gaan naar een ruziënde familie die veel geld schuldig is.</desc><category>Reality, Actualiteit, Documentaire</category></programme><programme channel="lgi-nl-prod-master:NL_000005_019462" start="20221019183000 +0000" stop="20221019193000 +0000" catchup-id="crid:~~2F~~2Fgn.tv~~2F23078700~~2FEP034065530024,imi:5638268a24c55ab2bc1ea70f02d4371d69f360c6"><title>Five Days Inside</title><date>2022</date><icon src="https://staticqbr-nl-prod.prod.cdn.dmdsdp.com/image-service/ImagesEPG/EventImages/p22741579_b_v8_ab.jpg"></icon><desc>Eddy is bij de kliniek voor Langdurige Forensisch Psychiatrische Zorg van de Pompestichting. Hier verblijven mensen die in een tbs-kliniek niet behandelbaar bleken en nog een te groot gevaar vormen om terug te keren in de maatschappij.</desc><category>Reality</category></programme><programme channel="lgi-nl-prod-master:NL_000005_019462" start="20221019193000 +0000" stop="20221019195500 +0000" catchup-id="crid:~~2F~~2Fgn.tv~~2F22956299~~2FEP038396120378,imi:3fd626f4a8e1a3bbb5c0f0c37b2b496061c27a0b"><title>112 Vandaag</title><date>2022</date><icon src="https://staticqbr-nl-prod.prod.cdn.dmdsdp.com/image-service/ImagesEPG/EventImages/p22036198_b_v8_aa.jpg"></icon><desc>Verslaggevers in het hele land gaan achter de 112-meldingen van de afgelopen 24 uur aan. Ze geven een verslag van de noodmeldingen die binnenkwamen en hoe vervolgens de politie, brandweer, ambulance of reddingsdiensten te werk zijn gegaan.</desc><category>Reality, Misdaad</category></programme><programme channel="lgi-nl-prod-master:NL_000005_019462" start="20221019195500 +0000" stop="20221019205500 +0000" catchup-id="crid:~~2F~~2Fgn.tv~~2F12996779~~2FEP029000320059,imi:b596f1397f0b4f9a76aff264b7f0d677bfdac662"><title>24 Hours in A&amp;E</title><date>2016</date><icon src="https://staticqbr-nl-prod.prod.cdn.dmdsdp.com/image-service/ImagesEPG/EventImages/p12863285_b_v11_aa.jpg"></icon><desc>Beth, 68, wordt met spoed binnengebracht nadat ze van de trap is gevallen en haar enkel heeft gebroken. Artsen zetten haar enkel terug op zijn plaats en voeren een spoedoperatie uit.</desc><category>Reality, Medisch</category></programme><programme channel="lgi-nl-prod-master:NL_000005_019462" start="20221019205500 +0000" stop="20221019215500 +0000" catchup-id="crid:~~2F~~2Fgn.tv~~2F20758566~~2FEP038978930058,imi:91a12cdcf6a685a2567d8c7baee5b18c0b1877f8"><title>Ambulance UK</title><date>2021</date><icon src="https://staticqbr-nl-prod.prod.cdn.dmdsdp.com/image-service/ImagesEPG/EventImages/p20677679_b_v11_ab.jpg"></icon><desc>De overheid heeft een nationale lockdown aangekondigd als gevolg van de coronapandemie. Maar een noodoproep voor een patiënt die in een afgelegen gebied van een paard is gevallen heeft prioriteit.</desc><category>Documentaire, Medisch</category></programme><programme channel="lgi-nl-prod-master:NL_000005_019462" start="20221019215500 +0000" stop="20221019230500 +0000" catchup-id="crid:~~2F~~2Fgn.tv~~2F11864471~~2FEP033120670040,imi:d57b830950214239eb9d96fbaa81730b4d380614"><title>Horrorhuurders &amp; Huisjesmelkers</title><date>2015</date><icon src="https://staticqbr-nl-prod.prod.cdn.dmdsdp.com/image-service/ImagesEPG/EventImages/p11864463_b_v8_ac.jpg"></icon><desc>Een stel ontdekt dat hun huurder hun eigendom heeft gebruikt om studenten op te lichten met deposito's. In Zuid-Londen onderzoekt het huisvestingsteam van de Lewisham Council de barre omstandigheden die huurders in een krappe, koude flat doorstaan.</desc><category>Reality, Samenleving</category></programme>