{"1303499156":{"id":"1303499156","media_id":"","title":"A Sinner Girl","first":"A","description":"Lucia is een opstandig 11-jarig meisje dat zich verstikt voelt door de patriarchale wereld waarin ze leeft.","duration":"633","type":"movie","seasons":"","icon":"https:\/\/t-mobiletv.nl:443\/CPS\/images\/universal\/film\/poster\/202212\/20221201\/84\/20221201193028530ijc.jpg","category":"Drama, Kort","vidcollection":"","ord":"17","datum":"20180601"},"1289330633":{"id":"1289330633","media_id":"","title":"A Stones Throw Away","first":"A","description":"Een eenzame man die gek wordt van het alleen zijn vindt een machine die kunstmatige nostalgie biedt - tegen een prijs.","duration":"194","type":"movie","seasons":"","icon":"https:\/\/t-mobiletv.nl:443\/CPS\/images\/universal\/film\/poster\/202210\/20221028\/75\/20221028191029538l52.jpg","category":"Animatie, Kort","vidcollection":"","ord":"41","datum":"20160601"},"1175985184":{"id":"1175985184","media_id":"","title":"Abbado dirigeert Prokofjev, Berg & Tsjaikovski","first":"A","description":"Claudio Abbado stond in 2010 op de bok voor het S\u00edmon Bol\u00edvar Youth Orchestra ter gelegenheid van het Lucerne Paasfestival 2010. Solist is de getalenteerde Oostenrijkse sopraan Anna Prohaska. Op het programma staan Sergej Prokofjevs Scythische Suite, Op. 20, Alban Bergs Lulu-suite voor sopraan en orkest, en Pamina's Aria uit W. A. Mozarts opera De toverfluit. Het orkest speelt tot besluit Pjotr Iljitsj Tsjaikovski's Symfonie nr. 6, Op. 74.","duration":"6554","type":"movie","seasons":"","icon":"https:\/\/t-mobiletv.nl:443\/CPS\/images\/universal\/film\/poster\/202204\/20220405\/73\/2022040521250680321o.jpg","category":"Muziek, Klassieke muziek, Concert","vidcollection":"","ord":"12","datum":"20100101"},"1303495212":{"id":"1303495212","media_id":"","title":"Ai-Pocalypse","first":"A","description":"Het verhaal van een kunstmatig intelligent wezen met een bewustzijn dat naar de vierde dimensie reist om de toekomst van de mens veilig te stellen.","duration":"912","type":"movie","seasons":"","icon":"https:\/\/t-mobiletv.nl:443\/CPS\/images\/universal\/film\/poster\/202212\/20221201\/1\/202212011935364907w0.jpg","category":"Sci-Fi, Kort","vidcollection":"","ord":"18","datum":"20190601"},"1289330618":{"id":"1289330618","media_id":"","title":"Airmail","first":"A","description":"Een meisje wordt verliefd op een bokser die ze nooit zal kunnen ontmoeten, maar de brief-vogels zullen haar lot voor altijd veranderen. Zullen de berichten in de lucht haar dromen doen uitkomen?","duration":"368","type":"movie","seasons":"","icon":"https:\/\/t-mobiletv.nl:443\/CPS\/images\/universal\/film\/poster\/202210\/20221028\/88\/20221028191528463txe.jpg","category":"Animatie, Kort","vidcollection":"","ord":"32","datum":"20140601"},"1290481004":{"id":"1290481004","media_id":"","title":"Another Homeland","first":"A","description":"Een reis door mysterieuze plaatsen, ruimtes waar Gabriel Garc\u00eda M\u00e1rquez de meeste van zijn boeken en scenario's schreef, de huizen waarin hij woonde, en de vrienden die hij bezocht in zijn dagelijkse leven in Mexico.","duration":"1706","type":"movie","seasons":"","icon":"https:\/\/t-mobiletv.nl:443\/CPS\/images\/universal\/film\/poster\/202210\/20221031\/77\/20221031173618767nj4.jpg","category":"Kort","vidcollection":"","ord":"45","datum":"20210601"},"1289330615":{"id":"1289330615","media_id":"","title":"Anton","first":"A","description":"De tienjarige Anton is het middelpunt van zijn gezin. Zijn ouders raken in financi\u00eble problemen en proberen hem daar buiten te houden. Anton probeert de aandacht van zijn ouders terug te winnen, maar gaat voorbij aan de grenzen van anderen en van hemzelf.","duration":"1465","type":"movie","seasons":"","icon":"https:\/\/t-mobiletv.nl:443\/CPS\/images\/universal\/film\/poster\/202210\/20221028\/79\/20221028194237817w9w.jpg","category":"Drama, Kort, Nederlandstalig","vidcollection":"","ord":"34","datum":"20140601"},"1303499161":{"id":"1303499161","media_id":"","title":"App","first":"A","description":"Een verlegen techneut heeft dringend risicokapitaal nodig om zijn virtuele wingman-app te redden. Kunnen hij en zijn app het mooiste meisje in een chique bar in LA verleiden om te bewijzen dat het werkt?","duration":"1288","type":"movie","seasons":"","icon":"https:\/\/t-mobiletv.nl:443\/CPS\/images\/universal\/film\/poster\/202212\/20221201\/91\/20221201203145148p3p.jpg","category":"Komedie, Kort","vidcollection":"","ord":"23","datum":"20130601"},"1176552012":{"id":"1176552012","media_id":"","title":"Bach - Goldbergvariaties (BWV 988)","first":"B","description":"De Chinese pianist Zhu Xiao-Mei speelt J. S. Bachs Goldbergvariaties (BWV 988) op het Bachfestival Leipzig. Deze opname werd in juni 2014 gemaakt in de Thomaskerk, waar Bach het grootste deel van zijn carri\u00e8re doorbracht als 'Thomaskantor': de muzikaal leider van het jongenskoor, het Thomanerchor. De Goldbergvariaties bestaan uit \u00e9\u00e9n aria en een verzameling van 30 variaties. Het werk verscheen in 1741 en ontleent z'n naam aan klavecinist Johann Gottlieb Goldberg. De Goldbergvariaties zijn geen melodische variaties op een thema \u2013 niet de melodie, maar de baslijn en akkoordprogressie van de aria vormen de basis voor de variaties. Elke derde variatie in de reeks van 30 is een canon met een stijgend patroon. De Goldbergvariaties behoren tot Bachs meest geliefde werken, die dankzij de legendarische opnames die Glenn Gould in 1955 en 1981 van dit werk maakte een n\u00f3g groter publiek hebben bereikt.","duration":"5160","type":"movie","seasons":"","icon":"https:\/\/t-mobiletv.nl:443\/CPS\/images\/universal\/film\/poster\/202204\/20220406\/17\/202204061114112958ov.jpg","category":"Muziek, Klassieke muziek, Concert","vidcollection":"","ord":"15","datum":"20140101"},"1177408290":{"id":"1177408290","media_id":"","title":"Barbara Hannigan: A Late Night Concert","first":"B","description":"Barbara Hannigan dirigeert het Mahler Chamber Orchestra in deze concertopname vanaf het Lucerne Festival 2014. Er zijn pianisten die tegelijk dirigeren, en concertmeesters die tegelijk dirigeren, maar een stersopraan die een ensemble leidt terwijl ze de lastigste coloraturen zingt... Dat was nog nooit vertoond! Dit concert begint met de Ouverture uit Gioachino Rossini's opera 'La scala di seta', gevolgd door drie concertaria's van W. A. Mozart: Vado, ma dove? O Dei!, K. 583, Un moto di gioia, K. 579 en Misera, dove son? K. 369. Na uitvoeringen van Gy\u00f6rgy Ligeti's 'Concert Rom\u00e2nesc' en 'Mysteries of the Macabre', besluit het concert met Gabriel Faur\u00e9's suite 'Pell\u00e9as et M\u00e9lisande', Op. 80.","duration":"4304","type":"movie","seasons":"","icon":"https:\/\/t-mobiletv.nl:443\/CPS\/images\/universal\/film\/poster\/202204\/20220407\/81\/20220407125210626hcp.jpg","category":"Muziek, Klassieke muziek, Concert","vidcollection":"","ord":"16","datum":"20140101"},"1303499134":{"id":"1303499134","media_id":"","title":"Body","first":"B","description":"Een vrouw aan het bevallen heeft de hallucinatie dat ze over een donkere, afgelegen weg rijdt waar ze een naakte man tegenkomt, opgerold in een bal.","duration":"704","type":"movie","seasons":"","icon":"https:\/\/t-mobiletv.nl:443\/CPS\/images\/universal\/film\/poster\/202212\/20221201\/22\/20221201193019253wz4.jpg","category":"Drama, Kort","vidcollection":"","ord":"10","datum":"20190601"},"1175963458":{"id":"1175963458","media_id":"","title":"Concerten in quarantaine: Liederen en pianowerken","first":"C","description":"Sopraan Olena Tokar en pianist Igor Grishin voeren Lieder en pianomuziek uit, opgenomen op 30 maart 2020 in Schinkel Pavillon in Berlijn. Het programma begint met vijf liederen van Pauline Viardot: 'Two Roses', 'On Georgia's Hills', 'Evening Song', 'The Gardener', en 'The Mermaid's Song'. Grishin speelt enkele werken voor piano solo: Franz Schuberts Impromptu, opus 90, nr. 2 en 3, en Aleksandr Skrjabins Pianosonate nr. 4, opus 30. Het programma gaat verder met Anton\u00edn Dvo\u0159\u00e1ks Zigeunerliederen, opus 55, met tot besluit vier liederen van Pjotr Iljitsj Tsjaikovski: zijn opus 57 nr. 1, opus 63 nr. 2, opus 38 nr. 2, en opus 47 nr. 6.","duration":"3297","type":"movie","seasons":"","icon":"https:\/\/t-mobiletv.nl:443\/CPS\/images\/universal\/film\/poster\/202204\/20220405\/5\/20220405170721387y04.jpg","category":"Muziek, Klassieke muziek, Concert","vidcollection":"","ord":"9","datum":"20200101"},"1289330630":{"id":"1289330630","media_id":"","title":"Costa Morena","first":"C","description":"De haven van Brindisi (Itali\u00eb). Ettore is een sjofele en eenzame vrachtwagenchauffeur die van zijn werk houdt. Hij gaat van de veerboot in zijn rode truck en komt in een situatie terecht die hem op de proef zal stellen.","duration":"780","type":"movie","seasons":"","icon":"https:\/\/t-mobiletv.nl:443\/CPS\/images\/universal\/film\/poster\/202210\/20221028\/91\/20221028193209010y8x.jpg","category":"Drama, Kort","vidcollection":"","ord":"38","datum":"20190601"},"1162069858":{"id":"1162069858","media_id":"","title":"Ed Sheeran: Live at iTunes Festival","first":"E","description":"Ed Sheeran weet hoe je een enorme zaal intiem kunt laten aanvoelen. Uitgerust met zijn gitaar en zijn ongelooflijke stem gaf Ed in 2014 een geweldig optreden op het iTunes Festival, dat plaatsvond in het Roundhouse Art Centre in Londen.","duration":"6296","type":"movie","seasons":"","icon":"https:\/\/t-mobiletv.nl:443\/CPS\/images\/universal\/film\/poster\/202203\/20220315\/1\/20220315184902001c54.jpg","category":"Muziek, Folk, Concert","vidcollection":"","ord":"8","datum":"20140101"},"1289330627":{"id":"1289330627","media_id":"","title":"En Pointe","first":"E","description":"Op een podium, ten overstaan van het comit\u00e9 van een prestigieuze Franse balletacademie, vervangt Camilla haar beste vriendin Sara, die na een mysterieus ongeluk is afgehaakt. Maar was het wel een ongeluk?","duration":"515","type":"movie","seasons":"","icon":"https:\/\/t-mobiletv.nl:443\/CPS\/images\/universal\/film\/poster\/202210\/20221028\/73\/20221028192308199pd5.jpg","category":"Drama, Kort","vidcollection":"","ord":"35","datum":"20190601"},"1303495215":{"id":"1303495215","media_id":"","title":"Event Horizon","first":"E","description":"Zomer 1997. In een klein dorpje in Schotland waar nooit iets gebeurt en de dagen allemaal op elkaar lijken, komt een vreemde kosmische gebeurtenis Juliannes saaie dagelijkse leventje verstoren.","duration":"629","type":"movie","seasons":"","icon":"https:\/\/t-mobiletv.nl:443\/CPS\/images\/universal\/film\/poster\/202212\/20221201\/16\/20221201193933534i8c.jpg","category":"Sci-Fi, Kort","vidcollection":"","ord":"16","datum":"20170601"},"1303499137":{"id":"1303499137","media_id":"","title":"Extreme Photographer - Mountain Gorillas","first":"E","description":"Olga Michi reist naar de meest afgelegen uithoeken van onze planeet om de zeldzaamste foto's te maken van bedreigde dieren.","duration":"1590","type":"movie","seasons":"","icon":"https:\/\/t-mobiletv.nl:443\/CPS\/images\/universal\/film\/poster\/202212\/20221201\/85\/20221201200441400ssq.jpg","category":"Kort","vidcollection":"","ord":"12","datum":"20160601"},"1289331180":{"id":"1289331180","media_id":"","title":"Falling Star","first":"F","description":"De laatste bewuste momenten van Stalin. Een evocatie van de mentale chaos van het Vadertje van het Volk die leed aan waanidee\u00ebn van vervolging en onnoemelijke macht gedurende de drie dagen van zijn doodsstrijd.","duration":"1096","type":"movie","seasons":"","icon":"https:\/\/t-mobiletv.nl:443\/CPS\/images\/universal\/film\/poster\/202210\/20221028\/64\/20221028194737832yeo.jpg","category":"Animatie, Kort","vidcollection":"","ord":"43","datum":"20190601"},"1289330624":{"id":"1289330624","media_id":"","title":"Flower and the Girl","first":"F","description":"Een hartverwarmend verhaal over een schaduwmeisje dat echt wordt.","duration":"536","type":"movie","seasons":"","icon":"https:\/\/t-mobiletv.nl:443\/CPS\/images\/universal\/film\/poster\/202210\/20221028\/27\/20221028192733391w58.jpg","category":"Animatie, Kort","vidcollection":"","ord":"36","datum":"20200601"},"1177406732":{"id":"1177406732","media_id":"","title":"Gabriela Montero speelt Ravel & Montero","first":"G","description":"De Venezolaanse pianist Gabriela Montero wordt in deze opname bijgestaan door het Youth Orchestra of the Americas onder leiding van Carlos Miguel Prieto. Op het programma staan Maurice Ravels Pianoconcert in G, evenals twee van Montero\u2019s eigen werken: het Latin Concerto en improvisaties. Dit concert vond plaats in \u00e9\u00e9n van de spectaculairste concertzalen ter wereld, het Teatro del Lago in Frutillar, gelegen in het midden van de Patagonische steppe. Deze concertzaal, die in 2010 werd geopend, staat op de oevers van het op \u00e9\u00e9n na grootste meer van Chili, met uitzicht op een met eeuwige sneeuw bedekte vulkaan. In het begeleidende interview spreekt Montero over componeren, improviseren, en het uitvoeren van haar eigen werk naast dat van anderen. Zij bespreekt haar thuisland, Venezuela, waar ze om politieke redenen niet meer optreedt.","duration":"5462","type":"movie","seasons":"","icon":"https:\/\/t-mobiletv.nl:443\/CPS\/images\/universal\/film\/poster\/202204\/20220407\/78\/20220407134345839xo5.jpg","category":"Muziek, Klassieke muziek, Concert","vidcollection":"","ord":"17","datum":"20170101"},"1289330621":{"id":"1289330621","media_id":"","title":"Hold Me Down","first":"H","description":"Hold Me Down is gebaseerd op ware gebeurtenissen en toont een dag uit het leven van een 19-jarige alleenstaande moeder die werkt als stripper in een illegale nachtclub om haar kind te onderhouden in het zuiden van de Bronx.","duration":"1583","type":"movie","seasons":"","icon":"https:\/\/t-mobiletv.nl:443\/CPS\/images\/universal\/film\/poster\/202210\/20221028\/6\/20221028195210128qo2.jpg","category":"Drama, Kort","vidcollection":"","ord":"37","datum":"20180601"},"1303499170":{"id":"1303499170","media_id":"","title":"Infinite","first":"I","description":"In zijn laatste levensmaanden roept een jongeman zijn vier beste vrienden op om zijn bestaan oneindig te maken door vijf sleutelelementen uit zijn leven samen te voegen.","duration":"938","type":"movie","seasons":"","icon":"https:\/\/t-mobiletv.nl:443\/CPS\/images\/universal\/film\/poster\/202212\/20221201\/45\/20221201202451288vt0.jpg","category":"Drama, Kort","vidcollection":"","ord":"22","datum":"20160601"},"1303499167":{"id":"1303499167","media_id":"","title":"Jane Doe","first":"J","description":"Een stel rechercheurs jaagt op een geheimzinnig iemand die vrouwen ontvoert in San Fernando Valley. Dan vinden ze een slachtoffer dat niet zeker weet of ze wel gered wil worden.","duration":"1384","type":"movie","seasons":"","icon":"https:\/\/t-mobiletv.nl:443\/CPS\/images\/universal\/film\/poster\/202212\/20221201\/29\/20221201204743855b1r.jpg","category":"Misdaad, Kort","vidcollection":"","ord":"24","datum":"20190601"},"1303499149":{"id":"1303499149","media_id":"","title":"Kajaani","first":"K","description":"Na vele jaren in Frankrijk te hebben gewoond, gaan Juho en Anna terug naar Finland om hun zieke vader te bezoeken nadat ze hem 15 jaar niet hebben gezien.","duration":"1179","type":"movie","seasons":"","icon":"https:\/\/t-mobiletv.nl:443\/CPS\/images\/universal\/film\/poster\/202212\/20221201\/85\/202212011956099043ly.jpg","category":"Drama, Kort","vidcollection":"","ord":"20","datum":"20170601"},"1303499152":{"id":"1303499152","media_id":"","title":"Martino","first":"M","description":"Martino Santoro is een tiener die de confrontatie moet aangaan met de zoveelste sociale assistent. Zijn duistere en getroebleerde verleden belet hem het heden te beleven en zich een toekomst voor te stellen. Een toekomst die misschien al vaststaat.","duration":"460","type":"movie","seasons":"","icon":"https:\/\/t-mobiletv.nl:443\/CPS\/images\/universal\/film\/poster\/202212\/20221201\/23\/20221201191952187vnt.jpg","category":"Drama, Kort","vidcollection":"","ord":"15","datum":"20180601"},"1303499146":{"id":"1303499146","media_id":"","title":"Minor Key","first":"M","description":"Wanneer een jonge man thuiskomt om met zijn vader te eten, realiseert hij zich dat zijn vaders verdriet over een tragisch verlies zich kan ontwikkelen tot iets complexers.","duration":"681","type":"movie","seasons":"","icon":"https:\/\/t-mobiletv.nl:443\/CPS\/images\/universal\/film\/poster\/202212\/20221201\/27\/20221201193529712xym.jpg","category":"Drama, Kort","vidcollection":"","ord":"13","datum":"20180601"},"1289331177":{"id":"1289331177","media_id":"","title":"Mr Plastimime","first":"M","description":"De routine van een ondergewaardeerde mimespeler vervaagt in de realiteit met een reeks bijna-ongelukken die uitlopen op een noodlottige ontmoeting voor Mr Plastimime.","duration":"570","type":"movie","seasons":"","icon":"https:\/\/t-mobiletv.nl:443\/CPS\/images\/universal\/film\/poster\/202210\/20221028\/26\/20221028192553807kax.jpg","category":"Animatie, Kort","vidcollection":"","ord":"40","datum":"20140601"},"1177406735":{"id":"1177406735","media_id":"","title":"Nelsons dirigeert Tsjaikovski en Sjostakovitsj","first":"N","description":"In mei 2019 presenteerde Andris Nelsons, als nieuwe chefdirigent van het Gewandhausorchester Leipzig, een concertprogramma rondom Pjotr Iljitsj Tsjaikovski\u2019s Symfonie nr. 5 en Dmitri Sjostakovitsj' Vioolconcert nr. 1 met de buitengewonde violist Baiba Skride. Tsjaikovski vond zijn werk maar een mislukking, en meende dat zijn creativiteit was uitgeput. Geplaagd door twijfel aan zijn eigen kunnen heeft hij nooit veel vertrouwen ontwikkeld in zijn grote creatieve kracht. Na Tsjaikovski's werk betreedt Baiba Skride het podium met Igor Stravinsky's Elegie voor soloviool, alvorens ze soleert in Sjostakovitsj' Vioolconcert. In Sjostakovitsj' compositie gunt de viool zich geen moment de tijd om te ademen: zonder pauze vertelt het instrument een duister verhaal, dat uitmondt in een vicieuze cirkel van ostinato baslijnen, totdat het instrument tenslotte uitbarst in een prachtig lied.","duration":"6237","type":"movie","seasons":"","icon":"https:\/\/t-mobiletv.nl:443\/CPS\/images\/universal\/film\/poster\/202204\/20220407\/3\/20220407135711443uwi.jpg","category":"Muziek, Klassieke muziek, Concert","vidcollection":"","ord":"19","datum":"20190101"},"1177408293":{"id":"1177408293","media_id":"","title":"Nelsons en Opolais spelen Dvo\u0159\u00e1k","first":"N","description":"Dirigent Andris Nelsons en zijn toenmalige vrouw, de geweldige sopraan Kristine Opolais, presenteren een programma gewijd aan Antonin Dvo\u0159\u00e1k met het Gewandhausorchester Leipzig. Met haar warme, tedere, vriendelijke timbre wekt zij de melodie\u00ebn tot leven die de componist verweefde in zijn gelaagde muziek. Nelsons\u2019 tempo's blijven kalm en ontspannen, waardoor de onge\u00ebvenaarde schoonheid van Dvo\u0159\u00e1ks muziek de kans krijgt tot bloei te komen en het Gewandhaus te betoveren. Het programma begint met 'Othello', een concertouverture voor orkest, Op. 93. Opolais zingt Song to the Moon uit de opera 'Rusalka', Songs my Mother Taught Me uit Zigeunerliederen, Op. 55\/4. Hierop volgen Polonaise en O, marno, marno to je uit 'Rusalka' en Dobr\u00e1! J\u00e1 mu je d\u00e1m!... Jak je mi? uit Bedrich Smetana's opera 'Dalibor'. Het concert sluit af met een uitvoering van Dvo\u0159\u00e1ks Symfonie nr. 9 in e-klein, Op. 95 (\u201cUit de Nieuwe Wereld\u201d). Dit programma werd opgenomen in het Gewandhaus Leipzig in mei 2017.","duration":"6045","type":"movie","seasons":"","icon":"https:\/\/t-mobiletv.nl:443\/CPS\/images\/universal\/film\/poster\/202204\/20220407\/84\/20220407135719654389.jpg","category":"Muziek, Klassieke muziek, Concert","vidcollection":"","ord":"18","datum":"20170101"},"1175963452":{"id":"1175963452","media_id":"","title":"Quarantaineconcerten: Schumann, Reger & Liszt","first":"Q","description":"Tabea Zimmermann (altviool) en Francesco Piemontesi (piano) traden op 17 april 2020 op in Schinkel Pavillon in Berlijn. Op het programma staan Robert Schumanns Phantasiest\u00fccke voor klarinet en piano, Opus 73, Max Regers Suite nr. 1 in g klein, Opus 131d, Franz Liszts L\u00e9gende S.175, nr. 1, en Robert Schumanns M\u00e4rchenbilder, Opus 113.","duration":"3443","type":"movie","seasons":"","icon":"https:\/\/t-mobiletv.nl:443\/CPS\/images\/universal\/film\/poster\/202204\/20220405\/41\/20220405171518399l6u.jpg","category":"Muziek, Klassieke muziek, Concert","vidcollection":"","ord":"11","datum":"20200101"},"1175963449":{"id":"1175963449","media_id":"","title":"Quarantaineconcerten: Severin von Eckardstein","first":"Q","description":"Tussen maart en mei 2020 stelde het Berlijnse Schinkel Pavillon onder de noemer 'Concerts in Quarantine' haar onverwachts vrijgekomen tentoonstellingsruimte ter beschikking van een reeks concerten 'in isolatie'. Als onderdeel van deze reeks speelt pianist Severin von Eckardstein Claude Debussy's Pr\u00e9lude \u00e0 l'apr\u00e8s-midi d'un faune (in het pianoarrangement van Vyacheslav Gryaznov), Fr\u00e9d\u00e9ric Chopins Nocturne Op. 27 Nr. 1, Nikolaj Medtners Elegie\u00ebn voor piano, Op. 59, Nr. 2, Sergej Prokofjevs Pianosonate Nr. 8, Op. 84, en ter besluit Medtners Sprookje, Op. 34, Nr. 2.","duration":"3570","type":"movie","seasons":"","icon":"https:\/\/t-mobiletv.nl:443\/CPS\/images\/universal\/film\/poster\/202204\/20220405\/63\/202204051712467855uz.jpg","category":"Muziek, Klassieke muziek, Concert","vidcollection":"","ord":"10","datum":"20200101"},"1303499143":{"id":"1303499143","media_id":"","title":"Rodri","first":"R","description":"Rodrigo heeft al acht jaar niet meer gewerkt. Hij zal binnenkort 47 zijn.","duration":"1308","type":"movie","seasons":"","icon":"https:\/\/t-mobiletv.nl:443\/CPS\/images\/universal\/film\/poster\/202212\/20221201\/90\/20221201200730822fob.jpg","category":"Drama, Kort","vidcollection":"","ord":"14","datum":"20120601"},"1176552009":{"id":"1176552009","media_id":"","title":"Ron Carter - Foursight","first":"R","description":"Een avond met het Foursight Quartet belooft een heerlijke rondleiding door Ron Carters enorme discografie. Sinds zijn debuut in 1959 werkte deze meesterbassist mee aan het ongelooflijke aantal van 2.500 albums. Na vroege ervaringen in de bands van Jaki Byard en Eric Dolphy werd Carter gevraagd voor Miles Davis\u2019 legendarische VSOP, samen met pianist Herbie Hancock, saxofonist Wayne Shorter en drummer Tony Williams. De bassist is een geweldige solist, die even goed tot zijn recht komt in een intieme triobezetting als in een experimentele groep of met een groot orkest. Op Jazz sous les pommiers 2019 doet deze jazzlegende een weloverwogen greep uit zijn rijke oeuvre.","duration":"5170","type":"movie","seasons":"","icon":"https:\/\/t-mobiletv.nl:443\/CPS\/images\/universal\/film\/poster\/202204\/20220406\/72\/20220406111617183e7w.jpg","category":"Muziek, Jazz, Concert","vidcollection":"","ord":"7","datum":"20190101"},"1175985187":{"id":"1175985187","media_id":"","title":"Sibelius - Kullervo, Op. 7","first":"S","description":"De Finse percussionist en dirigent Santtu-Matias Rouvali leidt het G\u00f6teborg Symfonieorkest en het Orphei Dr\u00e4ngar Mannenkoor in een uitvoering van Jean Sibelius' Kullervo, Op. 7. Solisten zijn de sopraan Johanna Rusanen-Kartano en bariton Ville Rusanen. Dit werk, dat vaak als 'koorsymfonie' wordt gezien, is een suite van symfonische delen. Toch vermijdt het de traditionele symfonische opbouw: de vijf delen vormen een set opzichzelfstaande toondichten. In Sibelius' leven werd het werk slechts vier keer uitgevoerd. De componist weigerde het uit te geven: hij gaf pas kort voor zijn dood in 1957 toestemming tot publicatie. Deze opname is gemaakt in 2018 in Konserthuset G\u00f6teborg.","duration":"5004","type":"movie","seasons":"","icon":"https:\/\/t-mobiletv.nl:443\/CPS\/images\/universal\/film\/poster\/202204\/20220405\/7\/20220405201701911i6t.jpg","category":"Muziek, Klassieke muziek, Concert","vidcollection":"","ord":"14","datum":"20180101"},"1175985181":{"id":"1175985181","media_id":"","title":"Sjtsjedrins Dubbelconcert, Franck en Dvor\u00e1k","first":"S","description":"Het Lucerne Symphony Orchestra onder leiding van Neeme J\u00e4rvi presenteert de wereldpremi\u00e8re van Rodion Sjtsjedrins Dubbelconcert voor cello, piano en orkest. De solisten zijn Martha Argerich (piano) en Mischa Maisky (cello). Op het programma staan Anton\u00edn Dvo\u0159\u00e1ks Scherzo capriccioso in Des, Op. 66, B 131, Sjtsjedrins bovengenoemde Dubbelconcert \"Romantic Offering\", C\u00e9sar Francks Sonate voor piano en cello in A, en Dmitri Sjostakovitsj's Symfonie nr. 9, Op. 70. Deze premi\u00e8re-uitvoering werd opgenomen in het Kultuur- en Congrescentrum van Luzern, het KKL, op 9 februari 2011. Het Lucerne Symphony Orchestra, orkest-in-residentie in het KKL, is het oudste symfonieorkest van Zwitserland en heeft internationaal grote faam opgebouwd.","duration":"6704","type":"movie","seasons":"","icon":"https:\/\/t-mobiletv.nl:443\/CPS\/images\/universal\/film\/poster\/202204\/20220405\/3\/20220405211533064gmm.jpg","category":"Muziek, Klassieke muziek, Concert","vidcollection":"","ord":"13","datum":"20110101"},"1289331174":{"id":"1289331174","media_id":"","title":"Take My Hand","first":"T","description":"Een jonge vrouw is gebroken en rouwt om het verlies van haar enige kind wanneer haar beste vrienden haar te hulp schieten. De onophoudelijke pijn van de vrouw vertroebelt haar vermogen om te geloven.","duration":"1036","type":"movie","seasons":"","icon":"https:\/\/t-mobiletv.nl:443\/CPS\/images\/universal\/film\/poster\/202210\/20221028\/15\/2022102819420572223g.jpg","category":"Drama, Kort","vidcollection":"","ord":"39","datum":"20190601"},"1289330636":{"id":"1289330636","media_id":"","title":"The Boogie Man","first":"T","description":"Een jonge, vastberaden danseres raakt verwikkeld in een confrontatie met een mysterieuze aanwezigheid, verborgen achter een kastdeur.","duration":"380","type":"movie","seasons":"","icon":"https:\/\/t-mobiletv.nl:443\/CPS\/images\/universal\/film\/poster\/202210\/20221028\/50\/20221028191543908luk.jpg","category":"Horror, Kort","vidcollection":"","ord":"42","datum":"20190601"},"1289330612":{"id":"1289330612","media_id":"","title":"To Gerard","first":"T","description":"Gerard, een oude postbode, weet een jong meisje genaamd Jules te charmeren met een goocheltruc. Op dat moment zetten deze twee artiesten een kettingreactie in gang die hun leven voor altijd zal veranderen.","duration":"425","type":"movie","seasons":"","icon":"https:\/\/t-mobiletv.nl:443\/CPS\/images\/universal\/film\/poster\/202210\/20221028\/2\/20221028191916088uum.jpg","category":"Animatie, Kort","vidcollection":"","ord":"33","datum":"20200601"},"1289331183":{"id":"1289331183","media_id":"","title":"True Colours","first":"T","description":"0","duration":"615","type":"movie","seasons":"","icon":"https:\/\/t-mobiletv.nl:443\/CPS\/images\/universal\/film\/poster\/202210\/20221028\/63\/20221028192700034tbw.jpg","category":"Drama, Kort","vidcollection":"","ord":"44","datum":"20210601"},"1303499155":{"id":"1303499155","media_id":"","title":"Two Brothers","first":"T","description":"Een pingpongwedstrijd tussen twee broers loopt uit de hand.","duration":"639","type":"movie","seasons":"","icon":"https:\/\/t-mobiletv.nl:443\/CPS\/images\/universal\/film\/poster\/202212\/20221201\/7\/20221201193809339g8v.jpg","category":"Drama, Kort","vidcollection":"","ord":"19","datum":"20170601"},"1303499164":{"id":"1303499164","media_id":"","title":"Walking On Empty","first":"W","description":"Sang-guk is lange tijd onderzoeker geweest, maar hij werd rusteloos, want hij bleef maar falen. Hij dacht aan stoppen, maar toen kwam zijn vader zijn huis binnen.","duration":"852","type":"movie","seasons":"","icon":"https:\/\/t-mobiletv.nl:443\/CPS\/images\/universal\/film\/poster\/202212\/20221201\/41\/20221201202350856jcb.jpg","category":"Drama, Kort","vidcollection":"","ord":"21","datum":"20190601"},"1303499140":{"id":"1303499140","media_id":"","title":"Yes I Do","first":"Y","description":"N\u00e9stor Ruiz Medina","duration":"671","type":"movie","seasons":"","icon":"https:\/\/t-mobiletv.nl:443\/CPS\/images\/universal\/film\/poster\/202212\/20221201\/29\/20221201193042183sm7.jpg","category":"Romantiek, Kort","vidcollection":"","ord":"11","datum":"20170101"}}