{"crid:~~2F~~2Fog.libertyglobal.com~~2F38400~~2FZINC_71726_NL":{"id":"crid:~~2F~~2Fog.libertyglobal.com~~2F38400~~2FZINC_71726_NL","title":"Addams Family, The (NL)","first":"A","description":"De excentrieke Familie Addams verhuist naar een rustige buitenwijk van New Jersey. Daar krijgen ze het al snel aan de stok met een verraderlijke, hebzuchtige, sluwe TV presentator die de nieuwe familie liever weer ziet gaan. Ondertussen bereiden ze zich ook voor op de komst van hun verre familieleden voor een groot feest.","duration":"4983","type":"movie","seasons":"[]","icon":"https:\/\/staticqbr-nl-prod.prod.cdn.dmdsdp.com\/image-service\/ImagesEPG\/OndemandImages\/OBO\/PI\/crid~~3A~~2F~~2Fog.libertyglobal.com~~2F38400~~2FZINC_71726_NL\/563368abe3c656bd136c670c7c26c1f0.jpg","category":"Film, Komedie, Kids en familie","vidcollection":"","ord":"7","datum":"20190101"},"crid:~~2F~~2Fog.libertyglobal.com~~2F38400~~2FZINC_71726":{"id":"crid:~~2F~~2Fog.libertyglobal.com~~2F38400~~2FZINC_71726","title":"Addams Family, The (OV)","first":"A","description":"De excentrieke Familie Addams verhuist naar een rustige buitenwijk van New Jersey. Daar krijgen ze het al snel aan de stok met een verraderlijke, hebzuchtige, sluwe TV presentator die de nieuwe familie liever weer ziet gaan. Ondertussen bereiden ze zich ook voor op de komst van hun verre familieleden voor een groot feest.","duration":"4983","type":"movie","seasons":"[]","icon":"https:\/\/staticqbr-nl-prod.prod.cdn.dmdsdp.com\/image-service\/ImagesEPG\/OndemandImages\/OBO\/PI\/crid~~3A~~2F~~2Fog.libertyglobal.com~~2F38400~~2FZINC_71726\/563368abe3c656bd136c670c7c26c1f0.jpg","category":"Film, Komedie, Kids en familie","vidcollection":"","ord":"8","datum":"20190101"},"crid:~~2F~~2Fog.libertyglobal.com~~2F38400~~2FZINC_1599":{"id":"crid:~~2F~~2Fog.libertyglobal.com~~2F38400~~2FZINC_1599","title":"American Beauty","first":"A","description":"Voor de buitenwereld lijkt het alsof Lester Burnham een perfect leventje leidt: een mooi huis, goede baan, mooie vrouw, en een leuke dochter. In werkelijkheid raakt Lester echter in een steeds diepere depressie: de relatie met z'n vrouw stelt weinig voor, met z'n dochter praat hij bijna nooit, en hij is z'n baan meer dan zat. Als hij in contact komt met z'n nieuwe buurjongen leert hij het leven weer waarderen: hij stopt met werken, wordt verliefd op een vriendin van z'n dochter, begint weer te blowen, en begint te trainen.","duration":"7000","type":"movie","seasons":"[]","icon":"https:\/\/staticqbr-nl-prod.prod.cdn.dmdsdp.com\/image-service\/ImagesEPG\/OndemandImages\/OBO\/PI\/crid~~3A~~2F~~2Fog.libertyglobal.com~~2F38400~~2FZINC_1599\/cbf9670401fa34cf23eb307266f31da9.jpg","category":"Film, Drama","vidcollection":"","ord":"10","datum":"19990101"},"crid:~~2F~~2Fog.libertyglobal.com~~2F38400~~2FZINC_10866":{"id":"crid:~~2F~~2Fog.libertyglobal.com~~2F38400~~2FZINC_10866","title":"Anchorman 2: The Legend Continues","first":"A","description":"Nu de jaren '70 achter hen ligt, kruipt de topverslaggever van San Diego, Ron Burgundy, terug achter de newsdesk samen met zijn vrouw en collega Veronica Corningstone. Samen met weerman Tamland, de verslaggever op locatie Brian Fantana en sportverslaggever Champ Kind, hebben ze het wederom moeilijk om stijlvol te blijven terwijl ze snel bekendheid verwerven bij de 24-uurs nieuwszender van New York. Vervolg op Anchorman uit 2004.","duration":"6500","type":"movie","seasons":"[]","icon":"https:\/\/staticqbr-nl-prod.prod.cdn.dmdsdp.com\/image-service\/ImagesEPG\/OndemandImages\/OBO\/PI\/crid~~3A~~2F~~2Fog.libertyglobal.com~~2F38400~~2FZINC_10866\/b33b60aaf460d0174b538480b0b89b1a.jpg","category":"Film, Komedie","vidcollection":"","ord":"13","datum":"20130101"},"crid:~~2F~~2Fog.libertyglobal.com~~2F38400~~2FZINC_990":{"id":"crid:~~2F~~2Fog.libertyglobal.com~~2F38400~~2FZINC_990","title":"Anomalisa (OV)","first":"A","description":"Michael Stone is een goeroe op het gebied van klantvriendelijkheid, maar weet in zijn eigen leven ironisch genoeg geen contact te leggen met de mensen om hem heen. Het sociale isolement waarin Michael zich bevindt wordt steeds merkbaarder.","duration":"5214","type":"movie","seasons":"[]","icon":"https:\/\/staticqbr-nl-prod.prod.cdn.dmdsdp.com\/image-service\/ImagesEPG\/OndemandImages\/OBO\/PI\/crid~~3A~~2F~~2Fog.libertyglobal.com~~2F38400~~2FZINC_990\/37b28bdfb066d1f7e91e56e19ebe33b2.jpg","category":"Film, Drama","vidcollection":"","ord":"14","datum":"20150101"},"crid:~~2F~~2Fog.libertyglobal.com~~2F38400~~2FZINC_2211":{"id":"crid:~~2F~~2Fog.libertyglobal.com~~2F38400~~2FZINC_2211","title":"Approaching the Unknown","first":"A","description":"Astronaut William D. Stanaforth vertrekt op een eenmansmissie naar de maan. Terwijl de wereld toekijkt en hij helemaal alleen is, eist de reis zijn tol. Wanneer zijn levensvoorraden opraken, wordt hij gedwongen enkele onmogelijke keuzes te maken.","duration":"5195","type":"movie","seasons":"[]","icon":"https:\/\/staticqbr-nl-prod.prod.cdn.dmdsdp.com\/image-service\/ImagesEPG\/OndemandImages\/OBO\/PI\/crid~~3A~~2F~~2Fog.libertyglobal.com~~2F38400~~2FZINC_2211\/a3e5bcbffb4883b09585ccfd45ea46b6.jpg","category":"Film, Sciencefiction, Thriller","vidcollection":"","ord":"15","datum":"20160101"},"crid:~~2F~~2Fog.libertyglobal.com~~2F38400~~2FZINC_2787":{"id":"crid:~~2F~~2Fog.libertyglobal.com~~2F38400~~2FZINC_2787","title":"Be Somebody","first":"B","description":"Superster Jordan Jaye heeft \u00e9\u00e9n grote wens. De popzanger zou graag het leven leiden van een normale tienerjongen. Als hij op een dag achterna wordt gezeten door een groep opgewonden vrouwelijke fans, vindt hij de perfecte schuilplaats. En hij ontmoet Emily Lowe, een kunststudente. Ondanks dat ze beiden uit verschillende werelden komen, ontdekken ze dat ze meer gemeen hebben dan ze dachten.","duration":"5010","type":"movie","seasons":"[]","icon":"https:\/\/staticqbr-nl-prod.prod.cdn.dmdsdp.com\/image-service\/ImagesEPG\/OndemandImages\/OBO\/PI\/crid~~3A~~2F~~2Fog.libertyglobal.com~~2F38400~~2FZINC_2787\/18ea7c8833916dd6046912688e7a50a8.jpg","category":"Film, Drama, Komedie","vidcollection":"","ord":"20","datum":"20160101"},"crid:~~2F~~2Fog.libertyglobal.com~~2F38400~~2FZINC_7770":{"id":"crid:~~2F~~2Fog.libertyglobal.com~~2F38400~~2FZINC_7770","title":"Beautiful Mind, A","first":"B","description":"Wanneer de briljante wiskundige John Nash net op het punt staat internationaal erkend te worden, raakt hij betrokken bij een mysterieuze samenzwering. Zijn toegewijde vrouw is de enige die hem kan helpen in dit indrukwekkende verhaal over moed, passie en overwinning.","duration":"7790","type":"movie","seasons":"[]","icon":"https:\/\/staticqbr-nl-prod.prod.cdn.dmdsdp.com\/image-service\/ImagesEPG\/OndemandImages\/OBO\/PI\/crid~~3A~~2F~~2Fog.libertyglobal.com~~2F38400~~2FZINC_7770\/2261377b5c5998d3434036ca8e3149ad.jpg","category":"Film, Biografie, Drama","vidcollection":"","ord":"18","datum":"20010101"},"crid:~~2F~~2Fog.libertyglobal.com~~2F38400~~2FZINC_12992":{"id":"crid:~~2F~~2Fog.libertyglobal.com~~2F38400~~2FZINC_12992","title":"Beverly Hills Cop","first":"B","description":"Axel Foley is een agent uit Detroit die na de moord op zijn vriend naar Californi\u00eb reist om een onderzoek te starten naar de moordenaar. Hij verdenkt een kunsthandelaar, die zijn zaak waarschijnlijk als dekmantel gebruikt. Als Foley herrie gaat schoppen in de stad, moeten Billy Rosewood en sergeant Taggert hem schaduwen. Uiteindelijk besluiten ze zich aan te sluiten bij Foley om de moordenaar te vinden.","duration":"6046","type":"movie","seasons":"[]","icon":"https:\/\/staticqbr-nl-prod.prod.cdn.dmdsdp.com\/image-service\/ImagesEPG\/OndemandImages\/OBO\/PI\/crid~~3A~~2F~~2Fog.libertyglobal.com~~2F38400~~2FZINC_12992\/9f7d4d01e032279e83e084635442ed92.jpg","category":"Film, Actie, Komedie","vidcollection":"","ord":"21","datum":"19840101"},"crid:~~2F~~2Fog.libertyglobal.com~~2F38400~~2FZINC_12996":{"id":"crid:~~2F~~2Fog.libertyglobal.com~~2F38400~~2FZINC_12996","title":"Beverly Hills Cop 2","first":"B","description":"De agent Axel Foley uit Detroit ziet op het nieuws dat zijn vriend, agent Andrew Bogomil uit Beverly Hills, is neergeschoten door een lange vrouw. Hij reist af naar Beverly Hills, waar hij de agenten probeert te helpen bij het oplossen van de zaak.","duration":"5926","type":"movie","seasons":"[]","icon":"https:\/\/staticqbr-nl-prod.prod.cdn.dmdsdp.com\/image-service\/ImagesEPG\/OndemandImages\/OBO\/PI\/crid~~3A~~2F~~2Fog.libertyglobal.com~~2F38400~~2FZINC_12996\/4838ff932310ae6f5e6796a9605e04ca.jpg","category":"Film, Actie, Komedie","vidcollection":"","ord":"22","datum":"19870101"},"crid:~~2F~~2Fog.libertyglobal.com~~2F38400~~2FZINC_12999":{"id":"crid:~~2F~~2Fog.libertyglobal.com~~2F38400~~2FZINC_12999","title":"Beverly Hills Cop 3","first":"B","description":"Axel Foley ontdekt tijdens een onderzoek naar een autodiefstal een veel grotere zaak: dezelfde mannen die zijn baas hebben neergeschoten, runnen hun criminele plannen vanuit een attractiepark in Los Angeles. ","duration":"5967","type":"movie","seasons":"[]","icon":"https:\/\/staticqbr-nl-prod.prod.cdn.dmdsdp.com\/image-service\/ImagesEPG\/OndemandImages\/OBO\/PI\/crid~~3A~~2F~~2Fog.libertyglobal.com~~2F38400~~2FZINC_12999\/ee069d3774e734116abe200b170dadba.jpg","category":"Film, Actie, Komedie","vidcollection":"","ord":"23","datum":"19940101"},"crid:~~2F~~2Fog.libertyglobal.com~~2F38400~~2FZINC_13463":{"id":"crid:~~2F~~2Fog.libertyglobal.com~~2F38400~~2FZINC_13463","title":"Black Snake Moan","first":"B","description":"Een jonge blanke vrouw met een nogal losbandig leven wordt in elkaar geslagen en voor dood achtergelaten. Ze wordt gevonden door een godvrezende zwarte bluesmuzikant, die haar aan de ketting legt en gaat proberen haar van haar 'afwijking' te genezen...","duration":"6643","type":"movie","seasons":"[]","icon":"https:\/\/staticqbr-nl-prod.prod.cdn.dmdsdp.com\/image-service\/ImagesEPG\/OndemandImages\/OBO\/PI\/crid~~3A~~2F~~2Fog.libertyglobal.com~~2F38400~~2FZINC_13463\/25829e7dd07741466c0f224bbccb7643.jpg","category":"Film, Drama","vidcollection":"","ord":"25","datum":"20060101"},"crid:~~2F~~2Fog.libertyglobal.com~~2F38400~~2FZINC_49261":{"id":"crid:~~2F~~2Fog.libertyglobal.com~~2F38400~~2FZINC_49261","title":"Brother Nature","first":"B","description":"Roger, een keurige politicus, heeft het plan om zijn droomvrouw ten huwelijk te vragen. Hij wil dit doen tijdens een bezoek aan haar familie, bij het huisje aan het meer. Maar zijn plan valt in duigen als hij zijn aanstaande zwager Todd ontmoet. Todd doet zijn uiterste best om Roger te vriend te houden, maar tegelijkertijd veroorzaakt hij een serie aan vervelende gebeurtenissen.","duration":"5550","type":"movie","seasons":"[]","icon":"https:\/\/staticqbr-nl-prod.prod.cdn.dmdsdp.com\/image-service\/ImagesEPG\/OndemandImages\/OBO\/PI\/crid~~3A~~2F~~2Fog.libertyglobal.com~~2F38400~~2FZINC_49261\/c872d45f457d29f3f8eebfda28994e1c.jpg","category":"Film, Komedie","vidcollection":"","ord":"31","datum":"20160101"},"crid:~~2F~~2Fog.libertyglobal.com~~2F38400~~2FZINC_39":{"id":"crid:~~2F~~2Fog.libertyglobal.com~~2F38400~~2FZINC_39","title":"Capture the Flag (OV)","first":"C","description":"Mike Goldwing verstopt zich op een raket naar de maan, om zijn opa's droom om astronaut in vervulling te laten gaan. Ondertussen racet een Texaanse miljonair ook naar de maan om de Apollo 11 vlag te vernietigen en de geschiedenis in zijn voordeel te herschrijven.","duration":"5430","type":"movie","seasons":"[]","icon":"https:\/\/staticqbr-nl-prod.prod.cdn.dmdsdp.com\/image-service\/ImagesEPG\/OndemandImages\/OBO\/PI\/crid~~3A~~2F~~2Fog.libertyglobal.com~~2F38400~~2FZINC_39\/329f0cd04422eeb5e127dc4671c1f4c6.jpg","category":"Film, Avontuur, Komedie","vidcollection":"","ord":"35","datum":"20150101"},"crid:~~2F~~2Fog.libertyglobal.com~~2F38400~~2FZINC_1602":{"id":"crid:~~2F~~2Fog.libertyglobal.com~~2F38400~~2FZINC_1602","title":"Cast Away","first":"C","description":"Chuck Noland is een hooggeplaatste functionaris bij FedEx die zijn werk boven zijn priv\u00e9leven stelt. Terwijl hij met een vrachtvliegtuig meevliegt komt het vliegtuig in een storm terecht. Als dan een deel van de lading ontploft, stort het vliegtuig in de Stille Oceaan neer. Chuck weet te ontsnappen uit het vliegtuig terwijl het zinkt en spoelt aan op een eiland. Terwijl zijn naasten in de veronderstelling leven dat hij dood is, bedenkt hij manieren om te overleven en te ontsnappen. ","duration":"8227","type":"movie","seasons":"[]","icon":"https:\/\/staticqbr-nl-prod.prod.cdn.dmdsdp.com\/image-service\/ImagesEPG\/OndemandImages\/OBO\/PI\/crid~~3A~~2F~~2Fog.libertyglobal.com~~2F38400~~2FZINC_1602\/f69dde0f797cdfa1ea04d34971cccf96.jpg","category":"Film, Drama, Avontuur","vidcollection":"","ord":"37","datum":"20000101"},"crid:~~2F~~2Fog.libertyglobal.com~~2F38400~~2FZINC_16587":{"id":"crid:~~2F~~2Fog.libertyglobal.com~~2F38400~~2FZINC_16587","title":"Clueless","first":"C","description":"Cher, rijkeluisdochter, moet haar cijfers verbeteren en daarom brengt ze twee leraren bij elkaar. Wanneer dit lukt, besluiten ze zich op een nieuw project te storten. Tai, een nieuw meisje zullen ze net zo populair maken als zij zelf.","duration":"5594","type":"movie","seasons":"[]","icon":"https:\/\/staticqbr-nl-prod.prod.cdn.dmdsdp.com\/image-service\/ImagesEPG\/OndemandImages\/OBO\/PI\/crid~~3A~~2F~~2Fog.libertyglobal.com~~2F38400~~2FZINC_16587\/911b31486fe451c47b1b55a393cc83dc.jpg","category":"Film, Romantiek, Komedie","vidcollection":"","ord":"40","datum":"19950101"},"crid:~~2F~~2Fog.libertyglobal.com~~2F38400~~2FZINC_7775":{"id":"crid:~~2F~~2Fog.libertyglobal.com~~2F38400~~2FZINC_7775","title":"Collateral","first":"C","description":"Max leidt al twaalf jaar een heel gewoon taxichauffeursbestaan in Los Angeles. Totdat hij huurmoordenaar Vincent als klant krijgt die voor een buitenlands drugskartel vijf belangrijke getuigen in een rechtszaak moet omleggen.","duration":"6898","type":"movie","seasons":"[]","icon":"https:\/\/staticqbr-nl-prod.prod.cdn.dmdsdp.com\/image-service\/ImagesEPG\/OndemandImages\/OBO\/PI\/crid~~3A~~2F~~2Fog.libertyglobal.com~~2F38400~~2FZINC_7775\/a85618ca9d539c36b13ea463720346a1.jpg","category":"Film, Actie, Thriller","vidcollection":"","ord":"42","datum":"20040101"},"crid:~~2F~~2Fog.libertyglobal.com~~2F38400~~2FZINC_1584":{"id":"crid:~~2F~~2Fog.libertyglobal.com~~2F38400~~2FZINC_1584","title":"Coming to America","first":"C","description":"De Afrikaanse prins Akeem is klaar voor het huwelijk. Zijn traditionele ouders hebben al een kandidaat gevonden, maar Akeem ziet dat niet zitten. Hij wil een vrouw met een eigen mening die van hem houdt om wie hij is. Om een onbevooroordeelde bruid te vinden trekt hij met z'n bediende Semi naar de Verenigde Staten","duration":"6719","type":"movie","seasons":"[]","icon":"https:\/\/staticqbr-nl-prod.prod.cdn.dmdsdp.com\/image-service\/ImagesEPG\/OndemandImages\/OBO\/PI\/crid~~3A~~2F~~2Fog.libertyglobal.com~~2F38400~~2FZINC_1584\/87ffc79abd7e24c11738aae6d75713ce.jpg","category":"Film, Komedie","vidcollection":"","ord":"43","datum":"19880101"},"crid:~~2F~~2Fog.libertyglobal.com~~2F38400~~2FZINC_82970":{"id":"crid:~~2F~~2Fog.libertyglobal.com~~2F38400~~2FZINC_82970","title":"Drew Michael: Red Blue Green","first":"D","description":"In dit hilarische uurtje stand-up comedy lucht Drew Michael zijn hart over zijn problemen met relaties, sociale media, en comedy als therapie.","duration":"3377","type":"movie","seasons":"[]","icon":"https:\/\/staticqbr-nl-prod.prod.cdn.dmdsdp.com\/image-service\/ImagesEPG\/OndemandImages\/OBO\/PI\/crid~~3A~~2F~~2Fog.libertyglobal.com~~2F38400~~2FZINC_82970\/0147fb369a574a94301a706562f7db8a.jpg","category":"Komedie","vidcollection":"","ord":"49","datum":"20210101"},"crid:~~2F~~2Fog.libertyglobal.com~~2F38400~~2FZINC_51314":{"id":"crid:~~2F~~2Fog.libertyglobal.com~~2F38400~~2FZINC_51314","title":"Fences","first":"F","description":"De Afro-Amerikaanse vader Troy heeft te maken met discriminatie terwijl hij probeert zijn gezin op te voeden in het Amerika van de jaren vijftig. Tegelijkertijd probeert hij zijn eigen leven op orde te krijgen.","duration":"7989","type":"movie","seasons":"[]","icon":"https:\/\/staticqbr-nl-prod.prod.cdn.dmdsdp.com\/image-service\/ImagesEPG\/OndemandImages\/OBO\/PI\/crid~~3A~~2F~~2Fog.libertyglobal.com~~2F38400~~2FZINC_51314\/f6b421c737d5b2d4c80f10140a8e03dd.jpg","category":"Film, Drama","vidcollection":"","ord":"54","datum":"20160101"},"crid:~~2F~~2Fog.libertyglobal.com~~2F38400~~2FZINC_6774":{"id":"crid:~~2F~~2Fog.libertyglobal.com~~2F38400~~2FZINC_6774","title":"Forrest Gump","first":"F","description":"De sullige goedzak Forrest Gump vertelt op een bankje aan iedereen die het maar horen wil zijn levensverhaal. Hij heeft van alles meegemaakt: president Kennedy ontving hem als lid van het All American football-team op het Witte Huis. Hij liet zijn blote billen zien aan Lyndon B. Johnson en als lid van het Amerikaanse tafeltennisteam ging hij namens Nixon op bezoek in China. Dit alles met maar \u00e9\u00e9n doel: zijn geliefde Jenny weer terugzien.","duration":"8176","type":"movie","seasons":"[]","icon":"https:\/\/staticqbr-nl-prod.prod.cdn.dmdsdp.com\/image-service\/ImagesEPG\/OndemandImages\/OBO\/PI\/crid~~3A~~2F~~2Fog.libertyglobal.com~~2F38400~~2FZINC_6774\/2f54044f412261941d897e33e5967d22.jpg","category":"Film, Drama, Komedie","vidcollection":"","ord":"58","datum":"19940101"},"crid:~~2F~~2Fog.libertyglobal.com~~2F38400~~2FZINC_21546":{"id":"crid:~~2F~~2Fog.libertyglobal.com~~2F38400~~2FZINC_21546","title":"Friday the 13th Part IV: The Final Chapter","first":"F","description":"Nadat hij dood is verklaard en naar het mortuarium is gebracht, komt Jason Voorhees spontaan weer tot leven, ontsnapt uit het ziekenhuis en achtervolgt een groep vrienden die een huis huren op het platteland in de buurt van Crystal Lake.","duration":"5228","type":"movie","seasons":"[]","icon":"https:\/\/staticqbr-nl-prod.prod.cdn.dmdsdp.com\/image-service\/ImagesEPG\/OndemandImages\/OBO\/PI\/crid~~3A~~2F~~2Fog.libertyglobal.com~~2F38400~~2FZINC_21546\/b828eb78af64be182750b88d34ac33f9.jpg","category":"Film, Horror, Thriller","vidcollection":"","ord":"60","datum":"19840101"},"crid:~~2F~~2Fog.libertyglobal.com~~2F38400~~2FZINC_21725":{"id":"crid:~~2F~~2Fog.libertyglobal.com~~2F38400~~2FZINC_21725","title":"G.I. Joe: Retaliation","first":"G","description":"Het G.I. Joe team moet het opnemen tegen Zartan, Storm Shadow en Firefly. Zartan is vermomd als president van de Verenigde Staten en heeft nu alle wereldleiders aan zijn kant, met als gevolg een naderende wereldoorlog waar vele onschuldigen het slachtoffer van gaan worden. Tevens beschikt hij over een aantal nieuwe handlangers die het G.I. Joe team moeten uitschakelen.","duration":"6344","type":"movie","seasons":"[]","icon":"https:\/\/staticqbr-nl-prod.prod.cdn.dmdsdp.com\/image-service\/ImagesEPG\/OndemandImages\/OBO\/PI\/crid~~3A~~2F~~2Fog.libertyglobal.com~~2F38400~~2FZINC_21725\/581d69fddff8436ba9400568de81ee40.jpg","category":"Film, Actie, Avontuur","vidcollection":"","ord":"61","datum":"20130101"},"crid:~~2F~~2Fog.libertyglobal.com~~2F38400~~2FZINC_21721":{"id":"crid:~~2F~~2Fog.libertyglobal.com~~2F38400~~2FZINC_21721","title":"G.I. Joe: The Rise of Cobra","first":"G","description":"Het kwaadaardige Cobra handelt in verboden wapens. Wanneer de leider van Cobra, Destro, door heeft dat het elite korps G.I. Joe zijn wapenhandel in gevaar brengt, slaat hij keihard terug. Met futuristische spionage- en militair apparatuur gaat het G.I. Joe-team de strijd aan met de corrupte Destro en de steeds gevaarlijker wordende organisatie Cobra om de wereld te redden van totale chaos...","duration":"6785","type":"movie","seasons":"[]","icon":"https:\/\/staticqbr-nl-prod.prod.cdn.dmdsdp.com\/image-service\/ImagesEPG\/OndemandImages\/OBO\/PI\/crid~~3A~~2F~~2Fog.libertyglobal.com~~2F38400~~2FZINC_21721\/ed3e05efb331e34f444ab2f5af546e98.jpg","category":"Film, Actie, Avontuur","vidcollection":"","ord":"62","datum":"20090101"},"crid:~~2F~~2Fog.libertyglobal.com~~2F38400~~2FZINC_1574":{"id":"crid:~~2F~~2Fog.libertyglobal.com~~2F38400~~2FZINC_1574","title":"Ghost","first":"G","description":"Sam wordt vermoord bij een ongeval, maar zijn geest blijft in de normale wereld ronddwalen. Hij komt erachter dat zijn ongeval toch niet zo'n toeval was. Met behulp van een helderziende wil hij zijn vriendin waarschuwen.","duration":"7286","type":"movie","seasons":"[]","icon":"https:\/\/staticqbr-nl-prod.prod.cdn.dmdsdp.com\/image-service\/ImagesEPG\/OndemandImages\/OBO\/PI\/crid~~3A~~2F~~2Fog.libertyglobal.com~~2F38400~~2FZINC_1574\/c3bbd08ba48dc01774f36f764f7dd4a1.jpg","category":"Film, Drama, Romantiek","vidcollection":"","ord":"64","datum":"19900101"},"crid:~~2F~~2Fog.libertyglobal.com~~2F38400~~2FZINC_51315":{"id":"crid:~~2F~~2Fog.libertyglobal.com~~2F38400~~2FZINC_51315","title":"Goat","first":"G","description":"Herstellend van een angstaanjagende aanval, besluit een 19-jarige jongen naar dezelfde universiteit te gaan als zijn broer. Hij voegt zich ook bij dezelfde vereniging, maar daar wordt zijn loyaliteit en vertrouwen in zijn broer op de meest brute manieren getest.","duration":"5893","type":"movie","seasons":"[]","icon":"https:\/\/staticqbr-nl-prod.prod.cdn.dmdsdp.com\/image-service\/ImagesEPG\/OndemandImages\/OBO\/PI\/crid~~3A~~2F~~2Fog.libertyglobal.com~~2F38400~~2FZINC_51315\/b6a747b4616120c5ca4b6c935ea50dc4.jpg","category":"Film, Drama","vidcollection":"","ord":"66","datum":"20160101"},"crid:~~2F~~2Fog.libertyglobal.com~~2F38400~~2FZINC_1607":{"id":"crid:~~2F~~2Fog.libertyglobal.com~~2F38400~~2FZINC_1607","title":"Godfather, The","first":"G","description":"Don Vito Corleone staat aan het hoofd van een maffia familie in New York. Als een gangster van een andere familie besluit drugs te gaan verkopen in heel New York, ontstaan er problemen. Don Vito is tegen de handel in drugs en laat dit ook blijken. Dit leidt tot een poging om hem te vermoorden. ","duration":"10188","type":"movie","seasons":"[]","icon":"https:\/\/staticqbr-nl-prod.prod.cdn.dmdsdp.com\/image-service\/ImagesEPG\/OndemandImages\/OBO\/PI\/crid~~3A~~2F~~2Fog.libertyglobal.com~~2F38400~~2FZINC_1607\/7cd4c125e68d1c5c32a836867da1e970.jpg","category":"Film, Drama, Misdaad","vidcollection":"","ord":"67","datum":"19720101"},"crid:~~2F~~2Fog.libertyglobal.com~~2F38400~~2FZINC_1608":{"id":"crid:~~2F~~2Fog.libertyglobal.com~~2F38400~~2FZINC_1608","title":"Godfather: Part II, The","first":"G","description":"Michael is de nieuwe Godfather geworden en wil zijn illegale zaken uitbreiden naar het westen van Amerika. Om zijn doel te bereiken is hij bereid al zijn tegenstanders uit de weg te ruimen, maar op die manier maakt hij veel nieuwe vijanden. Er wordt een aanslag op zijn leven gepleegd en hij besluit om de leiding tijdelijk over te geven aan zijn halfbroer Tom. Michael gaat zelf op zoek naar de verrader van de familie in Cuba.","duration":"11624","type":"movie","seasons":"[]","icon":"https:\/\/staticqbr-nl-prod.prod.cdn.dmdsdp.com\/image-service\/ImagesEPG\/OndemandImages\/OBO\/PI\/crid~~3A~~2F~~2Fog.libertyglobal.com~~2F38400~~2FZINC_1608\/62b897acb7e09f58656c18ce1be96493.jpg","category":"Film, Drama, Misdaad","vidcollection":"","ord":"68","datum":"19740101"},"crid:~~2F~~2Fog.libertyglobal.com~~2F38400~~2FZINC_1609":{"id":"crid:~~2F~~2Fog.libertyglobal.com~~2F38400~~2FZINC_1609","title":"Godfather: Part III, The","first":"G","description":"De ouder geworden Don Michael Corleone is op zoek naar manieren om zijn criminele familie te legaliseren met bonafide bedrijven, maar wordt tegengewerkt door de ambitieuze jongere generatie. Terwijl hij de Corleones probeert te koppelen aan het Vaticaan moet hij zich ondertussen bezighouden met een gangster die de bestaande machtsverhoudingen probeert te verstoren.","duration":"9790","type":"movie","seasons":"[]","icon":"https:\/\/staticqbr-nl-prod.prod.cdn.dmdsdp.com\/image-service\/ImagesEPG\/OndemandImages\/OBO\/PI\/crid~~3A~~2F~~2Fog.libertyglobal.com~~2F38400~~2FZINC_1609\/afa5717d426dc89ae7c1bdd26dc40b95.jpg","category":"Film, Drama, Misdaad","vidcollection":"","ord":"69","datum":"19900101"},"crid:~~2F~~2Fog.libertyglobal.com~~2F38400~~2FZINC_22509":{"id":"crid:~~2F~~2Fog.libertyglobal.com~~2F38400~~2FZINC_22509","title":"Grease","first":"G","description":"De stoere Danny probeert zijn lieve vakantieliefde Sandy terug te winnen op de middelbare school in de jaren '50. Ondertussen moet hij zijn reputatie hoog zien te houden.","duration":"6356","type":"movie","seasons":"[]","icon":"https:\/\/staticqbr-nl-prod.prod.cdn.dmdsdp.com\/image-service\/ImagesEPG\/OndemandImages\/OBO\/PI\/crid~~3A~~2F~~2Fog.libertyglobal.com~~2F38400~~2FZINC_22509\/68699057f81376312d348b314e447950.jpg","category":"Film, Musical, Romantiek","vidcollection":"","ord":"72","datum":"19780101"},"crid:~~2F~~2Fog.libertyglobal.com~~2F38400~~2FZINC_22511":{"id":"crid:~~2F~~2Fog.libertyglobal.com~~2F38400~~2FZINC_22511","title":"Grease 2","first":"G","description":"In de klas van Stephanie, het stoerste meisje van school, komt de nieuwe nerderige jongen Michael, het neefje van Sandy. Gelijk wordt hij verliefd op de stoere Pink Lady Stephanie, maar zij ziet hem niet zitten. En hij beseft dat hij heel wat aan zichzelf moet veranderen om haar hart te winnen.","duration":"6583","type":"movie","seasons":"[]","icon":"https:\/\/staticqbr-nl-prod.prod.cdn.dmdsdp.com\/image-service\/ImagesEPG\/OndemandImages\/OBO\/PI\/crid~~3A~~2F~~2Fog.libertyglobal.com~~2F38400~~2FZINC_22511\/ad19e15f0a6c0fd397646fa880414e30.jpg","category":"Film, Musical, Romantiek","vidcollection":"","ord":"73","datum":"19820101"},"crid:~~2F~~2Fog.libertyglobal.com~~2F38400~~2FZINC_24109":{"id":"crid:~~2F~~2Fog.libertyglobal.com~~2F38400~~2FZINC_24109","title":"Hunt for Red October, The","first":"H","description":"Kapitein Marko Ramius vaart met zijn kernonderzee\u00ebr Red October naar de Amerikaanse kust. Alle alarmbellen gaan af wanneer blijkt dat Ramius hiermee de orders van zijn superieuren heeft genegeerd en hij mogelijk een oorlog wil beginnen.","duration":"7775","type":"movie","seasons":"[]","icon":"https:\/\/staticqbr-nl-prod.prod.cdn.dmdsdp.com\/image-service\/ImagesEPG\/OndemandImages\/OBO\/PI\/crid~~3A~~2F~~2Fog.libertyglobal.com~~2F38400~~2FZINC_24109\/2dc5fe45f876b0ed82ef5e0565f39974.jpg","category":"Film, Thriller, Actie","vidcollection":"","ord":"78","datum":"19900101"},"crid:~~2F~~2Fog.libertyglobal.com~~2F38400~~2FZINC_6633":{"id":"crid:~~2F~~2Fog.libertyglobal.com~~2F38400~~2FZINC_6633","title":"Intervention, The","first":"I","description":"Een groep vrienden die elkaar gedurende jaren niet hebben gezien komt terug samen in Jessie's vakantiehuis net buiten Savannah. De re\u00fcnie werd georganiseerd door Annie met een nog voor twee vrienden onbekend doel. De anderen, waaronder Sarah, Jessie's vriendin, Annie's verloofde Matt en Jack met zijn nieuwste verovering Lola, hebben met tegenzin toegestemd om mee te doen met het plan.","duration":"5096","type":"movie","seasons":"[]","icon":"https:\/\/staticqbr-nl-prod.prod.cdn.dmdsdp.com\/image-service\/ImagesEPG\/OndemandImages\/OBO\/PI\/crid~~3A~~2F~~2Fog.libertyglobal.com~~2F38400~~2FZINC_6633\/3e374e617ee942b3e98b9b44f479b16a.jpg","category":"Film, Drama, Komedie","vidcollection":"","ord":"82","datum":"20160101"},"crid:~~2F~~2Fog.libertyglobal.com~~2F38400~~2FZINC_82852":{"id":"crid:~~2F~~2Fog.libertyglobal.com~~2F38400~~2FZINC_82852","title":"It Takes Two","first":"I","description":"De eigenzinnige 9-jarige snotneus Amanda doet niets liever dan Diane helpen bij het vinden van haar grote liefde. Roger Callaway is een rijke weduwnaar met een eveneens 9-jarige dochter Alyssa, die op het punt staat te trouwen met de akelige Clarice. Als de twee identieke meisjes elkaar ontmoeten, doen zij er alles aan om Roger en Diane bij elkaar te brengen en dat hij niet met Clarice trouwt.","duration":"5805","type":"movie","seasons":"[]","icon":"https:\/\/staticqbr-nl-prod.prod.cdn.dmdsdp.com\/image-service\/ImagesEPG\/OndemandImages\/OBO\/PI\/crid~~3A~~2F~~2Fog.libertyglobal.com~~2F38400~~2FZINC_82852\/509ff7018802b5935a564153e2bf1d7f.jpg","category":"Film, Kids en familie, Komedie","vidcollection":"","ord":"86","datum":"19950101"},"crid:~~2F~~2Fog.libertyglobal.com~~2F38400~~2FZINC_25181":{"id":"crid:~~2F~~2Fog.libertyglobal.com~~2F38400~~2FZINC_25181","title":"Jackass 3","first":"J","description":"De Jackasses zijn terug met nog meer streken en stunts dan ooit tevoren! Johnny Knoxville, Bam Margera, Steve-O, Ryan Dunn, Chris Pontius, Preston Lacy en Rob Stull halen weer de meest domme, riskante en weerzinwekkende acties uit.","duration":"5360","type":"movie","seasons":"[]","icon":"https:\/\/staticqbr-nl-prod.prod.cdn.dmdsdp.com\/image-service\/ImagesEPG\/OndemandImages\/OBO\/PI\/crid~~3A~~2F~~2Fog.libertyglobal.com~~2F38400~~2FZINC_25181\/e77118f987bfb9fc51f47a075477284c.jpg","category":"Film, Komedie","vidcollection":"","ord":"87","datum":"20100101"},"crid:~~2F~~2Fog.libertyglobal.com~~2F38400~~2FZINC_25183":{"id":"crid:~~2F~~2Fog.libertyglobal.com~~2F38400~~2FZINC_25183","title":"Jackass 3.5","first":"J","description":"Te veel kan nooit genoeg zijn. Jackass-leden Chris Pontius, Johnny Knoxville, Steve-O, Bam Margera, Wee Man en Ryan Dunn halen weer opnieuw de meest bizarre en idiote stunts en grappen uit.","duration":"4803","type":"movie","seasons":"[]","icon":"https:\/\/staticqbr-nl-prod.prod.cdn.dmdsdp.com\/image-service\/ImagesEPG\/OndemandImages\/OBO\/PI\/crid~~3A~~2F~~2Fog.libertyglobal.com~~2F38400~~2FZINC_25183\/b27f508d725520f0741ffaa1abb0bf59.jpg","category":"Film, Komedie","vidcollection":"","ord":"88","datum":"20110101"},"crid:~~2F~~2Fog.libertyglobal.com~~2F38400~~2FZINC_12072":{"id":"crid:~~2F~~2Fog.libertyglobal.com~~2F38400~~2FZINC_12072","title":"Jackass Presents: Bad Grandpa","first":"J","description":"De 86-jarige Irving Zisman (Johnny Knoxville) reist met zijn 8-jarige kleinzoon door Amerika. Ze komen in de meest bizarre situaties terecht waarbij ze nietsvermoedende mensen op straat altijd weten te shockeren.","duration":"5280","type":"movie","seasons":"[]","icon":"https:\/\/staticqbr-nl-prod.prod.cdn.dmdsdp.com\/image-service\/ImagesEPG\/OndemandImages\/OBO\/PI\/crid~~3A~~2F~~2Fog.libertyglobal.com~~2F38400~~2FZINC_12072\/8c28ac49f8b6cafe3efd8b62ea967261.jpg","category":"Film, Komedie","vidcollection":"","ord":"89","datum":"20130101"},"crid:~~2F~~2Fog.libertyglobal.com~~2F38400~~2FZINC_12075":{"id":"crid:~~2F~~2Fog.libertyglobal.com~~2F38400~~2FZINC_12075","title":"Jackass Presents: Bad Grandpa .5","first":"J","description":"Irving Zisman komt met nieuwe bejaardengrappen in deze volgende film in de Jackass-reeks, waarin ongebruikte beelden uit de eerste film te zien zijn. De opa ontpopt zich als een echte stouterik.","duration":"4959","type":"movie","seasons":"[]","icon":"https:\/\/staticqbr-nl-prod.prod.cdn.dmdsdp.com\/image-service\/ImagesEPG\/OndemandImages\/OBO\/PI\/crid~~3A~~2F~~2Fog.libertyglobal.com~~2F38400~~2FZINC_12075\/f411e3f520debebe4e6fa8fd753d16eb.jpg","category":"Film, Komedie","vidcollection":"","ord":"90","datum":"20140101"},"crid:~~2F~~2Fog.libertyglobal.com~~2F38400~~2FZINC_7782":{"id":"crid:~~2F~~2Fog.libertyglobal.com~~2F38400~~2FZINC_7782","title":"Little Fockers","first":"L","description":"Na tien jaar lijkt Greg eindelijk geaccepteerd te zijn door zijn schoonvader Jack. Maar wanneer de inmiddels vader van twee zoons gaat bijklussen bij een farmaceutisch bedrijf moet hij zich toch opnieuw bewijzen.","duration":"5623","type":"movie","seasons":"[]","icon":"https:\/\/staticqbr-nl-prod.prod.cdn.dmdsdp.com\/image-service\/ImagesEPG\/OndemandImages\/OBO\/PI\/crid~~3A~~2F~~2Fog.libertyglobal.com~~2F38400~~2FZINC_7782\/ae5c23b4df91e7c2b3db40218f5474d9.jpg","category":"Film, Komedie","vidcollection":"","ord":"108","datum":"20100101"},"crid:~~2F~~2Fog.libertyglobal.com~~2F38400~~2FZINC_6634":{"id":"crid:~~2F~~2Fog.libertyglobal.com~~2F38400~~2FZINC_6634","title":"Maximum Ride","first":"M","description":"Zes weeskinderen met een verbeterd DNA om te kunnen vliegen, gaan op een misse om de jongste van hun groep te bevrijden. Ondertussen wordt hun mysterieuze verleden onthuld, evenals een aantal prachtige geheimen.","duration":"5074","type":"movie","seasons":"[]","icon":"https:\/\/staticqbr-nl-prod.prod.cdn.dmdsdp.com\/image-service\/ImagesEPG\/OndemandImages\/OBO\/PI\/crid~~3A~~2F~~2Fog.libertyglobal.com~~2F38400~~2FZINC_6634\/27948b1b71384be8e66728a13db4fd21.jpg","category":"Film, Actie, Avontuur","vidcollection":"","ord":"111","datum":"20160101"},"crid:~~2F~~2Fog.libertyglobal.com~~2F38400~~2FZINC_28762":{"id":"crid:~~2F~~2Fog.libertyglobal.com~~2F38400~~2FZINC_28762","title":"Mean Girls 2","first":"M","description":"Op de middelbare school stemt nieuwe leerling Jo ermee in om bevriend te worden met de buitenstaander Abby. Dit op aandringen van Abby's rijke vader in ruil voor het betalen van alle kosten voor de studie van haar dromen. Jo en Abby gaan samen de strijd aan tegen de \"gemene meiden\" van de school die bekend staan onder de naam \"Plastics\". Uiteindelijk komt het tot een confrontatie wanneer Abby erachter komt dat de vriendschap is gekocht.","duration":"5544","type":"movie","seasons":"[]","icon":"https:\/\/staticqbr-nl-prod.prod.cdn.dmdsdp.com\/image-service\/ImagesEPG\/OndemandImages\/OBO\/PI\/crid~~3A~~2F~~2Fog.libertyglobal.com~~2F38400~~2FZINC_28762\/f246b61820d0eddf628281ef7c90556b.jpg","category":"Film, Komedie","vidcollection":"","ord":"113","datum":"20110101"},"crid:~~2F~~2Fog.libertyglobal.com~~2F38400~~2FZINC_28766":{"id":"crid:~~2F~~2Fog.libertyglobal.com~~2F38400~~2FZINC_28766","title":"Mean Machine","first":"M","description":"De succesvolle voetballer Danny Meehan verspeelt zijn carri\u00e8re na opgepakt te zijn voor een gewelddadige uitval in een dronken bui. De bewakers van de gevangenis waar Danny terecht komt, proberen hem te dwingen om het voetbalteam van de gevangenen te trainen. Danny verzint een beter plan: hij biedt aan om het team te trainen voor een wedstrijd tegen de bewakers.","duration":"5674","type":"movie","seasons":"[]","icon":"https:\/\/staticqbr-nl-prod.prod.cdn.dmdsdp.com\/image-service\/ImagesEPG\/OndemandImages\/OBO\/PI\/crid~~3A~~2F~~2Fog.libertyglobal.com~~2F38400~~2FZINC_28766\/82d69a358ec99421262c070f323448a2.jpg","category":"Film, Misdaad, Komedie","vidcollection":"","ord":"114","datum":"20020101"},"crid:~~2F~~2Fog.libertyglobal.com~~2F38400~~2FZINC_1570":{"id":"crid:~~2F~~2Fog.libertyglobal.com~~2F38400~~2FZINC_1570","title":"Meet the Fockers","first":"M","description":"Nadat voormalig CIA-agent Jack Byrnes de mannelijke verpleger Gaylord Focker toestemming heeft gegeven om met zijn dochter Pam te trouwen, is de tijd daar om de de ouders van de twee eindelijk eens met elkaar kennis te laten maken. Jack reist samen met zijn vrouw, kleinzoon en het toekomstige echtpaar naar Miami, waar ze de Focker-familie leren kennen. De eigenzinnige levensstijl van de Fockers staat in schril contrast met de conservatieve Byrnes, wat nogal wat conflicten tot gevolg heeft... ","duration":"6606","type":"movie","seasons":"[]","icon":"https:\/\/staticqbr-nl-prod.prod.cdn.dmdsdp.com\/image-service\/ImagesEPG\/OndemandImages\/OBO\/PI\/crid~~3A~~2F~~2Fog.libertyglobal.com~~2F38400~~2FZINC_1570\/c9993855e847d864940cd6ffe3a0166c.jpg","category":"Film, Komedie","vidcollection":"","ord":"115","datum":"20040101"},"crid:~~2F~~2Fog.libertyglobal.com~~2F38400~~2FZINC_28811":{"id":"crid:~~2F~~2Fog.libertyglobal.com~~2F38400~~2FZINC_28811","title":"Meet the Parents","first":"M","description":"Verpleger Greg Focker wil met kleuterleidster Pam Byrnes trouwen. In haar familie is het traditie dat de aanstaande echtgenoot vader Byrnes om de hand van zijn dochter vraagt. Maar de familie is nogal excentriek en als ex-CIA-agent onderwerpt Jack Greg zelfs aan een leugentest. Eigenlijk heeft hij de pest aan iedereen die wat met zijn oudste dochter wil beginnen en laat dat ook duidelijk merken. Greg kan natuurlijk niets goed doen en hoe harder hij probeert, hoe meer hij de mist ingaat... ","duration":"6146","type":"movie","seasons":"[]","icon":"https:\/\/staticqbr-nl-prod.prod.cdn.dmdsdp.com\/image-service\/ImagesEPG\/OndemandImages\/OBO\/PI\/crid~~3A~~2F~~2Fog.libertyglobal.com~~2F38400~~2FZINC_28811\/13e35d5eeca18c0b4c1a63b42216b60a.jpg","category":"Film, Romantiek, Komedie","vidcollection":"","ord":"116","datum":"20000101"},"crid:~~2F~~2Fog.libertyglobal.com~~2F38400~~2FZINC_1579":{"id":"crid:~~2F~~2Fog.libertyglobal.com~~2F38400~~2FZINC_1579","title":"Mission: Impossible","first":"M","description":"Geheim agent Ethan Hunt maakt deel uit van een speciaal team. Hun missie loopt uit op een catastrofe, waarbij vrijwel alle teamleden omkomen. Ze zijn verraden en Ethan kan niemand vertrouwen in zijn zoektocht naar de mol in de organisatie.","duration":"6340","type":"movie","seasons":"[]","icon":"https:\/\/staticqbr-nl-prod.prod.cdn.dmdsdp.com\/image-service\/ImagesEPG\/OndemandImages\/OBO\/PI\/crid~~3A~~2F~~2Fog.libertyglobal.com~~2F38400~~2FZINC_1579\/32e34bded41b5695b37514db56b4c7eb.jpg","category":"Film, Actie, Thriller","vidcollection":"","ord":"125","datum":"19960101"},"crid:~~2F~~2Fog.libertyglobal.com~~2F38400~~2FZINC_1576":{"id":"crid:~~2F~~2Fog.libertyglobal.com~~2F38400~~2FZINC_1576","title":"Mission: Impossible - Ghost Protocol","first":"M","description":"Geheim agent Ethan Hunt en zijn teamleden worden opgeroepen door de president om terecht te staan voor een fatale explosie die is ontstaan in het Kremlin gebouw in Moskou. Hunt is vastberaden om hun onschuld te bewijzen, echter moet hij op de vlucht gaan voor de Amerikaanse en Russische autoriteiten om dat te kunnen doen. Terwijl hij opgejaagd wordt door een ambitieuze agent die Hunt zelf heeft opgeleid, moet hij ook nog een nucleaire oorlog zien te voorkomen tussen de twee landen.","duration":"7648","type":"movie","seasons":"[]","icon":"https:\/\/staticqbr-nl-prod.prod.cdn.dmdsdp.com\/image-service\/ImagesEPG\/OndemandImages\/OBO\/PI\/crid~~3A~~2F~~2Fog.libertyglobal.com~~2F38400~~2FZINC_1576\/781d1a9afcbb13315f1e615f35bb402b.jpg","category":"Film, Actie, Thriller","vidcollection":"","ord":"127","datum":"20110101"},"crid:~~2F~~2Fog.libertyglobal.com~~2F38400~~2FZINC_7831":{"id":"crid:~~2F~~2Fog.libertyglobal.com~~2F38400~~2FZINC_7831","title":"Mission: Impossible - Rogue Nation","first":"M","description":"Wanneer zijn elite-organisatie door de CIA op non-actief wordt gezet, moet agent Ethan Hunt samen met zijn team een race tegen de klok ondernemen om de opkomst van een nieuwe wereldwijde dreiging te voorkomen: The Syndicate, een gevaarlijk netwerk van afvallige agenten.","duration":"7569","type":"movie","seasons":"[]","icon":"https:\/\/staticqbr-nl-prod.prod.cdn.dmdsdp.com\/image-service\/ImagesEPG\/OndemandImages\/OBO\/PI\/crid~~3A~~2F~~2Fog.libertyglobal.com~~2F38400~~2FZINC_7831\/68bdb6a1a422b287214d21e9e1cdb0e9.jpg","category":"Film, Thriller, Actie","vidcollection":"","ord":"128","datum":"20150101"},"crid:~~2F~~2Fog.libertyglobal.com~~2F38400~~2FZINC_1575":{"id":"crid:~~2F~~2Fog.libertyglobal.com~~2F38400~~2FZINC_1575","title":"Mission: Impossible II","first":"M","description":"Geheim agent Ethan Hunt wordt ingeschakeld als een ex-collega een levensgevaarlijk virus steelt. Samen met zijn team tracht hij het gevaarlijke spul terug te krijgen voordat de schurk erin slaagt een vreselijke plan tot uitvoer te brengen.","duration":"7110","type":"movie","seasons":"[]","icon":"https:\/\/staticqbr-nl-prod.prod.cdn.dmdsdp.com\/image-service\/ImagesEPG\/OndemandImages\/OBO\/PI\/crid~~3A~~2F~~2Fog.libertyglobal.com~~2F38400~~2FZINC_1575\/0002184090d56a0fdbe70e14baae2d3d.jpg","category":"Film, Actie, Thriller","vidcollection":"","ord":"126","datum":"20000101"},"crid:~~2F~~2Fog.libertyglobal.com~~2F38400~~2FZINC_1583":{"id":"crid:~~2F~~2Fog.libertyglobal.com~~2F38400~~2FZINC_1583","title":"Mission: Impossible III","first":"M","description":"Super-spion Ethan Hunt heeft zich teruggetrokken als opleider van IMF-agenten. Maar hij wordt teruggeroepen om de meest onverzettelijke schurk ooit te confronteren - Owen Davian, een gewetensloze, internationale wapens- en informatieprovider, die geen berouw kent. Hunt verzamelt zijn team: zijn oude vriend Luther Strickell, transport-expert Declan en zijn man op de achtergrond Zhen. Ze moeten een van zijn eigen leerlingen redden, Lindsey, die is ontvoerd tijdens het surveilleren van Davian. Het wordt al snel duidelijk dat Davian goed is beveiligd, een sterk netwerk om zich heen heeft en ronduit kwaadaardig is. Dit dwingt Hunt terug ","duration":"7214","type":"movie","seasons":"[]","icon":"https:\/\/staticqbr-nl-prod.prod.cdn.dmdsdp.com\/image-service\/ImagesEPG\/OndemandImages\/OBO\/PI\/crid~~3A~~2F~~2Fog.libertyglobal.com~~2F38400~~2FZINC_1583\/1333c90a7133179f939a0f2fc33d57aa.jpg","category":"Film, Thriller, Actie","vidcollection":"","ord":"129","datum":"20060101"},"crid:~~2F~~2Fog.libertyglobal.com~~2F38400~~2FZINC_31504":{"id":"crid:~~2F~~2Fog.libertyglobal.com~~2F38400~~2FZINC_31504","title":"Paranormal Activity: The Ghost Dimension","first":"P","description":"De Fleeges familie verhuist naar een nieuwe woning en ontdekt in de garage een doos met een video camera en een aantal videobanden. Wanneer ze door de lens van de camera kijken beginnen ze allemaal bovennatuurlijke dingen te zien.","duration":"5069","type":"movie","seasons":"[]","icon":"https:\/\/staticqbr-nl-prod.prod.cdn.dmdsdp.com\/image-service\/ImagesEPG\/OndemandImages\/OBO\/PI\/crid~~3A~~2F~~2Fog.libertyglobal.com~~2F38400~~2FZINC_31504\/9eb7ac10581084916a841e6877b816df.jpg","category":"Film, Horror","vidcollection":"","ord":"142","datum":"20150101"},"crid:~~2F~~2Fog.libertyglobal.com~~2F38400~~2FZINC_1269":{"id":"crid:~~2F~~2Fog.libertyglobal.com~~2F38400~~2FZINC_1269","title":"Pulp Fiction","first":"P","description":"Jules en Vincent werken voor de machtige misdadiger Marsellus Wallace. Vincent komt in de problemen als hij Mia, de vrouw van Wallace, een avondje gezelschap moet houden. Ondertussen is Wallace verwikkeld in een deal met de bokser Butch, die Wallace belazert en er met z'n geld vandoor gaat.","duration":"8885","type":"movie","seasons":"[]","icon":"https:\/\/staticqbr-nl-prod.prod.cdn.dmdsdp.com\/image-service\/ImagesEPG\/OndemandImages\/OBO\/PI\/crid~~3A~~2F~~2Fog.libertyglobal.com~~2F38400~~2FZINC_1269\/2d44033453188fc0b5ecd1835207ea4a.jpg","category":"Film, Drama, Misdaad","vidcollection":"","ord":"147","datum":"19940101"},"crid:~~2F~~2Fog.libertyglobal.com~~2F38400~~2FZINC_39_NL":{"id":"crid:~~2F~~2Fog.libertyglobal.com~~2F38400~~2FZINC_39_NL","title":"Race naar de Maan (NL)","first":"R","description":"Mike Goldwing verstopt zich op een raket naar de maan, om zijn opa's droom om astronaut in vervulling te laten gaan. Ondertussen racet een Texaanse miljonair ook naar de maan om de Apollo 11 vlag te vernietigen en de geschiedenis in zijn voordeel te herschrijven.","duration":"5430","type":"movie","seasons":"[]","icon":"https:\/\/staticqbr-nl-prod.prod.cdn.dmdsdp.com\/image-service\/ImagesEPG\/OndemandImages\/OBO\/PI\/crid~~3A~~2F~~2Fog.libertyglobal.com~~2F38400~~2FZINC_39_NL\/0b940bb8e3d58693ae9913c1b573e51e.jpg","category":"Film, Avontuur, Komedie","vidcollection":"","ord":"36","datum":"20150101"},"crid:~~2F~~2Fog.libertyglobal.com~~2F38400~~2FZINC_1617_NL":{"id":"crid:~~2F~~2Fog.libertyglobal.com~~2F38400~~2FZINC_1617_NL","title":"Rango (NL)","first":"R","description":"Als een naamloze kameleon uit zijn terrarium vrij komt, staat hij plots midden in de woestijn. Hij was zijn leventje tussen vier ramen toch al zat, maar wat nu? Een buidelrat stuurt hem op weg richting het stadje Dirt, ergens op de grens van beschaving. Daar doet de hagedis zich voor als Rango, een onverschrokken pistoolheld. Het stadje staat door gebrek aan water op het punt van uitdrogen. Het is aan Rango om Dirt van de ondergang te redden.","duration":"6172","type":"movie","seasons":"[]","icon":"https:\/\/staticqbr-nl-prod.prod.cdn.dmdsdp.com\/image-service\/ImagesEPG\/OndemandImages\/OBO\/PI\/crid~~3A~~2F~~2Fog.libertyglobal.com~~2F38400~~2FZINC_1617_NL\/d7a5e055d8713725b4b95fee8bf4d617.jpg","category":"Film, Kids en familie, Avontuur","vidcollection":"","ord":"150","datum":"20110101"},"crid:~~2F~~2Fog.libertyglobal.com~~2F38400~~2FZINC_1617":{"id":"crid:~~2F~~2Fog.libertyglobal.com~~2F38400~~2FZINC_1617","title":"Rango (OV)","first":"R","description":"Als een naamloze kameleon uit zijn terrarium vrij komt, staat hij plots midden in de woestijn. Hij was zijn leventje tussen vier ramen toch al zat, maar wat nu? Een buidelrat stuurt hem op weg richting het stadje Dirt, ergens op de grens van beschaving. Daar doet de hagedis zich voor als Rango, een onverschrokken pistoolheld. Het stadje staat door gebrek aan water op het punt van uitdrogen. Het is aan Rango om Dirt van de ondergang te redden.","duration":"6172","type":"movie","seasons":"[]","icon":"https:\/\/staticqbr-nl-prod.prod.cdn.dmdsdp.com\/image-service\/ImagesEPG\/OndemandImages\/OBO\/PI\/crid~~3A~~2F~~2Fog.libertyglobal.com~~2F38400~~2FZINC_1617\/d7a5e055d8713725b4b95fee8bf4d617.jpg","category":"Film, Kids en familie, Avontuur","vidcollection":"","ord":"149","datum":"20110101"},"crid:~~2F~~2Fog.libertyglobal.com~~2F38400~~2FZINC_72535":{"id":"crid:~~2F~~2Fog.libertyglobal.com~~2F38400~~2FZINC_72535","title":"Ricky Velez: Here's Everything","first":"R","description":"Komiek en acteur Ricky Velez laat alles zien met zijn eerlijke blik en nuchtere perspectief in zijn eerste HBO comedy special.","duration":"3327","type":"movie","seasons":"[]","icon":"https:\/\/staticqbr-nl-prod.prod.cdn.dmdsdp.com\/image-service\/ImagesEPG\/OndemandImages\/OBO\/PI\/crid~~3A~~2F~~2Fog.libertyglobal.com~~2F38400~~2FZINC_72535\/60ebd120d9ab2d05071b25f1c96d5300.jpg","category":"Komedie","vidcollection":"","ord":"152","datum":"20200101"},"crid:~~2F~~2Fog.libertyglobal.com~~2F38400~~2FZINC_1619":{"id":"crid:~~2F~~2Fog.libertyglobal.com~~2F38400~~2FZINC_1619","title":"Ring, The","first":"R","description":"Een mysterieuze videoband richt een ware slachting aan onder een groepje tieners. Iedereen die de video kijkt, krijgt een telefoontje met de mededeling dat hij of zij nog maar een week te leven heeft. De jonge reporter Rachel gaat op onderzoek uit, maar nadat zij samen met haar zoontje de band bekijkt, raakt ze verwikkeld in een race tegen de klok.","duration":"6631","type":"movie","seasons":"[]","icon":"https:\/\/staticqbr-nl-prod.prod.cdn.dmdsdp.com\/image-service\/ImagesEPG\/OndemandImages\/OBO\/PI\/crid~~3A~~2F~~2Fog.libertyglobal.com~~2F38400~~2FZINC_1619\/7a03078166aeb585dd5dddc32a9ca7cc.jpg","category":"Film, Horror, Thriller","vidcollection":"","ord":"153","datum":"20020101"},"crid:~~2F~~2Fog.libertyglobal.com~~2F38400~~2FZINC_6811":{"id":"crid:~~2F~~2Fog.libertyglobal.com~~2F38400~~2FZINC_6811","title":"Scouts Guide to the Zombie Apocalypse","first":"S","description":"Wanneer hun rustige stadje wordt geteisterd door een zombie invasie, moeten drie scouts en een serveerster vechten voor hun leven en worden hun scouting skills getest om de mensheid te redden.","duration":"5327","type":"movie","seasons":"[]","icon":"https:\/\/staticqbr-nl-prod.prod.cdn.dmdsdp.com\/image-service\/ImagesEPG\/OndemandImages\/OBO\/PI\/crid~~3A~~2F~~2Fog.libertyglobal.com~~2F38400~~2FZINC_6811\/09cc9c121021c17bbdc83d02c7052236.jpg","category":"Film, Horror, Komedie","vidcollection":"","ord":"156","datum":"20150101"},"crid:~~2F~~2Fog.libertyglobal.com~~2F38400~~2FZINC_1273":{"id":"crid:~~2F~~2Fog.libertyglobal.com~~2F38400~~2FZINC_1273","title":"Scream","first":"S","description":"Een Amerikaanse highschool wordt opgeschrikt door een reeks gruwelijke moorden die regelrecht afgeleid zijn van bekende horrorfilms.","duration":"6390","type":"movie","seasons":"[]","icon":"https:\/\/staticqbr-nl-prod.prod.cdn.dmdsdp.com\/image-service\/ImagesEPG\/OndemandImages\/OBO\/PI\/crid~~3A~~2F~~2Fog.libertyglobal.com~~2F38400~~2FZINC_1273\/c0bdad6a997da8778d7d04d5f18085cc.jpg","category":"Film, Horror","vidcollection":"","ord":"157","datum":"19960101"},"crid:~~2F~~2Fog.libertyglobal.com~~2F38400~~2FZINC_2210":{"id":"crid:~~2F~~2Fog.libertyglobal.com~~2F38400~~2FZINC_2210","title":"Shutter Island","first":"S","description":"1954. U.S. Marshall Chuck Aule en zijn nieuwe partner Teddy Daniels gaan op zoek naar een moordenares, die ontsnapt is uit TBS-kliniek 'Ashecliffe Hospital' voor langgestraften op Shutter Island, een eiland voor de kust van Massachusetts. Aangenomen wordt dat ze zich daar nog verborgen houdt. Een web van intriges en misleiding zorgt er al snel voor de nodige problemen.","duration":"7942","type":"movie","seasons":"[]","icon":"https:\/\/staticqbr-nl-prod.prod.cdn.dmdsdp.com\/image-service\/ImagesEPG\/OndemandImages\/OBO\/PI\/crid~~3A~~2F~~2Fog.libertyglobal.com~~2F38400~~2FZINC_2210\/ae339c6da79cce67b996a935a11309da.jpg","category":"Film, Thriller","vidcollection":"","ord":"158","datum":"20100101"},"crid:~~2F~~2Fog.libertyglobal.com~~2F38400~~2FZINC_35206":{"id":"crid:~~2F~~2Fog.libertyglobal.com~~2F38400~~2FZINC_35206","title":"Sleepy Hollow","first":"S","description":"Het is het jaar 1799. De New Yorkse detective Ichabod Crane probeert zijn werk altijd zo objectief en wetenschappelijk mogelijk uit te voeren, maar dit valt niet altijd in goede aarde bij rechter Burgomaster. Om van hem verlost te zijn, wordt Crane naar Sleepy Hollow gestuurd om daar de zaak van een aantal onthoofdingen op te lossen.","duration":"6027","type":"movie","seasons":"[]","icon":"https:\/\/staticqbr-nl-prod.prod.cdn.dmdsdp.com\/image-service\/ImagesEPG\/OndemandImages\/OBO\/PI\/crid~~3A~~2F~~2Fog.libertyglobal.com~~2F38400~~2FZINC_35206\/7cee32ee591bcae71250c80782d9f36e.jpg","category":"Film, Fantasy, Horror","vidcollection":"","ord":"161","datum":"19990101"},"crid:~~2F~~2Fog.libertyglobal.com~~2F38400~~2FZINC_49224":{"id":"crid:~~2F~~2Fog.libertyglobal.com~~2F38400~~2FZINC_49224","title":"Southside with You","first":"S","description":"In de zomer van 1989 waren Michelle en Barack Obama gewoon twee afgestudeerden die hun leven en rechtencarri\u00e8re begonnen in Chicago. Na lang aandringen gaat Michelle uiteindelijk akkoord om samen met Barack een bijeenkomst bij te wonen in Chicago. Wat begint als een platonisch dagje uit eindigt met een kus en het begin van een reis naar het Witte Huis.","duration":"4829","type":"movie","seasons":"[]","icon":"https:\/\/staticqbr-nl-prod.prod.cdn.dmdsdp.com\/image-service\/ImagesEPG\/OndemandImages\/OBO\/PI\/crid~~3A~~2F~~2Fog.libertyglobal.com~~2F38400~~2FZINC_49224\/b78ffc5cd2ec2212b8bfaf5cc6f04a8c.jpg","category":"Film, Romantiek, Biografie","vidcollection":"","ord":"164","datum":"20160101"},"crid:~~2F~~2Fog.libertyglobal.com~~2F38400~~2FZINC_35708_NL":{"id":"crid:~~2F~~2Fog.libertyglobal.com~~2F38400~~2FZINC_35708_NL","title":"Spongebob Squarepants Movie, The (NL)","first":"S","description":"Verbijstering in Bikinibroek! De Kroon van Neptunus is gestolen en Meneer Krab, de op rijkdom beluste uitbater van de Krokante Krab, wordt aangewezen als de dader! En ook al heeft Meneer Krab hem net over het hoofd gezien voor een belangrijke promotie, toch blijft Spongebob Squarepants overtuigd van de onschuld van zijn baas. Samen met zijn boezemvriend Patrick trekt de olijke vierkante spons op onderzoek uit naar Schelpstad.","duration":"5015","type":"movie","seasons":"[]","icon":"https:\/\/staticqbr-nl-prod.prod.cdn.dmdsdp.com\/image-service\/ImagesEPG\/OndemandImages\/OBO\/PI\/crid~~3A~~2F~~2Fog.libertyglobal.com~~2F38400~~2FZINC_35708_NL\/26fb61cb2998a1cd4a37caf40a71d9e3.jpg","category":"Film, Avontuur, Kids en familie","vidcollection":"","ord":"167","datum":"20040101"},"crid:~~2F~~2Fog.libertyglobal.com~~2F38400~~2FZINC_35708":{"id":"crid:~~2F~~2Fog.libertyglobal.com~~2F38400~~2FZINC_35708","title":"Spongebob Squarepants Movie, The (OV)","first":"S","description":"Verbijstering in Bikinibroek! De Kroon van Neptunus is gestolen en Meneer Krab, de op rijkdom beluste uitbater van de Krokante Krab, wordt aangewezen als de dader! En ook al heeft Meneer Krab hem net over het hoofd gezien voor een belangrijke promotie, toch blijft Spongebob Squarepants overtuigd van de onschuld van zijn baas. Samen met zijn boezemvriend Patrick trekt de olijke vierkante spons op onderzoek uit naar Schelpstad.","duration":"5015","type":"movie","seasons":"[]","icon":"https:\/\/staticqbr-nl-prod.prod.cdn.dmdsdp.com\/image-service\/ImagesEPG\/OndemandImages\/OBO\/PI\/crid~~3A~~2F~~2Fog.libertyglobal.com~~2F38400~~2FZINC_35708\/26fb61cb2998a1cd4a37caf40a71d9e3.jpg","category":"Film, Kids en familie, Avontuur","vidcollection":"","ord":"168","datum":"20040101"},"crid:~~2F~~2Fog.libertyglobal.com~~2F38400~~2FZINC_6800":{"id":"crid:~~2F~~2Fog.libertyglobal.com~~2F38400~~2FZINC_6800","title":"Star Trek","first":"S","description":"James Kirk is een ontzettende wildebras, maar ook een enorm getalenteerd ruimtevaarder. Hij laat zich overhalen om een opleiding aan de Starfleet Academy te volgen. Bij het afleggen van zijn examen krijgt Kirk het aan de stok met zijn hyperintelligente collega Spock. De onbesuisde roekeloze Kirk en de berekenende kalme Spock zijn dan ook absolute tegenpolen. Naarmate de mannen elkaar beter leren kennen groeit echter de onderlinge waardering.","duration":"7295","type":"movie","seasons":"[]","icon":"https:\/\/staticqbr-nl-prod.prod.cdn.dmdsdp.com\/image-service\/ImagesEPG\/OndemandImages\/OBO\/PI\/crid~~3A~~2F~~2Fog.libertyglobal.com~~2F38400~~2FZINC_6800\/d941de2389629b057f8689506d11ccb4.jpg","category":"Film, Sciencefiction, Actie","vidcollection":"","ord":"170","datum":"20090101"},"crid:~~2F~~2Fog.libertyglobal.com~~2F38400~~2FZINC_8094":{"id":"crid:~~2F~~2Fog.libertyglobal.com~~2F38400~~2FZINC_8094","title":"Star Trek Beyond","first":"S","description":"Captain Kirk, Spock, Scotty, Uhura en de rest van de bemanning van de Enterprise hebben twee jaar van hun vijf jaar durende missie erop zitten. Ze besluiten te stoppen op een buitenpost van de Federatie om even tot rust te kunnen komen van het werk dat ze verrichten. Daar worden ze echter aangevallen door een vijandige kracht die de naam Krall draagt, waardoor de crew vraagtekens begint te plaatsen bij het nut van hun organisatie.","duration":"7040","type":"movie","seasons":"[]","icon":"https:\/\/staticqbr-nl-prod.prod.cdn.dmdsdp.com\/image-service\/ImagesEPG\/OndemandImages\/OBO\/PI\/crid~~3A~~2F~~2Fog.libertyglobal.com~~2F38400~~2FZINC_8094\/9ebf33961c9f08b07ee841cdc8ed1b07.jpg","category":"Film, Sciencefiction, Actie","vidcollection":"","ord":"171","datum":"20160101"},"crid:~~2F~~2Fog.libertyglobal.com~~2F38400~~2FZINC_1573":{"id":"crid:~~2F~~2Fog.libertyglobal.com~~2F38400~~2FZINC_1573","title":"Star Trek Into Darkness","first":"S","description":"De bemanning van de Enterprise wordt teruggeroepen naar de Aarde. Daar treffen ze een chaotische wereld aan, die half vernietigd is door een destructieve macht die nota bene vanuit Starfleet zelf leek te komen. De vloot van de Federatie is weggevaagd en er zit voor de hechte crew van de Enterprise niets anders op dan op zoek te gaan naar de bron van de aanval. Kapitein Kirk leidt zijn bemanning op een klopjacht naar een wereld in een gevaarlijke oorlogszone.","duration":"7604","type":"movie","seasons":"[]","icon":"https:\/\/staticqbr-nl-prod.prod.cdn.dmdsdp.com\/image-service\/ImagesEPG\/OndemandImages\/OBO\/PI\/crid~~3A~~2F~~2Fog.libertyglobal.com~~2F38400~~2FZINC_1573\/1135607064267f70f2280945c2598ce3.jpg","category":"Film, Sciencefiction, Actie","vidcollection":"","ord":"172","datum":"20130101"},"crid:~~2F~~2Fog.libertyglobal.com~~2F38400~~2FZINC_35822":{"id":"crid:~~2F~~2Fog.libertyglobal.com~~2F38400~~2FZINC_35822","title":"Star Trek IV: The Voyage Home","first":"S","description":"In de ruimte worden signalen opgevangen van walvissen die op aarde allang uitgestorven zijn. Door de signalen die ze uitzenden, treden er storingen op in ruimtestations. E\u00e9n van de leden van de Enterprise komt op het idee om terug in de tijd te reizen en dan twee walvissen te vangen. Captain T. Kirk, dr. Spock en nog een paar andere leden van de Enterprise krijgen een niet zo'n gemakkelijke missie, want het schijnt dat er niet zoveel walvissen meer op aarde zijn.","duration":"6836","type":"movie","seasons":"[]","icon":"https:\/\/staticqbr-nl-prod.prod.cdn.dmdsdp.com\/image-service\/ImagesEPG\/OndemandImages\/OBO\/PI\/crid~~3A~~2F~~2Fog.libertyglobal.com~~2F38400~~2FZINC_35822\/1bdf7f7779b6e910f2010036365c75b7.jpg","category":"Film, Actie, Sciencefiction","vidcollection":"","ord":"173","datum":"19860101"},"crid:~~2F~~2Fog.libertyglobal.com~~2F38400~~2FZINC_7845":{"id":"crid:~~2F~~2Fog.libertyglobal.com~~2F38400~~2FZINC_7845","title":"Super 8","first":"S","description":"Het is zomer 1979. Een groepje vrienden is getuige van een catastrofaal treinongeluk in een klein stadje in Ohio, terwijl ze een 8 mm-filmpje aan het maken zijn. Ze vermoeden al snel dat het geen ongeluk was. Wanneer kort daarna ook nog mysterieuze verdwijningen en onverklaarbare gebeurtenissen plaatsvinden, probeert de hulpsherrif achter de angstaanjagende waarheid te komen.","duration":"6431","type":"movie","seasons":"[]","icon":"https:\/\/staticqbr-nl-prod.prod.cdn.dmdsdp.com\/image-service\/ImagesEPG\/OndemandImages\/OBO\/PI\/crid~~3A~~2F~~2Fog.libertyglobal.com~~2F38400~~2FZINC_7845\/2b9e830752136a7728ac2712a362ba9f.jpg","category":"Film, Thriller, Sciencefiction","vidcollection":"","ord":"176","datum":"20110101"},"crid:~~2F~~2Fog.libertyglobal.com~~2F38400~~2FZINC_1578":{"id":"crid:~~2F~~2Fog.libertyglobal.com~~2F38400~~2FZINC_1578","title":"Teenage Mutant Ninja Turtles","first":"T","description":"De stad heeft helden nodig. Duisternis hangt boven New York City als Shredder en zijn kwade Foot Clan een ijzeren greep hebben op alles van de politie tot aan politici. De toekomst is grimmig tot vier broers vanuit de riolen hun lot ontdekken als Teenage Mutant Ninja Turtles. De Turtles moeten werken met onverschrokken reporter April en haar bijdehante cameraman Vern Fenwick om de stad te redden en Shredder's duivelse plan zien te ontrafelen.","duration":"5824","type":"movie","seasons":"[]","icon":"https:\/\/staticqbr-nl-prod.prod.cdn.dmdsdp.com\/image-service\/ImagesEPG\/OndemandImages\/OBO\/PI\/crid~~3A~~2F~~2Fog.libertyglobal.com~~2F38400~~2FZINC_1578\/a7ce58c72c0769a8a6ea83d31518607f.jpg","category":"Film, Avontuur, Actie","vidcollection":"","ord":"177","datum":"20140101"},"crid:~~2F~~2Fog.libertyglobal.com~~2F38400~~2FZINC_6902":{"id":"crid:~~2F~~2Fog.libertyglobal.com~~2F38400~~2FZINC_6902","title":"Teenage Mutant Ninja Turtles: Out of the...","first":"T","description":"De vier broers Raphael, Michelangelo, Leonardo en Donatello keren terug naar de stad als de Teenage Mutant Ninja Turtles. De turtles moeten de stad zien te redden van een nieuwe dreiging. Daaronder vallen twee gevaarlijke schurken die de namen Bebop en Rocksteady dragen.","duration":"6448","type":"movie","seasons":"[]","icon":"https:\/\/staticqbr-nl-prod.prod.cdn.dmdsdp.com\/image-service\/ImagesEPG\/OndemandImages\/OBO\/PI\/crid~~3A~~2F~~2Fog.libertyglobal.com~~2F38400~~2FZINC_6902\/1c356aaa50f51d955e92e01d813757ad.jpg","category":"Film, Actie, Avontuur","vidcollection":"","ord":"178","datum":"20160101"},"crid:~~2F~~2Fog.libertyglobal.com~~2F38400~~2FZINC_1586":{"id":"crid:~~2F~~2Fog.libertyglobal.com~~2F38400~~2FZINC_1586","title":"Terms of Endearment","first":"T","description":"Aurora en Emma zijn moeder en dochter die een gecompliceerde maar warme relatie onderhouden. De film volgt hen verschillende jaren van hun leven. Van het huwelijk van Emma met een man die een bloedhekel aan zijn schoonmoeder heeft tot de romance die Aurora begint met haar buurman, de ex-astronaut Garrett Breedlove.","duration":"7588","type":"movie","seasons":"[]","icon":"https:\/\/staticqbr-nl-prod.prod.cdn.dmdsdp.com\/image-service\/ImagesEPG\/OndemandImages\/OBO\/PI\/crid~~3A~~2F~~2Fog.libertyglobal.com~~2F38400~~2FZINC_1586\/03482b6c21817308358457ea3fbab30c.jpg","category":"Film, Drama, Komedie","vidcollection":"","ord":"179","datum":"19830101"},"crid:~~2F~~2Fog.libertyglobal.com~~2F38400~~2FZINC_82969":{"id":"crid:~~2F~~2Fog.libertyglobal.com~~2F38400~~2FZINC_82969","title":"Tig Notaro: Drawn (OV)","first":"T","description":"Volledig geanimeerde stand-up special over een aanzoek in het ziekenhuisbed, een talentenshow op school die verkeerd afliep, de gevolgen van een tandheelkundige ingreep, een roadtrip met Dolly Parton en nog veel meer.","duration":"3003","type":"movie","seasons":"[]","icon":"https:\/\/staticqbr-nl-prod.prod.cdn.dmdsdp.com\/image-service\/ImagesEPG\/OndemandImages\/OBO\/PI\/crid~~3A~~2F~~2Fog.libertyglobal.com~~2F38400~~2FZINC_82969\/5dedb127e02f725b548053a84d8181f6.jpg","category":"Komedie","vidcollection":"","ord":"181","datum":"20210101"},"crid:~~2F~~2Fog.libertyglobal.com~~2F38400~~2FZINC_37806":{"id":"crid:~~2F~~2Fog.libertyglobal.com~~2F38400~~2FZINC_37806","title":"Top Gun","first":"T","description":"Maverick wordt samen met zijn copiloot Goose aangenomen bij Top Gun, een keiharde marineopleiding voor piloten. Hij gaat hier de concurrentie aan met een andere toppiloot, Iceman. Na een tragische gebeurtenis realiseert Maverick zich dat het leven toch keihard kan zijn en twijfelt of hij nog verder wil gaan met vliegen. Uiteindelijk moet hij toch bewijzen wie de beste piloot is.","duration":"6299","type":"movie","seasons":"[]","icon":"https:\/\/staticqbr-nl-prod.prod.cdn.dmdsdp.com\/image-service\/ImagesEPG\/OndemandImages\/OBO\/PI\/crid~~3A~~2F~~2Fog.libertyglobal.com~~2F38400~~2FZINC_37806\/48eaaab1efd52c82767bf45a4f37e18e.jpg","category":"Film, Actie, Drama","vidcollection":"","ord":"182","datum":"19860101"},"crid:~~2F~~2Fog.libertyglobal.com~~2F38400~~2FZINC_1622":{"id":"crid:~~2F~~2Fog.libertyglobal.com~~2F38400~~2FZINC_1622","title":"Transformers","first":"T","description":"Heel lang geleden was er een oorlog op de planeet Cybertron, tussen de Autobots en de Decepticons. Vele jaren later, op de planeet Aarde, koopt de jonge Sam Witwicky zijn eerste auto en komt tot de ontdekking dat het de Autobot Bumblebee is. Maar Bumblebee is niet de enige Transformer die op Aarde is gekomen. Ook de Decepticons zijn op Aarde en beginnen het Amerikaanse leger aan te vallen. Als Sam en zijn vriendin Mikaela ontdekken dat het leger van plan is zowel de vijandige Decepticons als de vredelievende Autobots te vernietigen, proberen ze een nieuw plan te bedenken om de Decepticons te stoppen.","duration":"8251","type":"movie","seasons":"[]","icon":"https:\/\/staticqbr-nl-prod.prod.cdn.dmdsdp.com\/image-service\/ImagesEPG\/OndemandImages\/OBO\/PI\/crid~~3A~~2F~~2Fog.libertyglobal.com~~2F38400~~2FZINC_1622\/2d31f0cb3fdc27d2713478c90b979c66.jpg","category":"Film, Actie, Sciencefiction","vidcollection":"","ord":"184","datum":"20070101"},"crid:~~2F~~2Fog.libertyglobal.com~~2F38400~~2FZINC_1567":{"id":"crid:~~2F~~2Fog.libertyglobal.com~~2F38400~~2FZINC_1567","title":"Transformers 2: Revenge of the Fallen","first":"T","description":"De strijd op aarde is voorbij, maar die in het universum is net begonnen. Wanneer Sam Witwicky de waarheid leert over de oude oorsprong van de Transformers, moet hij zijn lot accepteren en zich samenvoegen met Optimus Prime en Bumblebee in hun epische strijd tegen de Decepticons, die sterker terug zijn dan ooit en het plan hebben om onze wereld te vernietigen.","duration":"8622","type":"movie","seasons":"[]","icon":"https:\/\/staticqbr-nl-prod.prod.cdn.dmdsdp.com\/image-service\/ImagesEPG\/OndemandImages\/OBO\/PI\/crid~~3A~~2F~~2Fog.libertyglobal.com~~2F38400~~2FZINC_1567\/f11cb981eebef97b34bcff467e561b1e.jpg","category":"Film, Sciencefiction, Actie","vidcollection":"","ord":"185","datum":"20090101"},"crid:~~2F~~2Fog.libertyglobal.com~~2F38400~~2FZINC_1568":{"id":"crid:~~2F~~2Fog.libertyglobal.com~~2F38400~~2FZINC_1568","title":"Transformers 3: Dark of the Moon","first":"T","description":"Sam ontdekt dat de NASA tijdens de eerste maanlanding in 1961 een gestrand ruimteschip heeft aangetroffen, afkomstig van de planeet Cybertron. Wanneer Optimus Prime hoort van het ruimteschip op de maan, plant hij een missie om de waardevolle Zuilen aan boord veilig te stellen. Sam ontdekt echter dat de Decepticons hem voor zijn geweest en met de Zuilen een ruimtebrug maken die een heel leger naar de aarde brengt.","duration":"8882","type":"movie","seasons":"[]","icon":"https:\/\/staticqbr-nl-prod.prod.cdn.dmdsdp.com\/image-service\/ImagesEPG\/OndemandImages\/OBO\/PI\/crid~~3A~~2F~~2Fog.libertyglobal.com~~2F38400~~2FZINC_1568\/4931588b889f09cab0af9dd3cc49183b.jpg","category":"Film, Actie, Sciencefiction","vidcollection":"","ord":"186","datum":"20110101"},"crid:~~2F~~2Fog.libertyglobal.com~~2F38400~~2FZINC_1571":{"id":"crid:~~2F~~2Fog.libertyglobal.com~~2F38400~~2FZINC_1571","title":"Transformers 4: Age of Extinction","first":"T","description":"Terwijl de mensheid zich herstelt van de grote schade die aangericht werd in Transformers: Dark of the Moon, zijn de Autobots en Decepticons nagenoeg van de Aarde verdwenen. Maar een kleine en machtige groep zakenmannen en wetenschappers proberen de grenzen van de menselijke technologie verder te verleggen dan ooit te voren. Verder zelfs dan ze kunnen beheersen. ","duration":"9500","type":"movie","seasons":"[]","icon":"https:\/\/staticqbr-nl-prod.prod.cdn.dmdsdp.com\/image-service\/ImagesEPG\/OndemandImages\/OBO\/PI\/crid~~3A~~2F~~2Fog.libertyglobal.com~~2F38400~~2FZINC_1571\/f305f17189cb5b9f5b27c3306a16f6eb.jpg","category":"Film, Actie, Sciencefiction","vidcollection":"","ord":"187","datum":"20140101"},"crid:~~2F~~2Fog.libertyglobal.com~~2F38400~~2FZINC_2208":{"id":"crid:~~2F~~2Fog.libertyglobal.com~~2F38400~~2FZINC_2208","title":"True Grit","first":"T","description":"De veertienjarige Mattie Ross is getuige van de wrede moord op haar vader. Ze wil wraak nemen op zijn moordenaar Tom Chaney en roept de hulp in van de schietgrage, dronken U.S. Marshall Rooster Cogburn. Ondanks zijn bezwaren zetten ze samen de jacht in op Chaney.","duration":"6345","type":"movie","seasons":"[]","icon":"https:\/\/staticqbr-nl-prod.prod.cdn.dmdsdp.com\/image-service\/ImagesEPG\/OndemandImages\/OBO\/PI\/crid~~3A~~2F~~2Fog.libertyglobal.com~~2F38400~~2FZINC_2208\/9c2327b577a7bbd64120873843229f9f.jpg","category":"Film, Drama, Western","vidcollection":"","ord":"188","datum":"20100101"},"crid:~~2F~~2Fog.libertyglobal.com~~2F38400~~2FZINC_38171":{"id":"crid:~~2F~~2Fog.libertyglobal.com~~2F38400~~2FZINC_38171","title":"Truman Show, The","first":"T","description":"Truman Burbank leidt een perfect leventje: goede baan, een liefhebbende vrouw en een goede vriend. Langzaam komt Truman er echter achter dat zijn leventje iets t\u00e9 perfect is: hij ontdekt dat hij het middelpunt is van het succesvolle TV-programma The Truman Show.","duration":"5921","type":"movie","seasons":"[]","icon":"https:\/\/staticqbr-nl-prod.prod.cdn.dmdsdp.com\/image-service\/ImagesEPG\/OndemandImages\/OBO\/PI\/crid~~3A~~2F~~2Fog.libertyglobal.com~~2F38400~~2FZINC_38171\/bed53cef8b8c824320a2d9036c46a3ff.jpg","category":"Film, Komedie, Drama","vidcollection":"","ord":"189","datum":"19980101"},"crid:~~2F~~2Fog.libertyglobal.com~~2F38400~~2FZINC_7753":{"id":"crid:~~2F~~2Fog.libertyglobal.com~~2F38400~~2FZINC_7753","title":"Watchmen","first":"W","description":"In een alternatief 1985 zijn superhelden in de ban gedaan door de Amerikaanse federale overheid. Waar voorheen superhelden tot het algemene Amerikaanse straatbeeld behoorden, heeft de overheid het superheldenbestaan illegaal verklaard. Wanneer \u00e9\u00e9n van zijn oud- collega's in deze onrustige dagen van de Koude Oorlog wordt vermoord, start de gemaskerde burgerwacht Rorschach een onderzoek. Langzaam maar zeker brengt dit een duister complot aan het licht.","duration":"9322","type":"movie","seasons":"[]","icon":"https:\/\/staticqbr-nl-prod.prod.cdn.dmdsdp.com\/image-service\/ImagesEPG\/OndemandImages\/OBO\/PI\/crid~~3A~~2F~~2Fog.libertyglobal.com~~2F38400~~2FZINC_7753\/cb520a4e7952e7b521eb959a9765036f.jpg","category":"Film, Thriller, Actie","vidcollection":"","ord":"194","datum":"20090101"},"crid:~~2F~~2Fog.libertyglobal.com~~2F38400~~2FZINC_82853":{"id":"crid:~~2F~~2Fog.libertyglobal.com~~2F38400~~2FZINC_82853","title":"Wedding March, The","first":"W","description":"Olivia Parsons en Mick Turner hadden in hun studententijd een relatie met elkaar. In het weekend dat zij gaat trouwen ontmoeten de twee elkaar na lange tijd weer. Het duurt niet lang voordat ze de ontdekken dat ze nog steeds gevoelens voor elkaar hebben. Hierdoor komt Olivia voor een dilemma te staan: moet zij kiezen voor haar verloofde of voor Mick?","duration":"4823","type":"movie","seasons":"[]","icon":"https:\/\/staticqbr-nl-prod.prod.cdn.dmdsdp.com\/image-service\/ImagesEPG\/OndemandImages\/OBO\/PI\/crid~~3A~~2F~~2Fog.libertyglobal.com~~2F38400~~2FZINC_82853\/bdf35604eee11eb9ac5891467226771b.jpg","category":"Film, Romantiek, Komedie","vidcollection":"","ord":"195","datum":"20160101"},"crid:~~2F~~2Fog.libertyglobal.com~~2F38400~~2FZINC_2209":{"id":"crid:~~2F~~2Fog.libertyglobal.com~~2F38400~~2FZINC_2209","title":"World War Z","first":"W","description":"Gerry Lane is een toegewijde vader en echtgenoot die werkt voor het leger en de overheid. Wanneer een zombie-Apocalyps uitbreekt, wordt Gerry door de regering gevraagd om de invasie tegen te gaan. Tegelijkertijd moet hij zijn vrouw en kinderen veilig houden van de, verbazingwekkend snelle, vleesetende ondoden.","duration":"6675","type":"movie","seasons":"[]","icon":"https:\/\/staticqbr-nl-prod.prod.cdn.dmdsdp.com\/image-service\/ImagesEPG\/OndemandImages\/OBO\/PI\/crid~~3A~~2F~~2Fog.libertyglobal.com~~2F38400~~2FZINC_2209\/954afd5d1b7035a1a8d2bdfc22a37e10.jpg","category":"Film, Horror, Actie","vidcollection":"","ord":"197","datum":"20130101"}}