{"tfPzQMT3XevZgw0pF_2VoCUIXlxZkdRe5dNaOGCS":{"id":"tfPzQMT3XevZgw0pF_2VoCUIXlxZkdRe5dNaOGCS","media_id":"","title":"Lost Gold of World War II","description":"","first":"L","duration":"2409","type":"show","seasons":"","icon":"https:\/\/static-content.solocoo.tv\/vod\/hist_int\/publish\/posters\/505887_147_219.jpg","category":"Documentary","vidcollection":"","ord":"1","datum":"20200101"},"nOf--9z7K18Y2OK7hkTcFL_ET4Hm0KNsLLOhn6gH":{"id":"nOf--9z7K18Y2OK7hkTcFL_ET4Hm0KNsLLOhn6gH","media_id":"","title":"The Proof Is Out There","description":"","first":"T","duration":"1234","type":"show","seasons":"","icon":"https:\/\/static-content.solocoo.tv\/vod\/hist_int\/publish\/posters\/525129_147_219.jpg","category":"Documentary","vidcollection":"","ord":"2","datum":"20200101"}}