{"A":{"ASORTOFHUNGER":{"channels":{"lgi-be-prod-master:shortshd":1},"startl":"1640561040","starth":"1640571900","title":"A sort of hunger","icon":"https:\/\/staticqbr-be-prod.tnprod.cdn.dmdsdp.com\/image-service\/ImagesEPG\/EventImages\/374__37b__37437ba4-3627-4731-b1de-6b927d14fa09__B77448493.jpg"},"ALLEENOPDEWERELD":{"channels":{"lgi-be-prod-master:ned3":1},"startl":"1640592180","starth":"1640592180","title":"Alleen op de wereld","icon":"https:\/\/staticqbr-be-prod.tnprod.cdn.dmdsdp.com\/image-service\/ImagesEPG\/EventImages\/aac__76c__aac76c59-3cf6-4e0f-857c-0bf690b890bf__B177931264.jpg"},"AMERICANTRAITORTHETRIALOFAXISSALLY":{"channels":{"lgi-be-prod-master:primestarhd":1},"startl":"1640591580","starth":"1640591580","title":"American Traitor: The Trial of Axis Sally","icon":"https:\/\/staticqbr-be-prod.tnprod.cdn.dmdsdp.com\/image-service\/ImagesEPG\/EventImages\/c2f__690__c2f690b3-6a8b-42dc-aa48-525e9f50b438__B210690809.jpg"}},"B":{"BARBIELELACDESCYGNES":{"channels":{"lgi-be-prod-master:latrois":1},"startl":"1640593800","starth":"1640593800","title":"Barbie : le lac des cygnes","icon":"https:\/\/staticqbr-be-prod.tnprod.cdn.dmdsdp.com\/image-service\/ImagesEPG\/EventImages\/b91__049__b910491e-72a0-4f1e-9aea-6be5f4f2ff41__B105936402.jpg"},"BOMBSHELL":{"channels":{"lgi-be-prod-master:primestarhd":1},"startl":"1640585280","starth":"1640585280","title":"Bombshell","icon":"https:\/\/staticqbr-be-prod.tnprod.cdn.dmdsdp.com\/image-service\/ImagesEPG\/EventImages\/1e6__a74__1e6a7416-c545-4824-9bda-deb3b43f55f0__B209519129.jpg"}},"C":{"CONVERSATIONWITHTHEDEVIL":{"channels":{"lgi-be-prod-master:shortshd":1},"startl":"1640559900","starth":"1640570820","title":"Conversation with the devil","icon":"https:\/\/staticqbr-be-prod.tnprod.cdn.dmdsdp.com\/image-service\/ImagesEPG\/EventImages\/374__37b__37437ba4-3627-4731-b1de-6b927d14fa09__B77448493.jpg"},"COPOUT":{"channels":{"lgi-be-prod-master:vierhd":1},"startl":"1640560200","starth":"1640560200","title":"Cop Out","icon":"https:\/\/staticqbr-be-prod.tnprod.cdn.dmdsdp.com\/image-service\/ImagesEPG\/EventImages\/af6__728__af672878-effa-4ecd-a69e-8673d230b205__B50035930.jpg"}},"D":{"DONTYOUDARE":{"channels":{"lgi-be-prod-master:shortshd":1},"startl":"1640562660","starth":"1640562660","title":"Don't you dare","icon":"https:\/\/staticqbr-be-prod.tnprod.cdn.dmdsdp.com\/image-service\/ImagesEPG\/EventImages\/374__37b__37437ba4-3627-4731-b1de-6b927d14fa09__B77448493.jpg"},"DRPROKTORSTELETIJDTOBBE":{"channels":{"lgi-be-prod-master:vtmkzoom":1},"startl":"1640588400","starth":"1640588400","title":"Dr. Proktors Teletijdtobbe","icon":"https:\/\/staticqbr-be-prod.tnprod.cdn.dmdsdp.com\/image-service\/ImagesEPG\/EventImages\/c05__954__c059541d-9b49-4e37-8839-31728d2da74b__B116715415.jpg"}},"E":{"ELLIOTHETKLEINERENDIERTJE":{"channels":{"lgi-be-prod-master:primeaction":1},"startl":"1640584800","starth":"1640584800","title":"Elliot, Het Kleine Rendiertje","icon":"https:\/\/staticqbr-be-prod.tnprod.cdn.dmdsdp.com\/image-service\/ImagesEPG\/EventImages\/866__2ea__8662eaeb-43ed-4c7d-b06c-564a867a3267__B169419113.jpg"}},"G":{"GIFTOFTHEMAGI":{"channels":{"lgi-be-prod-master:ladeuxhd":1},"startl":"1640591400","starth":"1640591400","title":"Gift of the Magi","icon":"https:\/\/staticqbr-be-prod.tnprod.cdn.dmdsdp.com\/image-service\/ImagesEPG\/EventImages\/c0f__dd3__c0fdd3cc-5b4c-4eb0-997b-7726c7612a4f__B49816500.jpg"},"GOLDENCHRISTMAS3":{"channels":{"lgi-be-prod-master:c8":1},"startl":"1640605200","starth":"1640605200","title":"Golden Christmas 3","icon":"https:\/\/staticqbr-be-prod.tnprod.cdn.dmdsdp.com\/image-service\/ImagesEPG\/EventImages\/835__072__83507257-fcab-45d6-9f5e-020a9068a43d__B105936401.jpg"}},"I":{"ILLBEHOMEFORCHRISTMAS":{"channels":{"lgi-be-prod-master:c8":1},"startl":"1640592600","starth":"1640592600","title":"I'll Be Home for Christmas","icon":"https:\/\/staticqbr-be-prod.tnprod.cdn.dmdsdp.com\/image-service\/ImagesEPG\/EventImages\/268__9ba__2689ba98-d387-45d9-8794-edd96e03c0da__B49891178.jpg"},"INTOTHELABYRINTH":{"channels":{"lgi-be-prod-master:primestarhd":1},"startl":"1640560380","starth":"1640560380","title":"Into the Labyrinth","icon":"https:\/\/staticqbr-be-prod.tnprod.cdn.dmdsdp.com\/image-service\/ImagesEPG\/EventImages\/ea8__b17__ea8b17dc-d6c5-4781-85e1-7070c1e325d7__B208213696.jpg"},"ITSCHRISTMASCAROL":{"channels":{"lgi-be-prod-master:c8":1},"startl":"1640598900","starth":"1640598900","title":"It's Christmas, Carol !","icon":"https:\/\/staticqbr-be-prod.tnprod.cdn.dmdsdp.com\/image-service\/ImagesEPG\/EventImages\/3ad__c10__3adc10d5-5bd3-471f-a2fc-6dc8f7796958__B49891171.jpg"}},"K":{"KNIVESOUT":{"channels":{"lgi-be-prod-master:primeaction":1},"startl":"1640564700","starth":"1640564700","title":"Knives Out","icon":"https:\/\/staticqbr-be-prod.tnprod.cdn.dmdsdp.com\/image-service\/ImagesEPG\/EventImages\/3b9__d7b__3b9d7bc4-391d-4a5c-804d-76e94b7ff2a2__B207889848.jpg"}},"L":{"LOCKEDDOWN":{"channels":{"lgi-be-prod-master:primeaction":1},"startl":"1640602200","starth":"1640602200","title":"Locked Down","icon":"https:\/\/staticqbr-be-prod.tnprod.cdn.dmdsdp.com\/image-service\/ImagesEPG\/EventImages\/6e8__baa__6e8baad4-64ed-449d-b408-5b107dc197b9__B203709809.jpg"},"LYNNLUCY":{"channels":{"lgi-be-prod-master:primeaction":1},"startl":"1640577000","starth":"1640577000","title":"Lynn + Lucy","icon":"https:\/\/staticqbr-be-prod.tnprod.cdn.dmdsdp.com\/image-service\/ImagesEPG\/EventImages\/606__ec4__606ec45a-4b5f-4506-a1a4-10c399aadd6a__B182122818.jpg"}},"M":{"MYCHRISTMASLOVE":{"channels":{"lgi-be-prod-master:tmc":1},"startl":"1640603400","starth":"1640603400","title":"My Christmas Love","icon":"https:\/\/staticqbr-be-prod.tnprod.cdn.dmdsdp.com\/image-service\/ImagesEPG\/EventImages\/c7c__d85__c7cd8563-c7e3-4e9d-b69e-b316e082c2a8__B115994625.jpg"}},"N":{"NACHTWACHTDEPOORTDERZIELEN":{"channels":{"lgi-be-prod-master:ketnet":1},"startl":"1640590200","starth":"1640590200","title":"Nachtwacht: De poort der zielen","icon":"https:\/\/staticqbr-be-prod.tnprod.cdn.dmdsdp.com\/image-service\/ImagesEPG\/EventImages\/aa4__3a0__aa43a0b8-68dd-4cde-bff1-0e75c9a67208__B145695933.jpg"}},"O":{"OPERATIEKERSTMAN":{"channels":{"lgi-be-prod-master:ketnet":1},"startl":"1640586900","starth":"1640586900","title":"Operatie Kerstman","icon":"https:\/\/staticqbr-be-prod.tnprod.cdn.dmdsdp.com\/image-service\/ImagesEPG\/EventImages\/1fc__e00__1fce00fc-032c-4b0c-89e9-1386ca9c7368__B210971701.jpg"},"OSLO":{"channels":{"lgi-be-prod-master:primestarhd":1},"startl":"1640575800","starth":"1640575800","title":"Oslo","icon":"https:\/\/staticqbr-be-prod.tnprod.cdn.dmdsdp.com\/image-service\/ImagesEPG\/EventImages\/6cf__44c__6cf44ced-4ff9-4697-90eb-c1baeb4f9eef__B203258966.jpg"}},"P":{"PAYDIRT":{"channels":{"lgi-be-prod-master:primeaction":1},"startl":"1640572200","starth":"1640572200","title":"Paydirt","icon":"https:\/\/staticqbr-be-prod.tnprod.cdn.dmdsdp.com\/image-service\/ImagesEPG\/EventImages\/3b3__b3a__3b3b3a28-fd77-41bb-87fa-56603b763e3b__B182327170.jpg"}},"R":{"RIDEYOURWAVE":{"channels":{"lgi-be-prod-master:primeaction":1},"startl":"1640589900","starth":"1640589900","title":"Ride Your Wave","icon":"https:\/\/staticqbr-be-prod.tnprod.cdn.dmdsdp.com\/image-service\/ImagesEPG\/EventImages\/698__b18__698b1897-0d77-4f9b-8c41-097f95b7503c__B203258969.jpg"},"ROBOCOP3":{"channels":{"lgi-be-prod-master:foxbelgium":1},"startl":"1640560500","starth":"1640560500","title":"RoboCop 3","icon":"https:\/\/staticqbr-be-prod.tnprod.cdn.dmdsdp.com\/image-service\/ImagesEPG\/EventImages\/f9d__c4a__f9dc4acf-a8f3-4b96-b769-87f322f2637d__B107353224.jpg"}},"T":{"THECALL":{"channels":{"lgi-be-prod-master:channel6":1},"startl":"1640566200","starth":"1640566200","title":"The Call","icon":"https:\/\/staticqbr-be-prod.tnprod.cdn.dmdsdp.com\/image-service\/ImagesEPG\/EventImages\/5f8__56d__5f856d5e-96c0-4e9e-83e4-e5708c4eda5a__B203709797.jpg"},"THEKINGOFSTATENISLAND":{"channels":{"lgi-be-prod-master:primestarhd":1},"startl":"1640567880","starth":"1640567880","title":"The King of Staten Island","icon":"https:\/\/staticqbr-be-prod.tnprod.cdn.dmdsdp.com\/image-service\/ImagesEPG\/EventImages\/d25__692__d2569208-deef-43e5-a217-6fbb43a07690__B201917309.jpg"},"THEMANWHOSOLDHISSKIN":{"channels":{"lgi-be-prod-master:primestarhd":1},"startl":"1640597820","starth":"1640597820","title":"The Man Who Sold His Skin","icon":"https:\/\/staticqbr-be-prod.tnprod.cdn.dmdsdp.com\/image-service\/ImagesEPG\/EventImages\/f58__077__f5807743-ca34-4c0b-b28c-74c6c47eadd5__B210800881.jpg"},"THEPERSONALHISTORYOFDAVIDCOPPERFIELD":{"channels":{"lgi-be-prod-master:primeaction":1},"startl":"1640595300","starth":"1640595300","title":"The Personal History of David Copperfield","icon":"https:\/\/staticqbr-be-prod.tnprod.cdn.dmdsdp.com\/image-service\/ImagesEPG\/EventImages\/5db__adf__5dbadfb9-efe2-4b0e-9da8-0b528ff7953a__B200548545.jpg"},"THESCORPIONKINGBOOKOFSOULS":{"channels":{"lgi-be-prod-master:primestarhd":1},"startl":"1640603820","starth":"1640603820","title":"The Scorpion King: Book of Souls","icon":"https:\/\/staticqbr-be-prod.tnprod.cdn.dmdsdp.com\/image-service\/ImagesEPG\/EventImages\/a4e__a58__a4ea5816-0456-48c4-af12-07953d7e43d0__B210511486.jpg"},"THEVIGIL":{"channels":{"lgi-be-prod-master:channel6":1},"startl":"1640571900","starth":"1640571900","title":"The Vigil","icon":"https:\/\/staticqbr-be-prod.tnprod.cdn.dmdsdp.com\/image-service\/ImagesEPG\/EventImages\/6b2__b18__6b2b189d-cfc9-4d68-9fa1-f417fdf075ec__B200548553.jpg"},"TOMENJERRYHETVERDWAALDEDRAAKJE":{"channels":{"lgi-be-prod-master:boomerang":1},"startl":"1640595600","starth":"1640595600","title":"Tom en Jerry: Het Verdwaalde Draakje","icon":"https:\/\/staticqbr-be-prod.tnprod.cdn.dmdsdp.com\/image-service\/ImagesEPG\/EventImages\/db0__f28__db0f2893-25d8-4147-8910-68085455bff5__B130540274.jpg"}}}