<programme channel="1uWAPcrmwNYPMkRQdDJBKVqwVwTdgABlYPpmQPe8" start="20221228230000 +0000" stop="20221229010000 +0000" catchup-id="6C5e8sp8uA-QGRqsHyFAaTPIZN-79swhch6GafA2"><title>Non-stop de beste Schlager muziek</title><date></date><icon src="https://m7be2.solocoo.tv/m7be2iphone/mmchan/mpimages/208x308/zhtCD_MZZMLcxMPCSSVrPA.jpg"></icon><desc></desc><category></category></programme><programme channel="1uWAPcrmwNYPMkRQdDJBKVqwVwTdgABlYPpmQPe8" start="20221229010000 +0000" stop="20221229030000 +0000" catchup-id="nUdo6f5VlrtuqWyO75d1LC7r3lyYGrqcq8OsgIcq"><title>Non-stop de beste Schlager muziek</title><date></date><icon src="https://m7be2.solocoo.tv/m7be2iphone/mmchan/mpimages/208x308/zhtCD_MZZMLcxMPCSSVrPA.jpg"></icon><desc></desc><category></category></programme><programme channel="1uWAPcrmwNYPMkRQdDJBKVqwVwTdgABlYPpmQPe8" start="20221229030000 +0000" stop="20221229050000 +0000" catchup-id="MaHjcYQnDxiYPH5OEoPeWsT6NrUR5-uiOJvhxuu1"><title>Non-stop de beste Schlager muziek</title><date></date><icon src="https://m7be2.solocoo.tv/m7be2iphone/mmchan/mpimages/208x308/zhtCD_MZZMLcxMPCSSVrPA.jpg"></icon><desc></desc><category></category></programme><programme channel="1uWAPcrmwNYPMkRQdDJBKVqwVwTdgABlYPpmQPe8" start="20221229050000 +0000" stop="20221229070000 +0000" catchup-id="EfRxyV1CXUBK4jN2EXkL4vNhEpCN2O_NApgDIEIw"><title>Non-stop de beste Schlager muziek</title><date></date><icon src="https://m7be2.solocoo.tv/m7be2iphone/mmchan/mpimages/208x308/zhtCD_MZZMLcxMPCSSVrPA.jpg"></icon><desc></desc><category></category></programme><programme channel="1uWAPcrmwNYPMkRQdDJBKVqwVwTdgABlYPpmQPe8" start="20221229070000 +0000" stop="20221229090000 +0000" catchup-id="r9GfEmnIRmV46rAXO3fU9j7z9CVvhVjlpZ9sgKwv"><title>Non-stop de beste Schlager muziek</title><date></date><icon src="https://m7be2.solocoo.tv/m7be2iphone/mmchan/mpimages/208x308/zhtCD_MZZMLcxMPCSSVrPA.jpg"></icon><desc></desc><category></category></programme><programme channel="1uWAPcrmwNYPMkRQdDJBKVqwVwTdgABlYPpmQPe8" start="20221229090000 +0000" stop="20221229110000 +0000" catchup-id="Me-00-IUvgMn5KUgqD8295yyVQVmz7XHTqfTh4m7"><title>Non-stop de beste Schlager muziek</title><date></date><icon src="https://m7be2.solocoo.tv/m7be2iphone/mmchan/mpimages/208x308/zhtCD_MZZMLcxMPCSSVrPA.jpg"></icon><desc></desc><category></category></programme><programme channel="1uWAPcrmwNYPMkRQdDJBKVqwVwTdgABlYPpmQPe8" start="20221229110000 +0000" stop="20221229130000 +0000" catchup-id="EyiipJimY38fifQiO8jwLYj_2XuMXDih8iS_6UAw"><title>Non-stop de beste Schlager muziek</title><date></date><icon src="https://m7be2.solocoo.tv/m7be2iphone/mmchan/mpimages/208x308/zhtCD_MZZMLcxMPCSSVrPA.jpg"></icon><desc></desc><category></category></programme><programme channel="1uWAPcrmwNYPMkRQdDJBKVqwVwTdgABlYPpmQPe8" start="20221229130000 +0000" stop="20221229150000 +0000" catchup-id="JpfBflMozrMg-_wowD4TOEIq-UBTNAiKBg83822F"><title>Non-stop de beste Schlager muziek</title><date></date><icon src="https://m7be2.solocoo.tv/m7be2iphone/mmchan/mpimages/208x308/zhtCD_MZZMLcxMPCSSVrPA.jpg"></icon><desc></desc><category></category></programme><programme channel="1uWAPcrmwNYPMkRQdDJBKVqwVwTdgABlYPpmQPe8" start="20221229150000 +0000" stop="20221229170000 +0000" catchup-id="fBsjZEDpCeZTcVHH_H3lXaHhl4Qy94kHhZ0lG-5l"><title>Non-stop de beste Schlager muziek</title><date></date><icon src="https://m7be2.solocoo.tv/m7be2iphone/mmchan/mpimages/208x308/zhtCD_MZZMLcxMPCSSVrPA.jpg"></icon><desc></desc><category></category></programme><programme channel="1uWAPcrmwNYPMkRQdDJBKVqwVwTdgABlYPpmQPe8" start="20221229170000 +0000" stop="20221229190000 +0000" catchup-id="SKmU1HbB9vKTMW5xqGbRMh9hy0OSxwnfOjaCcMCZ"><title>Non-stop de beste Schlager muziek</title><date></date><icon src="https://m7be2.solocoo.tv/m7be2iphone/mmchan/mpimages/208x308/zhtCD_MZZMLcxMPCSSVrPA.jpg"></icon><desc></desc><category></category></programme><programme channel="1uWAPcrmwNYPMkRQdDJBKVqwVwTdgABlYPpmQPe8" start="20221229190000 +0000" stop="20221229210000 +0000" catchup-id="vpjdvTyl4K1QSGMOXbBp9c4CpkR4cKoY-3FVc3x2"><title>Non-stop de beste Schlager muziek</title><date></date><icon src="https://m7be2.solocoo.tv/m7be2iphone/mmchan/mpimages/208x308/zhtCD_MZZMLcxMPCSSVrPA.jpg"></icon><desc></desc><category></category></programme><programme channel="1uWAPcrmwNYPMkRQdDJBKVqwVwTdgABlYPpmQPe8" start="20221229210000 +0000" stop="20221229230000 +0000" catchup-id="MP2qvT2wF008N-4WcVc0z1LXhg3FCBCLPUMOs6un"><title>Non-stop de beste Schlager muziek</title><date></date><icon src="https://m7be2.solocoo.tv/m7be2iphone/mmchan/mpimages/208x308/zhtCD_MZZMLcxMPCSSVrPA.jpg"></icon><desc></desc><category></category></programme><programme channel="1uWAPcrmwNYPMkRQdDJBKVqwVwTdgABlYPpmQPe8" start="20221229230000 +0000" stop="20221230010000 +0000" catchup-id="FgssFza1wq_UT5hxvxzhYR8xgSDW0HzIVp_WE7oZ"><title>Non-stop de beste Schlager muziek</title><date></date><icon src="https://m7be2.solocoo.tv/m7be2iphone/mmchan/mpimages/208x308/zhtCD_MZZMLcxMPCSSVrPA.jpg"></icon><desc></desc><category></category></programme><programme channel="1uWAPcrmwNYPMkRQdDJBKVqwVwTdgABlYPpmQPe8" start="20221230010000 +0000" stop="20221230030000 +0000" catchup-id="SQJ8hJmSA54kwcStXnSFdsJdbWyFDuqnHdmF_egL"><title>Non-stop de beste Schlager muziek</title><date></date><icon src="https://m7be2.solocoo.tv/m7be2iphone/mmchan/mpimages/208x308/zhtCD_MZZMLcxMPCSSVrPA.jpg"></icon><desc></desc><category></category></programme><programme channel="1uWAPcrmwNYPMkRQdDJBKVqwVwTdgABlYPpmQPe8" start="20221230030000 +0000" stop="20221230050000 +0000" catchup-id="hd5JcLEUoJHtFDjnfAQorC2C-SitxqLHkPZ4y0dX"><title>Non-stop de beste Schlager muziek</title><date></date><icon src="https://m7be2.solocoo.tv/m7be2iphone/mmchan/mpimages/208x308/zhtCD_MZZMLcxMPCSSVrPA.jpg"></icon><desc></desc><category></category></programme><programme channel="1uWAPcrmwNYPMkRQdDJBKVqwVwTdgABlYPpmQPe8" start="20221230050000 +0000" stop="20221230070000 +0000" catchup-id="vS1dx9H81vKWi5s-P1pLPEoqnmLrhXXpyZQaAJeq"><title>Non-stop de beste Schlager muziek</title><date></date><icon src="https://m7be2.solocoo.tv/m7be2iphone/mmchan/mpimages/208x308/zhtCD_MZZMLcxMPCSSVrPA.jpg"></icon><desc></desc><category></category></programme><programme channel="1uWAPcrmwNYPMkRQdDJBKVqwVwTdgABlYPpmQPe8" start="20221230070000 +0000" stop="20221230090000 +0000" catchup-id="Zn6B02zAren0gQkALNugC-M8y0lyb1ub4MBZUyFI"><title>Non-stop de beste Schlager muziek</title><date></date><icon src="https://m7be2.solocoo.tv/m7be2iphone/mmchan/mpimages/208x308/zhtCD_MZZMLcxMPCSSVrPA.jpg"></icon><desc></desc><category></category></programme><programme channel="1uWAPcrmwNYPMkRQdDJBKVqwVwTdgABlYPpmQPe8" start="20221230090000 +0000" stop="20221230110000 +0000" catchup-id="IgWIQ1Bq4oQec64Vey_EGq0tRXPNPb2Ln7RKjV6J"><title>Non-stop de beste Schlager muziek</title><date></date><icon src="https://m7be2.solocoo.tv/m7be2iphone/mmchan/mpimages/208x308/zhtCD_MZZMLcxMPCSSVrPA.jpg"></icon><desc></desc><category></category></programme><programme channel="1uWAPcrmwNYPMkRQdDJBKVqwVwTdgABlYPpmQPe8" start="20221230110000 +0000" stop="20221230130000 +0000" catchup-id="d5GuI6s0Hl9iZVn_w87HKSrx8I-KIFTttol1k07R"><title>Non-stop de beste Schlager muziek</title><date></date><icon src="https://m7be2.solocoo.tv/m7be2iphone/mmchan/mpimages/208x308/zhtCD_MZZMLcxMPCSSVrPA.jpg"></icon><desc></desc><category></category></programme><programme channel="1uWAPcrmwNYPMkRQdDJBKVqwVwTdgABlYPpmQPe8" start="20221230130000 +0000" stop="20221230150000 +0000" catchup-id="yG4glqFT5xUcC0W7u0rizYs-jjnKvb3BtjGYJvTJ"><title>Non-stop de beste Schlager muziek</title><date></date><icon src="https://m7be2.solocoo.tv/m7be2iphone/mmchan/mpimages/208x308/zhtCD_MZZMLcxMPCSSVrPA.jpg"></icon><desc></desc><category></category></programme><programme channel="1uWAPcrmwNYPMkRQdDJBKVqwVwTdgABlYPpmQPe8" start="20221230150000 +0000" stop="20221230170000 +0000" catchup-id="ZnIR0SQBU_IMNPkR7ZnUyrpjKtd_dfHCaC0Ypwzd"><title>Non-stop de beste Schlager muziek</title><date></date><icon src="https://m7be2.solocoo.tv/m7be2iphone/mmchan/mpimages/208x308/zhtCD_MZZMLcxMPCSSVrPA.jpg"></icon><desc></desc><category></category></programme><programme channel="1uWAPcrmwNYPMkRQdDJBKVqwVwTdgABlYPpmQPe8" start="20221230170000 +0000" stop="20221230190000 +0000" catchup-id="zvzV_1jB0cK_Y-oXtdLryshQNpw9_TdGhLL9MM5K"><title>Non-stop de beste Schlager muziek</title><date></date><icon src="https://m7be2.solocoo.tv/m7be2iphone/mmchan/mpimages/208x308/zhtCD_MZZMLcxMPCSSVrPA.jpg"></icon><desc></desc><category></category></programme><programme channel="1uWAPcrmwNYPMkRQdDJBKVqwVwTdgABlYPpmQPe8" start="20221230190000 +0000" stop="20221230210000 +0000" catchup-id="DV4qCNPZWbVbWpIzZtO9pKeFgdULn2KIZZcmvE97"><title>Non-stop de beste Schlager muziek</title><date></date><icon src="https://m7be2.solocoo.tv/m7be2iphone/mmchan/mpimages/208x308/zhtCD_MZZMLcxMPCSSVrPA.jpg"></icon><desc></desc><category></category></programme><programme channel="1uWAPcrmwNYPMkRQdDJBKVqwVwTdgABlYPpmQPe8" start="20221230210000 +0000" stop="20221230230000 +0000" catchup-id="3fdax0u5EWhAvOqDBpqN-ZG2c4UDL2tS2Z_R9G4I"><title>Non-stop de beste Schlager muziek</title><date></date><icon src="https://m7be2.solocoo.tv/m7be2iphone/mmchan/mpimages/208x308/zhtCD_MZZMLcxMPCSSVrPA.jpg"></icon><desc></desc><category></category></programme><programme channel="1uWAPcrmwNYPMkRQdDJBKVqwVwTdgABlYPpmQPe8" start="20221230230000 +0000" stop="20221231010000 +0000" catchup-id="UoAlS0IlW9F2EhQkyo84317LfbKDIRm7cnRfwIfS"><title>Non-stop de beste Schlager muziek</title><date></date><icon src="https://m7be2.solocoo.tv/m7be2iphone/mmchan/mpimages/208x308/zhtCD_MZZMLcxMPCSSVrPA.jpg"></icon><desc></desc><category></category></programme><programme channel="1uWAPcrmwNYPMkRQdDJBKVqwVwTdgABlYPpmQPe8" start="20221231010000 +0000" stop="20221231030000 +0000" catchup-id="8xsy5CnaL1lHqCF04bQr3bmymhjMYl9oDjGNaBEw"><title>Non-stop de beste Schlager muziek</title><date></date><icon src="https://m7be2.solocoo.tv/m7be2iphone/mmchan/mpimages/208x308/zhtCD_MZZMLcxMPCSSVrPA.jpg"></icon><desc></desc><category></category></programme><programme channel="1uWAPcrmwNYPMkRQdDJBKVqwVwTdgABlYPpmQPe8" start="20221231030000 +0000" stop="20221231050000 +0000" catchup-id="Yl7fcp38suBrIFHtMEVTb0Eo80CGp5LtKbcZ-Obz"><title>Non-stop de beste Schlager muziek</title><date></date><icon src="https://m7be2.solocoo.tv/m7be2iphone/mmchan/mpimages/208x308/zhtCD_MZZMLcxMPCSSVrPA.jpg"></icon><desc></desc><category></category></programme><programme channel="1uWAPcrmwNYPMkRQdDJBKVqwVwTdgABlYPpmQPe8" start="20221231050000 +0000" stop="20221231070000 +0000" catchup-id="eE1GWxJKYBeU5CC0D3dMGNR7iZqio7dNW-8zibt7"><title>Non-stop de beste Schlager muziek</title><date></date><icon src="https://m7be2.solocoo.tv/m7be2iphone/mmchan/mpimages/208x308/zhtCD_MZZMLcxMPCSSVrPA.jpg"></icon><desc></desc><category></category></programme><programme channel="1uWAPcrmwNYPMkRQdDJBKVqwVwTdgABlYPpmQPe8" start="20221231070000 +0000" stop="20221231090000 +0000" catchup-id="qcgZS4vbKjm1qPTBagrPMcNHfcpoI6OILaEVgrSx"><title>Non-stop de beste Schlager muziek</title><date></date><icon src="https://m7be2.solocoo.tv/m7be2iphone/mmchan/mpimages/208x308/zhtCD_MZZMLcxMPCSSVrPA.jpg"></icon><desc></desc><category></category></programme><programme channel="1uWAPcrmwNYPMkRQdDJBKVqwVwTdgABlYPpmQPe8" start="20221231090000 +0000" stop="20221231110000 +0000" catchup-id="kQo41RjbzSSy5bzXvOgLAQRTuAdTVvwv8sIpO_HR"><title>Non-stop de beste Schlager muziek</title><date></date><icon src="https://m7be2.solocoo.tv/m7be2iphone/mmchan/mpimages/208x308/zhtCD_MZZMLcxMPCSSVrPA.jpg"></icon><desc></desc><category></category></programme><programme channel="1uWAPcrmwNYPMkRQdDJBKVqwVwTdgABlYPpmQPe8" start="20221231110000 +0000" stop="20221231130000 +0000" catchup-id="0vVz_Hs-H_sJYU5F1HAQlmcJCC4PaaebRLgZBj8K"><title>Non-stop de beste Schlager muziek</title><date></date><icon src="https://m7be2.solocoo.tv/m7be2iphone/mmchan/mpimages/208x308/zhtCD_MZZMLcxMPCSSVrPA.jpg"></icon><desc></desc><category></category></programme><programme channel="1uWAPcrmwNYPMkRQdDJBKVqwVwTdgABlYPpmQPe8" start="20221231130000 +0000" stop="20221231150000 +0000" catchup-id="S7N7Q4WbrYV9WA2LNB20MMmr_Sgsar0F913cFs1g"><title>Non-stop de beste Schlager muziek</title><date></date><icon src="https://m7be2.solocoo.tv/m7be2iphone/mmchan/mpimages/208x308/zhtCD_MZZMLcxMPCSSVrPA.jpg"></icon><desc></desc><category></category></programme><programme channel="1uWAPcrmwNYPMkRQdDJBKVqwVwTdgABlYPpmQPe8" start="20221231150000 +0000" stop="20221231170000 +0000" catchup-id="zfEd6OnIIrDENnuo7WclACBopYopZUYFvltjzqlW"><title>Non-stop de beste Schlager muziek</title><date></date><icon src="https://m7be2.solocoo.tv/m7be2iphone/mmchan/mpimages/208x308/zhtCD_MZZMLcxMPCSSVrPA.jpg"></icon><desc></desc><category></category></programme><programme channel="1uWAPcrmwNYPMkRQdDJBKVqwVwTdgABlYPpmQPe8" start="20221231170000 +0000" stop="20221231190000 +0000" catchup-id="EwJqnjWuKgWE2m2GP49NDNatqu9d_ZQ4rs66VTrG"><title>Non-stop de beste Schlager muziek</title><date></date><icon src="https://m7be2.solocoo.tv/m7be2iphone/mmchan/mpimages/208x308/zhtCD_MZZMLcxMPCSSVrPA.jpg"></icon><desc></desc><category></category></programme><programme channel="1uWAPcrmwNYPMkRQdDJBKVqwVwTdgABlYPpmQPe8" start="20221231190000 +0000" stop="20221231210000 +0000" catchup-id="oL8xphHllvfpnEMaPXceGU9ml5EKuznNrMTqIZ0f"><title>Non-stop de beste Schlager muziek</title><date></date><icon src="https://m7be2.solocoo.tv/m7be2iphone/mmchan/mpimages/208x308/zhtCD_MZZMLcxMPCSSVrPA.jpg"></icon><desc></desc><category></category></programme><programme channel="1uWAPcrmwNYPMkRQdDJBKVqwVwTdgABlYPpmQPe8" start="20221231210000 +0000" stop="20221231230000 +0000" catchup-id="mXuZYpeK-h82zuY2MEg5zpGdPFtJap2qQx5ut2x5"><title>Non-stop de beste Schlager muziek</title><date></date><icon src="https://m7be2.solocoo.tv/m7be2iphone/mmchan/mpimages/208x308/zhtCD_MZZMLcxMPCSSVrPA.jpg"></icon><desc></desc><category></category></programme><programme channel="1uWAPcrmwNYPMkRQdDJBKVqwVwTdgABlYPpmQPe8" start="20221231230000 +0000" stop="20230101010000 +0000" catchup-id="9mJMEuIg2O_zE7B4x1CUXnswOrqw6CfXXuGeNXDV"><title>Non-stop de beste Schlager muziek</title><date></date><icon src="https://m7be2.solocoo.tv/m7be2iphone/mmchan/mpimages/208x308/zhtCD_MZZMLcxMPCSSVrPA.jpg"></icon><desc></desc><category></category></programme><programme channel="1uWAPcrmwNYPMkRQdDJBKVqwVwTdgABlYPpmQPe8" start="20230101010000 +0000" stop="20230101030000 +0000" catchup-id="9qFs4ADNpKIDKpPm2IHL2AKrBvVsP5LzFjqvTpw-"><title>Non-stop de beste Schlager muziek</title><date></date><icon src="https://m7be2.solocoo.tv/m7be2iphone/mmchan/mpimages/208x308/zhtCD_MZZMLcxMPCSSVrPA.jpg"></icon><desc></desc><category></category></programme><programme channel="1uWAPcrmwNYPMkRQdDJBKVqwVwTdgABlYPpmQPe8" start="20230101030000 +0000" stop="20230101050000 +0000" catchup-id="VyDb_ka7suzonCXrkq7XQkH9iFW_v4gPYhtKtfsU"><title>Non-stop de beste Schlager muziek</title><date></date><icon src="https://m7be2.solocoo.tv/m7be2iphone/mmchan/mpimages/208x308/zhtCD_MZZMLcxMPCSSVrPA.jpg"></icon><desc></desc><category></category></programme><programme channel="1uWAPcrmwNYPMkRQdDJBKVqwVwTdgABlYPpmQPe8" start="20230101050000 +0000" stop="20230101070000 +0000" catchup-id="83kVkjVXH7JEjwmQeDBXVJTwia-XUpu0UgrUeyJ-"><title>Non-stop de beste Schlager muziek</title><date></date><icon src="https://m7be2.solocoo.tv/m7be2iphone/mmchan/mpimages/208x308/zhtCD_MZZMLcxMPCSSVrPA.jpg"></icon><desc></desc><category></category></programme><programme channel="1uWAPcrmwNYPMkRQdDJBKVqwVwTdgABlYPpmQPe8" start="20230101070000 +0000" stop="20230101090000 +0000" catchup-id="ZkhDG-vYbiOr03GYD1OoISekJSfEHh1y-NakXN9R"><title>Non-stop de beste Schlager muziek</title><date></date><icon src="https://m7be2.solocoo.tv/m7be2iphone/mmchan/mpimages/208x308/zhtCD_MZZMLcxMPCSSVrPA.jpg"></icon><desc></desc><category></category></programme><programme channel="1uWAPcrmwNYPMkRQdDJBKVqwVwTdgABlYPpmQPe8" start="20230101090000 +0000" stop="20230101110000 +0000" catchup-id="1HugMyieOBTCp5xnwsebjJinjvIhxaGjvgSJ79Fd"><title>Non-stop de beste Schlager muziek</title><date></date><icon src="https://m7be2.solocoo.tv/m7be2iphone/mmchan/mpimages/208x308/zhtCD_MZZMLcxMPCSSVrPA.jpg"></icon><desc></desc><category></category></programme><programme channel="1uWAPcrmwNYPMkRQdDJBKVqwVwTdgABlYPpmQPe8" start="20230101110000 +0000" stop="20230101130000 +0000" catchup-id="UvWhs3Esz0V_9aRPWo2DJSuJgmM-tphgkqfhAf7x"><title>Non-stop de beste Schlager muziek</title><date></date><icon src="https://m7be2.solocoo.tv/m7be2iphone/mmchan/mpimages/208x308/zhtCD_MZZMLcxMPCSSVrPA.jpg"></icon><desc></desc><category></category></programme><programme channel="1uWAPcrmwNYPMkRQdDJBKVqwVwTdgABlYPpmQPe8" start="20230101130000 +0000" stop="20230101150000 +0000" catchup-id="LxEfD-a5gFMgrM1lCIRAbPhmdT3P3UGPWk_ozPxT"><title>Non-stop de beste Schlager muziek</title><date></date><icon src="https://m7be2.solocoo.tv/m7be2iphone/mmchan/mpimages/208x308/zhtCD_MZZMLcxMPCSSVrPA.jpg"></icon><desc></desc><category></category></programme><programme channel="1uWAPcrmwNYPMkRQdDJBKVqwVwTdgABlYPpmQPe8" start="20230101150000 +0000" stop="20230101170000 +0000" catchup-id="px1_FPEVt_NEDEX7cMTcfc0N_kKYRJWzbfLFY2Sm"><title>Non-stop de beste Schlager muziek</title><date></date><icon src="https://m7be2.solocoo.tv/m7be2iphone/mmchan/mpimages/208x308/zhtCD_MZZMLcxMPCSSVrPA.jpg"></icon><desc></desc><category></category></programme><programme channel="1uWAPcrmwNYPMkRQdDJBKVqwVwTdgABlYPpmQPe8" start="20230101170000 +0000" stop="20230101190000 +0000" catchup-id="MJRGdyYKADkrxMgXEMnMP8AwzBxjcKbEb3aJE1cY"><title>Non-stop de beste Schlager muziek</title><date></date><icon src="https://m7be2.solocoo.tv/m7be2iphone/mmchan/mpimages/208x308/zhtCD_MZZMLcxMPCSSVrPA.jpg"></icon><desc></desc><category></category></programme><programme channel="1uWAPcrmwNYPMkRQdDJBKVqwVwTdgABlYPpmQPe8" start="20230101190000 +0000" stop="20230101210000 +0000" catchup-id="GYFnzJxKki1Qq1vLHBWUrWNk0setaeUCQwx4I61u"><title>Non-stop de beste Schlager muziek</title><date></date><icon src="https://m7be2.solocoo.tv/m7be2iphone/mmchan/mpimages/208x308/zhtCD_MZZMLcxMPCSSVrPA.jpg"></icon><desc></desc><category></category></programme><programme channel="1uWAPcrmwNYPMkRQdDJBKVqwVwTdgABlYPpmQPe8" start="20230101210000 +0000" stop="20230101230000 +0000" catchup-id="y6u6e6ZkxIBjz4grsskEDEzYL-w9KsLToElvG6H5"><title>Non-stop de beste Schlager muziek</title><date></date><icon src="https://m7be2.solocoo.tv/m7be2iphone/mmchan/mpimages/208x308/zhtCD_MZZMLcxMPCSSVrPA.jpg"></icon><desc></desc><category></category></programme><programme channel="1uWAPcrmwNYPMkRQdDJBKVqwVwTdgABlYPpmQPe8" start="20230101230000 +0000" stop="20230102010000 +0000" catchup-id="GJTZkNwpsPf2AX-yE3gyjC3exPD4GCboIBUXUGPe"><title>Non-stop de beste Schlager muziek</title><date></date><icon src="https://m7be2.solocoo.tv/m7be2iphone/mmchan/mpimages/208x308/zhtCD_MZZMLcxMPCSSVrPA.jpg"></icon><desc></desc><category></category></programme><programme channel="1uWAPcrmwNYPMkRQdDJBKVqwVwTdgABlYPpmQPe8" start="20230102010000 +0000" stop="20230102030000 +0000" catchup-id="BWLEbmAQC2P88bVtxjFhqI7vu81ghtY19A4eonTu"><title>Non-stop de beste Schlager muziek</title><date></date><icon src="https://m7be2.solocoo.tv/m7be2iphone/mmchan/mpimages/208x308/zhtCD_MZZMLcxMPCSSVrPA.jpg"></icon><desc></desc><category></category></programme><programme channel="1uWAPcrmwNYPMkRQdDJBKVqwVwTdgABlYPpmQPe8" start="20230102030000 +0000" stop="20230102050000 +0000" catchup-id="MsSna8j4PGmT7KcBmBhqv8eNibr-w_GdB8Co6tLZ"><title>Non-stop de beste Schlager muziek</title><date></date><icon src="https://m7be2.solocoo.tv/m7be2iphone/mmchan/mpimages/208x308/zhtCD_MZZMLcxMPCSSVrPA.jpg"></icon><desc></desc><category></category></programme><programme channel="1uWAPcrmwNYPMkRQdDJBKVqwVwTdgABlYPpmQPe8" start="20230102050000 +0000" stop="20230102070000 +0000" catchup-id="9DZGBhwZFb2VArL0m1ezcM7lrjxaLki5iekYqxUL"><title>Non-stop de beste Schlager muziek</title><date></date><icon src="https://m7be2.solocoo.tv/m7be2iphone/mmchan/mpimages/208x308/zhtCD_MZZMLcxMPCSSVrPA.jpg"></icon><desc></desc><category></category></programme><programme channel="1uWAPcrmwNYPMkRQdDJBKVqwVwTdgABlYPpmQPe8" start="20230102070000 +0000" stop="20230102090000 +0000" catchup-id="023a0gdzE8MNJ-MOV_QpyXT95lOk4Zd6TB0_99Lg"><title>Non-stop de beste Schlager muziek</title><date></date><icon src="https://m7be2.solocoo.tv/m7be2iphone/mmchan/mpimages/208x308/zhtCD_MZZMLcxMPCSSVrPA.jpg"></icon><desc></desc><category></category></programme><programme channel="1uWAPcrmwNYPMkRQdDJBKVqwVwTdgABlYPpmQPe8" start="20230102090000 +0000" stop="20230102110000 +0000" catchup-id="cJkhdT2j64YoD5u85o8jryn1z37zGrnu8h2dqjVb"><title>Non-stop de beste Schlager muziek</title><date></date><icon src="https://m7be2.solocoo.tv/m7be2iphone/mmchan/mpimages/208x308/zhtCD_MZZMLcxMPCSSVrPA.jpg"></icon><desc></desc><category></category></programme><programme channel="1uWAPcrmwNYPMkRQdDJBKVqwVwTdgABlYPpmQPe8" start="20230102110000 +0000" stop="20230102130000 +0000" catchup-id="vWHLXvVJ-6P6Pbp7DMt2xeJZ4VLlRJ89khrqF-xn"><title>Non-stop de beste Schlager muziek</title><date></date><icon src="https://m7be2.solocoo.tv/m7be2iphone/mmchan/mpimages/208x308/zhtCD_MZZMLcxMPCSSVrPA.jpg"></icon><desc></desc><category></category></programme><programme channel="1uWAPcrmwNYPMkRQdDJBKVqwVwTdgABlYPpmQPe8" start="20230102130000 +0000" stop="20230102150000 +0000" catchup-id="1QwXLQHW_CscMdEmpBiZDOR2rh3AGMsiYtWDV0Rf"><title>Non-stop de beste Schlager muziek</title><date></date><icon src="https://m7be2.solocoo.tv/m7be2iphone/mmchan/mpimages/208x308/zhtCD_MZZMLcxMPCSSVrPA.jpg"></icon><desc></desc><category></category></programme><programme channel="1uWAPcrmwNYPMkRQdDJBKVqwVwTdgABlYPpmQPe8" start="20230102150000 +0000" stop="20230102170000 +0000" catchup-id="Dh3fPp-p8jlu-vZ4_m65Pk-gc-6yez2dvv3ts_lN"><title>Non-stop de beste Schlager muziek</title><date></date><icon src="https://m7be2.solocoo.tv/m7be2iphone/mmchan/mpimages/208x308/zhtCD_MZZMLcxMPCSSVrPA.jpg"></icon><desc></desc><category></category></programme><programme channel="1uWAPcrmwNYPMkRQdDJBKVqwVwTdgABlYPpmQPe8" start="20230102170000 +0000" stop="20230102190000 +0000" catchup-id="DhKUCViw0bqAYmYOlTWBRfzVAixQkjpJZUFi40dc"><title>Non-stop de beste Schlager muziek</title><date></date><icon src="https://m7be2.solocoo.tv/m7be2iphone/mmchan/mpimages/208x308/zhtCD_MZZMLcxMPCSSVrPA.jpg"></icon><desc></desc><category></category></programme><programme channel="1uWAPcrmwNYPMkRQdDJBKVqwVwTdgABlYPpmQPe8" start="20230102190000 +0000" stop="20230102210000 +0000" catchup-id="q3dh3jhKtN9tyYFoir-ZXlMNYA3AJaZW7D_sQjyQ"><title>Non-stop de beste Schlager muziek</title><date></date><icon src="https://m7be2.solocoo.tv/m7be2iphone/mmchan/mpimages/208x308/zhtCD_MZZMLcxMPCSSVrPA.jpg"></icon><desc></desc><category></category></programme><programme channel="1uWAPcrmwNYPMkRQdDJBKVqwVwTdgABlYPpmQPe8" start="20230102210000 +0000" stop="20230102230000 +0000" catchup-id="_1RARDPjP2JOP9WqJ44sh0IWjZZridCBPlmjCigx"><title>Non-stop de beste Schlager muziek</title><date></date><icon src="https://m7be2.solocoo.tv/m7be2iphone/mmchan/mpimages/208x308/zhtCD_MZZMLcxMPCSSVrPA.jpg"></icon><desc></desc><category></category></programme><programme channel="1uWAPcrmwNYPMkRQdDJBKVqwVwTdgABlYPpmQPe8" start="20230102230000 +0000" stop="20230103010000 +0000" catchup-id="ZGTNr4dey5NVIjxXEHiSTKzWjM84utfVhdAIelkj"><title>Non-stop de beste Schlager muziek</title><date></date><icon src="https://m7be2.solocoo.tv/m7be2iphone/mmchan/mpimages/208x308/zhtCD_MZZMLcxMPCSSVrPA.jpg"></icon><desc></desc><category></category></programme><programme channel="1uWAPcrmwNYPMkRQdDJBKVqwVwTdgABlYPpmQPe8" start="20230103010000 +0000" stop="20230103030000 +0000" catchup-id="A3vZfMmMQ2gL7P4NOZ3b_m6aRdVZ-XuQ4anpbCIg"><title>Non-stop de beste Schlager muziek</title><date></date><icon src="https://m7be2.solocoo.tv/m7be2iphone/mmchan/mpimages/208x308/zhtCD_MZZMLcxMPCSSVrPA.jpg"></icon><desc></desc><category></category></programme><programme channel="1uWAPcrmwNYPMkRQdDJBKVqwVwTdgABlYPpmQPe8" start="20230103030000 +0000" stop="20230103050000 +0000" catchup-id="Hz5qgcPHMJrlCyTM1eOnzy003Jc05x8NLdMY5Um7"><title>Non-stop de beste Schlager muziek</title><date></date><icon src="https://m7be2.solocoo.tv/m7be2iphone/mmchan/mpimages/208x308/zhtCD_MZZMLcxMPCSSVrPA.jpg"></icon><desc></desc><category></category></programme><programme channel="1uWAPcrmwNYPMkRQdDJBKVqwVwTdgABlYPpmQPe8" start="20230103050000 +0000" stop="20230103070000 +0000" catchup-id="gU1CGGnrf5k0le1ZcFjLDsAekiX0MDO1GpBPjhUW"><title>Non-stop de beste Schlager muziek</title><date></date><icon src="https://m7be2.solocoo.tv/m7be2iphone/mmchan/mpimages/208x308/zhtCD_MZZMLcxMPCSSVrPA.jpg"></icon><desc></desc><category></category></programme><programme channel="1uWAPcrmwNYPMkRQdDJBKVqwVwTdgABlYPpmQPe8" start="20230103070000 +0000" stop="20230103090000 +0000" catchup-id="NAKrj4aKGp_--_C5XRXPnej5URizpWsOg8RlwFs6"><title>Non-stop de beste Schlager muziek</title><date></date><icon src="https://m7be2.solocoo.tv/m7be2iphone/mmchan/mpimages/208x308/zhtCD_MZZMLcxMPCSSVrPA.jpg"></icon><desc></desc><category></category></programme><programme channel="1uWAPcrmwNYPMkRQdDJBKVqwVwTdgABlYPpmQPe8" start="20230103090000 +0000" stop="20230103110000 +0000" catchup-id="GujBnrId6FcZu8gRb5BmhF1veu0_mPN_XmrJsj_T"><title>Non-stop de beste Schlager muziek</title><date></date><icon src="https://m7be2.solocoo.tv/m7be2iphone/mmchan/mpimages/208x308/zhtCD_MZZMLcxMPCSSVrPA.jpg"></icon><desc></desc><category></category></programme><programme channel="1uWAPcrmwNYPMkRQdDJBKVqwVwTdgABlYPpmQPe8" start="20230103110000 +0000" stop="20230103130000 +0000" catchup-id="8svhPscpA4bLS6Wg8fl7g5TfW-0ha_8KvyNr2BQc"><title>Non-stop de beste Schlager muziek</title><date></date><icon src="https://m7be2.solocoo.tv/m7be2iphone/mmchan/mpimages/208x308/zhtCD_MZZMLcxMPCSSVrPA.jpg"></icon><desc></desc><category></category></programme><programme channel="1uWAPcrmwNYPMkRQdDJBKVqwVwTdgABlYPpmQPe8" start="20230103130000 +0000" stop="20230103150000 +0000" catchup-id="ykvDV6yq1vxXBCw1CpfFkL8p0ZYrKIPjTFPFgYYL"><title>Non-stop de beste Schlager muziek</title><date></date><icon src="https://m7be2.solocoo.tv/m7be2iphone/mmchan/mpimages/208x308/zhtCD_MZZMLcxMPCSSVrPA.jpg"></icon><desc></desc><category></category></programme><programme channel="1uWAPcrmwNYPMkRQdDJBKVqwVwTdgABlYPpmQPe8" start="20230103150000 +0000" stop="20230103170000 +0000" catchup-id="wtlWKGZTCqUUo_F2hEE_P8m_twDeS3IjZOeVzcn3"><title>Non-stop de beste Schlager muziek</title><date></date><icon src="https://m7be2.solocoo.tv/m7be2iphone/mmchan/mpimages/208x308/zhtCD_MZZMLcxMPCSSVrPA.jpg"></icon><desc></desc><category></category></programme><programme channel="1uWAPcrmwNYPMkRQdDJBKVqwVwTdgABlYPpmQPe8" start="20230103170000 +0000" stop="20230103190000 +0000" catchup-id="4B8upJv2fpRggJsyp7YHUcF2tC0fNnDgwRvjzEUH"><title>Non-stop de beste Schlager muziek</title><date></date><icon src="https://m7be2.solocoo.tv/m7be2iphone/mmchan/mpimages/208x308/zhtCD_MZZMLcxMPCSSVrPA.jpg"></icon><desc></desc><category></category></programme><programme channel="1uWAPcrmwNYPMkRQdDJBKVqwVwTdgABlYPpmQPe8" start="20230103190000 +0000" stop="20230103210000 +0000" catchup-id="rn0DO4p6tphdYIJaJ4c9PEXLyS_WDUdBIjdxKQzu"><title>Non-stop de beste Schlager muziek</title><date></date><icon src="https://m7be2.solocoo.tv/m7be2iphone/mmchan/mpimages/208x308/zhtCD_MZZMLcxMPCSSVrPA.jpg"></icon><desc></desc><category></category></programme><programme channel="1uWAPcrmwNYPMkRQdDJBKVqwVwTdgABlYPpmQPe8" start="20230103210000 +0000" stop="20230103230000 +0000" catchup-id="SoA52fDiSbc_rij-DbN9BSJfXeHCEyp1qiWao8zv"><title>Non-stop de beste Schlager muziek</title><date></date><icon src="https://m7be2.solocoo.tv/m7be2iphone/mmchan/mpimages/208x308/zhtCD_MZZMLcxMPCSSVrPA.jpg"></icon><desc></desc><category></category></programme><programme channel="1uWAPcrmwNYPMkRQdDJBKVqwVwTdgABlYPpmQPe8" start="20230103230000 +0000" stop="20230104010000 +0000" catchup-id="8QN4B3LGaCTrBEdCOGxxYhVIovyPYt9hrFVk1tHY"><title>Non-stop de beste Schlager muziek</title><date></date><icon src="https://m7be2.solocoo.tv/m7be2iphone/mmchan/mpimages/208x308/zhtCD_MZZMLcxMPCSSVrPA.jpg"></icon><desc></desc><category></category></programme><programme channel="1uWAPcrmwNYPMkRQdDJBKVqwVwTdgABlYPpmQPe8" start="20230104010000 +0000" stop="20230104030000 +0000" catchup-id="ctp4DxMyGfOg2KSN10EDgMiiQBxw3KRFUtjzPNaM"><title>Non-stop de beste Schlager muziek</title><date></date><icon src="https://m7be2.solocoo.tv/m7be2iphone/mmchan/mpimages/208x308/zhtCD_MZZMLcxMPCSSVrPA.jpg"></icon><desc></desc><category></category></programme><programme channel="1uWAPcrmwNYPMkRQdDJBKVqwVwTdgABlYPpmQPe8" start="20230104030000 +0000" stop="20230104050000 +0000" catchup-id="swYcywSUGAxcMiofVUeonZAg4lHNs6J_ldOcApoI"><title>Non-stop de beste Schlager muziek</title><date></date><icon src="https://m7be2.solocoo.tv/m7be2iphone/mmchan/mpimages/208x308/zhtCD_MZZMLcxMPCSSVrPA.jpg"></icon><desc></desc><category></category></programme><programme channel="1uWAPcrmwNYPMkRQdDJBKVqwVwTdgABlYPpmQPe8" start="20230104050000 +0000" stop="20230104070000 +0000" catchup-id="GMEHuHWXQGKMCwtezBKGF01FXPjBBh_t9hUpm_if"><title>Non-stop de beste Schlager muziek</title><date></date><icon src="https://m7be2.solocoo.tv/m7be2iphone/mmchan/mpimages/208x308/zhtCD_MZZMLcxMPCSSVrPA.jpg"></icon><desc></desc><category></category></programme><programme channel="1uWAPcrmwNYPMkRQdDJBKVqwVwTdgABlYPpmQPe8" start="20230104070000 +0000" stop="20230104090000 +0000" catchup-id="yF_mTzTn1uQW8VTUq9rXQPtsx34nD6k75HAfTkdi"><title>Non-stop de beste Schlager muziek</title><date></date><icon src="https://m7be2.solocoo.tv/m7be2iphone/mmchan/mpimages/208x308/zhtCD_MZZMLcxMPCSSVrPA.jpg"></icon><desc></desc><category></category></programme><programme channel="1uWAPcrmwNYPMkRQdDJBKVqwVwTdgABlYPpmQPe8" start="20230104090000 +0000" stop="20230104110000 +0000" catchup-id="rXOsocA5gjUEap323EFKoNdlqCRTRb1tkHIdJu4J"><title>Non-stop de beste Schlager muziek</title><date></date><icon src="https://m7be2.solocoo.tv/m7be2iphone/mmchan/mpimages/208x308/zhtCD_MZZMLcxMPCSSVrPA.jpg"></icon><desc></desc><category></category></programme><programme channel="1uWAPcrmwNYPMkRQdDJBKVqwVwTdgABlYPpmQPe8" start="20230104110000 +0000" stop="20230104130000 +0000" catchup-id="1sJw_8OGisYzpjVY9FDzEjUWKwB09aaCyl17bZ5f"><title>Non-stop de beste Schlager muziek</title><date></date><icon src="https://m7be2.solocoo.tv/m7be2iphone/mmchan/mpimages/208x308/zhtCD_MZZMLcxMPCSSVrPA.jpg"></icon><desc></desc><category></category></programme><programme channel="1uWAPcrmwNYPMkRQdDJBKVqwVwTdgABlYPpmQPe8" start="20230104130000 +0000" stop="20230104150000 +0000" catchup-id="Jp-TImilL2jRxxwX9ZF4bwfKlWhr1x-Ck1tVIWWQ"><title>Non-stop de beste Schlager muziek</title><date></date><icon src="https://m7be2.solocoo.tv/m7be2iphone/mmchan/mpimages/208x308/zhtCD_MZZMLcxMPCSSVrPA.jpg"></icon><desc></desc><category></category></programme><programme channel="1uWAPcrmwNYPMkRQdDJBKVqwVwTdgABlYPpmQPe8" start="20230104150000 +0000" stop="20230104170000 +0000" catchup-id="uqLGGgTlRLZSIWIKz7FbGo0mNGKiXuCYAPJQ20Yr"><title>Non-stop de beste Schlager muziek</title><date></date><icon src="https://m7be2.solocoo.tv/m7be2iphone/mmchan/mpimages/208x308/zhtCD_MZZMLcxMPCSSVrPA.jpg"></icon><desc></desc><category></category></programme><programme channel="1uWAPcrmwNYPMkRQdDJBKVqwVwTdgABlYPpmQPe8" start="20230104170000 +0000" stop="20230104190000 +0000" catchup-id="tTcbaeUl9Su35BcXiH0LCWs7lg4ZCeVKy7OceqAc"><title>Non-stop de beste Schlager muziek</title><date></date><icon src="https://m7be2.solocoo.tv/m7be2iphone/mmchan/mpimages/208x308/zhtCD_MZZMLcxMPCSSVrPA.jpg"></icon><desc></desc><category></category></programme><programme channel="1uWAPcrmwNYPMkRQdDJBKVqwVwTdgABlYPpmQPe8" start="20230104190000 +0000" stop="20230104210000 +0000" catchup-id="GKUXZr5MyFYyIMRszftXG3nEIxtpPSkfbBL5WA9O"><title>Non-stop de beste Schlager muziek</title><date></date><icon src="https://m7be2.solocoo.tv/m7be2iphone/mmchan/mpimages/208x308/zhtCD_MZZMLcxMPCSSVrPA.jpg"></icon><desc></desc><category></category></programme><programme channel="1uWAPcrmwNYPMkRQdDJBKVqwVwTdgABlYPpmQPe8" start="20230104210000 +0000" stop="20230104230000 +0000" catchup-id="2vgv-kpXM7LPovT1th-I6OIyiZV4SyeUGwy1fQ9A"><title>Non-stop de beste Schlager muziek</title><date></date><icon src="https://m7be2.solocoo.tv/m7be2iphone/mmchan/mpimages/208x308/zhtCD_MZZMLcxMPCSSVrPA.jpg"></icon><desc></desc><category></category></programme><programme channel="1uWAPcrmwNYPMkRQdDJBKVqwVwTdgABlYPpmQPe8" start="20230104230000 +0000" stop="20230105010000 +0000" catchup-id="a3OO860eZQB486w-j35kXP2YsPKLaNXBKDK4Fier"><title>Non-stop de beste Schlager muziek</title><date></date><icon src="https://m7be2.solocoo.tv/m7be2iphone/mmchan/mpimages/208x308/zhtCD_MZZMLcxMPCSSVrPA.jpg"></icon><desc></desc><category></category></programme><programme channel="1uWAPcrmwNYPMkRQdDJBKVqwVwTdgABlYPpmQPe8" start="20230105010000 +0000" stop="20230105030000 +0000" catchup-id="Hvz9hhcZ0-Qs9a2-fgRF01qaE7wHCPxlrOOTSzHz"><title>Non-stop de beste Schlager muziek</title><date></date><icon src="https://m7be2.solocoo.tv/m7be2iphone/mmchan/mpimages/208x308/zhtCD_MZZMLcxMPCSSVrPA.jpg"></icon><desc></desc><category></category></programme><programme channel="1uWAPcrmwNYPMkRQdDJBKVqwVwTdgABlYPpmQPe8" start="20230105030000 +0000" stop="20230105050000 +0000" catchup-id="8MWJBarxgeEXVNHBYG6RAXUYzXYHRRdcydaEItSq"><title>Non-stop de beste Schlager muziek</title><date></date><icon src="https://m7be2.solocoo.tv/m7be2iphone/mmchan/mpimages/208x308/zhtCD_MZZMLcxMPCSSVrPA.jpg"></icon><desc></desc><category></category></programme><programme channel="1uWAPcrmwNYPMkRQdDJBKVqwVwTdgABlYPpmQPe8" start="20230105050000 +0000" stop="20230105070000 +0000" catchup-id="zcqUWHTQ5bHFo-8SEVDECSTf7cE8VuLRNjh0jXqJ"><title>Non-stop de beste Schlager muziek</title><date></date><icon src="https://m7be2.solocoo.tv/m7be2iphone/mmchan/mpimages/260x145/zhtCD_MZZMLcxMPCSSVrPA.jpg"></icon><desc></desc><category></category></programme><programme channel="1uWAPcrmwNYPMkRQdDJBKVqwVwTdgABlYPpmQPe8" start="20230105070000 +0000" stop="20230105090000 +0000" catchup-id="fAK4McW2RnLhq-rlLLAfDfZeC7VKCDnp1xlREm1-"><title>Non-stop de beste Schlager muziek</title><date></date><icon src="https://m7be2.solocoo.tv/m7be2iphone/mmchan/mpimages/260x145/zhtCD_MZZMLcxMPCSSVrPA.jpg"></icon><desc></desc><category></category></programme><programme channel="1uWAPcrmwNYPMkRQdDJBKVqwVwTdgABlYPpmQPe8" start="20230105090000 +0000" stop="20230105110000 +0000" catchup-id="WPsunkJrMcIMEoZyBhopO-uIkZe1rbuUuXHhGwP3"><title>Non-stop de beste Schlager muziek</title><date></date><icon src="https://m7be2.solocoo.tv/m7be2iphone/mmchan/mpimages/260x145/zhtCD_MZZMLcxMPCSSVrPA.jpg"></icon><desc></desc><category></category></programme><programme channel="1uWAPcrmwNYPMkRQdDJBKVqwVwTdgABlYPpmQPe8" start="20230105110000 +0000" stop="20230105130000 +0000" catchup-id="mAZxqOaY5CFbFKpqgFeHQX4bM86F0C4TUrALPJo5"><title>Non-stop de beste Schlager muziek</title><date></date><icon src="https://m7be2.solocoo.tv/m7be2iphone/mmchan/mpimages/260x145/zhtCD_MZZMLcxMPCSSVrPA.jpg"></icon><desc></desc><category></category></programme><programme channel="1uWAPcrmwNYPMkRQdDJBKVqwVwTdgABlYPpmQPe8" start="20230105130000 +0000" stop="20230105150000 +0000" catchup-id="Ng3oMklGoIeqc1263AARAqwydbsp-8uHGiUMCnFW"><title>Non-stop de beste Schlager muziek</title><date></date><icon src="https://m7be2.solocoo.tv/m7be2iphone/mmchan/mpimages/260x145/zhtCD_MZZMLcxMPCSSVrPA.jpg"></icon><desc></desc><category></category></programme><programme channel="1uWAPcrmwNYPMkRQdDJBKVqwVwTdgABlYPpmQPe8" start="20230105150000 +0000" stop="20230105170000 +0000" catchup-id="DRL2HFsLyu_fBIFqxWhtFIRcAXxW-maIvFSi8zXg"><title>Non-stop de beste Schlager muziek</title><date></date><icon src="https://m7be2.solocoo.tv/m7be2iphone/mmchan/mpimages/260x145/zhtCD_MZZMLcxMPCSSVrPA.jpg"></icon><desc></desc><category></category></programme><programme channel="1uWAPcrmwNYPMkRQdDJBKVqwVwTdgABlYPpmQPe8" start="20230105170000 +0000" stop="20230105190000 +0000" catchup-id="EvO8f-ozQOaxQDY4p9Vh5dPKchoSCorluMnC_5Tz"><title>Non-stop de beste Schlager muziek</title><date></date><icon src="https://m7be2.solocoo.tv/m7be2iphone/mmchan/mpimages/260x145/zhtCD_MZZMLcxMPCSSVrPA.jpg"></icon><desc></desc><category></category></programme><programme channel="1uWAPcrmwNYPMkRQdDJBKVqwVwTdgABlYPpmQPe8" start="20230105190000 +0000" stop="20230105210000 +0000" catchup-id="ArH1Kethgn_GhjxJrEAhqvKyMMre98lX-El0o39p"><title>Non-stop de beste Schlager muziek</title><date></date><icon src="https://m7be2.solocoo.tv/m7be2iphone/mmchan/mpimages/260x145/zhtCD_MZZMLcxMPCSSVrPA.jpg"></icon><desc></desc><category></category></programme><programme channel="1uWAPcrmwNYPMkRQdDJBKVqwVwTdgABlYPpmQPe8" start="20230105210000 +0000" stop="20230105230000 +0000" catchup-id="fV3Wg0XJazqLxDBUY3VSTVTt2A7ppDdqS4dYHoJn"><title>Non-stop de beste Schlager muziek</title><date></date><icon src="https://m7be2.solocoo.tv/m7be2iphone/mmchan/mpimages/260x145/zhtCD_MZZMLcxMPCSSVrPA.jpg"></icon><desc></desc><category></category></programme><programme channel="1uWAPcrmwNYPMkRQdDJBKVqwVwTdgABlYPpmQPe8" start="20230105230000 +0000" stop="20230106010000 +0000" catchup-id="DOouFDhb1KOFyXRyUZLEeFGyiZHj0GcrfhPn0pMx"><title>Non-stop de beste Schlager muziek</title><date></date><icon src="https://m7be2.solocoo.tv/m7be2iphone/mmchan/mpimages/260x145/zhtCD_MZZMLcxMPCSSVrPA.jpg"></icon><desc></desc><category></category></programme><programme channel="1uWAPcrmwNYPMkRQdDJBKVqwVwTdgABlYPpmQPe8" start="20230106010000 +0000" stop="20230106030000 +0000" catchup-id="W5d_td2moW712u9DxEESIvDKv1VoAKpCRq2byCot"><title>Non-stop de beste Schlager muziek</title><date></date><icon src="https://m7be2.solocoo.tv/m7be2iphone/mmchan/mpimages/260x145/zhtCD_MZZMLcxMPCSSVrPA.jpg"></icon><desc></desc><category></category></programme><programme channel="1uWAPcrmwNYPMkRQdDJBKVqwVwTdgABlYPpmQPe8" start="20230106030000 +0000" stop="20230106050000 +0000" catchup-id="UNAenmmn9C1ko-Xq3sCDYxZpd5Ep64ovcEydotW4"><title>Non-stop de beste Schlager muziek</title><date></date><icon src="https://m7be2.solocoo.tv/m7be2iphone/mmchan/mpimages/260x145/zhtCD_MZZMLcxMPCSSVrPA.jpg"></icon><desc></desc><category></category></programme><programme channel="1uWAPcrmwNYPMkRQdDJBKVqwVwTdgABlYPpmQPe8" start="20230106050000 +0000" stop="20230106070000 +0000" catchup-id="7_-Xr_o1mKyNGJWMXH8I4g89LSd3RQ7VP3BY6SaP"><title>Non-stop de beste Schlager muziek</title><date></date><icon src="https://m7be2.solocoo.tv/m7be2iphone/mmchan/mpimages/260x145/zhtCD_MZZMLcxMPCSSVrPA.jpg"></icon><desc></desc><category></category></programme><programme channel="1uWAPcrmwNYPMkRQdDJBKVqwVwTdgABlYPpmQPe8" start="20230106070000 +0000" stop="20230106090000 +0000" catchup-id="fePAi8-PimsHrou6jbRFLwLH9gDR73bdRDzYQA6P"><title>Non-stop de beste Schlager muziek</title><date></date><icon src="https://m7be2.solocoo.tv/m7be2iphone/mmchan/mpimages/260x145/zhtCD_MZZMLcxMPCSSVrPA.jpg"></icon><desc></desc><category></category></programme><programme channel="1uWAPcrmwNYPMkRQdDJBKVqwVwTdgABlYPpmQPe8" start="20230106090000 +0000" stop="20230106110000 +0000" catchup-id="SPpaSSaRIOP03N1hMTASaAjWEEAo3-7iOUBcwFZ4"><title>Non-stop de beste Schlager muziek</title><date></date><icon src="https://m7be2.solocoo.tv/m7be2iphone/mmchan/mpimages/260x145/zhtCD_MZZMLcxMPCSSVrPA.jpg"></icon><desc></desc><category></category></programme><programme channel="1uWAPcrmwNYPMkRQdDJBKVqwVwTdgABlYPpmQPe8" start="20230106110000 +0000" stop="20230106130000 +0000" catchup-id="DSnW3HKPXMsKKBIKpI-KEvHSm4bUyMmJtVBioTRZ"><title>Non-stop de beste Schlager muziek</title><date></date><icon src="https://m7be2.solocoo.tv/m7be2iphone/mmchan/mpimages/260x145/zhtCD_MZZMLcxMPCSSVrPA.jpg"></icon><desc></desc><category></category></programme><programme channel="1uWAPcrmwNYPMkRQdDJBKVqwVwTdgABlYPpmQPe8" start="20230106130000 +0000" stop="20230106150000 +0000" catchup-id="WJE-OGF20jP2F7HcLXk-bBFTBvmtI0KQqgV8o4HZ"><title>Non-stop de beste Schlager muziek</title><date></date><icon src="https://m7be2.solocoo.tv/m7be2iphone/mmchan/mpimages/260x145/zhtCD_MZZMLcxMPCSSVrPA.jpg"></icon><desc></desc><category></category></programme><programme channel="1uWAPcrmwNYPMkRQdDJBKVqwVwTdgABlYPpmQPe8" start="20230106150000 +0000" stop="20230106170000 +0000" catchup-id="iIeshbrtIYql7vC-Gg2QomxB5DJSXTiNfYzsflla"><title>Non-stop de beste Schlager muziek</title><date></date><icon src="https://m7be2.solocoo.tv/m7be2iphone/mmchan/mpimages/260x145/zhtCD_MZZMLcxMPCSSVrPA.jpg"></icon><desc></desc><category></category></programme><programme channel="1uWAPcrmwNYPMkRQdDJBKVqwVwTdgABlYPpmQPe8" start="20230106170000 +0000" stop="20230106190000 +0000" catchup-id="H4WCePLG_CrxuhvH4vzCf7zrS2Q4AyZZcKY-JC9T"><title>Non-stop de beste Schlager muziek</title><date></date><icon src="https://m7be2.solocoo.tv/m7be2iphone/mmchan/mpimages/260x145/zhtCD_MZZMLcxMPCSSVrPA.jpg"></icon><desc></desc><category></category></programme><programme channel="1uWAPcrmwNYPMkRQdDJBKVqwVwTdgABlYPpmQPe8" start="20230106190000 +0000" stop="20230106210000 +0000" catchup-id="L9FUNFjym7QyJ0EttPxhlVP_xpRaWNbDcLmveCpF"><title>Non-stop de beste Schlager muziek</title><date></date><icon src="https://m7be2.solocoo.tv/m7be2iphone/mmchan/mpimages/260x145/zhtCD_MZZMLcxMPCSSVrPA.jpg"></icon><desc></desc><category></category></programme><programme channel="1uWAPcrmwNYPMkRQdDJBKVqwVwTdgABlYPpmQPe8" start="20230106210000 +0000" stop="20230106230000 +0000" catchup-id="tUL43mAg3jVHOsb4jqRckMkBmCJSsNgU2VkDw7Vz"><title>Non-stop de beste Schlager muziek</title><date></date><icon src="https://m7be2.solocoo.tv/m7be2iphone/mmchan/mpimages/260x145/zhtCD_MZZMLcxMPCSSVrPA.jpg"></icon><desc></desc><category></category></programme><programme channel="1uWAPcrmwNYPMkRQdDJBKVqwVwTdgABlYPpmQPe8" start="20230106230000 +0000" stop="20230107010000 +0000" catchup-id="ZBI92uo5Ho4c-j2lW4G-1LbnMqIugHv5BpIWoPiO"><title>Non-stop de beste Schlager muziek</title><date></date><icon src="https://m7be2.solocoo.tv/m7be2iphone/mmchan/mpimages/260x145/zhtCD_MZZMLcxMPCSSVrPA.jpg"></icon><desc></desc><category></category></programme><programme channel="1uWAPcrmwNYPMkRQdDJBKVqwVwTdgABlYPpmQPe8" start="20230107010000 +0000" stop="20230107030000 +0000" catchup-id="5a5YLRcqU6Q6J7u4JOpIn1e13U520sqbOJ-gehhZ"><title>Non-stop de beste Schlager muziek</title><date></date><icon src="https://m7be2.solocoo.tv/m7be2iphone/mmchan/mpimages/260x145/zhtCD_MZZMLcxMPCSSVrPA.jpg"></icon><desc></desc><category></category></programme><programme channel="1uWAPcrmwNYPMkRQdDJBKVqwVwTdgABlYPpmQPe8" start="20230107030000 +0000" stop="20230107050000 +0000" catchup-id="bn9COFVD7XcGoY567PhlSdEDELxyacbRxgJVrTkF"><title>Non-stop de beste Schlager muziek</title><date></date><icon src="https://m7be2.solocoo.tv/m7be2iphone/mmchan/mpimages/260x145/zhtCD_MZZMLcxMPCSSVrPA.jpg"></icon><desc></desc><category></category></programme><programme channel="1uWAPcrmwNYPMkRQdDJBKVqwVwTdgABlYPpmQPe8" start="20230107050000 +0000" stop="20230107070000 +0000" catchup-id="lFDFwBZHxyjmmxRVqzxYocwM0V5VFOh8rLBuT1u7"><title>Non-stop de beste Schlager muziek</title><date></date><icon src="https://m7be2.solocoo.tv/m7be2iphone/mmchan/mpimages/260x145/zhtCD_MZZMLcxMPCSSVrPA.jpg"></icon><desc></desc><category></category></programme><programme channel="1uWAPcrmwNYPMkRQdDJBKVqwVwTdgABlYPpmQPe8" start="20230107070000 +0000" stop="20230107090000 +0000" catchup-id="hXz4NAEMWlzS-pN7cgk-5H0Mp6M9wYNzIb19sliW"><title>Non-stop de beste Schlager muziek</title><date></date><icon src="https://m7be2.solocoo.tv/m7be2iphone/mmchan/mpimages/260x145/zhtCD_MZZMLcxMPCSSVrPA.jpg"></icon><desc></desc><category></category></programme><programme channel="1uWAPcrmwNYPMkRQdDJBKVqwVwTdgABlYPpmQPe8" start="20230107090000 +0000" stop="20230107110000 +0000" catchup-id="uLIvNiTvK-3sesYG2iPgnuyA1qPQahbPP8UbpwNd"><title>Non-stop de beste Schlager muziek</title><date></date><icon src="https://m7be2.solocoo.tv/m7be2iphone/mmchan/mpimages/260x145/zhtCD_MZZMLcxMPCSSVrPA.jpg"></icon><desc></desc><category></category></programme><programme channel="1uWAPcrmwNYPMkRQdDJBKVqwVwTdgABlYPpmQPe8" start="20230107110000 +0000" stop="20230107130000 +0000" catchup-id="btHLX5r8eotlxiaYyjpIR3lQNGQvXzUhG8acK9ft"><title>Non-stop de beste Schlager muziek</title><date></date><icon src="https://m7be2.solocoo.tv/m7be2iphone/mmchan/mpimages/260x145/zhtCD_MZZMLcxMPCSSVrPA.jpg"></icon><desc></desc><category></category></programme><programme channel="1uWAPcrmwNYPMkRQdDJBKVqwVwTdgABlYPpmQPe8" start="20230107130000 +0000" stop="20230107150000 +0000" catchup-id="6a3od2RI4ZH2kJ0qFFwzZspNH30tauo89Ku5LcbX"><title>Non-stop de beste Schlager muziek</title><date></date><icon src="https://m7be2.solocoo.tv/m7be2iphone/mmchan/mpimages/260x145/zhtCD_MZZMLcxMPCSSVrPA.jpg"></icon><desc></desc><category></category></programme><programme channel="1uWAPcrmwNYPMkRQdDJBKVqwVwTdgABlYPpmQPe8" start="20230107150000 +0000" stop="20230107170000 +0000" catchup-id="Y-9mLjmvkCPntHqiI2ODMfZFKeiweBmB3yU3BKyK"><title>Non-stop de beste Schlager muziek</title><date></date><icon src="https://m7be2.solocoo.tv/m7be2iphone/mmchan/mpimages/260x145/zhtCD_MZZMLcxMPCSSVrPA.jpg"></icon><desc></desc><category></category></programme><programme channel="1uWAPcrmwNYPMkRQdDJBKVqwVwTdgABlYPpmQPe8" start="20230107170000 +0000" stop="20230107190000 +0000" catchup-id="13jF4T3yv7n80RnZ0w0spazdKoZCVeCcU-SqWYWK"><title>Non-stop de beste Schlager muziek</title><date></date><icon src="https://m7be2.solocoo.tv/m7be2iphone/mmchan/mpimages/260x145/zhtCD_MZZMLcxMPCSSVrPA.jpg"></icon><desc></desc><category></category></programme><programme channel="1uWAPcrmwNYPMkRQdDJBKVqwVwTdgABlYPpmQPe8" start="20230107190000 +0000" stop="20230107210000 +0000" catchup-id="VWabY5POtIfkyDm5j_DO0F35SUCPsFP-VoCYRzg2"><title>Non-stop de beste Schlager muziek</title><date></date><icon src="https://m7be2.solocoo.tv/m7be2iphone/mmchan/mpimages/260x145/zhtCD_MZZMLcxMPCSSVrPA.jpg"></icon><desc></desc><category></category></programme><programme channel="1uWAPcrmwNYPMkRQdDJBKVqwVwTdgABlYPpmQPe8" start="20230107210000 +0000" stop="20230107230000 +0000" catchup-id="hVZRLjWd8tGDLikZ6ItcMwY8eV-eMFjujpLZIEue"><title>Non-stop de beste Schlager muziek</title><date></date><icon src="https://m7be2.solocoo.tv/m7be2iphone/mmchan/mpimages/260x145/zhtCD_MZZMLcxMPCSSVrPA.jpg"></icon><desc></desc><category></category></programme><programme channel="1uWAPcrmwNYPMkRQdDJBKVqwVwTdgABlYPpmQPe8" start="20230107230000 +0000" stop="20230108010000 +0000" catchup-id="3wMOv1M4ujm4VPj9Hb43tKtKfO4cazb6aoSifFCX"><title>Non-stop de beste Schlager muziek</title><date></date><icon src="https://m7be2.solocoo.tv/m7be2iphone/mmchan/mpimages/260x145/zhtCD_MZZMLcxMPCSSVrPA.jpg"></icon><desc></desc><category></category></programme><programme channel="1uWAPcrmwNYPMkRQdDJBKVqwVwTdgABlYPpmQPe8" start="20230108010000 +0000" stop="20230108030000 +0000" catchup-id="KQ8xCn3MGdt5i80xyhUv62WDkmVRFjURz-aztqqB"><title>Non-stop de beste Schlager muziek</title><date></date><icon src="https://m7be2.solocoo.tv/m7be2iphone/mmchan/mpimages/260x145/zhtCD_MZZMLcxMPCSSVrPA.jpg"></icon><desc></desc><category></category></programme><programme channel="1uWAPcrmwNYPMkRQdDJBKVqwVwTdgABlYPpmQPe8" start="20230108030000 +0000" stop="20230108050000 +0000" catchup-id="kipHeqPfbL44twHuptatGphWdCmwVq_dH9H2C0ub"><title>Non-stop de beste Schlager muziek</title><date></date><icon src="https://m7be2.solocoo.tv/m7be2iphone/mmchan/mpimages/260x145/zhtCD_MZZMLcxMPCSSVrPA.jpg"></icon><desc></desc><category></category></programme><programme channel="1uWAPcrmwNYPMkRQdDJBKVqwVwTdgABlYPpmQPe8" start="20230108050000 +0000" stop="20230108070000 +0000" catchup-id="ufotoLPugoD-_GlJ6oRK0hZ_Ic72OUwkUDQ6_CdG"><title>Non-stop de beste Schlager muziek</title><date></date><icon src="https://m7be2.solocoo.tv/m7be2iphone/mmchan/mpimages/260x145/zhtCD_MZZMLcxMPCSSVrPA.jpg"></icon><desc></desc><category></category></programme><programme channel="1uWAPcrmwNYPMkRQdDJBKVqwVwTdgABlYPpmQPe8" start="20230108070000 +0000" stop="20230108090000 +0000" catchup-id="rpKKgmZ3seVWBLpQ7warGWHYiSVPAX7E5jo_qm48"><title>Non-stop de beste Schlager muziek</title><date></date><icon src="https://m7be2.solocoo.tv/m7be2iphone/mmchan/mpimages/260x145/zhtCD_MZZMLcxMPCSSVrPA.jpg"></icon><desc></desc><category></category></programme><programme channel="1uWAPcrmwNYPMkRQdDJBKVqwVwTdgABlYPpmQPe8" start="20230108090000 +0000" stop="20230108110000 +0000" catchup-id="mehRBJjQDU9DMp-3olZC75cHUweJGBvcNsF_fgTl"><title>Non-stop de beste Schlager muziek</title><date></date><icon src="https://m7be2.solocoo.tv/m7be2iphone/mmchan/mpimages/260x145/zhtCD_MZZMLcxMPCSSVrPA.jpg"></icon><desc></desc><category></category></programme><programme channel="1uWAPcrmwNYPMkRQdDJBKVqwVwTdgABlYPpmQPe8" start="20230108110000 +0000" stop="20230108130000 +0000" catchup-id="Sqaq19Iu3S2FhNBQXxmFCt4D8qoDN_JLfldhE1lZ"><title>Non-stop de beste Schlager muziek</title><date></date><icon src="https://m7be2.solocoo.tv/m7be2iphone/mmchan/mpimages/260x145/zhtCD_MZZMLcxMPCSSVrPA.jpg"></icon><desc></desc><category></category></programme><programme channel="1uWAPcrmwNYPMkRQdDJBKVqwVwTdgABlYPpmQPe8" start="20230108130000 +0000" stop="20230108150000 +0000" catchup-id="cERm_4D_GcW_Y4w0arveX-j5IGQD-b5nKtLjTtiy"><title>Non-stop de beste Schlager muziek</title><date></date><icon src="https://m7be2.solocoo.tv/m7be2iphone/mmchan/mpimages/260x145/zhtCD_MZZMLcxMPCSSVrPA.jpg"></icon><desc></desc><category></category></programme><programme channel="1uWAPcrmwNYPMkRQdDJBKVqwVwTdgABlYPpmQPe8" start="20230108150000 +0000" stop="20230108170000 +0000" catchup-id="nis24O7vNzg_DZJBQKM2Od_TIMc2uEiD4MW8CDWW"><title>Non-stop de beste Schlager muziek</title><date></date><icon src="https://m7be2.solocoo.tv/m7be2iphone/mmchan/mpimages/260x145/zhtCD_MZZMLcxMPCSSVrPA.jpg"></icon><desc></desc><category></category></programme><programme channel="1uWAPcrmwNYPMkRQdDJBKVqwVwTdgABlYPpmQPe8" start="20230108170000 +0000" stop="20230108190000 +0000" catchup-id="YOGQJFS_S10Mh-kYWs8h691hnVLS8fJWAsC7XG3Z"><title>Non-stop de beste Schlager muziek</title><date></date><icon src="https://m7be2.solocoo.tv/m7be2iphone/mmchan/mpimages/260x145/zhtCD_MZZMLcxMPCSSVrPA.jpg"></icon><desc></desc><category></category></programme><programme channel="1uWAPcrmwNYPMkRQdDJBKVqwVwTdgABlYPpmQPe8" start="20230108190000 +0000" stop="20230108210000 +0000" catchup-id="9B-pgUGun6WtD_5jM5LzVOXwINPCjzWatClN0rJB"><title>Non-stop de beste Schlager muziek</title><date></date><icon src="https://m7be2.solocoo.tv/m7be2iphone/mmchan/mpimages/260x145/zhtCD_MZZMLcxMPCSSVrPA.jpg"></icon><desc></desc><category></category></programme><programme channel="1uWAPcrmwNYPMkRQdDJBKVqwVwTdgABlYPpmQPe8" start="20230108210000 +0000" stop="20230108230000 +0000" catchup-id="nLT82kpBTUBrJ9NApBphkyo6IeivOuDqpw2c1Qxm"><title>Non-stop de beste Schlager muziek</title><date></date><icon src="https://m7be2.solocoo.tv/m7be2iphone/mmchan/mpimages/260x145/zhtCD_MZZMLcxMPCSSVrPA.jpg"></icon><desc></desc><category></category></programme><programme channel="1uWAPcrmwNYPMkRQdDJBKVqwVwTdgABlYPpmQPe8" start="20230108230000 +0000" stop="20230109010000 +0000" catchup-id="xbFSrF8AbfKkZOx9lhTgz75NzmF3Inr3ZG-B758w"><title>Non-stop de beste Schlager muziek</title><date></date><icon src="https://m7be2.solocoo.tv/m7be2iphone/mmchan/mpimages/260x145/zhtCD_MZZMLcxMPCSSVrPA.jpg"></icon><desc></desc><category></category></programme><programme channel="1uWAPcrmwNYPMkRQdDJBKVqwVwTdgABlYPpmQPe8" start="20230109010000 +0000" stop="20230109030000 +0000" catchup-id="LqrmovzG6AmxLLC940t7LECghEnw9IYtkWn1ZS5D"><title>Non-stop de beste Schlager muziek</title><date></date><icon src="https://m7be2.solocoo.tv/m7be2iphone/mmchan/mpimages/260x145/zhtCD_MZZMLcxMPCSSVrPA.jpg"></icon><desc></desc><category></category></programme><programme channel="1uWAPcrmwNYPMkRQdDJBKVqwVwTdgABlYPpmQPe8" start="20230109030000 +0000" stop="20230109050000 +0000" catchup-id="87dr24pLYGOLo_c_luJVPZQf6hfoDLAlPaS6X-oC"><title>Non-stop de beste Schlager muziek</title><date></date><icon src="https://m7be2.solocoo.tv/m7be2iphone/mmchan/mpimages/260x145/zhtCD_MZZMLcxMPCSSVrPA.jpg"></icon><desc></desc><category></category></programme><programme channel="1uWAPcrmwNYPMkRQdDJBKVqwVwTdgABlYPpmQPe8" start="20230109050000 +0000" stop="20230109070000 +0000" catchup-id="afEaMYdFZxiy-RAvZKs7-5cJ-ymoG1RaAASZ1ll-"><title>Non-stop de beste Schlager muziek</title><date></date><icon src="https://m7be2.solocoo.tv/m7be2iphone/mmchan/mpimages/260x145/zhtCD_MZZMLcxMPCSSVrPA.jpg"></icon><desc></desc><category></category></programme><programme channel="1uWAPcrmwNYPMkRQdDJBKVqwVwTdgABlYPpmQPe8" start="20230109070000 +0000" stop="20230109090000 +0000" catchup-id="90CwrJg8HTDtc-2uwODG40pL7rIzXVi_Zn_xQ5xw"><title>Non-stop de beste Schlager muziek</title><date></date><icon src="https://m7be2.solocoo.tv/m7be2iphone/mmchan/mpimages/260x145/zhtCD_MZZMLcxMPCSSVrPA.jpg"></icon><desc></desc><category></category></programme><programme channel="1uWAPcrmwNYPMkRQdDJBKVqwVwTdgABlYPpmQPe8" start="20230109090000 +0000" stop="20230109110000 +0000" catchup-id="hnGY0ln8hWWek6MIBPZdyFfS0CtU4kmZKe3Isruu"><title>Non-stop de beste Schlager muziek</title><date></date><icon src="https://m7be2.solocoo.tv/m7be2iphone/mmchan/mpimages/260x145/zhtCD_MZZMLcxMPCSSVrPA.jpg"></icon><desc></desc><category></category></programme><programme channel="1uWAPcrmwNYPMkRQdDJBKVqwVwTdgABlYPpmQPe8" start="20230109110000 +0000" stop="20230109130000 +0000" catchup-id="ViuBi8ew56BAuG_1r4k1WFaQ9-SbFcgerQUzFHWt"><title>Non-stop de beste Schlager muziek</title><date></date><icon src="https://m7be2.solocoo.tv/m7be2iphone/mmchan/mpimages/260x145/zhtCD_MZZMLcxMPCSSVrPA.jpg"></icon><desc></desc><category></category></programme><programme channel="1uWAPcrmwNYPMkRQdDJBKVqwVwTdgABlYPpmQPe8" start="20230109130000 +0000" stop="20230109150000 +0000" catchup-id="Dfo7aCob5gz4E8wWjNly5DOX80s_AajP2SLFRd-P"><title>Non-stop de beste Schlager muziek</title><date></date><icon src="https://m7be2.solocoo.tv/m7be2iphone/mmchan/mpimages/260x145/zhtCD_MZZMLcxMPCSSVrPA.jpg"></icon><desc></desc><category></category></programme><programme channel="1uWAPcrmwNYPMkRQdDJBKVqwVwTdgABlYPpmQPe8" start="20230109150000 +0000" stop="20230109170000 +0000" catchup-id="lTkd_lx_31cY-rkTZz5L9oCF6hsOhdkm36A8nDmQ"><title>Non-stop de beste Schlager muziek</title><date></date><icon src="https://m7be2.solocoo.tv/m7be2iphone/mmchan/mpimages/260x145/zhtCD_MZZMLcxMPCSSVrPA.jpg"></icon><desc></desc><category></category></programme><programme channel="1uWAPcrmwNYPMkRQdDJBKVqwVwTdgABlYPpmQPe8" start="20230109170000 +0000" stop="20230109190000 +0000" catchup-id="y9ofc7e848dA5R8GFDfi7MS4YQrXKQ3wSVxoS6Ib"><title>Non-stop de beste Schlager muziek</title><date></date><icon src="https://m7be2.solocoo.tv/m7be2iphone/mmchan/mpimages/260x145/zhtCD_MZZMLcxMPCSSVrPA.jpg"></icon><desc></desc><category></category></programme><programme channel="1uWAPcrmwNYPMkRQdDJBKVqwVwTdgABlYPpmQPe8" start="20230109190000 +0000" stop="20230109210000 +0000" catchup-id="suPDEXzl8XYPPa89vuqjFCALi5KoNdDPoVYn6dW8"><title>Non-stop de beste Schlager muziek</title><date></date><icon src="https://m7be2.solocoo.tv/m7be2iphone/mmchan/mpimages/260x145/zhtCD_MZZMLcxMPCSSVrPA.jpg"></icon><desc></desc><category></category></programme><programme channel="1uWAPcrmwNYPMkRQdDJBKVqwVwTdgABlYPpmQPe8" start="20230109210000 +0000" stop="20230109230000 +0000" catchup-id="80KDGLdigZgkfhfXHi61pBnSbtzZj0oESBwzP6I6"><title>Non-stop de beste Schlager muziek</title><date></date><icon src="https://m7be2.solocoo.tv/m7be2iphone/mmchan/mpimages/260x145/zhtCD_MZZMLcxMPCSSVrPA.jpg"></icon><desc></desc><category></category></programme><programme channel="1uWAPcrmwNYPMkRQdDJBKVqwVwTdgABlYPpmQPe8" start="20230109230000 +0000" stop="20230110010000 +0000" catchup-id="Ojy2s_ADIjhf9D44hHRXCNav68HyL9o3xPTOLf3D"><title>Non-stop de beste Schlager muziek</title><date></date><icon src="https://m7be2.solocoo.tv/m7be2iphone/mmchan/mpimages/260x145/zhtCD_MZZMLcxMPCSSVrPA.jpg"></icon><desc></desc><category></category></programme><programme channel="1uWAPcrmwNYPMkRQdDJBKVqwVwTdgABlYPpmQPe8" start="20230110010000 +0000" stop="20230110030000 +0000" catchup-id="EsbQWT-WjOhXMAvAk9OCnCQFsZ2M9xAXI2SbU8-H"><title>Non-stop de beste Schlager muziek</title><date></date><icon src="https://m7be2.solocoo.tv/m7be2iphone/mmchan/mpimages/260x145/zhtCD_MZZMLcxMPCSSVrPA.jpg"></icon><desc></desc><category></category></programme><programme channel="1uWAPcrmwNYPMkRQdDJBKVqwVwTdgABlYPpmQPe8" start="20230110030000 +0000" stop="20230110050000 +0000" catchup-id="38fJtq7ats4pdZuPLq36MKEZAnz6BdNVOvqZrzRn"><title>Non-stop de beste Schlager muziek</title><date></date><icon src="https://m7be2.solocoo.tv/m7be2iphone/mmchan/mpimages/260x145/zhtCD_MZZMLcxMPCSSVrPA.jpg"></icon><desc></desc><category></category></programme><programme channel="1uWAPcrmwNYPMkRQdDJBKVqwVwTdgABlYPpmQPe8" start="20230110050000 +0000" stop="20230110070000 +0000" catchup-id="6PkKdKTP7jZ-j0pSqM9qVLDrp9eqf_jC5C2falLN"><title>Non-stop de beste Schlager muziek</title><date></date><icon src="https://m7be2.solocoo.tv/m7be2iphone/mmchan/mpimages/260x145/zhtCD_MZZMLcxMPCSSVrPA.jpg"></icon><desc></desc><category></category></programme><programme channel="1uWAPcrmwNYPMkRQdDJBKVqwVwTdgABlYPpmQPe8" start="20230110070000 +0000" stop="20230110090000 +0000" catchup-id="eg1-4jcqjb-6KCNLlSyQ-EUxqEuv7WWGZBkZNUTW"><title>Non-stop de beste Schlager muziek</title><date></date><icon src="https://m7be2.solocoo.tv/m7be2iphone/mmchan/mpimages/260x145/zhtCD_MZZMLcxMPCSSVrPA.jpg"></icon><desc></desc><category></category></programme><programme channel="1uWAPcrmwNYPMkRQdDJBKVqwVwTdgABlYPpmQPe8" start="20230110090000 +0000" stop="20230110110000 +0000" catchup-id="F6fw-uHxOVNiQuSSGFo59Z0SOpEE-C2buYNmRZTh"><title>Non-stop de beste Schlager muziek</title><date></date><icon src="https://m7be2.solocoo.tv/m7be2iphone/mmchan/mpimages/260x145/zhtCD_MZZMLcxMPCSSVrPA.jpg"></icon><desc></desc><category></category></programme><programme channel="1uWAPcrmwNYPMkRQdDJBKVqwVwTdgABlYPpmQPe8" start="20230110110000 +0000" stop="20230110130000 +0000" catchup-id="QHlqULAloiHnI05JKSut1pX1nahniPTGJnEdwGIX"><title>Non-stop de beste Schlager muziek</title><date></date><icon src="https://m7be2.solocoo.tv/m7be2iphone/mmchan/mpimages/260x145/zhtCD_MZZMLcxMPCSSVrPA.jpg"></icon><desc></desc><category></category></programme><programme channel="1uWAPcrmwNYPMkRQdDJBKVqwVwTdgABlYPpmQPe8" start="20230110130000 +0000" stop="20230110150000 +0000" catchup-id="9nXTXq6V7E6RwjBYL_uERrItExhAH8K2VUqHt64Z"><title>Non-stop de beste Schlager muziek</title><date></date><icon src="https://m7be2.solocoo.tv/m7be2iphone/mmchan/mpimages/260x145/zhtCD_MZZMLcxMPCSSVrPA.jpg"></icon><desc></desc><category></category></programme><programme channel="1uWAPcrmwNYPMkRQdDJBKVqwVwTdgABlYPpmQPe8" start="20230110150000 +0000" stop="20230110170000 +0000" catchup-id="yLWFwY1Aqz9ioqgmpQTDo7TrGvzbKFSqoSTnMJoz"><title>Non-stop de beste Schlager muziek</title><date></date><icon src="https://m7be2.solocoo.tv/m7be2iphone/mmchan/mpimages/260x145/zhtCD_MZZMLcxMPCSSVrPA.jpg"></icon><desc></desc><category></category></programme><programme channel="1uWAPcrmwNYPMkRQdDJBKVqwVwTdgABlYPpmQPe8" start="20230110170000 +0000" stop="20230110190000 +0000" catchup-id="dD02H2JEvt9TM1SXIibSchKvbBWQwfnvZhOPh4JX"><title>Non-stop de beste Schlager muziek</title><date></date><icon src="https://m7be2.solocoo.tv/m7be2iphone/mmchan/mpimages/260x145/zhtCD_MZZMLcxMPCSSVrPA.jpg"></icon><desc></desc><category></category></programme><programme channel="1uWAPcrmwNYPMkRQdDJBKVqwVwTdgABlYPpmQPe8" start="20230110190000 +0000" stop="20230110210000 +0000" catchup-id="xjsEZIiQLX-MzLJ1Idb9oqIl5KEbF1tXP0HoRhIM"><title>Non-stop de beste Schlager muziek</title><date></date><icon src="https://m7be2.solocoo.tv/m7be2iphone/mmchan/mpimages/260x145/zhtCD_MZZMLcxMPCSSVrPA.jpg"></icon><desc></desc><category></category></programme><programme channel="1uWAPcrmwNYPMkRQdDJBKVqwVwTdgABlYPpmQPe8" start="20230110210000 +0000" stop="20230110230000 +0000" catchup-id="mbuMcsW__PG0QsuPLZrw51cKAnMTsRQ8gshj8yDf"><title>Non-stop de beste Schlager muziek</title><date></date><icon src="https://m7be2.solocoo.tv/m7be2iphone/mmchan/mpimages/260x145/zhtCD_MZZMLcxMPCSSVrPA.jpg"></icon><desc></desc><category></category></programme><programme channel="1uWAPcrmwNYPMkRQdDJBKVqwVwTdgABlYPpmQPe8" start="20230110230000 +0000" stop="20230111010000 +0000" catchup-id="IcyZrtAYyE327xpR4C1kDdNr1lovHlCZOo929z60"><title>Non-stop de beste Schlager muziek</title><date></date><icon src="https://m7be2.solocoo.tv/m7be2iphone/mmchan/mpimages/260x145/zhtCD_MZZMLcxMPCSSVrPA.jpg"></icon><desc></desc><category></category></programme><programme channel="1uWAPcrmwNYPMkRQdDJBKVqwVwTdgABlYPpmQPe8" start="20230111010000 +0000" stop="20230111030000 +0000" catchup-id="3Kl7wR9BQh3nqphxFszI8r8_kDvLZQi_XTNRUF-x"><title>Non-stop de beste Schlager muziek</title><date></date><icon src="https://m7be2.solocoo.tv/m7be2iphone/mmchan/mpimages/260x145/zhtCD_MZZMLcxMPCSSVrPA.jpg"></icon><desc></desc><category></category></programme><programme channel="1uWAPcrmwNYPMkRQdDJBKVqwVwTdgABlYPpmQPe8" start="20230111030000 +0000" stop="20230111050000 +0000" catchup-id="B_XsErljNLg6iolhnvqgWlJGIPKInu-vR15-qYKG"><title>Non-stop de beste Schlager muziek</title><date></date><icon src="https://m7be2.solocoo.tv/m7be2iphone/mmchan/mpimages/260x145/zhtCD_MZZMLcxMPCSSVrPA.jpg"></icon><desc></desc><category></category></programme><programme channel="1uWAPcrmwNYPMkRQdDJBKVqwVwTdgABlYPpmQPe8" start="20230111050000 +0000" stop="20230111070000 +0000" catchup-id="2oQ1-IWXLyVGF8Uxq7vjg87qW7a9W0OkwIcyhyfD"><title>Non-stop de beste Schlager muziek</title><date></date><icon src="https://m7be2.solocoo.tv/m7be2iphone/mmchan/mpimages/260x145/zhtCD_MZZMLcxMPCSSVrPA.jpg"></icon><desc></desc><category></category></programme><programme channel="1uWAPcrmwNYPMkRQdDJBKVqwVwTdgABlYPpmQPe8" start="20230111070000 +0000" stop="20230111090000 +0000" catchup-id="baL0O8Ec-HhAlIJiXZs7yWnLlZSPAqK3A4vcvaVr"><title>Non-stop de beste Schlager muziek</title><date></date><icon src="https://m7be2.solocoo.tv/m7be2iphone/mmchan/mpimages/260x145/zhtCD_MZZMLcxMPCSSVrPA.jpg"></icon><desc></desc><category></category></programme><programme channel="1uWAPcrmwNYPMkRQdDJBKVqwVwTdgABlYPpmQPe8" start="20230111090000 +0000" stop="20230111110000 +0000" catchup-id="Xd6Wu_x0ZAyAt-8sq3KYyVJ9HRA2vX_0fQ41LaaM"><title>Non-stop de beste Schlager muziek</title><date></date><icon src="https://m7be2.solocoo.tv/m7be2iphone/mmchan/mpimages/260x145/zhtCD_MZZMLcxMPCSSVrPA.jpg"></icon><desc></desc><category></category></programme><programme channel="1uWAPcrmwNYPMkRQdDJBKVqwVwTdgABlYPpmQPe8" start="20230111110000 +0000" stop="20230111130000 +0000" catchup-id="2o0RVpXru5LB8TL8uBC14uK3fzrOglXy772gqAxl"><title>Non-stop de beste Schlager muziek</title><date></date><icon src="https://m7be2.solocoo.tv/m7be2iphone/mmchan/mpimages/260x145/zhtCD_MZZMLcxMPCSSVrPA.jpg"></icon><desc></desc><category></category></programme><programme channel="1uWAPcrmwNYPMkRQdDJBKVqwVwTdgABlYPpmQPe8" start="20230111130000 +0000" stop="20230111150000 +0000" catchup-id="0lezz0OxRXT6Ckh6GWeIi_bteJi-Exha_t9FiUHk"><title>Non-stop de beste Schlager muziek</title><date></date><icon src="https://m7be2.solocoo.tv/m7be2iphone/mmchan/mpimages/260x145/zhtCD_MZZMLcxMPCSSVrPA.jpg"></icon><desc></desc><category></category></programme><programme channel="1uWAPcrmwNYPMkRQdDJBKVqwVwTdgABlYPpmQPe8" start="20230111150000 +0000" stop="20230111170000 +0000" catchup-id="b5mo1pV1pJylRPgLe2SJJx6vJOCtDF6Gml1zj1o4"><title>Non-stop de beste Schlager muziek</title><date></date><icon src="https://m7be2.solocoo.tv/m7be2iphone/mmchan/mpimages/260x145/zhtCD_MZZMLcxMPCSSVrPA.jpg"></icon><desc></desc><category></category></programme><programme channel="1uWAPcrmwNYPMkRQdDJBKVqwVwTdgABlYPpmQPe8" start="20230111170000 +0000" stop="20230111190000 +0000" catchup-id="Oe5Z1zvroJKrPEtq-ZP2nq6frcNrdpeiqcG8EnFz"><title>Non-stop de beste Schlager muziek</title><date></date><icon src="https://m7be2.solocoo.tv/m7be2iphone/mmchan/mpimages/260x145/zhtCD_MZZMLcxMPCSSVrPA.jpg"></icon><desc></desc><category></category></programme><programme channel="1uWAPcrmwNYPMkRQdDJBKVqwVwTdgABlYPpmQPe8" start="20230111190000 +0000" stop="20230111210000 +0000" catchup-id="rMhpArd4o1afi6b8t4PyXvugm5SOGFO99RoLQN_w"><title>Non-stop de beste Schlager muziek</title><date></date><icon src="https://m7be2.solocoo.tv/m7be2iphone/mmchan/mpimages/260x145/zhtCD_MZZMLcxMPCSSVrPA.jpg"></icon><desc></desc><category></category></programme><programme channel="1uWAPcrmwNYPMkRQdDJBKVqwVwTdgABlYPpmQPe8" start="20230111210000 +0000" stop="20230111230000 +0000" catchup-id="MaxLGmkgYO_Uf36mgMWBwPaydj23g4bpF9Ig3-sS"><title>Non-stop de beste Schlager muziek</title><date></date><icon src="https://m7be2.solocoo.tv/m7be2iphone/mmchan/mpimages/260x145/zhtCD_MZZMLcxMPCSSVrPA.jpg"></icon><desc></desc><category></category></programme><programme channel="1uWAPcrmwNYPMkRQdDJBKVqwVwTdgABlYPpmQPe8" start="20230111230000 +0000" stop="20230112010000 +0000" catchup-id="yLqpwxSF7V8Mn_VpMACAjs5t7OJM89ENec7ny_3t"><title>Non-stop de beste Schlager muziek</title><date></date><icon src="https://m7be2.solocoo.tv/m7be2iphone/mmchan/mpimages/260x145/zhtCD_MZZMLcxMPCSSVrPA.jpg"></icon><desc></desc><category></category></programme><programme channel="1uWAPcrmwNYPMkRQdDJBKVqwVwTdgABlYPpmQPe8" start="20230112010000 +0000" stop="20230112030000 +0000" catchup-id="aG05Po34PKlpyRPn3uv0zS2DUWYPiCKi2rfXJjC5"><title>Non-stop de beste Schlager muziek</title><date></date><icon src="https://m7be2.solocoo.tv/m7be2iphone/mmchan/mpimages/260x145/zhtCD_MZZMLcxMPCSSVrPA.jpg"></icon><desc></desc><category></category></programme><programme channel="1uWAPcrmwNYPMkRQdDJBKVqwVwTdgABlYPpmQPe8" start="20230112030000 +0000" stop="20230112050000 +0000" catchup-id="6ZZ9jJ4yrQDc8Maj0-dHGgMChqz4j-QbiHSNMPij"><title>Non-stop de beste Schlager muziek</title><date></date><icon src="https://m7be2.solocoo.tv/m7be2iphone/mmchan/mpimages/260x145/zhtCD_MZZMLcxMPCSSVrPA.jpg"></icon><desc></desc><category></category></programme><programme channel="1uWAPcrmwNYPMkRQdDJBKVqwVwTdgABlYPpmQPe8" start="20230112050000 +0000" stop="20230112070000 +0000" catchup-id="FPK2M7Hoj6x3V7jC4Xq8OtgvOkCjFVY18Iamz0IL"><title>Non-stop de beste Schlager muziek</title><date></date><icon src="https://m7be2.solocoo.tv/m7be2iphone/mmchan/mpimages/260x145/zhtCD_MZZMLcxMPCSSVrPA.jpg"></icon><desc></desc><category></category></programme><programme channel="1uWAPcrmwNYPMkRQdDJBKVqwVwTdgABlYPpmQPe8" start="20230112070000 +0000" stop="20230112090000 +0000" catchup-id="Tj8cRwatNLhlbOJ_qMQJi3AKdYlCbzn48YkHwrev"><title>Non-stop de beste Schlager muziek</title><date></date><icon src="https://m7be2.solocoo.tv/m7be2iphone/mmchan/mpimages/260x145/zhtCD_MZZMLcxMPCSSVrPA.jpg"></icon><desc></desc><category></category></programme><programme channel="1uWAPcrmwNYPMkRQdDJBKVqwVwTdgABlYPpmQPe8" start="20230112090000 +0000" stop="20230112110000 +0000" catchup-id="VMRVY7ktOxRIf2Aabw7RRvsok9IBHcdXzKhd-agJ"><title>Non-stop de beste Schlager muziek</title><date></date><icon src="https://m7be2.solocoo.tv/m7be2iphone/mmchan/mpimages/260x145/zhtCD_MZZMLcxMPCSSVrPA.jpg"></icon><desc></desc><category></category></programme><programme channel="1uWAPcrmwNYPMkRQdDJBKVqwVwTdgABlYPpmQPe8" start="20230112110000 +0000" stop="20230112130000 +0000" catchup-id="0LLaZgTd9_mUFuh-qJDppqnJIzd1UDr-5LcvyIon"><title>Non-stop de beste Schlager muziek</title><date></date><icon src="https://m7be2.solocoo.tv/m7be2iphone/mmchan/mpimages/260x145/zhtCD_MZZMLcxMPCSSVrPA.jpg"></icon><desc></desc><category></category></programme><programme channel="1uWAPcrmwNYPMkRQdDJBKVqwVwTdgABlYPpmQPe8" start="20230112130000 +0000" stop="20230112150000 +0000" catchup-id="hWcxP_MDCVhyC9bzmU__y5WJw20uP8BHEZ70jTUb"><title>Non-stop de beste Schlager muziek</title><date></date><icon src="https://m7be2.solocoo.tv/m7be2iphone/mmchan/mpimages/260x145/zhtCD_MZZMLcxMPCSSVrPA.jpg"></icon><desc></desc><category></category></programme><programme channel="1uWAPcrmwNYPMkRQdDJBKVqwVwTdgABlYPpmQPe8" start="20230112150000 +0000" stop="20230112170000 +0000" catchup-id="ffqMXoLVBLCo_8KVtVfwyXFBlKeZDcTIO7qeEqBp"><title>Non-stop de beste Schlager muziek</title><date></date><icon src="https://m7be2.solocoo.tv/m7be2iphone/mmchan/mpimages/260x145/zhtCD_MZZMLcxMPCSSVrPA.jpg"></icon><desc></desc><category></category></programme><programme channel="1uWAPcrmwNYPMkRQdDJBKVqwVwTdgABlYPpmQPe8" start="20230112170000 +0000" stop="20230112190000 +0000" catchup-id="SUCBDvHZqQrLwjx3o6O-zbeeKEba2ymAo7Dv0Uqr"><title>Non-stop de beste Schlager muziek</title><date></date><icon src="https://m7be2.solocoo.tv/m7be2iphone/mmchan/mpimages/260x145/zhtCD_MZZMLcxMPCSSVrPA.jpg"></icon><desc></desc><category></category></programme><programme channel="1uWAPcrmwNYPMkRQdDJBKVqwVwTdgABlYPpmQPe8" start="20230112190000 +0000" stop="20230112210000 +0000" catchup-id="rwsZ4i2SuUvNmFM-ZliHyU0cr-FnYHEElYj2bC85"><title>Non-stop de beste Schlager muziek</title><date></date><icon src="https://m7be2.solocoo.tv/m7be2iphone/mmchan/mpimages/260x145/zhtCD_MZZMLcxMPCSSVrPA.jpg"></icon><desc></desc><category></category></programme>