<programme channel="1a61r0sy68EzFUw6Z3LtMSoqZ9WtEfMM9aycFU1N" start="20221228230000 +0000" stop="20221229050000 +0000" catchup-id="fa_riFd8UAM-Y1IwoSdcQfZglek0ofu4upNqr1GA"><title>Nick Music</title><date></date><icon src="https://m7be2.solocoo.tv/m7be2iphone/mmchan/mpimages/208x308/Rb5FchfOoYLk7HhFH4gRTA.jpg"></icon><desc>De leukste videoclips van de grootste artiesten, 24 uur per dag op Nick Music!</desc><category></category></programme><programme channel="1a61r0sy68EzFUw6Z3LtMSoqZ9WtEfMM9aycFU1N" start="20221229050000 +0000" stop="20221229110000 +0000" catchup-id="-twwrAVcXW2ZgrcHS4J-XoA7iEdzIHVY_OSJIHx-"><title>Nick Music</title><date></date><icon src="https://m7be2.solocoo.tv/m7be2iphone/mmchan/mpimages/208x308/Rb5FchfOoYLk7HhFH4gRTA.jpg"></icon><desc>De leukste videoclips van de grootste artiesten, 24 uur per dag op Nick Music!</desc><category></category></programme><programme channel="1a61r0sy68EzFUw6Z3LtMSoqZ9WtEfMM9aycFU1N" start="20221229110000 +0000" stop="20221229170000 +0000" catchup-id="ten2onI78HHMnVnbEln2DAfBMbOCSoNwWXwqV6io"><title>Nick Music</title><date></date><icon src="https://m7be2.solocoo.tv/m7be2iphone/mmchan/mpimages/208x308/jWX4ZFCBsVWlghjrXmea5g.jpg"></icon><desc>De leukste videoclips van de grootste artiesten, 24 uur per dag op Nick Music!</desc><category></category></programme><programme channel="1a61r0sy68EzFUw6Z3LtMSoqZ9WtEfMM9aycFU1N" start="20221229170000 +0000" stop="20221229230000 +0000" catchup-id="5J5oFuae_HiRQkz0cYlsJTrllU4fUZb3pRMzmBQ8"><title>Nick Music</title><date></date><icon src="https://m7be2.solocoo.tv/m7be2iphone/mmchan/mpimages/208x308/Rb5FchfOoYLk7HhFH4gRTA.jpg"></icon><desc>De leukste videoclips van de grootste artiesten, 24 uur per dag op Nick Music!</desc><category></category></programme><programme channel="1a61r0sy68EzFUw6Z3LtMSoqZ9WtEfMM9aycFU1N" start="20221229230000 +0000" stop="20221230050000 +0000" catchup-id="v1Epe8CwhP4XVINUwiRSg6M17HqCc9fLdXHDh0ho"><title>Nick Music</title><date></date><icon src="https://m7be2.solocoo.tv/m7be2iphone/mmchan/mpimages/208x308/jWX4ZFCBsVWlghjrXmea5g.jpg"></icon><desc>De leukste videoclips van de grootste artiesten, 24 uur per dag op Nick Music!</desc><category></category></programme><programme channel="1a61r0sy68EzFUw6Z3LtMSoqZ9WtEfMM9aycFU1N" start="20221230050000 +0000" stop="20221230110000 +0000" catchup-id="0RBz1Vl3YknyShuCVAJrfVtO15JUqyw-qgAhE07N"><title>Nick Music</title><date></date><icon src="https://m7be2.solocoo.tv/m7be2iphone/mmchan/mpimages/208x308/Rb5FchfOoYLk7HhFH4gRTA.jpg"></icon><desc>De leukste videoclips van de grootste artiesten, 24 uur per dag op Nick Music!</desc><category></category></programme><programme channel="1a61r0sy68EzFUw6Z3LtMSoqZ9WtEfMM9aycFU1N" start="20221230110000 +0000" stop="20221230170000 +0000" catchup-id="U4-P8CPG9zyyL5E8R_aJtmbvV7OwM0thC7TWvNsv"><title>Nick Music</title><date></date><icon src="https://m7be2.solocoo.tv/m7be2iphone/mmchan/mpimages/208x308/Rb5FchfOoYLk7HhFH4gRTA.jpg"></icon><desc>De leukste videoclips van de grootste artiesten, 24 uur per dag op Nick Music!</desc><category></category></programme><programme channel="1a61r0sy68EzFUw6Z3LtMSoqZ9WtEfMM9aycFU1N" start="20221230170000 +0000" stop="20221230230000 +0000" catchup-id="WuxT5EyasU91ZUEmGL5keBdPkM0auvu6Q8GKVmKI"><title>Nick Music</title><date></date><icon src="https://m7be2.solocoo.tv/m7be2iphone/mmchan/mpimages/208x308/jWX4ZFCBsVWlghjrXmea5g.jpg"></icon><desc>De leukste videoclips van de grootste artiesten, 24 uur per dag op Nick Music!</desc><category></category></programme><programme channel="1a61r0sy68EzFUw6Z3LtMSoqZ9WtEfMM9aycFU1N" start="20221230230000 +0000" stop="20221231050000 +0000" catchup-id="krcztjWMfxZKzNrNht1L_yWJTA2JkPWxrM-xoCUQ"><title>Nick Music</title><date></date><icon src="https://m7be2.solocoo.tv/m7be2iphone/mmchan/mpimages/208x308/jWX4ZFCBsVWlghjrXmea5g.jpg"></icon><desc>De leukste videoclips van de grootste artiesten, 24 uur per dag op Nick Music!</desc><category></category></programme><programme channel="1a61r0sy68EzFUw6Z3LtMSoqZ9WtEfMM9aycFU1N" start="20221231050000 +0000" stop="20221231110000 +0000" catchup-id="28zE11v9sk-KzLbYz56veP5rjE0MqNdpM4URHCfE"><title>Nick Music</title><date></date><icon src="https://m7be2.solocoo.tv/m7be2iphone/mmchan/mpimages/208x308/jWX4ZFCBsVWlghjrXmea5g.jpg"></icon><desc>De leukste videoclips van de grootste artiesten, 24 uur per dag op Nick Music!</desc><category></category></programme><programme channel="1a61r0sy68EzFUw6Z3LtMSoqZ9WtEfMM9aycFU1N" start="20221231110000 +0000" stop="20221231170000 +0000" catchup-id="n22pe1-xdwaLp2NqvO8w-OC9Nk1tHks7XqLvjFro"><title>Nick Music</title><date></date><icon src="https://m7be2.solocoo.tv/m7be2iphone/mmchan/mpimages/208x308/Rb5FchfOoYLk7HhFH4gRTA.jpg"></icon><desc>De leukste videoclips van de grootste artiesten, 24 uur per dag op Nick Music!</desc><category></category></programme><programme channel="1a61r0sy68EzFUw6Z3LtMSoqZ9WtEfMM9aycFU1N" start="20221231170000 +0000" stop="20221231230000 +0000" catchup-id="k2CkPA_MBvETFtH_vsoeId5VuMVrGbeudr1t_VdM"><title>Nick Music</title><date></date><icon src="https://m7be2.solocoo.tv/m7be2iphone/mmchan/mpimages/208x308/Rb5FchfOoYLk7HhFH4gRTA.jpg"></icon><desc>De leukste videoclips van de grootste artiesten, 24 uur per dag op Nick Music!</desc><category></category></programme><programme channel="1a61r0sy68EzFUw6Z3LtMSoqZ9WtEfMM9aycFU1N" start="20221231230000 +0000" stop="20230101050000 +0000" catchup-id="FbWhuZ9f7XYK7EqWUmBbshG43dxFemFThfv1FqLG"><title>Nick Music</title><date></date><icon src="https://m7be2.solocoo.tv/m7be2iphone/mmchan/mpimages/208x308/jWX4ZFCBsVWlghjrXmea5g.jpg"></icon><desc>De leukste videoclips van de grootste artiesten, 24 uur per dag op Nick Music!</desc><category></category></programme><programme channel="1a61r0sy68EzFUw6Z3LtMSoqZ9WtEfMM9aycFU1N" start="20230101050000 +0000" stop="20230101110000 +0000" catchup-id="chRZ6MRFHQV9Mi9EagPUhvpHFR_0wGbmfDlbr-1n"><title>Nick Music</title><date></date><icon src="https://m7be2.solocoo.tv/m7be2iphone/mmchan/mpimages/208x308/Rb5FchfOoYLk7HhFH4gRTA.jpg"></icon><desc>De leukste videoclips van de grootste artiesten, 24 uur per dag op Nick Music!</desc><category></category></programme><programme channel="1a61r0sy68EzFUw6Z3LtMSoqZ9WtEfMM9aycFU1N" start="20230101110000 +0000" stop="20230101170000 +0000" catchup-id="jGxBmzE6XTYmxSOJxL-tOhDTwmIQZZBMcBIz9GNY"><title>Nick Music</title><date></date><icon src="https://m7be2.solocoo.tv/m7be2iphone/mmchan/mpimages/208x308/jWX4ZFCBsVWlghjrXmea5g.jpg"></icon><desc>De leukste videoclips van de grootste artiesten, 24 uur per dag op Nick Music!</desc><category></category></programme><programme channel="1a61r0sy68EzFUw6Z3LtMSoqZ9WtEfMM9aycFU1N" start="20230101170000 +0000" stop="20230101230000 +0000" catchup-id="GKVPVP8IxEF2rf2iz3In-PbVdj3Yd2tcXfcfvVbO"><title>Nick Music</title><date></date><icon src="https://m7be2.solocoo.tv/m7be2iphone/mmchan/mpimages/208x308/Rb5FchfOoYLk7HhFH4gRTA.jpg"></icon><desc>De leukste videoclips van de grootste artiesten, 24 uur per dag op Nick Music!</desc><category></category></programme><programme channel="1a61r0sy68EzFUw6Z3LtMSoqZ9WtEfMM9aycFU1N" start="20230101230000 +0000" stop="20230102050000 +0000" catchup-id="gv3wolSgRY9HEk38EazcBCz-6sF7UvcDV_KbVldx"><title>Nick Music</title><date></date><icon src="https://m7be2.solocoo.tv/m7be2iphone/mmchan/mpimages/208x308/jWX4ZFCBsVWlghjrXmea5g.jpg"></icon><desc>De leukste videoclips van de grootste artiesten, 24 uur per dag op Nick Music!</desc><category></category></programme><programme channel="1a61r0sy68EzFUw6Z3LtMSoqZ9WtEfMM9aycFU1N" start="20230102050000 +0000" stop="20230102110000 +0000" catchup-id="qo-N3Hk4Rb4kVGqHe8TMk5lP2EJsTdcW-HpqB4tD"><title>Nick Music</title><date></date><icon src="https://m7be2.solocoo.tv/m7be2iphone/mmchan/mpimages/208x308/Rb5FchfOoYLk7HhFH4gRTA.jpg"></icon><desc>De leukste videoclips van de grootste artiesten, 24 uur per dag op Nick Music!</desc><category></category></programme><programme channel="1a61r0sy68EzFUw6Z3LtMSoqZ9WtEfMM9aycFU1N" start="20230102110000 +0000" stop="20230102170000 +0000" catchup-id="Hv0KCbaJvYjI_WGyc6lWX9ldviDdyrqBmw3kpHve"><title>Nick Music</title><date></date><icon src="https://m7be2.solocoo.tv/m7be2iphone/mmchan/mpimages/208x308/jWX4ZFCBsVWlghjrXmea5g.jpg"></icon><desc>De leukste videoclips van de grootste artiesten, 24 uur per dag op Nick Music!</desc><category></category></programme><programme channel="1a61r0sy68EzFUw6Z3LtMSoqZ9WtEfMM9aycFU1N" start="20230102170000 +0000" stop="20230102230000 +0000" catchup-id="-x61YfronxxyqFD7IRNF0g2Q7HoEf2AHIcHWPH9L"><title>Nick Music</title><date></date><icon src="https://m7be2.solocoo.tv/m7be2iphone/mmchan/mpimages/208x308/Rb5FchfOoYLk7HhFH4gRTA.jpg"></icon><desc>De leukste videoclips van de grootste artiesten, 24 uur per dag op Nick Music!</desc><category></category></programme><programme channel="1a61r0sy68EzFUw6Z3LtMSoqZ9WtEfMM9aycFU1N" start="20230102230000 +0000" stop="20230103050000 +0000" catchup-id="wXPY_jx4jATdxPuSCpVHQ4sbXmfJhikk46xd9-8a"><title>Nick Music</title><date></date><icon src="https://m7be2.solocoo.tv/m7be2iphone/mmchan/mpimages/208x308/jWX4ZFCBsVWlghjrXmea5g.jpg"></icon><desc>De leukste videoclips van de grootste artiesten, 24 uur per dag op Nick Music!</desc><category></category></programme><programme channel="1a61r0sy68EzFUw6Z3LtMSoqZ9WtEfMM9aycFU1N" start="20230103050000 +0000" stop="20230103110000 +0000" catchup-id="JgERnGZ9L97A5n121ZWQSlsKMPdojXAlNtvmAGST"><title>Nick Music</title><date></date><icon src="https://m7be2.solocoo.tv/m7be2iphone/mmchan/mpimages/208x308/Rb5FchfOoYLk7HhFH4gRTA.jpg"></icon><desc>De leukste videoclips van de grootste artiesten, 24 uur per dag op Nick Music!</desc><category></category></programme><programme channel="1a61r0sy68EzFUw6Z3LtMSoqZ9WtEfMM9aycFU1N" start="20230103110000 +0000" stop="20230103170000 +0000" catchup-id="1lO7QrqEKr_dz0tFE1xG6f3pliANU2XUhKJliGdl"><title>Nick Music</title><date></date><icon src="https://m7be2.solocoo.tv/m7be2iphone/mmchan/mpimages/208x308/jWX4ZFCBsVWlghjrXmea5g.jpg"></icon><desc>De leukste videoclips van de grootste artiesten, 24 uur per dag op Nick Music!</desc><category></category></programme><programme channel="1a61r0sy68EzFUw6Z3LtMSoqZ9WtEfMM9aycFU1N" start="20230103170000 +0000" stop="20230103230000 +0000" catchup-id="pbUSS41qiiEsgj3KgxaXSXGl9yfYYmsNqIuNB2Mr"><title>Nick Music</title><date></date><icon src="https://m7be2.solocoo.tv/m7be2iphone/mmchan/mpimages/208x308/Rb5FchfOoYLk7HhFH4gRTA.jpg"></icon><desc>De leukste videoclips van de grootste artiesten, 24 uur per dag op Nick Music!</desc><category></category></programme><programme channel="1a61r0sy68EzFUw6Z3LtMSoqZ9WtEfMM9aycFU1N" start="20230103230000 +0000" stop="20230104050000 +0000" catchup-id="VVkRTfyNTrhhRMm26ipo2uSlFGj4CchL-Qv85XLb"><title>Nick Music</title><date></date><icon src="https://m7be2.solocoo.tv/m7be2iphone/mmchan/mpimages/208x308/jWX4ZFCBsVWlghjrXmea5g.jpg"></icon><desc>De leukste videoclips van de grootste artiesten, 24 uur per dag op Nick Music!</desc><category></category></programme><programme channel="1a61r0sy68EzFUw6Z3LtMSoqZ9WtEfMM9aycFU1N" start="20230104050000 +0000" stop="20230104110000 +0000" catchup-id="akBm9RACPNiJZM7xcBD14Fz_fVJNH4jP27m_FMDe"><title>Nick Music</title><date></date><icon src="https://m7be2.solocoo.tv/m7be2iphone/mmchan/mpimages/208x308/Rb5FchfOoYLk7HhFH4gRTA.jpg"></icon><desc>De leukste videoclips van de grootste artiesten, 24 uur per dag op Nick Music!</desc><category></category></programme><programme channel="1a61r0sy68EzFUw6Z3LtMSoqZ9WtEfMM9aycFU1N" start="20230104110000 +0000" stop="20230104170000 +0000" catchup-id="9Mz0g2GpeTHgPdM9BeE_h4zWr3cL92B6OHDCUvIk"><title>Nick Music</title><date></date><icon src="https://m7be2.solocoo.tv/m7be2iphone/mmchan/mpimages/208x308/jWX4ZFCBsVWlghjrXmea5g.jpg"></icon><desc>De leukste videoclips van de grootste artiesten, 24 uur per dag op Nick Music!</desc><category></category></programme><programme channel="1a61r0sy68EzFUw6Z3LtMSoqZ9WtEfMM9aycFU1N" start="20230104170000 +0000" stop="20230104230000 +0000" catchup-id="sW-E47hqcuIfL2zmxpHjCzk27au6sfbqMD6gil3l"><title>Nick Music</title><date></date><icon src="https://m7be2.solocoo.tv/m7be2iphone/mmchan/mpimages/208x308/jWX4ZFCBsVWlghjrXmea5g.jpg"></icon><desc>De leukste videoclips van de grootste artiesten, 24 uur per dag op Nick Music!</desc><category></category></programme><programme channel="1a61r0sy68EzFUw6Z3LtMSoqZ9WtEfMM9aycFU1N" start="20230104230000 +0000" stop="20230105050000 +0000" catchup-id="o3QdCO6mYjsD_vj4WmY36JmBGXfL4D3Jr9si2LU3"><title>Nick Music</title><date></date><icon src="https://m7be2.solocoo.tv/m7be2iphone/mmchan/mpimages/208x308/Rb5FchfOoYLk7HhFH4gRTA.jpg"></icon><desc>De leukste videoclips van de grootste artiesten, 24 uur per dag op Nick Music!</desc><category></category></programme><programme channel="1a61r0sy68EzFUw6Z3LtMSoqZ9WtEfMM9aycFU1N" start="20230105050000 +0000" stop="20230105110000 +0000" catchup-id="9cwVoMxpsyIemAtL6EXrZ0UFwBskzkyLvRBYy7dF"><title>Nick Music</title><date></date><icon src="https://m7be2.solocoo.tv/m7be2iphone/mmchan/mpimages/260x145/Rb5FchfOoYLk7HhFH4gRTA.jpg"></icon><desc>De leukste videoclips van de grootste artiesten, 24 uur per dag op Nick Music!</desc><category></category></programme><programme channel="1a61r0sy68EzFUw6Z3LtMSoqZ9WtEfMM9aycFU1N" start="20230105110000 +0000" stop="20230105170000 +0000" catchup-id="VLA7hmfTOcxwZolDboKUhiFAO8su-RnlQsoxh4kQ"><title>Nick Music</title><date></date><icon src="https://m7be2.solocoo.tv/m7be2iphone/mmchan/mpimages/260x145/jWX4ZFCBsVWlghjrXmea5g.jpg"></icon><desc>De leukste videoclips van de grootste artiesten, 24 uur per dag op Nick Music!</desc><category></category></programme><programme channel="1a61r0sy68EzFUw6Z3LtMSoqZ9WtEfMM9aycFU1N" start="20230105170000 +0000" stop="20230105230000 +0000" catchup-id="fu2whECANwQcEBr3RC0mMJ0NIO80BjJQyLVYhSHa"><title>Nick Music</title><date></date><icon src="https://m7be2.solocoo.tv/m7be2iphone/mmchan/mpimages/260x145/Rb5FchfOoYLk7HhFH4gRTA.jpg"></icon><desc>De leukste videoclips van de grootste artiesten, 24 uur per dag op Nick Music!</desc><category></category></programme><programme channel="1a61r0sy68EzFUw6Z3LtMSoqZ9WtEfMM9aycFU1N" start="20230105230000 +0000" stop="20230106050000 +0000" catchup-id="8szyBMlSg8OrHN8AV9SnxRMHICZD9MiVGSlAtV4a"><title>Nick Music</title><date></date><icon src="https://m7be2.solocoo.tv/m7be2iphone/mmchan/mpimages/260x145/jWX4ZFCBsVWlghjrXmea5g.jpg"></icon><desc>De leukste videoclips van de grootste artiesten, 24 uur per dag op Nick Music!</desc><category></category></programme><programme channel="1a61r0sy68EzFUw6Z3LtMSoqZ9WtEfMM9aycFU1N" start="20230106050000 +0000" stop="20230106110000 +0000" catchup-id="kyx2N6qXk1L8Mv6k5hiTSho0d6RtBsTYJNHX_cPi"><title>Nick Music</title><date></date><icon src="https://m7be2.solocoo.tv/m7be2iphone/mmchan/mpimages/260x145/jWX4ZFCBsVWlghjrXmea5g.jpg"></icon><desc>De leukste videoclips van de grootste artiesten, 24 uur per dag op Nick Music!</desc><category></category></programme><programme channel="1a61r0sy68EzFUw6Z3LtMSoqZ9WtEfMM9aycFU1N" start="20230106110000 +0000" stop="20230106170000 +0000" catchup-id="LxqXB7e9FL7BUA7O0BEjWcITkbfHjHKs3VVrBCJU"><title>Nick Music</title><date></date><icon src="https://m7be2.solocoo.tv/m7be2iphone/mmchan/mpimages/260x145/jWX4ZFCBsVWlghjrXmea5g.jpg"></icon><desc>De leukste videoclips van de grootste artiesten, 24 uur per dag op Nick Music!</desc><category></category></programme><programme channel="1a61r0sy68EzFUw6Z3LtMSoqZ9WtEfMM9aycFU1N" start="20230106170000 +0000" stop="20230106230000 +0000" catchup-id="lPu-da1zQKHktB7i5OfNQ_AvhCu7lOfkux8mw0XK"><title>Nick Music</title><date></date><icon src="https://m7be2.solocoo.tv/m7be2iphone/mmchan/mpimages/260x145/Rb5FchfOoYLk7HhFH4gRTA.jpg"></icon><desc>De leukste videoclips van de grootste artiesten, 24 uur per dag op Nick Music!</desc><category></category></programme><programme channel="1a61r0sy68EzFUw6Z3LtMSoqZ9WtEfMM9aycFU1N" start="20230106230000 +0000" stop="20230107050000 +0000" catchup-id="WXQLEGlmGvqtfVrr1iyocoZS5gJSKDPZeCobrwAZ"><title>Nick Music</title><date></date><icon src="https://m7be2.solocoo.tv/m7be2iphone/mmchan/mpimages/260x145/Rb5FchfOoYLk7HhFH4gRTA.jpg"></icon><desc>De leukste videoclips van de grootste artiesten, 24 uur per dag op Nick Music!</desc><category></category></programme><programme channel="1a61r0sy68EzFUw6Z3LtMSoqZ9WtEfMM9aycFU1N" start="20230107050000 +0000" stop="20230107110000 +0000" catchup-id="MdOHigkBCdwFe_yVI0aFZFqUefIkLkuOcw68QVtz"><title>Nick Music</title><date></date><icon src="https://m7be2.solocoo.tv/m7be2iphone/mmchan/mpimages/260x145/jWX4ZFCBsVWlghjrXmea5g.jpg"></icon><desc>De leukste videoclips van de grootste artiesten, 24 uur per dag op Nick Music!</desc><category></category></programme><programme channel="1a61r0sy68EzFUw6Z3LtMSoqZ9WtEfMM9aycFU1N" start="20230107110000 +0000" stop="20230107170000 +0000" catchup-id="iWdTI2S6tjDfENpCrnJAXR1ySMaIp34WqFjD1PL2"><title>Nick Music</title><date></date><icon src="https://m7be2.solocoo.tv/m7be2iphone/mmchan/mpimages/260x145/Rb5FchfOoYLk7HhFH4gRTA.jpg"></icon><desc>De leukste videoclips van de grootste artiesten, 24 uur per dag op Nick Music!</desc><category></category></programme><programme channel="1a61r0sy68EzFUw6Z3LtMSoqZ9WtEfMM9aycFU1N" start="20230107170000 +0000" stop="20230107230000 +0000" catchup-id="aNdSxfNX3SBY3GL6ICn541do9FdXLihOmEauQUkh"><title>Nick Music</title><date></date><icon src="https://m7be2.solocoo.tv/m7be2iphone/mmchan/mpimages/260x145/Rb5FchfOoYLk7HhFH4gRTA.jpg"></icon><desc>De leukste videoclips van de grootste artiesten, 24 uur per dag op Nick Music!</desc><category></category></programme><programme channel="1a61r0sy68EzFUw6Z3LtMSoqZ9WtEfMM9aycFU1N" start="20230107230000 +0000" stop="20230108050000 +0000" catchup-id="82WuADcfMNLnkDM-rS3gi7W39wZpqfF1a13RA6aG"><title>Nick Music</title><date></date><icon src="https://m7be2.solocoo.tv/m7be2iphone/mmchan/mpimages/260x145/jWX4ZFCBsVWlghjrXmea5g.jpg"></icon><desc>De leukste videoclips van de grootste artiesten, 24 uur per dag op Nick Music!</desc><category></category></programme><programme channel="1a61r0sy68EzFUw6Z3LtMSoqZ9WtEfMM9aycFU1N" start="20230108050000 +0000" stop="20230108110000 +0000" catchup-id="7vUz-IwUuJ1Oa25x8NwodCMs41S182PLadZM21db"><title>Nick Music</title><date></date><icon src="https://m7be2.solocoo.tv/m7be2iphone/mmchan/mpimages/260x145/Rb5FchfOoYLk7HhFH4gRTA.jpg"></icon><desc>De leukste videoclips van de grootste artiesten, 24 uur per dag op Nick Music!</desc><category></category></programme><programme channel="1a61r0sy68EzFUw6Z3LtMSoqZ9WtEfMM9aycFU1N" start="20230108110000 +0000" stop="20230108170000 +0000" catchup-id="qRmdWp7nDLgV9NweaZuae5mv2Ng8Yl1hZJieaV2M"><title>Nick Music</title><date></date><icon src="https://m7be2.solocoo.tv/m7be2iphone/mmchan/mpimages/260x145/jWX4ZFCBsVWlghjrXmea5g.jpg"></icon><desc>De leukste videoclips van de grootste artiesten, 24 uur per dag op Nick Music!</desc><category></category></programme><programme channel="1a61r0sy68EzFUw6Z3LtMSoqZ9WtEfMM9aycFU1N" start="20230108170000 +0000" stop="20230108230000 +0000" catchup-id="Zw1ld8yt36hr27WjaYFwpsrGw6ELZaQ432XqDaWN"><title>Nick Music</title><date></date><icon src="https://m7be2.solocoo.tv/m7be2iphone/mmchan/mpimages/260x145/Rb5FchfOoYLk7HhFH4gRTA.jpg"></icon><desc>De leukste videoclips van de grootste artiesten, 24 uur per dag op Nick Music!</desc><category></category></programme><programme channel="1a61r0sy68EzFUw6Z3LtMSoqZ9WtEfMM9aycFU1N" start="20230108230000 +0000" stop="20230109050000 +0000" catchup-id="f8hd2c-RwMHTdNaLGjCP8rLP6dMsF9gnXiBq2tAe"><title>Nick Music</title><date></date><icon src="https://m7be2.solocoo.tv/m7be2iphone/mmchan/mpimages/260x145/jWX4ZFCBsVWlghjrXmea5g.jpg"></icon><desc>De leukste videoclips van de grootste artiesten, 24 uur per dag op Nick Music!</desc><category></category></programme><programme channel="1a61r0sy68EzFUw6Z3LtMSoqZ9WtEfMM9aycFU1N" start="20230109050000 +0000" stop="20230109110000 +0000" catchup-id="TWHGkGnJ9M6NBakTlMDdpoDwFHVLSgq4zmPLCn1V"><title>Nick Music</title><date></date><icon src="https://m7be2.solocoo.tv/m7be2iphone/mmchan/mpimages/260x145/jWX4ZFCBsVWlghjrXmea5g.jpg"></icon><desc>De leukste videoclips van de grootste artiesten, 24 uur per dag op Nick Music!</desc><category></category></programme><programme channel="1a61r0sy68EzFUw6Z3LtMSoqZ9WtEfMM9aycFU1N" start="20230109110000 +0000" stop="20230109170000 +0000" catchup-id="SNupwIxoD9IzxUsn9tytwrK0sWQ2eN48cOILq4r6"><title>Nick Music</title><date></date><icon src="https://m7be2.solocoo.tv/m7be2iphone/mmchan/mpimages/260x145/Rb5FchfOoYLk7HhFH4gRTA.jpg"></icon><desc>De leukste videoclips van de grootste artiesten, 24 uur per dag op Nick Music!</desc><category></category></programme><programme channel="1a61r0sy68EzFUw6Z3LtMSoqZ9WtEfMM9aycFU1N" start="20230109170000 +0000" stop="20230109230000 +0000" catchup-id="MiRfsefX2yZpnCvZm1DicnL8-4l8xvL38wNqDwUq"><title>Nick Music</title><date></date><icon src="https://m7be2.solocoo.tv/m7be2iphone/mmchan/mpimages/260x145/jWX4ZFCBsVWlghjrXmea5g.jpg"></icon><desc>De leukste videoclips van de grootste artiesten, 24 uur per dag op Nick Music!</desc><category></category></programme><programme channel="1a61r0sy68EzFUw6Z3LtMSoqZ9WtEfMM9aycFU1N" start="20230109230000 +0000" stop="20230110050000 +0000" catchup-id="cBJ7ZKjG_0cXqH50WIe5ym8YBuTIvH7lDIZnidZB"><title>Nick Music</title><date></date><icon src="https://m7be2.solocoo.tv/m7be2iphone/mmchan/mpimages/260x145/Rb5FchfOoYLk7HhFH4gRTA.jpg"></icon><desc>De leukste videoclips van de grootste artiesten, 24 uur per dag op Nick Music!</desc><category></category></programme><programme channel="1a61r0sy68EzFUw6Z3LtMSoqZ9WtEfMM9aycFU1N" start="20230110050000 +0000" stop="20230110110000 +0000" catchup-id="7VxyH45lj85_CnI6uoKGeqhiK6qxOpFKAdSAL5kO"><title>Nick Music</title><date></date><icon src="https://m7be2.solocoo.tv/m7be2iphone/mmchan/mpimages/260x145/jWX4ZFCBsVWlghjrXmea5g.jpg"></icon><desc>De leukste videoclips van de grootste artiesten, 24 uur per dag op Nick Music!</desc><category></category></programme><programme channel="1a61r0sy68EzFUw6Z3LtMSoqZ9WtEfMM9aycFU1N" start="20230110110000 +0000" stop="20230110170000 +0000" catchup-id="ADmP_STPTH3DLXQSn-GpoCjmEF5MMkRCHVn7LOSH"><title>Nick Music</title><date></date><icon src="https://m7be2.solocoo.tv/m7be2iphone/mmchan/mpimages/260x145/Rb5FchfOoYLk7HhFH4gRTA.jpg"></icon><desc>De leukste videoclips van de grootste artiesten, 24 uur per dag op Nick Music!</desc><category></category></programme><programme channel="1a61r0sy68EzFUw6Z3LtMSoqZ9WtEfMM9aycFU1N" start="20230110170000 +0000" stop="20230110230000 +0000" catchup-id="lM31H0lMgkoATncR-NyGG3WqmLOOp1CYOVY9ll9K"><title>Nick Music</title><date></date><icon src="https://m7be2.solocoo.tv/m7be2iphone/mmchan/mpimages/260x145/jWX4ZFCBsVWlghjrXmea5g.jpg"></icon><desc>De leukste videoclips van de grootste artiesten, 24 uur per dag op Nick Music!</desc><category></category></programme><programme channel="1a61r0sy68EzFUw6Z3LtMSoqZ9WtEfMM9aycFU1N" start="20230110230000 +0000" stop="20230111050000 +0000" catchup-id="OWSNdtb1K1V-fAKz5I3kfAxoU4q8jw-ieMf0HLCs"><title>Nick Music</title><date></date><icon src="https://m7be2.solocoo.tv/m7be2iphone/mmchan/mpimages/260x145/Rb5FchfOoYLk7HhFH4gRTA.jpg"></icon><desc>De leukste videoclips van de grootste artiesten, 24 uur per dag op Nick Music!</desc><category></category></programme><programme channel="1a61r0sy68EzFUw6Z3LtMSoqZ9WtEfMM9aycFU1N" start="20230111050000 +0000" stop="20230111110000 +0000" catchup-id="AZzU7qRIFalnQy-zAgWeZUaOuTCUvts5dmV7Pi0p"><title>Nick Music</title><date></date><icon src="https://m7be2.solocoo.tv/m7be2iphone/mmchan/mpimages/260x145/Rb5FchfOoYLk7HhFH4gRTA.jpg"></icon><desc>De leukste videoclips van de grootste artiesten, 24 uur per dag op Nick Music!</desc><category></category></programme><programme channel="1a61r0sy68EzFUw6Z3LtMSoqZ9WtEfMM9aycFU1N" start="20230111110000 +0000" stop="20230111170000 +0000" catchup-id="T98QjEBK23H2o7c7QlnHN80B2PnOgDY168u2pwoF"><title>Nick Music</title><date></date><icon src="https://m7be2.solocoo.tv/m7be2iphone/mmchan/mpimages/260x145/jWX4ZFCBsVWlghjrXmea5g.jpg"></icon><desc>De leukste videoclips van de grootste artiesten, 24 uur per dag op Nick Music!</desc><category></category></programme><programme channel="1a61r0sy68EzFUw6Z3LtMSoqZ9WtEfMM9aycFU1N" start="20230111170000 +0000" stop="20230111230000 +0000" catchup-id="sJJavQveijCQ40HKwFDL6aWWHDVtjM-ZNj3okCii"><title>Nick Music</title><date></date><icon src="https://m7be2.solocoo.tv/m7be2iphone/mmchan/mpimages/260x145/jWX4ZFCBsVWlghjrXmea5g.jpg"></icon><desc>De leukste videoclips van de grootste artiesten, 24 uur per dag op Nick Music!</desc><category></category></programme><programme channel="1a61r0sy68EzFUw6Z3LtMSoqZ9WtEfMM9aycFU1N" start="20230111230000 +0000" stop="20230112050000 +0000" catchup-id="8lkbcY08DR27C2qdyzobnd9IvWNwt100NbNLyK4G"><title>Nick Music</title><date></date><icon src="https://m7be2.solocoo.tv/m7be2iphone/mmchan/mpimages/260x145/jWX4ZFCBsVWlghjrXmea5g.jpg"></icon><desc>De leukste videoclips van de grootste artiesten, 24 uur per dag op Nick Music!</desc><category></category></programme><programme channel="1a61r0sy68EzFUw6Z3LtMSoqZ9WtEfMM9aycFU1N" start="20230112050000 +0000" stop="20230112110000 +0000" catchup-id="LuksAZOK61ogjtLrMau19b5KBRJcmHz_l3_Ov2-z"><title>Nick Music</title><date></date><icon src="https://m7be2.solocoo.tv/m7be2iphone/mmchan/mpimages/260x145/Rb5FchfOoYLk7HhFH4gRTA.jpg"></icon><desc>De leukste videoclips van de grootste artiesten, 24 uur per dag op Nick Music!</desc><category></category></programme><programme channel="1a61r0sy68EzFUw6Z3LtMSoqZ9WtEfMM9aycFU1N" start="20230112110000 +0000" stop="20230112170000 +0000" catchup-id="I3SxPkHhEM07qQgRu72umJSL9i7wTWH0_WuBVRNX"><title>Nick Music</title><date></date><icon src="https://m7be2.solocoo.tv/m7be2iphone/mmchan/mpimages/260x145/jWX4ZFCBsVWlghjrXmea5g.jpg"></icon><desc>De leukste videoclips van de grootste artiesten, 24 uur per dag op Nick Music!</desc><category></category></programme>