<programme channel="GuWcT5XzyK01Z74TLsufoJ0VThHsJ_K9S6eG8XEg" start="20221228230000 +0000" stop="20221229013100 +0000" catchup-id="VTXz69s878m4KXmU08-pQ5eM7j02-hQFMHmASgvt"><title>ANAL ANGELS VOL.4</title><date></date><icon src="https://m7be2.solocoo.tv/m7be2iphone/mmchan/mpimages/208x308/RPvy6kuOIHbF7BJYmMkujQ.jpg"></icon><desc></desc><category></category></programme><programme channel="GuWcT5XzyK01Z74TLsufoJ0VThHsJ_K9S6eG8XEg" start="20221229013100 +0000" stop="20221229013500 +0000" catchup-id="zlqCcdeG9msbcXnROVdClrIEVD2bxHFhm8eMrIBp"><title>ANA ROSE AND ADRIA RAE</title><date></date><icon src="https://m7be2.solocoo.tv/m7be2iphone/mmchan/mpimages/208x308/9RkzUcTZ_c2ph4L6ubBCxw.jpg"></icon><desc></desc><category></category></programme><programme channel="GuWcT5XzyK01Z74TLsufoJ0VThHsJ_K9S6eG8XEg" start="20221229013500 +0000" stop="20221229040800 +0000" catchup-id="ag0SKL3KmcKUmbtA_DsPzHxZIvTS5pXtf11Pn7T4"><title>IF IT FEELS GOOD VOL.3</title><date></date><icon src="https://m7be2.solocoo.tv/m7be2iphone/mmchan/mpimages/208x308/PtKoEp3ajPBqP3RGfmZ8kg.jpg"></icon><desc></desc><category></category></programme><programme channel="GuWcT5XzyK01Z74TLsufoJ0VThHsJ_K9S6eG8XEg" start="20221229040800 +0000" stop="20221229045900 +0000" catchup-id="zVqkV3cy1O5x1jOnu7PpJOi9k16CDw--IiUioPKH"><title>ALINA</title><date></date><icon src="https://m7be2.solocoo.tv/m7be2iphone/mmchan/mpimages/208x308/VlyXDSepLD8T78vAr-LSsg.jpg"></icon><desc></desc><category></category></programme><programme channel="GuWcT5XzyK01Z74TLsufoJ0VThHsJ_K9S6eG8XEg" start="20221229045900 +0000" stop="20221229074200 +0000" catchup-id="gSfJOLghhSo-4m5rRvs665Q5swXd7td1EcxrU_KM"><title>TUSHY RAW VOL.25</title><date></date><icon src="https://m7be2.solocoo.tv/m7be2iphone/mmchan/mpimages/208x308/jzBpqRKNUUsGVOTkXx8Q2A.jpg"></icon><desc></desc><category></category></programme><programme channel="GuWcT5XzyK01Z74TLsufoJ0VThHsJ_K9S6eG8XEg" start="20221229074200 +0000" stop="20221229074400 +0000" catchup-id="OJSzSQNrJOSmMUaE0LTmMi5fd8-UCMRjE5O_pxcg"><title>VIXEN ANGEL : NICOLE ANISTON</title><date></date><icon src="https://m7be2.solocoo.tv/m7be2iphone/mmchan/mpimages/208x308/iZJpT5yGeSfdmU-SZvSBvg.jpg"></icon><desc></desc><category></category></programme><programme channel="GuWcT5XzyK01Z74TLsufoJ0VThHsJ_K9S6eG8XEg" start="20221229074400 +0000" stop="20221229102500 +0000" catchup-id="_HDISKlFVJ2CS446DHIiNlmjlXNonrdUyPoDbqe-"><title>IGNITE VOL.1</title><date></date><icon src="https://m7be2.solocoo.tv/m7be2iphone/mmchan/mpimages/208x308/OHCo9BPRpJyx8t8wR43t9A.jpg"></icon><desc></desc><category></category></programme><programme channel="GuWcT5XzyK01Z74TLsufoJ0VThHsJ_K9S6eG8XEg" start="20221229102500 +0000" stop="20221229105800 +0000" catchup-id="X9UYokgeclrh0bj3PzzDILsxdTgDlAwAwq5QobgB"><title>EMILY</title><date></date><icon src="https://m7be2.solocoo.tv/m7be2iphone/mmchan/mpimages/208x308/QXeqW06wvyZAGj4EqfCNzA.jpg"></icon><desc></desc><category></category></programme><programme channel="GuWcT5XzyK01Z74TLsufoJ0VThHsJ_K9S6eG8XEg" start="20221229105800 +0000" stop="20221229140300 +0000" catchup-id="8fNkjZSWsjnt5h9SE2EuhxdtqW-uOp2ZSMO-IKR2"><title>ANAL BEAUTY VOL.14</title><date></date><icon src="https://m7be2.solocoo.tv/m7be2iphone/mmchan/mpimages/208x308/mzUMqPChdW4LmpYKUd99gQ.jpg"></icon><desc></desc><category></category></programme><programme channel="GuWcT5XzyK01Z74TLsufoJ0VThHsJ_K9S6eG8XEg" start="20221229140300 +0000" stop="20221229140800 +0000" catchup-id="xosHArciSqMa0yaqdPmQo17TcnHucHGd_meNWFv-"><title>NAOMIE SWANN</title><date></date><icon src="https://m7be2.solocoo.tv/m7be2iphone/mmchan/mpimages/208x308/XlaSfs_MlDJ6Z_1sjISOBw.jpg"></icon><desc></desc><category></category></programme><programme channel="GuWcT5XzyK01Z74TLsufoJ0VThHsJ_K9S6eG8XEg" start="20221229140800 +0000" stop="20221229164100 +0000" catchup-id="w5YlP59gIVP_8gcbtC7WWxO_AOtlyOa5kxr7y-09"><title>GOOD GIRLS VOL.2</title><date></date><icon src="https://m7be2.solocoo.tv/m7be2iphone/mmchan/mpimages/208x308/JH_IhhmYOLTVtJtyaivcGA.jpg"></icon><desc></desc><category></category></programme><programme channel="GuWcT5XzyK01Z74TLsufoJ0VThHsJ_K9S6eG8XEg" start="20221229164100 +0000" stop="20221229164700 +0000" catchup-id="BqyUuTKiTvkUeQAFkiwvddfrk3cvxFetNrIpjwgY"><title>ELSA JEAN &amp; IVY WOLFE</title><date></date><icon src="https://m7be2.solocoo.tv/m7be2iphone/mmchan/mpimages/208x308/9jdrBk_sSvH3vAXQsWJw4A.jpg"></icon><desc></desc><category></category></programme><programme channel="GuWcT5XzyK01Z74TLsufoJ0VThHsJ_K9S6eG8XEg" start="20221229164700 +0000" stop="20221229165200 +0000" catchup-id="O94dqoQmuSTg5xaYLh407flAFZ1CEffxK0zjuLll"><title>IVY WOLFE</title><date></date><icon src="https://m7be2.solocoo.tv/m7be2iphone/mmchan/mpimages/208x308/4RxWUCb12eikSfAUt3Avng.jpg"></icon><desc></desc><category></category></programme><programme channel="GuWcT5XzyK01Z74TLsufoJ0VThHsJ_K9S6eG8XEg" start="20221229165200 +0000" stop="20221229165600 +0000" catchup-id="n2U5LQUqfP7PBTN2z9iykCCXLGsfnbg8BZ8BhCpN"><title>RYAN KEELY</title><date></date><icon src="https://m7be2.solocoo.tv/m7be2iphone/mmchan/mpimages/208x308/RPvy6kuOIHbF7BJYmMkujQ.jpg"></icon><desc></desc><category></category></programme><programme channel="GuWcT5XzyK01Z74TLsufoJ0VThHsJ_K9S6eG8XEg" start="20221229165600 +0000" stop="20221229192400 +0000" catchup-id="i4lrutzhbZ-tQ4i28po4MBz8HPAgDmcEPNCVSR-j"><title>BLACK &amp; WHITE VOL.2</title><date></date><icon src="https://m7be2.solocoo.tv/m7be2iphone/mmchan/mpimages/208x308/6RZTI86QYeXNwca4lBZzKw.jpg"></icon><desc></desc><category></category></programme><programme channel="GuWcT5XzyK01Z74TLsufoJ0VThHsJ_K9S6eG8XEg" start="20221229192400 +0000" stop="20221229221900 +0000" catchup-id="ASM-v85GufdaAQ38TW5RFRC_aR-605G7ONL32dMe"><title>TUSHY RAW VOL.28</title><date></date><icon src="https://m7be2.solocoo.tv/m7be2iphone/mmchan/mpimages/208x308/O17wo5jkE6DvyVgaT1_f0w.jpg"></icon><desc></desc><category></category></programme><programme channel="GuWcT5XzyK01Z74TLsufoJ0VThHsJ_K9S6eG8XEg" start="20221229221900 +0000" stop="20221229230000 +0000" catchup-id="9ZmjcDNd0AoW_pQ-GLAMWVFQuySarsGbaiuIa5m5"><title>CAROLINA</title><date></date><icon src="https://m7be2.solocoo.tv/m7be2iphone/mmchan/mpimages/208x308/OHCo9BPRpJyx8t8wR43t9A.jpg"></icon><desc></desc><category></category></programme><programme channel="GuWcT5XzyK01Z74TLsufoJ0VThHsJ_K9S6eG8XEg" start="20221229230000 +0000" stop="20221230015200 +0000" catchup-id="OeGlyAWKcQBn_lZpiT6vQCk7dMeY0GDgYaGeDLHE"><title>INTERRACIAL ANGELS</title><date></date><icon src="https://m7be2.solocoo.tv/m7be2iphone/mmchan/mpimages/208x308/VlyXDSepLD8T78vAr-LSsg.jpg"></icon><desc></desc><category></category></programme><programme channel="GuWcT5XzyK01Z74TLsufoJ0VThHsJ_K9S6eG8XEg" start="20221230015200 +0000" stop="20221230042400 +0000" catchup-id="IwAX56K0QS48XohAaRbzyFGxo2XAd-CvEZLa_WDc"><title>ANAL ANGELS VOL.4</title><date></date><icon src="https://m7be2.solocoo.tv/m7be2iphone/mmchan/mpimages/208x308/6RZTI86QYeXNwca4lBZzKw.jpg"></icon><desc></desc><category></category></programme><programme channel="GuWcT5XzyK01Z74TLsufoJ0VThHsJ_K9S6eG8XEg" start="20221230042400 +0000" stop="20221230050100 +0000" catchup-id="xgNwdQua7qIevYUVFkxL99PNJ_bw7m6bqEfHdXtc"><title>BOSS - PART 4</title><date></date><icon src="https://m7be2.solocoo.tv/m7be2iphone/mmchan/mpimages/208x308/VlyXDSepLD8T78vAr-LSsg.jpg"></icon><desc></desc><category></category></programme><programme channel="GuWcT5XzyK01Z74TLsufoJ0VThHsJ_K9S6eG8XEg" start="20221230050100 +0000" stop="20221230073400 +0000" catchup-id="GtsoawncH1Y8OFmbK2S-j3e7mR3idBAP1w_zG-W3"><title>IF IT FEELS GOOD VOL.3</title><date></date><icon src="https://m7be2.solocoo.tv/m7be2iphone/mmchan/mpimages/208x308/JH_IhhmYOLTVtJtyaivcGA.jpg"></icon><desc></desc><category></category></programme><programme channel="GuWcT5XzyK01Z74TLsufoJ0VThHsJ_K9S6eG8XEg" start="20221230073400 +0000" stop="20221230073700 +0000" catchup-id="ceGB4JU17uPWfEF5OM8neNYY_jjlg9LpTIQhHTRe"><title>LEAH WINTERS</title><date></date><icon src="https://m7be2.solocoo.tv/m7be2iphone/mmchan/mpimages/208x308/PtKoEp3ajPBqP3RGfmZ8kg.jpg"></icon><desc></desc><category></category></programme><programme channel="GuWcT5XzyK01Z74TLsufoJ0VThHsJ_K9S6eG8XEg" start="20221230073700 +0000" stop="20221230102100 +0000" catchup-id="dkzSjGDFRKIq1L7WrrZRQMwBfnvTn_d26bGNOuOk"><title>TUSHY RAW VOL.25</title><date></date><icon src="https://m7be2.solocoo.tv/m7be2iphone/mmchan/mpimages/208x308/iZJpT5yGeSfdmU-SZvSBvg.jpg"></icon><desc></desc><category></category></programme><programme channel="GuWcT5XzyK01Z74TLsufoJ0VThHsJ_K9S6eG8XEg" start="20221230102100 +0000" stop="20221230110000 +0000" catchup-id="Se2XZB8mm7jO_nvkvwN0P6Fzop8w8wtjzAiBaWNr"><title>KENZIE</title><date></date><icon src="https://m7be2.solocoo.tv/m7be2iphone/mmchan/mpimages/208x308/O17wo5jkE6DvyVgaT1_f0w.jpg"></icon><desc></desc><category></category></programme><programme channel="GuWcT5XzyK01Z74TLsufoJ0VThHsJ_K9S6eG8XEg" start="20221230110000 +0000" stop="20221230134100 +0000" catchup-id="Fhs2kolViROtw9uG8mIsLN96MYNYdsylfFvt5Sfm"><title>IGNITE VOL.1</title><date></date><icon src="https://m7be2.solocoo.tv/m7be2iphone/mmchan/mpimages/208x308/QXeqW06wvyZAGj4EqfCNzA.jpg"></icon><desc></desc><category></category></programme><programme channel="GuWcT5XzyK01Z74TLsufoJ0VThHsJ_K9S6eG8XEg" start="20221230134100 +0000" stop="20221230134300 +0000" catchup-id="I93JNN4aE3lLdBzxctHLClHfgSR4sw7TJwgrSxqB"><title>VIXEN ANGEL : RILEY STEELE</title><date></date><icon src="https://m7be2.solocoo.tv/m7be2iphone/mmchan/mpimages/208x308/jzBpqRKNUUsGVOTkXx8Q2A.jpg"></icon><desc></desc><category></category></programme><programme channel="GuWcT5XzyK01Z74TLsufoJ0VThHsJ_K9S6eG8XEg" start="20221230134300 +0000" stop="20221230164800 +0000" catchup-id="9b5DLjc7P3tqGNuUlPYAAt-Z4nvXEa-L7qnXOft9"><title>ANAL BEAUTY VOL.14</title><date></date><icon src="https://m7be2.solocoo.tv/m7be2iphone/mmchan/mpimages/208x308/RPvy6kuOIHbF7BJYmMkujQ.jpg"></icon><desc></desc><category></category></programme><programme channel="GuWcT5XzyK01Z74TLsufoJ0VThHsJ_K9S6eG8XEg" start="20221230164800 +0000" stop="20221230165300 +0000" catchup-id="AB1tt5iU9gFN2cMAEL-XhUZpVEc3-BEacaOV7Yco"><title>TORI BLACK</title><date></date><icon src="https://m7be2.solocoo.tv/m7be2iphone/mmchan/mpimages/208x308/mzUMqPChdW4LmpYKUd99gQ.jpg"></icon><desc></desc><category></category></programme><programme channel="GuWcT5XzyK01Z74TLsufoJ0VThHsJ_K9S6eG8XEg" start="20221230165300 +0000" stop="20221230165900 +0000" catchup-id="H2DX4AxGKWjSAbljck0O9Qr8AClO4p7CIyeIZmb2"><title>TEANNA TRUMP &amp; VICKI CHASE &amp; ADRIANA CHECHIK</title><date></date><icon src="https://m7be2.solocoo.tv/m7be2iphone/mmchan/mpimages/208x308/JH_IhhmYOLTVtJtyaivcGA.jpg"></icon><desc></desc><category></category></programme><programme channel="GuWcT5XzyK01Z74TLsufoJ0VThHsJ_K9S6eG8XEg" start="20221230165900 +0000" stop="20221230193300 +0000" catchup-id="Nv8wf_usn9dX9AL7A_FxVnYBbip--9ReAg1lCRNN"><title>GOOD GIRLS VOL.2</title><date></date><icon src="https://m7be2.solocoo.tv/m7be2iphone/mmchan/mpimages/208x308/QXeqW06wvyZAGj4EqfCNzA.jpg"></icon><desc></desc><category></category></programme><programme channel="GuWcT5XzyK01Z74TLsufoJ0VThHsJ_K9S6eG8XEg" start="20221230193300 +0000" stop="20221230193800 +0000" catchup-id="hFPVEJ5-sERhvKHpDxJffIuEqorXq3u772m449ed"><title>NATALIA STARR</title><date></date><icon src="https://m7be2.solocoo.tv/m7be2iphone/mmchan/mpimages/208x308/OHCo9BPRpJyx8t8wR43t9A.jpg"></icon><desc></desc><category></category></programme><programme channel="GuWcT5XzyK01Z74TLsufoJ0VThHsJ_K9S6eG8XEg" start="20221230193800 +0000" stop="20221230220400 +0000" catchup-id="gU2euTT6zjwVEctZknaEeid2Rb0CW3DdoT4HWQDV"><title>BLACK &amp; WHITE VOL.2</title><date></date><icon src="https://m7be2.solocoo.tv/m7be2iphone/mmchan/mpimages/208x308/XlaSfs_MlDJ6Z_1sjISOBw.jpg"></icon><desc></desc><category></category></programme><programme channel="GuWcT5XzyK01Z74TLsufoJ0VThHsJ_K9S6eG8XEg" start="20221230220400 +0000" stop="20221230224900 +0000" catchup-id="XlJreZxLiKZvJbczgnK8DwNOp7ziKEF1IUvkd8x4"><title>RILEY &amp; GABBIE</title><date></date><icon src="https://m7be2.solocoo.tv/m7be2iphone/mmchan/mpimages/208x308/4RxWUCb12eikSfAUt3Avng.jpg"></icon><desc></desc><category></category></programme><programme channel="GuWcT5XzyK01Z74TLsufoJ0VThHsJ_K9S6eG8XEg" start="20221230224900 +0000" stop="20221230225500 +0000" catchup-id="TZa7v_yCmn0qG7nALO4l0GG6meYXpXAxwDfizaVQ"><title>RILEY REID AND GABBIE CARTER</title><date></date><icon src="https://m7be2.solocoo.tv/m7be2iphone/mmchan/mpimages/208x308/9jdrBk_sSvH3vAXQsWJw4A.jpg"></icon><desc></desc><category></category></programme><programme channel="GuWcT5XzyK01Z74TLsufoJ0VThHsJ_K9S6eG8XEg" start="20221230225500 +0000" stop="20221230230000 +0000" catchup-id="lf4IyUwjpxi1YbZM7ilwgG0tGsI5FQiVEdRDT0R5"><title>GINA VALENTINA AND ELIZA IBARRA</title><date></date><icon src="https://m7be2.solocoo.tv/m7be2iphone/mmchan/mpimages/208x308/9RkzUcTZ_c2ph4L6ubBCxw.jpg"></icon><desc></desc><category></category></programme><programme channel="GuWcT5XzyK01Z74TLsufoJ0VThHsJ_K9S6eG8XEg" start="20221230230000 +0000" stop="20221231015100 +0000" catchup-id="-Nk77plHeUKgFfvwR-VJlAEWOw44IKoDLZ3K2YBA"><title>ANAL ICONS VOL.1</title><date></date><icon src="https://m7be2.solocoo.tv/m7be2iphone/mmchan/mpimages/208x308/RPvy6kuOIHbF7BJYmMkujQ.jpg"></icon><desc></desc><category></category></programme><programme channel="GuWcT5XzyK01Z74TLsufoJ0VThHsJ_K9S6eG8XEg" start="20221231015100 +0000" stop="20221231015800 +0000" catchup-id="H_GaMLNkD0MPW7ndhfhI03RuBe8hFr30x3zuXIQt"><title>AVERY CRISTY</title><date></date><icon src="https://m7be2.solocoo.tv/m7be2iphone/mmchan/mpimages/208x308/mzUMqPChdW4LmpYKUd99gQ.jpg"></icon><desc></desc><category></category></programme><programme channel="GuWcT5XzyK01Z74TLsufoJ0VThHsJ_K9S6eG8XEg" start="20221231015800 +0000" stop="20221231044800 +0000" catchup-id="GJi_yvPkS6nk_7mPp8Z5lKP2YFBMjLYBdaEPMcZf"><title>INTERRACIAL ANGELS</title><date></date><icon src="https://m7be2.solocoo.tv/m7be2iphone/mmchan/mpimages/208x308/PtKoEp3ajPBqP3RGfmZ8kg.jpg"></icon><desc></desc><category></category></programme><programme channel="GuWcT5XzyK01Z74TLsufoJ0VThHsJ_K9S6eG8XEg" start="20221231044800 +0000" stop="20221231045400 +0000" catchup-id="bHj1yUcoeL2E8YZ9ezUOWzkAFw71yU8SXBip8t55"><title>KENZIE ANNE</title><date></date><icon src="https://m7be2.solocoo.tv/m7be2iphone/mmchan/mpimages/208x308/VlyXDSepLD8T78vAr-LSsg.jpg"></icon><desc></desc><category></category></programme><programme channel="GuWcT5XzyK01Z74TLsufoJ0VThHsJ_K9S6eG8XEg" start="20221231045400 +0000" stop="20221231045900 +0000" catchup-id="uYl884gWTttZDC21-ThG2G4d5JsV1F8r5qHG9m-M"><title>ARIANA MARIE &amp; SCARLIT SCANDAL</title><date></date><icon src="https://m7be2.solocoo.tv/m7be2iphone/mmchan/mpimages/208x308/XlaSfs_MlDJ6Z_1sjISOBw.jpg"></icon><desc></desc><category></category></programme><programme channel="GuWcT5XzyK01Z74TLsufoJ0VThHsJ_K9S6eG8XEg" start="20221231045900 +0000" stop="20221231073000 +0000" catchup-id="-XIvblQUqSLpFDvmA2XvMNsbyykQ8bs-nFoQ7o92"><title>ANAL ANGELS VOL.4</title><date></date><icon src="https://m7be2.solocoo.tv/m7be2iphone/mmchan/mpimages/208x308/JH_IhhmYOLTVtJtyaivcGA.jpg"></icon><desc></desc><category></category></programme><programme channel="GuWcT5XzyK01Z74TLsufoJ0VThHsJ_K9S6eG8XEg" start="20221231073000 +0000" stop="20221231073500 +0000" catchup-id="VHPbJMRVaitxbBt3_QdumfgPD40jXAz6CDZjPqZk"><title>ANA ROSE AND ADRIA RAE</title><date></date><icon src="https://m7be2.solocoo.tv/m7be2iphone/mmchan/mpimages/208x308/6RZTI86QYeXNwca4lBZzKw.jpg"></icon><desc></desc><category></category></programme><programme channel="GuWcT5XzyK01Z74TLsufoJ0VThHsJ_K9S6eG8XEg" start="20221231073500 +0000" stop="20221231100800 +0000" catchup-id="0stxb_9wxmqQEyzQpW3MeJNnSTXIiQ2857VJuFRX"><title>IF IT FEELS GOOD VOL.3</title><date></date><icon src="https://m7be2.solocoo.tv/m7be2iphone/mmchan/mpimages/208x308/JH_IhhmYOLTVtJtyaivcGA.jpg"></icon><desc></desc><category></category></programme><programme channel="GuWcT5XzyK01Z74TLsufoJ0VThHsJ_K9S6eG8XEg" start="20221231100800 +0000" stop="20221231105900 +0000" catchup-id="9QeLoLQExnNTpHVdvT_igo4Mm6zAXnmXXez3YVPM"><title>ALINA</title><date></date><icon src="https://m7be2.solocoo.tv/m7be2iphone/mmchan/mpimages/208x308/QXeqW06wvyZAGj4EqfCNzA.jpg"></icon><desc></desc><category></category></programme><programme channel="GuWcT5XzyK01Z74TLsufoJ0VThHsJ_K9S6eG8XEg" start="20221231105900 +0000" stop="20221231134200 +0000" catchup-id="MmWv3L1kpxbMapTFvq46_sxMjqQExuqeveuH18uY"><title>TUSHY RAW VOL.25</title><date></date><icon src="https://m7be2.solocoo.tv/m7be2iphone/mmchan/mpimages/208x308/jzBpqRKNUUsGVOTkXx8Q2A.jpg"></icon><desc></desc><category></category></programme><programme channel="GuWcT5XzyK01Z74TLsufoJ0VThHsJ_K9S6eG8XEg" start="20221231134200 +0000" stop="20221231134300 +0000" catchup-id="9hFdAWid_WXOj9pP6WeyLtQyVhf7MxoEVWQjrTVl"><title>VIXEN ANGEL : NICOLE ANISTON</title><date></date><icon src="https://m7be2.solocoo.tv/m7be2iphone/mmchan/mpimages/208x308/QXeqW06wvyZAGj4EqfCNzA.jpg"></icon><desc></desc><category></category></programme><programme channel="GuWcT5XzyK01Z74TLsufoJ0VThHsJ_K9S6eG8XEg" start="20221231134300 +0000" stop="20221231162500 +0000" catchup-id="VWbQQpckEyNmPbLiH1yuSdSwFRpib-VbDuDkzZMY"><title>IGNITE VOL.1</title><date></date><icon src="https://m7be2.solocoo.tv/m7be2iphone/mmchan/mpimages/208x308/OHCo9BPRpJyx8t8wR43t9A.jpg"></icon><desc></desc><category></category></programme><programme channel="GuWcT5XzyK01Z74TLsufoJ0VThHsJ_K9S6eG8XEg" start="20221231162500 +0000" stop="20221231165700 +0000" catchup-id="vUOhKsOn6i8d6EmG2MRyBQQsgvf0vhkjSVAN8lZv"><title>EMILY</title><date></date><icon src="https://m7be2.solocoo.tv/m7be2iphone/mmchan/mpimages/208x308/PtKoEp3ajPBqP3RGfmZ8kg.jpg"></icon><desc></desc><category></category></programme><programme channel="GuWcT5XzyK01Z74TLsufoJ0VThHsJ_K9S6eG8XEg" start="20221231165700 +0000" stop="20221231200200 +0000" catchup-id="OamVAWr0cLHkjEBqHpiUDaCM1tYr9dGh0e6UzMIJ"><title>ANAL BEAUTY VOL.14</title><date></date><icon src="https://m7be2.solocoo.tv/m7be2iphone/mmchan/mpimages/208x308/VlyXDSepLD8T78vAr-LSsg.jpg"></icon><desc></desc><category></category></programme><programme channel="GuWcT5XzyK01Z74TLsufoJ0VThHsJ_K9S6eG8XEg" start="20221231200200 +0000" stop="20221231200800 +0000" catchup-id="1q9AI8nK9Ios1wvpk2Dlos7a8zLZ56G3Wi2-CtNb"><title>NAOMIE SWANN</title><date></date><icon src="https://m7be2.solocoo.tv/m7be2iphone/mmchan/mpimages/208x308/9jdrBk_sSvH3vAXQsWJw4A.jpg"></icon><desc></desc><category></category></programme><programme channel="GuWcT5XzyK01Z74TLsufoJ0VThHsJ_K9S6eG8XEg" start="20221231200800 +0000" stop="20221231224100 +0000" catchup-id="33DliHGZ3YO0T92UE6rHuZxXQjy7pUrNZHdh-3EN"><title>GOOD GIRLS VOL.2</title><date></date><icon src="https://m7be2.solocoo.tv/m7be2iphone/mmchan/mpimages/208x308/iZJpT5yGeSfdmU-SZvSBvg.jpg"></icon><desc></desc><category></category></programme><programme channel="GuWcT5XzyK01Z74TLsufoJ0VThHsJ_K9S6eG8XEg" start="20221231224100 +0000" stop="20221231224700 +0000" catchup-id="rbmrh5ABqfBEvI47NlWsKRUy1Y_N3O_evnrAvp-e"><title>ELSA JEAN &amp; IVY WOLFE</title><date></date><icon src="https://m7be2.solocoo.tv/m7be2iphone/mmchan/mpimages/208x308/OHCo9BPRpJyx8t8wR43t9A.jpg"></icon><desc></desc><category></category></programme><programme channel="GuWcT5XzyK01Z74TLsufoJ0VThHsJ_K9S6eG8XEg" start="20221231224700 +0000" stop="20221231225200 +0000" catchup-id="eOqkqnPBUY75nwT3vKF8vHDk2Umyj25jAVuw6Bw8"><title>IVY WOLFE</title><date></date><icon src="https://m7be2.solocoo.tv/m7be2iphone/mmchan/mpimages/208x308/9RkzUcTZ_c2ph4L6ubBCxw.jpg"></icon><desc></desc><category></category></programme><programme channel="GuWcT5XzyK01Z74TLsufoJ0VThHsJ_K9S6eG8XEg" start="20221231225200 +0000" stop="20221231230000 +0000" catchup-id="9RVP6pXvNjGR03oaS9pqCC4rbyCF1vwtTlnmV0_A"><title>RYAN KEELY</title><date></date><icon src="https://m7be2.solocoo.tv/m7be2iphone/mmchan/mpimages/208x308/O17wo5jkE6DvyVgaT1_f0w.jpg"></icon><desc></desc><category></category></programme><programme channel="GuWcT5XzyK01Z74TLsufoJ0VThHsJ_K9S6eG8XEg" start="20221231230000 +0000" stop="20230101021200 +0000" catchup-id="fzvjJDjExNCjDHq4lwvyPUBw8TRhTq_Msxrzfi_A"><title>ANAL THREESOMES VOL.9</title><date></date><icon src="https://m7be2.solocoo.tv/m7be2iphone/mmchan/mpimages/208x308/JH_IhhmYOLTVtJtyaivcGA.jpg"></icon><desc></desc><category></category></programme><programme channel="GuWcT5XzyK01Z74TLsufoJ0VThHsJ_K9S6eG8XEg" start="20230101021200 +0000" stop="20230101050300 +0000" catchup-id="fsC-lM6SdzPlNFtMZe7VxD3SUvFmFMuQztQo-0Ld"><title>ANAL ICONS VOL.1</title><date></date><icon src="https://m7be2.solocoo.tv/m7be2iphone/mmchan/mpimages/208x308/iZJpT5yGeSfdmU-SZvSBvg.jpg"></icon><desc></desc><category></category></programme><programme channel="GuWcT5XzyK01Z74TLsufoJ0VThHsJ_K9S6eG8XEg" start="20230101050300 +0000" stop="20230101075600 +0000" catchup-id="i3dNJ2oCMmHiPD1d1xOxxH1MZSVtTENJTSg-uFVm"><title>INTERRACIAL ANGELS</title><date></date><icon src="https://m7be2.solocoo.tv/m7be2iphone/mmchan/mpimages/208x308/mzUMqPChdW4LmpYKUd99gQ.jpg"></icon><desc></desc><category></category></programme><programme channel="GuWcT5XzyK01Z74TLsufoJ0VThHsJ_K9S6eG8XEg" start="20230101075600 +0000" stop="20230101102700 +0000" catchup-id="afNCmrC6IzugfI2paUTIGoXapPo6sBwZThVuKh0F"><title>ANAL ANGELS VOL.4</title><date></date><icon src="https://m7be2.solocoo.tv/m7be2iphone/mmchan/mpimages/208x308/O17wo5jkE6DvyVgaT1_f0w.jpg"></icon><desc></desc><category></category></programme><programme channel="GuWcT5XzyK01Z74TLsufoJ0VThHsJ_K9S6eG8XEg" start="20230101102700 +0000" stop="20230101110300 +0000" catchup-id="7PgSPzQu4r6xZcl7bbUVUlbx9uxZ43QyNiC0pxVv"><title>BOSS - PART 4</title><date></date><icon src="https://m7be2.solocoo.tv/m7be2iphone/mmchan/mpimages/208x308/XlaSfs_MlDJ6Z_1sjISOBw.jpg"></icon><desc></desc><category></category></programme><programme channel="GuWcT5XzyK01Z74TLsufoJ0VThHsJ_K9S6eG8XEg" start="20230101110300 +0000" stop="20230101133600 +0000" catchup-id="ldUPi5dMAE7Ckh-dKm5PuCHaIf-QW_CoRBJLuxOn"><title>IF IT FEELS GOOD VOL.3</title><date></date><icon src="https://m7be2.solocoo.tv/m7be2iphone/mmchan/mpimages/208x308/9RkzUcTZ_c2ph4L6ubBCxw.jpg"></icon><desc></desc><category></category></programme><programme channel="GuWcT5XzyK01Z74TLsufoJ0VThHsJ_K9S6eG8XEg" start="20230101133600 +0000" stop="20230101134000 +0000" catchup-id="bpD-RC6h9nNr5zgCYUz2n9x0ReiVEAqXOPtVXl3I"><title>LEAH WINTERS</title><date></date><icon src="https://m7be2.solocoo.tv/m7be2iphone/mmchan/mpimages/208x308/9jdrBk_sSvH3vAXQsWJw4A.jpg"></icon><desc></desc><category></category></programme><programme channel="GuWcT5XzyK01Z74TLsufoJ0VThHsJ_K9S6eG8XEg" start="20230101134000 +0000" stop="20230101162300 +0000" catchup-id="dB735NWh-F1oYZPk6HO4mEaVFyo5sKbmAKcNFkxa"><title>TUSHY RAW VOL.25</title><date></date><icon src="https://m7be2.solocoo.tv/m7be2iphone/mmchan/mpimages/208x308/PtKoEp3ajPBqP3RGfmZ8kg.jpg"></icon><desc></desc><category></category></programme><programme channel="GuWcT5XzyK01Z74TLsufoJ0VThHsJ_K9S6eG8XEg" start="20230101162300 +0000" stop="20230101170300 +0000" catchup-id="j28qNL5Erk55HwdilWe6dWhlqf2gQK2oeDJ_7CDn"><title>KENZIE</title><date></date><icon src="https://m7be2.solocoo.tv/m7be2iphone/mmchan/mpimages/208x308/VlyXDSepLD8T78vAr-LSsg.jpg"></icon><desc></desc><category></category></programme><programme channel="GuWcT5XzyK01Z74TLsufoJ0VThHsJ_K9S6eG8XEg" start="20230101170300 +0000" stop="20230101194400 +0000" catchup-id="VoqMxJW2izvU2VQuSkIOhnoVFONt_JgT2OxiZUbO"><title>IGNITE VOL.1</title><date></date><icon src="https://m7be2.solocoo.tv/m7be2iphone/mmchan/mpimages/208x308/RPvy6kuOIHbF7BJYmMkujQ.jpg"></icon><desc></desc><category></category></programme><programme channel="GuWcT5XzyK01Z74TLsufoJ0VThHsJ_K9S6eG8XEg" start="20230101194400 +0000" stop="20230101194600 +0000" catchup-id="ke82H6YiOlEk4SRIxfOwCR7WTq5xTW1SGcQTvWpO"><title>VIXEN ANGEL : RILEY STEELE</title><date></date><icon src="https://m7be2.solocoo.tv/m7be2iphone/mmchan/mpimages/208x308/6RZTI86QYeXNwca4lBZzKw.jpg"></icon><desc></desc><category></category></programme><programme channel="GuWcT5XzyK01Z74TLsufoJ0VThHsJ_K9S6eG8XEg" start="20230101194600 +0000" stop="20230101225100 +0000" catchup-id="fBuxsOJjT5hfUI8nHisf6UJIJTBuuEy4TdebegLt"><title>ANAL BEAUTY VOL.14</title><date></date><icon src="https://m7be2.solocoo.tv/m7be2iphone/mmchan/mpimages/208x308/jzBpqRKNUUsGVOTkXx8Q2A.jpg"></icon><desc></desc><category></category></programme><programme channel="GuWcT5XzyK01Z74TLsufoJ0VThHsJ_K9S6eG8XEg" start="20230101225100 +0000" stop="20230101230000 +0000" catchup-id="-HE52JQ4B2p_hM-2dn7mC287DE1DDojxyxWvYjIo"><title>TORI BLACK</title><date></date><icon src="https://m7be2.solocoo.tv/m7be2iphone/mmchan/mpimages/208x308/4RxWUCb12eikSfAUt3Avng.jpg"></icon><desc></desc><category></category></programme><programme channel="GuWcT5XzyK01Z74TLsufoJ0VThHsJ_K9S6eG8XEg" start="20230101230000 +0000" stop="20230102012600 +0000" catchup-id="B_60CbCER6U6WMSOTBHZT5UY0AhGQH49k8yzxp3E"><title>BADDIES VOL.2</title><date></date><icon src="https://m7be2.solocoo.tv/m7be2iphone/mmchan/mpimages/208x308/XlaSfs_MlDJ6Z_1sjISOBw.jpg"></icon><desc></desc><category></category></programme><programme channel="GuWcT5XzyK01Z74TLsufoJ0VThHsJ_K9S6eG8XEg" start="20230102012600 +0000" stop="20230102013300 +0000" catchup-id="dRhy36Ixc5UYW5ApNaRGECAmQNC-8uFfeGNxhc-5"><title>KENNA JAMES &amp; VICKI CHASE</title><date></date><icon src="https://m7be2.solocoo.tv/m7be2iphone/mmchan/mpimages/208x308/6RZTI86QYeXNwca4lBZzKw.jpg"></icon><desc></desc><category></category></programme><programme channel="GuWcT5XzyK01Z74TLsufoJ0VThHsJ_K9S6eG8XEg" start="20230102013300 +0000" stop="20230102044500 +0000" catchup-id="59BqXWJ5pKEz2kk3mVFU3eFr7vhnR7mlrOaeWhPs"><title>ANAL THREESOMES VOL.9</title><date></date><icon src="https://m7be2.solocoo.tv/m7be2iphone/mmchan/mpimages/208x308/O17wo5jkE6DvyVgaT1_f0w.jpg"></icon><desc></desc><category></category></programme><programme channel="GuWcT5XzyK01Z74TLsufoJ0VThHsJ_K9S6eG8XEg" start="20230102044500 +0000" stop="20230102045000 +0000" catchup-id="Mrdpr44RrkCNLI-B2Efcw3X1lpcK24C596jhS9iu"><title>ELSA JEAN &amp; IVY WOLFE</title><date></date><icon src="https://m7be2.solocoo.tv/m7be2iphone/mmchan/mpimages/208x308/jzBpqRKNUUsGVOTkXx8Q2A.jpg"></icon><desc></desc><category></category></programme><programme channel="GuWcT5XzyK01Z74TLsufoJ0VThHsJ_K9S6eG8XEg" start="20230102045000 +0000" stop="20230102045800 +0000" catchup-id="BWRglt-3w0tqkl37cdhWFmA_Ak_kshi5KgLMVzJF"><title>RILEY REID AND GABBIE CARTER</title><date></date><icon src="https://m7be2.solocoo.tv/m7be2iphone/mmchan/mpimages/208x308/OHCo9BPRpJyx8t8wR43t9A.jpg"></icon><desc></desc><category></category></programme><programme channel="GuWcT5XzyK01Z74TLsufoJ0VThHsJ_K9S6eG8XEg" start="20230102045800 +0000" stop="20230102075000 +0000" catchup-id="maFZHn-ibGXe4jX_qRUFP8EQSCfODYsKxOHT76xN"><title>ANAL ICONS VOL.1</title><date></date><icon src="https://m7be2.solocoo.tv/m7be2iphone/mmchan/mpimages/208x308/iZJpT5yGeSfdmU-SZvSBvg.jpg"></icon><desc></desc><category></category></programme><programme channel="GuWcT5XzyK01Z74TLsufoJ0VThHsJ_K9S6eG8XEg" start="20230102075000 +0000" stop="20230102075600 +0000" catchup-id="XogdpO-LZFdyHhGICMmTwRjEov0Ix6wX90EMphyY"><title>AVERY CRISTY</title><date></date><icon src="https://m7be2.solocoo.tv/m7be2iphone/mmchan/mpimages/208x308/9jdrBk_sSvH3vAXQsWJw4A.jpg"></icon><desc></desc><category></category></programme><programme channel="GuWcT5XzyK01Z74TLsufoJ0VThHsJ_K9S6eG8XEg" start="20230102075600 +0000" stop="20230102104700 +0000" catchup-id="TPWHxkFT7vbH8kg6GDJovlLPQU30HS7EEBk_t0PF"><title>INTERRACIAL ANGELS</title><date></date><icon src="https://m7be2.solocoo.tv/m7be2iphone/mmchan/mpimages/208x308/9jdrBk_sSvH3vAXQsWJw4A.jpg"></icon><desc></desc><category></category></programme><programme channel="GuWcT5XzyK01Z74TLsufoJ0VThHsJ_K9S6eG8XEg" start="20230102104700 +0000" stop="20230102105300 +0000" catchup-id="LCvfl49HdnE2U_Ngj6ixu39hrIbEdiCo-7SRx5Zy"><title>KENZIE ANNE</title><date></date><icon src="https://m7be2.solocoo.tv/m7be2iphone/mmchan/mpimages/208x308/RPvy6kuOIHbF7BJYmMkujQ.jpg"></icon><desc></desc><category></category></programme><programme channel="GuWcT5XzyK01Z74TLsufoJ0VThHsJ_K9S6eG8XEg" start="20230102105300 +0000" stop="20230102105800 +0000" catchup-id="pP9JSCKcpdGKrYNFiXcV0aPuouf1pVNNsQuGaXlR"><title>ARIANA MARIE &amp; SCARLIT SCANDAL</title><date></date><icon src="https://m7be2.solocoo.tv/m7be2iphone/mmchan/mpimages/208x308/VlyXDSepLD8T78vAr-LSsg.jpg"></icon><desc></desc><category></category></programme><programme channel="GuWcT5XzyK01Z74TLsufoJ0VThHsJ_K9S6eG8XEg" start="20230102105800 +0000" stop="20230102132900 +0000" catchup-id="xae0mBT6WnfIG-VFpR3hwiVW8CM0VKzzt7CK8sy5"><title>ANAL ANGELS VOL.4</title><date></date><icon src="https://m7be2.solocoo.tv/m7be2iphone/mmchan/mpimages/208x308/JH_IhhmYOLTVtJtyaivcGA.jpg"></icon><desc></desc><category></category></programme><programme channel="GuWcT5XzyK01Z74TLsufoJ0VThHsJ_K9S6eG8XEg" start="20230102132900 +0000" stop="20230102133400 +0000" catchup-id="mLRx31cpT2bGOI2gDln3qgzWRmAOaWnQGcrPzu27"><title>ANA ROSE AND ADRIA RAE</title><date></date><icon src="https://m7be2.solocoo.tv/m7be2iphone/mmchan/mpimages/208x308/4RxWUCb12eikSfAUt3Avng.jpg"></icon><desc></desc><category></category></programme><programme channel="GuWcT5XzyK01Z74TLsufoJ0VThHsJ_K9S6eG8XEg" start="20230102133400 +0000" stop="20230102160700 +0000" catchup-id="ek_hm6fMW0fv7vnxlUYuda2DhqPbxEcHBN5-5-Tq"><title>IF IT FEELS GOOD VOL.3</title><date></date><icon src="https://m7be2.solocoo.tv/m7be2iphone/mmchan/mpimages/208x308/QXeqW06wvyZAGj4EqfCNzA.jpg"></icon><desc></desc><category></category></programme><programme channel="GuWcT5XzyK01Z74TLsufoJ0VThHsJ_K9S6eG8XEg" start="20230102160700 +0000" stop="20230102165700 +0000" catchup-id="_dN3y2r3kT_OemfN5USf5NhX8S-DOa3h4tkok81v"><title>ALINA</title><date></date><icon src="https://m7be2.solocoo.tv/m7be2iphone/mmchan/mpimages/208x308/mzUMqPChdW4LmpYKUd99gQ.jpg"></icon><desc></desc><category></category></programme><programme channel="GuWcT5XzyK01Z74TLsufoJ0VThHsJ_K9S6eG8XEg" start="20230102165700 +0000" stop="20230102194000 +0000" catchup-id="qGFAzt9lOIqhRoBJEqxKz6YF4ITCsnLbYwB7BqVQ"><title>TUSHY RAW VOL.25</title><date></date><icon src="https://m7be2.solocoo.tv/m7be2iphone/mmchan/mpimages/208x308/9RkzUcTZ_c2ph4L6ubBCxw.jpg"></icon><desc></desc><category></category></programme><programme channel="GuWcT5XzyK01Z74TLsufoJ0VThHsJ_K9S6eG8XEg" start="20230102194000 +0000" stop="20230102194200 +0000" catchup-id="2DQpLlYVihnzU_CfAumoeSvWo-5ZcwjDYLwcH54U"><title>VIXEN ANGEL : NICOLE ANISTON</title><date></date><icon src="https://m7be2.solocoo.tv/m7be2iphone/mmchan/mpimages/208x308/9RkzUcTZ_c2ph4L6ubBCxw.jpg"></icon><desc></desc><category></category></programme><programme channel="GuWcT5XzyK01Z74TLsufoJ0VThHsJ_K9S6eG8XEg" start="20230102194200 +0000" stop="20230102222300 +0000" catchup-id="f7NHKIjTLYRGaoo_q_sT1KMh2-bhHPcgYMfXSsUT"><title>IGNITE VOL.1</title><date></date><icon src="https://m7be2.solocoo.tv/m7be2iphone/mmchan/mpimages/208x308/PtKoEp3ajPBqP3RGfmZ8kg.jpg"></icon><desc></desc><category></category></programme><programme channel="GuWcT5XzyK01Z74TLsufoJ0VThHsJ_K9S6eG8XEg" start="20230102222300 +0000" stop="20230102230000 +0000" catchup-id="ps1dhUi3rulo9jSjxmHYMPx7K5IOIxqLTiBKQMSx"><title>EMILY</title><date></date><icon src="https://m7be2.solocoo.tv/m7be2iphone/mmchan/mpimages/208x308/PtKoEp3ajPBqP3RGfmZ8kg.jpg"></icon><desc></desc><category></category></programme><programme channel="GuWcT5XzyK01Z74TLsufoJ0VThHsJ_K9S6eG8XEg" start="20230102230000 +0000" stop="20230103013000 +0000" catchup-id="0Uy7g4Asf6iuZPWTajts1yASVOQwbYEq_VUulIuo"><title>TUSHY RAW VOL.30</title><date></date><icon src="https://m7be2.solocoo.tv/m7be2iphone/mmchan/mpimages/208x308/6RZTI86QYeXNwca4lBZzKw.jpg"></icon><desc></desc><category></category></programme><programme channel="GuWcT5XzyK01Z74TLsufoJ0VThHsJ_K9S6eG8XEg" start="20230103013000 +0000" stop="20230103013500 +0000" catchup-id="93Rq7SuNA0A7CT2cUI_4I3r8G-1ypSaT_eyzmmss"><title>LULU CHU</title><date></date><icon src="https://m7be2.solocoo.tv/m7be2iphone/mmchan/mpimages/208x308/OHCo9BPRpJyx8t8wR43t9A.jpg"></icon><desc></desc><category></category></programme><programme channel="GuWcT5XzyK01Z74TLsufoJ0VThHsJ_K9S6eG8XEg" start="20230103013500 +0000" stop="20230103040100 +0000" catchup-id="AFk81mFKAmJo2gq5eysrNM2UjdfgIwugXmg67nP2"><title>BADDIES VOL.2</title><date></date><icon src="https://m7be2.solocoo.tv/m7be2iphone/mmchan/mpimages/208x308/9jdrBk_sSvH3vAXQsWJw4A.jpg"></icon><desc></desc><category></category></programme><programme channel="GuWcT5XzyK01Z74TLsufoJ0VThHsJ_K9S6eG8XEg" start="20230103040100 +0000" stop="20230103050000 +0000" catchup-id="gb31G63mPAvoKx1wXXAU0acgj21SPyMRJax4oG-f"><title>NATURAL BEAUTIES VOL. 10 - PART III</title><date></date><icon src="https://m7be2.solocoo.tv/m7be2iphone/mmchan/mpimages/208x308/mzUMqPChdW4LmpYKUd99gQ.jpg"></icon><desc></desc><category></category></programme><programme channel="GuWcT5XzyK01Z74TLsufoJ0VThHsJ_K9S6eG8XEg" start="20230103050000 +0000" stop="20230103081200 +0000" catchup-id="Y4xfpRoI-2t2aN0bsQoJIN-ZDOHCnp-mMrvI35Ju"><title>ANAL THREESOMES VOL.9</title><date></date><icon src="https://m7be2.solocoo.tv/m7be2iphone/mmchan/mpimages/208x308/9RkzUcTZ_c2ph4L6ubBCxw.jpg"></icon><desc></desc><category></category></programme><programme channel="GuWcT5XzyK01Z74TLsufoJ0VThHsJ_K9S6eG8XEg" start="20230103081200 +0000" stop="20230103110300 +0000" catchup-id="g8s7jyc6ud0T9_8DcJ5mbQAfadp0FvNUlh6v6qwC"><title>ANAL ICONS VOL.1</title><date></date><icon src="https://m7be2.solocoo.tv/m7be2iphone/mmchan/mpimages/208x308/O17wo5jkE6DvyVgaT1_f0w.jpg"></icon><desc></desc><category></category></programme><programme channel="GuWcT5XzyK01Z74TLsufoJ0VThHsJ_K9S6eG8XEg" start="20230103110300 +0000" stop="20230103135600 +0000" catchup-id="n0qRa2Cx7uwsiTI53f_b6iRhEUpSclESaSrJQNsL"><title>INTERRACIAL ANGELS</title><date></date><icon src="https://m7be2.solocoo.tv/m7be2iphone/mmchan/mpimages/208x308/XlaSfs_MlDJ6Z_1sjISOBw.jpg"></icon><desc></desc><category></category></programme><programme channel="GuWcT5XzyK01Z74TLsufoJ0VThHsJ_K9S6eG8XEg" start="20230103135600 +0000" stop="20230103162700 +0000" catchup-id="vLzXB3YCa4soPoM4yvPzGr99qfk7yUdsB1bCnymh"><title>ANAL ANGELS VOL.4</title><date></date><icon src="https://m7be2.solocoo.tv/m7be2iphone/mmchan/mpimages/208x308/PtKoEp3ajPBqP3RGfmZ8kg.jpg"></icon><desc></desc><category></category></programme><programme channel="GuWcT5XzyK01Z74TLsufoJ0VThHsJ_K9S6eG8XEg" start="20230103162700 +0000" stop="20230103170400 +0000" catchup-id="tzGfHLcri2VfG1cYqbW4U713OiEiCV6GgzidpN-B"><title>BOSS - PART 4</title><date></date><icon src="https://m7be2.solocoo.tv/m7be2iphone/mmchan/mpimages/208x308/jzBpqRKNUUsGVOTkXx8Q2A.jpg"></icon><desc></desc><category></category></programme><programme channel="GuWcT5XzyK01Z74TLsufoJ0VThHsJ_K9S6eG8XEg" start="20230103170400 +0000" stop="20230103193700 +0000" catchup-id="a1UF3cUY1PIy7u6dAo5PIE3o-C2E6c66zPjYMod5"><title>IF IT FEELS GOOD VOL.3</title><date></date><icon src="https://m7be2.solocoo.tv/m7be2iphone/mmchan/mpimages/208x308/RPvy6kuOIHbF7BJYmMkujQ.jpg"></icon><desc></desc><category></category></programme><programme channel="GuWcT5XzyK01Z74TLsufoJ0VThHsJ_K9S6eG8XEg" start="20230103193700 +0000" stop="20230103194000 +0000" catchup-id="szOl_-7pRkFoAN4zcTF2TySgog4aDtB8NxlOq-CY"><title>LEAH WINTERS</title><date></date><icon src="https://m7be2.solocoo.tv/m7be2iphone/mmchan/mpimages/208x308/4RxWUCb12eikSfAUt3Avng.jpg"></icon><desc></desc><category></category></programme><programme channel="GuWcT5XzyK01Z74TLsufoJ0VThHsJ_K9S6eG8XEg" start="20230103194000 +0000" stop="20230103222400 +0000" catchup-id="tl79IYzrOorWTxqg-HcwAkmaBMO07cqpxZfEZRBc"><title>TUSHY RAW VOL.25</title><date></date><icon src="https://m7be2.solocoo.tv/m7be2iphone/mmchan/mpimages/208x308/VlyXDSepLD8T78vAr-LSsg.jpg"></icon><desc></desc><category></category></programme><programme channel="GuWcT5XzyK01Z74TLsufoJ0VThHsJ_K9S6eG8XEg" start="20230103222400 +0000" stop="20230103230000 +0000" catchup-id="ilSNCzwFVXVj0kSCoexT5wThNLDfTf9rw-hCbI7F"><title>KENZIE</title><date></date><icon src="https://m7be2.solocoo.tv/m7be2iphone/mmchan/mpimages/208x308/iZJpT5yGeSfdmU-SZvSBvg.jpg"></icon><desc></desc><category></category></programme><programme channel="GuWcT5XzyK01Z74TLsufoJ0VThHsJ_K9S6eG8XEg" start="20230103230000 +0000" stop="20230104013000 +0000" catchup-id="VHBbcxaYNdHtp5PiMj1a17epUwAUiwul3EeVgrTm"><title>CRAVINGS VOL.1</title><date></date><icon src="https://m7be2.solocoo.tv/m7be2iphone/mmchan/mpimages/208x308/4RxWUCb12eikSfAUt3Avng.jpg"></icon><desc></desc><category></category></programme><programme channel="GuWcT5XzyK01Z74TLsufoJ0VThHsJ_K9S6eG8XEg" start="20230104013000 +0000" stop="20230104013600 +0000" catchup-id="Gzd8-k4IlF0SZBiETvhG7u_xleN-5ahQ-9Uockf2"><title>AVERY CRISTY</title><date></date><icon src="https://m7be2.solocoo.tv/m7be2iphone/mmchan/mpimages/208x308/6RZTI86QYeXNwca4lBZzKw.jpg"></icon><desc></desc><category></category></programme><programme channel="GuWcT5XzyK01Z74TLsufoJ0VThHsJ_K9S6eG8XEg" start="20230104013600 +0000" stop="20230104040600 +0000" catchup-id="2cqrfWYBEnjnwYtixawnsNxhwDcQwRrZ3QZ5yfkX"><title>TUSHY RAW VOL.30</title><date></date><icon src="https://m7be2.solocoo.tv/m7be2iphone/mmchan/mpimages/208x308/O17wo5jkE6DvyVgaT1_f0w.jpg"></icon><desc></desc><category></category></programme><programme channel="GuWcT5XzyK01Z74TLsufoJ0VThHsJ_K9S6eG8XEg" start="20230104040600 +0000" stop="20230104045900 +0000" catchup-id="1tfgX_uJYrSDAIJ-MgoaaQnrK7YuRvkQrZ3qamc_"><title>TORI</title><date></date><icon src="https://m7be2.solocoo.tv/m7be2iphone/mmchan/mpimages/208x308/PtKoEp3ajPBqP3RGfmZ8kg.jpg"></icon><desc></desc><category></category></programme><programme channel="GuWcT5XzyK01Z74TLsufoJ0VThHsJ_K9S6eG8XEg" start="20230104045900 +0000" stop="20230104072500 +0000" catchup-id="svFfXLJUF4ciCWi2Y5gLNm4R9Czb20fH8gPM6qgf"><title>BADDIES VOL.2</title><date></date><icon src="https://m7be2.solocoo.tv/m7be2iphone/mmchan/mpimages/208x308/OHCo9BPRpJyx8t8wR43t9A.jpg"></icon><desc></desc><category></category></programme><programme channel="GuWcT5XzyK01Z74TLsufoJ0VThHsJ_K9S6eG8XEg" start="20230104072500 +0000" stop="20230104073200 +0000" catchup-id="bnLawRC3jUnMkAWLL0Or5k6FLEyEtv5TAYq-wnkJ"><title>KENNA JAMES &amp; VICKI CHASE</title><date></date><icon src="https://m7be2.solocoo.tv/m7be2iphone/mmchan/mpimages/208x308/VlyXDSepLD8T78vAr-LSsg.jpg"></icon><desc></desc><category></category></programme><programme channel="GuWcT5XzyK01Z74TLsufoJ0VThHsJ_K9S6eG8XEg" start="20230104073200 +0000" stop="20230104104300 +0000" catchup-id="LEhfEBc0f3I-oeZm4NPP4C32md30KlLI0Zpo8lEl"><title>ANAL THREESOMES VOL.9</title><date></date><icon src="https://m7be2.solocoo.tv/m7be2iphone/mmchan/mpimages/208x308/QXeqW06wvyZAGj4EqfCNzA.jpg"></icon><desc></desc><category></category></programme><programme channel="GuWcT5XzyK01Z74TLsufoJ0VThHsJ_K9S6eG8XEg" start="20230104104300 +0000" stop="20230104104400 +0000" catchup-id="dXpd49gXRx3_GzGrtfB242SCvMcKCWk4IARRKuFb"><title>BA MENSUELLE JANUARY</title><date></date><icon src="https://m7be2.solocoo.tv/m7be2iphone/mmchan/mpimages/208x308/jzBpqRKNUUsGVOTkXx8Q2A.jpg"></icon><desc></desc><category></category></programme><programme channel="GuWcT5XzyK01Z74TLsufoJ0VThHsJ_K9S6eG8XEg" start="20230104104400 +0000" stop="20230104104900 +0000" catchup-id="rVygmu7DId9IlWc5ypUi_335Y_mCIu4E3TcNpUT7"><title>ELSA JEAN &amp; IVY WOLFE</title><date></date><icon src="https://m7be2.solocoo.tv/m7be2iphone/mmchan/mpimages/208x308/9jdrBk_sSvH3vAXQsWJw4A.jpg"></icon><desc></desc><category></category></programme><programme channel="GuWcT5XzyK01Z74TLsufoJ0VThHsJ_K9S6eG8XEg" start="20230104104900 +0000" stop="20230104105700 +0000" catchup-id="BVqGqDkFGJ7vtrYSJF0fvuDtpqGPvIf0WKd72pXX"><title>RILEY REID AND GABBIE CARTER</title><date></date><icon src="https://m7be2.solocoo.tv/m7be2iphone/mmchan/mpimages/208x308/9RkzUcTZ_c2ph4L6ubBCxw.jpg"></icon><desc></desc><category></category></programme><programme channel="GuWcT5XzyK01Z74TLsufoJ0VThHsJ_K9S6eG8XEg" start="20230104105700 +0000" stop="20230104134900 +0000" catchup-id="nC-2xI-FaTwxs7R639h7RTlVTXdbfNpykcsJHkf3"><title>ANAL ICONS VOL.1</title><date></date><icon src="https://m7be2.solocoo.tv/m7be2iphone/mmchan/mpimages/208x308/iZJpT5yGeSfdmU-SZvSBvg.jpg"></icon><desc></desc><category></category></programme><programme channel="GuWcT5XzyK01Z74TLsufoJ0VThHsJ_K9S6eG8XEg" start="20230104134900 +0000" stop="20230104135500 +0000" catchup-id="DOHo6f2vUgjn_sfQPuuiu_LjjbzfRMa0_LIDinZ2"><title>AVERY CRISTY</title><date></date><icon src="https://m7be2.solocoo.tv/m7be2iphone/mmchan/mpimages/208x308/QXeqW06wvyZAGj4EqfCNzA.jpg"></icon><desc></desc><category></category></programme><programme channel="GuWcT5XzyK01Z74TLsufoJ0VThHsJ_K9S6eG8XEg" start="20230104135500 +0000" stop="20230104164600 +0000" catchup-id="jUDvkjiWvM8rzp9S_I9nbUW7Nss-ncIDz0MVIHdT"><title>INTERRACIAL ANGELS</title><date></date><icon src="https://m7be2.solocoo.tv/m7be2iphone/mmchan/mpimages/208x308/RPvy6kuOIHbF7BJYmMkujQ.jpg"></icon><desc></desc><category></category></programme><programme channel="GuWcT5XzyK01Z74TLsufoJ0VThHsJ_K9S6eG8XEg" start="20230104164600 +0000" stop="20230104165100 +0000" catchup-id="4ohSW22foBRoS9XHCbrc9EeTFWKkGpr9nVDM-QpO"><title>KENZIE ANNE</title><date></date><icon src="https://m7be2.solocoo.tv/m7be2iphone/mmchan/mpimages/208x308/JH_IhhmYOLTVtJtyaivcGA.jpg"></icon><desc></desc><category></category></programme><programme channel="GuWcT5XzyK01Z74TLsufoJ0VThHsJ_K9S6eG8XEg" start="20230104165100 +0000" stop="20230104165700 +0000" catchup-id="DEO-4TXISGiczPojieeIwmy4kr4XBYh3naGJic06"><title>ARIANA MARIE &amp; SCARLIT SCANDAL</title><date></date><icon src="https://m7be2.solocoo.tv/m7be2iphone/mmchan/mpimages/208x308/mzUMqPChdW4LmpYKUd99gQ.jpg"></icon><desc></desc><category></category></programme><programme channel="GuWcT5XzyK01Z74TLsufoJ0VThHsJ_K9S6eG8XEg" start="20230104165700 +0000" stop="20230104192800 +0000" catchup-id="30KZzEuYNPPICwBG7a3Kp5bdq5Pj5fYY3FxrEtZw"><title>ANAL ANGELS VOL.4</title><date></date><icon src="https://m7be2.solocoo.tv/m7be2iphone/mmchan/mpimages/260x145/XlaSfs_MlDJ6Z_1sjISOBw.jpg"></icon><desc></desc><category></category></programme><programme channel="GuWcT5XzyK01Z74TLsufoJ0VThHsJ_K9S6eG8XEg" start="20230104192800 +0000" stop="20230104193200 +0000" catchup-id="GGBo_1I9KEzX25b7nSiE3l70zJLwL4kE8RrnDty3"><title>ANA ROSE AND ADRIA RAE</title><date></date><icon src="https://m7be2.solocoo.tv/m7be2iphone/mmchan/mpimages/260x145/PtKoEp3ajPBqP3RGfmZ8kg.jpg"></icon><desc></desc><category></category></programme><programme channel="GuWcT5XzyK01Z74TLsufoJ0VThHsJ_K9S6eG8XEg" start="20230104193200 +0000" stop="20230104220500 +0000" catchup-id="saHLMlYkW44Qh95tMobsoCzOszdCSFi1wGuszyYC"><title>IF IT FEELS GOOD VOL.3</title><date></date><icon src="https://m7be2.solocoo.tv/m7be2iphone/mmchan/mpimages/260x145/VlyXDSepLD8T78vAr-LSsg.jpg"></icon><desc></desc><category></category></programme><programme channel="GuWcT5XzyK01Z74TLsufoJ0VThHsJ_K9S6eG8XEg" start="20230104220500 +0000" stop="20230104230000 +0000" catchup-id="12RN17MWLWj-OtxfkYer1lIQRrawIGwzGf8QlHKS"><title>ALINA</title><date></date><icon src="https://m7be2.solocoo.tv/m7be2iphone/mmchan/mpimages/260x145/JH_IhhmYOLTVtJtyaivcGA.jpg"></icon><desc></desc><category></category></programme><programme channel="GuWcT5XzyK01Z74TLsufoJ0VThHsJ_K9S6eG8XEg" start="20230104230000 +0000" stop="20230105010600 +0000" catchup-id="87bjMaBIi-ET3STgUh1rbK_gyNRMDMavL-HHMLhQ"><title>MILF VOL.1</title><date></date><icon src="https://m7be2.solocoo.tv/m7be2iphone/mmchan/mpimages/260x145/jzBpqRKNUUsGVOTkXx8Q2A.jpg"></icon><desc></desc><category></category></programme><programme channel="GuWcT5XzyK01Z74TLsufoJ0VThHsJ_K9S6eG8XEg" start="20230105010600 +0000" stop="20230105011100 +0000" catchup-id="ndZ3OCHDPpgA71ZB3pMWXQXUlAwsrr6Jrac9JRlA"><title>BTS - GABBIE CARTER</title><date></date><icon src="https://m7be2.solocoo.tv/m7be2iphone/mmchan/mpimages/260x145/9jdrBk_sSvH3vAXQsWJw4A.jpg"></icon><desc></desc><category></category></programme><programme channel="GuWcT5XzyK01Z74TLsufoJ0VThHsJ_K9S6eG8XEg" start="20230105011100 +0000" stop="20230105034200 +0000" catchup-id="Gf2VljFLMUQIvdHDldkeNNTLdbD4LonHwXLljZDs"><title>CRAVINGS VOL.1</title><date></date><icon src="https://m7be2.solocoo.tv/m7be2iphone/mmchan/mpimages/260x145/9RkzUcTZ_c2ph4L6ubBCxw.jpg"></icon><desc></desc><category></category></programme><programme channel="GuWcT5XzyK01Z74TLsufoJ0VThHsJ_K9S6eG8XEg" start="20230105034200 +0000" stop="20230105042100 +0000" catchup-id="HJguHBCp71aqp9SwqDajSvHKZUTwRPWvZNDUsE0Y"><title>BEAUTE ANALE - PART III</title><date></date><icon src="https://m7be2.solocoo.tv/m7be2iphone/mmchan/mpimages/260x145/iZJpT5yGeSfdmU-SZvSBvg.jpg"></icon><desc></desc><category></category></programme><programme channel="GuWcT5XzyK01Z74TLsufoJ0VThHsJ_K9S6eG8XEg" start="20230105042100 +0000" stop="20230105050000 +0000" catchup-id="wJW5AnDXA-ez2FxS12BJ6Mj1sLKOnXpiuGJ190I8"><title>ANYA</title><date></date><icon src="https://m7be2.solocoo.tv/m7be2iphone/mmchan/mpimages/260x145/4RxWUCb12eikSfAUt3Avng.jpg"></icon><desc></desc><category></category></programme><programme channel="GuWcT5XzyK01Z74TLsufoJ0VThHsJ_K9S6eG8XEg" start="20230105050000 +0000" stop="20230105073000 +0000" catchup-id="PSkFJbnihgpd0KOD1obOIht2DwcFwzhrEBYQ9auO"><title>TUSHY RAW VOL.30</title><date></date><icon src="https://m7be2.solocoo.tv/m7be2iphone/mmchan/mpimages/260x145/O17wo5jkE6DvyVgaT1_f0w.jpg"></icon><desc></desc><category></category></programme><programme channel="GuWcT5XzyK01Z74TLsufoJ0VThHsJ_K9S6eG8XEg" start="20230105073000 +0000" stop="20230105073500 +0000" catchup-id="BEZHO4l0lfmK8gkx06iuxqOJcByMoeG_LTKEdjQs"><title>LULU CHU</title><date></date><icon src="https://m7be2.solocoo.tv/m7be2iphone/mmchan/mpimages/260x145/mzUMqPChdW4LmpYKUd99gQ.jpg"></icon><desc></desc><category></category></programme><programme channel="GuWcT5XzyK01Z74TLsufoJ0VThHsJ_K9S6eG8XEg" start="20230105073500 +0000" stop="20230105100100 +0000" catchup-id="DOaMoLd-LYhyzyjZTTCBBGUIpPUMVeP6QzBQv_MB"><title>BADDIES VOL.2</title><date></date><icon src="https://m7be2.solocoo.tv/m7be2iphone/mmchan/mpimages/260x145/QXeqW06wvyZAGj4EqfCNzA.jpg"></icon><desc></desc><category></category></programme><programme channel="GuWcT5XzyK01Z74TLsufoJ0VThHsJ_K9S6eG8XEg" start="20230105100100 +0000" stop="20230105110000 +0000" catchup-id="QodSvfmgvgFl744cp-8xHGSDYZ5N7c0JN5cl9u8C"><title>NATURAL BEAUTIES VOL. 10 - PART III</title><date></date><icon src="https://m7be2.solocoo.tv/m7be2iphone/mmchan/mpimages/260x145/PtKoEp3ajPBqP3RGfmZ8kg.jpg"></icon><desc></desc><category></category></programme><programme channel="GuWcT5XzyK01Z74TLsufoJ0VThHsJ_K9S6eG8XEg" start="20230105110000 +0000" stop="20230105141200 +0000" catchup-id="mrBrTocUdfzbDvFMvMLyQ9YQZFgIkC86CIebvmES"><title>ANAL THREESOMES VOL.9</title><date></date><icon src="https://m7be2.solocoo.tv/m7be2iphone/mmchan/mpimages/260x145/OHCo9BPRpJyx8t8wR43t9A.jpg"></icon><desc></desc><category></category></programme><programme channel="GuWcT5XzyK01Z74TLsufoJ0VThHsJ_K9S6eG8XEg" start="20230105141200 +0000" stop="20230105170300 +0000" catchup-id="aWv2rTtla4dnwZqJI1mAb0fdpQvJ1rRf2w520E2W"><title>ANAL ICONS VOL.1</title><date></date><icon src="https://m7be2.solocoo.tv/m7be2iphone/mmchan/mpimages/260x145/VlyXDSepLD8T78vAr-LSsg.jpg"></icon><desc></desc><category></category></programme><programme channel="GuWcT5XzyK01Z74TLsufoJ0VThHsJ_K9S6eG8XEg" start="20230105170300 +0000" stop="20230105195600 +0000" catchup-id="r7bn-lbSZ8Sirl0pI2BGI5eERYyCvgMbcq_VvUuY"><title>INTERRACIAL ANGELS</title><date></date><icon src="https://m7be2.solocoo.tv/m7be2iphone/mmchan/mpimages/260x145/RPvy6kuOIHbF7BJYmMkujQ.jpg"></icon><desc></desc><category></category></programme><programme channel="GuWcT5XzyK01Z74TLsufoJ0VThHsJ_K9S6eG8XEg" start="20230105195600 +0000" stop="20230105222800 +0000" catchup-id="VvjaADtMoHi6_gVbATTiSkrweWcQ6HfKYwbbxzzQ"><title>ANAL ANGELS VOL.4</title><date></date><icon src="https://m7be2.solocoo.tv/m7be2iphone/mmchan/mpimages/260x145/XlaSfs_MlDJ6Z_1sjISOBw.jpg"></icon><desc></desc><category></category></programme><programme channel="GuWcT5XzyK01Z74TLsufoJ0VThHsJ_K9S6eG8XEg" start="20230105222800 +0000" stop="20230105230000 +0000" catchup-id="1DMIh829-Ti8ca0lFgFrXZmPsLhNyB5K3mbhJo8J"><title>BOSS - PART 4</title><date></date><icon src="https://m7be2.solocoo.tv/m7be2iphone/mmchan/mpimages/260x145/JH_IhhmYOLTVtJtyaivcGA.jpg"></icon><desc></desc><category></category></programme><programme channel="GuWcT5XzyK01Z74TLsufoJ0VThHsJ_K9S6eG8XEg" start="20230105230000 +0000" stop="20230106014900 +0000" catchup-id="A7wu2CsuuP0gszc8Yac_0Na7viJ8vKEPMWZ8Xa3s"><title>MATURE ANAL VOL.2</title><date></date><icon src="https://m7be2.solocoo.tv/m7be2iphone/mmchan/mpimages/260x145/iZJpT5yGeSfdmU-SZvSBvg.jpg"></icon><desc></desc><category></category></programme><programme channel="GuWcT5XzyK01Z74TLsufoJ0VThHsJ_K9S6eG8XEg" start="20230106014900 +0000" stop="20230106015400 +0000" catchup-id="D7oZ79qcJLblmrseBeeQAF4vtrVo3c6let3Jp7iB"><title>ARIANA MARIE &amp; SCARLIT SCANDAL</title><date></date><icon src="https://m7be2.solocoo.tv/m7be2iphone/mmchan/mpimages/260x145/RPvy6kuOIHbF7BJYmMkujQ.jpg"></icon><desc></desc><category></category></programme><programme channel="GuWcT5XzyK01Z74TLsufoJ0VThHsJ_K9S6eG8XEg" start="20230106015400 +0000" stop="20230106040100 +0000" catchup-id="-TuxaQVahMnK0-G6L88yQHDHoDIIGONbqdmUS1Cw"><title>MILF VOL.1</title><date></date><icon src="https://m7be2.solocoo.tv/m7be2iphone/mmchan/mpimages/260x145/VlyXDSepLD8T78vAr-LSsg.jpg"></icon><desc></desc><category></category></programme><programme channel="GuWcT5XzyK01Z74TLsufoJ0VThHsJ_K9S6eG8XEg" start="20230106040100 +0000" stop="20230106045100 +0000" catchup-id="h12CzNsFuwgYC_OaoIx4__qiyp4kP4Ye3ZNG2JMx"><title>BLACKEDRAW VOL.23 - PART 1</title><date></date><icon src="https://m7be2.solocoo.tv/m7be2iphone/mmchan/mpimages/260x145/O17wo5jkE6DvyVgaT1_f0w.jpg"></icon><desc></desc><category></category></programme><programme channel="GuWcT5XzyK01Z74TLsufoJ0VThHsJ_K9S6eG8XEg" start="20230106045100 +0000" stop="20230106045700 +0000" catchup-id="M5NKszhIj-JVKIvVqXkKs5YCSsEUa-HXWGxqsx3D"><title>AVERY CRISTY &amp; NAOMI SWANN</title><date></date><icon src="https://m7be2.solocoo.tv/m7be2iphone/mmchan/mpimages/260x145/9RkzUcTZ_c2ph4L6ubBCxw.jpg"></icon><desc></desc><category></category></programme><programme channel="GuWcT5XzyK01Z74TLsufoJ0VThHsJ_K9S6eG8XEg" start="20230106045700 +0000" stop="20230106045900 +0000" catchup-id="lx49jIS13Q6hbpmoNGmqGietoZDQXLIOJQEaX3v3"><title>VIXEN ANGEL : SCARLIT SCANDAL</title><date></date><icon src="https://m7be2.solocoo.tv/m7be2iphone/mmchan/mpimages/260x145/QXeqW06wvyZAGj4EqfCNzA.jpg"></icon><desc></desc><category></category></programme><programme channel="GuWcT5XzyK01Z74TLsufoJ0VThHsJ_K9S6eG8XEg" start="20230106045900 +0000" stop="20230106072900 +0000" catchup-id="_cmbusk3mrjF5x1-smYp2o3M8WwjXUYwphg9XmlQ"><title>CRAVINGS VOL.1 / CRAVINGS VOL.1</title><date></date><icon src="https://m7be2.solocoo.tv/m7be2iphone/mmchan/mpimages/260x145/OHCo9BPRpJyx8t8wR43t9A.jpg"></icon><desc></desc><category></category></programme><programme channel="GuWcT5XzyK01Z74TLsufoJ0VThHsJ_K9S6eG8XEg" start="20230106072900 +0000" stop="20230106073500 +0000" catchup-id="xNyRT3fQoNP_yS7qMmlDrNcrQMsLvoLGvLeDVwmx"><title>AVERY CRISTY</title><date></date><icon src="https://m7be2.solocoo.tv/m7be2iphone/mmchan/mpimages/260x145/4RxWUCb12eikSfAUt3Avng.jpg"></icon><desc></desc><category></category></programme><programme channel="GuWcT5XzyK01Z74TLsufoJ0VThHsJ_K9S6eG8XEg" start="20230106073500 +0000" stop="20230106100500 +0000" catchup-id="l722wfJ2JHHhAlfm7LBEJ0fOI259zjHHSMIzUvh_"><title>TUSHY RAW VOL.30</title><date></date><icon src="https://m7be2.solocoo.tv/m7be2iphone/mmchan/mpimages/260x145/6RZTI86QYeXNwca4lBZzKw.jpg"></icon><desc></desc><category></category></programme><programme channel="GuWcT5XzyK01Z74TLsufoJ0VThHsJ_K9S6eG8XEg" start="20230106100500 +0000" stop="20230106105800 +0000" catchup-id="Fx76lOFgqAy-h4eMV7BqDDO2Xeu4gb_rkv0ioKsR"><title>TORI</title><date></date><icon src="https://m7be2.solocoo.tv/m7be2iphone/mmchan/mpimages/260x145/mzUMqPChdW4LmpYKUd99gQ.jpg"></icon><desc></desc><category></category></programme><programme channel="GuWcT5XzyK01Z74TLsufoJ0VThHsJ_K9S6eG8XEg" start="20230106105800 +0000" stop="20230106132400 +0000" catchup-id="GyO8H8hWvbJHegaVMGW8cRezFEQSOuBrNlJ71oLp"><title>BADDIES VOL.2</title><date></date><icon src="https://m7be2.solocoo.tv/m7be2iphone/mmchan/mpimages/260x145/jzBpqRKNUUsGVOTkXx8Q2A.jpg"></icon><desc></desc><category></category></programme><programme channel="GuWcT5XzyK01Z74TLsufoJ0VThHsJ_K9S6eG8XEg" start="20230106132400 +0000" stop="20230106133100 +0000" catchup-id="A0_R9ykbrnrBMpyrp7DUdRVnPVYP9ao30qTdpeH_"><title>KENNA JAMES &amp; VICKI CHASE</title><date></date><icon src="https://m7be2.solocoo.tv/m7be2iphone/mmchan/mpimages/260x145/XlaSfs_MlDJ6Z_1sjISOBw.jpg"></icon><desc></desc><category></category></programme><programme channel="GuWcT5XzyK01Z74TLsufoJ0VThHsJ_K9S6eG8XEg" start="20230106133100 +0000" stop="20230106164300 +0000" catchup-id="kBHGC4rogjvhH4ffsszQ575PV6eXQBjYoaaGP5iX"><title>ANAL THREESOMES VOL.9</title><date></date><icon src="https://m7be2.solocoo.tv/m7be2iphone/mmchan/mpimages/260x145/JH_IhhmYOLTVtJtyaivcGA.jpg"></icon><desc></desc><category></category></programme><programme channel="GuWcT5XzyK01Z74TLsufoJ0VThHsJ_K9S6eG8XEg" start="20230106164300 +0000" stop="20230106164800 +0000" catchup-id="BXXsxB47WA5UEJB24EfMqXmekHLyrVwkyAcSftqV"><title>ELSA JEAN &amp; IVY WOLFE</title><date></date><icon src="https://m7be2.solocoo.tv/m7be2iphone/mmchan/mpimages/260x145/4RxWUCb12eikSfAUt3Avng.jpg"></icon><desc></desc><category></category></programme><programme channel="GuWcT5XzyK01Z74TLsufoJ0VThHsJ_K9S6eG8XEg" start="20230106164800 +0000" stop="20230106165600 +0000" catchup-id="0fslX53u_9L_kaZbjiMxZ67yHssvOLFFwnjNwngA"><title>RILEY REID AND GABBIE CARTER</title><date></date><icon src="https://m7be2.solocoo.tv/m7be2iphone/mmchan/mpimages/260x145/jzBpqRKNUUsGVOTkXx8Q2A.jpg"></icon><desc></desc><category></category></programme><programme channel="GuWcT5XzyK01Z74TLsufoJ0VThHsJ_K9S6eG8XEg" start="20230106165600 +0000" stop="20230106194800 +0000" catchup-id="xpJDa75PYiufIlXoC4_yCT9SBLXftgYTVJ4Arf1g"><title>ANAL ICONS VOL.1</title><date></date><icon src="https://m7be2.solocoo.tv/m7be2iphone/mmchan/mpimages/260x145/6RZTI86QYeXNwca4lBZzKw.jpg"></icon><desc></desc><category></category></programme><programme channel="GuWcT5XzyK01Z74TLsufoJ0VThHsJ_K9S6eG8XEg" start="20230106194800 +0000" stop="20230106195400 +0000" catchup-id="KpMV_1Fi6W2XFgA0G7pN53IZyICRy7Dh2piVzxQr"><title>AVERY CRISTY</title><date></date><icon src="https://m7be2.solocoo.tv/m7be2iphone/mmchan/mpimages/260x145/O17wo5jkE6DvyVgaT1_f0w.jpg"></icon><desc></desc><category></category></programme><programme channel="GuWcT5XzyK01Z74TLsufoJ0VThHsJ_K9S6eG8XEg" start="20230106195400 +0000" stop="20230106224500 +0000" catchup-id="Xcv-FdhT20x5Li2LsCJPXfV30U7YUC4QC8mcPH76"><title>INTERRACIAL ANGELS</title><date></date><icon src="https://m7be2.solocoo.tv/m7be2iphone/mmchan/mpimages/260x145/iZJpT5yGeSfdmU-SZvSBvg.jpg"></icon><desc></desc><category></category></programme><programme channel="GuWcT5XzyK01Z74TLsufoJ0VThHsJ_K9S6eG8XEg" start="20230106224500 +0000" stop="20230106225000 +0000" catchup-id="MDQsE16gINVDiY353lkWnjne0vF_s504PDVNQJP_"><title>KENZIE ANNE</title><date></date><icon src="https://m7be2.solocoo.tv/m7be2iphone/mmchan/mpimages/260x145/9jdrBk_sSvH3vAXQsWJw4A.jpg"></icon><desc></desc><category></category></programme><programme channel="GuWcT5XzyK01Z74TLsufoJ0VThHsJ_K9S6eG8XEg" start="20230106225000 +0000" stop="20230106230000 +0000" catchup-id="86a4A8Z0b7MSnYq11v2suJNF4RtW0oQvcc-fd86E"><title>ARIANA MARIE &amp; SCARLIT SCANDAL</title><date></date><icon src="https://m7be2.solocoo.tv/m7be2iphone/mmchan/mpimages/260x145/PtKoEp3ajPBqP3RGfmZ8kg.jpg"></icon><desc></desc><category></category></programme><programme channel="GuWcT5XzyK01Z74TLsufoJ0VThHsJ_K9S6eG8XEg" start="20230106230000 +0000" stop="20230107015400 +0000" catchup-id="8Yi2yzhx_zDad7vQhTuoFwywKXWyTAnmAe_Fx2Fz"><title>THREESOME FANTASIES VOL.11</title><date></date><icon src="https://m7be2.solocoo.tv/m7be2iphone/mmchan/mpimages/260x145/JH_IhhmYOLTVtJtyaivcGA.jpg"></icon><desc></desc><category></category></programme><programme channel="GuWcT5XzyK01Z74TLsufoJ0VThHsJ_K9S6eG8XEg" start="20230107015400 +0000" stop="20230107015900 +0000" catchup-id="Q3BPDSou8MmX5nyGqNgo6qs9TI10lRSgfji2kRRW"><title>KENZIE ANNE</title><date></date><icon src="https://m7be2.solocoo.tv/m7be2iphone/mmchan/mpimages/260x145/QXeqW06wvyZAGj4EqfCNzA.jpg"></icon><desc></desc><category></category></programme><programme channel="GuWcT5XzyK01Z74TLsufoJ0VThHsJ_K9S6eG8XEg" start="20230107015900 +0000" stop="20230107044800 +0000" catchup-id="oxSfFlPx_npqPwEh_NLYJ_Tonz662EKGwbGMBT52"><title>MATURE ANAL VOL.2 / MATURE ANAL VOL.2</title><date></date><icon src="https://m7be2.solocoo.tv/m7be2iphone/mmchan/mpimages/260x145/6RZTI86QYeXNwca4lBZzKw.jpg"></icon><desc></desc><category></category></programme><programme channel="GuWcT5XzyK01Z74TLsufoJ0VThHsJ_K9S6eG8XEg" start="20230107044800 +0000" stop="20230107045400 +0000" catchup-id="bsFsH-QA_ssPTVBpgBdcYg3IA3wilKlKsVpIvnUd"><title>CECILIA LION</title><date></date><icon src="https://m7be2.solocoo.tv/m7be2iphone/mmchan/mpimages/260x145/O17wo5jkE6DvyVgaT1_f0w.jpg"></icon><desc></desc><category></category></programme><programme channel="GuWcT5XzyK01Z74TLsufoJ0VThHsJ_K9S6eG8XEg" start="20230107045400 +0000" stop="20230107045700 +0000" catchup-id="hINKeUo1j4ak_8BO8f692ew723xRJpDsYTqeZ9vP"><title>LEAH WINTERS</title><date></date><icon src="https://m7be2.solocoo.tv/m7be2iphone/mmchan/mpimages/260x145/OHCo9BPRpJyx8t8wR43t9A.jpg"></icon><desc></desc><category></category></programme><programme channel="GuWcT5XzyK01Z74TLsufoJ0VThHsJ_K9S6eG8XEg" start="20230107045700 +0000" stop="20230107070400 +0000" catchup-id="42xxAWs3LpwVq4K_gfIpLiLcArZlX--vNYN_GBOc"><title>MILF VOL.1</title><date></date><icon src="https://m7be2.solocoo.tv/m7be2iphone/mmchan/mpimages/260x145/XlaSfs_MlDJ6Z_1sjISOBw.jpg"></icon><desc></desc><category></category></programme><programme channel="GuWcT5XzyK01Z74TLsufoJ0VThHsJ_K9S6eG8XEg" start="20230107070400 +0000" stop="20230107070900 +0000" catchup-id="TkOTflYjo-YZ0orK9Z9z5bL2A2XZ_5NpGTUVelGC"><title>BTS - GABBIE CARTER</title><date></date><icon src="https://m7be2.solocoo.tv/m7be2iphone/mmchan/mpimages/260x145/9RkzUcTZ_c2ph4L6ubBCxw.jpg"></icon><desc></desc><category></category></programme><programme channel="GuWcT5XzyK01Z74TLsufoJ0VThHsJ_K9S6eG8XEg" start="20230107070900 +0000" stop="20230107094000 +0000" catchup-id="Au9EoRIF2rjWU-NycXdHjyqxCqg8rvng8WTZvXmT"><title>CRAVINGS VOL.1 / CRAVINGS VOL.1</title><date></date><icon src="https://m7be2.solocoo.tv/m7be2iphone/mmchan/mpimages/260x145/iZJpT5yGeSfdmU-SZvSBvg.jpg"></icon><desc></desc><category></category></programme><programme channel="GuWcT5XzyK01Z74TLsufoJ0VThHsJ_K9S6eG8XEg" start="20230107094000 +0000" stop="20230107101900 +0000" catchup-id="ABeAQuEssfr1EuOOSVXTYgcNwWwlowdLZv3g2wpm"><title>BEAUTE ANALE - PART III</title><date></date><icon src="https://m7be2.solocoo.tv/m7be2iphone/mmchan/mpimages/260x145/RPvy6kuOIHbF7BJYmMkujQ.jpg"></icon><desc></desc><category></category></programme><programme channel="GuWcT5XzyK01Z74TLsufoJ0VThHsJ_K9S6eG8XEg" start="20230107101900 +0000" stop="20230107105800 +0000" catchup-id="_0dYD_riR3kKRZQ1zZBEbcm15SIPGYDVdjufWv1J"><title>ANYA</title><date></date><icon src="https://m7be2.solocoo.tv/m7be2iphone/mmchan/mpimages/260x145/mzUMqPChdW4LmpYKUd99gQ.jpg"></icon><desc></desc><category></category></programme><programme channel="GuWcT5XzyK01Z74TLsufoJ0VThHsJ_K9S6eG8XEg" start="20230107105800 +0000" stop="20230107132800 +0000" catchup-id="9jPIp1rN_W5395bVpIx06M8XycM02htXflc5YQXW"><title>TUSHY RAW VOL.30</title><date></date><icon src="https://m7be2.solocoo.tv/m7be2iphone/mmchan/mpimages/260x145/jzBpqRKNUUsGVOTkXx8Q2A.jpg"></icon><desc></desc><category></category></programme><programme channel="GuWcT5XzyK01Z74TLsufoJ0VThHsJ_K9S6eG8XEg" start="20230107132800 +0000" stop="20230107133300 +0000" catchup-id="Lke4QBHtHLvVg1a687UOeaaonx5oE5aM46D3ijik"><title>LULU CHU</title><date></date><icon src="https://m7be2.solocoo.tv/m7be2iphone/mmchan/mpimages/260x145/4RxWUCb12eikSfAUt3Avng.jpg"></icon><desc></desc><category></category></programme><programme channel="GuWcT5XzyK01Z74TLsufoJ0VThHsJ_K9S6eG8XEg" start="20230107133300 +0000" stop="20230107155900 +0000" catchup-id="ACgFTeTS_CSP83QttPQaWyCeosegvC-ogUuGNAL6"><title>BADDIES VOL.2</title><date></date><icon src="https://m7be2.solocoo.tv/m7be2iphone/mmchan/mpimages/260x145/XlaSfs_MlDJ6Z_1sjISOBw.jpg"></icon><desc></desc><category></category></programme><programme channel="GuWcT5XzyK01Z74TLsufoJ0VThHsJ_K9S6eG8XEg" start="20230107155900 +0000" stop="20230107165800 +0000" catchup-id="o1zKu8saT8MvNjZUbLFPz0ERAUGkfaBdCO8X6x2m"><title>NATURAL BEAUTIES VOL. 10 - PART III</title><date></date><icon src="https://m7be2.solocoo.tv/m7be2iphone/mmchan/mpimages/260x145/PtKoEp3ajPBqP3RGfmZ8kg.jpg"></icon><desc></desc><category></category></programme><programme channel="GuWcT5XzyK01Z74TLsufoJ0VThHsJ_K9S6eG8XEg" start="20230107165800 +0000" stop="20230107200900 +0000" catchup-id="IVYEMv75VeKkQ_2HhWSMPWp2zDM9wyCzqC3LPdHW"><title>ANAL THREESOMES VOL.9</title><date></date><icon src="https://m7be2.solocoo.tv/m7be2iphone/mmchan/mpimages/260x145/9jdrBk_sSvH3vAXQsWJw4A.jpg"></icon><desc></desc><category></category></programme><programme channel="GuWcT5XzyK01Z74TLsufoJ0VThHsJ_K9S6eG8XEg" start="20230107200900 +0000" stop="20230107230000 +0000" catchup-id="nFdB4Zi00yntajz7Jz8wPcNKe45Y5wRe_CG29pJx"><title>ANAL ICONS VOL.1</title><date></date><icon src="https://m7be2.solocoo.tv/m7be2iphone/mmchan/mpimages/260x145/VlyXDSepLD8T78vAr-LSsg.jpg"></icon><desc></desc><category></category></programme><programme channel="GuWcT5XzyK01Z74TLsufoJ0VThHsJ_K9S6eG8XEg" start="20230107230000 +0000" stop="20230108013000 +0000" catchup-id="qVPFeKs4OB7vsWqsNR8mjtmzbWI9TUVujVMukH0t"><title>UP TO AND INCLUDING HER LIMITS VOL.2</title><date></date><icon src="https://m7be2.solocoo.tv/m7be2iphone/mmchan/mpimages/260x145/jzBpqRKNUUsGVOTkXx8Q2A.jpg"></icon><desc></desc><category></category></programme><programme channel="GuWcT5XzyK01Z74TLsufoJ0VThHsJ_K9S6eG8XEg" start="20230108013000 +0000" stop="20230108013500 +0000" catchup-id="n-UNLHgmykpKSDaLi6-BF5q0D0Aqg0t0ZROypLgn"><title>AVERY CRISTY &amp; VANNA BARDOT</title><date></date><icon src="https://m7be2.solocoo.tv/m7be2iphone/mmchan/mpimages/260x145/9RkzUcTZ_c2ph4L6ubBCxw.jpg"></icon><desc></desc><category></category></programme><programme channel="GuWcT5XzyK01Z74TLsufoJ0VThHsJ_K9S6eG8XEg" start="20230108013500 +0000" stop="20230108042900 +0000" catchup-id="6pIbI0WTnxdMbuwpUX79OUDqi5v-TtwYvvQU7zQA"><title>THREESOME FANTASIES VOL.11</title><date></date><icon src="https://m7be2.solocoo.tv/m7be2iphone/mmchan/mpimages/260x145/JH_IhhmYOLTVtJtyaivcGA.jpg"></icon><desc></desc><category></category></programme><programme channel="GuWcT5XzyK01Z74TLsufoJ0VThHsJ_K9S6eG8XEg" start="20230108042900 +0000" stop="20230108045800 +0000" catchup-id="i2x062B9aU9hS9xLdT-gj7jkJ_QcdVtIRHcU-B4r"><title>ELENA</title><date></date><icon src="https://m7be2.solocoo.tv/m7be2iphone/mmchan/mpimages/260x145/iZJpT5yGeSfdmU-SZvSBvg.jpg"></icon><desc></desc><category></category></programme><programme channel="GuWcT5XzyK01Z74TLsufoJ0VThHsJ_K9S6eG8XEg" start="20230108045800 +0000" stop="20230108074700 +0000" catchup-id="WJ5i8k13yU6794gaMHYp7e_TYHyl4n7ljq0-CSJS"><title>MATURE ANAL VOL.2 / MATURE ANAL VOL.2</title><date></date><icon src="https://m7be2.solocoo.tv/m7be2iphone/mmchan/mpimages/260x145/QXeqW06wvyZAGj4EqfCNzA.jpg"></icon><desc></desc><category></category></programme><programme channel="GuWcT5XzyK01Z74TLsufoJ0VThHsJ_K9S6eG8XEg" start="20230108074700 +0000" stop="20230108075300 +0000" catchup-id="41OqZkcitc_Cuxmc13-XcQy4GYBItXhXrwKRv66G"><title>ARIANA MARIE &amp; SCARLIT SCANDAL</title><date></date><icon src="https://m7be2.solocoo.tv/m7be2iphone/mmchan/mpimages/260x145/PtKoEp3ajPBqP3RGfmZ8kg.jpg"></icon><desc></desc><category></category></programme><programme channel="GuWcT5XzyK01Z74TLsufoJ0VThHsJ_K9S6eG8XEg" start="20230108075300 +0000" stop="20230108095900 +0000" catchup-id="i8Evn14f_1vO-kYjGwZwVigJI-x1p09RKAjDGzqZ"><title>MILF VOL.1</title><date></date><icon src="https://m7be2.solocoo.tv/m7be2iphone/mmchan/mpimages/260x145/OHCo9BPRpJyx8t8wR43t9A.jpg"></icon><desc></desc><category></category></programme><programme channel="GuWcT5XzyK01Z74TLsufoJ0VThHsJ_K9S6eG8XEg" start="20230108095900 +0000" stop="20230108105000 +0000" catchup-id="2pQfhAn0B_SWuodR1AoeIYiDJho9WUXkc847i10u"><title>BLACKEDRAW VOL.23 - PART 1</title><date></date><icon src="https://m7be2.solocoo.tv/m7be2iphone/mmchan/mpimages/260x145/6RZTI86QYeXNwca4lBZzKw.jpg"></icon><desc></desc><category></category></programme><programme channel="GuWcT5XzyK01Z74TLsufoJ0VThHsJ_K9S6eG8XEg" start="20230108105000 +0000" stop="20230108105600 +0000" catchup-id="L-0HUFaqZpT0sEQr9t4031XPOsdxtZY5YBC6gPsw"><title>AVERY CRISTY &amp; NAOMI SWANN</title><date></date><icon src="https://m7be2.solocoo.tv/m7be2iphone/mmchan/mpimages/260x145/O17wo5jkE6DvyVgaT1_f0w.jpg"></icon><desc></desc><category></category></programme><programme channel="GuWcT5XzyK01Z74TLsufoJ0VThHsJ_K9S6eG8XEg" start="20230108105600 +0000" stop="20230108105700 +0000" catchup-id="lTsv2LLaW7YZw0s4bczcpaf4_NtPrPY2SFNBvSRX"><title>VIXEN ANGEL : SCARLIT SCANDAL</title><date></date><icon src="https://m7be2.solocoo.tv/m7be2iphone/mmchan/mpimages/260x145/jzBpqRKNUUsGVOTkXx8Q2A.jpg"></icon><desc></desc><category></category></programme><programme channel="GuWcT5XzyK01Z74TLsufoJ0VThHsJ_K9S6eG8XEg" start="20230108105700 +0000" stop="20230108132800 +0000" catchup-id="c76gmtjFEAlEjnt5ySznyuVGQv80NhRfKwuzZz0w"><title>CRAVINGS VOL.1 / CRAVINGS VOL.1</title><date></date><icon src="https://m7be2.solocoo.tv/m7be2iphone/mmchan/mpimages/260x145/4RxWUCb12eikSfAUt3Avng.jpg"></icon><desc></desc><category></category></programme><programme channel="GuWcT5XzyK01Z74TLsufoJ0VThHsJ_K9S6eG8XEg" start="20230108132800 +0000" stop="20230108133400 +0000" catchup-id="NHtqA5kMAiJwBszmjB64AJ1UAFVIkYadAz121GHV"><title>AVERY CRISTY</title><date></date><icon src="https://m7be2.solocoo.tv/m7be2iphone/mmchan/mpimages/260x145/iZJpT5yGeSfdmU-SZvSBvg.jpg"></icon><desc></desc><category></category></programme><programme channel="GuWcT5XzyK01Z74TLsufoJ0VThHsJ_K9S6eG8XEg" start="20230108133400 +0000" stop="20230108160400 +0000" catchup-id="F2qswXHwpnxOLwNEah_2ikfgUvjWjgWrO3-izjl7"><title>TUSHY RAW VOL.30</title><date></date><icon src="https://m7be2.solocoo.tv/m7be2iphone/mmchan/mpimages/260x145/mzUMqPChdW4LmpYKUd99gQ.jpg"></icon><desc></desc><category></category></programme><programme channel="GuWcT5XzyK01Z74TLsufoJ0VThHsJ_K9S6eG8XEg" start="20230108160400 +0000" stop="20230108165600 +0000" catchup-id="6hpQzeYc3EVIJEsIBTVY13xhHfiKYUc1jxtAMxkB"><title>TORI</title><date></date><icon src="https://m7be2.solocoo.tv/m7be2iphone/mmchan/mpimages/260x145/mzUMqPChdW4LmpYKUd99gQ.jpg"></icon><desc></desc><category></category></programme><programme channel="GuWcT5XzyK01Z74TLsufoJ0VThHsJ_K9S6eG8XEg" start="20230108165600 +0000" stop="20230108192200 +0000" catchup-id="TmYQFcwyN3snvRpR-xx32Nsg8qZIIg2uAoeaNwS4"><title>BADDIES VOL.2</title><date></date><icon src="https://m7be2.solocoo.tv/m7be2iphone/mmchan/mpimages/260x145/9jdrBk_sSvH3vAXQsWJw4A.jpg"></icon><desc></desc><category></category></programme><programme channel="GuWcT5XzyK01Z74TLsufoJ0VThHsJ_K9S6eG8XEg" start="20230108192200 +0000" stop="20230108192900 +0000" catchup-id="c8CwLnX62wJmzQTnnhbnYPBoIHkQ0ovyHBM-6TD3"><title>KENNA JAMES &amp; VICKI CHASE</title><date></date><icon src="https://m7be2.solocoo.tv/m7be2iphone/mmchan/mpimages/260x145/O17wo5jkE6DvyVgaT1_f0w.jpg"></icon><desc></desc><category></category></programme><programme channel="GuWcT5XzyK01Z74TLsufoJ0VThHsJ_K9S6eG8XEg" start="20230108192900 +0000" stop="20230108224200 +0000" catchup-id="l4t3y9GgSB2EjRW9hqHCWIYZ46LsJo7mOAz0Zciz"><title>ANAL THREESOMES VOL.9</title><date></date><icon src="https://m7be2.solocoo.tv/m7be2iphone/mmchan/mpimages/260x145/XlaSfs_MlDJ6Z_1sjISOBw.jpg"></icon><desc></desc><category></category></programme><programme channel="GuWcT5XzyK01Z74TLsufoJ0VThHsJ_K9S6eG8XEg" start="20230108224200 +0000" stop="20230108224700 +0000" catchup-id="bzSSEycgCHdEhlAr9W58Cp4twIzESADqvtATtLg2"><title>ELSA JEAN &amp; IVY WOLFE</title><date></date><icon src="https://m7be2.solocoo.tv/m7be2iphone/mmchan/mpimages/260x145/VlyXDSepLD8T78vAr-LSsg.jpg"></icon><desc></desc><category></category></programme><programme channel="GuWcT5XzyK01Z74TLsufoJ0VThHsJ_K9S6eG8XEg" start="20230108224700 +0000" stop="20230108230000 +0000" catchup-id="0gMSRiaUkVBZz7k9_F2IRPtEuQU6OgYGltQtJrPZ"><title>RILEY REID AND GABBIE CARTER</title><date></date><icon src="https://m7be2.solocoo.tv/m7be2iphone/mmchan/mpimages/260x145/RPvy6kuOIHbF7BJYmMkujQ.jpg"></icon><desc></desc><category></category></programme><programme channel="GuWcT5XzyK01Z74TLsufoJ0VThHsJ_K9S6eG8XEg" start="20230108230000 +0000" stop="20230109014600 +0000" catchup-id="-4GDuUCKC8_twdNaAhX0NKQv9WVxLoSIFdkF8_29"><title>BLACKED RAW VOL.42</title><date></date><icon src="https://m7be2.solocoo.tv/m7be2iphone/mmchan/mpimages/260x145/RPvy6kuOIHbF7BJYmMkujQ.jpg"></icon><desc></desc><category></category></programme><programme channel="GuWcT5XzyK01Z74TLsufoJ0VThHsJ_K9S6eG8XEg" start="20230109014600 +0000" stop="20230109014800 +0000" catchup-id="RVaEq5ulnI1_VjOnQneekMilTVQX73HJOJfVXSUo"><title>VIXEN ANGEL : NICOLE ANISTON</title><date></date><icon src="https://m7be2.solocoo.tv/m7be2iphone/mmchan/mpimages/260x145/iZJpT5yGeSfdmU-SZvSBvg.jpg"></icon><desc></desc><category></category></programme><programme channel="GuWcT5XzyK01Z74TLsufoJ0VThHsJ_K9S6eG8XEg" start="20230109014800 +0000" stop="20230109041800 +0000" catchup-id="wQK_tZR3botLDVTTW6iQWlKG1ek84gepfvQEsdPN"><title>UP TO AND INCLUDING HER LIMITS VOL.2</title><date></date><icon src="https://m7be2.solocoo.tv/m7be2iphone/mmchan/mpimages/260x145/O17wo5jkE6DvyVgaT1_f0w.jpg"></icon><desc></desc><category></category></programme><programme channel="GuWcT5XzyK01Z74TLsufoJ0VThHsJ_K9S6eG8XEg" start="20230109041800 +0000" stop="20230109045800 +0000" catchup-id="7Ca_y8kC8N3ZRwxtC1J69WjeRHtpyo7-efr-Rncu"><title>PERVERSES ET INFIDELES - PART II</title><date></date><icon src="https://m7be2.solocoo.tv/m7be2iphone/mmchan/mpimages/260x145/jzBpqRKNUUsGVOTkXx8Q2A.jpg"></icon><desc></desc><category></category></programme><programme channel="GuWcT5XzyK01Z74TLsufoJ0VThHsJ_K9S6eG8XEg" start="20230109045800 +0000" stop="20230109075300 +0000" catchup-id="S9EpdDgYRnHn7pvXc4J1kfuMaIfCn6_y2-NPCdCr"><title>THREESOME FANTASIES VOL.11</title><date></date><icon src="https://m7be2.solocoo.tv/m7be2iphone/mmchan/mpimages/260x145/JH_IhhmYOLTVtJtyaivcGA.jpg"></icon><desc></desc><category></category></programme><programme channel="GuWcT5XzyK01Z74TLsufoJ0VThHsJ_K9S6eG8XEg" start="20230109075300 +0000" stop="20230109075800 +0000" catchup-id="je_V_Ti9nr5d8VQesbZ-AeRhywdWT3FCfQjh4Jbr"><title>KENZIE ANNE</title><date></date><icon src="https://m7be2.solocoo.tv/m7be2iphone/mmchan/mpimages/260x145/XlaSfs_MlDJ6Z_1sjISOBw.jpg"></icon><desc></desc><category></category></programme><programme channel="GuWcT5XzyK01Z74TLsufoJ0VThHsJ_K9S6eG8XEg" start="20230109075800 +0000" stop="20230109104700 +0000" catchup-id="5rdi-trlYrFZX75gXu62gwy_pYryYsqCT2NAgNIn"><title>MATURE ANAL VOL.2 / MATURE ANAL VOL.2</title><date></date><icon src="https://m7be2.solocoo.tv/m7be2iphone/mmchan/mpimages/260x145/4RxWUCb12eikSfAUt3Avng.jpg"></icon><desc></desc><category></category></programme><programme channel="GuWcT5XzyK01Z74TLsufoJ0VThHsJ_K9S6eG8XEg" start="20230109104700 +0000" stop="20230109105200 +0000" catchup-id="XVJpmw5HR5Co8mWbDTlGDICVgxQYxbtliFH0gA49"><title>CECILIA LION</title><date></date><icon src="https://m7be2.solocoo.tv/m7be2iphone/mmchan/mpimages/260x145/PtKoEp3ajPBqP3RGfmZ8kg.jpg"></icon><desc></desc><category></category></programme><programme channel="GuWcT5XzyK01Z74TLsufoJ0VThHsJ_K9S6eG8XEg" start="20230109105200 +0000" stop="20230109105600 +0000" catchup-id="f-H_c1EnxQUeE0LaXBkB1O8cKV_r6QDxt8uYq6uN"><title>LEAH WINTERS</title><date></date><icon src="https://m7be2.solocoo.tv/m7be2iphone/mmchan/mpimages/260x145/6RZTI86QYeXNwca4lBZzKw.jpg"></icon><desc></desc><category></category></programme><programme channel="GuWcT5XzyK01Z74TLsufoJ0VThHsJ_K9S6eG8XEg" start="20230109105600 +0000" stop="20230109130200 +0000" catchup-id="GbaZifWaowckRl33gLmcdzOnF-EJycwSzBUG1hIl"><title>MILF VOL.1</title><date></date><icon src="https://m7be2.solocoo.tv/m7be2iphone/mmchan/mpimages/260x145/QXeqW06wvyZAGj4EqfCNzA.jpg"></icon><desc></desc><category></category></programme><programme channel="GuWcT5XzyK01Z74TLsufoJ0VThHsJ_K9S6eG8XEg" start="20230109130200 +0000" stop="20230109130700 +0000" catchup-id="cLDo21MX4JEKf2_Of7XJsjRiT0Q0k5HiYNP9Ng61"><title>BTS - GABBIE CARTER</title><date></date><icon src="https://m7be2.solocoo.tv/m7be2iphone/mmchan/mpimages/260x145/VlyXDSepLD8T78vAr-LSsg.jpg"></icon><desc></desc><category></category></programme><programme channel="GuWcT5XzyK01Z74TLsufoJ0VThHsJ_K9S6eG8XEg" start="20230109130700 +0000" stop="20230109153800 +0000" catchup-id="KqnPu9Y5UKUnb0Xnyt9Fy-Faw8m9_DQkPfRkOd_e"><title>CRAVINGS VOL.1 / CRAVINGS VOL.1</title><date></date><icon src="https://m7be2.solocoo.tv/m7be2iphone/mmchan/mpimages/260x145/mzUMqPChdW4LmpYKUd99gQ.jpg"></icon><desc></desc><category></category></programme><programme channel="GuWcT5XzyK01Z74TLsufoJ0VThHsJ_K9S6eG8XEg" start="20230109153800 +0000" stop="20230109161700 +0000" catchup-id="6Iz2W0RkbvGp9f9S-1tldfQxX2peXjg_rqGlSiPO"><title>BEAUTE ANALE - PART III</title><date></date><icon src="https://m7be2.solocoo.tv/m7be2iphone/mmchan/mpimages/260x145/iZJpT5yGeSfdmU-SZvSBvg.jpg"></icon><desc></desc><category></category></programme><programme channel="GuWcT5XzyK01Z74TLsufoJ0VThHsJ_K9S6eG8XEg" start="20230109161700 +0000" stop="20230109165600 +0000" catchup-id="5itaGfpQOpb-aVqN4cD9pqEkDpNdMT147M55M5UA"><title>ANYA</title><date></date><icon src="https://m7be2.solocoo.tv/m7be2iphone/mmchan/mpimages/260x145/mzUMqPChdW4LmpYKUd99gQ.jpg"></icon><desc></desc><category></category></programme><programme channel="GuWcT5XzyK01Z74TLsufoJ0VThHsJ_K9S6eG8XEg" start="20230109165600 +0000" stop="20230109192600 +0000" catchup-id="rjCzrFA_2qbXM7OURtFTMmCDnHNRL9fmw3LVmATP"><title>TUSHY RAW VOL.30</title><date></date><icon src="https://m7be2.solocoo.tv/m7be2iphone/mmchan/mpimages/260x145/jzBpqRKNUUsGVOTkXx8Q2A.jpg"></icon><desc></desc><category></category></programme><programme channel="GuWcT5XzyK01Z74TLsufoJ0VThHsJ_K9S6eG8XEg" start="20230109192600 +0000" stop="20230109193100 +0000" catchup-id="kONp1OGHbC5neauSLrqLugcVEHLj9MqH1Pp6Z70L"><title>LULU CHU</title><date></date><icon src="https://m7be2.solocoo.tv/m7be2iphone/mmchan/mpimages/260x145/OHCo9BPRpJyx8t8wR43t9A.jpg"></icon><desc></desc><category></category></programme><programme channel="GuWcT5XzyK01Z74TLsufoJ0VThHsJ_K9S6eG8XEg" start="20230109193100 +0000" stop="20230109215700 +0000" catchup-id="eB3S7nmHE8qn7Gi3a4hHSb7mEJeh24JIhzH-mpXt"><title>BADDIES VOL.2</title><date></date><icon src="https://m7be2.solocoo.tv/m7be2iphone/mmchan/mpimages/260x145/9jdrBk_sSvH3vAXQsWJw4A.jpg"></icon><desc></desc><category></category></programme><programme channel="GuWcT5XzyK01Z74TLsufoJ0VThHsJ_K9S6eG8XEg" start="20230109215700 +0000" stop="20230109230000 +0000" catchup-id="VR2orFLUxRaSe-3VOELY5hnDGNJ7HxhICK1ejJuf"><title>NATURAL BEAUTIES VOL. 10 - PART III</title><date></date><icon src="https://m7be2.solocoo.tv/m7be2iphone/mmchan/mpimages/260x145/9RkzUcTZ_c2ph4L6ubBCxw.jpg"></icon><desc></desc><category></category></programme><programme channel="GuWcT5XzyK01Z74TLsufoJ0VThHsJ_K9S6eG8XEg" start="20230109230000 +0000" stop="20230110013700 +0000" catchup-id="sBZFR0gLER12RyDDM_dAcCuplpjA6sguNO8f1_9A"><title>DRIP VOL.1</title><date></date><icon src="https://m7be2.solocoo.tv/m7be2iphone/mmchan/mpimages/260x145/RPvy6kuOIHbF7BJYmMkujQ.jpg"></icon><desc></desc><category></category></programme><programme channel="GuWcT5XzyK01Z74TLsufoJ0VThHsJ_K9S6eG8XEg" start="20230110013700 +0000" stop="20230110042300 +0000" catchup-id="Hjc-8V-EL1z0ZwFyOn5pQLkUiAFTQB8xGjUrqoO1"><title>BLACKED RAW VOL.42</title><date></date><icon src="https://m7be2.solocoo.tv/m7be2iphone/mmchan/mpimages/260x145/XlaSfs_MlDJ6Z_1sjISOBw.jpg"></icon><desc></desc><category></category></programme><programme channel="GuWcT5XzyK01Z74TLsufoJ0VThHsJ_K9S6eG8XEg" start="20230110042300 +0000" stop="20230110045900 +0000" catchup-id="Z6ANry9cGdpcpKrJMoULCxnHIWj0UFMUcF4cGchX"><title>CRYSTAL</title><date></date><icon src="https://m7be2.solocoo.tv/m7be2iphone/mmchan/mpimages/260x145/mzUMqPChdW4LmpYKUd99gQ.jpg"></icon><desc></desc><category></category></programme><programme channel="GuWcT5XzyK01Z74TLsufoJ0VThHsJ_K9S6eG8XEg" start="20230110045900 +0000" stop="20230110072900 +0000" catchup-id="-D97-QcgW_zuWIYYvvVOc_F7us3SaHWy7LMICDO-"><title>UP TO AND INCLUDING HER LIMITS VOL.2</title><date></date><icon src="https://m7be2.solocoo.tv/m7be2iphone/mmchan/mpimages/260x145/PtKoEp3ajPBqP3RGfmZ8kg.jpg"></icon><desc></desc><category></category></programme><programme channel="GuWcT5XzyK01Z74TLsufoJ0VThHsJ_K9S6eG8XEg" start="20230110072900 +0000" stop="20230110073400 +0000" catchup-id="-AbG7sVvOEqMxnZuuvWcfjMlaHjMiYNmJdqeIR03"><title>AVERY CRISTY &amp; VANNA BARDOT</title><date></date><icon src="https://m7be2.solocoo.tv/m7be2iphone/mmchan/mpimages/260x145/VlyXDSepLD8T78vAr-LSsg.jpg"></icon><desc></desc><category></category></programme><programme channel="GuWcT5XzyK01Z74TLsufoJ0VThHsJ_K9S6eG8XEg" start="20230110073400 +0000" stop="20230110102900 +0000" catchup-id="F0VTaj2jy2jUDXe575Wlb4tKy7cRzmyUI7v3WzJE"><title>THREESOME FANTASIES VOL.11</title><date></date><icon src="https://m7be2.solocoo.tv/m7be2iphone/mmchan/mpimages/260x145/iZJpT5yGeSfdmU-SZvSBvg.jpg"></icon><desc></desc><category></category></programme><programme channel="GuWcT5XzyK01Z74TLsufoJ0VThHsJ_K9S6eG8XEg" start="20230110102900 +0000" stop="20230110105800 +0000" catchup-id="8BwqEIwGpRibOf4cWMO4kjfrKxtV9AfeP8SvqLgZ"><title>ELENA</title><date></date><icon src="https://m7be2.solocoo.tv/m7be2iphone/mmchan/mpimages/260x145/O17wo5jkE6DvyVgaT1_f0w.jpg"></icon><desc></desc><category></category></programme><programme channel="GuWcT5XzyK01Z74TLsufoJ0VThHsJ_K9S6eG8XEg" start="20230110105800 +0000" stop="20230110134700 +0000" catchup-id="4GVjPzwHdpbIjNEgvVwsfA01Tx5RJS34ThhkUkfq"><title>MATURE ANAL VOL.2 / MATURE ANAL VOL.2</title><date></date><icon src="https://m7be2.solocoo.tv/m7be2iphone/mmchan/mpimages/260x145/9jdrBk_sSvH3vAXQsWJw4A.jpg"></icon><desc></desc><category></category></programme><programme channel="GuWcT5XzyK01Z74TLsufoJ0VThHsJ_K9S6eG8XEg" start="20230110134700 +0000" stop="20230110135300 +0000" catchup-id="3-BG4Y7JUlex4mDSida6V3s5OznIfwODHZDrjdNo"><title>ARIANA MARIE &amp; SCARLIT SCANDAL</title><date></date><icon src="https://m7be2.solocoo.tv/m7be2iphone/mmchan/mpimages/260x145/JH_IhhmYOLTVtJtyaivcGA.jpg"></icon><desc></desc><category></category></programme><programme channel="GuWcT5XzyK01Z74TLsufoJ0VThHsJ_K9S6eG8XEg" start="20230110135300 +0000" stop="20230110155900 +0000" catchup-id="eiGhTzj0ZCkcYDecQgFgc_BqvTTdzAqpmFTiNIO0"><title>MILF VOL.1</title><date></date><icon src="https://m7be2.solocoo.tv/m7be2iphone/mmchan/mpimages/260x145/6RZTI86QYeXNwca4lBZzKw.jpg"></icon><desc></desc><category></category></programme><programme channel="GuWcT5XzyK01Z74TLsufoJ0VThHsJ_K9S6eG8XEg" start="20230110155900 +0000" stop="20230110164900 +0000" catchup-id="P5SFsf5ixU79C9D0239FaUihHKBm_GeaDhx-wTy0"><title>BLACKEDRAW VOL.23 - PART 1</title><date></date><icon src="https://m7be2.solocoo.tv/m7be2iphone/mmchan/mpimages/260x145/QXeqW06wvyZAGj4EqfCNzA.jpg"></icon><desc></desc><category></category></programme><programme channel="GuWcT5XzyK01Z74TLsufoJ0VThHsJ_K9S6eG8XEg" start="20230110164900 +0000" stop="20230110165500 +0000" catchup-id="I0LxmQtv-AUpHlBjQDCKUMG_utHKsZJRzB7V5viW"><title>AVERY CRISTY &amp; NAOMI SWANN</title><date></date><icon src="https://m7be2.solocoo.tv/m7be2iphone/mmchan/mpimages/260x145/XlaSfs_MlDJ6Z_1sjISOBw.jpg"></icon><desc></desc><category></category></programme><programme channel="GuWcT5XzyK01Z74TLsufoJ0VThHsJ_K9S6eG8XEg" start="20230110165500 +0000" stop="20230110165700 +0000" catchup-id="XdvMFu6xRRVKw4suHoXco720vzY7rpkzRTFP0-nb"><title>VIXEN ANGEL : SCARLIT SCANDAL</title><date></date><icon src="https://m7be2.solocoo.tv/m7be2iphone/mmchan/mpimages/260x145/OHCo9BPRpJyx8t8wR43t9A.jpg"></icon><desc></desc><category></category></programme><programme channel="GuWcT5XzyK01Z74TLsufoJ0VThHsJ_K9S6eG8XEg" start="20230110165700 +0000" stop="20230110192800 +0000" catchup-id="iTleklLw8XOKOUSRMcmIJS6ItKJankw2eLY403VZ"><title>CRAVINGS VOL.1 / CRAVINGS VOL.1</title><date></date><icon src="https://m7be2.solocoo.tv/m7be2iphone/mmchan/mpimages/260x145/mzUMqPChdW4LmpYKUd99gQ.jpg"></icon><desc></desc><category></category></programme><programme channel="GuWcT5XzyK01Z74TLsufoJ0VThHsJ_K9S6eG8XEg" start="20230110192800 +0000" stop="20230110193300 +0000" catchup-id="7TkUxvdOxSGDlMkAeV_CeHjlZi0k6QS0SWMhbTqc"><title>AVERY CRISTY</title><date></date><icon src="https://m7be2.solocoo.tv/m7be2iphone/mmchan/mpimages/260x145/4RxWUCb12eikSfAUt3Avng.jpg"></icon><desc></desc><category></category></programme><programme channel="GuWcT5XzyK01Z74TLsufoJ0VThHsJ_K9S6eG8XEg" start="20230110193300 +0000" stop="20230110220300 +0000" catchup-id="RwjZD5NQe6Slu1YDozOS5MOL7KowthRGbAy5JSD0"><title>TUSHY RAW VOL.30</title><date></date><icon src="https://m7be2.solocoo.tv/m7be2iphone/mmchan/mpimages/260x145/9RkzUcTZ_c2ph4L6ubBCxw.jpg"></icon><desc></desc><category></category></programme><programme channel="GuWcT5XzyK01Z74TLsufoJ0VThHsJ_K9S6eG8XEg" start="20230110220300 +0000" stop="20230110230000 +0000" catchup-id="K49C9jwu687kDCJ1lU8kColw6-u4HSvJrcL775go"><title>TORI</title><date></date><icon src="https://m7be2.solocoo.tv/m7be2iphone/mmchan/mpimages/260x145/jzBpqRKNUUsGVOTkXx8Q2A.jpg"></icon><desc></desc><category></category></programme><programme channel="GuWcT5XzyK01Z74TLsufoJ0VThHsJ_K9S6eG8XEg" start="20230110230000 +0000" stop="20230111013500 +0000" catchup-id="gJBBLivmMKI-QccKlEdNtYu1xQZd6D8klrJIHAaj"><title>FIRST ANAL VOL.11 / REVES DE SODOMIE VOL.2</title><date></date><icon src="https://m7be2.solocoo.tv/m7be2iphone/mmchan/mpimages/260x145/XlaSfs_MlDJ6Z_1sjISOBw.jpg"></icon><desc></desc><category></category></programme><programme channel="GuWcT5XzyK01Z74TLsufoJ0VThHsJ_K9S6eG8XEg" start="20230111013500 +0000" stop="20230111014000 +0000" catchup-id="n7jG9Ne6eQCuyHdcuyCe1HOrZAfRQbHf_HbQ1k--"><title>BREE DANIELS</title><date></date><icon src="https://m7be2.solocoo.tv/m7be2iphone/mmchan/mpimages/260x145/O17wo5jkE6DvyVgaT1_f0w.jpg"></icon><desc></desc><category></category></programme><programme channel="GuWcT5XzyK01Z74TLsufoJ0VThHsJ_K9S6eG8XEg" start="20230111014000 +0000" stop="20230111041600 +0000" catchup-id="uDvklgXW7KUc5Lfk1Rr8do7XF_TCkcZTE8zhZjpy"><title>DRIP VOL.1</title><date></date><icon src="https://m7be2.solocoo.tv/m7be2iphone/mmchan/mpimages/260x145/QXeqW06wvyZAGj4EqfCNzA.jpg"></icon><desc></desc><category></category></programme><programme channel="GuWcT5XzyK01Z74TLsufoJ0VThHsJ_K9S6eG8XEg" start="20230111041600 +0000" stop="20230111045900 +0000" catchup-id="BdayT0ys0RR2bnDScTruT3s5_e4e3KZ-U5xFZc1n"><title>UNLOCKED</title><date></date><icon src="https://m7be2.solocoo.tv/m7be2iphone/mmchan/mpimages/260x145/6RZTI86QYeXNwca4lBZzKw.jpg"></icon><desc></desc><category></category></programme><programme channel="GuWcT5XzyK01Z74TLsufoJ0VThHsJ_K9S6eG8XEg" start="20230111045900 +0000" stop="20230111074600 +0000" catchup-id="5yJ6cx_59YBEGcjRyOOdICXNKT6rJdcZoBihysTL"><title>BLACKED RAW VOL.42</title><date></date><icon src="https://m7be2.solocoo.tv/m7be2iphone/mmchan/mpimages/260x145/VlyXDSepLD8T78vAr-LSsg.jpg"></icon><desc></desc><category></category></programme><programme channel="GuWcT5XzyK01Z74TLsufoJ0VThHsJ_K9S6eG8XEg" start="20230111074600 +0000" stop="20230111074800 +0000" catchup-id="sxfoYw-XdVKX435SAXqhjK2USruxHS0uNpDubvFQ"><title>VIXEN ANGEL : NICOLE ANISTON</title><date></date><icon src="https://m7be2.solocoo.tv/m7be2iphone/mmchan/mpimages/260x145/JH_IhhmYOLTVtJtyaivcGA.jpg"></icon><desc></desc><category></category></programme><programme channel="GuWcT5XzyK01Z74TLsufoJ0VThHsJ_K9S6eG8XEg" start="20230111074800 +0000" stop="20230111101800 +0000" catchup-id="Mj1sB_KU4dK8jqHSijKR2icTbhMHWwhFmkK4jYZy"><title>UP TO AND INCLUDING HER LIMITS VOL.2</title><date></date><icon src="https://m7be2.solocoo.tv/m7be2iphone/mmchan/mpimages/260x145/jzBpqRKNUUsGVOTkXx8Q2A.jpg"></icon><desc></desc><category></category></programme><programme channel="GuWcT5XzyK01Z74TLsufoJ0VThHsJ_K9S6eG8XEg" start="20230111101800 +0000" stop="20230111105700 +0000" catchup-id="YywBNs5G2H3FaW2cRhFDqEXbrnu74yb6K_2mgwe2"><title>PERVERSES ET INFIDELES - PART II</title><date></date><icon src="https://m7be2.solocoo.tv/m7be2iphone/mmchan/mpimages/260x145/VlyXDSepLD8T78vAr-LSsg.jpg"></icon><desc></desc><category></category></programme><programme channel="GuWcT5XzyK01Z74TLsufoJ0VThHsJ_K9S6eG8XEg" start="20230111105700 +0000" stop="20230111135200 +0000" catchup-id="f--JIYLHBO_XJS9NkF8eFkDT04Ygpi2g8_uyw52F"><title>THREESOME FANTASIES VOL.11</title><date></date><icon src="https://m7be2.solocoo.tv/m7be2iphone/mmchan/mpimages/260x145/9jdrBk_sSvH3vAXQsWJw4A.jpg"></icon><desc></desc><category></category></programme><programme channel="GuWcT5XzyK01Z74TLsufoJ0VThHsJ_K9S6eG8XEg" start="20230111135200 +0000" stop="20230111135700 +0000" catchup-id="qSxVXeyXfHxRb9KuSJmak96UupILk9v_FWVN6Epa"><title>KENZIE ANNE</title><date></date><icon src="https://m7be2.solocoo.tv/m7be2iphone/mmchan/mpimages/260x145/OHCo9BPRpJyx8t8wR43t9A.jpg"></icon><desc></desc><category></category></programme><programme channel="GuWcT5XzyK01Z74TLsufoJ0VThHsJ_K9S6eG8XEg" start="20230111135700 +0000" stop="20230111164600 +0000" catchup-id="rjBF0Sh92skm2_DqykCSTnTgQ_0Y-dILNJqMyKWN"><title>MATURE ANAL VOL.2 / MATURE ANAL VOL.2</title><date></date><icon src="https://m7be2.solocoo.tv/m7be2iphone/mmchan/mpimages/260x145/RPvy6kuOIHbF7BJYmMkujQ.jpg"></icon><desc></desc><category></category></programme><programme channel="GuWcT5XzyK01Z74TLsufoJ0VThHsJ_K9S6eG8XEg" start="20230111164600 +0000" stop="20230111165100 +0000" catchup-id="fKtTHjDZPWEa0JrqCZ00aU31edXH7sCDev5S3CkS"><title>CECILIA LION</title><date></date><icon src="https://m7be2.solocoo.tv/m7be2iphone/mmchan/mpimages/260x145/9RkzUcTZ_c2ph4L6ubBCxw.jpg"></icon><desc></desc><category></category></programme><programme channel="GuWcT5XzyK01Z74TLsufoJ0VThHsJ_K9S6eG8XEg" start="20230111165100 +0000" stop="20230111165500 +0000" catchup-id="aE21C6dWxyI_30Xk3swFsLtlU5FeOWFY6PuaQ4nV"><title>LEAH WINTERS</title><date></date><icon src="https://m7be2.solocoo.tv/m7be2iphone/mmchan/mpimages/260x145/JH_IhhmYOLTVtJtyaivcGA.jpg"></icon><desc></desc><category></category></programme><programme channel="GuWcT5XzyK01Z74TLsufoJ0VThHsJ_K9S6eG8XEg" start="20230111165500 +0000" stop="20230111190200 +0000" catchup-id="7YadEY2XWXzA7h8hyJG81GkyK21GOHaPXXWsGPuw"><title>MILF VOL.1</title><date></date><icon src="https://m7be2.solocoo.tv/m7be2iphone/mmchan/mpimages/260x145/iZJpT5yGeSfdmU-SZvSBvg.jpg"></icon><desc></desc><category></category></programme><programme channel="GuWcT5XzyK01Z74TLsufoJ0VThHsJ_K9S6eG8XEg" start="20230111190200 +0000" stop="20230111190700 +0000" catchup-id="XERuMDZZ9CpGk7OjLaYTvKMA_aIKoibiWTgYCjPS"><title>BTS - GABBIE CARTER</title><date></date><icon src="https://m7be2.solocoo.tv/m7be2iphone/mmchan/mpimages/260x145/4RxWUCb12eikSfAUt3Avng.jpg"></icon><desc></desc><category></category></programme><programme channel="GuWcT5XzyK01Z74TLsufoJ0VThHsJ_K9S6eG8XEg" start="20230111190700 +0000" stop="20230111213700 +0000" catchup-id="9jFXTr_gRj2APslJynWKx2x-a0LP2mWIDd9g4bL-"><title>CRAVINGS VOL.1 / CRAVINGS VOL.1</title><date></date><icon src="https://m7be2.solocoo.tv/m7be2iphone/mmchan/mpimages/260x145/PtKoEp3ajPBqP3RGfmZ8kg.jpg"></icon><desc></desc><category></category></programme><programme channel="GuWcT5XzyK01Z74TLsufoJ0VThHsJ_K9S6eG8XEg" start="20230111213700 +0000" stop="20230111221700 +0000" catchup-id="_ahEQhwGmvP9MKZvKBjL7F5XSNZFdvOeBrlLEa-u"><title>BEAUTE ANALE - PART III</title><date></date><icon src="https://m7be2.solocoo.tv/m7be2iphone/mmchan/mpimages/260x145/mzUMqPChdW4LmpYKUd99gQ.jpg"></icon><desc></desc><category></category></programme><programme channel="GuWcT5XzyK01Z74TLsufoJ0VThHsJ_K9S6eG8XEg" start="20230111221700 +0000" stop="20230111230000 +0000" catchup-id="MoytbOaWoCORQ6nnKhiXzotx89cf1ZFKfBA5vkzd"><title>ANYA</title><date></date><icon src="https://m7be2.solocoo.tv/m7be2iphone/mmchan/mpimages/260x145/QXeqW06wvyZAGj4EqfCNzA.jpg"></icon><desc></desc><category></category></programme>