<programme channel="BFKX-rwOIt-AB-ZgXHYaezFanZ5_q83BxK91ojNw" start="20221228230000 +0000" stop="20221229050000 +0000" catchup-id="u1VfrHWzvRbPgxkQVbbXgiuL2WSd-nmW35qMXDvh"><title>Moonlight Melodies</title><date></date><icon src="https://m7be2.solocoo.tv/m7be2iphone/mmchan/mpimages/208x308/PLUKblm1lLz3HdR87s4vsg.jpg"></icon><desc></desc><category></category></programme><programme channel="BFKX-rwOIt-AB-ZgXHYaezFanZ5_q83BxK91ojNw" start="20221229050000 +0000" stop="20221229090000 +0000" catchup-id="QDyOvzUA6P-fL7ybtZbh2ncufjyUE3-c2pd6l8k_"><title>Dawn Chorus</title><date></date><icon src="https://m7be2.solocoo.tv/m7be2iphone/mmchan/mpimages/208x308/dYfNfbOTrtPTJ0OBuVg_Qw.jpg"></icon><desc></desc><category></category></programme><programme channel="BFKX-rwOIt-AB-ZgXHYaezFanZ5_q83BxK91ojNw" start="20221229090000 +0000" stop="20221229100000 +0000" catchup-id="Pw44JfqnCizwKp47iM9qXcgOK3Wfbg2GGoe-x3ei"><title>Simply Strings</title><date></date><icon src="https://m7be2.solocoo.tv/m7be2iphone/mmchan/mpimages/208x308/8KFV_f8HNIDHHMtLqi2vOg.jpg"></icon><desc></desc><category></category></programme><programme channel="BFKX-rwOIt-AB-ZgXHYaezFanZ5_q83BxK91ojNw" start="20221229100000 +0000" stop="20221229110000 +0000" catchup-id="9UlERhtpO1xFxP5mHjdO7i5wmmdOnzZROts0rCmv"><title>Tenors &amp; Divas</title><date></date><icon src="https://m7be2.solocoo.tv/m7be2iphone/mmchan/mpimages/208x308/NozFDHeIOpCN2O6NZQoxLg.jpg"></icon><desc></desc><category></category></programme><programme channel="BFKX-rwOIt-AB-ZgXHYaezFanZ5_q83BxK91ojNw" start="20221229110000 +0000" stop="20221229120000 +0000" catchup-id="WT9z_LxA3mJj-uDM_1fFQDIVHQoB90uRRl74Rpsz"><title>Hall of Fame</title><date></date><icon src="https://m7be2.solocoo.tv/m7be2iphone/mmchan/mpimages/208x308/-ykD9zMHOMAiwBpGRMg4IA.jpg"></icon><desc></desc><category></category></programme><programme channel="BFKX-rwOIt-AB-ZgXHYaezFanZ5_q83BxK91ojNw" start="20221229120000 +0000" stop="20221229160000 +0000" catchup-id="xrdMh_foHXlgMjEPw1o0SQNQxQDv6rckZuPgtK4k"><title>Afternoon Overture</title><date></date><icon src="https://m7be2.solocoo.tv/m7be2iphone/mmchan/mpimages/208x308/KM5eD8fMzwPnZMwn_yH9fw.jpg"></icon><desc></desc><category></category></programme><programme channel="BFKX-rwOIt-AB-ZgXHYaezFanZ5_q83BxK91ojNw" start="20221229160000 +0000" stop="20221229170000 +0000" catchup-id="jw5HKMvVwJCP2VQseXRG-Mjdbil9HFCmIFn1jq_6"><title>Simply Strings</title><date></date><icon src="https://m7be2.solocoo.tv/m7be2iphone/mmchan/mpimages/208x308/8KFV_f8HNIDHHMtLqi2vOg.jpg"></icon><desc></desc><category></category></programme><programme channel="BFKX-rwOIt-AB-ZgXHYaezFanZ5_q83BxK91ojNw" start="20221229170000 +0000" stop="20221229180000 +0000" catchup-id="omFiLQdRaWzj-uNu6tp9Wj-kDxLxNJVVCycBcW9R"><title>Pure Piano</title><date></date><icon src="https://m7be2.solocoo.tv/m7be2iphone/mmchan/mpimages/208x308/SYvYqLEStKblQ_9V_cuXUQ.jpg"></icon><desc></desc><category></category></programme><programme channel="BFKX-rwOIt-AB-ZgXHYaezFanZ5_q83BxK91ojNw" start="20221229180000 +0000" stop="20221229190000 +0000" catchup-id="K8fsxJhjyHktnW6OqkcBsrC-Cup4dCa1ZL38KWcA"><title>CMusic Rewind: Best of 2022</title><date></date><icon src="https://m7be2.solocoo.tv/m7be2iphone/mmchan/mpimages/208x308/ze5b93ieqXGwbdr9y-5Apw.jpg"></icon><desc></desc><category></category></programme><programme channel="BFKX-rwOIt-AB-ZgXHYaezFanZ5_q83BxK91ojNw" start="20221229190000 +0000" stop="20221229200000 +0000" catchup-id="HoNN-QsU7cOSqFivFhARXRkH-ru-jPhyCYOSyril"><title>Hall of Fame</title><date></date><icon src="https://m7be2.solocoo.tv/m7be2iphone/mmchan/mpimages/208x308/-ykD9zMHOMAiwBpGRMg4IA.jpg"></icon><desc></desc><category></category></programme><programme channel="BFKX-rwOIt-AB-ZgXHYaezFanZ5_q83BxK91ojNw" start="20221229200000 +0000" stop="20221229230000 +0000" catchup-id="CkROE7pKW5Mjhc5MQfZfjlya1cuitedda8QV_vaE"><title>Evening Encore</title><date></date><icon src="https://m7be2.solocoo.tv/m7be2iphone/mmchan/mpimages/208x308/MeyibRsg7jy9aFmpwMmBBg.jpg"></icon><desc></desc><category></category></programme><programme channel="BFKX-rwOIt-AB-ZgXHYaezFanZ5_q83BxK91ojNw" start="20221229230000 +0000" stop="20221230050000 +0000" catchup-id="rC_CcpGUs3M2YggACgI1ARGxE8WipItJr_54XWTi"><title>Moonlight Melodies</title><date></date><icon src="https://m7be2.solocoo.tv/m7be2iphone/mmchan/mpimages/208x308/PLUKblm1lLz3HdR87s4vsg.jpg"></icon><desc></desc><category></category></programme><programme channel="BFKX-rwOIt-AB-ZgXHYaezFanZ5_q83BxK91ojNw" start="20221230050000 +0000" stop="20221230090000 +0000" catchup-id="U4332VWk92GTAEZ9FMDuRrHyLQ_7qDumU4mmF8qj"><title>Dawn Chorus</title><date></date><icon src="https://m7be2.solocoo.tv/m7be2iphone/mmchan/mpimages/208x308/dYfNfbOTrtPTJ0OBuVg_Qw.jpg"></icon><desc></desc><category></category></programme><programme channel="BFKX-rwOIt-AB-ZgXHYaezFanZ5_q83BxK91ojNw" start="20221230090000 +0000" stop="20221230100000 +0000" catchup-id="st7nEskpjXcQ_VsnNAo4NtluPNHIMRRK5RN4XDm6"><title>Simply Strings</title><date></date><icon src="https://m7be2.solocoo.tv/m7be2iphone/mmchan/mpimages/208x308/8KFV_f8HNIDHHMtLqi2vOg.jpg"></icon><desc></desc><category></category></programme><programme channel="BFKX-rwOIt-AB-ZgXHYaezFanZ5_q83BxK91ojNw" start="20221230100000 +0000" stop="20221230110000 +0000" catchup-id="15xAax2x0JxNCCWeiR1hnXhgrfSyQkxKaYFWvMo5"><title>Tenors &amp; Divas</title><date></date><icon src="https://m7be2.solocoo.tv/m7be2iphone/mmchan/mpimages/208x308/NozFDHeIOpCN2O6NZQoxLg.jpg"></icon><desc></desc><category></category></programme><programme channel="BFKX-rwOIt-AB-ZgXHYaezFanZ5_q83BxK91ojNw" start="20221230110000 +0000" stop="20221230120000 +0000" catchup-id="HEDDKTcoIfJ2ihOp6J35VkFEODmRbLe3wdIa84X7"><title>Hall of Fame</title><date></date><icon src="https://m7be2.solocoo.tv/m7be2iphone/mmchan/mpimages/208x308/-ykD9zMHOMAiwBpGRMg4IA.jpg"></icon><desc></desc><category></category></programme><programme channel="BFKX-rwOIt-AB-ZgXHYaezFanZ5_q83BxK91ojNw" start="20221230120000 +0000" stop="20221230160000 +0000" catchup-id="pqN93a0zKzh2joQaKlFnNs8CP3I-CMfy4GHqyLJC"><title>Afternoon Overture</title><date></date><icon src="https://m7be2.solocoo.tv/m7be2iphone/mmchan/mpimages/208x308/KM5eD8fMzwPnZMwn_yH9fw.jpg"></icon><desc></desc><category></category></programme><programme channel="BFKX-rwOIt-AB-ZgXHYaezFanZ5_q83BxK91ojNw" start="20221230160000 +0000" stop="20221230170000 +0000" catchup-id="A18dCaUvpOvTNpZqTSOirBa3Yno-cPRtfs_qi_94"><title>Simply Strings</title><date></date><icon src="https://m7be2.solocoo.tv/m7be2iphone/mmchan/mpimages/208x308/8KFV_f8HNIDHHMtLqi2vOg.jpg"></icon><desc></desc><category></category></programme><programme channel="BFKX-rwOIt-AB-ZgXHYaezFanZ5_q83BxK91ojNw" start="20221230170000 +0000" stop="20221230180000 +0000" catchup-id="zs4TPTPgXxZCITTy9U8PoHmVaj427FSvRMNLML6E"><title>Pure Piano</title><date></date><icon src="https://m7be2.solocoo.tv/m7be2iphone/mmchan/mpimages/208x308/SYvYqLEStKblQ_9V_cuXUQ.jpg"></icon><desc></desc><category></category></programme><programme channel="BFKX-rwOIt-AB-ZgXHYaezFanZ5_q83BxK91ojNw" start="20221230180000 +0000" stop="20221230190000 +0000" catchup-id="B8z6wnrFtAgXyNEbPk7cxKu5Fb9t8jlhkKCDOXS0"><title>A Classical Christmas</title><date></date><icon src="https://m7be2.solocoo.tv/m7be2iphone/mmchan/mpimages/208x308/sTtOTltI6KbQBerGaiXlsQ.jpg"></icon><desc></desc><category></category></programme><programme channel="BFKX-rwOIt-AB-ZgXHYaezFanZ5_q83BxK91ojNw" start="20221230190000 +0000" stop="20221230200000 +0000" catchup-id="W8IXuTJCqxlDYygKjcOX9D8JVB8l0_LNds3BXN9J"><title>Hall of Fame</title><date></date><icon src="https://m7be2.solocoo.tv/m7be2iphone/mmchan/mpimages/208x308/-ykD9zMHOMAiwBpGRMg4IA.jpg"></icon><desc></desc><category></category></programme><programme channel="BFKX-rwOIt-AB-ZgXHYaezFanZ5_q83BxK91ojNw" start="20221230200000 +0000" stop="20221230230000 +0000" catchup-id="mdjphm7N4wqhq49abcbpbaLIBovmZNhH_0EaXgDd"><title>Evening Encore</title><date></date><icon src="https://m7be2.solocoo.tv/m7be2iphone/mmchan/mpimages/208x308/MeyibRsg7jy9aFmpwMmBBg.jpg"></icon><desc></desc><category></category></programme><programme channel="BFKX-rwOIt-AB-ZgXHYaezFanZ5_q83BxK91ojNw" start="20221230230000 +0000" stop="20221231050000 +0000" catchup-id="g1OO52mwS8AOwgSNnfz-RqM4sqTn4e0QvrIkmUm3"><title>Moonlight Melodies</title><date></date><icon src="https://m7be2.solocoo.tv/m7be2iphone/mmchan/mpimages/208x308/PLUKblm1lLz3HdR87s4vsg.jpg"></icon><desc></desc><category></category></programme><programme channel="BFKX-rwOIt-AB-ZgXHYaezFanZ5_q83BxK91ojNw" start="20221231050000 +0000" stop="20221231090000 +0000" catchup-id="bE0ozgwuJK8KwgyrW7k9DhaztWBEDCDeAqIl0qWz"><title>Dawn Chorus</title><date></date><icon src="https://m7be2.solocoo.tv/m7be2iphone/mmchan/mpimages/208x308/dYfNfbOTrtPTJ0OBuVg_Qw.jpg"></icon><desc></desc><category></category></programme><programme channel="BFKX-rwOIt-AB-ZgXHYaezFanZ5_q83BxK91ojNw" start="20221231090000 +0000" stop="20221231100000 +0000" catchup-id="3YI5FQ9m3-AJtT1PQ8wpxACCT3IFefHufrTyFm8T"><title>Simply Strings</title><date></date><icon src="https://m7be2.solocoo.tv/m7be2iphone/mmchan/mpimages/208x308/8KFV_f8HNIDHHMtLqi2vOg.jpg"></icon><desc></desc><category></category></programme><programme channel="BFKX-rwOIt-AB-ZgXHYaezFanZ5_q83BxK91ojNw" start="20221231100000 +0000" stop="20221231110000 +0000" catchup-id="HqcJg0A_XlOUlcAP9A98LQSalvfSwoR87TSg6NJO"><title>Tenors &amp; Divas</title><date></date><icon src="https://m7be2.solocoo.tv/m7be2iphone/mmchan/mpimages/208x308/NozFDHeIOpCN2O6NZQoxLg.jpg"></icon><desc></desc><category></category></programme><programme channel="BFKX-rwOIt-AB-ZgXHYaezFanZ5_q83BxK91ojNw" start="20221231110000 +0000" stop="20221231120000 +0000" catchup-id="qllh8CIqL2QDrYfire6r3BVDEB2ESjSFOvMMVrQK"><title>Hall of Fame</title><date></date><icon src="https://m7be2.solocoo.tv/m7be2iphone/mmchan/mpimages/208x308/-ykD9zMHOMAiwBpGRMg4IA.jpg"></icon><desc></desc><category></category></programme><programme channel="BFKX-rwOIt-AB-ZgXHYaezFanZ5_q83BxK91ojNw" start="20221231120000 +0000" stop="20221231160000 +0000" catchup-id="bFi9i9m25iG_cCXvIeo7u1_Rq5zY39DQvif6SrLW"><title>Saturday Selection</title><date></date><icon src="https://m7be2.solocoo.tv/m7be2iphone/mmchan/mpimages/208x308/97ydDE0iuEC6uv3147OYBA.jpg"></icon><desc></desc><category></category></programme><programme channel="BFKX-rwOIt-AB-ZgXHYaezFanZ5_q83BxK91ojNw" start="20221231160000 +0000" stop="20221231170000 +0000" catchup-id="fQQYS8Y_KsJhore9DQnU4jyVdAxb2InZxMrgirPI"><title>Simply Strings</title><date></date><icon src="https://m7be2.solocoo.tv/m7be2iphone/mmchan/mpimages/208x308/8KFV_f8HNIDHHMtLqi2vOg.jpg"></icon><desc></desc><category></category></programme><programme channel="BFKX-rwOIt-AB-ZgXHYaezFanZ5_q83BxK91ojNw" start="20221231170000 +0000" stop="20221231180000 +0000" catchup-id="HOYGNPZK0ptzMQgkbPWLiBlWs3va-srJ1zG_VsDd"><title>Pure Piano</title><date></date><icon src="https://m7be2.solocoo.tv/m7be2iphone/mmchan/mpimages/208x308/SYvYqLEStKblQ_9V_cuXUQ.jpg"></icon><desc></desc><category></category></programme><programme channel="BFKX-rwOIt-AB-ZgXHYaezFanZ5_q83BxK91ojNw" start="20221231180000 +0000" stop="20221231190000 +0000" catchup-id="qKIwRJHTsVhgFX51t-FcZIW2tYDaOZI0w_EDaLx0"><title>Tenors &amp; Divas</title><date></date><icon src="https://m7be2.solocoo.tv/m7be2iphone/mmchan/mpimages/208x308/NozFDHeIOpCN2O6NZQoxLg.jpg"></icon><desc></desc><category></category></programme><programme channel="BFKX-rwOIt-AB-ZgXHYaezFanZ5_q83BxK91ojNw" start="20221231190000 +0000" stop="20221231200000 +0000" catchup-id="Bg0javr2q_Of4sPZSp79E7Adxp2suoECM61BEpWz"><title>At the Movies</title><date></date><icon src="https://m7be2.solocoo.tv/m7be2iphone/mmchan/mpimages/208x308/pM9IcpcKKeAp7wVru-7IMQ.jpg"></icon><desc></desc><category></category></programme><programme channel="BFKX-rwOIt-AB-ZgXHYaezFanZ5_q83BxK91ojNw" start="20221231200000 +0000" stop="20221231230000 +0000" catchup-id="FgoqjZiR5NaoofGuqkfiCAiNAKQaQlY7VSomI8zX"><title>Evening Encore</title><date></date><icon src="https://m7be2.solocoo.tv/m7be2iphone/mmchan/mpimages/208x308/MeyibRsg7jy9aFmpwMmBBg.jpg"></icon><desc></desc><category></category></programme><programme channel="BFKX-rwOIt-AB-ZgXHYaezFanZ5_q83BxK91ojNw" start="20221231230000 +0000" stop="20230101050000 +0000" catchup-id="80mBmhUY1jndBUmpvgB-8QuFVY-l8tuNJmi7Cav0"><title>Moonlight Melodies</title><date></date><icon src="https://m7be2.solocoo.tv/m7be2iphone/mmchan/mpimages/208x308/PLUKblm1lLz3HdR87s4vsg.jpg"></icon><desc></desc><category></category></programme><programme channel="BFKX-rwOIt-AB-ZgXHYaezFanZ5_q83BxK91ojNw" start="20230101050000 +0000" stop="20230101090000 +0000" catchup-id="pb0QaPcvLW6Mf8TE57yepIYCmuEjFohW-k8DlpPO"><title>Dawn Chorus</title><date></date><icon src="https://m7be2.solocoo.tv/m7be2iphone/mmchan/mpimages/208x308/dYfNfbOTrtPTJ0OBuVg_Qw.jpg"></icon><desc></desc><category></category></programme><programme channel="BFKX-rwOIt-AB-ZgXHYaezFanZ5_q83BxK91ojNw" start="20230101090000 +0000" stop="20230101100000 +0000" catchup-id="vU7buaTTHr4l2Fgk_u5FfJ4cdgc94WkmjmiriygV"><title>Simply Strings</title><date></date><icon src="https://m7be2.solocoo.tv/m7be2iphone/mmchan/mpimages/208x308/8KFV_f8HNIDHHMtLqi2vOg.jpg"></icon><desc></desc><category></category></programme><programme channel="BFKX-rwOIt-AB-ZgXHYaezFanZ5_q83BxK91ojNw" start="20230101100000 +0000" stop="20230101110000 +0000" catchup-id="V7tWxSQE_o8KRYUg4XE6ziqjQ5-siH7VdMbGD5Pd"><title>Tenors &amp; Divas</title><date></date><icon src="https://m7be2.solocoo.tv/m7be2iphone/mmchan/mpimages/208x308/NozFDHeIOpCN2O6NZQoxLg.jpg"></icon><desc></desc><category></category></programme><programme channel="BFKX-rwOIt-AB-ZgXHYaezFanZ5_q83BxK91ojNw" start="20230101110000 +0000" stop="20230101120000 +0000" catchup-id="7BaDn7YxSNfXzsZx9eeW0sLtxgF1teG71NKUO5iI"><title>Hall of Fame</title><date></date><icon src="https://m7be2.solocoo.tv/m7be2iphone/mmchan/mpimages/208x308/-ykD9zMHOMAiwBpGRMg4IA.jpg"></icon><desc></desc><category></category></programme><programme channel="BFKX-rwOIt-AB-ZgXHYaezFanZ5_q83BxK91ojNw" start="20230101120000 +0000" stop="20230101160000 +0000" catchup-id="tmJ2b7mxNfxE2DrrNRzQIWpkAhHBjFBoFZco86AL"><title>Sunday Selection</title><date></date><icon src="https://m7be2.solocoo.tv/m7be2iphone/mmchan/mpimages/208x308/W-HzgVXt6-xK5MfVCglZ0g.jpg"></icon><desc></desc><category></category></programme><programme channel="BFKX-rwOIt-AB-ZgXHYaezFanZ5_q83BxK91ojNw" start="20230101160000 +0000" stop="20230101170000 +0000" catchup-id="C52nVtFJ0usw5O4Qyh8-t4V6yEH3HNMiWPgLNUtu"><title>Simply Strings</title><date></date><icon src="https://m7be2.solocoo.tv/m7be2iphone/mmchan/mpimages/208x308/8KFV_f8HNIDHHMtLqi2vOg.jpg"></icon><desc></desc><category></category></programme><programme channel="BFKX-rwOIt-AB-ZgXHYaezFanZ5_q83BxK91ojNw" start="20230101170000 +0000" stop="20230101180000 +0000" catchup-id="UhpMy8bm-e3ajpSI133YesxVgljdxjas7q9rl7uT"><title>Pure Piano</title><date></date><icon src="https://m7be2.solocoo.tv/m7be2iphone/mmchan/mpimages/208x308/SYvYqLEStKblQ_9V_cuXUQ.jpg"></icon><desc></desc><category></category></programme><programme channel="BFKX-rwOIt-AB-ZgXHYaezFanZ5_q83BxK91ojNw" start="20230101180000 +0000" stop="20230101190000 +0000" catchup-id="cqxhyaFil-TWwwCJdi2SztgTidU4q0W1zZsijanL"><title>CMusic Rewind: Best of 2022</title><date></date><icon src="https://m7be2.solocoo.tv/m7be2iphone/mmchan/mpimages/208x308/ze5b93ieqXGwbdr9y-5Apw.jpg"></icon><desc></desc><category></category></programme><programme channel="BFKX-rwOIt-AB-ZgXHYaezFanZ5_q83BxK91ojNw" start="20230101190000 +0000" stop="20230101200000 +0000" catchup-id="sAc039C-Pu7bdzdqXeKI9m2hyeiG1pHPvIehzvGp"><title>Chinese New Year</title><date></date><icon src="https://m7be2.solocoo.tv/m7be2iphone/mmchan/mpimages/208x308/pQajb1W6NkkL2wgvjX9ZMQ.jpg"></icon><desc></desc><category></category></programme><programme channel="BFKX-rwOIt-AB-ZgXHYaezFanZ5_q83BxK91ojNw" start="20230101200000 +0000" stop="20230101230000 +0000" catchup-id="6K5nKG2TpqfFxVM4tjn3leewOobOptgk5HH6w1ZK"><title>Evening Encore</title><date></date><icon src="https://m7be2.solocoo.tv/m7be2iphone/mmchan/mpimages/208x308/MeyibRsg7jy9aFmpwMmBBg.jpg"></icon><desc></desc><category></category></programme><programme channel="BFKX-rwOIt-AB-ZgXHYaezFanZ5_q83BxK91ojNw" start="20230101230000 +0000" stop="20230102050000 +0000" catchup-id="2igNiUe_oj1A2Z54cO8HX05fyQEPvDclp7qO3bHM"><title>Moonlight Melodies</title><date></date><icon src="https://m7be2.solocoo.tv/m7be2iphone/mmchan/mpimages/208x308/PLUKblm1lLz3HdR87s4vsg.jpg"></icon><desc></desc><category></category></programme><programme channel="BFKX-rwOIt-AB-ZgXHYaezFanZ5_q83BxK91ojNw" start="20230102050000 +0000" stop="20230102090000 +0000" catchup-id="e0cepb9QsRh_M31RL83KrRh2jUKeA1P40vH3zM_K"><title>Dawn Chorus</title><date></date><icon src="https://m7be2.solocoo.tv/m7be2iphone/mmchan/mpimages/208x308/dYfNfbOTrtPTJ0OBuVg_Qw.jpg"></icon><desc></desc><category></category></programme><programme channel="BFKX-rwOIt-AB-ZgXHYaezFanZ5_q83BxK91ojNw" start="20230102090000 +0000" stop="20230102100000 +0000" catchup-id="zI4gcekHjXovqnWTtCa3JUiaxXifc1oVKhk0CUjC"><title>Simply Strings</title><date></date><icon src="https://m7be2.solocoo.tv/m7be2iphone/mmchan/mpimages/208x308/8KFV_f8HNIDHHMtLqi2vOg.jpg"></icon><desc></desc><category></category></programme><programme channel="BFKX-rwOIt-AB-ZgXHYaezFanZ5_q83BxK91ojNw" start="20230102100000 +0000" stop="20230102110000 +0000" catchup-id="p16FwOWXwAwxBgPiCFV6MLrIJfMct-pDwmGzdecX"><title>Tenors &amp; Divas</title><date></date><icon src="https://m7be2.solocoo.tv/m7be2iphone/mmchan/mpimages/208x308/NozFDHeIOpCN2O6NZQoxLg.jpg"></icon><desc></desc><category></category></programme><programme channel="BFKX-rwOIt-AB-ZgXHYaezFanZ5_q83BxK91ojNw" start="20230102110000 +0000" stop="20230102120000 +0000" catchup-id="2N1PuWy_T2UhLqxqr1LYSrw7_yI2oAr-Bq6jmjdc"><title>Hall of Fame</title><date></date><icon src="https://m7be2.solocoo.tv/m7be2iphone/mmchan/mpimages/208x308/-ykD9zMHOMAiwBpGRMg4IA.jpg"></icon><desc></desc><category></category></programme><programme channel="BFKX-rwOIt-AB-ZgXHYaezFanZ5_q83BxK91ojNw" start="20230102120000 +0000" stop="20230102160000 +0000" catchup-id="z35ssbwmRxcknt_Q-y-FCcTlQMr-P7AVBPMT2xj6"><title>Afternoon Overture</title><date></date><icon src="https://m7be2.solocoo.tv/m7be2iphone/mmchan/mpimages/208x308/KM5eD8fMzwPnZMwn_yH9fw.jpg"></icon><desc></desc><category></category></programme><programme channel="BFKX-rwOIt-AB-ZgXHYaezFanZ5_q83BxK91ojNw" start="20230102160000 +0000" stop="20230102170000 +0000" catchup-id="Ju-9NtYXJ1M-CR9CFNruw8E_1iNXouCugxpoXDPv"><title>Simply Strings</title><date></date><icon src="https://m7be2.solocoo.tv/m7be2iphone/mmchan/mpimages/208x308/8KFV_f8HNIDHHMtLqi2vOg.jpg"></icon><desc></desc><category></category></programme><programme channel="BFKX-rwOIt-AB-ZgXHYaezFanZ5_q83BxK91ojNw" start="20230102170000 +0000" stop="20230102180000 +0000" catchup-id="I7SS_H9SvottjOEv2rAEDtuViWYqqEgx2OyWr60h"><title>Pure Piano</title><date></date><icon src="https://m7be2.solocoo.tv/m7be2iphone/mmchan/mpimages/208x308/SYvYqLEStKblQ_9V_cuXUQ.jpg"></icon><desc></desc><category></category></programme><programme channel="BFKX-rwOIt-AB-ZgXHYaezFanZ5_q83BxK91ojNw" start="20230102180000 +0000" stop="20230102190000 +0000" catchup-id="s6FV6AtkbXBjDKeV4aKblVcJvfDY5YDPzU4qERA9"><title>Tenors &amp; Divas</title><date></date><icon src="https://m7be2.solocoo.tv/m7be2iphone/mmchan/mpimages/208x308/NozFDHeIOpCN2O6NZQoxLg.jpg"></icon><desc></desc><category></category></programme><programme channel="BFKX-rwOIt-AB-ZgXHYaezFanZ5_q83BxK91ojNw" start="20230102190000 +0000" stop="20230102200000 +0000" catchup-id="FXMjTcF-YsOYVCipuJeMe29oTxCwqpULiju_lWtq"><title>Hall of Fame</title><date></date><icon src="https://m7be2.solocoo.tv/m7be2iphone/mmchan/mpimages/208x308/-ykD9zMHOMAiwBpGRMg4IA.jpg"></icon><desc></desc><category></category></programme><programme channel="BFKX-rwOIt-AB-ZgXHYaezFanZ5_q83BxK91ojNw" start="20230102200000 +0000" stop="20230102230000 +0000" catchup-id="FzSJg4bizBSJJcQT18IHROvbxpZvncC1IVxUueJw"><title>Evening Encore</title><date></date><icon src="https://m7be2.solocoo.tv/m7be2iphone/mmchan/mpimages/208x308/MeyibRsg7jy9aFmpwMmBBg.jpg"></icon><desc></desc><category></category></programme><programme channel="BFKX-rwOIt-AB-ZgXHYaezFanZ5_q83BxK91ojNw" start="20230102230000 +0000" stop="20230103050000 +0000" catchup-id="6xDjJ5X5zpSGbCeNFHQGyQtR2gruyjoBhKTDIEBB"><title>Moonlight Melodies</title><date></date><icon src="https://m7be2.solocoo.tv/m7be2iphone/mmchan/mpimages/208x308/PLUKblm1lLz3HdR87s4vsg.jpg"></icon><desc></desc><category></category></programme><programme channel="BFKX-rwOIt-AB-ZgXHYaezFanZ5_q83BxK91ojNw" start="20230103050000 +0000" stop="20230103090000 +0000" catchup-id="xQ9l_VBXJlPfpOL7Mc-TRakbK2O9O7hP13SP5aUb"><title>Dawn Chorus</title><date></date><icon src="https://m7be2.solocoo.tv/m7be2iphone/mmchan/mpimages/208x308/dYfNfbOTrtPTJ0OBuVg_Qw.jpg"></icon><desc></desc><category></category></programme><programme channel="BFKX-rwOIt-AB-ZgXHYaezFanZ5_q83BxK91ojNw" start="20230103090000 +0000" stop="20230103100000 +0000" catchup-id="JNFPgh2ZLlmJzAOPNq7BFkIJobOLz1JrJNJdjweg"><title>Simply Strings</title><date></date><icon src="https://m7be2.solocoo.tv/m7be2iphone/mmchan/mpimages/208x308/8KFV_f8HNIDHHMtLqi2vOg.jpg"></icon><desc></desc><category></category></programme><programme channel="BFKX-rwOIt-AB-ZgXHYaezFanZ5_q83BxK91ojNw" start="20230103100000 +0000" stop="20230103110000 +0000" catchup-id="jNGg3ixkwGikTl6PnxZWuV2YqGhEEO7beI3pF6wv"><title>Tenors &amp; Divas</title><date></date><icon src="https://m7be2.solocoo.tv/m7be2iphone/mmchan/mpimages/208x308/NozFDHeIOpCN2O6NZQoxLg.jpg"></icon><desc></desc><category></category></programme><programme channel="BFKX-rwOIt-AB-ZgXHYaezFanZ5_q83BxK91ojNw" start="20230103110000 +0000" stop="20230103120000 +0000" catchup-id="Q-0nPtZxtQFxN6QI5fTZzGBU6jIBpe7Z52-x7vUm"><title>Hall of Fame</title><date></date><icon src="https://m7be2.solocoo.tv/m7be2iphone/mmchan/mpimages/208x308/-ykD9zMHOMAiwBpGRMg4IA.jpg"></icon><desc></desc><category></category></programme><programme channel="BFKX-rwOIt-AB-ZgXHYaezFanZ5_q83BxK91ojNw" start="20230103120000 +0000" stop="20230103160000 +0000" catchup-id="mlFHbwYN0pBFgQhpKsCKsjmpf1149J9ToaJE3zYo"><title>Afternoon Overture</title><date></date><icon src="https://m7be2.solocoo.tv/m7be2iphone/mmchan/mpimages/208x308/KM5eD8fMzwPnZMwn_yH9fw.jpg"></icon><desc></desc><category></category></programme><programme channel="BFKX-rwOIt-AB-ZgXHYaezFanZ5_q83BxK91ojNw" start="20230103160000 +0000" stop="20230103170000 +0000" catchup-id="SREQMTJ6Tu6PdzRSph9Hu_0HNJi4Jw74fybtmSiF"><title>Simply Strings</title><date></date><icon src="https://m7be2.solocoo.tv/m7be2iphone/mmchan/mpimages/208x308/8KFV_f8HNIDHHMtLqi2vOg.jpg"></icon><desc></desc><category></category></programme><programme channel="BFKX-rwOIt-AB-ZgXHYaezFanZ5_q83BxK91ojNw" start="20230103170000 +0000" stop="20230103180000 +0000" catchup-id="4fjaqBj6_ce_KMQ9DO4ANa2TRK4AC2zbIRPxwGBW"><title>Pure Piano</title><date></date><icon src="https://m7be2.solocoo.tv/m7be2iphone/mmchan/mpimages/208x308/SYvYqLEStKblQ_9V_cuXUQ.jpg"></icon><desc></desc><category></category></programme><programme channel="BFKX-rwOIt-AB-ZgXHYaezFanZ5_q83BxK91ojNw" start="20230103180000 +0000" stop="20230103190000 +0000" catchup-id="-fZQERBy0sI-r9IT6xqlaNaeZAQOkgNHEZkIBuIw"><title>Tenors &amp; Divas</title><date></date><icon src="https://m7be2.solocoo.tv/m7be2iphone/mmchan/mpimages/208x308/NozFDHeIOpCN2O6NZQoxLg.jpg"></icon><desc></desc><category></category></programme><programme channel="BFKX-rwOIt-AB-ZgXHYaezFanZ5_q83BxK91ojNw" start="20230103190000 +0000" stop="20230103200000 +0000" catchup-id="KrFTdMrml67kq_pwK9p27lhTxHtQu1pXJip7T-GD"><title>Hall of Fame</title><date></date><icon src="https://m7be2.solocoo.tv/m7be2iphone/mmchan/mpimages/208x308/-ykD9zMHOMAiwBpGRMg4IA.jpg"></icon><desc></desc><category></category></programme><programme channel="BFKX-rwOIt-AB-ZgXHYaezFanZ5_q83BxK91ojNw" start="20230103200000 +0000" stop="20230103230000 +0000" catchup-id="vIW7Equj1Q98fi3TAeVUY2y5xu8zROFTJ8t42Y8L"><title>Evening Encore</title><date></date><icon src="https://m7be2.solocoo.tv/m7be2iphone/mmchan/mpimages/208x308/MeyibRsg7jy9aFmpwMmBBg.jpg"></icon><desc></desc><category></category></programme><programme channel="BFKX-rwOIt-AB-ZgXHYaezFanZ5_q83BxK91ojNw" start="20230103230000 +0000" stop="20230104050000 +0000" catchup-id="XghPiZkuHAcYjcsrmUxxdG7F2I2fOZPGga_nTKsT"><title>Moonlight Melodies</title><date></date><icon src="https://m7be2.solocoo.tv/m7be2iphone/mmchan/mpimages/208x308/PLUKblm1lLz3HdR87s4vsg.jpg"></icon><desc></desc><category></category></programme><programme channel="BFKX-rwOIt-AB-ZgXHYaezFanZ5_q83BxK91ojNw" start="20230104050000 +0000" stop="20230104090000 +0000" catchup-id="SaGSohkVSn7wUE-HBBZi6d131aY_6CSHvcqFBRrH"><title>Dawn Chorus</title><date></date><icon src="https://m7be2.solocoo.tv/m7be2iphone/mmchan/mpimages/208x308/dYfNfbOTrtPTJ0OBuVg_Qw.jpg"></icon><desc></desc><category></category></programme><programme channel="BFKX-rwOIt-AB-ZgXHYaezFanZ5_q83BxK91ojNw" start="20230104090000 +0000" stop="20230104100000 +0000" catchup-id="yWyruO-X2TCDvRc3X0Zd0CX1Fkf7HouTovR7zegg"><title>Simply Strings</title><date></date><icon src="https://m7be2.solocoo.tv/m7be2iphone/mmchan/mpimages/208x308/8KFV_f8HNIDHHMtLqi2vOg.jpg"></icon><desc></desc><category></category></programme><programme channel="BFKX-rwOIt-AB-ZgXHYaezFanZ5_q83BxK91ojNw" start="20230104100000 +0000" stop="20230104110000 +0000" catchup-id="oDE_RklMV3TZudEAJ-nISv_mzWbfRTHwy7M_q28i"><title>Tenors &amp; Divas</title><date></date><icon src="https://m7be2.solocoo.tv/m7be2iphone/mmchan/mpimages/208x308/NozFDHeIOpCN2O6NZQoxLg.jpg"></icon><desc></desc><category></category></programme><programme channel="BFKX-rwOIt-AB-ZgXHYaezFanZ5_q83BxK91ojNw" start="20230104110000 +0000" stop="20230104120000 +0000" catchup-id="r1LzgQDdmmeJdr8vdVwazfL1dlBs5DVWgzfwZ9H-"><title>Hall of Fame</title><date></date><icon src="https://m7be2.solocoo.tv/m7be2iphone/mmchan/mpimages/208x308/-ykD9zMHOMAiwBpGRMg4IA.jpg"></icon><desc></desc><category></category></programme><programme channel="BFKX-rwOIt-AB-ZgXHYaezFanZ5_q83BxK91ojNw" start="20230104120000 +0000" stop="20230104160000 +0000" catchup-id="_QrhEH8fvAdTUphZ9dtBWpex01R1hLZkQBB1nUhk"><title>Afternoon Overture</title><date></date><icon src="https://m7be2.solocoo.tv/m7be2iphone/mmchan/mpimages/208x308/KM5eD8fMzwPnZMwn_yH9fw.jpg"></icon><desc></desc><category></category></programme><programme channel="BFKX-rwOIt-AB-ZgXHYaezFanZ5_q83BxK91ojNw" start="20230104160000 +0000" stop="20230104170000 +0000" catchup-id="zn5ZlDMI8PZJsdmF4kH34Bueu1muWO8T2XimecGZ"><title>Simply Strings</title><date></date><icon src="https://m7be2.solocoo.tv/m7be2iphone/mmchan/mpimages/208x308/8KFV_f8HNIDHHMtLqi2vOg.jpg"></icon><desc></desc><category></category></programme><programme channel="BFKX-rwOIt-AB-ZgXHYaezFanZ5_q83BxK91ojNw" start="20230104170000 +0000" stop="20230104180000 +0000" catchup-id="TckAheppOha-pY3M7DofnkNYYgfiIoO2cM1w5O6J"><title>Pure Piano</title><date></date><icon src="https://m7be2.solocoo.tv/m7be2iphone/mmchan/mpimages/208x308/SYvYqLEStKblQ_9V_cuXUQ.jpg"></icon><desc></desc><category></category></programme><programme channel="BFKX-rwOIt-AB-ZgXHYaezFanZ5_q83BxK91ojNw" start="20230104180000 +0000" stop="20230104190000 +0000" catchup-id="TC4k4qCGpzMXmVyI2XjyBhzA10IWerR6gLl0Ak-m"><title>Tenors &amp; Divas</title><date></date><icon src="https://m7be2.solocoo.tv/m7be2iphone/mmchan/mpimages/208x308/NozFDHeIOpCN2O6NZQoxLg.jpg"></icon><desc></desc><category></category></programme><programme channel="BFKX-rwOIt-AB-ZgXHYaezFanZ5_q83BxK91ojNw" start="20230104190000 +0000" stop="20230104200000 +0000" catchup-id="VY3enqlKlcJsCHxpjDzWm418ksVgk1KL-hT0D71b"><title>Hall of Fame</title><date></date><icon src="https://m7be2.solocoo.tv/m7be2iphone/mmchan/mpimages/208x308/-ykD9zMHOMAiwBpGRMg4IA.jpg"></icon><desc></desc><category></category></programme><programme channel="BFKX-rwOIt-AB-ZgXHYaezFanZ5_q83BxK91ojNw" start="20230104200000 +0000" stop="20230104230000 +0000" catchup-id="FlBdRV7ytWtom6xcmxjgGpsmcPtRyYcXTyiHqkYC"><title>Evening Encore</title><date></date><icon src="https://m7be2.solocoo.tv/m7be2iphone/mmchan/mpimages/208x308/MeyibRsg7jy9aFmpwMmBBg.jpg"></icon><desc></desc><category></category></programme><programme channel="BFKX-rwOIt-AB-ZgXHYaezFanZ5_q83BxK91ojNw" start="20230104230000 +0000" stop="20230105050000 +0000" catchup-id="uWpBkLAReOOt60jDe6h56zRguI9NJjCbVQVHdXFC"><title>Moonlight Melodies</title><date></date><icon src="https://m7be2.solocoo.tv/m7be2iphone/mmchan/mpimages/208x308/PLUKblm1lLz3HdR87s4vsg.jpg"></icon><desc></desc><category></category></programme><programme channel="BFKX-rwOIt-AB-ZgXHYaezFanZ5_q83BxK91ojNw" start="20230105050000 +0000" stop="20230105090000 +0000" catchup-id="VeFvTTyzKR_EVRqogeHNzbzLGZyFDfH4hus8d58t"><title>Dawn Chorus</title><date></date><icon src="https://m7be2.solocoo.tv/m7be2iphone/mmchan/mpimages/260x145/dYfNfbOTrtPTJ0OBuVg_Qw.jpg"></icon><desc></desc><category></category></programme><programme channel="BFKX-rwOIt-AB-ZgXHYaezFanZ5_q83BxK91ojNw" start="20230105090000 +0000" stop="20230105100000 +0000" catchup-id="B-5FzSFbfHymweWEUaCLSc_R0y0vXuvuvigxP_pw"><title>Simply Strings</title><date></date><icon src="https://m7be2.solocoo.tv/m7be2iphone/mmchan/mpimages/260x145/8KFV_f8HNIDHHMtLqi2vOg.jpg"></icon><desc></desc><category></category></programme><programme channel="BFKX-rwOIt-AB-ZgXHYaezFanZ5_q83BxK91ojNw" start="20230105100000 +0000" stop="20230105110000 +0000" catchup-id="p67IXp6RhB2mHZAimSlpb--DldkZ4eVx47eHgwsY"><title>Tenors &amp; Divas</title><date></date><icon src="https://m7be2.solocoo.tv/m7be2iphone/mmchan/mpimages/260x145/NozFDHeIOpCN2O6NZQoxLg.jpg"></icon><desc></desc><category></category></programme><programme channel="BFKX-rwOIt-AB-ZgXHYaezFanZ5_q83BxK91ojNw" start="20230105110000 +0000" stop="20230105120000 +0000" catchup-id="Ve0Ri0TKk3S_anIeWICPi8BiJ9teFOE7SZ0iDAMn"><title>Hall of Fame</title><date></date><icon src="https://m7be2.solocoo.tv/m7be2iphone/mmchan/mpimages/260x145/-ykD9zMHOMAiwBpGRMg4IA.jpg"></icon><desc></desc><category></category></programme><programme channel="BFKX-rwOIt-AB-ZgXHYaezFanZ5_q83BxK91ojNw" start="20230105120000 +0000" stop="20230105160000 +0000" catchup-id="9NpPmwhT2HXRJVRVKIZQYd4br7BalVTvEADb7y3s"><title>Afternoon Overture</title><date></date><icon src="https://m7be2.solocoo.tv/m7be2iphone/mmchan/mpimages/260x145/KM5eD8fMzwPnZMwn_yH9fw.jpg"></icon><desc></desc><category></category></programme><programme channel="BFKX-rwOIt-AB-ZgXHYaezFanZ5_q83BxK91ojNw" start="20230105160000 +0000" stop="20230105170000 +0000" catchup-id="RtPIUGWHrFsD4Z1aVVgi4mmG9imvQNK0KQ2Qd-EA"><title>Simply Strings</title><date></date><icon src="https://m7be2.solocoo.tv/m7be2iphone/mmchan/mpimages/260x145/8KFV_f8HNIDHHMtLqi2vOg.jpg"></icon><desc></desc><category></category></programme><programme channel="BFKX-rwOIt-AB-ZgXHYaezFanZ5_q83BxK91ojNw" start="20230105170000 +0000" stop="20230105180000 +0000" catchup-id="iYtGWA-ecVacta9KVH3YGrd7pfg539Q4sfdpxfOs"><title>Pure Piano</title><date></date><icon src="https://m7be2.solocoo.tv/m7be2iphone/mmchan/mpimages/260x145/SYvYqLEStKblQ_9V_cuXUQ.jpg"></icon><desc></desc><category></category></programme><programme channel="BFKX-rwOIt-AB-ZgXHYaezFanZ5_q83BxK91ojNw" start="20230105180000 +0000" stop="20230105190000 +0000" catchup-id="IuRpTuqmHPQi06REKeB6H7RZahCF5vV5YtuHhkeD"><title>Tenors &amp; Divas</title><date></date><icon src="https://m7be2.solocoo.tv/m7be2iphone/mmchan/mpimages/260x145/NozFDHeIOpCN2O6NZQoxLg.jpg"></icon><desc></desc><category></category></programme><programme channel="BFKX-rwOIt-AB-ZgXHYaezFanZ5_q83BxK91ojNw" start="20230105190000 +0000" stop="20230105200000 +0000" catchup-id="j3Tr4ViYDY-NPou6C0LfaDOEDbrJZpD4oufThikC"><title>Hall of Fame</title><date></date><icon src="https://m7be2.solocoo.tv/m7be2iphone/mmchan/mpimages/260x145/-ykD9zMHOMAiwBpGRMg4IA.jpg"></icon><desc></desc><category></category></programme><programme channel="BFKX-rwOIt-AB-ZgXHYaezFanZ5_q83BxK91ojNw" start="20230105200000 +0000" stop="20230105230000 +0000" catchup-id="saY6zihlVj1ZXnyia03fS5-iUkQeEnKOryhB-FGU"><title>Evening Encore</title><date></date><icon src="https://m7be2.solocoo.tv/m7be2iphone/mmchan/mpimages/260x145/MeyibRsg7jy9aFmpwMmBBg.jpg"></icon><desc></desc><category></category></programme><programme channel="BFKX-rwOIt-AB-ZgXHYaezFanZ5_q83BxK91ojNw" start="20230105230000 +0000" stop="20230106050000 +0000" catchup-id="iEilIzO758eRu8L0jhZbODVoT4_dI81aYs9y4UUC"><title>Moonlight Melodies</title><date></date><icon src="https://m7be2.solocoo.tv/m7be2iphone/mmchan/mpimages/260x145/PLUKblm1lLz3HdR87s4vsg.jpg"></icon><desc></desc><category></category></programme><programme channel="BFKX-rwOIt-AB-ZgXHYaezFanZ5_q83BxK91ojNw" start="20230106050000 +0000" stop="20230106090000 +0000" catchup-id="vT9GPM2SQgjF1VuTrQZLHyNImKOfcEOM9Uk7xhiL"><title>Dawn Chorus</title><date></date><icon src="https://m7be2.solocoo.tv/m7be2iphone/mmchan/mpimages/260x145/dYfNfbOTrtPTJ0OBuVg_Qw.jpg"></icon><desc></desc><category></category></programme><programme channel="BFKX-rwOIt-AB-ZgXHYaezFanZ5_q83BxK91ojNw" start="20230106090000 +0000" stop="20230106100000 +0000" catchup-id="fGVRB8vPFlRm1iMlC0HIxWEvgjB434eZWb96_Wmy"><title>Simply Strings</title><date></date><icon src="https://m7be2.solocoo.tv/m7be2iphone/mmchan/mpimages/260x145/8KFV_f8HNIDHHMtLqi2vOg.jpg"></icon><desc></desc><category></category></programme><programme channel="BFKX-rwOIt-AB-ZgXHYaezFanZ5_q83BxK91ojNw" start="20230106100000 +0000" stop="20230106110000 +0000" catchup-id="v-WkXgae_Er8YJ2Y3jOnyzJUOWFqAhhoGnyvBPFB"><title>Tenors &amp; Divas</title><date></date><icon src="https://m7be2.solocoo.tv/m7be2iphone/mmchan/mpimages/260x145/NozFDHeIOpCN2O6NZQoxLg.jpg"></icon><desc></desc><category></category></programme><programme channel="BFKX-rwOIt-AB-ZgXHYaezFanZ5_q83BxK91ojNw" start="20230106110000 +0000" stop="20230106120000 +0000" catchup-id="yQsaijPi2syJpmlSedTdYxpwSaqN-g7yNURCgosF"><title>Hall of Fame</title><date></date><icon src="https://m7be2.solocoo.tv/m7be2iphone/mmchan/mpimages/260x145/-ykD9zMHOMAiwBpGRMg4IA.jpg"></icon><desc></desc><category></category></programme><programme channel="BFKX-rwOIt-AB-ZgXHYaezFanZ5_q83BxK91ojNw" start="20230106120000 +0000" stop="20230106160000 +0000" catchup-id="MvRPoEzfvG6yDO7i2zgmPEuJfrWf7w9GJCSzIEEf"><title>Afternoon Overture</title><date></date><icon src="https://m7be2.solocoo.tv/m7be2iphone/mmchan/mpimages/260x145/KM5eD8fMzwPnZMwn_yH9fw.jpg"></icon><desc></desc><category></category></programme><programme channel="BFKX-rwOIt-AB-ZgXHYaezFanZ5_q83BxK91ojNw" start="20230106160000 +0000" stop="20230106170000 +0000" catchup-id="VWfUa3HQTBKjYZ95lpZImASia9GilJ9NTerqEo7N"><title>Simply Strings</title><date></date><icon src="https://m7be2.solocoo.tv/m7be2iphone/mmchan/mpimages/260x145/8KFV_f8HNIDHHMtLqi2vOg.jpg"></icon><desc></desc><category></category></programme><programme channel="BFKX-rwOIt-AB-ZgXHYaezFanZ5_q83BxK91ojNw" start="20230106170000 +0000" stop="20230106180000 +0000" catchup-id="cGR-0SuyJDhQ3Tc7EzKPoc876xfAw0vpNq8XDfaa"><title>Pure Piano</title><date></date><icon src="https://m7be2.solocoo.tv/m7be2iphone/mmchan/mpimages/260x145/SYvYqLEStKblQ_9V_cuXUQ.jpg"></icon><desc></desc><category></category></programme><programme channel="BFKX-rwOIt-AB-ZgXHYaezFanZ5_q83BxK91ojNw" start="20230106180000 +0000" stop="20230106190000 +0000" catchup-id="OD3zLU3xFN2D4qjlan5dfYTFUrgDMHI8U6-Y2evg"><title>Tenors &amp; Divas</title><date></date><icon src="https://m7be2.solocoo.tv/m7be2iphone/mmchan/mpimages/260x145/NozFDHeIOpCN2O6NZQoxLg.jpg"></icon><desc></desc><category></category></programme><programme channel="BFKX-rwOIt-AB-ZgXHYaezFanZ5_q83BxK91ojNw" start="20230106190000 +0000" stop="20230106200000 +0000" catchup-id="9hAyd6ishl3QMY9A9_oVCBguM6377c4MVUQQBP_4"><title>Hall of Fame</title><date></date><icon src="https://m7be2.solocoo.tv/m7be2iphone/mmchan/mpimages/260x145/-ykD9zMHOMAiwBpGRMg4IA.jpg"></icon><desc></desc><category></category></programme><programme channel="BFKX-rwOIt-AB-ZgXHYaezFanZ5_q83BxK91ojNw" start="20230106200000 +0000" stop="20230106230000 +0000" catchup-id="w8FL5wh3YCn5peCFzboE61sMg_weygGixlBghuVL"><title>Evening Encore</title><date></date><icon src="https://m7be2.solocoo.tv/m7be2iphone/mmchan/mpimages/260x145/MeyibRsg7jy9aFmpwMmBBg.jpg"></icon><desc></desc><category></category></programme><programme channel="BFKX-rwOIt-AB-ZgXHYaezFanZ5_q83BxK91ojNw" start="20230106230000 +0000" stop="20230107050000 +0000" catchup-id="EibKNQybEcz6jP5Mczgf5s7I5seNNHifWs21QgYI"><title>Moonlight Melodies</title><date></date><icon src="https://m7be2.solocoo.tv/m7be2iphone/mmchan/mpimages/260x145/PLUKblm1lLz3HdR87s4vsg.jpg"></icon><desc></desc><category></category></programme><programme channel="BFKX-rwOIt-AB-ZgXHYaezFanZ5_q83BxK91ojNw" start="20230107050000 +0000" stop="20230107090000 +0000" catchup-id="T8kteNaKx5f0ckTDhvkgdGmxWd7_wX5u9pfC2dBS"><title>Dawn Chorus</title><date></date><icon src="https://m7be2.solocoo.tv/m7be2iphone/mmchan/mpimages/260x145/dYfNfbOTrtPTJ0OBuVg_Qw.jpg"></icon><desc></desc><category></category></programme><programme channel="BFKX-rwOIt-AB-ZgXHYaezFanZ5_q83BxK91ojNw" start="20230107090000 +0000" stop="20230107100000 +0000" catchup-id="GJI0RJ0AfWuEFfVFFr-FhdULyKO7a6kLvp3gb4jy"><title>Simply Strings</title><date></date><icon src="https://m7be2.solocoo.tv/m7be2iphone/mmchan/mpimages/260x145/8KFV_f8HNIDHHMtLqi2vOg.jpg"></icon><desc></desc><category></category></programme><programme channel="BFKX-rwOIt-AB-ZgXHYaezFanZ5_q83BxK91ojNw" start="20230107100000 +0000" stop="20230107110000 +0000" catchup-id="iibfJOzNzAFxH2HkyEDDhtgTI0LFxtjQkon-UfQ6"><title>Tenors &amp; Divas</title><date></date><icon src="https://m7be2.solocoo.tv/m7be2iphone/mmchan/mpimages/260x145/NozFDHeIOpCN2O6NZQoxLg.jpg"></icon><desc></desc><category></category></programme><programme channel="BFKX-rwOIt-AB-ZgXHYaezFanZ5_q83BxK91ojNw" start="20230107110000 +0000" stop="20230107120000 +0000" catchup-id="6G4stKevVA4D99go2U6xu7FEA1WZXPyzo7hMXdfF"><title>Hall of Fame</title><date></date><icon src="https://m7be2.solocoo.tv/m7be2iphone/mmchan/mpimages/260x145/-ykD9zMHOMAiwBpGRMg4IA.jpg"></icon><desc></desc><category></category></programme><programme channel="BFKX-rwOIt-AB-ZgXHYaezFanZ5_q83BxK91ojNw" start="20230107120000 +0000" stop="20230107160000 +0000" catchup-id="nu-OHjTYpdnnqkTtp0DRDxk2vJaTQuIREirih89q"><title>Saturday Selection</title><date></date><icon src="https://m7be2.solocoo.tv/m7be2iphone/mmchan/mpimages/260x145/97ydDE0iuEC6uv3147OYBA.jpg"></icon><desc></desc><category></category></programme><programme channel="BFKX-rwOIt-AB-ZgXHYaezFanZ5_q83BxK91ojNw" start="20230107160000 +0000" stop="20230107170000 +0000" catchup-id="GC-3xC80kpQ6VotTMFXPM_Y8QtO3Yj2Qc_-6Jecw"><title>Simply Strings</title><date></date><icon src="https://m7be2.solocoo.tv/m7be2iphone/mmchan/mpimages/260x145/8KFV_f8HNIDHHMtLqi2vOg.jpg"></icon><desc></desc><category></category></programme><programme channel="BFKX-rwOIt-AB-ZgXHYaezFanZ5_q83BxK91ojNw" start="20230107170000 +0000" stop="20230107180000 +0000" catchup-id="sQDbSHqcObZ17Wa5PEBRO7tx5AoGbr3ryE2sAVLy"><title>Pure Piano</title><date></date><icon src="https://m7be2.solocoo.tv/m7be2iphone/mmchan/mpimages/260x145/SYvYqLEStKblQ_9V_cuXUQ.jpg"></icon><desc></desc><category></category></programme><programme channel="BFKX-rwOIt-AB-ZgXHYaezFanZ5_q83BxK91ojNw" start="20230107180000 +0000" stop="20230107190000 +0000" catchup-id="O-KhfMAYP_yDP1LkdE1tejiOBsBD8_iB2ulmNo2L"><title>Tenors &amp; Divas</title><date></date><icon src="https://m7be2.solocoo.tv/m7be2iphone/mmchan/mpimages/260x145/NozFDHeIOpCN2O6NZQoxLg.jpg"></icon><desc></desc><category></category></programme><programme channel="BFKX-rwOIt-AB-ZgXHYaezFanZ5_q83BxK91ojNw" start="20230107190000 +0000" stop="20230107200000 +0000" catchup-id="5KIv0_HVrAOQyfwUU_vbmm9Ufw-glYMgsRGoS5pw"><title>At the Movies</title><date></date><icon src="https://m7be2.solocoo.tv/m7be2iphone/mmchan/mpimages/260x145/pM9IcpcKKeAp7wVru-7IMQ.jpg"></icon><desc></desc><category></category></programme><programme channel="BFKX-rwOIt-AB-ZgXHYaezFanZ5_q83BxK91ojNw" start="20230107200000 +0000" stop="20230107230000 +0000" catchup-id="NZK9YBnikQe5k_TSLVchzu-FFd-5iSkfZzQ4SxQW"><title>Evening Encore</title><date></date><icon src="https://m7be2.solocoo.tv/m7be2iphone/mmchan/mpimages/260x145/MeyibRsg7jy9aFmpwMmBBg.jpg"></icon><desc></desc><category></category></programme><programme channel="BFKX-rwOIt-AB-ZgXHYaezFanZ5_q83BxK91ojNw" start="20230107230000 +0000" stop="20230108050000 +0000" catchup-id="mH72yDIJDLyRPe11wL0H0jjFjBaTqkL5wIpvEivM"><title>Moonlight Melodies</title><date></date><icon src="https://m7be2.solocoo.tv/m7be2iphone/mmchan/mpimages/260x145/PLUKblm1lLz3HdR87s4vsg.jpg"></icon><desc></desc><category></category></programme><programme channel="BFKX-rwOIt-AB-ZgXHYaezFanZ5_q83BxK91ojNw" start="20230108050000 +0000" stop="20230108090000 +0000" catchup-id="xsRsDWgAxT793r-pGQeAstqlZh8f_NALbbqAU2qZ"><title>Dawn Chorus</title><date></date><icon src="https://m7be2.solocoo.tv/m7be2iphone/mmchan/mpimages/260x145/dYfNfbOTrtPTJ0OBuVg_Qw.jpg"></icon><desc></desc><category></category></programme><programme channel="BFKX-rwOIt-AB-ZgXHYaezFanZ5_q83BxK91ojNw" start="20230108090000 +0000" stop="20230108100000 +0000" catchup-id="BfQUUyJv6obG3ZX2xOBPP6PJjJpzV-2lBo7Wz5ws"><title>Simply Strings</title><date></date><icon src="https://m7be2.solocoo.tv/m7be2iphone/mmchan/mpimages/260x145/8KFV_f8HNIDHHMtLqi2vOg.jpg"></icon><desc></desc><category></category></programme><programme channel="BFKX-rwOIt-AB-ZgXHYaezFanZ5_q83BxK91ojNw" start="20230108100000 +0000" stop="20230108110000 +0000" catchup-id="GyEE8KVBrRHa1WkEF6D8Ap-PFsNnAW55GobpJhV3"><title>Tenors &amp; Divas</title><date></date><icon src="https://m7be2.solocoo.tv/m7be2iphone/mmchan/mpimages/260x145/NozFDHeIOpCN2O6NZQoxLg.jpg"></icon><desc></desc><category></category></programme><programme channel="BFKX-rwOIt-AB-ZgXHYaezFanZ5_q83BxK91ojNw" start="20230108110000 +0000" stop="20230108120000 +0000" catchup-id="4pNeAB_GTNOBioRdcZVR9jmBvfgFnsXYbFGGPaby"><title>Hall of Fame</title><date></date><icon src="https://m7be2.solocoo.tv/m7be2iphone/mmchan/mpimages/260x145/-ykD9zMHOMAiwBpGRMg4IA.jpg"></icon><desc></desc><category></category></programme><programme channel="BFKX-rwOIt-AB-ZgXHYaezFanZ5_q83BxK91ojNw" start="20230108120000 +0000" stop="20230108160000 +0000" catchup-id="98yhJO8W5dtbxOxGl-wzmN5YwSBaydWg-tM3gJZ2"><title>Sunday Selection</title><date></date><icon src="https://m7be2.solocoo.tv/m7be2iphone/mmchan/mpimages/260x145/W-HzgVXt6-xK5MfVCglZ0g.jpg"></icon><desc></desc><category></category></programme><programme channel="BFKX-rwOIt-AB-ZgXHYaezFanZ5_q83BxK91ojNw" start="20230108160000 +0000" stop="20230108170000 +0000" catchup-id="OigRSX5MomhQzBigv96L53uQEjK7WKthddO-kH90"><title>Simply Strings</title><date></date><icon src="https://m7be2.solocoo.tv/m7be2iphone/mmchan/mpimages/260x145/8KFV_f8HNIDHHMtLqi2vOg.jpg"></icon><desc></desc><category></category></programme><programme channel="BFKX-rwOIt-AB-ZgXHYaezFanZ5_q83BxK91ojNw" start="20230108170000 +0000" stop="20230108180000 +0000" catchup-id="SL5e3GpKyswcjaX4wPdxYbNJ8SAaxBQHCkmI1vlb"><title>Pure Piano</title><date></date><icon src="https://m7be2.solocoo.tv/m7be2iphone/mmchan/mpimages/260x145/SYvYqLEStKblQ_9V_cuXUQ.jpg"></icon><desc></desc><category></category></programme><programme channel="BFKX-rwOIt-AB-ZgXHYaezFanZ5_q83BxK91ojNw" start="20230108180000 +0000" stop="20230108190000 +0000" catchup-id="tyB6q6eE9jMvD3S1QCQYAE8BbcWjQlFjFfIVUNTP"><title>Tenors &amp; Divas</title><date></date><icon src="https://m7be2.solocoo.tv/m7be2iphone/mmchan/mpimages/260x145/NozFDHeIOpCN2O6NZQoxLg.jpg"></icon><desc></desc><category></category></programme><programme channel="BFKX-rwOIt-AB-ZgXHYaezFanZ5_q83BxK91ojNw" start="20230108190000 +0000" stop="20230108200000 +0000" catchup-id="Q8WEhem6BLDO_DOK5VlyqwycQYnWBDFkJMy40UMt"><title>Chinese New Year</title><date></date><icon src="https://m7be2.solocoo.tv/m7be2iphone/mmchan/mpimages/260x145/pQajb1W6NkkL2wgvjX9ZMQ.jpg"></icon><desc></desc><category></category></programme><programme channel="BFKX-rwOIt-AB-ZgXHYaezFanZ5_q83BxK91ojNw" start="20230108200000 +0000" stop="20230108230000 +0000" catchup-id="6chXTKhYL90lnyDU3URsHe2WQppDZafI2ciRMirA"><title>Evening Encore</title><date></date><icon src="https://m7be2.solocoo.tv/m7be2iphone/mmchan/mpimages/260x145/MeyibRsg7jy9aFmpwMmBBg.jpg"></icon><desc></desc><category></category></programme><programme channel="BFKX-rwOIt-AB-ZgXHYaezFanZ5_q83BxK91ojNw" start="20230108230000 +0000" stop="20230109050000 +0000" catchup-id="_8msUfoIBTaprtR3BvUMlgUQucCfsK6RhVS7zcFQ"><title>Moonlight Melodies</title><date></date><icon src="https://m7be2.solocoo.tv/m7be2iphone/mmchan/mpimages/260x145/PLUKblm1lLz3HdR87s4vsg.jpg"></icon><desc></desc><category></category></programme><programme channel="BFKX-rwOIt-AB-ZgXHYaezFanZ5_q83BxK91ojNw" start="20230109050000 +0000" stop="20230109090000 +0000" catchup-id="yE6Yd5XAa47DB1_hyraIt62o6wtHNyf9dXkJ2uVm"><title>Dawn Chorus</title><date></date><icon src="https://m7be2.solocoo.tv/m7be2iphone/mmchan/mpimages/260x145/dYfNfbOTrtPTJ0OBuVg_Qw.jpg"></icon><desc></desc><category></category></programme><programme channel="BFKX-rwOIt-AB-ZgXHYaezFanZ5_q83BxK91ojNw" start="20230109090000 +0000" stop="20230109100000 +0000" catchup-id="4iP5Slqh7ekRWvmNslGEQ6zlNPRQIqz1X4tJFOXW"><title>Simply Strings</title><date></date><icon src="https://m7be2.solocoo.tv/m7be2iphone/mmchan/mpimages/260x145/8KFV_f8HNIDHHMtLqi2vOg.jpg"></icon><desc></desc><category></category></programme><programme channel="BFKX-rwOIt-AB-ZgXHYaezFanZ5_q83BxK91ojNw" start="20230109100000 +0000" stop="20230109110000 +0000" catchup-id="64pRXASTzGgRh86Ewt0UM2WYU4k4XNzzBFEB4VHo"><title>Tenors &amp; Divas</title><date></date><icon src="https://m7be2.solocoo.tv/m7be2iphone/mmchan/mpimages/260x145/NozFDHeIOpCN2O6NZQoxLg.jpg"></icon><desc></desc><category></category></programme><programme channel="BFKX-rwOIt-AB-ZgXHYaezFanZ5_q83BxK91ojNw" start="20230109110000 +0000" stop="20230109120000 +0000" catchup-id="Rnr_ATFhmbRPMaWsllAwx2clh491Mb9OKXBokjkW"><title>Hall of Fame</title><date></date><icon src="https://m7be2.solocoo.tv/m7be2iphone/mmchan/mpimages/260x145/-ykD9zMHOMAiwBpGRMg4IA.jpg"></icon><desc></desc><category></category></programme><programme channel="BFKX-rwOIt-AB-ZgXHYaezFanZ5_q83BxK91ojNw" start="20230109120000 +0000" stop="20230109160000 +0000" catchup-id="7_mJkHMoMUIQSNbtpz4dtnIUEq94bbnZ8h5DUwIn"><title>Afternoon Overture</title><date></date><icon src="https://m7be2.solocoo.tv/m7be2iphone/mmchan/mpimages/260x145/KM5eD8fMzwPnZMwn_yH9fw.jpg"></icon><desc></desc><category></category></programme><programme channel="BFKX-rwOIt-AB-ZgXHYaezFanZ5_q83BxK91ojNw" start="20230109160000 +0000" stop="20230109170000 +0000" catchup-id="I8jEc_XiuwLb4PPXWPGhN5iKtF1amNOhWVSduAet"><title>Simply Strings</title><date></date><icon src="https://m7be2.solocoo.tv/m7be2iphone/mmchan/mpimages/260x145/8KFV_f8HNIDHHMtLqi2vOg.jpg"></icon><desc></desc><category></category></programme><programme channel="BFKX-rwOIt-AB-ZgXHYaezFanZ5_q83BxK91ojNw" start="20230109170000 +0000" stop="20230109180000 +0000" catchup-id="GBaPoSksdOGHCNhHETorHWPwBFLPvUMgdliDsDBo"><title>Pure Piano</title><date></date><icon src="https://m7be2.solocoo.tv/m7be2iphone/mmchan/mpimages/260x145/SYvYqLEStKblQ_9V_cuXUQ.jpg"></icon><desc></desc><category></category></programme><programme channel="BFKX-rwOIt-AB-ZgXHYaezFanZ5_q83BxK91ojNw" start="20230109180000 +0000" stop="20230109190000 +0000" catchup-id="skiaiRTQKVNQU_8RkD5x5QmVdRgOzT-QoPMuBV9Q"><title>Tenors &amp; Divas</title><date></date><icon src="https://m7be2.solocoo.tv/m7be2iphone/mmchan/mpimages/260x145/NozFDHeIOpCN2O6NZQoxLg.jpg"></icon><desc></desc><category></category></programme><programme channel="BFKX-rwOIt-AB-ZgXHYaezFanZ5_q83BxK91ojNw" start="20230109190000 +0000" stop="20230109200000 +0000" catchup-id="JdXAPBZHEAMFmswjK9owxksH1cwh7mOcAWAKXLQZ"><title>Hall of Fame</title><date></date><icon src="https://m7be2.solocoo.tv/m7be2iphone/mmchan/mpimages/260x145/-ykD9zMHOMAiwBpGRMg4IA.jpg"></icon><desc></desc><category></category></programme><programme channel="BFKX-rwOIt-AB-ZgXHYaezFanZ5_q83BxK91ojNw" start="20230109200000 +0000" stop="20230109230000 +0000" catchup-id="RZZyGF4gn2kaN6S3hKt8N0oBow9A0V67vE6dkiAV"><title>Evening Encore</title><date></date><icon src="https://m7be2.solocoo.tv/m7be2iphone/mmchan/mpimages/260x145/MeyibRsg7jy9aFmpwMmBBg.jpg"></icon><desc></desc><category></category></programme><programme channel="BFKX-rwOIt-AB-ZgXHYaezFanZ5_q83BxK91ojNw" start="20230109230000 +0000" stop="20230110050000 +0000" catchup-id="YJOp5A5c01WD6snuc6A-w7ZTepPodcrHKCVsBikH"><title>Moonlight Melodies</title><date></date><icon src="https://m7be2.solocoo.tv/m7be2iphone/mmchan/mpimages/260x145/PLUKblm1lLz3HdR87s4vsg.jpg"></icon><desc></desc><category></category></programme><programme channel="BFKX-rwOIt-AB-ZgXHYaezFanZ5_q83BxK91ojNw" start="20230110050000 +0000" stop="20230110090000 +0000" catchup-id="sDZ_EG91ySxiW4v1mBTyAc6quJbjIF_VDwYLtyEQ"><title>Dawn Chorus</title><date></date><icon src="https://m7be2.solocoo.tv/m7be2iphone/mmchan/mpimages/260x145/dYfNfbOTrtPTJ0OBuVg_Qw.jpg"></icon><desc></desc><category></category></programme><programme channel="BFKX-rwOIt-AB-ZgXHYaezFanZ5_q83BxK91ojNw" start="20230110090000 +0000" stop="20230110100000 +0000" catchup-id="jHTKxhtK6-LYz5PchP37EBd-VsR-tXc_QuKRZw60"><title>Simply Strings</title><date></date><icon src="https://m7be2.solocoo.tv/m7be2iphone/mmchan/mpimages/260x145/8KFV_f8HNIDHHMtLqi2vOg.jpg"></icon><desc></desc><category></category></programme><programme channel="BFKX-rwOIt-AB-ZgXHYaezFanZ5_q83BxK91ojNw" start="20230110100000 +0000" stop="20230110110000 +0000" catchup-id="gE9LF2exRNHlkLD-aC51lqaVuutnw7SVKGch2G_K"><title>Tenors &amp; Divas</title><date></date><icon src="https://m7be2.solocoo.tv/m7be2iphone/mmchan/mpimages/260x145/NozFDHeIOpCN2O6NZQoxLg.jpg"></icon><desc></desc><category></category></programme><programme channel="BFKX-rwOIt-AB-ZgXHYaezFanZ5_q83BxK91ojNw" start="20230110110000 +0000" stop="20230110120000 +0000" catchup-id="AZEItA5MQa4DQ5wNRwKFDHU4s5gApWvnuEfE0k9M"><title>Hall of Fame</title><date></date><icon src="https://m7be2.solocoo.tv/m7be2iphone/mmchan/mpimages/260x145/-ykD9zMHOMAiwBpGRMg4IA.jpg"></icon><desc></desc><category></category></programme><programme channel="BFKX-rwOIt-AB-ZgXHYaezFanZ5_q83BxK91ojNw" start="20230110120000 +0000" stop="20230110160000 +0000" catchup-id="xV3IhicOlgUtVighng9a4Dz-kJGJqivzrc8XkeS7"><title>Afternoon Overture</title><date></date><icon src="https://m7be2.solocoo.tv/m7be2iphone/mmchan/mpimages/260x145/KM5eD8fMzwPnZMwn_yH9fw.jpg"></icon><desc></desc><category></category></programme><programme channel="BFKX-rwOIt-AB-ZgXHYaezFanZ5_q83BxK91ojNw" start="20230110160000 +0000" stop="20230110170000 +0000" catchup-id="m3KbnDwcYoLHX5GzWtfiDgqgWhMx9n5QSvd0gv6I"><title>Simply Strings</title><date></date><icon src="https://m7be2.solocoo.tv/m7be2iphone/mmchan/mpimages/260x145/8KFV_f8HNIDHHMtLqi2vOg.jpg"></icon><desc></desc><category></category></programme><programme channel="BFKX-rwOIt-AB-ZgXHYaezFanZ5_q83BxK91ojNw" start="20230110170000 +0000" stop="20230110180000 +0000" catchup-id="HcHseGDJzi43LwUGievo8kOzs8XF3FB6qVUZckuR"><title>Pure Piano</title><date></date><icon src="https://m7be2.solocoo.tv/m7be2iphone/mmchan/mpimages/260x145/SYvYqLEStKblQ_9V_cuXUQ.jpg"></icon><desc></desc><category></category></programme><programme channel="BFKX-rwOIt-AB-ZgXHYaezFanZ5_q83BxK91ojNw" start="20230110180000 +0000" stop="20230110190000 +0000" catchup-id="3Z2ZEVgtiyvlLDC8ZbkrfY4ZiDv1e7xRuO4XNSRC"><title>Tenors &amp; Divas</title><date></date><icon src="https://m7be2.solocoo.tv/m7be2iphone/mmchan/mpimages/260x145/NozFDHeIOpCN2O6NZQoxLg.jpg"></icon><desc></desc><category></category></programme><programme channel="BFKX-rwOIt-AB-ZgXHYaezFanZ5_q83BxK91ojNw" start="20230110190000 +0000" stop="20230110200000 +0000" catchup-id="WoWkzLRg8_3H4rjQ81xcJUwdEmGssNe4ZoyCsKdZ"><title>Hall of Fame</title><date></date><icon src="https://m7be2.solocoo.tv/m7be2iphone/mmchan/mpimages/260x145/-ykD9zMHOMAiwBpGRMg4IA.jpg"></icon><desc></desc><category></category></programme><programme channel="BFKX-rwOIt-AB-ZgXHYaezFanZ5_q83BxK91ojNw" start="20230110200000 +0000" stop="20230110230000 +0000" catchup-id="kAYLFo3t8pISWTUpMk2Cn-ANwjnGEIkYRhAECKfJ"><title>Evening Encore</title><date></date><icon src="https://m7be2.solocoo.tv/m7be2iphone/mmchan/mpimages/260x145/MeyibRsg7jy9aFmpwMmBBg.jpg"></icon><desc></desc><category></category></programme><programme channel="BFKX-rwOIt-AB-ZgXHYaezFanZ5_q83BxK91ojNw" start="20230110230000 +0000" stop="20230111050000 +0000" catchup-id="YaxR598bEG42m1JOEo8EMu3FrK_E4dAY7B1jHy8o"><title>Moonlight Melodies</title><date></date><icon src="https://m7be2.solocoo.tv/m7be2iphone/mmchan/mpimages/260x145/PLUKblm1lLz3HdR87s4vsg.jpg"></icon><desc></desc><category></category></programme><programme channel="BFKX-rwOIt-AB-ZgXHYaezFanZ5_q83BxK91ojNw" start="20230111050000 +0000" stop="20230111090000 +0000" catchup-id="arIPcnxxtLUYt_ajNR-2TcmcJkt7n9FzKSlIzyVI"><title>Dawn Chorus</title><date></date><icon src="https://m7be2.solocoo.tv/m7be2iphone/mmchan/mpimages/260x145/dYfNfbOTrtPTJ0OBuVg_Qw.jpg"></icon><desc></desc><category></category></programme><programme channel="BFKX-rwOIt-AB-ZgXHYaezFanZ5_q83BxK91ojNw" start="20230111090000 +0000" stop="20230111100000 +0000" catchup-id="7BvnkoeJiqu7bdR7oy_upe8zmzAfZOVo6kWmwVhw"><title>Simply Strings</title><date></date><icon src="https://m7be2.solocoo.tv/m7be2iphone/mmchan/mpimages/260x145/8KFV_f8HNIDHHMtLqi2vOg.jpg"></icon><desc></desc><category></category></programme><programme channel="BFKX-rwOIt-AB-ZgXHYaezFanZ5_q83BxK91ojNw" start="20230111100000 +0000" stop="20230111110000 +0000" catchup-id="kYEyqhdb_l12jOkT8nGMGa8QbQHTaYB4LqeupgWv"><title>Tenors &amp; Divas</title><date></date><icon src="https://m7be2.solocoo.tv/m7be2iphone/mmchan/mpimages/260x145/NozFDHeIOpCN2O6NZQoxLg.jpg"></icon><desc></desc><category></category></programme><programme channel="BFKX-rwOIt-AB-ZgXHYaezFanZ5_q83BxK91ojNw" start="20230111110000 +0000" stop="20230111120000 +0000" catchup-id="VjF7s7Qgn_nWVfmZdcwdIOfhDW_Pat9S5z9nDiEi"><title>Hall of Fame</title><date></date><icon src="https://m7be2.solocoo.tv/m7be2iphone/mmchan/mpimages/260x145/-ykD9zMHOMAiwBpGRMg4IA.jpg"></icon><desc></desc><category></category></programme><programme channel="BFKX-rwOIt-AB-ZgXHYaezFanZ5_q83BxK91ojNw" start="20230111120000 +0000" stop="20230111160000 +0000" catchup-id="9jyl5vHP3t7WWfA1xjFondmcZFB_PMnyAiPHU0op"><title>Afternoon Overture</title><date></date><icon src="https://m7be2.solocoo.tv/m7be2iphone/mmchan/mpimages/260x145/KM5eD8fMzwPnZMwn_yH9fw.jpg"></icon><desc></desc><category></category></programme><programme channel="BFKX-rwOIt-AB-ZgXHYaezFanZ5_q83BxK91ojNw" start="20230111160000 +0000" stop="20230111170000 +0000" catchup-id="K0vDAET_g4ScAEQUrHEVqQJJKiNAM-9TUTH70ABf"><title>Simply Strings</title><date></date><icon src="https://m7be2.solocoo.tv/m7be2iphone/mmchan/mpimages/260x145/8KFV_f8HNIDHHMtLqi2vOg.jpg"></icon><desc></desc><category></category></programme><programme channel="BFKX-rwOIt-AB-ZgXHYaezFanZ5_q83BxK91ojNw" start="20230111170000 +0000" stop="20230111180000 +0000" catchup-id="willoeKGxSpc8Dxt99WSDJaN0L55ADE4CjZlfxAu"><title>Pure Piano</title><date></date><icon src="https://m7be2.solocoo.tv/m7be2iphone/mmchan/mpimages/260x145/SYvYqLEStKblQ_9V_cuXUQ.jpg"></icon><desc></desc><category></category></programme><programme channel="BFKX-rwOIt-AB-ZgXHYaezFanZ5_q83BxK91ojNw" start="20230111180000 +0000" stop="20230111190000 +0000" catchup-id="_N28bf51FoiIFG2ZeYSrMb-LDzS3VUR7jd3kj9xS"><title>Tenors &amp; Divas</title><date></date><icon src="https://m7be2.solocoo.tv/m7be2iphone/mmchan/mpimages/260x145/NozFDHeIOpCN2O6NZQoxLg.jpg"></icon><desc></desc><category></category></programme><programme channel="BFKX-rwOIt-AB-ZgXHYaezFanZ5_q83BxK91ojNw" start="20230111190000 +0000" stop="20230111200000 +0000" catchup-id="jzgRIR81rTkobYHocw5quCr7-6aTct9MrU3EILzd"><title>Hall of Fame</title><date></date><icon src="https://m7be2.solocoo.tv/m7be2iphone/mmchan/mpimages/260x145/-ykD9zMHOMAiwBpGRMg4IA.jpg"></icon><desc></desc><category></category></programme><programme channel="BFKX-rwOIt-AB-ZgXHYaezFanZ5_q83BxK91ojNw" start="20230111200000 +0000" stop="20230111230000 +0000" catchup-id="C-3UfJWs019JoqEECY8-qy2x-pEBEqmsmWEOWVPX"><title>Evening Encore</title><date></date><icon src="https://m7be2.solocoo.tv/m7be2iphone/mmchan/mpimages/260x145/MeyibRsg7jy9aFmpwMmBBg.jpg"></icon><desc></desc><category></category></programme><programme channel="BFKX-rwOIt-AB-ZgXHYaezFanZ5_q83BxK91ojNw" start="20230111230000 +0000" stop="20230112050000 +0000" catchup-id="_17YlDtJCwPMrGlcil0zJZQe7Smvcmm1HsrXYqL9"><title>Moonlight Melodies</title><date></date><icon src="https://m7be2.solocoo.tv/m7be2iphone/mmchan/mpimages/260x145/PLUKblm1lLz3HdR87s4vsg.jpg"></icon><desc></desc><category></category></programme><programme channel="BFKX-rwOIt-AB-ZgXHYaezFanZ5_q83BxK91ojNw" start="20230112050000 +0000" stop="20230112090000 +0000" catchup-id="346utOHqLWS5iRZlMYoHZC7j7EK8xswZCkSRUpvN"><title>Dawn Chorus</title><date></date><icon src="https://m7be2.solocoo.tv/m7be2iphone/mmchan/mpimages/260x145/dYfNfbOTrtPTJ0OBuVg_Qw.jpg"></icon><desc></desc><category></category></programme><programme channel="BFKX-rwOIt-AB-ZgXHYaezFanZ5_q83BxK91ojNw" start="20230112090000 +0000" stop="20230112100000 +0000" catchup-id="oF1uhlOC1H3ojaWIPsnqBQVO8xiyUEtBnrjGEjlH"><title>Simply Strings</title><date></date><icon src="https://m7be2.solocoo.tv/m7be2iphone/mmchan/mpimages/260x145/8KFV_f8HNIDHHMtLqi2vOg.jpg"></icon><desc></desc><category></category></programme><programme channel="BFKX-rwOIt-AB-ZgXHYaezFanZ5_q83BxK91ojNw" start="20230112100000 +0000" stop="20230112110000 +0000" catchup-id="oYw3CC5nt3IqkR3f6WzpB2olBO2O8Y6pgd0YQd34"><title>Tenors &amp; Divas</title><date></date><icon src="https://m7be2.solocoo.tv/m7be2iphone/mmchan/mpimages/260x145/NozFDHeIOpCN2O6NZQoxLg.jpg"></icon><desc></desc><category></category></programme><programme channel="BFKX-rwOIt-AB-ZgXHYaezFanZ5_q83BxK91ojNw" start="20230112110000 +0000" stop="20230112120000 +0000" catchup-id="VpVuKiJRE4NGPOmMPhA1N_UcZsos2d7gbVo22vPT"><title>Hall of Fame</title><date></date><icon src="https://m7be2.solocoo.tv/m7be2iphone/mmchan/mpimages/260x145/-ykD9zMHOMAiwBpGRMg4IA.jpg"></icon><desc></desc><category></category></programme><programme channel="BFKX-rwOIt-AB-ZgXHYaezFanZ5_q83BxK91ojNw" start="20230112120000 +0000" stop="20230112160000 +0000" catchup-id="-pABg6PcSSHubCiRpboY7oSNnVf8wnh_fygvL64j"><title>Afternoon Overture</title><date></date><icon src="https://m7be2.solocoo.tv/m7be2iphone/mmchan/mpimages/260x145/KM5eD8fMzwPnZMwn_yH9fw.jpg"></icon><desc></desc><category></category></programme><programme channel="BFKX-rwOIt-AB-ZgXHYaezFanZ5_q83BxK91ojNw" start="20230112160000 +0000" stop="20230112170000 +0000" catchup-id="3D-HFWvqRWQcNOzS_1CCJ4ZEwCYdi2PQuBDx4POX"><title>Simply Strings</title><date></date><icon src="https://m7be2.solocoo.tv/m7be2iphone/mmchan/mpimages/260x145/8KFV_f8HNIDHHMtLqi2vOg.jpg"></icon><desc></desc><category></category></programme><programme channel="BFKX-rwOIt-AB-ZgXHYaezFanZ5_q83BxK91ojNw" start="20230112170000 +0000" stop="20230112180000 +0000" catchup-id="PCX8QGSLJ_Bu07t6EggF5dr-LnKcp4BuHHy92CJ6"><title>Pure Piano</title><date></date><icon src="https://m7be2.solocoo.tv/m7be2iphone/mmchan/mpimages/260x145/SYvYqLEStKblQ_9V_cuXUQ.jpg"></icon><desc></desc><category></category></programme><programme channel="BFKX-rwOIt-AB-ZgXHYaezFanZ5_q83BxK91ojNw" start="20230112180000 +0000" stop="20230112190000 +0000" catchup-id="WcSPNTlzyFAmt4Y5rnarM0OwTecr8vQCRfWfkFLJ"><title>Tenors &amp; Divas</title><date></date><icon src="https://m7be2.solocoo.tv/m7be2iphone/mmchan/mpimages/260x145/NozFDHeIOpCN2O6NZQoxLg.jpg"></icon><desc></desc><category></category></programme><programme channel="BFKX-rwOIt-AB-ZgXHYaezFanZ5_q83BxK91ojNw" start="20230112190000 +0000" stop="20230112200000 +0000" catchup-id="YUi5vUr2BAv0e9u0WRIeSf1RPHmoBdFVfxq0FRPT"><title>Hall of Fame</title><date></date><icon src="https://m7be2.solocoo.tv/m7be2iphone/mmchan/mpimages/260x145/-ykD9zMHOMAiwBpGRMg4IA.jpg"></icon><desc></desc><category></category></programme>