<programme channel="O7u9KkM0xGhIgPd7SI3vCYXo-isfcKEhVe-fYkWo" start="20221228230000 +0000" stop="20221229050000 +0000" catchup-id="z-hl2xJlwANZo81J_LED8BhqgWyFPG0r4yhuvKG3"><title>Je kijkt naar de sterren</title><date></date><icon src="https://m7be2.solocoo.tv/m7be2iphone/mmchan/mpimages/208x308/2DXFImC9AODSlYFMd3cOAA.jpg"></icon><desc></desc><category></category></programme><programme channel="O7u9KkM0xGhIgPd7SI3vCYXo-isfcKEhVe-fYkWo" start="20221229050000 +0000" stop="20221229060000 +0000" catchup-id="5-hHgY_Bdz0NMJcymK7nR1TdcnDfv5G3GApaB18f"><title>Nog even soezen</title><date></date><icon src="https://m7be2.solocoo.tv/m7be2iphone/mmchan/mpimages/208x308/EP9L00Ledo0KH-bgcbZJFw.jpg"></icon><desc></desc><category></category></programme><programme channel="O7u9KkM0xGhIgPd7SI3vCYXo-isfcKEhVe-fYkWo" start="20221229060000 +0000" stop="20221229070000 +0000" catchup-id="ebIbzp6bH9A8gxdBSy3XrNX8ro2s2xo9Y0HS5Iyk"><title>Goeiemorgen morgen</title><date></date><icon src="https://m7be2.solocoo.tv/m7be2iphone/mmchan/mpimages/208x308/5pGQV5NU4QRyP7gwRpjwtg.jpg"></icon><desc></desc><category></category></programme><programme channel="O7u9KkM0xGhIgPd7SI3vCYXo-isfcKEhVe-fYkWo" start="20221229070000 +0000" stop="20221229080000 +0000" catchup-id="hs6u7zKKCzM0wKFgGLKzaB_m-nWoOv_FFetM5LRB"><title>Al-1-maar-hits!</title><date></date><icon src="https://m7be2.solocoo.tv/m7be2iphone/mmchan/mpimages/208x308/R6lYp9QZdiAjDGhfISmPlA.jpg"></icon><desc></desc><category></category></programme><programme channel="O7u9KkM0xGhIgPd7SI3vCYXo-isfcKEhVe-fYkWo" start="20221229080000 +0000" stop="20221229090000 +0000" catchup-id="KaVozF5U9jsbRUkNRbmRw2CYN_gBZq6Xc19P4zit"><title>Een Uur Sorry Music</title><date></date><icon src="https://m7be2.solocoo.tv/m7be2iphone/mmchan/mpimages/208x308/Ogyhv6tpa37BNREUDHzSSA.jpg"></icon><desc></desc><category></category></programme><programme channel="O7u9KkM0xGhIgPd7SI3vCYXo-isfcKEhVe-fYkWo" start="20221229090000 +0000" stop="20221229110000 +0000" catchup-id="drBjwtfe3DE8KNsb8zy6XkESCp8PSX1WZgvP-bsr"><title>De Keuze Van Mathieu Kerst Top</title><date></date><icon src="https://m7be2.solocoo.tv/m7be2iphone/mmchan/mpimages/208x308/ys8w-JyYSqd0atSw2Ec-gg.jpg"></icon><desc></desc><category></category></programme><programme channel="O7u9KkM0xGhIgPd7SI3vCYXo-isfcKEhVe-fYkWo" start="20221229110000 +0000" stop="20221229150000 +0000" catchup-id="0MikuS9y9aeiNyeQxJdxG80MNXEB3IslMto8hKiR"><title>Al-1-maar-hits!</title><date></date><icon src="https://m7be2.solocoo.tv/m7be2iphone/mmchan/mpimages/208x308/R6lYp9QZdiAjDGhfISmPlA.jpg"></icon><desc></desc><category></category></programme><programme channel="O7u9KkM0xGhIgPd7SI3vCYXo-isfcKEhVe-fYkWo" start="20221229150000 +0000" stop="20221229160000 +0000" catchup-id="M3vgZYVii_umUXAjdctMWha8IeRXo2CmLzwghi52"><title>Wat een Dag</title><date></date><icon src="https://m7be2.solocoo.tv/m7be2iphone/mmchan/mpimages/208x308/xkylcPBUIeRYcIwYyZqvSA.jpg"></icon><desc></desc><category></category></programme><programme channel="O7u9KkM0xGhIgPd7SI3vCYXo-isfcKEhVe-fYkWo" start="20221229160000 +0000" stop="20221229170000 +0000" catchup-id="bzht6TSKduHxKrv_3kUe8ows945zse5MOm99HO00"><title>Jaaroverzicht Met Marc Boon</title><date></date><icon src="https://m7be2.solocoo.tv/m7be2iphone/mmchan/mpimages/208x308/ys8w-JyYSqd0atSw2Ec-gg.jpg"></icon><desc></desc><category></category></programme><programme channel="O7u9KkM0xGhIgPd7SI3vCYXo-isfcKEhVe-fYkWo" start="20221229170000 +0000" stop="20221229190000 +0000" catchup-id="opp5XDqBTdLxhE_jKTBf1q4duMRep65CzzJCizUH"><title>Al-1-maar-hits!</title><date></date><icon src="https://m7be2.solocoo.tv/m7be2iphone/mmchan/mpimages/208x308/R6lYp9QZdiAjDGhfISmPlA.jpg"></icon><desc></desc><category></category></programme><programme channel="O7u9KkM0xGhIgPd7SI3vCYXo-isfcKEhVe-fYkWo" start="20221229190000 +0000" stop="20221229200000 +0000" catchup-id="iwpY6dfNae2diE4aR_iyhYMVmuo-_GkBcK5VkZUK"><title>Een Uur Sorry Music</title><date></date><icon src="https://m7be2.solocoo.tv/m7be2iphone/mmchan/mpimages/208x308/Ogyhv6tpa37BNREUDHzSSA.jpg"></icon><desc></desc><category></category></programme><programme channel="O7u9KkM0xGhIgPd7SI3vCYXo-isfcKEhVe-fYkWo" start="20221229200000 +0000" stop="20221229210000 +0000" catchup-id="Mabveisj0Ao52Wg7jULI-J39wgEc2phWjceDaQS0"><title>In levende lijve</title><date></date><icon src="https://m7be2.solocoo.tv/m7be2iphone/mmchan/mpimages/208x308/fhQH2xr5xgLP6p2PKNIw2w.jpg"></icon><desc></desc><category></category></programme><programme channel="O7u9KkM0xGhIgPd7SI3vCYXo-isfcKEhVe-fYkWo" start="20221229210000 +0000" stop="20221229220000 +0000" catchup-id="ipTOrrI42wmLZtM4UEmjJrOv12T3aBBT052QA3oG"><title>Jaaroverzicht Met Marc Boon</title><date></date><icon src="https://m7be2.solocoo.tv/m7be2iphone/mmchan/mpimages/208x308/ys8w-JyYSqd0atSw2Ec-gg.jpg"></icon><desc></desc><category></category></programme><programme channel="O7u9KkM0xGhIgPd7SI3vCYXo-isfcKEhVe-fYkWo" start="20221229220000 +0000" stop="20221229230000 +0000" catchup-id="plMdI0ZksugAfj5m1c5dU-E6q0uQ2IOOk6BxRZG2"><title>Al-1-maar-hits!</title><date></date><icon src="https://m7be2.solocoo.tv/m7be2iphone/mmchan/mpimages/208x308/R6lYp9QZdiAjDGhfISmPlA.jpg"></icon><desc></desc><category></category></programme><programme channel="O7u9KkM0xGhIgPd7SI3vCYXo-isfcKEhVe-fYkWo" start="20221229230000 +0000" stop="20221230050000 +0000" catchup-id="a-Io8XSYp-FcDof9c-V-3r2XJJvT3lBzcZXa4RNw"><title>Je kijkt naar de sterren</title><date></date><icon src="https://m7be2.solocoo.tv/m7be2iphone/mmchan/mpimages/208x308/2DXFImC9AODSlYFMd3cOAA.jpg"></icon><desc></desc><category></category></programme><programme channel="O7u9KkM0xGhIgPd7SI3vCYXo-isfcKEhVe-fYkWo" start="20221230050000 +0000" stop="20221230060000 +0000" catchup-id="wI9Rzw0pvT4CeFRTL2mPSt7-h-pobZ5kVPAbLp2K"><title>Nog even soezen</title><date></date><icon src="https://m7be2.solocoo.tv/m7be2iphone/mmchan/mpimages/208x308/EP9L00Ledo0KH-bgcbZJFw.jpg"></icon><desc></desc><category></category></programme><programme channel="O7u9KkM0xGhIgPd7SI3vCYXo-isfcKEhVe-fYkWo" start="20221230060000 +0000" stop="20221230070000 +0000" catchup-id="ldu4UitJx6lrLEJiU4agS4agA4KmXd6VeV-dKMyY"><title>Goeiemorgen morgen</title><date></date><icon src="https://m7be2.solocoo.tv/m7be2iphone/mmchan/mpimages/208x308/5pGQV5NU4QRyP7gwRpjwtg.jpg"></icon><desc></desc><category></category></programme><programme channel="O7u9KkM0xGhIgPd7SI3vCYXo-isfcKEhVe-fYkWo" start="20221230070000 +0000" stop="20221230080000 +0000" catchup-id="Osns7jI7I5xvA03Z-ELL5YCoi5jvJFku0egstHcW"><title>Al-1-maar-hits!</title><date></date><icon src="https://m7be2.solocoo.tv/m7be2iphone/mmchan/mpimages/208x308/R6lYp9QZdiAjDGhfISmPlA.jpg"></icon><desc></desc><category></category></programme><programme channel="O7u9KkM0xGhIgPd7SI3vCYXo-isfcKEhVe-fYkWo" start="20221230080000 +0000" stop="20221230090000 +0000" catchup-id="M6Q7-yt9mL01PViCzuw3fK85aPziP6l274SaqCtd"><title>Een Uur Sorry Music</title><date></date><icon src="https://m7be2.solocoo.tv/m7be2iphone/mmchan/mpimages/208x308/Ogyhv6tpa37BNREUDHzSSA.jpg"></icon><desc></desc><category></category></programme><programme channel="O7u9KkM0xGhIgPd7SI3vCYXo-isfcKEhVe-fYkWo" start="20221230090000 +0000" stop="20221230180000 +0000" catchup-id="zLTGEC4Yzv9c7Xdw9rxRHTLz-NGHem9JTfIu8CaQ"><title>Vrolijke Vrijdag Vanuit Willebroek</title><date></date><icon src="https://m7be2.solocoo.tv/m7be2iphone/mmchan/mpimages/208x308/ys8w-JyYSqd0atSw2Ec-gg.jpg"></icon><desc></desc><category></category></programme><programme channel="O7u9KkM0xGhIgPd7SI3vCYXo-isfcKEhVe-fYkWo" start="20221230180000 +0000" stop="20221230200000 +0000" catchup-id="cQYpXSEK-OKmusrM-YIe1X-DjRhqmV8Z3JW8SqmW"><title>Waar is dat feestje?</title><date></date><icon src="https://m7be2.solocoo.tv/m7be2iphone/mmchan/mpimages/208x308/TTI_2curYBKlEs6NhdDZrg.jpg"></icon><desc></desc><category></category></programme><programme channel="O7u9KkM0xGhIgPd7SI3vCYXo-isfcKEhVe-fYkWo" start="20221230200000 +0000" stop="20221230210000 +0000" catchup-id="QEuwPmwmKwXarvv3fkRL2N7dMR9sl3YMpoFXZcS4"><title>Vrolijke Vrijdag Vanuit Willebroek</title><date></date><icon src="https://m7be2.solocoo.tv/m7be2iphone/mmchan/mpimages/208x308/ys8w-JyYSqd0atSw2Ec-gg.jpg"></icon><desc></desc><category></category></programme><programme channel="O7u9KkM0xGhIgPd7SI3vCYXo-isfcKEhVe-fYkWo" start="20221230210000 +0000" stop="20221230220000 +0000" catchup-id="Uu0jpdxMlYIvVFgLVhpTpyZOfOHiLUUzzdrnxvV3"><title>Een Uur Sorry Music</title><date></date><icon src="https://m7be2.solocoo.tv/m7be2iphone/mmchan/mpimages/208x308/Ogyhv6tpa37BNREUDHzSSA.jpg"></icon><desc></desc><category></category></programme><programme channel="O7u9KkM0xGhIgPd7SI3vCYXo-isfcKEhVe-fYkWo" start="20221230220000 +0000" stop="20221230230000 +0000" catchup-id="xQylFGkNjN_322KYV_eSLShmkeWw_EG0kug4s5WJ"><title>Al-1-maar-hits!</title><date></date><icon src="https://m7be2.solocoo.tv/m7be2iphone/mmchan/mpimages/208x308/R6lYp9QZdiAjDGhfISmPlA.jpg"></icon><desc></desc><category></category></programme><programme channel="O7u9KkM0xGhIgPd7SI3vCYXo-isfcKEhVe-fYkWo" start="20221230230000 +0000" stop="20221231000000 +0000" catchup-id="WBLdAbEwXenrvAaJCV54zd8z2LxX2JlJNj3vkI8h"><title>Je kijkt naar de sterren</title><date></date><icon src="https://m7be2.solocoo.tv/m7be2iphone/mmchan/mpimages/208x308/2DXFImC9AODSlYFMd3cOAA.jpg"></icon><desc></desc><category></category></programme><programme channel="O7u9KkM0xGhIgPd7SI3vCYXo-isfcKEhVe-fYkWo" start="20221231000000 +0000" stop="20221231010000 +0000" catchup-id="lNqKfkxhV7I5RH0fyKyAy4OHmJMvNpW1NLZJgCTn"><title>Eenzame Hartenbureau</title><date></date><icon src="https://m7be2.solocoo.tv/m7be2iphone/mmchan/mpimages/208x308/ys8w-JyYSqd0atSw2Ec-gg.jpg"></icon><desc></desc><category></category></programme><programme channel="O7u9KkM0xGhIgPd7SI3vCYXo-isfcKEhVe-fYkWo" start="20221231010000 +0000" stop="20221231050000 +0000" catchup-id="PuMFnPKeB4eD7P1upihiKMsQkNQEtKtiYj7vw_nk"><title>Je kijkt naar de sterren</title><date></date><icon src="https://m7be2.solocoo.tv/m7be2iphone/mmchan/mpimages/208x308/2DXFImC9AODSlYFMd3cOAA.jpg"></icon><desc></desc><category></category></programme><programme channel="O7u9KkM0xGhIgPd7SI3vCYXo-isfcKEhVe-fYkWo" start="20221231050000 +0000" stop="20221231060000 +0000" catchup-id="qEnHSTlCKTbSRn0GSN5e0hLZ6wCBeNl-HxWP1QTw"><title>Nog even soezen</title><date></date><icon src="https://m7be2.solocoo.tv/m7be2iphone/mmchan/mpimages/208x308/EP9L00Ledo0KH-bgcbZJFw.jpg"></icon><desc></desc><category></category></programme><programme channel="O7u9KkM0xGhIgPd7SI3vCYXo-isfcKEhVe-fYkWo" start="20221231060000 +0000" stop="20221231070000 +0000" catchup-id="WSmtzbX4IB4u0JTGwOF3hy2PISA4vBpUoOIZWu5C"><title>Goeiemorgen weekend</title><date></date><icon src="https://m7be2.solocoo.tv/m7be2iphone/mmchan/mpimages/208x308/I8-mDdGw4NLvo3SCGwX7Ww.jpg"></icon><desc></desc><category></category></programme><programme channel="O7u9KkM0xGhIgPd7SI3vCYXo-isfcKEhVe-fYkWo" start="20221231070000 +0000" stop="20221231080000 +0000" catchup-id="LlneN5QUs2tnqbgiSwlQ1efbpp_USuHSc6vaBS7z"><title>Request</title><date></date><icon src="https://m7be2.solocoo.tv/m7be2iphone/mmchan/mpimages/208x308/bKQoyqnYdrN_uyXnc4e-ZA.jpg"></icon><desc></desc><category></category></programme><programme channel="O7u9KkM0xGhIgPd7SI3vCYXo-isfcKEhVe-fYkWo" start="20221231080000 +0000" stop="20221231090000 +0000" catchup-id="HxcSTzYFcnS4T9cYgXfC2_Sprn-YmbzV8Xei7A9-"><title>Een Uur Sorry Music</title><date></date><icon src="https://m7be2.solocoo.tv/m7be2iphone/mmchan/mpimages/208x308/Ogyhv6tpa37BNREUDHzSSA.jpg"></icon><desc></desc><category></category></programme><programme channel="O7u9KkM0xGhIgPd7SI3vCYXo-isfcKEhVe-fYkWo" start="20221231090000 +0000" stop="20221231100000 +0000" catchup-id="HHcrcELiWzyNsTrVHwJlMImzcGda3VdYq9BtBv-u"><title>Hadiemicha</title><date></date><icon src="https://m7be2.solocoo.tv/m7be2iphone/mmchan/mpimages/208x308/IWgcxHscNEuHyAfBOOvrZg.jpg"></icon><desc></desc><category></category></programme><programme channel="O7u9KkM0xGhIgPd7SI3vCYXo-isfcKEhVe-fYkWo" start="20221231100000 +0000" stop="20221231180000 +0000" catchup-id="mdVy5eqzydjMDaOktn6ZU3UVpDguxkh5WO-B2fFi"><title>Top 100 van 2022</title><date></date><icon src="https://m7be2.solocoo.tv/m7be2iphone/mmchan/mpimages/208x308/l3D0rg2sqenSSwhKBOPxdg.jpg"></icon><desc></desc><category></category></programme><programme channel="O7u9KkM0xGhIgPd7SI3vCYXo-isfcKEhVe-fYkWo" start="20221231180000 +0000" stop="20221231190000 +0000" catchup-id="sZYEfZbePSKOcN9BfQ2HMXei2Do76upmLDKVKcT7"><title>Loftrompetten Hits</title><date></date><icon src="https://m7be2.solocoo.tv/m7be2iphone/mmchan/mpimages/208x308/ys8w-JyYSqd0atSw2Ec-gg.jpg"></icon><desc></desc><category></category></programme><programme channel="O7u9KkM0xGhIgPd7SI3vCYXo-isfcKEhVe-fYkWo" start="20221231190000 +0000" stop="20221231200000 +0000" catchup-id="Tv3W6MJbyRwrPBesKckC4aPOsLDWquyOfhNj2oGC"><title>Loftrompetten Door De Jaren Heen</title><date></date><icon src="https://m7be2.solocoo.tv/m7be2iphone/mmchan/mpimages/208x308/ys8w-JyYSqd0atSw2Ec-gg.jpg"></icon><desc></desc><category></category></programme><programme channel="O7u9KkM0xGhIgPd7SI3vCYXo-isfcKEhVe-fYkWo" start="20221231200000 +0000" stop="20221231230000 +0000" catchup-id="FTDeZHK0leZ4ECEtE4jCTG-ojMhK68ITXYr5isoP"><title>Loftrompetten</title><date></date><icon src="https://m7be2.solocoo.tv/m7be2iphone/mmchan/mpimages/208x308/ys8w-JyYSqd0atSw2Ec-gg.jpg"></icon><desc></desc><category></category></programme><programme channel="O7u9KkM0xGhIgPd7SI3vCYXo-isfcKEhVe-fYkWo" start="20221231230000 +0000" stop="20221231231500 +0000" catchup-id="i6G_y0_F0NnUSB91N-jrThenhMIExlVZ1GlQzjxm"><title>Loftrompetten</title><date></date><icon src="https://m7be2.solocoo.tv/m7be2iphone/mmchan/mpimages/208x308/ys8w-JyYSqd0atSw2Ec-gg.jpg"></icon><desc></desc><category></category></programme><programme channel="O7u9KkM0xGhIgPd7SI3vCYXo-isfcKEhVe-fYkWo" start="20221231231500 +0000" stop="20230101011500 +0000" catchup-id="KetZh9TdMAac3-N4y1weCKoEGJSx1AA91xB5s13a"><title>Rob De Nijs Trix Theater Antwerpen</title><date></date><icon src="https://m7be2.solocoo.tv/m7be2iphone/mmchan/mpimages/208x308/ys8w-JyYSqd0atSw2Ec-gg.jpg"></icon><desc></desc><category></category></programme><programme channel="O7u9KkM0xGhIgPd7SI3vCYXo-isfcKEhVe-fYkWo" start="20230101011500 +0000" stop="20230101030000 +0000" catchup-id="Q9rM1uGHUx0w181Gts5Qlthg_P8MT_HwkbsPRTaO"><title>Snollebollekes Live In GelreDome</title><date></date><icon src="https://m7be2.solocoo.tv/m7be2iphone/mmchan/mpimages/208x308/c2qjdjnwiBQ01kKirplBEA.jpg"></icon><desc></desc><category></category></programme><programme channel="O7u9KkM0xGhIgPd7SI3vCYXo-isfcKEhVe-fYkWo" start="20230101030000 +0000" stop="20230101070000 +0000" catchup-id="-wYNZQgWgHtR43EKWXoxu5XeYF-KyL_GihiPh_Ig"><title>Je kijkt naar de sterren</title><date></date><icon src="https://m7be2.solocoo.tv/m7be2iphone/mmchan/mpimages/208x308/2DXFImC9AODSlYFMd3cOAA.jpg"></icon><desc></desc><category></category></programme><programme channel="O7u9KkM0xGhIgPd7SI3vCYXo-isfcKEhVe-fYkWo" start="20230101070000 +0000" stop="20230101080000 +0000" catchup-id="PBD7BAmvSfL9_LTEO9iTZZxmYUpAiCTwkJo83_sO"><title>Al-1-maar-hits!</title><date></date><icon src="https://m7be2.solocoo.tv/m7be2iphone/mmchan/mpimages/208x308/R6lYp9QZdiAjDGhfISmPlA.jpg"></icon><desc></desc><category></category></programme><programme channel="O7u9KkM0xGhIgPd7SI3vCYXo-isfcKEhVe-fYkWo" start="20230101080000 +0000" stop="20230101090000 +0000" catchup-id="pEU0OjmnD25nW0KlAzDxH2aWqxgxGdYHioPmCapm"><title>Duits Schlagerfestival</title><date></date><icon src="https://m7be2.solocoo.tv/m7be2iphone/mmchan/mpimages/208x308/JIEOAQuDrxjty9RmsO6gJg.jpg"></icon><desc></desc><category></category></programme><programme channel="O7u9KkM0xGhIgPd7SI3vCYXo-isfcKEhVe-fYkWo" start="20230101090000 +0000" stop="20230101110000 +0000" catchup-id="gJNdWlfZfO9_llSaxdMno8ZUVhSOhH2ZcLjqeg0B"><title>Andre Rieu In Amsterdam</title><date></date><icon src="https://m7be2.solocoo.tv/m7be2iphone/mmchan/mpimages/208x308/ys8w-JyYSqd0atSw2Ec-gg.jpg"></icon><desc></desc><category></category></programme><programme channel="O7u9KkM0xGhIgPd7SI3vCYXo-isfcKEhVe-fYkWo" start="20230101110000 +0000" stop="20230101120000 +0000" catchup-id="cu4PHWeWZIwQIy8fHYcY0hOr_MUEsoMlu6HR-uFQ"><title>De Vlaamse Top 10 non stop</title><date></date><icon src="https://m7be2.solocoo.tv/m7be2iphone/mmchan/mpimages/208x308/Dumhjcy-_lL9DFeZZrmvUw.jpg"></icon><desc></desc><category></category></programme><programme channel="O7u9KkM0xGhIgPd7SI3vCYXo-isfcKEhVe-fYkWo" start="20230101120000 +0000" stop="20230101130000 +0000" catchup-id="4o2Da5T0QGcRXa8gF2IHYuozGB4nnIhzjbYTbj5L"><title>Loftrompetten Door De Jaren Heen</title><date></date><icon src="https://m7be2.solocoo.tv/m7be2iphone/mmchan/mpimages/208x308/ys8w-JyYSqd0atSw2Ec-gg.jpg"></icon><desc></desc><category></category></programme><programme channel="O7u9KkM0xGhIgPd7SI3vCYXo-isfcKEhVe-fYkWo" start="20230101130000 +0000" stop="20230101163000 +0000" catchup-id="kieJwtf9v_9p_VP3MlO0Z8dP3GGm0psqy7M9DPQ8"><title>Loftrompetten</title><date></date><icon src="https://m7be2.solocoo.tv/m7be2iphone/mmchan/mpimages/208x308/ys8w-JyYSqd0atSw2Ec-gg.jpg"></icon><desc></desc><category></category></programme><programme channel="O7u9KkM0xGhIgPd7SI3vCYXo-isfcKEhVe-fYkWo" start="20230101163000 +0000" stop="20230101180000 +0000" catchup-id="lEWc_tC1QSFf8fCRHiWpLCNff-omo7aKwkPWr1FI"><title>Snollebollekes Live In GelreDome</title><date></date><icon src="https://m7be2.solocoo.tv/m7be2iphone/mmchan/mpimages/208x308/c2qjdjnwiBQ01kKirplBEA.jpg"></icon><desc></desc><category></category></programme><programme channel="O7u9KkM0xGhIgPd7SI3vCYXo-isfcKEhVe-fYkWo" start="20230101180000 +0000" stop="20230101200000 +0000" catchup-id="RgTYICOCQUSD6uMZIR8wo7MomzajrSbDQO3PeOml"><title>Andre Rieu In Amsterdam</title><date></date><icon src="https://m7be2.solocoo.tv/m7be2iphone/mmchan/mpimages/208x308/ys8w-JyYSqd0atSw2Ec-gg.jpg"></icon><desc></desc><category></category></programme><programme channel="O7u9KkM0xGhIgPd7SI3vCYXo-isfcKEhVe-fYkWo" start="20230101200000 +0000" stop="20230101210000 +0000" catchup-id="gjj0lpXZ5CPUfVnO6UheK0HWrObSdTK4BO0mkc9A"><title>Hadiemicha</title><date></date><icon src="https://m7be2.solocoo.tv/m7be2iphone/mmchan/mpimages/208x308/IWgcxHscNEuHyAfBOOvrZg.jpg"></icon><desc></desc><category></category></programme><programme channel="O7u9KkM0xGhIgPd7SI3vCYXo-isfcKEhVe-fYkWo" start="20230101210000 +0000" stop="20230101220000 +0000" catchup-id="Fx8OpgQ2I64QzurHxQQJMRjKf3pa496pn3xqhexN"><title>Al-1-maar-hits!</title><date></date><icon src="https://m7be2.solocoo.tv/m7be2iphone/mmchan/mpimages/208x308/R6lYp9QZdiAjDGhfISmPlA.jpg"></icon><desc></desc><category></category></programme><programme channel="O7u9KkM0xGhIgPd7SI3vCYXo-isfcKEhVe-fYkWo" start="20230101220000 +0000" stop="20230101230000 +0000" catchup-id="7q5eIaSt97o4C6nyfIzkMpBDRqIhqMdpSQhXnT4_"><title>Jukebox</title><date></date><icon src="https://m7be2.solocoo.tv/m7be2iphone/mmchan/mpimages/208x308/ys8w-JyYSqd0atSw2Ec-gg.jpg"></icon><desc></desc><category></category></programme><programme channel="O7u9KkM0xGhIgPd7SI3vCYXo-isfcKEhVe-fYkWo" start="20230101230000 +0000" stop="20230102010000 +0000" catchup-id="pAbfauTrwuGUYeiN1Q6R_gULXxEyaJ4grkIaQgAA"><title>Herbert</title><date></date><icon src="https://m7be2.solocoo.tv/m7be2iphone/mmchan/mpimages/208x308/JdXFALd9cNnPz3iKpQF5jQ.jpg"></icon><desc></desc><category></category></programme><programme channel="O7u9KkM0xGhIgPd7SI3vCYXo-isfcKEhVe-fYkWo" start="20230102010000 +0000" stop="20230102050000 +0000" catchup-id="OvaUDq23BNoW2jpeMog3B-iHBpM3MZhYTWWJvfMk"><title>Je kijkt naar de sterren</title><date></date><icon src="https://m7be2.solocoo.tv/m7be2iphone/mmchan/mpimages/208x308/2DXFImC9AODSlYFMd3cOAA.jpg"></icon><desc></desc><category></category></programme><programme channel="O7u9KkM0xGhIgPd7SI3vCYXo-isfcKEhVe-fYkWo" start="20230102050000 +0000" stop="20230102060000 +0000" catchup-id="4x_KFl0u1dVUXvb_soTxwTwTK_DfRq28jqTKfsUb"><title>Nog even soezen</title><date></date><icon src="https://m7be2.solocoo.tv/m7be2iphone/mmchan/mpimages/208x308/EP9L00Ledo0KH-bgcbZJFw.jpg"></icon><desc></desc><category></category></programme><programme channel="O7u9KkM0xGhIgPd7SI3vCYXo-isfcKEhVe-fYkWo" start="20230102060000 +0000" stop="20230102070000 +0000" catchup-id="B1KRl721kbR2KUwn5RithYY2LUXeIlo5PtsN5WZ6"><title>Goeiemorgen morgen</title><date></date><icon src="https://m7be2.solocoo.tv/m7be2iphone/mmchan/mpimages/208x308/5pGQV5NU4QRyP7gwRpjwtg.jpg"></icon><desc></desc><category></category></programme><programme channel="O7u9KkM0xGhIgPd7SI3vCYXo-isfcKEhVe-fYkWo" start="20230102070000 +0000" stop="20230102080000 +0000" catchup-id="czkMXrRoAspxpylbX1d7kBYLtN53n0tA1BDAXcKF"><title>Al-1-maar-hits!</title><date></date><icon src="https://m7be2.solocoo.tv/m7be2iphone/mmchan/mpimages/208x308/R6lYp9QZdiAjDGhfISmPlA.jpg"></icon><desc></desc><category></category></programme><programme channel="O7u9KkM0xGhIgPd7SI3vCYXo-isfcKEhVe-fYkWo" start="20230102080000 +0000" stop="20230102090000 +0000" catchup-id="oBDIuHvL7Ug5KJfy0Suhm0sjeXx8_gIO5EnPQTFz"><title>Een Uur Sorry Music</title><date></date><icon src="https://m7be2.solocoo.tv/m7be2iphone/mmchan/mpimages/208x308/Ogyhv6tpa37BNREUDHzSSA.jpg"></icon><desc></desc><category></category></programme><programme channel="O7u9KkM0xGhIgPd7SI3vCYXo-isfcKEhVe-fYkWo" start="20230102090000 +0000" stop="20230102180000 +0000" catchup-id="FreXVUI6_h_ktQz2lupnv3oQ5zWazBIHizC6b_FX"><title>Parels Top 100</title><date></date><icon src="https://m7be2.solocoo.tv/m7be2iphone/mmchan/mpimages/208x308/ys8w-JyYSqd0atSw2Ec-gg.jpg"></icon><desc></desc><category></category></programme><programme channel="O7u9KkM0xGhIgPd7SI3vCYXo-isfcKEhVe-fYkWo" start="20230102180000 +0000" stop="20230102190000 +0000" catchup-id="BL-OCQ1jjIirEhIx9llq8u_PkyahsDRIxccPdFCT"><title>Loftrompetten Door De Jaren Heen</title><date></date><icon src="https://m7be2.solocoo.tv/m7be2iphone/mmchan/mpimages/208x308/ys8w-JyYSqd0atSw2Ec-gg.jpg"></icon><desc></desc><category></category></programme><programme channel="O7u9KkM0xGhIgPd7SI3vCYXo-isfcKEhVe-fYkWo" start="20230102190000 +0000" stop="20230102211500 +0000" catchup-id="upN62cFjYxAr-ONhNs5hy3mrdKe4bmh-FS6VUpUL"><title>Loftrompetten</title><date></date><icon src="https://m7be2.solocoo.tv/m7be2iphone/mmchan/mpimages/208x308/ys8w-JyYSqd0atSw2Ec-gg.jpg"></icon><desc></desc><category></category></programme><programme channel="O7u9KkM0xGhIgPd7SI3vCYXo-isfcKEhVe-fYkWo" start="20230102211500 +0000" stop="20230102230000 +0000" catchup-id="HHk_23kv8oPlMg4axTrN-kVTywQvD-KmQ3h-BCk-"><title>Snollebollekes Live In GelreDome</title><date></date><icon src="https://m7be2.solocoo.tv/m7be2iphone/mmchan/mpimages/208x308/c2qjdjnwiBQ01kKirplBEA.jpg"></icon><desc></desc><category></category></programme><programme channel="O7u9KkM0xGhIgPd7SI3vCYXo-isfcKEhVe-fYkWo" start="20230102230000 +0000" stop="20230103050000 +0000" catchup-id="-LUQwaA0RZVui60Rz2dkdLtmbIZ88uzXba8gBFsr"><title>Je kijkt naar de sterren</title><date></date><icon src="https://m7be2.solocoo.tv/m7be2iphone/mmchan/mpimages/208x308/2DXFImC9AODSlYFMd3cOAA.jpg"></icon><desc></desc><category></category></programme><programme channel="O7u9KkM0xGhIgPd7SI3vCYXo-isfcKEhVe-fYkWo" start="20230103050000 +0000" stop="20230103060000 +0000" catchup-id="xjTHwCubRK0TiIuzK6aKuYsyruBCXEpJsJ0FonRJ"><title>Nog even soezen</title><date></date><icon src="https://m7be2.solocoo.tv/m7be2iphone/mmchan/mpimages/208x308/EP9L00Ledo0KH-bgcbZJFw.jpg"></icon><desc></desc><category></category></programme><programme channel="O7u9KkM0xGhIgPd7SI3vCYXo-isfcKEhVe-fYkWo" start="20230103060000 +0000" stop="20230103070000 +0000" catchup-id="9LQr6bVP20kp3WqYm3wSC_FHi9kB0-QaKyVIll1u"><title>Goeiemorgen morgen</title><date></date><icon src="https://m7be2.solocoo.tv/m7be2iphone/mmchan/mpimages/208x308/5pGQV5NU4QRyP7gwRpjwtg.jpg"></icon><desc></desc><category></category></programme><programme channel="O7u9KkM0xGhIgPd7SI3vCYXo-isfcKEhVe-fYkWo" start="20230103070000 +0000" stop="20230103080000 +0000" catchup-id="CA6P89Jz0fhPVVLTcVWBptCh9ZerDhjSAWxEqnZ4"><title>Al-1-maar-hits!</title><date></date><icon src="https://m7be2.solocoo.tv/m7be2iphone/mmchan/mpimages/208x308/R6lYp9QZdiAjDGhfISmPlA.jpg"></icon><desc></desc><category></category></programme><programme channel="O7u9KkM0xGhIgPd7SI3vCYXo-isfcKEhVe-fYkWo" start="20230103080000 +0000" stop="20230103090000 +0000" catchup-id="iB4XWkt6XfEbPve5iEL0xEt4J1-IkvqoV_Qf9bcw"><title>Een Uur Sorry Music</title><date></date><icon src="https://m7be2.solocoo.tv/m7be2iphone/mmchan/mpimages/208x308/Ogyhv6tpa37BNREUDHzSSA.jpg"></icon><desc></desc><category></category></programme><programme channel="O7u9KkM0xGhIgPd7SI3vCYXo-isfcKEhVe-fYkWo" start="20230103090000 +0000" stop="20230103180000 +0000" catchup-id="fQ7jNr5N6kdM1yljeiJbigaEosDPtiY-ktPqup0A"><title>Clip Classics Top 500</title><date></date><icon src="https://m7be2.solocoo.tv/m7be2iphone/mmchan/mpimages/208x308/ys8w-JyYSqd0atSw2Ec-gg.jpg"></icon><desc></desc><category></category></programme><programme channel="O7u9KkM0xGhIgPd7SI3vCYXo-isfcKEhVe-fYkWo" start="20230103180000 +0000" stop="20230103190000 +0000" catchup-id="F6Ab0TJFDsDj1MWtxZCoDJFtAuCuJZwymF_p-AYp"><title>John Dennis: 30 Jaar Carrière</title><date></date><icon src="https://m7be2.solocoo.tv/m7be2iphone/mmchan/mpimages/208x308/ys8w-JyYSqd0atSw2Ec-gg.jpg"></icon><desc></desc><category></category></programme><programme channel="O7u9KkM0xGhIgPd7SI3vCYXo-isfcKEhVe-fYkWo" start="20230103190000 +0000" stop="20230103200000 +0000" catchup-id="JydebBeytTojGD5mzBKTLcpmw3j-uWulMMh67sI6"><title>Een Uur Sorry Music</title><date></date><icon src="https://m7be2.solocoo.tv/m7be2iphone/mmchan/mpimages/208x308/Ogyhv6tpa37BNREUDHzSSA.jpg"></icon><desc></desc><category></category></programme><programme channel="O7u9KkM0xGhIgPd7SI3vCYXo-isfcKEhVe-fYkWo" start="20230103200000 +0000" stop="20230103210000 +0000" catchup-id="zCf_xaAkoS4x0l4piH8e1pJq_lG79GP97G_e1gA0"><title>Request</title><date></date><icon src="https://m7be2.solocoo.tv/m7be2iphone/mmchan/mpimages/208x308/bKQoyqnYdrN_uyXnc4e-ZA.jpg"></icon><desc></desc><category></category></programme><programme channel="O7u9KkM0xGhIgPd7SI3vCYXo-isfcKEhVe-fYkWo" start="20230103210000 +0000" stop="20230103230000 +0000" catchup-id="rdt4AWTnY5z0lDVwVacBJwslbgtJX48dR_c2awjy"><title>Al-1-maar-hits!</title><date></date><icon src="https://m7be2.solocoo.tv/m7be2iphone/mmchan/mpimages/208x308/R6lYp9QZdiAjDGhfISmPlA.jpg"></icon><desc></desc><category></category></programme><programme channel="O7u9KkM0xGhIgPd7SI3vCYXo-isfcKEhVe-fYkWo" start="20230103230000 +0000" stop="20230104050000 +0000" catchup-id="wtvTpNImqbdmwft9taDUHExvvUbxROzuVWTCiZYW"><title>Je kijkt naar de sterren</title><date></date><icon src="https://m7be2.solocoo.tv/m7be2iphone/mmchan/mpimages/208x308/2DXFImC9AODSlYFMd3cOAA.jpg"></icon><desc></desc><category></category></programme><programme channel="O7u9KkM0xGhIgPd7SI3vCYXo-isfcKEhVe-fYkWo" start="20230104050000 +0000" stop="20230104060000 +0000" catchup-id="qDmsuf_g4JtU4BwsOgW-1V9msbRc_bg05O7oidcM"><title>Nog even soezen</title><date></date><icon src="https://m7be2.solocoo.tv/m7be2iphone/mmchan/mpimages/208x308/EP9L00Ledo0KH-bgcbZJFw.jpg"></icon><desc></desc><category></category></programme><programme channel="O7u9KkM0xGhIgPd7SI3vCYXo-isfcKEhVe-fYkWo" start="20230104060000 +0000" stop="20230104070000 +0000" catchup-id="kXV6Ox1RPVDDkIyY1pFtcSQaKodn1-RMBw-q6RCY"><title>Goeiemorgen morgen</title><date></date><icon src="https://m7be2.solocoo.tv/m7be2iphone/mmchan/mpimages/208x308/5pGQV5NU4QRyP7gwRpjwtg.jpg"></icon><desc></desc><category></category></programme><programme channel="O7u9KkM0xGhIgPd7SI3vCYXo-isfcKEhVe-fYkWo" start="20230104070000 +0000" stop="20230104080000 +0000" catchup-id="8iSLTkaiep4AtugyX4c0v7FezHjyJgbTeh-nGR2L"><title>Al-1-maar-hits!</title><date></date><icon src="https://m7be2.solocoo.tv/m7be2iphone/mmchan/mpimages/208x308/R6lYp9QZdiAjDGhfISmPlA.jpg"></icon><desc></desc><category></category></programme><programme channel="O7u9KkM0xGhIgPd7SI3vCYXo-isfcKEhVe-fYkWo" start="20230104080000 +0000" stop="20230104090000 +0000" catchup-id="5JmI2CSZyAlJYFufyz1uzS3QMNoY6Ndh9OGyi1cj"><title>Een Uur Sorry Music</title><date></date><icon src="https://m7be2.solocoo.tv/m7be2iphone/mmchan/mpimages/208x308/Ogyhv6tpa37BNREUDHzSSA.jpg"></icon><desc></desc><category></category></programme><programme channel="O7u9KkM0xGhIgPd7SI3vCYXo-isfcKEhVe-fYkWo" start="20230104090000 +0000" stop="20230104180000 +0000" catchup-id="D_BGULCeQ9QUjSpJs4-kb9N4bojjQykmPa40jts4"><title>Clip Classics Top 500</title><date></date><icon src="https://m7be2.solocoo.tv/m7be2iphone/mmchan/mpimages/260x145/ys8w-JyYSqd0atSw2Ec-gg.jpg"></icon><desc></desc><category></category></programme><programme channel="O7u9KkM0xGhIgPd7SI3vCYXo-isfcKEhVe-fYkWo" start="20230104180000 +0000" stop="20230104190000 +0000" catchup-id="By0IbmFWyt1R17JjEXzWXm9I1ttQh80Nh3QpTDYf"><title>Al-1-maar-hits!</title><date></date><icon src="https://m7be2.solocoo.tv/m7be2iphone/mmchan/mpimages/260x145/R6lYp9QZdiAjDGhfISmPlA.jpg"></icon><desc></desc><category></category></programme><programme channel="O7u9KkM0xGhIgPd7SI3vCYXo-isfcKEhVe-fYkWo" start="20230104190000 +0000" stop="20230104200000 +0000" catchup-id="xXmALUtHsGhTth-v0mOkbexGWLddIbWr1UzFIi93"><title>Een Uur Sorry Music</title><date></date><icon src="https://m7be2.solocoo.tv/m7be2iphone/mmchan/mpimages/260x145/Ogyhv6tpa37BNREUDHzSSA.jpg"></icon><desc></desc><category></category></programme><programme channel="O7u9KkM0xGhIgPd7SI3vCYXo-isfcKEhVe-fYkWo" start="20230104200000 +0000" stop="20230104210000 +0000" catchup-id="AxV2ONlT4wc_vLMnSiPX7HoO6Az4T-oK539rRDNF"><title>In levende lijve</title><date></date><icon src="https://m7be2.solocoo.tv/m7be2iphone/mmchan/mpimages/260x145/fhQH2xr5xgLP6p2PKNIw2w.jpg"></icon><desc></desc><category></category></programme><programme channel="O7u9KkM0xGhIgPd7SI3vCYXo-isfcKEhVe-fYkWo" start="20230104210000 +0000" stop="20230104230000 +0000" catchup-id="NtICBrP0g_3OAQ8M5Mg6oHt0sQYRbkPY8PzkeLkz"><title>Al-1-maar-hits!</title><date></date><icon src="https://m7be2.solocoo.tv/m7be2iphone/mmchan/mpimages/260x145/R6lYp9QZdiAjDGhfISmPlA.jpg"></icon><desc></desc><category></category></programme><programme channel="O7u9KkM0xGhIgPd7SI3vCYXo-isfcKEhVe-fYkWo" start="20230104230000 +0000" stop="20230105050000 +0000" catchup-id="N_D_RDG2BxMT0_Duww_vXn9fmlMf5nSt3okXfNJ5"><title>Je kijkt naar de sterren</title><date></date><icon src="https://m7be2.solocoo.tv/m7be2iphone/mmchan/mpimages/260x145/2DXFImC9AODSlYFMd3cOAA.jpg"></icon><desc></desc><category></category></programme><programme channel="O7u9KkM0xGhIgPd7SI3vCYXo-isfcKEhVe-fYkWo" start="20230105050000 +0000" stop="20230105060000 +0000" catchup-id="0BwBD2XBDu9xu8BU0DUHSJZTQR7DePG9TRE4fxNc"><title>Nog even soezen</title><date></date><icon src="https://m7be2.solocoo.tv/m7be2iphone/mmchan/mpimages/260x145/EP9L00Ledo0KH-bgcbZJFw.jpg"></icon><desc></desc><category></category></programme><programme channel="O7u9KkM0xGhIgPd7SI3vCYXo-isfcKEhVe-fYkWo" start="20230105060000 +0000" stop="20230105070000 +0000" catchup-id="g8pitOMVLmNue4kx79GBFMDPkAMECWP50KoBahR8"><title>Goeiemorgen morgen</title><date></date><icon src="https://m7be2.solocoo.tv/m7be2iphone/mmchan/mpimages/260x145/5pGQV5NU4QRyP7gwRpjwtg.jpg"></icon><desc></desc><category></category></programme><programme channel="O7u9KkM0xGhIgPd7SI3vCYXo-isfcKEhVe-fYkWo" start="20230105070000 +0000" stop="20230105080000 +0000" catchup-id="QD2mxVCJqXR0CBAN8a-ALVIiOFRjWVMFNnHA8amj"><title>Al-1-maar-hits!</title><date></date><icon src="https://m7be2.solocoo.tv/m7be2iphone/mmchan/mpimages/260x145/R6lYp9QZdiAjDGhfISmPlA.jpg"></icon><desc></desc><category></category></programme><programme channel="O7u9KkM0xGhIgPd7SI3vCYXo-isfcKEhVe-fYkWo" start="20230105080000 +0000" stop="20230105090000 +0000" catchup-id="WDI8NGMnikLTTCKEJClcL0vQfOcgn8kyf4GOo-bQ"><title>Een Uur Sorry Music</title><date></date><icon src="https://m7be2.solocoo.tv/m7be2iphone/mmchan/mpimages/260x145/Ogyhv6tpa37BNREUDHzSSA.jpg"></icon><desc></desc><category></category></programme><programme channel="O7u9KkM0xGhIgPd7SI3vCYXo-isfcKEhVe-fYkWo" start="20230105090000 +0000" stop="20230105180000 +0000" catchup-id="FEJlyPW9dsUAymkuwR6BF06CrH7vFiyPhEen-dj1"><title>Clip Classics Top 500</title><date></date><icon src="https://m7be2.solocoo.tv/m7be2iphone/mmchan/mpimages/260x145/ys8w-JyYSqd0atSw2Ec-gg.jpg"></icon><desc></desc><category></category></programme><programme channel="O7u9KkM0xGhIgPd7SI3vCYXo-isfcKEhVe-fYkWo" start="20230105180000 +0000" stop="20230105190000 +0000" catchup-id="upzszD34JQRSDunMhvOqpHX0tAqmjaxcqfTc9p8U"><title>Al-1-maar-hits!</title><date></date><icon src="https://m7be2.solocoo.tv/m7be2iphone/mmchan/mpimages/260x145/R6lYp9QZdiAjDGhfISmPlA.jpg"></icon><desc></desc><category></category></programme><programme channel="O7u9KkM0xGhIgPd7SI3vCYXo-isfcKEhVe-fYkWo" start="20230105190000 +0000" stop="20230105200000 +0000" catchup-id="XMlcmGMIWXa9RRWviseZk9xqRTu5AfWsfSOQ6aqc"><title>Een Uur Sorry Music</title><date></date><icon src="https://m7be2.solocoo.tv/m7be2iphone/mmchan/mpimages/260x145/Ogyhv6tpa37BNREUDHzSSA.jpg"></icon><desc></desc><category></category></programme><programme channel="O7u9KkM0xGhIgPd7SI3vCYXo-isfcKEhVe-fYkWo" start="20230105200000 +0000" stop="20230105210000 +0000" catchup-id="SSRGNSiZQYmSKVninViIZ2O6PRgbYAiFlLWV5xrb"><title>Eenzame Hartenbureau</title><date></date><icon src="https://m7be2.solocoo.tv/m7be2iphone/mmchan/mpimages/260x145/ys8w-JyYSqd0atSw2Ec-gg.jpg"></icon><desc></desc><category></category></programme><programme channel="O7u9KkM0xGhIgPd7SI3vCYXo-isfcKEhVe-fYkWo" start="20230105210000 +0000" stop="20230105230000 +0000" catchup-id="-tN6gIOUNlILyMP_Ui4YE0bGcHmfTK88Gx1pgX-S"><title>Al-1-maar-hits!</title><date></date><icon src="https://m7be2.solocoo.tv/m7be2iphone/mmchan/mpimages/260x145/R6lYp9QZdiAjDGhfISmPlA.jpg"></icon><desc></desc><category></category></programme><programme channel="O7u9KkM0xGhIgPd7SI3vCYXo-isfcKEhVe-fYkWo" start="20230105230000 +0000" stop="20230106050000 +0000" catchup-id="M9uJq9x7NvYjgSte-4ypD8OnmLEfe-lfUpaN78Ez"><title>Je kijkt naar de sterren</title><date></date><icon src="https://m7be2.solocoo.tv/m7be2iphone/mmchan/mpimages/260x145/2DXFImC9AODSlYFMd3cOAA.jpg"></icon><desc></desc><category></category></programme><programme channel="O7u9KkM0xGhIgPd7SI3vCYXo-isfcKEhVe-fYkWo" start="20230106050000 +0000" stop="20230106060000 +0000" catchup-id="aIxreLPnC5teXj2gjZxPnWVAwyD805i81sHvbNXg"><title>Nog even soezen</title><date></date><icon src="https://m7be2.solocoo.tv/m7be2iphone/mmchan/mpimages/260x145/EP9L00Ledo0KH-bgcbZJFw.jpg"></icon><desc></desc><category></category></programme><programme channel="O7u9KkM0xGhIgPd7SI3vCYXo-isfcKEhVe-fYkWo" start="20230106060000 +0000" stop="20230106070000 +0000" catchup-id="PpZAjga7AGZOUawHOgbXEqj0d4uWlru5eLE5Zy5R"><title>Goeiemorgen morgen</title><date></date><icon src="https://m7be2.solocoo.tv/m7be2iphone/mmchan/mpimages/260x145/5pGQV5NU4QRyP7gwRpjwtg.jpg"></icon><desc></desc><category></category></programme><programme channel="O7u9KkM0xGhIgPd7SI3vCYXo-isfcKEhVe-fYkWo" start="20230106070000 +0000" stop="20230106080000 +0000" catchup-id="db_QBa5vR_KxVj6yq3kEzk6QrIe6BszcIVU9YZqb"><title>Al-1-maar-hits!</title><date></date><icon src="https://m7be2.solocoo.tv/m7be2iphone/mmchan/mpimages/260x145/R6lYp9QZdiAjDGhfISmPlA.jpg"></icon><desc></desc><category></category></programme><programme channel="O7u9KkM0xGhIgPd7SI3vCYXo-isfcKEhVe-fYkWo" start="20230106080000 +0000" stop="20230106090000 +0000" catchup-id="Hx1bfwffpETSzaEvmCwzFRrtFFuz-T9GO0wYZoBR"><title>Een Uur Sorry Music</title><date></date><icon src="https://m7be2.solocoo.tv/m7be2iphone/mmchan/mpimages/260x145/Ogyhv6tpa37BNREUDHzSSA.jpg"></icon><desc></desc><category></category></programme><programme channel="O7u9KkM0xGhIgPd7SI3vCYXo-isfcKEhVe-fYkWo" start="20230106090000 +0000" stop="20230106180000 +0000" catchup-id="qDptP_Ft2H50SUx8wtHGxW4_XfBkhnviOa0QbS0g"><title>Clip Classics Top 500</title><date></date><icon src="https://m7be2.solocoo.tv/m7be2iphone/mmchan/mpimages/260x145/ys8w-JyYSqd0atSw2Ec-gg.jpg"></icon><desc></desc><category></category></programme><programme channel="O7u9KkM0xGhIgPd7SI3vCYXo-isfcKEhVe-fYkWo" start="20230106180000 +0000" stop="20230106200000 +0000" catchup-id="13IJ-gB5f5KR0OxMXklEKjF8NIR0BveSsAFM8v6N"><title>Swingers</title><date></date><icon src="https://m7be2.solocoo.tv/m7be2iphone/mmchan/mpimages/260x145/ys8w-JyYSqd0atSw2Ec-gg.jpg"></icon><desc></desc><category></category></programme><programme channel="O7u9KkM0xGhIgPd7SI3vCYXo-isfcKEhVe-fYkWo" start="20230106200000 +0000" stop="20230106210000 +0000" catchup-id="n2y6QdL3tyaMfgLhCH6cEEuMz917QfK5jsWhAsb2"><title>Al-1-maar-hits!</title><date></date><icon src="https://m7be2.solocoo.tv/m7be2iphone/mmchan/mpimages/260x145/R6lYp9QZdiAjDGhfISmPlA.jpg"></icon><desc></desc><category></category></programme><programme channel="O7u9KkM0xGhIgPd7SI3vCYXo-isfcKEhVe-fYkWo" start="20230106210000 +0000" stop="20230106220000 +0000" catchup-id="GNQ_EriQJs8lKx5ASgCyrNQuz82fCBW1XpIXmugT"><title>Een Uur Sorry Music</title><date></date><icon src="https://m7be2.solocoo.tv/m7be2iphone/mmchan/mpimages/260x145/Ogyhv6tpa37BNREUDHzSSA.jpg"></icon><desc></desc><category></category></programme><programme channel="O7u9KkM0xGhIgPd7SI3vCYXo-isfcKEhVe-fYkWo" start="20230106220000 +0000" stop="20230106230000 +0000" catchup-id="aq5YqraVyjTJz8p88XYehDoe02zARAmEndNReMN5"><title>Al-1-maar-hits!</title><date></date><icon src="https://m7be2.solocoo.tv/m7be2iphone/mmchan/mpimages/260x145/R6lYp9QZdiAjDGhfISmPlA.jpg"></icon><desc></desc><category></category></programme><programme channel="O7u9KkM0xGhIgPd7SI3vCYXo-isfcKEhVe-fYkWo" start="20230106230000 +0000" stop="20230107000000 +0000" catchup-id="hCnl5BpKj27VImS2OAD0y6KgzLyqoAFPPoEYXr5k"><title>Je kijkt naar de sterren</title><date></date><icon src="https://m7be2.solocoo.tv/m7be2iphone/mmchan/mpimages/260x145/2DXFImC9AODSlYFMd3cOAA.jpg"></icon><desc></desc><category></category></programme><programme channel="O7u9KkM0xGhIgPd7SI3vCYXo-isfcKEhVe-fYkWo" start="20230107000000 +0000" stop="20230107010000 +0000" catchup-id="Ns97yFLCXnTo3EaO7-Cjj2qquGOH5deGFsQZe0st"><title>Eenzame Hartenbureau</title><date></date><icon src="https://m7be2.solocoo.tv/m7be2iphone/mmchan/mpimages/260x145/ys8w-JyYSqd0atSw2Ec-gg.jpg"></icon><desc></desc><category></category></programme><programme channel="O7u9KkM0xGhIgPd7SI3vCYXo-isfcKEhVe-fYkWo" start="20230107010000 +0000" stop="20230107050000 +0000" catchup-id="MCL0isKJIKZ5pUqZgw4mnZogWmzNJSnLipA1p3sx"><title>Je kijkt naar de sterren</title><date></date><icon src="https://m7be2.solocoo.tv/m7be2iphone/mmchan/mpimages/260x145/2DXFImC9AODSlYFMd3cOAA.jpg"></icon><desc></desc><category></category></programme><programme channel="O7u9KkM0xGhIgPd7SI3vCYXo-isfcKEhVe-fYkWo" start="20230107050000 +0000" stop="20230107060000 +0000" catchup-id="zLxrkErBw23qe_rVxIFyDHeV-JMNh9ZQ-KzDmJwa"><title>Nog even soezen</title><date></date><icon src="https://m7be2.solocoo.tv/m7be2iphone/mmchan/mpimages/260x145/EP9L00Ledo0KH-bgcbZJFw.jpg"></icon><desc></desc><category></category></programme><programme channel="O7u9KkM0xGhIgPd7SI3vCYXo-isfcKEhVe-fYkWo" start="20230107060000 +0000" stop="20230107070000 +0000" catchup-id="2bxQMFy_5nIPqzsCVCa0raT2hzb8jCWXjgYVSJQz"><title>Goeiemorgen weekend</title><date></date><icon src="https://m7be2.solocoo.tv/m7be2iphone/mmchan/mpimages/260x145/I8-mDdGw4NLvo3SCGwX7Ww.jpg"></icon><desc></desc><category></category></programme><programme channel="O7u9KkM0xGhIgPd7SI3vCYXo-isfcKEhVe-fYkWo" start="20230107070000 +0000" stop="20230107080000 +0000" catchup-id="dtDLFI0pKmLgXsF0hFOlKGH08OIum-UmDk78iisB"><title>Al-1-maar-hits!</title><date></date><icon src="https://m7be2.solocoo.tv/m7be2iphone/mmchan/mpimages/260x145/R6lYp9QZdiAjDGhfISmPlA.jpg"></icon><desc></desc><category></category></programme><programme channel="O7u9KkM0xGhIgPd7SI3vCYXo-isfcKEhVe-fYkWo" start="20230107080000 +0000" stop="20230107090000 +0000" catchup-id="LGRa18kEMgzYrtXFgnwvjaLSRTFqjlrUVFCmLeEc"><title>Een Uur Sorry Music</title><date></date><icon src="https://m7be2.solocoo.tv/m7be2iphone/mmchan/mpimages/260x145/Ogyhv6tpa37BNREUDHzSSA.jpg"></icon><desc></desc><category></category></programme><programme channel="O7u9KkM0xGhIgPd7SI3vCYXo-isfcKEhVe-fYkWo" start="20230107090000 +0000" stop="20230107100000 +0000" catchup-id="NmAL3KNqGeuSqhZz9XyxytTP25bkQd4xeHr37-J_"><title>Hadiemicha</title><date></date><icon src="https://m7be2.solocoo.tv/m7be2iphone/mmchan/mpimages/260x145/IWgcxHscNEuHyAfBOOvrZg.jpg"></icon><desc></desc><category></category></programme><programme channel="O7u9KkM0xGhIgPd7SI3vCYXo-isfcKEhVe-fYkWo" start="20230107100000 +0000" stop="20230107110000 +0000" catchup-id="Mea1fnMjJMOiDcojqcpxbSgNRqG1dknsZIT0aQTV"><title>Al-1-maar-hits!</title><date></date><icon src="https://m7be2.solocoo.tv/m7be2iphone/mmchan/mpimages/260x145/R6lYp9QZdiAjDGhfISmPlA.jpg"></icon><desc></desc><category></category></programme><programme channel="O7u9KkM0xGhIgPd7SI3vCYXo-isfcKEhVe-fYkWo" start="20230107110000 +0000" stop="20230107120000 +0000" catchup-id="YRBSDuNw6_f9kOx2_FFErm-94M0sR47Pdm6QfBFe"><title>Request</title><date></date><icon src="https://m7be2.solocoo.tv/m7be2iphone/mmchan/mpimages/260x145/bKQoyqnYdrN_uyXnc4e-ZA.jpg"></icon><desc></desc><category></category></programme><programme channel="O7u9KkM0xGhIgPd7SI3vCYXo-isfcKEhVe-fYkWo" start="20230107120000 +0000" stop="20230107130000 +0000" catchup-id="vJj26gZ8A5qVh3VjvsvgdBDF-kWHnQy8xbYepBSK"><title>Al-1-maar-hits!</title><date></date><icon src="https://m7be2.solocoo.tv/m7be2iphone/mmchan/mpimages/260x145/R6lYp9QZdiAjDGhfISmPlA.jpg"></icon><desc></desc><category></category></programme><programme channel="O7u9KkM0xGhIgPd7SI3vCYXo-isfcKEhVe-fYkWo" start="20230107130000 +0000" stop="20230107133000 +0000" catchup-id="HeWPf8yKFMKpvi9gVKZ_jh8WPz60I3Bvs6qj5L5X"><title>Hart voor muziek</title><date></date><icon src="https://m7be2.solocoo.tv/m7be2iphone/mmchan/mpimages/260x145/fMJD2fMENxRkjLOf51ZYAg.jpg"></icon><desc></desc><category></category></programme><programme channel="O7u9KkM0xGhIgPd7SI3vCYXo-isfcKEhVe-fYkWo" start="20230107133000 +0000" stop="20230107140000 +0000" catchup-id="0mg3BxAARl5oTOAwsQHJv0Vqju8TLY4KMWzpCp7d"><title>Al-1-maar-hits!</title><date></date><icon src="https://m7be2.solocoo.tv/m7be2iphone/mmchan/mpimages/260x145/R6lYp9QZdiAjDGhfISmPlA.jpg"></icon><desc></desc><category></category></programme><programme channel="O7u9KkM0xGhIgPd7SI3vCYXo-isfcKEhVe-fYkWo" start="20230107140000 +0000" stop="20230107150000 +0000" catchup-id="yrm-LSWIxBXNQiq78SrfJYNkdy0yidi0W7hObIil"><title>Nieuwelingen</title><date></date><icon src="https://m7be2.solocoo.tv/m7be2iphone/mmchan/mpimages/260x145/0mGuZe1UZESV2q5dL4T5pw.jpg"></icon><desc></desc><category></category></programme><programme channel="O7u9KkM0xGhIgPd7SI3vCYXo-isfcKEhVe-fYkWo" start="20230107150000 +0000" stop="20230107180000 +0000" catchup-id="9IeDgqS49nT3NPP1fLKWTcx51umZNJM4NwdaahxD"><title>De Vlaamse 40</title><date></date><icon src="https://m7be2.solocoo.tv/m7be2iphone/mmchan/mpimages/260x145/kVgQ04fpuO-YroBPQKnJOA.jpg"></icon><desc></desc><category></category></programme><programme channel="O7u9KkM0xGhIgPd7SI3vCYXo-isfcKEhVe-fYkWo" start="20230107180000 +0000" stop="20230107210000 +0000" catchup-id="Q-M0WYArX-_6AkQn3ihyuntcYsobikx8mY_Se4W9"><title>De Beste NL Classics Uit De Classics Top</title><date></date><icon src="https://m7be2.solocoo.tv/m7be2iphone/mmchan/mpimages/260x145/ys8w-JyYSqd0atSw2Ec-gg.jpg"></icon><desc></desc><category></category></programme><programme channel="O7u9KkM0xGhIgPd7SI3vCYXo-isfcKEhVe-fYkWo" start="20230107210000 +0000" stop="20230107220000 +0000" catchup-id="CtRdQjk6pAJALurnia8h62UKknPfEne9eW5FfgyB"><title>Een Uur Sorry Music</title><date></date><icon src="https://m7be2.solocoo.tv/m7be2iphone/mmchan/mpimages/260x145/Ogyhv6tpa37BNREUDHzSSA.jpg"></icon><desc></desc><category></category></programme><programme channel="O7u9KkM0xGhIgPd7SI3vCYXo-isfcKEhVe-fYkWo" start="20230107220000 +0000" stop="20230107230000 +0000" catchup-id="uA-zhae-mLG7rTAk-IXPvm6fiK1t1xQ8BBmAoUca"><title>Al-1-maar-hits!</title><date></date><icon src="https://m7be2.solocoo.tv/m7be2iphone/mmchan/mpimages/260x145/R6lYp9QZdiAjDGhfISmPlA.jpg"></icon><desc></desc><category></category></programme><programme channel="O7u9KkM0xGhIgPd7SI3vCYXo-isfcKEhVe-fYkWo" start="20230107230000 +0000" stop="20230108050000 +0000" catchup-id="4DJEo_xLVYWRr8guIh2Wozsqt0cK8J-ouw6zkaam"><title>Je kijkt naar de sterren</title><date></date><icon src="https://m7be2.solocoo.tv/m7be2iphone/mmchan/mpimages/260x145/2DXFImC9AODSlYFMd3cOAA.jpg"></icon><desc></desc><category></category></programme><programme channel="O7u9KkM0xGhIgPd7SI3vCYXo-isfcKEhVe-fYkWo" start="20230108050000 +0000" stop="20230108070000 +0000" catchup-id="sBkUu9bHp01wMq12ftSpaK_p54YNuaPLocckj7OQ"><title>Nog even soezen</title><date></date><icon src="https://m7be2.solocoo.tv/m7be2iphone/mmchan/mpimages/260x145/EP9L00Ledo0KH-bgcbZJFw.jpg"></icon><desc></desc><category></category></programme><programme channel="O7u9KkM0xGhIgPd7SI3vCYXo-isfcKEhVe-fYkWo" start="20230108070000 +0000" stop="20230108080000 +0000" catchup-id="yV9jcBB-W6FM4qyWGqK2fOG5UIQCn18Lm298eXmv"><title>Goeiemorgen weekend</title><date></date><icon src="https://m7be2.solocoo.tv/m7be2iphone/mmchan/mpimages/260x145/I8-mDdGw4NLvo3SCGwX7Ww.jpg"></icon><desc></desc><category></category></programme><programme channel="O7u9KkM0xGhIgPd7SI3vCYXo-isfcKEhVe-fYkWo" start="20230108080000 +0000" stop="20230108090000 +0000" catchup-id="GwvB6rTcppW5VnnfJR3Uy2xxWnun_TRoCr4Cn1br"><title>Duits Schlagerfestival</title><date></date><icon src="https://m7be2.solocoo.tv/m7be2iphone/mmchan/mpimages/260x145/JIEOAQuDrxjty9RmsO6gJg.jpg"></icon><desc></desc><category></category></programme><programme channel="O7u9KkM0xGhIgPd7SI3vCYXo-isfcKEhVe-fYkWo" start="20230108090000 +0000" stop="20230108110000 +0000" catchup-id="x4PoPFx22AnIA2ujQ9Pt72zp3TPyIRGZ1w8M-xxn"><title>Herbert</title><date></date><icon src="https://m7be2.solocoo.tv/m7be2iphone/mmchan/mpimages/260x145/JdXFALd9cNnPz3iKpQF5jQ.jpg"></icon><desc></desc><category></category></programme><programme channel="O7u9KkM0xGhIgPd7SI3vCYXo-isfcKEhVe-fYkWo" start="20230108110000 +0000" stop="20230108115000 +0000" catchup-id="yKRSILXw2BY6FPMXOUkfFoJx293OP3PSjmZdk7Q9"><title>De Vlaamse Top 10 non stop</title><date></date><icon src="https://m7be2.solocoo.tv/m7be2iphone/mmchan/mpimages/260x145/Dumhjcy-_lL9DFeZZrmvUw.jpg"></icon><desc></desc><category></category></programme><programme channel="O7u9KkM0xGhIgPd7SI3vCYXo-isfcKEhVe-fYkWo" start="20230108115000 +0000" stop="20230108140000 +0000" catchup-id="T07sy0TO1Lu-E2FXHtWukzNpytNJhLS3GH-dM0JR"><title>Al-1-maar-hits!</title><date></date><icon src="https://m7be2.solocoo.tv/m7be2iphone/mmchan/mpimages/260x145/R6lYp9QZdiAjDGhfISmPlA.jpg"></icon><desc></desc><category></category></programme><programme channel="O7u9KkM0xGhIgPd7SI3vCYXo-isfcKEhVe-fYkWo" start="20230108140000 +0000" stop="20230108170000 +0000" catchup-id="A8zvf7hQGBt4a14Lq8oIWpaC2WJR0-P3k2Hmep_M"><title>De Beste NL Classics Uit De Classics Top</title><date></date><icon src="https://m7be2.solocoo.tv/m7be2iphone/mmchan/mpimages/260x145/ys8w-JyYSqd0atSw2Ec-gg.jpg"></icon><desc></desc><category></category></programme><programme channel="O7u9KkM0xGhIgPd7SI3vCYXo-isfcKEhVe-fYkWo" start="20230108170000 +0000" stop="20230108200000 +0000" catchup-id="GjtckGrtoxRiyaTb8xAOeGbD-OuRewUzQgNzf5E-"><title>Al-1-maar-hits!</title><date></date><icon src="https://m7be2.solocoo.tv/m7be2iphone/mmchan/mpimages/260x145/R6lYp9QZdiAjDGhfISmPlA.jpg"></icon><desc></desc><category></category></programme><programme channel="O7u9KkM0xGhIgPd7SI3vCYXo-isfcKEhVe-fYkWo" start="20230108200000 +0000" stop="20230108210000 +0000" catchup-id="F7Ct0Ax8nskmrqpRfqpNkFFXJtzN26gjLeROmt83"><title>Hadiemicha</title><date></date><icon src="https://m7be2.solocoo.tv/m7be2iphone/mmchan/mpimages/260x145/IWgcxHscNEuHyAfBOOvrZg.jpg"></icon><desc></desc><category></category></programme><programme channel="O7u9KkM0xGhIgPd7SI3vCYXo-isfcKEhVe-fYkWo" start="20230108210000 +0000" stop="20230108220000 +0000" catchup-id="G5OAIIIQDpN2d6ZvEf0JFeYlprHzo0sN_f1XUe_w"><title>Eenzame Hartenbureau</title><date></date><icon src="https://m7be2.solocoo.tv/m7be2iphone/mmchan/mpimages/260x145/ys8w-JyYSqd0atSw2Ec-gg.jpg"></icon><desc></desc><category></category></programme><programme channel="O7u9KkM0xGhIgPd7SI3vCYXo-isfcKEhVe-fYkWo" start="20230108220000 +0000" stop="20230108230000 +0000" catchup-id="5CjJZ70JY_1QqSFEE0OHali1C1OVO0MGc-t3DA9h"><title>Jukebox</title><date></date><icon src="https://m7be2.solocoo.tv/m7be2iphone/mmchan/mpimages/260x145/ys8w-JyYSqd0atSw2Ec-gg.jpg"></icon><desc></desc><category></category></programme><programme channel="O7u9KkM0xGhIgPd7SI3vCYXo-isfcKEhVe-fYkWo" start="20230108230000 +0000" stop="20230109010000 +0000" catchup-id="BpY3LFJ5ETlwveTSlFUmT0gvgIMO2A5xXUB3MyT2"><title>Herbert</title><date></date><icon src="https://m7be2.solocoo.tv/m7be2iphone/mmchan/mpimages/260x145/JdXFALd9cNnPz3iKpQF5jQ.jpg"></icon><desc></desc><category></category></programme><programme channel="O7u9KkM0xGhIgPd7SI3vCYXo-isfcKEhVe-fYkWo" start="20230109010000 +0000" stop="20230109050000 +0000" catchup-id="Id9z5xOYBi3r6zNBr-j4ambami6ZRy50ReS68F4k"><title>Je kijkt naar de sterren</title><date></date><icon src="https://m7be2.solocoo.tv/m7be2iphone/mmchan/mpimages/260x145/2DXFImC9AODSlYFMd3cOAA.jpg"></icon><desc></desc><category></category></programme><programme channel="O7u9KkM0xGhIgPd7SI3vCYXo-isfcKEhVe-fYkWo" start="20230109050000 +0000" stop="20230109060000 +0000" catchup-id="naQ2U-FtvQR_AyROiwtLwp5ob4O-KqV8Cv9a0UhI"><title>Nog even soezen</title><date></date><icon src="https://m7be2.solocoo.tv/m7be2iphone/mmchan/mpimages/260x145/EP9L00Ledo0KH-bgcbZJFw.jpg"></icon><desc></desc><category></category></programme><programme channel="O7u9KkM0xGhIgPd7SI3vCYXo-isfcKEhVe-fYkWo" start="20230109060000 +0000" stop="20230109070000 +0000" catchup-id="fQBA_rnx_jytGb_d_XalfgUVg_t_bOlBTsDS2nSJ"><title>Goeiemorgen morgen</title><date></date><icon src="https://m7be2.solocoo.tv/m7be2iphone/mmchan/mpimages/260x145/5pGQV5NU4QRyP7gwRpjwtg.jpg"></icon><desc></desc><category></category></programme><programme channel="O7u9KkM0xGhIgPd7SI3vCYXo-isfcKEhVe-fYkWo" start="20230109070000 +0000" stop="20230109080000 +0000" catchup-id="-bIZSr51uM5tXkxIVwIszAWU8ysfxbMCR0UN5r5b"><title>Al-1-maar-hits!</title><date></date><icon src="https://m7be2.solocoo.tv/m7be2iphone/mmchan/mpimages/260x145/R6lYp9QZdiAjDGhfISmPlA.jpg"></icon><desc></desc><category></category></programme><programme channel="O7u9KkM0xGhIgPd7SI3vCYXo-isfcKEhVe-fYkWo" start="20230109080000 +0000" stop="20230109090000 +0000" catchup-id="FxQasy8adMXfJ6cv5b8EIcQhpbr_suPBzPChYJAI"><title>Een Uur Sorry Music</title><date></date><icon src="https://m7be2.solocoo.tv/m7be2iphone/mmchan/mpimages/260x145/Ogyhv6tpa37BNREUDHzSSA.jpg"></icon><desc></desc><category></category></programme><programme channel="O7u9KkM0xGhIgPd7SI3vCYXo-isfcKEhVe-fYkWo" start="20230109090000 +0000" stop="20230109110000 +0000" catchup-id="v-B6j5bTKjKrMAhSIfAB-4XxBBE5P09Ag09hw6ID"><title>Léééf !</title><date></date><icon src="https://m7be2.solocoo.tv/m7be2iphone/mmchan/mpimages/260x145/IYn4Hb5UF-hq5CT3qrLQIw.jpg"></icon><desc></desc><category></category></programme><programme channel="O7u9KkM0xGhIgPd7SI3vCYXo-isfcKEhVe-fYkWo" start="20230109110000 +0000" stop="20230109150000 +0000" catchup-id="VuNAvcwPbUvI9aGQaaj_m9Kp9anNTBs9qkHJx5Mc"><title>Al-1-maar-hits!</title><date></date><icon src="https://m7be2.solocoo.tv/m7be2iphone/mmchan/mpimages/260x145/R6lYp9QZdiAjDGhfISmPlA.jpg"></icon><desc></desc><category></category></programme><programme channel="O7u9KkM0xGhIgPd7SI3vCYXo-isfcKEhVe-fYkWo" start="20230109150000 +0000" stop="20230109180000 +0000" catchup-id="EtQBfHHjbavxeFzwnkMmIILbia8TwBbBd0q5blqq"><title>Wat een Dag</title><date></date><icon src="https://m7be2.solocoo.tv/m7be2iphone/mmchan/mpimages/260x145/xkylcPBUIeRYcIwYyZqvSA.jpg"></icon><desc></desc><category></category></programme><programme channel="O7u9KkM0xGhIgPd7SI3vCYXo-isfcKEhVe-fYkWo" start="20230109180000 +0000" stop="20230109190000 +0000" catchup-id="UlFii6E-5BqXAGSi-MYYTfAQVU_2dvhDJeZu8y5b"><title>Al-1-maar-hits!</title><date></date><icon src="https://m7be2.solocoo.tv/m7be2iphone/mmchan/mpimages/260x145/R6lYp9QZdiAjDGhfISmPlA.jpg"></icon><desc></desc><category></category></programme><programme channel="O7u9KkM0xGhIgPd7SI3vCYXo-isfcKEhVe-fYkWo" start="20230109190000 +0000" stop="20230109200000 +0000" catchup-id="TaYgCvfQEzHaqbrvd2y2-1FIpUZt2fsLZVsPz9aG"><title>Een Uur Sorry Music</title><date></date><icon src="https://m7be2.solocoo.tv/m7be2iphone/mmchan/mpimages/260x145/Ogyhv6tpa37BNREUDHzSSA.jpg"></icon><desc></desc><category></category></programme><programme channel="O7u9KkM0xGhIgPd7SI3vCYXo-isfcKEhVe-fYkWo" start="20230109200000 +0000" stop="20230109210000 +0000" catchup-id="nRfKqRpoGqvZzKNSWVLg5ogUdKq-LkmHHcIfGa6l"><title>In levende lijve</title><date></date><icon src="https://m7be2.solocoo.tv/m7be2iphone/mmchan/mpimages/260x145/fhQH2xr5xgLP6p2PKNIw2w.jpg"></icon><desc></desc><category></category></programme><programme channel="O7u9KkM0xGhIgPd7SI3vCYXo-isfcKEhVe-fYkWo" start="20230109210000 +0000" stop="20230109230000 +0000" catchup-id="nFkxgjVoAbr8lyR24BznACmoNCabmH3dXTsr5xJV"><title>Al-1-maar-hits!</title><date></date><icon src="https://m7be2.solocoo.tv/m7be2iphone/mmchan/mpimages/260x145/R6lYp9QZdiAjDGhfISmPlA.jpg"></icon><desc></desc><category></category></programme><programme channel="O7u9KkM0xGhIgPd7SI3vCYXo-isfcKEhVe-fYkWo" start="20230109230000 +0000" stop="20230110050000 +0000" catchup-id="Z319Ttjv4bRVGv1d3sRYfcbaMlYrye5MPfJ9Q8Ui"><title>Je kijkt naar de sterren</title><date></date><icon src="https://m7be2.solocoo.tv/m7be2iphone/mmchan/mpimages/260x145/2DXFImC9AODSlYFMd3cOAA.jpg"></icon><desc></desc><category></category></programme><programme channel="O7u9KkM0xGhIgPd7SI3vCYXo-isfcKEhVe-fYkWo" start="20230110050000 +0000" stop="20230110060000 +0000" catchup-id="iylXR_9LPsJBEXt5vEFg0aY-4x71VV8naI8qjBpv"><title>Nog even soezen</title><date></date><icon src="https://m7be2.solocoo.tv/m7be2iphone/mmchan/mpimages/260x145/EP9L00Ledo0KH-bgcbZJFw.jpg"></icon><desc></desc><category></category></programme><programme channel="O7u9KkM0xGhIgPd7SI3vCYXo-isfcKEhVe-fYkWo" start="20230110060000 +0000" stop="20230110070000 +0000" catchup-id="1dRDE6AOiz7ORg25t9q93c_5sbBZGEZqS4gtvV4P"><title>Goeiemorgen morgen</title><date></date><icon src="https://m7be2.solocoo.tv/m7be2iphone/mmchan/mpimages/260x145/5pGQV5NU4QRyP7gwRpjwtg.jpg"></icon><desc></desc><category></category></programme><programme channel="O7u9KkM0xGhIgPd7SI3vCYXo-isfcKEhVe-fYkWo" start="20230110070000 +0000" stop="20230110080000 +0000" catchup-id="kcelm468QCwxDLBktbkYDKe--ImMMRW5JimorZb-"><title>Al-1-maar-hits!</title><date></date><icon src="https://m7be2.solocoo.tv/m7be2iphone/mmchan/mpimages/260x145/R6lYp9QZdiAjDGhfISmPlA.jpg"></icon><desc></desc><category></category></programme><programme channel="O7u9KkM0xGhIgPd7SI3vCYXo-isfcKEhVe-fYkWo" start="20230110080000 +0000" stop="20230110090000 +0000" catchup-id="gN6VHKb35XIvJcRsbRg2l3yvETkOJuynpMMnHE6s"><title>Een Uur Sorry Music</title><date></date><icon src="https://m7be2.solocoo.tv/m7be2iphone/mmchan/mpimages/260x145/Ogyhv6tpa37BNREUDHzSSA.jpg"></icon><desc></desc><category></category></programme><programme channel="O7u9KkM0xGhIgPd7SI3vCYXo-isfcKEhVe-fYkWo" start="20230110090000 +0000" stop="20230110110000 +0000" catchup-id="u3Gi1zxbGh6FoOu1WPs5x-MpfDhs1onzDavzQnxD"><title>Léééf !</title><date></date><icon src="https://m7be2.solocoo.tv/m7be2iphone/mmchan/mpimages/260x145/IYn4Hb5UF-hq5CT3qrLQIw.jpg"></icon><desc></desc><category></category></programme><programme channel="O7u9KkM0xGhIgPd7SI3vCYXo-isfcKEhVe-fYkWo" start="20230110110000 +0000" stop="20230110150000 +0000" catchup-id="b4SLMlA4k34DaVuKs1K7K3xDovXfIKOYR94IYE-c"><title>Al-1-maar-hits!</title><date></date><icon src="https://m7be2.solocoo.tv/m7be2iphone/mmchan/mpimages/260x145/R6lYp9QZdiAjDGhfISmPlA.jpg"></icon><desc></desc><category></category></programme><programme channel="O7u9KkM0xGhIgPd7SI3vCYXo-isfcKEhVe-fYkWo" start="20230110150000 +0000" stop="20230110180000 +0000" catchup-id="lxXZBnUpQmZWvQ06kgpNyPbm6XgYlcT21W6XzxL0"><title>Wat een Dag</title><date></date><icon src="https://m7be2.solocoo.tv/m7be2iphone/mmchan/mpimages/260x145/xkylcPBUIeRYcIwYyZqvSA.jpg"></icon><desc></desc><category></category></programme><programme channel="O7u9KkM0xGhIgPd7SI3vCYXo-isfcKEhVe-fYkWo" start="20230110180000 +0000" stop="20230110190000 +0000" catchup-id="LH2WFVdGAzXoxaRo6PSAkcJkUTPr-ucMSzMlx35k"><title>Al-1-maar-hits!</title><date></date><icon src="https://m7be2.solocoo.tv/m7be2iphone/mmchan/mpimages/260x145/R6lYp9QZdiAjDGhfISmPlA.jpg"></icon><desc></desc><category></category></programme><programme channel="O7u9KkM0xGhIgPd7SI3vCYXo-isfcKEhVe-fYkWo" start="20230110190000 +0000" stop="20230110200000 +0000" catchup-id="BBOimWUbPSAnctrgrAzzde1hMpvRynzXKqa2KxGB"><title>Een Uur Sorry Music</title><date></date><icon src="https://m7be2.solocoo.tv/m7be2iphone/mmchan/mpimages/260x145/Ogyhv6tpa37BNREUDHzSSA.jpg"></icon><desc></desc><category></category></programme><programme channel="O7u9KkM0xGhIgPd7SI3vCYXo-isfcKEhVe-fYkWo" start="20230110200000 +0000" stop="20230110210000 +0000" catchup-id="S7XkgwmdzBPNEMy_1n1VBgQgNxzIPVqsOPBcyiN6"><title>Request</title><date></date><icon src="https://m7be2.solocoo.tv/m7be2iphone/mmchan/mpimages/260x145/bKQoyqnYdrN_uyXnc4e-ZA.jpg"></icon><desc></desc><category></category></programme><programme channel="O7u9KkM0xGhIgPd7SI3vCYXo-isfcKEhVe-fYkWo" start="20230110210000 +0000" stop="20230110230000 +0000" catchup-id="hGsw2ZjlA7BOg5qUzXIOR--GQRqBlgGdUPWPFm1G"><title>Al-1-maar-hits!</title><date></date><icon src="https://m7be2.solocoo.tv/m7be2iphone/mmchan/mpimages/260x145/R6lYp9QZdiAjDGhfISmPlA.jpg"></icon><desc></desc><category></category></programme><programme channel="O7u9KkM0xGhIgPd7SI3vCYXo-isfcKEhVe-fYkWo" start="20230110230000 +0000" stop="20230111050000 +0000" catchup-id="y4xfMV2a6oLKCLMdWZHeXGRHZSWOl4xTjU4Ji8ts"><title>Je kijkt naar de sterren</title><date></date><icon src="https://m7be2.solocoo.tv/m7be2iphone/mmchan/mpimages/260x145/2DXFImC9AODSlYFMd3cOAA.jpg"></icon><desc></desc><category></category></programme><programme channel="O7u9KkM0xGhIgPd7SI3vCYXo-isfcKEhVe-fYkWo" start="20230111050000 +0000" stop="20230111060000 +0000" catchup-id="Vtfn4iiVUWvBGPnFKiHMBawT_c9QDkXiBRJkf8rC"><title>Nog even soezen</title><date></date><icon src="https://m7be2.solocoo.tv/m7be2iphone/mmchan/mpimages/260x145/EP9L00Ledo0KH-bgcbZJFw.jpg"></icon><desc></desc><category></category></programme><programme channel="O7u9KkM0xGhIgPd7SI3vCYXo-isfcKEhVe-fYkWo" start="20230111060000 +0000" stop="20230111070000 +0000" catchup-id="eGh8unx0LQkkfqREZcYGIvYTY3WgIeODEXJ6vOkw"><title>Goeiemorgen morgen</title><date></date><icon src="https://m7be2.solocoo.tv/m7be2iphone/mmchan/mpimages/260x145/5pGQV5NU4QRyP7gwRpjwtg.jpg"></icon><desc></desc><category></category></programme><programme channel="O7u9KkM0xGhIgPd7SI3vCYXo-isfcKEhVe-fYkWo" start="20230111070000 +0000" stop="20230111080000 +0000" catchup-id="6Q-p2EwtpWNcNvmxRativwswQohv_MJgO_khKGhL"><title>Al-1-maar-hits!</title><date></date><icon src="https://m7be2.solocoo.tv/m7be2iphone/mmchan/mpimages/260x145/R6lYp9QZdiAjDGhfISmPlA.jpg"></icon><desc></desc><category></category></programme><programme channel="O7u9KkM0xGhIgPd7SI3vCYXo-isfcKEhVe-fYkWo" start="20230111080000 +0000" stop="20230111090000 +0000" catchup-id="7oc1K2Mpn_u4Fv6aCYYs1YeuhkgNMT6MmbXvwT-E"><title>Een Uur Sorry Music</title><date></date><icon src="https://m7be2.solocoo.tv/m7be2iphone/mmchan/mpimages/260x145/Ogyhv6tpa37BNREUDHzSSA.jpg"></icon><desc></desc><category></category></programme><programme channel="O7u9KkM0xGhIgPd7SI3vCYXo-isfcKEhVe-fYkWo" start="20230111090000 +0000" stop="20230111110000 +0000" catchup-id="bbR7THCUWCUZV63Vndkb4UfeFu2tVzo_L_P9Ehha"><title>Léééf !</title><date></date><icon src="https://m7be2.solocoo.tv/m7be2iphone/mmchan/mpimages/260x145/IYn4Hb5UF-hq5CT3qrLQIw.jpg"></icon><desc></desc><category></category></programme><programme channel="O7u9KkM0xGhIgPd7SI3vCYXo-isfcKEhVe-fYkWo" start="20230111110000 +0000" stop="20230111150000 +0000" catchup-id="l22O3x-VwPX7kT3sDo9-LQTZD85R3UasYSCvuM_z"><title>Al-1-maar-hits!</title><date></date><icon src="https://m7be2.solocoo.tv/m7be2iphone/mmchan/mpimages/260x145/R6lYp9QZdiAjDGhfISmPlA.jpg"></icon><desc></desc><category></category></programme><programme channel="O7u9KkM0xGhIgPd7SI3vCYXo-isfcKEhVe-fYkWo" start="20230111150000 +0000" stop="20230111180000 +0000" catchup-id="VRlYa97LaIYde5feK5a3lY2wiRCy6G-qsmxIziAf"><title>Wat een Dag</title><date></date><icon src="https://m7be2.solocoo.tv/m7be2iphone/mmchan/mpimages/260x145/xkylcPBUIeRYcIwYyZqvSA.jpg"></icon><desc></desc><category></category></programme><programme channel="O7u9KkM0xGhIgPd7SI3vCYXo-isfcKEhVe-fYkWo" start="20230111180000 +0000" stop="20230111190000 +0000" catchup-id="3lF3l3YDTKsDF_TasY6RZvOCBfscSK7tMuVQoVft"><title>Al-1-maar-hits!</title><date></date><icon src="https://m7be2.solocoo.tv/m7be2iphone/mmchan/mpimages/260x145/R6lYp9QZdiAjDGhfISmPlA.jpg"></icon><desc></desc><category></category></programme><programme channel="O7u9KkM0xGhIgPd7SI3vCYXo-isfcKEhVe-fYkWo" start="20230111190000 +0000" stop="20230111200000 +0000" catchup-id="8_FU-xGffQxtoJ0ySgxomzCM1MkQRTr_QyWoRfgG"><title>Een Uur Sorry Music</title><date></date><icon src="https://m7be2.solocoo.tv/m7be2iphone/mmchan/mpimages/260x145/Ogyhv6tpa37BNREUDHzSSA.jpg"></icon><desc></desc><category></category></programme><programme channel="O7u9KkM0xGhIgPd7SI3vCYXo-isfcKEhVe-fYkWo" start="20230111200000 +0000" stop="20230111210000 +0000" catchup-id="JDofEOhvr8wmymLfQ6BHL6b0ekXrahc27nxEezf8"><title>In levende lijve</title><date></date><icon src="https://m7be2.solocoo.tv/m7be2iphone/mmchan/mpimages/260x145/fhQH2xr5xgLP6p2PKNIw2w.jpg"></icon><desc></desc><category></category></programme><programme channel="O7u9KkM0xGhIgPd7SI3vCYXo-isfcKEhVe-fYkWo" start="20230111210000 +0000" stop="20230111230000 +0000" catchup-id="6IQd9h5PQmHkeWtHFMlr5omuAwtSRZUG5ox9LNj3"><title>Al-1-maar-hits!</title><date></date><icon src="https://m7be2.solocoo.tv/m7be2iphone/mmchan/mpimages/260x145/R6lYp9QZdiAjDGhfISmPlA.jpg"></icon><desc></desc><category></category></programme>