<programme channel="Mpw70GftHQ_H60VOCrbNThnMkX07uVwp9a3re83Y" start="20221229010000 +0000" stop="20221229030000 +0000" catchup-id="8pUOEBDUaxGRXBAs98tdRvVl-mfA7DQJYb_MDWvi"><title>Non-Stop Nostalgia</title><date></date><icon src="https://m7be2.solocoo.tv/m7be2iphone/mmchan/mpimages/208x308/JBzqwmtYmJi4QcWix-UF-w.jpg"></icon><desc></desc><category></category></programme><programme channel="Mpw70GftHQ_H60VOCrbNThnMkX07uVwp9a3re83Y" start="20221229030000 +0000" stop="20221229070000 +0000" catchup-id="kfNEjFC8ceKdYe-ge4u-mXHMNZoyYb8u9bhd2YDZ"><title>Non-Stop Nostalgia</title><date></date><icon src="https://m7be2.solocoo.tv/m7be2iphone/mmchan/mpimages/208x308/JBzqwmtYmJi4QcWix-UF-w.jpg"></icon><desc></desc><category></category></programme><programme channel="Mpw70GftHQ_H60VOCrbNThnMkX07uVwp9a3re83Y" start="20221229070000 +0000" stop="20221229080000 +0000" catchup-id="cQVE9SrS3FT4pxUXL4F72wb4dm3AVE1OOmkABjDx"><title>Class Of 2008!</title><date></date><icon src="https://m7be2.solocoo.tv/m7be2iphone/mmchan/mpimages/208x308/d5OXZFtv82SihVlnTclNFA.jpg"></icon><desc></desc><category></category></programme><programme channel="Mpw70GftHQ_H60VOCrbNThnMkX07uVwp9a3re83Y" start="20221229080000 +0000" stop="20221229130000 +0000" catchup-id="zqAlbds8n6xH01Q294JpfylysUqpPpgIxjBSkhLE"><title>We Love the 00s!</title><date></date><icon src="https://m7be2.solocoo.tv/m7be2iphone/mmchan/mpimages/208x308/y0WcGYpv5sZpRjBcGxBI3g.jpg"></icon><desc></desc><category></category></programme><programme channel="Mpw70GftHQ_H60VOCrbNThnMkX07uVwp9a3re83Y" start="20221229130000 +0000" stop="20221229140000 +0000" catchup-id="OKYlYSCUcgX4xD4z-RrmA9cgUmeXabK21QyafeKP"><title>Class Of 2008!</title><date></date><icon src="https://m7be2.solocoo.tv/m7be2iphone/mmchan/mpimages/208x308/d5OXZFtv82SihVlnTclNFA.jpg"></icon><desc></desc><category></category></programme><programme channel="Mpw70GftHQ_H60VOCrbNThnMkX07uVwp9a3re83Y" start="20221229140000 +0000" stop="20221229180000 +0000" catchup-id="RFUBtJS1w4ivx2rjjrAyHUnE0NETfc4nr7L2p2JG"><title>Hits Don't Lie!</title><date></date><icon src="https://m7be2.solocoo.tv/m7be2iphone/mmchan/mpimages/208x308/AxB7PsCHbCfhLb8DHG4yhg.jpg"></icon><desc></desc><category></category></programme><programme channel="Mpw70GftHQ_H60VOCrbNThnMkX07uVwp9a3re83Y" start="20221229180000 +0000" stop="20221229190000 +0000" catchup-id="DuTwOmdMHgF5TNGwNZwBWPwBB9vMnjXcqNFuEsGv"><title>Rap &amp; R'n'B Jamz</title><date></date><icon src="https://m7be2.solocoo.tv/m7be2iphone/mmchan/mpimages/208x308/GE9A1mNSYv4TFLHeMjo4ow.jpg"></icon><desc></desc><category></category></programme><programme channel="Mpw70GftHQ_H60VOCrbNThnMkX07uVwp9a3re83Y" start="20221229190000 +0000" stop="20221230010000 +0000" catchup-id="_kG51LNvwBYQA8Y0glkxSdqgI3bJyuQAmymKiA-z"><title>Non-Stop Nostalgia</title><date></date><icon src="https://m7be2.solocoo.tv/m7be2iphone/mmchan/mpimages/208x308/JBzqwmtYmJi4QcWix-UF-w.jpg"></icon><desc></desc><category></category></programme><programme channel="Mpw70GftHQ_H60VOCrbNThnMkX07uVwp9a3re83Y" start="20221230010000 +0000" stop="20221230030000 +0000" catchup-id="g3TQOxSAEvzYecO09ZtzksrQEYxBm0CVfU5iFGRm"><title>Non-Stop Nostalgia</title><date></date><icon src="https://m7be2.solocoo.tv/m7be2iphone/mmchan/mpimages/208x308/JBzqwmtYmJi4QcWix-UF-w.jpg"></icon><desc></desc><category></category></programme><programme channel="Mpw70GftHQ_H60VOCrbNThnMkX07uVwp9a3re83Y" start="20221230030000 +0000" stop="20221230070000 +0000" catchup-id="vBuIdTUsu6tttStrrC3-5gvx4Ok_zhzhQmHix11v"><title>Non-Stop Nostalgia</title><date></date><icon src="https://m7be2.solocoo.tv/m7be2iphone/mmchan/mpimages/208x308/JBzqwmtYmJi4QcWix-UF-w.jpg"></icon><desc></desc><category></category></programme><programme channel="Mpw70GftHQ_H60VOCrbNThnMkX07uVwp9a3re83Y" start="20221230070000 +0000" stop="20221230080000 +0000" catchup-id="DveESJ2uTJ3wYhMJU62b9kyEKWetXKkoZG2OCezu"><title>Best Groups Of the 00s!</title><date></date><icon src="https://m7be2.solocoo.tv/m7be2iphone/mmchan/mpimages/208x308/jwYIW2_PupeO8NVqYQJN7w.jpg"></icon><desc></desc><category></category></programme><programme channel="Mpw70GftHQ_H60VOCrbNThnMkX07uVwp9a3re83Y" start="20221230080000 +0000" stop="20221230130000 +0000" catchup-id="gVK4-C9pA_ItXPN8CyiIwaZyR4MZ0cnEucWPuaWY"><title>We Love the 00s!</title><date></date><icon src="https://m7be2.solocoo.tv/m7be2iphone/mmchan/mpimages/208x308/y0WcGYpv5sZpRjBcGxBI3g.jpg"></icon><desc></desc><category></category></programme><programme channel="Mpw70GftHQ_H60VOCrbNThnMkX07uVwp9a3re83Y" start="20221230130000 +0000" stop="20221230140000 +0000" catchup-id="Aqe7L-PIjfihlZvbQ8g4Hux4DUe3DjsFOMBtpfoV"><title>Best Groups Of the 00s!</title><date></date><icon src="https://m7be2.solocoo.tv/m7be2iphone/mmchan/mpimages/208x308/jwYIW2_PupeO8NVqYQJN7w.jpg"></icon><desc></desc><category></category></programme><programme channel="Mpw70GftHQ_H60VOCrbNThnMkX07uVwp9a3re83Y" start="20221230140000 +0000" stop="20221230180000 +0000" catchup-id="RXWKkVJ0t49xWICa2Ut9No3moiobcWcxWeNQyzh6"><title>Hits Don't Lie!</title><date></date><icon src="https://m7be2.solocoo.tv/m7be2iphone/mmchan/mpimages/208x308/AxB7PsCHbCfhLb8DHG4yhg.jpg"></icon><desc></desc><category></category></programme><programme channel="Mpw70GftHQ_H60VOCrbNThnMkX07uVwp9a3re83Y" start="20221230180000 +0000" stop="20221230190000 +0000" catchup-id="cprN1hSaOZyXDHyaBEl5V4BM9PIser-H7dp1v5uI"><title>Dancefloor Fillers!</title><date></date><icon src="https://m7be2.solocoo.tv/m7be2iphone/mmchan/mpimages/208x308/v64JURu4Beei97ZNbtxMvw.jpg"></icon><desc></desc><category></category></programme><programme channel="Mpw70GftHQ_H60VOCrbNThnMkX07uVwp9a3re83Y" start="20221230190000 +0000" stop="20221230220000 +0000" catchup-id="tW2fsgnTQ41jlAFXpd59p0guoSnYgcKAD68WSxL-"><title>Get the Party Started! 40 Hits</title><date></date><icon src="https://m7be2.solocoo.tv/m7be2iphone/mmchan/mpimages/208x308/1aWqmiKrviIEf6xvK7AndA.jpg"></icon><desc></desc><category></category></programme><programme channel="Mpw70GftHQ_H60VOCrbNThnMkX07uVwp9a3re83Y" start="20221230220000 +0000" stop="20221231010000 +0000" catchup-id="ciqaeNTj7QYHoYehy7epCHRrxiy4HMUx8AF3d4Dx"><title>Non-Stop Nostalgia</title><date></date><icon src="https://m7be2.solocoo.tv/m7be2iphone/mmchan/mpimages/208x308/JBzqwmtYmJi4QcWix-UF-w.jpg"></icon><desc></desc><category></category></programme><programme channel="Mpw70GftHQ_H60VOCrbNThnMkX07uVwp9a3re83Y" start="20221231010000 +0000" stop="20221231030000 +0000" catchup-id="fSGtWjDOBf_G9VCskFO7VWbbag5oXD5QSbsspNPG"><title>Non-Stop Nostalgia</title><date></date><icon src="https://m7be2.solocoo.tv/m7be2iphone/mmchan/mpimages/208x308/JBzqwmtYmJi4QcWix-UF-w.jpg"></icon><desc></desc><category></category></programme><programme channel="Mpw70GftHQ_H60VOCrbNThnMkX07uVwp9a3re83Y" start="20221231030000 +0000" stop="20221231090000 +0000" catchup-id="vqXGpnBp9Iy30asqXXrOpkJKxO3URVu3NHFdjtF6"><title>It's A 00s New Year's Party!</title><date></date><icon src="https://m7be2.solocoo.tv/m7be2iphone/mmchan/mpimages/208x308/Rb5FchfOoYLk7HhFH4gRTA.jpg"></icon><desc></desc><category></category></programme><programme channel="Mpw70GftHQ_H60VOCrbNThnMkX07uVwp9a3re83Y" start="20221231090000 +0000" stop="20221231150000 +0000" catchup-id="9-x2FBSntzwA9ayWQiCBJyOb_uR_CFVGI7lfkmAr"><title>It's A 00s New Year's Party!</title><date></date><icon src="https://m7be2.solocoo.tv/m7be2iphone/mmchan/mpimages/208x308/jWX4ZFCBsVWlghjrXmea5g.jpg"></icon><desc></desc><category></category></programme><programme channel="Mpw70GftHQ_H60VOCrbNThnMkX07uVwp9a3re83Y" start="20221231150000 +0000" stop="20221231190000 +0000" catchup-id="goIZ-tHNRuhA4lVDThRhI3NzshkrT-mU0QYzThwx"><title>It's A 00s New Year's Party!</title><date></date><icon src="https://m7be2.solocoo.tv/m7be2iphone/mmchan/mpimages/208x308/Rb5FchfOoYLk7HhFH4gRTA.jpg"></icon><desc></desc><category></category></programme><programme channel="Mpw70GftHQ_H60VOCrbNThnMkX07uVwp9a3re83Y" start="20221231190000 +0000" stop="20230101010000 +0000" catchup-id="ap9n5AnVoSze1QeHarFMi-_u9c-cQQMDflHfMSI4"><title>Happy New Year From MTV 00s!</title><date></date><icon src="https://m7be2.solocoo.tv/m7be2iphone/mmchan/mpimages/208x308/jWX4ZFCBsVWlghjrXmea5g.jpg"></icon><desc></desc><category></category></programme><programme channel="Mpw70GftHQ_H60VOCrbNThnMkX07uVwp9a3re83Y" start="20230101010000 +0000" stop="20230101030000 +0000" catchup-id="a1AfYNQk0e175OPZehYCyPJULkt3CTI41zoRoWB6"><title>Happy New Year From MTV 00s!</title><date></date><icon src="https://m7be2.solocoo.tv/m7be2iphone/mmchan/mpimages/208x308/Rb5FchfOoYLk7HhFH4gRTA.jpg"></icon><desc></desc><category></category></programme><programme channel="Mpw70GftHQ_H60VOCrbNThnMkX07uVwp9a3re83Y" start="20230101030000 +0000" stop="20230101090000 +0000" catchup-id="2NtqnKuFChUkvbyczdHhBuuCpPte_0KMng3UfudJ"><title>Happy New Year From MTV 00s!</title><date></date><icon src="https://m7be2.solocoo.tv/m7be2iphone/mmchan/mpimages/208x308/Rb5FchfOoYLk7HhFH4gRTA.jpg"></icon><desc></desc><category></category></programme><programme channel="Mpw70GftHQ_H60VOCrbNThnMkX07uVwp9a3re83Y" start="20230101090000 +0000" stop="20230101150000 +0000" catchup-id="fIcdB3uGkLVaQyR7mVNm4dU3IOyto9lTHIEsIPSu"><title>Happy New Year From MTV 00s!</title><date></date><icon src="https://m7be2.solocoo.tv/m7be2iphone/mmchan/mpimages/208x308/Rb5FchfOoYLk7HhFH4gRTA.jpg"></icon><desc></desc><category></category></programme><programme channel="Mpw70GftHQ_H60VOCrbNThnMkX07uVwp9a3re83Y" start="20230101150000 +0000" stop="20230101190000 +0000" catchup-id="6uLeFnmyyTNU7OQTgoHKiwoRq_L2QWAUUrAb-1oS"><title>Happy New Year From MTV 00s!</title><date></date><icon src="https://m7be2.solocoo.tv/m7be2iphone/mmchan/mpimages/208x308/jWX4ZFCBsVWlghjrXmea5g.jpg"></icon><desc></desc><category></category></programme><programme channel="Mpw70GftHQ_H60VOCrbNThnMkX07uVwp9a3re83Y" start="20230101190000 +0000" stop="20230102010000 +0000" catchup-id="YCgT3cGg6hw-EFUstO697E_FElBKfVldwX8W1VwQ"><title>Non-Stop Nostalgia</title><date></date><icon src="https://m7be2.solocoo.tv/m7be2iphone/mmchan/mpimages/208x308/JBzqwmtYmJi4QcWix-UF-w.jpg"></icon><desc></desc><category></category></programme><programme channel="Mpw70GftHQ_H60VOCrbNThnMkX07uVwp9a3re83Y" start="20230102010000 +0000" stop="20230102030000 +0000" catchup-id="Y83QpV7h9EJfzlP_WrHo0DYo0R7gonMnt7dP2bHY"><title>Non-Stop Nostalgia</title><date></date><icon src="https://m7be2.solocoo.tv/m7be2iphone/mmchan/mpimages/208x308/JBzqwmtYmJi4QcWix-UF-w.jpg"></icon><desc></desc><category></category></programme><programme channel="Mpw70GftHQ_H60VOCrbNThnMkX07uVwp9a3re83Y" start="20230102030000 +0000" stop="20230102070000 +0000" catchup-id="vtj7y7uZmirheK3kFG2V-pKz_QgsEcwwdNtRTT5s"><title>Non-Stop Nostalgia</title><date></date><icon src="https://m7be2.solocoo.tv/m7be2iphone/mmchan/mpimages/208x308/JBzqwmtYmJi4QcWix-UF-w.jpg"></icon><desc></desc><category></category></programme><programme channel="Mpw70GftHQ_H60VOCrbNThnMkX07uVwp9a3re83Y" start="20230102070000 +0000" stop="20230102080000 +0000" catchup-id="xvdGQ1F-NFDcsSWtW-DT0ZbyWqpL5etkgUvc2W3X"><title>Stars Of MTV : Christina Aguilera X Britney Spears</title><date></date><icon src="https://m7be2.solocoo.tv/m7be2iphone/mmchan/mpimages/208x308/Rb5FchfOoYLk7HhFH4gRTA.jpg"></icon><desc></desc><category></category></programme><programme channel="Mpw70GftHQ_H60VOCrbNThnMkX07uVwp9a3re83Y" start="20230102080000 +0000" stop="20230102130000 +0000" catchup-id="FiG70a6hfSSVwFG51FMBLQnppLNGgLhE9n80iVrX"><title>We Love the 00s!</title><date></date><icon src="https://m7be2.solocoo.tv/m7be2iphone/mmchan/mpimages/208x308/y0WcGYpv5sZpRjBcGxBI3g.jpg"></icon><desc></desc><category></category></programme><programme channel="Mpw70GftHQ_H60VOCrbNThnMkX07uVwp9a3re83Y" start="20230102130000 +0000" stop="20230102140000 +0000" catchup-id="BbYxJI5pm7soMsZukIxW8UGgdgXE8EFwSuY9O2Rw"><title>Stars Of MTV : Christina Aguilera X Britney Spears</title><date></date><icon src="https://m7be2.solocoo.tv/m7be2iphone/mmchan/mpimages/208x308/mzb0QAU4w5vVfWICPmxulw.jpg"></icon><desc></desc><category></category></programme><programme channel="Mpw70GftHQ_H60VOCrbNThnMkX07uVwp9a3re83Y" start="20230102140000 +0000" stop="20230102180000 +0000" catchup-id="AANqR3joC6jX6sldKr83XDNJcCj2eRmLLXmZumxt"><title>Hits Don't Lie!</title><date></date><icon src="https://m7be2.solocoo.tv/m7be2iphone/mmchan/mpimages/208x308/AxB7PsCHbCfhLb8DHG4yhg.jpg"></icon><desc></desc><category></category></programme><programme channel="Mpw70GftHQ_H60VOCrbNThnMkX07uVwp9a3re83Y" start="20230102180000 +0000" stop="20230102190000 +0000" catchup-id="x0Fdm54d5hpXvEZBSQb-znrxSZi8P8B33yDMHWc8"><title>Chillout Zone</title><date></date><icon src="https://m7be2.solocoo.tv/m7be2iphone/mmchan/mpimages/208x308/DySmNBav-1Nz--qtvJF1BQ.jpg"></icon><desc></desc><category></category></programme><programme channel="Mpw70GftHQ_H60VOCrbNThnMkX07uVwp9a3re83Y" start="20230102190000 +0000" stop="20230103010000 +0000" catchup-id="x0D5oNhqxasl-Z19M15g_752nlgN25Vf2M8mF94k"><title>Non-Stop Nostalgia</title><date></date><icon src="https://m7be2.solocoo.tv/m7be2iphone/mmchan/mpimages/208x308/JBzqwmtYmJi4QcWix-UF-w.jpg"></icon><desc></desc><category></category></programme><programme channel="Mpw70GftHQ_H60VOCrbNThnMkX07uVwp9a3re83Y" start="20230103010000 +0000" stop="20230103030000 +0000" catchup-id="Sh8SKp5cKHSMPP32ilH2L590aFVkKF6W79DnCSRy"><title>Non-Stop Nostalgia</title><date></date><icon src="https://m7be2.solocoo.tv/m7be2iphone/mmchan/mpimages/208x308/JBzqwmtYmJi4QcWix-UF-w.jpg"></icon><desc></desc><category></category></programme><programme channel="Mpw70GftHQ_H60VOCrbNThnMkX07uVwp9a3re83Y" start="20230103030000 +0000" stop="20230103070000 +0000" catchup-id="AxuDjtk3lxOoTIIiiYVjlLol1E0rnj2lvzpRMqFy"><title>Non-Stop Nostalgia</title><date></date><icon src="https://m7be2.solocoo.tv/m7be2iphone/mmchan/mpimages/208x308/JBzqwmtYmJi4QcWix-UF-w.jpg"></icon><desc></desc><category></category></programme><programme channel="Mpw70GftHQ_H60VOCrbNThnMkX07uVwp9a3re83Y" start="20230103070000 +0000" stop="20230103080000 +0000" catchup-id="240cAWEJpyXwEVTYO44JUCPXUS0hebiIQlKHb8gP"><title>Class Of 2000!</title><date></date><icon src="https://m7be2.solocoo.tv/m7be2iphone/mmchan/mpimages/208x308/mR7-iHqEqlwfFE0PSMM5UA.jpg"></icon><desc></desc><category></category></programme><programme channel="Mpw70GftHQ_H60VOCrbNThnMkX07uVwp9a3re83Y" start="20230103080000 +0000" stop="20230103130000 +0000" catchup-id="jyd8G3Gcc8KTIcu0qGAYWxThUnw4s-_c71Pcfinp"><title>We Love the 00s!</title><date></date><icon src="https://m7be2.solocoo.tv/m7be2iphone/mmchan/mpimages/208x308/y0WcGYpv5sZpRjBcGxBI3g.jpg"></icon><desc></desc><category></category></programme><programme channel="Mpw70GftHQ_H60VOCrbNThnMkX07uVwp9a3re83Y" start="20230103130000 +0000" stop="20230103140000 +0000" catchup-id="KX5iQKNTrROtxe09FbXVdLjPN0m6F04GEPW1A12i"><title>Class Of 2000!</title><date></date><icon src="https://m7be2.solocoo.tv/m7be2iphone/mmchan/mpimages/208x308/mR7-iHqEqlwfFE0PSMM5UA.jpg"></icon><desc></desc><category></category></programme><programme channel="Mpw70GftHQ_H60VOCrbNThnMkX07uVwp9a3re83Y" start="20230103140000 +0000" stop="20230103180000 +0000" catchup-id="rcu5lRerHVztGIrIuZ2_ewaGa3Ps4vnH90Ig_GGb"><title>Hits Don't Lie!</title><date></date><icon src="https://m7be2.solocoo.tv/m7be2iphone/mmchan/mpimages/208x308/AxB7PsCHbCfhLb8DHG4yhg.jpg"></icon><desc></desc><category></category></programme><programme channel="Mpw70GftHQ_H60VOCrbNThnMkX07uVwp9a3re83Y" start="20230103180000 +0000" stop="20230103190000 +0000" catchup-id="TvF_5urJzZlG1S2z7s10kdcELq4tTAYYwHeQ1LRX"><title>Classic Collabs!</title><date></date><icon src="https://m7be2.solocoo.tv/m7be2iphone/mmchan/mpimages/208x308/tDgJT9UUuv5E3uVSgscNRQ.jpg"></icon><desc></desc><category></category></programme><programme channel="Mpw70GftHQ_H60VOCrbNThnMkX07uVwp9a3re83Y" start="20230103190000 +0000" stop="20230104010000 +0000" catchup-id="wzecygohYCR2sO2GONRC0G9FTbh2HRWRTqfZb1GD"><title>Non-Stop Nostalgia</title><date></date><icon src="https://m7be2.solocoo.tv/m7be2iphone/mmchan/mpimages/208x308/JBzqwmtYmJi4QcWix-UF-w.jpg"></icon><desc></desc><category></category></programme><programme channel="Mpw70GftHQ_H60VOCrbNThnMkX07uVwp9a3re83Y" start="20230104010000 +0000" stop="20230104030000 +0000" catchup-id="4SVczBFPMq33YS3aNy831WpGDg1czD6fHD2wlEst"><title>Non-Stop Nostalgia</title><date></date><icon src="https://m7be2.solocoo.tv/m7be2iphone/mmchan/mpimages/208x308/JBzqwmtYmJi4QcWix-UF-w.jpg"></icon><desc></desc><category></category></programme><programme channel="Mpw70GftHQ_H60VOCrbNThnMkX07uVwp9a3re83Y" start="20230104030000 +0000" stop="20230104070000 +0000" catchup-id="DNeEVKhSvQwNedotZR484VOd2aLvMKKEJDvSq4N5"><title>Non-Stop Nostalgia</title><date></date><icon src="https://m7be2.solocoo.tv/m7be2iphone/mmchan/mpimages/208x308/JBzqwmtYmJi4QcWix-UF-w.jpg"></icon><desc></desc><category></category></programme><programme channel="Mpw70GftHQ_H60VOCrbNThnMkX07uVwp9a3re83Y" start="20230104070000 +0000" stop="20230104080000 +0000" catchup-id="x3ENDb1cgInWHjSUj54aGb4DZ3N5Yn4Azcv-n1K8"><title>2 4 1 Hits!</title><date></date><icon src="https://m7be2.solocoo.tv/m7be2iphone/mmchan/mpimages/208x308/UiocjkjOEoXxCHZJd0wfzQ.jpg"></icon><desc></desc><category></category></programme><programme channel="Mpw70GftHQ_H60VOCrbNThnMkX07uVwp9a3re83Y" start="20230104080000 +0000" stop="20230104130000 +0000" catchup-id="mrwkrJ0YV_cKMrmbSvEXy3nDnN2Re25-mji9TiVs"><title>We Love the 00s!</title><date></date><icon src="https://m7be2.solocoo.tv/m7be2iphone/mmchan/mpimages/208x308/y0WcGYpv5sZpRjBcGxBI3g.jpg"></icon><desc></desc><category></category></programme><programme channel="Mpw70GftHQ_H60VOCrbNThnMkX07uVwp9a3re83Y" start="20230104130000 +0000" stop="20230104140000 +0000" catchup-id="8227f9kcf0ndPvuuk00Sfb8UFL9-DVJZPDp_jTx5"><title>2 4 1 Hits!</title><date></date><icon src="https://m7be2.solocoo.tv/m7be2iphone/mmchan/mpimages/208x308/UiocjkjOEoXxCHZJd0wfzQ.jpg"></icon><desc></desc><category></category></programme><programme channel="Mpw70GftHQ_H60VOCrbNThnMkX07uVwp9a3re83Y" start="20230104140000 +0000" stop="20230104180000 +0000" catchup-id="8OhUfVi8pWmAeUueoRlVTWQDaekAcV3IL69INJG-"><title>Hits Don't Lie!</title><date></date><icon src="https://m7be2.solocoo.tv/m7be2iphone/mmchan/mpimages/260x145/AxB7PsCHbCfhLb8DHG4yhg.jpg"></icon><desc></desc><category></category></programme><programme channel="Mpw70GftHQ_H60VOCrbNThnMkX07uVwp9a3re83Y" start="20230104180000 +0000" stop="20230104190000 +0000" catchup-id="8aZVsYnmVtbg2KfIA9Xg19JKxYmIXKV8JYT9hpe6"><title>Can't Fight the Pop Ballads!</title><date></date><icon src="https://m7be2.solocoo.tv/m7be2iphone/mmchan/mpimages/260x145/PsGvszHhULfRHVPa2nWC4w.jpg"></icon><desc></desc><category></category></programme><programme channel="Mpw70GftHQ_H60VOCrbNThnMkX07uVwp9a3re83Y" start="20230104190000 +0000" stop="20230105010000 +0000" catchup-id="RqQdR_LwncwAO2PrfM_jmFL9uJ-mfrXT8I-mFujv"><title>Non-Stop Nostalgia</title><date></date><icon src="https://m7be2.solocoo.tv/m7be2iphone/mmchan/mpimages/260x145/JBzqwmtYmJi4QcWix-UF-w.jpg"></icon><desc></desc><category></category></programme><programme channel="Mpw70GftHQ_H60VOCrbNThnMkX07uVwp9a3re83Y" start="20230105010000 +0000" stop="20230105030000 +0000" catchup-id="c2oOzoqw4q5bG00Tv-oDHqK3t40RuSZL7v9TiGcE"><title>Non-Stop Nostalgia</title><date></date><icon src="https://m7be2.solocoo.tv/m7be2iphone/mmchan/mpimages/260x145/JBzqwmtYmJi4QcWix-UF-w.jpg"></icon><desc></desc><category></category></programme><programme channel="Mpw70GftHQ_H60VOCrbNThnMkX07uVwp9a3re83Y" start="20230105030000 +0000" stop="20230105070000 +0000" catchup-id="ZBveyZqLdlFIThUkq08PnrMag-dUghc6tAduAgES"><title>Non-Stop Nostalgia</title><date></date><icon src="https://m7be2.solocoo.tv/m7be2iphone/mmchan/mpimages/260x145/JBzqwmtYmJi4QcWix-UF-w.jpg"></icon><desc></desc><category></category></programme><programme channel="Mpw70GftHQ_H60VOCrbNThnMkX07uVwp9a3re83Y" start="20230105070000 +0000" stop="20230105080000 +0000" catchup-id="nf7zf-Tpk6d5htysTKLeL9vnDvmZudNPZ9Sux8vK"><title>Class Of 2001!</title><date></date><icon src="https://m7be2.solocoo.tv/m7be2iphone/mmchan/mpimages/260x145/mR7-iHqEqlwfFE0PSMM5UA.jpg"></icon><desc></desc><category></category></programme><programme channel="Mpw70GftHQ_H60VOCrbNThnMkX07uVwp9a3re83Y" start="20230105080000 +0000" stop="20230105130000 +0000" catchup-id="WXknPaj37mH9lo4rFGGRLBp_4Fr_noqWi36DSTf_"><title>We Love the 00s!</title><date></date><icon src="https://m7be2.solocoo.tv/m7be2iphone/mmchan/mpimages/260x145/y0WcGYpv5sZpRjBcGxBI3g.jpg"></icon><desc></desc><category></category></programme><programme channel="Mpw70GftHQ_H60VOCrbNThnMkX07uVwp9a3re83Y" start="20230105130000 +0000" stop="20230105140000 +0000" catchup-id="f9JM_YDTYf5y4V4UJ4s3vp1ZJ2IFfYqhsFJMJ6iv"><title>Class Of 2001!</title><date></date><icon src="https://m7be2.solocoo.tv/m7be2iphone/mmchan/mpimages/260x145/mR7-iHqEqlwfFE0PSMM5UA.jpg"></icon><desc></desc><category></category></programme><programme channel="Mpw70GftHQ_H60VOCrbNThnMkX07uVwp9a3re83Y" start="20230105140000 +0000" stop="20230105180000 +0000" catchup-id="pCZ2njNU_7D3PRYBr9-G2KIk3GWpZgDfQYEMvMi8"><title>Hits Don't Lie!</title><date></date><icon src="https://m7be2.solocoo.tv/m7be2iphone/mmchan/mpimages/260x145/AxB7PsCHbCfhLb8DHG4yhg.jpg"></icon><desc></desc><category></category></programme><programme channel="Mpw70GftHQ_H60VOCrbNThnMkX07uVwp9a3re83Y" start="20230105180000 +0000" stop="20230105190000 +0000" catchup-id="vwXjhoYk_D7aA5jgilz93Jip7Zek8EDbQiDecUm6"><title>Rap &amp; R'n'B Jamz</title><date></date><icon src="https://m7be2.solocoo.tv/m7be2iphone/mmchan/mpimages/260x145/GE9A1mNSYv4TFLHeMjo4ow.jpg"></icon><desc></desc><category></category></programme><programme channel="Mpw70GftHQ_H60VOCrbNThnMkX07uVwp9a3re83Y" start="20230105190000 +0000" stop="20230106010000 +0000" catchup-id="6wbC3rXo5k1U6yEa-iUyuzPTtQL2TPG_AHxEvhBZ"><title>Non-Stop Nostalgia</title><date></date><icon src="https://m7be2.solocoo.tv/m7be2iphone/mmchan/mpimages/260x145/JBzqwmtYmJi4QcWix-UF-w.jpg"></icon><desc></desc><category></category></programme><programme channel="Mpw70GftHQ_H60VOCrbNThnMkX07uVwp9a3re83Y" start="20230106010000 +0000" stop="20230106030000 +0000" catchup-id="YDQzAUYRnitJrKc_ct4jsygEZwcc7nnViqobNX-i"><title>Non-Stop Nostalgia</title><date></date><icon src="https://m7be2.solocoo.tv/m7be2iphone/mmchan/mpimages/260x145/JBzqwmtYmJi4QcWix-UF-w.jpg"></icon><desc></desc><category></category></programme><programme channel="Mpw70GftHQ_H60VOCrbNThnMkX07uVwp9a3re83Y" start="20230106030000 +0000" stop="20230106070000 +0000" catchup-id="pFx8IZ2zatK7vy6xNyI78bEijSTJvlOnBNxBBGND"><title>Non-Stop Nostalgia</title><date></date><icon src="https://m7be2.solocoo.tv/m7be2iphone/mmchan/mpimages/260x145/JBzqwmtYmJi4QcWix-UF-w.jpg"></icon><desc></desc><category></category></programme><programme channel="Mpw70GftHQ_H60VOCrbNThnMkX07uVwp9a3re83Y" start="20230106070000 +0000" stop="20230106080000 +0000" catchup-id="DWOyepD5PAzhKkOT3Mq-x5FrISPjlqOQpnEGKmH-"><title>Stars Of MTV: The Boys</title><date></date><icon src="https://m7be2.solocoo.tv/m7be2iphone/mmchan/mpimages/260x145/mzb0QAU4w5vVfWICPmxulw.jpg"></icon><desc></desc><category></category></programme><programme channel="Mpw70GftHQ_H60VOCrbNThnMkX07uVwp9a3re83Y" start="20230106080000 +0000" stop="20230106130000 +0000" catchup-id="4zlA6J6fZxGMbIlofEv9u2JTYLF1OCnnGejOrEIC"><title>We Love the 00s!</title><date></date><icon src="https://m7be2.solocoo.tv/m7be2iphone/mmchan/mpimages/260x145/y0WcGYpv5sZpRjBcGxBI3g.jpg"></icon><desc></desc><category></category></programme><programme channel="Mpw70GftHQ_H60VOCrbNThnMkX07uVwp9a3re83Y" start="20230106130000 +0000" stop="20230106140000 +0000" catchup-id="qUFHndu6YJtCdCedmhIZW5jgyToafXkPc2z8hUnz"><title>Stars Of MTV: The Boys</title><date></date><icon src="https://m7be2.solocoo.tv/m7be2iphone/mmchan/mpimages/260x145/mzb0QAU4w5vVfWICPmxulw.jpg"></icon><desc></desc><category></category></programme><programme channel="Mpw70GftHQ_H60VOCrbNThnMkX07uVwp9a3re83Y" start="20230106140000 +0000" stop="20230106180000 +0000" catchup-id="XIOxqyMI81QRRLUgWw-nAV3LBrfJci5KSLV60P9n"><title>Hits Don't Lie!</title><date></date><icon src="https://m7be2.solocoo.tv/m7be2iphone/mmchan/mpimages/260x145/AxB7PsCHbCfhLb8DHG4yhg.jpg"></icon><desc></desc><category></category></programme><programme channel="Mpw70GftHQ_H60VOCrbNThnMkX07uVwp9a3re83Y" start="20230106180000 +0000" stop="20230106190000 +0000" catchup-id="LMJKlBPu_ZVuUI0qkxj1YgC0ZBqAzDwBHlX4Ka0r"><title>Dancefloor Fillers!</title><date></date><icon src="https://m7be2.solocoo.tv/m7be2iphone/mmchan/mpimages/260x145/v64JURu4Beei97ZNbtxMvw.jpg"></icon><desc></desc><category></category></programme><programme channel="Mpw70GftHQ_H60VOCrbNThnMkX07uVwp9a3re83Y" start="20230106190000 +0000" stop="20230106220000 +0000" catchup-id="m-h2Ej8jTi0ciLv9UUMGXqXccwPpolxpKeb_2OwW"><title>Rock Legends! 40 Anthems</title><date></date><icon src="https://m7be2.solocoo.tv/m7be2iphone/mmchan/mpimages/260x145/MSaPI1bG0epl8igq84OF8A.jpg"></icon><desc></desc><category></category></programme><programme channel="Mpw70GftHQ_H60VOCrbNThnMkX07uVwp9a3re83Y" start="20230106220000 +0000" stop="20230107010000 +0000" catchup-id="GFCj8XRN_Yct2tpvHKJCzUJ9OSEHesFW5D4y231Z"><title>Non-Stop Nostalgia</title><date></date><icon src="https://m7be2.solocoo.tv/m7be2iphone/mmchan/mpimages/260x145/JBzqwmtYmJi4QcWix-UF-w.jpg"></icon><desc></desc><category></category></programme><programme channel="Mpw70GftHQ_H60VOCrbNThnMkX07uVwp9a3re83Y" start="20230107010000 +0000" stop="20230107030000 +0000" catchup-id="0q8u1bG6yJdzlBYrXMToXtVWYCpHfMI6ofaoZ80u"><title>Non-Stop Nostalgia</title><date></date><icon src="https://m7be2.solocoo.tv/m7be2iphone/mmchan/mpimages/260x145/JBzqwmtYmJi4QcWix-UF-w.jpg"></icon><desc></desc><category></category></programme><programme channel="Mpw70GftHQ_H60VOCrbNThnMkX07uVwp9a3re83Y" start="20230107030000 +0000" stop="20230107070000 +0000" catchup-id="SPPJNGgjfXeUYG4VFCT8XDFvtIGQ9CbcX9KPOT1X"><title>Non-Stop Nostalgia</title><date></date><icon src="https://m7be2.solocoo.tv/m7be2iphone/mmchan/mpimages/260x145/JBzqwmtYmJi4QcWix-UF-w.jpg"></icon><desc></desc><category></category></programme><programme channel="Mpw70GftHQ_H60VOCrbNThnMkX07uVwp9a3re83Y" start="20230107070000 +0000" stop="20230107100000 +0000" catchup-id="Pj8-ej8dsZ4PnTK8msrpFdUOCdhb_V4cPYPX7RxO"><title>40 MTV Stars Of the 00s!</title><date></date><icon src="https://m7be2.solocoo.tv/m7be2iphone/mmchan/mpimages/260x145/Rb5FchfOoYLk7HhFH4gRTA.jpg"></icon><desc></desc><category></category></programme><programme channel="Mpw70GftHQ_H60VOCrbNThnMkX07uVwp9a3re83Y" start="20230107100000 +0000" stop="20230107130000 +0000" catchup-id="Yyx2f19vP50UeJQPnCfKgMopVMjeoRopMCCdhzON"><title>We Love the 00s!</title><date></date><icon src="https://m7be2.solocoo.tv/m7be2iphone/mmchan/mpimages/260x145/y0WcGYpv5sZpRjBcGxBI3g.jpg"></icon><desc></desc><category></category></programme><programme channel="Mpw70GftHQ_H60VOCrbNThnMkX07uVwp9a3re83Y" start="20230107130000 +0000" stop="20230107140000 +0000" catchup-id="c7QR0-L-rFTqkYa_6fEkrU0TvF3cqvtrcuLMfOjW"><title>2 4 1 Hits!</title><date></date><icon src="https://m7be2.solocoo.tv/m7be2iphone/mmchan/mpimages/260x145/UiocjkjOEoXxCHZJd0wfzQ.jpg"></icon><desc></desc><category></category></programme><programme channel="Mpw70GftHQ_H60VOCrbNThnMkX07uVwp9a3re83Y" start="20230107140000 +0000" stop="20230107180000 +0000" catchup-id="XDV-rP-yZcYm7NaKWk4Olcx_T1pESluiGS9V1fuE"><title>Hits Don't Lie!</title><date></date><icon src="https://m7be2.solocoo.tv/m7be2iphone/mmchan/mpimages/260x145/AxB7PsCHbCfhLb8DHG4yhg.jpg"></icon><desc></desc><category></category></programme><programme channel="Mpw70GftHQ_H60VOCrbNThnMkX07uVwp9a3re83Y" start="20230107180000 +0000" stop="20230107190000 +0000" catchup-id="kG_bJqxV6O_YYtWujYpXD-01r0O28JiSYB6aDNlE"><title>Rock'N'Roll Anthems!</title><date></date><icon src="https://m7be2.solocoo.tv/m7be2iphone/mmchan/mpimages/260x145/cUVhY1LE34N4JnS8dy9fuQ.jpg"></icon><desc></desc><category></category></programme><programme channel="Mpw70GftHQ_H60VOCrbNThnMkX07uVwp9a3re83Y" start="20230107190000 +0000" stop="20230108010000 +0000" catchup-id="sHV5bktYO-UbAQRzrNHaQRskoy7W3G5jfb1nlIf4"><title>Non-Stop Nostalgia</title><date></date><icon src="https://m7be2.solocoo.tv/m7be2iphone/mmchan/mpimages/260x145/JBzqwmtYmJi4QcWix-UF-w.jpg"></icon><desc></desc><category></category></programme><programme channel="Mpw70GftHQ_H60VOCrbNThnMkX07uVwp9a3re83Y" start="20230108010000 +0000" stop="20230108030000 +0000" catchup-id="K1pjalDfczOHs3LNMUBYnaLVMdoc6CZZHKZt1GFf"><title>Non-Stop Nostalgia</title><date></date><icon src="https://m7be2.solocoo.tv/m7be2iphone/mmchan/mpimages/260x145/JBzqwmtYmJi4QcWix-UF-w.jpg"></icon><desc></desc><category></category></programme><programme channel="Mpw70GftHQ_H60VOCrbNThnMkX07uVwp9a3re83Y" start="20230108030000 +0000" stop="20230108070000 +0000" catchup-id="wkyZzBQec6L4Wv7UGe9iW4UPoTr84Q_MZ2yWym55"><title>Non-Stop Nostalgia</title><date></date><icon src="https://m7be2.solocoo.tv/m7be2iphone/mmchan/mpimages/260x145/JBzqwmtYmJi4QcWix-UF-w.jpg"></icon><desc></desc><category></category></programme><programme channel="Mpw70GftHQ_H60VOCrbNThnMkX07uVwp9a3re83Y" start="20230108070000 +0000" stop="20230108080000 +0000" catchup-id="AuHxYttcA0VaycIu_6VlAgbRjJHakSorxLck4H19"><title>Class Of 2002!</title><date></date><icon src="https://m7be2.solocoo.tv/m7be2iphone/mmchan/mpimages/260x145/mR7-iHqEqlwfFE0PSMM5UA.jpg"></icon><desc></desc><category></category></programme><programme channel="Mpw70GftHQ_H60VOCrbNThnMkX07uVwp9a3re83Y" start="20230108080000 +0000" stop="20230108100000 +0000" catchup-id="oJEtIraWWOv7qrGytus828mp4b1tYP59vqkdWan5"><title>We Love the 00s!</title><date></date><icon src="https://m7be2.solocoo.tv/m7be2iphone/mmchan/mpimages/260x145/y0WcGYpv5sZpRjBcGxBI3g.jpg"></icon><desc></desc><category></category></programme><programme channel="Mpw70GftHQ_H60VOCrbNThnMkX07uVwp9a3re83Y" start="20230108100000 +0000" stop="20230108130000 +0000" catchup-id="18bkAHvFzMLqMCDz_dzvjlNE7CnR5Hnc_lyMMWpp"><title>Superstar DJs! 40 Dance Hits</title><date></date><icon src="https://m7be2.solocoo.tv/m7be2iphone/mmchan/mpimages/260x145/Rb5FchfOoYLk7HhFH4gRTA.jpg"></icon><desc></desc><category></category></programme><programme channel="Mpw70GftHQ_H60VOCrbNThnMkX07uVwp9a3re83Y" start="20230108130000 +0000" stop="20230108140000 +0000" catchup-id="qxZbQQ8_yU3-s5wYi6LxnKy3lW8D8jl5hmjKsbpK"><title>Class Of 2002!</title><date></date><icon src="https://m7be2.solocoo.tv/m7be2iphone/mmchan/mpimages/260x145/mR7-iHqEqlwfFE0PSMM5UA.jpg"></icon><desc></desc><category></category></programme><programme channel="Mpw70GftHQ_H60VOCrbNThnMkX07uVwp9a3re83Y" start="20230108140000 +0000" stop="20230108180000 +0000" catchup-id="mYDkkIZUmkNO-f7erXwc5AjvJWsZ7J5KwQhxCeBG"><title>Hits Don't Lie!</title><date></date><icon src="https://m7be2.solocoo.tv/m7be2iphone/mmchan/mpimages/260x145/AxB7PsCHbCfhLb8DHG4yhg.jpg"></icon><desc></desc><category></category></programme><programme channel="Mpw70GftHQ_H60VOCrbNThnMkX07uVwp9a3re83Y" start="20230108180000 +0000" stop="20230108190000 +0000" catchup-id="5Hv4xX45ZLoSE3bcX93IB-U4KT54sCuJ5l_B4CGT"><title>Crazy In Love</title><date></date><icon src="https://m7be2.solocoo.tv/m7be2iphone/mmchan/mpimages/260x145/RfEAKLqf87ZWQjfxKegNMA.jpg"></icon><desc></desc><category></category></programme><programme channel="Mpw70GftHQ_H60VOCrbNThnMkX07uVwp9a3re83Y" start="20230108190000 +0000" stop="20230109010000 +0000" catchup-id="pT0GNa_r25UlmYLavbzDbLlSN8dvuHXOYZ0Zw-B6"><title>Non-Stop Nostalgia</title><date></date><icon src="https://m7be2.solocoo.tv/m7be2iphone/mmchan/mpimages/260x145/JBzqwmtYmJi4QcWix-UF-w.jpg"></icon><desc></desc><category></category></programme><programme channel="Mpw70GftHQ_H60VOCrbNThnMkX07uVwp9a3re83Y" start="20230109010000 +0000" stop="20230109030000 +0000" catchup-id="q9smpi0lPMjE0ucxXwEKjMYQA8YhFynBTfHJowR4"><title>Non-Stop Nostalgia</title><date></date><icon src="https://m7be2.solocoo.tv/m7be2iphone/mmchan/mpimages/260x145/JBzqwmtYmJi4QcWix-UF-w.jpg"></icon><desc></desc><category></category></programme><programme channel="Mpw70GftHQ_H60VOCrbNThnMkX07uVwp9a3re83Y" start="20230109030000 +0000" stop="20230109070000 +0000" catchup-id="MeRpBBC-oiUxovraaK9hUa1AH4vSSf4n8Ikm9QPR"><title>Non-Stop Nostalgia</title><date></date><icon src="https://m7be2.solocoo.tv/m7be2iphone/mmchan/mpimages/260x145/JBzqwmtYmJi4QcWix-UF-w.jpg"></icon><desc></desc><category></category></programme><programme channel="Mpw70GftHQ_H60VOCrbNThnMkX07uVwp9a3re83Y" start="20230109070000 +0000" stop="20230109080000 +0000" catchup-id="JZQajDzT8Z0Rc3YSO086LBSHWTy3QOIrxwK15EKM"><title>Best Collabs Of the 00s!</title><date></date><icon src="https://m7be2.solocoo.tv/m7be2iphone/mmchan/mpimages/260x145/T-EHI7B_Myhz_kO4UEnV-A.jpg"></icon><desc></desc><category></category></programme><programme channel="Mpw70GftHQ_H60VOCrbNThnMkX07uVwp9a3re83Y" start="20230109080000 +0000" stop="20230109130000 +0000" catchup-id="6fMURiPEMC8CNqv513alpxjV_DNBiGQvpnrjI48F"><title>We Love the 00s!</title><date></date><icon src="https://m7be2.solocoo.tv/m7be2iphone/mmchan/mpimages/260x145/y0WcGYpv5sZpRjBcGxBI3g.jpg"></icon><desc></desc><category></category></programme><programme channel="Mpw70GftHQ_H60VOCrbNThnMkX07uVwp9a3re83Y" start="20230109130000 +0000" stop="20230109140000 +0000" catchup-id="AYLKLFGE8Rp7WQ7FqRU6R8Ve3gKGRezk5G7solUX"><title>Best Collabs Of the 00s!</title><date></date><icon src="https://m7be2.solocoo.tv/m7be2iphone/mmchan/mpimages/260x145/T-EHI7B_Myhz_kO4UEnV-A.jpg"></icon><desc></desc><category></category></programme><programme channel="Mpw70GftHQ_H60VOCrbNThnMkX07uVwp9a3re83Y" start="20230109140000 +0000" stop="20230109180000 +0000" catchup-id="6zIq-mGs6Gov7AoTXiAdaICgdgLKoI0GVo4NB8AG"><title>Hits Don't Lie!</title><date></date><icon src="https://m7be2.solocoo.tv/m7be2iphone/mmchan/mpimages/260x145/AxB7PsCHbCfhLb8DHG4yhg.jpg"></icon><desc></desc><category></category></programme><programme channel="Mpw70GftHQ_H60VOCrbNThnMkX07uVwp9a3re83Y" start="20230109180000 +0000" stop="20230109190000 +0000" catchup-id="6Ia7j2aifHfixnjPdnBMzVJQEZgcqaDevdbFSUsX"><title>Chillout Zone</title><date></date><icon src="https://m7be2.solocoo.tv/m7be2iphone/mmchan/mpimages/260x145/DySmNBav-1Nz--qtvJF1BQ.jpg"></icon><desc></desc><category></category></programme><programme channel="Mpw70GftHQ_H60VOCrbNThnMkX07uVwp9a3re83Y" start="20230109190000 +0000" stop="20230110010000 +0000" catchup-id="pr0-5q8F3jiGFVpfXGbvFmyhg02mFko501mnLF5m"><title>Non-Stop Nostalgia</title><date></date><icon src="https://m7be2.solocoo.tv/m7be2iphone/mmchan/mpimages/260x145/JBzqwmtYmJi4QcWix-UF-w.jpg"></icon><desc></desc><category></category></programme><programme channel="Mpw70GftHQ_H60VOCrbNThnMkX07uVwp9a3re83Y" start="20230110010000 +0000" stop="20230110030000 +0000" catchup-id="nbAMPfMM2-TSwpIpKOaWMDJIsQ_JHCoMxtQnBDbc"><title>Non-Stop Nostalgia</title><date></date><icon src="https://m7be2.solocoo.tv/m7be2iphone/mmchan/mpimages/260x145/JBzqwmtYmJi4QcWix-UF-w.jpg"></icon><desc></desc><category></category></programme><programme channel="Mpw70GftHQ_H60VOCrbNThnMkX07uVwp9a3re83Y" start="20230110030000 +0000" stop="20230110070000 +0000" catchup-id="3CRsIy5dg845a_6lOAURM1hTeKhMPiaw09PtEyhb"><title>Non-Stop Nostalgia</title><date></date><icon src="https://m7be2.solocoo.tv/m7be2iphone/mmchan/mpimages/260x145/JBzqwmtYmJi4QcWix-UF-w.jpg"></icon><desc></desc><category></category></programme><programme channel="Mpw70GftHQ_H60VOCrbNThnMkX07uVwp9a3re83Y" start="20230110070000 +0000" stop="20230110080000 +0000" catchup-id="NWsXsI79uSdW8VI0I-_dfMyA3MgGZJX49oON5mim"><title>Class Of 2002!</title><date></date><icon src="https://m7be2.solocoo.tv/m7be2iphone/mmchan/mpimages/260x145/mR7-iHqEqlwfFE0PSMM5UA.jpg"></icon><desc></desc><category></category></programme><programme channel="Mpw70GftHQ_H60VOCrbNThnMkX07uVwp9a3re83Y" start="20230110080000 +0000" stop="20230110130000 +0000" catchup-id="RTyUWUyrnyi2uObTgg2Osi7pKwPoMEh6sw_oqNEJ"><title>We Love the 00s!</title><date></date><icon src="https://m7be2.solocoo.tv/m7be2iphone/mmchan/mpimages/260x145/y0WcGYpv5sZpRjBcGxBI3g.jpg"></icon><desc></desc><category></category></programme><programme channel="Mpw70GftHQ_H60VOCrbNThnMkX07uVwp9a3re83Y" start="20230110130000 +0000" stop="20230110140000 +0000" catchup-id="hRlAriBv_bpPaZ4xRmuzXQWJ6EjL99_r2oC3WR5F"><title>Class Of 2002!</title><date></date><icon src="https://m7be2.solocoo.tv/m7be2iphone/mmchan/mpimages/260x145/mR7-iHqEqlwfFE0PSMM5UA.jpg"></icon><desc></desc><category></category></programme><programme channel="Mpw70GftHQ_H60VOCrbNThnMkX07uVwp9a3re83Y" start="20230110140000 +0000" stop="20230110180000 +0000" catchup-id="NWmXMBeLzqSZ4HCCsduCpltzCpUlghrx3ja-AzVV"><title>Hits Don't Lie!</title><date></date><icon src="https://m7be2.solocoo.tv/m7be2iphone/mmchan/mpimages/260x145/AxB7PsCHbCfhLb8DHG4yhg.jpg"></icon><desc></desc><category></category></programme><programme channel="Mpw70GftHQ_H60VOCrbNThnMkX07uVwp9a3re83Y" start="20230110180000 +0000" stop="20230110190000 +0000" catchup-id="0ocyb-htIz8e8eS2lbDT50Nx6sx72WJyAyCtc4wy"><title>Classic Collabs!</title><date></date><icon src="https://m7be2.solocoo.tv/m7be2iphone/mmchan/mpimages/260x145/tDgJT9UUuv5E3uVSgscNRQ.jpg"></icon><desc></desc><category></category></programme><programme channel="Mpw70GftHQ_H60VOCrbNThnMkX07uVwp9a3re83Y" start="20230110190000 +0000" stop="20230111010000 +0000" catchup-id="E6W1vKlpCiIAFg1qV7nPW_SFx05a8b3mg-YJ5PmW"><title>Non-Stop Nostalgia</title><date></date><icon src="https://m7be2.solocoo.tv/m7be2iphone/mmchan/mpimages/260x145/JBzqwmtYmJi4QcWix-UF-w.jpg"></icon><desc></desc><category></category></programme><programme channel="Mpw70GftHQ_H60VOCrbNThnMkX07uVwp9a3re83Y" start="20230111010000 +0000" stop="20230111030000 +0000" catchup-id="ZMbFtgs1RB1--W1wfqJqMvOhsPzV8Et6dt4i100e"><title>Non-Stop Nostalgia</title><date></date><icon src="https://m7be2.solocoo.tv/m7be2iphone/mmchan/mpimages/260x145/JBzqwmtYmJi4QcWix-UF-w.jpg"></icon><desc></desc><category></category></programme><programme channel="Mpw70GftHQ_H60VOCrbNThnMkX07uVwp9a3re83Y" start="20230111030000 +0000" stop="20230111070000 +0000" catchup-id="Dufg7gG_Zee6faCp0iZUBl-SHqIxnWSQr6Lhep7y"><title>Non-Stop Nostalgia</title><date></date><icon src="https://m7be2.solocoo.tv/m7be2iphone/mmchan/mpimages/260x145/JBzqwmtYmJi4QcWix-UF-w.jpg"></icon><desc></desc><category></category></programme><programme channel="Mpw70GftHQ_H60VOCrbNThnMkX07uVwp9a3re83Y" start="20230111070000 +0000" stop="20230111080000 +0000" catchup-id="bKmw_qxghmMxbGavrc-NHzRAw0BxYL_1k8sUxWKO"><title>2 4 1 Hits!</title><date></date><icon src="https://m7be2.solocoo.tv/m7be2iphone/mmchan/mpimages/260x145/UiocjkjOEoXxCHZJd0wfzQ.jpg"></icon><desc></desc><category></category></programme><programme channel="Mpw70GftHQ_H60VOCrbNThnMkX07uVwp9a3re83Y" start="20230111080000 +0000" stop="20230111130000 +0000" catchup-id="3PSB--NPcBGe8-Y_C0jyy1f1TjqEAOWtBAPNSFPy"><title>We Love the 00s!</title><date></date><icon src="https://m7be2.solocoo.tv/m7be2iphone/mmchan/mpimages/260x145/y0WcGYpv5sZpRjBcGxBI3g.jpg"></icon><desc></desc><category></category></programme><programme channel="Mpw70GftHQ_H60VOCrbNThnMkX07uVwp9a3re83Y" start="20230111130000 +0000" stop="20230111140000 +0000" catchup-id="Xg3S1QSvqHQY3WzFQjy-qQ0pN00EV8YdJsI6tKMr"><title>2 4 1 Hits!</title><date></date><icon src="https://m7be2.solocoo.tv/m7be2iphone/mmchan/mpimages/260x145/UiocjkjOEoXxCHZJd0wfzQ.jpg"></icon><desc></desc><category></category></programme><programme channel="Mpw70GftHQ_H60VOCrbNThnMkX07uVwp9a3re83Y" start="20230111140000 +0000" stop="20230111180000 +0000" catchup-id="9C_3eGXU4fRt6m2iKh2mvlwwcQoz27EeQ9IIXl3W"><title>Hits Don't Lie!</title><date></date><icon src="https://m7be2.solocoo.tv/m7be2iphone/mmchan/mpimages/260x145/AxB7PsCHbCfhLb8DHG4yhg.jpg"></icon><desc></desc><category></category></programme><programme channel="Mpw70GftHQ_H60VOCrbNThnMkX07uVwp9a3re83Y" start="20230111180000 +0000" stop="20230111190000 +0000" catchup-id="dS8F3v0OIkBkDT22xImeJNaIZu3jnLNsojsdhZFX"><title>Can't Fight the Pop Ballads!</title><date></date><icon src="https://m7be2.solocoo.tv/m7be2iphone/mmchan/mpimages/260x145/PsGvszHhULfRHVPa2nWC4w.jpg"></icon><desc></desc><category></category></programme><programme channel="Mpw70GftHQ_H60VOCrbNThnMkX07uVwp9a3re83Y" start="20230111190000 +0000" stop="20230112010000 +0000" catchup-id="wf5ygYfUcX_AZ2Mtn7W_chfUt6pjEZwu1rJp1FtB"><title>Non-Stop Nostalgia</title><date></date><icon src="https://m7be2.solocoo.tv/m7be2iphone/mmchan/mpimages/260x145/JBzqwmtYmJi4QcWix-UF-w.jpg"></icon><desc></desc><category></category></programme>