<programme channel="SU8j9Ce1vrvKFuPntS1BYU6YQvaj7ayY4yF8SpiQ" start="20221228230100 +0000" stop="20221229013200 +0000" catchup-id="7vFk3JihdHCGp4czJPQv4R52q2WuPvvGF_rZtR_f"><title>Anal Angels Vol.4</title><date></date><icon src="https://m7be2.solocoo.tv/m7be2iphone/mmchan/mpimages/208x308/9jdrBk_sSvH3vAXQsWJw4A.jpg"></icon><desc></desc><category></category></programme><programme channel="SU8j9Ce1vrvKFuPntS1BYU6YQvaj7ayY4yF8SpiQ" start="20221229013200 +0000" stop="20221229040000 +0000" catchup-id="120NEo5VzVlvzvOMadaMIDnkLW4RbRjbrydv1yQG"><title>Anal Bliss Vol.2</title><date></date><icon src="https://m7be2.solocoo.tv/m7be2iphone/mmchan/mpimages/208x308/JH_IhhmYOLTVtJtyaivcGA.jpg"></icon><desc></desc><category></category></programme><programme channel="SU8j9Ce1vrvKFuPntS1BYU6YQvaj7ayY4yF8SpiQ" start="20221229040000 +0000" stop="20221229220000 +0000" catchup-id="tO7qV5qg4Lbue3EXRe2v8YUPsNQwyYFNI3J_pqh3"><title>Broadcast starts at 23:00</title><date></date><icon src="https://m7be2.solocoo.tv/m7be2iphone/mmchan/mpimages/208x308/SPlnw02b2S-ZGS6zeTYr7g.jpg"></icon><desc></desc><category></category></programme><programme channel="SU8j9Ce1vrvKFuPntS1BYU6YQvaj7ayY4yF8SpiQ" start="20221229220000 +0000" stop="20221229220300 +0000" catchup-id="KIq2IzEBFl04aYgW-ZrH3yrDOPV5SrH7SnqXbT1f"><title>Troupes En Chaleur / Threesome In Heat</title><date></date><icon src="https://m7be2.solocoo.tv/m7be2iphone/mmchan/mpimages/208x308/jzBpqRKNUUsGVOTkXx8Q2A.jpg"></icon><desc></desc><category></category></programme><programme channel="SU8j9Ce1vrvKFuPntS1BYU6YQvaj7ayY4yF8SpiQ" start="20221229220300 +0000" stop="20221229222600 +0000" catchup-id="CenrS4ogFfefBzFBG1TUucFe5s_qiy9jyU75CwKb"><title>Une Nuit A L.A Part. 1</title><date></date><icon src="https://m7be2.solocoo.tv/m7be2iphone/mmchan/mpimages/208x308/9RkzUcTZ_c2ph4L6ubBCxw.jpg"></icon><desc></desc><category></category></programme><programme channel="SU8j9Ce1vrvKFuPntS1BYU6YQvaj7ayY4yF8SpiQ" start="20221229222600 +0000" stop="20221229224700 +0000" catchup-id="vKC6uemyP2aqJmIZSKxOJVlo0zIrxD6KPiWqkX0x"><title>Bts Luxure 20</title><date></date><icon src="https://m7be2.solocoo.tv/m7be2iphone/mmchan/mpimages/208x308/iZJpT5yGeSfdmU-SZvSBvg.jpg"></icon><desc></desc><category></category></programme><programme channel="SU8j9Ce1vrvKFuPntS1BYU6YQvaj7ayY4yF8SpiQ" start="20221229224700 +0000" stop="20221229230000 +0000" catchup-id="MmS9xzGn9ovLPc66JaNdRNpNT4r38N-5BlSPpbZu"><title>Corps A Corps Part. 4</title><date></date><icon src="https://m7be2.solocoo.tv/m7be2iphone/mmchan/mpimages/208x308/OHCo9BPRpJyx8t8wR43t9A.jpg"></icon><desc></desc><category></category></programme><programme channel="SU8j9Ce1vrvKFuPntS1BYU6YQvaj7ayY4yF8SpiQ" start="20221229230000 +0000" stop="20221230011100 +0000" catchup-id="rq4QRrvn4uw_7LenQg-TsuvoSDhiQ7QBsEcRA5iG"><title>Best Of Sex In Paris</title><date></date><icon src="https://m7be2.solocoo.tv/m7be2iphone/mmchan/mpimages/208x308/RPvy6kuOIHbF7BJYmMkujQ.jpg"></icon><desc></desc><category></category></programme><programme channel="SU8j9Ce1vrvKFuPntS1BYU6YQvaj7ayY4yF8SpiQ" start="20221230011100 +0000" stop="20221230034400 +0000" catchup-id="S68h5fdFPARydmNYRM1Vp1FuCOpx9YopLsCstHmd"><title>Anal Angels Vol.4</title><date></date><icon src="https://m7be2.solocoo.tv/m7be2iphone/mmchan/mpimages/208x308/PtKoEp3ajPBqP3RGfmZ8kg.jpg"></icon><desc></desc><category></category></programme><programme channel="SU8j9Ce1vrvKFuPntS1BYU6YQvaj7ayY4yF8SpiQ" start="20221230034400 +0000" stop="20221230035900 +0000" catchup-id="0wOi8Z0iaMzWGVuJqELqYkPJFezBNxE4PzfRKkQJ"><title>Inattendu / Unexpected</title><date></date><icon src="https://m7be2.solocoo.tv/m7be2iphone/mmchan/mpimages/208x308/4RxWUCb12eikSfAUt3Avng.jpg"></icon><desc></desc><category></category></programme><programme channel="SU8j9Ce1vrvKFuPntS1BYU6YQvaj7ayY4yF8SpiQ" start="20221230035900 +0000" stop="20221230040000 +0000" catchup-id="Z_87wQAjrCX59OkoHAyHH91bxkkoEtNsP_OhWaTG"><title>Anal Bliss Vol.2</title><date></date><icon src="https://m7be2.solocoo.tv/m7be2iphone/mmchan/mpimages/208x308/4RxWUCb12eikSfAUt3Avng.jpg"></icon><desc></desc><category></category></programme><programme channel="SU8j9Ce1vrvKFuPntS1BYU6YQvaj7ayY4yF8SpiQ" start="20221230040000 +0000" stop="20221230220000 +0000" catchup-id="HFRjzqJtssMoyuOTBKudMcbevaZ-T7oZFiC9enUZ"><title>Broadcast starts at 23:00</title><date></date><icon src="https://m7be2.solocoo.tv/m7be2iphone/mmchan/mpimages/208x308/SPlnw02b2S-ZGS6zeTYr7g.jpg"></icon><desc></desc><category></category></programme><programme channel="SU8j9Ce1vrvKFuPntS1BYU6YQvaj7ayY4yF8SpiQ" start="20221230220000 +0000" stop="20221230221200 +0000" catchup-id="XuBsKXG0Q1SJ66mM2bbAGjCTCJEkgJUckjf5q7bz"><title>Une Nuit A L.A Part. 2</title><date></date><icon src="https://m7be2.solocoo.tv/m7be2iphone/mmchan/mpimages/208x308/9jdrBk_sSvH3vAXQsWJw4A.jpg"></icon><desc></desc><category></category></programme><programme channel="SU8j9Ce1vrvKFuPntS1BYU6YQvaj7ayY4yF8SpiQ" start="20221230221200 +0000" stop="20221230223000 +0000" catchup-id="oOxYtxABJtc3amHRBLi8fU_7XOtTmSVQgFJZxD7A"><title>Pulsions 3</title><date></date><icon src="https://m7be2.solocoo.tv/m7be2iphone/mmchan/mpimages/208x308/UZ9EppRnhdvCokPp7KX0bQ.jpg"></icon><desc></desc><category></category></programme><programme channel="SU8j9Ce1vrvKFuPntS1BYU6YQvaj7ayY4yF8SpiQ" start="20221230223000 +0000" stop="20221230224100 +0000" catchup-id="gcMFyoVG4wFAbDAF20IYNK8YqJVBWYSY1d4aeziH"><title>From Behind Alex Craig - Bella Et John</title><date></date><icon src="https://m7be2.solocoo.tv/m7be2iphone/mmchan/mpimages/208x308/jzBpqRKNUUsGVOTkXx8Q2A.jpg"></icon><desc></desc><category></category></programme><programme channel="SU8j9Ce1vrvKFuPntS1BYU6YQvaj7ayY4yF8SpiQ" start="20221230224100 +0000" stop="20221230230200 +0000" catchup-id="EV1yf7N_zQHKG0EBB0kjXASKsbh50hP54WLs4vWb"><title>Une Nuit A L.A Part. 5</title><date></date><icon src="https://m7be2.solocoo.tv/m7be2iphone/mmchan/mpimages/208x308/9RkzUcTZ_c2ph4L6ubBCxw.jpg"></icon><desc></desc><category></category></programme><programme channel="SU8j9Ce1vrvKFuPntS1BYU6YQvaj7ayY4yF8SpiQ" start="20221230230200 +0000" stop="20221231014800 +0000" catchup-id="Y7U9AHqOdrUjaX0MryHO51Rui3Q0GSlc5OPWig8A"><title>The Art Of Anal Sex Vol.14</title><date></date><icon src="https://m7be2.solocoo.tv/m7be2iphone/mmchan/mpimages/208x308/O17wo5jkE6DvyVgaT1_f0w.jpg"></icon><desc></desc><category></category></programme><programme channel="SU8j9Ce1vrvKFuPntS1BYU6YQvaj7ayY4yF8SpiQ" start="20221231014800 +0000" stop="20221231035800 +0000" catchup-id="X5LBl-Y2NatB-rcc5QERkULye77QotAcjIO3jvP2"><title>Best Of Sex In Paris</title><date></date><icon src="https://m7be2.solocoo.tv/m7be2iphone/mmchan/mpimages/208x308/iZJpT5yGeSfdmU-SZvSBvg.jpg"></icon><desc></desc><category></category></programme><programme channel="SU8j9Ce1vrvKFuPntS1BYU6YQvaj7ayY4yF8SpiQ" start="20221231035800 +0000" stop="20221231040000 +0000" catchup-id="lBP7iYuzfdbhVHGg-EEYzgRVUM6vW_2w5jvBBP07"><title>Anal Angels Vol.4</title><date></date><icon src="https://m7be2.solocoo.tv/m7be2iphone/mmchan/mpimages/208x308/iZJpT5yGeSfdmU-SZvSBvg.jpg"></icon><desc></desc><category></category></programme><programme channel="SU8j9Ce1vrvKFuPntS1BYU6YQvaj7ayY4yF8SpiQ" start="20221231040000 +0000" stop="20221231220000 +0000" catchup-id="EOwtlVEULlyFLOrdI3pW_GhoIe8qtd01lzAl7BpY"><title>Broadcast starts at 23:00</title><date></date><icon src="https://m7be2.solocoo.tv/m7be2iphone/mmchan/mpimages/208x308/SPlnw02b2S-ZGS6zeTYr7g.jpg"></icon><desc></desc><category></category></programme><programme channel="SU8j9Ce1vrvKFuPntS1BYU6YQvaj7ayY4yF8SpiQ" start="20221231220000 +0000" stop="20221231221000 +0000" catchup-id="tRDwBoETLz9hgehary1rgBgmFw-PITGnghmr-nMk"><title>Sunset Part. 1</title><date></date><icon src="https://m7be2.solocoo.tv/m7be2iphone/mmchan/mpimages/208x308/JH_IhhmYOLTVtJtyaivcGA.jpg"></icon><desc></desc><category></category></programme><programme channel="SU8j9Ce1vrvKFuPntS1BYU6YQvaj7ayY4yF8SpiQ" start="20221231221000 +0000" stop="20221231222900 +0000" catchup-id="2gJwNMWRJxUfLD01eG_BSLNYOv2csWGzreB47011"><title>Sucre &amp; Sale</title><date></date><icon src="https://m7be2.solocoo.tv/m7be2iphone/mmchan/mpimages/208x308/O17wo5jkE6DvyVgaT1_f0w.jpg"></icon><desc></desc><category></category></programme><programme channel="SU8j9Ce1vrvKFuPntS1BYU6YQvaj7ayY4yF8SpiQ" start="20221231222900 +0000" stop="20221231224100 +0000" catchup-id="6ZV8HHVWu51i97JPOolPtOgWw3Iu2Nt1yb_UWD8h"><title>Bts Bella Et John</title><date></date><icon src="https://m7be2.solocoo.tv/m7be2iphone/mmchan/mpimages/208x308/9jdrBk_sSvH3vAXQsWJw4A.jpg"></icon><desc></desc><category></category></programme><programme channel="SU8j9Ce1vrvKFuPntS1BYU6YQvaj7ayY4yF8SpiQ" start="20221231224100 +0000" stop="20221231230100 +0000" catchup-id="sXKSQfIbX6dW9hknRyD0eGc02p5vQj21SjakGIXg"><title>Pulsions 3 Part. 5</title><date></date><icon src="https://m7be2.solocoo.tv/m7be2iphone/mmchan/mpimages/208x308/9RkzUcTZ_c2ph4L6ubBCxw.jpg"></icon><desc></desc><category></category></programme><programme channel="SU8j9Ce1vrvKFuPntS1BYU6YQvaj7ayY4yF8SpiQ" start="20221231230100 +0000" stop="20230101010200 +0000" catchup-id="9owZRFEXKQ4mFxv4kGZf46i3BXBQwX2FtuRViYpk"><title>Lana La Soumise / Lana Desires Of Submission</title><date></date><icon src="https://m7be2.solocoo.tv/m7be2iphone/mmchan/mpimages/208x308/RPvy6kuOIHbF7BJYmMkujQ.jpg"></icon><desc></desc><category></category></programme><programme channel="SU8j9Ce1vrvKFuPntS1BYU6YQvaj7ayY4yF8SpiQ" start="20230101010200 +0000" stop="20230101035900 +0000" catchup-id="UrBn5T2CTI5dwYNVKEBk3P_YDRS18dA6axGQT--3"><title>Young &amp; Beautiful Vol.10 / Jeunes, Belles Et Coquines Vol.2</title><date></date><icon src="https://m7be2.solocoo.tv/m7be2iphone/mmchan/mpimages/208x308/mzUMqPChdW4LmpYKUd99gQ.jpg"></icon><desc></desc><category></category></programme><programme channel="SU8j9Ce1vrvKFuPntS1BYU6YQvaj7ayY4yF8SpiQ" start="20230101035900 +0000" stop="20230101040000 +0000" catchup-id="hXsetL4CMnPK6uh6v6Xt479KU9C7E-2r2rj2XQ0A"><title>Best Of Sex In Paris</title><date></date><icon src="https://m7be2.solocoo.tv/m7be2iphone/mmchan/mpimages/208x308/PtKoEp3ajPBqP3RGfmZ8kg.jpg"></icon><desc></desc><category></category></programme><programme channel="SU8j9Ce1vrvKFuPntS1BYU6YQvaj7ayY4yF8SpiQ" start="20230101040000 +0000" stop="20230101220000 +0000" catchup-id="dDVL89HshgxA2M8okSVWhHaDfDk4PupCNVssWVRw"><title>Broadcast starts at 23:00</title><date></date><icon src="https://m7be2.solocoo.tv/m7be2iphone/mmchan/mpimages/208x308/SPlnw02b2S-ZGS6zeTYr7g.jpg"></icon><desc></desc><category></category></programme><programme channel="SU8j9Ce1vrvKFuPntS1BYU6YQvaj7ayY4yF8SpiQ" start="20230101220000 +0000" stop="20230101221700 +0000" catchup-id="NmAHg7a8i60wCCObBg_fsqjroOmOptAQ-QLESCNJ"><title>Clara L'indecente Part 4</title><date></date><icon src="https://m7be2.solocoo.tv/m7be2iphone/mmchan/mpimages/208x308/XlaSfs_MlDJ6Z_1sjISOBw.jpg"></icon><desc></desc><category></category></programme><programme channel="SU8j9Ce1vrvKFuPntS1BYU6YQvaj7ayY4yF8SpiQ" start="20230101221700 +0000" stop="20230101222200 +0000" catchup-id="NezvPwP4NESstptfM5wJ3O0A5iaYEJZ0Xhge5sid"><title>Ariana Marie - Scarlit Scandal</title><date></date><icon src="https://m7be2.solocoo.tv/m7be2iphone/mmchan/mpimages/208x308/9jdrBk_sSvH3vAXQsWJw4A.jpg"></icon><desc></desc><category></category></programme><programme channel="SU8j9Ce1vrvKFuPntS1BYU6YQvaj7ayY4yF8SpiQ" start="20230101222200 +0000" stop="20230101225000 +0000" catchup-id="HfbXTob3HsgS6KpJIl9m9KKdJ2NAXgDCfoQuQHcU"><title>Love Etc Part. 4</title><date></date><icon src="https://m7be2.solocoo.tv/m7be2iphone/mmchan/mpimages/208x308/9RkzUcTZ_c2ph4L6ubBCxw.jpg"></icon><desc></desc><category></category></programme><programme channel="SU8j9Ce1vrvKFuPntS1BYU6YQvaj7ayY4yF8SpiQ" start="20230101225000 +0000" stop="20230101230000 +0000" catchup-id="IMJ8NMEf7gSJ9TVFHuPKJcpW7BMB_AzeSg0XZc5Y"><title>Bts - Pulsions 3</title><date></date><icon src="https://m7be2.solocoo.tv/m7be2iphone/mmchan/mpimages/208x308/PtKoEp3ajPBqP3RGfmZ8kg.jpg"></icon><desc></desc><category></category></programme><programme channel="SU8j9Ce1vrvKFuPntS1BYU6YQvaj7ayY4yF8SpiQ" start="20230101230000 +0000" stop="20230102021600 +0000" catchup-id="Di_XFK4PkanXlkDmvYvA4fZ5FTkREn46d4BDPXzn"><title>Influence 2</title><date></date><icon src="https://m7be2.solocoo.tv/m7be2iphone/mmchan/mpimages/208x308/VlyXDSepLD8T78vAr-LSsg.jpg"></icon><desc></desc><category></category></programme><programme channel="SU8j9Ce1vrvKFuPntS1BYU6YQvaj7ayY4yF8SpiQ" start="20230102021600 +0000" stop="20230102023500 +0000" catchup-id="hi7OX6oalecph-7m9wkX82GZm-zTPCHr9KqgQwim"><title>Discipline</title><date></date><icon src="https://m7be2.solocoo.tv/m7be2iphone/mmchan/mpimages/208x308/JH_IhhmYOLTVtJtyaivcGA.jpg"></icon><desc></desc><category></category></programme><programme channel="SU8j9Ce1vrvKFuPntS1BYU6YQvaj7ayY4yF8SpiQ" start="20230102023500 +0000" stop="20230102035900 +0000" catchup-id="8RK3xwMUosq4dLDHldkq_RBQwSJASvWamj9ganS8"><title>Sodmoie Pour Riley Reid / Sodomy For Riley Reid</title><date></date><icon src="https://m7be2.solocoo.tv/m7be2iphone/mmchan/mpimages/208x308/QXeqW06wvyZAGj4EqfCNzA.jpg"></icon><desc></desc><category></category></programme><programme channel="SU8j9Ce1vrvKFuPntS1BYU6YQvaj7ayY4yF8SpiQ" start="20230102035900 +0000" stop="20230102040000 +0000" catchup-id="az-cymD-p0pt8F41LYwNSUBUUpHaPodnz1BTwhY0"><title>The Art Of Anal Sex Vol.14</title><date></date><icon src="https://m7be2.solocoo.tv/m7be2iphone/mmchan/mpimages/208x308/OHCo9BPRpJyx8t8wR43t9A.jpg"></icon><desc></desc><category></category></programme><programme channel="SU8j9Ce1vrvKFuPntS1BYU6YQvaj7ayY4yF8SpiQ" start="20230102040000 +0000" stop="20230102220000 +0000" catchup-id="yQzHEOhP_Vq7nT7L90qjebMTw2LuhhPgoB_P-IBB"><title>Broadcast starts at 23:00</title><date></date><icon src="https://m7be2.solocoo.tv/m7be2iphone/mmchan/mpimages/208x308/SPlnw02b2S-ZGS6zeTYr7g.jpg"></icon><desc></desc><category></category></programme><programme channel="SU8j9Ce1vrvKFuPntS1BYU6YQvaj7ayY4yF8SpiQ" start="20230102220000 +0000" stop="20230102220100 +0000" catchup-id="5dBN8cWzmYtrIpDK9KR1xQxb4SWLlQ5x3x2acWCn"><title>Plan À 3 Avec Deux Beautés Métisses/Threesome With Two Ebony Beauties</title><date></date><icon src="https://m7be2.solocoo.tv/m7be2iphone/mmchan/mpimages/208x308/9RkzUcTZ_c2ph4L6ubBCxw.jpg"></icon><desc></desc><category></category></programme><programme channel="SU8j9Ce1vrvKFuPntS1BYU6YQvaj7ayY4yF8SpiQ" start="20230102220100 +0000" stop="20230102220600 +0000" catchup-id="4DYCjz9ufV17hTGn85aD27mmCxDPCTrI7R9W489o"><title>Avery Cristy - Vanna Bardot</title><date></date><icon src="https://m7be2.solocoo.tv/m7be2iphone/mmchan/mpimages/208x308/PtKoEp3ajPBqP3RGfmZ8kg.jpg"></icon><desc></desc><category></category></programme><programme channel="SU8j9Ce1vrvKFuPntS1BYU6YQvaj7ayY4yF8SpiQ" start="20230102220600 +0000" stop="20230102222300 +0000" catchup-id="REU8hBIusbVg8SNg72g-iVTs4it2F2cqdEx6NGLi"><title>A L'arret - Part 5</title><date></date><icon src="https://m7be2.solocoo.tv/m7be2iphone/mmchan/mpimages/208x308/VlyXDSepLD8T78vAr-LSsg.jpg"></icon><desc></desc><category></category></programme><programme channel="SU8j9Ce1vrvKFuPntS1BYU6YQvaj7ayY4yF8SpiQ" start="20230102222300 +0000" stop="20230102230000 +0000" catchup-id="vPisO3OsNgkFoEnkSmmSl0qjN2zj9iSUsLUnEcjC"><title>Best Of Mof 2020</title><date></date><icon src="https://m7be2.solocoo.tv/m7be2iphone/mmchan/mpimages/208x308/JH_IhhmYOLTVtJtyaivcGA.jpg"></icon><desc></desc><category></category></programme><programme channel="SU8j9Ce1vrvKFuPntS1BYU6YQvaj7ayY4yF8SpiQ" start="20230102230000 +0000" stop="20230103013900 +0000" catchup-id="YstyFwAs_1Rzj74276fJVlNhcZEdHj6kHGaeg2VF"><title>Mariska La Soumise / Mariska Desires Of Submission</title><date></date><icon src="https://m7be2.solocoo.tv/m7be2iphone/mmchan/mpimages/208x308/QXeqW06wvyZAGj4EqfCNzA.jpg"></icon><desc></desc><category></category></programme><programme channel="SU8j9Ce1vrvKFuPntS1BYU6YQvaj7ayY4yF8SpiQ" start="20230103013900 +0000" stop="20230103034900 +0000" catchup-id="0DPZx6sH6EGUj1q_XMI3yaD0LjMlVIdMa-5KdVbd"><title>Stranger Than Fiction/Double Jeu</title><date></date><icon src="https://m7be2.solocoo.tv/m7be2iphone/mmchan/mpimages/208x308/OHCo9BPRpJyx8t8wR43t9A.jpg"></icon><desc></desc><category></category></programme><programme channel="SU8j9Ce1vrvKFuPntS1BYU6YQvaj7ayY4yF8SpiQ" start="20230103034900 +0000" stop="20230103035900 +0000" catchup-id="6-T3ZDd6ks4Z26IxDlYlFSvEHygKB_bTQRsNiP5b"><title>Contact - Only Girls</title><date></date><icon src="https://m7be2.solocoo.tv/m7be2iphone/mmchan/mpimages/208x308/RPvy6kuOIHbF7BJYmMkujQ.jpg"></icon><desc></desc><category></category></programme><programme channel="SU8j9Ce1vrvKFuPntS1BYU6YQvaj7ayY4yF8SpiQ" start="20230103035900 +0000" stop="20230103040000 +0000" catchup-id="mLiIeCwQaKll94zhK175gTpkKUh-SUezbDQBsaTH"><title>Lana La Soumise / Lana Desires Of Submission</title><date></date><icon src="https://m7be2.solocoo.tv/m7be2iphone/mmchan/mpimages/208x308/4RxWUCb12eikSfAUt3Avng.jpg"></icon><desc></desc><category></category></programme><programme channel="SU8j9Ce1vrvKFuPntS1BYU6YQvaj7ayY4yF8SpiQ" start="20230103040000 +0000" stop="20230103220000 +0000" catchup-id="V0WUb9EZj7LibsQsP90KtRKhZnP_zbw_OUuUqfma"><title>Broadcast starts at 23:00</title><date></date><icon src="https://m7be2.solocoo.tv/m7be2iphone/mmchan/mpimages/208x308/SPlnw02b2S-ZGS6zeTYr7g.jpg"></icon><desc></desc><category></category></programme><programme channel="SU8j9Ce1vrvKFuPntS1BYU6YQvaj7ayY4yF8SpiQ" start="20230103220000 +0000" stop="20230103220100 +0000" catchup-id="AvGhz-O5G-dzpSiIk__PDonGiLbtkex3Z4GU_CH9"><title>Sugar &amp; Spice/Sugar &amp; Spice</title><date></date><icon src="https://m7be2.solocoo.tv/m7be2iphone/mmchan/mpimages/208x308/QXeqW06wvyZAGj4EqfCNzA.jpg"></icon><desc></desc><category></category></programme><programme channel="SU8j9Ce1vrvKFuPntS1BYU6YQvaj7ayY4yF8SpiQ" start="20230103220100 +0000" stop="20230103222000 +0000" catchup-id="iHujg8MULVDIvdyrgOHQ91Z4zaRqIjstvxJyf4Ef"><title>Clara L'indecente Part 5</title><date></date><icon src="https://m7be2.solocoo.tv/m7be2iphone/mmchan/mpimages/208x308/OHCo9BPRpJyx8t8wR43t9A.jpg"></icon><desc></desc><category></category></programme><programme channel="SU8j9Ce1vrvKFuPntS1BYU6YQvaj7ayY4yF8SpiQ" start="20230103222000 +0000" stop="20230103222400 +0000" catchup-id="Gm-_zIGJD9NEc-I4WODTMyDbdy2dMv7xmQaPJ8gm"><title>Kenzie Anne</title><date></date><icon src="https://m7be2.solocoo.tv/m7be2iphone/mmchan/mpimages/208x308/RPvy6kuOIHbF7BJYmMkujQ.jpg"></icon><desc></desc><category></category></programme><programme channel="SU8j9Ce1vrvKFuPntS1BYU6YQvaj7ayY4yF8SpiQ" start="20230103222400 +0000" stop="20230103224200 +0000" catchup-id="_iVkbE9d-Cr1HhukfWU37FU8NkbGcLi94xoy-GFI"><title>Clara L'indecente Part 2</title><date></date><icon src="https://m7be2.solocoo.tv/m7be2iphone/mmchan/mpimages/208x308/4RxWUCb12eikSfAUt3Avng.jpg"></icon><desc></desc><category></category></programme><programme channel="SU8j9Ce1vrvKFuPntS1BYU6YQvaj7ayY4yF8SpiQ" start="20230103224200 +0000" stop="20230103230000 +0000" catchup-id="-kX5AZbtNA1spgfbgv-bdH7SokddwES1w5bAoMwr"><title>Bts Luxure 16</title><date></date><icon src="https://m7be2.solocoo.tv/m7be2iphone/mmchan/mpimages/208x308/6RZTI86QYeXNwca4lBZzKw.jpg"></icon><desc></desc><category></category></programme><programme channel="SU8j9Ce1vrvKFuPntS1BYU6YQvaj7ayY4yF8SpiQ" start="20230103230000 +0000" stop="20230104005500 +0000" catchup-id="SVmHjSuWMQRE8EKu-Ic2SN6b92q4tRJwblVqxz_U"><title>Gods &amp; Sinners/Pêches Et Decadence</title><date></date><icon src="https://m7be2.solocoo.tv/m7be2iphone/mmchan/mpimages/208x308/O17wo5jkE6DvyVgaT1_f0w.jpg"></icon><desc></desc><category></category></programme><programme channel="SU8j9Ce1vrvKFuPntS1BYU6YQvaj7ayY4yF8SpiQ" start="20230104005500 +0000" stop="20230104033200 +0000" catchup-id="tTr3hatJosDAQBwvZROhjUNF-F6aViWkZfrFsMKH"><title>Mariska La Soumise / Mariska Desires Of Submission</title><date></date><icon src="https://m7be2.solocoo.tv/m7be2iphone/mmchan/mpimages/208x308/jzBpqRKNUUsGVOTkXx8Q2A.jpg"></icon><desc></desc><category></category></programme><programme channel="SU8j9Ce1vrvKFuPntS1BYU6YQvaj7ayY4yF8SpiQ" start="20230104033200 +0000" stop="20230104035800 +0000" catchup-id="A24SJdQvNSUZs7f6Rm_OcvBMGFMX7ZZDBlRiyLkS"><title>Intimité Partagée / Girls Getting Intimate</title><date></date><icon src="https://m7be2.solocoo.tv/m7be2iphone/mmchan/mpimages/208x308/iZJpT5yGeSfdmU-SZvSBvg.jpg"></icon><desc></desc><category></category></programme><programme channel="SU8j9Ce1vrvKFuPntS1BYU6YQvaj7ayY4yF8SpiQ" start="20230104035800 +0000" stop="20230104040000 +0000" catchup-id="4i3ZEosVOxs2ENjxxlM8lzvhWQCI8FsPOc2Nm9cZ"><title>Influence 2</title><date></date><icon src="https://m7be2.solocoo.tv/m7be2iphone/mmchan/mpimages/208x308/mzUMqPChdW4LmpYKUd99gQ.jpg"></icon><desc></desc><category></category></programme><programme channel="SU8j9Ce1vrvKFuPntS1BYU6YQvaj7ayY4yF8SpiQ" start="20230104040000 +0000" stop="20230104220000 +0000" catchup-id="W5LUdLED1FCcuOHQX3geiMnvXK2D32GXXyWbHEiR"><title>Broadcast starts at 23:00</title><date></date><icon src="https://m7be2.solocoo.tv/m7be2iphone/mmchan/mpimages/260x145/SPlnw02b2S-ZGS6zeTYr7g.jpg"></icon><desc></desc><category></category></programme><programme channel="SU8j9Ce1vrvKFuPntS1BYU6YQvaj7ayY4yF8SpiQ" start="20230104220000 +0000" stop="20230104220500 +0000" catchup-id="G4DWt51BulgZGAJbOIK3qMsZIFc5K7da-ICalCrN"><title>Revenge Part 4</title><date></date><icon src="https://m7be2.solocoo.tv/m7be2iphone/mmchan/mpimages/260x145/JH_IhhmYOLTVtJtyaivcGA.jpg"></icon><desc></desc><category></category></programme><programme channel="SU8j9Ce1vrvKFuPntS1BYU6YQvaj7ayY4yF8SpiQ" start="20230104220500 +0000" stop="20230104221000 +0000" catchup-id="4Xl-wjjWtLksh8KqrtFKtW0lP2DncmIzjnOchmoy"><title>Natalia Starr</title><date></date><icon src="https://m7be2.solocoo.tv/m7be2iphone/mmchan/mpimages/260x145/QXeqW06wvyZAGj4EqfCNzA.jpg"></icon><desc></desc><category></category></programme><programme channel="SU8j9Ce1vrvKFuPntS1BYU6YQvaj7ayY4yF8SpiQ" start="20230104221000 +0000" stop="20230104222600 +0000" catchup-id="cdBk1MpAz1wtcOIiJ_D3jR5g7FNEb3si4BL9f3dl"><title>Clara L'indecente Part 4</title><date></date><icon src="https://m7be2.solocoo.tv/m7be2iphone/mmchan/mpimages/260x145/OHCo9BPRpJyx8t8wR43t9A.jpg"></icon><desc></desc><category></category></programme><programme channel="SU8j9Ce1vrvKFuPntS1BYU6YQvaj7ayY4yF8SpiQ" start="20230104222600 +0000" stop="20230104230000 +0000" catchup-id="K7i9O7Kp5lVgg0SXjos2Arrp0Z8nSr-8_EOtJaru"><title>Bts Luxure 17</title><date></date><icon src="https://m7be2.solocoo.tv/m7be2iphone/mmchan/mpimages/260x145/RPvy6kuOIHbF7BJYmMkujQ.jpg"></icon><desc></desc><category></category></programme><programme channel="SU8j9Ce1vrvKFuPntS1BYU6YQvaj7ayY4yF8SpiQ" start="20230104230000 +0000" stop="20230105005600 +0000" catchup-id="pKn841T9tysQSewdj5ej67485VhkP54UKiVRQ8so"><title>Un Amour De Fille Au Pair / A Lovely Au Pair</title><date></date><icon src="https://m7be2.solocoo.tv/m7be2iphone/mmchan/mpimages/260x145/4RxWUCb12eikSfAUt3Avng.jpg"></icon><desc></desc><category></category></programme><programme channel="SU8j9Ce1vrvKFuPntS1BYU6YQvaj7ayY4yF8SpiQ" start="20230105005600 +0000" stop="20230105025000 +0000" catchup-id="ju11l-ZagiXeC_4lQpR-EB2e_4QVz35yW3z354cM"><title>Gods &amp; Sinners/Pêches Et Decadence</title><date></date><icon src="https://m7be2.solocoo.tv/m7be2iphone/mmchan/mpimages/260x145/6RZTI86QYeXNwca4lBZzKw.jpg"></icon><desc></desc><category></category></programme><programme channel="SU8j9Ce1vrvKFuPntS1BYU6YQvaj7ayY4yF8SpiQ" start="20230105025000 +0000" stop="20230105034300 +0000" catchup-id="9GjnbdofjIUyPlIEXvRFSZI7UZpv2i14Lf32PPey"><title>Trio Avec Deux Jeunes Et Jolies / Threesome With Two Young And Pretty Brunettes</title><date></date><icon src="https://m7be2.solocoo.tv/m7be2iphone/mmchan/mpimages/260x145/O17wo5jkE6DvyVgaT1_f0w.jpg"></icon><desc></desc><category></category></programme><programme channel="SU8j9Ce1vrvKFuPntS1BYU6YQvaj7ayY4yF8SpiQ" start="20230105034300 +0000" stop="20230105035800 +0000" catchup-id="qReAypM9cLfouiK99mjPQXlJPrv6p7FrGIfDTUf6"><title>Inattendu / Unexpected</title><date></date><icon src="https://m7be2.solocoo.tv/m7be2iphone/mmchan/mpimages/260x145/jzBpqRKNUUsGVOTkXx8Q2A.jpg"></icon><desc></desc><category></category></programme><programme channel="SU8j9Ce1vrvKFuPntS1BYU6YQvaj7ayY4yF8SpiQ" start="20230105035800 +0000" stop="20230105040000 +0000" catchup-id="Rsr3fuG7NlProfakxEucq3vF3hHz9q0Dy1yX3EeQ"><title>Mariska La Soumise / Mariska Desires Of Submission</title><date></date><icon src="https://m7be2.solocoo.tv/m7be2iphone/mmchan/mpimages/260x145/iZJpT5yGeSfdmU-SZvSBvg.jpg"></icon><desc></desc><category></category></programme><programme channel="SU8j9Ce1vrvKFuPntS1BYU6YQvaj7ayY4yF8SpiQ" start="20230105040000 +0000" stop="20230105220000 +0000" catchup-id="Kd31lZcO4Wz3oQf_E_KBdMBglPflXbKVEuhi_BXh"><title>Broadcast starts at 23:00</title><date></date><icon src="https://m7be2.solocoo.tv/m7be2iphone/mmchan/mpimages/260x145/SPlnw02b2S-ZGS6zeTYr7g.jpg"></icon><desc></desc><category></category></programme><programme channel="SU8j9Ce1vrvKFuPntS1BYU6YQvaj7ayY4yF8SpiQ" start="20230105220000 +0000" stop="20230105221800 +0000" catchup-id="GwLT1tySlJQIcyw3NQJdrJPQE_mTlwKWvbkeBkCx"><title>Revenge Part 7</title><date></date><icon src="https://m7be2.solocoo.tv/m7be2iphone/mmchan/mpimages/260x145/mzUMqPChdW4LmpYKUd99gQ.jpg"></icon><desc></desc><category></category></programme><programme channel="SU8j9Ce1vrvKFuPntS1BYU6YQvaj7ayY4yF8SpiQ" start="20230105221800 +0000" stop="20230105222300 +0000" catchup-id="bmOVxClbh9k4x9yBJyriDJDpUhTpTR3foXNMVtJU"><title>Lulu Chu</title><date></date><icon src="https://m7be2.solocoo.tv/m7be2iphone/mmchan/mpimages/260x145/XlaSfs_MlDJ6Z_1sjISOBw.jpg"></icon><desc></desc><category></category></programme><programme channel="SU8j9Ce1vrvKFuPntS1BYU6YQvaj7ayY4yF8SpiQ" start="20230105222300 +0000" stop="20230105223700 +0000" catchup-id="SP4kxMHbtnZj0dMlv9wm_IN3dAlpRrTXyzQchFCR"><title>Whitney La Soumise Part 4</title><date></date><icon src="https://m7be2.solocoo.tv/m7be2iphone/mmchan/mpimages/260x145/9jdrBk_sSvH3vAXQsWJw4A.jpg"></icon><desc></desc><category></category></programme><programme channel="SU8j9Ce1vrvKFuPntS1BYU6YQvaj7ayY4yF8SpiQ" start="20230105223700 +0000" stop="20230105230100 +0000" catchup-id="wTqkhmaPdWqH2KfUFNXz2rMZD-LdZ3z5A8Tnzet_"><title>Bts Luxure 18 - Les Secrets De Mon Épouse</title><date></date><icon src="https://m7be2.solocoo.tv/m7be2iphone/mmchan/mpimages/260x145/9RkzUcTZ_c2ph4L6ubBCxw.jpg"></icon><desc></desc><category></category></programme><programme channel="SU8j9Ce1vrvKFuPntS1BYU6YQvaj7ayY4yF8SpiQ" start="20230105230100 +0000" stop="20230106010900 +0000" catchup-id="VmLgWogqftncUdrjDZIzYwK4tq5AeKkjriPMG2no"><title>Contact 2</title><date></date><icon src="https://m7be2.solocoo.tv/m7be2iphone/mmchan/mpimages/260x145/PtKoEp3ajPBqP3RGfmZ8kg.jpg"></icon><desc></desc><category></category></programme><programme channel="SU8j9Ce1vrvKFuPntS1BYU6YQvaj7ayY4yF8SpiQ" start="20230106010900 +0000" stop="20230106030300 +0000" catchup-id="zFJ3o1MwB811WORKTS1bBYUrGcamu3R9DqOYMikr"><title>Un Amour De Fille Au Pair / A Lovely Au Pair</title><date></date><icon src="https://m7be2.solocoo.tv/m7be2iphone/mmchan/mpimages/260x145/VlyXDSepLD8T78vAr-LSsg.jpg"></icon><desc></desc><category></category></programme><programme channel="SU8j9Ce1vrvKFuPntS1BYU6YQvaj7ayY4yF8SpiQ" start="20230106030300 +0000" stop="20230106033000 +0000" catchup-id="1wcob5KrZlDQ3EQsCwZBVYxTN7AFuJCQXZWJUUL6"><title>Visite Coquine Chez Le Voisin / Naughty Visit To the Neighbour</title><date></date><icon src="https://m7be2.solocoo.tv/m7be2iphone/mmchan/mpimages/260x145/JH_IhhmYOLTVtJtyaivcGA.jpg"></icon><desc></desc><category></category></programme><programme channel="SU8j9Ce1vrvKFuPntS1BYU6YQvaj7ayY4yF8SpiQ" start="20230106033000 +0000" stop="20230106040000 +0000" catchup-id="BQ50xvRbmAWUEZcTFvF35BQlRCa-2Mgl9QgNB047"><title>Lana Soumise À Un Bel Étalon/Lana Submitted To A Handsome Stud</title><date></date><icon src="https://m7be2.solocoo.tv/m7be2iphone/mmchan/mpimages/260x145/QXeqW06wvyZAGj4EqfCNzA.jpg"></icon><desc></desc><category></category></programme><programme channel="SU8j9Ce1vrvKFuPntS1BYU6YQvaj7ayY4yF8SpiQ" start="20230106040000 +0000" stop="20230106220000 +0000" catchup-id="qFpqHuKfXZnvpEe37M_imfDa9O_9dyCoDg-Y-on5"><title>Broadcast starts at 23:00</title><date></date><icon src="https://m7be2.solocoo.tv/m7be2iphone/mmchan/mpimages/260x145/SPlnw02b2S-ZGS6zeTYr7g.jpg"></icon><desc></desc><category></category></programme><programme channel="SU8j9Ce1vrvKFuPntS1BYU6YQvaj7ayY4yF8SpiQ" start="20230106220000 +0000" stop="20230106221300 +0000" catchup-id="pb0Esn5yWUGLj-Tm6Q4YjH7W8EV96KPxiX4Fnyj-"><title>L'invitation Part 2</title><date></date><icon src="https://m7be2.solocoo.tv/m7be2iphone/mmchan/mpimages/260x145/XlaSfs_MlDJ6Z_1sjISOBw.jpg"></icon><desc></desc><category></category></programme><programme channel="SU8j9Ce1vrvKFuPntS1BYU6YQvaj7ayY4yF8SpiQ" start="20230106221300 +0000" stop="20230106221800 +0000" catchup-id="_iXqUZCdbkQmhynYOXorv2NS5Z04YgdGfHukn4JR"><title>Riley Reid - Teanna Trump</title><date></date><icon src="https://m7be2.solocoo.tv/m7be2iphone/mmchan/mpimages/260x145/9jdrBk_sSvH3vAXQsWJw4A.jpg"></icon><desc></desc><category></category></programme><programme channel="SU8j9Ce1vrvKFuPntS1BYU6YQvaj7ayY4yF8SpiQ" start="20230106221800 +0000" stop="20230106222900 +0000" catchup-id="l6VQkVBjAu-Fe1pGr5dvz4wUDnzqc_0oHJRBFkcn"><title>Whitney La Soumise Part 3</title><date></date><icon src="https://m7be2.solocoo.tv/m7be2iphone/mmchan/mpimages/260x145/9RkzUcTZ_c2ph4L6ubBCxw.jpg"></icon><desc></desc><category></category></programme><programme channel="SU8j9Ce1vrvKFuPntS1BYU6YQvaj7ayY4yF8SpiQ" start="20230106222900 +0000" stop="20230106230000 +0000" catchup-id="1RXd8V-5SMo1q4MKrnDaCK0tjSBHkQVKWhbnwOHD"><title>Bts Tiffany La Soumise</title><date></date><icon src="https://m7be2.solocoo.tv/m7be2iphone/mmchan/mpimages/260x145/PtKoEp3ajPBqP3RGfmZ8kg.jpg"></icon><desc></desc><category></category></programme><programme channel="SU8j9Ce1vrvKFuPntS1BYU6YQvaj7ayY4yF8SpiQ" start="20230106230000 +0000" stop="20230106234300 +0000" catchup-id="XYRmMd9IRolP1faFh6GDTSSB3WgwJuPgg7MgvFpX"><title>Kenzie 4 You</title><date></date><icon src="https://m7be2.solocoo.tv/m7be2iphone/mmchan/mpimages/260x145/VlyXDSepLD8T78vAr-LSsg.jpg"></icon><desc></desc><category></category></programme><programme channel="SU8j9Ce1vrvKFuPntS1BYU6YQvaj7ayY4yF8SpiQ" start="20230106234300 +0000" stop="20230107015000 +0000" catchup-id="B82-lHm0mWsd8EngWvSZ4ieOuKJIncc2FvRPBjPh"><title>Contact 2</title><date></date><icon src="https://m7be2.solocoo.tv/m7be2iphone/mmchan/mpimages/260x145/JH_IhhmYOLTVtJtyaivcGA.jpg"></icon><desc></desc><category></category></programme><programme channel="SU8j9Ce1vrvKFuPntS1BYU6YQvaj7ayY4yF8SpiQ" start="20230107015000 +0000" stop="20230107033500 +0000" catchup-id="Mkcg4OpbSVTOIPxJwTE38smbK4LBf6iRe4W2ZQhp"><title>Straight Man Porn/Ce Que Veulent Les Hommes</title><date></date><icon src="https://m7be2.solocoo.tv/m7be2iphone/mmchan/mpimages/260x145/QXeqW06wvyZAGj4EqfCNzA.jpg"></icon><desc></desc><category></category></programme><programme channel="SU8j9Ce1vrvKFuPntS1BYU6YQvaj7ayY4yF8SpiQ" start="20230107033500 +0000" stop="20230107035800 +0000" catchup-id="AR_eoab0-9oPJCUrnu18_II2gz1TciPMwmVjyDBp"><title>Soumission Lesbienne</title><date></date><icon src="https://m7be2.solocoo.tv/m7be2iphone/mmchan/mpimages/260x145/OHCo9BPRpJyx8t8wR43t9A.jpg"></icon><desc></desc><category></category></programme><programme channel="SU8j9Ce1vrvKFuPntS1BYU6YQvaj7ayY4yF8SpiQ" start="20230107035800 +0000" stop="20230107040000 +0000" catchup-id="pV2L9DoEzRuXkfYVwS9RdOD5CuS9XOyR_a3X6jlP"><title>Un Amour De Fille Au Pair / A Lovely Au Pair</title><date></date><icon src="https://m7be2.solocoo.tv/m7be2iphone/mmchan/mpimages/260x145/RPvy6kuOIHbF7BJYmMkujQ.jpg"></icon><desc></desc><category></category></programme><programme channel="SU8j9Ce1vrvKFuPntS1BYU6YQvaj7ayY4yF8SpiQ" start="20230107040000 +0000" stop="20230107220000 +0000" catchup-id="wycNKTKUDWGFjoYz5ChONKQ1YZDR2vSamuEbTuBO"><title>Broadcast starts at 23:00</title><date></date><icon src="https://m7be2.solocoo.tv/m7be2iphone/mmchan/mpimages/260x145/SPlnw02b2S-ZGS6zeTYr7g.jpg"></icon><desc></desc><category></category></programme><programme channel="SU8j9Ce1vrvKFuPntS1BYU6YQvaj7ayY4yF8SpiQ" start="20230107220000 +0000" stop="20230107222000 +0000" catchup-id="260wDo80ntJz52epHia3XZQ8wWesTkcvoNTJvFkV"><title>Pulsions 3 Part. 5</title><date></date><icon src="https://m7be2.solocoo.tv/m7be2iphone/mmchan/mpimages/260x145/4RxWUCb12eikSfAUt3Avng.jpg"></icon><desc></desc><category></category></programme><programme channel="SU8j9Ce1vrvKFuPntS1BYU6YQvaj7ayY4yF8SpiQ" start="20230107222000 +0000" stop="20230107222500 +0000" catchup-id="ISr3MN5Sn1ikWAppCI1EGW4u1TqLP1aHp12s1DXK"><title>Ivy Wolfe</title><date></date><icon src="https://m7be2.solocoo.tv/m7be2iphone/mmchan/mpimages/260x145/6RZTI86QYeXNwca4lBZzKw.jpg"></icon><desc></desc><category></category></programme><programme channel="SU8j9Ce1vrvKFuPntS1BYU6YQvaj7ayY4yF8SpiQ" start="20230107222500 +0000" stop="20230107224900 +0000" catchup-id="Ddblk7okPFmyQHO1xnEagpYgyiGAG0bKp4WrCNnl"><title>A L'arret - Part 3</title><date></date><icon src="https://m7be2.solocoo.tv/m7be2iphone/mmchan/mpimages/260x145/O17wo5jkE6DvyVgaT1_f0w.jpg"></icon><desc></desc><category></category></programme><programme channel="SU8j9Ce1vrvKFuPntS1BYU6YQvaj7ayY4yF8SpiQ" start="20230107224900 +0000" stop="20230107230000 +0000" catchup-id="Zjg8BZM73Y7X8HWmY3BGAfJYeJVw9Bt6jCV1Ueve"><title>Bts Sucre &amp; Sale</title><date></date><icon src="https://m7be2.solocoo.tv/m7be2iphone/mmchan/mpimages/260x145/jzBpqRKNUUsGVOTkXx8Q2A.jpg"></icon><desc></desc><category></category></programme><programme channel="SU8j9Ce1vrvKFuPntS1BYU6YQvaj7ayY4yF8SpiQ" start="20230107230000 +0000" stop="20230108013500 +0000" catchup-id="jdM4LH7DZIf1iyIeVAJ-8Ni6njTNGG8DEA-D5GU-"><title>9 Nights</title><date></date><icon src="https://m7be2.solocoo.tv/m7be2iphone/mmchan/mpimages/260x145/iZJpT5yGeSfdmU-SZvSBvg.jpg"></icon><desc></desc><category></category></programme><programme channel="SU8j9Ce1vrvKFuPntS1BYU6YQvaj7ayY4yF8SpiQ" start="20230108013500 +0000" stop="20230108021600 +0000" catchup-id="CKjjhTVjgpzwQf0OCWMXpZhznLzXYKfx1fvB-XJm"><title>Kenzie 4 You</title><date></date><icon src="https://m7be2.solocoo.tv/m7be2iphone/mmchan/mpimages/260x145/mzUMqPChdW4LmpYKUd99gQ.jpg"></icon><desc></desc><category></category></programme><programme channel="SU8j9Ce1vrvKFuPntS1BYU6YQvaj7ayY4yF8SpiQ" start="20230108021600 +0000" stop="20230108034400 +0000" catchup-id="zCn1L0vY9xSMEQmUAkCgGeDOEJyR7R4Zg1ugFj97"><title>Anna La Detective / Anna the Detective</title><date></date><icon src="https://m7be2.solocoo.tv/m7be2iphone/mmchan/mpimages/260x145/XlaSfs_MlDJ6Z_1sjISOBw.jpg"></icon><desc></desc><category></category></programme><programme channel="SU8j9Ce1vrvKFuPntS1BYU6YQvaj7ayY4yF8SpiQ" start="20230108034400 +0000" stop="20230108040000 +0000" catchup-id="FmmTVibKI3T0sa6NQ9iK7SS-kGfVXyd3CrfHbF5k"><title>Voyeur Au Téléphone / Voyeur on the Phone</title><date></date><icon src="https://m7be2.solocoo.tv/m7be2iphone/mmchan/mpimages/260x145/9jdrBk_sSvH3vAXQsWJw4A.jpg"></icon><desc></desc><category></category></programme><programme channel="SU8j9Ce1vrvKFuPntS1BYU6YQvaj7ayY4yF8SpiQ" start="20230108040000 +0000" stop="20230108220000 +0000" catchup-id="GhU4Tt7n3L0S5GtMxF2AfoQf1oYgQMycFshK-jIR"><title>Broadcast starts at 23:00</title><date></date><icon src="https://m7be2.solocoo.tv/m7be2iphone/mmchan/mpimages/260x145/SPlnw02b2S-ZGS6zeTYr7g.jpg"></icon><desc></desc><category></category></programme><programme channel="SU8j9Ce1vrvKFuPntS1BYU6YQvaj7ayY4yF8SpiQ" start="20230108220000 +0000" stop="20230108221000 +0000" catchup-id="-6xoMYU0W3cW0a4M3kB7xuiYw_kyb9SKYBwHzmny"><title>Sunset Part. 1</title><date></date><icon src="https://m7be2.solocoo.tv/m7be2iphone/mmchan/mpimages/260x145/PtKoEp3ajPBqP3RGfmZ8kg.jpg"></icon><desc></desc><category></category></programme><programme channel="SU8j9Ce1vrvKFuPntS1BYU6YQvaj7ayY4yF8SpiQ" start="20230108221000 +0000" stop="20230108221400 +0000" catchup-id="udAylOEsAaaJf8UjAvTUAuPUc8_kJa2QzqUmQhgG"><title>Arietta Adams</title><date></date><icon src="https://m7be2.solocoo.tv/m7be2iphone/mmchan/mpimages/260x145/VlyXDSepLD8T78vAr-LSsg.jpg"></icon><desc></desc><category></category></programme><programme channel="SU8j9Ce1vrvKFuPntS1BYU6YQvaj7ayY4yF8SpiQ" start="20230108221400 +0000" stop="20230108223200 +0000" catchup-id="_FbgHeFRomRk14VOY6M7fvkVGkEdiwZNx3iNXHQd"><title>Seconde Chance Part. 1</title><date></date><icon src="https://m7be2.solocoo.tv/m7be2iphone/mmchan/mpimages/260x145/JH_IhhmYOLTVtJtyaivcGA.jpg"></icon><desc></desc><category></category></programme><programme channel="SU8j9Ce1vrvKFuPntS1BYU6YQvaj7ayY4yF8SpiQ" start="20230108223200 +0000" stop="20230108230000 +0000" catchup-id="ZFInu6ElhL5zESDwI9ydWMwxJa0f9Ux2TUoFfuNc"><title>Bts - Corps A Corps</title><date></date><icon src="https://m7be2.solocoo.tv/m7be2iphone/mmchan/mpimages/260x145/QXeqW06wvyZAGj4EqfCNzA.jpg"></icon><desc></desc><category></category></programme><programme channel="SU8j9Ce1vrvKFuPntS1BYU6YQvaj7ayY4yF8SpiQ" start="20230108230000 +0000" stop="20230109001100 +0000" catchup-id="Bn4Qz-4Toqc9ZSmyrc_vrVbJW1CslDAvpk-d0d6z"><title>Nikita Bellucci Obsessions Vol.11</title><date></date><icon src="https://m7be2.solocoo.tv/m7be2iphone/mmchan/mpimages/260x145/OHCo9BPRpJyx8t8wR43t9A.jpg"></icon><desc></desc><category></category></programme><programme channel="SU8j9Ce1vrvKFuPntS1BYU6YQvaj7ayY4yF8SpiQ" start="20230109001100 +0000" stop="20230109024500 +0000" catchup-id="zeBeGNOx0WyfLf_JTyQidR1mCP1tzRK8q7ULPNHJ"><title>9 Nights</title><date></date><icon src="https://m7be2.solocoo.tv/m7be2iphone/mmchan/mpimages/260x145/RPvy6kuOIHbF7BJYmMkujQ.jpg"></icon><desc></desc><category></category></programme><programme channel="SU8j9Ce1vrvKFuPntS1BYU6YQvaj7ayY4yF8SpiQ" start="20230109024500 +0000" stop="20230109033000 +0000" catchup-id="6f24bkVMan_mMGwexBrjYJsumhzcVZM_g8xqdipe"><title>Plan À 3 Sous Les Tropiques / Threesome In the Tropics</title><date></date><icon src="https://m7be2.solocoo.tv/m7be2iphone/mmchan/mpimages/260x145/4RxWUCb12eikSfAUt3Avng.jpg"></icon><desc></desc><category></category></programme><programme channel="SU8j9Ce1vrvKFuPntS1BYU6YQvaj7ayY4yF8SpiQ" start="20230109033000 +0000" stop="20230109035900 +0000" catchup-id="ybjB_B0mx1POJt5M1IJFpxN6Z9zNi4d6O3hC2dro"><title>Tina Kay En Veut Toujours Plus / Tina Kay Always Wants More</title><date></date><icon src="https://m7be2.solocoo.tv/m7be2iphone/mmchan/mpimages/260x145/6RZTI86QYeXNwca4lBZzKw.jpg"></icon><desc></desc><category></category></programme><programme channel="SU8j9Ce1vrvKFuPntS1BYU6YQvaj7ayY4yF8SpiQ" start="20230109035900 +0000" stop="20230109040000 +0000" catchup-id="ANT4jlsvXn8eHQbd6ofmXz2utjlNwUx2q-WCrkYr"><title>Kenzie 4 You</title><date></date><icon src="https://m7be2.solocoo.tv/m7be2iphone/mmchan/mpimages/260x145/O17wo5jkE6DvyVgaT1_f0w.jpg"></icon><desc></desc><category></category></programme><programme channel="SU8j9Ce1vrvKFuPntS1BYU6YQvaj7ayY4yF8SpiQ" start="20230109040000 +0000" stop="20230109220000 +0000" catchup-id="FY4TLupQUNXbczFtbRr7Yg0xqd8652rGWulPNDpR"><title>Broadcast starts at 23:00</title><date></date><icon src="https://m7be2.solocoo.tv/m7be2iphone/mmchan/mpimages/260x145/SPlnw02b2S-ZGS6zeTYr7g.jpg"></icon><desc></desc><category></category></programme><programme channel="SU8j9Ce1vrvKFuPntS1BYU6YQvaj7ayY4yF8SpiQ" start="20230109220000 +0000" stop="20230109221500 +0000" catchup-id="kq5iXEvrG11ATGAJPQk_E_YveiGWxUfjbfrSkqdk"><title>L'invitation Part 1</title><date></date><icon src="https://m7be2.solocoo.tv/m7be2iphone/mmchan/mpimages/260x145/OHCo9BPRpJyx8t8wR43t9A.jpg"></icon><desc></desc><category></category></programme><programme channel="SU8j9Ce1vrvKFuPntS1BYU6YQvaj7ayY4yF8SpiQ" start="20230109221500 +0000" stop="20230109222100 +0000" catchup-id="C8jif5tts2p5TkeUESd-axk2C7M_I0xYsD7LePio"><title>Arianna Marie - Emily Willis</title><date></date><icon src="https://m7be2.solocoo.tv/m7be2iphone/mmchan/mpimages/260x145/RPvy6kuOIHbF7BJYmMkujQ.jpg"></icon><desc></desc><category></category></programme><programme channel="SU8j9Ce1vrvKFuPntS1BYU6YQvaj7ayY4yF8SpiQ" start="20230109222100 +0000" stop="20230109223200 +0000" catchup-id="TpBO8sOvmppcP-BCyGzwlgmqG9PKj4ErGmQG-uMx"><title>Corps A Corps Part. 4</title><date></date><icon src="https://m7be2.solocoo.tv/m7be2iphone/mmchan/mpimages/260x145/4RxWUCb12eikSfAUt3Avng.jpg"></icon><desc></desc><category></category></programme><programme channel="SU8j9Ce1vrvKFuPntS1BYU6YQvaj7ayY4yF8SpiQ" start="20230109223200 +0000" stop="20230109230000 +0000" catchup-id="TPWx7GfMBSrPNJrAMTisb0W7hCkp_dV-Klm95-Mz"><title>Bts - Pornochic Lola &amp; Angelika</title><date></date><icon src="https://m7be2.solocoo.tv/m7be2iphone/mmchan/mpimages/260x145/6RZTI86QYeXNwca4lBZzKw.jpg"></icon><desc></desc><category></category></programme><programme channel="SU8j9Ce1vrvKFuPntS1BYU6YQvaj7ayY4yF8SpiQ" start="20230109230000 +0000" stop="20230110021300 +0000" catchup-id="7avXbQ_fySkRWYfeFCDvk0IKmP0iVKUmeehdsLnE"><title>Threesomes Vol.1</title><date></date><icon src="https://m7be2.solocoo.tv/m7be2iphone/mmchan/mpimages/260x145/O17wo5jkE6DvyVgaT1_f0w.jpg"></icon><desc></desc><category></category></programme><programme channel="SU8j9Ce1vrvKFuPntS1BYU6YQvaj7ayY4yF8SpiQ" start="20230110021300 +0000" stop="20230110032000 +0000" catchup-id="8sNiIvLtaa7Pr3NidtEUoSGA251VTlZ56OSZ7Y8U"><title>Nikita Bellucci Obsessions Vol.11</title><date></date><icon src="https://m7be2.solocoo.tv/m7be2iphone/mmchan/mpimages/260x145/jzBpqRKNUUsGVOTkXx8Q2A.jpg"></icon><desc></desc><category></category></programme><programme channel="SU8j9Ce1vrvKFuPntS1BYU6YQvaj7ayY4yF8SpiQ" start="20230110032000 +0000" stop="20230110035800 +0000" catchup-id="5ItBTYb-6hmRAcj4SXOBdOZd_KP84OUsibLOdF8n"><title>Plaisirs D'été Sur La Plage / Summer Pleasure on the Beach</title><date></date><icon src="https://m7be2.solocoo.tv/m7be2iphone/mmchan/mpimages/260x145/iZJpT5yGeSfdmU-SZvSBvg.jpg"></icon><desc></desc><category></category></programme><programme channel="SU8j9Ce1vrvKFuPntS1BYU6YQvaj7ayY4yF8SpiQ" start="20230110035800 +0000" stop="20230110040000 +0000" catchup-id="UF4Kmd-9Qf72olbeoLWaGncXWVCPe4LA06fYIlV6"><title>9 Nights</title><date></date><icon src="https://m7be2.solocoo.tv/m7be2iphone/mmchan/mpimages/260x145/mzUMqPChdW4LmpYKUd99gQ.jpg"></icon><desc></desc><category></category></programme><programme channel="SU8j9Ce1vrvKFuPntS1BYU6YQvaj7ayY4yF8SpiQ" start="20230110040000 +0000" stop="20230110220000 +0000" catchup-id="NY_OqFnW38SXJOXqDGHoxpmPlEzVAmVhPQVaDMC-"><title>Broadcast starts at 23:00</title><date></date><icon src="https://m7be2.solocoo.tv/m7be2iphone/mmchan/mpimages/260x145/SPlnw02b2S-ZGS6zeTYr7g.jpg"></icon><desc></desc><category></category></programme><programme channel="SU8j9Ce1vrvKFuPntS1BYU6YQvaj7ayY4yF8SpiQ" start="20230110220000 +0000" stop="20230110221700 +0000" catchup-id="d2w0AWBIRgINEAyPA9WWZS0uhA9nTyMzQxw2VWKT"><title>9 Nuits Part. 5</title><date></date><icon src="https://m7be2.solocoo.tv/m7be2iphone/mmchan/mpimages/260x145/PtKoEp3ajPBqP3RGfmZ8kg.jpg"></icon><desc></desc><category></category></programme><programme channel="SU8j9Ce1vrvKFuPntS1BYU6YQvaj7ayY4yF8SpiQ" start="20230110221700 +0000" stop="20230110222200 +0000" catchup-id="aTQPh81wSSmDSwESi16npkqqp4B1IyzqJZE1ESj-"><title>Gina Valentina - Eliza Ibarra</title><date></date><icon src="https://m7be2.solocoo.tv/m7be2iphone/mmchan/mpimages/260x145/VlyXDSepLD8T78vAr-LSsg.jpg"></icon><desc></desc><category></category></programme><programme channel="SU8j9Ce1vrvKFuPntS1BYU6YQvaj7ayY4yF8SpiQ" start="20230110222200 +0000" stop="20230110224700 +0000" catchup-id="3l6Li5SalDzzp9exe-zNkz8L1d6Yh7BII2bwBaBt"><title>A L'arret - Part 4</title><date></date><icon src="https://m7be2.solocoo.tv/m7be2iphone/mmchan/mpimages/260x145/JH_IhhmYOLTVtJtyaivcGA.jpg"></icon><desc></desc><category></category></programme><programme channel="SU8j9Ce1vrvKFuPntS1BYU6YQvaj7ayY4yF8SpiQ" start="20230110224700 +0000" stop="20230110230000 +0000" catchup-id="4UWYlI25ulU7-_dItRv3He3FOWp1iT6q-fl7CyQy"><title>Bts - Luxure 19 - Les Desirs De Ma Femme</title><date></date><icon src="https://m7be2.solocoo.tv/m7be2iphone/mmchan/mpimages/260x145/QXeqW06wvyZAGj4EqfCNzA.jpg"></icon><desc></desc><category></category></programme><programme channel="SU8j9Ce1vrvKFuPntS1BYU6YQvaj7ayY4yF8SpiQ" start="20230110230000 +0000" stop="20230111003200 +0000" catchup-id="nQYulBqz7ZaNiKNDhYDgcsOrKfBzl3ckW-s3a-oL"><title>Le Seminaire</title><date></date><icon src="https://m7be2.solocoo.tv/m7be2iphone/mmchan/mpimages/260x145/OHCo9BPRpJyx8t8wR43t9A.jpg"></icon><desc></desc><category></category></programme><programme channel="SU8j9Ce1vrvKFuPntS1BYU6YQvaj7ayY4yF8SpiQ" start="20230111003200 +0000" stop="20230111034200 +0000" catchup-id="Uiyf2xFI5G_Ku99GAsT-fjOsW9L3B0bS_dT2iex_"><title>Threesomes Vol.1</title><date></date><icon src="https://m7be2.solocoo.tv/m7be2iphone/mmchan/mpimages/260x145/RPvy6kuOIHbF7BJYmMkujQ.jpg"></icon><desc></desc><category></category></programme><programme channel="SU8j9Ce1vrvKFuPntS1BYU6YQvaj7ayY4yF8SpiQ" start="20230111034200 +0000" stop="20230111040000 +0000" catchup-id="0QdOk-z5u93PulmmFuVPcPPOdznBlZEvCPTFz0vv"><title>Trio Innatendu / Unexpected Threesome</title><date></date><icon src="https://m7be2.solocoo.tv/m7be2iphone/mmchan/mpimages/260x145/4RxWUCb12eikSfAUt3Avng.jpg"></icon><desc></desc><category></category></programme><programme channel="SU8j9Ce1vrvKFuPntS1BYU6YQvaj7ayY4yF8SpiQ" start="20230111040000 +0000" stop="20230111220000 +0000" catchup-id="SAVMq7H8SSaA_IIPZaOEWkDjY3RrHIX_WSletGM8"><title>Broadcast starts at 23:00</title><date></date><icon src="https://m7be2.solocoo.tv/m7be2iphone/mmchan/mpimages/260x145/SPlnw02b2S-ZGS6zeTYr7g.jpg"></icon><desc></desc><category></category></programme><programme channel="SU8j9Ce1vrvKFuPntS1BYU6YQvaj7ayY4yF8SpiQ" start="20230111220000 +0000" stop="20230111222400 +0000" catchup-id="BWWaNtXWpXjkJHfHT3tSRuOslw3vzV6wqcqJtg4R"><title>Bella L'indecente Part. 1</title><date></date><icon src="https://m7be2.solocoo.tv/m7be2iphone/mmchan/mpimages/260x145/QXeqW06wvyZAGj4EqfCNzA.jpg"></icon><desc></desc><category></category></programme><programme channel="SU8j9Ce1vrvKFuPntS1BYU6YQvaj7ayY4yF8SpiQ" start="20230111222400 +0000" stop="20230111222900 +0000" catchup-id="OkDfVVp78DkMHFbo_e6hJa9TndYmwhbAoKIpermR"><title>Cecilia Lion</title><date></date><icon src="https://m7be2.solocoo.tv/m7be2iphone/mmchan/mpimages/260x145/OHCo9BPRpJyx8t8wR43t9A.jpg"></icon><desc></desc><category></category></programme><programme channel="SU8j9Ce1vrvKFuPntS1BYU6YQvaj7ayY4yF8SpiQ" start="20230111222900 +0000" stop="20230111224900 +0000" catchup-id="jKT2EL66v4K5IygfqPOi7FU5bbEMahns3BGrr3vn"><title>9 Nuits Part. 1</title><date></date><icon src="https://m7be2.solocoo.tv/m7be2iphone/mmchan/mpimages/260x145/RPvy6kuOIHbF7BJYmMkujQ.jpg"></icon><desc></desc><category></category></programme><programme channel="SU8j9Ce1vrvKFuPntS1BYU6YQvaj7ayY4yF8SpiQ" start="20230111224900 +0000" stop="20230111230000 +0000" catchup-id="0MGnYQen-FGgZkNv5797Ax196b0ckBjTV619PSxD"><title>Bts Bella Et John</title><date></date><icon src="https://m7be2.solocoo.tv/m7be2iphone/mmchan/mpimages/260x145/4RxWUCb12eikSfAUt3Avng.jpg"></icon><desc></desc><category></category></programme>