<programme channel="UZYysXfobARiMj1_pu4MsuGbvKXyl0cJEygUFyGk" start="20221228230000 +0000" stop="20221229014900 +0000" catchup-id="16EMWioj9MCh1WYTJVmcrZOe8Oe4N9qLeEhdZf4s"><title>Clea L'indecente</title><date></date><icon src="https://m7be2.solocoo.tv/m7be2iphone/mmchan/mpimages/208x308/9RkzUcTZ_c2ph4L6ubBCxw.jpg"></icon><desc></desc><category></category></programme><programme channel="UZYysXfobARiMj1_pu4MsuGbvKXyl0cJEygUFyGk" start="20221229014900 +0000" stop="20221229031300 +0000" catchup-id="4ZvHxATWQln53Yml7VmhH1nr_qY3rCMOK1zbf7LW"><title>Secret Crush Vol.3</title><date></date><icon src="https://m7be2.solocoo.tv/m7be2iphone/mmchan/mpimages/208x308/PtKoEp3ajPBqP3RGfmZ8kg.jpg"></icon><desc></desc><category></category></programme><programme channel="UZYysXfobARiMj1_pu4MsuGbvKXyl0cJEygUFyGk" start="20221229031300 +0000" stop="20221229035900 +0000" catchup-id="x0AMpvNEiEilI0g2_09oHasPEF5dsdngtDO2cDuK"><title>Kylie &amp; Natasha</title><date></date><icon src="https://m7be2.solocoo.tv/m7be2iphone/mmchan/mpimages/208x308/mzUMqPChdW4LmpYKUd99gQ.jpg"></icon><desc></desc><category></category></programme><programme channel="UZYysXfobARiMj1_pu4MsuGbvKXyl0cJEygUFyGk" start="20221229035900 +0000" stop="20221229040000 +0000" catchup-id="LPkrvTbJoaAz5Jq7rF8-iOJoUlrisk1gQmsVcrVK"><title>Friends And Lovers</title><date></date><icon src="https://m7be2.solocoo.tv/m7be2iphone/mmchan/mpimages/208x308/VlyXDSepLD8T78vAr-LSsg.jpg"></icon><desc></desc><category></category></programme><programme channel="UZYysXfobARiMj1_pu4MsuGbvKXyl0cJEygUFyGk" start="20221229040000 +0000" stop="20221229230000 +0000" catchup-id="NvnwFx_QgvvyR24mIFStyrB2YgUN_q19GUXKwYwh"><title>Broadcast starts at 00:00</title><date></date><icon src="https://m7be2.solocoo.tv/m7be2iphone/mmchan/mpimages/208x308/SPlnw02b2S-ZGS6zeTYr7g.jpg"></icon><desc></desc><category></category></programme><programme channel="UZYysXfobARiMj1_pu4MsuGbvKXyl0cJEygUFyGk" start="20221229230000 +0000" stop="20221230011300 +0000" catchup-id="T3h0cxsCCO0vs88-S2dNQvNr4zY5LYrr31cPT7j2"><title>Fantasy Roleplay Vol. 5</title><date></date><icon src="https://m7be2.solocoo.tv/m7be2iphone/mmchan/mpimages/208x308/PtKoEp3ajPBqP3RGfmZ8kg.jpg"></icon><desc></desc><category></category></programme><programme channel="UZYysXfobARiMj1_pu4MsuGbvKXyl0cJEygUFyGk" start="20221230011300 +0000" stop="20221230040000 +0000" catchup-id="tPqwrGUdFrows544bCoFxklFxPR8mR7S6-omHrvQ"><title>Clea L'indecente</title><date></date><icon src="https://m7be2.solocoo.tv/m7be2iphone/mmchan/mpimages/208x308/QXeqW06wvyZAGj4EqfCNzA.jpg"></icon><desc></desc><category></category></programme><programme channel="UZYysXfobARiMj1_pu4MsuGbvKXyl0cJEygUFyGk" start="20221230040000 +0000" stop="20221230230000 +0000" catchup-id="fepn8jqIByaEBkyTq8LeMFvLFV_8Vf53JcPgWHBK"><title>Broadcast starts at 00:00</title><date></date><icon src="https://m7be2.solocoo.tv/m7be2iphone/mmchan/mpimages/208x308/SPlnw02b2S-ZGS6zeTYr7g.jpg"></icon><desc></desc><category></category></programme><programme channel="UZYysXfobARiMj1_pu4MsuGbvKXyl0cJEygUFyGk" start="20221230230000 +0000" stop="20221231012300 +0000" catchup-id="o4qf25tP6n8yaa_iZ79D-T452Ssx7_6d7dL33Nw3"><title>Les Videos Privees D'amirah Adara Vol.1</title><date></date><icon src="https://m7be2.solocoo.tv/m7be2iphone/mmchan/mpimages/208x308/mzUMqPChdW4LmpYKUd99gQ.jpg"></icon><desc></desc><category></category></programme><programme channel="UZYysXfobARiMj1_pu4MsuGbvKXyl0cJEygUFyGk" start="20221231012300 +0000" stop="20221231033700 +0000" catchup-id="NEdmTsEr0DhirYjomhmxRmFxfXb6dQdh53v8H52f"><title>Fantasy Roleplay Vol. 5</title><date></date><icon src="https://m7be2.solocoo.tv/m7be2iphone/mmchan/mpimages/208x308/XlaSfs_MlDJ6Z_1sjISOBw.jpg"></icon><desc></desc><category></category></programme><programme channel="UZYysXfobARiMj1_pu4MsuGbvKXyl0cJEygUFyGk" start="20221231033700 +0000" stop="20221231035800 +0000" catchup-id="WUsemNU41JmWUOTVPi6cdJvx-93GbQ1qvQut-w3B"><title>Red Fox, Lesbienne Debutante</title><date></date><icon src="https://m7be2.solocoo.tv/m7be2iphone/mmchan/mpimages/208x308/9RkzUcTZ_c2ph4L6ubBCxw.jpg"></icon><desc></desc><category></category></programme><programme channel="UZYysXfobARiMj1_pu4MsuGbvKXyl0cJEygUFyGk" start="20221231035800 +0000" stop="20221231040000 +0000" catchup-id="FwGcBOuTy2pHzyjZ0MJCgMbuXi3434TLIpgBqWjf"><title>Clea L'indecente</title><date></date><icon src="https://m7be2.solocoo.tv/m7be2iphone/mmchan/mpimages/208x308/PtKoEp3ajPBqP3RGfmZ8kg.jpg"></icon><desc></desc><category></category></programme><programme channel="UZYysXfobARiMj1_pu4MsuGbvKXyl0cJEygUFyGk" start="20221231040000 +0000" stop="20221231230000 +0000" catchup-id="VrPpqLkr9Sm2zKPwX1AOdaEsco9s4-g2poNareDF"><title>Broadcast starts at 00:00</title><date></date><icon src="https://m7be2.solocoo.tv/m7be2iphone/mmchan/mpimages/208x308/SPlnw02b2S-ZGS6zeTYr7g.jpg"></icon><desc></desc><category></category></programme><programme channel="UZYysXfobARiMj1_pu4MsuGbvKXyl0cJEygUFyGk" start="20221231230000 +0000" stop="20230101003700 +0000" catchup-id="COj8rzcEeCann9T43HbXTOmP-t2SDHtAnoO51NAo"><title>Fuck Vip Fury</title><date></date><icon src="https://m7be2.solocoo.tv/m7be2iphone/mmchan/mpimages/208x308/JH_IhhmYOLTVtJtyaivcGA.jpg"></icon><desc></desc><category></category></programme><programme channel="UZYysXfobARiMj1_pu4MsuGbvKXyl0cJEygUFyGk" start="20230101003700 +0000" stop="20230101030100 +0000" catchup-id="VuDMp2J1oAxu-YDLbOGU6vjTtPWaQakGCTWqZmTp"><title>Les Videos Privees D'amirah Adara Vol.1</title><date></date><icon src="https://m7be2.solocoo.tv/m7be2iphone/mmchan/mpimages/208x308/mzUMqPChdW4LmpYKUd99gQ.jpg"></icon><desc></desc><category></category></programme><programme channel="UZYysXfobARiMj1_pu4MsuGbvKXyl0cJEygUFyGk" start="20230101030100 +0000" stop="20230101033800 +0000" catchup-id="HU1XGPf4ff4HksB9E1UgaoiO4EIYuSd-IwQk7Lr9"><title>Daisy</title><date></date><icon src="https://m7be2.solocoo.tv/m7be2iphone/mmchan/mpimages/208x308/QXeqW06wvyZAGj4EqfCNzA.jpg"></icon><desc></desc><category></category></programme><programme channel="UZYysXfobARiMj1_pu4MsuGbvKXyl0cJEygUFyGk" start="20230101033800 +0000" stop="20230101035700 +0000" catchup-id="v3ONss3Ci5d1KOfIbSAmizguQfSvitTNpJ1YCtHi"><title>Les Plaisirs Innavoues De Valentina Nappi</title><date></date><icon src="https://m7be2.solocoo.tv/m7be2iphone/mmchan/mpimages/208x308/RPvy6kuOIHbF7BJYmMkujQ.jpg"></icon><desc></desc><category></category></programme><programme channel="UZYysXfobARiMj1_pu4MsuGbvKXyl0cJEygUFyGk" start="20230101035700 +0000" stop="20230101040000 +0000" catchup-id="qeJy9g8vFHDo3mLGHFwAk3jCS-F6f23vrXqaxZ57"><title>Fantasy Roleplay Vol. 5</title><date></date><icon src="https://m7be2.solocoo.tv/m7be2iphone/mmchan/mpimages/208x308/4RxWUCb12eikSfAUt3Avng.jpg"></icon><desc></desc><category></category></programme><programme channel="UZYysXfobARiMj1_pu4MsuGbvKXyl0cJEygUFyGk" start="20230101040000 +0000" stop="20230101230000 +0000" catchup-id="Q1Ig1Ts3AhhrqHEhz-3yYyaE6DOniPYgFumkCpZb"><title>Broadcast starts at 00:00</title><date></date><icon src="https://m7be2.solocoo.tv/m7be2iphone/mmchan/mpimages/208x308/SPlnw02b2S-ZGS6zeTYr7g.jpg"></icon><desc></desc><category></category></programme><programme channel="UZYysXfobARiMj1_pu4MsuGbvKXyl0cJEygUFyGk" start="20230101230000 +0000" stop="20230102004000 +0000" catchup-id="W91CX4IXQZMgtwVJuhdR2PZsT1yXDt1LLSwAyEmI"><title>Nora &amp; Theo Vol.3</title><date></date><icon src="https://m7be2.solocoo.tv/m7be2iphone/mmchan/mpimages/208x308/QXeqW06wvyZAGj4EqfCNzA.jpg"></icon><desc></desc><category></category></programme><programme channel="UZYysXfobARiMj1_pu4MsuGbvKXyl0cJEygUFyGk" start="20230102004000 +0000" stop="20230102021800 +0000" catchup-id="__J4rpb-WnlO3neWxfUPHFAFRZFYLQVRJu9IO8CD"><title>Fuck Vip Fury</title><date></date><icon src="https://m7be2.solocoo.tv/m7be2iphone/mmchan/mpimages/208x308/6RZTI86QYeXNwca4lBZzKw.jpg"></icon><desc></desc><category></category></programme><programme channel="UZYysXfobARiMj1_pu4MsuGbvKXyl0cJEygUFyGk" start="20230102021800 +0000" stop="20230102031500 +0000" catchup-id="fiH_8k4aWvVlhqMPRBAY7tl-aPqMS8nTOt7ew6tv"><title>Kenna</title><date></date><icon src="https://m7be2.solocoo.tv/m7be2iphone/mmchan/mpimages/208x308/PtKoEp3ajPBqP3RGfmZ8kg.jpg"></icon><desc></desc><category></category></programme><programme channel="UZYysXfobARiMj1_pu4MsuGbvKXyl0cJEygUFyGk" start="20230102031500 +0000" stop="20230102035800 +0000" catchup-id="zA_oV38DUKvd6PdaBsjGKw7PV1oFe_AknQQGEInL"><title>Liya</title><date></date><icon src="https://m7be2.solocoo.tv/m7be2iphone/mmchan/mpimages/208x308/XlaSfs_MlDJ6Z_1sjISOBw.jpg"></icon><desc></desc><category></category></programme><programme channel="UZYysXfobARiMj1_pu4MsuGbvKXyl0cJEygUFyGk" start="20230102035800 +0000" stop="20230102040000 +0000" catchup-id="9oiH4ylQAQCgKqr1JjMd-w7LHgCBHVWzXtg99PE1"><title>Les Videos Privees D'amirah Adara Vol.1</title><date></date><icon src="https://m7be2.solocoo.tv/m7be2iphone/mmchan/mpimages/208x308/9jdrBk_sSvH3vAXQsWJw4A.jpg"></icon><desc></desc><category></category></programme><programme channel="UZYysXfobARiMj1_pu4MsuGbvKXyl0cJEygUFyGk" start="20230102040000 +0000" stop="20230102230000 +0000" catchup-id="FlSP-8lwr49O5e-DWPgWGHmvSiqjpqSgNZTDd2kz"><title>Broadcast starts at 00:00</title><date></date><icon src="https://m7be2.solocoo.tv/m7be2iphone/mmchan/mpimages/208x308/SPlnw02b2S-ZGS6zeTYr7g.jpg"></icon><desc></desc><category></category></programme><programme channel="UZYysXfobARiMj1_pu4MsuGbvKXyl0cJEygUFyGk" start="20230102230000 +0000" stop="20230103033900 +0000" catchup-id="eYgNPLbOi2sKjmkJboFNxRvOu5fsSkFotruvjYbb"><title>Lesbiennes De Luxe Vol 1 - Part 2</title><date></date><icon src="https://m7be2.solocoo.tv/m7be2iphone/mmchan/mpimages/208x308/OHCo9BPRpJyx8t8wR43t9A.jpg"></icon><desc></desc><category></category></programme><programme channel="UZYysXfobARiMj1_pu4MsuGbvKXyl0cJEygUFyGk" start="20230103033900 +0000" stop="20230103035900 +0000" catchup-id="Oz_diCuwNnCtVH1OiiOYQ53lNaJ8xHneJgQZCrrz"><title>Les Plaisirs Innavoues De Valentina Nappi</title><date></date><icon src="https://m7be2.solocoo.tv/m7be2iphone/mmchan/mpimages/208x308/9jdrBk_sSvH3vAXQsWJw4A.jpg"></icon><desc></desc><category></category></programme><programme channel="UZYysXfobARiMj1_pu4MsuGbvKXyl0cJEygUFyGk" start="20230103035900 +0000" stop="20230103040000 +0000" catchup-id="vJp1ugrp9NYcuyegWDhf8LDx6fIb4jM1PksS_Vlq"><title>Fuck Vip Fury</title><date></date><icon src="https://m7be2.solocoo.tv/m7be2iphone/mmchan/mpimages/208x308/6RZTI86QYeXNwca4lBZzKw.jpg"></icon><desc></desc><category></category></programme><programme channel="UZYysXfobARiMj1_pu4MsuGbvKXyl0cJEygUFyGk" start="20230103040000 +0000" stop="20230103230000 +0000" catchup-id="geJGQ8me8sIMlynzfVu_hSGp3FYYobXnbKt8PIGM"><title>Broadcast starts at 00:00</title><date></date><icon src="https://m7be2.solocoo.tv/m7be2iphone/mmchan/mpimages/208x308/SPlnw02b2S-ZGS6zeTYr7g.jpg"></icon><desc></desc><category></category></programme><programme channel="UZYysXfobARiMj1_pu4MsuGbvKXyl0cJEygUFyGk" start="20230103230000 +0000" stop="20230104002900 +0000" catchup-id="m02OmfL7v17z76GNzjkr4hKyvMj335z0IEoTQGi6"><title>Blacked Raw Vol.53</title><date></date><icon src="https://m7be2.solocoo.tv/m7be2iphone/mmchan/mpimages/208x308/jzBpqRKNUUsGVOTkXx8Q2A.jpg"></icon><desc></desc><category></category></programme><programme channel="UZYysXfobARiMj1_pu4MsuGbvKXyl0cJEygUFyGk" start="20230104002900 +0000" stop="20230104025100 +0000" catchup-id="WHwSmlu6m4EstpX0mMGzaJMHSjSJSZ6zngQIMwQe"><title>Desirs De Milf Vol 4 </title><date></date><icon src="https://m7be2.solocoo.tv/m7be2iphone/mmchan/mpimages/208x308/XlaSfs_MlDJ6Z_1sjISOBw.jpg"></icon><desc></desc><category></category></programme><programme channel="UZYysXfobARiMj1_pu4MsuGbvKXyl0cJEygUFyGk" start="20230104025100 +0000" stop="20230104033800 +0000" catchup-id="1aY1Hu8BSf5uEwxDQLHPxZQpDOlI-RdWTPuO7ReG"><title>Kenna &amp; Natalia</title><date></date><icon src="https://m7be2.solocoo.tv/m7be2iphone/mmchan/mpimages/208x308/6RZTI86QYeXNwca4lBZzKw.jpg"></icon><desc></desc><category></category></programme><programme channel="UZYysXfobARiMj1_pu4MsuGbvKXyl0cJEygUFyGk" start="20230104033800 +0000" stop="20230104035800 +0000" catchup-id="_Xoa-6aSApE70zxF5W9B0oCIsNdByfWgIk5OQhjh"><title>Claire Castel &amp; Anissa Kate : Echangisme &amp; Sodomie</title><date></date><icon src="https://m7be2.solocoo.tv/m7be2iphone/mmchan/mpimages/208x308/iZJpT5yGeSfdmU-SZvSBvg.jpg"></icon><desc></desc><category></category></programme><programme channel="UZYysXfobARiMj1_pu4MsuGbvKXyl0cJEygUFyGk" start="20230104035800 +0000" stop="20230104040000 +0000" catchup-id="uPpiZcKEEN2sMorXpb_sziTAEt_LR5x_VW-97orp"><title>Nora &amp; Theo Vol.3</title><date></date><icon src="https://m7be2.solocoo.tv/m7be2iphone/mmchan/mpimages/208x308/QXeqW06wvyZAGj4EqfCNzA.jpg"></icon><desc></desc><category></category></programme><programme channel="UZYysXfobARiMj1_pu4MsuGbvKXyl0cJEygUFyGk" start="20230104040000 +0000" stop="20230104230000 +0000" catchup-id="5Hn8tYZXjgqn4MCM1Yk3tzmoDZnG7bZupuuc9fPr"><title>Broadcast starts at 00:00</title><date></date><icon src="https://m7be2.solocoo.tv/m7be2iphone/mmchan/mpimages/208x308/SPlnw02b2S-ZGS6zeTYr7g.jpg"></icon><desc></desc><category></category></programme><programme channel="UZYysXfobARiMj1_pu4MsuGbvKXyl0cJEygUFyGk" start="20230104230000 +0000" stop="20230105004800 +0000" catchup-id="2ehTrxUJs6FVHFD-jvNJ_4w5CnqXvj_Q4JzXDTzh"><title>Bad Girls Lesbian Addiction</title><date></date><icon src="https://m7be2.solocoo.tv/m7be2iphone/mmchan/mpimages/208x308/QXeqW06wvyZAGj4EqfCNzA.jpg"></icon><desc></desc><category></category></programme><programme channel="UZYysXfobARiMj1_pu4MsuGbvKXyl0cJEygUFyGk" start="20230105004800 +0000" stop="20230105021700 +0000" catchup-id="sa-8qa4Eg-DtlAJ-qx0PZtlY8JEPApwjWPVM1t_3"><title>Blacked Raw Vol.53</title><date></date><icon src="https://m7be2.solocoo.tv/m7be2iphone/mmchan/mpimages/208x308/OHCo9BPRpJyx8t8wR43t9A.jpg"></icon><desc></desc><category></category></programme><programme channel="UZYysXfobARiMj1_pu4MsuGbvKXyl0cJEygUFyGk" start="20230105021700 +0000" stop="20230105033800 +0000" catchup-id="hEK03Z1-wH-P-JNHt-WkX-wPPwNsrKFfDy8Rbzm9"><title>Les Folies D'angel Emily Vol.1</title><date></date><icon src="https://m7be2.solocoo.tv/m7be2iphone/mmchan/mpimages/208x308/iZJpT5yGeSfdmU-SZvSBvg.jpg"></icon><desc></desc><category></category></programme><programme channel="UZYysXfobARiMj1_pu4MsuGbvKXyl0cJEygUFyGk" start="20230105033800 +0000" stop="20230105035900 +0000" catchup-id="un2iZGldrrCZcyHtviQb-aE5pMYKVVpixbOA4pz5"><title>(De)montee Par Son Etalon</title><date></date><icon src="https://m7be2.solocoo.tv/m7be2iphone/mmchan/mpimages/208x308/mzUMqPChdW4LmpYKUd99gQ.jpg"></icon><desc></desc><category></category></programme><programme channel="UZYysXfobARiMj1_pu4MsuGbvKXyl0cJEygUFyGk" start="20230105035900 +0000" stop="20230105040000 +0000" catchup-id="XtlFWZjo-FbOX4SthmPKEXfq2rZZq3pevRn2M9PN"><title>Lesbiennes De Luxe Vol 1 - Part 2</title><date></date><icon src="https://m7be2.solocoo.tv/m7be2iphone/mmchan/mpimages/208x308/4RxWUCb12eikSfAUt3Avng.jpg"></icon><desc></desc><category></category></programme><programme channel="UZYysXfobARiMj1_pu4MsuGbvKXyl0cJEygUFyGk" start="20230105040000 +0000" stop="20230105230000 +0000" catchup-id="8w7kvU7F329AAye564Kpo_y4MZYxvrbswOoAJGE0"><title>Broadcast starts at 00:00</title><date></date><icon src="https://m7be2.solocoo.tv/m7be2iphone/mmchan/mpimages/260x145/SPlnw02b2S-ZGS6zeTYr7g.jpg"></icon><desc></desc><category></category></programme><programme channel="UZYysXfobARiMj1_pu4MsuGbvKXyl0cJEygUFyGk" start="20230105230000 +0000" stop="20230106015400 +0000" catchup-id="PMllhB0s3L6CR8ItyhEBXLflUv3XGlcl11r_kWOH"><title>Liya L'indecente</title><date></date><icon src="https://m7be2.solocoo.tv/m7be2iphone/mmchan/mpimages/260x145/iZJpT5yGeSfdmU-SZvSBvg.jpg"></icon><desc></desc><category></category></programme><programme channel="UZYysXfobARiMj1_pu4MsuGbvKXyl0cJEygUFyGk" start="20230106015400 +0000" stop="20230106034200 +0000" catchup-id="c1XWnslL3HdpEqWPH4EjwBVz_m86NA-nYkSZF_eH"><title>Bad Girls Lesbian Addiction</title><date></date><icon src="https://m7be2.solocoo.tv/m7be2iphone/mmchan/mpimages/260x145/4RxWUCb12eikSfAUt3Avng.jpg"></icon><desc></desc><category></category></programme><programme channel="UZYysXfobARiMj1_pu4MsuGbvKXyl0cJEygUFyGk" start="20230106034200 +0000" stop="20230106035900 +0000" catchup-id="x0zxwdYGg1T3JWzWE4IAoFmztZXeGP9T_PYCM10O"><title>Jessa Rhodes, Plaisir Extremes</title><date></date><icon src="https://m7be2.solocoo.tv/m7be2iphone/mmchan/mpimages/260x145/6RZTI86QYeXNwca4lBZzKw.jpg"></icon><desc></desc><category></category></programme><programme channel="UZYysXfobARiMj1_pu4MsuGbvKXyl0cJEygUFyGk" start="20230106035900 +0000" stop="20230106040000 +0000" catchup-id="VSWM66fymZDWlXq57Xq7GuIIBrOfaPg6zf6Wm2de"><title>Blacked Raw Vol.53</title><date></date><icon src="https://m7be2.solocoo.tv/m7be2iphone/mmchan/mpimages/260x145/mzUMqPChdW4LmpYKUd99gQ.jpg"></icon><desc></desc><category></category></programme><programme channel="UZYysXfobARiMj1_pu4MsuGbvKXyl0cJEygUFyGk" start="20230106040000 +0000" stop="20230106230000 +0000" catchup-id="9W7_Xa1lPLtF_zOql89sDL6UFEpS1e1_zKYZm5gD"><title>Broadcast starts at 00:00</title><date></date><icon src="https://m7be2.solocoo.tv/m7be2iphone/mmchan/mpimages/260x145/SPlnw02b2S-ZGS6zeTYr7g.jpg"></icon><desc></desc><category></category></programme><programme channel="UZYysXfobARiMj1_pu4MsuGbvKXyl0cJEygUFyGk" start="20230106230000 +0000" stop="20230107001400 +0000" catchup-id="FRRL5237RdUUcXZCIiBaqJxUPHFPtEkBQ_YlwPPM"><title>Obsessions Vol.7</title><date></date><icon src="https://m7be2.solocoo.tv/m7be2iphone/mmchan/mpimages/260x145/OHCo9BPRpJyx8t8wR43t9A.jpg"></icon><desc></desc><category></category></programme><programme channel="UZYysXfobARiMj1_pu4MsuGbvKXyl0cJEygUFyGk" start="20230107001400 +0000" stop="20230107030800 +0000" catchup-id="G4wiYrR6AncClIXiV6drx2B3zno9mmcr59U_40RE"><title>Liya L'indecente</title><date></date><icon src="https://m7be2.solocoo.tv/m7be2iphone/mmchan/mpimages/260x145/XlaSfs_MlDJ6Z_1sjISOBw.jpg"></icon><desc></desc><category></category></programme><programme channel="UZYysXfobARiMj1_pu4MsuGbvKXyl0cJEygUFyGk" start="20230107030800 +0000" stop="20230107033700 +0000" catchup-id="Fn7MKWX4JnFQekVI7N1uUbWi1d-Xn5uCC6lDs-6U"><title>Sexe Obsessions Part. 1</title><date></date><icon src="https://m7be2.solocoo.tv/m7be2iphone/mmchan/mpimages/260x145/jzBpqRKNUUsGVOTkXx8Q2A.jpg"></icon><desc></desc><category></category></programme><programme channel="UZYysXfobARiMj1_pu4MsuGbvKXyl0cJEygUFyGk" start="20230107033700 +0000" stop="20230107035800 +0000" catchup-id="bgguy0r9AvCGuNOV6fiopNY8pSTgEnVZWTuK-AJ6"><title>Premiere Scene Dorcel Pour La Star Jessa Rhodes</title><date></date><icon src="https://m7be2.solocoo.tv/m7be2iphone/mmchan/mpimages/260x145/VlyXDSepLD8T78vAr-LSsg.jpg"></icon><desc></desc><category></category></programme><programme channel="UZYysXfobARiMj1_pu4MsuGbvKXyl0cJEygUFyGk" start="20230107035800 +0000" stop="20230107040000 +0000" catchup-id="APvNh7SzH5czAWKP6pdqDzh1wD-Tmoi_ABDFs7bo"><title>Bad Girls Lesbian Addiction</title><date></date><icon src="https://m7be2.solocoo.tv/m7be2iphone/mmchan/mpimages/260x145/jzBpqRKNUUsGVOTkXx8Q2A.jpg"></icon><desc></desc><category></category></programme><programme channel="UZYysXfobARiMj1_pu4MsuGbvKXyl0cJEygUFyGk" start="20230107040000 +0000" stop="20230107230000 +0000" catchup-id="J00GtigewQprEZDPP_86poBG67K8MQfF3p5g0JfC"><title>Broadcast starts at 00:00</title><date></date><icon src="https://m7be2.solocoo.tv/m7be2iphone/mmchan/mpimages/260x145/SPlnw02b2S-ZGS6zeTYr7g.jpg"></icon><desc></desc><category></category></programme><programme channel="UZYysXfobARiMj1_pu4MsuGbvKXyl0cJEygUFyGk" start="20230107230000 +0000" stop="20230108002900 +0000" catchup-id="379Ef1pAwbdz2tcx5nA8ykmVk2lBe0XJtEOwfk0U"><title>Jamais Sans Toi</title><date></date><icon src="https://m7be2.solocoo.tv/m7be2iphone/mmchan/mpimages/260x145/JH_IhhmYOLTVtJtyaivcGA.jpg"></icon><desc></desc><category></category></programme><programme channel="UZYysXfobARiMj1_pu4MsuGbvKXyl0cJEygUFyGk" start="20230108002900 +0000" stop="20230108014200 +0000" catchup-id="hxDmBp8wiByrDjOxxfDxd7bZmqLfvghcA_dZHE5g"><title>Obsessions Vol.7</title><date></date><icon src="https://m7be2.solocoo.tv/m7be2iphone/mmchan/mpimages/260x145/4RxWUCb12eikSfAUt3Avng.jpg"></icon><desc></desc><category></category></programme><programme channel="UZYysXfobARiMj1_pu4MsuGbvKXyl0cJEygUFyGk" start="20230108014200 +0000" stop="20230108033700 +0000" catchup-id="qfDSleV86Ahb-syniS0_dr0WQ9g4EcqBcEisbx0f"><title>Big Anal Asses Vol. 5</title><date></date><icon src="https://m7be2.solocoo.tv/m7be2iphone/mmchan/mpimages/260x145/XlaSfs_MlDJ6Z_1sjISOBw.jpg"></icon><desc></desc><category></category></programme><programme channel="UZYysXfobARiMj1_pu4MsuGbvKXyl0cJEygUFyGk" start="20230108033700 +0000" stop="20230108035800 +0000" catchup-id="-3AqHls8vwXFT8z9c7xm17NcZr7_HwLRitTK1_55"><title>Elle S'offre Entierement A Un Client</title><date></date><icon src="https://m7be2.solocoo.tv/m7be2iphone/mmchan/mpimages/260x145/9RkzUcTZ_c2ph4L6ubBCxw.jpg"></icon><desc></desc><category></category></programme><programme channel="UZYysXfobARiMj1_pu4MsuGbvKXyl0cJEygUFyGk" start="20230108035800 +0000" stop="20230108040000 +0000" catchup-id="pexHLw2KWiKT-y5yiiexf5-Hfd-5GG0KfVwnUvjo"><title>Liya L'indecente</title><date></date><icon src="https://m7be2.solocoo.tv/m7be2iphone/mmchan/mpimages/260x145/9jdrBk_sSvH3vAXQsWJw4A.jpg"></icon><desc></desc><category></category></programme><programme channel="UZYysXfobARiMj1_pu4MsuGbvKXyl0cJEygUFyGk" start="20230108040000 +0000" stop="20230108230000 +0000" catchup-id="6pmxJdT7SMaDazY0F5piC5gjM5g69Bcb-_5rFC_p"><title>Broadcast starts at 00:00</title><date></date><icon src="https://m7be2.solocoo.tv/m7be2iphone/mmchan/mpimages/260x145/SPlnw02b2S-ZGS6zeTYr7g.jpg"></icon><desc></desc><category></category></programme><programme channel="UZYysXfobARiMj1_pu4MsuGbvKXyl0cJEygUFyGk" start="20230108230000 +0000" stop="20230109003700 +0000" catchup-id="M2dsqmU8Vn9ZKxSi38CLPC4yqLuzC-SAU-dRvjo_"><title>Girl Crush</title><date></date><icon src="https://m7be2.solocoo.tv/m7be2iphone/mmchan/mpimages/260x145/XlaSfs_MlDJ6Z_1sjISOBw.jpg"></icon><desc></desc><category></category></programme><programme channel="UZYysXfobARiMj1_pu4MsuGbvKXyl0cJEygUFyGk" start="20230109003700 +0000" stop="20230109020600 +0000" catchup-id="mfCFNgDsoZlAAKG-qbRo3h3sgtJPSbDOAUWgjRfi"><title>Jamais Sans Toi</title><date></date><icon src="https://m7be2.solocoo.tv/m7be2iphone/mmchan/mpimages/260x145/XlaSfs_MlDJ6Z_1sjISOBw.jpg"></icon><desc></desc><category></category></programme><programme channel="UZYysXfobARiMj1_pu4MsuGbvKXyl0cJEygUFyGk" start="20230109020600 +0000" stop="20230109025000 +0000" catchup-id="PWA1Z0-kQ7ZVuZlZhxycftO9IoQKZvLc_X-IoRO1"><title>Karla</title><date></date><icon src="https://m7be2.solocoo.tv/m7be2iphone/mmchan/mpimages/260x145/jzBpqRKNUUsGVOTkXx8Q2A.jpg"></icon><desc></desc><category></category></programme><programme channel="UZYysXfobARiMj1_pu4MsuGbvKXyl0cJEygUFyGk" start="20230109025000 +0000" stop="20230109033700 +0000" catchup-id="7wHFbrbeJzy1jbN_tqslO5FzK26QCLouHxg2ml_9"><title>Kylie &amp; Natasha</title><date></date><icon src="https://m7be2.solocoo.tv/m7be2iphone/mmchan/mpimages/260x145/iZJpT5yGeSfdmU-SZvSBvg.jpg"></icon><desc></desc><category></category></programme><programme channel="UZYysXfobARiMj1_pu4MsuGbvKXyl0cJEygUFyGk" start="20230109033700 +0000" stop="20230109035900 +0000" catchup-id="VNk4YKaEfOyfDVnARa7rqry5wuDqiDw5AEt8PCN4"><title>La Premiere Scene Dorcel De Susy Gala</title><date></date><icon src="https://m7be2.solocoo.tv/m7be2iphone/mmchan/mpimages/260x145/9RkzUcTZ_c2ph4L6ubBCxw.jpg"></icon><desc></desc><category></category></programme><programme channel="UZYysXfobARiMj1_pu4MsuGbvKXyl0cJEygUFyGk" start="20230109035900 +0000" stop="20230109040000 +0000" catchup-id="9MhnR6tXebb5XYpfIkMAg9v8ZkWRTSQkHql2sOZr"><title>Obsessions Vol.7</title><date></date><icon src="https://m7be2.solocoo.tv/m7be2iphone/mmchan/mpimages/260x145/QXeqW06wvyZAGj4EqfCNzA.jpg"></icon><desc></desc><category></category></programme><programme channel="UZYysXfobARiMj1_pu4MsuGbvKXyl0cJEygUFyGk" start="20230109040000 +0000" stop="20230109230000 +0000" catchup-id="NaflQuQF8f0t_xy1kBBrMnTm4zsowjDrD8LnET7l"><title>Broadcast starts at 00:00</title><date></date><icon src="https://m7be2.solocoo.tv/m7be2iphone/mmchan/mpimages/260x145/SPlnw02b2S-ZGS6zeTYr7g.jpg"></icon><desc></desc><category></category></programme><programme channel="UZYysXfobARiMj1_pu4MsuGbvKXyl0cJEygUFyGk" start="20230109230000 +0000" stop="20230110002900 +0000" catchup-id="C1U1gKIbu3JfpA8yBe9vRN9hm1YwXTuaVBs1eWa0"><title>Sextwoo Vol.2</title><date></date><icon src="https://m7be2.solocoo.tv/m7be2iphone/mmchan/mpimages/260x145/9jdrBk_sSvH3vAXQsWJw4A.jpg"></icon><desc></desc><category></category></programme><programme channel="UZYysXfobARiMj1_pu4MsuGbvKXyl0cJEygUFyGk" start="20230110002900 +0000" stop="20230110020700 +0000" catchup-id="yb___x_c0D73Ry-HAeNAQubW3s36lX8DsWl_icKl"><title>Girl Crush</title><date></date><icon src="https://m7be2.solocoo.tv/m7be2iphone/mmchan/mpimages/260x145/QXeqW06wvyZAGj4EqfCNzA.jpg"></icon><desc></desc><category></category></programme><programme channel="UZYysXfobARiMj1_pu4MsuGbvKXyl0cJEygUFyGk" start="20230110020700 +0000" stop="20230110025000 +0000" catchup-id="DGshei1viFHAM9d5PI9RhlC3KbP4B4lxCkMcUmnk"><title>Natalia</title><date></date><icon src="https://m7be2.solocoo.tv/m7be2iphone/mmchan/mpimages/260x145/6RZTI86QYeXNwca4lBZzKw.jpg"></icon><desc></desc><category></category></programme><programme channel="UZYysXfobARiMj1_pu4MsuGbvKXyl0cJEygUFyGk" start="20230110025000 +0000" stop="20230110033700 +0000" catchup-id="zDVP-VYXfvUlYLPIPpIMyDCD1VmqehjdvUnTUkLr"><title>Bree</title><date></date><icon src="https://m7be2.solocoo.tv/m7be2iphone/mmchan/mpimages/260x145/9RkzUcTZ_c2ph4L6ubBCxw.jpg"></icon><desc></desc><category></category></programme><programme channel="UZYysXfobARiMj1_pu4MsuGbvKXyl0cJEygUFyGk" start="20230110033700 +0000" stop="20230110035900 +0000" catchup-id="9rSM5-2_-n0BWjz_ANoHjuMShW4wKAi8k_JMixRq"><title>Zazie Skymm, Soubrette Obeissante</title><date></date><icon src="https://m7be2.solocoo.tv/m7be2iphone/mmchan/mpimages/260x145/PtKoEp3ajPBqP3RGfmZ8kg.jpg"></icon><desc></desc><category></category></programme><programme channel="UZYysXfobARiMj1_pu4MsuGbvKXyl0cJEygUFyGk" start="20230110035900 +0000" stop="20230110040000 +0000" catchup-id="UXV4ZW6aJ1GffdF-ay2817t4AaBHz1Se6VH3WEHL"><title>Jamais Sans Toi</title><date></date><icon src="https://m7be2.solocoo.tv/m7be2iphone/mmchan/mpimages/260x145/O17wo5jkE6DvyVgaT1_f0w.jpg"></icon><desc></desc><category></category></programme><programme channel="UZYysXfobARiMj1_pu4MsuGbvKXyl0cJEygUFyGk" start="20230110040000 +0000" stop="20230110230000 +0000" catchup-id="G5Gsqlz171CQHT0v9kZA8TxjAWVVAN9dvXfm3VFJ"><title>Broadcast starts at 00:00</title><date></date><icon src="https://m7be2.solocoo.tv/m7be2iphone/mmchan/mpimages/260x145/SPlnw02b2S-ZGS6zeTYr7g.jpg"></icon><desc></desc><category></category></programme><programme channel="UZYysXfobARiMj1_pu4MsuGbvKXyl0cJEygUFyGk" start="20230110230000 +0000" stop="20230111013000 +0000" catchup-id="SpirQM_5u8Z3xCosocwblNANOeDebe7b1MBOb21c"><title>Tushy Raw Vol.34</title><date></date><icon src="https://m7be2.solocoo.tv/m7be2iphone/mmchan/mpimages/260x145/6RZTI86QYeXNwca4lBZzKw.jpg"></icon><desc></desc><category></category></programme><programme channel="UZYysXfobARiMj1_pu4MsuGbvKXyl0cJEygUFyGk" start="20230111013000 +0000" stop="20230111030000 +0000" catchup-id="1aH0hzJT-mBeR82GUn9MDwxtLQtHBGBjvjF9QCKs"><title>Sextwoo Vol.2</title><date></date><icon src="https://m7be2.solocoo.tv/m7be2iphone/mmchan/mpimages/260x145/RPvy6kuOIHbF7BJYmMkujQ.jpg"></icon><desc></desc><category></category></programme><programme channel="UZYysXfobARiMj1_pu4MsuGbvKXyl0cJEygUFyGk" start="20230111030000 +0000" stop="20230111032400 +0000" catchup-id="Yx5Rt5E910RYD5jQd9bJKLVk3FZBjNNlBbj8yNV2"><title>Baise Au Dortoir Avec La Belle Blue Angel</title><date></date><icon src="https://m7be2.solocoo.tv/m7be2iphone/mmchan/mpimages/260x145/O17wo5jkE6DvyVgaT1_f0w.jpg"></icon><desc></desc><category></category></programme><programme channel="UZYysXfobARiMj1_pu4MsuGbvKXyl0cJEygUFyGk" start="20230111032400 +0000" stop="20230111035900 +0000" catchup-id="tkjXwC3B87QjLdwbEqlA3CWG_E9bku4VqStDrooQ"><title>Crystal</title><date></date><icon src="https://m7be2.solocoo.tv/m7be2iphone/mmchan/mpimages/260x145/OHCo9BPRpJyx8t8wR43t9A.jpg"></icon><desc></desc><category></category></programme><programme channel="UZYysXfobARiMj1_pu4MsuGbvKXyl0cJEygUFyGk" start="20230111035900 +0000" stop="20230111040000 +0000" catchup-id="oiLyE5K2BpmwIyaEiStrnd9pnt0wD9evyV_WkBX_"><title>Girl Crush</title><date></date><icon src="https://m7be2.solocoo.tv/m7be2iphone/mmchan/mpimages/260x145/XlaSfs_MlDJ6Z_1sjISOBw.jpg"></icon><desc></desc><category></category></programme><programme channel="UZYysXfobARiMj1_pu4MsuGbvKXyl0cJEygUFyGk" start="20230111040000 +0000" stop="20230111230000 +0000" catchup-id="qbcxvIWBk7fixoRhGBYxOYbGgT_8dPlS1E5nb0gy"><title>Broadcast starts at 00:00</title><date></date><icon src="https://m7be2.solocoo.tv/m7be2iphone/mmchan/mpimages/260x145/SPlnw02b2S-ZGS6zeTYr7g.jpg"></icon><desc></desc><category></category></programme><programme channel="UZYysXfobARiMj1_pu4MsuGbvKXyl0cJEygUFyGk" start="20230111230000 +0000" stop="20230112004000 +0000" catchup-id="vvxKaXxz-xouWFxFONoqv2gBeys3wbN5r62ifT-2"><title>Danika Mori Vol.1</title><date></date><icon src="https://m7be2.solocoo.tv/m7be2iphone/mmchan/mpimages/260x145/PtKoEp3ajPBqP3RGfmZ8kg.jpg"></icon><desc></desc><category></category></programme><programme channel="UZYysXfobARiMj1_pu4MsuGbvKXyl0cJEygUFyGk" start="20230112004000 +0000" stop="20230112031100 +0000" catchup-id="GmuQjpZgsf4D50zmEbAUh3SlZaHDisi4tFA_pw2E"><title>Tushy Raw Vol.34</title><date></date><icon src="https://m7be2.solocoo.tv/m7be2iphone/mmchan/mpimages/260x145/PtKoEp3ajPBqP3RGfmZ8kg.jpg"></icon><desc></desc><category></category></programme><programme channel="UZYysXfobARiMj1_pu4MsuGbvKXyl0cJEygUFyGk" start="20230112031100 +0000" stop="20230112035700 +0000" catchup-id="83r-vCgvWS04mqaMEmoaxEw5ZJecpOpf4DA1Kv-6"><title>Cherry</title><date></date><icon src="https://m7be2.solocoo.tv/m7be2iphone/mmchan/mpimages/260x145/OHCo9BPRpJyx8t8wR43t9A.jpg"></icon><desc></desc><category></category></programme><programme channel="UZYysXfobARiMj1_pu4MsuGbvKXyl0cJEygUFyGk" start="20230112035700 +0000" stop="20230112040000 +0000" catchup-id="g4U0-o_SwFq6PPBUfRfsGxYlPNumcA9HeAI5XBET"><title>Sextwoo Vol.2</title><date></date><icon src="https://m7be2.solocoo.tv/m7be2iphone/mmchan/mpimages/260x145/VlyXDSepLD8T78vAr-LSsg.jpg"></icon><desc></desc><category></category></programme>