<programme channel="_UYjSRWSLFN5Hd_fsHLVUseJQEpghRZfdxOjocP0" start="20221228230000 +0000" stop="20221229040000 +0000" catchup-id="5hM9Y_ZjPrnQNBQUnclV8arNCD-5Ee7XVWCVjkaI"><title>TV Oranje Nonstop</title><date></date><icon src="https://m7be2.solocoo.tv/m7be2iphone/mmchan/mpimages/208x308/5K-3myMpxaAoawqOOHT9WA.jpg"></icon><desc>Non-stop de beste muziek van eigen bodem.</desc><category></category></programme><programme channel="_UYjSRWSLFN5Hd_fsHLVUseJQEpghRZfdxOjocP0" start="20221229040000 +0000" stop="20221229060000 +0000" catchup-id="NG1hifUdM2yZx7irhtPd803U4lpwZsTWOL4CbFwM"><title>Wakker worden</title><date></date><icon src="https://m7be2.solocoo.tv/m7be2iphone/mmchan/mpimages/208x308/nDtazRN7_kU-JAPJdLbSXA.jpg"></icon><desc>Opstaan met je favoriete artiesten en de beste hits van eigen bodem.</desc><category></category></programme><programme channel="_UYjSRWSLFN5Hd_fsHLVUseJQEpghRZfdxOjocP0" start="20221229060000 +0000" stop="20221229070000 +0000" catchup-id="k-zlGQ8-sQHz-b09d_doeervx8S4zbvrOio1c-qJ"><title>Kinderclips</title><date></date><icon src="https://m7be2.solocoo.tv/m7be2iphone/mmchan/mpimages/208x308/SPBfdi7wVxFath1XcCqIdw.jpg"></icon><desc>De leukste kinderclips zie je bij TV Oranje. Zing je mee?</desc><category></category></programme><programme channel="_UYjSRWSLFN5Hd_fsHLVUseJQEpghRZfdxOjocP0" start="20221229070000 +0000" stop="20221229230000 +0000" catchup-id="a2JEuFpva-WN1EBpofviN8IdVMIvpxkHvVaEA8jr"><title>TV Oranje Top1000</title><date></date><icon src="https://m7be2.solocoo.tv/m7be2iphone/mmchan/mpimages/208x308/JX9oMvAPhOaMe7SkWaD5Nw.jpg"></icon><desc>De 1000 meest aangevraagde clips van TV Oranje in 2022. Op vrijdag 23 december wordt de lijst traditiegetrouw bekendgemaakt. Kijk voor de hele lijst op tvoranje.nl</desc><category></category></programme><programme channel="_UYjSRWSLFN5Hd_fsHLVUseJQEpghRZfdxOjocP0" start="20221229230000 +0000" stop="20221230180000 +0000" catchup-id="rBcMegxiu9yzoBxA3EzfOAOizk25qitoIZbqL7sN"><title>TV Oranje Top1000</title><date></date><icon src="https://m7be2.solocoo.tv/m7be2iphone/mmchan/mpimages/208x308/JX9oMvAPhOaMe7SkWaD5Nw.jpg"></icon><desc>De 1000 meest aangevraagde clips van TV Oranje in 2022. Op vrijdag 23 december wordt de lijst traditiegetrouw bekendgemaakt. Kijk voor de hele lijst op tvoranje.nl</desc><category></category></programme><programme channel="_UYjSRWSLFN5Hd_fsHLVUseJQEpghRZfdxOjocP0" start="20221230180000 +0000" stop="20221230190000 +0000" catchup-id="s7j5UoARlJFWZyX4IH39qm0OgJlr21XShV-7q6SE"><title>Oranje Top 30</title><date></date><icon src="https://m7be2.solocoo.tv/m7be2iphone/mmchan/mpimages/208x308/TC6kL0Njko2ZLjVKN2bHcA.jpg"></icon><desc></desc><category></category></programme><programme channel="_UYjSRWSLFN5Hd_fsHLVUseJQEpghRZfdxOjocP0" start="20221230190000 +0000" stop="20221230230000 +0000" catchup-id="f6aeYug79BJqMrzYTbuq-MTPpU79q1GOzHsclgQS"><title>TV Oranje terugblik</title><date></date><icon src="https://m7be2.solocoo.tv/m7be2iphone/mmchan/mpimages/208x308/KmDS1DLN-2Y0HjLQPwmX-A.jpg"></icon><desc></desc><category></category></programme><programme channel="_UYjSRWSLFN5Hd_fsHLVUseJQEpghRZfdxOjocP0" start="20221230230000 +0000" stop="20221231060000 +0000" catchup-id="-XdIdbNuEZ9u3ZAk1SLS3hUt98iALyxi2zT0x90w"><title>Feest in de tent</title><date></date><icon src="https://m7be2.solocoo.tv/m7be2iphone/mmchan/mpimages/208x308/oVeTWRCvODAtlXPUUUpWow.jpg"></icon><desc></desc><category></category></programme><programme channel="_UYjSRWSLFN5Hd_fsHLVUseJQEpghRZfdxOjocP0" start="20221231060000 +0000" stop="20221231070000 +0000" catchup-id="SeWf-9yLL3LdW30IK5JXtW9owQ7OVpO_dHCnXfmU"><title>Kinderclips</title><date></date><icon src="https://m7be2.solocoo.tv/m7be2iphone/mmchan/mpimages/208x308/SPBfdi7wVxFath1XcCqIdw.jpg"></icon><desc></desc><category></category></programme><programme channel="_UYjSRWSLFN5Hd_fsHLVUseJQEpghRZfdxOjocP0" start="20221231070000 +0000" stop="20221231100000 +0000" catchup-id="U5fJ-Nv7_D33Bg_oGRMFcpWJDBd1bEqdNI3zBvSI"><title>TV Oranje terugblik</title><date></date><icon src="https://m7be2.solocoo.tv/m7be2iphone/mmchan/mpimages/208x308/KmDS1DLN-2Y0HjLQPwmX-A.jpg"></icon><desc></desc><category></category></programme><programme channel="_UYjSRWSLFN5Hd_fsHLVUseJQEpghRZfdxOjocP0" start="20221231100000 +0000" stop="20221231110000 +0000" catchup-id="8dYxLTRQ-E3VO-mz9gZ-squKJMcVNNvnDd1UPYe9"><title>Oranje Top 30</title><date></date><icon src="https://m7be2.solocoo.tv/m7be2iphone/mmchan/mpimages/208x308/TC6kL0Njko2ZLjVKN2bHcA.jpg"></icon><desc></desc><category></category></programme><programme channel="_UYjSRWSLFN5Hd_fsHLVUseJQEpghRZfdxOjocP0" start="20221231110000 +0000" stop="20221231180000 +0000" catchup-id="R-CfE6Bq9DvfywCQxnGGWwF7CUn0ufiAYaDkbLWY"><title>TV Oranje terugblik</title><date></date><icon src="https://m7be2.solocoo.tv/m7be2iphone/mmchan/mpimages/208x308/KmDS1DLN-2Y0HjLQPwmX-A.jpg"></icon><desc></desc><category></category></programme><programme channel="_UYjSRWSLFN5Hd_fsHLVUseJQEpghRZfdxOjocP0" start="20221231180000 +0000" stop="20221231230000 +0000" catchup-id="DRxEsK1H2mVXRkOWRmNd6PduJtQGnO48H_WZzdKd"><title>TV Oranje Top1000</title><date></date><icon src="https://m7be2.solocoo.tv/m7be2iphone/mmchan/mpimages/208x308/JX9oMvAPhOaMe7SkWaD5Nw.jpg"></icon><desc>De 30 populairste nummers van eigen bodem, gebaseerd op gegevens van de media, handel en industrie. Kijk voor de gehele lijst op oranjetop30.nl.</desc><category></category></programme><programme channel="_UYjSRWSLFN5Hd_fsHLVUseJQEpghRZfdxOjocP0" start="20221231230000 +0000" stop="20230101050000 +0000" catchup-id="EKQptU1DKLZzsu8U7UUriTOkZYbu1PyOqDlzMcqp"><title>TV Oranje Top1000</title><date></date><icon src="https://m7be2.solocoo.tv/m7be2iphone/mmchan/mpimages/208x308/JX9oMvAPhOaMe7SkWaD5Nw.jpg"></icon><desc></desc><category></category></programme><programme channel="_UYjSRWSLFN5Hd_fsHLVUseJQEpghRZfdxOjocP0" start="20230101050000 +0000" stop="20230101060000 +0000" catchup-id="VSGxm0e0pmgulRX1ckwaung24ZoRk7keUlQ4jH0U"><title>Wakker worden</title><date></date><icon src="https://m7be2.solocoo.tv/m7be2iphone/mmchan/mpimages/208x308/nDtazRN7_kU-JAPJdLbSXA.jpg"></icon><desc></desc><category></category></programme><programme channel="_UYjSRWSLFN5Hd_fsHLVUseJQEpghRZfdxOjocP0" start="20230101060000 +0000" stop="20230101070000 +0000" catchup-id="qssUwllY8q_xGlt4ss9tmj9JutQVMpy4VvqXgxBV"><title>Kinderclips</title><date></date><icon src="https://m7be2.solocoo.tv/m7be2iphone/mmchan/mpimages/208x308/SPBfdi7wVxFath1XcCqIdw.jpg"></icon><desc>De leukste kinderclips zie je bij TV Oranje. Zing je mee?</desc><category></category></programme><programme channel="_UYjSRWSLFN5Hd_fsHLVUseJQEpghRZfdxOjocP0" start="20230101070000 +0000" stop="20230101090000 +0000" catchup-id="SAzk6T5B48yzzM5Ggk_L6GjFJDiyYTI6Tse6yFxh"><title>Koffieclips</title><date></date><icon src="https://m7be2.solocoo.tv/m7be2iphone/mmchan/mpimages/208x308/JqfW9at5anm5tbYg57jLNQ.jpg"></icon><desc></desc><category></category></programme><programme channel="_UYjSRWSLFN5Hd_fsHLVUseJQEpghRZfdxOjocP0" start="20230101090000 +0000" stop="20230101110000 +0000" catchup-id="aIJF_wwk5nTgv_sxQU_fGqtnwcFeMxj61fv5TCfj"><title>Aan het werk</title><date></date><icon src="https://m7be2.solocoo.tv/m7be2iphone/mmchan/mpimages/208x308/pzj_T3nmlWC9LrwnRpsLJg.jpg"></icon><desc></desc><category></category></programme><programme channel="_UYjSRWSLFN5Hd_fsHLVUseJQEpghRZfdxOjocP0" start="20230101110000 +0000" stop="20230101130000 +0000" catchup-id="bKgoHsRupTRDhA2gzrFf39V005yS_Nf8c656FK7S"><title>Middagpauze</title><date></date><icon src="https://m7be2.solocoo.tv/m7be2iphone/mmchan/mpimages/208x308/TqSBlbn2W-jPUGt1_w_7ag.jpg"></icon><desc></desc><category></category></programme><programme channel="_UYjSRWSLFN5Hd_fsHLVUseJQEpghRZfdxOjocP0" start="20230101130000 +0000" stop="20230101150000 +0000" catchup-id="NJ3XX--9YidvC2XH-bGwnKvUo2y6UEwxjlORjh0g"><title>Heel Hollands</title><date></date><icon src="https://m7be2.solocoo.tv/m7be2iphone/mmchan/mpimages/208x308/81z5gcELWAb2kGuj-l-RwA.jpg"></icon><desc></desc><category></category></programme><programme channel="_UYjSRWSLFN5Hd_fsHLVUseJQEpghRZfdxOjocP0" start="20230101150000 +0000" stop="20230101170000 +0000" catchup-id="utxbYvsdgVILTfKwez1NtO7k58y_1QsLfeLUeQw-"><title>Tijd voor thuis</title><date></date><icon src="https://m7be2.solocoo.tv/m7be2iphone/mmchan/mpimages/208x308/2T6V2FQRyq-a2ET8iVfVYA.jpg"></icon><desc></desc><category></category></programme><programme channel="_UYjSRWSLFN5Hd_fsHLVUseJQEpghRZfdxOjocP0" start="20230101170000 +0000" stop="20230101180000 +0000" catchup-id="3SoBpq4K3yKKTFwGXPJ1AbQUl_397ek_VLWrfy1v"><title>Verzoekparade</title><date></date><icon src="https://m7be2.solocoo.tv/m7be2iphone/mmchan/mpimages/208x308/5K-3myMpxaAoawqOOHT9WA.jpg"></icon><desc></desc><category></category></programme><programme channel="_UYjSRWSLFN5Hd_fsHLVUseJQEpghRZfdxOjocP0" start="20230101180000 +0000" stop="20230101210000 +0000" catchup-id="TRDPwBDkOEXgS31pl-J3X6edcnyIuRi2RSokDeWz"><title>Hollandse Hits</title><date></date><icon src="https://m7be2.solocoo.tv/m7be2iphone/mmchan/mpimages/208x308/IQlHNQZQlVl9ddu_FcEjGw.jpg"></icon><desc></desc><category></category></programme><programme channel="_UYjSRWSLFN5Hd_fsHLVUseJQEpghRZfdxOjocP0" start="20230101210000 +0000" stop="20230101230000 +0000" catchup-id="jJE5uIRA9J1cK-g9qgEWpPXClk4a8ZjODcPtQWfe"><title>Voor het slapen</title><date></date><icon src="https://m7be2.solocoo.tv/m7be2iphone/mmchan/mpimages/208x308/3b6gSqsy3bweTp6iN-Oeww.jpg"></icon><desc></desc><category></category></programme><programme channel="_UYjSRWSLFN5Hd_fsHLVUseJQEpghRZfdxOjocP0" start="20230101230000 +0000" stop="20230102040000 +0000" catchup-id="gsFzBcloFUntw4VY_ZK1R8tGbZyhJ-3vDvGyEnvq"><title>TV Oranje Nonstop</title><date></date><icon src="https://m7be2.solocoo.tv/m7be2iphone/mmchan/mpimages/208x308/5K-3myMpxaAoawqOOHT9WA.jpg"></icon><desc>De 1000 meest aangevraagde clips van TV Oranje in 2022. Op vrijdag 23 december wordt de lijst traditiegetrouw bekendgemaakt. Kijk voor de hele lijst op tvoranje.nl</desc><category></category></programme><programme channel="_UYjSRWSLFN5Hd_fsHLVUseJQEpghRZfdxOjocP0" start="20230102040000 +0000" stop="20230102060000 +0000" catchup-id="GzOUxLQLdJKcAvh7dNglDJjtIkoUv_c5Z0wEmf9e"><title>Wakker worden</title><date></date><icon src="https://m7be2.solocoo.tv/m7be2iphone/mmchan/mpimages/208x308/nDtazRN7_kU-JAPJdLbSXA.jpg"></icon><desc></desc><category></category></programme><programme channel="_UYjSRWSLFN5Hd_fsHLVUseJQEpghRZfdxOjocP0" start="20230102060000 +0000" stop="20230102070000 +0000" catchup-id="o4SVfNZf9MjeDIJ9CF_u97N-7Ltx51wjz-Le2081"><title>Kinderclips</title><date></date><icon src="https://m7be2.solocoo.tv/m7be2iphone/mmchan/mpimages/208x308/SPBfdi7wVxFath1XcCqIdw.jpg"></icon><desc></desc><category></category></programme><programme channel="_UYjSRWSLFN5Hd_fsHLVUseJQEpghRZfdxOjocP0" start="20230102070000 +0000" stop="20230102090000 +0000" catchup-id="AEB-KFxMonKoPY_eN61H12lrC_aCItMTv0j2xP-L"><title>Koffieclips</title><date></date><icon src="https://m7be2.solocoo.tv/m7be2iphone/mmchan/mpimages/208x308/JqfW9at5anm5tbYg57jLNQ.jpg"></icon><desc></desc><category></category></programme><programme channel="_UYjSRWSLFN5Hd_fsHLVUseJQEpghRZfdxOjocP0" start="20230102090000 +0000" stop="20230102110000 +0000" catchup-id="f4rAPLkwveCkQhpRVWz0QnFRABbMANSohPsifS3G"><title>Aan het werk</title><date></date><icon src="https://m7be2.solocoo.tv/m7be2iphone/mmchan/mpimages/208x308/pzj_T3nmlWC9LrwnRpsLJg.jpg"></icon><desc></desc><category></category></programme><programme channel="_UYjSRWSLFN5Hd_fsHLVUseJQEpghRZfdxOjocP0" start="20230102110000 +0000" stop="20230102130000 +0000" catchup-id="vheBGcrvC84GIW3lV2tZR4UvAsjefzn-I4FeT0AV"><title>Middagpauze</title><date></date><icon src="https://m7be2.solocoo.tv/m7be2iphone/mmchan/mpimages/208x308/TqSBlbn2W-jPUGt1_w_7ag.jpg"></icon><desc></desc><category></category></programme><programme channel="_UYjSRWSLFN5Hd_fsHLVUseJQEpghRZfdxOjocP0" start="20230102130000 +0000" stop="20230102150000 +0000" catchup-id="GpTrIghdqzYFwiC0ACTsCYOq3OGTltoF1eGr4gef"><title>Heel Hollands</title><date></date><icon src="https://m7be2.solocoo.tv/m7be2iphone/mmchan/mpimages/208x308/81z5gcELWAb2kGuj-l-RwA.jpg"></icon><desc></desc><category></category></programme><programme channel="_UYjSRWSLFN5Hd_fsHLVUseJQEpghRZfdxOjocP0" start="20230102150000 +0000" stop="20230102170000 +0000" catchup-id="6A1ZG2CRRa0tktIoIsKk3LXafBtUcF6Ux-pzGq3v"><title>Tijd voor thuis</title><date></date><icon src="https://m7be2.solocoo.tv/m7be2iphone/mmchan/mpimages/208x308/2T6V2FQRyq-a2ET8iVfVYA.jpg"></icon><desc></desc><category></category></programme><programme channel="_UYjSRWSLFN5Hd_fsHLVUseJQEpghRZfdxOjocP0" start="20230102170000 +0000" stop="20230102180000 +0000" catchup-id="nsD9YPNFrtTxMKgABnugX1jPJMDOd5bYPTcV9yF6"><title>Verzoekparade</title><date></date><icon src="https://m7be2.solocoo.tv/m7be2iphone/mmchan/mpimages/208x308/5K-3myMpxaAoawqOOHT9WA.jpg"></icon><desc></desc><category></category></programme><programme channel="_UYjSRWSLFN5Hd_fsHLVUseJQEpghRZfdxOjocP0" start="20230102180000 +0000" stop="20230102210000 +0000" catchup-id="ZQ2TZtpr7Bc5O6Med6MEIp2TYWPkGC55qd8B5Mkk"><title>Hollandse Hits</title><date></date><icon src="https://m7be2.solocoo.tv/m7be2iphone/mmchan/mpimages/208x308/IQlHNQZQlVl9ddu_FcEjGw.jpg"></icon><desc></desc><category></category></programme><programme channel="_UYjSRWSLFN5Hd_fsHLVUseJQEpghRZfdxOjocP0" start="20230102210000 +0000" stop="20230102230000 +0000" catchup-id="ZQXK7X9qv0u-KSjw3yi4SEBufT-EvZ4L4uD9Xoh6"><title>Voor het slapen</title><date></date><icon src="https://m7be2.solocoo.tv/m7be2iphone/mmchan/mpimages/208x308/3b6gSqsy3bweTp6iN-Oeww.jpg"></icon><desc></desc><category></category></programme><programme channel="_UYjSRWSLFN5Hd_fsHLVUseJQEpghRZfdxOjocP0" start="20230102230000 +0000" stop="20230103040000 +0000" catchup-id="5wvzQmFLKH-BJW9FSJmAli7wNnmVIFErfnL7hA1s"><title>TV Oranje Nonstop</title><date></date><icon src="https://m7be2.solocoo.tv/m7be2iphone/mmchan/mpimages/208x308/5K-3myMpxaAoawqOOHT9WA.jpg"></icon><desc>De 1000 meest aangevraagde clips van TV Oranje in 2022. Op vrijdag 23 december wordt de lijst traditiegetrouw bekendgemaakt. Kijk voor de hele lijst op tvoranje.nl</desc><category></category></programme><programme channel="_UYjSRWSLFN5Hd_fsHLVUseJQEpghRZfdxOjocP0" start="20230103040000 +0000" stop="20230103060000 +0000" catchup-id="HO4Eyi8uhnq2XIgGuxwuvNJgJ5OoMp_V2bi1m6PL"><title>Wakker worden</title><date></date><icon src="https://m7be2.solocoo.tv/m7be2iphone/mmchan/mpimages/208x308/nDtazRN7_kU-JAPJdLbSXA.jpg"></icon><desc></desc><category></category></programme><programme channel="_UYjSRWSLFN5Hd_fsHLVUseJQEpghRZfdxOjocP0" start="20230103060000 +0000" stop="20230103070000 +0000" catchup-id="Aq4_DhKawWcqx9QkxVJgvJMqZrw6W7aMpXDs4oEB"><title>Kinderclips</title><date></date><icon src="https://m7be2.solocoo.tv/m7be2iphone/mmchan/mpimages/208x308/SPBfdi7wVxFath1XcCqIdw.jpg"></icon><desc></desc><category></category></programme><programme channel="_UYjSRWSLFN5Hd_fsHLVUseJQEpghRZfdxOjocP0" start="20230103070000 +0000" stop="20230103090000 +0000" catchup-id="sw_iNRkBpuOS7-Lr6GM9MfS2g_ebzWMEg1_QB_jl"><title>Koffieclips</title><date></date><icon src="https://m7be2.solocoo.tv/m7be2iphone/mmchan/mpimages/208x308/JqfW9at5anm5tbYg57jLNQ.jpg"></icon><desc></desc><category></category></programme><programme channel="_UYjSRWSLFN5Hd_fsHLVUseJQEpghRZfdxOjocP0" start="20230103090000 +0000" stop="20230103110000 +0000" catchup-id="oDdT9UZ3yzb2Sv-pn7lBD1HvsBYmF-Lc3VwyYTwW"><title>Aan het werk</title><date></date><icon src="https://m7be2.solocoo.tv/m7be2iphone/mmchan/mpimages/208x308/pzj_T3nmlWC9LrwnRpsLJg.jpg"></icon><desc></desc><category></category></programme><programme channel="_UYjSRWSLFN5Hd_fsHLVUseJQEpghRZfdxOjocP0" start="20230103110000 +0000" stop="20230103130000 +0000" catchup-id="DfDKlyDThDATLJdjHEMpaWIVoCQ3xlBwcPrRfbHn"><title>Middagpauze</title><date></date><icon src="https://m7be2.solocoo.tv/m7be2iphone/mmchan/mpimages/208x308/TqSBlbn2W-jPUGt1_w_7ag.jpg"></icon><desc></desc><category></category></programme><programme channel="_UYjSRWSLFN5Hd_fsHLVUseJQEpghRZfdxOjocP0" start="20230103130000 +0000" stop="20230103150000 +0000" catchup-id="xORfKSBy9nEZmsgy22Q7sPpfPvwBNm6dgGR47zPH"><title>Heel Hollands</title><date></date><icon src="https://m7be2.solocoo.tv/m7be2iphone/mmchan/mpimages/208x308/81z5gcELWAb2kGuj-l-RwA.jpg"></icon><desc></desc><category></category></programme><programme channel="_UYjSRWSLFN5Hd_fsHLVUseJQEpghRZfdxOjocP0" start="20230103150000 +0000" stop="20230103170000 +0000" catchup-id="WrXDC10rKLFrJ-A0hM6b79M2kNcuLu2TjLVNq3Fp"><title>Tijd voor thuis</title><date></date><icon src="https://m7be2.solocoo.tv/m7be2iphone/mmchan/mpimages/208x308/2T6V2FQRyq-a2ET8iVfVYA.jpg"></icon><desc></desc><category></category></programme><programme channel="_UYjSRWSLFN5Hd_fsHLVUseJQEpghRZfdxOjocP0" start="20230103170000 +0000" stop="20230103180000 +0000" catchup-id="PaNTWihg4ZTy0wzu_NOExY3gLb1dnohH5astrWrH"><title>Verzoekparade</title><date></date><icon src="https://m7be2.solocoo.tv/m7be2iphone/mmchan/mpimages/208x308/5K-3myMpxaAoawqOOHT9WA.jpg"></icon><desc></desc><category></category></programme><programme channel="_UYjSRWSLFN5Hd_fsHLVUseJQEpghRZfdxOjocP0" start="20230103180000 +0000" stop="20230103190000 +0000" catchup-id="zdLlh8TCN3W-t7BzfJjFMi2Sd6aLvigTwiagwGIA"><title>TV Oranje live</title><date></date><icon src="https://m7be2.solocoo.tv/m7be2iphone/mmchan/mpimages/208x308/c7BuCcsj_HsnUQ2a0GBhJA.jpg"></icon><desc></desc><category></category></programme><programme channel="_UYjSRWSLFN5Hd_fsHLVUseJQEpghRZfdxOjocP0" start="20230103190000 +0000" stop="20230103200000 +0000" catchup-id="9rEnFO6czvblRQkhwANhQ7XxDLWPI17Y_zMdfl0D"><title>Oranje Top 30</title><date></date><icon src="https://m7be2.solocoo.tv/m7be2iphone/mmchan/mpimages/208x308/TC6kL0Njko2ZLjVKN2bHcA.jpg"></icon><desc></desc><category></category></programme><programme channel="_UYjSRWSLFN5Hd_fsHLVUseJQEpghRZfdxOjocP0" start="20230103200000 +0000" stop="20230103230000 +0000" catchup-id="NpXXq__rNR79zPMJjxWFNmH0G2eAM-kRtjPwzc5S"><title>Borreltijd</title><date></date><icon src="https://m7be2.solocoo.tv/m7be2iphone/mmchan/mpimages/208x308/fzUI59q3S5io5bSdgcq33Q.jpg"></icon><desc></desc><category></category></programme><programme channel="_UYjSRWSLFN5Hd_fsHLVUseJQEpghRZfdxOjocP0" start="20230103230000 +0000" stop="20230104040000 +0000" catchup-id="JiMzJOjSsLlGYcaO3sMLUodtlc_94q7zCDFu_t9e"><title>Feest in de tent</title><date></date><icon src="https://m7be2.solocoo.tv/m7be2iphone/mmchan/mpimages/208x308/oVeTWRCvODAtlXPUUUpWow.jpg"></icon><desc></desc><category></category></programme><programme channel="_UYjSRWSLFN5Hd_fsHLVUseJQEpghRZfdxOjocP0" start="20230104040000 +0000" stop="20230104060000 +0000" catchup-id="jYYDsBW9dW0kpR-6H4C0bimeosa9RT2W40lVh8du"><title>De laatste ronde</title><date></date><icon src="https://m7be2.solocoo.tv/m7be2iphone/mmchan/mpimages/208x308/-I16svhg1-fTvIFjTe4Qvg.jpg"></icon><desc></desc><category></category></programme><programme channel="_UYjSRWSLFN5Hd_fsHLVUseJQEpghRZfdxOjocP0" start="20230104060000 +0000" stop="20230104070000 +0000" catchup-id="2DAcSHaupI9x5j73gJc1JZDk6o7wn6JsPIpiboOS"><title>Kinderclips</title><date></date><icon src="https://m7be2.solocoo.tv/m7be2iphone/mmchan/mpimages/208x308/SPBfdi7wVxFath1XcCqIdw.jpg"></icon><desc>De leukste kinderclips zie je bij TV Oranje. Zing je mee?</desc><category></category></programme><programme channel="_UYjSRWSLFN5Hd_fsHLVUseJQEpghRZfdxOjocP0" start="20230104070000 +0000" stop="20230104090000 +0000" catchup-id="Zz9zGFqeMt1i2rj5bc6xOHyj0Tf0XZj_9m0YzQz7"><title>Wakker in het weekend</title><date></date><icon src="https://m7be2.solocoo.tv/m7be2iphone/mmchan/mpimages/208x308/8oE5vsEs1GNGoGpWHfCe9w.jpg"></icon><desc></desc><category></category></programme><programme channel="_UYjSRWSLFN5Hd_fsHLVUseJQEpghRZfdxOjocP0" start="20230104090000 +0000" stop="20230104110000 +0000" catchup-id="XitrL3zJhHQqcIx7Ll-Z5IlbKlCtWTRdtM0Z91gB"><title>Hit Explosie</title><date></date><icon src="https://m7be2.solocoo.tv/m7be2iphone/mmchan/mpimages/208x308/yBdjRJHgq-LMFGL5oqpUVw.jpg"></icon><desc></desc><category></category></programme><programme channel="_UYjSRWSLFN5Hd_fsHLVUseJQEpghRZfdxOjocP0" start="20230104110000 +0000" stop="20230104130000 +0000" catchup-id="dqXDOR4Mom8W1wFBaE6IBgg8UjT6S1-qFTGzpiZb"><title>Weekendpauze</title><date></date><icon src="https://m7be2.solocoo.tv/m7be2iphone/mmchan/mpimages/208x308/7DOEo7GnI9AeR6WuP9iB7w.jpg"></icon><desc>TV Oranje maakt jouw lunchpauze compleet met smakelijke muziek van eigen bodem.</desc><category></category></programme><programme channel="_UYjSRWSLFN5Hd_fsHLVUseJQEpghRZfdxOjocP0" start="20230104130000 +0000" stop="20230104150000 +0000" catchup-id="F8a2sDeUSbH_yZeC2Hz14nvnfl7NZlhFdAo2XHcl"><title>Groeten uit Holland</title><date></date><icon src="https://m7be2.solocoo.tv/m7be2iphone/mmchan/mpimages/208x308/D0EsN0jquI-GSXBDoaC2gw.jpg"></icon><desc>Alleen maar muziek van eigen bodem, daarvoor moet je natuurlijk bij TV Oranje zijn!</desc><category></category></programme><programme channel="_UYjSRWSLFN5Hd_fsHLVUseJQEpghRZfdxOjocP0" start="20230104150000 +0000" stop="20230104163000 +0000" catchup-id="qQk2LnCBg2GWawLUq1a6cVF5Fgwz-DSJlloNFZZ6"><title>Oranje Top 30</title><date></date><icon src="https://m7be2.solocoo.tv/m7be2iphone/mmchan/mpimages/208x308/TC6kL0Njko2ZLjVKN2bHcA.jpg"></icon><desc></desc><category></category></programme><programme channel="_UYjSRWSLFN5Hd_fsHLVUseJQEpghRZfdxOjocP0" start="20230104163000 +0000" stop="20230104170000 +0000" catchup-id="kaOgk3qhcGcmWo04jqg47chmdhEytF_T4KdVhDtv"><title>TV Oranje live</title><date></date><icon src="https://m7be2.solocoo.tv/m7be2iphone/mmchan/mpimages/208x308/c7BuCcsj_HsnUQ2a0GBhJA.jpg"></icon><desc></desc><category></category></programme><programme channel="_UYjSRWSLFN5Hd_fsHLVUseJQEpghRZfdxOjocP0" start="20230104170000 +0000" stop="20230104180000 +0000" catchup-id="KQV8O_NWqsACZHfzSLWJksJy6ycrKZuFBdt8pVva"><title>Verzoekparade</title><date></date><icon src="https://m7be2.solocoo.tv/m7be2iphone/mmchan/mpimages/260x145/5K-3myMpxaAoawqOOHT9WA.jpg"></icon><desc>De meest aangevraagde clips van vandaag. Breng je stem uit via verzoekparade.nl en zie jouw favoriete clip morgen bij TV Oranje!</desc><category></category></programme><programme channel="_UYjSRWSLFN5Hd_fsHLVUseJQEpghRZfdxOjocP0" start="20230104180000 +0000" stop="20230104190000 +0000" catchup-id="enoLs5HDHNzvbF3AnfypNDDQHU429gtUAetsk_3l"><title>TV Oranje live</title><date></date><icon src="https://m7be2.solocoo.tv/m7be2iphone/mmchan/mpimages/260x145/c7BuCcsj_HsnUQ2a0GBhJA.jpg"></icon><desc></desc><category></category></programme><programme channel="_UYjSRWSLFN5Hd_fsHLVUseJQEpghRZfdxOjocP0" start="20230104190000 +0000" stop="20230104200000 +0000" catchup-id="CvBToHhqBQH6GgO5VXpUWA7z5DSzAEmh-5Ezxb1C"><title>Oranje Top 30</title><date></date><icon src="https://m7be2.solocoo.tv/m7be2iphone/mmchan/mpimages/260x145/TC6kL0Njko2ZLjVKN2bHcA.jpg"></icon><desc></desc><category></category></programme><programme channel="_UYjSRWSLFN5Hd_fsHLVUseJQEpghRZfdxOjocP0" start="20230104200000 +0000" stop="20230104230000 +0000" catchup-id="JXNBiNX8TE1HlsD2KGj-30U58TyYwu_jdEp14Jqf"><title>Borreltijd</title><date></date><icon src="https://m7be2.solocoo.tv/m7be2iphone/mmchan/mpimages/260x145/fzUI59q3S5io5bSdgcq33Q.jpg"></icon><desc></desc><category></category></programme><programme channel="_UYjSRWSLFN5Hd_fsHLVUseJQEpghRZfdxOjocP0" start="20230104230000 +0000" stop="20230105040000 +0000" catchup-id="q7Ig8wTZ5QOP6FuHqaHxjfX-tBG5r2BTM-fc3Vwa"><title>Feest in de tent</title><date></date><icon src="https://m7be2.solocoo.tv/m7be2iphone/mmchan/mpimages/260x145/oVeTWRCvODAtlXPUUUpWow.jpg"></icon><desc></desc><category></category></programme><programme channel="_UYjSRWSLFN5Hd_fsHLVUseJQEpghRZfdxOjocP0" start="20230105040000 +0000" stop="20230105060000 +0000" catchup-id="Of0s3Lb-D-Q7V-UxTwCwHv137lg4YD68sRjNTrfY"><title>De laatste ronde</title><date></date><icon src="https://m7be2.solocoo.tv/m7be2iphone/mmchan/mpimages/260x145/-I16svhg1-fTvIFjTe4Qvg.jpg"></icon><desc></desc><category></category></programme><programme channel="_UYjSRWSLFN5Hd_fsHLVUseJQEpghRZfdxOjocP0" start="20230105060000 +0000" stop="20230105070000 +0000" catchup-id="Op9Co4_1rVwr7P4N26BuyLvVdRz24gS4GmCilYVV"><title>Kinderclips</title><date></date><icon src="https://m7be2.solocoo.tv/m7be2iphone/mmchan/mpimages/260x145/SPBfdi7wVxFath1XcCqIdw.jpg"></icon><desc>De leukste kinderclips zie je bij TV Oranje. Zing je mee?</desc><category></category></programme><programme channel="_UYjSRWSLFN5Hd_fsHLVUseJQEpghRZfdxOjocP0" start="20230105070000 +0000" stop="20230105090000 +0000" catchup-id="WUL2V1LcHA4JZPFtCozDGcNoeZuiZNS5vn9lS_tg"><title>Wakker in het weekend</title><date></date><icon src="https://m7be2.solocoo.tv/m7be2iphone/mmchan/mpimages/260x145/8oE5vsEs1GNGoGpWHfCe9w.jpg"></icon><desc></desc><category></category></programme><programme channel="_UYjSRWSLFN5Hd_fsHLVUseJQEpghRZfdxOjocP0" start="20230105090000 +0000" stop="20230105110000 +0000" catchup-id="z3k3HZpghOr7azxuBu7mmAUaryGWmSRV4Rpw9Tr-"><title>Hit Explosie</title><date></date><icon src="https://m7be2.solocoo.tv/m7be2iphone/mmchan/mpimages/260x145/yBdjRJHgq-LMFGL5oqpUVw.jpg"></icon><desc></desc><category></category></programme><programme channel="_UYjSRWSLFN5Hd_fsHLVUseJQEpghRZfdxOjocP0" start="20230105110000 +0000" stop="20230105130000 +0000" catchup-id="A6Lyyb48W6EGVkdBMtoDjvE0TEjCnqRRQGfW8nEL"><title>Weekendpauze</title><date></date><icon src="https://m7be2.solocoo.tv/m7be2iphone/mmchan/mpimages/260x145/7DOEo7GnI9AeR6WuP9iB7w.jpg"></icon><desc>TV Oranje maakt jouw lunchpauze compleet met smakelijke muziek van eigen bodem.</desc><category></category></programme><programme channel="_UYjSRWSLFN5Hd_fsHLVUseJQEpghRZfdxOjocP0" start="20230105130000 +0000" stop="20230105150000 +0000" catchup-id="OVJwSLSIE9oyJedPraEj126WxT_nKhH9JTWD3AXt"><title>Groeten uit Holland</title><date></date><icon src="https://m7be2.solocoo.tv/m7be2iphone/mmchan/mpimages/260x145/D0EsN0jquI-GSXBDoaC2gw.jpg"></icon><desc>Alleen maar muziek van eigen bodem, daarvoor moet je natuurlijk bij TV Oranje zijn!</desc><category></category></programme><programme channel="_UYjSRWSLFN5Hd_fsHLVUseJQEpghRZfdxOjocP0" start="20230105150000 +0000" stop="20230105163000 +0000" catchup-id="j85TaUBcS-8UFzXeicdFfwU9leLzVaHmmnhwj6qC"><title>Oranje Top 30</title><date></date><icon src="https://m7be2.solocoo.tv/m7be2iphone/mmchan/mpimages/260x145/TC6kL0Njko2ZLjVKN2bHcA.jpg"></icon><desc></desc><category></category></programme><programme channel="_UYjSRWSLFN5Hd_fsHLVUseJQEpghRZfdxOjocP0" start="20230105163000 +0000" stop="20230105170000 +0000" catchup-id="o0BbLiiQmY5H98pSzTYyvcPKIF84XmNmJtI3x0Bt"><title>TV Oranje live</title><date></date><icon src="https://m7be2.solocoo.tv/m7be2iphone/mmchan/mpimages/260x145/c7BuCcsj_HsnUQ2a0GBhJA.jpg"></icon><desc></desc><category></category></programme><programme channel="_UYjSRWSLFN5Hd_fsHLVUseJQEpghRZfdxOjocP0" start="20230105170000 +0000" stop="20230105180000 +0000" catchup-id="a980gF2vhKLJuU4EWvlc5UQIpmGbaULw3N0-NOWi"><title>Verzoekparade</title><date></date><icon src="https://m7be2.solocoo.tv/m7be2iphone/mmchan/mpimages/260x145/5K-3myMpxaAoawqOOHT9WA.jpg"></icon><desc>De meest aangevraagde clips van vandaag. Breng je stem uit via verzoekparade.nl en zie jouw favoriete clip morgen bij TV Oranje!</desc><category></category></programme><programme channel="_UYjSRWSLFN5Hd_fsHLVUseJQEpghRZfdxOjocP0" start="20230105180000 +0000" stop="20230105190000 +0000" catchup-id="N3V-iknSh17tl4Zy2dA9CupiZ3lAUAvASzSaFAkT"><title>TV Oranje klassiekers</title><date></date><icon src="https://m7be2.solocoo.tv/m7be2iphone/mmchan/mpimages/260x145/zyIn6moTcEEEpcyS3Fx1GQ.jpg"></icon><desc></desc><category></category></programme><programme channel="_UYjSRWSLFN5Hd_fsHLVUseJQEpghRZfdxOjocP0" start="20230105190000 +0000" stop="20230105200000 +0000" catchup-id="Hgm5FzAZYf-I_Z7yiOmYOjrDlux7EyawvgDzemWt"><title>Het uur van...</title><date></date><icon src="https://m7be2.solocoo.tv/m7be2iphone/mmchan/mpimages/260x145/-RsJH5dJGXnJIBtBP0BY1Q.jpg"></icon><desc></desc><category></category></programme><programme channel="_UYjSRWSLFN5Hd_fsHLVUseJQEpghRZfdxOjocP0" start="20230105200000 +0000" stop="20230105230000 +0000" catchup-id="3ZmHki2hIyomkoN6SkPJh_sNQXb6eMLBYVnfQinc"><title>Borreltijd</title><date></date><icon src="https://m7be2.solocoo.tv/m7be2iphone/mmchan/mpimages/260x145/fzUI59q3S5io5bSdgcq33Q.jpg"></icon><desc></desc><category></category></programme><programme channel="_UYjSRWSLFN5Hd_fsHLVUseJQEpghRZfdxOjocP0" start="20230105230000 +0000" stop="20230106040000 +0000" catchup-id="zlR2hGWo7hrXW5w0lCwML3n1ge3LCoqna37DFenQ"><title>Feest in de tent</title><date></date><icon src="https://m7be2.solocoo.tv/m7be2iphone/mmchan/mpimages/260x145/oVeTWRCvODAtlXPUUUpWow.jpg"></icon><desc></desc><category></category></programme><programme channel="_UYjSRWSLFN5Hd_fsHLVUseJQEpghRZfdxOjocP0" start="20230106040000 +0000" stop="20230106060000 +0000" catchup-id="PcF2UrmKNQacVi-g1xetvSWPuzlbIYEK3ecyg4Td"><title>De laatste ronde</title><date></date><icon src="https://m7be2.solocoo.tv/m7be2iphone/mmchan/mpimages/260x145/-I16svhg1-fTvIFjTe4Qvg.jpg"></icon><desc></desc><category></category></programme><programme channel="_UYjSRWSLFN5Hd_fsHLVUseJQEpghRZfdxOjocP0" start="20230106060000 +0000" stop="20230106070000 +0000" catchup-id="xXjE9WW37BJr-T_lUl_JQy3AhSoMN3TymWWdXBOz"><title>Kinderclips</title><date></date><icon src="https://m7be2.solocoo.tv/m7be2iphone/mmchan/mpimages/260x145/SPBfdi7wVxFath1XcCqIdw.jpg"></icon><desc>De leukste kinderclips zie je bij TV Oranje. Zing je mee?</desc><category></category></programme><programme channel="_UYjSRWSLFN5Hd_fsHLVUseJQEpghRZfdxOjocP0" start="20230106070000 +0000" stop="20230106090000 +0000" catchup-id="avaCsLL1ZZJ82OVdPN6B5izpzzSiTqvtnN6Cg3hx"><title>Koffieclips</title><date></date><icon src="https://m7be2.solocoo.tv/m7be2iphone/mmchan/mpimages/260x145/JqfW9at5anm5tbYg57jLNQ.jpg"></icon><desc>Lekkere muziek van eigen bodem voor bij de koffie.</desc><category></category></programme><programme channel="_UYjSRWSLFN5Hd_fsHLVUseJQEpghRZfdxOjocP0" start="20230106090000 +0000" stop="20230106110000 +0000" catchup-id="TPPFnj_IywNP5q8yrNch3B6PlyySDWDbQU2k8VdK"><title>Aan het werk</title><date></date><icon src="https://m7be2.solocoo.tv/m7be2iphone/mmchan/mpimages/260x145/pzj_T3nmlWC9LrwnRpsLJg.jpg"></icon><desc>Lekker aan de slag met muziek van eigen bodem.</desc><category></category></programme><programme channel="_UYjSRWSLFN5Hd_fsHLVUseJQEpghRZfdxOjocP0" start="20230106110000 +0000" stop="20230106130000 +0000" catchup-id="ojwgE0WjTR3JM2Tsf8Z7aXeyUj54oDUCwjcnGJnd"><title>Middagpauze</title><date></date><icon src="https://m7be2.solocoo.tv/m7be2iphone/mmchan/mpimages/260x145/TqSBlbn2W-jPUGt1_w_7ag.jpg"></icon><desc>TV Oranje maakt jouw lunchpauze compleet met smakelijke muziek van eigen bodem.</desc><category></category></programme><programme channel="_UYjSRWSLFN5Hd_fsHLVUseJQEpghRZfdxOjocP0" start="20230106130000 +0000" stop="20230106150000 +0000" catchup-id="nE0-oyO6nw8V6gDlAGbs5lRPElPhH4-wClv04-zS"><title>Heel Hollands</title><date></date><icon src="https://m7be2.solocoo.tv/m7be2iphone/mmchan/mpimages/260x145/81z5gcELWAb2kGuj-l-RwA.jpg"></icon><desc>Alleen maar muziek van eigen bodem, daarvoor moet je natuurlijk bij TV Oranje zijn!</desc><category></category></programme><programme channel="_UYjSRWSLFN5Hd_fsHLVUseJQEpghRZfdxOjocP0" start="20230106150000 +0000" stop="20230106170000 +0000" catchup-id="GTZyBtAmcLJtM_LsrRT8-Yu-P21Hcniz_mSa-GfD"><title>Tijd voor thuis</title><date></date><icon src="https://m7be2.solocoo.tv/m7be2iphone/mmchan/mpimages/260x145/2T6V2FQRyq-a2ET8iVfVYA.jpg"></icon><desc>Voel je helemaal thuis met deze heerlijke muziek van eigen bodem.</desc><category></category></programme><programme channel="_UYjSRWSLFN5Hd_fsHLVUseJQEpghRZfdxOjocP0" start="20230106170000 +0000" stop="20230106180000 +0000" catchup-id="o6XIAc7YE1ukENCvCYqYn-SUfbeqsZejr7n3aKG_"><title>Verzoekparade</title><date></date><icon src="https://m7be2.solocoo.tv/m7be2iphone/mmchan/mpimages/260x145/5K-3myMpxaAoawqOOHT9WA.jpg"></icon><desc>De meest aangevraagde clips van vandaag. Breng je stem uit via verzoekparade.nl en zie jouw favoriete clip morgen bij TV Oranje!</desc><category></category></programme><programme channel="_UYjSRWSLFN5Hd_fsHLVUseJQEpghRZfdxOjocP0" start="20230106180000 +0000" stop="20230106210000 +0000" catchup-id="wijQGsEzKuBIuEfnnhPedTSI7cNjqrK4cTOt6PIv"><title>Hollandse Hits</title><date></date><icon src="https://m7be2.solocoo.tv/m7be2iphone/mmchan/mpimages/260x145/IQlHNQZQlVl9ddu_FcEjGw.jpg"></icon><desc></desc><category></category></programme><programme channel="_UYjSRWSLFN5Hd_fsHLVUseJQEpghRZfdxOjocP0" start="20230106210000 +0000" stop="20230107060000 +0000" catchup-id="JBAynRRSs461Vfu6twmAuwaJ63T1q5T2RgcP_xad"><title>Voor het slapen</title><date></date><icon src="https://m7be2.solocoo.tv/m7be2iphone/mmchan/mpimages/260x145/3b6gSqsy3bweTp6iN-Oeww.jpg"></icon><desc></desc><category></category></programme><programme channel="_UYjSRWSLFN5Hd_fsHLVUseJQEpghRZfdxOjocP0" start="20230107060000 +0000" stop="20230107070000 +0000" catchup-id="5zm7Hjr3Cwm2HeIWhCjGVJArvOm6S7ob-AMy_TBc"><title>Kinderclips</title><date></date><icon src="https://m7be2.solocoo.tv/m7be2iphone/mmchan/mpimages/260x145/SPBfdi7wVxFath1XcCqIdw.jpg"></icon><desc>De leukste kinderclips zie je bij TV Oranje. Zing je mee?</desc><category></category></programme><programme channel="_UYjSRWSLFN5Hd_fsHLVUseJQEpghRZfdxOjocP0" start="20230107070000 +0000" stop="20230107100000 +0000" catchup-id="PuG0Ofpl-JBy3FHbVMtnvfdiEX_AnQf4hcg78ZOd"><title>TV Oranje terugblik</title><date></date><icon src="https://m7be2.solocoo.tv/m7be2iphone/mmchan/mpimages/260x145/KmDS1DLN-2Y0HjLQPwmX-A.jpg"></icon><desc></desc><category></category></programme><programme channel="_UYjSRWSLFN5Hd_fsHLVUseJQEpghRZfdxOjocP0" start="20230107100000 +0000" stop="20230107110000 +0000" catchup-id="gl89r6gKM198DV2K-VNQ8DZces_cBvxJzO7rW0KJ"><title>Oranje Top 30</title><date></date><icon src="https://m7be2.solocoo.tv/m7be2iphone/mmchan/mpimages/260x145/TC6kL0Njko2ZLjVKN2bHcA.jpg"></icon><desc></desc><category></category></programme><programme channel="_UYjSRWSLFN5Hd_fsHLVUseJQEpghRZfdxOjocP0" start="20230107110000 +0000" stop="20230107180000 +0000" catchup-id="dtK5jJRUI5Pj4JIGgs_s4K5jPfcqZHDl4qqDK4fO"><title>TV Oranje terugblik</title><date></date><icon src="https://m7be2.solocoo.tv/m7be2iphone/mmchan/mpimages/260x145/KmDS1DLN-2Y0HjLQPwmX-A.jpg"></icon><desc></desc><category></category></programme><programme channel="_UYjSRWSLFN5Hd_fsHLVUseJQEpghRZfdxOjocP0" start="20230107180000 +0000" stop="20230107230000 +0000" catchup-id="uMVum9MBqo0_KKtf0Ph-r08RpEYH1eJ8sUfrBrqx"><title>TV Oranje Top1000</title><date></date><icon src="https://m7be2.solocoo.tv/m7be2iphone/mmchan/mpimages/260x145/JX9oMvAPhOaMe7SkWaD5Nw.jpg"></icon><desc>Een selectie van Hollandse hits van weleer uit de archieven van TV Oranje.</desc><category></category></programme><programme channel="_UYjSRWSLFN5Hd_fsHLVUseJQEpghRZfdxOjocP0" start="20230107230000 +0000" stop="20230108050000 +0000" catchup-id="1WzhaNgsBxW5Ce9RA0NyKRVDsyvARI4E48JCzpYV"><title>TV Oranje Top1000</title><date></date><icon src="https://m7be2.solocoo.tv/m7be2iphone/mmchan/mpimages/260x145/JX9oMvAPhOaMe7SkWaD5Nw.jpg"></icon><desc></desc><category></category></programme><programme channel="_UYjSRWSLFN5Hd_fsHLVUseJQEpghRZfdxOjocP0" start="20230108050000 +0000" stop="20230108060000 +0000" catchup-id="EIgK2IjbGw8ybiTktjupecTACPt1SJEl9ebPg0bZ"><title>Wakker worden</title><date></date><icon src="https://m7be2.solocoo.tv/m7be2iphone/mmchan/mpimages/260x145/nDtazRN7_kU-JAPJdLbSXA.jpg"></icon><desc></desc><category></category></programme><programme channel="_UYjSRWSLFN5Hd_fsHLVUseJQEpghRZfdxOjocP0" start="20230108060000 +0000" stop="20230108070000 +0000" catchup-id="9Hc3gntnnbCgftly9QT2s2v96ePxkk1Q0YdE8tPH"><title>Kinderclips</title><date></date><icon src="https://m7be2.solocoo.tv/m7be2iphone/mmchan/mpimages/260x145/SPBfdi7wVxFath1XcCqIdw.jpg"></icon><desc>De leukste kinderclips zie je bij TV Oranje. Zing je mee?</desc><category></category></programme><programme channel="_UYjSRWSLFN5Hd_fsHLVUseJQEpghRZfdxOjocP0" start="20230108070000 +0000" stop="20230108090000 +0000" catchup-id="IK6sSEP8Aj_qK2hdqBvWiP_iIsqNmU0ZbMAbJiNd"><title>Koffieclips</title><date></date><icon src="https://m7be2.solocoo.tv/m7be2iphone/mmchan/mpimages/260x145/JqfW9at5anm5tbYg57jLNQ.jpg"></icon><desc></desc><category></category></programme><programme channel="_UYjSRWSLFN5Hd_fsHLVUseJQEpghRZfdxOjocP0" start="20230108090000 +0000" stop="20230108110000 +0000" catchup-id="qk2B7Xu4o_TCL2THZmucAvUVNpF3ieBonNwk6U4-"><title>Aan het werk</title><date></date><icon src="https://m7be2.solocoo.tv/m7be2iphone/mmchan/mpimages/260x145/pzj_T3nmlWC9LrwnRpsLJg.jpg"></icon><desc></desc><category></category></programme><programme channel="_UYjSRWSLFN5Hd_fsHLVUseJQEpghRZfdxOjocP0" start="20230108110000 +0000" stop="20230108130000 +0000" catchup-id="cpJ3Klk3xxNiJGS64c_vmxhAuDsEAnnWYkohcZjk"><title>Middagpauze</title><date></date><icon src="https://m7be2.solocoo.tv/m7be2iphone/mmchan/mpimages/260x145/TqSBlbn2W-jPUGt1_w_7ag.jpg"></icon><desc>Even helemaal niks anders doen dan genieten van de leukste clips van eigen bodem!</desc><category></category></programme><programme channel="_UYjSRWSLFN5Hd_fsHLVUseJQEpghRZfdxOjocP0" start="20230108130000 +0000" stop="20230108150000 +0000" catchup-id="MsGbpZuOiFf6cG1sM1iRWHTZQ_2Q8F8gP9up79Nr"><title>Heel Hollands</title><date></date><icon src="https://m7be2.solocoo.tv/m7be2iphone/mmchan/mpimages/260x145/81z5gcELWAb2kGuj-l-RwA.jpg"></icon><desc>Een muzikale ansichtkaart met de leukste clips van eigen bodem.</desc><category></category></programme><programme channel="_UYjSRWSLFN5Hd_fsHLVUseJQEpghRZfdxOjocP0" start="20230108150000 +0000" stop="20230108170000 +0000" catchup-id="AaQ055w5_b5HzCRou4-ET09O8SV1TeCzbl-GyqXE"><title>Tijd voor thuis</title><date></date><icon src="https://m7be2.solocoo.tv/m7be2iphone/mmchan/mpimages/260x145/2T6V2FQRyq-a2ET8iVfVYA.jpg"></icon><desc></desc><category></category></programme><programme channel="_UYjSRWSLFN5Hd_fsHLVUseJQEpghRZfdxOjocP0" start="20230108170000 +0000" stop="20230108180000 +0000" catchup-id="FCpLMDpgvdaIFSgUWqt2SUSED1X7vQgeo1VSOUQh"><title>Verzoekparade</title><date></date><icon src="https://m7be2.solocoo.tv/m7be2iphone/mmchan/mpimages/260x145/5K-3myMpxaAoawqOOHT9WA.jpg"></icon><desc>De meest aangevraagde clips van vandaag. Breng je stem uit via verzoekparade.nl en zie jouw favoriete clip morgen bij TV Oranje!</desc><category></category></programme><programme channel="_UYjSRWSLFN5Hd_fsHLVUseJQEpghRZfdxOjocP0" start="20230108180000 +0000" stop="20230108210000 +0000" catchup-id="ra91XejXw6MuPFv2bJIUoEX3v9CNk0yk3-MdcMZs"><title>Hollandse Hits</title><date></date><icon src="https://m7be2.solocoo.tv/m7be2iphone/mmchan/mpimages/260x145/IQlHNQZQlVl9ddu_FcEjGw.jpg"></icon><desc>Een heerlijke mix met Hollandse Hits van toen en nu.</desc><category></category></programme><programme channel="_UYjSRWSLFN5Hd_fsHLVUseJQEpghRZfdxOjocP0" start="20230108210000 +0000" stop="20230108230000 +0000" catchup-id="_v1ZSDBUKELSx0PuUhg_LO8_gvDY2n__xFiFmo2J"><title>Voor het slapen</title><date></date><icon src="https://m7be2.solocoo.tv/m7be2iphone/mmchan/mpimages/260x145/3b6gSqsy3bweTp6iN-Oeww.jpg"></icon><desc>Nog even een paar clips van eigen bodem en dan naar bed.</desc><category></category></programme><programme channel="_UYjSRWSLFN5Hd_fsHLVUseJQEpghRZfdxOjocP0" start="20230108230000 +0000" stop="20230109040000 +0000" catchup-id="e38ExsBHlXSg7_YN2XLONDlp1laWot9HoroHTRme"><title>TV Oranje Nonstop</title><date></date><icon src="https://m7be2.solocoo.tv/m7be2iphone/mmchan/mpimages/260x145/5K-3myMpxaAoawqOOHT9WA.jpg"></icon><desc>Non-stop de beste muziek van eigen bodem.</desc><category></category></programme><programme channel="_UYjSRWSLFN5Hd_fsHLVUseJQEpghRZfdxOjocP0" start="20230109040000 +0000" stop="20230109060000 +0000" catchup-id="QJaO-Fj2q09mhRSFwbeJUSHZ5KWb4k5Rnkp61CRX"><title>Wakker worden</title><date></date><icon src="https://m7be2.solocoo.tv/m7be2iphone/mmchan/mpimages/260x145/nDtazRN7_kU-JAPJdLbSXA.jpg"></icon><desc>Opstaan met je favoriete artiesten en de beste hits van eigen bodem.</desc><category></category></programme><programme channel="_UYjSRWSLFN5Hd_fsHLVUseJQEpghRZfdxOjocP0" start="20230109060000 +0000" stop="20230109070000 +0000" catchup-id="4NlyILY3SaBtndFFSusHoCMxa7E0AgU21uXwHRv0"><title>Kinderclips</title><date></date><icon src="https://m7be2.solocoo.tv/m7be2iphone/mmchan/mpimages/260x145/SPBfdi7wVxFath1XcCqIdw.jpg"></icon><desc>De leukste kinderclips zie je bij TV Oranje. Zing je mee?</desc><category></category></programme><programme channel="_UYjSRWSLFN5Hd_fsHLVUseJQEpghRZfdxOjocP0" start="20230109070000 +0000" stop="20230109090000 +0000" catchup-id="RhG0bSQN-eIWKcVTtpjWh0Qb7sUxNCXOJrJbLA6V"><title>Koffieclips</title><date></date><icon src="https://m7be2.solocoo.tv/m7be2iphone/mmchan/mpimages/260x145/JqfW9at5anm5tbYg57jLNQ.jpg"></icon><desc>Lekkere muziek van eigen bodem voor bij de koffie.</desc><category></category></programme><programme channel="_UYjSRWSLFN5Hd_fsHLVUseJQEpghRZfdxOjocP0" start="20230109090000 +0000" stop="20230109110000 +0000" catchup-id="22wshcX7Wf2ZF9EstHCEt4672zlbkYZscIEJoa-f"><title>Aan het werk</title><date></date><icon src="https://m7be2.solocoo.tv/m7be2iphone/mmchan/mpimages/260x145/pzj_T3nmlWC9LrwnRpsLJg.jpg"></icon><desc>Lekker aan de slag met muziek van eigen bodem.</desc><category></category></programme><programme channel="_UYjSRWSLFN5Hd_fsHLVUseJQEpghRZfdxOjocP0" start="20230109110000 +0000" stop="20230109130000 +0000" catchup-id="2XYylgqHejyFqwh_6JKD0At-5rV1HSvF-OLVpUa7"><title>Middagpauze</title><date></date><icon src="https://m7be2.solocoo.tv/m7be2iphone/mmchan/mpimages/260x145/TqSBlbn2W-jPUGt1_w_7ag.jpg"></icon><desc>TV Oranje maakt jouw lunchpauze compleet met smakelijke muziek van eigen bodem.</desc><category></category></programme><programme channel="_UYjSRWSLFN5Hd_fsHLVUseJQEpghRZfdxOjocP0" start="20230109130000 +0000" stop="20230109150000 +0000" catchup-id="oI82aw3xN_88x9bJhEdr9-hNPQvIN4z2oX9T5VO0"><title>Heel Hollands</title><date></date><icon src="https://m7be2.solocoo.tv/m7be2iphone/mmchan/mpimages/260x145/81z5gcELWAb2kGuj-l-RwA.jpg"></icon><desc>Alleen maar muziek van eigen bodem, daarvoor moet je natuurlijk bij TV Oranje zijn!</desc><category></category></programme><programme channel="_UYjSRWSLFN5Hd_fsHLVUseJQEpghRZfdxOjocP0" start="20230109150000 +0000" stop="20230109170000 +0000" catchup-id="gaDtHGfxNUfBJ4_usrQUPgkE3BuLXe9DvPrrl3UQ"><title>Tijd voor thuis</title><date></date><icon src="https://m7be2.solocoo.tv/m7be2iphone/mmchan/mpimages/260x145/2T6V2FQRyq-a2ET8iVfVYA.jpg"></icon><desc>Voel je helemaal thuis met deze heerlijke muziek van eigen bodem.</desc><category></category></programme><programme channel="_UYjSRWSLFN5Hd_fsHLVUseJQEpghRZfdxOjocP0" start="20230109170000 +0000" stop="20230109180000 +0000" catchup-id="y5irWWN04wi_wWBDywylYECO24CD0P-wjBPa9v8m"><title>Verzoekparade</title><date></date><icon src="https://m7be2.solocoo.tv/m7be2iphone/mmchan/mpimages/260x145/5K-3myMpxaAoawqOOHT9WA.jpg"></icon><desc>De meest aangevraagde clips van vandaag. Breng je stem uit via verzoekparade.nl en zie jouw favoriete clip morgen bij TV Oranje!</desc><category></category></programme><programme channel="_UYjSRWSLFN5Hd_fsHLVUseJQEpghRZfdxOjocP0" start="20230109180000 +0000" stop="20230109210000 +0000" catchup-id="dnEZPOjT_YkQniqF3fNjdVCwnBeGGvvjmvga3eVr"><title>Hollandse Hits</title><date></date><icon src="https://m7be2.solocoo.tv/m7be2iphone/mmchan/mpimages/260x145/IQlHNQZQlVl9ddu_FcEjGw.jpg"></icon><desc>Een heerlijke mix met Hollandse Hits van toen en nu.</desc><category></category></programme><programme channel="_UYjSRWSLFN5Hd_fsHLVUseJQEpghRZfdxOjocP0" start="20230109210000 +0000" stop="20230109230000 +0000" catchup-id="ecDSGhPwRO_RgTf_s3qNt7JGjM59y4zP5lrfAdZe"><title>Voor het slapen</title><date></date><icon src="https://m7be2.solocoo.tv/m7be2iphone/mmchan/mpimages/260x145/3b6gSqsy3bweTp6iN-Oeww.jpg"></icon><desc>Nog even een paar clips van eigen bodem en dan naar bed.</desc><category></category></programme><programme channel="_UYjSRWSLFN5Hd_fsHLVUseJQEpghRZfdxOjocP0" start="20230109230000 +0000" stop="20230110040000 +0000" catchup-id="4QXcvDW1zzBCz-WjWn_4ExAFv_m-iZUkHd68HmEa"><title>TV Oranje Nonstop</title><date></date><icon src="https://m7be2.solocoo.tv/m7be2iphone/mmchan/mpimages/260x145/5K-3myMpxaAoawqOOHT9WA.jpg"></icon><desc></desc><category></category></programme><programme channel="_UYjSRWSLFN5Hd_fsHLVUseJQEpghRZfdxOjocP0" start="20230110040000 +0000" stop="20230110060000 +0000" catchup-id="8hoQJewWurADDVSqT5U1UhBhG1FLtRMDtJvw9wJZ"><title>Wakker worden</title><date></date><icon src="https://m7be2.solocoo.tv/m7be2iphone/mmchan/mpimages/260x145/nDtazRN7_kU-JAPJdLbSXA.jpg"></icon><desc></desc><category></category></programme><programme channel="_UYjSRWSLFN5Hd_fsHLVUseJQEpghRZfdxOjocP0" start="20230110060000 +0000" stop="20230110070000 +0000" catchup-id="oXgAmIqiLVUywmySkOH6WhQ7aJ2MmS3PIdCfzFBh"><title>Kinderclips</title><date></date><icon src="https://m7be2.solocoo.tv/m7be2iphone/mmchan/mpimages/260x145/SPBfdi7wVxFath1XcCqIdw.jpg"></icon><desc></desc><category></category></programme><programme channel="_UYjSRWSLFN5Hd_fsHLVUseJQEpghRZfdxOjocP0" start="20230110070000 +0000" stop="20230110090000 +0000" catchup-id="WbsHVcBu1LxJPOZ3YhYR9jlIVMI1ZmS1qHiecX_C"><title>Koffieclips</title><date></date><icon src="https://m7be2.solocoo.tv/m7be2iphone/mmchan/mpimages/260x145/JqfW9at5anm5tbYg57jLNQ.jpg"></icon><desc></desc><category></category></programme><programme channel="_UYjSRWSLFN5Hd_fsHLVUseJQEpghRZfdxOjocP0" start="20230110090000 +0000" stop="20230110110000 +0000" catchup-id="_n2w5f6TPBS_g-7NlEKI6Q60owxFupq3Wqf4b32F"><title>Aan het werk</title><date></date><icon src="https://m7be2.solocoo.tv/m7be2iphone/mmchan/mpimages/260x145/pzj_T3nmlWC9LrwnRpsLJg.jpg"></icon><desc></desc><category></category></programme><programme channel="_UYjSRWSLFN5Hd_fsHLVUseJQEpghRZfdxOjocP0" start="20230110110000 +0000" stop="20230110130000 +0000" catchup-id="uur_GoIkBGrYgz1-2EyTzAH4iON2eyG_macYIMjG"><title>Middagpauze</title><date></date><icon src="https://m7be2.solocoo.tv/m7be2iphone/mmchan/mpimages/260x145/TqSBlbn2W-jPUGt1_w_7ag.jpg"></icon><desc></desc><category></category></programme><programme channel="_UYjSRWSLFN5Hd_fsHLVUseJQEpghRZfdxOjocP0" start="20230110130000 +0000" stop="20230110150000 +0000" catchup-id="5yXLrjDigw3vCO5hkSDcbgdvV8vTLOH0wpoDgb_a"><title>Heel Hollands</title><date></date><icon src="https://m7be2.solocoo.tv/m7be2iphone/mmchan/mpimages/260x145/81z5gcELWAb2kGuj-l-RwA.jpg"></icon><desc></desc><category></category></programme><programme channel="_UYjSRWSLFN5Hd_fsHLVUseJQEpghRZfdxOjocP0" start="20230110150000 +0000" stop="20230110170000 +0000" catchup-id="xBAIwLp0EUFez0jUShuPm1uaqk78ErT_Csvu1ShR"><title>Tijd voor thuis</title><date></date><icon src="https://m7be2.solocoo.tv/m7be2iphone/mmchan/mpimages/260x145/2T6V2FQRyq-a2ET8iVfVYA.jpg"></icon><desc></desc><category></category></programme><programme channel="_UYjSRWSLFN5Hd_fsHLVUseJQEpghRZfdxOjocP0" start="20230110170000 +0000" stop="20230110180000 +0000" catchup-id="bX-9l9B9JbgtUPeyXud9RbSxQk7M9KNONUxdyKdV"><title>Verzoekparade</title><date></date><icon src="https://m7be2.solocoo.tv/m7be2iphone/mmchan/mpimages/260x145/5K-3myMpxaAoawqOOHT9WA.jpg"></icon><desc></desc><category></category></programme><programme channel="_UYjSRWSLFN5Hd_fsHLVUseJQEpghRZfdxOjocP0" start="20230110180000 +0000" stop="20230110190000 +0000" catchup-id="JFzWvLtzb7pVscQSjjv5dA6jNH3yhhQeyR9MbcGF"><title>TV Oranje live</title><date></date><icon src="https://m7be2.solocoo.tv/m7be2iphone/mmchan/mpimages/260x145/c7BuCcsj_HsnUQ2a0GBhJA.jpg"></icon><desc></desc><category></category></programme><programme channel="_UYjSRWSLFN5Hd_fsHLVUseJQEpghRZfdxOjocP0" start="20230110190000 +0000" stop="20230110200000 +0000" catchup-id="NU3t0Cjkm1kRvj9q7tuuh2XMPMFKP-vL4DybK0PU"><title>Oranje Top 30</title><date></date><icon src="https://m7be2.solocoo.tv/m7be2iphone/mmchan/mpimages/260x145/TC6kL0Njko2ZLjVKN2bHcA.jpg"></icon><desc></desc><category></category></programme><programme channel="_UYjSRWSLFN5Hd_fsHLVUseJQEpghRZfdxOjocP0" start="20230110200000 +0000" stop="20230110230000 +0000" catchup-id="gdmDF40O1U5t3zpdX68cLgGjPSxkOf6cKvTYx1lv"><title>Borreltijd</title><date></date><icon src="https://m7be2.solocoo.tv/m7be2iphone/mmchan/mpimages/260x145/fzUI59q3S5io5bSdgcq33Q.jpg"></icon><desc></desc><category></category></programme><programme channel="_UYjSRWSLFN5Hd_fsHLVUseJQEpghRZfdxOjocP0" start="20230110230000 +0000" stop="20230111040000 +0000" catchup-id="CIZy3qKHLjPjf_6zLKj5ec0LHFDy8l47M7wHCsDp"><title>Feest in de tent</title><date></date><icon src="https://m7be2.solocoo.tv/m7be2iphone/mmchan/mpimages/260x145/oVeTWRCvODAtlXPUUUpWow.jpg"></icon><desc></desc><category></category></programme><programme channel="_UYjSRWSLFN5Hd_fsHLVUseJQEpghRZfdxOjocP0" start="20230111040000 +0000" stop="20230111060000 +0000" catchup-id="ieEBSwfnDm-RZjBAV71H-EXMnZ58zBwQe7R70pne"><title>De laatste ronde</title><date></date><icon src="https://m7be2.solocoo.tv/m7be2iphone/mmchan/mpimages/260x145/-I16svhg1-fTvIFjTe4Qvg.jpg"></icon><desc></desc><category></category></programme><programme channel="_UYjSRWSLFN5Hd_fsHLVUseJQEpghRZfdxOjocP0" start="20230111060000 +0000" stop="20230111070000 +0000" catchup-id="MJAT-G196pqVlitR8Yrs0k-wyGO_3sb6AST_CESM"><title>Kinderclips</title><date></date><icon src="https://m7be2.solocoo.tv/m7be2iphone/mmchan/mpimages/260x145/SPBfdi7wVxFath1XcCqIdw.jpg"></icon><desc></desc><category></category></programme><programme channel="_UYjSRWSLFN5Hd_fsHLVUseJQEpghRZfdxOjocP0" start="20230111070000 +0000" stop="20230111090000 +0000" catchup-id="fV-naBiPKrTKrj0Ew54lY4-n-W12XwXHWqmBJj2r"><title>Wakker in het weekend</title><date></date><icon src="https://m7be2.solocoo.tv/m7be2iphone/mmchan/mpimages/260x145/8oE5vsEs1GNGoGpWHfCe9w.jpg"></icon><desc></desc><category></category></programme><programme channel="_UYjSRWSLFN5Hd_fsHLVUseJQEpghRZfdxOjocP0" start="20230111090000 +0000" stop="20230111110000 +0000" catchup-id="CIOI1LMt_rnIkVBL92pl2fRP2DQiMJ5g1Py0IJ8Q"><title>Hit Explosie</title><date></date><icon src="https://m7be2.solocoo.tv/m7be2iphone/mmchan/mpimages/260x145/yBdjRJHgq-LMFGL5oqpUVw.jpg"></icon><desc></desc><category></category></programme><programme channel="_UYjSRWSLFN5Hd_fsHLVUseJQEpghRZfdxOjocP0" start="20230111110000 +0000" stop="20230111130000 +0000" catchup-id="_-FHMQM_KITdygdMLbbCNn7-hAljBR7Ic89VGzpT"><title>Weekendpauze</title><date></date><icon src="https://m7be2.solocoo.tv/m7be2iphone/mmchan/mpimages/260x145/7DOEo7GnI9AeR6WuP9iB7w.jpg"></icon><desc></desc><category></category></programme><programme channel="_UYjSRWSLFN5Hd_fsHLVUseJQEpghRZfdxOjocP0" start="20230111130000 +0000" stop="20230111150000 +0000" catchup-id="TvOOvhYnRpwMrcYwL39rjXnBIlifw-XFFP4JzE0u"><title>Groeten uit Holland</title><date></date><icon src="https://m7be2.solocoo.tv/m7be2iphone/mmchan/mpimages/260x145/D0EsN0jquI-GSXBDoaC2gw.jpg"></icon><desc></desc><category></category></programme><programme channel="_UYjSRWSLFN5Hd_fsHLVUseJQEpghRZfdxOjocP0" start="20230111150000 +0000" stop="20230111163000 +0000" catchup-id="4Dr0dh0uzWNgefiOBa-5aJdLjqo187MRfoFQt8sG"><title>Oranje Top 30</title><date></date><icon src="https://m7be2.solocoo.tv/m7be2iphone/mmchan/mpimages/260x145/TC6kL0Njko2ZLjVKN2bHcA.jpg"></icon><desc></desc><category></category></programme><programme channel="_UYjSRWSLFN5Hd_fsHLVUseJQEpghRZfdxOjocP0" start="20230111163000 +0000" stop="20230111170000 +0000" catchup-id="wBDehhL0YuZRlYGGYKdMOuAy50wgY8fDhFwPWByU"><title>TV Oranje live</title><date></date><icon src="https://m7be2.solocoo.tv/m7be2iphone/mmchan/mpimages/260x145/c7BuCcsj_HsnUQ2a0GBhJA.jpg"></icon><desc></desc><category></category></programme><programme channel="_UYjSRWSLFN5Hd_fsHLVUseJQEpghRZfdxOjocP0" start="20230111170000 +0000" stop="20230111180000 +0000" catchup-id="8vMT21XK3cudYD3z_lQ-p9VpG5JEdft1EJGGq9MN"><title>Verzoekparade</title><date></date><icon src="https://m7be2.solocoo.tv/m7be2iphone/mmchan/mpimages/260x145/5K-3myMpxaAoawqOOHT9WA.jpg"></icon><desc></desc><category></category></programme><programme channel="_UYjSRWSLFN5Hd_fsHLVUseJQEpghRZfdxOjocP0" start="20230111180000 +0000" stop="20230111190000 +0000" catchup-id="siZe2FGa2XAx0xeECLkgIhnov-5vkBcZtNQ_na3T"><title>TV Oranje klassiekers</title><date></date><icon src="https://m7be2.solocoo.tv/m7be2iphone/mmchan/mpimages/260x145/zyIn6moTcEEEpcyS3Fx1GQ.jpg"></icon><desc></desc><category></category></programme><programme channel="_UYjSRWSLFN5Hd_fsHLVUseJQEpghRZfdxOjocP0" start="20230111190000 +0000" stop="20230111200000 +0000" catchup-id="ACns-JAOinXPC8rZqaFsBVWcEH3rpWkDUDSDyCsd"><title>Het uur van...</title><date></date><icon src="https://m7be2.solocoo.tv/m7be2iphone/mmchan/mpimages/260x145/-RsJH5dJGXnJIBtBP0BY1Q.jpg"></icon><desc></desc><category></category></programme><programme channel="_UYjSRWSLFN5Hd_fsHLVUseJQEpghRZfdxOjocP0" start="20230111200000 +0000" stop="20230111230000 +0000" catchup-id="nL-_ZLqffYyOScsWJGO4Dvm6brDcPCTW43mtaWNh"><title>Borreltijd</title><date></date><icon src="https://m7be2.solocoo.tv/m7be2iphone/mmchan/mpimages/260x145/fzUI59q3S5io5bSdgcq33Q.jpg"></icon><desc></desc><category></category></programme>