<programme channel="ZUYMD644gm8YqYrbU65nwgSJ1lrAyvrUy5OvAfAi" start="20221228230000 +0000" stop="20221229050000 +0000" catchup-id="Iq1sWHM81jSVxEYqA63Y3umxo8msqjir5TA2bMqr"><title>Non-Stop 538</title><date></date><icon src="https://m7be2.solocoo.tv/m7be2iphone/mmchan/mpimages/208x308/GqMjC1GVYX0tODlfxY5ujA.jpg"></icon><desc>Je ziet elke doordeweekse nacht in Non-Stop 538 de beste videoclips achter elkaar!</desc><category></category></programme><programme channel="ZUYMD644gm8YqYrbU65nwgSJ1lrAyvrUy5OvAfAi" start="20221229050000 +0000" stop="20221229090000 +0000" catchup-id="BuoWfwCRp8vrQ-sFRMqyja4LAPfQIlmWRuUQP5_a"><title>Kijk Radio: De 538 Ochtend met Bas : De 538 Ochtend met Bas</title><date></date><icon src="https://m7be2.solocoo.tv/m7be2iphone/mmchan/mpimages/208x308/9J2ZUbpg49RN3KQIluHXFw.jpg"></icon><desc>Sta goed op tijdens de 538 Ochtend met Bas Menting!</desc><category></category></programme><programme channel="ZUYMD644gm8YqYrbU65nwgSJ1lrAyvrUy5OvAfAi" start="20221229090000 +0000" stop="20221229180000 +0000" catchup-id="9jFSrxJAuxs3aJItqsU9-X9jkHBK9YhpfStlTc0O"><title>Kijk Radio: Missie Top 538 : Missie Top 538</title><date></date><icon src="https://m7be2.solocoo.tv/m7be2iphone/mmchan/mpimages/208x308/JO1Ou_EVe_5YgQO0fQ9LLw.jpg"></icon><desc>Van maandag 27 december t/m vrijdag 30 december zie je op TV 538 de 538 meest aangevraagde platen tijdens Missie 538 2022.</desc><category></category></programme><programme channel="ZUYMD644gm8YqYrbU65nwgSJ1lrAyvrUy5OvAfAi" start="20221229180000 +0000" stop="20221229182000 +0000" catchup-id="peXFeAHnORzuVklT72osuhu0l7ivy_yndVc6swsH"><title>De 538 Ochtend met Wietze en Klaas Eindejaarsgesprek 2022</title><date></date><icon src="https://m7be2.solocoo.tv/m7be2iphone/mmchan/mpimages/208x308/xzuzWc3N-oZimz4EInLN7w.jpg"></icon><desc>Het einde het jaar is in zicht en dat kan maar één ding betekenen: Wietze en Klaas moeten op het matje komen bij Bas Smit voor het eindejaarsgesprek.</desc><category></category></programme><programme channel="ZUYMD644gm8YqYrbU65nwgSJ1lrAyvrUy5OvAfAi" start="20221229182000 +0000" stop="20221229185000 +0000" catchup-id="K0gN84a35v6ulSnK_ptZuAu5xsfhgZgnazHmZVSU"><title>MUSIC MEMORIES : Boaz</title><date></date><icon src="https://m7be2.solocoo.tv/m7be2iphone/mmchan/mpimages/208x308/k4OIvKvwDWqjGh0JdEHt1Q.jpg"></icon><desc></desc><category></category></programme><programme channel="ZUYMD644gm8YqYrbU65nwgSJ1lrAyvrUy5OvAfAi" start="20221229185000 +0000" stop="20221229190000 +0000" catchup-id="T3sMx3DFxI5RF8p9S45_EJcxHXfvT6G2MtwIkuDS"><title>Release Reacties : Sera</title><date></date><icon src="https://m7be2.solocoo.tv/m7be2iphone/mmchan/mpimages/208x308/zBWe8ms2UPkzzqObGXPZ4Q.jpg"></icon><desc>In Release Reacties checken jouw favoriete artiesten, BN'ers &amp; influencers de nieuwste releases. Ze geven hun ongezouten mening over de tracks en beantwoorden tegelijkertijd vragen over hun persoonlijke leven.</desc><category></category></programme><programme channel="ZUYMD644gm8YqYrbU65nwgSJ1lrAyvrUy5OvAfAi" start="20221229190000 +0000" stop="20221229200000 +0000" catchup-id="45aAzzcHNbkacAG_64jdBK53bapnySz9EexuIBTq"><title>TV 538 Jaarmix 2022</title><date></date><icon src="https://m7be2.solocoo.tv/m7be2iphone/mmchan/mpimages/208x308/J-JuSCZEXy40zTfRBL3jbg.jpg"></icon><desc>De grootste hits van het afgelopen jaar in een vette video-mix van een uur; dat is de TV 538 Jaarmix 2022!</desc><category></category></programme><programme channel="ZUYMD644gm8YqYrbU65nwgSJ1lrAyvrUy5OvAfAi" start="20221229200000 +0000" stop="20221229230000 +0000" catchup-id="D2vHYt_2i18LOOTKY86Q9Q47p0og1IctZjxAcXHs"><title>De Beste Hits Van 2022</title><date></date><icon src="https://m7be2.solocoo.tv/m7be2iphone/mmchan/mpimages/208x308/4AIUNMVSdOJ1rbJmK1N_pA.jpg"></icon><desc>Programmabeschrijving niet beschikbaar</desc><category></category></programme><programme channel="ZUYMD644gm8YqYrbU65nwgSJ1lrAyvrUy5OvAfAi" start="20221229230000 +0000" stop="20221230000000 +0000" catchup-id="8Xf1FgV6WinCfDzx4D8i4kN9p2Y-_OzcMa8C3Nh9"><title>538 Weekendmix</title><date></date><icon src="https://m7be2.solocoo.tv/m7be2iphone/mmchan/mpimages/208x308/G82YNxlCnUHOCooV0p1KYw.jpg"></icon><desc>De grootste hits uit de 538 top 50 en beste classics in een vette video-mix van een uur; dat is de 538 Weekendmix!</desc><category></category></programme><programme channel="ZUYMD644gm8YqYrbU65nwgSJ1lrAyvrUy5OvAfAi" start="20221230000000 +0000" stop="20221230010000 +0000" catchup-id="oWub0eGOE_Q3RewGmFl1FxwnC1CxjIM4p-3JU8mz"><title>538 Weekendmix</title><date></date><icon src="https://m7be2.solocoo.tv/m7be2iphone/mmchan/mpimages/208x308/G82YNxlCnUHOCooV0p1KYw.jpg"></icon><desc>De grootste hits uit de 538 top 50 en beste classics in een vette video-mix van een uur; dat is de 538 Weekendmix!</desc><category></category></programme><programme channel="ZUYMD644gm8YqYrbU65nwgSJ1lrAyvrUy5OvAfAi" start="20221230010000 +0000" stop="20221230050000 +0000" catchup-id="zIP1tas7zxGYil8uUNAHUnAiRX20MFFZv2RuqYMG"><title>Non-Stop 538</title><date></date><icon src="https://m7be2.solocoo.tv/m7be2iphone/mmchan/mpimages/208x308/GqMjC1GVYX0tODlfxY5ujA.jpg"></icon><desc>Je ziet elke doordeweekse nacht in Non-Stop 538 de beste videoclips achter elkaar!</desc><category></category></programme><programme channel="ZUYMD644gm8YqYrbU65nwgSJ1lrAyvrUy5OvAfAi" start="20221230050000 +0000" stop="20221230090000 +0000" catchup-id="VuqSyMBeYTWguh-eR-bo937_C9onPKkEHRx3u76l"><title>Kijk Radio: De 538 Ochtend met Bas : De 538 Ochtend met Bas</title><date></date><icon src="https://m7be2.solocoo.tv/m7be2iphone/mmchan/mpimages/208x308/9J2ZUbpg49RN3KQIluHXFw.jpg"></icon><desc>Sta goed op tijdens de 538 Ochtend met Bas Menting!</desc><category></category></programme><programme channel="ZUYMD644gm8YqYrbU65nwgSJ1lrAyvrUy5OvAfAi" start="20221230090000 +0000" stop="20221230170000 +0000" catchup-id="ABWqG6G9dB5Dbg-g1Iui2qzbnuRT8yr69WdIApLG"><title>Kijk Radio: Missie Top 538 : Missie Top 538</title><date></date><icon src="https://m7be2.solocoo.tv/m7be2iphone/mmchan/mpimages/208x308/JO1Ou_EVe_5YgQO0fQ9LLw.jpg"></icon><desc>Van maandag 27 december t/m vrijdag 30 december zie je op TV 538 de 538 meest aangevraagde platen tijdens Missie 538 2022.</desc><category></category></programme><programme channel="ZUYMD644gm8YqYrbU65nwgSJ1lrAyvrUy5OvAfAi" start="20221230170000 +0000" stop="20221230180000 +0000" catchup-id="Er5fqtD1_x2tKkTuqP-19BuahPwKKTKjxN1BDjI0"><title>TV 538 Jaarmix 2022</title><date></date><icon src="https://m7be2.solocoo.tv/m7be2iphone/mmchan/mpimages/208x308/J-JuSCZEXy40zTfRBL3jbg.jpg"></icon><desc>De grootste hits van het afgelopen jaar in een vette video-mix van een uur; dat is de TV 538 Jaarmix 2022!</desc><category></category></programme><programme channel="ZUYMD644gm8YqYrbU65nwgSJ1lrAyvrUy5OvAfAi" start="20221230180000 +0000" stop="20221230210000 +0000" catchup-id="TZiU8wzdWHF13a1ReHDm_cEViahgICttiveTg2vm"><title>Kijk Radio: Bas &amp; Iris : Bas &amp; Iris</title><date></date><icon src="https://m7be2.solocoo.tv/m7be2iphone/mmchan/mpimages/208x308/pF3DZMeFnE26MEXZUMPmHQ.jpg"></icon><desc>Geniet van de beste gesprekken en muziek samen met Bas &amp; Iris op TV 538!</desc><category></category></programme><programme channel="ZUYMD644gm8YqYrbU65nwgSJ1lrAyvrUy5OvAfAi" start="20221230210000 +0000" stop="20221231000000 +0000" catchup-id="GInEwc_R7RIpp4OjUvaOr1ea1NfLfEol1qhMf57r"><title>Huisfeestje</title><date></date><icon src="https://m7be2.solocoo.tv/m7be2iphone/mmchan/mpimages/208x308/awWCC0-EnNeRxRAWujJrtg.jpg"></icon><desc>Iedere vrijdag- en zaterdagavond de beste videoclips voor jouw ultieme party night!</desc><category></category></programme><programme channel="ZUYMD644gm8YqYrbU65nwgSJ1lrAyvrUy5OvAfAi" start="20221231000000 +0000" stop="20221231010000 +0000" catchup-id="h8dX7Sm9vV5-SAEayzVrq-OYseriQSGQ2nkJrzFb"><title>538 Weekendmix</title><date></date><icon src="https://m7be2.solocoo.tv/m7be2iphone/mmchan/mpimages/208x308/G82YNxlCnUHOCooV0p1KYw.jpg"></icon><desc>De grootste hits uit de 538 top 50 en beste classics in een vette video-mix van een uur; dat is de 538 Weekendmix!</desc><category></category></programme><programme channel="ZUYMD644gm8YqYrbU65nwgSJ1lrAyvrUy5OvAfAi" start="20221231010000 +0000" stop="20221231020000 +0000" catchup-id="axbo5kNw_KxOWMRPlwkLI0mlMpt-CdrLmiC_nONX"><title>538 Weekendmix</title><date></date><icon src="https://m7be2.solocoo.tv/m7be2iphone/mmchan/mpimages/208x308/G82YNxlCnUHOCooV0p1KYw.jpg"></icon><desc>De grootste hits uit de 538 top 50 en beste classics in een vette video-mix van een uur; dat is de 538 Weekendmix!</desc><category></category></programme><programme channel="ZUYMD644gm8YqYrbU65nwgSJ1lrAyvrUy5OvAfAi" start="20221231020000 +0000" stop="20221231050000 +0000" catchup-id="7Ydr9tO81kZYwVwcTf9aQgmVrfoBohmSuclbXbLK"><title>De Nachtbrakers</title><date></date><icon src="https://m7be2.solocoo.tv/m7be2iphone/mmchan/mpimages/208x308/E1QVtT64yDkpWzBDW2__Ew.jpg"></icon><desc>In het weekend check je hier de beste muziek en clips om vrijdag-en zaterdagnacht door te komen.</desc><category></category></programme><programme channel="ZUYMD644gm8YqYrbU65nwgSJ1lrAyvrUy5OvAfAi" start="20221231050000 +0000" stop="20221231090000 +0000" catchup-id="NxOI9BddaEiov1jCqpqcLtfJpRFEqe5r4_Ws_bjZ"><title>Goedemorgen!</title><date></date><icon src="https://m7be2.solocoo.tv/m7be2iphone/mmchan/mpimages/208x308/b9hZt9y7B7JKWWJb-wjDVg.jpg"></icon><desc>De beste videoclips om mee wakker te worden!</desc><category></category></programme><programme channel="ZUYMD644gm8YqYrbU65nwgSJ1lrAyvrUy5OvAfAi" start="20221231090000 +0000" stop="20221231170000 +0000" catchup-id="jrgG3xs_8wlqw4kHgyu4n5uzUxJSIVH8MkZwuwp_"><title>Top 100 van 2022</title><date></date><icon src="https://m7be2.solocoo.tv/m7be2iphone/mmchan/mpimages/208x308/8DQYnmvu4oXPa2TIzhIYwQ.jpg"></icon><desc>Geniet nog 1 keer met de 100 lekkerste hits van het afgelopen jaar in de Top 100 van 2022.</desc><category></category></programme><programme channel="ZUYMD644gm8YqYrbU65nwgSJ1lrAyvrUy5OvAfAi" start="20221231170000 +0000" stop="20221231180000 +0000" catchup-id="zw_AseV7dAzVuKu2D1o_-ZWA4fVcCbUUXBespEIh"><title>TV 538 Jaarmix 2022</title><date></date><icon src="https://m7be2.solocoo.tv/m7be2iphone/mmchan/mpimages/208x308/J-JuSCZEXy40zTfRBL3jbg.jpg"></icon><desc>De grootste hits van het afgelopen jaar in een vette video-mix van een uur; dat is de TV 538 Jaarmix 2022!</desc><category></category></programme><programme channel="ZUYMD644gm8YqYrbU65nwgSJ1lrAyvrUy5OvAfAi" start="20221231180000 +0000" stop="20221231182000 +0000" catchup-id="Ot83hmC47OoqJmM2hvRPP39pYQ6Z75wS_pXY575C"><title>De 538 Ochtend met Wietze en Klaas Eindejaarsgesprek 2022</title><date></date><icon src="https://m7be2.solocoo.tv/m7be2iphone/mmchan/mpimages/208x308/xzuzWc3N-oZimz4EInLN7w.jpg"></icon><desc>Het einde het jaar is in zicht en dat kan maar één ding betekenen: Wietze en Klaas moeten op het matje komen bij Bas Smit voor het eindejaarsgesprek.</desc><category></category></programme><programme channel="ZUYMD644gm8YqYrbU65nwgSJ1lrAyvrUy5OvAfAi" start="20221231182000 +0000" stop="20221231184000 +0000" catchup-id="wa1Rqm7DkdYS9ptfTYBMghEbI_a0UmM_KWzaX06g"><title>30 jaar 538 Showcase : Suzan &amp; Freek</title><date></date><icon src="https://m7be2.solocoo.tv/m7be2iphone/mmchan/mpimages/208x308/BpNDBMVdPnI2VXi0Kgwysg.jpg"></icon><desc>Radio 538 bestaat 30 jaar en daarom trakteren wij op een bijzondere videoreeks mini-concerten. Suzan &amp; Freek kozen voor dit speciale optreden een unieke locatie: Forteiland Pampus. Alle vier de nummers die ze spelen passen helemaal bij deze bijzondere plek. Natuurlijk openen ze hun optreden met hun nieuwste single 'Kwijt' en sluiten af met een bijzondere cover van het nummer 'Zoutelande' van BLØF.</desc><category></category></programme><programme channel="ZUYMD644gm8YqYrbU65nwgSJ1lrAyvrUy5OvAfAi" start="20221231184000 +0000" stop="20221231190000 +0000" catchup-id="N4f9diBcqYJkKc60DhaL3LMLQyGRUTwYaPbp5OdA"><title>De 538 Ochtend met Wietze en Klaas Eindejaarsgesprek 2022</title><date></date><icon src="https://m7be2.solocoo.tv/m7be2iphone/mmchan/mpimages/208x308/xzuzWc3N-oZimz4EInLN7w.jpg"></icon><desc>Het einde het jaar is in zicht en dat kan maar één ding betekenen: Wietze en Klaas moeten op het matje komen bij Bas Smit voor het eindejaarsgesprek.</desc><category></category></programme><programme channel="ZUYMD644gm8YqYrbU65nwgSJ1lrAyvrUy5OvAfAi" start="20221231190000 +0000" stop="20221231200000 +0000" catchup-id="IqUUmNwPDa0Jnj4dlFWjDSHCGVtgVNAXVqm1Svj-"><title>TV 538 Jaarmix 2022</title><date></date><icon src="https://m7be2.solocoo.tv/m7be2iphone/mmchan/mpimages/208x308/J-JuSCZEXy40zTfRBL3jbg.jpg"></icon><desc>De grootste hits van het afgelopen jaar in een vette video-mix van een uur; dat is de TV 538 Jaarmix 2022!</desc><category></category></programme><programme channel="ZUYMD644gm8YqYrbU65nwgSJ1lrAyvrUy5OvAfAi" start="20221231200000 +0000" stop="20221231205500 +0000" catchup-id="fIhCIBg8H2ZitG-FdCEMU3Q3wXHX2lzuSPfqp9pq"><title>538 Weekendmix</title><date></date><icon src="https://m7be2.solocoo.tv/m7be2iphone/mmchan/mpimages/208x308/G82YNxlCnUHOCooV0p1KYw.jpg"></icon><desc>De grootste hits uit de 538 top 50 en beste classics in een vette video-mix van een uur; dat is de 538 Weekendmix!</desc><category></category></programme><programme channel="ZUYMD644gm8YqYrbU65nwgSJ1lrAyvrUy5OvAfAi" start="20221231205500 +0000" stop="20221231214500 +0000" catchup-id="Na9Qaz6iWarKD_Y5gTvyTh2fMyL--EPALv5Omx8g"><title>538 Weekendmix</title><date></date><icon src="https://m7be2.solocoo.tv/m7be2iphone/mmchan/mpimages/208x308/G82YNxlCnUHOCooV0p1KYw.jpg"></icon><desc>De grootste hits uit de 538 top 50 en beste classics in een vette video-mix van een uur; dat is de 538 Weekendmix!</desc><category></category></programme><programme channel="ZUYMD644gm8YqYrbU65nwgSJ1lrAyvrUy5OvAfAi" start="20221231214500 +0000" stop="20221231224000 +0000" catchup-id="lMj8ThIpJoH2RIZQC1Wv2aVo0aHAO0NeRz_MafFd"><title>538 Weekendmix</title><date></date><icon src="https://m7be2.solocoo.tv/m7be2iphone/mmchan/mpimages/208x308/G82YNxlCnUHOCooV0p1KYw.jpg"></icon><desc>De grootste hits uit de 538 top 50 en beste classics in een vette video-mix van een uur; dat is de 538 Weekendmix!</desc><category></category></programme><programme channel="ZUYMD644gm8YqYrbU65nwgSJ1lrAyvrUy5OvAfAi" start="20221231224000 +0000" stop="20221231230000 +0000" catchup-id="QvF34PMm6yspI6S989LgK-qAIG7VEdKFx4G9-sKd"><title>De 538 Ochtend met Wietze en Klaas Eindejaarsgesprek 2022</title><date></date><icon src="https://m7be2.solocoo.tv/m7be2iphone/mmchan/mpimages/208x308/kDkBUEDkY-KmxUvoz9GN3A.jpg"></icon><desc>Het einde het jaar is in zicht en dat kan maar één ding betekenen: Wietze en Klaas moeten op het matje komen bij Bas Smit voor het eindejaarsgesprek.</desc><category></category></programme><programme channel="ZUYMD644gm8YqYrbU65nwgSJ1lrAyvrUy5OvAfAi" start="20221231230000 +0000" stop="20230101010000 +0000" catchup-id="n1nsvtEO9pHLxyqc47_BsyA5XmJ3TM-WULKLRZXQ"><title>538 Koningsdag 2022</title><date></date><icon src="https://m7be2.solocoo.tv/m7be2iphone/mmchan/mpimages/208x308/UAzOFcltiKk7B3FbNYtdxg.jpg"></icon><desc>Geniet nog een keer van alle optredens en dj-sets van 538 Koningsdag 2022 vanaf het Chasséveld in Breda.</desc><category></category></programme><programme channel="ZUYMD644gm8YqYrbU65nwgSJ1lrAyvrUy5OvAfAi" start="20230101010000 +0000" stop="20230101050000 +0000" catchup-id="kwKTmLb-rT9hZjZ_-HShFd_WQwQabT7I9CTw5Iwp"><title>Gelukkig Nieuwjaar</title><date></date><icon src="https://m7be2.solocoo.tv/m7be2iphone/mmchan/mpimages/208x308/tIeI6kfMlGXZH_qVUxe7yg.jpg"></icon><desc>Namens TV 538 wensen wij al onze kijkers een gelukkig nieuwjaar!</desc><category></category></programme><programme channel="ZUYMD644gm8YqYrbU65nwgSJ1lrAyvrUy5OvAfAi" start="20230101050000 +0000" stop="20230101110000 +0000" catchup-id="4fVSBe8NHwaJhYzXTFWwaljBK5pgbNF8dG1wSj1v"><title>Goedemorgen!</title><date></date><icon src="https://m7be2.solocoo.tv/m7be2iphone/mmchan/mpimages/208x308/qv6bMfXfO06AtjT1Z4MGKg.jpg"></icon><desc>De beste videoclips om mee wakker te worden!</desc><category></category></programme><programme channel="ZUYMD644gm8YqYrbU65nwgSJ1lrAyvrUy5OvAfAi" start="20230101110000 +0000" stop="20230101112000 +0000" catchup-id="GqbMSlWedAcerox7s8__Tx6gPcJ6CKtyxG8NZct5"><title>De 538 Ochtend met Wietze en Klaas Eindejaarsgesprek 2022</title><date></date><icon src="https://m7be2.solocoo.tv/m7be2iphone/mmchan/mpimages/208x308/-hSSfqEGSoOEudnjtuJCUQ.jpg"></icon><desc>Het einde het jaar is in zicht en dat kan maar één ding betekenen: Wietze en Klaas moeten op het matje komen bij Bas Smit voor het eindejaarsgesprek.</desc><category></category></programme><programme channel="ZUYMD644gm8YqYrbU65nwgSJ1lrAyvrUy5OvAfAi" start="20230101112000 +0000" stop="20230101115000 +0000" catchup-id="4uqjor8Vk0RZp3h8IexJnYBah4c-1lZnkJI_VvLW"><title>MUSIC MEMORIES : Enzo Knol</title><date></date><icon src="https://m7be2.solocoo.tv/m7be2iphone/mmchan/mpimages/208x308/pq3sNVZHV4RecpQ7x8FZ-A.jpg"></icon><desc></desc><category></category></programme><programme channel="ZUYMD644gm8YqYrbU65nwgSJ1lrAyvrUy5OvAfAi" start="20230101115000 +0000" stop="20230101120000 +0000" catchup-id="fODqA7EtuNWYH8bE9-QQerJs-cyogQngwX29T5zd"><title>Release Reacties : Charlie Puth</title><date></date><icon src="https://m7be2.solocoo.tv/m7be2iphone/mmchan/mpimages/208x308/vNvFCeziqwSFqZaF3E7qfg.jpg"></icon><desc>Deze week recenseert Charlie Puth de nieuwste releases! Wat vindt hij van de nieuwe release van Kris Kross Amsterdam en Zoë Tauran? Hij geeft zijn mening over samples, praat hij over zijn jeugddromen, inspiratie voor nummers en onthult hij een artiest met wie hij graag zou willen samenwerken.</desc><category></category></programme><programme channel="ZUYMD644gm8YqYrbU65nwgSJ1lrAyvrUy5OvAfAi" start="20230101120000 +0000" stop="20230101130000 +0000" catchup-id="9t0Z7TalQsJpQbrklCkerI1uGE2jX1BUjldEhEe-"><title>TV 538 Jaarmix 2022</title><date></date><icon src="https://m7be2.solocoo.tv/m7be2iphone/mmchan/mpimages/208x308/J-JuSCZEXy40zTfRBL3jbg.jpg"></icon><desc>De grootste hits van het afgelopen jaar in een vette video-mix van een uur; dat is de TV 538 Jaarmix 2022!</desc><category></category></programme><programme channel="ZUYMD644gm8YqYrbU65nwgSJ1lrAyvrUy5OvAfAi" start="20230101130000 +0000" stop="20230101170000 +0000" catchup-id="hjMOvo8xY_PSkdgpRKi-FkuUX3x3wKX2A1lEMc1g"><title>Kijk Radio: 538 top 50 : 538 top 50</title><date></date><icon src="https://m7be2.solocoo.tv/m7be2iphone/mmchan/mpimages/208x308/mQ2jeevqryHzAat7xCOdSA.jpg"></icon><desc>Elke zondag zie je de meest actuele hitlijst van Nederland: de 538 Top 50!</desc><category></category></programme><programme channel="ZUYMD644gm8YqYrbU65nwgSJ1lrAyvrUy5OvAfAi" start="20230101170000 +0000" stop="20230101171000 +0000" catchup-id="DVFWUFm1xrddm2TlB7pBit9TEqNMuv7MyKM9gK7q"><title>Release Reacties : Froukje</title><date></date><icon src="https://m7be2.solocoo.tv/m7be2iphone/mmchan/mpimages/208x308/8WmGgL5s0fI-6IDnrkwCBA.jpg"></icon><desc>In Release Reacties checken jouw favoriete artiesten, BN'ers &amp; influencers de nieuwste releases. Ze geven hun ongezouten mening over de tracks en beantwoorden tegelijkertijd vragen over hun persoonlijke leven.</desc><category></category></programme><programme channel="ZUYMD644gm8YqYrbU65nwgSJ1lrAyvrUy5OvAfAi" start="20230101171000 +0000" stop="20230101174000 +0000" catchup-id="zgfpkY5c0gcao8ckEsxp6xTFnzCtit3RIi619BNO"><title>MUSIC MEMORIES : Boaz</title><date></date><icon src="https://m7be2.solocoo.tv/m7be2iphone/mmchan/mpimages/208x308/k4OIvKvwDWqjGh0JdEHt1Q.jpg"></icon><desc></desc><category></category></programme><programme channel="ZUYMD644gm8YqYrbU65nwgSJ1lrAyvrUy5OvAfAi" start="20230101174000 +0000" stop="20230101180000 +0000" catchup-id="leBp3beHb9K2BQ6VxKnwydGoLoHVxwiZG44RLh2a"><title>De 538 Ochtend met Wietze en Klaas Eindejaarsgesprek 2022</title><date></date><icon src="https://m7be2.solocoo.tv/m7be2iphone/mmchan/mpimages/208x308/-hSSfqEGSoOEudnjtuJCUQ.jpg"></icon><desc>Het einde het jaar is in zicht en dat kan maar één ding betekenen: Wietze en Klaas moeten op het matje komen bij Bas Smit voor het eindejaarsgesprek.</desc><category></category></programme><programme channel="ZUYMD644gm8YqYrbU65nwgSJ1lrAyvrUy5OvAfAi" start="20230101180000 +0000" stop="20230101190000 +0000" catchup-id="sQ9-auJ7Pee4HSKBhMzFLqaMgZhu240vCCWbxmi3"><title>TV 538 Jaarmix 2022</title><date></date><icon src="https://m7be2.solocoo.tv/m7be2iphone/mmchan/mpimages/208x308/J-JuSCZEXy40zTfRBL3jbg.jpg"></icon><desc>De grootste hits van het afgelopen jaar in een vette video-mix van een uur; dat is de TV 538 Jaarmix 2022!</desc><category></category></programme><programme channel="ZUYMD644gm8YqYrbU65nwgSJ1lrAyvrUy5OvAfAi" start="20230101190000 +0000" stop="20230101192000 +0000" catchup-id="ZVba190mNcOvYedkEg-RFw4Q-MET99kzQbvxCP6y"><title>De 538 Ochtend met Wietze en Klaas Eindejaarsgesprek 2022</title><date></date><icon src="https://m7be2.solocoo.tv/m7be2iphone/mmchan/mpimages/208x308/-hSSfqEGSoOEudnjtuJCUQ.jpg"></icon><desc>Het einde het jaar is in zicht en dat kan maar één ding betekenen: Wietze en Klaas moeten op het matje komen bij Bas Smit voor het eindejaarsgesprek.</desc><category></category></programme><programme channel="ZUYMD644gm8YqYrbU65nwgSJ1lrAyvrUy5OvAfAi" start="20230101192000 +0000" stop="20230101195000 +0000" catchup-id="UzLZGlBVVb24wy3cKAT9GLWWs-UMjZem71skvgKk"><title>MUSIC MEMORIES : Enzo Knol</title><date></date><icon src="https://m7be2.solocoo.tv/m7be2iphone/mmchan/mpimages/208x308/pq3sNVZHV4RecpQ7x8FZ-A.jpg"></icon><desc></desc><category></category></programme><programme channel="ZUYMD644gm8YqYrbU65nwgSJ1lrAyvrUy5OvAfAi" start="20230101195000 +0000" stop="20230101200000 +0000" catchup-id="OFdF_LxZ359IKj4LwT1zNpkuRaDtmMYYP-KeUjKL"><title>Release Reacties : Sera</title><date></date><icon src="https://m7be2.solocoo.tv/m7be2iphone/mmchan/mpimages/208x308/zBWe8ms2UPkzzqObGXPZ4Q.jpg"></icon><desc>In Release Reacties checken jouw favoriete artiesten, BN'ers &amp; influencers de nieuwste releases. Ze geven hun ongezouten mening over de tracks en beantwoorden tegelijkertijd vragen over hun persoonlijke leven.</desc><category></category></programme><programme channel="ZUYMD644gm8YqYrbU65nwgSJ1lrAyvrUy5OvAfAi" start="20230101200000 +0000" stop="20230101230000 +0000" catchup-id="PR6swvjWbWpTika3KKYfS23ITY7hhOVtsaDBq10o"><title>Easy Sunday</title><date></date><icon src="https://m7be2.solocoo.tv/m7be2iphone/mmchan/mpimages/208x308/wT3qbrXPXuGRZYf8dJA4dA.jpg"></icon><desc>Op TV 538 zie je elke zondagavond tussen 21:00 en 00:00 uur de meest relaxste videoclips voor het afsluiten van je weekend.</desc><category></category></programme><programme channel="ZUYMD644gm8YqYrbU65nwgSJ1lrAyvrUy5OvAfAi" start="20230101230000 +0000" stop="20230102050000 +0000" catchup-id="jKTW2YnKdu3GKmzuyFfE-166LyamdR_y3RtB5idT"><title>Non-Stop 538</title><date></date><icon src="https://m7be2.solocoo.tv/m7be2iphone/mmchan/mpimages/208x308/XGYm8mxuBzo6_osmlYmHpg.jpg"></icon><desc>Je ziet elke doordeweekse nacht in Non-Stop 538 de beste videoclips achter elkaar!</desc><category></category></programme><programme channel="ZUYMD644gm8YqYrbU65nwgSJ1lrAyvrUy5OvAfAi" start="20230102050000 +0000" stop="20230102090000 +0000" catchup-id="Ou-W4QHS88XRW8U-LpORz_7BjWsMqqgby_PTFLV5"><title>Kijk Radio: De 538 Ochtend met Bas : De 538 Ochtend met Bas</title><date></date><icon src="https://m7be2.solocoo.tv/m7be2iphone/mmchan/mpimages/208x308/31Gv-VAc5-S7UqtwayKSlA.jpg"></icon><desc>Sta goed op tijdens de 538 Ochtend met Bas Menting!</desc><category></category></programme><programme channel="ZUYMD644gm8YqYrbU65nwgSJ1lrAyvrUy5OvAfAi" start="20230102090000 +0000" stop="20230102110000 +0000" catchup-id="XWlJIAwmCzeGId4wFJ7mFuoGR6vTGlo8M_zlRzHT"><title>Kijk Radio: Lindo Duvall</title><date></date><icon src="https://m7be2.solocoo.tv/m7be2iphone/mmchan/mpimages/208x308/jerLrX-Sgp5yapUB4tV2Fw.jpg"></icon><desc>Geniet van de beste muziek samen met Lindo op TV 538!</desc><category></category></programme><programme channel="ZUYMD644gm8YqYrbU65nwgSJ1lrAyvrUy5OvAfAi" start="20230102110000 +0000" stop="20230102130000 +0000" catchup-id="ZPUiCPZ4wQ1EDD7eDiQxsAM7GsZ49QVa1ZN7wh8r"><title>Kijk Radio: De 538 Lunch met Coen : De 538 Lunch met Coen</title><date></date><icon src="https://m7be2.solocoo.tv/m7be2iphone/mmchan/mpimages/208x308/RBj5TuUuDe4ZM7rfXXu8Jw.jpg"></icon><desc>Geniet van de lekkerste hits samen met Coen Swijnenberg voor bij je lunch.</desc><category></category></programme><programme channel="ZUYMD644gm8YqYrbU65nwgSJ1lrAyvrUy5OvAfAi" start="20230102130000 +0000" stop="20230102150000 +0000" catchup-id="h2AbQp0QdZMkAmUSKF0xmKQEiBQE5jbyuU2uHW72"><title>KIJK RADIO: MARK LABRAND</title><date></date><icon src="https://m7be2.solocoo.tv/m7be2iphone/mmchan/mpimages/208x308/wAadc4nC9L0q1FUol-EGYg.jpg"></icon><desc></desc><category></category></programme><programme channel="ZUYMD644gm8YqYrbU65nwgSJ1lrAyvrUy5OvAfAi" start="20230102150000 +0000" stop="20230102180000 +0000" catchup-id="3IBk6lnwwBvz6gTSxvW6Sxe_Io1vV6X4kG9lhIUp"><title>Kijk Radio: De 538 Middag met Dennis</title><date></date><icon src="https://m7be2.solocoo.tv/m7be2iphone/mmchan/mpimages/208x308/MirMhXLaXNlLiF-JxEyaIA.jpg"></icon><desc>Sluit je werkdag goed af tijdens de 538 Middag met Dennis Ruyer!</desc><category></category></programme><programme channel="ZUYMD644gm8YqYrbU65nwgSJ1lrAyvrUy5OvAfAi" start="20230102180000 +0000" stop="20230102190000 +0000" catchup-id="lT6ZHrWrmGKUPsBtlD3Tra_nOt3W-1IUJr1SePCN"><title>538 Classics</title><date></date><icon src="https://m7be2.solocoo.tv/m7be2iphone/mmchan/mpimages/208x308/nzwLGFDAFift9fy-jajFWw.jpg"></icon><desc>In 538 Classics zie je de beste videoclips uit de 90's, 00's of 10's!</desc><category></category></programme><programme channel="ZUYMD644gm8YqYrbU65nwgSJ1lrAyvrUy5OvAfAi" start="20230102190000 +0000" stop="20230102193000 +0000" catchup-id="vBHHuW0M8ee9cNBb8whVXM4WpViFHqsPHg8EaOrs"><title>MUSIC MEMORIES : Boaz</title><date></date><icon src="https://m7be2.solocoo.tv/m7be2iphone/mmchan/mpimages/208x308/k4OIvKvwDWqjGh0JdEHt1Q.jpg"></icon><desc></desc><category></category></programme><programme channel="ZUYMD644gm8YqYrbU65nwgSJ1lrAyvrUy5OvAfAi" start="20230102193000 +0000" stop="20230102200000 +0000" catchup-id="Br4WJP68WLQZZ-X39lovDxTsDVe5mSH-QSqf_I_I"><title>Home of Hits : Snelle</title><date></date><icon src="https://m7be2.solocoo.tv/m7be2iphone/mmchan/mpimages/208x308/zLOF7EMY76YAbvnUDeCHxA.jpg"></icon><desc>Kraantje Pappie gaat langs bij Snelle thuis om te zien waar zijn hits ontstaan. Voor het eerst geeft hij een unieke rondleiding door zijn huis. Daarnaast vertelt hij over zijn transformatie van rauwe rapper naar singer song-rapper, is hij open over de mindere kanten van het artiestenleven en laat hij nieuwe muziek horen. En niet alleen van zichzelf, maar ook van Flemming! Check het snel in de allereerste aflevering van Home of Hits!</desc><category></category></programme><programme channel="ZUYMD644gm8YqYrbU65nwgSJ1lrAyvrUy5OvAfAi" start="20230102200000 +0000" stop="20230102210000 +0000" catchup-id="V9Oa9dwCBusAYAUNW0Q12xX225xhIqqgdMclICUI"><title>De Hits Van Nu</title><date></date><icon src="https://m7be2.solocoo.tv/m7be2iphone/mmchan/mpimages/208x308/9Fbzt9O1s9ZOeBuXtFox2w.jpg"></icon><desc>Je ziet nu de meest actuele hits &amp; videoclips!</desc><category></category></programme><programme channel="ZUYMD644gm8YqYrbU65nwgSJ1lrAyvrUy5OvAfAi" start="20230102210000 +0000" stop="20230102211000 +0000" catchup-id="KgrP4uA1DfOiMqqBMQBZLLNylKB493XuGCwZ83zT"><title>Release Reacties : Charlie Puth</title><date></date><icon src="https://m7be2.solocoo.tv/m7be2iphone/mmchan/mpimages/208x308/vNvFCeziqwSFqZaF3E7qfg.jpg"></icon><desc>Deze week recenseert Charlie Puth de nieuwste releases! Wat vindt hij van de nieuwe release van Kris Kross Amsterdam en Zoë Tauran? Hij geeft zijn mening over samples, praat hij over zijn jeugddromen, inspiratie voor nummers en onthult hij een artiest met wie hij graag zou willen samenwerken.</desc><category></category></programme><programme channel="ZUYMD644gm8YqYrbU65nwgSJ1lrAyvrUy5OvAfAi" start="20230102211000 +0000" stop="20230102213000 +0000" catchup-id="yJGronE8P7avaraXmfCXPGDzNA7HHfTH6Gy0J3OL"><title>Home of Hits : Flemming</title><date></date><icon src="https://m7be2.solocoo.tv/m7be2iphone/mmchan/mpimages/208x308/fAQpmioVXspFOcqoOXzt4w.jpg"></icon><desc>In Home Of Hits gaat Kraantje Pappie langs bij vier verschillende artiesten om te kijken waar hun hits zijn ontstaan. Waar wonen ze? Hoe zijn ze in de muziekwereld beland? En waar nemen ze deze mega hits op? Kortom een uniek kijkje achter de voordeur!</desc><category></category></programme><programme channel="ZUYMD644gm8YqYrbU65nwgSJ1lrAyvrUy5OvAfAi" start="20230102213000 +0000" stop="20230102220000 +0000" catchup-id="-ka6vIjc41nEdw9yKC9pSLL9BL1NNCHeJnyqFU22"><title>MUSIC MEMORIES : Enzo Knol</title><date></date><icon src="https://m7be2.solocoo.tv/m7be2iphone/mmchan/mpimages/208x308/pq3sNVZHV4RecpQ7x8FZ-A.jpg"></icon><desc></desc><category></category></programme><programme channel="ZUYMD644gm8YqYrbU65nwgSJ1lrAyvrUy5OvAfAi" start="20230102220000 +0000" stop="20230102230000 +0000" catchup-id="G_HoShjlKbfDMnjJ1LEQy7oWOFmmeeFasVGA2Kle"><title>Het Laatste Rondje</title><date></date><icon src="https://m7be2.solocoo.tv/m7be2iphone/mmchan/mpimages/208x308/AbokzvTM1bAGSnLisijimQ.jpg"></icon><desc>Programmabeschrijving niet beschikbaar</desc><category></category></programme><programme channel="ZUYMD644gm8YqYrbU65nwgSJ1lrAyvrUy5OvAfAi" start="20230102230000 +0000" stop="20230103050000 +0000" catchup-id="Cmwiif4MqfrZ5BNAB645KmXPnygPqLpCJCq-_ZkN"><title>Non-Stop 538</title><date></date><icon src="https://m7be2.solocoo.tv/m7be2iphone/mmchan/mpimages/208x308/XGYm8mxuBzo6_osmlYmHpg.jpg"></icon><desc>Je ziet elke doordeweekse nacht in Non-Stop 538 de beste videoclips achter elkaar!</desc><category></category></programme><programme channel="ZUYMD644gm8YqYrbU65nwgSJ1lrAyvrUy5OvAfAi" start="20230103050000 +0000" stop="20230103090000 +0000" catchup-id="MSGpjTEx--8TYGUkFY4ce0KargH6uONASSSe5Wlm"><title>Kijk Radio: De 538 Ochtend met Bas</title><date></date><icon src="https://m7be2.solocoo.tv/m7be2iphone/mmchan/mpimages/208x308/9J2ZUbpg49RN3KQIluHXFw.jpg"></icon><desc>Sta goed op tijdens de 538 Ochtend met Bas Menting!</desc><category></category></programme><programme channel="ZUYMD644gm8YqYrbU65nwgSJ1lrAyvrUy5OvAfAi" start="20230103090000 +0000" stop="20230103110000 +0000" catchup-id="EvZggjQvrMHWBfeH_l1F75KQEoi7b1W3SkXxUw1e"><title>Kijk Radio: Lindo Duvall</title><date></date><icon src="https://m7be2.solocoo.tv/m7be2iphone/mmchan/mpimages/208x308/jerLrX-Sgp5yapUB4tV2Fw.jpg"></icon><desc>Geniet van de beste muziek samen met Lindo op TV 538!</desc><category></category></programme><programme channel="ZUYMD644gm8YqYrbU65nwgSJ1lrAyvrUy5OvAfAi" start="20230103110000 +0000" stop="20230103130000 +0000" catchup-id="MFII_HeyxE8kaD7f3UzjSGIhQn2CZqmc5qu5leQr"><title>Kijk Radio: De 538 Lunch met Coen</title><date></date><icon src="https://m7be2.solocoo.tv/m7be2iphone/mmchan/mpimages/208x308/RBj5TuUuDe4ZM7rfXXu8Jw.jpg"></icon><desc>Geniet van de lekkerste hits samen met Coen Swijnenberg voor bij je lunch.</desc><category></category></programme><programme channel="ZUYMD644gm8YqYrbU65nwgSJ1lrAyvrUy5OvAfAi" start="20230103130000 +0000" stop="20230103150000 +0000" catchup-id="45hPJIpicGyWWS8zRUEKlQ8SWoNE_S8Ftc7_5QJz"><title>KIJK RADIO: MARK LABRAND</title><date></date><icon src="https://m7be2.solocoo.tv/m7be2iphone/mmchan/mpimages/208x308/wAadc4nC9L0q1FUol-EGYg.jpg"></icon><desc></desc><category></category></programme><programme channel="ZUYMD644gm8YqYrbU65nwgSJ1lrAyvrUy5OvAfAi" start="20230103150000 +0000" stop="20230103180000 +0000" catchup-id="VG1YTlC4nUo1NSmEmfRfHjE7dU4zjjzxuk9SRfwg"><title>Kijk Radio: De 538 Middag met Dennis</title><date></date><icon src="https://m7be2.solocoo.tv/m7be2iphone/mmchan/mpimages/208x308/MirMhXLaXNlLiF-JxEyaIA.jpg"></icon><desc>Sluit je werkdag goed af tijdens de 538 Middag met Dennis Ruyer!</desc><category></category></programme><programme channel="ZUYMD644gm8YqYrbU65nwgSJ1lrAyvrUy5OvAfAi" start="20230103180000 +0000" stop="20230103190000 +0000" catchup-id="NO_AxT77v4bGvBNMPLkUBlg_KyYggS1KENWOjBpW"><title>538 Classics</title><date></date><icon src="https://m7be2.solocoo.tv/m7be2iphone/mmchan/mpimages/208x308/nzwLGFDAFift9fy-jajFWw.jpg"></icon><desc>In 538 Classics zie je de beste videoclips uit de 90's, 00's of 10's!</desc><category></category></programme><programme channel="ZUYMD644gm8YqYrbU65nwgSJ1lrAyvrUy5OvAfAi" start="20230103190000 +0000" stop="20230103191000 +0000" catchup-id="Nq25igaRUdxTGUfBMUmRV6nmOrjP1Cxnc1XnVPt_"><title>Release Reacties : Froukje</title><date></date><icon src="https://m7be2.solocoo.tv/m7be2iphone/mmchan/mpimages/208x308/8WmGgL5s0fI-6IDnrkwCBA.jpg"></icon><desc>In Release Reacties checken jouw favoriete artiesten, BN'ers &amp; influencers de nieuwste releases. Ze geven hun ongezouten mening over de tracks en beantwoorden tegelijkertijd vragen over hun persoonlijke leven.</desc><category></category></programme><programme channel="ZUYMD644gm8YqYrbU65nwgSJ1lrAyvrUy5OvAfAi" start="20230103191000 +0000" stop="20230103193000 +0000" catchup-id="kab72YraPGC7OqiiioNupuMCZQ67ZFPXU8XX3TDU"><title>Home of Hits : Bizzey</title><date></date><icon src="https://m7be2.solocoo.tv/m7be2iphone/mmchan/mpimages/208x308/rqLmWK26pnnVHGI6k0JJDw.jpg"></icon><desc>In deze aflevering gaat Kraantje Pappie op bezoek bij Bizzey! Hij laat een openhartige en kwetsbare kant van zichzelf zien. Zo vertelt hij onder andere dat hij zich weleens verschuilt achter het personage Bizzey uit onzekerheid. Verder laat hij twee dikke tracks horen die nog op de plank liggen, waaronder eentje met Bilal! Dit en nog veel meer zie je in de nieuwste Home of Hits!</desc><category></category></programme><programme channel="ZUYMD644gm8YqYrbU65nwgSJ1lrAyvrUy5OvAfAi" start="20230103193000 +0000" stop="20230103200000 +0000" catchup-id="B4Wh4RmZUj0dm73satQ5vH9cYHKe9HnTE0KbiM3b"><title>MUSIC MEMORIES : Bente</title><date></date><icon src="https://m7be2.solocoo.tv/m7be2iphone/mmchan/mpimages/208x308/AapXJNbI6n9ub9MTieoHQw.jpg"></icon><desc></desc><category></category></programme><programme channel="ZUYMD644gm8YqYrbU65nwgSJ1lrAyvrUy5OvAfAi" start="20230103200000 +0000" stop="20230103210000 +0000" catchup-id="qBXj3jkARiglXAoY3hkBVsxMPcg6fmBUn-HfxpvW"><title>De Hits Van Nu</title><date></date><icon src="https://m7be2.solocoo.tv/m7be2iphone/mmchan/mpimages/208x308/9Fbzt9O1s9ZOeBuXtFox2w.jpg"></icon><desc>Je ziet nu de meest actuele hits &amp; videoclips!</desc><category></category></programme><programme channel="ZUYMD644gm8YqYrbU65nwgSJ1lrAyvrUy5OvAfAi" start="20230103210000 +0000" stop="20230103213000 +0000" catchup-id="yVn-0pnh40DeupDmpF19TtjQLdcco8TWbzaToAU1"><title>MUSIC MEMORIES : Enzo Knol</title><date></date><icon src="https://m7be2.solocoo.tv/m7be2iphone/mmchan/mpimages/208x308/pq3sNVZHV4RecpQ7x8FZ-A.jpg"></icon><desc></desc><category></category></programme><programme channel="ZUYMD644gm8YqYrbU65nwgSJ1lrAyvrUy5OvAfAi" start="20230103213000 +0000" stop="20230103220000 +0000" catchup-id="7L1XPKrCIzeM3ZWoG0i1XozVuK1YXaxIHX9jyTzB"><title>Home of Hits : S10</title><date></date><icon src="https://m7be2.solocoo.tv/m7be2iphone/mmchan/mpimages/208x308/Etc63IxJEuqrk0TjHnPYnA.jpg"></icon><desc>In deze laatste aflevering van Home of Hits gaat Kraantje Pappie langs bij S10. Ze vertelt hoe ze is begonnen met muziek maken en zegt het soms vervelend te vinden dat haar mentalegezondheid haar identiteit is geworden. Volgende week komt haar nieuwe album uit en Kraantje kreeg een primeur van een wel hele toffe samenwerking! Dit en nog veel meer zie je in de nieuwste Home of Hits!</desc><category></category></programme><programme channel="ZUYMD644gm8YqYrbU65nwgSJ1lrAyvrUy5OvAfAi" start="20230103220000 +0000" stop="20230103230000 +0000" catchup-id="dURYqawMz-i-HaA4id8sYSe1EzNt3RCSsLwDlbdH"><title>Het Laatste Rondje</title><date></date><icon src="https://m7be2.solocoo.tv/m7be2iphone/mmchan/mpimages/208x308/AbokzvTM1bAGSnLisijimQ.jpg"></icon><desc>Programmabeschrijving niet beschikbaar</desc><category></category></programme><programme channel="ZUYMD644gm8YqYrbU65nwgSJ1lrAyvrUy5OvAfAi" start="20230103230000 +0000" stop="20230104050000 +0000" catchup-id="ee632t0_gLdSR6LYu4pezAagPtZ3gdzUJJMq1dzX"><title>Non-Stop 538</title><date></date><icon src="https://m7be2.solocoo.tv/m7be2iphone/mmchan/mpimages/208x308/GqMjC1GVYX0tODlfxY5ujA.jpg"></icon><desc>Je ziet elke doordeweekse nacht in Non-Stop 538 de beste videoclips achter elkaar!</desc><category></category></programme><programme channel="ZUYMD644gm8YqYrbU65nwgSJ1lrAyvrUy5OvAfAi" start="20230104050000 +0000" stop="20230104090000 +0000" catchup-id="braJU9jZ80Vw3yhrlftImw70Os-vf75H0C_voQOE"><title>Kijk Radio: De 538 Ochtend met Bas</title><date></date><icon src="https://m7be2.solocoo.tv/m7be2iphone/mmchan/mpimages/208x308/31Gv-VAc5-S7UqtwayKSlA.jpg"></icon><desc>Sta goed op tijdens de 538 Ochtend met Bas Menting!</desc><category></category></programme><programme channel="ZUYMD644gm8YqYrbU65nwgSJ1lrAyvrUy5OvAfAi" start="20230104090000 +0000" stop="20230104110000 +0000" catchup-id="qYf6kkzTrdbdRv8trQbSSXtwpOTWVy2ZAx8js1A8"><title>Kijk Radio: Lindo Duvall : Lindo Duvall</title><date></date><icon src="https://m7be2.solocoo.tv/m7be2iphone/mmchan/mpimages/208x308/jerLrX-Sgp5yapUB4tV2Fw.jpg"></icon><desc>Geniet van de beste muziek samen met Lindo op TV 538!</desc><category></category></programme><programme channel="ZUYMD644gm8YqYrbU65nwgSJ1lrAyvrUy5OvAfAi" start="20230104110000 +0000" stop="20230104130000 +0000" catchup-id="60_B0FepR0IkrQu5OP7AtHvHLMsrHLN7GrO4EssP"><title>Kijk Radio: De 538 Lunch met Coen</title><date></date><icon src="https://m7be2.solocoo.tv/m7be2iphone/mmchan/mpimages/208x308/RBj5TuUuDe4ZM7rfXXu8Jw.jpg"></icon><desc>Geniet van de lekkerste hits samen met Coen Swijnenberg voor bij je lunch.</desc><category></category></programme><programme channel="ZUYMD644gm8YqYrbU65nwgSJ1lrAyvrUy5OvAfAi" start="20230104130000 +0000" stop="20230104150000 +0000" catchup-id="gcBSNd9JRlknH5Y46USRDz1tRmA17dUQai4hF18Q"><title>KIJK RADIO: MARK LABRAND</title><date></date><icon src="https://m7be2.solocoo.tv/m7be2iphone/mmchan/mpimages/208x308/wAadc4nC9L0q1FUol-EGYg.jpg"></icon><desc></desc><category></category></programme><programme channel="ZUYMD644gm8YqYrbU65nwgSJ1lrAyvrUy5OvAfAi" start="20230104150000 +0000" stop="20230104180000 +0000" catchup-id="tcKNRIbiNkbd6Y6Qbf0kSQ4HnjdpQOxx9frbV75Z"><title>Kijk Radio: De 538 Middag met Dennis</title><date></date><icon src="https://m7be2.solocoo.tv/m7be2iphone/mmchan/mpimages/208x308/MirMhXLaXNlLiF-JxEyaIA.jpg"></icon><desc>Sluit je werkdag goed af tijdens de 538 Middag met Dennis Ruyer!</desc><category></category></programme><programme channel="ZUYMD644gm8YqYrbU65nwgSJ1lrAyvrUy5OvAfAi" start="20230104180000 +0000" stop="20230104190000 +0000" catchup-id="rZegu20JbYqK8hRkp1J3z7wbsAUhDQdqwWJlZype"><title>538 Classics</title><date></date><icon src="https://m7be2.solocoo.tv/m7be2iphone/mmchan/mpimages/208x308/nzwLGFDAFift9fy-jajFWw.jpg"></icon><desc>In 538 Classics zie je de beste videoclips uit de 90's, 00's of 10's!</desc><category></category></programme><programme channel="ZUYMD644gm8YqYrbU65nwgSJ1lrAyvrUy5OvAfAi" start="20230104190000 +0000" stop="20230104193000 +0000" catchup-id="OV5sJO_xAsnrOmXXD3ENyUiGQ9G4ZfcnbKj3ze3l"><title>MUSIC MEMORIES : Boaz</title><date></date><icon src="https://m7be2.solocoo.tv/m7be2iphone/mmchan/mpimages/208x308/k4OIvKvwDWqjGh0JdEHt1Q.jpg"></icon><desc></desc><category></category></programme><programme channel="ZUYMD644gm8YqYrbU65nwgSJ1lrAyvrUy5OvAfAi" start="20230104193000 +0000" stop="20230104200000 +0000" catchup-id="7QEyOt_akgv8wmtAZyw4fRl8GR27leUq8vnXunox"><title>Platenbazen : De Bankzitters</title><date></date><icon src="https://m7be2.solocoo.tv/m7be2iphone/mmchan/mpimages/208x308/U1WcoL_wqUS69gf80Q9ZJw.jpg"></icon><desc>Platenbazen is terug! Voor de eerste aflevering van een gloednieuw seizoen zijn Koen &amp; Matthy van de bank getrokken. De Bankzitters scoren goed met hun video's, maar wie van de twee scoort er een gouden plaat in de leukste muziekquiz van ons land?</desc><category></category></programme><programme channel="ZUYMD644gm8YqYrbU65nwgSJ1lrAyvrUy5OvAfAi" start="20230104200000 +0000" stop="20230104210000 +0000" catchup-id="dXhPDvA-KLk2ss3WrHV_9rMralpOJIlBL5u9SIox"><title>De Hits Van Nu</title><date></date><icon src="https://m7be2.solocoo.tv/m7be2iphone/mmchan/mpimages/208x308/9Fbzt9O1s9ZOeBuXtFox2w.jpg"></icon><desc>Je ziet nu de meest actuele hits &amp; videoclips!</desc><category></category></programme><programme channel="ZUYMD644gm8YqYrbU65nwgSJ1lrAyvrUy5OvAfAi" start="20230104210000 +0000" stop="20230104213000 +0000" catchup-id="d_v8Y_UsSwePwx5y9D2vcI1BqbttokEICypiaz84"><title>MUSIC MEMORIES : Bente</title><date></date><icon src="https://m7be2.solocoo.tv/m7be2iphone/mmchan/mpimages/208x308/AapXJNbI6n9ub9MTieoHQw.jpg"></icon><desc></desc><category></category></programme><programme channel="ZUYMD644gm8YqYrbU65nwgSJ1lrAyvrUy5OvAfAi" start="20230104213000 +0000" stop="20230104220000 +0000" catchup-id="heFqUT9tGYSeaY9H7BNSGi_rbQ0gtu7dnPllwlCO"><title>Release Reacties : Sera</title><date></date><icon src="https://m7be2.solocoo.tv/m7be2iphone/mmchan/mpimages/208x308/zBWe8ms2UPkzzqObGXPZ4Q.jpg"></icon><desc>In Release Reacties checken jouw favoriete artiesten, BN'ers &amp; influencers de nieuwste releases. Ze geven hun ongezouten mening over de tracks en beantwoorden tegelijkertijd vragen over hun persoonlijke leven.</desc><category></category></programme><programme channel="ZUYMD644gm8YqYrbU65nwgSJ1lrAyvrUy5OvAfAi" start="20230104220000 +0000" stop="20230104230000 +0000" catchup-id="fwlj_WRlR8SoAV8-a4ytScLErMsnapr1wNufCDQy"><title>Het Laatste Rondje</title><date></date><icon src="https://m7be2.solocoo.tv/m7be2iphone/mmchan/mpimages/208x308/AbokzvTM1bAGSnLisijimQ.jpg"></icon><desc>Programmabeschrijving niet beschikbaar</desc><category></category></programme><programme channel="ZUYMD644gm8YqYrbU65nwgSJ1lrAyvrUy5OvAfAi" start="20230104230000 +0000" stop="20230105050000 +0000" catchup-id="VpCmZBm5QR1RfzgDy2WewBuzKkMmMOfRdTBWrCTM"><title>Non-Stop 538</title><date></date><icon src="https://m7be2.solocoo.tv/m7be2iphone/mmchan/mpimages/208x308/XGYm8mxuBzo6_osmlYmHpg.jpg"></icon><desc>Je ziet elke doordeweekse nacht in Non-Stop 538 de beste videoclips achter elkaar!</desc><category></category></programme><programme channel="ZUYMD644gm8YqYrbU65nwgSJ1lrAyvrUy5OvAfAi" start="20230105050000 +0000" stop="20230105090000 +0000" catchup-id="cGvPAgxPDOiougtqTsE2K8xJydMVg80-a4U-TgM8"><title>Kijk Radio: De 538 Ochtend met Bas</title><date></date><icon src="https://m7be2.solocoo.tv/m7be2iphone/mmchan/mpimages/260x145/31Gv-VAc5-S7UqtwayKSlA.jpg"></icon><desc>Sta goed op tijdens de 538 Ochtend met Bas Menting!</desc><category></category></programme><programme channel="ZUYMD644gm8YqYrbU65nwgSJ1lrAyvrUy5OvAfAi" start="20230105090000 +0000" stop="20230105110000 +0000" catchup-id="q4LWgVPRrrLda5RO9YLLTosmBocfcFLKfY64vdk_"><title>Kijk Radio: Lindo Duvall</title><date></date><icon src="https://m7be2.solocoo.tv/m7be2iphone/mmchan/mpimages/260x145/jerLrX-Sgp5yapUB4tV2Fw.jpg"></icon><desc>Geniet van de beste muziek samen met Lindo op TV 538!</desc><category></category></programme><programme channel="ZUYMD644gm8YqYrbU65nwgSJ1lrAyvrUy5OvAfAi" start="20230105110000 +0000" stop="20230105130000 +0000" catchup-id="Gy8J_TYlS8Rz5jTiHrel9YsgJ8KQJafVFdlzVbIx"><title>Kijk Radio: De 538 Lunch met Coen</title><date></date><icon src="https://m7be2.solocoo.tv/m7be2iphone/mmchan/mpimages/260x145/RBj5TuUuDe4ZM7rfXXu8Jw.jpg"></icon><desc>Geniet van de lekkerste hits samen met Coen Swijnenberg voor bij je lunch.</desc><category></category></programme><programme channel="ZUYMD644gm8YqYrbU65nwgSJ1lrAyvrUy5OvAfAi" start="20230105130000 +0000" stop="20230105150000 +0000" catchup-id="BXqEpN7N1OXaqNG0KxGHpuAmcNoaNacJ1bsJSoh_"><title>KIJK RADIO: MARK LABRAND</title><date></date><icon src="https://m7be2.solocoo.tv/m7be2iphone/mmchan/mpimages/260x145/wAadc4nC9L0q1FUol-EGYg.jpg"></icon><desc></desc><category></category></programme><programme channel="ZUYMD644gm8YqYrbU65nwgSJ1lrAyvrUy5OvAfAi" start="20230105150000 +0000" stop="20230105180000 +0000" catchup-id="e00kbE_9y6G0SPd-bCHFNf4bnLCfmyqIQehvk2Xs"><title>Kijk Radio: De 538 Middag met Dennis</title><date></date><icon src="https://m7be2.solocoo.tv/m7be2iphone/mmchan/mpimages/260x145/MirMhXLaXNlLiF-JxEyaIA.jpg"></icon><desc>Sluit je werkdag goed af tijdens de 538 Middag met Dennis Ruyer!</desc><category></category></programme><programme channel="ZUYMD644gm8YqYrbU65nwgSJ1lrAyvrUy5OvAfAi" start="20230105180000 +0000" stop="20230105190000 +0000" catchup-id="maQUqyuXYUbwxxqeVJD0LuR-H1k7MwnYC3Gx34d1"><title>538 Classics</title><date></date><icon src="https://m7be2.solocoo.tv/m7be2iphone/mmchan/mpimages/260x145/nzwLGFDAFift9fy-jajFWw.jpg"></icon><desc>In 538 Classics zie je de beste videoclips uit de 90's, 00's of 10's!</desc><category></category></programme><programme channel="ZUYMD644gm8YqYrbU65nwgSJ1lrAyvrUy5OvAfAi" start="20230105190000 +0000" stop="20230105193000 +0000" catchup-id="LV244X9VKY0rizllfMJWllzTDMN2At2HqZl9LUZJ"><title>MUSIC MEMORIES : Enzo Knol</title><date></date><icon src="https://m7be2.solocoo.tv/m7be2iphone/mmchan/mpimages/260x145/pq3sNVZHV4RecpQ7x8FZ-A.jpg"></icon><desc></desc><category></category></programme><programme channel="ZUYMD644gm8YqYrbU65nwgSJ1lrAyvrUy5OvAfAi" start="20230105193000 +0000" stop="20230105200000 +0000" catchup-id="N67-V7j-IvYepCupT1LgyCJ0cWvumhrf6HoAxjLb"><title>Release Reacties : Charlie Puth</title><date></date><icon src="https://m7be2.solocoo.tv/m7be2iphone/mmchan/mpimages/260x145/vNvFCeziqwSFqZaF3E7qfg.jpg"></icon><desc>Deze week recenseert Charlie Puth de nieuwste releases! Wat vindt hij van de nieuwe release van Kris Kross Amsterdam en Zoë Tauran? Hij geeft zijn mening over samples, praat hij over zijn jeugddromen, inspiratie voor nummers en onthult hij een artiest met wie hij graag zou willen samenwerken.</desc><category></category></programme><programme channel="ZUYMD644gm8YqYrbU65nwgSJ1lrAyvrUy5OvAfAi" start="20230105200000 +0000" stop="20230105210000 +0000" catchup-id="MkFryT0VsPX7czks6Nl83NacjncWZS-hIlXBAOPm"><title>De Hits Van Nu</title><date></date><icon src="https://m7be2.solocoo.tv/m7be2iphone/mmchan/mpimages/260x145/9Fbzt9O1s9ZOeBuXtFox2w.jpg"></icon><desc>Je ziet nu de meest actuele hits &amp; videoclips!</desc><category></category></programme><programme channel="ZUYMD644gm8YqYrbU65nwgSJ1lrAyvrUy5OvAfAi" start="20230105210000 +0000" stop="20230105213000 +0000" catchup-id="Qw_kjYCS9FmnnVXolfMTzj_nyR4Z1HCtFleRGQHJ"><title>MUSIC MEMORIES : Boaz</title><date></date><icon src="https://m7be2.solocoo.tv/m7be2iphone/mmchan/mpimages/260x145/k4OIvKvwDWqjGh0JdEHt1Q.jpg"></icon><desc></desc><category></category></programme><programme channel="ZUYMD644gm8YqYrbU65nwgSJ1lrAyvrUy5OvAfAi" start="20230105213000 +0000" stop="20230105220000 +0000" catchup-id="BiChnxW1vjM2y3XybxLHJ1ZCbRJ0x0c-kBdtu7l3"><title>Platenbazen : Viktor Verhulst en Queen of Jetlags</title><date></date><icon src="https://m7be2.solocoo.tv/m7be2iphone/mmchan/mpimages/260x145/nXyZpfxbql85Ay2XL2xRcA.jpg"></icon><desc></desc><category></category></programme><programme channel="ZUYMD644gm8YqYrbU65nwgSJ1lrAyvrUy5OvAfAi" start="20230105220000 +0000" stop="20230105230000 +0000" catchup-id="Xn3VYB-5xMFmpZakARxPmljZwQB4jnu3WRaMK8YY"><title>Het Laatste Rondje</title><date></date><icon src="https://m7be2.solocoo.tv/m7be2iphone/mmchan/mpimages/260x145/AbokzvTM1bAGSnLisijimQ.jpg"></icon><desc>Programmabeschrijving niet beschikbaar</desc><category></category></programme><programme channel="ZUYMD644gm8YqYrbU65nwgSJ1lrAyvrUy5OvAfAi" start="20230105230000 +0000" stop="20230106000000 +0000" catchup-id="PvG6A__fRhs_iKedovBYYDh0QV3uFXrck6o7FTNj"><title>538 Weekendmix</title><date></date><icon src="https://m7be2.solocoo.tv/m7be2iphone/mmchan/mpimages/260x145/G82YNxlCnUHOCooV0p1KYw.jpg"></icon><desc>De grootste hits uit de 538 top 50 en beste classics in een vette video-mix van een uur; dat is de 538 Weekendmix!</desc><category></category></programme><programme channel="ZUYMD644gm8YqYrbU65nwgSJ1lrAyvrUy5OvAfAi" start="20230106000000 +0000" stop="20230106010000 +0000" catchup-id="4HdRkIkq8NU9Oe7vxiKm49LOT_gIFZfSpVvIoBYf"><title>538 Weekendmix</title><date></date><icon src="https://m7be2.solocoo.tv/m7be2iphone/mmchan/mpimages/260x145/G82YNxlCnUHOCooV0p1KYw.jpg"></icon><desc>De grootste hits uit de 538 top 50 en beste classics in een vette video-mix van een uur; dat is de 538 Weekendmix!</desc><category></category></programme><programme channel="ZUYMD644gm8YqYrbU65nwgSJ1lrAyvrUy5OvAfAi" start="20230106010000 +0000" stop="20230106050000 +0000" catchup-id="Ba8IVSX1c7lRtnOp0w7XdOxoH_rY_lni4iZT3tzU"><title>Non-Stop 538</title><date></date><icon src="https://m7be2.solocoo.tv/m7be2iphone/mmchan/mpimages/260x145/XGYm8mxuBzo6_osmlYmHpg.jpg"></icon><desc>Je ziet elke doordeweekse nacht in Non-Stop 538 de beste videoclips achter elkaar!</desc><category></category></programme><programme channel="ZUYMD644gm8YqYrbU65nwgSJ1lrAyvrUy5OvAfAi" start="20230106050000 +0000" stop="20230106090000 +0000" catchup-id="Wq8U8Pljg108yi79H2BP6Vc3CtP8ayC0PvSaokmK"><title>Kijk Radio: De 538 Ochtend met Bas</title><date></date><icon src="https://m7be2.solocoo.tv/m7be2iphone/mmchan/mpimages/260x145/31Gv-VAc5-S7UqtwayKSlA.jpg"></icon><desc>Sta goed op tijdens de 538 Ochtend met Bas Menting!</desc><category></category></programme><programme channel="ZUYMD644gm8YqYrbU65nwgSJ1lrAyvrUy5OvAfAi" start="20230106090000 +0000" stop="20230106110000 +0000" catchup-id="Z7iwN7ADZMV0zkpyCvi-IQLebTaP65L5qMVw1yUA"><title>Kijk Radio: Lindo Duvall</title><date></date><icon src="https://m7be2.solocoo.tv/m7be2iphone/mmchan/mpimages/260x145/jerLrX-Sgp5yapUB4tV2Fw.jpg"></icon><desc>Geniet van de beste muziek samen met Lindo op TV 538!</desc><category></category></programme><programme channel="ZUYMD644gm8YqYrbU65nwgSJ1lrAyvrUy5OvAfAi" start="20230106110000 +0000" stop="20230106130000 +0000" catchup-id="ok1OPa48fMToJU-4-rQIb1qBvfkXgSi0iDfyx-E8"><title>Kijk Radio: De 538 Lunch met Dennis</title><date></date><icon src="https://m7be2.solocoo.tv/m7be2iphone/mmchan/mpimages/260x145/C_aeUhaltZM8LwAje3t54Q.jpg"></icon><desc>Geniet van de lekkerste hits samen met Dennis Ruyer voor bij je lunch.</desc><category></category></programme><programme channel="ZUYMD644gm8YqYrbU65nwgSJ1lrAyvrUy5OvAfAi" start="20230106130000 +0000" stop="20230106150000 +0000" catchup-id="QwkXwJRB58XLtmzg85BLoDhycrQNRO6daeHxFuRY"><title>KIJK RADIO: MARK LABRAND</title><date></date><icon src="https://m7be2.solocoo.tv/m7be2iphone/mmchan/mpimages/260x145/wAadc4nC9L0q1FUol-EGYg.jpg"></icon><desc></desc><category></category></programme><programme channel="ZUYMD644gm8YqYrbU65nwgSJ1lrAyvrUy5OvAfAi" start="20230106150000 +0000" stop="20230106180000 +0000" catchup-id="hJ5BzKHp2xxvulyszkiD2ZsN0M3Z4Cvq9c7K1f3l"><title>Kijk Radio: De 538 Middag met Dennis</title><date></date><icon src="https://m7be2.solocoo.tv/m7be2iphone/mmchan/mpimages/260x145/h2f_BKF95YJiz2C813sy6A.jpg"></icon><desc>Sluit je werkdag goed af tijdens de 538 Middag met Dennis Ruyer!</desc><category></category></programme><programme channel="ZUYMD644gm8YqYrbU65nwgSJ1lrAyvrUy5OvAfAi" start="20230106180000 +0000" stop="20230106210000 +0000" catchup-id="fb4z5Dovnw3oLvhPpAfhcDQ7dC27-Bs5tAZyZXwv"><title>Kijk Radio: Bas &amp; Iris : Bas &amp; Iris</title><date></date><icon src="https://m7be2.solocoo.tv/m7be2iphone/mmchan/mpimages/260x145/pF3DZMeFnE26MEXZUMPmHQ.jpg"></icon><desc>Geniet van de beste gesprekken en muziek samen met Bas &amp; Iris op TV 538!</desc><category></category></programme><programme channel="ZUYMD644gm8YqYrbU65nwgSJ1lrAyvrUy5OvAfAi" start="20230106210000 +0000" stop="20230106220000 +0000" catchup-id="CVcZBgrzdWU4NwC7hgmMplgJjUQqaOXSlkswR-bb"><title>538 Dance Classics</title><date></date><icon src="https://m7be2.solocoo.tv/m7be2iphone/mmchan/mpimages/260x145/LV_M4CChS_NYgQMByejXxg.jpg"></icon><desc>Programmabeschrijving niet beschikbaar</desc><category></category></programme><programme channel="ZUYMD644gm8YqYrbU65nwgSJ1lrAyvrUy5OvAfAi" start="20230106220000 +0000" stop="20230107000000 +0000" catchup-id="ktsT_2BAsyLnrqZIJx6zLM-9g0mJzBOy2XJ_2-Qo"><title>Huisfeestje</title><date></date><icon src="https://m7be2.solocoo.tv/m7be2iphone/mmchan/mpimages/260x145/awWCC0-EnNeRxRAWujJrtg.jpg"></icon><desc>Iedere vrijdag- en zaterdagavond de beste videoclips voor jouw ultieme party night!</desc><category></category></programme><programme channel="ZUYMD644gm8YqYrbU65nwgSJ1lrAyvrUy5OvAfAi" start="20230107000000 +0000" stop="20230107010000 +0000" catchup-id="v_kURvS5cUd-2pscRwzcIIs6RahqcMYihEV7zVSU"><title>538 Weekendmix</title><date></date><icon src="https://m7be2.solocoo.tv/m7be2iphone/mmchan/mpimages/260x145/G82YNxlCnUHOCooV0p1KYw.jpg"></icon><desc>De grootste hits uit de 538 top 50 en beste classics in een vette video-mix van een uur; dat is de 538 Weekendmix!</desc><category></category></programme><programme channel="ZUYMD644gm8YqYrbU65nwgSJ1lrAyvrUy5OvAfAi" start="20230107010000 +0000" stop="20230107020000 +0000" catchup-id="vNA5xuU18__VaH3tR3TKVELc6WXmrNt1lGCFY8tB"><title>538 Weekendmix</title><date></date><icon src="https://m7be2.solocoo.tv/m7be2iphone/mmchan/mpimages/260x145/G82YNxlCnUHOCooV0p1KYw.jpg"></icon><desc>De grootste hits uit de 538 top 50 en beste classics in een vette video-mix van een uur; dat is de 538 Weekendmix!</desc><category></category></programme><programme channel="ZUYMD644gm8YqYrbU65nwgSJ1lrAyvrUy5OvAfAi" start="20230107020000 +0000" stop="20230107050000 +0000" catchup-id="HVnOiijADemO6qmVHkJgrOn16SvmVnlRIes7rVV9"><title>De Nachtbrakers</title><date></date><icon src="https://m7be2.solocoo.tv/m7be2iphone/mmchan/mpimages/260x145/TjHXZSG6bX2Elm37CjClaQ.jpg"></icon><desc>In het weekend check je hier de beste muziek en clips om vrijdag-en zaterdagnacht door te komen.</desc><category></category></programme><programme channel="ZUYMD644gm8YqYrbU65nwgSJ1lrAyvrUy5OvAfAi" start="20230107050000 +0000" stop="20230107110000 +0000" catchup-id="R4ZEtm89z__ZjGMIx3Va4NAs9ChhtvdcxdDuzZJo"><title>Goedemorgen!</title><date></date><icon src="https://m7be2.solocoo.tv/m7be2iphone/mmchan/mpimages/260x145/qv6bMfXfO06AtjT1Z4MGKg.jpg"></icon><desc>De beste videoclips om mee wakker te worden!</desc><category></category></programme><programme channel="ZUYMD644gm8YqYrbU65nwgSJ1lrAyvrUy5OvAfAi" start="20230107110000 +0000" stop="20230107113000 +0000" catchup-id="NU9Ik826vaWRBtUfVtoGm0_Y9tetYQebYBU-6ScV"><title>MUSIC MEMORIES : Bente</title><date></date><icon src="https://m7be2.solocoo.tv/m7be2iphone/mmchan/mpimages/260x145/AapXJNbI6n9ub9MTieoHQw.jpg"></icon><desc></desc><category></category></programme><programme channel="ZUYMD644gm8YqYrbU65nwgSJ1lrAyvrUy5OvAfAi" start="20230107113000 +0000" stop="20230107115000 +0000" catchup-id="m79MOw2mdWkR8IfY-bsSQ9KbR2RJmB_VtcvT01ps"><title>Home of Hits : Snelle</title><date></date><icon src="https://m7be2.solocoo.tv/m7be2iphone/mmchan/mpimages/260x145/zLOF7EMY76YAbvnUDeCHxA.jpg"></icon><desc>Kraantje Pappie gaat langs bij Snelle thuis om te zien waar zijn hits ontstaan. Voor het eerst geeft hij een unieke rondleiding door zijn huis. Daarnaast vertelt hij over zijn transformatie van rauwe rapper naar singer song-rapper, is hij open over de mindere kanten van het artiestenleven en laat hij nieuwe muziek horen. En niet alleen van zichzelf, maar ook van Flemming! Check het snel in de allereerste aflevering van Home of Hits!</desc><category></category></programme><programme channel="ZUYMD644gm8YqYrbU65nwgSJ1lrAyvrUy5OvAfAi" start="20230107115000 +0000" stop="20230107120000 +0000" catchup-id="aUbVoQExiw7_p8lacQoFl-cZHlwuoxaVb14dmBUA"><title>Release Reacties : Froukje</title><date></date><icon src="https://m7be2.solocoo.tv/m7be2iphone/mmchan/mpimages/260x145/8WmGgL5s0fI-6IDnrkwCBA.jpg"></icon><desc>In Release Reacties checken jouw favoriete artiesten, BN'ers &amp; influencers de nieuwste releases. Ze geven hun ongezouten mening over de tracks en beantwoorden tegelijkertijd vragen over hun persoonlijke leven.</desc><category></category></programme><programme channel="ZUYMD644gm8YqYrbU65nwgSJ1lrAyvrUy5OvAfAi" start="20230107120000 +0000" stop="20230107140000 +0000" catchup-id="V-CPtFfefEwv3RaePYo9KSv8O_yXHu7bomtAdTB9"><title>Het Beste Van De 538 Top 50</title><date></date><icon src="https://m7be2.solocoo.tv/m7be2iphone/mmchan/mpimages/260x145/nUruONiXyBCch003_88kzg.jpg"></icon><desc>Iedere zaterdagmiddag zie je het beste van de 538 Top 50. De beste clips uit de lijst &amp; de top 10.</desc><category></category></programme><programme channel="ZUYMD644gm8YqYrbU65nwgSJ1lrAyvrUy5OvAfAi" start="20230107140000 +0000" stop="20230107150000 +0000" catchup-id="j_0kbwk_CPnGR9dYEyd2LdtMDsghkWY_lQhLesIJ"><title>Van eigen bodem</title><date></date><icon src="https://m7be2.solocoo.tv/m7be2iphone/mmchan/mpimages/260x145/VdgXQDAtl9E99ItSuBEGKw.jpg"></icon><desc>Elke zondagmiddag zie je de beste videoclips van eigen bodem. Van Armin van Buuren en Ronnie Flex tot DI-RECT en Davina Michelle!</desc><category></category></programme><programme channel="ZUYMD644gm8YqYrbU65nwgSJ1lrAyvrUy5OvAfAi" start="20230107150000 +0000" stop="20230107180000 +0000" catchup-id="5SyrvU0Z2ojkyc_y9dtQt1Q_dfl_26rapyqHU0Gr"><title>538 live vanaf Vrienden Van Amstel</title><date></date><icon src="https://m7be2.solocoo.tv/m7be2iphone/mmchan/mpimages/260x145/pkd3ZpJOM4ssKLuFHXu3tw.jpg"></icon><desc>Programmabeschrijving niet beschikbaar</desc><category></category></programme><programme channel="ZUYMD644gm8YqYrbU65nwgSJ1lrAyvrUy5OvAfAi" start="20230107180000 +0000" stop="20230107190000 +0000" catchup-id="St87O3WHCwpx-lMQpmU-k8ajZSmYfppVjC-cphTZ"><title>538 Classics</title><date></date><icon src="https://m7be2.solocoo.tv/m7be2iphone/mmchan/mpimages/260x145/nzwLGFDAFift9fy-jajFWw.jpg"></icon><desc>In 538 Classics zie je de beste videoclips uit de 90's, 00's of 10's!</desc><category></category></programme><programme channel="ZUYMD644gm8YqYrbU65nwgSJ1lrAyvrUy5OvAfAi" start="20230107190000 +0000" stop="20230107193000 +0000" catchup-id="sypCZTZeDohozCpuF6rz61SIdF3skjfnaT1B_Sl-"><title>MUSIC MEMORIES : Enzo Knol</title><date></date><icon src="https://m7be2.solocoo.tv/m7be2iphone/mmchan/mpimages/260x145/pq3sNVZHV4RecpQ7x8FZ-A.jpg"></icon><desc></desc><category></category></programme><programme channel="ZUYMD644gm8YqYrbU65nwgSJ1lrAyvrUy5OvAfAi" start="20230107193000 +0000" stop="20230107195000 +0000" catchup-id="r0YUtn3DViE-ewh9xezvT56GAtFAl34zv3SOw5z-"><title>Home of Hits : Flemming</title><date></date><icon src="https://m7be2.solocoo.tv/m7be2iphone/mmchan/mpimages/260x145/fAQpmioVXspFOcqoOXzt4w.jpg"></icon><desc>In Home Of Hits gaat Kraantje Pappie langs bij vier verschillende artiesten om te kijken waar hun hits zijn ontstaan. Waar wonen ze? Hoe zijn ze in de muziekwereld beland? En waar nemen ze deze mega hits op? Kortom een uniek kijkje achter de voordeur!</desc><category></category></programme><programme channel="ZUYMD644gm8YqYrbU65nwgSJ1lrAyvrUy5OvAfAi" start="20230107195000 +0000" stop="20230107200000 +0000" catchup-id="xHliAPDk07w0HlYNSlST4592GcHEw5Yys6etDy-v"><title>Release Reacties : Sera</title><date></date><icon src="https://m7be2.solocoo.tv/m7be2iphone/mmchan/mpimages/260x145/zBWe8ms2UPkzzqObGXPZ4Q.jpg"></icon><desc>In Release Reacties checken jouw favoriete artiesten, BN'ers &amp; influencers de nieuwste releases. Ze geven hun ongezouten mening over de tracks en beantwoorden tegelijkertijd vragen over hun persoonlijke leven.</desc><category></category></programme><programme channel="ZUYMD644gm8YqYrbU65nwgSJ1lrAyvrUy5OvAfAi" start="20230107200000 +0000" stop="20230107210000 +0000" catchup-id="qVvx-K3opUtkQdQf4vJ45ngiUYbnH4VZRwSSejhS"><title>De Hits Van Nu</title><date></date><icon src="https://m7be2.solocoo.tv/m7be2iphone/mmchan/mpimages/260x145/9Fbzt9O1s9ZOeBuXtFox2w.jpg"></icon><desc>Je ziet nu de meest actuele hits &amp; videoclips!</desc><category></category></programme><programme channel="ZUYMD644gm8YqYrbU65nwgSJ1lrAyvrUy5OvAfAi" start="20230107210000 +0000" stop="20230107220000 +0000" catchup-id="OKFrBx1soWnXpojSQLfSmq3OZ5aq7MgBe_2SD2PB"><title>538 Dance Classics</title><date></date><icon src="https://m7be2.solocoo.tv/m7be2iphone/mmchan/mpimages/260x145/LV_M4CChS_NYgQMByejXxg.jpg"></icon><desc>Programmabeschrijving niet beschikbaar</desc><category></category></programme><programme channel="ZUYMD644gm8YqYrbU65nwgSJ1lrAyvrUy5OvAfAi" start="20230107220000 +0000" stop="20230107230000 +0000" catchup-id="Y2YzoemiOIOUZqoyC3zsvNTf5k4E7h0-El8-lslw"><title>538 Weekendmix</title><date></date><icon src="https://m7be2.solocoo.tv/m7be2iphone/mmchan/mpimages/260x145/G82YNxlCnUHOCooV0p1KYw.jpg"></icon><desc>De grootste hits uit de 538 top 50 en beste classics in een vette video-mix van een uur; dat is de 538 Weekendmix!</desc><category></category></programme><programme channel="ZUYMD644gm8YqYrbU65nwgSJ1lrAyvrUy5OvAfAi" start="20230107230000 +0000" stop="20230108000000 +0000" catchup-id="0HkLbXswICy280wu0c8DNMeaR8ZE4QTCUHj5qRfe"><title>538 Weekendmix</title><date></date><icon src="https://m7be2.solocoo.tv/m7be2iphone/mmchan/mpimages/260x145/G82YNxlCnUHOCooV0p1KYw.jpg"></icon><desc>De grootste hits uit de 538 top 50 en beste classics in een vette video-mix van een uur; dat is de 538 Weekendmix!</desc><category></category></programme><programme channel="ZUYMD644gm8YqYrbU65nwgSJ1lrAyvrUy5OvAfAi" start="20230108000000 +0000" stop="20230108050000 +0000" catchup-id="-VBIKm8_wr53POlCuM_bo5IlwXmj--9ezMKMtUM1"><title>De Nachtbrakers</title><date></date><icon src="https://m7be2.solocoo.tv/m7be2iphone/mmchan/mpimages/260x145/E1QVtT64yDkpWzBDW2__Ew.jpg"></icon><desc>In het weekend check je hier de beste muziek en clips om vrijdag-en zaterdagnacht door te komen.</desc><category></category></programme><programme channel="ZUYMD644gm8YqYrbU65nwgSJ1lrAyvrUy5OvAfAi" start="20230108050000 +0000" stop="20230108110000 +0000" catchup-id="G0H8u2J9yRQDH6XzyJQJROrvi9uSQusiPnhWcrKO"><title>Goedemorgen!</title><date></date><icon src="https://m7be2.solocoo.tv/m7be2iphone/mmchan/mpimages/260x145/b9hZt9y7B7JKWWJb-wjDVg.jpg"></icon><desc>De beste videoclips om mee wakker te worden!</desc><category></category></programme><programme channel="ZUYMD644gm8YqYrbU65nwgSJ1lrAyvrUy5OvAfAi" start="20230108110000 +0000" stop="20230108113000 +0000" catchup-id="Q15x4iEIzMRFO5kv7mm15vVbrDkoPx-jM81PjksS"><title>MUSIC MEMORIES : Boaz</title><date></date><icon src="https://m7be2.solocoo.tv/m7be2iphone/mmchan/mpimages/260x145/k4OIvKvwDWqjGh0JdEHt1Q.jpg"></icon><desc></desc><category></category></programme><programme channel="ZUYMD644gm8YqYrbU65nwgSJ1lrAyvrUy5OvAfAi" start="20230108113000 +0000" stop="20230108115000 +0000" catchup-id="bbptSQ5Ph3VQ7J1do37ZuG9q4RtwcG9tSpotKcMA"><title>Home of Hits : Bizzey</title><date></date><icon src="https://m7be2.solocoo.tv/m7be2iphone/mmchan/mpimages/260x145/rqLmWK26pnnVHGI6k0JJDw.jpg"></icon><desc>In deze aflevering gaat Kraantje Pappie op bezoek bij Bizzey! Hij laat een openhartige en kwetsbare kant van zichzelf zien. Zo vertelt hij onder andere dat hij zich weleens verschuilt achter het personage Bizzey uit onzekerheid. Verder laat hij twee dikke tracks horen die nog op de plank liggen, waaronder eentje met Bilal! Dit en nog veel meer zie je in de nieuwste Home of Hits!</desc><category></category></programme><programme channel="ZUYMD644gm8YqYrbU65nwgSJ1lrAyvrUy5OvAfAi" start="20230108115000 +0000" stop="20230108120000 +0000" catchup-id="l_dXlctaEGx2ELCWcwA08BJIf66Hdjw3BLsvJ4Ky"><title>Release Reacties : Charlie Puth</title><date></date><icon src="https://m7be2.solocoo.tv/m7be2iphone/mmchan/mpimages/260x145/vNvFCeziqwSFqZaF3E7qfg.jpg"></icon><desc>Deze week recenseert Charlie Puth de nieuwste releases! Wat vindt hij van de nieuwe release van Kris Kross Amsterdam en Zoë Tauran? Hij geeft zijn mening over samples, praat hij over zijn jeugddromen, inspiratie voor nummers en onthult hij een artiest met wie hij graag zou willen samenwerken.</desc><category></category></programme><programme channel="ZUYMD644gm8YqYrbU65nwgSJ1lrAyvrUy5OvAfAi" start="20230108120000 +0000" stop="20230108130000 +0000" catchup-id="NGFWf6Sz5H3B5YwkVGmHAVADz1jkDupYn47cOLdJ"><title>Van eigen bodem</title><date></date><icon src="https://m7be2.solocoo.tv/m7be2iphone/mmchan/mpimages/260x145/VdgXQDAtl9E99ItSuBEGKw.jpg"></icon><desc>Elke zondagmiddag zie je de beste videoclips van eigen bodem. Van Armin van Buuren en Ronnie Flex tot DI-RECT en Davina Michelle!</desc><category></category></programme><programme channel="ZUYMD644gm8YqYrbU65nwgSJ1lrAyvrUy5OvAfAi" start="20230108130000 +0000" stop="20230108170000 +0000" catchup-id="nnHh4WJ4lxfWTAIGYA9-Jmz1ct87UrhnDo_mpBSu"><title>Kijk Radio: 538 top 50 : 538 top 50</title><date></date><icon src="https://m7be2.solocoo.tv/m7be2iphone/mmchan/mpimages/260x145/h2f_BKF95YJiz2C813sy6A.jpg"></icon><desc>Elke zondag zie je de meest actuele hitlijst van Nederland: de 538 Top 50!</desc><category></category></programme><programme channel="ZUYMD644gm8YqYrbU65nwgSJ1lrAyvrUy5OvAfAi" start="20230108170000 +0000" stop="20230108200000 +0000" catchup-id="dSQvIx4OaHWHDeiJ6Kf6vaehvnak9tVLGhsp5GE5"><title>538 live vanaf Vrienden Van Amstel</title><date></date><icon src="https://m7be2.solocoo.tv/m7be2iphone/mmchan/mpimages/260x145/pkd3ZpJOM4ssKLuFHXu3tw.jpg"></icon><desc>Programmabeschrijving niet beschikbaar</desc><category></category></programme><programme channel="ZUYMD644gm8YqYrbU65nwgSJ1lrAyvrUy5OvAfAi" start="20230108200000 +0000" stop="20230108230000 +0000" catchup-id="zopMNIpgnweYMyIaH61VnZP67io6mORooVvz3-iv"><title>Easy Sunday</title><date></date><icon src="https://m7be2.solocoo.tv/m7be2iphone/mmchan/mpimages/260x145/wT3qbrXPXuGRZYf8dJA4dA.jpg"></icon><desc>Op TV 538 zie je elke zondagavond tussen 21:00 en 00:00 uur de meest relaxste videoclips voor het afsluiten van je weekend.</desc><category></category></programme><programme channel="ZUYMD644gm8YqYrbU65nwgSJ1lrAyvrUy5OvAfAi" start="20230108230000 +0000" stop="20230109050000 +0000" catchup-id="JozP2HktN8BxxgkyEKZhNb27zPFMy6wxjSdbOXDd"><title>Non-Stop 538</title><date></date><icon src="https://m7be2.solocoo.tv/m7be2iphone/mmchan/mpimages/260x145/XGYm8mxuBzo6_osmlYmHpg.jpg"></icon><desc>Je ziet elke doordeweekse nacht in Non-Stop 538 de beste videoclips achter elkaar!</desc><category></category></programme><programme channel="ZUYMD644gm8YqYrbU65nwgSJ1lrAyvrUy5OvAfAi" start="20230109050000 +0000" stop="20230109090000 +0000" catchup-id="QHe3buJkTIE24q2nmFIGmCRd4_9YBdgqVmjBR59O"><title>Kijk Radio: De 538 Ochtend met Wietze en Klaas</title><date></date><icon src="https://m7be2.solocoo.tv/m7be2iphone/mmchan/mpimages/260x145/Nluw5z3lNPz6dhaCB4VqbA.jpg"></icon><desc>Begin je (thuis)werkdag met Wietze en Klaas! Luister en kijk iedere werkdag tussen 06:00 en 10:00 uur naar De 538 Ochtend met Wietze en Klaas op TV 538.</desc><category></category></programme><programme channel="ZUYMD644gm8YqYrbU65nwgSJ1lrAyvrUy5OvAfAi" start="20230109090000 +0000" stop="20230109110000 +0000" catchup-id="15BR8w4t6POCFlVsH6RhFfFcj271nTHFouPzB5o6"><title>Kijk Radio: Lindo Duvall</title><date></date><icon src="https://m7be2.solocoo.tv/m7be2iphone/mmchan/mpimages/260x145/jerLrX-Sgp5yapUB4tV2Fw.jpg"></icon><desc>Geniet van de beste muziek samen met Lindo op TV 538!</desc><category></category></programme><programme channel="ZUYMD644gm8YqYrbU65nwgSJ1lrAyvrUy5OvAfAi" start="20230109110000 +0000" stop="20230109130000 +0000" catchup-id="StAkFoU49xeBRJqACW73SkFpJ7J9IQvRBwUfsC9q"><title>Kijk Radio: De 538 Lunch met Coen</title><date></date><icon src="https://m7be2.solocoo.tv/m7be2iphone/mmchan/mpimages/260x145/RBj5TuUuDe4ZM7rfXXu8Jw.jpg"></icon><desc>Geniet van de lekkerste hits samen met Coen Swijnenberg voor bij je lunch.</desc><category></category></programme><programme channel="ZUYMD644gm8YqYrbU65nwgSJ1lrAyvrUy5OvAfAi" start="20230109130000 +0000" stop="20230109150000 +0000" catchup-id="RamhvRY5YRQLN3rE3_Oy3B3_BC2F1MsRtWk487rU"><title>KIJK RADIO: MARK LABRAND</title><date></date><icon src="https://m7be2.solocoo.tv/m7be2iphone/mmchan/mpimages/260x145/wAadc4nC9L0q1FUol-EGYg.jpg"></icon><desc></desc><category></category></programme><programme channel="ZUYMD644gm8YqYrbU65nwgSJ1lrAyvrUy5OvAfAi" start="20230109150000 +0000" stop="20230109180000 +0000" catchup-id="iwUDtt4oD7WzmMlzFODOfwaV0YhNEPFgZFjg_nPV"><title>Kijk Radio: De 538 Middag met Frank Dane</title><date></date><icon src="https://m7be2.solocoo.tv/m7be2iphone/mmchan/mpimages/260x145/5IXocgvQl2m7qBz1ikw-ZQ.jpg"></icon><desc>Sluit je werkdag goed af tijdens de 538 Middag met Frank Dane!</desc><category></category></programme><programme channel="ZUYMD644gm8YqYrbU65nwgSJ1lrAyvrUy5OvAfAi" start="20230109180000 +0000" stop="20230109190000 +0000" catchup-id="ncvS-ehmriR7erxFu3UH-3O8xZA6Jr5pWSRaDO2B"><title>538 Classics</title><date></date><icon src="https://m7be2.solocoo.tv/m7be2iphone/mmchan/mpimages/260x145/nzwLGFDAFift9fy-jajFWw.jpg"></icon><desc>In 538 Classics zie je de beste videoclips uit de 90's, 00's of 10's!</desc><category></category></programme><programme channel="ZUYMD644gm8YqYrbU65nwgSJ1lrAyvrUy5OvAfAi" start="20230109190000 +0000" stop="20230109193000 +0000" catchup-id="zhbmZYtHXJ8S5SShUksPZ4H0g9Nxw1IvKNQ81b6B"><title>MUSIC MEMORIES : Bente</title><date></date><icon src="https://m7be2.solocoo.tv/m7be2iphone/mmchan/mpimages/260x145/AapXJNbI6n9ub9MTieoHQw.jpg"></icon><desc></desc><category></category></programme><programme channel="ZUYMD644gm8YqYrbU65nwgSJ1lrAyvrUy5OvAfAi" start="20230109193000 +0000" stop="20230109200000 +0000" catchup-id="-1meH1tL0cikiR-wJ5EdNCQj3iBm-PZzk1MV46SV"><title>Home of Hits : S10</title><date></date><icon src="https://m7be2.solocoo.tv/m7be2iphone/mmchan/mpimages/260x145/Etc63IxJEuqrk0TjHnPYnA.jpg"></icon><desc>In deze laatste aflevering van Home of Hits gaat Kraantje Pappie langs bij S10. Ze vertelt hoe ze is begonnen met muziek maken en zegt het soms vervelend te vinden dat haar mentalegezondheid haar identiteit is geworden. Volgende week komt haar nieuwe album uit en Kraantje kreeg een primeur van een wel hele toffe samenwerking! Dit en nog veel meer zie je in de nieuwste Home of Hits!</desc><category></category></programme><programme channel="ZUYMD644gm8YqYrbU65nwgSJ1lrAyvrUy5OvAfAi" start="20230109200000 +0000" stop="20230109210000 +0000" catchup-id="MvUT8JYymYH9bLZb_7tcSraJRm3sNaIAn5MsNJe7"><title>De Hits Van Nu</title><date></date><icon src="https://m7be2.solocoo.tv/m7be2iphone/mmchan/mpimages/260x145/9Fbzt9O1s9ZOeBuXtFox2w.jpg"></icon><desc>Je ziet nu de meest actuele hits &amp; videoclips!</desc><category></category></programme><programme channel="ZUYMD644gm8YqYrbU65nwgSJ1lrAyvrUy5OvAfAi" start="20230109210000 +0000" stop="20230109211000 +0000" catchup-id="FIjomEvBtqVeDDubZdojlLcdLQXpKSCpEkSrqbE3"><title>Release Reacties : Froukje</title><date></date><icon src="https://m7be2.solocoo.tv/m7be2iphone/mmchan/mpimages/260x145/8WmGgL5s0fI-6IDnrkwCBA.jpg"></icon><desc>In Release Reacties checken jouw favoriete artiesten, BN'ers &amp; influencers de nieuwste releases. Ze geven hun ongezouten mening over de tracks en beantwoorden tegelijkertijd vragen over hun persoonlijke leven.</desc><category></category></programme><programme channel="ZUYMD644gm8YqYrbU65nwgSJ1lrAyvrUy5OvAfAi" start="20230109211000 +0000" stop="20230109213000 +0000" catchup-id="l2thPYaMLknl27gIq3yOVcw-tLeF3j4tQozir06v"><title>Home of Hits : Snelle</title><date></date><icon src="https://m7be2.solocoo.tv/m7be2iphone/mmchan/mpimages/260x145/zLOF7EMY76YAbvnUDeCHxA.jpg"></icon><desc>Kraantje Pappie gaat langs bij Snelle thuis om te zien waar zijn hits ontstaan. Voor het eerst geeft hij een unieke rondleiding door zijn huis. Daarnaast vertelt hij over zijn transformatie van rauwe rapper naar singer song-rapper, is hij open over de mindere kanten van het artiestenleven en laat hij nieuwe muziek horen. En niet alleen van zichzelf, maar ook van Flemming! Check het snel in de allereerste aflevering van Home of Hits!</desc><category></category></programme><programme channel="ZUYMD644gm8YqYrbU65nwgSJ1lrAyvrUy5OvAfAi" start="20230109213000 +0000" stop="20230109220000 +0000" catchup-id="VqL4OAhu7bLGTpOgKDuqYNOcNV_aq6oRyxUL9-bE"><title>MUSIC MEMORIES : Enzo Knol</title><date></date><icon src="https://m7be2.solocoo.tv/m7be2iphone/mmchan/mpimages/260x145/pq3sNVZHV4RecpQ7x8FZ-A.jpg"></icon><desc></desc><category></category></programme><programme channel="ZUYMD644gm8YqYrbU65nwgSJ1lrAyvrUy5OvAfAi" start="20230109220000 +0000" stop="20230109230000 +0000" catchup-id="F6gCnNEfJ9tdl8ujx9TTXNNjjMZ4E-2RZBkuOieC"><title>Het Laatste Rondje</title><date></date><icon src="https://m7be2.solocoo.tv/m7be2iphone/mmchan/mpimages/260x145/AbokzvTM1bAGSnLisijimQ.jpg"></icon><desc>De beste muziek en videoclips om je dag mee af te sluiten!</desc><category></category></programme><programme channel="ZUYMD644gm8YqYrbU65nwgSJ1lrAyvrUy5OvAfAi" start="20230109230000 +0000" stop="20230110050000 +0000" catchup-id="Mn0DBq_VAxM2q63KHK6vUsvkQxAOV6MuEB_JGndL"><title>Non-Stop 538</title><date></date><icon src="https://m7be2.solocoo.tv/m7be2iphone/mmchan/mpimages/260x145/XGYm8mxuBzo6_osmlYmHpg.jpg"></icon><desc>Je ziet elke doordeweekse nacht in Non-Stop 538 de beste videoclips achter elkaar!</desc><category></category></programme><programme channel="ZUYMD644gm8YqYrbU65nwgSJ1lrAyvrUy5OvAfAi" start="20230110050000 +0000" stop="20230110090000 +0000" catchup-id="j1B8CED9CCHEE-PgclKXZh6zOJvghT2V9faXHf9f"><title>Kijk Radio: De 538 Ochtend met Wietze en Klaas</title><date></date><icon src="https://m7be2.solocoo.tv/m7be2iphone/mmchan/mpimages/260x145/Nluw5z3lNPz6dhaCB4VqbA.jpg"></icon><desc>Begin je (thuis)werkdag met Wietze en Klaas! Luister en kijk iedere werkdag tussen 06:00 en 10:00 uur naar De 538 Ochtend met Wietze en Klaas op TV 538.</desc><category></category></programme><programme channel="ZUYMD644gm8YqYrbU65nwgSJ1lrAyvrUy5OvAfAi" start="20230110090000 +0000" stop="20230110110000 +0000" catchup-id="94DnxBcQO-eCRYow7K2J6Sw95QZ5eeP2I4qZQNjH"><title>Kijk Radio: Lindo Duvall</title><date></date><icon src="https://m7be2.solocoo.tv/m7be2iphone/mmchan/mpimages/260x145/jerLrX-Sgp5yapUB4tV2Fw.jpg"></icon><desc>Geniet van de beste muziek samen met Lindo op TV 538!</desc><category></category></programme><programme channel="ZUYMD644gm8YqYrbU65nwgSJ1lrAyvrUy5OvAfAi" start="20230110110000 +0000" stop="20230110130000 +0000" catchup-id="8Y1bFTJ5gBxUdLaxLrhMfRuG-NIQCkP4gPqTyP2Z"><title>Kijk Radio: De 538 Lunch met Coen</title><date></date><icon src="https://m7be2.solocoo.tv/m7be2iphone/mmchan/mpimages/260x145/RBj5TuUuDe4ZM7rfXXu8Jw.jpg"></icon><desc>Geniet van de lekkerste hits samen met Coen Swijnenberg voor bij je lunch.</desc><category></category></programme><programme channel="ZUYMD644gm8YqYrbU65nwgSJ1lrAyvrUy5OvAfAi" start="20230110130000 +0000" stop="20230110150000 +0000" catchup-id="jQCPOraZ5jQO6iSOBG8dPbQWuqVzkHcvP9M-tPdE"><title>KIJK RADIO: MARK LABRAND</title><date></date><icon src="https://m7be2.solocoo.tv/m7be2iphone/mmchan/mpimages/260x145/wAadc4nC9L0q1FUol-EGYg.jpg"></icon><desc></desc><category></category></programme><programme channel="ZUYMD644gm8YqYrbU65nwgSJ1lrAyvrUy5OvAfAi" start="20230110150000 +0000" stop="20230110180000 +0000" catchup-id="FitJ7ulG9qv6R4EVd6RS-XI85K4k5MLMfDzLxzWr"><title>Kijk Radio: De 538 Middag met Frank Dane : De 538 Middag met Frank Dane</title><date></date><icon src="https://m7be2.solocoo.tv/m7be2iphone/mmchan/mpimages/260x145/5IXocgvQl2m7qBz1ikw-ZQ.jpg"></icon><desc>Sluit je werkdag goed af tijdens de 538 Middag met Frank Dane!</desc><category></category></programme><programme channel="ZUYMD644gm8YqYrbU65nwgSJ1lrAyvrUy5OvAfAi" start="20230110180000 +0000" stop="20230110190000 +0000" catchup-id="KhKx1mB82oxZxsNfad5CWLSlMxpDG2qoMx_D6gTP"><title>538 Classics</title><date></date><icon src="https://m7be2.solocoo.tv/m7be2iphone/mmchan/mpimages/260x145/nzwLGFDAFift9fy-jajFWw.jpg"></icon><desc>In 538 Classics zie je de beste videoclips uit de 90's, 00's of 10's!</desc><category></category></programme><programme channel="ZUYMD644gm8YqYrbU65nwgSJ1lrAyvrUy5OvAfAi" start="20230110190000 +0000" stop="20230110191000 +0000" catchup-id="jdhRKd__9puZlkO_gX8MvVhVNPLPPEP02FY1Lg0m"><title>Release Reacties : Sera</title><date></date><icon src="https://m7be2.solocoo.tv/m7be2iphone/mmchan/mpimages/260x145/zBWe8ms2UPkzzqObGXPZ4Q.jpg"></icon><desc>In Release Reacties checken jouw favoriete artiesten, BN'ers &amp; influencers de nieuwste releases. Ze geven hun ongezouten mening over de tracks en beantwoorden tegelijkertijd vragen over hun persoonlijke leven.</desc><category></category></programme><programme channel="ZUYMD644gm8YqYrbU65nwgSJ1lrAyvrUy5OvAfAi" start="20230110191000 +0000" stop="20230110193000 +0000" catchup-id="aeBCwt6PJd9X8zrH7oQM1qAZeRPdMKs28kyoAFDU"><title>Home of Hits : Flemming</title><date></date><icon src="https://m7be2.solocoo.tv/m7be2iphone/mmchan/mpimages/260x145/fAQpmioVXspFOcqoOXzt4w.jpg"></icon><desc>In Home Of Hits gaat Kraantje Pappie langs bij vier verschillende artiesten om te kijken waar hun hits zijn ontstaan. Waar wonen ze? Hoe zijn ze in de muziekwereld beland? En waar nemen ze deze mega hits op? Kortom een uniek kijkje achter de voordeur!</desc><category></category></programme><programme channel="ZUYMD644gm8YqYrbU65nwgSJ1lrAyvrUy5OvAfAi" start="20230110193000 +0000" stop="20230110200000 +0000" catchup-id="p7SYp6z_KZEV17un6FKmT90vzsi70f3wWaSd86zs"><title>MUSIC MEMORIES : Nesim</title><date></date><icon src="https://m7be2.solocoo.tv/m7be2iphone/mmchan/mpimages/260x145/aewuBj7d00TYfpyHv97t0Q.jpg"></icon><desc></desc><category></category></programme><programme channel="ZUYMD644gm8YqYrbU65nwgSJ1lrAyvrUy5OvAfAi" start="20230110200000 +0000" stop="20230110210000 +0000" catchup-id="C3WxU9xB_bOS2_2Dz8MD1L7-2uQOStqbX3oM4TYa"><title>De Hits Van Nu</title><date></date><icon src="https://m7be2.solocoo.tv/m7be2iphone/mmchan/mpimages/260x145/9Fbzt9O1s9ZOeBuXtFox2w.jpg"></icon><desc>Je ziet nu de meest actuele hits &amp; videoclips!</desc><category></category></programme><programme channel="ZUYMD644gm8YqYrbU65nwgSJ1lrAyvrUy5OvAfAi" start="20230110210000 +0000" stop="20230110213000 +0000" catchup-id="H_cXbvZR8GKPy7jF2BurrGlX5MOMlClmp4oD-eH8"><title>MUSIC MEMORIES : Boaz</title><date></date><icon src="https://m7be2.solocoo.tv/m7be2iphone/mmchan/mpimages/260x145/k4OIvKvwDWqjGh0JdEHt1Q.jpg"></icon><desc></desc><category></category></programme><programme channel="ZUYMD644gm8YqYrbU65nwgSJ1lrAyvrUy5OvAfAi" start="20230110213000 +0000" stop="20230110220000 +0000" catchup-id="HQODRlWHC52npSat4NVRd0P4Wxx6xrLj2mtCRPy1"><title>MUSIC MEMORIES : Bente</title><date></date><icon src="https://m7be2.solocoo.tv/m7be2iphone/mmchan/mpimages/260x145/AapXJNbI6n9ub9MTieoHQw.jpg"></icon><desc></desc><category></category></programme><programme channel="ZUYMD644gm8YqYrbU65nwgSJ1lrAyvrUy5OvAfAi" start="20230110220000 +0000" stop="20230110230000 +0000" catchup-id="4b2amKvG3-LWMkIKEnjREbc_E01qDCs-_lZnH0R2"><title>Het Laatste Rondje</title><date></date><icon src="https://m7be2.solocoo.tv/m7be2iphone/mmchan/mpimages/260x145/AbokzvTM1bAGSnLisijimQ.jpg"></icon><desc>De beste muziek en videoclips om je dag mee af te sluiten!</desc><category></category></programme><programme channel="ZUYMD644gm8YqYrbU65nwgSJ1lrAyvrUy5OvAfAi" start="20230110230000 +0000" stop="20230111050000 +0000" catchup-id="pEurFl22Mr9B_c_8A99KbR8ALpqJA1FaOQJ4Dft-"><title>Non-Stop 538</title><date></date><icon src="https://m7be2.solocoo.tv/m7be2iphone/mmchan/mpimages/260x145/XGYm8mxuBzo6_osmlYmHpg.jpg"></icon><desc>Je ziet elke doordeweekse nacht in Non-Stop 538 de beste videoclips achter elkaar!</desc><category></category></programme><programme channel="ZUYMD644gm8YqYrbU65nwgSJ1lrAyvrUy5OvAfAi" start="20230111050000 +0000" stop="20230111090000 +0000" catchup-id="ctOy4wr8BwRRQMW6w_RKneJSJlAaBUJQJNzplcfY"><title>Kijk Radio: De 538 Ochtend met Wietze en Klaas</title><date></date><icon src="https://m7be2.solocoo.tv/m7be2iphone/mmchan/mpimages/260x145/Nluw5z3lNPz6dhaCB4VqbA.jpg"></icon><desc>Begin je (thuis)werkdag met Wietze en Klaas! Luister en kijk iedere werkdag tussen 06:00 en 10:00 uur naar De 538 Ochtend met Wietze en Klaas op TV 538.</desc><category></category></programme><programme channel="ZUYMD644gm8YqYrbU65nwgSJ1lrAyvrUy5OvAfAi" start="20230111090000 +0000" stop="20230111110000 +0000" catchup-id="r9TVib_TW6bPDzc6pFi_K6wZ7_mCa_6znJqRZU2l"><title>Kijk Radio: Lindo Duvall</title><date></date><icon src="https://m7be2.solocoo.tv/m7be2iphone/mmchan/mpimages/260x145/jerLrX-Sgp5yapUB4tV2Fw.jpg"></icon><desc>Geniet van de beste muziek samen met Lindo op TV 538!</desc><category></category></programme><programme channel="ZUYMD644gm8YqYrbU65nwgSJ1lrAyvrUy5OvAfAi" start="20230111110000 +0000" stop="20230111130000 +0000" catchup-id="CBBkOnMaPXsy96F2WxLtx0lt8p9Z3GVD2T5fQIfR"><title>Kijk Radio: De 538 Lunch met Coen</title><date></date><icon src="https://m7be2.solocoo.tv/m7be2iphone/mmchan/mpimages/260x145/RBj5TuUuDe4ZM7rfXXu8Jw.jpg"></icon><desc>Geniet van de lekkerste hits samen met Coen Swijnenberg voor bij je lunch.</desc><category></category></programme><programme channel="ZUYMD644gm8YqYrbU65nwgSJ1lrAyvrUy5OvAfAi" start="20230111130000 +0000" stop="20230111150000 +0000" catchup-id="jMckGEod0ovt_rblHvUuqBnYi0t-vV9oPukgBCxd"><title>KIJK RADIO: MARK LABRAND</title><date></date><icon src="https://m7be2.solocoo.tv/m7be2iphone/mmchan/mpimages/260x145/wAadc4nC9L0q1FUol-EGYg.jpg"></icon><desc></desc><category></category></programme><programme channel="ZUYMD644gm8YqYrbU65nwgSJ1lrAyvrUy5OvAfAi" start="20230111150000 +0000" stop="20230111180000 +0000" catchup-id="xdNVFQXWkxNfm-yj2u1kSlhodgW6ckS1IwflAJ1O"><title>Kijk Radio: De 538 Middag met Frank Dane</title><date></date><icon src="https://m7be2.solocoo.tv/m7be2iphone/mmchan/mpimages/260x145/5IXocgvQl2m7qBz1ikw-ZQ.jpg"></icon><desc>Sluit je werkdag goed af tijdens de 538 Middag met Frank Dane!</desc><category></category></programme><programme channel="ZUYMD644gm8YqYrbU65nwgSJ1lrAyvrUy5OvAfAi" start="20230111180000 +0000" stop="20230111190000 +0000" catchup-id="16yRoxw_GLvzQP0orQlnvFPJ9vlUxBdvVnDFVQOM"><title>538 Classics</title><date></date><icon src="https://m7be2.solocoo.tv/m7be2iphone/mmchan/mpimages/260x145/nzwLGFDAFift9fy-jajFWw.jpg"></icon><desc>In 538 Classics zie je de beste videoclips uit de 90's, 00's of 10's!</desc><category></category></programme><programme channel="ZUYMD644gm8YqYrbU65nwgSJ1lrAyvrUy5OvAfAi" start="20230111190000 +0000" stop="20230111193000 +0000" catchup-id="dMOSRoDrkxI-txQ4Sxi9shxrxKsE49yY2JBPut9h"><title>MUSIC MEMORIES : Enzo Knol</title><date></date><icon src="https://m7be2.solocoo.tv/m7be2iphone/mmchan/mpimages/260x145/pq3sNVZHV4RecpQ7x8FZ-A.jpg"></icon><desc></desc><category></category></programme><programme channel="ZUYMD644gm8YqYrbU65nwgSJ1lrAyvrUy5OvAfAi" start="20230111193000 +0000" stop="20230111200000 +0000" catchup-id="erztxLDCYxynzt3b3r7wx9TS5fzbbOmSNE_PI-Se"><title>MUSIC MEMORIES : Bente</title><date></date><icon src="https://m7be2.solocoo.tv/m7be2iphone/mmchan/mpimages/260x145/AapXJNbI6n9ub9MTieoHQw.jpg"></icon><desc></desc><category></category></programme><programme channel="ZUYMD644gm8YqYrbU65nwgSJ1lrAyvrUy5OvAfAi" start="20230111200000 +0000" stop="20230111210000 +0000" catchup-id="1WtSmhHZ-Azr8y6UJKQWeb0bWpK2THjvaPWaHp5F"><title>De Hits Van Nu</title><date></date><icon src="https://m7be2.solocoo.tv/m7be2iphone/mmchan/mpimages/260x145/9Fbzt9O1s9ZOeBuXtFox2w.jpg"></icon><desc>Je ziet nu de meest actuele hits &amp; videoclips!</desc><category></category></programme><programme channel="ZUYMD644gm8YqYrbU65nwgSJ1lrAyvrUy5OvAfAi" start="20230111210000 +0000" stop="20230111213000 +0000" catchup-id="e1BuPVOrS5uHSHcruJ9XoOdSYOGKTVFcnTHlX6jJ"><title>MUSIC MEMORIES : Boaz</title><date></date><icon src="https://m7be2.solocoo.tv/m7be2iphone/mmchan/mpimages/260x145/k4OIvKvwDWqjGh0JdEHt1Q.jpg"></icon><desc></desc><category></category></programme><programme channel="ZUYMD644gm8YqYrbU65nwgSJ1lrAyvrUy5OvAfAi" start="20230111213000 +0000" stop="20230111220000 +0000" catchup-id="9vQtIDlMFOAUrk0ZVYwpWNQUlUzqqj8MhPo-lfuB"><title>Release Reacties : Charlie Puth</title><date></date><icon src="https://m7be2.solocoo.tv/m7be2iphone/mmchan/mpimages/260x145/vNvFCeziqwSFqZaF3E7qfg.jpg"></icon><desc>Deze week recenseert Charlie Puth de nieuwste releases! Wat vindt hij van de nieuwe release van Kris Kross Amsterdam en Zoë Tauran? Hij geeft zijn mening over samples, praat hij over zijn jeugddromen, inspiratie voor nummers en onthult hij een artiest met wie hij graag zou willen samenwerken.</desc><category></category></programme><programme channel="ZUYMD644gm8YqYrbU65nwgSJ1lrAyvrUy5OvAfAi" start="20230111220000 +0000" stop="20230111230000 +0000" catchup-id="2lwsa8-v7p2zu5296QiOWlC244s9J2FMXNudPhac"><title>Het Laatste Rondje</title><date></date><icon src="https://m7be2.solocoo.tv/m7be2iphone/mmchan/mpimages/260x145/AbokzvTM1bAGSnLisijimQ.jpg"></icon><desc>De beste muziek en videoclips om je dag mee af te sluiten!</desc><category></category></programme><programme channel="ZUYMD644gm8YqYrbU65nwgSJ1lrAyvrUy5OvAfAi" start="20230111230000 +0000" stop="20230112050000 +0000" catchup-id="ddgJtfxiBmt0yi1lI8wD951jSg4ihan7OUkPUEa6"><title>Non-Stop 538</title><date></date><icon src="https://m7be2.solocoo.tv/m7be2iphone/mmchan/mpimages/260x145/XGYm8mxuBzo6_osmlYmHpg.jpg"></icon><desc>Je ziet elke doordeweekse nacht in Non-Stop 538 de beste videoclips achter elkaar!</desc><category></category></programme><programme channel="ZUYMD644gm8YqYrbU65nwgSJ1lrAyvrUy5OvAfAi" start="20230112050000 +0000" stop="20230112090000 +0000" catchup-id="i52w5J_n8P_EYjEudQFoPwTwoCJup-CeDqO4Nv51"><title>Kijk Radio: De 538 Ochtend met Wietze en Klaas</title><date></date><icon src="https://m7be2.solocoo.tv/m7be2iphone/mmchan/mpimages/260x145/Nluw5z3lNPz6dhaCB4VqbA.jpg"></icon><desc>Begin je (thuis)werkdag met Wietze en Klaas! Luister en kijk iedere werkdag tussen 06:00 en 10:00 uur naar De 538 Ochtend met Wietze en Klaas op TV 538.</desc><category></category></programme><programme channel="ZUYMD644gm8YqYrbU65nwgSJ1lrAyvrUy5OvAfAi" start="20230112090000 +0000" stop="20230112110000 +0000" catchup-id="Okjm0Mu9MQ5X5ytf-S9LDz4IYvgyacmpNBUojv-o"><title>Kijk Radio: Lindo Duvall</title><date></date><icon src="https://m7be2.solocoo.tv/m7be2iphone/mmchan/mpimages/260x145/jerLrX-Sgp5yapUB4tV2Fw.jpg"></icon><desc>Geniet van de beste muziek samen met Lindo op TV 538!</desc><category></category></programme><programme channel="ZUYMD644gm8YqYrbU65nwgSJ1lrAyvrUy5OvAfAi" start="20230112110000 +0000" stop="20230112130000 +0000" catchup-id="ShV_mwTj-Yie8ARbi7ieT4w7MZW3riGYkPvar7Yp"><title>Kijk Radio: De 538 Lunch met Coen</title><date></date><icon src="https://m7be2.solocoo.tv/m7be2iphone/mmchan/mpimages/260x145/RBj5TuUuDe4ZM7rfXXu8Jw.jpg"></icon><desc>Geniet van de lekkerste hits samen met Coen Swijnenberg voor bij je lunch.</desc><category></category></programme><programme channel="ZUYMD644gm8YqYrbU65nwgSJ1lrAyvrUy5OvAfAi" start="20230112130000 +0000" stop="20230112150000 +0000" catchup-id="56nwZhyou6X7apY4ngs_3AItw3OJmdpu-RTG5GTv"><title>KIJK RADIO: MARK LABRAND</title><date></date><icon src="https://m7be2.solocoo.tv/m7be2iphone/mmchan/mpimages/260x145/wAadc4nC9L0q1FUol-EGYg.jpg"></icon><desc></desc><category></category></programme><programme channel="ZUYMD644gm8YqYrbU65nwgSJ1lrAyvrUy5OvAfAi" start="20230112150000 +0000" stop="20230112180000 +0000" catchup-id="6t6diOWrzj-umMC1WPlw04BaumZ2QG_wvkDXRVOX"><title>Kijk Radio: De 538 Middag met Frank Dane : De 538 Middag met Frank Dane</title><date></date><icon src="https://m7be2.solocoo.tv/m7be2iphone/mmchan/mpimages/260x145/5IXocgvQl2m7qBz1ikw-ZQ.jpg"></icon><desc>Sluit je werkdag goed af tijdens de 538 Middag met Frank Dane!</desc><category></category></programme><programme channel="ZUYMD644gm8YqYrbU65nwgSJ1lrAyvrUy5OvAfAi" start="20230112180000 +0000" stop="20230112190000 +0000" catchup-id="47tcDaSMwrc7JgNCk0M_YrFO4NNQhr4_5KHzNK_Z"><title>538 Classics</title><date></date><icon src="https://m7be2.solocoo.tv/m7be2iphone/mmchan/mpimages/260x145/nzwLGFDAFift9fy-jajFWw.jpg"></icon><desc>In 538 Classics zie je de beste videoclips uit de 90's, 00's of 10's!</desc><category></category></programme><programme channel="ZUYMD644gm8YqYrbU65nwgSJ1lrAyvrUy5OvAfAi" start="20230112190000 +0000" stop="20230112193000 +0000" catchup-id="h3G5cyMoweS0akYE7sztCqNvJ4rVC--h6FEqFfMQ"><title>MUSIC MEMORIES : Bente</title><date></date><icon src="https://m7be2.solocoo.tv/m7be2iphone/mmchan/mpimages/260x145/AapXJNbI6n9ub9MTieoHQw.jpg"></icon><desc></desc><category></category></programme><programme channel="ZUYMD644gm8YqYrbU65nwgSJ1lrAyvrUy5OvAfAi" start="20230112193000 +0000" stop="20230112200000 +0000" catchup-id="keyGQ9hX4Xaw_7ssVkc_K4-37UyCUYSvU5qtYZtr"><title>Release Reacties : Froukje</title><date></date><icon src="https://m7be2.solocoo.tv/m7be2iphone/mmchan/mpimages/260x145/8WmGgL5s0fI-6IDnrkwCBA.jpg"></icon><desc>In Release Reacties checken jouw favoriete artiesten, BN'ers &amp; influencers de nieuwste releases. Ze geven hun ongezouten mening over de tracks en beantwoorden tegelijkertijd vragen over hun persoonlijke leven.</desc><category></category></programme><programme channel="ZUYMD644gm8YqYrbU65nwgSJ1lrAyvrUy5OvAfAi" start="20230112200000 +0000" stop="20230112210000 +0000" catchup-id="-Qf_i73u24Y1-N8QqGq6VrEo4_x5EkkNjeUXV726"><title>De Hits Van Nu</title><date></date><icon src="https://m7be2.solocoo.tv/m7be2iphone/mmchan/mpimages/260x145/9Fbzt9O1s9ZOeBuXtFox2w.jpg"></icon><desc>Je ziet nu de meest actuele hits &amp; videoclips!</desc><category></category></programme><programme channel="ZUYMD644gm8YqYrbU65nwgSJ1lrAyvrUy5OvAfAi" start="20230112210000 +0000" stop="20230112213000 +0000" catchup-id="Q-y75-ZVR6xz9JhNFI97IzSztLnSm7fVEwFybAkf"><title>MUSIC MEMORIES : Nesim</title><date></date><icon src="https://m7be2.solocoo.tv/m7be2iphone/mmchan/mpimages/260x145/aewuBj7d00TYfpyHv97t0Q.jpg"></icon><desc></desc><category></category></programme><programme channel="ZUYMD644gm8YqYrbU65nwgSJ1lrAyvrUy5OvAfAi" start="20230112213000 +0000" stop="20230112220000 +0000" catchup-id="0doHQ260A_6yr1cUiaNKKIGl_ebeFN88TgONf91-"><title>MUSIC MEMORIES : Enzo Knol</title><date></date><icon src="https://m7be2.solocoo.tv/m7be2iphone/mmchan/mpimages/260x145/pq3sNVZHV4RecpQ7x8FZ-A.jpg"></icon><desc></desc><category></category></programme>