<programme channel="fihFodygJCOhuXOXvVoXntW565KjvZ5H3YRBfl38" start="20221228230000 +0000" stop="20221229060000 +0000" catchup-id="2yLj03D8bgJoTwwn5auFJ6dOns2CpBSWh4YUDZw5"><title>SLEEPIN'</title><date></date><icon src="https://m7be2.solocoo.tv/m7be2iphone/mmchan/mpimages/208x308/NjeKAOvF8N_C5RgB5H4Vtw.jpg"></icon><desc></desc><category></category></programme><programme channel="fihFodygJCOhuXOXvVoXntW565KjvZ5H3YRBfl38" start="20221229060000 +0000" stop="20221229100000 +0000" catchup-id="_pk95hfiRagEOiNEf80H47sujn_AILNY6tlk2HHP"><title>MORNIN'</title><date></date><icon src="https://m7be2.solocoo.tv/m7be2iphone/mmchan/mpimages/208x308/NjeKAOvF8N_C5RgB5H4Vtw.jpg"></icon><desc></desc><category></category></programme><programme channel="fihFodygJCOhuXOXvVoXntW565KjvZ5H3YRBfl38" start="20221229100000 +0000" stop="20221229110000 +0000" catchup-id="1BQJPlfRbvySClv9gZarRo7XwJtD9JK1eC4wcUlG"><title>R&amp;B JAMMIN'</title><date></date><icon src="https://m7be2.solocoo.tv/m7be2iphone/mmchan/mpimages/208x308/NjeKAOvF8N_C5RgB5H4Vtw.jpg"></icon><desc></desc><category></category></programme><programme channel="fihFodygJCOhuXOXvVoXntW565KjvZ5H3YRBfl38" start="20221229110000 +0000" stop="20221229130000 +0000" catchup-id="bNNwovMg_dJdK6dqT4coSqRrGxmzVnv0z62nvDw-"><title>WORKIN'</title><date></date><icon src="https://m7be2.solocoo.tv/m7be2iphone/mmchan/mpimages/208x308/NjeKAOvF8N_C5RgB5H4Vtw.jpg"></icon><desc></desc><category></category></programme><programme channel="fihFodygJCOhuXOXvVoXntW565KjvZ5H3YRBfl38" start="20221229130000 +0000" stop="20221229131000 +0000" catchup-id="xmt0X4fdBlxu2SgxEiGBflTNr0uOek3wt8OnJhsN"><title>TRIPLESHOT</title><date></date><icon src="https://m7be2.solocoo.tv/m7be2iphone/mmchan/mpimages/208x308/NjeKAOvF8N_C5RgB5H4Vtw.jpg"></icon><desc></desc><category></category></programme><programme channel="fihFodygJCOhuXOXvVoXntW565KjvZ5H3YRBfl38" start="20221229131000 +0000" stop="20221229190000 +0000" catchup-id="rENq2lrKysVdUTPQ_qNzcsJlk-vDri9I1TWcGepc"><title>WORKIN'</title><date></date><icon src="https://m7be2.solocoo.tv/m7be2iphone/mmchan/mpimages/208x308/NjeKAOvF8N_C5RgB5H4Vtw.jpg"></icon><desc></desc><category></category></programme><programme channel="fihFodygJCOhuXOXvVoXntW565KjvZ5H3YRBfl38" start="20221229190000 +0000" stop="20221229200000 +0000" catchup-id="cEV4kDQRFQvRuD31ysznlTEAEEoXAO86v2CNsrq2"><title>TOP LIST : 2022</title><date></date><icon src="https://m7be2.solocoo.tv/m7be2iphone/mmchan/mpimages/208x308/NjeKAOvF8N_C5RgB5H4Vtw.jpg"></icon><desc></desc><category></category></programme><programme channel="fihFodygJCOhuXOXvVoXntW565KjvZ5H3YRBfl38" start="20221229200000 +0000" stop="20221229210000 +0000" catchup-id="Y1Xu_VybjiqkEA85t7UE4-cPIp3_SoDWeYvxzQ3a"><title>CHILLIN'</title><date></date><icon src="https://m7be2.solocoo.tv/m7be2iphone/mmchan/mpimages/208x308/NjeKAOvF8N_C5RgB5H4Vtw.jpg"></icon><desc></desc><category></category></programme><programme channel="fihFodygJCOhuXOXvVoXntW565KjvZ5H3YRBfl38" start="20221229210000 +0000" stop="20221229220000 +0000" catchup-id="YqZLnwuaYVHiLpHAi615c16l7h0fEuX2Babye5-9"><title>ROOTS</title><date></date><icon src="https://m7be2.solocoo.tv/m7be2iphone/mmchan/mpimages/208x308/NjeKAOvF8N_C5RgB5H4Vtw.jpg"></icon><desc></desc><category></category></programme><programme channel="fihFodygJCOhuXOXvVoXntW565KjvZ5H3YRBfl38" start="20221229220000 +0000" stop="20221229230000 +0000" catchup-id="XtbrbIsVjxSuXb4slQdZF6vCU2ZBITyLLU5Xv7Xl"><title>CHILLIN'</title><date></date><icon src="https://m7be2.solocoo.tv/m7be2iphone/mmchan/mpimages/208x308/NjeKAOvF8N_C5RgB5H4Vtw.jpg"></icon><desc></desc><category></category></programme><programme channel="fihFodygJCOhuXOXvVoXntW565KjvZ5H3YRBfl38" start="20221229230000 +0000" stop="20221230060000 +0000" catchup-id="nJH3Z1Z2XB-Oe8nZwuVA7qPSkldxveQ9ZJSAkj39"><title>SLEEPIN'</title><date></date><icon src="https://m7be2.solocoo.tv/m7be2iphone/mmchan/mpimages/208x308/NjeKAOvF8N_C5RgB5H4Vtw.jpg"></icon><desc></desc><category></category></programme><programme channel="fihFodygJCOhuXOXvVoXntW565KjvZ5H3YRBfl38" start="20221230060000 +0000" stop="20221230100000 +0000" catchup-id="RWUuvk2aSCrBHnr0DHP74WdKsj2ybmQAL35zs9x9"><title>MORNIN'</title><date></date><icon src="https://m7be2.solocoo.tv/m7be2iphone/mmchan/mpimages/208x308/NjeKAOvF8N_C5RgB5H4Vtw.jpg"></icon><desc></desc><category></category></programme><programme channel="fihFodygJCOhuXOXvVoXntW565KjvZ5H3YRBfl38" start="20221230100000 +0000" stop="20221230110000 +0000" catchup-id="G_AsdX7T66BXtoW_snxMtV9y8TLskJ7CJxwyJ3cL"><title>FRESH</title><date></date><icon src="https://m7be2.solocoo.tv/m7be2iphone/mmchan/mpimages/208x308/NjeKAOvF8N_C5RgB5H4Vtw.jpg"></icon><desc></desc><category></category></programme><programme channel="fihFodygJCOhuXOXvVoXntW565KjvZ5H3YRBfl38" start="20221230110000 +0000" stop="20221230140000 +0000" catchup-id="xDUbXHacOUnEpBGN8owpD3PdJJY4V7OLJv5KtRyN"><title>WORKIN'</title><date></date><icon src="https://m7be2.solocoo.tv/m7be2iphone/mmchan/mpimages/208x308/NjeKAOvF8N_C5RgB5H4Vtw.jpg"></icon><desc></desc><category></category></programme><programme channel="fihFodygJCOhuXOXvVoXntW565KjvZ5H3YRBfl38" start="20221230140000 +0000" stop="20221230141000 +0000" catchup-id="NTOAabTVI_QkYfCQ39Img3pmUMXeFUqFbtVVqkJ6"><title>TRIPLESHOT</title><date></date><icon src="https://m7be2.solocoo.tv/m7be2iphone/mmchan/mpimages/208x308/NjeKAOvF8N_C5RgB5H4Vtw.jpg"></icon><desc></desc><category></category></programme><programme channel="fihFodygJCOhuXOXvVoXntW565KjvZ5H3YRBfl38" start="20221230141000 +0000" stop="20221230170000 +0000" catchup-id="WzSpr9Ofy4tnj93b1ZhiCCVgjRsdGBoeqSJhiHmy"><title>WORKIN'</title><date></date><icon src="https://m7be2.solocoo.tv/m7be2iphone/mmchan/mpimages/208x308/NjeKAOvF8N_C5RgB5H4Vtw.jpg"></icon><desc></desc><category></category></programme><programme channel="fihFodygJCOhuXOXvVoXntW565KjvZ5H3YRBfl38" start="20221230170000 +0000" stop="20221230180000 +0000" catchup-id="Eeqvbs3IGc0-GE64F6K1WDiDYblIyrud-hJvRmZT"><title>SPOTIFY CZECH LIST</title><date></date><icon src="https://m7be2.solocoo.tv/m7be2iphone/mmchan/mpimages/208x308/NjeKAOvF8N_C5RgB5H4Vtw.jpg"></icon><desc></desc><category></category></programme><programme channel="fihFodygJCOhuXOXvVoXntW565KjvZ5H3YRBfl38" start="20221230180000 +0000" stop="20221230190000 +0000" catchup-id="_ckgDEgN8d-HCJ0uzez0Zybq-Y1ktuh85IVdRSFJ"><title>CZ&amp;SK 2022 SPECIAL</title><date></date><icon src="https://m7be2.solocoo.tv/m7be2iphone/mmchan/mpimages/208x308/NjeKAOvF8N_C5RgB5H4Vtw.jpg"></icon><desc></desc><category></category></programme><programme channel="fihFodygJCOhuXOXvVoXntW565KjvZ5H3YRBfl38" start="20221230190000 +0000" stop="20221230210000 +0000" catchup-id="3_5doRWYNbX_ME5T4QEC8QI1YlhXZr5dFB82TIgl"><title>MOSHPIT</title><date></date><icon src="https://m7be2.solocoo.tv/m7be2iphone/mmchan/mpimages/208x308/NjeKAOvF8N_C5RgB5H4Vtw.jpg"></icon><desc></desc><category></category></programme><programme channel="fihFodygJCOhuXOXvVoXntW565KjvZ5H3YRBfl38" start="20221230210000 +0000" stop="20221231000000 +0000" catchup-id="AHpnvPgkrL4LqMjzNRvuB1r89w9SyQ_dm-wmF6LP"><title>JUMPIN'</title><date></date><icon src="https://m7be2.solocoo.tv/m7be2iphone/mmchan/mpimages/208x308/NjeKAOvF8N_C5RgB5H4Vtw.jpg"></icon><desc></desc><category></category></programme><programme channel="fihFodygJCOhuXOXvVoXntW565KjvZ5H3YRBfl38" start="20221231000000 +0000" stop="20221231060000 +0000" catchup-id="7kIAoBtmtD8PNdXRIQPbBi31bAEYm2uddPWedPmb"><title>SLEEPIN'</title><date></date><icon src="https://m7be2.solocoo.tv/m7be2iphone/mmchan/mpimages/208x308/NjeKAOvF8N_C5RgB5H4Vtw.jpg"></icon><desc></desc><category></category></programme><programme channel="fihFodygJCOhuXOXvVoXntW565KjvZ5H3YRBfl38" start="20221231060000 +0000" stop="20221231100000 +0000" catchup-id="XFYn5MIlhwlL7O0NpfFAG09OovV6UA9E2Smrxt4J"><title>MORNIN'</title><date></date><icon src="https://m7be2.solocoo.tv/m7be2iphone/mmchan/mpimages/208x308/NjeKAOvF8N_C5RgB5H4Vtw.jpg"></icon><desc></desc><category></category></programme><programme channel="fihFodygJCOhuXOXvVoXntW565KjvZ5H3YRBfl38" start="20221231100000 +0000" stop="20221231101000 +0000" catchup-id="0u2OnwVZuAnBlIc2DS6uQzlrj9vdbUm9RqP1zBPr"><title>TRIPLESHOT</title><date></date><icon src="https://m7be2.solocoo.tv/m7be2iphone/mmchan/mpimages/208x308/NjeKAOvF8N_C5RgB5H4Vtw.jpg"></icon><desc></desc><category></category></programme><programme channel="fihFodygJCOhuXOXvVoXntW565KjvZ5H3YRBfl38" start="20221231101000 +0000" stop="20221231110000 +0000" catchup-id="yLw498_0uw8yT8Hawe774DXADNMElffRePV3rVnI"><title>MORNIN'</title><date></date><icon src="https://m7be2.solocoo.tv/m7be2iphone/mmchan/mpimages/208x308/NjeKAOvF8N_C5RgB5H4Vtw.jpg"></icon><desc></desc><category></category></programme><programme channel="fihFodygJCOhuXOXvVoXntW565KjvZ5H3YRBfl38" start="20221231110000 +0000" stop="20221231130000 +0000" catchup-id="xkDBea-jIicS-j350AGySs7VipnOCyySCTS-E716"><title>CHILLIN'</title><date></date><icon src="https://m7be2.solocoo.tv/m7be2iphone/mmchan/mpimages/208x308/NjeKAOvF8N_C5RgB5H4Vtw.jpg"></icon><desc></desc><category></category></programme><programme channel="fihFodygJCOhuXOXvVoXntW565KjvZ5H3YRBfl38" start="20221231130000 +0000" stop="20221231140000 +0000" catchup-id="lEaVlyGn6pGDRIK1SJgmUQA6DoL30A59Y-V11dut"><title>US TOP CHART</title><date></date><icon src="https://m7be2.solocoo.tv/m7be2iphone/mmchan/mpimages/208x308/NjeKAOvF8N_C5RgB5H4Vtw.jpg"></icon><desc></desc><category></category></programme><programme channel="fihFodygJCOhuXOXvVoXntW565KjvZ5H3YRBfl38" start="20221231140000 +0000" stop="20221231190000 +0000" catchup-id="Xme3ECvZzNwc7e-uZkmzP_EK4Ejdk_4rQJK3CuDz"><title>CHILLIN'</title><date></date><icon src="https://m7be2.solocoo.tv/m7be2iphone/mmchan/mpimages/208x308/NjeKAOvF8N_C5RgB5H4Vtw.jpg"></icon><desc></desc><category></category></programme><programme channel="fihFodygJCOhuXOXvVoXntW565KjvZ5H3YRBfl38" start="20221231190000 +0000" stop="20221231200000 +0000" catchup-id="LYFajPcsBNSWqb5KI4j1M8KYwyBZeArLUDjX5kEC"><title>FRESH</title><date></date><icon src="https://m7be2.solocoo.tv/m7be2iphone/mmchan/mpimages/208x308/NjeKAOvF8N_C5RgB5H4Vtw.jpg"></icon><desc></desc><category></category></programme><programme channel="fihFodygJCOhuXOXvVoXntW565KjvZ5H3YRBfl38" start="20221231200000 +0000" stop="20230101000000 +0000" catchup-id="QBu7X2lr4xUMrekh9fM4hewOSJfeRIkYt2Xxi6Hm"><title>ÓČKO BLACK LIST</title><date></date><icon src="https://m7be2.solocoo.tv/m7be2iphone/mmchan/mpimages/208x308/NjeKAOvF8N_C5RgB5H4Vtw.jpg"></icon><desc></desc><category></category></programme><programme channel="fihFodygJCOhuXOXvVoXntW565KjvZ5H3YRBfl38" start="20230101000000 +0000" stop="20230101060000 +0000" catchup-id="n33UyaJ_fnRNYVxQkMaNb9VSVy2vzmRRBDW5yDhg"><title>NEW YEAR'S MOSH PIT</title><date></date><icon src="https://m7be2.solocoo.tv/m7be2iphone/mmchan/mpimages/208x308/NjeKAOvF8N_C5RgB5H4Vtw.jpg"></icon><desc></desc><category></category></programme><programme channel="fihFodygJCOhuXOXvVoXntW565KjvZ5H3YRBfl38" start="20230101060000 +0000" stop="20230101100000 +0000" catchup-id="xK0QexVWt57AhhoEo8H83c1XiO-ysrMMeYeicLCn"><title>MORNIN'</title><date></date><icon src="https://m7be2.solocoo.tv/m7be2iphone/mmchan/mpimages/208x308/NjeKAOvF8N_C5RgB5H4Vtw.jpg"></icon><desc></desc><category></category></programme><programme channel="fihFodygJCOhuXOXvVoXntW565KjvZ5H3YRBfl38" start="20230101100000 +0000" stop="20230101110000 +0000" catchup-id="8cHsYIzb4jfpX81TeMOqTPJUi2xwXRJTmN5p-eUb"><title>SPOTIFY CZECH LIST</title><date></date><icon src="https://m7be2.solocoo.tv/m7be2iphone/mmchan/mpimages/208x308/NjeKAOvF8N_C5RgB5H4Vtw.jpg"></icon><desc></desc><category></category></programme><programme channel="fihFodygJCOhuXOXvVoXntW565KjvZ5H3YRBfl38" start="20230101110000 +0000" stop="20230101130000 +0000" catchup-id="bb5LAdifjzqiMYhWb0OvgpCKicrmZssvhxuC4_1d"><title>CHILLIN'</title><date></date><icon src="https://m7be2.solocoo.tv/m7be2iphone/mmchan/mpimages/208x308/NjeKAOvF8N_C5RgB5H4Vtw.jpg"></icon><desc></desc><category></category></programme><programme channel="fihFodygJCOhuXOXvVoXntW565KjvZ5H3YRBfl38" start="20230101130000 +0000" stop="20230101140000 +0000" catchup-id="yQUlIe1BJnPG83a2akUObIQkoDWRLoa1EtiJP68u"><title>ÓČKO BLACK LIST</title><date></date><icon src="https://m7be2.solocoo.tv/m7be2iphone/mmchan/mpimages/208x308/NjeKAOvF8N_C5RgB5H4Vtw.jpg"></icon><desc></desc><category></category></programme><programme channel="fihFodygJCOhuXOXvVoXntW565KjvZ5H3YRBfl38" start="20230101140000 +0000" stop="20230101150000 +0000" catchup-id="XkM1f0YmFHPXjaZWJJoDFBWkzF0d69BpnKZKl4Kk"><title>CHILLIN'</title><date></date><icon src="https://m7be2.solocoo.tv/m7be2iphone/mmchan/mpimages/208x308/NjeKAOvF8N_C5RgB5H4Vtw.jpg"></icon><desc></desc><category></category></programme><programme channel="fihFodygJCOhuXOXvVoXntW565KjvZ5H3YRBfl38" start="20230101150000 +0000" stop="20230101151000 +0000" catchup-id="7C5EU5QtoVAre7sg_rTQpzMgZ5CnMKT-pCKh17jp"><title>TRIPLESHOT</title><date></date><icon src="https://m7be2.solocoo.tv/m7be2iphone/mmchan/mpimages/208x308/NjeKAOvF8N_C5RgB5H4Vtw.jpg"></icon><desc></desc><category></category></programme><programme channel="fihFodygJCOhuXOXvVoXntW565KjvZ5H3YRBfl38" start="20230101151000 +0000" stop="20230101180000 +0000" catchup-id="zmEzNuu22orKQ3CsDaD8P73sabGsRwa6mOljVE2b"><title>CHILLIN'</title><date></date><icon src="https://m7be2.solocoo.tv/m7be2iphone/mmchan/mpimages/208x308/NjeKAOvF8N_C5RgB5H4Vtw.jpg"></icon><desc></desc><category></category></programme><programme channel="fihFodygJCOhuXOXvVoXntW565KjvZ5H3YRBfl38" start="20230101180000 +0000" stop="20230101190000 +0000" catchup-id="SIJgcwxfUPCo2nkAdFf4CNL-uk_VNpqZ637o34Cn"><title>CZ&amp;SK</title><date></date><icon src="https://m7be2.solocoo.tv/m7be2iphone/mmchan/mpimages/208x308/Rhu74ivcpmzKSR9vwBWF3A.jpg"></icon><desc></desc><category></category></programme><programme channel="fihFodygJCOhuXOXvVoXntW565KjvZ5H3YRBfl38" start="20230101190000 +0000" stop="20230101200000 +0000" catchup-id="xT1DsETAyyc_UIfQPA8T2hu6gBD_QGMHU7koRPHB"><title>ROOTS</title><date></date><icon src="https://m7be2.solocoo.tv/m7be2iphone/mmchan/mpimages/208x308/NjeKAOvF8N_C5RgB5H4Vtw.jpg"></icon><desc></desc><category></category></programme><programme channel="fihFodygJCOhuXOXvVoXntW565KjvZ5H3YRBfl38" start="20230101200000 +0000" stop="20230101230000 +0000" catchup-id="Oz1atGCABFJ-JGKyjdZrHYaMDf7AnQAkjgjghwoM"><title>CHILLIN'</title><date></date><icon src="https://m7be2.solocoo.tv/m7be2iphone/mmchan/mpimages/208x308/NjeKAOvF8N_C5RgB5H4Vtw.jpg"></icon><desc></desc><category></category></programme><programme channel="fihFodygJCOhuXOXvVoXntW565KjvZ5H3YRBfl38" start="20230101230000 +0000" stop="20230102060000 +0000" catchup-id="tYGGOGbmfMnJTM1tRVTGk-F4vMtXdYyenRpC4uzz"><title>SLEEPIN'</title><date></date><icon src="https://m7be2.solocoo.tv/m7be2iphone/mmchan/mpimages/208x308/NjeKAOvF8N_C5RgB5H4Vtw.jpg"></icon><desc></desc><category></category></programme><programme channel="fihFodygJCOhuXOXvVoXntW565KjvZ5H3YRBfl38" start="20230102060000 +0000" stop="20230102100000 +0000" catchup-id="8I9dbcnRIjp8bSwr30aSFcJfgG4dk5QIw8DyHbtD"><title>MORNIN'</title><date></date><icon src="https://m7be2.solocoo.tv/m7be2iphone/mmchan/mpimages/208x308/NjeKAOvF8N_C5RgB5H4Vtw.jpg"></icon><desc></desc><category></category></programme><programme channel="fihFodygJCOhuXOXvVoXntW565KjvZ5H3YRBfl38" start="20230102100000 +0000" stop="20230102110000 +0000" catchup-id="iPiQRSRPN2YvRd22EPEcBVKneyeDgXgmr07T93xt"><title>FRESH</title><date></date><icon src="https://m7be2.solocoo.tv/m7be2iphone/mmchan/mpimages/208x308/NjeKAOvF8N_C5RgB5H4Vtw.jpg"></icon><desc></desc><category></category></programme><programme channel="fihFodygJCOhuXOXvVoXntW565KjvZ5H3YRBfl38" start="20230102110000 +0000" stop="20230102180000 +0000" catchup-id="1O_pCv_KCcEKhtILpV5z3JDMlS3IiU5uY4zTGf4u"><title>WORKIN'</title><date></date><icon src="https://m7be2.solocoo.tv/m7be2iphone/mmchan/mpimages/208x308/NjeKAOvF8N_C5RgB5H4Vtw.jpg"></icon><desc></desc><category></category></programme><programme channel="fihFodygJCOhuXOXvVoXntW565KjvZ5H3YRBfl38" start="20230102180000 +0000" stop="20230102190000 +0000" catchup-id="WKWYsh9xonVLIjV9KkHyanUoyQ53BNa9gdZb10o7"><title>CZ&amp;SK</title><date></date><icon src="https://m7be2.solocoo.tv/m7be2iphone/mmchan/mpimages/208x308/Rhu74ivcpmzKSR9vwBWF3A.jpg"></icon><desc></desc><category></category></programme><programme channel="fihFodygJCOhuXOXvVoXntW565KjvZ5H3YRBfl38" start="20230102190000 +0000" stop="20230102210000 +0000" catchup-id="H_J4QIJxzHI4D_TJbVZTVAfC-g60VIt8jjaUiLOF"><title>TRUESCHOOL</title><date></date><icon src="https://m7be2.solocoo.tv/m7be2iphone/mmchan/mpimages/208x308/NjeKAOvF8N_C5RgB5H4Vtw.jpg"></icon><desc></desc><category></category></programme><programme channel="fihFodygJCOhuXOXvVoXntW565KjvZ5H3YRBfl38" start="20230102210000 +0000" stop="20230102230000 +0000" catchup-id="QBHjAg9WHFb1j_i6BbEMjd4NnouMbLTQtO7iXEbs"><title>CHILLIN'</title><date></date><icon src="https://m7be2.solocoo.tv/m7be2iphone/mmchan/mpimages/208x308/NjeKAOvF8N_C5RgB5H4Vtw.jpg"></icon><desc></desc><category></category></programme><programme channel="fihFodygJCOhuXOXvVoXntW565KjvZ5H3YRBfl38" start="20230102230000 +0000" stop="20230103060000 +0000" catchup-id="6BqZWmHWV-DLq7gBnNdlRDLrM2NmeKFXk3DrvM10"><title>SLEEPIN'</title><date></date><icon src="https://m7be2.solocoo.tv/m7be2iphone/mmchan/mpimages/208x308/NjeKAOvF8N_C5RgB5H4Vtw.jpg"></icon><desc></desc><category></category></programme><programme channel="fihFodygJCOhuXOXvVoXntW565KjvZ5H3YRBfl38" start="20230103060000 +0000" stop="20230103100000 +0000" catchup-id="7N8Z_QDLKoqMa3-gbFAdD5yFEJE1tZSYllBxlb6q"><title>MORNIN'</title><date></date><icon src="https://m7be2.solocoo.tv/m7be2iphone/mmchan/mpimages/208x308/NjeKAOvF8N_C5RgB5H4Vtw.jpg"></icon><desc></desc><category></category></programme><programme channel="fihFodygJCOhuXOXvVoXntW565KjvZ5H3YRBfl38" start="20230103100000 +0000" stop="20230103110000 +0000" catchup-id="F5aIPb3FXhKV52Crf-AiIKHJEKHCmGFLgBk1Jzxl"><title>TRUESCHOOL</title><date></date><icon src="https://m7be2.solocoo.tv/m7be2iphone/mmchan/mpimages/208x308/NjeKAOvF8N_C5RgB5H4Vtw.jpg"></icon><desc></desc><category></category></programme><programme channel="fihFodygJCOhuXOXvVoXntW565KjvZ5H3YRBfl38" start="20230103110000 +0000" stop="20230103180000 +0000" catchup-id="7vciO-Lyfqn4q3wZpaTW5iQj1B4f5jJ3L5fAs8Bs"><title>WORKIN'</title><date></date><icon src="https://m7be2.solocoo.tv/m7be2iphone/mmchan/mpimages/208x308/NjeKAOvF8N_C5RgB5H4Vtw.jpg"></icon><desc></desc><category></category></programme><programme channel="fihFodygJCOhuXOXvVoXntW565KjvZ5H3YRBfl38" start="20230103180000 +0000" stop="20230103190000 +0000" catchup-id="fJV2UwjVNkhYvsWmusjGcfD8RcaNoIe_cedpzRqa"><title>CZ&amp;SK</title><date></date><icon src="https://m7be2.solocoo.tv/m7be2iphone/mmchan/mpimages/208x308/Rhu74ivcpmzKSR9vwBWF3A.jpg"></icon><desc></desc><category></category></programme><programme channel="fihFodygJCOhuXOXvVoXntW565KjvZ5H3YRBfl38" start="20230103190000 +0000" stop="20230103200000 +0000" catchup-id="vrJH_aLPMxtMBmOSVWB_oxvBQWufn0Afs8apC7FF"><title>GRIME TIME</title><date></date><icon src="https://m7be2.solocoo.tv/m7be2iphone/mmchan/mpimages/208x308/NjeKAOvF8N_C5RgB5H4Vtw.jpg"></icon><desc></desc><category></category></programme><programme channel="fihFodygJCOhuXOXvVoXntW565KjvZ5H3YRBfl38" start="20230103200000 +0000" stop="20230103210000 +0000" catchup-id="5Cii_X4Kns_uQUQPJ_4C_9a366-95y6q8B-gTvGZ"><title>ÓČKO BLACK LIST</title><date></date><icon src="https://m7be2.solocoo.tv/m7be2iphone/mmchan/mpimages/208x308/NjeKAOvF8N_C5RgB5H4Vtw.jpg"></icon><desc></desc><category></category></programme><programme channel="fihFodygJCOhuXOXvVoXntW565KjvZ5H3YRBfl38" start="20230103210000 +0000" stop="20230103220000 +0000" catchup-id="Flr_ILQD3vbBe6VEhtb8J86Kia_YBJNVLKTDDP7M"><title>REWIND! 5. ELEMENT</title><date></date><icon src="https://m7be2.solocoo.tv/m7be2iphone/mmchan/mpimages/208x308/KRPi9zWjunw6VvSIMGq66Q.jpg"></icon><desc></desc><category></category></programme><programme channel="fihFodygJCOhuXOXvVoXntW565KjvZ5H3YRBfl38" start="20230103220000 +0000" stop="20230103230000 +0000" catchup-id="769m6-mJxkhEyGI1MdeaTIpKWDTjCOTE6Se0x1gM"><title>CHILLIN'</title><date></date><icon src="https://m7be2.solocoo.tv/m7be2iphone/mmchan/mpimages/208x308/NjeKAOvF8N_C5RgB5H4Vtw.jpg"></icon><desc></desc><category></category></programme><programme channel="fihFodygJCOhuXOXvVoXntW565KjvZ5H3YRBfl38" start="20230103230000 +0000" stop="20230104060000 +0000" catchup-id="XMnny-TAGIgTl00-LaWzpG97XwmHNhd9iY5cRrIx"><title>SLEEPIN'</title><date></date><icon src="https://m7be2.solocoo.tv/m7be2iphone/mmchan/mpimages/208x308/NjeKAOvF8N_C5RgB5H4Vtw.jpg"></icon><desc></desc><category></category></programme><programme channel="fihFodygJCOhuXOXvVoXntW565KjvZ5H3YRBfl38" start="20230104060000 +0000" stop="20230104100000 +0000" catchup-id="fUvacgcj_JB0JS5BrRBsD4NqbZpOXFWJruf_0CkT"><title>MORNIN'</title><date></date><icon src="https://m7be2.solocoo.tv/m7be2iphone/mmchan/mpimages/208x308/NjeKAOvF8N_C5RgB5H4Vtw.jpg"></icon><desc></desc><category></category></programme><programme channel="fihFodygJCOhuXOXvVoXntW565KjvZ5H3YRBfl38" start="20230104100000 +0000" stop="20230104110000 +0000" catchup-id="IfYEeh702z0-dNhRJjDxxcq5NMi5gvZP1cDhLk7v"><title>GRIME TIME</title><date></date><icon src="https://m7be2.solocoo.tv/m7be2iphone/mmchan/mpimages/208x308/NjeKAOvF8N_C5RgB5H4Vtw.jpg"></icon><desc></desc><category></category></programme><programme channel="fihFodygJCOhuXOXvVoXntW565KjvZ5H3YRBfl38" start="20230104110000 +0000" stop="20230104170000 +0000" catchup-id="abcIcgtQBLBs1c-Xy9CJ3tSMH8qsMeMi205thKOv"><title>WORKIN'</title><date></date><icon src="https://m7be2.solocoo.tv/m7be2iphone/mmchan/mpimages/208x308/NjeKAOvF8N_C5RgB5H4Vtw.jpg"></icon><desc></desc><category></category></programme><programme channel="fihFodygJCOhuXOXvVoXntW565KjvZ5H3YRBfl38" start="20230104170000 +0000" stop="20230104171000 +0000" catchup-id="qoBcLPb3bl3_M27J3gGWFjiFE_uEC82a5_Jwcsrg"><title>TRIPLESHOT</title><date></date><icon src="https://m7be2.solocoo.tv/m7be2iphone/mmchan/mpimages/208x308/NjeKAOvF8N_C5RgB5H4Vtw.jpg"></icon><desc></desc><category></category></programme><programme channel="fihFodygJCOhuXOXvVoXntW565KjvZ5H3YRBfl38" start="20230104171000 +0000" stop="20230104180000 +0000" catchup-id="X817VW11HENxZDAnN34A_2E0A89MGkZ0JBiCd-dR"><title>WORKIN'</title><date></date><icon src="https://m7be2.solocoo.tv/m7be2iphone/mmchan/mpimages/260x145/NjeKAOvF8N_C5RgB5H4Vtw.jpg"></icon><desc></desc><category></category></programme><programme channel="fihFodygJCOhuXOXvVoXntW565KjvZ5H3YRBfl38" start="20230104180000 +0000" stop="20230104190000 +0000" catchup-id="98T_F7xDcFFj3vDhUYbq_GuUMXJ3gYvmoodsZHpE"><title>SPOTIFY CZECH LIST</title><date></date><icon src="https://m7be2.solocoo.tv/m7be2iphone/mmchan/mpimages/260x145/NjeKAOvF8N_C5RgB5H4Vtw.jpg"></icon><desc></desc><category></category></programme><programme channel="fihFodygJCOhuXOXvVoXntW565KjvZ5H3YRBfl38" start="20230104190000 +0000" stop="20230104195000 +0000" catchup-id="lV4ygzcIQibliHatygcAk0HebhnqxMbKmxRUYcIy"><title>R&amp;B JAMMIN'</title><date></date><icon src="https://m7be2.solocoo.tv/m7be2iphone/mmchan/mpimages/260x145/NjeKAOvF8N_C5RgB5H4Vtw.jpg"></icon><desc></desc><category></category></programme><programme channel="fihFodygJCOhuXOXvVoXntW565KjvZ5H3YRBfl38" start="20230104195000 +0000" stop="20230104210000 +0000" catchup-id="tuwyillAs5TrFB7kVG-iNW21tsyD7JgCVynMeJ_h"><title>O BLACK TALK : Luca Brassi10x</title><date></date><icon src="https://m7be2.solocoo.tv/m7be2iphone/mmchan/mpimages/260x145/NjeKAOvF8N_C5RgB5H4Vtw.jpg"></icon><desc></desc><category></category></programme><programme channel="fihFodygJCOhuXOXvVoXntW565KjvZ5H3YRBfl38" start="20230104210000 +0000" stop="20230104220000 +0000" catchup-id="vguSbveyPmE4Nf60uHZHTQijovqZ6CtK9L84Jr5v"><title>CHILLIN'</title><date></date><icon src="https://m7be2.solocoo.tv/m7be2iphone/mmchan/mpimages/260x145/NjeKAOvF8N_C5RgB5H4Vtw.jpg"></icon><desc></desc><category></category></programme><programme channel="fihFodygJCOhuXOXvVoXntW565KjvZ5H3YRBfl38" start="20230104220000 +0000" stop="20230104230000 +0000" catchup-id="1TdLJZkVXd3PMQwtsRG8IdBBp5xdPc3crTFUg34z"><title>REWIND! 5. ELEMENT</title><date></date><icon src="https://m7be2.solocoo.tv/m7be2iphone/mmchan/mpimages/260x145/KRPi9zWjunw6VvSIMGq66Q.jpg"></icon><desc></desc><category></category></programme><programme channel="fihFodygJCOhuXOXvVoXntW565KjvZ5H3YRBfl38" start="20230104230000 +0000" stop="20230105060000 +0000" catchup-id="QX5IEVBVWf7Mvnc_pEc0Enckgb0oN2VOEM9db7IJ"><title>SLEEPIN'</title><date></date><icon src="https://m7be2.solocoo.tv/m7be2iphone/mmchan/mpimages/260x145/NjeKAOvF8N_C5RgB5H4Vtw.jpg"></icon><desc></desc><category></category></programme><programme channel="fihFodygJCOhuXOXvVoXntW565KjvZ5H3YRBfl38" start="20230105060000 +0000" stop="20230105100000 +0000" catchup-id="j-U1yCck6DEnbUMY99ISDMWrCqitFtvh1c5899jU"><title>MORNIN'</title><date></date><icon src="https://m7be2.solocoo.tv/m7be2iphone/mmchan/mpimages/260x145/NjeKAOvF8N_C5RgB5H4Vtw.jpg"></icon><desc></desc><category></category></programme><programme channel="fihFodygJCOhuXOXvVoXntW565KjvZ5H3YRBfl38" start="20230105100000 +0000" stop="20230105110000 +0000" catchup-id="KUOCjMiD1UcTqR47xI8IPZTHMiz7PiCE6zl8Ozta"><title>R&amp;B JAMMIN'</title><date></date><icon src="https://m7be2.solocoo.tv/m7be2iphone/mmchan/mpimages/260x145/NjeKAOvF8N_C5RgB5H4Vtw.jpg"></icon><desc></desc><category></category></programme><programme channel="fihFodygJCOhuXOXvVoXntW565KjvZ5H3YRBfl38" start="20230105110000 +0000" stop="20230105130000 +0000" catchup-id="l-WwImp-BDrT7XJ0Mo7bVuyedfZDxh22KcGz0bsd"><title>WORKIN'</title><date></date><icon src="https://m7be2.solocoo.tv/m7be2iphone/mmchan/mpimages/260x145/NjeKAOvF8N_C5RgB5H4Vtw.jpg"></icon><desc></desc><category></category></programme><programme channel="fihFodygJCOhuXOXvVoXntW565KjvZ5H3YRBfl38" start="20230105130000 +0000" stop="20230105131000 +0000" catchup-id="yNjFjDmWrghLz0e0ONl9RqJ40RNePUniUF4C0RPR"><title>TRIPLESHOT</title><date></date><icon src="https://m7be2.solocoo.tv/m7be2iphone/mmchan/mpimages/260x145/NjeKAOvF8N_C5RgB5H4Vtw.jpg"></icon><desc></desc><category></category></programme><programme channel="fihFodygJCOhuXOXvVoXntW565KjvZ5H3YRBfl38" start="20230105131000 +0000" stop="20230105180000 +0000" catchup-id="9Iei9d3sSevAZ7harCIvQ-sf9cRr_hSEzS5rGWMp"><title>WORKIN'</title><date></date><icon src="https://m7be2.solocoo.tv/m7be2iphone/mmchan/mpimages/260x145/NjeKAOvF8N_C5RgB5H4Vtw.jpg"></icon><desc></desc><category></category></programme><programme channel="fihFodygJCOhuXOXvVoXntW565KjvZ5H3YRBfl38" start="20230105180000 +0000" stop="20230105190000 +0000" catchup-id="J61wZ8PPSdFWylpF5Ncyq5uSdzFWp8D9XFmCoGX_"><title>O BLACK TALK : Luca Brassi10x</title><date></date><icon src="https://m7be2.solocoo.tv/m7be2iphone/mmchan/mpimages/260x145/NjeKAOvF8N_C5RgB5H4Vtw.jpg"></icon><desc></desc><category></category></programme><programme channel="fihFodygJCOhuXOXvVoXntW565KjvZ5H3YRBfl38" start="20230105190000 +0000" stop="20230105200000 +0000" catchup-id="YorNPlS605WJmFm8SwzdzqsiJQejeOyiT3F4_IAe"><title>FRESH</title><date></date><icon src="https://m7be2.solocoo.tv/m7be2iphone/mmchan/mpimages/260x145/NjeKAOvF8N_C5RgB5H4Vtw.jpg"></icon><desc></desc><category></category></programme><programme channel="fihFodygJCOhuXOXvVoXntW565KjvZ5H3YRBfl38" start="20230105200000 +0000" stop="20230105210000 +0000" catchup-id="AxyM58zyKKIdti65xAx5LJhaGQ-VbY3aMaSUJUoj"><title>CHILLIN'</title><date></date><icon src="https://m7be2.solocoo.tv/m7be2iphone/mmchan/mpimages/260x145/NjeKAOvF8N_C5RgB5H4Vtw.jpg"></icon><desc></desc><category></category></programme><programme channel="fihFodygJCOhuXOXvVoXntW565KjvZ5H3YRBfl38" start="20230105210000 +0000" stop="20230105220000 +0000" catchup-id="npBKF6-ruhnwa1lzZKiBD-HsEJrOR_ETBCk5w3eo"><title>ROOTS</title><date></date><icon src="https://m7be2.solocoo.tv/m7be2iphone/mmchan/mpimages/260x145/NjeKAOvF8N_C5RgB5H4Vtw.jpg"></icon><desc></desc><category></category></programme><programme channel="fihFodygJCOhuXOXvVoXntW565KjvZ5H3YRBfl38" start="20230105220000 +0000" stop="20230105230000 +0000" catchup-id="-QFo9hPxBSvYAdHJhNXRtDsWrFasL90H_jfYuqee"><title>CHILLIN'</title><date></date><icon src="https://m7be2.solocoo.tv/m7be2iphone/mmchan/mpimages/260x145/NjeKAOvF8N_C5RgB5H4Vtw.jpg"></icon><desc></desc><category></category></programme><programme channel="fihFodygJCOhuXOXvVoXntW565KjvZ5H3YRBfl38" start="20230105230000 +0000" stop="20230106060000 +0000" catchup-id="7waWtPiM9ioc679EsyODfJBqibL7aSHWxS5PdUBp"><title>SLEEPIN'</title><date></date><icon src="https://m7be2.solocoo.tv/m7be2iphone/mmchan/mpimages/260x145/NjeKAOvF8N_C5RgB5H4Vtw.jpg"></icon><desc></desc><category></category></programme><programme channel="fihFodygJCOhuXOXvVoXntW565KjvZ5H3YRBfl38" start="20230106060000 +0000" stop="20230106100000 +0000" catchup-id="eL3q246jTOT3bSRzXQErqyW9oihHWGd0L20qC3bL"><title>MORNIN'</title><date></date><icon src="https://m7be2.solocoo.tv/m7be2iphone/mmchan/mpimages/260x145/NjeKAOvF8N_C5RgB5H4Vtw.jpg"></icon><desc></desc><category></category></programme><programme channel="fihFodygJCOhuXOXvVoXntW565KjvZ5H3YRBfl38" start="20230106100000 +0000" stop="20230106110000 +0000" catchup-id="wGfdxyZbVnv4dR5QdnxHsIFCy1CRwtjNgCW_B9Cu"><title>FRESH</title><date></date><icon src="https://m7be2.solocoo.tv/m7be2iphone/mmchan/mpimages/260x145/NjeKAOvF8N_C5RgB5H4Vtw.jpg"></icon><desc></desc><category></category></programme><programme channel="fihFodygJCOhuXOXvVoXntW565KjvZ5H3YRBfl38" start="20230106110000 +0000" stop="20230106140000 +0000" catchup-id="12Fc4ydM4vDKgFC_CmF4dZ9aIKgLuHUU8xnNsiwU"><title>WORKIN'</title><date></date><icon src="https://m7be2.solocoo.tv/m7be2iphone/mmchan/mpimages/260x145/NjeKAOvF8N_C5RgB5H4Vtw.jpg"></icon><desc></desc><category></category></programme><programme channel="fihFodygJCOhuXOXvVoXntW565KjvZ5H3YRBfl38" start="20230106140000 +0000" stop="20230106141000 +0000" catchup-id="VTOTNrY5BX9Mih7CmJR523394PHk084vBkbVKiv1"><title>TRIPLESHOT</title><date></date><icon src="https://m7be2.solocoo.tv/m7be2iphone/mmchan/mpimages/260x145/NjeKAOvF8N_C5RgB5H4Vtw.jpg"></icon><desc></desc><category></category></programme><programme channel="fihFodygJCOhuXOXvVoXntW565KjvZ5H3YRBfl38" start="20230106141000 +0000" stop="20230106170000 +0000" catchup-id="XtQ2WhKNKi0WGtR9SFKcrHUIaXb1zM5_iO3oix0N"><title>WORKIN'</title><date></date><icon src="https://m7be2.solocoo.tv/m7be2iphone/mmchan/mpimages/260x145/NjeKAOvF8N_C5RgB5H4Vtw.jpg"></icon><desc></desc><category></category></programme><programme channel="fihFodygJCOhuXOXvVoXntW565KjvZ5H3YRBfl38" start="20230106170000 +0000" stop="20230106180000 +0000" catchup-id="XuCD20-vE0u6kTGUC7M3KtR3OSzLBPTuE52-keV-"><title>SPOTIFY CZECH LIST</title><date></date><icon src="https://m7be2.solocoo.tv/m7be2iphone/mmchan/mpimages/260x145/NjeKAOvF8N_C5RgB5H4Vtw.jpg"></icon><desc></desc><category></category></programme><programme channel="fihFodygJCOhuXOXvVoXntW565KjvZ5H3YRBfl38" start="20230106180000 +0000" stop="20230106190000 +0000" catchup-id="L3dIyBw-alnw1IHQvUeizfbokxeKYS2LcPqgo9bz"><title>CZ&amp;SK</title><date></date><icon src="https://m7be2.solocoo.tv/m7be2iphone/mmchan/mpimages/260x145/Rhu74ivcpmzKSR9vwBWF3A.jpg"></icon><desc></desc><category></category></programme><programme channel="fihFodygJCOhuXOXvVoXntW565KjvZ5H3YRBfl38" start="20230106190000 +0000" stop="20230106200000 +0000" catchup-id="6aBp36ApV9uvhAq6QUbXZczYq_hW25kDsohjOOqn"><title>O BLACK TALK : Luca Brassi10x</title><date></date><icon src="https://m7be2.solocoo.tv/m7be2iphone/mmchan/mpimages/260x145/NjeKAOvF8N_C5RgB5H4Vtw.jpg"></icon><desc></desc><category></category></programme><programme channel="fihFodygJCOhuXOXvVoXntW565KjvZ5H3YRBfl38" start="20230106200000 +0000" stop="20230107000000 +0000" catchup-id="kMS4kuV838tnufD235BjHcS_3qz9VqYqZLtmQsGc"><title>JUMPIN'</title><date></date><icon src="https://m7be2.solocoo.tv/m7be2iphone/mmchan/mpimages/260x145/NjeKAOvF8N_C5RgB5H4Vtw.jpg"></icon><desc></desc><category></category></programme><programme channel="fihFodygJCOhuXOXvVoXntW565KjvZ5H3YRBfl38" start="20230107000000 +0000" stop="20230107060000 +0000" catchup-id="OfMCRCwV-RX0oOtV1ri6EMFPpu5mKwgjVi1SFxy7"><title>SLEEPIN'</title><date></date><icon src="https://m7be2.solocoo.tv/m7be2iphone/mmchan/mpimages/260x145/NjeKAOvF8N_C5RgB5H4Vtw.jpg"></icon><desc></desc><category></category></programme><programme channel="fihFodygJCOhuXOXvVoXntW565KjvZ5H3YRBfl38" start="20230107060000 +0000" stop="20230107100000 +0000" catchup-id="WDjw6q2WwtkETzSRGDrvo9nU8SeFhgZPn7KOJ5yM"><title>MORNIN'</title><date></date><icon src="https://m7be2.solocoo.tv/m7be2iphone/mmchan/mpimages/260x145/NjeKAOvF8N_C5RgB5H4Vtw.jpg"></icon><desc></desc><category></category></programme><programme channel="fihFodygJCOhuXOXvVoXntW565KjvZ5H3YRBfl38" start="20230107100000 +0000" stop="20230107101000 +0000" catchup-id="ptK2rgixMITqxOXju8F2IdAsT0Q2EAiXBwb8TYxO"><title>TRIPLESHOT</title><date></date><icon src="https://m7be2.solocoo.tv/m7be2iphone/mmchan/mpimages/260x145/NjeKAOvF8N_C5RgB5H4Vtw.jpg"></icon><desc></desc><category></category></programme><programme channel="fihFodygJCOhuXOXvVoXntW565KjvZ5H3YRBfl38" start="20230107101000 +0000" stop="20230107110000 +0000" catchup-id="bsbYclkL2t8712z8w8DKFpBU7S8hRM4omke7BpZs"><title>MORNIN'</title><date></date><icon src="https://m7be2.solocoo.tv/m7be2iphone/mmchan/mpimages/260x145/NjeKAOvF8N_C5RgB5H4Vtw.jpg"></icon><desc></desc><category></category></programme><programme channel="fihFodygJCOhuXOXvVoXntW565KjvZ5H3YRBfl38" start="20230107110000 +0000" stop="20230107130000 +0000" catchup-id="Z4Nn27sbMphcgew6gfc9hNnDyhj-Ay4P-5cd2h5z"><title>CHILLIN'</title><date></date><icon src="https://m7be2.solocoo.tv/m7be2iphone/mmchan/mpimages/260x145/NjeKAOvF8N_C5RgB5H4Vtw.jpg"></icon><desc></desc><category></category></programme><programme channel="fihFodygJCOhuXOXvVoXntW565KjvZ5H3YRBfl38" start="20230107130000 +0000" stop="20230107140000 +0000" catchup-id="apBHcXS51eA-NXr5wZ-Qg1GlFqgU3jlahgUdAHMF"><title>US TOP CHART</title><date></date><icon src="https://m7be2.solocoo.tv/m7be2iphone/mmchan/mpimages/260x145/NjeKAOvF8N_C5RgB5H4Vtw.jpg"></icon><desc></desc><category></category></programme><programme channel="fihFodygJCOhuXOXvVoXntW565KjvZ5H3YRBfl38" start="20230107140000 +0000" stop="20230107160000 +0000" catchup-id="l0vuyk11_7WuhdHlJKVvvusZ9IyYZq5DjidI3Hgm"><title>CHILLIN'</title><date></date><icon src="https://m7be2.solocoo.tv/m7be2iphone/mmchan/mpimages/260x145/NjeKAOvF8N_C5RgB5H4Vtw.jpg"></icon><desc></desc><category></category></programme><programme channel="fihFodygJCOhuXOXvVoXntW565KjvZ5H3YRBfl38" start="20230107160000 +0000" stop="20230107170000 +0000" catchup-id="W59IBiSJxWHzHCQPKqvraSdcC5hg4-FxL1YRTdmJ"><title>O BLACK TALK : Luca Brassi10x</title><date></date><icon src="https://m7be2.solocoo.tv/m7be2iphone/mmchan/mpimages/260x145/NjeKAOvF8N_C5RgB5H4Vtw.jpg"></icon><desc></desc><category></category></programme><programme channel="fihFodygJCOhuXOXvVoXntW565KjvZ5H3YRBfl38" start="20230107170000 +0000" stop="20230107190000 +0000" catchup-id="Seagjs7gyGQ_wZe9okO7JaCUg93fUAJjuoU_rari"><title>CHILLIN'</title><date></date><icon src="https://m7be2.solocoo.tv/m7be2iphone/mmchan/mpimages/260x145/NjeKAOvF8N_C5RgB5H4Vtw.jpg"></icon><desc></desc><category></category></programme><programme channel="fihFodygJCOhuXOXvVoXntW565KjvZ5H3YRBfl38" start="20230107190000 +0000" stop="20230107200000 +0000" catchup-id="wettPdKFXI35vVSi67t0ZNMd62G0AcFNbV1uz_Ql"><title>FRESH</title><date></date><icon src="https://m7be2.solocoo.tv/m7be2iphone/mmchan/mpimages/260x145/NjeKAOvF8N_C5RgB5H4Vtw.jpg"></icon><desc></desc><category></category></programme><programme channel="fihFodygJCOhuXOXvVoXntW565KjvZ5H3YRBfl38" start="20230107200000 +0000" stop="20230108000000 +0000" catchup-id="WbavuYFtXSfyM9ZKwo6AhDoORELugh_DaWEuBsEu"><title>JUMPIN'</title><date></date><icon src="https://m7be2.solocoo.tv/m7be2iphone/mmchan/mpimages/260x145/NjeKAOvF8N_C5RgB5H4Vtw.jpg"></icon><desc></desc><category></category></programme><programme channel="fihFodygJCOhuXOXvVoXntW565KjvZ5H3YRBfl38" start="20230108000000 +0000" stop="20230108060000 +0000" catchup-id="qHn_ULnh5Gn-08mLbpdoqTu9OZzXEYq4WTQfWK95"><title>SLEEPIN'</title><date></date><icon src="https://m7be2.solocoo.tv/m7be2iphone/mmchan/mpimages/260x145/NjeKAOvF8N_C5RgB5H4Vtw.jpg"></icon><desc></desc><category></category></programme><programme channel="fihFodygJCOhuXOXvVoXntW565KjvZ5H3YRBfl38" start="20230108060000 +0000" stop="20230108100000 +0000" catchup-id="sgqVShpOdfclKujR-ay-rmOgB85I-abUYGmlcD4B"><title>MORNIN'</title><date></date><icon src="https://m7be2.solocoo.tv/m7be2iphone/mmchan/mpimages/260x145/NjeKAOvF8N_C5RgB5H4Vtw.jpg"></icon><desc></desc><category></category></programme><programme channel="fihFodygJCOhuXOXvVoXntW565KjvZ5H3YRBfl38" start="20230108100000 +0000" stop="20230108110000 +0000" catchup-id="4hPKQHoTHKFyFbcW-vmLmSVaP-pye56ssiE0kgrU"><title>SPOTIFY CZECH LIST</title><date></date><icon src="https://m7be2.solocoo.tv/m7be2iphone/mmchan/mpimages/260x145/NjeKAOvF8N_C5RgB5H4Vtw.jpg"></icon><desc></desc><category></category></programme><programme channel="fihFodygJCOhuXOXvVoXntW565KjvZ5H3YRBfl38" start="20230108110000 +0000" stop="20230108130000 +0000" catchup-id="nQVXKwrLwavOuQ1AE4M7erkb3q9x9-zIgJL0MmQA"><title>CHILLIN'</title><date></date><icon src="https://m7be2.solocoo.tv/m7be2iphone/mmchan/mpimages/260x145/NjeKAOvF8N_C5RgB5H4Vtw.jpg"></icon><desc></desc><category></category></programme><programme channel="fihFodygJCOhuXOXvVoXntW565KjvZ5H3YRBfl38" start="20230108130000 +0000" stop="20230108140000 +0000" catchup-id="NOAjRFeD5it0Cd6dA1QYpHt15Qa05BEsASHhkTsA"><title>ÓČKO BLACK LIST</title><date></date><icon src="https://m7be2.solocoo.tv/m7be2iphone/mmchan/mpimages/260x145/NjeKAOvF8N_C5RgB5H4Vtw.jpg"></icon><desc></desc><category></category></programme><programme channel="fihFodygJCOhuXOXvVoXntW565KjvZ5H3YRBfl38" start="20230108140000 +0000" stop="20230108150000 +0000" catchup-id="wM4Bv3fUlYVE7EUjlvNAkYBL_boVITjrdcdXVcmp"><title>CHILLIN'</title><date></date><icon src="https://m7be2.solocoo.tv/m7be2iphone/mmchan/mpimages/260x145/NjeKAOvF8N_C5RgB5H4Vtw.jpg"></icon><desc></desc><category></category></programme><programme channel="fihFodygJCOhuXOXvVoXntW565KjvZ5H3YRBfl38" start="20230108150000 +0000" stop="20230108151000 +0000" catchup-id="fKVTb1tBWlCCb9lP41Qa_ghtZB7uBT24N18ms1Dd"><title>TRIPLESHOT</title><date></date><icon src="https://m7be2.solocoo.tv/m7be2iphone/mmchan/mpimages/260x145/NjeKAOvF8N_C5RgB5H4Vtw.jpg"></icon><desc></desc><category></category></programme><programme channel="fihFodygJCOhuXOXvVoXntW565KjvZ5H3YRBfl38" start="20230108151000 +0000" stop="20230108180000 +0000" catchup-id="OaBCeFjQJXvswQjTIjGEHFdGp3MvUlx3OufSgNK0"><title>CHILLIN'</title><date></date><icon src="https://m7be2.solocoo.tv/m7be2iphone/mmchan/mpimages/260x145/NjeKAOvF8N_C5RgB5H4Vtw.jpg"></icon><desc></desc><category></category></programme><programme channel="fihFodygJCOhuXOXvVoXntW565KjvZ5H3YRBfl38" start="20230108180000 +0000" stop="20230108190000 +0000" catchup-id="PSbhDxPqu8LM8OakPtyEvwY5i4aEZRaeyuSe6QFJ"><title>CZ&amp;SK</title><date></date><icon src="https://m7be2.solocoo.tv/m7be2iphone/mmchan/mpimages/260x145/Rhu74ivcpmzKSR9vwBWF3A.jpg"></icon><desc></desc><category></category></programme><programme channel="fihFodygJCOhuXOXvVoXntW565KjvZ5H3YRBfl38" start="20230108190000 +0000" stop="20230108200000 +0000" catchup-id="oiyvlpkoCK5azRY8M4g8VAw1Oa8CmfSSAHPX99q-"><title>ROOTS</title><date></date><icon src="https://m7be2.solocoo.tv/m7be2iphone/mmchan/mpimages/260x145/NjeKAOvF8N_C5RgB5H4Vtw.jpg"></icon><desc></desc><category></category></programme><programme channel="fihFodygJCOhuXOXvVoXntW565KjvZ5H3YRBfl38" start="20230108200000 +0000" stop="20230108230000 +0000" catchup-id="3vHjDpLFM_BzQ3RKOagkAmj5BGVHDFCqQCmAO0_j"><title>CHILLIN'</title><date></date><icon src="https://m7be2.solocoo.tv/m7be2iphone/mmchan/mpimages/260x145/NjeKAOvF8N_C5RgB5H4Vtw.jpg"></icon><desc></desc><category></category></programme><programme channel="fihFodygJCOhuXOXvVoXntW565KjvZ5H3YRBfl38" start="20230108230000 +0000" stop="20230109060000 +0000" catchup-id="wh6b43jSL51PXDhcQe_79D-r4UeU8B4jklp7P4rp"><title>SLEEPIN'</title><date></date><icon src="https://m7be2.solocoo.tv/m7be2iphone/mmchan/mpimages/260x145/NjeKAOvF8N_C5RgB5H4Vtw.jpg"></icon><desc></desc><category></category></programme><programme channel="fihFodygJCOhuXOXvVoXntW565KjvZ5H3YRBfl38" start="20230109060000 +0000" stop="20230109100000 +0000" catchup-id="amenLYI-oNym90JXThd4pIYjyAFwZpBrDKwGbqf0"><title>MORNIN'</title><date></date><icon src="https://m7be2.solocoo.tv/m7be2iphone/mmchan/mpimages/260x145/NjeKAOvF8N_C5RgB5H4Vtw.jpg"></icon><desc></desc><category></category></programme><programme channel="fihFodygJCOhuXOXvVoXntW565KjvZ5H3YRBfl38" start="20230109100000 +0000" stop="20230109110000 +0000" catchup-id="MWWNU4JyhLw1urWtKEhjVvJt0fM91gGm9hpuPk9i"><title>FRESH</title><date></date><icon src="https://m7be2.solocoo.tv/m7be2iphone/mmchan/mpimages/260x145/NjeKAOvF8N_C5RgB5H4Vtw.jpg"></icon><desc></desc><category></category></programme><programme channel="fihFodygJCOhuXOXvVoXntW565KjvZ5H3YRBfl38" start="20230109110000 +0000" stop="20230109180000 +0000" catchup-id="dZdo4mj7d6VvhSDqVKiW4Duta7g9HItRmsUQZtY7"><title>WORKIN'</title><date></date><icon src="https://m7be2.solocoo.tv/m7be2iphone/mmchan/mpimages/260x145/NjeKAOvF8N_C5RgB5H4Vtw.jpg"></icon><desc></desc><category></category></programme><programme channel="fihFodygJCOhuXOXvVoXntW565KjvZ5H3YRBfl38" start="20230109180000 +0000" stop="20230109190000 +0000" catchup-id="EbwOmcbigkCsNXgn4IRqcfOdgz4kC3xDPbzz3uci"><title>CZ&amp;SK</title><date></date><icon src="https://m7be2.solocoo.tv/m7be2iphone/mmchan/mpimages/260x145/Rhu74ivcpmzKSR9vwBWF3A.jpg"></icon><desc></desc><category></category></programme><programme channel="fihFodygJCOhuXOXvVoXntW565KjvZ5H3YRBfl38" start="20230109190000 +0000" stop="20230109210000 +0000" catchup-id="zPINJoEPwbIVcf4RRq3ws4Qvi0p8iMU_I_f6A8ju"><title>TRUESCHOOL</title><date></date><icon src="https://m7be2.solocoo.tv/m7be2iphone/mmchan/mpimages/260x145/NjeKAOvF8N_C5RgB5H4Vtw.jpg"></icon><desc></desc><category></category></programme><programme channel="fihFodygJCOhuXOXvVoXntW565KjvZ5H3YRBfl38" start="20230109210000 +0000" stop="20230109230000 +0000" catchup-id="iPARhGrmVfPw-PWyST2SlyygccSFszGtByC3TcAu"><title>CHILLIN'</title><date></date><icon src="https://m7be2.solocoo.tv/m7be2iphone/mmchan/mpimages/260x145/NjeKAOvF8N_C5RgB5H4Vtw.jpg"></icon><desc></desc><category></category></programme><programme channel="fihFodygJCOhuXOXvVoXntW565KjvZ5H3YRBfl38" start="20230109230000 +0000" stop="20230110060000 +0000" catchup-id="ZEhV311Nz2kdTFa3x962rkMe1f1QRmvFG9_NNWpk"><title>SLEEPIN'</title><date></date><icon src="https://m7be2.solocoo.tv/m7be2iphone/mmchan/mpimages/260x145/NjeKAOvF8N_C5RgB5H4Vtw.jpg"></icon><desc></desc><category></category></programme><programme channel="fihFodygJCOhuXOXvVoXntW565KjvZ5H3YRBfl38" start="20230110060000 +0000" stop="20230110100000 +0000" catchup-id="5b4SGmv7t91ozrz8J5OKsWblgYW5zto7wQ7cYASF"><title>MORNIN'</title><date></date><icon src="https://m7be2.solocoo.tv/m7be2iphone/mmchan/mpimages/260x145/NjeKAOvF8N_C5RgB5H4Vtw.jpg"></icon><desc></desc><category></category></programme><programme channel="fihFodygJCOhuXOXvVoXntW565KjvZ5H3YRBfl38" start="20230110100000 +0000" stop="20230110110000 +0000" catchup-id="gTsVKwEljHacUy5vhWaesl1Cckw401lSr9A1nBaW"><title>TRUESCHOOL</title><date></date><icon src="https://m7be2.solocoo.tv/m7be2iphone/mmchan/mpimages/260x145/NjeKAOvF8N_C5RgB5H4Vtw.jpg"></icon><desc></desc><category></category></programme><programme channel="fihFodygJCOhuXOXvVoXntW565KjvZ5H3YRBfl38" start="20230110110000 +0000" stop="20230110180000 +0000" catchup-id="2VIdHNxY5Pe-jU9mmfh38HSl0rEGx43Jygi9UBBq"><title>WORKIN'</title><date></date><icon src="https://m7be2.solocoo.tv/m7be2iphone/mmchan/mpimages/260x145/NjeKAOvF8N_C5RgB5H4Vtw.jpg"></icon><desc></desc><category></category></programme><programme channel="fihFodygJCOhuXOXvVoXntW565KjvZ5H3YRBfl38" start="20230110180000 +0000" stop="20230110190000 +0000" catchup-id="JpCdlfDWJfhoVtxj1mp5leylPR4XT_n3kfU1sfzE"><title>CZ&amp;SK</title><date></date><icon src="https://m7be2.solocoo.tv/m7be2iphone/mmchan/mpimages/260x145/Rhu74ivcpmzKSR9vwBWF3A.jpg"></icon><desc></desc><category></category></programme><programme channel="fihFodygJCOhuXOXvVoXntW565KjvZ5H3YRBfl38" start="20230110190000 +0000" stop="20230110200000 +0000" catchup-id="55I3natn3pAG7tiR9xZqRsqdTDR8Pqusgc7XOcyJ"><title>GRIME TIME</title><date></date><icon src="https://m7be2.solocoo.tv/m7be2iphone/mmchan/mpimages/260x145/NjeKAOvF8N_C5RgB5H4Vtw.jpg"></icon><desc></desc><category></category></programme><programme channel="fihFodygJCOhuXOXvVoXntW565KjvZ5H3YRBfl38" start="20230110200000 +0000" stop="20230110210000 +0000" catchup-id="r6PfDxqIkpRaxoLdu13IRfrFxSN_19LZxezXcTlK"><title>ÓČKO BLACK LIST</title><date></date><icon src="https://m7be2.solocoo.tv/m7be2iphone/mmchan/mpimages/260x145/NjeKAOvF8N_C5RgB5H4Vtw.jpg"></icon><desc></desc><category></category></programme><programme channel="fihFodygJCOhuXOXvVoXntW565KjvZ5H3YRBfl38" start="20230110210000 +0000" stop="20230110220000 +0000" catchup-id="3-BqBlXpmC8OCbA0pBLj7ApGsHgBmCklM4A0Kb8q"><title>REWIND! 5. ELEMENT</title><date></date><icon src="https://m7be2.solocoo.tv/m7be2iphone/mmchan/mpimages/260x145/KRPi9zWjunw6VvSIMGq66Q.jpg"></icon><desc></desc><category></category></programme><programme channel="fihFodygJCOhuXOXvVoXntW565KjvZ5H3YRBfl38" start="20230110220000 +0000" stop="20230110230000 +0000" catchup-id="7VFyuGUcJ21lNwq-aP6FB83VrkFlm1hLxrxPRYhq"><title>CHILLIN'</title><date></date><icon src="https://m7be2.solocoo.tv/m7be2iphone/mmchan/mpimages/260x145/NjeKAOvF8N_C5RgB5H4Vtw.jpg"></icon><desc></desc><category></category></programme><programme channel="fihFodygJCOhuXOXvVoXntW565KjvZ5H3YRBfl38" start="20230110230000 +0000" stop="20230111060000 +0000" catchup-id="kNcdZiBkqwI8Bma9rWuCaspaVwQtHPHgd5ciAIdx"><title>SLEEPIN'</title><date></date><icon src="https://m7be2.solocoo.tv/m7be2iphone/mmchan/mpimages/260x145/NjeKAOvF8N_C5RgB5H4Vtw.jpg"></icon><desc></desc><category></category></programme><programme channel="fihFodygJCOhuXOXvVoXntW565KjvZ5H3YRBfl38" start="20230111060000 +0000" stop="20230111100000 +0000" catchup-id="xPzQARzAbUkPuKjMyHOEUU_OOTPUCHX2mvOM7XZO"><title>MORNIN'</title><date></date><icon src="https://m7be2.solocoo.tv/m7be2iphone/mmchan/mpimages/260x145/NjeKAOvF8N_C5RgB5H4Vtw.jpg"></icon><desc></desc><category></category></programme><programme channel="fihFodygJCOhuXOXvVoXntW565KjvZ5H3YRBfl38" start="20230111100000 +0000" stop="20230111110000 +0000" catchup-id="eQtv3aSkiUIeEWSmbhyPpp8j46dtOtRPtBmeCsWS"><title>GRIME TIME</title><date></date><icon src="https://m7be2.solocoo.tv/m7be2iphone/mmchan/mpimages/260x145/NjeKAOvF8N_C5RgB5H4Vtw.jpg"></icon><desc></desc><category></category></programme><programme channel="fihFodygJCOhuXOXvVoXntW565KjvZ5H3YRBfl38" start="20230111110000 +0000" stop="20230111170000 +0000" catchup-id="BEQaH3fIporYr6TgQEqAL3EmSe6QBCjLvaOpKnn-"><title>WORKIN'</title><date></date><icon src="https://m7be2.solocoo.tv/m7be2iphone/mmchan/mpimages/260x145/NjeKAOvF8N_C5RgB5H4Vtw.jpg"></icon><desc></desc><category></category></programme><programme channel="fihFodygJCOhuXOXvVoXntW565KjvZ5H3YRBfl38" start="20230111170000 +0000" stop="20230111171000 +0000" catchup-id="rM1vHo5d5Czc8c183zkvF5Gh8LyyLN_5i4xG3NL_"><title>TRIPLESHOT</title><date></date><icon src="https://m7be2.solocoo.tv/m7be2iphone/mmchan/mpimages/260x145/NjeKAOvF8N_C5RgB5H4Vtw.jpg"></icon><desc></desc><category></category></programme><programme channel="fihFodygJCOhuXOXvVoXntW565KjvZ5H3YRBfl38" start="20230111171000 +0000" stop="20230111180000 +0000" catchup-id="guqh3TSmHyXWHIlMhIJRC2UnWpZWcxnu3pugMZLo"><title>WORKIN'</title><date></date><icon src="https://m7be2.solocoo.tv/m7be2iphone/mmchan/mpimages/260x145/NjeKAOvF8N_C5RgB5H4Vtw.jpg"></icon><desc></desc><category></category></programme><programme channel="fihFodygJCOhuXOXvVoXntW565KjvZ5H3YRBfl38" start="20230111180000 +0000" stop="20230111190000 +0000" catchup-id="7xwa3TZRDicrHrWkzpFu2uz8uPNT5dQxmL9HKfu4"><title>SPOTIFY CZECH LIST</title><date></date><icon src="https://m7be2.solocoo.tv/m7be2iphone/mmchan/mpimages/260x145/NjeKAOvF8N_C5RgB5H4Vtw.jpg"></icon><desc></desc><category></category></programme><programme channel="fihFodygJCOhuXOXvVoXntW565KjvZ5H3YRBfl38" start="20230111190000 +0000" stop="20230111200000 +0000" catchup-id="rtF5lLKMJMp4eYwkBmx8LZqAOu2xzByNzGeIj4RF"><title>R&amp;B JAMMIN'</title><date></date><icon src="https://m7be2.solocoo.tv/m7be2iphone/mmchan/mpimages/260x145/NjeKAOvF8N_C5RgB5H4Vtw.jpg"></icon><desc></desc><category></category></programme><programme channel="fihFodygJCOhuXOXvVoXntW565KjvZ5H3YRBfl38" start="20230111200000 +0000" stop="20230111220000 +0000" catchup-id="_Icgo8fHowhrgCrDHmHlXfKi4vJhun8-0PVdTGSd"><title>CHILLIN'</title><date></date><icon src="https://m7be2.solocoo.tv/m7be2iphone/mmchan/mpimages/260x145/NjeKAOvF8N_C5RgB5H4Vtw.jpg"></icon><desc></desc><category></category></programme><programme channel="fihFodygJCOhuXOXvVoXntW565KjvZ5H3YRBfl38" start="20230111220000 +0000" stop="20230111230000 +0000" catchup-id="dATUxZ-hBlMaYncHzpZFsp0H7JO9EFWQgE2PABBW"><title>REWIND! 5. ELEMENT</title><date></date><icon src="https://m7be2.solocoo.tv/m7be2iphone/mmchan/mpimages/260x145/KRPi9zWjunw6VvSIMGq66Q.jpg"></icon><desc></desc><category></category></programme>