<programme channel="pbdVif7JUO7YVFvU-YzEIgFIwKNSHb5lMctKzNLy" start="20221229010000 +0000" stop="20221229030000 +0000" catchup-id="lN7wnGWmg_yplddSSfT7KxXHIB0yX2FiuBR-vEtZ"><title>... So 80s!</title><date></date><icon src="https://m7be2.solocoo.tv/m7be2iphone/mmchan/mpimages/208x308/qN7K9sviOrcV2l2iz95Uvg.jpg"></icon><desc>Get ready because we're bringing you nothing but classic hits and iconic anthems from the 80s!</desc><category></category></programme><programme channel="pbdVif7JUO7YVFvU-YzEIgFIwKNSHb5lMctKzNLy" start="20221229030000 +0000" stop="20221229070000 +0000" catchup-id="6SRyB4sTyEnvedmSUzqIoAeS5ZBnqI49AEpE1G3g"><title>Non-Stop 80s Hits!</title><date></date><icon src="https://m7be2.solocoo.tv/m7be2iphone/mmchan/mpimages/208x308/kwAGA0oAVhOr4ig-L0fR8Q.jpg"></icon><desc>We got hits... We got hits from the 80s. And guess what? They don't stop! You're welcome!</desc><category></category></programme><programme channel="pbdVif7JUO7YVFvU-YzEIgFIwKNSHb5lMctKzNLy" start="20221229070000 +0000" stop="20221229110000 +0000" catchup-id="mXthmDDxV1pMLKX43is2QgdAL5tZ_EbCW_UvK-ES"><title>Gold! Greatest Hits Of the 80s</title><date></date><icon src="https://m7be2.solocoo.tv/m7be2iphone/mmchan/mpimages/208x308/Ko-NgbBKooE-jsL7sc6Zxw.jpg"></icon><desc>Pencil us in because we've organised the greatest hits of the '80s for you...you're welcome!</desc><category></category></programme><programme channel="pbdVif7JUO7YVFvU-YzEIgFIwKNSHb5lMctKzNLy" start="20221229110000 +0000" stop="20221229150000 +0000" catchup-id="Ecm42pG2PGEZgVZSxd63AxsVt0lA0HF8VMOAKhT-"><title>I Want My MTV 80s!</title><date></date><icon src="https://m7be2.solocoo.tv/m7be2iphone/mmchan/mpimages/208x308/uyK9V0TDoX--Sfskr-l-Rw.jpg"></icon><desc>It's non-stop nostalgia right here at MTV 80s - and that's what we want, right now!</desc><category></category></programme><programme channel="pbdVif7JUO7YVFvU-YzEIgFIwKNSHb5lMctKzNLy" start="20221229150000 +0000" stop="20221229170200 +0000" catchup-id="1proJrftQHHp8XC9wm0DD9OJ8v6oltKTlJUws8Jn"><title>Forever 80s!</title><date></date><icon src="https://m7be2.solocoo.tv/m7be2iphone/mmchan/mpimages/208x308/tJecYEsfyWtoMVZtv3faTw.jpg"></icon><desc>Check out all of the best hits from one of the biggest decades in music!</desc><category></category></programme><programme channel="pbdVif7JUO7YVFvU-YzEIgFIwKNSHb5lMctKzNLy" start="20221229170200 +0000" stop="20221229190100 +0000" catchup-id="-4C34jHZc6V2TXdk3q9gIixAyJMvnWMrEfCrfq8V"><title>Wild Boys Of The 80s!</title><date></date><icon src="https://m7be2.solocoo.tv/m7be2iphone/mmchan/mpimages/208x308/2oNgCO6je1qtZO5AmlWvWg.jpg"></icon><desc>These boys were born to be wild in the 80s! Check out all of their huge hits and iconic anthems right here!</desc><category></category></programme><programme channel="pbdVif7JUO7YVFvU-YzEIgFIwKNSHb5lMctKzNLy" start="20221229190100 +0000" stop="20221229200000 +0000" catchup-id="6jq5op59HmZpB_K4K1XjCzE3lQc1IZAsACDH7PSg"><title>Greatest 80s Rock: Play It Loud!</title><date></date><icon src="https://m7be2.solocoo.tv/m7be2iphone/mmchan/mpimages/208x308/Wh04FwBscjZ4ptryVyt7xw.jpg"></icon><desc>Hard! Alternative! Heavy! Post-punk! Metal! Indie! Goth! Call it what you want, but turn up the volume as we delve into the decade's best rock tracks in all their incarnations, right here on MTV80s!</desc><category></category></programme><programme channel="pbdVif7JUO7YVFvU-YzEIgFIwKNSHb5lMctKzNLy" start="20221229200000 +0000" stop="20221230010000 +0000" catchup-id="e7Uynyy6_kfgz15bMrHp3BN4JEkfu_R0Kk3u_A86"><title>... So 80s!</title><date></date><icon src="https://m7be2.solocoo.tv/m7be2iphone/mmchan/mpimages/208x308/qN7K9sviOrcV2l2iz95Uvg.jpg"></icon><desc>Get ready because we're bringing you nothing but classic hits and iconic anthems from the 80s!</desc><category></category></programme><programme channel="pbdVif7JUO7YVFvU-YzEIgFIwKNSHb5lMctKzNLy" start="20221230010000 +0000" stop="20221230030000 +0000" catchup-id="fLaT3h7cT__jSusWwbCqGs3oj6NHqge8_FkqHDt_"><title>... So 80s!</title><date></date><icon src="https://m7be2.solocoo.tv/m7be2iphone/mmchan/mpimages/208x308/qN7K9sviOrcV2l2iz95Uvg.jpg"></icon><desc>Get ready because we're bringing you nothing but classic hits and iconic anthems from the 80s!</desc><category></category></programme><programme channel="pbdVif7JUO7YVFvU-YzEIgFIwKNSHb5lMctKzNLy" start="20221230030000 +0000" stop="20221230070000 +0000" catchup-id="K0ohnYkrG3Rjv47VtpoasyVPyz5irH2-g8pWIeFM"><title>Non-Stop 80s Hits!</title><date></date><icon src="https://m7be2.solocoo.tv/m7be2iphone/mmchan/mpimages/208x308/kwAGA0oAVhOr4ig-L0fR8Q.jpg"></icon><desc>We got hits... We got hits from the 80s. And guess what? They don't stop! You're welcome!</desc><category></category></programme><programme channel="pbdVif7JUO7YVFvU-YzEIgFIwKNSHb5lMctKzNLy" start="20221230070000 +0000" stop="20221230110000 +0000" catchup-id="L0v5uFsmkc8mYMUlYiiWn-qlL3wnEqLmWYuFWsVt"><title>Gold! Greatest Hits Of the 80s</title><date></date><icon src="https://m7be2.solocoo.tv/m7be2iphone/mmchan/mpimages/208x308/Ko-NgbBKooE-jsL7sc6Zxw.jpg"></icon><desc>Pencil us in because we've organised the greatest hits of the '80s for you...you're welcome!</desc><category></category></programme><programme channel="pbdVif7JUO7YVFvU-YzEIgFIwKNSHb5lMctKzNLy" start="20221230110000 +0000" stop="20221230150100 +0000" catchup-id="W5uCh7RFZPhOf56FVL149EibR99JaiqzSRBWWvpA"><title>I Want My MTV 80s!</title><date></date><icon src="https://m7be2.solocoo.tv/m7be2iphone/mmchan/mpimages/208x308/uyK9V0TDoX--Sfskr-l-Rw.jpg"></icon><desc>It's non-stop nostalgia right here at MTV 80s - and that's what we want, right now!</desc><category></category></programme><programme channel="pbdVif7JUO7YVFvU-YzEIgFIwKNSHb5lMctKzNLy" start="20221230150100 +0000" stop="20221230200000 +0000" catchup-id="G80BNbEfK9PO_iuOBXZrx33xPnC3sGTsUABmpSzA"><title>Pump Up the 80s Party!</title><date></date><icon src="https://m7be2.solocoo.tv/m7be2iphone/mmchan/mpimages/208x308/srkX5s8vk71LdK8ALCdaPA.jpg"></icon><desc>We've chosen all of the best 80s hits to go into one epic 80s party playlist. So pump up the volume and get ready to dance with some classic 80s tunes!</desc><category></category></programme><programme channel="pbdVif7JUO7YVFvU-YzEIgFIwKNSHb5lMctKzNLy" start="20221230200000 +0000" stop="20221230210100 +0000" catchup-id="a0QPHyhTStS104onoYGaAdUnnrrx8kViYDhTOTa-"><title>Pump Up the 80s Party!</title><date></date><icon src="https://m7be2.solocoo.tv/m7be2iphone/mmchan/mpimages/208x308/srkX5s8vk71LdK8ALCdaPA.jpg"></icon><desc>We've chosen all of the best 80s hits to go into one epic 80s party playlist. So pump up the volume and get ready to dance with some classic 80s tunes!</desc><category></category></programme><programme channel="pbdVif7JUO7YVFvU-YzEIgFIwKNSHb5lMctKzNLy" start="20221230210100 +0000" stop="20221231015900 +0000" catchup-id="5GwodUH6VhlrxWXXffGCOj3jKLICHaMSTAnxrX62"><title>... So 80s!</title><date></date><icon src="https://m7be2.solocoo.tv/m7be2iphone/mmchan/mpimages/208x308/qN7K9sviOrcV2l2iz95Uvg.jpg"></icon><desc>Get ready because we're bringing you nothing but classic hits and iconic anthems from the 80s!</desc><category></category></programme><programme channel="pbdVif7JUO7YVFvU-YzEIgFIwKNSHb5lMctKzNLy" start="20221231015900 +0000" stop="20221231030000 +0000" catchup-id="ZMRMw5_M-3SD1B_63v4mNQ-rEZZ0qbhIp2DrxZCK"><title>... So 80s!</title><date></date><icon src="https://m7be2.solocoo.tv/m7be2iphone/mmchan/mpimages/208x308/qN7K9sviOrcV2l2iz95Uvg.jpg"></icon><desc>Get ready because we're bringing you nothing but classic hits and iconic anthems from the 80s!</desc><category></category></programme><programme channel="pbdVif7JUO7YVFvU-YzEIgFIwKNSHb5lMctKzNLy" start="20221231030000 +0000" stop="20221231085900 +0000" catchup-id="k6BuswZdues9hOTOMd_Pk2lE2fijadQeq9O-1BLm"><title>It's An 80s New Year's Party!</title><date></date><icon src="https://m7be2.solocoo.tv/m7be2iphone/mmchan/mpimages/208x308/jWX4ZFCBsVWlghjrXmea5g.jpg"></icon><desc>Let us lead you into New Year with the biggest party ever - filled with nothing but upbeat hits from 1980 to 1989... And that's an MTV80s guarantee!</desc><category></category></programme><programme channel="pbdVif7JUO7YVFvU-YzEIgFIwKNSHb5lMctKzNLy" start="20221231085900 +0000" stop="20221231150100 +0000" catchup-id="9zYgxIkbDknoI18AbJV2ooYY8pZc7ZYpfHzLW0CG"><title>It's An 80s New Year's Party!</title><date></date><icon src="https://m7be2.solocoo.tv/m7be2iphone/mmchan/mpimages/208x308/jWX4ZFCBsVWlghjrXmea5g.jpg"></icon><desc>Let us lead you into New Year with the biggest party ever - filled with nothing but upbeat hits from 1980 to 1989... And that's an MTV80s guarantee!</desc><category></category></programme><programme channel="pbdVif7JUO7YVFvU-YzEIgFIwKNSHb5lMctKzNLy" start="20221231150100 +0000" stop="20221231190000 +0000" catchup-id="S_zgtq3AkIkg82aJpZuqM0jF9M3duYqjKisk-DwG"><title>It's An 80s New Year's Party!</title><date></date><icon src="https://m7be2.solocoo.tv/m7be2iphone/mmchan/mpimages/208x308/Rb5FchfOoYLk7HhFH4gRTA.jpg"></icon><desc>Let us lead you into New Year with the biggest party ever - filled with nothing but upbeat hits from 1980 to 1989... And that's an MTV80s guarantee!</desc><category></category></programme><programme channel="pbdVif7JUO7YVFvU-YzEIgFIwKNSHb5lMctKzNLy" start="20221231190000 +0000" stop="20230101000000 +0000" catchup-id="rS2_k3hHg3yq5g1D04Mbve5vAsXMwUe1ULEpt5Dd"><title>Happy New Year from MTV 80s!</title><date></date><icon src="https://m7be2.solocoo.tv/m7be2iphone/mmchan/mpimages/208x308/mpwoWV0I0UtVcQMfNzR7Nw.jpg"></icon><desc>It's the start of a new year so let's celebrate with one massive 80s party!</desc><category></category></programme><programme channel="pbdVif7JUO7YVFvU-YzEIgFIwKNSHb5lMctKzNLy" start="20230101000000 +0000" stop="20230101030000 +0000" catchup-id="KmgCY_SMBMYXIN86zGhOtL0ZmNpJYn97eCPnzier"><title>Happy New Year from MTV 80s!</title><date></date><icon src="https://m7be2.solocoo.tv/m7be2iphone/mmchan/mpimages/208x308/mpwoWV0I0UtVcQMfNzR7Nw.jpg"></icon><desc>It's the start of a new year so let's celebrate with one massive 80s party!</desc><category></category></programme><programme channel="pbdVif7JUO7YVFvU-YzEIgFIwKNSHb5lMctKzNLy" start="20230101030000 +0000" stop="20230101070000 +0000" catchup-id="QJ0LCcqd1iaR_6EWbUWw5MuL4gnm8yVofMd9K4bx"><title>Happy New Year from MTV 80s!</title><date></date><icon src="https://m7be2.solocoo.tv/m7be2iphone/mmchan/mpimages/208x308/mpwoWV0I0UtVcQMfNzR7Nw.jpg"></icon><desc>It's the start of a new year so let's celebrate with one massive 80s party!</desc><category></category></programme><programme channel="pbdVif7JUO7YVFvU-YzEIgFIwKNSHb5lMctKzNLy" start="20230101070000 +0000" stop="20230101105900 +0000" catchup-id="10sP2ru_rqlWiJx0-Y1aetD3e3ZKjv2H5n1kx64b"><title>Happy New Year from MTV 80s!</title><date></date><icon src="https://m7be2.solocoo.tv/m7be2iphone/mmchan/mpimages/208x308/mpwoWV0I0UtVcQMfNzR7Nw.jpg"></icon><desc>It's the start of a new year so let's celebrate with one massive 80s party!</desc><category></category></programme><programme channel="pbdVif7JUO7YVFvU-YzEIgFIwKNSHb5lMctKzNLy" start="20230101105900 +0000" stop="20230101150000 +0000" catchup-id="_7TPqSnL7tKRexyeM9GJ1DR7GZnj7_mErLOSDL1S"><title>Happy New Year from MTV 80s!</title><date></date><icon src="https://m7be2.solocoo.tv/m7be2iphone/mmchan/mpimages/208x308/mpwoWV0I0UtVcQMfNzR7Nw.jpg"></icon><desc>It's the start of a new year so let's celebrate with one massive 80s party!</desc><category></category></programme><programme channel="pbdVif7JUO7YVFvU-YzEIgFIwKNSHb5lMctKzNLy" start="20230101150000 +0000" stop="20230101190200 +0000" catchup-id="LmZy8OpjueT275Ny7W48ykvjk88TV828IXezN4-2"><title>Pump Up the 80s Party!</title><date></date><icon src="https://m7be2.solocoo.tv/m7be2iphone/mmchan/mpimages/208x308/srkX5s8vk71LdK8ALCdaPA.jpg"></icon><desc>We've chosen all of the best 80s hits to go into one epic 80s party playlist. So pump up the volume and get ready to dance with some classic 80s tunes!</desc><category></category></programme><programme channel="pbdVif7JUO7YVFvU-YzEIgFIwKNSHb5lMctKzNLy" start="20230101190200 +0000" stop="20230101195900 +0000" catchup-id="-jGgz9sAjF1TVdRMbwC1RBtLpYLg9Uqdcn1tNruY"><title>80s Power Ballad Heaven!</title><date></date><icon src="https://m7be2.solocoo.tv/m7be2iphone/mmchan/mpimages/208x308/hrwQEbO4EH4rPVU2eXOcMQ.jpg"></icon><desc>We've selected some of the most iconic 80s power ballads ever recorded to play for you right now on MTV 80s!</desc><category></category></programme><programme channel="pbdVif7JUO7YVFvU-YzEIgFIwKNSHb5lMctKzNLy" start="20230101195900 +0000" stop="20230102010100 +0000" catchup-id="cXqwtgUJAq2lKBgKrHzRG0R5HUp7vacclpklUSK6"><title>... So 80s!</title><date></date><icon src="https://m7be2.solocoo.tv/m7be2iphone/mmchan/mpimages/208x308/qN7K9sviOrcV2l2iz95Uvg.jpg"></icon><desc>Get ready because we're bringing you nothing but classic hits and iconic anthems from the 80s!</desc><category></category></programme><programme channel="pbdVif7JUO7YVFvU-YzEIgFIwKNSHb5lMctKzNLy" start="20230102010100 +0000" stop="20230102030000 +0000" catchup-id="xPYC0cv-VGnmyqvTnLsPrO53CBA1yp9Tu5TMUOu1"><title>... So 80s!</title><date></date><icon src="https://m7be2.solocoo.tv/m7be2iphone/mmchan/mpimages/208x308/qN7K9sviOrcV2l2iz95Uvg.jpg"></icon><desc>Get ready because we're bringing you nothing but classic hits and iconic anthems from the 80s!</desc><category></category></programme><programme channel="pbdVif7JUO7YVFvU-YzEIgFIwKNSHb5lMctKzNLy" start="20230102030000 +0000" stop="20230102070300 +0000" catchup-id="7jYzD8Pa6qp_B-unOdsfMlHjy5TUOkhwQkmx9pEy"><title>Non-Stop 80s Hits!</title><date></date><icon src="https://m7be2.solocoo.tv/m7be2iphone/mmchan/mpimages/208x308/kwAGA0oAVhOr4ig-L0fR8Q.jpg"></icon><desc>We got hits... We got hits from the 80s. And guess what? They don't stop! You're welcome!</desc><category></category></programme><programme channel="pbdVif7JUO7YVFvU-YzEIgFIwKNSHb5lMctKzNLy" start="20230102070300 +0000" stop="20230102110100 +0000" catchup-id="IZ1gDKkjQ-c6GuNlqJNpR4efCmsmKCCrNRS6zlO8"><title>Gold! Greatest Hits Of the 80s</title><date></date><icon src="https://m7be2.solocoo.tv/m7be2iphone/mmchan/mpimages/208x308/Ko-NgbBKooE-jsL7sc6Zxw.jpg"></icon><desc>Pencil us in because we've organised the greatest hits of the '80s for you...you're welcome!</desc><category></category></programme><programme channel="pbdVif7JUO7YVFvU-YzEIgFIwKNSHb5lMctKzNLy" start="20230102110100 +0000" stop="20230102150000 +0000" catchup-id="qniFNXGuoGpG7d-GtxoREYgEXIclePQF-Ox25izp"><title>I Want My MTV 80s!</title><date></date><icon src="https://m7be2.solocoo.tv/m7be2iphone/mmchan/mpimages/208x308/uyK9V0TDoX--Sfskr-l-Rw.jpg"></icon><desc>It's non-stop nostalgia right here at MTV 80s - and that's what we want, right now!</desc><category></category></programme><programme channel="pbdVif7JUO7YVFvU-YzEIgFIwKNSHb5lMctKzNLy" start="20230102150000 +0000" stop="20230102170000 +0000" catchup-id="t0xvY3e3RSbTt-TjSGkkF0AhdGG4S2Tp0d_er_Ka"><title>Forever 80s!</title><date></date><icon src="https://m7be2.solocoo.tv/m7be2iphone/mmchan/mpimages/208x308/tJecYEsfyWtoMVZtv3faTw.jpg"></icon><desc>Check out all of the best hits from one of the biggest decades in music!</desc><category></category></programme><programme channel="pbdVif7JUO7YVFvU-YzEIgFIwKNSHb5lMctKzNLy" start="20230102170000 +0000" stop="20230102190100 +0000" catchup-id="mNNGnnYEWR00If25a9eEXxLvNBxMSwNL0ckw_QPK"><title>Who's That 80s Girl?</title><date></date><icon src="https://m7be2.solocoo.tv/m7be2iphone/mmchan/mpimages/208x308/sYS5bW1DC8puaN8BfMrc4A.jpg"></icon><desc>Check out all of the greatest hits from our favourite girls of the 80s!</desc><category></category></programme><programme channel="pbdVif7JUO7YVFvU-YzEIgFIwKNSHb5lMctKzNLy" start="20230102190100 +0000" stop="20230102200200 +0000" catchup-id="26-lxhPKkYQN0oZapI_NregDbdYAfqyp6svIdsaH"><title>Greatest 80s Rock: Play It Loud!</title><date></date><icon src="https://m7be2.solocoo.tv/m7be2iphone/mmchan/mpimages/208x308/Wh04FwBscjZ4ptryVyt7xw.jpg"></icon><desc>Hard! Alternative! Heavy! Post-punk! Metal! Indie! Goth! Call it what you want, but turn up the volume as we delve into the decade's best rock tracks in all their incarnations, right here on MTV80s!</desc><category></category></programme><programme channel="pbdVif7JUO7YVFvU-YzEIgFIwKNSHb5lMctKzNLy" start="20230102200200 +0000" stop="20230103010100 +0000" catchup-id="YM2FpKGSatVsxgH5vbY_eh0sjyOEzREP2z0wD2Tg"><title>... So 80s!</title><date></date><icon src="https://m7be2.solocoo.tv/m7be2iphone/mmchan/mpimages/208x308/qN7K9sviOrcV2l2iz95Uvg.jpg"></icon><desc>Get ready because we're bringing you nothing but classic hits and iconic anthems from the 80s!</desc><category></category></programme><programme channel="pbdVif7JUO7YVFvU-YzEIgFIwKNSHb5lMctKzNLy" start="20230103010100 +0000" stop="20230103030000 +0000" catchup-id="IJZVw5tvIdg5GcYj3jCoksTOu-9_aUsOrqIeqcfG"><title>... So 80s!</title><date></date><icon src="https://m7be2.solocoo.tv/m7be2iphone/mmchan/mpimages/208x308/qN7K9sviOrcV2l2iz95Uvg.jpg"></icon><desc>Get ready because we're bringing you nothing but classic hits and iconic anthems from the 80s!</desc><category></category></programme><programme channel="pbdVif7JUO7YVFvU-YzEIgFIwKNSHb5lMctKzNLy" start="20230103030000 +0000" stop="20230103065900 +0000" catchup-id="lCt5cWtoRT6iOuMpdeMUJvan-bcnvOsVRIoaDLkP"><title>Non-Stop 80s Hits!</title><date></date><icon src="https://m7be2.solocoo.tv/m7be2iphone/mmchan/mpimages/208x308/kwAGA0oAVhOr4ig-L0fR8Q.jpg"></icon><desc>We got hits... We got hits from the 80s. And guess what? They don't stop! You're welcome!</desc><category></category></programme><programme channel="pbdVif7JUO7YVFvU-YzEIgFIwKNSHb5lMctKzNLy" start="20230103065900 +0000" stop="20230103110100 +0000" catchup-id="EYOs36_XUl1AbGFSpxDpi__BTbLvb90VfmOD2WBe"><title>Gold! Greatest Hits Of the 80s</title><date></date><icon src="https://m7be2.solocoo.tv/m7be2iphone/mmchan/mpimages/208x308/Ko-NgbBKooE-jsL7sc6Zxw.jpg"></icon><desc>Pencil us in because we've organised the greatest hits of the '80s for you...you're welcome!</desc><category></category></programme><programme channel="pbdVif7JUO7YVFvU-YzEIgFIwKNSHb5lMctKzNLy" start="20230103110100 +0000" stop="20230103145900 +0000" catchup-id="GSR2RFc9ZVSxgck-UHBL--g9k5SNNpO3PdoDfEfU"><title>I Want My MTV 80s!</title><date></date><icon src="https://m7be2.solocoo.tv/m7be2iphone/mmchan/mpimages/208x308/uyK9V0TDoX--Sfskr-l-Rw.jpg"></icon><desc>It's non-stop nostalgia right here at MTV 80s - and that's what we want, right now!</desc><category></category></programme><programme channel="pbdVif7JUO7YVFvU-YzEIgFIwKNSHb5lMctKzNLy" start="20230103145900 +0000" stop="20230103170200 +0000" catchup-id="cpUK33Ae_ozTTSoLq_Wv342WAH8RGbQEL47Ano2Q"><title>Forever 80s!</title><date></date><icon src="https://m7be2.solocoo.tv/m7be2iphone/mmchan/mpimages/208x308/tJecYEsfyWtoMVZtv3faTw.jpg"></icon><desc>Check out all of the best hits from one of the biggest decades in music!</desc><category></category></programme><programme channel="pbdVif7JUO7YVFvU-YzEIgFIwKNSHb5lMctKzNLy" start="20230103170200 +0000" stop="20230103190100 +0000" catchup-id="6F8ydX7vj0h0Ti68ya4T3sB8HwllCa2KefkNt4rV"><title>Electric 80s!</title><date></date><icon src="https://m7be2.solocoo.tv/m7be2iphone/mmchan/mpimages/208x308/PVNW6g9f6ZLVXSwdidGwmA.jpg"></icon><desc>Tune in as we play all of the biggest electronic and synth pop hits from the 80s!</desc><category></category></programme><programme channel="pbdVif7JUO7YVFvU-YzEIgFIwKNSHb5lMctKzNLy" start="20230103190100 +0000" stop="20230103200200 +0000" catchup-id="9vhaF2QJARqnBShlWtZ5NsvvbesRCcyeRlVKnp78"><title>Greatest 80s Rock: Play It Loud!</title><date></date><icon src="https://m7be2.solocoo.tv/m7be2iphone/mmchan/mpimages/208x308/Wh04FwBscjZ4ptryVyt7xw.jpg"></icon><desc>Hard! Alternative! Heavy! Post-punk! Metal! Indie! Goth! Call it what you want, but turn up the volume as we delve into the decade's best rock tracks in all their incarnations, right here on MTV80s!</desc><category></category></programme><programme channel="pbdVif7JUO7YVFvU-YzEIgFIwKNSHb5lMctKzNLy" start="20230103200200 +0000" stop="20230104010100 +0000" catchup-id="5Jv8U9MxvvY4uhJkM4APQR8AawLFqV-WSb1fhffC"><title>... So 80s!</title><date></date><icon src="https://m7be2.solocoo.tv/m7be2iphone/mmchan/mpimages/208x308/qN7K9sviOrcV2l2iz95Uvg.jpg"></icon><desc>Get ready because we're bringing you nothing but classic hits and iconic anthems from the 80s!</desc><category></category></programme><programme channel="pbdVif7JUO7YVFvU-YzEIgFIwKNSHb5lMctKzNLy" start="20230104010100 +0000" stop="20230104030000 +0000" catchup-id="jJHaeQ4jMTPIaLEVU82dNx0V95jisFtTp7v4TwHF"><title>... So 80s!</title><date></date><icon src="https://m7be2.solocoo.tv/m7be2iphone/mmchan/mpimages/208x308/qN7K9sviOrcV2l2iz95Uvg.jpg"></icon><desc>Get ready because we're bringing you nothing but classic hits and iconic anthems from the 80s!</desc><category></category></programme><programme channel="pbdVif7JUO7YVFvU-YzEIgFIwKNSHb5lMctKzNLy" start="20230104030000 +0000" stop="20230104070100 +0000" catchup-id="Ti6HH-6DtTvDYc1IYyYTS-1x4rGw7zERnDFcWiv5"><title>Non-Stop 80s Hits!</title><date></date><icon src="https://m7be2.solocoo.tv/m7be2iphone/mmchan/mpimages/208x308/kwAGA0oAVhOr4ig-L0fR8Q.jpg"></icon><desc>We got hits... We got hits from the 80s. And guess what? They don't stop! You're welcome!</desc><category></category></programme><programme channel="pbdVif7JUO7YVFvU-YzEIgFIwKNSHb5lMctKzNLy" start="20230104070100 +0000" stop="20230104110000 +0000" catchup-id="2gkdCQr8bdmc5ALY3bgzOTZkbB0LqXPf1oh3SOK-"><title>Gold! Greatest Hits Of the 80s</title><date></date><icon src="https://m7be2.solocoo.tv/m7be2iphone/mmchan/mpimages/208x308/Ko-NgbBKooE-jsL7sc6Zxw.jpg"></icon><desc>Pencil us in because we've organised the greatest hits of the '80s for you...you're welcome!</desc><category></category></programme><programme channel="pbdVif7JUO7YVFvU-YzEIgFIwKNSHb5lMctKzNLy" start="20230104110000 +0000" stop="20230104141600 +0000" catchup-id="zLtHW2A-02DINKu0IM9SvP85o5eeqRJCe__x6Bz5"><title>Top 50 Best 80s Debuts!</title><date></date><icon src="https://m7be2.solocoo.tv/m7be2iphone/mmchan/mpimages/208x308/DsvQJnowJTXgKpv0lVDVkg.jpg"></icon><desc>The first hit is always the best - so get ready as we bring you 50 of the most memorable debuts of the 1980s!</desc><category></category></programme><programme channel="pbdVif7JUO7YVFvU-YzEIgFIwKNSHb5lMctKzNLy" start="20230104141600 +0000" stop="20230104170100 +0000" catchup-id="qZbqWW3nvShK_ARi1HuU-JImLT5hCKs9XnjFl6xO"><title>Forever 80s!</title><date></date><icon src="https://m7be2.solocoo.tv/m7be2iphone/mmchan/mpimages/208x308/tJecYEsfyWtoMVZtv3faTw.jpg"></icon><desc>Check out all of the best hits from one of the biggest decades in music!</desc><category></category></programme><programme channel="pbdVif7JUO7YVFvU-YzEIgFIwKNSHb5lMctKzNLy" start="20230104170100 +0000" stop="20230104190100 +0000" catchup-id="TmUkePVZUmHGDIcIAIMy-ldLz6pmp51PKTGD9U1D"><title>The Power Of Love!</title><date></date><icon src="https://m7be2.solocoo.tv/m7be2iphone/mmchan/mpimages/208x308/TN5EgSB24RHQDxJKVtevig.jpg"></icon><desc>The power of love is strong here at MTV which is why we've put all of the best 80s love songs together in one playlist!</desc><category></category></programme><programme channel="pbdVif7JUO7YVFvU-YzEIgFIwKNSHb5lMctKzNLy" start="20230104190100 +0000" stop="20230104200000 +0000" catchup-id="HpUXvlUZSZsnJPgoAwz1QKzTYh5FDkcEJ2buZMgz"><title>Greatest 80s Rock: Play It Loud!</title><date></date><icon src="https://m7be2.solocoo.tv/m7be2iphone/mmchan/mpimages/208x308/Wh04FwBscjZ4ptryVyt7xw.jpg"></icon><desc>Hard! Alternative! Heavy! Post-punk! Metal! Indie! Goth! Call it what you want, but turn up the volume as we delve into the decade's best rock tracks in all their incarnations, right here on MTV80s!</desc><category></category></programme><programme channel="pbdVif7JUO7YVFvU-YzEIgFIwKNSHb5lMctKzNLy" start="20230104200000 +0000" stop="20230105005900 +0000" catchup-id="5X_HwhLNcrpC9cl-gsQJ3_LeOqSaqiNRK_vXPe-L"><title>... So 80s!</title><date></date><icon src="https://m7be2.solocoo.tv/m7be2iphone/mmchan/mpimages/208x308/qN7K9sviOrcV2l2iz95Uvg.jpg"></icon><desc>Get ready because we're bringing you nothing but classic hits and iconic anthems from the 80s!</desc><category></category></programme><programme channel="pbdVif7JUO7YVFvU-YzEIgFIwKNSHb5lMctKzNLy" start="20230105005900 +0000" stop="20230105030000 +0000" catchup-id="UWmylXSs2EJAAbM3avY4Z6VWuqOApLTFSxhRs4o1"><title>... So 80s!</title><date></date><icon src="https://m7be2.solocoo.tv/m7be2iphone/mmchan/mpimages/208x308/qN7K9sviOrcV2l2iz95Uvg.jpg"></icon><desc>Get ready because we're bringing you nothing but classic hits and iconic anthems from the 80s!</desc><category></category></programme><programme channel="pbdVif7JUO7YVFvU-YzEIgFIwKNSHb5lMctKzNLy" start="20230105030000 +0000" stop="20230105065900 +0000" catchup-id="MxGqVN6DN1UIJLMqP0PLhq5EYnP0ARTpGluOL2Y1"><title>Non-Stop 80s Hits!</title><date></date><icon src="https://m7be2.solocoo.tv/m7be2iphone/mmchan/mpimages/260x145/kwAGA0oAVhOr4ig-L0fR8Q.jpg"></icon><desc>We got hits... We got hits from the 80s. And guess what? They don't stop! You're welcome!</desc><category></category></programme><programme channel="pbdVif7JUO7YVFvU-YzEIgFIwKNSHb5lMctKzNLy" start="20230105065900 +0000" stop="20230105110100 +0000" catchup-id="0-r-yI0xNUomuxgSAsDWRQGTrXAwAT1zhy0ste3R"><title>Gold! Greatest Hits Of the 80s</title><date></date><icon src="https://m7be2.solocoo.tv/m7be2iphone/mmchan/mpimages/260x145/Ko-NgbBKooE-jsL7sc6Zxw.jpg"></icon><desc>Pencil us in because we've organised the greatest hits of the '80s for you...you're welcome!</desc><category></category></programme><programme channel="pbdVif7JUO7YVFvU-YzEIgFIwKNSHb5lMctKzNLy" start="20230105110100 +0000" stop="20230105145900 +0000" catchup-id="BJlBqqpz_mni_dsglwn58eeINftJDMdst5KLIhOP"><title>I Want My MTV 80s!</title><date></date><icon src="https://m7be2.solocoo.tv/m7be2iphone/mmchan/mpimages/260x145/uyK9V0TDoX--Sfskr-l-Rw.jpg"></icon><desc>It's non-stop nostalgia right here at MTV 80s - and that's what we want, right now!</desc><category></category></programme><programme channel="pbdVif7JUO7YVFvU-YzEIgFIwKNSHb5lMctKzNLy" start="20230105145900 +0000" stop="20230105170000 +0000" catchup-id="sUNd4k5UoVrOvtdul3eRW51VfBm2FFuw-zzVGtrF"><title>Forever 80s!</title><date></date><icon src="https://m7be2.solocoo.tv/m7be2iphone/mmchan/mpimages/260x145/tJecYEsfyWtoMVZtv3faTw.jpg"></icon><desc>Check out all of the best hits from one of the biggest decades in music!</desc><category></category></programme><programme channel="pbdVif7JUO7YVFvU-YzEIgFIwKNSHb5lMctKzNLy" start="20230105170000 +0000" stop="20230105190000 +0000" catchup-id="-Ug936E6sq3mscRGUycqxS9Hm7ucIqA1Oht4Plaz"><title>Wild Boys Of The 80s!</title><date></date><icon src="https://m7be2.solocoo.tv/m7be2iphone/mmchan/mpimages/260x145/2oNgCO6je1qtZO5AmlWvWg.jpg"></icon><desc>These boys were born to be wild in the 80s! Check out all of their huge hits and iconic anthems right here!</desc><category></category></programme><programme channel="pbdVif7JUO7YVFvU-YzEIgFIwKNSHb5lMctKzNLy" start="20230105190000 +0000" stop="20230105200100 +0000" catchup-id="cNp8aSTKUSorNy8a99I5sWimmhBmKebrv91DY9ns"><title>Greatest 80s Rock: Play It Loud!</title><date></date><icon src="https://m7be2.solocoo.tv/m7be2iphone/mmchan/mpimages/260x145/Wh04FwBscjZ4ptryVyt7xw.jpg"></icon><desc>Hard! Alternative! Heavy! Post-punk! Metal! Indie! Goth! Call it what you want, but turn up the volume as we delve into the decade's best rock tracks in all their incarnations, right here on MTV80s!</desc><category></category></programme><programme channel="pbdVif7JUO7YVFvU-YzEIgFIwKNSHb5lMctKzNLy" start="20230105200100 +0000" stop="20230106010000 +0000" catchup-id="-zk-vgZ_O6iOTwi2ykkr9_g8e7rlDMsNP0gBrbHk"><title>... So 80s!</title><date></date><icon src="https://m7be2.solocoo.tv/m7be2iphone/mmchan/mpimages/260x145/qN7K9sviOrcV2l2iz95Uvg.jpg"></icon><desc>Get ready because we're bringing you nothing but classic hits and iconic anthems from the 80s!</desc><category></category></programme><programme channel="pbdVif7JUO7YVFvU-YzEIgFIwKNSHb5lMctKzNLy" start="20230106010000 +0000" stop="20230106030000 +0000" catchup-id="por1Z_DuDdIzIee2z-x-zJu3X7LoeZr3Y79VOEWh"><title>... So 80s!</title><date></date><icon src="https://m7be2.solocoo.tv/m7be2iphone/mmchan/mpimages/260x145/qN7K9sviOrcV2l2iz95Uvg.jpg"></icon><desc>Get ready because we're bringing you nothing but classic hits and iconic anthems from the 80s!</desc><category></category></programme><programme channel="pbdVif7JUO7YVFvU-YzEIgFIwKNSHb5lMctKzNLy" start="20230106030000 +0000" stop="20230106070100 +0000" catchup-id="OHOLkkNYIrtiQZZw6dk_ZfUo4BDKhTgiCsibmlBh"><title>Non-Stop 80s Hits!</title><date></date><icon src="https://m7be2.solocoo.tv/m7be2iphone/mmchan/mpimages/260x145/kwAGA0oAVhOr4ig-L0fR8Q.jpg"></icon><desc>We got hits... We got hits from the 80s. And guess what? They don't stop! You're welcome!</desc><category></category></programme><programme channel="pbdVif7JUO7YVFvU-YzEIgFIwKNSHb5lMctKzNLy" start="20230106070100 +0000" stop="20230106110100 +0000" catchup-id="cnlK6HfrvpYqHpQlU2S9az43EsxBvX8rOOZD0iL6"><title>Gold! Greatest Hits Of the 80s</title><date></date><icon src="https://m7be2.solocoo.tv/m7be2iphone/mmchan/mpimages/260x145/Ko-NgbBKooE-jsL7sc6Zxw.jpg"></icon><desc>Pencil us in because we've organised the greatest hits of the '80s for you...you're welcome!</desc><category></category></programme><programme channel="pbdVif7JUO7YVFvU-YzEIgFIwKNSHb5lMctKzNLy" start="20230106110100 +0000" stop="20230106150000 +0000" catchup-id="d0H9wMQiKAYEIq9wI1D60ozRE8qgtvHB6hjkO0QM"><title>I Want My MTV 80s!</title><date></date><icon src="https://m7be2.solocoo.tv/m7be2iphone/mmchan/mpimages/260x145/uyK9V0TDoX--Sfskr-l-Rw.jpg"></icon><desc>It's non-stop nostalgia right here at MTV 80s - and that's what we want, right now!</desc><category></category></programme><programme channel="pbdVif7JUO7YVFvU-YzEIgFIwKNSHb5lMctKzNLy" start="20230106150000 +0000" stop="20230106200000 +0000" catchup-id="-tA_ZPxAAI1txelqcjlejarxKRWt2tpTefHixvMp"><title>Pump Up the 80s Party!</title><date></date><icon src="https://m7be2.solocoo.tv/m7be2iphone/mmchan/mpimages/260x145/srkX5s8vk71LdK8ALCdaPA.jpg"></icon><desc>We've chosen all of the best 80s hits to go into one epic 80s party playlist. So pump up the volume and get ready to dance with some classic 80s tunes!</desc><category></category></programme><programme channel="pbdVif7JUO7YVFvU-YzEIgFIwKNSHb5lMctKzNLy" start="20230106200000 +0000" stop="20230106210100 +0000" catchup-id="p56B07gCGRHEqnzKHYVIG63Bd69_SEdYF1ruoCh4"><title>Pump Up the 80s Party!</title><date></date><icon src="https://m7be2.solocoo.tv/m7be2iphone/mmchan/mpimages/260x145/srkX5s8vk71LdK8ALCdaPA.jpg"></icon><desc>We've chosen all of the best 80s hits to go into one epic 80s party playlist. So pump up the volume and get ready to dance with some classic 80s tunes!</desc><category></category></programme><programme channel="pbdVif7JUO7YVFvU-YzEIgFIwKNSHb5lMctKzNLy" start="20230106210100 +0000" stop="20230107020000 +0000" catchup-id="mToonAqwDpmx6pPia7iFPJ4AZunIV3FIIQgPD8vQ"><title>... So 80s!</title><date></date><icon src="https://m7be2.solocoo.tv/m7be2iphone/mmchan/mpimages/260x145/qN7K9sviOrcV2l2iz95Uvg.jpg"></icon><desc>Get ready because we're bringing you nothing but classic hits and iconic anthems from the 80s!</desc><category></category></programme><programme channel="pbdVif7JUO7YVFvU-YzEIgFIwKNSHb5lMctKzNLy" start="20230107020000 +0000" stop="20230107030000 +0000" catchup-id="PRBjlIVLfS5BEq7QHwtWTABJHBEvygyJCe6ya11G"><title>... So 80s!</title><date></date><icon src="https://m7be2.solocoo.tv/m7be2iphone/mmchan/mpimages/260x145/qN7K9sviOrcV2l2iz95Uvg.jpg"></icon><desc>Get ready because we're bringing you nothing but classic hits and iconic anthems from the 80s!</desc><category></category></programme><programme channel="pbdVif7JUO7YVFvU-YzEIgFIwKNSHb5lMctKzNLy" start="20230107030000 +0000" stop="20230107065900 +0000" catchup-id="KfNpKXFEoIKvXwDTD0DgmdCwfYjVN-vVwIeoyhr7"><title>Non-Stop 80s Hits!</title><date></date><icon src="https://m7be2.solocoo.tv/m7be2iphone/mmchan/mpimages/260x145/kwAGA0oAVhOr4ig-L0fR8Q.jpg"></icon><desc>We got hits... We got hits from the 80s. And guess what? They don't stop! You're welcome!</desc><category></category></programme><programme channel="pbdVif7JUO7YVFvU-YzEIgFIwKNSHb5lMctKzNLy" start="20230107065900 +0000" stop="20230107110100 +0000" catchup-id="wKykIdqDbNdCDkraA4b0stCLi7jjX_FBlD0RLOiI"><title>Gold! Greatest Hits Of the 80s</title><date></date><icon src="https://m7be2.solocoo.tv/m7be2iphone/mmchan/mpimages/260x145/Ko-NgbBKooE-jsL7sc6Zxw.jpg"></icon><desc>Pencil us in because we've organised the greatest hits of the '80s for you...you're welcome!</desc><category></category></programme><programme channel="pbdVif7JUO7YVFvU-YzEIgFIwKNSHb5lMctKzNLy" start="20230107110100 +0000" stop="20230107145900 +0000" catchup-id="QIDVfOqSx8BmK07jj5NKx1rj4L1stj5h4vY3dL8C"><title>I Want My MTV 80s!</title><date></date><icon src="https://m7be2.solocoo.tv/m7be2iphone/mmchan/mpimages/260x145/uyK9V0TDoX--Sfskr-l-Rw.jpg"></icon><desc>It's non-stop nostalgia right here at MTV 80s - and that's what we want, right now!</desc><category></category></programme><programme channel="pbdVif7JUO7YVFvU-YzEIgFIwKNSHb5lMctKzNLy" start="20230107145900 +0000" stop="20230107170000 +0000" catchup-id="_xpw0rJ7ZUPXGtGIRNTeMXjdWZsAZbKQLW45LzbQ"><title>Forever 80s!</title><date></date><icon src="https://m7be2.solocoo.tv/m7be2iphone/mmchan/mpimages/260x145/tJecYEsfyWtoMVZtv3faTw.jpg"></icon><desc>Check out all of the best hits from one of the biggest decades in music!</desc><category></category></programme><programme channel="pbdVif7JUO7YVFvU-YzEIgFIwKNSHb5lMctKzNLy" start="20230107170000 +0000" stop="20230107202000 +0000" catchup-id="vOqdh6M9o7NOocMHNCVHeKPcSRX6ydzEyZLzco8W"><title>Dance Dance Dance! 50 Best Moves Of The 80s!</title><date></date><icon src="https://m7be2.solocoo.tv/m7be2iphone/mmchan/mpimages/260x145/jWX4ZFCBsVWlghjrXmea5g.jpg"></icon><desc>... Moves Of The 80s! We hope you are ready to get up and groove because we're bringing you 50 of the best dance moves of the 80s!</desc><category></category></programme><programme channel="pbdVif7JUO7YVFvU-YzEIgFIwKNSHb5lMctKzNLy" start="20230107202000 +0000" stop="20230108015900 +0000" catchup-id="TWaIol5Zramyh1s7X5WEA09edBPLLm2een8K_Myy"><title>... So 80s!</title><date></date><icon src="https://m7be2.solocoo.tv/m7be2iphone/mmchan/mpimages/260x145/qN7K9sviOrcV2l2iz95Uvg.jpg"></icon><desc>Get ready because we're bringing you nothing but classic hits and iconic anthems from the 80s!</desc><category></category></programme><programme channel="pbdVif7JUO7YVFvU-YzEIgFIwKNSHb5lMctKzNLy" start="20230108015900 +0000" stop="20230108030000 +0000" catchup-id="f38f4tAAYQYw3FxwRha8L30z8do_nnlWPKZALPG-"><title>... So 80s!</title><date></date><icon src="https://m7be2.solocoo.tv/m7be2iphone/mmchan/mpimages/260x145/qN7K9sviOrcV2l2iz95Uvg.jpg"></icon><desc>Get ready because we're bringing you nothing but classic hits and iconic anthems from the 80s!</desc><category></category></programme><programme channel="pbdVif7JUO7YVFvU-YzEIgFIwKNSHb5lMctKzNLy" start="20230108030000 +0000" stop="20230108070000 +0000" catchup-id="y5CKj0odng_-Xi9ODaAzC4SPSVMqrfKNTU1mW2JS"><title>Non-Stop 80s Hits!</title><date></date><icon src="https://m7be2.solocoo.tv/m7be2iphone/mmchan/mpimages/260x145/kwAGA0oAVhOr4ig-L0fR8Q.jpg"></icon><desc>We got hits... We got hits from the 80s. And guess what? They don't stop! You're welcome!</desc><category></category></programme><programme channel="pbdVif7JUO7YVFvU-YzEIgFIwKNSHb5lMctKzNLy" start="20230108070000 +0000" stop="20230108102600 +0000" catchup-id="6LXL2h7HBpy30uQCwxs-uEvessoO5Sh-DsxnVbBY"><title>Global No.1s Of the 80s! Top 50</title><date></date><icon src="https://m7be2.solocoo.tv/m7be2iphone/mmchan/mpimages/260x145/pWC46fBIUiNq851299NyOw.jpg"></icon><desc>Right now we're counting down 50 of the best 80s hits that made it to number 1 worldwide!</desc><category></category></programme><programme channel="pbdVif7JUO7YVFvU-YzEIgFIwKNSHb5lMctKzNLy" start="20230108102600 +0000" stop="20230108150000 +0000" catchup-id="IxGUuJ6S9p8vO5f13RdCNEWgxvwj1YF_wY_RpXlj"><title>I Want My MTV 80s!</title><date></date><icon src="https://m7be2.solocoo.tv/m7be2iphone/mmchan/mpimages/260x145/uyK9V0TDoX--Sfskr-l-Rw.jpg"></icon><desc>It's non-stop nostalgia right here at MTV 80s - and that's what we want, right now!</desc><category></category></programme><programme channel="pbdVif7JUO7YVFvU-YzEIgFIwKNSHb5lMctKzNLy" start="20230108150000 +0000" stop="20230108170000 +0000" catchup-id="oaI-JzEXP-Djmv4iHCzSawoQmDrZ-hMpd2V-UHAQ"><title>Forever 80s!</title><date></date><icon src="https://m7be2.solocoo.tv/m7be2iphone/mmchan/mpimages/260x145/tJecYEsfyWtoMVZtv3faTw.jpg"></icon><desc>Check out all of the best hits from one of the biggest decades in music!</desc><category></category></programme><programme channel="pbdVif7JUO7YVFvU-YzEIgFIwKNSHb5lMctKzNLy" start="20230108170000 +0000" stop="20230108200100 +0000" catchup-id="jTJUx4C3B36P3XZr9aC3r2F3Hqziqm5xEIYLRfIR"><title>80s Power Ballad Heaven!</title><date></date><icon src="https://m7be2.solocoo.tv/m7be2iphone/mmchan/mpimages/260x145/hrwQEbO4EH4rPVU2eXOcMQ.jpg"></icon><desc>We've selected some of the most iconic 80s power ballads ever recorded to play for you right now on MTV 80s!</desc><category></category></programme><programme channel="pbdVif7JUO7YVFvU-YzEIgFIwKNSHb5lMctKzNLy" start="20230108200100 +0000" stop="20230109010000 +0000" catchup-id="J_dV4g0O3Gxkutivj_itTgWRCkpIcjnBn3t7o7jX"><title>... So 80s!</title><date></date><icon src="https://m7be2.solocoo.tv/m7be2iphone/mmchan/mpimages/260x145/qN7K9sviOrcV2l2iz95Uvg.jpg"></icon><desc>Get ready because we're bringing you nothing but classic hits and iconic anthems from the 80s!</desc><category></category></programme><programme channel="pbdVif7JUO7YVFvU-YzEIgFIwKNSHb5lMctKzNLy" start="20230109010000 +0000" stop="20230109030000 +0000" catchup-id="P7LdA8j5Dv8bp8o2DzeAyPFzJazHCmyEIX7Y-lLD"><title>... So 80s!</title><date></date><icon src="https://m7be2.solocoo.tv/m7be2iphone/mmchan/mpimages/260x145/qN7K9sviOrcV2l2iz95Uvg.jpg"></icon><desc>Get ready because we're bringing you nothing but classic hits and iconic anthems from the 80s!</desc><category></category></programme><programme channel="pbdVif7JUO7YVFvU-YzEIgFIwKNSHb5lMctKzNLy" start="20230109030000 +0000" stop="20230109070000 +0000" catchup-id="ZQgLLGlXOf8_QAwDn-NTH8hVwKIejZpII93pZ60p"><title>Non-Stop 80s Hits!</title><date></date><icon src="https://m7be2.solocoo.tv/m7be2iphone/mmchan/mpimages/260x145/kwAGA0oAVhOr4ig-L0fR8Q.jpg"></icon><desc>We got hits... We got hits from the 80s. And guess what? They don't stop! You're welcome!</desc><category></category></programme><programme channel="pbdVif7JUO7YVFvU-YzEIgFIwKNSHb5lMctKzNLy" start="20230109070000 +0000" stop="20230109110000 +0000" catchup-id="Eaydqtw8jIUwc1nt3pAYG68laPBZgR2WSkP48TkO"><title>Gold! Greatest Hits Of the 80s</title><date></date><icon src="https://m7be2.solocoo.tv/m7be2iphone/mmchan/mpimages/260x145/Ko-NgbBKooE-jsL7sc6Zxw.jpg"></icon><desc>Pencil us in because we've organised the greatest hits of the '80s for you...you're welcome!</desc><category></category></programme><programme channel="pbdVif7JUO7YVFvU-YzEIgFIwKNSHb5lMctKzNLy" start="20230109110000 +0000" stop="20230109150000 +0000" catchup-id="EqR1w7L10SWe-BAlWiuOM26CWV09GZnU6fJc_EFw"><title>I Want My MTV 80s!</title><date></date><icon src="https://m7be2.solocoo.tv/m7be2iphone/mmchan/mpimages/260x145/uyK9V0TDoX--Sfskr-l-Rw.jpg"></icon><desc>It's non-stop nostalgia right here at MTV 80s - and that's what we want, right now!</desc><category></category></programme><programme channel="pbdVif7JUO7YVFvU-YzEIgFIwKNSHb5lMctKzNLy" start="20230109150000 +0000" stop="20230109170000 +0000" catchup-id="56nF9Ec88qUfCCxEF6FA5Od_PhtPBLsjqReXbB5Q"><title>Forever 80s!</title><date></date><icon src="https://m7be2.solocoo.tv/m7be2iphone/mmchan/mpimages/260x145/tJecYEsfyWtoMVZtv3faTw.jpg"></icon><desc>Check out all of the best hits from one of the biggest decades in music!</desc><category></category></programme><programme channel="pbdVif7JUO7YVFvU-YzEIgFIwKNSHb5lMctKzNLy" start="20230109170000 +0000" stop="20230109190000 +0000" catchup-id="ZuPFjJMfijxNSTDC5YvZxq4bY-E2NmKwylc7h-5L"><title>Who's That 80s Girl?</title><date></date><icon src="https://m7be2.solocoo.tv/m7be2iphone/mmchan/mpimages/260x145/sYS5bW1DC8puaN8BfMrc4A.jpg"></icon><desc>Check out all of the greatest hits from our favourite girls of the 80s!</desc><category></category></programme><programme channel="pbdVif7JUO7YVFvU-YzEIgFIwKNSHb5lMctKzNLy" start="20230109190000 +0000" stop="20230109200000 +0000" catchup-id="RdwyzyaiN7YFjXzvJmITrXypoaEYgtSv7sRT8KF6"><title>Greatest 80s Rock: Play It Loud!</title><date></date><icon src="https://m7be2.solocoo.tv/m7be2iphone/mmchan/mpimages/260x145/Wh04FwBscjZ4ptryVyt7xw.jpg"></icon><desc>Hard! Alternative! Heavy! Post-punk! Metal! Indie! Goth! Call it what you want, but turn up the volume as we delve into the decade's best rock tracks in all their incarnations, right here on MTV80s!</desc><category></category></programme><programme channel="pbdVif7JUO7YVFvU-YzEIgFIwKNSHb5lMctKzNLy" start="20230109200000 +0000" stop="20230110010000 +0000" catchup-id="7v4AygC-3zuFMCc5JZepwj7CLCShc0JeS9c5Y9e9"><title>... So 80s!</title><date></date><icon src="https://m7be2.solocoo.tv/m7be2iphone/mmchan/mpimages/260x145/qN7K9sviOrcV2l2iz95Uvg.jpg"></icon><desc>Get ready because we're bringing you nothing but classic hits and iconic anthems from the 80s!</desc><category></category></programme><programme channel="pbdVif7JUO7YVFvU-YzEIgFIwKNSHb5lMctKzNLy" start="20230110010000 +0000" stop="20230110030000 +0000" catchup-id="Lr4OFFDE8xOu9y1W_xx_-lAXpIFMQOCzD3L180Vf"><title>... So 80s!</title><date></date><icon src="https://m7be2.solocoo.tv/m7be2iphone/mmchan/mpimages/260x145/qN7K9sviOrcV2l2iz95Uvg.jpg"></icon><desc>Get ready because we're bringing you nothing but classic hits and iconic anthems from the 80s!</desc><category></category></programme><programme channel="pbdVif7JUO7YVFvU-YzEIgFIwKNSHb5lMctKzNLy" start="20230110030000 +0000" stop="20230110070000 +0000" catchup-id="Lacf4WAV4CzjQDauP3aFmwWpQwhdh7QVRZSD01Dh"><title>Non-Stop 80s Hits!</title><date></date><icon src="https://m7be2.solocoo.tv/m7be2iphone/mmchan/mpimages/260x145/kwAGA0oAVhOr4ig-L0fR8Q.jpg"></icon><desc>We got hits... We got hits from the 80s. And guess what? They don't stop! You're welcome!</desc><category></category></programme><programme channel="pbdVif7JUO7YVFvU-YzEIgFIwKNSHb5lMctKzNLy" start="20230110070000 +0000" stop="20230110110000 +0000" catchup-id="ExMIDr40VKLiovS5xL1oCh6C9P7h9FRZojfMfFXw"><title>Gold! Greatest Hits Of the 80s</title><date></date><icon src="https://m7be2.solocoo.tv/m7be2iphone/mmchan/mpimages/260x145/Ko-NgbBKooE-jsL7sc6Zxw.jpg"></icon><desc>Pencil us in because we've organised the greatest hits of the '80s for you...you're welcome!</desc><category></category></programme><programme channel="pbdVif7JUO7YVFvU-YzEIgFIwKNSHb5lMctKzNLy" start="20230110110000 +0000" stop="20230110150000 +0000" catchup-id="8AqiOO7BYq5avKG_M68LhIiVe-EFRXsG1nRx1plW"><title>I Want My MTV 80s!</title><date></date><icon src="https://m7be2.solocoo.tv/m7be2iphone/mmchan/mpimages/260x145/uyK9V0TDoX--Sfskr-l-Rw.jpg"></icon><desc>It's non-stop nostalgia right here at MTV 80s - and that's what we want, right now!</desc><category></category></programme><programme channel="pbdVif7JUO7YVFvU-YzEIgFIwKNSHb5lMctKzNLy" start="20230110150000 +0000" stop="20230110170000 +0000" catchup-id="TnvcB1UMbN-BM2WFEN0nXZzKVvDpB3JxPnsojzJx"><title>Forever 80s!</title><date></date><icon src="https://m7be2.solocoo.tv/m7be2iphone/mmchan/mpimages/260x145/tJecYEsfyWtoMVZtv3faTw.jpg"></icon><desc>Check out all of the best hits from one of the biggest decades in music!</desc><category></category></programme><programme channel="pbdVif7JUO7YVFvU-YzEIgFIwKNSHb5lMctKzNLy" start="20230110170000 +0000" stop="20230110190000 +0000" catchup-id="6QdwDeLy2Biv5k5LwEAQZKkVJoDKXUMHr_89D97w"><title>Electric 80s!</title><date></date><icon src="https://m7be2.solocoo.tv/m7be2iphone/mmchan/mpimages/260x145/PVNW6g9f6ZLVXSwdidGwmA.jpg"></icon><desc>Tune in as we play all of the biggest electronic and synth pop hits from the 80s!</desc><category></category></programme><programme channel="pbdVif7JUO7YVFvU-YzEIgFIwKNSHb5lMctKzNLy" start="20230110190000 +0000" stop="20230110200000 +0000" catchup-id="uinQ6yZmSuSn4xBEgOe3L_g_YmPvXyNwcKoK7eGm"><title>Greatest 80s Rock: Play It Loud!</title><date></date><icon src="https://m7be2.solocoo.tv/m7be2iphone/mmchan/mpimages/260x145/Wh04FwBscjZ4ptryVyt7xw.jpg"></icon><desc>Hard! Alternative! Heavy! Post-punk! Metal! Indie! Goth! Call it what you want, but turn up the volume as we delve into the decade's best rock tracks in all their incarnations, right here on MTV80s!</desc><category></category></programme><programme channel="pbdVif7JUO7YVFvU-YzEIgFIwKNSHb5lMctKzNLy" start="20230110200000 +0000" stop="20230111010000 +0000" catchup-id="szXRc_AJtCon4oOWYq-zBURnUbalmJ1haiFPt8Op"><title>... So 80s!</title><date></date><icon src="https://m7be2.solocoo.tv/m7be2iphone/mmchan/mpimages/260x145/qN7K9sviOrcV2l2iz95Uvg.jpg"></icon><desc>Get ready because we're bringing you nothing but classic hits and iconic anthems from the 80s!</desc><category></category></programme><programme channel="pbdVif7JUO7YVFvU-YzEIgFIwKNSHb5lMctKzNLy" start="20230111010000 +0000" stop="20230111030000 +0000" catchup-id="vDi-MRui3iiK-M3-2mCgTb4wWPhr5y85dtxAmgOD"><title>... So 80s!</title><date></date><icon src="https://m7be2.solocoo.tv/m7be2iphone/mmchan/mpimages/260x145/qN7K9sviOrcV2l2iz95Uvg.jpg"></icon><desc>Get ready because we're bringing you nothing but classic hits and iconic anthems from the 80s!</desc><category></category></programme><programme channel="pbdVif7JUO7YVFvU-YzEIgFIwKNSHb5lMctKzNLy" start="20230111030000 +0000" stop="20230111070000 +0000" catchup-id="CXeoGfVmaNGqSwb6RH-ormVTh1JjacSYKRK1In5X"><title>Non-Stop 80s Hits!</title><date></date><icon src="https://m7be2.solocoo.tv/m7be2iphone/mmchan/mpimages/260x145/kwAGA0oAVhOr4ig-L0fR8Q.jpg"></icon><desc>We got hits... We got hits from the 80s. And guess what? They don't stop! You're welcome!</desc><category></category></programme><programme channel="pbdVif7JUO7YVFvU-YzEIgFIwKNSHb5lMctKzNLy" start="20230111070000 +0000" stop="20230111110000 +0000" catchup-id="RSEcoAyzNq-fFfju0xMzi9QVLi5pSJel2jjSV3CL"><title>Gold! Greatest Hits Of the 80s</title><date></date><icon src="https://m7be2.solocoo.tv/m7be2iphone/mmchan/mpimages/260x145/Ko-NgbBKooE-jsL7sc6Zxw.jpg"></icon><desc>Pencil us in because we've organised the greatest hits of the '80s for you...you're welcome!</desc><category></category></programme><programme channel="pbdVif7JUO7YVFvU-YzEIgFIwKNSHb5lMctKzNLy" start="20230111110000 +0000" stop="20230111150000 +0000" catchup-id="b02awnA24PItGcru0X5DrB5McrcBw8I8IsiFO_Jy"><title>Top 50 Greatest Voices Of The 80s!</title><date></date><icon src="https://m7be2.solocoo.tv/m7be2iphone/mmchan/mpimages/260x145/VIAgCZCbeCUyOgYqwohHmw.jpg"></icon><desc>They gave us their all in the '80s and we're here to celebrate them one more time - 50 powerful songs from the greatest voices of the decade!</desc><category></category></programme><programme channel="pbdVif7JUO7YVFvU-YzEIgFIwKNSHb5lMctKzNLy" start="20230111150000 +0000" stop="20230111170000 +0000" catchup-id="fwWB2Jw-YbBBxh_0Z1VGMvFCX0ddonnUzJ5lDjPA"><title>Forever 80s!</title><date></date><icon src="https://m7be2.solocoo.tv/m7be2iphone/mmchan/mpimages/260x145/tJecYEsfyWtoMVZtv3faTw.jpg"></icon><desc>Check out all of the best hits from one of the biggest decades in music!</desc><category></category></programme><programme channel="pbdVif7JUO7YVFvU-YzEIgFIwKNSHb5lMctKzNLy" start="20230111170000 +0000" stop="20230111190000 +0000" catchup-id="DObCcr8nC95M_RFZWi99fPNTh-Bzlipo5_mMXqsu"><title>The Power Of Love!</title><date></date><icon src="https://m7be2.solocoo.tv/m7be2iphone/mmchan/mpimages/260x145/TN5EgSB24RHQDxJKVtevig.jpg"></icon><desc>The power of love is strong here at MTV which is why we've put all of the best 80s love songs together in one playlist!</desc><category></category></programme><programme channel="pbdVif7JUO7YVFvU-YzEIgFIwKNSHb5lMctKzNLy" start="20230111190000 +0000" stop="20230111200000 +0000" catchup-id="sBHgNu90VzcQqyWecfyik5sdQWU_LqqL3-PEfw0g"><title>Greatest 80s Rock: Play It Loud!</title><date></date><icon src="https://m7be2.solocoo.tv/m7be2iphone/mmchan/mpimages/260x145/Wh04FwBscjZ4ptryVyt7xw.jpg"></icon><desc>Hard! Alternative! Heavy! Post-punk! Metal! Indie! Goth! Call it what you want, but turn up the volume as we delve into the decade's best rock tracks in all their incarnations, right here on MTV80s!</desc><category></category></programme><programme channel="pbdVif7JUO7YVFvU-YzEIgFIwKNSHb5lMctKzNLy" start="20230111200000 +0000" stop="20230112010000 +0000" catchup-id="Itl_1-tCDTGOVw497STvC3K4Yi6NvAXATbzu7_PN"><title>... So 80s!</title><date></date><icon src="https://m7be2.solocoo.tv/m7be2iphone/mmchan/mpimages/260x145/qN7K9sviOrcV2l2iz95Uvg.jpg"></icon><desc>Get ready because we're bringing you nothing but classic hits and iconic anthems from the 80s!</desc><category></category></programme><programme channel="pbdVif7JUO7YVFvU-YzEIgFIwKNSHb5lMctKzNLy" start="20230112010000 +0000" stop="20230112030000 +0000" catchup-id="roVbsKCQt_kVHf8vF8WH5TQEVifBpgptl70PVUvc"><title>... So 80s!</title><date></date><icon src="https://m7be2.solocoo.tv/m7be2iphone/mmchan/mpimages/260x145/qN7K9sviOrcV2l2iz95Uvg.jpg"></icon><desc>Get ready because we're bringing you nothing but classic hits and iconic anthems from the 80s!</desc><category></category></programme><programme channel="pbdVif7JUO7YVFvU-YzEIgFIwKNSHb5lMctKzNLy" start="20230112030000 +0000" stop="20230112070000 +0000" catchup-id="slk3LcChPIvknxLjUzyDf1m36WTwG0atrYtgGcOr"><title>Non-Stop 80s Hits!</title><date></date><icon src="https://m7be2.solocoo.tv/m7be2iphone/mmchan/mpimages/260x145/kwAGA0oAVhOr4ig-L0fR8Q.jpg"></icon><desc>We got hits... We got hits from the 80s. And guess what? They don't stop! You're welcome!</desc><category></category></programme><programme channel="pbdVif7JUO7YVFvU-YzEIgFIwKNSHb5lMctKzNLy" start="20230112070000 +0000" stop="20230112110000 +0000" catchup-id="Rq9KrwATibvyWSE8VrjpxP_53t2UgOmFB83yQ-NR"><title>Gold! Greatest Hits Of the 80s</title><date></date><icon src="https://m7be2.solocoo.tv/m7be2iphone/mmchan/mpimages/260x145/Ko-NgbBKooE-jsL7sc6Zxw.jpg"></icon><desc>Pencil us in because we've organised the greatest hits of the '80s for you...you're welcome!</desc><category></category></programme><programme channel="pbdVif7JUO7YVFvU-YzEIgFIwKNSHb5lMctKzNLy" start="20230112110000 +0000" stop="20230112150000 +0000" catchup-id="Es-FW-3aMfLbUyFmYKjfW3UaNKP9_-6Zb0MVfnpm"><title>I Want My MTV 80s!</title><date></date><icon src="https://m7be2.solocoo.tv/m7be2iphone/mmchan/mpimages/260x145/uyK9V0TDoX--Sfskr-l-Rw.jpg"></icon><desc>It's non-stop nostalgia right here at MTV 80s - and that's what we want, right now!</desc><category></category></programme><programme channel="pbdVif7JUO7YVFvU-YzEIgFIwKNSHb5lMctKzNLy" start="20230112150000 +0000" stop="20230112170000 +0000" catchup-id="_SCs6bK8LJUq1GVJ1bJr1cuPATbHX_BaGIWnL4f6"><title>Forever 80s!</title><date></date><icon src="https://m7be2.solocoo.tv/m7be2iphone/mmchan/mpimages/260x145/tJecYEsfyWtoMVZtv3faTw.jpg"></icon><desc>Check out all of the best hits from one of the biggest decades in music!</desc><category></category></programme><programme channel="pbdVif7JUO7YVFvU-YzEIgFIwKNSHb5lMctKzNLy" start="20230112170000 +0000" stop="20230112190000 +0000" catchup-id="thxpa0CH4cW3w0U7PtVf2_gCgvuLPJZTXmxj734i"><title>Wild Boys Of The 80s!</title><date></date><icon src="https://m7be2.solocoo.tv/m7be2iphone/mmchan/mpimages/260x145/2oNgCO6je1qtZO5AmlWvWg.jpg"></icon><desc>These boys were born to be wild in the 80s! Check out all of their huge hits and iconic anthems right here!</desc><category></category></programme><programme channel="pbdVif7JUO7YVFvU-YzEIgFIwKNSHb5lMctKzNLy" start="20230112190000 +0000" stop="20230112200000 +0000" catchup-id="ccIP5q-XVBWLWDQRgG-cpYuvNDrAzGtcMLEnkvzR"><title>Greatest 80s Rock: Play It Loud!</title><date></date><icon src="https://m7be2.solocoo.tv/m7be2iphone/mmchan/mpimages/260x145/Wh04FwBscjZ4ptryVyt7xw.jpg"></icon><desc>Hard! Alternative! Heavy! Post-punk! Metal! Indie! Goth! Call it what you want, but turn up the volume as we delve into the decade's best rock tracks in all their incarnations, right here on MTV80s!</desc><category></category></programme>