<programme channel="ps7Lvqxl4O_1RkifJVXq6A-jY7jvedsqUPmHEiwS" start="20221228230700 +0000" stop="20221229000400 +0000" catchup-id="UJ5w7if1hDuiQ_w7pus1Zm8m_tTVLvz8jrukI-6F"><title>ER : The Storm</title><date></date><icon src="https://m7be2.solocoo.tv/m7be2iphone/mmchan/mpimages/208x308/dw-M5ohjHG_YSNamFpxn2g.jpg"></icon><desc></desc><category></category></programme><programme channel="ps7Lvqxl4O_1RkifJVXq6A-jY7jvedsqUPmHEiwS" start="20221229000400 +0000" stop="20221229010100 +0000" catchup-id="rgA3sQ3xS-QQPtamsFigxj2kEZld9_BkTZSHyHyw"><title>Teleshop 8: Mediashop : Homeshopping</title><date></date><icon src="https://m7be2.solocoo.tv/m7be2iphone/mmchan/mpimages/208x308/l3fymPeHIRGOQMfW1R45hQ.jpg"></icon><desc>Homeshopping</desc><category></category></programme><programme channel="ps7Lvqxl4O_1RkifJVXq6A-jY7jvedsqUPmHEiwS" start="20221229010100 +0000" stop="20221229053000 +0000" catchup-id="1fcoiPj2DO8EEitQvmYNtIO6BSYVMom0pKjq11Yb"><title>Teleshop 8: Mediashop : Homeshopping</title><date></date><icon src="https://m7be2.solocoo.tv/m7be2iphone/mmchan/mpimages/208x308/l3fymPeHIRGOQMfW1R45hQ.jpg"></icon><desc>Homeshopping</desc><category></category></programme><programme channel="ps7Lvqxl4O_1RkifJVXq6A-jY7jvedsqUPmHEiwS" start="20221229053000 +0000" stop="20221229153400 +0000" catchup-id="QKudwO2-owoUJ0P4UoqpXhomdiWtjCvKyVXAiLWr"><title>Teleshop 8: Mediashop : Homeshopping</title><date></date><icon src="https://m7be2.solocoo.tv/m7be2iphone/mmchan/mpimages/208x308/l3fymPeHIRGOQMfW1R45hQ.jpg"></icon><desc>Homeshopping</desc><category></category></programme><programme channel="ps7Lvqxl4O_1RkifJVXq6A-jY7jvedsqUPmHEiwS" start="20221229153400 +0000" stop="20221229160400 +0000" catchup-id="ba0oXdo6YFykwWXMj00wzdQ0McXwfNzekaVoFDDc"><title>Goede tijden, slechte tijden</title><date></date><icon src="https://m7be2.solocoo.tv/m7be2iphone/mmchan/mpimages/208x308/gmbiqlD9VcA_htVM8z6klg.jpg"></icon><desc>Terwijl Shanti zich stort op het organiseren van het oud-en-nieuwfeest, maakt Laura stiekem een afspraak met Luuk. Lukt het Stefano om Ludo als verdachte af te schilderen?</desc><category></category></programme><programme channel="ps7Lvqxl4O_1RkifJVXq6A-jY7jvedsqUPmHEiwS" start="20221229160400 +0000" stop="20221229170300 +0000" catchup-id="iZg-LlC7TNQ0J6eXx9wTTpNAAOFNa5oxgvQI4Rhx"><title>Murder, She Wrote : Murder in Tempo</title><date></date><icon src="https://m7be2.solocoo.tv/m7be2iphone/mmchan/mpimages/208x308/GkqDDOCuEqovetbIWJxLKA.jpg"></icon><desc>Tijdens de repetities voor het benefietconcert van Seth Hazlitt om de bossen bij Cabot Cove te redden, wordt de zanger vermoord. Jessica en sheriff Metzger gaan achter de moordenaar aan.</desc><category></category></programme><programme channel="ps7Lvqxl4O_1RkifJVXq6A-jY7jvedsqUPmHEiwS" start="20221229170300 +0000" stop="20221229173200 +0000" catchup-id="ljOQS9YHr_58JfiEAw6ehGcLSoiCH90YAEf07JBy"><title>Mooi en Meedogenloos</title><date></date><icon src="https://m7be2.solocoo.tv/m7be2iphone/mmchan/mpimages/208x308/5ot8oFNQLmwXJl5WYD3CVQ.jpg"></icon><desc></desc><category></category></programme><programme channel="ps7Lvqxl4O_1RkifJVXq6A-jY7jvedsqUPmHEiwS" start="20221229173200 +0000" stop="20221229182900 +0000" catchup-id="Dg5BwdaKFegURdwNlEWGlRMgHSYAE-2QHbIaMH5-"><title>ER : Middle of nowhere</title><date></date><icon src="https://m7be2.solocoo.tv/m7be2iphone/mmchan/mpimages/208x308/lrLDty46vCqpyJYDwdApCQ.jpg"></icon><desc></desc><category></category></programme><programme channel="ps7Lvqxl4O_1RkifJVXq6A-jY7jvedsqUPmHEiwS" start="20221229182900 +0000" stop="20221229192800 +0000" catchup-id="TCERjsTxyup4GVkcVk9tLQl4oA3GR_AjYAd4whUF"><title>ER : Sticks And Stones</title><date></date><icon src="https://m7be2.solocoo.tv/m7be2iphone/mmchan/mpimages/208x308/lrLDty46vCqpyJYDwdApCQ.jpg"></icon><desc></desc><category></category></programme><programme channel="ps7Lvqxl4O_1RkifJVXq6A-jY7jvedsqUPmHEiwS" start="20221229192800 +0000" stop="20221229211100 +0000" catchup-id="MA0maNFkxN2pSx5hvS2AUbbBUKkjiuCE1IrB2YWa"><title>Double Holiday</title><date></date><icon src="https://m7be2.solocoo.tv/m7be2iphone/mmchan/mpimages/208x308/2WXbxttHC3g9RqayMr5LNA.jpg"></icon><desc>De CEO van Rebecca en haar onuitstaanbare collega en concurrent Chris vraagt hun een kerstfeest voor het bedrijf te organiseren. Ze zullen moeten samenwerken, met alle gevolgen van dien.</desc><category></category></programme><programme channel="ps7Lvqxl4O_1RkifJVXq6A-jY7jvedsqUPmHEiwS" start="20221229211100 +0000" stop="20221229230600 +0000" catchup-id="2fiowmWoOGPbqcfHE-CQPMe51eMF7Wx3A-IVYQJq"><title>Christmas Tree Lane</title><date></date><icon src="https://m7be2.solocoo.tv/m7be2iphone/mmchan/mpimages/208x308/KqOwycbN-DtchhDxUuBq_Q.jpg"></icon><desc>Zanglerares Meg Reilly maakt zich zorgen om de muziekwinkel van haar vader aan Chirstmas Tree Lane, een leuk buurtje waar de tijd stil lijkt te hebben gestaan. Een vastgoedmagnaat wil het hele gebied platgooien en opnieuw ontwikkelen. Meg leidt het buurtprotest tegen de sloop van het winkelgebied. Als ze Nate ontmoet, valt ze al snel voor zijn charmes, maar dan doet ze een onaangename ontdekking. Het bedrijf dat de buurt wil slopen is van Nates vader.</desc><category></category></programme><programme channel="ps7Lvqxl4O_1RkifJVXq6A-jY7jvedsqUPmHEiwS" start="20221229230600 +0000" stop="20221230000500 +0000" catchup-id="EnqZZ5svK_DDPnOHx3mojvsX6aNuj5LEquU5hRSM"><title>ER : Middle of nowhere</title><date></date><icon src="https://m7be2.solocoo.tv/m7be2iphone/mmchan/mpimages/208x308/lrLDty46vCqpyJYDwdApCQ.jpg"></icon><desc></desc><category></category></programme><programme channel="ps7Lvqxl4O_1RkifJVXq6A-jY7jvedsqUPmHEiwS" start="20221230000500 +0000" stop="20221230010500 +0000" catchup-id="10pGjHXAekxxxOKpRxCxJvCFsoc4ZInEl0YdzrgI"><title>Teleshop 8: Mediashop : Homeshopping</title><date></date><icon src="https://m7be2.solocoo.tv/m7be2iphone/mmchan/mpimages/208x308/l3fymPeHIRGOQMfW1R45hQ.jpg"></icon><desc>Homeshopping</desc><category></category></programme><programme channel="ps7Lvqxl4O_1RkifJVXq6A-jY7jvedsqUPmHEiwS" start="20221230010500 +0000" stop="20221230053500 +0000" catchup-id="kU24pL7S4NzrYk4JyDMPOOY6e8pXM0SmQZxnG1p3"><title>Teleshop 8: Mediashop : Homeshopping</title><date></date><icon src="https://m7be2.solocoo.tv/m7be2iphone/mmchan/mpimages/208x308/l3fymPeHIRGOQMfW1R45hQ.jpg"></icon><desc>Homeshopping</desc><category></category></programme><programme channel="ps7Lvqxl4O_1RkifJVXq6A-jY7jvedsqUPmHEiwS" start="20221230053500 +0000" stop="20221230153500 +0000" catchup-id="YPnsH7PmFOkWeJg58YDL1zhk3ATFlSYyI-LEL7XU"><title>Teleshop 8: Mediashop : Homeshopping</title><date></date><icon src="https://m7be2.solocoo.tv/m7be2iphone/mmchan/mpimages/208x308/l3fymPeHIRGOQMfW1R45hQ.jpg"></icon><desc>Homeshopping</desc><category></category></programme><programme channel="ps7Lvqxl4O_1RkifJVXq6A-jY7jvedsqUPmHEiwS" start="20221230153500 +0000" stop="20221230160400 +0000" catchup-id="aSTviwLWXeUeABbN4DZI9LukUI2Geo04JMLRLiWl"><title>Goede tijden, slechte tijden</title><date></date><icon src="https://m7be2.solocoo.tv/m7be2iphone/mmchan/mpimages/208x308/gmbiqlD9VcA_htVM8z6klg.jpg"></icon><desc>Nola heeft een herbeleving, maar weet het voor iedereen te verbergen. Shanti wordt door Rik meegevraagd naar zijn strandhuisje. Marwan is blij verrast als zijn neef Walid plotseling voor de deur staat.</desc><category></category></programme><programme channel="ps7Lvqxl4O_1RkifJVXq6A-jY7jvedsqUPmHEiwS" start="20221230160400 +0000" stop="20221230170400 +0000" catchup-id="YriTmNLRRDi0dC_IgNwqardSLSlJJeEQRWaR4LiR"><title>Murder, She Wrote : Dark Side of the Door</title><date></date><icon src="https://m7be2.solocoo.tv/m7be2iphone/mmchan/mpimages/208x308/fjN9MIMEnWjHY6-6GLCbpw.jpg"></icon><desc>Jessica legt een verband tussen een recente moord, een mogelijke zelfmoord en een ontvoering van elf jaar geleden.</desc><category></category></programme><programme channel="ps7Lvqxl4O_1RkifJVXq6A-jY7jvedsqUPmHEiwS" start="20221230170400 +0000" stop="20221230173300 +0000" catchup-id="RkY2p0vPO14vqCJAk4eFm-D4M4G-AsmRJqIUsLb7"><title>Mooi en Meedogenloos</title><date></date><icon src="https://m7be2.solocoo.tv/m7be2iphone/mmchan/mpimages/208x308/5ot8oFNQLmwXJl5WYD3CVQ.jpg"></icon><desc></desc><category></category></programme><programme channel="ps7Lvqxl4O_1RkifJVXq6A-jY7jvedsqUPmHEiwS" start="20221230173300 +0000" stop="20221230183000 +0000" catchup-id="o6XxoGibX3ti0gaG4bgMc8jwtjHbdcvdvVN4m81n"><title>ER : Point Of Origin</title><date></date><icon src="https://m7be2.solocoo.tv/m7be2iphone/mmchan/mpimages/208x308/KdGvCBsGmKKYApfyGUR9eg.jpg"></icon><desc></desc><category></category></programme><programme channel="ps7Lvqxl4O_1RkifJVXq6A-jY7jvedsqUPmHEiwS" start="20221230183000 +0000" stop="20221230192800 +0000" catchup-id="_aLKDrEgIFO0HJlUOHlKTAwvspNK7owdZ3a5gV3v"><title>ER : Rites Of Spring</title><date></date><icon src="https://m7be2.solocoo.tv/m7be2iphone/mmchan/mpimages/208x308/p6eyBQ2j3YgLPMaqrj2w5g.jpg"></icon><desc></desc><category></category></programme><programme channel="ps7Lvqxl4O_1RkifJVXq6A-jY7jvedsqUPmHEiwS" start="20221230192800 +0000" stop="20221230211000 +0000" catchup-id="BQfg_aEaw6jySumAcPgXgmxe0DQk8HNs4KaRpFwq"><title>Christmas in Montana</title><date></date><icon src="https://m7be2.solocoo.tv/m7be2iphone/mmchan/mpimages/208x308/WyK4Hv3g5WAGHSY71jmjLA.jpg"></icon><desc>Sara gaat net voor de kerstvakantie op zakenreis naar Montana om Travis te helpen zijn ranch te redden. Daar valt Sara voor het buitenleven en voor Travis.</desc><category></category></programme><programme channel="ps7Lvqxl4O_1RkifJVXq6A-jY7jvedsqUPmHEiwS" start="20221230211000 +0000" stop="20221230230600 +0000" catchup-id="YMVt3gq9rZ6vK2_g78NRvskWzsCjG_kBKxjHo-v3"><title>Hitched for the Holidays</title><date></date><icon src="https://m7be2.solocoo.tv/m7be2iphone/mmchan/mpimages/208x308/psywjASycHGKBMw4sKnbaw.jpg"></icon><desc>Julie en Rob willen geen van beiden in hun eentje kerst vieren bij hun familie, want dan is er steeds gezeur over waarom ze nog alleen zijn. Ze besluiten elkaars familie te bezoeken als 'stel'. Maar dit loopt al snel uit de hand.</desc><category></category></programme><programme channel="ps7Lvqxl4O_1RkifJVXq6A-jY7jvedsqUPmHEiwS" start="20221230230600 +0000" stop="20221231000400 +0000" catchup-id="bfLUPAIRnRFyPCHL_Luu9az1IkrN_tgmB_UVo1zd"><title>ER : Point Of Origin</title><date></date><icon src="https://m7be2.solocoo.tv/m7be2iphone/mmchan/mpimages/208x308/KdGvCBsGmKKYApfyGUR9eg.jpg"></icon><desc></desc><category></category></programme><programme channel="ps7Lvqxl4O_1RkifJVXq6A-jY7jvedsqUPmHEiwS" start="20221231000400 +0000" stop="20221231010400 +0000" catchup-id="sXVIBtVHOqfZDpW9AfqObIDP8kihzF-YuGE7UAFX"><title>Teleshop 8: Mediashop : Homeshopping</title><date></date><icon src="https://m7be2.solocoo.tv/m7be2iphone/mmchan/mpimages/208x308/l3fymPeHIRGOQMfW1R45hQ.jpg"></icon><desc>Homeshopping</desc><category></category></programme><programme channel="ps7Lvqxl4O_1RkifJVXq6A-jY7jvedsqUPmHEiwS" start="20221231010400 +0000" stop="20221231053500 +0000" catchup-id="nHAqShfIevparYPGXJIUvt9Gogqjb1MjbcG0ul2i"><title>Teleshop 8: Mediashop : Homeshopping</title><date></date><icon src="https://m7be2.solocoo.tv/m7be2iphone/mmchan/mpimages/208x308/l3fymPeHIRGOQMfW1R45hQ.jpg"></icon><desc>Homeshopping</desc><category></category></programme><programme channel="ps7Lvqxl4O_1RkifJVXq6A-jY7jvedsqUPmHEiwS" start="20221231053500 +0000" stop="20221231160500 +0000" catchup-id="oLcj_jTQ6FRYRBcudaqmMNZWQa99qxiewOULrBJv"><title>Teleshop 8: Mediashop : Homeshopping</title><date></date><icon src="https://m7be2.solocoo.tv/m7be2iphone/mmchan/mpimages/208x308/l3fymPeHIRGOQMfW1R45hQ.jpg"></icon><desc>Homeshopping</desc><category></category></programme><programme channel="ps7Lvqxl4O_1RkifJVXq6A-jY7jvedsqUPmHEiwS" start="20221231160500 +0000" stop="20221231170400 +0000" catchup-id="B6XS6c8uvxnYEwYelq7jdhLF0J17VWzTiOCvWuG8"><title>Murder, She Wrote : Murder Among Friends</title><date></date><icon src="https://m7be2.solocoo.tv/m7be2iphone/mmchan/mpimages/208x308/XzzvKrMgPSNef23uW1A_qQ.jpg"></icon><desc>De producent van de populaire serie Buds wordt vermoord. Zij stond op het punt een van de personages uit de serie te schrijven, voor ze dood werd aangetroffen in haar kantoor. Jessica gaat op onderzoek uit.</desc><category></category></programme><programme channel="ps7Lvqxl4O_1RkifJVXq6A-jY7jvedsqUPmHEiwS" start="20221231170400 +0000" stop="20221231185900 +0000" catchup-id="B27b1HvR33QLiRuskGXPe8aF-RzfAOMr7E7-aDj3"><title>The Santa Squad</title><date></date><icon src="https://m7be2.solocoo.tv/m7be2iphone/mmchan/mpimages/208x308/d8u1N1qffGOJ8E4vaXHJBw.jpg"></icon><desc>Lerares Allie is werkloos en neemt een klus aan tijdens de kerstdagen. Ze gaat het huis van weduwnaar Gordon en zijn twee dochters in kerstsfeer brengen. Ze koopt een kerstboom, regelt de decoraties, gaat winkelen en bakt koekjes. De dochters zijn dol op Allie en proberen haar te koppelen aan Gordon.</desc><category></category></programme><programme channel="ps7Lvqxl4O_1RkifJVXq6A-jY7jvedsqUPmHEiwS" start="20221231185900 +0000" stop="20221231204400 +0000" catchup-id="yhVwv-Ul20lJ2c9lJAQzBRO1Sf0ZGGLsTB_fH6Xb"><title>The Mistletoe Inn</title><date></date><icon src="https://m7be2.solocoo.tv/m7be2iphone/mmchan/mpimages/208x308/H5v-rPbiKXef5kUbZvmLCA.jpg"></icon><desc>Kim is net gedumpt door haar vriend als ze zich aanmeldt voor een retraite voor beginnende schrijvers. Daar komt ze tot haar schrik haar ex tegen, én moet ze samenwerken met de opdringerige Zeke. Langzamerhand treedt Kim uit haar comfortzone en blijkt Zeke best leuk te zijn.</desc><category></category></programme><programme channel="ps7Lvqxl4O_1RkifJVXq6A-jY7jvedsqUPmHEiwS" start="20221231204400 +0000" stop="20221231223700 +0000" catchup-id="GzquOi0s9AXnOHIKb00PHFrSl_xEzYlMViXx7uk2"><title>A New Year's Resolution</title><date></date><icon src="https://m7be2.solocoo.tv/m7be2iphone/mmchan/mpimages/208x308/974PAkAHEDiecl6mpQbh8w.jpg"></icon><desc>Kelly Leone is producer van een ochtendshow in Milwaukee. Voor het nieuwe jaar heeft ze het goede voornemen om een maand lang geen 'nee' te zeggen tegen uitnodigingen op het sociale vlak. Met tegenzin stemt ze er ook nog mee in dat de ochtendshow haar volgt tijdens dit experiment. Kelly begeeft zich ver buiten haar comfortzone en neemt deel aan allerlei activiteiten die ze normaal gesproken zou weigeren. Dan ontmoet ze de charismatische zakenman Tom Malone.</desc><category></category></programme><programme channel="ps7Lvqxl4O_1RkifJVXq6A-jY7jvedsqUPmHEiwS" start="20221231223700 +0000" stop="20221231225500 +0000" catchup-id="_v8z9BHpqqF7JDSLx3xbKNNZ7I0D_l2SeuKXRnVe"><title>Love on Ice</title><date></date><icon src="https://m7be2.solocoo.tv/m7be2iphone/mmchan/mpimages/208x308/CYJXi2pZ2pVUvYM1HxjRfA.jpg"></icon><desc>Emily is eind twintig en heeft haar kunstschaatscarrière achter zich gelaten. Ze werkt nu als serveerster en geeft schaatsles aan kinderen. Een van haar oud-leerlingen heeft de knappe Spencer ingehuurd als coach. Spencer weet Emily's passie voor het schaatsen weer aan te wakkeren en ook privé maakt hij het nodige bij haar los.</desc><category></category></programme><programme channel="ps7Lvqxl4O_1RkifJVXq6A-jY7jvedsqUPmHEiwS" start="20221231225500 +0000" stop="20221231225600 +0000" catchup-id="rdInL9fOrOji_OdpDseqG2xpBU0taGMaXOmY_hwl"><title>Klok &amp; vuurwerk</title><date></date><icon src="https://m7be2.solocoo.tv/m7be2iphone/mmchan/mpimages/208x308/QWplK_QcEIe_KVRfbHALDg.jpg"></icon><desc></desc><category></category></programme><programme channel="ps7Lvqxl4O_1RkifJVXq6A-jY7jvedsqUPmHEiwS" start="20221231225600 +0000" stop="20221231231000 +0000" catchup-id="KfzVdrz1wMsgOuz1OKjVwDB_deIJ7ols_hz-ZZR8"><title>Het Nationale Vuurwerk Met Rolf Sanchez</title><date></date><icon src="https://m7be2.solocoo.tv/m7be2iphone/mmchan/mpimages/208x308/tToZKhA_yvQEJVwe2N7AXQ.jpg"></icon><desc>Liveregistratie van het Nationale Vuurwerk, de grootste vuurwerkshow van Nederland. Vanaf de Erasmusbrug in Rotterdam, onder muzikale begeleiding van Rolf Sanchez en band.</desc><category></category></programme><programme channel="ps7Lvqxl4O_1RkifJVXq6A-jY7jvedsqUPmHEiwS" start="20221231231000 +0000" stop="20230101002700 +0000" catchup-id="0hV8Kn2cl8VSLjBF7FupxlBpKqeRBSEFDFnfVdSk"><title>Love on Ice</title><date></date><icon src="https://m7be2.solocoo.tv/m7be2iphone/mmchan/mpimages/208x308/CYJXi2pZ2pVUvYM1HxjRfA.jpg"></icon><desc>Emily is eind twintig en heeft haar kunstschaatscarrière achter zich gelaten. Ze werkt nu als serveerster en geeft schaatsles aan kinderen. Een van haar oud-leerlingen heeft de knappe Spencer ingehuurd als coach. Spencer weet Emily's passie voor het schaatsen weer aan te wakkeren en ook privé maakt hij het nodige bij haar los.</desc><category></category></programme><programme channel="ps7Lvqxl4O_1RkifJVXq6A-jY7jvedsqUPmHEiwS" start="20230101002700 +0000" stop="20230101011200 +0000" catchup-id="QaZsO2xkAzoWZbAFgvSMIRY6E1wsxAJGDga5Cd0P"><title>Teleshop 8: Mediashop : Homeshopping</title><date></date><icon src="https://m7be2.solocoo.tv/m7be2iphone/mmchan/mpimages/208x308/l3fymPeHIRGOQMfW1R45hQ.jpg"></icon><desc>Homeshopping</desc><category></category></programme><programme channel="ps7Lvqxl4O_1RkifJVXq6A-jY7jvedsqUPmHEiwS" start="20230101011200 +0000" stop="20230101052700 +0000" catchup-id="2oRNZSziYJPUuZF0nA5eaepF97m6Mjhsysv7pK-j"><title>Teleshop 8: Mediashop : Homeshopping</title><date></date><icon src="https://m7be2.solocoo.tv/m7be2iphone/mmchan/mpimages/208x308/l3fymPeHIRGOQMfW1R45hQ.jpg"></icon><desc>Homeshopping</desc><category></category></programme><programme channel="ps7Lvqxl4O_1RkifJVXq6A-jY7jvedsqUPmHEiwS" start="20230101052700 +0000" stop="20230101155700 +0000" catchup-id="_NtZ2gbYJ6MtK0gaFchoaIwQtKinqni2-fEYz4Bj"><title>Teleshop 8: Mediashop : Homeshopping</title><date></date><icon src="https://m7be2.solocoo.tv/m7be2iphone/mmchan/mpimages/208x308/l3fymPeHIRGOQMfW1R45hQ.jpg"></icon><desc>Homeshopping</desc><category></category></programme><programme channel="ps7Lvqxl4O_1RkifJVXq6A-jY7jvedsqUPmHEiwS" start="20230101155700 +0000" stop="20230101165600 +0000" catchup-id="tUbKiwLg5XM1I6-jnpYGI2Ee5Z_h-DPAaR1PuHGE"><title>Murder, She Wrote : Mord im Puppentheater</title><date></date><icon src="https://m7be2.solocoo.tv/m7be2iphone/mmchan/mpimages/208x308/tZdJjqlggo6bc7UuPhQX0Q.jpg"></icon><desc>Het kinderverhaal dat Jessica heeft geschreven, wordt gebruikt voor een poppenshow op televisie. Het verhaal krijgt een donker randje als een van de investeerders wordt vermoord en een pop als moordwapen is gebruikt.</desc><category></category></programme><programme channel="ps7Lvqxl4O_1RkifJVXq6A-jY7jvedsqUPmHEiwS" start="20230101165600 +0000" stop="20230101190300 +0000" catchup-id="1FUhgVkJw9tRUthz2Heh8mfwWskrtbX1L9cIJhC-"><title>Sissi</title><date></date><icon src="https://m7be2.solocoo.tv/m7be2iphone/mmchan/mpimages/208x308/5wjtJ-qJeXbtWzhHiRd1jA.jpg"></icon><desc>De jonge Oostenrijkse keizer Franz Joseph moet maar eens trouwen, vindt zijn moeder, aartshertogin Sofie. Een kandidate heeft ze ook al, prinses Helene van Beieren, die is veel geschikter dan haar zusje, de vrijgevochten Sisi. De aankondiging van de verloving heeft Sofie gepland tijdens een groot bal voor de verjaardag van Franz Joseph. Maar als de jonge keizer Sisi ontmoet, vallen de plannetjes van Sofie in duigen.</desc><category></category></programme><programme channel="ps7Lvqxl4O_1RkifJVXq6A-jY7jvedsqUPmHEiwS" start="20230101190300 +0000" stop="20230101211000 +0000" catchup-id="WrmHUv_pm5cKC5cE5BNEvt2lamPwVQnmj4Vck5oY"><title>Sissi - Die junge Kaiserin</title><date></date><icon src="https://m7be2.solocoo.tv/m7be2iphone/mmchan/mpimages/208x308/bd50Xjp13pD4R7NGIwyuhg.jpg"></icon><desc>De jonge keizerin Elisabeth 'Sisi' moet zich na haar huwelijk met Franz Joseph aanpassen aan de strenge hofregels. Haar schoonmoeder, aartshertogin Sofie, vindt Sisi ongeschikt als keizerin en zit haar flink dwars. Als het keizerlijk paar een klein prinsesje krijgt, wil Sofie niet dat Sisi zich met de opvoeding van het kind bemoeit.</desc><category></category></programme><programme channel="ps7Lvqxl4O_1RkifJVXq6A-jY7jvedsqUPmHEiwS" start="20230101211000 +0000" stop="20230101231700 +0000" catchup-id="Yjh-R6tL8EIFSeT6R45FhCynpo1TrtfV0_ENrFCh"><title>Sissi, Schicksalsjahre einer Kaiserin</title><date></date><icon src="https://m7be2.solocoo.tv/m7be2iphone/mmchan/mpimages/208x308/aDjrUIGxv-z0tszXFwWFYA.jpg"></icon><desc></desc><category></category></programme><programme channel="ps7Lvqxl4O_1RkifJVXq6A-jY7jvedsqUPmHEiwS" start="20230101231700 +0000" stop="20230102012400 +0000" catchup-id="urc4dNmqZPGXH8EKntA7QK9iVQi5lIJQORfO-QJU"><title>Victoria in Dover</title><date></date><icon src="https://m7be2.solocoo.tv/m7be2iphone/mmchan/mpimages/208x308/WSp2o85uCGdxOaJ_cNSr9w.jpg"></icon><desc>Als prinses Victoria koningin wordt, weigert ze het hof een echtgenoot voor zich uit te laten kiezen. Wanneer er drie huwelijkskandidaten worden uitgenodigd voor haar verjaardag, vlucht ze weg richting Parijs. Maar het lot bepaalt dat ze onderweg toch verliefd wordt op prins Albert van Sachsen-Coburg-Gotha, een van de kandidaten. Zonder haar identiteit prijs te geven, haast de jonge koningin zich terug naar Londen om een verrassing voor Albert voor te bereiden.</desc><category></category></programme><programme channel="ps7Lvqxl4O_1RkifJVXq6A-jY7jvedsqUPmHEiwS" start="20230102012400 +0000" stop="20230102053900 +0000" catchup-id="RqXa8I3ZBwY0mKNGcDmGuuKUbzHxUT96e5zUlwAN"><title>Teleshop 8: Mediashop : Homeshopping</title><date></date><icon src="https://m7be2.solocoo.tv/m7be2iphone/mmchan/mpimages/208x308/l3fymPeHIRGOQMfW1R45hQ.jpg"></icon><desc>Homeshopping</desc><category></category></programme><programme channel="ps7Lvqxl4O_1RkifJVXq6A-jY7jvedsqUPmHEiwS" start="20230102053900 +0000" stop="20230102160900 +0000" catchup-id="V5BMpj17BueU5S23sYVBC-vMHadvQytISoaXL5kC"><title>Teleshop 8: Mediashop : Homeshopping</title><date></date><icon src="https://m7be2.solocoo.tv/m7be2iphone/mmchan/mpimages/208x308/l3fymPeHIRGOQMfW1R45hQ.jpg"></icon><desc>Homeshopping</desc><category></category></programme><programme channel="ps7Lvqxl4O_1RkifJVXq6A-jY7jvedsqUPmHEiwS" start="20230102160900 +0000" stop="20230102170800 +0000" catchup-id="ra28SYY6MQ07FGuU6HK0eOkv6G6n-qfo6ASp2qle"><title>Murder, She Wrote : Track of a Soldier</title><date></date><icon src="https://m7be2.solocoo.tv/m7be2iphone/mmchan/mpimages/208x308/-D3mDetbkvNAIBZKDY_1CQ.jpg"></icon><desc>Als Jessica van een ontspannen vakantie in de bergen probeert te genieten, moet ze onverwacht toch aan de slag. De vriend bij wie ze verblijft, wordt gechanteerd en vervolgens wordt de afperser vermoord.</desc><category></category></programme><programme channel="ps7Lvqxl4O_1RkifJVXq6A-jY7jvedsqUPmHEiwS" start="20230102170800 +0000" stop="20230102173600 +0000" catchup-id="qHjpB-i5FMWO7iYWDAx6QskRVYHjNbzvXb2WRcJV"><title>Mooi en Meedogenloos</title><date></date><icon src="https://m7be2.solocoo.tv/m7be2iphone/mmchan/mpimages/208x308/5ot8oFNQLmwXJl5WYD3CVQ.jpg"></icon><desc></desc><category></category></programme><programme channel="ps7Lvqxl4O_1RkifJVXq6A-jY7jvedsqUPmHEiwS" start="20230102173600 +0000" stop="20230102183500 +0000" catchup-id="-YTWMT_ysDrzNVDWbmsro7hnvLat0OKihJDqUmTU"><title>ER : Power</title><date></date><icon src="https://m7be2.solocoo.tv/m7be2iphone/mmchan/mpimages/208x308/p6eyBQ2j3YgLPMaqrj2w5g.jpg"></icon><desc></desc><category></category></programme><programme channel="ps7Lvqxl4O_1RkifJVXq6A-jY7jvedsqUPmHEiwS" start="20230102183500 +0000" stop="20230102192800 +0000" catchup-id="tgLz3M6IodaTHmZw43zhZNnsr357xCta4LsVAcf7"><title>ER : Responsible Parties</title><date></date><icon src="https://m7be2.solocoo.tv/m7be2iphone/mmchan/mpimages/208x308/p6eyBQ2j3YgLPMaqrj2w5g.jpg"></icon><desc></desc><category></category></programme><programme channel="ps7Lvqxl4O_1RkifJVXq6A-jY7jvedsqUPmHEiwS" start="20230102192800 +0000" stop="20230102211200 +0000" catchup-id="epYfWlY1nN__JNaW7AD6_RBdntc8YIKkaXxpKZsx"><title>Winter Love Story</title><date></date><icon src="https://m7be2.solocoo.tv/m7be2iphone/mmchan/mpimages/208x308/Vf_o9vezg9nYaXSpMXPbKQ.jpg"></icon><desc>Wanneer de eerste roman van de kersverse auteur Cassie Winslett niet verkoopt, wordt ze op boekentournee gestuurd samen met bestsellerauteur Elliot Somersby. Op die manier moet Cassies zelfvertrouwen een boost krijgen en haar verkoopcijfers verbeteren. Maar eenmaal op tournee bloeit gaandeweg een romance op.</desc><category></category></programme><programme channel="ps7Lvqxl4O_1RkifJVXq6A-jY7jvedsqUPmHEiwS" start="20230102211200 +0000" stop="20230102220800 +0000" catchup-id="qpfyCGualDO7ZYoCFOQn7uYeItJ_IE5y5F-vnov_"><title>Law &amp; Order: Special Victims Unit : Chicago Crossover</title><date></date><icon src="https://m7be2.solocoo.tv/m7be2iphone/mmchan/mpimages/208x308/DCSWLajRbuYT11yIWNmFrQ.jpg"></icon><desc>In een zaak die te maken heeft met kinderporno krijgt de SVU een tip van de politie in Chicago. Voor een van de rechercheurs uit Chicago wordt de zaak persoonlijk. Tussen Benson en de sergeant uit Chicago lopen de spanningen hoog op.</desc><category></category></programme><programme channel="ps7Lvqxl4O_1RkifJVXq6A-jY7jvedsqUPmHEiwS" start="20230102220800 +0000" stop="20230102230300 +0000" catchup-id="cOZE512hFwetee-E9Ov80iQXingUdNK_H_Qt4SzI"><title>Law &amp; Order: Special Victims Unit : Spousal Privilege</title><date></date><icon src="https://m7be2.solocoo.tv/m7be2iphone/mmchan/mpimages/208x308/DGsLt7FK8AAtXHRsskfNew.jpg"></icon><desc>Tutuola stuit op beelden van een beveiligingscamera, waarop te zien is hoe een oud-topsporter zijn vrouw mishandelt. Barba wil de zaak oppakken, maar de moet de vrouw wel aangifte willen doen.</desc><category></category></programme><programme channel="ps7Lvqxl4O_1RkifJVXq6A-jY7jvedsqUPmHEiwS" start="20230102230300 +0000" stop="20230103000100 +0000" catchup-id="8jpkUCTQzjN_GJFTv80VmQs53-gFglcVAph4gZyM"><title>ER : Power</title><date></date><icon src="https://m7be2.solocoo.tv/m7be2iphone/mmchan/mpimages/208x308/p6eyBQ2j3YgLPMaqrj2w5g.jpg"></icon><desc></desc><category></category></programme><programme channel="ps7Lvqxl4O_1RkifJVXq6A-jY7jvedsqUPmHEiwS" start="20230103000100 +0000" stop="20230103010100 +0000" catchup-id="sbhezHIEMcCPLEsiNtrguB9VAQFBDtwpKEJD7xqQ"><title>Teleshop 8: Mediashop : Homeshopping</title><date></date><icon src="https://m7be2.solocoo.tv/m7be2iphone/mmchan/mpimages/208x308/l3fymPeHIRGOQMfW1R45hQ.jpg"></icon><desc>Homeshopping</desc><category></category></programme><programme channel="ps7Lvqxl4O_1RkifJVXq6A-jY7jvedsqUPmHEiwS" start="20230103010100 +0000" stop="20230103053000 +0000" catchup-id="ouHiTA_CqtnViaUpa7MP6N2uPTkBj9sOQVqVz6iL"><title>Teleshop 8: Mediashop : Homeshopping</title><date></date><icon src="https://m7be2.solocoo.tv/m7be2iphone/mmchan/mpimages/208x308/l3fymPeHIRGOQMfW1R45hQ.jpg"></icon><desc>Homeshopping</desc><category></category></programme><programme channel="ps7Lvqxl4O_1RkifJVXq6A-jY7jvedsqUPmHEiwS" start="20230103053000 +0000" stop="20230103153600 +0000" catchup-id="ZibV2xEt1c0TSGpU_rY62jK_B5Min_x9OIyd7KfY"><title>Teleshop 8: Mediashop : Homeshopping</title><date></date><icon src="https://m7be2.solocoo.tv/m7be2iphone/mmchan/mpimages/208x308/l3fymPeHIRGOQMfW1R45hQ.jpg"></icon><desc>Homeshopping</desc><category></category></programme><programme channel="ps7Lvqxl4O_1RkifJVXq6A-jY7jvedsqUPmHEiwS" start="20230103153600 +0000" stop="20230103160600 +0000" catchup-id="8spZODArQI-1olzVSxzMGbxNj-7e1dLNb90SKoRk"><title>Goede tijden, slechte tijden</title><date></date><icon src="https://m7be2.solocoo.tv/m7be2iphone/mmchan/mpimages/208x308/gmbiqlD9VcA_htVM8z6klg.jpg"></icon><desc>Demi verbergt voor haar familie dat de kinderopvang haar eigenlijk te veel begint te worden. Ze heeft te weinig tijd om haar huiswerk af te kunnen maken. Janine probeert Ludo zover te krijgen dat hij zo snel mogelijk een afspraak maakt met Ellis.</desc><category></category></programme><programme channel="ps7Lvqxl4O_1RkifJVXq6A-jY7jvedsqUPmHEiwS" start="20230103160600 +0000" stop="20230103170400 +0000" catchup-id="PVFJ9cruZJ5C7IHASL5g0aqf8Cl-jZTTCfmbgPs1"><title>Murder, She Wrote : Evidence of Malice</title><date></date><icon src="https://m7be2.solocoo.tv/m7be2iphone/mmchan/mpimages/208x308/oYqNQEwdIKtzNB7NXq-DEQ.jpg"></icon><desc>Jessica doet erg haar best om de naam van haar oude vriend Andy te zuiveren. Het wordt lastig als er een moordwapen in Andy's auto wordt gevonden.</desc><category></category></programme><programme channel="ps7Lvqxl4O_1RkifJVXq6A-jY7jvedsqUPmHEiwS" start="20230103170400 +0000" stop="20230103173300 +0000" catchup-id="jOKECimh_EDec7vE5UyOa2BjVuRFT7ljkX8sYjR9"><title>Mooi en Meedogenloos</title><date></date><icon src="https://m7be2.solocoo.tv/m7be2iphone/mmchan/mpimages/208x308/5ot8oFNQLmwXJl5WYD3CVQ.jpg"></icon><desc></desc><category></category></programme><programme channel="ps7Lvqxl4O_1RkifJVXq6A-jY7jvedsqUPmHEiwS" start="20230103173300 +0000" stop="20230103183000 +0000" catchup-id="NNNB8hCgRXFlKeOsL8S61ngtk6DgYCG7Q7K9Q-_T"><title>ER : Getting To Know You</title><date></date><icon src="https://m7be2.solocoo.tv/m7be2iphone/mmchan/mpimages/208x308/p6eyBQ2j3YgLPMaqrj2w5g.jpg"></icon><desc></desc><category></category></programme><programme channel="ps7Lvqxl4O_1RkifJVXq6A-jY7jvedsqUPmHEiwS" start="20230103183000 +0000" stop="20230103192800 +0000" catchup-id="uiFwTJeWA_Lyro3u_UTCha_PBzr0QQ2BSD9G8wDd"><title>ER : Leave It to Weaver</title><date></date><icon src="https://m7be2.solocoo.tv/m7be2iphone/mmchan/mpimages/208x308/p6eyBQ2j3YgLPMaqrj2w5g.jpg"></icon><desc></desc><category></category></programme><programme channel="ps7Lvqxl4O_1RkifJVXq6A-jY7jvedsqUPmHEiwS" start="20230103192800 +0000" stop="20230103211300 +0000" catchup-id="C6Ayqjquk2xV_5IAOfIiZrowPm7ZWASwK3-G-KVh"><title>Cabin Connection</title><date></date><icon src="https://m7be2.solocoo.tv/m7be2iphone/mmchan/mpimages/208x308/0Z5cbnUc0RqFrS1lUkGqFQ.jpg"></icon><desc>Wanneer lifestyleschrijfster en overtuigd single Hannah Monroe de blokhut van haar overleden grootmoeder erft, besluit ze die te verkopen. Ze huurt de lokale klusjesman Cole in, een weduwnaar, om het huisje op te knappen en klaar te maken voor de verkoop. Maar terwijl Hannah en Cole samen tijd doorbrengen, merkt Hannah dat haar vertrouwen in liefde en relaties wordt hersteld - en vraagt ze zich af of ze de hut wel moet verkopen.</desc><category></category></programme><programme channel="ps7Lvqxl4O_1RkifJVXq6A-jY7jvedsqUPmHEiwS" start="20230103211300 +0000" stop="20230103220800 +0000" catchup-id="JYQH4iluP-VD4PDlR2zGsdqb6MR3QFct6eHnIcTJ"><title>Law &amp; Order: Special Victims Unit : Pattern Seventeen</title><date></date><icon src="https://m7be2.solocoo.tv/m7be2iphone/mmchan/mpimages/208x308/dIryGWIE45YFQPI2ucggAQ.jpg"></icon><desc>Het team zoekt naar een serieverkrachter. Het lijkt erop dat hij op meerdere plaatsen in het land heeft toegeslagen. De zaak wordt een juridische en logistieke nachtmerrie.</desc><category></category></programme><programme channel="ps7Lvqxl4O_1RkifJVXq6A-jY7jvedsqUPmHEiwS" start="20230103220800 +0000" stop="20230103230100 +0000" catchup-id="Id7ag6o_QEfJvUjLWienLAlHETkbyH-dnDC9VCV3"><title>Law &amp; Order: Special Victims Unit : Forgiving Rollins</title><date></date><icon src="https://m7be2.solocoo.tv/m7be2iphone/mmchan/mpimages/208x308/vdZgMcVS0yLGqWbRomJijg.jpg"></icon><desc>Een rechercheur uit Atlanta beweert verkracht te zijn in een hotel, toen ze in New York was voor een conferentie. Rollins blijkt een persoonlijke connectie met de zaak te hebben en Barba vraagt haar als getuige. Benson wordt zo gedwongen om een geheim te onthullen.</desc><category></category></programme><programme channel="ps7Lvqxl4O_1RkifJVXq6A-jY7jvedsqUPmHEiwS" start="20230103230100 +0000" stop="20230103235500 +0000" catchup-id="fOGN3M_q87MGYWMVXyc9LAbDrKmdBDplOhQP_b9y"><title>ER : Getting To Know You</title><date></date><icon src="https://m7be2.solocoo.tv/m7be2iphone/mmchan/mpimages/208x308/p6eyBQ2j3YgLPMaqrj2w5g.jpg"></icon><desc></desc><category></category></programme><programme channel="ps7Lvqxl4O_1RkifJVXq6A-jY7jvedsqUPmHEiwS" start="20230103235500 +0000" stop="20230104010100 +0000" catchup-id="yp2wv1LGjwcm2yOUM3aruLYanPyqIthGy1BVrcE9"><title>Teleshop 8: Mediashop : Homeshopping</title><date></date><icon src="https://m7be2.solocoo.tv/m7be2iphone/mmchan/mpimages/208x308/l3fymPeHIRGOQMfW1R45hQ.jpg"></icon><desc>Homeshopping</desc><category></category></programme><programme channel="ps7Lvqxl4O_1RkifJVXq6A-jY7jvedsqUPmHEiwS" start="20230104010100 +0000" stop="20230104053000 +0000" catchup-id="dX9DhDJXCHOjz4LwnyCjYttXnQuBPq6gEvj0uhhQ"><title>Teleshop 8: Mediashop : Homeshopping</title><date></date><icon src="https://m7be2.solocoo.tv/m7be2iphone/mmchan/mpimages/208x308/l3fymPeHIRGOQMfW1R45hQ.jpg"></icon><desc>Homeshopping</desc><category></category></programme><programme channel="ps7Lvqxl4O_1RkifJVXq6A-jY7jvedsqUPmHEiwS" start="20230104053000 +0000" stop="20230104154000 +0000" catchup-id="raLygEGumah_y_u6m98Nx3tRtoAYpOhqPvBXN6D-"><title>Teleshop 8: Mediashop : Homeshopping</title><date></date><icon src="https://m7be2.solocoo.tv/m7be2iphone/mmchan/mpimages/208x308/l3fymPeHIRGOQMfW1R45hQ.jpg"></icon><desc></desc><category></category></programme><programme channel="ps7Lvqxl4O_1RkifJVXq6A-jY7jvedsqUPmHEiwS" start="20230104154000 +0000" stop="20230104161000 +0000" catchup-id="tqPgG5S36G5DtUU7iS2L20BajrhVrqzfkgvPq9QJ"><title>Goede tijden, slechte tijden</title><date></date><icon src="https://m7be2.solocoo.tv/m7be2iphone/mmchan/mpimages/208x308/gmbiqlD9VcA_htVM8z6klg.jpg"></icon><desc>Marwan schrikt als Walid de boekhouding wil zien en van alles in de Buurtsuper kritisch begint te bekijken. Nina maakt Luuk duidelijk dat ze absoluut geen therapie wil voor Nola, maar Luuks andere advies volgt ze graag op.</desc><category></category></programme><programme channel="ps7Lvqxl4O_1RkifJVXq6A-jY7jvedsqUPmHEiwS" start="20230104161000 +0000" stop="20230104170600 +0000" catchup-id="ieqOzig2eDUePf7GVWzOlUCuw542Awep63-sjKlt"><title>Murder, She Wrote : Southern Double-Cross</title><date></date><icon src="https://m7be2.solocoo.tv/m7be2iphone/mmchan/mpimages/208x308/I_jPYJY1toKZla0CjQ9T-Q.jpg"></icon><desc>Jessica gaat naar Australië om een stuk grond waar ze mogelijk recht op heeft, toe te eigenen. Het lijkt niet in de haak en het wordt echt verdacht als Jessica's advocaat vermist wordt.</desc><category></category></programme><programme channel="ps7Lvqxl4O_1RkifJVXq6A-jY7jvedsqUPmHEiwS" start="20230104170600 +0000" stop="20230104173500 +0000" catchup-id="Rm9KdQFgdl4864gKudi8VYieCj6NbFW2kxXXeFcs"><title>Mooi en Meedogenloos</title><date></date><icon src="https://m7be2.solocoo.tv/m7be2iphone/mmchan/mpimages/260x145/5ot8oFNQLmwXJl5WYD3CVQ.jpg"></icon><desc></desc><category></category></programme><programme channel="ps7Lvqxl4O_1RkifJVXq6A-jY7jvedsqUPmHEiwS" start="20230104173500 +0000" stop="20230104183000 +0000" catchup-id="nAukukJomPJ5T8xs_1jWZBHt_M0Mj0_ADaVGjZTO"><title>ER : Last Rites</title><date></date><icon src="https://m7be2.solocoo.tv/m7be2iphone/mmchan/mpimages/260x145/UV2ZVc6fBFYFpucD4P7l5Q.jpg"></icon><desc></desc><category></category></programme><programme channel="ps7Lvqxl4O_1RkifJVXq6A-jY7jvedsqUPmHEiwS" start="20230104183000 +0000" stop="20230104192800 +0000" catchup-id="2_v6r2_PNanOyqBNv9zlHZIbN4gIkugz4lfBo9iv"><title>ER : Greene with Envy</title><date></date><icon src="https://m7be2.solocoo.tv/m7be2iphone/mmchan/mpimages/260x145/UV2ZVc6fBFYFpucD4P7l5Q.jpg"></icon><desc></desc><category></category></programme><programme channel="ps7Lvqxl4O_1RkifJVXq6A-jY7jvedsqUPmHEiwS" start="20230104192800 +0000" stop="20230104211300 +0000" catchup-id="gqAsyzmB2gnGCzInBi1PHYbpehTVSPjJikxmsMM9"><title>A Family For the Holidays</title><date></date><icon src="https://m7be2.solocoo.tv/m7be2iphone/mmchan/mpimages/260x145/jm2svoaCqI0YKUutZzrzRA.jpg"></icon><desc></desc><category></category></programme><programme channel="ps7Lvqxl4O_1RkifJVXq6A-jY7jvedsqUPmHEiwS" start="20230104211300 +0000" stop="20230104220800 +0000" catchup-id="MVbWEovSX4dFUyIg3ugXBHiSChnViziiSUiKyCzW"><title>Law &amp; Order: Special Victims Unit : Agent Provocateur</title><date></date><icon src="https://m7be2.solocoo.tv/m7be2iphone/mmchan/mpimages/260x145/coDjbwzxuvEkN_2LuCVlhg.jpg"></icon><desc>Een tienermeisje bezoekt een feestje van een jonge filmster. De avond eindigt dramatisch als ze meer dood dan levend in een steegje wordt aangetroffen. De beveiligingsbeelden van het feest zijn verdwenen, en Benson verdenkt de acteur. Een roddeljournalist heeft de beveiligingsbeelden, maar wil de politie niet helpen.</desc><category></category></programme><programme channel="ps7Lvqxl4O_1RkifJVXq6A-jY7jvedsqUPmHEiwS" start="20230104220800 +0000" stop="20230104230300 +0000" catchup-id="pzVvd4qLoxsqyVHQdDr4F3D4dNFtu0ZLtXG2-pdz"><title>Law &amp; Order: Special Victims Unit : Padre Sandunguera</title><date></date><icon src="https://m7be2.solocoo.tv/m7be2iphone/mmchan/mpimages/260x145/DGsLt7FK8AAtXHRsskfNew.jpg"></icon><desc>Amaro wordt door zijn vader, met wie hij niet meer omgaat, uitgenodigd voor zijn bruiloft met een 28-jarige vrouw. Amaro weigert te gaan, maar raakt toch bij de gebeurtenis betrokken als zijn vader wordt gearresteerd wegens mishandeling. Barba dwingt Amaro te getuigen, waarbij hij geheimen zal moeten prijsgeven die zijn familie kunnen schaden.</desc><category></category></programme><programme channel="ps7Lvqxl4O_1RkifJVXq6A-jY7jvedsqUPmHEiwS" start="20230104230300 +0000" stop="20230105000100 +0000" catchup-id="xPAr6sW-rxYy7MzIZtAtnI7GWQTGR79UV8KProTB"><title>ER : Last Rites</title><date></date><icon src="https://m7be2.solocoo.tv/m7be2iphone/mmchan/mpimages/260x145/UV2ZVc6fBFYFpucD4P7l5Q.jpg"></icon><desc></desc><category></category></programme><programme channel="ps7Lvqxl4O_1RkifJVXq6A-jY7jvedsqUPmHEiwS" start="20230105000100 +0000" stop="20230105010100 +0000" catchup-id="we4m3yVoxJwQTLLRBBhhTbX_VNNd17Na7Y-wvJeY"><title>Teleshop 8: Mediashop : Homeshopping</title><date></date><icon src="https://m7be2.solocoo.tv/m7be2iphone/mmchan/mpimages/260x145/l3fymPeHIRGOQMfW1R45hQ.jpg"></icon><desc>Homeshopping</desc><category></category></programme><programme channel="ps7Lvqxl4O_1RkifJVXq6A-jY7jvedsqUPmHEiwS" start="20230105010100 +0000" stop="20230105013100 +0000" catchup-id="bO4QpxfJ1SQRspZNFfxtFMwAOEHDDGL92j-iFdUu"><title>Teleshop 8: Mediashop : Homeshopping</title><date></date><icon src="https://m7be2.solocoo.tv/m7be2iphone/mmchan/mpimages/260x145/l3fymPeHIRGOQMfW1R45hQ.jpg"></icon><desc>Homeshopping</desc><category></category></programme><programme channel="ps7Lvqxl4O_1RkifJVXq6A-jY7jvedsqUPmHEiwS" start="20230105013100 +0000" stop="20230105054600 +0000" catchup-id="cYk3oCMGp3PJ6TUJWCIsIViBHS1lwUVfEUk6nQox"><title>Homeshopping : Mediashop - RTL 8 ViShap_V07_15</title><date></date><icon src="https://m7be2.solocoo.tv/m7be2iphone/mmchan/mpimages/260x145/23HoQjZUmRU73btJ7ttDDg.jpg"></icon><desc></desc><category></category></programme><programme channel="ps7Lvqxl4O_1RkifJVXq6A-jY7jvedsqUPmHEiwS" start="20230105054600 +0000" stop="20230105153500 +0000" catchup-id="dnTl-JIpxa3DfY6TxDqCj_Aatw0gnvq38rQl6aIQ"><title>Teleshop 8: Mediashop : Homeshopping</title><date></date><icon src="https://m7be2.solocoo.tv/m7be2iphone/mmchan/mpimages/260x145/l3fymPeHIRGOQMfW1R45hQ.jpg"></icon><desc>Homeshopping</desc><category></category></programme><programme channel="ps7Lvqxl4O_1RkifJVXq6A-jY7jvedsqUPmHEiwS" start="20230105153500 +0000" stop="20230105160500 +0000" catchup-id="vV9cqSN4SlR1Epird36LsB94ZxVchUCuHZHwzye2"><title>Goede tijden, slechte tijden</title><date></date><icon src="https://m7be2.solocoo.tv/m7be2iphone/mmchan/mpimages/260x145/gmbiqlD9VcA_htVM8z6klg.jpg"></icon><desc>Linda laat zich niet door Laura ompraten. Ze ziet Mathilde als gevaar, maar hoe komt ze van haar af? Shanti en Rik hebben een liefdevol gesprek over Jasmijn.</desc><category></category></programme><programme channel="ps7Lvqxl4O_1RkifJVXq6A-jY7jvedsqUPmHEiwS" start="20230105160500 +0000" stop="20230105170500 +0000" catchup-id="_jv1mxZ1EId_Ya79nkkVEGThZdk3DxiWQuUyXc_y"><title>Murder, She Wrote : Race to Death</title><date></date><icon src="https://m7be2.solocoo.tv/m7be2iphone/mmchan/mpimages/260x145/DdiTeFHb4tV-OBmdSUehTA.jpg"></icon><desc>Twee dagen voor een grote zeilrace wordt een rijke zeiler vermoord. De dochter van zijn rivaal wordt verdacht van de moord.</desc><category></category></programme><programme channel="ps7Lvqxl4O_1RkifJVXq6A-jY7jvedsqUPmHEiwS" start="20230105170500 +0000" stop="20230105173500 +0000" catchup-id="7S2ROtLMIaiKrQfI7svHdVwKxPMZyVGEZ2kuUvRD"><title>Mooi en Meedogenloos</title><date></date><icon src="https://m7be2.solocoo.tv/m7be2iphone/mmchan/mpimages/260x145/5ot8oFNQLmwXJl5WYD3CVQ.jpg"></icon><desc></desc><category></category></programme><programme channel="ps7Lvqxl4O_1RkifJVXq6A-jY7jvedsqUPmHEiwS" start="20230105173500 +0000" stop="20230105183400 +0000" catchup-id="cUfO1_k1lRxdFLbDnQoqPAyhdxZ5-NXQV8Ow4Xj_"><title>ER : Sins of the Fathers</title><date></date><icon src="https://m7be2.solocoo.tv/m7be2iphone/mmchan/mpimages/260x145/UV2ZVc6fBFYFpucD4P7l5Q.jpg"></icon><desc></desc><category></category></programme><programme channel="ps7Lvqxl4O_1RkifJVXq6A-jY7jvedsqUPmHEiwS" start="20230105183400 +0000" stop="20230105192800 +0000" catchup-id="PE37SIVqI7rdMNfkihZS0YHlnQZHKTcOi7k_bgGl"><title>ER : Truth &amp; Consequences</title><date></date><icon src="https://m7be2.solocoo.tv/m7be2iphone/mmchan/mpimages/260x145/dw-M5ohjHG_YSNamFpxn2g.jpg"></icon><desc></desc><category></category></programme><programme channel="ps7Lvqxl4O_1RkifJVXq6A-jY7jvedsqUPmHEiwS" start="20230105192800 +0000" stop="20230105213000 +0000" catchup-id="y6LwnSrd-aPBf4Gq40xh6Qh-6pzekI4Q0jkUwd0D"><title>Lewis : Old Unhappy Far Off Things</title><date></date><icon src="https://m7be2.solocoo.tv/m7be2iphone/mmchan/mpimages/260x145/GDRFizFODDQwfnWMDhRRtQ.jpg"></icon><desc></desc><category></category></programme><programme channel="ps7Lvqxl4O_1RkifJVXq6A-jY7jvedsqUPmHEiwS" start="20230105213000 +0000" stop="20230105222700 +0000" catchup-id="uBt7Gm6x-XzLMOYS_qvpUbAiTvhrqOHZHrd7ZCh3"><title>Law &amp; Order: Special Victims Unit : Decaying Morality</title><date></date><icon src="https://m7be2.solocoo.tv/m7be2iphone/mmchan/mpimages/260x145/tnIkOCmXtgW8m0ABLMqIhQ.jpg"></icon><desc>Benson en Rollins vinden op straat een huilend tienermeisje. Jenna Davis zegt dat ze op de wc van een pizzeria is verkracht door Jerome Jones. Er loopt al een rechtszaak tegen hem, maar de SVU heeft te weinig bewijs om hem op te pakken. Jenna's vader besluit het recht in eigen hand te nemen.</desc><category></category></programme><programme channel="ps7Lvqxl4O_1RkifJVXq6A-jY7jvedsqUPmHEiwS" start="20230105222700 +0000" stop="20230105232300 +0000" catchup-id="aa5D9scokBc-IEQ0qJyVgLpdvpx7LR6xdhq_WT7e"><title>Law &amp; Order: Special Victims Unit : Intimidation Game</title><date></date><icon src="https://m7be2.solocoo.tv/m7be2iphone/mmchan/mpimages/260x145/DGsLt7FK8AAtXHRsskfNew.jpg"></icon><desc>Raina Punjabi, een vrouwelijke gameontwikkelaar, wordt vlak voor de release van haar eerste spel geïntimideerd en met de dood bedreigd. Op een conferentie wordt een van haar medewerkers mishandeld. De politie moet hard aan de slag om Raina te beschermen.</desc><category></category></programme><programme channel="ps7Lvqxl4O_1RkifJVXq6A-jY7jvedsqUPmHEiwS" start="20230105232300 +0000" stop="20230106002200 +0000" catchup-id="gNaCWrAZgBdY8Xk0J73Usm01WlbrfJok9w9k9Ssr"><title>ER : Sins of the Fathers</title><date></date><icon src="https://m7be2.solocoo.tv/m7be2iphone/mmchan/mpimages/260x145/UV2ZVc6fBFYFpucD4P7l5Q.jpg"></icon><desc></desc><category></category></programme><programme channel="ps7Lvqxl4O_1RkifJVXq6A-jY7jvedsqUPmHEiwS" start="20230106002200 +0000" stop="20230106010100 +0000" catchup-id="T839JoK4cIPhzjCEJg1KkC2fBkoGUnXqIJ6hxn2h"><title>Teleshop 8: Mediashop : Homeshopping</title><date></date><icon src="https://m7be2.solocoo.tv/m7be2iphone/mmchan/mpimages/260x145/l3fymPeHIRGOQMfW1R45hQ.jpg"></icon><desc>Homeshopping</desc><category></category></programme><programme channel="ps7Lvqxl4O_1RkifJVXq6A-jY7jvedsqUPmHEiwS" start="20230106010100 +0000" stop="20230106053000 +0000" catchup-id="KaaYgCcC1MpA2pzO7eKym1KcLsO3ukhvw1XKw-2L"><title>Teleshop 8: Mediashop : Homeshopping</title><date></date><icon src="https://m7be2.solocoo.tv/m7be2iphone/mmchan/mpimages/260x145/l3fymPeHIRGOQMfW1R45hQ.jpg"></icon><desc>Homeshopping</desc><category></category></programme><programme channel="ps7Lvqxl4O_1RkifJVXq6A-jY7jvedsqUPmHEiwS" start="20230106053000 +0000" stop="20230106153500 +0000" catchup-id="Zx8-2o4BntdSOiPObxt_eVBdMq6tfNRPQCWUbSkM"><title>Teleshop 8: Mediashop : Homeshopping</title><date></date><icon src="https://m7be2.solocoo.tv/m7be2iphone/mmchan/mpimages/260x145/l3fymPeHIRGOQMfW1R45hQ.jpg"></icon><desc>Homeshopping</desc><category></category></programme><programme channel="ps7Lvqxl4O_1RkifJVXq6A-jY7jvedsqUPmHEiwS" start="20230106153500 +0000" stop="20230106160500 +0000" catchup-id="b4HXWX0qQxlS25VnbBEIV_wZVWOIvFBz8q2dOZtk"><title>Goede tijden, slechte tijden</title><date></date><icon src="https://m7be2.solocoo.tv/m7be2iphone/mmchan/mpimages/260x145/gmbiqlD9VcA_htVM8z6klg.jpg"></icon><desc>Merel komt tussen Marwan en Walid in te staan. Nola moet leuke dingen doen van Luuk, waaronder natuurlijk paardrijden! Als dit niet helemaal goed gaat, schiet Ludo te hulp.</desc><category></category></programme><programme channel="ps7Lvqxl4O_1RkifJVXq6A-jY7jvedsqUPmHEiwS" start="20230106160500 +0000" stop="20230106170500 +0000" catchup-id="dahesvYKG6KNfgU259yFCOV8DxZHfVZqLRecyZ6U"><title>Murder, She Wrote : What You Don't Know Can Kill You</title><date></date><icon src="https://m7be2.solocoo.tv/m7be2iphone/mmchan/mpimages/260x145/6arhjh6sK0V0HlHLEAQu9Q.jpg"></icon><desc></desc><category></category></programme><programme channel="ps7Lvqxl4O_1RkifJVXq6A-jY7jvedsqUPmHEiwS" start="20230106170500 +0000" stop="20230106173000 +0000" catchup-id="urS60mH3wJXC5ViMmlC4mBHMxVXTtrcYjnDc-k2n"><title>Mooi en Meedogenloos</title><date></date><icon src="https://m7be2.solocoo.tv/m7be2iphone/mmchan/mpimages/260x145/5ot8oFNQLmwXJl5WYD3CVQ.jpg"></icon><desc></desc><category></category></programme><programme channel="ps7Lvqxl4O_1RkifJVXq6A-jY7jvedsqUPmHEiwS" start="20230106173000 +0000" stop="20230106183000 +0000" catchup-id="vUN7HPcttZVhz7Ooyz2DVa-N9NN9geR3hAZESDMG"><title>ER : The Peace of Wild Things</title><date></date><icon src="https://m7be2.solocoo.tv/m7be2iphone/mmchan/mpimages/260x145/UV2ZVc6fBFYFpucD4P7l5Q.jpg"></icon><desc></desc><category></category></programme><programme channel="ps7Lvqxl4O_1RkifJVXq6A-jY7jvedsqUPmHEiwS" start="20230106183000 +0000" stop="20230106192500 +0000" catchup-id="WjZwg_9wkt0BQ64nrsekwDs7fY1ooJea0J_sUb1s"><title>ER : Humpty Dumpty</title><date></date><icon src="https://m7be2.solocoo.tv/m7be2iphone/mmchan/mpimages/260x145/dw-M5ohjHG_YSNamFpxn2g.jpg"></icon><desc></desc><category></category></programme><programme channel="ps7Lvqxl4O_1RkifJVXq6A-jY7jvedsqUPmHEiwS" start="20230106192500 +0000" stop="20230106213000 +0000" catchup-id="gMIbO__bsJK2SIcePxjBGv87w0opqGMQHNRMHVL0"><title>Dalziel and Pascoe : A Killing Kindness</title><date></date><icon src="https://m7be2.solocoo.tv/m7be2iphone/mmchan/mpimages/260x145/judsshMZs8DF3Z5dIFw21g.jpg"></icon><desc></desc><category></category></programme><programme channel="ps7Lvqxl4O_1RkifJVXq6A-jY7jvedsqUPmHEiwS" start="20230106213000 +0000" stop="20230106223000 +0000" catchup-id="zpYzVBx4BoI_i3UlIh7vNR_Eu41-at4ss0JXrucQ"><title>Law &amp; Order: Special Victims Unit : Undercover Mother</title><date></date><icon src="https://m7be2.solocoo.tv/m7be2iphone/mmchan/mpimages/260x145/AlS0RSIq0_L-Xga-ZtFXcA.jpg"></icon><desc>Rechercheur Carisi werkt undercover als ze Martha ontmoet. Martha heeft zich ontpopt tot hoerenmadam in de hoop haar verdwenen dochter terug te vinden. Ondertussen wordt Benson geconfronteerd met een brute onthulling die haar leven zal veranderen.</desc><category></category></programme><programme channel="ps7Lvqxl4O_1RkifJVXq6A-jY7jvedsqUPmHEiwS" start="20230106223000 +0000" stop="20230106232500 +0000" catchup-id="hVsYurf64cfknqr6REAalO7XlgG50K_LoDJBRBoh"><title>Law &amp; Order: Special Victims Unit : December Solstice</title><date></date><icon src="https://m7be2.solocoo.tv/m7be2iphone/mmchan/mpimages/260x145/mhQn0_OujTCekoioOLPHkg.jpg"></icon><desc>Schrijver Walter Briggs zit middenin een ruzie tussen zijn zesde vrouw en zijn dochters uit eerdere huwelijken. De vrouwen vechten om zijn welzijn én zijn nalatenschap. Ondertussen heeft ook Barba problemen in de familiesfeer als hij zijn oma's wensen niet respecteert.</desc><category></category></programme><programme channel="ps7Lvqxl4O_1RkifJVXq6A-jY7jvedsqUPmHEiwS" start="20230106232500 +0000" stop="20230107002500 +0000" catchup-id="LMdsK4FERIqjRiT8VbHUWVYdeex-dgIT32T3c1em"><title>ER : The Peace of Wild Things</title><date></date><icon src="https://m7be2.solocoo.tv/m7be2iphone/mmchan/mpimages/260x145/UV2ZVc6fBFYFpucD4P7l5Q.jpg"></icon><desc></desc><category></category></programme><programme channel="ps7Lvqxl4O_1RkifJVXq6A-jY7jvedsqUPmHEiwS" start="20230107002500 +0000" stop="20230107010100 +0000" catchup-id="2gUQ1T7FZoJgofDAwyZHFUMLJ4cNe05sVx7zntPO"><title>Teleshop 8: Mediashop : Homeshopping</title><date></date><icon src="https://m7be2.solocoo.tv/m7be2iphone/mmchan/mpimages/260x145/l3fymPeHIRGOQMfW1R45hQ.jpg"></icon><desc>Homeshopping</desc><category></category></programme><programme channel="ps7Lvqxl4O_1RkifJVXq6A-jY7jvedsqUPmHEiwS" start="20230107010100 +0000" stop="20230107053000 +0000" catchup-id="BVQso05zdDtcN-V3NEhNBGbHYnU0neEa4Xk5I6ib"><title>Teleshop 8: Mediashop : Homeshopping</title><date></date><icon src="https://m7be2.solocoo.tv/m7be2iphone/mmchan/mpimages/260x145/l3fymPeHIRGOQMfW1R45hQ.jpg"></icon><desc>Homeshopping</desc><category></category></programme><programme channel="ps7Lvqxl4O_1RkifJVXq6A-jY7jvedsqUPmHEiwS" start="20230107053000 +0000" stop="20230107160000 +0000" catchup-id="9VzsF8ZrYNJ9lyIj4m-_7HrSCV7yMHi3N-Sy8J92"><title>Teleshop 8: Mediashop : Homeshopping</title><date></date><icon src="https://m7be2.solocoo.tv/m7be2iphone/mmchan/mpimages/260x145/l3fymPeHIRGOQMfW1R45hQ.jpg"></icon><desc>Homeshopping</desc><category></category></programme><programme channel="ps7Lvqxl4O_1RkifJVXq6A-jY7jvedsqUPmHEiwS" start="20230107160000 +0000" stop="20230107170000 +0000" catchup-id="UlMTbCGS_OqlexjNbTGOHE5mZ-VJmeaPi05qIgqi"><title>Murder, She Wrote : Mrs. Parker's Revenge</title><date></date><icon src="https://m7be2.solocoo.tv/m7be2iphone/mmchan/mpimages/260x145/71mZpGESBgFPGUiMgpKgCA.jpg"></icon><desc>Tegen wil en dank raakt Jessica verwikkeld in een web van malafide praktijken. Ze komt erachter dat een organisatie van plan is een virus te stelen en te gebruiken als biologisch wapen.</desc><category></category></programme><programme channel="ps7Lvqxl4O_1RkifJVXq6A-jY7jvedsqUPmHEiwS" start="20230107170000 +0000" stop="20230107180000 +0000" catchup-id="GHeqV_GE8szPJ_VN-HBuQVuKJfD7xiHLDyr93ufg"><title>Kopen Zonder Kijken België</title><date></date><icon src="https://m7be2.solocoo.tv/m7be2iphone/mmchan/mpimages/260x145/yp0yVzSt1qB9n69sit4JzA.jpg"></icon><desc>Woonprogramma waarin woningzoekenden de zoektocht naar een nieuwe koopwoning volledig uit handen geven.</desc><category></category></programme><programme channel="ps7Lvqxl4O_1RkifJVXq6A-jY7jvedsqUPmHEiwS" start="20230107180000 +0000" stop="20230107190000 +0000" catchup-id="umr72jkv-o9GAMcvH4PoFhsDf4a6oHHKPql5IhzK"><title>Kopen Zonder Kijken België</title><date></date><icon src="https://m7be2.solocoo.tv/m7be2iphone/mmchan/mpimages/260x145/yp0yVzSt1qB9n69sit4JzA.jpg"></icon><desc>Woonprogramma waarin woningzoekenden de zoektocht naar een nieuwe koopwoning volledig uit handen geven.</desc><category></category></programme><programme channel="ps7Lvqxl4O_1RkifJVXq6A-jY7jvedsqUPmHEiwS" start="20230107190000 +0000" stop="20230107195500 +0000" catchup-id="nCsJYm6woreHnum0vhJUI9DeOQtQiF6xKg2z2t9w"><title>CSI: New York : Uncertainty Rules</title><date></date><icon src="https://m7be2.solocoo.tv/m7be2iphone/mmchan/mpimages/260x145/1Xl2tjwPFOX6fZKZnjavfw.jpg"></icon><desc>Na een wilde nacht worden er vier dode lichamen gevonden en loopt een vijfde persoon zwalkend door de straten te zwaaien met een bijl. Aan het team de taak te achterhalen wat er die nacht is gebeurd.</desc><category></category></programme><programme channel="ps7Lvqxl4O_1RkifJVXq6A-jY7jvedsqUPmHEiwS" start="20230107195500 +0000" stop="20230107205000 +0000" catchup-id="bAKOO_lhGclK138qcd6nEHjSNsoYVsgKh_n97mVU"><title>CSI: New York : Pot of Gold</title><date></date><icon src="https://m7be2.solocoo.tv/m7be2iphone/mmchan/mpimages/260x145/O57rlnRttqwT7nW1uY99rA.jpg"></icon><desc>Het team ontdekt dat een dubbele moord te maken heeft met een bedrijf dat goud maakt en fraude heeft gepleegd.</desc><category></category></programme><programme channel="ps7Lvqxl4O_1RkifJVXq6A-jY7jvedsqUPmHEiwS" start="20230107205000 +0000" stop="20230107214500 +0000" catchup-id="W405gFpCPrayhlruXwncqOYsEHYmBAzMXhH3I_WY"><title>CSI: New York : Rest in Peace, Marina Garito</title><date></date><icon src="https://m7be2.solocoo.tv/m7be2iphone/mmchan/mpimages/260x145/nm1L86JbQsTscJJV-dVzYQ.jpg"></icon><desc></desc><category></category></programme><programme channel="ps7Lvqxl4O_1RkifJVXq6A-jY7jvedsqUPmHEiwS" start="20230107214500 +0000" stop="20230107224000 +0000" catchup-id="zgb7i3Igp1JtsptoHmqErmJ7aMo4Pkb_YMXIwSiu"><title>CSI: New York : Redemption</title><date></date><icon src="https://m7be2.solocoo.tv/m7be2iphone/mmchan/mpimages/260x145/PjKR6RYo1WkIPiiWpwK-cg.jpg"></icon><desc>Hawkes is in de gevangenis voor een executiezaak. Voor hij het weet, ontstaan er rellen en is er een gijzeling. Het team wil hem er zo snel mogelijk vandaan halen, voordat de gevangenen ontdekken dat hij een agent is. Maar Hawkes heeft inmiddels zelf al een plan bedacht.</desc><category></category></programme><programme channel="ps7Lvqxl4O_1RkifJVXq6A-jY7jvedsqUPmHEiwS" start="20230107224000 +0000" stop="20230107233500 +0000" catchup-id="D0npF8PUbJ3EDtTNta2w0XHclnFRX-01YWPgqIMl"><title>CSI: New York : Tales From the Undercard</title><date></date><icon src="https://m7be2.solocoo.tv/m7be2iphone/mmchan/mpimages/260x145/0yzE2r5OEkNE5n_fzkxmBQ.jpg"></icon><desc></desc><category></category></programme><programme channel="ps7Lvqxl4O_1RkifJVXq6A-jY7jvedsqUPmHEiwS" start="20230107233500 +0000" stop="20230108010100 +0000" catchup-id="l_3mGP4ahts3AUgZjdXdZORq4wFLDUv2tYP_JGpH"><title>Teleshop 8: Mediashop : Homeshopping</title><date></date><icon src="https://m7be2.solocoo.tv/m7be2iphone/mmchan/mpimages/260x145/l3fymPeHIRGOQMfW1R45hQ.jpg"></icon><desc>Homeshopping</desc><category></category></programme><programme channel="ps7Lvqxl4O_1RkifJVXq6A-jY7jvedsqUPmHEiwS" start="20230108010100 +0000" stop="20230108053000 +0000" catchup-id="c5dhSVB5z0QHiCv_Tuv4-c717j-LOiCF-ZFqECOY"><title>Teleshop 8: Mediashop : Homeshopping</title><date></date><icon src="https://m7be2.solocoo.tv/m7be2iphone/mmchan/mpimages/260x145/l3fymPeHIRGOQMfW1R45hQ.jpg"></icon><desc>Homeshopping</desc><category></category></programme><programme channel="ps7Lvqxl4O_1RkifJVXq6A-jY7jvedsqUPmHEiwS" start="20230108053000 +0000" stop="20230108160000 +0000" catchup-id="NqgoF3Ghg90cOFPZDraNC-fZ5LBKr3-NzAni7RlM"><title>Teleshop 8: Mediashop : Homeshopping</title><date></date><icon src="https://m7be2.solocoo.tv/m7be2iphone/mmchan/mpimages/260x145/l3fymPeHIRGOQMfW1R45hQ.jpg"></icon><desc>Homeshopping</desc><category></category></programme><programme channel="ps7Lvqxl4O_1RkifJVXq6A-jY7jvedsqUPmHEiwS" start="20230108160000 +0000" stop="20230108170000 +0000" catchup-id="3Z4SE3nSLAdJbpFt9dJqGn-tVKut0WK-kvyml4D4"><title>Murder, She Wrote : Death By Demographics</title><date></date><icon src="https://m7be2.solocoo.tv/m7be2iphone/mmchan/mpimages/260x145/ssIJBOYntzsMP-UWaNOw4w.jpg"></icon><desc>De manager van een radiostation verandert het format van klassieke muziek naar hardrock. Dit wordt hem niet in dank afgenomen, want hij wordt vermoord.</desc><category></category></programme><programme channel="ps7Lvqxl4O_1RkifJVXq6A-jY7jvedsqUPmHEiwS" start="20230108170000 +0000" stop="20230108180000 +0000" catchup-id="zukhOa80ebXdNTav5-y5zRO2aIhgUGioPFjI8c6D"><title>Verkopen of Verbouwen Vancouver</title><date></date><icon src="https://m7be2.solocoo.tv/m7be2iphone/mmchan/mpimages/260x145/DjfWKcuxE7zAdB-yZjkMCw.jpg"></icon><desc></desc><category></category></programme><programme channel="ps7Lvqxl4O_1RkifJVXq6A-jY7jvedsqUPmHEiwS" start="20230108180000 +0000" stop="20230108190000 +0000" catchup-id="1nznIj14eF8STkilr5XdXDhyS_-ozdrIopZIdclk"><title>Verkopen of Verbouwen Vancouver</title><date></date><icon src="https://m7be2.solocoo.tv/m7be2iphone/mmchan/mpimages/260x145/DjfWKcuxE7zAdB-yZjkMCw.jpg"></icon><desc></desc><category></category></programme><programme channel="ps7Lvqxl4O_1RkifJVXq6A-jY7jvedsqUPmHEiwS" start="20230108190000 +0000" stop="20230108195500 +0000" catchup-id="vkTuTzKLoG7HGxr5cACBkj3rzuF0PtUqjcK-lRUu"><title>CSI: Crime Scene Investigation : Fallen Angels</title><date></date><icon src="https://m7be2.solocoo.tv/m7be2iphone/mmchan/mpimages/260x145/gPfuVxpB5bF1aNeROcCEzA.jpg"></icon><desc>Een geestelijke is naast het graf van Warrick Brown doodgeschoten. Er komen oude herinneringen naar boven, terwijl het team op zoek gaat naar de moordenaar.</desc><category></category></programme><programme channel="ps7Lvqxl4O_1RkifJVXq6A-jY7jvedsqUPmHEiwS" start="20230108195500 +0000" stop="20230108205000 +0000" catchup-id="xMe9R9Jb3gGnQXZ4g_ULDt6nLrR8TO-LFGm3LxTw"><title>CSI: Crime Scene Investigation : CSI on Fire</title><date></date><icon src="https://m7be2.solocoo.tv/m7be2iphone/mmchan/mpimages/260x145/gPfuVxpB5bF1aNeROcCEzA.jpg"></icon><desc>Vijf lichamen worden in de woestijn gevonden op een plek waar, naar het lijkt, een meteoor is ingeslagen. Finlay constateert dat een van de slachtoffers een bekende van haar is.</desc><category></category></programme><programme channel="ps7Lvqxl4O_1RkifJVXq6A-jY7jvedsqUPmHEiwS" start="20230108205000 +0000" stop="20230108214500 +0000" catchup-id="jq2Lr0PmS6wE7klK1DTcE5BlnzpqxerPlb8EzU7j"><title>CSI: Crime Scene Investigation : Strip Maul</title><date></date><icon src="https://m7be2.solocoo.tv/m7be2iphone/mmchan/mpimages/260x145/gPfuVxpB5bF1aNeROcCEzA.jpg"></icon><desc>Het CSI-team ondersteunt een lokaal team bij een aantal arrestaties. Dan wordt er een onbekende, dode man in een auto aangetroffen. Brass heeft het moeilijk als hij iets over zijn dochter ontdekt.</desc><category></category></programme><programme channel="ps7Lvqxl4O_1RkifJVXq6A-jY7jvedsqUPmHEiwS" start="20230108214500 +0000" stop="20230108224000 +0000" catchup-id="KYQ3qRFut0Sqd1jiOKTCUYAM-ytS9f_KyV23dQKM"><title>CSI: Crime Scene Investigation : Risky Business Class</title><date></date><icon src="https://m7be2.solocoo.tv/m7be2iphone/mmchan/mpimages/260x145/qt0O0OyJ_r94z3Xd9nTsog.jpg"></icon><desc>Vijf mensen komen om het leven bij een vliegtuigcrash in de buurt van Las Vegas. Het CSI-team krijgt de opdracht om deze zaak te onderzoeken. Sara heeft het moeilijk met haar langeafstandsrelatie met Grissom.</desc><category></category></programme><programme channel="ps7Lvqxl4O_1RkifJVXq6A-jY7jvedsqUPmHEiwS" start="20230108224000 +0000" stop="20230108233500 +0000" catchup-id="ZV6nUOct5XkKWLk-1w-Wdj4MlV6RIrCGDflNesoE"><title>CSI: Crime Scene Investigation : Dead Air</title><date></date><icon src="https://m7be2.solocoo.tv/m7be2iphone/mmchan/mpimages/260x145/Skvq6f3u6PPbChni4qbMkg.jpg"></icon><desc>Het CSI-team onderzoekt de dood van een prominente nieuwslezeres. Ze is neergestoken op het moment dat er een korte black-out was tijdens een live-uitzending. Ze was niet bepaald populair en daarom is er aan verdachten geen gebrek.</desc><category></category></programme><programme channel="ps7Lvqxl4O_1RkifJVXq6A-jY7jvedsqUPmHEiwS" start="20230108233500 +0000" stop="20230109010100 +0000" catchup-id="lDrK89qNqQgIgPReY2qktMfMS4tpoDQlVAQgzc2x"><title>Teleshop 8: Mediashop : Homeshopping</title><date></date><icon src="https://m7be2.solocoo.tv/m7be2iphone/mmchan/mpimages/260x145/l3fymPeHIRGOQMfW1R45hQ.jpg"></icon><desc>Homeshopping</desc><category></category></programme><programme channel="ps7Lvqxl4O_1RkifJVXq6A-jY7jvedsqUPmHEiwS" start="20230109010100 +0000" stop="20230109053000 +0000" catchup-id="NiVsdR6hGYWRpb1AqHIY_PWyvCf-ywo0ALq-5EH7"><title>Teleshop 8: Mediashop : Homeshopping</title><date></date><icon src="https://m7be2.solocoo.tv/m7be2iphone/mmchan/mpimages/260x145/l3fymPeHIRGOQMfW1R45hQ.jpg"></icon><desc>Homeshopping</desc><category></category></programme><programme channel="ps7Lvqxl4O_1RkifJVXq6A-jY7jvedsqUPmHEiwS" start="20230109053000 +0000" stop="20230109160500 +0000" catchup-id="9IMjvvrPXlrfmS-O7JmcLIaVw7si6Wlgd318RlR1"><title>Teleshop 8: Mediashop : Homeshopping</title><date></date><icon src="https://m7be2.solocoo.tv/m7be2iphone/mmchan/mpimages/260x145/l3fymPeHIRGOQMfW1R45hQ.jpg"></icon><desc>Homeshopping</desc><category></category></programme><programme channel="ps7Lvqxl4O_1RkifJVXq6A-jY7jvedsqUPmHEiwS" start="20230109160500 +0000" stop="20230109170500 +0000" catchup-id="DiXltwm6BV1b8DVt5JXmaTJiRuKq4TsyYptBHnHL"><title>Murder, She Wrote : The Murder of Sherlock Holmes</title><date></date><icon src="https://m7be2.solocoo.tv/m7be2iphone/mmchan/mpimages/260x145/HdDkrur0_FhC8r101IazPQ.jpg"></icon><desc>Jessica Fletcher brengt haar eerste boek uit. Het komt al snel hoog op de bestsellerslijst te staan. Als Jessica naar een gekostumeerd feest gaat, wordt een gast die verkleed is als superspeurneus Sherlock Holmes vermoord.</desc><category></category></programme><programme channel="ps7Lvqxl4O_1RkifJVXq6A-jY7jvedsqUPmHEiwS" start="20230109170500 +0000" stop="20230109173000 +0000" catchup-id="mi1fbbl49IZlq9MblYE2VSwXbRst815IuJ7xIDLG"><title>Mooi en Meedogenloos</title><date></date><icon src="https://m7be2.solocoo.tv/m7be2iphone/mmchan/mpimages/260x145/5ot8oFNQLmwXJl5WYD3CVQ.jpg"></icon><desc></desc><category></category></programme><programme channel="ps7Lvqxl4O_1RkifJVXq6A-jY7jvedsqUPmHEiwS" start="20230109173000 +0000" stop="20230109183000 +0000" catchup-id="46J9FFcWevBgINw2slBxQcVsxkjn_gYMKl8-QTIk"><title>ER : Great Expectations</title><date></date><icon src="https://m7be2.solocoo.tv/m7be2iphone/mmchan/mpimages/260x145/dw-M5ohjHG_YSNamFpxn2g.jpg"></icon><desc></desc><category></category></programme><programme channel="ps7Lvqxl4O_1RkifJVXq6A-jY7jvedsqUPmHEiwS" start="20230109183000 +0000" stop="20230109192500 +0000" catchup-id="IGUWOH_wsGrDgPxYrTA3i_b7GjTiXJR4mRMXZF6K"><title>ER : How the Finch stole Christmas</title><date></date><icon src="https://m7be2.solocoo.tv/m7be2iphone/mmchan/mpimages/260x145/dw-M5ohjHG_YSNamFpxn2g.jpg"></icon><desc></desc><category></category></programme><programme channel="ps7Lvqxl4O_1RkifJVXq6A-jY7jvedsqUPmHEiwS" start="20230109192500 +0000" stop="20230109211000 +0000" catchup-id="xLoSinwIJr_38g5pnJrMVHzr4zmV-r4WTe2pLekU"><title>Winter Castle 2 - Eine winterliche Liebe</title><date></date><icon src="https://m7be2.solocoo.tv/m7be2iphone/mmchan/mpimages/260x145/3t3Ox688VHPuG0StSynIeA.jpg"></icon><desc></desc><category></category></programme><programme channel="ps7Lvqxl4O_1RkifJVXq6A-jY7jvedsqUPmHEiwS" start="20230109211000 +0000" stop="20230109221000 +0000" catchup-id="F0OWivyCav-zMtfvglG_HOE6aevwqh-sCQCW5pFj"><title>Law &amp; Order: Special Victims Unit : Parole Violations</title><date></date><icon src="https://m7be2.solocoo.tv/m7be2iphone/mmchan/mpimages/260x145/m3StKCf5EcrLwqm4qXsWng.jpg"></icon><desc>Carisi's zus bereidt zich voor op haar bruiloft en de geboorte van haar kind. Haar verloofde, Tommy, valt terug in zijn oude slechte gewoontes en beschuldigt zijn reclasseringsambtenaar van verkrachting. Carisi moet uitzoeken of die aanklacht terecht is, of slechts een van Tommy's vele leugens.</desc><category></category></programme><programme channel="ps7Lvqxl4O_1RkifJVXq6A-jY7jvedsqUPmHEiwS" start="20230109221000 +0000" stop="20230109230500 +0000" catchup-id="lVZfziGGHtG9yNWofoePpPcWTBWO9_VsmxHMSQRZ"><title>Law &amp; Order: Special Victims Unit : Devastating Story</title><date></date><icon src="https://m7be2.solocoo.tv/m7be2iphone/mmchan/mpimages/260x145/gww42IeyWWAb2B8SxhgMvQ.jpg"></icon><desc>Een bekende tv-presentator interviewt een studente. Zij beweert slachtoffer te zijn van een groepsverkrachting in het huis van een studentenvereniging. Haar verhaal krijgt veel aandacht, maar ondertussen hebben Benson en Barba het moeilijk om voldoende bewijsmateriaal tegen de verdachten te verzamelen.</desc><category></category></programme><programme channel="ps7Lvqxl4O_1RkifJVXq6A-jY7jvedsqUPmHEiwS" start="20230109230500 +0000" stop="20230110000500 +0000" catchup-id="ouT5-ylXQcWQ_DF_f5EeA1kRPykmNjOVDIDl2-Ui"><title>ER : Great Expectations</title><date></date><icon src="https://m7be2.solocoo.tv/m7be2iphone/mmchan/mpimages/260x145/dw-M5ohjHG_YSNamFpxn2g.jpg"></icon><desc></desc><category></category></programme><programme channel="ps7Lvqxl4O_1RkifJVXq6A-jY7jvedsqUPmHEiwS" start="20230110000500 +0000" stop="20230110010100 +0000" catchup-id="HeB3Q8gVSCuiYk71pd2UJij_V2Pb3E1Qw3sAzNpx"><title>Teleshop 8: Mediashop : Homeshopping</title><date></date><icon src="https://m7be2.solocoo.tv/m7be2iphone/mmchan/mpimages/260x145/l3fymPeHIRGOQMfW1R45hQ.jpg"></icon><desc>Homeshopping</desc><category></category></programme><programme channel="ps7Lvqxl4O_1RkifJVXq6A-jY7jvedsqUPmHEiwS" start="20230110010100 +0000" stop="20230110053000 +0000" catchup-id="kwhV-EMShG84x-B1v-uv06qj5AY0vndLSP4mMMi_"><title>Teleshop 8: Mediashop : Homeshopping</title><date></date><icon src="https://m7be2.solocoo.tv/m7be2iphone/mmchan/mpimages/260x145/l3fymPeHIRGOQMfW1R45hQ.jpg"></icon><desc>Homeshopping</desc><category></category></programme><programme channel="ps7Lvqxl4O_1RkifJVXq6A-jY7jvedsqUPmHEiwS" start="20230110053000 +0000" stop="20230110153500 +0000" catchup-id="O711z6HAk8olQJBwJeo2gu9EMnPSexJpD8HhbwoF"><title>Teleshop 8: Mediashop : Homeshopping</title><date></date><icon src="https://m7be2.solocoo.tv/m7be2iphone/mmchan/mpimages/260x145/l3fymPeHIRGOQMfW1R45hQ.jpg"></icon><desc>Homeshopping</desc><category></category></programme><programme channel="ps7Lvqxl4O_1RkifJVXq6A-jY7jvedsqUPmHEiwS" start="20230110153500 +0000" stop="20230110160500 +0000" catchup-id="PWk3wA4PrHghm_x4Drr-7eFui0fiDOi2MgJOvYt2"><title>Goede tijden, slechte tijden</title><date></date><icon src="https://m7be2.solocoo.tv/m7be2iphone/mmchan/mpimages/260x145/gmbiqlD9VcA_htVM8z6klg.jpg"></icon><desc>Marwan krijgt een verwijt, maar blijft bij zijn besluit om te kappen met de Buurtsuper. Bing wil Nina dwingen tot een plan van aanpak wat betreft de angst van Nola.</desc><category></category></programme><programme channel="ps7Lvqxl4O_1RkifJVXq6A-jY7jvedsqUPmHEiwS" start="20230110160500 +0000" stop="20230110170500 +0000" catchup-id="7KITDUGnll-qBmyZdbgoo8fF46fg6GKmLTs4_6s7"><title>Murder, She Wrote : The Murder of Sherlock Holmes</title><date></date><icon src="https://m7be2.solocoo.tv/m7be2iphone/mmchan/mpimages/260x145/HdDkrur0_FhC8r101IazPQ.jpg"></icon><desc>Jessica Fletcher brengt haar eerste boek uit. Het komt al snel hoog op de bestsellerslijst te staan. Als Jessica naar een gekostumeerd feest gaat, wordt een gast die verkleed is als superspeurneus Sherlock Holmes vermoord.</desc><category></category></programme><programme channel="ps7Lvqxl4O_1RkifJVXq6A-jY7jvedsqUPmHEiwS" start="20230110170500 +0000" stop="20230110173000 +0000" catchup-id="Ao3PC5kuhIPNcGSW8Gh_dasyD7_M_sEfSgjS5QXw"><title>Mooi en Meedogenloos</title><date></date><icon src="https://m7be2.solocoo.tv/m7be2iphone/mmchan/mpimages/260x145/5ot8oFNQLmwXJl5WYD3CVQ.jpg"></icon><desc></desc><category></category></programme><programme channel="ps7Lvqxl4O_1RkifJVXq6A-jY7jvedsqUPmHEiwS" start="20230110173000 +0000" stop="20230110183000 +0000" catchup-id="e7e2u_cK-LeldjOYCD_lbUQPpx0vnPoxTpL0xfzz"><title>ER : Family matters</title><date></date><icon src="https://m7be2.solocoo.tv/m7be2iphone/mmchan/mpimages/260x145/dw-M5ohjHG_YSNamFpxn2g.jpg"></icon><desc></desc><category></category></programme><programme channel="ps7Lvqxl4O_1RkifJVXq6A-jY7jvedsqUPmHEiwS" start="20230110183000 +0000" stop="20230110192500 +0000" catchup-id="4VAO2faVe6sjL9rlFvHGg8oOohzUmqT5VLAruxgn"><title>ER : The domino heart</title><date></date><icon src="https://m7be2.solocoo.tv/m7be2iphone/mmchan/mpimages/260x145/dw-M5ohjHG_YSNamFpxn2g.jpg"></icon><desc></desc><category></category></programme><programme channel="ps7Lvqxl4O_1RkifJVXq6A-jY7jvedsqUPmHEiwS" start="20230110192500 +0000" stop="20230110211000 +0000" catchup-id="o6bxILBfBo5wDu2qpVOxIIyhwoC2_dd27tqhUcpU"><title>Love on Iceland</title><date></date><icon src="https://m7be2.solocoo.tv/m7be2iphone/mmchan/mpimages/260x145/iCeZdYZ8FeXxwNOIw1YatA.jpg"></icon><desc>Chloe bedenkt verhalen voor podcasts, maar is nodig toe aan vakantie. Ze gaat met haar oude studievrienden naar IJsland om inspiratie op te doen. Onverwacht duikt daar haar ex op, en al snel slaat de vonk weer over.</desc><category></category></programme><programme channel="ps7Lvqxl4O_1RkifJVXq6A-jY7jvedsqUPmHEiwS" start="20230110211000 +0000" stop="20230110221000 +0000" catchup-id="Pd2qAGmxShXqdTa-zOHZ10uYgBxUPsgQX_NqSQgW"><title>Law &amp; Order: Special Victims Unit : Granting Immunity</title><date></date><icon src="https://m7be2.solocoo.tv/m7be2iphone/mmchan/mpimages/260x145/ChkaAj1w2qhvQ5jW0wAcFg.jpg"></icon><desc>Benson en Voight onderzoeken een moord- en verkrachtingszaak die erg lijkt op een zaak in New York van tien jaar eerder. Als de politie in Chicago hun hoofdverdachte moet laten lopen, bundelen de teams hun krachten in New York.</desc><category></category></programme><programme channel="ps7Lvqxl4O_1RkifJVXq6A-jY7jvedsqUPmHEiwS" start="20230110221000 +0000" stop="20230110230500 +0000" catchup-id="GiyWceYnn4HuhuJlrU4cCmLTjAfaH_wLaXxPsPOe"><title>Law &amp; Order: Special Victims Unit : Daydream Believer</title><date></date><icon src="https://m7be2.solocoo.tv/m7be2iphone/mmchan/mpimages/260x145/DGsLt7FK8AAtXHRsskfNew.jpg"></icon><desc>Een onderzoek naar de verspreiding van pornografische foto's van een scholier wordt bemoeilijkt door een uitbraak van de mazelen. Als ook Bensons pleegzoon ziek wordt, verdenkt Benson een aantal moeders van het vervalsen van medische gegevens.</desc><category></category></programme><programme channel="ps7Lvqxl4O_1RkifJVXq6A-jY7jvedsqUPmHEiwS" start="20230110230500 +0000" stop="20230111000500 +0000" catchup-id="YcUsBlmueFa9H3bkKg0WVwqAdCzV45uCtEr4IWFR"><title>ER : Family matters</title><date></date><icon src="https://m7be2.solocoo.tv/m7be2iphone/mmchan/mpimages/260x145/dw-M5ohjHG_YSNamFpxn2g.jpg"></icon><desc></desc><category></category></programme><programme channel="ps7Lvqxl4O_1RkifJVXq6A-jY7jvedsqUPmHEiwS" start="20230111000500 +0000" stop="20230111010100 +0000" catchup-id="a4ECVCY09tR8ZcTwOFgXuIqlFsfm4YtqodwlFEii"><title>Teleshop 8: Mediashop : Homeshopping</title><date></date><icon src="https://m7be2.solocoo.tv/m7be2iphone/mmchan/mpimages/260x145/l3fymPeHIRGOQMfW1R45hQ.jpg"></icon><desc>Homeshopping</desc><category></category></programme><programme channel="ps7Lvqxl4O_1RkifJVXq6A-jY7jvedsqUPmHEiwS" start="20230111010100 +0000" stop="20230111053000 +0000" catchup-id="AbiNxNeoe5PyAKe1SCMJLkphUoTLBZ3GQlphnDI1"><title>Teleshop 8: Mediashop : Homeshopping</title><date></date><icon src="https://m7be2.solocoo.tv/m7be2iphone/mmchan/mpimages/260x145/l3fymPeHIRGOQMfW1R45hQ.jpg"></icon><desc>Homeshopping</desc><category></category></programme><programme channel="ps7Lvqxl4O_1RkifJVXq6A-jY7jvedsqUPmHEiwS" start="20230111053000 +0000" stop="20230111153500 +0000" catchup-id="8GYc95zlSSvxam84eskyQ8qiMiU9MiuGiakq06sJ"><title>Teleshop 8: Mediashop : Homeshopping</title><date></date><icon src="https://m7be2.solocoo.tv/m7be2iphone/mmchan/mpimages/260x145/l3fymPeHIRGOQMfW1R45hQ.jpg"></icon><desc>Homeshopping</desc><category></category></programme><programme channel="ps7Lvqxl4O_1RkifJVXq6A-jY7jvedsqUPmHEiwS" start="20230111153500 +0000" stop="20230111160500 +0000" catchup-id="vjlhdWgAfSfMelgTQnM8QxGauq6THylmSdob881_"><title>Goede tijden, slechte tijden</title><date></date><icon src="https://m7be2.solocoo.tv/m7be2iphone/mmchan/mpimages/260x145/gmbiqlD9VcA_htVM8z6klg.jpg"></icon><desc>Stefano stelt voor om vanavond te koken voor Ludo, maar wat is hij echt van plan? Nola raakt in paniek en wil opgehaald worden. Henk wil de vaste lasten delen met Laura, maar schrikt van het bedrag.</desc><category></category></programme><programme channel="ps7Lvqxl4O_1RkifJVXq6A-jY7jvedsqUPmHEiwS" start="20230111160500 +0000" stop="20230111170500 +0000" catchup-id="lKbvDUKdhKTeXuFd7Tw7pEsaj7ehdZAUdtkJ_N1V"><title>Murder, She Wrote : Deadly Lady</title><date></date><icon src="https://m7be2.solocoo.tv/m7be2iphone/mmchan/mpimages/260x145/YGPkBGk7Yntof-7EHiwdJQ.jpg"></icon><desc>De rijke Stephen Earl komt op verdachte wijze om het leven. Als Jessica haar speurneus in deze zaak steekt, stuit ze op een familie die de schone schijn ophoudt, maar waar achter de schermen haat en nijd heersen.</desc><category></category></programme><programme channel="ps7Lvqxl4O_1RkifJVXq6A-jY7jvedsqUPmHEiwS" start="20230111170500 +0000" stop="20230111173000 +0000" catchup-id="iYLYKR_fY5Nh-h_JR8trgBu81YpirlY1g7rVkfpk"><title>Mooi en Meedogenloos</title><date></date><icon src="https://m7be2.solocoo.tv/m7be2iphone/mmchan/mpimages/260x145/5ot8oFNQLmwXJl5WYD3CVQ.jpg"></icon><desc></desc><category></category></programme><programme channel="ps7Lvqxl4O_1RkifJVXq6A-jY7jvedsqUPmHEiwS" start="20230111173000 +0000" stop="20230111183000 +0000" catchup-id="FOdvWkhV5ws6DflXrw7NxYK-5QtNnF8aY1q2evv8"><title>ER : Abby Road</title><date></date><icon src="https://m7be2.solocoo.tv/m7be2iphone/mmchan/mpimages/260x145/dw-M5ohjHG_YSNamFpxn2g.jpg"></icon><desc></desc><category></category></programme><programme channel="ps7Lvqxl4O_1RkifJVXq6A-jY7jvedsqUPmHEiwS" start="20230111183000 +0000" stop="20230111192500 +0000" catchup-id="BpcmP6iQdM_YgC5Nu8H1zz3JF2PIk_88BTVWlNq0"><title>ER : Be still my heart</title><date></date><icon src="https://m7be2.solocoo.tv/m7be2iphone/mmchan/mpimages/260x145/dw-M5ohjHG_YSNamFpxn2g.jpg"></icon><desc></desc><category></category></programme><programme channel="ps7Lvqxl4O_1RkifJVXq6A-jY7jvedsqUPmHEiwS" start="20230111192500 +0000" stop="20230111211000 +0000" catchup-id="m1cWulFhm-pY5Fv7aHEofvfsNuZ5E9zqTBW0Xnuv"><title>Two For the Win</title><date></date><icon src="https://m7be2.solocoo.tv/m7be2iphone/mmchan/mpimages/260x145/P63XYmskOJKVkERuOtSr3Q.jpg"></icon><desc>Skikampioen Justin O'Neill keert terug naar huis om te herstellen van een knieblessure en zich voor te bereiden op een belangrijke race. Jeugdvriendin Kayla, die altijd een zwak voor hem heeft gehouden, coacht hem.</desc><category></category></programme><programme channel="ps7Lvqxl4O_1RkifJVXq6A-jY7jvedsqUPmHEiwS" start="20230111211000 +0000" stop="20230111221000 +0000" catchup-id="7j3CS0QRvQ4Y-d0jXgrfaJN-zIesiwtXZ1z2z8u5"><title>Law &amp; Order: Special Victims Unit : Perverted Justice</title><date></date><icon src="https://m7be2.solocoo.tv/m7be2iphone/mmchan/mpimages/260x145/DGsLt7FK8AAtXHRsskfNew.jpg"></icon><desc>Een slachtoffer van incest wil na 17 jaar haar verklaring intrekken om zo haar vader uit de gevangenis te krijgen. De rechter weigert de zaak te heropenen. Om de waarheid boven te krijgen, gaat de SVU in gesprek met de man die destijds het onderzoek leidde.</desc><category></category></programme><programme channel="ps7Lvqxl4O_1RkifJVXq6A-jY7jvedsqUPmHEiwS" start="20230111221000 +0000" stop="20230111230500 +0000" catchup-id="bL2xWoRp2wwDl-dmoSFefBWfIkllGjTduWb36Ebl"><title>Law &amp; Order: Special Victims Unit : Parent's Nightmare</title><date></date><icon src="https://m7be2.solocoo.tv/m7be2iphone/mmchan/mpimages/260x145/DGsLt7FK8AAtXHRsskfNew.jpg"></icon><desc>Na de ontvoering van de 8-jarige Owen wordt losgeld geëist. Uit beveiligingsbeelden blijkt dat het jongetje de ontvoerder kent. Het onderzoek verloopt moeizaam door spanningen tussen Owens gescheiden ouders. Ondertussen krijgt Benson de kans het luitenantsexamen te doen om officieel de leiding te krijgen over haar team.</desc><category></category></programme>