<programme channel="uzzOPjn9-HFO22_9TIFik_kYR33hCvPGAG-X04lw" start="20221228233000 +0000" stop="20221229010000 +0000" catchup-id="bJTQSEB7qt4Vo8jIsoFIAQUIz6ljHbVPlURL9Ctl"><title>Mistress &amp; Wife Swap My Load #3</title><date></date><icon src="https://m7be2.solocoo.tv/m7be2iphone/mmchan/mpimages/208x308/tDlD6E6HGZRK07SlD4vubw.jpg"></icon><desc></desc><category></category></programme><programme channel="uzzOPjn9-HFO22_9TIFik_kYR33hCvPGAG-X04lw" start="20221229010000 +0000" stop="20221229023000 +0000" catchup-id="UhjwAIhPKXrnhT78Ig1K74WSbpTGGmBU6Ujbm7nl"><title>Dredd's 20YO Tiny Teases!</title><date></date><icon src="https://m7be2.solocoo.tv/m7be2iphone/mmchan/mpimages/208x308/tDlD6E6HGZRK07SlD4vubw.jpg"></icon><desc></desc><category></category></programme><programme channel="uzzOPjn9-HFO22_9TIFik_kYR33hCvPGAG-X04lw" start="20221229023000 +0000" stop="20221229040000 +0000" catchup-id="x32LFUnruE3yVevn1pn9zyfZUfPymKPm3gwCIiIg"><title>Stepmoms Watch 18YOs Screwing BFs</title><date></date><icon src="https://m7be2.solocoo.tv/m7be2iphone/mmchan/mpimages/208x308/tDlD6E6HGZRK07SlD4vubw.jpg"></icon><desc></desc><category></category></programme><programme channel="uzzOPjn9-HFO22_9TIFik_kYR33hCvPGAG-X04lw" start="20221229040000 +0000" stop="20221229043000 +0000" catchup-id="f03ppv-7wGWayHkKnC8cSXqIKwLrkDCw8v1v5wej"><title>Hustler TV Clips</title><date></date><icon src="https://m7be2.solocoo.tv/m7be2iphone/mmchan/mpimages/208x308/tDlD6E6HGZRK07SlD4vubw.jpg"></icon><desc></desc><category></category></programme><programme channel="uzzOPjn9-HFO22_9TIFik_kYR33hCvPGAG-X04lw" start="20221229043000 +0000" stop="20221229060000 +0000" catchup-id="grP1lgCSacBVMrkERM5nh0_8Nu5j2ipsiXp56UHi"><title>Stepmoms Caught &amp; Creamed</title><date></date><icon src="https://m7be2.solocoo.tv/m7be2iphone/mmchan/mpimages/208x308/tDlD6E6HGZRK07SlD4vubw.jpg"></icon><desc></desc><category></category></programme><programme channel="uzzOPjn9-HFO22_9TIFik_kYR33hCvPGAG-X04lw" start="20221229060000 +0000" stop="20221229073000 +0000" catchup-id="iDo73qF0UxKdYcrIf4v8KOBBDummlIRsW8_p2yIX"><title>Over 19 &amp; Eager For Sex</title><date></date><icon src="https://m7be2.solocoo.tv/m7be2iphone/mmchan/mpimages/208x308/tDlD6E6HGZRK07SlD4vubw.jpg"></icon><desc></desc><category></category></programme><programme channel="uzzOPjn9-HFO22_9TIFik_kYR33hCvPGAG-X04lw" start="20221229073000 +0000" stop="20221229090000 +0000" catchup-id="KvTvBbxPQKm3HJhhzbJEo4RqPCE218sDYE0po-uK"><title>21YO Young Ebony Wives Screwing</title><date></date><icon src="https://m7be2.solocoo.tv/m7be2iphone/mmchan/mpimages/208x308/tDlD6E6HGZRK07SlD4vubw.jpg"></icon><desc></desc><category></category></programme><programme channel="uzzOPjn9-HFO22_9TIFik_kYR33hCvPGAG-X04lw" start="20221229090000 +0000" stop="20221229103000 +0000" catchup-id="Jl0JPzYPVNK3XOHG9vnz_7fLJir1zGjVp0IjvRnx"><title>Worshipping A-Cup Petites</title><date></date><icon src="https://m7be2.solocoo.tv/m7be2iphone/mmchan/mpimages/208x308/tDlD6E6HGZRK07SlD4vubw.jpg"></icon><desc></desc><category></category></programme><programme channel="uzzOPjn9-HFO22_9TIFik_kYR33hCvPGAG-X04lw" start="20221229103000 +0000" stop="20221229120000 +0000" catchup-id="y1sz7eIssTd4QZPA9MsXdJhXiMOnP7_-RbFLWaBH"><title>Anal-Addicted Load-Lapper 3-Way</title><date></date><icon src="https://m7be2.solocoo.tv/m7be2iphone/mmchan/mpimages/208x308/tDlD6E6HGZRK07SlD4vubw.jpg"></icon><desc></desc><category></category></programme><programme channel="uzzOPjn9-HFO22_9TIFik_kYR33hCvPGAG-X04lw" start="20221229120000 +0000" stop="20221229133000 +0000" catchup-id="T9-YHUSRaVJEx4VnmI2DTnPZhpziV9FUs_OCcm1v"><title>Lingerie Petites: Creampied &amp; More!</title><date></date><icon src="https://m7be2.solocoo.tv/m7be2iphone/mmchan/mpimages/208x308/tDlD6E6HGZRK07SlD4vubw.jpg"></icon><desc></desc><category></category></programme><programme channel="uzzOPjn9-HFO22_9TIFik_kYR33hCvPGAG-X04lw" start="20221229133000 +0000" stop="20221229150000 +0000" catchup-id="KyjNRGT5pIKYHHGUUssoL_f1vIcgdr-dYCwS3XQG"><title>Freaky Cosplay Bang</title><date></date><icon src="https://m7be2.solocoo.tv/m7be2iphone/mmchan/mpimages/208x308/tDlD6E6HGZRK07SlD4vubw.jpg"></icon><desc></desc><category></category></programme><programme channel="uzzOPjn9-HFO22_9TIFik_kYR33hCvPGAG-X04lw" start="20221229150000 +0000" stop="20221229163000 +0000" catchup-id="XtkIFIJIHRBttZ9_tNAcW1X_Z3MCB-IdINc97H-l"><title>Seed-Covered Petite Babes</title><date></date><icon src="https://m7be2.solocoo.tv/m7be2iphone/mmchan/mpimages/208x308/tDlD6E6HGZRK07SlD4vubw.jpg"></icon><desc></desc><category></category></programme><programme channel="uzzOPjn9-HFO22_9TIFik_kYR33hCvPGAG-X04lw" start="20221229163000 +0000" stop="20221229180000 +0000" catchup-id="eXLECm5WCFI-YszoCFcmLLbNU91bBElgka7f1koc"><title>20YO Asian College Student Sex</title><date></date><icon src="https://m7be2.solocoo.tv/m7be2iphone/mmchan/mpimages/208x308/tDlD6E6HGZRK07SlD4vubw.jpg"></icon><desc></desc><category></category></programme><programme channel="uzzOPjn9-HFO22_9TIFik_kYR33hCvPGAG-X04lw" start="20221229180000 +0000" stop="20221229193000 +0000" catchup-id="FolXg2QpRxXgwD21A0SCBdRhZPyowOFG6UnZdYTv"><title>Lez Amateur MILFs &amp; 18YOs Caught!</title><date></date><icon src="https://m7be2.solocoo.tv/m7be2iphone/mmchan/mpimages/208x308/tDlD6E6HGZRK07SlD4vubw.jpg"></icon><desc></desc><category></category></programme><programme channel="uzzOPjn9-HFO22_9TIFik_kYR33hCvPGAG-X04lw" start="20221229193000 +0000" stop="20221229210000 +0000" catchup-id="Xwouu6VeHuMOlq7hGzD7Vs0W87GLcExmIpLHfKdd"><title>Barely Legal B-Cups Creamed</title><date></date><icon src="https://m7be2.solocoo.tv/m7be2iphone/mmchan/mpimages/208x308/tDlD6E6HGZRK07SlD4vubw.jpg"></icon><desc></desc><category></category></programme><programme channel="uzzOPjn9-HFO22_9TIFik_kYR33hCvPGAG-X04lw" start="20221229210000 +0000" stop="20221229220000 +0000" catchup-id="4bipQeqbRY26774FNNlHaPrSwSeQKADevaT0V89X"><title>Irresistible Ebony Anal Addicts</title><date></date><icon src="https://m7be2.solocoo.tv/m7be2iphone/mmchan/mpimages/208x308/tDlD6E6HGZRK07SlD4vubw.jpg"></icon><desc></desc><category></category></programme><programme channel="uzzOPjn9-HFO22_9TIFik_kYR33hCvPGAG-X04lw" start="20221229220000 +0000" stop="20221229233000 +0000" catchup-id="ceRw8N9q0JfPsak4g9QiIj4Ets8KlQd4er6vlBrm"><title>Stepdads Slam 18YO Slots</title><date></date><icon src="https://m7be2.solocoo.tv/m7be2iphone/mmchan/mpimages/208x308/tDlD6E6HGZRK07SlD4vubw.jpg"></icon><desc></desc><category></category></programme><programme channel="uzzOPjn9-HFO22_9TIFik_kYR33hCvPGAG-X04lw" start="20221229233000 +0000" stop="20221230010000 +0000" catchup-id="OUfaOjK1XazhXaAk9OAkLV-40p2QyU_bB02D82S6"><title>12 Black Inches Down MILF Throats</title><date></date><icon src="https://m7be2.solocoo.tv/m7be2iphone/mmchan/mpimages/208x308/tDlD6E6HGZRK07SlD4vubw.jpg"></icon><desc></desc><category></category></programme><programme channel="uzzOPjn9-HFO22_9TIFik_kYR33hCvPGAG-X04lw" start="20221230010000 +0000" stop="20221230023000 +0000" catchup-id="cg-jGfbI-w_LIdUr0QSjXPo4yCf0oOQAT7U0z1xY"><title>Menage A Triage: Doctor DPs &amp; 3-Ways!</title><date></date><icon src="https://m7be2.solocoo.tv/m7be2iphone/mmchan/mpimages/208x308/tDlD6E6HGZRK07SlD4vubw.jpg"></icon><desc></desc><category></category></programme><programme channel="uzzOPjn9-HFO22_9TIFik_kYR33hCvPGAG-X04lw" start="20221230023000 +0000" stop="20221230040000 +0000" catchup-id="VxLcXBiRf-uWV-RbLZctD-KBGmju3wh6S-0x_gOq"><title>G-Cup GILF Amateurs Grind Girth</title><date></date><icon src="https://m7be2.solocoo.tv/m7be2iphone/mmchan/mpimages/208x308/tDlD6E6HGZRK07SlD4vubw.jpg"></icon><desc></desc><category></category></programme><programme channel="uzzOPjn9-HFO22_9TIFik_kYR33hCvPGAG-X04lw" start="20221230040000 +0000" stop="20221230043000 +0000" catchup-id="35v_1u4GYm9sO_FGHxR0JWkvGtklW3Dzrs7jWEXr"><title>Hustler TV Clips</title><date></date><icon src="https://m7be2.solocoo.tv/m7be2iphone/mmchan/mpimages/208x308/tDlD6E6HGZRK07SlD4vubw.jpg"></icon><desc></desc><category></category></programme><programme channel="uzzOPjn9-HFO22_9TIFik_kYR33hCvPGAG-X04lw" start="20221230043000 +0000" stop="20221230060000 +0000" catchup-id="kxUTIxfaEedFuQkqaIfW284nzOc0zS6MzIjvFX4I"><title>Unfaithful Interracial GILFs</title><date></date><icon src="https://m7be2.solocoo.tv/m7be2iphone/mmchan/mpimages/208x308/tDlD6E6HGZRK07SlD4vubw.jpg"></icon><desc></desc><category></category></programme><programme channel="uzzOPjn9-HFO22_9TIFik_kYR33hCvPGAG-X04lw" start="20221230060000 +0000" stop="20221230073000 +0000" catchup-id="IIxLcS-VjHmx1fPg7rGJjc7emwIupTUsgfnSRHIR"><title>Mistress &amp; Wife Swap My Load #3</title><date></date><icon src="https://m7be2.solocoo.tv/m7be2iphone/mmchan/mpimages/208x308/tDlD6E6HGZRK07SlD4vubw.jpg"></icon><desc></desc><category></category></programme><programme channel="uzzOPjn9-HFO22_9TIFik_kYR33hCvPGAG-X04lw" start="20221230073000 +0000" stop="20221230090000 +0000" catchup-id="uzeeuT-w-NJeXE5o2rs2YhlOxHXqJK_kDPPhXTgI"><title>Babes Take Big Bones</title><date></date><icon src="https://m7be2.solocoo.tv/m7be2iphone/mmchan/mpimages/208x308/tDlD6E6HGZRK07SlD4vubw.jpg"></icon><desc></desc><category></category></programme><programme channel="uzzOPjn9-HFO22_9TIFik_kYR33hCvPGAG-X04lw" start="20221230090000 +0000" stop="20221230103000 +0000" catchup-id="__xipGrbwA7zrbIkgXBxefb9PzHhWxrZuV6J9Bl1"><title>Please Make Me Lesbian #22</title><date></date><icon src="https://m7be2.solocoo.tv/m7be2iphone/mmchan/mpimages/208x308/tDlD6E6HGZRK07SlD4vubw.jpg"></icon><desc></desc><category></category></programme><programme channel="uzzOPjn9-HFO22_9TIFik_kYR33hCvPGAG-X04lw" start="20221230103000 +0000" stop="20221230120000 +0000" catchup-id="hOVPMP4nmr5pmgNS6NYTVjuhVZALEuJVDNEXAcl4"><title>Eager Wives Drilled And Filled</title><date></date><icon src="https://m7be2.solocoo.tv/m7be2iphone/mmchan/mpimages/208x308/tDlD6E6HGZRK07SlD4vubw.jpg"></icon><desc></desc><category></category></programme><programme channel="uzzOPjn9-HFO22_9TIFik_kYR33hCvPGAG-X04lw" start="20221230120000 +0000" stop="20221230133000 +0000" catchup-id="MzwCDi3qZKvHdrt4UZroJaLfNhgJD6UcTYVCAmhY"><title>Foot Fetish Foxes</title><date></date><icon src="https://m7be2.solocoo.tv/m7be2iphone/mmchan/mpimages/208x308/tDlD6E6HGZRK07SlD4vubw.jpg"></icon><desc></desc><category></category></programme><programme channel="uzzOPjn9-HFO22_9TIFik_kYR33hCvPGAG-X04lw" start="20221230133000 +0000" stop="20221230150000 +0000" catchup-id="CigSp3LNXM4_7o46f_iWb-AFG-56aez5SMlOKkLN"><title>DD Pink-Tonguing Lesbian MILFs</title><date></date><icon src="https://m7be2.solocoo.tv/m7be2iphone/mmchan/mpimages/208x308/tDlD6E6HGZRK07SlD4vubw.jpg"></icon><desc></desc><category></category></programme><programme channel="uzzOPjn9-HFO22_9TIFik_kYR33hCvPGAG-X04lw" start="20221230150000 +0000" stop="20221230163000 +0000" catchup-id="tIuS8gEndBIun7-mcEmytjFrjDRA1cz5SIJmvfTd"><title>Delicate A-Cup Teen Pink Crammed</title><date></date><icon src="https://m7be2.solocoo.tv/m7be2iphone/mmchan/mpimages/208x308/tDlD6E6HGZRK07SlD4vubw.jpg"></icon><desc></desc><category></category></programme><programme channel="uzzOPjn9-HFO22_9TIFik_kYR33hCvPGAG-X04lw" start="20221230163000 +0000" stop="20221230180000 +0000" catchup-id="Vid8tQVIoBQo3_rn62Lgeyse95_QEJBDeWgcF2WE"><title>Supple E-Cup Breasts Smother Shafts</title><date></date><icon src="https://m7be2.solocoo.tv/m7be2iphone/mmchan/mpimages/208x308/tDlD6E6HGZRK07SlD4vubw.jpg"></icon><desc></desc><category></category></programme><programme channel="uzzOPjn9-HFO22_9TIFik_kYR33hCvPGAG-X04lw" start="20221230180000 +0000" stop="20221230193000 +0000" catchup-id="Ed1VV61zoBOIGeqaa7GjtMaqs_AtuItwbmNMisxu"><title>40 &amp; Up Mature Anal Vixens Screw</title><date></date><icon src="https://m7be2.solocoo.tv/m7be2iphone/mmchan/mpimages/208x308/tDlD6E6HGZRK07SlD4vubw.jpg"></icon><desc></desc><category></category></programme><programme channel="uzzOPjn9-HFO22_9TIFik_kYR33hCvPGAG-X04lw" start="20221230193000 +0000" stop="20221230210000 +0000" catchup-id="4ha5C9mEx4dX0TBeCOFTMoUv9CiNYN3kBOcXdplg"><title>Jumbo-Butt Cuties Cram Giant Bones</title><date></date><icon src="https://m7be2.solocoo.tv/m7be2iphone/mmchan/mpimages/208x308/tDlD6E6HGZRK07SlD4vubw.jpg"></icon><desc></desc><category></category></programme><programme channel="uzzOPjn9-HFO22_9TIFik_kYR33hCvPGAG-X04lw" start="20221230210000 +0000" stop="20221230220000 +0000" catchup-id="wd7pyp1_cZ0ZbqrvNxMrrDKmeQeep-yW3PFfS5F5"><title>Ten-Inch Meat Spreads T-Girl Cheeks</title><date></date><icon src="https://m7be2.solocoo.tv/m7be2iphone/mmchan/mpimages/208x308/tDlD6E6HGZRK07SlD4vubw.jpg"></icon><desc></desc><category></category></programme><programme channel="uzzOPjn9-HFO22_9TIFik_kYR33hCvPGAG-X04lw" start="20221230220000 +0000" stop="20221230233000 +0000" catchup-id="jkh8OU3MSfXsP-40ClgeyG2z_DSFNLHWUp1o550S"><title>Sex-Starved 18YOs Seduce Stepdad</title><date></date><icon src="https://m7be2.solocoo.tv/m7be2iphone/mmchan/mpimages/208x308/tDlD6E6HGZRK07SlD4vubw.jpg"></icon><desc></desc><category></category></programme><programme channel="uzzOPjn9-HFO22_9TIFik_kYR33hCvPGAG-X04lw" start="20221230233000 +0000" stop="20221231010000 +0000" catchup-id="vvdWmbcvCTt_nO1z_WbwHWT5TmVt7IcJD_xKFul8"><title>Lesbian Mentors: 18YOs Learn To Lick</title><date></date><icon src="https://m7be2.solocoo.tv/m7be2iphone/mmchan/mpimages/208x308/tDlD6E6HGZRK07SlD4vubw.jpg"></icon><desc></desc><category></category></programme><programme channel="uzzOPjn9-HFO22_9TIFik_kYR33hCvPGAG-X04lw" start="20221231010000 +0000" stop="20221231023000 +0000" catchup-id="4gRDgmN0kqPgY_FVIZKeJqudkvjPog7TPEh6KJlt"><title>30 &amp; Dirty StepMILF Squirters</title><date></date><icon src="https://m7be2.solocoo.tv/m7be2iphone/mmchan/mpimages/208x308/tDlD6E6HGZRK07SlD4vubw.jpg"></icon><desc></desc><category></category></programme><programme channel="uzzOPjn9-HFO22_9TIFik_kYR33hCvPGAG-X04lw" start="20221231023000 +0000" stop="20221231040000 +0000" catchup-id="N-k87D7cSC0n6Gdh_gsRXPY4nABTrF3OMK9xSFRT"><title>Cheer Squad Sleepovers #37</title><date></date><icon src="https://m7be2.solocoo.tv/m7be2iphone/mmchan/mpimages/208x308/tDlD6E6HGZRK07SlD4vubw.jpg"></icon><desc></desc><category></category></programme><programme channel="uzzOPjn9-HFO22_9TIFik_kYR33hCvPGAG-X04lw" start="20221231040000 +0000" stop="20221231043000 +0000" catchup-id="l5UqC9k0HGiSuB0uK_4P3XeXPQjI7Ai2AcSpPPG0"><title>Hustler TV Clips</title><date></date><icon src="https://m7be2.solocoo.tv/m7be2iphone/mmchan/mpimages/208x308/tDlD6E6HGZRK07SlD4vubw.jpg"></icon><desc></desc><category></category></programme><programme channel="uzzOPjn9-HFO22_9TIFik_kYR33hCvPGAG-X04lw" start="20221231043000 +0000" stop="20221231060000 +0000" catchup-id="0qB_XewWPjRCBgfK5bo8z0G1G8YyYr42p6gsONOB"><title>Stepdads Slam 18YO Slots</title><date></date><icon src="https://m7be2.solocoo.tv/m7be2iphone/mmchan/mpimages/208x308/tDlD6E6HGZRK07SlD4vubw.jpg"></icon><desc></desc><category></category></programme><programme channel="uzzOPjn9-HFO22_9TIFik_kYR33hCvPGAG-X04lw" start="20221231060000 +0000" stop="20221231073000 +0000" catchup-id="f4DFaqZuZbZLUKxghQ7SHVoiRvOLicF0vxVrBXf1"><title>12 Black Inches Down MILF Throats</title><date></date><icon src="https://m7be2.solocoo.tv/m7be2iphone/mmchan/mpimages/208x308/tDlD6E6HGZRK07SlD4vubw.jpg"></icon><desc></desc><category></category></programme><programme channel="uzzOPjn9-HFO22_9TIFik_kYR33hCvPGAG-X04lw" start="20221231073000 +0000" stop="20221231090000 +0000" catchup-id="XMgvokMLxLIV0HzRSq42g9EDMo0pzrKfagWqsZ5b"><title>Dirty Lesbian Classmates</title><date></date><icon src="https://m7be2.solocoo.tv/m7be2iphone/mmchan/mpimages/208x308/tDlD6E6HGZRK07SlD4vubw.jpg"></icon><desc></desc><category></category></programme><programme channel="uzzOPjn9-HFO22_9TIFik_kYR33hCvPGAG-X04lw" start="20221231090000 +0000" stop="20221231103000 +0000" catchup-id="JxqBQK3LYa3mticfkQHKsQORWecR93cwhYkcE8HM"><title>Pretty Feet Tease &amp; Please</title><date></date><icon src="https://m7be2.solocoo.tv/m7be2iphone/mmchan/mpimages/208x308/tDlD6E6HGZRK07SlD4vubw.jpg"></icon><desc></desc><category></category></programme><programme channel="uzzOPjn9-HFO22_9TIFik_kYR33hCvPGAG-X04lw" start="20221231103000 +0000" stop="20221231120000 +0000" catchup-id="q6wstMn_ocwniwURcCBsCetMdGl-My67kF-G7ogM"><title>This Black Guy Banged My Wife!</title><date></date><icon src="https://m7be2.solocoo.tv/m7be2iphone/mmchan/mpimages/208x308/tDlD6E6HGZRK07SlD4vubw.jpg"></icon><desc></desc><category></category></programme><programme channel="uzzOPjn9-HFO22_9TIFik_kYR33hCvPGAG-X04lw" start="20221231120000 +0000" stop="20221231133000 +0000" catchup-id="mGWZypUuPTw72DbvI0nH0lvvlbg1pdBj5882STr5"><title>Cute Babes Bang Outdoors</title><date></date><icon src="https://m7be2.solocoo.tv/m7be2iphone/mmchan/mpimages/208x308/tDlD6E6HGZRK07SlD4vubw.jpg"></icon><desc></desc><category></category></programme><programme channel="uzzOPjn9-HFO22_9TIFik_kYR33hCvPGAG-X04lw" start="20221231133000 +0000" stop="20221231150000 +0000" catchup-id="NgsPul5vcUzzqWMykn2BWJwcH63n6tfbo-bfDVRe"><title>9-1-1 Cop Knockers</title><date></date><icon src="https://m7be2.solocoo.tv/m7be2iphone/mmchan/mpimages/208x308/tDlD6E6HGZRK07SlD4vubw.jpg"></icon><desc></desc><category></category></programme><programme channel="uzzOPjn9-HFO22_9TIFik_kYR33hCvPGAG-X04lw" start="20221231150000 +0000" stop="20221231163000 +0000" catchup-id="UVPpCg9x-xx45G--KbKsHomXD6bCTpCmHMqug1u2"><title>Spunked And Pumped Curvy Wives</title><date></date><icon src="https://m7be2.solocoo.tv/m7be2iphone/mmchan/mpimages/208x308/tDlD6E6HGZRK07SlD4vubw.jpg"></icon><desc></desc><category></category></programme><programme channel="uzzOPjn9-HFO22_9TIFik_kYR33hCvPGAG-X04lw" start="20221231163000 +0000" stop="20221231180000 +0000" catchup-id="pjuu7l8vk0lxcp4NAiZSMiqfUlwoXAT0-4GzGB0c"><title>Stunning Asian Petites</title><date></date><icon src="https://m7be2.solocoo.tv/m7be2iphone/mmchan/mpimages/208x308/tDlD6E6HGZRK07SlD4vubw.jpg"></icon><desc></desc><category></category></programme><programme channel="uzzOPjn9-HFO22_9TIFik_kYR33hCvPGAG-X04lw" start="20221231180000 +0000" stop="20221231193000 +0000" catchup-id="33K0AWOAW9pZfGb8BGVN01L9cVCEQ3vtO_H4H8Ts"><title>Stepmoms Caught &amp; Creamed</title><date></date><icon src="https://m7be2.solocoo.tv/m7be2iphone/mmchan/mpimages/208x308/tDlD6E6HGZRK07SlD4vubw.jpg"></icon><desc></desc><category></category></programme><programme channel="uzzOPjn9-HFO22_9TIFik_kYR33hCvPGAG-X04lw" start="20221231193000 +0000" stop="20221231210000 +0000" catchup-id="O_N1LZTgsbpdHM1TCvzV9pRRpiuFHihmHLrrxUyc"><title>Over 19 &amp; Eager For Sex</title><date></date><icon src="https://m7be2.solocoo.tv/m7be2iphone/mmchan/mpimages/208x308/tDlD6E6HGZRK07SlD4vubw.jpg"></icon><desc></desc><category></category></programme><programme channel="uzzOPjn9-HFO22_9TIFik_kYR33hCvPGAG-X04lw" start="20221231210000 +0000" stop="20221231220000 +0000" catchup-id="31-foCH4ZO_03j6C_A_mvVwASH5eB7wbAyLimDAF"><title>1st Time on Camera: D-Cup Amateurs</title><date></date><icon src="https://m7be2.solocoo.tv/m7be2iphone/mmchan/mpimages/208x308/tDlD6E6HGZRK07SlD4vubw.jpg"></icon><desc></desc><category></category></programme><programme channel="uzzOPjn9-HFO22_9TIFik_kYR33hCvPGAG-X04lw" start="20221231220000 +0000" stop="20221231233000 +0000" catchup-id="AZcKdyUnvZVfIZ1BrYJKa23MGocK3uvzxnjstQLZ"><title>10'' Deep In 18YO Hotwives</title><date></date><icon src="https://m7be2.solocoo.tv/m7be2iphone/mmchan/mpimages/208x308/tDlD6E6HGZRK07SlD4vubw.jpg"></icon><desc></desc><category></category></programme><programme channel="uzzOPjn9-HFO22_9TIFik_kYR33hCvPGAG-X04lw" start="20221231233000 +0000" stop="20230101010000 +0000" catchup-id="MgvZ_jpICOLN3oJV6KtE484z4HiAdpVzv8KaMZMH"><title>10 Juicy: MILF Wife Massage Sex</title><date></date><icon src="https://m7be2.solocoo.tv/m7be2iphone/mmchan/mpimages/208x308/tDlD6E6HGZRK07SlD4vubw.jpg"></icon><desc></desc><category></category></programme><programme channel="uzzOPjn9-HFO22_9TIFik_kYR33hCvPGAG-X04lw" start="20230101010000 +0000" stop="20230101023000 +0000" catchup-id="OT-Wyukr1-zzLxHez6vTkqzZbNTNU07gKPcBg4XZ"><title>Barely Legal B-Cups Creamed</title><date></date><icon src="https://m7be2.solocoo.tv/m7be2iphone/mmchan/mpimages/208x308/tDlD6E6HGZRK07SlD4vubw.jpg"></icon><desc></desc><category></category></programme><programme channel="uzzOPjn9-HFO22_9TIFik_kYR33hCvPGAG-X04lw" start="20230101023000 +0000" stop="20230101040000 +0000" catchup-id="EMQ1gyb6f_7zGMlzcaoih1thRk8DacCGylkx-UWP"><title>Lez Amateur MILFs &amp; 18YOs Caught!</title><date></date><icon src="https://m7be2.solocoo.tv/m7be2iphone/mmchan/mpimages/208x308/tDlD6E6HGZRK07SlD4vubw.jpg"></icon><desc></desc><category></category></programme><programme channel="uzzOPjn9-HFO22_9TIFik_kYR33hCvPGAG-X04lw" start="20230101040000 +0000" stop="20230101043000 +0000" catchup-id="GGnYk4hrVxGz0ny2H23KWrdl8ykY9J3HIRu4axep"><title>Hustler TV Clips</title><date></date><icon src="https://m7be2.solocoo.tv/m7be2iphone/mmchan/mpimages/208x308/tDlD6E6HGZRK07SlD4vubw.jpg"></icon><desc></desc><category></category></programme><programme channel="uzzOPjn9-HFO22_9TIFik_kYR33hCvPGAG-X04lw" start="20230101043000 +0000" stop="20230101060000 +0000" catchup-id="v2gSA_TAiXo8rsuycyL64cCP--9WEosX0wD21OLk"><title>Sex-Starved 18YOs Seduce Stepdad</title><date></date><icon src="https://m7be2.solocoo.tv/m7be2iphone/mmchan/mpimages/208x308/tDlD6E6HGZRK07SlD4vubw.jpg"></icon><desc></desc><category></category></programme><programme channel="uzzOPjn9-HFO22_9TIFik_kYR33hCvPGAG-X04lw" start="20230101060000 +0000" stop="20230101073000 +0000" catchup-id="L6avAGqIpiOkIRlfLRRKpQVZenVBhpCbOnsHQ4nx"><title>Lesbian Mentors: 18YOs Learn To Lick</title><date></date><icon src="https://m7be2.solocoo.tv/m7be2iphone/mmchan/mpimages/208x308/tDlD6E6HGZRK07SlD4vubw.jpg"></icon><desc></desc><category></category></programme><programme channel="uzzOPjn9-HFO22_9TIFik_kYR33hCvPGAG-X04lw" start="20230101073000 +0000" stop="20230101090000 +0000" catchup-id="vawV_WC1g8RmVgZLDJvb1D-hbTRJow2SqICKobI-"><title>3-Ways &amp; Foreplay: Anal Fantasies</title><date></date><icon src="https://m7be2.solocoo.tv/m7be2iphone/mmchan/mpimages/208x308/tDlD6E6HGZRK07SlD4vubw.jpg"></icon><desc></desc><category></category></programme><programme channel="uzzOPjn9-HFO22_9TIFik_kYR33hCvPGAG-X04lw" start="20230101090000 +0000" stop="20230101103000 +0000" catchup-id="IYzDa9LP4mjeD_QW-Nej1hbaz_Rb8sJOahtm2skB"><title>MILF Boobs Bouncin'</title><date></date><icon src="https://m7be2.solocoo.tv/m7be2iphone/mmchan/mpimages/208x308/tDlD6E6HGZRK07SlD4vubw.jpg"></icon><desc></desc><category></category></programme><programme channel="uzzOPjn9-HFO22_9TIFik_kYR33hCvPGAG-X04lw" start="20230101103000 +0000" stop="20230101120000 +0000" catchup-id="xQhFWOcHuXWF4qOJgb0kFOam5rdoMARKcd27igJb"><title>Lesbian Massage Club</title><date></date><icon src="https://m7be2.solocoo.tv/m7be2iphone/mmchan/mpimages/208x308/tDlD6E6HGZRK07SlD4vubw.jpg"></icon><desc></desc><category></category></programme><programme channel="uzzOPjn9-HFO22_9TIFik_kYR33hCvPGAG-X04lw" start="20230101120000 +0000" stop="20230101133000 +0000" catchup-id="GSdR2YbCjDKbYOWycTrN3KddyyO7rjlwJ4U4x7HP"><title>Wives Eager For Creampies</title><date></date><icon src="https://m7be2.solocoo.tv/m7be2iphone/mmchan/mpimages/208x308/tDlD6E6HGZRK07SlD4vubw.jpg"></icon><desc></desc><category></category></programme><programme channel="uzzOPjn9-HFO22_9TIFik_kYR33hCvPGAG-X04lw" start="20230101133000 +0000" stop="20230101150000 +0000" catchup-id="xy8ynhkWtvjwxkTvjxsq_3O0w2Bw5EVmLE_4pUFo"><title>Hot Teen Facials</title><date></date><icon src="https://m7be2.solocoo.tv/m7be2iphone/mmchan/mpimages/208x308/tDlD6E6HGZRK07SlD4vubw.jpg"></icon><desc></desc><category></category></programme><programme channel="uzzOPjn9-HFO22_9TIFik_kYR33hCvPGAG-X04lw" start="20230101150000 +0000" stop="20230101163000 +0000" catchup-id="L9pU088_e4NEK4_fW7bPMCCWl5lWrT9GO_MokwK4"><title>Young Hairy Wives Submit</title><date></date><icon src="https://m7be2.solocoo.tv/m7be2iphone/mmchan/mpimages/208x308/tDlD6E6HGZRK07SlD4vubw.jpg"></icon><desc></desc><category></category></programme><programme channel="uzzOPjn9-HFO22_9TIFik_kYR33hCvPGAG-X04lw" start="20230101163000 +0000" stop="20230101180000 +0000" catchup-id="fc22UWutVL_lTIST5CaZR77H0XVGHKmjNWuL1vSc"><title>Horny Babes Seed-Blasted</title><date></date><icon src="https://m7be2.solocoo.tv/m7be2iphone/mmchan/mpimages/208x308/tDlD6E6HGZRK07SlD4vubw.jpg"></icon><desc></desc><category></category></programme><programme channel="uzzOPjn9-HFO22_9TIFik_kYR33hCvPGAG-X04lw" start="20230101180000 +0000" stop="20230101193000 +0000" catchup-id="SeYih6AEZ2fBxI_FAiLmU38STUBuCT77Yy9NbY3W"><title>Unfaithful Interracial GILFs</title><date></date><icon src="https://m7be2.solocoo.tv/m7be2iphone/mmchan/mpimages/208x308/tDlD6E6HGZRK07SlD4vubw.jpg"></icon><desc></desc><category></category></programme><programme channel="uzzOPjn9-HFO22_9TIFik_kYR33hCvPGAG-X04lw" start="20230101193000 +0000" stop="20230101210000 +0000" catchup-id="jgmRvlj61mo6r92gQ2iTGRvUtG8Ff5Xl-dEegckI"><title>Mistress &amp; Wife Swap My Load #3</title><date></date><icon src="https://m7be2.solocoo.tv/m7be2iphone/mmchan/mpimages/208x308/tDlD6E6HGZRK07SlD4vubw.jpg"></icon><desc></desc><category></category></programme><programme channel="uzzOPjn9-HFO22_9TIFik_kYR33hCvPGAG-X04lw" start="20230101210000 +0000" stop="20230101220000 +0000" catchup-id="9UG_1jdoYyJGjphy8WBXmckk0RLIU37WSqX6V0Zu"><title>Stacked Petites Bounce on Shaft</title><date></date><icon src="https://m7be2.solocoo.tv/m7be2iphone/mmchan/mpimages/208x308/tDlD6E6HGZRK07SlD4vubw.jpg"></icon><desc></desc><category></category></programme><programme channel="uzzOPjn9-HFO22_9TIFik_kYR33hCvPGAG-X04lw" start="20230101220000 +0000" stop="20230101233000 +0000" catchup-id="Og1xkjGYm1zxHWWU3JXp7sYJrs8UOk6dchWOYIBw"><title>35YO Anal Neighbors</title><date></date><icon src="https://m7be2.solocoo.tv/m7be2iphone/mmchan/mpimages/208x308/tDlD6E6HGZRK07SlD4vubw.jpg"></icon><desc></desc><category></category></programme><programme channel="uzzOPjn9-HFO22_9TIFik_kYR33hCvPGAG-X04lw" start="20230101233000 +0000" stop="20230102010000 +0000" catchup-id="WgbFA7-Kj9e5HtfMZRp0xZcI8u9AwbOmlerIA55A"><title>XL-Breasted Teens Spread For Shaft</title><date></date><icon src="https://m7be2.solocoo.tv/m7be2iphone/mmchan/mpimages/208x308/tDlD6E6HGZRK07SlD4vubw.jpg"></icon><desc></desc><category></category></programme><programme channel="uzzOPjn9-HFO22_9TIFik_kYR33hCvPGAG-X04lw" start="20230102010000 +0000" stop="20230102023000 +0000" catchup-id="xzpVT_N1qEzGdFcWLtOLkXBBmfcKxCLbbFO1dKUK"><title>40 &amp; Up Mature Anal Vixens Screw</title><date></date><icon src="https://m7be2.solocoo.tv/m7be2iphone/mmchan/mpimages/208x308/tDlD6E6HGZRK07SlD4vubw.jpg"></icon><desc></desc><category></category></programme><programme channel="uzzOPjn9-HFO22_9TIFik_kYR33hCvPGAG-X04lw" start="20230102023000 +0000" stop="20230102040000 +0000" catchup-id="R-iTTJo-Nq1TI4eHeMZ4OG7J0n2UV8Wmvu8nM7ku"><title>Jumbo-Butt Cuties Cram Giant Bones</title><date></date><icon src="https://m7be2.solocoo.tv/m7be2iphone/mmchan/mpimages/208x308/tDlD6E6HGZRK07SlD4vubw.jpg"></icon><desc></desc><category></category></programme><programme channel="uzzOPjn9-HFO22_9TIFik_kYR33hCvPGAG-X04lw" start="20230102040000 +0000" stop="20230102043000 +0000" catchup-id="-iRiIj3t1B_fXWhnaY12G5SKxpe-NyWMI7bkjOgm"><title>Hustler TV Clips</title><date></date><icon src="https://m7be2.solocoo.tv/m7be2iphone/mmchan/mpimages/208x308/tDlD6E6HGZRK07SlD4vubw.jpg"></icon><desc></desc><category></category></programme><programme channel="uzzOPjn9-HFO22_9TIFik_kYR33hCvPGAG-X04lw" start="20230102043000 +0000" stop="20230102060000 +0000" catchup-id="LLsKtGYXtpB3pupuC9SSvg0-TsmCS1qGtPYFklRe"><title>10'' Deep In 18YO Hotwives</title><date></date><icon src="https://m7be2.solocoo.tv/m7be2iphone/mmchan/mpimages/208x308/tDlD6E6HGZRK07SlD4vubw.jpg"></icon><desc></desc><category></category></programme><programme channel="uzzOPjn9-HFO22_9TIFik_kYR33hCvPGAG-X04lw" start="20230102060000 +0000" stop="20230102073000 +0000" catchup-id="eDgP7ZmiDls2C6u-ErJUKCbyXX0_1BPr-MMcTgPl"><title>10 Juicy: MILF Wife Massage Sex</title><date></date><icon src="https://m7be2.solocoo.tv/m7be2iphone/mmchan/mpimages/208x308/tDlD6E6HGZRK07SlD4vubw.jpg"></icon><desc></desc><category></category></programme><programme channel="uzzOPjn9-HFO22_9TIFik_kYR33hCvPGAG-X04lw" start="20230102073000 +0000" stop="20230102090000 +0000" catchup-id="-qKcO_C6WAEtopNBQRrbIG7dP90rupkhda-rvTSk"><title>Petite Euro Babes Grind</title><date></date><icon src="https://m7be2.solocoo.tv/m7be2iphone/mmchan/mpimages/208x308/tDlD6E6HGZRK07SlD4vubw.jpg"></icon><desc></desc><category></category></programme><programme channel="uzzOPjn9-HFO22_9TIFik_kYR33hCvPGAG-X04lw" start="20230102090000 +0000" stop="20230102103000 +0000" catchup-id="tPvGjMlKMmFqctW-aJYw3XUxvuC9viNwjKjrdBMi"><title>69ing A-Cup Lesbians Share Shaft</title><date></date><icon src="https://m7be2.solocoo.tv/m7be2iphone/mmchan/mpimages/208x308/tDlD6E6HGZRK07SlD4vubw.jpg"></icon><desc></desc><category></category></programme><programme channel="uzzOPjn9-HFO22_9TIFik_kYR33hCvPGAG-X04lw" start="20230102103000 +0000" stop="20230102120000 +0000" catchup-id="hbq2Hv6z5mFT6B8HJO2pst0JNIWJtoiyJALgqibR"><title>MILF Maids Anally-Polish Black Pole</title><date></date><icon src="https://m7be2.solocoo.tv/m7be2iphone/mmchan/mpimages/208x308/tDlD6E6HGZRK07SlD4vubw.jpg"></icon><desc></desc><category></category></programme><programme channel="uzzOPjn9-HFO22_9TIFik_kYR33hCvPGAG-X04lw" start="20230102120000 +0000" stop="20230102133000 +0000" catchup-id="hKm2NRf6KOYzmWRYcmC1a9m7PGkM9cfzMe2wiozI"><title>Lesbian Booty Calls</title><date></date><icon src="https://m7be2.solocoo.tv/m7be2iphone/mmchan/mpimages/208x308/tDlD6E6HGZRK07SlD4vubw.jpg"></icon><desc></desc><category></category></programme><programme channel="uzzOPjn9-HFO22_9TIFik_kYR33hCvPGAG-X04lw" start="20230102133000 +0000" stop="20230102150000 +0000" catchup-id="8dLhS6_CYU7bmLuBZU3s81JyxN8wvZzohqQtLtk7"><title>Hot &amp; Busty Broads Ride Rods</title><date></date><icon src="https://m7be2.solocoo.tv/m7be2iphone/mmchan/mpimages/208x308/tDlD6E6HGZRK07SlD4vubw.jpg"></icon><desc></desc><category></category></programme><programme channel="uzzOPjn9-HFO22_9TIFik_kYR33hCvPGAG-X04lw" start="20230102150000 +0000" stop="20230102163000 +0000" catchup-id="jVQ7dhrH3UgDPDtKAFWK3VWWgQ-2JslRghHVuq5R"><title>He Worked My MILF Pulsating Backdoor!</title><date></date><icon src="https://m7be2.solocoo.tv/m7be2iphone/mmchan/mpimages/208x308/tDlD6E6HGZRK07SlD4vubw.jpg"></icon><desc></desc><category></category></programme><programme channel="uzzOPjn9-HFO22_9TIFik_kYR33hCvPGAG-X04lw" start="20230102163000 +0000" stop="20230102180000 +0000" catchup-id="ZChZq7s_x4AU3fX7-n-Bk2lFPVsMwSttyT7nNvl0"><title>Licking Experienced Lesbian Lovers</title><date></date><icon src="https://m7be2.solocoo.tv/m7be2iphone/mmchan/mpimages/208x308/tDlD6E6HGZRK07SlD4vubw.jpg"></icon><desc></desc><category></category></programme><programme channel="uzzOPjn9-HFO22_9TIFik_kYR33hCvPGAG-X04lw" start="20230102180000 +0000" stop="20230102193000 +0000" catchup-id="Eq3Lqlfrf7G4McdaYfeC99SguRlxjMxssweR_-KM"><title>Stepdads Slam 18YO Slots</title><date></date><icon src="https://m7be2.solocoo.tv/m7be2iphone/mmchan/mpimages/208x308/tDlD6E6HGZRK07SlD4vubw.jpg"></icon><desc></desc><category></category></programme><programme channel="uzzOPjn9-HFO22_9TIFik_kYR33hCvPGAG-X04lw" start="20230102193000 +0000" stop="20230102210000 +0000" catchup-id="SLMbmD5PwJ4LHeVTLoSYeU1RmvWib2OcFv1fskE_"><title>12 Black Inches Down MILF Throats</title><date></date><icon src="https://m7be2.solocoo.tv/m7be2iphone/mmchan/mpimages/208x308/tDlD6E6HGZRK07SlD4vubw.jpg"></icon><desc></desc><category></category></programme><programme channel="uzzOPjn9-HFO22_9TIFik_kYR33hCvPGAG-X04lw" start="20230102210000 +0000" stop="20230102220000 +0000" catchup-id="FKh6zxLnaKlUspYjSaCGoMcMxGug-WFjN-lT1KEn"><title>Lingerie Lesbians Lick Ladies</title><date></date><icon src="https://m7be2.solocoo.tv/m7be2iphone/mmchan/mpimages/208x308/tDlD6E6HGZRK07SlD4vubw.jpg"></icon><desc></desc><category></category></programme><programme channel="uzzOPjn9-HFO22_9TIFik_kYR33hCvPGAG-X04lw" start="20230102220000 +0000" stop="20230102233000 +0000" catchup-id="kMb8heme9GeG98JAXJmzN9puL6ZvCRJaxzKzh1NC"><title>10 Best: New Petite 18YO In Town #4</title><date></date><icon src="https://m7be2.solocoo.tv/m7be2iphone/mmchan/mpimages/208x308/tDlD6E6HGZRK07SlD4vubw.jpg"></icon><desc></desc><category></category></programme><programme channel="uzzOPjn9-HFO22_9TIFik_kYR33hCvPGAG-X04lw" start="20230102233000 +0000" stop="20230103010000 +0000" catchup-id="xr81JqcLwMg0BJAC1C7qqYBR4YKzgI8yZ9OGjTFq"><title>Under-30 A-Cup Petites</title><date></date><icon src="https://m7be2.solocoo.tv/m7be2iphone/mmchan/mpimages/208x308/tDlD6E6HGZRK07SlD4vubw.jpg"></icon><desc></desc><category></category></programme><programme channel="uzzOPjn9-HFO22_9TIFik_kYR33hCvPGAG-X04lw" start="20230103010000 +0000" stop="20230103023000 +0000" catchup-id="uycgrj8fgYnUueRQ72sOPWC9qJIc1C4qzAm5pwSv"><title>Stepmoms Caught &amp; Creamed</title><date></date><icon src="https://m7be2.solocoo.tv/m7be2iphone/mmchan/mpimages/208x308/tDlD6E6HGZRK07SlD4vubw.jpg"></icon><desc></desc><category></category></programme><programme channel="uzzOPjn9-HFO22_9TIFik_kYR33hCvPGAG-X04lw" start="20230103023000 +0000" stop="20230103040000 +0000" catchup-id="WckdxXD7grjQNIaVKzYqk3LaHch0tUrJ9GRn9WTY"><title>Over 19 &amp; Eager For Sex</title><date></date><icon src="https://m7be2.solocoo.tv/m7be2iphone/mmchan/mpimages/208x308/tDlD6E6HGZRK07SlD4vubw.jpg"></icon><desc></desc><category></category></programme><programme channel="uzzOPjn9-HFO22_9TIFik_kYR33hCvPGAG-X04lw" start="20230103040000 +0000" stop="20230103043000 +0000" catchup-id="r7b_UmrkSKOhCuYi7h05yipScZZetIpnswy5qw0-"><title>Hustler TV Clips</title><date></date><icon src="https://m7be2.solocoo.tv/m7be2iphone/mmchan/mpimages/208x308/tDlD6E6HGZRK07SlD4vubw.jpg"></icon><desc></desc><category></category></programme><programme channel="uzzOPjn9-HFO22_9TIFik_kYR33hCvPGAG-X04lw" start="20230103043000 +0000" stop="20230103060000 +0000" catchup-id="Dw65nrcewUs4MsEA5-0hqNUyFXHdkB7qmoJtVsGw"><title>35YO Anal Neighbors</title><date></date><icon src="https://m7be2.solocoo.tv/m7be2iphone/mmchan/mpimages/208x308/tDlD6E6HGZRK07SlD4vubw.jpg"></icon><desc></desc><category></category></programme><programme channel="uzzOPjn9-HFO22_9TIFik_kYR33hCvPGAG-X04lw" start="20230103060000 +0000" stop="20230103073000 +0000" catchup-id="6PmBFlSjYQi0KOYhr_Zc1kMgIeXtVUR6aghTGHOj"><title>Stepdad's Favorite Just Legal Cutie</title><date></date><icon src="https://m7be2.solocoo.tv/m7be2iphone/mmchan/mpimages/208x308/tDlD6E6HGZRK07SlD4vubw.jpg"></icon><desc></desc><category></category></programme><programme channel="uzzOPjn9-HFO22_9TIFik_kYR33hCvPGAG-X04lw" start="20230103073000 +0000" stop="20230103090000 +0000" catchup-id="4QwHXT4dBlUcQIH6I33kqPqe9u98qwfo8Circcx3"><title>Wives' Threeway Spa Day!</title><date></date><icon src="https://m7be2.solocoo.tv/m7be2iphone/mmchan/mpimages/208x308/tDlD6E6HGZRK07SlD4vubw.jpg"></icon><desc></desc><category></category></programme><programme channel="uzzOPjn9-HFO22_9TIFik_kYR33hCvPGAG-X04lw" start="20230103090000 +0000" stop="20230103103000 +0000" catchup-id="Wk2TzTtTR_kQqAEJ5NdmAUl6wE5jVet6a3fmfY23"><title>She Takes 2 Big Bones</title><date></date><icon src="https://m7be2.solocoo.tv/m7be2iphone/mmchan/mpimages/208x308/tDlD6E6HGZRK07SlD4vubw.jpg"></icon><desc></desc><category></category></programme><programme channel="uzzOPjn9-HFO22_9TIFik_kYR33hCvPGAG-X04lw" start="20230103103000 +0000" stop="20230103120000 +0000" catchup-id="5NPtXrmWSsgUieQOf7_DxgsOx9xOLOP0O7UzH4wr"><title>GILFs Scissor All-Natural Bush!</title><date></date><icon src="https://m7be2.solocoo.tv/m7be2iphone/mmchan/mpimages/208x308/tDlD6E6HGZRK07SlD4vubw.jpg"></icon><desc></desc><category></category></programme><programme channel="uzzOPjn9-HFO22_9TIFik_kYR33hCvPGAG-X04lw" start="20230103120000 +0000" stop="20230103133000 +0000" catchup-id="Qcxh1ty1ROIaGp8Ex8PRSVRXuOgOvhJ8CqrsFBU4"><title>Plowing Euro Cuties In Stockings</title><date></date><icon src="https://m7be2.solocoo.tv/m7be2iphone/mmchan/mpimages/208x308/tDlD6E6HGZRK07SlD4vubw.jpg"></icon><desc></desc><category></category></programme><programme channel="uzzOPjn9-HFO22_9TIFik_kYR33hCvPGAG-X04lw" start="20230103133000 +0000" stop="20230103150000 +0000" catchup-id="W9Q3U_vj-KLa5NRJaefOzojQZt7qCHkfzDaWI1os"><title>Anal Housewives Get Tag-Teamed</title><date></date><icon src="https://m7be2.solocoo.tv/m7be2iphone/mmchan/mpimages/208x308/tDlD6E6HGZRK07SlD4vubw.jpg"></icon><desc></desc><category></category></programme><programme channel="uzzOPjn9-HFO22_9TIFik_kYR33hCvPGAG-X04lw" start="20230103150000 +0000" stop="20230103163000 +0000" catchup-id="oZrosESFo5N48LjCY6IkF7gu8rim7UC8qJWJjtVa"><title>21YOs: Natural, Young &amp; Busty</title><date></date><icon src="https://m7be2.solocoo.tv/m7be2iphone/mmchan/mpimages/208x308/tDlD6E6HGZRK07SlD4vubw.jpg"></icon><desc></desc><category></category></programme><programme channel="uzzOPjn9-HFO22_9TIFik_kYR33hCvPGAG-X04lw" start="20230103163000 +0000" stop="20230103180000 +0000" catchup-id="RgqeKOTcJTN0p84sDZ1_miZHKUasExSDWzOp_MwW"><title>Dainty Housewives Screwed!</title><date></date><icon src="https://m7be2.solocoo.tv/m7be2iphone/mmchan/mpimages/208x308/tDlD6E6HGZRK07SlD4vubw.jpg"></icon><desc></desc><category></category></programme><programme channel="uzzOPjn9-HFO22_9TIFik_kYR33hCvPGAG-X04lw" start="20230103180000 +0000" stop="20230103193000 +0000" catchup-id="IxNE9qs7N5OJpsqOTek0GcIlO-3bYBIgomfTit7B"><title>Sex-Starved 18YOs Seduce Stepdad</title><date></date><icon src="https://m7be2.solocoo.tv/m7be2iphone/mmchan/mpimages/208x308/tDlD6E6HGZRK07SlD4vubw.jpg"></icon><desc></desc><category></category></programme><programme channel="uzzOPjn9-HFO22_9TIFik_kYR33hCvPGAG-X04lw" start="20230103193000 +0000" stop="20230103210000 +0000" catchup-id="10pu9Jgz25ay7JC03hYjz_SllV-A1SUe5c1gf6Uz"><title>Lesbian Mentors: 18YOs Learn To Lick</title><date></date><icon src="https://m7be2.solocoo.tv/m7be2iphone/mmchan/mpimages/208x308/tDlD6E6HGZRK07SlD4vubw.jpg"></icon><desc></desc><category></category></programme><programme channel="uzzOPjn9-HFO22_9TIFik_kYR33hCvPGAG-X04lw" start="20230103210000 +0000" stop="20230103220000 +0000" catchup-id="nNBy2rlRPoHq9lbv8DO2c13weF6X4yhsJmg27abA"><title>Menage A Trans #3: Sharing T-Girls!</title><date></date><icon src="https://m7be2.solocoo.tv/m7be2iphone/mmchan/mpimages/208x308/tDlD6E6HGZRK07SlD4vubw.jpg"></icon><desc></desc><category></category></programme><programme channel="uzzOPjn9-HFO22_9TIFik_kYR33hCvPGAG-X04lw" start="20230103220000 +0000" stop="20230103233000 +0000" catchup-id="zs5-gI3Ks1WPBRFkqerL6iioDp3MCblIK14GyIBQ"><title>1-On-1s: 18YO Coeds Cram Bones</title><date></date><icon src="https://m7be2.solocoo.tv/m7be2iphone/mmchan/mpimages/208x308/tDlD6E6HGZRK07SlD4vubw.jpg"></icon><desc></desc><category></category></programme><programme channel="uzzOPjn9-HFO22_9TIFik_kYR33hCvPGAG-X04lw" start="20230103233000 +0000" stop="20230104010000 +0000" catchup-id="e_YPkY6_Rh5ipDRgYeR_o6Kg-OHh1Uc8g47yQh9f"><title>Lesbians Love Huge Boobs</title><date></date><icon src="https://m7be2.solocoo.tv/m7be2iphone/mmchan/mpimages/208x308/tDlD6E6HGZRK07SlD4vubw.jpg"></icon><desc></desc><category></category></programme><programme channel="uzzOPjn9-HFO22_9TIFik_kYR33hCvPGAG-X04lw" start="20230104010000 +0000" stop="20230104023000 +0000" catchup-id="DrLwUXqbXL8X6s0G2WJSfcMjDVJRELjloszwfr5q"><title>Unfaithful Interracial GILFs</title><date></date><icon src="https://m7be2.solocoo.tv/m7be2iphone/mmchan/mpimages/208x308/tDlD6E6HGZRK07SlD4vubw.jpg"></icon><desc></desc><category></category></programme><programme channel="uzzOPjn9-HFO22_9TIFik_kYR33hCvPGAG-X04lw" start="20230104023000 +0000" stop="20230104040000 +0000" catchup-id="jHgzSkw9v7qLxfPaeJc7LOuz3uM8Xas1UcWlCdis"><title>Mistress &amp; Wife Swap My Load #3</title><date></date><icon src="https://m7be2.solocoo.tv/m7be2iphone/mmchan/mpimages/208x308/tDlD6E6HGZRK07SlD4vubw.jpg"></icon><desc></desc><category></category></programme><programme channel="uzzOPjn9-HFO22_9TIFik_kYR33hCvPGAG-X04lw" start="20230104040000 +0000" stop="20230104043000 +0000" catchup-id="9RkCw2DaBTSDo-pxklHSZKAT6xdjlbYyRdb9O5Gn"><title>Hustler TV Clips</title><date></date><icon src="https://m7be2.solocoo.tv/m7be2iphone/mmchan/mpimages/208x308/tDlD6E6HGZRK07SlD4vubw.jpg"></icon><desc></desc><category></category></programme><programme channel="uzzOPjn9-HFO22_9TIFik_kYR33hCvPGAG-X04lw" start="20230104043000 +0000" stop="20230104060000 +0000" catchup-id="7IhhI3PRbIcoyglbmau9EcXRivLJBgv6nStoCrMW"><title>10 Best: New Petite 18YO In Town #4</title><date></date><icon src="https://m7be2.solocoo.tv/m7be2iphone/mmchan/mpimages/208x308/tDlD6E6HGZRK07SlD4vubw.jpg"></icon><desc></desc><category></category></programme><programme channel="uzzOPjn9-HFO22_9TIFik_kYR33hCvPGAG-X04lw" start="20230104060000 +0000" stop="20230104073000 +0000" catchup-id="Hl_VEl5HzRc1pPLvBFo_enBVRNzP8FegMi0GVPCS"><title>MILF Maids Anally-Polish Black Pole #2</title><date></date><icon src="https://m7be2.solocoo.tv/m7be2iphone/mmchan/mpimages/208x308/tDlD6E6HGZRK07SlD4vubw.jpg"></icon><desc></desc><category></category></programme><programme channel="uzzOPjn9-HFO22_9TIFik_kYR33hCvPGAG-X04lw" start="20230104073000 +0000" stop="20230104090000 +0000" catchup-id="yJ0CvD-xriKg4SI2roQixM4PHkZ5Sowp2sx6UwRu"><title>Tight Teens Filled</title><date></date><icon src="https://m7be2.solocoo.tv/m7be2iphone/mmchan/mpimages/208x308/tDlD6E6HGZRK07SlD4vubw.jpg"></icon><desc></desc><category></category></programme><programme channel="uzzOPjn9-HFO22_9TIFik_kYR33hCvPGAG-X04lw" start="20230104090000 +0000" stop="20230104103000 +0000" catchup-id="QBRTXnDJK7J1n0tmxWTTvqk7zm_AjRBlCBQZoqSl"><title>Young Wives Straddle Studs</title><date></date><icon src="https://m7be2.solocoo.tv/m7be2iphone/mmchan/mpimages/208x308/tDlD6E6HGZRK07SlD4vubw.jpg"></icon><desc></desc><category></category></programme><programme channel="uzzOPjn9-HFO22_9TIFik_kYR33hCvPGAG-X04lw" start="20230104103000 +0000" stop="20230104120000 +0000" catchup-id="5oOHkQjmC2-RiYklL1YqbOAJ3TQtPROHghqkhkgO"><title>Sensual Squirting Sirens</title><date></date><icon src="https://m7be2.solocoo.tv/m7be2iphone/mmchan/mpimages/208x308/tDlD6E6HGZRK07SlD4vubw.jpg"></icon><desc></desc><category></category></programme><programme channel="uzzOPjn9-HFO22_9TIFik_kYR33hCvPGAG-X04lw" start="20230104120000 +0000" stop="20230104133000 +0000" catchup-id="4FMxHLsTYso3SbW9mAg798wfcLQ6I_6FpBPJZqO-"><title>Lusty &amp; Busty Anal Lesbians Love Toys</title><date></date><icon src="https://m7be2.solocoo.tv/m7be2iphone/mmchan/mpimages/208x308/tDlD6E6HGZRK07SlD4vubw.jpg"></icon><desc></desc><category></category></programme><programme channel="uzzOPjn9-HFO22_9TIFik_kYR33hCvPGAG-X04lw" start="20230104133000 +0000" stop="20230104150000 +0000" catchup-id="CeL8doga7_zfcfTSm4GtpHDTw_6Z0k7-B14zf1MW"><title>10'' Girth Creampies Hog-Hungry Babes</title><date></date><icon src="https://m7be2.solocoo.tv/m7be2iphone/mmchan/mpimages/208x308/tDlD6E6HGZRK07SlD4vubw.jpg"></icon><desc></desc><category></category></programme><programme channel="uzzOPjn9-HFO22_9TIFik_kYR33hCvPGAG-X04lw" start="20230104150000 +0000" stop="20230104163000 +0000" catchup-id="axF0pYr1o1lLkYEWYe-2ljiKl70A8NSQrKBUcJW-"><title>35YO MILF Massage Therapy</title><date></date><icon src="https://m7be2.solocoo.tv/m7be2iphone/mmchan/mpimages/208x308/tDlD6E6HGZRK07SlD4vubw.jpg"></icon><desc></desc><category></category></programme><programme channel="uzzOPjn9-HFO22_9TIFik_kYR33hCvPGAG-X04lw" start="20230104163000 +0000" stop="20230104180000 +0000" catchup-id="w6vIDtjZ0AYTY-Fpq8PyxLF0vFGdNSbXfBPYw9jt"><title>Lesbian Ghost Stories #6</title><date></date><icon src="https://m7be2.solocoo.tv/m7be2iphone/mmchan/mpimages/208x308/tDlD6E6HGZRK07SlD4vubw.jpg"></icon><desc></desc><category></category></programme><programme channel="uzzOPjn9-HFO22_9TIFik_kYR33hCvPGAG-X04lw" start="20230104180000 +0000" stop="20230104193000 +0000" catchup-id="1_c2uW4SHAvolHB8lv730vdYXNreYyHPuLB1rlGV"><title>10'' Deep In 18YO Hotwives</title><date></date><icon src="https://m7be2.solocoo.tv/m7be2iphone/mmchan/mpimages/208x308/tDlD6E6HGZRK07SlD4vubw.jpg"></icon><desc></desc><category></category></programme><programme channel="uzzOPjn9-HFO22_9TIFik_kYR33hCvPGAG-X04lw" start="20230104193000 +0000" stop="20230104210000 +0000" catchup-id="-hHGDW5gDfQXCSCyn-y8iv1Ow5hWjfEs070byFms"><title>10 Juicy: MILF Wife Massage Sex</title><date></date><icon src="https://m7be2.solocoo.tv/m7be2iphone/mmchan/mpimages/208x308/tDlD6E6HGZRK07SlD4vubw.jpg"></icon><desc></desc><category></category></programme><programme channel="uzzOPjn9-HFO22_9TIFik_kYR33hCvPGAG-X04lw" start="20230104210000 +0000" stop="20230104220000 +0000" catchup-id="fjrIw367KfT7OLlKt7xLVBTNdU16ZHC5IgVDeR7l"><title>11'' Black Poles Explore Petite Holes</title><date></date><icon src="https://m7be2.solocoo.tv/m7be2iphone/mmchan/mpimages/208x308/tDlD6E6HGZRK07SlD4vubw.jpg"></icon><desc></desc><category></category></programme><programme channel="uzzOPjn9-HFO22_9TIFik_kYR33hCvPGAG-X04lw" start="20230104220000 +0000" stop="20230104233000 +0000" catchup-id="keTX4AV8q0djWv6Tt6McpqnM3JYvAvTjDvN8xieu"><title>Barely Legal Girls In Glasses Gooed</title><date></date><icon src="https://m7be2.solocoo.tv/m7be2iphone/mmchan/mpimages/208x308/tDlD6E6HGZRK07SlD4vubw.jpg"></icon><desc></desc><category></category></programme><programme channel="uzzOPjn9-HFO22_9TIFik_kYR33hCvPGAG-X04lw" start="20230104233000 +0000" stop="20230105010000 +0000" catchup-id="MayPyDBzbnWFjTSBUF1O0P8j2Qt88R9ME7orQ2Nl"><title>High-Heeled Vixens Seduce Solid Shaft</title><date></date><icon src="https://m7be2.solocoo.tv/m7be2iphone/mmchan/mpimages/208x308/tDlD6E6HGZRK07SlD4vubw.jpg"></icon><desc></desc><category></category></programme><programme channel="uzzOPjn9-HFO22_9TIFik_kYR33hCvPGAG-X04lw" start="20230105010000 +0000" stop="20230105023000 +0000" catchup-id="btBRbQgRzv8By65q7BY0SLsE78kFc7Pl8rfn4YBX"><title>Stepdads Slam 18YO Slots</title><date></date><icon src="https://m7be2.solocoo.tv/m7be2iphone/mmchan/mpimages/208x308/tDlD6E6HGZRK07SlD4vubw.jpg"></icon><desc></desc><category></category></programme><programme channel="uzzOPjn9-HFO22_9TIFik_kYR33hCvPGAG-X04lw" start="20230105023000 +0000" stop="20230105040000 +0000" catchup-id="_VWVV7zDf9reUt0zfcDNv_QgFHErU7DrH9sFVfCV"><title>12 Black Inches Down MILF Throats</title><date></date><icon src="https://m7be2.solocoo.tv/m7be2iphone/mmchan/mpimages/208x308/tDlD6E6HGZRK07SlD4vubw.jpg"></icon><desc></desc><category></category></programme><programme channel="uzzOPjn9-HFO22_9TIFik_kYR33hCvPGAG-X04lw" start="20230105040000 +0000" stop="20230105043000 +0000" catchup-id="EDgrUTEG3zdI2DfdfMwHgyZn5YwIroTevqI6Zbse"><title>Hustler TV Clips</title><date></date><icon src="https://m7be2.solocoo.tv/m7be2iphone/mmchan/mpimages/208x308/tDlD6E6HGZRK07SlD4vubw.jpg"></icon><desc></desc><category></category></programme><programme channel="uzzOPjn9-HFO22_9TIFik_kYR33hCvPGAG-X04lw" start="20230105043000 +0000" stop="20230105060000 +0000" catchup-id="QcQ_PUjDfO73up1lGcPZEUySoejHqfZT7gp40Tu4"><title>1-On-1s: 18YO Coeds Cram Bones</title><date></date><icon src="https://m7be2.solocoo.tv/m7be2iphone/mmchan/mpimages/260x145/tDlD6E6HGZRK07SlD4vubw.jpg"></icon><desc></desc><category></category></programme><programme channel="uzzOPjn9-HFO22_9TIFik_kYR33hCvPGAG-X04lw" start="20230105060000 +0000" stop="20230105073000 +0000" catchup-id="yZDpNzLW9FjZhezQCDCCy9ozzN_3K1Yhd20-x77V"><title>Plunge Into My Petite Lesbian Pink #2</title><date></date><icon src="https://m7be2.solocoo.tv/m7be2iphone/mmchan/mpimages/260x145/tDlD6E6HGZRK07SlD4vubw.jpg"></icon><desc></desc><category></category></programme><programme channel="uzzOPjn9-HFO22_9TIFik_kYR33hCvPGAG-X04lw" start="20230105073000 +0000" stop="20230105090000 +0000" catchup-id="l0ImB7PqZnDsqXffriXmRnG6tLZnQK4ubQlzWRu7"><title>18YO Students Spanked &amp; Spunked!</title><date></date><icon src="https://m7be2.solocoo.tv/m7be2iphone/mmchan/mpimages/260x145/tDlD6E6HGZRK07SlD4vubw.jpg"></icon><desc></desc><category></category></programme><programme channel="uzzOPjn9-HFO22_9TIFik_kYR33hCvPGAG-X04lw" start="20230105090000 +0000" stop="20230105103000 +0000" catchup-id="68PLlRO9j8ZXw4R0bbEIFipoMCi17dHApa7vcoo-"><title>Wife Bangs: Blame It on the Boobs</title><date></date><icon src="https://m7be2.solocoo.tv/m7be2iphone/mmchan/mpimages/260x145/tDlD6E6HGZRK07SlD4vubw.jpg"></icon><desc></desc><category></category></programme><programme channel="uzzOPjn9-HFO22_9TIFik_kYR33hCvPGAG-X04lw" start="20230105103000 +0000" stop="20230105120000 +0000" catchup-id="TqsPCmq2VcJZGprvvtFSfB1EU_IViQtWPu4MoXxY"><title>Screwing Sultry 20YO Stepsisters!</title><date></date><icon src="https://m7be2.solocoo.tv/m7be2iphone/mmchan/mpimages/260x145/tDlD6E6HGZRK07SlD4vubw.jpg"></icon><desc></desc><category></category></programme><programme channel="uzzOPjn9-HFO22_9TIFik_kYR33hCvPGAG-X04lw" start="20230105120000 +0000" stop="20230105133000 +0000" catchup-id="r-mc1ZkKy5dokXcN1-bhQKxoeV40RpI_H-F0fau8"><title>Dripping Pies Between My Asian Thighs</title><date></date><icon src="https://m7be2.solocoo.tv/m7be2iphone/mmchan/mpimages/260x145/tDlD6E6HGZRK07SlD4vubw.jpg"></icon><desc></desc><category></category></programme><programme channel="uzzOPjn9-HFO22_9TIFik_kYR33hCvPGAG-X04lw" start="20230105133000 +0000" stop="20230105150000 +0000" catchup-id="Z1jHbjbfe67MgcftcJ93JfgTPKWXQtmSj5buyIPB"><title>Cute Coeds Drilled Hard</title><date></date><icon src="https://m7be2.solocoo.tv/m7be2iphone/mmchan/mpimages/260x145/tDlD6E6HGZRK07SlD4vubw.jpg"></icon><desc></desc><category></category></programme><programme channel="uzzOPjn9-HFO22_9TIFik_kYR33hCvPGAG-X04lw" start="20230105150000 +0000" stop="20230105163000 +0000" catchup-id="vZEkJsaKHWVukNs0h9dgF22aoiQyAFeM8yA1TOiW"><title>Seed-Soaked Wife Pinks</title><date></date><icon src="https://m7be2.solocoo.tv/m7be2iphone/mmchan/mpimages/260x145/tDlD6E6HGZRK07SlD4vubw.jpg"></icon><desc></desc><category></category></programme><programme channel="uzzOPjn9-HFO22_9TIFik_kYR33hCvPGAG-X04lw" start="20230105163000 +0000" stop="20230105180000 +0000" catchup-id="pGttUlY4bXJkuZ8o2LC-GZY0chbCvVPcYAcdN9JY"><title>Over 18 &amp; Naughty!</title><date></date><icon src="https://m7be2.solocoo.tv/m7be2iphone/mmchan/mpimages/260x145/tDlD6E6HGZRK07SlD4vubw.jpg"></icon><desc></desc><category></category></programme><programme channel="uzzOPjn9-HFO22_9TIFik_kYR33hCvPGAG-X04lw" start="20230105180000 +0000" stop="20230105193000 +0000" catchup-id="HeQw6wuYY3ipyXkvGcBX_AIY07IZDPy600ZQRDly"><title>MILFs: Big Boobs &amp; Bigger Creampies</title><date></date><icon src="https://m7be2.solocoo.tv/m7be2iphone/mmchan/mpimages/260x145/tDlD6E6HGZRK07SlD4vubw.jpg"></icon><desc></desc><category></category></programme><programme channel="uzzOPjn9-HFO22_9TIFik_kYR33hCvPGAG-X04lw" start="20230105193000 +0000" stop="20230105210000 +0000" catchup-id="zyxEYgXdIzmiIh9hLW7Fc-t807uNw6bdjSw-Ucx3"><title>35YO Anal Neighbors</title><date></date><icon src="https://m7be2.solocoo.tv/m7be2iphone/mmchan/mpimages/260x145/tDlD6E6HGZRK07SlD4vubw.jpg"></icon><desc></desc><category></category></programme><programme channel="uzzOPjn9-HFO22_9TIFik_kYR33hCvPGAG-X04lw" start="20230105210000 +0000" stop="20230105220000 +0000" catchup-id="KWz5-J0VkMdygNJDwdIxoGZjLGMdxzOQClycmC6q"><title>Squirting Petite Wives</title><date></date><icon src="https://m7be2.solocoo.tv/m7be2iphone/mmchan/mpimages/260x145/tDlD6E6HGZRK07SlD4vubw.jpg"></icon><desc></desc><category></category></programme><programme channel="uzzOPjn9-HFO22_9TIFik_kYR33hCvPGAG-X04lw" start="20230105220000 +0000" stop="20230105233000 +0000" catchup-id="7gOvrCktGgCLgIQoZNzpDFpsa9X7V6xGD-_t09vd"><title>4 Squirting Legal Stepsisters</title><date></date><icon src="https://m7be2.solocoo.tv/m7be2iphone/mmchan/mpimages/260x145/tDlD6E6HGZRK07SlD4vubw.jpg"></icon><desc></desc><category></category></programme><programme channel="uzzOPjn9-HFO22_9TIFik_kYR33hCvPGAG-X04lw" start="20230105233000 +0000" stop="20230106010000 +0000" catchup-id="Ec_buWGj9ZO74Dz-guJ22wBZ7GgLUbeJO-E-wLxQ"><title>1st Time Stepsons</title><date></date><icon src="https://m7be2.solocoo.tv/m7be2iphone/mmchan/mpimages/260x145/tDlD6E6HGZRK07SlD4vubw.jpg"></icon><desc></desc><category></category></programme><programme channel="uzzOPjn9-HFO22_9TIFik_kYR33hCvPGAG-X04lw" start="20230106010000 +0000" stop="20230106023000 +0000" catchup-id="bos4b_cTwe_Ek2_QHgm9bb-eQabLQ0TYSBf0aNt5"><title>Sex-Starved 18YOs Seduce Stepdad</title><date></date><icon src="https://m7be2.solocoo.tv/m7be2iphone/mmchan/mpimages/260x145/tDlD6E6HGZRK07SlD4vubw.jpg"></icon><desc></desc><category></category></programme><programme channel="uzzOPjn9-HFO22_9TIFik_kYR33hCvPGAG-X04lw" start="20230106023000 +0000" stop="20230106040000 +0000" catchup-id="lx6rDJ83VmldxMwrDHQOkELWAOTsV_v-6aBE3Xbz"><title>Lesbian Mentors: 18YOs Learn To Lick</title><date></date><icon src="https://m7be2.solocoo.tv/m7be2iphone/mmchan/mpimages/260x145/tDlD6E6HGZRK07SlD4vubw.jpg"></icon><desc></desc><category></category></programme><programme channel="uzzOPjn9-HFO22_9TIFik_kYR33hCvPGAG-X04lw" start="20230106040000 +0000" stop="20230106043000 +0000" catchup-id="jAGg7su5AEz0IEZnijdWy6Tk20pu-ATX5tUE6D3i"><title>Hustler TV Clips</title><date></date><icon src="https://m7be2.solocoo.tv/m7be2iphone/mmchan/mpimages/260x145/tDlD6E6HGZRK07SlD4vubw.jpg"></icon><desc></desc><category></category></programme><programme channel="uzzOPjn9-HFO22_9TIFik_kYR33hCvPGAG-X04lw" start="20230106043000 +0000" stop="20230106060000 +0000" catchup-id="JUxgrVZxz1QrEXzaIJ71dyi1mS3QOk4iPa7exo3L"><title>Barely Legal Girls In Glasses Gooed</title><date></date><icon src="https://m7be2.solocoo.tv/m7be2iphone/mmchan/mpimages/260x145/tDlD6E6HGZRK07SlD4vubw.jpg"></icon><desc></desc><category></category></programme><programme channel="uzzOPjn9-HFO22_9TIFik_kYR33hCvPGAG-X04lw" start="20230106060000 +0000" stop="20230106073000 +0000" catchup-id="ZIfT1ZlnhDuA0gVUJLWdx8dw0oEgEf7KHMdhZ2No"><title>Wives &amp; Their Hung Ebony Lovers</title><date></date><icon src="https://m7be2.solocoo.tv/m7be2iphone/mmchan/mpimages/260x145/tDlD6E6HGZRK07SlD4vubw.jpg"></icon><desc></desc><category></category></programme><programme channel="uzzOPjn9-HFO22_9TIFik_kYR33hCvPGAG-X04lw" start="20230106073000 +0000" stop="20230106090000 +0000" catchup-id="4KkmC6PClztvpCcLs5u6UnqNPSxGdmRpYjsYST4i"><title>Busty Lesbian MILF Lovers</title><date></date><icon src="https://m7be2.solocoo.tv/m7be2iphone/mmchan/mpimages/260x145/tDlD6E6HGZRK07SlD4vubw.jpg"></icon><desc></desc><category></category></programme><programme channel="uzzOPjn9-HFO22_9TIFik_kYR33hCvPGAG-X04lw" start="20230106090000 +0000" stop="20230106103000 +0000" catchup-id="62UMouWYjd5KGEjB-xI73cFqW1lDAq6PvbgIsQBz"><title>I Sniff My 20YO Stepdaughter's Pantys</title><date></date><icon src="https://m7be2.solocoo.tv/m7be2iphone/mmchan/mpimages/260x145/tDlD6E6HGZRK07SlD4vubw.jpg"></icon><desc></desc><category></category></programme><programme channel="uzzOPjn9-HFO22_9TIFik_kYR33hCvPGAG-X04lw" start="20230106103000 +0000" stop="20230106120000 +0000" catchup-id="NkWzM5Frbn1ewl0uZj5a_KRrYhMMlL46hReOT9Mn"><title>Women Seeking Women #185</title><date></date><icon src="https://m7be2.solocoo.tv/m7be2iphone/mmchan/mpimages/260x145/tDlD6E6HGZRK07SlD4vubw.jpg"></icon><desc></desc><category></category></programme><programme channel="uzzOPjn9-HFO22_9TIFik_kYR33hCvPGAG-X04lw" start="20230106120000 +0000" stop="20230106133000 +0000" catchup-id="g1pyK1lp8ApichdFZprrH9pzsxeNW5iJmIDCHhgu"><title>Raunchy MILF Hotel Rendezvous</title><date></date><icon src="https://m7be2.solocoo.tv/m7be2iphone/mmchan/mpimages/260x145/tDlD6E6HGZRK07SlD4vubw.jpg"></icon><desc></desc><category></category></programme><programme channel="uzzOPjn9-HFO22_9TIFik_kYR33hCvPGAG-X04lw" start="20230106133000 +0000" stop="20230106150000 +0000" catchup-id="PfSXircVA742zRC3gm0inrHmGhiM1KU8Ve6wbBuf"><title>Hot Teens Creamed &amp; Facialed</title><date></date><icon src="https://m7be2.solocoo.tv/m7be2iphone/mmchan/mpimages/260x145/tDlD6E6HGZRK07SlD4vubw.jpg"></icon><desc></desc><category></category></programme><programme channel="uzzOPjn9-HFO22_9TIFik_kYR33hCvPGAG-X04lw" start="20230106150000 +0000" stop="20230106163000 +0000" catchup-id="YJPIgzqtbu6pWvXdQTbt4PJFCt_TxaRXhIRTf9Vi"><title>Petite Hotwife Bangs While I'm Away #2</title><date></date><icon src="https://m7be2.solocoo.tv/m7be2iphone/mmchan/mpimages/260x145/tDlD6E6HGZRK07SlD4vubw.jpg"></icon><desc></desc><category></category></programme><programme channel="uzzOPjn9-HFO22_9TIFik_kYR33hCvPGAG-X04lw" start="20230106163000 +0000" stop="20230106180000 +0000" catchup-id="xWuPlPMLfGnvATbx49AwVRLycrXWcVc-s_HEZmqv"><title>Curvy Cuties Bang the Doctor!</title><date></date><icon src="https://m7be2.solocoo.tv/m7be2iphone/mmchan/mpimages/260x145/tDlD6E6HGZRK07SlD4vubw.jpg"></icon><desc></desc><category></category></programme><programme channel="uzzOPjn9-HFO22_9TIFik_kYR33hCvPGAG-X04lw" start="20230106180000 +0000" stop="20230106193000 +0000" catchup-id="3hB57E-aLTcWLLxLVEvbByZJzekqC4ABD__ngWyA"><title>Tight Fit: 13'' Black For MILF Boxes</title><date></date><icon src="https://m7be2.solocoo.tv/m7be2iphone/mmchan/mpimages/260x145/tDlD6E6HGZRK07SlD4vubw.jpg"></icon><desc></desc><category></category></programme><programme channel="uzzOPjn9-HFO22_9TIFik_kYR33hCvPGAG-X04lw" start="20230106193000 +0000" stop="20230106210000 +0000" catchup-id="xmGE16whPUHDhEGdb6-rH_xYdid-e9vcWBqPmN1J"><title>10 Best: New Petite 18YO In Town #4</title><date></date><icon src="https://m7be2.solocoo.tv/m7be2iphone/mmchan/mpimages/260x145/tDlD6E6HGZRK07SlD4vubw.jpg"></icon><desc></desc><category></category></programme><programme channel="uzzOPjn9-HFO22_9TIFik_kYR33hCvPGAG-X04lw" start="20230106210000 +0000" stop="20230106220000 +0000" catchup-id="15_N9KB6wgQsNCOMuUU83q3vZlItQE6bIphILEry"><title>Stepfamily Facials</title><date></date><icon src="https://m7be2.solocoo.tv/m7be2iphone/mmchan/mpimages/260x145/tDlD6E6HGZRK07SlD4vubw.jpg"></icon><desc></desc><category></category></programme><programme channel="uzzOPjn9-HFO22_9TIFik_kYR33hCvPGAG-X04lw" start="20230106220000 +0000" stop="20230106233000 +0000" catchup-id="Qy3GcSLNRLFLJZw-CJgYMDOb4LVZOLZ_vL2k31Wc"><title>Young MILFs' Boobacious 3-Ways</title><date></date><icon src="https://m7be2.solocoo.tv/m7be2iphone/mmchan/mpimages/260x145/tDlD6E6HGZRK07SlD4vubw.jpg"></icon><desc></desc><category></category></programme><programme channel="uzzOPjn9-HFO22_9TIFik_kYR33hCvPGAG-X04lw" start="20230106233000 +0000" stop="20230107010000 +0000" catchup-id="DRRKeWcnrWNUTXlDGoF0bd_CwTL3DLypJfLPU0uA"><title>Spanish Maids Shafted</title><date></date><icon src="https://m7be2.solocoo.tv/m7be2iphone/mmchan/mpimages/260x145/tDlD6E6HGZRK07SlD4vubw.jpg"></icon><desc></desc><category></category></programme><programme channel="uzzOPjn9-HFO22_9TIFik_kYR33hCvPGAG-X04lw" start="20230107010000 +0000" stop="20230107023000 +0000" catchup-id="2U7C9z8FRCaWJTMG2VL29EkVLlCyYeLviVCeWrZQ"><title>10'' Deep In 18YO Hotwives</title><date></date><icon src="https://m7be2.solocoo.tv/m7be2iphone/mmchan/mpimages/260x145/tDlD6E6HGZRK07SlD4vubw.jpg"></icon><desc></desc><category></category></programme><programme channel="uzzOPjn9-HFO22_9TIFik_kYR33hCvPGAG-X04lw" start="20230107023000 +0000" stop="20230107040000 +0000" catchup-id="6WA73u9vZoes-zJR8oA-KlgCe6PtYgYqw3UIbGZj"><title>10 Juicy: MILF Wife Massage Sex</title><date></date><icon src="https://m7be2.solocoo.tv/m7be2iphone/mmchan/mpimages/260x145/tDlD6E6HGZRK07SlD4vubw.jpg"></icon><desc></desc><category></category></programme><programme channel="uzzOPjn9-HFO22_9TIFik_kYR33hCvPGAG-X04lw" start="20230107040000 +0000" stop="20230107043000 +0000" catchup-id="Y1JQBtbnyyeNs67DxadxVGiN8P7jutmUjrb1QABT"><title>Hustler TV Clips</title><date></date><icon src="https://m7be2.solocoo.tv/m7be2iphone/mmchan/mpimages/260x145/tDlD6E6HGZRK07SlD4vubw.jpg"></icon><desc></desc><category></category></programme><programme channel="uzzOPjn9-HFO22_9TIFik_kYR33hCvPGAG-X04lw" start="20230107043000 +0000" stop="20230107060000 +0000" catchup-id="Xd_kKXevLGmak_TaynKw_yjuEfs3t7IkXlI7L7JV"><title>4 Squirting Legal Stepsisters</title><date></date><icon src="https://m7be2.solocoo.tv/m7be2iphone/mmchan/mpimages/260x145/tDlD6E6HGZRK07SlD4vubw.jpg"></icon><desc></desc><category></category></programme><programme channel="uzzOPjn9-HFO22_9TIFik_kYR33hCvPGAG-X04lw" start="20230107060000 +0000" stop="20230107073000 +0000" catchup-id="G4zboSy4cETjx8i8a1h1QrNTc-zAiOog4CbYWsV8"><title>Stacked Young Wives Fulfilled</title><date></date><icon src="https://m7be2.solocoo.tv/m7be2iphone/mmchan/mpimages/260x145/tDlD6E6HGZRK07SlD4vubw.jpg"></icon><desc></desc><category></category></programme><programme channel="uzzOPjn9-HFO22_9TIFik_kYR33hCvPGAG-X04lw" start="20230107073000 +0000" stop="20230107090000 +0000" catchup-id="57XKebrE5AjfxYZuMkoMT-sJ8qQ93X944bW9MQHQ"><title>Euro Hotties Creampied</title><date></date><icon src="https://m7be2.solocoo.tv/m7be2iphone/mmchan/mpimages/260x145/tDlD6E6HGZRK07SlD4vubw.jpg"></icon><desc></desc><category></category></programme><programme channel="uzzOPjn9-HFO22_9TIFik_kYR33hCvPGAG-X04lw" start="20230107090000 +0000" stop="20230107103000 +0000" catchup-id="n7CdEua69eskNKNukZNRc7owMum3fGuWiNKR7o-v"><title>Don't Tell Dad! Stepmoms Slurp 20YOs</title><date></date><icon src="https://m7be2.solocoo.tv/m7be2iphone/mmchan/mpimages/260x145/tDlD6E6HGZRK07SlD4vubw.jpg"></icon><desc></desc><category></category></programme><programme channel="uzzOPjn9-HFO22_9TIFik_kYR33hCvPGAG-X04lw" start="20230107103000 +0000" stop="20230107120000 +0000" catchup-id="S4dXF2SF4uKgkzxmW8v8ID2gya84fWncYXVd4ogb"><title>Seducing My Hung Stepdad Into Anal!</title><date></date><icon src="https://m7be2.solocoo.tv/m7be2iphone/mmchan/mpimages/260x145/tDlD6E6HGZRK07SlD4vubw.jpg"></icon><desc></desc><category></category></programme><programme channel="uzzOPjn9-HFO22_9TIFik_kYR33hCvPGAG-X04lw" start="20230107120000 +0000" stop="20230107133000 +0000" catchup-id="VFBQetRQOMk6zNZyPAzWmEDCtUnj4ATCPzGLwOFv"><title>Stacked Secretaries Take Dictations</title><date></date><icon src="https://m7be2.solocoo.tv/m7be2iphone/mmchan/mpimages/260x145/tDlD6E6HGZRK07SlD4vubw.jpg"></icon><desc></desc><category></category></programme><programme channel="uzzOPjn9-HFO22_9TIFik_kYR33hCvPGAG-X04lw" start="20230107133000 +0000" stop="20230107150000 +0000" catchup-id="Sq6VTgFab7x-Cc0kRlUk5WhZUq7Zk2KjUrrI6Nkh"><title>Naughty 18YO Study Sesh Seductions</title><date></date><icon src="https://m7be2.solocoo.tv/m7be2iphone/mmchan/mpimages/260x145/tDlD6E6HGZRK07SlD4vubw.jpg"></icon><desc></desc><category></category></programme><programme channel="uzzOPjn9-HFO22_9TIFik_kYR33hCvPGAG-X04lw" start="20230107150000 +0000" stop="20230107163000 +0000" catchup-id="PFp1zDHYsbYOUQ5XGtuh7c23980aNQY-nPgUrCE0"><title>12'' Black Bull For Young Hotwives</title><date></date><icon src="https://m7be2.solocoo.tv/m7be2iphone/mmchan/mpimages/260x145/tDlD6E6HGZRK07SlD4vubw.jpg"></icon><desc></desc><category></category></programme><programme channel="uzzOPjn9-HFO22_9TIFik_kYR33hCvPGAG-X04lw" start="20230107163000 +0000" stop="20230107180000 +0000" catchup-id="RwfOGwnalwlgBWQ_nu4vIPhk-D9LdvPyS4fSeCx8"><title>Barely Legal #167: College Creampies</title><date></date><icon src="https://m7be2.solocoo.tv/m7be2iphone/mmchan/mpimages/260x145/tDlD6E6HGZRK07SlD4vubw.jpg"></icon><desc></desc><category></category></programme><programme channel="uzzOPjn9-HFO22_9TIFik_kYR33hCvPGAG-X04lw" start="20230107180000 +0000" stop="20230107193000 +0000" catchup-id="L657Q4gn3FE3Rie7RTZYOxOnELjNTgFIlObGfhVd"><title>0 Men: Wet Wife Lez Life</title><date></date><icon src="https://m7be2.solocoo.tv/m7be2iphone/mmchan/mpimages/260x145/tDlD6E6HGZRK07SlD4vubw.jpg"></icon><desc></desc><category></category></programme><programme channel="uzzOPjn9-HFO22_9TIFik_kYR33hCvPGAG-X04lw" start="20230107193000 +0000" stop="20230107210000 +0000" catchup-id="R_8JtbLPkOdu_AXGaN_Z0i2UrNXQxmApqjq-kjh5"><title>1-On-1s: 18YO Coeds Cram Bones</title><date></date><icon src="https://m7be2.solocoo.tv/m7be2iphone/mmchan/mpimages/260x145/tDlD6E6HGZRK07SlD4vubw.jpg"></icon><desc></desc><category></category></programme><programme channel="uzzOPjn9-HFO22_9TIFik_kYR33hCvPGAG-X04lw" start="20230107210000 +0000" stop="20230107220000 +0000" catchup-id="SOZYpifP5XgjYHuUPe0UYsGxCdHvudTY6EfG-9xy"><title>Squirt vs Squirt: DD Anal 3-Way Chix</title><date></date><icon src="https://m7be2.solocoo.tv/m7be2iphone/mmchan/mpimages/260x145/tDlD6E6HGZRK07SlD4vubw.jpg"></icon><desc></desc><category></category></programme><programme channel="uzzOPjn9-HFO22_9TIFik_kYR33hCvPGAG-X04lw" start="20230107220000 +0000" stop="20230107233000 +0000" catchup-id="sYTUc4bwfbmjilh7QoXHbDXHyUyuno67QhzqmzG7"><title>White Women Crave Black Bones</title><date></date><icon src="https://m7be2.solocoo.tv/m7be2iphone/mmchan/mpimages/260x145/tDlD6E6HGZRK07SlD4vubw.jpg"></icon><desc></desc><category></category></programme><programme channel="uzzOPjn9-HFO22_9TIFik_kYR33hCvPGAG-X04lw" start="20230107233000 +0000" stop="20230108010000 +0000" catchup-id="xm1uMPm2o0C_rPpDH7h8NGFBz05onm3Bnx5Ae5k8"><title>New Amateurs Nailed For Nut</title><date></date><icon src="https://m7be2.solocoo.tv/m7be2iphone/mmchan/mpimages/260x145/tDlD6E6HGZRK07SlD4vubw.jpg"></icon><desc></desc><category></category></programme><programme channel="uzzOPjn9-HFO22_9TIFik_kYR33hCvPGAG-X04lw" start="20230108010000 +0000" stop="20230108023000 +0000" catchup-id="TDu8Fta7QXGi_rZpp8v_Xz3mFsHVZFeIpoVgg-gJ"><title>1st-Time Busty Anal-Licking Lesbians</title><date></date><icon src="https://m7be2.solocoo.tv/m7be2iphone/mmchan/mpimages/260x145/tDlD6E6HGZRK07SlD4vubw.jpg"></icon><desc></desc><category></category></programme><programme channel="uzzOPjn9-HFO22_9TIFik_kYR33hCvPGAG-X04lw" start="20230108023000 +0000" stop="20230108040000 +0000" catchup-id="aI8gIrR7plB47dk9r_mSBMjYiN3lUDfsRRuqFfrQ"><title>35YO Anal Neighbors</title><date></date><icon src="https://m7be2.solocoo.tv/m7be2iphone/mmchan/mpimages/260x145/tDlD6E6HGZRK07SlD4vubw.jpg"></icon><desc></desc><category></category></programme><programme channel="uzzOPjn9-HFO22_9TIFik_kYR33hCvPGAG-X04lw" start="20230108040000 +0000" stop="20230108043000 +0000" catchup-id="URlxvkuTtQUnJ7SzBUb6REFcb_PNChHlI9m_W2Qi"><title>Hustler TV Clips</title><date></date><icon src="https://m7be2.solocoo.tv/m7be2iphone/mmchan/mpimages/260x145/tDlD6E6HGZRK07SlD4vubw.jpg"></icon><desc></desc><category></category></programme><programme channel="uzzOPjn9-HFO22_9TIFik_kYR33hCvPGAG-X04lw" start="20230108043000 +0000" stop="20230108060000 +0000" catchup-id="WmH57IGix0Lr_nZe3YLZkt_T1fmwM7rcSl1QCV4p"><title>Young MILFs' Boobacious 3-Ways</title><date></date><icon src="https://m7be2.solocoo.tv/m7be2iphone/mmchan/mpimages/260x145/tDlD6E6HGZRK07SlD4vubw.jpg"></icon><desc></desc><category></category></programme><programme channel="uzzOPjn9-HFO22_9TIFik_kYR33hCvPGAG-X04lw" start="20230108060000 +0000" stop="20230108073000 +0000" catchup-id="UHlTLVXOnwcE1Kxlh7cxWQuJPEDe2YNd3gQSVlBV"><title>Young, 19 &amp; Stretched In Yoga Pants</title><date></date><icon src="https://m7be2.solocoo.tv/m7be2iphone/mmchan/mpimages/260x145/tDlD6E6HGZRK07SlD4vubw.jpg"></icon><desc></desc><category></category></programme><programme channel="uzzOPjn9-HFO22_9TIFik_kYR33hCvPGAG-X04lw" start="20230108073000 +0000" stop="20230108090000 +0000" catchup-id="I3HObbUs1XMGFjow1mfraoO-Dw4K8H0F5-BnDMzn"><title>Horny Petite Wives Pounded</title><date></date><icon src="https://m7be2.solocoo.tv/m7be2iphone/mmchan/mpimages/260x145/tDlD6E6HGZRK07SlD4vubw.jpg"></icon><desc></desc><category></category></programme><programme channel="uzzOPjn9-HFO22_9TIFik_kYR33hCvPGAG-X04lw" start="20230108090000 +0000" stop="20230108103000 +0000" catchup-id="uxIsdCQ5DgAZGGUsHsNAoMxCEgmcAEWAfVyVrwXe"><title>Swinging Starlet Group Sex</title><date></date><icon src="https://m7be2.solocoo.tv/m7be2iphone/mmchan/mpimages/260x145/tDlD6E6HGZRK07SlD4vubw.jpg"></icon><desc></desc><category></category></programme><programme channel="uzzOPjn9-HFO22_9TIFik_kYR33hCvPGAG-X04lw" start="20230108103000 +0000" stop="20230108120000 +0000" catchup-id="VFY1nSGaB1CMxsLyT5MsD8atLrAesmUD-S1VD9f_"><title>Xtra-Hairy 25YO's Bush</title><date></date><icon src="https://m7be2.solocoo.tv/m7be2iphone/mmchan/mpimages/260x145/tDlD6E6HGZRK07SlD4vubw.jpg"></icon><desc></desc><category></category></programme><programme channel="uzzOPjn9-HFO22_9TIFik_kYR33hCvPGAG-X04lw" start="20230108120000 +0000" stop="20230108133000 +0000" catchup-id="03F29eP_GBya8qh9CqHe6WSDGpJZVfLqjL_C_vep"><title>Legal Nanny Fanny Rammin'</title><date></date><icon src="https://m7be2.solocoo.tv/m7be2iphone/mmchan/mpimages/260x145/tDlD6E6HGZRK07SlD4vubw.jpg"></icon><desc></desc><category></category></programme><programme channel="uzzOPjn9-HFO22_9TIFik_kYR33hCvPGAG-X04lw" start="20230108133000 +0000" stop="20230108150000 +0000" catchup-id="VQN5dOo44QJF_2BHTgHTo9k-IirwCAkMvYt3ZwAZ"><title>Chesty Cheaters Get Crammed</title><date></date><icon src="https://m7be2.solocoo.tv/m7be2iphone/mmchan/mpimages/260x145/tDlD6E6HGZRK07SlD4vubw.jpg"></icon><desc></desc><category></category></programme><programme channel="uzzOPjn9-HFO22_9TIFik_kYR33hCvPGAG-X04lw" start="20230108150000 +0000" stop="20230108163000 +0000" catchup-id="-lWUgJwM23OHIzwCiI0tiOd49KNFyKw3gxoVRULS"><title>My Hot Neighbor Is Bi!</title><date></date><icon src="https://m7be2.solocoo.tv/m7be2iphone/mmchan/mpimages/260x145/tDlD6E6HGZRK07SlD4vubw.jpg"></icon><desc></desc><category></category></programme><programme channel="uzzOPjn9-HFO22_9TIFik_kYR33hCvPGAG-X04lw" start="20230108163000 +0000" stop="20230108180000 +0000" catchup-id="g8uNR2l0Z_28XCfPrZnXuID-PwhM-1sWk2KaZ8rS"><title>Natural Ebony Housewives Humped</title><date></date><icon src="https://m7be2.solocoo.tv/m7be2iphone/mmchan/mpimages/260x145/tDlD6E6HGZRK07SlD4vubw.jpg"></icon><desc></desc><category></category></programme><programme channel="uzzOPjn9-HFO22_9TIFik_kYR33hCvPGAG-X04lw" start="20230108180000 +0000" stop="20230108193000 +0000" catchup-id="NYl0zQVRC-fw0K7bNg41Z0T27evsDr5c4IaSQvBV"><title>32DD Sex Education</title><date></date><icon src="https://m7be2.solocoo.tv/m7be2iphone/mmchan/mpimages/260x145/tDlD6E6HGZRK07SlD4vubw.jpg"></icon><desc></desc><category></category></programme><programme channel="uzzOPjn9-HFO22_9TIFik_kYR33hCvPGAG-X04lw" start="20230108193000 +0000" stop="20230108210000 +0000" catchup-id="7YnXblVFacB1cH_oicKxKni5gjxqvXA_5A2KIcBi"><title>Barely Legal Girls In Glasses Gooed</title><date></date><icon src="https://m7be2.solocoo.tv/m7be2iphone/mmchan/mpimages/260x145/tDlD6E6HGZRK07SlD4vubw.jpg"></icon><desc></desc><category></category></programme><programme channel="uzzOPjn9-HFO22_9TIFik_kYR33hCvPGAG-X04lw" start="20230108210000 +0000" stop="20230108220000 +0000" catchup-id="ZADxi-1buDHYgRQTje9SmIE5cTregNc8tczpMkCk"><title>10'' Bi Guys &amp; Wet Pinks</title><date></date><icon src="https://m7be2.solocoo.tv/m7be2iphone/mmchan/mpimages/260x145/tDlD6E6HGZRK07SlD4vubw.jpg"></icon><desc></desc><category></category></programme><programme channel="uzzOPjn9-HFO22_9TIFik_kYR33hCvPGAG-X04lw" start="20230108220000 +0000" stop="20230108233000 +0000" catchup-id="9r0fTToEKhHuXjuG0u12E447aKN6MJ0ITg3--ORc"><title>Naked DD Wives: 30, Dirty &amp; Flirty</title><date></date><icon src="https://m7be2.solocoo.tv/m7be2iphone/mmchan/mpimages/260x145/tDlD6E6HGZRK07SlD4vubw.jpg"></icon><desc></desc><category></category></programme><programme channel="uzzOPjn9-HFO22_9TIFik_kYR33hCvPGAG-X04lw" start="20230108233000 +0000" stop="20230109010000 +0000" catchup-id="HYd3E_rXCrozzK7PMexpZzgrDxJIF5PHMyn2BMXP"><title>4 Girls Give A Cuck</title><date></date><icon src="https://m7be2.solocoo.tv/m7be2iphone/mmchan/mpimages/260x145/tDlD6E6HGZRK07SlD4vubw.jpg"></icon><desc></desc><category></category></programme><programme channel="uzzOPjn9-HFO22_9TIFik_kYR33hCvPGAG-X04lw" start="20230109010000 +0000" stop="20230109023000 +0000" catchup-id="4Pk5j2d4CiQoXkJ6oluk0mNUZ-1wgKoufxrER-Gp"><title>32DD Oiled Breast Massages</title><date></date><icon src="https://m7be2.solocoo.tv/m7be2iphone/mmchan/mpimages/260x145/tDlD6E6HGZRK07SlD4vubw.jpg"></icon><desc></desc><category></category></programme><programme channel="uzzOPjn9-HFO22_9TIFik_kYR33hCvPGAG-X04lw" start="20230109023000 +0000" stop="20230109040000 +0000" catchup-id="6Rxwoov1qQQSzJYIdg4kyCn-Mi9hPRqAbU5JvQUZ"><title>10 Best: New Petite 18YO In Town #4</title><date></date><icon src="https://m7be2.solocoo.tv/m7be2iphone/mmchan/mpimages/260x145/tDlD6E6HGZRK07SlD4vubw.jpg"></icon><desc></desc><category></category></programme><programme channel="uzzOPjn9-HFO22_9TIFik_kYR33hCvPGAG-X04lw" start="20230109040000 +0000" stop="20230109043000 +0000" catchup-id="69iHJqHQUkX3orTRyXqFiBnHzjSVdxDgu5BTB-Xo"><title>Hustler TV Clips</title><date></date><icon src="https://m7be2.solocoo.tv/m7be2iphone/mmchan/mpimages/260x145/tDlD6E6HGZRK07SlD4vubw.jpg"></icon><desc></desc><category></category></programme><programme channel="uzzOPjn9-HFO22_9TIFik_kYR33hCvPGAG-X04lw" start="20230109043000 +0000" stop="20230109060000 +0000" catchup-id="rbqwnBmsG9Nz6qHPnvc7l-QdStskKgQNiVm9pBwU"><title>White Women Crave Black Bones</title><date></date><icon src="https://m7be2.solocoo.tv/m7be2iphone/mmchan/mpimages/260x145/tDlD6E6HGZRK07SlD4vubw.jpg"></icon><desc></desc><category></category></programme><programme channel="uzzOPjn9-HFO22_9TIFik_kYR33hCvPGAG-X04lw" start="20230109060000 +0000" stop="20230109073000 +0000" catchup-id="sRjEa8AdAlksZm8jBCupFyv8A59WPuUpIXxw3M4g"><title>New Amateurs Nailed For Nut</title><date></date><icon src="https://m7be2.solocoo.tv/m7be2iphone/mmchan/mpimages/260x145/tDlD6E6HGZRK07SlD4vubw.jpg"></icon><desc></desc><category></category></programme><programme channel="uzzOPjn9-HFO22_9TIFik_kYR33hCvPGAG-X04lw" start="20230109073000 +0000" stop="20230109090000 +0000" catchup-id="u9JBK7dZahsd6g4rnlXxqaGhgTOo7iyrtpYRAie_"><title>Lesbians Love Huge Boobs</title><date></date><icon src="https://m7be2.solocoo.tv/m7be2iphone/mmchan/mpimages/260x145/tDlD6E6HGZRK07SlD4vubw.jpg"></icon><desc></desc><category></category></programme><programme channel="uzzOPjn9-HFO22_9TIFik_kYR33hCvPGAG-X04lw" start="20230109090000 +0000" stop="20230109103000 +0000" catchup-id="ILb0bYWPcehqam1R_OZ8Xc6Tgc3Q1VAgRcD2Unk1"><title>Ultra-Petites Creampied By Thick Rods</title><date></date><icon src="https://m7be2.solocoo.tv/m7be2iphone/mmchan/mpimages/260x145/tDlD6E6HGZRK07SlD4vubw.jpg"></icon><desc></desc><category></category></programme><programme channel="uzzOPjn9-HFO22_9TIFik_kYR33hCvPGAG-X04lw" start="20230109103000 +0000" stop="20230109120000 +0000" catchup-id="vtzJLW-WNLEkBRDzFD2y6BGT2OZlMgHK_xSquxpF"><title>25YO Cuckolding Trophy Wives</title><date></date><icon src="https://m7be2.solocoo.tv/m7be2iphone/mmchan/mpimages/260x145/tDlD6E6HGZRK07SlD4vubw.jpg"></icon><desc></desc><category></category></programme><programme channel="uzzOPjn9-HFO22_9TIFik_kYR33hCvPGAG-X04lw" start="20230109120000 +0000" stop="20230109133000 +0000" catchup-id="BJGWUu1wazuX477rHEpbDaJTbFhM84y9x7l0JPdf"><title>This Ain't Conan The Barbarian</title><date></date><icon src="https://m7be2.solocoo.tv/m7be2iphone/mmchan/mpimages/260x145/tDlD6E6HGZRK07SlD4vubw.jpg"></icon><desc></desc><category></category></programme><programme channel="uzzOPjn9-HFO22_9TIFik_kYR33hCvPGAG-X04lw" start="20230109133000 +0000" stop="20230109150000 +0000" catchup-id="S_u5OqxrOv0lX06tlL7ESROXRnTjR5UPOSWnr03z"><title>69ing A-Cup Lesbians Share Shaft</title><date></date><icon src="https://m7be2.solocoo.tv/m7be2iphone/mmchan/mpimages/260x145/tDlD6E6HGZRK07SlD4vubw.jpg"></icon><desc></desc><category></category></programme><programme channel="uzzOPjn9-HFO22_9TIFik_kYR33hCvPGAG-X04lw" start="20230109150000 +0000" stop="20230109163000 +0000" catchup-id="4_bFSXfFYOMUjb4Wcp08cdzafJBWjyftLexnbuHv"><title>Stepdad's Favorite Just Legal Cutie</title><date></date><icon src="https://m7be2.solocoo.tv/m7be2iphone/mmchan/mpimages/260x145/tDlD6E6HGZRK07SlD4vubw.jpg"></icon><desc></desc><category></category></programme><programme channel="uzzOPjn9-HFO22_9TIFik_kYR33hCvPGAG-X04lw" start="20230109163000 +0000" stop="20230109180000 +0000" catchup-id="gauD2z2YWfoQ-iRC7EgJvO2bay-PX6tC4wy0KTe2"><title>Young Wives Straddle Studs</title><date></date><icon src="https://m7be2.solocoo.tv/m7be2iphone/mmchan/mpimages/260x145/tDlD6E6HGZRK07SlD4vubw.jpg"></icon><desc></desc><category></category></programme><programme channel="uzzOPjn9-HFO22_9TIFik_kYR33hCvPGAG-X04lw" start="20230109180000 +0000" stop="20230109193000 +0000" catchup-id="ZVzSYYCt69gocsHfS8qNi7yqqJDNIvBsdQjlVPG5"><title>21YO Lesbian Pinks Get Worked Out</title><date></date><icon src="https://m7be2.solocoo.tv/m7be2iphone/mmchan/mpimages/260x145/tDlD6E6HGZRK07SlD4vubw.jpg"></icon><desc></desc><category></category></programme><programme channel="uzzOPjn9-HFO22_9TIFik_kYR33hCvPGAG-X04lw" start="20230109193000 +0000" stop="20230109210000 +0000" catchup-id="yTcZCPxIAMDHmreOUvC7cYzyGebrUoj-Jyt3RFtB"><title>4 Squirting Legal Stepsisters</title><date></date><icon src="https://m7be2.solocoo.tv/m7be2iphone/mmchan/mpimages/260x145/tDlD6E6HGZRK07SlD4vubw.jpg"></icon><desc></desc><category></category></programme><programme channel="uzzOPjn9-HFO22_9TIFik_kYR33hCvPGAG-X04lw" start="20230109210000 +0000" stop="20230109220000 +0000" catchup-id="Ms2C4hv5VsElWPPHNddNiJWB8JZM0-81S2lnj0V4"><title>Stacked Petites Bounce on Shaft</title><date></date><icon src="https://m7be2.solocoo.tv/m7be2iphone/mmchan/mpimages/260x145/tDlD6E6HGZRK07SlD4vubw.jpg"></icon><desc></desc><category></category></programme><programme channel="uzzOPjn9-HFO22_9TIFik_kYR33hCvPGAG-X04lw" start="20230109220000 +0000" stop="20230109233000 +0000" catchup-id="AaDss0AYxadokS04MsqhXqb3hVEamX4q4767PYnS"><title>Trans Amateurs Slam Glamorous Gals</title><date></date><icon src="https://m7be2.solocoo.tv/m7be2iphone/mmchan/mpimages/260x145/tDlD6E6HGZRK07SlD4vubw.jpg"></icon><desc></desc><category></category></programme><programme channel="uzzOPjn9-HFO22_9TIFik_kYR33hCvPGAG-X04lw" start="20230109233000 +0000" stop="20230110010000 +0000" catchup-id="rEibXUOh6sl66hPqKf8S8U5k8r9KU_WIydzVrm-K"><title>3-Ways &amp; Foreplay: Anal Fantasies</title><date></date><icon src="https://m7be2.solocoo.tv/m7be2iphone/mmchan/mpimages/260x145/tDlD6E6HGZRK07SlD4vubw.jpg"></icon><desc></desc><category></category></programme><programme channel="uzzOPjn9-HFO22_9TIFik_kYR33hCvPGAG-X04lw" start="20230110010000 +0000" stop="20230110023000 +0000" catchup-id="lSMAdWeQq31Jni5NGrC4t0dtfp5TOO7p1ADzjetW"><title>Dripping Pies Between My Asian Thighs</title><date></date><icon src="https://m7be2.solocoo.tv/m7be2iphone/mmchan/mpimages/260x145/tDlD6E6HGZRK07SlD4vubw.jpg"></icon><desc></desc><category></category></programme><programme channel="uzzOPjn9-HFO22_9TIFik_kYR33hCvPGAG-X04lw" start="20230110023000 +0000" stop="20230110040000 +0000" catchup-id="oL3a4JWXMeLoknGMgAFcV_LHOSmW8riIIsf95k-l"><title>1-On-1s: 18YO Coeds Cram Bones</title><date></date><icon src="https://m7be2.solocoo.tv/m7be2iphone/mmchan/mpimages/260x145/tDlD6E6HGZRK07SlD4vubw.jpg"></icon><desc></desc><category></category></programme><programme channel="uzzOPjn9-HFO22_9TIFik_kYR33hCvPGAG-X04lw" start="20230110040000 +0000" stop="20230110043000 +0000" catchup-id="oROC-3sVoynORiZqd5lmngWhNqrUfo6deSSQ9gm-"><title>Hustler TV Clips</title><date></date><icon src="https://m7be2.solocoo.tv/m7be2iphone/mmchan/mpimages/260x145/tDlD6E6HGZRK07SlD4vubw.jpg"></icon><desc></desc><category></category></programme><programme channel="uzzOPjn9-HFO22_9TIFik_kYR33hCvPGAG-X04lw" start="20230110043000 +0000" stop="20230110060000 +0000" catchup-id="fnJC3VjN13i3-LsnE8WE0egur437lGPq260CoFSU"><title>Naked DD Wives: 30, Dirty &amp; Flirty</title><date></date><icon src="https://m7be2.solocoo.tv/m7be2iphone/mmchan/mpimages/260x145/tDlD6E6HGZRK07SlD4vubw.jpg"></icon><desc></desc><category></category></programme><programme channel="uzzOPjn9-HFO22_9TIFik_kYR33hCvPGAG-X04lw" start="20230110060000 +0000" stop="20230110073000 +0000" catchup-id="XYMTPKmZ_4QiQJ7IDpathxpbW4CkSj-4z6txcokO"><title>Over 18 &amp; Naughty!</title><date></date><icon src="https://m7be2.solocoo.tv/m7be2iphone/mmchan/mpimages/260x145/tDlD6E6HGZRK07SlD4vubw.jpg"></icon><desc></desc><category></category></programme><programme channel="uzzOPjn9-HFO22_9TIFik_kYR33hCvPGAG-X04lw" start="20230110073000 +0000" stop="20230110090000 +0000" catchup-id="l_oWsyr88Fxmbn2v5P26kNomfXgPk0jH8ha-Hxkm"><title>He Worked My MILF Pulsating Backdoor!</title><date></date><icon src="https://m7be2.solocoo.tv/m7be2iphone/mmchan/mpimages/260x145/tDlD6E6HGZRK07SlD4vubw.jpg"></icon><desc></desc><category></category></programme><programme channel="uzzOPjn9-HFO22_9TIFik_kYR33hCvPGAG-X04lw" start="20230110090000 +0000" stop="20230110103000 +0000" catchup-id="O4645x3nf3rQsZZDCp1fycJD9b5ajMnM9bNQlmed"><title>Seducing My Hung Stepdad Into Anal!</title><date></date><icon src="https://m7be2.solocoo.tv/m7be2iphone/mmchan/mpimages/260x145/tDlD6E6HGZRK07SlD4vubw.jpg"></icon><desc></desc><category></category></programme><programme channel="uzzOPjn9-HFO22_9TIFik_kYR33hCvPGAG-X04lw" start="20230110103000 +0000" stop="20230110120000 +0000" catchup-id="T9UsRu7BWEypM140R6cUzH-DLqG7n2kEqjWRjBYt"><title>Stacked Young Wives Fulfilled</title><date></date><icon src="https://m7be2.solocoo.tv/m7be2iphone/mmchan/mpimages/260x145/tDlD6E6HGZRK07SlD4vubw.jpg"></icon><desc></desc><category></category></programme><programme channel="uzzOPjn9-HFO22_9TIFik_kYR33hCvPGAG-X04lw" start="20230110120000 +0000" stop="20230110133000 +0000" catchup-id="lrMCOTuNRH1BJX3JcqAqCPNAKDg6YWtvPQbQSNDo"><title>High-Heeled Vixens Seduce Solid Shaft</title><date></date><icon src="https://m7be2.solocoo.tv/m7be2iphone/mmchan/mpimages/260x145/tDlD6E6HGZRK07SlD4vubw.jpg"></icon><desc></desc><category></category></programme><programme channel="uzzOPjn9-HFO22_9TIFik_kYR33hCvPGAG-X04lw" start="20230110133000 +0000" stop="20230110150000 +0000" catchup-id="XGgrLv-92CXTv2wWX3P76Z2VdCb2qx7qDZrKCdcm"><title>Wives &amp; Their Hung Ebony Lovers</title><date></date><icon src="https://m7be2.solocoo.tv/m7be2iphone/mmchan/mpimages/260x145/tDlD6E6HGZRK07SlD4vubw.jpg"></icon><desc></desc><category></category></programme><programme channel="uzzOPjn9-HFO22_9TIFik_kYR33hCvPGAG-X04lw" start="20230110150000 +0000" stop="20230110163000 +0000" catchup-id="zVSgfabDdgKP5Mms4xITIefuapSKK12PGdv0qXU9"><title>Petite Euro Babes Grind</title><date></date><icon src="https://m7be2.solocoo.tv/m7be2iphone/mmchan/mpimages/260x145/tDlD6E6HGZRK07SlD4vubw.jpg"></icon><desc></desc><category></category></programme><programme channel="uzzOPjn9-HFO22_9TIFik_kYR33hCvPGAG-X04lw" start="20230110163000 +0000" stop="20230110180000 +0000" catchup-id="yReni2HH_Ka_PmkFhtApBmSMwlS7fk19laN1ptZN"><title>Wives' Threeway Spa Day!</title><date></date><icon src="https://m7be2.solocoo.tv/m7be2iphone/mmchan/mpimages/260x145/tDlD6E6HGZRK07SlD4vubw.jpg"></icon><desc></desc><category></category></programme><programme channel="uzzOPjn9-HFO22_9TIFik_kYR33hCvPGAG-X04lw" start="20230110180000 +0000" stop="20230110193000 +0000" catchup-id="hgr2S6Fcukpi94QfFlnVkJEUtLosl74wK5iffBaM"><title>1st-Time Busty Anal-Licking Lesbians</title><date></date><icon src="https://m7be2.solocoo.tv/m7be2iphone/mmchan/mpimages/260x145/tDlD6E6HGZRK07SlD4vubw.jpg"></icon><desc></desc><category></category></programme><programme channel="uzzOPjn9-HFO22_9TIFik_kYR33hCvPGAG-X04lw" start="20230110193000 +0000" stop="20230110210000 +0000" catchup-id="X_kw-SrZdaRyhzFqWXQn-uZO-Eehw6put8Fk1XrW"><title>Young MILFs' Boobacious 3-Ways</title><date></date><icon src="https://m7be2.solocoo.tv/m7be2iphone/mmchan/mpimages/260x145/tDlD6E6HGZRK07SlD4vubw.jpg"></icon><desc></desc><category></category></programme><programme channel="uzzOPjn9-HFO22_9TIFik_kYR33hCvPGAG-X04lw" start="20230110210000 +0000" stop="20230110220000 +0000" catchup-id="sjmOVBb2DfFK6H5frQtilOxn__AcvsxHm9TnH6yG"><title>Lingerie Lesbians Lick Ladies</title><date></date><icon src="https://m7be2.solocoo.tv/m7be2iphone/mmchan/mpimages/260x145/tDlD6E6HGZRK07SlD4vubw.jpg"></icon><desc></desc><category></category></programme><programme channel="uzzOPjn9-HFO22_9TIFik_kYR33hCvPGAG-X04lw" start="20230110220000 +0000" stop="20230110233000 +0000" catchup-id="BvkpO-DoF0m5_NiL6cvBwN7K727boKYYaPzNztDH"><title>Massage My Tush &amp; Tatas!</title><date></date><icon src="https://m7be2.solocoo.tv/m7be2iphone/mmchan/mpimages/260x145/tDlD6E6HGZRK07SlD4vubw.jpg"></icon><desc></desc><category></category></programme><programme channel="uzzOPjn9-HFO22_9TIFik_kYR33hCvPGAG-X04lw" start="20230110233000 +0000" stop="20230111010000 +0000" catchup-id="640fAEqdetRCZYkb99uATH1cO5G0Wulh3_RrgtFF"><title>MILF Boobs Bouncin'</title><date></date><icon src="https://m7be2.solocoo.tv/m7be2iphone/mmchan/mpimages/260x145/tDlD6E6HGZRK07SlD4vubw.jpg"></icon><desc></desc><category></category></programme><programme channel="uzzOPjn9-HFO22_9TIFik_kYR33hCvPGAG-X04lw" start="20230111010000 +0000" stop="20230111023000 +0000" catchup-id="1QEF0kv0RnN6Qm89ALFXgC1rNH2FMMMVNimC1oEW"><title>Curvy Cuties Bang the Doctor!</title><date></date><icon src="https://m7be2.solocoo.tv/m7be2iphone/mmchan/mpimages/260x145/tDlD6E6HGZRK07SlD4vubw.jpg"></icon><desc></desc><category></category></programme><programme channel="uzzOPjn9-HFO22_9TIFik_kYR33hCvPGAG-X04lw" start="20230111023000 +0000" stop="20230111040000 +0000" catchup-id="TiHGRSwCDraedpr2Fk9Vr5omy9GDXZkZKc3pc_jZ"><title>Barely Legal Girls In Glasses Gooed</title><date></date><icon src="https://m7be2.solocoo.tv/m7be2iphone/mmchan/mpimages/260x145/tDlD6E6HGZRK07SlD4vubw.jpg"></icon><desc></desc><category></category></programme><programme channel="uzzOPjn9-HFO22_9TIFik_kYR33hCvPGAG-X04lw" start="20230111040000 +0000" stop="20230111043000 +0000" catchup-id="5UHEErU2fQRfHo633PbWyT-4EsDGcEobbIL9PFWC"><title>Hustler TV Clips</title><date></date><icon src="https://m7be2.solocoo.tv/m7be2iphone/mmchan/mpimages/260x145/tDlD6E6HGZRK07SlD4vubw.jpg"></icon><desc></desc><category></category></programme><programme channel="uzzOPjn9-HFO22_9TIFik_kYR33hCvPGAG-X04lw" start="20230111043000 +0000" stop="20230111060000 +0000" catchup-id="KiMeCM6wXabCaEmO-y-zbwa8HuWA2ZpqT5mnx0Do"><title>Trans Amateurs Slam Glamorous Gals</title><date></date><icon src="https://m7be2.solocoo.tv/m7be2iphone/mmchan/mpimages/260x145/tDlD6E6HGZRK07SlD4vubw.jpg"></icon><desc></desc><category></category></programme><programme channel="uzzOPjn9-HFO22_9TIFik_kYR33hCvPGAG-X04lw" start="20230111060000 +0000" stop="20230111073000 +0000" catchup-id="bFqbAOOU7UgLxzdo6puFliP7LOnFKwmfunWzGwzO"><title>MILF Maids Anally-Polish Black Pole</title><date></date><icon src="https://m7be2.solocoo.tv/m7be2iphone/mmchan/mpimages/260x145/tDlD6E6HGZRK07SlD4vubw.jpg"></icon><desc></desc><category></category></programme><programme channel="uzzOPjn9-HFO22_9TIFik_kYR33hCvPGAG-X04lw" start="20230111073000 +0000" stop="20230111090000 +0000" catchup-id="cm_WKuL5UvZnu2wExdTRs7lazEc3wAZt3Q_dlLTo"><title>I Sniff My 20YO Stepdaughter's Pantys</title><date></date><icon src="https://m7be2.solocoo.tv/m7be2iphone/mmchan/mpimages/260x145/tDlD6E6HGZRK07SlD4vubw.jpg"></icon><desc></desc><category></category></programme><programme channel="uzzOPjn9-HFO22_9TIFik_kYR33hCvPGAG-X04lw" start="20230111090000 +0000" stop="20230111103000 +0000" catchup-id="U5P9ayrOJgcrZuHITF3NrnnFVUqZkCKnYZX8JLvL"><title>Tight Fit: 13'' Black For MILF Boxes</title><date></date><icon src="https://m7be2.solocoo.tv/m7be2iphone/mmchan/mpimages/260x145/tDlD6E6HGZRK07SlD4vubw.jpg"></icon><desc></desc><category></category></programme><programme channel="uzzOPjn9-HFO22_9TIFik_kYR33hCvPGAG-X04lw" start="20230111103000 +0000" stop="20230111120000 +0000" catchup-id="gOrsWq3vWqfFQFUkHi9rMGnX6Cr1Qgisa6EQ-mP4"><title>Plunge Into My Petite Lesbian Pink #2</title><date></date><icon src="https://m7be2.solocoo.tv/m7be2iphone/mmchan/mpimages/260x145/tDlD6E6HGZRK07SlD4vubw.jpg"></icon><desc></desc><category></category></programme><programme channel="uzzOPjn9-HFO22_9TIFik_kYR33hCvPGAG-X04lw" start="20230111120000 +0000" stop="20230111133000 +0000" catchup-id="QLrX5IA2861vzHYpD3DpBZDpBjp5UsexJcsE8hOz"><title>Sensual Squirting Sirens</title><date></date><icon src="https://m7be2.solocoo.tv/m7be2iphone/mmchan/mpimages/260x145/tDlD6E6HGZRK07SlD4vubw.jpg"></icon><desc></desc><category></category></programme><programme channel="uzzOPjn9-HFO22_9TIFik_kYR33hCvPGAG-X04lw" start="20230111133000 +0000" stop="20230111150000 +0000" catchup-id="WtJAWFCZ7lIhUv0gceREXL4v_2oDEtpQkP6idP4O"><title>Horny Petite Wives Pounded</title><date></date><icon src="https://m7be2.solocoo.tv/m7be2iphone/mmchan/mpimages/260x145/tDlD6E6HGZRK07SlD4vubw.jpg"></icon><desc></desc><category></category></programme><programme channel="uzzOPjn9-HFO22_9TIFik_kYR33hCvPGAG-X04lw" start="20230111150000 +0000" stop="20230111163000 +0000" catchup-id="I1Het3fVeeZa0wk3EtS2SxtbBgvOypidlvLaDD6E"><title>Plowing Euro Cuties In Stockings</title><date></date><icon src="https://m7be2.solocoo.tv/m7be2iphone/mmchan/mpimages/260x145/tDlD6E6HGZRK07SlD4vubw.jpg"></icon><desc></desc><category></category></programme><programme channel="uzzOPjn9-HFO22_9TIFik_kYR33hCvPGAG-X04lw" start="20230111163000 +0000" stop="20230111180000 +0000" catchup-id="zlyJr33dNO2KmZPnTvyRXhRDIS1gftQPPDMoKwDQ"><title>MILFs: Big Boobs &amp; Bigger Creampies</title><date></date><icon src="https://m7be2.solocoo.tv/m7be2iphone/mmchan/mpimages/260x145/tDlD6E6HGZRK07SlD4vubw.jpg"></icon><desc></desc><category></category></programme><programme channel="uzzOPjn9-HFO22_9TIFik_kYR33hCvPGAG-X04lw" start="20230111180000 +0000" stop="20230111193000 +0000" catchup-id="JSISCekHP0Di3AFomgJGTccL3EraBsN6SbGshXrZ"><title>White Women Crave Black Bones</title><date></date><icon src="https://m7be2.solocoo.tv/m7be2iphone/mmchan/mpimages/260x145/tDlD6E6HGZRK07SlD4vubw.jpg"></icon><desc></desc><category></category></programme><programme channel="uzzOPjn9-HFO22_9TIFik_kYR33hCvPGAG-X04lw" start="20230111193000 +0000" stop="20230111210000 +0000" catchup-id="EyCm8OeeAWyVPASIQb45b56EHNwDEWFTTNYzE1ca"><title>New Amateurs Nailed For Nut</title><date></date><icon src="https://m7be2.solocoo.tv/m7be2iphone/mmchan/mpimages/260x145/tDlD6E6HGZRK07SlD4vubw.jpg"></icon><desc></desc><category></category></programme><programme channel="uzzOPjn9-HFO22_9TIFik_kYR33hCvPGAG-X04lw" start="20230111210000 +0000" stop="20230111220000 +0000" catchup-id="VS_Zqvf0yULdvSwqDRLPcwMymQDhuMZX092qMDGr"><title>Menage A Trans #3: Sharing T-Girls!</title><date></date><icon src="https://m7be2.solocoo.tv/m7be2iphone/mmchan/mpimages/260x145/tDlD6E6HGZRK07SlD4vubw.jpg"></icon><desc></desc><category></category></programme><programme channel="uzzOPjn9-HFO22_9TIFik_kYR33hCvPGAG-X04lw" start="20230111220000 +0000" stop="20230111233000 +0000" catchup-id="zeeLup_1uxNjH5oWAxu9jYDESDMelzALAqU8CU_w"><title>DD Asian Beautys Screw</title><date></date><icon src="https://m7be2.solocoo.tv/m7be2iphone/mmchan/mpimages/260x145/tDlD6E6HGZRK07SlD4vubw.jpg"></icon><desc></desc><category></category></programme><programme channel="uzzOPjn9-HFO22_9TIFik_kYR33hCvPGAG-X04lw" start="20230111233000 +0000" stop="20230112010000 +0000" catchup-id="zQb7XsgEGGmsiTmDv1l7AwvhJ332LFVkTlHF9fBN"><title>Don't Tell Dad! Stepmoms Slurp 20YOs</title><date></date><icon src="https://m7be2.solocoo.tv/m7be2iphone/mmchan/mpimages/260x145/tDlD6E6HGZRK07SlD4vubw.jpg"></icon><desc></desc><category></category></programme><programme channel="uzzOPjn9-HFO22_9TIFik_kYR33hCvPGAG-X04lw" start="20230112010000 +0000" stop="20230112023000 +0000" catchup-id="puOCeljjbxaZscORqnT-lc25_zLZ58bLsyhZbvW2"><title>Lesbian Massage Club</title><date></date><icon src="https://m7be2.solocoo.tv/m7be2iphone/mmchan/mpimages/260x145/tDlD6E6HGZRK07SlD4vubw.jpg"></icon><desc></desc><category></category></programme><programme channel="uzzOPjn9-HFO22_9TIFik_kYR33hCvPGAG-X04lw" start="20230112023000 +0000" stop="20230112040000 +0000" catchup-id="gY4kNHg22C5y9psRDiwARThTnJ2FgXgTB6HvEWuz"><title>4 Squirting Legal Stepsisters</title><date></date><icon src="https://m7be2.solocoo.tv/m7be2iphone/mmchan/mpimages/260x145/tDlD6E6HGZRK07SlD4vubw.jpg"></icon><desc></desc><category></category></programme><programme channel="uzzOPjn9-HFO22_9TIFik_kYR33hCvPGAG-X04lw" start="20230112040000 +0000" stop="20230112043000 +0000" catchup-id="SAjD0gZv1F7Ll7B4WA-pnNJuzcsPD1mNbYBvNpEV"><title>Hustler TV Clips</title><date></date><icon src="https://m7be2.solocoo.tv/m7be2iphone/mmchan/mpimages/260x145/tDlD6E6HGZRK07SlD4vubw.jpg"></icon><desc></desc><category></category></programme><programme channel="uzzOPjn9-HFO22_9TIFik_kYR33hCvPGAG-X04lw" start="20230112043000 +0000" stop="20230112060000 +0000" catchup-id="-RrkwIg3u9QKavjSt3yseHSVBI937zyItCXLEsS2"><title>Massage My Tush &amp; Tatas!</title><date></date><icon src="https://m7be2.solocoo.tv/m7be2iphone/mmchan/mpimages/260x145/tDlD6E6HGZRK07SlD4vubw.jpg"></icon><desc></desc><category></category></programme><programme channel="uzzOPjn9-HFO22_9TIFik_kYR33hCvPGAG-X04lw" start="20230112060000 +0000" stop="20230112073000 +0000" catchup-id="ZmrQdsLCXwy12pn7f6C47tpTHzME0C8jTcUM9hba"><title>Wives Eager For Creampies</title><date></date><icon src="https://m7be2.solocoo.tv/m7be2iphone/mmchan/mpimages/260x145/tDlD6E6HGZRK07SlD4vubw.jpg"></icon><desc></desc><category></category></programme><programme channel="uzzOPjn9-HFO22_9TIFik_kYR33hCvPGAG-X04lw" start="20230112073000 +0000" stop="20230112090000 +0000" catchup-id="yTinij90i_rDZcq7iBJuLJ50YD7lS5btIVnDactv"><title>Spanish Maids Shafted</title><date></date><icon src="https://m7be2.solocoo.tv/m7be2iphone/mmchan/mpimages/260x145/tDlD6E6HGZRK07SlD4vubw.jpg"></icon><desc></desc><category></category></programme><programme channel="uzzOPjn9-HFO22_9TIFik_kYR33hCvPGAG-X04lw" start="20230112090000 +0000" stop="20230112103000 +0000" catchup-id="S7yOnLBEx5xmF9QGGnUj-dk_KOS6g_AWs9dfTcv6"><title>Stacked Secretaries Take Dictations</title><date></date><icon src="https://m7be2.solocoo.tv/m7be2iphone/mmchan/mpimages/260x145/tDlD6E6HGZRK07SlD4vubw.jpg"></icon><desc></desc><category></category></programme><programme channel="uzzOPjn9-HFO22_9TIFik_kYR33hCvPGAG-X04lw" start="20230112103000 +0000" stop="20230112120000 +0000" catchup-id="YjMkMebxd61JWk2aYPys4iTPE9mciKc-mIVGCNhJ"><title>Busty Lesbian MILF Lovers</title><date></date><icon src="https://m7be2.solocoo.tv/m7be2iphone/mmchan/mpimages/260x145/tDlD6E6HGZRK07SlD4vubw.jpg"></icon><desc></desc><category></category></programme><programme channel="uzzOPjn9-HFO22_9TIFik_kYR33hCvPGAG-X04lw" start="20230112120000 +0000" stop="20230112133000 +0000" catchup-id="JiHyzQF2Czoo3oHqKOQ8Thh1FoY5SXjKX6L7g6yt"><title>4 Girls Give A Cuck</title><date></date><icon src="https://m7be2.solocoo.tv/m7be2iphone/mmchan/mpimages/260x145/tDlD6E6HGZRK07SlD4vubw.jpg"></icon><desc></desc><category></category></programme><programme channel="uzzOPjn9-HFO22_9TIFik_kYR33hCvPGAG-X04lw" start="20230112133000 +0000" stop="20230112150000 +0000" catchup-id="KJyzuRes3iU1fnn3DBYrG7ofNrKfAvYDZd-AeAYk"><title>She Takes 2 Big Bones</title><date></date><icon src="https://m7be2.solocoo.tv/m7be2iphone/mmchan/mpimages/260x145/tDlD6E6HGZRK07SlD4vubw.jpg"></icon><desc></desc><category></category></programme><programme channel="uzzOPjn9-HFO22_9TIFik_kYR33hCvPGAG-X04lw" start="20230112150000 +0000" stop="20230112163000 +0000" catchup-id="7wsNNgbB6KaTG6dOrlVcuqbVPGWFTmymljGHlv2l"><title>1st Time Stepsons</title><date></date><icon src="https://m7be2.solocoo.tv/m7be2iphone/mmchan/mpimages/260x145/tDlD6E6HGZRK07SlD4vubw.jpg"></icon><desc></desc><category></category></programme><programme channel="uzzOPjn9-HFO22_9TIFik_kYR33hCvPGAG-X04lw" start="20230112163000 +0000" stop="20230112180000 +0000" catchup-id="pJZgRprrgWYtND9DAbL5i6i8dFt4fG_CCirQFhYk"><title>Tight Teens Filled</title><date></date><icon src="https://m7be2.solocoo.tv/m7be2iphone/mmchan/mpimages/260x145/tDlD6E6HGZRK07SlD4vubw.jpg"></icon><desc></desc><category></category></programme><programme channel="uzzOPjn9-HFO22_9TIFik_kYR33hCvPGAG-X04lw" start="20230112180000 +0000" stop="20230112193000 +0000" catchup-id="achf-V8JCIqJGBxRSw5FY8H5uiq5nLxujVvnxwLn"><title>Lesbian Booty Calls</title><date></date><icon src="https://m7be2.solocoo.tv/m7be2iphone/mmchan/mpimages/260x145/tDlD6E6HGZRK07SlD4vubw.jpg"></icon><desc></desc><category></category></programme><programme channel="uzzOPjn9-HFO22_9TIFik_kYR33hCvPGAG-X04lw" start="20230112193000 +0000" stop="20230112210000 +0000" catchup-id="g4fQfU8PAsfEAMEhhlgQCS6cwNVj32v16UBW0mEN"><title>Naked DD Wives: 30, Dirty &amp; Flirty</title><date></date><icon src="https://m7be2.solocoo.tv/m7be2iphone/mmchan/mpimages/260x145/tDlD6E6HGZRK07SlD4vubw.jpg"></icon><desc></desc><category></category></programme><programme channel="uzzOPjn9-HFO22_9TIFik_kYR33hCvPGAG-X04lw" start="20230112210000 +0000" stop="20230112220000 +0000" catchup-id="QjNKiLf4nhaxxpKxuyRhtQOL5_Ykqe8vrnEzQk8I"><title>11'' Black Poles Explore Petite Holes</title><date></date><icon src="https://m7be2.solocoo.tv/m7be2iphone/mmchan/mpimages/260x145/tDlD6E6HGZRK07SlD4vubw.jpg"></icon><desc></desc><category></category></programme>