{"crid:~~2F~~2Fog.libertyglobal.com~~2F37500~~2FLUIMELIA":{"id":"crid:~~2F~~2Fog.libertyglobal.com~~2F37500~~2FLUIMELIA","title":"#Luimelia","first":"L","description":"","duration":"0","type":"show","seasons":"[{\"seriesNumber\":1,\"id\":\"crid:~~2F~~2Fog.libertyglobal.com~~2F37500~~2FZ176048\"},{\"seriesNumber\":2,\"id\":\"crid:~~2F~~2Fog.libertyglobal.com~~2F37500~~2FZ176049\"},{\"seriesNumber\":3,\"id\":\"crid:~~2F~~2Fog.libertyglobal.com~~2F37500~~2FZ176050\"}]","icon":"https:\/\/staticqbr-nl-prod.prod.cdn.dmdsdp.com\/image-service\/ImagesEPG\/OndemandImages\/OBO\/GI\/crid~~3A~~2F~~2Fog.libertyglobal.com~~2F37500~~2FLUIMELIA\/7b88bf7f61338a9392bb05a4ade4e19a.jpg","category":"","vidcollection":"","ord":"2","datum":"19700101"},"crid:~~2F~~2Fog.libertyglobal.com~~2F37500~~2FTSCHAEPMETDE5POOTEN":{"id":"crid:~~2F~~2Fog.libertyglobal.com~~2F37500~~2FTSCHAEPMETDE5POOTEN","title":"'t Schaep met de 5 Pooten","first":"T","description":"Komische serie rond kastelein Kootje de Beer, hulpje Lukas Blijdschap, buurvrouw Doortje en enkele stamgasten van het Jordaanse buurtcaf\u00e9 't Schaep. In en rond buurtcaf\u00e9 't Schaep nemen de stamgasten de laatste buurtroddels door.","duration":"0","type":"show","seasons":"[{\"seriesNumber\":1,\"id\":\"crid:~~2F~~2Fog.libertyglobal.com~~2F37500~~2FZ170757\"},{\"seriesNumber\":2,\"id\":\"crid:~~2F~~2Fog.libertyglobal.com~~2F37500~~2FZ170758\"},{\"seriesNumber\":3,\"id\":\"crid:~~2F~~2Fog.libertyglobal.com~~2F37500~~2FZ170759\"},{\"seriesNumber\":4,\"id\":\"crid:~~2F~~2Fog.libertyglobal.com~~2F37500~~2FZ170760\"},{\"seriesNumber\":5,\"id\":\"crid:~~2F~~2Fog.libertyglobal.com~~2F37500~~2FZ170761\"}]","icon":"https:\/\/staticqbr-nl-prod.prod.cdn.dmdsdp.com\/image-service\/ImagesEPG\/OndemandImages\/OBO\/GI\/crid~~3A~~2F~~2Fog.libertyglobal.com~~2F37500~~2FTSCHAEPMETDE5POOTEN\/0344f591e81f8e714b540c60bfec692e.jpg","category":"Komedie","vidcollection":"","ord":"1","datum":"19700101"},"crid:~~2F~~2Fog.libertyglobal.com~~2F37500~~2F911":{"id":"crid:~~2F~~2Fog.libertyglobal.com~~2F37500~~2F911","title":"9-1-1","first":"other","description":"","duration":"0","type":"show","seasons":"[{\"seriesNumber\":4,\"id\":\"crid:~~2F~~2Fog.libertyglobal.com~~2F37500~~2FZ175998\"}]","icon":"https:\/\/staticqbr-nl-prod.prod.cdn.dmdsdp.com\/image-service\/EditorialImages\/73076\/082bc2a9-1c5d-4a75-bdca-4b9d19bb9ed8.jpg","category":"","vidcollection":"","ord":"4","datum":"19700101"},"crid:~~2F~~2Fog.libertyglobal.com~~2FGN~~2FSH042738590000_show":{"id":"crid:~~2F~~2Fog.libertyglobal.com~~2FGN~~2FSH042738590000_show","title":"Acquitted","first":"A","description":"Aksel Borgen wordt gevraagd terug te keren naar zijn geboortestad in Noorwegen om een plaatselijk bedrijf te redden, ondanks het feit dat hij twintig jaar geleden werd veroordeeld en later vrijgesproken voor de moord op zijn middelbare schoolliefje.","duration":"0","type":"show","seasons":"[{\"seriesNumber\":1,\"id\":\"crid:~~2F~~2Fog.libertyglobal.com~~2FGN~~2F11510815_SH042738590000\"}]","icon":"https:\/\/staticqbr-nl-prod.prod.cdn.dmdsdp.com\/image-service\/Gracenote\/assets\/p11510810_b_v12_as.jpg","category":"Dramaseries, Thriller","vidcollection":"","ord":"5","datum":"19700101"},"crid:~~2F~~2Fog.libertyglobal.com~~2F37500~~2FAFFAIREDE":{"id":"crid:~~2F~~2Fog.libertyglobal.com~~2F37500~~2FAFFAIREDE","title":"Affaire, De","first":"A","description":"De eigenzinnige onderzoeksjournalisten Dana Lievens en Tom Waardenburg werpen in elke aflevering nieuw licht op een bestaande, geruchtmakende affaire. Ze proberen doofpotten te lichten en de onderste steen boven te krijgen.","duration":"0","type":"show","seasons":"[{\"seriesNumber\":1,\"id\":\"crid:~~2F~~2Fog.libertyglobal.com~~2F37500~~2FZ169782\"}]","icon":"https:\/\/staticqbr-nl-prod.prod.cdn.dmdsdp.com\/image-service\/ImagesEPG\/OndemandImages\/OBO\/GI\/crid~~3A~~2F~~2Fog.libertyglobal.com~~2F37500~~2FAFFAIREDE\/3f09bef99f481489d8b0a5bf583908d3.jpg","category":"Dramaseries, Melodrama","vidcollection":"","ord":"7","datum":"19700101"},"crid:~~2F~~2Fog.libertyglobal.com~~2F37500~~2FAMERICANPICKERS":{"id":"crid:~~2F~~2Fog.libertyglobal.com~~2F37500~~2FAMERICANPICKERS","title":"American Pickers","first":"A","description":"In kleine steden en langs de binnenwegen van Amerika wachten schatten om ontdekt te worden. Er zijn speciale experts voor nodig, zoals Mike Wolfe en Frank Fritz, om deze verloren voorwerpen te vinden.","duration":"0","type":"show","seasons":"[{\"seriesNumber\":16,\"id\":\"crid:~~2F~~2Fog.libertyglobal.com~~2F37500~~2FZ175020\"}]","icon":"https:\/\/staticqbr-nl-prod.prod.cdn.dmdsdp.com\/image-service\/ImagesEPG\/OndemandImages\/OBO\/GI\/crid~~3A~~2F~~2Fog.libertyglobal.com~~2F37500~~2FAMERICANPICKERS\/ae6fe27a434ca864b7283e28b69ff18e.jpg","category":"Documentaire, Reality-tv","vidcollection":"","ord":"8","datum":"19700101"},"crid:~~2F~~2Fog.libertyglobal.com~~2F37500~~2FANCIENTALIENS":{"id":"crid:~~2F~~2Fog.libertyglobal.com~~2F37500~~2FANCIENTALIENS","title":"Ancient Aliens","first":"A","description":"","duration":"0","type":"show","seasons":"[{\"seriesNumber\":12,\"id\":\"crid:~~2F~~2Fog.libertyglobal.com~~2F37500~~2FZ163680\"}]","icon":"https:\/\/staticqbr-nl-prod.prod.cdn.dmdsdp.com\/image-service\/ImagesEPG\/OndemandImages\/OBO\/GI\/crid~~3A~~2F~~2Fog.libertyglobal.com~~2F37500~~2FANCIENTALIENS\/9e165d3103054c33f2561722dee52116.jpg","category":"","vidcollection":"","ord":"10","datum":"19700101"},"crid:~~2F~~2Fog.libertyglobal.com~~2FGN~~2FSH042636930000_show":{"id":"crid:~~2F~~2Fog.libertyglobal.com~~2FGN~~2FSH042636930000_show","title":"B\u00e4ckstr\u00f6m","first":"B","description":"Inspecteur Evert B\u00e4ckstr\u00f6m is is de ster van het politiekorps, maar hij is lui, corrupt en cynisch. Hij is een doorn in het oog van de jonge commissaris Annika Carlsson en de nieuwe officier van justitie, Hanna Hwass.","duration":"0","type":"show","seasons":"[{\"seriesNumber\":2,\"id\":\"crid:~~2F~~2Fog.libertyglobal.com~~2FGN~~2F21584676_SH042636930000\"}]","icon":"https:\/\/staticqbr-nl-prod.prod.cdn.dmdsdp.com\/image-service\/Gracenote\/assets\/p18018314_b_v8_af.jpg","category":"Thriller","vidcollection":"","ord":"11","datum":"19700101"},"crid:~~2F~~2Fog.libertyglobal.com~~2F37500~~2FBEVERGEM":{"id":"crid:~~2F~~2Fog.libertyglobal.com~~2F37500~~2FBEVERGEM","title":"Bevergem","first":"B","description":"","duration":"0","type":"show","seasons":"[{\"seriesNumber\":1,\"id\":\"crid:~~2F~~2Fog.libertyglobal.com~~2F37500~~2FZ174093\"}]","icon":"https:\/\/staticqbr-nl-prod.prod.cdn.dmdsdp.com\/image-service\/ImagesEPG\/OndemandImages\/OBO\/GI\/crid~~3A~~2F~~2Fog.libertyglobal.com~~2F37500~~2FBEVERGEM\/a98b090d145789ec01b588d2ac06c740.jpg","category":"","vidcollection":"","ord":"13","datum":"19700101"},"crid:~~2F~~2Fog.libertyglobal.com~~2F37500~~2FBILLIONS":{"id":"crid:~~2F~~2Fog.libertyglobal.com~~2F37500~~2FBILLIONS","title":"Billions","first":"B","description":"Paul Giamatti en Damian Lewis schitteren in de serie Billions, een gedurfd drama dat de winsten en de gevaren van het achtervolgen van de Amerikaanse droom onderzoekt. ","duration":"0","type":"show","seasons":"[{\"seriesNumber\":1,\"id\":\"crid:~~2F~~2Fog.libertyglobal.com~~2F37500~~2FZ136849\"},{\"seriesNumber\":2,\"id\":\"crid:~~2F~~2Fog.libertyglobal.com~~2F37500~~2FZ136861\"},{\"seriesNumber\":3,\"id\":\"crid:~~2F~~2Fog.libertyglobal.com~~2F37500~~2FZ144853\"},{\"seriesNumber\":4,\"id\":\"crid:~~2F~~2Fog.libertyglobal.com~~2F37500~~2FZ151446\"},{\"seriesNumber\":5,\"id\":\"crid:~~2F~~2Fog.libertyglobal.com~~2F37500~~2FZ158596\"}]","icon":"https:\/\/staticqbr-nl-prod.prod.cdn.dmdsdp.com\/image-service\/ImagesEPG\/OndemandImages\/OBO\/GI\/crid~~3A~~2F~~2Fog.libertyglobal.com~~2F37500~~2FBILLIONS\/345b927b8b2dd9e982432d564a3f20dd.jpg","category":"Dramaseries","vidcollection":"","ord":"14","datum":"19700101"},"crid:~~2F~~2Fog.libertyglobal.com~~2F37500~~2FBLACKLAKE":{"id":"crid:~~2F~~2Fog.libertyglobal.com~~2F37500~~2FBLACKLAKE","title":"Black Lake","first":"B","description":"Zweedse thriller van formaat! Drie losse verhalen rondom een mysterieuze plek.","duration":"0","type":"show","seasons":"[{\"seriesNumber\":1,\"id\":\"crid:~~2F~~2Fog.libertyglobal.com~~2F37500~~2FZ172842\"},{\"seriesNumber\":2,\"id\":\"crid:~~2F~~2Fog.libertyglobal.com~~2F37500~~2FZ172843\"},{\"seriesNumber\":3,\"id\":\"crid:~~2F~~2Fog.libertyglobal.com~~2F37500~~2FZ172844\"}]","icon":"https:\/\/staticqbr-nl-prod.prod.cdn.dmdsdp.com\/image-service\/ImagesEPG\/OndemandImages\/OBO\/GI\/crid~~3A~~2F~~2Fog.libertyglobal.com~~2F37500~~2FBLACKLAKE\/8473b3b43fb675f5c8a8ec1c0f637b2b.jpg","category":"Dramaseries, Horror","vidcollection":"","ord":"15","datum":"19700101"},"crid:~~2F~~2Fog.libertyglobal.com~~2F37500~~2FBOOKOFSECRETSWITHLANCEREDDICK":{"id":"crid:~~2F~~2Fog.libertyglobal.com~~2F37500~~2FBOOKOFSECRETSWITHLANCEREDDICK","title":"Book Of Secrets With Lance Reddick","first":"B","description":"","duration":"0","type":"show","seasons":"[{\"seriesNumber\":4,\"id\":\"crid:~~2F~~2Fog.libertyglobal.com~~2F37500~~2FZ174752\"}]","icon":"https:\/\/staticqbr-nl-prod.prod.cdn.dmdsdp.com\/image-service\/ImagesEPG\/OndemandImages\/OBO\/GI\/crid~~3A~~2F~~2Fog.libertyglobal.com~~2F37500~~2FBOOKOFSECRETSWITHLANCEREDDICK\/38abcb08bf684b6a237168aadd7f4254.jpg","category":"","vidcollection":"","ord":"19","datum":"19700101"},"crid:~~2F~~2Fog.libertyglobal.com~~2F37500~~2FBREEDERS":{"id":"crid:~~2F~~2Fog.libertyglobal.com~~2F37500~~2FBREEDERS","title":"Breeders","first":"B","description":"","duration":"0","type":"show","seasons":"[{\"seriesNumber\":1,\"id\":\"crid:~~2F~~2Fog.libertyglobal.com~~2F37500~~2FZ165413\"},{\"seriesNumber\":2,\"id\":\"crid:~~2F~~2Fog.libertyglobal.com~~2F37500~~2FZ169729\"}]","icon":"https:\/\/staticqbr-nl-prod.prod.cdn.dmdsdp.com\/image-service\/ImagesEPG\/OndemandImages\/OBO\/GI\/crid~~3A~~2F~~2Fog.libertyglobal.com~~2F37500~~2FBREEDERS\/c8ebb9ec9e7738fb1fe92308c567a2d4.jpg","category":"","vidcollection":"","ord":"20","datum":"19700101"},"crid:~~2F~~2Fog.libertyglobal.com~~2F37500~~2FBUTTERFLY":{"id":"crid:~~2F~~2Fog.libertyglobal.com~~2F37500~~2FBUTTERFLY","title":"Butterfly","first":"B","description":"","duration":"0","type":"show","seasons":"[{\"seriesNumber\":1,\"id\":\"crid:~~2F~~2Fog.libertyglobal.com~~2F37500~~2FZ163426\"}]","icon":"https:\/\/staticqbr-nl-prod.prod.cdn.dmdsdp.com\/image-service\/ImagesEPG\/OndemandImages\/OBO\/GI\/crid~~3A~~2F~~2Fog.libertyglobal.com~~2F37500~~2FBUTTERFLY\/25cff0bbdf73760f1b24427255f20c0d.jpg","category":"","vidcollection":"","ord":"21","datum":"19700101"},"crid:~~2F~~2Fog.libertyglobal.com~~2F37500~~2FCATFISHTHETVSHOW":{"id":"crid:~~2F~~2Fog.libertyglobal.com~~2F37500~~2FCATFISHTHETVSHOW","title":"Catfish: The TV Show","first":"C","description":"","duration":"0","type":"show","seasons":"[{\"seriesNumber\":7,\"id\":\"crid:~~2F~~2Fog.libertyglobal.com~~2F37500~~2FZ157425\"}]","icon":"https:\/\/staticqbr-nl-prod.prod.cdn.dmdsdp.com\/image-service\/ImagesEPG\/OndemandImages\/OBO\/GI\/crid~~3A~~2F~~2Fog.libertyglobal.com~~2F37500~~2FCATFISHTHETVSHOW\/11fbbeae50abf6e65e7a786148780aa0.jpg","category":"","vidcollection":"","ord":"23","datum":"19700101"},"crid:~~2F~~2Fog.libertyglobal.com~~2F37500~~2FCHAPELWAITE":{"id":"crid:~~2F~~2Fog.libertyglobal.com~~2F37500~~2FCHAPELWAITE","title":"Chapelwaite","first":"C","description":"","duration":"0","type":"show","seasons":"[{\"seriesNumber\":1,\"id\":\"crid:~~2F~~2Fog.libertyglobal.com~~2F37500~~2FZ173264\"}]","icon":"https:\/\/staticqbr-nl-prod.prod.cdn.dmdsdp.com\/image-service\/ImagesEPG\/OndemandImages\/OBO\/GI\/crid~~3A~~2F~~2Fog.libertyglobal.com~~2F37500~~2FCHAPELWAITE\/35afe5c5807413b91544a5bebb2990a8.jpg","category":"","vidcollection":"","ord":"24","datum":"19700101"},"crid:~~2F~~2Fog.libertyglobal.com~~2F37500~~2FCOURTCAM":{"id":"crid:~~2F~~2Fog.libertyglobal.com~~2F37500~~2FCOURTCAM","title":"Court Cam","first":"C","description":"Een blik op enkele van de wildste momenten in de rechtszaal: een voormalige kindacteur verliest zijn kalmte in de rechtbank, een man met 40 kinderen stapt naar de rechter en meer.","duration":"0","type":"show","seasons":"[{\"seriesNumber\":3,\"id\":\"crid:~~2F~~2Fog.libertyglobal.com~~2F37500~~2FZ170489\"}]","icon":"https:\/\/staticqbr-nl-prod.prod.cdn.dmdsdp.com\/image-service\/ImagesEPG\/OndemandImages\/OBO\/GI\/crid~~3A~~2F~~2Fog.libertyglobal.com~~2F37500~~2FCOURTCAM\/9dd6edcf1223831434d9cf39a3ba68b0.jpg","category":"Documentaire, Reality-tv","vidcollection":"","ord":"26","datum":"19700101"},"crid:~~2F~~2Fog.libertyglobal.com~~2F37500~~2FCOURTCAMUNDEROATH":{"id":"crid:~~2F~~2Fog.libertyglobal.com~~2F37500~~2FCOURTCAMUNDEROATH","title":"Court Cam Under Oath","first":"C","description":"","duration":"0","type":"show","seasons":"[{\"seriesNumber\":1,\"id\":\"crid:~~2F~~2Fog.libertyglobal.com~~2F37500~~2FZ175021\"}]","icon":"https:\/\/staticqbr-nl-prod.prod.cdn.dmdsdp.com\/image-service\/ImagesEPG\/OndemandImages\/OBO\/GI\/crid~~3A~~2F~~2Fog.libertyglobal.com~~2F37500~~2FCOURTCAMUNDEROATH\/2ad29ac5b5f1a1d04a8d432ff5848a7f.jpg","category":"","vidcollection":"","ord":"27","datum":"19700101"},"crid:~~2F~~2Fog.libertyglobal.com~~2F37500~~2FCRANKYANKERS":{"id":"crid:~~2F~~2Fog.libertyglobal.com~~2F37500~~2FCRANKYANKERS","title":"Crank Yankers","first":"C","description":"","duration":"0","type":"show","seasons":"[{\"seriesNumber\":5,\"id\":\"crid:~~2F~~2Fog.libertyglobal.com~~2F37500~~2FZ167273\"}]","icon":"https:\/\/staticqbr-nl-prod.prod.cdn.dmdsdp.com\/image-service\/ImagesEPG\/OndemandImages\/OBO\/GI\/crid~~3A~~2F~~2Fog.libertyglobal.com~~2F37500~~2FCRANKYANKERS\/fb0a376a1587d1067c1ee89ae7e38041.jpg","category":"","vidcollection":"","ord":"28","datum":"19700101"},"crid:~~2F~~2Fog.libertyglobal.com~~2F37500~~2FCRIMESTHATSHOOKAUSTRALIA":{"id":"crid:~~2F~~2Fog.libertyglobal.com~~2F37500~~2FCRIMESTHATSHOOKAUSTRALIA","title":"Crimes That Shook Australia","first":"C","description":"Crimes That Shook Australia vertelt de verhalen over de grootste misdaden in dat land door de ogen van de mensen die de drama's van dichtbij hebben meegemaakt.","duration":"0","type":"show","seasons":"[{\"seriesNumber\":3,\"id\":\"crid:~~2F~~2Fog.libertyglobal.com~~2F37500~~2FZ167391\"}]","icon":"https:\/\/staticqbr-nl-prod.prod.cdn.dmdsdp.com\/image-service\/ImagesEPG\/OndemandImages\/OBO\/GI\/crid~~3A~~2F~~2Fog.libertyglobal.com~~2F37500~~2FCRIMESTHATSHOOKAUSTRALIA\/f52e698d5c2e97274b3f5c703ea200a9.jpg","category":"Documentaire, Reality-tv","vidcollection":"","ord":"29","datum":"19700101"},"crid:~~2F~~2Fog.libertyglobal.com~~2F37500~~2FCRYTHE":{"id":"crid:~~2F~~2Fog.libertyglobal.com~~2F37500~~2FCRYTHE","title":"Cry, The","first":"C","description":"","duration":"0","type":"show","seasons":"[{\"seriesNumber\":1,\"id\":\"crid:~~2F~~2Fog.libertyglobal.com~~2F37500~~2FZ176403\"}]","icon":"https:\/\/staticqbr-nl-prod.prod.cdn.dmdsdp.com\/image-service\/ImagesEPG\/OndemandImages\/OBO\/GI\/crid~~3A~~2F~~2Fog.libertyglobal.com~~2F37500~~2FCRYTHE\/a60591a838daf0e7ed18f75707906cc5.jpg","category":"","vidcollection":"","ord":"30","datum":"19700101"},"crid:~~2F~~2Fog.libertyglobal.com~~2F37500~~2FCURSEOFOAKISLANDTHE":{"id":"crid:~~2F~~2Fog.libertyglobal.com~~2F37500~~2FCURSEOFOAKISLANDTHE","title":"Curse of Oak Island, The","first":"C","description":"","duration":"0","type":"show","seasons":"[{\"seriesNumber\":8,\"id\":\"crid:~~2F~~2Fog.libertyglobal.com~~2F37500~~2FZ174035\"}]","icon":"https:\/\/staticqbr-nl-prod.prod.cdn.dmdsdp.com\/image-service\/ImagesEPG\/OndemandImages\/OBO\/GI\/crid~~3A~~2F~~2Fog.libertyglobal.com~~2F37500~~2FCURSEOFOAKISLANDTHE\/916bf42654c55932da9bd04162a190f1.jpg","category":"","vidcollection":"","ord":"32","datum":"19700101"},"crid:~~2F~~2Fog.libertyglobal.com~~2F37500~~2FCURSEOFSKINWALKERRANCH":{"id":"crid:~~2F~~2Fog.libertyglobal.com~~2F37500~~2FCURSEOFSKINWALKERRANCH","title":"Curse of Skinwalker Ranch","first":"C","description":"","duration":"0","type":"show","seasons":"[{\"seriesNumber\":2,\"id\":\"crid:~~2F~~2Fog.libertyglobal.com~~2F37500~~2FZ175022\"}]","icon":"https:\/\/staticqbr-nl-prod.prod.cdn.dmdsdp.com\/image-service\/ImagesEPG\/OndemandImages\/OBO\/GI\/crid~~3A~~2F~~2Fog.libertyglobal.com~~2F37500~~2FCURSEOFSKINWALKERRANCH\/19efb58ef0b8ba5190eacc41ee5a6ed3.jpg","category":"","vidcollection":"","ord":"33","datum":"19700101"},"crid:~~2F~~2Fog.libertyglobal.com~~2F37500~~2FDALLASCOWBOYSCHEERLEADERS":{"id":"crid:~~2F~~2Fog.libertyglobal.com~~2F37500~~2FDALLASCOWBOYSCHEERLEADERS","title":"Dallas Cowboys Cheerleaders","first":"D","description":"Honderden meiden komen af op de auditie, maar slechts 45 van hen veroveren een plekje bij het Dallas Cowboys Cheerleaders-trainingskamp. DCC baas Kelli Finglass houdt het hele proces goed in de gaten en let op talent en schoonheid.","duration":"0","type":"show","seasons":"[{\"seriesNumber\":14,\"id\":\"crid:~~2F~~2Fog.libertyglobal.com~~2F37500~~2FZ165225\"}]","icon":"https:\/\/staticqbr-nl-prod.prod.cdn.dmdsdp.com\/image-service\/ImagesEPG\/OndemandImages\/OBO\/GI\/crid~~3A~~2F~~2Fog.libertyglobal.com~~2F37500~~2FDALLASCOWBOYSCHEERLEADERS\/59968274464d9c038bd7f2a1fb8558ee.jpg","category":"Documentaire, Reality-tv","vidcollection":"","ord":"34","datum":"19700101"},"crid:~~2F~~2Fog.libertyglobal.com~~2F37500~~2FDAVE":{"id":"crid:~~2F~~2Fog.libertyglobal.com~~2F37500~~2FDAVE","title":"Dave","first":"D","description":"De neurotische Dave, ook wel bekend als Lil Dicky, is ervan overtuigd om \u00e9\u00e9n van de allergrootste rappers aller tijden te worden. Hij moet zich alleen nog bewijzen.","duration":"0","type":"show","seasons":"[{\"seriesNumber\":1,\"id\":\"crid:~~2F~~2Fog.libertyglobal.com~~2F37500~~2FZ164971\"},{\"seriesNumber\":2,\"id\":\"crid:~~2F~~2Fog.libertyglobal.com~~2F37500~~2FZ170858\"}]","icon":"https:\/\/staticqbr-nl-prod.prod.cdn.dmdsdp.com\/image-service\/ImagesEPG\/OndemandImages\/OBO\/GI\/crid~~3A~~2F~~2Fog.libertyglobal.com~~2F37500~~2FDAVE\/9e726d9b659f974bb4412751be0aa8ac.jpg","category":"Sitcoms","vidcollection":"","ord":"35","datum":"19700101"},"crid:~~2F~~2Fog.libertyglobal.com~~2F37500~~2FDOLLFACE":{"id":"crid:~~2F~~2Fog.libertyglobal.com~~2F37500~~2FDOLLFACE","title":"Dollface","first":"D","description":"De afgelopen vijf jaar is Jules volledig in de ban geweest van haar relatie en liet zij haar vriendinnen links liggen. Wanneer zij wordt gedumpt probeert zij haar oude leven weer op te pakken en oude vriendschappen te herstellen.","duration":"0","type":"show","seasons":"[{\"seriesNumber\":1,\"id\":\"crid:~~2F~~2Fog.libertyglobal.com~~2F37500~~2FZ165415\"}]","icon":"https:\/\/staticqbr-nl-prod.prod.cdn.dmdsdp.com\/image-service\/ImagesEPG\/OndemandImages\/OBO\/GI\/crid~~3A~~2F~~2Fog.libertyglobal.com~~2F37500~~2FDOLLFACE\/b9557f8a36d391cc2f485e1a95df5961.jpg","category":"Komedie","vidcollection":"","ord":"38","datum":"19700101"},"crid:~~2F~~2Fog.libertyglobal.com~~2F37500~~2FEYEWITNESS":{"id":"crid:~~2F~~2Fog.libertyglobal.com~~2F37500~~2FEYEWITNESS","title":"Eyewitness","first":"E","description":"Op een avond hebben de tieners Philip en Henning een geheim afspraakje in een vervallen keet bij een zandgroeve. Terwijl zij van elkaars gezelschap genieten, worden ze ongewild getuige van een gruwelijke moordpartij.","duration":"0","type":"show","seasons":"[{\"seriesNumber\":1,\"id\":\"crid:~~2F~~2Fog.libertyglobal.com~~2F37500~~2FZ150530\"}]","icon":"https:\/\/staticqbr-nl-prod.prod.cdn.dmdsdp.com\/image-service\/ImagesEPG\/OndemandImages\/OBO\/GI\/crid~~3A~~2F~~2Fog.libertyglobal.com~~2F37500~~2FEYEWITNESS\/e3d1832b0e1cc20f736abb3f18c6413c.jpg","category":"Drama, Misdaad","vidcollection":"","ord":"40","datum":"19700101"},"crid:~~2F~~2Fog.libertyglobal.com~~2FGN~~2FSH042734860000_show":{"id":"crid:~~2F~~2Fog.libertyglobal.com~~2FGN~~2FSH042734860000_show","title":"Faster Than Fear","first":"F","description":"De jonge detective Sunny keert terug naar haar werk na verkracht te zijn om de dader te pakken voor hij weer toeslaat. Ze belandt al snel in een levengevaarlijk kat-en-muisspel met de moordenaar en moet haar grootste angsten onder ogen zien.","duration":"0","type":"show","seasons":"[{\"seriesNumber\":1,\"id\":\"crid:~~2F~~2Fog.libertyglobal.com~~2FGN~~2F21206450_SH042734860000\"}]","icon":"https:\/\/staticqbr-nl-prod.prod.cdn.dmdsdp.com\/image-service\/Gracenote\/assets\/p21206437_b_v12_ac.jpg","category":"Thriller, Misdaaddrama","vidcollection":"","ord":"41","datum":"19700101"},"crid:~~2F~~2Fog.libertyglobal.com~~2F37500~~2FFATHERBROWN":{"id":"crid:~~2F~~2Fog.libertyglobal.com~~2F37500~~2FFATHERBROWN","title":"Father Brown","first":"F","description":"Een vriendelijke, doch excentrieke geestelijke onderzoekt misdrijven en lost deze op met behulp van de kracht van intu\u00eftie en psychologie en door de passies, duistere geheimen en verborgen verlangens van zijn parochianen te verkennen.","duration":"0","type":"show","seasons":"[{\"seriesNumber\":8,\"id\":\"crid:~~2F~~2Fog.libertyglobal.com~~2F37500~~2FZ174795\"}]","icon":"https:\/\/staticqbr-nl-prod.prod.cdn.dmdsdp.com\/image-service\/ImagesEPG\/OndemandImages\/OBO\/GI\/crid~~3A~~2F~~2Fog.libertyglobal.com~~2F37500~~2FFATHERBROWN\/de6210006d260d4585f1771c20c7e3b1.jpg","category":"Dramaseries, Melodrama","vidcollection":"","ord":"42","datum":"19700101"},"crid:~~2F~~2Fog.libertyglobal.com~~2F38600~~2FFEEDTHE":{"id":"crid:~~2F~~2Fog.libertyglobal.com~~2F38600~~2FFEEDTHE","title":"Feed, The","first":"F","description":"","duration":"0","type":"show","seasons":"[{\"seriesNumber\":1,\"id\":\"crid:~~2F~~2Fog.libertyglobal.com~~2F38600~~2FZ154296\"}]","icon":"https:\/\/staticqbr-nl-prod.prod.cdn.dmdsdp.com\/image-service\/ImagesEPG\/OndemandImages\/OBO\/GI\/crid~~3A~~2F~~2Fog.libertyglobal.com~~2F38600~~2FFEEDTHE\/016c6ca3aa2cb1e6bbfbf1b9ef179fa6.jpg","category":"","vidcollection":"","ord":"43","datum":"19700101"},"crid:~~2F~~2Fog.libertyglobal.com~~2F37500~~2FGEORDIEOGS":{"id":"crid:~~2F~~2Fog.libertyglobal.com~~2F37500~~2FGEORDIEOGS","title":"Geordie OGs","first":"G","description":"","duration":"0","type":"show","seasons":"[{\"seriesNumber\":3,\"id\":\"crid:~~2F~~2Fog.libertyglobal.com~~2F37500~~2FZ175551\"}]","icon":"https:\/\/staticqbr-nl-prod.prod.cdn.dmdsdp.com\/image-service\/ImagesEPG\/OndemandImages\/OBO\/GI\/crid~~3A~~2F~~2Fog.libertyglobal.com~~2F37500~~2FGEORDIEOGS\/4889c2dce7df310efb64f5c981446e4e.jpg","category":"","vidcollection":"","ord":"45","datum":"19700101"},"crid:~~2F~~2Fog.libertyglobal.com~~2F37500~~2FGODFATHEROFHARLEM":{"id":"crid:~~2F~~2Fog.libertyglobal.com~~2F37500~~2FGODFATHEROFHARLEM","title":"Godfather of Harlem","first":"G","description":"Harlem, begin jaren 60. Na 10 jaar gevangenisstraf keert de beruchte misdaadbaas Bumpy Johnson terug in de wijk waar hij ooit de macht had, maar nu word gedomineerd door de Italiaanse Maffia.","duration":"0","type":"show","seasons":"[{\"seriesNumber\":1,\"id\":\"crid:~~2F~~2Fog.libertyglobal.com~~2F37500~~2FZ164972\"},{\"seriesNumber\":2,\"id\":\"crid:~~2F~~2Fog.libertyglobal.com~~2F37500~~2FZ172233\"}]","icon":"https:\/\/staticqbr-nl-prod.prod.cdn.dmdsdp.com\/image-service\/ImagesEPG\/OndemandImages\/OBO\/GI\/crid~~3A~~2F~~2Fog.libertyglobal.com~~2F37500~~2FGODFATHEROFHARLEM\/1419630f8d472e8601e09012e2d28004.jpg","category":"Dramaseries, Melodrama","vidcollection":"","ord":"46","datum":"19700101"},"crid:~~2F~~2Fog.libertyglobal.com~~2F37500~~2FGROW":{"id":"crid:~~2F~~2Fog.libertyglobal.com~~2F37500~~2FGROW","title":"Grow","first":"G","description":"Wanneer beursmakelaar Adam in het verleden van zijn overleden vader duikt, schuift de grond onder zijn erg ambitieuze voeten weg. Zonder het goed en wel te beseffen wordt hij ondergedompeld in de Deense drugswereld.","duration":"0","type":"show","seasons":"[{\"seriesNumber\":1,\"id\":\"crid:~~2F~~2Fog.libertyglobal.com~~2F37500~~2FZ172840\"}]","icon":"https:\/\/staticqbr-nl-prod.prod.cdn.dmdsdp.com\/image-service\/ImagesEPG\/OndemandImages\/OBO\/GI\/crid~~3A~~2F~~2Fog.libertyglobal.com~~2F37500~~2FGROW\/1137ce79f33ba1b1dca7fbcd1efb92c2.jpg","category":"Dramaseries, Melodrama","vidcollection":"","ord":"50","datum":"19700101"},"crid:~~2F~~2Fog.libertyglobal.com~~2F38600~~2FHANDMAIDSTALETHE":{"id":"crid:~~2F~~2Fog.libertyglobal.com~~2F38600~~2FHANDMAIDSTALETHE","title":"Handmaid's Tale, The","first":"H","description":"","duration":"0","type":"show","seasons":"[{\"seriesNumber\":1,\"id\":\"crid:~~2F~~2Fog.libertyglobal.com~~2F38600~~2FZ154731\"},{\"seriesNumber\":2,\"id\":\"crid:~~2F~~2Fog.libertyglobal.com~~2F38600~~2FZ154732\"},{\"seriesNumber\":3,\"id\":\"crid:~~2F~~2Fog.libertyglobal.com~~2F38600~~2FZ154733\"}]","icon":"https:\/\/staticqbr-nl-prod.prod.cdn.dmdsdp.com\/image-service\/ImagesEPG\/OndemandImages\/OBO\/GI\/crid~~3A~~2F~~2Fog.libertyglobal.com~~2F38600~~2FHANDMAIDSTALETHE\/b72d60d5407bfa15be1067cb46433f2b.jpg","category":"","vidcollection":"","ord":"51","datum":"19700101"},"crid:~~2F~~2Fog.libertyglobal.com~~2F37500~~2FHEERMEESTER":{"id":"crid:~~2F~~2Fog.libertyglobal.com~~2F37500~~2FHEERMEESTER","title":"Heer & Meester","first":"H","description":"Detective Valentijn Bentinck lokt criminelen in de val en verovert onderweg hier en daar een vrouwenhart. Maar de belangrijkste jacht - die naar zijn roots - wordt maar geen succes.","duration":"0","type":"show","seasons":"[{\"seriesNumber\":1,\"id\":\"crid:~~2F~~2Fog.libertyglobal.com~~2F37500~~2FZ169783\"},{\"seriesNumber\":2,\"id\":\"crid:~~2F~~2Fog.libertyglobal.com~~2F37500~~2FZ169784\"}]","icon":"https:\/\/staticqbr-nl-prod.prod.cdn.dmdsdp.com\/image-service\/ImagesEPG\/OndemandImages\/OBO\/GI\/crid~~3A~~2F~~2Fog.libertyglobal.com~~2F37500~~2FHEERMEESTER\/bb517ccab07bcd7e6fbd20031ce26bef.jpg","category":"Misdaaddrama","vidcollection":"","ord":"54","datum":"19700101"},"crid:~~2F~~2Fog.libertyglobal.com~~2F37500~~2FHEROINK":{"id":"crid:~~2F~~2Fog.libertyglobal.com~~2F37500~~2FHEROINK","title":"Hero Ink","first":"H","description":"Hero Ink volgt het werk van tattoo artiesten bij Prison Break Tattoos in Houston, Texas.","duration":"0","type":"show","seasons":"[{\"seriesNumber\":1,\"id\":\"crid:~~2F~~2Fog.libertyglobal.com~~2F37500~~2FZ157848\"}]","icon":"https:\/\/staticqbr-nl-prod.prod.cdn.dmdsdp.com\/image-service\/ImagesEPG\/OndemandImages\/OBO\/GI\/crid~~3A~~2F~~2Fog.libertyglobal.com~~2F37500~~2FHEROINK\/c11ed4c72178b6ee7e7c0fc71d719711.jpg","category":"Reality","vidcollection":"","ord":"55","datum":"19700101"},"crid:~~2F~~2Fog.libertyglobal.com~~2F37500~~2FHIERRO":{"id":"crid:~~2F~~2Fog.libertyglobal.com~~2F37500~~2FHIERRO","title":"Hierro","first":"H","description":"Enkele maanden zijn verstreken sinds een reeks moorden het kleinste eiland van de Canarische Eilanden opschrikte. Rechter Candela Montes is vastbesloten om de drugszaak met zakenman D\u00edaz op te lossen.","duration":"0","type":"show","seasons":"[{\"seriesNumber\":1,\"id\":\"crid:~~2F~~2Fog.libertyglobal.com~~2F37500~~2FZ163496\"},{\"seriesNumber\":2,\"id\":\"crid:~~2F~~2Fog.libertyglobal.com~~2F37500~~2FZ168801\"}]","icon":"https:\/\/staticqbr-nl-prod.prod.cdn.dmdsdp.com\/image-service\/ImagesEPG\/OndemandImages\/OBO\/GI\/crid~~3A~~2F~~2Fog.libertyglobal.com~~2F37500~~2FHIERRO\/e8198fe44ce1f29a24c930db23115b0d.jpg","category":"Dramaseries, Misdaad","vidcollection":"","ord":"56","datum":"19700101"},"crid:~~2F~~2Fog.libertyglobal.com~~2F37500~~2FHISTORYSGREATESTMYSTERIES":{"id":"crid:~~2F~~2Fog.libertyglobal.com~~2F37500~~2FHISTORYSGREATESTMYSTERIES","title":"History's Greatest Mysteries","first":"H","description":"","duration":"0","type":"show","seasons":"[{\"seriesNumber\":1,\"id\":\"crid:~~2F~~2Fog.libertyglobal.com~~2F37500~~2FZ173250\"}]","icon":"https:\/\/staticqbr-nl-prod.prod.cdn.dmdsdp.com\/image-service\/ImagesEPG\/OndemandImages\/OBO\/GI\/crid~~3A~~2F~~2Fog.libertyglobal.com~~2F37500~~2FHISTORYSGREATESTMYSTERIES\/9458cdac96f0a873266c7e20b367c4bd.jpg","category":"","vidcollection":"","ord":"57","datum":"19700101"},"crid:~~2F~~2Fog.libertyglobal.com~~2F37500~~2FHOMICIDEHUNTER":{"id":"crid:~~2F~~2Fog.libertyglobal.com~~2F37500~~2FHOMICIDEHUNTER","title":"Homicide Hunter","first":"H","description":"","duration":"0","type":"show","seasons":"[{\"seriesNumber\":7,\"id\":\"crid:~~2F~~2Fog.libertyglobal.com~~2F37500~~2FZ172351\"}]","icon":"https:\/\/staticqbr-nl-prod.prod.cdn.dmdsdp.com\/image-service\/ImagesEPG\/OndemandImages\/OBO\/GI\/crid~~3A~~2F~~2Fog.libertyglobal.com~~2F37500~~2FHOMICIDEHUNTER\/e9b330abf9c9d9157ce0240b4edb0203.jpg","category":"","vidcollection":"","ord":"58","datum":"19700101"},"crid:~~2F~~2Fog.libertyglobal.com~~2F37500~~2FISURVIVEDACRIME":{"id":"crid:~~2F~~2Fog.libertyglobal.com~~2F37500~~2FISURVIVEDACRIME","title":"I Survived A Crime","first":"I","description":"","duration":"0","type":"show","seasons":"[{\"seriesNumber\":1,\"id\":\"crid:~~2F~~2Fog.libertyglobal.com~~2F37500~~2FZ172352\"}]","icon":"https:\/\/staticqbr-nl-prod.prod.cdn.dmdsdp.com\/image-service\/ImagesEPG\/OndemandImages\/OBO\/GI\/crid~~3A~~2F~~2Fog.libertyglobal.com~~2F37500~~2FISURVIVEDACRIME\/836130e6e42f464745ea07e83ac96b10.jpg","category":"","vidcollection":"","ord":"64","datum":"19700101"},"crid:~~2F~~2Fog.libertyglobal.com~~2F37500~~2FINSIDEAMYSCHUMER":{"id":"crid:~~2F~~2Fog.libertyglobal.com~~2F37500~~2FINSIDEAMYSCHUMER","title":"Inside Amy Schumer","first":"I","description":"","duration":"0","type":"show","seasons":"[{\"seriesNumber\":1,\"id\":\"crid:~~2F~~2Fog.libertyglobal.com~~2F37500~~2FZ174405\"}]","icon":"https:\/\/staticqbr-nl-prod.prod.cdn.dmdsdp.com\/image-service\/ImagesEPG\/OndemandImages\/OBO\/GI\/crid~~3A~~2F~~2Fog.libertyglobal.com~~2F37500~~2FINSIDEAMYSCHUMER\/8bca7dd90743a27e62724279e6bbc7a0.jpg","category":"","vidcollection":"","ord":"61","datum":"19700101"},"crid:~~2F~~2Fog.libertyglobal.com~~2F37500~~2FJERSEYSHOREFAMILYVACATION":{"id":"crid:~~2F~~2Fog.libertyglobal.com~~2F37500~~2FJERSEYSHOREFAMILYVACATION","title":"Jersey Shore Family Vacation","first":"J","description":"","duration":"0","type":"show","seasons":"[{\"seriesNumber\":4,\"id\":\"crid:~~2F~~2Fog.libertyglobal.com~~2F37500~~2FZ175554\"}]","icon":"https:\/\/staticqbr-nl-prod.prod.cdn.dmdsdp.com\/image-service\/ImagesEPG\/OndemandImages\/OBO\/GI\/crid~~3A~~2F~~2Fog.libertyglobal.com~~2F37500~~2FJERSEYSHOREFAMILYVACATION\/e8b46e9be8ea119fbdd53073ebd72e41.jpg","category":"","vidcollection":"","ord":"65","datum":"19700101"},"crid:~~2F~~2Fog.libertyglobal.com~~2F37500~~2FKILLERKIDS":{"id":"crid:~~2F~~2Fog.libertyglobal.com~~2F37500~~2FKILLERKIDS","title":"Killer Kids","first":"K","description":"","duration":"0","type":"show","seasons":"[{\"seriesNumber\":3,\"id\":\"crid:~~2F~~2Fog.libertyglobal.com~~2F37500~~2FZ173253\"}]","icon":"https:\/\/staticqbr-nl-prod.prod.cdn.dmdsdp.com\/image-service\/ImagesEPG\/OndemandImages\/OBO\/GI\/crid~~3A~~2F~~2Fog.libertyglobal.com~~2F37500~~2FKILLERKIDS\/2324eb4c29c3e21a0e7382f724e3eba5.jpg","category":"","vidcollection":"","ord":"68","datum":"19700101"},"crid:~~2F~~2Fog.libertyglobal.com~~2F37500~~2FLEONARDO":{"id":"crid:~~2F~~2Fog.libertyglobal.com~~2F37500~~2FLEONARDO","title":"Leonardo","first":"L","description":"Een meeslepende kijk op \u00e9\u00e9n van de meest briljante mannen aller tijden, kunstenaar en uitvinder Leonardo da Vinci. Zijn leven, zijn werk en zijn persoonlijke problemen raken verwikkeld wanneer hij wordt beschuldigd van een moord.","duration":"0","type":"show","seasons":"[{\"seriesNumber\":1,\"id\":\"crid:~~2F~~2Fog.libertyglobal.com~~2F37500~~2FZ173265\"}]","icon":"https:\/\/staticqbr-nl-prod.prod.cdn.dmdsdp.com\/image-service\/ImagesEPG\/OndemandImages\/OBO\/GI\/crid~~3A~~2F~~2Fog.libertyglobal.com~~2F37500~~2FLEONARDO\/8f3dfc09faa3511985eaff9b10391332.jpg","category":"Drama, Melodrama","vidcollection":"","ord":"69","datum":"19700101"},"crid:~~2F~~2Fog.libertyglobal.com~~2F37500~~2FLIBERTY":{"id":"crid:~~2F~~2Fog.libertyglobal.com~~2F37500~~2FLIBERTY","title":"Liberty","first":"L","description":"","duration":"0","type":"show","seasons":"[{\"seriesNumber\":1,\"id\":\"crid:~~2F~~2Fog.libertyglobal.com~~2F37500~~2FZ175411\"}]","icon":"https:\/\/staticqbr-nl-prod.prod.cdn.dmdsdp.com\/image-service\/ImagesEPG\/OndemandImages\/OBO\/GI\/crid~~3A~~2F~~2Fog.libertyglobal.com~~2F37500~~2FLIBERTY\/aecf1a049ae4d565aa080a61664710e9.jpg","category":"","vidcollection":"","ord":"70","datum":"19700101"},"crid:~~2F~~2Fog.libertyglobal.com~~2F37500~~2FLIJN32":{"id":"crid:~~2F~~2Fog.libertyglobal.com~~2F37500~~2FLIJN32","title":"Lijn 32","first":"L","description":"Tien ogenschijnlijk willekeurige passagiers stappen in een bus die explodeert, waarbij een auto met een inlichtingenagent en een gerechtsgebouw waar een politicus getuigt in een racisme- en mishandelingszaak worden opgeblazen.","duration":"0","type":"show","seasons":"[{\"seriesNumber\":1,\"id\":\"crid:~~2F~~2Fog.libertyglobal.com~~2F37500~~2FZ171756\"}]","icon":"https:\/\/staticqbr-nl-prod.prod.cdn.dmdsdp.com\/image-service\/ImagesEPG\/OndemandImages\/OBO\/GI\/crid~~3A~~2F~~2Fog.libertyglobal.com~~2F37500~~2FLIJN32\/eed469414f3490148eb0784e08a8ee1b.jpg","category":"Dramaseries, Melodrama","vidcollection":"","ord":"71","datum":"19700101"},"crid:~~2F~~2Fog.libertyglobal.com~~2F37500~~2FLIVINGALIE":{"id":"crid:~~2F~~2Fog.libertyglobal.com~~2F37500~~2FLIVINGALIE","title":"Living a Lie","first":"L","description":"Politieke dramaserie uit Wales.","duration":"0","type":"show","seasons":"[{\"seriesNumber\":1,\"id\":\"crid:~~2F~~2Fog.libertyglobal.com~~2F37500~~2FZ153127\"},{\"seriesNumber\":2,\"id\":\"crid:~~2F~~2Fog.libertyglobal.com~~2F37500~~2FZ153128\"}]","icon":"https:\/\/staticqbr-nl-prod.prod.cdn.dmdsdp.com\/image-service\/ImagesEPG\/OndemandImages\/OBO\/GI\/crid~~3A~~2F~~2Fog.libertyglobal.com~~2F37500~~2FLIVINGALIE\/23e2ad866f625f06ae91e4e0a8be74ff.jpg","category":"Documentaire, Reality-tv","vidcollection":"","ord":"72","datum":"19700101"},"crid:~~2F~~2Fog.libertyglobal.com~~2F37500~~2FLOSTRELICSOFTHEKNIGHTSTEMPLAR":{"id":"crid:~~2F~~2Fog.libertyglobal.com~~2F37500~~2FLOSTRELICSOFTHEKNIGHTSTEMPLAR","title":"Lost Relics Of The Knights Templar","first":"L","description":"","duration":"0","type":"show","seasons":"[{\"seriesNumber\":1,\"id\":\"crid:~~2F~~2Fog.libertyglobal.com~~2F37500~~2FZ172353\"}]","icon":"https:\/\/staticqbr-nl-prod.prod.cdn.dmdsdp.com\/image-service\/ImagesEPG\/OndemandImages\/OBO\/GI\/crid~~3A~~2F~~2Fog.libertyglobal.com~~2F37500~~2FLOSTRELICSOFTHEKNIGHTSTEMPLAR\/ede0668cf44b0986c72d48c94633321b.jpg","category":"","vidcollection":"","ord":"73","datum":"19700101"},"crid:~~2F~~2Fog.libertyglobal.com~~2F38600~~2FMACROWORLDS":{"id":"crid:~~2F~~2Fog.libertyglobal.com~~2F38600~~2FMACROWORLDS","title":"Macro Worlds","first":"M","description":"","duration":"0","type":"show","seasons":"[{\"seriesNumber\":1,\"id\":\"crid:~~2F~~2Fog.libertyglobal.com~~2F38600~~2FZ150993\"}]","icon":"https:\/\/staticqbr-nl-prod.prod.cdn.dmdsdp.com\/image-service\/ImagesEPG\/OndemandImages\/OBO\/GI\/crid~~3A~~2F~~2Fog.libertyglobal.com~~2F38600~~2FMACROWORLDS\/cd0fea28d554f10da23db112338e5527.jpg","category":"","vidcollection":"","ord":"75","datum":"19700101"},"crid:~~2F~~2Fog.libertyglobal.com~~2F37500~~2FMANHUNT":{"id":"crid:~~2F~~2Fog.libertyglobal.com~~2F37500~~2FMANHUNT","title":"Manhunt","first":"M","description":"","duration":"0","type":"show","seasons":"[{\"seriesNumber\":1,\"id\":\"crid:~~2F~~2Fog.libertyglobal.com~~2F37500~~2FZ176404\"}]","icon":"https:\/\/staticqbr-nl-prod.prod.cdn.dmdsdp.com\/image-service\/ImagesEPG\/OndemandImages\/OBO\/GI\/crid~~3A~~2F~~2Fog.libertyglobal.com~~2F37500~~2FMANHUNT\/8d04838d0cdf6110e67ec388a711c60d.jpg","category":"","vidcollection":"","ord":"77","datum":"19700101"},"crid:~~2F~~2Fog.libertyglobal.com~~2F37500~~2FMENINKILTSAROADTRIPWITHSAMANDGRAHAM":{"id":"crid:~~2F~~2Fog.libertyglobal.com~~2F37500~~2FMENINKILTSAROADTRIPWITHSAMANDGRAHAM","title":"Men in Kilts","first":"M","description":"Acteurs Sam Heughan en Graham McTavish van de serie Outlander gaan samen op een road trip door Schotland om het rijke en complexe erfgoed van hun geboorteland te ontdekken.","duration":"0","type":"show","seasons":"[{\"seriesNumber\":1,\"id\":\"crid:~~2F~~2Fog.libertyglobal.com~~2F37500~~2FZ174575\"}]","icon":"https:\/\/staticqbr-nl-prod.prod.cdn.dmdsdp.com\/image-service\/ImagesEPG\/OndemandImages\/OBO\/GI\/crid~~3A~~2F~~2Fog.libertyglobal.com~~2F37500~~2FMENINKILTSAROADTRIPWITHSAMANDGRAHAM\/7787e8b3a20620423e83314df8fe6b8d.jpg","category":"Reizen","vidcollection":"","ord":"78","datum":"19700101"},"crid:~~2F~~2Fog.libertyglobal.com~~2F38600~~2FMONKEYISLAND":{"id":"crid:~~2F~~2Fog.libertyglobal.com~~2F38600~~2FMONKEYISLAND","title":"Monkey Island","first":"M","description":"","duration":"0","type":"show","seasons":"[{\"seriesNumber\":1,\"id\":\"crid:~~2F~~2Fog.libertyglobal.com~~2F38600~~2FZ150997\"}]","icon":"https:\/\/staticqbr-nl-prod.prod.cdn.dmdsdp.com\/image-service\/ImagesEPG\/OndemandImages\/OBO\/GI\/crid~~3A~~2F~~2Fog.libertyglobal.com~~2F38600~~2FMONKEYISLAND\/169663b91c5217044b662e6b47563b8e.jpg","category":"","vidcollection":"","ord":"79","datum":"19700101"},"crid:~~2F~~2Fog.libertyglobal.com~~2F37500~~2FNATHANFORYOU":{"id":"crid:~~2F~~2Fog.libertyglobal.com~~2F37500~~2FNATHANFORYOU","title":"Nathan For You","first":"N","description":"","duration":"0","type":"show","seasons":"[{\"seriesNumber\":1,\"id\":\"crid:~~2F~~2Fog.libertyglobal.com~~2F37500~~2FZ174433\"},{\"seriesNumber\":2,\"id\":\"crid:~~2F~~2Fog.libertyglobal.com~~2F37500~~2FZ175556\"}]","icon":"https:\/\/staticqbr-nl-prod.prod.cdn.dmdsdp.com\/image-service\/ImagesEPG\/OndemandImages\/OBO\/GI\/crid~~3A~~2F~~2Fog.libertyglobal.com~~2F37500~~2FNATHANFORYOU\/31497cc0f6b0d6205c0bb90eeae809bd.jpg","category":"","vidcollection":"","ord":"82","datum":"19700101"},"crid:~~2F~~2Fog.libertyglobal.com~~2F37500~~2FNEWNURSESTHE":{"id":"crid:~~2F~~2Fog.libertyglobal.com~~2F37500~~2FNEWNURSESTHE","title":"New Nurses, The","first":"N","description":"Liefde, gezondheid, ziektes en examenstress in een Deens ziekenhuis in de jaren '50. Eric en Anna zijn de eersten die aangenomen worden bij een verpleegkundigenopleiding waarbij zowel mannen als vrouwen opgeleid worden.","duration":"0","type":"show","seasons":"[{\"seriesNumber\":1,\"id\":\"crid:~~2F~~2Fog.libertyglobal.com~~2F37500~~2FZ153593\"},{\"seriesNumber\":2,\"id\":\"crid:~~2F~~2Fog.libertyglobal.com~~2F37500~~2FZ153594\"},{\"seriesNumber\":3,\"id\":\"crid:~~2F~~2Fog.libertyglobal.com~~2F37500~~2FZ165022\"},{\"seriesNumber\":4,\"id\":\"crid:~~2F~~2Fog.libertyglobal.com~~2F37500~~2FZ165023\"}]","icon":"https:\/\/staticqbr-nl-prod.prod.cdn.dmdsdp.com\/image-service\/ImagesEPG\/OndemandImages\/OBO\/GI\/crid~~3A~~2F~~2Fog.libertyglobal.com~~2F37500~~2FNEWNURSESTHE\/ab51341f14f03ed4d2275dbc98b41b2c.jpg","category":"Dramaseries, Melodrama","vidcollection":"","ord":"83","datum":"19700101"},"crid:~~2F~~2Fog.libertyglobal.com~~2F37500~~2FNORTHWATERTHE":{"id":"crid:~~2F~~2Fog.libertyglobal.com~~2F37500~~2FNORTHWATERTHE","title":"North Water, The","first":"N","description":"Patrick Sumner hoopt te ontsnappen aan de gruwelen uit zijn verleden en meldt zich aan als scheepschirurgijn op een Arctische walvisexpeditie. Maar het leven aan boord en de bemanning blijkt al even bruut als de omgeving.","duration":"0","type":"show","seasons":"[{\"seriesNumber\":1,\"id\":\"crid:~~2F~~2Fog.libertyglobal.com~~2F37500~~2FZ174797\"}]","icon":"https:\/\/staticqbr-nl-prod.prod.cdn.dmdsdp.com\/image-service\/ImagesEPG\/OndemandImages\/OBO\/GI\/crid~~3A~~2F~~2Fog.libertyglobal.com~~2F37500~~2FNORTHWATERTHE\/4434e21c63fca16b0e886a60f1ec5e4d.jpg","category":"Dramaseries, Actie, Film, Avontuur","vidcollection":"","ord":"85","datum":"19700101"},"crid:~~2F~~2Fog.libertyglobal.com~~2F37500~~2FOUTLANDER":{"id":"crid:~~2F~~2Fog.libertyglobal.com~~2F37500~~2FOUTLANDER","title":"Outlander","first":"O","description":"Claire en Jamie hebben samen een thuis opgebouwd op Fraser's Ridge. Nu moeten ze hun thuis verdedigen, niet alleen tegen krachten van buitenaf, maar ook tegen de toenemende conflicten binnen de gemeenschap die ze onder hun hoede hebben.","duration":"0","type":"show","seasons":"[{\"seriesNumber\":6,\"id\":\"crid:~~2F~~2Fog.libertyglobal.com~~2F37500~~2FZ174576\"}]","icon":"https:\/\/staticqbr-nl-prod.prod.cdn.dmdsdp.com\/image-service\/ImagesEPG\/OndemandImages\/OBO\/GI\/crid~~3A~~2F~~2Fog.libertyglobal.com~~2F37500~~2FOUTLANDER\/adfe425ab7ae1c172d1a243f91b92881.jpg","category":"Dramaseries, Historisch","vidcollection":"","ord":"88","datum":"19700101"},"crid:~~2F~~2Fog.libertyglobal.com~~2F37500~~2FPEN15":{"id":"crid:~~2F~~2Fog.libertyglobal.com~~2F37500~~2FPEN15","title":"PEN15","first":"P","description":"","duration":"0","type":"show","seasons":"[{\"seriesNumber\":1,\"id\":\"crid:~~2F~~2Fog.libertyglobal.com~~2F37500~~2FZ151644\"}]","icon":"https:\/\/staticqbr-nl-prod.prod.cdn.dmdsdp.com\/image-service\/ImagesEPG\/OndemandImages\/OBO\/GI\/crid~~3A~~2F~~2Fog.libertyglobal.com~~2F37500~~2FPEN15\/cd20a315dc1eabd04a34e47d35fd33cf.jpg","category":"","vidcollection":"","ord":"90","datum":"19700101"},"crid:~~2F~~2Fog.libertyglobal.com~~2F37500~~2FRESIDENTALIEN":{"id":"crid:~~2F~~2Fog.libertyglobal.com~~2F37500~~2FRESIDENTALIEN","title":"Resident Alien","first":"R","description":"Resident Alien volgt een buitenaards wezen dat de identiteit moet aannemen van een dokter in een klein stadje in het Amerikaanse Colorado en een manier moet zien te vinden om zich aan te passen aan de plaatselijke menselijke bevolking.","duration":"0","type":"show","seasons":"[{\"seriesNumber\":1,\"id\":\"crid:~~2F~~2Fog.libertyglobal.com~~2F37500~~2FZ168439\"}]","icon":"https:\/\/staticqbr-nl-prod.prod.cdn.dmdsdp.com\/image-service\/ImagesEPG\/OndemandImages\/OBO\/GI\/crid~~3A~~2F~~2Fog.libertyglobal.com~~2F37500~~2FRESIDENTALIEN\/194d7d2c38e595058d6563c4a033b948.jpg","category":"Sitcoms","vidcollection":"","ord":"94","datum":"19700101"},"crid:~~2F~~2Fog.libertyglobal.com~~2F37500~~2FRIDICULOUSNESS":{"id":"crid:~~2F~~2Fog.libertyglobal.com~~2F37500~~2FRIDICULOUSNESS","title":"Ridiculousness","first":"R","description":"","duration":"0","type":"show","seasons":"[{\"seriesNumber\":9,\"id\":\"crid:~~2F~~2Fog.libertyglobal.com~~2F37500~~2FZ175557\"}]","icon":"https:\/\/staticqbr-nl-prod.prod.cdn.dmdsdp.com\/image-service\/ImagesEPG\/OndemandImages\/OBO\/GI\/crid~~3A~~2F~~2Fog.libertyglobal.com~~2F37500~~2FRIDICULOUSNESS\/ef0279b1789594c3a1ab8ce1fb0a7dc6.jpg","category":"","vidcollection":"","ord":"95","datum":"19700101"},"crid:~~2F~~2Fog.libertyglobal.com~~2F37500~~2FROOKTHE":{"id":"crid:~~2F~~2Fog.libertyglobal.com~~2F37500~~2FROOKTHE","title":"Rook, The","first":"R","description":"Wanneer een vrouw wakker wordt omringd door lijken en zich niets kan herinneren, moet ze om de waarheid te achterhalen haar mysterieuze verleden zien te ontrafelen.","duration":"0","type":"show","seasons":"[{\"seriesNumber\":1,\"id\":\"crid:~~2F~~2Fog.libertyglobal.com~~2F37500~~2FZ152995\"}]","icon":"https:\/\/staticqbr-nl-prod.prod.cdn.dmdsdp.com\/image-service\/ImagesEPG\/OndemandImages\/OBO\/GI\/crid~~3A~~2F~~2Fog.libertyglobal.com~~2F37500~~2FROOKTHE\/0b590152a7a5b7fd25e6691ef9a189ef.jpg","category":"Dramaseries, Thriller","vidcollection":"","ord":"96","datum":"19700101"},"crid:~~2F~~2Fog.libertyglobal.com~~2F38600~~2FROOKTHE":{"id":"crid:~~2F~~2Fog.libertyglobal.com~~2F38600~~2FROOKTHE","title":"Rook, The","first":"R","description":"","duration":"0","type":"show","seasons":"[{\"seriesNumber\":1,\"id\":\"crid:~~2F~~2Fog.libertyglobal.com~~2F38600~~2FZ152995\"}]","icon":"https:\/\/staticqbr-nl-prod.prod.cdn.dmdsdp.com\/image-service\/ImagesEPG\/OndemandImages\/OBO\/GI\/crid~~3A~~2F~~2Fog.libertyglobal.com~~2F38600~~2FROOKTHE\/0b590152a7a5b7fd25e6691ef9a189ef.jpg","category":"","vidcollection":"","ord":"97","datum":"19700101"},"crid:~~2F~~2Fog.libertyglobal.com~~2F37500~~2FSWAT":{"id":"crid:~~2F~~2Fog.libertyglobal.com~~2F37500~~2FSWAT","title":"S.W.A.T.","first":"S","description":"Luitenant Daniel 'Hondo' Harrelson leidt een elite eenheid in de gemeenschap waar hij opgroeide in Los Angeles. Verscheurd tussen loyaliteit aan de straat en zijn plicht naar zijn broers in blauw, probeert hij de juiste keuzes te maken.","duration":"0","type":"show","seasons":"[{\"seriesNumber\":1,\"id\":\"crid:~~2F~~2Fog.libertyglobal.com~~2F37500~~2FZ153006\"},{\"seriesNumber\":2,\"id\":\"crid:~~2F~~2Fog.libertyglobal.com~~2F37500~~2FZ162095\"},{\"seriesNumber\":3,\"id\":\"crid:~~2F~~2Fog.libertyglobal.com~~2F37500~~2FZ170376\"}]","icon":"https:\/\/staticqbr-nl-prod.prod.cdn.dmdsdp.com\/image-service\/ImagesEPG\/OndemandImages\/OBO\/GI\/crid~~3A~~2F~~2Fog.libertyglobal.com~~2F37500~~2FSWAT\/54ea7f84803bfa6cb1df8c85d5e828be.jpg","category":"Dramaseries, Misdaad","vidcollection":"","ord":"98","datum":"19700101"},"crid:~~2F~~2Fog.libertyglobal.com~~2F37500~~2FSIESTAKEY":{"id":"crid:~~2F~~2Fog.libertyglobal.com~~2F37500~~2FSIESTAKEY","title":"Siesta Key","first":"S","description":"","duration":"0","type":"show","seasons":"[{\"seriesNumber\":13,\"id\":\"crid:~~2F~~2Fog.libertyglobal.com~~2F37500~~2FZ175559\"}]","icon":"https:\/\/staticqbr-nl-prod.prod.cdn.dmdsdp.com\/image-service\/ImagesEPG\/OndemandImages\/OBO\/GI\/crid~~3A~~2F~~2Fog.libertyglobal.com~~2F37500~~2FSIESTAKEY\/ca7c369b902da7a1325848755ca7bf3f.jpg","category":"","vidcollection":"","ord":"101","datum":"19700101"},"crid:~~2F~~2Fog.libertyglobal.com~~2F37500~~2FSILENTWITNESS":{"id":"crid:~~2F~~2Fog.libertyglobal.com~~2F37500~~2FSILENTWITNESS","title":"Silent Witness","first":"S","description":"","duration":"0","type":"show","seasons":"[{\"seriesNumber\":13,\"id\":\"crid:~~2F~~2Fog.libertyglobal.com~~2F37500~~2FZ172253\"},{\"seriesNumber\":14,\"id\":\"crid:~~2F~~2Fog.libertyglobal.com~~2F37500~~2FZ172780\"},{\"seriesNumber\":15,\"id\":\"crid:~~2F~~2Fog.libertyglobal.com~~2F37500~~2FZ173844\"}]","icon":"https:\/\/staticqbr-nl-prod.prod.cdn.dmdsdp.com\/image-service\/ImagesEPG\/OndemandImages\/OBO\/GI\/crid~~3A~~2F~~2Fog.libertyglobal.com~~2F37500~~2FSILENTWITNESS\/6eebf3b5265427b37bad6b2dddb81872.jpg","category":"","vidcollection":"","ord":"102","datum":"19700101"},"crid:~~2F~~2Fog.libertyglobal.com~~2F37500~~2FSISTERHOOD":{"id":"crid:~~2F~~2Fog.libertyglobal.com~~2F37500~~2FSISTERHOOD","title":"Sisterhood","first":"S","description":"Een veertienjarige verdwijnt spoorloos rond de eeuwwisseling. Vijfentwintig jaar later wordt haar lichaam ontdekt en moeten drie vrienden de gruwel van hun verleden onder ogen zien.","duration":"0","type":"show","seasons":"[{\"seriesNumber\":1,\"id\":\"crid:~~2F~~2Fog.libertyglobal.com~~2F37500~~2FZ172845\"}]","icon":"https:\/\/staticqbr-nl-prod.prod.cdn.dmdsdp.com\/image-service\/ImagesEPG\/OndemandImages\/OBO\/GI\/crid~~3A~~2F~~2Fog.libertyglobal.com~~2F37500~~2FSISTERHOOD\/49a322db70685a66d5045bea94c412e3.jpg","category":"Dramaseries, Melodrama","vidcollection":"","ord":"103","datum":"19700101"},"crid:~~2F~~2Fog.libertyglobal.com~~2F37500~~2FSKETCHARTISTTHE":{"id":"crid:~~2F~~2Fog.libertyglobal.com~~2F37500~~2FSKETCHARTISTTHE","title":"Sketch Artist, The","first":"S","description":"","duration":"0","type":"show","seasons":"[{\"seriesNumber\":1,\"id\":\"crid:~~2F~~2Fog.libertyglobal.com~~2F37500~~2FZ175062\"}]","icon":"https:\/\/staticqbr-nl-prod.prod.cdn.dmdsdp.com\/image-service\/ImagesEPG\/OndemandImages\/OBO\/GI\/crid~~3A~~2F~~2Fog.libertyglobal.com~~2F37500~~2FSKETCHARTISTTHE\/6bb7f1df821501ffdb6f83b53e18f092.jpg","category":"","vidcollection":"","ord":"104","datum":"19700101"},"crid:~~2F~~2Fog.libertyglobal.com~~2F37500~~2FSMOTHER":{"id":"crid:~~2F~~2Fog.libertyglobal.com~~2F37500~~2FSMOTHER","title":"Smother","first":"S","description":"","duration":"0","type":"show","seasons":"[{\"seriesNumber\":1,\"id\":\"crid:~~2F~~2Fog.libertyglobal.com~~2F37500~~2FZ176132\"}]","icon":"https:\/\/staticqbr-nl-prod.prod.cdn.dmdsdp.com\/image-service\/ImagesEPG\/OndemandImages\/OBO\/GI\/crid~~3A~~2F~~2Fog.libertyglobal.com~~2F37500~~2FSMOTHER\/e6fbe4bf8880fc96cc5f9fcdd6a2583f.jpg","category":"","vidcollection":"","ord":"105","datum":"19700101"},"crid:~~2F~~2Fog.libertyglobal.com~~2F37500~~2FSNOWANGELS":{"id":"crid:~~2F~~2Fog.libertyglobal.com~~2F37500~~2FSNOWANGELS","title":"Snow Angels","first":"S","description":"Twee dagen voor Kerstmis. Terwijl Zweden verlamd is door een sneeuwstorm, verdwijnt de vijf weken oude Lucas op onverklaarbare wijze uit zijn huis. De ervaren politieagente Alice denkt dat er iets niet klopt in de verhalen van de ouders.","duration":"0","type":"show","seasons":"[{\"seriesNumber\":1,\"id\":\"crid:~~2F~~2Fog.libertyglobal.com~~2F37500~~2FZ171796\"}]","icon":"https:\/\/staticqbr-nl-prod.prod.cdn.dmdsdp.com\/image-service\/ImagesEPG\/OndemandImages\/OBO\/GI\/crid~~3A~~2F~~2Fog.libertyglobal.com~~2F37500~~2FSNOWANGELS\/e000a7b7d7e6f2598dcced8a1c72d5cf.jpg","category":"Dramaseries, Misdaad","vidcollection":"","ord":"106","datum":"19700101"},"crid:~~2F~~2Fog.libertyglobal.com~~2F37500~~2FSPLITTHE":{"id":"crid:~~2F~~2Fog.libertyglobal.com~~2F37500~~2FSPLITTHE","title":"Split, The","first":"S","description":"","duration":"0","type":"show","seasons":"[{\"seriesNumber\":1,\"id\":\"crid:~~2F~~2Fog.libertyglobal.com~~2F37500~~2FZ147377\"}]","icon":"https:\/\/staticqbr-nl-prod.prod.cdn.dmdsdp.com\/image-service\/ImagesEPG\/OndemandImages\/OBO\/GI\/crid~~3A~~2F~~2Fog.libertyglobal.com~~2F37500~~2FSPLITTHE\/59b3eee0460dc716d949a20853ed8bff.jpg","category":"","vidcollection":"","ord":"107","datum":"19700101"},"crid:~~2F~~2Fog.libertyglobal.com~~2F37500~~2FTEENMOMAUSTRALIA":{"id":"crid:~~2F~~2Fog.libertyglobal.com~~2F37500~~2FTEENMOMAUSTRALIA","title":"Teen Mom Australia","first":"T","description":"","duration":"0","type":"show","seasons":"[{\"seriesNumber\":2,\"id\":\"crid:~~2F~~2Fog.libertyglobal.com~~2F37500~~2FZ174435\"}]","icon":"https:\/\/staticqbr-nl-prod.prod.cdn.dmdsdp.com\/image-service\/ImagesEPG\/OndemandImages\/OBO\/GI\/crid~~3A~~2F~~2Fog.libertyglobal.com~~2F37500~~2FTEENMOMAUSTRALIA\/4c0344293343a48f98c6116c63cb3504.jpg","category":"","vidcollection":"","ord":"111","datum":"19700101"},"crid:~~2F~~2Fog.libertyglobal.com~~2F37500~~2FTEENMOMOG":{"id":"crid:~~2F~~2Fog.libertyglobal.com~~2F37500~~2FTEENMOMOG","title":"Teen Mom OG","first":"T","description":"","duration":"0","type":"show","seasons":"[{\"seriesNumber\":6,\"id\":\"crid:~~2F~~2Fog.libertyglobal.com~~2F37500~~2FZ167282\"}]","icon":"https:\/\/staticqbr-nl-prod.prod.cdn.dmdsdp.com\/image-service\/ImagesEPG\/OndemandImages\/OBO\/GI\/crid~~3A~~2F~~2Fog.libertyglobal.com~~2F37500~~2FTEENMOMOG\/7e03e33afcccf7296ae6938c22c66d7c.jpg","category":"","vidcollection":"","ord":"112","datum":"19700101"},"crid:~~2F~~2Fog.libertyglobal.com~~2FGN~~2FSH042014330000_show":{"id":"crid:~~2F~~2Fog.libertyglobal.com~~2FGN~~2FSH042014330000_show","title":"The Heavy Water War","first":"T","description":"De Duitse Nobelprijswinnaar Werner Heisenberg leidt Hitlers geheime kernwapenprogramma. Voor het ontwikkelen van een kernbom heeft Heisenberg zwaar water nodig, een zeldzame stof die enkel in Noorwegen wordt geproduceerd.","duration":"0","type":"show","seasons":"[{\"seriesNumber\":1,\"id\":\"crid:~~2F~~2Fog.libertyglobal.com~~2FGN~~2F11387853_SH042014330000\"}]","icon":"https:\/\/staticqbr-nl-prod.prod.cdn.dmdsdp.com\/image-service\/Gracenote\/assets\/p11387824_b_v8_ah.jpg","category":"Historisch drama, Oorlog","vidcollection":"","ord":"53","datum":"19700101"},"crid:~~2F~~2Fog.libertyglobal.com~~2F37500~~2FTODOLOQUEMEGUSTA":{"id":"crid:~~2F~~2Fog.libertyglobal.com~~2F37500~~2FTODOLOQUEMEGUSTA","title":"Todo Lo Que Me Gusta","first":"T","description":"","duration":"0","type":"show","seasons":"[{\"seriesNumber\":1,\"id\":\"crid:~~2F~~2Fog.libertyglobal.com~~2F37500~~2FZ176054\"}]","icon":"https:\/\/staticqbr-nl-prod.prod.cdn.dmdsdp.com\/image-service\/ImagesEPG\/OndemandImages\/OBO\/GI\/crid~~3A~~2F~~2Fog.libertyglobal.com~~2F37500~~2FTODOLOQUEMEGUSTA\/77acb9f59d6d1b5b8c66a3e9a35b01aa.jpg","category":"","vidcollection":"","ord":"113","datum":"19700101"},"crid:~~2F~~2Fog.libertyglobal.com~~2F37500~~2FTOPDOG":{"id":"crid:~~2F~~2Fog.libertyglobal.com~~2F37500~~2FTOPDOG","title":"Top Dog","first":"T","description":"Emily Jansson is een ambitieuze advocate, Najdan Maksumic een ex-gevangene die na 10 jaar cel zijn leven weer op orde probeert te krijgen. Wanneer de CEO van een succesvol familiebedrijf verdwijnt, zetten ze samen hun tanden in de zaak.","duration":"0","type":"show","seasons":"[{\"seriesNumber\":1,\"id\":\"crid:~~2F~~2Fog.libertyglobal.com~~2F37500~~2FZ172846\"}]","icon":"https:\/\/staticqbr-nl-prod.prod.cdn.dmdsdp.com\/image-service\/ImagesEPG\/OndemandImages\/OBO\/GI\/crid~~3A~~2F~~2Fog.libertyglobal.com~~2F37500~~2FTOPDOG\/6ed702c751153e42c006ab252c8cf1fb.jpg","category":"Dramaseries, Thriller, Film, Thriller","vidcollection":"","ord":"114","datum":"19700101"},"crid:~~2F~~2Fog.libertyglobal.com~~2F37500~~2FTRUELIFECRIME":{"id":"crid:~~2F~~2Fog.libertyglobal.com~~2F37500~~2FTRUELIFECRIME","title":"True Life Crime","first":"T","description":"","duration":"0","type":"show","seasons":"[{\"seriesNumber\":2,\"id\":\"crid:~~2F~~2Fog.libertyglobal.com~~2F37500~~2FZ174445\"}]","icon":"https:\/\/staticqbr-nl-prod.prod.cdn.dmdsdp.com\/image-service\/ImagesEPG\/OndemandImages\/OBO\/GI\/crid~~3A~~2F~~2Fog.libertyglobal.com~~2F37500~~2FTRUELIFECRIME\/d2a339dacd335b783343089830dcde55.jpg","category":"","vidcollection":"","ord":"115","datum":"19700101"},"crid:~~2F~~2Fog.libertyglobal.com~~2F37500~~2FUNXPLAINEDTHE":{"id":"crid:~~2F~~2Fog.libertyglobal.com~~2F37500~~2FUNXPLAINEDTHE","title":"UnXplained, The","first":"U","description":"","duration":"0","type":"show","seasons":"[{\"seriesNumber\":1,\"id\":\"crid:~~2F~~2Fog.libertyglobal.com~~2F37500~~2FZ164261\"}]","icon":"https:\/\/staticqbr-nl-prod.prod.cdn.dmdsdp.com\/image-service\/ImagesEPG\/OndemandImages\/OBO\/GI\/crid~~3A~~2F~~2Fog.libertyglobal.com~~2F37500~~2FUNXPLAINEDTHE\/69802c06ed2bcc4701144e610483194c.jpg","category":"","vidcollection":"","ord":"116","datum":"19700101"},"crid:~~2F~~2Fog.libertyglobal.com~~2F37500~~2FWOKE":{"id":"crid:~~2F~~2Fog.libertyglobal.com~~2F37500~~2FWOKE","title":"Woke","first":"W","description":"Franse dramaserie over het leven van LHBT-activisten in Lyon.","duration":"0","type":"show","seasons":"[{\"seriesNumber\":1,\"id\":\"crid:~~2F~~2Fog.libertyglobal.com~~2F37500~~2FZ175261\"},{\"seriesNumber\":2,\"id\":\"crid:~~2F~~2Fog.libertyglobal.com~~2F37500~~2FZ175262\"}]","icon":"https:\/\/staticqbr-nl-prod.prod.cdn.dmdsdp.com\/image-service\/ImagesEPG\/OndemandImages\/OBO\/GI\/crid~~3A~~2F~~2Fog.libertyglobal.com~~2F37500~~2FWOKE\/b110b1be7c3e9a41b617ce1bed1e247a.jpg","category":"Documentaire, Reality-tv","vidcollection":"","ord":"119","datum":"19700101"},"crid:~~2F~~2Fog.libertyglobal.com~~2F37500~~2FZAAKMENTENDE":{"id":"crid:~~2F~~2Fog.libertyglobal.com~~2F37500~~2FZAAKMENTENDE","title":"Zaak Menten, De","first":"Z","description":"Journalist Hans Knoop wordt gewezen op de ernstige misdaden van Pieter Menten en besluit verhaal te gaan halen. Deze zaak zorgde in de jaren 70 voor veel reuring in zowel de media als de politiek. Gebaseerd op een waargebeurd verhaal.","duration":"0","type":"show","seasons":"[{\"seriesNumber\":1,\"id\":\"crid:~~2F~~2Fog.libertyglobal.com~~2F37500~~2FZ170253\"}]","icon":"https:\/\/staticqbr-nl-prod.prod.cdn.dmdsdp.com\/image-service\/ImagesEPG\/OndemandImages\/OBO\/GI\/crid~~3A~~2F~~2Fog.libertyglobal.com~~2F37500~~2FZAAKMENTENDE\/d19c9c2f98c616e2399447846e6f54af.jpg","category":"Dramaseries, Waargebeurd","vidcollection":"","ord":"122","datum":"19700101"},"crid:~~2F~~2Fog.libertyglobal.com~~2F38600~~2FZAMBIAUNTAMED":{"id":"crid:~~2F~~2Fog.libertyglobal.com~~2F38600~~2FZAMBIAUNTAMED","title":"Zambia Untamed","first":"Z","description":"","duration":"0","type":"show","seasons":"[{\"seriesNumber\":1,\"id\":\"crid:~~2F~~2Fog.libertyglobal.com~~2F38600~~2FZ151020\"}]","icon":"https:\/\/staticqbr-nl-prod.prod.cdn.dmdsdp.com\/image-service\/ImagesEPG\/OndemandImages\/OBO\/GI\/crid~~3A~~2F~~2Fog.libertyglobal.com~~2F38600~~2FZAMBIAUNTAMED\/2785045b1962e39b5854d84c9774c7ad.jpg","category":"","vidcollection":"","ord":"123","datum":"19700101"},"crid:~~2F~~2Fog.libertyglobal.com~~2F37500~~2FZIEMIJGRAAG":{"id":"crid:~~2F~~2Fog.libertyglobal.com~~2F37500~~2FZIEMIJGRAAG","title":"Zie Mij Graag","first":"Z","description":"Vlaamse humoristische serie over een vriendengroep die probeert het hoofd boven water te houden in het alledaagse (liefdes)leven.","duration":"0","type":"show","seasons":"[{\"seriesNumber\":1,\"id\":\"crid:~~2F~~2Fog.libertyglobal.com~~2F37500~~2FZ174094\"},{\"seriesNumber\":2,\"id\":\"crid:~~2F~~2Fog.libertyglobal.com~~2F37500~~2FZ174095\"},{\"seriesNumber\":3,\"id\":\"crid:~~2F~~2Fog.libertyglobal.com~~2F37500~~2FZ174945\"}]","icon":"https:\/\/staticqbr-nl-prod.prod.cdn.dmdsdp.com\/image-service\/ImagesEPG\/OndemandImages\/OBO\/GI\/crid~~3A~~2F~~2Fog.libertyglobal.com~~2F37500~~2FZIEMIJGRAAG\/2fd69fa27bc1bcee9f58e0f77e6fb165.jpg","category":"Film, Komedie","vidcollection":"","ord":"124","datum":"19700101"}}